Ticker,Date,Open,High,Low,Close,Volume,Realised_Vol_Close_30,Realised_Vol_Close_60,Realised_Vol_Close_100,Realised_Vol_Close_180,Realised_Vol_Close_252,Vol_of_Vol_100d,Vol_of_Vol_100d_Percentile,Kurtosis_Close_100d,Kurtosis_Returns_100d
LCII,1985-05-29,1.7220182418823242,1.9133536020914714,1.7220182418823242,1.7220182418823242,36960,,,,,,,,,
LCII,1985-05-30,1.7220182418823242,1.9133536020914714,1.7220182418823242,1.7220182418823242,63040,,,,,,,,,
LCII,1985-05-31,1.7220182418823242,1.9133536020914714,1.7220182418823242,1.7220182418823242,29320,,,,,,,,,
LCII,1985-06-03,1.7220182418823242,1.9133536020914714,1.7220182418823242,1.7220182418823242,27640,,,,,,,,,
LCII,1985-06-04,1.722018152475357,1.722018152475357,1.5306828022003174,1.5306828022003174,32720,,,,,,,,,
LCII,1985-06-05,1.5306828022003174,1.722018152475357,1.5306828022003174,1.5306828022003174,5360,,,,,,,,,
LCII,1985-06-06,1.7220182418823242,1.7220182418823242,1.7220182418823242,1.7220182418823242,5800,,,,,,,,,
LCII,1985-06-07,1.7220182418823242,1.7220182418823242,1.7220182418823242,1.7220182418823242,22040,,,,,,,,,
LCII,1985-06-10,1.7220182418823242,1.7220182418823242,1.7220182418823242,1.7220182418823242,21080,,,,,,,,,
LCII,1985-06-11,1.7220182418823242,1.7220182418823242,1.7220182418823242,1.7220182418823242,5840,,,,,,,,,
LCII,1985-06-12,1.7220182418823242,1.7220182418823242,1.7220182418823242,1.7220182418823242,4400,,,,,,,,,
LCII,1985-06-13,1.7220182418823242,1.7220182418823242,1.7220182418823242,1.7220182418823242,46640,,,,,,,,,
LCII,1985-06-14,1.7220182418823242,1.7220182418823242,1.7220182418823242,1.7220182418823242,2360,,,,,,,,,
LCII,1985-06-17,1.7220182418823242,1.7220182418823242,1.7220182418823242,1.7220182418823242,11320,,,,,,,,,
LCII,1985-06-18,1.722018152475357,1.722018152475357,1.5306828022003174,1.5306828022003174,62240,,,,,,,,,
LCII,1985-06-19,1.5306828022003174,1.722018152475357,1.5306828022003174,1.5306828022003174,17600,,,,,,,,,
LCII,1985-06-20,1.5306828022003174,1.722018152475357,1.5306828022003174,1.5306828022003174,21560,,,,,,,,,
LCII,1985-06-21,1.5306828022003174,1.722018152475357,1.5306828022003174,1.5306828022003174,14000,,,,,,,,,
LCII,1985-06-24,1.5306828362601144,1.5306828362601144,1.3393474817276,1.3393474817276,14360,,,,,,,,,
LCII,1985-06-25,1.3393474817276,1.5306828362601144,1.3393474817276,1.3393474817276,4200,,,,,,,,,
LCII,1985-06-26,1.3393474817276,1.5306828362601144,1.3393474817276,1.3393474817276,43320,,,,,,,,,
LCII,1985-06-27,1.5306828022003174,1.5306828022003174,1.5306828022003174,1.5306828022003174,9320,,,,,,,,,
LCII,1985-06-28,1.5306828022003174,1.5306828022003174,1.5306828022003174,1.5306828022003174,17280,,,,,,,,,
LCII,1985-07-01,1.5306828362601144,1.5306828362601144,1.3393474817276,1.3393474817276,23480,,,,,,,,,
LCII,1985-07-02,1.3393474817276,1.5306828362601144,1.3393474817276,1.3393474817276,13600,,,,,,,,,
LCII,1985-07-03,1.3393474817276,1.3393474817276,1.3393474817276,1.3393474817276,2760,,,,,,,,,
LCII,1985-07-05,1.3393474817276,1.3393474817276,1.1480121271950858,1.3393474817276,9120,,,,,,,,,
LCII,1985-07-08,1.3393474817276,1.3393474817276,1.1480121271950858,1.3393474817276,80720,,,,,,,,,
LCII,1985-07-09,1.3393474817276,1.3393474817276,1.1480121271950858,1.3393474817276,77080,,,,,,,,,
LCII,1985-07-10,1.3393476605415344,1.3393476605415344,1.1480122804641724,1.1480122804641724,11240,,,,,,,,,
LCII,1985-07-11,1.1480121271950858,1.3393474817276,1.1480121271950858,1.3393474817276,8400,110.5059565131105,,,,,,,,
LCII,1985-07-12,1.3393474817276,1.3393474817276,1.3393474817276,1.3393474817276,6320,110.5059565131105,,,,,,,,
LCII,1985-07-15,1.3393474817276,1.3393474817276,1.1480121271950858,1.3393474817276,10960,110.5059565131105,,,,,,,,
LCII,1985-07-16,1.3393476605415344,1.3393476605415344,1.1480122804641724,1.1480122804641724,9440,118.25050073256665,,,,,,,,
LCII,1985-07-17,1.1480122804641724,1.3393476605415344,1.1480122804641724,1.1480122804641724,4920,114.07959911112052,,,,,,,,
LCII,1985-07-18,1.1480122804641724,1.3393476605415344,1.1480122804641724,1.1480122804641724,7320,114.07959911112052,,,,,,,,
LCII,1985-07-19,1.1480121271950858,1.3393474817276,1.1480121271950858,1.3393474817276,2120,118.0266895279938,,,,,,,,
LCII,1985-07-22,1.3393474817276,1.3393474817276,1.1480121271950858,1.3393474817276,7440,118.0266895279938,,,,,,,,
LCII,1985-07-23,1.3393476605415344,1.3393476605415344,1.1480122804641724,1.1480122804641724,9160,125.30727807897955,,,,,,,,
LCII,1985-07-24,1.1480121271950858,1.3393474817276,1.1480121271950858,1.3393474817276,5840,134.3876449160857,,,,,,,,
LCII,1985-07-25,1.3393474817276,1.3393474817276,1.1480121271950858,1.3393474817276,7640,134.3876449160857,,,,,,,,
LCII,1985-07-26,1.3393474817276,1.3393474817276,1.1480121271950858,1.3393474817276,5040,134.3876449160857,,,,,,,,
LCII,1985-07-29,1.3393476605415344,1.3393476605415344,1.1480122804641724,1.1480122804641724,5640,140.82490406429255,,,,,,,,
LCII,1985-07-30,1.1480121271950858,1.3393474817276,1.1480121271950858,1.3393474817276,17440,148.9623401106683,,,,,,,,
LCII,1985-07-31,1.3393476605415344,1.3393476605415344,1.1480122804641724,1.1480122804641724,21440,151.6323424593939,,,,,,,,
LCII,1985-08-01,1.1480121271950858,1.3393474817276,1.1480121271950858,1.3393474817276,3240,158.88773069050904,,,,,,,,
LCII,1985-08-02,1.3393474817276,1.3393474817276,1.1480121271950858,1.3393474817276,4320,158.88773069050904,,,,,,,,
LCII,1985-08-05,1.3393476605415344,1.3393476605415344,1.1480122804641724,1.1480122804641724,10480,164.687907706903,,,,,,,,
LCII,1985-08-06,1.1480122804641724,1.3393476605415344,1.1480122804641724,1.1480122804641724,14080,160.4480574664098,,,,,,,,
LCII,1985-08-07,1.1480122804641724,1.3393476605415344,1.1480122804641724,1.1480122804641724,2480,160.4480574664098,,,,,,,,
LCII,1985-08-08,1.1480121271950858,1.3393474817276,1.1480121271950858,1.3393474817276,12120,166.9649004184437,,,,,,,,
LCII,1985-08-09,1.3393476605415344,1.3393476605415344,1.1480122804641724,1.1480122804641724,12080,167.78857717144507,,,,,,,,
LCII,1985-08-12,1.1480122804641724,1.3393476605415344,1.1480122804641724,1.1480122804641724,3240,167.78857717144507,,,,,,,,
LCII,1985-08-13,1.1480121271950858,1.3393474817276,1.1480121271950858,1.3393474817276,2120,170.02405022843504,,,,,,,,
LCII,1985-08-14,1.3393474817276,1.3393474817276,1.1480121271950858,1.3393474817276,2840,170.02405022843504,,,,,,,,
LCII,1985-08-15,1.3393476605415344,1.3393476605415344,1.1480122804641724,1.1480122804641724,4680,175.7959569905958,,,,,,,,
LCII,1985-08-16,1.1480121271950858,1.3393474817276,1.1480121271950858,1.3393474817276,8720,181.7633552761279,,,,,,,,
LCII,1985-08-19,1.3393476605415344,1.3393476605415344,1.1480122804641724,1.1480122804641724,4440,187.17360433403505,,,,,,,,
LCII,1985-08-20,1.1480122804641724,1.1480122804641724,1.1480122804641724,1.1480122804641724,3720,187.17360433403505,,,,,,,,
LCII,1985-08-21,1.1480122804641724,1.3393476605415344,1.1480122804641724,1.1480122804641724,10200,181.7633552761279,,,,,,,,
LCII,1985-08-22,1.1480122804641724,1.1480122804641724,1.1480122804641724,1.1480122804641724,9520,175.7959569905958,145.59953653625536,,,,,,,
LCII,1985-08-23,1.1480122804641724,1.1480122804641724,1.1480122804641724,1.1480122804641724,1600,175.7959569905958,145.59953653625536,,,,,,,
LCII,1985-08-26,1.1480122804641724,1.1480122804641724,1.1480122804641724,1.1480122804641724,1200,175.7959569905958,145.59953653625536,,,,,,,
LCII,1985-08-27,1.1480122804641724,1.1480122804641724,1.1480122804641724,1.1480122804641724,24280,170.02405022843504,145.59953653625536,,,,,,,
LCII,1985-08-28,1.1480122804641724,1.1480122804641724,1.1480122804641724,1.1480122804641724,15840,170.02405022843504,143.75258890943152,,,,,,,
LCII,1985-08-29,1.1480121271950858,1.3393474817276,1.1480121271950858,1.3393474817276,15520,175.7959569905958,147.39730111974896,,,,,,,
LCII,1985-08-30,1.3393474817276,1.3393474817276,1.1480121271950858,1.3393474817276,22880,170.02405022843504,145.26238749348127,,,,,,,
LCII,1985-09-03,1.3393476605415344,1.3393476605415344,1.1480122804641724,1.1480122804641724,15920,175.7959569905958,148.4723072278731,,,,,,,
LCII,1985-09-04,1.1480122804641724,1.3393476605415344,1.1480122804641724,1.1480122804641724,1120,170.02405022843504,148.4723072278731,,,,,,,
LCII,1985-09-05,1.1480122804641724,1.3393476605415344,1.1480122804641724,1.1480122804641724,4800,163.6290891898043,148.4723072278731,,,,,,,
LCII,1985-09-06,1.1480122804641724,1.3393476605415344,1.1480122804641724,1.1480122804641724,14240,163.6290891898043,148.4723072278731,,,,,,,
LCII,1985-09-09,1.1480122804641724,1.3393476605415344,1.1480122804641724,1.1480122804641724,24400,163.6290891898043,148.4723072278731,,,,,,,
LCII,1985-09-10,1.1480122804641724,1.3393476605415344,1.1480122804641724,1.1480122804641724,12280,157.41168314622306,148.4723072278731,,,,,,,
LCII,1985-09-11,1.1480121271950858,1.3393474817276,1.1480121271950858,1.3393474817276,19880,157.41168314622306,152.08889919751232,,,,,,,
LCII,1985-09-12,1.3393476605415344,1.3393476605415344,1.1480122804641724,1.1480122804641724,3560,157.41168314622306,153.42581214047507,,,,,,,
LCII,1985-09-13,1.1480122804641724,1.3393476605415344,1.1480122804641724,1.1480122804641724,15560,150.48169046076816,153.42581214047507,,,,,,,
LCII,1985-09-16,1.1480121271950858,1.3393474817276,1.1480121271950858,1.3393474817276,56680,157.41168314622306,156.84590332611904,,,,,,,
LCII,1985-09-17,1.3393474817276,1.5306828362601144,1.3393474817276,1.3393474817276,32600,150.48169046076816,156.84590332611904,,,,,,,
LCII,1985-09-18,1.3393474817276,1.3393474817276,1.3393474817276,1.3393474817276,33960,150.48169046076816,154.4401212816462,,,,,,,
LCII,1985-09-19,1.3393474817276,1.3393474817276,1.3393474817276,1.3393474817276,8400,150.48169046076816,154.4401212816462,,,,,,,
LCII,1985-09-20,1.3393474817276,1.3393474817276,1.3393474817276,1.3393474817276,19600,143.6965494567369,154.4401212816462,,,,,,,
LCII,1985-09-23,1.3393474817276,1.3393474817276,1.1480121271950858,1.3393474817276,20480,136.06983316950144,151.91273401380457,,,,,,,
LCII,1985-09-24,1.3393476605415344,1.3393476605415344,1.1480122804641724,1.1480122804641724,4960,143.6965494567369,155.0683502044558,,,,,,,
LCII,1985-09-25,1.1480122804641724,1.1480122804641724,1.1480122804641724,1.1480122804641724,1360,136.06983316950144,152.730523622265,,,,,,,
LCII,1985-09-26,1.1480122804641724,1.1480122804641724,1.1480122804641724,1.1480122804641724,14560,136.06983316950144,152.730523622265,,,,,,,
LCII,1985-09-30,1.1480122804641724,1.3393476605415344,1.1480122804641724,1.1480122804641724,8680,128.52610108696967,152.730523622265,,,,,,,
LCII,1985-10-01,1.1480122804641724,1.1480122804641724,1.1480122804641724,1.1480122804641724,26480,119.93856691498969,152.730523622265,,,,,,,
LCII,1985-10-02,1.1480122804641724,1.1480122804641724,0.9566769003868103,1.1480122804641724,11200,111.30686859068248,152.730523622265,,,,,,,
LCII,1985-10-03,1.1480122089385985,1.1480122089385985,0.7653414726257324,0.9566768407821655,26920,123.21313854399052,157.10737804858314,,,,,,,
LCII,1985-10-04,0.9566768407821655,0.9566768407821655,0.7653414726257324,0.9566768407821655,47640,123.21313854399052,154.02831455304187,,,,,,,
LCII,1985-10-07,0.9566769003868103,1.1480122804641724,0.7653415203094482,1.1480122804641724,37240,134.78243793972112,155.35870022957164,,,,,,,
LCII,1985-10-08,1.1480122804641724,1.1480122804641724,0.9566769003868103,1.1480122804641724,20200,134.78243793972112,155.35870022957164,,,,,,,
LCII,1985-10-09,1.1480122089385985,1.1480122089385985,0.9566768407821655,0.9566768407821655,5880,144.7707294012568,159.66352472744384,,,,,,,
LCII,1985-10-10,0.9566769003868103,1.1480122804641724,0.9566769003868103,1.1480122804641724,3640,154.73652496578208,161.17658095343222,,,,,,,
LCII,1985-10-11,1.1480122804641724,1.1480122804641724,0.9566769003868103,1.1480122804641724,41360,154.73652496578208,161.17658095343222,,,,,,,
LCII,1985-10-14,1.1480122804641724,1.1480122804641724,0.9566769003868103,1.1480122804641724,49160,147.68105271662176,161.17658095343222,,,,,,,
LCII,1985-10-15,1.1480122804641724,1.1480122804641724,0.9566769003868103,1.1480122804641724,4720,147.68105271662176,157.94314998793882,,,,,,,
LCII,1985-10-16,1.1480122804641724,1.1480122804641724,0.9566769003868103,1.1480122804641724,9480,140.76097645772288,157.94314998793882,,,,,,,
LCII,1985-10-17,0.9566768407821655,0.9566768407821655,0.9566768407821655,0.9566768407821655,960,150.35262221766786,159.19845308994715,,,,,,,
LCII,1985-10-18,1.1480122804641724,1.1480122804641724,1.1480122804641724,1.1480122804641724,37080,159.97105699107863,160.4859854292679,,,,,,-0.15,
LCII,1985-10-21,1.1480122804641724,1.1480122804641724,1.1480122804641724,1.1480122804641724,38640,159.97105699107863,160.4859854292679,146.1772174833203,,,,,-0.03,-0.0
LCII,1985-10-22,1.1480122804641724,1.1480122804641724,1.1480122804641724,1.1480122804641724,11200,159.97105699107863,160.4859854292679,146.1772174833203,,,,,0.1,-0.0
LCII,1985-10-23,1.148012101650238,1.5306828022003174,1.148012101650238,1.5306828022003174,70600,180.39582431681734,168.0288316872278,153.33863212321467,,,,,0.13,0.29
LCII,1985-10-24,1.5306828816731772,1.9133536020914714,1.5306828816731772,1.7220182418823242,40040,178.157416130981,166.80899767794733,154.49723172363616,,,,,0.13,0.21
LCII,1985-10-25,1.722018313407898,1.913353681564331,1.722018313407898,1.913353681564331,47680,173.39818170009931,164.7532953043661,154.22762328739418,,,,,0.49,0.2
LCII,1985-10-28,1.9133536020914714,2.1046889623006186,1.7220182418823242,1.7220182418823242,52160,176.94968326925078,163.53484464261817,155.1704550844945,,,,,0.42,0.15
LCII,1985-10-29,1.7220182418823242,1.9133536020914714,1.7220182418823242,1.7220182418823242,37040,171.8708116884973,163.53484464261817,154.03984603670057,,,,,0.42,0.23
LCII,1985-10-30,1.7220182418823242,1.9133536020914714,1.7220182418823242,1.7220182418823242,22840,171.8708116884973,160.17689648242703,154.03984603670057,,,,,0.42,0.23
LCII,1985-10-31,1.7220182418823242,1.9133536020914714,1.7220182418823242,1.7220182418823242,62280,171.8708116884973,160.17689648242703,154.03984603670057,,,,,0.42,0.23
LCII,1985-11-01,1.7220182418823242,1.7220182418823242,1.5306828816731772,1.7220182418823242,24840,171.8708116884973,160.17689648242703,154.03984603670057,,,,,0.42,0.23
LCII,1985-11-04,1.722018152475357,1.722018152475357,1.5306828022003174,1.5306828022003174,23040,175.71674674639365,159.18095530106658,155.1704550844945,,,,,0.49,0.17
LCII,1985-11-05,1.5306829452514648,1.913353681564331,1.3393475770950316,1.913353681564331,78600,186.77895785564186,162.10284755996454,159.20438470524843,,,,,0.78,0.09
LCII,1985-11-06,1.913353681564331,1.913353681564331,1.722018313407898,1.913353681564331,16440,180.0948802533212,162.10284755996454,159.20438470524843,,,,,0.99,0.09
LCII,1985-11-07,1.913353681564331,2.104689049720764,1.722018313407898,1.913353681564331,62560,180.0948802533212,159.24067233302836,159.20438470524843,,,,,1.15,0.09
LCII,1985-11-08,1.913353681564331,1.913353681564331,1.722018313407898,1.913353681564331,12120,180.0948802533212,159.24067233302836,158.0603047551201,,,,,1.11,0.15
LCII,1985-11-11,1.913353681564331,1.913353681564331,1.722018313407898,1.913353681564331,43440,180.0948802533212,155.71596304889349,158.0603047551201,,,,,1.04,0.15
LCII,1985-11-12,1.9133536020914714,1.9133536020914714,1.7220182418823242,1.7220182418823242,23080,183.5168299792845,154.4262226659772,158.9804084959282,,,,,0.91,0.1
LCII,1985-11-13,1.7220182418823242,1.9133536020914714,1.7220182418823242,1.7220182418823242,22760,183.5168299792845,150.86567204416934,158.9804084959282,,,,,0.79,0.1
LCII,1985-11-14,1.7220182418823242,1.7220182418823242,1.7220182418823242,1.7220182418823242,25120,173.9693749979726,150.86567204416934,157.50667995452085,,,,,0.58,0.17
LCII,1985-11-15,1.7220182418823242,1.7220182418823242,1.7220182418823242,1.7220182418823242,6400,173.9693749979726,150.86567204416934,157.50667995452085,,,,,0.39,0.17
LCII,1985-11-18,1.722018152475357,1.722018152475357,1.5306828022003174,1.5306828022003174,27840,171.29892283105588,153.006875155137,158.66007559281493,,,,,0.31,0.11
LCII,1985-11-19,1.5306828022003174,1.722018152475357,1.5306828022003174,1.5306828022003174,12400,171.29892283105588,153.006875155137,157.23767929443545,,,,,0.31,0.2
LCII,1985-11-20,1.5306828022003174,1.5306828022003174,1.5306828022003174,1.5306828022003174,13400,161.4145004453337,153.006875155137,157.23767929443545,,,,,0.31,0.2
LCII,1985-11-21,1.5306828816731772,1.7220182418823242,1.33934752146403,1.7220182418823242,50320,156.63735305385333,154.74340718152752,156.8657633098507,,,,,0.14,0.19
LCII,1985-11-22,1.7220182418823242,1.7220182418823242,1.5306828816731772,1.7220182418823242,29000,156.63735305385333,154.74340718152752,156.8657633098507,,,,,-0.01,0.19
LCII,1985-11-25,1.722018152475357,1.722018152475357,1.5306828022003174,1.5306828022003174,7920,161.17456694734204,153.71226506029384,158.02383698544972,,,,,-0.08,0.13
LCII,1985-11-26,1.5306828022003174,1.5306828022003174,1.5306828022003174,1.5306828022003174,13600,161.17456694734204,153.71226506029384,158.02383698544972,,,,,-0.14,0.13
LCII,1985-11-27,1.5306828022003174,1.5306828022003174,1.5306828022003174,1.5306828022003174,10000,161.17456694734204,150.22084699116866,158.02383698544972,,,,,-0.2,0.13
LCII,1985-11-29,1.5306828022003174,1.5306828022003174,1.3393474519252777,1.5306828022003174,25480,150.62722536646496,150.22084699116866,158.02383698544972,,,,,-0.26,0.13
LCII,1985-12-02,1.5306828362601144,1.5306828362601144,1.3393474817276,1.3393474817276,23160,148.05562005487252,152.87210705743848,157.5405750726411,,,,,-0.25,0.14
LCII,1985-12-03,1.3393474519252777,1.5306828022003174,1.3393474519252777,1.5306828022003174,18000,152.6400813350341,155.20780104550622,157.06543967400683,,,,,-0.31,0.16
LCII,1985-12-04,1.5306828362601144,1.5306828362601144,1.3393474817276,1.3393474817276,25400,158.17492408927112,157.77528244569325,158.51801647526347,,,,,-0.31,0.09
LCII,1985-12-05,1.3393474817276,1.3393474817276,1.3393474817276,1.3393474817276,10320,133.58462760085132,157.77528244569325,158.51801647526347,,,,,-0.31,0.09
LCII,1985-12-06,1.3393474817276,1.5306828362601144,1.3393474817276,1.3393474817276,11600,128.48367038104408,154.58013886570058,156.57921981732935,,,,,-0.31,0.17
LCII,1985-12-09,1.3393474817276,1.5306828362601144,1.3393474817276,1.3393474817276,12400,123.92691636625834,151.20571322543844,156.57921981732935,,,,,-0.3,0.17
LCII,1985-12-10,1.3393474817276,1.5306828362601144,1.3393474817276,1.3393474817276,12280,120.74271365773971,151.20571322543844,156.57921981732935,,,,,-0.3,0.17
LCII,1985-12-11,1.3393474519252777,1.5306828022003174,1.3393474519252777,1.5306828022003174,5960,127.55776194661755,150.3796316714176,156.10115830567742,,,,,-0.35,0.18
LCII,1985-12-12,1.5306828362601144,1.5306828362601144,1.3393474817276,1.3393474817276,5240,132.95729721323622,152.93235735962443,157.56262511026205,,,,,-0.35,0.11
LCII,1985-12-13,1.3393474817276,1.3393474817276,1.3393474817276,1.3393474817276,12400,132.95729721323622,152.93235735962443,155.61192551661526,,,,,-0.34,0.19
LCII,1985-12-16,1.3393474817276,1.3393474817276,1.3393474817276,1.3393474817276,6160,132.95729721323622,152.93235735962443,153.67582474657883,,,,,-0.34,0.31
LCII,1985-12-17,1.3393474817276,1.5306828362601144,1.3393474817276,1.3393474817276,22600,128.85431855327028,152.93235735962443,153.67582474657883,,,,,-0.34,0.31
LCII,1985-12-18,1.3393474817276,1.3393474817276,1.1480121271950858,1.3393474817276,18440,109.36061649035986,152.93235735962443,153.67582474657883,,,,,-0.34,0.31
LCII,1985-12-19,1.3393476605415344,1.3393476605415344,1.1480122804641724,1.1480122804641724,24000,116.77872623095575,152.93235735962443,153.67582474657883,,,,,-0.34,0.31
LCII,1985-12-20,1.1480122804641724,1.3393476605415344,1.1480122804641724,1.1480122804641724,18720,116.77872623095575,152.93235735962443,151.67514510589024,,,,,-0.35,0.44
LCII,1985-12-23,1.1480122804641724,1.3393476605415344,1.1480122804641724,1.1480122804641724,23320,116.77872623095575,152.93235735962443,149.6881337696661,,,,,-0.35,0.53
LCII,1985-12-24,1.1480122804641724,1.3393476605415344,1.1480122804641724,1.1480122804641724,19640,116.77872623095575,152.93235735962443,147.63342413829295,,,,,-0.36,0.67
LCII,1985-12-26,1.1480122804641724,1.1480122804641724,1.1480122804641724,1.1480122804641724,8760,113.80808951547412,152.93235735962443,147.63342413829295,,,,,-0.36,0.67
LCII,1985-12-27,1.1480122804641724,1.1480122804641724,1.1480122804641724,1.1480122804641724,6760,113.80808951547412,152.93235735962443,145.59126234547765,,,,,-0.36,0.78
LCII,1985-12-30,1.1480122804641724,1.1480122804641724,1.1480122804641724,1.1480122804641724,81760,113.80808951547412,148.13794333281075,145.59126234547765,,,,,-0.36,0.78
LCII,1985-12-31,1.1480122804641724,1.1480122804641724,1.1480122804641724,1.1480122804641724,21040,113.80808951547412,148.13794333281075,145.59126234547765,,,,,-0.36,0.78
LCII,1986-01-02,1.1480122804641724,1.1480122804641724,1.1480122804641724,1.1480122804641724,6040,109.46805583828274,143.34825076601555,143.47789447403153,,,,,-0.36,0.95
LCII,1986-01-03,1.1480122804641724,1.3393476605415344,1.1480122804641724,1.1480122804641724,45080,109.46805583828274,143.34825076601555,141.37571910074917,,,,,-0.36,1.07
LCII,1986-01-06,1.3393474817276,1.3393474817276,1.3393474817276,1.3393474817276,6880,119.31554355267468,141.64487946349934,143.47789447403153,,,,,-0.36,0.9
LCII,1986-01-07,1.3393474817276,1.3393474817276,1.3393474817276,1.3393474817276,23160,113.5755244610249,136.7741075162258,141.37571910074917,,,,,-0.36,1.07
LCII,1986-01-08,1.3393474817276,1.3393474817276,1.3393474817276,1.3393474817276,21880,113.5755244610249,136.7741075162258,141.37571910074917,,,,,-0.36,1.07
LCII,1986-01-09,1.3393474817276,1.3393474817276,1.3393474817276,1.3393474817276,11520,108.7436999746454,136.7741075162258,139.19836379284624,,,,,-0.36,1.2
LCII,1986-01-10,1.3393474817276,1.3393474817276,1.3393474817276,1.3393474817276,15280,108.7436999746454,136.7741075162258,137.03055218146852,,,,,-0.36,1.4
LCII,1986-01-13,1.3393474817276,1.3393474817276,1.3393474817276,1.3393474817276,4600,108.7436999746454,136.7741075162258,134.78302104682848,,,,,-0.35,1.56
LCII,1986-01-14,1.3393474817276,1.3393474817276,1.3393474817276,1.3393474817276,15880,108.7436999746454,131.23904506027873,134.78302104682848,,,,,-0.34,1.56
LCII,1986-01-15,1.3393474817276,1.3393474817276,1.3393474817276,1.3393474817276,8160,101.62391267207884,125.96654935721901,134.78302104682848,,,,,-0.34,1.56
LCII,1986-01-16,1.3393474817276,1.3393474817276,1.3393474817276,1.3393474817276,4280,93.41494689481863,125.96654935721901,134.78302104682848,,,,,-0.33,1.56
LCII,1986-01-17,1.3393474817276,1.3393474817276,1.3393474817276,1.3393474817276,32440,85.02105413348153,125.96654935721901,134.78302104682848,,,,,-0.32,1.56
LCII,1986-01-20,1.3393474817276,1.3393474817276,1.3393474817276,1.3393474817276,5680,85.02105413348153,111.07169964565237,134.78302104682848,,,,,-0.31,1.56
LCII,1986-01-21,1.3393474817276,1.3393474817276,1.3393474817276,1.3393474817276,30320,85.02105413348153,108.22254527174258,134.78302104682848,,,,,-0.3,1.56
LCII,1986-01-22,1.3393476605415344,1.3393476605415344,1.1480122804641724,1.1480122804641724,32200,96.04488786044992,110.0550871448329,137.03055218146852,,,,,-0.3,1.4
LCII,1986-01-23,1.1480121271950858,1.3393474817276,1.1480121271950858,1.3393474817276,16840,106.57541607295222,113.10930818960281,137.03055218146852,,,,,-0.3,1.4
LCII,1986-01-24,1.3393476605415344,1.3393476605415344,1.1480122804641724,1.1480122804641724,21080,107.86124405271818,117.2031586280514,139.19836379284624,,,,,-0.31,1.26
LCII,1986-01-27,1.1480122089385985,1.1480122089385985,0.9566768407821655,0.9566768407821655,9320,113.5119537431754,122.58654267781834,140.05373892002066,,,,,-0.33,1.25
LCII,1986-01-28,0.9566768407821655,1.1480122089385985,0.9566768407821655,0.9566768407821655,14800,113.5119537431754,122.58654267781834,140.05373892002066,,,,,-0.35,1.25
LCII,1986-01-29,0.9566768407821655,1.1480122089385985,0.9566768407821655,0.9566768407821655,12560,113.5119537431754,122.58654267781834,140.05373892002066,,,,,-0.36,1.25
LCII,1986-01-30,1.1480122804641724,1.1480122804641724,1.1480122804641724,1.1480122804641724,25120,126.61993030316474,126.65601881031641,143.0721849930013,,,,,-0.36,1.05
LCII,1986-01-31,1.1480122804641724,1.1480122804641724,0.9566769003868103,1.1480122804641724,12080,126.61993030316474,117.4229544175497,143.0721849930013,,,,,-0.36,1.05
LCII,1986-02-03,0.9566768407821655,0.9566768407821655,0.9566768407821655,0.9566768407821655,4280,129.72595895277644,122.68529312149847,145.97029722854828,,,,,-0.38,0.92
LCII,1986-02-04,0.9566768407821655,1.1480122089385985,0.9566768407821655,0.9566768407821655,9640,129.72595895277644,122.68529312149847,143.8127609635351,,,,,-0.41,1.09
LCII,1986-02-05,0.9566769003868103,1.1480122804641724,0.9566769003868103,1.1480122804641724,2160,140.76097645772288,128.9485756185052,144.7487695494827,,,,,-0.41,1.02
LCII,1986-02-06,1.1480122089385985,1.1480122089385985,0.9566768407821655,0.9566768407821655,3240,150.35262221766789,133.75823742186273,147.61396898806152,,,,,-0.44,0.89
LCII,1986-02-07,0.9566768407821655,1.1480122089385985,0.9566768407821655,0.9566768407821655,8320,150.35262221766789,132.33745257666257,145.48081104864846,,,,,-0.46,1.06
LCII,1986-02-10,0.9566769003868103,1.1480122804641724,0.9566769003868103,1.1480122804641724,5800,159.97105699107865,138.06486240556433,148.4371069003782,,,,,-0.47,0.88
LCII,1986-02-11,1.1480122089385985,1.1480122089385985,0.9566768407821655,0.9566768407821655,18080,168.47254253806489,142.66319176429428,151.18513243995247,,,,,-0.5,0.76
LCII,1986-02-12,0.9566768407821655,0.9566768407821655,0.9566768407821655,0.9566768407821655,8400,168.47254253806489,142.66319176429428,151.18513243995247,,,,,-0.52,0.76
LCII,1986-02-13,0.9566768407821655,0.9566768407821655,0.9566768407821655,0.9566768407821655,14520,168.47254253806489,140.88627253781303,151.18513243995247,146.04504626604987,,,,-0.55,0.76
LCII,1986-02-14,0.9566768407821655,0.9566768407821655,0.9566768407821655,0.9566768407821655,22640,168.47254253806489,140.88627253781303,151.18513243995247,146.04504626604987,,,,-0.57,0.76
LCII,1986-02-18,0.9566768407821655,0.9566768407821655,0.9566768407821655,0.9566768407821655,9600,161.51310696650057,140.88627253781303,149.2395390230955,146.04504626604987,,,,-0.59,0.87
LCII,1986-02-19,0.9566768407821655,0.9566768407821655,0.9566768407821655,0.9566768407821655,5080,161.51310696650057,138.4475179249041,149.2395390230955,146.04504626604987,,,,-0.61,0.87
LCII,1986-02-20,0.9566768407821655,0.9566768407821655,0.9566768407821655,0.9566768407821655,3480,161.51310696650057,138.4475179249041,149.2395390230955,145.40837315604907,,,,-0.63,0.87
LCII,1986-02-21,0.9566768407821655,0.9566768407821655,0.9566768407821655,0.9566768407821655,3920,161.51310696650057,136.6157777300622,149.2395390230955,145.40837315604907,,,,-0.65,0.87
LCII,1986-02-24,0.9566768407821655,0.9566768407821655,0.9566768407821655,0.9566768407821655,3120,161.51310696650057,136.6157777300622,149.2395390230955,144.70157401727718,,,,-0.67,0.87
LCII,1986-02-25,0.9566768407821655,0.9566768407821655,0.9566768407821655,0.9566768407821655,8680,161.51310696650057,136.6157777300622,149.2395390230955,144.70157401727718,,,,-0.69,0.87
LCII,1986-02-26,0.9566767513751984,0.9566767513751984,0.7653414011001587,0.7653414011001587,15520,172.72564181421032,143.54742103124954,150.6305023087221,147.0208554898582,,,,-0.67,0.9
LCII,1986-02-27,0.9566768407821655,0.9566768407821655,0.9566768407821655,0.9566768407821655,3280,186.38717419165874,149.10554328884862,154.8214558953945,149.46752422970695,,,,-0.67,0.75
LCII,1986-02-28,0.9566768407821655,0.9566768407821655,0.9566768407821655,0.9566768407821655,63760,186.38717419165874,146.26764229519995,152.0364524460345,149.46752422970695,,,,-0.69,0.92
LCII,1986-03-03,0.9566768407821655,0.9566768407821655,0.9566768407821655,0.9566768407821655,1840,186.38717419165874,143.90727710864857,152.0364524460345,149.46752422970695,,,,-0.71,0.92
LCII,1986-03-04,0.9566768407821655,0.9566768407821655,0.9566768407821655,0.9566768407821655,27480,186.38717419165874,143.90727710864857,149.25617346715063,149.46752422970695,,,,-0.71,1.06
LCII,1986-03-05,0.9566768407821655,0.9566768407821655,0.9566768407821655,0.9566768407821655,39960,186.38717419165874,143.90727710864857,146.36531346211058,149.46752422970695,,,,-0.73,1.26
LCII,1986-03-06,0.9566768407821655,1.1480122089385985,0.9566768407821655,0.9566768407821655,52840,181.4027367634377,143.90727710864857,146.36531346211058,148.84549117925675,,,,-0.75,1.26
LCII,1986-03-07,0.9566769003868103,1.1480122804641724,0.9566769003868103,1.1480122804641724,41040,183.73372620556842,148.97239322556237,149.25617346715063,150.44520919009418,,,,-0.75,1.06
LCII,1986-03-10,1.1480122089385985,1.1480122089385985,0.9566768407821655,0.9566768407821655,28200,185.88786894690548,150.7005291226763,152.0364524460345,151.95700977267373,,,,-0.76,0.92
LCII,1986-03-11,0.9566768407821655,1.1480122089385985,0.9566768407821655,0.9566768407821655,6960,178.2190823319006,148.41068256727146,152.0364524460345,151.95700977267373,,,,-0.78,0.92
LCII,1986-03-12,0.9566769003868103,1.1480122804641724,0.9566769003868103,1.1480122804641724,6120,185.88786894690548,153.32710210073637,152.0364524460345,152.71969290134365,,,,-0.76,0.88
LCII,1986-03-13,0.9566768407821655,0.9566768407821655,0.9566768407821655,0.9566768407821655,1680,193.75016874505192,157.68739845015773,152.0364524460345,154.22154424614556,,7.3,55.5,-0.78,0.92
LCII,1986-03-14,0.9566768407821655,1.1480122089385985,0.9566768407821655,0.9566768407821655,17480,185.88786894690548,157.68739845015773,152.0364524460345,154.22154424614556,,7.29,55.0,-0.8,0.92
LCII,1986-03-17,0.9566768407821655,1.1480122089385985,0.9566768407821655,0.9566768407821655,8760,185.88786894690548,157.68739845015773,152.0364524460345,153.37809065478834,,7.29,54.5,-0.82,0.92
LCII,1986-03-18,0.9566768407821655,0.9566768407821655,0.9566768407821655,0.9566768407821655,4040,178.2190823319006,154.61988577388485,144.77801494326573,153.37809065478834,,7.3,25.0,-0.8,0.74
LCII,1986-03-19,0.9566768407821655,0.9566768407821655,0.9566768407821655,0.9566768407821655,3200,178.2190823319006,154.61988577388485,143.4427851425753,152.58518279591758,,7.31,21.0,-0.73,0.85
LCII,1986-03-20,0.9566768407821655,0.9566768407821655,0.9566768407821655,0.9566768407821655,57080,169.63847806470852,154.61988577388485,142.3338054212297,152.58518279591758,,7.33,19.0,-0.71,0.96
LCII,1986-03-21,0.9566768407821655,0.9566768407821655,0.9566768407821655,0.9566768407821655,27200,161.1984947997761,154.61988577388485,141.45917637166016,152.58518279591758,,7.35,19.0,-0.63,1.03
LCII,1986-03-24,0.9566768407821655,0.9566768407821655,0.9566768407821655,0.9566768407821655,6920,161.1984947997761,154.61988577388485,141.45917637166016,152.58518279591758,,7.38,19.5,-0.55,1.03
LCII,1986-03-25,0.9566768407821655,0.9566768407821655,0.9566768407821655,0.9566768407821655,8040,151.65792646149188,154.61988577388485,141.45917637166016,152.58518279591758,,7.41,20.0,-0.46,1.03
LCII,1986-03-26,0.9566768407821655,0.9566768407821655,0.9566768407821655,0.9566768407821655,7360,142.15438137532777,154.61988577388485,141.45917637166016,152.58518279591758,,7.43,20.5,-0.36,1.03
LCII,1986-03-27,0.9566768407821655,0.9566768407821655,0.9566768407821655,0.9566768407821655,15560,142.15438137532777,154.61988577388485,141.45917637166016,151.50564624831088,,7.46,21.0,-0.25,1.03
LCII,1986-03-31,0.9566768407821655,0.9566768407821655,0.9566768407821655,0.9566768407821655,13440,142.15438137532777,154.61988577388485,140.31851306308377,150.37677360804736,,7.48,16.0,-0.18,1.13
LCII,1986-04-01,0.9566768407821655,0.9566768407821655,0.7653414726257324,0.9566768407821655,30480,142.15438137532777,154.61988577388485,135.48342163644347,150.37677360804736,,7.52,8.0,-0.14,1.23
LCII,1986-04-02,0.9566768407821655,0.9566768407821655,0.9566768407821655,0.9566768407821655,14200,142.15438137532777,151.1140085868086,135.48342163644347,150.37677360804736,,7.56,8.5,-0.14,1.23
LCII,1986-04-03,0.9566768407821655,0.9566768407821655,0.9566768407821655,0.9566768407821655,7600,142.15438137532777,151.1140085868086,135.48342163644347,149.28126766952602,,7.59,9.0,-0.18,1.23
LCII,1986-04-04,0.9566768407821655,0.9566768407821655,0.7653414726257324,0.9566768407821655,25440,142.15438137532777,151.1140085868086,135.48342163644347,149.28126766952602,,7.62,9.5,-0.31,1.23
LCII,1986-04-07,0.9566767513751984,0.9566767513751984,0.7653414011001587,0.7653414011001587,6760,156.17454141154235,157.54319197680152,139.7562217325006,151.5771622645302,,7.59,17.0,-0.57,1.1
LCII,1986-04-08,0.7653414726257324,0.9566768407821655,0.7653414726257324,0.9566768407821655,27720,169.8869127548724,164.58722515316376,143.67485759325106,152.79432368039315,,7.52,36.0,-0.54,1.09
LCII,1986-04-09,0.9566768407821655,1.1480122089385985,0.9566768407821655,0.9566768407821655,62680,169.8869127548724,164.58722515316376,143.67485759325106,152.79432368039315,,7.44,36.5,-0.53,1.09
LCII,1986-04-10,0.9566768407821655,1.1480122089385985,0.9566768407821655,0.9566768407821655,76280,156.17454141154235,164.58722515316376,143.67485759325106,151.71627528120865,,7.38,37.0,-0.55,1.09
LCII,1986-04-11,1.1480122804641724,1.1480122804641724,1.1480122804641724,1.1480122804641724,6080,151.65792646149185,169.0337960945812,146.74705994141934,152.15785831078276,,7.31,49.0,-0.6,0.93
LCII,1986-04-14,1.1480122804641724,1.1480122804641724,1.1480122804641724,1.1480122804641724,3800,151.65792646149185,169.0337960945812,145.61028022249914,152.15785831078276,,7.21,46.0,-0.5,1.03
LCII,1986-04-15,1.1480122089385985,1.1480122089385985,0.9566768407821655,0.9566768407821655,3480,161.1984947997761,172.9986693981015,148.368895394017,153.66520086053757,,7.14,54.0,-0.4,0.87
LCII,1986-04-16,0.9566768407821655,0.9566768407821655,0.9566768407821655,0.9566768407821655,24840,161.1984947997761,172.9986693981015,148.368895394017,152.59330519968458,,7.07,54.5,-0.3,0.87
LCII,1986-04-17,0.9566769003868103,1.1480122804641724,0.9566769003868103,1.1480122804641724,104000,169.63847806470852,177.234334010202,150.06906082199907,153.03235753357797,,7.0,66.0,-0.48,0.83
LCII,1986-04-18,1.1480122089385985,1.1480122089385985,0.9566768407821655,0.9566768407821655,5160,178.21908233190064,178.35391218069597,152.7113813915018,153.4653231134796,,6.95,81.0,-0.85,0.69
LCII,1986-04-21,0.9566768407821655,1.1480122089385985,0.9566768407821655,0.9566768407821655,2520,169.63847806470852,175.3232799847307,151.6553742370744,152.35097175263542,,6.88,72.0,-0.83,0.77
LCII,1986-04-22,0.9566768407821655,1.1480122089385985,0.9566768407821655,0.9566768407821655,8240,161.1984947997761,172.56953946555765,151.6553742370744,152.35097175263542,,6.8,72.5,-0.82,0.77
LCII,1986-04-23,0.9566768407821655,0.9566768407821655,0.9566768407821655,0.9566768407821655,9840,161.1984947997761,168.47586383264544,151.6553742370744,151.26976376734063,,6.72,73.0,-0.84,0.77
LCII,1986-04-24,0.9566769003868103,1.1480122804641724,0.9566769003868103,1.1480122804641724,7640,161.1984947997761,172.56953946555765,154.5336694980562,152.81726861130292,,6.67,89.0,-0.89,0.63
LCII,1986-04-25,1.1480122089385985,1.1480122089385985,0.9566768407821655,0.9566768407821655,4000,161.1984947997761,176.7022966009539,155.77282134815732,154.3324139799715,,6.64,92.0,-0.82,0.6
LCII,1986-04-28,0.9566768407821655,1.1480122089385985,0.9566768407821655,0.9566768407821655,24040,161.1984947997761,172.56953946555765,154.22026267005145,153.2243688208012,,6.6,89.0,-0.92,0.71
LCII,1986-04-29,0.9566768407821655,1.1480122089385985,0.9566768407821655,0.9566768407821655,20160,161.1984947997761,172.56953946555765,152.83138050244818,152.14936752016962,,6.52,85.0,-0.85,0.81
LCII,1986-04-30,0.9566768407821655,0.9566768407821655,0.9566768407821655,0.9566768407821655,10400,161.1984947997761,168.47586383264544,152.83138050244818,152.14936752016962,,6.44,85.5,-0.76,0.81
LCII,1986-05-01,0.9566768407821655,0.9566768407821655,0.9566768407821655,0.9566768407821655,22760,161.1984947997761,168.47586383264544,152.83138050244818,151.02530659606444,,6.39,86.0,-0.67,0.81
LCII,1986-05-02,0.9566768407821655,0.9566768407821655,0.9566768407821655,0.9566768407821655,10240,161.1984947997761,164.13610517329593,152.83138050244818,151.02530659606444,,6.34,86.5,-0.57,0.81
LCII,1986-05-05,0.9566768407821655,0.9566768407821655,0.9566768407821655,0.9566768407821655,3600,161.1984947997761,159.8265677672542,152.83138050244818,149.9345392786132,,6.29,87.0,-0.46,0.81
LCII,1986-05-06,0.9566768407821655,0.9566768407821655,0.9566768407821655,0.9566768407821655,2040,161.1984947997761,159.8265677672542,151.24863111294204,148.7937473966484,,6.23,72.0,-0.71,0.93
LCII,1986-05-07,0.9566768407821655,0.9566768407821655,0.9566768407821655,0.9566768407821655,3240,161.1984947997761,155.2452127814699,149.83220568957546,147.68649938498896,,6.14,66.0,-0.61,1.04
LCII,1986-05-08,0.9566769003868103,1.1480122804641724,0.9566769003868103,1.1480122804641724,128520,169.63847806470852,155.2452127814699,152.70428344805856,149.27115681264223,,6.1,86.0,-0.54,0.89
LCII,1986-05-09,1.1480122804641724,1.3393476605415344,1.1480122804641724,1.1480122804641724,108040,169.63847806470852,155.2452127814699,152.70428344805856,149.27115681264223,,6.09,86.5,-0.46,0.89
LCII,1986-05-12,1.1480121271950858,1.3393474817276,1.1480121271950858,1.3393474817276,24120,174.95839230513428,158.30060847897417,154.69165346596233,150.3813543269602,,6.1,98.0,-0.46,0.76
LCII,1986-05-13,1.3393476605415344,1.3393476605415344,1.1480122804641724,1.1480122804641724,17520,181.4027367634377,161.650697896324,156.61519691103024,151.49568384703926,,6.14,100.0,-0.39,0.63
LCII,1986-05-14,1.1480122804641724,1.1480122804641724,1.1480122804641724,1.1480122804641724,18520,181.4027367634377,161.650697896324,154.69165346596233,151.49568384703926,,6.16,96.5,-0.39,0.76
LCII,1986-05-15,1.1480122804641724,1.1480122804641724,1.1480122804641724,1.1480122804641724,5920,181.4027367634377,161.650697896324,154.69165346596233,151.49568384703926,,6.19,96.0,-0.39,0.76
LCII,1986-05-16,1.1480122804641724,1.1480122804641724,1.1480122804641724,1.1480122804641724,6720,181.4027367634377,161.650697896324,154.69165346596233,151.49568384703926,,6.24,95.5,-0.39,0.76
LCII,1986-05-19,1.1480122804641724,1.1480122804641724,1.1480122804641724,1.1480122804641724,3280,167.9291251158325,161.650697896324,154.69165346596233,150.3813543269602,,6.3,95.0,-0.39,0.76
LCII,1986-05-20,1.1480122804641724,1.1480122804641724,1.1480122804641724,1.1480122804641724,4040,155.73457523647596,161.650697896324,154.69165346596233,150.3813543269602,,6.35,94.5,-0.39,0.76
LCII,1986-05-21,1.1480122804641724,1.1480122804641724,1.1480122804641724,1.1480122804641724,2000,155.73457523647596,161.650697896324,154.69165346596233,149.27115681264223,,6.4,94.0,-0.39,0.76
LCII,1986-05-22,1.1480122804641724,1.1480122804641724,0.9566769003868103,1.1480122804641724,16760,155.73457523647596,154.6312510542366,154.69165346596233,149.27115681264223,,6.46,93.5,-0.39,0.76
LCII,1986-05-23,1.1480122804641724,1.1480122804641724,0.9566769003868103,1.1480122804641724,9160,146.4957317115023,147.91023303992344,154.69165346596233,149.27115681264223,,6.51,93.0,-0.39,0.76
LCII,1986-05-27,1.1480122804641724,1.1480122804641724,0.9566769003868103,1.1480122804641724,920,146.4957317115023,147.91023303992344,154.69165346596233,149.27115681264223,,6.55,92.5,-0.39,0.76
LCII,1986-05-28,1.1480122089385985,1.1480122089385985,0.9566768407821655,0.9566768407821655,2840,146.4957317115023,152.71179623926008,157.37593591890888,150.82193035248756,,6.61,100.0,-0.35,0.62
LCII,1986-05-29,0.9566768407821655,1.1480122089385985,0.9566768407821655,0.9566768407821655,16360,146.4957317115023,152.71179623926008,155.37685718702343,150.82193035248756,147.30231047235372,6.66,97.0,-0.22,0.74
LCII,1986-05-30,0.9566768407821655,1.1480122089385985,0.9566768407821655,0.9566768407821655,1800,135.92708097569917,152.71179623926008,155.37685718702343,149.68790155152226,147.30231047235372,6.69,96.5,-0.08,0.74
LCII,1986-06-02,0.9566769003868103,1.1480122804641724,0.9566769003868103,1.1480122804641724,3560,135.92708097569914,157.21648122197578,158.14827242464088,150.16246822273877,148.4551162424051,6.75,100.0,-0.0,0.61
LCII,1986-06-03,1.1480122089385985,1.1480122089385985,0.9566768407821655,0.9566768407821655,7680,146.4957317115023,157.21648122197578,160.7303507021312,151.70413073417353,149.55080349275846,6.83,100.0,0.14,0.48
LCII,1986-06-04,0.9566768407821655,1.1480122089385985,0.9566768407821655,0.9566768407821655,4520,146.4957317115023,152.71179623926008,160.7303507021312,150.57674613783772,149.10105734506365,6.87,99.5,0.29,0.48
LCII,1986-06-05,0.9566768407821655,1.1480122089385985,0.9566768407821655,0.9566768407821655,2440,146.4957317115023,152.71179623926008,160.7303507021312,150.57674613783772,149.10105734506365,6.87,99.0,0.45,0.48
LCII,1986-06-06,0.9566768407821655,1.1480122089385985,0.9566768407821655,0.9566768407821655,14320,135.92708097569914,147.91023303992344,160.7303507021312,150.57674613783772,148.6165546099072,6.85,98.5,0.61,0.48
LCII,1986-06-09,0.9566768407821655,1.1480122089385985,0.9566768407821655,0.9566768407821655,19720,125.23542960431419,143.11291968486245,160.7303507021312,150.57674613783772,148.6165546099072,6.83,98.0,0.77,0.48
LCII,1986-06-10,0.9566768407821655,0.9566768407821655,0.7653414726257324,0.9566768407821655,26960,125.23542960431419,143.11291968486245,160.7303507021312,150.57674613783772,148.6165546099072,6.79,97.5,0.91,0.48
LCII,1986-06-11,0.9566768407821655,0.9566768407821655,0.7653414726257324,0.9566768407821655,31920,125.23542960431419,143.11291968486245,160.7303507021312,150.57674613783772,148.6165546099072,6.75,97.0,1.02,0.48
LCII,1986-06-12,0.9566767513751984,0.9566767513751984,0.7653414011001587,0.7653414011001587,5440,140.94868594307843,150.2418630115375,164.47129851798837,151.77555322534857,150.2476625522935,6.77,100.0,1.01,0.38
LCII,1986-06-13,0.7653414726257324,0.9566768407821655,0.7653414726257324,0.9566768407821655,22120,156.00515315000533,157.27307103623954,168.43148870948318,154.10085849856267,151.943113054636,6.87,100.0,0.94,0.29
LCII,1986-06-16,0.9566767513751984,0.9566767513751984,0.7653414011001587,0.7653414011001587,5120,168.87932688834366,163.78683858485627,170.34886582853483,156.32598578976268,153.53888563827155,7.05,100.0,1.03,0.28
LCII,1986-06-17,0.7653414011001587,0.9566767513751984,0.7653414011001587,0.7653414011001587,6840,168.87932688834366,163.78683858485627,168.45179449373686,156.32598578976268,153.53888563827155,7.17,99.0,0.73,0.38
LCII,1986-06-18,0.7653414726257324,0.9566768407821655,0.7653414726257324,0.9566768407821655,2400,181.63508138720368,170.25959581067437,170.61612220947868,158.58458268783414,154.7650521966589,7.36,100.0,0.88,0.38
LCII,1986-06-19,0.9566767513751984,0.9566767513751984,0.7653414011001587,0.7653414011001587,24080,192.80539938352226,176.29418477665652,171.8341333255755,160.7476566218667,156.33872011319414,7.58,100.0,0.79,0.38
LCII,1986-06-20,0.7653414726257324,0.9566768407821655,0.7653414726257324,0.9566768407821655,18120,196.62189528280265,182.3234517500652,175.51952699213643,161.51064585187194,157.96218117653643,7.89,100.0,0.79,0.28
LCII,1986-06-23,0.9566767513751984,0.9566767513751984,0.7653414011001587,0.7653414011001587,8280,206.4148803809569,187.97114320690312,179.05834280427803,163.6544894902246,159.5043093688883,8.28,100.0,0.7,0.18
LCII,1986-06-24,0.7653414726257324,0.9566768407821655,0.7653414726257324,0.9566768407821655,2240,212.1729266860244,193.63716624269864,180.24268299826133,164.36881651997498,160.55265105530142,8.71,100.0,0.84,0.18
LCII,1986-06-25,0.9566767513751984,0.9566767513751984,0.7653414011001587,0.7653414011001587,10400,217.0968865707423,198.96397103735697,183.63414371419887,166.45674239070118,162.07745686327831,9.22,100.0,0.88,0.09
LCII,1986-06-26,0.7653414011001587,0.7653414011001587,0.7653414011001587,0.7653414011001587,9800,217.0968865707423,198.96397103735697,181.39606663972515,165.0722103563415,162.07745686327831,9.63,99.0,0.77,0.18
LCII,1986-06-27,0.7653414726257324,0.9566768407821655,0.7653414726257324,0.9566768407821655,13400,227.679204148745,204.3253857036533,184.89096238636236,165.78042871762463,163.0756756193929,10.11,100.0,0.77,0.09
LCII,1986-06-30,0.9566768407821655,0.9566768407821655,0.7653414726257324,0.9566768407821655,43320,227.679204148745,204.3253857036533,182.56524214362653,165.78042871762463,163.0756756193929,10.49,98.0,0.92,0.18
LCII,1986-07-01,0.9566767513751984,0.9566767513751984,0.7653414011001587,0.7653414011001587,22760,236.18796146266482,204.3253857036533,183.7040442040209,167.85079621183354,164.0454145025883,10.89,99.0,0.8,0.18
LCII,1986-07-02,0.7653414011001587,0.9566767513751984,0.7653414011001587,0.7653414011001587,24520,236.18796146266482,198.96397103735697,183.7040442040209,167.85079621183354,164.0454145025883,11.25,98.5,0.68,0.18
LCII,1986-07-03,0.7653414011001587,0.9566767513751984,0.7653414011001587,0.7653414011001587,56720,236.18796146266482,198.96397103735697,181.30599470145188,167.85079621183354,164.0454145025883,11.56,94.0,0.7,0.28
LCII,1986-07-07,0.7653414011001587,0.9566767513751984,0.7653414011001587,0.7653414011001587,3600,236.18796146266482,198.96397103735697,179.03881693476268,166.47785838828682,164.0454145025883,11.8,91.0,0.59,0.39
LCII,1986-07-08,0.7653414011001587,0.7653414011001587,0.7653414011001587,0.7653414011001587,4200,236.18796146266482,195.15451120196937,179.03881693476268,165.03919902340843,164.0454145025883,12.04,90.5,0.48,0.39
LCII,1986-07-09,0.7653414011001587,0.7653414011001587,0.7653414011001587,0.7653414011001587,1640,236.18796146266482,195.15451120196937,179.03881693476268,165.03919902340843,164.0454145025883,12.26,90.0,0.38,0.39
LCII,1986-07-10,0.7653414011001587,0.7653414011001587,0.7653414011001587,0.7653414011001587,7360,230.71233328175626,191.69527078428104,179.03881693476268,165.03919902340843,163.33479238729223,12.48,89.5,0.29,0.39
LCII,1986-07-11,0.7653414011001587,0.7653414011001587,0.7653414011001587,0.7653414011001587,8520,230.71233328175626,191.69527078428104,179.03881693476268,161.39421562053715,162.5846142262943,12.67,89.0,0.2,0.39
LCII,1986-07-14,0.7653414011001587,0.9566767513751984,0.7653414011001587,0.7653414011001587,16160,230.71233328175626,187.73837730358753,179.03881693476268,160.74492881109478,162.5846142262943,12.86,88.5,0.12,0.39
LCII,1986-07-15,0.7653414011001587,0.7653414011001587,0.7653414011001587,0.7653414011001587,800,223.6239400385789,184.13987050925022,179.03881693476268,160.21366642274427,162.5846142262943,13.03,88.0,0.04,0.39
LCII,1986-07-16,0.7653414011001587,0.7653414011001587,0.7653414011001587,0.7653414011001587,2480,217.83272056052755,184.13987050925022,179.03881693476268,159.76974675075513,161.86757911325788,13.2,87.5,-0.04,0.39
LCII,1986-07-17,0.7653414011001587,0.7653414011001587,0.7653414011001587,0.7653414011001587,7400,217.83272056052755,184.13987050925022,179.03881693476268,159.76974675075513,161.86757911325788,13.36,87.0,-0.11,0.39
LCII,1986-07-18,0.7653414011001587,0.7653414011001587,0.7653414011001587,0.7653414011001587,10120,217.83272056052755,184.13987050925022,179.03881693476268,159.76974675075513,161.86757911325788,13.51,86.5,-0.17,0.39
LCII,1986-07-21,0.7653414011001587,0.7653414011001587,0.7653414011001587,0.7653414011001587,68480,217.83272056052755,180.01698081761285,175.49960739878713,159.76974675075513,161.11056932088556,13.61,80.0,-0.17,0.5
LCII,1986-07-22,0.7653414011001587,0.7653414011001587,0.7653414011001587,0.7653414011001587,8800,217.83272056052755,176.26090599241806,171.81378645887756,159.76974675075513,161.11056932088556,13.67,78.0,-0.23,0.63
LCII,1986-07-23,0.7653414011001587,0.7653414011001587,0.7653414011001587,0.7653414011001587,9960,217.83272056052755,176.26090599241806,171.81378645887756,159.2008877434729,160.38694439315725,13.73,77.5,-0.29,0.63
LCII,1986-07-24,0.7653414011001587,0.7653414011001587,0.7653414011001587,0.7653414011001587,6680,217.83272056052755,176.26090599241806,171.81378645887756,156.89434719501162,159.62291286242967,13.78,77.0,-0.34,0.63
LCII,1986-07-25,0.7653414011001587,0.7653414011001587,0.7653414011001587,0.7653414011001587,4680,208.01075670718916,176.26090599241806,171.81378645887756,156.89434719501162,159.62291286242967,13.82,76.5,-0.39,0.63
LCII,1986-07-28,0.7653414011001587,0.7653414011001587,0.7653414011001587,0.7653414011001587,8040,196.9705540572534,176.26090599241806,171.81378645887756,156.89434719501162,159.62291286242967,13.82,76.0,-0.44,0.63
LCII,1986-07-29,0.7653414011001587,0.7653414011001587,0.7653414011001587,0.7653414011001587,37560,186.05047681937813,176.26090599241806,171.81378645887756,156.89434719501162,158.8925130255062,13.82,75.5,-0.48,0.63
LCII,1986-07-30,0.7653414011001587,0.7653414011001587,0.7653414011001587,0.7653414011001587,22440,186.05047681937813,176.26090599241806,169.24734879786683,156.89434719501162,158.12126066558457,13.82,70.0,-0.44,0.76
LCII,1986-07-31,0.7653414011001587,0.7653414011001587,0.7653414011001587,0.7653414011001587,2840,173.6194234077567,176.26090599241806,166.8163640948434,156.4410088497607,157.38389199453545,13.82,67.0,-0.48,0.9
LCII,1986-08-01,0.7653414011001587,0.7653414011001587,0.7653414011001587,0.7653414011001587,20880,161.12443931178933,176.26090599241806,166.8163640948434,156.4410088497607,156.60521012488914,13.82,66.5,-0.52,0.9
LCII,1986-08-04,0.7653414011001587,0.7653414011001587,0.7653414011001587,0.7653414011001587,13520,146.5947106933344,171.94920311764574,164.1718221486056,156.4410088497607,156.60521012488914,13.81,64.0,-0.47,1.04
LCII,1986-08-05,0.7653414011001587,0.7653414011001587,0.7653414011001587,0.7653414011001587,6280,131.55755380197292,171.94920311764574,161.6645336563031,156.4410088497607,155.8606692630778,13.78,63.0,-0.5,1.21
LCII,1986-08-06,0.7653414011001587,0.7653414011001587,0.7653414011001587,0.7653414011001587,6920,113.29745902747746,168.65850097054,161.6645336563031,155.86000106326296,155.8606692630778,13.76,62.5,-0.52,1.21
LCII,1986-08-07,0.7653414011001587,0.7653414011001587,0.7653414011001587,0.7653414011001587,8240,93.02523840968917,165.94172595820692,161.6645336563031,155.86000106326296,155.8606692630778,13.74,62.0,-0.55,1.21
LCII,1986-08-08,0.7653414011001587,0.7653414011001587,0.7653414011001587,0.7653414011001587,4240,93.02523840968917,165.94172595820692,161.6645336563031,155.86000106326296,155.07433895408874,13.65,61.5,-0.57,1.21
LCII,1986-08-11,0.7653414011001587,0.7653414011001587,0.7653414011001587,0.7653414011001587,1440,64.67317249759319,165.94172595820692,161.6645336563031,155.18756146726395,154.32241245820862,13.55,61.0,-0.59,1.21
LCII,1986-08-12,0.7653414011001587,0.7653414011001587,0.7653414011001587,0.7653414011001587,1680,64.67317249759319,165.94172595820692,161.6645336563031,155.18756146726395,154.32241245820862,13.43,60.5,-0.6,1.21
LCII,1986-08-13,0.7653414011001587,0.7653414011001587,0.7653414011001587,0.7653414011001587,15760,0.0,165.94172595820692,161.6645336563031,154.6018431832727,153.52820381231112,13.29,60.0,-0.62,1.21
LCII,1986-08-14,0.7653414726257324,0.9566768407821655,0.7653414726257324,0.9566768407821655,32480,64.67317249759314,172.5015383750502,165.5764367961263,156.9172633255508,155.1734204175008,13.15,65.0,-0.62,1.04
LCII,1986-08-15,0.9566767513751984,0.9566767513751984,0.7653414011001587,0.7653414011001587,22160,93.02523840968917,178.2979739268868,169.32318859025963,159.07144681540342,156.0067147635728,13.02,70.0,-0.63,0.89
LCII,1986-08-18,0.7653414011001587,0.9566767513751984,0.7653414011001587,0.7653414011001587,1800,93.02523840968917,178.2979739268868,169.32318859025963,159.07144681540342,155.22112430412247,12.89,69.5,-0.64,0.89
LCII,1986-08-19,0.7653414011001587,0.9566767513751984,0.7653414011001587,0.7653414011001587,15800,93.02523840968917,178.2979739268868,169.32318859025963,158.32177816259284,154.46991232958507,12.75,69.0,-0.64,0.89
LCII,1986-08-20,0.7653414011001587,0.9566767513751984,0.7653414011001587,0.7653414011001587,40520,93.02523840968917,178.2979739268868,169.32318859025963,157.4854866047772,154.46991232958507,12.59,68.5,-0.65,0.89
LCII,1986-08-21,0.7653414726257324,0.9566768407821655,0.7653414726257324,0.9566768407821655,15160,113.29745902747743,180.5939162236771,173.06206162577715,158.99803590300598,156.0964253260681,12.34,79.0,-0.65,0.75
LCII,1986-08-22,0.9566768407821655,0.9566768407821655,0.7653414726257324,0.9566768407821655,23840,113.29745902747743,180.5939162236771,173.06206162577715,158.99803590300598,156.0964253260681,12.08,78.5,-0.65,0.75
LCII,1986-08-25,0.9566767513751984,0.9566767513751984,0.7653414011001587,0.7653414011001587,11160,131.55755380197292,186.29404767049377,176.6501144818064,161.1388656285115,157.67302596108206,11.83,81.0,-0.65,0.61
LCII,1986-08-26,0.7653414011001587,0.7653414011001587,0.7653414011001587,0.7653414011001587,2800,131.55755380197292,182.21990470028672,176.6501144818064,161.1388656285115,157.67302596108206,11.56,80.5,-0.65,0.61
LCII,1986-08-27,0.7653414011001587,0.7653414011001587,0.7653414011001587,0.7653414011001587,7280,131.55755380197292,178.51018813378917,173.06206162577715,161.1388656285115,157.67302596108206,11.34,76.0,-0.65,0.75
LCII,1986-08-28,0.7653414011001587,0.9566767513751984,0.7653414011001587,0.7653414011001587,3280,131.55755380197292,178.51018813378917,169.32318859025963,160.31727001986306,157.67302596108206,11.17,63.0,-0.64,0.89
LCII,1986-08-29,0.7653414726257324,0.9566768407821655,0.7653414726257324,0.9566768407821655,11200,146.5947106933344,184.46703971049476,173.06206162577715,161.80334976906937,158.50604572971042,11.0,75.5,-0.64,0.75
LCII,1986-09-02,0.7653414011001587,0.7653414011001587,0.7653414011001587,0.7653414011001587,10640,161.12443931178933,190.05104145993246,176.6501144818064,163.9075428146054,160.0503508126474,10.86,80.0,-0.64,0.61
LCII,1986-09-03,0.7653414011001587,0.7653414011001587,0.7653414011001587,0.7653414011001587,840,161.12443931178933,190.05104145993246,174.15496204301886,163.9075428146054,159.3219105463067,10.74,76.0,-0.54,0.74
LCII,1986-09-04,0.7653414011001587,0.7653414011001587,0.7653414011001587,0.7653414011001587,13120,161.12443931178933,190.05104145993246,174.15496204301886,163.9075428146054,159.3219105463067,10.59,75.5,-0.44,0.74
LCII,1986-09-05,0.7653414011001587,0.7653414011001587,0.7653414011001587,0.7653414011001587,125320,161.12443931178933,190.05104145993246,171.79343718233798,163.9075428146054,159.3219105463067,10.47,63.0,-0.43,0.87
LCII,1986-09-08,0.7653414011001587,0.7653414011001587,0.7653414011001587,0.7653414011001587,10200,161.12443931178933,184.46703971049476,171.79343718233798,162.91956934602297,159.3219105463067,10.33,62.5,-0.41,0.87
LCII,1986-09-09,0.7653414011001587,0.7653414011001587,0.7653414011001587,0.7653414011001587,3520,161.12443931178933,178.51018813378917,169.22669091101417,162.91956934602297,159.3219105463067,10.21,53.0,-0.29,1.02
LCII,1986-09-10,0.7653414011001587,0.7653414011001587,0.7653414011001587,0.7653414011001587,2840,161.12443931178933,172.55311543727368,166.79540512678545,162.91956934602297,159.3219105463067,10.12,48.0,-0.27,1.17
LCII,1986-09-11,0.7653414011001587,0.7653414011001587,0.7653414011001587,0.7653414011001587,4800,161.12443931178933,172.55311543727368,166.79540512678545,162.91956934602297,158.55274692996787,10.01,47.5,-0.24,1.17
LCII,1986-09-12,0.7653414011001587,0.7653414011001587,0.7653414011001587,0.7653414011001587,16560,161.12443931178933,166.16972099367757,166.79540512678545,162.91956934602297,157.81739430085736,9.9,47.0,-0.21,1.17
LCII,1986-09-15,0.7653414011001587,0.7653414011001587,0.7653414011001587,0.7653414011001587,4800,161.12443931178933,159.7531425502013,166.79540512678545,162.91956934602297,157.81739430085736,9.78,46.5,-0.18,1.17
LCII,1986-09-16,0.7653414011001587,0.7653414011001587,0.7653414011001587,0.7653414011001587,13480,161.12443931178933,152.8360725832501,164.1505255220906,162.91956934602297,157.0408619526312,9.71,41.0,-0.02,1.34
LCII,1986-09-17,0.7653414011001587,0.7653414011001587,0.7653414011001587,0.7653414011001587,80400,161.12443931178933,145.83399967847274,161.64290669217462,162.91956934602297,157.0408619526312,9.66,33.0,0.02,1.52
LCII,1986-09-18,0.7653414011001587,0.7653414011001587,0.7653414011001587,0.7653414011001587,5640,161.12443931178933,138.2221183104511,161.64290669217462,162.91956934602297,157.0408619526312,9.59,32.5,0.06,1.52
LCII,1986-09-19,0.7653414011001587,0.7653414011001587,0.7653414011001587,0.7653414011001587,920,161.12443931178933,130.437894684699,161.64290669217462,162.91956934602297,157.0408619526312,9.5,32.0,0.11,1.52
LCII,1986-09-22,0.7653414011001587,0.7653414011001587,0.7653414011001587,0.7653414011001587,60280,161.12443931178933,130.437894684699,161.64290669217462,161.8536951182272,157.0408619526312,9.4,31.5,0.16,1.52
LCII,1986-09-23,0.7653414011001587,0.7653414011001587,0.7653414011001587,0.7653414011001587,109360,161.12443931178933,121.86813733615602,161.64290669217462,161.8536951182272,157.0408619526312,9.31,31.0,0.21,1.52
LCII,1986-09-24,0.7653414011001587,0.7653414011001587,0.7653414011001587,0.7653414011001587,22760,161.12443931178933,121.86813733615602,161.64290669217462,161.8536951182272,156.29839636957,9.21,30.5,0.27,1.52
LCII,1986-09-25,0.7653414011001587,0.7653414011001587,0.7653414011001587,0.7653414011001587,11040,161.12443931178933,112.96253041310855,161.64290669217462,161.8536951182272,156.29839636957,9.11,30.0,0.33,1.52
LCII,1986-09-26,0.7653414011001587,0.7653414011001587,0.7653414011001587,0.7653414011001587,31960,146.59471069333443,112.96253041310855,161.64290669217462,161.8536951182272,156.29839636957,8.98,29.5,0.39,1.52
LCII,1986-09-29,0.7653414011001587,0.7653414011001587,0.7653414011001587,0.7653414011001587,4760,131.55755380197294,112.96253041310855,161.64290669217462,161.8536951182272,156.29839636957,8.83,29.0,0.46,1.52
LCII,1986-09-30,0.7653414011001587,0.7653414011001587,0.7653414011001587,0.7653414011001587,11920,131.55755380197294,112.96253041310855,158.91229386572047,161.8536951182272,156.29839636957,8.74,17.0,0.7,1.72
LCII,1986-10-01,0.7653414011001587,0.7653414011001587,0.7653414011001587,0.7653414011001587,6320,131.55755380197294,112.96253041310855,158.91229386572047,161.8536951182272,156.29839636957,8.65,16.5,0.97,1.72
LCII,1986-10-02,0.7653414011001587,0.7653414011001587,0.7653414011001587,0.7653414011001587,5480,131.55755380197294,112.96253041310855,156.87698403767547,161.8536951182272,155.24180727387778,8.62,13.0,0.39,1.89
LCII,1986-10-03,0.7653414011001587,0.7653414011001587,0.7653414011001587,0.7653414011001587,5000,113.29745902747747,112.96253041310855,155.0593287150739,161.8536951182272,155.24180727387778,8.65,10.0,0.61,2.07
LCII,1986-10-06,0.7653414011001587,0.7653414011001587,0.7653414011001587,0.7653414011001587,200,113.29745902747747,112.96253041310855,155.0593287150739,161.8536951182272,154.14835890421685,8.64,9.5,0.85,2.07
LCII,1986-10-07,0.7653414011001587,0.7653414011001587,0.7653414011001587,0.7653414011001587,3400,93.0252384096892,112.96253041310855,155.0593287150739,161.8536951182272,154.14835890421685,8.63,9.0,1.1,2.07
LCII,1986-10-08,0.7653414011001587,0.7653414011001587,0.7653414011001587,0.7653414011001587,11600,93.0252384096892,112.96253041310855,155.0593287150739,160.8531072369941,153.07693023713222,8.63,8.5,1.36,2.07
LCII,1986-10-09,0.7653414011001587,0.7653414011001587,0.7653414011001587,0.7653414011001587,5160,93.0252384096892,112.96253041310855,155.0593287150739,159.77344790460768,151.96790581575863,8.62,8.0,1.64,2.07
LCII,1986-10-10,0.7653414011001587,0.7653414011001587,0.7653414011001587,0.7653414011001587,760,93.0252384096892,112.96253041310855,155.0593287150739,158.75974974689987,151.96790581575863,8.62,7.5,1.91,2.07
LCII,1986-10-13,0.7653414011001587,0.7653414011001587,0.7653414011001587,0.7653414011001587,23360,64.67317249759323,112.96253041310855,155.0593287150739,157.30748769306012,151.96790581575863,8.61,7.0,2.15,2.07
LCII,1986-10-14,0.7653414011001587,0.7653414011001587,0.7653414011001587,0.7653414011001587,80,0.0,112.96253041310855,155.0593287150739,157.30748769306012,151.96790581575863,8.61,6.5,2.31,2.07
LCII,1986-10-15,0.7653414011001587,0.7653414011001587,0.7653414011001587,0.7653414011001587,2280,0.0,112.96253041310855,155.0593287150739,157.30748769306012,151.96790581575863,8.6,6.0,2.28,2.07
LCII,1986-10-16,0.7653414011001587,0.7653414011001587,0.7653414011001587,0.7653414011001587,2800,0.0,112.96253041310855,155.0593287150739,155.7841633961553,150.88099421725678,8.6,5.5,1.8,2.07
LCII,1986-10-17,0.7653414011001587,0.7653414011001587,0.7653414011001587,0.7653414011001587,4080,0.0,112.96253041310855,152.40219708483832,155.7841633961553,149.75570854959525,8.67,1.0,2.16,2.32
LCII,1986-10-20,0.7653414011001587,0.7653414011001587,0.7653414011001587,0.7653414011001587,22880,0.0,112.96253041310855,152.40219708483832,154.30389855620632,149.75570854959525,8.72,1.5,2.56,2.32
LCII,1986-10-21,0.7653414011001587,0.7653414011001587,0.7653414011001587,0.7653414011001587,14080,0.0,112.96253041310855,152.40219708483832,154.30389855620632,149.75570854959525,8.77,2.0,3.0,2.32
LCII,1986-10-22,0.7653414011001587,0.7653414011001587,0.7653414011001587,0.7653414011001587,2880,0.0,112.96253041310855,149.5029014235373,152.75062353516518,146.91247215327436,8.9,1.0,1.09,2.59
LCII,1986-10-23,0.7653414011001587,0.7653414011001587,0.7653414011001587,0.7653414011001587,9960,0.0,112.96253041310855,146.745193409435,151.24067090232626,146.4135760440316,9.12,1.0,1.44,2.88
LCII,1986-10-24,0.7653414011001587,0.7653414011001587,0.7653414011001587,0.7653414011001587,5880,0.0,112.96253041310855,146.745193409435,151.24067090232626,146.00765143285747,9.33,1.5,1.84,2.88
LCII,1986-10-27,0.7653414011001587,0.7653414011001587,0.7653414011001587,0.7653414011001587,3800,0.0,112.96253041310855,146.745193409435,149.65560602838605,145.65038201156764,9.53,2.0,2.31,2.88
LCII,1986-10-28,0.7653414011001587,0.7653414011001587,0.7653414011001587,0.7653414011001587,4480,0.0,112.96253041310855,146.745193409435,148.11410452866227,145.65038201156764,9.73,2.5,2.84,2.88
LCII,1986-10-29,0.7653414011001587,0.7653414011001587,0.7653414011001587,0.7653414011001587,1520,0.0,112.96253041310855,146.745193409435,148.11410452866227,145.65038201156764,9.92,3.0,3.47,2.88
LCII,1986-10-30,0.7653414011001587,0.7653414011001587,0.7653414011001587,0.7653414011001587,5440,0.0,112.96253041310855,146.745193409435,148.11410452866227,145.65038201156764,10.11,3.5,4.21,2.88
LCII,1986-10-31,0.7653414011001587,0.7653414011001587,0.7653414011001587,0.7653414011001587,12520,0.0,112.96253041310855,146.745193409435,148.11410452866227,145.65038201156764,10.29,4.0,5.11,2.88
LCII,1986-11-03,0.7653414011001587,0.7653414011001587,0.7653414011001587,0.7653414011001587,1280,0.0,112.96253041310855,142.40563899123325,148.11410452866227,145.19576606461584,10.57,1.0,5.11,3.25
LCII,1986-11-04,0.7653414011001587,0.7653414011001587,0.7653414011001587,0.7653414011001587,3480,0.0,112.96253041310855,137.83769816965824,148.11410452866227,143.4140426565113,10.94,1.0,6.21,3.66
LCII,1986-11-05,0.7653415203094482,0.7653415203094482,0.5740061402320862,0.5740061402320862,2440,83.378140757042,127.42248802853841,140.81910229535302,151.94209019303847,146.1991534686926,11.22,2.0,5.92,3.81
LCII,1986-11-06,0.5740061402320862,0.7653415203094482,0.5740061402320862,0.5740061402320862,57440,83.378140757042,127.42248802853841,140.81910229535302,151.94209019303847,146.1991534686926,11.5,2.5,5.47,3.81
LCII,1986-11-07,0.5740061402320862,0.7653415203094482,0.5740061402320862,0.5740061402320862,13560,83.378140757042,118.24928574266207,136.07793285609648,151.94209019303847,146.1991534686926,11.86,1.0,5.79,4.27
LCII,1986-11-10,0.5740061402320862,0.7653415203094482,0.5740061402320862,0.5740061402320862,5200,83.378140757042,109.46679570965279,131.51083156609732,151.94209019303847,146.1991534686926,12.31,1.0,5.19,4.88
LCII,1986-11-11,0.5740061402320862,0.7653415203094482,0.5740061402320862,0.5740061402320862,2760,83.378140757042,109.46679570965279,126.42105464805151,149.66408101543195,145.85063299019333,12.84,1.0,5.3,5.5
LCII,1986-11-12,0.5740061402320862,0.7653415203094482,0.5740061402320862,0.5740061402320862,6200,83.378140757042,109.46679570965279,121.49147322813954,147.25625112690108,145.85063299019333,13.45,1.0,4.69,6.34
LCII,1986-11-13,0.574006050825119,0.7653414011001587,0.574006050825119,0.7653414011001587,4720,119.93027591725318,124.80691326153561,124.93098177978841,151.2152218072103,148.74541784854407,13.9,2.0,5.33,6.56
LCII,1986-11-14,0.5740061402320862,0.5740061402320862,0.5740061402320862,0.5740061402320862,4480,146.06568877628163,129.61144200721535,128.2128649669023,154.9666225937242,151.44048118094986,14.18,4.0,4.69,6.62
LCII,1986-11-17,0.5740061402320862,0.7653415203094482,0.5740061402320862,0.5740061402320862,3360,146.06568877628163,129.61144200721535,128.2128649669023,154.9666225937242,151.01223781118514,14.46,4.5,4.12,6.62
LCII,1986-11-18,0.5740061402320862,0.5740061402320862,0.5740061402320862,0.5740061402320862,920,146.06568877628163,121.65201060187563,122.98667806774979,154.9666225937242,151.01223781118514,14.8,2.0,4.04,7.56
LCII,1986-11-19,0.5740061402320862,0.5740061402320862,0.5740061402320862,0.5740061402320862,1120,146.06568877628163,121.65201060187563,122.98667806774979,154.9666225937242,151.01223781118514,15.13,2.5,3.91,7.56
LCII,1986-11-20,0.5740061402320862,0.7653415203094482,0.5740061402320862,0.5740061402320862,43800,146.06568877628163,121.65201060187563,117.91360392659722,153.39331612093977,150.51796178233184,15.56,1.0,3.4,8.79
LCII,1986-11-21,0.5740061402320862,0.5740061402320862,0.5740061402320862,0.5740061402320862,1640,146.06568877628163,121.65201060187563,117.91360392659722,151.9167585997262,150.51796178233184,15.94,1.5,2.95,8.79
LCII,1986-11-24,0.5740061402320862,0.5740061402320862,0.5740061402320862,0.5740061402320862,2520,146.06568877628163,112.00720872669577,117.91360392659722,151.9167585997262,150.0870862117451,16.32,2.0,2.56,8.79
LCII,1986-11-25,0.5740061402320862,0.7653415203094482,0.5740061402320862,0.5740061402320862,43440,146.06568877628163,102.69226159275442,117.91360392659722,150.31153267770344,150.0870862117451,16.7,2.5,2.21,8.79
LCII,1986-11-26,0.5740061402320862,0.5740061402320862,0.5740061402320862,0.5740061402320862,360,146.06568877628163,102.69226159275442,117.91360392659722,148.80439835162545,150.0870862117451,17.05,3.0,1.9,8.79
LCII,1986-11-28,0.5740061402320862,0.5740061402320862,0.5740061402320862,0.5740061402320862,880,146.06568877628163,102.69226159275442,117.91360392659722,148.80439835162545,150.0870862117451,17.37,3.5,1.62,8.79
LCII,1986-12-01,0.5740061402320862,0.5740061402320862,0.5740061402320862,0.5740061402320862,4400,146.06568877628163,102.69226159275442,117.91360392659722,148.80439835162545,149.52204648178147,17.67,4.0,1.37,8.79
LCII,1986-12-02,0.5740061402320862,0.5740061402320862,0.5740061402320862,0.5740061402320862,4520,146.06568877628163,102.69226159275442,117.91360392659722,148.80439835162545,148.88955686338656,17.94,4.5,1.14,8.79
LCII,1986-12-03,0.5740061402320862,0.7653415203094482,0.5740061402320862,0.5740061402320862,3600,146.06568877628163,102.69226159275442,117.91360392659722,148.80439835162545,148.31995509554278,18.18,5.0,0.94,8.79
LCII,1986-12-04,0.5740061402320862,0.7653415203094482,0.5740061402320862,0.5740061402320862,2600,146.06568877628163,102.69226159275442,117.91360392659722,148.80439835162545,148.31995509554278,18.4,5.5,0.75,8.79
LCII,1986-12-05,0.5740061402320862,0.5740061402320862,0.5740061402320862,0.5740061402320862,1800,146.06568877628163,102.69226159275442,117.91360392659722,148.80439835162545,148.31995509554278,18.6,6.0,0.58,8.79
LCII,1986-12-08,0.5740061402320862,0.7653415203094482,0.5740061402320862,0.5740061402320862,12920,146.06568877628163,102.69226159275442,117.91360392659722,148.80439835162545,148.31995509554278,18.77,6.5,0.43,8.79
LCII,1986-12-09,0.5740061402320862,0.5740061402320862,0.5740061402320862,0.5740061402320862,9280,146.06568877628163,102.69226159275442,117.91360392659722,148.80439835162545,148.31995509554278,18.92,7.0,0.29,8.79
LCII,1986-12-10,0.5740061402320862,0.5740061402320862,0.5740061402320862,0.5740061402320862,5800,146.06568877628163,102.69226159275442,117.91360392659722,148.80439835162545,147.68231728416043,19.1,7.5,0.17,8.79
LCII,1986-12-11,0.574006050825119,0.7653414011001587,0.574006050825119,0.7653414011001587,5240,169.60702274132674,118.90957415602968,126.61486923765379,152.72324243232947,149.95935154459542,19.17,20.0,0.17,7.66
LCII,1986-12-12,0.5740061402320862,0.5740061402320862,0.5740061402320862,0.5740061402320862,15840,188.99327109523773,132.72318563091702,134.59903201322993,156.43848500591537,152.651852172403,19.14,24.0,0.05,6.65
LCII,1986-12-15,0.5740061402320862,0.7653415203094482,0.5740061402320862,0.5740061402320862,14160,188.99327109523773,132.72318563091702,134.59903201322993,156.43848500591537,152.651852172403,19.1,24.5,-0.05,6.65
LCII,1986-12-16,0.574006050825119,0.7653414011001587,0.574006050825119,0.7653414011001587,5680,207.72533125443653,145.63389110695516,142.28354275884553,160.17065711671682,155.40147783194692,19.0,30.0,-0.05,5.85
LCII,1986-12-17,0.5740061402320862,0.5740061402320862,0.5740061402320862,0.5740061402320862,4120,223.8341519984528,157.1152042833634,149.43286401203233,163.71698205471174,158.00126635044018,18.88,39.0,-0.15,5.13
LCII,1986-12-18,0.5740061402320862,0.7653415203094482,0.5740061402320862,0.5740061402320862,13320,207.72533125443653,157.1152042833634,149.43286401203233,163.71698205471174,157.27456922496972,18.76,39.5,-0.24,5.13
LCII,1986-12-19,0.574006050825119,0.7653414011001587,0.574006050825119,0.7653414011001587,13680,223.83415199845285,168.16353246746644,156.3901786172913,165.190153509646,159.93369843127024,18.67,55.0,-0.24,4.55
LCII,1986-12-22,0.7653415203094482,0.7653415203094482,0.5740061402320862,0.5740061402320862,19600,239.8605518345062,178.1991325174934,162.92164458652692,166.52779215187812,162.47185085908677,18.64,75.0,-0.32,4.02
LCII,1986-12-23,0.5740061402320862,0.5740061402320862,0.5740061402320862,0.5740061402320862,10640,239.8605518345062,178.1991325174934,162.92164458652692,166.52779215187812,162.47185085908677,18.61,75.5,-0.39,4.02
LCII,1986-12-24,0.5740061402320862,0.7653415203094482,0.5740061402320862,0.5740061402320862,1400,239.8605518345062,178.1991325174934,162.92164458652692,166.52779215187812,162.47185085908677,18.6,76.0,-0.45,4.02
LCII,1986-12-26,0.5740061402320862,0.7653415203094482,0.5740061402320862,0.5740061402320862,2240,239.8605518345062,178.1991325174934,162.92164458652692,165.06471722161564,162.47185085908677,18.61,75.5,-0.51,4.02
LCII,1986-12-29,0.5740061402320862,0.5740061402320862,0.5740061402320862,0.5740061402320862,3840,223.8341519984528,178.1991325174934,162.92164458652692,165.06471722161564,162.47185085908677,18.62,75.0,-0.56,4.02
LCII,1986-12-30,0.5740061402320862,0.7653415203094482,0.5740061402320862,0.5740061402320862,12680,207.72533125443653,178.1991325174934,162.92164458652692,163.6934726381014,162.47185085908677,18.63,74.5,-0.61,4.02
LCII,1986-12-31,0.5740061402320862,0.7653415203094482,0.5740061402320862,0.5740061402320862,15800,207.72533125443653,178.1991325174934,162.92164458652692,163.6934726381014,162.47185085908677,18.64,74.0,-0.65,4.02
LCII,1987-01-02,0.5740061402320862,0.5740061402320862,0.5740061402320862,0.5740061402320862,14240,207.72533125443653,178.1991325174934,162.92164458652692,162.20483438169674,162.47185085908677,18.64,73.5,-0.69,4.02
LCII,1987-01-05,0.5740061402320862,0.5740061402320862,0.5740061402320862,0.5740061402320862,13800,207.72533125443653,178.1991325174934,162.92164458652692,160.8092049904563,161.70674422796105,18.65,73.0,-0.72,4.02
LCII,1987-01-06,0.5740061402320862,0.5740061402320862,0.5740061402320862,0.5740061402320862,1000,207.72533125443653,178.1991325174934,162.92164458652692,160.8092049904563,161.70674422796105,18.66,72.5,-0.75,4.02
LCII,1987-01-07,0.5740061402320862,0.7653415203094482,0.5740061402320862,0.5740061402320862,29480,207.72533125443653,178.1991325174934,158.8415767798148,160.8092049904563,161.70674422796105,18.62,57.0,-0.89,4.48
LCII,1987-01-08,0.574006050825119,0.7653414011001587,0.574006050825119,0.7653414011001587,5400,223.83415199845285,188.01254496687395,161.667092025018,164.44220936218733,164.3049070158744,18.55,69.0,-0.89,4.44
LCII,1987-01-09,0.7653414011001587,0.7653414011001587,0.574006050825119,0.7653414011001587,44080,223.83415199845285,188.01254496687395,161.667092025018,162.98558249322298,164.3049070158744,18.49,69.5,-0.89,4.44
LCII,1987-01-12,0.7653414011001587,0.7653414011001587,0.7653414011001587,0.7653414011001587,24520,223.83415199845285,188.01254496687395,161.667092025018,161.5713082365158,164.3049070158744,18.42,70.0,-0.89,4.44
LCII,1987-01-13,0.7653414011001587,0.7653414011001587,0.7653414011001587,0.7653414011001587,27800,223.83415199845285,188.01254496687395,161.667092025018,161.5713082365158,164.3049070158744,18.36,70.5,-0.89,4.44
LCII,1987-01-14,0.7653414011001587,0.7653414011001587,0.7653414011001587,0.7653414011001587,28600,223.83415199845285,188.01254496687395,157.65821787662702,161.5713082365158,164.3049070158744,18.22,57.0,-1.08,4.96
LCII,1987-01-15,0.7653414011001587,0.7653414011001587,0.7653414011001587,0.7653414011001587,38600,223.83415199845285,188.01254496687395,157.65821787662702,161.5713082365158,164.3049070158744,18.09,57.5,-1.37,4.96
LCII,1987-01-16,0.7653414011001587,0.7653414011001587,0.7653414011001587,0.7653414011001587,15960,223.83415199845285,188.01254496687395,153.627236816142,161.5713082365158,164.3049070158744,17.89,45.0,-1.37,5.54
LCII,1987-01-19,0.7653414011001587,0.7653414011001587,0.7653414011001587,0.7653414011001587,2760,223.83415199845285,188.01254496687395,153.627236816142,161.5713082365158,164.3049070158744,17.68,45.5,-1.37,5.54
LCII,1987-01-20,0.7653414011001587,0.7653414011001587,0.7653414011001587,0.7653414011001587,8440,223.83415199845285,188.01254496687395,153.627236816142,161.5713082365158,164.3049070158744,17.52,46.0,-1.37,5.54
LCII,1987-01-21,0.7653414011001587,0.7653414011001587,0.7653414011001587,0.7653414011001587,6120,223.83415199845285,188.01254496687395,153.627236816142,161.5713082365158,163.5954120822738,17.4,46.5,-1.37,5.54
LCII,1987-01-22,0.7653414011001587,0.7653414011001587,0.7653414011001587,0.7653414011001587,2080,223.83415199845285,188.01254496687395,149.40278749732656,161.5713082365158,162.84643451203365,17.23,39.0,-1.8,6.22
LCII,1987-01-23,0.7653414011001587,0.7653414011001587,0.7653414011001587,0.7653414011001587,11840,223.83415199845285,188.01254496687395,145.1427130093009,160.08856150892524,162.13055732389225,16.99,32.0,-1.8,7.0
LCII,1987-01-26,0.7653414011001587,0.7653414011001587,0.7653414011001587,0.7653414011001587,3080,207.72533125443658,188.01254496687395,145.1427130093009,160.08856150892524,161.11222062933805,16.79,32.5,-1.8,7.0
LCII,1987-01-27,0.7653414011001587,0.7653414011001587,0.7653414011001587,0.7653414011001587,8160,188.99327109523776,188.01254496687395,145.1427130093009,159.0037108797383,161.11222062933805,16.58,33.0,-1.8,7.0
LCII,1987-01-28,0.7653414011001587,0.7653414011001587,0.7653414011001587,0.7653414011001587,14360,188.99327109523776,188.01254496687395,145.1427130093009,157.98507384528224,161.11222062933805,16.4,33.5,-1.8,7.0
LCII,1987-01-29,0.7653414011001587,0.7653414011001587,0.7653414011001587,0.7653414011001587,5640,169.60702274132677,188.01254496687395,145.1427130093009,157.98507384528224,160.05888123849905,16.21,34.0,-1.8,7.0
LCII,1987-01-30,0.7653414011001587,0.7653414011001587,0.7653414011001587,0.7653414011001587,20680,146.0656887762817,188.01254496687395,145.1427130093009,157.98507384528224,160.05888123849905,16.06,34.5,-1.8,7.0
LCII,1987-02-02,0.7653414011001587,0.7653414011001587,0.7653414011001587,0.7653414011001587,2680,146.0656887762817,178.1991325174934,145.1427130093009,157.98507384528224,159.0272790475915,15.93,35.0,-1.8,7.0
LCII,1987-02-03,0.7653414011001587,0.7653414011001587,0.7653414011001587,0.7653414011001587,21560,119.9302759172532,178.1991325174934,145.1427130093009,157.98507384528224,159.0272790475915,15.8,35.5,-1.8,7.0
LCII,1987-02-04,0.7653414011001587,0.7653414011001587,0.7653414011001587,0.7653414011001587,35640,83.37814075704206,178.1991325174934,145.1427130093009,157.98507384528224,157.9600370615428,15.66,36.0,-1.8,7.0
LCII,1987-02-05,0.7653414011001587,0.7653414011001587,0.7653414011001587,0.7653414011001587,21240,83.37814075704206,178.1991325174934,145.1427130093009,157.98507384528224,156.91463706883613,15.53,36.5,-1.8,7.0
LCII,1987-02-06,0.7653414011001587,0.7653414011001587,0.7653414011001587,0.7653414011001587,16320,83.37814075704206,178.1991325174934,145.1427130093009,157.98507384528224,156.91463706883613,15.42,37.0,-1.8,7.0
LCII,1987-02-09,0.7653414011001587,0.7653414011001587,0.7653414011001587,0.7653414011001587,1920,83.37814075704206,178.1991325174934,145.1427130093009,157.98507384528224,155.83292705217343,15.33,37.5,-1.8,7.0
LCII,1987-02-10,0.7653414011001587,0.7653414011001587,0.7653414011001587,0.7653414011001587,5520,83.37814075704206,168.16353246746644,145.1427130093009,157.98507384528224,154.77316037223184,15.25,38.0,-1.8,7.0
LCII,1987-02-11,0.7653414011001587,0.7653414011001587,0.7653414011001587,0.7653414011001587,5920,83.37814075704206,157.11520428336343,145.1427130093009,156.5256244277699,154.77316037223184,15.16,38.5,-1.8,7.0
LCII,1987-02-12,0.7653414011001587,0.7653414011001587,0.7653414011001587,0.7653414011001587,15440,83.37814075704206,157.11520428336343,145.1427130093009,156.5256244277699,154.77316037223184,15.07,39.0,-1.8,7.0
LCII,1987-02-13,0.7653414011001587,0.7653414011001587,0.7653414011001587,0.7653414011001587,4400,83.37814075704206,157.11520428336343,145.1427130093009,156.5256244277699,154.77316037223184,14.97,39.5,-1.8,7.0
LCII,1987-02-17,0.7653414011001587,0.7653414011001587,0.7653414011001587,0.7653414011001587,21800,83.37814075704206,157.11520428336343,145.1427130093009,154.99461598146246,154.77316037223184,14.88,40.0,-1.8,7.0
LCII,1987-02-18,0.7653414011001587,0.7653414011001587,0.7653414011001587,0.7653414011001587,8360,83.37814075704206,157.11520428336343,145.1427130093009,153.5067377278438,154.77316037223184,14.78,40.5,-1.8,7.0
LCII,1987-02-19,0.7653414011001587,0.7653414011001587,0.7653414011001587,0.7653414011001587,13760,83.37814075704206,157.11520428336343,145.1427130093009,153.5067377278438,154.77316037223184,14.68,41.0,-1.8,7.0
LCII,1987-02-20,0.7653414011001587,0.7653414011001587,0.7653414011001587,0.7653414011001587,4640,0.0,157.11520428336343,145.1427130093009,153.5067377278438,154.77316037223184,14.58,41.5,-1.8,7.0
LCII,1987-02-23,0.7653414011001587,0.7653414011001587,0.7653414011001587,0.7653414011001587,4360,0.0,157.11520428336343,145.1427130093009,153.5067377278438,154.77316037223184,14.5,42.0,-1.8,7.0
LCII,1987-02-24,0.7653414011001587,0.7653414011001587,0.7653414011001587,0.7653414011001587,14800,0.0,157.11520428336343,145.1427130093009,153.5067377278438,154.77316037223184,14.42,42.5,-1.8,7.0
LCII,1987-02-25,0.7653414011001587,0.7653414011001587,0.7653414011001587,0.7653414011001587,26200,0.0,157.11520428336343,145.1427130093009,153.5067377278438,153.1561304995536,14.37,43.0,-1.8,7.0
LCII,1987-02-26,0.7653414011001587,0.7653414011001587,0.7653414011001587,0.7653414011001587,31320,0.0,157.11520428336343,145.1427130093009,153.5067377278438,151.50875179670064,14.32,43.5,-1.8,7.0
LCII,1987-02-27,0.7653414011001587,0.7653414011001587,0.7653414011001587,0.7653414011001587,116880,0.0,157.11520428336343,145.1427130093009,151.21909707780887,151.50875179670064,14.28,44.0,-1.8,7.0
LCII,1987-03-02,0.7653414011001587,0.7653414011001587,0.7653414011001587,0.7653414011001587,22200,0.0,157.11520428336343,145.1427130093009,148.87015567790795,151.50875179670064,14.23,44.5,-1.8,7.0
LCII,1987-03-03,0.7653414011001587,0.7653414011001587,0.7653414011001587,0.7653414011001587,77440,0.0,157.11520428336343,145.1427130093009,146.510136320827,151.50875179670064,14.18,45.0,-1.8,7.0
LCII,1987-03-04,0.7653414011001587,0.9566767513751984,0.7653414011001587,0.7653414011001587,309360,0.0,157.11520428336343,145.1427130093009,146.510136320827,151.50875179670064,14.14,45.5,-1.8,7.0
LCII,1987-03-05,0.7653414011001587,0.9566767513751984,0.7653414011001587,0.7653414011001587,9680,0.0,157.11520428336343,145.1427130093009,144.08444737473948,151.50875179670064,14.09,46.0,-1.8,7.0
LCII,1987-03-06,0.7653415203094482,1.1480122804641724,0.7653415203094482,1.1480122804641724,58320,117.51499792402156,177.2681694595645,158.77449279032547,149.54883446992812,155.80025759791997,14.13,85.0,1.52,6.64
LCII,1987-03-09,1.1480122089385985,1.1480122089385985,0.9566768407821655,0.9566768407821655,70040,130.5001490689457,181.65918063582208,161.50743544201023,148.81092299881414,155.80025759791997,14.19,86.0,1.36,6.15
LCII,1987-03-10,0.9566768407821655,1.1480122089385985,0.9566768407821655,0.9566768407821655,39040,130.5001490689457,172.09153417867049,161.50743544201023,146.42335447016558,155.80025759791997,14.26,85.5,1.19,6.15
LCII,1987-03-11,0.9566768407821655,0.9566768407821655,0.9566768407821655,0.9566768407821655,19080,130.5001490689457,161.02892440892126,161.50743544201023,144.02324648291506,154.7212326755661,14.33,85.0,1.03,6.15
LCII,1987-03-12,0.9566768407821655,0.9566768407821655,0.9566768407821655,0.9566768407821655,8000,130.5001490689457,161.02892440892126,161.50743544201023,141.55494854654594,153.64324948640683,14.42,84.5,0.87,6.15
LCII,1987-03-13,0.9566768407821655,0.9566768407821655,0.9566768407821655,0.9566768407821655,6880,130.5001490689457,150.1524316252799,161.50743544201023,141.55494854654594,153.64324948640683,14.5,84.0,0.72,6.15
LCII,1987-03-16,0.9566768407821655,0.9566768407821655,0.9566768407821655,0.9566768407821655,11400,130.5001490689457,137.33379439639,161.50743544201023,139.07084615834492,153.64324948640683,14.58,83.5,0.58,6.15
LCII,1987-03-17,0.9566768407821655,0.9566768407821655,0.9566768407821655,0.9566768407821655,11400,130.5001490689457,137.33379439639,161.50743544201023,139.07084615834492,153.64324948640683,14.68,83.0,0.44,6.15
LCII,1987-03-18,0.9566768407821655,0.9566768407821655,0.9566768407821655,0.9566768407821655,3400,130.5001490689457,124.40260973950747,161.50743544201023,136.51303301053275,153.64324948640683,14.78,82.5,0.3,6.15
LCII,1987-03-19,0.9566768407821655,0.9566768407821655,0.7653414726257324,0.9566768407821655,9360,130.5001490689457,108.5855776349961,161.50743544201023,136.51303301053275,153.64324948640683,14.88,82.0,0.18,6.15
LCII,1987-03-20,0.9566767513751984,0.9566767513751984,0.7653414011001587,0.7653414011001587,2920,146.6334363209603,118.50917494885802,165.42305366195714,139.07084615834492,155.2552059505721,15.03,100.0,0.18,5.58
LCII,1987-03-23,0.7653414726257324,0.9566768407821655,0.7653414726257324,0.9566768407821655,7520,160.26223475353302,126.66624950147502,169.17320253254587,141.55494854654594,156.86324430329947,15.24,100.0,0.06,5.0
LCII,1987-03-24,0.9566767513751984,0.9566767513751984,0.7653414011001587,0.7653414011001587,52040,173.65212244160045,135.26986227354266,172.91531868203415,144.02324648291506,158.4424446774567,15.5,100.0,0.06,4.54
LCII,1987-03-25,0.7653414011001587,0.9566767513751984,0.7653414011001587,0.7653414011001587,6600,173.65212244160045,135.26986227354266,172.91531868203415,144.02324648291506,158.4424446774567,15.75,99.5,0.06,4.54
LCII,1987-03-26,0.7653414011001587,0.9566767513751984,0.7653414011001587,0.7653414011001587,5520,173.65212244160045,135.26986227354266,172.91531868203415,144.02324648291506,158.4424446774567,15.99,99.0,0.06,4.54
LCII,1987-03-27,0.7653414011001587,0.9566767513751984,0.7653414011001587,0.7653414011001587,4240,173.65212244160045,135.26986227354266,172.91531868203415,144.02324648291506,158.4424446774567,16.22,98.5,0.06,4.54
LCII,1987-03-30,0.7653414011001587,0.7653414011001587,0.7653414011001587,0.7653414011001587,560,173.65212244160045,135.26986227354266,172.91531868203415,144.02324648291506,158.4424446774567,16.43,98.0,0.06,4.54
LCII,1987-03-31,0.7653414726257324,0.9566768407821655,0.7653414726257324,0.9566768407821655,12440,185.30428723959955,142.47052275896962,170.27655535916148,146.42335447016558,160.0184574165461,16.6,95.0,-0.04,4.56
LCII,1987-04-01,0.9566768407821655,0.9566768407821655,0.7653414726257324,0.9566768407821655,3440,185.30428723959955,142.47052275896962,170.27655535916148,146.42335447016558,160.0184574165461,16.76,94.5,-0.13,4.56
LCII,1987-04-02,0.9566768407821655,0.9566768407821655,0.7653414726257324,0.9566768407821655,13000,185.30428723959955,142.47052275896962,170.27655535916148,146.42335447016558,160.0184574165461,16.89,94.0,-0.21,4.56
LCII,1987-04-03,0.9566768407821655,0.9566768407821655,0.7653414726257324,0.9566768407821655,21120,185.30428723959955,130.051097965009,170.27655535916148,146.42335447016558,158.4424446774567,16.98,93.5,-0.29,4.56
LCII,1987-04-06,0.9566768407821655,0.9566768407821655,0.7653414726257324,0.9566768407821655,2240,185.30428723959955,130.051097965009,170.27655535916148,146.42335447016558,156.86324430329947,17.0,93.0,-0.35,4.56
LCII,1987-04-07,0.9566767513751984,0.9566767513751984,0.7653414011001587,0.7653414011001587,10440,196.99937718087358,138.11404546206302,174.08883096242099,148.81092299881414,158.4424446774567,16.99,100.0,-0.32,4.15
LCII,1987-04-08,0.7653414011001587,0.9566767513751984,0.7653414011001587,0.7653414011001587,4680,196.99937718087358,138.11404546206302,167.9921032639096,148.81092299881414,158.4424446774567,16.94,88.0,-0.32,4.75
LCII,1987-04-09,0.7653414011001587,0.9566767513751984,0.7653414011001587,0.7653414011001587,14200,196.99937718087358,138.11404546206302,161.5352581881811,148.81092299881414,157.37123657953623,16.85,72.0,-0.29,5.34
LCII,1987-04-10,0.7653414011001587,0.7653414011001587,0.7653414011001587,0.7653414011001587,4680,196.99937718087358,138.11404546206302,161.5352581881811,148.81092299881414,157.37123657953623,16.77,71.5,-0.26,5.34
LCII,1987-04-13,0.7653414011001587,0.7653414011001587,0.7653414011001587,0.7653414011001587,7480,196.99937718087358,138.11404546206302,161.5352581881811,148.81092299881414,156.32189904339364,16.6,71.0,-0.22,5.34
LCII,1987-04-14,0.7653415203094482,0.7653415203094482,0.5740061402320862,0.5740061402320862,3880,213.91743492701377,150.17139119002445,167.9921032639096,152.65432583599622,158.93089656042196,16.47,87.5,-0.22,4.75
LCII,1987-04-15,0.7653414011001587,0.7653414011001587,0.7653414011001587,0.7653414011001587,24320,230.63396473902222,161.69487613057183,174.08883096242099,156.4446912679231,160.4993649346126,16.31,99.5,-0.18,4.15
LCII,1987-04-16,0.7653414011001587,0.7653414011001587,0.7653414011001587,0.7653414011001587,11000,230.63396473902222,161.69487613057183,174.08883096242099,156.4446912679231,159.47061222173363,16.14,99.0,-0.13,4.15
LCII,1987-04-20,0.7653414011001587,0.7653414011001587,0.7653414011001587,0.7653414011001587,4840,196.03533532612926,161.69487613057183,174.08883096242099,156.4446912679231,159.47061222173363,15.94,98.5,-0.08,4.15
LCII,1987-04-21,0.7653414011001587,0.7653414011001587,0.7653414011001587,0.7653414011001587,1760,189.4024294586816,161.69487613057183,174.08883096242099,156.4446912679231,159.47061222173363,15.71,98.0,-0.03,4.15
LCII,1987-04-22,0.7653414011001587,0.7653414011001587,0.7653414011001587,0.7653414011001587,10080,189.4024294586816,161.69487613057183,174.08883096242099,156.4446912679231,159.47061222173363,15.47,97.5,0.03,4.15
LCII,1987-04-23,0.7653414011001587,0.7653414011001587,0.7653414011001587,0.7653414011001587,2480,189.4024294586816,161.69487613057183,174.08883096242099,156.4446912679231,158.40635716276662,15.2,97.0,0.1,4.15
LCII,1987-04-24,0.7653414011001587,0.7653414011001587,0.7653414011001587,0.7653414011001587,1040,189.4024294586816,161.69487613057183,174.08883096242099,156.4446912679231,157.3639221916465,14.9,96.5,0.17,4.15
LCII,1987-04-27,0.7653414011001587,0.7653414011001587,0.7653414011001587,0.7653414011001587,4880,189.4024294586816,161.69487613057183,174.08883096242099,156.4446912679231,157.3639221916465,14.57,96.0,0.24,4.15
LCII,1987-04-28,0.7653414011001587,0.7653414011001587,0.574006050825119,0.7653414011001587,31520,189.4024294586816,161.69487613057183,174.08883096242099,156.4446912679231,157.3639221916465,14.22,95.5,0.32,4.15
LCII,1987-04-29,0.7653414011001587,0.7653414011001587,0.7653414011001587,0.7653414011001587,11520,189.4024294586816,161.69487613057183,174.08883096242099,156.4446912679231,157.3639221916465,13.83,95.0,0.41,4.15
LCII,1987-04-30,0.7653414011001587,0.7653414011001587,0.7653414011001587,0.7653414011001587,9560,189.4024294586816,161.69487613057183,174.08883096242099,156.4446912679231,157.3639221916465,13.41,94.5,0.5,4.15
LCII,1987-05-01,0.7653414011001587,0.7653414011001587,0.7653414011001587,0.7653414011001587,1160,189.4024294586816,161.69487613057183,174.08883096242099,154.17538505368663,157.3639221916465,12.94,94.0,0.6,4.15
LCII,1987-05-04,0.7653414011001587,0.7653414011001587,0.7653414011001587,0.7653414011001587,2480,178.0187098142986,161.69487613057183,174.08883096242099,151.897814828375,157.3639221916465,12.44,93.5,0.7,4.15
LCII,1987-05-05,0.7653414011001587,0.7653414011001587,0.7653414011001587,0.7653414011001587,2560,164.98359101338346,161.69487613057183,174.08883096242099,151.897814828375,157.3639221916465,11.89,93.0,0.82,4.15
LCII,1987-05-06,0.7653414011001587,0.7653414011001587,0.7653414011001587,0.7653414011001587,3040,151.77933345079614,161.69487613057183,167.9921032639096,151.897814828375,157.3639221916465,11.5,73.0,0.82,4.75
LCII,1987-05-07,0.7653414011001587,0.7653414011001587,0.7653414011001587,0.7653414011001587,4400,151.77933345079614,161.69487613057183,161.5352581881811,151.897814828375,156.28532187874208,11.24,54.5,0.94,5.34
LCII,1987-05-08,0.7653414011001587,0.7653414011001587,0.7653414011001587,0.7653414011001587,16680,151.77933345079614,161.69487613057183,161.5352581881811,149.55953356497224,156.28532187874208,10.98,54.0,1.07,5.34
LCII,1987-05-11,0.7653414011001587,0.9566767513751984,0.7653414011001587,0.7653414011001587,5640,151.77933345079614,161.69487613057183,154.94536240588812,149.55953356497224,155.50113894648845,10.85,37.0,1.07,6.18
LCII,1987-05-12,0.7653414011001587,0.7653414011001587,0.7653414011001587,0.7653414011001587,7680,151.77933345079614,161.69487613057183,147.92010752423852,147.21056644600898,154.7512862580759,10.87,30.0,1.21,7.01
LCII,1987-05-13,0.7653414011001587,0.7653414011001587,0.7653414011001587,0.7653414011001587,1640,136.25670744037487,161.69487613057183,147.92010752423852,147.21056644600898,154.7512862580759,10.88,30.5,1.36,7.01
LCII,1987-05-14,0.7653414011001587,0.7653414011001587,0.7653414011001587,0.7653414011001587,2000,136.25670744037487,161.69487613057183,140.69393698078093,147.21056644600898,154.7512862580759,11.03,1.0,1.36,8.23
LCII,1987-05-15,0.7653414011001587,0.7653414011001587,0.7653414011001587,0.7653414011001587,960,136.25670744037487,161.69487613057183,132.91755633490342,147.21056644600898,154.7512862580759,11.33,1.0,1.53,9.51
LCII,1987-05-18,0.7653414011001587,0.7653414011001587,0.7653414011001587,0.7653414011001587,10920,136.25670744037487,161.69487613057183,132.91755633490342,144.79661185225154,154.7512862580759,11.61,1.5,1.7,9.51
LCII,1987-05-19,0.7653414011001587,0.7653414011001587,0.7653414011001587,0.7653414011001587,3680,136.25670744037487,161.69487613057183,132.91755633490342,142.36908230748116,154.7512862580759,11.88,2.0,1.89,9.51
LCII,1987-05-20,0.7653414011001587,0.7653414011001587,0.7653414011001587,0.7653414011001587,21040,119.9302759172532,161.69487613057183,132.91755633490342,142.36908230748116,154.7512862580759,12.13,2.5,2.09,9.51
LCII,1987-05-21,0.7653415203094482,0.7653415203094482,0.5740061402320862,0.5740061402320862,11200,146.06568877628166,172.1080769311293,140.69393698078093,146.38172013526096,157.37304415369806,12.24,5.5,2.09,8.23
LCII,1987-05-22,0.574006050825119,0.7653414011001587,0.574006050825119,0.7653414011001587,3800,169.60702274132677,182.24976373061537,147.92010752423852,150.33032368498093,160.03053707091814,12.27,37.0,2.3,7.01
LCII,1987-05-26,0.7653414011001587,0.7653414011001587,0.574006050825119,0.7653414011001587,560,169.60702274132677,182.24976373061537,147.92010752423852,150.33032368498093,160.03053707091814,12.29,37.5,2.53,7.01
LCII,1987-05-27,0.5740061402320862,0.5740061402320862,0.5740061402320862,0.5740061402320862,8120,188.99327109523773,191.54877592382488,154.94536240588812,154.13584466928728,161.56452758614336,12.28,45.5,2.53,6.18
LCII,1987-05-28,0.5740061402320862,0.7653415203094482,0.5740061402320862,0.5740061402320862,5600,169.60702274132677,191.54877592382488,154.94536240588812,154.13584466928728,161.56452758614336,12.27,46.0,2.53,6.18
LCII,1987-05-29,0.5740061402320862,0.7653415203094482,0.5740061402320862,0.5740061402320862,22960,146.06568877628166,191.54877592382488,154.94536240588812,154.13584466928728,161.56452758614336,12.26,46.5,2.53,6.18
LCII,1987-06-01,0.5740061402320862,0.5740061402320862,0.5740061402320862,0.5740061402320862,19440,146.06568877628166,191.54877592382488,154.94536240588812,154.13584466928728,160.50113727959493,12.26,47.0,2.53,6.18
LCII,1987-06-02,0.5740061402320862,0.7653415203094482,0.5740061402320862,0.5740061402320862,21960,146.06568877628166,171.42319367221035,147.92010752423852,154.13584466928728,159.48549908784094,12.28,38.0,2.3,7.17
LCII,1987-06-03,0.5740061402320862,0.7653415203094482,0.5740061402320862,0.5740061402320862,8520,146.06568877628166,167.6972880061514,147.92010752423852,154.13584466928728,159.48549908784094,12.3,38.5,2.09,7.17
LCII,1987-06-04,0.5740061044692992,0.9566768407821655,0.5740061044692992,0.9566768407821655,132360,210.01358030809007,198.62902054013801,168.91100974263765,165.63225709048845,167.52863699398685,12.35,74.0,1.84,8.26
LCII,1987-06-05,0.9566768407821655,0.9566768407821655,0.7653414726257324,0.9566768407821655,272480,210.01358030809007,198.62902054013801,168.91100974263765,165.63225709048845,167.52863699398685,12.4,73.5,1.61,8.26
LCII,1987-06-08,0.9566767513751984,0.9566767513751984,0.7653414011001587,0.7653414011001587,28160,220.40140574437964,203.8254091647709,172.65880861418302,167.74664425362704,169.00821008186358,12.5,80.0,1.61,7.6
LCII,1987-06-09,0.7653414011001587,0.7653414011001587,0.7653414011001587,0.7653414011001587,3520,220.40140574437964,203.8254091647709,172.65880861418302,167.74664425362704,169.00821008186358,12.6,79.5,1.61,7.6
LCII,1987-06-10,0.7653414011001587,0.7653414011001587,0.7653414011001587,0.7653414011001587,4880,220.40140574437964,203.8254091647709,172.65880861418302,167.74664425362704,169.00821008186358,12.69,79.0,1.61,7.6
LCII,1987-06-11,0.7653414011001587,0.7653414011001587,0.7653414011001587,0.7653414011001587,138160,220.40140574437964,203.8254091647709,172.65880861418302,167.74664425362704,167.52863699398685,12.78,78.5,1.61,7.6
LCII,1987-06-12,0.7653414011001587,0.9566767513751984,0.7653414011001587,0.7653414011001587,172000,220.40140574437964,203.8254091647709,172.65880861418302,167.74664425362704,166.02393133057947,12.86,78.0,1.61,7.6
LCII,1987-06-15,0.7653414011001587,0.7653414011001587,0.7653414011001587,0.7653414011001587,3520,220.40140574437964,203.8254091647709,172.65880861418302,167.74664425362704,164.517521597089,12.94,77.5,1.61,7.6
LCII,1987-06-16,0.7653414011001587,0.9566767513751984,0.7653414011001587,0.7653414011001587,18000,220.40140574437964,198.62902054013801,172.65880861418302,167.74664425362704,164.517521597089,12.99,77.0,1.61,7.6
LCII,1987-06-17,0.7653414011001587,0.7653414011001587,0.7653414011001587,0.7653414011001587,800,220.40140574437964,193.1095190008564,172.65880861418302,167.74664425362704,162.9850191700041,13.0,76.5,1.61,7.6
LCII,1987-06-18,0.7653414011001587,0.7653414011001587,0.7653414011001587,0.7653414011001587,9040,220.40140574437964,187.61656832031227,172.65880861418302,167.74664425362704,161.45025739166317,13.01,76.0,1.61,7.6
LCII,1987-06-19,0.7653414011001587,0.7653414011001587,0.7653414011001587,0.7653414011001587,2080,220.40140574437964,187.61656832031227,172.65880861418302,167.74664425362704,159.88835846687599,13.01,75.5,1.61,7.6
LCII,1987-06-22,0.7653414011001587,0.7653414011001587,0.7653414011001587,0.7653414011001587,42480,220.40140574437964,187.61656832031227,172.65880861418302,167.74664425362704,158.32358103333794,13.01,75.0,1.61,7.6
LCII,1987-06-23,0.7653414011001587,0.7653414011001587,0.7653414011001587,0.7653414011001587,5720,220.40140574437964,187.61656832031227,172.65880861418302,167.74664425362704,156.73052629471348,13.0,74.5,1.61,7.6
LCII,1987-06-24,0.7653414011001587,0.7653414011001587,0.7653414011001587,0.7653414011001587,3440,220.40140574437964,187.61656832031227,172.65880861418302,167.74664425362704,155.1339002623397,12.98,74.0,1.61,7.6
LCII,1987-06-25,0.7653414011001587,0.7653414011001587,0.7653414011001587,0.7653414011001587,75640,220.40140574437964,181.7629644242687,172.65880861418302,167.74664425362704,155.1339002623397,12.96,73.5,1.61,7.6
LCII,1987-06-26,0.7653414011001587,0.7653414011001587,0.7653414011001587,0.7653414011001587,4480,220.40140574437964,181.7629644242687,172.65880861418302,167.74664425362704,153.5077475960204,12.93,73.0,1.61,7.6
LCII,1987-06-29,0.7653414011001587,0.7653414011001587,0.7653414011001587,0.7653414011001587,400,220.40140574437964,181.7629644242687,172.65880861418302,167.74664425362704,153.5077475960204,12.89,72.5,1.61,7.6
LCII,1987-06-30,0.7653414011001587,0.7653414011001587,0.7653414011001587,0.7653414011001587,10560,220.40140574437964,181.7629644242687,172.65880861418302,167.74664425362704,151.8772455306956,12.85,72.0,1.61,7.6
LCII,1987-07-01,0.7653414011001587,0.7653414011001587,0.7653414011001587,0.7653414011001587,16840,220.40140574437964,181.7629644242687,172.65880861418302,167.74664425362704,151.8772455306956,12.81,71.5,1.61,7.6
LCII,1987-07-02,0.7653414011001587,0.7653414011001587,0.7653414011001587,0.7653414011001587,4440,220.40140574437964,175.91607549012184,172.65880861418302,167.74664425362704,151.8772455306956,12.75,71.0,1.61,7.6
LCII,1987-07-06,0.7653414011001587,0.7653414011001587,0.7653414011001587,0.7653414011001587,12080,202.84334578341804,175.91607549012184,172.65880861418302,167.74664425362704,151.8772455306956,12.69,70.5,1.61,7.6
LCII,1987-07-07,0.7653414011001587,0.7653414011001587,0.7653414011001587,0.7653414011001587,36680,184.91486844629398,175.91607549012184,172.65880861418302,167.74664425362704,151.8772455306956,12.63,70.0,1.61,7.6
LCII,1987-07-08,0.7653414011001587,0.7653414011001587,0.7653414011001587,0.7653414011001587,6200,184.91486844629398,175.91607549012184,172.65880861418302,167.74664425362704,151.8772455306956,12.56,69.5,1.61,7.6
LCII,1987-07-09,0.7653414011001587,0.7653414011001587,0.7653414011001587,0.7653414011001587,9400,163.59141740025004,175.91607549012184,172.65880861418302,167.74664425362704,151.8772455306956,12.48,69.0,1.61,7.6
LCII,1987-07-10,0.7653414011001587,0.7653414011001587,0.7653414011001587,0.7653414011001587,12360,163.59141740025004,165.3864546476302,172.65880861418302,167.74664425362704,151.8772455306956,12.39,68.5,1.61,7.6
LCII,1987-07-13,0.7653414011001587,0.7653414011001587,0.7653414011001587,0.7653414011001587,16520,163.59141740025004,154.52094422071752,172.65880861418302,167.74664425362704,151.8772455306956,12.3,68.0,1.61,7.6
LCII,1987-07-14,0.7653414011001587,0.7653414011001587,0.7653414011001587,0.7653414011001587,4560,163.59141740025004,154.52094422071752,172.65880861418302,167.74664425362704,151.8772455306956,12.2,67.5,1.61,7.6
LCII,1987-07-15,0.7653414011001587,0.7653414011001587,0.7653414011001587,0.7653414011001587,7320,163.59141740025004,154.52094422071752,172.65880861418302,167.74664425362704,151.8772455306956,12.1,67.0,1.61,7.6
LCII,1987-07-16,0.7653414011001587,0.7653414011001587,0.7653414011001587,0.7653414011001587,5640,163.59141740025004,154.52094422071752,172.65880861418302,167.74664425362704,151.8772455306956,11.98,66.5,1.61,7.6
LCII,1987-07-17,0.7653414011001587,0.7653414011001587,0.7653414011001587,0.7653414011001587,3200,64.67317249759313,154.52094422071752,172.65880861418302,167.74664425362704,151.8772455306956,11.86,66.0,1.61,7.6
LCII,1987-07-20,0.7653414011001587,0.7653414011001587,0.7653414011001587,0.7653414011001587,10400,64.67317249759313,154.52094422071752,172.65880861418302,167.74664425362704,151.8772455306956,11.73,65.5,1.61,7.6
LCII,1987-07-21,0.7653414011001587,0.7653414011001587,0.7653414011001587,0.7653414011001587,7320,0.0,154.52094422071752,172.65880861418302,167.74664425362704,151.8772455306956,11.6,65.0,1.61,7.6
LCII,1987-07-22,0.7653414011001587,0.7653414011001587,0.7653414011001587,0.7653414011001587,8640,0.0,154.52094422071752,172.65880861418302,167.74664425362704,151.8772455306956,11.45,64.5,1.61,7.6
LCII,1987-07-23,0.7653414011001587,0.7653414011001587,0.7653414011001587,0.7653414011001587,11360,0.0,154.52094422071752,172.65880861418302,167.74664425362704,151.8772455306956,11.3,64.0,1.61,7.6
LCII,1987-07-24,0.7653414011001587,0.7653414011001587,0.7653414011001587,0.7653414011001587,25400,0.0,154.52094422071752,172.65880861418302,164.21735118092613,151.8772455306956,11.14,63.5,1.61,7.6
LCII,1987-07-27,0.7653414726257324,0.9566768407821655,0.7653414726257324,0.9566768407821655,92320,64.67317249759309,161.14599536852845,176.25507074787978,166.29612158711123,153.5077475960204,10.99,100.0,1.4,6.83
LCII,1987-07-28,0.9566767513751984,0.9566767513751984,0.7653414011001587,0.7653414011001587,24640,93.02523840968912,167.72070025881195,179.8498955911061,168.43198539814253,155.1339002623397,10.88,100.0,1.4,6.31
LCII,1987-07-29,0.7653414011001587,0.9566767513751984,0.7653414011001587,0.7653414011001587,3680,93.02523840968912,167.72070025881195,167.68827305014435,168.43198539814253,155.1339002623397,10.85,33.0,0.76,7.22
LCII,1987-07-30,0.7653414726257324,0.9566768407821655,0.7653414726257324,0.9566768407821655,3520,113.29745902747742,173.8434436950613,169.0636748478158,170.45936563062693,156.73052629471348,10.84,38.0,0.76,6.89
LCII,1987-07-31,0.9566767513751984,0.9566767513751984,0.7653414011001587,0.7653414011001587,5960,131.5575538019729,179.9548398564217,172.73480229912852,172.54370165682832,158.32358103333794,10.85,78.0,0.92,6.31
LCII,1987-08-03,0.7653414726257324,0.9566768407821655,0.7653414726257324,0.9566768407821655,5800,146.59471069333438,185.67459171411176,176.401380111128,171.20099239074025,159.88835846687599,10.88,99.0,0.92,5.67
LCII,1987-08-04,0.9566768407821655,0.9566768407821655,0.9566768407821655,0.9566768407821655,14320,146.59471069333438,185.67459171411176,176.401380111128,167.71445967870343,159.88835846687599,10.91,98.5,0.92,5.67
LCII,1987-08-05,0.9566768407821655,0.9566768407821655,0.9566768407821655,0.9566768407821655,10080,146.59471069333438,185.67459171411176,176.401380111128,167.71445967870343,159.88835846687599,10.94,98.0,0.92,5.67
LCII,1987-08-06,0.9566769003868103,1.1480122804641724,0.9566769003868103,1.1480122804641724,39680,155.06960248494696,189.2439177612397,178.75996324521273,169.05309187486196,160.9144404808706,10.99,99.0,1.84,5.25
LCII,1987-08-07,1.1480122804641724,1.1480122804641724,0.9566769003868103,1.1480122804641724,42720,155.06960248494696,189.2439177612397,178.75996324521273,169.05309187486196,160.9144404808706,11.04,98.5,2.31,5.25
LCII,1987-08-10,1.1480122089385985,1.1480122089385985,0.9566768407821655,0.9566768407821655,3760,165.1275137122028,193.16997421467315,181.13454886526776,170.481942034861,161.96221574203102,11.11,100.0,2.31,4.93
LCII,1987-08-11,0.9566769003868103,1.1480122804641724,0.9566769003868103,1.1480122804641724,5120,172.69530450000886,196.60326889326697,183.43228272837695,171.79901177570488,162.9752414022069,11.2,100.0,2.52,4.57
LCII,1987-08-12,1.1480122089385985,1.1480122089385985,0.9566768407821655,0.9566768407821655,20680,181.78058852992265,200.38518874406086,182.26866900360534,173.20521104930987,164.00985178611734,11.29,99.0,2.26,4.67
LCII,1987-08-13,0.9566769003868103,1.1480122804641724,0.9566769003868103,1.1480122804641724,4400,188.6816227878648,203.69690785432564,181.1208422087142,174.50172784751172,163.50447195351043,11.37,97.0,2.32,4.79
LCII,1987-08-14,0.9566768407821655,0.9566768407821655,0.9566768407821655,0.9566768407821655,11320,197.03113700071967,207.34948468199352,179.9422819567335,175.88632041547243,162.99347943131278,11.42,96.0,2.09,4.9
LCII,1987-08-17,0.9566768407821655,0.9566768407821655,0.9566768407821655,0.9566768407821655,13160,197.03113700071967,198.2640339502196,179.9422819567335,175.88632041547243,162.99347943131278,11.47,95.5,1.88,4.9
LCII,1987-08-18,0.9566767513751984,0.9566767513751984,0.7653414011001587,0.7653414011001587,4360,208.06812511308027,195.15703127711427,183.46487351966925,177.9070863106331,164.5259030539806,11.57,100.0,1.88,4.51
LCII,1987-08-19,0.7653414011001587,0.7653414011001587,0.7653414011001587,0.7653414011001587,0,208.06812511308027,195.15703127711427,183.46487351966925,177.9070863106331,164.5259030539806,11.66,99.5,1.88,4.51
LCII,1987-08-20,0.7653414011001587,0.7653414011001587,0.7653414011001587,0.7653414011001587,560,208.06812511308027,185.72151362177445,183.46487351966925,177.9070863106331,162.99347943131278,11.75,99.0,1.88,4.51
LCII,1987-08-21,0.7653414011001587,0.9566767513751984,0.7653414011001587,0.7653414011001587,8560,208.06812511308027,185.72151362177445,179.9422819567335,177.9070863106331,162.99347943131278,11.8,92.0,2.09,5.01
LCII,1987-08-24,0.7653414011001587,0.9566767513751984,0.7653414011001587,0.7653414011001587,9600,208.06812511308027,185.72151362177445,179.9422819567335,177.9070863106331,161.45879807280082,11.85,91.5,2.32,5.01
LCII,1987-08-25,0.7653414011001587,0.9566767513751984,0.7653414011001587,0.7653414011001587,56160,208.06812511308027,185.72151362177445,179.9422819567335,177.9070863106331,161.45879807280082,11.91,91.0,2.57,5.01
LCII,1987-08-26,0.7653414011001587,0.9566767513751984,0.7653414011001587,0.7653414011001587,26680,208.06812511308027,185.72151362177445,179.9422819567335,177.9070863106331,161.45879807280082,11.96,90.5,2.84,5.01
LCII,1987-08-27,0.7653414011001587,0.9566767513751984,0.7653414011001587,0.7653414011001587,55200,208.06812511308027,185.72151362177445,179.9422819567335,177.9070863106331,161.45879807280082,12.01,90.0,3.14,5.01
LCII,1987-08-28,0.7653414011001587,0.9566767513751984,0.7653414011001587,0.7653414011001587,14320,208.06812511308027,152.87445073481175,176.42119788598407,174.62038531298555,159.89698257475473,12.02,83.0,3.14,5.45
LCII,1987-08-31,0.7653414011001587,0.9566767513751984,0.7653414011001587,0.7653414011001587,25960,208.06812511308027,152.87445073481175,176.42119788598407,171.23282610931312,158.33229037217615,12.04,82.5,3.14,5.45
LCII,1987-09-01,0.7653414726257324,0.9566768407821655,0.7653414726257324,0.9566768407821655,28600,217.88750292060314,152.87445073481175,179.9422819567335,173.22742959305816,159.89698257475473,12.07,89.5,2.84,4.9
LCII,1987-09-02,0.9566768407821655,0.9566768407821655,0.7653414726257324,0.9566768407821655,6000,217.88750292060314,152.87445073481175,179.9422819567335,169.87975615568794,159.89698257475473,12.09,89.0,2.57,4.9
LCII,1987-09-03,0.9566768407821655,0.9566768407821655,0.9566768407821655,0.9566768407821655,6680,217.88750292060314,152.87445073481175,179.9422819567335,166.36553651901926,159.89698257475473,12.11,88.5,2.32,4.9
LCII,1987-09-04,0.9566768407821655,0.9566768407821655,0.9566768407821655,0.9566768407821655,25000,217.88750292060314,152.87445073481175,173.83566070745587,166.36553651901926,159.89698257475473,12.11,60.0,2.26,5.47
LCII,1987-09-08,0.9566768407821655,0.9566768407821655,0.9566768407821655,0.9566768407821655,6600,208.06812511308027,152.87445073481175,167.82712357618635,162.87688887426356,159.89698257475473,12.11,21.0,2.03,6.32
LCII,1987-09-09,0.9566768407821655,0.9566768407821655,0.9566768407821655,0.9566768407821655,11920,197.03113700071967,152.87445073481175,167.82712357618635,159.20816913432662,159.89698257475473,12.1,21.5,1.83,6.32
LCII,1987-09-10,0.9566768407821655,0.9566768407821655,0.9566768407821655,0.9566768407821655,14600,197.03113700071967,152.87445073481175,167.82712357618635,159.20816913432662,159.89698257475473,12.09,22.0,1.64,6.32
LCII,1987-09-11,0.9566768407821655,0.9566768407821655,0.9566768407821655,0.9566768407821655,19880,186.11461443662327,152.87445073481175,167.82712357618635,159.20816913432662,159.89698257475473,12.08,22.5,1.46,6.32
LCII,1987-09-14,0.9566768407821655,0.9566768407821655,0.9566768407821655,0.9566768407821655,1680,173.6881514859804,152.87445073481175,167.82712357618635,159.20816913432662,159.89698257475473,12.08,23.0,1.3,6.32
LCII,1987-09-15,0.9566768407821655,0.9566768407821655,0.9566768407821655,0.9566768407821655,920,161.1984947997761,152.87445073481175,167.82712357618635,159.20816913432662,159.89698257475473,12.07,23.5,1.15,6.32
LCII,1987-09-16,0.9566768407821655,0.9566768407821655,0.9566768407821655,0.9566768407821655,4280,161.1984947997761,152.87445073481175,167.82712357618635,159.20816913432662,159.89698257475473,12.06,24.0,1.01,6.32
LCII,1987-09-17,0.9566768407821655,1.1480122089385985,0.9566768407821655,0.9566768407821655,69280,161.1984947997761,152.87445073481175,167.82712357618635,159.20816913432662,159.89698257475473,12.05,24.5,0.88,6.32
LCII,1987-09-18,0.9566768407821655,0.9566768407821655,0.9566768407821655,0.9566768407821655,23800,151.65792646149188,152.87445073481175,167.82712357618635,159.20816913432662,159.89698257475473,12.04,25.0,0.76,6.32
LCII,1987-09-21,0.9566768407821655,0.9566768407821655,0.9566768407821655,0.9566768407821655,840,151.65792646149188,152.87445073481175,167.82712357618635,159.20816913432662,159.89698257475473,12.03,25.5,0.65,6.32
LCII,1987-09-22,0.9566768407821655,0.9566768407821655,0.9566768407821655,0.9566768407821655,2720,142.15438137532777,152.87445073481175,167.82712357618635,159.20816913432662,159.89698257475473,12.02,26.0,0.55,6.32
LCII,1987-09-23,0.9566768407821655,0.9566768407821655,0.9566768407821655,0.9566768407821655,45480,131.2365805600251,152.87445073481175,167.82712357618635,159.20816913432662,159.89698257475473,12.01,26.5,0.46,6.32
LCII,1987-09-24,0.9566768407821655,0.9566768407821655,0.9566768407821655,0.9566768407821655,13440,120.12818804381769,152.87445073481175,167.82712357618635,155.55908943935876,159.89698257475473,12.0,27.0,0.37,6.32
LCII,1987-09-25,0.9566768407821655,0.9566768407821655,0.9566768407821655,0.9566768407821655,12440,106.98576305086877,152.87445073481175,167.82712357618635,155.55908943935876,159.89698257475473,11.99,27.5,0.29,6.32
LCII,1987-09-28,0.9566768407821655,0.9566768407821655,0.9566768407821655,0.9566768407821655,13640,93.02523840968915,152.87445073481175,167.82712357618635,155.55908943935876,159.89698257475473,11.99,28.0,0.22,6.32
LCII,1987-09-29,0.9566768407821655,0.9566768407821655,0.9566768407821655,0.9566768407821655,5520,93.02523840968915,152.87445073481175,167.82712357618635,155.55908943935876,159.89698257475473,11.97,27.5,0.15,6.32
LCII,1987-09-30,0.9566768407821655,0.9566768407821655,0.9566768407821655,0.9566768407821655,1040,64.67317249759313,152.87445073481175,167.82712357618635,155.55908943935876,159.89698257475473,11.94,27.0,0.09,6.32
LCII,1987-10-01,0.9566768407821655,0.9566768407821655,0.9566768407821655,0.9566768407821655,4640,64.67317249759313,152.87445073481175,167.82712357618635,155.55908943935876,159.89698257475473,11.86,26.5,0.04,6.32
LCII,1987-10-02,0.9566768407821655,0.9566768407821655,0.9566768407821655,0.9566768407821655,11400,64.67317249759313,152.87445073481175,167.82712357618635,155.55908943935876,159.89698257475473,11.67,26.0,-0.01,6.32
LCII,1987-10-05,0.9566768407821655,0.9566768407821655,0.9566768407821655,0.9566768407821655,22960,64.67317249759313,152.87445073481175,167.82712357618635,155.55908943935876,159.89698257475473,11.47,25.5,-0.06,6.32
LCII,1987-10-06,0.9566768407821655,0.9566768407821655,0.9566768407821655,0.9566768407821655,960,64.67317249759313,152.87445073481175,167.82712357618635,155.55908943935876,159.89698257475473,11.09,25.0,-0.1,6.32
LCII,1987-10-07,0.9566768407821655,0.9566768407821655,0.9566768407821655,0.9566768407821655,18040,64.67317249759313,152.87445073481175,167.82712357618635,155.55908943935876,159.89698257475473,10.45,24.5,-0.13,6.32
LCII,1987-10-08,0.9566768407821655,0.9566768407821655,0.9566768407821655,0.9566768407821655,16520,64.67317249759313,152.87445073481175,167.82712357618635,155.55908943935876,159.89698257475473,9.76,24.0,-0.16,6.32
LCII,1987-10-09,0.9566768407821655,0.9566768407821655,0.9566768407821655,0.9566768407821655,20200,64.67317249759313,152.87445073481175,167.82712357618635,155.55908943935876,159.89698257475473,9.0,23.5,-0.19,6.32
LCII,1987-10-12,0.9566768407821655,0.9566768407821655,0.9566768407821655,0.9566768407821655,16560,64.67317249759313,152.87445073481175,167.82712357618635,155.55908943935876,159.89698257475473,8.15,23.0,-0.21,6.32
LCII,1987-10-13,0.9566767513751984,0.9566767513751984,0.7653414011001587,0.7653414011001587,57800,93.02523840968915,159.78985937619078,165.28270105046826,157.80849906347137,161.45879807280082,7.58,9.0,-0.18,6.5
LCII,1987-10-14,0.7653414011001587,0.7653414011001587,0.7653414011001587,0.7653414011001587,4640,64.67317249759314,159.78985937619078,158.8483457883907,157.80849906347137,161.45879807280082,7.31,8.0,-0.18,7.57
LCII,1987-10-15,0.7653414011001587,0.7653414011001587,0.7653414011001587,0.7653414011001587,11600,64.67317249759314,159.78985937619078,158.8483457883907,157.80849906347137,161.45879807280082,7.03,7.5,-0.18,7.57
LCII,1987-10-16,0.7653414011001587,0.7653414011001587,0.7653414011001587,0.7653414011001587,25520,64.67317249759314,159.78985937619078,152.00358495311357,157.80849906347137,161.45879807280082,7.11,3.0,-0.17,8.61
LCII,1987-10-19,0.7653415203094482,0.7653415203094482,0.5740061402320862,0.5740061402320862,11880,103.74318698921765,170.31957121104247,158.8483457883907,161.43783561900588,164.0016839152277,7.03,7.0,-0.17,7.57
LCII,1987-10-20,0.5740061402320862,0.7653415203094482,0.5740061402320862,0.5740061402320862,8000,103.74318698921765,163.57004450931748,158.8483457883907,161.43783561900588,164.0016839152277,6.94,6.5,-0.17,7.57
LCII,1987-10-21,0.5740061402320862,0.5740061402320862,0.5740061402320862,0.5740061402320862,21880,103.74318698921765,157.33799682552595,158.8483457883907,161.43783561900588,164.0016839152277,6.86,6.0,-0.17,7.57
LCII,1987-10-22,0.5740061402320862,0.5740061402320862,0.5740061402320862,0.5740061402320862,17040,103.74318698921765,157.33799682552595,158.8483457883907,161.43783561900588,164.0016839152277,6.56,5.5,-0.17,7.57
LCII,1987-10-23,0.5740061402320862,0.5740061402320862,0.5740061402320862,0.5740061402320862,3600,103.74318698921765,150.0054944604895,158.8483457883907,161.43783561900588,164.0016839152277,6.24,5.0,-0.17,7.57
LCII,1987-10-26,0.5740061402320862,0.5740061402320862,0.5740061402320862,0.5740061402320862,9840,103.74318698921765,143.18426642835118,136.1036221737071,161.43783561900588,164.0016839152277,7.19,1.0,-0.16,3.65
LCII,1987-10-27,0.574006050825119,0.574006050825119,0.38267070055007935,0.38267070055007935,17720,152.88081727049942,157.66464110609925,150.20547410773503,168.36139029822067,168.91204428583524,7.49,2.0,0.59,4.58
LCII,1987-10-28,0.38267070055007935,0.574006050825119,0.38267070055007935,0.38267070055007935,32400,152.88081727049942,157.66464110609925,146.2383003091321,168.36139029822067,168.91204428583524,7.9,2.0,0.92,5.23
LCII,1987-10-29,0.3826707601547241,0.5740061402320862,0.3826707601547241,0.5740061402320862,32080,198.32951514733034,179.6996827809364,160.2237542449251,175.18889674164762,173.77483620606426,7.98,12.0,0.77,5.57
LCII,1987-10-30,0.5740061402320862,0.5740061402320862,0.5740061402320862,0.5740061402320862,9720,198.32951514733034,175.25958457623884,160.2237542449251,175.18889674164762,173.77483620606426,8.05,12.5,0.63,5.57
LCII,1987-11-02,0.5740061402320862,0.5740061402320862,0.5740061402320862,0.5740061402320862,13560,198.32951514733034,175.25958457623884,160.2237542449251,175.18889674164762,173.77483620606426,8.11,13.0,0.5,5.57
LCII,1987-11-03,0.5740061402320862,0.5740061402320862,0.5740061402320862,0.5740061402320862,4320,198.32951514733034,171.61698943191428,160.2237542449251,175.18889674164762,173.77483620606426,8.18,13.5,0.38,5.57
LCII,1987-11-04,0.5740061402320862,0.5740061402320862,0.5740061402320862,0.5740061402320862,8200,198.32951514733034,166.9620826892754,160.2237542449251,175.18889674164762,171.3770254337718,8.24,14.0,0.26,5.57
LCII,1987-11-05,0.5740061402320862,0.5740061402320862,0.5740061402320862,0.5740061402320862,800,198.32951514733034,163.13431929480197,160.2237542449251,175.18889674164762,171.3770254337718,8.3,14.5,0.15,5.57
LCII,1987-11-06,0.5740061402320862,0.5740061402320862,0.5740061402320862,0.5740061402320862,40960,198.32951514733034,158.23006075346444,160.2237542449251,175.18889674164762,171.3770254337718,8.36,15.0,0.05,5.57
LCII,1987-11-09,0.5740061402320862,0.5740061402320862,0.5740061402320862,0.5740061402320862,0,198.32951514733034,154.18567119509842,160.2237542449251,175.18889674164762,171.3770254337718,8.42,15.5,-0.05,5.57
LCII,1987-11-10,0.5740061402320862,0.5740061402320862,0.5740061402320862,0.5740061402320862,3960,198.32951514733034,154.18567119509842,160.2237542449251,175.18889674164762,171.3770254337718,8.47,16.0,-0.14,5.57
LCII,1987-11-11,0.5740061402320862,0.5740061402320862,0.5740061402320862,0.5740061402320862,600,198.32951514733034,147.55780896371468,160.2237542449251,175.18889674164762,171.3770254337718,8.52,16.5,-0.23,5.57
LCII,1987-11-12,0.5740061402320862,0.5740061402320862,0.5740061402320862,0.5740061402320862,2080,198.32951514733034,147.55780896371468,160.2237542449251,175.18889674164762,168.92566856983845,8.57,17.0,-0.31,5.57
LCII,1987-11-13,0.5740061402320862,0.5740061402320862,0.5740061402320862,0.5740061402320862,960,198.32951514733034,147.55780896371468,160.2237542449251,175.18889674164762,166.45802068344472,8.62,17.5,-0.39,5.57
LCII,1987-11-16,0.5740061402320862,0.5740061402320862,0.5740061402320862,0.5740061402320862,960,198.32951514733034,147.55780896371468,160.2237542449251,175.18889674164762,166.45802068344472,8.67,18.0,-0.46,5.57
LCII,1987-11-17,0.5740061402320862,0.5740061402320862,0.5740061402320862,0.5740061402320862,960,198.32951514733034,147.55780896371468,160.2237542449251,175.18889674164762,166.45802068344472,8.71,18.5,-0.53,5.57
LCII,1987-11-18,0.5740061402320862,0.5740061402320862,0.5740061402320862,0.5740061402320862,720,198.32951514733034,147.55780896371468,160.2237542449251,175.18889674164762,166.45802068344472,8.75,19.0,-0.59,5.57
LCII,1987-11-19,0.5740061402320862,0.5740061402320862,0.5740061402320862,0.5740061402320862,22000,198.32951514733034,147.55780896371468,160.2237542449251,168.36139029822067,166.45802068344472,8.79,19.5,-0.65,5.57
LCII,1987-11-20,0.5740061402320862,0.5740061402320862,0.5740061402320862,0.5740061402320862,2400,198.32951514733034,147.55780896371468,160.2237542449251,167.01721425056374,166.45802068344472,8.83,20.0,-0.71,5.57
LCII,1987-11-23,0.5740061402320862,0.5740061402320862,0.5740061402320862,0.5740061402320862,2400,198.32951514733034,147.55780896371468,160.2237542449251,167.01721425056374,166.45802068344472,8.86,20.5,-0.77,5.57
LCII,1987-11-24,0.5740061402320862,0.5740061402320862,0.5740061402320862,0.5740061402320862,3440,188.47774958333002,147.55780896371468,160.2237542449251,167.01721425056374,166.45802068344472,8.9,21.0,-0.82,5.57
LCII,1987-11-25,0.5740061402320862,0.5740061402320862,0.5740061402320862,0.5740061402320862,2560,188.47774958333002,139.71295612590424,160.2237542449251,167.01721425056374,166.45802068344472,8.93,21.5,-0.87,5.57
LCII,1987-11-27,0.5740061402320862,0.5740061402320862,0.5740061402320862,0.5740061402320862,0,188.47774958333002,139.71295612590424,160.2237542449251,167.01721425056374,166.45802068344472,8.96,22.0,-0.92,5.57
LCII,1987-11-30,0.574006050825119,0.574006050825119,0.38267070055007935,0.38267070055007935,65000,220.58535792931778,161.64687404543938,172.49695917325823,173.67780515512953,171.3251103950725,8.96,61.0,-0.88,5.21
LCII,1987-12-01,0.38267070055007935,0.574006050825119,0.38267070055007935,0.38267070055007935,3800,205.86821626705304,161.64687404543938,172.49695917325823,173.67780515512953,171.3251103950725,8.96,61.5,-0.87,5.21
LCII,1987-12-02,0.38267070055007935,0.38267070055007935,0.38267070055007935,0.38267070055007935,6600,205.86821626705304,161.64687404543938,172.49695917325823,173.67780515512953,171.3251103950725,8.96,62.0,-0.88,5.21
LCII,1987-12-03,0.38267070055007935,0.38267070055007935,0.38267070055007935,0.38267070055007935,12600,205.86821626705304,161.64687404543938,172.49695917325823,173.67780515512953,171.3251103950725,8.95,62.5,-0.9,5.21
LCII,1987-12-04,0.38267070055007935,0.574006050825119,0.38267070055007935,0.38267070055007935,28800,205.86821626705304,161.64687404543938,172.49695917325823,171.72964567535703,171.3251103950725,8.95,63.0,-0.93,5.21
LCII,1987-12-07,0.38267070055007935,0.38267070055007935,0.38267070055007935,0.38267070055007935,38720,205.86821626705304,161.64687404543938,172.49695917325823,169.59358692834664,171.3251103950725,8.95,63.5,-0.96,5.21
LCII,1987-12-08,0.38267070055007935,0.38267070055007935,0.38267070055007935,0.38267070055007935,9240,205.86821626705304,161.64687404543938,172.49695917325823,167.5979591985034,171.3251103950725,8.95,64.0,-1.0,5.21
LCII,1987-12-09,0.38267070055007935,0.574006050825119,0.38267070055007935,0.38267070055007935,2280,169.03238663609815,161.64687404543938,172.49695917325823,167.5979591985034,171.3251103950725,8.95,64.5,-1.04,5.21
LCII,1987-12-10,0.38267070055007935,0.38267070055007935,0.38267070055007935,0.38267070055007935,16880,169.03238663609815,161.64687404543938,172.49695917325823,167.5979591985034,168.84547871612986,8.95,65.0,-1.08,5.21
LCII,1987-12-11,0.38267070055007935,0.574006050825119,0.38267070055007935,0.38267070055007935,11760,117.51499792402147,161.64687404543938,172.49695917325823,167.5979591985034,166.4045710165626,8.95,65.5,-1.12,5.21
LCII,1987-12-14,0.38267070055007935,0.574006050825119,0.38267070055007935,0.38267070055007935,4480,117.51499792402147,161.64687404543938,172.49695917325823,167.5979591985034,166.4045710165626,8.95,66.0,-1.16,5.21
LCII,1987-12-15,0.38267070055007935,0.574006050825119,0.38267070055007935,0.38267070055007935,11600,117.51499792402147,161.64687404543938,172.49695917325823,165.40855313720087,163.85049126017756,8.95,66.5,-1.19,5.21
LCII,1987-12-16,0.38267070055007935,0.38267070055007935,0.38267070055007935,0.38267070055007935,32400,117.51499792402147,161.64687404543938,168.5120890220746,165.40855313720087,161.33402944986122,8.91,60.0,-1.22,5.74
LCII,1987-12-17,0.38267070055007935,0.574006050825119,0.38267070055007935,0.38267070055007935,14840,117.51499792402147,161.64687404543938,164.98569687084407,165.40855313720087,161.33402944986122,8.85,33.0,-1.25,6.38
LCII,1987-12-18,0.38267070055007935,0.38267070055007935,0.38267070055007935,0.38267070055007935,14640,117.51499792402147,161.64687404543938,164.98569687084407,165.40855313720087,158.69836574307868,8.85,33.5,-1.29,6.38
LCII,1987-12-21,0.38267070055007935,0.38267070055007935,0.38267070055007935,0.38267070055007935,7160,117.51499792402147,161.64687404543938,160.81481086803205,165.40855313720087,156.09886886794257,8.88,33.0,-1.3,7.05
LCII,1987-12-22,0.38267070055007935,0.574006050825119,0.38267070055007935,0.38267070055007935,116440,117.51499792402147,161.64687404543938,157.1157516606638,163.3618090351069,156.09886886794257,8.94,5.0,-1.33,7.87
LCII,1987-12-23,0.3826707601547241,0.5740061402320862,0.3826707601547241,0.5740061402320862,64520,169.03238663609815,183.20357208612563,166.30861254321383,170.3897662702447,161.31948869008878,8.9,38.0,-1.33,7.88
LCII,1987-12-24,0.574006050825119,0.574006050825119,0.38267070055007935,0.38267070055007935,12680,205.86821626705304,200.43340690698125,178.03382568819632,176.9634296215725,166.33700199674558,8.92,81.0,-1.33,6.87
LCII,1987-12-28,0.38267070055007935,0.574006050825119,0.38267070055007935,0.38267070055007935,33560,205.86821626705304,200.43340690698125,178.03382568819632,176.9634296215725,166.33700199674558,8.93,80.5,-1.33,6.87
LCII,1987-12-29,0.38267070055007935,0.574006050825119,0.38267070055007935,0.38267070055007935,12840,205.86821626705304,200.43340690698125,175.37501024570503,176.9634296215725,166.33700199674558,8.9,78.0,-1.36,7.35
LCII,1987-12-30,0.38267070055007935,0.574006050825119,0.38267070055007935,0.38267070055007935,25360,205.86821626705304,200.43340690698125,175.37501024570503,173.71139622889524,166.33700199674558,8.86,78.5,-1.4,7.35
LCII,1987-12-31,0.38267070055007935,0.38267070055007935,0.38267070055007935,0.38267070055007935,46320,205.86821626705304,200.43340690698125,173.21594961683425,170.25218001914823,166.33700199674558,8.78,77.0,-1.4,7.85
LCII,1988-01-04,0.5740061402320862,0.5740061402320862,0.5740061402320862,0.5740061402320862,3280,239.04789366106266,218.19117200472067,182.84918070002158,177.0067699261199,171.2457847733657,8.77,97.0,-1.43,7.38
LCII,1988-01-05,0.574006050825119,0.574006050825119,0.38267070055007935,0.38267070055007935,2080,266.37130138375176,232.84627830398512,191.52296927748657,183.34333795772065,175.98050916132598,8.97,100.0,-1.43,6.76
LCII,1988-01-06,0.5740061402320862,0.5740061402320862,0.5740061402320862,0.5740061402320862,5600,292.77268177834844,248.29664970851093,200.2775709905444,189.63220025060318,180.62740704018339,9.45,100.0,-1.48,6.3
LCII,1988-01-07,0.5740061402320862,0.5740061402320862,0.3826707601547241,0.5740061402320862,17560,292.77268177834844,248.29664970851093,198.29483562852118,189.63220025060318,178.30327206559988,9.85,99.0,-1.45,6.64
LCII,1988-01-08,0.5740061402320862,0.5740061402320862,0.3826707601547241,0.5740061402320862,13600,292.77268177834844,244.23618085934794,198.29483562852118,189.63220025060318,178.30327206559988,10.23,98.5,-1.42,6.64
LCII,1988-01-11,0.5740061402320862,0.5740061402320862,0.5740061402320862,0.5740061402320862,34280,292.77268177834844,244.23618085934794,195.18897726500936,189.63220025060318,178.30327206559988,10.47,97.0,-1.42,7.17
LCII,1988-01-12,0.5740061402320862,0.5740061402320862,0.5740061402320862,0.5740061402320862,56520,292.77268177834844,244.23618085934794,195.18897726500936,189.63220025060318,178.30327206559988,10.7,96.5,-1.41,7.17
LCII,1988-01-13,0.5740061402320862,0.5740061402320862,0.5740061402320862,0.5740061402320862,10800,266.37130138375176,244.23618085934794,195.18897726500936,189.63220025060318,178.30327206559988,10.93,96.0,-1.4,7.17
LCII,1988-01-14,0.5740061402320862,0.5740061402320862,0.5740061402320862,0.5740061402320862,200,266.37130138375176,237.01340650416708,195.18897726500936,189.63220025060318,178.30327206559988,11.19,95.5,-1.39,7.17
LCII,1988-01-15,0.5740061402320862,0.5740061402320862,0.5740061402320862,0.5740061402320862,480,266.37130138375176,237.01340650416708,195.18897726500936,189.63220025060318,178.30327206559988,11.44,95.0,-1.38,7.17
LCII,1988-01-18,0.5740061402320862,0.5740061402320862,0.5740061402320862,0.5740061402320862,3040,266.37130138375176,237.01340650416708,195.18897726500936,189.63220025060318,178.30327206559988,11.69,94.5,-1.36,7.17
LCII,1988-01-19,0.5740061402320862,0.5740061402320862,0.5740061402320862,0.5740061402320862,1160,266.37130138375176,237.01340650416708,195.18897726500936,189.63220025060318,178.30327206559988,11.93,94.0,-1.35,7.17
LCII,1988-01-20,0.5740061402320862,0.5740061402320862,0.3826707601547241,0.5740061402320862,32280,266.37130138375176,237.01340650416708,195.18897726500936,189.63220025060318,178.30327206559988,12.16,93.5,-1.33,7.17
LCII,1988-01-21,0.574006050825119,0.574006050825119,0.38267070055007935,0.38267070055007935,1880,292.77268177834844,251.157803444868,205.3832669558134,195.56010417691405,182.8299297355032,12.66,100.0,-1.32,6.21
LCII,1988-01-22,0.5740061402320862,0.5740061402320862,0.5740061402320862,0.5740061402320862,1200,315.4768104516857,251.157803444868,215.5650651021106,201.4679779619862,187.3317864130739,13.44,100.0,-1.3,5.46
LCII,1988-01-25,0.5740061402320862,0.5740061402320862,0.3826707601547241,0.5740061402320862,7120,315.4768104516857,251.157803444868,212.49819183135742,201.4679779619862,187.3317864130739,14.06,99.0,-1.25,5.87
LCII,1988-01-26,0.38267070055007935,0.38267070055007935,0.38267070055007935,0.38267070055007935,120,338.0647732721962,251.157803444868,221.7948827514346,207.0573087768022,191.64530930472378,14.94,100.0,-1.2,5.14
LCII,1988-01-27,0.3826707601547241,0.5740061402320862,0.3826707601547241,0.5740061402320862,172920,357.9072025884142,264.98904426105423,231.3547967480104,212.6459990601701,195.94473601535645,16.09,100.0,-1.14,4.54
LCII,1988-01-28,0.574006050825119,0.574006050825119,0.38267070055007935,0.38267070055007935,14080,377.9679069173423,277.71222685889853,239.9219257621934,217.94885613395286,200.0726516791274,17.49,100.0,-1.08,4.0
LCII,1988-01-29,0.3826707601547241,0.5740061402320862,0.3826707601547241,0.5740061402320862,20880,395.8149989535004,290.2809540670285,248.7862585132668,223.26507942019146,204.19471330948298,19.09,100.0,-1.01,3.55
LCII,1988-02-01,0.5740061402320862,0.5740061402320862,0.5740061402320862,0.5740061402320862,26000,395.8149989535004,290.2809540670285,248.7862585132668,223.26507942019146,204.19471330948298,20.53,99.5,-0.93,3.55
LCII,1988-02-02,0.5740061402320862,0.5740061402320862,0.5740061402320862,0.5740061402320862,1080,395.8149989535004,290.2809540670285,248.7862585132668,223.26507942019146,204.19471330948298,21.85,99.0,-0.84,3.55
LCII,1988-02-03,0.5740061402320862,0.5740061402320862,0.5740061402320862,0.5740061402320862,6680,395.8149989535004,290.2809540670285,248.7862585132668,223.26507942019146,204.19471330948298,23.06,98.5,-0.75,3.55
LCII,1988-02-04,0.5740061402320862,0.5740061402320862,0.5740061402320862,0.5740061402320862,19640,395.8149989535004,290.2809540670285,248.7862585132668,223.26507942019146,204.19471330948298,24.19,98.0,-0.65,3.55
LCII,1988-02-05,0.5740061402320862,0.5740061402320862,0.5740061402320862,0.5740061402320862,90520,377.9679069173423,290.2809540670285,248.7862585132668,220.65503233740412,204.19471330948298,25.24,97.5,-0.54,3.55
LCII,1988-02-08,0.5740061402320862,0.5740061402320862,0.5740061402320862,0.5740061402320862,800,357.9072025884142,290.2809540670285,248.7862585132668,217.98404773365326,204.19471330948298,26.22,97.0,-0.42,3.55
LCII,1988-02-09,0.5740061402320862,0.5740061402320862,0.5740061402320862,0.5740061402320862,680,357.9072025884142,290.2809540670285,248.7862585132668,217.98404773365326,204.19471330948298,27.14,96.5,-0.29,3.55
LCII,1988-02-10,0.5740061402320862,0.5740061402320862,0.5740061402320862,0.5740061402320862,2120,357.9072025884142,290.2809540670285,248.7862585132668,215.30999204324934,204.19471330948298,28.01,96.0,-0.16,3.55
LCII,1988-02-11,0.5740061402320862,0.5740061402320862,0.5740061402320862,0.5740061402320862,200,357.9072025884142,290.2809540670285,248.7862585132668,215.30999204324934,204.19471330948298,28.83,95.5,-0.01,3.55
LCII,1988-02-12,0.5740061402320862,0.5740061402320862,0.5740061402320862,0.5740061402320862,81200,357.9072025884142,290.2809540670285,248.7862585132668,215.30999204324934,204.19471330948298,29.6,95.0,0.15,3.55
LCII,1988-02-16,0.5740061402320862,0.5740061402320862,0.5740061402320862,0.5740061402320862,3000,338.0647732721962,290.2809540670285,248.7862585132668,215.30999204324934,204.19471330948298,30.34,94.5,0.32,3.55
LCII,1988-02-17,0.5740061402320862,0.5740061402320862,0.5740061402320862,0.5740061402320862,240,315.4768104516857,290.2809540670285,248.7862585132668,215.30999204324934,204.19471330948298,31.03,94.0,0.5,3.55
LCII,1988-02-18,0.5740061402320862,0.5740061402320862,0.5740061402320862,0.5740061402320862,1360,292.7726817783484,290.2809540670285,248.7862585132668,215.30999204324934,204.19471330948298,31.69,93.5,0.7,3.55
LCII,1988-02-19,0.5740061402320862,0.5740061402320862,0.5740061402320862,0.5740061402320862,2880,292.7726817783484,290.2809540670285,248.7862585132668,206.5535675152126,204.19471330948298,32.31,93.0,0.91,3.55
LCII,1988-02-22,0.5740061402320862,0.5740061402320862,0.5740061402320862,0.5740061402320862,14800,292.7726817783484,290.2809540670285,248.7862585132668,206.5535675152126,204.19471330948298,32.9,92.5,1.13,3.55
LCII,1988-02-23,0.5740061402320862,0.5740061402320862,0.5740061402320862,0.5740061402320862,200,292.7726817783484,290.2809540670285,248.7862585132668,204.88366120124323,204.19471330948298,33.47,92.0,1.37,3.55
LCII,1988-02-24,0.5740061402320862,0.5740061402320862,0.5740061402320862,0.5740061402320862,4960,292.7726817783484,290.2809540670285,248.7862585132668,204.88366120124323,204.19471330948298,34.0,91.5,1.61,3.55
LCII,1988-02-25,0.5740061402320862,0.5740061402320862,0.5740061402320862,0.5740061402320862,5320,292.7726817783484,277.71222685889853,248.7862585132668,204.88366120124323,204.19471330948298,34.51,91.0,1.85,3.55
LCII,1988-02-26,0.5740061402320862,0.5740061402320862,0.5740061402320862,0.5740061402320862,160,292.7726817783484,277.71222685889853,248.7862585132668,204.88366120124323,204.19471330948298,34.98,90.5,2.07,3.55
LCII,1988-02-29,0.5740061402320862,0.5740061402320862,0.5740061402320862,0.5740061402320862,240,292.7726817783484,277.71222685889853,248.7862585132668,204.88366120124323,204.19471330948298,35.44,90.0,2.24,3.55
LCII,1988-03-01,0.5740061402320862,0.5740061402320862,0.5740061402320862,0.5740061402320862,0,292.7726817783484,277.71222685889853,248.7862585132668,204.88366120124323,204.19471330948298,35.87,89.5,2.31,3.55
LCII,1988-03-02,0.5740061402320862,0.5740061402320862,0.5740061402320862,0.5740061402320862,119840,292.7726817783484,277.71222685889853,248.7862585132668,204.88366120124323,204.19471330948298,36.28,89.0,2.15,3.55
LCII,1988-03-03,0.5740061402320862,0.5740061402320862,0.5740061402320862,0.5740061402320862,60000,292.7726817783484,277.71222685889853,248.7862585132668,204.88366120124323,204.19471330948298,36.66,88.5,1.5,3.55
LCII,1988-03-04,0.5740061402320862,0.5740061402320862,0.5740061402320862,0.5740061402320862,2560,266.3713013837517,277.71222685889853,248.7862585132668,204.88366120124323,200.07265167912743,37.02,88.0,-0.24,3.55
LCII,1988-03-07,0.5740061402320862,0.5740061402320862,0.5740061402320862,0.5740061402320862,0,239.04789366106263,277.71222685889853,246.31787883515105,204.88366120124323,199.25881486441642,37.31,75.0,-0.31,3.78
LCII,1988-03-08,0.5740061402320862,0.5740061402320862,0.5740061402320862,0.5740061402320862,1200,239.04789366106263,277.71222685889853,246.31787883515105,204.88366120124323,199.25881486441642,37.52,74.5,-0.45,3.78
LCII,1988-03-09,0.5740061402320862,0.5740061402320862,0.5740061402320862,0.5740061402320862,40,205.86821626705301,277.71222685889853,246.31787883515105,204.88366120124323,199.25881486441642,37.71,74.0,-0.68,3.78
LCII,1988-03-10,0.5740061402320862,0.5740061402320862,0.5740061402320862,0.5740061402320862,960,169.0323866360981,277.71222685889853,246.31787883515105,204.88366120124323,199.25881486441642,37.81,73.5,-1.04,3.78
LCII,1988-03-11,0.5740061402320862,0.5740061402320862,0.5740061402320862,0.5740061402320862,1800,117.5149979240214,277.71222685889853,242.04735719899492,204.88366120124323,199.25881486441642,37.9,71.0,-1.04,4.14
LCII,1988-03-14,0.5740061402320862,0.5740061402320862,0.5740061402320862,0.5740061402320862,0,0.0,277.71222685889853,242.04735719899492,204.88366120124323,199.25881486441642,37.97,70.5,-1.04,4.14
LCII,1988-03-15,0.5740061402320862,0.5740061402320862,0.5740061402320862,0.5740061402320862,12040,0.0,277.71222685889853,242.04735719899492,204.88366120124323,199.25881486441642,38.03,70.0,-1.04,4.14
LCII,1988-03-16,0.5740061402320862,0.5740061402320862,0.5740061402320862,0.5740061402320862,54040,0.0,277.71222685889853,242.04735719899492,204.88366120124323,199.25881486441642,38.06,69.5,-1.04,4.14
LCII,1988-03-17,0.5740061402320862,0.5740061402320862,0.5740061402320862,0.5740061402320862,13200,0.0,277.71222685889853,242.04735719899492,204.88366120124323,199.25881486441642,38.08,69.0,-1.04,4.14
LCII,1988-03-18,0.5740061402320862,0.5740061402320862,0.5740061402320862,0.5740061402320862,15160,0.0,277.71222685889853,242.04735719899492,204.88366120124323,198.0183312981646,37.76,68.5,-1.04,4.14
LCII,1988-03-21,0.5740061402320862,0.5740061402320862,0.3826707601547241,0.5740061402320862,3280,0.0,264.98904426105423,233.15294358301762,204.88366120124323,196.73394724997874,37.54,64.0,-0.93,4.69
LCII,1988-03-22,0.38267070055007935,0.38267070055007935,0.38267070055007935,0.38267070055007935,6960,117.5149979240214,264.98904426105423,242.04735719899492,210.38226541471232,199.61502099612903,37.32,68.0,-0.93,4.14
LCII,1988-03-23,0.38267070055007935,0.38267070055007935,0.38267070055007935,0.38267070055007935,4200,117.5149979240214,264.98904426105423,233.15294358301762,210.38226541471232,199.61502099612903,37.19,62.5,-1.04,4.69
LCII,1988-03-24,0.3826707601547241,0.5740061402320862,0.3826707601547241,0.5740061402320862,10560,169.0323866360981,277.71222685889853,242.04735719899492,215.88489849786234,203.74634131907627,37.13,67.5,-1.04,4.14
LCII,1988-03-25,0.5740061402320862,0.5740061402320862,0.5740061402320862,0.5740061402320862,2000,169.0323866360981,277.71222685889853,242.04735719899492,215.88489849786234,203.74634131907627,37.05,67.0,-1.04,4.14
LCII,1988-03-28,0.5740061402320862,0.5740061402320862,0.5740061402320862,0.5740061402320862,0,169.0323866360981,277.71222685889853,242.04735719899492,215.88489849786234,203.74634131907627,36.95,66.5,-1.04,4.14
LCII,1988-03-29,0.38267070055007935,0.38267070055007935,0.38267070055007935,0.38267070055007935,13360,205.86821626705301,277.71222685889853,250.45928920314103,221.11009107056373,206.4777836153135,36.92,100.0,-1.14,3.66
LCII,1988-03-30,0.38267070055007935,0.38267070055007935,0.38267070055007935,0.38267070055007935,0,205.86821626705301,264.98904426105423,250.45928920314103,221.11009107056373,206.4777836153135,36.86,99.5,-1.24,3.66
LCII,1988-03-31,0.5740061402320862,0.5740061402320862,0.5740061402320862,0.5740061402320862,160,239.04789366106263,264.98904426105423,258.7595091464943,226.35208011334655,210.49156620342652,36.89,100.0,-1.24,3.25
LCII,1988-04-04,0.574006050825119,0.574006050825119,0.38267070055007935,0.38267070055007935,104640,266.3713013837517,277.71222685889853,266.64473742202273,231.34097593258196,214.32269244787508,37.01,100.0,-1.32,2.88
LCII,1988-04-05,0.38267070055007935,0.38267070055007935,0.38267070055007935,0.38267070055007935,40,266.3713013837517,277.71222685889853,266.64473742202273,231.34097593258196,214.32269244787508,37.1,99.5,-1.4,2.88
LCII,1988-04-06,0.38267070055007935,0.574006050825119,0.38267070055007935,0.38267070055007935,9520,266.3713013837517,277.71222685889853,266.64473742202273,231.34097593258196,213.1867961424888,37.15,99.0,-1.48,2.88
LCII,1988-04-07,0.38267070055007935,0.38267070055007935,0.38267070055007935,0.38267070055007935,2160,266.3713013837517,277.71222685889853,266.64473742202273,231.34097593258196,213.1867961424888,37.18,98.5,-1.54,2.88
LCII,1988-04-08,0.38267070055007935,0.38267070055007935,0.38267070055007935,0.38267070055007935,12000,266.3713013837517,277.71222685889853,266.64473742202273,231.34097593258196,213.1867961424888,37.17,98.0,-1.6,2.88
LCII,1988-04-11,0.38267070055007935,0.574006050825119,0.38267070055007935,0.38267070055007935,3920,266.3713013837517,277.71222685889853,266.64473742202273,231.34097593258196,213.1867961424888,37.13,97.5,-1.66,2.88
LCII,1988-04-12,0.3826707601547241,0.5740061402320862,0.3826707601547241,0.5740061402320862,14640,292.7726817783484,290.2809540670286,274.45590542098284,234.8388922082553,217.05995725403517,37.18,100.0,-1.66,2.56
LCII,1988-04-13,0.574006050825119,0.574006050825119,0.38267070055007935,0.38267070055007935,240,315.47681045168565,301.94025843303126,281.9024236177765,238.21340567097712,218.93249414657575,37.32,100.0,-1.71,2.26
LCII,1988-04-14,0.5740061402320862,0.5740061402320862,0.5740061402320862,0.5740061402320862,200,338.0647732721962,313.53926549914235,289.30192613801984,243.086853695899,220.80388179980037,37.54,100.0,-1.71,2.0
LCII,1988-04-15,0.38267070055007935,0.38267070055007935,0.38267070055007935,0.38267070055007935,200,357.9072025884142,324.3636206147093,296.3756685159785,246.2631010464438,224.47512244266608,37.86,100.0,-1.76,1.76
LCII,1988-04-18,0.38267070055007935,0.574006050825119,0.38267070055007935,0.38267070055007935,15080,357.9072025884142,313.53926549914235,296.3756685159785,244.8930504062774,224.47512244266608,38.13,99.5,-1.8,1.76
LCII,1988-04-19,0.38267070055007935,0.574006050825119,0.38267070055007935,0.38267070055007935,32560,357.9072025884142,301.94025843303126,296.3756685159785,243.39991713377907,224.47512244266608,38.34,99.0,-1.83,1.76
LCII,1988-04-20,0.38267070055007935,0.574006050825119,0.38267070055007935,0.38267070055007935,5120,357.9072025884142,301.94025843303126,296.3756685159785,243.39991713377907,224.47512244266608,38.51,98.5,-1.87,1.76
LCII,1988-04-21,0.38267070055007935,0.574006050825119,0.38267070055007935,0.38267070055007935,4120,357.9072025884142,290.2809540670286,296.3756685159785,243.39991713377907,224.47512244266608,38.62,98.0,-1.89,1.76
LCII,1988-04-22,0.38267070055007935,0.574006050825119,0.38267070055007935,0.38267070055007935,3600,357.9072025884142,277.71222685889853,289.30192613801984,242.37741494002134,224.47512244266608,38.77,94.5,-1.89,2.0
LCII,1988-04-25,0.3826707601547241,0.5740061402320862,0.3826707601547241,0.5740061402320862,1200,377.9679069173423,277.71222685889853,296.3756685159785,247.22079119266124,228.15673470067549,38.99,97.5,-1.87,1.76
LCII,1988-04-26,0.38267070055007935,0.38267070055007935,0.38267070055007935,0.38267070055007935,2080,395.81499895350044,277.71222685889853,303.4224199262229,250.87156446731615,231.71150590133442,39.3,100.0,-1.87,1.55
LCII,1988-04-27,0.38267070055007935,0.38267070055007935,0.38267070055007935,0.38267070055007935,1520,395.81499895350044,277.71222685889853,303.4224199262229,249.87963796707308,231.71150590133442,39.56,99.5,-1.87,1.55
LCII,1988-04-28,0.38267070055007935,0.38267070055007935,0.38267070055007935,0.38267070055007935,4800,395.81499895350044,277.71222685889853,303.4224199262229,248.99917526694844,231.71150590133442,39.78,99.0,-1.87,1.55
LCII,1988-04-29,0.5740061402320862,0.5740061402320862,0.5740061402320862,0.5740061402320862,400,414.0430972632827,290.2809540670286,310.17430153868315,252.7354134679495,235.27991193616305,40.08,100.0,-1.83,1.35
LCII,1988-05-02,0.38267070055007935,0.38267070055007935,0.38267070055007935,0.38267070055007935,920,430.3968646824171,301.94025843303126,316.9143817509738,256.3076500636856,238.7286395438937,40.47,100.0,-1.83,1.17
LCII,1988-05-03,0.38267070055007935,0.574006050825119,0.38267070055007935,0.38267070055007935,50160,430.3968646824171,301.94025843303126,316.9143817509738,256.3076500636856,238.7286395438937,40.79,99.5,-1.83,1.17
LCII,1988-05-04,0.38267070055007935,0.38267070055007935,0.38267070055007935,0.38267070055007935,46280,414.0430972632827,301.94025843303126,316.9143817509738,254.99157374597553,238.7286395438937,41.07,99.0,-1.83,1.17
LCII,1988-05-05,0.38267070055007935,0.38267070055007935,0.38267070055007935,0.38267070055007935,4280,414.0430972632827,301.94025843303126,316.9143817509738,254.99157374597553,238.7286395438937,41.29,98.5,-1.83,1.17
LCII,1988-05-06,0.38267070055007935,0.38267070055007935,0.38267070055007935,0.38267070055007935,800,395.81499895350044,301.94025843303126,316.9143817509738,254.99157374597553,238.7286395438937,41.46,98.0,-1.83,1.17
LCII,1988-05-09,0.38267070055007935,0.38267070055007935,0.38267070055007935,0.38267070055007935,480,395.81499895350044,301.94025843303126,316.9143817509738,254.99157374597553,238.7286395438937,41.57,97.5,-1.83,1.17
LCII,1988-05-10,0.38267070055007935,0.38267070055007935,0.38267070055007935,0.38267070055007935,560,395.81499895350044,301.94025843303126,316.9143817509738,254.99157374597553,238.7286395438937,41.57,97.0,-1.83,1.17
LCII,1988-05-11,0.38267070055007935,0.38267070055007935,0.38267070055007935,0.38267070055007935,440,377.9679069173423,301.94025843303126,316.9143817509738,254.99157374597553,238.7286395438937,41.44,96.5,-1.83,1.17
LCII,1988-05-12,0.38267070055007935,0.38267070055007935,0.38267070055007935,0.38267070055007935,6080,377.9679069173423,301.94025843303126,316.9143817509738,254.99157374597553,238.7286395438937,41.26,96.0,-1.83,1.17
LCII,1988-05-13,0.38267070055007935,0.38267070055007935,0.38267070055007935,0.38267070055007935,6000,357.9072025884142,301.94025843303126,316.9143817509738,254.99157374597553,238.7286395438937,40.94,95.5,-1.83,1.17
LCII,1988-05-16,0.38267070055007935,0.38267070055007935,0.38267070055007935,0.38267070055007935,400,338.0647732721962,301.94025843303126,316.9143817509738,254.99157374597553,238.7286395438937,40.46,95.0,-1.83,1.17
LCII,1988-05-17,0.38267070055007935,0.38267070055007935,0.38267070055007935,0.38267070055007935,1800,338.0647732721962,301.94025843303126,310.17430153868315,254.99157374597553,238.7286395438937,40.02,88.5,-1.87,1.35
LCII,1988-05-18,0.38267070055007935,0.38267070055007935,0.38267070055007935,0.38267070055007935,720,338.0647732721962,301.94025843303126,303.42241992622286,253.5579148930048,238.7286395438937,39.67,84.0,-1.87,1.55
LCII,1988-05-19,0.38267070055007935,0.38267070055007935,0.38267070055007935,0.38267070055007935,3920,338.0647732721962,301.94025843303126,303.42241992622286,253.5579148930048,237.00854185198787,39.27,83.5,-1.87,1.55
LCII,1988-05-20,0.38267070055007935,0.38267070055007935,0.38267070055007935,0.38267070055007935,10000,338.0647732721962,301.94025843303126,303.42241992622286,253.5579148930048,235.22234405302734,38.77,83.0,-1.87,1.55
LCII,1988-05-23,0.38267070055007935,0.38267070055007935,0.38267070055007935,0.38267070055007935,2400,338.0647732721962,301.94025843303126,303.42241992622286,253.5579148930048,235.22234405302734,38.23,82.5,-1.87,1.55
LCII,1988-05-24,0.38267070055007935,0.38267070055007935,0.38267070055007935,0.38267070055007935,1600,315.47681045168565,301.94025843303126,303.42241992622286,253.5579148930048,233.47641575569887,37.58,82.0,-1.87,1.55
LCII,1988-05-25,0.38267070055007935,0.38267070055007935,0.38267070055007935,0.38267070055007935,400,292.7726817783484,301.94025843303126,296.3756685159784,253.5579148930048,233.47641575569887,37.01,73.0,-1.89,1.76
LCII,1988-05-26,0.38267070055007935,0.38267070055007935,0.38267070055007935,0.38267070055007935,1320,266.3713013837517,301.94025843303126,289.30192613801984,253.5579148930048,233.47641575569887,36.51,71.0,-1.89,2.0
LCII,1988-05-27,0.38267070055007935,0.38267070055007935,0.38267070055007935,0.38267070055007935,4080,239.04789366106263,301.94025843303126,281.9024236177765,253.5579148930048,233.47641575569887,36.08,68.5,-1.92,2.26
LCII,1988-05-31,0.38267070055007935,0.38267070055007935,0.38267070055007935,0.38267070055007935,1680,239.04789366106263,301.94025843303126,281.9024236177765,253.5579148930048,233.47641575569887,35.59,68.0,-1.94,2.26
LCII,1988-06-01,0.38267070055007935,0.38267070055007935,0.38267070055007935,0.38267070055007935,1560,239.04789366106263,301.94025843303126,281.9024236177765,253.5579148930048,233.47641575569887,35.07,67.5,-1.96,2.26
LCII,1988-06-02,0.38267070055007935,0.38267070055007935,0.38267070055007935,0.38267070055007935,0,239.04789366106263,301.94025843303126,281.9024236177765,253.5579148930048,227.73781674035592,34.46,67.0,-1.97,2.26
LCII,1988-06-03,0.38267070055007935,0.38267070055007935,0.38267070055007935,0.38267070055007935,800,239.04789366106263,301.94025843303126,281.9024236177765,253.5579148930048,227.73781674035592,33.82,66.5,-1.99,2.26
LCII,1988-06-06,0.38267070055007935,0.38267070055007935,0.38267070055007935,0.38267070055007935,720,239.04789366106263,301.94025843303126,281.9024236177765,253.5579148930048,226.66915697786627,33.15,66.0,-1.99,2.26
LCII,1988-06-07,0.38267070055007935,0.38267070055007935,0.38267070055007935,0.38267070055007935,80,205.86821626705301,301.94025843303126,281.9024236177765,253.5579148930048,226.66915697786627,32.44,65.5,-2.0,2.26
LCII,1988-06-08,0.38267070055007935,0.38267070055007935,0.38267070055007935,0.38267070055007935,1320,169.0323866360981,301.94025843303126,281.9024236177765,253.5579148930048,226.66915697786627,31.68,65.0,-2.0,2.26
LCII,1988-06-09,0.38267070055007935,0.38267070055007935,0.38267070055007935,0.38267070055007935,280,169.0323866360981,301.94025843303126,281.9024236177765,253.5579148930048,226.66915697786627,30.89,64.5,-2.0,2.26
LCII,1988-06-10,0.38267070055007935,0.38267070055007935,0.38267070055007935,0.38267070055007935,1400,169.0323866360981,301.94025843303126,281.9024236177765,253.5579148930048,226.66915697786627,30.05,64.0,-1.99,2.26
LCII,1988-06-13,0.38267070055007935,0.38267070055007935,0.38267070055007935,0.38267070055007935,1400,117.51499792402139,301.94025843303126,281.9024236177765,253.5579148930048,226.66915697786627,29.15,63.5,-1.99,2.26
LCII,1988-06-14,0.38267070055007935,0.38267070055007935,0.38267070055007935,0.38267070055007935,0,0.0,301.94025843303126,274.4559054209828,253.5579148930048,226.66915697786627,28.44,56.0,-1.99,2.56
LCII,1988-06-15,0.38267070055007935,0.38267070055007935,0.38267070055007935,0.38267070055007935,800,0.0,301.94025843303126,266.64473742202273,253.5579148930048,226.66915697786627,27.91,52.0,-1.97,2.88
LCII,1988-06-16,0.38267070055007935,0.38267070055007935,0.38267070055007935,0.38267070055007935,800,0.0,290.2809540670286,266.64473742202273,253.5579148930048,226.66915697786627,27.29,51.5,-1.96,2.88
LCII,1988-06-17,0.38267070055007935,0.38267070055007935,0.38267070055007935,0.38267070055007935,1200,0.0,290.2809540670286,258.7595091464942,253.5579148930048,226.66915697786627,26.87,46.0,-1.96,3.25
LCII,1988-06-20,0.38267070055007935,0.38267070055007935,0.38267070055007935,0.38267070055007935,680,0.0,277.71222685889853,250.45928920314103,253.5579148930048,226.66915697786627,26.65,44.0,-1.94,3.66
LCII,1988-06-21,0.38267070055007935,0.38267070055007935,0.38267070055007935,0.38267070055007935,8480,0.0,277.71222685889853,242.04735719899486,253.5579148930048,226.66915697786627,26.63,3.0,-1.94,4.14
LCII,1988-06-22,0.38267070055007935,0.38267070055007935,0.38267070055007935,0.38267070055007935,4600,0.0,277.71222685889853,233.15294358301762,253.5579148930048,226.66915697786627,26.81,2.0,-1.92,4.69
LCII,1988-06-23,0.38267070055007935,0.38267070055007935,0.38267070055007935,0.38267070055007935,4480,0.0,264.98904426105423,233.15294358301762,253.5579148930048,226.66915697786627,26.98,2.5,-1.89,4.69
LCII,1988-06-24,0.38267070055007935,0.38267070055007935,0.38267070055007935,0.38267070055007935,2600,0.0,264.98904426105423,233.15294358301762,253.5579148930048,226.66915697786627,27.16,3.0,-1.87,4.69
LCII,1988-06-27,0.38267070055007935,0.38267070055007935,0.38267070055007935,0.38267070055007935,0,0.0,251.157803444868,233.15294358301762,253.5579148930048,226.66915697786627,27.33,3.5,-1.83,4.69
LCII,1988-06-28,0.38267070055007935,0.38267070055007935,0.38267070055007935,0.38267070055007935,104400,0.0,237.01340650416714,233.15294358301762,253.5579148930048,226.66915697786627,27.5,4.0,-1.8,4.69
LCII,1988-06-29,0.38267070055007935,0.38267070055007935,0.38267070055007935,0.38267070055007935,840,0.0,237.01340650416714,233.15294358301762,252.227491374689,226.66915697786627,27.67,4.5,-1.76,4.69
LCII,1988-06-30,0.38267070055007935,0.38267070055007935,0.38267070055007935,0.38267070055007935,4120,0.0,237.01340650416714,233.15294358301762,252.227491374689,226.66915697786627,27.84,5.0,-1.71,4.69
LCII,1988-07-01,0.38267070055007935,0.38267070055007935,0.38267070055007935,0.38267070055007935,520,0.0,237.01340650416714,233.15294358301762,252.227491374689,226.66915697786627,28.01,5.5,-1.66,4.69
LCII,1988-07-05,0.38267070055007935,0.38267070055007935,0.38267070055007935,0.38267070055007935,6000,0.0,237.01340650416714,233.15294358301762,252.227491374689,226.66915697786627,28.17,6.0,-1.6,4.69
LCII,1988-07-06,0.38267070055007935,0.38267070055007935,0.38267070055007935,0.38267070055007935,46640,0.0,237.01340650416714,233.15294358301762,249.95659855569286,226.66915697786627,28.33,6.5,-1.54,4.69
LCII,1988-07-07,0.38267070055007935,0.38267070055007935,0.38267070055007935,0.38267070055007935,8000,0.0,221.4416481052595,233.15294358301762,249.95659855569286,226.66915697786627,28.49,7.0,-1.48,4.69
LCII,1988-07-08,0.38267070055007935,0.38267070055007935,0.38267070055007935,0.38267070055007935,920,0.0,205.2596310700967,233.15294358301762,249.95659855569286,226.66915697786627,28.65,7.5,-1.4,4.69
LCII,1988-07-11,0.38267070055007935,0.38267070055007935,0.38267070055007935,0.38267070055007935,16000,0.0,187.06299687510673,233.15294358301762,249.95659855569286,226.66915697786627,28.81,8.0,-1.32,4.69
LCII,1988-07-12,0.38267070055007935,0.38267070055007935,0.38267070055007935,0.38267070055007935,400,0.0,167.59378697122045,233.15294358301762,249.95659855569286,226.66915697786627,28.96,8.5,-1.24,4.69
LCII,1988-07-13,0.38267070055007935,0.38267070055007935,0.38267070055007935,0.38267070055007935,440,0.0,167.59378697122045,233.15294358301762,249.95659855569286,226.66915697786627,29.12,9.0,-1.14,4.69
LCII,1988-07-14,0.38267070055007935,0.38267070055007935,0.38267070055007935,0.38267070055007935,2280,0.0,167.59378697122045,233.15294358301762,245.30933948523992,226.66915697786627,29.27,9.5,-1.04,4.69
LCII,1988-07-15,0.38267070055007935,0.38267070055007935,0.38267070055007935,0.38267070055007935,200,0.0,167.59378697122045,233.15294358301762,245.30933948523992,226.66915697786627,29.42,10.0,-0.93,4.69
LCII,1988-07-18,0.38267070055007935,0.38267070055007935,0.38267070055007935,0.38267070055007935,80,0.0,167.59378697122045,233.15294358301762,240.51886909206374,226.66915697786627,29.57,10.5,-0.8,4.69
LCII,1988-07-19,0.38267070055007935,0.38267070055007935,0.38267070055007935,0.38267070055007935,400,0.0,167.59378697122045,233.15294358301762,240.51886909206374,226.66915697786627,29.71,11.0,-0.67,4.69
LCII,1988-07-20,0.38267070055007935,0.38267070055007935,0.38267070055007935,0.38267070055007935,3200,0.0,144.73674752535658,233.15294358301762,240.51886909206374,226.66915697786627,29.86,11.5,-0.52,4.69
LCII,1988-07-21,0.38267070055007935,0.38267070055007935,0.38267070055007935,0.38267070055007935,1120,0.0,118.50670325208377,233.15294358301762,240.51886909206374,226.66915697786627,30.0,12.0,-0.35,4.69
LCII,1988-07-22,0.38267070055007935,0.38267070055007935,0.38267070055007935,0.38267070055007935,0,0.0,118.50670325208377,233.15294358301762,240.51886909206374,226.66915697786627,30.14,12.5,-0.17,4.69
LCII,1988-07-25,0.38267070055007935,0.38267070055007935,0.38267070055007935,0.38267070055007935,0,0.0,118.50670325208377,233.15294358301762,240.51886909206374,225.53200188232617,30.29,13.0,0.03,4.69
LCII,1988-07-26,0.38267070055007935,0.38267070055007935,0.38267070055007935,0.38267070055007935,0,0.0,83.09565192319899,233.15294358301762,240.51886909206374,224.45284008994454,30.43,13.5,0.25,4.69
LCII,1988-07-27,0.38267070055007935,0.38267070055007935,0.38267070055007935,0.38267070055007935,200,0.0,0.0,233.15294358301762,240.51886909206374,224.45284008994454,30.56,14.0,0.5,4.69
LCII,1988-07-28,0.38267070055007935,0.38267070055007935,0.38267070055007935,0.38267070055007935,1480,0.0,0.0,233.15294358301762,240.51886909206374,223.3043989097286,30.68,14.5,0.78,4.69
LCII,1988-07-29,0.38267070055007935,0.38267070055007935,0.38267070055007935,0.38267070055007935,400,0.0,0.0,233.15294358301762,240.51886909206374,222.2144192527295,30.8,15.0,1.09,4.69
LCII,1988-08-01,0.38267070055007935,0.38267070055007935,0.38267070055007935,0.38267070055007935,1200,0.0,0.0,233.15294358301762,240.51886909206374,221.05434913572915,30.92,15.5,1.44,4.69
LCII,1988-08-02,0.38267070055007935,0.38267070055007935,0.38267070055007935,0.38267070055007935,40,0.0,0.0,233.15294358301762,240.51886909206374,221.05434913572915,31.04,16.0,1.84,4.69
LCII,1988-08-03,0.38267070055007935,0.38267070055007935,0.38267070055007935,0.38267070055007935,2360,0.0,0.0,233.15294358301762,240.51886909206374,221.05434913572915,31.12,16.5,2.31,4.69
LCII,1988-08-04,0.38267070055007935,0.38267070055007935,0.38267070055007935,0.38267070055007935,1800,0.0,0.0,233.15294358301762,240.51886909206374,220.2649616276688,31.21,17.0,2.84,4.69
LCII,1988-08-05,0.38267070055007935,0.38267070055007935,0.38267070055007935,0.38267070055007935,4960,0.0,0.0,233.15294358301762,240.51886909206374,220.2649616276688,31.29,17.5,3.47,4.69
LCII,1988-08-08,0.38267070055007935,0.38267070055007935,0.38267070055007935,0.38267070055007935,1480,0.0,0.0,233.15294358301762,240.51886909206374,219.53941130691064,31.38,18.0,4.21,4.69
LCII,1988-08-09,0.38267070055007935,0.38267070055007935,0.38267070055007935,0.38267070055007935,1440,0.0,0.0,233.15294358301762,240.51886909206374,218.74455688314262,31.46,18.5,5.11,4.69
LCII,1988-08-10,0.38267070055007935,0.38267070055007935,0.38267070055007935,0.38267070055007935,2600,0.0,0.0,233.15294358301762,240.51886909206374,218.01394671476615,31.54,19.0,6.21,4.69
LCII,1988-08-11,0.38267070055007935,0.38267070055007935,0.38267070055007935,0.38267070055007935,22400,0.0,0.0,233.15294358301762,240.51886909206374,217.21351019484598,31.54,19.0,7.59,4.69
LCII,1988-08-12,0.38267070055007935,0.574006050825119,0.38267070055007935,0.38267070055007935,2600,0.0,0.0,224.09230839165582,240.51886909206374,216.47773282098305,31.73,1.0,7.59,5.33
LCII,1988-08-15,0.38267070055007935,0.574006050825119,0.38267070055007935,0.38267070055007935,3520,0.0,0.0,224.09230839165582,240.51886909206374,216.47773282098305,31.84,1.5,7.59,5.33
LCII,1988-08-16,0.38267070055007935,0.574006050825119,0.38267070055007935,0.38267070055007935,9720,0.0,0.0,214.45450485990955,235.68558985750093,215.3532037344826,32.17,1.0,9.36,6.08
LCII,1988-08-17,0.38267070055007935,0.38267070055007935,0.38267070055007935,0.38267070055007935,0,0.0,0.0,214.45450485990955,235.68558985750093,215.3532037344826,32.49,1.5,11.73,6.08
LCII,1988-08-18,0.3826707601547241,0.5740061402320862,0.3826707601547241,0.5740061402320862,720,117.5149979240214,83.095651923199,224.09230839165582,240.51886909206374,219.1880867025625,32.67,4.0,11.73,5.33
LCII,1988-08-19,0.5740061402320862,0.5740061402320862,0.5740061402320862,0.5740061402320862,0,117.5149979240214,83.095651923199,214.45450485990955,240.51886909206374,219.1880867025625,33.04,2.0,9.36,6.08
LCII,1988-08-22,0.38267070055007935,0.38267070055007935,0.38267070055007935,0.38267070055007935,9320,169.0323866360981,118.50670325208377,224.09230839165582,245.30933948523992,222.88594332106223,33.26,5.5,9.36,5.33
LCII,1988-08-23,0.38267070055007935,0.38267070055007935,0.38267070055007935,0.38267070055007935,80,169.0323866360981,118.50670325208377,214.45450485990955,245.30933948523992,222.88594332106223,33.63,2.5,11.73,6.08
LCII,1988-08-24,0.38267070055007935,0.38267070055007935,0.38267070055007935,0.38267070055007935,5840,169.0323866360981,118.50670325208377,204.56735378252353,245.30933948523992,222.88594332106223,34.16,1.0,11.73,7.0
LCII,1988-08-25,0.38267070055007935,0.38267070055007935,0.38267070055007935,0.38267070055007935,2720,169.0323866360981,118.50670325208377,204.56735378252353,245.30933948523992,222.88594332106223,34.67,1.5,11.73,7.0
LCII,1988-08-26,0.38267070055007935,0.38267070055007935,0.38267070055007935,0.38267070055007935,200,169.0323866360981,118.50670325208377,204.56735378252353,245.30933948523992,222.88594332106223,35.16,2.0,11.73,7.0
LCII,1988-08-29,0.38267070055007935,0.38267070055007935,0.38267070055007935,0.38267070055007935,2000,169.0323866360981,118.50670325208377,204.56735378252353,245.30933948523992,222.88594332106223,35.63,2.5,11.73,7.0
LCII,1988-08-30,0.38267070055007935,0.38267070055007935,0.38267070055007935,0.38267070055007935,35600,169.0323866360981,118.50670325208377,204.56735378252353,245.30933948523992,221.72938659120663,36.08,3.0,11.73,7.0
LCII,1988-08-31,0.38267070055007935,0.38267070055007935,0.38267070055007935,0.38267070055007935,6000,169.0323866360981,118.50670325208377,204.56735378252353,245.30933948523992,221.72938659120663,36.52,3.5,11.73,7.0
LCII,1988-09-01,0.38267070055007935,0.38267070055007935,0.38267070055007935,0.38267070055007935,0,169.0323866360981,118.50670325208377,193.96178543205914,245.30933948523992,221.72938659120663,37.1,1.0,15.05,8.09
LCII,1988-09-02,0.38267070055007935,0.38267070055007935,0.38267070055007935,0.38267070055007935,18200,169.0323866360981,118.50670325208377,182.97060361398854,245.30933948523992,221.72938659120663,37.82,1.0,15.05,9.5
LCII,1988-09-06,0.38267070055007935,0.38267070055007935,0.38267070055007935,0.38267070055007935,600,169.0323866360981,118.50670325208377,171.0310315740256,245.30933948523992,221.72938659120663,38.7,1.0,20.04,11.25
LCII,1988-09-07,0.38267070055007935,0.38267070055007935,0.38267070055007935,0.38267070055007935,3200,169.0323866360981,118.50670325208377,158.45719087548696,245.30933948523992,221.72938659120663,39.75,1.0,20.04,13.67
LCII,1988-09-08,0.38267070055007935,0.38267070055007935,0.38267070055007935,0.38267070055007935,160,169.0323866360981,118.50670325208377,158.45719087548696,245.30933948523992,221.72938659120663,40.72,1.5,20.04,13.67
LCII,1988-09-09,0.38267070055007935,0.38267070055007935,0.38267070055007935,0.38267070055007935,1800,169.0323866360981,118.50670325208377,158.45719087548696,240.51886909206374,221.72938659120663,41.63,2.0,20.04,13.67
LCII,1988-09-12,0.38267070055007935,0.38267070055007935,0.38267070055007935,0.38267070055007935,1200,169.0323866360981,118.50670325208377,158.45719087548696,235.68558985750093,221.72938659120663,42.48,2.5,20.04,13.67
LCII,1988-09-13,0.38267070055007935,0.38267070055007935,0.38267070055007935,0.38267070055007935,0,169.0323866360981,118.50670325208377,158.45719087548696,235.68558985750093,221.72938659120663,43.26,3.0,20.04,13.67
LCII,1988-09-14,0.38267070055007935,0.38267070055007935,0.38267070055007935,0.38267070055007935,74800,169.0323866360981,118.50670325208377,158.45719087548696,235.68558985750093,221.72938659120663,44.05,3.5,20.04,13.67
LCII,1988-09-15,0.38267070055007935,0.38267070055007935,0.38267070055007935,0.38267070055007935,4080,169.0323866360981,118.50670325208377,144.50623970804347,235.68558985750093,221.72938659120663,45.03,1.0,28.36,16.93
LCII,1988-09-16,0.38267070055007935,0.38267070055007935,0.38267070055007935,0.38267070055007935,103240,169.0323866360981,118.50670325208377,129.37975457324723,235.68558985750093,221.72938659120663,46.21,1.0,28.36,22.0
LCII,1988-09-19,0.38267070055007935,0.38267070055007935,0.38267070055007935,0.38267070055007935,4600,169.0323866360981,118.50670325208377,129.37975457324723,230.69536540017177,221.72938659120663,47.3,1.5,28.36,22.0
LCII,1988-09-20,0.38267070055007935,0.38267070055007935,0.38267070055007935,0.38267070055007935,1800,169.0323866360981,118.50670325208377,129.37975457324723,225.6517726371137,221.72938659120663,48.3,2.0,28.36,22.0
LCII,1988-09-21,0.38267070055007935,0.38267070055007935,0.38267070055007935,0.38267070055007935,12000,169.0323866360981,118.50670325208377,111.85925472593536,220.4345182699667,221.72938659120663,49.56,1.0,45.02,30.13
LCII,1988-09-22,0.38267070055007935,0.38267070055007935,0.38267070055007935,0.38267070055007935,280,169.0323866360981,118.50670325208377,91.48530180699447,220.4345182699667,221.72938659120663,51.16,1.0,45.02,47.0
LCII,1988-09-23,0.38267070055007935,0.38267070055007935,0.38267070055007935,0.38267070055007935,0,169.0323866360981,118.50670325208377,91.48530180699447,220.4345182699667,221.72938659120663,52.62,1.5,45.02,47.0
LCII,1988-09-26,0.38267070055007935,0.38267070055007935,0.38267070055007935,0.38267070055007935,1120,169.0323866360981,118.50670325208377,91.48530180699447,220.4345182699667,221.72938659120663,53.94,2.0,45.02,47.0
LCII,1988-09-27,0.38267070055007935,0.38267070055007935,0.38267070055007935,0.38267070055007935,680,169.0323866360981,118.50670325208377,91.48530180699447,220.4345182699667,221.72938659120663,55.14,2.5,45.02,47.0
LCII,1988-09-28,0.38267070055007935,0.38267070055007935,0.38267070055007935,0.38267070055007935,560,169.0323866360981,118.50670325208377,91.48530180699447,220.4345182699667,221.72938659120663,56.22,3.0,45.02,47.0
LCII,1988-09-29,0.38267070055007935,0.38267070055007935,0.38267070055007935,0.38267070055007935,200,169.0323866360981,118.50670325208377,91.48530180699447,220.4345182699667,221.72938659120663,57.19,3.5,45.02,47.0
LCII,1988-09-30,0.38267070055007935,0.38267070055007935,0.38267070055007935,0.38267070055007935,16400,117.51499792402139,118.50670325208377,91.48530180699447,220.4345182699667,221.72938659120663,58.06,4.0,45.02,47.0
LCII,1988-10-03,0.38267070055007935,0.38267070055007935,0.38267070055007935,0.38267070055007935,680,117.51499792402139,118.50670325208377,91.48530180699447,220.4345182699667,221.72938659120663,58.82,4.5,45.02,47.0
LCII,1988-10-04,0.38267070055007935,0.38267070055007935,0.38267070055007935,0.38267070055007935,640,0.0,118.50670325208377,91.48530180699447,220.4345182699667,221.72938659120663,59.49,5.0,45.02,47.0
LCII,1988-10-05,0.38267070055007935,0.38267070055007935,0.38267070055007935,0.38267070055007935,3600,0.0,118.50670325208377,91.48530180699447,220.4345182699667,221.72938659120663,60.07,5.5,45.02,47.0
LCII,1988-10-06,0.38267070055007935,0.38267070055007935,0.38267070055007935,0.38267070055007935,0,0.0,118.50670325208377,91.48530180699447,215.15052340644013,221.72938659120663,60.56,6.0,45.02,47.0
LCII,1988-10-07,0.38267070055007935,0.38267070055007935,0.38267070055007935,0.38267070055007935,10920,0.0,118.50670325208377,91.48530180699447,209.67212993792418,221.72938659120663,61.07,6.5,45.02,47.0
LCII,1988-10-10,0.38267070055007935,0.38267070055007935,0.38267070055007935,0.38267070055007935,920,0.0,118.50670325208377,91.48530180699447,209.67212993792418,221.72938659120663,61.6,7.0,45.02,47.0
LCII,1988-10-11,0.38267070055007935,0.38267070055007935,0.38267070055007935,0.38267070055007935,1440,0.0,118.50670325208377,91.48530180699447,204.10970812251588,220.63162608634647,62.06,7.5,45.02,47.0
LCII,1988-10-12,0.38267070055007935,0.38267070055007935,0.38267070055007935,0.38267070055007935,1800,0.0,118.50670325208377,91.48530180699447,198.32656730881834,220.63162608634647,62.44,8.0,45.02,47.0
LCII,1988-10-13,0.38267070055007935,0.38267070055007935,0.38267070055007935,0.38267070055007935,24440,0.0,118.50670325208377,91.48530180699447,192.43647829258393,220.63162608634647,62.74,8.5,45.02,47.0
LCII,1988-10-14,0.38267070055007935,0.38267070055007935,0.38267070055007935,0.38267070055007935,2320,0.0,118.50670325208377,91.48530180699447,186.29131093073755,220.63162608634647,62.97,9.0,45.02,47.0
LCII,1988-10-17,0.38267070055007935,0.38267070055007935,0.38267070055007935,0.38267070055007935,1800,0.0,118.50670325208377,91.48530180699447,186.29131093073755,218.76928486840316,63.24,9.5,45.02,47.0
LCII,1988-10-18,0.38267070055007935,0.38267070055007935,0.38267070055007935,0.38267070055007935,18000,0.0,118.50670325208377,91.48530180699447,186.29131093073755,218.76928486840316,63.55,10.0,45.02,47.0
LCII,1988-10-19,0.38267070055007935,0.38267070055007935,0.38267070055007935,0.38267070055007935,2160,0.0,118.50670325208377,91.48530180699447,186.29131093073755,218.76928486840316,63.9,10.5,45.02,47.0
LCII,1988-10-20,0.38267070055007935,0.38267070055007935,0.38267070055007935,0.38267070055007935,10000,0.0,118.50670325208377,91.48530180699447,186.29131093073755,218.76928486840316,64.19,11.0,45.02,47.0
LCII,1988-10-21,0.38267070055007935,0.38267070055007935,0.38267070055007935,0.38267070055007935,8040,0.0,118.50670325208377,91.48530180699447,186.29131093073755,218.76928486840316,64.42,11.5,45.02,47.0
LCII,1988-10-24,0.38267070055007935,0.38267070055007935,0.38267070055007935,0.38267070055007935,2200,0.0,118.50670325208377,91.48530180699447,186.29131093073755,218.76928486840316,64.59,12.0,45.02,47.0
LCII,1988-10-25,0.38267070055007935,0.38267070055007935,0.38267070055007935,0.38267070055007935,0,0.0,118.50670325208377,91.48530180699447,186.29131093073755,214.97902037128856,64.71,12.5,45.02,47.0
LCII,1988-10-26,0.38267070055007935,0.38267070055007935,0.38267070055007935,0.38267070055007935,1000,0.0,118.50670325208377,91.48530180699447,186.29131093073755,214.97902037128856,64.77,13.0,45.02,47.0
LCII,1988-10-27,0.38267070055007935,0.38267070055007935,0.38267070055007935,0.38267070055007935,3880,0.0,118.50670325208377,91.48530180699447,186.29131093073755,211.08969333062748,64.77,13.5,45.02,47.0
LCII,1988-10-28,0.38267070055007935,0.38267070055007935,0.38267070055007935,0.38267070055007935,19120,0.0,118.50670325208377,91.48530180699447,186.29131093073755,211.08969333062748,64.72,14.0,45.02,47.0
LCII,1988-10-31,0.38267070055007935,0.38267070055007935,0.38267070055007935,0.38267070055007935,6120,0.0,118.50670325208377,91.48530180699447,186.29131093073755,211.08969333062748,64.6,14.5,45.02,47.0
LCII,1988-11-01,0.38267070055007935,0.38267070055007935,0.38267070055007935,0.38267070055007935,5280,0.0,118.50670325208377,91.48530180699447,186.29131093073755,211.08969333062748,64.44,15.0,45.02,47.0
LCII,1988-11-02,0.38267070055007935,0.38267070055007935,0.38267070055007935,0.38267070055007935,0,0.0,118.50670325208377,91.48530180699447,186.29131093073755,211.08969333062748,64.21,15.5,45.02,47.0
LCII,1988-11-03,0.38267070055007935,0.38267070055007935,0.38267070055007935,0.38267070055007935,2280,0.0,118.50670325208377,91.48530180699447,186.29131093073755,211.08969333062748,64.05,16.0,45.02,47.0
LCII,1988-11-04,0.38267070055007935,0.38267070055007935,0.38267070055007935,0.38267070055007935,11480,0.0,118.50670325208377,91.48530180699447,186.29131093073755,211.08969333062748,63.95,16.5,45.02,47.0
LCII,1988-11-07,0.38267070055007935,0.38267070055007935,0.38267070055007935,0.38267070055007935,16040,0.0,118.50670325208377,91.48530180699447,186.29131093073755,211.08969333062748,63.8,17.0,45.02,47.0
LCII,1988-11-08,0.38267070055007935,0.38267070055007935,0.38267070055007935,0.38267070055007935,11760,0.0,118.50670325208377,91.48530180699447,186.29131093073755,211.08969333062748,63.72,17.5,45.02,47.0
LCII,1988-11-09,0.38267070055007935,0.38267070055007935,0.38267070055007935,0.38267070055007935,2440,0.0,118.50670325208377,91.48530180699447,186.29131093073755,211.08969333062748,63.71,18.0,45.02,47.0
LCII,1988-11-10,0.38267070055007935,0.38267070055007935,0.38267070055007935,0.38267070055007935,1040,0.0,118.50670325208377,91.48530180699447,186.29131093073755,211.08969333062748,63.76,18.5,45.02,47.0
LCII,1988-11-11,0.38267070055007935,0.38267070055007935,0.38267070055007935,0.38267070055007935,1000,0.0,83.09565192319899,91.48530180699447,186.29131093073755,211.08969333062748,63.87,19.0,45.02,47.0
LCII,1988-11-14,0.38267070055007935,0.38267070055007935,0.38267070055007935,0.38267070055007935,7760,0.0,83.09565192319899,91.48530180699447,186.29131093073755,211.08969333062748,63.95,19.5,45.02,47.0
LCII,1988-11-15,0.38267070055007935,0.38267070055007935,0.38267070055007935,0.38267070055007935,23680,0.0,0.0,91.48530180699447,186.29131093073755,211.08969333062748,64.01,20.0,45.02,47.0
LCII,1988-11-16,0.38267070055007935,0.38267070055007935,0.38267070055007935,0.38267070055007935,5000,0.0,0.0,91.48530180699447,186.29131093073755,211.08969333062748,64.02,20.5,45.02,47.0
LCII,1988-11-17,0.38267070055007935,0.38267070055007935,0.38267070055007935,0.38267070055007935,5600,0.0,0.0,91.48530180699447,186.29131093073755,211.08969333062748,64.01,21.0,45.02,47.0
LCII,1988-11-18,0.38267070055007935,0.38267070055007935,0.38267070055007935,0.38267070055007935,118520,0.0,0.0,91.48530180699447,186.29131093073755,211.08969333062748,63.97,21.5,45.02,47.0
LCII,1988-11-21,0.38267070055007935,0.38267070055007935,0.38267070055007935,0.38267070055007935,6520,0.0,0.0,91.48530180699447,186.29131093073755,211.08969333062748,63.89,22.0,45.02,47.0
LCII,1988-11-22,0.38267070055007935,0.38267070055007935,0.38267070055007935,0.38267070055007935,9440,0.0,0.0,91.48530180699447,186.29131093073755,211.08969333062748,63.78,22.5,45.02,47.0
LCII,1988-11-23,0.38267070055007935,0.38267070055007935,0.38267070055007935,0.38267070055007935,4800,0.0,0.0,91.48530180699447,186.29131093073755,211.08969333062748,63.64,23.0,45.02,47.0
LCII,1988-11-25,0.38267070055007935,0.38267070055007935,0.38267070055007935,0.38267070055007935,4800,0.0,0.0,91.48530180699447,186.29131093073755,211.08969333062748,63.47,23.5,45.02,47.0
LCII,1988-11-28,0.38267070055007935,0.38267070055007935,0.38267070055007935,0.38267070055007935,5600,0.0,0.0,91.48530180699447,186.29131093073755,207.15896753069774,63.26,24.0,45.02,47.0
LCII,1988-11-29,0.38267070055007935,0.38267070055007935,0.38267070055007935,0.38267070055007935,5080,0.0,0.0,91.48530180699447,186.29131093073755,207.15896753069774,63.03,24.5,45.02,47.0
LCII,1988-11-30,0.38267070055007935,0.38267070055007935,0.38267070055007935,0.38267070055007935,14000,0.0,0.0,91.48530180699447,186.29131093073755,207.15896753069774,62.76,25.0,45.02,47.0
LCII,1988-12-01,0.38267070055007935,0.38267070055007935,0.38267070055007935,0.38267070055007935,37400,0.0,0.0,91.48530180699447,186.29131093073755,207.15896753069774,62.45,25.5,45.02,47.0
LCII,1988-12-02,0.38267070055007935,0.38267070055007935,0.38267070055007935,0.38267070055007935,3320,0.0,0.0,91.48530180699447,186.29131093073755,207.15896753069774,62.11,26.0,45.02,47.0
LCII,1988-12-05,0.38267070055007935,0.38267070055007935,0.38267070055007935,0.38267070055007935,20480,0.0,0.0,91.48530180699447,186.29131093073755,207.15896753069774,61.74,26.5,45.02,47.0
LCII,1988-12-06,0.38267070055007935,0.38267070055007935,0.38267070055007935,0.38267070055007935,61840,0.0,0.0,91.48530180699447,180.00784262205252,207.15896753069774,61.33,27.0,45.02,47.0
LCII,1988-12-07,0.38267070055007935,0.38267070055007935,0.38267070055007935,0.38267070055007935,6400,0.0,0.0,91.48530180699447,180.00784262205252,207.15896753069774,60.89,27.5,45.02,47.0
LCII,1988-12-08,0.38267070055007935,0.38267070055007935,0.38267070055007935,0.38267070055007935,8600,0.0,0.0,91.48530180699447,173.42282939707286,207.15896753069774,60.4,28.0,45.02,47.0
LCII,1988-12-09,0.38267070055007935,0.38267070055007935,0.38267070055007935,0.38267070055007935,6040,0.0,0.0,91.48530180699447,173.42282939707286,207.15896753069774,59.88,28.5,45.02,47.0
LCII,1988-12-12,0.38267070055007935,0.38267070055007935,0.38267070055007935,0.38267070055007935,14800,0.0,0.0,91.48530180699447,173.42282939707286,207.15896753069774,59.33,29.0,45.02,47.0
LCII,1988-12-13,0.38267070055007935,0.38267070055007935,0.38267070055007935,0.38267070055007935,4040,0.0,0.0,91.48530180699447,166.65487881619038,207.15896753069774,58.73,29.5,45.02,47.0
LCII,1988-12-14,0.38267070055007935,0.38267070055007935,0.38267070055007935,0.38267070055007935,23240,0.0,0.0,91.48530180699447,166.65487881619038,207.15896753069774,58.09,30.0,45.02,47.0
LCII,1988-12-15,0.38267070055007935,0.38267070055007935,0.38267070055007935,0.38267070055007935,116440,0.0,0.0,91.48530180699447,159.51960062600372,207.15896753069774,57.41,30.5,45.02,47.0
LCII,1988-12-16,0.38267070055007935,0.38267070055007935,0.38267070055007935,0.38267070055007935,2760,0.0,0.0,91.48530180699447,152.1343940765289,207.15896753069774,56.68,31.0,45.02,47.0
LCII,1988-12-19,0.38267070055007935,0.38267070055007935,0.38267070055007935,0.38267070055007935,15080,0.0,0.0,91.48530180699447,152.1343940765289,207.15896753069774,55.91,31.5,45.02,47.0
LCII,1988-12-20,0.38267070055007935,0.38267070055007935,0.38267070055007935,0.38267070055007935,5800,0.0,0.0,91.48530180699447,152.1343940765289,207.15896753069774,55.09,32.0,45.02,47.0
LCII,1988-12-21,0.38267070055007935,0.38267070055007935,0.38267070055007935,0.38267070055007935,15720,0.0,0.0,91.48530180699447,152.1343940765289,203.11995780573648,54.23,32.5,45.02,47.0
LCII,1988-12-22,0.38267070055007935,0.38267070055007935,0.38267070055007935,0.38267070055007935,54000,0.0,0.0,91.48530180699447,152.1343940765289,199.03189808915172,53.31,33.0,45.02,47.0
LCII,1988-12-23,0.38267070055007935,0.38267070055007935,0.38267070055007935,0.38267070055007935,880,0.0,0.0,91.48530180699447,152.1343940765289,199.03189808915172,52.33,33.5,45.02,47.0
LCII,1988-12-27,0.38267070055007935,0.38267070055007935,0.19133535027503967,0.19133535027503967,9960,200.89313868106328,142.0529006552296,143.0977861375065,165.83096131594144,210.75632041804226,51.22,71.0,30.13,39.63
LCII,1988-12-28,0.38267070055007935,0.38267070055007935,0.38267070055007935,0.38267070055007935,43280,288.9626625533512,202.5884694858169,181.18771097904323,179.00764827216392,221.94828191273132,50.37,80.0,30.13,28.01
LCII,1988-12-29,0.38267070055007935,0.38267070055007935,0.38267070055007935,0.38267070055007935,50560,288.9626625533512,202.5884694858169,181.18771097904323,172.38443227441206,221.94828191273132,49.49,80.5,30.13,28.01
LCII,1988-12-30,0.38267070055007935,0.38267070055007935,0.38267070055007935,0.38267070055007935,31560,288.9626625533512,202.5884694858169,181.18771097904323,165.5740419501929,218.18322409074605,48.6,81.0,30.13,28.01
LCII,1989-01-03,0.38267070055007935,0.38267070055007935,0.38267070055007935,0.38267070055007935,0,288.9626625533512,202.5884694858169,181.18771097904323,165.5740419501929,214.38259834370666,47.68,81.5,30.13,28.01
LCII,1989-01-04,0.38267070055007935,0.38267070055007935,0.38267070055007935,0.38267070055007935,480,288.9626625533512,202.5884694858169,181.18771097904323,165.5740419501929,210.48225080328865,46.74,82.0,30.13,28.01
LCII,1989-01-05,0.38267070055007935,0.38267070055007935,0.38267070055007935,0.38267070055007935,1000,288.9626625533512,202.5884694858169,181.18771097904323,165.5740419501929,210.48225080328865,45.98,82.5,30.13,28.01
LCII,1989-01-06,0.38267070055007935,0.38267070055007935,0.38267070055007935,0.38267070055007935,7840,288.9626625533512,202.5884694858169,181.18771097904323,165.5740419501929,210.48225080328865,45.21,83.0,30.13,28.01
LCII,1989-01-09,0.38267070055007935,0.38267070055007935,0.38267070055007935,0.38267070055007935,6800,288.9626625533512,202.5884694858169,181.18771097904323,165.5740419501929,210.48225080328865,44.64,83.5,30.13,28.01
LCII,1989-01-10,0.38267070055007935,0.38267070055007935,0.38267070055007935,0.38267070055007935,4520,288.9626625533512,202.5884694858169,181.18771097904323,158.39008087113552,210.48225080328865,44.05,84.0,30.13,28.01
LCII,1989-01-11,0.38267070055007935,0.38267070055007935,0.38267070055007935,0.38267070055007935,0,288.9626625533512,202.5884694858169,169.12231840958577,150.94962270743747,210.48225080328865,43.08,79.0,47.0,35.63
LCII,1989-01-12,0.38267070055007935,0.38267070055007935,0.38267070055007935,0.38267070055007935,8400,288.9626625533512,202.5884694858169,169.12231840958577,150.94962270743747,210.48225080328865,42.31,79.5,95.01,35.63
LCII,1989-01-13,0.38267070055007935,0.38267070055007935,0.38267070055007935,0.38267070055007935,1000,288.9626625533512,202.5884694858169,156.39509635250232,150.94962270743747,210.48225080328865,41.15,73.0,95.01,47.0
LCII,1989-01-16,0.38267070055007935,0.38267070055007935,0.38267070055007935,0.38267070055007935,0,288.9626625533512,202.5884694858169,156.39509635250232,143.03301348345545,210.48225080328865,40.18,73.5,95.01,47.0
LCII,1989-01-17,0.38267070055007935,0.38267070055007935,0.38267070055007935,0.38267070055007935,5160,288.9626625533512,202.5884694858169,156.39509635250232,134.74722195025478,210.48225080328865,39.42,74.0,95.01,47.0
LCII,1989-01-18,0.38267070055007935,0.38267070055007935,0.38267070055007935,0.38267070055007935,3760,288.9626625533512,202.5884694858169,156.39509635250232,134.74722195025478,210.48225080328865,38.64,74.5,95.01,47.0
LCII,1989-01-19,0.38267070055007935,0.38267070055007935,0.38267070055007935,0.38267070055007935,18800,288.9626625533512,202.5884694858169,156.39509635250232,134.74722195025478,206.539964900706,37.83,75.0,95.01,47.0
LCII,1989-01-20,0.38267070055007935,0.38267070055007935,0.38267070055007935,0.38267070055007935,3480,288.9626625533512,202.5884694858169,156.39509635250232,134.74722195025478,202.4886084000883,37.0,75.5,95.01,47.0
LCII,1989-01-23,0.38267070055007935,0.38267070055007935,0.38267070055007935,0.38267070055007935,10720,288.9626625533512,202.5884694858169,156.39509635250232,134.74722195025478,202.4886084000883,36.14,76.0,95.01,47.0
LCII,1989-01-24,0.38267070055007935,0.38267070055007935,0.38267070055007935,0.38267070055007935,11680,288.9626625533512,202.5884694858169,156.39509635250232,134.74722195025478,198.38753925025293,35.26,76.5,95.01,47.0
LCII,1989-01-25,0.38267070055007935,0.38267070055007935,0.38267070055007935,0.38267070055007935,400,288.9626625533512,202.5884694858169,156.39509635250232,134.74722195025478,194.16615348816617,34.61,77.0,95.01,47.0
LCII,1989-01-26,0.38267070055007935,0.38267070055007935,0.38267070055007935,0.38267070055007935,800,288.9626625533512,202.5884694858169,156.39509635250232,134.74722195025478,189.88542429148282,34.18,77.5,95.01,47.0
LCII,1989-01-27,0.38267070055007935,0.38267070055007935,0.38267070055007935,0.38267070055007935,0,288.9626625533512,202.5884694858169,156.39509635250232,134.74722195025478,185.47062783356265,33.97,78.0,95.01,47.0
LCII,1989-01-30,0.38267070055007935,0.38267070055007935,0.38267070055007935,0.38267070055007935,22600,288.9626625533512,202.5884694858169,156.39509635250232,134.74722195025478,185.47062783356265,33.94,78.5,95.01,47.0
LCII,1989-01-31,0.38267070055007935,0.38267070055007935,0.38267070055007935,0.38267070055007935,221440,288.9626625533512,202.5884694858169,156.39509635250232,134.74722195025478,185.47062783356265,33.92,79.0,95.01,47.0
LCII,1989-02-01,0.38267070055007935,0.38267070055007935,0.38267070055007935,0.38267070055007935,11800,288.9626625533512,202.5884694858169,156.39509635250232,134.74722195025478,185.47062783356265,33.89,79.5,95.01,47.0
LCII,1989-02-02,0.38267070055007935,0.38267070055007935,0.38267070055007935,0.38267070055007935,223440,288.9626625533512,202.5884694858169,156.39509635250232,134.74722195025478,185.47062783356265,33.86,80.0,95.01,47.0
LCII,1989-02-03,0.38267070055007935,0.38267070055007935,0.38267070055007935,0.38267070055007935,88200,288.9626625533512,202.5884694858169,156.39509635250232,134.74722195025478,185.47062783356265,33.84,80.5,95.01,47.0
LCII,1989-02-06,0.38267070055007935,0.38267070055007935,0.38267070055007935,0.38267070055007935,280,288.9626625533512,202.5884694858169,156.39509635250232,134.74722195025478,185.47062783356265,33.81,81.0,95.01,47.0
LCII,1989-02-07,0.38267070055007935,0.38267070055007935,0.38267070055007935,0.38267070055007935,8680,288.9626625533512,202.5884694858169,156.39509635250232,134.74722195025478,185.47062783356265,33.94,80.5,95.01,47.0
LCII,1989-02-08,0.38267070055007935,0.38267070055007935,0.38267070055007935,0.38267070055007935,1800,200.89313868106328,202.5884694858169,156.39509635250232,134.74722195025478,185.47062783356265,34.16,80.0,95.01,47.0
LCII,1989-02-09,0.38267070055007935,0.38267070055007935,0.38267070055007935,0.38267070055007935,8480,0.0,202.5884694858169,156.39509635250232,134.74722195025478,185.47062783356265,34.39,79.5,95.01,47.0
LCII,1989-02-10,0.38267070055007935,0.38267070055007935,0.38267070055007935,0.38267070055007935,0,0.0,202.5884694858169,156.39509635250232,134.74722195025478,185.47062783356265,34.6,79.0,95.01,47.0
LCII,1989-02-13,0.38267070055007935,0.38267070055007935,0.38267070055007935,0.38267070055007935,2840,0.0,202.5884694858169,156.39509635250232,134.74722195025478,185.47062783356265,34.84,78.5,95.01,47.0
LCII,1989-02-14,0.38267070055007935,0.38267070055007935,0.38267070055007935,0.38267070055007935,51080,0.0,202.5884694858169,156.39509635250232,134.74722195025478,185.47062783356265,34.99,78.0,95.01,47.0
LCII,1989-02-15,0.38267070055007935,0.38267070055007935,0.38267070055007935,0.38267070055007935,8200,0.0,202.5884694858169,156.39509635250232,134.74722195025478,185.47062783356265,35.12,77.5,95.01,47.0
LCII,1989-02-16,0.38267070055007935,0.38267070055007935,0.38267070055007935,0.38267070055007935,680,0.0,202.5884694858169,156.39509635250232,134.74722195025478,185.47062783356265,35.24,77.0,95.01,47.0
LCII,1989-02-17,0.38267070055007935,0.38267070055007935,0.38267070055007935,0.38267070055007935,1120,0.0,202.5884694858169,156.39509635250232,134.74722195025478,185.47062783356265,35.35,76.5,95.01,47.0
LCII,1989-02-21,0.38267070055007935,0.38267070055007935,0.38267070055007935,0.38267070055007935,280,0.0,202.5884694858169,156.39509635250232,134.74722195025478,185.47062783356265,35.44,76.0,95.01,47.0
LCII,1989-02-22,0.38267070055007935,0.38267070055007935,0.38267070055007935,0.38267070055007935,400,0.0,202.5884694858169,156.39509635250232,134.74722195025478,185.47062783356265,35.52,75.5,95.01,47.0
LCII,1989-02-23,0.38267070055007935,0.38267070055007935,0.38267070055007935,0.38267070055007935,1400,0.0,202.5884694858169,156.39509635250232,134.74722195025478,185.47062783356265,35.59,75.0,95.01,47.0
LCII,1989-02-24,0.38267070055007935,0.38267070055007935,0.38267070055007935,0.38267070055007935,0,0.0,202.5884694858169,156.39509635250232,134.74722195025478,185.47062783356265,35.65,74.5,95.01,47.0
LCII,1989-02-27,0.38267070055007935,0.38267070055007935,0.38267070055007935,0.38267070055007935,4520,0.0,202.5884694858169,156.39509635250232,134.74722195025478,185.47062783356265,35.7,74.0,95.01,47.0
LCII,1989-02-28,0.38267070055007935,0.38267070055007935,0.38267070055007935,0.38267070055007935,95920,0.0,202.5884694858169,156.39509635250232,134.74722195025478,185.47062783356265,35.73,73.5,95.01,47.0
LCII,1989-03-01,0.38267070055007935,0.38267070055007935,0.38267070055007935,0.38267070055007935,6920,0.0,202.5884694858169,156.39509635250232,134.74722195025478,185.47062783356265,35.75,73.0,95.01,47.0
LCII,1989-03-02,0.38267070055007935,0.38267070055007935,0.38267070055007935,0.38267070055007935,14320,0.0,202.5884694858169,156.39509635250232,134.74722195025478,185.47062783356265,35.76,72.5,95.01,47.0
LCII,1989-03-03,0.38267070055007935,0.38267070055007935,0.38267070055007935,0.38267070055007935,7320,0.0,202.5884694858169,156.39509635250232,134.74722195025478,185.47062783356265,35.76,72.0,95.01,47.0
LCII,1989-03-06,0.38267070055007935,0.38267070055007935,0.38267070055007935,0.38267070055007935,2000,0.0,202.5884694858169,156.39509635250232,134.74722195025478,185.47062783356265,35.75,71.5,95.01,47.0
LCII,1989-03-07,0.38267070055007935,0.38267070055007935,0.38267070055007935,0.38267070055007935,24360,0.0,202.5884694858169,156.39509635250232,134.74722195025478,185.47062783356265,35.72,71.0,95.01,47.0
LCII,1989-03-08,0.38267070055007935,0.38267070055007935,0.38267070055007935,0.38267070055007935,67480,0.0,202.5884694858169,156.39509635250232,134.74722195025478,185.47062783356265,35.69,70.5,95.01,47.0
LCII,1989-03-09,0.38267070055007935,0.38267070055007935,0.38267070055007935,0.38267070055007935,1200,0.0,202.5884694858169,156.39509635250232,134.74722195025478,185.47062783356265,35.64,70.0,95.01,47.0
LCII,1989-03-10,0.38267070055007935,0.38267070055007935,0.38267070055007935,0.38267070055007935,2840,0.0,202.5884694858169,156.39509635250232,134.74722195025478,185.47062783356265,35.58,69.5,95.01,47.0
LCII,1989-03-13,0.38267070055007935,0.38267070055007935,0.38267070055007935,0.38267070055007935,55360,0.0,202.5884694858169,156.39509635250232,134.74722195025478,185.47062783356265,35.5,69.0,95.01,47.0
LCII,1989-03-14,0.38267070055007935,0.38267070055007935,0.38267070055007935,0.38267070055007935,58640,0.0,202.5884694858169,156.39509635250232,134.74722195025478,185.47062783356265,35.42,68.5,95.01,47.0
LCII,1989-03-15,0.38267070055007935,0.38267070055007935,0.38267070055007935,0.38267070055007935,156880,0.0,202.5884694858169,156.39509635250232,134.74722195025478,185.47062783356265,35.32,68.0,95.01,47.0
LCII,1989-03-16,0.38267070055007935,0.574006050825119,0.38267070055007935,0.38267070055007935,9520,0.0,202.5884694858169,156.39509635250232,134.74722195025478,185.47062783356265,35.21,67.5,95.01,47.0
LCII,1989-03-17,0.38267070055007935,0.38267070055007935,0.38267070055007935,0.38267070055007935,108040,0.0,202.5884694858169,156.39509635250232,134.74722195025478,185.47062783356265,35.09,67.0,95.01,47.0
LCII,1989-03-20,0.38267070055007935,0.38267070055007935,0.38267070055007935,0.38267070055007935,4480,0.0,202.5884694858169,156.39509635250232,134.74722195025478,185.47062783356265,34.95,66.5,95.01,47.0
LCII,1989-03-21,0.38267070055007935,0.38267070055007935,0.38267070055007935,0.38267070055007935,600,0.0,202.5884694858169,156.39509635250232,134.74722195025478,180.98434459074696,34.8,66.0,95.01,47.0
LCII,1989-03-22,0.38267070055007935,0.38267070055007935,0.38267070055007935,0.38267070055007935,2880,0.0,202.5884694858169,156.39509635250232,134.74722195025478,180.98434459074696,34.64,65.5,95.01,47.0
LCII,1989-03-23,0.38267070055007935,0.38267070055007935,0.38267070055007935,0.38267070055007935,1760,0.0,142.0529006552296,156.39509635250232,134.74722195025478,176.34685258762545,34.47,65.0,95.01,47.0
LCII,1989-03-27,0.38267070055007935,0.38267070055007935,0.38267070055007935,0.38267070055007935,200,0.0,0.0,156.39509635250232,134.74722195025478,176.34685258762545,34.28,64.5,95.01,47.0
LCII,1989-03-28,0.38267070055007935,0.38267070055007935,0.38267070055007935,0.38267070055007935,22480,0.0,0.0,156.39509635250232,134.74722195025478,176.34685258762545,34.08,64.0,95.01,47.0
LCII,1989-03-29,0.38267070055007935,0.38267070055007935,0.38267070055007935,0.38267070055007935,12000,0.0,0.0,156.39509635250232,134.74722195025478,171.62223520140984,33.87,63.5,95.01,47.0
LCII,1989-03-30,0.38267070055007935,0.38267070055007935,0.38267070055007935,0.38267070055007935,11920,0.0,0.0,156.39509635250232,134.74722195025478,171.62223520140984,33.64,63.0,95.01,47.0
LCII,1989-03-31,0.38267070055007935,0.38267070055007935,0.38267070055007935,0.38267070055007935,280,0.0,0.0,156.39509635250232,134.74722195025478,166.724536425049,33.4,62.5,95.01,47.0
LCII,1989-04-03,0.38267070055007935,0.38267070055007935,0.38267070055007935,0.38267070055007935,49760,0.0,0.0,156.39509635250232,134.74722195025478,161.71904725205943,33.14,62.0,95.01,47.0
LCII,1989-04-04,0.38267070055007935,0.38267070055007935,0.38267070055007935,0.38267070055007935,0,0.0,0.0,156.39509635250232,134.74722195025478,161.71904725205943,32.87,61.5,95.01,47.0
LCII,1989-04-05,0.38267070055007935,0.38267070055007935,0.38267070055007935,0.38267070055007935,6200,0.0,0.0,156.39509635250232,134.74722195025478,161.71904725205943,32.58,61.0,95.01,47.0
LCII,1989-04-06,0.38267070055007935,0.38267070055007935,0.38267070055007935,0.38267070055007935,80,0.0,0.0,156.39509635250232,134.74722195025478,161.71904725205943,32.27,60.5,95.01,47.0
LCII,1989-04-07,0.38267070055007935,0.38267070055007935,0.38267070055007935,0.38267070055007935,13000,0.0,0.0,156.39509635250232,134.74722195025478,161.71904725205943,31.95,60.0,95.01,47.0
LCII,1989-04-10,0.38267070055007935,0.38267070055007935,0.38267070055007935,0.38267070055007935,22760,0.0,0.0,156.39509635250232,134.74722195025478,161.71904725205943,31.62,59.5,95.01,47.0
LCII,1989-04-11,0.38267070055007935,0.38267070055007935,0.38267070055007935,0.38267070055007935,3040,0.0,0.0,156.39509635250232,134.74722195025478,156.51175570778474,31.26,59.0,95.01,47.0
LCII,1989-04-12,0.38267070055007935,0.38267070055007935,0.38267070055007935,0.38267070055007935,5200,0.0,0.0,156.39509635250232,134.74722195025478,151.1684784361463,30.89,58.5,95.01,47.0
LCII,1989-04-13,0.38267070055007935,0.38267070055007935,0.38267070055007935,0.38267070055007935,25560,0.0,0.0,156.39509635250232,134.74722195025478,145.58429964566608,30.5,58.0,95.01,47.0
LCII,1989-04-14,0.38267070055007935,0.38267070055007935,0.38267070055007935,0.38267070055007935,21600,0.0,0.0,156.39509635250232,134.74722195025478,139.82405909315256,30.09,57.5,95.01,47.0
LCII,1989-04-17,0.38267070055007935,0.38267070055007935,0.38267070055007935,0.38267070055007935,22520,0.0,0.0,156.39509635250232,134.74722195025478,139.82405909315256,29.67,57.0,95.01,47.0
LCII,1989-04-18,0.38267070055007935,0.574006050825119,0.38267070055007935,0.38267070055007935,56400,0.0,0.0,156.39509635250232,134.74722195025478,139.82405909315256,29.22,56.5,95.01,47.0
LCII,1989-04-19,0.38267070055007935,0.574006050825119,0.38267070055007935,0.38267070055007935,16280,0.0,0.0,156.39509635250232,134.74722195025478,139.82405909315256,28.74,56.0,95.01,47.0
LCII,1989-04-20,0.38267070055007935,0.38267070055007935,0.38267070055007935,0.38267070055007935,1040,0.0,0.0,156.39509635250232,134.74722195025478,139.82405909315256,28.25,55.5,95.01,47.0
LCII,1989-04-21,0.38267070055007935,0.574006050825119,0.38267070055007935,0.38267070055007935,5880,0.0,0.0,156.39509635250232,134.74722195025478,139.82405909315256,27.73,55.0,95.01,47.0
LCII,1989-04-24,0.38267070055007935,0.38267070055007935,0.38267070055007935,0.38267070055007935,23720,0.0,0.0,156.39509635250232,134.74722195025478,133.76713696534318,27.19,54.5,95.01,47.0
LCII,1989-04-25,0.3826707601547241,0.5740061402320862,0.3826707601547241,0.5740061402320862,96920,117.5149979240214,83.09565192319899,169.12231840958577,143.03301348345545,133.76713696534318,26.69,90.0,47.0,35.63
LCII,1989-04-26,0.5740061402320862,0.5740061402320862,0.5740061402320862,0.5740061402320862,18440,117.5149979240214,83.09565192319899,169.12231840958577,143.03301348345545,133.76713696534318,26.15,89.5,30.13,35.63
LCII,1989-04-27,0.5740061402320862,0.5740061402320862,0.5740061402320862,0.5740061402320862,30240,117.5149979240214,83.09565192319899,169.12231840958577,143.03301348345545,133.76713696534318,25.59,89.0,21.55,35.63
LCII,1989-04-28,0.5740061402320862,0.5740061402320862,0.5740061402320862,0.5740061402320862,57600,117.5149979240214,83.09565192319899,169.12231840958577,143.03301348345545,127.47402139209079,24.98,88.5,16.36,35.63
LCII,1989-05-01,0.5740061402320862,0.5740061402320862,0.5740061402320862,0.5740061402320862,77800,117.5149979240214,83.09565192319899,169.12231840958577,143.03301348345545,120.79944354379566,24.34,88.0,12.88,35.63
LCII,1989-05-02,0.5740061402320862,0.5740061402320862,0.5740061402320862,0.5740061402320862,53760,117.5149979240214,83.09565192319899,169.12231840958577,143.03301348345545,120.79944354379566,23.65,87.5,10.4,35.63
LCII,1989-05-03,0.5548725724220276,0.5548725724220276,0.5548725724220276,0.5548725724220276,5200,118.26220476714757,83.5028695753753,169.22860084460544,143.09676310221317,120.85153719199087,22.92,91.0,8.61,35.54
LCII,1989-05-04,0.5548727256911141,0.5548727256911141,0.5357391834259033,0.5357391834259033,9200,119.01646447351742,83.92264659929855,169.33985934856523,143.1641103762901,120.90676897459154,22.13,91.0,7.33,35.44
LCII,1989-05-05,0.5357390642166138,0.5740061402320862,0.5357390642166138,0.5740061402320862,23600,120.12608255520676,84.91100854546715,169.6588385422627,135.11973177114197,121.0958170539601,21.29,91.0,6.13,35.14
LCII,1989-05-08,0.5548725724220276,0.5548725724220276,0.5548725724220276,0.5548725724220276,800,120.85714728291555,85.30956119327476,169.76478508542064,135.17926016136394,121.14778326136492,20.39,91.0,5.19,35.05
LCII,1989-05-09,0.5548725724220276,0.5548725724220276,0.5548725724220276,0.5548725724220276,15600,120.85714728291555,85.30956119327476,169.76478508542064,126.28632914420525,121.14778326136492,19.41,90.5,4.4,35.05
LCII,1989-05-10,0.5740061402320862,0.6122732162475586,0.5740061402320862,0.6122732162475586,145600,123.32297243906712,87.36501062778798,170.4278759670802,126.79977066769655,121.53507925818701,18.35,91.0,3.82,34.46
LCII,1989-05-11,0.5931396484375,0.5931396484375,0.574006111391129,0.5931396484375,16800,124.01480145992552,87.72813286723891,170.52465730787273,126.86460411191922,121.58143084853891,17.19,91.0,3.22,34.38
LCII,1989-05-12,0.6122733222113715,0.7270745701260037,0.6122733222113715,0.688807487487793,86800,129.9163364824524,92.42313427149642,172.07197199131826,128.05238799422202,122.47620432577062,15.92,91.0,3.5,33.06
LCII,1989-05-15,0.6888073682785034,0.6888073682785034,0.6122732162475586,0.6122732162475586,110000,135.8110512652833,96.03782421880803,173.1866199336747,128.8505488902871,123.06366611585287,14.51,91.0,2.93,32.17
LCII,1989-05-16,0.6122732162475586,0.6122732162475586,0.6122732162475586,0.6122732162475586,2800,135.8110512652833,96.03782421880803,173.1866199336747,128.8505488902871,123.06366611585287,12.89,90.5,2.44,32.17
LCII,1989-05-17,0.6122732162475586,0.6122732162475586,0.6122732162475586,0.6122732162475586,1200,135.8110512652833,96.03782421880803,173.1866199336747,128.8505488902871,123.06366611585287,10.97,90.0,2.01,32.17
LCII,1989-05-18,0.6122732162475586,0.6122732162475586,0.6122732162475586,0.6122732162475586,4800,135.8110512652833,96.03782421880803,173.1866199336747,128.8505488902871,123.06366611585287,8.56,89.5,1.63,32.17
LCII,1989-05-19,0.6122731873483369,0.6314067244529724,0.5740061131390659,0.6314067244529724,14000,135.79542052194216,96.13762052312953,132.21718058971382,128.8932042622836,123.09745093354707,8.86,1.0,1.23,47.9
LCII,1989-05-22,0.6314067244529724,0.6314067244529724,0.6314067244529724,0.6314067244529724,4000,135.79542052194216,96.13762052312953,74.50287225652026,128.8932042622836,123.09745093354707,12.21,1.0,0.93,52.69
LCII,1989-05-23,0.5740061402320862,0.5740061402320862,0.5740061402320862,0.5740061402320862,2000,139.570601803773,98.44757024286433,76.18329014696943,129.41445200720347,123.48127690157192,14.65,2.0,0.67,48.62
LCII,1989-05-24,0.5740061402320862,0.6122732162475586,0.5740061402320862,0.6122732162475586,6000,140.2791386917386,99.1443747169942,76.78238927772718,129.62376379251134,123.64138806446681,16.64,3.0,0.41,46.73
LCII,1989-05-25,0.5740061402320862,0.5740061402320862,0.5740061402320862,0.5740061402320862,4000,142.1402107839786,100.2383797313022,77.56249929850733,129.8667706194572,123.819473628148,18.33,4.0,0.2,45.11
LCII,1989-05-26,0.5740061402320862,0.5740061402320862,0.5740061402320862,0.5740061402320862,400,142.1402107839786,100.2383797313022,77.56249929850733,129.8667706194572,123.819473628148,19.81,4.5,0.01,45.11
LCII,1989-05-30,0.574006111391129,0.5931396484375,0.574006111391129,0.5931396484375,5200,142.1869676298393,100.36912493577725,77.69341760628684,129.91670715163087,123.85860636141521,21.14,6.0,-0.18,44.63
LCII,1989-05-31,0.5931396484375,0.5931396484375,0.574006111391129,0.5931396484375,0,142.1869676298393,100.36912493577725,77.69341760628684,129.91670715163087,123.85860636141521,22.34,6.5,-0.35,44.63
LCII,1989-06-01,0.5931396782398224,0.5931396782398224,0.5740061402320862,0.5740061402320862,59600,142.79599613165308,100.69547026607441,77.91455052330807,129.9832721207467,123.90662251920747,23.42,8.0,-0.5,44.25
LCII,1989-06-02,0.5548725724220276,0.5548725724220276,0.5548725724220276,0.5548725724220276,1200,143.41154364462813,101.03177515458476,78.14498027921314,130.05341862245942,123.95741036861752,24.41,9.0,-0.61,43.85
LCII,1989-06-05,0.5548725724220276,0.5548725724220276,0.5548725724220276,0.5548725724220276,0,143.41154364462813,101.03177515458476,78.14498027921314,130.05341862245942,123.95741036861752,25.43,9.5,-0.72,43.85
LCII,1989-06-06,0.5548727256911141,0.5548727256911141,0.5357391834259033,0.5357391834259033,17200,144.03416466215353,101.37899671921788,78.38562727444149,130.12751663231083,124.01125887395041,26.38,11.0,-0.81,43.44
LCII,1989-06-07,0.5357390642166138,0.5740061402320862,0.5357390642166138,0.5740061402320862,37600,84.86119694610677,102.1986777594154,79.07237251104453,130.36939488166013,124.19558144955427,27.3,12.0,-0.91,41.58
LCII,1989-06-08,0.5740061094020975,0.5740061094020975,0.5548725724220276,0.5548725724220276,26400,85.42813079036748,102.53005215327613,79.29943791802611,130.43933373788295,124.24625118195456,28.17,13.0,-1.0,41.22
LCII,1989-06-09,0.5548725724220276,0.5740061094020975,0.5548725724220276,0.5548725724220276,109200,85.42813079036748,102.53005215327613,79.29943791802611,130.43933373788295,124.24625118195456,29.0,13.5,-1.08,41.22
LCII,1989-06-12,0.5548725724220276,0.5548725724220276,0.5548725724220276,0.5548725724220276,6800,85.42813079036748,102.53005215327613,79.29943791802611,130.43933373788295,124.24625118195456,29.78,14.0,-1.15,41.22
LCII,1989-06-13,0.5548725724220276,0.5740061094020975,0.5357390354419577,0.5548725724220276,221200,85.42813079036748,102.53005215327613,79.29943791802611,130.43933373788295,124.24625118195456,30.52,14.5,-1.22,41.22
LCII,1989-06-14,0.5548725724220276,0.5548725724220276,0.5548725724220276,0.5548725724220276,12000,85.42813079036748,102.53005215327613,79.29943791802611,130.43933373788295,124.24625118195456,31.22,15.0,-1.28,41.22
LCII,1989-06-15,0.5740061402320862,0.5740061402320862,0.5740061402320862,0.5740061402320862,18000,85.42813079036748,102.67788874603205,79.44149339122816,130.49344746486764,124.288456454084,31.89,18.0,-1.35,40.76
LCII,1989-06-16,0.5740061402320862,0.5740061402320862,0.55487260222435,0.5740061402320862,5200,84.73785609151298,102.67788874603205,79.44149339122816,130.49344746486764,124.288456454084,32.52,18.5,-1.41,40.76
LCII,1989-06-19,0.5548725724220276,0.5548725724220276,0.5548725724220276,0.5548725724220276,2800,82.92893491875421,103.00772153641313,79.6675067503561,130.56331986985757,124.33908833876501,33.12,20.0,-1.46,40.41
LCII,1989-06-20,0.5548725724220276,0.5548725724220276,0.5548725724220276,0.5548725724220276,3200,82.34479621414314,103.00772153641313,79.6675067503561,130.56331986985757,124.33908833876501,33.69,20.5,-1.5,40.41
LCII,1989-06-21,0.5548725724220276,0.5740061094020975,0.5548725724220276,0.5548725724220276,6800,82.34479621414314,103.00772153641313,79.6675067503561,130.56331986985757,124.33908833876501,34.24,21.0,-1.54,40.41
LCII,1989-06-22,0.5740061402320862,0.5740061402320862,0.5740061402320862,0.5740061402320862,22800,77.62992401050825,103.15487355870414,79.80890708393211,130.61738223039882,124.38126210922849,34.75,23.0,-1.58,39.96
LCII,1989-06-23,0.5740061402320862,0.5740061402320862,0.5740061402320862,0.5740061402320862,1600,77.12175663198214,103.15487355870414,79.80890708393211,130.61738223039882,124.38126210922849,35.25,23.5,-1.62,39.96
LCII,1989-06-26,0.5740061402320862,0.6122732162475586,0.5740061402320862,0.6122732162475586,5200,65.80007111731658,103.8200890493371,80.38098814714094,130.8247694136478,124.54021624017679,35.71,25.0,-1.66,38.51
LCII,1989-06-27,0.5740061094020975,0.5740061094020975,0.5548725724220276,0.5548725724220276,11200,63.07396924479245,106.07300381831995,82.02961073413346,131.36979882630234,124.94341390520107,36.12,26.0,-1.68,35.8
LCII,1989-06-28,0.6122732162475586,0.6122732162475586,0.6122732162475586,0.6122732162475586,400,69.63089788117513,107.73303110024209,83.39325925244128,131.8634481436195,125.31898012447094,36.49,27.0,-1.71,33.08
LCII,1989-06-29,0.5548725724220276,0.5548725724220276,0.5357390354419577,0.5548725724220276,21600,75.24932195425326,109.9057652667719,84.9834658649995,132.40420200225543,125.71968022777473,36.82,28.0,-1.72,30.91
LCII,1989-06-30,0.5357391834259033,0.5357391834259033,0.5357391834259033,0.5357391834259033,16000,75.80161596621055,110.22503628388324,85.20480086706729,132.47698516103736,125.77277423505468,37.12,29.0,-1.73,30.68
LCII,1989-07-03,0.5357391834259033,0.5357391834259033,0.5357391834259033,0.5357391834259033,0,75.08033644805681,110.22503628388324,85.20480086706729,132.47698516103736,125.77277423505468,37.42,29.5,-1.74,30.68
LCII,1989-07-05,0.5357391834259033,0.5357391834259033,0.5357391834259033,0.5357391834259033,0,75.08033644805681,110.22503628388324,85.20480086706729,132.47698516103736,125.77277423505468,37.69,30.0,-1.74,30.68
LCII,1989-07-06,0.5357388395529527,0.5740058995210208,0.49747177958488464,0.49747177958488464,8800,73.10135608724478,111.4258842509059,86.08689285275443,132.78155496491334,125.99880356359705,37.94,32.0,-1.73,29.59
LCII,1989-07-07,0.49747177958488464,0.49747177958488464,0.49747177958488464,0.49747177958488464,1200,70.1163155514066,111.4258842509059,86.08689285275443,132.78155496491334,125.99880356359705,38.18,32.5,-1.72,29.59
LCII,1989-07-10,0.49747177958488464,0.49747177958488464,0.49747177958488464,0.49747177958488464,2800,67.97000535491856,111.4258842509059,86.08689285275443,132.78155496491334,125.99880356359705,38.4,33.0,-1.71,29.59
LCII,1989-07-11,0.49747177958488464,0.49747177958488464,0.49747177958488464,0.49747177958488464,1200,67.97000535491856,111.4258842509059,86.08689285275443,132.78155496491334,125.99880356359705,38.61,33.5,-1.7,29.59
LCII,1989-07-12,0.49747195720672605,0.49747195720672605,0.47833842039108276,0.47833842039108276,2000,67.71590795512057,111.78096345155768,86.34208259559621,132.86868050068415,126.06308255737089,38.8,36.0,-1.68,29.33
LCII,1989-07-13,0.47833842039108276,0.47833842039108276,0.47833842039108276,0.47833842039108276,1600,67.71590795512057,111.78096345155768,86.34208259559621,132.86868050068415,126.06308255737089,38.97,36.5,-1.67,29.33
LCII,1989-07-14,0.47833842039108276,0.47833842039108276,0.47833842039108276,0.47833842039108276,2000,67.30351252877462,111.78096345155768,86.34208259559621,132.86868050068415,126.06308255737089,39.13,37.0,-1.65,29.33
LCII,1989-07-17,0.4783382496008506,0.5357388395529527,0.4783382496008506,0.49747177958488464,52800,68.00958052720706,112.01397039857557,86.54053000967352,132.94454698932427,126.1213138004395,39.28,39.0,-1.63,28.92
LCII,1989-07-18,0.49747177958488464,0.49747177958488464,0.4783382496008506,0.49747177958488464,29200,68.00958052720706,112.01397039857557,86.54053000967352,132.94454698932427,126.1213138004395,39.42,39.5,-1.61,28.92
LCII,1989-07-19,0.47833842039108276,0.47833842039108276,0.47833842039108276,0.47833842039108276,2000,68.18582016164942,112.36719126824859,86.7943859950535,133.03156577778532,126.18553038743201,39.53,41.0,-1.59,28.67
LCII,1989-07-20,0.47833842039108276,0.47833842039108276,0.47833842039108276,0.47833842039108276,400,64.62659430816998,74.94163751678842,86.7943859950535,133.03156577778532,126.18553038743201,39.64,41.5,-1.57,28.67
LCII,1989-07-21,0.47833842039108276,0.47833842039108276,0.47833842039108276,0.47833842039108276,62000,64.1030649229336,74.94163751678842,86.7943859950535,133.03156577778532,126.18553038743201,39.73,42.0,-1.55,28.67
LCII,1989-07-24,0.47833842039108276,0.5357390308380127,0.47833842039108276,0.47833842039108276,4000,64.1030649229336,74.94163751678842,86.7943859950535,133.03156577778532,126.18553038743201,39.81,42.5,-1.52,28.67
LCII,1989-07-25,0.47833842039108276,0.47833842039108276,0.47833842039108276,0.47833842039108276,46400,64.1030649229336,74.94163751678842,86.7943859950535,133.03156577778532,126.18553038743201,39.88,43.0,-1.5,28.67
LCII,1989-07-26,0.47833842039108276,0.47833842039108276,0.47833842039108276,0.47833842039108276,16000,64.1030649229336,74.94163751678842,86.7943859950535,133.03156577778532,126.18553038743201,39.94,43.5,-1.47,28.67
LCII,1989-07-27,0.47833842039108276,0.47833842039108276,0.47833842039108276,0.47833842039108276,27200,64.1030649229336,74.94163751678842,86.7943859950535,133.03156577778532,126.18553038743201,39.98,44.0,-1.44,28.67
LCII,1989-07-28,0.4783382496008506,0.49747177958488464,0.4783382496008506,0.49747177958488464,10400,64.40100704438818,75.15340949546288,86.99180161181155,133.10733942759498,126.24370515015767,40.01,48.0,-1.41,28.27
LCII,1989-07-31,0.49747209889548166,0.5357391834259033,0.4783385566302708,0.5357391834259033,70400,68.3393083147296,76.4101190992137,87.72728000507873,133.38445033857232,126.45491164550337,40.02,49.0,-1.37,27.05
LCII,1989-08-01,0.5357390642166138,0.5740061402320862,0.5357390642166138,0.5740061402320862,11200,70.67159284498462,76.4101190992137,88.34143528609442,133.62043305213828,126.63567745056285,40.01,50.0,-1.34,26.05
LCII,1989-08-02,0.47833842039108276,0.47833842039108276,0.47833842039108276,0.47833842039108276,8400,88.44512251376949,84.81466800913256,93.16394866383236,135.39335378187224,127.96443637260917,39.96,51.0,-1.31,21.89
LCII,1989-08-03,0.47833842039108276,0.47833842039108276,0.47833842039108276,0.47833842039108276,1200,88.44512251376949,84.81466800913256,93.16394866383236,135.39335378187224,127.96443637260917,39.89,51.5,-1.27,21.89
LCII,1989-08-04,0.47833842039108276,0.49747195720672605,0.47833842039108276,0.47833842039108276,5200,87.69372706433573,82.17013264387117,93.16394866383236,135.39335378187224,127.96443637260917,39.82,52.0,-1.23,21.89
LCII,1989-08-07,0.47833842039108276,0.49747195720672605,0.47833842039108276,0.47833842039108276,0,87.69372706433573,81.97145107941866,93.16394866383236,135.39335378187224,127.96443637260917,39.73,52.5,-1.19,21.89
LCII,1989-08-08,0.47833842039108276,0.47833842039108276,0.47833842039108276,0.47833842039108276,2000,85.13527805749946,75.51540855434284,93.16394866383236,135.39335378187224,127.96443637260917,39.64,53.0,-1.14,21.89
LCII,1989-08-09,0.47833842039108276,0.47833842039108276,0.47833842039108276,0.47833842039108276,0,80.73820103093271,71.84227237512893,93.16394866383236,135.39335378187224,127.96443637260917,39.53,53.5,-1.1,21.89
LCII,1989-08-10,0.47833842039108276,0.47833842039108276,0.47833842039108276,0.47833842039108276,1200,74.59142518846191,71.84227237512893,93.16394866383236,135.39335378187224,127.96443637260917,39.41,54.0,-1.05,21.89
LCII,1989-08-11,0.47833842039108276,0.47833842039108276,0.47833842039108276,0.47833842039108276,8800,69.53072879978654,71.84227237512893,93.16394866383236,135.39335378187224,127.96443637260917,39.29,54.5,-1.0,21.89
LCII,1989-08-14,0.47833842039108276,0.47833842039108276,0.47833842039108276,0.47833842039108276,6400,68.95015890521809,71.84227237512893,93.16394866383236,135.39335378187224,127.96443637260917,39.15,55.0,-0.95,21.89
LCII,1989-08-15,0.4783385566302708,0.5357391834259033,0.4783385566302708,0.5357391834259033,3200,76.85947006491706,75.45595007527983,94.81720409303466,136.04121750427564,128.4574501530465,38.99,60.0,-0.89,20.1
LCII,1989-08-16,0.47833842039108276,0.47833842039108276,0.47833842039108276,0.47833842039108276,400,83.58366107138923,78.78144022325118,96.60936793458598,136.72229530544521,128.96817230795835,38.81,61.0,-0.83,18.77
LCII,1989-08-17,0.47833842039108276,0.47833842039108276,0.47833842039108276,0.47833842039108276,2000,80.88096906263672,76.4835060682618,96.60936793458598,136.72229530544521,122.40456781317206,38.62,61.5,-0.77,18.77
LCII,1989-08-18,0.47833842039108276,0.47833842039108276,0.47833842039108276,0.47833842039108276,6400,80.88096906263672,75.18048017760789,96.60936793458598,136.72229530544521,122.40456781317206,38.43,62.0,-0.71,18.77
LCII,1989-08-21,0.47833842039108276,0.47833842039108276,0.47833842039108276,0.47833842039108276,800,80.88096906263672,74.12096880141823,96.60936793458598,136.72229530544521,115.46275632012701,38.22,62.5,-0.65,18.77
LCII,1989-08-22,0.47833842039108276,0.47833842039108276,0.47833842039108276,0.47833842039108276,0,80.88096906263672,74.12096880141823,96.60936793458598,136.72229530544521,115.46275632012701,38.0,63.0,-0.59,18.77
LCII,1989-08-23,0.47833842039108276,0.49747195720672605,0.47833842039108276,0.47833842039108276,70000,80.07820742588953,73.74766915041006,96.60936793458598,136.72229530544521,115.46275632012701,37.77,63.5,-0.53,18.77
LCII,1989-08-24,0.4783382496008506,0.49747177958488464,0.4783382496008506,0.49747177958488464,20000,80.88096906263672,74.26530999462234,96.7867660381865,136.7960246125344,115.52633079918814,37.53,67.0,-0.45,18.55
LCII,1989-08-25,0.49747195720672605,0.49747195720672605,0.47833842039108276,0.47833842039108276,54000,81.73037483508352,74.38733049698959,97.01381440822637,136.88059493180802,115.59643330281453,37.27,68.0,-0.39,18.42
LCII,1989-08-28,0.4783382496008506,0.49747177958488464,0.4783382496008506,0.49747177958488464,44800,81.73037483508352,74.60067602618207,97.19047429375077,136.95423901832854,115.65993430403836,37.01,69.0,-0.31,18.2
LCII,1989-08-29,0.49747195950260864,0.5357390333105017,0.47833842259866216,0.5166054964065552,97200,82.45908307582398,75.03966644697637,97.34906903117621,137.02136963118073,115.7180842040253,36.73,70.0,-0.22,17.99
LCII,1989-08-30,0.5166054984618877,0.6122731833622373,0.5166054984618877,0.5548725724220276,72800,83.96355851961282,76.15260080627831,97.95205244797384,137.2697729329795,115.93114367704291,36.44,71.0,-0.12,17.38
LCII,1989-08-31,0.55487260222435,0.6122732162475586,0.55487260222435,0.5740061402320862,22400,84.36393138442159,75.13905027906311,98.06709232400178,137.32119503687372,115.97637496161258,36.13,72.0,-0.04,17.23
LCII,1989-09-01,0.5548725724220276,0.5548725724220276,0.5548725724220276,0.5548725724220276,1200,85.14471709200096,75.13905027906311,98.2502689893202,137.3875950387359,116.0306340171122,35.82,73.0,0.05,17.13
LCII,1989-09-05,0.5548725724220276,0.5931396463821674,0.5548725724220276,0.5548725724220276,4800,85.14471709200096,75.13905027906311,98.2502689893202,137.3875950387359,116.0306340171122,35.49,73.5,0.13,17.13
LCII,1989-09-06,0.5548725724220276,0.5548725724220276,0.5548725724220276,0.5548725724220276,800,85.14471709200096,75.13905027906311,98.2502689893202,137.3875950387359,116.0306340171122,35.15,74.0,0.21,17.13
LCII,1989-09-07,0.5548725724220276,0.5548725724220276,0.5548725724220276,0.5548725724220276,4400,85.14471709200096,75.13905027906311,98.2502689893202,137.3875950387359,116.0306340171122,34.79,74.5,0.27,17.13
LCII,1989-09-08,0.5548725743447581,0.5931396484375,0.5548725743447581,0.5931396484375,4400,86.98212988809371,76.37199717447277,98.75516736890671,137.59993972922027,116.21364343314764,34.42,77.0,0.26,16.63
LCII,1989-09-11,0.5357391834259033,0.5357391834259033,0.5357391834259033,0.5357391834259033,400,91.92696068359186,78.90405930837214,100.1816120466362,138.15120792133493,116.67374104237251,34.04,78.0,0.24,15.77
LCII,1989-09-12,0.5357390354419577,0.5740061094020975,0.4974719614818178,0.5548725724220276,8800,89.95925106757193,79.2528578243262,100.3064069562761,138.20690524156836,116.7224693512375,33.64,79.0,0.13,15.62
LCII,1989-09-13,0.49747195720672605,0.49747195720672605,0.47833842039108276,0.47833842039108276,13600,97.47062752733068,84.60461631298818,103.1725184859258,112.21623243387864,117.68098435146115,33.22,80.0,-0.17,14.13
LCII,1989-09-14,0.4783382496008506,0.49747177958488464,0.4783382496008506,0.49747177958488464,3200,82.68903535621818,85.03431469129498,103.33865045634738,76.87978505498688,117.74336112414687,32.79,81.0,-0.65,13.97
LCII,1989-09-15,0.47833842039108276,0.47833842039108276,0.47833842039108276,0.47833842039108276,2000,83.52005497073118,85.37764921116434,80.88455832238078,77.03016467068964,117.81214442161665,32.18,26.0,-0.66,2.14
LCII,1989-09-18,0.47833842039108276,0.47833842039108276,0.47833842039108276,0.47833842039108276,0,83.52005497073118,85.04276295905576,80.88455832238078,77.03016467068964,117.81214442161665,31.53,26.5,-0.66,2.14
LCII,1989-09-19,0.47833842039108276,0.47833842039108276,0.47833842039108276,0.47833842039108276,400,83.52005497073118,85.04276295905576,80.88455832238078,77.03016467068964,117.81214442161665,30.84,27.0,-0.66,2.14
LCII,1989-09-20,0.47833842039108276,0.5357390308380127,0.47833842039108276,0.47833842039108276,6000,83.52005497073118,83.8728169966408,80.88455832238078,77.03016467068964,117.81214442161665,30.11,27.5,-0.65,2.14
LCII,1989-09-21,0.47833842039108276,0.47833842039108276,0.47833842039108276,0.47833842039108276,4000,83.52005497073118,81.53803739302622,80.88455832238078,77.03016467068964,117.81214442161665,29.34,28.0,-0.64,2.14
LCII,1989-09-22,0.47833842039108276,0.5357390308380127,0.47833842039108276,0.47833842039108276,13200,83.52005497073118,78.78359176325073,80.88455832238078,77.03016467068964,117.81214442161665,28.51,28.5,-0.62,2.14
LCII,1989-09-25,0.47833842039108276,0.5357390308380127,0.47833842039108276,0.47833842039108276,0,83.52005497073118,76.29322671163604,80.72119003661588,77.03016467068964,117.81214442161665,27.64,26.0,-0.63,2.2
LCII,1989-09-26,0.47833842039108276,0.47833842039108276,0.47833842039108276,0.47833842039108276,400,83.52005497073118,75.99079125693135,80.5413203274567,77.03016467068964,117.81214442161665,26.7,26.0,-0.65,2.26
LCII,1989-09-27,0.47833842039108276,0.47833842039108276,0.47833842039108276,0.47833842039108276,400,76.30429776040734,75.99079125693135,79.75304924409068,77.03016467068964,117.81214442161665,25.69,23.0,-0.62,2.4
LCII,1989-09-28,0.47833842039108276,0.47833842039108276,0.47833842039108276,0.47833842039108276,4000,68.87303969821514,75.99079125693135,79.58735835326605,77.03016467068964,117.81214442161665,24.6,20.0,-0.62,2.46
LCII,1989-09-29,0.47833842039108276,0.47833842039108276,0.47833842039108276,0.47833842039108276,2400,68.87303969821514,74.4853735824939,79.58735835326605,77.03016467068964,117.81214442161665,23.43,20.5,-0.61,2.46
LCII,1989-10-02,0.47833842039108276,0.47833842039108276,0.47833842039108276,0.47833842039108276,0,68.87303969821514,74.4853735824939,77.95881390717484,77.03016467068964,117.81214442161665,22.15,9.0,-0.53,2.7
LCII,1989-10-03,0.47833842039108276,0.47833842039108276,0.47833842039108276,0.47833842039108276,14400,68.87303969821514,74.4853735824939,77.81807205652728,77.03016467068964,117.81214442161665,20.74,8.0,-0.45,2.76
LCII,1989-10-04,0.4783382496008506,0.49747177958488464,0.4783382496008506,0.49747177958488464,18000,69.80478099127112,74.93241511586733,74.23254612762477,77.16095246559182,117.87445178706994,19.15,1.0,-1.09,2.73
LCII,1989-10-05,0.45920491218566895,0.45920491218566895,0.45920491218566895,0.45920491218566895,2000,73.68216995399114,76.29957158317696,72.98160228598884,77.7611232307297,118.15298298055366,17.32,1.0,-1.04,2.85
LCII,1989-10-06,0.45920491218566895,0.45920491218566895,0.45920491218566895,0.45920491218566895,400,72.67505832484208,76.29957158317696,72.98160228598884,77.7611232307297,118.15298298055366,15.2,1.5,-1.0,2.85
LCII,1989-10-09,0.45920491218566895,0.45920491218566895,0.45920491218566895,0.45920491218566895,1200,71.84516200127446,76.29957158317696,72.98160228598884,77.7611232307297,118.15298298055366,12.65,2.0,-0.96,2.85
LCII,1989-10-10,0.45920491218566895,0.45920491218566895,0.45920491218566895,0.45920491218566895,14800,70.8119286305615,75.84556153370886,72.98160228598884,77.7611232307297,118.15298298055366,9.33,2.5,-0.92,2.85
LCII,1989-10-11,0.45920491218566895,0.45920491218566895,0.45920491218566895,0.45920491218566895,3200,69.77772896307302,75.84556153370886,72.78367839459257,77.7611232307297,118.15298298055366,8.22,1.0,-1.01,2.89
LCII,1989-10-12,0.4592048835754394,0.47833842039108276,0.4592048835754394,0.47833842039108276,6000,67.42690858299703,75.91169443066626,73.11686541855367,77.90351778403408,118.22097378603186,8.24,6.0,-1.15,2.82
LCII,1989-10-13,0.47833842039108276,0.47833842039108276,0.4592048835754394,0.47833842039108276,0,66.43822748251455,75.91169443066626,71.59612554038365,77.90351778403408,118.22097378603186,8.31,1.0,-1.09,3.24
LCII,1989-10-16,0.47833845019340515,0.47833845019340515,0.42093783617019653,0.45920491218566895,12000,66.7197514753471,76.37129969844605,71.06190663056007,78.06223799596947,118.29450018271983,8.39,1.0,-1.12,3.28
LCII,1989-10-17,0.45920491218566895,0.45920491218566895,0.45920491218566895,0.45920491218566895,800,66.7197514753471,76.37129969844605,70.37160372530671,78.06223799596947,118.29450018271983,8.49,1.0,-1.05,3.56
LCII,1989-10-18,0.4592048810875934,0.4592048810875934,0.44007134437561035,0.44007134437561035,15200,67.50569283396092,76.85165964985828,70.66097398738584,78.23225266830782,118.3736471098378,8.58,2.0,-0.97,3.42
LCII,1989-10-19,0.44007134437561035,0.44007134437561035,0.44007134437561035,0.44007134437561035,400,67.50569283396092,76.85165964985828,70.43363007143437,78.23225266830782,118.3736471098378,8.68,2.0,-0.91,3.47
LCII,1989-10-20,0.44007134437561035,0.44007134437561035,0.44007134437561035,0.44007134437561035,24000,63.78154612063166,76.85165964985828,70.43363007143437,78.23225266830782,118.3736471098378,8.78,2.5,-0.86,3.47
LCII,1989-10-23,0.44007134437561035,0.44007134437561035,0.44007134437561035,0.44007134437561035,34400,57.56615094452891,76.38537605461318,70.27259322828382,78.23225266830782,118.3736471098378,8.88,1.0,-0.78,3.55
LCII,1989-10-24,0.44007134437561035,0.44007134437561035,0.4209378076636273,0.44007134437561035,10400,56.2432544014664,74.7215028560129,70.09475863540928,78.23225266830782,118.3736471098378,8.98,1.0,-0.72,3.65
LCII,1989-10-25,0.44007140533490613,0.45920494469729334,0.4209378659725189,0.4209378659725189,1600,39.103834596783045,73.64413487917916,70.41181291362135,78.4150522855142,118.45916946653851,9.08,4.0,-0.63,3.5
LCII,1989-10-26,0.4209378659725189,0.4209378659725189,0.4209378659725189,0.4209378659725189,6800,36.90450088043939,63.722145718259604,70.2217974551463,78.4150522855142,118.45916946653851,9.18,2.0,-0.58,3.6
LCII,1989-10-27,0.4209378659725189,0.4209378659725189,0.4209378659725189,0.4209378659725189,0,35.52147257692314,63.722145718259604,69.28387595132362,78.4150522855142,118.45916946653851,9.29,1.0,-0.49,3.82
LCII,1989-10-30,0.4209378659725189,0.4209378659725189,0.4209378659725189,0.4209378659725189,0,35.52147257692314,63.722145718259604,69.10904779047785,78.4150522855142,118.45916946653851,9.41,1.0,-0.42,3.92
LCII,1989-10-31,0.4018043279647827,0.4018043279647827,0.4018043279647827,0.4018043279647827,1600,37.53811308217748,64.36565779758719,69.45540738458669,78.61241344900432,118.55196852113994,9.52,3.0,-0.31,3.75
LCII,1989-11-01,0.4018043279647827,0.4018043279647827,0.4018043279647827,0.4018043279647827,0,37.53811308217748,64.36565779758719,69.45540738458669,78.61241344900432,118.55196852113994,9.63,3.5,-0.22,3.75
LCII,1989-11-02,0.4018043279647827,0.4400714068185715,0.4018043279647827,0.4018043279647827,1600,37.53811308217748,64.36565779758719,69.45540738458669,78.61241344900432,118.55196852113994,9.74,4.0,-0.15,3.75
LCII,1989-11-03,0.4018043279647827,0.4018043279647827,0.4018043279647827,0.4018043279647827,2400,37.53811308217748,64.36565779758719,69.45540738458669,78.61241344900432,118.55196852113994,9.85,4.5,-0.09,3.75
LCII,1989-11-06,0.4018043279647827,0.4018043279647827,0.4018043279647827,0.4018043279647827,400,37.53811308217748,64.36565779758719,69.20213095517758,78.61241344900432,118.55196852113994,9.95,2.0,-0.02,3.81
LCII,1989-11-07,0.4018043279647827,0.4018043279647827,0.4018043279647827,0.4018043279647827,5600,37.53811308217748,64.36565779758719,69.20213095517758,78.61241344900432,118.55196852113994,10.06,2.5,0.05,3.81
LCII,1989-11-08,0.4018043279647827,0.4209378673916771,0.4018043279647827,0.4018043279647827,20000,37.53811308217748,59.64138938834731,69.03291126162753,78.61241344900432,118.55196852113994,10.16,1.0,0.09,3.91
LCII,1989-11-09,0.4018042355775833,0.4209377706050873,0.38267070055007935,0.38267070055007935,15200,39.49419686150374,55.979208901898545,69.40831519724973,78.82646099618212,118.65312447331746,10.26,6.0,0.17,3.72
LCII,1989-11-10,0.38267070055007935,0.38267070055007935,0.38267070055007935,0.38267070055007935,12800,39.49419686150374,55.979208901898545,69.40831519724973,78.82646099618212,118.65312447331746,10.36,6.5,0.22,3.72
LCII,1989-11-13,0.38267070055007935,0.38267070055007935,0.38267070055007935,0.38267070055007935,2000,39.49419686150374,55.979208901898545,69.14877771104332,78.82646099618212,118.65312447331746,10.46,3.0,0.28,3.79
LCII,1989-11-14,0.38267070055007935,0.38267070055007935,0.38267070055007935,0.38267070055007935,400,39.49419686150374,55.979208901898545,69.14877771104332,78.82646099618212,118.65312447331746,10.55,3.5,0.33,3.79
LCII,1989-11-15,0.3826706660421271,0.3826706660421271,0.36353713274002075,0.36353713274002075,54800,38.910315929982126,56.81442245507296,68.66713728272387,79.0597565856568,118.7639425932006,10.66,1.0,0.26,3.81
LCII,1989-11-16,0.3444037437438965,0.3444037437438965,0.3444037437438965,0.3444037437438965,4400,35.44783034947186,57.70206763401915,67.48476623607515,79.3154232883024,118.88601799086295,10.78,1.0,0.42,4.13
LCII,1989-11-17,0.3444035994379144,0.36353713274002075,0.3444035994379144,0.36353713274002075,80000,39.90244662191766,58.27066660929007,66.11098045453315,79.57859328812296,119.01080357789252,10.92,1.0,0.24,4.34
LCII,1989-11-20,0.3444037437438965,0.3444037437438965,0.3444037437438965,0.3444037437438965,1200,42.00695177266659,58.71830210575927,64.88204426490371,79.8325984152825,119.13262601696668,11.08,1.0,0.32,4.71
LCII,1989-11-21,0.3444037437438965,0.3826708263821072,0.3444037437438965,0.3444037437438965,10800,42.00695177266659,57.98878917284276,64.70349290518243,79.8325984152825,119.13262601696668,11.23,1.0,0.33,4.83
LCII,1989-11-22,0.3444037437438965,0.3444037437438965,0.3444037437438965,0.3444037437438965,1200,42.00695177266659,57.28079887485315,64.70349290518243,79.8325984152825,119.13262601696668,11.38,1.5,0.31,4.83
LCII,1989-11-24,0.3444037437438965,0.3444037437438965,0.3444037437438965,0.3444037437438965,400,39.330871003086656,54.93724071947248,64.70349290518243,79.8325984152825,119.13262601696668,11.52,2.0,0.27,4.83
LCII,1989-11-27,0.3252701461315155,0.3252701461315155,0.3252701461315155,0.3252701461315155,10000,41.38330731163067,55.14364352423642,64.29343327865357,80.1126781493487,119.26765597829423,11.66,1.0,0.25,5.0
LCII,1989-11-28,0.3252701461315155,0.3826707601547241,0.3252701461315155,0.3252701461315155,25200,40.67121619857306,54.9393158130181,64.29343327865357,80.1126781493487,119.26765597829423,11.79,1.5,0.2,5.0
LCII,1989-11-29,0.32527020242479115,0.3444037437438965,0.32527020242479115,0.3444037437438965,24800,45.197014095809884,56.5597871926662,65.02568887429351,80.40667720231973,119.40764209152243,11.91,7.0,0.09,4.76
LCII,1989-11-30,0.3252701461315155,0.3252701461315155,0.3252701461315155,0.3252701461315155,800,46.30685350415416,57.423136739320235,65.57416305382388,80.68476417046412,119.54236140680601,12.01,8.0,0.02,4.47
LCII,1989-12-01,0.32527020242479115,0.3444037437438965,0.32527020242479115,0.3444037437438965,90800,50.188189218007885,58.9753994328128,66.04892960282514,80.97668619856164,119.68202621118928,12.11,9.0,-0.09,4.4
LCII,1989-12-04,0.38267070055007935,0.38267070055007935,0.38267070055007935,0.38267070055007935,800,60.007768916399066,61.542287056163694,68.26287966194842,81.94126497928276,120.14857307156166,12.17,12.0,-0.18,3.99
LCII,1989-12-05,0.38267070055007935,0.38267070055007935,0.32527009546756747,0.38267070055007935,1600,60.007768916399066,58.31899996671096,68.26287966194842,81.94126497928276,120.14857307156166,12.23,12.5,-0.25,3.99
LCII,1989-12-06,0.3826707601547241,0.3826707601547241,0.3252701461315155,0.3252701461315155,7600,75.41873506570631,65.98613309278383,72.52380804830548,84.16735609396328,121.24274464604451,12.25,38.0,-0.31,3.82
LCII,1989-12-07,0.3252701461315155,0.3252701461315155,0.3252701461315155,0.3252701461315155,32000,74.75560440268771,59.249194159969385,72.52380804830548,84.16735609396328,121.24274464604451,12.27,38.5,-0.37,3.82
LCII,1989-12-08,0.3252701461315155,0.3252701461315155,0.3252701461315155,0.3252701461315155,0,74.75560440268771,58.49902554048316,72.30933269200465,84.16735609396328,121.24274464604451,12.28,38.0,-0.45,3.94
LCII,1989-12-11,0.3252701461315155,0.3252701461315155,0.3252701461315155,0.3252701461315155,12400,74.75560440268771,58.129726691677,72.30933269200465,84.16735609396328,121.24274464604451,12.3,38.5,-0.52,3.94
LCII,1989-12-12,0.3252701461315155,0.3252701461315155,0.3252701461315155,0.3252701461315155,14400,74.75560440268771,58.129726691677,72.30933269200465,84.16735609396328,121.24274464604451,12.31,39.0,-0.58,3.94
LCII,1989-12-13,0.3252701461315155,0.3252701461315155,0.3061366081237793,0.3061366081237793,80400,75.4856146720027,59.161997238257804,72.86532379797879,84.46334982508918,121.39098609928804,12.31,44.0,-0.62,3.69
LCII,1989-12-14,0.3061366081237793,0.3252701461315155,0.2870030701160431,0.2870030701160431,18400,77.11216772425038,60.283280809984504,73.48235011566575,84.79456249846208,121.55770726594749,12.32,50.0,-0.62,3.44
LCII,1989-12-15,0.2870030701160431,0.3252701461315155,0.2870030701160431,0.3252701461315155,5600,86.63824220976,66.20473055634241,76.33468253316566,86.11081006001407,122.21212467154969,12.3,52.0,-0.68,3.16
LCII,1989-12-18,0.3252701461315155,0.3252701461315155,0.2870030701160431,0.2870030701160431,26000,93.10690929353544,70.5145804170905,78.7222207754722,87.35680336044067,122.84478301798984,12.29,55.0,-0.7,2.72
LCII,1989-12-19,0.2870030701160431,0.2870030701160431,0.2870030701160431,0.2870030701160431,7600,93.10690929353544,70.5145804170905,78.40562398003902,87.35680336044067,122.84478301798984,12.27,55.0,-0.72,2.78
LCII,1989-12-20,0.2870030701160431,0.2870030701160431,0.2870030701160431,0.2870030701160431,18400,93.10690929353544,70.5145804170905,77.36596908113705,87.35680336044067,122.84478301798984,12.25,53.0,-0.72,2.98
LCII,1989-12-21,0.28700313397816246,0.3061366762433733,0.26786959171295166,0.26786959171295166,80800,94.52118055770858,71.56848940338011,77.05064321435728,87.71970238561684,123.03194325823188,12.22,53.0,-0.71,2.95
LCII,1989-12-22,0.26786959171295166,0.26786959171295166,0.26786959171295166,0.26786959171295166,8400,93.99523732982618,71.56848940338011,71.78399399409547,87.71970238561684,123.03194325823188,12.17,38.0,-0.73,2.7
LCII,1989-12-26,0.26786959171295166,0.3061366762433733,0.26786959171295166,0.26786959171295166,36800,93.99523732982618,71.56848940338011,71.78399399409547,87.71970238561684,101.55661107895577,12.11,38.5,-0.75,2.7
LCII,1989-12-27,0.26786959171295166,0.26786959171295166,0.26786959171295166,0.26786959171295166,6000,93.99523732982618,71.56848940338011,71.78399399409547,87.71970238561684,74.09126584729147,12.06,39.0,-0.78,2.7
LCII,1989-12-28,0.2678695321083069,0.2870030701160431,0.2678695321083069,0.2870030701160431,69200,96.83749106793073,73.34113287578772,72.75478467914192,88.12057233844679,74.42497108943532,11.99,46.0,-0.83,2.5
LCII,1989-12-29,0.28700313397816246,0.28700313397816246,0.26786959171295166,0.26786959171295166,52000,97.63245226304245,73.68508588291385,73.45249031863594,88.4803388472373,74.73349094497776,11.91,54.0,-0.87,2.3
LCII,1990-01-02,0.26786959171295166,0.28700313397816246,0.26786959171295166,0.26786959171295166,0,96.77427683606933,72.26223663081596,73.45249031863594,88.4803388472373,74.73349094497776,11.83,54.5,-0.9,2.3
LCII,1990-01-03,0.26786959171295166,0.28700313397816246,0.26786959171295166,0.26786959171295166,0,94.99505468259422,72.26223663081596,73.45249031863594,88.4803388472373,74.73349094497776,11.75,55.0,-0.93,2.3
LCII,1990-01-04,0.3061366081237793,0.3252701461315155,0.3061366081237793,0.3061366081237793,5200,102.71027320816918,77.93064018574573,76.70733040770423,89.92134591096172,75.94205288591918,11.66,60.0,-0.97,2.19
LCII,1990-01-05,0.3061366081237793,0.3252701461315155,0.3061366081237793,0.3061366081237793,0,102.71027320816918,77.93064018574573,76.70733040770423,89.92134591096172,75.94205288591918,11.56,60.5,-1.01,2.19
LCII,1990-01-08,0.3061366081237793,0.3252701461315155,0.3061366081237793,0.3061366081237793,0,102.71027320816918,77.93064018574573,74.35100910886824,89.92134591096172,75.94205288591918,11.44,59.0,-1.02,2.43
LCII,1990-01-09,0.2870030701160431,0.2870030701160431,0.2870030701160431,0.2870030701160431,400,104.18849347642332,78.17409240790981,72.9415263243831,90.23252637529899,76.20826783311621,11.29,49.0,-1.04,2.6
LCII,1990-01-10,0.2870030701160431,0.2870030701160431,0.2870030701160431,0.2870030701160431,2000,103.0643010637646,78.17409240790981,72.9415263243831,76.13354725522213,76.20826783311621,11.13,49.5,-1.07,2.6
LCII,1990-01-11,0.2870030701160431,0.2870030701160431,0.2870030701160431,0.2870030701160431,800,103.0643010637646,77.90067373368495,72.9415263243831,76.13354725522213,76.20826783311621,10.97,50.0,-1.08,2.6
LCII,1990-01-12,0.2870030701160431,0.3061366081237793,0.2870030701160431,0.2870030701160431,14400,101.42702805225706,77.90067373368495,72.9415263243831,76.13354725522213,76.20826783311621,10.79,50.5,-1.1,2.6
LCII,1990-01-15,0.2870030701160431,0.2870030701160431,0.2678695321083069,0.2870030701160431,42400,100.27188040716572,77.57795791939046,72.9415263243831,76.13354725522213,76.20826783311621,10.61,51.0,-1.11,2.6
LCII,1990-01-16,0.26786959171295166,0.26786959171295166,0.26786959171295166,0.26786959171295166,4400,100.2327791967313,78.58926447066345,73.63746263167732,76.52108383001163,76.50959700118517,10.42,63.0,-1.11,2.4
LCII,1990-01-17,0.2870030701160431,0.2870030701160431,0.2870030701160431,0.2870030701160431,32000,97.15369113840295,80.1558187223382,74.24989313576637,77.00870855665532,76.83279950706617,10.22,65.0,-1.11,2.29
LCII,1990-01-18,0.2870030701160431,0.3061366081237793,0.2678695321083069,0.3061366081237793,3600,99.48002953309458,81.48110445059865,74.87476092087839,77.34801344137539,77.11297358295657,10.0,67.0,-1.1,2.19
LCII,1990-01-19,0.3061366081237793,0.3252701461315155,0.3061366081237793,0.3061366081237793,17200,87.94723464298424,81.48110445059865,74.55046796534408,77.25637600749377,77.11297358295657,9.77,67.0,-1.08,2.26
LCII,1990-01-22,0.3061366081237793,0.3252701461315155,0.3061366081237793,0.3061366081237793,5600,87.94723464298424,81.09460288900314,74.24166629185093,76.77970955062428,77.11297358295657,9.52,65.0,-1.05,2.33
LCII,1990-01-23,0.3061366081237793,0.3252701461315155,0.2870030701160431,0.3061366081237793,13600,87.94723464298424,81.09460288900314,73.22232733607599,76.69541767754481,77.11297358295657,9.25,59.0,-1.03,2.54
LCII,1990-01-24,0.3061366081237793,0.3252701461315155,0.2870030701160431,0.3061366081237793,0,87.94723464298424,81.09460288900314,72.9499638742727,76.69541767754481,77.11297358295657,8.96,54.0,-1.04,2.61
LCII,1990-01-25,0.3252701461315155,0.3252701461315155,0.3252701461315155,0.3252701461315155,800,89.80387906167225,82.20818577087793,73.57969719142542,76.11751010478147,77.3578830470359,8.64,65.0,-1.02,2.48
LCII,1990-01-26,0.3252701461315155,0.3252701461315155,0.3252701461315155,0.3252701461315155,0,87.94723464298424,81.73914929126101,73.57969719142542,76.04437649054853,77.3578830470359,8.31,65.5,-1.01,2.48
LCII,1990-01-29,0.3252701461315155,0.3252701461315155,0.3252701461315155,0.3252701461315155,0,85.6623707054152,81.73914929126101,73.57969719142542,73.8387425474305,77.3578830470359,7.96,66.0,-1.01,2.48
LCII,1990-01-30,0.3252701461315155,0.3252701461315155,0.3252701461315155,0.3252701461315155,2000,77.60227778310042,81.73914929126101,73.57969719142542,72.59196399467149,77.3578830470359,7.58,66.5,-1.02,2.48
LCII,1990-01-31,0.2870030701160431,0.2870030701160431,0.2870030701160431,0.2870030701160431,800,77.60227778310042,85.44938674922975,75.08654240381838,74.00358578021971,78.35355363684202,7.15,76.0,-1.27,2.35
LCII,1990-02-01,0.2870030701160431,0.2870030701160431,0.2870030701160431,0.2870030701160431,0,77.60227778310042,85.44938674922975,73.54771846360507,74.00358578021971,78.35355363684202,6.64,65.0,-1.3,2.67
LCII,1990-02-02,0.2870030701160431,0.2870030701160431,0.2870030701160431,0.2870030701160431,5200,77.60227778310042,85.44938674922975,73.25611898150885,74.00358578021971,78.35355363684202,6.06,61.0,-1.44,2.74
LCII,1990-02-05,0.2870030701160431,0.2870030701160431,0.2870030701160431,0.2870030701160431,0,74.79772480913873,85.44938674922975,69.6414988915612,73.88828750325348,78.35355363684202,5.26,28.0,-1.41,2.93
LCII,1990-02-06,0.3061366081237793,0.3061366081237793,0.3061366081237793,0.3061366081237793,400,76.93362931761806,86.15667839797526,70.16571849723375,74.3354015314722,78.62830903837502,4.27,30.0,-1.4,2.81
LCII,1990-02-07,0.3061366081237793,0.3061366081237793,0.3061366081237793,0.3061366081237793,0,76.93362931761806,86.15667839797526,69.95266533897313,73.53874796488746,78.62830903837502,4.19,29.0,-1.36,2.89
LCII,1990-02-08,0.2870030701160431,0.2870030701160431,0.2870030701160431,0.2870030701160431,7600,79.48953560356324,87.04831355599481,70.59515390140714,73.44353096579556,78.88545919135184,4.11,38.0,-1.33,2.7
LCII,1990-02-09,0.2870030701160431,0.2870030701160431,0.2870030701160431,0.2870030701160431,0,76.93339638305949,87.04831355599481,70.59515390140714,73.09334276481518,78.88545919135184,4.02,38.5,-1.29,2.7
LCII,1990-02-12,0.2870030701160431,0.2870030701160431,0.2870030701160431,0.2870030701160431,400,74.10353296929316,86.51109390839918,70.59515390140714,73.09334276481518,78.88545919135184,3.92,39.0,-1.25,2.7
LCII,1990-02-13,0.2870030701160431,0.2870030701160431,0.2870030701160431,0.2870030701160431,2000,74.10353296929316,85.8803158403251,70.59515390140714,72.96479264355509,78.88545919135184,3.83,39.5,-1.21,2.7
LCII,1990-02-14,0.2870030701160431,0.2870030701160431,0.2870030701160431,0.2870030701160431,800,74.10353296929316,85.05561176623728,70.59515390140714,72.96479264355509,78.88545919135184,3.72,40.0,-1.16,2.7
LCII,1990-02-15,0.2870030701160431,0.2870030701160431,0.2870030701160431,0.2870030701160431,14800,62.798415767246794,84.41395839868555,70.59515390140714,72.88596460530229,78.88545919135184,3.62,40.5,-1.11,2.7
LCII,1990-02-16,0.2870030701160431,0.3061366081237793,0.2870030701160431,0.2870030701160431,6000,62.798415767246794,84.41395839868555,70.59515390140714,72.79951497877211,78.88545919135184,3.51,41.0,-1.06,2.7
LCII,1990-02-20,0.2870030701160431,0.2870030701160431,0.2870030701160431,0.2870030701160431,400,62.798415767246794,84.41395839868555,70.59515390140714,72.79951497877211,78.88545919135184,3.41,41.5,-1.0,2.7
LCII,1990-02-21,0.2870030701160431,0.2870030701160431,0.2870030701160431,0.2870030701160431,0,59.94799815826644,84.41395839868555,70.59515390140714,72.70458094329719,78.88545919135184,3.32,42.0,-0.94,2.7
LCII,1990-02-22,0.2870030701160431,0.2870030701160431,0.2870030701160431,0.2870030701160431,0,59.94799815826644,83.65813510548277,70.59515390140714,72.19304499639311,78.88545919135184,3.22,42.5,-0.88,2.7
LCII,1990-02-23,0.2870030701160431,0.2870030701160431,0.2870030701160431,0.2870030701160431,0,59.94799815826644,83.65813510548277,70.59515390140714,72.10576461386655,78.88545919135184,3.15,43.0,-0.82,2.7
LCII,1990-02-26,0.2870030701160431,0.2870030701160431,0.2870030701160431,0.2870030701160431,400,59.94799815826644,82.7443542578881,70.59515390140714,72.10576461386655,78.88545919135184,3.09,43.5,-0.76,2.7
LCII,1990-02-27,0.2870030701160431,0.2870030701160431,0.2870030701160431,0.2870030701160431,34000,59.94799815826644,81.97313802915612,70.24193606557584,72.10576461386655,78.88545919135184,3.07,33.0,-0.79,2.8
LCII,1990-02-28,0.2870030701160431,0.3252701461315155,0.2870030701160431,0.3061366081237793,57600,59.07988055200091,82.21454808468994,70.08592657798137,72.55487396181287,79.15836839237635,3.07,30.0,-0.7,2.85
LCII,1990-03-01,0.3061366081237793,0.3252701461315155,0.2870030701160431,0.3061366081237793,0,55.82462136850511,79.11717350657428,70.08592657798137,72.55487396181287,79.15836839237635,3.07,30.5,-0.6,2.85
LCII,1990-03-02,0.3252701461315155,0.3252701461315155,0.3252701461315155,0.3252701461315155,400,55.45483542448652,80.20693115054219,70.83198318625978,72.81621913163514,79.39696884174037,3.06,54.0,-0.5,2.66
LCII,1990-03-05,0.3252701461315155,0.3252701461315155,0.3252701461315155,0.3252701461315155,0,55.45483542448652,72.96460119988917,70.83198318625978,72.81621913163514,79.39696884174037,3.06,54.5,-0.39,2.66
LCII,1990-03-06,0.3252701461315155,0.3252701461315155,0.3252701461315155,0.3252701461315155,0,55.45483542448652,72.96460119988917,70.83198318625978,72.72512335925478,79.39696884174037,3.05,55.0,-0.28,2.66
LCII,1990-03-07,0.3252701461315155,0.3252701461315155,0.3252701461315155,0.3252701461315155,0,55.45483542448652,72.96460119988917,70.47808834791361,72.72512335925478,79.39696884174037,3.05,41.0,-0.29,2.75
LCII,1990-03-08,0.3061366081237793,0.3061366081237793,0.3061366081237793,0.3061366081237793,16400,58.35460037676731,74.0148465418599,71.04841134745799,73.04336789877077,79.62315641889539,3.05,58.0,-0.35,2.59
LCII,1990-03-09,0.3252701461315155,0.3252701461315155,0.3252701461315155,0.3252701461315155,400,58.35460037676731,75.08524943835928,71.55027504588955,73.30297147460621,79.86036822367531,3.05,59.0,-0.32,2.49
LCII,1990-03-12,0.3252701461315155,0.3252701461315155,0.3252701461315155,0.3252701461315155,0,58.35460037676731,74.0148465418599,71.55027504588955,73.30297147460621,79.86036822367531,3.05,58.5,-0.32,2.49
LCII,1990-03-13,0.2870030701160431,0.2870030701160431,0.2870030701160431,0.2870030701160431,4400,68.71089886530889,77.27888176348488,73.86381513546394,74.26684612602585,80.82521704779768,3.06,87.0,-0.24,2.28
LCII,1990-03-14,0.2870030701160431,0.2870030701160431,0.2870030701160431,0.2870030701160431,1600,68.71089886530889,72.74446768865002,73.86381513546394,73.41695565773864,80.82521704779768,3.07,86.5,-0.17,2.28
LCII,1990-03-15,0.2870030701160431,0.2870030701160431,0.2870030701160431,0.2870030701160431,0,58.35460037676731,68.07197264977562,73.86381513546394,72.4066003159649,80.82521704779768,3.08,86.0,-0.12,2.28
LCII,1990-03-16,0.2870030701160431,0.2870030701160431,0.2870030701160431,0.2870030701160431,0,58.35460037676731,68.07197264977562,73.86381513546394,71.53461199908368,80.82521704779768,3.09,85.5,-0.1,2.28
LCII,1990-03-19,0.2870030701160431,0.2870030701160431,0.2870030701160431,0.2870030701160431,800,58.35460037676731,68.07197264977562,73.86381513546394,71.43799705237707,80.82521704779768,3.1,85.0,-0.14,2.28
LCII,1990-03-20,0.28700313397816246,0.3061366762433733,0.26786959171295166,0.26786959171295166,82000,61.685477841785506,68.07197264977562,74.30502005018408,71.85604535783305,81.10939562087361,3.11,89.0,-0.07,2.18
LCII,1990-03-21,0.2678695321083069,0.3061366081237793,0.24873599410057068,0.3061366081237793,11200,70.75561989789321,73.36673321649843,77.46800738810771,73.67087235413592,82.22429559253193,3.17,98.0,0.01,2.05
LCII,1990-03-22,0.26786959171295166,0.26786959171295166,0.24873604944774083,0.26786959171295166,12000,80.64816124372122,78.46621901423057,80.18088479426034,74.80389952515678,83.28725165730206,3.28,100.0,0.03,1.83
LCII,1990-03-23,0.2678695321083069,0.3061366081237793,0.24873599410057068,0.3061366081237793,8000,87.9271308464825,83.10133337569414,83.12057777960942,76.5387589081359,84.37337859971852,3.47,100.0,0.03,1.67
LCII,1990-03-26,0.3061366081237793,0.3061366081237793,0.24873599410057068,0.3061366081237793,0,87.9271308464825,81.92833226024322,82.83076134202766,76.5387589081359,84.37337859971852,3.64,99.0,0.17,1.74
LCII,1990-03-27,0.24873588979244232,0.24873588979244232,0.24873588979244232,0.24873588979244232,1600,106.91310429797018,91.37554649704258,88.9869059529203,80.28706166445579,86.86954534119099,4.02,100.0,0.26,2.3
LCII,1990-03-28,0.24873588979244232,0.24873588979244232,0.24873588979244232,0.24873588979244232,0,106.91310429797018,91.37554649704258,88.9869059529203,80.17785742509463,86.86954534119099,4.35,99.5,0.33,2.3
LCII,1990-03-29,0.24873588979244232,0.24873588979244232,0.24873588979244232,0.24873588979244232,0,106.91310429797018,91.37554649704258,88.9869059529203,80.17785742509463,86.86954534119099,4.66,99.0,0.37,2.3
LCII,1990-03-30,0.2870030701160431,0.2870030701160431,0.2870030701160431,0.2870030701160431,1200,115.19198097643819,91.99733884233936,92.030712217761,82.03546966343505,88.06821006384983,5.04,100.0,0.42,2.09
LCII,1990-04-02,0.24873588979244232,0.24873588979244232,0.24873588979244232,0.24873588979244232,4000,122.4309686508483,96.49060185264948,94.66353227241943,83.5421300583874,89.20487121265437,5.49,100.0,0.36,1.82
LCII,1990-04-03,0.24873588979244232,0.24873588979244232,0.24873588979244232,0.24873588979244232,0,122.4309686508483,96.49060185264948,94.66353227241943,83.5421300583874,89.20487121265437,5.9,99.5,0.19,1.82
LCII,1990-04-04,0.2870030701160431,0.2870030701160431,0.2870030701160431,0.2870030701160431,400,129.72325425856553,100.18919984589377,97.25905559990653,85.2237848659678,90.37256643545871,6.36,100.0,0.28,1.7
LCII,1990-04-05,0.24873588979244232,0.2870029497605104,0.24873588979244232,0.24873588979244232,2400,136.19204198095184,104.3932496261846,99.77179312363312,86.82367479285774,91.48060006551808,6.87,100.0,0.28,1.47
LCII,1990-04-06,0.2870029497605104,0.2870029497605104,0.24873588979244232,0.24873588979244232,6800,136.19204198095184,104.3932496261846,99.77179312363312,86.82367479285774,91.48060006551808,7.33,99.5,0.23,1.47
LCII,1990-04-09,0.24873588979244232,0.24873588979244232,0.24873588979244232,0.24873588979244232,0,136.19204198095184,104.3932496261846,99.77179312363312,86.82367479285774,91.48060006551808,7.76,99.0,0.11,1.47
LCII,1990-04-10,0.24873588979244232,0.24873588979244232,0.24873588979244232,0.24873588979244232,0,136.19204198095184,104.3932496261846,99.48878747759301,86.82367479285774,91.48060006551808,8.13,97.0,0.15,1.52
LCII,1990-04-11,0.24873588979244232,0.24873588979244232,0.24873588979244232,0.24873588979244232,3200,134.61337876916843,103.4664710205877,99.1630523596883,86.82367479285774,91.48060006551808,8.46,96.0,0.2,1.59
LCII,1990-04-12,0.24873588979244232,0.24873588979244232,0.24873588979244232,0.24873588979244232,4000,134.61337876916843,102.42721731751412,98.73803930842652,86.82367479285774,91.48060006551808,8.74,95.0,0.22,1.65
LCII,1990-04-16,0.24873588979244232,0.24873588979244232,0.24873588979244232,0.24873588979244232,0,133.1082907305172,101.47569424686063,98.40981925601223,86.67504092109162,91.48060006551808,8.98,94.0,0.27,1.72
LCII,1990-04-17,0.24873588979244232,0.24873588979244232,0.24873588979244232,0.24873588979244232,1200,133.1082907305172,101.47569424686063,98.40981925601223,86.17876282684408,91.48060006551808,9.2,93.5,0.32,1.72
LCII,1990-04-18,0.24873597975130432,0.2583027482032776,0.22960244284735784,0.2583027482032776,828800,133.77636358336386,101.82483309394068,98.6237237438693,85.8835975959693,91.56549157510567,9.4,94.0,0.4,1.69
LCII,1990-04-19,0.24873599410057068,0.2678695321083069,0.22960245609283447,0.22960245609283447,30400,137.49232761814113,104.51059725214998,100.29448699850683,84.3270786845655,92.29993935075659,9.63,100.0,0.49,1.47
LCII,1990-04-20,0.2678695321083069,0.2678695321083069,0.22960245609283447,0.22960245609283447,8000,136.7349497777765,104.51059725214998,99.93392040559236,84.3270786845655,92.29993935075659,9.83,99.0,0.5,1.54
LCII,1990-04-23,0.22960245609283447,0.22960245609283447,0.22960245609283447,0.22960245609283447,2000,135.14951194868047,103.62450026256329,99.93392040559236,84.3270786845655,92.29993935075659,10.01,98.5,0.5,1.54
LCII,1990-04-24,0.22960247234864667,0.22960247234864667,0.21046893298625946,0.21046893298625946,13600,136.84218083141204,104.94221875361822,100.32689790742249,84.89440443584347,83.15654733135526,10.19,100.0,0.66,1.46
LCII,1990-04-25,0.22960245609283447,0.22960245609283447,0.22960245609283447,0.22960245609283447,10000,135.74624071057488,106.69947198142464,101.02422589687149,85.58170115283423,83.65211953994753,10.38,100.0,0.63,1.41
LCII,1990-04-26,0.22960245609283447,0.22960245609283447,0.22960245609283447,0.22960245609283447,0,135.74624071057488,106.69947198142464,100.55727022583551,85.58170115283423,83.65211953994753,10.55,99.0,0.66,1.47
LCII,1990-04-27,0.22960245609283447,0.22960245609283447,0.22960245609283447,0.22960245609283447,0,135.74624071057488,103.76211746121753,99.01830944367565,85.58170115283423,83.65211953994753,10.7,89.0,0.22,1.63
LCII,1990-04-30,0.22960245609283447,0.22960245609283447,0.22960245609283447,0.22960245609283447,0,135.74624071057488,103.76211746121753,99.01830944367565,85.58170115283423,83.65211953994753,10.84,88.5,-0.53,1.63
LCII,1990-05-01,0.21046893298625946,0.21046893298625946,0.21046893298625946,0.21046893298625946,800,137.66090281470238,105.15186406098134,96.66029011331585,86.14076431781113,84.06565277510268,10.96,82.0,-0.44,1.69
LCII,1990-05-02,0.21046893298625946,0.21046893298625946,0.21046893298625946,0.21046893298625946,0,136.55428758656126,105.15186406098134,96.66029011331585,84.9932937952217,84.0128528967194,11.07,81.5,-0.4,1.69
LCII,1990-05-03,0.24873599410057068,0.24873599410057068,0.22960245609283447,0.22960245609283447,24000,132.98228752026347,105.88646867333877,97.7408982924457,84.70993542475999,84.44314928781037,11.2,83.0,-0.46,1.55
LCII,1990-05-04,0.21046893298625946,0.21046893298625946,0.21046893298625946,0.21046893298625946,11200,129.86155972325247,107.21141114202892,98.63388237656491,85.27471409926079,84.54209153706115,11.33,86.0,-0.45,1.4
LCII,1990-05-07,0.24873588979244232,0.24873588979244232,0.24873588979244232,0.24873588979244232,20000,133.35367055085268,112.22166888813034,102.31773327077676,87.65801041010323,86.20013620876887,11.52,100.0,-0.48,1.32
LCII,1990-05-08,0.22003567218780518,0.22003567218780518,0.22003567218780518,0.22003567218780518,2000,137.4712717988573,114.89141210358747,103.67514508738024,88.77963285355634,87.02262764659207,11.73,100.0,-0.55,1.2
LCII,1990-05-09,0.21046893298625946,0.21046893298625946,0.21046893298625946,0.21046893298625946,800,124.73425477031628,115.1790378853933,103.42186956685752,88.90493241414549,86.51092709999946,11.93,99.0,-0.59,1.24
LCII,1990-05-10,0.21046882982437426,0.24873588979244232,0.21046882982437426,0.24873588979244232,12400,134.40417322581237,120.46604350906156,104.94685422937265,91.19340399344067,88.14500700501291,12.16,100.0,-0.61,1.3
LCII,1990-05-11,0.24873588979244232,0.24873588979244232,0.24873588979244232,0.24873588979244232,0,134.40417322581237,120.46604350906156,103.09307479430095,91.05190358278001,86.79751170816652,12.35,97.0,-0.65,1.49
LCII,1990-05-14,0.24873588979244232,0.24873588979244232,0.24873588979244232,0.24873588979244232,0,127.38014433131536,120.46604350906156,103.09307479430095,90.95562487616994,86.04378644924977,12.53,96.5,-0.7,1.49
LCII,1990-05-15,0.24873588979244232,0.24873588979244232,0.24873588979244232,0.24873588979244232,0,120.43899520652698,120.46604350906156,103.09307479430095,90.81375397345674,86.04378644924977,12.71,96.0,-0.74,1.49
LCII,1990-05-16,0.21046893298625946,0.21046893298625946,0.21046893298625946,0.21046893298625946,2800,129.80651545752005,125.10044971779107,105.86682556066536,92.70641635324178,87.58202901590683,12.92,100.0,-0.77,1.41
LCII,1990-05-17,0.2678695321083069,0.3252701461315155,0.2678695321083069,0.3252701461315155,31600,177.68728970754023,154.27709701126352,126.63599272703922,105.97730791769675,97.99321037552733,13.62,100.0,-0.79,8.07
LCII,1990-05-18,0.3252701461315155,0.3252701461315155,0.3252701461315155,0.3252701461315155,2000,172.1343429268951,154.27709701126352,126.63599272703922,105.8871440970709,97.93658159196899,14.26,99.5,-0.82,8.07
LCII,1990-05-21,0.3061366762433733,0.3061366762433733,0.26786959171295166,0.26786959171295166,1600,181.92984892011668,159.43422691847098,130.40635209877001,108.21441312383926,99.79116786120117,14.97,100.0,-0.82,7.29
LCII,1990-05-22,0.26786959171295166,0.26786959171295166,0.26786959171295166,0.26786959171295166,4000,181.92984892011668,159.43422691847098,129.9362988732347,108.21441312383926,99.36410312134772,15.61,99.0,-0.82,7.48
LCII,1990-05-23,0.26786959171295166,0.26786959171295166,0.26786959171295166,0.26786959171295166,0,181.92984892011668,159.43422691847098,129.47389747529584,108.21441312383926,99.13284813299302,16.21,98.0,-0.82,7.58
LCII,1990-05-24,0.26786959171295166,0.26786959171295166,0.26786959171295166,0.26786959171295166,400,181.92984892011668,158.84603830331605,129.47389747529584,108.21441312383926,98.94235030966702,16.76,97.5,-0.82,7.58
LCII,1990-05-25,0.26786959171295166,0.26786959171295166,0.26786959171295166,0.26786959171295166,4400,181.92984892011668,158.84603830331605,129.47389747529584,107.88789555730641,98.94235030966702,17.28,97.0,-0.82,7.58
LCII,1990-05-29,0.26786959171295166,0.26786959171295166,0.26786959171295166,0.26786959171295166,1200,181.92984892011668,158.30647880417774,127.69135560079492,107.26508534613379,98.87750025067741,17.74,95.0,-0.81,8.19
LCII,1990-05-30,0.26786959171295166,0.26786959171295166,0.26786959171295166,0.26786959171295166,800,181.92984892011668,158.30647880417774,127.69135560079492,107.16604789676995,98.87750025067741,18.18,94.5,-0.79,8.19
LCII,1990-05-31,0.26786959171295166,0.26786959171295166,0.26786959171295166,0.26786959171295166,0,181.62261710585534,158.30647880417774,127.69135560079492,105.7810199752794,98.83319093419543,18.58,94.0,-0.78,8.19
LCII,1990-06-01,0.26786959171295166,0.26786959171295166,0.26786959171295166,0.26786959171295166,40400,178.09063901720242,158.30647880417774,127.28859160965362,105.66120886849863,98.78498695916713,18.93,92.0,-0.78,8.29
LCII,1990-06-04,0.26786959171295166,0.26786959171295166,0.26786959171295166,0.26786959171295166,0,178.09063901720242,157.85468706914213,127.28859160965362,105.5761002865427,98.78498695916713,19.27,91.5,-0.78,8.29
LCII,1990-06-05,0.24873588979244232,0.24873588979244232,0.24873588979244232,0.24873588979244232,9600,179.56556149999906,157.97835841828808,127.82090275830195,105.90788769180928,98.98952332556118,19.59,95.0,-0.81,8.16
LCII,1990-06-06,0.2870029497605104,0.2870029497605104,0.24873588979244232,0.24873588979244232,12800,177.5489331466243,157.97835841828808,127.82090275830195,105.90788769180928,98.72552183359596,19.89,94.5,-0.83,8.16
LCII,1990-06-07,0.24873588979244232,0.24873588979244232,0.24873588979244232,0.24873588979244232,800,175.86360895709498,155.96377150449493,127.82090275830195,105.90788769180928,98.67827963091638,20.17,94.0,-0.85,8.16
LCII,1990-06-08,0.24873588979244232,0.24873588979244232,0.24873588979244232,0.24873588979244232,2400,175.86360895709498,155.96377150449493,127.36103996384671,105.90788769180928,98.67827963091638,20.43,89.0,-0.88,8.27
LCII,1990-06-11,0.24873588979244232,0.24873588979244232,0.24873588979244232,0.24873588979244232,0,175.86360895709498,155.96377150449493,126.86944723487336,105.90788769180928,98.67827963091638,20.67,86.0,-0.89,8.48
LCII,1990-06-12,0.2678694197764763,0.2678694197764763,0.24873588979244232,0.24873588979244232,20800,175.86360895709498,155.96377150449493,126.428125321636,105.90788769180928,98.67827963091638,20.9,83.0,-0.88,8.69
LCII,1990-06-13,0.24873588979244232,0.24873588979244232,0.24873588979244232,0.24873588979244232,4400,173.80403257723492,155.96377150449493,126.428125321636,105.90788769180928,98.67827963091638,21.1,82.5,-0.87,8.69
LCII,1990-06-14,0.24873588979244232,0.24873588979244232,0.24873588979244232,0.24873588979244232,800,173.80403257723492,155.344964771458,126.428125321636,105.90788769180928,98.60857318291329,21.29,82.0,-0.85,8.69
LCII,1990-06-15,0.2870030701160431,0.2870030701160431,0.24873599410057068,0.2870030701160431,695600,176.8220052676797,155.71152152710005,128.51164396248802,107.32106101302976,99.68934614735751,21.48,95.0,-0.82,7.95
LCII,1990-06-18,0.2870030701160431,0.2870030701160431,0.2870030701160431,0.2870030701160431,0,174.56724183589833,153.24515493594535,128.51164396248802,107.32106101302976,99.64062114487395,21.66,94.5,-0.8,7.95
LCII,1990-06-19,0.24873588979244232,0.24873588979244232,0.24873588979244232,0.24873588979244232,1200,173.5131411277065,153.5247529297522,130.0987606855712,108.59588912393332,100.62562325298896,21.85,99.0,-0.77,7.65
LCII,1990-06-20,0.24873588979244232,0.24873588979244232,0.24873588979244232,0.24873588979244232,0,169.57920913808334,153.5247529297522,130.0987606855712,108.59588912393332,100.62562325298896,22.03,98.5,-0.73,7.65
LCII,1990-06-21,0.24873588979244232,0.24873588979244232,0.24873588979244232,0.24873588979244232,0,168.96186015075466,147.5094912338626,130.0987606855712,108.47709135460171,100.55726671556417,22.19,98.0,-0.7,7.65
LCII,1990-06-22,0.24873588979244232,0.24873588979244232,0.24873588979244232,0.24873588979244232,2800,161.87628083427668,147.5094912338626,130.0987606855712,108.09838586953198,100.55726671556417,22.34,97.5,-0.67,7.65
LCII,1990-06-25,0.26786959171295166,0.26786959171295166,0.26786959171295166,0.26786959171295166,4000,163.29502618630517,148.28930387690548,129.1658890787784,108.48620927847885,100.62663390229321,22.47,91.0,-0.65,7.78
LCII,1990-06-26,0.3061366081237793,0.3061366081237793,0.3061366081237793,0.3061366081237793,1600,167.64756571846164,147.91073958695208,130.91160161375936,109.68201286790521,101.09689009153524,22.6,100.0,-0.68,7.21
LCII,1990-06-27,0.24873599410057068,0.2870030701160431,0.24873599410057068,0.2870030701160431,2000,168.91778132161116,145.49648250031996,131.31995840307567,109.92890293157573,100.77860566000545,22.71,100.0,-0.68,7.12
LCII,1990-06-28,0.2870030701160431,0.2870030701160431,0.2870030701160431,0.2870030701160431,0,160.90022336584602,145.49648250031996,131.31995840307567,109.92890293157573,100.32244906823324,22.77,99.5,-0.68,7.12
LCII,1990-06-29,0.24873599410057068,0.2870030701160431,0.24873599410057068,0.2870030701160431,16000,98.26032879186045,142.5101807528552,130.91160161375936,109.8078857533312,100.26976200014599,22.81,97.5,-0.65,7.29
LCII,1990-07-02,0.24873588979244232,0.24873588979244232,0.24873588979244232,0.24873588979244232,2400,106.16723373858554,142.5101807528552,132.8502562537957,111.05417043619656,101.25061960202227,22.86,100.0,-0.6,6.87
LCII,1990-07-03,0.24873588979244232,0.24873588979244232,0.24873588979244232,0.24873588979244232,0,90.48940631438721,142.5101807528552,132.47236978413486,110.96672367584574,101.25061960202227,22.89,99.0,-0.59,6.94
LCII,1990-07-05,0.24873588979244232,0.24873588979244232,0.24873588979244232,0.24873588979244232,400,90.48940631438721,142.5101807528552,132.47236978413486,110.96672367584574,100.99930784364383,22.91,98.5,-0.57,6.94
LCII,1990-07-06,0.2487359807409089,0.2774362862110138,0.2487359807409089,0.2774362862110138,8000,96.10867602393908,144.25665793134047,133.63152010043035,111.66352679129052,101.61760195524403,22.92,100.0,-0.56,6.57
LCII,1990-07-09,0.2870029497605104,0.2870029497605104,0.24873588979244232,0.24873588979244232,122800,101.295310119808,146.04037949801167,134.74419294034055,112.37351400390861,102.17779432874423,22.94,100.0,-0.54,6.34
LCII,1990-07-10,0.2870029497605104,0.2870029497605104,0.24873588979244232,0.24873588979244232,80000,101.295310119808,146.04037949801167,134.74419294034055,112.37351400390861,102.17779432874423,22.93,99.5,-0.51,6.34
LCII,1990-07-11,0.24873588979244232,0.24873588979244232,0.24873588979244232,0.24873588979244232,0,101.295310119808,146.04037949801167,134.74419294034055,112.37351400390861,102.1125011718514,22.91,99.0,-0.49,6.34
LCII,1990-07-12,0.24873588979244232,0.24873588979244232,0.24873588979244232,0.24873588979244232,1200,101.295310119808,146.04037949801167,134.74419294034055,112.37351400390861,102.1125011718514,22.87,98.5,-0.46,6.34
LCII,1990-07-13,0.24873588979244232,0.24873588979244232,0.24873588979244232,0.24873588979244232,0,101.295310119808,145.828465796395,134.74419294034055,112.26665352551915,102.1125011718514,22.81,98.0,-0.43,6.34
LCII,1990-07-16,0.24873588979244232,0.24873588979244232,0.24873588979244232,0.24873588979244232,21600,101.295310119808,143.7701645260431,134.74419294034055,112.26665352551915,102.02653752135345,22.73,97.5,-0.39,6.34
LCII,1990-07-17,0.28700313397816246,0.28700313397816246,0.26786959171295166,0.26786959171295166,25600,103.70097086794495,144.54093724850364,135.27674243132614,112.63564888255684,102.31533759480043,22.64,100.0,-0.35,6.16
LCII,1990-07-18,0.26786951665525083,0.2870030535591973,0.24873597975130432,0.2583027482032776,224800,101.91885922596182,144.76054180750424,135.3951618271486,112.70641016879786,102.30544456309663,22.54,100.0,-0.31,6.15
LCII,1990-07-19,0.2583027482032776,0.2583027482032776,0.2583027482032776,0.2583027482032776,2000,101.91885922596182,143.5697176089587,135.3951618271486,112.58620028021649,102.30544456309663,22.41,99.5,-0.26,6.15
LCII,1990-07-20,0.2583027482032776,0.2583027482032776,0.2583027482032776,0.2583027482032776,400,101.91885922596182,142.50920741465563,135.3951618271486,112.58620028021649,102.30544456309663,22.26,99.0,-0.2,6.15
LCII,1990-07-23,0.25830282058034626,0.26786959171295166,0.25830282058034626,0.26786959171295166,20800,102.42364529817361,142.68260550051005,135.1213523747497,112.67955791476993,102.37878616639016,22.08,96.0,-0.1,6.24
LCII,1990-07-24,0.2583027996921478,0.2822200357913971,0.2583027996921478,0.2822200357913971,5600,103.42615199350855,143.04285306314333,135.38817772667912,112.86328512447894,102.5234680989328,21.88,97.0,-0.03,6.14
LCII,1990-07-25,0.28700305470104875,0.28700305470104875,0.2583027492309439,0.2774362862110138,15200,103.60514968495241,143.10330216225324,135.05216688941223,112.87722573716039,102.53421578011847,21.67,94.0,0.05,6.27
LCII,1990-07-26,0.2583027482032776,0.2583027482032776,0.2583027482032776,0.2583027482032776,2000,105.8686384158328,142.7197453238575,135.50639109195632,113.17516269243175,102.76783349837515,21.45,100.0,0.15,6.19
LCII,1990-07-27,0.25830282058034626,0.26786959171295166,0.25830282058034626,0.26786959171295166,9600,106.35467949397903,142.87712253183392,135.6450524337148,113.26803489418084,102.75661795489437,21.2,100.0,0.23,6.13
LCII,1990-07-30,0.2678695321083069,0.2870030701160431,0.2583027631044388,0.2870030701160431,13200,99.8067492320898,142.47724536162545,136.11154001051432,113.44395938949529,102.71961333566293,20.93,100.0,0.23,5.97
LCII,1990-07-31,0.28700313397816246,0.28700313397816246,0.26786959171295166,0.26786959171295166,800,101.79010749436537,142.03431837634685,136.21090020099442,113.72364316724976,102.68251028481636,20.65,100.0,0.36,5.95
LCII,1990-08-01,0.26786959171295166,0.26786959171295166,0.26786959171295166,0.26786959171295166,1600,92.62634780692635,137.91041864931728,135.84843881683875,113.72364316724976,101.09257919633565,20.35,98.0,0.38,6.08
LCII,1990-08-02,0.26786959171295166,0.26786959171295166,0.26786959171295166,0.26786959171295166,0,92.62634780692635,135.47558872948758,135.84843881683875,113.72364316724976,101.09257919633565,20.03,97.5,0.35,6.08
LCII,1990-08-03,0.26786959171295166,0.26786959171295166,0.26786959171295166,0.26786959171295166,0,92.62634780692635,135.11248249493275,134.40392862228111,113.57236942603177,101.09257919633565,19.71,81.0,0.43,6.36
LCII,1990-08-06,0.26786959171295166,0.26786959171295166,0.26786959171295166,0.26786959171295166,40400,92.62634780692635,130.77048176610808,134.40392862228111,113.40142631359808,101.09257919633565,19.37,80.5,0.51,6.36
LCII,1990-08-07,0.26786959171295166,0.26786959171295166,0.26786959171295166,0.26786959171295166,1600,90.10163720821738,130.77048176610808,134.40392862228111,113.20943290516851,101.09257919633565,19.0,80.0,0.59,6.36
LCII,1990-08-08,0.26786959171295166,0.26786959171295166,0.26786959171295166,0.26786959171295166,400,80.72944014760662,130.77048176610808,134.40392862228111,113.03794093854167,101.09257919633565,18.61,79.5,0.68,6.36
LCII,1990-08-09,0.26786959171295166,0.26786959171295166,0.26786959171295166,0.26786959171295166,800,78.69662523379887,130.77048176610808,134.40392862228111,113.03794093854167,101.09257919633565,18.18,79.0,0.77,6.36
LCII,1990-08-10,0.26786959171295166,0.26786959171295166,0.26786959171295166,0.26786959171295166,800,78.69662523379887,125.98202718862244,133.95694976996182,113.03794093854167,101.09257919633565,17.74,76.0,0.77,6.44
LCII,1990-08-13,0.26786959171295166,0.26786959171295166,0.26786959171295166,0.26786959171295166,0,78.69662523379887,88.27267033068573,132.23485379958387,113.03794093854167,101.09257919633565,17.32,71.0,0.93,6.95
LCII,1990-08-14,0.26786959171295166,0.26786959171295166,0.26786959171295166,0.26786959171295166,400,66.41967440091993,88.27267033068573,130.5248103233247,112.84313263693132,100.42417915225883,16.93,66.0,0.93,7.33
LCII,1990-08-15,0.26786959171295166,0.26786959171295166,0.26786959171295166,0.26786959171295166,800,66.41967440091993,78.7960184443094,128.7568183734948,112.84313263693132,99.80890279064137,16.57,55.0,1.08,7.92
LCII,1990-08-16,0.26786959171295166,0.26786959171295166,0.26786959171295166,0.26786959171295166,2800,66.41967440091993,78.7960184443094,128.7568183734948,112.63030730066824,99.80890279064137,16.18,54.5,1.25,7.92
LCII,1990-08-17,0.26786959171295166,0.26786959171295166,0.26786959171295166,0.26786959171295166,2000,58.20404541207278,78.7960184443094,124.43474026390734,112.43479272153168,99.80890279064137,15.88,36.0,1.23,8.86
LCII,1990-08-20,0.24873588979244232,0.24873588979244232,0.24873588979244232,0.24873588979244232,2800,53.21952139086462,80.24637164944082,125.00080455771989,112.55030887575394,100.06654823936334,15.58,36.0,1.23,8.71
LCII,1990-08-21,0.2678694197764763,0.2678694197764763,0.24873588979244232,0.24873588979244232,8400,53.21952139086462,80.24637164944082,125.00080455771989,111.82603255954879,100.06654823936334,15.25,35.5,1.23,8.71
LCII,1990-08-22,0.24873588979244232,0.24873588979244232,0.24873588979244232,0.24873588979244232,0,53.21952139086462,80.24637164944082,122.87689412543126,111.82603255954879,100.06654823936334,14.98,33.0,1.37,9.54
LCII,1990-08-23,0.24873588979244232,0.2678694197764763,0.24873588979244232,0.24873588979244232,10800,53.21952139086462,80.24637164944082,120.7587935881266,110.19123573046778,99.97882545602155,14.74,32.0,1.37,10.19
LCII,1990-08-24,0.26786959171295166,0.26786959171295166,0.24873604944774083,0.26786959171295166,25200,57.390354045964585,81.71882919600544,121.33048591757272,110.55364071753522,100.20583381664305,14.49,32.0,1.34,9.89
LCII,1990-08-27,0.24873588979244232,0.24873588979244232,0.24873588979244232,0.24873588979244232,2000,61.53701523642052,83.11819707735572,119.7322568832671,110.89069373026838,100.37508452889396,14.28,30.0,1.5,10.67
LCII,1990-08-28,0.24873588979244232,0.24873588979244232,0.24873588979244232,0.24873588979244232,0,57.390354045964564,83.11819707735572,117.55751127557947,110.89069373026838,100.29315057585457,14.11,29.0,1.5,11.43
LCII,1990-08-29,0.24873588979244232,0.24873588979244232,0.24873588979244232,0.24873588979244232,4000,56.48454202059629,81.71882919600544,117.55751127557947,110.89069373026838,100.01541728811219,13.94,28.5,1.5,11.43
LCII,1990-08-30,0.24873588979244232,0.24873588979244232,0.24873588979244232,0.24873588979244232,400,56.48454202059629,81.71882919600544,117.55751127557947,110.66734032615162,99.94664341321248,13.76,28.0,1.5,11.43
LCII,1990-08-31,0.24873588979244232,0.24873588979244232,0.24873588979244232,0.24873588979244232,0,56.48454202059629,81.71882919600544,117.55751127557947,110.41010728641795,99.89997867451895,13.57,27.5,1.5,11.43
LCII,1990-09-04,0.26786959171295166,0.26786959171295166,0.26786959171295166,0.26786959171295166,1600,59.640095408285944,83.11819707735573,118.14469535887989,109.75343831849061,100.19812632583174,13.37,29.0,1.47,11.08
LCII,1990-09-05,0.26786959171295166,0.26786959171295166,0.26786959171295166,0.26786959171295166,26000,57.55339376863729,83.11819707735573,118.14469535887989,108.75590387979676,100.19812632583174,13.16,28.5,1.44,11.08
LCII,1990-09-06,0.24873588979244232,0.24873588979244232,0.24873588979244232,0.24873588979244232,400,61.135818650082975,84.54065038581071,118.74074952169424,109.10516051554062,100.45041109461594,12.93,29.0,1.44,10.88
LCII,1990-09-07,0.24873588979244232,0.24873588979244232,0.24873588979244232,0.24873588979244232,0,57.65653076894534,84.54065038581071,118.74074952169424,109.10516051554062,100.20573623352766,12.7,28.5,1.44,10.88
LCII,1990-09-10,0.24873588979244232,0.24873588979244232,0.24873588979244232,0.24873588979244232,0,56.54698512438121,84.54065038581071,118.58645203021871,108.80301486423438,99.71868191419732,12.46,27.0,1.44,10.99
LCII,1990-09-11,0.24873588979244232,0.24873588979244232,0.24873588979244232,0.24873588979244232,0,52.35005062306162,79.1068371752774,117.08267069252196,108.80301486423438,99.6456635686661,12.25,20.0,1.54,11.53
LCII,1990-09-12,0.24873588979244232,0.24873588979244232,0.24873588979244232,0.24873588979244232,4000,48.685817798594655,79.1068371752774,117.08267069252196,108.80301486423438,98.57335743226474,12.03,19.5,1.64,11.53
LCII,1990-09-13,0.24873588979244232,0.24873588979244232,0.24873588979244232,0.24873588979244232,400,48.685817798594655,73.46983657339521,117.08267069252196,108.80301486423438,98.48430463019889,11.81,19.0,1.74,11.53
LCII,1990-09-14,0.24873588979244232,0.24873588979244232,0.24873588979244232,0.24873588979244232,0,48.685817798594655,73.46983657339521,116.23322881509905,108.48922469637779,98.41656110725475,11.59,17.0,1.94,11.85
LCII,1990-09-17,0.24873588979244232,0.24873588979244232,0.24873588979244232,0.24873588979244232,2000,48.685817798594655,73.46983657339521,115.42495704400278,108.18535884141657,98.41656110725475,11.39,16.0,2.06,12.34
LCII,1990-09-18,0.24873588979244232,0.24873588979244232,0.24873588979244232,0.24873588979244232,8000,48.685817798594655,73.46983657339521,115.42495704400278,108.18535884141657,98.41656110725475,11.17,15.5,2.19,12.34
LCII,1990-09-19,0.24873604944774083,0.26786959171295166,0.24873604944774083,0.26786959171295166,12000,53.511310593221765,73.46983657339521,116.00991964291288,108.54409324514467,98.71474991011665,10.9,16.0,2.31,11.97
LCII,1990-09-20,0.24873588979244232,0.24873588979244232,0.24873588979244232,0.24873588979244232,2000,57.66104093625706,69.57101115453538,116.62983258272996,107.72531864165529,98.97524362226147,10.62,17.0,2.45,11.74
LCII,1990-09-21,0.26786959171295166,0.26786959171295166,0.26786959171295166,0.26786959171295166,4000,61.789539151372566,70.17194289088722,116.34615393326875,108.09274043678965,99.27175428955042,10.27,16.0,2.69,11.7
LCII,1990-09-24,0.24873588979244232,0.24873588979244232,0.24873588979244232,0.24873588979244232,400,65.41622450881333,71.74600863914554,116.97831718840457,108.4406833278859,99.5307902108388,9.9,17.0,2.94,11.47
LCII,1990-09-25,0.24873588979244232,0.24873588979244232,0.24873588979244232,0.24873588979244232,800,65.41622450881333,71.74600863914554,116.17522937381143,108.1781557281917,99.5307902108388,9.54,13.0,3.12,11.95
LCII,1990-09-26,0.2678695321083069,0.2678695321083069,0.22960245609283447,0.22960245609283447,59200,69.15986747866559,67.50184594896301,116.0463416470126,108.58368393370057,99.8312336790518,9.2,12.0,3.19,12.01
LCII,1990-09-27,0.22960245609283447,0.22960245609283447,0.22960245609283447,0.22960245609283447,0,69.15986747866559,67.50184594896301,112.94552761956469,108.58368393370057,99.8312336790518,8.99,8.0,3.01,13.61
LCII,1990-09-28,0.22960245609283447,0.22960245609283447,0.22960245609283447,0.22960245609283447,0,69.15986747866559,67.50184594896301,111.24409420592829,108.58368393370057,99.8312336790518,8.83,7.0,3.08,14.4
LCII,1990-10-01,0.22960245609283447,0.22960245609283447,0.22960245609283447,0.22960245609283447,0,69.15986747866559,63.45270592813135,111.01119572190737,108.58368393370057,99.8312336790518,8.67,6.0,3.12,14.49
LCII,1990-10-02,0.22960245609283447,0.22960245609283447,0.22960245609283447,0.22960245609283447,0,66.00087615923202,59.47989896432012,107.7655992198545,108.28407194558713,99.8312336790518,8.6,5.0,2.94,16.55
LCII,1990-10-03,0.22960245609283447,0.22960245609283447,0.22960245609283447,0.22960245609283447,0,66.00087615923202,59.47989896432012,107.7655992198545,107.96477314713837,99.74205000155007,8.49,4.5,2.77,16.55
LCII,1990-10-04,0.19133535027503967,0.24873595535755158,0.19133535027503967,0.19133535027503967,19200,84.04662802347703,70.09430760182737,111.5512142338989,109.7831826884914,101.0503436330423,8.3,7.0,3.1,14.68
LCII,1990-10-05,0.19133538007736206,0.22960245609283447,0.19133538007736206,0.22960245609283447,1200,100.66383738872204,79.85891447905466,115.35035326174305,111.94252282373485,102.74386844055765,8.05,8.0,2.92,12.7
LCII,1990-10-08,0.22960245609283447,0.22960245609283447,0.22960245609283447,0.22960245609283447,0,98.00863730594678,79.85891447905466,112.2276708919921,111.94252282373485,102.74386844055765,7.91,6.0,3.04,14.01
LCII,1990-10-09,0.19133535027503967,0.21046888530254365,0.19133535027503967,0.19133535027503967,16800,109.0249576886813,88.04998466295625,92.45412053388092,113.9662262926532,104.30074202740724,8.6,1.0,3.06,3.07
LCII,1990-10-10,0.19133539362387222,0.21046893298625946,0.19133539362387222,0.21046893298625946,15200,113.11218341177023,88.95965308583817,93.82126640230712,114.55341548882177,104.76704745253416,9.18,2.0,2.3,2.84
LCII,1990-10-11,0.17220187187194824,0.17220187187194824,0.17220187187194824,0.17220187187194824,6400,126.42284215535642,97.47639951214006,94.16182885548807,116.69189792247153,106.51928999023342,9.69,3.0,3.56,2.9
LCII,1990-10-12,0.17220187187194824,0.17220187187194824,0.17220187187194824,0.17220187187194824,3200,126.42284215535642,97.47639951214006,94.16182885548807,116.69189792247153,106.51928999023342,10.16,3.5,3.78,2.9
LCII,1990-10-15,0.17220187187194824,0.17220187187194824,0.17220187187194824,0.17220187187194824,1600,126.42284215535642,97.47639951214006,94.16182885548807,116.69189792247153,106.45602483673697,10.6,4.0,3.6,2.9
LCII,1990-10-16,0.17220187187194824,0.17220187187194824,0.17220187187194824,0.17220187187194824,0,123.82129291910992,97.07327606995271,94.16182885548807,116.69189792247153,106.45602483673697,11.01,4.5,3.27,2.9
LCII,1990-10-17,0.17220187187194824,0.17220187187194824,0.17220187187194824,0.17220187187194824,0,123.82129291910992,96.29190040503047,94.16182885548807,115.79153212118878,106.3858723088476,11.4,5.0,2.9,2.9
LCII,1990-10-18,0.17220187187194824,0.17220187187194824,0.17220187187194824,0.17220187187194824,0,122.58975581794512,96.28843738106029,94.16182885548807,115.79153212118878,106.3858723088476,11.77,5.5,2.52,2.9
LCII,1990-10-19,0.17220187187194824,0.17220187187194824,0.17220187187194824,0.17220187187194824,400,122.58975581794512,95.38472783633082,94.16182885548807,115.79153212118878,106.3858723088476,12.12,6.0,2.16,2.9
LCII,1990-10-22,0.172201854261485,0.21046893298625946,0.172201854261485,0.21046893298625946,4800,137.25268423590663,104.10252387541664,99.63111148764804,118.26865706606429,108.3311743324065,12.34,10.0,1.93,2.89
LCII,1990-10-23,0.21046893298625946,0.21046893298625946,0.21046893298625946,0.21046893298625946,0,137.25268423590663,102.99005075952626,99.63111148764804,118.00584506945988,108.3311743324065,12.54,10.5,1.72,2.89
LCII,1990-10-24,0.17220187187194824,0.17220187187194824,0.17220187187194824,0.17220187187194824,1200,148.41384137748645,109.7866314498892,104.48201883260005,120.32198275014562,110.04518447688956,12.66,12.0,1.44,2.66
LCII,1990-10-25,0.17220187187194824,0.17220187187194824,0.17220187187194824,0.17220187187194824,400,148.41384137748645,109.7866314498892,103.88438372213801,120.10088857255339,110.04518447688956,12.79,12.0,1.18,2.8
LCII,1990-10-26,0.17220187187194824,0.17220187187194824,0.17220187187194824,0.17220187187194824,0,148.41384137748645,109.7866314498892,103.88438372213801,120.10088857255339,110.04518447688956,12.9,12.5,0.93,2.8
LCII,1990-10-29,0.17220187187194824,0.18176864253150093,0.15306833055284289,0.17220187187194824,40000,148.41384137748645,109.7866314498892,103.88438372213801,120.10088857255339,110.04518447688956,13.01,13.0,0.7,2.8
LCII,1990-10-30,0.17220187187194824,0.17220187187194824,0.17220187187194824,0.17220187187194824,0,148.41384137748645,109.7866314498892,103.88438372213801,120.10088857255339,109.96109426682825,13.12,13.5,0.48,2.8
LCII,1990-10-31,0.15306830406188965,0.15306830406188965,0.15306830406188965,0.15306830406188965,41200,149.129112643413,112.07887421717797,105.44909792968768,120.86782975973085,110.554145589176,13.2,17.0,0.4,2.52
LCII,1990-11-01,0.15306830406188965,0.15306830406188965,0.14350153505802155,0.15306830406188965,216000,148.27877273206016,112.07887421717797,105.44909792968768,120.86782975973085,110.554145589176,13.28,17.5,0.29,2.52
LCII,1990-11-02,0.15306830406188965,0.15306830406188965,0.15306830406188965,0.15306830406188965,400,145.89381566974322,112.07887421717797,105.44909792968768,120.86782975973085,110.554145589176,13.36,18.0,0.17,2.52
LCII,1990-11-05,0.15306830406188965,0.15306830406188965,0.15306830406188965,0.15306830406188965,0,145.02450708687547,112.07887421717797,105.44909792968768,120.86782975973085,110.554145589176,13.44,18.5,0.04,2.52
LCII,1990-11-06,0.15306830406188965,0.15306830406188965,0.15306830406188965,0.15306830406188965,0,145.02450708687547,112.07887421717797,102.75053409422739,120.86782975973085,110.554145589176,13.53,12.0,-0.07,2.81
LCII,1990-11-07,0.16263507306575775,0.16263507306575775,0.16263507306575775,0.16263507306575775,10000,145.3722146821261,112.97938163464669,103.29420106141608,121.10511263918546,110.74129546064253,13.61,13.0,-0.2,2.71
LCII,1990-11-08,0.16741876776947606,0.19133538007736206,0.16263507306575775,0.16263507306575775,24400,145.3722146821261,112.97938163464669,100.91878150989369,121.10511263918546,110.6487959755666,13.7,12.0,-0.35,3.08
LCII,1990-11-09,0.16263507306575775,0.16263507306575775,0.16263507306575775,0.16263507306575775,800,145.3722146821261,112.97938163464669,100.91878150989369,121.10511263918546,110.6487959755666,13.79,12.5,-0.48,3.08
LCII,1990-11-12,0.18176856637001038,0.18176856637001038,0.18176856637001038,0.18176856637001038,800,149.64774207802728,115.59820073884211,102.56905162235992,121.85862929234455,111.24050670272281,13.85,14.0,-0.59,2.83
LCII,1990-11-13,0.16263507306575775,0.16263507306575775,0.16263507306575775,0.16263507306575775,1200,152.5879760615669,116.77023188945053,103.9923134861088,122.2705002270281,111.76566350530199,13.89,21.0,-0.7,2.57
LCII,1990-11-14,0.16263507306575775,0.16263507306575775,0.16263507306575775,0.16263507306575775,1200,152.5879760615669,116.77023188945053,103.23359299243924,122.2705002270281,111.66262129659994,13.94,16.0,-0.8,2.69
LCII,1990-11-15,0.16263507306575775,0.16263507306575775,0.16263507306575775,0.16263507306575775,0,143.74450521192583,116.77023188945053,100.82085946054649,122.0329757023218,111.54613935423532,13.99,12.0,-0.91,2.99
LCII,1990-11-16,0.16263507306575775,0.16263507306575775,0.16263507306575775,0.16263507306575775,2000,132.3102336727153,116.77023188945053,100.39195091964885,122.0329757023218,111.39947794695104,14.05,12.0,-0.99,3.1
LCII,1990-11-19,0.16263507306575775,0.16263507306575775,0.16263507306575775,0.16263507306575775,800,132.3102336727153,115.5507271716383,100.39195091964885,122.0329757023218,111.28272056730022,14.09,12.5,-1.07,3.1
LCII,1990-11-20,0.16263507306575775,0.16263507306575775,0.16263507306575775,0.16263507306575775,12000,122.00569771360918,114.74376903791368,100.39195091964885,122.0329757023218,111.28272056730022,14.13,13.0,-1.15,3.1
LCII,1990-11-21,0.16263507306575775,0.16263507306575775,0.16263507306575775,0.16263507306575775,0,118.23692108292376,114.74376903791368,97.94617040996853,121.8465865665966,111.28272056730022,14.18,10.0,-1.22,3.52
LCII,1990-11-23,0.15785197913646698,0.15785197913646698,0.15785197913646698,0.15785197913646698,1600,103.57998851536155,114.82813599271171,98.02780645108734,121.64621337463728,111.31473457280086,14.22,11.0,-1.28,3.49
LCII,1990-11-26,0.15785199876560796,0.15785199876560796,0.15306830406188965,0.15306830406188965,10000,103.88864779562657,114.91454152121136,98.11315586294056,121.68639621692195,111.21730622924201,14.25,12.0,-1.34,3.46
LCII,1990-11-27,0.15306830406188965,0.15306830406188965,0.15306830406188965,0.15306830406188965,400,103.88864779562657,114.91454152121136,96.39829369029911,120.83279738504925,111.21730622924201,14.28,10.0,-1.39,3.77
LCII,1990-11-28,0.15306830406188965,0.15306830406188965,0.15306830406188965,0.15306830406188965,2000,103.88864779562657,113.6469920809979,94.96906116449983,120.83279738504925,111.05370235582863,14.31,10.0,-1.43,4.13
LCII,1990-11-29,0.15306830406188965,0.15306830406188965,0.15306830406188965,0.15306830406188965,4000,103.88864779562657,113.6469920809979,94.96906116449983,120.83279738504925,110.92198518206531,14.32,10.5,-1.48,4.13
LCII,1990-11-30,0.15306830406188965,0.15306830406188965,0.15306830406188965,0.15306830406188965,1600,103.88864779562657,112.85476210838532,94.96906116449983,120.83279738504925,110.75794508195924,14.33,11.0,-1.52,4.13
LCII,1990-12-03,0.15306830406188965,0.15306830406188965,0.15306830406188965,0.15306830406188965,4800,103.88864779562657,112.85476210838532,94.96906116449983,120.83279738504925,110.22078858036461,14.32,11.5,-1.56,4.13
LCII,1990-12-04,0.15306826641685084,0.18176856637001038,0.15306826641685084,0.18176856637001038,3200,99.18586592846991,118.7238277125128,99.02431742443926,122.34566565968859,111.60866218082978,14.26,18.0,-1.58,3.72
LCII,1990-12-05,0.15306830406188965,0.15306830406188965,0.15306830406188965,0.15306830406188965,4800,110.32954795604695,123.52719256936047,102.57968391737727,122.91210655322016,111.74641625154965,14.15,28.0,-1.61,3.26
LCII,1990-12-06,0.15306830406188965,0.15306830406188965,0.15306830406188965,0.15306830406188965,0,94.48260726183072,123.52719256936047,101.79920315738273,121.94034164860317,111.74641625154965,14.03,27.0,-1.63,3.42
LCII,1990-12-07,0.15306830406188965,0.15306830406188965,0.15306830406188965,0.15306830406188965,7600,94.48260726183072,123.52719256936047,101.68301386463439,120.85255786463784,111.74641625154965,13.9,27.0,-1.65,3.46
LCII,1990-12-10,0.15306830406188965,0.15306830406188965,0.15306830406188965,0.15306830406188965,2000,94.48260726183072,123.52719256936047,101.68301386463439,120.85255786463784,111.74641625154965,13.76,27.5,-1.67,3.46
LCII,1990-12-11,0.15306830406188965,0.15306830406188965,0.15306830406188965,0.15306830406188965,50400,94.48260726183072,123.52719256936047,101.68301386463439,118.39556616238323,111.74641625154965,13.61,28.0,-1.68,3.46
LCII,1990-12-12,0.16263507306575775,0.17220184206962585,0.15306830406188965,0.15306830406188965,26400,94.48260726183072,123.52719256936047,101.46794607221543,118.39556616238323,111.59684783549078,13.46,27.0,-1.69,3.5
LCII,1990-12-13,0.15306830406188965,0.15306830406188965,0.15306830406188965,0.15306830406188965,800,88.10017478646807,122.3489037960539,101.04879341087288,118.39556616238323,111.42457927702623,13.3,27.0,-1.71,3.59
LCII,1990-12-14,0.15306830406188965,0.15306830406188965,0.15306830406188965,0.15306830406188965,8000,88.10017478646807,121.61337418877042,101.03796069312378,117.11851843816179,110.68541574044953,13.13,27.0,-1.72,3.6
LCII,1990-12-17,0.15306830406188965,0.15306830406188965,0.15306830406188965,0.15306830406188965,2000,88.10017478646807,120.41635992507867,100.49389992352071,115.93499742370523,110.00396514707585,12.94,24.0,-1.72,3.75
LCII,1990-12-18,0.15306830406188965,0.15306830406188965,0.15306830406188965,0.15306830406188965,6800,88.10017478646807,119.66895277843761,100.27628180859713,115.93499742370523,110.00396514707585,12.75,21.0,-1.72,3.79
LCII,1990-12-19,0.15306830406188965,0.15306830406188965,0.15306830406188965,0.15306830406188965,2000,88.10017478646807,119.66895277843761,99.5655668420346,114.63054087752234,110.00396514707585,12.53,19.0,-1.74,3.95
LCII,1990-12-20,0.15306830406188965,0.16263507306575775,0.15306830406188965,0.16263507306575775,72800,88.10017478646807,119.5288316918992,99.61373659597828,113.66792049515357,109.980933314119,12.3,20.0,-1.73,3.97
LCII,1990-12-21,0.15306830406188965,0.15306830406188965,0.15306830406188965,0.15306830406188965,8000,89.83523672879494,120.04891445527173,100.00057306900814,113.87634405878322,110.13695423887404,12.06,23.0,-1.72,3.86
LCII,1990-12-24,0.16263507306575775,0.16263507306575775,0.15306830406188965,0.15306830406188965,42800,89.83523672879494,120.04891445527173,100.00057306900814,113.87634405878322,110.13695423887404,11.8,23.5,-1.71,3.86
LCII,1990-12-26,0.15306830406188965,0.16263507306575775,0.15306830406188965,0.15306830406188965,43600,83.18935367947459,120.04891445527173,100.00057306900814,113.87634405878322,110.13695423887404,11.56,24.0,-1.7,3.86
LCII,1990-12-27,0.14350153016701891,0.14350153016701891,0.13393476148921765,0.13871845602989197,16800,81.85199744828007,121.4985473349133,101.07550879333512,114.43778241855414,110.32253922055901,11.29,36.0,-1.67,3.59
LCII,1990-12-28,0.13393479585647583,0.13393479585647583,0.13393479585647583,0.13393479585647583,26400,82.28524505798796,121.60775054962151,101.17082928142294,114.49909195754636,110.17057546585556,11.01,37.0,-1.64,3.56
LCII,1990-12-31,0.15306830406188965,0.16263507306575775,0.13393476605415344,0.16263507306575775,35600,100.77571494552122,123.15333671629014,106.08487399918837,116.86142784945106,111.91623565635787,10.69,58.0,-1.62,3.27
LCII,1991-01-02,0.13393476605415344,0.15306830406188965,0.13393476605415344,0.15306830406188965,29200,102.29601010544522,117.49766536033704,106.44819672939872,117.06416576183454,112.06956232564029,10.35,59.0,-1.6,3.19
LCII,1991-01-03,0.15306830406188965,0.15306830406188965,0.15306830406188965,0.15306830406188965,0,102.29601010544522,117.49766536033704,106.44819672939872,116.96575925381553,111.2380601493177,10.0,59.5,-1.57,3.19
LCII,1991-01-04,0.15306830406188965,0.15306830406188965,0.15306830406188965,0.15306830406188965,0,102.29601010544522,111.65793074131383,106.44819672939872,116.16470879925484,111.2380601493177,9.68,60.0,-1.54,3.19
LCII,1991-01-07,0.14350153505802155,0.15306830406188965,0.14350153505802155,0.14350153505802155,16000,103.88303995775105,110.40121138907165,106.85408471152084,116.39784930745132,111.40912761278645,9.39,62.0,-1.51,3.1
LCII,1991-01-08,0.15306830406188965,0.15306830406188965,0.15306830406188965,0.15306830406188965,21600,105.44586516215313,103.63842916542974,107.43959319894316,116.66840743413627,111.44111786202076,9.12,63.0,-1.47,2.98
LCII,1991-01-09,0.15306830406188965,0.15306830406188965,0.15306830406188965,0.15306830406188965,0,105.06798649063373,103.63842916542974,107.43959319894316,116.2319152856766,111.44111786202076,8.85,63.5,-1.44,2.98
LCII,1991-01-10,0.15306830406188965,0.15306830406188965,0.15306830406188965,0.15306830406188965,0,105.06798649063373,103.63842916542974,107.43959319894316,115.75122427204603,111.44111786202076,8.66,64.0,-1.4,2.98
LCII,1991-01-11,0.14350156698908123,0.14350156698908123,0.13393479585647583,0.13393479585647583,50400,111.96896869246456,107.08602177870543,108.80950663098781,116.78829039017818,112.2084672815737,8.45,68.0,-1.34,2.79
LCII,1991-01-14,0.13393479585647583,0.13393479585647583,0.13393479585647583,0.13393479585647583,5200,111.96896869246456,107.08602177870543,108.80950663098781,116.78829039017818,112.2084672815737,8.24,68.5,-1.28,2.79
LCII,1991-01-15,0.13393479585647583,0.13393479585647583,0.13393479585647583,0.13393479585647583,400,111.96896869246456,107.08602177870543,108.80950663098781,116.78829039017818,112.01317242304525,8.07,69.0,-1.21,2.79
LCII,1991-01-16,0.13393479585647583,0.13393479585647583,0.13393479585647583,0.13393479585647583,0,111.96896869246456,107.08602177870543,108.80950663098781,116.36005785348583,111.78175672134942,7.93,69.5,-1.14,2.79
LCII,1991-01-17,0.13393479585647583,0.13393479585647583,0.13393479585647583,0.13393479585647583,8000,98.75376179174764,98.21913699724423,108.05071530205959,116.36005785348583,111.5762417612288,7.78,68.0,-1.08,2.93
LCII,1991-01-18,0.13393479585647583,0.13393479585647583,0.13393479585647583,0.13393479585647583,800,86.0495086269887,98.21913699724423,107.51702931914203,115.87205616334104,111.5762417612288,7.65,66.0,-1.0,3.05
LCII,1991-01-21,0.13393479585647583,0.13393479585647583,0.13393479585647583,0.13393479585647583,0,86.0495086269887,89.59639872608591,107.51702931914203,115.44042485596822,111.5762417612288,7.55,66.5,-0.92,3.05
LCII,1991-01-22,0.13393479585647583,0.13393479585647583,0.13393479585647583,0.13393479585647583,8000,86.0495086269887,89.59639872608591,107.51702931914203,113.66450091119363,111.5762417612288,7.46,67.0,-0.82,3.05
LCII,1991-01-23,0.11480122804641724,0.11480122804641724,0.11480122804641724,0.11480122804641724,800,96.33962341264501,94.71211093587863,110.04611047666477,114.19022043987657,112.59097961894223,7.37,76.0,-0.72,2.71
LCII,1991-01-24,0.11480122804641724,0.11480122804641724,0.11480122804641724,0.11480122804641724,4800,96.33962341264501,94.71211093587863,110.04611047666477,114.08750084263302,112.40526832693362,7.28,76.5,-0.61,2.71
LCII,1991-01-25,0.11480122804641724,0.11480122804641724,0.11480122804641724,0.11480122804641724,1200,96.33962341264501,94.71211093587863,109.26929562536804,112.27224395760662,112.40526832693362,7.17,76.0,-0.54,2.85
LCII,1991-01-28,0.11480122804641724,0.11480122804641724,0.11480122804641724,0.11480122804641724,0,96.33962341264501,91.84750738950346,109.26929562536804,112.27224395760662,112.40526832693362,7.06,76.5,-0.47,2.85
LCII,1991-01-29,0.11480122804641724,0.11480122804641724,0.11480122804641724,0.11480122804641724,0,96.33962341264501,91.84750738950346,108.76832853076566,112.27224395760662,112.40526832693362,6.93,72.0,-0.36,2.95
LCII,1991-01-30,0.11480122804641724,0.11480122804641724,0.11480122804641724,0.11480122804641724,0,96.33962341264501,91.84750738950346,108.76832853076566,112.27224395760662,111.74714554334561,6.8,72.5,-0.25,2.95
LCII,1991-01-31,0.11480122804641724,0.11480122804641724,0.11480122804641724,0.11480122804641724,0,96.33962341264501,91.84750738950346,108.76832853076566,110.59023115335131,111.74714554334561,6.67,73.0,-0.13,2.95
LCII,1991-02-01,0.12436794489622116,0.12436794489622116,0.12436794489622116,0.12436794489622116,2800,99.76416080709126,93.4763750219677,109.65175049677146,98.02546460022654,112.05952079541927,6.57,81.0,-0.0,2.79
LCII,1991-02-04,0.12436794489622116,0.12436794489622116,0.12436794489622116,0.12436794489622116,0,97.72381029765191,92.52196223392815,109.65175049677146,98.02546460022654,112.05952079541927,6.47,81.5,0.13,2.79
LCII,1991-02-05,0.12436794489622116,0.12436794489622116,0.12436794489622116,0.12436794489622116,2400,96.50978296346663,92.52196223392815,109.65175049677146,95.41773018454298,111.85281259913711,6.36,82.0,0.28,2.79
LCII,1991-02-06,0.12436794489622116,0.12436794489622116,0.12436794489622116,0.12436794489622116,400,96.50978296346663,92.52196223392815,109.65175049677146,95.41773018454298,111.85281259913711,6.27,82.5,0.44,2.79
LCII,1991-02-07,0.12436794489622116,0.12436794489622116,0.12436794489622116,0.12436794489622116,400,96.50978296346663,89.33439318657926,109.65175049677146,95.41773018454298,111.68571930461857,6.19,83.0,0.61,2.79
LCII,1991-02-08,0.12436794489622116,0.12436794489622116,0.12436794489622116,0.12436794489622116,0,92.53351050379204,86.62291323766024,109.65175049677146,95.41773018454298,111.68571930461857,6.12,83.5,0.79,2.79
LCII,1991-02-11,0.12436794489622116,0.12436794489622116,0.12436794489622116,0.12436794489622116,400,92.0546981417035,86.62291323766024,108.88598973062287,95.41773018454298,111.68571930461857,6.02,79.0,0.77,2.93
LCII,1991-02-12,0.12436799705028534,0.15306830406188965,0.12436799705028534,0.15306830406188965,5200,94.60506649235235,96.92076101393151,113.5942779197788,98.65629019594385,113.66036437080001,5.96,95.0,0.96,2.82
LCII,1991-02-13,0.15306830406188965,0.15306830406188965,0.15306830406188965,0.15306830406188965,0,92.9590751100182,96.92076101393151,112.88997381080839,98.65629019594385,113.66036437080001,5.9,94.0,0.77,2.95
LCII,1991-02-14,0.12436794489622116,0.12436794489622116,0.12436794489622116,0.12436794489622116,400,110.73838160929998,105.766306811586,116.87266962525283,101.5799547423591,115.49641075143167,5.9,100.0,0.8,2.74
LCII,1991-02-15,0.15306830406188965,0.15306830406188965,0.15306830406188965,0.15306830406188965,2000,127.02107762672856,114.35303439044789,121.73319857010645,104.62794830787689,117.40698202737514,6.04,100.0,0.78,2.5
LCII,1991-02-19,0.15306830406188965,0.15306830406188965,0.15306830406188965,0.15306830406188965,0,125.54021693187158,114.35303439044789,121.13646560664573,104.62794830787689,117.40698202737514,6.16,99.0,0.98,2.59
LCII,1991-02-20,0.15306830406188965,0.15306830406188965,0.15306830406188965,0.15306830406188965,0,124.13890416629631,114.19500245543534,121.13646560664573,104.28684746395214,117.40698202737514,6.33,98.5,1.17,2.59
LCII,1991-02-21,0.15306830406188965,0.15306830406188965,0.15306830406188965,0.15306830406188965,0,124.13890416629631,114.02071846159096,121.13646560664573,104.28684746395214,117.40698202737514,6.51,98.0,1.36,2.59
LCII,1991-02-22,0.15306830406188965,0.15306830406188965,0.15306830406188965,0.15306830406188965,0,124.13890416629631,114.02071846159096,121.13646560664573,104.28684746395214,117.40698202737514,6.69,97.5,1.53,2.59
LCII,1991-02-25,0.15306830406188965,0.15306830406188965,0.15306830406188965,0.15306830406188965,0,117.51342479288766,114.02071846159096,121.13646560664573,104.28684746395214,117.40698202737514,6.89,97.0,1.65,2.59
LCII,1991-02-26,0.15306830406188965,0.15306830406188965,0.15306830406188965,0.15306830406188965,0,117.51342479288766,114.02071846159096,121.13646560664573,104.28684746395214,117.40698202737514,7.08,96.5,1.65,2.59
LCII,1991-02-27,0.15306830406188965,0.15306830406188965,0.15306830406188965,0.15306830406188965,0,117.51342479288766,114.02071846159096,117.71608506531848,104.28684746395214,117.2142598160429,7.17,93.0,1.89,2.92
LCII,1991-02-28,0.15306830406188965,0.15306830406188965,0.15306830406188965,0.15306830406188965,800,117.51342479288766,114.02071846159096,113.93754287887488,104.28684746395214,117.2142598160429,7.15,91.0,1.67,3.29
LCII,1991-03-01,0.15306830406188965,0.15306830406188965,0.15306830406188965,0.15306830406188965,20000,117.51342479288766,108.25117167320111,113.93754287887488,104.28684746395214,117.04182180274285,7.17,90.5,0.97,3.29
LCII,1991-03-04,0.13393479585647583,0.13393479585647583,0.13393479585647583,0.13393479585647583,400,124.13890416629631,105.95677584467565,112.24508155212216,103.97827540534274,117.76703147606207,7.1,87.0,1.1,3.38
LCII,1991-03-05,0.13393479585647583,0.13393479585647583,0.13393479585647583,0.13393479585647583,0,124.13890416629631,105.95677584467565,111.12204379473629,103.97827540534274,117.76703147606207,7.03,86.0,0.91,3.61
LCII,1991-03-06,0.13393479585647583,0.13393479585647583,0.13393479585647583,0.13393479585647583,0,124.13890416629631,105.95677584467565,106.57866519828549,102.65791279092613,117.76703147606207,6.94,59.0,0.95,4.02
LCII,1991-03-07,0.13393479585647583,0.13393479585647583,0.13393479585647583,0.13393479585647583,800,115.22481870124568,105.95677584467565,106.57866519828549,102.65791279092613,117.62786084259163,6.85,58.5,1.0,4.02
LCII,1991-03-08,0.13393479585647583,0.13393479585647583,0.13393479585647583,0.13393479585647583,0,115.22481870124568,105.95677584467565,106.57866519828549,102.65791279092613,117.45328412232277,6.76,58.0,1.06,4.02
LCII,1991-03-11,0.13393476605415344,0.15306830406188965,0.13393476605415344,0.15306830406188965,21600,121.05900237390318,109.54957019964608,108.74477712480626,103.92884724472506,118.24982253679568,6.67,67.0,1.17,3.61
LCII,1991-03-12,0.15306830406188965,0.15306830406188965,0.15306830406188965,0.15306830406188965,2000,121.05900237390318,109.54957019964608,108.74477712480626,103.52694711325586,117.6122086368018,6.57,66.5,1.28,3.61
LCII,1991-03-13,0.12436794489622116,0.12436794489622116,0.12436794489622116,0.12436794489622116,1200,136.46585002648604,117.52407450814344,113.57577133839544,105.04669971958023,119.38749552606838,6.51,88.0,1.3,3.27
LCII,1991-03-14,0.12436794489622116,0.12436794489622116,0.12436794489622116,0.12436794489622116,0,136.46585002648604,117.52407450814344,113.57577133839544,104.80905640196106,119.38749552606838,6.44,87.5,1.33,3.27
LCII,1991-03-15,0.12436794489622116,0.12436794489622116,0.12436794489622116,0.12436794489622116,800,136.46585002648604,117.52407450814344,108.77012193780853,104.80905640196106,119.38749552606838,6.41,68.0,0.71,3.64
LCII,1991-03-18,0.12436794489622116,0.12436794489622116,0.12436794489622116,0.12436794489622116,800,134.47958848168778,117.52407450814344,108.77012193780853,104.80905640196106,119.38749552606838,6.38,67.5,-0.57,3.64
LCII,1991-03-19,0.13393470988823816,0.13393470988823816,0.12436794489622116,0.12436794489622116,176400,134.47958848168778,116.76638599085159,104.16051837997891,103.50730647902999,119.20567168102336,6.38,42.0,-0.61,4.08
LCII,1991-03-20,0.13393479585647583,0.13393479585647583,0.13393479585647583,0.13393479585647583,1200,136.18404825328318,117.26262092436967,104.88132216486885,103.91673086416257,118.66904478016285,6.38,42.0,-0.61,3.9
LCII,1991-03-21,0.13393479585647583,0.13393479585647583,0.13393479585647583,0.13393479585647583,400,136.18404825328318,117.26262092436967,104.88132216486885,103.91673086416257,117.94664681664455,6.37,41.5,-0.62,3.9
LCII,1991-03-22,0.13393479585647583,0.13393479585647583,0.13393479585647583,0.13393479585647583,0,136.18404825328318,117.26262092436967,104.88132216486885,103.05000548948753,117.1508000757695,6.37,41.0,-0.62,3.9
LCII,1991-03-25,0.13393479585647583,0.13393479585647583,0.13393479585647583,0.13393479585647583,800,136.18404825328318,115.53553542843741,104.88132216486885,102.28848337995238,117.1508000757695,6.37,40.5,-0.62,3.9
LCII,1991-03-26,0.13393479585647583,0.13393479585647583,0.13393479585647583,0.13393479585647583,0,136.18404825328318,115.31147072541748,103.24002082514161,102.28848337995238,115.34040555512084,6.37,36.0,-0.64,4.24
LCII,1991-03-27,0.13393479585647583,0.13393479585647583,0.13393479585647583,0.13393479585647583,6400,121.50668160887376,107.98061827719536,103.24002082514161,102.28848337995238,115.34040555512084,6.38,36.5,-0.66,4.24
LCII,1991-03-28,0.15306833812168666,0.15306833812168666,0.13393479585647583,0.13393479585647583,1200,121.50668160887376,107.31716974391648,103.24002082514161,102.28848337995238,115.34040555512084,6.39,37.0,-0.68,4.24
LCII,1991-04-01,0.13393479585647583,0.13393479585647583,0.13393479585647583,0.13393479585647583,0,105.13386934050874,107.31716974391648,103.24002082514161,102.28848337995238,114.41127193730527,6.4,37.5,-0.7,4.24
LCII,1991-04-02,0.13393479585647583,0.13393479585647583,0.13393479585647583,0.13393479585647583,0,85.2696262420261,107.31716974391648,103.24002082514161,102.28848337995238,113.54390346178317,6.39,37.0,-0.71,4.24
LCII,1991-04-03,0.13393476605415344,0.15306830406188965,0.13393476605415344,0.15306830406188965,20000,94.19114438475653,110.0471512161316,104.98771337364352,103.16062985544568,114.35519348356449,6.39,46.0,-0.68,3.93
LCII,1991-04-04,0.15306830406188965,0.15306830406188965,0.15306830406188965,0.15306830406188965,0,94.19114438475653,109.2494220622695,104.98771337364352,103.08528247278169,113.42470126621971,6.37,45.5,-0.65,3.93
LCII,1991-04-05,0.15306830406188965,0.15306830406188965,0.15306830406188965,0.15306830406188965,0,94.19114438475653,109.2494220622695,104.98771337364352,103.08528247278169,112.54296573479152,6.34,45.0,-0.63,3.93
LCII,1991-04-08,0.13393479585647583,0.13393479585647583,0.13393479585647583,0.13393479585647583,14800,101.831919580101,112.62468780586676,105.53949936539591,104.23662559566478,113.3095719862232,6.33,46.0,-0.81,3.88
LCII,1991-04-09,0.13393479585647583,0.13393479585647583,0.13393479585647583,0.13393479585647583,0,101.831919580101,109.2494220622695,104.10489121248582,104.12883438840679,113.3095719862232,6.33,37.0,-0.8,4.18
LCII,1991-04-10,0.13393479585647583,0.13393479585647583,0.13393479585647583,0.13393479585647583,400,101.831919580101,109.2494220622695,104.10489121248582,103.91631894659126,113.3095719862232,6.33,36.5,-0.78,4.18
LCII,1991-04-11,0.13393479585647583,0.13393479585647583,0.13393479585647583,0.13393479585647583,0,101.831919580101,109.2494220622695,104.10489121248582,103.90600125851743,113.3095719862232,6.31,36.0,-0.76,4.18
LCII,1991-04-12,0.13393479585647583,0.13393479585647583,0.13393479585647583,0.13393479585647583,27600,101.831919580101,109.2494220622695,104.10489121248582,103.59685882617009,113.3095719862232,6.28,35.5,-0.74,4.18
LCII,1991-04-15,0.13393479585647583,0.14350156698908123,0.13393479585647583,0.13393479585647583,189200,101.831919580101,109.2494220622695,104.10489121248582,103.48840125428002,113.3095719862232,6.25,35.0,-0.71,4.18
LCII,1991-04-16,0.13393479585647583,0.13393479585647583,0.13393479585647583,0.13393479585647583,0,94.19114438475653,109.2494220622695,104.10489121248582,103.12606009696412,113.3095719862232,6.23,34.5,-0.69,4.18
LCII,1991-04-17,0.13393479585647583,0.13393479585647583,0.13393479585647583,0.13393479585647583,0,94.19114438475653,109.2494220622695,104.10489121248582,102.83883030386005,113.23798136367584,6.17,34.0,-0.65,4.18
LCII,1991-04-18,0.13393479585647583,0.13393479585647583,0.13393479585647583,0.13393479585647583,0,94.19114438475653,109.2494220622695,104.00898925670286,102.83883030386005,112.64621900951965,6.11,30.0,-0.62,4.2
LCII,1991-04-19,0.13393479585647583,0.13393479585647583,0.13393479585647583,0.13393479585647583,0,94.19114438475653,104.4202079816714,103.90426942659774,102.83883030386005,112.64621900951965,6.06,29.0,-0.6,4.23
LCII,1991-04-22,0.13393479585647583,0.13393479585647583,0.13393479585647583,0.13393479585647583,0,94.19114438475653,104.4202079816714,103.90426942659774,102.83883030386005,112.64621900951965,5.97,28.5,-0.58,4.23
LCII,1991-04-23,0.13393479585647583,0.13393479585647583,0.13393479585647583,0.13393479585647583,0,85.2696262420261,104.4202079816714,103.90426942659774,102.83883030386005,112.32361582747316,5.86,28.0,-0.56,4.23
LCII,1991-04-24,0.13871845602989197,0.14350153016701891,0.13871845602989197,0.13871845602989197,160000,86.03200137020409,104.63079186659326,104.06496831170668,102.94110730692896,112.03111454070351,5.74,30.0,-0.52,4.18
LCII,1991-04-25,0.13871845602989197,0.13871845602989197,0.13871845602989197,0.13871845602989197,0,60.4032207962209,104.63079186659326,104.06496831170668,102.94110730692896,112.03111454070351,5.62,29.5,-0.48,4.18
LCII,1991-04-26,0.13871845602989197,0.13871845602989197,0.13871845602989197,0.13871845602989197,0,60.4032207962209,104.63079186659326,104.06496831170668,102.94110730692896,112.03111454070351,5.49,29.0,-0.44,4.18
LCII,1991-04-29,0.13871845602989197,0.13871845602989197,0.13871845602989197,0.13871845602989197,0,60.4032207962209,104.63079186659326,100.30779499317836,102.94110730692896,112.03111454070351,5.47,7.0,-1.05,4.74
LCII,1991-04-30,0.13871845602989197,0.13871845602989197,0.13871845602989197,0.13871845602989197,0,60.4032207962209,103.39711234647437,96.57146915934335,102.94110730692896,111.70564593061177,5.56,1.0,-1.03,5.39
LCII,1991-05-01,0.114801253591265,0.13393479585647583,0.114801253591265,0.13393479585647583,28000,61.434510387420474,103.67325402418821,96.72292797290503,103.00728504298434,111.7555411782825,5.63,2.0,-1.01,5.34
LCII,1991-05-02,0.13393479585647583,0.13393479585647583,0.13393479585647583,0.13393479585647583,0,57.55748245096902,103.67325402418821,96.72292797290503,103.00728504298434,111.39952583472466,5.7,2.5,-0.99,5.34
LCII,1991-05-03,0.11480122804641724,0.11480122804641724,0.11480122804641724,0.11480122804641724,25200,72.86229370714334,108.45475175613761,99.71790566944534,104.52971792927389,112.11311999074508,5.72,6.0,-0.97,4.74
LCII,1991-05-06,0.11480122804641724,0.11480122804641724,0.11480122804641724,0.11480122804641724,0,72.86229370714334,108.45475175613761,99.71790566944534,104.52971792927389,110.81511937052441,5.74,6.5,-0.97,4.74
LCII,1991-05-07,0.11480122804641724,0.11480122804641724,0.11480122804641724,0.11480122804641724,0,72.86229370714334,108.45475175613761,99.71790566944534,104.20429859388538,110.16366865562652,5.76,7.0,-0.96,4.74
LCII,1991-05-08,0.11480122804641724,0.15306830406188965,0.11480122804641724,0.15306830406188965,5200,111.88270334081432,123.57660758198057,109.86978718564795,109.78152596097198,113.84166837190077,5.74,81.0,-0.96,5.3
LCII,1991-05-09,0.11480122804641724,0.11480122804641724,0.11480122804641724,0.11480122804641724,400,140.32890116054807,130.1396908150189,118.98296811491716,114.84245291239719,116.15022314387662,5.83,93.0,-0.96,5.25
LCII,1991-05-10,0.11480122804641724,0.11480122804641724,0.11480122804641724,0.11480122804641724,0,140.32890116054807,130.1396908150189,118.98296811491716,114.84245291239719,116.15022314387662,5.9,92.5,-0.96,5.25
LCII,1991-05-13,0.114801253591265,0.13393479585647583,0.114801253591265,0.13393479585647583,36800,147.73594411584756,127.14084129342282,121.5661881197648,115.99648034251632,117.20919922720043,6.02,99.0,-0.92,4.74
LCII,1991-05-14,0.11480122804641724,0.11480122804641724,0.11480122804641724,0.11480122804641724,32400,154.34364010860065,123.62539375765795,123.96238949543799,117.06074715876697,118.18636882725906,6.18,100.0,-0.91,4.31
LCII,1991-05-15,0.11480122804641724,0.15306830406188965,0.11480122804641724,0.11480122804641724,88800,148.66624286329989,123.62539375765795,123.54475050405607,117.06074715876697,117.03425585317524,6.31,99.0,-0.94,4.41
LCII,1991-05-16,0.11480122804641724,0.11480122804641724,0.11480122804641724,0.11480122804641724,0,148.66624286329989,123.62539375765795,123.20537954318738,117.06074715876697,108.47061738910853,6.43,98.0,-0.94,4.49
LCII,1991-05-17,0.11480122804641724,0.11480122804641724,0.11480122804641724,0.11480122804641724,1600,148.66624286329989,123.62539375765795,123.20537954318738,117.06074715876697,108.47061738910853,6.54,97.5,-0.93,4.49
LCII,1991-05-20,0.11480122804641724,0.11480122804641724,0.11480122804641724,0.11480122804641724,1200,143.95530054867695,123.62539375765795,123.20537954318738,117.06074715876697,106.78023372812717,6.64,97.0,-0.92,4.49
LCII,1991-05-21,0.11480122804641724,0.11480122804641724,0.11480122804641724,0.11480122804641724,0,143.95530054867695,123.62539375765795,122.2491756072123,116.68978998235467,106.78023372812717,6.73,95.0,-0.95,4.7
LCII,1991-05-22,0.15306830406188965,0.15306830406188965,0.15306830406188965,0.15306830406188965,4000,167.12855536574995,137.39369748368307,130.47886069422344,121.70985831566061,110.67542893787699,7.01,100.0,-0.99,4.44
LCII,1991-05-23,0.15306830406188965,0.15306830406188965,0.11480122804641724,0.11480122804641724,4400,187.36706010588082,149.50916042257808,134.70518696261746,126.01124611195876,114.29712293501255,7.44,100.0,-1.04,4.62
LCII,1991-05-24,0.15306830406188965,0.15306830406188965,0.15306830406188965,0.15306830406188965,8000,205.70668602479455,161.08003965968604,142.08960901847925,130.6609419205471,117.94432825181109,8.11,100.0,-1.04,4.25
LCII,1991-05-28,0.13393479585647583,0.13393479585647583,0.13393479585647583,0.13393479585647583,2000,209.56217024157442,163.3880756334289,143.66205985047594,131.57419468672828,118.67272653536274,8.77,100.0,-1.0,4.0
LCII,1991-05-29,0.13393479585647583,0.13393479585647583,0.13393479585647583,0.13393479585647583,11200,209.56217024157442,161.08003965968604,143.66205985047594,131.57419468672828,118.67272653536274,9.37,99.5,-0.95,4.0
LCII,1991-05-30,0.13393479585647583,0.13393479585647583,0.13393479585647583,0.13393479585647583,0,209.56217024157442,161.08003965968604,143.30418939892252,131.57419468672828,118.67272653536274,9.91,98.0,-0.93,4.06
LCII,1991-05-31,0.13393479585647583,0.13393479585647583,0.13393479585647583,0.13393479585647583,0,209.56217024157442,161.08003965968604,142.92214608194246,131.57419468672828,118.67272653536274,10.4,97.0,-0.88,4.14
LCII,1991-06-03,0.13393476605415344,0.16263507306575775,0.13393476605415344,0.16263507306575775,30000,216.98572949764824,165.92176162697888,146.25282745312856,133.63502522681276,120.2950710891707,10.95,100.0,-0.79,3.7
LCII,1991-06-04,0.16263507306575775,0.16263507306575775,0.16263507306575775,0.16263507306575775,0,216.98572949764824,165.92176162697888,146.25282745312856,133.63502522681276,120.07702621094616,11.47,99.5,-0.73,3.7
LCII,1991-06-05,0.13393479585647583,0.13393479585647583,0.13393479585647583,0.13393479585647583,800,224.65015017612248,168.5012829482467,147.9746683988064,135.54765422284615,121.60955454099964,12.01,100.0,-0.73,3.55
LCII,1991-06-06,0.13393479585647583,0.13393479585647583,0.13393479585647583,0.13393479585647583,0,224.40389079899643,168.5012829482467,147.9746683988064,135.2340271764666,121.60955454099964,12.51,99.5,-0.73,3.55
LCII,1991-06-07,0.15306830406188965,0.15306830406188965,0.14350153505802155,0.14350153505802155,48400,225.32414682311162,163.56226443591174,148.37942621929722,135.2473644639148,121.81907374528882,12.99,100.0,-0.76,3.47
LCII,1991-06-10,0.14350153505802155,0.14350153505802155,0.14350153505802155,0.14350153505802155,0,225.32414682311162,163.56226443591174,148.37942621929722,134.93600307731754,121.81907374528882,13.44,99.5,-0.78,3.47
LCII,1991-06-11,0.14350153505802155,0.14350153505802155,0.14350153505802155,0.14350153505802155,2000,225.32414682311162,163.56226443591174,148.37942621929722,134.67446703166246,121.81907374528882,13.86,99.0,-0.81,3.47
LCII,1991-06-12,0.14350153505802155,0.14350153505802155,0.14350153505802155,0.14350153505802155,800,225.32414682311162,163.56226443591174,148.37942621929722,134.67446703166246,121.81907374528882,14.26,98.5,-0.83,3.47
LCII,1991-06-13,0.14350153505802155,0.14350153505802155,0.14350153505802155,0.14350153505802155,14000,225.06331479255186,163.56226443591174,148.37942621929722,134.36294890367773,121.81907374528882,14.63,98.0,-0.86,3.47
LCII,1991-06-14,0.15306830406188965,0.15306830406188965,0.15306830406188965,0.15306830406188965,20000,225.78215019963005,163.39469396782073,148.7250848591701,134.59739970708864,121.12976567908538,14.99,100.0,-0.91,3.41
LCII,1991-06-17,0.15306830406188965,0.15306830406188965,0.15306830406188965,0.15306830406188965,0,220.73655273213362,163.39469396782073,146.6211426562782,134.59739970708864,121.12976567908538,15.3,92.0,-0.92,3.69
LCII,1991-06-18,0.15306830406188965,0.15306830406188965,0.15306830406188965,0.15306830406188965,0,220.73655273213362,163.39469396782073,146.6211426562782,134.59739970708864,120.30451534552395,15.59,91.5,-0.93,3.69
LCII,1991-06-19,0.15306830406188965,0.15306830406188965,0.15306830406188965,0.15306830406188965,0,220.73655273213362,163.39469396782073,146.6211426562782,134.59739970708864,120.30451534552395,15.87,91.0,-0.94,3.69
LCII,1991-06-20,0.15306830406188965,0.15306830406188965,0.15306830406188965,0.15306830406188965,0,204.38371713033607,163.39469396782073,146.6211426562782,134.59739970708864,120.30451534552395,16.13,90.5,-0.95,3.69
LCII,1991-06-21,0.15306830406188965,0.15306830406188965,0.15306830406188965,0.15306830406188965,0,185.314163126851,163.39469396782073,146.6211426562782,132.88132702368688,120.30451534552395,16.38,90.0,-0.95,3.69
LCII,1991-06-24,0.14350153505802155,0.14350153505802155,0.14350153505802155,0.14350153505802155,5200,186.54429953158433,163.9665662422365,147.0107992990565,131.2810962276012,120.22364721629559,16.62,92.0,-0.92,3.63
LCII,1991-06-25,0.14350153505802155,0.14350153505802155,0.14350153505802155,0.14350153505802155,0,181.28523630332,163.9665662422365,147.0107992990565,131.2810962276012,119.44604593838073,16.85,91.5,-0.89,3.63
LCII,1991-06-26,0.14350153505802155,0.14350153505802155,0.14350153505802155,0.14350153505802155,0,175.12571754794635,163.9665662422365,146.4805644579124,129.52819732796658,119.28650468789353,17.07,85.0,-0.87,3.73
LCII,1991-06-27,0.14350153505802155,0.14350153505802155,0.14350153505802155,0.14350153505802155,0,175.12571754794635,161.62883778662447,146.4805644579124,129.0142119404461,119.28650468789353,17.27,84.5,-0.84,3.73
LCII,1991-06-28,0.14350153505802155,0.14350153505802155,0.14350153505802155,0.14350153505802155,0,175.12571754794635,161.62883778662447,146.4805644579124,126.83307261938812,119.28650468789353,17.46,84.0,-0.81,3.73
LCII,1991-07-01,0.14350153505802155,0.14350153505802155,0.14350153505802155,0.14350153505802155,0,175.12571754794635,161.62883778662447,146.4805644579124,126.83307261938812,118.45151911063611,17.65,83.5,-0.77,3.73
LCII,1991-07-02,0.15306833055284289,0.17220187187194824,0.15306833055284289,0.17220187187194824,52800,182.27888716591102,163.524013064395,149.26805389978202,128.6748034287501,119.87979551957555,17.86,100.0,-0.54,3.36
LCII,1991-07-03,0.17220187187194824,0.17220187187194824,0.17220187187194824,0.17220187187194824,0,182.27888716591102,163.524013064395,149.26805389978202,128.6748034287501,119.87979551957555,18.07,99.5,-0.4,3.36
LCII,1991-07-05,0.17220187187194824,0.17220187187194824,0.17220187187194824,0.17220187187194824,0,162.69592810152184,163.524013064395,149.26805389978202,128.6748034287501,119.3640227502735,18.26,99.0,-0.31,3.36
LCII,1991-07-08,0.17220187187194824,0.17220187187194824,0.17220187187194824,0.17220187187194824,0,137.2672796036334,163.524013064395,145.62596826061116,128.6748034287501,118.8769275546068,18.41,76.0,-0.26,3.78
LCII,1991-07-09,0.17220187187194824,0.22960249582926434,0.17220187187194824,0.17220187187194824,10800,109.93943043401089,163.524013064395,145.62596826061116,128.6748034287501,118.8769275546068,18.56,75.5,-0.24,3.78
LCII,1991-07-10,0.17220187187194824,0.17220187187194824,0.17220187187194824,0.17220187187194824,0,101.9534377942007,163.524013064395,141.72523811011743,126.44028000329035,118.8769275546068,18.66,69.0,-0.24,4.23
LCII,1991-07-11,0.17220187187194824,0.17220187187194824,0.17220187187194824,0.17220187187194824,0,101.9534377942007,163.524013064395,137.88405939114853,126.44028000329035,118.8769275546068,18.73,68.0,-0.26,4.77
LCII,1991-07-12,0.17220187187194824,0.17220187187194824,0.17220187187194824,0.17220187187194824,0,101.9534377942007,163.524013064395,137.88405939114853,124.19091266949019,118.8769275546068,18.8,67.5,-0.28,4.77
LCII,1991-07-15,0.22960249582926434,0.22960249582926434,0.17220187187194824,0.17220187187194824,5200,101.9534377942007,163.524013064395,137.88405939114853,124.19091266949019,118.8769275546068,18.87,67.0,-0.31,4.77
LCII,1991-07-16,0.19133535027503967,0.19133535027503967,0.19133535027503967,0.19133535027503967,8000,90.49788373677443,164.82911423478572,138.87201145900602,124.81503737631452,119.117215231247,18.94,68.0,0.11,4.56
LCII,1991-07-17,0.19133535027503967,0.19133535027503967,0.19133535027503967,0.19133535027503967,800,90.49788373677443,164.82911423478572,138.87201145900602,124.81503737631452,119.06533652312714,19.01,67.5,0.33,4.56
LCII,1991-07-18,0.19133535027503967,0.19133535027503967,0.19133535027503967,0.19133535027503967,0,67.98667833309051,164.82911423478572,138.87201145900602,124.81503737631452,119.06533652312714,19.08,67.0,0.43,4.56
LCII,1991-07-19,0.19133535027503967,0.19133535027503967,0.19133535027503967,0.19133535027503967,0,67.98667833309051,164.72091399754044,138.87201145900602,124.0179903866477,119.06533652312714,19.15,66.5,0.44,4.56
LCII,1991-07-22,0.19133535027503967,0.19133535027503967,0.19133535027503967,0.19133535027503967,1600,65.85841475824708,164.72091399754044,138.87201145900602,124.0179903866477,119.00568497959662,19.21,66.0,0.4,4.56
LCII,1991-07-23,0.19133535027503967,0.19133535027503967,0.19133535027503967,0.19133535027503967,3600,65.85841475824708,164.72091399754044,138.87201145900602,124.0179903866477,118.88440730681722,19.25,65.5,0.33,4.56
LCII,1991-07-24,0.19133535027503967,0.19133535027503967,0.19133535027503967,0.19133535027503967,2400,65.85841475824708,164.72091399754044,138.87201145900602,124.0179903866477,118.87424367408556,19.29,65.0,0.25,4.56
LCII,1991-07-25,0.19133539362387222,0.21046893298625946,0.19133539362387222,0.21046893298625946,38000,70.29616920212847,165.7433957990861,137.9255986686298,124.51631278260781,119.05818163299553,19.31,61.0,0.52,4.71
LCII,1991-07-26,0.19133535027503967,0.19133535027503967,0.19133535027503967,0.19133535027503967,2400,76.91605899047883,166.85151969815058,138.83198652912517,124.84519750406969,119.373090537831,19.32,61.0,0.34,4.53
LCII,1991-07-29,0.24873588979244232,0.24873588979244232,0.24873588979244232,0.24873588979244232,800,105.32142714051574,174.92073525129322,144.78024445350525,128.620922503481,122.05298446788105,19.35,74.0,2.51,3.99
LCII,1991-07-30,0.21046893298625946,0.24873601171103388,0.21046893298625946,0.21046893298625946,22800,117.92640474890771,175.45806329772185,147.36763407961445,130.1735037869235,122.99520778935886,19.39,89.0,2.11,3.65
LCII,1991-07-31,0.21046893298625946,0.21046893298625946,0.21046893298625946,0.21046893298625946,0,117.92640474890771,175.45806329772185,147.36763407961445,129.51639485636446,122.99520778935886,19.43,88.5,1.76,3.65
LCII,1991-08-01,0.24873588979244232,0.24873588979244232,0.24873588979244232,0.24873588979244232,34000,126.2641293922725,178.3632786218908,148.20832760374265,130.31030175687533,124.1374250343443,19.49,91.0,2.22,3.56
LCII,1991-08-02,0.21046893298625946,0.21046893298625946,0.21046893298625946,0.21046893298625946,800,136.9549717727574,172.6960204915561,150.69921214351967,131.8429904336428,125.25247648477699,19.58,100.0,1.85,3.26
LCII,1991-08-05,0.21046893298625946,0.21046893298625946,0.21046893298625946,0.21046893298625946,0,136.9549717727574,161.55399301486747,146.86102489825254,131.8429904336428,125.25247648477699,19.64,83.0,1.54,3.63
LCII,1991-08-06,0.21046893298625946,0.21046893298625946,0.21046893298625946,0.21046893298625946,800,135.14286227428653,161.55399301486747,146.86102489825254,131.8429904336428,125.25247648477699,19.7,82.5,1.26,3.63
LCII,1991-08-07,0.21046893298625946,0.21046893298625946,0.21046893298625946,0.21046893298625946,0,135.14286227428653,158.74780110771246,146.86102489825254,131.8429904336428,125.25247648477699,19.72,82.0,1.01,3.63
LCII,1991-08-08,0.21046893298625946,0.21046893298625946,0.21046893298625946,0.21046893298625946,6800,135.14286227428653,155.1444850581459,146.86102489825254,131.8429904336428,125.25247648477699,19.73,81.5,0.78,3.63
LCII,1991-08-09,0.21046893298625946,0.21046893298625946,0.21046893298625946,0.21046893298625946,800,135.14286227428653,155.1444850581459,146.86102489825254,131.8429904336428,125.25247648477699,19.68,81.0,0.58,3.63
LCII,1991-08-12,0.21046893298625946,0.21046893298625946,0.21046893298625946,0.21046893298625946,1200,135.14286227428653,155.1444850581459,146.4473029756975,131.79057464330972,125.25247648477699,19.62,69.0,0.38,3.71
LCII,1991-08-13,0.21046893298625946,0.21046893298625946,0.21046893298625946,0.21046893298625946,400,135.14286227428653,155.1444850581459,146.4473029756975,131.73444689171913,125.25247648477699,19.56,68.5,0.2,3.71
LCII,1991-08-14,0.21046893298625946,0.21046893298625946,0.21046893298625946,0.21046893298625946,400,125.2329083402286,155.1444850581459,146.4473029756975,131.73444689171913,125.25247648477699,19.49,68.0,0.04,3.71
LCII,1991-08-15,0.21046893298625946,0.21046893298625946,0.21046893298625946,0.21046893298625946,0,125.2329083402286,155.1444850581459,146.4473029756975,131.73444689171913,125.25247648477699,19.41,67.5,-0.11,3.71
LCII,1991-08-16,0.21046893298625946,0.21046893298625946,0.21046893298625946,0.21046893298625946,3600,125.2329083402286,143.95931025814605,146.4473029756975,131.73444689171913,125.25247648477699,19.29,67.0,-0.24,3.71
LCII,1991-08-19,0.21046893298625946,0.21046893298625946,0.21046893298625946,0.21046893298625946,4000,125.2329083402286,130.3842788660851,146.4473029756975,131.73444689171913,125.03698837474515,19.17,66.5,-0.36,3.71
LCII,1991-08-20,0.21046893298625946,0.21046893298625946,0.21046893298625946,0.21046893298625946,0,125.2329083402286,116.85260776496578,146.4473029756975,131.73444689171913,125.03698837474515,19.03,66.0,-0.47,3.71
LCII,1991-08-21,0.21046893298625946,0.21046893298625946,0.21046893298625946,0.21046893298625946,0,125.2329083402286,113.22420241811164,146.4473029756975,130.17085491560707,125.03698837474515,18.89,65.5,-0.57,3.71
LCII,1991-08-22,0.21046890383181366,0.22003567218780518,0.21046890383181366,0.22003567218780518,13600,125.68844661162548,113.46411319478213,146.58232508570055,128.63858638724645,125.11834249273303,18.73,73.0,-0.67,3.68
LCII,1991-08-23,0.22003573604992457,0.26786959171295166,0.22003573604992457,0.26786959171295166,7600,136.9986770360647,119.8343188132246,148.32562295896872,130.684543576737,126.44584209681724,18.61,90.0,-0.34,3.51
LCII,1991-08-26,0.26786959171295166,0.26786959171295166,0.26786959171295166,0.26786959171295166,0,136.9986770360647,119.8343188132246,148.32562295896872,130.684543576737,126.22675033599373,18.47,89.5,-0.18,3.51
LCII,1991-08-27,0.22960245609283447,0.22960245609283447,0.22960245609283447,0.22960245609283447,6000,142.6115961356315,118.41657047715096,150.4766504485776,132.00234450566754,127.16810834089503,18.34,99.0,-0.31,3.25
LCII,1991-08-28,0.22960245609283447,0.22960245609283447,0.22960245609283447,0.22960245609283447,0,142.6115961356315,118.41657047715096,148.85311948592948,132.00234450566754,127.16810834089503,18.19,95.0,-0.42,3.46
LCII,1991-08-29,0.21046893298625946,0.21046893298625946,0.21046893298625946,0.21046893298625946,400,145.1410717170772,112.58326682472868,149.57244163565295,132.4240581068717,127.4632594362523,18.01,98.0,-0.5,3.36
LCII,1991-08-30,0.21046893298625946,0.21046893298625946,0.21046893298625946,0.21046893298625946,400,145.1410717170772,112.58326682472868,149.57244163565295,132.4240581068717,127.4632594362523,17.82,97.5,-0.57,3.36
LCII,1991-09-03,0.22003570266745306,0.22003570266745306,0.21046893298625946,0.21046893298625946,5600,145.1410717170772,111.86014791719121,149.57244163565295,132.4240581068717,127.24204320879488,17.62,97.0,-0.63,3.36
LCII,1991-09-04,0.26786955107342114,0.26786955107342114,0.21046893298625946,0.21046893298625946,2400,145.1410717170772,111.86014791719121,149.57244163565295,132.4240581068717,127.24204320879488,17.4,96.5,-0.69,3.36
LCII,1991-09-05,0.21046893298625946,0.21046893298625946,0.21046893298625946,0.21046893298625946,0,145.1410717170772,111.86014791719121,149.57244163565295,132.4240581068717,127.02993015901947,17.17,96.0,-0.74,3.36
LCII,1991-09-06,0.22960245609283447,0.22960245609283447,0.22960245609283447,0.22960245609283447,10800,144.7025562388135,113.06293840669379,150.14220675271847,132.8073428983995,127.33212886591434,16.92,98.0,-0.81,3.25
LCII,1991-09-09,0.22960245609283447,0.22960245609283447,0.22960245609283447,0.22960245609283447,0,141.68662582470816,113.06293840669379,150.14220675271847,132.62581078250994,127.33212886591434,16.66,97.5,-0.87,3.25
LCII,1991-09-10,0.22960245609283447,0.22960245609283447,0.22960245609283447,0.22960245609283447,0,119.04333046183038,112.45241249321313,150.14220675271847,132.41716565421757,127.33212886591434,16.38,97.0,-0.92,3.25
LCII,1991-09-11,0.22960245609283447,0.22960245609283447,0.22960245609283447,0.22960245609283447,0,108.36479449194529,112.45241249321313,150.14220675271847,132.41716565421757,127.33212886591434,16.08,96.5,-0.96,3.25
LCII,1991-09-12,0.22960245609283447,0.22960245609283447,0.22960245609283447,0.22960245609283447,4000,108.36479449194529,112.45241249321313,150.14220675271847,132.41716565421757,127.33212886591434,15.76,96.0,-1.0,3.25
LCII,1991-09-13,0.22960245609283447,0.22960245609283447,0.22960245609283447,0.22960245609283447,0,96.54681336621621,112.45241249321313,150.14220675271847,131.87451007933683,127.33212886591434,15.42,95.5,-1.04,3.25
LCII,1991-09-16,0.22960245609283447,0.2870030701160431,0.22960245609283447,0.2870030701160431,4400,104.70452760567419,120.86371804793107,154.00711406628812,134.34647350032222,129.27809043829131,15.1,100.0,-0.81,2.88
LCII,1991-09-17,0.22960245609283447,0.22960245609283447,0.22960245609283447,0.22960245609283447,4000,124.68596176637095,129.99635612249028,158.28950896067116,135.11255536894913,131.19946457457266,14.8,100.0,-0.85,2.58
LCII,1991-09-18,0.22960245609283447,0.22960245609283447,0.22960245609283447,0.22960245609283447,400,124.68596176637095,129.15466265801,158.28950896067116,134.90775623553196,130.98651978827235,14.47,99.5,-0.89,2.58
LCII,1991-09-19,0.22960245609283447,0.22960245609283447,0.22960245609283447,0.22960245609283447,0,124.68596176637095,129.15466265801,158.28950896067116,134.90775623553196,130.77851564667088,14.01,99.0,-0.92,2.58
LCII,1991-09-20,0.2870030701160431,0.2870030701160431,0.2870030701160431,0.2870030701160431,4000,140.0597223820051,136.4658071728694,162.0281142634426,137.4156195650894,132.46833704781596,13.44,100.0,-0.79,2.27
LCII,1991-09-23,0.2870030701160431,0.2870030701160431,0.2870030701160431,0.2870030701160431,0,140.0597223820051,136.4658071728694,161.8902679785257,137.17777445617386,132.25768193448636,12.81,99.0,-0.71,2.28
LCII,1991-09-24,0.3061366081237793,0.3061366081237793,0.3061366081237793,0.3061366081237793,4000,140.89231417452774,136.8728085648376,162.13692232597822,137.17777445617386,132.41227563137315,12.12,100.0,-0.51,2.24
LCII,1991-09-25,0.3061366081237793,0.3061366081237793,0.3061366081237793,0.3061366081237793,10000,140.89231417452774,136.8728085648376,160.0393520362945,137.17777445617386,132.16318798882256,11.44,97.0,-0.38,2.43
LCII,1991-09-26,0.26786959171295166,0.26786959171295166,0.26786959171295166,0.26786959171295166,800,147.0994905636594,135.44612814795693,161.6434376538421,138.1370623102335,132.84756268561338,10.71,97.0,-0.43,2.27
LCII,1991-09-27,0.26786959171295166,0.26786959171295166,0.26786959171295166,0.26786959171295166,0,147.0994905636594,135.44612814795693,161.6434376538421,137.17777445617386,132.84756268561338,9.88,96.5,-0.48,2.27
LCII,1991-09-30,0.2678695321083069,0.2870030701160431,0.2678695321083069,0.2870030701160431,47200,148.12734666351713,136.02269367243258,155.6447224440458,137.3932351231509,133.02340897388817,9.3,91.0,-0.53,2.48
LCII,1991-10-01,0.3061366081237793,0.3061366081237793,0.3061366081237793,0.3061366081237793,2400,148.91483871429088,136.4923993757057,148.59463119765599,137.5773238315031,133.17556841939722,8.93,71.0,-0.49,2.54
LCII,1991-10-02,0.26786959171295166,0.3061366762433733,0.26786959171295166,0.26786959171295166,10000,154.80066253068028,139.60101312497983,150.3208939473217,138.5439112756764,133.85476710214198,8.54,87.0,-0.54,2.36
LCII,1991-10-03,0.3061366081237793,0.3061366081237793,0.3061366081237793,0.3061366081237793,20000,158.9794322395718,141.9624216238035,149.8471313561244,139.3899753481676,133.24610368167214,8.19,80.0,-0.53,2.41
LCII,1991-10-04,0.3061366081237793,0.3061366081237793,0.3061366081237793,0.3061366081237793,0,158.72467304998472,141.9624216238035,147.57498227855663,139.3899753481676,132.00867931829748,7.89,58.0,-0.53,2.62
LCII,1991-10-07,0.26786959171295166,0.26786959171295166,0.26786959171295166,0.26786959171295166,4800,153.9362440507667,144.95377515428217,149.31303402875062,140.34407912871495,132.69385090312292,7.55,74.0,-0.58,2.44
LCII,1991-10-08,0.32527013077880396,0.32527013077880396,0.3157033622264862,0.3157033622264862,20000,161.1334266107675,148.4656499708843,151.33999477981945,141.62126122725599,132.42321110726743,7.2,89.0,-0.56,2.2
LCII,1991-10-09,0.2870030701160431,0.2870030701160431,0.2870030701160431,0.2870030701160431,400,156.91538289627022,148.66209137224806,152.25569208510043,140.86082493872297,132.44646042935855,6.81,89.0,-0.62,2.11
LCII,1991-10-10,0.2870030701160431,0.2870030701160431,0.2870030701160431,0.2870030701160431,1200,156.91538289627022,148.66209137224806,152.25569208510043,140.86082493872297,130.88624859240596,6.39,88.5,-0.67,2.11
LCII,1991-10-11,0.2870030701160431,0.2965698391199112,0.2870030701160431,0.2870030701160431,75600,154.3701323598343,148.66209137224806,152.25569208510043,140.86082493872297,130.88624859240596,5.89,88.0,-0.73,2.11
LCII,1991-10-14,0.2870030701160431,0.2870030701160431,0.2870030701160431,0.2870030701160431,0,154.3701323598343,148.66209137224806,145.5619556167592,140.86082493872297,130.88624859240596,5.64,21.0,-0.79,2.27
LCII,1991-10-15,0.2870030701160431,0.2870030701160431,0.2870030701160431,0.2870030701160431,0,154.3701323598343,148.66209137224806,137.72621312581686,140.86082493872297,130.88624859240596,5.57,1.0,-0.85,2.15
LCII,1991-10-16,0.3061366081237793,0.3061366081237793,0.3061366081237793,0.3061366081237793,6000,155.12593633729418,149.12444589157968,130.61128184245118,141.03487072605685,131.0352446934444,5.8,1.0,-0.88,2.06
LCII,1991-10-17,0.3444036841392517,0.3444036841392517,0.2870030701160431,0.2870030701160431,27600,156.69723800577745,149.85401594753364,129.17393001224735,141.2765009660825,131.20535955098043,6.08,1.0,-0.92,2.19
LCII,1991-10-18,0.3252701461315155,0.3252701461315155,0.2870030701160431,0.2870030701160431,14400,155.01787671727953,148.71712017401387,129.17393001224735,140.99583430394037,131.20535955098043,6.34,1.5,-0.95,2.19
LCII,1991-10-21,0.3444037437438965,0.3444037437438965,0.3444037437438965,0.3444037437438965,16000,163.0555667914883,151.56223895646826,132.10920564728565,142.5529824461547,130.93901291145082,6.51,4.0,-0.84,1.9
LCII,1991-10-22,0.2870030701160431,0.2870030701160431,0.2870030701160431,0.2870030701160431,400,172.64887981893463,147.2487959212988,135.56616148020657,144.2767444979458,132.22931501984203,6.6,5.0,-0.88,1.71
LCII,1991-10-23,0.3252701461315155,0.3252701461315155,0.3252701461315155,0.3252701461315155,28400,175.95955881122813,145.04842659481722,133.57754725860497,144.97837014063217,131.24519237345743,6.74,5.0,-0.89,1.79
LCII,1991-10-24,0.3444036841392517,0.3444036841392517,0.2870030701160431,0.3061366081237793,10400,177.18019710962793,145.70855894440834,134.00362953634632,145.1871202124128,131.3968272270732,6.86,6.0,-0.92,1.75
LCII,1991-10-25,0.3061366081237793,0.3061366081237793,0.3061366081237793,0.3061366081237793,800,177.18019710962793,141.80366372962837,130.09731096527472,145.1871202124128,131.3968272270732,7.07,3.0,-0.96,1.94
LCII,1991-10-28,0.30613666110568577,0.3444037437438965,0.30613666110568577,0.3444037437438965,17200,168.5672587925651,139.16501248268355,131.24533293850706,145.79754451230878,131.90320386616588,7.23,5.0,-0.92,1.77
LCII,1991-10-29,0.3061365672520229,0.3444036381585257,0.3061365672520229,0.3348368704319,13600,154.40530321722747,139.35560579551148,131.0293484643183,143.855299434219,131.93918017185874,7.4,5.0,-0.92,1.82
LCII,1991-10-30,0.3444036841392517,0.3444036841392517,0.3252701461315155,0.3252701461315155,35200,154.83842604475558,139.55084437373674,131.15780081144152,143.9085134637226,131.42329630581784,7.55,6.0,-0.94,1.81
LCII,1991-10-31,0.34440363049507144,0.38267070055007935,0.34440363049507144,0.38267070055007935,13600,160.8280110423081,143.118943206207,133.4175984536863,142.8991451984956,132.38748131535868,7.65,9.0,-0.71,1.58
LCII,1991-11-01,0.38267070055007935,0.38267070055007935,0.38267070055007935,0.38267070055007935,16000,148.50898286964656,143.118943206207,133.4175984536863,140.87699196844108,132.38748131535868,7.75,9.5,-0.57,1.58
LCII,1991-11-04,0.38267070055007935,0.38267070055007935,0.38267070055007935,0.38267070055007935,0,148.50898286964656,143.118943206207,133.4175984536863,140.87699196844108,132.38748131535868,7.85,10.0,-0.48,1.58
LCII,1991-11-05,0.3444037437438965,0.3444037437438965,0.3444037437438965,0.3444037437438965,1600,151.1857495892051,145.0480689571645,134.3662343278706,141.48087837637212,132.83503066783743,7.93,14.0,-0.54,1.51
LCII,1991-11-06,0.4209378673916771,0.4209378673916771,0.36353724911099383,0.4018043279647827,35200,157.314942072655,148.08403025526732,136.343163891238,142.58316398763867,133.56805179920119,7.98,16.0,-0.4,1.31
LCII,1991-11-07,0.36353724788535724,0.4209378659725189,0.36353724788535724,0.4209378659725189,45600,151.68746124654635,148.24623221904255,136.45929070531565,142.6647589358809,133.63649562028775,8.03,17.0,-0.18,1.29
LCII,1991-11-08,0.4209378659725189,0.4209378659725189,0.40180432661013166,0.4209378659725189,40800,151.68746124654635,148.24623221904255,136.45929070531565,142.6647589358809,133.63649562028775,8.08,17.5,-0.07,1.29
LCII,1991-11-11,0.45920491218566895,0.45920491218566895,0.45920491218566895,0.45920491218566895,400,152.33262986081007,149.02703974870127,136.99312336244014,142.98761618130706,133.46284871392172,8.12,19.0,0.28,1.21
LCII,1991-11-12,0.4592048835754394,0.47833842039108276,0.4592048835754394,0.47833842039108276,12800,151.82568834072373,149.10971239236048,137.06304551502186,143.04465441116355,133.01394610733013,8.16,20.0,0.63,1.2
LCII,1991-11-13,0.44007137417793274,0.47833845019340515,0.44007137417793274,0.45920491218566895,25600,146.22532681798754,149.50388374042728,136.78001417405895,143.15159480790786,133.08975637352657,8.2,19.0,0.65,1.23
LCII,1991-11-14,0.49747195950260864,0.5166054964065552,0.4592048856947157,0.5166054964065552,19200,145.21152398803505,151.00743205957627,137.79921066182794,143.75798313054574,133.57346268902944,8.23,23.0,1.07,1.11
LCII,1991-11-15,0.47833842039108276,0.554872567653656,0.47833842039108276,0.47833842039108276,6400,147.7064845136997,152.04129055670225,138.52100680247398,143.13527266130896,133.8214764355356,8.26,28.0,0.99,1.04
LCII,1991-11-18,0.5357391834259033,0.5357391834259033,0.5357391834259033,0.5357391834259033,6000,143.41930680893367,148.6594051553225,139.4355101792157,143.68350024637928,134.2642180443759,8.27,37.0,1.23,0.94
LCII,1991-11-19,0.4783385566302708,0.5357391834259033,0.4783385566302708,0.5357391834259033,2400,137.13077661349442,148.6594051553225,139.4355101792157,143.68350024637928,134.2642180443759,8.29,37.5,1.28,0.94
LCII,1991-11-20,0.5357390308380127,0.5357390308380127,0.47833842039108276,0.47833842039108276,2800,138.51279624200134,146.94139790579368,140.86134305640445,144.39297789405617,134.7816012951408,8.29,39.0,1.06,0.84
LCII,1991-11-21,0.4783385566302708,0.5357391834259033,0.4783385566302708,0.5357391834259033,10800,141.1710823469026,148.36702408979573,139.1537944913763,144.9364482396937,135.17749535177478,8.3,37.0,0.98,0.91
LCII,1991-11-22,0.47833842039108276,0.47833842039108276,0.47833842039108276,0.47833842039108276,7200,146.34855212068285,149.228771276544,140.545067447161,144.86245138248302,135.6471914734712,8.3,40.0,0.75,0.81
LCII,1991-11-25,0.47833842039108276,0.47833842039108276,0.47833842039108276,0.47833842039108276,2000,146.34855212068285,149.228771276544,140.545067447161,144.86245138248302,135.6471914734712,8.29,40.5,0.55,0.81
LCII,1991-11-26,0.4783384177995765,0.4783384177995765,0.44007134437561035,0.44007134437561035,36000,149.15983538175894,150.52804322906724,141.3205105587321,143.01287246618526,135.9310701736732,8.3,43.0,0.38,0.75
LCII,1991-11-27,0.44007134437561035,0.44007134437561035,0.44007134437561035,0.44007134437561035,2400,148.44009035901777,150.52804322906724,141.3205105587321,143.01287246618526,135.9310701736732,8.3,43.5,0.22,0.75
LCII,1991-11-29,0.44007137417793274,0.45920491218566895,0.44007137417793274,0.45920491218566895,16400,146.87250883933086,150.63224707895765,141.41005228615086,143.0721055329508,135.98451311867052,8.3,45.0,0.06,0.74
LCII,1991-12-02,0.44007134437561035,0.44007134437561035,0.44007134437561035,0.44007134437561035,400,147.78215696993863,150.25324136892738,141.6463896196073,143.19106875169953,136.06478860545118,8.28,45.0,-0.07,0.72
LCII,1991-12-03,0.44007134437561035,0.44007134437561035,0.44007134437561035,0.44007134437561035,4000,138.946767561619,150.25324136892738,141.6463896196073,143.19106875169953,135.02003563613098,8.26,44.5,-0.19,0.72
LCII,1991-12-04,0.44007137417793274,0.47833845019340515,0.44007137417793274,0.45920491218566895,18000,126.92216635946903,150.3751672265584,141.7357254726585,143.03154252905986,133.92220488359322,8.24,45.0,-0.32,0.7
LCII,1991-12-05,0.4209378659725189,0.4209378659725189,0.4209378659725189,0.4209378659725189,2800,125.90921140042451,151.712026455732,141.72439293455892,143.46005034729882,134.2329449229188,8.22,44.0,-0.41,0.73
LCII,1991-12-06,0.4209378659725189,0.4209378659725189,0.4209378659725189,0.4209378659725189,7600,124.22784744566788,151.712026455732,141.72439293455892,143.46005034729882,134.2329449229188,8.21,43.5,-0.5,0.73
LCII,1991-12-09,0.47833842039108276,0.47833842039108276,0.47833842039108276,0.47833842039108276,2000,128.7221777267604,153.59869293528735,142.99053610335793,144.17581766824094,134.8020503889185,8.19,45.0,-0.6,0.61
LCII,1991-12-10,0.4209378659725189,0.4209378659725189,0.4209378659725189,0.4209378659725189,1200,131.31706315687407,149.8093592587548,144.62961714498638,145.0548160661267,135.4496671758957,8.17,45.0,-0.67,0.52
LCII,1991-12-11,0.4209378099441528,0.47833842039108276,0.4209378099441528,0.47833842039108276,6400,135.43767556456,143.9964890844214,145.87054540914625,145.7627525077453,136.01368175458705,8.15,47.0,-0.76,0.42
LCII,1991-12-12,0.47833845019340515,0.47833845019340515,0.42093783617019653,0.45920491218566895,20000,135.79102307268772,144.38710728750166,146.07961008303124,145.8706229146985,136.08854548899333,8.13,47.0,-0.85,0.4
LCII,1991-12-13,0.4209378659725189,0.4209378659725189,0.4209378659725189,0.4209378659725189,400,130.84372915163252,145.77889011699142,146.8632738735665,146.29081487547128,136.39435015830404,8.11,61.0,-0.9,0.35
LCII,1991-12-16,0.4209378659725189,0.45920494469729334,0.4209378659725189,0.4209378659725189,30800,130.84372915163252,138.85910854950427,146.19690561680773,146.29081487547128,136.39435015830404,8.08,46.0,-0.95,0.41
LCII,1991-12-17,0.38267070055007935,0.38267070055007935,0.38267070055007935,0.38267070055007935,4400,133.9244884825792,140.4113731461637,146.19690561680773,145.99576446249952,136.75504396015683,8.06,45.5,-0.98,0.41
LCII,1991-12-18,0.3826707342396612,0.4783384177995765,0.3826707342396612,0.44007134437561035,81600,135.99447905770913,142.60757382052705,141.97896462651403,146.86115568648094,137.43024451066904,8.07,39.0,-1.04,0.22
LCII,1991-12-19,0.44007134437561035,0.44007134437561035,0.44007134437561035,0.44007134437561035,26400,128.7621652676119,142.60757382052705,139.25531586075874,146.86115568648094,137.31397314156504,8.08,26.0,-1.09,0.31
LCII,1991-12-20,0.4400713467597961,0.47833842039108276,0.4400713467597961,0.47833842039108276,7600,130.27826742008108,140.45187338656083,139.77101142319867,146.20377139642522,137.389158693791,8.09,29.0,-1.14,0.26
LCII,1991-12-23,0.4400713467597961,0.47833842039108276,0.4018042731285095,0.47833842039108276,90800,130.27826742008108,140.45187338656083,137.43469423443898,146.20377139642522,137.389158693791,8.12,22.0,-1.2,0.38
LCII,1991-12-24,0.47833842039108276,0.47833842039108276,0.4209378099441528,0.47833842039108276,7600,127.89465441354125,139.91778340765376,134.5927953127618,146.20377139642522,137.389158693791,8.16,15.0,-1.24,0.48
LCII,1991-12-26,0.47833842039108276,0.47833842039108276,0.47833842039108276,0.47833842039108276,0,127.3462307843036,139.43835227696607,134.5927953127618,146.20377139642522,137.00062533086893,8.22,15.5,-1.28,0.48
LCII,1991-12-27,0.47833848405968055,0.47833848405968055,0.4209378659725189,0.4209378659725189,11200,132.17538191602716,139.19699165507427,136.31012658408864,147.07064980549367,137.58515931754997,8.25,18.0,-1.3,0.38
LCII,1991-12-30,0.4209377706050873,0.4400713056325913,0.38267070055007935,0.38267070055007935,120400,129.67367982254305,138.246896527549,137.26981429259507,147.56024435396517,136.62169076829173,8.28,25.0,-1.3,0.31
LCII,1991-12-31,0.44007137417793274,0.47833845019340515,0.3826707601547241,0.45920491218566895,91200,139.44592400945314,143.0049379119356,140.08993582757128,149.028393658112,137.6350507888438,8.28,35.0,-1.32,0.2
LCII,1992-01-02,0.45920491218566895,0.45920491218566895,0.45920491218566895,0.45920491218566895,0,135.14847878944911,139.9966372107717,140.08993582757128,149.028393658112,137.6350507888438,8.29,35.5,-1.35,0.2
LCII,1992-01-03,0.4209378659725189,0.47833848405968055,0.4209378659725189,0.4209378659725189,26400,137.19828872754135,137.54017082126182,140.89193347344627,149.43970691795553,137.93742692773364,8.29,40.0,-1.35,0.15
LCII,1992-01-06,0.4209378659725189,0.4209378659725189,0.4209378659725189,0.4209378659725189,0,133.5232042464049,135.95513689788467,140.89193347344627,149.43970691795553,137.76627845887845,8.29,40.5,-1.36,0.15
LCII,1992-01-07,0.47833842259866216,0.5166054964065552,0.4209378118868227,0.5166054964065552,148000,142.8299641440091,141.89305460276123,144.34394950916572,151.2703263662761,139.08988767612198,8.29,52.0,-1.36,0.06
LCII,1992-01-08,0.5357390354419577,0.5931396463821674,0.4974719614818178,0.5548725724220276,220800,140.2429969676995,142.43702724460027,144.6761567332121,151.45663280575786,139.24846358606683,8.28,54.0,-1.32,0.03
LCII,1992-01-09,0.5931396782398224,0.6314067542552948,0.5740061402320862,0.5740061402320862,34800,140.48306644518092,142.49476663541725,144.71842412372905,151.45368582004494,139.2772375125056,8.28,55.0,-1.26,0.02
LCII,1992-01-10,0.6314067203423073,0.6314067203423073,0.5548725724220276,0.5548725724220276,124800,138.4624980128581,142.78125168189524,144.8782285396813,151.53164937621122,138.6354333732892,8.28,56.0,-1.25,0.01
LCII,1992-01-13,0.6122732162475586,0.6122732162475586,0.5740061402320862,0.5740061402320862,216800,138.646605947958,142.42808107331666,144.9204369940923,151.56048184778516,138.6630338402954,8.27,57.0,-1.22,0.0
LCII,1992-01-14,0.6122732162475586,0.6122732162475586,0.5740061402320862,0.6122732162475586,147600,139.2558671823343,141.98020331265414,145.16863350734903,151.70548872236407,138.78618566163482,8.27,58.0,-1.11,-0.02
LCII,1992-01-15,0.650540292263031,0.650540292263031,0.5931396782398224,0.650540292263031,65200,139.1092004168531,142.29316382475733,145.28706371066897,151.82862098658313,138.89210574157383,8.27,59.0,-0.92,-0.03
LCII,1992-01-16,0.6122732162475586,0.6696738302707672,0.6122732162475586,0.6122732162475586,93600,140.70313682367333,138.6562653302288,142.62565379670983,151.9620192932942,139.0518071873591,8.26,51.0,-0.9,0.03
LCII,1992-01-17,0.6122731345040457,0.6696737408638,0.6122731345040457,0.6696737408638,40000,142.2721041856317,133.69127367447078,143.2017019533095,152.26153660201692,139.30131395572337,8.24,53.0,-0.75,-0.02
LCII,1992-01-20,0.6696738584621532,0.707940936088562,0.6314067808357444,0.707940936088562,148400,139.57533387328147,131.97211845166322,140.96610551334962,151.11676774217136,139.38654861621197,8.22,42.0,-0.51,0.04
LCII,1992-01-21,0.7079410288068984,0.7270745701260037,0.688807487487793,0.688807487487793,142400,140.0958572624017,131.35504589502455,141.08886075487428,151.17732597995385,139.42651076379036,8.21,43.0,-0.43,0.03
LCII,1992-01-22,0.7222911741090636,0.7270742654800415,0.6888071988758288,0.7270742654800415,72000,136.58533149563473,131.58457633963525,140.3701891313357,151.26253789805563,138.56995312920887,8.19,37.0,-0.28,0.07
LCII,1992-01-23,0.7270742654800415,0.7270742654800415,0.6888071988758288,0.7270742654800415,49600,129.915884849164,129.83505270812427,140.3701891313357,147.62052389175165,138.56995312920887,8.17,37.5,-0.2,0.07
LCII,1992-01-24,0.7270742654800415,0.7270742654800415,0.6888071988758288,0.7270742654800415,39600,125.7598550238026,129.58668840409112,140.3701891313357,143.3530684215311,138.56995312920887,8.15,38.0,-0.16,0.07
LCII,1992-01-27,0.7270745701260037,0.7270745701260037,0.688807487487793,0.688807487487793,40800,126.3185291254216,130.0342832917193,140.7536056339863,143.5501241493363,138.70405952196018,8.13,42.0,-0.22,0.04
LCII,1992-01-28,0.6792405085904257,0.7270743472235544,0.6696737408638,0.6696737408638,31200,123.36613907821786,126.46148292113185,140.88499020211694,142.58954305801487,138.74715952014037,8.11,44.0,-0.3,0.03
LCII,1992-01-29,0.7079409062862396,0.7079409062862396,0.650540292263031,0.650540292263031,12400,123.96675497644627,126.69212067475573,140.50687028858766,141.3376732371975,138.79211225653606,8.08,40.0,-0.37,0.07
LCII,1992-01-30,0.6505404048495823,0.688807487487793,0.6505404048495823,0.688807487487793,42800,120.04350654719107,127.06270168462335,140.69188477201163,141.44457660503636,138.88132084026165,8.05,43.0,-0.44,0.05
LCII,1992-01-31,0.688807487487793,0.688807487487793,0.6505404048495823,0.688807487487793,72400,114.59660469223107,124.79872908665557,140.69188477201163,141.44457660503636,138.68983637095891,8.02,43.5,-0.5,0.05
LCII,1992-02-03,0.6888072763170514,0.6888072763170514,0.6505402054105486,0.6696737408638,34000,115.2048720928612,121.449350570922,140.8188961627833,141.51174705540942,138.73229323934748,7.99,46.0,-0.57,0.04
LCII,1992-02-04,0.6888074417636818,0.7079409818126731,0.6696739017146907,0.6983742117881775,135600,113.65214202130718,121.39203475913169,140.89524644769432,141.55794602376474,138.77546584697967,7.96,51.0,-0.62,0.03
LCII,1992-02-05,0.688807487487793,0.7079410288068984,0.688807487487793,0.688807487487793,83200,113.85530280813376,121.46587512974791,140.93997377030055,141.5811121079897,138.78915269945185,7.92,52.0,-0.68,0.03
LCII,1992-02-06,0.6696736655737224,0.7462077987821478,0.6696736655737224,0.7270742654800415,110000,114.43062863436498,120.73844189860164,136.96099070434926,137.77679953229116,138.86787543736548,7.86,23.0,-0.72,0.03
LCII,1992-02-07,0.7270742654800415,0.7462077987821478,0.7079407321779352,0.7270742654800415,100400,114.43062863436498,120.54922833552848,131.80509656969653,133.19433036414912,138.86787543736548,7.76,8.0,-0.77,-0.13
LCII,1992-02-10,0.7462080137149707,0.7462080137149707,0.707940936088562,0.707940936088562,169600,107.05665729801038,120.34423843257407,131.93238598386318,129.1071249062933,138.90698617755385,7.65,9.0,-0.82,-0.13
LCII,1992-02-11,0.746207849888862,0.7653413845013969,0.7079407806637922,0.7557746171951294,69200,102.39371143829992,118.75659139327743,132.1983408881836,128.1681054108417,137.56495347631622,7.53,11.0,-0.85,-0.16
LCII,1992-02-12,0.7653413845013969,0.7653413845013969,0.7079407806637922,0.7557746171951294,53600,90.65573973920026,117.4914512007199,127.7951884378411,128.1681054108417,137.56495347631622,7.36,1.0,-0.88,-0.22
LCII,1992-02-13,0.7653413320842541,0.7653413320842541,0.7270742654800415,0.7270742654800415,6400,91.9571067110749,115.76809730877349,128.0174359178095,128.29078609786407,135.95467238437178,7.18,2.0,-0.92,-0.23
LCII,1992-02-14,0.7270744152558156,0.7462079524993896,0.7270744152558156,0.7462079524993896,70000,86.7126786628657,115.84169189164312,127.7399127588172,128.30081227970012,134.46870268638727,6.97,1.0,-0.96,-0.21
LCII,1992-02-18,0.7270742654800415,0.7653413320842541,0.7270742654800415,0.7270742654800415,59200,87.53238894152493,113.37066187957423,127.85253571725977,126.47234538317338,134.50597809117036,6.81,3.0,-1.01,-0.22
LCII,1992-02-19,0.7270744152558156,0.7653414897429638,0.7270744152558156,0.7462079524993896,20800,67.45073146191139,111.264550685459,125.82869231864362,126.48563428983692,134.5190711309982,6.61,1.0,-1.04,-0.16
LCII,1992-02-20,0.7653413320842541,0.7653413320842541,0.7270742654800415,0.7270742654800415,100400,65.91335035844943,108.68951022951315,125.95003454953351,124.23817561398558,134.55633258248736,6.38,2.0,-1.09,-0.17
LCII,1992-02-21,0.7270742654800415,0.7653413320842541,0.7270742654800415,0.7270742654800415,26800,65.5320732000497,108.68951022951315,125.60297823478291,124.23817561398558,134.55633258248736,6.32,1.0,-1.12,-0.13
LCII,1992-02-24,0.7653413320842541,0.7653413320842541,0.7270742654800415,0.7270742654800415,33600,64.38032359405528,107.0597972134835,125.29790463179711,124.04030277434823,134.55633258248736,6.4,1.0,-1.16,-0.09
LCII,1992-02-25,0.7270744152558156,0.7557747211211767,0.7270744152558156,0.7462079524993896,32000,64.15461858815182,107.10541810366546,123.23211361656357,124.05180240466149,134.56942072303463,6.49,1.0,-1.19,-0.04
LCII,1992-02-26,0.7270742654800415,0.7462077987821478,0.7270742654800415,0.7270742654800415,94400,62.660561366712166,107.10372361825145,121.76278926699186,124.11685978311482,134.6066682368875,6.61,1.0,-1.22,0.07
LCII,1992-02-27,0.7270743413404984,0.7462078766389326,0.7270743413404984,0.7366411089897156,82800,60.519509475710244,106.59521996561175,121.75683381627731,124.11313045315913,134.6069871067326,6.75,1.0,-1.24,0.06
LCII,1992-02-28,0.7270744152558156,0.7462079524993896,0.7270744152558156,0.7462079524993896,60000,57.35067024503686,106.58362826577923,119.60007766225576,124.10922007521883,134.6071710883321,6.91,1.0,-1.27,0.13
LCII,1992-03-02,0.7462080137149707,0.7462080137149707,0.707940936088562,0.707940936088562,52800,54.189719914803305,107.08033668014325,117.4254565220211,124.1475797907737,134.00532703490808,7.07,1.0,-1.29,0.22
LCII,1992-03-03,0.7175075736912814,0.7653414119373668,0.7079408060420643,0.7366411089897156,143200,53.00746031616539,105.45487677165335,116.35095008869611,124.19827416018676,134.0445752084491,7.22,1.0,-1.32,0.27
LCII,1992-03-04,0.7462080137149707,0.7462080137149707,0.707940936088562,0.707940936088562,45200,53.70467246251357,105.91847503459284,116.60365194717579,124.32653948922321,134.12359633980756,7.35,2.0,-1.34,0.26
LCII,1992-03-05,0.7079407321779352,0.7270742654800415,0.7079407321779352,0.7270742654800415,31600,51.90517997857086,103.04718996111895,116.62793694755365,124.34088768711445,134.13691833102132,7.46,3.0,-1.36,0.25
LCII,1992-03-06,0.7079407321779352,0.7462077987821478,0.7079407321779352,0.7270742654800415,115600,51.90517997857086,99.16106286489533,116.62793694755365,124.34088768711445,134.13691833102132,7.66,3.5,-1.39,0.25
LCII,1992-03-09,0.7462077987821478,0.7462077987821478,0.7079407321779352,0.7270742654800415,84000,51.90517997857086,96.03533428946956,116.62793694755365,124.34088768711445,133.53271388882888,7.9,4.0,-1.41,0.25
LCII,1992-03-10,0.7462080137149707,0.7462080137149707,0.707940936088562,0.707940936088562,1200,49.9975470377426,95.77789256250642,116.4267913266106,124.10756299132153,133.57173517441598,8.12,2.0,-1.42,0.28
LCII,1992-03-11,0.707940936088562,0.7175077054951642,0.707940936088562,0.707940936088562,122800,49.2343584441571,93.760448177761,115.84718199811621,124.10756299132153,131.83888635661307,8.34,1.0,-1.45,0.33
LCII,1992-03-12,0.7079409062862396,0.7270744442939758,0.650540292263031,0.650540292263031,104400,54.60088770587402,95.67604760522632,116.7887608886454,124.59493121516505,132.15411113987187,8.53,8.0,-1.47,0.26
LCII,1992-03-13,0.6314067542552948,0.650540292263031,0.6314067542552948,0.650540292263031,18800,51.84489874320546,93.27577795090681,113.40620573963054,124.59493121516505,132.15411113987187,8.8,1.0,-1.46,0.34
LCII,1992-03-16,0.6314068635304769,0.688807487487793,0.6314068635304769,0.688807487487793,12800,54.60088770587402,89.79506149438946,109.57122708227693,124.72418525556324,132.2491757819358,9.17,1.0,-1.5,0.19
LCII,1992-03-17,0.6696738302707672,0.6696738302707672,0.6314067542552948,0.650540292263031,16400,56.51336720857662,90.75698849787042,108.45758842727147,124.96354209726125,132.40208268501024,9.55,1.0,-1.5,0.3
LCII,1992-03-18,0.6409734930052902,0.6696737986622435,0.6314067244529724,0.6314067244529724,60000,55.59835650570655,89.6204664195455,108.07904444096724,123.31707037433273,132.27771837913747,9.92,1.0,-1.52,0.33
LCII,1992-03-19,0.6314067244529724,0.6314067244529724,0.6314067244529724,0.6314067244529724,800,55.51710228180319,89.6204664195455,108.07904444096724,123.31707037433273,132.27771837913747,10.26,1.5,-1.55,0.33
LCII,1992-03-20,0.6696737986622435,0.6696737986622435,0.6314067244529724,0.6314067244529724,4800,52.843262856080145,89.6204664195455,106.62001915465409,123.31707037433273,132.27771837913747,10.63,1.0,-1.55,0.47
LCII,1992-03-23,0.6696737986622435,0.6696737986622435,0.6314067244529724,0.6314067244529724,78800,52.843262856080145,89.6204664195455,106.48348387742206,123.31707037433273,132.27771837913747,10.98,1.0,-1.56,0.48
LCII,1992-03-24,0.6314067244529724,0.6314067244529724,0.6314067244529724,0.6314067244529724,15600,52.443747034045195,85.27424746379263,106.33799492927962,123.31707037433273,132.27771837913747,11.31,1.0,-1.59,0.49
LCII,1992-03-25,0.6314067244529724,0.6409734930052902,0.6314067244529724,0.6314067244529724,27200,48.199140889436066,82.59668810991027,103.36155217856293,123.31707037433273,132.27771837913747,11.71,1.0,-1.58,0.62
LCII,1992-03-26,0.6314067244529724,0.6314067244529724,0.6314067244529724,0.6314067244529724,800,48.199140889436066,74.22092256784852,103.36155217856293,123.31707037433273,132.27771837913747,12.09,1.5,-1.56,0.62
LCII,1992-03-27,0.6314066699572972,0.6696737408638,0.6314066699572972,0.6696737408638,8800,50.673569488942775,75.01652986165544,103.71044777563543,123.46502279608367,132.38106654665776,12.44,3.0,-1.55,0.56
LCII,1992-03-30,0.6314067244529724,0.6314067244529724,0.6314067244529724,0.6314067244529724,8400,52.42887052745439,73.73119458136944,102.70158911394269,123.71169248704655,132.54023742760955,12.8,1.0,-1.58,0.61
LCII,1992-03-31,0.6314065989695097,0.7653413320842541,0.6314065989695097,0.7270742654800415,111600,67.08576971077144,78.68150506915914,102.24172488471761,124.18190290006366,132.61518678702572,13.14,1.0,-1.57,0.59
LCII,1992-04-01,0.765341552528175,0.765341552528175,0.707940936088562,0.707940936088562,12400,67.04953345844794,67.61478587099474,102.16222528190609,124.24439833441161,132.6544779701997,13.47,1.0,-1.55,0.62
LCII,1992-04-02,0.707940936088562,0.765341552528175,0.707940936088562,0.707940936088562,6400,66.65564532769788,66.19725686147943,102.16222528190609,124.24439833441161,132.6544779701997,13.78,1.5,-1.52,0.62
LCII,1992-04-03,0.707940936088562,0.7270744749017664,0.707940936088562,0.707940936088562,21200,66.65564532769788,65.90848156931885,101.31883503595978,124.24439833441161,131.9135672364708,14.09,1.0,-1.5,0.75
LCII,1992-04-06,0.707940936088562,0.7270744749017664,0.707940936088562,0.707940936088562,26400,66.65564532769788,65.45149130779969,101.1516670319599,124.24439833441161,131.9135672364708,14.39,1.0,-1.47,0.78
LCII,1992-04-07,0.7462080137149707,0.7462080137149707,0.707940936088562,0.707940936088562,24400,66.1692932561278,65.15941099490954,100.8993056916155,124.24439833441161,131.9135672364708,14.68,1.0,-1.43,0.8
LCII,1992-04-08,0.6696738584621532,0.707940936088562,0.6505403196489489,0.707940936088562,106800,65.7701337011851,63.90735227908162,99.24700271528354,124.24439833441161,131.9135672364708,14.99,1.0,-1.41,0.99
LCII,1992-04-09,0.6888071988758288,0.7270742654800415,0.6888071988758288,0.7270742654800415,21600,66.13792800561684,62.958261509471356,98.47815399079445,123.82437028305779,131.9271123964682,15.29,1.0,-1.37,1.05
LCII,1992-04-10,0.688807487487793,0.688807487487793,0.688807487487793,0.688807487487793,800,67.79168239553765,62.694090049145046,97.33437902073003,123.44071425925078,132.0654500753298,15.59,1.0,-1.34,1.21
LCII,1992-04-13,0.7270744291941326,0.7270744291941326,0.7175076603889465,0.7175076603889465,24000,67.21408286165975,60.54107857002487,97.52308593957808,119.71862775628328,132.10836685661513,15.87,2.0,-1.32,1.17
LCII,1992-04-14,0.6888073407686673,0.7462079524993896,0.6888073407686673,0.7462079524993896,14000,67.18785881759602,60.00370412932079,95.88728980125963,117.99921998875806,132.1467285499729,16.16,1.0,-1.27,1.26
LCII,1992-04-15,0.7653414897429638,0.7653414897429638,0.7270744152558156,0.7462079524993896,31200,66.1016593559939,59.71426054278498,94.28592057701904,117.99921998875806,132.1467285499729,16.47,1.0,-1.24,1.48
LCII,1992-04-16,0.7462077987821478,0.7462077987821478,0.7270742654800415,0.7270742654800415,91200,66.13841493645721,58.94333554837555,92.53868156723227,116.51496758005841,132.18570416732692,16.79,1.0,-1.18,1.62
LCII,1992-04-20,0.7270742654800415,0.7462077987821478,0.7270742654800415,0.7270742654800415,44000,66.13841493645721,58.94333554837555,92.53868156723227,114.68498729155523,132.18570416732692,17.09,1.5,-1.11,1.62
LCII,1992-04-21,0.7366410321310947,0.7462077987821478,0.7270742654800415,0.7270742654800415,53600,66.13841493645721,58.94333554837555,91.47071412888802,114.68498729155523,132.18570416732692,17.39,1.0,-1.03,1.75
LCII,1992-04-22,0.7462078766389326,0.7462078766389326,0.7270743413404984,0.7366411089897156,33600,65.74774090364349,57.90984827292453,91.47598802257806,114.68436565425337,132.15657594627305,17.67,2.0,-0.95,1.74
LCII,1992-04-23,0.707940936088562,0.707940936088562,0.707940936088562,0.707940936088562,12800,66.8174663348268,58.20754466158717,91.55222557453462,114.81463855638594,132.236305126946,17.93,3.0,-0.85,1.77
LCII,1992-04-24,0.707940936088562,0.7462080137149707,0.707940936088562,0.707940936088562,14800,61.826829129600156,57.87345878810001,91.24617083078867,114.81463855638594,132.236305126946,18.17,1.0,-0.74,1.81
LCII,1992-04-27,0.7462080137149707,0.7462080137149707,0.707940936088562,0.707940936088562,2400,61.826829129600156,56.69522496406161,91.24617083078867,114.81463855638594,132.236305126946,18.4,1.5,-0.62,1.81
LCII,1992-04-28,0.7079410288068984,0.7079410288068984,0.688807487487793,0.688807487487793,23600,60.204650122312955,56.98198469453622,91.184167379173,114.8830266638467,132.27813782876981,18.61,1.0,-0.49,1.85
LCII,1992-04-29,0.688807487487793,0.688807487487793,0.688807487487793,0.688807487487793,1200,57.71686481240884,56.67878643644955,90.01082674675811,114.8830266638467,132.21426224180823,18.83,1.0,-0.35,1.99
LCII,1992-04-30,0.688807487487793,0.688807487487793,0.688807487487793,0.688807487487793,20400,56.93265823626893,56.01515996026454,90.01082674675811,114.8830266638467,132.21426224180823,19.02,1.5,-0.2,1.99
LCII,1992-05-01,0.7270745701260037,0.7270745701260037,0.688807487487793,0.688807487487793,8400,56.93265823626893,55.94378858637795,87.82868422541316,114.8830266638467,131.22872420425756,19.23,1.0,-0.04,2.33
LCII,1992-05-04,0.6888071988758288,0.7270742654800415,0.6888071988758288,0.7270742654800415,26800,58.818574261049385,55.94378858637795,85.6162138432913,115.01742309708706,131.31066653783853,19.44,1.0,0.13,2.42
LCII,1992-05-05,0.7270745701260037,0.7270745701260037,0.688807487487793,0.688807487487793,2800,61.232041404758,57.03054167646505,83.84970839079011,115.24069252559748,131.45217900153563,19.65,1.0,0.33,2.74
LCII,1992-05-06,0.6888071988758288,0.7270742654800415,0.6888071988758288,0.7270742654800415,6800,62.98936417244406,57.866550515037304,83.92173658127422,115.3746723255478,128.48850475457357,19.83,2.0,0.55,2.65
LCII,1992-05-07,0.7270744749017664,0.7270744749017664,0.6888073972753576,0.707940936088562,140800,63.63328027671169,56.51361499541431,82.7840641666693,115.44021367854656,125.10159281024265,20.0,1.0,0.79,2.83
LCII,1992-05-08,0.6888074417636818,0.7270745218616642,0.6888074417636818,0.6983742117881775,330000,63.826024751707585,56.57116651516684,82.83397255866034,115.37757022493761,125.11687261388506,20.16,2.0,1.06,2.83
LCII,1992-05-11,0.688807487487793,0.7079410288068984,0.688807487487793,0.688807487487793,106000,61.7784428717317,56.09604363223863,81.31652593735083,113.15683761760181,124.26024470419523,20.32,1.0,1.22,3.06
LCII,1992-05-12,0.6888071988758288,0.7270742654800415,0.6888071988758288,0.7270742654800415,20000,60.94578956930076,56.959666484471796,78.82478056951336,113.30228285323271,123.29837152376457,20.57,1.0,1.54,3.4
LCII,1992-05-13,0.688807487487793,0.7270745701260037,0.688807487487793,0.688807487487793,52800,47.83385858400249,57.7826952600494,79.37777515006542,111.92681294761096,123.44906900439794,20.81,2.0,1.91,3.28
LCII,1992-05-14,0.6888073972753576,0.707940936088562,0.6888073972753576,0.707940936088562,37200,47.958097710836185,57.811697541870764,78.45341519255852,111.95272537148308,123.46362978515457,21.04,1.0,2.33,3.57
LCII,1992-05-15,0.7270742654800415,0.7270742654800415,0.6888071988758288,0.7270742654800415,144800,48.57693135004921,57.84221441485569,78.53367153443719,111.4262332046914,123.47677548022094,21.28,2.0,2.8,3.52
LCII,1992-05-18,0.6983741666819597,0.707940936088562,0.6888073972753576,0.707940936088562,188000,49.229841785991255,58.0998393292682,78.68382225512526,111.49409565581148,123.52144813049455,21.52,3.0,3.36,3.49
LCII,1992-05-19,0.6888073972753576,0.707940936088562,0.6888073972753576,0.707940936088562,52800,49.229841785991255,58.0998393292682,78.68382225512526,111.49409565581148,123.52144813049455,21.74,3.5,4.02,3.49
LCII,1992-05-20,0.707940936088562,0.7270744749017664,0.707940936088562,0.707940936088562,69200,49.229841785991255,57.838616058469896,75.7991382439519,111.49409565581148,120.27071231792614,21.98,1.0,4.7,3.8
LCII,1992-05-21,0.7270742654800415,0.7270742654800415,0.7079407321779352,0.7270742654800415,70000,49.832885182568084,57.86911873616604,74.13710666294594,111.51605146050105,116.614666124522,22.22,1.0,4.66,4.06
LCII,1992-05-22,0.7079407321779352,0.7270742654800415,0.7079407321779352,0.7270742654800415,52400,49.229841785991255,57.80497009556681,68.56591843019183,111.11041791628382,113.16840440164258,22.51,1.0,5.46,4.04
LCII,1992-05-26,0.7079408915837606,0.7270744291941326,0.7079408915837606,0.7175076603889465,32400,46.690224456133855,57.79984928476076,68.62073004052522,111.13221477987685,112.3135003632798,22.78,2.0,6.39,4.04
LCII,1992-05-27,0.707940936088562,0.707940936088562,0.707940936088562,0.707940936088562,14000,45.3335702911232,56.84402833895604,67.10124887091278,111.15432547049203,112.32951215574221,23.03,1.0,6.02,4.38
LCII,1992-05-28,0.707940936088562,0.707940936088562,0.707940936088562,0.707940936088562,8000,43.74879858205493,56.23757969129629,67.10124887091278,111.15432547049203,112.32951215574221,23.26,1.5,2.27,4.38
LCII,1992-05-29,0.707940936088562,0.707940936088562,0.707940936088562,0.707940936088562,0,43.74879858205493,55.64472703193704,58.97899631253568,111.15432547049203,112.32951215574221,23.59,1.0,1.58,0.97
LCII,1992-06-01,0.7079410288068984,0.7079410288068984,0.688807487487793,0.688807487487793,24000,43.819152840191855,55.641194606147636,58.14653561422578,111.22328776736614,110.79001584158765,23.88,1.0,1.48,1.14
LCII,1992-06-02,0.688807487487793,0.688807487487793,0.688807487487793,0.688807487487793,17200,43.819152840191855,55.641194606147636,57.9241181162557,108.18537553992473,110.79001584158765,24.15,1.0,1.57,1.22
LCII,1992-06-03,0.7270745701260037,0.7270745701260037,0.688807487487793,0.688807487487793,34000,43.819152840191855,55.641194606147636,57.64120770970425,104.73120661891193,108.95929577637338,24.39,1.0,0.78,1.27
LCII,1992-06-04,0.688807487487793,0.7079410288068984,0.688807487487793,0.688807487487793,49200,43.59678574562745,55.381524475301745,57.41683273956152,104.73120661891193,108.95929577637338,24.59,1.0,0.1,1.36
LCII,1992-06-05,0.6888071988758288,0.7270742654800415,0.6888071988758288,0.7270742654800415,14400,45.03842949488693,56.497765635443855,57.149122044247946,104.88212110608595,108.8835434885052,24.77,1.0,0.12,1.4
LCII,1992-06-08,0.688807487487793,0.688807487487793,0.688807487487793,0.688807487487793,800,47.77408638530168,54.86024161215449,57.04001097420503,101.90382120960241,109.04975439175296,24.91,1.0,0.25,1.5
LCII,1992-06-09,0.7270742654800415,0.7270742654800415,0.7270742654800415,0.7270742654800415,4000,50.36363223708255,55.92871754596484,56.81313331158402,102.06816190218842,109.15275237293773,25.07,1.0,0.2,1.44
LCII,1992-06-10,0.7270742654800415,0.7270742654800415,0.6888071988758288,0.7270742654800415,13200,49.64730828311898,54.72844728163836,55.03744115632324,101.82499244495713,109.15275237293773,25.22,1.0,0.3,1.68
LCII,1992-06-11,0.688807487487793,0.688807487487793,0.688807487487793,0.688807487487793,1600,52.22394216715093,54.5918508118457,55.01322771172846,102.06159787686443,109.31855396444057,25.38,1.0,0.27,1.77
LCII,1992-06-12,0.7270742654800415,0.7270742654800415,0.6888071988758288,0.7270742654800415,8000,54.524219760627965,55.27403387314256,55.50858303186206,100.89673750358241,109.26747561389692,25.49,3.0,0.29,1.6
LCII,1992-06-15,0.688807487487793,0.7270745701260037,0.688807487487793,0.688807487487793,14800,56.88036090096583,56.46993659904129,55.50858303186206,101.14109766589617,109.43183302020371,25.59,3.5,0.27,1.67
LCII,1992-06-16,0.688807487487793,0.7270745701260037,0.688807487487793,0.688807487487793,43200,54.524219760627965,56.46993659904129,55.50858303186206,100.85796957589115,109.43183302020371,25.66,4.0,0.24,1.67
LCII,1992-06-17,0.6888071988758288,0.7270742654800415,0.6888071988758288,0.7270742654800415,255600,54.524219760627965,57.48853013348217,56.181456869559874,100.77832274982723,109.53574090226536,25.69,6.0,0.24,1.47
LCII,1992-06-18,0.688807487487793,0.688807487487793,0.688807487487793,0.688807487487793,400,54.524219760627965,58.63928730636757,56.181456869559874,99.67525013052104,109.6996963812408,25.68,6.5,0.24,1.47
LCII,1992-06-19,0.6888071988758288,0.7270742654800415,0.6888071988758288,0.7270742654800415,21200,56.31621785363242,59.620830027828944,56.64664749871567,98.6738695890509,109.80335078212721,25.64,8.0,0.34,1.32
LCII,1992-06-22,0.746208111445109,0.746208111445109,0.688807487487793,0.688807487487793,15600,58.403401851470335,60.731197025068596,57.12051376981457,98.9180125884069,109.74061171914124,25.56,11.0,0.48,1.25
LCII,1992-06-23,0.688807487487793,0.688807487487793,0.688807487487793,0.688807487487793,1600,58.26642274819168,59.54180137342215,56.395230925038675,97.5470024756815,109.74061171914124,25.47,8.0,0.48,1.44
LCII,1992-06-24,0.688807487487793,0.746208111445109,0.688807487487793,0.688807487487793,32400,55.96866180419288,58.24538390552365,56.395230925038675,95.6949993019364,109.74061171914124,25.35,8.5,0.48,1.44
LCII,1992-06-25,0.688807487487793,0.688807487487793,0.688807487487793,0.688807487487793,400,53.730258692144695,50.45526937611009,56.21404571760631,94.95948799141193,109.74061171914124,25.2,8.0,0.56,1.47
LCII,1992-06-26,0.688807487487793,0.7079410288068984,0.688807487487793,0.688807487487793,41600,53.099277968610146,50.16876442394296,55.81529094972474,94.95948799141193,109.74061171914124,25.02,6.0,0.54,1.61
LCII,1992-06-29,0.765341552528175,0.765341552528175,0.707940936088562,0.707940936088562,66800,53.13267955071016,50.49260311994114,55.941664794515944,94.99506293196158,109.75921038133052,24.82,7.0,0.58,1.55
LCII,1992-06-30,0.7079408780122415,0.7462079524993896,0.7079408780122415,0.7462079524993896,6400,54.73697335515671,51.632352642726566,55.90727626118026,95.16000229983311,108.42966957107384,24.65,7.0,0.54,1.55
LCII,1992-07-01,0.7079407321779352,0.7462077987821478,0.7079407321779352,0.7270742654800415,2800,55.323918300492316,51.92480776999141,56.06220120030031,95.23001007638534,108.47476940976748,24.55,9.0,0.54,1.52
LCII,1992-07-02,0.707940936088562,0.707940936088562,0.707940936088562,0.707940936088562,14000,55.89807688110464,52.22133425275085,56.06220120030031,95.04072342344583,108.52164795834673,24.43,9.5,0.54,1.52
LCII,1992-07-06,0.707940936088562,0.707940936088562,0.707940936088562,0.707940936088562,2400,55.323918300492316,52.22133425275085,55.073289486464624,94.68532725684736,108.52164795834673,24.29,3.0,0.6,1.77
LCII,1992-07-07,0.7079407321779352,0.7462077987821478,0.7079407321779352,0.7270742654800415,17200,55.89807688110464,52.22133425275085,55.243792523596746,94.71800981598668,108.5405724465786,24.2,4.0,0.65,1.7
LCII,1992-07-08,0.7270744749017664,0.7270744749017664,0.707940936088562,0.707940936088562,7600,56.30832918629719,51.30353832067607,55.063854902581724,92.41486993394146,108.5874225871675,24.08,3.0,0.66,1.74
LCII,1992-07-09,0.7462079668045044,0.7462079668045044,0.7079408915837606,0.7175076603889465,69200,56.30832918629719,50.686361107008594,54.94750918817593,89.72183959458135,108.58875666755287,23.95,1.0,0.72,1.78
LCII,1992-07-10,0.707940936088562,0.707940936088562,0.707940936088562,0.707940936088562,30000,56.45180669250395,50.09119627307754,54.834756091092764,88.60225655960745,108.6040801098363,23.8,1.0,0.73,1.81
LCII,1992-07-13,0.7079408915837606,0.7175076603889465,0.7079408915837606,0.7175076603889465,90400,56.58569823700472,50.17670158146338,54.71792325026361,88.27070437152027,108.60541398560504,23.65,1.0,0.79,1.86
LCII,1992-07-14,0.707940936088562,0.707940936088562,0.707940936088562,0.707940936088562,67200,56.13120709309325,49.97165734897748,54.60469608382318,88.29511945020899,108.15932766542282,23.49,1.0,0.8,1.89
LCII,1992-07-15,0.7270745701260037,0.7270745701260037,0.688807487487793,0.688807487487793,10400,56.728474226483335,50.275794554944554,54.7742495237686,87.34232148204015,108.20722455896032,23.3,3.0,0.77,1.85
LCII,1992-07-16,0.7270745701260037,0.7270745701260037,0.688807487487793,0.688807487487793,4800,56.728474226483335,50.275794554944554,54.7742495237686,87.26048300871298,108.20722455896032,23.1,3.5,0.75,1.85
LCII,1992-07-17,0.688807487487793,0.688807487487793,0.688807487487793,0.688807487487793,800,56.728474226483335,50.1919209826545,54.60912531456829,87.1735394364958,108.20722455896032,22.92,2.0,0.77,1.92
LCII,1992-07-20,0.7270742654800415,0.7270742654800415,0.6888071988758288,0.7270742654800415,6400,56.728474226483335,50.787140909707716,55.14545756435447,85.32496507036461,108.31674492099823,22.73,12.0,0.77,1.74
LCII,1992-07-21,0.688807487487793,0.688807487487793,0.688807487487793,0.688807487487793,5200,56.728474226483335,52.00155468341685,55.766778449535714,85.59616306368638,108.47811186929799,22.51,17.0,0.78,1.63
LCII,1992-07-22,0.6888071988758288,0.7270742654800415,0.6888071988758288,0.7270742654800415,1200,56.728474226483335,53.18877661764262,56.401066012436864,85.80592673348458,108.5873590168545,22.31,28.0,0.82,1.45
LCII,1992-07-23,0.6888071988758288,0.7270742654800415,0.6888071988758288,0.7270742654800415,1600,56.728474226483335,52.871614637693696,55.772102466160646,84.82294218457108,108.21177651488945,22.13,18.0,0.8,1.57
LCII,1992-07-24,0.6888073972753576,0.7270744749017664,0.6888073972753576,0.707940936088562,23600,54.988424138615166,53.17264335413135,55.5716598213828,82.99993313027963,107.79034200615772,21.95,17.0,0.85,1.67
LCII,1992-07-27,0.7270744749017664,0.7270744749017664,0.6888073972753576,0.707940936088562,69200,52.62911352724714,53.17264335413135,55.212421985073455,82.84005314920422,104.65312056275971,21.75,13.0,0.85,1.75
LCII,1992-07-28,0.6888071988758288,0.7270742654800415,0.6888071988758288,0.7270742654800415,7200,50.70697918266613,53.44304711799652,55.212421985073455,82.88704514770828,103.25499608409842,21.53,13.5,0.85,1.75
LCII,1992-07-29,0.6888073972753576,0.7270744749017664,0.6888073972753576,0.707940936088562,30000,51.37401731161051,52.56665905700469,55.374482195876176,82.35530788034777,103.30217945937454,21.29,16.0,0.87,1.72
LCII,1992-07-30,0.707940936088562,0.707940936088562,0.707940936088562,0.707940936088562,2000,48.84041826345562,51.36505987367561,55.374482195876176,82.22876698830476,102.0107552448771,21.03,16.5,0.9,1.72
LCII,1992-07-31,0.707940936088562,0.707940936088562,0.707940936088562,0.707940936088562,0,46.16551022124046,50.135230807451094,55.212421985073455,82.06994590733092,100.5533617271684,20.75,14.0,0.9,1.75
LCII,1992-08-03,0.707940936088562,0.7270744749017664,0.707940936088562,0.707940936088562,13200,43.328410257048326,49.83645058031072,55.212421985073455,80.9139141674011,100.5533617271684,20.47,14.5,0.9,1.75
LCII,1992-08-04,0.7462079524993896,0.7462079524993896,0.7462079524993896,0.7462079524993896,400,42.98437999973066,50.90197127483344,54.149464856452376,80.59150336022724,100.66580259938985,20.15,1.0,1.07,1.68
LCII,1992-08-05,0.7462079524993896,0.7462079524993896,0.7462079524993896,0.7462079524993896,0,42.98437999973066,50.80795363652732,54.149464856452376,79.5050699344265,100.66580259938985,19.88,1.5,1.24,1.68
LCII,1992-08-06,0.707940936088562,0.707940936088562,0.707940936088562,0.707940936088562,800,45.878766681930095,50.78401542097377,54.07537299814741,79.76580562188717,100.82969037152318,19.66,1.0,1.29,1.79
LCII,1992-08-07,0.707940936088562,0.707940936088562,0.707940936088562,0.707940936088562,400,45.878766681930095,49.539196134864866,53.285592921644266,78.58642037148046,100.82969037152318,19.45,1.0,1.58,1.94
LCII,1992-08-10,0.707940936088562,0.707940936088562,0.707940936088562,0.707940936088562,800,45.878766681930095,49.21994205684663,53.058056116828425,77.46585029045086,100.82969037152318,19.23,1.0,1.86,1.99
LCII,1992-08-11,0.707940936088562,0.707940936088562,0.707940936088562,0.707940936088562,3600,45.18631116872053,48.905220650686886,53.058056116828425,76.25089954562438,100.82969037152318,18.99,1.5,2.15,1.99
LCII,1992-08-12,0.7462079524993896,0.7462079524993896,0.7462079524993896,0.7462079524993896,1600,45.18631116872053,49.7820039252611,53.68360266025479,76.48379085954595,100.94182343687766,18.76,4.0,2.28,1.77
LCII,1992-08-13,0.707940936088562,0.707940936088562,0.707940936088562,0.707940936088562,6400,47.137369180754305,50.976371398973995,54.371356738241296,76.08347567325588,101.10526379076263,18.5,8.0,2.5,1.64
LCII,1992-08-14,0.707940936088562,0.707940936088562,0.707940936088562,0.707940936088562,8000,46.49938117800541,50.976371398973995,54.371356738241296,76.08347567325588,101.10526379076263,18.23,8.5,2.59,1.64
LCII,1992-08-17,0.7270744749017664,0.7270744749017664,0.707940936088562,0.707940936088562,12400,46.49938117800541,50.67256014668261,54.371356738241296,75.93562036400454,101.10526379076263,17.99,9.0,2.42,1.64
LCII,1992-08-18,0.707940936088562,0.707940936088562,0.707940936088562,0.707940936088562,9600,45.8075691021812,50.67256014668261,54.371356738241296,75.74757284097188,101.10526379076263,17.74,9.5,1.65,1.64
LCII,1992-08-19,0.707940936088562,0.707940936088562,0.707940936088562,0.707940936088562,2000,45.150794718430184,50.602306366569735,53.578556758755326,75.74757284097188,101.10526379076263,17.48,4.0,1.92,1.88
LCII,1992-08-20,0.707940936088562,0.707940936088562,0.707940936088562,0.707940936088562,400,44.97127661752997,50.52747793582637,52.72558458567317,75.59906058174032,101.02798588268675,17.22,1.0,-0.63,2.04
LCII,1992-08-21,0.7079408915837606,0.7175076603889465,0.7079408915837606,0.7175076603889465,13200,44.97127661752997,50.602306366569735,47.76228745723649,74.85706001219877,99.17509149668098,17.0,1.0,-0.59,-0.28
LCII,1992-08-24,0.707940936088562,0.7270744749017664,0.707940936088562,0.707940936088562,29200,44.97127661752997,50.67955518881983,47.621048772447494,74.88138387419795,99.18948709064506,16.77,1.0,-0.59,-0.25
LCII,1992-08-25,0.707940936088562,0.707940936088562,0.707940936088562,0.707940936088562,0,44.802689143497524,50.35691877124561,47.621048772447494,73.39129589424964,97.91373046004676,16.52,1.5,-0.59,-0.25
LCII,1992-08-26,0.7270744749017664,0.7270744749017664,0.707940936088562,0.707940936088562,21600,44.04399591490093,50.35691877124561,47.621048772447494,71.74334835081683,97.91373046004676,16.26,2.0,-0.59,-0.25
LCII,1992-08-27,0.707940936088562,0.707940936088562,0.707940936088562,0.707940936088562,0,44.04399591490093,50.35691877124561,47.621048772447494,70.18667034921205,97.48322339964004,15.98,2.5,-0.59,-0.25
LCII,1992-08-28,0.7079408780122415,0.7462079524993896,0.7079408780122415,0.7462079524993896,17200,46.52216124463475,51.4797298619967,48.34875808068717,70.25175456452209,97.59920134267841,15.68,6.0,-0.63,-0.33
LCII,1992-08-31,0.7079407321779352,0.7270742654800415,0.7079407321779352,0.7270742654800415,8800,44.5812038905958,50.583460538608286,48.531452988934745,69.52190790769764,97.64717668577707,15.39,7.0,-0.68,-0.36
LCII,1992-09-01,0.707940936088562,0.707940936088562,0.707940936088562,0.707940936088562,6400,42.344902190444664,49.635388314633836,48.531452988934745,69.60985647683796,97.69706842803937,15.1,7.5,-0.63,-0.35
LCII,1992-09-02,0.707940936088562,0.707940936088562,0.707940936088562,0.707940936088562,0,39.23248071348482,48.36159390916105,47.75858725725967,68.62348978784092,97.69706842803937,14.81,5.0,-0.6,-0.3
LCII,1992-09-03,0.7462079524993896,0.7462079524993896,0.7079408780122415,0.7462079524993896,51600,42.191399748783844,49.570549786324996,48.050055089315556,66.94022088498637,97.46694096484214,14.5,7.0,-0.63,-0.31
LCII,1992-09-04,0.707940936088562,0.707940936088562,0.707940936088562,0.707940936088562,19600,44.28420303677595,49.504534061355585,48.37232361964333,67.26173234488174,97.63432921366251,14.2,9.0,-0.58,-0.29
LCII,1992-09-08,0.7462080137149707,0.7462080137149707,0.6888073972753576,0.707940936088562,14400,44.28420303677595,48.22728361541866,48.37232361964333,66.57266036391304,97.63432921366251,13.91,9.5,-0.54,-0.29
LCII,1992-09-09,0.7270745701260037,0.7270745701260037,0.688807487487793,0.688807487487793,4400,44.227335855990894,47.26081529486919,48.39190597021477,66.66415150215641,97.68534939569,13.64,11.0,-0.52,-0.29
LCII,1992-09-10,0.6888071988758288,0.7270742654800415,0.6888071988758288,0.7270742654800415,21600,46.41856406386513,48.5423512497016,49.162280960215824,66.94736915498669,97.810667784218,13.35,14.0,-0.52,-0.38
LCII,1992-09-11,0.7079407321779352,0.7270742654800415,0.7079407321779352,0.7270742654800415,27600,46.41856406386513,47.26081529486919,49.162280960215824,66.94736915498669,97.810667784218,13.06,14.5,-0.52,-0.38
LCII,1992-09-14,0.707940936088562,0.7270744749017664,0.707940936088562,0.707940936088562,16000,47.101402873348555,46.244674887161764,49.29787937401998,65.22636841385562,95.36566874268775,12.75,16.0,-0.43,-0.39
LCII,1992-09-15,0.707940936088562,0.707940936088562,0.707940936088562,0.707940936088562,8400,47.101402873348555,44.874736185401744,48.89256668379923,64.17266059932338,92.61025559004639,12.41,14.0,-0.43,-0.34
LCII,1992-09-16,0.7175076603889465,0.7175076603889465,0.7175076603889465,0.7175076603889465,3200,44.59733220572581,43.54195048963753,48.938977377609895,60.55338279150922,92.61348100312537,12.06,15.0,-0.45,-0.35
LCII,1992-09-17,0.7175076603889465,0.7175076603889465,0.7175076603889465,0.7175076603889465,0,44.59733220572581,43.54195048963753,48.938977377609895,60.55338279150922,92.61348100312537,11.69,15.5,-0.47,-0.35
LCII,1992-09-18,0.707940936088562,0.707940936088562,0.707940936088562,0.707940936088562,68400,42.05012773869681,43.63770120780338,48.78889151305739,59.641447609093575,89.99111169438329,11.28,14.0,-0.43,-0.33
LCII,1992-09-21,0.7079407321779352,0.7270742654800415,0.7079407321779352,0.7270742654800415,6400,42.754559595275936,43.966785767125074,48.96841526939866,59.706700800358306,90.019961382546,10.88,18.0,-0.45,-0.37
LCII,1992-09-22,0.707940936088562,0.7175077054951642,0.707940936088562,0.707940936088562,12400,43.49495866272709,44.32832748436528,49.158533993326685,54.77271544278657,89.8628920258717,10.45,19.0,-0.4,-0.4
LCII,1992-09-23,0.7270742654800415,0.7270742654800415,0.7270742654800415,0.7270742654800415,2000,44.176357391908425,44.30960304070107,49.33671273297854,54.22383625439281,89.89254566907941,10.05,23.0,-0.42,-0.44
LCII,1992-09-24,0.7270742654800415,0.7270742654800415,0.7270742654800415,0.7270742654800415,8400,41.36224127427841,42.95343020670202,48.584422419004305,54.08685175863533,88.83546452412506,9.69,14.0,-0.42,-0.36
LCII,1992-09-25,0.7270744291941326,0.7270744291941326,0.7079408915837606,0.7175076603889465,8000,38.557628072403745,42.70862081959133,47.85476153183819,53.95256924906958,88.85126832725881,9.36,7.0,-0.38,-0.31
LCII,1992-09-28,0.7270744749017664,0.7270744749017664,0.707940936088562,0.707940936088562,4400,38.76685730963037,42.443739150703216,47.12216497815603,53.84202444095922,88.62712366103236,9.01,1.0,-0.33,-0.23
LCII,1992-09-29,0.7270743310451507,0.7653414011001587,0.7270743310451507,0.7653414011001587,68400,44.87113546469924,45.35135917705235,48.53598218737119,54.08731152928317,88.72991558249097,8.66,16.0,0.23,-0.15
LCII,1992-09-30,0.7270742654800415,0.7270742654800415,0.7270742654800415,0.7270742654800415,8000,47.51410101543873,46.29332611691072,49.18470371242671,53.97834539634086,87.83008034979231,8.26,26.0,0.18,-0.21
LCII,1992-10-01,0.7270742654800415,0.7270742654800415,0.7270742654800415,0.7270742654800415,9200,47.51410101543873,45.9585677951313,49.13207732903579,53.48436463276733,86.86207914422752,7.88,23.0,0.18,-0.2
LCII,1992-10-02,0.7270742654800415,0.7270742654800415,0.7270742654800415,0.7270742654800415,1600,47.51410101543873,45.87892426077284,48.37660489490921,52.43382135863397,86.86207914422752,7.56,13.0,0.18,-0.11
LCII,1992-10-05,0.7270742654800415,0.7270742654800415,0.7270742654800415,0.7270742654800415,12800,47.36544065249074,45.79081421200617,47.593514215458626,52.0221591607787,85.76765581271066,7.21,2.0,0.18,-0.04
LCII,1992-10-06,0.7270743310451507,0.7844749361276627,0.7270743310451507,0.7653414011001587,124800,49.38984822529224,46.89370559146377,48.08536288051563,52.26819223566941,84.37984851097318,6.84,11.0,0.43,-0.09
LCII,1992-10-07,0.7844749361276627,0.7844749361276627,0.7462078660726548,0.7653414011001587,27600,49.38984822529224,46.79703354898421,47.90591577925775,51.87940496541583,83.79540429057715,6.44,10.0,0.58,-0.05
LCII,1992-10-08,0.7462080376488821,0.8227421953564598,0.7462080376488821,0.8036086559295654,99200,51.15939522882462,47.40237845256723,48.31199433323855,52.19586404472511,83.91460930810379,5.99,13.0,3.17,-0.11
LCII,1992-10-09,0.8227420488993327,0.8992761929829916,0.803608512878418,0.8610091209411621,99600,54.46524270969589,49.31291316791993,49.492914818683545,52.82014756179018,84.16413319301887,5.47,35.0,11.33,-0.18
LCII,1992-10-12,0.8610091209411621,0.8610091209411621,0.8610091209411621,0.8610091209411621,1600,52.70019341544757,49.31291316791993,49.492914818683545,52.41331619133022,84.16413319301887,5.02,35.5,10.98,-0.18
LCII,1992-10-13,0.8992763161659241,0.8992763161659241,0.880142777524096,0.8992763161659241,68000,53.02299784667568,48.89740271939333,49.77782329788901,52.53286297038425,84.25380903859447,4.58,37.0,11.83,-0.22
LCII,1992-10-14,0.8801426887512207,0.8801426887512207,0.8418756153272546,0.8801426887512207,28000,52.75791423861932,47.699543999640184,49.91807782364029,52.478893951253134,84.07773343985656,4.33,38.0,9.83,-0.24
LCII,1992-10-15,0.8418757319450378,0.8992763500321994,0.8418757319450378,0.8418757319450378,122000,54.82192645984444,47.563212356709315,50.4027106376718,52.343616272027894,83.9367557178469,4.05,39.0,8.08,-0.29
LCII,1992-10-16,0.8992763161659241,0.8992763161659241,0.8418757002404396,0.8992763161659241,100400,55.935528910005594,49.307311860852025,51.36654397497609,52.902646786081995,84.16191344225803,3.79,40.0,7.09,-0.36
LCII,1992-10-19,0.8992763161659241,0.8992763161659241,0.880142777524096,0.8992763161659241,81600,53.13221011121367,48.91071848505425,51.36654397497609,52.78522837974302,82.2481538196565,3.51,40.5,6.07,-0.36
LCII,1992-10-20,0.8992762070781779,1.0523444976446763,0.8992762070781779,1.0140774250030518,193200,62.201564881125684,54.38374575986382,54.65932773708633,54.41156978256513,80.92692628658578,3.46,57.0,8.91,0.37
LCII,1992-10-21,1.0523446798324585,1.0906117590990934,1.033211140199141,1.0523446798324585,131600,61.45603379705076,54.5933638826269,54.68649039408686,54.53520692549985,80.08878902354229,3.42,58.0,9.77,0.33
LCII,1992-10-22,1.0906117590990934,1.0906117590990934,1.0523446798324585,1.0523446798324585,21600,60.39125721063602,54.18039077714033,54.68649039408686,54.18755225741514,79.8216516010149,3.39,58.5,8.79,0.33
LCII,1992-10-23,1.0714781577127022,1.10974523477387,1.0523446191821182,1.0906116962432861,72000,60.64455275496749,54.487967206898766,54.9095192204262,54.33310094222904,79.87953231635812,3.36,64.0,8.12,0.26
LCII,1992-10-26,1.1097452044487,1.1671458184719086,1.0810448974370956,1.1480122804641724,198800,60.36438513869972,55.20763383577714,55.401775671280284,54.53158202610068,79.21128538324835,3.33,78.0,7.91,0.15
LCII,1992-10-27,1.1671456098556519,1.1671456098556519,1.1288785406800568,1.1671456098556519,78400,60.17074303604991,55.208525257541005,54.875361189392834,54.045025438651585,79.1507111361349,3.31,64.0,7.23,0.26
LCII,1992-10-28,1.1671457876593379,1.1671457876593379,1.1288787126541138,1.1288787126541138,9200,61.89124185089388,55.07282162088705,54.40661281969431,54.20967810049634,79.1706270292065,3.28,55.0,6.08,0.28
LCII,1992-10-29,1.1288787424564362,1.1671458184719086,1.1288787424564362,1.1480122804641724,26000,61.72623777900084,55.09059715551183,53.86908333405822,54.0170296887031,77.58382405507189,3.26,48.0,5.16,0.39
LCII,1992-10-30,1.1480120752678542,1.1671456098556519,1.1480120752678542,1.1671456098556519,59200,61.10696731638529,53.68838320791269,53.89730545000897,53.9708690714042,77.5921061311923,3.25,49.0,4.42,0.38
LCII,1992-11-02,1.1671458184719086,1.1671458184719086,1.1288787424564362,1.1480122804641724,118400,61.77143441039363,53.90438613482439,53.1795219940897,53.912280576647866,77.61917136355075,3.24,45.0,3.71,0.44
LCII,1992-11-03,1.1480120752678542,1.1862791444434495,1.1480120752678542,1.1671456098556519,62800,60.48095249602957,53.90529910815398,52.63088520683768,53.86603019443352,76.84248079349297,3.23,42.0,3.12,0.56
LCII,1992-11-04,1.1862793564796448,1.2245464324951172,1.1480122804641724,1.2245464324951172,150800,61.100771022073296,54.483153473592886,52.220914885510325,54.02679083729112,75.49311550643849,3.21,42.0,2.76,0.53
LCII,1992-11-05,1.2245464324951172,1.2245464324951172,1.205412894487381,1.2245464324951172,12000,61.100771022073296,53.75073606872706,52.220914885510325,54.02679083729112,75.3759087305572,3.19,42.5,2.38,0.53
LCII,1992-11-06,1.1671458184719086,1.2245464324951172,1.1671458184719086,1.2245464324951172,47200,60.64283018219571,52.265424676746576,51.649854710021884,54.02679083729112,75.3759087305572,3.17,42.0,2.0,0.68
LCII,1992-11-09,1.205412894487381,1.2436799705028534,1.1862793564796448,1.2245464324951172,100800,60.16484022677111,52.265424676746576,50.77603297019593,53.95795051973611,74.91740919595465,3.15,40.0,1.65,0.77
LCII,1992-11-10,1.1862793564796448,1.2436799705028534,1.1671458184719086,1.2245464324951172,33200,57.6327168988421,52.265424676746576,50.18853518760116,53.85068205795543,74.82654276347861,3.12,39.0,1.33,0.94
LCII,1992-11-11,1.224546370967742,1.224546370967742,1.186279296875,1.186279296875,39600,55.912183653926526,52.90348579367426,49.63957974077332,53.99239377981122,74.77779033699396,3.09,37.0,1.01,0.99
LCII,1992-11-12,1.2245464324951172,1.2245464324951172,1.1671458184719086,1.2245464324951172,4800,55.8641500202405,53.082768259387706,49.80665213472936,54.08874924384125,73.95112079732553,3.07,39.0,0.74,0.91
LCII,1992-11-13,1.1671456098556519,1.2245462136190446,1.1671456098556519,1.1671456098556519,6400,58.816664267206995,54.33268715695508,50.52572305836277,54.02467255098943,73.69137505568413,3.04,43.0,0.48,0.81
LCII,1992-11-16,1.1671456098556519,1.1671456098556519,1.1671456098556519,1.1671456098556519,8400,58.816664267206995,54.34861055090791,50.52572305836277,53.846227268431775,72.86299291688209,3.02,43.5,0.25,0.81
LCII,1992-11-17,1.1671456098556519,1.1671456098556519,1.1671456098556519,1.1671456098556519,800,57.99818777403581,54.190862754844005,50.52572305836277,53.611550908202446,72.86299291688209,2.99,44.0,0.04,0.81
LCII,1992-11-18,1.1671458184719086,1.205412894487381,1.1480122804641724,1.1480122804641724,81600,58.541845076109325,54.40487073054124,50.51729159815977,53.58418500787939,71.94743359330982,2.97,43.0,-0.15,0.85
LCII,1992-11-19,1.1288787126541138,1.1671457876593379,1.1288787126541138,1.1288787126541138,54400,58.19325514262863,54.61979449260285,50.045061903890506,53.632270566636834,71.12472417273963,2.94,41.0,-0.32,1.01
LCII,1992-11-20,1.0714781577127022,1.0906116962432861,1.0332110806515342,1.0906116962432861,58000,56.99908690924541,55.28275261679646,50.193437412993646,53.80932866508567,70.2622970828646,2.91,43.0,-0.46,0.98
LCII,1992-11-23,1.0140776005658236,1.071478219465776,1.0140776005658236,1.0523446798324585,73200,58.35215825610875,55.146255359023996,50.35474139678704,53.888402870163155,70.36969387181315,2.88,44.0,-0.57,0.96
LCII,1992-11-24,1.033211282321385,1.0906119091170174,1.033211282321385,1.0714783668518066,48800,57.41598440836072,54.80189092967323,50.39985451065409,53.92020071393504,69.84677082263964,2.86,45.0,-0.68,0.93
LCII,1992-11-25,1.0332109969237755,1.1097451448440552,1.0332109969237755,1.1097451448440552,104400,57.41674992318636,54.668595421146726,50.51328163924153,53.058353290396276,69.91707285966163,2.84,47.0,-0.79,0.89
LCII,1992-11-27,1.1097451751515015,1.1288787126541138,1.1097451751515015,1.1288787126541138,17600,55.287919522259344,54.68078370014795,50.30923229093516,53.08344194707729,69.82117497303236,2.82,44.0,-0.9,0.91
LCII,1992-11-30,1.1288787126541138,1.1288787126541138,1.1288787126541138,1.1288787126541138,800,52.708654470066755,53.89451586993332,50.29488388228499,52.692782938263335,69.66841854723573,2.8,44.0,-1.0,0.92
LCII,1992-12-01,1.0714781577127022,1.10974523477387,1.0714781577127022,1.0906116962432861,195600,54.069687892808794,53.16116530656291,50.596528343998834,52.39737825550953,69.77227320516299,2.78,54.0,-1.09,0.87
LCII,1992-12-02,1.0714783668518066,1.0906119091170174,1.0714783668518066,1.0714783668518066,103200,42.37261546365804,53.386853603673856,50.695134840068,52.310181818015266,69.69463986406296,2.76,55.0,-1.16,0.87
LCII,1992-12-03,1.0714777840508354,1.2628131026313418,1.0714777840508354,1.20541250705719,520000,53.26410427102317,57.532204835782764,53.734219726390556,54.04470063730044,70.03651925224878,2.75,70.0,-1.23,1.23
LCII,1992-12-04,1.2819468753678458,1.4158816235406058,1.2245462690080915,1.3393474817276,339600,60.717791643942974,60.137315865003906,55.77067686627895,55.36772432223002,70.7622088876216,2.77,98.0,-1.2,1.16
LCII,1992-12-07,1.3776147079467773,1.435015320777893,1.3584811703364055,1.435015320777893,196400,62.767230073577295,61.2895597765885,56.63006960246304,55.89373617265881,69.97359854077708,2.8,100.0,-1.01,0.94
LCII,1992-12-08,1.4350154109903284,1.4350154109903284,1.3967483333639195,1.415881872177124,474400,61.78603601960214,60.998229160560044,56.714379077745335,55.931708370732416,68.72781217601153,2.83,100.0,-0.94,0.93
LCII,1992-12-09,1.415881756024483,1.5115494422423534,1.415881756024483,1.4924159049987793,122800,63.14221723988853,61.52421679862595,56.68488923318954,56.218368116656826,67.78136858582512,2.85,99.0,-0.78,0.94
LCII,1992-12-10,1.492415699777724,1.5880833728403987,1.492415699777724,1.5115492343902588,480400,61.90884738766697,61.52390489458023,55.832827901668395,56.22332898135882,67.63314395706792,2.86,96.0,-0.66,1.02
LCII,1992-12-11,1.5306829794859276,1.5306829794859276,1.4924159049987793,1.4924159049987793,46000,62.20688105447331,61.68890011521009,55.43121620908272,55.89256831596137,67.02678213897903,2.84,93.0,-0.64,1.18
LCII,1992-12-14,1.4924159049987793,1.5115494422423534,1.4541488305116312,1.4924159049987793,76000,62.211624077532235,61.51179127471129,55.43121620908272,55.38583849276469,67.02678213897903,2.83,93.5,-0.65,1.18
LCII,1992-12-15,1.4924159336090088,1.4924159336090088,1.3776147079467773,1.435015320777893,78000,63.332767478335114,62.33696427695222,55.66172994712023,53.20493164550608,66.41572708264479,2.84,95.0,-0.72,1.15
LCII,1992-12-16,1.4350154109903284,1.4541489498035327,1.415881872177124,1.415881872177124,54400,63.55371904444736,62.05055147524639,55.745824610919726,53.12124611574739,65.05339114163652,2.84,95.0,-0.8,1.14
LCII,1992-12-17,1.4541488333446222,1.5689500570297241,1.4158817587829218,1.5689500570297241,128400,68.44475437383942,64.73707836297983,57.70136300923661,54.389948695984614,65.78574189034154,2.89,100.0,-0.76,1.01
LCII,1992-12-18,1.5689500539730756,1.5689500539730756,1.4732823677552052,1.4924159049987793,306800,70.4739238259839,65.9598087390808,58.17223286803379,54.76775103581038,65.54292280990191,2.94,100.0,-0.82,0.96
LCII,1992-12-21,1.4732820642621893,1.4732820642621893,1.454148530960083,1.454148530960083,134800,71.08460170977298,66.21889041980033,58.402691450979646,54.88153779381941,65.612324728163,3.0,100.0,-0.89,0.93
LCII,1992-12-22,1.4732820642621893,1.4732820642621893,1.454148530960083,1.454148530960083,20000,71.08460170977298,66.05768637508274,58.402691450979646,54.88153779381941,65.612324728163,3.05,99.5,-0.96,0.93
LCII,1992-12-23,1.435015320777893,1.4541488583882651,1.435015320777893,1.435015320777893,18400,71.28073175491399,64.80013821073615,58.48203873868007,54.91748861794039,65.63463176822562,3.11,100.0,-1.02,0.92
LCII,1992-12-24,1.4350149976579767,1.454148530960083,1.4158814643558704,1.454148530960083,10800,70.43714862644919,63.50945268132639,58.03316032972111,54.862169423257065,64.28420478131042,3.17,96.0,-1.08,1.06
LCII,1992-12-28,1.415881872177124,1.4541489498035327,1.3776147945507151,1.415881872177124,40000,70.67260367246035,63.95027375463586,58.26514594680241,54.54985460943114,63.57222850947986,3.23,97.0,-1.14,1.03
LCII,1992-12-29,1.377614974975586,1.4158820576137967,1.3584814336564806,1.377614974975586,195200,69.577271807994,64.39848709902311,57.749445063279616,54.49880840900634,61.11742538919882,3.27,94.0,-1.2,1.09
LCII,1992-12-30,1.3584813434783725,1.396748423576355,1.3584813434783725,1.396748423576355,49200,69.59691298026384,64.36307665428332,57.75047969172499,54.347829785106306,61.12311166503561,3.33,94.0,-1.24,1.07
LCII,1992-12-31,1.415881872177124,1.415881872177124,1.3584812557375108,1.415881872177124,54400,69.60693215022552,63.813454534225144,57.75011597758778,54.35939639110586,60.43641419476662,3.38,93.0,-1.29,1.06
LCII,1993-01-04,1.3967483333639195,1.415881872177124,1.3967483333639195,1.415881872177124,68000,69.29713865480139,63.813454534225144,57.75011597758778,54.24748474137683,60.43641419476662,3.43,92.5,-1.32,1.06
LCII,1993-01-05,1.415881872177124,1.415881872177124,1.3967483333639195,1.415881872177124,37200,68.96599963282657,63.33656234327313,57.292264113502114,54.24748474137683,57.005313034824056,3.47,89.0,-1.36,1.22
LCII,1993-01-06,1.4350149976579767,1.4924155975642956,1.4158814643558704,1.454148530960083,32400,67.99763064380089,62.22092093413709,56.59063582988805,54.31358841985895,56.64800974276325,3.49,85.0,-1.39,1.26
LCII,1993-01-07,1.4924155975642956,1.4924155975642956,1.454148530960083,1.454148530960083,38400,66.70528588823412,62.22092093413709,56.59063582988805,54.30436596986825,56.56867327123175,3.51,84.5,-1.41,1.26
LCII,1993-01-08,1.454148530960083,1.454148530960083,1.3967479310537638,1.454148530960083,55200,66.7397904332337,61.82051452867694,56.59063582988805,54.059038497505405,56.4439461029288,3.54,84.0,-1.43,1.26
LCII,1993-01-11,1.4541490437233284,1.4541490437233284,1.396748423576355,1.396748423576355,6800,67.8602637720868,62.32084728662165,57.08004655138371,54.310420129876114,56.534408542905155,3.57,88.0,-1.45,1.19
LCII,1993-01-12,1.3967482455571494,1.435015320777893,1.3967482455571494,1.435015320777893,10000,68.04102383680063,61.482182393175435,57.159346529100304,54.37808632692551,56.25173360768439,3.6,88.0,-1.46,1.14
LCII,1993-01-13,1.4541488583882651,1.4541488583882651,1.3967482455571494,1.435015320777893,43600,68.04102383680063,60.342572715882014,57.159346529100304,54.25238093574454,55.95825001109046,3.64,87.5,-1.47,1.14
LCII,1993-01-14,1.415881872177124,1.4541489498035327,1.415881872177124,1.415881872177124,73200,67.16642041649501,60.479125701072356,57.24215357532294,54.2898185535113,55.6162794409653,3.65,88.0,-1.48,1.15
LCII,1993-01-15,1.4541486620903015,1.5880834072828294,1.4541486620903015,1.5306828022003174,742400,69.57807042839164,57.67833665861497,58.249818532612494,54.988079475273885,55.446750709712646,3.67,96.0,-1.47,0.91
LCII,1993-01-18,1.5689502049641437,1.5880837440490725,1.511549587709358,1.5880837440490723,300400,62.463572221092214,57.673276385623254,58.418683530178704,55.1186406250376,55.30069747589713,3.69,99.0,-1.45,0.83
LCII,1993-01-19,1.588083218125736,1.6263502836227417,1.5689496853772333,1.6263502836227417,415600,55.653595193595415,57.75870542280599,58.45712893361944,54.85229331296379,55.253244538205635,3.71,99.0,-1.42,0.8
LCII,1993-01-20,1.6454839518900668,1.702884554862976,1.5880833489171575,1.702884554862976,288000,53.775385763572835,58.01257618124984,58.74566707008623,54.626074606800465,55.18472294856521,3.73,100.0,-1.36,0.69
LCII,1993-01-21,1.7028847302513561,1.7028847302513561,1.6072170487765607,1.664617657661438,176400,54.12946142340507,57.60387048852008,58.531118446114824,54.41082854646109,55.24545766613682,3.76,99.0,-1.33,0.8
LCII,1993-01-22,1.6646173491197476,1.6646173491197476,1.6263502836227417,1.6263502836227417,102000,52.82664677100512,57.87537650768625,58.49249926349629,54.384722357308576,55.308267930322074,3.78,98.0,-1.31,0.81
LCII,1993-01-25,1.664617987566216,1.683751527653184,1.62635090739228,1.645484447479248,345200,52.81057624543094,57.31684893786786,58.22932001360911,54.34773240270775,55.014892880569136,3.79,90.0,-1.29,0.83
LCII,1993-01-26,1.6837514004808791,1.8559532482573327,1.645484323197223,1.7985526323318481,784400,58.158288613833456,59.738352248723494,59.597270430736394,55.206704507143236,55.58263303591829,3.82,100.0,-1.21,0.62
LCII,1993-01-27,1.8368190064722176,1.8750860691070554,1.7794184125199608,1.8750860691070557,318400,59.018770643359076,60.121983046785765,59.41945850994591,55.071982804161266,55.61174890382272,3.84,99.0,-1.08,0.66
LCII,1993-01-28,1.8368196487426758,1.8750867247581482,1.7985525727272034,1.8368196487426758,250800,57.973174573672125,60.1987594566743,58.78492212237154,54.70567197574724,55.41167176408335,3.85,98.0,-1.02,0.71
LCII,1993-01-29,1.83681956025743,1.8559530973434448,1.7985524860854003,1.8559530973434448,208800,57.609977217357745,60.17397391633309,58.76515388652628,54.6465457838553,55.4140536755245,3.86,97.0,-0.96,0.71
LCII,1993-02-01,1.855953186750412,1.855953186750412,1.7985525727272034,1.8368196487426758,118400,50.52461775724492,59.69228840864758,58.55369638015435,54.61886269312104,55.33903303123417,3.87,95.0,-0.93,0.74
LCII,1993-02-02,1.85595339975859,1.85595339975859,1.7985527791474996,1.8176863193511963,186000,48.003113022937065,59.781428063355094,58.20723955126616,54.519566173236946,55.22621932470315,3.87,84.0,-0.91,0.87
LCII,1993-02-03,1.8368197096155046,1.8368197096155046,1.7985526323318481,1.7985526323318481,44800,47.29829197779951,59.87047238088723,58.273845199385654,54.54825156223689,55.216884302336254,3.88,87.0,-0.91,0.87
LCII,1993-02-04,1.83681956025743,1.8559530973434448,1.7985524860854003,1.8559530973434448,79200,47.763464504163835,60.072725258701865,58.09664831903307,54.632841999536986,55.05612136229189,3.88,81.0,-0.89,0.84
LCII,1993-02-05,1.83681956025743,1.8559530973434448,1.8176860231714151,1.8559530973434448,303200,47.40122143822212,60.072725258701865,58.09664831903307,54.577469199172704,55.05612136229189,3.87,80.5,-0.87,0.84
LCII,1993-02-08,1.8559530973434448,1.8559530973434448,1.8176860231714151,1.8559530973434448,14000,47.44322929223772,59.549692280136235,58.113462080041764,54.577469199172704,54.972872398394216,3.87,81.0,-0.86,0.85
LCII,1993-02-09,1.85595339975859,1.85595339975859,1.7794192389438028,1.8176863193511963,152800,47.100257125278475,59.60864934997709,58.29401824256685,54.62095783877412,54.67888433872028,3.86,87.0,-0.87,0.83
LCII,1993-02-10,1.7794189453125,1.817686019405242,1.7794189453125,1.7794189453125,80000,46.72874056663515,58.80935152951835,58.38520074491084,54.66647446100057,54.73386157887323,3.85,87.0,-0.87,0.82
LCII,1993-02-11,1.7794190347194672,1.8368196487426758,1.7794190347194672,1.8368196487426758,228400,47.191922271943966,59.00688461843865,58.42941103633662,54.75361047293678,54.64304252221981,3.84,90.0,-0.87,0.8
LCII,1993-02-12,1.8559530973434448,1.8559530973434448,1.7985524860854003,1.8559530973434448,59600,47.17455130988427,58.988407496517624,58.144702375748466,54.75322612154013,54.601366524045844,3.83,78.0,-0.87,0.83
LCII,1993-02-16,1.8176863082619599,1.855953388435896,1.645484447479248,1.645484447479248,615200,60.258555563990726,64.40217962521074,61.628829766553004,56.60956798004171,55.914968537336364,3.87,100.0,-0.87,1.39
LCII,1993-02-17,1.6454843907129195,1.6837514695667084,1.6072173118591309,1.6072173118591309,111600,60.81191359673722,64.51851141790715,61.821110283627064,56.706261508802626,55.932035790881244,3.9,100.0,-0.86,1.35
LCII,1993-02-18,1.6072170487765607,1.683751193956397,1.6072170487765607,1.664617657661438,81200,61.130210817931264,64.23390564386354,61.87579891882975,56.81715080028825,55.94729112324946,3.91,100.0,-0.86,1.31
LCII,1993-02-19,1.6263502836227417,1.6837508818682503,1.6263502836227417,1.6263502836227417,12400,61.64859804212802,63.92960018091267,61.98374753145879,56.911960048441415,56.00931433914366,3.9,100.0,-0.85,1.29
LCII,1993-02-22,1.626350845802914,1.6837514638900757,1.626350845802914,1.6837514638900757,45600,62.28260085866892,64.14036102220255,61.12074075818271,56.72151593963013,56.09678564165825,3.9,96.0,-0.85,1.45
LCII,1993-02-23,1.6837514638900757,1.6837514638900757,1.6837514638900757,1.6837514638900757,400,60.82168791056755,63.899107744758965,60.39466079459843,56.29250349025688,56.051639816730805,3.9,95.0,-0.85,1.58
LCII,1993-02-24,1.683751527653184,1.683751527653184,1.62635090739228,1.645484447479248,53600,61.062470100313035,64.1547847575594,60.58598752292442,56.084240604442726,56.03681207526646,3.89,95.0,-0.86,1.54
LCII,1993-02-25,1.626350845802914,1.6837514638900757,1.626350845802914,1.6837514638900757,4000,61.27637091908375,64.23161839060367,60.61700530481039,56.12400644001288,56.06304982500192,3.87,95.0,-0.88,1.52
LCII,1993-02-26,1.6837511698404948,1.7602853139241537,1.6263505617777507,1.7220182418823242,89600,61.204977724789835,63.731809180951245,60.642729034861794,55.725649010917735,56.087701630811104,3.83,95.0,-0.92,1.5
LCII,1993-03-01,1.7411518712197582,1.7794189453125,1.7411518712197582,1.7794189453125,82000,57.93648538975087,63.71529005764851,60.38188861009047,55.518870993373845,55.882174317475645,3.79,91.0,-0.96,1.58
LCII,1993-03-02,1.7411518407904583,1.7602853775024414,1.7411518407904583,1.7602853775024414,106400,57.306158525509474,59.608699434678606,60.44469685226891,55.10566660989152,55.78302443601159,3.75,92.0,-1.01,1.56
LCII,1993-03-03,1.7411514520645142,1.7794185169450527,1.7028843871839752,1.7411514520645142,335600,57.11684320379485,56.01093636532277,60.16994439183686,55.135386639920846,55.63323149393907,3.7,89.0,-1.04,1.67
LCII,1993-03-04,1.7028843871839752,1.7411514520645142,1.7028843871839752,1.7411514520645142,28000,55.593383762753,54.371849123216066,59.37343101620704,54.83038750429164,55.58597212237093,3.66,86.0,-1.06,1.89
LCII,1993-03-05,1.7028843871839752,1.7411514520645142,1.7028843871839752,1.7411514520645142,91200,55.1481094883616,54.26581451021316,59.37343101620704,54.38385294920156,55.58597212237093,3.62,85.5,-1.08,1.89
LCII,1993-03-08,1.7411518712197582,1.7794189453125,1.7028847971270162,1.7794189453125,560000,54.9345123125304,53.43233903298421,59.1335489772736,54.10832814478551,55.6148713015366,3.58,84.0,-1.1,1.98
LCII,1993-03-09,1.77941909369002,1.7985526323318481,1.7411520164063636,1.7985526323318481,477600,54.92150356834895,53.41795786508165,58.96154118110436,53.654198543797406,55.53649276017488,3.54,83.0,-1.13,2.01
LCII,1993-03-10,1.7985526323318481,1.7985526323318481,1.760285555048192,1.7985526323318481,78400,48.495295032467695,53.32240086466082,58.39084680735564,53.654198543797406,55.53649276017488,3.5,70.0,-1.21,2.14
LCII,1993-03-11,1.7602856987401059,1.8176863193511963,1.7602856987401059,1.8176863193511963,99200,46.98746427139293,53.34014035660552,57.63872277529484,53.6540031048905,54.828943481567585,3.47,51.0,-1.26,2.38
LCII,1993-03-12,1.7794192389438028,1.8176863193511963,1.7794192389438028,1.8176863193511963,40400,46.61931732475878,52.60573793949423,57.63872277529484,53.6540031048905,54.828943481567585,3.44,50.5,-1.33,2.38
LCII,1993-03-15,1.798552482358871,1.798552482358871,1.7794189453125,1.7794189453125,195200,46.88871126192946,52.7409209456282,54.880732475758364,53.743092674322114,54.62722748129413,3.44,30.0,-1.34,2.45
LCII,1993-03-16,1.7794189453125,1.7794189453125,1.7794189453125,1.7794189453125,13200,46.8127839803528,48.553190020305756,54.655501597129295,53.6820309660474,54.28517346094927,3.44,27.0,-1.34,2.56
LCII,1993-03-17,1.8176861709736765,1.8368197096155046,1.77941909369002,1.7985526323318481,139200,46.84489730168471,47.34945535453461,54.655708550802004,53.38787660177151,54.18269453803528,3.44,28.0,-1.34,2.55
LCII,1993-03-18,1.8368195243503735,1.8368195243503735,1.7602853775024414,1.7602853775024414,31600,47.1581343122605,47.24092827540126,54.60151747887127,53.35411091577223,54.24189733366398,3.44,27.0,-1.33,2.61
LCII,1993-03-19,1.8176859876383906,1.8176859876383906,1.7602853775024414,1.7602853775024414,10000,46.166570688195634,47.24092827540126,54.094235796592635,53.22504027601784,54.24189733366398,3.45,26.0,-1.31,2.82
LCII,1993-03-22,1.7602853775024414,1.8176859876383906,1.7602853775024414,1.7602853775024414,100000,46.166570688195634,47.12201915485433,54.06254880297696,53.22504027601784,54.24189733366398,3.45,26.0,-1.28,2.84
LCII,1993-03-23,1.7602853775024414,1.7985524509264075,1.7602853775024414,1.7602853775024414,119200,46.166570688195634,47.08204980521772,53.73280918240961,53.166125159331315,54.24189733366398,3.45,23.0,-1.26,2.95
LCII,1993-03-24,1.7985526323318481,1.8368197096155046,1.760285555048192,1.7985526323318481,109200,46.27757922345709,46.811779822374966,53.76550235745577,53.06874455672056,54.26833022774545,3.46,25.0,-1.23,2.93
LCII,1993-03-25,1.7985525727272034,1.8368196487426758,1.7985525727272034,1.8368196487426758,347600,46.24061390017691,46.47619777847471,53.796078778738,53.09310466709493,54.29298355956256,3.46,26.0,-1.19,2.92
LCII,1993-03-26,1.836818770606919,1.9707534726303402,1.8176852417464302,1.9324864149093628,863200,47.645118942909576,47.39085911275438,54.18477469432115,53.31857294112464,54.21745683606566,3.45,28.0,-1.15,2.74
LCII,1993-03-29,1.9707535883555045,2.0855547682597084,1.9707535883555045,1.9898871183395386,611600,48.25534638790742,47.61476017074643,54.290186955505625,53.38432638409793,53.90384709634844,3.43,28.0,-1.08,2.68
LCII,1993-03-30,2.00902166149833,2.142956438931552,1.970754582231695,2.104689359664917,493600,34.37506711491054,48.704451745711516,54.466732468239755,53.66722961946557,52.39153079324702,3.41,28.0,-0.96,2.63
LCII,1993-03-31,2.1046890594341137,2.1046890594341137,2.047288448722274,2.0664219856262207,210000,33.99005740905297,48.9552956233155,54.5909240999793,53.598455079306326,52.34888204157635,3.39,28.0,-0.89,2.59
LCII,1993-04-01,2.1046890794616386,2.1046890794616386,1.7602854119133704,1.8559530973434448,927600,46.90077358960519,54.02293647147335,57.44187674349692,55.25216788798374,53.5253720340052,3.36,49.0,-0.85,2.55
LCII,1993-04-02,1.817685827612877,1.855952897667885,1.4924157321453095,1.5306828022003174,617200,73.50210215735594,67.41479594265913,65.39088074884658,60.02049088949364,57.017855742219226,3.43,100.0,-0.79,5.46
LCII,1993-04-05,1.568950287131376,1.645484447479248,1.568950287131376,1.645484447479248,238800,75.90536284838684,68.9865679322288,66.32914577942948,60.271328316087406,57.436011601251316,3.51,100.0,-0.72,5.12
LCII,1993-04-06,1.6646176338195802,1.7602853139241537,1.6646176338195802,1.7220182418823242,120800,77.0797681821926,68.97699156272917,66.43324533936446,60.059017077558266,57.58913266549135,3.57,100.0,-0.64,5.14
LCII,1993-04-07,1.6837508818682503,1.722017947365256,1.6263502836227417,1.6263502836227417,195200,78.61508148947405,69.9014587700488,66.9756441983092,60.22375957263646,57.90706061112676,3.63,100.0,-0.56,4.85
LCII,1993-04-08,1.626350845802914,1.6837514638900757,1.626350845802914,1.6837514638900757,59600,78.98953946437146,70.21797262423404,66.66336448506198,60.327246910505835,57.94508302986826,3.7,99.0,-0.47,5.04
LCII,1993-04-12,1.645484447479248,1.702885067740152,1.645484447479248,1.645484447479248,27200,78.96456386103345,70.33885101131887,66.79529744846491,60.30191443727176,57.718907428097076,3.76,99.0,-0.36,4.96
LCII,1993-04-13,1.6837514695667084,1.7028850089936027,1.6072173118591309,1.6072173118591309,68400,78.52430128163431,68.74579357878108,66.9304054984182,60.39186156947909,57.659352616834305,3.81,99.0,-0.25,4.88
LCII,1993-04-14,1.6454843613038581,1.6454843613038581,1.5689502049641437,1.5880837440490723,52800,78.53459275391182,68.38068556475119,66.90014031327684,60.36574722023469,57.56546342408423,3.86,98.0,-0.14,4.9
LCII,1993-04-15,1.5880835943105744,1.6263506688722749,1.5689500570297241,1.5689500570297241,154000,78.5452422959883,68.24265547490016,66.86851832918444,60.28503595418376,57.58455838524345,3.89,97.0,-0.03,4.92
LCII,1993-04-16,1.5689500570297241,1.6263506688722749,1.5689500570297241,1.5689500570297241,32800,78.5452422959883,67.54910865936658,66.59612456789506,60.28503595418376,57.512103635755075,3.91,94.0,0.06,5.07
LCII,1993-04-19,1.5689498382278637,1.6263504420654684,1.5115492343902588,1.5115492343902588,76800,79.14265253974538,67.81080788252858,66.61994520967737,60.48449032240637,57.652562325387805,3.92,94.0,0.07,5.06
LCII,1993-04-20,1.4924157532778652,1.5306828238747336,1.4541486826809968,1.4732822179794312,103200,78.95762597159892,67.8450884820882,66.7401944987592,60.5856547583886,57.72251398212636,3.94,95.0,0.05,4.97
LCII,1993-04-21,1.5498163036153287,1.5498163036153287,1.473282165165189,1.5115492343902588,77200,79.35492616288077,68.02221234248617,66.64199579948016,60.36473455484453,57.75864316908365,3.94,93.0,0.07,5.01
LCII,1993-04-22,1.4732823706254725,1.6072171315914248,1.4732823706254725,1.5689500570297241,140800,80.32080090515402,65.88085520778777,66.82664265550217,60.49160333336481,57.701863998626926,3.94,96.0,0.1,4.94
LCII,1993-04-23,1.5498163372278213,1.5880834072828294,1.5306828022003174,1.5306828022003174,275600,80.39384318216986,65.39202893334425,66.97240835777268,60.212058088655816,57.7682282539175,3.93,99.0,0.08,4.85
LCII,1993-04-26,1.5306829824680235,1.5880835943105744,1.5306829824680235,1.5689500570297241,141600,80.86389933326103,65.54107181550502,66.78687056605753,60.2581921990531,57.80785683370875,3.92,93.0,-0.11,4.98
LCII,1993-04-27,1.5306828022003174,1.5306828022003174,1.5306828022003174,1.5306828022003174,800,80.93001564031462,65.63799347329908,66.8529334124152,60.35445122185096,57.794127306853895,3.91,95.0,-0.6,4.94
LCII,1993-04-28,1.530683070053289,1.549816608428955,1.4924159933019567,1.549816608428955,44800,81.07691854333828,65.6980373231853,64.31504374672431,60.35993604751234,57.80063993781182,3.9,83.0,-0.74,5.52
LCII,1993-04-29,1.4924159049987793,1.4924159049987793,1.435015293268057,1.4924159049987793,52400,81.4968531327578,66.0701106139511,62.47566714751607,60.28927877860373,57.944766597868366,3.9,82.0,-0.73,5.91
LCII,1993-04-30,1.4924155975642956,1.5306826641685083,1.454148530960083,1.454148530960083,40800,81.57995453952717,66.21786712056192,61.66162319061532,60.019441907259385,58.016753370847354,3.89,78.0,-0.73,6.18
LCII,1993-05-03,1.4541486620903015,1.5306828022003174,1.4541486620903015,1.5306828022003174,115200,83.26503254049804,66.78892197867071,62.15334434667316,60.27762516091284,57.99288552779209,3.89,81.0,-0.71,6.0
LCII,1993-05-04,1.454148530960083,1.454148530960083,1.4350149976579767,1.454148530960083,62800,84.33587968186661,67.50697177842362,62.13566787004653,60.63343366576299,57.96616454497148,3.89,80.0,-0.72,5.88
LCII,1993-05-05,1.435015320777893,1.5306830088297527,1.435015320777893,1.435015320777893,163600,84.33633327026483,67.5274650834864,62.13421359348742,60.66597599633311,57.76085205275903,3.88,79.0,-0.73,5.85
LCII,1993-05-06,1.530683203919293,1.530683203919293,1.396748423576355,1.396748423576355,121200,84.09305194149755,67.60418841908977,62.24705138014108,60.774793814654245,57.76270382356349,3.87,81.0,-0.75,5.77
LCII,1993-05-07,1.3967480767856943,1.4732822179794312,1.3776145414872603,1.4732822179794312,86400,85.58440533421181,68.53144829569653,62.83476683764017,61.055268501262404,57.96066533611116,3.86,82.0,-0.75,5.54
LCII,1993-05-10,1.3776147945507151,1.4541489498035327,1.3584812557375108,1.415881872177124,44400,84.25291505110411,68.54273708943784,62.843046500213376,61.264315352774524,58.09389688891839,3.85,82.0,-0.75,5.54
LCII,1993-05-11,1.3202139462743487,1.3393474817276,1.2436798044613429,1.3393474817276,83600,84.37247142361333,69.26678950486954,63.42338973927274,61.63275161546934,58.1581577031771,3.85,82.0,-0.74,5.22
LCII,1993-05-12,1.2436799705028534,1.3393476605415344,1.1288787424564362,1.2245464324951172,392800,84.54279081913874,67.34763587322878,62.80007277101899,62.60956584440769,58.611651323878355,3.85,79.0,-0.65,5.07
LCII,1993-05-13,1.1480120752678542,1.2245462136190446,1.1480120752678542,1.1671456098556519,466000,84.98768236266936,67.82166252495554,62.76231302273172,62.89945550775453,58.77210430607984,3.86,78.0,-0.46,5.09
LCII,1993-05-14,1.1480122804641724,1.205412894487381,1.1480122804641724,1.1480122804641724,41600,80.7514738176295,67.33083856561503,62.69008576809316,62.940123419762095,58.74869887196289,3.86,77.0,-0.3,5.14
LCII,1993-05-17,1.148012222782258,1.224546370967742,1.148012222782258,1.186279296875,29200,62.194779081233065,67.70284198048438,62.93716823133087,62.76185467824141,58.760183763388326,3.87,81.0,-0.26,5.06
LCII,1993-05-18,1.2245464324951172,1.2245464324951172,1.1671458184719086,1.2245464324951172,41200,58.62257903923226,67.63146422379084,63.138163622854584,62.763806965604196,58.83479507902636,3.88,81.0,-0.27,5.02
LCII,1993-05-19,1.1862789751991392,1.20541250705719,1.1862789751991392,1.20541250705719,10800,56.23998456576115,67.65568347994997,63.13256224621288,62.704667194310304,58.861710375358086,3.88,80.0,-0.28,4.99
LCII,1993-05-20,1.2436797618865967,1.2436797618865967,1.2436797618865967,1.2436797618865967,8000,55.89230418074017,67.97168759101417,63.22307843702968,62.792895153879144,58.88269502041776,3.89,81.0,-0.31,5.02
LCII,1993-05-21,1.2628135085105896,1.2628135085105896,1.1862793564796448,1.2245464324951172,32400,54.35986978478403,67.76020524211019,63.12619811788463,62.55365180794977,58.908731715245274,3.89,78.0,-0.31,5.08
LCII,1993-05-24,1.2245462270883414,1.2436797618865967,1.1862791574918308,1.2436797618865967,30800,54.741932308313594,67.65314295444402,63.13710893545138,62.22286034979888,58.90385055787358,3.9,79.0,-0.34,5.08
LCII,1993-05-25,1.2245462270883414,1.2436797618865967,1.1862791574918308,1.2436797618865967,41600,54.63629479492509,67.19425283184015,63.09303836119485,62.22286034979888,58.88343731078609,3.9,76.0,-0.37,5.08
LCII,1993-05-26,1.1862791574918308,1.2436797618865967,1.1862791574918308,1.2436797618865967,87200,54.681227764638216,67.1975145055175,63.09303836119485,62.117970221809585,58.88343731078609,3.9,75.5,-0.41,5.08
LCII,1993-05-27,1.1862793564796448,1.2245464324951172,1.1480122804641724,1.1480122804641724,186400,58.518799138907475,68.89460548315509,64.31872833971246,62.59930898845059,59.455201763004425,3.9,83.0,-0.4,4.53
LCII,1993-05-28,1.1480122804641724,1.1862793564796448,1.1097452044487,1.1480122804641724,33600,58.518799138907475,68.89460548315509,64.15424981479268,62.59930898845059,59.38264754414504,3.9,81.0,-0.43,4.57
LCII,1993-06-01,1.0906119091170174,1.1480125359126498,1.0714783668518066,1.0714783668518066,117600,60.47350352135804,70.0390830149523,65.01858662673924,63.075806365241036,59.805575899437834,3.91,83.0,-0.39,4.16
LCII,1993-06-02,1.0714781001462774,1.1288787126541138,1.0714781001462774,1.1288787126541138,40400,63.04086659634673,70.8659943987215,65.60607865240154,63.35061847014749,60.01752198095491,3.92,84.0,-0.43,4.0
LCII,1993-06-03,1.128878993647439,1.128878993647439,1.0714783668518066,1.0714783668518066,25200,63.37243451118254,71.34330655394437,65.80745261963148,63.667542985205294,60.2610192737411,3.93,84.0,-0.42,3.91
LCII,1993-06-04,1.128878993647439,1.128878993647439,1.0714783668518066,1.0714783668518066,38400,61.78212846413478,71.34330655394437,65.63681410545269,63.667542985205294,60.03189812164879,3.94,83.0,-0.44,3.95
LCII,1993-06-07,1.1288786818241252,1.148012218804195,1.0714780708839153,1.1097451448440552,148000,63.18843575768371,71.80058818328324,65.91237404008693,63.7583552048641,59.8646100884398,3.95,84.0,-0.49,3.88
LCII,1993-06-08,1.128878993647439,1.128878993647439,1.0714783668518066,1.0714783668518066,4400,62.65037869897919,71.98882170558724,66.09269270525179,63.847441142334894,59.74828222593046,3.97,84.0,-0.52,3.79
LCII,1993-06-09,1.0714781577127022,1.128878773304454,1.0714781577127022,1.0906116962432861,7200,63.148712492473166,72.1434774478923,64.90016302219782,63.781256986101994,59.76991751833647,3.98,77.0,-0.59,4.07
LCII,1993-06-10,1.1097454513822282,1.1097454513822282,1.0714783668518066,1.0714783668518066,105600,62.76776411633283,72.14916781773304,64.61689648950971,63.759642121527996,59.54000249245423,3.98,76.0,-0.67,4.12
LCII,1993-06-11,1.1288787126541138,1.1288787126541138,1.0714781001462774,1.1288787126541138,74400,64.97328478184163,73.11410924525535,65.08235241833454,64.03321925758789,59.52370201888928,3.99,78.0,-0.76,3.98
LCII,1993-06-14,1.0714783668518066,1.1097454513822282,1.0714783668518066,1.0714783668518066,64400,65.99367439346634,73.62895101535145,65.04233801139986,64.33260648810172,59.50628642482718,4.0,77.0,-0.83,3.88
LCII,1993-06-15,1.0714783668518066,1.0714783668518066,1.0714783668518066,1.0714783668518066,12000,63.46790542189026,73.62895101535145,64.98142613225325,64.3062331164908,59.50628642482718,4.01,75.0,-0.9,3.93
LCII,1993-06-16,1.0714783668518066,1.1097454513822282,1.0714783668518066,1.0714783668518066,64800,62.43327190615504,73.62895101535145,64.91452925473953,63.673411480181564,59.274247968670124,4.01,74.0,-0.96,3.99
LCII,1993-06-17,1.0714783668518066,1.1097454513822282,1.0714783668518066,1.0714783668518066,149200,62.49474238912494,73.62895101535145,64.86828282870385,63.35896079416648,59.01102283555939,4.01,72.0,-1.02,3.99
LCII,1993-06-18,1.0906116664409637,1.1480122804641724,1.0523445904254913,1.1480122804641724,53200,66.26865797922476,75.07817824166153,64.21223176643124,63.84992469947714,59.16254986877387,4.01,68.0,-1.08,4.08
LCII,1993-06-21,1.0906116962432861,1.148012311835038,1.0906116962432861,1.0906116962432861,22000,64.97903732865721,75.36714952413297,64.20693014466441,64.16628156039485,59.13689386953153,4.02,67.0,-1.12,3.96
LCII,1993-06-22,1.0906116078639854,1.148012218804195,1.0906116078639854,1.1097451448440552,98800,64.81829363348083,74.54835342241725,64.26138899479767,64.19067849769192,59.157079884771335,4.01,68.0,-1.15,3.99
LCII,1993-06-23,1.1288786818241252,1.148012218804195,1.1097451448440552,1.1097451448440552,6800,63.26575017118727,74.14268802318657,64.21920989467503,63.926444496540526,59.157079884771335,4.01,67.0,-1.19,3.99
LCII,1993-06-24,1.1097452044487,1.1480122804641724,1.1097452044487,1.1480122804641724,10800,59.118423990224386,73.43742297506654,64.51138588420106,64.03678904545916,59.24326935232441,4.01,70.0,-1.22,3.93
LCII,1993-06-25,1.1480121470209377,1.3010804332903962,1.1480121470209377,1.2819468975067139,91600,65.87396963051296,77.44697554885941,67.0378457003435,65.07243814100583,60.22491284644952,4.03,100.0,-1.23,3.62
LCII,1993-06-28,1.3202143510182698,1.377614974975586,1.3010808096991646,1.377614974975586,50400,68.52001877779989,76.32474586519305,68.08835025116795,65.11620290771695,60.57414021329396,4.06,100.0,-1.22,3.39
LCII,1993-06-29,1.3393473279648933,1.377614394478176,1.3010802614516108,1.320213794708252,150400,69.44137671666039,66.06600196152188,68.15844328022258,65.33458421841846,60.53327573230462,4.08,100.0,-1.21,3.3
LCII,1993-06-30,1.3010802614516108,1.3202137947082522,1.3010802614516108,1.320213794708252,40000,68.92945347253665,64.20565484464169,68.15844328022258,65.15171607445703,60.46730886409992,4.11,99.5,-1.21,3.3
LCII,1993-07-01,1.3202141225337982,1.3202141225337982,1.301080584526062,1.301080584526062,40000,68.90378481192165,63.41759047039993,68.17926800626411,65.12155047441861,60.42115104829939,4.13,100.0,-1.2,3.28
LCII,1993-07-02,1.2628135085105896,1.3202141225337982,1.2245464324951172,1.2245464324951172,68400,70.69958111262953,63.543967112713084,68.72641273471557,65.31239696877871,60.7487351642221,4.16,100.0,-1.2,3.08
LCII,1993-07-06,1.243679570773291,1.243679570773291,1.20541250705719,1.20541250705719,8000,70.7041233333306,63.04645354044519,68.69652771475569,64.90162658993773,60.72511110453528,4.19,99.0,-1.2,3.1
LCII,1993-07-07,1.1862793564796448,1.1862793564796448,1.1480122804641724,1.1480122804641724,224000,71.8832308332707,63.57047090689463,68.82244309860168,65.17502183613917,60.87010714388668,4.21,100.0,-1.19,2.99
LCII,1993-07-08,1.1862791574918308,1.2436797618865967,1.1671456226935755,1.2436797618865967,32400,75.77919283286325,65.85326189549644,70.0879041658193,64.3130794105389,61.35911775616808,4.25,100.0,-1.18,2.76
LCII,1993-07-09,1.2436799705028534,1.2436799705028534,1.2245464324951172,1.2245464324951172,16000,75.91230159004996,65.87485096535401,67.58871906805358,64.20047935494586,61.36478432536288,4.28,92.0,-1.18,3.16
LCII,1993-07-12,1.1862791574918308,1.2436797618865967,1.1862791574918308,1.2436797618865967,15200,72.17322441559108,65.97854473092204,67.57028492332192,64.2238215440305,61.368966952083824,4.31,91.0,-1.18,3.2
LCII,1993-07-13,1.2628133617230315,1.3010804332903962,1.224546290155667,1.2819468975067139,81200,72.60901406838104,66.34580808172765,67.50663860303206,64.18572591922931,61.41310289323205,4.33,90.0,-1.17,3.21
LCII,1993-07-14,1.2819470465183258,1.3584811985492706,1.2819470465183258,1.301080584526062,63200,69.30798005815444,66.0670691555222,67.48080572788197,63.92711426248802,61.352813475351184,4.35,89.0,-1.16,3.25
LCII,1993-07-15,1.3010802614516108,1.3202137947082522,1.3010802614516108,1.320213794708252,55200,67.99744014226843,65.97964450933749,67.27610758501969,63.92079024171916,61.364151558820225,4.37,88.0,-1.13,3.31
LCII,1993-07-16,1.2819470465183258,1.3202141225337982,1.2819470465183258,1.301080584526062,10800,66.08584613597131,65.77913092098761,67.30258189827,63.818757969479535,61.38767837864785,4.38,88.0,-1.11,3.29
LCII,1993-07-19,1.3202137947082522,1.3202137947082522,1.3202137947082522,1.320213794708252,400,66.09705751789573,65.35638271654759,67.27691517598599,63.81148827643808,61.18150142915433,4.4,87.0,-1.09,3.32
LCII,1993-07-20,1.2628134489059448,1.2628134489059448,1.2628134489059448,1.2628134489059448,400,67.16686567999164,65.76227202577667,67.4856091329444,64.00718512906582,61.09995817386471,4.41,89.0,-1.06,3.2
LCII,1993-07-21,1.2628133617230315,1.2819468975067139,1.2628133617230315,1.2819468975067139,10000,66.17577664844238,65.61693115770635,67.42481424182866,63.99835977810845,60.89294640780668,4.42,87.0,-1.01,3.22
LCII,1993-07-22,1.2819468975067139,1.2819468975067139,1.2819468975067139,1.2819468975067139,0,66.10213815903508,65.46913215099629,67.18286523164882,63.97036549671243,60.89294640780668,4.43,83.0,-0.96,3.28
LCII,1993-07-23,1.2628133399145944,1.3393474817276,1.2628133399145944,1.3393474817276,13600,66.6366977814604,66.09680333044643,67.58519689602072,63.928323376817055,60.964675432765844,4.44,91.0,-0.9,3.19
LCII,1993-07-26,1.2819468975067139,1.2819468975067139,1.2819468975067139,1.2819468975067139,28400,66.84251976225617,66.24662514147744,67.88746833581601,64.14285532438231,61.14003299835989,4.45,92.0,-0.83,3.06
LCII,1993-07-27,1.2628134489059448,1.2628134489059448,1.2628134489059448,1.2628134489059448,1200,64.95817280848934,66.11911131755842,67.91217183064981,64.16836872936231,61.115773596598245,4.45,92.0,-0.77,3.04
LCII,1993-07-28,1.339347597324487,1.339347597324487,1.2628134489059448,1.2628134489059448,7600,64.95817280848934,65.17043735673688,67.91217183064981,64.16836872936231,61.047491371996884,4.45,91.5,-0.7,3.04
LCII,1993-07-29,1.2628134489059448,1.2819469860105803,1.2628134489059448,1.2628134489059448,10400,64.95817280848934,64.39709687263009,67.7964378905245,64.16836872936231,61.047491371996884,4.45,89.0,-0.61,3.07
LCII,1993-07-30,1.262813445060484,1.281946982106855,1.186279296875,1.186279296875,36000,67.87791501670782,65.53487095121892,68.40171481700146,64.48636954058095,61.39028629160005,4.44,96.0,-0.52,2.84
LCII,1993-08-02,1.262813924064099,1.415882278496111,1.262813924064099,1.3584816455841064,150400,75.75114428051664,71.2291569027452,71.906212752115,66.3484223271828,62.82450719942533,4.48,100.0,-0.41,2.75
LCII,1993-08-03,1.4158816235406058,1.4541486944471087,1.3010804108210972,1.3393474817276,194800,74.07374839922302,70.3897852515242,71.89631765434073,66.12002987100763,62.64509271203356,4.5,99.0,-0.29,2.74
LCII,1993-08-04,1.3393476605415344,1.3393476605415344,1.301080584526062,1.301080584526062,8000,74.71693907609782,70.17502537808753,72.01214269886785,66.21364018504259,62.72289365534278,4.52,100.0,-0.15,2.7
LCII,1993-08-05,1.339347597324487,1.339347597324487,1.2628134489059448,1.2628134489059448,23600,75.39887850901985,69.52214651518915,72.07933974868881,66.31161490163146,62.564004660089964,4.49,100.0,-0.02,2.68
LCII,1993-08-06,1.2628135085105896,1.301080584526062,1.2628135085105896,1.301080584526062,183200,75.26981122226573,67.29229006839205,72.27102845125212,66.3716101287519,62.6241969632354,4.45,100.0,0.14,2.63
LCII,1993-08-09,1.3393474817276,1.3393474817276,1.3393474817276,1.3393474817276,2800,68.70422007134309,66.7445053013177,72.41829118383357,66.42275735230616,62.680037082557796,4.4,100.0,0.31,2.59
LCII,1993-08-10,1.2628134489059448,1.2628134489059448,1.2628134489059448,1.2628134489059448,4400,67.48782464161059,67.80893927905035,72.9027182007306,66.66772816120876,62.97934787486577,4.35,100.0,0.48,2.45
LCII,1993-08-11,1.2628133399145944,1.3393474817276,1.2628133399145944,1.3393474817276,24400,68.69780723704166,68.52728273985016,73.56631515332121,66.87674522225836,63.03211002646211,4.29,100.0,0.68,2.31
LCII,1993-08-12,1.2819472683800592,1.377614974975586,1.2819472683800592,1.377614974975586,6000,69.16432742253343,68.4648923460388,73.7287008435652,66.92316410227289,62.84237326010652,4.23,100.0,0.88,2.27
LCII,1993-08-13,1.377614974975586,1.377614974975586,1.377614974975586,1.377614974975586,0,68.99977063280582,68.36688215665832,73.7287008435652,66.80312437749912,62.84237326010652,4.15,99.5,1.1,2.27
LCII,1993-08-16,1.3010808096991646,1.377614974975586,1.3010808096991646,1.377614974975586,5200,66.41440634013193,68.09962423080137,73.62979402013653,66.77648394294937,62.84237326010652,4.05,98.0,1.36,2.29
LCII,1993-08-17,1.2819468975067139,1.2819468975067139,1.2819468975067139,1.2819468975067139,57200,69.7758722511361,69.67425696342472,74.34442881778166,67.33397257179953,63.28336418165228,3.95,100.0,1.68,2.11
LCII,1993-08-18,1.262813924064099,1.3584816455841064,1.262813924064099,1.3584816455841064,130400,69.877840161768,70.59604391046825,74.48743922116121,67.54222107742297,63.526894804820486,3.86,100.0,1.98,2.09
LCII,1993-08-19,1.3202139462743487,1.3393474817276,1.3202139462743487,1.3393474817276,8800,66.40662226714143,70.66849137624273,74.31967735886931,67.5296412553489,63.54852643178185,3.76,98.0,2.17,2.12
LCII,1993-08-20,1.3202142633803902,1.4350155036743373,1.3202142633803902,1.396748423576355,29600,67.13970140172414,71.15877045564466,74.06254352778858,66.27169975924241,63.661637824030606,3.64,97.0,1.37,2.17
LCII,1993-08-23,1.3967482455571494,1.435015320777893,1.3967482455571494,1.435015320777893,26800,67.38816118610488,69.24789987533828,74.19052132142328,65.17106477435499,63.687655616899704,3.51,97.0,-0.15,2.15
LCII,1993-08-24,1.396748423576355,1.4158819636253461,1.396748423576355,1.396748423576355,6800,67.54884791530607,69.5308655813119,72.4043153380388,64.73681200820391,63.756918201364556,3.43,89.0,-0.6,2.42
LCII,1993-08-25,1.4350154109903284,1.4350154109903284,1.3967483333639195,1.415881872177124,10400,67.53115040743863,67.90596869948708,65.73475634275992,64.73779004233631,63.76565721785726,3.43,39.0,-0.55,0.37
LCII,1993-08-26,1.396748423576355,1.396748423576355,1.396748423576355,1.396748423576355,8000,67.5983309233371,67.27431985739601,64.70969814193218,64.45330499301065,63.786061241494096,3.43,30.0,-0.51,0.52
LCII,1993-08-27,1.3967482455571494,1.435015320777893,1.3967482455571494,1.435015320777893,22400,67.79297871811588,66.42468290200037,64.43373737099596,64.51636044099571,63.63594123791212,3.44,28.0,-0.64,0.57
LCII,1993-08-30,1.396748423576355,1.396748423576355,1.396748423576355,1.396748423576355,8800,68.26023118491341,66.73951646552729,63.95080159325812,64.57730853709317,63.64077397765099,3.46,21.0,-0.61,0.63
LCII,1993-08-31,1.3967479310537638,1.454148530960083,1.3967479310537638,1.454148530960083,4400,67.67752535709612,66.8496082883258,64.03742307692052,64.75610822713563,63.68383808500588,3.47,22.0,-0.74,0.62
LCII,1993-09-01,1.396748423576355,1.4350155036743373,1.396748423576355,1.396748423576355,7200,68.83228196416334,66.98901118568331,64.24374365755381,64.76517176728865,63.82915274171014,3.48,27.0,-0.79,0.59
LCII,1993-09-02,1.4158817831675212,1.435015320777893,1.4158817831675212,1.435015320777893,5600,69.17961590759221,67.09520852698304,64.30651645581791,64.82529363795143,63.679134324014896,3.49,29.0,-0.83,0.55
LCII,1993-09-03,1.4350149976579767,1.454148530960083,1.3967479310537638,1.454148530960083,17600,68.20264379452382,66.9560104667941,64.32290281629231,63.68670760111112,63.445751239971784,3.49,32.0,-0.85,0.53
LCII,1993-09-07,1.4158817831675212,1.435015320777893,1.4158817831675212,1.435015320777893,1600,66.95413717741272,66.33010018750095,64.3281476003208,63.43175497780694,63.465560176968275,3.5,33.0,-0.86,0.53
LCII,1993-09-08,1.3967480880873544,1.4158816235406058,1.3393474817276,1.3393474817276,36000,70.02614072006455,67.02398387165438,65.22981871672026,63.880298592995445,63.79971203423319,3.51,45.0,-0.85,0.45
LCII,1993-09-09,1.3202137947082522,1.3202137947082522,1.3202137947082522,1.320213794708252,3200,70.18515778951718,67.12288229107773,65.01191152324586,63.901533600479766,63.61268537978584,3.51,42.0,-0.81,0.48
LCII,1993-09-10,1.3202141225337982,1.3202141225337982,1.301080584526062,1.301080584526062,14800,70.33930316387492,67.22180523738707,64.93047167666197,63.90552377513997,63.634886730666295,3.51,41.0,-0.76,0.49
LCII,1993-09-13,1.3010802614516108,1.3202137947082522,1.3010802614516108,1.320213794708252,18000,67.79315683987092,67.25835736323016,64.83767339123057,63.90983606094343,63.58000503573027,3.52,38.0,-0.71,0.51
LCII,1993-09-14,1.301080584526062,1.301080584526062,1.301080584526062,1.301080584526062,29600,55.18745261181678,65.94961250523026,64.57344130757157,63.85629453321656,63.602461661020996,3.53,36.0,-0.71,0.58
LCII,1993-09-15,1.301080584526062,1.3776147365570068,1.2628135085105896,1.301080584526062,109200,55.05574229468002,65.00740892462633,64.47020320303697,63.77586982749119,63.593301039428475,3.53,35.0,-0.68,0.6
LCII,1993-09-16,1.2628134489059448,1.2628134489059448,1.2628134489059448,1.2628134489059448,400,55.09458325604572,65.27931709769366,64.48489396703255,63.84896581611355,63.67445090489889,3.54,36.0,-0.72,0.62
LCII,1993-09-17,1.2628134489059448,1.2628134489059448,1.2628134489059448,1.2628134489059448,14000,54.41095585537118,65.27931709769366,64.38442829000098,63.826760640146865,63.65543926050555,3.55,34.0,-0.72,0.63
LCII,1993-09-20,1.2628134489059448,1.3202140602198515,1.2628134489059448,1.2628134489059448,27600,53.67055341003108,64.94396164379314,64.34415653298205,63.826760640146865,63.608775011123896,3.55,33.0,-0.78,0.64
LCII,1993-09-21,1.262813296684852,1.3010803662813628,1.2245462270883414,1.2436797618865967,58400,53.051304136080546,60.93766381156613,64.12536558587813,63.85018032190646,63.56704908909677,3.53,22.0,-0.76,0.67
LCII,1993-09-22,1.2245464324951172,1.301080584526062,1.2245464324951172,1.2245464324951172,32000,50.47416150686889,59.10318748720853,64.04646809133543,63.7904607135627,63.54420113293203,3.5,21.0,-0.73,0.69
LCII,1993-09-23,1.3010805231152158,1.3010805231152158,1.2628134489059448,1.2628134489059448,20800,48.18489584850211,58.86198168320059,63.69598881707932,63.900755521072185,63.608617645306,3.49,18.0,-0.8,0.75
LCII,1993-09-24,1.2436797618865967,1.2436797618865967,1.2436797618865967,1.2436797618865967,4000,47.463720522638845,58.93688846744002,63.240327686325,63.923649929858186,63.61386672257458,3.47,16.0,-0.78,0.82
LCII,1993-09-27,1.2436799705028534,1.2436799705028534,1.2245464324951172,1.2245464324951172,42000,47.57951118996382,58.94610627862538,63.25196499303827,63.775705210167,63.61933246176419,3.46,16.0,-0.75,0.82
LCII,1993-09-28,1.2245464324951172,1.2245464324951172,1.2245464324951172,1.2245464324951172,8400,47.57951118996382,57.62186186730516,63.12061391792525,63.69020657044443,63.16295942451009,3.45,9.0,-0.72,0.84
LCII,1993-09-29,1.224546290155667,1.2819468975067139,1.224546290155667,1.2819468975067139,10800,45.124298103189446,58.28051960794844,62.965636324626196,63.929320136749055,63.088833718754024,3.45,6.0,-0.72,0.86
LCII,1993-09-30,1.2245463746966738,1.2628134489059448,1.2245463746966738,1.2628134489059448,4800,41.811602653280175,57.45289535632851,62.7042409006407,63.93415605037619,63.11213688269394,3.45,2.0,-0.68,0.9
LCII,1993-10-01,1.2245464324951172,1.2819470465183258,1.2245464324951172,1.2245464324951172,49600,42.48756290090733,55.443010965518845,62.2784717556339,63.34405454886747,63.197819359441176,3.46,1.0,-0.67,0.97
LCII,1993-10-04,1.301080584526062,1.301080584526062,1.301080584526062,1.301080584526062,2400,44.499665575122386,56.72914781776321,61.39106443931047,63.607533484838974,63.46809920584076,3.48,1.0,-0.66,0.89
LCII,1993-10-05,1.2245464324951172,1.2245464324951172,1.2245464324951172,1.2245464324951172,23200,46.66723464136584,58.02891887105628,61.67735097524366,63.92565131672099,63.58753787726257,3.5,2.0,-0.63,0.87
LCII,1993-10-06,1.2819470465183258,1.301080584526062,1.2436799705028534,1.301080584526062,41600,49.920002071978054,59.03493714085054,62.34817086194416,64.1022145597302,63.85810832265933,3.5,4.0,-0.58,0.72
LCII,1993-10-07,1.301080584526062,1.301080584526062,1.301080584526062,1.301080584526062,0,49.69700697014575,58.95680804082003,62.1429169956207,64.05261869738158,63.686153953406276,3.51,3.0,-0.56,0.78
LCII,1993-10-08,1.2245464324951172,1.2819470465183258,1.2245464324951172,1.2245464324951172,13200,52.37982202904256,60.16440213865069,62.704151447747925,64.38412852926508,63.63445318470795,3.52,6.0,-0.56,0.75
LCII,1993-10-11,1.2245464324951172,1.2245464324951172,1.2245464324951172,1.2245464324951172,8000,51.550421616851935,60.100452465686196,62.65328576915993,64.36505367122486,63.63445318470795,3.52,6.0,-0.55,0.75
LCII,1993-10-12,1.2245464324951172,1.2436799705028534,1.2245464324951172,1.2245464324951172,40000,51.15351945345504,60.012915081365435,62.454574838918695,63.456667200560325,63.49412350275336,3.53,6.0,-0.55,0.81
LCII,1993-10-13,1.2245463746966738,1.2628134489059448,1.2245463746966738,1.2628134489059448,8800,50.502647114069234,59.6793554578658,62.5969500745981,63.363762712862794,63.52142774353309,3.53,7.0,-0.54,0.76
LCII,1993-10-14,1.2245463746966738,1.2628134489059448,1.2245463746966738,1.2628134489059448,34000,49.37399628178295,59.59702856230014,62.549510191323364,63.326321218910195,63.354369795244516,3.54,7.0,-0.54,0.77
LCII,1993-10-15,1.301080584526062,1.301080584526062,1.301080584526062,1.301080584526062,35600,49.53159205410448,59.915569368934705,62.72692791779946,63.42215956910453,63.08851267916612,3.54,12.0,-0.54,0.72
LCII,1993-10-18,1.301080584526062,1.301080584526062,1.301080584526062,1.301080584526062,5600,49.29612762700256,59.22401239722157,62.72692791779946,63.41471357176699,63.08851267916612,3.55,12.5,-0.53,0.72
LCII,1993-10-19,1.3202137947082522,1.3202137947082522,1.3010802614516108,1.320213794708252,24000,49.488162758272615,58.60561983203719,61.42113650880354,63.4364701253801,61.968066390169966,3.58,2.0,-0.48,0.8
LCII,1993-10-20,1.3584814336564806,1.4158820576137967,1.3202143510182698,1.377614974975586,73600,47.01795571920492,59.14011129156801,61.7670947274744,63.643909242568455,62.00269682650581,3.6,4.0,-0.44,0.71
LCII,1993-10-21,1.3776147945507151,1.415881872177124,1.3776147945507151,1.415881872177124,8400,47.392535710857295,59.37750270375749,60.842480232723126,63.616444674911236,62.05846742227865,3.64,1.0,-0.39,0.77
LCII,1993-10-22,1.4158820576137967,1.4158820576137967,1.377614974975586,1.377614974975586,15200,47.93202783432327,59.679812895074726,60.50847081577268,63.68988803284334,62.02673029523012,3.69,1.0,-0.33,0.87
LCII,1993-10-25,1.3776146815373347,1.4924159049987793,1.3776146815373347,1.4924159049987793,14800,52.93026709536412,60.301290799535835,61.13248801475637,64.41916448351388,62.32700562442308,3.73,3.0,-0.24,0.76
LCII,1993-10-26,1.377614974975586,1.4158820576137967,1.377614974975586,1.377614974975586,6800,58.085271175712215,56.236462278830665,62.54706152251595,65.05091178858991,62.83218290984674,3.75,12.0,-0.18,0.67
LCII,1993-10-27,1.377614974975586,1.377614974975586,1.377614974975586,1.377614974975586,0,58.085271175712215,56.156207477473494,62.32950203449621,65.00872764194784,62.73947083222422,3.77,10.0,-0.1,0.74
LCII,1993-10-28,1.4732826815711129,1.4732826815711129,1.377614974975586,1.377614974975586,3200,57.30610628571745,55.819972864541064,62.043907037814705,64.88909150944221,62.71890119506624,3.79,8.0,-0.04,0.78
LCII,1993-10-29,1.377614974975586,1.4541491402520075,1.377614974975586,1.377614974975586,100400,57.30610628571745,55.45034408131338,61.997234243802225,64.87378254285221,62.69885810007112,3.82,8.0,0.05,0.8
LCII,1993-11-01,1.377614394478176,1.3967479277348174,1.3202137947082522,1.320213794708252,122800,58.8013341122829,55.85051474193802,62.326475940802936,63.508312883835586,62.824409442460194,3.83,12.0,0.13,0.75
LCII,1993-11-02,1.3010808096991646,1.377614974975586,1.3010808096991646,1.377614974975586,26800,59.75085355918027,56.216934293932994,62.148010254722266,63.662758556074074,62.94467620891761,3.85,11.0,0.23,0.78
LCII,1993-11-03,1.301080584526062,1.3393476605415344,1.301080584526062,1.301080584526062,30000,62.07118453864003,56.14215497771246,62.2632687031235,63.864826407502804,63.028892537352775,3.87,12.0,0.29,0.77
LCII,1993-11-04,1.396748274564743,1.396748274564743,1.301080584526062,1.301080584526062,6800,61.47043766705556,54.80968025632572,62.2632687031235,63.81187489684091,63.028892537352775,3.89,12.5,0.32,0.77
LCII,1993-11-05,1.301080584526062,1.301080584526062,1.301080584526062,1.301080584526062,8400,61.27841045704362,54.48372850276044,62.2632687031235,63.66877492214328,63.028892537352775,3.91,13.0,0.29,0.77
LCII,1993-11-08,1.301080584526062,1.301080584526062,1.301080584526062,1.301080584526062,400,61.06887126421729,54.48372850276044,62.2632687031235,63.66877492214328,63.028892537352775,3.92,13.5,0.17,0.77
LCII,1993-11-09,1.301080584526062,1.301080584526062,1.301080584526062,1.301080584526062,4800,61.06887126421729,54.48372850276044,61.328290075796176,63.61727898055871,63.028892537352775,3.95,4.0,0.28,0.95
LCII,1993-11-10,1.301080584526062,1.301080584526062,1.301080584526062,1.301080584526062,4800,59.64113035101506,52.43461677523563,60.747429473946326,63.551803856102026,62.94702359729868,3.98,2.0,0.15,1.04
LCII,1993-11-11,1.301080584526062,1.301080584526062,1.301080584526062,1.301080584526062,4000,59.45980465995977,51.03524931756077,60.69626261603298,63.488393697566735,62.86812639493735,4.01,2.0,0.06,1.06
LCII,1993-11-12,1.301080584526062,1.3776147365570068,1.301080584526062,1.301080584526062,18400,58.6951642078038,50.958129685365805,60.69626261603298,63.3570657319741,62.6812309986192,4.04,2.5,-0.15,1.06
LCII,1993-11-15,1.2819468975067139,1.3202139690740784,1.2819468975067139,1.2819468975067139,24400,56.16787799439101,50.261827586494825,60.528578543815456,63.36690804125652,62.699759676101586,4.08,2.0,-0.2,1.13
LCII,1993-11-16,1.2819468753678458,1.3393474817276,1.2819468753678458,1.3393474817276,39200,54.58531787148807,50.782342956486524,58.354153449868285,63.585967930616896,62.84997291121734,4.14,1.0,-0.21,1.04
LCII,1993-11-17,1.3393475048577608,1.3393475048577608,1.2819468975067139,1.2819468975067139,30400,53.38101022105075,51.26153982609753,57.6312027666716,63.78274849462223,62.983399844491274,4.22,1.0,-0.16,1.16
LCII,1993-11-18,1.2819469860105803,1.3010805231152158,1.2628134489059448,1.2628134489059448,36400,53.546587327021996,51.238813422778385,57.287172118441475,63.80191779504606,62.97878440336531,4.29,1.0,-0.17,1.23
LCII,1993-11-19,1.3393475048577608,1.3393475048577608,1.2819468975067139,1.2819468975067139,24000,50.636109933601695,51.29570995813072,57.33985535672856,63.772048248716054,62.89767244747823,4.36,2.0,-0.17,1.21
LCII,1993-11-22,1.2819470465183258,1.301080584526062,1.2628135085105896,1.301080584526062,59200,50.779141069573285,51.06686136874615,57.34319006339197,63.78529404687194,62.80732163640721,4.43,3.0,-0.17,1.19
LCII,1993-11-23,1.2819468975067139,1.2819468975067139,1.2819468975067139,1.2819468975067139,2800,51.011386122652084,50.86839775401907,56.5662450167499,63.803497046405376,62.80299194253374,4.5,1.0,-0.13,1.32
LCII,1993-11-24,1.3010804332903962,1.3010804332903962,1.2628133617230315,1.2819468975067139,26400,50.252395632862076,50.12229682361018,56.50660498339812,63.7866793802729,62.708096124493586,4.58,1.0,-0.08,1.33
LCII,1993-11-26,1.2819468975067139,1.2819468975067139,1.2819468975067139,1.2819468975067139,13600,50.252395632862076,49.48777771146426,55.948800027970336,63.7866793802729,62.68617321798868,4.65,1.0,-0.19,1.44
LCII,1993-11-29,1.2628133617230315,1.3202139690740784,1.2628133617230315,1.2819468975067139,38000,49.4760559803934,49.132645417347526,54.49817951643484,63.74553760276045,62.68617321798868,4.74,1.0,-0.17,1.68
LCII,1993-11-30,1.2819468975067139,1.2819468975067139,1.2819468975067139,1.2819468975067139,0,49.4760559803934,49.03337637638441,54.43925568030833,63.74553760276045,62.587692182953155,4.85,1.0,-0.13,1.69
LCII,1993-12-01,1.2819470465183258,1.3584811985492706,1.2819470465183258,1.301080584526062,68000,49.48183831883009,49.098153960253576,54.434519375663285,63.75878890846576,62.576487576958925,4.95,1.0,-0.1,1.7
LCII,1993-12-02,1.3202139690740784,1.3202139690740784,1.2819468975067139,1.2819468975067139,30800,47.9138511532469,47.13981226629416,54.27563218150434,63.73458333091403,61.48244848866775,5.04,1.0,-0.1,1.77
LCII,1993-12-03,1.2819468975067139,1.3202139690740784,1.2819468975067139,1.2819468975067139,46000,47.084028739559024,47.053892767224454,54.22362358708288,63.73458333091403,60.56991793532982,5.14,1.0,-0.1,1.79
LCII,1993-12-06,1.2819468975067139,1.358481040641443,1.2819468975067139,1.2819468975067139,32000,46.53247509836433,46.96196126801285,54.1720609383094,63.73458333091403,60.17054555155654,5.23,1.0,-0.1,1.82
LCII,1993-12-07,1.358481040641443,1.358481040641443,1.2819468975067139,1.2819468975067139,24400,39.453907936255774,46.86004178840817,54.12348590798036,63.73458333091403,60.156455006343144,5.31,1.0,-0.1,1.83
LCII,1993-12-08,1.2819468975067139,1.2819468975067139,1.2819468975067139,1.2819468975067139,12800,32.43167306834287,46.76772923715925,54.07182776845632,63.67482012896988,59.92034607568147,5.4,1.0,-0.1,1.86
LCII,1993-12-09,1.2819467281949695,1.3584808612215347,1.2819467281949695,1.320213794708252,22400,33.715748767371636,47.1611917785658,53.807114850284556,63.7248774345518,59.980794224600146,5.48,1.0,-0.09,1.89
LCII,1993-12-10,1.2819468975067139,1.3010804332903962,1.2819468975067139,1.2819468975067139,106400,34.67237807700961,47.14930338685483,53.96271745268187,63.49885342356237,60.03800190670309,5.55,2.0,-0.09,1.86
LCII,1993-12-13,1.2819468753678458,1.3584810171808515,1.2819468753678458,1.3393474817276,34800,37.16995426671964,47.9864884377253,54.40887165248542,63.62366411522156,60.20198443392468,5.62,8.0,-0.11,1.71
LCII,1993-12-14,1.2819474683681005,1.3584816455841064,1.2819474683681005,1.3584816455841064,4800,35.23668139446577,48.062104209642996,54.009680087028386,63.27542764146175,60.0932780513798,5.68,3.0,-0.13,1.84
LCII,1993-12-15,1.358481040641443,1.358481040641443,1.2819468975067139,1.2819468975067139,16000,36.92938239439103,49.46487574134361,54.3493396374289,63.58884537066795,60.35626801876779,5.74,9.0,-0.13,1.78
LCII,1993-12-16,1.2819468975067139,1.3393475048577608,1.2819468975067139,1.2819468975067139,40400,33.079423150888374,49.352477383531266,54.29582835070349,62.355522833334476,59.462996905329,5.79,9.0,-0.12,1.79
LCII,1993-12-17,1.3010804332903962,1.3202139690740784,1.2819468975067139,1.2819468975067139,14000,33.079423150888374,48.95463583465804,54.29582835070349,58.0841975761797,59.25743283474749,5.83,9.5,-0.11,1.79
LCII,1993-12-20,1.2819467281949695,1.3202137947082522,1.2819467281949695,1.320213794708252,4800,34.19717658039734,49.205441129745985,54.4941652989561,57.54117070086659,59.27819117766848,5.88,15.0,-0.09,1.71
LCII,1993-12-21,1.2819468975067139,1.2819468975067139,1.2819468975067139,1.2819468975067139,2000,35.27901103345657,49.48642735809844,53.76905921422646,57.36768553460646,59.34921373750244,5.92,1.0,-0.1,1.84
LCII,1993-12-22,1.2819468975067139,1.2819468975067139,1.2819468975067139,1.2819468975067139,2800,35.27901103345657,49.48642735809844,49.235339544399814,56.98630957205598,59.33543555619667,6.0,1.0,-0.05,0.21
LCII,1993-12-23,1.2819470465183258,1.3202141225337982,1.2819470465183258,1.301080584526062,41200,35.55724014488627,48.68252209958806,49.24658198863077,56.85790467040764,59.33928111904779,6.07,2.0,-0.03,0.21
LCII,1993-12-27,1.2819470465183258,1.301080584526062,1.2819470465183258,1.301080584526062,9200,35.55724014488627,48.57829879309911,49.03112322602872,56.800234227623214,59.28084144592588,6.13,1.0,-0.03,0.27
LCII,1993-12-28,1.3202139690740784,1.3202139690740784,1.2819468975067139,1.2819468975067139,3600,35.81556232205851,48.24855427426609,48.85586309702156,56.76157101667945,59.2365040355545,6.18,1.0,-0.02,0.31
LCII,1993-12-29,1.2819470465183258,1.301080584526062,1.2819470465183258,1.301080584526062,5200,35.81556232205851,46.709858143207775,48.681154430871295,56.778853922671445,59.23903069287271,6.23,1.0,-0.02,0.35
LCII,1993-12-30,1.3202139690740784,1.3202139690740784,1.2819468975067139,1.2819468975067139,27200,33.618150395507186,45.08559644561528,48.51355225546455,56.787104305461334,59.24031608862712,6.27,1.0,0.0,0.38
LCII,1993-12-31,1.2819468975067139,1.3202139690740784,1.2819468975067139,1.2819468975067139,65200,31.12895603698842,43.32514029589404,47.60112390569515,56.787104305461334,59.24031608862712,6.31,1.0,0.02,0.5
LCII,1994-01-03,1.3202141225337982,1.3202141225337982,1.2819470465183258,1.301080584526062,79200,31.078175981397393,43.43499585655179,46.724395275100036,56.65458589941168,59.259828393312844,6.34,1.0,0.04,0.6
LCII,1994-01-04,1.2819470465183258,1.301080584526062,1.2819470465183258,1.301080584526062,60400,30.792016175954394,41.55720984923202,46.50107794690172,56.57769189188918,59.19779652879416,6.37,1.0,0.14,0.66
LCII,1994-01-05,1.3393473279648933,1.3393473279648933,1.3010802614516108,1.320213794708252,43600,30.783322900425947,41.64964091770993,46.56335058982728,56.520389137171364,59.21688671019586,6.38,2.0,0.23,0.64
LCII,1994-01-06,1.3393477169243064,1.415881872177124,1.3393477169243064,1.415881872177124,56800,36.41218351713036,43.96314882090673,47.88524177530873,56.960583398165134,59.63321857028271,6.35,5.0,0.17,0.56
LCII,1994-01-07,1.3584812557375108,1.415881872177124,1.3584812557375108,1.415881872177124,8400,36.41218351713036,43.56605740475567,46.46303417391717,56.8882497321758,59.49670167819075,6.33,1.0,0.02,0.64
LCII,1994-01-10,1.3776147079467773,1.473282395998637,1.3776147079467773,1.435015320777893,39200,36.513759063900956,43.62776962923054,45.60214949151698,56.83377710321197,59.45030945312361,6.31,1.0,-0.08,0.76
LCII,1994-01-11,1.4924157532778652,1.4924157532778652,1.4732822179794312,1.4732822179794312,8000,37.07068809171408,43.5377306568002,45.72216265302029,56.84851161443144,59.50853079722032,6.27,2.0,-0.11,0.73
LCII,1994-01-12,1.454148630552654,1.5115492343902588,1.454148630552654,1.5115492343902588,21200,37.53403212704383,43.801969349564665,45.421929601149365,56.91136024902524,59.54758686674999,6.24,1.0,0.17,0.79
LCII,1994-01-13,1.4732823677552052,1.5115494422423534,1.4732823677552052,1.4924159049987793,6800,37.78798514235347,43.8377114156693,45.27563799737781,56.75547814840678,59.04800822226021,6.19,1.0,0.27,0.83
LCII,1994-01-14,1.5115496147246588,1.6072173118591309,1.4924160752977642,1.6072173118591309,128400,42.33808462817263,45.52732300177647,46.54526099359369,57.34299819259721,59.39881438112331,6.15,7.0,1.72,0.82
LCII,1994-01-17,1.6072173118591309,1.6072173118591309,1.6072173118591309,1.6072173118591309,2400,42.33808462817263,45.23441477589328,46.50456366626993,57.02435230229411,59.350883612414606,6.22,7.0,2.35,0.83
LCII,1994-01-18,1.5306828022003174,1.5306828022003174,1.5306828022003174,1.5306828022003174,800,45.347427495525,46.035843688481876,47.12231319855359,56.9932491384784,59.36959985440142,6.28,11.0,2.09,0.72
LCII,1994-01-19,1.5306828022003174,1.5306828022003174,1.5306828022003174,1.5306828022003174,2000,45.347427495525,43.04762987738347,46.93602863498579,56.97052494902426,59.327359707491404,6.34,11.0,1.95,0.77
LCII,1994-01-20,1.5306829824680235,1.5689500570297241,1.5306829824680235,1.5689500570297241,27600,45.63156133164596,39.92381193668969,46.87787650536358,56.94917501008576,59.33511308322611,6.4,11.0,1.78,0.78
LCII,1994-01-21,1.6072173118591309,1.6072173118591309,1.6072173118591309,1.6072173118591309,4400,45.42752125432751,40.17260415735065,46.603876125333954,56.67261592807922,59.37290307065902,6.46,10.0,1.91,0.85
LCII,1994-01-24,1.6072173118591309,1.6072173118591309,1.6072173118591309,1.6072173118591309,800,44.186588542112936,40.17260415735065,46.132094931519724,56.47023602845794,58.69606477184669,6.52,5.0,1.79,0.96
LCII,1994-01-25,1.530683070053289,1.549816608428955,1.530683070053289,1.549816608428955,8800,44.57647653975517,40.955699167290724,46.3330109413261,56.24610259922738,58.65261921752762,6.57,6.0,1.6,0.92
LCII,1994-01-26,1.5306829824680235,1.6072171315914248,1.5306829824680235,1.5689500570297241,24800,44.54512784740414,39.938686755872794,46.32658680937387,55.22275994616369,58.63300364356236,6.62,6.0,1.47,0.92
LCII,1994-01-27,1.511549587709358,1.5880837440490725,1.511549587709358,1.5880837440490723,9200,40.39927288966262,39.12580704439797,46.30639393916879,54.9232090567632,58.63657639373999,6.66,6.0,1.32,0.93
LCII,1994-01-28,1.5689500570297241,1.5689500570297241,1.5689500570297241,1.5689500570297241,1600,40.736727975557315,37.242450121874406,44.97888356675583,54.9050745565307,58.63977432879798,6.7,1.0,1.03,1.02
LCII,1994-01-31,1.5880834072828294,1.5880834072828294,1.5115492671728135,1.5306828022003174,22800,41.708486283989664,37.6721429096317,45.10158824494807,54.86861592242812,58.680978413919846,6.74,2.0,0.76,0.99
LCII,1994-02-01,1.5880837440490725,1.5880837440490725,1.5880837440490725,1.5880837440490723,800,42.123935724883346,38.3091911290197,45.37270249929734,54.91129592666416,58.792000211403106,6.78,4.0,0.53,0.91
LCII,1994-02-02,1.5306829824680235,1.5689500570297241,1.5306829824680235,1.5689500570297241,6800,41.141722689047214,38.43442717538549,45.3820131738337,54.89698271643184,58.71591035392477,6.8,5.0,0.31,0.91
LCII,1994-02-03,1.5689501468046212,1.5689501468046212,1.530683070053289,1.549816608428955,56800,41.4686416544352,38.559031189958084,45.362193325974275,54.805966389017804,58.72733113464611,6.83,4.0,0.1,0.91
LCII,1994-02-04,1.5306826641685083,1.5306826641685083,1.454148530960083,1.454148530960083,24000,46.063184486627016,40.90449399777146,46.53717466493106,55.307699141623445,59.06421611331384,6.83,17.0,0.0,0.79
LCII,1994-02-07,1.4541486826809968,1.5306828238747336,1.4541486826809968,1.4732822179794312,15200,46.127520224697044,40.96687237028364,46.308461379191364,55.299440886407346,59.047038753453904,6.83,12.0,-0.11,0.85
LCII,1994-02-08,1.5115492671728135,1.5306828022003174,1.5115492671728135,1.5306828022003174,32000,46.789757767536514,41.62783802699618,46.672130826791296,55.474924933152906,59.139911227748165,6.83,22.0,-0.26,0.75
LCII,1994-02-09,1.4732823706254725,1.6072171315914248,1.4732823706254725,1.5689500570297241,75600,47.040005075315236,41.70482255670662,46.810626353663274,55.54459030293489,59.10536415423039,6.81,24.0,-0.4,0.72
LCII,1994-02-10,1.5498166658792152,1.5880837440490725,1.5498166658792152,1.5880837440490723,131200,46.63841080881967,40.89029176450094,46.75279388937202,54.70886396595509,59.10890835328539,6.8,24.0,-0.52,0.74
LCII,1994-02-11,1.6072173118591309,1.6072173118591309,1.6072173118591309,1.6072173118591309,2400,46.60828223503651,39.75486882363291,46.68772785823837,54.72165849259901,57.886077588404476,6.78,23.0,-0.61,0.76
LCII,1994-02-14,1.5306831267942866,1.5880837440490725,1.5306831267942866,1.5880837440490723,16000,46.890715573723746,39.6979185885821,46.526819965625634,54.09447174985911,57.850630204455236,6.77,18.0,-0.72,0.8
LCII,1994-02-15,1.530683154151553,1.6072173118591309,1.530683154151553,1.6072173118591309,37200,46.87171521532329,39.665911458048114,46.46606106391194,53.77955015293826,57.75577138659243,6.76,16.0,-0.81,0.82
LCII,1994-02-16,1.5306831267942866,1.5880837440490725,1.5306831267942866,1.5880837440490723,22400,47.13159821982813,39.72719596937752,46.434506886377825,53.41882805585371,57.72144453331977,6.74,15.0,-0.9,0.83
LCII,1994-02-17,1.5689499761866426,1.683751193956397,1.5689499761866426,1.664617657661438,177200,44.85064106292302,40.53650638955944,46.96552913886066,53.68136407238833,57.80955906302695,6.72,32.0,-0.9,0.72
LCII,1994-02-18,1.7028847058614096,1.7220182418823242,1.6454840977986653,1.7220182418823242,96000,45.56684371418048,40.97403524174009,46.72713249554993,53.67136436947536,57.90914551590382,6.7,28.0,-0.78,0.76
LCII,1994-02-22,1.645484447479248,1.702885067740152,1.645484447479248,1.645484447479248,34000,47.92712433967553,42.24664709194302,47.271701598400654,53.787368777451086,58.04251425086283,6.67,35.0,-0.85,0.65
LCII,1994-02-23,1.72201860782712,1.72201860782712,1.645484447479248,1.645484447479248,36000,47.4940456654105,42.24664709194302,46.969388769463656,53.75717634230607,57.996604949311404,6.65,34.0,-0.92,0.74
LCII,1994-02-24,1.6454843907129195,1.6454843907129195,1.6072173118591309,1.6072173118591309,28000,47.65654344978852,42.61921764357986,46.23330863713421,53.792110569765164,57.99936366115986,6.64,11.0,-1.01,0.81
LCII,1994-02-25,1.6072173118591309,1.6072173118591309,1.6072173118591309,1.6072173118591309,6400,47.45572324181151,42.563320265733125,45.12767804883447,53.46352436538727,57.90430462270274,6.64,3.0,-1.09,0.96
LCII,1994-02-28,1.6837514638900757,1.6837514638900757,1.6072173064405266,1.6837514638900757,20400,44.41286219193184,43.28468646598756,44.7207061684013,53.331595295312184,58.084390530405386,6.62,1.0,-1.12,0.98
LCII,1994-03-01,1.6072173118591309,1.6454843907129195,1.6072173118591309,1.6072173118591309,21600,46.54916346781737,44.52543674899917,45.39364842878957,53.645555787493684,58.259316659495106,6.6,9.0,-1.19,0.83
LCII,1994-03-02,1.6263508222189296,1.6454843613038581,1.5880837440490725,1.5880837440490723,41200,44.367837913020686,44.63624287646728,44.32656332568132,53.67134484215662,58.27096953593526,6.58,1.0,-1.25,0.95
LCII,1994-03-03,1.5880834072828294,1.5880834072828294,1.5306828022003174,1.5306828022003174,32400,45.718707529748855,45.39317517529942,44.76460033646649,53.86885183320208,58.38483369534574,6.55,3.0,-1.29,0.83
LCII,1994-03-04,1.5498165167295017,1.5498165167295017,1.4541488305116312,1.4924159049987793,50000,45.66915520268736,45.758647726790805,44.97664255557255,53.37069618683149,58.394414908252735,6.52,4.0,-1.31,0.77
LCII,1994-03-07,1.4924159049987793,1.4924159049987793,1.435015293268057,1.4924159049987793,17200,45.017192798825896,45.4164177446417,44.739844536930775,53.0007602060522,58.383257617498764,6.48,3.0,-1.32,0.83
LCII,1994-03-08,1.4732820642621893,1.4924155975642956,1.454148530960083,1.454148530960083,126800,45.52003675417593,45.320070010304356,44.95404512222754,53.06884303157627,58.437709953854466,6.43,5.0,-1.33,0.77
LCII,1994-03-09,1.4350151473825628,1.4924157532778652,1.4350151473825628,1.4732822179794312,66400,44.64949700035679,44.54323499852179,44.762308909116214,53.08617293636051,58.44312800084657,6.38,4.0,-1.34,0.82
LCII,1994-03-10,1.435015320777893,1.4924159336090088,1.435015320777893,1.435015320777893,44800,45.000502512854936,44.82650612778984,44.97535987416722,53.0480674402738,58.49858661887073,6.32,7.0,-1.33,0.76
LCII,1994-03-11,1.4350149976579767,1.4732820642621893,1.4350149976579767,1.454148530960083,24400,45.03441956893414,43.17541355530467,44.96543922093717,51.45671396112077,58.479939455652044,6.27,7.0,-1.33,0.76
LCII,1994-03-14,1.473282488616737,1.473282488616737,1.3967483333639195,1.415881872177124,35200,45.48728033888003,43.57489413827889,44.677419001964125,50.853328451274585,58.537049514531525,6.22,2.0,-1.34,0.82
LCII,1994-03-15,1.435015320777893,1.435015320777893,1.4158817831675212,1.435015320777893,237200,45.27940523379505,43.639886646281795,44.51622899514244,50.622246537436965,58.54311238204502,6.18,2.0,-1.34,0.87
LCII,1994-03-16,1.435015320777893,1.435015320777893,1.435015320777893,1.435015320777893,0,43.75803199355799,43.26192797735292,44.29681350180602,50.622246537436965,58.50658847300206,6.15,1.0,-1.34,0.94
LCII,1994-03-17,1.473282395998637,1.473282395998637,1.435015320777893,1.435015320777893,12400,43.68854719525145,42.78473741051681,42.41648384785419,50.590556939820296,58.50658847300206,6.12,1.0,-1.33,0.85
LCII,1994-03-18,1.435015320777893,1.435015320777893,1.435015320777893,1.435015320777893,4000,43.60634306024313,42.78473741051681,40.44803177250553,50.064413955159424,58.50658847300206,6.09,1.0,-1.33,0.67
LCII,1994-03-21,1.435015320777893,1.435015320777893,1.435015320777893,1.435015320777893,6000,39.564934093627805,42.70107551436615,40.44803177250553,50.025430888594,58.50658847300206,6.05,1.5,-1.33,0.67
LCII,1994-03-22,1.435015320777893,1.435015320777893,1.435015320777893,1.435015320777893,800,39.35780680264878,42.70107551436615,40.44803177250553,49.674082145855024,58.463738582741684,6.02,2.0,-1.33,0.67
LCII,1994-03-23,1.435015293268057,1.4924159049987793,1.435015293268057,1.4924159049987793,9600,39.44505648582774,43.24456795864682,40.91445237306823,48.992535952748284,58.5603642787493,5.97,4.0,-1.35,0.56
LCII,1994-03-24,1.4924155975642956,1.4924155975642956,1.454148530960083,1.454148530960083,15200,39.328024700500464,43.55664108332111,40.5501474975673,49.05786064345542,58.3841207221781,5.91,4.0,-1.35,0.61
LCII,1994-03-25,1.4732823706254725,1.5689500570297241,1.4732823706254725,1.5689500570297241,75200,45.298517941622656,45.98012265129724,41.75224837012422,49.82633570806789,58.813641351653025,5.82,6.0,-1.38,0.82
LCII,1994-03-28,1.5115494451871732,1.5689500570297241,1.4924159079063228,1.5689500570297241,38400,45.146824485394276,45.98012265129724,40.6874866477121,49.7067761681306,58.53435442119317,5.74,5.0,-1.4,0.93
LCII,1994-03-29,1.5689498382278637,1.5689498382278637,1.5115492343902588,1.5115492343902588,36000,46.27203764338362,46.660274659839665,41.158606002511945,49.88651530060933,58.620645738011014,5.65,7.0,-1.41,0.82
LCII,1994-03-30,1.5115492343902588,1.5689498382278637,1.5115492343902588,1.5115492343902588,17600,46.09550546152968,46.660274659839665,41.158606002511945,49.859701393230424,57.64326461589725,5.54,7.5,-1.4,0.82
LCII,1994-03-31,1.5115492671728135,1.5306828022003174,1.5115492671728135,1.5306828022003174,10000,46.18511327453631,46.63973603174706,41.19536347975389,49.84560078731759,54.34391387118707,5.43,9.0,-1.4,0.8
LCII,1994-04-04,1.4924159049987793,1.4924159049987793,1.4924159049987793,1.4924159049987793,10000,44.33559271341389,44.801823515530174,41.41624697322451,49.91490422706553,53.91479400138719,5.32,10.0,-1.39,0.74
LCII,1994-04-05,1.530683070053289,1.549816608428955,1.530683070053289,1.549816608428955,22000,44.63103265598021,45.433433549970765,41.81581898485429,49.81593533363837,53.85436149398177,5.21,12.0,-1.39,0.62
LCII,1994-04-06,1.549816608428955,1.549816608428955,1.5115495316776228,1.549816608428955,2400,42.826305121450325,45.36629010030191,41.81581898485429,49.78863198583808,53.55222448522336,5.1,12.5,-1.39,0.62
LCII,1994-04-07,1.5115492671728135,1.5306828022003174,1.5115492671728135,1.5306828022003174,12000,42.92720510691387,45.14738268772335,41.875506502427015,49.81402553411965,53.45130240056998,4.97,14.0,-1.37,0.61
LCII,1994-04-08,1.5115492343902588,1.5498163036153287,1.5115492343902588,1.5115492343902588,7600,42.57489649627277,44.92215270095085,41.8546567829795,49.577904600330605,53.41721466092386,4.84,14.0,-1.35,0.61
LCII,1994-04-11,1.5498163372278213,1.5689498722553255,1.5306828022003174,1.5306828022003174,30400,42.78299678740023,44.9151466515139,41.344549700413395,49.31398776658575,53.38183960552205,4.76,10.0,-1.34,0.74
LCII,1994-04-12,1.5306828022003174,1.5689498722553255,1.5306828022003174,1.5306828022003174,18800,40.285403603541184,42.20850836330028,40.707086482147524,49.27728662458784,53.36873274581874,4.7,6.0,-1.31,0.86
LCII,1994-04-13,1.5689498722553255,1.5689498722553255,1.5306828022003174,1.5306828022003174,12800,38.13498594720043,42.20850836330028,40.61890627655176,49.27728662458784,53.35518894889104,4.64,5.0,-1.29,0.88
LCII,1994-04-14,1.5306828022003174,1.5689498722553255,1.5306828022003174,1.5306828022003174,28400,38.01030406585369,41.007036845929754,40.565435138951486,49.27728662458784,53.35518894889104,4.57,5.0,-1.26,0.91
LCII,1994-04-15,1.5689500570297241,1.5689500570297241,1.5498165197488738,1.5689500570297241,53600,37.17736862869307,41.31810462803967,40.67642264029552,48.77075728909577,53.28151384824149,4.49,7.0,-1.23,0.87
LCII,1994-04-18,1.549816608428955,1.6072172235559534,1.549816608428955,1.549816608428955,6000,36.56747681378878,41.08406417506423,40.65184362562332,46.11732244903441,53.23328747203164,4.43,7.0,-1.19,0.88
LCII,1994-04-19,1.5498166517777876,1.578516960144043,1.5498166517777876,1.578516960144043,48400,36.89784181230936,40.955518000953575,40.73431519790409,46.12983086247022,53.20328015605955,4.35,11.0,-1.16,0.84
LCII,1994-04-20,1.6072172235559534,1.6072172235559534,1.549816608428955,1.549816608428955,69200,36.46133886677755,41.12207186894848,40.862122675392065,46.04985946842172,53.10453095682755,4.28,12.0,-1.11,0.8
LCII,1994-04-21,1.5689501468046212,1.5689501468046212,1.549816608428955,1.549816608428955,6400,36.31680503037635,40.441008817386134,40.862122675392065,45.903773134289025,53.04686094922878,4.24,12.5,-1.06,0.8
LCII,1994-04-22,1.549816608428955,1.549816608428955,1.549816608428955,1.549816608428955,22000,35.34118071762888,40.36009896138772,40.862122675392065,45.77659324122299,52.98913101150203,4.19,13.0,-1.0,0.8
LCII,1994-04-25,1.549816608428955,1.549816608428955,1.549816608428955,1.549816608428955,10000,35.20158863309019,40.27835153038933,40.81055469579737,45.65516970430975,52.93133527293906,4.14,12.0,-0.94,0.83
LCII,1994-04-26,1.5498165197488738,1.5689500570297241,1.5498165197488738,1.5689500570297241,33600,34.229682185137946,40.285529835674915,40.75717912590931,45.119325549265895,52.93097918940306,4.08,12.0,-0.88,0.84
LCII,1994-04-28,1.5689500570297241,1.5689500570297241,1.5689500570297241,1.5689500570297241,0,34.1097499236447,39.95556436184536,40.75717912590931,44.59528143664505,52.79483685243569,4.03,12.5,-0.81,0.84
LCII,1994-04-29,1.5880836851802873,1.5880836851802873,1.549816608428955,1.549816608428955,8400,34.386977847604456,39.30650537809431,40.81915699639948,44.5034715035221,52.74438346175806,3.96,15.0,-0.73,0.82
LCII,1994-05-02,1.5689501468046212,1.5689501468046212,1.5115495316776228,1.549816608428955,8000,34.386977847604456,39.23062669877581,40.81915699639948,44.5034715035221,52.4948630518635,3.9,15.5,-0.64,0.82
LCII,1994-05-03,1.5115492343902588,1.5498163036153287,1.5115492343902588,1.5115492343902588,9200,35.30038663905943,39.48381897270438,41.0410854661896,44.60684539595012,52.30217777454575,3.82,21.0,-0.55,0.76
LCII,1994-05-04,1.5115492343902588,1.5115492343902588,1.5115492343902588,1.5115492343902588,4000,35.30038663905943,37.21492927141948,40.799449508128944,43.765198468125206,52.2848798627231,3.75,14.0,-0.44,0.85
LCII,1994-05-05,1.5115492343902588,1.5115492343902588,1.5115492343902588,1.5115492343902588,4000,35.30038663905943,37.12480507392803,40.50093499437887,43.23522893592101,52.213342409499866,3.67,4.0,-0.34,0.93
LCII,1994-05-06,1.5689500570297241,1.5689500570297241,1.5115494451871732,1.5689500570297241,8800,35.12459412463579,37.08399989815621,40.340853575075315,43.41592758221261,52.07398553650149,3.58,1.0,-0.23,0.95
LCII,1994-05-09,1.5115492671728135,1.5306828022003174,1.5115492671728135,1.5306828022003174,25200,35.03871976400053,37.08399989815621,40.50345526777752,43.24392467287455,51.97962491042358,3.48,6.0,-0.12,0.92
LCII,1994-05-10,1.5115494451871732,1.5689500570297241,1.5115494451871732,1.5689500570297241,88000,28.046125524645383,37.35397709883498,39.543570080230026,43.22463699963974,51.73243126612369,3.38,1.0,0.01,0.94
LCII,1994-05-11,1.5689502049641437,1.5880837440490725,1.5689502049641437,1.5880837440490723,98800,28.26530114770699,37.35601145632056,39.57461144674435,43.12176586075357,50.945083848864,3.28,2.0,0.14,0.92
LCII,1994-05-12,1.5689500570297241,1.6072171315914248,1.5689500570297241,1.5689500570297241,34000,26.21798771380452,37.35797900816699,39.63803716714085,43.120923391107226,50.724167619367876,3.16,3.0,0.28,0.9
LCII,1994-05-13,1.6072171315914248,1.6072171315914248,1.5689500570297241,1.5689500570297241,34000,26.21798771380452,37.27175427840844,39.394878963708635,43.087991790378084,50.69317158041008,3.03,1.0,0.46,1.0
LCII,1994-05-16,1.5689500570297241,1.5689500570297241,1.5689500570297241,1.5689500570297241,3200,25.99790831794409,37.19363260051583,39.07849830328007,42.97353497163134,50.59423319964075,2.91,1.0,0.63,1.09
LCII,1994-05-17,1.6263506688722749,1.6263506688722749,1.5689500570297241,1.5689500570297241,2000,24.793416922766063,35.865803302514564,39.07849830328007,42.8486356726408,50.50072844793443,2.9,1.5,0.79,1.09
LCII,1994-05-18,1.5689500570297241,1.5880835943105744,1.5689500570297241,1.5689500570297241,21600,22.310353563795402,35.12252118011224,39.025759169796906,42.58845917109048,50.472889744345764,2.89,1.0,1.0,1.12
LCII,1994-05-19,1.5976503629509995,1.6263506688722749,1.5689500570297241,1.5689500570297241,44000,22.310353563795402,33.909708417526225,39.025759169796906,42.31237437732091,50.38178097759379,2.88,1.5,1.22,1.12
LCII,1994-05-20,1.5689500570297241,1.6072171315914248,1.5689500570297241,1.5689500570297241,53200,21.977526673907896,33.909708417526225,38.935266565594766,42.19581373639919,50.354879969047126,2.88,1.0,1.37,1.15
LCII,1994-05-23,1.5689500266683016,1.5833004713058472,1.5689500266683016,1.5833004713058472,98000,21.725614957928414,33.63353953949934,38.89803512279719,42.18104411022665,50.34041767601154,2.87,1.0,1.56,1.17
LCII,1994-05-24,1.6263502836227417,1.6263502836227417,1.5689496853772333,1.6263502836227417,30000,22.72388019132806,34.088328643262514,39.00238454048615,42.263974969863895,50.40672921697452,2.86,3.0,1.53,1.1
LCII,1994-05-25,1.5689500570297241,1.5689500570297241,1.5689500570297241,1.5689500570297241,2000,25.24769026781783,33.48545351571375,39.47245102042204,41.673424768015124,50.54223319631408,2.85,9.0,1.38,0.99
LCII,1994-05-26,1.6263502836227417,1.6263502836227417,1.6263502836227417,1.6263502836227417,12000,27.21686356542561,32.97631858955002,39.787764326188466,41.83888590800502,50.004735065044606,2.86,13.0,1.15,0.88
LCII,1994-05-27,1.5689496853772333,1.6263502836227417,1.5689496853772333,1.6263502836227417,10400,27.21686356542561,32.878679393171254,39.787764326188466,41.797119069484836,50.004735065044606,2.86,13.5,0.58,0.88
LCII,1994-05-31,1.6263502836227417,1.6263502836227417,1.6263502836227417,1.6263502836227417,11200,26.356786899975237,31.951652283796694,39.739722274028885,41.76711316013752,49.50332921761163,2.86,13.0,-0.09,0.91
LCII,1994-06-01,1.6454843907129195,1.6454843907129195,1.5880837724322363,1.6072173118591309,37200,26.33772667596268,31.594600789011757,38.27806741293415,41.75370937600552,49.2606262714097,2.86,1.0,-0.05,0.94
LCII,1994-06-02,1.5880837724322363,1.6072173118591309,1.5880837724322363,1.6072173118591309,3600,25.832326078619598,31.594600789011757,38.27806741293415,41.75370937600552,48.966213092958625,2.88,1.5,-0.02,0.94
LCII,1994-06-03,1.6837514695667084,1.6837514695667084,1.6072173118591309,1.6072173118591309,34400,25.202402929349017,31.08341244929954,38.22884314087132,41.59049470360953,48.966213092958625,2.9,1.0,0.04,0.96
LCII,1994-06-06,1.6837514638900757,1.6837514638900757,1.6072173064405266,1.6837514638900757,14000,28.410307300879634,32.338067677729235,38.69924754066976,41.93222990277176,49.057925317774156,2.92,4.0,0.07,0.87
LCII,1994-06-07,1.6072173118591309,1.6454843907129195,1.6072173118591309,1.6072173118591309,17600,31.800452423366316,33.34894494009944,39.23724129660264,42.31669756821586,49.157084431599884,2.93,12.0,0.07,0.83
LCII,1994-06-08,1.6072173118591309,1.6072173118591309,1.6072173118591309,1.6072173118591309,4000,31.800452423366316,33.26667062820303,39.17896192122886,42.27087755450775,49.13077587441033,2.94,12.0,0.09,0.85
LCII,1994-06-09,1.607216750874239,1.6837508818682503,1.607216750874239,1.6263502836227417,72000,31.787528811329192,32.79840946299113,37.418198870102884,42.240497217258586,49.10342911763063,2.96,1.0,0.07,0.67
LCII,1994-06-10,1.6072173064405266,1.6837514638900757,1.6072173064405266,1.6837514638900757,3200,33.23083347092439,33.390267531779116,37.81839574726059,42.281104236350906,48.9535873309631,2.97,2.0,0.04,0.56
LCII,1994-06-13,1.607216750874239,1.6454838163712446,1.607216750874239,1.6263502836227417,206800,34.69101848660918,34.253971015294624,37.41492268280119,42.45223387684583,48.791611160171385,2.98,1.0,-0.0,0.57
LCII,1994-06-14,1.6072173118591309,1.6454843907129195,1.6072173118591309,1.6072173118591309,16000,34.9075231400781,34.37041289027344,37.466929983337934,42.43376793947352,48.809991557978485,2.98,3.0,-0.02,0.55
LCII,1994-06-15,1.664617657661438,1.683751193956397,1.6263505850715199,1.664617657661438,63600,35.328480649346346,35.03400764273491,37.673718489281804,42.61890934591402,48.92438496730799,2.98,4.0,-0.09,0.5
LCII,1994-06-16,1.6263505850715199,1.683751193956397,1.6263505850715199,1.664617657661438,24800,35.328480649346346,35.03400764273491,37.4847433662641,42.294966482857035,48.92438496730799,2.99,4.0,-0.14,0.57
LCII,1994-06-17,1.664617657661438,1.683751193956397,1.6263505850715199,1.664617657661438,170800,35.328480649346346,35.03400764273491,37.4847433662641,42.249833896613126,48.45656023252538,3.0,4.5,-0.18,0.57
LCII,1994-06-20,1.683751527653184,1.683751527653184,1.645484447479248,1.645484447479248,103200,34.04969661500724,34.29698014033581,37.07076607468368,42.10392399863859,48.18429178845155,3.01,1.0,-0.24,0.66
LCII,1994-06-21,1.664617987566216,1.683751527653184,1.645484447479248,1.645484447479248,47600,33.13335344598702,33.81378953993265,37.02357701460265,41.51520946221974,48.158562529967384,3.01,1.0,-0.29,0.69
LCII,1994-06-22,1.6837508818682503,1.6837508818682503,1.6263502836227417,1.6263502836227417,30800,32.68231568650688,30.20861770265767,37.02594606914134,40.886571397218475,48.17657440637683,3.02,2.0,-0.32,0.7
LCII,1994-06-23,1.6454838163712446,1.6454838163712446,1.6263502836227417,1.6263502836227417,30800,32.51866613415113,30.20861770265767,36.9729133627071,40.27869166108406,48.06693272142193,3.04,1.0,-0.36,0.71
LCII,1994-06-24,1.6072173118591309,1.6263508512860252,1.6072173118591309,1.6072173118591309,20400,32.50885443642221,29.282185113329966,36.80711079181901,40.30814704705797,46.82286274362744,3.06,1.0,-0.36,0.76
LCII,1994-06-27,1.664617657661438,1.664617657661438,1.664617657661438,1.664617657661438,800,33.99063956862924,30.101473221023774,36.764816826724974,39.830388731603705,46.40414993507449,3.07,1.0,-0.41,0.77
LCII,1994-06-28,1.664617657661438,1.664617657661438,1.664617657661438,1.664617657661438,4000,33.99063956862924,30.015919168599215,36.70945217620626,39.830388731603705,46.200059196562485,3.08,1.0,-0.46,0.78
LCII,1994-06-29,1.6072173118591309,1.6454843907129195,1.6072173118591309,1.6072173118591309,13200,35.648738743495784,30.451138574740465,37.08977141606633,40.06725112142753,46.34012845203627,3.09,8.0,-0.47,0.69
LCII,1994-06-30,1.6072173118591309,1.6072173118591309,1.6072173118591309,1.6072173118591309,0,35.648738743495784,29.4856542399363,35.638452279281815,39.91602362748508,46.314474266661016,3.1,1.0,-0.4,0.61
LCII,1994-07-01,1.6263502836227417,1.6454838163712446,1.6263502836227417,1.6263502836227417,50000,35.79028365355948,29.5748710877699,35.62831821191787,39.93498668742383,45.91413183473902,3.1,1.0,-0.34,0.61
LCII,1994-07-05,1.607217367305312,1.645484447479248,1.607217367305312,1.645484447479248,82800,35.9165901566956,29.527199234175562,35.168587538457516,39.810493294728566,45.89488376262014,3.11,1.0,-0.35,0.74
LCII,1994-07-06,1.607216750874239,1.6263502836227417,1.607216750874239,1.6263502836227417,6800,36.04402613410776,29.510154151088003,35.011343589402415,39.83993385339502,45.638140720826655,3.11,1.0,-0.38,0.82
LCII,1994-07-07,1.607216750874239,1.6263502836227417,1.607216750874239,1.6263502836227417,70800,35.19543654562545,29.415801970017814,34.960527512472275,39.808452728860615,44.94978047128392,3.11,1.0,-0.39,0.85
LCII,1994-07-08,1.6837514695667084,1.6837514695667084,1.6072173118591309,1.6072173118591309,6000,33.71964995916555,29.532910092108764,34.961359662383614,39.53134016947203,44.93769575088099,3.11,2.0,-0.39,0.87
LCII,1994-07-11,1.6072173064405266,1.6837514638900757,1.6072173064405266,1.6837514638900757,10400,34.80049284560302,30.981510350724317,35.677180446616404,39.776067522329974,45.14421479933847,3.09,7.0,-0.44,0.71
LCII,1994-07-12,1.6837514638900757,1.6837514638900757,1.6072173064405266,1.6837514638900757,14400,34.80049284560302,30.981510350724317,35.63047025713108,39.632887233039696,45.049687355647755,3.07,6.0,-0.47,0.73
LCII,1994-07-13,1.6072173064405266,1.6837514638900757,1.6072173064405266,1.6837514638900757,135200,34.80049284560302,30.60601087899209,35.57470077300925,38.50429683696557,45.028699676755764,3.05,5.0,-0.52,0.75
LCII,1994-07-14,1.6837508818682503,1.6837508818682503,1.607216750874239,1.6263502836227417,42400,36.14595798144086,31.3620890911244,35.22111488646289,37.5273965712264,45.14907435553,3.02,5.0,-0.49,0.83
LCII,1994-07-15,1.6072173064405266,1.6837514638900757,1.6072173064405266,1.6837514638900757,10400,37.486180717278344,31.926101029374,35.240679044697956,37.73921663761758,45.24889570964526,2.99,6.0,-0.55,0.82
LCII,1994-07-18,1.6837514638900757,1.6837514638900757,1.6837514638900757,1.6837514638900757,0,37.486180717278344,31.669693528910557,34.48608150301494,37.73921663761758,45.22846802010112,2.95,1.0,-0.56,0.93
LCII,1994-07-19,1.6837508818682503,1.6837508818682503,1.6263502836227417,1.6263502836227417,22000,36.393540305648486,32.52066203131908,34.92870155429667,37.976055920042704,45.14047151251249,2.91,2.0,-0.54,0.83
LCII,1994-07-20,1.607217367305312,1.683751527653184,1.607217367305312,1.645484447479248,7600,33.91467291245368,32.59657408425717,34.77494207585778,37.642624648142345,45.13127773739749,2.88,2.0,-0.57,0.85
LCII,1994-07-21,1.6454841213664788,1.664617657661438,1.6072170487765607,1.664617657661438,23200,34.056652642683204,32.66747591705978,34.821344603482466,37.340873824018296,45.14353483175533,2.87,3.0,-0.6,0.83
LCII,1994-07-22,1.645484447479248,1.645484447479248,1.607217367305312,1.645484447479248,33200,34.09501624782247,32.68733888906416,34.073749829627666,36.72485518340445,44.95606336371883,2.88,1.0,-0.59,1.0
LCII,1994-07-25,1.6072167973769338,1.6072167973769338,1.454148530960083,1.454148530960083,19600,48.20672208124389,41.45630557054907,38.63258840800416,39.58766085482575,46.43547790765271,2.82,35.0,-0.66,5.92
LCII,1994-07-26,1.4541488333446222,1.5689500570297241,1.4541488333446222,1.5689500570297241,3200,52.721796233493755,44.303628343660506,40.47604242409552,40.57949373192991,47.018165856300946,2.78,58.0,-0.66,5.32
LCII,1994-07-27,1.5689500570297241,1.5689500570297241,1.5689500570297241,1.5689500570297241,0,52.62581085442586,44.303628343660506,40.04614915704829,40.57949373192991,47.018165856300946,2.73,54.0,-0.64,5.67
LCII,1994-07-28,1.5689500570297241,1.5689500570297241,1.5689500570297241,1.5689500570297241,400,51.51705516009483,43.99126780619773,39.83587129846381,40.57949373192991,47.018165856300946,2.67,54.0,-0.58,5.86
LCII,1994-07-29,1.5689500570297241,1.5689500570297241,1.5689500570297241,1.5689500570297241,800,51.51705516009483,43.99126780619773,39.83587129846381,40.57949373192991,46.58569692282717,2.61,54.5,-0.52,5.86
LCII,1994-08-01,1.5689500570297241,1.5689500570297241,1.5689500570297241,1.5689500570297241,5600,51.51705516009483,43.99126780619773,39.609196411420456,40.57949373192991,44.58762175886885,2.55,50.0,-0.43,6.08
LCII,1994-08-02,1.5689498722553255,1.5689498722553255,1.4541486620903015,1.5306828022003174,7600,51.86882098224177,43.617603295083576,39.763764930178795,40.69342279031959,44.63489249978822,2.49,53.0,-0.37,5.91
LCII,1994-08-03,1.4541488305116312,1.5306829794859276,1.4541488305116312,1.4924159049987793,30400,52.28393834504153,43.63264844779091,39.74699510424645,40.769436170348236,44.61203051446251,2.42,53.0,-0.37,5.93
LCII,1994-08-04,1.4924159049987793,1.4924159049987793,1.4924159049987793,1.4924159049987793,0,52.22970227858954,43.3179080450771,39.69355028067488,40.44783095839263,44.50757091164162,2.35,52.0,-0.35,5.96
LCII,1994-08-05,1.454148530960083,1.454148530960083,1.454148530960083,1.454148530960083,5200,52.64681475229327,43.5343429374496,39.68174650978586,40.226708522860335,44.49010621989402,2.28,52.0,-0.43,5.97
LCII,1994-08-08,1.454148530960083,1.4732820642621893,1.454148530960083,1.454148530960083,23200,52.60023378296004,43.478492520551,39.625636727038014,40.18320946330272,44.397711713268464,2.21,51.0,-0.46,6.01
LCII,1994-08-09,1.454148530960083,1.454148530960083,1.454148530960083,1.454148530960083,0,51.34071125279315,43.478492520551,39.625636727038014,40.147489415720386,43.99856156028848,2.15,51.5,-0.49,6.01
LCII,1994-08-10,1.454148530960083,1.454148530960083,1.454148530960083,1.454148530960083,3200,51.34071125279315,43.478492520551,39.625636727038014,40.112414587238646,43.60776361610141,2.12,52.0,-0.53,6.01
LCII,1994-08-11,1.454148530960083,1.454148530960083,1.454148530960083,1.454148530960083,4400,50.52501990883845,43.478492520551,39.625636727038014,40.07044854768962,43.518068160053694,2.11,52.5,-0.57,6.01
LCII,1994-08-12,1.4924159049987793,1.4924159049987793,1.4924159049987793,1.4924159049987793,14000,51.230031281990705,43.835241454201785,39.83741076528376,40.18177480381664,43.594239483617805,2.11,65.0,-0.62,5.86
LCII,1994-08-15,1.4924159049987793,1.4924159049987793,1.4924159049987793,1.4924159049987793,0,51.057422172561694,43.835241454201785,39.83741076528376,40.18177480381664,43.594239483617805,2.11,65.5,-0.68,5.86
LCII,1994-08-16,1.511549130866402,1.5306826641685083,1.454148530960083,1.454148530960083,36400,51.29072041054157,44.136354945020926,39.56334711844177,40.306811048288615,43.067919047482846,2.1,49.0,-0.67,5.99
LCII,1994-08-17,1.5306828238747336,1.5306828238747336,1.4732822179794312,1.4732822179794312,10400,51.47483983503447,44.183636131964974,39.402554492300965,40.33328199254121,42.698621649975756,2.09,47.0,-0.68,6.17
LCII,1994-08-18,1.4732822179794312,1.4732822179794312,1.4732822179794312,1.4732822179794312,8000,51.47483983503447,43.797167049706744,37.478334123476245,40.29874474737464,42.67379046981421,2.08,28.0,-0.74,6.98
LCII,1994-08-19,1.4732822179794312,1.4732822179794312,1.4732822179794312,1.4732822179794312,1200,51.41848351429677,43.21092987460517,37.478334123476245,40.256596685729775,42.46905494363097,2.07,28.5,-0.8,6.98
LCII,1994-08-22,1.4732822179794312,1.4732822179794312,1.4732822179794312,1.4732822179794312,20400,49.25534432994401,42.51942998384794,37.014930335472414,40.256596685729775,42.38362754532306,2.06,21.0,-0.82,7.49
LCII,1994-08-23,1.5115494422423534,1.5115494422423534,1.4732823677552052,1.4924159049987793,14000,49.49804695994448,42.622891149932826,37.073836140985534,40.28205300932684,42.31502958611615,2.06,25.0,-0.83,7.45
LCII,1994-08-24,1.4732822179794312,1.4924157532778652,1.4541486826809968,1.4732822179794312,40000,49.54821470237671,42.686356344804494,37.07221862366203,40.31478184144331,42.3141443446229,2.05,25.0,-0.87,7.41
LCII,1994-08-25,1.5115492343902588,1.5115492343902588,1.5115492343902588,1.5115492343902588,7200,49.43422190827522,42.99420967152929,37.08235610954827,40.421888789044786,42.36796178643747,2.03,27.0,-0.85,7.48
LCII,1994-08-26,1.4541486826809968,1.5115492885762993,1.4541486826809968,1.4732822179794312,21600,48.58196810696337,43.28831217620564,36.809929708041885,40.40034357933921,42.36191870235109,2.02,20.0,-0.9,7.63
LCII,1994-08-29,1.473282488616737,1.473282488616737,1.415881872177124,1.415881872177124,37600,49.61981045239856,43.99187025749025,37.33288315674361,40.52665806445783,42.462613645164325,1.99,30.0,-0.84,7.05
LCII,1994-08-30,1.4158817831675212,1.4541488583882651,1.3584811703364055,1.435015320777893,65600,49.14084630955792,42.939429071787856,37.35534024638037,40.228537074955455,42.291827510170336,1.97,31.0,-0.85,7.07
LCII,1994-08-31,1.435015320777893,1.435015320777893,1.435015320777893,1.435015320777893,0,48.929108424930746,41.95721466773886,37.30639192410962,40.19502171159015,42.09860274134992,1.94,30.0,-0.86,7.15
LCII,1994-09-01,1.435015320777893,1.435015320777893,1.435015320777893,1.435015320777893,0,48.712331627646776,41.95721466773886,37.247366181434295,39.592178564430746,42.01174752805208,1.92,30.0,-0.88,7.19
LCII,1994-09-02,1.3584812557375108,1.415881872177124,1.3584812557375108,1.415881872177124,2400,48.737286049131576,41.92365143303456,37.302355071307595,39.62700971809202,42.01197737276588,1.91,31.0,-0.88,7.11
LCII,1994-09-06,1.415881872177124,1.415881872177124,1.415881872177124,1.415881872177124,0,33.3295430997602,41.21292412333275,37.302355071307595,39.62700971809202,41.99126228637351,1.9,31.5,-0.89,7.11
LCII,1994-09-07,1.415881872177124,1.415881872177124,1.415881872177124,1.415881872177124,0,24.096967818308425,40.67945726934999,37.302355071307595,39.47796117016094,41.41690833816989,1.89,32.0,-0.91,7.11
LCII,1994-09-08,1.3584812557375108,1.415881872177124,1.3584812557375108,1.415881872177124,2000,24.096967818308425,40.63338394537337,37.07843073752964,39.31844143739617,41.3909373679734,1.88,28.0,-0.94,7.3
LCII,1994-09-09,1.3584816455841064,1.3584816455841064,1.3584816455841064,1.3584816455841064,4000,26.456013915203826,40.66529002293161,37.58772058546515,39.6303054598759,41.57386342368168,1.86,45.0,-0.81,6.79
LCII,1994-09-12,1.3584813434783725,1.396748423576355,1.3584813434783725,1.396748423576355,57600,28.06996225291105,41.159623181152206,37.74280628345589,39.726620590087194,41.64062741064277,1.85,47.0,-0.85,6.66
LCII,1994-09-13,1.3584816455841064,1.415882278496111,1.339348101280105,1.3584816455841064,57600,28.879670872741166,41.46789849950604,37.88115875714993,39.86623108876227,41.7085376213409,1.83,49.0,-0.79,6.52
LCII,1994-09-14,1.3776147365570068,1.3776147365570068,1.301080584526062,1.301080584526062,25600,30.440203610944437,42.23303678438076,38.45849019926526,40.15712697140928,41.93315244537257,1.81,53.0,-0.48,5.98
LCII,1994-09-15,1.301080584526062,1.301080584526062,1.301080584526062,1.301080584526062,4800,29.881201789521803,42.23303678438076,38.45849019926526,40.11884823426344,41.82590393055373,1.79,53.5,-0.32,5.98
LCII,1994-09-16,1.301080584526062,1.301080584526062,1.301080584526062,1.301080584526062,55200,29.881201789521803,42.20899704878213,38.45849019926526,40.08010462842566,41.82590393055373,1.77,54.0,-0.25,5.98
LCII,1994-09-19,1.301080584526062,1.301080584526062,1.301080584526062,1.301080584526062,4000,29.205231189078717,42.20899704878213,38.393906872202734,40.08010462842566,41.82590393055373,1.75,53.0,-0.25,6.03
LCII,1994-09-20,1.301080584526062,1.301080584526062,1.301080584526062,1.301080584526062,800,29.205231189078717,42.181485868104055,38.393906872202734,40.041752260253595,41.79737258097899,1.72,53.5,-0.28,6.03
LCII,1994-09-21,1.301080584526062,1.301080584526062,1.301080584526062,1.301080584526062,10000,29.205231189078717,41.41556676400375,38.35871365079286,40.041752260253595,41.76771138380647,1.7,53.0,-0.33,6.08
LCII,1994-09-22,1.3010804108210972,1.3776145526341028,1.2628133399145944,1.3393474817276,47600,30.69537294436587,41.96080888925231,38.66713534850133,40.15164888377961,41.75499650579318,1.68,60.0,-0.44,5.86
LCII,1994-09-23,1.2628133617230315,1.3010804332903962,1.2628133617230315,1.2819468975067139,36800,32.9014576370536,42.27663552117447,39.07157806996134,39.61701608042018,41.958359376412766,1.66,67.0,-0.46,5.55
LCII,1994-09-26,1.3202139462743487,1.3393474817276,1.3202139462743487,1.3393474817276,15600,34.67989869204379,43.38202137060378,39.731758226907424,39.96311049302572,42.15531259177373,1.64,86.0,-0.55,5.16
LCII,1994-09-27,1.3393474817276,1.3393474817276,1.3393474817276,1.3393474817276,0,34.67989869204379,43.276397652034646,39.731758226907424,39.929724216854694,42.15531259177373,1.63,86.5,-0.64,5.16
LCII,1994-09-28,1.3010805231152158,1.3010805231152158,1.2628134489059448,1.2628134489059448,2400,37.69860254142717,44.63003589690497,40.28785216331286,40.39662947355444,42.32106505001149,1.63,98.0,-0.66,4.8
LCII,1994-09-29,1.3202141225337982,1.3202141225337982,1.301080584526062,1.301080584526062,24000,38.68690964380375,45.14964849833174,40.44188460920925,40.438564141154934,42.39956618226356,1.63,99.0,-0.73,4.78
LCII,1994-09-30,1.301080584526062,1.301080584526062,1.301080584526062,1.301080584526062,0,38.68690964380375,45.14964849833174,40.222225255784736,40.41384610698254,42.28599821364072,1.64,97.0,-0.81,4.9
LCII,1994-10-03,1.3393474817276,1.3776145526341028,1.3010804108210972,1.3393474817276,44000,39.85138068475521,45.60900317783743,40.45999385165441,39.5810964465365,41.9494325677789,1.65,99.0,-0.89,4.76
LCII,1994-10-04,1.3010808096991646,1.377614974975586,1.3010808096991646,1.377614974975586,11200,40.86992459144654,44.90703880051639,40.70077613191874,39.731313156047015,41.59691771358333,1.66,100.0,-0.96,4.65
LCII,1994-10-05,1.3202137947082522,1.377614394478176,1.2819467281949695,1.320213794708252,11200,42.22322248843971,45.6131525907183,41.22355537969841,39.63220766533813,41.37793655282727,1.69,100.0,-1.03,4.28
LCII,1994-10-06,1.2819468975067139,1.2819468975067139,1.2819468975067139,1.2819468975067139,800,42.790144157727546,45.89892114569131,41.45598895264047,39.77616953252436,41.48276192706333,1.72,100.0,-1.08,4.09
LCII,1994-10-07,1.3393475048577608,1.3393475048577608,1.2819468975067139,1.2819468975067139,5600,41.84841085548805,45.4745142009259,41.45598895264047,39.65888414176038,41.03467802054849,1.75,99.5,-1.13,4.09
LCII,1994-10-10,1.2819468975067139,1.2819468975067139,1.2819468975067139,1.2819468975067139,0,41.43334211729635,44.76535107188014,41.45598895264047,39.5454796337263,41.03467802054849,1.78,99.0,-1.17,4.09
LCII,1994-10-11,1.2819468975067139,1.2819468975067139,1.2819468975067139,1.2819468975067139,0,40.08665411427141,44.76535107188014,41.45598895264047,39.5454796337263,41.03467802054849,1.81,98.5,-1.22,4.09
LCII,1994-10-12,1.301080584526062,1.301080584526062,1.301080584526062,1.301080584526062,5200,40.13915785261022,44.490391576787744,41.54099079567691,39.36903009789896,40.946182985885976,1.84,100.0,-1.26,4.06
LCII,1994-10-13,1.301080584526062,1.301080584526062,1.301080584526062,1.301080584526062,4000,40.13915785261022,44.381734993210586,41.504877643642786,39.33768494049974,40.946182985885976,1.87,99.0,-1.31,4.07
LCII,1994-10-14,1.301080584526062,1.301080584526062,1.301080584526062,1.301080584526062,1600,40.13915785261022,44.27267365960806,41.24889590682944,39.30672318082777,40.83721193769658,1.89,94.0,-1.34,4.2
LCII,1994-10-17,1.301080584526062,1.301080584526062,1.301080584526062,1.301080584526062,400,40.032392657765925,44.25292857818377,40.89450405806721,39.28506640430888,40.83721193769658,1.91,92.0,-1.37,4.46
LCII,1994-10-18,1.301080584526062,1.301080584526062,1.301080584526062,1.301080584526062,0,40.032392657765925,36.55291642828414,40.444320739693744,39.18428187709707,40.81090197986331,1.91,88.0,-1.4,4.7
LCII,1994-10-19,1.3010804108210972,1.3393474817276,1.3010804108210972,1.3393474817276,6400,41.07766524802461,33.41222370523232,40.74568502384188,39.089048302510015,40.69099449931127,1.93,91.0,-1.42,4.54
LCII,1994-10-20,1.3393476605415344,1.3393476605415344,1.301080584526062,1.301080584526062,18000,41.81656986652004,33.83988879541825,40.96975029457845,39.20769084053462,40.69893230361195,1.94,92.0,-1.43,4.35
LCII,1994-10-21,1.3393474817276,1.3393474817276,1.3393474817276,1.3393474817276,10000,41.145359814001445,34.469633758230195,41.2378159854189,39.3449877097545,40.71308916689315,1.96,93.0,-1.44,4.23
LCII,1994-10-24,1.3393474817276,1.3393474817276,1.3393474817276,1.3393474817276,14000,40.2661798823469,34.469633758230195,41.2378159854189,38.62656289557416,39.90986651519975,1.98,92.5,-1.45,4.23
LCII,1994-10-25,1.3393474817276,1.3393474817276,1.3393474817276,1.3393474817276,2000,39.48196951504887,34.469633758230195,41.2378159854189,38.59305794049727,39.101267350135856,2.01,92.0,-1.46,4.23
LCII,1994-10-26,1.3393474817276,1.3393474817276,1.3393474817276,1.3393474817276,2400,37.34985195123052,34.16491399019121,40.50434811215775,38.31675524029217,39.101267350135856,2.02,85.0,-1.46,4.57
LCII,1994-10-27,1.3393478923373752,1.377614974975586,1.3393478923373752,1.377614974975586,3200,38.169941663487094,34.37866601300214,40.16215173010415,38.35145641870483,39.20342460180297,2.02,78.0,-1.45,4.86
LCII,1994-10-28,1.3393474817276,1.3393474817276,1.3393474817276,1.3393474817276,32000,39.1527311402209,34.81399398005093,40.38300092719527,38.457661414006836,39.30451190805373,2.03,80.0,-1.44,4.67
LCII,1994-10-31,1.3393474817276,1.3393474817276,1.3393474817276,1.3393474817276,1600,39.1527311402209,34.448753143135484,40.32478000957237,38.427101771511914,39.07278200791772,2.04,79.0,-1.43,4.69
LCII,1994-11-01,1.3393474817276,1.3393474817276,1.3393474817276,1.3393474817276,3200,39.1527311402209,34.448753143135484,39.89647241124157,38.40512019614334,38.83906785933217,2.05,74.0,-1.41,4.93
LCII,1994-11-02,1.3393474817276,1.3393474817276,1.3393474817276,1.3393474817276,0,39.1527311402209,34.448753143135484,39.55804025847063,38.37451871234298,38.41445209004676,2.05,57.0,-1.39,5.23
LCII,1994-11-03,1.3393474817276,1.3393474817276,1.3393474817276,1.3393474817276,22000,38.24073369086105,34.448753143135484,39.527304602907485,38.35250699923075,38.41445209004676,2.05,56.0,-1.37,5.27
LCII,1994-11-04,1.3393474817276,1.3393474817276,1.3393474817276,1.3393474817276,13600,35.917551942785266,34.448753143135484,39.08315248282229,37.92491761524366,38.41445209004676,2.05,54.0,-1.34,5.55
LCII,1994-11-07,1.3584816455841064,1.3584816455841064,1.3584816455841064,1.3584816455841064,20000,33.8497360834282,34.13227547405324,39.1680166021168,37.73924915538876,38.44020727355436,2.05,54.0,-1.3,5.5
LCII,1994-11-08,1.3393474817276,1.3393474817276,1.3393474817276,1.3393474817276,5600,34.115576078843354,34.228122453880005,39.21398452322601,37.404149274066846,38.46700537429818,2.04,54.0,-1.26,5.43
LCII,1994-11-09,1.3393474817276,1.3489142494542259,1.3393474817276,1.3393474817276,50000,29.20601584436544,33.85656188970565,39.18647951360004,37.404149274066846,38.46700537429818,2.04,53.0,-1.21,5.48
LCII,1994-11-10,1.3393474817276,1.3489142494542259,1.3393474817276,1.3393474817276,48000,27.984701207908657,33.724114457074265,39.18647951360004,37.30938034007158,38.46700537429818,2.04,52.5,-1.16,5.48
LCII,1994-11-11,1.3584814336564806,1.377614974975586,1.3393478923373752,1.377614974975586,40400,29.07019964690807,34.27054803635082,39.44708358783096,37.46870574965153,38.569179273150965,2.03,55.0,-1.1,5.34
LCII,1994-11-14,1.3393474817276,1.3393474817276,1.3393474817276,1.3393474817276,16000,29.16308924192432,34.71468706732232,39.669774573616095,37.18026928931674,38.64452664451785,2.03,63.0,-1.04,5.12
LCII,1994-11-15,1.3393474817276,1.3393474817276,1.3393474817276,1.3393474817276,25600,27.914594177060682,34.71468706732232,39.63912555546308,36.78860686755074,38.39547834303533,2.02,62.0,-0.97,5.17
LCII,1994-11-16,1.3393474817276,1.3584810171808515,1.3393474817276,1.3393474817276,85200,24.970441940539104,34.5850903478839,39.19624055475567,36.76564567605585,38.14280001351184,2.02,50.0,-0.9,5.43
LCII,1994-11-17,1.3393474817276,1.3393474817276,1.3393474817276,1.3393474817276,11600,23.310618965012207,34.50922204770535,39.19624055475567,36.51722446061187,38.11222024006259,2.01,49.5,-0.83,5.43
LCII,1994-11-18,1.3393474817276,1.3776145526341028,1.3393474817276,1.3393474817276,51200,23.310618965012207,34.041949578014794,38.84033172022864,36.40003357748494,38.0832306994378,2.0,43.0,-0.74,5.77
LCII,1994-11-21,1.358481153528741,1.358481153528741,1.3393476161550968,1.348914384841919,44400,23.363096397753367,33.73145521749519,38.86526258045519,36.41142900755431,38.06129183032722,1.98,43.0,-0.64,5.76
LCII,1994-11-22,1.3393474817276,1.3393474817276,1.3393474817276,1.3393474817276,55200,23.498707969898113,32.80029675317196,38.81303299438228,36.29430647745764,38.03869607631034,1.95,41.0,-0.54,5.77
LCII,1994-11-23,1.3202137947082522,1.3202137947082522,1.3202137947082522,1.320213794708252,16000,23.580660091301272,32.77584241447565,38.80061498268144,36.295639799143295,38.06656026663317,1.92,40.0,-0.42,5.74
LCII,1994-11-25,1.3202137947082522,1.3202137947082522,1.3202137947082522,1.320213794708252,0,23.580660091301272,32.77584241447565,38.77218064934915,36.166564692892536,38.06656026663317,1.88,39.0,-0.3,5.79
LCII,1994-11-28,1.3202137947082522,1.3202137947082522,1.3202137947082522,1.320213794708252,0,23.580660091301272,32.77584241447565,38.77218064934915,36.12982403819615,38.06656026663317,1.84,38.5,-0.16,5.79
LCII,1994-11-29,1.3202137947082522,1.3202137947082522,1.3202137947082522,1.320213794708252,400,23.580660091301272,32.68065823481265,38.74194032310803,35.9958261419115,38.06656026663317,1.8,37.0,-0.01,5.83
LCII,1994-11-30,1.3202137947082522,1.3202137947082522,1.3202137947082522,1.320213794708252,2000,23.580660091301272,32.68065823481265,37.955789002115466,35.95833649381662,38.03794607924951,1.77,28.0,0.1,6.33
LCII,1994-12-01,1.3202137947082522,1.3202137947082522,1.3202137947082522,1.320213794708252,4000,21.978366878497813,32.68065823481265,37.955789002115466,35.95833649381662,38.00862687671496,1.74,27.5,0.19,6.33
LCII,1994-12-02,1.3202137947082522,1.3202137947082522,1.3202137947082522,1.320213794708252,24000,20.24881420837989,32.68065823481265,37.955789002115466,35.95833649381662,38.00862687671496,1.71,27.0,0.26,6.33
LCII,1994-12-05,1.3202139462743487,1.3393474817276,1.3202139462743487,1.3393474817276,7600,18.85752469740322,31.734147356949215,37.69285161395049,36.00122475310598,38.03540961036303,1.67,23.0,0.44,6.65
LCII,1994-12-06,1.3202137947082522,1.3202137947082522,1.3202137947082522,1.320213794708252,41600,19.31314369879941,31.318066870989934,37.28180193930882,36.039304146186076,38.06327620654065,1.64,13.0,0.45,6.92
LCII,1994-12-07,1.3202137947082522,1.3202137947082522,1.3202137947082522,1.320213794708252,39200,19.31314369879941,30.814612810469516,37.28180193930882,36.039304146186076,38.06327620654065,1.59,12.5,0.36,6.92
LCII,1994-12-08,1.301080584526062,1.301080584526062,1.301080584526062,1.301080584526062,6000,19.74037809768904,29.6583055973349,36.97455260158711,35.76656627646532,37.977526035628244,1.54,5.0,0.48,7.26
LCII,1994-12-09,1.2628135085105896,1.301080584526062,1.2628135085105896,1.301080584526062,397200,17.71131328544854,29.6583055973349,36.908964464413245,35.64060726142485,37.86299079957848,1.5,4.0,0.47,7.31
LCII,1994-12-12,1.301080584526062,1.301080584526062,1.301080584526062,1.301080584526062,8000,15.866871540418288,29.6583055973349,36.84363663938435,34.45567031361091,37.60742236168525,1.45,3.0,0.13,7.36
LCII,1994-12-13,1.3393476605415344,1.3393476605415344,1.301080584526062,1.301080584526062,84000,15.866871540418288,29.6583055973349,36.81667771557706,34.45567031361091,37.58001130199032,1.38,2.0,-0.29,7.41
LCII,1994-12-14,1.301080584526062,1.301080584526062,1.301080584526062,1.301080584526062,16400,15.866871540418288,29.6583055973349,31.263376821113575,34.18507061091036,37.12900562050732,1.59,1.0,-0.21,2.29
LCII,1994-12-15,1.301080584526062,1.301080584526062,1.301080584526062,1.301080584526062,12800,15.866871540418288,29.6583055973349,28.716800846612855,34.18507061091036,37.12900562050732,1.89,1.0,-0.16,0.98
LCII,1994-12-16,1.301080584526062,1.301080584526062,1.301080584526062,1.301080584526062,17600,15.866871540418288,29.036657067720544,28.716800846612855,34.14797368634302,37.12900562050732,2.14,1.5,-0.14,0.98
LCII,1994-12-19,1.301080584526062,1.301080584526062,1.301080584526062,1.301080584526062,20400,15.866871540418288,27.59745398996624,28.716800846612855,34.024309957796284,37.011851542986186,2.37,2.0,-0.17,0.98
LCII,1994-12-20,1.3010804108210972,1.3393474817276,1.3010804108210972,1.3393474817276,4000,17.582381100961893,26.752855839843203,29.13060530841311,33.90040117265873,37.007556244901366,2.55,4.0,-0.27,0.86
LCII,1994-12-21,1.3393476605415344,1.3393476605415344,1.301080584526062,1.301080584526062,5600,19.04784870491372,27.40449993794753,29.45219872893897,34.06375152137915,37.12227212831166,2.71,5.0,-0.51,0.72
LCII,1994-12-22,1.3393474817276,1.3393474817276,1.3010804108210972,1.3393474817276,13600,20.93492181160984,25.241887177980594,29.625713617335975,34.219806241709435,37.20579096588147,2.85,6.0,-0.53,0.73
LCII,1994-12-23,1.3010804332903962,1.3202139690740784,1.2819468975067139,1.2819468975067139,76000,24.483445086841833,26.140891777093678,30.14734095204854,34.56950351618106,37.464099308479945,2.96,7.0,-0.44,0.69
LCII,1994-12-27,1.2819468975067139,1.2819468975067139,1.2819468975067139,1.2819468975067139,2000,22.826067428177215,26.140891777093678,30.14734095204854,34.53239749377929,37.43479444161048,3.07,7.5,-0.34,0.69
LCII,1994-12-28,1.2819470465183258,1.301080584526062,1.2819470465183258,1.301080584526062,18800,21.993425117620532,25.620102830882484,30.000122516021506,34.58280359270461,37.43479444161048,3.17,7.0,-0.21,0.78
LCII,1994-12-29,1.2819468975067139,1.3010804332903962,1.2819468975067139,1.2819468975067139,70400,22.35307704338086,25.075451009548626,30.078224860291236,34.621763910013506,37.43479444161048,3.27,8.0,-0.07,0.73
LCII,1994-12-30,1.2819468975067139,1.3202139690740784,1.2819468975067139,1.2819468975067139,35200,22.35307704338086,23.547474591134073,30.078224860291236,34.621763910013506,37.43479444161048,3.36,8.5,0.08,0.73
LCII,1995-01-03,1.2819468975067139,1.3010804332903962,1.2819468975067139,1.2819468975067139,95600,22.35307704338086,22.76283082000478,30.078224860291236,34.4869535466699,37.40523283600535,3.44,9.0,0.25,0.73
LCII,1995-01-04,1.2819468975067139,1.2819468975067139,1.2819468975067139,1.2819468975067139,0,22.35307704338086,22.76283082000478,30.078224860291236,34.46166593222556,37.40523283600535,3.52,9.5,0.43,0.73
LCII,1995-01-05,1.2819470465183258,1.301080584526062,1.2819470465183258,1.301080584526062,14400,22.718109577498396,22.96443023029816,29.872457051531104,34.43618088964943,37.4060914351031,3.6,7.0,0.6,0.78
LCII,1995-01-06,1.2819467281949695,1.3202137947082522,1.2819467281949695,1.320213794708252,5600,23.095577309117278,23.15184818137314,29.979225026929523,34.42415045086003,36.769979707521095,3.68,8.0,0.78,0.75
LCII,1995-01-09,1.2819468975067139,1.2819468975067139,1.2819468975067139,1.2819468975067139,28000,24.26290573661778,23.74964945735165,30.056342127097135,34.58896869339921,36.88521562939115,3.75,10.0,1.02,0.73
LCII,1995-01-10,1.2819468975067139,1.2819468975067139,1.2819468975067139,1.2819468975067139,12000,24.26290573661778,23.74964945735165,29.969178977925864,34.58896869339921,36.85914720512108,3.81,8.0,1.27,0.75
LCII,1995-01-11,1.2819467281949695,1.3202137947082522,1.2819467281949695,1.320213794708252,29600,25.81423624528394,24.515369899748716,30.365063100624795,34.77617282558926,36.88301509232227,3.88,18.0,1.58,0.66
LCII,1995-01-12,1.3202137947082522,1.3202137947082522,1.3202137947082522,1.320213794708252,1200,25.81423624528394,24.515369899748716,30.365063100624795,34.74108722444023,36.79001149889677,3.94,18.5,1.92,0.66
LCII,1995-01-13,1.3202139690740784,1.3202139690740784,1.2819468975067139,1.2819468975067139,2400,27.185455270920535,25.257707745568116,30.695221931680656,34.90360021109031,36.88320679149814,3.99,20.0,2.24,0.52
LCII,1995-01-16,1.3202137947082522,1.3202137947082522,1.3202137947082522,1.320213794708252,2000,28.578578978503323,25.278927201186207,31.00130356484168,35.064272453768,36.239443296173164,4.04,21.0,2.41,0.46
LCII,1995-01-17,1.2819467281949695,1.3202137947082522,1.2819467281949695,1.320213794708252,6800,28.578578978503323,24.5587123855653,30.945203664870046,35.064272453768,36.239443296173164,4.09,21.0,2.76,0.49
LCII,1995-01-18,1.3202137947082522,1.3202137947082522,1.3202137947082522,1.320213794708252,0,28.25145121701234,23.81690999993151,30.647496215865207,34.94683752949825,35.91750675453548,4.13,20.0,1.59,0.57
LCII,1995-01-19,1.2819468975067139,1.2819468975067139,1.2819468975067139,1.2819468975067139,8000,29.213479755239963,24.555645576285105,30.729315726025046,35.110840307080366,36.03293348896239,4.18,22.0,1.05,0.55
LCII,1995-01-20,1.2819468975067139,1.2819468975067139,1.2819468975067139,1.2819468975067139,12400,29.213479755239963,24.555645576285105,30.108195782872894,35.110840307080366,35.94269730007096,4.24,16.0,1.27,0.71
LCII,1995-01-23,1.2819468975067139,1.2819468975067139,1.2819468975067139,1.2819468975067139,5200,28.927123055901333,24.555645576285105,30.019863993160328,34.81587155958829,35.855771173687586,4.29,11.0,1.32,0.74
LCII,1995-01-24,1.2819468975067139,1.2819468975067139,1.2819468975067139,1.2819468975067139,14000,28.927123055901333,23.806745713025368,30.019863993160328,34.702934180630486,35.855771173687586,4.34,11.5,1.26,0.74
LCII,1995-01-25,1.320213777305436,1.320213777305436,1.2915134777987962,1.3106470108032227,13600,29.66239123823651,23.604157960634435,30.245946183048382,34.67765692429855,35.75188268701242,4.39,21.0,1.05,0.67
LCII,1995-01-26,1.2819468975067139,1.2819468975067139,1.2819468975067139,1.2819468975067139,800,30.364054881050624,24.022131586613327,30.369189587625794,34.73207360256947,35.792465367625795,4.43,24.0,1.03,0.62
LCII,1995-01-27,1.2819468975067139,1.2819468975067139,1.2819468975067139,1.2819468975067139,4400,30.364054881050624,24.022131586613327,30.369189587625794,34.70796713896063,35.769043106921416,4.47,24.5,0.89,0.62
LCII,1995-01-30,1.3202137947082522,1.3202137947082522,1.2819467281949695,1.320213794708252,9200,31.578069587845313,24.803915607313307,30.750251460289174,34.89534179359072,35.87862121174054,4.51,29.0,0.56,0.53
LCII,1995-01-31,1.2819470465183258,1.3202141225337982,1.2819470465183258,1.301080584526062,10800,31.87963265286069,24.977712250734662,30.82902199400112,34.93242551650773,35.82496758455457,4.54,30.0,-0.23,0.49
LCII,1995-02-01,1.2819468975067139,1.2819468975067139,1.2819468975067139,1.2819468975067139,10000,32.16750154745448,25.14941891518091,30.222233002347416,34.97017815106048,35.65459756184721,4.58,21.0,-0.16,0.59
LCII,1995-02-02,1.2819467281949695,1.3202137947082522,1.2819467281949695,1.320213794708252,10800,32.20167520774648,25.722295965098425,30.262358680336348,35.156155305853,35.76452631544331,4.62,23.0,-0.59,0.58
LCII,1995-02-03,1.3202137947082522,1.3202137947082522,1.3202137947082522,1.320213794708252,0,31.046960437131876,25.56317643434336,29.94608184182843,35.156155305853,35.74566506424786,4.66,8.0,-0.52,0.72
LCII,1995-02-06,1.2819468975067139,1.2819468975067139,1.2819468975067139,1.2819468975067139,800,31.00221285680373,26.252819222640838,29.521152154391523,35.31675837401721,35.29973055547067,4.7,6.0,-0.55,0.72
LCII,1995-02-07,1.2819468975067139,1.2819468975067139,1.2819468975067139,1.2819468975067139,2400,28.28372447108733,26.252819222640838,29.521152154391523,35.29606385871475,35.273463904232806,4.73,6.5,-0.58,0.72
LCII,1995-02-08,1.3393476605415344,1.3393476605415344,1.2819470465183258,1.301080584526062,6800,28.60780046911207,25.762931678471507,29.61657168395819,35.19037328516302,35.09234711861211,4.77,8.0,-0.58,0.69
LCII,1995-02-09,1.301080584526062,1.301080584526062,1.2819470465183258,1.301080584526062,3600,28.28372447108733,25.130846078862383,29.61657168395819,34.947665495160166,35.000102418454574,4.8,8.5,-0.58,0.69
LCII,1995-02-10,1.301080584526062,1.301080584526062,1.301080584526062,1.301080584526062,2000,27.933140939286123,25.130846078862383,29.61657168395819,34.670013412056996,34.97635410246975,4.83,9.0,-0.58,0.69
LCII,1995-02-13,1.3202143510182698,1.3967485162946913,1.3202143510182698,1.377614974975586,20000,32.400484730473586,27.76934895584432,30.975350531514124,35.351724323055,35.43081771727753,4.85,40.0,-0.53,0.85
LCII,1995-02-14,1.3967487341921094,1.3967487341921094,1.3584816455841064,1.3584816455841064,4000,32.74223911445272,27.926928623812547,30.722031956618462,35.38530521406175,35.43785948894486,4.86,36.0,-0.56,0.91
LCII,1995-02-15,1.396748423576355,1.396748423576355,1.396748423576355,1.396748423576355,4000,33.578928746799285,28.491461438983066,30.213014917477963,35.52470586323837,35.52937133736911,4.88,27.0,-0.2,0.95
LCII,1995-02-16,1.435015598932902,1.435015598932902,1.3584814336564806,1.377614974975586,17600,33.71717039496355,28.612300963777166,29.504248689089817,35.55791678047168,35.535698716366035,4.89,6.0,-0.22,1.03
LCII,1995-02-17,1.3584814336564806,1.377614974975586,1.3584814336564806,1.377614974975586,25200,33.50440320841825,28.570099466478872,29.504248689089817,35.55791678047168,35.212537325021415,4.91,6.5,-0.25,1.03
LCII,1995-02-21,1.377614974975586,1.377614974975586,1.377614974975586,1.377614974975586,0,32.21190366028716,28.402166558770826,27.94005998357896,35.10851221122726,35.04036046670205,4.93,1.0,-0.32,0.69
LCII,1995-02-22,1.3584816455841064,1.3584816455841064,1.3584816455841064,1.3584816455841064,5200,32.5556377433766,28.561270676382954,27.647671025447906,34.72510770518843,34.778736608687886,4.96,1.0,-0.41,0.79
LCII,1995-02-23,1.3393474817276,1.3393474817276,1.3393474817276,1.3393474817276,4000,31.80117276502237,28.718885218526648,27.744840092423267,34.7602799893115,34.80454066855843,4.98,2.0,-0.44,0.74
LCII,1995-02-24,1.339348101280105,1.3584816455841064,1.339348101280105,1.3584816455841064,6400,32.047377460566345,28.860611367357752,27.45308775388282,34.7736230261951,34.76175025074627,5.0,1.0,-0.49,0.84
LCII,1995-02-27,1.339348101280105,1.3584816455841064,1.339348101280105,1.3584816455841064,2800,30.73238179942453,28.860611367357752,27.08269429720455,34.51371644504879,34.76175025074627,5.02,1.0,-0.5,0.98
LCII,1995-02-28,1.3776148835273636,1.396748423576355,1.3776148835273636,1.396748423576355,3600,30.60878576933789,29.397548169435904,26.57535641182051,34.45163644966531,34.556251832523174,5.04,1.0,-0.41,0.9
LCII,1995-03-01,1.377614974975586,1.377614974975586,1.377614974975586,1.377614974975586,2400,30.94159088787583,29.551872362940546,26.240420536583276,34.461212242381336,34.274800881999944,5.06,1.0,-0.47,0.99
LCII,1995-03-02,1.377614974975586,1.377614974975586,1.377614974975586,1.377614974975586,1200,30.94159088787583,29.414190948284368,26.240420536583276,34.19498398000522,34.255851380488615,5.07,1.5,-0.53,0.99
LCII,1995-03-03,1.377614974975586,1.377614974975586,1.377614974975586,1.377614974975586,0,29.537158795998554,29.251104438119896,26.240420536583276,34.19498398000522,34.06199605419846,5.07,2.0,-0.58,0.99
LCII,1995-03-06,1.377614974975586,1.377614974975586,1.377614974975586,1.377614974975586,4000,29.537158795998554,29.251104438119896,26.240420536583276,34.19498398000522,33.97015150447795,5.08,2.5,-0.63,0.99
LCII,1995-03-07,1.3584814336564806,1.377614974975586,1.3584814336564806,1.377614974975586,6000,29.537158795998554,29.07727913705625,26.143060703618538,34.172315832983294,33.97015150447795,5.07,1.0,-0.7,1.05
LCII,1995-03-08,1.396748423576355,1.396748423576355,1.3776148835273636,1.396748423576355,13200,29.709829309038295,29.195142642439876,26.226945162089354,34.216868494538346,33.90129341771878,5.06,2.0,-0.69,1.0
LCII,1995-03-09,1.415881872177124,1.4350154109903284,1.415881872177124,1.415881872177124,8000,29.329008052112876,29.304550394727276,26.306387600994924,34.235547623922166,33.90342552547328,5.05,7.0,-0.5,0.94
LCII,1995-03-10,1.3967482455571494,1.435015320777893,1.3967482455571494,1.435015320777893,11600,28.524961737110438,29.405919630835704,26.381596516820217,34.276612553297355,33.828399031963954,5.04,8.0,-0.08,0.89
LCII,1995-03-13,1.4158819636253461,1.4158819636253461,1.396748423576355,1.396748423576355,2000,29.878092788778975,29.9860183743058,26.75343918208165,34.393077149042526,33.90972130481699,5.03,10.0,-0.18,0.77
LCII,1995-03-14,1.3776148835273636,1.396748423576355,1.3584813434783725,1.396748423576355,5200,28.803275340625454,29.9860183743058,26.366474810323382,34.127426635859806,33.80512253472842,5.02,8.0,-0.28,0.93
LCII,1995-03-15,1.3967485162946913,1.3967485162946913,1.3584814336564806,1.377614974975586,15600,28.764163647075563,30.142085262382423,26.043459307230073,34.16088779665567,33.805746198626544,5.0,1.0,-0.36,1.02
LCII,1995-03-16,1.377615189888108,1.377615189888108,1.3584816455841064,1.3584816455841064,8000,28.723257506596116,30.296849893638335,25.741652621396753,33.95547466057835,33.833993099379526,4.97,1.0,-0.4,1.15
LCII,1995-03-17,1.3776148835273636,1.396748423576355,1.3776148835273636,1.396748423576355,4000,28.59097754533503,30.249681760627723,26.11280729978182,34.12489650302844,33.94962922047131,4.94,3.0,-0.49,0.98
LCII,1995-03-20,1.3776148835273636,1.396748423576355,1.3776148835273636,1.396748423576355,8400,28.59097754533503,29.611209507912594,26.11280729978182,34.09202527112002,33.94962922047131,4.9,3.5,-0.57,0.98
LCII,1995-03-21,1.415881872177124,1.4350154109903284,1.3967483333639195,1.415881872177124,16800,27.183538114267325,29.15863702886188,26.196428417813372,34.10265987106954,33.97731222804295,4.87,6.0,-0.6,0.92
LCII,1995-03-22,1.4350154109903284,1.4350154109903284,1.415881872177124,1.415881872177124,19200,27.183538114267325,27.630506125851905,25.8195022219739,34.07828751005235,33.97731222804295,4.84,2.0,-0.58,1.09
LCII,1995-03-23,1.4350151473825628,1.4732822179794312,1.4350151473825628,1.4732822179794312,34800,28.999267767285623,28.708050593325325,26.163413221735,34.41367581978612,33.98337958522387,4.8,7.0,0.14,1.06
LCII,1995-03-24,1.4924157532778652,1.4924157532778652,1.4732822179794312,1.4732822179794312,7600,28.999267767285623,28.592925132405707,26.163413221735,34.38751966593505,33.88356040288299,4.76,7.5,0.47,1.06
LCII,1995-03-27,1.4924159049987793,1.4924159049987793,1.4924159049987793,1.4924159049987793,800,29.08009903807222,28.45768547966749,26.23154409243475,33.96811423881952,33.040967551371786,4.72,11.0,0.91,1.01
LCII,1995-03-28,1.4924159049987793,1.4924159049987793,1.4924159049987793,1.4924159049987793,0,24.448303394967606,28.45768547966749,26.23154409243475,33.96811423881952,33.040967551371786,4.68,11.5,1.06,1.01
LCII,1995-03-29,1.5115494422423534,1.5115494422423534,1.4924159049987793,1.4924159049987793,4400,23.951404666757348,28.45768547966749,26.23154409243475,33.96811423881952,32.83065178421837,4.64,12.0,1.04,1.01
LCII,1995-03-30,1.5115492671728135,1.5498163372278213,1.5115492671728135,1.5306828022003174,14400,23.74100272558948,28.83195706522071,26.51135556973613,33.86398783849916,32.92851728648554,4.6,21.0,1.43,0.87
LCII,1995-03-31,1.5498166935784474,1.6072173118591309,1.5498166935784474,1.6072173118591309,13600,26.634890400071605,30.235459255189205,27.489405562658874,34.109579646232966,33.264245266903586,4.54,26.0,3.3,0.88
LCII,1995-04-03,1.6263502836227417,1.6263502836227417,1.6263502836227417,1.6263502836227417,800,26.657330714520565,30.197486772863748,27.41734583237163,34.139569193592386,33.18555765235929,4.48,25.0,4.12,0.89
LCII,1995-04-04,1.6454841213664788,1.664617657661438,1.6454841213664788,1.664617657661438,6000,27.0866178276915,29.671943858949625,27.62322376028075,34.00351572378156,33.053024043347534,4.42,28.0,4.8,0.78
LCII,1995-04-05,1.664617657661438,1.664617657661438,1.664617657661438,1.664617657661438,0,26.47239088001915,29.671943858949625,27.62322376028075,33.975652231212585,33.053024043347534,4.35,28.5,4.62,0.78
LCII,1995-04-06,1.645484447479248,1.645484447479248,1.62635090739228,1.645484447479248,29600,26.302208532915692,29.380654491789493,27.390493252154542,33.975652231212585,33.049809126919286,4.27,25.0,4.07,0.9
LCII,1995-04-07,1.6454843907129195,1.6454843907129195,1.6072173118591309,1.6072173118591309,3200,27.627722217907092,29.897424428034324,27.270983931088246,34.06208265992539,33.1107017008142,4.19,25.0,3.41,0.91
LCII,1995-04-10,1.607216750874239,1.6263502836227417,1.607216750874239,1.6263502836227417,32000,27.632012160305425,29.156843184671864,27.315513989112937,30.759366552737223,33.10799994636591,4.09,26.0,2.86,0.88
LCII,1995-04-11,1.62635090739228,1.645484447479248,1.607217367305312,1.645484447479248,31200,26.91425998888538,28.71917042103691,27.35742521243815,29.454724771441093,33.12780135243417,4.01,27.0,2.42,0.85
LCII,1995-04-12,1.6454841213664788,1.664617657661438,1.6454841213664788,1.664617657661438,14000,26.33486497586136,28.753764540990705,27.39680856910453,29.485008981048296,33.14696190064594,3.92,29.0,2.07,0.82
LCII,1995-04-13,1.6454841213664788,1.664617657661438,1.6454841213664788,1.664617657661438,2000,26.33486497586136,28.753764540990705,27.39680856910453,29.485008981048296,33.14696190064594,3.83,29.5,1.73,0.82
LCII,1995-04-17,1.6646179245276884,1.6837514638900757,1.6646179245276884,1.6837514638900757,11200,26.305278335053632,27.941698247015225,27.425143971328907,29.51421017236577,33.075557698486186,3.73,32.0,1.46,0.8
LCII,1995-04-18,1.683751020538673,1.7220180891872792,1.683751020538673,1.702884554862976,35200,26.259413456126744,27.95916207470232,27.421409385610513,29.542363179868808,33.069745288183285,3.63,32.0,1.25,0.79
LCII,1995-04-19,1.683750854743706,1.7411514520645142,1.683750854743706,1.7411514520645142,48800,26.528329085140356,28.16865544325216,27.466662324879188,29.50163880497481,33.09314671250899,3.52,35.0,1.15,0.74
LCII,1995-04-20,1.7220183341733872,1.7794189453125,1.7220183341733872,1.7794189453125,39200,26.78293835383454,28.352202634367696,27.627250510487144,29.44240336322349,33.108064845601334,3.4,39.0,1.14,0.66
LCII,1995-04-21,1.760285555048192,1.7985526323318481,1.7411520164063636,1.7985526323318481,22800,26.743936165028376,28.161055385710593,27.649997345250622,29.464594367918153,33.12355858299749,3.28,41.0,1.12,0.64
LCII,1995-04-24,1.7985524312414305,1.9133536502568411,1.7985524312414305,1.8942201137542725,70000,29.58848183960974,29.147950654400805,28.706230309310456,29.895329264447746,33.51736473856911,3.15,44.0,1.5,0.63
LCII,1995-04-25,1.9324865283874364,1.9898871183395386,1.9324865283874364,1.9898871183395386,20800,29.72151801070006,30.400240114885563,29.600132553883373,30.4249812136976,33.865940747260154,3.02,54.0,2.23,0.54
LCII,1995-04-26,1.9898871183395386,2.0090206483235726,1.9133529984034023,1.9898871183395386,56400,29.72151801070006,30.083534766841773,29.600132553883373,30.4249812136976,33.84713834773992,2.89,54.5,2.36,0.54
LCII,1995-04-27,1.9707542920112608,1.9898878288269042,1.913353681564331,1.913353681564331,36000,32.41551480368939,31.234087407673005,30.382946463036742,30.808101000957095,34.084511010093415,2.76,83.0,2.03,0.48
LCII,1995-04-28,1.8942199735080496,1.9707541138518092,1.8942199735080496,1.9516205787658691,57600,31.626488803943204,31.03355406463316,30.44347178151966,30.88331194540127,34.11203955819897,2.62,84.0,1.77,0.45
LCII,1995-05-01,1.9707541138518092,1.9707541138518092,1.9516205787658691,1.9516205787658691,7600,31.452271899845137,30.7101413031031,30.31046686775535,30.747726160176402,34.11203955819897,2.49,79.0,1.5,0.49
LCII,1995-05-02,1.9324872183799742,1.9324872183799742,1.913353681564331,1.913353681564331,5600,32.5662391231037,31.15449482705643,30.537628913921672,30.85034206763229,34.07632674263773,2.35,86.0,1.19,0.43
LCII,1995-05-03,1.9133531317418933,1.9133531317418933,1.8750860691070554,1.8750860691070557,27600,33.73824904575456,30.759657097862224,30.63596304614296,30.785771597802597,34.14172110917066,2.22,87.0,0.91,0.4
LCII,1995-05-04,1.855953186750412,1.8750867247581482,1.8368196487426758,1.8368196487426758,32400,34.749594782258306,31.227802770822255,30.872511568197826,30.864126494932382,34.2091013091012,2.07,94.0,0.65,0.33
LCII,1995-05-05,1.8368195243503735,1.8368195243503735,1.7411518407904583,1.7602853775024414,28800,36.498970893426396,32.71393475158109,31.7211123874929,31.295704401313092,34.28537430864536,1.93,99.0,0.45,0.29
LCII,1995-05-08,1.7602853775024414,1.7602853775024414,1.7411518407904583,1.7602853775024414,11600,36.498970893426396,32.71393475158109,31.7211123874929,31.295704401313092,34.192317757375044,1.78,99.5,0.27,0.29
LCII,1995-05-09,1.7602853775024414,1.7602853775024414,1.7028847673664922,1.7602853775024414,28000,36.4764138554354,32.71393475158109,31.7211123874929,31.295704401313092,34.10635847893159,1.78,99.0,0.1,0.29
LCII,1995-05-10,1.7794185169450527,1.7794185169450527,1.7411514520645142,1.7411514520645142,2800,36.75614870461921,31.012285590684698,31.794983711245443,31.295012747232352,34.10510185149041,1.81,100.0,-0.04,0.26
LCII,1995-05-11,1.7794185169450527,1.7794185169450527,1.7411514520645142,1.7411514520645142,11600,36.75614870461921,30.79942165380702,31.794983711245443,31.252353994401783,34.08207874669596,1.84,99.5,-0.17,0.26
LCII,1995-05-12,1.7411520819772373,1.7411520819772373,1.6837514638900757,1.6837514638900757,40000,37.88774395645622,31.346873656666485,32.31426285517067,31.377465914253666,34.25060184195979,1.87,100.0,-0.26,0.17
LCII,1995-05-15,1.683751193956397,1.683751193956397,1.664617657661438,1.664617657661438,11200,35.53476753964754,31.296106810893203,32.10976376696358,31.254946631493656,34.270602900556554,1.9,99.0,-0.34,0.24
LCII,1995-05-16,1.664617657661438,1.664617657661438,1.664617657661438,1.664617657661438,1600,35.3913865881193,31.296106810893203,31.721064795406978,30.882935603911204,34.270602900556554,1.92,93.0,-0.41,0.33
LCII,1995-05-17,1.66461748621437,1.702884554862976,1.66461748621437,1.702884554862976,8800,35.36251171704471,31.54391490145303,31.60318786780604,30.95560011218686,34.34432586185041,1.94,92.0,-0.5,0.36
LCII,1995-05-18,1.6837514638900757,1.6837514638900757,1.6837514638900757,1.6837514638900757,1600,35.53476592258802,31.484931130594852,30.80470698492208,30.989338752203633,34.363981320194114,1.94,86.0,-0.56,0.38
LCII,1995-05-19,1.7028847058614096,1.7220182418823242,1.7028847058614096,1.7220182418823242,3600,35.9079710039284,31.497892829450524,30.960253327936172,31.094171522793836,34.435548122666404,1.95,89.0,-0.64,0.31
LCII,1995-05-22,1.702884554862976,1.702884554862976,1.66461748621437,1.702884554862976,5600,35.332998555624876,31.582761736697524,30.98161982183637,31.08060466573523,34.44360792326681,1.96,90.0,-0.7,0.31
LCII,1995-05-23,1.6837514638900757,1.6837514638900757,1.6837514638900757,1.6837514638900757,800,35.40542608931869,31.72488186532351,30.9360430949692,31.11458901036389,34.35959506975231,1.97,86.0,-0.75,0.33
LCII,1995-05-24,1.7028850032524627,1.7028850032524627,1.6837514638900757,1.6837514638900757,12400,35.264857870485706,31.328072362126363,30.9360430949692,31.11458901036389,34.16824060434126,1.97,85.5,-0.8,0.33
LCII,1995-05-25,1.683751193956397,1.683751193956397,1.664617657661438,1.664617657661438,13200,35.28282643452664,31.27727499956558,31.01478178298939,31.148933835545918,33.99992392630893,1.98,91.0,-0.83,0.3
LCII,1995-05-26,1.664617657661438,1.664617657661438,1.6454841213664788,1.664617657661438,11200,35.28282643452664,31.27727499956558,31.01478178298939,30.740242130661045,33.99992392630893,1.99,90.5,-0.86,0.3
LCII,1995-05-30,1.6837514638900757,1.6837514638900757,1.6837514638900757,1.6837514638900757,2000,35.28282643452664,31.31572535828252,30.985511325179182,30.601244964650835,34.01881589831066,2.0,88.0,-0.9,0.32
LCII,1995-05-31,1.645484447479248,1.645484447479248,1.645484447479248,1.645484447479248,14400,35.72539871578498,31.77169245679706,31.188208493800758,30.542935398463523,34.07647115487212,2.01,91.0,-0.92,0.29
LCII,1995-06-01,1.626350845802914,1.6837514638900757,1.626350845802914,1.6837514638900757,5600,35.76962207440225,32.02846358873992,30.94447294673421,30.195125124643084,34.15330063813061,2.01,82.0,-0.95,0.29
LCII,1995-06-02,1.664617657661438,1.664617657661438,1.664617657661438,1.664617657661438,400,35.2153018234332,32.094056543501914,31.02319023930041,30.233014718796248,34.17303756166266,2.02,90.0,-0.96,0.27
LCII,1995-06-05,1.664617657661438,1.664617657661438,1.664617657661438,1.664617657661438,1600,35.010195662320406,32.02169211284361,30.726326502705536,30.233014718796248,33.85429096282165,2.02,73.0,-0.98,0.38
LCII,1995-06-06,1.6263502836227417,1.6263502836227417,1.6263502836227417,1.6263502836227417,10400,31.453736426888323,32.3773009361399,30.991645593978856,30.372751613358567,33.612732081972155,2.03,86.0,-0.98,0.32
LCII,1995-06-07,1.6263502836227417,1.6263502836227417,1.607216750874239,1.6263502836227417,28400,26.978442152787945,31.808022805277226,30.579676019883102,30.372751613358567,33.612732081972155,2.03,68.0,-0.98,0.4
LCII,1995-06-08,1.6263502836227417,1.6263502836227417,1.6263502836227417,1.6263502836227417,2000,26.978442152787945,31.808022805277226,30.272712726127033,30.372751613358567,33.591893318916846,2.02,62.0,-0.98,0.52
LCII,1995-06-09,1.6072173118591309,1.6072173118591309,1.6072173118591309,1.6072173118591309,8400,25.222455220438878,31.767571641198145,30.35165077021859,30.23145204192643,33.43136350924239,2.02,64.0,-0.97,0.5
LCII,1995-06-12,1.607216750874239,1.6263502836227417,1.588083218125736,1.6263502836227417,12000,24.617752069363068,31.633274184209853,30.390241143890446,29.783754531275974,33.27265054953287,2.02,68.0,-0.96,0.47
LCII,1995-06-13,1.6072173118591309,1.6263508512860252,1.6072173118591309,1.6072173118591309,6000,24.60281096307062,31.34833858543491,30.052687425742015,29.391513285284788,33.27265054953287,2.01,57.0,-0.95,0.54
LCII,1995-06-14,1.607216750874239,1.6263502836227417,1.607216750874239,1.6263502836227417,1600,24.82089569492712,31.404385846055042,30.088716599869013,29.41911274766366,33.1072622585713,2.01,58.0,-0.93,0.51
LCII,1995-06-15,1.607217367305312,1.645484447479248,1.607217367305312,1.645484447479248,6000,24.89141648266296,31.378070462029573,30.122441001762013,28.56811648320959,33.12824403253807,2.01,58.0,-0.92,0.49
LCII,1995-06-16,1.6454837898631671,1.7411514520645142,1.6454837898631671,1.7411514520645142,58400,30.021378702744094,33.26593648593912,31.315448319002858,29.109986799932525,33.60756546949114,2.02,91.0,-0.93,0.5
LCII,1995-06-19,1.77941909369002,1.7985526323318481,1.760285555048192,1.7985526323318481,19200,29.0216085738158,32.95780603151425,31.5170945793394,29.33670138176994,33.740992069004044,2.03,91.0,-0.96,0.44
LCII,1995-06-20,1.7985526323318481,1.7985526323318481,1.7985526323318481,1.7985526323318481,1600,29.0216085738158,32.95780603151425,31.259510272875225,29.15844640969872,33.740992069004044,2.04,89.0,-0.98,0.5
LCII,1995-06-21,1.8176863193511963,1.8176863193511963,1.8176863193511963,1.8176863193511963,800,29.16062241791211,32.93241392633979,31.2754663737719,29.006994435732764,33.73466538310512,2.05,89.0,-0.99,0.48
LCII,1995-06-22,1.798552482358871,1.798552482358871,1.7794189453125,1.7794189453125,19200,29.680241180006302,33.309633085034704,31.24121662277444,28.658689252071184,33.80449039376735,2.06,87.0,-1.0,0.54
LCII,1995-06-23,1.7602853775024414,1.7602853775024414,1.7602853775024414,1.7602853775024414,18400,29.867974320607495,33.42376012131099,31.19270132611774,28.458569613753355,33.800940434372905,2.06,86.0,-1.0,0.56
LCII,1995-06-26,1.7602853775024414,1.7602853775024414,1.7602853775024414,1.7602853775024414,800,28.09036743098178,33.0947751808606,31.065444377280897,28.458569613753355,33.62061762859877,2.07,84.0,-1.0,0.59
LCII,1995-06-27,1.741151777903239,1.741151777903239,1.7220182418823242,1.7220182418823242,5200,28.6721165248657,32.01153091276594,31.03159409365456,28.596213217920543,33.693835238288194,2.07,83.0,-0.98,0.66
LCII,1995-06-28,1.7411514520645142,1.7411514520645142,1.7411514520645142,1.7411514520645142,2400,28.81277715604326,32.00074985560394,31.057075926781714,28.617173963406977,33.5250344142011,2.08,83.0,-0.97,0.63
LCII,1995-06-29,1.7220179196242447,1.7411514520645142,1.7220179196242447,1.7411514520645142,9200,28.101786158986524,31.667317725397254,30.629317412806007,28.57525115698014,33.5250344142011,2.09,65.0,-0.96,0.73
LCII,1995-06-30,1.7411518407904583,1.7602853775024414,1.7411518407904583,1.7602853775024414,1200,28.012546656275667,31.73541291903883,30.650639451556057,28.59578943915669,33.52203578888366,2.09,66.0,-0.95,0.7
LCII,1995-07-03,1.7602853775024414,1.7602853775024414,1.7602853775024414,1.7602853775024414,0,27.297295390037522,31.62930902787681,30.597556002827996,28.59578943915669,33.5025622066467,2.1,63.0,-0.94,0.74
LCII,1995-07-05,1.7794189453125,1.798552482358871,1.7794189453125,1.7794189453125,6800,27.207550387949425,31.26690445509584,30.618491771356688,28.615454842656167,33.49746927243513,2.1,63.0,-0.93,0.72
LCII,1995-07-06,1.7602853775024414,1.7602853775024414,1.7602853775024414,1.7602853775024414,2000,27.18800188126398,31.297702074465565,30.69463306115003,28.653271923976238,33.516066217815926,2.11,66.0,-0.92,0.7
LCII,1995-07-07,1.760285555048192,1.7985526323318481,1.760285555048192,1.7985526323318481,11600,27.793903592224005,31.500543748460245,29.59618287584443,28.56643713292592,33.56053887532885,2.1,47.0,-0.9,0.6
LCII,1995-07-10,1.7794189453125,1.7794189453125,1.7794189453125,1.7794189453125,1600,27.76344930440035,31.526616968786218,29.553632616272978,28.371686080070518,33.258281163985906,2.09,47.0,-0.87,0.61
LCII,1995-07-11,1.7985526323318481,1.7985526323318481,1.7985526323318481,1.7985526323318481,4000,27.861905906620404,31.58665016061086,29.308005417093092,28.20643872442652,33.274766415480954,2.09,45.0,-0.84,0.71
LCII,1995-07-12,1.798552482358871,1.798552482358871,1.7794189453125,1.7794189453125,13600,27.988861379309636,31.60874095601554,29.268189817635253,28.24354554539676,33.292795026282775,2.09,45.0,-0.8,0.73
LCII,1995-07-13,1.7794189453125,1.7794189453125,1.7794189453125,1.7794189453125,0,26.99183875240384,31.535019257212948,29.268189817635253,28.24354554539676,33.10786130887921,2.09,45.5,-0.76,0.73
LCII,1995-07-14,1.7794189453125,1.7794189453125,1.7794189453125,1.7794189453125,4400,26.296841815585843,31.215429310993454,29.268189817635253,28.24354554539676,32.92798349307342,2.09,45.0,-0.71,0.73
LCII,1995-07-17,1.798552482358871,1.798552482358871,1.760285408266129,1.7794189453125,21600,26.002622420017158,30.895829049433786,29.150912027248165,28.06626192837905,32.92798349307342,2.08,43.0,-0.65,0.77
LCII,1995-07-18,1.760285408266129,1.7794189453125,1.760285408266129,1.7794189453125,10000,26.002622420017158,30.815336590646957,29.028491919946504,27.845151960277498,32.740989244462625,2.08,42.0,-0.61,0.81
LCII,1995-07-19,1.7794189453125,1.7794189453125,1.7794189453125,1.7794189453125,12800,24.871324680929526,28.847308914386645,28.974676837336627,27.845151960277498,32.72120479632339,2.07,41.0,-0.55,0.85
LCII,1995-07-20,1.7794189453125,1.7794189453125,1.7794189453125,1.7794189453125,400,24.871324680929526,26.876867124086377,28.974676837336627,27.845151960277498,32.701715502633924,2.06,40.5,-0.48,0.85
LCII,1995-07-21,1.7794189453125,1.7794189453125,1.7794189453125,1.7794189453125,1200,24.871324680929526,26.876867124086377,28.696857966083446,27.845151960277498,32.68017186969383,2.04,38.0,-0.41,0.99
LCII,1995-07-24,1.7985522980783502,1.9516205787658691,1.7985522980783502,1.9516205787658691,32800,35.52647715199196,32.08947666149053,31.93601933134905,29.84470970583838,31.575981641015943,2.04,98.0,-0.35,3.43
LCII,1995-07-25,1.989887001490829,1.989887001490829,1.913352886048874,1.9324864149093628,42400,35.79701997435459,31.895794822370156,32.0016040612535,29.87718125759009,30.6882267067255,2.04,98.0,-0.3,3.4
LCII,1995-07-26,1.9516205787658691,1.9516205787658691,1.9516205787658691,1.9516205787658691,20000,35.42121323183749,31.961806100409042,32.01329860844873,29.856771605001537,30.701374412896694,2.03,98.0,-0.26,3.37
LCII,1995-07-27,1.9324866630593123,1.9324866630593123,1.8750860691070554,1.8750860691070557,30000,37.842953209202825,32.75477566557416,32.745628796875565,30.20821978838907,30.97215751498486,2.04,100.0,-0.21,3.09
LCII,1995-07-28,1.855953186750412,1.855953186750412,1.8368196487426758,1.8368196487426758,26400,38.48067062724929,32.765659946569606,32.957942219064485,30.324474226270127,31.045431196846213,2.04,100.0,-0.15,2.99
LCII,1995-07-31,1.855953186750412,1.855953186750412,1.8368196487426758,1.8368196487426758,5600,35.07152760762252,32.492038519544245,32.91435566385044,30.324474226270127,31.045431196846213,2.04,99.0,-0.08,3.05
LCII,1995-08-01,1.817686019405242,1.817686019405242,1.760285408266129,1.7794189453125,15600,35.130287567934054,31.958364602541128,33.318177606994624,30.418272626481123,31.1111527658469,2.05,100.0,0.03,2.92
LCII,1995-08-02,1.7794189142144246,1.7794189142144246,1.7602853775024414,1.7602853775024414,12400,35.2602449450582,32.03766958080191,33.334062081871835,30.249387667520317,31.023530084457924,2.06,100.0,0.16,2.95
LCII,1995-08-03,1.760285408266129,1.817686019405242,1.7411518712197582,1.7794189453125,43200,35.266676206177735,32.11418808149927,33.03390762649164,30.268788494722365,31.040070510465302,2.07,98.0,0.27,3.06
LCII,1995-08-04,1.7985526323318481,1.7985526323318481,1.7985526323318481,1.7985526323318481,31600,34.86140528808518,32.10045622204625,33.05757514532534,30.287385473892662,30.940146547182096,2.06,98.0,0.37,3.02
LCII,1995-08-07,1.7794192389438028,1.8176863193511963,1.7794192389438028,1.8176863193511963,10000,34.8172542133648,32.1660362113186,32.97760093720152,30.30520567901609,30.95534305170517,2.05,96.0,0.42,3.03
LCII,1995-08-08,1.7985526323318481,1.7985526323318481,1.7985526323318481,1.7985526323318481,18800,34.98020708518956,31.458861421335516,32.93797397407896,30.33939276149048,30.97646278387971,2.03,94.0,0.38,3.05
LCII,1995-08-09,1.7985525727272034,1.8368196487426758,1.7985525727272034,1.8368196487426758,29600,34.77684230553301,31.61030573309046,32.82527990460526,30.41953027488239,31.04218272008889,2.02,92.0,0.37,3.13
LCII,1995-08-10,1.8368196487426758,1.8368196487426758,1.8368196487426758,1.8368196487426758,2000,34.67847640443172,31.61030573309046,32.82527990460526,30.402087531352752,31.04218272008889,2.0,91.5,0.31,3.13
LCII,1995-08-11,1.8368197096155046,1.8368197096155046,1.7985526323318481,1.7985526323318481,18800,35.30372538212997,31.636232010540184,32.993886161167836,30.46207609441447,31.01741902783232,1.98,96.0,0.27,3.09
LCII,1995-08-14,1.8176863193511963,1.8176863193511963,1.8176863193511963,1.8176863193511963,800,35.29545393143218,31.593311586655616,33.0171120529581,30.479403444052068,31.032930589999015,1.95,96.0,0.13,3.05
LCII,1995-08-15,1.8176861709736765,1.8176861709736765,1.7985526323318481,1.7985526323318481,6000,35.45620911759361,31.37155067125807,32.53514365841681,30.513785643110786,30.93770418471877,1.92,87.0,0.13,3.4
LCII,1995-08-16,1.7985526323318481,1.8176861709736765,1.7985526323318481,1.7985526323318481,3200,35.32697264146431,31.273970235645894,32.53514365841681,30.513785643110786,30.913435748252173,1.89,86.5,0.1,3.4
LCII,1995-08-17,1.7794190347194672,1.8368196487426758,1.7794190347194672,1.8368196487426758,4800,35.65725759734148,31.436874289561967,32.63028310923752,30.598664991433527,30.97964332528342,1.86,87.0,0.05,3.32
LCII,1995-08-18,1.8176863193511963,1.8176863193511963,1.8176863193511963,1.8176863193511963,4400,35.294455566948656,31.53060990387489,32.68952934685807,30.63256860472669,31.000302729817676,1.82,87.0,-0.03,3.3
LCII,1995-08-21,1.7985525727272034,1.8368196487426758,1.7985525727272034,1.8368196487426758,7200,35.25182171963742,31.47309399107553,32.71570478502179,30.649070632383157,31.015156804682842,1.78,87.0,-0.2,3.26
LCII,1995-08-22,1.8176863193511963,1.8176863193511963,1.7985527791474996,1.8176863193511963,4400,35.28277054867207,31.56942071108015,32.561471708591974,30.646864247347512,31.012225615433213,1.75,84.0,-0.28,3.43
LCII,1995-08-23,1.8368196487426758,1.8368196487426758,1.8368196487426758,1.8368196487426758,12000,35.24012256471349,31.557119897697156,31.708429474812817,30.60430169209687,30.996747024605288,1.72,70.0,-0.28,3.92
LCII,1995-08-24,1.8176861107349396,1.8368196487426758,1.8176861107349396,1.8368196487426758,2400,35.24012256471349,31.14568546981612,31.664309859808164,30.60430169209687,30.89694525993572,1.69,69.0,-0.28,3.98
LCII,1995-08-25,1.855953186750412,1.855953186750412,1.8368196487426758,1.8368196487426758,1200,35.24012256471349,30.833488143539224,31.466865288899193,30.542628671683858,30.783035667404572,1.67,66.0,-0.29,4.2
LCII,1995-08-28,1.8559530973434448,1.8559530973434448,1.8559530973434448,1.8559530973434448,2000,35.34092158093,30.768069370104723,31.501593907720917,30.558085561698284,30.52600922482187,1.64,66.0,-0.31,4.14
LCII,1995-08-29,1.8368190064722176,1.8750860691070554,1.8368190064722176,1.8750860691070557,16400,35.43041916560698,30.81401161023354,31.468975505895497,30.57285376856979,30.514787936803252,1.61,65.0,-0.33,4.12
LCII,1995-08-30,1.8750866344294597,1.8750866344294597,1.8559530973434448,1.8559530973434448,3600,35.59862310797774,30.472440951039676,31.27223351440315,30.606508401853162,30.53559840624514,1.57,61.0,-0.33,4.25
LCII,1995-08-31,1.8559530973434448,1.8750866344294597,1.8559530973434448,1.8559530973434448,6400,35.59862310797774,30.472440951039676,31.228497239848448,30.606508401853162,30.53559840624514,1.53,58.0,-0.32,4.32
LCII,1995-09-01,1.8368196487426758,1.8368196487426758,1.8368196487426758,1.8368196487426758,10800,35.76045966671648,30.57823182121536,31.23826745415651,30.64045602446785,30.522596234245725,1.48,58.0,-0.3,4.36
LCII,1995-09-05,1.8368195042465674,1.8942201137542727,1.8368195042465674,1.8942201137542725,39600,24.898963103825167,30.99702954475442,31.549331176030236,30.82911191106949,30.666913593263413,1.44,67.0,-0.32,4.08
LCII,1995-09-06,1.9133535085939894,1.989887648937749,1.9133535085939894,1.9516205787658691,62800,26.291917724577495,31.43966730520575,31.872475157870063,31.00252998954286,30.800636402881466,1.4,76.0,-0.34,3.77
LCII,1995-09-07,1.9707535883555045,1.9898871183395386,1.9516200583714705,1.9898871183395386,32000,26.735426899996796,31.460580007591833,31.960355635086685,30.906882274587556,30.85373883317678,1.35,77.0,-0.32,3.69
LCII,1995-09-08,1.9898871183395386,2.0090206483235726,1.9898871183395386,1.9898871183395386,33600,23.802818064964686,31.421094465724536,31.92401765821114,30.68460581774594,30.554334341468177,1.31,75.0,-0.33,3.74
LCII,1995-09-11,2.009021374914381,2.0664219856262207,2.009021374914381,2.0664219856262207,25600,24.96893237850655,32.16077775180494,32.27284501348641,30.808768624024296,30.65637125801839,1.26,80.0,-0.1,3.51
LCII,1995-09-12,2.0664217137844765,2.0664217137844765,2.047288179397583,2.047288179397583,10800,25.240128175378207,30.329327442237187,32.15851254208364,30.34722082287495,30.534308746998303,1.21,79.0,-0.08,3.66
LCII,1995-09-13,2.0855552481713695,2.0855552481713695,2.047288179397583,2.047288179397583,29600,22.947810565232988,29.692811394445318,32.124641271727185,30.34722082287495,30.201753594109515,1.16,78.0,-0.09,3.71
LCII,1995-09-14,2.0664219856262207,2.0664219856262207,2.0664219856262207,2.0664219856262207,800,22.504541963098234,29.7251075598625,31.115473900414305,30.322984237419288,30.21051590883773,1.13,47.0,-0.03,4.28
LCII,1995-09-15,2.0664217137844765,2.0664217137844765,2.047288179397583,2.047288179397583,5200,22.832635497142522,29.768174742746012,30.171232204938082,30.285480405573438,30.230507019722186,1.13,16.0,0.02,4.94
LCII,1995-09-18,2.047288448722274,2.0664219856262207,2.047288448722274,2.0664219856262207,15600,22.80426938241175,29.405078775316053,30.20512052190939,30.294234361491096,30.239261002681644,1.12,16.0,0.1,4.88
LCII,1995-09-19,2.047288740764965,2.104689359664917,2.047288740764965,2.104689359664917,16800,23.089819328543953,29.44884152214558,29.661673998444765,30.349365714791222,30.283716221523317,1.13,12.0,0.2,5.12
LCII,1995-09-20,2.1238223169451564,2.1238223169451564,2.047288179397583,2.047288179397583,24800,24.56633768283427,30.106199862167887,29.850052066436618,30.560320749632826,30.42711675289337,1.13,13.0,0.18,5.08
LCII,1995-09-21,2.047288179397583,2.047288179397583,2.047288179397583,2.047288179397583,0,24.072871639541123,29.67625385328133,29.850052066436618,30.527215649549262,30.30489802199961,1.14,13.5,0.16,5.08
LCII,1995-09-22,2.0281546450106895,2.0664217137844765,2.0281546450106895,2.047288179397583,17600,24.072871639541123,29.6327541513559,29.672572913555527,30.494738921002423,29.959410053660807,1.15,13.0,0.09,5.21
LCII,1995-09-25,2.0664217137844765,2.0664217137844765,2.047288179397583,2.047288179397583,4000,22.944979515801947,29.6327541513559,29.483423417723664,30.25992113873897,29.66244422524389,1.16,10.0,-0.01,5.35
LCII,1995-09-26,2.0281548182169598,2.0281548182169598,2.009021282196045,2.009021282196045,5200,23.817331781258204,29.907250539003012,29.452226621041845,30.36492636440608,29.733125127907883,1.17,10.0,-0.13,5.38
LCII,1995-09-27,2.009021282196045,2.009021282196045,1.9898877461751303,2.009021282196045,10000,23.47497683739472,29.907250539003012,28.616856787729322,30.19682353123147,29.107729215781703,1.2,1.0,-0.25,5.92
LCII,1995-09-28,1.9898877461751303,2.009021282196045,1.9898877461751303,2.009021282196045,4400,23.47497683739472,29.856369448066072,28.616856787729322,30.19682353123147,28.972078305714266,1.22,1.5,-0.37,5.92
LCII,1995-09-29,1.9898871183395386,1.9898871183395386,1.9898871183395386,1.9898871183395386,4400,23.182583851353193,29.83465790052423,28.668384054115865,29.993721791373684,28.993592555652064,1.25,3.0,-0.47,5.88
LCII,1995-10-02,2.009021282196045,2.009021282196045,2.009021282196045,2.009021282196045,800,22.921739867718426,29.60144184644569,28.631807971788586,29.833985096782406,28.87479967220987,1.27,3.0,-0.56,5.86
LCII,1995-10-03,2.009021282196045,2.009021282196045,2.009021282196045,2.009021282196045,0,22.839261033649446,29.488861271817353,28.631807971788586,29.833985096782406,28.751779388361882,1.29,3.5,-0.64,5.86
LCII,1995-10-04,2.009021282196045,2.009021282196045,2.009021282196045,2.009021282196045,4000,22.502232979585056,29.435924551935695,28.079312202063328,29.833985096782406,28.409988151311683,1.32,1.0,-0.71,6.31
LCII,1995-10-05,2.009021282196045,2.009021282196045,2.009021282196045,2.009021282196045,0,22.41821079094741,29.322708502920285,28.00110769104458,29.59539164063717,28.238675213722736,1.35,1.0,-0.76,6.37
LCII,1995-10-06,2.009021282196045,2.009021282196045,2.009021282196045,2.009021282196045,0,22.41821079094741,29.322708502920285,28.00110769104458,29.59539164063717,28.238675213722736,1.38,1.5,-0.8,6.37
LCII,1995-10-09,1.9898871183395386,1.9898871183395386,1.9898871183395386,1.9898871183395386,400,22.698830419777273,29.4163410871939,27.85804516706733,29.628396215067475,28.260947662995722,1.41,1.0,-0.84,6.66
LCII,1995-10-10,1.9707535883555045,1.9898871183395386,1.9707535883555045,1.9898871183395386,8000,22.59202249281876,29.4163410871939,27.782950567186788,29.628396215067475,28.260947662995722,1.45,1.0,-0.88,6.72
LCII,1995-10-11,2.0090206483235726,2.0090206483235726,1.9898871183395386,1.9898871183395386,4000,22.474300977417595,29.4163410871939,27.582963959030206,29.536839780032853,28.23097292594372,1.48,1.0,-0.91,7.07
LCII,1995-10-12,1.989887648937749,1.989887648937749,1.9516205787658691,1.9516205787658691,21200,23.05707716821615,29.736305031389115,27.709731962986066,29.506833239697773,28.30928723139297,1.52,2.0,-0.92,6.93
LCII,1995-10-13,1.9324864149093628,1.9324864149093628,1.9324864149093628,1.9324864149093628,12000,23.29488867555994,29.82651024266399,27.69385126114461,29.540818853645913,28.332045518663012,1.55,2.0,-0.92,6.95
LCII,1995-10-16,1.9324864149093628,1.9324864149093628,1.9324864149093628,1.9324864149093628,22400,23.034396620477892,29.82651024266399,27.69385126114461,29.364956524547676,28.332045518663012,1.58,2.5,-0.91,6.95
LCII,1995-10-17,1.9324870436799293,1.9516205787658691,1.9324870436799293,1.9516205787658691,3200,21.485405083218225,23.11194922430516,27.649366720766306,29.31148133678664,28.343693507962758,1.61,2.0,-0.9,6.93
LCII,1995-10-18,1.951620611172278,1.9707541465759277,1.951620611172278,1.9707541465759277,4400,19.868508941443363,23.10427921371298,27.678440313408093,29.254183715347693,28.222172149330305,1.63,3.0,-0.89,6.85
LCII,1995-10-19,1.9898871183395386,1.9898871183395386,1.9898871183395386,1.9898871183395386,400,19.245269411087307,23.100948733986872,27.664027430011807,29.090197148473923,28.06676075085909,1.66,3.0,-0.89,6.88
LCII,1995-10-20,1.9898871183395386,1.9898871183395386,1.9707535883555045,1.9898871183395386,14800,19.245269411087307,21.518612120360515,27.3816652407993,29.090197148473923,27.93304108274549,1.69,1.0,-0.89,7.16
LCII,1995-10-23,2.009021282196045,2.009021282196045,2.009021282196045,2.009021282196045,4800,15.882939585683841,21.1092605585164,27.20084733302835,28.857027950954784,27.944028089612498,1.73,1.0,-0.88,7.47
LCII,1995-10-24,2.028155480112348,2.181223818234035,2.028155480112348,2.1429567337036133,78000,24.555082813875334,24.744854890762486,28.884014734733675,29.77425358174548,28.643257749276234,1.73,21.0,-0.81,6.38
LCII,1995-10-25,2.1429567337036133,2.1429567337036133,2.1238231914384023,2.1429567337036133,12800,24.555082813875334,23.697459630120715,28.884014734733675,29.742052835376164,28.643257749276234,1.74,21.5,-0.77,6.38
LCII,1995-10-26,2.142956438931552,2.142956438931552,2.104689359664917,2.104689359664917,14800,25.074120183117643,23.923118550583446,28.776760693537295,29.841942703912434,28.589734582307464,1.75,21.0,-0.78,6.48
LCII,1995-10-27,2.104689359664917,2.104689359664917,2.104689359664917,2.104689359664917,80400,24.89883992028271,23.874479982517716,28.776760693537295,29.841942703912434,28.432766116184084,1.76,21.5,-0.81,6.48
LCII,1995-10-30,2.104689359664917,2.104689359664917,2.104689359664917,2.104689359664917,20400,24.77240353053758,23.823935173029817,28.776760693537295,29.130592395804474,28.432766116184084,1.77,22.0,-0.84,6.48
LCII,1995-10-31,2.104689359664917,2.104689359664917,2.0855558200316,2.104689359664917,6800,24.194823871919937,23.771524213203712,28.68707319383087,29.06707862362799,28.432766116184084,1.77,20.0,-0.92,6.55
LCII,1995-11-01,2.104689359664917,2.104689359664917,2.104689359664917,2.104689359664917,40000,22.73173307294748,23.622317873885944,28.65261480263041,28.911469479197365,28.432766116184084,1.78,19.0,-0.99,6.64
LCII,1995-11-02,2.0855553150177,2.0855553150177,2.0855553150177,2.0855553150177,4000,22.917260280416194,23.425440000534824,28.621218811501592,28.88023955365445,28.453210166997927,1.79,17.0,-1.13,6.67
LCII,1995-11-03,2.0664219856262207,2.0664219856262207,2.0664219856262207,2.0664219856262207,10800,23.093829681464097,23.536894378936047,28.643512775340113,28.91116237265549,28.473844892113014,1.8,20.0,-1.25,6.72
LCII,1995-11-06,2.0664217800175377,2.0855553150177,2.0664217800175377,2.0855553150177,4800,23.23711806723293,23.085785496908244,28.625713760882128,28.921617888157975,28.4563381782799,1.81,18.0,-1.37,6.75
LCII,1995-11-07,2.1238222797360042,2.1620893478393555,2.1238222797360042,2.1620893478393555,14400,24.642870809729917,24.03789288598073,27.81305139190301,29.129902380479656,28.61760742928826,1.83,11.0,-1.34,7.23
LCII,1995-11-08,2.1812227124753205,2.2003562450408936,2.1812227124753205,2.2003562450408936,8000,25.01326562772452,24.055617557551372,27.49919800780194,29.114713016533848,28.65965787489185,1.84,3.0,-1.25,7.68
LCII,1995-11-09,2.2194902896881104,2.2194902896881104,2.2194902896881104,2.2194902896881104,10800,25.047906426592885,24.069393799317954,27.517380833498205,29.09150942842278,28.666760478680718,1.86,4.0,-1.15,7.62
LCII,1995-11-10,2.23862382666818,2.23862382666818,2.2194902896881104,2.2194902896881104,3200,24.77197971080708,23.79898815803608,27.485636180365436,29.09150942842278,28.54676091996219,1.88,3.0,-1.09,7.71
LCII,1995-11-13,2.2194905566354084,2.238624095916748,2.2194905566354084,2.238624095916748,800,24.75311295135401,23.652977181231506,27.249743954667764,28.94709674369123,28.394347397480608,1.9,2.0,-1.02,7.92
LCII,1995-11-14,2.2386238878056153,2.2768909628108394,2.2386238878056153,2.2577574253082275,23200,24.76823580202829,23.631599194524448,27.185731075574836,28.88928876174325,28.40096693697196,1.92,1.0,-0.93,7.94
LCII,1995-11-15,2.2960241505357084,2.3534247542991014,2.2960241505357084,2.3342912197113037,29600,26.158620249251367,24.22808224477061,27.619645931844833,29.11311021052294,28.571680226542078,1.94,9.0,-0.65,7.24
LCII,1995-11-16,2.3534255561828616,2.391692638397217,2.334292015075684,2.391692638397217,16000,26.696962321313872,24.54515831657415,27.53864554729168,29.220392618072783,28.65601323462984,1.95,8.0,-0.25,7.16
LCII,1995-11-17,2.3916922509670258,2.4490928649902344,2.3916922509670258,2.4490928649902344,10400,27.129693191702426,24.84301485951663,27.70247720645874,29.319948046001283,28.734927202910143,1.96,16.0,0.25,6.89
LCII,1995-11-20,2.487359971039055,2.5064935092778167,2.449092894561531,2.468226432800293,24000,26.693490614160346,24.830053628971925,27.70562657400779,29.32246268562259,28.736100628315086,1.98,17.0,0.58,6.85
LCII,1995-11-21,2.487359941005707,2.487359941005707,2.4490928649902344,2.4490928649902344,24000,26.969268952058655,24.938525979016156,27.736938089008685,29.324267299175013,28.738386746690807,1.99,19.0,0.65,6.88
LCII,1995-11-22,2.44909326171875,2.44909326171875,2.3725590972900394,2.391692638397217,8400,28.33931048435047,25.57445832224557,28.062415161077475,29.468536899152692,28.808130798324406,2.0,25.0,0.54,6.57
LCII,1995-11-24,2.3725590972900394,2.391692638397217,2.3725590972900394,2.391692638397217,2000,27.36001525122186,25.41518901547993,28.038926515521368,29.443925977017987,28.808130798324406,2.01,25.0,0.41,6.64
LCII,1995-11-27,2.41082565948881,2.41082565948881,2.2194902896881104,2.2194902896881104,128000,35.91046340423426,30.12348979732217,30.560062371078573,30.641490272776693,29.820844531916602,2.01,62.0,0.31,6.62
LCII,1995-11-28,2.2194905566354084,2.238624095916748,2.2194905566354084,2.238624095916748,14400,35.9007659875639,30.015068159126013,30.42206685586084,30.64817492327208,29.827240615540834,2.01,61.0,0.2,6.81
LCII,1995-11-29,2.2577567461158043,2.276890277862549,2.2386232143690603,2.276890277862549,62800,36.04443528683844,29.605539491345766,30.44056293109194,30.63224063631636,29.86341997558445,2.01,61.0,0.08,6.74
LCII,1995-11-30,2.2960241505357084,2.3342912197113037,2.2960241505357084,2.3342912197113037,6000,36.47754653323739,29.430951340566775,30.6212586345962,30.677890284004803,29.948982602629737,2.01,62.0,-0.04,6.51
LCII,1995-12-01,2.315156779638151,2.353423833847046,2.315156779638151,2.353423833847046,5200,36.46578369859888,29.25237131141887,30.558995090208718,30.542396604851476,29.953917955409747,2.0,60.0,-0.15,6.56
LCII,1995-12-04,2.353423833847046,2.353423833847046,2.353423833847046,2.353423833847046,400,36.46578369859888,29.25237131141887,30.558995090208718,30.542396604851476,29.93013684746739,2.0,59.5,-0.25,6.56
LCII,1995-12-05,2.33429166699244,2.33429166699244,2.3151581287384033,2.3151581287384033,8400,36.99232928390572,28.586509594184513,30.707616105839964,30.600541268269193,29.941983991838956,2.0,62.0,-0.34,6.41
LCII,1995-12-06,2.334291636943817,2.334291636943817,2.2960245609283447,2.2960245609283447,8400,32.51075303254852,28.570453606844264,30.7539454855631,30.62671445863625,29.95968171172069,2.0,62.0,-0.42,6.37
LCII,1995-12-07,2.296024590484367,2.3151581287384033,2.296024590484367,2.3151581287384033,21600,32.54869103230415,28.59735300690402,30.764652011618022,30.31554144238776,29.91828492346199,2.0,62.0,-0.5,6.34
LCII,1995-12-08,2.296024590484367,2.3151581287384033,2.296024590484367,2.3151581287384033,18800,31.971800776153835,28.560101236768396,30.764652011618022,30.31554144238776,29.91828492346199,2.0,61.5,-0.57,6.34
LCII,1995-12-11,2.315157685123506,2.3342912197113037,2.315157685123506,2.3342912197113037,17200,31.98971304754346,28.492463036258115,30.77447068449381,30.298025478067515,29.923289011752875,2.0,62.0,-0.64,6.32
LCII,1995-12-12,2.3342912197113037,2.3534247542991014,2.3342912197113037,2.3342912197113037,8400,31.98971304754346,28.456989263712362,30.77447068449381,30.298025478067515,29.923289011752875,2.0,61.5,-0.7,6.32
LCII,1995-12-13,2.353423833847046,2.353423833847046,2.315156779638151,2.353423833847046,5600,32.00066638624188,28.283550067036373,27.228593050473403,30.303993945157604,29.928069965590936,2.01,3.0,-0.78,4.5
LCII,1995-12-14,2.3151581287384033,2.3151581287384033,2.3151581287384033,2.3151581287384033,2000,32.51499402615963,27.872895634335464,27.31992644896452,30.264289054968053,29.985845393920062,2.02,5.0,-0.85,4.4
LCII,1995-12-15,2.315158098936081,2.315158098936081,2.2768910229206085,2.2960245609283447,16000,32.48844761597619,27.9507368908991,27.335803032455424,29.779583825882554,30.003678113344378,2.02,6.0,-0.91,4.37
LCII,1995-12-18,2.2768909628108394,2.2768909628108394,2.2386238878056153,2.2577574253082275,10000,32.81349134603385,28.21084205937635,26.676612235943402,29.83894506977784,30.063368973675054,2.03,1.0,-0.95,4.77
LCII,1995-12-19,2.2386240080783244,2.2386240080783244,2.1812233924865723,2.1812233924865723,12400,34.490237290970214,29.1651593278982,27.062057135999577,30.036530352234593,30.165169273222947,2.03,2.0,-0.95,4.51
LCII,1995-12-20,2.1812233924865723,2.1812233924865723,2.1620898539559885,2.1812233924865723,8000,32.89849016983574,28.869440959038574,27.062057135999577,30.036530352234593,30.005688020007664,2.02,2.5,-0.95,4.51
LCII,1995-12-21,2.162090275968824,2.162090275968824,2.1238231914384023,2.1429567337036133,56000,32.87836492662806,29.132013547681694,26.70939718274686,30.0828603203575,29.94804812101523,2.01,2.0,-0.94,4.78
LCII,1995-12-22,2.1046896491731917,2.1429567337036133,2.1046896491731917,2.1429567337036133,12000,32.75560443908432,29.132013547681694,26.633887624597957,29.936065116165917,29.59570225103491,2.0,1.0,-0.93,4.87
LCII,1995-12-26,2.1429567337036133,2.1429567337036133,2.1429567337036133,2.1429567337036133,0,32.75560443908432,29.048547703967632,26.597778712766168,29.911836851897068,29.59570225103491,2.0,1.0,-0.91,4.91
LCII,1995-12-27,2.1429567337036133,2.1429567337036133,2.1429567337036133,2.1429567337036133,0,32.62772505488058,28.99743215189327,26.561497551322148,29.88789034834826,29.56856009437418,1.99,1.0,-0.89,4.94
LCII,1995-12-28,2.1429567337036133,2.1429567337036133,2.1429567337036133,2.1429567337036133,62400,32.494790520452234,28.99743215189327,26.52504579809617,29.864220968679668,29.521150015743586,1.98,1.0,-0.87,4.98
LCII,1995-12-29,2.1429567337036133,2.1429567337036133,2.1238231914384023,2.1429567337036133,6800,30.75785493448458,28.99743215189327,26.453964001235025,29.864220968679668,29.521150015743586,1.97,1.0,-0.85,5.07
LCII,1996-01-02,2.1238222797360042,2.1812228818910313,2.1238222797360042,2.1620893478393555,23200,29.88828420328849,29.040533472285478,26.298061730599358,29.853725781508178,29.528366921902066,1.96,1.0,-0.83,5.23
LCII,1996-01-03,2.1620898539559885,2.1812233924865723,2.1620898539559885,2.1812233924865723,24400,29.014145545960734,29.080784142284237,26.321341944176652,29.843546703759376,29.53529756920405,1.96,2.0,-0.8,5.21
LCII,1996-01-04,2.1812233924865723,2.1812233924865723,2.1812233924865723,2.1812233924865723,0,28.829855670456915,28.993012382335547,26.068673142491345,29.740654377216337,29.50845388768383,1.94,1.0,-0.79,5.51
LCII,1996-01-05,2.1812233924865723,2.1812233924865723,2.1812233924865723,2.1812233924865723,22000,28.832193839434,28.993012382335547,26.033362703714612,29.640883563465586,29.482227243098443,1.93,1.0,-0.76,5.55
LCII,1996-01-08,2.1812233924865723,2.1812233924865723,2.1812233924865723,2.1812233924865723,20800,28.225947715543843,28.993012382335547,25.95909818579597,29.619305124220613,29.313893130377956,1.93,1.0,-0.75,5.65
LCII,1996-01-09,2.1812232157279707,2.2194902896881104,2.1812232157279707,2.2194902896881104,4400,28.83387557668128,28.838053871881414,26.072764777976193,29.063656508428615,29.35289549389361,1.92,4.0,-0.75,5.52
LCII,1996-01-10,2.2194902896881104,2.2194902896881104,2.2194902896881104,2.2194902896881104,0,19.03592842630234,28.73349704710207,25.89686484722251,28.48773964345299,29.22598694112446,1.91,1.0,-0.73,5.72
LCII,1996-01-11,2.2003562450408936,2.2003562450408936,2.2003562450408936,2.2003562450408936,800,19.016229014838473,28.817865221934973,25.876424803653347,28.50874833038623,29.244937460617308,1.89,1.0,-0.72,5.75
LCII,1996-01-12,2.2003562450408936,2.2003562450408936,2.2003562450408936,2.2003562450408936,0,18.27918894428367,28.776291703544725,25.841612588872554,28.113270543803488,29.074877569896657,1.88,1.0,-0.69,5.79
LCII,1996-01-15,2.1620893478393555,2.1620893478393555,2.1620893478393555,2.1620893478393555,10400,17.128470092546177,29.004969984887268,25.951307979479477,28.10473289426015,29.011827925673963,1.86,4.0,-0.68,5.65
LCII,1996-01-16,2.1620893478393555,2.1620893478393555,2.1620893478393555,2.1620893478393555,2400,16.845693775578304,28.957026400238433,25.914791951487935,28.10473289426015,29.011827925673963,1.85,4.0,-0.65,5.69
LCII,1996-01-17,2.1620893478393555,2.1620893478393555,2.1620893478393555,2.1620893478393555,800,16.845693775578304,28.957026400238433,25.914791951487935,28.000133270922063,29.011827925673963,1.85,4.5,-0.63,5.69
LCII,1996-01-18,2.1429567337036133,2.1429567337036133,2.1429567337036133,2.1429567337036133,4000,16.4564198787506,28.981216032391266,25.96738628907373,27.913208794479416,28.861213984023532,1.85,8.0,-0.61,5.62
LCII,1996-01-19,2.1429567337036133,2.1429567337036133,2.1429567337036133,2.1429567337036133,0,16.381255448002282,25.787009202824073,25.929858848477533,27.79744723477747,28.861213984023532,1.84,6.0,-0.58,5.66
LCII,1996-01-22,2.1429567337036133,2.1429567337036133,2.1429567337036133,2.1429567337036133,2400,16.088647077565856,25.787009202824073,25.89216130712301,27.313548358956247,28.861213984023532,1.83,3.0,-0.55,5.7
LCII,1996-01-23,2.1429567337036133,2.1429567337036133,2.1429567337036133,2.1429567337036133,2400,16.088647077565856,25.512181336789375,25.826391006463904,27.313548358956247,28.861213984023532,1.83,1.0,-0.53,5.79
LCII,1996-01-24,2.1429563154254043,2.1812233924865723,2.1429563154254043,2.1812233924865723,2800,16.85705854800749,25.759941841067118,25.953828469414038,27.383773682499594,28.833559094996268,1.82,10.0,-0.54,5.64
LCII,1996-01-25,2.1620893478393555,2.1620893478393555,2.1620893478393555,2.1620893478393555,400,16.947555774237443,25.83182486853141,25.936761859548973,27.371717801587213,28.75210719757164,1.81,9.0,-0.59,5.67
LCII,1996-01-26,2.1620891799097475,2.2003562450408936,2.1620891799097475,2.2003562450408936,3600,17.665957940692977,26.067962827943113,25.641786748451562,27.43949538444779,28.792897893731805,1.8,1.0,-0.59,5.96
LCII,1996-01-29,2.162090275968824,2.162090275968824,2.1429567337036133,2.1429567337036133,4000,18.580746157349104,26.656266055520422,25.614204658185002,27.32541599697423,28.803460147540978,1.78,1.0,-0.56,5.94
LCII,1996-01-30,2.1429567337036133,2.1429567337036133,2.1238231914384023,2.1429567337036133,8800,18.514208127565432,26.5838372543108,25.442452186521592,27.283660424796093,28.756350554136695,1.76,1.0,-0.52,6.15
LCII,1996-01-31,2.104689359664917,2.104689359664917,2.104689359664917,2.104689359664917,8400,18.5998312758985,26.781050677817504,25.616008720308397,27.37983692213024,28.776911950074368,1.74,3.0,-0.49,5.91
LCII,1996-02-01,2.123822385018025,2.123822385018025,2.0855553150177,2.0855553150177,30800,16.071881743367726,26.784298706960264,24.95647718599554,27.28822082718289,28.665754417637668,1.71,1.0,-0.49,6.53
LCII,1996-02-02,2.1046889150464856,2.142955986229149,2.1046889150464856,2.1238224506378174,3200,17.052854072632034,25.996438094200546,25.074229071940245,27.322170228804378,28.711826947795466,1.68,2.0,-0.47,6.39
LCII,1996-02-05,2.1046888500178627,2.1046888500178627,2.0855553150177,2.0855553150177,3600,17.094748758915852,25.980215365337994,25.24653946667802,27.301882034137332,28.610688577757593,1.65,3.0,-0.45,6.14
LCII,1996-02-06,2.085555522530167,2.085555522530167,2.0664219856262207,2.0664219856262207,14000,17.260247047032472,25.957786864861216,25.247465771091203,27.290513315151816,28.63177156736556,1.63,4.0,-0.45,6.12
LCII,1996-02-07,2.085555522530167,2.085555522530167,2.0664219856262207,2.0664219856262207,8400,17.260247047032472,25.957786864861216,25.20336765938591,27.25110474440317,28.60296427444643,1.63,3.0,-0.45,6.19
LCII,1996-02-08,2.0855553150177,2.0855553150177,2.0855553150177,2.0855553150177,15200,17.52122348583672,25.96828472248663,25.202571723415417,27.267502402717337,28.61187287902202,1.63,3.0,-0.44,6.19
LCII,1996-02-09,2.1046896491731917,2.1429567337036133,2.1046896491731917,2.1429567337036133,21600,19.31808642952016,26.54011229639952,25.402818022011115,27.39796115221897,28.722646690978387,1.64,7.0,-0.44,5.98
LCII,1996-02-12,2.1429567337036133,2.1429567337036133,2.1429567337036133,2.1429567337036133,8000,19.31808642952016,25.566455740374227,25.0078340613591,27.39796115221897,28.183890898809445,1.64,2.0,-0.42,6.48
LCII,1996-02-13,2.1238224506378174,2.1238224506378174,2.1238224506378174,2.1238224506378174,400,19.297401243746272,25.040677117733278,25.052494265370058,27.399184334486336,28.16021683392527,1.64,3.0,-0.4,6.41
LCII,1996-02-14,2.1429567337036133,2.1429567337036133,2.1429567337036133,2.1429567337036133,20000,19.304153301773322,24.57231355809228,25.089580698218118,27.261082133706317,28.048412478103174,1.65,5.0,-0.37,6.36
LCII,1996-02-15,2.1238224506378174,2.142955986229149,2.1238224506378174,2.1238224506378174,8800,19.454766490940195,24.520673181552056,25.134095648905408,27.16798062291034,28.025800530114715,1.65,6.0,-0.35,6.29
LCII,1996-02-16,2.162089938791389,2.238624095916748,2.162089938791389,2.238624095916748,28000,24.888093888109754,26.969932143358545,26.278639795984592,27.796189562514268,28.48409338959247,1.64,32.0,-0.34,5.77
LCII,1996-02-20,2.238623946905136,2.2960245609283447,2.238623946905136,2.2960245609283447,23200,25.873740083246723,27.11627698271906,26.557956196736754,27.93615362625902,28.579258520783206,1.64,37.0,-0.35,5.46
LCII,1996-02-21,2.296024590484367,2.3151581287384033,2.296024590484367,2.3151581287384033,2400,25.52672829518678,27.178435500882024,26.58000036121082,27.78701545205135,28.540755293759133,1.64,39.0,-0.38,5.43
LCII,1996-02-22,2.334292015075684,2.391692638397217,2.334292015075684,2.391692638397217,12000,27.06502017901861,23.28383729323876,26.974060743457862,28.020178364563105,28.65490014284356,1.63,44.0,-0.41,5.07
LCII,1996-02-23,2.391691482256329,2.4299585459724304,2.391691482256329,2.41082501411438,25200,26.898323362942712,23.275883579267145,26.963570371044337,28.02745982130434,28.63575027493584,1.63,44.0,-0.43,5.08
LCII,1996-02-26,2.410825788974762,2.4490928649902344,2.410825788974762,2.4490928649902344,66000,27.129677031734577,23.242543121437365,27.052217841005316,28.023217550875085,28.666471785257723,1.62,46.0,-0.43,4.98
LCII,1996-02-27,2.4682264029979706,2.4682264029979706,2.429959326982498,2.4490928649902344,6400,26.410150414094296,22.713036292504864,27.052217841005316,28.00174810151819,28.55333114372894,1.62,46.5,-0.44,4.98
LCII,1996-02-28,2.4299585459724304,2.449092077830481,2.41082501411438,2.41082501411438,15600,27.01298597363947,22.909753736688074,27.1967028186128,28.033327787358374,28.565014210651423,1.62,51.0,-0.47,4.82
LCII,1996-02-29,2.391692638397217,2.391692638397217,2.3725590972900394,2.391692638397217,7600,27.204050379700174,22.97382220061773,27.239676712510207,28.03595661399964,28.582340056037836,1.62,54.0,-0.5,4.77
LCII,1996-03-01,2.429959297180176,2.429959297180176,2.429959297180176,2.429959297180176,4000,27.18153250057406,22.925916790175492,27.27011507711154,28.060339495538038,28.614192612433925,1.62,56.0,-0.52,4.75
LCII,1996-03-04,2.429959297180176,2.429959297180176,2.429959297180176,2.429959297180176,0,27.18153250057406,22.848090424840255,27.27011507711154,27.306025524852917,28.614192612433925,1.62,56.5,-0.54,4.75
LCII,1996-03-05,2.4108244151603886,2.4108244151603886,2.353423833847046,2.353423833847046,9200,29.123388119908995,23.768392430369822,27.79792228256044,27.35437742803464,28.81772609662009,1.62,75.0,-0.55,4.31
LCII,1996-03-06,2.353423833847046,2.353423833847046,2.353423833847046,2.353423833847046,2000,29.123388119908995,23.768392430369822,27.592972236865638,27.35437742803464,28.79465587173015,1.62,65.0,-0.58,4.51
LCII,1996-03-07,2.353423833847046,2.3725573609514936,2.353423833847046,2.353423833847046,2400,28.803616402746435,23.71048576426038,27.530662904742197,27.333528582844668,28.772068807435492,1.62,64.0,-0.65,4.58
LCII,1996-03-08,2.33429166699244,2.33429166699244,2.3151581287384033,2.3151581287384033,14000,29.144913400001236,23.951297360023595,27.683103484489962,27.282452574755116,28.807861051950066,1.62,71.0,-0.73,4.42
LCII,1996-03-11,2.315157685123506,2.372558288886899,2.315157685123506,2.3342912197113037,17200,28.844495474491342,23.952298756345066,27.672297083220197,27.25487409423612,28.667840921853283,1.62,69.0,-0.82,4.43
LCII,1996-03-12,2.315158098936081,2.315158098936081,2.2960245609283447,2.2960245609283447,5600,28.131088114879248,23.956254235342016,27.794023604363648,27.33830385582292,28.727227749272323,1.62,74.0,-0.88,4.31
LCII,1996-03-13,2.2960245609283447,2.315158098936081,2.2960245609283447,2.2960245609283447,11200,28.131088114879248,23.89580638171027,27.76435245156737,27.196153365811405,28.684310086692417,1.62,73.0,-0.92,4.33
LCII,1996-03-14,2.2960245609283447,2.2960245609283447,2.2960245609283447,2.2960245609283447,0,27.477320428353487,23.637749951881652,27.76435245156737,27.173508667425157,28.639983831367495,1.62,72.5,-0.99,4.33
LCII,1996-03-15,2.2960245003134516,2.2960245003134516,2.2577574253082275,2.2577574253082275,10800,27.856771973385825,22.789603809551167,27.88302409693189,27.25952266257273,28.58535231595608,1.62,76.0,-1.02,4.22
LCII,1996-03-18,2.238624095916748,2.238624095916748,2.238624095916748,2.238624095916748,4000,27.636394421073724,22.865388109038907,26.00508351245649,27.26133102443274,28.603711771346536,1.62,29.0,-1.01,4.15
LCII,1996-03-19,2.2194897776064666,2.2194897776064666,2.2003562450408936,2.2003562450408936,6400,27.578738909026246,22.850088517422588,26.156060434060187,27.349416815955557,28.642977374111826,1.61,33.0,-1.0,3.97
LCII,1996-03-20,2.238624095916748,2.238624095916748,2.238624095916748,2.238624095916748,4400,27.72720739959627,23.10765963202383,26.127602053016673,27.391655907789175,28.68427053478969,1.61,33.0,-0.99,4.04
LCII,1996-03-21,2.23862382666818,2.23862382666818,2.2003567527080405,2.2194902896881104,43600,27.90999257570969,23.186038107112637,26.16826307545899,27.379086192815155,28.44894283921197,1.6,35.0,-0.96,3.99
LCII,1996-03-22,2.2194902896881104,2.2194902896881104,2.2194902896881104,2.2194902896881104,0,27.841616147866254,23.186038107112637,26.16826307545899,27.273549852647633,28.44894283921197,1.6,35.5,-0.94,3.99
LCII,1996-03-25,2.2194902896881104,2.2194902896881104,2.2194902896881104,2.2194902896881104,18800,26.80952350810866,23.186038107112637,26.16826307545899,27.23738838429356,28.426843027565933,1.59,36.0,-0.92,3.99
LCII,1996-03-26,2.2194902896881104,2.2194902896881104,2.2194902896881104,2.2194902896881104,0,26.80952350810866,23.186038107112637,26.16826307545899,27.214438818370944,28.426843027565933,1.59,36.5,-0.9,3.99
LCII,1996-03-27,2.2194902896881104,2.23862382666818,2.2194902896881104,2.2194902896881104,11200,26.640270662825227,23.12154212319963,26.12253347160568,27.178198700996532,28.426843027565933,1.58,33.0,-0.87,4.05
LCII,1996-03-28,2.2194905566354084,2.238624095916748,2.2194905566354084,2.238624095916748,8000,26.6310801336396,23.11807711961909,26.10470043277726,27.191714040771043,28.335627912887794,1.58,33.0,-0.86,4.09
LCII,1996-03-29,2.238624095916748,2.238624095916748,2.238624095916748,2.238624095916748,6400,26.452256898853427,23.11807711961909,26.070042093253655,27.191714040771043,27.93547913318168,1.57,32.0,-0.83,4.12
LCII,1996-04-01,2.2386232143690603,2.276890277862549,2.2386232143690603,2.276890277862549,44800,22.15980044201418,23.364164641960055,25.5830584376967,27.254403089334367,27.959489365585544,1.58,13.0,-0.83,4.42
LCII,1996-04-02,2.2768909628108394,2.2768909628108394,2.2577574253082275,2.2577574253082275,2800,21.013301643746004,23.439084720543626,25.4751460064219,27.27865155954281,27.88955497711868,1.59,13.0,-0.83,4.49
LCII,1996-04-03,2.2768910229206085,2.2960245609283447,2.2768910229206085,2.2960245609283447,24800,21.464844054850403,23.42147193454971,25.576190140112935,27.339597922852633,27.9328465554432,1.59,14.0,-0.85,4.4
LCII,1996-04-04,2.2960245609283447,2.2960245609283447,2.2768910229206085,2.2960245609283447,5600,19.08391199766385,23.42147193454971,25.576190140112935,27.339597922852633,27.903414761847262,1.6,14.5,-0.86,4.4
LCII,1996-04-08,2.296023809609293,2.296023809609293,2.276890277862549,2.276890277862549,800,18.9770509061819,23.416673717173133,25.5786636022101,27.363620826700934,27.808867639817453,1.6,16.0,-0.87,4.37
LCII,1996-04-09,2.2577574253082275,2.2577574253082275,2.2577574253082275,2.2577574253082275,3200,18.304660995432982,23.489192970036292,25.579485537311243,25.15424785736332,27.806263209299203,1.61,17.0,-0.87,4.34
LCII,1996-04-10,2.2577574253082275,2.2577574253082275,2.2577574253082275,2.2577574253082275,0,18.304660995432982,23.189072883235127,25.014783505974908,25.122447973602696,27.786957953224007,1.62,3.0,-0.83,4.76
LCII,1996-04-11,2.2577574253082275,2.2577574253082275,2.2577574253082275,2.2577574253082275,400,17.894454962685522,23.189072883235127,24.701312807855924,25.099859045453382,27.76795458013042,1.63,1.0,-0.77,5.06
LCII,1996-04-12,2.2577574253082275,2.2577574253082275,2.2577574253082275,2.2577574253082275,0,17.81962099437171,23.189072883235127,24.39259236595336,24.625891588408646,27.76795458013042,1.65,1.0,-0.73,5.37
LCII,1996-04-15,2.2960247137607674,2.2960247137607674,2.238624095916748,2.238624095916748,28800,17.090225191842976,23.182511758582315,24.383567727491272,24.517458719641564,27.765869115629926,1.66,1.0,-0.74,5.35
LCII,1996-04-16,2.2386232143690603,2.276890277862549,2.2386232143690603,2.276890277862549,22800,18.007208258521608,23.418805416029677,24.523516445239036,24.58867893414527,27.792379275794023,1.67,3.0,-0.73,5.22
LCII,1996-04-17,2.276890277862549,2.276890277862549,2.276890277862549,2.276890277862549,5600,15.631866592699485,23.418805416029677,24.245053830447862,24.274823629507473,27.711960280150834,1.69,1.0,-0.68,5.6
LCII,1996-04-18,2.2577576351980877,2.2577576351980877,2.238624095916748,2.238624095916748,4800,16.286194131777695,23.705882875732,24.385190057497024,24.32898924775815,27.69222088907005,1.7,3.0,-0.6,5.38
LCII,1996-04-19,2.2194905566354084,2.2577576351980877,2.2194905566354084,2.238624095916748,17200,16.286194131777695,23.44069500384188,21.297962598389105,24.303326570461785,27.674929471633913,1.74,1.0,-0.6,1.8
LCII,1996-04-22,2.2577574253082275,2.2577574253082275,2.2386238878056153,2.2577574253082275,17200,15.924828189268942,23.417725514069325,21.297221620237757,24.29277741667447,27.209269093971816,1.77,1.0,-0.61,1.8
LCII,1996-04-23,2.2577574849128723,2.2960245609283447,2.2577574849128723,2.2960245609283447,48400,16.531631989554178,23.395586231068055,21.29437081010713,24.337520090960616,26.81827340809737,1.8,1.0,-0.62,1.8
LCII,1996-04-24,2.296023822966076,2.41082501411438,2.296023822966076,2.41082501411438,39200,21.220338145466066,24.710290060796442,22.31629940731351,24.936027976378565,27.24826508992717,1.8,4.0,-0.63,2.3
LCII,1996-04-25,2.4299589513822366,2.506493091583252,2.4299589513822366,2.506493091583252,59600,23.801574955013045,25.839474017937746,23.111128014904708,25.219876621991403,27.217474530804243,1.78,5.0,-0.37,2.03
LCII,1996-04-26,2.525626593369704,2.525626593369704,2.4873595237731934,2.4873595237731934,4000,23.986263672263465,25.57210316967297,23.148429740665648,25.243550814163896,27.166235011014777,1.75,6.0,-0.28,2.02
LCII,1996-04-29,2.487359971039055,2.5064935092778167,2.468226432800293,2.468226432800293,17600,23.484544136114987,25.545641909437954,23.027450944696916,25.12349602691134,27.179952946124942,1.72,5.0,-0.3,2.09
LCII,1996-04-30,2.4873598236026186,2.5256268978118896,2.468226286497983,2.5256268978118896,29200,23.916889255575594,25.687814521825846,23.252840313658492,25.227519637364782,27.18906637950475,1.67,8.0,-0.19,1.88
LCII,1996-05-01,2.5256268978118896,2.5256268978118896,2.5256268978118896,2.5256268978118896,34400,23.09272251652478,25.318423770273764,23.223407586792153,25.185273420783034,27.105059788971474,1.63,8.0,-0.14,1.92
LCII,1996-05-02,2.5064931876623806,2.5638937950134277,2.5064931876623806,2.5638937950134277,9600,22.996458934763755,25.29867797188869,23.33150561408076,25.232227015243332,27.05160687405647,1.58,10.0,0.01,1.81
LCII,1996-05-03,2.602160488602019,2.6212940216064453,2.602160488602019,2.6212940216064453,14400,23.198086437959855,25.569762378072603,23.54445522652792,25.244132807272933,26.77012688175354,1.51,11.0,0.36,1.65
LCII,1996-05-06,2.640429113952207,2.716963291168213,2.640429113952207,2.716963291168213,61200,24.729271730691814,26.37320832211615,24.17864509702791,25.51604417345064,26.988001167996483,1.44,12.0,1.22,1.38
LCII,1996-05-07,2.736096050288226,2.831763744354248,2.736096050288226,2.831763744354248,30000,26.587946696191047,27.050108613540825,24.97315808478294,25.915601079754325,27.27724403933893,1.43,20.0,2.69,1.2
LCII,1996-05-08,2.8317629219829175,2.8317629219829175,2.58302698964658,2.640427589416504,214400,34.88223655856026,31.064886632438597,27.307766769072376,27.253039290158775,28.17948868734006,1.43,90.0,2.3,3.01
LCII,1996-05-09,2.659561015941479,2.659561015941479,2.583026885986328,2.583026885986328,13200,35.769547938185944,31.4001668811205,27.515912147874644,27.382444273281457,28.277969504558147,1.43,91.0,1.93,2.86
LCII,1996-05-10,2.5830269555975924,2.6212940216064453,2.5830269555975924,2.6212940216064453,14400,35.86589817802629,31.46664356399431,27.44626970689732,27.423380298081362,28.08779598899138,1.44,90.0,1.58,2.92
LCII,1996-05-13,2.602160488602019,2.6212940216064453,2.602160488602019,2.6212940216064453,6800,35.86589817802629,31.370108388214934,26.834696967267423,27.423380298081362,28.05716642072288,1.44,79.0,1.28,3.27
LCII,1996-05-14,2.6404275894165044,2.6404275894165044,2.6404275894165044,2.640427589416504,800,35.701128938107054,29.666493626756065,26.84685114646032,27.4125111590058,28.061902696520775,1.44,80.0,1.01,3.26
LCII,1996-05-15,2.602160418475116,2.602160418475116,2.583026885986328,2.583026885986328,12400,36.35173486829164,29.713291375306238,26.93487215100687,27.54019035632861,28.08376632759069,1.44,80.0,0.78,3.2
LCII,1996-05-16,2.602160488602019,2.6212940216064453,2.602160488602019,2.6212940216064453,35200,36.29491231435519,29.800533315715782,27.009980284301694,27.544989946720143,28.083752534893236,1.44,82.0,0.57,3.14
LCII,1996-05-17,2.621294357095446,2.6786949634552,2.621294357095446,2.6786949634552,14400,36.60751109654598,29.40698185067074,27.187159546865942,27.64282401224018,28.07786238818967,1.44,84.0,0.4,3.0
LCII,1996-05-20,2.6786954111332517,2.6786954111332517,2.6595618724823,2.6595618724823,23600,36.57066295916713,29.436930785615267,27.225922665414664,27.625227056291823,28.06220217929736,1.45,85.0,0.23,2.96
LCII,1996-05-21,2.6786952323101936,2.716962307057482,2.6786952323101936,2.697828769683838,7200,36.42818968112644,29.408491220698153,27.291447438188037,27.4523047625559,28.059211870202038,1.46,88.0,0.09,2.91
LCII,1996-05-22,2.6978297468642114,2.716963291168213,2.6978297468642114,2.716963291168213,800,36.38568232698462,29.42760503028895,27.299328945890306,27.25812990194797,28.063381634583784,1.46,88.0,-0.03,2.91
LCII,1996-05-23,2.716963291168213,2.716963291168213,2.716963291168213,2.716963291168213,0,36.38568232698462,29.20422270098483,27.281791004742175,27.178537266006437,28.03214312934631,1.47,86.0,-0.15,2.92
LCII,1996-05-24,2.6978297468642114,2.716963291168213,2.6978297468642114,2.716963291168213,6400,36.38568232698462,29.133722795614585,27.263986564042693,27.178537266006437,28.03214312934631,1.48,83.0,-0.27,2.93
LCII,1996-05-28,2.697828769683838,2.697828769683838,2.697828769683838,2.697828769683838,800,36.33745483134738,29.050573187921902,27.30153715046883,26.857950748422947,28.030332987279177,1.48,88.0,-0.39,2.9
LCII,1996-05-29,2.6786954111332517,2.6786954111332517,2.6595618724823,2.6595618724823,4800,36.66221865347191,29.234130273712655,27.42376405260979,26.892569764131252,27.96627237313026,1.49,89.0,-0.5,2.8
LCII,1996-05-30,2.6595611226731455,2.6595611226731455,2.6404275894165044,2.640427589416504,7200,36.810269173174795,28.451579371274416,27.460981508661675,26.91162821832327,27.900698854008212,1.5,90.0,-0.61,2.77
LCII,1996-05-31,2.6595610876152986,2.6595610876152986,2.6212940216064453,2.6212940216064453,6000,36.41502666719872,28.511495358465254,27.38606882801198,26.9146850269821,27.88402698908179,1.51,87.0,-0.71,2.83
LCII,1996-06-03,2.6212947951803964,2.6595618724823,2.6212947951803964,2.6595618724823,7200,36.475323422829156,28.62696934060047,27.460198016558785,26.929715408184506,27.912275719629235,1.52,89.0,-0.8,2.77
LCII,1996-06-04,2.6595617541066416,2.7552294431032833,2.6595617541066416,2.736095905303955,25200,37.05579547170031,28.8649165626413,27.728750067694545,27.101916918833506,27.923322337397806,1.53,95.0,-0.86,2.6
LCII,1996-06-05,2.736095964497533,2.7743630409240723,2.736095964497533,2.7743630409240723,18400,36.99421776649457,28.93373405718258,27.78855948573527,27.06813463877627,27.94754569568745,1.54,97.0,-0.91,2.56
LCII,1996-06-06,2.79349651870194,2.8126300565012685,2.736095905303955,2.736095905303955,27600,35.15419923379829,28.863071790251038,27.728050441746472,26.907724902306946,27.992596561735635,1.55,93.0,-0.97,2.6
LCII,1996-06-07,2.755229949951172,2.755229949951172,2.755229949951172,2.755229949951172,10800,33.59920614703409,28.86826685086975,27.73505485042545,26.91448349572691,27.96200176663879,1.56,94.0,-1.02,2.6
LCII,1996-06-10,2.7360968354722144,2.7360968354722144,2.716963291168213,2.716963291168213,4400,33.825316899509296,29.07271810909606,27.854780069076952,26.97735539387361,27.9913158726231,1.58,99.0,-1.07,2.5
LCII,1996-06-11,2.697828769683838,2.716962307057482,2.697828769683838,2.697828769683838,2400,33.80791647465154,28.859822880820136,27.837682232348975,26.99610840040585,27.97165350878221,1.59,98.0,-1.13,2.52
LCII,1996-06-12,2.6978297468642114,2.716963291168213,2.6978297468642114,2.716963291168213,8800,33.29954244525064,28.771633809052403,27.845409131377146,26.894403335015575,27.958981780822167,1.6,98.0,-1.17,2.51
LCII,1996-06-13,2.716963291168213,2.716963291168213,2.716963291168213,2.716963291168213,2400,33.29954244525064,28.463020774151655,27.845409131377146,26.894403335015575,27.942869776063183,1.61,97.5,-1.21,2.51
LCII,1996-06-14,2.7169623675046264,2.736095905303955,2.7169623675046264,2.736095905303955,4800,33.11638208869244,28.329217183178056,27.852466013889742,26.901058765551312,27.40648465198498,1.62,98.0,-1.25,2.51
LCII,1996-06-17,2.7169623675046264,2.736095905303955,2.7169623675046264,2.736095905303955,11200,32.57320944483257,28.22928538162344,27.747211083427626,26.868348065857962,27.233785088215946,1.63,89.0,-1.28,2.58
LCII,1996-06-18,2.7360968354722144,2.7360968354722144,2.716963291168213,2.716963291168213,11200,30.966979193377547,28.302849395354464,27.730439953451167,26.872231380325694,27.247129274747213,1.64,87.0,-1.31,2.6
LCII,1996-06-19,2.716962034361703,2.716962034361703,2.6786949634552,2.6786949634552,2400,28.612330073056718,28.52344170885479,27.743432121993926,26.937031566928187,27.278043197686653,1.65,88.0,-1.34,2.58
LCII,1996-06-20,2.6595618724823,2.6595618724823,2.6595618724823,2.6595618724823,4000,20.165099142384495,28.59482650972923,27.407982170639194,26.956365405429683,27.19592393726052,1.65,74.0,-1.36,2.79
LCII,1996-06-21,2.6404275894165044,2.6404275894165044,2.6404275894165044,2.640427589416504,6400,19.181656818146042,28.665542327108774,27.44640629551405,26.975773797488884,27.181847106843442,1.65,76.0,-1.37,2.76
LCII,1996-06-24,2.6404275894165044,2.6404275894165044,2.6404275894165044,2.640427589416504,0,18.718673733766163,28.64674665677242,27.258820211308183,26.975773797488884,27.181847106843442,1.66,63.0,-1.38,2.9
LCII,1996-06-25,2.6212947070598602,2.6212947070598602,2.602161169052124,2.602161169052124,54800,19.20691796529764,28.862053124258065,27.33072316303657,27.011412419140278,27.127511478735794,1.66,71.0,-1.4,2.84
LCII,1996-06-26,2.583026885986328,2.583026885986328,2.583026885986328,2.583026885986328,400,19.178084775142715,28.772655592596802,27.251668401915342,27.03125392742066,27.125922708398924,1.66,61.0,-1.39,2.9
LCII,1996-06-27,2.5447605550289154,2.602161169052124,2.525627017021179,2.602161169052124,88400,18.215274116027846,28.707689598013967,27.072329471986794,27.0397871315204,27.13168696782362,1.66,56.0,-1.41,3.04
LCII,1996-06-28,2.6404275894165044,2.6595611226731455,2.6404275894165044,2.640427589416504,5600,18.20787518317096,28.663771354162687,27.080363651001328,26.968949847828476,27.1468385268773,1.66,56.0,-1.44,3.04
LCII,1996-07-01,2.6595618724823,2.6595618724823,2.6404283338313483,2.6595618724823,9200,17.183928847025186,28.676902579049468,27.08798400651018,26.941817311805178,27.152143965383196,1.66,56.0,-1.48,3.03
LCII,1996-07-02,2.640427554610872,2.640427554610872,2.6212940216064453,2.6212940216064453,8000,17.567463449741126,28.802783673778563,27.200116202689344,27.00974475180472,27.184205088317576,1.66,58.0,-1.51,2.94
LCII,1996-07-03,2.6212940216064453,2.6212940216064453,2.6212940216064453,2.6212940216064453,2000,17.002668506329606,28.71960782865342,26.90825047188236,26.99299793301026,27.15638468531218,1.66,46.0,-1.51,3.15
LCII,1996-07-05,2.6212940216064453,2.6212940216064453,2.6212940216064453,2.6212940216064453,0,16.835298300059577,28.71960782865342,26.90825047188236,26.976372934556213,27.083011738464936,1.65,45.5,-1.52,3.15
LCII,1996-07-08,2.6404275894165044,2.6595611226731455,2.6404275894165044,2.640427589416504,3600,17.011190161044677,28.731368041835655,26.8629775086332,26.967783083587506,27.061410233620393,1.65,44.0,-1.54,3.19
LCII,1996-07-09,2.6595618724823,2.6595618724823,2.6595618724823,2.6595618724823,2000,17.174261169645515,28.74146280388366,26.853156957423135,26.975391459829122,27.05187026517316,1.64,43.0,-1.55,3.2
LCII,1996-07-10,2.6595610876152986,2.6595610876152986,2.6212940216064453,2.6212940216064453,5600,17.543932945331086,28.867274995834695,26.92565501128305,27.025659455135788,27.07179251356399,1.64,46.0,-1.58,3.14
LCII,1996-07-11,2.6404275894165044,2.6404275894165044,2.6404275894165044,2.640427589416504,400,17.23076971160324,28.73005563796803,25.692994779530153,25.973408139287667,27.0774148177605,1.64,27.0,-1.57,3.4
LCII,1996-07-12,2.6212940216064453,2.6212940216064453,2.6212940216064453,2.6212940216064453,400,17.23261520951038,28.79533678463588,25.448553052442207,25.992228123474746,27.091401383032355,1.64,21.0,-1.55,3.58
LCII,1996-07-15,2.6212940216064453,2.6212940216064453,2.6212940216064453,2.6212940216064453,1200,17.10321596891788,28.518377763908266,25.424751810382585,25.892698731916713,27.091401383032355,1.65,21.0,-1.53,3.59
LCII,1996-07-16,2.602161169052124,2.6212947070598602,2.602161169052124,2.602161169052124,10000,16.65987342375296,28.586671664061118,24.959453026852053,25.912057393345318,27.105475908790094,1.65,19.0,-1.52,3.91
LCII,1996-07-17,2.5638937950134277,2.5638937950134277,2.5638937950134277,2.5638937950134277,3600,14.69084736622484,28.77653719719076,25.055767234543367,25.980748400527148,27.154196353276795,1.65,22.0,-1.51,3.8
LCII,1996-07-18,2.583027631044388,2.6212947070598602,2.5638940930366516,2.602161169052124,33200,14.780972583806465,28.73597853552467,25.041850347765454,26.031034899295904,27.18665330124094,1.66,22.0,-1.51,3.81
LCII,1996-07-19,2.602161169052124,2.602161169052124,2.602161169052124,2.602161169052124,400,14.36353720378668,27.038542337416448,25.041850347765454,26.031034899295904,27.18665330124094,1.66,22.5,-1.51,3.81
LCII,1996-07-22,2.602161169052124,2.602161169052124,2.583027631044388,2.602161169052124,20400,14.139454808928365,25.87571015309435,24.904453804073874,26.00251774005183,25.610612352597133,1.66,19.0,-1.5,3.96
LCII,1996-07-23,2.602161169052124,2.602161169052124,2.602161169052124,2.602161169052124,0,13.674459791378151,25.818479495964215,24.86543608097295,25.973243062347123,25.58708928318391,1.66,19.0,-1.48,4.01
LCII,1996-07-24,2.602162025344204,2.755230379776216,2.5830284810402024,2.716963291168213,77200,18.704755964086797,27.176145972177807,25.650700131068476,26.426099816190874,25.91530931676032,1.66,35.0,-1.47,3.67
LCII,1996-07-25,2.755229949951172,2.7743634912702775,2.7360964086320667,2.755229949951172,27600,19.02901438517619,26.93505120062374,25.731166009424065,26.147296862973818,25.61170536599249,1.66,37.0,-1.47,3.59
LCII,1996-07-26,2.755229949951172,2.755229949951172,2.755229949951172,2.755229949951172,12000,19.02901438517619,26.93505120062374,25.173688747314056,26.076600351328644,25.515522519901047,1.65,27.0,-1.44,4.01
LCII,1996-07-29,2.7743630409240723,2.7743630409240723,2.7743630409240723,2.7743630409240723,1600,19.02613454402315,26.811238109853402,25.18662547258473,26.07045855737796,25.52052530671847,1.65,28.0,-1.41,4.0
LCII,1996-07-30,2.7934970325893826,2.7934970325893826,2.755229949951172,2.755229949951172,25200,19.146106481834625,26.506842382211087,25.222066844157325,26.08794408827146,25.31437585799364,1.64,29.0,-1.38,3.96
LCII,1996-07-31,2.755229560696349,2.8126301765441895,2.755229560696349,2.8126301765441895,11600,19.89749873377825,25.822523133433574,25.235196952443978,26.174614652426914,25.35307329131456,1.64,30.0,-1.33,3.96
LCII,1996-08-01,2.79349684715271,2.812630387201701,2.79349684715271,2.79349684715271,12400,19.515172575610844,24.42048987555455,25.25294334686052,26.17777499648129,25.351901200064265,1.63,31.0,-1.28,3.93
LCII,1996-08-02,2.8317632733678524,3.1187663078308105,2.8317632733678524,3.1187663078308105,99600,36.90780237442026,29.76369465763739,30.3956316425266,28.937895088239408,27.557239740798025,1.68,100.0,-0.78,10.31
LCII,1996-08-05,3.1953009981097598,3.1953009981097598,3.118766842466412,3.157033920288086,103600,36.76373673768058,29.371154687021654,30.42599148734032,28.839628232904907,27.56264727069872,1.73,100.0,-0.35,10.22
LCII,1996-08-06,3.176167459198923,3.2144345370205967,3.137900381377249,3.157033920288086,47600,36.76373673768058,29.28267372576218,30.42599148734032,28.71918546555574,27.5337114906554,1.77,99.5,-0.09,10.22
LCII,1996-08-07,3.1570328204012705,3.482302868563826,3.1570328204012705,3.4631693363189697,78800,43.9682866723259,34.53594214823616,33.403797162079904,30.669206038748264,28.9178938377675,1.91,100.0,1.34,9.02
LCII,1996-08-08,3.5205703156717707,3.5205703156717707,3.405769109725952,3.405769109725952,62400,44.36161225757082,34.806677891493656,33.508950680155955,30.726976471950994,28.98072592093887,2.05,100.0,1.73,8.91
LCII,1996-08-09,3.386635241927681,3.4823029041290283,3.367501709487412,3.4823029041290283,32800,44.516521294501835,34.56236133566079,33.45185240781761,30.669962471151834,28.95145851357215,2.17,99.0,2.11,8.85
LCII,1996-08-12,3.5205708402495146,3.5205708402495146,3.3675025428473617,3.424903154373169,37200,45.13397639528905,34.781367460396055,33.5576058647823,30.748833933974318,29.004116410873294,2.29,100.0,2.07,8.82
LCII,1996-08-13,3.4631706245920872,3.4631706245920872,3.348369388417764,3.3675029277801514,80400,45.73876904535445,34.86439857778665,33.66440027316989,29.45158011860477,29.039627135177337,2.4,100.0,1.89,8.71
LCII,1996-08-14,3.3675029277801514,3.3675029277801514,3.3675029277801514,3.3675029277801514,27600,45.313990544790926,34.79884287309347,33.66440027316989,29.44337382968906,29.039627135177337,2.51,99.5,1.71,8.71
LCII,1996-08-15,3.367502387912794,3.367502387912794,3.329235315322876,3.329235315322876,48400,45.617049228104754,34.87106707942764,33.749208337687826,29.43563054154998,29.012798928648646,2.61,100.0,1.51,8.63
LCII,1996-08-16,3.329234635489328,3.3483681678771973,3.329234635489328,3.3483681678771973,4000,45.56025668614985,34.86630888226465,33.74394334969184,29.31385368782698,28.98608565123989,2.7,99.0,1.32,8.62
LCII,1996-08-19,3.3483681678771973,3.3483681678771973,3.329234635489328,3.3483681678771973,79600,45.62128504477948,34.86630888226465,33.74394334969184,29.30562033488402,28.975812044816827,2.79,98.5,1.14,8.62
LCII,1996-08-20,3.3483684736456576,3.3866355419158936,3.3483684736456576,3.3866355419158936,29200,45.63158596007908,34.89559439196505,33.7562047679956,29.325765504302144,28.96083064935982,2.88,100.0,0.97,8.59
LCII,1996-08-21,3.4057690406757626,3.501436710357666,3.386635506739382,3.501436710357666,43600,45.68334060879831,35.34401603594129,34.06553744643095,29.47605520295159,29.114116122454835,2.97,100.0,0.88,8.11
LCII,1996-08-22,3.482303765898976,3.482303765898976,3.4057696171978997,3.424903154373169,20400,46.60017718314502,35.55560440752757,34.26492565325831,29.59091967292285,29.217323706726976,3.05,100.0,0.71,7.99
LCII,1996-08-23,3.4249026101861295,3.4249026101861295,3.3866355419158936,3.3866355419158936,12800,46.73198630965685,35.62023525961635,34.29381458749535,29.624694170629112,29.248458934321274,3.13,100.0,0.55,7.97
LCII,1996-08-26,3.405769109725952,3.405769109725952,3.367502041077346,3.405769109725952,9600,46.67101920503804,35.54160230876845,34.23386985057057,29.62653652175523,29.239399995204522,3.21,98.0,0.4,8.08
LCII,1996-08-27,3.4057696171978997,3.424903154373169,3.386636080022631,3.424903154373169,12000,46.4344302911743,35.480021143177446,34.2289968233986,29.620567824221023,29.23056271912945,3.28,97.0,0.26,8.07
LCII,1996-08-28,3.4440358040741135,3.4631693363189697,3.4440358040741135,3.4631693363189697,3200,45.87593543559956,35.15293844031008,34.18949748274759,29.638490001712682,29.215840211572186,3.35,96.0,0.13,8.05
LCII,1996-08-29,3.4631701448689336,3.520570755004883,3.4631701448689336,3.520570755004883,18400,45.89308864038226,35.18766745273929,34.18360843536198,29.67811422727437,29.248087637000513,3.41,95.0,0.03,7.98
LCII,1996-08-30,3.520570244294047,3.520570244294047,3.501436710357666,3.501436710357666,9200,46.02405525870762,35.046943092041644,34.21257163991343,29.609566455540172,29.23044777278693,3.47,96.0,-0.08,7.96
LCII,1996-09-03,3.520570755004883,3.520570755004883,3.520570755004883,3.520570755004883,4000,45.94928944734898,35.043034195679546,34.20571698002786,29.584970699069846,29.094445605108287,3.52,95.0,-0.19,7.96
LCII,1996-09-04,3.520570816532258,3.558837890625,3.520570816532258,3.558837890625,12000,45.85000880598539,34.86487896037623,34.21302837278086,29.513264948866098,28.976520174837972,3.57,96.0,-0.28,7.91
LCII,1996-09-05,3.5588373121668084,3.5588373121668084,3.501436710357666,3.501436710357666,9600,45.396067864195736,35.045576841467415,34.31032236431128,29.269246531848243,28.98560064982411,3.61,100.0,-0.39,7.82
LCII,1996-09-06,3.5014370918273925,3.5014370918273925,3.4440364837646484,3.4440364837646484,6000,45.93136772768257,35.30001839014869,34.41189924427392,29.355365957518732,29.04550663914292,3.66,100.0,-0.5,7.8
LCII,1996-09-09,3.4249035458673127,3.4249035458673127,3.3675029277801514,3.3675029277801514,21600,46.70291849402092,35.70558992593095,34.66467754031177,29.40707934528442,28.9292058699065,3.7,100.0,-0.61,7.58
LCII,1996-09-10,3.3675020077807756,3.3866355419158936,3.3675020077807756,3.3866355419158936,5200,46.70379455925146,35.70110241855366,34.503747370308396,29.40790919565576,28.909531640237606,3.74,99.0,-0.72,7.7
LCII,1996-09-11,3.405769109725952,3.405769109725952,3.405769109725952,3.405769109725952,2400,46.52828763452222,35.69581021171142,34.49813176286183,29.408607077695297,28.911113325663873,3.72,98.0,-0.84,7.69
LCII,1996-09-12,3.424902271829257,3.501436400808682,3.424902271829257,3.4631693363189697,13200,46.44311486885134,35.72423171010383,34.54878303233569,29.454467971391544,28.939340434245537,3.71,99.0,-0.95,7.61
LCII,1996-09-13,3.4440361443212475,3.4440361443212475,3.3866355419158936,3.3866355419158936,27200,47.05656883499707,35.94063318738206,34.74589666862253,29.601269410013526,29.020000286999853,3.69,100.0,-1.06,7.5
LCII,1996-09-16,3.4057690760510115,3.4249026101861295,3.3866355419158936,3.3866355419158936,10800,35.324872801254045,35.876238246635076,33.99605601867843,29.601269410013526,29.011398307772467,3.68,83.0,-1.15,8.41
LCII,1996-09-17,3.3675029277801514,3.386636467142538,3.3675029277801514,3.3675029277801514,10800,35.289001370920495,35.856823577760174,33.544114061623475,29.60743296168562,28.97456557607257,3.67,75.0,-1.23,9.11
LCII,1996-09-18,3.3866352073395447,3.482302868563826,3.3866352073395447,3.4631693363189697,22000,36.065993288092955,36.179676060103624,33.73426034142173,29.752222510499887,28.93992072608999,3.66,78.0,-1.3,8.74
LCII,1996-09-19,3.5014369294122996,3.7884399564133076,3.5014369294122996,3.7693064212799072,82800,34.4086599367245,39.50905051234348,36.07460821798596,31.297327154530524,30.095240329765723,3.68,100.0,-1.25,7.36
LCII,1996-09-20,3.7693068059449346,3.7693068059449346,3.692772657600875,3.7119061946868896,12000,34.343390837307496,39.65921555715345,36.080565131742546,31.370886023542305,30.14671886025102,3.7,100.0,-1.26,7.47
LCII,1996-09-23,3.6927735281240253,3.7119070697205228,3.65450644493103,3.6545064449310303,8400,34.23989752436418,39.90463740771748,36.20749473652828,31.44564897848092,30.19921068620463,3.72,100.0,-1.31,7.38
LCII,1996-09-24,3.65450644493103,3.65450644493103,3.65450644493103,3.6545064449310303,800,33.807073712833166,39.87711731905592,36.16624758622004,31.399855433677104,30.125282110356448,3.74,99.0,-1.35,7.48
LCII,1996-09-25,3.673638378400259,3.6927719116210938,3.673638378400259,3.6927719116210938,4000,33.39300019372241,39.88866746713134,36.0605250630636,31.41110279640757,30.135046514591114,3.75,96.0,-1.38,7.63
LCII,1996-09-26,3.6927728354930878,3.6927728354930878,3.6736392974853516,3.6736392974853516,5200,33.46839999265834,39.73511884700968,35.70814019406299,31.39594075700105,30.143702871250177,3.76,95.0,-1.43,8.15
LCII,1996-09-27,3.6545054281830156,3.6736389644562255,3.6162383556365967,3.6162383556365967,5600,33.652018013119346,39.9607786886531,35.29492147369235,31.471256062706043,30.174641695991593,3.78,94.0,-1.48,8.8
LCII,1996-09-30,3.6545061789060895,3.6736397191097865,3.6353726387023926,3.6353726387023926,7200,33.648793708691436,39.94516186927998,33.3324553650045,31.37968241163171,30.167411790381998,3.78,63.0,-1.52,10.0
LCII,1996-10-01,3.635370858850326,3.635370858850326,3.5779702663421626,3.577970266342163,16800,34.07495539307542,40.18197135643706,33.22962320078799,31.456710271262544,30.22181385174206,3.79,62.0,-1.56,10.11
LCII,1996-10-02,3.5779712830901778,3.635371891909806,3.5779712830901778,3.6162383556365967,13200,34.05867291921584,40.19590969562598,33.20021459460638,31.46856996368013,30.232442798776475,3.8,61.0,-1.6,10.18
LCII,1996-10-03,3.597104206600705,3.597104206600705,3.539703607559204,3.539703607559204,15200,33.39623276477404,40.36418783148746,33.42588228459088,31.56888376328754,30.324550739808544,3.8,64.0,-1.63,9.96
LCII,1996-10-04,3.5779712830901778,3.6162383556365967,3.5588377468169683,3.6162383556365967,8000,33.23269586007665,40.50152193255545,33.54670265293598,31.643662982137137,30.384023184809443,3.81,67.0,-1.66,9.71
LCII,1996-10-07,3.635372221469879,3.6736392974853516,3.635372221469879,3.6736392974853516,8400,33.23229538660173,40.47248611349513,33.3615829664074,31.678140814533904,30.38993414162859,3.81,61.0,-1.68,9.78
LCII,1996-10-08,3.6927726054191585,3.826707363128662,3.6927726054191585,3.826707363128662,33600,35.018076195613084,41.090096852182484,33.83861487735565,31.990511685747485,30.63034648212779,3.81,75.0,-1.67,9.04
LCII,1996-10-09,3.8267078112118207,3.8267078112118207,3.7884407330997023,3.8075742721557617,18000,35.10784953640767,41.06004207884541,33.74468804074337,31.958658559107377,30.63870992138512,3.82,72.0,-1.66,9.3
LCII,1996-10-10,3.76930566953153,3.76930566953153,3.750172138214111,3.7501721382141113,4800,35.44037198792495,41.06837536903008,33.83326090568169,32.00100497371147,30.611149058565523,3.82,74.0,-1.67,9.22
LCII,1996-10-11,3.73103991150856,3.7501734495162964,3.6736392974853516,3.6736392974853516,35200,35.81333364835228,41.39668693819815,34.001656461839495,32.07631530155893,30.67396088479839,3.83,76.0,-1.69,9.16
LCII,1996-10-14,3.6927719116210938,3.7119054448419284,3.673638378400259,3.6927719116210938,10800,35.768788996901385,41.37956834494517,33.997375348095446,31.887607905922394,30.67402526917698,3.83,75.0,-1.7,9.17
LCII,1996-10-15,3.7310402393341064,3.7310402393341064,3.7310402393341064,3.7310402393341064,2000,35.83985723972526,41.371426917521674,34.0130776057589,31.897178353587364,30.67514888241559,3.84,76.0,-1.7,9.1
LCII,1996-10-16,3.731038606896692,3.750172138214111,3.731038606896692,3.7501721382141113,1600,35.755202236064164,41.35298881361148,34.01062793414859,31.799042355845074,30.66774500897134,3.84,75.0,-1.71,9.08
LCII,1996-10-17,3.769306411930159,3.9223746926176783,3.750172876844219,3.9032411575317383,128400,36.990423183367724,41.23662339868942,34.465960331206006,32.060995867072336,30.88768841436566,3.85,88.0,-1.68,8.32
LCII,1996-10-18,3.941508420308431,4.037176100413005,3.941508420308431,4.01804256439209,34000,37.18765268422805,41.47404101974719,34.57575345481651,32.15609377253365,30.998321542884394,3.85,91.0,-1.62,8.0
LCII,1996-10-21,4.0563094200344265,4.1711106300354,4.0563094200344265,4.1711106300354,50800,37.372023411200296,41.93711304309854,34.92648514836593,32.29946352363166,31.183681211425334,3.86,93.0,-1.49,7.43
LCII,1996-10-22,4.132843780517578,4.132843780517578,4.01804256439209,4.01804256439209,46800,39.53925361500129,42.90852051161288,35.508775458509724,32.6302114421116,30.824609419172745,3.87,94.0,-1.46,7.0
LCII,1996-10-23,4.018042121453308,4.056309189276672,3.9415079858065782,4.03717565536499,58000,39.54020818350631,42.82298961809601,35.47104555803939,32.62748074139513,30.824410350861896,3.89,93.0,-1.43,7.08
LCII,1996-10-24,4.056309804916381,4.075443341732025,3.8075738263130186,3.826707363128662,54800,42.93220489074109,44.43545629476386,36.41938997898524,33.31635796955978,31.263512526042874,3.91,100.0,-1.43,6.74
LCII,1996-10-25,3.8458405522739185,3.9032411575317383,3.826707017187979,3.9032411575317383,21600,42.47745263865187,44.46449796344239,36.47498470643336,33.25380342714988,31.311105035103097,3.93,100.0,-1.43,6.66
LCII,1996-10-28,3.941509563957105,3.9989101886749268,3.9032424808118904,3.9989101886749268,25200,42.82139468552883,38.98258543317166,36.51639962813182,33.342961445675186,31.385618702876084,3.96,100.0,-1.42,6.5
LCII,1996-10-29,4.037174826631179,4.056308356615213,3.979774236679077,3.979774236679077,6800,42.80237842039141,38.98821016010896,36.53812737121757,33.32470562217792,31.39319157604506,3.98,100.0,-1.41,6.51
LCII,1996-10-30,3.9415069452606804,3.9415069452606804,3.8649728298187256,3.8649728298187256,12400,43.407787941339166,39.56912402718839,36.80578514517025,33.54261850978945,31.552905997626223,4.0,100.0,-1.4,6.33
LCII,1996-10-31,3.8649743735188187,3.8841079100213873,3.7501731545034085,3.788440227508545,44400,36.47353862205467,35.21853843961576,36.95746643009706,33.62460937964821,31.611487342846157,4.02,100.0,-1.39,6.22
LCII,1996-11-01,3.8267078112118207,3.8267078112118207,3.7693071940436433,3.8075742721557617,12000,36.197520030242956,35.01973321944315,36.953736934433664,33.107219847701316,31.591170156240594,4.04,99.0,-1.38,6.23
LCII,1996-11-04,3.8267076312012933,3.8458411693573,3.8267076312012933,3.8458411693573,5200,35.94687038932516,34.80507828977426,36.96458600119433,33.01100036711614,31.59295824547565,4.06,100.0,-1.36,6.19
LCII,1996-11-05,3.826705772097748,3.8649728298187256,3.826705772097748,3.8649728298187256,12000,35.95523524187763,34.60149418194158,36.961012411106644,33.00562953399749,31.413351709747655,4.08,99.0,-1.34,6.2
LCII,1996-11-06,3.8458411693573,3.8649747075133063,3.8267076312012933,3.8458411693573,6000,35.91370062091012,34.40868345635695,36.981206082207784,32.82867445406671,31.38434588494216,4.09,100.0,-1.31,6.2
LCII,1996-11-07,3.788439200848949,3.807572732166368,3.750172138214111,3.7501721382141113,44400,36.68974532268625,34.862198177749065,37.22330751841032,32.98695752278293,31.496917646569155,4.1,100.0,-1.28,6.04
LCII,1996-11-08,3.731038978062763,3.731038978062763,3.673638378400259,3.6927719116210938,38400,36.67724819109805,34.9364625632553,37.23857674714597,33.016291671631556,31.54488217114011,4.12,100.0,-1.23,6.03
LCII,1996-11-11,3.6545061789060895,3.6545061789060895,3.616239098498696,3.6353726387023926,14800,36.95127535601376,35.106510384106485,37.323196918123756,33.083495307234735,31.587403167108896,4.12,100.0,-1.18,5.98
LCII,1996-11-12,3.6162388033055244,3.635372341947353,3.5971052646636963,3.5971052646636963,10400,36.78359502243387,35.19104100249218,37.35072178925456,33.049677460143414,31.605129920486068,4.13,100.0,-1.12,5.96
LCII,1996-11-13,3.5588370338901054,3.5588370338901054,3.4823029041290283,3.4823029041290283,47200,37.822950392448504,35.790113455121244,37.77160393242145,33.2818782586466,31.63159935592435,4.13,100.0,-1.06,5.71
LCII,1996-11-14,3.4440359424900366,3.539703607559204,3.4440359424900366,3.539703607559204,32800,37.65853545934184,35.289528447636116,37.72888862790898,33.28470152967488,31.584289146806512,4.14,99.0,-0.99,5.66
LCII,1996-11-15,3.558837828428849,3.558837828428849,3.520570755004883,3.520570755004883,10000,37.133175187576576,35.00411469039217,37.7163381128782,33.2956682265875,31.513354636371893,4.14,98.0,-0.91,5.67
LCII,1996-11-18,3.52057028086172,3.52057028086172,3.3866355419158936,3.3866355419158936,28000,38.35310502399256,35.84257435647439,38.290521493174055,33.402859538394814,31.762356520216965,4.14,100.0,-0.83,5.37
LCII,1996-11-19,3.3866355419158936,3.4249026101861295,3.3675020077807756,3.3866355419158936,34000,36.084478709270975,35.82334248448837,38.24451939179478,33.402859538394814,31.749656518287527,4.14,99.0,-0.74,5.45
LCII,1996-11-20,3.3675025428473617,3.444036691548438,3.3675025428473617,3.424903154373169,14000,36.353985329210495,35.88016672293025,38.262474268581435,33.41973745550645,31.665593519583435,4.14,99.0,-0.65,5.43
LCII,1996-11-21,3.4249031313004035,3.558837890625,3.4249031313004035,3.558837890625,13200,38.13117180382095,36.666574927394706,38.58252857086286,33.62089130918249,31.879896727642354,4.14,100.0,-0.55,5.06
LCII,1996-11-22,3.558837890625,3.597104964717742,3.539704353578629,3.558837890625,15600,37.71030054248949,36.51493787364532,38.58252857086286,33.61486189390316,30.946407703921068,4.13,99.5,-0.43,5.06
LCII,1996-11-25,3.5779702663421626,3.5779702663421626,3.5779702663421626,3.577970266342163,800,37.712738524457045,36.51096243085273,38.581100687915054,33.54155238470543,30.941070046037606,4.12,98.0,-0.31,5.04
LCII,1996-11-26,3.5588371405730377,3.5588371405730377,3.539703607559204,3.539703607559204,6000,37.65531731400469,36.56544949633316,38.63768107834958,33.57678622225926,30.929451167080124,4.1,100.0,-0.18,5.04
LCII,1996-11-27,3.5588371405730377,3.5588371405730377,3.482303008517704,3.539703607559204,26000,37.60337913117801,36.4971274841287,38.63427810269761,33.57678622225926,30.842469957412693,4.08,99.0,-0.04,5.07
LCII,1996-11-29,3.5397042917168657,3.5397042917168657,3.520570755004883,3.520570755004883,2400,35.444567743341594,36.35933288215959,38.55731833531299,33.51202957096279,30.843591439413782,4.06,95.0,0.12,5.1
LCII,1996-12-02,3.5588367355061084,3.5779702663421626,3.5588367355061084,3.577970266342163,13200,34.61057497176347,36.33851876667687,38.60856840865134,33.525448341660116,30.877558861420024,4.01,98.0,0.29,5.04
LCII,1996-12-03,3.5588371405730377,3.5588371405730377,3.539703607559204,3.539703607559204,43600,32.36371726839004,36.09877434712562,38.636167789685004,33.480124779558366,30.849583648528906,3.95,99.0,0.46,5.03
LCII,1996-12-04,3.539703607559204,3.539703607559204,3.482303008517704,3.539703607559204,10400,30.942626627047705,36.0850382369958,38.636167789685004,33.43639375873173,30.833778105290467,3.89,98.5,0.65,5.03
LCII,1996-12-05,3.5397042917168657,3.5397042917168657,3.5014372182929,3.520570755004883,12800,30.826452092013085,36.092072323483606,38.62438022533608,33.42366086722473,30.834899397197095,3.81,96.0,0.84,5.03
LCII,1996-12-06,3.5014364365692976,3.5014364365692976,3.4631693716887586,3.4823029041290283,6400,27.204643295977032,36.00790721483857,38.58360294311895,33.460456053509866,30.86017712551749,3.72,94.0,1.0,5.05
LCII,1996-12-09,3.4631697126988614,3.4631697126988614,3.386635575401649,3.405769109725952,28000,26.84875150157582,36.00461127957283,38.74406143157226,33.586931351703676,30.944827942258556,3.63,100.0,1.17,5.03
LCII,1996-12-10,3.4249026101861295,3.4631696784563655,3.3866355419158936,3.3866355419158936,18800,25.426498033079852,36.02374637834866,38.76433979974838,33.599161764493914,30.952695489811415,3.54,100.0,1.3,5.02
LCII,1996-12-11,3.367501799823248,3.367501799823248,3.252700602102001,3.271834135055542,45200,26.771579739719105,36.695303578109915,39.208041180821986,33.87968970233974,31.15337719405888,3.43,100.0,1.33,4.81
LCII,1996-12-12,3.290968894958496,3.3101024350454638,3.271835354871528,3.290968894958496,27200,26.105261065752988,36.23838937145922,39.21029897630278,33.873902470165845,31.105836638957207,3.32,100.0,1.27,4.79
LCII,1996-12-13,3.290968894958496,3.290968894958496,3.290968894958496,3.290968894958496,1600,25.77196447316876,31.55144860880298,38.66123062061912,33.873902470165845,31.090936203892394,3.21,96.0,1.32,5.27
LCII,1996-12-16,3.271835354871528,3.290968894958496,3.271835354871528,3.290968894958496,7200,25.64774191179583,31.436177946000015,38.6138121545271,33.82892372912009,31.03734659113363,3.09,90.0,1.37,5.35
LCII,1996-12-17,3.271835354871528,3.290968894958496,3.271835354871528,3.290968894958496,38000,25.305736855924565,31.31065822069521,38.6138121545271,33.80683007506152,30.826835018156917,2.95,89.5,1.35,5.35
LCII,1996-12-18,3.2718344396249406,3.3101015090942383,3.2718344396249406,3.3101015090942383,4800,25.335978482304167,31.346984105934684,38.6104146818193,33.764441523560826,30.829203899821124,2.79,88.0,1.28,5.36
LCII,1996-12-19,3.2718344396249406,3.3101015090942383,3.2718344396249406,3.3101015090942383,49200,25.38022477924545,31.248264581890332,38.58640802718161,33.764441523560826,30.768391901807824,2.61,86.0,0.98,5.36
LCII,1996-12-20,3.3101015090942383,3.3101015090942383,3.3101015090942383,3.3101015090942383,0,24.679299803438674,31.24246129526688,38.46955493930708,33.74266206015784,30.768391901807824,2.42,80.0,0.64,5.51
LCII,1996-12-23,3.3101012009626243,3.3101012009626243,3.271834135055542,3.271834135055542,5200,24.552945203797595,31.174872565722534,38.50395744631154,33.758764662160765,30.796898040337705,2.2,80.0,-0.12,5.5
LCII,1996-12-24,3.271834135055542,3.271834135055542,3.271834135055542,3.271834135055542,0,24.32681737894449,31.1434003110194,34.344230017605376,33.758764662160765,30.796898040337705,2.14,40.0,-0.14,4.19
LCII,1996-12-26,3.2527005672454834,3.2527005672454834,3.2527005672454834,3.2527005672454834,2800,24.245969426151735,31.016072774736063,34.30704662214328,33.77093636014633,30.805692467894097,2.07,38.0,-0.15,4.26
LCII,1996-12-27,3.2909679743595897,3.3101015090942383,3.2718344396249406,3.3101015090942383,7200,23.3436770829115,31.162953986510587,34.41539115022182,33.81953951894674,30.84589378275739,2.01,41.0,-0.16,4.14
LCII,1996-12-30,3.329235975132432,3.329235975132432,3.290968894958496,3.290968894958496,56000,22.73088649920728,30.900019927028882,31.09897596335619,33.80904682951231,30.84661260917151,2.05,1.0,-0.19,2.86
LCII,1996-12-31,3.2909687703306023,3.386636467142538,3.2909687703306023,3.3675029277801514,34800,23.86881655436151,30.95164892343537,31.210874446957483,33.8538177871095,30.91209614729527,2.09,2.0,-0.2,2.74
LCII,1997-01-02,3.386636080022631,3.424903154373169,3.386636080022631,3.424903154373169,8400,21.660503481969222,30.979491495026203,31.125252268459867,33.897575513190475,30.948820463774148,2.12,2.0,-0.2,2.79
LCII,1997-01-03,3.4057696171978997,3.444036691548438,3.4057696171978997,3.424903154373169,36000,21.660503481969222,29.72022134256794,31.013222067584863,33.821538074317004,30.948820463774148,2.17,1.0,-0.2,2.85
LCII,1997-01-06,3.463170494170899,3.5971052646636963,3.463170494170899,3.5971052646636963,34800,25.704461622917517,31.487513100977406,31.854320667729063,34.26842174989507,31.307043924460054,2.19,5.0,-0.2,2.52
LCII,1997-01-07,3.6353724206512297,3.8075742721557617,3.6353724206512297,3.8075742721557617,52800,28.417720689568597,33.494015145773,33.079748121748246,34.85764451786926,31.747780235079258,2.2,6.0,-0.27,2.2
LCII,1997-01-08,3.8267078112118207,3.8267078112118207,3.711906576875466,3.8075742721557617,62000,28.417720689568597,33.21056955465869,33.01813190936232,34.81997225818028,31.747780235079258,2.21,6.0,-0.33,2.22
LCII,1997-01-09,3.7310402393341064,3.7310402393341064,3.692773159956321,3.7310402393341064,37200,29.138180751981267,33.46993869242877,33.1882960613268,34.49370964408781,31.808863985697215,2.21,8.0,-0.35,2.16
LCII,1997-01-10,3.6927719116210938,3.6927719116210938,3.6927719116210938,3.6927719116210938,5600,29.122409977215224,33.46993869242877,33.23717007789912,34.251499919096666,31.832381807760555,2.22,11.0,-0.35,2.14
LCII,1997-01-13,3.731039351013106,3.7693064212799072,3.731039351013106,3.7693064212799072,9200,29.638350778810796,33.72165838575607,33.34151325060861,34.30004157469871,31.824633867554976,2.22,13.0,-0.39,2.07
LCII,1997-01-14,3.7310402393341064,3.750173779022999,3.7310402393341064,3.7310402393341064,8000,29.7758702047784,32.738490029466284,32.98346845622263,34.31151611901494,31.848083711924247,2.23,6.0,-0.43,2.3
LCII,1997-01-15,3.731038606896692,3.76930566953153,3.6353709503095972,3.7501721382141113,65600,29.48750733608849,32.17292118345591,32.78832295549071,34.22481815225472,31.84869971619327,2.25,6.0,-0.46,2.37
LCII,1997-01-16,3.7693073187118924,3.7693073187118924,3.692773159956321,3.7310402393341064,8800,29.327664927876608,31.161670790645683,32.744984480573585,34.23478768368567,31.837759570008107,2.26,6.0,-0.47,2.39
LCII,1997-01-17,3.7501732688589193,3.7501732688589193,3.7119061946868896,3.7119061946868896,6000,29.392184849474408,30.279591684093287,32.75058338001534,34.21124220374207,31.845477832465114,2.27,7.0,-0.48,2.4
LCII,1997-01-20,3.692773159956321,3.7310402393341064,3.692773159956321,3.7310402393341064,1600,29.332842162306545,30.28304646661572,32.74896660135968,34.12976879439213,31.84609471500049,2.29,7.0,-0.49,2.41
LCII,1997-01-21,3.7501728861465065,3.7693064212799072,3.7501728861465065,3.7693064212799072,29600,29.16644201156449,28.343192514341865,32.74205270235721,33.905474568140576,31.855362302010104,2.3,6.0,-0.52,2.41
LCII,1997-01-22,3.76930566953153,3.76930566953153,3.731038606896692,3.7501721382141113,10000,28.307344081456936,28.048477430463542,32.659346028843736,33.586379895531685,31.825833851917924,2.32,6.0,-0.55,2.5
LCII,1997-01-23,3.76930566953153,3.76930566953153,3.750172138214111,3.7501721382141113,12400,28.20127139003618,27.565858121035724,32.64496967307397,32.49132062943633,31.80755796203848,2.33,6.0,-0.57,2.5
LCII,1997-01-24,3.73103961800084,3.7884402275085454,3.7119060814982716,3.788440227508545,26000,25.860837991240054,27.64966749863147,32.67096367388487,32.38042600711234,31.780301027482643,2.35,8.0,-0.61,2.47
LCII,1997-01-27,3.7693071940436433,3.8075742721557617,3.7693071940436433,3.8075742721557617,8400,25.859342295888975,27.02893201588732,32.63847308439246,32.34774327218752,31.651629884528283,2.36,6.0,-0.65,2.51
LCII,1997-01-28,3.8267076312012933,3.8458411693573,3.807574093045287,3.8458411693573,12800,25.858435241158556,26.79081122116146,32.55773691042431,32.36035432449468,31.660190576896664,2.38,6.0,-0.69,2.51
LCII,1997-01-29,3.826707363128662,3.826707363128662,3.769306752681732,3.826707363128662,16400,25.985577238533857,26.79307963329276,32.45149830178053,32.36543674644808,31.602907854095502,2.39,6.0,-0.71,2.56
LCII,1997-01-30,3.8075738263130186,3.826707363128662,3.8075738263130186,3.826707363128662,5200,25.985577238533857,26.71325654854296,32.232137827960614,32.239838064699384,31.58271713920817,2.41,6.0,-0.7,2.66
LCII,1997-01-31,3.826707363128662,3.8458408999443052,3.826707363128662,3.826707363128662,8400,26.024944912155462,26.692574854648377,32.22505567178035,32.20636093788544,31.543859530843648,2.43,6.0,-0.7,2.67
LCII,1997-02-03,3.8649747075133063,3.8649747075133063,3.8458411693573,3.8458411693573,8400,25.984553542033105,26.694096405807304,32.22296672165335,32.124119874063986,31.477567627094032,2.45,6.0,-0.7,2.68
LCII,1997-02-04,3.884107686940906,3.9415082931518555,3.884107686940906,3.9415082931518555,12800,26.54350750868928,26.636354311143734,32.34308696419678,32.215848032193385,31.533361076690763,2.47,9.0,-0.72,2.6
LCII,1997-02-05,3.9223747577482055,3.9415082931518555,3.9223747577482055,3.9415082931518555,12800,26.089385197561654,26.42104474455913,32.121088180146465,32.18463684007959,31.533361076690763,2.49,6.0,-0.72,2.7
LCII,1997-02-06,3.9223747577482055,3.9415082931518555,3.9223747577482055,3.9415082931518555,12800,26.089385197561654,26.190854142436276,32.121088180146465,32.18016255146281,31.527303561704578,2.51,6.5,-0.72,2.7
LCII,1997-02-07,3.9415082931518555,3.9415082931518555,3.9415082931518555,3.9415082931518555,7600,25.90830276732039,26.074508697209968,32.10142510212993,32.18016255146281,31.43115113404051,2.53,6.0,-0.7,2.7
LCII,1997-02-10,3.9797758756628356,3.9797758756628356,3.960642337799072,3.9606423377990723,19200,25.69629361896248,25.101869388881642,31.825208876193972,32.18088496387437,31.431141242360354,2.55,5.0,-0.71,2.91
LCII,1997-02-11,3.998909028371175,4.037176100413005,3.998909028371175,4.01804256439209,30000,25.557936440749916,25.057662800583007,28.965797249939396,32.19502832067897,31.432828027280873,2.62,1.0,-0.74,1.2
LCII,1997-02-12,4.03717565536499,4.056309189276672,4.03717565536499,4.03717565536499,14400,25.087257357845832,25.013730407176222,28.85898730902263,32.13642564216266,31.4269822838601,2.7,1.0,-0.77,1.24
LCII,1997-02-13,4.094576772653832,4.094576772653832,4.037176163691394,4.056309700012207,31200,24.876721378252313,23.506524323812254,28.74463844595752,32.117585795842345,31.406580519519096,2.77,1.0,-0.8,1.29
LCII,1997-02-14,4.094576358795166,4.171110496342739,4.094576358795166,4.094576358795166,154000,24.840561007292262,23.533964776805092,28.774595961233807,32.107556018682395,31.009511423147934,2.84,2.0,-0.82,1.27
LCII,1997-02-18,4.132842982092569,4.132842982092569,4.056308852794559,4.113709449768066,115600,21.214276424614493,23.476143004885593,28.741841225890997,32.07681770129777,30.9248988572499,2.91,1.0,-0.84,1.29
LCII,1997-02-19,4.132843971252441,4.151977508156388,4.132843971252441,4.132843971252441,18000,14.270436917577687,22.29763302949586,28.72959517184061,31.929123470435194,30.919954421517943,2.97,1.0,-0.85,1.3
LCII,1997-02-20,4.113709449768066,4.132842982092569,4.113709449768066,4.113709449768066,13600,14.410346265204321,22.340028574434648,28.616905501414347,31.909636364245053,30.77825479502192,3.04,1.0,-0.87,1.35
LCII,1997-02-21,4.1328435600350755,4.1711106300354,4.1328435600350755,4.1711106300354,9600,13.031932326811157,22.455438943533295,28.67968742940646,31.881696517051513,30.795057674127484,3.1,2.0,-0.87,1.31
LCII,1997-02-24,4.151976514417072,4.171110046741575,4.094575917443564,4.113709449768066,21600,13.399099844378377,22.542872003096434,28.649939732297398,31.934336861530166,30.806357825642923,3.15,2.0,-0.9,1.33
LCII,1997-02-25,4.151976585388184,4.151976585388184,4.113709520085067,4.151976585388184,7200,12.533560251051709,22.578769392587823,28.6394467875282,31.886600681363735,30.81406188887354,3.21,2.0,-0.92,1.33
LCII,1997-02-26,4.1711106300354,4.190244165035563,4.151977095035238,4.1711106300354,44400,11.872385671435957,22.51892974838685,28.409654955344028,31.867934462484413,30.762904171066545,3.27,1.0,-0.92,1.44
LCII,1997-02-27,4.190245179696516,4.209378719329834,4.151978100429882,4.209378719329834,46400,11.970215304745798,22.386546883154395,28.25897951666573,31.8731103101636,30.753823453503227,3.33,1.0,-0.92,1.52
LCII,1997-02-28,4.228512258963152,4.228512258963152,4.190245179696516,4.209378719329834,76800,11.726655671422145,22.218209503722893,28.167559464055064,31.8731103101636,30.724143759611167,3.39,1.0,-0.94,1.58
LCII,1997-03-03,4.247644901275635,4.266778436866966,4.247644901275635,4.247644901275635,74000,11.481876997499878,22.24535859639479,27.47767788397008,31.87813303908087,30.73102297486991,3.46,1.0,-0.94,1.79
LCII,1997-03-04,4.228511655772174,4.228511655772174,4.132843971252441,4.132843971252441,38800,14.73489984983633,23.04401162186879,27.830806271336993,32.07195392495614,30.682959870451086,3.52,2.0,-0.97,1.63
LCII,1997-03-05,4.113710025034913,4.1711106300354,4.113710025034913,4.1711106300354,16000,14.698068272366626,22.905563056674346,27.742964811712316,32.06313984748292,30.690062660604994,3.59,2.0,-1.01,1.68
LCII,1997-03-06,4.209377183342859,4.209377183342859,4.151976585388184,4.151976585388184,14000,14.67414259432332,22.35450049091592,27.540069894483814,32.013430319475525,30.696921983202053,3.65,2.0,-1.04,1.79
LCII,1997-03-07,4.132843845295456,4.151977381616268,4.056309700012207,4.056309700012207,30800,16.57470464388484,22.942124756013378,27.805934174767216,32.138335871177546,30.74686291399177,3.71,4.0,-1.07,1.65
LCII,1997-03-10,4.018042434766454,4.018042434766454,3.884107686940906,3.9415082931518555,47600,18.726518539309517,22.56640182398485,28.158898439271056,32.32840474341387,30.895976831313206,3.76,6.0,-1.09,1.51
LCII,1997-03-11,3.9223746926176783,3.9223746926176783,3.9032411575317383,3.9032411575317383,6400,18.960717101460514,22.71156335507138,28.196448008916004,32.35845658406289,30.86242805768275,3.8,8.0,-1.1,1.49
LCII,1997-03-12,3.8649744367599483,3.8649744367599483,3.826707363128662,3.826707363128662,23200,19.662307064736343,23.175321421177575,27.651229044617352,32.40225443526491,30.939427011433278,3.86,3.0,-1.09,1.61
LCII,1997-03-13,3.864974151537256,4.037175970170105,3.864974151537256,3.9415082931518555,41200,21.398809789170738,23.82109426401631,27.66671825921922,32.5438856346666,31.060943197001084,3.91,4.0,-1.08,1.6
LCII,1997-03-14,3.979775053629943,4.056309189276672,3.979775053629943,4.03717565536499,15200,22.40788866243679,24.195890947468463,27.282394304411106,32.63917065838945,31.078895731661472,3.97,1.0,-1.08,1.67
LCII,1997-03-17,4.056309700012207,4.094576772653832,4.0180426273705825,4.056309700012207,76800,22.417066532335596,24.192371988643043,26.637669100247386,32.608286905526526,31.060826953483883,4.03,1.0,-1.08,1.89
LCII,1997-03-18,4.075442790985107,4.132843393675039,4.075442790985107,4.075442790985107,23200,22.413888196520006,24.183442702627055,26.63747113050949,32.6043944453904,30.99925498270103,4.09,1.0,-1.08,1.89
LCII,1997-03-19,4.075442723188355,4.075442723188355,4.03717565536499,4.03717565536499,44800,21.580712141964682,24.318115050429235,25.261539842060998,32.57303368692193,30.98619666830775,4.17,1.0,-1.11,1.68
LCII,1997-03-20,4.037176163691394,4.056309700012207,4.037176163691394,4.056309700012207,19200,21.608983950117576,24.119202116316185,25.081581914488616,32.57293494391404,30.967668990831747,4.24,1.0,-1.12,1.81
LCII,1997-03-21,4.056309700012207,4.075443236333019,4.037176163691394,4.056309700012207,20800,21.608983950117576,24.119202116316185,24.788818075273856,32.57293494391404,30.967668990831747,4.32,1.0,-1.13,2.01
LCII,1997-03-24,4.0180426273705825,4.056309700012207,3.9797755547289575,4.056309700012207,38000,21.608983950117576,24.050934759502454,24.77618123046356,32.56906526227725,30.967668990831747,4.39,1.0,-1.14,2.01
LCII,1997-03-25,4.0563096364339195,4.0563096364339195,3.9797754923502606,4.01804256439209,19200,21.783147589394613,24.024469324588843,24.373061514690974,32.594088367955834,30.989521167849553,4.47,1.0,-1.16,2.19
LCII,1997-03-26,3.979775297875498,3.979775297875498,3.9032411575317383,3.9032411575317383,14000,22.971684267611323,24.852489533521446,24.605083495875032,32.74394822359319,31.14681541665553,4.53,2.0,-1.16,2.11
LCII,1997-03-27,3.9797757138910983,3.9797757138910983,3.7119061946868896,3.7119061946868896,38200,26.967663685855914,26.775877458855536,25.867555564454996,33.32132568101032,31.57936776841133,4.57,7.0,-1.16,2.15
LCII,1997-03-31,3.5971048234523026,3.635371896042221,3.2909682427329576,3.329235315322876,51800,40.76050376721239,34.879086235881715,31.02879201287395,35.78865967215014,33.466718353700564,4.55,34.0,-1.2,8.81
LCII,1997-04-01,3.290968314461086,3.520570755004883,3.25270124103712,3.520570755004883,33800,44.40768729971098,36.74173343688894,32.322182717254286,36.36557691226944,33.87028476770747,4.54,46.0,-1.21,7.78
LCII,1997-04-02,3.4823036056825485,3.4823036056825485,3.2527011701430397,3.329235315322876,21200,46.66806974758628,37.10550756329383,33.47390746833289,36.98265142392573,34.34224437715549,4.52,65.0,-1.24,6.73
LCII,1997-04-03,3.329235849055377,3.3675029277801514,3.2909687703306023,3.3675029277801514,13800,46.856960067674706,35.18264294609898,33.31700121192521,36.95131878325893,34.322447004306206,4.49,64.0,-1.27,6.98
LCII,1997-04-04,3.32923497242874,3.405769109725952,3.32923497242874,3.405769109725952,10600,47.148413058687986,35.28677523798293,33.29412909079769,36.93584075647033,34.336020216065464,4.47,64.0,-1.3,7.07
LCII,1997-04-07,3.3675023396809896,3.4440364837646484,3.3675023396809896,3.4440364837646484,11200,47.055056773855604,35.173446217825536,33.26187097956556,36.953129453242525,34.33487157381703,4.45,64.0,-1.32,7.17
LCII,1997-04-08,3.405769411722819,3.4440364837646484,3.405769411722819,3.4440364837646484,9400,47.035221980715406,35.124502778731156,33.22294934725907,36.953129453242525,34.320363892079826,4.42,63.0,-1.34,7.24
LCII,1997-04-09,3.4823043170728183,3.6353726387023926,3.4823043170728183,3.6353726387023926,15400,49.99192048054235,36.64895668129378,33.93236962958412,37.471177759976115,34.717445775614884,4.39,70.0,-1.32,6.96
LCII,1997-04-10,3.6736397191097865,3.71190679951718,3.6353726387023926,3.6353726387023926,8400,49.93750812060985,36.59440309784303,33.836250322740234,37.147834082074446,34.717445775614884,4.37,70.0,-1.31,7.04
LCII,1997-04-11,3.597104964717742,3.597104964717742,3.4440366683467745,3.558837890625,14000,49.989510399898876,36.82252384193176,33.99734622313758,37.21680315309079,34.794194710169975,4.34,72.0,-1.31,6.83
LCII,1997-04-14,3.597104964717742,3.635372038810484,3.558837890625,3.558837890625,3200,49.989510399898876,36.812275708538245,33.42050559085827,37.21680315309079,34.77926563422366,4.3,69.0,-1.29,7.49
LCII,1997-04-15,3.520571242679249,3.520571242679249,3.3675029277801514,3.3675029277801514,14800,51.79464449065896,38.46159441991182,34.57289529301944,37.81001727330677,35.2112754044707,4.26,77.0,-1.29,6.48
LCII,1997-04-16,3.405769109725952,3.405769109725952,3.405769109725952,3.405769109725952,3000,51.73260421802244,38.52849618822701,34.57342104694228,37.81722450484202,35.224399170787514,4.23,78.0,-1.29,6.48
LCII,1997-04-17,3.367503055306368,3.367503055306368,3.290968894958496,3.290968894958496,8800,52.122911211156655,39.02598731262481,34.441840667143616,37.97754548408957,35.358485603203164,4.19,77.0,-1.31,6.43
LCII,1997-04-18,3.367502041077346,3.405769109725952,3.367502041077346,3.405769109725952,12200,53.5363133449442,39.732142062275216,34.88888799805086,38.17129447163401,35.509533095733005,4.15,80.0,-1.33,6.09
LCII,1997-04-21,3.44403653309263,3.44403653309263,3.329235315322876,3.329235315322876,5400,53.52077487676771,39.96525807084146,35.054561132790944,36.003716470336535,35.58639640187785,4.11,81.0,-1.35,5.88
LCII,1997-04-22,3.329235315322876,3.367502387912794,3.2527011701430397,3.329235315322876,28000,53.13485529119916,39.887654093974355,35.01776968638349,35.97619645201959,35.55368350818461,4.07,81.0,-1.37,5.93
LCII,1997-04-23,3.405770135480304,3.44403721565424,3.290968894958496,3.290968894958496,34600,53.14961092788645,39.90488203578811,35.060680920118884,36.003525179487454,35.25831190306704,4.03,83.0,-1.38,5.87
LCII,1997-04-24,3.2909687703306023,3.4440370852297,3.2909687703306023,3.3675029277801514,64600,53.60713984279163,40.16564116745832,35.253440981145715,34.39735340957186,35.123141132152234,3.99,84.0,-1.4,5.74
LCII,1997-04-25,3.367502041077346,3.405769109725952,3.32923497242874,3.405769109725952,37000,52.86216961114327,40.25618522984772,35.20342291487369,34.36719590238575,35.12644087718128,3.94,84.0,-1.41,5.78
LCII,1997-04-28,3.4440370852297,3.4440370852297,3.3675029277801514,3.3675029277801514,102400,52.1733790319717,40.29947965838158,35.20758455018183,34.290829252293975,35.137431544527146,3.9,85.0,-1.43,5.77
LCII,1997-04-29,3.4057694605027122,3.4057694605027122,3.329235315322876,3.329235315322876,4800,52.093534825915796,40.34171535861966,35.25018345700969,34.261288986939036,35.09200903167004,3.86,86.0,-1.44,5.71
LCII,1997-04-30,3.329235315322876,3.367502387912794,3.2527011701430397,3.329235315322876,42800,52.0227166726869,40.316062266818456,35.24186954101648,34.203315574679685,35.09200903167004,3.82,86.0,-1.46,5.73
LCII,1997-05-01,3.367502387912794,3.367502387912794,3.329235315322876,3.329235315322876,9800,52.05212846288442,39.926457559162664,35.20268954029839,34.203315574679685,35.06423730555578,3.77,84.0,-1.47,5.79
LCII,1997-05-02,3.2909682427329576,3.329235315322876,3.2909682427329576,3.329235315322876,9200,51.98206895120987,39.926457559162664,35.02914684016318,34.176572879146576,35.000289828224716,3.72,82.0,-1.47,6.0
LCII,1997-05-05,3.329235849055377,3.3675029277801514,3.252701691605828,3.3675029277801514,78400,52.21288831717204,40.02942648045374,35.06681282437935,34.19666896300579,34.840666039967566,3.67,85.0,-1.47,5.99
LCII,1997-05-06,3.3675023396809896,3.4440364837646484,3.3292352676391603,3.4440364837646484,29800,52.84728470130715,40.35593685893291,34.80807093433027,34.299598195286876,34.670682322268846,3.61,80.0,-1.46,6.33
LCII,1997-05-07,3.4823036815809165,3.520570755004883,3.4440366081569507,3.520570755004883,15400,53.4224544657942,40.63638227671846,34.964905800588895,34.37134917939546,33.99997111217543,3.55,82.0,-1.45,6.21
LCII,1997-05-08,3.5205706742705494,3.635371891909806,3.5205706742705494,3.6162383556365967,52200,53.63871706879505,40.928586562525524,35.2099266668783,34.291406678307624,34.01693488385744,3.5,91.0,-1.43,6.03
LCII,1997-05-09,3.6545061789060895,3.6736397191097865,3.577972018091302,3.6353726387023926,15600,51.72666752586866,40.932305533076004,35.21629628944623,34.19385636442283,33.992784289119356,3.44,92.0,-1.41,6.03
LCII,1997-05-12,3.6353716753461036,3.7884399564133076,3.6353716753461036,3.7693064212799072,29800,41.44052231751461,41.646085624085366,35.65585264090692,34.427487192698386,34.17098271715705,3.4,96.0,-1.39,5.73
LCII,1997-05-13,3.7119061946868896,3.7119061946868896,3.67363912051486,3.7119061946868896,33000,38.768097494341916,41.68535583989484,35.746685097156586,34.47371621887208,34.207067583167856,3.35,97.0,-1.36,5.6
LCII,1997-05-14,3.731038606896692,3.750172138214111,3.7119050755792733,3.7501721382141113,7200,34.753621063754416,41.73718568214663,35.77538374772674,34.48784954305291,34.1381504783359,3.3,98.0,-1.33,5.59
LCII,1997-05-15,3.711906373500824,3.711906373500824,3.635372221469879,3.6736392974853516,7400,35.39118861124078,41.898088284599204,35.94303660102111,34.554747180791914,34.18347649021059,3.26,99.0,-1.3,5.4
LCII,1997-05-16,3.673638378400259,3.6927719116210938,3.673638378400259,3.6927719116210938,9800,35.3094294751685,41.91971990405003,35.89125893212684,34.50651864008215,34.12480148299073,3.22,99.0,-1.27,5.48
LCII,1997-05-19,3.6736397191097865,3.6736397191097865,3.6353726387023926,3.6353726387023926,10400,35.60514060005186,41.885387680630075,35.99072336298047,34.55148150992613,34.156472535006905,3.23,100.0,-1.25,5.36
LCII,1997-05-20,3.635372341947353,3.635372341947353,3.5971052646636963,3.5971052646636963,12600,35.78333585657314,41.85212604841912,36.02158186046051,34.569311645195334,34.151641159439265,3.25,100.0,-1.24,5.33
LCII,1997-05-21,3.5779703563573406,3.750172138214111,3.5588368250399216,3.7501721382141113,38000,34.35118521194868,42.74992468996497,36.50453578942903,34.89500755179739,34.38643857307645,3.28,100.0,-1.21,5.03
LCII,1997-05-22,3.6736397191097865,3.71190679951718,3.597105558294999,3.6353726387023926,17400,35.59209962107185,43.14927582437033,36.847991492866,35.03785597189326,34.538261632353866,3.32,100.0,-1.18,4.73
LCII,1997-05-23,3.6353726387023926,3.6353726387023926,3.6353726387023926,3.6353726387023926,16400,35.01635476552026,43.086549046540476,36.67903589205846,34.98123149267672,34.538261632353866,3.35,99.0,-1.15,4.83
LCII,1997-05-27,3.5971051454544067,3.6736392974853516,3.5971051454544067,3.6736392974853516,38800,35.12925604550028,43.16528016557541,36.62118469093983,34.896373282754986,34.5408692349645,3.39,98.0,-1.12,4.87
LCII,1997-05-28,3.7119061946868896,3.7119061946868896,3.67363912051486,3.7119061946868896,4600,30.87837128724205,43.180822591542295,36.65306857239788,34.9106164663195,34.51767980777904,3.42,98.0,-1.09,4.86
LCII,1997-05-29,3.731038606896692,3.788439200848949,3.6927715442618543,3.7501721382141113,12800,30.856202825494496,42.932864705197616,35.86188246880423,34.92444988637111,34.51849416949895,3.44,91.0,-1.07,5.28
LCII,1997-05-30,3.7501716566557928,3.8649728298187256,3.7501716566557928,3.8649728298187256,22800,29.68088279102739,43.37073276562186,35.032820025544304,35.04807952011195,34.62688965988263,3.45,76.0,-1.07,5.63
LCII,1997-06-02,3.826705772097748,3.9032398875397027,3.826705772097748,3.8649728298187256,10200,28.41335748727718,43.365902180078095,35.032820025544304,34.941586653429184,34.60278316217135,3.47,75.5,-1.08,5.63
LCII,1997-06-03,3.884107973575592,3.884107973575592,3.8075738263130186,3.826707363128662,32600,27.589810932705877,43.16081504645852,34.91729303745614,34.96435497281964,34.515915107122304,3.48,71.0,-1.08,5.76
LCII,1997-06-04,3.7884405548892803,3.8649747075133063,3.7501734785772673,3.8458411693573,52800,27.5547358869302,42.78667338499961,34.88392565406759,34.959862699148665,34.4948716807397,3.49,69.0,-1.08,5.83
LCII,1997-06-05,3.864974151537256,3.9415082931518555,3.826707080729957,3.9415082931518555,31000,27.67919346963555,43.04396402962012,34.94934323380575,34.9244162246951,34.53926936287674,3.5,71.0,-1.09,5.78
LCII,1997-06-06,3.903241967436057,3.903241967436057,3.8075742721557617,3.8075742721557617,10800,29.573963390552805,43.4411253425172,35.35012956336188,33.71686744383714,34.72192820498736,3.51,87.0,-1.08,5.4
LCII,1997-06-09,3.826705772097748,3.8649728298187256,3.7119045989348156,3.8649728298187256,32200,29.670412488277137,43.11750655288268,35.41945570612762,33.71266743080007,34.71478743684043,3.53,87.0,-1.09,5.36
LCII,1997-06-10,3.9032407155851034,3.9223742485046382,3.864973649746034,3.9223742485046387,7400,29.446206363708377,42.936217720880514,35.48237716251206,33.70342449740854,34.729895022653395,3.54,87.0,-1.09,5.34
LCII,1997-06-11,3.903241753578186,3.903241753578186,3.6736392974853516,3.6736392974853516,74600,35.609220819019455,44.93875131219159,36.98904788867165,34.59386556542203,35.365392203400155,3.58,100.0,-1.1,4.59
LCII,1997-06-12,3.711906186995968,3.711906186995968,3.4823037424395165,3.558837890625,35200,37.02421733830859,45.33772609959142,37.31800485384667,34.774905300619416,35.51836074366491,3.61,100.0,-1.12,4.28
LCII,1997-06-13,3.520570993423462,3.711906373500824,3.520570993423462,3.6736392974853516,17600,37.98943415255361,45.842130648097985,37.63032065195017,34.97444070826026,35.645803116967414,3.65,100.0,-1.12,4.12
LCII,1997-06-16,3.6736397191097865,3.71190679951718,3.6353726387023926,3.6353726387023926,7800,38.18872598760885,45.85872625737508,37.65760101685067,34.9465499330184,35.66462646736209,3.69,100.0,-1.14,4.08
LCII,1997-06-17,3.635371935487998,3.7884402275085454,3.597104862482861,3.788440227508545,6800,39.712319276758976,46.7000711981064,38.2310348717408,35.28009323463626,35.87984181649623,3.74,100.0,-1.13,3.84
LCII,1997-06-18,3.826707363128662,3.826707363128662,3.8075738263130186,3.826707363128662,45600,39.369914876815656,46.755926154266824,38.230353775737775,35.246567281953844,35.85654199385879,3.79,99.0,-1.14,3.84
LCII,1997-06-19,3.8649740873598586,3.9032411575317383,3.826707017187979,3.9032411575317383,25400,39.28616899327178,46.913185291535775,38.350549143245374,35.300776746391534,35.893136311635104,3.83,100.0,-1.14,3.78
LCII,1997-06-20,3.903240116742941,4.018041296647145,3.903240116742941,3.979774236679077,78800,38.96105464355853,46.705367575741896,38.44054206089354,35.275958024858376,35.9268248877051,3.88,100.0,-1.15,3.74
LCII,1997-06-23,3.979774847263243,3.979774847263243,3.9032407155851034,3.9223742485046387,9200,39.29043783196324,45.613691217393814,38.503994918451674,35.234642381016094,35.96279057867005,3.92,100.0,-1.16,3.68
LCII,1997-06-24,3.9606418285555054,3.9606418285555054,3.9223747577482055,3.9415082931518555,5400,37.98679873967071,39.469874581009314,38.510949281680226,35.19163094866754,35.927586691042436,3.97,100.0,-1.17,3.68
LCII,1997-06-25,3.8649747075133063,3.8649747075133063,3.7884405548892803,3.8458411693573,17400,38.43355412971816,38.275501569947565,38.71275248910979,34.983933202579436,36.01198483028557,4.02,100.0,-1.17,3.51
LCII,1997-06-26,3.8075734915467083,3.8075734915467083,3.7693064212799072,3.7693064212799072,5200,38.8158941816861,36.65359830787246,38.835972114524395,35.06001049925528,36.07234985486197,4.06,100.0,-1.17,3.39
LCII,1997-06-27,3.8075742721557617,3.8075742721557617,3.7693071940436433,3.8075742721557617,6400,38.4051781055241,36.640126280769664,38.668601271982396,35.03401435485456,36.05871827251932,4.1,98.0,-1.16,3.47
LCII,1997-06-30,3.8075730509874295,3.9223742485046382,3.8075730509874295,3.9223742485046387,15400,39.27421212965335,37.03071725321033,38.9617688162013,35.12124123217831,36.16477154383161,4.15,100.0,-1.16,3.35
LCII,1997-07-01,3.8841071826655686,3.9223742485046382,3.864973649746034,3.9223742485046387,8600,38.922395534189626,36.9878278952915,38.9617688162013,35.116560618537704,36.129277693609765,4.19,99.5,-1.15,3.35
LCII,1997-07-02,3.922375381873746,3.941508920321911,3.884108304977417,3.884108304977417,25400,38.90024921120715,37.066850482389796,38.992527270485866,35.11677221091305,36.146931671643216,4.23,100.0,-1.15,3.31
LCII,1997-07-03,3.8458411693573,3.8458411693573,3.8458411693573,3.8458411693573,600,37.23003515066631,35.51503993204672,39.01474231644625,35.13226891667542,36.16477861251308,4.27,100.0,-1.14,3.27
LCII,1997-07-07,3.8458408999443052,3.9606421208381652,3.7884402894973754,3.826707363128662,16000,36.034159044841985,35.5353699078497,38.95032334373945,34.815429385112054,36.165984238438675,4.29,96.0,-1.12,3.28
LCII,1997-07-08,3.7501731545034085,3.7884402275085454,3.7119060814982716,3.788440227508545,8400,36.192980646603054,35.31048077831876,38.97051462131638,34.66217533653625,36.17966086086239,4.31,98.0,-1.1,3.24
LCII,1997-07-09,3.826707363128662,3.826707363128662,3.826707363128662,3.826707363128662,1000,36.18399413318567,35.35785419477439,38.998309874426866,34.39330622993725,36.154628352734754,4.32,99.0,-1.07,3.23
LCII,1997-07-10,3.845841860896005,3.845841860896005,3.65450644493103,3.6545064449310303,34600,38.57843777893435,34.77463158407757,39.62526439514528,34.53902455515366,36.461004253013805,4.34,100.0,-1.05,2.87
LCII,1997-07-11,3.6736397191097865,3.6736397191097865,3.597105558294999,3.6353726387023926,30600,38.46366495447983,34.73803218627399,39.61957954614432,34.53778068479272,36.45679485108492,4.35,99.0,-1.03,2.86
LCII,1997-07-14,3.6353720463428303,3.7119061946868896,3.5971049721708006,3.7119061946868896,14000,37.89769169707144,34.172646723524046,39.76385070444484,34.04995459470184,36.50884137252802,4.37,100.0,-0.99,2.81
LCII,1997-07-15,3.7119054448419284,3.7501725112835977,3.673638378400259,3.6927719116210938,32400,37.91132861584832,33.53127946506227,39.76514328511271,33.97185684422884,36.50431291294014,4.38,100.0,-0.96,2.81
LCII,1997-07-16,3.731038606896692,3.8458397948012055,3.731038606896692,3.7501721382141113,15400,38.13363852111557,33.27181644089316,39.780902808691806,33.89836941035263,36.494793525828925,4.39,100.0,-0.92,2.8
LCII,1997-07-17,3.788439577725267,3.8267066441669364,3.59710424551692,3.6927719116210938,26800,38.328717240565545,33.46073209914016,39.794507600202486,33.94126238415549,36.50937892041248,4.39,100.0,-0.88,2.79
LCII,1997-07-18,3.731038606896692,3.8267062634837865,3.7119050755792733,3.7501721382141113,18800,37.88016475389872,33.46003466472562,39.84727753210225,33.818102766313636,36.53605967391523,4.39,100.0,-0.84,2.77
LCII,1997-07-21,3.8267059968068047,4.018041296647145,3.8267059968068047,3.979774236679077,65400,40.48950392435067,35.2150664104771,40.97836742540808,34.46194922144727,36.99276386662151,4.41,100.0,-0.84,2.53
LCII,1997-07-22,3.9797767911638533,4.285913467407227,3.9797767911638533,4.285913467407227,112200,45.51813654923005,38.09826963007442,42.63074843702214,35.5483040520291,37.69451529302383,4.44,100.0,-0.79,2.38
LCII,1997-07-23,4.247644901275635,4.362446114823625,4.132843687727645,4.247644901275635,198400,45.52556142561994,38.06171778926392,42.655482148986835,35.54897453281719,37.482476702860346,4.47,100.0,-0.76,2.36
LCII,1997-07-24,4.285911627575359,4.324178695678711,4.209377491368657,4.324178695678711,48800,40.84978075758327,38.03214148219993,42.72543100652965,35.60419769135139,37.49713774777043,4.48,100.0,-0.69,2.33
LCII,1997-07-25,4.285913467407227,4.324180551937648,4.2476463828768045,4.285913467407227,77800,39.558493045010515,38.119168531685695,42.521868330306006,35.61589854142244,37.5119263635269,4.5,97.0,-0.63,2.44
LCII,1997-07-28,4.36244763646807,4.36244763646807,4.285913467407227,4.285913467407227,43600,38.840131493420515,38.119168531685695,42.49818903045269,35.48354720922533,37.50873944479474,4.5,96.0,-0.59,2.44
LCII,1997-07-29,4.285913467407227,4.324180551937648,4.2476463828768045,4.285913467407227,51200,38.59222058839497,38.119168531685695,42.491046416461195,35.43151098973571,37.49910662794886,4.5,95.0,-0.55,2.45
LCII,1997-07-30,4.285913467407227,4.324180551937648,4.2476463828768045,4.285913467407227,29200,37.09388906357884,38.09867602617822,42.32188549343459,35.37729133578052,37.45161602956688,4.49,94.0,-0.52,2.55
LCII,1997-07-31,4.285912068684896,4.34331267674764,4.247644996643067,4.3050456047058105,33600,37.05148253922651,37.90437464769993,42.06490102259327,35.353226639191234,37.44290690763947,4.48,93.0,-0.53,2.71
LCII,1997-08-01,4.285913467407227,4.285913467407227,4.266779925142016,4.285913467407227,39200,36.81449806452263,37.74726779183098,42.03918087033433,35.13504063080347,35.83012077424129,4.47,92.0,-0.56,2.72
LCII,1997-08-04,4.247644633890313,4.285911702664099,4.056309290021379,4.094576358795166,45000,39.07409494214207,38.7272599318194,42.561310317654495,35.52162426643158,36.11893822363481,4.45,97.0,-0.62,2.51
LCII,1997-08-05,4.094576358795166,4.094576358795166,4.056309290021379,4.094576358795166,33000,38.799995373777705,38.72369704684242,42.30863694708727,35.51403226834894,36.11893822363481,4.42,92.0,-0.65,2.6
LCII,1997-08-06,4.01804256439209,4.01804256439209,3.9797754923502606,4.01804256439209,25400,39.224921271060644,38.28823178176335,42.24697687262908,35.27857939370601,34.98524673644149,4.38,91.0,-0.65,2.59
LCII,1997-08-07,3.941508420308431,4.0563096364339195,3.941508420308431,4.01804256439209,16600,38.49214627696384,38.136163535258916,42.24003852196997,35.27857939370601,34.9421515069543,4.31,90.0,-0.64,2.59
LCII,1997-08-08,3.9797758756628356,4.132844178572944,3.960642337799072,3.9606423377990723,24000,38.24892013210122,38.22388248184107,42.29352388138688,35.303672714173125,34.90706391581808,4.25,91.0,-0.61,2.55
LCII,1997-08-11,3.998907766663111,4.018041296647145,3.979774236679077,3.979774236679077,4400,38.17807727308236,37.96656766657048,42.27556489771756,35.02333350930057,34.86724244473845,4.14,90.0,-0.6,2.57
LCII,1997-08-12,3.941507176711009,4.018041296647145,3.941507176711009,3.979774236679077,12000,37.22829460739466,37.95893175895792,42.26835874891318,35.02333350930057,34.823023174918134,4.01,89.0,-0.58,2.57
LCII,1997-08-13,3.9989101886749268,3.9989101886749268,3.884108939239283,3.9989101886749268,9800,37.24882516299339,37.80082646452465,42.27576724946662,35.0223209313609,34.82541002927278,3.86,90.0,-0.57,2.57
LCII,1997-08-14,3.9797758756628356,3.998909413526599,3.9415087999353084,3.9606423377990723,9000,37.24428111884734,37.78805155554242,42.30249097019412,35.01738194211051,34.81955088786637,3.7,91.0,-0.54,2.55
LCII,1997-08-15,3.998908380182778,3.998908380182778,3.9223742485046382,3.9223742485046387,6800,37.23959535421175,36.918207890435184,42.303787291298214,35.03865598994926,34.83133647226318,3.51,91.0,-0.52,2.55
LCII,1997-08-18,3.9032411575317383,3.9032411575317383,3.826707017187979,3.9032411575317383,7000,37.23831878093403,36.33905465193989,42.059219260290234,35.03743647932993,34.83565354573884,3.3,82.0,-0.52,2.68
LCII,1997-08-19,3.941508420308431,4.01804256439209,3.941508420308431,4.01804256439209,3000,37.97419987915696,36.781578376977386,41.52666471846135,35.150387399921044,34.9347222982063,3.11,80.0,-0.57,2.93
LCII,1997-08-20,4.0180417881455535,4.113709449768066,3.979774723496548,4.113709449768066,11400,38.42204721755982,37.01172276218265,37.781319358911446,35.22786927811474,34.85636160473714,3.04,55.0,-0.59,1.05
LCII,1997-08-21,4.151976585388184,4.151976585388184,4.151976585388184,4.151976585388184,1000,35.60130136199271,37.001618112757335,36.80480800144389,35.2418132734916,34.79197056955532,3.0,49.0,-0.63,1.19
LCII,1997-08-22,4.132843324923402,4.151976858835085,4.03717565536499,4.03717565536499,27200,36.7249306517884,37.46026367114497,35.95254645930062,35.40006410875993,34.890592167825254,2.97,42.0,-0.63,1.21
LCII,1997-08-25,4.018042368047378,4.018042368047378,3.9032411575317383,3.9032411575317383,46800,37.873864356780324,37.64116141390617,36.36136174788623,35.60836095781656,35.056413956218336,2.94,44.0,-0.59,1.09
LCII,1997-08-26,3.8649728298187256,3.8649728298187256,3.826705772097748,3.8649728298187256,2400,37.97162650217075,37.6971133435592,36.37094468218622,35.52656054385056,35.06807704415568,2.91,44.0,-0.55,1.08
LCII,1997-08-27,3.903241222344556,3.979775363959155,3.903241222344556,3.9415082931518555,145000,38.12384306860174,37.85029492107617,36.45399681206608,35.58867159455055,35.104219396608116,2.88,44.0,-0.52,1.05
LCII,1997-08-28,3.941508482087333,4.094576772653832,3.9032414094457084,4.056309700012207,79400,38.54886876928868,38.28040764004183,36.710946196220604,35.49087711281819,35.18147415140798,2.84,48.0,-0.51,0.95
LCII,1997-08-29,3.9797755547289575,4.075443236333019,3.9797755547289575,4.056309700012207,4600,38.38023702279579,37.96099174360549,35.73573046960476,35.486857102488386,35.176345013081985,2.82,32.0,-0.53,1.1
LCII,1997-09-02,4.018042749828762,4.132843971252441,4.018042749828762,4.132843971252441,11800,34.78895402068845,37.42613888337308,35.84417167197983,35.54711266542877,35.21963592672714,2.8,34.0,-0.56,1.05
LCII,1997-09-03,4.132843427568953,4.132843427568953,4.056309290021379,4.094576358795166,9600,27.177781818671576,37.379978891947964,35.70244889050053,35.56880928983695,35.21873096717012,2.78,30.0,-0.57,1.11
LCII,1997-09-04,4.094576708475749,4.094576708475749,4.01804256439209,4.01804256439209,5400,27.5622062460959,37.48524023347943,35.8466661756499,35.647850822913796,35.23219541671135,2.75,34.0,-0.56,1.05
LCII,1997-09-05,4.056309700012207,4.094576772653832,4.056309700012207,4.056309700012207,3400,27.145374466261135,34.91531936080581,34.705427571478566,35.65732815377172,35.20162591183527,2.75,3.0,-0.52,1.14
LCII,1997-09-08,4.01804256439209,4.01804256439209,3.9797754923502606,4.01804256439209,5800,27.158677087934073,34.29824125145287,34.71833102960039,35.67918629712864,35.13986392545959,2.75,3.0,-0.46,1.14
LCII,1997-09-09,4.0563094200344265,4.1711106300354,4.0563094200344265,4.1711106300354,41800,29.47862546685986,34.52568967604916,34.694029795576114,35.93661595914185,35.32754131933595,2.75,1.0,-0.46,1.13
LCII,1997-09-10,4.19024458196428,4.19024458196428,4.113710434348494,4.132843971252441,10200,29.574905788684042,34.507104424945354,34.36099332737653,35.92554806552542,35.33846477378076,2.75,1.0,-0.42,1.25
LCII,1997-09-11,4.094576772653832,4.094576772653832,4.0180426273705825,4.056309700012207,4800,30.00143787449548,33.78459926500707,34.2931606094762,36.00305031204737,35.355429895769625,2.76,1.0,-0.37,1.27
LCII,1997-09-12,4.0563096364339195,4.0563096364339195,4.01804256439209,4.01804256439209,2400,30.019383199745175,33.801633563541685,34.340037882070355,36.01556183604437,35.294842449226046,2.77,2.0,-0.32,1.25
LCII,1997-09-15,4.056310813392749,4.094577896537963,3.9797766471023195,3.9989101886749268,7200,30.021514497623592,33.58647934578387,34.28927815274041,35.96985535929722,35.298990581193884,2.78,1.0,-0.3,1.28
LCII,1997-09-16,3.9989090910497698,4.056309700012207,3.9032414094457084,4.056309700012207,36400,27.410822375940498,33.47807374662853,34.18067963752705,35.99434101198586,35.31934530762173,2.79,1.0,-0.25,1.32
LCII,1997-09-17,4.018041296647145,4.018041296647145,3.941507176711009,3.979774236679077,18000,27.94272945067752,33.57636813047439,34.306644723144025,35.97911856925063,35.26797898712228,2.8,4.0,-0.17,1.28
LCII,1997-09-18,3.9797754923502606,4.01804256439209,3.941508420308431,4.01804256439209,15400,27.571000611850994,33.617846031050064,34.267499113058754,35.94373331417444,34.25374349726318,2.81,2.0,-0.11,1.29
LCII,1997-09-19,3.979775152473806,4.094576358795166,3.979775152473806,4.094576358795166,18000,28.108103081172874,33.4222407805843,34.30803098376308,36.00645469523622,34.26818093713629,2.82,6.0,-0.12,1.26
LCII,1997-09-22,4.1328435600350755,4.209377700035725,4.1328435600350755,4.1711106300354,7600,28.198279521972935,33.315588454818204,34.40541619136413,35.6117076752985,34.278273683756375,2.83,9.0,-0.19,1.22
LCII,1997-09-23,4.171110496342739,4.171110496342739,3.979775152473806,4.094576358795166,18600,28.781057477128225,33.52257233317613,34.561547770909115,35.054285932392425,34.331104246824204,2.84,10.0,-0.29,1.15
LCII,1997-09-24,4.132844560796564,4.209378719329834,4.132844560796564,4.209378719329834,5400,29.799698717416966,33.450601525921414,34.7973589153784,35.20217809455871,34.42446945484497,2.84,14.0,-0.5,1.05
LCII,1997-09-25,4.209377830092971,4.247644901275635,4.1711107589103085,4.247644901275635,7200,29.86142662760044,33.488393596530145,34.78359740081082,35.12853178510716,34.430200544527466,2.84,14.0,-0.71,1.06
LCII,1997-09-26,4.209378476728473,4.400713862034313,4.209378476728473,4.3624467849731445,49000,30.479076719051797,33.80326021733699,34.851778661848826,35.237377997584865,34.489515690166236,2.84,16.0,-0.77,1.04
LCII,1997-09-29,4.285911972458298,4.285911972458298,4.209377830092971,4.247644901275635,39600,31.484028819968014,34.226049833856266,35.0100757449732,35.31029478991567,34.59514890195035,2.84,20.0,-0.84,1.0
LCII,1997-09-30,4.324179957129739,4.324179957129739,4.209378719329834,4.209378719329834,18000,31.593550800296672,34.269824018294045,34.82229693614512,35.3055570676758,34.569006973975625,2.85,16.0,-0.86,1.08
LCII,1997-10-01,4.24764519267612,4.24764519267612,4.132843971252441,4.132843971252441,5600,31.122475949089655,34.43202803047672,34.95909972658521,35.37306661285993,34.606389619939435,2.85,21.0,-0.86,1.03
LCII,1997-10-02,4.132843971252441,4.132843971252441,4.132843971252441,4.132843971252441,0,30.37651016726226,34.3863837253188,34.5086806899795,35.36673261258958,34.53639001236564,2.86,10.0,-0.87,1.19
LCII,1997-10-03,4.094576616544981,4.247644901275635,4.056309545362318,4.247644901275635,23000,31.290170218229463,33.34741716009981,34.66258725556132,35.5020942792695,34.57787460768275,2.87,12.0,-0.89,1.12
LCII,1997-10-06,4.285913467407227,4.324180551937648,4.209379298346383,4.285913467407227,101800,30.14790890208333,33.33347504279612,34.65476840501064,35.51164836160009,34.55477008539318,2.88,12.0,-0.9,1.12
LCII,1997-10-07,4.324180551937648,4.324180551937648,4.285913467407227,4.285913467407227,22800,28.195800654901742,33.12333591617549,34.47638788715935,35.494006527971734,34.318165222490634,2.89,10.0,-0.91,1.19
LCII,1997-10-08,4.285913467407227,4.324180551937648,4.2476463828768045,4.285913467407227,28400,27.94545316301252,33.08984028493428,34.472238874022274,35.48740040014668,34.31381580493797,2.91,10.0,-0.91,1.19
LCII,1997-10-09,4.24764519267612,4.24764519267612,4.094576897444548,4.132843971252441,13400,29.781124824117626,33.91669135171221,34.88862204481314,35.75796403197267,34.475817715691655,2.92,24.0,-0.89,1.09
LCII,1997-10-10,4.132843427568953,4.132843427568953,4.094576358795166,4.094576358795166,600,28.79343329471754,33.80832633714906,34.87813450490884,35.75842896263417,34.42513275551425,2.92,23.0,-0.88,1.09
LCII,1997-10-13,4.1711116400632,4.247645798596469,4.132844560796564,4.209378719329834,8200,29.862785437194788,34.111512068785586,34.53430208777159,35.89926964456266,34.52942703717884,2.94,13.0,-0.88,1.16
LCII,1997-10-14,4.247644901275635,4.285911972458298,4.1711107589103085,4.247644901275635,17200,29.501539652447455,31.980461395411247,34.16617875712248,35.89592621345729,34.52606985220389,2.96,1.0,-0.88,1.28
LCII,1997-10-15,4.247644901275635,4.247644901275635,4.247644901275635,4.247644901275635,2400,29.344401163450794,28.127138933109443,34.16617875712248,35.88994052489647,34.52301647293901,2.98,1.5,-0.88,1.28
LCII,1997-10-16,4.209378118868227,4.24764519267612,4.132843971252441,4.132843971252441,7200,29.949848975035298,28.623185133576406,34.44243526965631,36.042265517669634,34.40632773350896,3.0,12.0,-0.85,1.18
LCII,1997-10-17,4.151976006535383,4.151976006535383,3.941507176711009,3.979774236679077,35200,31.846596592389282,29.362118952852178,34.958542455409805,36.324100592552824,34.49327424320392,3.01,32.0,-0.8,1.05
LCII,1997-10-20,3.9415069452606804,3.9415069452606804,3.8649728298187256,3.8649728298187256,17200,32.825738140732916,29.877234570101326,35.245354127172845,36.486574032375835,34.41113063225418,3.01,37.0,-0.77,0.96
LCII,1997-10-21,3.979775363959155,3.979775363959155,3.9415082931518555,3.9415082931518555,6600,31.3776896011821,30.19411329404551,35.05727797375061,36.44428054740813,34.266151310008055,3.01,36.0,-0.75,1.02
LCII,1997-10-22,3.941509563957105,3.9989101886749268,3.9032424808118904,3.9989101886749268,12400,31.646250229379643,30.36756141070657,35.13027685432364,36.48441066413883,34.293621267705795,3.01,36.0,-0.72,0.99
LCII,1997-10-23,4.018042368047378,4.018042368047378,3.8649740873598586,3.9032411575317383,22200,31.9520420206908,30.73151185899448,35.30916484373778,36.59748407281731,33.958019608522626,3.01,37.0,-0.7,0.92
LCII,1997-10-24,3.9032418434255813,3.9032418434255813,3.635372305151277,3.884108304977417,58200,31.87758895841377,30.713188390024126,35.30996166339262,36.601999710575186,33.90379254896257,3.0,37.0,-0.69,0.93
LCII,1997-10-27,3.8841072438294404,3.8841072438294404,3.6353713119585893,3.6927719116210938,37600,34.94145775613675,32.29844708657216,35.99063157921748,37.0801199813895,34.189895574914324,2.99,45.0,-0.74,0.89
LCII,1997-10-28,3.6736397191097865,3.6736397191097865,3.6353726387023926,3.6353726387023926,26600,34.758960221505355,31.149738292403683,35.660714322101015,37.08201436635078,34.22145824309735,2.99,39.0,-0.74,0.98
LCII,1997-10-29,3.597105558294999,3.6353726387023926,3.5588384778876057,3.6353726387023926,28000,34.46294229527935,31.149738292403683,35.57496987260986,37.07670357058029,34.09814444516923,2.99,38.0,-0.76,1.02
LCII,1997-10-30,3.635371843973796,3.635371843973796,3.405769411722819,3.4440364837646484,38000,37.264748128408485,32.75844992669717,36.48433269484407,37.60701181037181,34.46453647011927,2.99,48.0,-0.55,0.93
LCII,1997-10-31,3.482302868563826,3.501436400808682,3.4440358040741135,3.4631693363189697,14200,36.71477691815265,32.79666041121765,35.0150377737324,37.59492670205933,34.46536515771878,3.0,32.0,-0.39,0.86
LCII,1997-11-03,3.4249029477437336,3.5014370918273925,3.405769411722819,3.4440364837646484,49200,35.997510905007694,32.70941040683212,34.666824299682816,37.59294108392334,34.45342542811769,3.01,20.0,-0.25,0.97
LCII,1997-11-04,3.4057690760510115,3.4249026101861295,3.3675020077807756,3.3866355419158936,14200,35.950755541935784,32.80766509770396,34.37892869771157,37.63337344430891,34.48792664609714,3.03,11.0,-0.02,1.08
LCII,1997-11-05,3.405769878245415,3.5971052646636963,3.405769878245415,3.5971052646636963,30000,39.68257650455341,35.254419380920325,35.68343463325428,38.325413032103164,35.0169074749688,3.04,42.0,-0.02,1.02
LCII,1997-11-06,3.6353726387023926,3.6353726387023926,3.597105558294999,3.6353726387023926,13400,39.73298479839711,35.31972822489225,35.1063555671563,38.30980160595242,34.94390868263526,3.04,36.0,-0.08,1.18
LCII,1997-11-07,3.5588371405730377,3.5588371405730377,3.539703607559204,3.539703607559204,3200,39.0176387239493,35.65656090540545,35.31111087983921,38.40132670412647,35.01136616130485,3.05,41.0,-0.15,1.13
LCII,1997-11-10,3.558837890625,3.558837890625,3.520570816532258,3.558837890625,7400,38.7161185685646,35.649105700405855,35.17112082737466,38.38973753889034,34.98109465716539,3.06,38.0,-0.25,1.2
LCII,1997-11-11,3.520570993423462,3.6736392974853516,3.520570993423462,3.6736392974853516,6800,40.20457329904907,36.29060864321636,35.40634103121232,38.577998459673324,35.10944404887989,3.06,43.0,-0.35,1.12
LCII,1997-11-12,3.6736392974853516,3.7501734495162964,3.635372221469879,3.6736392974853516,70000,40.00806776138756,35.7493801280886,35.338007708904065,38.56033966974938,34.95731879363315,3.07,43.0,-0.43,1.14
LCII,1997-11-13,3.7119054448419284,3.7501725112835977,3.673638378400259,3.6927719116210938,15000,40.08062506142286,35.396942435721066,35.339351605827254,38.56667188279956,34.92340232385355,3.08,44.0,-0.5,1.14
LCII,1997-11-14,3.7119060814982716,3.8267073005136822,3.7119060814982716,3.788440227508545,49200,39.96087639980604,35.7706766292391,35.371992521415656,38.67508395151808,35.01105780678159,3.08,45.0,-0.52,1.09
LCII,1997-11-17,3.7501731545034085,3.8267073005136822,3.7501731545034085,3.788440227508545,3800,39.79577624325727,35.34203888434742,35.22702985760978,38.543809323258024,34.79057350156467,3.08,39.0,-0.51,1.14
LCII,1997-11-18,3.7501732688589193,3.7693068059449346,3.7119061946868896,3.7119061946868896,5600,40.051271531573356,34.91866661165045,35.33822846539356,38.59820417977773,34.852998983778306,3.09,45.0,-0.55,1.12
LCII,1997-11-19,3.7119050755792733,3.750172138214111,3.7119050755792733,3.7501721382141113,1400,40.26764810610809,34.94010618031772,35.052235341210256,38.61681481096901,34.8500672776415,3.09,35.0,-0.59,1.23
LCII,1997-11-20,3.7501731545034085,3.7884402275085454,3.7119060814982716,3.788440227508545,11400,39.30937371478193,34.760912550523855,35.092574265219305,38.542245008910825,34.654871218717176,3.09,37.0,-0.63,1.21
LCII,1997-11-21,3.750172138214111,3.8267062634837865,3.750172138214111,3.7501721382141113,1800,39.32217506126218,34.2673411216221,35.095011269980006,38.41253538388731,34.6704692510677,3.09,38.0,-0.66,1.2
LCII,1997-11-24,3.7501736549875844,3.8267078112118207,3.7501736549875844,3.8075742721557617,5000,38.64000056582954,34.43311548579517,35.14720744559978,38.43926338599377,34.69905889697589,3.09,41.0,-0.67,1.17
LCII,1997-11-25,3.7884402275085454,3.8649743735188187,3.7884402275085454,3.788440227508545,4400,38.46266286649899,34.19446253074138,35.147386457939774,38.37256714809526,34.68557447324005,3.1,42.0,-0.68,1.17
LCII,1997-11-26,3.7884387143767704,3.8649728298187256,3.7693051855162816,3.8649728298187256,6800,39.06703629092546,34.433546417931055,35.25441253028226,38.285281487859585,34.74163146274402,3.09,46.0,-0.66,1.1
LCII,1997-11-28,3.9032411575317383,3.9032411575317383,3.9032411575317383,3.9032411575317383,1000,38.54594510721849,34.29842203703851,35.253020179537906,38.19651347601326,34.749739132492294,3.09,46.0,-0.65,1.11
LCII,1997-12-01,3.9415082277036184,3.9415082277036184,3.826707017187979,3.9032411575317383,10400,37.018766890013225,34.235786462721826,34.464582291855535,38.192043676855356,34.71370021774759,3.09,14.0,-0.58,1.25
LCII,1997-12-02,3.8649728298187256,3.8649728298187256,3.826705772097748,3.8649728298187256,8800,36.13125078192224,34.23999402307362,34.492403310423896,38.20448797604072,34.710927848728,3.09,17.0,-0.51,1.24
LCII,1997-12-03,3.903241222344556,3.979775363959155,3.903241222344556,3.9415082931518555,24800,36.13125078192224,33.58404918243128,34.47466474059028,38.2611813042248,34.76429504113534,3.09,16.0,-0.44,1.25
LCII,1997-12-04,3.9415082931518555,3.979775363959155,3.9415082931518555,3.9415082931518555,31800,35.87055114653526,33.54016519225707,34.46241297043119,38.25681336877674,34.75936830047152,3.08,14.0,-0.37,1.25
LCII,1997-12-05,3.941507176711009,3.979774236679077,3.864973056774873,3.979774236679077,70400,35.261449628845895,33.39681959148459,34.41163872440503,38.274456468202835,34.752689482270235,3.08,13.0,-0.3,1.28
LCII,1997-12-08,3.941507781424173,3.941507781424173,3.9032407155851034,3.9223742485046387,2600,35.502477248460046,33.471925074403245,34.40130961048911,38.31247299640608,34.710602168979904,3.07,12.0,-0.22,1.28
LCII,1997-12-09,3.8841076224457987,3.9032411575317383,3.8649740873598586,3.9032411575317383,6200,32.126835237290244,33.472585624015856,34.32960228124997,38.30064986789054,34.70934896413534,3.06,9.0,-0.16,1.33
LCII,1997-12-10,3.9415082931518555,3.9415082931518555,3.864974151537256,3.9415082931518555,12600,31.765446894876526,33.40111923325592,33.03701919692371,38.164229644458665,34.54237500793362,3.05,1.0,-0.17,1.41
LCII,1997-12-11,3.979775297875498,3.979775297875498,3.8649740873598586,3.9032411575317383,16400,31.962613264816213,33.23433071289283,30.85232758181998,37.71065275926868,34.55447154008759,3.04,1.0,-0.14,0.6
LCII,1997-12-12,3.8649728298187256,3.8649728298187256,3.8649728298187256,3.8649728298187256,200,27.425303594816825,33.22574157890517,30.858502524081,35.429610897183295,34.570452667832996,3.03,2.0,-0.13,0.6
LCII,1997-12-15,3.8649744367599483,3.8649744367599483,3.826707363128662,3.826707363128662,7600,27.70803991092427,33.02707211157694,30.742748921140496,34.840890163972595,34.5866111353588,3.01,1.0,-0.13,0.64
LCII,1997-12-16,3.7884402275085454,3.8267073005136822,3.7884402275085454,3.788440227508545,1200,27.863868567009987,32.81951316969665,30.750676023316036,34.21383644697295,34.60295577274471,2.99,2.0,-0.13,0.64
LCII,1997-12-17,3.8267062634837865,3.8267062634837865,3.750172138214111,3.7501721382141113,5600,27.5136845334178,32.67982726118416,30.78252579404238,34.214012165925375,34.615470723563966,2.97,3.0,-0.15,0.62
LCII,1997-12-18,3.7884402275085454,3.7884402275085454,3.7501731545034085,3.788440227508545,4000,21.735002853992373,32.207270348112836,30.835881516976126,34.20923174990478,34.62889828232246,2.94,4.0,-0.15,0.6
LCII,1997-12-19,3.750172138214111,3.788439200848949,3.7119050755792733,3.7501721382141113,11400,21.831542190511836,32.172503779062026,30.867643371318955,34.20942450572234,34.645353940061106,2.91,7.0,-0.16,0.58
LCII,1997-12-22,3.788439200848949,3.788439200848949,3.7119050755792733,3.7501721382141113,10200,20.197790774104778,31.614196341808693,30.854474517130097,34.20942450572234,34.624008829043234,2.88,6.0,-0.17,0.59
LCII,1997-12-23,3.7501731545034085,3.7884402275085454,3.7501731545034085,3.788440227508545,8800,20.315592155800775,31.312075040139575,30.904516670447673,33.630571321001455,34.637297287087605,2.84,9.0,-0.16,0.57
LCII,1997-12-24,3.750172138214111,3.788439200848949,3.750172138214111,3.7501721382141113,5000,18.552104236954634,31.323635866837197,30.108634649653883,33.65299231925442,34.64796120863772,2.8,1.0,-0.2,0.65
LCII,1997-12-26,3.788439200848949,3.788439200848949,3.750172138214111,3.7501721382141113,3200,18.552104236954634,31.137875312601565,30.108634649653883,33.55609198037917,34.60628646382596,2.76,1.5,-0.23,0.65
LCII,1997-12-29,3.7501731545034085,3.7884402275085454,3.7501731545034085,3.788440227508545,3400,18.711742929178232,31.229808605109156,30.019578820211084,33.576348949261764,34.61392479437677,2.72,1.0,-0.26,0.69
LCII,1997-12-30,3.7884400099226574,3.9415082931518555,3.7884400099226574,3.9415082931518555,13800,20.663101388209334,31.80649902061439,30.690346465176464,33.239017531765235,34.76163753126911,2.66,4.0,-0.26,0.57
LCII,1997-12-31,3.979775297875498,3.979775297875498,3.826707017187979,3.9032411575317383,12200,20.90927556877708,31.781113510781932,30.644578216249613,33.23941314854613,34.73852362116181,2.6,4.0,-0.26,0.58
LCII,1998-01-02,3.8649728298187256,3.8649728298187256,3.845839300958237,3.8649728298187256,3200,20.181442412753423,31.824587226131744,30.67256470442239,33.00159610539982,34.75396956143608,2.52,5.0,-0.27,0.57
LCII,1998-01-05,3.826707363128662,3.826707363128662,3.826707363128662,3.826707363128662,600,20.255871761177453,31.866878109281625,30.710792551475734,32.78576747283806,34.425295458108685,2.44,7.0,-0.29,0.56
LCII,1998-01-06,3.8649747075133063,3.8649747075133063,3.8458411693573,3.8458411693573,9600,20.10055404952632,31.072879326097297,30.711628232325726,32.67138035068006,33.95639223498768,2.35,8.0,-0.3,0.56
LCII,1998-01-07,3.8458411693573,3.8649747075133063,3.8267076312012933,3.8458411693573,23400,19.846719711803768,31.027718382016655,30.676018078827777,32.67138035068006,33.95639223498768,2.25,6.0,-0.31,0.57
LCII,1998-01-08,3.8649744367599483,3.9223750472068786,3.826707363128662,3.826707363128662,73000,19.436243212268117,30.45410818060319,30.648276055798902,32.64561361274922,33.898751053432534,2.14,5.0,-0.33,0.58
LCII,1998-01-09,3.826705772097748,3.8649728298187256,3.7884387143767704,3.8649728298187256,103000,19.57240417591181,30.468096185675243,30.681569328143212,32.55738956280918,33.89682753075864,2.02,8.0,-0.33,0.57
LCII,1998-01-12,3.711906373500824,3.711906373500824,3.6736392974853516,3.6736392974853516,46000,23.790999711275337,32.08967440645291,31.36186547927523,33.098537654063534,34.215595738002015,1.9,21.0,-0.39,0.64
LCII,1998-01-13,3.7884402894973754,3.826707363128662,3.7884402894973754,3.826707363128662,12800,26.621684973912924,32.857995838189694,31.821439691578956,33.41176999564435,34.44405795309145,1.88,22.0,-0.37,0.6
LCII,1998-01-14,3.788439947016099,3.9032411575317383,3.788439947016099,3.9032411575317383,5000,27.27499991587616,32.241399621358106,31.949386629892985,33.456349668201796,34.49680116497352,1.87,23.0,-0.32,0.56
LCII,1998-01-15,3.9223750472068786,3.9223750472068786,3.826707363128662,3.826707363128662,7000,27.73588117205718,31.93526377497959,31.795827129206778,33.54564083201132,34.5505702391821,1.88,22.0,-0.32,0.6
LCII,1998-01-16,3.864973649746034,3.941507781424173,3.864973649746034,3.9223742485046387,7600,28.09033999083909,32.086349237720505,31.595005893735717,33.664642131974546,34.63383162141162,1.88,22.0,-0.32,0.64
LCII,1998-01-20,3.922375381873746,3.922375381873746,3.884108304977417,3.884108304977417,2400,28.22878485988276,32.00192345210059,31.594616676719152,33.68835317176659,34.644748826185804,1.87,22.0,-0.32,0.64
LCII,1998-01-21,3.8841076224457987,3.979775297875498,3.8841076224457987,3.9032411575317383,28600,28.11373619001784,31.634071009197744,31.448831292821744,33.66838231151254,34.63338741354477,1.87,22.0,-0.32,0.7
LCII,1998-01-22,3.8649740873598586,3.9032411575317383,3.8649740873598586,3.9032411575317383,3800,27.804038531227082,31.61749432378687,31.10779781142663,33.56977287905079,34.62941371337174,1.87,21.0,-0.3,0.81
LCII,1998-01-23,3.8649744367599483,3.8649744367599483,3.826707363128662,3.826707363128662,5400,28.354820518023054,30.10869262315858,31.26002613587502,33.560854551782974,34.68689699569721,1.87,22.0,-0.29,0.75
LCII,1998-01-26,3.826707363128662,3.8649744367599483,3.826707363128662,3.826707363128662,5000,28.183857665069485,29.917919015764692,31.10710639231769,33.414135012834215,34.672152978855394,1.88,21.0,-0.25,0.81
LCII,1998-01-27,3.826707689632923,3.9032418434255813,3.826707689632923,3.884108304977417,18800,28.42150968888418,30.05503075308505,31.175162472035723,33.45356236312397,34.70039169692593,1.89,23.0,-0.21,0.78
LCII,1998-01-28,3.884107973575592,3.903241510391235,3.7884402894973754,3.826707363128662,14400,28.60756245314161,27.984452163782702,31.121921421333727,33.22888280610219,34.71820193192852,1.89,23.0,-0.2,0.8
LCII,1998-01-29,3.8649733261186245,3.8649733261186245,3.750172138214111,3.7501721382141113,53000,29.057909163433333,28.330933820200677,31.236437445197794,33.26558707127095,34.773357511673694,1.9,25.0,-0.2,0.75
LCII,1998-01-30,3.7884402894973754,3.826707363128662,3.7884402894973754,3.826707363128662,5600,29.528666811568094,28.554761811674133,31.381189826275563,33.32927965849158,34.832463670585945,1.91,28.0,-0.18,0.7
LCII,1998-02-02,3.7884403430309495,3.7884403430309495,3.7119061946868896,3.7119061946868896,10800,30.71795000735597,29.06631587701597,31.144131871363463,33.43561610437636,34.96538502519909,1.92,24.0,-0.14,0.71
LCII,1998-02-03,3.7119050755792733,3.750172138214111,3.7119050755792733,3.7501721382141113,3400,30.721038833261606,26.435375650067172,31.169408349334137,33.45192397370234,34.97708055605894,1.93,25.0,-0.09,0.7
LCII,1998-02-04,3.731039351013106,3.8075734915467083,3.731039351013106,3.7693064212799072,4400,30.615347226330574,26.371514469803646,31.053662612989797,33.40444684173259,34.89327336212361,1.94,21.0,-0.07,0.76
LCII,1998-02-05,3.7693064212799072,3.7693064212799072,3.7693064212799072,3.7693064212799072,2000,30.615347226330574,25.752659233514475,31.022156460189404,33.379812835691084,34.89327336212361,1.96,21.0,-0.05,0.77
LCII,1998-02-06,3.73103961800084,3.7884402275085454,3.7119060814982716,3.788440227508545,12600,30.506480928851236,25.750386035643025,31.028088481723998,33.01950685990604,34.8972051432437,1.97,22.0,-0.04,0.77
LCII,1998-02-09,3.7693071940436433,3.8458413502678797,3.7693071940436433,3.8075742721557617,12000,30.3846264420099,24.95963330717246,30.950653870432532,32.81581550472843,34.901069240876275,1.98,21.0,0.01,0.81
LCII,1998-02-10,3.826707689632923,3.884108304977417,3.826707689632923,3.884108304977417,6200,30.89891272244526,25.270595003865214,30.978329729672495,32.89800054409083,34.955084750834,1.99,22.0,0.03,0.81
LCII,1998-02-11,3.864974151537256,3.9415082931518555,3.864974151537256,3.9415082931518555,7400,31.040447590530096,25.413126311448714,31.029991909100556,32.919898937385184,34.956265219651364,2.0,25.0,0.05,0.79
LCII,1998-02-12,3.9606418285555054,3.979775363959155,3.903241222344556,3.9415082931518555,20800,28.83961733229514,24.895654868346295,30.87916459872308,32.89853530675022,34.952907297731336,2.01,20.0,0.12,0.84
LCII,1998-02-13,3.9415069452606804,3.979774002981658,3.826705772097748,3.8649728298187256,37200,29.26744704809036,25.239822833491164,30.87832318992631,32.96143984404049,35.003878986108866,2.02,20.0,0.23,0.84
LCII,1998-02-17,3.826707689632923,3.884108304977417,3.788440612736594,3.884108304977417,26200,29.16295800929678,24.882140978874894,30.75926166768453,32.7729953941036,34.994475852811554,2.03,14.0,0.31,0.89
LCII,1998-02-18,3.9032413482666017,4.01804256439209,3.9032413482666017,4.01804256439209,69800,30.576486898464992,25.725328238924742,30.920577177588815,33.01716718802833,35.15711705349374,2.04,24.0,0.4,0.87
LCII,1998-02-19,4.056309700012207,4.094576772653832,3.9797755547289575,4.056309700012207,183200,30.647013602637855,25.71562437471364,30.924013373580735,33.01298070467993,35.16698529966856,2.04,25.0,0.47,0.87
LCII,1998-02-20,4.018041296647145,4.018041296647145,3.941507176711009,3.979774236679077,69800,31.23456624765022,25.94605089936361,30.754228837259205,33.087592921266406,35.215250011553834,2.05,14.0,0.48,0.91
LCII,1998-02-23,3.9797758756628356,3.9797758756628356,3.960642337799072,3.9606423377990723,100600,31.23172736443509,25.80196355898035,30.482946336190903,32.96522360970196,35.19028214575452,2.06,4.0,0.59,1.02
LCII,1998-02-24,3.9223742485046382,3.9606413143437083,3.864973649746034,3.9223742485046387,15000,31.26991816655546,25.863683684212162,30.48772380648796,32.72827685297662,35.17656803526662,2.06,5.0,0.73,1.02
LCII,1998-02-25,3.960641956329346,4.01804256439209,3.960641956329346,4.01804256439209,42800,27.95778352338804,26.008327009629472,30.606856885592208,32.80418621861671,35.2478062120928,2.06,6.0,0.8,0.99
LCII,1998-02-26,4.018043730247534,4.018043730247534,3.9989101886749268,3.9989101886749268,9600,25.621444116451585,25.95989954902274,30.61511600658282,32.76376597256782,35.247643040824805,2.07,7.0,0.89,0.98
LCII,1998-02-27,3.960642337799072,3.9797758756628356,3.960642337799072,3.9606423377990723,5600,25.207380254582535,26.040953072103523,30.324257821637975,31.842223229034566,35.247840419711935,2.08,4.0,1.02,1.08
LCII,1998-03-02,3.979774847263243,3.979774847263243,3.9223742485046382,3.9223742485046387,9400,24.66534069293224,26.03859252706011,30.31762585368709,31.634891360049604,35.260541603328406,2.08,4.0,1.11,1.08
LCII,1998-03-03,3.9606413143437083,3.979774847263243,3.9223742485046382,3.9223742485046387,6800,23.604299744421937,25.72398124493146,30.31762585368709,31.416237071621943,35.248111865013584,2.09,4.5,1.17,1.08
LCII,1998-03-04,3.9223752620715446,3.960642337799072,3.9223752620715446,3.9606423377990723,2200,23.577524030612047,25.802124997780858,30.363992749684325,31.408991934236198,35.157070400573545,2.1,7.0,1.15,1.06
LCII,1998-03-05,3.9415087999353084,3.960642337799072,3.9415087999353084,3.9606423377990723,2400,23.54329989772462,25.724750574700266,29.82331059559371,31.03220956805434,35.14444659508061,2.11,1.0,1.26,1.24
LCII,1998-03-06,3.9223742485046382,3.9223742485046382,3.9223742485046382,3.9223742485046387,800,23.728178372689147,25.62792975927798,29.826460497585117,31.03240164677519,35.154575413015735,2.11,2.0,1.39,1.23
LCII,1998-03-09,3.9032411575317383,3.9032411575317383,3.8649740873598586,3.9032411575317383,2200,23.020902863473406,25.62792975927798,29.492065239723875,30.949533509178213,35.08131397577808,2.13,1.0,1.5,1.37
LCII,1998-03-10,3.884106358679214,3.884106358679214,3.826705772097748,3.8649728298187256,5800,23.221681082474003,25.624164982713292,29.48475396656663,30.88470547116586,34.97772522746297,2.14,1.0,1.49,1.37
LCII,1998-03-11,3.903240116742941,3.979774236679077,3.903240116742941,3.979774236679077,53800,24.351696445799927,26.251313191886833,29.872192251022305,31.03233474247631,35.0868587243964,2.15,5.0,1.3,1.22
LCII,1998-03-12,3.979774236679077,4.018041296647145,3.941507176711009,3.979774236679077,52600,23.89564260867702,26.1656977689595,29.56275793085259,31.027111035378752,35.03004945770288,2.16,3.0,1.33,1.36
LCII,1998-03-13,3.9415082931518555,3.979775363959155,3.903241222344556,3.9415082931518555,28800,23.257870601149435,26.160852127640684,28.989914432558315,30.91045588359466,34.91891815405524,2.17,1.0,1.36,1.53
LCII,1998-03-16,3.960641762789558,3.979775297875498,3.9032411575317383,3.9032411575317383,17800,22.798432637312736,26.15585767483622,28.653597214518346,30.83925526944304,34.849202265522436,2.18,1.0,1.35,1.68
LCII,1998-03-17,3.9415082931518555,3.9415082931518555,3.9415082931518555,3.9415082931518555,2400,20.931371408467022,26.127828878866065,28.5252305124585,30.83772143103157,34.85987058219667,2.2,1.0,1.35,1.75
LCII,1998-03-18,3.903241222344556,3.9415082931518555,3.903241222344556,3.9415082931518555,6000,20.790454189713834,26.055839603911483,28.430870655412615,30.637140772387834,34.85651450530499,2.21,1.0,1.39,1.81
LCII,1998-03-19,3.9032407155851034,3.941507781424173,3.9032407155851034,3.9223742485046387,16400,20.847852832127618,25.984565856957442,28.178699988782498,30.642611408331117,34.84726861374339,2.22,1.0,1.38,1.95
LCII,1998-03-20,3.9223753219813258,3.9223753219813258,3.8267076312012933,3.8458411693573,12000,21.720781620531437,26.32042725817292,28.34235543730776,30.7095285812683,34.8987963478513,2.23,2.0,1.38,1.85
LCII,1998-03-23,3.8075738263130186,3.8649744367599483,3.8075738263130186,3.826707363128662,42200,21.739457126103375,26.264132360890624,27.178436745940754,30.692848879270322,34.902056876599744,2.24,1.0,1.51,1.95
LCII,1998-03-24,3.7884402275085454,3.8267073005136822,3.7501731545034085,3.788440227508545,30000,21.89508955802845,26.262423927082786,27.10870254336483,30.71020740199385,34.915856094954485,2.26,1.0,1.71,1.99
LCII,1998-03-25,3.8267062634837865,3.8267062634837865,3.750172138214111,3.7501721382141113,26400,21.223636533121713,26.347501992892347,27.160494116192414,30.710678446488043,34.91770525110901,2.28,2.0,1.89,1.96
LCII,1998-03-26,3.711906373500824,3.711906373500824,3.635372221469879,3.6736392974853516,107200,21.3986918566233,26.594600512357275,25.947813654449103,30.782895936740818,34.85859178533362,2.3,1.0,1.87,1.68
LCII,1998-03-27,3.635371935487998,3.7884402275085454,3.635371935487998,3.788440227508545,81400,23.45184531119577,26.081865134320903,26.374597500411635,30.51393293086492,34.63227999798105,2.33,2.0,2.03,1.46
LCII,1998-03-30,3.7693069875240326,3.788440525531769,3.5971051454544067,3.6736392974853516,63600,24.41180030669495,26.74214225267924,26.831546313395084,30.726786798212768,33.010295585841085,2.36,3.0,1.74,1.32
LCII,1998-03-31,3.7119064589439352,3.9032418434255813,3.673639382047606,3.884108304977417,142600,29.512399414144262,29.088806099707952,28.071743261717057,31.329964385362864,33.007433298969616,2.36,7.0,0.11,1.44
LCII,1998-04-01,3.864974276224772,4.0563096364339195,3.864974276224772,4.01804256439209,113800,29.512399414144262,29.821836735806716,26.951995885889858,31.57489975666239,32.690283776163234,2.37,4.0,0.12,0.91
LCII,1998-04-02,4.0563098236366555,4.132843971252441,4.018042749828762,4.132843971252441,14600,30.51431583404134,30.33451174342201,27.252351967114347,31.695684039951495,32.787937632672325,2.37,8.0,0.39,0.78
LCII,1998-04-03,4.1328435600350755,4.209377700035725,4.0945764900347505,4.1711106300354,27400,30.02665469887172,30.377719827736826,26.90870516647927,31.65502949421307,32.78191078430999,2.37,4.0,0.43,0.87
LCII,1998-04-06,4.209377700035725,4.209377700035725,4.0945764900347505,4.1711106300354,34000,29.970051509040278,30.350438397821794,26.90319133302453,31.606436134409666,32.76546591629334,2.38,4.0,0.43,0.88
LCII,1998-04-07,4.171111667857451,4.2476458269007065,4.171111667857451,4.228512287139893,44200,29.960826611500796,30.40450037003875,26.53784425965125,30.86231298321999,32.790780241503604,2.38,3.0,0.97,1.01
LCII,1998-04-08,4.285913467407227,4.36244763646807,4.285913467407227,4.285913467407227,30600,29.449673464272657,28.476904360255322,26.605883927852187,29.631242660725267,32.37760306436208,2.38,4.0,1.7,0.96
LCII,1998-04-09,4.2476463828768045,4.285913467407227,4.2476463828768045,4.285913467407227,9600,29.384572937327086,27.341006254129063,26.60050734147995,29.612020399447893,32.37760306436208,2.37,4.0,1.99,0.97
LCII,1998-04-13,4.247644933349883,4.305045540557314,4.247644933349883,4.266778469085693,12800,29.240684499075904,27.11336042353778,26.334268668017337,29.54076049259774,32.30685930605421,2.37,2.0,1.87,1.11
LCII,1998-04-14,4.228512840611594,4.285913467407227,4.171112213815961,4.285913467407227,15200,29.0149230793486,26.753371681819342,26.338705417603308,29.526938796051017,32.30895688017217,2.37,3.0,1.75,1.1
LCII,1998-04-15,4.285913467407227,4.285913467407227,4.2476463828768045,4.285913467407227,9800,29.0149230793486,26.32965833780935,26.110096253805054,29.526938796051017,31.816147793483413,2.36,2.0,1.62,1.2
LCII,1998-04-16,4.305047009672437,4.324180551937648,4.266779925142016,4.285913467407227,22200,28.954908713379346,26.22670700631362,26.072659312679907,29.526938796051017,31.799331371398026,2.36,2.0,1.44,1.23
LCII,1998-04-17,4.285911972458298,4.285911972458298,4.209377830092971,4.247644901275635,2400,29.1418071830637,26.30690488032309,26.084751714894,29.546003466425407,31.618219128446494,2.35,3.0,1.18,1.24
LCII,1998-04-20,4.209379298346383,4.285913467407227,4.209379298346383,4.285913467407227,16800,28.973495741419086,26.350561876038853,26.050553655708626,29.560518779285296,31.451624289992402,2.34,2.0,0.99,1.25
LCII,1998-04-21,4.324179357495801,4.47724765333636,4.324179357495801,4.438980579376221,36800,30.318789301044642,26.846660201625305,26.507512803416123,29.84603612951975,31.546617610898103,2.32,9.0,1.27,1.1
LCII,1998-04-22,4.419845654729098,4.55378037153907,4.400712123756245,4.458112716674805,15000,30.021242861583353,26.844202851962468,26.49002356648666,29.346421866542798,31.54798666732323,2.29,9.0,1.39,1.11
LCII,1998-04-23,4.458113087778505,4.458113087778505,4.400712490081787,4.400712490081787,9800,29.515771235026488,26.903885069904316,26.424774224381526,29.389386336388718,31.55395662654683,2.26,9.0,1.19,1.17
LCII,1998-04-24,4.400712490081787,4.400712490081787,4.400712490081787,4.400712490081787,0,29.515771235026488,26.6748225429775,26.3898488998353,29.299885623861403,31.47788438711516,2.23,9.0,0.98,1.2
LCII,1998-04-27,4.36244763646807,4.36244763646807,4.209379298346383,4.285913467407227,9400,30.54073604516575,26.92892853211568,26.75154895456139,29.4727179717477,31.580657541541267,2.2,16.0,0.73,1.08
LCII,1998-04-28,4.2476463828768045,4.305047009672437,4.2476463828768045,4.285913467407227,2000,30.322519315105147,26.66991146740677,26.696077722544487,29.420486020759935,31.556997042019507,2.18,16.0,0.51,1.1
LCII,1998-04-29,4.305045161627035,4.362445763782063,4.305045161627035,4.324178695678711,2600,30.307050978006462,25.83759500193368,26.560104584057363,29.4329543124355,31.542336772154762,2.15,14.0,0.31,1.18
LCII,1998-04-30,4.362446956145458,4.477248191833496,4.362446956145458,4.477248191833496,13600,31.6463653762463,26.627303878480003,27.09783316153019,29.71175652073366,31.72215570518403,2.11,23.0,0.26,0.98
LCII,1998-05-01,4.438981113270817,4.515515270396175,4.438981113270817,4.477248191833496,14600,31.55587468653583,26.630294842294422,27.065098410259314,29.70776205372654,31.72215570518403,2.07,23.0,0.19,1.01
LCII,1998-05-04,4.458112932149336,4.572914123535156,4.458112932149336,4.572914123535156,9000,31.060151738726333,26.88429270596223,27.130465965973045,29.781279549281102,31.78468071921559,2.02,26.0,0.26,0.95
LCII,1998-05-05,4.592047655432793,4.592047655432793,4.572914123535156,4.572914123535156,75000,30.943434126714216,26.889497790187068,27.112090509161508,29.75519838128801,31.768512487475753,1.97,26.0,0.24,0.95
LCII,1998-05-06,4.611182659864426,4.611182659864426,4.572915583848953,4.5920491218566895,19200,30.577216344631896,26.887474287513385,27.083728768149346,29.749901600359934,31.698199751718587,1.95,24.0,0.21,0.97
LCII,1998-05-07,4.5920491218566895,4.5920491218566895,4.553782045841217,4.5920491218566895,10800,30.238985024724695,26.665445584727127,27.024480524080808,29.561769310925563,31.629265830822135,1.96,23.0,0.13,1.0
LCII,1998-05-08,4.592047655432793,4.592047655432793,4.572914123535156,4.572914123535156,10200,29.3068760200615,26.586431056994225,26.97809313093689,29.44261529285856,31.527547333641582,1.97,23.0,0.01,1.02
LCII,1998-05-11,4.611182659864426,4.611182659864426,4.572915583848953,4.5920491218566895,8200,28.457244839645746,26.58359054657189,26.916184713942908,29.42767743212218,31.526215261909986,1.98,22.0,-0.09,1.04
LCII,1998-05-12,4.572915583848953,4.611182659864426,4.572915583848953,4.5920491218566895,14400,26.27732455138574,26.186367500400344,26.8505359107513,29.230406181557722,31.327016065332398,1.98,20.0,-0.2,1.06
LCII,1998-05-13,4.55378059163752,4.572914123535156,4.515513527842247,4.572914123535156,11400,22.12105132398526,26.222250570637488,26.7988229698577,28.947773829676677,31.289168830556324,1.99,19.0,-0.31,1.09
LCII,1998-05-14,4.5729156427146975,4.630316257476807,4.5729156427146975,4.630316257476807,8000,20.540871411451285,25.491517226765847,26.819366016890445,28.951782869336746,31.296665372291553,2.0,20.0,-0.39,1.07
LCII,1998-05-15,4.630316257476807,4.630316257476807,4.592049180968734,4.630316257476807,9800,19.334264957308562,25.45250458871634,26.750536608184806,28.867224980786204,31.222581746279275,2.0,18.0,-0.47,1.11
LCII,1998-05-18,4.630314719228066,4.630314719228066,4.55378059163752,4.572914123535156,35000,19.821051558787538,25.252903889362432,26.848678398035947,28.719472329806468,31.24827102037556,2.01,23.0,-0.58,1.06
LCII,1998-05-19,4.572914123535156,4.572914123535156,4.572914123535156,4.572914123535156,400,19.821051558787538,25.21403680417183,26.818402775835565,28.719472329806468,31.204388838188773,2.01,21.0,-0.68,1.09
LCII,1998-05-20,4.553782045841217,4.5920491218566895,4.553782045841217,4.5920491218566895,14600,19.56916681855931,25.089585776598934,26.7511077232786,28.64245811053921,31.184710542672526,2.02,19.0,-0.77,1.11
LCII,1998-05-21,4.630316197872162,4.630316197872162,4.553782045841217,4.5920491218566895,10200,19.31501567018926,24.691682863021025,26.7511077232786,28.618386361983212,30.91589943748877,2.03,19.5,-0.85,1.11
LCII,1998-05-22,4.553782045841217,4.5920491218566895,4.553782045841217,4.5920491218566895,17800,19.31501567018926,24.653246093342744,26.721125401047992,28.524264960837552,30.749766614487918,2.04,18.0,-0.93,1.14
LCII,1998-05-26,4.630316197872162,4.630316197872162,4.5920491218566895,4.5920491218566895,9000,19.221954834049768,24.53312356162173,26.03004400985008,28.505434035226436,30.749766614487918,2.05,2.0,-1.01,1.35
LCII,1998-05-27,4.553780555725098,4.630314682712074,4.515513492231609,4.553780555725098,33000,19.463238367998628,24.50623450385388,26.015660652819108,28.500161178614974,30.748772305011208,2.06,2.0,-1.09,1.35
LCII,1998-05-28,4.515515270396175,4.515515270396175,4.477248191833496,4.477248191833496,2600,20.221306859011566,24.82383643700577,26.11896146182341,28.23929090384207,30.78523555295007,2.07,8.0,-1.15,1.31
LCII,1998-05-29,4.4772477756112306,4.515514850616455,4.4772477756112306,4.515514850616455,4000,20.318270074400804,24.809573706248727,26.07786484900564,28.23225796880644,30.78031485416638,2.08,6.0,-1.21,1.32
LCII,1998-06-01,4.515514850616455,4.515514850616455,4.515514850616455,4.515514850616455,4000,20.07230348839807,24.809573706248727,26.073660167239492,28.139922805211175,30.638367543474367,2.08,6.0,-1.27,1.32
LCII,1998-06-02,4.553782045841217,4.5920491218566895,4.553782045841217,4.5920491218566895,1200,20.43278905975681,24.86169011972245,26.18359652556665,28.179286328630266,30.681037018273944,2.09,11.0,-1.31,1.24
LCII,1998-06-03,4.5537821044606615,4.630316257476807,4.515515027952588,4.630316257476807,32400,18.030801925935844,24.838282848349387,26.18121758697655,28.18571667688691,30.671804922835218,2.09,11.0,-1.35,1.24
LCII,1998-06-04,4.592049000626903,4.592049000626903,4.515514850616455,4.515514850616455,10600,19.569326041613714,25.362565352984312,26.496593864760932,28.30601006038001,30.77757422016533,2.09,19.0,-1.39,1.13
LCII,1998-06-05,4.5729140511041955,4.5729140511041955,4.534646987915039,4.534646987915039,22600,19.177833015775867,24.74933326182666,25.13528382153764,28.212422505146478,30.68584068356759,2.1,1.0,-1.44,0.79
LCII,1998-06-08,4.496381190316431,4.496381190316431,4.438980579376221,4.438980579376221,29400,20.240629440419266,25.210851868774792,24.629570959614995,28.312686478638575,30.561923588969997,2.1,1.0,-1.46,0.85
LCII,1998-06-09,4.438979185701951,4.458112716674805,4.400712123756245,4.458112716674805,12200,18.60911379276088,25.10140493343177,24.458433411846144,28.232374528365682,30.530231862136198,2.11,1.0,-1.49,0.96
LCII,1998-06-10,4.458112861536725,4.534646987915039,4.458112861536725,4.534646987915039,1600,19.150791562710058,25.163156174603053,24.346897265285996,28.219452766189253,30.541705656251622,2.12,1.0,-1.51,0.95
LCII,1998-06-11,4.515515270396175,4.515515270396175,4.477248191833496,4.477248191833496,3400,19.48593221884259,25.3079389908837,24.17146872547932,28.172959317204576,29.843118931950976,2.13,1.0,-1.53,1.08
LCII,1998-06-12,4.458114116356291,4.458114116356291,4.438980579376221,4.438980579376221,18000,16.859510679704343,25.39968443579097,24.157947101497776,28.007002162892764,29.679032901881396,2.14,1.0,-1.54,1.09
LCII,1998-06-15,4.400713505416081,4.458114116356291,4.400713505416081,4.438980579376221,21200,16.859510679704343,25.36320445740389,24.15201196444849,27.98764014821694,29.516841028031145,2.14,1.0,-1.55,1.1
LCII,1998-06-16,4.438981113270817,4.515515270396175,4.438981113270817,4.477248191833496,10000,15.834235467733832,24.986042105177965,24.178801300850694,27.82861670104124,29.50561037748419,2.15,4.0,-1.56,1.07
LCII,1998-06-17,4.515513456320461,4.534646987915039,4.515513456320461,4.534646987915039,2400,16.306873050910177,25.022201769021734,24.0045989374584,27.684334263503636,29.250188610393607,2.16,1.0,-1.56,1.1
LCII,1998-06-18,4.572913007533297,4.572913007533297,4.4963788986206055,4.4963788986206055,2000,16.41830459552217,24.989627094959395,24.057494950103408,27.681666426748315,29.249482535959636,2.17,2.0,-1.56,1.08
LCII,1998-06-19,4.477246247647658,4.477246247647658,4.458112716674805,4.458112716674805,2600,16.572700161810427,24.95607022650436,24.01591452414037,27.61257547587847,29.200357374591256,2.18,2.0,-1.55,1.14
LCII,1998-06-22,4.438980579376221,4.438980579376221,4.438980579376221,4.438980579376221,10000,16.574831092531973,24.519989481709526,23.891858418844112,27.6181868326788,29.142577569120952,2.18,1.0,-1.54,1.19
LCII,1998-06-23,4.438980700606006,4.515514850616455,4.438980700606006,4.515514850616455,13000,17.330438144247328,24.017068486496157,23.763363003233444,27.503028029052164,29.151151994343767,2.19,1.0,-1.53,1.19
LCII,1998-06-24,4.477248191833496,4.477248191833496,4.477248191833496,4.477248191833496,400,17.48140695297572,23.09876012956615,23.635914807926138,27.503582602183858,29.161996988222246,2.19,1.0,-1.52,1.31
LCII,1998-06-25,4.515515270396175,4.515515270396175,4.477248191833496,4.477248191833496,4400,17.454121651825037,20.35854917296763,23.073143674058635,27.503582602183858,29.05317614724885,2.2,1.0,-1.51,1.43
LCII,1998-06-26,4.477248191833496,4.477248191833496,4.477248191833496,4.477248191833496,0,17.004279074283158,19.27233092397388,23.035720906644354,27.503582602183858,28.97879786733061,2.21,1.0,-1.49,1.48
LCII,1998-06-29,4.515514850616455,4.515514850616455,4.515514850616455,4.515514850616455,2200,17.2304102576834,18.53035478825315,23.054656684001472,27.173192812487716,28.974043574196507,2.22,2.0,-1.47,1.46
LCII,1998-06-30,4.572914123535156,4.572914123535156,4.572914123535156,4.572914123535156,9000,17.293211415781613,18.60435132543403,23.116582924148535,27.185821598030252,28.852357689785542,2.23,4.0,-1.45,1.39
LCII,1998-07-01,4.5920491218566895,4.5920491218566895,4.5920491218566895,4.5920491218566895,200,17.335507437143523,18.60933798769153,23.11395206096219,26.998379301423693,28.854494458703073,2.23,4.0,-1.43,1.39
LCII,1998-07-02,4.553781925621679,4.553781925621679,4.515514850616455,4.515514850616455,1400,17.966176293418403,18.812337603906748,23.29843450917231,27.05616368100065,28.888387957248966,2.23,6.0,-1.4,1.33
LCII,1998-07-06,4.477248191833496,4.515515270396175,4.477248191833496,4.477248191833496,3600,18.111846769177202,18.733511519439713,23.16981632765802,27.07639986575055,28.883648670317314,2.23,6.0,-1.35,1.46
LCII,1998-07-07,4.47724765333636,4.47724765333636,4.438980579376221,4.438980579376221,7800,18.24744807432971,18.83010576932578,23.12536802098612,26.896423749934183,28.89287481560798,2.22,6.0,-1.31,1.55
LCII,1998-07-08,4.438980579376221,4.438980579376221,4.438980579376221,4.438980579376221,800,18.24744807432971,18.801060883179098,23.12536802098612,26.510977110851236,28.87319193131036,2.21,6.5,-1.26,1.55
LCII,1998-07-09,4.438980579376221,4.438980579376221,4.438980579376221,4.438980579376221,1200,18.119724738424026,18.78463491733934,22.884728638302736,26.271720230150823,28.857754156291243,2.21,1.0,-1.19,1.65
LCII,1998-07-10,4.438980579376221,4.47724765333636,4.438980579376221,4.438980579376221,6600,17.465286380024594,18.78463491733934,22.87863355912198,26.17603463591052,28.475538801420992,2.21,1.0,-1.13,1.67
LCII,1998-07-13,4.477248191833496,4.477248191833496,4.477248191833496,4.477248191833496,200,17.468505688653085,18.85545895181739,22.307179905794452,26.141645866978713,28.4797724279207,2.2,1.0,-1.08,1.93
LCII,1998-07-14,4.438980579376221,4.438980579376221,4.438980579376221,4.438980579376221,3200,17.63277718560223,18.847162131665677,22.31839729469255,25.99755548509285,28.42416512576804,2.2,2.0,-1.03,1.97
LCII,1998-07-15,4.438980579376221,4.438980579376221,4.438980579376221,4.438980579376221,400,16.848906612388273,18.769256651337024,22.08864354402788,25.989078698370953,28.418132787806982,2.2,1.0,-0.96,2.08
LCII,1998-07-16,4.400713186006288,4.400713186006288,4.1711107589103085,4.247644901275635,40800,20.69706696498113,19.547407015142255,23.206060884862328,25.820499152934033,28.730180795172483,2.18,14.0,-0.89,2.16
LCII,1998-07-17,4.209377861878263,4.266778469085693,4.171110790406642,4.266778469085693,28600,19.687712468417413,19.549577462031117,23.153373874457085,25.74984061030018,28.688394712049025,2.16,13.0,-0.81,2.18
LCII,1998-07-20,4.228511365684303,4.285911972458298,4.228511365684303,4.247644901275635,12600,19.61439558862412,19.399831793633297,22.865441405309557,25.757516865541184,28.653999873982432,2.14,4.0,-0.74,2.42
LCII,1998-07-21,4.209378719329834,4.209378719329834,4.132844560796564,4.209378719329834,7600,18.882421997072317,19.476574882201113,22.900861744873033,24.943803894514836,28.052000323154903,2.12,7.0,-0.68,2.4
LCII,1998-07-22,4.171111667857451,4.228512287139893,4.171111667857451,4.228512287139893,9000,18.88909176450382,18.75234014308633,22.85167329958901,24.941577558145603,27.057339898115924,2.1,4.0,-0.6,2.42
LCII,1998-07-23,4.190243579066077,4.190243579066077,4.113709449768066,4.113709449768066,4200,19.44383305998674,19.568911233407142,23.229234904705052,25.15879812057773,27.18206807514542,2.07,19.0,-0.55,2.24
LCII,1998-07-24,4.113709449768066,4.113709449768066,4.037175320470056,4.113709449768066,67600,19.25307935307824,19.467732427328105,23.229234904705052,25.06988324291633,27.12203734044375,2.04,19.5,-0.49,2.24
LCII,1998-07-27,4.113711021163247,4.209378719329834,4.0563104022632945,4.209378719329834,13400,20.56229755469985,18.68006791657726,23.458145026344376,24.203079146560118,27.206697215977886,2.01,22.0,-0.4,2.07
LCII,1998-07-28,4.171110118039742,4.171110118039742,4.132843052736625,4.151976585388184,3200,20.842743853632168,18.858873254557178,23.56822518019233,24.236712353696095,27.240960737917437,1.98,23.0,-0.33,2.0
LCII,1998-07-29,4.1328435600350755,4.1711106300354,4.1328435600350755,4.1711106300354,2200,20.694558036359552,18.316576980916686,23.52029171234447,24.020343002996082,27.245054123419486,1.94,23.0,-0.24,2.02
LCII,1998-07-30,4.209379298346383,4.285913467407227,4.171112213815961,4.285913467407227,16800,21.98944254628351,19.235758465618527,23.876687901590778,24.214673017375183,27.381082579600374,1.91,27.0,-0.11,1.79
LCII,1998-07-31,4.285913467407227,4.285913467407227,4.2476463828768045,4.285913467407227,14000,21.905616189806175,19.20603838375509,23.814521188758185,23.93750580393367,27.377430836181894,1.88,27.0,0.04,1.82
LCII,1998-08-03,4.285912630850809,4.3624467849731445,4.247645553789641,4.3624467849731445,36400,22.494973900006297,19.589990441098145,23.53448553848691,24.020057301549688,27.430968212824915,1.84,24.0,0.19,1.95
LCII,1998-08-04,4.324179043640962,4.362446114823625,4.209377830092971,4.247644901275635,20600,23.70564618590098,20.282925759902174,23.938270286727256,24.23577667630582,27.177494468414665,1.8,31.0,0.32,1.77
LCII,1998-08-05,4.209378118868227,4.209378118868227,4.132843971252441,4.132843971252441,13000,24.180716905704138,20.944915552569036,24.295710031979894,24.28316678115271,27.316722564593004,1.77,39.0,0.42,1.62
LCII,1998-08-06,4.1711106626954795,4.285911873595356,4.1711106626954795,4.190244197845459,137400,24.59565820202945,21.183700670984404,24.330886266846555,24.334091271210134,27.285021230827038,1.74,40.0,0.57,1.58
LCII,1998-08-07,4.209377700035725,4.209377700035725,4.1711106300354,4.1711106300354,5800,24.595718666905793,21.18600208551301,24.301600226255232,24.21383406606127,27.289139714984827,1.71,40.0,0.7,1.61
LCII,1998-08-10,4.132843845295456,4.132843845295456,4.056309700012207,4.056309700012207,30000,25.66954681535386,21.656861885933004,24.718422545073423,24.420826007499617,27.394736003878872,1.68,45.0,0.77,1.44
LCII,1998-08-11,4.018041296647145,4.018041296647145,3.979774236679077,3.979774236679077,12000,25.810821782342934,21.924184085646154,24.895577950485947,24.501542664852828,27.45731295820868,1.66,46.0,0.79,1.35
LCII,1998-08-12,3.979775363959155,3.979775363959155,3.9415082931518555,3.9415082931518555,10400,25.351439181968228,21.877180593037842,24.742321782086936,24.49866978923676,27.47430627650722,1.63,46.0,0.8,1.43
LCII,1998-08-13,3.903241222344556,3.9415082931518555,3.903241222344556,3.9415082931518555,1600,25.249464259486874,21.877180593037842,24.72813278856987,24.434328737646517,27.47001799041973,1.62,46.0,0.81,1.43
LCII,1998-08-14,3.903241510391235,3.903241510391235,3.826707363128662,3.826707363128662,27200,26.02222595610137,22.521942156229443,25.12660329647479,24.679243822749058,27.611714350254594,1.61,49.0,0.78,1.3
LCII,1998-08-17,3.7693064212799072,3.7884399564133076,3.7501728861465065,3.7693064212799072,6600,26.158248592294637,22.647484351465497,25.190395042206763,24.629417777030113,27.635805067752134,1.59,51.0,0.76,1.27
LCII,1998-08-18,3.7501732688589193,3.7884403430309495,3.7119061946868896,3.7119061946868896,9400,26.29523718214102,22.770272822613805,25.09397582150022,24.66593446748692,27.673531718076255,1.59,49.0,0.67,1.31
LCII,1998-08-19,3.7119060814982716,3.8075737640111136,3.7119060814982716,3.788440227508545,6800,27.341840253956423,23.284370220582584,24.824073936172454,24.78709486985233,27.5958799889492,1.59,48.0,0.67,1.38
LCII,1998-08-20,3.7501732158660888,3.826707363128662,3.7501732158660888,3.826707363128662,5000,27.663832173183287,23.415553242587496,24.377837465731115,24.789462179123117,27.512132988196324,1.58,43.0,0.39,1.52
LCII,1998-08-21,3.7884402275085454,3.7884402275085454,3.7884402275085454,3.788440227508545,1800,27.661001370185733,23.281046337209123,22.76210359400011,24.706504324849824,27.51262769650498,1.57,4.0,0.46,0.66
LCII,1998-08-24,3.826707017187979,3.9032411575317383,3.826707017187979,3.9032411575317383,6800,29.229871550449143,24.119077227952662,22.61609322569307,24.96143123561074,27.537030168277653,1.57,4.0,0.43,0.62
LCII,1998-08-25,3.903240116742941,3.979774236679077,3.884106586758907,3.979774236679077,21400,30.012202205916644,24.527420729192613,22.37712955887962,25.041456590550155,27.398466531365855,1.58,4.0,0.35,0.64
LCII,1998-08-26,3.979774002981658,3.979774002981658,3.8649728298187256,3.8649728298187256,5800,30.889858994971277,24.82592076597597,22.787399685207298,25.22197088808724,27.537576185604546,1.58,7.0,0.24,0.53
LCII,1998-08-27,3.826707363128662,3.826707363128662,3.7884402894973754,3.826707363128662,2800,28.602219089395923,24.756772340665353,22.833621706701894,25.242647968048487,27.48484801621698,1.58,8.0,0.14,0.5
LCII,1998-08-28,3.8649733261186245,3.8649733261186245,3.750172138214111,3.7501721382141113,5200,28.89812116732652,24.591114712266453,22.917910567620588,25.326556060471013,27.40490193990603,1.58,14.0,0.07,0.45
LCII,1998-08-31,3.71190679951718,3.71190679951718,3.6353726387023926,3.6353726387023926,29600,29.923352838911217,25.199563964201634,23.28040506549926,25.563659982523085,27.577168258582702,1.58,27.0,0.11,0.39
LCII,1998-09-01,3.597104206600705,3.597104206600705,3.482303008517704,3.539703607559204,16400,30.550061922756534,25.38254774735008,23.614928662461175,25.728147890351682,27.63430533463685,1.57,33.0,0.26,0.28
LCII,1998-09-02,3.5779716074466705,3.6736392974853516,3.5779716074466705,3.6736392974853516,20800,32.879018934133136,26.68736632696523,24.410614477856058,26.08518665115018,27.876907919503918,1.56,52.0,0.14,0.29
LCII,1998-09-03,3.6353713119585893,3.6927719116210938,3.6353713119585893,3.6927719116210938,72400,32.26610593868228,26.412765297648306,24.415364477084196,26.06672166205103,27.820918117099776,1.56,53.0,-0.0,0.29
LCII,1998-09-04,3.6545057594776154,3.6736392974853516,3.6545057594776154,3.6736392974853516,25400,32.25088792476165,26.34427878457874,24.421222150152104,26.046509248769222,27.807644070938025,1.55,54.0,-0.13,0.28
LCII,1998-09-08,3.635372341947353,3.673639419231009,3.5971052646636963,3.5971052646636963,15200,31.59464458772165,26.574103458677083,24.615313409635732,26.134896114884754,27.86963219968866,1.54,56.0,-0.21,0.21
LCII,1998-09-09,3.635372221469879,3.6736392974853516,3.635372221469879,3.6736392974853516,14400,32.38093479840304,27.038910930908223,24.851499133694173,26.229726887736003,27.694366134471178,1.54,62.0,-0.33,0.13
LCII,1998-09-10,3.6736392974853516,3.6736392974853516,3.635372221469879,3.6736392974853516,21000,32.30118341327595,26.936784926120303,24.79649124335735,26.229726887736003,27.680588232443476,1.53,61.0,-0.45,0.16
LCII,1998-09-11,3.6927719116210938,3.6927719116210938,3.6353713119585893,3.6927719116210938,18000,31.049973301161227,26.788927482463215,24.117107743736806,26.208956684413476,27.625702387488598,1.52,43.0,-0.58,0.18
LCII,1998-09-14,3.673639620267428,3.7310402393341064,3.673639620267428,3.7310402393341064,5800,31.335692996326404,26.913937468731536,24.174851736861793,26.21075687523595,27.63108704484513,1.51,47.0,-0.69,0.15
LCII,1998-09-15,3.826705772097748,3.9032398875397027,3.826705772097748,3.8649728298187256,13800,32.80247687757115,28.01138453697799,24.81105048522591,26.541386849366617,27.855132121997904,1.5,64.0,-0.79,0.16
LCII,1998-09-16,3.826705772097748,3.9032398875397027,3.826705772097748,3.8649728298187256,11600,32.106807042747,28.012652075565303,24.81105048522591,26.514786679957215,27.81766329802281,1.49,64.5,-0.88,0.16
LCII,1998-09-17,3.826707363128662,3.8649744367599483,3.826707363128662,3.826707363128662,29400,31.350886182772044,27.759748021058893,24.522306829593674,26.120941826558475,27.77058077753567,1.47,58.0,-0.96,0.24
LCII,1998-09-18,3.8267073005136822,3.8267073005136822,3.7884402275085454,3.788440227508545,2400,31.029757687874476,27.775164423851294,24.562351701530186,26.122485697168624,27.77090513234009,1.46,59.0,-1.04,0.22
LCII,1998-09-21,3.7693064212799072,3.7693064212799072,3.7693064212799072,3.7693064212799072,3800,31.03173631868187,27.772869350760075,24.515806694693325,26.103622979373004,27.708684567500434,1.44,58.0,-1.12,0.24
LCII,1998-09-22,3.807572732166368,3.8267062634837865,3.750172138214111,3.7501721382141113,24400,30.156555598146745,27.770001448033305,23.826226907859663,26.08423320439671,27.64796738220936,1.42,37.0,-1.19,0.28
LCII,1998-09-23,3.711906373500824,3.711906373500824,3.6736392974853516,3.6736392974853516,5000,30.234251341270017,27.897753240647873,24.011299551954497,26.189502123402068,27.662560295737816,1.4,42.0,-1.25,0.2
LCII,1998-09-24,3.7119060814982716,3.7884402275085454,3.7119060814982716,3.788440227508545,3600,31.659012932413333,28.583351253801194,24.294310652718433,26.445547535891496,27.69609648982771,1.37,51.0,-1.3,0.22
LCII,1998-09-25,3.7884402275085454,3.7884402275085454,3.7884402275085454,3.788440227508545,0,31.659012932413333,28.550516267763836,24.294310652718433,26.439110382916276,27.679817632302882,1.34,51.5,-1.35,0.22
LCII,1998-09-28,3.750172138214111,3.788439200848949,3.750172138214111,3.7501721382141113,800,30.63803230925282,28.447501649237367,24.30984181716648,26.43900000113377,27.562240695445457,1.32,55.0,-1.39,0.21
LCII,1998-09-29,3.7119054448419284,3.7119054448419284,3.673638378400259,3.6927719116210938,9200,30.650884685746167,28.53885496989405,24.400275943685614,25.80985363900386,27.47827849611483,1.29,59.0,-1.43,0.17
LCII,1998-09-30,3.6927715442618543,3.750172138214111,3.6927715442618543,3.7501721382141113,3000,30.66923396476008,28.76899030137457,24.55733102676539,25.416682302988146,27.51129383317263,1.26,66.0,-1.47,0.1
LCII,1998-10-01,3.7884399564133076,3.7884399564133076,3.7119058158797054,3.7693064212799072,7600,30.11459438579354,28.809103229624167,24.563590936485983,25.31379680258264,27.458055258721757,1.23,68.0,-1.5,0.1
LCII,1998-10-02,3.73103991150856,3.73103991150856,3.6736392974853516,3.6736392974853516,5600,30.83487853439327,29.184536065838902,24.84835974418751,25.38773614189224,27.57472222282239,1.21,78.0,-1.53,0.02
LCII,1998-10-05,3.6736397191097865,3.6736397191097865,3.6353726387023926,3.6353726387023926,101200,30.845423499860637,29.215082104383644,24.88097404769494,25.24234175386349,27.450258119837613,1.18,80.0,-1.54,0.0
LCII,1998-10-06,3.635372341947353,3.635372341947353,3.5971052646636963,3.5971052646636963,6200,29.484445915896607,29.14525294155853,24.80168964852206,25.246582703831432,27.45133159757544,1.15,75.0,-1.56,0.04
LCII,1998-10-07,3.597104901852815,3.597104901852815,3.520570755004883,3.520570755004883,23600,29.1983640316101,29.358269034477193,24.980289277987342,25.36118370058109,27.529994182735518,1.13,83.0,-1.55,-0.02
LCII,1998-10-08,3.4823036056825485,3.4823036056825485,3.329235315322876,3.329235315322876,28400,32.07007939789147,31.218848712623444,26.324978570072368,26.191687433785592,28.075807759111836,1.12,95.0,-1.45,0.48
LCII,1998-10-09,3.329234698239495,3.329234698239495,3.214433501748478,3.2527005672454834,10800,32.478809212617534,30.381167281581433,26.51182444989194,26.229977785031178,27.940284736165516,1.11,97.0,-1.31,0.39
LCII,1998-10-12,3.214434566268002,3.214434566268002,3.176167488098145,3.1761674880981445,4000,32.63794849225265,30.578459407891305,26.679786605768058,26.369366053607994,28.021373423165496,1.11,98.0,-1.14,0.32
LCII,1998-10-13,3.0996333317584304,3.214434566268002,3.0996333317584304,3.1761674880981445,12000,31.75472888303668,30.594997311854577,26.679786605768058,26.301547689262232,27.873474834029317,1.11,98.5,-1.02,0.32
LCII,1998-10-14,3.176167488098145,3.176167488098145,3.176167488098145,3.1761674880981445,7200,31.070289367250588,30.59808731808153,26.679786605768058,26.25075118692744,27.855018046686276,1.11,99.0,-0.95,0.32
LCII,1998-10-15,3.176167488098145,3.176167488098145,3.176167488098145,3.1761674880981445,4200,28.604012963989224,30.55374475263627,26.679786605768058,26.151724308137652,27.855018046686276,1.12,98.5,-0.91,0.32
LCII,1998-10-16,3.176167488098145,3.214434566268002,3.176167488098145,3.1761674880981445,17000,28.484871677577555,30.196803280761557,26.675477787735584,26.030935127929638,27.73030545454407,1.13,96.0,-0.89,0.33
LCII,1998-10-19,3.1761675448644726,3.2144346237182617,3.1761675448644726,3.2144346237182617,2400,28.907495906587222,30.36908258888651,26.70228522168475,25.83918692213432,27.514615330217314,1.14,100.0,-0.9,0.32
LCII,1998-10-20,3.2527011701430397,3.329235315322876,3.2527011701430397,3.329235315322876,9600,30.633821800644856,30.92647801506067,27.327950264539357,26.15395224720657,27.599738131568653,1.17,100.0,-0.94,0.28
LCII,1998-10-21,3.329235975132432,3.329235975132432,3.290968894958496,3.290968894958496,8800,29.89692300141972,30.900232084834883,27.356737038721363,26.17659914590539,27.546645581231793,1.2,100.0,-0.97,0.27
LCII,1998-10-22,3.25270181478456,3.367503055306368,3.214434734610624,3.290968894958496,32000,29.89692300141972,30.860736230742212,27.173922391361426,26.17659914590539,27.504595249490905,1.22,98.0,-1.0,0.34
LCII,1998-10-23,3.3292354684968233,3.424903154373169,3.2909683941462853,3.424903154373169,21800,32.37875042966327,31.512677089629832,27.969250933543595,26.606401775201903,27.70241706938358,1.26,100.0,-1.03,0.33
LCII,1998-10-26,3.4631693716887586,3.520569969009567,3.4440358392484893,3.4823029041290283,11800,32.64643568611094,31.779834253331018,27.91467411368843,26.675918509833735,27.75177115491147,1.29,99.0,-1.06,0.34
LCII,1998-10-27,3.482303555806478,3.5205706278483073,3.4249029477437336,3.4440364837646484,46200,30.717927452920975,31.507225549658834,27.92492798004323,26.5939937499811,27.313871334285338,1.34,99.0,-1.08,0.34
LCII,1998-10-28,3.4440364837646484,3.4440364837646484,3.4440364837646484,3.4440364837646484,4600,30.717927452920975,31.15762344467921,27.76867426159623,26.531452276578595,27.270146682395403,1.38,97.0,-1.1,0.4
LCII,1998-10-29,3.4057687743679503,3.5014364365692976,3.4057687743679503,3.4823029041290283,23000,30.957201878752205,30.892983326552052,27.831576629350174,26.568035037786153,27.293395743367,1.42,97.0,-1.11,0.37
LCII,1998-10-30,3.520570755004883,3.520570755004883,3.4823036815809165,3.520570755004883,11000,31.147039913977114,30.832581208703836,27.7396174225764,26.507503560697838,26.773752798166907,1.46,95.0,-1.11,0.41
LCII,1998-11-02,3.520571110096384,3.5971052646636963,3.520571110096384,3.5971052646636963,25800,31.895832960276426,31.23284843595309,27.950732895010074,26.62773430048046,26.853886550515817,1.51,99.0,-1.1,0.34
LCII,1998-11-03,3.6353726387023926,3.6736397191097865,3.6353726387023926,3.6353726387023926,62800,32.068026694447724,30.887933180578493,28.004652069681455,26.345967922695067,26.86797859376729,1.55,100.0,-1.09,0.31
LCII,1998-11-04,3.6736387365004597,3.9032411575317383,3.6736387365004597,3.9032411575317383,48400,37.71996456012885,34.09889020414357,30.31278120533556,27.652711623040364,27.732885670553674,1.65,100.0,-1.05,1.53
LCII,1998-11-05,3.941507781424173,3.941507781424173,3.9032407155851034,3.9223742485046387,18400,36.73882784647406,34.05906803725504,30.287826522449556,27.568098849555156,27.080635381415984,1.75,99.0,-1.01,1.55
LCII,1998-11-06,3.8841076224457987,3.9223746926176783,3.8841076224457987,3.9032411575317383,3400,36.77953452139396,34.073310561539586,30.208673716184535,27.56827191721326,27.066100033298525,1.83,98.0,-0.97,1.61
LCII,1998-11-09,3.9415082277036184,3.9415082277036184,3.9032411575317383,3.9032411575317383,2400,36.62953487875938,33.518069102667,30.18881201717538,27.544460744069205,26.930537842092967,1.91,97.0,-0.93,1.61
LCII,1998-11-10,3.8649728298187256,3.8649728298187256,3.8649728298187256,3.8649728298187256,200,36.44315246593981,33.4317618000977,30.19737488970153,27.41847215291956,26.945244007942055,1.99,97.0,-0.89,1.61
LCII,1998-11-11,3.8267073005136822,3.8267073005136822,3.7884402275085454,3.788440227508545,17000,36.71386189674185,33.538942178268485,30.337911707703164,27.513136491374883,26.83609146748431,2.06,100.0,-0.84,1.55
LCII,1998-11-12,3.7501732158660888,3.826707363128662,3.7501732158660888,3.826707363128662,4600,36.79770757881836,33.340803399537116,30.24798799737871,27.517796199478756,26.854445784656843,2.13,97.0,-0.79,1.6
LCII,1998-11-13,3.7884402894973754,3.826707363128662,3.7884402894973754,3.826707363128662,7200,35.95100919976823,33.27712080364707,30.229055245183638,27.49448824243913,26.84969589551851,2.19,96.0,-0.73,1.61
LCII,1998-11-16,3.826707363128662,3.826707363128662,3.826707363128662,3.826707363128662,0,35.77923067860865,33.2111510849208,30.229055245183638,27.49448824243913,26.727978155732252,2.24,95.5,-0.68,1.61
LCII,1998-11-17,3.7884402894973754,3.826707363128662,3.7884402894973754,3.826707363128662,3200,35.594291798632895,32.62987451968608,30.229055245183638,27.469526964213493,26.727978155732252,2.29,95.0,-0.62,1.61
LCII,1998-11-18,3.7884402275085454,3.8267073005136822,3.7884402275085454,3.788440227508545,21200,35.08636441331189,32.42636989119326,30.215095546437194,27.49427144738502,26.668418846794957,2.33,93.0,-0.56,1.63
LCII,1998-11-19,3.8075738263130186,3.826707363128662,3.8075738263130186,3.826707363128662,6800,30.461210547671847,31.95070669669086,30.186576420853083,27.497940946316607,26.66763825307256,2.38,89.0,-0.52,1.65
LCII,1998-11-20,3.903241510391235,3.903241510391235,3.826707363128662,3.826707363128662,8000,29.335205536753655,31.885570786664562,30.172875542016246,27.49212889698181,26.648457722648445,2.42,88.0,-0.5,1.66
LCII,1998-11-23,3.8649728298187256,3.8649728298187256,3.826705772097748,3.8649728298187256,21600,28.01439740801614,31.667611069815692,30.133591573312735,27.493179978509485,26.647085853862144,2.45,87.0,-0.46,1.66
LCII,1998-11-24,3.8267078112118207,3.8267078112118207,3.7693071940436433,3.8075742721557617,12800,28.64655051287458,31.148626627603925,30.188849945866696,27.327861257752367,26.646469096814123,2.49,90.0,-0.4,1.63
LCII,1998-11-25,3.8267073005136822,3.8267073005136822,3.7501731545034085,3.788440227508545,9800,28.775833897513582,30.646130540758527,30.173273394307483,27.333724097075766,26.646469096814123,2.52,87.0,-0.34,1.64
LCII,1998-11-27,3.7884402275085454,3.8267073005136822,3.7501731545034085,3.788440227508545,9800,28.775833897513582,29.713281245118296,30.173273394307483,27.310903979331965,26.570704451429965,2.55,86.5,-0.28,1.64
LCII,1998-11-30,3.788439200848949,3.788439200848949,3.750172138214111,3.7501721382141113,5800,29.104551585860467,29.776397316103758,30.20272957033385,27.312893019723205,26.5709384125163,2.57,91.0,-0.22,1.63
LCII,1998-12-01,3.7884402894973754,3.826707363128662,3.711906142234802,3.826707363128662,9600,29.359253620641862,30.031612107780862,30.401066516225058,27.394472629629917,26.648841981989108,2.6,100.0,-0.17,1.51
LCII,1998-12-02,3.8458405618135094,3.8458405618135094,3.7693064212799072,3.7693064212799072,16200,28.60454559784424,29.87226209825602,30.43403050612187,27.451506243220308,26.67339710932355,2.62,100.0,-0.15,1.51
LCII,1998-12-03,3.731039351013106,3.7693064212799072,3.731039351013106,3.7693064212799072,2800,28.247210590196474,29.5720535859204,30.41526007371414,27.446019037635477,26.599910883809226,2.63,99.0,-0.12,1.52
LCII,1998-12-04,3.7884402275085454,3.7884402275085454,3.7501731545034085,3.788440227508545,34800,28.21485022663847,29.58712239652879,30.43280566191115,27.354795970671248,26.605068312491564,2.64,99.0,-0.12,1.5
LCII,1998-12-07,3.8075734915467083,3.8075734915467083,3.7501728861465065,3.7693064212799072,2600,26.283716676433418,29.592479271326273,29.66736621730281,27.354988653650636,26.59125339797235,2.65,78.0,-0.04,1.66
LCII,1998-12-08,3.7501731545034085,3.7884402275085454,3.7501731545034085,3.788440227508545,3200,25.98240088989589,29.53647996508042,29.670280892211075,27.335913543560906,26.557534940727972,2.66,78.0,0.03,1.66
LCII,1998-12-09,3.750172138214111,3.750172138214111,3.750172138214111,3.7501721382141113,400,25.942095503557393,28.69145930392226,29.699907259564334,27.335913543560906,26.57219969237774,2.66,78.0,0.11,1.65
LCII,1998-12-10,3.788439200848949,3.788439200848949,3.750172138214111,3.7501721382141113,6800,25.942095503557393,28.69145930392226,29.67411159383122,27.22560740608428,26.55355493526172,2.66,77.0,0.19,1.65
LCII,1998-12-11,3.711906373500824,3.711906373500824,3.6736392974853516,3.6736392974853516,5200,26.6841519066133,28.9238798953325,29.819638296037233,27.089621453027053,26.614962440900015,2.66,78.0,0.27,1.61
LCII,1998-12-14,3.6736389644562255,3.6736389644562255,3.597104819363387,3.6162383556365967,7800,27.007791807639887,29.02611516211802,29.61497676976371,26.90842468453505,26.64285585743869,2.66,73.0,0.32,1.68
LCII,1998-12-15,3.57797227854504,3.65450644493103,3.57797227854504,3.6545064449310303,4000,26.461568473111384,29.10348467650793,29.673726145549722,26.1085842572438,26.64680417547487,2.66,75.0,0.4,1.63
LCII,1998-12-16,3.692773259313483,3.692773259313483,3.6353726387023926,3.6353726387023926,6400,26.336367385847126,29.104578221042132,29.42572331244106,25.794822996730538,26.633276385162354,2.66,71.0,0.48,1.8
LCII,1998-12-17,3.5971051454544067,3.6736392974853516,3.5971051454544067,3.6736392974853516,5400,15.914134910516125,28.88406454258102,29.41976317672345,25.601609847139628,26.635468798441693,2.66,70.0,0.58,1.77
LCII,1998-12-18,3.6736399865275278,3.6736399865275278,3.6353729033345323,3.6545064449310303,62600,15.802022172656912,28.17956919391164,29.411595996175173,25.58022875662455,26.62052605129087,2.65,69.0,0.69,1.79
LCII,1998-12-21,3.635372038810484,3.635372038810484,3.558837890625,3.558837890625,9400,17.27863008871107,28.675483709588335,29.323065751418394,25.761424511362662,26.732466099758952,2.65,68.0,0.73,1.89
LCII,1998-12-22,3.597104964717742,3.673639112903226,3.558837890625,3.558837890625,8000,17.27863008871107,28.613128493421364,29.323065751418394,25.70344358433296,26.732466099758952,2.65,67.5,0.76,1.89
LCII,1998-12-23,3.539704353578629,3.558837890625,3.520570816532258,3.558837890625,26600,17.178675090970792,28.45224298348264,29.156702147632785,25.64624070912051,26.712233243804267,2.64,66.0,0.58,2.02
LCII,1998-12-24,3.520570755004883,3.520570755004883,3.520570755004883,3.520570755004883,1000,16.572623281189326,28.32826553162146,28.923426039028172,25.67199946221484,26.71476481954342,2.63,65.0,0.51,2.12
LCII,1998-12-28,3.558837890625,3.558837890625,3.558837890625,3.558837890625,800,16.623839376071754,28.405417112015485,28.700370139236714,25.707336623022247,26.737648477487706,2.62,64.0,0.53,2.19
LCII,1998-12-29,3.5205706742705494,3.6162383556365967,3.5205706742705494,3.6162383556365967,12800,17.452321405002287,28.138001321889465,28.732417577432003,25.778016566906853,26.76677627571713,2.61,64.0,0.5,2.17
LCII,1998-12-30,3.597104964717742,3.635372038810484,3.558837890625,3.558837890625,5400,17.912139563123795,28.24628931946645,28.82091688671903,25.839215196927874,26.51320379419937,2.61,64.0,0.44,2.12
LCII,1998-12-31,3.520570816532258,3.597104964717742,3.520570816532258,3.558837890625,16400,17.912139563123795,28.165772179532205,28.51098094035544,25.839215196927874,26.496602656247298,2.6,61.0,0.43,2.26
LCII,1999-01-04,3.597104964717742,3.597104964717742,3.5014372794858875,3.558837890625,51600,17.776390051158522,27.812835354238373,28.36928606987309,25.822220374621335,26.47950141444569,2.59,60.0,0.43,2.33
LCII,1999-01-05,3.597105558294999,3.7501738799245734,3.597105558294999,3.6353726387023926,25400,18.71536747616209,25.575224251165263,28.556638233774223,25.929848984429515,26.549612196426292,2.59,61.0,0.47,2.17
LCII,1999-01-06,3.597105558294999,3.6736397191097865,3.597105558294999,3.6353726387023926,30000,18.71536747616209,25.053778530551167,28.556638233774223,25.57384374491975,26.544505609344615,2.58,60.5,0.5,2.17
LCII,1999-01-07,3.597104921340942,3.826707363128662,3.597104921340942,3.826707363128662,167200,24.03371793591009,26.456436074722806,29.357723849511828,26.307716790108117,27.039797371727666,2.58,68.0,0.5,2.08
LCII,1999-01-08,3.826707417202979,3.826707417202979,3.7119061946868896,3.7119061946868896,87200,25.242749826163873,27.33110549750082,29.658343397024673,26.501904167399857,27.20624016307054,2.58,72.0,0.5,1.97
LCII,1999-01-11,3.711906373500824,3.711906373500824,3.6736392974853516,3.6736392974853516,27200,25.36642145769602,27.455404249557997,29.60387285738409,26.525052452159404,27.20657927032154,2.58,70.0,0.5,1.99
LCII,1999-01-12,3.71190679951718,3.71190679951718,3.6353726387023926,3.6353726387023926,83000,25.51076152371933,27.578498644203858,29.464763432464704,26.376441473174822,26.749142191551474,2.58,69.0,0.49,2.12
LCII,1999-01-13,3.5971052646636963,3.5971052646636963,3.520571110096384,3.5971052646636963,25200,25.523905345045595,27.700385270491246,29.46031285830045,26.400983355350927,26.45301571273079,2.57,68.0,0.49,2.15
LCII,1999-01-14,3.5588384778876057,3.6353726387023926,3.5588384778876057,3.6353726387023926,9400,24.962816251120845,27.680567430819508,29.474241619545445,26.41064884405357,26.398872238617415,2.54,69.0,0.48,2.11
LCII,1999-01-15,3.6736390686035154,3.826707363128662,3.6736390686035154,3.826707363128662,38400,28.96334649209245,28.687411708077263,30.221674508133095,26.79463903886733,26.824978373741025,2.5,89.0,0.51,2.08
LCII,1999-01-19,3.7884402275085454,3.7884402275085454,3.7501731545034085,3.788440227508545,2400,29.124563637707606,28.6578518701688,30.096593920982883,26.816412624869677,26.72871214210649,2.46,77.0,0.55,2.2
LCII,1999-01-20,3.8267076312012933,3.8458411693573,3.7884405548892803,3.8458411693573,13400,29.412283586357248,28.770756591157504,29.838976675646396,26.755344277929105,26.75394725199427,2.42,76.0,0.56,2.25
LCII,1999-01-21,3.8075734915467083,3.8458405618135094,3.7693064212799072,3.7693064212799072,16000,29.977013999475705,28.067655265056757,29.96794773375332,26.850714532361426,26.824305085304502,2.38,76.0,0.58,2.19
LCII,1999-01-22,3.7310403397208765,3.7310403397208765,3.597105558294999,3.6353726387023926,6800,31.705042205949248,28.93303090744862,30.34500167469565,27.16239537913055,27.065331510260183,2.35,96.0,0.57,2.08
LCII,1999-01-25,3.5971034257718832,3.8649728298187256,3.5971034257718832,3.8649728298187256,31400,36.39326607480279,31.368091690832962,31.4798154630254,28.152151932819436,27.68481707872518,2.33,100.0,0.55,2.1
LCII,1999-01-26,3.826707363128662,3.826707363128662,3.826707363128662,3.826707363128662,1000,36.53113636502624,31.46027171349472,31.22183092985932,28.169729151976142,27.702833669045617,2.31,99.0,0.58,2.2
LCII,1999-01-27,3.8649733261186245,3.8649733261186245,3.750172138214111,3.7501721382141113,7000,36.51026258365279,31.7168704309219,30.84671910636282,28.254353911677804,27.735721352861326,2.3,98.0,0.59,2.45
LCII,1999-01-28,3.7884402894973754,3.8649744367599483,3.7884402894973754,3.826707363128662,4800,36.590673730751604,31.894381826115016,31.000127412758783,28.366578860965593,27.77033680559603,2.29,98.0,0.57,2.33
LCII,1999-01-29,3.7884387143767704,3.8649728298187256,3.7884387143767704,3.8649728298187256,3600,36.57921781374061,31.670203352859716,31.02431307040553,28.393631819928217,27.713741434400006,2.27,98.0,0.54,2.29
LCII,1999-02-01,3.9032411575317383,3.9032411575317383,3.8649740873598586,3.9032411575317383,39200,36.58579839706412,31.66132076368207,30.865100191757666,28.377890722714533,27.65770782117054,2.26,96.0,0.53,2.32
LCII,1999-02-02,3.903241510391235,3.903241510391235,3.826707363128662,3.826707363128662,6800,37.05242839817505,28.400990583938334,30.86466483880163,28.465163310442023,27.559932927256682,2.25,95.0,0.52,2.4
LCII,1999-02-03,3.7884407330997023,3.8267078112118207,3.7884407330997023,3.8075742721557617,2200,37.04924638248049,28.395758789143642,30.876606664565514,28.43671251976177,27.545849601972566,2.24,96.0,0.52,2.4
LCII,1999-02-04,3.7693064212799072,3.7693064212799072,3.7693064212799072,3.7693064212799072,1800,36.27230237987426,28.450241945967207,30.911075147777396,28.456734174372606,27.559887757109554,2.21,96.0,0.52,2.41
LCII,1999-02-05,3.7693066910059767,3.8075737640111136,3.7693066910059767,3.788440227508545,4000,36.27875585649789,28.473580020184563,30.878623375574776,28.459233191516947,27.564538644751696,2.18,95.0,0.51,2.44
LCII,1999-02-08,3.7884399564133076,3.7884399564133076,3.7693064212799072,3.7693064212799072,6000,36.33367011891521,28.423244075677506,30.370726073948457,28.46286206315019,27.564538644751696,2.15,86.0,0.54,2.78
LCII,1999-02-09,3.711906373500824,3.7501734495162964,3.635372221469879,3.6736392974853516,60800,37.036822105283136,28.614637965787214,30.638341230844645,28.611069843026176,27.679132126628225,2.13,90.0,0.56,2.66
LCII,1999-02-10,3.6353716753461036,3.7693064212799072,3.6353716753461036,3.7693064212799072,36400,37.612301430386715,29.038309645061293,30.88056285265744,28.78790427157092,27.727399905073273,2.1,95.0,0.57,2.45
LCII,1999-02-11,3.73103961800084,3.8267073005136822,3.73103961800084,3.788440227508545,56800,37.389311613623,29.058719267973675,30.850425457966974,28.78400846871681,27.692576434286863,2.07,90.0,0.57,2.44
LCII,1999-02-12,3.7884402275085454,3.7884402275085454,3.7501731545034085,3.788440227508545,17400,37.02243532401978,29.058719267973675,30.839741043940865,28.721772407486444,27.692576434286863,2.04,88.0,0.56,2.44
LCII,1999-02-16,3.7884402275085454,3.8267073005136822,3.7501731545034085,3.788440227508545,51200,37.02243532401978,29.058719267973675,30.828730537897677,28.700042910481244,27.62363088873024,1.98,87.0,0.56,2.43
LCII,1999-02-17,3.7693066910059767,3.8075737640111136,3.7693066910059767,3.788440227508545,5800,37.02243532401978,28.985630287244746,30.64921005854432,28.700042910481244,27.619037881520587,1.93,86.0,0.56,2.51
LCII,1999-02-18,3.7884403430309495,3.7884403430309495,3.7119061946868896,3.7119061946868896,8800,37.11574618553454,29.205862329191675,30.430392206917272,28.71322239245384,27.481425774594697,1.88,82.0,0.56,2.71
LCII,1999-02-19,3.7501725112835977,3.7501725112835977,3.6927719116210938,3.6927719116210938,3800,37.15435395494228,29.221226762292417,30.440567748943142,28.69482838714785,27.468051268461053,1.82,84.0,0.57,2.72
LCII,1999-02-22,3.7501734495162964,3.7501734495162964,3.6736392974853516,3.6736392974853516,19800,33.9124066406188,29.15257530212853,30.409695222672173,28.55824046955141,27.408353411258794,1.76,79.0,0.56,2.73
LCII,1999-02-23,3.67363912051486,3.7310397317729045,3.67363912051486,3.7119061946868896,29200,32.91793387822725,29.090744493429995,30.35668841074462,28.58370694074468,27.425362017557088,1.7,76.0,0.57,2.72
LCII,1999-02-24,3.6736392974853516,3.711906373500824,3.6736392974853516,3.6736392974853516,6000,32.91793387822725,29.147228530269132,30.30024193981375,28.50391724723103,27.427701542371995,1.63,72.0,0.56,2.81
LCII,1999-02-25,3.635372341947353,3.673639419231009,3.5971052646636963,3.5971052646636963,21800,33.35048130498442,29.44919098221337,30.467680908670335,28.59461799669512,27.396749137876697,1.57,84.0,0.54,2.75
LCII,1999-02-26,3.59710424551692,3.6927719116210938,3.59710424551692,3.6927719116210938,16200,34.06934441483307,29.900190460817917,30.488409670096132,28.698004611534184,27.52281485802169,1.51,84.0,0.54,2.63
LCII,1999-03-01,3.6927719116210938,3.6927719116210938,3.6927719116210938,3.6927719116210938,2800,33.94516232871352,29.594828214861614,30.441690842951886,28.665091952445632,27.506987933892745,1.44,82.0,0.55,2.65
LCII,1999-03-02,3.673638378400259,3.6927719116210938,3.654504845179424,3.6927719116210938,1800,30.34278922917053,29.4397932872415,30.39297896254614,28.651405968976647,27.4906964183327,1.37,74.0,0.58,2.66
LCII,1999-03-03,3.692772500729435,3.692772500729435,3.6162383556365967,3.6162383556365967,28200,30.78033969857884,29.74073609868993,30.382839067471302,28.74788100457262,27.568529675289206,1.29,73.0,0.64,2.67
LCII,1999-03-04,3.5971051454544067,3.6736392974853516,3.5971051454544067,3.6736392974853516,24000,30.81428291732723,29.90917689003938,29.114622088331576,28.7944552110362,27.59719336330012,1.25,27.0,0.86,2.63
LCII,1999-03-05,3.7119050755792733,3.750172138214111,3.6736380129444353,3.7501721382141113,6600,30.941153302191264,30.203940020090975,29.01768414949059,28.862785052028155,27.67634504738212,1.21,26.0,1.12,2.57
LCII,1999-03-08,3.7884402275085454,3.7884402275085454,3.7884402275085454,3.788440227508545,3200,29.115578595118137,30.258948574473255,28.76568233350411,28.87951993266838,27.679220139784267,1.18,23.0,1.31,2.64
LCII,1999-03-09,3.7884407330997023,3.8267078112118207,3.7884407330997023,3.8075742721557617,9000,22.984281860426886,30.20134412205679,28.768940890161428,28.873953744873752,27.67991223992578,1.15,23.0,1.47,2.62
LCII,1999-03-10,3.826707363128662,3.826707363128662,3.826707363128662,3.826707363128662,23400,22.858391526838385,30.217015184755414,28.771903199223342,28.879430677806116,27.667232721068814,1.11,23.0,1.55,2.61
LCII,1999-03-11,3.7884402275085454,3.7884402275085454,3.7884402275085454,3.788440227508545,9800,22.260213364602727,29.980664852805273,28.83264153343017,28.82085648512981,27.528083706491337,1.07,24.0,1.5,2.59
LCII,1999-03-12,3.788439200848949,3.788439200848949,3.750172138214111,3.7501721382141113,4000,21.63614069074529,29.872768052843764,28.893422367609865,28.827554563292544,27.54607585928635,1.03,24.0,1.19,2.57
LCII,1999-03-15,3.7119060814982716,3.7884402275085454,3.6736390084931347,3.788440227508545,20000,21.644868321385637,29.867560314445928,28.878297331231558,28.857449548895264,27.549267710091467,0.99,23.0,0.77,2.58
LCII,1999-03-16,3.750172138214111,3.750172138214111,3.750172138214111,3.7501721382141113,3200,21.576486370735417,29.92542219842946,28.434112042687033,28.877848914244765,27.550683059990078,0.97,12.0,0.83,2.94
LCII,1999-03-17,3.711906373500824,3.711906373500824,3.6736392974853516,3.6736392974853516,5400,21.638420091764846,30.161139780592805,28.573531344536125,28.948607339690557,27.60831886309506,0.95,15.0,0.47,2.87
LCII,1999-03-18,3.6736392974853516,3.6736392974853516,3.6736392974853516,3.6736392974853516,13400,21.61366680416117,30.14150509409817,28.573531344536125,28.90251657025697,27.60831886309506,0.92,14.5,-0.35,2.87
LCII,1999-03-19,3.6736392974853516,3.6736392974853516,3.6736392974853516,3.6736392974853516,14400,21.449567240971238,29.626958188870457,27.888520667142693,28.895771343449045,27.6044899115454,0.92,4.0,-0.43,3.34
LCII,1999-03-22,3.6736392974853516,3.6736392974853516,3.6736392974853516,3.6736392974853516,4400,21.378207404521046,29.626958188870457,27.771582446551097,28.836666742033273,27.53537721896494,0.92,3.0,-0.39,3.49
LCII,1999-03-23,3.6736392974853516,3.6927728354930878,3.6736392974853516,3.6736392974853516,16800,21.345450813975013,29.626958188870457,27.70958239427337,28.82364800093261,27.53115434051318,0.93,1.0,-0.5,3.52
LCII,1999-03-24,3.635372341947353,3.635372341947353,3.5971052646636963,3.5971052646636963,20000,20.912776537833448,29.86778778995907,27.92279448366241,28.90687508804825,27.5927496172177,0.93,6.0,-0.75,3.4
LCII,1999-03-25,3.558837828428849,3.558837828428849,3.520570755004883,3.520570755004883,11400,20.196268094437617,30.1180002421048,28.08556184611598,29.006469391237022,27.657125340265992,0.92,8.0,-0.84,3.37
LCII,1999-03-26,3.482303008517704,3.5588371405730377,3.482303008517704,3.539703607559204,46600,20.207786220017095,29.952819739746296,28.045122725054078,29.016943995382206,27.587084472068252,0.91,7.0,-0.87,3.43
LCII,1999-03-29,3.5014375714545554,3.5971052646636963,3.5014375714545554,3.5971052646636963,11800,20.890674171375803,29.95886784984505,27.952639866442592,29.08909610730991,27.46063721002544,0.91,5.0,-0.87,3.51
LCII,1999-03-30,3.558837890625,3.558837890625,3.558837890625,3.558837890625,3200,21.04324280133397,30.041655185782467,27.951674981582432,29.087546201383578,27.309252710256064,0.91,5.0,-0.89,3.58
LCII,1999-03-31,3.520569969009567,3.5588370338901054,3.4823029041290283,3.4823029041290283,42600,21.78636258188876,30.3702456479898,25.71896470019824,29.17560481991851,26.81315293172655,1.0,1.0,-0.81,2.6
LCII,1999-04-01,3.520571110096384,3.5971052646636963,3.520571110096384,3.5971052646636963,8000,23.400399747458742,30.79297332622155,26.249638583326256,29.447859353972532,26.794702302064017,1.05,2.0,-0.88,2.27
LCII,1999-04-05,3.5971051454544067,3.6736392974853516,3.5588380694389343,3.6736392974853516,15400,24.218893230213393,31.09888543082407,26.470540138293273,29.118670320147416,26.72777150850139,1.1,3.0,-0.89,2.06
LCII,1999-04-06,3.7119060814982716,3.7884402275085454,3.7119060814982716,3.788440227508545,31000,25.764839311617504,29.920161078857397,26.935122817091283,29.351079326275674,26.892589089490258,1.13,4.0,-0.9,1.77
LCII,1999-04-07,3.8267073005136822,3.8267073005136822,3.7884402275085454,3.788440227508545,28200,25.613115446484297,29.24662328194481,26.891539401288213,29.34763188901866,26.892589089490258,1.16,4.0,-0.88,1.78
LCII,1999-04-08,3.7884402275085454,3.7884402275085454,3.7884402275085454,3.788440227508545,800,25.40007749100475,29.16163148442073,26.703457115733954,29.330634233856824,26.855605590961463,1.19,4.0,-0.88,1.85
LCII,1999-04-09,3.8267062634837865,3.8267062634837865,3.750172138214111,3.7501721382141113,10200,24.765239446739713,29.156579439494013,26.702496699524552,29.34601733720218,26.83661497361049,1.22,4.0,-0.86,1.9
LCII,1999-04-12,3.711906186995968,3.711906186995968,3.558837890625,3.558837890625,8000,28.157220504875152,31.033235666710013,27.956976919900058,29.80965657141994,27.332589644617684,1.23,14.0,-0.91,1.93
LCII,1999-04-13,3.558837890625,3.558837890625,3.558837890625,3.558837890625,15200,28.157220504875152,30.952186811297207,27.956976919900058,29.80965657141994,27.330110139138096,1.24,14.5,-0.95,1.93
LCII,1999-04-14,3.520569933053538,3.520569933053538,3.4631693363189697,3.4631693363189697,21800,29.143985711606447,29.506080496614917,28.27186300484832,29.837771170663075,27.453421250048613,1.24,18.0,-0.84,1.81
LCII,1999-04-15,3.4249029477437336,3.4440364837646484,3.405769411722819,3.4440364837646484,16200,28.617582495073577,29.465774833335974,28.244156019239462,29.804618511536734,27.45729704883384,1.24,18.0,-0.73,1.82
LCII,1999-04-16,3.4823029041290283,3.520569969009567,3.4440358392484893,3.4823029041290283,40600,28.40126866823883,29.380867639301123,28.254509299701713,29.831559712503903,27.483024831516577,1.25,19.0,-0.74,1.81
LCII,1999-04-19,3.4823036815809165,3.520570755004883,3.4823036815809165,3.520570755004883,14400,27.871026176364843,29.236628587338675,28.316994341012503,29.677375205852634,27.495849009209405,1.25,21.0,-0.79,1.75
LCII,1999-04-20,3.4823029041290283,3.520569969009567,3.4823029041290283,3.4823029041290283,9200,27.734698904905912,28.38969981474287,28.308574936855074,29.699875305553725,27.4972705053668,1.25,21.0,-0.81,1.79
LCII,1999-04-21,3.4440358392484893,3.520569969009567,3.4440358392484893,3.4823029041290283,7200,27.649147295927524,25.28545854648243,28.220808881678533,29.615417624315583,27.259995820522988,1.25,18.0,-0.84,1.82
LCII,1999-04-22,3.597105558294999,3.6736397191097865,3.597105558294999,3.6353726387023926,41000,30.636151585971728,26.83338955061095,29.05975285379659,29.91971212267667,27.60778526979365,1.25,42.0,-0.84,1.56
LCII,1999-04-23,3.6545057594776154,3.6736392974853516,3.635372221469879,3.6736392974853516,6000,30.727874954700628,26.624254207156618,29.111031660179286,29.782111524401845,27.603687835993558,1.25,43.0,-0.82,1.51
LCII,1999-04-26,3.7501731545034085,3.8267073005136822,3.7501731545034085,3.788440227508545,36000,31.93698445118565,27.05719452322478,29.481279735041007,29.965255347832258,27.782643141771953,1.24,55.0,-0.83,1.31
LCII,1999-04-27,3.788439947016099,3.9032411575317383,3.788439947016099,3.9032411575317383,22800,32.95713820002753,27.67545243124207,29.687837334017303,30.17645212285162,27.827210646689203,1.24,63.0,-0.8,1.23
LCII,1999-04-28,3.8649740873598586,3.9032411575317383,3.8458405522739185,3.9032411575317383,5000,32.789657274200856,27.60169474322698,29.5861915118717,29.998027257672828,27.827210646689203,1.23,56.0,-0.79,1.27
LCII,1999-04-29,3.903240116742941,4.056308356615213,3.903240116742941,3.979774236679077,40000,32.51247600675786,27.570166262395578,29.740532420191784,30.00328903501775,27.882253079420888,1.23,66.0,-0.62,1.17
LCII,1999-04-30,3.903241222344556,4.018042434766454,3.903241222344556,3.9415082931518555,7400,32.701410975689235,27.62738143097475,29.775407539001225,30.00328903501775,27.673731723041666,1.23,67.0,-0.6,1.17
LCII,1999-05-03,3.9415082931518555,3.9415082931518555,3.9415082931518555,3.9415082931518555,4000,32.701410975689235,27.538050464739356,29.76262202521685,30.00328903501775,27.673731723041666,1.23,66.0,-0.6,1.17
LCII,1999-05-04,3.9032398875397027,3.9032398875397027,3.8649728298187256,3.8649728298187256,18000,33.31179521354736,27.835373177444467,29.922477236597345,29.888164334039956,27.653718473006567,1.23,69.0,-0.63,1.12
LCII,1999-05-05,3.8649728298187256,3.8649728298187256,3.8649728298187256,3.8649728298187256,800,33.31179521354736,27.81277644937974,29.87643345764841,29.83362477087816,27.653718473006567,1.23,68.0,-0.67,1.13
LCII,1999-05-06,3.8649728298187256,3.8649728298187256,3.8649728298187256,3.8649728298187256,200,32.61415384578664,27.27515184812913,29.87643345764841,29.776692249755992,27.649528552699397,1.23,67.5,-0.72,1.13
LCII,1999-05-07,3.8841076224457987,3.9032411575317383,3.8841076224457987,3.9032411575317383,2400,31.875231122481818,26.848063466018285,29.72450822043813,29.702056727799274,27.669522845795154,1.23,62.0,-0.77,1.17
LCII,1999-05-10,3.9032398875397027,3.9032398875397027,3.8649728298187256,3.8649728298187256,11000,32.09932700578497,26.915660994453017,29.656592534124304,29.702167083576143,27.682616319438445,1.23,58.0,-0.79,1.19
LCII,1999-05-11,3.864974766529252,3.9606424587700753,3.864974766529252,3.884108304977417,23000,31.86404189650625,26.932074210659252,29.622541982053292,29.683314898844003,27.68406182299257,1.23,58.0,-0.83,1.22
LCII,1999-05-12,3.8458405522739185,3.9032411575317383,3.8458405522739185,3.9032411575317383,11600,31.620056747067938,26.947658015944505,29.615310527724965,29.477810734002034,27.689606245147004,1.23,57.0,-0.86,1.21
LCII,1999-05-13,3.8649740873598586,3.9032411575317383,3.8649740873598586,3.9032411575317383,3400,30.753123519060814,26.947658015944505,29.574088685803307,29.38713360766808,27.687408957554183,1.23,54.0,-0.89,1.25
LCII,1999-05-14,3.9032418434255813,3.9032418434255813,3.884108304977417,3.884108304977417,75200,29.615565129697814,26.619310947198294,29.57258447199984,29.187488806433226,27.659379372267505,1.23,53.0,-0.92,1.25
LCII,1999-05-17,3.8841076224457987,3.9032411575317383,3.8841076224457987,3.9032411575317383,11600,29.10474581947416,26.60366345576502,29.257709443687485,29.168937516173088,27.66498746750678,1.23,46.0,-0.91,1.34
LCII,1999-05-18,3.9415069452606804,3.979774002981658,3.8649728298187256,3.8649728298187256,139000,27.977263482494042,26.66647268889923,29.307390938630125,29.093073557692712,27.655003532114907,1.23,47.0,-0.89,1.33
LCII,1999-05-19,3.864974151537256,3.9415082931518555,3.864974151537256,3.9415082931518555,13400,28.508837069959437,26.873924735618854,29.45825738253513,28.944290891383496,27.72917371144532,1.23,48.0,-0.87,1.23
LCII,1999-05-20,3.960641762789558,3.979775297875498,3.9032411575317383,3.9032411575317383,11600,28.687764585501135,26.863256008120747,29.44794763190496,28.78998223787475,27.740132658087234,1.23,47.0,-0.84,1.23
LCII,1999-05-21,3.8841076224457987,3.9032411575317383,3.8841076224457987,3.9032411575317383,23400,28.495201398427987,26.46828313762985,29.406542405809983,28.45881524602767,27.740132658087234,1.23,46.0,-0.82,1.27
LCII,1999-05-24,3.9415087999353084,3.960642337799072,3.9415087999353084,3.9606423377990723,2200,23.742034441592576,26.10564411659458,29.389090404540834,28.503134263804547,27.78192405288037,1.23,45.0,-0.8,1.28
LCII,1999-05-25,3.979774236679077,3.998907766663111,3.979774236679077,3.979774236679077,27400,23.720213940323724,26.115120296294087,29.269755602445173,28.500143318950684,27.787125024055214,1.23,42.0,-0.75,1.32
LCII,1999-05-26,3.9797758756628356,3.9797758756628356,3.960642337799072,3.9606423377990723,14400,22.003560953158104,26.143609665545082,29.284433185230814,28.392272117718193,27.779386427254916,1.22,42.0,-0.72,1.31
LCII,1999-05-27,3.9223752620715446,3.960642337799072,3.9223752620715446,3.9606423377990723,21200,21.84246176173242,25.736242712999914,29.284433185230814,28.287160014289586,27.73061749827384,1.22,41.5,-0.68,1.31
LCII,1999-05-28,3.9223742485046382,3.9223742485046382,3.9223742485046382,3.9223742485046387,600,22.141231874691254,25.66365594277319,29.152983575882065,28.312495325447372,27.731122583125124,1.22,38.0,-0.68,1.42
LCII,1999-06-01,3.9032418434255813,3.9032418434255813,3.884108304977417,3.884108304977417,1800,22.38871295655689,25.431253390036236,29.20098859612577,28.332079290858616,27.746464296550748,1.21,38.0,-0.66,1.4
LCII,1999-06-02,3.922375381873746,3.922375381873746,3.884108304977417,3.884108304977417,5000,22.00697142503202,25.353105035952257,28.049701025117713,28.30695137908305,27.69146531319865,1.22,17.0,-0.68,1.54
LCII,1999-06-03,3.8649728298187256,3.8649728298187256,3.8649728298187256,3.8649728298187256,400,22.124194456221293,25.357860108381047,27.630266231392557,28.004335663462392,27.68008496499133,1.23,8.0,-0.68,1.69
LCII,1999-06-04,3.8649728298187256,3.8649728298187256,3.845839300958237,3.8649728298187256,2800,18.689504950158494,25.338446091235117,27.57639615833403,28.004335663462392,27.571637858358873,1.24,8.0,-0.67,1.71
LCII,1999-06-07,3.826705772097748,3.8649728298187256,3.7884387143767704,3.8649728298187256,15800,18.5247728384394,25.24892600937429,27.520321211014924,27.979301607606892,27.56741951617122,1.26,8.0,-0.63,1.73
LCII,1999-06-08,3.826707363128662,3.8649744367599483,3.826707363128662,3.826707363128662,16600,16.633179043631717,25.24536387930557,27.513956726640533,27.9787934238655,27.505119903838533,1.27,8.0,-0.56,1.74
LCII,1999-06-09,3.826705772097748,3.8649728298187256,3.826705772097748,3.8649728298187256,6400,14.416487154698771,25.242031098743567,27.50831110794536,27.99650818386127,27.520999389075445,1.28,8.0,-0.52,1.74
LCII,1999-06-10,3.8649728298187256,3.8649728298187256,3.8649728298187256,3.8649728298187256,0,14.416487154698771,25.14746681466028,26.280529044869176,27.989602657753032,27.464363986350133,1.31,3.0,-0.52,1.84
LCII,1999-06-11,3.8458411693573,3.8458411693573,3.8267076312012933,3.8458411693573,8400,13.194588147476516,24.787933851640158,26.242894190390036,27.887027211492075,27.440953462646135,1.34,2.0,-0.53,1.86
LCII,1999-06-14,3.8649728298187256,3.8649728298187256,3.8649728298187256,3.8649728298187256,5200,13.053967716413137,24.80226297206526,26.14596134869071,27.655655452871557,27.434834823138814,1.37,2.0,-0.53,1.93
LCII,1999-06-15,3.8649744367599483,3.8649744367599483,3.826707363128662,3.826707363128662,27400,13.326360035347712,24.900391875949776,25.996041615404753,27.681264756367597,27.450872258366605,1.4,2.0,-0.53,2.02
LCII,1999-06-16,3.826705772097748,3.8649728298187256,3.807572243237259,3.8649728298187256,42200,12.462474233449807,24.972169847544347,25.379104257540043,27.679086595520598,27.455794621683633,1.44,1.0,-0.48,2.19
LCII,1999-06-17,3.9032411575317383,3.9032411575317383,3.9032411575317383,3.9032411575317383,800,12.78544067174527,25.039452496686547,23.49526195703148,27.64018643138588,27.443249233532423,1.53,1.0,-0.49,1.19
LCII,1999-06-18,3.8649728298187256,3.8649728298187256,3.8649728298187256,3.8649728298187256,3400,13.121893268624058,24.72109458820506,23.49420783761724,27.607360734432646,27.447566522410426,1.6,1.0,-0.5,1.19
LCII,1999-06-21,3.826707363128662,3.826707363128662,3.826707363128662,3.826707363128662,800,13.084939715552633,24.378865067588467,23.324441572010723,27.626956600608192,27.452002946654318,1.68,1.0,-0.49,1.28
LCII,1999-06-22,3.826707363128662,3.826707363128662,3.7501732158660888,3.826707363128662,11200,12.791768137069193,24.365896184112422,23.10289846746977,27.45599758797188,27.44956032232467,1.76,1.0,-0.49,1.41
LCII,1999-06-23,3.7884407330997023,3.8075742721557617,3.7884407330997023,3.8075742721557617,1000,12.760586988787109,24.202113936283194,23.06092889931033,27.433641878971887,27.395544263741815,1.83,1.0,-0.48,1.44
LCII,1999-06-24,3.7884402275085454,3.7884402275085454,3.7884402275085454,3.788440227508545,8800,12.708488865095708,24.113476065335895,23.017637879638762,27.410635949584638,27.3877742994153,1.9,1.0,-0.47,1.48
LCII,1999-06-25,3.7501732688589193,3.7501732688589193,3.7119061946868896,3.7119061946868896,30600,13.891145140221104,24.061236633493547,23.030912610457914,27.398656329832416,27.458764084322272,1.97,2.0,-0.48,1.47
LCII,1999-06-28,3.7119061946868896,3.7119061946868896,3.67363912051486,3.7119061946868896,7200,13.864579153593134,23.15614447419662,23.018573702558847,26.571009028882877,27.458764084322272,2.03,2.0,-0.5,1.48
LCII,1999-06-29,3.6736392974853516,3.6736392974853516,3.6736392974853516,3.6736392974853516,600,13.956025867901328,22.85966937082118,23.021457702990936,26.451523642335868,27.459762758641148,2.08,3.0,-0.54,1.48
LCII,1999-06-30,3.7119058158797054,3.7693064212799072,3.7119058158797054,3.7693064212799072,12600,15.893156108207002,22.590519442645537,23.37348572878683,26.45508917759131,27.555041493758353,2.12,8.0,-0.54,1.31
LCII,1999-07-01,3.76930566953153,3.76930566953153,3.750172138214111,3.7501721382141113,57800,14.699589431122845,22.613772539313423,23.373627454285693,26.46451690833199,27.553932549731098,2.17,9.0,-0.54,1.31
LCII,1999-07-02,3.7119061946868896,3.7119061946868896,3.7119061946868896,3.7119061946868896,1800,14.724217536717463,22.70798147756738,23.068594686084847,26.497355151449227,27.523503341204187,2.21,6.0,-0.53,1.44
LCII,1999-07-06,3.692772657600875,3.7119061946868896,3.692772657600875,3.7119061946868896,15200,14.724217536717463,22.615735094775598,22.700313715196998,26.497355151449227,27.512652705928218,2.26,1.0,-0.54,1.63
LCII,1999-07-07,3.7119061946868896,3.7119061946868896,3.67363912051486,3.7119061946868896,106200,13.907345399747099,19.828061442591032,22.68491929033066,26.497355151449227,27.5014832381684,2.3,1.0,-0.56,1.65
LCII,1999-07-08,3.6736392974853516,3.711906373500824,3.6736392974853516,3.6736392974853516,26600,13.941157656571976,19.957042593161496,22.742120195859915,26.497321423343696,27.51831645285706,2.34,3.0,-0.59,1.61
LCII,1999-07-09,3.7119061946868896,3.7501732688589193,3.7119061946868896,3.7119061946868896,158200,14.423644428474672,19.19497347433334,22.80509822399526,26.205968439382982,27.54065838203047,2.38,4.0,-0.61,1.55
LCII,1999-07-12,3.7119061946868896,3.7119061946868896,3.7119061946868896,3.7119061946868896,16800,14.423644428474672,19.145944423241303,22.80509822399526,26.16608583857973,27.54065838203047,2.41,4.5,-0.62,1.55
LCII,1999-07-13,3.711906373500824,3.711906373500824,3.6736392974853516,3.6736392974853516,46200,14.454576277163458,19.180614766056646,22.633654524218663,26.19852218783178,27.54163919328681,2.44,1.0,-0.64,1.65
LCII,1999-07-14,3.6736392974853516,3.711906373500824,3.6736392974853516,3.6736392974853516,22600,14.283743515974056,19.066760315763666,22.619082481337074,25.778319614824074,27.530610212477,2.48,1.0,-0.65,1.66
LCII,1999-07-15,3.6353726387023926,3.6353726387023926,3.6353726387023926,3.6353726387023926,1000,14.486411756663042,19.055044080644944,22.66508282781095,25.737444369389113,27.547650724351318,2.51,3.0,-0.67,1.63
LCII,1999-07-16,3.5971052646636963,3.635372341947353,3.5971052646636963,3.5971052646636963,4200,14.670091222230866,19.194949711441968,22.662737248624694,25.73461718098934,27.22122721221398,2.54,3.0,-0.72,1.64
LCII,1999-07-19,3.5971051454544067,3.6736392974853516,3.5971051454544067,3.6736392974853516,15600,16.16181443221191,17.578656833031246,22.85607159884946,25.85213217490307,27.302947257561044,2.56,10.0,-0.72,1.52
LCII,1999-07-20,3.6736392974853516,3.6736392974853516,3.6736392974853516,3.6736392974853516,13400,16.16181443221191,17.44717902485436,22.605410681939116,25.820841657120592,27.300200096819232,2.58,1.0,-0.68,1.66
LCII,1999-07-21,3.6736392974853516,3.6736392974853516,3.6736392974853516,3.6736392974853516,1600,15.976269592289007,16.226107218178974,22.216514710306942,25.789849396038566,27.286995645253594,2.61,1.0,-0.69,1.88
LCII,1999-07-22,3.7119061946868896,3.903241565547039,3.7119061946868896,3.7119061946868896,22400,16.002093564203555,15.122312767027474,22.27795022875923,25.693990401877354,27.304095603533558,2.63,2.0,-0.68,1.83
LCII,1999-07-23,3.7501732688589193,3.7501732688589193,3.67363912051486,3.7119061946868896,12600,16.002093564203555,15.122312767027474,22.27795022875923,25.664135885644964,27.169150996628687,2.65,2.5,-0.68,1.83
LCII,1999-07-26,3.7119061946868896,3.7310397317729045,3.7119061946868896,3.7119061946868896,14000,15.969268558549285,14.523148122102809,22.022163912707523,24.234781120711123,27.169150996628687,2.68,1.0,-0.63,2.0
LCII,1999-07-27,3.692772657600875,3.7119061946868896,3.692772657600875,3.7119061946868896,8600,15.867811373080562,14.416200404485831,21.88170109360389,24.227003092302862,27.06745311313662,2.71,1.0,-0.61,2.11
LCII,1999-07-28,3.692772657600875,3.7310397317729045,3.67363912051486,3.7119061946868896,22800,15.65972747694623,14.416200404485831,21.63302201659943,24.22088710094102,27.034872186943144,2.75,1.0,-0.62,2.31
LCII,1999-07-29,3.6927719116210938,3.6927719116210938,3.6927719116210938,3.6927719116210938,1000,15.349774629721807,13.915107403006127,21.584810217483017,24.227766693565602,27.03422369196953,2.79,1.0,-0.65,2.36
LCII,1999-07-30,3.6927735281240253,3.6927735281240253,3.65450644493103,3.6545064449310303,35200,15.167951402863341,14.053871108849656,21.62770829537993,24.230984687584566,26.909410772992757,2.83,2.0,-0.68,2.33
LCII,1999-08-02,3.6736392974853516,3.6736392974853516,3.6736392974853516,3.6736392974853516,61200,15.135808680873991,14.10931511871157,21.629069787239963,24.1260069160695,26.915708549508256,2.87,3.0,-0.7,2.33
LCII,1999-08-03,3.65450644493103,3.65450644493103,3.6353729033345323,3.6545064449310303,35000,14.972814843486626,13.958500986180331,21.587820242533727,24.102578473912224,26.856684234110777,2.9,2.0,-0.74,2.36
LCII,1999-08-04,3.65450644493103,3.65450644493103,3.65450644493103,3.6545064449310303,0,14.972814843486626,13.840089715367062,21.530676360614574,24.102578473912224,26.729928088952796,2.93,1.0,-0.77,2.41
LCII,1999-08-05,3.65450644493103,3.65450644493103,3.65450644493103,3.6545064449310303,1600,14.94209422125053,13.787501292249596,21.46593743086713,24.102578473912224,26.594183514641358,2.96,1.0,-0.8,2.48
LCII,1999-08-06,3.65450644493103,3.65450644493103,3.65450644493103,3.6545064449310303,0,14.905860383751554,13.733914561225259,21.408468219549963,24.102578473912224,26.55555902770453,2.99,1.0,-0.82,2.53
LCII,1999-08-09,3.6353726387023926,3.6353726387023926,3.6353726387023926,3.6353726387023926,3200,13.81594383528567,13.758112630783085,21.174141071396424,24.081797614802454,26.556670215260997,3.03,1.0,-0.84,2.71
LCII,1999-08-10,3.6736392974853516,3.711906373500824,3.6736392974853516,3.6736392974853516,7600,14.189938120459553,13.94009728532902,21.240601258585144,24.084377900251745,26.436703315126735,3.06,2.0,-0.84,2.64
LCII,1999-08-11,3.6353726387023926,3.6353726387023926,3.6353726387023926,3.6353726387023926,68200,14.196623899833213,14.021033616533307,21.305544205748507,24.114838472830648,26.389808279662823,3.09,3.0,-0.85,2.58
LCII,1999-08-12,3.6353726387023926,3.6353726387023926,3.6353726387023926,3.6353726387023926,5200,11.859145186168995,13.905802867263702,21.305544205748507,24.084104797168308,26.373296237026555,3.12,3.5,-0.87,2.58
LCII,1999-08-13,3.6353726387023926,3.6353726387023926,3.6353726387023926,3.6353726387023926,0,11.805942944172038,13.227430879739888,21.305544205748507,24.021203555071278,26.373296237026555,3.15,4.0,-0.89,2.58
LCII,1999-08-16,3.6353726387023926,3.6353726387023926,3.6353726387023926,3.6353726387023926,200,11.479643445137933,13.113152213878495,21.03908334730244,24.01448296014591,26.209433027848565,3.18,1.0,-0.87,2.79
LCII,1999-08-17,3.5971052646636963,3.5971052646636963,3.5971052646636963,3.5971052646636963,1200,11.828422073372568,13.25092064389803,20.823808575316825,24.045683205131247,26.187459285715427,3.21,1.0,-0.86,2.96
LCII,1999-08-18,3.597104964717742,3.597104964717742,3.558837890625,3.558837890625,12000,12.147999363883885,12.960430173062889,20.87834717593479,24.04890331785345,26.164551218718064,3.24,2.0,-0.86,2.91
LCII,1999-08-19,3.520570755004883,3.520570755004883,3.520570755004883,3.520570755004883,4000,12.177381033748464,13.016090307006213,20.789014462504536,23.956621209275,26.104248080038907,3.27,1.0,-0.87,3.01
LCII,1999-08-20,3.520570755004883,3.520570755004883,3.520570755004883,3.520570755004883,0,11.665808757382697,13.009665041048335,20.72098776445566,23.89316115497694,26.08361359084294,3.3,1.0,-0.87,3.08
LCII,1999-08-23,3.520570755004883,3.520570755004883,3.520570755004883,3.520570755004883,0,11.665808757382697,13.009665041048335,20.428605105820914,23.89316115497694,26.065370276648004,3.33,1.0,-0.89,3.34
LCII,1999-08-24,3.4823029041290283,3.4823029041290283,3.4823029041290283,3.4823029041290283,1000,11.703192267734396,13.043056889816116,19.833081662596925,23.91679462340121,25.910437426422362,3.38,1.0,-0.88,3.7
LCII,1999-08-25,3.520570993423462,3.6736392974853516,3.520570993423462,3.6736392974853516,16200,19.846135965819087,17.207257597246205,21.334563195405682,24.7474138708456,26.392299467286612,3.4,13.0,-0.88,4.49
LCII,1999-08-26,3.692773159956321,3.7310402393341064,3.673639620267428,3.7310402393341064,43800,20.081715965348106,17.533269231351966,20.907425104059502,24.809094636499992,26.278714738107823,3.43,7.0,-0.88,4.87
LCII,1999-08-27,3.750173779022999,3.750173779022999,3.7310402393341064,3.7310402393341064,30600,19.78958421967596,17.51111267978375,20.907425104059502,24.780158056612848,26.260253475153934,3.45,7.5,-0.88,4.87
LCII,1999-08-30,3.711906373500824,3.711906373500824,3.6736392974853516,3.6736392974853516,4800,19.43889800748158,17.775169227637548,21.048932466059377,24.84771990186197,26.22832520037236,3.48,10.0,-0.9,4.71
LCII,1999-08-31,3.6353719752767812,3.6353719752767812,3.520570755004883,3.520570755004883,10200,23.022210698191646,19.721965285920678,22.040083802371257,25.235209286687798,26.389049257450946,3.49,27.0,-0.95,4.32
LCII,1999-09-01,3.5588371405730377,3.597104206600705,3.5205700745453705,3.539703607559204,10200,23.10467426239001,19.694065681294777,20.43809566733753,25.176251238112222,26.25980530092711,3.51,3.0,-0.95,4.04
LCII,1999-09-02,3.501436710357666,3.501436710357666,3.501436710357666,3.501436710357666,2800,22.99754634765626,19.648272518498278,20.51007728656033,25.176169775224004,26.015824641525292,3.53,4.0,-0.95,3.98
LCII,1999-09-03,3.5397037782304275,3.5397037782304275,3.501436710357666,3.501436710357666,400,22.99754634765626,19.648272518498278,20.044909378570416,25.169119127901418,26.01021481834277,3.54,2.0,-0.98,4.34
LCII,1999-09-07,3.4631702287237074,3.4631702287237074,3.424903154373169,3.424903154373169,2200,23.715837105866072,20.080955710362826,20.334021985875168,25.26940366106559,26.097527595589874,3.56,3.0,-0.94,4.08
LCII,1999-09-08,3.424903154373169,3.424903154373169,3.424903154373169,3.424903154373169,0,23.715837105866072,20.03388456264267,20.255916837349087,25.26289825299021,26.014049952594874,3.57,3.0,-0.88,4.22
LCII,1999-09-09,3.405769109725952,3.405769109725952,3.405769109725952,3.405769109725952,2200,23.7163588556832,19.980074531658822,20.195324391870013,25.07842631789122,25.931897489414318,3.58,3.0,-0.78,4.36
LCII,1999-09-10,3.405769109725952,3.405769109725952,3.405769109725952,3.405769109725952,1800,23.720125639738214,19.8306221866688,20.12373349823768,25.07842631789122,25.931897489414318,3.59,3.0,-0.7,4.42
LCII,1999-09-13,3.405769109725952,3.405769109725952,3.405769109725952,3.405769109725952,4800,23.61745033670202,19.679024542768516,20.12373349823768,25.07842631789122,25.92604837131585,3.6,3.5,-0.64,4.42
LCII,1999-09-14,3.405769109725952,3.405769109725952,3.405769109725952,3.405769109725952,800,23.52027322441412,19.620426597944604,18.891863690004357,25.04690125268178,25.90409523787966,3.61,1.0,-0.63,4.9
LCII,1999-09-15,3.4440361783745583,3.4440361783745583,3.405769109725952,3.405769109725952,600,23.516912829429202,19.556429211552114,18.807866362889623,25.01272972470537,25.65596797177765,3.63,1.0,-0.65,5.07
LCII,1999-09-16,3.405770135480304,3.405770135480304,3.290968894958496,3.290968894958496,10400,25.254773582753394,20.643284997114318,18.867311326791835,25.2594713307218,25.877409372315473,3.63,2.0,-0.48,5.25
LCII,1999-09-17,3.2144346237182617,3.2144346237182617,3.2144346237182617,3.2144346237182617,6000,25.884942995473022,21.083181589382743,18.515753386309893,25.340011563184365,25.9619713933525,3.63,1.0,-0.11,5.61
LCII,1999-09-20,3.2144346237182617,3.2144346237182617,3.2144346237182617,3.2144346237182617,0,25.884942995473022,21.08584932901626,18.515753386309893,25.340011563184365,25.945046553844232,3.63,1.5,0.08,5.61
LCII,1999-09-21,3.176167488098145,3.176167488098145,3.176167488098145,3.1761674880981445,1600,25.980148003661718,20.85355536685814,18.26287009473511,25.375845274159108,25.96604794900167,3.63,1.0,0.29,6.05
LCII,1999-09-22,3.1379001140594482,3.1379001140594482,3.1379001140594482,3.1379001140594482,1600,25.672080137515753,20.9368541259902,18.29241248576558,25.27739633045779,25.987551826712124,3.62,2.0,0.48,6.0
LCII,1999-09-23,3.09963321685791,3.09963321685791,3.09963321685791,3.09963321685791,2000,25.709112282829278,20.96990354586691,18.357070376280895,25.313476111907374,25.9366891610883,3.61,3.0,0.66,5.91
LCII,1999-09-24,2.9848322476426215,2.9848322476426215,2.79349684715271,2.79349684715271,15200,38.38330719149563,28.810417757605073,24.2965398701601,27.39002868240132,27.73493423104697,3.55,70.0,2.35,19.12
LCII,1999-09-27,2.755229767054727,2.79349684715271,2.755229767054727,2.79349684715271,5400,38.38330719149563,28.828566886576603,24.2965398701601,27.17681606474728,27.73493423104697,3.5,70.5,2.86,19.12
LCII,1999-09-28,2.7552291052682056,2.7552291052682056,2.6786949634552,2.6786949634552,4600,39.46093681043488,29.795950628120398,25.05520809270806,27.574919976799585,28.018912145395102,3.44,72.0,3.38,16.68
LCII,1999-09-29,2.6786949634552,2.6786949634552,2.6786949634552,2.6786949634552,13800,39.570586328560296,29.795950628120398,24.96855657675015,27.556149444183127,27.98347555217096,3.39,72.0,3.37,16.89
LCII,1999-09-30,2.640428273431186,2.793496579137342,2.640428273431186,2.7743630409240723,13000,41.653559787707074,30.91627257021237,25.69830169371139,27.876864182957373,28.16979207070026,3.34,75.0,2.95,15.29
LCII,1999-10-01,2.7360964086320667,2.755229949951172,2.716962867312961,2.755229949951172,5200,41.64844584946608,30.8981087269872,25.67028397914998,27.847482044714216,28.168489655521622,3.29,75.0,2.57,15.31
LCII,1999-10-04,2.7360962270057363,2.79349684715271,2.7360962270057363,2.79349684715271,2000,42.07328185519565,30.977883197335792,25.78223997435169,27.191635953871803,28.10093799532616,3.23,77.0,2.18,15.05
LCII,1999-10-05,2.755229767054727,2.79349684715271,2.755229767054727,2.79349684715271,11000,42.07328185519565,30.977883197335792,25.78223997435169,27.1744345813041,28.085335022817258,3.18,77.5,1.83,15.05
LCII,1999-10-06,2.831763744354248,2.8700308219806567,2.831763744354248,2.831763744354248,7000,42.508855421268166,31.180763454367288,25.92079728353732,27.162545292747716,28.10702098223703,3.13,79.0,1.5,14.77
LCII,1999-10-07,2.8700291710411943,2.8700291710411943,2.850895643234253,2.850895643234253,1000,38.72959105010156,31.251231976767986,25.93682872324238,27.092106034370033,28.041446606030856,3.08,80.0,1.2,14.74
LCII,1999-10-08,2.850895643234253,2.850895643234253,2.850895643234253,2.850895643234253,4800,38.15263092113146,31.235528233624187,25.919090558696855,26.77746435000269,27.49158219715876,3.03,79.0,0.93,14.83
LCII,1999-10-11,2.8317621154273116,2.850895643234253,2.8317621154273116,2.850895643234253,6000,38.15263092113146,31.21630624443188,25.668580537313296,25.721728110263914,27.39749133632701,2.98,75.0,0.7,15.4
LCII,1999-10-12,2.8508976565466986,2.8508976565466986,2.755229949951172,2.755229949951172,18600,38.80632308207584,31.382333176327894,26.113922858598237,25.9888044265659,27.504808620270317,2.92,84.0,0.5,14.18
LCII,1999-10-13,2.716963291168213,2.716963291168213,2.716963291168213,2.716963291168213,5000,37.560426024720115,31.421935739470193,26.160778791047523,25.937271745418133,27.537468292847265,2.87,86.0,0.32,13.99
LCII,1999-10-14,2.716962034361703,2.716962034361703,2.6786949634552,2.6786949634552,68200,37.35206690829824,31.45944617278882,26.04924775205591,25.845745246892033,27.570778440731036,2.81,84.0,0.18,14.12
LCII,1999-10-15,2.640427554610872,2.640427554610872,2.6212940216064453,2.6212940216064453,35000,37.522287079958986,31.46459169926971,26.162292751898686,25.910862681036978,27.650426088332914,2.76,88.0,0.06,13.72
LCII,1999-10-18,2.602160418475116,2.602160418475116,2.583026885986328,2.583026885986328,10200,37.43560623128947,31.493177296206987,26.215508592865998,25.913550072375273,27.68544352541728,2.71,89.0,-0.03,13.54
LCII,1999-10-19,2.602160418475116,2.602160418475116,2.583026885986328,2.583026885986328,1400,37.36998568027911,31.493177296206987,26.215508592865998,25.83098142968093,27.655755213157395,2.65,89.5,-0.14,13.54
LCII,1999-10-20,2.583027631044388,2.602161169052124,2.583027631044388,2.602161169052124,6000,37.59192877711406,31.589838235703986,26.265650014328994,25.853484416718846,27.43193852657859,2.6,92.0,-0.26,13.49
LCII,1999-10-21,2.6021616193983292,2.755229949951172,2.6021616193983292,2.755229949951172,31600,42.2232557210978,34.118061117352646,27.990142870887773,26.76961309227059,28.020201781963898,2.57,99.0,-0.4,11.46
LCII,1999-10-22,2.716963291168213,2.716963291168213,2.716963291168213,2.716963291168213,4400,42.214455006075106,34.168099964940296,28.034487070143715,26.796322063672424,28.051556122547854,2.57,100.0,-0.53,11.33
LCII,1999-10-25,2.7169623675046264,2.7552294431032833,2.67869529190597,2.736095905303955,10400,42.37194783850098,34.23927860282948,28.083872237849533,26.81402568450899,27.764412541624417,2.58,100.0,-0.65,11.27
LCII,1999-10-26,2.7743630409240723,2.7743630409240723,2.7743630409240723,2.7743630409240723,400,42.76917476372212,34.39362037537159,28.21360642501716,26.7257363900553,27.748454745693923,2.59,100.0,-0.76,11.05
LCII,1999-10-27,2.7743634912702775,2.7743634912702775,2.755229949951172,2.755229949951172,800,42.72007344750385,34.3965258481296,28.214294480209485,26.535231159129026,27.736363149010856,2.61,100.0,-0.86,11.03
LCII,1999-10-28,2.755229949951172,2.755229949951172,2.755229949951172,2.755229949951172,8200,41.97068615288872,34.3965258481296,28.199567365930072,26.523712739807166,27.736363149010856,2.62,98.0,-0.96,11.09
LCII,1999-10-29,2.755229949951172,2.7934970325893826,2.755229949951172,2.755229949951172,6000,41.665835936995364,34.3965258481296,28.124835497681637,26.523712739807166,27.71062428212165,2.63,97.0,-1.04,11.21
LCII,1999-11-01,2.755229949951172,2.755229949951172,2.755229949951172,2.755229949951172,4400,41.665835936995364,34.3965258481296,28.124835497681637,26.523712739807166,27.685207897501073,2.66,96.5,-1.12,11.21
LCII,1999-11-02,2.716963291168213,2.716963291168213,2.716963291168213,2.716963291168213,600,41.698557449087964,34.44896429337766,28.174158154823942,26.56217580881891,27.62331594472486,2.69,97.0,-1.2,11.09
LCII,1999-11-03,2.716963291168213,2.716963291168213,2.716963291168213,2.716963291168213,0,41.671838708550865,34.31659534159401,28.14733194305789,26.471003632124567,27.598590874653556,2.72,96.0,-1.27,11.12
LCII,1999-11-04,2.755229949951172,2.755229949951172,2.755229949951172,2.755229949951172,6400,41.95675820006286,34.51635649072079,28.264470763846173,26.53296180698494,26.67290327446044,2.76,100.0,-1.33,10.97
LCII,1999-11-05,2.716963291168213,2.7360968354722144,2.716963291168213,2.716963291168213,8800,29.591044159569375,34.555384266114544,28.234564139141092,26.569968355158718,26.695121991270604,2.8,99.0,-1.39,10.96
LCII,1999-11-08,2.6786946559297866,2.6786946559297866,2.6404275894165044,2.640427589416504,7400,30.653141108699515,34.878646884557114,28.42942162135258,26.72058993292965,26.83041977969462,2.85,100.0,-1.44,10.51
LCII,1999-11-09,2.6404278925486975,2.6786949634552,2.6404278925486975,2.6786949634552,11000,28.526803938188795,35.09652997903664,28.56055433769878,26.770574908889838,26.87731298353243,2.9,100.0,-1.49,10.34
LCII,1999-11-10,2.6786949634552,2.6786949634552,2.6786949634552,2.6786949634552,0,28.526803938188795,35.09280044354456,28.548505202867585,26.67262847296992,26.86460566782458,2.95,99.0,-1.54,10.39
LCII,1999-11-11,2.716963291168213,2.716963291168213,2.716963291168213,2.716963291168213,4000,26.888514935740965,35.287606532352655,28.682111980629966,26.532903941730602,26.84517243777605,3.0,100.0,-1.59,10.19
LCII,1999-11-12,2.716963291168213,2.716963291168213,2.716963291168213,2.716963291168213,0,26.824059210387308,35.2745591574332,28.686086889248653,26.532903941730602,26.8212399596079,3.05,100.0,-1.63,10.19
LCII,1999-11-15,2.6978284989084518,2.6978284989084518,2.6786949634552,2.6786949634552,6600,26.757214629835737,35.32014659616572,28.736293607000533,26.57312802058093,26.85151711015295,3.1,100.0,-1.66,10.08
LCII,1999-11-16,2.6786952323101936,2.697828769683838,2.6786952323101936,2.697828769683838,20800,26.86883450461069,35.38940351650831,28.655301079197137,26.495605305835902,26.864713890943147,3.14,97.0,-1.69,10.29
LCII,1999-11-17,2.697828769683838,2.697828769683838,2.697828769683838,2.697828769683838,0,26.505959801321367,35.374633982875146,28.655301079197137,26.415608214408625,26.864713890943147,3.18,96.5,-1.72,10.29
LCII,1999-11-18,2.6786956068587626,2.79349684715271,2.6786956068587626,2.79349684715271,16400,28.456049589601236,34.26377547891285,29.259637910975773,26.63767373378445,27.093548617802064,3.24,100.0,-1.74,9.52
LCII,1999-11-19,2.8317635663350424,2.870030641555786,2.8317635663350424,2.870030641555786,3200,29.568513269064102,34.63150608844941,29.293044848116967,26.817054855423795,27.217300704680923,3.29,100.0,-1.75,9.48
LCII,1999-11-22,2.850897133745105,2.9082977471762144,2.850897133745105,2.8891642093658447,8800,29.626813667319773,34.6940556225292,29.328146379746826,26.823277981478384,27.22820726292187,3.34,100.0,-1.76,9.45
LCII,1999-11-23,2.870030641555786,2.870030641555786,2.8317635663350424,2.870030641555786,9800,27.857440920582633,34.61886441958376,29.309771430284442,26.818690252888324,27.21106392791455,3.38,99.0,-1.77,9.49
LCII,1999-11-24,2.8700308219806567,2.8700308219806567,2.831763744354248,2.831763744354248,2200,27.83094846802078,33.7406638065283,29.357203501457967,26.83661690435776,27.203670966858397,3.43,100.0,-1.78,9.38
LCII,1999-11-26,2.850895643234253,2.850895643234253,2.850895643234253,2.850895643234253,1400,27.47241919379518,33.75678033317078,29.392443065994083,26.83538089527122,27.21235562489995,3.47,100.0,-1.78,9.34
LCII,1999-11-29,2.8126285876203707,2.850895643234253,2.8126285876203707,2.850895643234253,4400,26.54773468849349,33.73038374558572,29.369153774259164,26.800057178097493,27.21235562489995,3.51,99.0,-1.78,9.4
LCII,1999-11-30,2.8891635286180595,3.003964728430698,2.8700299953159534,2.908297061920166,18200,26.461191090988166,34.06262517227109,29.515100563338848,26.900812593630302,27.278428613685108,3.55,100.0,-1.77,9.2
LCII,1999-12-01,2.8317635663350424,2.870030641555786,2.8317635663350424,2.870030641555786,5200,26.907830489249594,33.89953274889192,29.562085149481764,26.84077565463584,27.222305827354422,3.6,100.0,-1.77,9.09
LCII,1999-12-02,2.850895643234253,2.850895643234253,2.850895643234253,2.850895643234253,800,27.04072879130169,33.902424962474036,29.54318972144079,26.84763331477044,27.191913209062324,3.63,99.0,-1.76,9.13
LCII,1999-12-03,2.8891635286180595,2.927430595222272,2.8891635286180595,2.908297061920166,7400,22.304819006339173,34.222975671070806,29.75545809774719,26.965708332986104,27.273018949779686,3.67,100.0,-1.74,8.86
LCII,1999-12-06,2.9465641285243787,2.9465641285243787,2.908297061920166,2.908297061920166,4200,21.8073341325289,34.222975671070806,29.72900514279359,26.965708332986104,27.266362366755885,3.71,99.0,-1.72,8.92
LCII,1999-12-07,2.9082973653619937,2.9465644359588623,2.9082973653619937,2.9465644359588623,600,21.991741113792294,34.37045072494497,29.796941543753398,27.018872539166424,27.299847958252172,3.75,100.0,-1.7,8.88
LCII,1999-12-08,2.9082977167765303,2.9082977167765303,2.870030641555786,2.870030641555786,4000,23.23007602265423,34.712969392623116,29.81313036609959,27.080363950508747,27.410269371429198,3.79,100.0,-1.67,8.74
LCII,1999-12-09,2.908297163440335,2.984831299320344,2.908297163440335,2.965697765350342,29600,24.830148875793533,35.47022361709084,30.332121360153337,27.270097601494502,27.603603701329938,3.83,100.0,-1.64,8.15
LCII,1999-12-10,2.946564822796954,2.946564822796954,2.870030671555475,2.8891642093658447,19000,26.174511271598423,35.19478500251931,30.568187763953063,27.421584270484516,27.718327274651745,3.87,100.0,-1.61,7.77
LCII,1999-12-13,2.8508972537760835,2.8508972537760835,2.774363099312296,2.8126301765441895,16000,27.4414342660663,35.28720394670189,30.742879986252703,27.512531831351346,27.769457565002448,3.91,100.0,-1.58,7.48
LCII,1999-12-14,2.774363099312296,2.8126301765441895,2.774363099312296,2.8126301765441895,6800,27.4414342660663,35.28720394670189,30.742879986252703,27.490573269924027,27.73045258899695,3.95,99.5,-1.55,7.48
LCII,1999-12-15,2.7743633071037186,2.79349684715271,2.7743633071037186,2.79349684715271,8400,27.186014801941976,35.24217557750947,30.74629659998369,27.390970296199026,27.712339761704175,3.98,100.0,-1.51,7.46
LCII,1999-12-16,2.7552290829745205,2.9465644359588623,2.7552290829745205,2.9465644359588623,69000,31.13742103695275,36.9621210061513,32.01199364650888,27.860438413731647,28.238019783337652,4.04,100.0,-1.47,6.59
LCII,1999-12-17,2.9082977471762144,2.9082977471762144,2.8891642093658447,2.8891642093658447,32000,31.602342934324817,37.08902677177861,32.12799241141629,27.82106755182398,28.277724589341585,4.09,100.0,-1.43,6.43
LCII,1999-12-20,2.889164360793861,2.889164360793861,2.831763744354248,2.831763744354248,5400,31.91032742417226,30.566399820151158,32.24626343118005,27.644858237235475,28.339126830279344,4.13,100.0,-1.38,6.28
LCII,1999-12-21,2.8317639272506923,2.8317639272506923,2.79349684715271,2.79349684715271,4800,30.970445763409195,30.697606611969835,32.269769278226725,27.6805043046849,28.251649757783394,4.18,100.0,-1.32,6.25
LCII,1999-12-22,2.79349684715271,2.79349684715271,2.79349684715271,2.79349684715271,19400,30.745328447893343,29.425724292899698,32.24783397213367,27.6805043046849,28.251649757783394,4.22,99.0,-1.26,6.27
LCII,1999-12-23,2.79349684715271,2.79349684715271,2.79349684715271,2.79349684715271,12600,30.745328447893343,29.425724292899698,32.24825397320607,27.66288066513282,28.251649757783394,4.26,99.0,-1.19,6.27
LCII,1999-12-27,2.79349684715271,2.79349684715271,2.79349684715271,2.79349684715271,27200,30.50665143618545,28.53940036706962,32.24825397320607,26.996763409484448,28.234486442235024,4.29,98.5,-1.12,6.27
LCII,1999-12-28,2.8317639272506923,2.8317639272506923,2.79349684715271,2.79349684715271,11000,30.50665143618545,28.501755770089016,32.24825397320607,26.996763409484448,28.210084641619375,4.33,98.0,-1.04,6.27
LCII,1999-12-29,2.7743630409240723,2.8317636555638805,2.7743630409240723,2.7743630409240723,25600,30.264565419095057,28.396186453797977,32.25213511421225,26.828636217531717,28.16470624785949,4.35,99.0,-0.95,6.26
LCII,1999-12-30,2.8317639272506923,2.8317639272506923,2.79349684715271,2.79349684715271,7200,30.260471092019387,28.432281759246624,32.28566647543484,26.840775118805134,28.135685586976795,4.38,100.0,-0.85,6.24
LCII,1999-12-31,2.755229949951172,2.755229949951172,2.755229949951172,2.755229949951172,11800,30.568969630963917,28.426745710919327,32.26472210826057,26.842595908015554,28.164751289518293,4.4,98.0,-0.76,6.23
LCII,2000-01-03,2.7552295891014302,2.831763744354248,2.7552295891014302,2.831763744354248,27000,29.915275481633174,28.960474962648448,32.59618382835279,27.018399460007174,28.30757722046542,4.42,100.0,-0.65,5.95
LCII,2000-01-04,2.79349684715271,2.79349684715271,2.79349684715271,2.79349684715271,1600,29.085182378478514,29.092153288225102,32.64116581375415,27.033805007112882,28.247979406556418,4.44,100.0,-0.53,5.89
LCII,2000-01-05,2.755229949951172,2.755229949951172,2.755229949951172,2.755229949951172,25600,29.2272769118814,29.22233104500846,32.686241465065,27.074242973007014,28.276516173250727,4.46,100.0,-0.4,5.82
LCII,2000-01-06,2.79349684715271,2.79349684715271,2.79349684715271,2.79349684715271,7000,29.518463202439438,28.51323747430275,32.78919576607585,26.617729273593397,27.82395524669916,4.47,100.0,-0.26,5.73
LCII,2000-01-07,2.79349684715271,2.79349684715271,2.79349684715271,2.79349684715271,6200,29.279051933100348,28.35905345469832,32.7669268017013,26.58044122155758,27.66920213621476,4.48,99.0,-0.1,5.77
LCII,2000-01-10,2.7552295891014302,2.831763744354248,2.7552295891014302,2.831763744354248,16800,29.492600677963093,28.3178233948595,32.83975137896883,26.36355236432909,27.69269006908865,4.48,100.0,0.09,5.72
LCII,2000-01-11,2.831763744354248,2.831763744354248,2.831763744354248,2.831763744354248,2400,29.492600677963093,27.92507447866453,32.81314192269168,26.097157188521518,27.676651865191932,4.49,99.0,0.29,5.76
LCII,2000-01-12,2.79349684715271,2.79349684715271,2.79349684715271,2.79349684715271,1600,29.099845352304627,27.899050567998163,32.861208874744456,26.13369875402571,27.688819378053815,4.48,100.0,0.52,5.7
LCII,2000-01-13,2.8317639272506923,2.8317639272506923,2.79349684715271,2.79349684715271,168800,28.88146057748494,27.899050567998163,32.861208874744456,26.011852074318618,27.66457620576139,4.47,99.5,0.77,5.7
LCII,2000-01-14,2.8317637151601365,2.87003079239203,2.8126301765441895,2.8126301765441895,10000,28.911694420290384,27.894124526800468,32.86358552290775,26.01633673922572,27.172960482391893,4.45,100.0,1.04,5.72
LCII,2000-01-18,2.8126301765441895,2.8126301765441895,2.8126301765441895,2.8126301765441895,0,28.260275359862874,25.348407530258292,31.632956804838745,26.01633673922572,27.15875915288919,4.43,79.0,1.28,6.44
LCII,2000-01-19,2.8508971039454143,2.889164179166158,2.8508971039454143,2.870030641555786,6000,28.928223509607932,25.490858698376663,31.71036897258741,26.060699791140795,27.194613875667166,4.41,79.0,1.39,6.36
LCII,2000-01-20,2.8317636555638805,2.8317636555638805,2.7743630409240723,2.7743630409240723,20600,30.197165353008078,26.434277573746407,32.09333349205317,26.33765564957079,27.325808248193383,4.38,80.0,1.38,5.93
LCII,2000-01-21,2.774363099312296,2.8126301765441895,2.774363099312296,2.8126301765441895,3600,29.61947284000332,26.430107219390376,32.137633974706134,26.400942271755422,27.139659801219153,4.36,81.0,1.39,5.93
LCII,2000-01-24,2.850895643234253,2.850895643234253,2.850895643234253,2.850895643234253,4200,28.220930124776622,26.525624489476517,31.59418374025228,26.427160690730506,26.451300835967288,4.34,75.0,1.67,6.49
LCII,2000-01-25,2.8317635663350424,2.870030641555786,2.8317635663350424,2.870030641555786,7400,27.300122684793386,26.554908263262227,31.602527718723717,26.42819964243795,26.448423288275375,4.29,75.0,1.91,6.49
LCII,2000-01-26,2.8317635663350424,2.870030641555786,2.8317635663350424,2.870030641555786,14600,26.107656170655197,26.554908263262227,31.572817037479034,26.417314477012756,26.379311445683634,4.24,73.0,2.2,6.54
LCII,2000-01-27,2.850897133745105,2.8891642093658447,2.850897133745105,2.8891642093658447,2600,26.16372805311092,26.58253713581337,31.60107603175979,26.424189829156486,26.304318369266383,4.18,74.0,2.44,6.52
LCII,2000-01-28,2.870030671555475,2.8891642093658447,2.870030671555475,2.8891642093658447,3000,26.063294767150925,26.40439300901603,31.436185172827518,26.424189829156486,26.281104535140603,4.12,71.0,2.84,6.75
LCII,2000-01-31,2.927431254386902,2.946564791997274,2.870030641555786,2.870030641555786,7600,20.907478808055355,26.450474787267588,31.44472779636036,26.42797292573546,26.26350616153015,4.05,71.0,3.26,6.73
LCII,2000-02-01,2.831763744354248,2.8700308219806567,2.831763744354248,2.831763744354248,2000,20.49363191356444,26.468327209325576,31.49347521247176,26.452603022907596,26.225909848276707,3.98,71.0,3.76,6.65
LCII,2000-02-02,2.831763744354248,2.831763744354248,2.831763744354248,2.831763744354248,1600,19.65099820411019,26.297007948200772,31.49347521247176,26.43597102242856,26.223374337698658,3.91,70.5,4.26,6.65
LCII,2000-02-03,2.831763744354248,2.831763744354248,2.831763744354248,2.831763744354248,1600,19.223421873390567,25.58114198841964,31.49347521247176,26.31469629470684,26.208303813530502,3.82,70.0,4.65,6.65
LCII,2000-02-04,2.831763744354248,2.831763744354248,2.831763744354248,2.831763744354248,0,19.223421873390567,25.433001833955583,31.49347521247176,26.298677055141773,26.201171414898834,3.71,69.5,4.7,6.65
LCII,2000-02-07,2.79349684715271,2.8317639272506923,2.755229767054727,2.79349684715271,25600,19.65099820411019,25.606419413874406,31.547192835882388,26.33493899925353,26.22787572152137,3.58,71.0,3.74,6.57
LCII,2000-02-08,2.7743630409240723,2.7743630409240723,2.7743630409240723,2.7743630409240723,1800,19.75170131035291,25.496165214320555,31.129969982310662,26.268497431479382,26.11849498329029,3.44,64.0,3.43,7.06
LCII,2000-02-09,2.755229949951172,2.7934970325893826,2.755229949951172,2.755229949951172,37800,19.846333451940758,25.539612656120013,30.944692258884682,26.262459482060972,25.985549438320234,3.28,63.0,3.47,7.32
LCII,2000-02-10,2.755229949951172,2.755229949951172,2.755229949951172,2.755229949951172,4000,19.75308872420606,25.36240846685014,30.944692258884682,26.26147807851387,25.978143122877896,3.1,62.5,2.97,7.32
LCII,2000-02-11,2.755229949951172,2.755229949951172,2.755229949951172,2.755229949951172,2200,19.63841515039247,25.324640158832278,30.900265172840307,26.26147807851387,25.978143122877896,2.9,61.0,2.26,7.41
LCII,2000-02-14,2.716962034361703,2.716962034361703,2.6786949634552,2.6786949634552,9200,20.888985867268843,25.99064590725667,31.145790088080876,26.427942001983517,26.116761636364878,2.68,64.0,1.22,7.08
LCII,2000-02-15,2.6786949634552,2.6786949634552,2.6786949634552,2.6786949634552,0,19.09112097035708,24.94856565277762,31.099485471438587,26.4132608412589,26.116761636364878,2.43,62.0,0.04,7.17
LCII,2000-02-16,2.6404275894165044,2.6786946559297866,2.6404275894165044,2.640427589416504,19000,19.134324074403718,24.420800065158968,26.491522413280684,26.452270048350236,26.07962615586416,2.39,19.0,-0.07,1.63
LCII,2000-02-17,2.6595618724823,2.6595618724823,2.6595618724823,2.6595618724823,3000,18.965798312128033,24.42917745489851,26.520213756600786,26.47330178628166,26.090846790479983,2.35,19.0,-0.18,1.6
LCII,2000-02-18,2.6404275894165044,2.6595611226731455,2.6404275894165044,2.640427589416504,6600,18.496443647953654,24.434763488745403,25.69795324847,26.479112986332233,26.094667381636878,2.34,4.0,-0.19,1.71
LCII,2000-02-22,2.602161169052124,2.602161169052124,2.602161169052124,2.602161169052124,12800,18.84819525653874,24.46066505280447,25.800163357238027,26.518993189196838,26.10194503005603,2.33,7.0,-0.17,1.67
LCII,2000-02-23,2.583027509125796,2.583027509125796,2.5256268978118896,2.5256268978118896,6400,19.83123423001232,25.081768314806386,25.59211900833201,26.704814620941153,26.241458656879317,2.33,1.0,0.09,1.81
LCII,2000-02-24,2.5638942431686518,2.5638942431686518,2.5447607040405273,2.5447607040405273,65000,20.07647741587164,25.155302274035403,25.609100502489113,26.69079763271107,26.18314819585677,2.33,2.0,0.11,1.78
LCII,2000-02-25,2.5447607040405273,2.5447607040405273,2.5447607040405273,2.5447607040405273,0,19.871234565605345,24.74488431120871,25.50248563835978,26.69079763271107,26.03630091080215,2.33,1.0,0.08,1.87
LCII,2000-02-28,2.506493479013443,2.506493479013443,2.4490928649902344,2.4490928649902344,4000,22.304813156669148,25.735529562670262,26.18319474463598,27.02694905732695,26.29516106353113,2.33,14.0,0.57,1.71
LCII,2000-02-29,2.4490924541766828,2.4873595237731934,2.4490924541766828,2.4873595237731934,41800,22.81973500441327,25.98718718579498,26.212451601507336,27.09665670349688,26.350456582140946,2.32,14.0,0.56,1.69
LCII,2000-03-01,2.4490924864324906,2.506493091583252,2.4490924864324906,2.506493091583252,15800,23.046224421942647,25.658885300083213,26.220113452727272,27.108148409528898,26.29449800078218,2.32,16.0,0.46,1.68
LCII,2000-03-02,2.487359941005707,2.487359941005707,2.4490928649902344,2.4490928649902344,3000,22.53662113719415,26.000306765520403,26.448078542278203,27.179701053262317,26.326832396694062,2.31,17.0,0.52,1.59
LCII,2000-03-03,2.41082501411438,2.41082501411438,2.3725579503982783,2.41082501411438,37400,21.102244606040294,25.916555568794703,26.543040529667817,27.184239315396084,26.269682009499796,2.3,19.0,0.67,1.55
LCII,2000-03-06,2.41082501411438,2.41082501411438,2.41082501411438,2.41082501411438,0,20.428120702391116,25.47766997482673,26.028733338982864,27.172619482861844,26.243090258295492,2.3,6.0,0.68,1.71
LCII,2000-03-07,2.372558288886899,2.372558288886899,2.3342912197113037,2.3342912197113037,92000,21.093426122434998,25.06954790685862,26.413640135009807,27.38472766372948,26.410135260686545,2.29,15.0,1.0,1.58
LCII,2000-03-08,2.315158098936081,2.315158098936081,2.2960245609283447,2.2960245609283447,12400,20.888566430331192,24.78239334690512,26.44485640914952,27.43119104843449,26.441022683223864,2.29,15.0,1.34,1.57
LCII,2000-03-09,2.2960241505357084,2.3342912197113037,2.2960241505357084,2.3342912197113037,2400,21.92371089403169,24.65567512567969,26.400128787598927,27.525404073715737,26.49358958179308,2.28,13.0,1.33,1.53
LCII,2000-03-10,2.2960245609283447,2.2960245609283447,2.2960245609283447,2.2960245609283447,9800,21.708542318236333,24.79899978985359,26.425512837803716,27.57257824796816,26.521138103104047,2.28,14.0,1.42,1.52
LCII,2000-03-13,2.2577570813601135,2.3342912197113037,2.2194900121845182,2.3342912197113037,8800,22.7203422090247,25.120299640681328,26.574118806515457,27.586524000840225,26.557984879621515,2.28,19.0,1.32,1.41
LCII,2000-03-14,2.2960241505357084,2.3342912197113037,2.2960241505357084,2.3342912197113037,800,22.8135588018866,22.221973626127106,26.54059099733364,27.586524000840225,26.545796830285042,2.27,17.0,1.18,1.44
LCII,2000-03-15,2.296023809609293,2.296023809609293,2.2386232143690603,2.276890277862549,4400,23.33565166168981,22.40559629025077,25.115084621841415,27.697660604621348,26.579546118304016,2.31,1.0,1.03,0.77
LCII,2000-03-16,2.315157685123506,2.3342912197113037,2.315157685123506,2.3342912197113037,3400,25.061523021611197,22.914939119266947,25.396011140219443,27.686138487342742,26.713671777696362,2.35,2.0,0.79,0.65
LCII,2000-03-17,2.2960241505357084,2.3342912197113037,2.2960241505357084,2.3342912197113037,3000,25.061523021611197,22.821008486171397,25.36038468142711,27.686405953774663,26.713671777696362,2.38,2.0,0.56,0.67
LCII,2000-03-20,2.3342915753186757,2.3342915753186757,2.2577574253082275,2.2577574253082275,7600,26.155696979129917,23.64212010377698,25.732088757510418,27.909642198842445,26.89849017776598,2.41,8.0,0.43,0.64
LCII,2000-03-21,2.2577574253082275,2.2577574253082275,2.2577574253082275,2.2577574253082275,0,26.179253133671054,23.64212010377698,25.722268524880338,27.909642198842445,26.89849017776598,2.44,8.0,0.28,0.64
LCII,2000-03-22,2.2577574253082275,2.2577574253082275,2.219490350303003,2.2577574253082275,3200,26.260033206264133,23.64212010377698,25.722268524880338,27.909642198842445,26.830536023671403,2.46,8.5,0.14,0.64
LCII,2000-03-23,2.219490437468221,2.3151581287384033,2.219490437468221,2.3151581287384033,9000,27.84703182335978,24.352279911797837,26.07803674184735,28.08860908268856,26.892481250127155,2.48,13.0,-0.04,0.5
LCII,2000-03-24,2.334291636943817,2.334291636943817,2.2960245609283447,2.2960245609283447,10000,27.800647155258996,24.363390314580478,26.097208891594313,28.054459741641214,26.891195570287774,2.5,14.0,-0.2,0.5
LCII,2000-03-27,2.2577574253082275,2.2577574253082275,2.2577574253082275,2.2577574253082275,2400,27.90792826941172,24.430373126472098,26.134491847896957,28.102393590415453,26.87371890636041,2.52,15.0,-0.32,0.48
LCII,2000-03-28,2.219490350303003,2.2577574253082275,2.219490350303003,2.2577574253082275,11200,27.204573216620197,24.34672321310816,26.134491847896957,28.08968192225805,26.859647639253126,2.54,15.5,-0.44,0.48
LCII,2000-03-29,2.257757987294878,2.257757987294878,2.1429567337036133,2.1429567337036133,3200,30.284732294372173,25.494045033306378,27.202977569536046,28.691164555519798,27.25612521310859,2.55,30.0,-0.44,0.72
LCII,2000-03-30,2.1429567337036133,2.1429567337036133,2.1429567337036133,2.1429567337036133,3400,30.28489191373824,25.442227485196106,27.143367953542313,28.67949758237312,27.03769686303263,2.56,30.0,-0.47,0.75
LCII,2000-03-31,2.1429567337036133,2.181223818234035,2.1429567337036133,2.1429567337036133,9600,30.06262092925106,25.382110844547316,26.81835303066042,28.66710974976113,26.93882712201851,2.57,30.0,-0.51,0.87
LCII,2000-04-03,2.1429567337036133,2.1429567337036133,2.1429567337036133,2.1429567337036133,1400,30.134926446467432,25.1208029626805,26.690299710542824,28.527577859571636,26.736388702895532,2.58,30.0,-0.58,0.94
LCII,2000-04-04,2.1429567337036133,2.1429567337036133,2.06642256464277,2.1429567337036133,16400,30.110327778309877,25.1208029626805,26.690299710542824,28.527577859571636,26.736388702895532,2.6,30.5,-0.65,0.94
LCII,2000-04-05,2.1046896491731917,2.181223818234035,2.1046896491731917,2.1429567337036133,16200,29.328921460548663,24.857215774672976,26.562898244461923,28.527577859571636,26.736388702895532,2.61,29.0,-0.73,1.01
LCII,2000-04-06,2.104689359664917,2.104689359664917,2.104689359664917,2.104689359664917,7800,29.278339638355412,24.987344083941075,26.675686349656296,28.538146155677634,26.771247312664627,2.62,31.0,-0.79,0.95
LCII,2000-04-07,2.1429563154254043,2.1812233924865723,2.1046892383642364,2.1812233924865723,9200,31.680810682506493,26.26894383777073,27.290986298839854,28.904267985439457,26.565399280101747,2.63,37.0,-0.88,0.84
LCII,2000-04-10,2.1812233924865723,2.1812233924865723,2.1812233924865723,2.1812233924865723,0,30.100601219333438,26.26894383777073,27.25346020097922,28.904267985439457,26.565399280101747,2.64,37.0,-0.97,0.86
LCII,2000-04-11,2.1812233924865723,2.1812233924865723,2.1812233924865723,2.1812233924865723,0,29.564482408719545,26.184533818378057,27.25346020097922,28.904267985439457,26.44425576752583,2.65,37.5,-1.06,0.86
LCII,2000-04-12,2.1429567337036133,2.1429567337036133,2.1429567337036133,2.1429567337036133,2800,29.58070522775355,26.313125919439074,26.710046880589733,28.954628279546956,26.489278734384982,2.66,34.0,-1.13,0.96
LCII,2000-04-13,2.142956200292555,2.2577574253082275,2.142956200292555,2.2577574253082275,12400,33.42130934506402,28.335852407218276,27.70173671532573,29.68173438975168,27.00528807695871,2.66,41.0,-1.2,1.31
LCII,2000-04-14,2.21949046954774,2.21949046954774,2.1812233924865723,2.1812233924865723,600,34.4808690130611,28.362443046598706,28.12614956528955,29.905237358317894,27.173081873959326,2.67,42.0,-1.26,1.2
LCII,2000-04-17,2.1812233924865723,2.1812233924865723,2.1812233924865723,2.1812233924865723,0,34.4808690130611,28.135174664258134,28.122873955022715,29.891732737094966,27.158594940393677,2.67,42.0,-1.32,1.19
LCII,2000-04-18,2.1429561417678307,2.2194902896881104,2.1429561417678307,2.2194902896881104,36400,33.858868660436855,28.250678754521026,28.25017682476233,29.986564323621224,27.226131960441773,2.67,44.0,-1.37,1.11
LCII,2000-04-19,2.2194902896881104,2.2194902896881104,2.2194902896881104,2.2194902896881104,24000,33.56664165080338,28.17398210743819,28.214743170074698,29.986564323621224,26.852664825430946,2.67,44.0,-1.42,1.14
LCII,2000-04-20,2.2003562450408936,2.2003562450408936,2.2003562450408936,2.2003562450408936,2600,33.207051423032595,28.173626504463513,28.2286617516971,29.99280184758281,26.83189759023473,2.67,45.0,-1.46,1.13
LCII,2000-04-24,2.1812235181981867,2.2003570578315044,2.104689359664917,2.104689359664917,53600,35.197328490037734,29.241672273707326,28.766180736019702,30.392489810799976,26.962648508907332,2.67,47.0,-1.49,1.13
LCII,2000-04-25,2.142956438931552,2.142956438931552,2.104689359664917,2.104689359664917,4800,34.72733257540418,29.241672273707326,28.725662089392483,30.393526196028496,26.76944668590076,2.68,47.0,-1.51,1.14
LCII,2000-04-26,2.1429567337036133,2.181223818234035,2.1429567337036133,2.1429567337036133,7000,35.271347892359586,29.626811859712994,28.914268026336515,30.453807837380836,26.846541036847654,2.68,49.0,-1.54,1.04
LCII,2000-04-27,2.142955986229149,2.142955986229149,2.1238224506378174,2.1238224506378174,1600,34.70371992670497,29.585918828764147,28.697638282095582,30.44913411737945,26.765098143037992,2.67,47.0,-1.57,1.16
LCII,2000-04-28,2.1238222797360042,2.1620893478393555,2.1238222797360042,2.1620893478393555,2600,34.28133754873708,29.933829656150067,28.886818863986825,30.546941984183874,26.83247677648943,2.67,50.0,-1.59,1.06
LCII,2000-05-01,2.334290306742598,2.353423833847046,2.296023252533703,2.353423833847046,23200,42.624496902450815,35.0799892123778,31.97879596348658,32.259474667845026,28.21246215602932,2.69,77.0,-1.61,3.24
LCII,2000-05-02,2.353423833847046,2.353423833847046,2.353423833847046,2.353423833847046,0,41.41839720106053,35.0799892123778,31.746635017499926,32.259474667845026,28.158001943592392,2.7,76.0,-1.62,3.35
LCII,2000-05-03,2.3151581287384033,2.3151581287384033,2.3151581287384033,2.3151581287384033,800,41.7372578215064,35.120330002796955,31.33268351351547,32.28749961879905,28.1941918082437,2.71,62.0,-1.64,3.69
LCII,2000-05-04,2.3151581287384033,2.3151581287384033,2.296024590484367,2.3151581287384033,4200,41.7372578215064,35.1172915712883,31.104007540746466,32.273835880914895,28.1941918082437,2.71,59.0,-1.64,3.81
LCII,2000-05-05,2.296024590484367,2.3151581287384033,2.296024590484367,2.3151581287384033,3200,41.098086496141676,35.113065290369185,30.85378614662382,32.2594641777037,28.16969373959941,2.71,54.0,-1.65,3.96
LCII,2000-05-08,2.315158098936081,2.315158098936081,2.2960245609283447,2.2960245609283447,10800,41.098086496141676,35.12497376427097,30.868581411717795,32.26597442002873,28.1658136148745,2.71,54.0,-1.65,3.96
LCII,2000-05-09,2.3342912197113037,2.3534247542991014,2.3342912197113037,2.3342912197113037,5000,41.04909720768477,35.34868112946678,30.998578894742955,32.342282766444356,28.21855372804786,2.71,57.0,-1.64,3.81
LCII,2000-05-10,2.296024590484367,2.3151581287384033,2.296024590484367,2.3151581287384033,6000,41.13766900359766,34.97069522846113,29.725471635663354,32.333700105964915,28.21673720230426,2.7,52.0,-1.65,4.39
LCII,2000-05-11,2.3151581287384033,2.3151581287384033,2.3151581287384033,2.3151581287384033,0,37.949728680595015,34.97069522846113,29.598466146620307,31.647276265736085,28.21673720230426,2.68,52.0,-1.64,4.48
LCII,2000-05-12,2.2960245609283447,2.2960245609283447,2.2960245609283447,2.2960245609283447,4200,38.07470120955661,34.903958157420725,29.47648809843336,31.581198357570866,28.222188907150475,2.66,52.0,-1.63,4.57
LCII,2000-05-15,2.296024445564516,2.37255859375,2.296024445564516,2.37255859375,9400,39.075460542151745,35.5893857587154,29.932004956471886,31.857725746262698,28.428520999282618,2.65,55.0,-1.62,4.15
LCII,2000-05-16,2.37255859375,2.37255859375,2.37255859375,2.37255859375,0,39.075460542151745,35.574068421091084,29.932004956471886,31.821528673545775,28.418183744172804,2.63,55.5,-1.59,4.15
LCII,2000-05-17,2.410825667842742,2.410825667842742,2.37255859375,2.37255859375,3600,39.075460542151745,35.4751085113734,29.932004956471886,31.462334282304866,28.3364609290843,2.61,56.0,-1.57,4.15
LCII,2000-05-18,2.37255859375,2.37255859375,2.37255859375,2.37255859375,0,39.075460542151745,34.98156811314178,29.932004956471886,31.450406111626588,28.326492858903606,2.59,56.5,-1.54,4.15
LCII,2000-05-19,2.37255859375,2.37255859375,2.37255859375,2.37255859375,0,38.56311596384081,34.93658265466756,29.932004956471886,31.434626091443292,28.326492858903606,2.58,57.0,-1.51,4.15
LCII,2000-05-22,2.37255859375,2.37255859375,2.37255859375,2.37255859375,0,37.38110393440587,34.93658265466756,29.92126250689039,31.434626091443292,28.27830982893209,2.56,55.0,-1.47,4.15
LCII,2000-05-23,2.3342912197113037,2.3342912197113037,2.3342912197113037,2.3342912197113037,1200,37.78197790436663,34.21983006256705,29.980512956299094,31.390044909291838,28.305580237707428,2.54,61.0,-1.44,4.14
LCII,2000-05-24,2.3342915753186757,2.3342915753186757,2.2577574253082275,2.2577574253082275,5600,39.165361131835866,34.68658954518314,30.33796615249935,31.605286186765248,28.476048939159078,2.52,62.0,-1.4,3.92
LCII,2000-05-25,2.2960245609283447,2.334291636943817,2.2960245609283447,2.2960245609283447,6200,38.998813367611476,34.84132704074342,30.122610543933824,31.68359965036145,28.538795503260637,2.5,62.0,-1.36,4.08
LCII,2000-05-26,2.296024623670076,2.296024623670076,2.1429563154254043,2.1812233924865723,38000,39.02854327483828,36.04572107300333,31.068396691109058,32.2105707262121,28.94919258597688,2.48,70.0,-1.32,3.71
LCII,2000-05-30,2.162090275968824,2.162090275968824,2.1429567337036133,2.1429567337036133,24600,38.0741530562708,36.07986189064339,31.110780617755303,32.25946319587722,28.980412146982214,2.46,73.0,-1.27,3.68
LCII,2000-05-31,2.1429567337036133,2.1429567337036133,2.1429567337036133,2.1429567337036133,1400,38.0741530562708,36.07986189064339,31.00362367294765,32.25946319587722,28.980412146982214,2.44,70.0,-1.22,3.79
LCII,2000-06-01,2.2960249328613282,2.391692638397217,2.2960249328613282,2.391692638397217,6200,49.55807180887481,42.211776759728515,35.776247143933546,34.8921369511804,31.074200834507977,2.5,100.0,-1.16,6.84
LCII,2000-06-02,2.391690888055941,2.391690888055941,2.353423833847046,2.353423833847046,6400,49.848170407902295,42.20501854604641,35.766950856864064,34.721035273633994,31.10612310379442,2.57,99.0,-1.09,6.93
LCII,2000-06-05,2.353423833847046,2.353423833847046,2.353423833847046,2.353423833847046,800,49.75107733588166,42.07113960869873,35.766950856864064,34.62580358300424,31.10612310379442,2.63,98.5,-1.01,6.93
LCII,2000-06-06,2.315157982610887,2.37255859375,2.296024445564516,2.37255859375,16600,47.75662283212063,41.957051990813234,35.75131384716793,34.6447575550019,31.111986558037675,2.68,97.0,-0.93,6.89
LCII,2000-06-07,2.37255859375,2.37255859375,2.37255859375,2.37255859375,0,47.75662283212063,41.82465747677287,35.75131384716793,34.623657906405946,31.08985065457394,2.74,96.5,-0.84,6.89
LCII,2000-06-08,2.372558288886899,2.372558288886899,2.3342912197113037,2.3342912197113037,9800,47.9149794848306,41.96169188091744,35.8000781077347,34.6447885001146,31.12218875368861,2.8,100.0,-0.74,6.9
LCII,2000-06-09,2.3725579503982783,2.41082501411438,2.3725579503982783,2.41082501411438,2400,48.517444394404855,42.14775815597213,36.206824678642526,34.852539031395175,31.30866962985458,2.88,100.0,-0.64,6.43
LCII,2000-06-12,2.41082501411438,2.41082501411438,2.41082501411438,2.41082501411438,0,48.35721927963526,41.85142138589952,36.03963952104492,32.64509386897962,31.30175594194469,2.95,99.0,-0.54,6.65
LCII,2000-06-13,2.41082501411438,2.41082501411438,2.41082501411438,2.41082501411438,0,41.78834099167945,41.85142138589952,35.66955263521204,32.64509386897962,31.291791719117523,3.0,92.0,-0.42,6.92
LCII,2000-06-14,2.41082501411438,2.41082501411438,2.41082501411438,2.41082501411438,0,41.78834099167945,41.25231189508343,35.588101048420704,32.27599063532033,31.2699859343616,3.06,91.0,-0.3,7.05
LCII,2000-06-15,2.4108261795043946,2.4108261795043946,2.3725590972900394,2.391692638397217,4000,41.557764011323364,41.29362767326448,35.52010070058454,32.287722625816286,31.25367074847942,3.11,90.0,-0.17,7.18
LCII,2000-06-16,2.37255859375,2.37255859375,2.37255859375,2.37255859375,11600,41.64109450810295,41.33439896131467,35.507876505871835,32.018109934029845,31.24957595703656,3.16,89.0,-0.05,7.24
LCII,2000-06-19,2.3725579503982783,2.41082501411438,2.3725579503982783,2.41082501411438,8400,41.87140876753345,41.14765062517872,35.62037443986276,32.071935537111194,31.290485131969785,3.22,91.0,0.07,7.07
LCII,2000-06-20,2.41082501411438,2.41082501411438,2.41082501411438,2.41082501411438,0,41.77420433679775,41.10547570325704,35.59615475898369,32.02542154419137,31.290485131969785,3.27,90.0,0.16,7.12
LCII,2000-06-21,2.4108257594071034,2.449092834953248,2.4108257594071034,2.429959297180176,269600,41.58119457889213,40.96477586128942,35.628494207751785,32.04192197332454,31.303971067361907,3.32,91.0,0.22,7.06
LCII,2000-06-22,2.429959297180176,2.429959297180176,2.429959297180176,2.429959297180176,0,41.48491599635411,40.96477586128942,35.62078127422564,31.996367292026356,31.30276447480678,3.37,90.0,0.28,7.05
LCII,2000-06-23,2.4299589193784272,2.4873595237731934,2.410825384580172,2.4873595237731934,7800,41.95521697575022,39.66246029997531,35.7896700876839,32.11197967267572,31.346864633477367,3.43,97.0,0.34,6.77
LCII,2000-06-26,2.4490928649902344,2.4490928649902344,2.4490928649902344,2.4490928649902344,1400,42.16619029107652,39.83084509728144,35.85992724465162,32.15919240932673,31.377302565599148,3.48,98.0,0.4,6.74
LCII,2000-06-27,2.4490928649902344,2.4490928649902344,2.4490928649902344,2.4490928649902344,5600,41.15463778406046,39.83084509728144,35.85992724465162,32.15919240932673,31.3655232995081,3.53,97.5,0.41,6.74
LCII,2000-06-28,2.4299585459724304,2.4299585459724304,2.41082501411438,2.41082501411438,28600,41.44194156650027,39.99883889839423,35.930773850898326,31.96426844349097,31.27687373761054,3.58,98.0,0.38,6.71
LCII,2000-06-29,2.41082501411438,2.41082501411438,2.41082501411438,2.41082501411438,4800,41.44194156650027,39.99883889839423,35.88002413112878,31.925498385323873,31.27559745188294,3.63,97.0,0.38,6.72
LCII,2000-06-30,2.41082501411438,2.41082501411438,2.41082501411438,2.41082501411438,10400,41.44194156650027,39.99883889839423,35.8702826471924,31.885015193613015,31.264417407694374,3.68,96.0,0.38,6.71
LCII,2000-07-03,2.41082501411438,2.41082501411438,2.41082501411438,2.41082501411438,0,41.44194156650027,39.784257112635224,35.86001647851933,31.786296369900036,31.264417407694374,3.73,95.0,0.36,6.71
LCII,2000-07-05,2.37255859375,2.37255859375,2.37255859375,2.37255859375,3000,41.71836234736462,39.33606405349936,35.93472353792916,31.7948250899497,31.296542920959684,3.78,98.0,0.27,6.67
LCII,2000-07-06,2.37255859375,2.37255859375,2.37255859375,2.37255859375,0,41.43283332807267,39.33606405349936,35.93472353792916,31.7948250899497,31.285152226251284,3.82,97.5,0.05,6.67
LCII,2000-07-07,2.37255859375,2.37255859375,2.37255859375,2.37255859375,1800,40.17152885925111,39.33606405349936,35.67976684468089,31.78115284798157,31.262074707015596,3.87,83.0,0.02,6.85
LCII,2000-07-10,2.41082501411438,2.41082501411438,2.41082501411438,2.41082501411438,2000,40.14574569591935,39.243309771447784,35.78387292745877,31.095394092752016,31.312105574816645,3.91,88.0,-0.1,6.69
LCII,2000-07-11,2.41082501411438,2.41082501411438,2.41082501411438,2.41082501411438,2400,36.89088701498847,37.82236586068836,35.72022630429768,31.055539341755466,31.30050950107445,3.93,82.0,-0.15,6.72
LCII,2000-07-12,2.391692638397217,2.391692638397217,2.391692638397217,2.391692638397217,8000,36.51459283871844,37.141200218877536,35.713600976228264,31.05397323056995,31.306378215919274,3.96,81.0,-0.35,6.77
LCII,2000-07-13,2.391692638397217,2.391692638397217,2.391692638397217,2.391692638397217,400,36.51459283871844,37.141200218877536,35.700296338120644,31.00525896710557,31.294443817435948,3.97,80.0,-0.57,6.77
LCII,2000-07-14,2.391692638397217,2.391692638397217,2.391692638397217,2.391692638397217,0,17.897905014101088,36.99480036272142,35.633795953668255,30.99691586643717,31.28204789980003,3.98,77.0,-0.71,6.8
LCII,2000-07-17,2.429959297180176,2.429959297180176,2.429959297180176,2.429959297180176,600,17.79476846039986,37.11480549585738,35.42494693594286,31.0594194698945,31.248623971006467,3.98,69.0,-0.73,6.88
LCII,2000-07-18,2.429959356322769,2.468226432800293,2.429959356322769,2.468226432800293,2600,18.282931455250772,37.16427029412379,35.494138643520614,31.11933017878703,31.295887934650874,3.98,69.0,-0.79,6.78
LCII,2000-07-19,2.468226432800293,2.468226432800293,2.468226432800293,2.468226432800293,0,18.18273535448648,35.89025606733869,35.494138643520614,31.11933017878703,31.295887934650874,3.97,68.5,-0.86,6.78
LCII,2000-07-20,2.468226432800293,2.468226432800293,2.468226432800293,2.468226432800293,0,18.18273535448648,35.89025606733869,34.9668400210297,31.078677912836106,31.273340213234242,3.97,66.0,-0.86,7.18
LCII,2000-07-21,2.506493479013443,2.506493479013443,2.4490928649902344,2.4490928649902344,3800,17.628058008199954,35.80794307354584,34.900674491757655,31.090435931977634,31.278976985629885,3.97,65.0,-0.87,7.32
LCII,2000-07-24,2.4490928649902344,2.4490928649902344,2.4490928649902344,2.4490928649902344,0,15.042219135411008,35.73528395768291,34.878173174074426,31.042212803485253,31.278976985629885,3.96,64.0,-0.89,7.37
LCII,2000-07-25,2.4490928649902344,2.4490928649902344,2.4490928649902344,2.4490928649902344,0,15.042219135411008,35.5919376009449,34.68374238773578,31.001734004918724,31.278976985629885,3.95,63.0,-0.89,7.52
LCII,2000-07-26,2.41082501411438,2.449092077830481,2.41082501411438,2.41082501411438,9800,15.765117196219155,31.31948981524556,34.68374238773578,30.875558728294994,31.310266656473573,3.94,62.5,-0.89,7.52
LCII,2000-07-27,2.41082501411438,2.41082501411438,2.41082501411438,2.41082501411438,0,15.765117196219155,31.31948981524556,34.68374238773578,30.82473742117792,31.308805403838985,3.92,62.0,-0.89,7.52
LCII,2000-07-28,2.37255859375,2.37255859375,2.37255859375,2.37255859375,1000,16.28131464721529,31.310587351552854,34.39359216665482,30.878548724110672,31.329398928051493,3.9,60.0,-0.89,7.79
LCII,2000-07-31,2.334292015075684,2.391692638397217,2.334292015075684,2.391692638397217,3400,16.281314647215293,31.34936377857463,34.31107869029804,30.84542993553762,31.336906000247332,3.88,59.0,-0.89,7.81
LCII,2000-08-01,2.391692638397217,2.391692638397217,2.391692638397217,2.391692638397217,0,15.58327605670604,31.34936377857463,34.21358797777838,30.84542993553762,31.335369948651763,3.86,58.0,-0.89,7.98
LCII,2000-08-02,2.353423833847046,2.353423833847046,2.353423833847046,2.353423833847046,2000,16.246511401853994,31.484484932427957,34.2086673251053,30.858249432113986,31.368173578528086,3.84,57.0,-0.89,7.99
LCII,2000-08-03,2.3151581287384033,2.3151581287384033,2.3151581287384033,2.3151581287384033,4000,16.636359174891453,31.487576899689508,34.20901912058486,30.899552916464962,31.401828491717726,3.81,57.0,-0.89,8.09
LCII,2000-08-04,2.353424404849525,2.353424404849525,2.276890277862549,2.276890277862549,7600,17.188101756276588,31.627364537469376,34.31016996493162,30.95598129738641,31.436389849590846,3.79,58.0,-0.91,8.02
LCII,2000-08-07,2.2577567461158043,2.276890277862549,2.2577567461158043,2.276890277862549,1600,15.417044177058814,31.627364537469376,34.08176047628047,30.6619943113078,31.435119785793773,3.74,54.0,-0.91,8.22
LCII,2000-08-08,2.276890277862549,2.276890277862549,2.276890277862549,2.276890277862549,0,14.96803383302074,31.583168146449353,33.847148301650556,30.478705468863193,31.411322248420014,3.69,53.0,-0.92,8.6
LCII,2000-08-09,2.2386232143690603,2.315157341356037,2.2386232143690603,2.276890277862549,4000,14.96803383302074,30.828849776081213,33.847148301650556,30.4645015158491,31.400081287950776,3.64,52.5,-0.94,8.6
LCII,2000-08-10,2.2577574253082275,2.2577574253082275,2.2577574253082275,2.2577574253082275,400,14.546835850513096,30.869309815385865,33.45612103789404,30.46965235429956,31.406409926275824,3.58,51.0,-0.94,9.0
LCII,2000-08-11,2.2577574253082275,2.2577574253082275,2.2577574253082275,2.2577574253082275,0,14.546835850513096,30.869309815385865,33.45612103789404,30.436045889748016,31.406409926275824,3.53,50.5,-0.94,9.0
LCII,2000-08-14,2.2577574253082275,2.2577574253082275,2.2577574253082275,2.2577574253082275,0,14.546835850513096,30.869309815385865,33.45612103789404,30.421578662233088,31.406409926275824,3.47,50.0,-0.94,9.0
LCII,2000-08-15,2.2960245609283447,2.315158098936081,2.2960245609283447,2.2960245609283447,2200,15.547528682035644,31.07998147947076,33.323275225596916,30.49656415591924,31.449706435618957,3.42,48.0,-0.94,9.2
LCII,2000-08-16,2.2960241505357084,2.3342912197113037,2.2960241505357084,2.3342912197113037,4200,15.79083051551077,31.276377515845354,33.40045028712707,30.465982509348038,31.490045137363076,3.37,48.0,-0.94,9.0
LCII,2000-08-17,2.3342912197113037,2.3342912197113037,2.3342912197113037,2.3342912197113037,0,15.79083051551077,31.098337967874585,33.28943290685575,30.432682137906436,31.477105232820136,3.31,46.0,-0.91,9.1
LCII,2000-08-18,2.2960245609283447,2.2960245609283447,2.2577574849128723,2.2960245609283447,2600,16.45427275709664,30.514077791047605,33.39688312405615,30.48013944969034,31.51188780189893,3.25,47.0,-0.89,9.01
LCII,2000-08-21,2.2577574253082275,2.2577574253082275,2.2386238878056153,2.2577574253082275,6000,16.23867145145969,30.514077791047605,32.44379527184505,30.431425306621833,31.547605848136083,3.21,44.0,-0.84,9.9
LCII,2000-08-22,2.2577574253082275,2.2577574253082275,2.2577574253082275,2.2577574253082275,1000,16.23867145145969,28.602246989335722,32.44379527184505,30.431425306621833,31.534652412388404,3.16,43.5,-0.78,9.9
LCII,2000-08-23,2.2577574253082275,2.2577574253082275,2.2577574253082275,2.2577574253082275,0,16.15616985798071,28.348125917098244,32.44379527184505,30.38313397369491,31.044303435791644,3.11,43.0,-0.73,9.9
LCII,2000-08-24,2.2577574253082275,2.2577574253082275,2.2577574253082275,2.2577574253082275,1600,16.15616985798071,28.348125917098244,32.44379527184505,30.23948252230098,30.995554364776567,3.05,42.5,-0.67,9.9
LCII,2000-08-25,2.2577574253082275,2.2577574253082275,2.2577574253082275,2.2577574253082275,0,16.15616985798071,16.973975968191983,32.44379527184505,29.966233490669957,30.995554364776567,2.99,42.0,-0.62,9.9
LCII,2000-08-28,2.21949046954774,2.21949046954774,2.1812233924865723,2.1812233924865723,8200,17.841373172675233,18.056966190249458,32.9163519327154,30.07878970884149,31.13642868459379,2.92,44.0,-0.62,9.39
LCII,2000-08-29,2.2194902896881104,2.2577573636482504,2.2194902896881104,2.2194902896881104,5000,18.013279355236715,18.45641451161688,32.898067618989856,30.010609207139026,30.930172197813516,2.86,43.0,-0.65,9.28
LCII,2000-08-30,2.1812228818910313,2.1812228818910313,2.1620893478393555,2.1620893478393555,8400,19.131816729117755,19.064741673629847,32.68001114616569,30.154235638566224,31.0172759966467,2.8,42.0,-0.66,9.8
LCII,2000-08-31,2.162090275968824,2.162090275968824,2.1429567337036133,2.1429567337036133,15400,19.127050551693106,19.120854043556484,32.709848728072764,30.160388602264188,31.012192491864944,2.74,42.0,-0.65,9.79
LCII,2000-09-01,2.1812233924865723,2.1812233924865723,2.1812233924865723,2.1812233924865723,2000,20.168859121040317,19.28196362528041,32.83272822034565,29.536729152116692,31.0738025944087,2.68,42.0,-0.65,9.53
LCII,2000-09-05,2.1429567337036133,2.1429567337036133,2.1429567337036133,2.1429567337036133,3200,20.523661056760194,18.278972565023192,32.83272822034565,29.520716575654777,31.048154922921274,2.61,41.5,-0.65,9.53
LCII,2000-09-06,2.1429567337036133,2.1429567337036133,2.1429567337036133,2.1429567337036133,0,20.523661056760194,18.278972565023192,31.748602878114813,29.439934318139432,31.048154922921274,2.55,32.0,-0.7,11.08
LCII,2000-09-07,2.1429567337036133,2.1429567337036133,2.1429567337036133,2.1429567337036133,0,20.276406123058273,18.278972565023192,31.278017053313338,29.40548213155207,31.046430841028045,2.51,29.0,-0.7,11.7
LCII,2000-09-08,2.1429567337036133,2.1429567337036133,2.1429567337036133,2.1429567337036133,600,20.276406123058273,18.278972565023192,31.278017053313338,29.40548213155207,31.046430841028045,2.46,28.5,-0.7,11.7
LCII,2000-09-11,2.1620898539559885,2.21949046954774,2.1620898539559885,2.1812233924865723,4600,20.876144091141104,18.671495023220288,31.28245456027751,29.49240775089303,31.107345166064615,2.42,29.0,-0.72,11.69
LCII,2000-09-12,2.1812233924865723,2.1812233924865723,2.1812233924865723,2.1812233924865723,0,20.642369665815636,18.624620496830268,31.28245456027751,29.49240775089303,31.107345166064615,2.38,28.5,-0.75,11.69
LCII,2000-09-13,2.1812233924865723,2.1812233924865723,2.1812233924865723,2.1812233924865723,0,20.642369665815636,18.27141278088465,31.252860899690432,29.49240775089303,31.107345166064615,2.33,25.0,-0.75,11.7
LCII,2000-09-14,2.2194900121845182,2.3342912197113037,2.142955873833328,2.3342912197113037,15200,28.76798585853807,23.16686075857863,32.261793283817575,30.59982873809878,31.705755606323937,2.29,33.0,-0.71,10.44
LCII,2000-09-15,2.2960245609283447,2.2960245609283447,2.2960245609283447,2.2960245609283447,1400,28.774629580856658,23.32715502870696,32.38177760313838,30.640753142798268,31.664312540624028,2.24,33.0,-0.7,10.33
LCII,2000-09-18,2.2768910229206085,2.2960245609283447,2.2768910229206085,2.2960245609283447,2800,28.352000032606227,23.32715502870696,32.26500701001773,30.60368567082243,31.664312540624028,2.2,32.0,-0.63,10.6
LCII,2000-09-19,2.276891216364774,2.276891216364774,2.104689359664917,2.104689359664917,10200,38.000200934493826,28.751808448523747,35.112523229066674,32.067367478222586,32.7866423322994,2.16,66.0,-0.59,9.4
LCII,2000-09-20,2.1429567337036133,2.1429567337036133,2.1429567337036133,2.1429567337036133,1000,38.464226331494494,28.938555664713974,35.1146286774852,32.11962734621262,32.82834902294901,2.11,66.0,-0.58,9.4
LCII,2000-09-21,2.1238224506378174,2.1238224506378174,2.1238224506378174,2.1238224506378174,1200,38.51108945841339,28.967455925790347,32.39435790914223,32.09864111692361,32.81914804246562,2.11,31.0,-0.65,11.26
LCII,2000-09-22,2.123822385018025,2.123822385018025,2.0855553150177,2.0855553150177,13000,38.74842791061725,29.01969255770697,32.50808021536449,32.10789168137808,31.21118324291724,2.1,36.0,-0.64,11.1
LCII,2000-09-25,2.066421238275675,2.066421238275675,1.9898871183395386,1.9898871183395386,70800,40.805359482255014,30.41483804565786,33.22564576852004,32.55210819643859,31.54511480569201,2.09,42.0,-0.19,10.21
LCII,2000-09-26,2.0281549118183277,2.0664219856262207,2.009021374914381,2.0664219856262207,14800,42.57153954105552,31.546731512065996,33.80453100802816,32.83780186823396,31.52166827936557,2.08,49.0,-0.25,9.38
LCII,2000-09-27,2.0664219856262207,2.0664219856262207,2.0664219856262207,2.0664219856262207,200,42.1704773687099,31.546731512065996,33.80453100802816,32.83780186823396,31.52166827936557,2.06,48.5,-0.33,9.38
LCII,2000-09-28,1.989887576236903,2.047288179397583,1.989887576236903,2.047288179397583,38400,41.76635286909974,31.45466671386785,33.81031911030806,32.81987363554054,31.322910368660356,2.04,49.0,-0.38,9.37
LCII,2000-09-29,1.9898878288269042,1.9898878288269042,1.913353681564331,1.913353681564331,103600,45.579949724596496,34.168035954531675,35.29854632478108,33.733402686836335,32.01539081273885,2.03,66.0,0.14,8.32
LCII,2000-10-02,1.8942201447486877,1.913353681564331,1.8942201447486877,1.913353681564331,1000,45.51966836746629,34.168035954531675,35.285677984256544,33.717633353106656,31.97916171079073,2.0,65.0,0.37,8.33
LCII,2000-10-03,1.9133535085939894,1.9516205787658691,1.9133535085939894,1.9516205787658691,1000,46.00385413897901,34.2698650438648,35.45254166853808,33.81659586572264,32.04973198418694,1.96,67.0,0.31,8.1
LCII,2000-10-04,1.9516207551956175,1.9516207551956175,1.913353681564331,1.913353681564331,7400,46.179850495296144,34.42289970008644,35.55386525668116,33.77757633632167,32.0665667345952,1.92,71.0,0.33,7.99
LCII,2000-10-05,1.913353681564331,1.913353681564331,1.913353681564331,1.913353681564331,6400,46.179850495296144,34.42093837438821,35.11968425397205,33.56791166665674,32.05615935272896,1.88,62.0,0.28,8.52
LCII,2000-10-06,1.9516205787658691,1.9516205787658691,1.9516205787658691,1.9516205787658691,2000,46.73869814690797,34.749994091825656,35.29083113962103,33.61599723758148,32.127059961718366,1.85,63.0,0.13,8.29
LCII,2000-10-09,1.9516205787658691,1.9516205787658691,1.9516205787658691,1.9516205787658691,0,46.73869814690797,34.749994091825656,35.29083113962103,33.566020410071864,32.127059961718366,1.81,62.5,-0.0,8.29
LCII,2000-10-10,1.9516205787658691,1.9516205787658691,1.9516205787658691,1.9516205787658691,10200,45.90017650020867,34.525726916018854,35.29083113962103,33.55067325818253,31.959907821904647,1.76,62.0,-0.14,8.29
LCII,2000-10-11,1.9516205787658691,1.9516205787658691,1.9516205787658691,1.9516205787658691,0,45.48032874414764,34.30083322194773,35.29083113962103,33.55067325818253,31.935064053974845,1.72,61.5,-0.26,8.29
LCII,2000-10-12,1.913353681564331,1.913353681564331,1.913353681564331,1.913353681564331,3000,45.249587194008015,34.444101356153034,35.40276453620091,33.59905618428971,31.962725291388907,1.67,64.0,-0.35,8.17
LCII,2000-10-13,1.913353681564331,1.913353681564331,1.913353681564331,1.913353681564331,4200,45.24073612429129,34.444101356153034,35.33183767006162,33.59905618428971,31.89775727722922,1.62,63.0,-0.44,8.24
LCII,2000-10-16,1.9133531317418933,1.9133531317418933,1.8750860691070554,1.8750860691070557,600,45.01027658496006,34.59233770004568,35.095955815467114,33.662037800328775,31.925763417844895,1.57,53.0,-0.49,8.49
LCII,2000-10-17,1.913353681564331,1.913353681564331,1.913353681564331,1.913353681564331,1000,45.42263678077224,34.949310188526475,35.146029599379666,33.74156132615085,31.997681332574295,1.52,56.0,-0.59,8.43
LCII,2000-10-18,1.8750866079330444,1.913353681564331,1.8368195343017577,1.913353681564331,7000,45.42263678077224,34.949310188526475,34.239797758912395,33.74156132615085,31.98634212928163,1.48,42.0,-0.66,9.33
LCII,2000-10-19,1.9133531317418933,1.9133531317418933,1.8750860691070554,1.8750860691070557,11000,45.65345173460334,35.02448456990526,34.27259263150073,33.807813671887786,31.500617332431425,1.45,42.0,-0.69,9.29
LCII,2000-10-20,1.8750860691070554,1.8750860691070554,1.8750860691070554,1.8750860691070557,120800,45.65345173460334,35.02448456990526,34.27259263150073,33.807813671887786,31.476119262102532,1.41,41.5,-0.73,9.29
LCII,2000-10-23,1.8368197096155046,1.8368197096155046,1.760285555048192,1.7985526323318481,3400,46.3872883921862,35.781252674073095,29.928435344938787,34.10188680214239,31.71992205060687,1.47,1.0,-0.72,5.73
LCII,2000-10-24,1.8368196487426758,1.8368196487426758,1.8368196487426758,1.8368196487426758,1000,47.03764929080949,36.07614584126944,30.090105765582415,34.21076146672784,31.763253173355732,1.52,2.0,-0.78,5.62
LCII,2000-10-25,1.8176861709736765,1.8176861709736765,1.7985526323318481,1.7985526323318481,2800,47.21031017210462,36.224196153475106,30.231240591317786,34.278488492391126,31.81825236946973,1.57,3.0,-0.81,5.44
LCII,2000-10-26,1.7602853775024414,1.7602853775024414,1.7602853775024414,1.7602853775024414,6000,41.789380331518636,36.31298049988258,30.327487362632077,34.35193171226354,31.87938977163403,1.61,4.0,-0.8,5.29
LCII,2000-10-27,1.7602853775024414,1.7602853775024414,1.7602853775024414,1.7602853775024414,800,41.819192959066605,36.24556020751786,30.327487362632077,34.35193171226354,31.87938977163403,1.65,4.5,-0.82,5.29
LCII,2000-10-30,1.7794189453125,1.7794189453125,1.7794189453125,1.7794189453125,800,42.13434700319786,36.291171392607176,30.330320961469713,34.25114640926091,31.90376461710404,1.68,6.0,-0.87,5.33
LCII,2000-10-31,1.7602853775024414,1.7602853775024414,1.7602853775024414,1.7602853775024414,400,34.97525646468223,36.30652106570238,29.832661541864002,34.26493204014821,31.89310161045561,1.72,1.0,-0.9,5.7
LCII,2000-11-01,1.7220183040784753,1.7602853775024414,1.7220183040784753,1.7602853775024414,6800,34.285022214176,36.30652106570238,29.832661541864002,34.235940605108,31.89310161045561,1.76,1.5,-0.94,5.7
LCII,2000-11-02,1.7602853775024414,1.7602853775024414,1.7602853775024414,1.7602853775024414,0,34.328709160637004,36.30652106570238,29.832661541864002,34.21846883217598,31.854584163709326,1.8,2.0,-0.98,5.7
LCII,2000-11-03,1.7602853775024414,1.7602853775024414,1.7602853775024414,1.7602853775024414,2000,34.184062137448166,36.306514172501316,29.832661541864002,34.21449494436671,31.831464493748783,1.83,2.5,-1.03,5.7
LCII,2000-11-06,1.7602849845047834,1.7602849845047834,1.7411514520645142,1.7411514520645142,2000,31.92105890728158,36.32226505078533,29.848548825212657,34.198605987908714,31.73077344220629,1.87,5.0,-1.06,5.68
LCII,2000-11-07,1.7602853775024414,1.8176859876383906,1.7602853775024414,1.7602853775024414,11200,29.710930344799362,36.44676652147649,29.921681614508046,34.07510626577836,31.715096352358856,1.9,6.0,-1.11,5.63
LCII,2000-11-08,1.7602853775024414,1.7602853775024414,1.7602853775024414,1.7602853775024414,4200,29.710930344799362,36.195920505833755,29.770691522883713,34.05701518159185,31.715096352358856,1.93,1.0,-1.15,5.77
LCII,2000-11-09,1.798552460670471,1.913353681564331,1.798552460670471,1.913353681564331,6000,39.25019159685614,40.21861903298964,32.78485585386178,35.52495329034894,32.7986775424012,1.92,32.0,-1.19,6.09
LCII,2000-11-10,1.913353681564331,1.913353681564331,1.913353681564331,1.913353681564331,0,34.00077639286753,40.21861903298964,32.746143355425254,35.25542842416608,32.7986775424012,1.91,32.0,-1.22,6.14
LCII,2000-11-13,1.8750860691070554,1.8750860691070554,1.8750860691070554,1.8750860691070557,400,34.5012799590227,40.277183707672755,32.86544133130877,35.26795740894807,32.82775267242346,1.9,36.0,-1.26,6.01
LCII,2000-11-14,1.8750860691070554,1.8750860691070554,1.8750860691070554,1.8750860691070557,400,33.95304344505568,40.18496437521635,32.60433039599543,35.25136669822766,32.81689241044388,1.89,30.0,-1.29,6.28
LCII,2000-11-15,1.8368196487426758,1.8368196487426758,1.8368196487426758,1.8368196487426758,200,33.992434733966896,40.33900576479297,32.665012506858126,35.23071653527604,32.87251348057667,1.88,31.0,-1.32,6.22
LCII,2000-11-16,1.8368196487426758,1.8368196487426758,1.8368196487426758,1.8368196487426758,200,33.992434733966896,40.33900576479297,32.665012506858126,35.190922096347585,32.6694806647676,1.87,31.5,-1.35,6.22
LCII,2000-11-17,1.8368196487426758,1.8368196487426758,1.8368196487426758,1.8368196487426758,1600,33.40046546460833,40.33900576479297,32.60265548334661,35.190922096347585,32.54271638746829,1.85,30.0,-1.38,6.28
LCII,2000-11-20,1.8750867247581482,1.8750867247581482,1.8368196487426758,1.8368196487426758,800,33.40046546460833,40.33900576479297,32.60265548334661,35.00057025982244,32.53224686295705,1.84,30.5,-1.39,6.28
LCII,2000-11-21,1.8368195243503735,1.8368195243503735,1.7602853775024414,1.7602853775024414,4200,35.39484990713351,40.637242363840315,33.20672614618457,35.29397856740622,32.78325308059771,1.82,44.0,-1.41,5.76
LCII,2000-11-22,1.8176863193511963,1.8368198595548932,1.8176863193511963,1.8176863193511963,9400,36.85741342518915,41.07040575589361,33.67153001754138,35.45338172538185,32.93874197791208,1.8,53.0,-1.42,5.36
LCII,2000-11-24,1.8176863193511963,1.8176863193511963,1.8176863193511963,1.8176863193511963,0,36.48853760273706,40.797243218476694,33.60789598388841,35.4079275609272,32.9281923748067,1.79,53.0,-1.43,5.42
LCII,2000-11-27,1.7794189453125,1.7794189453125,1.7794189453125,1.7794189453125,1400,36.92046237210739,40.95372950476782,33.734460665500535,35.422525724568004,32.98530192419823,1.77,55.0,-1.43,5.3
LCII,2000-11-28,1.7411514520645142,1.7411514520645142,1.7411514520645142,1.7411514520645142,1400,36.9874331989036,40.89583257127808,33.863554260838285,35.502805932252,32.97197719376791,1.75,61.0,-1.43,5.19
LCII,2000-11-29,1.7411518407904583,1.7602853775024414,1.6837512306545093,1.7602853775024414,50600,36.58895643684258,40.899780312148394,33.80028259788865,35.42522259382046,32.97808608752551,1.73,56.0,-1.43,5.24
LCII,2000-11-30,1.7220182418823242,1.7220182418823242,1.7220182418823242,1.7220182418823242,1600,36.99612508813204,41.07220052900343,33.92806530888438,35.368932420028706,33.0355869248243,1.72,63.0,-1.42,5.13
LCII,2000-12-01,1.6837511698404948,1.7220182418823242,1.6837511698404948,1.7220182418823242,1600,36.665984537345395,41.07220052900343,33.92412596729073,35.368932420028706,32.96276266312533,1.7,63.0,-1.41,5.13
LCII,2000-12-04,1.7220182418823242,1.7220182418823242,1.7220182418823242,1.7220182418823242,0,36.665984537345395,41.07220052900343,33.92412596729073,35.16838913033746,32.96276266312533,1.68,63.5,-1.39,5.13
LCII,2000-12-05,1.7220183040784753,1.7602853775024414,1.7220183040784753,1.7602853775024414,28400,35.42787666345849,41.176422893528816,34.15692481172088,35.27761202359378,33.015857591096925,1.67,67.0,-1.38,4.93
LCII,2000-12-06,1.7602853775024414,1.7602853775024414,1.7602853775024414,1.7602853775024414,10000,34.82400220189339,41.176422893528816,34.02559201529139,35.27761202359378,32.92637262496271,1.66,66.0,-1.37,5.05
LCII,2000-12-07,1.7602853775024414,1.7602853775024414,1.7602853775024414,1.7602853775024414,20000,34.32348441977817,41.176422893528816,33.89541876558,35.137010725052285,32.74189250027265,1.64,63.0,-1.38,5.17
LCII,2000-12-08,1.7602853775024414,1.7602853775024414,1.7602853775024414,1.7602853775024414,8600,33.75277472746533,38.40638531189532,33.89541876558,35.128197471189004,32.653148646751625,1.63,63.5,-1.38,5.17
LCII,2000-12-11,1.798552482358871,1.836819556451613,1.7794189453125,1.7794189453125,4000,33.89789683348455,38.455517011118324,33.96623461730045,35.11049802405727,32.58213298737554,1.62,68.0,-1.4,5.1
LCII,2000-12-12,1.7794190347194672,1.8368196487426758,1.760285496711731,1.8368196487426758,5600,34.984573411027256,39.14950341853734,34.40942596540736,35.32762704527348,32.754136195569245,1.61,81.0,-1.4,4.75
LCII,2000-12-13,1.7985524509264075,1.7985524509264075,1.7602853775024414,1.7602853775024414,32600,37.06861120038186,36.04711101728053,34.97743400274677,35.149755840632544,33.00434842329205,1.62,85.0,-1.41,4.37
LCII,2000-12-14,1.7602853775024414,1.7602853775024414,1.7602853775024414,1.7602853775024414,1200,37.06861120038186,35.787032051908504,34.97743400274677,35.149755840632544,32.53674166914883,1.62,84.5,-1.43,4.37
LCII,2000-12-15,1.7220183040784753,1.7602853775024414,1.7220183040784753,1.7602853775024414,33200,37.06861120038186,35.77331968371464,34.92409217922995,35.149755840632544,32.489169515153755,1.62,83.0,-1.43,4.41
LCII,2000-12-18,1.7220183040784753,1.7602853775024414,1.7220183040784753,1.7602853775024414,5200,37.06861120038186,35.64035109309812,34.92409217922995,35.149755840632544,32.438854648645375,1.62,82.5,-1.43,4.41
LCII,2000-12-19,1.7220183040784753,1.7602853775024414,1.7220183040784753,1.7602853775024414,27200,36.92365364315156,34.435763736383635,34.86649293843051,35.149755840632544,32.41803252540559,1.63,81.0,-1.41,4.46
LCII,2000-12-20,1.72201854261485,1.72201854261485,1.6837514638900757,1.6837514638900757,1600,38.9782244523984,34.499641435883845,35.43515507848169,35.52183552453627,32.69636920220372,1.64,98.0,-1.41,4.11
LCII,2000-12-21,1.6454843851653012,1.6837514638900757,1.6072173064405266,1.6837514638900757,12200,38.9782244523984,34.499641435883845,35.43515507848169,35.4666652125834,32.69636920220372,1.65,97.5,-1.41,4.11
LCII,2000-12-22,1.6454839518900668,1.7220180891872792,1.6454839518900668,1.702884554862976,8400,29.877022698926798,34.60761566214883,35.45401066727226,35.225305164358105,32.72285309974512,1.66,99.0,-1.39,4.1
LCII,2000-12-26,1.6646179245276884,1.6837514638900757,1.6646179245276884,1.6837514638900757,1600,29.9287992739798,31.939594726169034,35.41508998082326,35.24446051159662,32.73554967007116,1.68,95.0,-1.35,4.13
LCII,2000-12-27,1.6454843907129195,1.6454843907129195,1.6072173118591309,1.6072173118591309,5200,32.04409252523256,33.20487554635477,36.01634549561689,35.64527816273457,33.03342688654436,1.7,100.0,-1.29,3.8
LCII,2000-12-28,1.6837512306545093,1.7602853775024414,1.6837512306545093,1.7602853775024414,11800,42.464488020264504,38.12285422084192,39.01101545851297,37.24180581095851,34.310313229097034,1.79,100.0,-1.25,4.09
LCII,2000-12-29,1.7985524509264075,1.7985524509264075,1.7602853775024414,1.7602853775024414,7800,42.10231094818913,37.93722352846086,39.01101545851297,36.698688825639714,34.2897574070746,1.88,99.5,-1.2,4.09
LCII,2001-01-02,1.7220184777645355,1.7985526323318481,1.6837514004808791,1.7985526323318481,9200,42.62345369230974,38.2258014103695,39.19607547068336,36.58547376908123,34.24445189589483,1.97,100.0,-1.14,3.95
LCII,2001-01-03,1.7985526323318481,1.7985526323318481,1.7985526323318481,1.7985526323318481,0,42.62345369230974,37.9794577924966,39.18564432079003,36.58547376908123,34.22438768391831,2.05,99.0,-1.07,3.95
LCII,2001-01-04,1.7985526323318481,1.7985526323318481,1.7985526323318481,1.7985526323318481,0,42.62345369230974,37.9794577924966,39.18564432079003,36.5197235399709,34.20343469134725,2.13,98.5,-1.0,3.95
LCII,2001-01-05,1.8368196487426758,1.8750867247581482,1.8368196487426758,1.8368196487426758,10400,41.157192385363246,38.25576721640969,39.35888296518512,36.614043627800385,34.244117313783136,2.21,100.0,-0.92,3.83
LCII,2001-01-08,1.8368198595548932,1.8368198595548932,1.8176863193511963,1.8176863193511963,1400,40.23945831738088,38.30411267870329,39.26407280933285,36.619974004936,34.25501738898747,2.28,99.0,-0.85,3.91
LCII,2001-01-09,1.8176863193511963,1.8176863193511963,1.8176863193511963,1.8176863193511963,0,40.23945831738088,38.107496349352104,39.14942600085911,36.254363923361666,34.2209653827551,2.35,95.0,-0.8,4.0
LCII,2001-01-10,1.8176863193511963,1.8176863193511963,1.8176863193511963,1.8176863193511963,0,39.73111565643109,38.107496349352104,39.14942600085911,36.254363923361666,34.2209653827551,2.41,94.5,-0.75,4.0
LCII,2001-01-11,1.8750860691070554,1.8750860691070554,1.8750860691070554,1.8750860691070557,1000,40.08601222539818,38.44354263501252,39.44381116687263,36.382721800024115,34.357237274092654,2.48,100.0,-0.68,3.79
LCII,2001-01-12,1.8750860691070554,1.8750860691070554,1.8750860691070554,1.8750860691070557,1000,40.010682896518965,38.212329136233045,39.37365625493781,36.36964390952427,34.357237274092654,2.53,99.0,-0.58,3.83
LCII,2001-01-16,1.8559530407491358,1.8942201137542727,1.8559530407491358,1.8942201137542725,2600,39.40918126088652,38.27274908695685,39.41880551825158,36.32571996950234,34.36702005656008,2.59,99.0,-0.47,3.79
LCII,2001-01-17,1.8942201137542727,1.8942201137542727,1.8942201137542727,1.8942201137542725,0,39.40918126088652,38.04429700396173,39.41880551825158,34.87138188825803,34.36702005656008,2.64,98.5,-0.37,3.79
LCII,2001-01-18,1.8942201137542727,1.8942201137542727,1.8942201137542727,1.8942201137542725,10000,39.40918126088652,38.04429700396173,39.41880551825158,34.87138188825803,34.297838258673906,2.69,98.0,-0.25,3.79
LCII,2001-01-19,1.9324864149093628,1.9324864149093628,1.9324864149093628,1.9324864149093628,800,39.33124493356427,37.23818013128059,39.56905471399648,34.91408712945864,34.21239108027766,2.74,100.0,-0.15,3.68
LCII,2001-01-22,1.9707542101542155,2.009021282196045,1.9707542101542155,2.009021282196045,1200,40.65299398788398,37.817187225100646,39.72751567788188,35.23082484641768,34.41581893598561,2.8,100.0,-0.06,3.57
LCII,2001-01-23,2.009021282196045,2.009021282196045,2.009021282196045,2.009021282196045,0,40.65299398788398,37.52607434807994,39.620337502311976,35.23082484641768,34.383799882617225,2.84,99.0,0.03,3.65
LCII,2001-01-24,2.009021282196045,2.009021282196045,2.009021282196045,2.009021282196045,0,40.65299398788398,37.2120058528503,39.41381740957116,35.219599330283664,34.37452665047955,2.89,93.0,0.13,3.77
LCII,2001-01-25,2.009021282196045,2.009021282196045,2.009021282196045,2.009021282196045,0,40.62571846260302,37.2120058528503,39.392259394148795,35.15973861217341,34.37452665047955,2.92,92.0,0.23,3.78
LCII,2001-01-26,1.9707541465759277,1.9707541465759277,1.9707541465759277,1.9707541465759277,1600,40.2903332340216,37.4239093274306,39.390731205458124,35.216369372728195,34.410985806055905,2.96,91.0,0.37,3.8
LCII,2001-01-29,1.96845805644989,1.96845805644989,1.96845805644989,1.9684580564498901,4000,38.002508693997704,37.33826929784003,39.299805328981044,35.21622250590893,34.4106669396174,3.0,88.0,0.51,3.85
LCII,2001-01-30,1.9684581805306953,1.9990719556808472,1.9684581805306953,1.9990719556808472,4600,38.13401963122577,37.439194891252605,39.38456180239684,35.257961254374734,34.44847523724921,3.02,90.0,0.63,3.79
LCII,2001-01-31,1.9990719556808472,1.9990719556808472,1.9990719556808472,1.9990719556808472,2400,38.13401963122577,37.439194891252605,39.38456180239684,35.0313133666108,34.42772322390199,3.04,89.5,0.76,3.79
LCII,2001-02-01,1.9990719556808472,1.9990719556808472,1.9990719556808472,1.9990719556808472,200,38.13401963122577,37.439194891252605,39.38456180239684,35.0313133666108,34.42772322390199,3.06,89.0,0.9,3.79
LCII,2001-02-02,1.9990719556808472,1.9990719556808472,1.9990719556808472,1.9990719556808472,0,38.13401963122577,37.34336602177053,39.27421039506324,35.0313133666108,34.42772322390199,3.07,84.0,1.05,3.87
LCII,2001-02-05,1.9990719556808472,1.9990719556808472,1.9990719556808472,1.9990719556808472,0,35.270661812477336,37.30267410779305,39.27421039506324,35.0313133666108,34.42772322390199,3.08,83.5,1.22,3.87
LCII,2001-02-06,1.9990719014127225,2.0602991580963135,1.9990719014127225,2.0602991580963135,4400,35.923099707382725,37.739246159322505,39.582039340004584,35.2241800156957,34.54975081074323,3.09,98.0,1.31,3.67
LCII,2001-02-07,2.0756061475090397,2.2592880725860596,2.0756061475090397,2.2592880725860596,6200,43.64058252465214,38.57902584449832,40.82382695010924,36.90238623107646,35.78502065227396,3.13,100.0,0.92,4.09
LCII,2001-02-08,2.2286742826495014,2.2286742826495014,2.1521401405334473,2.1521401405334473,22000,46.4283009896581,39.98733232223573,41.45993485535834,37.29569658702905,36.09760223963985,3.18,100.0,0.52,3.8
LCII,2001-02-09,2.1705081462860107,2.1705081462860107,2.1705081462860107,2.1705081462860107,200,43.43746417477268,39.73973026905153,41.485253691166605,37.10438466826981,36.109921471297326,3.23,100.0,-0.01,3.78
LCII,2001-02-12,2.142956227247871,2.142956227247871,2.112342596054077,2.112342596054077,3200,37.37632186040681,40.19819515221137,39.34328461241095,37.184998733778976,36.20481753220949,3.25,81.0,-0.0,3.79
LCII,2001-02-13,2.1429557153428913,2.1429557153428913,2.1276488304138184,2.1276488304138184,4800,37.33285944555336,39.933555944757074,39.254895782739844,36.70032198953239,36.11154634762978,3.28,76.0,-0.02,3.87
LCII,2001-02-14,2.112342596054077,2.1154038861848026,2.112342596054077,2.112342596054077,3800,37.245574644953635,39.97985907102528,39.245785671675456,36.65064014768428,36.11692901169654,3.29,75.0,-0.02,3.87
LCII,2001-02-15,2.1123420542609392,2.1123420542609392,2.0970351696014404,2.0970351696014404,4400,37.395880836102485,40.02571704488139,39.15562227079491,36.66051845569101,36.097335963867295,3.29,71.0,-0.02,3.92
LCII,2001-02-16,2.066422262588595,2.066422262588595,1.9133539468412917,1.943967580795288,7600,44.14091172258961,43.100235215257044,40.288117238917025,35.38038193642626,36.85608433217639,3.32,97.0,0.01,3.89
LCII,2001-02-20,1.943967580795288,1.943967580795288,1.943967580795288,1.943967580795288,8600,43.796145468318606,42.137161188530975,39.82542937382761,35.33569261584814,36.85140115197888,3.34,96.0,0.11,4.21
LCII,2001-02-21,1.943967580795288,1.943967580795288,1.943967580795288,1.943967580795288,0,43.64421780765252,41.6576844178727,39.82542937382761,35.33569261584814,36.82707972754283,3.36,95.5,0.21,4.21
LCII,2001-02-22,1.9133537404524197,1.9439673711041974,1.8521264791488645,1.8521264791488647,9800,46.047762421441114,42.87615187640409,40.52008968999669,35.75924631517521,37.01833764496931,3.39,97.0,0.35,3.89
LCII,2001-02-23,1.8368190129034558,1.8368190129034558,1.80620539188385,1.80620539188385,2800,46.64840396505096,42.96558440524295,39.282425505380516,35.86886828377173,37.08455634329439,3.41,75.0,0.37,4.21
LCII,2001-02-26,1.83681967868674,1.83681967868674,1.7908991575241089,1.7908991575241089,4000,45.74251172126066,42.761450470244725,39.30247336221472,35.83572096459223,37.09118651916719,3.43,76.0,0.39,4.21
LCII,2001-02-27,1.7908991575241089,1.7908991575241089,1.7908991575241089,1.7908991575241089,0,45.74251172126066,42.70589020835955,39.16549582807819,35.61078911339039,36.905668963457536,3.44,65.0,0.44,4.33
LCII,2001-02-28,1.7908991575241089,1.7908991575241089,1.7908991575241089,1.7908991575241089,0,45.61162206525785,42.45322901230672,39.04767467699714,35.61078911339039,36.86758506480649,3.46,61.0,0.46,4.39
LCII,2001-03-01,1.7602855254081258,1.7908991575241089,1.6990582611761595,1.7908991575241089,19000,45.61162206525785,42.45322901230672,39.04767467699714,35.61078911339039,36.8568361464405,3.47,60.5,0.49,4.39
LCII,2001-03-02,1.7602853775024414,1.7602853775024414,1.7602853775024414,1.7602853775024414,2000,45.82345844710509,42.61132818777361,38.9962778593201,35.657938109087894,36.826348038500676,3.48,57.0,0.54,4.48
LCII,2001-03-05,1.7602853775024414,1.7602853775024414,1.7602853775024414,1.7602853775024414,0,45.336240661300025,42.37258765924615,38.9962778593201,35.65083181800121,36.79802101436452,3.49,56.5,0.59,4.48
LCII,2001-03-06,1.7602853775024414,1.7602853775024414,1.7602853775024414,1.7602853775024414,0,43.57655546212942,42.37258765924615,38.9962778593201,35.64342275706338,36.79802101436452,3.5,56.0,0.66,4.48
LCII,2001-03-07,1.7602853775024414,1.7602853775024414,1.7602853775024414,1.7602853775024414,0,43.57655546212942,42.37258765924615,38.9962778593201,35.58205221430315,36.66622846474962,3.52,55.5,0.72,4.48
LCII,2001-03-08,1.7908987087235058,1.7908987087235058,1.7755919694900513,1.7755919694900513,4200,43.72461602108969,42.40972169007679,38.909187162978995,35.60277795503493,36.64646009566061,3.53,53.0,0.76,4.5
LCII,2001-03-09,1.80620539188385,1.80620539188385,1.80620539188385,1.80620539188385,2400,44.14317145305635,42.496682117395686,39.01203605452983,35.65423978143908,36.64922088142312,3.54,59.0,0.81,4.4
LCII,2001-03-12,1.7908990070461543,1.7908990070461543,1.7602853775024414,1.7602853775024414,800,44.38429657921341,42.309693986032585,39.09296154297328,35.7675037549403,36.6999823616271,3.55,61.0,0.81,4.36
LCII,2001-03-13,1.7602853775024414,1.7602853775024414,1.7602853775024414,1.7602853775024414,0,44.39151363261207,41.40089963211418,38.95017832860904,35.642956450409145,36.65767134994291,3.56,51.0,0.85,4.49
LCII,2001-03-14,1.7602853775024414,1.7602853775024414,1.7602853775024414,1.7602853775024414,0,44.036668829696005,41.40089963211418,38.95017832860904,35.606965689745905,36.65767134994291,3.56,50.5,0.89,4.49
LCII,2001-03-15,1.7602854353598691,1.7602854353598691,1.7449785470962524,1.7449785470962524,1800,44.036342106647744,41.43957205073023,38.847417092418866,35.615624692747815,36.587977876514714,3.56,48.0,0.9,4.55
LCII,2001-03-16,1.7449785470962524,1.7449785470962524,1.7449785470962524,1.7449785470962524,0,44.036342106647744,41.43957205073023,38.847417092418866,35.57803666381011,36.49525898719549,3.56,47.5,0.91,4.55
LCII,2001-03-19,1.7449785470962524,1.7449785470962524,1.7449785470962524,1.7449785470962524,0,44.036342106647744,41.43957205073023,38.28839898185607,35.57803666381011,36.49525898719549,3.51,46.0,0.89,4.85
LCII,2001-03-20,1.729671987555269,1.729671987555269,1.6837514638900757,1.6837514638900757,11200,44.924777906791,41.07781194607335,38.54216787434473,35.80295480344664,36.517114948244924,3.46,46.0,0.85,4.77
LCII,2001-03-21,1.6837514638900757,1.6837514638900757,1.6837514638900757,1.6837514638900757,0,43.66363631147973,41.07781194607335,38.40619587992616,35.80295480344664,36.517114948244924,3.4,45.0,0.8,4.84
LCII,2001-03-22,1.530683254111869,1.5612968899986401,1.4694559823383264,1.5000696182250977,28800,44.266188439883706,47.332852932016486,42.39695505653748,38.20646644304019,38.26528084745938,3.39,100.0,0.87,5.76
LCII,2001-03-23,1.5306831280109603,1.576603651046753,1.5306831280109603,1.576603651046753,7200,46.635255433191084,48.46729843944503,43.17353841846961,38.703610466118434,38.51679091850792,3.38,100.0,0.8,5.27
LCII,2001-03-26,1.56129620234518,1.56129620234518,1.5245598554611206,1.5245598554611206,7000,46.74957155299382,48.01942070449563,43.435807783704014,38.8792759999406,38.6440835064924,3.38,100.0,0.75,5.09
LCII,2001-03-27,1.5612963866266834,1.6225237846374512,1.5612963866266834,1.6225237846374512,7400,51.169240346527886,45.99239411622219,44.57364842441181,39.56803584366957,39.138205561406096,3.39,100.0,0.68,4.56
LCII,2001-03-28,1.6072167973769338,1.6072167973769338,1.454148530960083,1.454148530960083,44800,58.641932497927144,51.05636260117294,47.799193568931095,41.555956565457706,40.60731208589715,3.47,100.0,0.74,4.4
LCII,2001-03-29,1.4694555485032197,1.5306828022003174,1.4694555485032197,1.5306828022003174,9000,61.49851642340754,52.0273314434332,48.53919467652988,42.041115902776646,40.63530358988307,3.56,100.0,0.65,4.07
LCII,2001-03-30,1.5459900388718157,1.6837514638900757,1.54292860250472,1.6837514638900757,42800,68.75878780091672,55.769685336989575,50.909267913693334,43.603739592340396,41.768695927483286,3.72,100.0,0.62,3.69
LCII,2001-04-02,1.6684437990188599,1.6684437990188599,1.6684437990188599,1.6684437990188599,1200,65.63323809360047,55.7933995804469,50.90064887106591,43.6113798440135,41.77657923826081,3.86,99.0,0.58,3.69
LCII,2001-04-03,1.6378306047876048,1.6378306047876048,1.5612964630126953,1.5612964630126953,6000,67.96340288789638,57.160785937620226,51.930516733815715,44.218394110896774,42.284925635493124,4.02,100.0,0.49,3.33
LCII,2001-04-04,1.5612964630126953,1.5612964630126953,1.5612964630126953,1.5612964630126953,0,67.96340288789638,57.14032795128641,51.930516733815715,44.16705629921015,42.284925635493124,4.16,99.5,0.4,3.33
LCII,2001-04-05,1.5919101238250732,1.5919101238250732,1.5919101238250732,1.5919101238250732,2000,67.23880600246477,57.315418692113674,50.24396731731387,44.24250039792187,42.33527521952231,4.29,96.0,0.36,3.69
LCII,2001-04-06,1.5919101238250732,1.5919101238250732,1.5919101238250732,1.5919101238250732,0,66.98117911443013,57.315418692113674,50.24396731731387,44.24250039792187,42.301651523866504,4.4,95.5,0.32,3.69
LCII,2001-04-09,1.5612961317084726,1.5612961317084726,1.545989394187927,1.5459893941879272,4000,67.36614489856778,57.1522062233105,50.348836104063125,44.351974955935184,42.23279128170302,4.51,96.0,0.25,3.64
LCII,2001-04-10,1.576602940325775,1.6684437990188599,1.576602940325775,1.6684437990188599,5400,71.35282109181715,59.42528283901147,51.854812136115626,45.320321900101284,42.939554630454026,4.65,98.0,0.24,3.24
LCII,2001-04-11,1.6684437990188599,1.6684437990188599,1.6684437990188599,1.6684437990188599,0,71.35282109181715,59.37339911860526,51.76115548582143,45.320321900101284,42.939554630454026,4.77,97.0,0.21,3.29
LCII,2001-04-12,1.6531372612385908,1.6531372612385908,1.637830376625061,1.637830376625061,3000,71.50129003604798,59.46644576983613,51.8358286143811,45.33322275623689,42.94282042988905,4.88,97.0,0.18,3.25
LCII,2001-04-16,1.6684437990188599,1.6684437990188599,1.6684437990188599,1.6684437990188599,400,71.63245050027174,59.619599073764526,51.929533906593186,45.3984832776503,42.65467085394533,4.99,98.0,0.16,3.21
LCII,2001-04-17,1.6990572214126587,1.6990572214126587,1.6990572214126587,1.6990572214126587,2400,71.86530331364509,59.59195179725935,52.01824061238718,45.430706343166925,42.56710731652858,5.09,100.0,0.15,3.17
LCII,2001-04-18,1.6990584389979557,1.7296720743179321,1.6990584389979557,1.7296720743179321,6000,72.07685908726934,59.128925929142916,51.6660199238843,45.475666369175464,42.608723242793864,5.18,93.0,0.15,3.33
LCII,2001-04-19,1.7143650054931638,1.7143650054931638,1.7143650054931638,1.714365005493164,1000,72.11662433641769,59.140965462782205,51.42359076495545,45.48287418424131,42.576362045459575,5.26,92.0,0.14,3.43
LCII,2001-04-20,1.6837514638900757,1.6837514638900757,1.6837514638900757,1.6837514638900757,800,72.22437067174296,59.22179441220495,51.49786790743881,45.49176878503588,42.61012190742504,5.33,92.0,0.13,3.39
LCII,2001-04-23,1.6531372612385908,1.6531372612385908,1.637830376625061,1.637830376625061,3200,72.37295160258813,59.43384411746666,51.572383662281865,45.561855081922346,42.68622861237307,5.4,92.0,0.1,3.35
LCII,2001-04-24,1.637830376625061,1.637830376625061,1.637830376625061,1.637830376625061,0,72.06173740982472,59.345722905659514,51.46335932584304,45.52858792811909,42.46461059495255,5.47,90.0,0.07,3.41
LCII,2001-04-25,1.637830376625061,1.637830376625061,1.637830376625061,1.637830376625061,0,72.06173740982472,59.347813243838544,51.43020554472537,45.52858792811909,42.46461059495255,5.53,89.0,0.04,3.42
LCII,2001-04-26,1.637830376625061,1.637830376625061,1.637830376625061,1.637830376625061,0,72.06173740982472,59.226521894286634,51.31718461957513,45.52858792811909,42.42181618665985,5.57,87.0,0.01,3.48
LCII,2001-04-27,1.6531377412166381,1.7143650054931638,1.6531377412166381,1.714365005493164,6000,73.35982747776417,60.069486559033514,51.83802155096908,45.87381297098229,42.670776184986366,5.63,95.0,0.01,3.28
LCII,2001-04-30,1.7143650054931638,1.7143650054931638,1.7143650054931638,1.714365005493164,0,73.35982747776417,60.069486559033514,51.83802155096908,45.86690766786487,42.62952102246063,5.68,94.5,0.01,3.28
LCII,2001-05-01,1.7143650054931638,1.7143650054931638,1.7143650054931638,1.714365005493164,0,73.35982747776417,60.069486559033514,51.71761060771007,45.86690766786487,41.75202327528354,5.72,91.0,0.0,3.33
LCII,2001-05-02,1.7143650054931638,1.7143650054931638,1.7143650054931638,1.714365005493164,0,72.6000767826795,60.069486559033514,51.71761060771007,45.86690766786487,41.75202327528354,5.75,90.5,-0.0,3.33
LCII,2001-05-03,1.6837514638900757,1.6837514638900757,1.6837514638900757,1.6837514638900757,5200,72.80057510771363,59.7590502309006,51.79430767264003,45.85599587524204,41.75825430488928,5.78,92.0,-0.01,3.29
LCII,2001-05-04,1.6684446577006515,1.7296720743179321,1.6684446577006515,1.7296720743179321,2800,64.37862310855762,56.720339848090994,51.9759982197254,45.930533922349184,41.85301329283566,5.81,99.0,-0.02,3.21
LCII,2001-05-07,1.7296720743179321,1.7296720743179321,1.7296720743179321,1.7296720743179321,0,62.95488398247379,55.97467772897215,51.94615529156836,45.930533922349184,41.85301329283566,5.83,98.0,-0.02,3.22
LCII,2001-05-08,1.7296720743179321,1.7296720743179321,1.7296720743179321,1.7296720743179321,0,62.00100122941205,55.92301951574895,51.6916861752296,45.89685537063166,41.84702281485773,5.84,86.0,-0.0,3.33
LCII,2001-05-09,1.7296720743179321,1.7296720743179321,1.7296720743179321,1.7296720743179321,0,59.50972198006578,55.71465862823953,51.25197668775153,45.86139003632938,41.80964452441474,5.86,78.0,-0.01,3.53
LCII,2001-05-10,1.7602853775024414,1.7602853775024414,1.7602853775024414,1.7602853775024414,400,49.30690620804942,55.83820495464472,51.32911706977315,45.9163090185093,41.84549809631213,5.87,79.0,-0.01,3.49
LCII,2001-05-11,1.7755919694900513,1.7755919694900513,1.7755919694900513,1.7755919694900513,2000,47.44452251317101,55.88367917248049,51.34751449190155,45.93140487040902,41.85671195159386,5.87,79.0,-0.01,3.49
LCII,2001-05-14,1.8368196487426758,1.8368196487426758,1.8368196487426758,1.8368196487426758,11000,40.0419493663538,56.3807577060673,51.62732710484256,46.12004506314765,41.99587193870667,5.88,84.0,-0.02,3.37
LCII,2001-05-15,1.8368196487426758,1.8368196487426758,1.8368196487426758,1.8368196487426758,400,39.89065455430015,54.2552518193438,51.62732710484256,46.12004506314765,41.85968087713835,5.87,83.5,-0.03,3.37
LCII,2001-05-16,1.8674335479736328,1.8674335479736328,1.8674335479736328,1.8674335479736328,400,34.14805974234259,54.373172731489696,51.18369838918164,45.99570576111047,41.896326685962585,5.87,73.0,-0.05,3.57
LCII,2001-05-17,1.89804718397766,1.89804718397766,1.8674335479736328,1.8674335479736328,3200,34.14805974234259,54.373172731489696,51.18369838918164,45.944537307378006,41.896326685962585,5.86,72.5,-0.06,3.57
LCII,2001-05-18,1.8674335479736328,1.8674335479736328,1.8674335479736328,1.8674335479736328,1200,33.9466308659232,53.455599205697425,51.157445231902344,45.84636298471632,41.896326685962585,5.85,71.0,-0.07,3.58
LCII,2001-05-21,1.882740227076737,1.8980469703674319,1.882740227076737,1.8980469703674316,1000,34.052114335719565,53.29323530833646,51.17691853995142,45.88056139564065,41.931567786453016,5.83,71.0,-0.09,3.58
LCII,2001-05-22,1.913353681564331,1.913353681564331,1.913353681564331,1.913353681564331,1000,32.38305925293478,53.277275632323736,50.61173859847433,45.84029973874995,41.94096253817647,5.81,67.0,-0.08,3.84
LCII,2001-05-23,1.9133530897013413,2.081728219985962,1.9133530897013413,2.081728219985962,5000,33.93610127637571,55.940040893041186,50.32430468874577,46.88649682705386,42.76830682959101,5.82,65.0,-0.19,3.83
LCII,2001-05-24,2.051114860443973,2.051114860443973,2.0235626697540283,2.0235626697540283,2400,35.43233028245219,56.2946638348403,50.54891826219606,47.004875115870895,42.732636041436244,5.83,66.0,-0.28,3.7
LCII,2001-05-25,2.0235626697540283,2.0235626697540283,2.0235626697540283,2.0235626697540283,0,34.6980325245405,56.2946638348403,50.44629028422898,47.004875115870895,42.69759024762992,5.84,65.0,-0.36,3.75
LCII,2001-05-29,2.0756051540374756,2.0756051540374756,2.0756051540374756,2.0756051540374756,400,34.95175372743678,56.34913161870463,50.59203050377119,47.103219883604275,42.4697628803656,5.84,66.0,-0.45,3.68
LCII,2001-05-30,2.0756051540374756,2.0756051540374756,2.0756051540374756,2.0756051540374756,0,34.855996679970126,56.34913161870463,50.59203050377119,47.05518201485054,42.43339621588447,5.85,65.5,-0.53,3.68
LCII,2001-05-31,2.0756051540374756,2.0756051540374756,2.0756051540374756,2.0756051540374756,0,34.742096841134526,56.34913161870463,50.494491964136635,47.05518201485054,42.43339621588447,5.85,63.0,-0.6,3.73
LCII,2001-06-01,2.0756051540374756,2.0756051540374756,2.0756051540374756,2.0756051540374756,0,34.504050908366004,56.34913161870463,50.46011606957808,47.05518201485054,40.97267227386089,5.85,62.0,-0.68,3.75
LCII,2001-06-04,2.112342596054077,2.112342596054077,2.112342596054077,2.112342596054077,800,33.852756247143745,56.41834357023742,50.52519402971769,46.40234501219031,40.98259801526313,5.84,63.0,-0.74,3.72
LCII,2001-06-05,2.133772569186281,2.1429567337036133,2.133772569186281,2.1429567337036133,13600,32.205705702019806,56.391978829799584,50.56591928724631,46.39670795101902,41.009360779295015,5.84,64.0,-0.8,3.7
LCII,2001-06-06,2.1123424219200255,2.173569679260254,2.1123424219200255,2.173569679260254,2800,32.12505336614163,56.120114564361586,50.38624154679432,46.42870136025782,41.02649444852972,5.83,58.0,-0.84,3.79
LCII,2001-06-07,2.173569679260254,2.173569679260254,2.173569679260254,2.173569679260254,0,32.12505336614163,56.120114564361586,50.38624154679432,45.26800742287416,41.02649444852972,5.82,57.5,-0.88,3.79
LCII,2001-06-08,2.173569679260254,2.173569679260254,2.173569679260254,2.173569679260254,0,32.12505336614163,56.120114564361586,50.36751762876942,45.21821617844816,40.99538497591943,5.81,56.0,-0.92,3.79
LCII,2001-06-11,2.1735697717404823,2.2194902896881104,2.1735697717404823,2.2194902896881104,12800,30.45613170420358,56.17253034139394,50.46223733319606,45.27219843401728,40.92054791841617,5.8,60.0,-0.94,3.75
LCII,2001-06-12,2.2194902896881104,2.2194902896881104,2.2194902896881104,2.2194902896881104,0,30.45613170420358,56.17253034139394,50.46223733319606,45.219095008139014,40.92054791841617,5.79,59.5,-0.97,3.75
LCII,2001-06-13,2.1888762241528363,2.1888762241528363,2.1276488304138184,2.1276488304138184,5200,33.77591836472232,56.96344141740439,50.850280672246825,45.15328677125607,41.13480154869979,5.78,67.0,-1.01,3.56
LCII,2001-06-14,2.1582629680633545,2.1582629680633545,2.1582629680633545,2.1582629680633545,600,33.76510448691112,56.419542066936366,50.53311408871923,44.96490551445708,41.16132998191549,5.76,61.0,-1.03,3.7
LCII,2001-06-15,2.1276491632664345,2.173569679260254,2.1276491632664345,2.173569679260254,1400,32.877424766190124,56.415993101224245,50.543015403661244,44.97214553018405,41.16117973751346,5.74,61.0,-1.05,3.69
LCII,2001-06-18,2.142956385070657,2.1796927452087402,2.142956385070657,2.1796927452087402,3600,32.44469788701053,50.59847354437065,50.543872875751816,44.958644437554526,41.1552227690762,5.72,61.0,-1.07,3.69
LCII,2001-06-19,2.142956181229141,2.1643857955932617,2.142956181229141,2.1643857955932617,1000,32.65380944842147,49.84464908432603,50.55914514836214,44.23405835973838,41.12789682149049,5.7,62.0,-1.1,3.68
LCII,2001-06-20,2.188876659715459,2.2194902896881104,2.1766312077263983,2.2194902896881104,1200,32.96529705183391,49.33985714549579,50.60353760275335,44.32850149257116,41.2072880126514,5.67,65.0,-1.12,3.68
LCII,2001-06-21,2.2501039505004883,2.2501039505004883,2.2501039505004883,2.2501039505004883,200,32.904199229462584,47.96954306874506,50.6409366495121,44.29758565436108,41.22297930716236,5.64,66.0,-1.13,3.66
LCII,2001-06-22,2.250103919660762,2.250103919660762,2.2194902896881104,2.2194902896881104,6600,33.421981133870794,41.7757381380918,50.645691843474374,44.26351273282669,41.24471686255799,5.61,66.0,-1.15,3.65
LCII,2001-06-25,2.2194902896881104,2.2194902896881104,2.2194902896881104,2.2194902896881104,0,33.49513789611122,40.7657248771702,50.645691843474374,44.26351273282669,41.17600968155208,5.57,65.5,-1.18,3.65
LCII,2001-06-26,2.2194902896881104,2.2194902896881104,2.1429561417678307,2.2194902896881104,10000,32.59673400946513,36.30151159306955,50.645691843474374,44.205961123537875,41.148288400239174,5.54,65.0,-1.2,3.65
LCII,2001-06-27,2.1735693679190926,2.2347967624664307,2.1735693679190926,2.2347967624664307,10000,32.54197592715037,36.19084120027946,50.65382953581603,44.21187631064887,41.15468247353478,5.5,66.0,-1.22,3.65
LCII,2001-06-28,2.2347967624664307,2.2347967624664307,2.2347967624664307,2.2347967624664307,0,32.45344410649856,33.02802524326824,50.65382953581603,44.21187631064887,41.1256954202707,5.45,65.5,-1.25,3.65
LCII,2001-06-29,2.256226766837699,2.3266381925452606,2.256226766837699,2.2960245609283447,3200,32.96169702628667,33.28262498691275,50.61042934934014,44.32093191814344,41.21640111596088,5.41,59.0,-1.24,3.67
LCII,2001-07-02,2.2654105271682794,2.3572514057159424,2.2654105271682794,2.3572514057159424,5600,33.36391942333232,33.427352917515705,48.63327401875408,44.35353410437944,41.30157300881736,5.38,36.0,-1.18,3.98
LCII,2001-07-03,2.3572514057159424,2.3572514057159424,2.3572514057159424,2.3572514057159424,0,33.336938617147936,33.427352917515705,47.99431299806145,44.35353410437944,41.30157300881736,5.34,34.0,-1.13,4.32
LCII,2001-07-05,2.3572514057159424,2.3572514057159424,2.3572514057159424,2.3572514057159424,0,33.40120312205287,32.616325152028516,47.979069317634085,44.28090488841832,41.27066951947235,5.31,33.0,-1.09,4.32
LCII,2001-07-06,2.3572514057159424,2.3572514057159424,2.3572514057159424,2.3572514057159424,0,24.059252907838108,29.279467325256242,47.769025459966066,44.22379035434274,41.27066951947235,5.25,31.0,-1.07,4.47
LCII,2001-07-09,2.3878656017564026,2.4490928649902344,2.3878656017564026,2.4490928649902344,2000,23.984305654948205,29.997287589424644,48.12237403320214,44.440392691928245,41.4475167050967,5.18,34.0,-0.98,4.3
LCII,2001-07-10,2.433785915374756,2.433785915374756,2.433785915374756,2.433785915374756,400,24.196713870947644,29.6659330098848,48.118273808432846,44.37569719628067,41.421705069939875,5.11,33.0,-0.93,4.3
LCII,2001-07-11,2.464399576187134,2.464399576187134,2.464399576187134,2.464399576187134,400,23.586704579701177,29.588201342094745,48.129759515968985,44.39459562604968,41.44044824045404,5.04,34.0,-0.88,4.31
LCII,2001-07-12,2.4797062292412,2.510319709777832,2.4797062292412,2.510319709777832,600,23.803366685550902,29.592973489742462,46.57161093003235,44.14042425809322,41.473139126996095,4.99,27.0,-0.85,4.91
LCII,2001-07-13,2.510319709777832,2.510319709777832,2.510319709777832,2.510319709777832,0,23.803366685550902,29.526596002076584,46.57161093003235,44.08174634509494,41.473139126996095,4.92,26.5,-0.84,4.91
LCII,2001-07-16,2.4858293533325195,2.4858293533325195,2.4858293533325195,2.4858293533325195,2000,24.196563483098863,29.547159481796083,46.61129812726638,44.019924955600885,41.485180779303285,4.86,27.0,-0.88,4.88
LCII,2001-07-17,2.4858293533325195,2.4858293533325195,2.4858293533325195,2.4858293533325195,0,24.00342620260375,29.1445476209591,45.89486396344146,43.93310184738251,41.455149240967714,4.8,24.0,-0.92,5.32
LCII,2001-07-18,2.4490928649902344,2.4490928649902344,2.4490928649902344,2.4490928649902344,4000,24.547231855988855,28.618504705346915,45.76438794944968,43.97754696054659,41.45264627655755,4.73,23.0,-0.99,5.42
LCII,2001-07-19,2.525626615599546,2.617467641830444,2.525626615599546,2.6174676418304443,8400,30.34560649020486,31.09031956060062,46.818896039842535,44.62620785150028,41.98299403614418,4.65,27.0,-0.95,4.95
LCII,2001-07-20,2.755229647334321,2.8470706939697266,2.7246158678043066,2.8470706939697266,18000,37.738771651270746,34.74799551137123,48.51730380681092,45.63938284904278,42.81213067201983,4.56,34.0,-0.59,4.42
LCII,2001-07-23,2.9082974316682693,3.030751943588257,2.9082974316682693,3.030751943588257,17800,40.679111296040006,36.36447624601135,49.37281491124506,46.184128876248124,43.24947499080821,4.46,36.0,0.04,4.07
LCII,2001-07-24,3.0521812438964844,3.0521812438964844,3.0521812438964844,3.0521812438964844,400,40.586449783324255,35.611648101888186,49.366373046829885,46.185170029850944,43.25383079476383,4.36,35.0,0.38,4.07
LCII,2001-07-25,3.015446186065674,3.015446186065674,3.015446186065674,3.015446186065674,1600,41.01125864360138,35.83701312318378,49.31332296843389,46.21866602903579,43.273230520702796,4.26,34.0,0.45,4.1
LCII,2001-07-26,3.0460594747787817,3.055243492126465,3.0460594747787817,3.055243492126465,800,37.8745842606578,35.79064558492375,49.320817601334674,46.20426649838922,43.25848790971055,4.15,34.0,0.48,4.11
LCII,2001-07-27,3.0460594747787817,3.055243492126465,3.0460594747787817,3.055243492126465,1800,38.02767827432085,35.79064558492375,49.320817601334674,46.19636999566114,43.25848790971055,4.03,33.5,0.43,4.11
LCII,2001-07-30,3.055243492126465,3.055243492126465,3.055243492126465,3.055243492126465,0,38.15558655175919,35.384307990587196,49.320817601334674,46.19636999566114,43.22515867364141,3.91,33.0,0.35,4.11
LCII,2001-07-31,3.00013869818334,3.00013869818334,2.9848318099975586,2.9848318099975586,10400,39.39495220846972,35.84904483979248,49.52966603598389,45.301120554048886,43.287608875706816,3.78,36.0,0.2,3.98
LCII,2001-08-01,2.9848318099975586,2.9848318099975586,2.9848318099975586,2.9848318099975586,0,39.174848782067166,35.84904483979248,49.49944867508574,45.301120554048886,43.287608875706816,3.65,35.0,0.06,3.99
LCII,2001-08-02,2.9542180336259967,2.9848318099975586,2.831763512048966,2.9848318099975586,36800,39.04772086763847,35.84904483979248,49.26012850279882,45.22176585363033,43.25401488898263,3.5,28.0,-0.07,4.13
LCII,2001-08-03,2.9542180336259967,2.9848318099975586,2.9542180336259967,2.9848318099975586,1600,39.13291948442504,35.84904483979248,49.26012850279882,45.22176585363033,43.21909944000557,3.35,27.5,-0.2,4.13
LCII,2001-08-06,2.954217498133723,2.984831268956121,2.954217498133723,2.969524383544922,3600,38.77055489649533,35.92203490956625,49.28091605749775,45.14699117002963,43.18713070987932,3.18,28.0,-0.32,4.11
LCII,2001-08-07,2.954217498133723,2.969524383544922,2.954217498133723,2.969524383544922,2000,38.77055489649533,35.966420852205594,49.23741075763557,45.14699117002963,43.18713070987932,3.0,25.0,-0.43,4.14
LCII,2001-08-08,2.969524383544922,2.969524383544922,2.969524383544922,2.969524383544922,0,38.77055489649533,35.61597119472251,49.23741075763557,45.14699117002963,43.18713070987932,2.8,24.5,-0.54,4.14
LCII,2001-08-09,2.93891090467708,2.969524383544922,2.93891090467708,2.969524383544922,4000,38.86522281299491,35.61597119472251,49.23741075763557,45.14699117002963,43.18713070987932,2.56,24.0,-0.63,4.14
LCII,2001-08-10,2.9419735367300235,2.9419735367300235,2.9389123916625977,2.9389123916625977,1200,39.19934376693859,35.767170743632185,48.86261480616662,44.85266766202988,43.19180389986846,2.3,22.0,-0.72,4.34
LCII,2001-08-13,2.9389123916625977,2.9389123916625977,2.9389123916625977,2.9389123916625977,0,38.90854837894715,35.767170743632185,48.86261480616662,44.71865499531487,43.19180389986846,1.99,21.5,-0.8,4.34
LCII,2001-08-14,2.9082973293937338,2.935849666595459,2.9082973293937338,2.935849666595459,1200,38.61016148525789,35.777218154479236,44.85690212946233,44.719701365082905,43.192183339781096,1.91,4.0,-0.87,3.86
LCII,2001-08-15,2.8776841163635254,2.8776841163635254,2.847070629481567,2.8776841163635254,7200,39.36784994493511,36.16970164779194,44.51872149674814,44.71040599003905,43.21418155143068,1.87,2.0,-0.93,4.04
LCII,2001-08-16,2.8776841163635254,2.8776841163635254,2.847070629481567,2.8776841163635254,9200,39.36784994493511,36.19675214866856,44.07568660773974,44.61720330793006,43.18574995805916,1.85,1.0,-0.99,4.27
LCII,2001-08-17,2.862377166748047,2.862377166748047,2.862377166748047,2.862377166748047,600,39.47632953550361,32.46499727240811,43.18991899661691,44.61693750828816,43.190072778236,1.89,1.0,-1.04,4.73
LCII,2001-08-20,2.8929901123046875,2.8929901123046875,2.8929901123046875,2.8929901123046875,200,38.341759220341615,31.71364336508866,39.04204069138197,44.52976300862381,43.16601332648765,2.17,1.0,-1.1,3.4
LCII,2001-08-21,2.8470706939697266,2.8470706939697266,2.8470706939697266,2.8470706939697266,4000,38.70446223195187,32.010143303002835,38.55176718198404,44.584551253229726,43.16276115096155,2.45,1.0,-1.14,3.76
LCII,2001-08-22,2.8470706939697266,2.8470706939697266,2.8470706939697266,2.8470706939697266,0,38.66991820314173,31.764649588916644,35.81629368999677,44.584551253229726,43.16276115096155,2.81,1.0,-1.18,3.77
LCII,2001-08-23,2.8470706939697266,2.8470706939697266,2.8470706939697266,2.8470706939697266,0,38.473301800007064,31.764649588916644,35.752205909480196,44.527207850326164,43.16276115096155,3.13,1.0,-1.22,3.8
LCII,2001-08-24,2.8776832918549764,2.908297061920166,2.8776832918549764,2.908297061920166,13000,38.76476277264195,31.91290134325266,33.93816374621713,44.58037634934955,43.21062248613908,3.48,1.0,-1.25,3.82
LCII,2001-08-27,2.8929906498636977,3.0001385706549666,2.8470702792129234,2.862377166748047,4400,39.00598912383629,32.19805725894224,34.10604123930882,44.634135638782034,43.24363464431799,3.79,2.0,-1.28,3.74
LCII,2001-08-28,2.862377166748047,2.862377166748047,2.862377166748047,2.862377166748047,0,39.00598912383629,32.115050021718304,34.051727178861896,44.634135638782034,43.09724149061267,4.07,2.0,-1.31,3.84
LCII,2001-08-29,2.862377166748047,2.862377166748047,2.862377166748047,2.862377166748047,0,38.592708375665694,32.071960637930616,34.051727178861896,44.624810195105084,43.06622847729498,4.33,2.5,-1.33,3.84
LCII,2001-08-30,2.862377166748047,2.862377166748047,2.862377166748047,2.862377166748047,0,33.94844409073299,32.02685896175817,33.59688361205896,44.4911794622398,42.979628990195025,4.59,1.0,-1.36,4.05
LCII,2001-08-31,2.8776841163635254,2.8776841163635254,2.8776841163635254,2.8776841163635254,600,23.73713738995396,32.01287382625911,31.66261528089028,44.168568493127566,42.969929862192856,4.88,1.0,-1.38,4.6
LCII,2001-09-04,2.8470706939697266,2.8470706939697266,2.8470706939697266,2.8470706939697266,800,14.924569083821734,32.15433574536538,31.754869190294617,44.195997094982516,42.95408023265341,5.14,2.0,-1.39,4.55
LCII,2001-09-05,2.847069750186574,2.8929901123046875,2.847069750186574,2.8929901123046875,3200,15.610422301222313,32.0629847822777,31.566817749160975,44.222921295674595,42.9385309383073,5.39,1.0,-1.4,4.6
LCII,2001-09-06,2.8776841163635254,2.8776841163635254,2.8776841163635254,2.8776841163635254,600,15.341676869761137,32.11258970944479,31.546889771583558,44.232035785588266,42.943284637122424,5.62,1.0,-1.41,4.7
LCII,2001-09-07,2.862377523237228,2.862377523237228,2.831763744354248,2.831763744354248,4000,15.249108195819353,30.916427181405005,31.66367779580601,44.28693296505768,42.97779871412934,5.83,4.0,-1.41,4.71
LCII,2001-09-10,2.801149606704712,2.831763381666731,2.801149606704712,2.801149606704712,1800,15.416776911431809,31.015209718306753,31.69761764545943,43.96126032752663,42.99434982483236,6.03,5.0,-1.41,4.78
LCII,2001-09-17,2.801149606704712,2.801149606704712,2.801149606704712,2.801149606704712,3200,15.416776911431809,31.022537158836432,31.631090328516848,43.96126032752663,42.9620089855007,6.21,3.0,-1.4,4.81
LCII,2001-09-18,2.7705368413973903,2.7705368413973903,2.755229949951172,2.755229949951172,10800,14.74647935747525,31.312105440432198,31.60448108057824,44.00904922778367,42.99762490541414,6.39,3.0,-1.39,4.83
LCII,2001-09-19,2.755229949951172,2.755229949951172,2.755229949951172,2.755229949951172,10000,14.74647935747525,31.240043621331704,31.180965346541186,43.97884186726807,42.99762490541414,6.56,1.0,-1.38,5.08
LCII,2001-09-20,2.7552297180421594,2.7552297180421594,2.7093093395233154,2.7093093395233154,11600,15.27722611702655,31.211714732952633,31.36592935049806,43.64963389794717,42.505761863819565,6.73,2.0,-1.37,4.97
LCII,2001-09-21,2.7093093395233154,2.7093093395233154,2.7093093395233154,2.7093093395233154,2400,15.27722611702655,31.14340399652951,31.36592935049806,42.37410901093258,42.471045190763355,6.88,2.5,-1.36,4.97
LCII,2001-09-24,2.7093093395233154,2.7093093395233154,2.7093093395233154,2.7093093395233154,1000,15.293940273279489,30.9538472567287,31.36592935049806,42.37410901093258,42.471045190763355,7.02,3.0,-1.36,4.97
LCII,2001-09-25,2.7093093395233154,2.7093093395233154,2.7093093395233154,2.7093093395233154,0,15.293940273279489,30.9538472567287,30.69039657672653,42.31392364475034,41.54911822509631,7.16,1.0,-1.34,5.66
LCII,2001-09-26,2.6786949634552,2.709308736962235,2.6786949634552,2.6786949634552,8400,15.450405934836104,31.09326286758825,30.786400478991823,42.34388287833077,41.53219185651292,7.3,2.0,-1.32,5.6
LCII,2001-09-27,2.6786949634552,2.6786949634552,2.6786949634552,2.6786949634552,0,15.450405934836104,31.08986936003773,30.786400478991823,42.34388287833077,41.52050873302475,7.42,2.5,-1.29,5.6
LCII,2001-09-28,2.648081122604361,2.648081122604361,2.617467641830444,2.6174676418304443,3800,16.363146471887084,31.543613614750722,31.089049048389057,42.38975361048514,41.546259205720986,7.54,4.0,-1.27,5.4
LCII,2001-10-01,2.6235899925231934,2.6235899925231934,2.6235899925231934,2.6235899925231934,2800,16.4249440759435,31.13120019790902,30.88548635989911,42.36392403695551,41.26765913376168,7.65,4.0,-1.26,5.53
LCII,2001-10-02,2.626652071937859,2.6480815410614014,2.626652071937859,2.6480815410614014,6800,16.84257416309976,30.761726226795936,30.685175364371492,42.371893972685,41.111806403652565,7.75,1.0,-1.24,5.8
LCII,2001-10-03,2.6480815410614014,2.6480815410614014,2.6480815410614014,2.6480815410614014,0,16.114416979145314,30.761726226795936,30.685175364371492,42.371893972685,41.111806403652565,7.84,1.5,-1.23,5.8
LCII,2001-10-04,2.617467641830444,2.617467641830444,2.617467641830444,2.6174676418304443,4600,16.292056415535004,30.885090141771688,30.78162793372487,42.26162098850736,41.11830581766992,7.93,4.0,-1.22,5.74
LCII,2001-10-05,2.6940018502087177,2.6940018502087177,2.6786949634552,2.6786949634552,7800,17.963764000247068,31.191294399704063,30.920949173394714,42.33583854528899,40.595789843008326,8.02,8.0,-1.23,5.51
LCII,2001-10-08,2.6480815410614014,2.6480815410614014,2.6480815410614014,2.6480815410614014,3400,17.731917745243837,30.388022421083544,30.949714312615544,42.3544942787476,40.615852918082346,8.1,9.0,-1.23,5.59
LCII,2001-10-09,2.6480815410614014,2.6480815410614014,2.6480815410614014,2.6480815410614014,0,17.30990540463779,30.34843778182539,30.94765878803669,42.3544942787476,40.573484409465195,8.17,9.0,-1.23,5.62
LCII,2001-10-10,2.678695559207655,2.7093093395233154,2.678695559207655,2.7093093395233154,1200,18.79142362507189,30.58349190029196,30.72487803125274,42.42664603588809,40.5759358518169,8.24,4.0,-1.22,5.87
LCII,2001-10-11,2.7399213314056396,2.7399213314056396,2.7399213314056396,2.7399213314056396,1400,19.155927709976044,30.448667159563104,30.74046507497521,42.386916559094665,40.58765235923287,8.3,5.0,-1.22,5.81
LCII,2001-10-12,2.755229584926426,2.8776841163635254,2.755229584926426,2.8776841163635254,10600,23.25230592523664,31.970047740932483,31.50218883945587,42.52912789059274,40.82536976782771,8.35,18.0,-1.22,5.14
LCII,2001-10-15,2.86237715662875,2.86237715662875,2.7705361236972883,2.801149606704712,9000,24.09917740749852,32.43670617208108,31.8846814464331,42.6663170447644,40.92445626879135,8.38,27.0,-1.23,4.9
LCII,2001-10-16,2.8011500246747043,2.862377583734734,2.8011500246747043,2.8470706939697266,13200,24.59710871221467,32.56501845602958,31.936492654912062,42.69977669458228,40.95103193925873,8.42,28.0,-1.25,4.8
LCII,2001-10-17,2.847069549159807,2.9205422401428223,2.847069549159807,2.9205422401428223,13400,25.69705773248173,32.7075108929397,32.05827093150989,42.789831571753986,41.02087252137609,8.44,29.0,-1.27,4.66
LCII,2001-10-18,2.954217672348022,2.954217672348022,2.954217672348022,2.9542176723480225,400,25.88519584147395,29.970123913396527,32.07304395957198,42.72871655993325,40.976228450566445,8.47,30.0,-1.3,4.64
LCII,2001-10-19,2.954217672348022,2.954217672348022,2.954217672348022,2.9542176723480225,600,25.854689390338194,24.61078115025148,29.401572349634392,42.7276275997388,40.976228450566445,8.53,1.0,-1.27,4.52
LCII,2001-10-22,2.9542189928638383,2.969525886019783,2.9389123916625977,2.9389123916625977,4800,25.68940466172184,20.98070116076957,28.990280432764486,42.70777139350607,40.92304799851809,8.6,1.0,-1.24,4.78
LCII,2001-10-23,2.9695255556051547,2.9695255556051547,2.892991390295977,2.9419732093811035,5600,25.29619351762574,20.924316985044246,28.987340428185803,42.70721438105251,40.88129624523661,8.65,1.0,-1.23,4.78
LCII,2001-10-24,2.941973209381103,2.941973209381103,2.941973209381103,2.9419732093811035,16000,25.235978493970297,20.786876585224405,28.784130078187296,42.70721438105251,40.88129624523661,8.71,1.0,-1.19,5.07
LCII,2001-10-25,2.908297061920166,2.908297061920166,2.908297061920166,2.908297061920166,600,25.004815107300793,20.715124778264933,28.87751330326821,42.737075760314575,40.84375503040984,8.75,2.0,-1.15,5.01
LCII,2001-10-26,2.908297061920166,2.908297061920166,2.908297061920166,2.908297061920166,0,24.75787001467481,20.715124778264933,28.87751330326821,42.737075760314575,40.84375503040984,8.79,2.5,-1.12,5.01
LCII,2001-10-29,2.9389116784900455,2.9542182759769027,2.7552295891014302,2.831763744354248,8800,26.04784972142935,21.380235177524735,29.264518441077087,42.74034689226915,40.71097808325072,8.82,6.0,-1.08,4.76
LCII,2001-10-30,2.8164560794830322,2.8164560794830322,2.8164560794830322,2.8164560794830322,200,25.617293975123783,20.90112941731802,29.203118170323688,41.3713581105011,40.67134376432128,8.85,6.0,-1.02,4.9
LCII,2001-10-31,2.816456850644976,2.8776841163635254,2.816456850644976,2.8776841163635254,2000,26.31273084864952,21.40236578624588,29.2962469317895,41.01298980631119,40.65501299591382,8.87,8.0,-0.96,4.79
LCII,2001-11-01,2.8776841163635254,2.8776841163635254,2.8776841163635254,2.8776841163635254,0,25.74414606587473,21.40236578624588,29.24425299493573,41.00523255325701,40.587714813675284,8.88,7.0,-0.88,4.89
LCII,2001-11-02,2.8776841163635254,2.8776841163635254,2.8776841163635254,2.8776841163635254,1000,25.74414606587473,21.40236578624588,29.24425299493573,40.86300487582125,40.587714813675284,8.89,7.5,-0.8,4.89
LCII,2001-11-05,2.908297061920166,2.908297061920166,2.908297061920166,2.908297061920166,1000,25.85480633668979,21.50249306197868,29.266643376507993,40.8713131427528,40.58721921103335,8.9,10.0,-0.72,4.83
LCII,2001-11-06,2.954217498133723,3.00013815436732,2.954217498133723,2.969524383544922,14400,26.388973717362212,21.936400913776296,29.265508608658763,40.91953099435055,40.61069024171742,8.9,10.0,-0.62,4.83
LCII,2001-11-07,2.9389123916625977,2.9389123916625977,2.9389123916625977,2.9389123916625977,1600,26.34295837925601,22.038953283770905,29.337887306161566,40.93090296938574,40.62922205892333,8.89,13.0,-0.51,4.79
LCII,2001-11-08,2.9389123916625977,2.9389123916625977,2.9389123916625977,2.9389123916625977,0,26.34295837925601,22.038953283770905,28.438655438191347,39.87497328056536,40.62922205892333,8.88,1.0,-0.44,5.24
LCII,2001-11-09,2.9236047846184117,2.9236047846184117,2.8776841163635254,2.8776841163635254,4600,26.170342599426803,22.356712472060135,28.64155392919283,39.9697421542866,40.694301233949375,8.87,2.0,-0.35,5.18
LCII,2001-11-12,2.8470706939697266,2.8470706939697266,2.8470706939697266,2.8470706939697266,400,26.476699329329872,22.45676462438075,28.7141094689223,39.99797433995648,40.693564119444645,8.86,3.0,-0.25,5.17
LCII,2001-11-13,2.831763744354248,2.831763744354248,2.816456854912758,2.831763744354248,9400,26.502213633137174,22.47868134465722,28.742800979425233,39.55453449983944,40.69014058483262,8.84,4.0,-0.15,5.17
LCII,2001-11-14,2.816456377244139,2.816456377244139,2.785842895507812,2.7858428955078125,5400,27.040197158128198,22.355825331627514,28.86010613759835,39.48243762579989,40.73057665575538,8.81,6.0,-0.08,5.09
LCII,2001-11-15,2.785842895507812,2.785842895507812,2.785842895507812,2.7858428955078125,0,26.750975978313214,22.355825331627514,28.63366035895687,39.46214303754512,39.89926095625016,8.77,2.0,0.03,5.43
LCII,2001-11-16,2.755229949951172,2.755229949951172,2.755229949951172,2.755229949951172,400,26.24356048331662,22.438707272023485,28.651790946395266,39.49346417158853,39.91870154746328,8.73,4.0,0.17,5.51
LCII,2001-11-19,2.739921972290982,2.739921972290982,2.7184925079345703,2.7184925079345703,19800,26.328796979365602,22.464169785351185,28.647976296104734,39.53682938743576,39.8875306899516,8.69,4.0,0.26,5.52
LCII,2001-11-20,2.7184925079345703,2.7246150869130212,2.7184925079345703,2.7184925079345703,6000,26.328796979365602,22.247239899990944,28.647976296104734,39.53682938743576,39.8875306899516,8.64,4.5,0.31,5.52
LCII,2001-11-21,2.7001252575266537,2.755229949951172,2.7001252575266537,2.755229949951172,2400,25.78053635522209,22.436371411427576,28.702985857785702,39.48970571546781,39.84347058484909,8.58,7.0,0.33,5.4
LCII,2001-11-23,2.755229949951172,2.755229949951172,2.755229949951172,2.755229949951172,0,25.581143724409998,22.436371411427576,28.69500962773831,39.48970571546781,39.84347058484909,8.52,7.0,0.32,5.44
LCII,2001-11-26,2.755229949951172,2.755229949951172,2.755229949951172,2.755229949951172,0,20.973469640775495,21.97132119515654,28.69500962773831,39.48970571546781,39.84347058484909,8.45,7.5,0.2,5.44
LCII,2001-11-27,2.755229949951172,2.7705368413973903,2.755229949951172,2.755229949951172,4800,19.53026566847865,21.747759242943708,28.416583625575175,39.48970571546781,39.84347058484909,8.37,1.0,0.17,5.85
LCII,2001-11-28,2.7858435515984334,2.8011501500941436,2.7705366611480713,2.7705366611480713,2000,18.967406679033484,21.784284907096342,28.150888789722988,39.484571718568404,39.597710651814296,8.33,1.0,0.23,6.25
LCII,2001-11-29,2.755229236216279,2.801149606704712,2.755229236216279,2.801149606704712,4400,17.633782371268605,21.912028571829104,28.18886011429893,39.45934035306016,39.49174761418155,8.29,2.0,0.26,6.15
LCII,2001-11-30,2.8470706939697266,2.8470706939697266,2.8470706939697266,2.8470706939697266,400,17.98884200948521,22.17527579200382,28.281561765378616,39.349762786297354,39.518121269765665,8.24,3.0,0.23,5.96
LCII,2001-12-03,2.8470706939697266,2.8470706939697266,2.8470706939697266,2.8470706939697266,0,17.98884200948521,22.146488515914452,28.281561765378616,39.349762786297354,39.450699692811234,8.19,3.5,0.09,5.96
LCII,2001-12-04,2.8470706939697266,2.8470706939697266,2.8470706939697266,2.8470706939697266,0,17.952365335612793,22.037755830141577,27.676027910671714,39.349762786297354,39.37993764175823,8.14,1.0,0.17,6.76
LCII,2001-12-05,2.8164560794830322,2.8164560794830322,2.8164560794830322,2.8164560794830322,12400,18.1593834571561,21.89084440699881,27.717864864336423,39.359006732268575,39.39018594045569,8.08,2.0,0.16,6.73
LCII,2001-12-06,2.8164560794830322,2.8164560794830322,2.8164560794830322,2.8164560794830322,400,18.1593834571561,21.867546628797168,27.662107380596986,39.359006732268575,39.317863565783966,8.01,1.0,0.19,6.86
LCII,2001-12-07,2.8164560794830322,2.8164560794830322,2.8164560794830322,2.8164560794830322,0,17.910041195891715,21.62049282820482,27.526068832992834,39.359006732268575,39.317863565783966,7.96,1.0,0.29,7.14
LCII,2001-12-10,2.785842895507812,2.785842895507812,2.785842895507812,2.7858428955078125,4800,18.132044208876703,21.62175387700824,27.592292385097466,39.12732962872718,39.33849561003009,7.91,2.0,0.36,7.1
LCII,2001-12-11,2.785842895507812,2.785842895507812,2.785842895507812,2.7858428955078125,0,16.479008038002576,21.62175387700824,27.53804334560875,39.12732962872718,39.28728139611704,7.86,2.0,0.31,7.13
LCII,2001-12-12,2.755229949951172,2.755229949951172,2.755229949951172,2.755229949951172,1200,16.702969340436944,21.47247592798543,27.605462178343963,36.54773394048274,39.307958491324904,7.81,4.0,0.13,7.09
LCII,2001-12-13,2.7521683342167065,2.7705366611480713,2.7246159897969853,2.7705366611480713,5200,15.449690994026469,21.50247272176037,27.49588910504765,36.129782653902545,39.30934689650272,7.75,1.0,-0.6,7.14
LCII,2001-12-14,2.785842450687244,2.785842450687244,2.6633876674307673,2.6940014362335205,15200,17.275829488184552,21.99564249406795,25.828823464653837,36.05626438162029,39.42188097942554,7.7,1.0,-0.63,7.95
LCII,2001-12-17,2.6786949634552,2.6786949634552,2.6725720919719604,2.6786949634552,141200,17.29173917580431,22.025573616333094,22.0738798978065,35.377987845450534,39.41809438240579,7.65,1.0,-0.69,4.39
LCII,2001-12-18,2.694000977967381,2.7399213314056396,2.694000977967381,2.7399213314056396,45000,18.390908605739227,22.51538324271758,19.9778960998815,32.833949312631916,39.358464899049075,7.61,1.0,-0.68,1.74
LCII,2001-12-19,2.739922234971447,2.785842895507812,2.739922234971447,2.7858428955078125,4200,17.97239498570524,22.765759558863568,20.13338993000802,32.37683569281148,39.13632229149172,7.56,2.0,-0.68,1.61
LCII,2001-12-20,2.8164560794830322,2.8164560794830322,2.8164560794830322,2.8164560794830322,600,18.18290127375294,22.729442830076295,20.139446673862405,30.486076264913464,39.14647310000745,7.5,3.0,-0.63,1.56
LCII,2001-12-21,2.8011500246747043,2.8470706939697266,2.8011500246747043,2.8470706939697266,3600,18.52300362890538,22.820270546074642,20.102619566924247,30.46696535473646,39.15622941094777,7.42,2.0,-0.64,1.59
LCII,2001-12-24,2.8470706939697266,2.8470706939697266,2.8470706939697266,2.8470706939697266,0,17.526331753365195,22.26076309669855,20.102619566924247,29.331208077545128,39.15622941094777,7.33,2.5,-0.68,1.59
LCII,2001-12-26,2.8164560794830322,2.8164560794830322,2.7950266153377092,2.8164560794830322,16400,17.532311631736462,22.399812623491865,20.16611927775706,29.376387266465752,39.17643850260065,7.23,6.0,-0.75,1.56
LCII,2001-12-27,2.816456565256547,2.9236044883728027,2.816456565256547,2.9236044883728027,5000,20.576402929824823,23.54181183163375,20.733970906914962,29.590735242882854,39.05921516550652,7.1,7.0,-0.74,1.59
LCII,2001-12-28,2.9236044883728027,2.9236044883728027,2.9236044883728027,2.9236044883728027,0,19.908887287843065,23.54181183163375,20.733970906914962,29.590735242882854,39.05921516550652,6.96,7.5,-0.74,1.59
LCII,2001-12-31,2.923604983679641,3.290968894958496,2.923604983679641,3.290968894958496,13200,39.24442973106911,33.41400649948805,28.003640200780676,32.32716539617035,40.741093218516106,6.73,19.0,2.35,18.32
LCII,2002-01-02,3.3368875980377197,3.3368875980377197,3.3368875980377197,3.3368875980377197,400,38.99180944062906,33.23883913380161,28.077634586085665,31.193152023887556,40.732501363627065,6.49,20.0,4.25,18.0
LCII,2002-01-03,3.36750068346657,3.3981144428253174,3.36750068346657,3.3981144428253174,2800,38.671280371890866,33.21727983838694,28.18924183843834,31.235710518766346,40.46029118338058,6.23,23.0,5.47,17.52
LCII,2002-01-04,3.3981144428253174,3.3981144428253174,3.3981144428253174,3.3981144428253174,0,38.671280371890866,33.21727983838694,28.18924183843834,31.12481449433598,39.484738755676965,5.96,23.5,5.52,17.52
LCII,2002-01-07,3.3981144428253174,3.3981144428253174,3.3981144428253174,3.3981144428253174,0,38.686439851757285,32.9971919214283,28.18924183843834,31.080755537886027,39.484738755676965,5.66,24.0,5.16,17.52
LCII,2002-01-08,3.4287300109863277,3.4287300109863277,3.4287300109863277,3.428730010986328,4000,38.632903218940456,32.9785717546716,28.214269770926403,31.04046157366446,39.44438409815059,5.34,26.0,4.79,17.39
LCII,2002-01-09,3.520571164335804,3.658332586288452,3.520571164335804,3.658332586288452,4000,41.991605110109816,34.044597629093005,29.88833185893165,31.82510782474503,39.93169455456783,4.99,56.0,5.83,14.03
LCII,2002-01-10,3.6736377569345326,4.129781041684824,3.6736377569345326,3.979774236679077,38800,47.12490262337745,37.20414719915468,32.59843551578036,33.166076872138106,40.751707262208,4.63,87.0,9.12,11.18
LCII,2002-01-11,4.0103902444214805,4.0103902444214805,3.7654808652586635,3.842015027999878,4400,49.07099592623545,38.07517430592851,33.15416937604148,33.39361193802702,40.89189200585875,4.39,88.0,7.97,10.54
LCII,2002-01-14,3.750172978947968,3.7807867527008057,3.750172978947968,3.7807867527008057,2400,49.68921228756146,38.07247156225318,33.09124928624604,33.26403868749549,40.91411435776182,4.14,88.0,6.66,10.61
LCII,2002-01-15,3.7042523472127105,3.7042523472127105,3.6277182102203365,3.627718210220337,17800,51.816113280107956,39.169788565385055,33.82034549218933,33.701880981315604,41.151631323586194,3.9,91.0,5.55,9.84
LCII,2002-01-16,3.6736398239392116,3.7348670959472656,3.6583329329485323,3.7348670959472656,12800,52.10779056168964,39.5138937795074,34.06312008508612,33.82392714708828,41.23502085052605,3.68,95.0,4.63,9.36
LCII,2002-01-17,3.7348670959472656,3.7348670959472656,3.7348670959472656,3.7348670959472656,0,52.10779056168964,39.477109471270964,34.04155648843294,33.82392714708828,41.138400434146405,3.58,93.0,3.87,9.43
LCII,2002-01-18,3.76548074931994,3.8267080192367984,3.76548074931994,3.811401128768921,5600,51.856773187294536,39.61237521479984,34.025455251625466,33.521779924334574,41.17485795371948,3.49,93.0,3.26,9.3
LCII,2002-01-22,3.7348664429722014,3.7348664429722014,3.6767006177224766,3.7042529582977295,2000,52.98490785601749,40.172164608557026,34.38687097444459,33.74399411446004,41.287088149366966,3.47,99.0,2.69,8.95
LCII,2002-01-23,3.688945770263672,3.688945770263672,3.688945770263672,3.688945770263672,1000,53.060472443735364,40.080133081576854,34.40121842361889,33.75494390492212,41.2918443213091,3.44,100.0,2.2,8.95
LCII,2002-01-24,3.688945770263672,3.688945770263672,3.688945770263672,3.688945770263672,0,52.7977578649474,40.080133081576854,34.272598284820674,33.75494390492212,41.2918443213091,3.45,98.0,1.78,9.21
LCII,2002-01-25,3.734865254769272,3.750172138214111,3.734865254769272,3.7501721382141113,2000,52.75971994589336,39.64454972209979,34.218048912597986,33.68106734081543,41.27842394638054,3.45,97.0,1.41,9.15
LCII,2002-01-28,3.750172138214111,3.750172138214111,3.750172138214111,3.7501721382141113,0,52.47473174346362,39.60109546661841,34.218048912597986,33.5787925469471,41.118783074395076,3.45,96.5,1.09,9.15
LCII,2002-01-29,3.750172138214111,3.750172138214111,3.750172138214111,3.7501721382141113,0,52.54270861602047,39.45794077155661,34.218048912597986,33.5787925469471,41.118783074395076,3.45,96.0,0.8,9.15
LCII,2002-01-30,3.673639181668646,3.704252958297729,3.673639181668646,3.7042529582977295,1400,51.744520521765146,39.597337051490655,34.298604437606315,33.63259861099973,41.14468253369679,3.46,98.0,0.53,9.09
LCII,2002-01-31,3.7348650927960536,3.949160575866699,3.7348650927960536,3.949160575866699,8600,53.74142415738762,41.4376831410195,35.657002854158485,34.364335424183665,41.60229788549921,3.51,100.0,0.38,7.7
LCII,2002-02-01,3.9338538814991946,3.979774236679077,3.9338538814991946,3.979774236679077,600,53.6819824952509,41.42618383656595,35.59457830381781,34.33183206761677,41.547035963623266,3.56,99.0,0.23,7.7
LCII,2002-02-04,3.979774236679077,3.979774236679077,3.979774236679077,3.979774236679077,2800,53.78561697454618,41.31082141398241,35.54040926662042,34.332467299854365,41.54608544301285,3.6,98.0,0.09,7.82
LCII,2002-02-05,3.933854993853587,3.949161588605377,3.918548107147217,3.918548107147217,1200,54.36905367166267,41.4051829367217,35.63919793852639,34.23402257412316,41.56677260908642,3.65,99.0,-0.08,7.75
LCII,2002-02-06,3.949160575866699,3.949160575866699,3.949160575866699,3.949160575866699,2000,54.377095469626305,41.397406663596406,35.51352930299289,34.23293430749405,41.56903687507952,3.69,96.0,-0.23,7.8
LCII,2002-02-07,3.995081224209734,3.995081224209734,3.8879333366971585,3.949160575866699,10400,54.377095469626305,41.0565564666812,35.44478249285831,34.20533793977583,41.56903687507952,3.73,95.0,-0.38,7.85
LCII,2002-02-08,4.007326566568806,4.010388001435331,3.9522219067893483,3.979774236679077,1600,53.997844588528125,40.923845434590454,35.446932348260795,34.20431710019854,41.57117050045122,3.78,95.0,-0.5,7.81
LCII,2002-02-11,3.9797753620181178,3.9797753620181178,3.918548107147217,3.918548107147217,2200,53.974638628908586,41.0918016043566,35.43255009827415,34.28025000082151,41.61029351503884,3.81,93.0,-0.63,7.83
LCII,2002-02-12,3.918548107147217,3.918548107147217,3.918548107147217,3.918548107147217,0,53.974638628908586,40.85790277023399,35.43255009827415,34.25314183139246,41.519401627552355,3.86,92.5,-0.75,7.83
LCII,2002-02-13,3.918548107147217,3.918548107147217,3.918548107147217,3.918548107147217,0,43.08230532287961,40.85790277023399,35.287243572618664,34.25310496493767,40.53270876233924,3.89,91.0,-0.86,7.93
LCII,2002-02-14,3.918548107147217,3.918548107147217,3.918548107147217,3.918548107147217,0,43.04480411052245,40.72713243495632,35.287243572618664,32.894265715626716,40.2116091481764,3.93,90.5,-0.96,7.93
LCII,2002-02-15,3.949162071774267,4.270605564117432,3.9185485865706324,4.270605564117432,8200,48.89615123893883,43.706254718343864,37.623860320953185,34.09681971340785,41.06848770689752,4.0,100.0,-0.92,6.64
LCII,2002-02-19,4.270605564117432,4.270605564117432,4.270605564117432,4.270605564117432,0,48.89615123893883,43.706254718343864,37.623860320953185,34.09681971340785,40.959959930279524,4.08,99.5,-0.92,6.64
LCII,2002-02-20,4.117537021636963,4.117537021636963,4.117537021636963,4.117537021636963,9600,50.50811184358774,44.60689429332829,38.10305482085064,34.339526947201726,41.14543839811638,4.16,100.0,-0.99,6.33
LCII,2002-02-21,4.178764280421179,4.178764280421179,4.117537021636963,4.117537021636963,800,50.535371938612386,44.60689429332829,38.10305482085064,34.339526947201726,41.13443613039456,4.23,99.5,-1.06,6.33
LCII,2002-02-22,4.117537021636963,4.117537021636963,4.117537021636963,4.117537021636963,2000,47.38475438358688,44.60689429332829,37.85547100489855,34.339526947201726,41.123251824237464,4.3,98.0,-1.13,6.48
LCII,2002-02-25,4.05937113589264,4.086923474907344,4.056309700012207,4.056309700012207,4400,41.08461351010525,44.80815861579527,37.980637660304154,34.408584112574104,40.40152291730082,4.37,98.0,-1.2,6.42
LCII,2002-02-26,4.132842673754897,4.163456439971924,4.117535790646384,4.163456439971924,2800,40.26815152242638,44.98763487921802,38.12925224075078,34.47154391151068,40.46668365189772,4.45,100.0,-1.25,6.22
LCII,2002-02-27,4.209378592477763,4.438981061158368,4.209378592477763,4.393060684204102,5400,42.46109928064363,45.997329456391725,38.91130900852833,34.95209820369836,40.78125604515479,4.53,100.0,-1.23,5.5
LCII,2002-02-28,4.423673152923584,4.423673152923584,4.423673152923584,4.423673152923584,200,40.12468939874913,45.961152288174425,38.82012112170923,34.932856516650446,40.45197393908122,4.61,99.0,-1.21,5.52
LCII,2002-03-01,4.438979754670555,4.469593524932861,4.438979754670555,4.469593524932861,17400,39.57514138385842,45.93938903726594,38.72317066181604,34.93779668500309,40.35587230926463,4.68,98.0,-1.19,5.64
LCII,2002-03-04,4.546129028151767,4.588987969084757,4.546129028151767,4.585926532745361,3200,39.936430027258254,46.06145606833177,38.76701621573934,35.02848943467518,40.39779265824206,4.75,98.0,-1.14,5.49
LCII,2002-03-05,4.530820846557617,4.530820846557617,4.530820846557617,4.530820846557617,6000,40.091472814203584,46.08441838034654,38.85799966473376,35.02381307890195,40.427080508069935,4.82,99.0,-1.14,5.45
LCII,2002-03-06,4.4695943553261746,4.530821615271478,4.438980579376221,4.438980579376221,19000,39.558472659116774,46.424650641538506,38.970369394742086,35.140070403701316,40.497617664870106,4.89,100.0,-1.17,5.5
LCII,2002-03-07,4.438979635505016,4.484899997711182,4.438979635505016,4.484899997711182,600,39.45699774264362,46.400760837728825,38.96677386498564,34.716844523324234,40.501503964368375,4.96,99.0,-1.2,5.5
LCII,2002-03-08,4.484899997711182,4.484899997711182,4.484899997711182,4.484899997711182,0,39.45699774264362,46.266673194691045,38.325528915880184,34.699228499737586,40.448907489372765,5.02,93.0,-1.23,6.13
LCII,2002-03-11,4.423673434035944,4.423673434035944,4.239991664886475,4.239991664886475,5800,43.29250590461515,48.074065948116804,39.20455296572084,35.42100857428108,40.88804917975592,5.08,100.0,-1.29,5.76
LCII,2002-03-12,4.178764343040071,4.178764343040071,4.132843971252441,4.132843971252441,2000,44.130199687668195,48.398661427712604,39.43766859040452,35.59024721195303,40.989959169419386,5.15,100.0,-1.33,5.69
LCII,2002-03-13,4.12059879023227,4.1665191650390625,4.041003201409516,4.1665191650390625,4800,44.141120860134095,48.39877152309292,39.289941046964664,35.57187428270708,40.99126032537565,5.22,99.0,-1.38,5.87
LCII,2002-03-14,4.1665191650390625,4.1665191650390625,4.1665191650390625,4.1665191650390625,1200,43.90097119104759,47.8757782401778,39.27332602492529,35.48219417265884,40.98929436362418,5.28,98.0,-1.42,5.92
LCII,2002-03-15,4.166518827733365,4.166518827733365,4.0716166496276855,4.0716166496276855,3000,40.6769863903008,48.207168266104794,39.49437407624895,35.59960595874722,41.05096792257123,5.34,100.0,-1.45,5.8
LCII,2002-03-18,4.089984743483944,4.132843971252441,4.089984743483944,4.132843971252441,12200,40.833433652127674,48.12654541330285,39.51455957401034,35.56833920075434,40.96412983505505,5.4,100.0,-1.48,5.72
LCII,2002-03-19,4.132843971252441,4.132843971252441,4.132843971252441,4.132843971252441,800,40.833433652127674,48.102959233679606,39.516493124983775,35.56833920075434,40.96412983505505,5.45,100.0,-1.51,5.72
LCII,2002-03-20,4.132843971252441,4.132843971252441,4.132843971252441,4.132843971252441,6000,40.52648492603235,48.112837559902424,39.516493124983775,35.56833920075434,40.96412983505505,5.5,99.5,-1.53,5.72
LCII,2002-03-21,4.132843909321666,4.132843909321666,4.117537021636963,4.117537021636963,2800,40.515336899176035,48.147891501257064,39.46092126433071,35.576060164360236,40.95228622526742,5.55,96.0,-1.55,5.75
LCII,2002-03-22,4.126720905303955,4.126720905303955,4.126720905303955,4.126720905303955,1200,40.51383215135059,48.13790170471318,39.45750925649182,35.574043567551065,40.95103144574389,5.6,95.0,-1.56,5.75
LCII,2002-03-25,4.071616711550733,4.132843971252441,4.071616711550733,4.132843971252441,3600,40.470444639190326,48.01827283046867,39.16161124774133,35.46347990102971,40.9500582552683,5.64,90.0,-1.57,5.91
LCII,2002-03-26,4.10529130749211,4.10529130749211,3.8573208522763154,3.918548107147217,8600,43.213952376684205,49.10103827262897,40.17050822622669,35.98110131725375,41.15523566911873,5.69,100.0,-1.56,5.43
LCII,2002-03-27,3.87262749005015,3.8756889258163505,3.7807867527008057,3.7807867527008057,3600,44.44139711264698,49.7959096640175,40.53760044996616,36.268676012780624,41.3397005872692,5.75,100.0,-1.55,5.32
LCII,2002-03-28,3.8114010037169246,3.887935161590576,3.8114010037169246,3.887935161590576,2000,45.23753385477063,44.06661414382289,40.73198505950002,36.39073233843966,39.658310288714986,5.8,100.0,-1.54,5.1
LCII,2002-04-01,3.826707363128662,3.826707363128662,3.826707363128662,3.826707363128662,1000,45.46293537836404,44.168476375675645,40.8396339628365,36.456211940565176,39.436781832707695,5.86,100.0,-1.52,5.06
LCII,2002-04-02,3.780787639787818,3.811401128768921,3.780787639787818,3.811401128768921,3400,37.272207928708994,44.06128446903498,40.83499821199608,36.2184488347407,39.268119652493986,5.91,99.0,-1.5,5.1
LCII,2002-04-03,3.8267071213754775,3.8267071213754775,3.7807867527008057,3.7807867527008057,4400,37.27420096063677,44.10721412207675,40.76603821060259,36.22516014572398,38.84118898905409,5.96,98.0,-1.48,5.22
LCII,2002-04-04,3.7195594200276663,3.7195594200276663,3.520570755004883,3.520570755004883,7200,41.07781230487945,46.581638782285836,42.368867387527615,37.2407718798014,37.90166554460884,6.03,100.0,-1.46,4.75
LCII,2002-04-05,3.5817980140923087,3.5817980140923087,3.520570755004883,3.520570755004883,4600,41.07781230487945,46.548983214821675,42.368867387527615,37.189783804785755,37.59827575627612,6.09,99.5,-1.43,4.75
LCII,2002-04-08,3.5236321909479043,3.5236321909479043,3.4930184154268913,3.520570755004883,3400,41.07781230487945,44.573652588307056,42.2112494191868,37.189783804785755,36.447102284461465,6.14,98.0,-1.4,4.82
LCII,2002-04-09,3.5358779909972213,3.8267077192708823,3.5358779909972213,3.7960939407348633,8600,47.11233856288656,43.88427967249447,43.73419813372374,38.165226169366754,37.139007477191555,6.22,100.0,-1.36,4.14
LCII,2002-04-10,3.842014545859969,4.041003227233887,3.842014545859969,4.041003227233887,11600,50.10306220076532,45.16137663441919,44.72490311121687,38.82225154635246,36.94878591502899,6.31,100.0,-1.33,3.61
LCII,2002-04-11,4.041001992544587,4.117536122297153,4.041001992544587,4.086922645568848,11200,47.52344388093389,45.07193980152124,44.62693241392542,38.77885827928752,36.954476273894,6.39,99.0,-1.29,3.62
LCII,2002-04-12,4.07161523899334,4.07161523899334,3.979774236679077,3.979774236679077,7400,47.94105049601983,44.574455585743564,44.88354965740232,38.18736986760451,37.04558858874831,6.47,100.0,-1.25,3.53
LCII,2002-04-15,3.9185469991210677,3.982835671545602,3.9185469991210677,3.979774236679077,2800,47.77490650286374,44.20325463856353,44.82619485864509,36.92831437877459,37.04558858874831,6.55,99.0,-1.2,3.55
LCII,2002-04-16,3.933855831487553,3.933855831487553,3.8267078936825834,3.887935161590576,3200,47.24926944209881,44.48518963600067,44.9500666612457,36.33548901596669,36.99746543580859,6.62,100.0,-1.15,3.5
LCII,2002-04-17,3.9491613086802313,4.0103888511657715,3.8267068076182706,4.0103888511657715,5400,48.36527882581299,44.7407526973145,45.156314597956225,36.49833152232814,36.37816353907372,6.69,100.0,-1.09,3.34
LCII,2002-04-18,4.071615346160287,4.071615346160287,3.949160575866699,3.949160575866699,5000,48.23746048083583,44.45268307551418,45.232979511822705,36.51760541039284,36.42544349252266,6.76,100.0,-1.02,3.34
LCII,2002-04-19,3.9797747786690025,3.995081663131714,3.9797747786690025,3.995081663131714,400,48.27130137718177,44.490567956099135,45.246787144461706,36.51112409716692,36.36771225549639,6.82,100.0,-0.96,3.32
LCII,2002-04-22,3.9644693194642278,3.9644693194642278,3.887935161590576,3.887935161590576,3200,48.72356911059745,44.87245495029061,45.50866642155806,36.66810176798056,36.465759372414496,6.89,100.0,-0.88,3.23
LCII,2002-04-23,3.887935161590576,3.887935161590576,3.887935161590576,3.887935161590576,0,46.23096251492454,44.7549121223138,45.50866642155806,36.66810176798056,36.436863123271394,6.94,99.5,-0.79,3.23
LCII,2002-04-24,4.041002817527153,4.527760028839111,4.041002817527153,4.527760028839111,160800,63.99144346431562,54.497778639587935,51.28195944846192,40.67700814046195,39.34308925367475,7.1,100.0,-0.72,5.16
LCII,2002-04-25,4.561435099266826,4.588987439230864,4.3624464314559415,4.438980579376221,64400,64.30987652424011,54.69725996822636,51.421841045656855,40.76027126119498,39.393584301271076,7.25,100.0,-0.64,5.14
LCII,2002-04-26,4.469594477392031,4.515514850616455,4.438980700606006,4.515514850616455,47200,64.45179448967554,54.68190653051078,51.42682196852263,40.79742079095755,39.355022836973596,7.39,100.0,-0.55,5.13
LCII,2002-04-29,4.5920491218566895,4.69919705148186,4.5920491218566895,4.5920491218566895,64400,64.10367228709312,53.28073216263969,51.457653238565925,40.83253483976843,39.24797680203787,7.53,100.0,-0.47,5.08
LCII,2002-04-30,4.592048162427107,4.729809548909008,4.592048162427107,4.6716437339782715,29800,64.14043235897284,53.35547920050724,51.48931746747969,40.85997733408237,39.26760904504562,7.65,100.0,-0.37,5.02
LCII,2002-05-01,4.6991968761658915,4.7604241371154785,4.683889987939843,4.7604241371154785,18400,64.26819403519505,53.45461879977363,51.473299026330196,40.904341649496395,39.29270857984792,7.75,99.0,-0.27,4.97
LCII,2002-05-02,4.775730349896101,4.775730349896101,4.668582439422607,4.668582439422607,11400,64.63926995633888,53.519553724482535,51.61656551390331,40.986785758762295,39.36201717607886,7.86,100.0,-0.18,4.93
LCII,2002-05-03,4.668582231050153,4.668582231050153,4.530820846557617,4.530820846557617,34800,65.35696301152701,53.930232536424995,51.90938320514429,41.165476921578694,39.28764026253378,7.95,100.0,-0.08,4.82
LCII,2002-05-06,4.500208200243437,4.500208200243437,4.408367156982422,4.408367156982422,4600,65.95610312790376,54.27116006367494,52.10153067561326,41.28869670437406,39.40999029178671,8.05,100.0,0.02,4.75
LCII,2002-05-07,4.438979889000762,4.882877819509925,4.438979889000762,4.8369574546813965,27600,70.98587827499323,57.376140784345964,53.94277692345278,42.654303732639065,40.401102844695494,8.17,100.0,0.12,4.04
LCII,2002-05-08,4.990026473999023,4.990026473999023,4.91349232204254,4.990026473999023,37600,69.13348061790647,57.52134909789335,54.02883340801225,42.78374530321388,40.48926644947169,8.28,100.0,0.23,3.92
LCII,2002-05-09,5.017578583994782,5.017578583994782,4.959413051605225,4.959413051605225,37200,68.02487986021384,57.55357432709186,54.06291333378079,42.710416341797284,40.44113830220209,8.38,100.0,0.32,3.92
LCII,2002-05-10,4.913492095161953,5.017578583729314,4.898185499041134,5.005333423614502,72800,67.78884449414963,57.55771509012836,53.79216426381912,42.715151743248,40.38043868129646,8.45,97.0,0.36,3.99
LCII,2002-05-13,5.051253192046867,5.081866964538071,4.898184913499993,5.020639419555664,39200,67.42036629633503,57.55187252894336,53.760845267876675,42.703434600240364,40.37839200738093,8.44,96.0,0.36,3.99
LCII,2002-05-14,5.0512531604810365,5.234935210371266,5.0512531604810365,5.213505744934082,97000,67.80075111591121,55.42699513089174,53.9306130631317,42.89007785935501,40.51448036550483,8.37,97.0,0.42,3.88
LCII,2002-05-15,5.234937061270831,5.2502436608781125,5.112482512684537,5.115543365478516,22800,68.13222956082848,55.61161667011677,54.05526359962502,42.910292583032046,40.57941522269228,8.3,99.0,0.41,3.88
LCII,2002-05-16,5.081866964538071,5.081866964538071,5.020639419555664,5.020639419555664,47600,64.26893759459979,55.18996582918633,54.19233066960315,42.98743056428959,40.622664719708595,8.22,100.0,0.37,3.87
LCII,2002-05-17,5.023702025011755,5.081868147898653,4.962474465771937,4.993088245391846,22000,64.37665965557355,55.215556148968695,54.21565829029099,42.998039260192265,40.63159986436633,8.12,100.0,0.3,3.88
LCII,2002-05-20,4.990026354157134,4.990026354157134,4.867571830749512,4.867571830749512,19200,65.19462194457613,55.52449617514497,54.43301256408623,43.075738771953134,40.62813662394462,8.01,100.0,0.18,3.82
LCII,2002-05-21,4.821650918992776,4.821650918992776,4.729809890716283,4.806344032287598,17800,62.559110172871655,55.49477333311882,54.44777223741896,43.05747300645834,40.65994153627112,7.88,100.0,-0.01,3.82
LCII,2002-05-22,4.775731728543113,4.775731728543113,4.671645223625316,4.686952114105225,4000,61.045447232746454,55.57128491256533,54.41680337154086,43.18383469417267,40.74267952122442,7.75,98.0,-0.17,3.94
LCII,2002-05-23,4.668583099713794,4.7604241371154785,4.637969323261696,4.7604241371154785,18200,61.09638145546117,54.59685601148162,54.43847888101085,43.20915241097747,40.75837072388047,7.6,99.0,-0.41,3.91
LCII,2002-05-24,4.729810573103706,4.732872009277344,4.729810573103706,4.732872009277344,1200,60.45466062814655,54.6034625688693,51.329087319125556,43.219954026737945,40.76781232188087,7.56,79.0,-0.49,4.41
LCII,2002-05-28,4.745115886839116,4.745115886839116,4.7145021191744725,4.735931873321533,17400,60.44958394213141,54.56982018829578,51.30494790028598,43.21963480009282,40.749374025493715,7.5,78.0,-0.55,4.45
LCII,2002-05-29,4.699196211544911,4.699196211544911,4.668582439422607,4.668582439422607,15200,60.12723329505685,54.41126920282596,51.3276708983819,43.237672031930764,40.78642231820835,7.44,78.0,-0.61,4.49
LCII,2002-05-30,4.637969496293408,4.637969496293408,4.5920491218566895,4.5920491218566895,10000,59.99424599546739,54.46202691282289,51.4206921538949,43.26860719675264,40.02027047243656,7.38,79.0,-0.65,4.47
LCII,2002-05-31,4.592048891129032,4.7451171875,4.438980594758065,4.7451171875,77400,60.229963986839884,54.69081388434345,51.63482832227088,43.405597847255095,40.00439256442418,7.31,85.0,-0.72,4.3
LCII,2002-06-03,4.821650156179857,4.821650156179857,4.653275012969971,4.653275012969971,4400,60.65899124554631,54.81857892664952,51.753950329443846,43.42868359583409,40.06867487792058,7.23,85.0,-0.78,4.28
LCII,2002-06-04,4.653275838444102,4.653275838444102,4.576741695404053,4.576741695404053,11400,60.245310664631546,54.93175706652153,50.88711168599115,43.459181406511604,40.05622541030959,7.17,72.0,-0.8,4.81
LCII,2002-06-05,4.561435341875079,4.650214946506324,4.546128745040598,4.637969493865967,25000,60.26421160398668,53.71142849927668,49.19615377333895,43.47588236200045,40.06781677410301,7.12,71.0,-0.85,5.58
LCII,2002-06-06,4.622662694745983,4.625723838806152,4.622662694745983,4.625723838806152,22600,41.28309935383215,53.422164052087496,48.8471157791569,43.419974364206396,40.070802515539434,7.08,70.0,-0.89,5.74
LCII,2002-06-07,4.622662003628654,4.625723147231164,4.607355117797852,4.607355117797852,32200,40.85225442828248,53.41934887203942,48.77186730328679,43.426239773216615,40.07594793879317,7.03,69.0,-0.91,5.77
LCII,2002-06-10,4.592048918507424,4.637969290910655,4.579803466402922,4.625723838806152,31000,40.58595637649002,53.42023988497391,48.27564554545427,43.36333502420262,40.05002746049131,6.99,68.0,-0.93,5.99
LCII,2002-06-11,4.683889254997302,4.683889254997302,4.607355117797852,4.607355117797852,35000,40.31998513689216,53.184840679224585,48.09561708612963,43.369729215319516,40.040213988877646,6.94,67.0,-0.94,6.2
LCII,2002-06-12,4.592048425281825,4.6991963386535645,4.592048425281825,4.6991963386535645,29400,40.42058731061619,53.24366702134071,48.17567871452776,43.4136855349568,40.05958139030083,6.89,67.0,-0.96,6.09
LCII,2002-06-13,4.729809695880894,4.729809695880894,4.59204830511826,4.628784656524658,14800,40.257360599475504,53.35936014137802,48.16681936272164,43.46538325666181,40.09958618255413,6.84,66.0,-0.97,6.18
LCII,2002-06-14,4.653275547542785,4.680827884027492,4.595109730928624,4.62266206741333,2000,39.87258520071219,53.36205070923039,47.921932356117544,43.434974935427405,40.1007986851416,6.78,64.0,-0.97,6.29
LCII,2002-06-17,4.631846710835708,4.677767083238939,4.622662694745983,4.625723838806152,24000,38.87082161141206,53.35005333109436,47.91178186500694,43.43439503691291,40.06109152498471,6.73,63.0,-0.97,6.29
LCII,2002-06-18,4.622662356400834,4.622662356400834,4.561434808405126,4.576741695404053,36200,38.11470991020721,53.412279913102935,47.954364721971814,43.35362575517624,40.08300445736384,6.67,64.0,-0.96,6.28
LCII,2002-06-19,4.622661536357422,4.662459026758282,4.59204776779034,4.653275012969971,57600,26.987344435800125,53.49894383887065,47.955302060319504,43.38283874357863,39.84905222098018,6.6,64.0,-0.96,6.28
LCII,2002-06-20,4.637968661500774,4.708380220512199,4.62266206741333,4.62266206741333,35400,25.202366365999406,52.282742176963026,47.97430487714361,43.39208828254063,39.844953197937095,6.53,64.0,-0.95,6.28
LCII,2002-06-21,4.62266206741333,4.775730343924307,4.613477760615383,4.62266206741333,28800,25.18898573747051,51.66667562339996,47.97430487714361,43.39208828254063,39.84401814854605,6.46,63.5,-0.93,6.28
LCII,2002-06-24,4.622663547729268,4.6838908195495605,4.592049765841792,4.6838908195495605,31200,25.371434611058476,51.454448817972384,47.949965886959625,43.37279241826217,39.856973821718626,6.39,60.0,-0.92,6.24
LCII,2002-06-25,4.6838908195495605,4.7145043094823755,4.613479237990229,4.6838908195495605,35600,25.331769924319868,51.30701481125097,46.91984700371145,43.30975875556483,39.84530354734914,6.33,57.0,-0.92,7.04
LCII,2002-06-26,4.653275553361456,4.677766454277471,4.592048301071417,4.668582439422607,36200,22.311799072624616,51.30272660817268,46.916429279237285,43.28166160141439,39.78851174295458,6.26,56.0,-0.91,7.07
LCII,2002-06-27,4.668583764597211,4.772670269012451,4.668583764597211,4.772670269012451,51200,23.025211645028286,51.38692364979659,47.027781189028545,43.33766920814318,39.81991468566327,6.19,57.0,-0.91,6.92
LCII,2002-06-28,4.79103723791473,5.035946846008301,4.79103723791473,5.035946846008301,241200,27.643166498715978,49.93984556996515,47.657794519788084,43.68606584916418,40.10573179564057,6.12,57.0,-0.9,6.34
LCII,2002-07-01,5.020639667053543,5.035946846008301,4.974719298007615,5.035946846008301,38400,27.592185602354398,49.93984556996515,47.65188785359152,43.67808138966625,40.10573179564057,6.05,56.0,-0.89,6.36
LCII,2002-07-02,5.035946463337636,5.035946463337636,4.683889256904102,4.94410514831543,57200,27.091478280853266,50.17566116692156,47.765229585456694,43.41349145599507,40.16290549817483,5.97,57.0,-0.89,6.32
LCII,2002-07-03,4.9594132803438224,4.990026473999023,4.852265350822898,4.990026473999023,65400,26.90877632886292,48.03745565652034,47.77028557274907,43.27282958049323,40.16579723682583,5.89,57.0,-0.88,6.31
LCII,2002-07-05,5.0175796272265325,5.173709392547607,4.959414082743467,5.173709392547607,9800,27.539888964638752,46.97052941028393,47.98454092395619,43.42101447988663,40.29943888173248,5.81,64.0,-0.84,6.04
LCII,2002-07-08,5.173706171684248,5.250240288377533,5.15839958190918,5.15839958190918,26000,27.345780178838485,46.968344619530264,47.9912149544378,43.347009699033734,40.23392251474373,5.72,64.0,-0.81,6.05
LCII,2002-07-09,5.1737081033603065,5.1737081033603065,5.097173958091932,5.170646667480469,18000,27.22785497820733,46.53955126415047,47.989233632957,43.33583624151648,40.167064705851004,5.63,63.0,-0.78,6.04
LCII,2002-07-10,5.170645900906365,5.170645900906365,4.791036666723294,4.885939121246338,49600,32.247590587657854,48.18464171146543,48.90597518246419,43.90741537456873,40.608060563394666,5.53,70.0,-0.75,5.64
LCII,2002-07-11,4.898184782758891,4.959412326107029,4.898184782758891,4.94410514831543,12000,32.05531920665328,47.88845718171239,47.05188619099627,43.91002319293679,40.61684159228387,5.47,49.0,-0.77,6.58
LCII,2002-07-12,4.9441061044171875,4.9441061044171875,4.895124293830122,4.898185729980469,4400,31.76204117304595,47.629767674416996,47.08258485290914,43.93331511740682,40.63433570671341,5.4,49.0,-0.78,6.58
LCII,2002-07-15,4.913491655314688,4.913491655314688,4.7175644397430565,4.806344032287598,46200,30.953518728073178,47.69472856298355,46.80461182366702,44.00751543045223,40.537385758273516,5.34,44.0,-0.76,6.74
LCII,2002-07-16,4.806345363190143,4.809406799769824,4.653277037662084,4.6838908195495605,54200,31.355272004561463,48.031058846853206,47.00519062693483,44.10502863053308,40.62765387954559,5.28,46.0,-0.73,6.64
LCII,2002-07-17,4.683889820509296,4.7145033039124735,4.515514639950722,4.588987350463867,39600,31.555802038602515,47.87232295470558,47.13162434637883,44.188750162559245,40.6807189300756,5.21,49.0,-0.68,6.58
LCII,2002-07-18,4.573679839897274,4.607355046595535,4.530820910578846,4.546127796173096,26200,31.415528489342226,47.93404024902095,47.09141317055667,44.075124407362324,40.66609696627115,5.14,48.0,-0.63,6.6
LCII,2002-07-19,4.549189093521506,4.549189093521506,4.224684509334863,4.423673152923584,38000,32.349620208384415,36.812926891549054,47.13437984909059,44.207268556659365,40.77351364760189,5.06,49.0,-0.59,6.69
LCII,2002-07-22,4.39305996873049,4.39305996873049,4.102229988870566,4.2063164710998535,36400,35.319419631843914,38.01560507937256,47.046469034879514,44.58902160948235,41.09460339309308,5.0,44.0,-0.62,6.97
LCII,2002-07-23,4.194071230954149,4.194071230954149,4.132843971252441,4.132843971252441,59600,35.501009996943296,37.97958464064366,47.10997793243642,44.6494619879907,41.1413435119128,4.94,47.0,-0.66,6.97
LCII,2002-07-24,4.212439571601299,4.515514727296501,4.194071247640405,4.438980579376221,112400,41.65845602633214,40.66018762134897,48.453907634058716,45.39843217038741,41.687614108144984,4.87,67.0,-0.66,6.1
LCII,2002-07-25,4.438980452517774,4.438980452517774,4.292035032848496,4.316525936126709,13200,41.865148649594445,40.87089178800104,48.476528301012216,45.5297240231545,41.29709113080053,4.81,67.0,-0.67,6.2
LCII,2002-07-26,4.285912877863104,4.285912877863104,4.187949248366005,4.209378719329834,16200,42.220318919218144,40.938416895820595,48.59928744618216,45.58962603186689,40.55477145381379,4.74,67.0,-0.7,6.14
LCII,2002-07-29,4.163456736505111,4.402243137359619,4.1512112875370475,4.402243137359619,27200,44.45241679652579,41.878185233826464,49.02716811982526,45.84657233659863,40.32536838612182,4.67,70.0,-0.7,5.73
LCII,2002-07-30,4.377752388578614,4.484899997711182,4.362445503858377,4.484899997711182,5600,44.8351839444739,41.62482330994738,49.089641847665064,45.88656544742692,40.357923540465556,4.6,70.0,-0.7,5.67
LCII,2002-07-31,4.484900253796098,4.576741275407035,4.478777674731134,4.546127796173096,39400,44.93285265205797,41.325723652639596,49.13681211143168,45.82076843701729,40.352478405725144,4.51,70.0,-0.7,5.61
LCII,2002-08-01,4.546128747419971,4.5920491218566895,4.546128747419971,4.5920491218566895,2000,44.76005278489456,36.64970208395155,48.32346378530914,45.80214950606062,40.344893892644926,4.43,61.0,-0.68,5.95
LCII,2002-08-02,4.564496709213544,4.625723971492323,4.561435273110951,4.61653995513916,12000,44.750845103412345,36.06333661605469,48.14252429416383,45.79319000432456,40.34626000784575,4.36,57.0,-0.64,6.01
LCII,2002-08-05,4.6195995920995125,4.637967617652255,4.448163032531738,4.448163032531738,42000,46.02510125445937,36.79388876555138,48.509730155821394,45.98090948499872,40.532051041125605,4.28,63.0,-0.6,5.86
LCII,2002-08-06,4.438980018818331,4.62266206741333,4.438980018818331,4.62266206741333,78800,47.2833717219449,37.647410823575996,48.87970499545769,46.17528428129372,40.62330864201933,4.19,66.0,-0.56,5.54
LCII,2002-08-07,4.622662003628654,4.622662003628654,4.592048231967048,4.607355117797852,3600,47.290469400759164,37.63839854618811,48.732433451090216,46.151659310261024,40.62608547250816,4.11,63.0,-0.49,5.6
LCII,2002-08-08,4.622661536357422,4.653275012969971,4.59204776779034,4.653275012969971,13200,47.37888510296382,36.8267937411005,48.70309802886237,46.11836680568986,40.633967400539035,4.02,62.0,-0.44,5.63
LCII,2002-08-09,4.6532763826550685,4.714503645856855,4.637969493865967,4.637969493865967,18000,46.915966983762175,36.65610214095171,48.70794824868795,46.12301726515909,40.63673728676557,3.93,62.0,-0.38,5.63
LCII,2002-08-12,4.619600101109807,4.653275012969971,4.59204776779034,4.653275012969971,8600,43.99763993554277,36.49497155029093,48.70877076513012,46.10625953566754,40.63113191619854,3.84,62.0,-0.31,5.62
LCII,2002-08-13,4.622662899450916,4.622662899450916,4.500208081028632,4.5920491218566895,24400,44.09608069718165,36.56777609883788,48.75665969674531,46.14465238810567,40.658544004749494,3.73,63.0,-0.24,5.61
LCII,2002-08-14,4.576742254321434,4.81859016418457,4.576742254321434,4.81859016418457,7800,46.2523494776026,37.596273057271176,49.325704547925376,46.453695052499775,40.922287392505744,3.63,71.0,-0.18,5.18
LCII,2002-08-15,4.791037001735352,5.020639419555664,4.791037001735352,5.020639419555664,9600,47.75221355302701,38.437205647080084,49.72316959530622,46.668784042881214,41.108655140015266,3.51,71.0,-0.13,4.88
LCII,2002-08-16,5.0359465924644615,5.0359465924644615,4.913491502628313,4.974719047546387,19000,46.580175069128494,38.11596160986579,48.96448618497807,46.6915129826982,41.10525454274757,3.41,65.0,-0.02,5.18
LCII,2002-08-19,4.94410574811367,4.9747195235016735,4.913491972725666,4.928799152374268,6200,46.63553845404162,38.05040894622819,48.61795815301681,46.705793790442755,41.12044321905685,3.31,55.0,0.11,5.34
LCII,2002-08-20,4.944104235233114,4.944104235233114,4.8981838781571945,4.907368183135986,1200,46.62755410735426,38.04119446243971,48.46034187664075,46.68795633125393,41.12428375044055,3.22,51.0,0.25,5.51
LCII,2002-08-21,4.928798209791008,4.928798209791008,4.867570670724154,4.89512300491333,9600,43.632978102417816,38.04650178402792,48.37890864537916,46.69117076800744,41.06726059041094,3.12,49.0,0.42,5.54
LCII,2002-08-22,4.870632652975453,4.95635110051227,4.870632652975453,4.916553020477295,24000,43.51142840565257,37.92704199614651,48.36866535397396,46.69006593098401,41.06733248444442,3.01,48.0,0.6,5.53
LCII,2002-08-23,4.8981830675872775,4.8981830675872775,4.870630741119385,4.870630741119385,800,43.512401340102244,37.81520478356536,48.37648638309988,46.684413065029524,41.07671595391047,2.9,48.0,0.81,5.53
LCII,2002-08-26,4.8675711358943285,4.974719047546387,4.8675711358943285,4.974719047546387,70000,43.562694641972485,37.470586984247745,46.99077124191326,46.732028517354884,41.11204262720104,2.83,17.0,0.78,5.95
LCII,2002-08-27,4.959412197358008,4.990025384328213,4.913491249084473,4.913491249084473,14200,43.011163114627955,37.33311225242314,47.055044896528216,46.7667796397607,41.097602647248806,2.76,21.0,0.62,5.94
LCII,2002-08-28,4.91349130596986,4.91349130596986,4.867570941073801,4.882877826690674,19600,42.57247980864345,37.18610170589847,47.07677036785259,46.75030556798191,41.10566048421656,2.68,21.0,0.22,5.93
LCII,2002-08-29,4.885940047230219,4.959413051605225,4.885940047230219,4.959413051605225,14600,42.60299579329705,37.22072027914011,45.682685360991826,46.77191673513318,41.12694566358545,2.65,11.0,0.22,6.83
LCII,2002-08-30,4.959413051605225,4.974719647726852,4.944105871574383,4.959413051605225,13400,41.644961512752104,37.21325394447831,44.664576737186565,46.742774260871656,41.082884305574595,2.65,2.0,0.36,7.72
LCII,2002-09-03,4.944105019963792,4.959412197358008,4.867570884720052,4.913491249084473,12200,38.58945774088192,37.26062411626127,44.67568973237562,46.76559249646849,41.059057745707406,2.65,2.0,0.52,7.77
LCII,2002-09-04,4.925738071424348,4.925738071424348,4.870633388536589,4.898185729980469,32200,38.07026455817933,37.2653719655854,44.450648962659166,46.624352776947276,41.06187869385826,2.65,1.0,0.69,7.91
LCII,2002-09-05,4.892062860127126,4.895124296279005,4.836958469166421,4.852265357971191,8800,32.77169614140508,37.31277827087825,44.48698292172314,46.636564698536475,41.07758866653066,2.66,2.0,0.86,7.9
LCII,2002-09-06,4.855325483830985,4.867570933915562,4.8216505690870335,4.8369574546813965,19600,31.50034319639648,37.11260913145166,44.309482598253744,46.586065399246586,41.08042134962222,2.67,1.0,0.93,8.01
LCII,2002-09-09,4.8063445098390165,4.8063445098390165,4.7451172488894295,4.7604241371154785,22400,30.873468995016406,37.12829157128434,44.15866489681837,46.6129379999618,41.11862052278485,2.69,1.0,1.12,8.29
LCII,2002-09-10,4.745116577773798,4.745116577773798,4.668582439422607,4.668582439422607,16600,29.07910969027567,37.351512433374104,44.20380400069897,46.678729631897355,41.155220355625374,2.7,2.0,1.21,8.26
LCII,2002-09-11,4.668582439422607,4.683889325483759,4.653275553361456,4.668582439422607,2000,28.65053787857355,37.35138233184229,44.176069051319956,46.67015980688852,41.131524330586224,2.72,2.0,1.31,8.32
LCII,2002-09-12,4.637968887778011,4.637968887778011,4.561434745788574,4.561434745788574,17800,29.26354665683315,37.594724956473904,44.114804637547856,46.770153538442905,41.201971187751596,2.74,1.0,0.87,8.37
LCII,2002-09-13,4.561434808405126,4.576741695404053,4.561434808405126,4.576741695404053,2200,29.129936199372647,37.44206169584159,44.114922004041425,46.74291340398163,41.16295316665064,2.76,2.0,-0.11,8.36
LCII,2002-09-16,4.576741987241803,4.576741987241803,4.438980579376221,4.438980579376221,64200,30.378261353578583,37.93373906358969,37.2259100729124,46.72493391707144,41.271276571841916,2.99,1.0,-0.14,2.3
LCII,2002-09-17,4.408366935122224,4.4297966957092285,4.408366935122224,4.4297966957092285,73600,28.41939477777154,37.93453775274308,37.09439953189356,46.72702419097252,41.272716645767666,3.21,1.0,-0.14,2.34
LCII,2002-09-18,4.41448885524253,4.469593524932861,4.41448885524253,4.469593524932861,1200,26.128770702586063,37.87851750865421,37.02116651376861,44.64838295295562,41.237618288202235,3.4,1.0,-0.16,2.39
LCII,2002-09-19,4.454287319346068,4.530821464723304,4.454287319346068,4.527760028839111,3200,26.432724687070248,37.982440971314205,36.98118298892434,44.64496577821032,41.25184283763932,3.58,1.0,-0.18,2.42
LCII,2002-09-20,4.561435341875079,4.637969493865967,4.561435341875079,4.637969493865967,34400,27.225887232977087,38.31055591843964,37.07897370054962,44.68085109780819,41.26744021847521,3.74,3.0,-0.18,2.36
LCII,2002-09-23,4.637968667300304,4.677766454277471,4.625723216842296,4.668582439422607,14400,27.275863877046095,38.05869779680102,36.97089875321459,44.68404953069346,41.26926974230559,3.9,1.0,-0.19,2.44
LCII,2002-09-24,4.671643208530729,4.82165002822876,4.668581773364354,4.82165002822876,18200,28.808561409656157,36.99688362528114,37.19557011466901,44.8289185276574,41.37827155200392,4.03,6.0,-0.19,2.25
LCII,2002-09-25,4.852264890486098,4.882878373191603,4.806344228495952,4.858387470245361,17000,28.533276283007815,37.03591657521408,36.89397287103652,44.826173217196526,41.38102064224625,4.16,1.0,-0.16,2.33
LCII,2002-09-26,4.882877826690674,4.882877826690674,4.882877826690674,4.882877826690674,2200,24.970750180320778,36.86565275696533,36.62349342426112,44.199261179541296,41.359069528463195,4.29,1.0,-0.09,2.41
LCII,2002-09-27,4.882877271783616,4.882877271783616,4.8063431443514135,4.82165002822876,5000,22.05746485940583,36.89848694872981,33.59862811358567,43.123139776606685,41.385608604245434,4.47,1.0,-0.09,1.14
LCII,2002-09-30,4.7910376216129675,4.7910376216129675,4.7604241371154785,4.7604241371154785,22000,22.192523841088203,36.17410255815523,33.28295516158089,42.93855795428652,41.334631951068715,4.64,1.0,-0.04,1.3
LCII,2002-10-01,4.720625676857782,4.720625676857782,4.644091538506592,4.668582439422607,11200,22.6960032990097,36.36273559520207,33.40788631111161,42.959784298705095,41.39236862611228,4.79,2.0,0.0,1.26
LCII,2002-10-02,4.705317974090576,4.717563422423131,4.6685816290929125,4.705317974090576,2000,22.85165195717765,36.40587123978528,33.39828479058239,42.667912377584386,41.39015358481001,4.94,2.0,0.07,1.26
LCII,2002-10-03,4.7145026618810535,4.8369574546813965,4.7145026618810535,4.8369574546813965,3800,24.341746363863265,35.03083371793812,33.69283026576904,42.65445145701561,41.46678684578149,5.06,5.0,0.13,1.12
LCII,2002-10-04,4.867571830749512,4.879817283090274,4.846142362141831,4.867571830749512,21200,24.381244928764346,34.9682223176978,33.154256163877996,42.65799267654412,41.44469402426581,5.19,1.0,0.14,1.32
LCII,2002-10-07,4.867570941073801,4.898184712307547,4.867570941073801,4.882877826690674,16600,24.247088218629926,34.923415484410555,33.02945516963256,42.59973936931401,41.39282268088598,5.3,1.0,0.19,1.35
LCII,2002-10-08,4.88593926220496,4.898184712307547,4.806343690560868,4.882877826690674,26800,23.411102408904743,34.70117658486684,32.89943977175669,42.45140617611489,41.370087696766625,5.41,1.0,0.24,1.39
LCII,2002-10-09,4.852265559868594,4.898185936238981,4.852265559868594,4.864511013031006,23600,23.16682485534854,34.28541008564975,32.89358124680974,42.450728234385096,41.3740247076404,5.5,1.0,0.29,1.39
LCII,2002-10-10,4.8522649590850255,4.8522649590850255,4.778791957252985,4.787976264953613,8400,23.544336157999048,34.177047398563026,32.74132108775408,42.500251359324146,41.36309146934828,5.58,1.0,0.31,1.45
LCII,2002-10-11,4.760423601618323,4.791037082672119,4.760423601618323,4.791037082672119,1600,23.043706629859667,34.112314056302814,32.680151969653735,42.46278620666443,41.353577270937336,5.66,1.0,0.32,1.46
LCII,2002-10-14,4.791037802752109,4.882878843626112,4.791037802752109,4.852265357971191,4800,23.390150940534472,33.683296635983574,32.49135087394073,42.48363543642861,41.09917525991039,5.73,1.0,0.3,1.5
LCII,2002-10-15,4.836958238949953,4.959413051605225,4.836958238949953,4.959413051605225,27000,24.12810117554978,32.14492301530446,32.58146522934102,42.55182566027222,41.042786411687885,5.79,2.0,0.24,1.46
LCII,2002-10-16,4.931860943725042,4.941044668266841,4.898185729980469,4.898185729980469,17400,24.392210057871633,32.021651359866,32.63049461295418,42.55229731082036,41.04482729241716,5.89,3.0,0.21,1.44
LCII,2002-10-17,4.9287986808124025,4.974719047546387,4.9287986808124025,4.974719047546387,22000,24.624354216849216,28.78985858259167,32.719127297140844,41.9322701500059,41.00001166349752,5.97,5.0,0.15,1.38
LCII,2002-10-18,4.97471905277343,5.020639419555664,4.97471905277343,5.020639419555664,3200,24.710384377144774,28.142967380055765,32.66096848682045,41.93579915345849,40.99543117645597,6.05,4.0,0.09,1.38
LCII,2002-10-21,4.99002624358447,5.005333423614502,4.944105871312803,5.005333423614502,7000,24.208320016046496,27.574284222221934,32.549603460442384,41.93867819303885,40.99814170939715,6.12,2.0,0.07,1.43
LCII,2002-10-22,4.990026473999023,4.990026473999023,4.990026473999023,4.990026473999023,200,23.416371777595362,26.176162024355165,32.14954535874384,41.894420902567184,40.994892269739,6.19,1.0,0.01,1.62
LCII,2002-10-23,4.993087910146391,4.993087910146391,4.9594132803438224,4.990026473999023,7200,23.416371777595362,25.951581147383397,31.98861705233846,41.88770070725444,40.99529461592024,6.26,1.0,-0.02,1.69
LCII,2002-10-24,5.020639667053543,5.035946846008301,5.020639667053543,5.035946846008301,38200,22.20916261826992,25.881849200010578,31.895492312226448,41.89772102329636,41.00082493476072,6.33,1.0,-0.03,1.71
LCII,2002-10-25,5.005333423879322,5.005333423879322,4.867571723147816,4.959413051605225,26600,22.854809921508647,26.05397951171381,31.937137305251255,41.93704447834568,41.01528659721809,6.41,2.0,-0.04,1.72
LCII,2002-10-28,4.986964790093659,4.990025641821334,4.947166710724168,4.974719047546387,15000,20.568677259097328,26.043206112483645,31.934947439575534,41.89031641972515,41.01484661274634,6.49,2.0,-0.04,1.71
LCII,2002-10-29,4.937982876254229,4.959412927762271,4.898185376986263,4.928799152374268,6600,20.851252043144367,24.888572344978083,31.965854346057554,41.90881491154849,40.929022086098655,6.56,4.0,-0.03,1.7
LCII,2002-10-30,4.944105019963792,4.944105019963792,4.904307526557056,4.913491249084473,9200,20.873373356639007,23.695065221495373,31.967010719926957,41.9117625679758,40.92535661103479,6.64,5.0,-0.01,1.71
LCII,2002-10-31,4.9287992754527545,4.959413051605225,4.9287992754527545,4.959413051605225,24800,20.751909093329957,23.737584582369333,31.98807024452582,41.922286954659235,40.885757559376074,6.71,6.0,0.01,1.68
LCII,2002-11-01,4.9563510176346215,4.990025641821334,4.9563510176346215,4.974719047546387,6000,19.773619195414025,23.671945793996247,31.845184274748622,40.693051759802124,40.88528440615635,6.77,1.0,-0.0,1.77
LCII,2002-11-04,4.947166715922261,5.035946597755838,4.944105280282226,5.020639419555664,10400,19.836635368802387,23.710869744417923,31.774337531367102,40.70487791882518,40.89070781429119,6.84,1.0,-0.0,1.79
LCII,2002-11-05,5.035946463337636,5.035946463337636,4.9287985544329596,4.94410514831543,20400,18.358842615665353,23.951585654859585,31.876339531801325,40.50781371150848,40.919660164973514,6.89,3.0,0.03,1.75
LCII,2002-11-06,4.944105801282543,4.983903884887695,4.898185429661309,4.983903884887695,1502600,18.372909677849613,23.807017587796054,31.897658091832877,40.51608896949139,40.880819728575446,6.95,5.0,0.05,1.73
LCII,2002-11-07,4.990025641821334,4.990025641821334,4.962473304999115,4.974719047546387,4600,18.345060451080226,21.723815184563783,31.848212330341962,40.517356779146205,40.863715223300716,7.0,3.0,0.1,1.75
LCII,2002-11-08,4.990026243325261,5.051253795623779,4.990026243325261,5.051253795623779,54600,18.376551110051057,20.261120872679907,31.832323292677412,40.506932915607685,40.88439695513622,7.05,2.0,0.1,1.75
LCII,2002-11-11,5.051254011326554,5.051254011326554,4.977781295776367,4.977781295776367,3000,18.510980010230814,20.398596483966905,31.905681129134187,40.44171209140931,40.8529215062492,7.09,8.0,0.14,1.72
LCII,2002-11-12,5.005331951161405,5.04819087481896,5.005331951161405,5.042068004608154,7000,17.680601013992035,20.4718189574388,31.963079483769345,39.9786608888014,40.8462551922031,7.12,11.0,0.17,1.68
LCII,2002-11-13,5.0206392133334115,5.0206392133334115,4.849202911897201,4.882877826690674,37400,20.245580177543022,21.50800240590212,32.32504974435224,40.16000676105637,40.983474239996525,7.15,17.0,0.2,1.58
LCII,2002-11-14,4.882878489292262,4.931860588303987,4.882878489292262,4.928799152374268,17600,18.822550182469776,21.588292695464027,32.35612190912518,40.15685651953137,40.94751209766696,7.19,18.0,0.23,1.55
LCII,2002-11-15,4.925737449902282,4.925737449902282,4.898185111934915,4.901246547698975,16600,18.826765648069287,21.601113971710127,32.365179915288834,40.05150514114897,40.95446065706839,7.22,19.0,0.27,1.55
LCII,2002-11-18,4.898185111934915,4.919614578374164,4.867571338203489,4.901246547698975,5000,18.806579368084343,21.513384744386183,32.1799698750529,40.02409808119473,40.93335791337815,7.25,17.0,0.28,1.66
LCII,2002-11-19,4.885940277333702,4.9226766352740015,4.885940277333702,4.898185729980469,25400,18.80781210280992,21.061848595183736,31.01859827201749,39.94690402218154,40.904042855830006,7.28,1.0,0.31,1.87
LCII,2002-11-20,4.898185376986263,4.959412927762271,4.867571601598259,4.928799152374268,25600,18.852109143892868,20.949298886262888,31.03578030324031,39.93584617131566,40.905214916993366,7.31,2.0,0.33,1.86
LCII,2002-11-21,4.937982999562046,4.959413051605225,4.9287992754527545,4.959413051605225,4600,18.270052435900173,20.944618037749514,30.91420062467148,39.941421739678304,40.891970591502705,7.34,1.0,0.33,1.91
LCII,2002-11-22,4.959411912867894,5.020638867205216,4.959411912867894,4.999209403991699,3800,18.375388533953334,20.76537417531989,30.905333765369946,39.37628260296495,40.89520403284612,7.36,1.0,0.33,1.91
LCII,2002-11-25,4.968596048872859,4.9869646622227775,4.937982277198791,4.94410514831543,6600,18.39942858090274,20.892261881818605,30.405277818738202,39.27604483280314,40.916651769472374,7.38,1.0,0.37,2.15
LCII,2002-11-26,4.959414081221724,4.959414081221724,4.898186516205422,4.93492317199707,25600,17.272280890064188,20.80700004849554,30.403462582806824,39.26832134542329,40.91813229424607,7.4,1.0,0.41,2.15
LCII,2002-11-27,4.959412702962029,5.035946846008301,4.928798928961687,5.035946846008301,10400,17.845122745829958,21.201907811129615,30.577805693243842,39.334636364420454,40.95626676369648,7.41,3.0,0.43,2.04
LCII,2002-11-29,5.020639667053543,5.035946846008301,5.020639667053543,5.035946846008301,7400,17.30189681150308,21.102045553450022,29.211250240515774,39.230284235395956,40.94779410204736,7.43,1.0,0.4,2.06
LCII,2002-12-02,5.032885420546645,5.032885420546645,4.898185165014186,4.910430908203125,8600,18.611373017902775,21.746275104363324,29.430746276459512,39.319928533011314,41.016266891837894,7.46,2.0,0.4,2.0
LCII,2002-12-03,4.898185376986263,4.94410574811367,4.885939925221981,4.928799152374268,19200,18.641988563024874,21.492622608914502,29.39913880151726,39.32112992948323,41.01598947190391,7.48,2.0,0.4,2.0
LCII,2002-12-04,4.959413285168921,4.959413285168921,4.882878841183356,4.898185729980469,16800,18.70213894888108,21.13291508297675,29.2591257180525,39.330222266441474,41.02404222285571,7.51,2.0,0.4,2.07
LCII,2002-12-05,4.898185729980469,4.9012471661308155,4.898185729980469,4.898185729980469,5000,18.70213894888108,21.13291508297675,28.96074398960517,39.32649049378078,41.003981414006226,7.53,1.0,0.45,2.2
LCII,2002-12-06,4.9257372451755845,4.974719047546387,4.9257372451755845,4.974719047546387,2600,19.077006451554297,20.739511909916892,28.862239822653013,39.36385013279076,41.024950900980265,7.55,1.0,0.54,2.21
LCII,2002-12-09,4.974719757697142,4.974719757697142,4.867571830749512,4.867571830749512,37400,19.6002890197759,21.27323213074319,29.04006602061264,39.45622507261336,41.09470191737978,7.56,3.0,0.69,2.12
LCII,2002-12-10,4.867570941073801,4.928798483541293,4.867570941073801,4.882877826690674,10200,19.60124963615982,20.231431600523877,28.693255200271846,38.92722826745384,41.073752209757764,7.57,1.0,0.93,2.27
LCII,2002-12-11,4.892061841278974,4.928798483541293,4.867570941073801,4.882877826690674,4600,19.42905092533186,20.21987966734802,27.48651140075951,38.67770709981592,41.073752209757764,7.59,1.0,1.0,2.36
LCII,2002-12-12,4.867570933915562,4.867570933915562,4.8369574546813965,4.8369574546813965,24600,19.59452354208685,20.286683812905842,27.372235249335613,38.569599866692414,41.06886914959372,7.61,1.0,0.52,2.42
LCII,2002-12-13,4.836956912106105,4.84001834727248,4.82165002822876,4.82165002822876,15200,19.38333135388324,20.160953430983266,24.981466544033594,38.51962606784396,41.07106385247371,7.64,1.0,0.74,0.91
LCII,2002-12-16,4.85226535554375,4.898185729980469,4.806344689152411,4.898185729980469,15000,19.95101622495861,19.825448058559346,24.660507024008073,38.55233310606202,40.980912833849075,7.67,1.0,0.83,0.95
LCII,2002-12-17,4.867571954821342,4.867571954821342,4.836958469166421,4.852265357971191,28800,19.893266426351282,19.901014823614,24.356563560059588,38.557344091333086,40.98995888589442,7.7,1.0,0.06,1.05
LCII,2002-12-18,4.882878843626112,4.898185732430883,4.836958469166421,4.852265357971191,5600,19.4316535616606,18.77843013278794,23.34280448296557,37.575265055507366,40.94018225516539,7.73,1.0,0.08,1.06
LCII,2002-12-19,4.836957405795289,4.913491249084473,4.836957405795289,4.913491249084473,17800,19.649374112278743,18.88973555880645,23.245894682316536,37.59617625247639,40.92784662579416,7.75,1.0,0.23,1.12
LCII,2002-12-20,4.913492465214176,4.941044807434082,4.867572089484084,4.941044807434082,11600,19.722383245371482,18.896259320267884,23.169840127327813,37.59812046508684,40.919965595659356,7.76,1.0,0.43,1.17
LCII,2002-12-23,4.959413051605225,4.959413051605225,4.956351615599056,4.959413051605225,2000,19.211238590272995,18.71872432721153,23.127458877389106,36.56883539320436,40.91117633588583,7.78,1.0,0.63,1.21
LCII,2002-12-24,4.959412927762271,4.959412927762271,4.928799152374268,4.928799152374268,600,18.82657091798911,18.567652572235644,23.142005041751386,35.851005000426404,40.919208067092846,7.79,2.0,0.84,1.21
LCII,2002-12-26,4.937982876254229,4.937982876254229,4.928799152374268,4.928799152374268,1400,18.409758185097783,18.091806259052404,22.33438006720101,35.830687673176485,40.899030221292435,7.8,1.0,0.96,1.26
LCII,2002-12-27,4.928799152374268,4.928799152374268,4.928799152374268,4.928799152374268,1600,15.834283360020319,18.034719273248008,21.512036341864132,35.68007807628036,40.74731086675754,7.81,1.0,1.21,1.41
LCII,2002-12-30,4.928799152374268,4.934922024233708,4.9043082488457035,4.928799152374268,28800,15.600139660178636,17.146818297860605,21.502944080548737,35.68007807628036,40.74731086675754,7.81,1.0,1.5,1.41
LCII,2002-12-31,4.928798426478688,5.051252926086851,4.913491249084473,4.913491249084473,46400,15.538867739266408,17.11477445092156,21.45981053792985,35.56432849385308,39.041613294987165,7.81,1.0,1.77,1.46
LCII,2003-01-02,4.922676403440418,4.959413051605225,4.901246935306454,4.959413051605225,6400,15.766777055922226,17.207014183570184,21.49559580787317,35.40141186029453,39.02990320062706,7.79,2.0,2.08,1.41
LCII,2003-01-03,4.9594114101977675,4.9594114101977675,4.901245313150125,4.907368183135986,4800,16.081711504193372,17.34904304131924,21.564804462697058,35.374170526389335,39.0128941297269,7.77,5.0,2.41,1.38
LCII,2003-01-06,4.898185376986263,4.928799152374268,4.898185376986263,4.928799152374268,2200,16.028362364080458,17.35191188748172,21.45934272939602,35.354749962239126,39.01369228546593,7.73,1.0,2.87,1.43
LCII,2003-01-07,4.898185058656344,4.898185058656344,4.882878171957127,4.892062187194824,30000,16.059231667044173,17.10355121798635,20.102685068484845,35.20886019412467,39.02370552244629,7.7,1.0,2.94,0.77
LCII,2003-01-08,4.889001713484049,4.913492326822961,4.885940277333702,4.898185729980469,7400,15.86878911977026,17.104439697213042,19.002978260951863,35.20853291323831,39.016398565421206,7.66,1.0,3.0,0.32
LCII,2003-01-09,4.901246551034445,4.947166919708252,4.901246551034445,4.947166919708252,1000,15.841482936778611,17.02891966366183,19.016615094628673,30.295790011671848,38.50366562839487,7.63,2.0,3.02,0.31
LCII,2003-01-10,4.944105871574383,4.971658211720684,4.944105871574383,4.959413051605225,3800,15.84656396801286,16.435817611028785,18.96302418854949,30.20021191678854,37.591017424720405,7.6,1.0,3.01,0.35
LCII,2003-01-13,4.959412326107029,4.959412326107029,4.94410514831543,4.94410514831543,6000,14.674803632240147,16.244723935760224,18.956576821614473,30.139535269607997,37.418127104318415,7.56,1.0,3.0,0.36
LCII,2003-01-14,4.9594123800027585,4.9594123800027585,4.928798607995999,4.95328950881958,6000,14.691394786037193,15.931730643683844,18.954135087371554,30.07753062385115,37.37896224026958,7.51,1.0,2.99,0.36
LCII,2003-01-15,4.968596651642233,4.968596651642233,4.913491972725666,4.928799152374268,27600,12.781523286731394,15.844051179526447,18.958713185461573,30.01783101132261,37.1409425342277,7.44,3.0,2.99,0.35
LCII,2003-01-16,4.925737503280125,4.928798939077359,4.898185165014186,4.910430908203125,2800,12.781523286731394,15.849699770227069,18.90848333328405,29.940378437681304,37.038384460182286,7.37,1.0,3.01,0.39
LCII,2003-01-17,4.910430454364693,4.910430454364693,4.882877826690674,4.882877826690674,3000,12.75764241627823,15.877345764898404,18.624813350198565,29.857106198022947,37.044314559661785,7.31,1.0,3.02,0.48
LCII,2003-01-21,4.898184782758891,4.94410514831543,4.8828778969218565,4.94410514831543,5600,13.267520309160933,16.09338556310613,18.628230620244153,29.674302991838402,37.01180665216418,7.25,2.0,3.02,0.49
LCII,2003-01-22,4.94410514831543,4.959412326107029,4.9287985544329596,4.94410514831543,43400,12.461187766122436,15.976004338375049,18.60072472538383,29.488353913771604,36.89290760312499,7.17,1.0,3.02,0.51
LCII,2003-01-23,4.9287992754527545,4.974719647726852,4.9287992754527545,4.959413051605225,7000,10.677683111851339,15.680086664600376,18.442144504449523,27.37674955397864,36.88959153456836,7.12,1.0,3.02,0.59
LCII,2003-01-24,4.928799507574695,4.928799507574695,4.882878841183356,4.898185729980469,16200,11.293797223765823,15.870717682488205,18.547278312504087,27.166445861891336,36.91446998318783,7.07,2.0,3.03,0.52
LCII,2003-01-27,4.898184782758891,4.94410514831543,4.898184782758891,4.94410514831543,5800,11.605796065435182,15.87733339659884,18.548436278876103,27.179673893599755,36.891609631627055,7.01,3.0,3.03,0.53
LCII,2003-01-28,4.9287992754527545,4.959413051605225,4.9287992754527545,4.959413051605225,14000,11.24304046815849,15.875448362628491,18.547520837844704,27.16003364295481,36.89198213504522,6.95,3.0,3.02,0.53
LCII,2003-01-29,4.947165847209035,4.962472438812256,4.944104412106583,4.962472438812256,13400,11.179267573957286,15.761065189434643,18.484391891083437,27.157642769213858,36.89184754555468,6.88,2.0,3.04,0.59
LCII,2003-01-30,4.959412254775039,4.962473106380206,4.882877826690674,4.882877826690674,28400,11.336438507588296,16.091164791275695,18.659562688852425,26.849376387193324,36.907922159397174,6.79,9.0,3.08,0.48
LCII,2003-01-31,4.913492584575647,4.971658706665039,4.913492584575647,4.971658706665039,10000,12.138178007771128,16.412368247699995,18.695231124356596,26.84522919651542,36.40373579702172,6.7,10.0,3.24,0.5
LCII,2003-02-03,4.971658211720684,4.974719647726852,4.944105871574383,4.959413051605225,28800,12.173475756126477,16.11237097976792,18.427049922988306,26.75569021621669,36.39886190137922,6.61,1.0,3.66,0.63
LCII,2003-02-04,4.95635122700668,4.971657821928226,4.898185115268302,4.947166919708252,182000,11.675135344991116,16.034084643189125,18.433292242363084,26.74942663074196,36.4002970235001,6.5,2.0,4.14,0.62
LCII,2003-02-05,4.937982206175033,4.94104364168932,4.867570941073801,4.882877826690674,11600,12.173244446282096,16.24949503352798,18.16848524438859,26.62369644293826,36.3901614280567,6.38,1.0,4.92,0.67
LCII,2003-02-06,4.882877819509925,4.882877819509925,4.8369574546813965,4.8369574546813965,7000,12.383266886715214,16.025377814707465,18.234110820071475,26.604884706116465,36.39811088436356,6.25,2.0,5.76,0.62
LCII,2003-02-07,4.8063445098390165,4.833896850254983,4.711442328355809,4.7604241371154785,57200,13.054843452213266,16.075652564677416,17.74022781843569,26.50429191753047,36.43657405921552,6.26,1.0,5.9,0.48
LCII,2003-02-10,4.729809620535147,4.73287105609222,4.561434460305443,4.607355117797852,39200,15.924001856041492,17.106988657944207,18.51073102217096,26.72161514878052,36.582590627576096,6.25,8.0,4.56,0.59
LCII,2003-02-11,4.59204858240298,4.59204858240298,4.469594070320735,4.576741695404053,36800,15.959402101630877,15.918222732917158,18.49304254803612,26.724363566900234,36.554242505926645,6.24,8.0,3.29,0.6
LCII,2003-02-12,4.5920491218566895,4.644092368594102,4.576742233059576,4.5920491218566895,8000,16.033481869650938,15.796919213255778,18.387853099578958,26.727443753431768,36.55520245680012,6.23,4.0,2.66,0.66
LCII,2003-02-13,4.592047961538548,4.619600296020508,4.56449562705659,4.619600296020508,210800,16.212010143305903,15.836688377487015,18.009675582434134,26.684032885894666,36.55906251436911,6.22,2.0,2.71,0.76
LCII,2003-02-14,4.6226620731937205,4.668582439422607,4.6226620731937205,4.668582439422607,4000,16.291603754382137,16.01129921568453,18.057752642550664,26.641034974185963,36.57238279856255,6.2,3.0,2.71,0.73
LCII,2003-02-18,4.644091532699406,4.644091532699406,4.592048295329308,4.62266206741333,7200,16.262448621081102,16.11881206115708,17.36736850153586,26.380897300230334,35.569340966187355,6.18,1.0,2.42,0.53
LCII,2003-02-19,4.625723220918816,4.628784656524658,4.625723220918816,4.628784656524658,1000,16.183086273090158,16.056503259154123,17.32221373712498,26.28021684447157,35.569469792943394,6.15,1.0,2.06,0.55
LCII,2003-02-20,4.637970146718345,4.6838908195495605,4.637970146718345,4.6838908195495605,4200,16.58753101424951,16.20610584667934,17.410821956942396,26.243285290085144,35.39511551366586,6.13,3.0,1.72,0.51
LCII,2003-02-21,4.653276387418415,4.852265357971191,4.653276387418415,4.852265357971191,6800,19.713265294246,17.74469872476172,18.200617014164756,26.52668845357998,35.56577181621305,6.14,8.0,1.76,0.9
LCII,2003-02-24,4.852264494196589,4.852264494196589,4.711441667779556,4.714502811431885,10000,21.109988541204107,18.549486759900745,18.6603304006956,26.74653126935917,35.68748546968122,6.14,24.0,1.68,0.87
LCII,2003-02-25,4.683889331226615,4.714502811431885,4.64715297980755,4.714502811431885,44000,21.080626925669357,18.548834481351594,18.399644996732707,26.74212002422673,35.653508177447684,6.13,11.0,1.73,1.03
LCII,2003-02-26,4.6838906776183125,4.711443022091218,4.6838906776183125,4.686952114105225,3200,21.111906222010145,18.04997027907398,18.38146034767893,26.747514154202644,35.56732968026904,6.13,10.0,1.71,1.03
LCII,2003-02-27,4.7114417894428,4.7114417894428,4.683889452178377,4.6991963386535645,21400,21.124302467215127,18.065273002054287,17.845530147161824,26.744822222517005,35.16461987797927,6.12,5.0,1.46,1.14
LCII,2003-02-28,4.677766454277471,4.745116577773798,4.668582439422607,4.668582439422607,41800,21.150046372314797,17.394340341148144,17.8411355751204,26.653885361175796,35.1647603046537,6.12,5.0,1.18,1.13
LCII,2003-03-03,4.671643875025752,4.696134775941767,4.668582439422607,4.668582439422607,6800,21.148189048212647,17.36920421635741,17.832161863824393,26.593579055669675,35.1501027359707,6.11,5.0,0.91,1.13
LCII,2003-03-04,4.656337738037109,4.656337738037109,4.653276301941467,4.656337738037109,16600,21.11742808322128,17.337672549408268,17.835352547119392,26.594971214059864,35.057621590883656,6.1,6.0,0.67,1.13
LCII,2003-03-05,4.656337738037109,4.66552175436942,4.653276301941467,4.656337738037109,11000,20.702007765042055,17.337672549408268,17.827670042906707,26.594868667325223,35.03639622645602,6.09,5.0,0.46,1.14
LCII,2003-03-06,4.644091819490223,4.668582721888022,4.644091819490223,4.662459850311279,11600,20.716529477752697,17.006923780087988,17.657167163744155,26.56487094832642,34.97555827696596,6.08,4.0,0.34,1.28
LCII,2003-03-07,4.6563369889646,4.668582439422607,4.653275553361456,4.668582439422607,3600,20.685263177411066,16.456333603864422,17.658368618372673,26.492844414811135,34.961057462185906,6.06,5.0,0.22,1.28
LCII,2003-03-10,4.6532763826550685,4.656337818803813,4.637969493865967,4.637969493865967,16400,20.498248166941625,16.48010202651757,17.563205998437827,26.49276816939979,34.96754765066919,6.05,4.0,0.06,1.33
LCII,2003-03-11,4.631846631083637,4.644092082977295,4.607355727296322,4.644092082977295,9600,20.249538058292543,16.485251235697337,17.198488863311937,26.493215135969567,34.50800209820476,6.03,1.0,-0.11,1.51
LCII,2003-03-12,4.637969010008854,4.680828235756117,4.637969010008854,4.677766799926758,9400,20.376428073782368,16.467301589998883,17.139061316986144,26.461090600185223,34.41609927499661,6.02,1.0,-0.26,1.58
LCII,2003-03-13,4.674705911307566,4.7451171875,4.674705911307566,4.7451171875,3400,20.904894902045314,16.735779217761287,17.11145463892798,26.51515085142606,34.43538722886632,5.99,1.0,-0.35,1.6
LCII,2003-03-14,4.772668777445847,4.77573021296121,4.717564105987549,4.717564105987549,3200,20.484556402219425,16.435288351546525,17.061582590605187,26.52139637716293,34.4411871142383,5.96,1.0,-0.44,1.62
LCII,2003-03-17,4.742055201877031,4.784914424996976,4.7145028650109655,4.723687171936035,6800,19.682573329809557,16.336848103789936,17.05978338177881,26.392483618427192,34.36011984740875,5.93,1.0,-0.53,1.63
LCII,2003-03-18,4.69919606679541,4.711441516876221,4.693073195777726,4.711441516876221,800,19.683044509151316,16.342470742755694,17.05821359885389,25.60720248264114,34.33138536520523,5.91,1.0,-0.62,1.63
LCII,2003-03-19,4.680828491346009,4.7451171875,4.671644475311041,4.7451171875,1800,19.846494970202734,16.195043242674462,17.101732071852517,25.62251331759547,34.33768951019845,5.87,4.0,-0.68,1.6
LCII,2003-03-20,4.7145030779963895,4.745116851887174,4.683889596060191,4.742055416107178,2400,19.534789620019012,16.143860067099208,17.03138877601789,25.53214511363538,34.33785363394508,5.84,1.0,-0.73,1.66
LCII,2003-03-21,4.7145043094823755,4.7145043094823755,4.668583928605822,4.6838908195495605,20200,19.66140072430576,16.291681170553176,16.97245806403024,25.547095183840206,34.35943478481304,5.81,1.0,-0.82,1.7
LCII,2003-03-24,4.668583903507746,4.769608974456787,4.668583903507746,4.769608974456787,13800,19.900497752493578,16.714872320954477,17.221341594097424,25.272198323523533,34.40420682323735,5.76,10.0,-0.86,1.54
LCII,2003-03-25,4.772670269012451,4.8338975386818115,4.745117924672575,4.772670269012451,12600,17.31060031408846,16.716286633136555,17.163436417860208,25.27075398174051,34.40408673772826,5.72,9.0,-0.89,1.61
LCII,2003-03-26,4.772669680449018,4.772669680449018,4.702258110046387,4.702258110046387,2200,17.789620984522916,16.97148737584382,17.312790523136982,25.326056294996015,34.01319459348561,5.66,12.0,-0.96,1.47
LCII,2003-03-27,4.702257482384941,4.702257482384941,4.671644001389142,4.6991963386535645,4600,17.779706678072813,16.970726816723918,17.242180708865824,24.430377286168728,33.81541653048238,5.61,12.0,-1.02,1.53
LCII,2003-03-28,4.693073467281659,4.708380353756847,4.68695088786433,4.6991963386535645,6800,17.711698177359487,16.964570831733553,17.232646969365824,24.388286487657844,33.70600187060783,5.55,12.0,-1.08,1.53
LCII,2003-03-31,4.683890078988658,4.683890078988658,4.653276301941467,4.656337738037109,3600,17.667978385012194,16.919542136714195,17.214351538538526,24.387412648648155,33.67943776025341,5.49,11.0,-1.13,1.53
LCII,2003-04-01,4.653274745688589,4.705317974090576,4.653274745688589,4.705317974090576,4000,17.67178904906748,16.96367838149361,17.144538687811274,24.318897776334893,33.689879434875174,5.42,9.0,-1.18,1.61
LCII,2003-04-02,4.683890068534437,4.696135520935059,4.6685831800450055,4.696135520935059,9600,17.685497346568486,16.932577991165243,17.091504318954406,24.127178478587417,33.679210280423504,5.35,6.0,-1.22,1.65
LCII,2003-04-03,4.6961337539676755,4.714501779680147,4.668581423444463,4.693072319030762,3400,17.356157537505826,16.875326727887686,17.09033290889327,24.00393719206727,32.89105697239281,5.27,6.0,-1.25,1.65
LCII,2003-04-04,4.714502811431885,4.7236871182525775,4.699196217306534,4.714502811431885,11200,13.86599150204735,16.905147837050873,16.921211027650866,23.982858996804772,32.89262597631919,5.19,1.0,-1.3,1.78
LCII,2003-04-07,4.745117055387723,4.754301071166992,4.745117055387723,4.754301071166992,3800,11.336572289068398,16.86676571092821,16.832584692640022,23.777571619475278,32.900393470681614,5.1,1.0,-1.31,1.88
LCII,2003-04-08,4.7451166473329,4.7451166473329,4.717564310409848,4.729809761047363,5800,11.445960994904333,16.87874792531005,16.712875631948002,23.00742923388531,32.05263063800593,5.01,1.0,-1.35,1.98
LCII,2003-04-09,4.729809761047363,4.775730419903973,4.699196280430862,4.729809761047363,17600,11.305551448339637,16.872633839550826,15.934362302604471,22.904642422617616,31.449439747544734,4.91,1.0,-1.37,2.05
LCII,2003-04-10,4.7604241371154785,4.7757310253415275,4.7604241371154785,4.7604241371154785,1600,11.427847834707993,16.92901246265345,15.896030558559895,21.31575319308108,31.43665384369008,4.8,1.0,-1.38,2.09
LCII,2003-04-11,4.7451169283997165,4.7451169283997165,4.677766799926758,4.677766799926758,8200,12.410412730493375,17.257580287926217,16.107348881396657,21.15516520163197,31.371068839324597,4.69,3.0,-1.41,1.9
LCII,2003-04-14,4.668583526423138,4.668583526423138,4.6532766367980365,4.659399509429932,7600,12.464481849774256,17.25905000866573,16.11655258101852,20.94188300378967,31.374343024186906,4.56,4.0,-1.44,1.89
LCII,2003-04-15,4.683889325483759,4.683889325483759,4.665521003819464,4.668582439422607,5200,12.45359725888326,17.239908293447588,16.121324778559508,20.270658573520276,31.28213974926663,4.46,5.0,-1.46,1.89
LCII,2003-04-16,4.66552209010719,4.66552209010719,4.659399509429932,4.659399509429932,800,12.467865548792508,17.019910973822796,16.086955871651544,20.15536052471261,31.135095527058738,4.35,3.0,-1.48,1.92
LCII,2003-04-17,4.662461055446462,4.6838908195495605,4.592049765841792,4.6838908195495605,36600,12.554930768471479,17.06676298380575,16.077512196200868,20.101772678745238,31.097108444216136,4.23,3.0,-1.48,1.93
LCII,2003-04-21,4.668582433584796,4.668582433584796,4.62266206741333,4.62266206741333,16600,13.126313013414343,17.228541906808214,16.1412006422367,20.12866072235591,31.108492900524716,4.11,8.0,-1.49,1.87
LCII,2003-04-22,4.622661536357422,4.653275012969971,4.622661536357422,4.653275012969971,11000,13.136838886106936,17.138817289230975,16.09800109518386,20.13396506926657,30.988987215924958,3.99,5.0,-1.49,1.92
LCII,2003-04-23,4.668583928605822,4.6838908195495605,4.668583928605822,4.6838908195495605,800,13.265853201535114,17.077733999990894,16.136731593497046,19.655640656157125,30.994410584070685,3.86,9.0,-1.49,1.88
LCII,2003-04-24,4.696134775941767,4.696134775941767,4.668582439422607,4.668582439422607,3600,13.136890235871041,17.063989678001377,15.793903762469835,19.12722512802828,27.0014529985727,3.72,1.0,-1.53,2.1
LCII,2003-04-25,4.662459850311279,4.662459850311279,4.659398706477494,4.662459850311279,30200,12.413154859971588,17.06072795808585,15.793675616570951,19.12372080697577,26.927680147336414,3.61,1.0,-1.58,2.1
LCII,2003-04-28,4.656338474241764,4.6838908195495605,4.656338474241764,4.6838908195495605,8400,12.398096837724887,16.802854501445378,15.320029745123765,19.09544013836469,26.877871583194224,3.48,1.0,-1.58,2.35
LCII,2003-04-29,4.6563369188927695,4.6563369188927695,4.607355117797852,4.607355117797852,8200,13.247665400547737,16.648468175454312,15.513469440480915,19.191253800485804,26.876793127799424,3.35,2.0,-1.56,2.15
LCII,2003-04-30,4.607355181371319,4.634907517856026,4.607355181371319,4.62266206741333,52000,13.289993306269492,16.672862552541275,15.500458990733296,19.191308146796512,26.82356411029313,3.21,2.0,-1.55,2.17
LCII,2003-05-01,4.622662757007229,4.622662757007229,4.592048980356342,4.5951104164123535,14800,13.167405898595035,16.69999764024678,15.52380705021458,19.14009062112199,26.76301201550159,3.06,4.0,-1.53,2.14
LCII,2003-05-02,4.637968597504893,4.64409146861904,4.607355117797852,4.607355117797852,33400,13.211488970959435,16.533684338169106,15.316351853141699,18.26580329373814,26.69386468468216,2.91,1.0,-1.52,2.33
LCII,2003-05-05,4.5951104164123535,4.610417304737797,4.5951104164123535,4.5951104164123535,29600,12.777632674227954,16.443245476800737,14.945117189668458,17.59345834016294,26.52593766813608,2.74,1.0,-1.5,2.63
LCII,2003-05-06,4.616539884895207,4.6685831300289475,4.5951104164123535,4.5951104164123535,21600,11.477187691891265,16.13998598197109,14.933554578295318,17.56308310977584,26.382340124289605,2.57,1.0,-1.48,2.65
LCII,2003-05-07,4.607355187132569,4.668582439422607,4.607355187132569,4.668582439422607,28400,12.496833156831304,15.046207907572459,15.160558339490004,17.63678835303209,24.741576572893756,2.42,3.0,-1.46,2.41
LCII,2003-05-08,4.668582507859789,4.7451166473329,4.668582507859789,4.729809761047363,11400,12.37077608790541,15.201803566398306,15.240611770852317,17.70036390464565,24.577237107476655,2.26,4.0,-1.45,2.33
LCII,2003-05-09,4.732871264301702,4.791037082672119,4.732871264301702,4.791037082672119,2000,12.899153342749784,15.400448861755315,15.373640664256696,17.7655296637897,24.604633749525775,2.18,7.0,-1.44,2.19
LCII,2003-05-12,4.763485105608582,4.769607685125296,4.745116783149278,4.766546249389648,9400,13.006499870205484,15.406177095096044,15.183067359186545,17.767278980196288,24.591689301257,2.09,4.0,-1.4,2.37
LCII,2003-05-13,4.760423804043236,4.806344173553867,4.745116916888163,4.803282737731934,14800,12.836932819623065,15.337488200683891,15.163453463158088,17.75742656335763,24.602165564913776,2.01,4.0,-1.39,2.4
LCII,2003-05-14,4.821650918992776,4.821650918992776,4.800221452778274,4.806344032287598,4000,12.521830377017492,15.184784524376768,15.163899283148204,17.577245428646158,24.30677523524261,1.95,5.0,-1.37,2.4
LCII,2003-05-15,4.809405468019549,4.821650918992776,4.794098581314371,4.806344032287598,12800,12.498528118506712,15.184697423407739,15.028005610504374,17.517280745088375,24.234590326485907,1.89,3.0,-1.34,2.56
LCII,2003-05-16,4.791038161564614,4.800222470708084,4.775731563568115,4.775731563568115,28600,12.66489218148801,15.069065626948774,15.030407303169346,17.51797586083805,24.17146580645698,1.83,4.0,-1.29,2.55
LCII,2003-05-19,4.772669659553322,4.7910376921312485,4.760424207183166,4.781853675842285,22600,12.611048849023973,13.190543011024872,15.018683652661386,17.419294530653296,24.166038836060054,1.77,3.0,-1.24,2.57
LCII,2003-05-20,4.791037082672119,4.791037082672119,4.791037082672119,4.791037082672119,200,12.39472084824073,11.776364884429826,14.99374543850743,17.421087795162965,24.033127094522637,1.69,3.0,-1.19,2.61
LCII,2003-05-21,4.781852246929471,4.824711463395134,4.775729668551248,4.82165002822876,3400,12.407125885109458,11.842322290290843,15.030856170859867,17.404383623725476,24.00831811659147,1.64,7.0,-1.15,2.56
LCII,2003-05-22,4.79103755042463,4.79103755042463,4.784914970397949,4.784914970397949,1000,12.63732829845679,11.88808527877386,15.076970379275737,17.423662639890626,23.887598872935982,1.6,8.0,-1.09,2.49
LCII,2003-05-23,4.784914970397949,4.784914970397949,4.784914970397949,4.784914970397949,0,12.505891170343308,11.878881631233874,15.076970379275737,17.38857429870421,23.83703814885462,1.56,8.5,-1.04,2.49
LCII,2003-05-27,4.8063446915568795,4.852265357971191,4.8063446915568795,4.852265357971191,1800,11.954264603227791,12.116115252777423,15.23893564206959,17.463873955275496,23.87056565515781,1.52,14.0,-1.01,2.32
LCII,2003-05-28,4.836958466746637,4.898185729980469,4.836958466746637,4.898185729980469,1600,12.079705910104494,12.247817485855917,15.24078202721678,17.39516935029643,23.88869977176192,1.47,16.0,-1.01,2.31
LCII,2003-05-29,4.898184782758891,4.959412326107029,4.898184782758891,4.94410514831543,4200,12.282504157835312,12.349666281255722,15.221364297537022,17.27082006706446,23.862076449110134,1.41,14.0,-1.01,2.35
LCII,2003-05-30,4.959412981095757,4.983903884887695,4.959412981095757,4.983903884887695,24400,12.34919626837112,12.430990715505871,15.25862078369127,17.294774912719614,23.815224031424957,1.36,18.0,-0.99,2.3
LCII,2003-06-02,4.959413051085214,5.051253795623779,4.931860710941802,5.051253795623779,13800,12.74310082366688,12.683652685320574,15.354397538434721,17.134082946563115,23.628176751422007,1.33,21.0,-0.85,2.22
LCII,2003-06-03,5.0359468489448735,5.081867218017578,5.0359468489448735,5.081867218017578,3200,11.876317754987445,12.720281740434825,15.380606529104487,17.143198526959573,23.551401189213188,1.33,23.0,-0.65,2.19
LCII,2003-06-04,5.069622544689065,5.127788669207514,5.069622544689065,5.112482070922852,14600,11.862585383044092,12.64378143674566,15.330724928140555,16.749436588516534,23.49660674934774,1.32,21.0,-0.38,2.24
LCII,2003-06-05,5.127786574665276,5.24411819227501,5.094111371503143,5.231873035430908,6400,13.171498156004827,13.386402467145453,15.74759848944039,16.952285630131463,23.570687369167317,1.31,28.0,0.54,2.0
LCII,2003-06-06,5.247180866300844,5.250242302211927,5.179831027984619,5.179831027984619,9400,13.616891607755091,13.562657833692327,15.826034097377118,16.97426883845225,23.591925210244646,1.3,31.0,0.75,1.91
LCII,2003-06-09,5.173707738203906,5.250241878070559,5.173707738203906,5.234935283660889,10600,13.690526921716046,13.436119092480775,15.905966747206831,16.952946321220814,23.609416148469744,1.28,33.0,1.1,1.83
LCII,2003-06-10,5.250241420443307,5.250241420443307,5.225750521177046,5.247179985046387,21200,13.6956913758565,13.34635693295923,15.883781391207602,16.727010003305917,23.60756215407153,1.27,32.0,1.27,1.86
LCII,2003-06-11,5.2349337218679155,5.479842662811279,5.2349337218679155,5.479842662811279,10400,16.667084233438736,15.837098475996997,17.25648682346196,17.460429593306355,23.989393750108086,1.25,64.0,2.95,2.85
LCII,2003-06-12,5.510459534109454,5.58699369430542,5.452293408865917,5.58699369430542,23800,17.10418725129748,16.172723709602845,17.463418110515544,17.19895891624981,23.98645211825445,1.24,69.0,4.31,2.62
LCII,2003-06-13,5.617607848071202,5.663528230455187,5.510459899902344,5.510459899902344,36600,17.730810040542035,16.500929019624518,17.535283949964423,17.266399430732605,23.978190786787497,1.23,70.0,4.14,2.59
LCII,2003-06-16,5.541072333507631,5.602299300473999,5.482906218566763,5.498212814331055,15600,17.868106175741232,16.516924906776456,17.54234259866578,17.26212867614853,23.979120876278042,1.21,71.0,3.77,2.58
LCII,2003-06-17,5.4492309523560865,5.4492309523560865,5.280856065006513,5.39718770980835,119800,19.08072964928324,16.800952621042857,17.812797724034024,17.34037185972655,24.0561322492363,1.21,76.0,3.28,2.37
LCII,2003-06-18,5.394127386243709,5.418618291964858,5.32677695757861,5.406372547149658,16600,19.04553345933185,16.47642777265615,17.68565163724785,17.267258862526923,24.029792472907662,1.2,75.0,2.78,2.49
LCII,2003-06-19,5.38800489873097,5.4461710229397955,5.38800489873097,5.418618679046631,18600,18.803874590871946,16.47369636367918,17.636291240918737,17.100221170497225,23.977135445157057,1.19,73.0,2.38,2.56
LCII,2003-06-20,5.403311951733485,5.510459899902344,5.403311951733485,5.510459899902344,19000,18.975728060156374,16.357716608416485,17.812863825964957,17.184708566214344,24.02073776184145,1.18,79.0,2.1,2.36
LCII,2003-06-23,5.495152942899709,5.556379920791853,5.479845760494695,5.541073322296143,25800,18.83333415142271,16.35366445026239,17.826930794485524,16.897772689768985,24.025511895241753,1.17,80.0,1.85,2.34
LCII,2003-06-24,5.498212814331055,5.541072333507631,5.495151962305556,5.498212814331055,9600,18.96987393356285,16.486258571824656,17.668883689645547,16.914694443650607,24.007851862469224,1.16,76.0,1.52,2.47
LCII,2003-06-25,5.5257664993938915,5.541073682794781,5.50127558986181,5.510459899902344,19200,18.962825684135797,16.302897952061606,17.462582985700323,16.913165905669896,24.008291032827174,1.14,69.0,1.26,2.69
LCII,2003-06-26,5.5104573959586185,5.528825423783939,5.504334525380486,5.525763988494873,12400,18.934330386712528,16.22461590437222,17.455696460968063,16.914798598185957,24.005997245211212,1.13,69.0,1.03,2.7
LCII,2003-06-27,5.510459436084319,5.525766034287503,5.3267773380996495,5.418618679046631,21600,20.162750730007375,16.830430309013792,17.75309321519513,17.076136035506494,23.9947012597246,1.12,81.0,0.78,2.46
LCII,2003-06-30,5.433924101361113,5.571685791015624,5.418617506470241,5.571685791015625,61200,21.05315207622503,17.606889012686775,18.117567147300242,17.265325351356513,23.554708099880465,1.12,92.0,0.58,2.27
LCII,2003-07-01,5.55637743335957,5.761488914489746,5.55637743335957,5.761488914489746,41400,22.557159996101902,18.691622295665912,18.739858817190008,17.692363717519505,23.78604150057072,1.13,100.0,0.58,2.09
LCII,2003-07-02,5.7706752546708575,5.7706752546708575,5.724754879639266,5.746184349060059,59400,22.67163091713121,18.701156883674248,18.538044971844982,17.642952777770475,23.712167969343177,1.14,98.0,0.48,2.24
LCII,2003-07-03,5.755367133438635,5.755367133438635,5.712508201599121,5.712508201599121,22800,22.93345002304427,18.71527836485339,17.736904568076778,17.48476752227754,23.705013853909783,1.13,80.0,0.33,2.25
LCII,2003-07-07,5.724755037799724,5.782920575289056,5.724755037799724,5.755368232727051,21000,22.58760725471969,18.724298803009997,17.699997774001417,17.43158573833954,23.444519106486755,1.12,80.0,0.21,2.26
LCII,2003-07-08,5.75842789055669,5.801287401254802,5.75842789055669,5.785980224609375,56400,22.514192493626606,18.71745017333157,17.705709000287186,17.352851592554856,23.447108762172387,1.11,81.0,0.1,2.24
LCII,2003-07-09,5.758429192401444,5.7890429687042655,5.709447383880615,5.709447383880615,23000,23.09107480766204,18.53732031095568,17.86813296804195,17.404631039258632,23.48668257193851,1.11,92.0,-0.06,2.14
LCII,2003-07-10,5.724753470329156,5.724753470329156,5.602298388511701,5.6329121589660645,27200,23.693648446276256,18.798892987813,17.986663503193327,17.480146544138112,22.821777247233467,1.11,93.0,-0.24,2.1
LCII,2003-07-11,5.632913094287264,5.632913094287264,5.620667934417725,5.620667934417725,15600,23.73115422243899,18.829299901475256,17.899761638264284,17.47780521919903,22.795305017500663,1.11,92.0,-0.39,2.17
LCII,2003-07-14,5.6237295119055375,5.6482204161702265,5.60229945975337,5.6176066398620605,59200,23.74356945541663,18.81520375156014,17.903895556026754,17.478214225012398,22.77414934399731,1.12,92.0,-0.53,2.17
LCII,2003-07-15,5.574746874334526,5.617606392845029,5.571686022356595,5.602299213409424,6800,23.64722081073405,18.84763110153954,17.848115796391106,17.453386960045503,22.69255947252391,1.12,89.0,-0.66,2.26
LCII,2003-07-16,5.617606287865936,5.648220062255859,5.617606287865936,5.648220062255859,2200,23.675389643494896,18.572167188262032,17.052581501600464,17.373045786075213,22.54936126396147,1.11,49.0,-0.78,2.41
LCII,2003-07-17,5.617605983009688,5.617605983009688,5.547194714470368,5.577807903289795,29600,24.1126999453116,18.841089876077458,16.50319749772928,17.441424272114848,22.488354964952816,1.09,44.0,-0.89,2.41
LCII,2003-07-18,5.556378739086088,5.648220062255859,5.556378739086088,5.648220062255859,14400,23.53270072309338,18.928842748343488,16.59057876285223,17.457957286492096,22.495820122662078,1.08,45.0,-0.99,2.26
LCII,2003-07-21,5.678834829946735,5.678834829946735,5.510459899902344,5.510459899902344,46000,24.575981367883607,19.729867713181513,17.074394687768933,17.710201820584643,22.46446743453591,1.07,55.0,-1.08,2.11
LCII,2003-07-22,5.541073314969702,5.58699369430542,5.467600591250692,5.58699369430542,4000,24.69007259570006,19.83915870924941,17.182870636962985,17.749063102546195,21.90409341751978,1.06,63.0,-1.16,1.97
LCII,2003-07-23,5.57780855548868,5.6176066398620605,5.541072491046254,5.6176066398620605,24800,24.708546149402135,19.842946029408985,17.14146498918082,17.755874172231383,21.8272340946314,1.06,61.0,-1.24,1.99
LCII,2003-07-24,5.66352720764692,5.666588643774216,5.623729705810547,5.623729705810547,23600,21.414520630894117,19.42767418695845,17.13934363497287,17.727042621799175,20.656634504226183,1.05,61.0,-1.31,1.99
LCII,2003-07-25,5.657403058547735,5.657403058547735,5.620667001129782,5.6329121589660645,26000,20.687639787308434,19.430764714124066,17.12428705038213,17.624964274472273,20.451741835301913,1.04,60.0,-1.37,1.99
LCII,2003-07-28,5.663525723999106,5.663525723999106,5.5012731552124015,5.501273155212402,11000,21.45280796215031,20.116210549078573,17.5961550889302,17.837441100336456,20.433132382461537,1.04,80.0,-1.42,1.81
LCII,2003-07-29,5.525764254330344,5.6329121589660645,5.513519096494061,5.6329121589660645,13400,22.509885857185797,20.556068435637854,17.938550661292112,18.043115665174106,20.08508645607359,1.04,96.0,-1.47,1.56
LCII,2003-07-30,5.6635265281791884,5.69107886611009,5.5380105815647065,5.571685791015625,17400,22.044333041824004,20.72843459057976,18.053483896302257,18.01136921580965,20.041982327496115,1.05,97.0,-1.52,1.48
LCII,2003-07-31,5.602299354778563,5.862515572658268,5.602299354778563,5.8472089767456055,127400,25.947600863772813,22.67757084733264,19.45312916571193,18.785899437946217,20.556669931515074,1.08,100.0,-1.53,2.28
LCII,2003-08-01,5.841084892714744,5.841084892714744,5.767612196543946,5.785980224609375,68400,26.225865211212223,22.733579666821562,19.559194067597467,18.780240163812934,20.568686121984268,1.12,100.0,-1.56,2.21
LCII,2003-08-04,5.816595074797643,5.816595074797643,5.724754333496094,5.724754333496094,4800,26.10232143335654,22.830464959779533,19.647698561527392,18.420190290238807,20.596279109519543,1.16,100.0,-1.59,2.17
LCII,2003-08-05,5.694141267591476,5.694141267591476,5.663527488708496,5.663527488708496,94200,26.29720839814101,22.915594409712963,19.651697600779887,18.44360071756461,20.27381871545434,1.2,100.0,-1.63,2.24
LCII,2003-08-06,5.632912988371443,5.632912988371443,5.602299213409424,5.602299213409424,4400,26.399543746141337,23.03028649976929,19.717544543881914,18.479708783730032,19.954975679214797,1.23,100.0,-1.65,2.19
LCII,2003-08-07,5.574747955768566,5.574747955768566,5.513520977876421,5.541073322296143,7400,26.606930981729775,23.174976697263116,19.82042286735185,18.531594861898252,19.985447784124915,1.27,100.0,-1.68,2.13
LCII,2003-08-08,5.528826027860117,5.556378364562988,5.525764592236561,5.556378364562988,4400,26.60680342323874,23.172234367702337,19.80982078430169,18.532560513341036,19.9652268510693,1.31,99.0,-1.7,2.13
LCII,2003-08-11,5.586993333455678,5.688018395033026,5.586993333455678,5.663527488708496,99400,26.4714192729589,23.41648458661333,19.98454056647612,18.648823230358307,20.04563780149252,1.35,100.0,-1.71,1.95
LCII,2003-08-12,5.632912883106307,5.648220062255859,5.602299108716384,5.648220062255859,6600,25.27968063691232,23.367298541134048,19.99355577835234,18.64213441636367,20.04710076768097,1.38,100.0,-1.73,1.95
LCII,2003-08-13,5.632912883106307,5.663526657496231,5.632912883106307,5.648220062255859,4200,23.25832880564001,23.372321624480033,19.86775601514709,18.622230849520495,19.99783721820599,1.42,98.0,-1.74,2.03
LCII,2003-08-14,5.6574039979355435,5.6574039979355435,5.617606498473039,5.620667934417725,4400,23.283942705215736,23.42457259021642,19.72369871674115,18.58153220767801,19.432832718175682,1.45,95.0,-1.74,2.21
LCII,2003-08-15,5.660465717315674,5.660465717315674,5.660465717315674,5.660465717315674,8600,23.33743658966113,23.429634409200368,19.741692089399006,18.594097971923837,19.014902957129173,1.47,95.0,-1.75,2.17
LCII,2003-08-18,5.678834086195353,5.678834086195353,5.648220891221638,5.663527488708496,4600,23.222817861129293,23.33547422570234,19.563240880076062,18.448744697321608,18.99013111220613,1.5,90.0,-1.75,2.29
LCII,2003-08-19,5.74005940289873,5.859452451628131,5.74005940289873,5.831900119781494,90000,24.7386663127956,23.949104691860875,20.037263451596978,18.757225375205273,19.18125606184559,1.53,100.0,-1.73,1.95
LCII,2003-08-20,5.8319013325173605,5.8319013325173605,5.767612934112549,5.767612934112549,10400,24.640509780809943,24.022412812501578,20.144647474706623,18.55408682419732,19.21072344263991,1.56,100.0,-1.72,1.88
LCII,2003-08-21,5.770675613696233,5.770675613696233,5.7094480539053105,5.71557092666626,10400,24.457107603469122,24.10602386816788,20.143262972767488,18.588270656165317,19.232702983659973,1.59,99.0,-1.71,1.88
LCII,2003-08-22,5.715569138176622,5.715569138176622,5.495151042938232,5.495151042938232,70000,27.042168758544317,25.543101134377817,21.139983968270784,19.16854598671798,19.639179297940277,1.65,100.0,-1.69,2.05
LCII,2003-08-25,5.467599622802471,5.571686108945415,5.464538186867772,5.498212814331055,25400,27.044790635501375,25.51079194506256,21.133143852964917,19.168397919439567,19.61438917395818,1.7,99.0,-1.67,2.05
LCII,2003-08-26,5.479846117009907,5.541073682794781,5.479846117009907,5.510459899902344,4400,27.050865362742734,25.392769712834784,21.130353730889194,19.087675912840563,19.50521236724859,1.74,98.0,-1.65,2.05
LCII,2003-08-27,5.479846117009907,5.510459899902344,5.479846117009907,5.510459899902344,4800,26.92552255445585,25.37628653761748,21.126537969692695,18.901839878821367,19.462951666747497,1.79,97.0,-1.62,2.06
LCII,2003-08-28,5.510456426406443,5.510456426406443,5.403308545777856,5.479842662811279,43800,26.736927625079094,25.396462036602202,21.127765467498246,18.914040609812247,19.460723755854616,1.83,97.0,-1.58,2.08
LCII,2003-08-29,5.507398463222166,5.586994065178765,5.507398463222166,5.510459899902344,18200,26.51470562394159,25.001149563476538,21.11132552539387,18.922870274301022,19.40852196465031,1.87,95.0,-1.55,2.08
LCII,2003-09-02,5.482907553690085,5.510459899902344,5.464539517518359,5.510459899902344,3600,25.530642082258844,24.899385620138993,21.11132552539387,18.884713511467524,19.40852196465031,1.91,94.5,-1.51,2.08
LCII,2003-09-03,5.5104590879014195,5.5104590879014195,5.479845309520116,5.507397651672363,6000,25.193485957677947,24.821414465795762,21.09902506702234,18.879657719610464,19.38423340730427,1.94,93.0,-1.46,2.11
LCII,2003-09-04,5.507398463222166,5.510459899902344,5.476784680329729,5.510459899902344,5600,25.132968457317357,24.819529306102257,20.87924662302579,18.795002086576513,19.38091651754608,1.96,92.0,-1.41,2.25
LCII,2003-09-05,5.510458752364826,5.510458752364826,5.495152156060834,5.504335880279541,11200,25.127888902700917,23.180959962562856,20.86487498942864,18.75798555518801,19.356158649306863,1.99,91.0,-1.36,2.25
LCII,2003-09-08,5.507397227222001,5.60842227935791,5.507397227222001,5.60842227935791,20200,25.74788519732978,23.15886035619975,21.04004408190974,18.87870906764333,19.43823387212663,2.02,92.0,-1.3,2.08
LCII,2003-09-09,5.571687294878688,5.65128231048584,5.571687294878688,5.65128231048584,3400,24.84668153672821,23.026926698805557,21.050938260934736,18.844569827515745,19.379705716256154,2.04,92.0,-1.24,2.06
LCII,2003-09-10,5.614545295513708,5.614545295513708,5.513520240783691,5.513520240783691,6000,24.949129177359154,23.590037319334144,21.46293955461345,19.074664825048707,19.440872483214456,2.07,100.0,-1.16,1.87
LCII,2003-09-11,5.513519679393812,5.571685791015624,5.513519679393812,5.571685791015625,7400,24.959557176221534,23.3621292331823,21.37633724202051,19.10705445656695,19.46560398663957,2.1,99.0,-1.09,1.9
LCII,2003-09-12,5.556378024784707,5.6329121589660645,5.556378024784707,5.6329121589660645,4600,20.661049780353206,23.4582274575062,21.411746804272216,19.128162015927153,19.34344657305752,2.13,99.0,-1.01,1.87
LCII,2003-09-15,5.660466418024429,5.6635278545013845,5.571687095829948,5.58699369430542,31000,20.58063128674338,23.525821333934168,21.458151527555376,19.1571271838533,19.362787075289216,2.16,99.0,-0.92,1.85
LCII,2003-09-16,5.617606429664578,5.691079139709472,5.617606429664578,5.691079139709473,32600,21.13722353301078,23.57706096108497,21.60512472742554,19.271835706988043,19.18555531380112,2.18,100.0,-0.82,1.71
LCII,2003-09-17,5.691077632235989,5.691077632235989,5.660463865182404,5.669648170471191,1800,20.930110319096045,23.569910938345895,21.61819689654841,19.279206361947328,19.189032159881716,2.2,100.0,-0.72,1.7
LCII,2003-09-18,5.6910782644384454,5.6910782644384454,5.626789288093371,5.6329121589660645,181800,20.769970950397138,23.552658246168257,21.655468443837513,19.29299939831674,19.18682584216346,2.22,100.0,-0.61,1.69
LCII,2003-09-19,5.632913376343086,5.660465717315674,5.605361035370497,5.660465717315674,78800,20.53624132491311,23.567705924334568,21.460065084134946,19.272512122630882,19.153085101183397,2.23,96.0,-0.5,1.8
LCII,2003-09-22,5.629851940245105,5.663527153413654,5.617606779762417,5.660465717315674,16200,20.527900137852974,23.562869160355753,21.46157396880556,19.225920119674775,19.01154257370842,2.24,96.0,-0.39,1.8
LCII,2003-09-23,5.6604656965833176,5.770675060070014,5.639036227885178,5.740061283111572,44200,20.17701707209902,23.349733297129124,21.505705920619388,19.284500983077937,19.048423376555665,2.26,97.0,-0.29,1.74
LCII,2003-09-24,5.7247536549795,5.7247536549795,5.666587547630987,5.672710418701172,7000,20.470674224928644,22.806799908908296,21.62050153369143,19.317523936912377,18.826580408733843,2.26,99.0,-0.18,1.67
LCII,2003-09-25,5.651281337853677,5.684956550598144,5.648220485703473,5.6849565505981445,10600,20.478893465913327,21.737591136840596,21.60713095448857,19.31810377289911,18.8142921245571,2.27,97.0,-0.09,1.67
LCII,2003-09-26,5.663527488708496,5.691079831312251,5.663527488708496,5.663527488708496,9400,20.45730138821942,21.74414187937766,21.624909483200724,19.29510808437957,18.814199088130888,2.26,99.0,-0.02,1.66
LCII,2003-09-29,5.648220891221638,5.678834086195353,5.602299930942536,5.663527488708496,23400,20.355381628255387,21.712409021347877,21.514085765141015,19.294221025276634,18.767525020089142,2.26,94.0,0.11,1.77
LCII,2003-09-30,5.688019210054356,5.694142083490136,5.620669353988828,5.666589736938477,31800,20.355381163934755,21.65491851015584,21.441328536751417,19.288858950627176,18.71911886648788,2.26,88.0,0.28,1.85
LCII,2003-10-01,5.666588568756852,5.740061283111572,5.666588568756852,5.740061283111572,16000,18.80038551366046,21.79331794869385,21.441597712333603,19.341747559890155,18.64859717724057,2.26,88.0,0.47,1.85
LCII,2003-10-02,5.7400609304279175,5.779858429292172,5.724754334843786,5.770674705505371,21600,18.600141048007167,21.64597826767456,21.419735755671443,19.336763952553945,18.640779984312008,2.25,86.0,0.67,1.85
LCII,2003-10-03,5.755367187187739,5.755367187187739,5.648219856588311,5.7216925621032715,26800,18.577884496724607,21.535544331395315,21.463090734054262,19.361134961682332,18.468886941739086,2.24,92.0,0.91,1.84
LCII,2003-10-06,5.694139877213163,5.75230598449707,5.694139877213163,5.75230598449707,29800,14.39284066172559,21.554261539239906,21.469852342660314,19.352959833243112,18.466158004595393,2.23,92.0,1.17,1.83
LCII,2003-10-07,5.752306674022576,5.770674705505371,5.724754334843786,5.770674705505371,18000,14.397673259567323,21.560953193122447,21.469026470738996,19.306087805205692,18.466224148395384,2.22,91.0,1.45,1.82
LCII,2003-10-08,5.755368760402549,5.76761450662363,5.724755562668481,5.764553070068359,104600,14.417011451371808,21.553167317722245,21.433743015736688,19.3071609573188,18.46691170011058,2.2,83.0,1.71,1.85
LCII,2003-10-09,5.782921698659316,5.795167446136475,5.724756149870947,5.795167446136475,56600,14.450731287257529,21.517473133277008,21.44035671788481,19.31252310874088,18.46734245369497,2.18,83.0,1.97,1.83
LCII,2003-10-10,5.758428019107382,5.816594123840332,5.758428019107382,5.816594123840332,22600,14.295384897609932,21.356044349133565,21.442194692313294,19.250452456896596,18.39474574202991,2.16,85.0,2.22,1.83
LCII,2003-10-13,5.831901205081281,5.908435344696044,5.816594610721987,5.908435344696045,30200,14.805560397762187,21.43941832774941,21.54164120422269,19.303779322164345,18.45493483661349,2.14,94.0,2.46,1.74
LCII,2003-10-14,5.831902964602492,6.000278472900391,5.831902964602492,6.000278472900391,100600,15.263000365804471,20.977385236435154,21.589039821450903,19.377699993225438,18.474536691230405,2.12,94.0,2.47,1.68
LCII,2003-10-15,6.030890697128395,6.061503887176514,6.0155835181951645,6.061503887176514,70000,15.371194474795152,20.898772319106833,21.62207376318609,19.407461992309358,18.377867121609924,2.1,98.0,2.26,1.64
LCII,2003-10-16,6.0370138180828405,6.211512178552687,6.0370138180828405,6.19926643371582,143600,16.326954702929914,21.327786935188573,21.77970048410134,19.46157382281098,18.456995199896586,2.07,100.0,2.24,1.54
LCII,2003-10-17,6.260492539908943,6.337026675683335,6.260492539908943,6.278860569000244,9200,16.44944132063181,21.448583596667433,21.813313796296583,19.407925737669135,18.437262199365705,2.05,100.0,2.38,1.51
LCII,2003-10-20,6.315598831378413,6.346212613154453,6.245187542030045,6.272739887237549,23400,15.939814949346056,21.45629986003497,21.79230235282398,19.404657670877377,18.419527423772724,2.02,99.0,2.43,1.54
LCII,2003-10-21,6.2360027281783745,6.272738792772472,6.229879856109619,6.229879856109619,3200,16.183417916422417,20.87400960662623,21.822253202724877,19.423595555000432,18.431609662649272,2.0,100.0,2.33,1.53
LCII,2003-10-22,6.229878034257566,6.275798393525946,6.217632293701172,6.217632293701172,19800,13.964078461081078,20.39791186156179,21.758012389205316,19.352299053345806,18.42959007823465,1.97,96.0,2.23,1.6
LCII,2003-10-23,6.217633019508611,6.27273769062686,6.214571584012139,6.232940196990967,14000,13.833237452239503,20.2292226463934,21.748825587156496,19.310061390764265,18.43006134382831,1.94,95.0,2.1,1.61
LCII,2003-10-24,6.199266097545872,6.2758002468982905,6.1962046615026685,6.242125034332275,162800,13.676719827912502,17.76856581260971,21.73969503405507,19.199299874979925,18.41141913246359,1.9,94.0,1.94,1.63
LCII,2003-10-27,6.444175433362363,7.3472786701294766,6.444175433362363,7.276867389678955,571600,45.31860738971336,35.79699871500796,32.25389340303468,25.964893487579737,23.849458528912677,2.25,100.0,12.38,28.29
LCII,2003-10-28,7.35339937397982,7.546265125274657,7.35339937397982,7.546265125274658,129400,45.94215038866633,36.27843356312819,32.60484305419899,26.24755026544917,24.102039827424527,2.55,100.0,14.99,26.67
LCII,2003-10-29,7.546266489866927,8.14017161145069,7.546266489866927,8.03608512878418,240200,48.283452786938966,38.043262259782814,33.91435150223709,27.194146603114827,24.84249783958095,2.88,100.0,16.5,22.58
LCII,2003-10-30,8.036085624653014,8.143233549763563,7.806483178234355,7.9564900398254395,80400,48.40634366798936,38.02655019218715,33.988374840704594,27.235783684693892,24.86588100694216,3.17,100.0,13.74,22.44
LCII,2003-10-31,7.9564882674264,7.959549702765785,7.607492813463731,7.66871976852417,139800,50.37313899496032,38.87490680317192,34.01769285434641,27.625730873907113,25.154624568702832,3.44,100.0,10.9,22.92
LCII,2003-11-03,7.699335097833027,7.699335097833027,7.622800950570453,7.653414726257324,52600,50.41133341304762,38.90100526726384,33.930787650552894,27.590659450593673,25.15701190200894,3.68,98.0,8.79,23.33
LCII,2003-11-04,7.653415223140637,7.653415223140637,7.576881070909231,7.619740009307861,16800,50.56854480502275,38.84405762926695,33.844123199883654,27.603318081611093,25.15317543802943,3.89,96.0,7.2,23.53
LCII,2003-11-05,7.650352816924928,7.699334621429443,7.604432448190591,7.699334621429443,80800,50.165799551047726,38.826605623890636,33.85151737914065,27.59717299946246,25.11005384654962,4.09,96.0,5.95,23.42
LCII,2003-11-06,7.6840278072952914,7.837096087982811,7.622800261456623,7.806482315063477,56600,50.11752555873726,38.85140796026257,33.707836951610986,27.356331504234543,25.131274726702163,4.27,94.0,4.97,23.63
LCII,2003-11-07,7.806483929073224,7.9105704281736084,7.806483929073224,7.904447555541992,90800,49.93423179466028,38.81803758132749,33.73500124504875,27.123355545230915,25.151307189563976,4.44,94.0,4.18,23.47
LCII,2003-11-10,7.867711685874172,7.9105706275571865,7.812606998619274,7.864650249481201,51400,50.05313039166877,38.87895592902762,33.76341979427975,27.137448815131304,25.12442805420291,4.6,94.0,3.5,23.43
LCII,2003-11-11,7.867711034955344,7.904447100813135,7.806483479980041,7.8248515129089355,24200,50.180809446836264,38.926421186141845,33.72626782871739,27.134052077939362,25.079838186365805,4.74,92.0,2.89,23.7
LCII,2003-11-12,7.8248515129089355,7.855465290396587,7.699335550727878,7.8248515129089355,28800,50.27221897844637,38.61969285238823,33.72923143725682,27.13613066408531,25.055958063794275,4.88,92.0,2.37,23.73
LCII,2003-11-13,7.855464244778413,7.916691791603895,7.824850471365672,7.837096214294434,240800,50.31649626167889,38.482850160828704,33.68274450163079,27.113675682843112,24.824765791438324,5.01,89.0,1.92,23.81
LCII,2003-11-14,7.837095054320883,7.837095054320883,7.705456256866454,7.705456256866455,51400,50.646691305290844,38.640273532155774,33.838886110375306,27.21288998700207,24.88441727825753,5.12,94.0,1.52,23.46
LCII,2003-11-17,7.628925130506854,7.638109439960371,7.552390970122118,7.622802257537842,31400,50.987897438884744,37.67301422813183,33.91315974920873,27.25281536928011,24.905215441942733,5.24,96.0,1.18,23.33
LCII,2003-11-18,7.592184993188218,7.628921630237639,7.469730509538544,7.500344276428223,31600,51.49951398217218,37.92164668708038,33.85944492438019,27.342944349812754,24.969231281069565,5.34,95.0,0.89,23.47
LCII,2003-11-19,7.530960276999127,7.631985328962746,7.530960276999127,7.6289238929748535,54400,51.46685593027157,37.99334108785789,33.70209333696145,27.395092370579565,25.014987184162894,5.44,86.0,0.61,24.02
LCII,2003-11-20,7.622801427932582,7.628924300235229,7.570758181178563,7.607494831085205,67600,51.57577966397914,38.0148527497499,33.360793976149814,27.402456806210797,25.015101536020133,5.54,84.0,0.36,25.37
LCII,2003-11-21,7.607494424968815,7.650353360980893,7.579942084986991,7.6289238929748535,227800,51.58436119331815,37.950512053592874,33.34939114586111,27.380147702422654,25.01132175985562,5.62,83.0,0.14,25.37
LCII,2003-11-24,7.65341476178269,8.37895873811974,7.65341476178269,8.31160831451416,112000,56.157482479690415,41.356237193073845,35.81803676655349,29.084948603961198,26.377374489766098,5.74,100.0,0.03,19.59
LCII,2003-11-25,8.265687263172072,8.323853374074144,8.161600784256432,8.167723655700684,236800,56.75715054281284,41.633699385127024,35.97046603380359,29.183773730039075,26.416868469530964,5.86,100.0,-0.13,19.37
LCII,2003-11-26,8.14323195885857,8.14323195885857,8.051390647888184,8.051390647888184,82600,57.20425903205489,41.82980197033452,36.080466060421806,29.225772445978727,26.464610355264124,5.97,100.0,-0.29,19.23
LCII,2003-11-28,8.075883258596688,8.311608580954307,8.075883258596688,8.247320175170898,57400,57.237097652046266,41.9680685128684,36.129800975635504,29.313253700457402,26.493559911996645,6.08,100.0,-0.42,18.88
LCII,2003-12-01,8.262626303272603,8.633051872253418,8.235073964095964,8.633051872253418,80000,58.18818455716433,42.68566724347953,36.632411835579326,29.742611717299855,26.85155267940507,6.19,100.0,-0.44,17.47
LCII,2003-12-02,8.602438501430251,8.724893023575786,8.394265521828231,8.657543182373047,107600,58.132719081636296,42.63130597167667,36.6186041993798,29.734268281753252,26.71055040373816,6.29,99.0,-0.48,17.47
LCII,2003-12-03,8.648355723483116,8.648355723483116,8.470796585083008,8.470796585083008,32200,58.684824749434696,43.04453500090399,36.84534584295483,29.879673282132618,26.818197761163766,6.39,100.0,-0.59,17.11
LCII,2003-12-04,8.501412686537456,8.516719281469287,8.20445984002294,8.415694236755371,199400,58.78202995956833,42.63733003397055,36.86820480677434,29.898478356852067,26.819141737334075,6.49,100.0,-0.7,17.08
LCII,2003-12-05,8.403449482612977,8.434062673952102,8.33303762436908,8.394265174865723,9600,58.856409517338,42.676083434194176,36.877144117833815,29.849289620616304,26.822403316485083,6.56,100.0,-0.8,17.12
LCII,2003-12-08,8.424878932742905,8.486105899204109,7.959551184873624,8.427940368652344,1144600,58.8293940749014,42.671278963591504,36.78204006481251,29.796806565920885,26.78949961479593,6.63,97.0,-0.9,17.23
LCII,2003-12-09,8.464678749201642,8.495292532768262,8.351408509087303,8.452433586120605,38400,40.16827748241094,42.56628221091544,36.75771576516655,29.795314392995202,26.682226660768706,6.68,96.0,-0.99,17.34
LCII,2003-12-10,8.452432124463787,8.476923030300066,8.326916159064202,8.40957260131836,21000,39.139208951727746,42.56667512469167,36.49856930650786,29.734370017851695,26.691958360192153,6.73,93.0,-1.07,17.79
LCII,2003-12-11,8.409572965648886,8.464677652145143,8.409572965648886,8.455493927001953,42400,34.88926972646081,42.51347091954995,36.46692063966818,29.731918096610567,26.69309472475688,6.78,92.0,-1.15,17.91
LCII,2003-12-12,8.464676980847244,8.464676980847244,8.388142829874106,8.449370384216309,38400,34.723620250600106,42.453529656015434,36.474448866416644,29.733161145464322,26.66918576894647,6.82,92.0,-1.22,17.93
LCII,2003-12-15,8.464676185849996,8.510596555339218,8.427940123822289,8.458553314208984,44000,32.71907392027574,42.467813133809976,36.474455460765604,29.69759075567277,26.66395622892399,6.85,92.0,-1.29,17.93
LCII,2003-12-16,8.461616380587326,8.461616380587326,8.418757438659668,8.418757438659668,29400,32.76653403436636,42.51054130683371,36.499219151724034,29.700469916396383,26.638310645489412,6.88,93.0,-1.35,17.91
LCII,2003-12-17,8.434064043177713,8.434064043177713,8.357529884586592,8.37283706665039,18000,32.78928862433537,42.55360897421029,36.26179884415393,29.712023611496097,26.624013885247756,6.91,88.0,-1.41,18.33
LCII,2003-12-18,8.382016958443666,8.394262698494087,8.326912879943848,8.326912879943848,83200,32.80743493715473,42.45863384937971,36.15896092838603,29.726433562114185,26.634182915350173,6.93,87.0,-1.47,18.74
LCII,2003-12-19,8.329974575090574,8.388140678405762,8.323852288354042,8.388140678405762,43600,32.66832894961281,42.449797835072175,36.0843318814492,29.730038127201176,26.618851420303297,6.95,85.0,-1.52,18.81
LCII,2003-12-22,8.40345031279123,8.40957260131836,8.394266004136655,8.40957260131836,5600,32.5286829484807,42.404256833319266,35.382669447157596,29.723677000931293,26.616608823179067,6.97,81.0,-1.56,20.74
LCII,2003-12-23,8.418757313522569,8.44937109326269,8.40345071560715,8.434063911437988,27800,32.45917383301339,42.389142745974304,35.310005233931626,29.70715768432574,26.616245379356858,6.98,80.0,-1.61,20.84
LCII,2003-12-24,8.449369308637861,8.479983081911925,8.449369308637861,8.464675903320312,12000,32.384586574666116,42.37491182670167,35.23438906796596,29.704733503391424,26.603613506217066,7.0,79.0,-1.64,20.95
LCII,2003-12-26,8.46773772764083,8.479983471076103,8.464676291782013,8.476922035217285,3400,32.37713325081776,42.36833152392952,35.15829409166445,29.70300332611009,26.602835449150774,7.01,78.0,-1.67,21.07
LCII,2003-12-29,8.476920700329497,8.510595321655273,8.464674958822602,8.510595321655273,21400,32.37749376431373,42.370850849607386,35.077007071649945,29.6005992559216,26.602569994573432,7.01,77.0,-1.7,21.19
LCII,2003-12-30,8.510597351076614,8.541211128234863,8.495290754452103,8.541211128234863,18400,31.834900961351497,42.260265803775596,34.99275923602877,29.58800737520784,26.60205610398106,7.01,76.0,-1.72,21.33
LCII,2003-12-31,8.55651626839704,8.58712945434609,8.449368365848075,8.510595321655273,43200,31.623304852089245,42.3119356148409,35.014513837921406,29.59901636729059,26.603058751881758,7.01,76.0,-1.74,21.31
LCII,2004-01-02,8.479984157827595,8.541211128234863,8.479984157827595,8.541211128234863,24200,31.058023157518726,42.31065813311628,34.933696916351806,29.59229796819728,26.593835047377194,7.01,74.0,-1.76,21.64
LCII,2004-01-05,8.541211128234863,8.556518308768606,8.510597351076614,8.541211128234863,33600,30.845643102966868,42.30307722851985,34.922897493407596,29.59412088099733,26.564135313306174,7.0,73.0,-1.77,21.65
LCII,2004-01-06,8.525905059116143,8.556518838168497,8.479984682492248,8.550395965576172,262600,30.794135837828012,42.317278275412754,34.92007437654927,29.530277473901524,26.563485620532756,6.99,72.0,-1.78,21.65
LCII,2004-01-07,8.510597474700452,8.525904655456543,8.440186194950153,8.525904655456543,112200,30.855443158400025,42.35709200732084,34.90823142236826,29.53715800720968,26.55063258903139,6.97,71.0,-1.79,21.67
LCII,2004-01-08,8.495290491397075,8.519781395583474,8.464676715186775,8.51365852355957,28400,18.656222262015614,42.34184854602043,34.916374118771444,29.54013652065925,26.55296267559087,6.95,71.0,-1.8,21.71
LCII,2004-01-09,8.495292765753609,8.571826934814453,8.489169892090493,8.571826934814453,24200,17.902528017418465,42.297496047596965,34.914372270564876,29.53254348362569,26.545607427370022,6.93,70.0,-1.8,21.67
LCII,2004-01-12,8.571824497596685,8.571824497596685,8.516719818115234,8.516719818115234,15000,17.431098886146092,42.363747322518286,34.71948069486837,29.550274522687197,26.559614680600816,6.9,68.0,-1.8,22.46
LCII,2004-01-13,8.519778376096209,8.547330706529761,8.440182819722505,8.470796585083008,52600,16.224150903121608,42.27658769333104,34.669238159108886,29.56802541712409,26.565206945376158,6.88,67.0,-1.79,22.57
LCII,2004-01-14,8.479985370768821,8.550396659567667,8.479985370768821,8.522844314575195,20800,9.301396287478484,42.24780959187301,34.609086936360754,29.476100580998203,26.56818499511281,6.85,66.0,-1.78,22.64
LCII,2004-01-15,8.525902498538894,8.525902498538894,8.464674958822602,8.510595321655273,20600,9.253518409578056,42.25075602170241,33.91752284433074,29.481697573040556,26.561060537344378,6.82,62.0,-1.77,24.32
LCII,2004-01-16,8.510597474700452,8.56264072145268,8.510597474700452,8.525904655456543,35000,6.731587073781699,42.18346130242342,33.9145409863991,29.461259676181957,26.554481072341833,6.79,61.0,-1.76,24.32
LCII,2004-01-20,8.54120975698063,8.663664262044858,8.54120975698063,8.596314430236816,142200,6.804896649701196,42.160897228713246,33.918178426155926,29.466558413744874,26.549671967047995,6.76,62.0,-1.74,24.26
LCII,2004-01-21,8.596314179851346,8.596314179851346,8.326914276556874,8.329975128173828,29200,11.530504569339053,42.830148224097194,34.387931939461645,29.746756798202846,26.74274115021892,6.73,65.0,-1.72,23.11
LCII,2004-01-22,8.326917394964978,8.37896065058011,8.326917394964978,8.35753059387207,57800,11.509767360559042,42.825656262864214,34.35302651037295,29.74415786483396,26.74221373329056,6.69,64.0,-1.7,23.15
LCII,2004-01-23,8.357527191118525,8.587129592895508,8.342220597897034,8.587129592895508,85800,13.965946551890818,30.02855330938068,34.54405983207235,29.84043160734918,26.858833243998586,6.65,65.0,-1.67,22.43
LCII,2004-01-26,8.587131025593047,8.847347241137212,8.581008737628455,8.835102081298828,73000,16.02785446725433,29.6934357749831,34.74601777884812,29.966321909882232,26.9467793592825,6.62,68.0,-1.64,21.66
LCII,2004-01-27,8.847347688777317,8.847347688777317,8.629990981443125,8.70040225982666,84000,16.718909761519825,27.13045569608774,34.88250226800479,30.02783573971324,26.995571450672678,6.58,68.0,-1.6,21.39
LCII,2004-01-28,8.663665347463484,8.694279123542243,8.565701731138827,8.581008911132812,57200,17.255049706238566,27.21049178815195,34.99906687275302,30.079801924896348,27.043149491308732,6.53,75.0,-1.57,21.17
LCII,2004-01-29,8.556515587517051,8.617742538452148,8.547331282117716,8.617742538452148,26600,17.288873608071082,26.030789571506702,34.98780377300862,30.075469202798715,27.043504022734137,6.48,73.0,-1.53,21.16
LCII,2004-01-30,8.633054055310613,8.660606401454467,8.342223994418525,8.35753059387207,49800,19.48106603976557,26.865572238851826,35.352417207086425,30.34052268743824,27.180747546012658,6.44,80.0,-1.48,20.56
LCII,2004-02-02,8.40344904980261,8.541210155461028,8.40344904980261,8.52896499633789,30800,20.295441840068758,27.111005167377055,35.44283350098634,30.406615558166994,27.19512078226257,6.39,81.0,-1.42,20.25
LCII,2004-02-03,8.528967986991379,8.571826934814453,8.52590655015982,8.571826934814453,30400,20.248818306426188,27.06123136301945,35.140927463673236,30.38598603635399,27.192682102191785,6.34,75.0,-1.37,20.83
LCII,2004-02-04,8.541210294201518,8.556517473240541,8.47998332977295,8.47998332977295,31400,20.43343231126598,27.063564334451474,35.20934194104449,30.43041656195645,27.21956668263411,6.28,76.0,-1.31,20.78
LCII,2004-02-05,8.479984303504146,8.522843241916425,8.434063345023283,8.446309089660645,14600,20.460291135587973,26.9854644231006,35.21635297635882,30.441864074036477,27.18366951302345,6.23,76.0,-1.24,20.87
LCII,2004-02-06,8.418756031947922,8.678972244262695,8.418756031947922,8.678972244262695,37600,21.90285383669577,27.475169966655173,35.350691395597465,30.572084816825367,27.27299791038309,6.17,78.0,-1.17,20.28
LCII,2004-02-09,8.724891241938677,8.939187049865723,8.724891241938677,8.939187049865723,59200,23.413361053839072,28.02413060009364,35.506285947671486,30.701587495186477,27.3463486594218,6.11,81.0,-1.09,19.82
LCII,2004-02-10,8.939188264802185,9.291245210894468,8.93612682896896,9.23001766204834,61800,24.994202719146337,28.67638220060522,35.747348193764715,30.88378417662929,27.275899255457563,6.05,81.0,-1.0,19.01
LCII,2004-02-11,9.26063227864787,10.16373549475739,9.26063227864787,9.811677932739258,143400,30.170196590867626,31.068002686720618,36.79571471542092,31.600918195485132,27.87631540618369,5.99,97.0,-0.87,16.57
LCII,2004-02-12,10.001483935948825,10.03822117529617,9.811679537262165,9.909643173217773,127200,30.205171580194705,30.790720420430873,36.802123136847726,31.60224274697824,27.884861046621605,5.93,97.0,-0.74,16.53
LCII,2004-02-13,9.84841115270368,10.071891836916961,9.84841115270368,10.06270694732666,36200,30.23779075217764,30.71314373723979,36.82318551750913,31.62466996480649,27.91036957260941,5.86,97.0,-0.6,16.4
LCII,2004-02-17,10.025972317929496,10.653552030984324,10.025972317929496,10.595386505126953,62600,33.03281871811427,31.869635196126943,37.51444177303199,32.1198103420162,28.319122278142554,5.79,100.0,-0.37,14.96
LCII,2004-02-18,10.59538686022066,10.990303315262937,10.59538686022066,10.892339706420898,95000,33.478882450416236,32.103747243817715,37.55703650061003,32.22124481708844,28.39288237073224,5.72,100.0,-0.11,14.67
LCII,2004-02-19,10.944384879783565,11.893407996637356,10.944384879783565,11.35766887664795,215000,34.79340885320459,32.87863922271462,37.96551662857481,32.525831403598346,28.650938918332976,5.65,100.0,0.26,13.78
LCII,2004-02-20,11.434201424590217,11.434201424590217,10.791315038368008,11.042346954345703,79400,36.311035535156364,33.63797377039191,38.335809060532426,32.75344865563823,28.813634252586823,5.58,100.0,0.4,13.3
LCII,2004-02-23,10.974997441165494,11.036224999182718,10.43925835219722,10.531100273132324,82000,39.703120184945675,31.164405359863956,39.273116452077794,33.24191989572574,29.079977455199813,5.51,100.0,0.43,12.23
LCII,2004-02-24,10.534162429074536,10.785194396972656,10.34741887953159,10.785194396972656,41600,39.998483853644125,31.102098138460182,39.36169220111858,33.28405209019786,28.976927539049473,5.44,100.0,0.46,12.0
LCII,2004-02-25,10.7851910347741,11.54134872332221,10.74539295437201,11.351544380187988,93400,41.684199335233366,32.2713228241093,39.985890658155974,33.739308821141286,29.368027350993746,5.36,100.0,0.57,11.03
LCII,2004-02-26,11.388282877487134,11.614823329866354,10.929077932167642,11.011734962463379,181000,43.07061380751875,32.874194766324756,40.41949610053557,33.98745045668239,29.548324685434736,5.28,100.0,0.59,10.62
LCII,2004-02-27,11.014793110812626,11.235211804155515,11.0117322591021,11.146431922912598,75600,43.07422393472762,31.792955686958237,40.35760222735963,33.67896769424495,29.561218497642017,5.19,99.0,0.59,10.62
LCII,2004-03-01,11.26889313844679,11.924025535583496,11.26889313844679,11.924025535583496,106400,46.14717105440208,34.32510030087876,41.493426473394365,34.46005913395521,30.22887577419156,5.12,100.0,0.74,9.28
LCII,2004-03-02,12.031167985195703,12.450574794585686,11.917897771702906,11.939327239990234,112800,46.15656628898657,33.86841705749435,41.49932380886511,34.39527332019034,30.22756286369173,5.03,100.0,0.81,9.27
LCII,2004-03-03,12.015860052498484,12.276075662941194,11.875037514325214,11.893404960632324,142200,46.357088660457585,33.83155095859861,41.515958200087574,34.40015973711522,30.230401812919123,4.93,100.0,0.81,9.27
LCII,2004-03-04,11.816874564997702,12.025047586450272,11.679114002764138,12.018924713134766,83000,44.5919441316914,33.80025332043151,41.51796425553743,34.30028580872865,30.23565618717549,4.82,100.0,0.8,9.24
LCII,2004-03-05,12.015860167416658,12.061781119260226,11.78625774383545,11.78625774383545,62800,45.472183725058855,34.201385842917134,41.73265100765943,34.41619358070422,30.324463472815804,4.71,100.0,0.72,9.08
LCII,2004-03-08,11.740338502993925,11.99443244934082,11.709725309182282,11.99443244934082,81800,45.269971562751685,34.28325764394909,41.74334177936546,34.45055980471779,30.355002143607813,4.58,100.0,0.65,9.07
LCII,2004-03-09,12.015860967274154,12.196481599227445,12.015860967274154,12.178112983703613,50400,44.99108120776418,34.2593675202435,41.74220186300799,34.442934739640016,30.358760643534527,4.44,99.0,0.59,9.07
LCII,2004-03-10,12.153622894115149,12.257709381749486,11.593392372131348,11.593392372131348,89400,47.68302590178216,36.09061455377217,42.68383084609584,35.021782474803466,30.817679325506635,4.31,100.0,0.46,8.41
LCII,2004-03-11,11.379095205374874,11.44950764080754,11.066836946500045,11.112756729125977,67400,49.577691539499305,37.370474176352594,43.30147016767675,35.423372851929,31.156381823649603,4.18,100.0,0.34,8.06
LCII,2004-03-12,11.03622484011445,11.250520706176758,10.837236739199714,11.250520706176758,76600,49.571257450637376,37.39669952103545,43.2997483735956,35.43675349586618,31.150095657054912,4.03,99.0,0.22,8.06
LCII,2004-03-15,11.296438501848321,11.296438501848321,10.485176224639451,10.561710357666016,89200,52.627358868187976,39.866791366762286,44.65347625316098,36.31629625607322,31.841442304736105,3.9,100.0,0.14,7.3
LCII,2004-03-16,10.485176879267845,10.635184303205437,10.108629061406052,10.475993156433105,112400,52.68606076140359,39.89711306836985,44.662839004973634,36.238681424104044,31.861109737282874,3.75,100.0,0.06,7.29
LCII,2004-03-17,10.537218526608155,11.085203181260397,10.537218526608155,11.051527976989746,73000,54.38431215934641,41.126202700679904,45.2992913958603,36.60453966051055,32.25051908179222,3.58,100.0,-0.07,6.68
LCII,2004-03-18,10.990303115077694,11.08214385071696,10.821927070617676,10.821927070617676,48400,54.777858935152224,41.45769832802927,45.49526177777756,36.55003977450044,32.340229804782254,3.4,100.0,-0.2,6.58
LCII,2004-03-19,11.020915151690717,11.04234461550466,10.806619345733093,11.005608558654785,61000,54.710149833726504,41.53597871259305,45.52582086717456,36.576524463508015,32.366186583125,3.2,100.0,-0.36,6.52
LCII,2004-03-22,10.959688764877377,10.959688764877377,10.674981666743808,10.6964111328125,18000,55.4615479963738,42.08192061073111,39.22411115992841,36.756597756982714,32.4848767622226,3.18,80.0,-0.46,1.4
LCII,2004-03-23,10.696411483691996,10.751516160481494,10.668859145297247,10.68416690826416,10000,55.08802213632631,42.09489847928564,38.88344101101835,36.757575163719586,32.45354014902755,3.16,79.0,-0.55,1.55
LCII,2004-03-24,10.68416819145846,10.68416819145846,10.515792121146871,10.518854141235352,14600,54.85766574316319,42.281431843390706,37.812195008763524,36.825732860026186,32.50695711621034,3.15,76.0,-0.63,1.77
LCII,2004-03-25,10.561709661250868,10.714777917211025,10.460684051764469,10.463746070861816,57800,52.19886691237136,42.32018867730392,37.77952205801363,36.786790583100796,32.46771498257812,3.14,75.0,-0.7,1.78
LCII,2004-03-26,10.463748249250502,10.583141326904297,10.365784638466959,10.583141326904297,63400,52.21875961785556,42.35117316196665,37.26546939212337,36.743895037282535,32.475687525747624,3.12,72.0,-0.77,1.92
LCII,2004-03-29,10.684165994271261,10.981117651768878,10.684165994271261,10.834172248840332,93600,52.448612977973376,42.51792123064638,37.3933961658668,36.81311687842848,32.5368936823703,3.11,72.0,-0.85,1.83
LCII,2004-03-30,10.760700928854488,11.226027488708496,10.68110476648222,11.226027488708496,36400,51.33677911292842,43.00509083472167,37.715132039420524,37.002272903608734,32.67149096760886,3.1,74.0,-0.93,1.67
LCII,2004-03-31,11.250520660477607,11.357668009164273,10.687229239199457,10.739273071289062,110200,52.43015764019556,44.14991647358727,38.46727381252236,37.431214689894176,33.01177033291502,3.09,78.0,-0.99,1.51
LCII,2004-04-01,10.800497923464917,11.186230659484863,10.800497923464917,11.186230659484863,54800,52.356874776120634,44.78969156342593,38.89011241462502,37.68504524840575,33.21971582223044,3.07,79.0,-1.07,1.35
LCII,2004-04-02,11.25051811431026,11.780134201049805,11.25051811431026,11.780134201049805,107000,53.7908248364423,45.79362360466383,39.61083735505588,38.05822021848149,33.56606433191549,3.07,82.0,-1.13,1.16
LCII,2004-04-05,11.826058019038364,11.84748748912423,11.293379783630371,11.293379783630371,53400,53.39364624543751,46.803871445986395,40.260285174114294,38.43759522157251,33.87759336402769,3.06,83.0,-1.2,1.03
LCII,2004-04-06,11.32705564333818,11.32705564333818,10.996427512655382,11.030102729797363,115000,53.50256650494458,47.15885933070968,40.46878076980855,38.426276327759055,33.98167923643033,3.06,85.0,-1.25,0.97
LCII,2004-04-07,11.030105649777365,11.14031505584717,10.867853561851769,11.140315055847168,86400,51.419268057919496,47.12035203570484,40.478086655976895,38.414955341994805,33.977301531498405,3.06,85.0,-1.3,0.96
LCII,2004-04-08,11.140309580381784,11.155616175297414,10.867848220301223,10.892339706420898,74800,51.072367208802035,47.40309728521371,40.687763042792795,38.54064257576816,34.07434494756389,3.06,85.0,-1.34,0.91
LCII,2004-04-12,10.944381018692866,11.020915151690717,10.828048809547036,11.005608558654785,51000,51.03643904184329,47.41833987131674,40.572797552704,38.547447839798224,34.08017283319164,3.05,84.0,-1.38,0.93
LCII,2004-04-13,11.02091700261682,11.02091700261682,10.619877657940311,10.702534675598145,41800,47.37027797383637,47.86290107197456,40.81759204599002,38.72830819185983,34.159880117929006,3.05,85.0,-1.42,0.87
LCII,2004-04-14,10.65355230680673,10.745393043418673,10.622939117208858,10.7147798538208,44800,47.369049862590956,47.864268344094185,40.698415271052326,38.59392325066005,34.15288041470298,3.05,84.0,-1.45,0.9
LCII,2004-04-15,10.714778358637199,10.714778358637199,10.561710096370954,10.659673690795898,14000,47.371143400542685,47.89008832873642,40.664247990169116,38.534810823234835,34.16310890176991,3.04,82.0,-1.48,0.93
LCII,2004-04-16,10.714782089797934,10.714782089797934,10.577020372222533,10.641308784484863,28800,47.186002206593315,47.34487588785522,40.660418859154426,38.50151925744304,34.162740656821036,3.02,81.0,-1.51,0.93
LCII,2004-04-19,10.580079389208734,10.785190313294061,10.405581652419707,10.757637977600098,40600,47.14189852425133,47.36497046018505,40.67780372016557,38.14326784339684,34.17063057268271,3.0,82.0,-1.55,0.92
LCII,2004-04-20,10.757639602112535,11.0178564046994,10.693351198391165,10.763762474060059,35800,46.754220509098765,47.12873829995094,38.48069850944068,38.10886578339156,34.131801935068985,3.0,66.0,-1.57,0.55
LCII,2004-04-21,10.824990839114516,10.944383931516462,10.776009027672217,10.812745094299316,52800,46.48295568499842,46.84732742004475,38.3471936180366,38.07217858680561,34.13045629084087,2.99,64.0,-1.59,0.59
LCII,2004-04-22,10.824988244510696,10.898460360154616,10.812742502630634,10.84029483795166,58200,44.48294383392504,46.68499606255431,38.24851557462607,38.034426932840454,34.129023843665074,2.99,62.0,-1.6,0.62
LCII,2004-04-23,10.867846645570811,11.382156101378207,10.821925699659444,11.35460376739502,50200,44.959692644397656,47.34648195235793,38.72235861863403,38.32930290981351,34.39241204460663,2.99,66.0,-1.62,0.54
LCII,2004-04-26,11.679110621379602,12.138315476723728,11.327053098488436,12.040351867675781,248200,47.906179850002715,48.62097778665262,39.1359153140545,38.83004646942669,34.82751389176678,2.99,68.0,-1.62,0.56
LCII,2004-04-27,12.1628083283349,12.165870348653218,11.94545159847756,12.05259895324707,92200,43.71573127238816,48.042639677688584,39.13756061126645,38.83157405593663,34.82849792599724,2.99,68.0,-1.62,0.56
LCII,2004-04-28,12.123010416763888,12.352612895625466,11.816873778281783,11.81993579864502,95800,44.12048568710147,48.232060285792485,39.101474524618425,38.892960830700176,34.84739358946245,2.99,66.0,-1.63,0.57
LCII,2004-04-29,11.881161828845265,11.924020765858788,11.33929990842047,11.369913101196289,67600,43.23025984431096,49.077591046548505,39.640967323001504,39.21511899516767,35.106270341796844,2.99,72.0,-1.63,0.47
LCII,2004-04-30,11.418895971499643,11.507675873745757,11.372976178068537,11.388282775878906,64800,42.72681364443678,48.976256881450645,39.63161566749547,39.213331547880955,35.09374352270998,2.99,71.0,-1.64,0.47
LCII,2004-05-03,11.388282199017363,11.388282199017363,10.837236531026852,11.063776969909668,75200,43.37097902066472,49.43395289410123,39.95453272755348,39.39166786637567,35.24391346447228,3.0,72.0,-1.63,0.39
LCII,2004-05-04,11.063777275679477,11.409711983760513,10.99030514075339,11.360730171203613,72200,43.139313315588424,49.42068652327937,40.13226109805845,39.48152624530631,35.31341226315165,3.0,73.0,-1.63,0.33
LCII,2004-05-05,11.403585175783729,11.694415098394186,11.403585175783729,11.501548767089844,76600,43.230181899642865,49.173189204881126,40.13859130138538,39.492137251943035,35.32231811273998,3.0,73.0,-1.62,0.33
LCII,2004-05-06,11.470938841872073,11.538288100144031,11.250520114898682,11.480122566223145,56200,42.91400448296498,48.84372949681299,40.144636198939615,39.38238647887383,35.30521568287283,3.01,73.0,-1.61,0.33
LCII,2004-05-07,11.449508745715596,11.480121937087137,10.80662121654768,10.913769721984863,81000,45.59213499740697,48.59349429347584,41.03486932623454,39.86652260294225,35.70505704239027,3.01,85.0,-1.59,0.24
LCII,2004-05-10,10.990303753812286,11.348482993967579,10.990303753812286,11.204598426818848,116800,46.07887181926621,48.82604028105173,41.20666104435216,39.92861490323725,35.766348877222484,3.03,85.0,-1.57,0.19
LCII,2004-05-11,11.265827419651032,11.34236157490385,11.253581674534132,11.327054977416992,31800,45.710743044983474,48.78277621887173,41.20846693881696,39.606820940289886,35.763966452519554,3.03,85.0,-1.55,0.19
LCII,2004-05-12,11.281131328348875,11.281131328348875,11.05152891731476,11.085204124450684,93000,45.00585189849027,47.90123164477085,41.371506541058935,39.72053008087038,35.848713029136825,3.04,85.0,-1.52,0.15
LCII,2004-05-13,11.08520522146177,11.173985109457153,11.08520522146177,11.128064155578613,50200,43.04501279883537,47.57791990866148,41.350348156619674,39.72003315229219,35.847741188584656,3.05,84.0,-1.49,0.15
LCII,2004-05-14,11.143373116718067,11.216845249440308,11.08214556090387,11.189292907714844,46800,41.408570004878456,46.80133217865697,41.3463676516913,39.717745472430764,35.84682093784774,3.06,83.0,-1.45,0.16
LCII,2004-05-17,11.189294751092525,11.189294751092525,10.89846468892623,10.929079055786133,61000,38.909529428539166,46.69300829432962,41.558424974327735,39.83492871595746,35.93446682887951,3.06,89.0,-1.4,0.11
LCII,2004-05-18,10.929074946364011,11.189290543827196,10.901522610459347,11.094388961791992,76600,37.33864836993887,45.73864130064912,41.60495225690187,39.85637844568871,35.95300850979071,3.06,89.0,-1.36,0.09
LCII,2004-05-19,11.155616172981988,11.20459797739284,11.082144050274877,11.109696388244629,58600,36.69815481472678,45.48773008215583,41.60526735660514,39.85481888971748,35.9532632650302,3.05,89.0,-1.3,0.09
LCII,2004-05-20,11.097449308192418,11.12806249432912,10.892338391876491,10.938258171081543,128200,36.85594256022777,44.35350231886945,41.705884580779085,39.91784428818552,36.00149975512377,3.05,89.0,-1.25,0.07
LCII,2004-05-21,10.938257869246298,10.987239666404312,10.766820995284172,10.852540016174316,54800,36.3405732099488,43.94601790454843,41.73794615314532,39.93995355386021,36.00217346908464,3.04,90.0,-1.18,0.06
LCII,2004-05-24,10.83723478202556,11.103573264470374,10.83723478202556,11.048468589782715,57800,36.594426102631566,44.0307691106946,41.80974980999849,39.970570792638,36.030409564624115,3.03,92.0,-1.11,0.04
LCII,2004-05-25,11.051531159223167,11.3668526617924,11.04847030696182,11.256643295288086,46200,35.97685766490446,41.91716669176499,41.875455965177466,39.97022250201553,36.04738150568893,3.02,92.0,-1.04,0.02
LCII,2004-05-26,11.210722382929665,11.235213872395528,11.082145566689372,11.097452163696289,23800,36.27205791970794,42.00236279219677,41.96245084608587,40.025031442662375,36.08495477950301,3.01,92.0,-0.95,-0.01
LCII,2004-05-27,11.143374483847621,11.602579457064111,11.143374483847621,11.587271690368652,41200,38.195024180713425,42.971690921792515,42.45116664615575,40.151800517581336,36.30051031144024,3.01,92.0,-0.87,-0.09
LCII,2004-05-28,11.617878317938327,11.67910584048411,11.37296939557305,11.403582572937012,41600,38.562838646466616,43.02653822375018,42.55756154628385,40.2148275279902,36.349016326719166,3.0,92.0,-0.77,-0.12
LCII,2004-06-01,11.480119304480263,11.587266617528162,11.406646027091615,11.501548767089844,82000,38.52392037380332,42.89087664508885,42.556920867166916,40.21003115094282,36.338641453328464,2.99,91.0,-0.67,-0.12
LCII,2004-06-02,11.633189461447975,11.862791885029186,11.627066590014278,11.78625774383545,332000,39.05276437818928,43.03812684693183,42.68656047129892,40.25659385064924,36.399352096466814,2.98,93.0,-0.56,-0.15
LCII,2004-06-03,11.93932804420668,11.969941238731087,11.40358896529997,11.409711837768555,121600,40.37855499581751,43.412427039789065,43.05704673021224,40.452227518085024,36.573971087358196,2.97,93.0,-0.44,-0.21
LCII,2004-06-04,11.483180832752144,11.740335567045182,11.483180832752144,11.633188247680664,71400,40.70000877339948,42.430102185380306,43.110260526707144,40.483530998133475,36.555684494496276,2.95,93.0,-0.31,-0.23
LCII,2004-06-07,11.786257329844672,12.719973586047931,11.786257329844672,12.3097505569458,539600,41.749356203266885,43.04402288531939,43.91223119400123,40.937911693253604,36.91863667882362,2.95,95.0,-0.18,-0.29
LCII,2004-06-08,12.416900598171468,12.934271018496704,12.413838578271614,12.759773254394531,469400,39.56473102877169,43.56074594327871,44.20693700952135,41.10788291025645,37.0544586163859,2.94,95.0,-0.03,-0.34
LCII,2004-06-09,12.83630867792773,12.857738148082387,12.576093015867764,12.628135681152344,159800,39.72500100048241,41.47520887062175,44.25779848876717,41.142217755331664,37.08036430062754,2.92,95.0,0.1,-0.36
LCII,2004-06-10,12.674056949244306,12.719976743053591,12.245465200112928,12.438331604003906,141200,39.54437897991185,41.580013591760306,44.360331006745604,41.1916645028793,36.909583501626884,2.9,95.0,0.23,-0.38
LCII,2004-06-14,12.505676002071464,12.505676002071464,11.480119157771151,11.617880821228027,430000,42.93754895460554,42.71786104937732,45.80235991493729,42.03478246074764,37.55952148445186,2.9,100.0,0.41,-0.31
LCII,2004-06-15,11.633191103886759,11.822995473855736,11.403588647888993,11.725031852722168,175800,43.007199400296976,42.50640671175318,45.47672766447955,42.03870252837291,37.5272238342573,2.9,97.0,0.58,-0.25
LCII,2004-06-16,11.755651229161694,11.774018686073225,11.495434300664863,11.608704566955566,85600,42.20666417281323,42.44395088568763,45.5263770946466,42.06126190247156,37.546033095075046,2.89,99.0,0.75,-0.26
LCII,2004-06-17,11.639313086865073,12.055659028780417,11.571962664549828,12.028106689453125,91800,42.7452360371805,42.57733412077565,45.65737844220021,42.22321358970548,37.62397980774286,2.89,99.0,0.95,-0.28
LCII,2004-06-18,12.058721372511515,12.058721372511515,11.605639311384026,11.654621124267578,134600,43.69623336567493,43.12413941303887,45.8112687428258,42.432332400419156,37.783634397309534,2.89,100.0,1.2,-0.3
LCII,2004-06-21,11.633191103886759,11.78319855564543,11.538288334993029,11.725031852722168,61000,43.7198685363368,42.98658780692763,45.72150128798439,42.41989214471748,37.78472095264369,2.88,98.0,1.47,-0.28
LCII,2004-06-22,11.786262769052872,11.786262769052872,11.449512871350315,11.75564956665039,98200,40.9255436495442,42.96160901264101,45.64214240618432,42.41988948519672,37.759537197153435,2.87,96.0,1.75,-0.26
LCII,2004-06-23,11.740338305968343,11.832180221498964,11.679111919372554,11.77401351928711,66400,40.2974878727185,42.916889691529,45.64247193766731,42.39490374524348,37.75895344247458,2.86,96.0,2.06,-0.26
LCII,2004-06-24,11.804625934964125,12.09239387512207,11.804625934964125,12.09239387512207,115200,40.868309822379736,42.99179414171896,45.4695646168876,42.47945831112139,37.817518490388274,2.85,90.0,2.22,-0.23
LCII,2004-06-25,12.11382741536235,12.168932107008258,11.939329614423196,12.061784744262695,98400,40.274469941057404,42.42138343011159,45.40168056349875,42.486635992384635,37.82165373103929,2.83,89.0,2.42,-0.22
LCII,2004-06-28,12.214849241954596,12.732219609245725,12.214849241954596,12.554659843444824,277600,41.69681001900708,42.0768639081823,45.771249248699824,42.69433515175528,38.00160210990347,2.81,98.0,2.49,-0.28
LCII,2004-06-29,12.573028135473512,12.704666946659541,12.478125383650152,12.53629207611084,180400,41.7242289560335,41.32383853624659,45.71955307054659,42.699661046708,37.9354222774905,2.79,96.0,2.31,-0.27
LCII,2004-06-30,12.56690705387637,12.58221365013904,12.398532159350118,12.459759712219238,100800,41.033124311584125,40.024531974163935,45.73023813874371,42.71737611766818,37.86696366584838,2.76,97.0,1.72,-0.27
LCII,2004-07-01,12.496492260635193,12.612824461571913,12.260767007497837,12.352607727050781,80600,41.072539598712225,39.05908614706314,45.61928440312199,42.722582719408095,37.76269543933326,2.73,91.0,1.02,-0.25
LCII,2004-07-02,12.413839334550923,12.517925828937127,12.337305181849846,12.505680084228516,58600,41.14384046647341,38.7662805174874,45.45091356338932,42.71255988941501,37.76974902862714,2.7,85.0,0.28,-0.22
LCII,2004-07-06,12.50874100782329,12.704668234712491,12.404654522561103,12.462820053100586,141000,40.79323848607558,38.74750858869526,45.229776862486695,42.71561660794623,37.764714813271475,2.67,82.0,-0.34,-0.17
LCII,2004-07-07,12.413839176558131,12.496496200561523,12.334244172602165,12.496496200561523,61600,40.63289736525285,38.41299590443476,44.25961977999195,42.65929423494683,37.762174442202806,2.64,78.0,-0.51,-0.12
LCII,2004-07-08,12.496494341903599,12.496494341903599,11.657680817714244,11.709723472595215,149000,45.14991459109913,40.771355993798856,45.517495065963764,43.41789558194718,38.37060232870482,2.62,88.0,-0.62,-0.13
LCII,2004-07-09,11.709721219078114,11.936262744738142,11.709721219078114,11.91483211517334,55400,45.1095474061721,40.45266189145277,45.534196288096645,43.445724383150285,38.363907030315204,2.6,90.0,-0.72,-0.13
LCII,2004-07-12,11.905654589842191,11.908716610438473,11.65462262060663,11.67605209350586,46000,45.32909536516868,40.70390792813457,44.95476940540723,43.51974645534906,38.39881650102433,2.59,79.0,-0.71,-0.09
LCII,2004-07-13,11.633188757870478,11.633188757870478,11.020915665350978,11.50461196899414,222800,43.80600679086189,40.81826150193511,44.818438697142746,43.56881233189942,38.436241894176696,2.57,78.0,-0.7,-0.06
LCII,2004-07-14,11.397465559720098,11.676049821008194,11.397465559720098,11.538288116455078,57800,43.55764728669119,40.8148050014449,44.32901407754513,43.56870305109087,38.434738001427746,2.55,74.0,-0.71,0.02
LCII,2004-07-15,11.513796440436176,11.64543525731396,11.513796440436176,11.55971622467041,29200,43.491781077950534,40.76674324191166,44.096485632969284,43.56848550126875,38.43078398719009,2.53,70.0,-0.71,0.07
LCII,2004-07-16,11.578085471250679,11.614821534207621,11.425017179808636,11.449508666992188,26800,42.95568918407262,40.826446775549044,43.45558857833955,39.7736148415725,38.44722283854592,2.52,68.0,-0.68,0.16
LCII,2004-07-19,11.418896775409985,11.418896775409985,11.05153256300528,11.076024055480957,81000,43.000409735388025,41.41495460810051,43.62929110975769,39.791593017312,38.5849110332966,2.51,68.0,-0.66,0.13
LCII,2004-07-20,11.045409192723923,11.320931434631348,10.555589927413287,11.320931434631348,255200,43.10814941106936,41.64641777048336,43.002264355398964,39.20146852667352,38.620000890072454,2.5,62.0,-0.66,0.19
LCII,2004-07-21,11.336238155349596,11.44950954048754,11.302562941812287,11.305624961853027,80600,39.52160278756737,40.546981617908386,42.72650781583131,39.178043625791446,38.523845026235556,2.49,61.0,-0.65,0.26
LCII,2004-07-22,11.259700905373634,11.296438128842428,10.950503531995944,11.051527976989746,63200,38.15711293262877,38.91067696627847,42.83810221285301,39.01663759871527,38.59278148806198,2.49,61.0,-0.65,0.23
LCII,2004-07-23,11.076020672702503,11.091327266915627,10.944381860396746,10.9872407913208,48800,38.12211046551159,38.917619849296905,41.45511868880609,39.02485256161928,38.60121407493355,2.49,40.0,-0.62,0.2
LCII,2004-07-26,10.987238757431355,11.03928256950388,10.959686425820738,11.03622055053711,45000,38.07586117866092,38.754915676077815,41.462246823254155,39.01841572206756,38.6013014227336,2.49,41.0,-0.58,0.2
LCII,2004-07-27,11.051530965764671,11.063776710232673,10.94438362121582,10.94438362121582,61400,32.89862015712684,37.98531848734322,41.476883109958784,39.02509979269974,38.61693102746811,2.49,42.0,-0.54,0.19
LCII,2004-07-28,10.9443828073878,10.9443828073878,10.714780370869175,10.895401000976562,71400,32.73338736682559,37.99045609051351,41.4408853918539,39.00683930649466,38.53344716665947,2.49,40.0,-0.49,0.2
LCII,2004-07-29,11.173981819798756,11.480118308012422,11.128060879439497,11.477057456970215,127000,36.2368589641779,39.0326832347519,42.17517549031867,39.43654170542686,38.79166738264395,2.49,54.0,-0.46,0.15
LCII,2004-07-30,11.63012770581694,12.067901885031096,11.63012770581694,11.68523120880127,107000,35.0668968285458,38.83015840752325,42.18025437490241,39.47210000311884,38.79646802352227,2.49,54.0,-0.41,0.15
LCII,2004-08-02,11.700539095255682,12.055657439882628,11.666863888536346,12.046472549438477,101600,34.97187204660886,39.241955324108325,42.39143378379008,39.60348162378642,38.62799381641452,2.49,54.0,-0.39,0.11
LCII,2004-08-03,12.04647849293041,12.064847115063188,11.746464671674595,11.75564956665039,68800,35.70606222012944,39.57796850738396,41.84002272707942,39.72966281042524,38.70140577706121,2.49,50.0,-0.41,0.16
LCII,2004-08-04,11.740339027673551,12.119948954122657,11.627068804126202,12.10770320892334,89400,36.7081998187825,38.56178579096331,41.53665364269485,39.86012512707121,38.76947999620496,2.49,44.0,-0.5,0.21
LCII,2004-08-05,12.092397942813237,12.153625507732986,12.037293251167329,12.061784744262695,73600,36.733743764639584,38.2346800491599,41.5022249145921,39.80057141144482,38.75099747569983,2.48,44.0,-0.57,0.22
LCII,2004-08-06,11.95463338235774,11.95463338235774,11.348483085632324,11.348483085632324,64800,40.00518255173235,40.24205095866881,41.41661900956288,40.473215805791654,39.25146851752558,2.47,40.0,-0.54,0.2
LCII,2004-08-09,11.302564760368664,11.302564760368664,11.03622619707615,11.137251853942871,57600,40.29625315794618,40.18197736408274,41.508939842709026,40.490979235314754,39.28671376562776,2.46,46.0,-0.52,0.17
LCII,2004-08-10,11.167861239505095,11.22908878326416,11.097449972918561,11.22908878326416,48400,38.37477562634089,40.2093667188679,40.6544992259871,40.459096894747184,39.290482417763684,2.44,28.0,-0.51,0.25
LCII,2004-08-11,11.189291679491017,11.189291679491017,10.974995841573355,10.978057861328125,42000,38.75425777850405,40.461584295422696,40.67668818997027,40.56094030888637,39.33802538538645,2.42,31.0,-0.5,0.24
LCII,2004-08-12,10.959690692082043,10.959690692082043,10.500485765029847,10.580081939697266,114800,39.883379387183545,40.88076601937707,41.00909305058804,40.821932901827665,39.532945864027994,2.4,36.0,-0.52,0.17
LCII,2004-08-13,10.592328405059687,10.80662430944803,10.592328405059687,10.730090141296387,46200,40.26724238214893,40.866039269040705,40.822955149358165,39.61150021601465,39.54910672487099,2.38,35.0,-0.52,0.22
LCII,2004-08-16,10.730086364058678,10.769884444476935,10.46987075107248,10.537220001220703,117600,40.116450380389146,41.022006797455575,40.92442271521299,39.61611244873554,39.596278208816635,2.37,35.0,-0.52,0.19
LCII,2004-08-17,10.567834498361135,10.693350444894966,10.255575057950995,10.270881652832031,78200,40.51962553662146,41.2266868450932,41.05125824130689,39.70144449626236,39.69305292659152,2.33,37.0,-0.48,0.16
LCII,2004-08-18,10.286188454029038,10.546405243499304,10.261698135291828,10.524975776672363,93600,41.42579831385928,41.528992637127374,41.22913775471533,39.70464783071544,39.753921750516405,2.29,39.0,-0.49,0.12
LCII,2004-08-19,10.50048401636128,10.50048401636128,10.325986266566419,10.405582427978516,75600,37.482664792600744,41.40836440579127,41.22880076210496,39.3802025706619,39.68637387812774,2.24,38.0,-0.48,0.11
LCII,2004-08-20,10.381093959651698,10.531101434952205,10.381093959651698,10.47293472290039,90800,37.075010428943685,41.23589636205679,41.069023066885734,39.38485315217539,39.6657448906547,2.19,35.0,-0.49,0.15
LCII,2004-08-23,10.423951273050989,10.500485425081933,10.347417121020044,10.408644676208496,60600,36.772140116540626,41.15991033077069,40.67351610906486,39.30039228320251,39.65839944569752,2.15,24.0,-0.52,0.23
LCII,2004-08-24,10.393338203430176,10.427013417576728,10.347417244536063,10.393338203430176,50200,36.62947042377149,40.113041739227555,40.06938273567396,39.29105272706991,39.43876867339407,2.13,13.0,-0.52,0.34
LCII,2004-08-25,10.40252059473419,10.40252059473419,10.240268584990433,10.255575180053711,82600,36.689355121530404,40.07689749877454,39.57419241831316,39.32618987827936,39.47023112602739,2.12,8.0,-0.54,0.43
LCII,2004-08-26,10.255574496507103,10.270881090550176,10.108629091620715,10.157610893249512,65600,36.68263220933719,40.04984937146956,38.686865910883725,39.34503976776484,39.48868313624257,2.13,4.0,-0.52,0.52
LCII,2004-08-27,10.179042591534804,10.179042591534804,9.582075950347253,9.934133529663086,133000,37.02288656120125,39.87200061125783,38.27988101452565,39.44066348349679,39.565001111183484,2.16,2.0,-0.47,0.6
LCII,2004-08-30,9.903516473108708,10.27088054989594,9.872903286634024,10.228021621704102,84600,37.269104756006264,39.91675503682568,38.41298158104339,39.57539159167468,39.64760554105681,2.19,4.0,-0.51,0.57
LCII,2004-08-31,10.270883443513755,10.531100273132324,10.270883443513755,10.531100273132324,84200,37.74584117114676,40.18901196704156,38.670308569542726,39.711805833136474,39.73644453936183,2.21,6.0,-0.55,0.51
LCII,2004-09-01,10.500483458276904,10.63824513969269,10.500483458276904,10.635184288024902,62200,37.91199553473159,38.40090196914336,38.54368893679229,39.72418107924206,39.74222847307992,2.23,6.0,-0.57,0.55
LCII,2004-09-02,10.635187023913097,10.702536288294345,10.518854777700303,10.650493621826172,99800,37.409421623994234,37.571679065828775,38.507347959411106,39.72417897810283,39.74113423635626,2.26,6.0,-0.59,0.56
LCII,2004-09-03,10.684169825797746,10.760703990258135,10.564775548271854,10.6749849319458,33000,37.3967275733371,37.55539363410154,38.25406534134786,39.71794243643342,39.74060898271577,2.29,2.0,-0.6,0.65
LCII,2004-09-07,10.730086878746963,10.990303672033253,10.730086878746963,10.84335708618164,83600,37.6773813064567,37.6532001704883,38.33457567122127,39.74572146480592,39.76013159195779,2.31,4.0,-0.59,0.62
LCII,2004-09-08,10.843358572778126,10.922954748345044,10.760702712654952,10.806622505187988,111200,37.61586874650173,35.05779563014734,38.32942162800029,39.741327192396355,39.732055406512465,2.34,4.0,-0.57,0.63
LCII,2004-09-09,10.837233423528343,10.883153201466264,10.79131247777226,10.852540016174316,48200,37.618972865318824,35.00986129089041,38.33374317561549,39.736578466423694,39.729216661866964,2.36,5.0,-0.56,0.63
LCII,2004-09-10,10.883151208589135,10.962747344281945,10.867844618746041,10.959685325622559,59000,34.38610813340838,35.03522462371115,38.326673407155695,39.74878172869397,39.64118341850705,2.39,4.0,-0.54,0.63
LCII,2004-09-13,10.962751513649057,11.125003529766055,10.962751513649057,11.039285659790039,50400,33.99519151777632,34.249396270033685,38.3429816832283,39.75428374766214,39.636112568085316,2.39,8.0,-0.52,0.62
LCII,2004-09-14,11.036224889697978,11.091329574584961,11.020918292300154,11.091329574584961,22600,32.65953500614133,33.68916914115399,38.343454303267634,39.75530322034679,39.62804551524281,2.39,9.0,-0.5,0.62
LCII,2004-09-15,11.091330746602377,11.091330746602377,10.837237933056738,10.883157730102539,52800,32.38032547370355,33.86058163073551,38.462378435209004,39.82886344372074,39.67228282921636,2.39,10.0,-0.5,0.58
LCII,2004-09-16,10.88315305988011,10.971932931017188,10.714778207328575,10.776005744934082,34400,30.971441602158905,33.896791327660104,37.768536956462576,39.8499939739331,39.66013778075027,2.4,1.0,-0.53,0.68
LCII,2004-09-17,10.837236315705912,10.913770467178924,10.791315357694716,10.877033233642578,53000,31.207477787612586,33.96361738969649,36.59530989117624,39.86040487641684,39.66086739938009,2.44,1.0,-0.49,0.7
LCII,2004-09-20,10.86784660882029,10.913767554576372,10.821925663064206,10.852540016174316,59200,26.01208635310214,33.458578310694705,36.594368850540945,39.85838943002002,39.65337343540088,2.49,1.0,-0.45,0.7
LCII,2004-09-21,10.913767554576372,10.913767554576372,10.837233423528343,10.852540016174316,63600,25.49106551082394,33.460243205171736,36.47492325838297,39.857812397188304,39.65356219932817,2.53,1.0,-0.42,0.76
LCII,2004-09-22,10.837237127152864,10.837237127152864,10.439258575439453,10.439258575439453,53400,27.594547324686886,33.15375894081361,36.475153183659614,40.13980207183255,39.86844506466597,2.58,2.0,-0.47,0.76
LCII,2004-09-23,10.500482271056304,10.714778065938706,10.414764420230597,10.699471473693848,56800,27.985877997402582,33.63539231809705,36.696948749807376,40.23604047376721,39.913619191191906,2.62,5.0,-0.49,0.7
LCII,2004-09-24,10.668857927350954,10.821926196999135,10.66273622424506,10.782129287719727,64400,25.898861317196925,33.69345328143579,36.437928917035514,40.24024901266246,39.89123108485133,2.67,1.0,-0.5,0.8
LCII,2004-09-27,10.760703051595925,10.843358914322597,10.641308784484863,10.641308784484863,81600,25.872421659716426,33.741689517885355,36.24010232982174,40.275315433228585,39.92208182063794,2.72,1.0,-0.53,0.84
LCII,2004-09-28,10.607634007366633,10.852543061889266,10.607634007366633,10.736210823059082,38200,25.432854233848072,33.68459734839348,36.212858555810726,40.280088985751966,39.92220340420622,2.77,1.0,-0.53,0.85
LCII,2004-09-29,10.776009027672217,10.812745094299316,10.65355391515722,10.812745094299316,20000,24.240867140307824,33.74186336292747,36.23342234006021,40.275533855343284,39.92398897660417,2.82,2.0,-0.54,0.85
LCII,2004-09-30,10.86784733591534,11.023976459858886,10.824988406511943,10.974994659423828,60400,23.61308419015018,33.91219776494329,35.415545602235724,40.299377571362555,39.942474644979846,2.89,1.0,-0.53,0.99
LCII,2004-10-01,11.005608167879025,11.146430687318528,10.913767445106227,10.993362426757812,44800,23.2989734772959,31.28420261366946,35.165928021419234,40.29553097165426,39.92929544257756,2.96,1.0,-0.54,1.07
LCII,2004-10-04,11.03928749070361,11.213785279420794,10.837237358093262,10.837237358093262,56400,23.714184052096194,31.160889627060858,35.19144114148569,40.33708335691189,39.963975574430755,3.03,2.0,-0.54,1.05
LCII,2004-10-05,10.867848713491664,10.867848713491664,10.687228082526532,10.7943754196167,31000,23.66397530313115,30.92209804652304,35.032807007577546,40.34192700956929,39.95394341284263,3.09,1.0,-0.55,1.12
LCII,2004-10-06,10.852543229477918,10.852543229477918,10.531100017464471,10.65355396270752,41600,24.017580675312995,30.893035453581792,35.08567311743817,40.369529319800016,39.983540077302074,3.16,2.0,-0.57,1.09
LCII,2004-10-07,10.60763565897375,10.69947642274202,10.197412490844727,10.197412490844727,374800,27.00828828139646,32.08027771501421,35.738928931752255,40.535324453312754,40.249525859700455,3.21,6.0,-0.6,0.91
LCII,2004-10-08,10.237205892915139,10.4392559708076,10.237205892915139,10.374967575073242,85000,27.31538741352533,32.31508924568026,35.66884351184336,40.57951456277991,40.27604749067923,3.26,6.0,-0.63,0.96
LCII,2004-10-11,10.378029594575795,10.503545534360228,10.350477258144174,10.374967575073242,111400,26.437890906779458,32.276227869601925,35.581941971102836,40.46252462962532,40.275615912245996,3.31,6.0,-0.66,0.98
LCII,2004-10-12,10.378030562217912,10.408643753188173,10.17904131745608,10.249452590942383,97000,25.36578146579188,31.681817107271744,35.62706884177496,40.36044155727851,40.3013887057703,3.35,7.0,-0.69,0.96
LCII,2004-10-13,10.286187171936035,10.393335660533872,10.224960798815227,10.286187171936035,86200,23.850454478387693,31.330433191415764,35.55487646941265,40.31568532345686,40.27910412268911,3.4,6.0,-0.72,1.0
LCII,2004-10-14,10.347416670503307,10.350478690429577,10.032096351566478,10.035157203674316,58600,24.603256984790274,31.686211316593933,35.74231831947912,40.39228269081711,40.34668598577686,3.44,11.0,-0.73,0.92
LCII,2004-10-15,10.019850570817322,10.136182803402665,10.019850570817322,10.102507591247559,156200,24.71264902881633,31.436182439508393,35.63740227857593,40.39616150157363,40.34118204572165,3.48,9.0,-0.76,0.95
LCII,2004-10-18,10.105569658605129,10.130061149597168,10.016790923305399,10.130061149597168,139200,24.719046966251064,31.434670082271566,35.50426199493369,40.22192031588748,40.28899700133847,3.52,6.0,-0.79,1.0
LCII,2004-10-19,10.102505845044982,10.255574115424452,10.07189265809638,10.111689567565918,61400,24.16301778204957,31.41149398466121,35.44150984293388,40.15808976460823,40.276098242081,3.56,6.0,-0.81,1.03
LCII,2004-10-20,10.111690997737947,10.175980567932129,10.08107780645949,10.175980567932129,40600,24.29002790016887,31.418018716083118,34.74976414756964,40.16028512302659,40.27751276553815,3.61,1.0,-0.82,1.17
LCII,2004-10-21,10.194348786755311,10.194348786755311,9.934133137748434,10.013728141784668,159600,24.548353298398563,31.558998415025087,34.7507724727595,40.18696166413452,40.30820976829284,3.65,2.0,-0.83,1.17
LCII,2004-10-22,9.980051796218495,10.071893702221754,9.946377754211426,9.946377754211426,91400,24.283188370161692,29.544283904170932,34.7252174407612,40.19305394721913,40.31562989286797,3.69,1.0,-0.83,1.17
LCII,2004-10-25,9.888210560564453,10.041278839111328,9.888210560564453,10.041278839111328,89200,24.376489654756874,29.345112288523445,34.52177618669947,40.084701660933625,40.32281285333817,3.74,1.0,-0.81,1.24
LCII,2004-10-26,10.041278839111328,10.148427334785111,10.041278839111328,10.041278839111328,204600,24.282608550963733,28.536133801304906,34.16573690751356,39.93873702209279,40.32323562221092,3.78,1.0,-0.82,1.4
LCII,2004-10-27,10.010665492116662,10.01678836329984,9.857597215991998,9.90657901763916,125200,24.028079757004438,28.272638787722105,34.05800211180468,39.7983104033154,37.373995952911606,3.82,1.0,-0.81,1.42
LCII,2004-10-28,9.90657838058153,10.025971441430093,9.790246171218591,9.799429893493652,96800,24.053716617961165,27.499148639113162,32.78636506151983,39.15844135937477,37.226434589336904,3.88,1.0,-0.75,1.44
LCII,2004-10-29,9.830042524818571,9.830042524818571,9.4902308463718,9.597378730773926,136800,24.27954302899976,27.727058798630217,32.33837487051597,39.217658303268216,36.7684769131501,3.94,1.0,-0.73,1.51
LCII,2004-11-01,9.122868646810058,9.676976203918457,8.908573419428626,9.676976203918457,649200,24.541511730615337,25.14167024149821,32.36328763593973,39.18722019442493,36.76057841863313,3.99,2.0,-0.72,1.51
LCII,2004-11-02,9.676978509556344,9.918826713747281,9.658609892388686,9.793310165405273,405200,24.944302639069893,25.088357165461904,32.383082165812304,38.72757243438291,36.58269190512728,4.04,3.0,-0.69,1.53
LCII,2004-11-03,9.854535482779793,9.8820878199954,9.765756183681072,9.774940490722656,115800,22.573487929569886,24.995520717687324,30.613461922212988,38.583502768084784,36.582595908994705,4.09,1.0,-0.67,1.34
LCII,2004-11-04,9.768819118517058,9.81167805680343,9.72289874408034,9.796371459960938,94600,21.14952881773234,24.649678947509575,30.57014181693495,38.25340137027044,36.578803289643076,4.15,1.0,-0.65,1.35
LCII,2004-11-05,9.796371197186156,9.796371197186156,9.673916674003173,9.722898483276367,47600,20.943556488316577,23.578418806031202,30.55597386515871,38.12353813714768,36.576490818632294,4.2,1.0,-0.63,1.36
LCII,2004-11-08,9.722896709701107,9.747387609870263,9.627994544534264,9.673914909362793,161800,20.748267878657938,23.366724112176247,29.969601810634185,37.72040968790702,36.55837529895827,4.26,1.0,-0.57,1.52
LCII,2004-11-09,9.689223535182991,9.750451090402075,9.658609757573451,9.704530715942383,166000,20.524511590089872,23.134332839265635,29.608206123820736,37.61195898088623,36.540514963107945,4.32,1.0,-0.55,1.71
LCII,2004-11-10,9.689222881731196,9.689222881731196,9.499418524389288,9.572891235351562,74600,20.48610593027771,22.72595541326018,29.640127829714853,37.135026736338965,36.56451799786881,4.37,2.0,-0.51,1.68
LCII,2004-11-11,9.52084783859648,9.765756871188806,9.52084783859648,9.74738883972168,82800,20.75975740417057,22.455072811734237,29.802770152385204,37.03658058530125,36.6005191418231,4.41,3.0,-0.47,1.6
LCII,2004-11-12,9.771880554667405,9.796371459960938,9.719837307929993,9.796371459960938,35200,20.860754470563677,22.390772279519545,29.81792793878537,37.011359795670415,36.60275285236597,4.44,4.0,-0.42,1.6
LCII,2004-11-15,9.796369424615094,9.857596967082586,9.661669181532083,9.765755653381348,101400,20.62387986438697,22.340519789219776,29.465567386488583,36.11290710453078,36.60489720797327,4.48,1.0,-0.35,1.73
LCII,2004-11-16,9.777999730265826,9.918822820395535,9.70452704216255,9.814736366271973,345600,20.768468103063302,22.351077428567816,29.487265527251733,36.11905884294425,36.563437638543874,4.51,2.0,-0.27,1.73
LCII,2004-11-17,9.857596386422125,10.068830169283123,9.857596386422125,9.891271591186523,150400,20.78079922888644,22.422474775323817,28.74983034508396,36.13270594436891,36.550672317157876,4.55,1.0,-0.24,1.89
LCII,2004-11-18,9.839227916799317,9.918824068815741,9.781062396339765,9.808614730834961,67800,16.827087782847748,22.327155571402578,28.765214313411843,36.11702622351054,36.522061441486045,4.58,2.0,-0.23,1.88
LCII,2004-11-19,9.762695120167963,9.82086181640625,9.597381674481506,9.82086181640625,77800,15.907360936564958,22.25394066258086,28.765076911875614,36.051477319096534,36.48702043362294,4.6,2.0,-0.22,1.88
LCII,2004-11-22,9.811678614671992,9.983115545383455,9.811678614671992,9.875967025756836,46800,16.045346241001273,21.82249069338138,28.774998962040744,35.99282116800801,36.48788184396081,4.62,4.0,-0.19,1.9
LCII,2004-11-23,9.918825751986123,10.071894043419128,9.84535245825819,9.931070327758789,73600,15.856324303391823,20.991558428837692,28.707960144804524,35.94950949789035,36.49026432723054,4.63,1.0,-0.26,1.93
LCII,2004-11-24,9.931070310637264,10.016789347808466,9.931070310637264,9.96474552154541,50400,15.85153811076801,20.078736538634946,28.721541773314645,35.49514017060854,35.487545909003565,4.65,2.0,-0.38,1.93
LCII,2004-11-26,9.949440097993373,10.06577233997448,9.946379245649522,10.059649467468262,207200,14.454593115544675,20.070720462686744,28.771325159032124,35.17026279008812,35.45120558800733,4.67,6.0,-0.63,1.9
LCII,2004-11-29,10.096384406708113,10.44844194566304,10.087200682884061,10.359662055969238,93400,16.68170798907719,21.006897165289338,27.39139829588825,35.31588106313807,35.53294533865566,4.69,1.0,-0.54,1.33
LCII,2004-11-30,10.332112199850275,10.332112199850275,10.179043870963604,10.197412490844727,61600,17.349091667244227,21.23115673063426,27.32415322791618,34.56820389735841,35.49682873483984,4.71,1.0,-0.5,1.34
LCII,2004-12-01,10.20965637574245,10.393339058614172,10.194349777457788,10.224964141845703,335200,17.352377673132818,20.96781333388052,27.16701588974041,34.55689074363672,35.21043293793984,4.73,1.0,-0.41,1.45
LCII,2004-12-02,10.194347510608516,10.319863457142347,10.18516378724356,10.270881652832031,23400,17.305168055243023,20.991164650183922,27.09604819166127,33.96790745357091,35.211833955255436,4.75,1.0,-0.31,1.5
LCII,2004-12-03,10.273942448415294,10.28312617068606,10.179039702950679,10.243328094482422,59000,16.625510176490163,20.96744600623299,27.089298804307404,33.880654665855744,35.14109621104956,4.77,1.0,-0.2,1.5
LCII,2004-12-06,10.243329861472159,10.319864007779305,10.243329861472159,10.292311668395996,43400,16.508501422114723,20.881797658121993,27.10159224481994,33.82478648166881,35.13575683886178,4.79,3.0,-0.08,1.5
LCII,2004-12-07,10.261699827902993,10.261699827902993,9.857599575628909,9.875967025756836,88000,20.38259484545671,22.37461778469103,27.810649663858587,34.00796526744385,35.38554482607786,4.81,7.0,0.01,1.31
LCII,2004-12-08,9.875966195730545,9.897396832109568,9.73514364009865,9.8606595993042,67200,20.38389354588308,22.33298001337553,27.342680463428295,34.00811709559497,35.38461146024787,4.82,6.0,0.06,1.52
LCII,2004-12-09,9.86372129983678,9.918825979441776,9.839229812093041,9.842291831970215,68600,20.019670132961252,22.0506164148529,27.092200994483594,33.96078919370646,35.38473967745361,4.84,2.0,0.16,1.63
LCII,2004-12-10,9.796371601599883,9.842292560609783,9.673917073361734,9.793310165405273,139200,19.81905983435094,21.99536918040814,27.098189798230543,33.96026974080323,35.38458816415008,4.86,4.0,0.26,1.63
LCII,2004-12-13,9.747387624204748,9.796369424615094,9.704528694822976,9.765755653381348,68600,18.83855928738779,21.87823178672651,26.883372944128155,33.93283149088535,35.382885941696415,4.87,1.0,0.31,1.77
LCII,2004-12-14,9.765755793843713,9.88821029663086,9.661669320497356,9.88821029663086,66600,19.02583349376265,22.072066384373237,26.96050481058211,33.84876145532626,35.402599703255845,4.9,2.0,0.37,1.73
LCII,2004-12-15,9.888212159994975,10.102508018186876,9.826984605108935,10.047403335571289,44000,19.26625248022815,22.36079607972968,27.082143299554996,33.63403655106399,35.43582644066477,4.93,3.0,0.47,1.67
LCII,2004-12-16,10.001477808925825,10.347412343368497,10.001477808925825,10.31679916381836,81600,20.62007217018362,21.671489128384362,27.40147656107602,33.38080395426892,35.52516069171243,4.94,13.0,0.56,1.55
LCII,2004-12-17,10.258637346843976,10.442320014601933,10.20965553567222,10.393338203430176,126200,20.68366627429076,21.10912110855815,27.423358515184677,33.03547529191776,35.52562849071889,4.95,14.0,0.64,1.55
LCII,2004-12-20,10.423949336952901,10.460685396115387,10.286187655320749,10.35047721862793,53400,20.57124217125253,21.052466755233347,26.10499983871723,32.450299546612236,35.52343441591124,4.96,1.0,0.85,1.37
LCII,2004-12-21,10.381092334764617,10.439257869893481,10.34129424871935,10.408644676208496,45600,20.48166846027575,20.9285970357322,25.949098408211764,32.08090203876598,35.52070627001381,4.98,1.0,1.08,1.44
LCII,2004-12-22,10.40864570432178,10.678046273069903,10.405584851778338,10.610695838928223,37400,21.052081408332857,21.22913803101169,25.660790434702065,32.0461799926503,35.56780068347035,4.99,1.0,0.97,1.5
LCII,2004-12-23,10.656613818425246,10.745392531154062,10.656613818425246,10.717840194702148,43400,20.539392197839014,21.280879629813032,25.451310299284067,32.04664986015027,35.57896464780958,5.0,1.0,1.04,1.67
LCII,2004-12-27,10.717840705653257,10.745393043418673,10.684166664222928,10.7147798538208,82200,20.11348423080807,21.048753661494523,24.97958615872541,31.936668268524887,35.57816440393653,5.02,1.0,0.3,1.82
LCII,2004-12-28,10.714783138699001,11.020919799804688,10.684169939715908,11.020919799804688,120800,21.37949946531891,21.845658898671957,25.407526217079536,32.08796871300086,35.68223845027956,5.04,2.0,-1.04,1.69
LCII,2004-12-29,11.020916944865116,11.204598426818848,10.867848653964211,11.204598426818848,96400,21.574034651136085,21.894677211699726,23.66309863643687,31.97408300696957,35.714678581830654,5.07,1.0,-1.12,0.66
LCII,2004-12-30,11.20459746219612,11.235211818431686,11.051529184473122,11.112756729125977,41400,21.890181387639544,21.949694709321545,23.5100206526928,31.989648549945954,35.72593465183472,5.11,1.0,-1.12,0.74
LCII,2004-12-31,11.066839148929537,11.311748208462424,10.97805924990558,11.07296085357666,55000,21.973905474842358,21.783335885568896,23.479424803188557,31.986487210166594,35.72593023169581,5.15,1.0,-1.17,0.74
LCII,2005-01-03,11.097449745621962,11.173983881798664,11.045407093574559,11.100510597229004,89400,21.67524813519659,19.721157751782872,23.204472237272398,31.986778599049405,35.725309943827014,5.19,1.0,-1.16,0.9
LCII,2005-01-04,11.088268439055838,11.143373122535532,11.082145566689372,11.097452163696289,119600,21.69730140202166,19.444796046289596,22.431980585964272,31.961771144013053,35.725401111488694,5.23,1.0,-1.17,1.04
LCII,2005-01-05,11.08214327281026,11.112756460487509,10.990302541960265,11.085204124450684,119000,21.743305606507814,19.448834179361782,22.3268837995955,31.962092293929974,35.72604371917819,5.27,1.0,-1.18,1.08
LCII,2005-01-06,11.088266906169444,11.173984771812993,11.08214403464943,11.14337158203125,82400,21.74125319918798,19.26766310898896,22.142405008202626,31.96353393208893,35.72635381840709,5.31,1.0,-1.19,1.22
LCII,2005-01-07,11.146435044227548,11.21990835185586,11.146435044227548,11.17398738861084,69400,21.743212209615336,19.264383338866498,21.743575698032707,31.963750999892937,35.72586316461233,5.34,1.0,-1.22,1.45
LCII,2005-01-10,11.173983713213605,11.39746324733969,11.158677119772847,11.376033782958984,93200,22.06939131511156,18.773425759026477,21.587593956540445,31.55987124858609,35.76101678121721,5.37,1.0,-1.17,1.5
LCII,2005-01-11,11.345423595092338,11.351546467650788,11.27501231239797,11.327054977416992,59000,20.84108072004135,18.793727955418003,21.514910624599384,30.78287638501355,35.757114976092076,5.39,1.0,-1.17,1.57
LCII,2005-01-12,11.327054956104769,11.388282513755527,11.327054956104769,11.360730171203613,72200,20.068509580017306,18.794249580999068,21.4989184633253,30.784953132475245,35.75154762053832,5.41,1.0,-1.17,1.58
LCII,2005-01-13,11.38827952483888,11.434199305161153,11.342358576698384,11.376033782958984,35400,20.077618242581323,18.778639719864938,21.469963151472836,30.700950147366967,35.748083970114344,5.43,1.0,-1.17,1.61
LCII,2005-01-14,11.418894362172823,11.449508721297468,11.376035427216712,11.440323829650879,14200,20.08502840930303,18.77220095086359,21.479715385779286,30.362718470122946,35.74994879566242,5.45,2.0,-1.17,1.62
LCII,2005-01-18,11.48624285205867,11.679109194732996,11.354604049514723,11.633188247680664,71800,20.343441141765663,18.62969262777926,21.50026094673705,30.426307580762202,35.78368069427073,5.47,4.0,-1.09,1.66
LCII,2005-01-19,11.602573370425096,11.62400283117461,11.449505126318265,11.477057456970215,55400,20.98215464758912,18.823636369059958,21.55947127692233,30.273676755577277,35.807054029986006,5.5,6.0,-1.1,1.61
LCII,2005-01-20,11.446448292551048,11.495430106140642,11.372976156075934,11.421957969665527,142200,16.346708994975742,18.821189372863266,21.251852663354338,30.117242703215226,35.66216936698022,5.53,1.0,-1.12,1.82
LCII,2005-01-21,11.434200224980943,11.44950798747135,11.25051875327922,11.351544380187988,169200,16.558068380760503,18.89384830160879,20.812772707252016,30.090512688218894,35.66931138809525,5.57,1.0,-1.16,1.96
LCII,2005-01-24,11.351546446292483,11.397466238666656,11.323994103740569,11.360730171203613,31200,16.484026425246906,18.616379256465603,20.317072789662905,30.089934333868186,35.574514653679806,5.6,1.0,-1.2,2.14
LCII,2005-01-25,11.388281860968446,11.443386542913624,11.320931434631348,11.320931434631348,34200,16.413229969489638,18.454524413386096,20.275715030398633,29.4863958044502,35.47119316200233,5.63,1.0,-1.23,2.15
LCII,2005-01-26,11.372974660916636,11.400527000427246,11.281132750669002,11.400527000427246,21400,16.26163835681436,17.828455962391175,20.30065116988276,29.33399066731563,35.438210855578525,5.65,2.0,-1.26,2.14
LCII,2005-01-27,11.403589839774483,11.403589839774483,11.296442482904043,11.35766887664795,14800,16.30851642908908,17.843510081500188,20.31117780193669,29.3094227621996,35.41005218089568,5.68,3.0,-1.3,2.11
LCII,2005-01-28,11.3729723793232,11.403585564718668,11.296438248016363,11.35460376739502,41000,16.002514406785227,17.747518823892737,20.168036453921722,29.19658980924803,35.40889656939593,5.69,1.0,-1.32,2.2
LCII,2005-01-31,11.388280449093033,11.443385124206545,11.296439713176621,11.443385124206543,39000,14.585446740228978,17.7570443648876,20.191745513975654,29.20734925934823,35.271195500388664,5.7,2.0,-1.33,2.2
LCII,2005-02-01,11.44338063776445,11.44338063776445,11.305619003990902,11.403582572937012,53400,14.670710370711118,17.801025132076493,20.19326487970702,29.20358210046749,35.222335033817004,5.71,3.0,-1.35,2.18
LCII,2005-02-02,11.403588313940755,11.403588313940755,11.22602852594936,11.369913101196289,117600,14.62429066737741,17.715124426194837,20.144834153845707,29.07031810660739,35.22258224114619,5.71,1.0,-1.37,2.2
LCII,2005-02-03,11.33317689480439,11.41889476776123,11.296440830368377,11.41889476776123,99600,14.609997983452406,17.64596625298622,20.124721542090832,29.021164496682083,35.20372807550623,5.7,1.0,-1.38,2.21
LCII,2005-02-04,11.097447662773234,11.158675193786621,10.962748028798197,11.158675193786621,325800,15.653100959481634,18.421471017971403,20.451150995414043,29.150401761238452,35.283373643180255,5.69,10.0,-1.38,1.93
LCII,2005-02-07,11.158678497426477,11.201537431479265,11.069898609563781,11.161739349365234,115000,15.454076946391234,18.123991698601998,20.22276116398163,29.09143532734564,35.18624499141769,5.66,6.0,-1.4,2.15
LCII,2005-02-08,11.164798063669762,11.22296357583257,11.134183714254057,11.158675193786621,23000,15.453975786144083,17.84137531940916,20.157446256586855,29.075982398319344,35.06954667588448,5.65,3.0,-1.42,2.24
LCII,2005-02-09,11.189292913556283,11.265827066409361,11.072960674230426,11.097452163696289,71400,13.308921171030782,17.90194845720037,20.12670093788511,29.006736560094375,34.93554953882699,5.65,2.0,-1.43,2.23
LCII,2005-02-10,11.066839294836246,11.091329617203161,11.020918334647803,11.023979187011719,47000,12.513778204061035,17.959978737516995,20.15236573904855,28.932229951630934,34.41295569320511,5.64,4.0,-1.44,2.19
LCII,2005-02-11,11.02397777376125,11.1127576625743,10.990303730800996,11.05459213256836,43400,12.331324255514264,17.949970011022067,20.15662438495074,28.88527687192941,34.40061312649292,5.63,5.0,-1.45,2.2
LCII,2005-02-14,11.054590357060684,11.121940767800615,10.929074425656934,11.005608558654785,54800,12.354305347676249,17.956288110901,19.178028866512037,28.42828479014452,34.37147144028965,5.63,1.0,-1.47,2.3
LCII,2005-02-15,11.00254883613021,11.997492772796063,10.971935643667866,11.939327239990234,197600,26.703288794628264,24.150769880465486,22.777480868873518,29.966178632129143,34.94299816646943,5.58,30.0,-1.39,9.68
LCII,2005-02-16,11.939322981764494,12.150556737181226,11.813807068925332,11.936262130737305,84200,26.703123910841576,24.158134762466606,22.753803775926635,29.949955680014217,34.836439213850696,5.53,30.0,-1.33,9.76
LCII,2005-02-17,11.966882232316134,11.966882232316134,11.725033987684911,11.728096008300781,21000,27.313393543010005,24.526652079861368,22.835072404417254,29.883867947005825,34.63246741541585,5.48,32.0,-1.34,9.62
LCII,2005-02-18,11.728090993273662,11.728090993273662,11.425015311928291,11.633188247680664,37200,27.444930630663332,24.622566405508728,22.84475011983189,29.649711933024815,34.525996995959574,5.42,33.0,-1.37,9.66
LCII,2005-02-22,11.633188395566286,11.633188395566286,11.259701447059436,11.265824317932129,29200,29.106871612899436,25.629158715069227,23.409779112866953,29.80357639946199,34.347451992562654,5.36,35.0,-1.4,8.85
LCII,2005-02-23,11.2658272881862,11.4984917714181,11.238274945903962,11.434202194213867,33400,28.95768756179999,25.718867300085186,23.408857722488253,29.086389553479403,34.297163761299515,5.3,35.0,-1.42,8.86
LCII,2005-02-24,11.421957624761465,11.449509967062285,11.327054852876751,11.342361450195312,37400,29.028459464093658,25.1631113229014,23.446491697747877,28.777159832201367,33.9232464282385,5.25,37.0,-1.43,8.81
LCII,2005-02-25,11.418894181986735,11.449508540628297,11.327053441698798,11.372974395751953,84000,29.026176244942942,24.90424973049582,23.331761290504506,28.756573697148774,33.786748786816325,5.19,35.0,-1.46,8.98
LCII,2005-02-28,11.37603402534361,11.47093677520752,11.342358818365506,11.47093677520752,77600,29.130001943267047,24.94223009436687,23.355849759398218,28.72440964138443,33.77584324447584,5.14,36.0,-1.49,8.89
LCII,2005-03-01,11.467877000641476,11.495429341942645,11.296441248383953,11.455631256103516,231200,29.088605593398082,24.945169829458035,23.254057635454895,27.569198252571038,33.09285661529926,5.08,35.0,-1.52,9.06
LCII,2005-03-02,11.409712224313491,11.461754890331816,11.372976156075934,11.421957969665527,24000,28.664374549739225,24.94721207140761,22.142642299736096,27.549191342289454,33.09370701560194,5.01,28.0,-1.54,10.42
LCII,2005-03-03,11.421954214106604,11.706661276927223,11.412769324203307,11.697476387023926,62400,29.241652156287255,25.34644538163688,22.28862490061895,27.66958054021979,33.17853934551925,4.93,29.0,-1.55,10.09
LCII,2005-03-04,11.758705575032403,11.783197061118647,11.633189628386233,11.669925689697266,46400,29.210563526408674,23.699752927116098,22.294998305242586,27.34746843576268,33.162345155432476,4.86,30.0,-1.57,10.09
LCII,2005-03-07,11.633189628386233,11.715846642199809,11.624005905013057,11.669925689697266,27000,29.138530303266126,23.68976978198614,22.19300233571294,27.091470526870975,33.10491293749933,4.78,29.0,-1.58,10.27
LCII,2005-03-08,11.700541496276857,11.7250318175776,11.633191069017474,11.700541496276855,23200,29.142647011483685,23.669812331110617,22.191018959028195,27.08382277103461,33.05912816189224,4.69,29.0,-1.59,10.27
LCII,2005-03-09,11.700538948009825,11.899526998582633,11.679109483606881,11.878097534179688,32200,29.389884758187566,23.741573795697324,21.901271081747705,27.140801034161292,33.05849594032074,4.6,27.0,-1.58,10.68
LCII,2005-03-10,11.847486938293901,11.853609810579266,11.740338425027733,11.850547790527344,125200,29.36515846088621,23.73641137015828,21.895588529794217,27.14166177690765,32.68969428630249,4.5,27.0,-1.57,10.74
LCII,2005-03-11,11.847484615276645,11.90565013885498,11.801563666049683,11.90565013885498,33000,29.340417487295394,23.660416769064938,21.900210210859704,26.961724302985235,32.4139254709964,4.4,28.0,-1.56,10.71
LCII,2005-03-14,11.878098053898025,12.09239387512207,11.832178271518906,12.09239387512207,49000,29.61172071225632,23.651090109183773,22.0044374184933,27.02355775988094,32.427645382573836,4.3,30.0,-1.52,10.39
LCII,2005-03-15,12.092395660983527,12.119948001607368,11.973002574219706,12.015861511230469,37000,29.65910601753873,23.218114108795497,22.02982693755451,26.610317753298958,31.802929697299632,4.2,31.0,-1.5,10.38
LCII,2005-03-16,12.015859456108647,12.077086999002786,11.939325319445535,11.973000526428223,82200,29.66045207673779,23.229013674745747,21.862407796409677,26.612849916804993,31.79370967966647,4.1,27.0,-1.49,10.71
LCII,2005-03-17,11.939325740382522,11.94238659211693,11.786257461659668,11.792380332946777,90600,30.034690764347683,23.4705979309174,21.98721885288121,26.66265229207003,31.384472911748134,3.99,31.0,-1.47,10.46
LCII,2005-03-18,11.792382537253626,11.792382537253626,11.541350606649132,11.602578163146973,392600,30.43803026288574,23.758946694072513,22.13380540910287,26.711114378406574,31.35566624112617,3.88,34.0,-1.46,10.25
LCII,2005-03-21,11.556656896813964,11.556656896813964,11.327054441910375,11.455631256103516,78000,29.885668992802422,23.661233933111866,22.2471811849334,26.708438934867978,31.33838165541697,3.77,39.0,-1.44,10.06
LCII,2005-03-22,11.458691863755075,11.526042282593796,11.440323249212241,11.486244201660156,52600,29.889541194957186,23.592642223259343,22.120666955189012,26.70872224751803,31.206961717307536,3.66,34.0,-1.41,10.27
LCII,2005-03-23,11.510736538001535,11.725032407299025,11.507675685616922,11.654621124267578,86000,30.144361135735377,23.749426313807703,22.127460478779035,26.765184577158703,31.23921539998801,3.57,35.0,-1.38,10.14
LCII,2005-03-24,11.694414735700345,11.853605858590115,11.666862403511383,11.740334510803223,35000,30.116596142166923,23.121799034731453,21.846161090677118,25.651079442823686,31.205874866540068,3.48,27.0,-1.35,10.62
LCII,2005-03-28,11.77094995035259,11.985245757433843,11.77094995035259,11.97606086730957,93000,30.44381294020323,23.227529090122538,22.00797789187876,25.676740824228943,31.26103171345086,3.4,34.0,-1.32,10.19
LCII,2005-03-29,11.954630411996671,11.954630411996671,11.56277605519098,11.565836906433105,48000,32.33690867372627,24.300836905213316,22.719152886227285,25.896384936828987,31.44150252214176,3.3,48.0,-1.27,9.24
LCII,2005-03-30,11.61788423182948,11.63319082830303,11.480122527930622,11.547472953796387,185800,32.30187083437446,24.289344577571452,22.71805456589573,25.83764558940782,31.356466042345815,3.23,48.0,-1.22,9.24
LCII,2005-03-31,11.578087513297376,11.63319220136089,11.464817284641752,11.526044845581055,32000,21.692630272168973,24.29201220899307,22.72476474110676,25.836277107972684,31.156427077085475,3.17,50.0,-1.17,9.24
LCII,2005-04-01,11.541348739666269,11.571961929053803,11.464814598379116,11.535225868225098,67800,21.69864637398874,24.29130444764444,22.677780224226947,25.835506800880566,30.835462538357312,3.1,48.0,-1.11,9.31
LCII,2005-04-04,11.504614016543066,11.60257763535593,11.473999655777511,11.547472953796387,48600,21.135673522848805,24.28869825036356,22.65214597767072,25.81069597794344,30.566439681280027,3.04,48.0,-1.06,9.34
LCII,2005-04-05,11.587271668301904,12.015863442948541,11.56890421681215,11.98218822479248,43000,23.618137108230687,25.387767283552147,23.330042662365756,25.87384553154824,30.350935162305497,2.98,59.0,-1.0,8.18
LCII,2005-04-06,12.181174451710865,12.257708594532142,11.844423522606242,11.847485542297363,75600,21.78621875808158,25.514459707648534,23.29254198891711,25.78455739729053,30.074991011561032,2.92,59.0,-0.97,8.24
LCII,2005-04-07,11.908713765453207,12.0005545084833,11.847486214160345,11.945449829101562,47800,21.522219517565894,25.316158948697115,23.17336022787697,25.80110316676582,29.99062741609606,2.86,57.0,-0.91,8.49
LCII,2005-04-08,11.945448216883397,11.973000552855662,11.780134201049805,11.780134201049805,34400,21.81326284209371,25.475691868682134,23.306195825581845,25.71137118415838,30.00873334011782,2.79,61.0,-0.84,8.32
LCII,2005-04-11,11.783199591155359,11.985249723476858,11.783199591155359,11.927083015441895,38000,22.0486076800093,25.585328749526994,23.352139465487763,25.740066741074312,29.946213120748865,2.72,64.0,-0.77,8.17
LCII,2005-04-12,11.896468303415578,11.957695856158702,11.767890325873173,11.939327239990234,41800,21.94894512461484,25.585126782373624,23.347651739595037,25.735779483226796,29.929511752568,2.66,64.0,-0.7,8.2
LCII,2005-04-13,11.893405074379354,11.927080283355528,11.75870540629297,11.78625774383545,39400,22.32406871086775,25.717401789637474,23.44714298526245,25.763262070755033,29.824688804349236,2.6,70.0,-0.61,8.09
LCII,2005-04-14,11.816869436454743,11.841360919087426,11.46481313224618,11.57196044921875,36000,22.993925547578407,25.77673970935513,23.60952731955569,25.852430561610245,29.883339607485727,2.54,73.0,-0.51,7.86
LCII,2005-04-15,11.581147493784192,11.69441770248882,11.541349411010742,11.541349411010742,296200,21.907346429710383,25.630830493686872,23.61933167302804,25.11269214250955,29.87979028945622,2.48,74.0,-0.41,7.85
LCII,2005-04-18,11.541344206710562,11.544405057319814,11.360723657500321,11.403582572937012,56600,22.15758913082364,25.73188716633032,23.708953014496185,25.061610576797317,29.904527067710134,2.42,76.0,-0.29,7.76
LCII,2005-04-19,11.403587452161608,11.694417432827388,11.388280856930432,11.51379680633545,190400,22.361048067272755,25.774147363730776,23.735633571575967,24.8238458000155,29.900327706399082,2.36,77.0,-0.16,7.7
LCII,2005-04-20,11.556656837463379,11.81687248455702,11.477061834012368,11.556656837463379,58000,22.37636293798894,25.783786380400926,23.736367052458807,24.660639951692414,29.90229965972776,2.29,78.0,-0.01,7.69
LCII,2005-04-21,11.541348597402605,11.786257612938975,11.541348597402605,11.709723472595215,122800,22.268544372895267,25.90499729360063,23.775070719949884,24.459391101155433,29.927027948652977,2.22,79.0,0.15,7.62
LCII,2005-04-22,11.725027773424191,11.740334364934972,11.587266114191006,11.663800239562988,73000,22.284992024979676,25.88575641486862,23.365740030097655,24.45966593285641,29.929190750530132,2.18,67.0,0.31,8.37
LCII,2005-04-25,11.685231972390248,11.801564192555123,11.648495912060715,11.743398666381836,36400,22.337318306390628,25.90403828804608,23.22281369862484,23.37969070398456,29.57731582375029,2.13,59.0,0.5,8.55
LCII,2005-04-26,11.694419190630677,11.770953346108865,11.636252485063393,11.6882963180542,42600,21.840987364019078,25.926004464787955,23.242090364491553,23.277901791031546,28.99182343443904,2.09,60.0,0.72,8.54
LCII,2005-04-27,11.694416166938538,11.767888283222367,11.571961082707842,11.679109573364258,176800,21.78497786448112,25.882318389870385,23.238998510900963,23.259012023884136,28.99167576082007,2.05,60.0,0.95,8.56
LCII,2005-04-28,11.709723164988453,12.230155539218261,11.602575838449201,11.65768051147461,387000,21.77259792180675,25.87412151858779,23.23569342653939,23.10132734430269,28.926945664564546,2.0,60.0,1.21,8.57
LCII,2005-04-29,11.709723871263035,11.783197162334561,11.593391646990764,11.596453666687012,152200,21.392234204341023,25.891113571530216,23.252079473520247,22.682381809519388,28.668992539060962,1.96,63.0,1.5,8.57
LCII,2005-05-02,11.718905410175115,11.853606224060059,11.59645150497386,11.853606224060059,119400,21.81824845255464,26.256242515694023,22.464276810132482,22.76740550759698,28.751803895885985,1.89,48.0,1.76,9.18
LCII,2005-05-03,11.878098849319542,12.049535751342773,11.862792254168157,12.049535751342773,86200,21.890650128129334,25.980116354391434,22.575965709881938,22.73489900183734,28.64869789490112,1.84,49.0,1.98,8.87
LCII,2005-05-04,12.110764213941291,12.48425006866455,12.037290916722855,12.48425006866455,143800,23.979708509955643,26.90517015304336,23.18184416695056,22.88581541174157,28.74459652756649,1.78,60.0,2.07,7.79
LCII,2005-05-05,12.551602547239344,12.591400638402735,12.312816335896265,12.318939208984375,187000,24.150990331859866,27.081994046930514,23.28689065345532,22.77928008411739,28.752020751230116,1.73,68.0,1.99,7.64
LCII,2005-05-06,12.349549011224706,12.3985308146439,12.297505188194013,12.355671882629395,78600,24.098073099280754,27.042094296770536,23.27267543430905,22.733624047470425,28.752484549430513,1.68,68.0,1.6,7.64
LCII,2005-05-09,12.355673146981555,12.943454848159401,12.355673146981555,12.869982719421387,107200,26.14291151649153,28.134963136138968,24.008440893600476,23.208447186947012,28.58038980092085,1.62,91.0,1.48,6.7
LCII,2005-05-10,12.888351816475799,12.931211926177479,12.70467030331435,12.842432022094727,137600,23.69699212062594,28.151559198782273,23.924385461107367,23.195520959352717,28.46545766273189,1.57,91.0,1.4,6.91
LCII,2005-05-11,12.857736834164717,12.934270981987126,12.781202686342308,12.918964385986328,83200,23.657216073969863,28.1226442813495,23.620135034892044,23.200231759923966,28.45176765960289,1.49,86.0,1.56,7.45
LCII,2005-05-12,12.949577918784659,12.949577918784659,12.79650961911151,12.811816215515137,81200,23.86372642827934,22.92072990559508,23.664801424695685,23.163505964158347,28.379162100998435,1.41,88.0,1.54,7.44
LCII,2005-05-13,12.811809887991888,12.888344000029635,12.73527577595414,12.765890121459961,61800,23.941077843536473,22.939807431873614,23.661333010691113,23.134836442902742,28.380284131508233,1.37,87.0,1.4,7.45
LCII,2005-05-16,12.827124332378165,12.857737526027028,12.796509970910822,12.799571990966797,100000,23.93218089664306,22.607163889231266,23.654825994264407,22.96547323551269,28.37673045020171,1.33,87.0,1.25,7.47
LCII,2005-05-17,12.827123678370254,12.827123678370254,12.732220914387954,12.759773254394531,124800,21.775394765786135,22.539668823378424,23.507731720303227,22.732818202646023,28.27617483432658,1.29,83.0,1.11,7.82
LCII,2005-05-18,12.78120543612593,12.857739600414108,12.76895968956334,12.808757781982422,144200,21.40465815674656,21.425204116951534,23.4732064477926,22.490221735034257,28.241100243449214,1.26,82.0,0.98,7.91
LCII,2005-05-19,12.784264266323147,12.7965100109484,12.689362665023658,12.732221603393555,61000,21.476308966612837,21.323008092801036,23.503472126264455,22.481529954119456,28.2486019950666,1.24,84.0,0.81,7.89
LCII,2005-05-20,12.732222179540038,12.732222179540038,12.612829083587382,12.628135681152344,23200,21.166002517196674,21.325872633038117,23.16862902641753,22.507842279353245,28.216128536430457,1.2,59.0,0.62,8.6
LCII,2005-05-23,12.628132430259354,12.674053378951228,12.579150629969865,12.615886688232422,141200,20.966447794938773,21.332455210948506,23.043215611753602,22.508402077850747,28.20384888330808,1.2,59.0,0.44,8.93
LCII,2005-05-24,12.615888736799215,12.674055436963124,12.493434800100554,12.658747673034668,81800,20.969368376929843,21.28778027715454,22.996128874389647,22.442166147895858,28.151801623501495,1.19,59.0,0.27,8.97
LCII,2005-05-25,12.655684723490216,12.655684723490216,12.429143168024279,12.465880393981934,48600,21.1315456199289,21.563581477582886,23.135241908601333,22.5185613570736,28.13742890615484,1.19,61.0,0.15,8.76
LCII,2005-05-26,12.468941849179718,12.566905454172662,12.444451531840626,12.47812557220459,54800,20.248647030289003,21.54473873453153,23.134322383266245,22.514840665787936,28.099019103390955,1.19,61.0,0.03,8.77
LCII,2005-05-27,12.490366850996919,12.80874903735024,12.490366850996919,12.765890121459961,87200,21.01376369190279,21.499816920328207,23.386256174940012,22.640250623618133,27.860693521853186,1.2,81.0,-0.1,8.21
LCII,2005-05-31,12.781202903607996,12.857737052731398,12.490372903375384,12.551600456237793,434800,21.3717990924263,21.8152905800343,23.56364207611332,22.724637402617816,27.866450335367006,1.2,88.0,-0.21,7.97
LCII,2005-06-01,12.551600296064976,12.817938804626465,12.551600296064976,12.817938804626465,88000,21.916400567009543,22.186642936242666,23.763637873397666,22.846371971536218,27.93080087773015,1.21,97.0,-0.31,7.56
LCII,2005-06-02,12.658750405973851,12.946519613370919,12.649566679888814,12.827126502990723,132400,21.931979526554084,22.186202074136553,23.76289908774247,22.725197825802415,27.826501779684804,1.22,96.0,-0.41,7.57
LCII,2005-06-03,12.857737296761277,12.857737296761277,12.765896549633817,12.796509742736816,101600,21.798108675987947,22.019311981770684,23.621344620839547,22.69227661626481,27.63237355072057,1.22,89.0,-0.52,7.91
LCII,2005-06-06,12.827125184976882,12.827125184976882,12.735283262288746,12.781204223632812,180200,21.737376820555397,22.01274072842071,23.60807596321252,22.67174521740069,27.56730477171827,1.22,85.0,-0.62,7.92
LCII,2005-06-07,12.765897863641026,12.873045218348775,12.765897863641026,12.842432022094727,125800,21.714938144077948,22.013677445155565,23.6132618332846,22.67325872035565,26.988584563822943,1.22,86.0,-0.71,7.9
LCII,2005-06-08,12.857737296761277,12.915902830784361,12.796509742736816,12.796509742736816,39600,21.682869060663577,21.83135102844787,23.625580425143916,22.679300085759508,26.75144950847455,1.22,89.0,-0.79,7.9
LCII,2005-06-09,12.765897739187666,12.857738494873047,12.765897739187666,12.857738494873047,46000,21.657931358467806,21.79162815826697,23.62183513780191,22.18506564035438,26.735304599167346,1.23,88.0,-0.87,7.91
LCII,2005-06-10,12.827117291732637,12.912835121154783,12.799564965444398,12.912835121154785,28200,21.60668903553219,21.778658201525747,23.495590621127096,22.01207223968062,26.694840647833317,1.22,78.0,-0.94,8.2
LCII,2005-06-13,12.94039597175643,13.240409740181855,12.90672075435239,13.163875579833984,83200,21.917761736357996,21.811097627913686,23.554580863825525,22.103539998148463,25.865449652882017,1.23,80.0,-0.94,7.94
LCII,2005-06-14,13.16387229126921,13.16387229126921,13.0873381500409,13.12713623046875,91400,21.346083209868187,21.50766316887246,23.54327328954562,22.043405023450468,25.852798703558054,1.22,79.0,-0.97,7.95
LCII,2005-06-15,13.133257366136629,13.148563958795618,12.925084436083521,13.102643013000488,45200,21.03410948864517,21.302426792217027,23.517878948424816,22.027139329513812,25.832702849295288,1.21,78.0,-1.0,7.98
LCII,2005-06-16,13.102648017991964,13.163875579833984,13.093464292452175,13.163875579833984,121600,18.637771482313944,21.308062671438115,23.52322446456445,22.01967625876166,25.5960944984167,1.19,78.0,-1.03,7.95
LCII,2005-06-17,13.117950936117266,13.163871886569822,13.102644341905842,13.148565292358398,87000,18.10742488366925,21.164132646861592,23.51352304690596,21.959878953158636,25.395451912714577,1.17,76.0,-1.06,7.96
LCII,2005-06-20,13.133258995006951,13.169995055508398,13.102644638073823,13.10876750946045,33400,18.167859965738305,21.15944411166552,23.507643411165727,21.96491520635626,25.391745604469136,1.15,74.0,-1.1,8.02
LCII,2005-06-21,13.108766838101207,13.292448299019588,13.105705986473808,13.22815990447998,34600,14.164897902033099,20.87984193276947,23.524169761913832,21.910007033126654,25.40548557482901,1.13,78.0,-1.12,7.92
LCII,2005-06-22,13.25571521126993,13.25571521126993,13.087340306388864,13.24653148651123,27600,14.13559520728081,19.444730203519203,23.522422784678195,21.901719811509597,25.405416745082594,1.1,76.0,-1.14,7.92
LCII,2005-06-23,13.246523928976254,13.271014236966511,13.102639428148269,13.105701446533203,37800,14.451925684288582,19.610404050026066,23.580308995770277,21.881208550144432,25.292882011893376,1.07,81.0,-1.18,7.9
LCII,2005-06-24,13.102646365958377,13.139382431304316,13.08733976938244,13.133260726928711,166800,14.21379956763328,19.592973715361296,23.567789236718706,21.21887241831369,25.29187843745941,1.04,80.0,-1.21,7.9
LCII,2005-06-27,13.102645996722282,13.225101101515877,13.099585144620734,13.179180145263672,38000,14.170683197764063,19.592651750482336,23.55958684421892,21.13639803217911,24.977837832911717,1.01,78.0,-1.24,7.88
LCII,2005-06-28,13.209790300101734,13.558785719498607,13.209790300101734,13.55266284942627,61000,16.17207572220012,20.287039465403698,23.927838606969992,21.369001920153497,25.13091388463411,0.98,99.0,-1.19,7.22
LCII,2005-06-29,13.577154915782021,13.668996810913086,13.543480877761265,13.668996810913086,70400,16.21065487187194,19.033036156066462,23.61915180767832,21.323169143097935,25.136032154442784,0.95,83.0,-1.11,7.54
LCII,2005-06-30,13.74553229514532,14.042483970364662,13.74553229514532,13.898600578308105,73600,16.73412796944288,19.048591138853983,23.73109645176115,21.39629381361014,25.17230391547197,0.91,92.0,-0.95,7.28
LCII,2005-07-01,13.898599518514226,14.005746841430664,13.806757621365012,14.005746841430664,36400,16.583880310419698,19.041991186074412,23.743632955358514,21.176183504482314,25.15465916092325,0.87,94.0,-0.79,7.22
LCII,2005-07-05,14.005750635741748,14.189432144165039,13.990444038009565,14.189432144165039,124000,16.45864237413937,18.83951642683978,23.771407547307454,21.20983647180018,25.183003114337442,0.82,96.0,-0.58,7.09
LCII,2005-07-06,14.220042414378154,14.23228815616653,14.106772222381219,14.16187572479248,52200,16.485996785569196,18.766391210954236,23.737296533527488,21.214435060176445,25.18324072322733,0.77,92.0,-0.48,7.13
LCII,2005-07-07,14.112893483876345,14.158814430236816,14.082280298181482,14.158814430236816,56400,16.527882138169097,18.77330863396939,23.741179429982097,21.211377153623193,24.30898588504039,0.72,92.0,-0.43,7.13
LCII,2005-07-08,14.158816177196398,14.1771847915706,14.140447562822196,14.149632453918457,71800,15.574282753190408,18.500320116818383,23.720683922613723,21.20676836501023,24.252080880423975,0.6,87.0,-0.43,7.15
LCII,2005-07-11,14.164945125684426,14.38842477459844,14.164945125684426,14.37005615234375,62400,15.87471547114788,18.12393018044291,20.181391973973238,21.160109520606614,24.205537626632967,0.67,1.0,-0.39,1.29
LCII,2005-07-12,14.400666120110847,14.419033568931308,14.204738880569497,14.232291221618652,29600,15.439451389480304,18.282765516474715,20.261076760511905,21.179656341275063,24.17760554478619,0.73,2.0,-0.43,1.25
LCII,2005-07-13,14.232291420639827,14.232291420639827,14.082283968870422,14.174124717712402,42400,14.365599603354775,18.06684126179724,20.045040390812993,21.17290186552616,24.181733603028793,0.79,1.0,-0.5,1.36
LCII,2005-07-14,14.220044163834693,14.220044163834693,14.048607261160628,14.060853004455566,57600,13.843824226336817,18.178288843773586,20.043752660785845,21.204379231027485,24.197646260945806,0.85,1.0,-0.58,1.36
LCII,2005-07-15,14.036360176759361,14.128202074877992,13.962888059646351,14.048605918884277,95600,13.875045431147882,18.1984369826404,19.29512002895142,21.12796033051105,24.175885823301403,0.92,1.0,-0.65,1.39
LCII,2005-07-18,14.082280977176188,14.082280977176188,13.959825892856058,14.005746841430664,32800,13.898970524182708,18.124769406627177,19.205889904065845,21.081393421197813,23.937374856392527,1.0,1.0,-0.72,1.49
LCII,2005-07-19,14.036362346758626,14.097589899030648,14.021055750645228,14.076160430908203,135800,13.85212120509205,18.071659875711983,19.14305564894539,20.90865885713114,23.848522231528246,1.07,1.0,-0.79,1.52
LCII,2005-07-20,14.066970591832833,14.152688427060706,14.036356245095794,14.097583770751953,86200,13.852380461448613,18.05827868136863,19.14312660003974,20.89603636481806,23.847571077900724,1.13,2.0,-0.85,1.52
LCII,2005-07-21,14.128206584751904,14.128206584751904,14.036364657316353,14.054733276367188,54600,13.830659613063068,18.031053925351053,19.13266661960432,20.871734224593038,23.732891486195985,1.19,1.0,-0.9,1.56
LCII,2005-07-22,14.066981475963729,14.370056152343752,14.051674874660899,14.37005615234375,54800,14.891102351030067,18.43129164703538,19.389966839595356,21.002497140898008,23.8176995694303,1.24,6.0,-0.93,1.35
LCII,2005-07-25,14.388421418139062,14.419034613603428,14.189432144165039,14.189432144165039,26400,15.624755839236895,18.69521525667239,19.51714443924402,21.075271848425807,23.854655266309916,1.28,7.0,-0.98,1.28
LCII,2005-07-26,14.192489635192072,14.229225691589543,14.082280298181482,14.158814430236816,30000,14.922794027078398,18.64537719415379,19.216541304764167,21.05045211205359,23.838304682893963,1.33,5.0,-1.03,1.5
LCII,2005-07-27,14.005748005146332,14.005748005146332,13.274081793477052,13.479192733764648,297000,21.109717092008268,21.143949423097762,20.84994412992695,21.892229938137746,24.35556447574979,1.34,13.0,-1.06,2.57
LCII,2005-07-28,13.470008602138373,13.684304427099688,13.470008602138373,13.626137733459473,100800,21.286526229193107,21.014336671997683,20.901845667578034,21.91759511017182,23.829539599350937,1.35,14.0,-1.09,2.52
LCII,2005-07-29,13.653689505441987,13.684303860779952,13.62307631792227,13.638382911682129,140000,21.26289212612456,19.828861572050293,20.901388537683946,21.83980287114607,23.76621260477251,1.36,14.0,-1.12,2.52
LCII,2005-08-01,13.6383830327996,13.785328436272057,13.623076438903809,13.623076438903809,71000,21.262504633291325,19.5960557520891,20.79235821498616,21.758546859787014,23.577277497170275,1.37,13.0,-1.15,2.63
LCII,2005-08-02,13.62307494544447,13.730222258787007,13.62307494544447,13.727161407470703,102400,21.302952977120974,19.63216701466348,20.807240746953166,21.766019284824882,23.454609439834563,1.38,14.0,-1.18,2.61
LCII,2005-08-03,13.696551340384882,13.699612192397838,13.623078046071592,13.66287612915039,47600,21.253550759773795,17.907188589700123,20.82379992649717,21.771867362172735,23.280334541224303,1.39,15.0,-1.2,2.59
LCII,2005-08-04,13.623076438903809,13.65368962669539,13.577155489398178,13.623076438903809,112800,21.284696078048317,17.9136879507279,20.7096563479181,21.77596750740607,23.27887317868916,1.41,13.0,-1.23,2.7
LCII,2005-08-05,13.867985964760976,13.92921351045852,13.620016098022461,13.620016098022461,125600,21.00236337526838,17.88534320892009,20.67568364316062,21.765774635350166,22.4469042653348,1.42,13.0,-1.24,2.74
LCII,2005-08-08,13.65368962669539,13.730223763992603,13.592463251112227,13.623076438903809,100200,21.003055588370543,17.7828415088844,20.661901416676287,21.732954624099804,22.361328779281475,1.43,13.0,-1.25,2.75
LCII,2005-08-09,13.653691237474733,13.696551340384882,13.623078046071592,13.66287612915039,46800,20.998330088834496,17.760716726894156,20.4932893884202,21.73322807726541,22.349972600692375,1.45,13.0,-1.25,2.92
LCII,2005-08-10,13.662876920219944,13.754717667565263,13.662876920219944,13.74553394317627,60200,19.47864759371372,17.786617801027226,20.30774698676239,21.734352136455495,22.232275563786057,1.46,13.0,-1.25,3.1
LCII,2005-08-11,13.714921775470678,13.822070304357448,13.690431450577385,13.797578811645508,32600,19.355490923053317,17.77149235160343,20.177647813219348,21.7310686766461,21.907376404663008,1.48,11.0,-1.25,3.25
LCII,2005-08-12,13.714916590660412,13.733285203250267,13.626136714870093,13.668996810913086,54600,18.910058263500467,17.896595635110675,20.25561936272176,21.770511300496427,21.892859760351463,1.5,13.0,-1.24,3.15
LCII,2005-08-15,13.638382456596663,13.668996810913086,13.546541729283803,13.668996810913086,52000,18.74976235255351,17.837426190416668,20.152777452598585,21.752054402010977,21.808972436682723,1.52,11.0,-1.23,3.27
LCII,2005-08-16,13.623076438903809,13.668997388409439,13.616953567781842,13.623076438903809,133400,18.294664555595627,17.755934343318717,20.146828617390447,21.509069012390672,21.64911226598793,1.54,11.0,-1.21,3.28
LCII,2005-08-17,13.659812941815746,13.684304427099688,13.623076881708128,13.626137733459473,87000,18.299422602570896,17.75119932471477,19.93054150827928,21.41090396379895,21.522316525334237,1.56,9.0,-1.19,3.51
LCII,2005-08-18,13.626139784365133,13.626139784365133,13.561851377546011,13.577157974243164,221800,18.308529556244263,17.773568053216927,19.08747876639692,21.419369261590884,21.4911716083187,1.59,1.0,-1.16,3.87
LCII,2005-08-19,13.561848761408019,13.561848761408019,13.50674408967342,13.546542167663574,191800,18.30874339093822,17.453407367700493,19.090619272556353,21.421340011594882,21.486863605186972,1.63,2.0,-1.12,3.87
LCII,2005-08-22,13.500619591373512,13.525111072667245,13.338367615165886,13.381226539611816,46000,17.84152390364492,17.676652498909103,19.209919187662777,21.47796239671339,21.516094019970787,1.66,7.0,-1.09,3.72
LCII,2005-08-23,13.316938813680823,13.316938813680823,13.01080228922839,13.102643013000488,111600,18.53730324480927,17.668053277792467,19.53994400620573,21.638868873046015,21.62731860203756,1.68,12.0,-1.04,3.41
LCII,2005-08-24,13.041420224002641,13.19142768945441,12.873045307798247,12.952641487121582,89200,18.70777928441477,17.474578678197272,19.64512309161551,21.092850231450946,21.615977069303074,1.71,13.0,-0.99,3.29
LCII,2005-08-25,12.91896301398283,13.01998747111396,12.86079632041136,12.974067687988281,48400,18.69237049163533,16.948333623136307,18.78789798981285,21.089717745647132,21.59024337650574,1.74,1.0,-0.94,3.67
LCII,2005-08-26,12.97406620245001,13.044477462768555,12.82712081120024,13.044477462768555,36200,18.8334293460269,16.981713687040763,18.701048649153964,21.090831327895902,21.46844277006075,1.77,1.0,-0.88,3.78
LCII,2005-08-29,13.041415454252274,13.041415454252274,12.949574730623093,13.010802268981934,54800,18.832656307069627,16.983071333195756,18.67280235577811,21.082230223212207,21.285585334598288,1.8,1.0,-0.82,3.82
LCII,2005-08-30,13.01080525138196,13.271020889282227,12.980192059094314,13.271020889282227,109400,19.805036556242747,17.444271846872088,18.760464107905335,21.18547280078499,21.18085593599544,1.83,3.0,-0.74,3.73
LCII,2005-08-31,13.347551118043263,13.73022174835205,13.335306545415127,13.73022174835205,175400,22.37450045599471,18.723682003326797,19.392435257921452,21.490881665256026,21.41975842126482,1.85,15.0,-0.68,3.41
LCII,2005-09-01,13.730230428216627,13.941465497087508,13.72104670098531,13.806764602661133,298400,22.44103805308978,18.719474814452916,19.40351239109179,21.429611151066783,21.424542394319758,1.86,16.0,-0.62,3.39
LCII,2005-09-02,13.837374636780803,14.42515635176283,13.837374636780803,14.272088050842285,262600,23.602559138013348,19.81745794328604,19.90675901085813,21.552361190115203,21.663637054994993,1.87,20.0,-0.56,3.12
LCII,2005-09-06,14.526182031528803,14.593531290005554,14.327192772648472,14.575163841247559,110600,24.074857427591713,20.202082335867484,19.86753376732555,21.66207331525629,21.706271781691445,1.88,20.0,-0.51,3.13
LCII,2005-09-07,14.642511127620221,15.08640817208712,14.642511127620221,15.08334732055664,300600,25.91825315596415,20.969226688964923,20.487926344120726,21.986231568636814,21.95211035135907,1.88,32.0,-0.35,2.77
LCII,2005-09-08,15.21499070748916,15.521127336743195,15.153763148074642,15.325200080871582,128800,21.15075609185206,21.126035587593904,20.45784000470956,22.04312603514981,21.998630290227716,1.87,32.0,-0.16,2.77
LCII,2005-09-09,15.631334586305233,15.67419352172661,15.30682938297161,15.533370971679688,152200,21.235978401453945,21.22220732335331,20.499153147852756,21.99097079473575,22.015833792438727,1.87,35.0,0.09,2.73
LCII,2005-09-12,15.594598022912592,15.931348984452898,15.515003020551983,15.723176002502441,100800,21.32633588749405,21.304951855208408,20.550313631775165,22.003019028855398,22.034398040449823,1.87,36.0,0.36,2.67
LCII,2005-09-13,15.72930177627823,15.72930177627823,15.306832862289804,15.386427879333496,95000,22.6081465972407,21.880268058602375,20.856336253137744,22.180520225126685,22.15205401511011,1.86,44.0,0.39,2.48
LCII,2005-09-14,15.459897747039793,15.502756682655889,15.294583708676218,15.306829452514648,38800,22.737235463209597,21.908484157223835,20.86750735887066,21.976867006029682,22.06836795755068,1.85,45.0,0.37,2.47
LCII,2005-09-15,15.34356523283826,15.453774589711905,15.208865556558465,15.312952041625977,45400,22.622811571822496,21.870911106033507,20.860365484053638,21.907695457642397,22.039681594385595,1.85,45.0,0.34,2.48
LCII,2005-09-16,15.312952041625975,15.453774589711905,15.17825236534618,15.312952041625977,78900,22.563257341113875,21.8756095291612,20.83148253695712,21.876607648811415,22.025692138414897,1.85,43.0,0.28,2.51
LCII,2005-09-19,15.251728178650586,15.306832870409554,15.092536976660085,15.178256034851074,42300,22.836316661874893,21.831444194106233,20.904837026083587,21.90353226315824,22.046347220770176,1.84,50.0,0.19,2.44
LCII,2005-09-20,15.184370800400517,15.355807670609714,15.00681222752147,15.117021560668945,57900,22.924617053127815,21.871869964537304,20.919737288821587,21.91407136884259,22.052503316453613,1.84,51.0,0.08,2.43
LCII,2005-09-21,15.14763694833674,15.251723426134385,15.031304727782123,15.202741622924805,128100,22.93262197470436,21.88120669816226,20.887038948753172,21.917717722863078,21.685158953368365,1.84,48.0,-0.07,2.46
LCII,2005-09-22,15.245598490937018,15.533367567678598,15.110898842299738,15.319071769714355,87600,22.95215433426233,21.254499716504107,20.674214074118904,21.92604795563869,21.56944927329668,1.84,38.0,-0.18,2.65
LCII,2005-09-23,15.42928881730007,16.22524370157037,15.368061249013417,15.998702049255371,166100,25.68795887574963,22.851065601235383,21.56000960075046,22.468832712135992,21.965721172006,1.83,54.0,-0.07,2.56
LCII,2005-09-26,16.102780972795312,16.157885641490463,15.857871982938072,16.084413528442383,87500,25.327813416033422,22.67118729418106,20.92128156985903,22.472133756950445,21.91915407574883,1.83,54.0,0.01,2.92
LCII,2005-09-27,16.090540307232807,16.090540307232807,15.355811991392263,15.582353591918945,194300,27.492978269231944,23.69605193049508,21.472305562198716,22.743537676326977,22.159075958735812,1.82,55.0,-0.09,2.75
LCII,2005-09-28,15.582358406867984,15.582358406867984,14.596597864875895,14.749666213989258,166500,32.378895616182135,26.26986223498045,23.316944559201662,23.701420637762048,22.85796396323871,1.82,62.0,-0.16,3.43
LCII,2005-09-29,14.902728047733932,15.79664625518814,14.83537762986716,15.747664451599121,211700,37.12828534703297,29.429203651506203,24.659160571925245,24.881580534801014,23.70532102625956,1.83,100.0,-0.25,4.6
LCII,2005-09-30,15.594592932257367,15.949711226516362,15.539488268681136,15.802765846252441,105200,37.04524934125996,29.428334137027562,24.65118229175189,24.882308732024498,23.706204803513238,1.84,99.0,-0.33,4.61
LCII,2005-10-03,15.955832997296616,15.992570215694915,15.8701151566699,15.919096946716309,210800,36.98487269913324,29.445078653156955,24.657735086857894,24.886782454383987,23.6606387970271,1.86,99.0,-0.4,4.6
LCII,2005-10-04,15.919103632259633,16.072171936415977,15.735422134399414,15.735422134399414,166000,36.95743499649581,29.43769317127836,24.698422498842753,24.87396802948827,23.690760529578736,1.87,100.0,-0.49,4.56
LCII,2005-10-05,15.735421144312422,15.735421144312422,15.251724773060122,15.306829452514648,106100,37.41263952999945,29.95463195160018,25.128918212626637,25.050565581350128,23.824438430833172,1.89,100.0,-0.58,4.19
LCII,2005-10-06,15.184376422546597,15.882368734978884,15.000694911169903,15.527250289916992,131000,37.15869741900978,30.05241875485773,25.206681349743764,25.083726093278862,23.422641477094604,1.91,100.0,-0.66,4.1
LCII,2005-10-07,15.551735968147545,15.980327590440101,15.551735968147545,15.888486862182617,109200,37.45336138862841,30.30308754329737,25.41360981561052,25.191921385952437,23.467962535468192,1.94,100.0,-0.72,3.89
LCII,2005-10-10,15.888490438555758,15.949716825963508,15.735422134399414,15.735422134399414,137700,37.75459985482312,30.39283735444551,25.48186099594445,25.228675220348972,23.494916732587594,1.97,100.0,-0.79,3.82
LCII,2005-10-11,15.735423224246086,16.127277736324533,15.521127350021224,15.778282165527344,93000,37.67793475607101,30.375742006679076,25.449304867656785,25.220951176132118,23.454102670654787,2.0,99.0,-0.85,3.86
LCII,2005-10-12,15.704809582434136,15.710932455444103,15.061923098029506,15.263973236083984,164500,39.14089084467453,31.208246250384736,26.009042737069958,25.55043429649333,23.710769904513523,2.04,100.0,-0.9,3.5
LCII,2005-10-13,15.172132476571697,15.306832179335144,14.700681765171707,15.263973236083984,101600,38.15335598288997,31.209447472143196,26.006776747942684,25.54313873673941,23.564176766042486,2.08,99.0,-0.95,3.51
LCII,2005-10-14,15.35581693958229,15.521131039089262,14.976206914916526,15.374185562133789,153700,38.16385602368176,31.218763569431555,26.019312205726486,25.550540108227526,23.56531306200199,2.12,100.0,-1.0,3.49
LCII,2005-10-17,15.435408034897009,15.612967837523708,14.872117767354895,15.355813026428223,77500,37.13631086376126,30.923196677595104,25.876420964458035,25.54243187782695,23.56680676515052,2.15,97.0,-1.06,3.62
LCII,2005-10-18,15.53337078808523,15.53337078808523,15.123147718757428,15.15376091003418,69700,36.974405642788795,30.93476328245557,25.99017069868416,25.5960223809206,23.611360526881285,2.19,97.0,-1.1,3.52
LCII,2005-10-19,15.153759410048373,15.600718498229979,14.847622856310021,15.60071849822998,73400,36.59997345701047,31.452068413231306,26.136856290719724,25.795819335279262,23.766005580602634,2.22,100.0,-1.15,3.42
LCII,2005-10-20,15.674196781132851,15.674196781132851,15.129272747667088,15.276219367980957,50500,36.867706329062734,30.00501093324612,26.22022941618648,25.934281920999002,23.808245771515125,2.26,100.0,-1.2,3.36
LCII,2005-10-21,15.282339241734547,15.876245021518953,15.233357430106622,15.661949157714844,60600,37.380186598895385,30.318093903297484,26.300352310582632,25.913229731625588,23.906322549761388,2.29,100.0,-1.24,3.3
LCII,2005-10-24,15.612963788823864,16.13339614868164,15.612963788823864,16.13339614868164,146100,38.19903567595789,30.829038174374872,26.663054648804064,26.11993969596244,24.056016318291327,2.33,100.0,-1.25,3.04
LCII,2005-10-25,16.929349619497426,17.03343608483657,16.739545300755992,16.776281356811523,415500,39.132731736832916,31.69896266961504,27.28294795057211,26.483136690725356,24.340990356557647,2.39,100.0,-1.11,2.71
LCII,2005-10-26,16.868125034206038,17.076298001332173,16.77628429407824,16.95384407043457,156000,39.116198131021804,31.72087128707379,27.303717609967855,26.484871789461078,24.305546006886907,2.44,100.0,-0.95,2.69
LCII,2005-10-27,16.941597257393912,16.95384300005605,16.65382931174344,16.8436336517334,1374900,39.2137507443752,31.743287046581557,27.342040898469143,26.484297522274442,24.286048369948173,2.49,100.0,-0.89,2.66
LCII,2005-10-28,16.837517193385533,17.143653869628906,16.837517193385533,17.143653869628906,188600,39.42280269215785,31.84580281991608,27.425313433978086,26.54607190027372,24.22526640033577,2.54,100.0,-0.77,2.59
LCII,2005-10-31,17.137526262095232,17.664081573486328,17.137526262095232,17.664081573486328,141100,39.94241207339332,32.27761684666427,27.756617766944526,26.731200680105648,24.374950506888165,2.6,100.0,-0.48,2.38
LCII,2005-11-01,17.66407884363111,17.694692030940676,16.984455341431012,17.364065170288086,112100,40.37919697918556,32.566639534656915,27.94241351116128,25.13695217768172,24.433817579021728,2.66,100.0,-0.43,2.26
LCII,2005-11-02,17.449785084164702,18.41105375984494,17.449785084164702,18.337581634521484,128100,42.89636564181087,34.16994142171998,29.00770425011946,25.89037480632835,24.98298442124159,2.74,100.0,0.03,2.15
LCII,2005-11-03,18.980468944373992,19.225377987511905,17.86613192223266,18.000831604003906,244500,43.48939781851301,34.50458874815051,29.199068600970605,25.90083460254927,25.07134192654395,2.83,100.0,0.11,2.05
LCII,2005-11-04,18.153894687747187,18.521258730848295,18.049808228332175,18.21512222290039,139500,42.02825992415096,34.53692429046728,29.22005286275376,25.894529019358934,25.06901742448944,2.91,100.0,0.19,2.03
LCII,2005-11-07,18.276355017400117,19.776423637325447,18.276355017400117,19.38456916809082,207400,45.257367231325524,36.36586649280077,30.6809392760673,26.518495014627597,25.759037113677767,3.02,100.0,0.81,1.97
LCII,2005-11-08,19.22537565962688,19.22537565962688,18.049811227088487,18.098793029785156,230500,49.05228242276119,39.42648177962595,32.76155650226625,27.80263480519863,26.72994007100608,3.19,100.0,0.66,2.36
LCII,2005-11-09,18.09879566975058,18.331460142360893,17.71306406322717,18.28247833251953,163100,45.65382185468837,39.40570179115683,32.764333941879215,27.788053251667073,26.691543347921243,3.35,100.0,0.53,2.36
LCII,2005-11-10,18.221248038195117,19.133534839189476,18.153897621859315,18.986589431762695,148800,43.221463056397674,39.96329168849538,33.20670885999191,28.09735202819228,26.878754980240977,3.51,100.0,0.54,2.16
LCII,2005-11-11,18.919240766365448,18.92536363821884,18.184513661233993,18.35594940185547,69500,44.74984480026172,40.729002446691,33.731826167967775,28.42084622473925,27.123272199151405,3.67,100.0,0.39,1.94
LCII,2005-11-14,18.368195752619993,18.368195752619993,17.8355175619539,18.000831604003906,133200,45.301874507185744,41.013908263224515,33.853983224787136,28.537780044369292,27.20689874925663,3.84,100.0,0.23,1.88
LCII,2005-11-15,17.847763135903346,17.964095368216647,17.345699310302734,17.345699310302734,167400,46.65023060166848,41.76127222760644,34.45147581905496,28.912871110336262,27.490778459332653,4.0,100.0,0.11,1.66
LCII,2005-11-16,17.345699922557756,17.49264535222628,16.95996831565519,17.082422256469727,203500,46.0750472582231,41.628644750319026,34.57049574904362,28.873633325404953,27.541077607398346,4.16,100.0,0.0,1.6
LCII,2005-11-17,17.14977158482462,17.21099913522045,17.051807971318645,17.13140296936035,216500,45.964664217696075,41.49765260910364,34.330779777943405,28.86888331724889,27.520741278720372,4.31,98.0,-0.1,1.71
LCII,2005-11-18,17.143648180133592,17.174261370470777,17.021193083148155,17.076297760009766,141600,45.61396487211821,41.52475750245234,34.32747897496044,28.874750513176416,27.5259439646155,4.45,97.0,-0.2,1.71
LCII,2005-11-21,17.070171878439574,17.40079988131047,17.070171878439574,17.351818084716797,306800,45.6301794738183,41.59053981016142,34.32065661135711,28.921447860383743,27.558522413208042,4.58,96.0,-0.3,1.72
LCII,2005-11-22,17.357944243343805,17.419171792638625,17.32732988478721,17.38855743408203,332100,45.63113778443526,41.56625624383356,34.30948685532692,28.8808689321628,27.556499502928432,4.71,95.0,-0.41,1.72
LCII,2005-11-23,17.44978020229837,18.208998569207573,17.437534462230953,18.190629959106445,147800,45.84434361203795,42.27244338279012,34.939772592504916,29.31985664639467,27.88782237562924,4.84,100.0,-0.51,1.53
LCII,2005-11-25,18.245741664707975,18.306969220861724,18.068183036462443,18.270233154296875,26500,45.81340720097574,41.845380532037716,34.93377555276502,29.319578906697814,27.879456872568177,4.97,99.0,-0.6,1.54
LCII,2005-11-28,18.306965992624338,18.343702052711176,17.749797548731035,17.847761154174805,205700,46.59484097079572,42.24065381840407,35.17340558584687,29.435084079810075,27.865523972871877,5.1,100.0,-0.69,1.44
LCII,2005-11-29,18.062058837237334,18.209004260520715,17.87837735008771,18.16614532470703,215600,46.69876992849413,41.90679961321461,35.254356398951074,29.474557511197762,27.85012208538255,5.22,100.0,-0.77,1.4
LCII,2005-11-30,18.160019425868242,18.582488177277863,17.896741815103088,18.441665649414062,179200,46.42573072441082,41.821288278944536,35.25062408250456,29.504716582696837,27.879321963173464,5.33,99.0,-0.84,1.4
LCII,2005-12-01,18.441670314204323,18.551878515310662,18.2396201937816,18.423301696777344,114300,45.97382300819917,41.35000369132021,35.20161556226958,29.43321001167946,27.88048037063288,5.42,98.0,-0.9,1.42
LCII,2005-12-02,18.368196002507613,18.49065110965171,18.01307759317187,18.06205940246582,154400,45.91403693884342,41.533432929194355,35.36537638372541,29.46822865398258,27.96374541918956,5.51,100.0,-0.97,1.35
LCII,2005-12-05,18.062059156742993,18.062059156742993,17.572241070467168,18.000831604003906,97100,45.60958554984709,41.49085507750343,35.338196101054436,29.421038952050804,27.968280871181143,5.6,99.0,-1.02,1.36
LCII,2005-12-06,17.9702201398402,18.153901647904704,17.657960641875704,17.688573837280273,164700,45.409191752662664,41.63972432844646,35.47652858957685,29.51613442789098,27.696528436814038,5.68,100.0,-1.07,1.3
LCII,2005-12-07,17.68856913961366,18.031442909742086,17.68856913961366,17.93347930908203,108100,44.2424217340055,41.41369258784684,35.51219727907598,29.51163652249805,27.717357044792205,5.75,100.0,-1.11,1.29
LCII,2005-12-08,17.933479058580154,18.288597397966978,17.878374388001316,18.12328338623047,155000,44.24241579768624,41.41347719428127,35.533024995597486,29.52159692137298,27.726036223949578,5.81,100.0,-1.15,1.28
LCII,2005-12-09,18.123288310284188,18.18451586843141,17.82327455996319,17.982465744018555,43900,44.26592137856653,41.46796447236636,35.570533746091876,29.472658803930152,27.735004977812544,5.87,100.0,-1.18,1.26
LCII,2005-12-12,18.062055844718625,18.160019444010285,17.878374388001316,18.12328338623047,66900,44.05821530857892,41.47725799881483,35.56967937886396,29.146825620837163,27.73523102975526,5.93,99.0,-1.21,1.26
LCII,2005-12-13,18.153900146484375,18.55187749292174,18.153900146484375,18.153900146484375,141300,43.24855853410112,41.4070922016977,35.430073926529545,29.142939741046064,27.717120950960485,5.98,95.0,-1.24,1.32
LCII,2005-12-14,18.12940844781349,18.215126315596773,17.964094416101414,18.117162704467773,52500,42.92132553037615,41.394536192527795,35.35574911107142,29.14330198290221,27.687134173545232,6.02,93.0,-1.26,1.35
LCII,2005-12-15,18.11716253522509,18.11716253522509,17.43753896752533,17.57836151123047,104800,40.778827466558695,41.94518159055302,35.72672797695674,29.398510428242886,27.771085143259516,6.07,100.0,-1.27,1.22
LCII,2005-12-16,17.578362818087253,17.602854306370705,17.388558455164244,17.47427749633789,151600,40.481496394445664,41.96540536997217,34.79174746268774,29.414460981393304,27.777647304376252,6.11,84.0,-1.26,1.38
LCII,2005-12-19,17.388551700809696,17.65795212819043,17.03343343336972,17.455902099609375,65800,40.298645250655944,41.08021235966131,34.77121309135374,29.12645150039036,27.772458541527236,6.15,83.0,-1.26,1.39
LCII,2005-12-20,17.511012964263944,18.013076778782725,17.449785413460052,17.829395294189453,103700,36.21406747129482,41.27184539512365,34.89648302905044,29.169619107926298,27.835877219201294,6.18,84.0,-1.25,1.33
LCII,2005-12-21,17.829395613348456,17.829395613348456,17.584485405748826,17.755922317504883,96300,30.37802324088032,40.70080018411085,34.90808373543526,29.170715311594993,27.789855461508616,6.22,84.0,-1.24,1.32
LCII,2005-12-22,17.69469699365455,17.908992868378345,17.602856238149656,17.682451248168945,62100,30.220716709118882,38.95117328718018,34.915441747417304,29.117419346648926,27.785058323980692,6.24,84.0,-1.23,1.32
LCII,2005-12-23,17.633469729984963,17.75592485125901,17.4620339615836,17.584487915039062,22700,27.893691752403242,36.74471515752317,34.92024751402545,29.106877872613723,27.794381607621304,6.27,84.0,-1.2,1.32
LCII,2005-12-27,17.633469729984963,17.74980197841345,17.553874718629842,17.584487915039062,45500,26.27952475853146,36.744971706237585,34.9117479439705,29.107692163649173,27.67020551912584,6.29,82.0,-1.18,1.32
LCII,2005-12-28,17.645710820868683,17.78653335571289,17.6089747613046,17.78653335571289,35000,25.956034464213356,36.7809186377728,34.93712700704534,29.072865072025046,27.647724919004062,6.31,85.0,-1.15,1.31
LCII,2005-12-29,17.725306120896246,17.847760036120814,17.572237851001866,17.71306037902832,33100,23.556619053627827,36.69600486300837,34.9517643783848,28.97933990372535,27.635797190430665,6.32,86.0,-1.12,1.3
LCII,2005-12-30,17.664085262068074,17.664085262068074,17.14365271397302,17.259984970092773,52300,24.369900729658987,36.63894345910778,35.24402068346972,29.16611570054547,27.76973668016034,6.34,88.0,-1.07,1.19
LCII,2006-01-03,17.29671929461687,18.637598037719727,17.29671929461687,18.637598037719727,315900,32.944283076397355,39.64941656535697,37.170151338537345,30.42105377786477,28.765436734199497,6.37,100.0,-1.03,1.39
LCII,2006-01-04,18.63759602853566,18.67433209254824,17.645712957648733,17.755922317504883,223600,36.12009461144138,40.80118914139437,38.058383952644725,31.00646270111684,29.204892562411782,6.41,100.0,-0.99,1.23
LCII,2006-01-05,17.847764020052637,18.551877985173633,17.81715082636765,18.368196487426758,262100,37.111958813893594,41.25017332674596,38.33317977369834,31.229314554476673,29.378438957802782,6.45,100.0,-0.94,1.12
LCII,2006-01-06,18.306965928404562,19.13353486827782,18.23961667978466,18.919239044189453,145700,37.96840705280505,41.61915963587723,38.561686613536665,31.367550793798195,29.50571477261062,6.49,100.0,-0.89,1.03
LCII,2006-01-09,18.980464616334796,19.072305340592138,18.4906466417502,18.643714904785156,274200,36.089636929769206,41.102605111095784,38.652708857287585,31.425033838753624,29.55325311145087,6.53,100.0,-0.85,1.0
LCII,2006-01-10,18.58248952787078,18.943730764085082,18.54575346745765,18.796785354614258,74800,36.139035068945844,41.10843941340227,38.65806852972364,31.428040653462674,29.51669897414578,6.56,100.0,-0.79,0.99
LCII,2006-01-11,18.7967834563584,18.7967834563584,18.337578660204546,18.47840118408203,45800,35.81444474666329,41.31506437065338,38.777655837571295,31.50266431045673,29.571659738277674,6.57,100.0,-0.74,0.95
LCII,2006-01-12,18.44778769874509,18.502892370303062,18.141651153564453,18.141651153564453,43500,35.89413354040336,41.54050765216903,38.91853979063222,31.59760264955796,29.641281428891155,6.57,100.0,-0.67,0.91
LCII,2006-01-13,18.29471586837697,18.521257381595085,18.29471586837697,18.3620662689209,41100,35.79557627970519,41.44734929590388,38.868431392434275,31.613930077403275,29.65884050028341,6.58,99.0,-0.62,0.92
LCII,2006-01-17,18.34370552989659,18.34370552989659,18.12328795977547,18.33146095275879,39600,35.79749568678502,41.10526557908297,38.68259138359525,31.604314151212463,29.6585976563899,6.57,97.0,-0.6,0.98
LCII,2006-01-18,18.36819427205634,18.704944033250037,18.294720981128044,18.53350830078125,37000,35.43973691636092,40.839089098552684,38.62713768351757,31.5361445890211,29.635244525927085,6.57,94.0,-0.63,0.99
LCII,2006-01-19,18.778417022650313,19.549881309827356,18.711066604365694,19.22537612915039,125300,36.89276512875732,41.17430883617044,38.980551500399315,31.752280544544025,29.79830913078827,6.55,100.0,-0.69,0.87
LCII,2006-01-20,19.225373376922477,19.623350622556806,19.19476019180374,19.562124252319336,79400,36.65862548104184,40.9159489371075,39.038229680693185,31.560478994248104,29.829560631012438,6.52,100.0,-0.77,0.85
LCII,2006-01-23,19.623351487289522,19.70906934365379,19.56212511435402,19.635597229003906,44800,36.526560244736224,40.2281623431359,39.023764192274506,31.504562573971278,29.818284460092524,6.49,99.0,-0.91,0.85
LCII,2006-01-24,19.653968539881337,20.866271516076345,19.653968539881337,20.86014747619629,150100,40.11362952973776,41.91556572263014,39.96352462806031,32.241013200900234,30.38287880791522,6.46,100.0,-0.81,0.74
LCII,2006-01-25,20.939745878024034,20.994850564636092,20.57238052206463,20.878517150878906,141600,39.957384105831636,41.86773098217809,39.686252942210075,31.92527577083895,30.377461151029905,6.43,99.0,-0.68,0.84
LCII,2006-01-26,21.062197765864774,21.429560729835828,20.909129474937377,21.423439025878906,188300,40.40439000245261,42.016904550134356,39.833330533939126,32.03640211615165,30.463636719510905,6.4,99.0,-0.42,0.78
LCII,2006-01-27,21.49079602799939,21.93163363616766,21.2397640201564,21.735706329345703,168100,40.46729767993285,41.72401806416647,39.59981228584934,32.063899486255245,30.48053754400126,6.37,97.0,-0.12,0.86
LCII,2006-01-30,21.674471990040708,22.323480080519353,21.643856461847893,22.084693908691406,147900,40.49234014180644,41.57710540490625,39.5530789016644,32.07286876999741,30.508383942114776,6.33,96.0,0.2,0.88
LCII,2006-01-31,22.09082083821642,23.18678822315511,21.913261028274306,23.05208969116211,483700,40.25989662390339,41.03612804355613,39.74284969906076,32.40735175626444,30.768436843179636,6.3,98.0,0.79,0.84
LCII,2006-02-01,23.235768333653645,23.260259822129058,22.556144710100774,22.739826202392578,88900,40.569429924578536,40.93438370365897,39.79881632565851,32.46907877612317,30.8059228966699,6.26,98.0,0.93,0.83
LCII,2006-02-02,22.654105045605583,22.654105045605583,21.919376847269444,22.360214233398438,89400,41.15542823143124,41.118129103754676,39.90469230513777,32.54709020852243,30.862889913296605,6.22,99.0,0.86,0.81
LCII,2006-02-03,22.311235277448407,22.488795071653875,22.164291012727105,22.396955490112305,45500,41.01175743337894,39.24931055827131,39.88255602779734,32.54744426004757,30.86263772922131,6.17,98.0,0.76,0.82
LCII,2006-02-06,22.550026688961218,22.58676159203746,21.949996801493484,22.152048110961914,113400,41.230115667320035,36.47280242807262,39.746904913889715,32.5724983309978,30.78519043316573,6.12,95.0,0.63,0.86
LCII,2006-02-07,22.164291784585767,22.164291784585767,21.949994748918716,22.047958374023438,114500,41.244119214850954,36.48235105566375,39.744280485013554,32.558060648613235,30.793201677532284,6.06,94.0,0.5,0.86
LCII,2006-02-08,22.109189152238923,22.109189152238923,21.845911447393732,22.035717010498047,111500,41.13342164459123,35.76530482638986,39.74655770146109,32.55736782124614,30.793486935341775,6.0,94.0,0.37,0.86
LCII,2006-02-09,22.103061394675272,22.170411819794964,21.94999309599847,22.017343521118164,103600,41.14738421989713,34.96702562899593,39.74872255854218,32.56067119543434,30.784541484788736,5.93,95.0,0.25,0.86
LCII,2006-02-10,22.103055824863286,22.12142560430853,21.331592821615597,21.552011489868164,122200,41.96430260620769,35.0193100526552,39.89818029953089,32.61625573971884,30.864560482748026,5.86,98.0,0.14,0.81
LCII,2006-02-13,21.545888288809575,21.552012327408075,20.676461658733256,21.12342071533203,135600,42.562639868204016,34.355798292340644,40.056427099349605,32.730052923594165,30.948263947384103,5.78,100.0,0.04,0.77
LCII,2006-02-14,21.123422003994122,21.368332178874752,21.08668477707107,21.270368576049805,139700,41.482345053237346,34.14374338061001,40.05881612547626,32.648149069344846,30.943296065123644,5.69,100.0,-0.06,0.77
LCII,2006-02-15,21.20913746653344,21.64385075894168,21.15403280019745,21.398942947387695,62300,35.81449605388755,34.14676697850132,40.05529206435041,32.56538078512031,29.916677434947065,5.59,98.0,-0.15,0.77
LCII,2006-02-16,21.735697421827616,21.735697421827616,20.854024902447513,21.40506935119629,171200,32.135715964731496,34.123923586400046,39.53894069237388,32.49604611188916,29.916257969619526,5.49,83.0,-0.24,0.92
LCII,2006-02-17,21.41119611544945,21.52140548635098,20.99485012218524,21.362213134765625,81700,31.117924328906543,34.047523652080095,39.544639965913134,32.50015360592121,29.852636917837238,5.38,83.0,-0.33,0.92
LCII,2006-02-21,21.368337720761826,21.484668799400545,21.178532169221363,21.2336368560791,85800,30.381537088720595,34.10227912698248,39.182031828324945,32.511269526222414,29.8459891059354,5.26,81.0,-0.4,1.02
LCII,2006-02-22,21.245875854411437,21.46017049322747,21.06219440176392,21.2397518157959,99800,29.894728556807255,32.976197825805215,38.06558151677194,32.50916583311239,29.64544132543983,5.16,68.0,-0.47,1.12
LCII,2006-02-23,21.23975371460759,21.23975371460759,20.743813981686454,20.80504035949707,65600,30.731503590505426,33.316054858884634,36.9440915995279,32.626929309000374,29.709931956621556,5.08,65.0,-0.52,1.19
LCII,2006-02-24,20.798924408154104,20.805046113373553,20.55401415790568,20.62136459350586,75000,30.345868893743422,32.971249453539805,36.990141809338894,32.6471986113462,29.712873598680456,5.0,65.0,-0.56,1.18
LCII,2006-02-27,20.621360524202355,20.725445841854114,20.21726032598139,20.284610748291016,121100,30.22911695801317,33.03818335454636,37.10636711336808,32.72438478141051,29.772500048244666,4.91,65.0,-0.58,1.15
LCII,2006-02-28,20.32747198826759,20.511153492716748,19.807038334085085,19.868267059326172,180900,30.929049490467865,33.240373771219204,37.222408958212725,32.83927383583016,29.854625169021947,4.82,66.0,-0.58,1.11
LCII,2006-03-01,19.89888365789825,20.3274754653497,19.78255256349694,20.100934982299805,138600,31.00887946493683,33.30488045983211,36.93904657755117,32.79657571892567,29.86748878496841,4.73,61.0,-0.58,1.18
LCII,2006-03-02,19.94785170248334,21.40505948625474,19.83764239639835,21.38669204711914,239900,35.36063225252799,35.23846581931734,38.07819039241021,33.54113394243233,30.45485684078234,4.64,68.0,-0.63,1.05
LCII,2006-03-03,21.38057860204573,21.71733072392673,21.245880088930186,21.496912002563477,149300,34.04712075913824,35.2176153592013,37.94716652211502,33.53791393089632,30.38058735976318,4.56,65.0,-0.67,1.11
LCII,2006-03-06,21.735697645719956,22.439812729061376,21.735697645719956,21.99285125732422,367800,34.27247558346224,35.18633793778399,38.02071833253658,33.62109818741623,30.445058634108378,4.47,65.0,-0.72,1.06
LCII,2006-03-07,22.054081653126122,22.145921234695834,21.068321395740472,21.172409057617188,122200,36.363015341677176,36.137016486940425,38.58367877532154,33.964107631718306,30.71278952457488,4.37,70.0,-0.74,0.94
LCII,2006-03-08,21.184653829620988,21.374459380762538,20.694835689491168,21.300987243652344,88100,31.978269023902016,36.107597850777324,38.14997627106603,33.95973773242681,30.71499744924043,4.28,67.0,-0.79,1.04
LCII,2006-03-09,21.35608891938981,21.582629339327855,21.209142330250366,21.25812530517578,68200,31.98783067693423,36.05521318608667,38.155794591668354,33.95578745486056,30.69165924179475,4.19,67.0,-0.84,1.04
LCII,2006-03-10,21.196897390039705,21.582630157470703,20.939743768843634,21.582630157470703,56500,31.404814368351424,36.13022334349258,38.19727243500255,33.98769590897453,30.714908581987416,4.09,67.0,-0.9,1.02
LCII,2006-03-13,21.980602902690837,22.01733779000357,21.337714347082706,21.380573272705078,118800,31.227020951286605,36.21770145100789,38.24458067056887,33.980916472512554,30.73663775710804,3.98,67.0,-0.96,1.0
LCII,2006-03-14,21.472415315713473,21.472415315713473,20.927492684075037,20.98259735107422,82100,31.256251073218174,36.47369008488445,38.31572797910967,34.07603135389436,30.780010332000117,3.87,67.0,-1.04,0.98
LCII,2006-03-15,21.276494567791246,21.588752884846897,20.823411353631386,21.576509475708008,127700,29.662316648878967,36.195636464002035,38.29633130022663,34.20724712019095,30.875147943653726,3.75,66.0,-1.11,0.99
LCII,2006-03-16,21.57650771252989,21.637734095769066,21.37445644369436,21.490787506103516,148400,29.47027770028062,36.17624323447971,38.11665039486522,34.084412888754095,30.87595600424244,3.63,61.0,-1.23,1.04
LCII,2006-03-17,21.576506287602697,21.67446989569788,21.411192261010207,21.4295597076416,208200,29.13052186771309,36.18769351554035,37.97222450127572,34.08291834679958,30.830261130810836,3.5,56.0,-1.33,1.12
LCII,2006-03-20,21.49079348272594,21.729582049294525,21.14179786280545,21.460180282592773,91100,29.12863575663764,35.999725559689004,37.73401903173857,34.04145395015707,30.773842789226936,3.36,54.0,-1.39,1.23
LCII,2006-03-21,21.42955729479643,21.64385193348984,20.866267195581536,20.988719940185547,79200,29.62618795798634,36.3437488484343,37.48997455020162,34.15990072398116,30.835255806382335,3.24,53.0,-1.42,1.35
LCII,2006-03-22,21.01933459868199,21.637729341824986,21.01933459868199,21.552011489868164,83100,30.71909213781115,36.635088260875555,37.66491706630772,34.25664460139025,30.929142341764926,3.11,53.0,-1.46,1.26
LCII,2006-03-23,21.64385134758532,21.71732579512242,21.27648845244511,21.63772964477539,66000,30.74966685505019,36.588743556010286,37.638472733425985,34.253422645308376,30.905825450017304,2.98,52.0,-1.5,1.27
LCII,2006-03-24,21.63772946822296,22.194897844833324,21.521398430692905,22.103055953979492,75600,31.39650141676621,36.76230636243171,37.67995394792942,34.32504313087419,30.959340561901506,2.83,53.0,-1.53,1.25
LCII,2006-03-27,22.14591828692048,22.372461029706045,22.127550840178767,22.2867431640625,94100,30.803074805544643,36.74011519162595,37.435766139069706,34.32985486612167,30.91569792532553,2.69,49.0,-1.55,1.36
LCII,2006-03-28,22.256125865930695,22.280617350059995,22.158162265049974,22.201021194458008,91600,30.185152360571742,36.73753889244411,37.319282766821374,34.30345826630937,30.694634217829254,2.53,48.0,-1.57,1.4
LCII,2006-03-29,22.32347569746551,22.654103717681714,22.194898912593573,22.531648635864258,76300,30.389391823384642,36.27727132446229,36.42964863031843,34.30436288718585,30.71592190430488,2.41,41.0,-1.58,1.6
LCII,2006-03-30,22.623490154360116,22.623490154360116,20.609111215701944,21.509153366088867,260000,33.42635385946159,34.52907873660757,37.094549112985135,34.78248534216715,31.102791097544713,2.28,44.0,-1.59,1.48
LCII,2006-03-31,21.307110482835192,21.91326208064385,21.307110482835192,21.766315460205078,146800,33.59841723025871,32.91011072334889,37.09490077142983,34.7789270524926,31.11654359062279,2.14,44.0,-1.61,1.48
LCII,2006-04-03,21.82754196926561,22.07244986420888,21.503035563401113,22.047958374023438,137900,33.77553903231397,32.3547832010056,35.854367751016284,34.7985193767139,31.133344164618716,2.04,38.0,-1.63,1.64
LCII,2006-04-04,22.047963044125986,22.531659567376227,22.047963044125986,22.47655487060547,140500,34.1078903920007,32.06165442416452,34.166424113146604,34.848417751353864,30.987021415206158,2.01,5.0,-1.63,1.39
LCII,2006-04-05,22.62961458849194,23.260257507988833,22.482670343532593,23.223520278930664,112000,35.24907369298255,32.42211687794901,34.48671540011845,35.02852328510488,31.1024201484839,1.98,10.0,-1.6,1.24
LCII,2006-04-06,23.254131581398884,23.254131581398884,22.654104235965896,22.905136108398438,79500,34.90277430995498,32.60379495857382,34.109225269248824,35.08318023132148,31.140897962576403,1.97,3.0,-1.6,1.41
LCII,2006-04-07,23.058212602234477,23.058212602234477,22.127556897172997,22.354097366333008,131700,35.64872517350988,32.83105824463862,33.890501879937254,35.22257230014749,31.213703360648847,1.96,2.0,-1.6,1.46
LCII,2006-04-10,22.28674880495232,22.923511254745076,22.0846974971066,22.53778076171875,104500,35.21097344991484,32.53588139667651,33.728026403949045,35.15171641142859,31.20318881936518,1.97,1.0,-1.6,1.51
LCII,2006-04-11,22.501041361198403,22.501041361198403,21.527526825206788,21.89488983154297,128700,35.77744155604836,33.16020824620673,33.510670745624466,35.30307883352994,31.36113231120852,1.98,1.0,-1.59,1.54
LCII,2006-04-12,21.741815520397935,21.876516342163086,21.613238737241957,21.876516342163086,97200,35.70546250475534,33.155732098277355,33.39552955005951,35.3010179501528,31.32518679654445,2.0,1.0,-1.59,1.58
LCII,2006-04-13,21.8459116435943,21.888770587964505,21.643860332445648,21.766315460205078,54200,31.03056979668562,33.15279110954434,33.416799674461664,34.77498936913652,31.2646855198392,2.02,2.0,-1.58,1.58
LCII,2006-04-17,21.69896030319039,21.827539443969727,21.61936647275174,21.827539443969727,100700,31.00818578947262,32.388304238717,33.40471077864655,34.76137312627042,31.260412703608925,2.03,2.0,-1.57,1.58
LCII,2006-04-18,21.82754175764525,22.868404388427734,21.741821542827264,22.868404388427734,120400,33.183325708369054,33.51003133136858,34.06657852973636,35.14771176517865,31.534753585885888,2.03,7.0,-1.55,1.37
LCII,2006-04-19,22.990868601329726,23.297005339924365,22.868413438764282,23.217409133911133,74600,31.22908479704106,33.607943221776125,34.123052703621276,35.174386191645965,31.551661610678256,2.04,9.0,-1.52,1.33
LCII,2006-04-20,23.37045962355034,23.817420975310448,23.33372473783144,23.364337921142578,92800,31.23127755004637,31.39606236175881,33.45085091845818,35.172299464302355,31.55349624855319,2.06,4.0,-1.48,1.57
LCII,2006-04-21,23.609251018365033,23.609251018365033,22.696963093264642,23.358219146728516,99200,31.21055348367433,31.398503023764164,33.452356920293994,35.16263863673547,31.53777367358283,2.08,5.0,-1.44,1.57
LCII,2006-04-24,23.38883757902799,23.401083323760922,22.084694960433186,22.194904327392578,193700,34.704164254271696,32.81854903409488,34.27575833966089,35.73362346529234,31.987250271954302,2.09,13.0,-1.41,1.54
LCII,2006-04-25,22.21326138037715,22.256120299064996,21.65609310179927,21.919370651245117,208500,34.7954524273357,32.796628900355685,34.263076285609536,35.777267614285776,32.019692606373674,2.1,13.0,-1.37,1.58
LCII,2006-04-26,21.949989212705876,22.37858084030381,21.827536463937726,21.968358993530273,98900,34.29530318819976,32.63473073840471,34.19797550525281,35.776145311862045,32.0115893833013,2.11,13.0,-1.33,1.62
LCII,2006-04-27,22.041831135714386,22.213266852699604,21.44180379062965,21.90100860595703,114200,33.3878472759489,31.385934916256907,34.203800031460766,35.78254107623074,32.01476137016706,2.12,14.0,-1.29,1.62
LCII,2006-04-28,21.674466948261923,22.21326555169773,21.564257612187248,22.00509262084961,66100,33.38188191572265,31.292045355323882,34.0319890784856,35.781135491416705,32.0125837086207,2.14,9.0,-1.23,1.68
LCII,2006-05-01,21.949990936412675,21.980606461645383,21.643854369178822,21.864273071289062,142800,33.431662357534975,31.132901815731795,34.04751996439746,35.79680757262682,32.01561001558928,2.15,10.0,-1.17,1.67
LCII,2006-05-02,22.133674257077573,22.470424006480062,20.211134695318098,20.55400848388672,365200,38.01489827352347,33.57629681338824,35.391171348360444,36.57188411711737,32.59544879441125,2.15,31.0,-1.11,1.7
LCII,2006-05-03,20.560139989789764,20.590753189828273,19.592746986238275,20.100934982299805,215600,38.018497624606425,33.79279585064737,35.535795935309224,36.68624540208423,32.6556275756867,2.15,34.0,-1.05,1.66
LCII,2006-05-04,20.10093136422642,20.10093136422642,19.366201849544137,19.46416664123535,198700,38.07679524323434,34.364624217278205,35.89381580866507,36.90506614075558,32.661267170869266,2.15,38.0,-1.01,1.55
LCII,2006-05-05,19.439674398774645,20.572378901928786,19.317219289765212,20.480539321899414,157300,41.169504005156064,36.03913045074852,36.739010663407726,37.35542653068254,32.99315715630456,2.15,39.0,-0.94,1.33
LCII,2006-05-08,20.08255714218415,20.407063472274757,19.537634458804067,19.77642059326172,203800,41.65165497412705,36.697097574234824,37.1716042960698,37.60850359528329,33.199815860578205,2.14,46.0,-0.88,1.21
LCII,2006-05-09,19.75192859602442,19.84377049257149,19.500897893668636,19.65396499633789,110400,41.500820316810014,36.48269412790073,37.18834261577871,37.617845645183316,32.97863091733629,2.14,46.0,-0.83,1.21
LCII,2006-05-10,19.868265551661175,19.984596617336106,19.017205020487566,19.292728424072266,105300,41.70854217455731,36.450681907018094,37.31255217486875,37.658819118506685,33.0384902748713,2.13,47.0,-0.79,1.17
LCII,2006-05-11,19.38456698074716,19.38456698074716,18.52126197074295,19.04781723022461,176400,41.354327885773834,36.47945584396064,37.04787286171153,37.60019711930141,33.066888480529485,2.12,39.0,-0.77,1.25
LCII,2006-05-12,19.03557148748822,19.255990185469994,18.943730752601915,19.04781723022461,201200,39.51831954095915,36.44484377403066,37.032356541110055,37.5662633026237,33.05241746737488,2.11,38.0,-0.77,1.25
LCII,2006-05-15,18.741680447877346,19.0355712631777,18.643716842777227,18.919239044189453,184000,39.23347502183282,36.45514110183121,37.05101614449626,37.581036165551325,33.05894074608437,2.1,39.0,-0.77,1.25
LCII,2006-05-16,18.888625025376975,19.08455222696626,18.839643224979653,19.029447555541992,197500,39.01239071799495,36.49077072555287,36.916085582430874,37.581557396468625,33.061498598142016,2.09,33.0,-0.76,1.32
LCII,2006-05-17,18.937605467127486,19.07842798718943,18.735555409007,18.92535972595215,140400,38.33404402798474,36.488289764994924,36.92118047223901,37.58821027447819,33.06572303398154,2.07,33.0,-0.75,1.31
LCII,2006-05-18,19.047817826890252,19.22537643085662,18.9376084744471,18.96822166442871,157000,36.66153926771519,36.49563045260387,36.91405757737508,37.52904071924628,33.06501503967117,2.06,31.0,-0.76,1.31
LCII,2006-05-19,18.968222969571052,19.19476456160495,18.85801360954475,19.139659881591797,130500,36.87511495501939,36.349361335256,36.92355302651138,37.34470812584046,33.064625201973755,2.05,33.0,-0.77,1.3
LCII,2006-05-22,19.04781724177087,19.164148294382162,18.64371707377153,18.796785354614258,344100,36.647704143822494,36.47903589301999,37.04542123320053,37.41626450980585,33.10876459024013,2.03,37.0,-0.8,1.26
LCII,2006-05-23,18.94985314611619,19.133534611256948,18.796784869226137,18.85801124572754,113100,36.51207786815858,36.35816815235013,37.007708774774464,37.22943006747854,33.10819349295282,2.02,35.0,-0.82,1.28
LCII,2006-05-24,18.76616775761301,19.023322471741533,18.490645600358377,18.943727493286133,159500,35.964764024035176,36.14684104809153,37.00514015944169,37.15912609853873,33.10901382879311,2.01,34.0,-0.86,1.28
LCII,2006-05-25,19.004958535245375,19.360076904296875,18.986589920911943,19.360076904296875,133500,36.768666470162344,36.35387505370752,36.906820533875276,37.032687881190796,33.12610887394571,2.0,26.0,-0.99,1.28
LCII,2006-05-26,19.451920360461372,19.77030271318654,19.451920360461372,19.592742919921875,74300,37.058265911363385,34.04470464439899,34.90512561150428,37.01378367332654,33.141708195091766,2.01,20.0,-0.97,0.93
LCII,2006-05-30,19.500898116879096,19.500898116879096,19.1641472172612,19.280479431152344,119100,37.18230372366706,34.1463433096219,34.11840341133151,37.04266163667974,33.1222346577899,2.03,13.0,-1.03,1.02
LCII,2006-05-31,19.280483449142846,19.439674625585067,19.225378766227518,19.409061431884766,79400,34.12427897214376,33.80755648420338,33.71777782051292,37.02550032668678,33.07343524445039,2.06,7.0,-1.03,1.16
LCII,2006-06-01,19.47028664963796,19.807036431385466,19.317218354694838,19.68458366394043,79800,34.07045653464698,33.12160269153724,33.46758408073007,36.956847412296874,33.04025186122336,2.09,6.0,-1.01,1.26
LCII,2006-06-02,19.776424167604926,20.05806928296466,19.323342133448964,19.623355865478516,58300,33.895611758509645,33.08894470431017,33.38533688990999,36.95248719068085,33.043621497430024,2.12,1.0,-1.0,1.29
LCII,2006-06-05,19.562121972576463,19.562121972576463,18.76616640624922,18.772289276123047,81100,35.63083151126538,34.24112457502545,34.111398793921474,37.34625324213411,33.360337126137615,2.13,16.0,-1.0,1.15
LCII,2006-06-06,18.772295633682887,18.802908825601687,17.682448951224785,18.16614532470703,214900,34.03741812993676,34.619837365654746,34.402140923737825,37.56155524986291,33.53564298315737,2.14,24.0,-0.97,1.06
LCII,2006-06-07,18.196758516625827,18.760049889788,18.09267202915613,18.16614532470703,68800,34.044515799147334,34.597673557628084,34.27783970717772,37.543697931409945,33.534206757865434,2.15,24.0,-0.97,1.11
LCII,2006-06-08,18.153896022932894,18.453909682649122,17.45590510717751,18.386560440063477,108300,34.375108719205144,34.56314310364401,34.277694816098354,37.56160215290342,33.54746596594207,2.16,24.0,-0.98,1.11
LCII,2006-06-09,18.539627360002786,18.6804498735212,18.14164896502399,18.14777183532715,58500,34.424928077916476,34.054836389222395,34.339683980468585,37.594889082444475,33.57710591642364,2.17,26.0,-0.96,1.08
LCII,2006-06-12,18.147777074674718,18.184514307099896,17.47427749633789,17.47427749633789,88700,35.43736588949221,34.79926792576074,34.80954500916351,37.865410233301425,33.803588323061376,2.17,29.0,-0.81,0.97
LCII,2006-06-13,17.413048139770684,17.639588543834943,16.923228935203984,16.929351806640625,88900,36.10894962941536,35.27644470303375,34.63848443414342,37.715996195281235,33.91403376944199,2.17,29.0,-0.54,1.02
LCII,2006-06-14,16.561987429013243,17.033438011693637,16.50076105126736,16.6844425201416,82900,32.46499351007189,35.32503871081232,34.57206275056417,37.75220617998858,33.94769177215124,2.17,29.0,-0.31,1.05
LCII,2006-06-15,16.80689824944846,18.62534906449811,16.788529634736236,18.374317169189453,123300,43.84374460950029,40.70437105865549,37.90936056074754,39.243978770316936,35.26465144525089,2.16,67.0,-0.37,2.58
LCII,2006-06-16,18.36819238445962,18.36819238445962,17.866128646135305,18.12328338623047,262900,43.0961349041905,40.32612151208143,36.672395083107276,38.718207494835085,35.295326435823334,2.14,38.0,-0.48,2.96
LCII,2006-06-19,18.21512798800977,18.288601287011616,18.031446492232856,18.055936813354492,70100,40.02649474355663,40.30105894780487,36.67236925189596,37.95791064229551,35.298024933416755,2.12,38.0,-0.58,2.97
LCII,2006-06-20,18.09267520192648,18.33758545149852,17.731433868408203,17.731433868408203,91200,39.18955434529809,40.095214033587766,36.504800448937736,38.02220005935143,35.34873425595848,2.09,38.0,-0.66,3.12
LCII,2006-06-21,17.713063381442353,17.768168061370186,17.34569923786295,17.664081573486328,97400,39.182031787742,40.017803435959124,36.411453590946024,38.01743319731564,35.34340575031039,2.07,37.0,-0.73,3.2
LCII,2006-06-22,17.664078604282864,17.878374416000813,17.535500650124803,17.645709991455078,149100,38.92764732879462,40.02201787374668,36.29735730017676,37.99031225346643,35.344074274729564,2.05,37.0,-0.8,3.3
LCII,2006-06-23,17.67632979393085,17.75592480507896,17.602856487793794,17.651838302612305,115200,38.826203673530316,39.8442637768555,35.57243621808712,37.841341405170766,35.32422431492513,2.03,35.0,-0.85,3.73
LCII,2006-06-26,17.73755555417235,17.939605679072095,17.694696613711578,17.915115356445312,97500,39.146052319910275,39.03095712124332,35.63568039689425,37.84393834462287,35.35037778469719,2.0,36.0,-0.9,3.64
LCII,2006-06-27,18.006957391813543,18.349830107725854,17.927362377837312,18.0865535736084,54200,39.25974808954782,38.99535944047592,35.60926665210843,37.76614558018176,35.359395468208966,1.98,36.0,-0.96,3.62
LCII,2006-06-28,18.147772353085987,18.172263834997377,17.878373058969476,17.951845169067383,87200,39.23363030117711,38.86270981687576,35.61415642143125,37.758498780349036,35.26827395911926,1.95,37.0,-1.0,3.63
LCII,2006-06-29,18.104916049562995,19.31109484856412,18.104916049562995,19.29884910583496,76400,44.724654928936516,41.61250918808153,37.49882183179602,38.697330759079925,35.97337615826066,1.92,72.0,-1.02,3.27
LCII,2006-06-30,19.360078699824484,19.97847475924936,19.011082002031863,19.8376522064209,295900,45.39854132012683,41.43908580694405,37.7742859661866,38.6069675573483,36.03618845666709,1.9,77.0,-1.01,3.06
LCII,2006-07-03,19.745807089453915,19.745807089453915,19.041693271765716,19.096797943115234,79200,46.75123900951921,42.01275967450586,38.22810951671467,38.888807785908135,36.24599761600117,1.88,88.0,-1.03,2.89
LCII,2006-07-05,19.09679996358703,19.09679996358703,18.337581394222784,18.46003532409668,164000,47.50039405813439,42.26493599504021,38.57403072254462,39.10383375930338,36.39623870332029,1.86,92.0,-1.06,2.76
LCII,2006-07-06,18.52126537864083,18.77842018432974,18.0314472572422,18.172269821166992,164100,47.684284749773084,42.27398592694441,38.5113345321903,39.15308029121789,36.43360582981646,1.84,92.0,-1.1,2.78
LCII,2006-07-07,18.01919522234741,18.01919522234741,16.886489898207216,17.137521743774414,529700,50.45358344128393,43.45566284576661,39.453982352053295,39.74815612775057,36.918007961863346,1.83,96.0,-1.11,2.57
LCII,2006-07-10,17.19874902312505,17.45590373521598,17.064049380722405,17.235485076904297,216600,49.97259950004857,43.49715778891497,39.4472914592973,39.60914982806046,36.92103859093242,1.81,96.0,-1.14,2.58
LCII,2006-07-11,17.174260213541384,17.511011123657227,17.143647025266432,17.511011123657227,72600,50.09298526817315,43.6857377452682,39.52967384423734,39.5667083348978,36.922662951297944,1.8,98.0,-1.17,2.52
LCII,2006-07-12,17.41917618333925,17.602857709704352,17.24161636241014,17.37631607055664,96900,49.97286305615904,43.67279542719834,39.53829787203699,39.47433893036369,36.91774281636078,1.8,99.0,-1.19,2.53
LCII,2006-07-13,17.38243845009922,17.38243845009922,16.194629100080647,16.41504669189453,310600,52.200522945523254,43.723319483555734,40.48479929056077,39.903091662425545,37.36303513908191,1.82,100.0,-1.16,2.3
LCII,2006-07-14,16.41504573599525,16.43953722689204,15.821141095570884,15.870122909545898,199500,52.47463427651864,43.884190536573605,40.782219854836804,39.83201685054682,37.51089889716941,1.85,100.0,-1.08,2.19
LCII,2006-07-17,15.900737797228045,15.900737797228045,15.34356916604611,15.44765567779541,204600,52.769049117797884,44.004483252770804,40.95713031208448,39.93546976614671,37.611079982493536,1.9,100.0,-0.96,2.14
LCII,2006-07-18,15.508882317389624,15.766037144715199,14.939467973467378,15.263973236083984,329100,51.65283315711303,43.9944717033113,40.88566204604142,39.95216965683554,37.62978063842068,1.96,99.0,-0.87,2.16
LCII,2006-07-19,15.27622001302493,16.274225024628105,15.27622001302493,16.121156692504883,156900,54.004374435339045,44.806599080597046,41.88805339642226,40.42618897421949,38.01684806571377,2.03,100.0,-0.9,1.86
LCII,2006-07-20,16.121148100091773,16.121148100091773,14.970075369875802,15.000688552856445,261300,57.46764318912175,46.829255913730975,43.267157203935106,41.14545083568892,38.70318030349505,2.14,100.0,-0.84,1.73
LCII,2006-07-21,15.00681739889832,15.00681739889832,14.419034475500094,14.633330345153809,107600,57.43255972772984,46.945817127632225,43.31420308735315,41.19794885158713,38.78277894921509,2.24,100.0,-0.75,1.72
LCII,2006-07-24,14.694556825263778,15.061920979459062,14.572101717925865,15.019062042236328,144800,58.2215831370671,47.419885860847174,43.498127253978396,40.79315924767462,38.80650922369949,2.35,100.0,-0.76,1.64
LCII,2006-07-25,15.092532099905906,15.410914401010052,14.835377344063064,15.227232933044434,48800,57.71289783386,47.5454202269349,42.323818756899314,40.77793686255254,38.8087668088083,2.41,97.0,-0.79,1.85
LCII,2006-07-26,15.202743328607035,15.22111194480337,14.492506518473471,14.614961624145508,135600,58.1566973539127,48.080593147466885,42.71974062865198,41.02410518239724,39.02744746360865,2.48,97.0,-0.77,1.73
LCII,2006-07-27,14.614960672989588,14.731291731206802,13.629200523157394,13.867986679077148,281400,59.720107388288646,47.66000816037446,43.19219332193533,40.77052134994141,39.070313617370296,2.56,97.0,-0.68,1.67
LCII,2006-07-28,13.94145816401796,14.327189686487003,13.898599235723422,14.296576499938965,293500,52.48623307668059,48.13920546204728,43.21148479524496,40.16698047373054,39.173338438696966,2.64,97.0,-0.68,1.62
LCII,2006-07-31,14.180246741851468,14.44352439585134,13.93533770364871,14.284333229064941,94500,52.5042314722904,47.82944405999312,43.18476828677509,40.144086101450746,39.17341326673756,2.71,95.0,-0.7,1.64
LCII,2006-08-01,14.23535113969392,14.425155494567356,14.23535113969392,14.29045581817627,103100,52.54693758629383,46.399982760254716,43.189362354789566,39.873477293892265,39.173200966060115,2.78,95.0,-0.73,1.63
LCII,2006-08-02,14.388418218097149,14.572099685668945,14.32719067296712,14.572099685668945,170200,53.03403636972048,46.2899758985675,43.244107500387955,39.766061533927406,39.21391680546557,2.85,97.0,-0.77,1.61
LCII,2006-08-03,14.449646969873607,15.515002139954863,14.106774323458792,15.312952041625977,290100,55.47510559435847,47.625578794127385,44.06029370406855,40.158563711903575,39.51992184975034,2.93,100.0,-0.82,1.39
LCII,2006-08-04,15.46602176982582,16.072172121112413,15.031307173760592,15.190498352050781,198900,55.47135219073995,47.538515971703525,43.99730591109521,39.9366616507709,39.527602736337315,3.01,99.0,-0.87,1.4
LCII,2006-08-07,15.037428649441864,15.368056720062798,15.000692586423444,15.312952041625977,85100,55.580197199349904,47.565378576215586,43.75160139337933,39.91231292684142,39.53484202252765,3.08,98.0,-0.91,1.5
LCII,2006-08-08,15.282339387127308,15.588476004668978,15.061921816613896,15.184375762939453,117400,55.277410824767294,47.56922620627868,43.75873567729241,39.920860096502594,39.54484639982267,3.15,98.0,-0.94,1.5
LCII,2006-08-09,15.30683031489454,15.49663468381006,14.97620221953995,15.012939453125,171600,55.114861495543146,47.59080749113965,43.776474494294796,39.93977119156701,39.56158613799411,3.21,98.0,-0.97,1.49
LCII,2006-08-10,14.859868608636123,15.282336212247353,14.859868608636123,15.098654747009277,76500,55.22060367352816,47.5898150194085,43.794074463896806,39.89760518517493,39.561114747373125,3.28,98.0,-1.0,1.49
LCII,2006-08-11,15.01293526893556,15.104775991664708,14.87823445230254,15.092530250549316,70900,50.06142197802463,47.59377512149432,43.693784238263135,39.89615137009084,39.559710237649725,3.34,94.0,-1.03,1.51
LCII,2006-08-14,15.166008893521258,15.625213837402308,14.982326215277702,15.325200080871582,180100,49.42400168983003,47.73913173337522,43.535510703475445,39.56817502306357,39.57574807780567,3.4,93.0,-1.04,1.57
LCII,2006-08-15,15.331322953594892,15.472145522775293,15.239481030563832,15.325200080871582,142000,48.67811359659829,47.67365413724478,43.52294331743292,39.56328457064336,39.57574807780567,3.45,92.0,-1.05,1.58
LCII,2006-08-16,15.355813046711292,15.876245542213217,15.306831233476908,15.808895111083984,75300,49.23545842724445,48.10298399308983,43.69207863569805,39.65359648284571,39.69205954432838,3.51,93.0,-1.04,1.52
LCII,2006-08-17,15.833385735939093,15.888490418792312,15.3251990134849,15.490511894226074,159100,49.339889765664914,48.21734642839282,43.73440982009224,39.66105032580042,39.74722421452414,3.56,94.0,-1.04,1.52
LCII,2006-08-18,15.563983092960637,15.88848827397757,15.306828330298883,15.857873916625977,62600,47.32752241609942,48.50296937036197,43.94506708777477,39.72085705965849,39.811075320177295,3.61,98.0,-1.02,1.43
LCII,2006-08-21,15.851753009785144,15.851753009785144,15.270094161835333,15.331321716308594,104100,48.103045021232305,48.62930944816904,44.11026613093332,39.911502319577615,39.958343829552774,3.67,100.0,-1.01,1.4
LCII,2006-08-22,15.331318603145087,15.521122932434082,15.28233563525814,15.521122932434082,195900,47.987011263859806,48.63434036945449,43.64977527868253,39.879576473987065,39.95508720207202,3.71,89.0,-0.99,1.5
LCII,2006-08-23,15.582356019300667,15.704809979137364,15.123151042321103,15.276219367980957,112000,48.100319040747294,48.63262309185827,43.62721187250059,39.91829833509295,39.93047642923164,3.76,88.0,-0.97,1.52
LCII,2006-08-24,15.398669242858887,15.459896790444116,15.184373410219756,15.398669242858887,98900,45.54089002914021,48.645752813655655,43.58743458372298,39.883083102277936,39.91864520431414,3.79,87.0,-0.94,1.54
LCII,2006-08-25,15.337441257762098,15.753787168083079,15.306828068751916,15.612964630126953,121100,44.750320504903364,48.64144737176797,43.52345469170625,39.88344331444688,39.940141220732535,3.81,85.0,-0.9,1.57
LCII,2006-08-28,15.619082419532319,15.717045993872587,15.386418054610738,15.459891319274902,90700,44.14226156327592,48.656623015557265,43.141661001827906,39.87506702515906,39.95136183334346,3.83,75.0,-0.89,1.73
LCII,2006-08-29,15.490510355197154,15.919102030847313,15.337442066439007,15.84562873840332,84900,44.551470470275504,48.264624364901394,43.352059022253776,39.98048616530945,40.0217926095315,3.84,82.0,-0.86,1.62
LCII,2006-08-30,15.906860793968635,16.145648186197572,15.735425009394593,16.121156692504883,60700,41.89634133042217,48.0255123911021,43.35011422037303,40.02432017084437,40.010378148035656,3.85,81.0,-0.81,1.6
LCII,2006-08-31,16.18238028650644,16.2619752858315,15.943594120712847,15.98645305633545,44800,36.03832755831862,48.04144224999048,43.31849323731485,40.033795417644455,39.88114321611143,3.85,80.0,-0.76,1.62
LCII,2006-09-01,16.041556026078936,16.268096423887418,15.870119134041971,15.894609451293945,76000,35.215889351861854,47.95535749146656,43.126955692732224,40.0379689994716,39.883088166667434,3.85,71.0,-0.7,1.68
LCII,2006-09-05,16.047677541351295,16.047677541351295,15.674191740955644,15.82726001739502,94800,34.565056284714615,47.905765361815966,43.12559464641349,39.88657743059723,39.75140949554383,3.84,70.0,-0.63,1.69
LCII,2006-09-06,15.704803857138183,15.796644583169291,15.563981332702602,15.717049598693848,59000,34.46120374076175,47.34226944831898,43.12876513956092,39.888753338678576,39.7042964494767,3.83,71.0,-0.56,1.69
LCII,2006-09-07,15.674193303459194,15.674193303459194,15.288460554401437,15.312952041625977,92600,33.11755647517116,47.20409401698335,43.26850856173712,40.00231472033304,39.644262280584165,3.82,78.0,-0.49,1.65
LCII,2006-09-08,15.34356523283826,15.472143205130308,15.23947874777075,15.312952041625977,71800,28.904201496754194,47.12841437166257,42.52019952121638,39.91749672958486,39.61232281864627,3.8,66.0,-0.46,1.89
LCII,2006-09-11,15.306831475796361,15.778282165527346,15.000694846280435,15.778282165527344,161700,28.863622263766842,43.017775336021025,42.75397593547715,40.08119735456968,39.702591497302066,3.79,67.0,-0.48,1.79
LCII,2006-09-12,15.77828421121332,16.20687484741211,15.576234056249346,16.20687484741211,157700,29.621720521859647,43.36762051838172,43.00111959306021,40.210314847565634,39.77435885553502,3.77,67.0,-0.58,1.69
LCII,2006-09-13,16.200745394438595,16.408918338381707,15.974205005206425,16.13339614868164,204200,29.711792062780646,43.36945146303838,42.997884627905094,40.20869700262886,39.71710063939932,3.75,66.0,-0.76,1.69
LCII,2006-09-14,16.133395650008932,16.194623190655857,15.919099841653797,16.102781295776367,94600,29.389203812426558,43.23690967850379,42.32173528342692,40.2090068775557,39.71399456988796,3.73,61.0,-0.78,1.86
LCII,2006-09-15,16.182379871936288,16.666075063052016,16.017065837782727,16.408920288085938,384600,26.380059697949516,43.43617844646908,42.4388114716966,40.24944501030589,39.75767538594512,3.7,62.0,-0.79,1.8
LCII,2006-09-18,16.40892335858443,16.40892335858443,16.11503246586307,16.20075035095215,159000,26.57637195832205,43.500451634645025,42.45947320576748,40.27352563999245,39.779054529186055,3.68,62.0,-0.83,1.8
LCII,2006-09-19,16.20075171136873,16.26197927778176,15.845633227555608,16.121156692504883,112500,26.592396157155303,43.50470183907479,42.460521699383385,40.16347515219266,39.772035849149304,3.65,62.0,-0.91,1.8
LCII,2006-09-20,16.27422007784087,16.30483326783271,16.06604711600501,16.261974334716797,73100,26.487664394109622,43.42479299885499,42.48366876656906,39.11603982738907,39.77866912272807,3.62,62.0,-1.07,1.78
LCII,2006-09-21,16.261977503242335,16.261977503242335,15.484391348450336,15.527250289916992,81000,29.77352964764373,44.30841804452302,43.03124644839768,39.07864299501531,40.0459252096193,3.59,67.0,-1.3,1.63
LCII,2006-09-22,15.459900891645326,15.496636962814469,15.025187407324289,15.276219367980957,138500,30.159947809913195,44.38720322888288,42.05521043979377,38.903081507477,40.07215287070559,3.57,55.0,-1.33,1.8
LCII,2006-09-25,15.28845890017211,15.94971380204703,15.245599969984944,15.876241683959961,151200,32.11791092327211,42.44338804416826,42.45023504950326,39.016635014277874,40.021979970843496,3.56,58.0,-1.32,1.64
LCII,2006-09-26,15.919101875818672,16.07217016308616,15.306828726748723,15.619088172912598,101300,32.26101297850219,42.03430515545564,42.24066432536676,39.02533050164289,40.051436711702316,3.54,54.0,-1.29,1.71
LCII,2006-09-27,15.588472487063111,15.796645433441807,15.53336898273299,15.698681831359863,82000,32.285970692689325,41.46652844870838,41.392219524712736,39.01682299087405,39.928846553782904,3.53,51.0,-1.32,1.96
LCII,2006-09-28,15.821139476221882,15.949716286814047,15.686439793532218,15.863998413085938,124400,31.139299015060075,41.061164786543905,41.116689767989065,38.993150977260996,39.55912873400327,3.52,50.0,-1.3,2.04
LCII,2006-09-29,15.919097686679104,15.919097686679104,15.459892945717206,15.466015815734863,137100,31.46123610318877,41.24183021319449,41.276914809296954,39.046385330290924,39.09690400737155,3.51,50.0,-1.27,1.98
LCII,2006-10-02,15.459899344083176,15.496635411574978,15.325199651400885,15.380304336547852,101500,30.692904257160375,39.56744798471743,41.19893496425558,39.01970479127408,39.09909468700788,3.51,49.0,-1.23,2.0
LCII,2006-10-03,15.319072031415704,15.374176699485545,15.055794432374952,15.221108436584473,118900,29.23920871272315,39.574662284732774,41.185255877961765,39.035549141953666,39.10543623877541,3.49,48.0,-1.19,2.01
LCII,2006-10-04,15.184369327862377,15.91909736571489,15.159879016103574,15.796642303466797,101600,30.995601447841757,40.22044716894702,41.655430650719524,39.2706241101076,39.2656595986998,3.48,51.0,-1.13,1.82
LCII,2006-10-05,15.741541155497998,16.059923454146475,15.735419452055549,16.053800582885742,55900,30.905710367927107,40.36547155409082,41.74559848783732,39.06912825347709,39.200303662418975,3.47,51.0,-1.07,1.76
LCII,2006-10-06,15.980327179597436,16.02930897793002,15.735418187934503,15.78439998626709,71900,31.30301192601307,38.81547347553509,41.79825860648117,39.05285093363026,39.21181769288379,3.46,51.0,-1.0,1.75
LCII,2006-10-09,15.74154421185322,15.937472626783038,15.60072164896928,15.931349754333496,77200,31.166252794276637,38.245393238696366,41.83136629721002,39.06813367199682,39.15519141028109,3.45,51.0,-0.92,1.73
LCII,2006-10-10,15.900731724868256,16.65382851301458,15.827259608055792,16.635459899902344,182800,33.332430655908645,38.827923797889916,42.43239230908004,38.73679714964427,39.38074867654252,3.44,56.0,-0.85,1.53
LCII,2006-10-11,16.574231296778855,16.78240422745714,16.194622659295984,16.776281356811523,149000,32.71957874593555,38.756734394196016,42.42897462588605,38.75295704178406,39.3885246832946,3.42,55.0,-0.77,1.53
LCII,2006-10-12,16.83751134504714,16.83751134504714,16.439534037727878,16.831388473510742,162300,32.39957785302553,37.14928941604413,42.34962476801671,38.62367940248378,39.24674879759766,3.41,54.0,-0.69,1.55
LCII,2006-10-13,16.898741806879787,17.125282253703105,16.831391376182754,17.100791931152344,81500,32.523189836763216,34.033790706229496,42.4300518182406,38.632155360583035,39.27728506188204,3.4,55.0,-0.61,1.51
LCII,2006-10-16,17.143649761990225,17.51713679122121,17.12528114540202,17.425294876098633,72700,32.77568455099374,33.72906293012325,42.537502024630044,38.65169326619593,39.314409509920054,3.39,62.0,-0.54,1.46
LCII,2006-10-17,17.38855332073235,17.462026596069336,17.070171073968897,17.462026596069336,148000,32.704187014415005,33.383573495700425,42.38617645292402,38.29489974235387,39.314368611458875,3.37,52.0,-0.49,1.53
LCII,2006-10-18,17.55387032729082,17.694692864054296,17.32120705645631,17.413047790527344,82400,32.61251730594443,33.31767570750344,42.335866871177316,38.26817247899365,39.291553491984445,3.33,50.0,-0.47,1.56
LCII,2006-10-19,17.413048692810545,17.419171564441655,17.076297760009766,17.076297760009766,71600,32.152249823188086,32.40340820462897,42.370410471598554,38.28470984800966,39.23793712827296,3.26,51.0,-0.4,1.54
LCII,2006-10-20,17.08242172822507,17.08242172822507,16.623216836779136,16.935476303100586,62500,32.32268102905592,30.400199474323834,42.366180049620134,38.29125592830869,39.188902794884115,3.19,50.0,-0.34,1.55
LCII,2006-10-23,16.800771704240727,16.89873529231529,16.347689817441353,16.64158058166504,148100,31.85397423104034,30.16117812565052,42.36967213949276,38.32159763696143,39.15202046137989,3.1,50.0,-0.35,1.57
LCII,2006-10-24,16.592603643787882,17.02731704711914,16.592603643787882,17.02731704711914,74500,31.60760891828096,30.439278191833065,42.548331516056635,38.42916775996942,39.106937823555896,3.01,62.0,-0.41,1.49
LCII,2006-10-25,17.082416823702985,17.235485076904297,16.92934857050167,17.235485076904297,58400,31.693749928995135,30.492932780686864,42.039815610848244,38.462661336607695,38.93061438091354,2.93,41.0,-0.35,1.6
LCII,2006-10-26,17.235488036242096,18.031443790245593,17.22324229360705,17.847761154174805,105300,33.04624104096743,31.005188134129728,42.1036715735481,38.70135994364037,39.072211703164164,2.85,42.0,-0.34,1.55
LCII,2006-10-27,17.847764558468768,17.927360732960487,17.204878129142173,17.29059600830078,102400,34.225226818535134,30.29873160557982,42.40025186484567,38.79669538657596,39.19677577472218,2.76,51.0,-0.28,1.46
LCII,2006-10-30,17.14977658637749,17.14977658637749,16.672202955392716,16.806903839111328,127000,35.088195582878065,30.868553356964796,42.58095448963436,38.86574033942457,39.26005246869339,2.67,62.0,-0.19,1.42
LCII,2006-10-31,16.86812566784168,16.892617155632227,16.53137588545061,16.62321662902832,135300,35.22430843999346,30.9475846229722,42.56707862973174,38.87034083162966,39.15934222643101,2.58,61.0,-0.08,1.42
LCII,2006-11-01,16.164014175840315,16.445660488724386,15.698686348158635,16.427291870117188,347100,35.338677965575435,31.00180862047933,42.19144084621763,38.880026580983,39.14005095213393,2.49,39.0,-0.01,1.53
LCII,2006-11-02,16.27422060631737,16.445657512166466,16.133398059272604,16.225238800048828,245700,32.727475408256204,31.020336556310667,41.94020089103313,38.90084077149251,38.77024473185315,2.39,35.0,0.02,1.61
LCII,2006-11-03,16.22523922212904,16.243607837889478,15.955838696734727,15.98645305633545,122600,32.66071518291983,31.18067808739867,41.94240196491707,38.932569524174625,38.75468264011653,2.29,35.0,0.04,1.61
LCII,2006-11-06,16.07829206792868,16.1150281276748,15.888487730119053,16.053800582885742,153300,30.739264380467468,31.186413745315427,38.96810414865918,38.93503374162713,38.73786687206256,2.27,15.0,0.19,0.69
LCII,2006-11-07,16.059929617542025,16.090543985594717,15.919107027955835,15.998702049255371,98900,30.3553102886846,31.056366098455324,38.91887884440078,38.93504873398823,38.223478980384755,2.23,14.0,0.34,0.71
LCII,2006-11-08,15.9191019096629,16.329324967124638,15.827261170670823,16.2987117767334,94100,30.769919891749947,31.270704576552287,39.04358165261213,38.94093681602793,37.659519116900405,2.19,15.0,0.5,0.67
LCII,2006-11-09,16.31707816808112,16.31707816808112,15.925223750899194,16.02931022644043,96000,31.066952139106384,30.838981619465507,39.02789274986894,38.97303911741767,37.67960576383243,2.14,14.0,0.64,0.67
LCII,2006-11-10,15.91910277400697,16.304834365844727,15.735421286049641,16.304834365844727,118500,30.438989733813106,30.725187609823163,39.13006034430636,38.992342677602196,37.52461401849938,2.09,15.0,0.78,0.64
LCII,2006-11-13,16.212991956835808,16.617092123096675,16.212991956835808,16.525251388549805,143300,30.53954294100476,30.478404589813145,39.1951561868035,38.961034848068245,37.402341398991304,2.03,15.0,0.91,0.62
LCII,2006-11-14,16.5925999087157,16.776281356811523,16.402795589974268,16.776281356811523,93200,30.504566746149653,29.755206699377023,39.27441553772425,38.978865869373756,37.38485729799824,1.95,15.0,1.03,0.6
LCII,2006-11-15,16.776283472628414,17.204875129329988,16.708934222668912,17.155893325805664,90700,29.36009461682154,29.98211389684393,39.367833816890986,38.35408644467668,37.269934810079555,1.86,15.0,1.14,0.57
LCII,2006-11-16,17.217121428309746,17.26610323341627,16.86200304933285,16.9599666595459,40800,29.35680997076196,29.88501533173615,39.37385103340602,38.36569270203825,37.256231579962794,1.77,15.0,1.29,0.56
LCII,2006-11-17,16.959972750424754,16.959972750424754,16.52525805214307,16.794658660888672,90100,29.031990203895514,29.948470580241782,39.3858131825298,38.270893129477976,37.267868759174696,1.67,15.0,1.47,0.56
LCII,2006-11-20,16.641580019837274,16.75178934465496,16.55586217512043,16.653825759887695,88500,29.10338731195762,29.902795932641897,37.62173282280446,38.032758127235255,37.27589667977162,1.67,1.0,1.46,0.31
LCII,2006-11-21,16.71505896283345,16.7579190705445,16.35994053081442,16.696691513061523,182800,26.2813940489711,29.817140250376323,37.33938925599645,38.025463491876614,37.241814102954486,1.68,1.0,0.43,0.37
LCII,2006-11-22,16.708934564669942,16.745670626110527,16.506883307200884,16.58035659790039,75800,26.23784645168243,29.461202897690402,36.89282379237822,38.031242822499465,37.247380978509106,1.72,1.0,-0.11,0.49
LCII,2006-11-24,16.470148861766145,16.598726841151414,16.43953566886503,16.494640350341797,45700,26.249593749507266,29.283202940672325,36.5287093320427,37.9828877639006,36.97201375096598,1.77,1.0,-0.3,0.61
LCII,2006-11-27,16.439538119694376,16.586483569599768,16.347697359480836,16.574237823486328,213600,25.835901091349285,29.239253763515162,36.4653564361153,37.978450134134036,36.97261870095201,1.82,1.0,-0.42,0.64
LCII,2006-11-28,16.500767499740373,16.739553736157816,16.464030257354032,16.733430862426758,145700,25.353623328458873,29.265408966224665,35.30681184536675,37.943974502028546,36.913539251517065,1.92,1.0,-0.39,0.72
LCII,2006-11-29,16.733426519839128,16.782408329157278,16.592603964026758,16.678321838378906,78400,25.33798427390228,29.25899545854755,35.29718122949382,37.785573607643855,36.87078057137145,2.02,1.0,-0.35,0.72
LCII,2006-11-30,16.64158811717073,17.137529152343365,16.64158811717073,16.984460830688477,113700,25.96893389275389,29.424573864268446,35.3263014842571,37.85549729743213,36.885256185479136,2.11,3.0,-0.35,0.71
LCII,2006-12-01,16.98445754910139,17.186507647934764,16.886493935595414,17.13140296936035,170900,25.484583764100044,28.901813837015432,35.33418637197467,37.873217708793824,36.89602337288591,2.19,4.0,-0.35,0.71
LCII,2006-12-04,17.10691345990044,17.192631333822288,17.021194418160146,17.18038558959961,111200,25.37019322790514,28.899845604065572,34.14373766775449,37.87501155087926,36.84524530916765,2.32,1.0,-0.4,0.79
LCII,2006-12-05,17.174261904291917,17.29059413326216,17.088544034428786,17.13140296936035,76200,24.817006226028532,28.31749357384995,33.70505198602245,37.79323303673765,36.84481412121122,2.45,1.0,-0.46,0.93
LCII,2006-12-06,17.08242109405645,17.266103744506836,17.051807902890577,17.266103744506836,104300,24.030451454992264,27.852944723423633,33.427500420573324,37.665605579148995,36.81244576244686,2.58,1.0,-0.49,1.05
LCII,2006-12-07,17.204874885355316,17.357943165175527,16.990579060043363,17.186506271362305,53500,23.812294483619663,27.85360680735985,33.374682173160934,37.662619507284276,36.788903396780356,2.71,1.0,-0.5,1.08
LCII,2006-12-08,17.18650711373299,17.449784754778836,17.05180744130369,17.076297760009766,90200,21.42666351133072,27.889612635722262,32.274981318609406,37.571579695491245,36.778487137675334,2.86,1.0,-0.54,1.12
LCII,2006-12-11,17.082419794553612,17.162015954039216,16.79465184890314,16.8436336517334,113100,19.791885932013074,27.79722553388239,30.19603715948125,37.58168808374526,36.79546566967756,3.06,1.0,-0.51,0.22
LCII,2006-12-12,16.84975910302936,16.880372296553773,15.93134928347524,16.145645141601562,204500,21.788353053604563,29.029408857127848,30.703451609233717,37.889182436194766,37.02589969474477,3.23,2.0,-0.43,0.23
LCII,2006-12-13,16.164012099117855,16.40892114332207,15.91910305491364,16.023189544677734,517800,21.680102676278057,29.05388216389295,30.468700921266645,37.844084304006955,37.032168442671164,3.39,2.0,-0.36,0.3
LCII,2006-12-14,16.029315393023886,16.33545204707608,16.029315393023886,16.15789222717285,105500,21.610753157560783,29.049748973754642,30.421584226065434,37.489785578590265,37.042449366852416,3.55,2.0,-0.3,0.31
LCII,2006-12-15,16.170138797355605,16.255856691154914,15.98645726269459,16.115034103393555,340100,21.330384463290954,27.421520036526935,29.685789928328603,37.45567389544472,36.92266905655182,3.71,1.0,-0.21,0.41
LCII,2006-12-18,16.08441406055011,16.127272989215722,15.82113644981196,15.888486862182617,168900,21.291474799525087,27.368550852887008,28.530862180593143,37.444560499985684,36.94431250612817,3.9,1.0,-0.44,0.18
LCII,2006-12-19,15.79664745609934,15.79664745609934,15.30682938297161,15.533370971679688,240700,22.207074657988006,26.612484567179646,28.397025983216643,37.44045684468516,37.01106633476029,4.08,1.0,-0.52,0.22
LCII,2006-12-20,15.539491341556891,15.802768971190352,15.539491341556891,15.612964630126953,133400,22.266956583514883,26.425165307529596,28.40380579391542,37.22169881331601,36.951615061010976,4.24,2.0,-0.65,0.21
LCII,2006-12-21,15.612969550477246,15.796651078061274,15.51500591338994,15.563987731933594,85400,21.49987148911345,26.411260906536466,28.410934408741806,37.19629594895969,36.95078036864031,4.39,3.0,-0.85,0.21
LCII,2006-12-22,15.56398482996277,15.759912067605917,15.53337163701295,15.723176002502441,100800,21.26474129610462,26.406188277465287,28.293196896808006,37.13041354101824,36.96443418752294,4.54,1.0,-0.95,0.26
LCII,2006-12-26,15.674191393354521,15.766032123617771,15.459895577528105,15.588472366333008,71700,20.702960039012467,25.940113211521197,27.224658491787295,37.119011040280824,36.96990510741065,4.7,1.0,-0.94,0.13
LCII,2006-12-27,15.729297119204263,15.91297859204052,15.674192443789721,15.857873916625977,96400,20.961420640382215,26.14361846416197,27.324434649938606,37.0493523664296,37.01181271508227,4.84,2.0,-0.92,0.09
LCII,2006-12-28,15.808894640979673,15.937472626783038,15.747667084302762,15.931349754333496,88700,20.461512206704867,26.05691386472521,27.305666143997666,37.05696592239425,36.996223895548816,4.98,2.0,-0.89,0.1
LCII,2006-12-29,15.912979514223238,15.980329936481482,15.827261644307939,15.925225257873535,144700,19.153732935465158,24.93128042686879,27.269299473490655,37.055249252951924,36.994356800675945,5.1,2.0,-0.87,0.12
LCII,2007-01-03,15.92522901779167,16.133402037722437,15.159887376228165,15.361937522888184,236000,21.348836544113663,25.77762995610639,27.81701496759274,37.27227081924643,37.07791675927008,5.21,5.0,-0.88,0.07
LCII,2007-01-04,15.337442967143089,15.337442967143089,14.95783424270833,15.049674987792969,212600,21.853879432648355,25.884956826840334,27.99693516974467,36.88588703838491,36.311474382339945,5.31,6.0,-0.88,0.0
LCII,2007-01-05,14.970079598115433,14.988447045964401,14.58434684382946,14.853747367858887,173900,21.984359138198784,25.91955429202638,28.07371017513186,36.84895117203879,36.01695116140743,5.4,7.0,-0.84,-0.02
LCII,2007-01-08,14.835375357312273,15.227230893816419,14.694552839543004,15.117021560668945,472200,22.77823687452383,24.53753891217,28.10782759645875,36.910803087608855,35.89621108916281,5.48,8.0,-0.83,-0.03
LCII,2007-01-09,15.117022142692797,15.25172179516018,14.91497208008263,15.196617126464844,247800,22.88256129479526,24.49068184900026,28.120837554808414,36.92110215762794,35.7720852830995,5.56,9.0,-0.83,-0.04
LCII,2007-01-10,15.092535207953986,15.153762765824053,14.87823933931802,14.976202964782715,101700,23.12595125076674,24.611072363429166,27.765244274038714,36.49356583310024,35.77185383596452,5.64,5.0,-0.84,0.01
LCII,2007-01-11,14.976204719855746,15.208869233464426,14.976204719855746,15.178256034851074,93900,23.515800450720924,24.53955236185499,27.66918711719389,36.519211912323165,35.788929874835226,5.71,5.0,-0.85,0.04
LCII,2007-01-12,15.159880424891268,15.44152545928955,15.159880424891268,15.44152545928955,109000,23.96817758009692,24.483739305362203,27.550915095639226,36.58672688772881,35.79697849769607,5.78,5.0,-0.87,0.07
LCII,2007-01-16,15.521124145434323,15.766033164917928,15.484388084466364,15.674192428588867,236600,24.50499063724665,24.716604379990677,27.125191992958303,36.64114096994947,35.786949736182876,5.85,1.0,-0.85,0.12
LCII,2007-01-17,15.674191607493132,16.00481847452146,15.6680687363495,15.876241683959961,124500,24.16570696719302,24.895951842309056,27.131026768964016,36.674013981880115,35.78962264757195,5.92,2.0,-0.83,0.12
LCII,2007-01-18,15.827260871402512,15.974206284575002,15.796646513771785,15.90073299407959,210000,23.975610418770536,24.61863192298903,27.008070396677308,36.67203424301219,35.79007959424498,5.99,1.0,-0.8,0.17
LCII,2007-01-19,15.91298113698487,16.023190505439608,15.863999325207043,15.931349754333496,145600,23.959095937116686,24.581871259800167,26.98187986400551,35.971970685219055,35.77226436388716,6.05,1.0,-0.77,0.18
LCII,2007-01-22,15.876248234289726,15.986457624709525,15.864002486950028,15.94972038269043,127700,23.982309346445152,24.34360719083149,26.895577990600835,35.88729782873978,35.57673141063905,6.11,1.0,-0.75,0.22
LCII,2007-01-23,15.93747138989086,16.30483436580461,15.931348517916508,16.212993621826172,91100,24.42204948669822,24.10822280148715,26.96782955661244,35.75829290887916,35.57179852212554,6.16,2.0,-0.72,0.19
LCII,2007-01-24,16.182376644706512,16.531372090885412,16.133394848186985,16.464021682739258,128800,24.924362098238067,24.190895945187073,26.795812528910705,35.27591713486907,35.60548078690228,6.21,1.0,-0.72,0.24
LCII,2007-01-25,16.46402302818155,16.898737529658163,16.22523689661249,16.7273006439209,293400,25.36938742775669,23.28955265950255,26.774688751240095,35.10323275036612,35.11164087295063,6.26,1.0,-0.75,0.24
LCII,2007-01-26,16.794652651027867,16.81302009808002,16.53137501030905,16.708934783935547,124800,25.06800713693667,22.397578738258677,26.738959819345098,35.09761643970163,35.11120466028018,6.3,1.0,-0.77,0.26
LCII,2007-01-29,16.83751181430136,17.235489132712082,16.83138894259432,17.113035202026367,191800,22.644184523160337,22.186931603654955,26.97724497178364,35.156427101628154,35.09746462321053,6.34,6.0,-0.81,0.19
LCII,2007-01-30,17.113034700014396,17.17426107965199,16.910984610882668,16.99057960510254,283100,22.62869103201401,22.117782508869105,26.995068413857766,35.13552393547575,35.06909154964233,6.37,8.0,-0.84,0.18
LCII,2007-01-31,16.990580132922013,17.106912359920354,16.93547545528166,16.95384407043457,286200,22.57501430851488,21.977805045854645,26.970910348677386,35.135906611968686,35.02817212594703,6.4,6.0,-0.85,0.19
LCII,2007-02-01,16.95996641528374,17.082420342377265,16.837511320371885,16.99057960510254,143600,22.539193853615682,21.814634033977864,26.626849370532224,35.12988195148292,34.751162311534344,6.43,1.0,-0.84,0.3
LCII,2007-02-02,16.99670495148541,17.021195273342766,16.947723139952192,16.978336334228516,230200,22.04543153223265,21.57415845462336,26.627811647625943,35.12161479366877,34.72878300131404,6.46,2.0,-0.82,0.3
LCII,2007-02-05,17.03956361151417,17.03956361151417,16.83751349627165,16.89261817932129,80700,20.88526498980208,21.598996249927712,26.237558440018304,35.120827219177386,34.69537161026704,6.49,1.0,-0.82,0.39
LCII,2007-02-06,16.972214575923203,17.02119639067175,16.776287316929004,16.837514877319336,167800,20.945649175650633,21.597577352080584,25.907754627938438,35.12050787023986,34.694931642568044,6.52,1.0,-0.84,0.49
LCII,2007-02-07,16.837508895449517,16.92322674885181,16.715053818173526,16.776281356811523,94700,20.957923136425414,21.296598754889626,25.903789592156336,35.103406037465774,34.68173583832949,6.54,1.0,-0.85,0.49
LCII,2007-02-08,16.776284924263972,16.776284924263972,16.323202910504648,16.62321662902832,119900,21.09164037342109,21.093122511244076,25.945790617247493,35.05722491089703,34.68924988723368,6.57,3.0,-0.85,0.47
LCII,2007-02-09,16.623215556267848,16.70281171863205,16.274220052503534,16.421165466308594,55700,21.27324466072308,20.97159887193703,25.84995010226068,35.08061092146041,34.706978077855425,6.59,1.0,-0.85,0.5
LCII,2007-02-12,16.500762190195875,16.500762190195875,16.164011250258554,16.225238800048828,145400,21.115953309806685,20.929818424675624,25.84061680711504,35.09998130375799,34.72386967508226,6.61,1.0,-0.85,0.51
LCII,2007-02-13,16.164009591480923,16.212991392722873,16.041555672285178,16.194623947143555,495300,21.096862172370408,20.684627901216697,25.830334069074283,34.99698309997706,34.664971275808384,6.62,1.0,-0.84,0.51
LCII,2007-02-14,15.735421286010927,16.30483436580461,15.686439478034533,16.212993621826172,433700,21.09562979708323,20.12798401805333,25.79372945237234,34.96407718372133,34.613401780149054,6.63,1.0,-0.84,0.53
LCII,2007-02-15,16.225239959495934,17.253859132458327,16.225239959495934,17.241613388061523,422700,24.969395369842903,23.731769291718997,26.541172369034104,35.69242851325156,35.165694306062896,6.62,9.0,-0.83,1.28
LCII,2007-02-16,17.241612988652584,17.817150115966797,17.11303617892005,17.817150115966797,258100,25.23035167144564,24.553144346152983,26.86785746796019,35.901399935384646,35.32005238853415,6.61,15.0,-0.74,1.13
LCII,2007-02-20,17.804903806740537,17.878377101268885,17.700817320719445,17.829395294189453,145300,24.650604354810685,24.47494315970757,26.205180608274908,35.85981606147567,35.320190548570544,6.6,8.0,-0.71,1.35
LCII,2007-02-21,17.823272947007016,18.368195712784388,17.774291138485662,18.251863479614258,157500,24.94393168298113,24.896410719412117,26.289421626431412,35.970356344979734,35.40234785757343,6.59,10.0,-0.5,1.27
LCII,2007-02-22,18.368196487426758,18.423301170314517,17.976342002730235,18.368196487426758,127500,24.942022043129803,24.852534822617294,26.294531603711707,35.596794252657084,35.40501158239341,6.59,11.0,-0.31,1.27
LCII,2007-02-23,18.368196000048634,18.374318872186862,18.098795465058753,18.153900146484375,82500,24.745533536316884,24.966134638553765,26.3394151639261,35.41103302264913,35.42247917091969,6.58,12.0,-0.29,1.26
LCII,2007-02-26,18.227373596033843,18.809032440185547,18.153900297582002,18.809032440185547,209000,26.076054402694727,25.906569969203968,26.53685996805252,35.65866798657784,35.547906715141295,6.57,13.0,0.07,1.17
LCII,2007-02-27,18.674332907463906,18.674332907463906,17.65183659991626,17.780414581298828,193700,31.6974748670816,28.47996128808311,28.077114050863226,36.24951849920187,35.97428359271162,6.55,40.0,0.04,1.53
LCII,2007-02-28,17.768169165951274,17.884500237192196,16.83751358911296,17.615100860595703,388600,31.796510244538624,28.545862982998482,28.066189023428173,36.23353055825758,35.949762330352605,6.52,39.0,0.03,1.54
LCII,2007-03-01,17.615093483042948,17.615093483042948,16.831383667441074,17.223237991333008,383900,32.573127713263375,28.71131527736902,27.731923633744422,36.054298901912105,35.960099866910674,6.48,36.0,0.02,1.63
LCII,2007-03-02,17.223239512065856,17.327325972017256,16.67831689881222,16.702808380126953,465400,33.98239562873253,29.343856002241957,28.06935313871804,36.04217110547547,36.06475393851892,6.44,41.0,0.04,1.51
LCII,2007-03-05,16.653833207434523,17.015074525741667,16.390555517703696,16.433414459228516,606900,34.37561160785439,29.51367054427229,28.059129733822303,36.05228134186223,35.54329407851337,6.39,40.0,0.09,1.52
LCII,2007-03-06,16.51912373307282,17.52325215439039,16.396669845080506,17.21099281311035,423500,36.78732472249187,31.03853119246713,28.955626322121,34.61939792445368,35.851283321691795,6.33,52.0,0.09,1.37
LCII,2007-03-07,17.217121124267578,17.455907273967803,17.143647833996102,17.217121124267578,187400,36.55605902606303,30.996538397450585,28.143222805831464,34.58278712830477,35.77254603267793,6.27,47.0,0.05,1.57
LCII,2007-03-08,17.296722866633175,17.60898242843454,17.192636346032717,17.53550910949707,200500,36.65995677059883,31.207887153390455,28.259170792911025,34.650248779643555,35.63013975022615,6.2,48.0,-0.02,1.5
LCII,2007-03-09,17.61509602006661,18.11715973681765,17.6089731493967,17.939599990844727,121900,36.93940639952955,31.510161627504818,28.477760338072994,34.68966656446234,35.70140133536573,6.12,53.0,-0.1,1.39
LCII,2007-03-12,17.878376892219155,18.037566887502123,17.786534983178015,17.884498596191406,141400,36.95980891076161,31.375597872637606,28.37832264071641,34.68862806724955,35.70195729747026,6.04,50.0,-0.17,1.45
LCII,2007-03-13,17.82327340435765,17.90286840731537,17.070176473266784,17.14977264404297,219200,38.50581152800074,31.353687276708442,29.009904043766362,35.042949750559146,35.90371896997913,5.95,57.0,-0.14,1.37
LCII,2007-03-14,17.143647020186926,17.762042999267578,17.076296604620058,17.762042999267578,298000,39.74224980550434,32.06511061100319,29.542764335423506,35.29009440484754,36.07324663289733,5.86,58.0,-0.17,1.18
LCII,2007-03-15,17.75591929857141,17.9947054257814,17.75591929857141,17.872251510620117,114900,39.74939187877917,32.048859104602904,29.554177775614793,35.254024936554465,36.03419132748356,5.77,59.0,-0.2,1.17
LCII,2007-03-16,17.872253166669957,18.111039316005964,17.6579573355082,17.811025619506836,156000,39.77750482737172,32.05373584126622,29.389838782413634,35.238006447257256,35.92101895498855,5.67,58.0,-0.26,1.25
LCII,2007-03-19,17.860009898736557,18.215128320113426,17.817150960128426,17.890623092651367,76800,39.779890244472675,31.88778487950723,29.363391266695054,35.23106193005866,35.92333868799862,5.56,58.0,-0.33,1.26
LCII,2007-03-20,17.860009011443424,18.251863479614258,17.774291138485662,18.251863479614258,72800,40.06900666584457,31.6794432034712,29.379833841095532,34.247821610420395,35.98235097535172,5.45,59.0,-0.39,1.25
LCII,2007-03-21,18.2518577378147,18.63146751029867,18.006948772253136,18.54574966430664,91500,40.21281951516608,31.792942789043245,29.26803635657702,34.14263086318828,36.020110848900025,5.33,58.0,-0.41,1.3
LCII,2007-03-22,18.69269620049974,18.69881907099497,18.429418608295524,18.613100051879883,173700,40.160147485506954,31.768535268381736,29.215512906248946,33.84986103917985,35.95691802586598,5.22,58.0,-0.41,1.33
LCII,2007-03-23,18.61310033335638,18.66820500082863,18.533505351350986,18.606977462768555,70900,40.00001923484922,31.739861120406065,28.698339205027157,33.61056964185088,35.85489915631905,5.1,56.0,-0.38,1.52
LCII,2007-03-26,18.606982174347362,18.64984111149652,18.123286953611675,18.153900146484375,77400,40.58912538610007,32.153944556972114,28.518357597610084,33.68612708507804,35.932560790446566,4.97,55.0,-0.43,1.57
LCII,2007-03-27,18.13553427608881,18.245742480712202,18.06206097185466,18.227375030517578,68600,40.32749847270804,32.01174237021851,28.14514163270904,32.95906392600797,35.868014462494024,4.82,48.0,-0.51,1.74
LCII,2007-03-28,18.15389990434876,18.15389990434876,17.608977137317368,17.817150115966797,187700,41.03452204185668,32.417067293278855,28.332233176543852,33.06581892608659,35.92372217188778,4.67,51.0,-0.57,1.65
LCII,2007-03-29,17.97021731624109,18.055935184160163,17.700816801300398,17.957971572875977,94100,41.051758813164156,32.4367607240665,28.282842825314468,33.0259954961468,35.93314104426254,4.52,50.0,-0.63,1.68
LCII,2007-03-30,17.939606331759016,17.939606331759016,17.46815680171948,17.55999755859375,171400,37.80720264792699,31.87078915604482,28.44704024374625,33.1208183277988,35.96324980463144,4.37,57.0,-0.65,1.6
LCII,2007-04-02,17.559992959279736,17.872252385120113,17.46202935523,17.78653335571289,64700,36.75504460858511,31.584946650528906,28.399188413896375,32.45321880738224,35.698562294806074,4.2,55.0,-0.68,1.62
LCII,2007-04-03,17.804904125461125,18.12940933305774,17.737553701589384,17.755922317504883,105500,36.757438539906126,31.426125096847862,28.39810821428051,32.19821716916913,35.67612007637545,4.1,55.0,-0.69,1.62
LCII,2007-04-04,17.780416852577506,17.95185262589559,17.48040191363362,17.731433868408203,125100,36.07274903664512,31.289898449486653,28.391785923233222,32.03127388893204,35.649770366675114,4.0,54.0,-0.7,1.63
LCII,2007-04-05,17.74367767654151,17.81715097695232,17.517137238593616,17.615100860595703,123100,36.03953350067465,31.341959014091753,28.276608300579504,32.00749602008267,35.5969741614992,3.89,50.0,-0.72,1.69
LCII,2007-04-09,17.60897145918507,17.60897145918507,16.984452724617086,17.272220611572266,358600,36.3091545998708,31.47614766915412,28.32749670334358,31.450378788274413,35.48474868689823,3.78,53.0,-0.7,1.67
LCII,2007-04-10,17.253854513182,17.645708886423126,17.223240160386194,17.60284996032715,140000,35.14027637172844,31.57977421220356,28.357213467625964,30.32331333833777,35.51892505657994,3.65,55.0,-0.7,1.65
LCII,2007-04-11,17.621222998573504,17.621222998573504,17.24161310327201,17.339576721191406,54800,31.474183851950144,31.629373890641393,28.394131371398323,30.229039681767716,35.469869195655086,3.52,58.0,-0.71,1.63
LCII,2007-04-12,17.30283630983714,17.60897283088631,17.088540511539094,17.60284996032715,104200,31.695412161840814,31.63138783085594,28.39403707378513,30.128768394649185,35.49445909199681,3.37,58.0,-0.73,1.63
LCII,2007-04-13,17.57836289389263,17.57836289389263,17.192631294312314,17.339576721191406,54100,31.30850115869756,31.737825112047098,28.28103933381618,30.14834962377067,35.41177057465265,3.21,51.0,-0.73,1.69
LCII,2007-04-16,17.38855969949784,18.331461045153365,17.38855969949784,18.10491943359375,289100,32.27750737591669,32.869536075468595,29.03254187969119,30.15309057837678,35.68553633387246,3.04,73.0,-0.77,1.52
LCII,2007-04-17,18.147777029886655,18.221250326737245,17.755922560865994,18.000831604003906,150400,31.88309836450039,32.9096849161483,29.002663994432325,29.48209945425488,35.68647362684579,2.85,72.0,-0.8,1.54
LCII,2007-04-18,17.939601633017883,18.01307491996432,17.768165909839986,17.78653335571289,81900,29.396810995338523,33.0344824134407,29.036577232470446,29.321681999304104,35.70227929473658,2.71,75.0,-0.82,1.52
LCII,2007-04-19,17.633470235706838,17.96409837193792,17.486524786654787,17.731433868408203,99500,29.42146130292848,32.90884690092665,29.041031320186605,29.325118283413374,35.384368636456216,2.57,76.0,-0.84,1.52
LCII,2007-04-20,18.037563854803995,18.460032594780056,18.037563854803995,18.41105079650879,149600,30.903229567046704,33.61762052577912,29.601943555494376,29.639677413146558,35.55824405270301,2.44,84.0,-0.86,1.33
LCII,2007-04-23,18.4110541142492,18.649840277874517,18.16614507875934,18.196758270263672,82900,30.464836809845835,33.6020140464623,29.65497036485236,29.60133251279809,35.56711127108099,2.31,85.0,-0.88,1.3
LCII,2007-04-24,18.166147137828386,18.447792268610616,17.994710209644506,18.392688751220703,115900,30.58698653098892,33.651567271602204,29.689111784419442,29.059685376803422,35.5862896754987,2.17,87.0,-0.9,1.28
LCII,2007-04-25,18.539629295414528,18.943729435063705,18.539629295414528,18.717187881469727,114500,28.095279018548318,33.495487308183094,29.773592907134415,29.104663127021812,35.27564943051553,2.06,88.0,-0.91,1.23
LCII,2007-04-26,18.668211052996597,18.668211052996597,18.27023367831046,18.32533836364746,244000,27.214819861405697,33.7714131552496,29.975352078564615,29.212367160293763,35.31541180152014,1.95,89.0,-0.93,1.14
LCII,2007-04-27,18.313088039280174,18.319210910321978,17.994705752015935,18.141651153564453,109900,27.355363205058502,33.844500426652566,29.897080014187072,29.22047527690162,35.32655622232113,1.83,89.0,-0.95,1.19
LCII,2007-04-30,18.123287587663462,18.209005464960665,17.53550468783245,17.615100860595703,156300,28.687492855639086,34.418610148129574,30.247936431108315,29.405996527226304,35.44221676223784,1.7,92.0,-0.96,1.08
LCII,2007-05-01,19.898879528045654,22.439814309727808,19.898879528045654,20.817289352416992,1179400,56.38582463494409,48.45149086682359,40.195479142006484,35.36866383153319,39.2145969161608,1.99,100.0,0.06,16.75
LCII,2007-05-02,21.09281619241062,21.429566048908864,20.80504698663561,21.3499698638916,341800,56.527857440954485,48.62368978555728,40.35800784182326,35.47655837831971,39.29224208253456,2.26,100.0,1.05,16.32
LCII,2007-05-03,21.2642470474959,21.545892146913562,21.074441522773494,21.37445640563965,307400,56.44618016713948,48.6043004135275,40.348218453755855,35.440963715291296,38.80094062487466,2.51,99.0,1.47,16.36
LCII,2007-05-04,21.313227794123822,21.631610091513487,21.251999081758562,21.607118606567383,235300,56.47248930524624,48.59787118113546,40.356900567174975,35.4561615722477,38.74989917352648,2.73,99.0,1.7,16.28
LCII,2007-05-07,21.545892358995857,21.600997038610142,21.337719384412654,21.41119384765625,172300,56.601290288951745,48.59720456780126,40.373853066971286,35.30929709663087,38.6242100997018,2.96,100.0,1.62,16.26
LCII,2007-05-08,21.258123977384198,21.60711947720057,21.12342314038958,21.4295597076416,133300,55.93152545518829,48.48189434017487,40.29321748095226,35.21204791174804,38.28976479810219,3.17,96.0,1.47,16.35
LCII,2007-05-09,21.368333328445857,21.490786086837346,21.215265044819844,21.4295597076416,79100,55.953124944373656,48.370328654530645,39.65230630698175,35.118388624201366,38.12666970530979,3.35,94.0,1.31,17.33
LCII,2007-05-10,21.33772227978376,21.484668890573694,21.086690335397027,21.098936080932617,296700,55.67601928128836,48.529785532021904,39.72545275315472,34.92516793697389,38.15414921566425,3.52,94.0,1.1,17.22
LCII,2007-05-11,21.24588364175216,21.36833876694661,21.17853320611335,21.343847274780273,88500,55.69897430466225,48.546649957816754,39.74004833881228,34.92204562491006,38.12368167118706,3.68,94.0,0.92,17.18
LCII,2007-05-14,21.276494295303547,21.307107489032706,20.866272360931497,20.93362045288086,182500,55.57363876463282,47.310301252378686,39.887105813655445,34.94944930025766,38.15244901200863,3.84,94.0,0.72,16.96
LCII,2007-05-15,20.878512938773948,21.111177383712647,20.621359343554847,20.81116485595703,177200,55.63410473758464,46.93941719981519,39.82001279837452,34.953094694039436,38.157537934106514,3.98,93.0,0.54,17.06
LCII,2007-05-16,20.83565517310443,20.854024956389317,20.407065823736815,20.719324111938477,120000,55.66894292963889,46.95993673635485,39.63007981571358,34.93048390216447,38.15385572029428,4.12,89.0,0.4,17.35
LCII,2007-05-17,20.633611201050684,20.68871589287538,20.351966036452172,20.394824981689453,142500,55.97140917302513,46.90143596090212,39.73883087351851,34.96483971073233,38.18399645321565,4.24,91.0,0.27,17.23
LCII,2007-05-18,20.39482127667222,20.431556174123692,20.137665316327336,20.37645149230957,89300,55.89637665417534,46.89524934669922,39.73207833532819,34.85766635387928,38.17980569108902,4.36,90.0,0.16,17.23
LCII,2007-05-21,20.35195606236446,20.449919651416437,20.223376954029334,20.388690948486328,119100,55.43086894399697,46.812039345207225,39.715254025979426,34.80676858257172,38.17930688478032,4.48,88.0,0.05,17.31
LCII,2007-05-22,20.358082844553934,20.73156985089275,20.29073242234375,20.535642623901367,144500,55.28778171996092,46.30326365338636,39.68095499604539,34.79446820080753,38.17557883191239,4.58,87.0,-0.05,17.31
LCII,2007-05-23,20.602992833947763,21.000968987834668,20.413187312913333,20.498905181884766,120700,54.999270654300226,44.72266918836327,39.620083454911416,34.78614688508204,38.13167154188379,4.68,84.0,-0.15,17.52
LCII,2007-05-24,20.49890592143899,20.933619321555742,20.186647625257944,20.407066345214844,197700,54.998153002355174,44.67943813207862,39.63445582011567,34.78671772289626,38.13360350723129,4.77,85.0,-0.24,17.53
LCII,2007-05-25,20.511146018710345,20.590742164701386,20.247868435201376,20.388690948486328,86500,54.70301854256844,44.38258706136084,39.63548911914542,34.77347937507549,38.13143577281024,4.86,85.0,-0.31,17.53
LCII,2007-05-29,20.909130816379594,20.909130816379594,20.425434425464257,20.627483367919922,78600,53.56130625081579,43.8628800379244,39.17704222980943,34.63967160215803,38.08776051305232,4.93,81.0,-0.38,18.21
LCII,2007-05-30,20.541763550233973,20.6887101327328,20.407065046549803,20.511150360107422,125600,53.55950975880583,43.71223334959195,39.020895990245116,34.64993841189659,38.07417019153549,5.0,80.0,-0.45,18.47
LCII,2007-05-31,20.62136166357026,20.743816771295737,20.36420570378306,20.627483367919922,123700,53.33574152757045,42.80733143462802,38.93619052386002,34.48936865836419,38.04305477633151,5.07,79.0,-0.53,18.57
LCII,2007-06-01,20.68257894778976,21.000961153510133,20.44991691470001,20.63359832763672,386100,53.30029215115031,42.807491481974616,38.871371545052845,34.35784592218848,38.037664133456374,5.13,78.0,-0.6,18.8
LCII,2007-06-04,20.535647006631027,20.719328529182267,20.40094613346272,20.523401260375977,136300,52.46776362904677,42.72082264275703,38.89296413437792,34.359935366498085,38.01626925712021,5.19,78.0,-0.67,18.8
LCII,2007-06-05,20.419310897399935,20.449926426826536,20.033580451504058,20.198894500732422,109900,52.58933850598627,42.67733606051496,38.908836441602496,34.418651324828446,38.048990247597544,5.25,78.0,-0.75,18.77
LCII,2007-06-06,20.137671028349388,20.33972236419173,19.745816440138576,20.309106826782227,118200,52.548548470577636,42.66995917324835,38.875131765639175,34.358809674639225,37.78984050670653,5.3,76.0,-0.83,18.89
LCII,2007-06-07,20.247875005285103,20.284612238963764,19.702952218388255,20.211137771606445,455400,52.4230687452195,41.69968096991525,38.826361990118166,34.326266781136454,37.64683663061271,5.35,74.0,-0.9,19.11
LCII,2007-06-08,20.211139744921436,20.57850511066488,20.107054409458296,20.449928283691406,97500,51.99514004011818,41.19789579126107,38.803893103508365,34.34086210719918,37.663829478790554,5.39,73.0,-0.96,19.18
LCII,2007-06-11,20.358088117457072,20.713207768130687,20.2907376778026,20.462173461914062,119300,51.84201286680903,41.19158149499871,38.771002782239485,34.32974185069988,37.64585327259286,5.42,72.0,-1.02,19.31
LCII,2007-06-12,20.358080988956207,20.5846213865844,20.07643591778207,20.21725845336914,149700,51.10565623396882,41.28004932352921,38.83978198174766,33.89926593554033,37.64228381863668,5.46,74.0,-1.07,19.23
LCII,2007-06-13,20.26624335977239,20.79279872117412,20.21726271498275,20.707080841064453,206300,17.095041317187235,41.51970564466718,38.98982925781166,33.93670789907732,37.518701220803955,5.49,79.0,-1.13,18.78
LCII,2007-06-14,20.756060552393233,21.031581599168902,20.45604568362495,20.511150360107422,172500,15.493495941741948,41.42702531062303,39.036746002974894,33.6776116623227,37.392031395365386,5.52,80.0,-1.19,18.73
LCII,2007-06-15,20.896883095484732,20.964233515145164,20.492782913158827,20.511150360107422,179000,15.48109427670344,41.325208061466036,38.97528790728795,33.611785934286615,37.360416949214816,5.55,77.0,-1.23,18.95
LCII,2007-06-18,20.51727640108877,20.731573448548943,20.284614238434436,20.566259384155273,121500,15.098609877818284,41.323764311947016,38.91946226914179,33.6093976132606,36.10562959219955,5.57,75.0,-1.28,19.14
LCII,2007-06-19,20.46829161578685,20.933618182662222,20.46829161578685,20.798919677734375,135400,15.374537557292683,41.36802517018679,38.88516960210366,33.6124307184163,36.09345637151031,5.59,72.0,-1.32,19.24
LCII,2007-06-20,20.890763715873476,21.05607778219508,20.48666344341086,20.83565902709961,173000,15.386140298207287,40.997636456574085,38.88168348854405,33.459565777017666,36.09111101405657,5.61,71.0,-1.35,19.24
LCII,2007-06-21,20.74381807638448,20.786677016439313,20.351963575519115,20.707080841064453,107300,15.457819629995722,41.03264708837837,38.74758048618891,33.46157012658187,36.04870235460142,5.62,64.0,-1.38,19.7
LCII,2007-06-22,20.70707676412754,20.78054888466489,20.10704938585991,20.55400848388672,248900,14.971423945262979,40.754681565059016,38.74902167052119,33.44829034661597,36.05496363055048,5.63,64.0,-1.41,19.69
LCII,2007-06-25,20.40094178409626,20.95198856990717,20.27848668328975,20.719324111938477,184600,14.750416967234658,40.755486604481476,38.75549369256774,33.19036773859915,36.062186188422636,5.64,64.0,-1.43,19.63
LCII,2007-06-26,20.786671329848986,20.93973959835209,20.462165012389637,20.823406219482422,145700,13.765985593409141,40.42908874337144,38.75842441855601,33.14733452605206,36.06482514798995,5.65,64.0,-1.45,19.6
LCII,2007-06-27,20.670338215560623,20.896880937503198,20.505026538821323,20.72544288635254,129400,13.728620187894128,40.40395335436553,38.77083812256892,33.083505824682376,36.0407564716354,5.65,64.0,-1.46,19.6
LCII,2007-06-28,20.725446095566998,20.75606162290927,20.42543354696194,20.437679290771484,91500,14.257263054126938,40.537200633211114,38.83796250684994,33.12113732628755,36.05882795502169,5.64,67.0,-1.47,19.49
LCII,2007-06-29,20.541767185229105,20.762185930163483,20.198895658119724,20.290735244750977,108900,13.660435724678836,40.577723522153526,38.85640157397425,32.75940281799027,36.0582609626042,5.63,68.0,-1.47,19.47
LCII,2007-07-02,20.400947668869232,20.688716888427734,20.174407185194163,20.688716888427734,110800,14.789469702368013,40.68589965123371,38.945599127486105,32.81979133800068,35.38126029210309,5.61,76.0,-1.47,19.15
LCII,2007-07-03,20.688713232011107,20.743817916748554,19.807038276211987,20.119298934936523,62300,16.927471124774904,40.913913695652816,39.19641363690391,32.99847815212594,35.386802558197715,5.6,81.0,-1.47,18.7
LCII,2007-07-05,20.076435357621236,20.817285242461974,19.99071749797176,20.7315673828125,191300,18.984234518798598,41.164266508136414,39.38112007319726,33.12993360376257,35.305005056280066,5.58,81.0,-1.49,18.1
LCII,2007-07-06,20.69483102143188,20.69483102143188,20.37032701472505,20.55400848388672,76400,19.15181555648572,41.06606394975711,39.35329702614998,33.08210656599018,35.14894879284669,5.56,80.0,-1.52,18.15
LCII,2007-07-09,20.535639939703177,20.823406702937298,20.388693370848525,20.76218032836914,64500,19.313801954104477,41.01525055425704,39.36621644691119,33.09957833191881,35.12467140636333,5.54,80.0,-1.57,18.06
LCII,2007-07-10,20.62136088656826,20.658098118192736,20.37032897622639,20.419309616088867,156000,19.947523128152326,41.0458951484097,39.482828332417895,33.162247258139374,34.66270494324032,5.51,81.0,-1.63,17.9
LCII,2007-07-11,20.40094156939788,20.602992833947763,20.23562753539436,20.498905181884766,146100,19.680717268735503,40.17186705214913,38.32603288127762,33.07495387030085,34.660554090330436,5.48,51.0,-1.62,20.47
LCII,2007-07-12,20.66421783251104,20.71320080329367,20.394818500116365,20.55400848388672,98300,19.6284986438234,40.138782874333515,38.00063768325943,33.05701013859727,34.627679843468734,5.45,50.0,-1.61,21.42
LCII,2007-07-13,20.468297503139407,20.5723828475964,20.33972066505581,20.462173461914062,54500,19.597602081148754,40.054913240380024,38.01204837702731,32.989783361811945,34.62133838764735,5.4,50.0,-1.6,21.42
LCII,2007-07-16,20.364206743461867,20.676467400885908,20.20501673023726,20.253999710083008,145600,19.807411115599148,40.12276316368149,37.89047689198124,32.91490932843838,34.15370783914628,5.36,48.0,-1.59,21.92
LCII,2007-07-17,20.211138461475908,20.651975938119154,20.211138461475908,20.370330810546875,110500,19.837548417485987,39.447793914976415,37.88837182192984,32.89293913790725,33.97997734013635,5.31,47.0,-1.58,21.93
LCII,2007-07-18,20.235625926901466,21.086685180664062,20.107049133664653,21.086685180664062,174300,21.68089161093399,39.91377870400542,38.20269554249551,32.88794102258098,34.02863706261682,5.26,50.0,-1.56,20.9
LCII,2007-07-19,21.135667834168064,22.507158279418945,20.958108073423276,22.507158279418945,409600,28.48796025166383,41.90689030125329,39.15535538338412,33.52648459605472,34.59812293806319,5.22,75.0,-1.48,18.93
LCII,2007-07-20,22.45818207883896,22.45818207883896,21.411195424689016,21.576509475708008,283500,31.34802194190903,42.82421688756205,38.687109638581404,33.739484462543736,34.46136660204205,5.19,50.0,-1.45,19.71
LCII,2007-07-23,21.619367355753113,21.894888424986902,21.429561824478455,21.466299057006836,116800,31.281825743473423,42.573291784162315,38.661592046155384,33.716313486935526,33.67517523708654,5.16,49.0,-1.42,19.75
LCII,2007-07-24,21.123423126671174,21.221386734702733,20.700955504966945,20.81116485595703,316600,32.680060563241355,43.05325242940027,38.821721397769714,33.89796560066011,33.72930228353817,5.13,57.0,-1.39,19.44
LCII,2007-07-25,20.945865349422085,21.41119428355766,20.21113705148589,20.86014747619629,196900,32.46316505212577,42.542077231584976,38.46872927097343,33.85899674531263,33.63876710235345,5.09,47.0,-1.39,20.06
LCII,2007-07-26,20.63360705154102,20.84178003038788,20.284611518714946,20.67646598815918,405400,31.83846399711299,25.335890744891003,38.39597852652245,33.82603020184554,33.63065725650946,5.05,46.0,-1.43,20.19
LCII,2007-07-27,20.54788405118786,20.97647331042767,20.180518826021366,20.664215087890625,322800,31.712938698161658,24.777599326598835,37.746146745053615,33.82525210138733,33.36261202245683,5.02,39.0,-1.4,21.99
LCII,2007-07-30,20.59074803925873,21.068320380184364,19.941737616853565,20.994848251342773,263300,32.034238420318516,25.0033123702287,37.81106148121932,33.86350235548989,32.95282412402167,4.97,39.0,-1.37,21.73
LCII,2007-07-31,21.172409966509424,21.72345448649396,21.172409966509424,21.294862747192383,320800,32.266452004363096,25.07660306221664,37.77125427187231,33.83632527589981,32.85019314253397,4.93,38.0,-1.33,21.85
LCII,2007-08-01,22.592892242539474,23.505178415594237,21.968373015529856,23.217409133911133,990900,40.59331386319969,30.657556335116965,39.95381853460019,35.228178278170006,33.92732213605992,4.9,94.0,-1.1,17.81
LCII,2007-08-02,24.001109632225983,25.856296659573427,23.278627077650125,25.103200912475586,1051500,45.956184427998046,34.45549288296454,41.700932928079716,36.31751763541256,34.77129821483471,4.88,100.0,-0.03,14.85
LCII,2007-08-03,24.864419218928585,24.992996052059397,23.823554136265905,24.050094604492188,577400,47.99923042312238,35.69279322312023,41.72627618945308,36.68558705944502,35.018623025866845,4.87,100.0,0.14,14.82
LCII,2007-08-06,24.043962284946996,24.48479961608788,23.658229620198725,24.258256912231445,545900,47.863829362898294,35.53078308312991,41.42495907579071,36.66133890862234,34.69767331653886,4.86,98.0,0.28,15.45
LCII,2007-08-07,24.307241256481223,25.470558683809017,24.080700875394907,25.02359962463379,492100,48.43084307802638,35.96956417922719,41.659435910153725,36.74345936680737,34.80624315878726,4.85,98.0,0.56,14.93
LCII,2007-08-08,25.26851236575698,25.51954425573464,22.286742875410294,22.635738372802734,765500,57.44902943037098,41.48464742928496,44.782112719320686,38.65810749368201,36.27186685819675,4.88,100.0,0.51,12.56
LCII,2007-08-09,22.103061404707308,22.103061404707308,21.154038419607783,21.466299057006836,874200,59.66215159551416,42.93433607279696,45.63696740212826,39.17294244053585,36.66735902454552,4.93,100.0,0.54,11.72
LCII,2007-08-10,21.337720208831986,24.67460963520823,20.87851530618306,22.96024513244629,627200,62.452137340462386,45.0448368760814,46.72073908891687,39.92359184841153,37.23213059276213,4.98,100.0,0.46,10.53
LCII,2007-08-13,22.96636716376898,23.82355059517196,22.231641177580084,22.794931411743164,376300,62.45229506255258,44.936852482619535,46.69299027762968,39.93769969155124,37.240583668017365,5.03,99.0,0.39,10.62
LCII,2007-08-14,22.672476773324505,23.076577008380813,21.55201798615623,21.576509475708008,286600,64.52782060458529,46.41826382183327,47.56038841021499,40.48418777611039,37.6673241220076,5.09,100.0,0.39,9.92
LCII,2007-08-15,21.4234357708574,22.452052380818344,21.405065990504166,21.98060417175293,227900,64.09766002352211,46.55806112415128,47.636546875750724,40.52673478907294,37.68077797081188,5.13,100.0,0.38,9.8
LCII,2007-08-16,21.88876567621218,22.960243716306486,21.025460605904527,22.899017333984375,405400,64.57595891465398,47.25031919472729,47.851484938708225,40.791598673641545,37.886940298445786,5.17,100.0,0.35,9.44
LCII,2007-08-17,23.927634451061913,24.368469505550856,23.15616901834225,23.584760665893555,443400,64.90857482544669,47.582471680930254,48.04514078614403,40.9131466644389,37.87501738747861,5.2,100.0,0.3,9.2
LCII,2007-08-20,23.63987598477378,23.762331130021337,23.027602594173633,23.51129913330078,131700,64.92422883451854,47.57490037787061,47.88234249688033,40.91283129110428,37.813993023441476,5.22,99.0,0.28,9.31
LCII,2007-08-21,23.51129651723429,24.0439736538077,23.192914109271626,23.535785675048828,175900,64.63359698835227,47.57087992334471,47.87610362780567,40.867045471573164,37.750736678252835,5.23,98.0,0.26,9.34
LCII,2007-08-22,23.878656679324454,24.827679746888137,23.84804348404248,24.754207611083984,254500,65.97684994677553,48.54894768224841,48.29902358295526,41.26333480474925,37.8987295926844,5.25,100.0,0.31,8.81
LCII,2007-08-23,24.754206085349452,24.84604800117175,23.609255835786065,24.154178619384766,178900,66.57507439389701,48.846705436727916,48.47798398388287,41.382886675088,37.976194340151046,5.26,100.0,0.29,8.72
LCII,2007-08-24,24.184785537591555,24.797058589176153,24.050084718839315,24.417449951171875,162100,66.52598905479631,48.87154482672863,48.48745639561719,41.39249282910426,37.94549524432569,5.26,100.0,0.27,8.69
LCII,2007-08-27,24.331738876755875,24.784819753205703,23.976619286790942,24.643997192382812,208100,66.3551959103226,48.8862307507733,48.491294386296566,41.395624073168506,37.94772904044719,5.25,100.0,0.26,8.66
LCII,2007-08-28,24.36235604081241,24.380723493066853,23.290877727405675,23.303123474121094,118000,68.78384680420699,50.33185642017158,49.37232719396625,41.95249232268518,38.366090396636594,5.26,100.0,0.25,8.08
LCII,2007-08-29,23.38883317749,24.282751354034858,23.22964086155724,24.18478775024414,216100,68.88563086519409,50.69267567568253,49.537702434974165,42.14998156542784,38.51286698298875,5.25,100.0,0.21,7.84
LCII,2007-08-30,24.11744126226251,24.435823610340453,23.560272737035344,23.79905891418457,187600,66.6617925202506,50.84005852465221,49.569187254267426,42.16323707344287,38.48537762649543,5.25,100.0,0.17,7.87
LCII,2007-08-31,24.233771806026855,24.386840089787093,23.81742588734807,24.04396629333496,130500,65.36826365450221,50.83920599580616,49.49690455736219,41.844227912839074,38.463202949920564,5.23,98.0,0.12,7.89
LCII,2007-09-04,23.866413017835786,24.184795414967528,23.554154661677373,24.001113891601562,236400,65.33668225282034,50.81419998581039,49.466924690286696,41.83063941985347,38.45166937756528,5.2,97.0,0.07,7.95
LCII,2007-09-05,23.927633119219383,24.068455647529657,23.59700509502842,23.756195068359375,249100,64.6520738644288,50.88174429594474,49.42781409648244,41.85029399468728,38.462950576995794,5.16,96.0,-0.01,7.97
LCII,2007-09-06,23.84804178196424,24.001110083086427,23.603131565913973,23.817428588867188,198200,64.6514875722095,50.7915729080873,49.00899010854574,41.84642889989855,38.458598798073126,5.12,94.0,-0.05,8.4
LCII,2007-09-07,23.541898153329953,23.59087878053894,22.978605758791147,23.235761642456055,287100,65.09689927779057,50.90271244612212,49.18486981272846,41.92308594849579,38.53928276348187,5.07,94.0,-0.07,8.28
LCII,2007-09-10,23.41944866631648,23.468431640841878,22.79492975493829,22.947998046875,292800,65.25861236349093,50.93463642550356,49.18858064082182,41.85602939659896,38.46548320364293,5.02,94.0,-0.1,8.28
LCII,2007-09-11,23.094948109092027,23.450065385275966,23.039843422279695,23.2969970703125,359700,65.24614747364552,51.00483564201143,49.22017861478614,41.88256911295785,38.48876576785044,4.96,94.0,-0.17,8.22
LCII,2007-09-12,23.254130234648237,23.48067060990972,23.0459573035431,23.1439208984375,266200,65.22742611225513,51.03589470934071,48.922064019462695,41.89078095375885,38.39261121150555,4.89,90.0,-0.2,8.56
LCII,2007-09-13,23.18678250456715,23.78068818103844,22.92350487493369,23.41944694519043,377800,60.31106711356215,51.04058243540355,48.89336761154974,41.89568370717887,38.32277514870236,4.82,89.0,-0.26,8.54
LCII,2007-09-14,23.18679025770228,23.664365041370377,23.156177058455743,23.456192016601562,207300,55.62892451573005,51.040633529541054,48.8759389720967,41.875991293945205,38.318033500688045,4.75,88.0,-0.31,8.58
LCII,2007-09-17,23.437814712524414,23.67047915633477,23.382710037296608,23.437814712524414,501300,54.28114397052202,51.01571493422708,48.81869099351529,41.84010298638198,38.31720657587227,4.66,87.0,-0.36,8.67
LCII,2007-09-18,23.511289364236983,24.276630784483803,23.33985129786877,24.160297393798828,374600,54.972378035803224,51.30245026975837,48.874921539888916,41.971954426952905,38.38686325231395,4.57,87.0,-0.47,8.51
LCII,2007-09-19,24.288874683944744,24.46031275378633,23.676601535342517,24.099071502685547,562400,54.172137877525905,51.301305280690414,48.83915795716301,41.97467555732838,38.36221801858657,4.47,86.0,-0.63,8.53
LCII,2007-09-20,24.209285648474058,24.631753363807185,23.78069389248611,23.85416603088379,204300,45.45138257668666,51.36456253817179,48.61029649946332,41.753580452257715,38.37486156840208,4.36,84.0,-1.01,8.7
LCII,2007-09-21,24.086827958012947,25.36035500881835,23.21739879310772,23.817428588867188,389000,42.40510974223693,51.35025518095526,40.8861112903127,41.666793650966994,38.36938792310235,4.36,65.0,-1.09,3.61
LCII,2007-09-24,24.019479522917266,24.723594700701877,23.792939072455646,23.866411209106445,207700,37.843930537912804,51.237888918835154,40.7060845357046,41.625197953267445,38.068769221803834,4.36,64.0,-1.17,3.72
LCII,2007-09-25,23.621501452459125,24.870537019934957,23.615377412431073,24.72359275817871,262300,39.000671537346925,51.62951602289518,41.06594635302956,41.7672289554008,38.17317814567121,4.35,65.0,-1.22,3.51
LCII,2007-09-26,24.95012394782603,25.531783746252255,24.717459561328326,25.44606590270996,292300,35.65407051048812,51.790207362800864,41.26901689659071,41.88003192294413,38.09183741713744,4.35,65.0,-1.19,3.39
LCII,2007-09-27,25.6113884205626,26.16243288505454,25.556283740549723,25.703227996826172,268100,35.468211210464744,51.391268011007085,41.25414438274226,41.836812220749906,38.056620779134576,4.35,64.0,-1.14,3.4
LCII,2007-09-28,25.721596396949003,25.78282511902773,24.741960200058646,24.90727424621582,213300,35.338551829057714,51.61084605782441,41.591025363674646,42.01611582838779,38.201816045491924,4.34,66.0,-1.2,3.23
LCII,2007-10-01,24.944013798092854,25.64812665017091,24.90727656143077,25.280763626098633,267900,34.6252653089714,51.608651263463045,41.64440429905634,42.00581270780896,38.21437190732376,4.34,66.0,-1.24,3.19
LCII,2007-10-02,25.403209248099206,25.648117060700756,25.176666543506524,25.329734802246094,196900,34.58729822795162,51.59096550953179,41.552965664293836,41.98074659673418,38.11626702170084,4.33,64.0,-1.27,3.24
LCII,2007-10-03,25.28688044955062,25.770576795192422,24.882780266825783,25.170549392700195,136100,34.67930937067612,51.46334590050817,41.54334542957932,41.97665372517781,38.117818888432645,4.33,63.0,-1.31,3.25
LCII,2007-10-04,25.33586010370271,26.156306104876617,25.146054612573597,25.862415313720703,162100,32.445026077421915,51.690748256359996,41.59954454698255,42.076866642317526,38.18029097692926,4.32,65.0,-1.3,3.22
LCII,2007-10-05,26.211416400459527,27.05023002624512,25.972627891730433,27.050230026245117,224500,33.82296016319991,52.3689954370708,42.12899511644866,42.371966545462556,38.259878302591765,4.31,69.0,-1.08,2.98
LCII,2007-10-08,26.382847377574,26.43795204875702,24.803181694085033,25.115442276000977,291600,40.585781082031005,54.7786154972873,43.84771105069513,43.34394655232675,38.98772122541972,4.31,69.0,-1.14,2.69
LCII,2007-10-09,25.139937303930953,25.654246862261576,25.08483262497993,25.580772399902344,158300,40.833189863761035,54.787817705986356,43.831680130538466,43.35351812273513,38.97746558939853,4.3,68.0,-1.18,2.7
LCII,2007-10-10,25.629753870840176,26.450199967279627,25.158303275399025,26.339990615844727,222900,37.81883350452595,55.032967896816345,44.037039126829654,43.44239098288157,39.06640807667062,4.3,69.0,-1.17,2.62
LCII,2007-10-11,26.633887116020247,27.02574163322067,25.63588103677488,25.868545532226562,199600,37.001545567404975,54.852728574306575,44.15772455205886,43.48210888781986,38.89713880777512,4.29,69.0,-1.2,2.55
LCII,2007-10-12,25.801204471493254,26.321638338903963,25.617522891787473,26.00325584411621,202900,36.597701723579675,53.32304616271079,44.15335053452999,43.481310426222244,38.89290762776015,4.29,68.0,-1.23,2.55
LCII,2007-10-15,26.21753280414335,26.32774214415585,25.593013989284678,25.880783081054688,241500,36.59573741126165,52.53020770743366,44.162813226237404,43.41444972100321,38.8979548228687,4.28,69.0,-1.26,2.55
LCII,2007-10-16,25.862424412692874,26.572661325105795,25.837932920904134,25.972631454467773,141600,36.5746948113656,52.50277731452583,44.14963770736816,43.4000249463629,38.8723836484663,4.28,66.0,-1.29,2.56
LCII,2007-10-17,26.32161940010015,26.67673655393408,25.795064204340154,26.205286026000977,152000,36.40938090915938,52.02830140041085,44.15839864932581,43.403577267561666,38.84118963514078,4.27,68.0,-1.3,2.56
LCII,2007-10-18,26.02161614284448,27.04411146782208,25.758338427960005,26.242034912109375,102200,36.412916908610846,52.02982699504935,44.13439706372708,43.40373424724196,38.84116491967522,4.26,64.0,-1.32,2.56
LCII,2007-10-19,26.19917023008289,26.19917023008289,25.017482792421166,25.317495346069336,242400,37.288902782694805,52.602454181408284,44.533656644980134,43.63806508201127,39.0192498405188,4.25,69.0,-1.34,2.4
LCII,2007-10-22,25.286883850152932,25.348112574337268,24.386843793194764,24.79706573486328,227400,37.661454788457924,52.829507559938484,44.67737856953684,43.7144829324582,39.02616199077793,4.24,69.0,-1.36,2.32
LCII,2007-10-23,24.83992357305633,24.96237868036072,24.05009058336173,24.93788719177246,165600,37.48801263796446,52.76495646634897,44.68077779572888,43.711723341973894,39.01605602254591,4.22,69.0,-1.38,2.32
LCII,2007-10-24,24.699104810412603,25.20116872539428,24.16030365690644,25.054222106933594,111200,37.398610940312366,52.71374256086814,44.66768861112326,43.70718070625521,38.970377812216924,4.21,67.0,-1.39,2.33
LCII,2007-10-25,25.188920339100417,25.274638217702634,24.50317497464566,25.152185440063477,111600,37.299746956518455,49.74466474264074,44.575881021619736,43.68656641487901,38.91242701396409,4.19,66.0,-1.4,2.38
LCII,2007-10-26,25.562403739553506,26.039976044050405,25.164425262048297,25.990995407104492,79700,38.325340196085094,47.578565384647995,44.837524352122834,43.80051841053831,39.023586201696865,4.18,70.0,-1.4,2.28
LCII,2007-10-29,25.990989341067714,26.235897139911618,24.56439212864832,24.8154239654541,142700,40.93881689330457,47.717230553089024,45.48743901483518,44.14733265503971,39.172813020365226,4.16,70.0,-1.4,2.05
LCII,2007-10-30,24.75420717097994,24.75420717097994,23.774570925551195,24.564401626586914,384300,40.16872096463231,47.7363962738682,45.5015815370078,44.16941119328402,39.049507275373024,4.15,70.0,-1.39,2.04
LCII,2007-10-31,24.70522249008645,24.70522249008645,22.92350758562263,24.233774185180664,427700,40.368682130116156,47.37905822232497,45.56674870307865,44.20909524783801,38.96410938738074,4.13,70.0,-1.37,2.01
LCII,2007-11-01,23.639864750783893,23.639864750783893,22.776559773717622,23.16229248046875,384100,42.377448280525584,43.62204228822474,46.1223335262579,43.997546419134004,39.22336434636466,4.12,71.0,-1.34,1.83
LCII,2007-11-02,23.211272980157776,23.296990839911533,21.368331988542522,21.668344497680664,310100,46.4599954229438,44.417106466687194,47.22307579385255,44.575866723078946,39.78719032178872,4.12,73.0,-1.33,1.65
LCII,2007-11-05,21.61936619602909,22.219393614650894,20.639727735221385,21.92550277709961,393700,46.64035455434606,42.23782279667551,47.22979586222598,44.593845750068,39.77843065748518,4.11,73.0,-1.31,1.65
LCII,2007-11-06,22.1520420681097,22.188779296801673,21.435681290254358,22.13367462158203,270500,45.39007744024337,42.26717827614067,47.25021814947182,44.526215558744255,39.754336227946716,4.1,73.0,-1.29,1.64
LCII,2007-11-07,21.784676206837524,22.090812731370015,21.141787636810232,21.319347381591797,354700,45.332629970287044,41.45064836097777,47.63730882611684,44.754546867040894,39.94181699357575,4.1,75.0,-1.28,1.51
LCII,2007-11-08,21.63774158466996,21.63774158466996,20.535649955469243,21.105064392089844,401800,45.09200825033692,41.31265674536863,47.63364932355382,44.748508950394445,39.95501835626852,4.09,73.0,-1.28,1.51
LCII,2007-11-09,20.8172905064243,21.172410112639696,20.407068549903506,20.60911750793457,225300,44.77761998866804,40.652125320257355,47.7839175981333,44.652178602465,39.99348377741949,4.08,75.0,-1.28,1.45
LCII,2007-11-12,20.46216603123951,20.46216603123951,19.653965720152208,19.81315803527832,648100,45.30459328274985,40.840623109670815,48.180403622169486,44.39444026246307,40.15805505690133,4.08,79.0,-1.26,1.33
LCII,2007-11-13,19.684583801194716,20.443801241449766,19.029450513302645,20.407066345214844,630900,46.526763850456646,41.37802829142596,48.400794646888016,44.5100222557182,40.22802504395792,4.07,80.0,-1.26,1.26
LCII,2007-11-14,20.49890353180047,20.609112878931377,19.825404042121868,19.96622657775879,529800,46.71813709966911,41.562974710935144,48.50575215245075,44.50523813734789,40.27223927605094,4.06,83.0,-1.26,1.22
LCII,2007-11-15,19.831527480203505,20.205014485300335,18.998836768259146,19.151905059814453,377200,46.512412843880576,40.805838343590764,48.93741834111398,44.633133418931784,40.46857832444073,4.05,90.0,-1.21,1.1
LCII,2007-11-16,19.145784648306982,19.255994019239992,17.933483903680955,18.25798797607422,868500,44.72704345709502,41.57046570013437,49.49904503057799,44.95728487917469,40.69597609401753,4.05,98.0,-1.05,0.97
LCII,2007-11-19,18.55187964990112,19.868268117212473,17.302842783941102,17.492647171020508,1030300,41.831787531211525,42.16603987974646,49.89772712246005,44.91914162106269,40.90677923391318,4.05,100.0,-0.78,0.87
LCII,2007-11-20,17.498766707049466,18.15389879544435,17.321208099528768,17.957971572875977,422400,42.38949011821408,42.563430934090164,50.0836134605341,45.02568856308446,40.97780747077559,4.06,100.0,-0.67,0.82
LCII,2007-11-21,17.817145473850093,18.172263785878474,17.511008957693967,17.608972549438477,445700,40.60684357725046,41.35018652573812,50.05749200562247,45.03493805616878,41.01695397512917,4.06,99.0,-0.55,0.82
LCII,2007-11-23,17.81714819605191,18.3620709043643,17.81714819605191,18.068180084228516,129400,42.128244449697746,40.921919819888025,50.064611013259075,45.057363335119895,41.09566450206549,4.06,99.0,-0.5,0.83
LCII,2007-11-26,18.019199828021172,18.135532058911867,17.05180825281583,17.125280380249023,184400,43.4721333036431,42.067563598373575,50.50106451125321,45.500886100812735,41.44164418031413,4.06,100.0,-0.38,0.75
LCII,2007-11-27,17.143652239043078,17.21712554819346,15.28846373704621,16.41504669189453,895900,44.14326182549437,42.605425207091926,50.89763557637886,45.50617578628259,41.65565771930185,4.07,100.0,-0.19,0.66
LCII,2007-11-28,16.41504346036106,18.166145110893297,16.41504346036106,17.94572639465332,552900,53.31793076379575,46.88396273532844,52.89392132614772,46.53524351073376,42.597072489326834,4.11,100.0,-0.23,0.7
LCII,2007-11-29,17.768167654222545,17.768167654222545,16.733425671066307,16.788530349731445,273800,55.16863478316941,48.55689507577862,53.84660035116162,47.19366926119674,43.10976582954325,4.16,100.0,-0.18,0.59
LCII,2007-11-30,17.29059193383678,18.04981042584197,16.61096842974853,16.7273006439209,439200,55.058642278227744,48.527862489345125,53.83906085511996,47.193880961136344,43.110054252811416,4.19,99.0,-0.17,0.59
LCII,2007-12-03,17.10079392941687,17.131407128137173,16.43341592050993,16.849761962890625,320000,55.058989258602786,48.440629082168904,53.85431450330967,47.19913948051564,43.07768782289385,4.21,100.0,-0.19,0.59
LCII,2007-12-04,16.568109769309533,16.702810598796948,16.1762553587678,16.378305435180664,417500,55.1894338415699,48.64974044745571,54.01586364726714,47.252877350722194,43.1619031110633,4.23,100.0,-0.18,0.55
LCII,2007-12-05,16.59260529744135,16.947723735490563,16.408922621873344,16.690568923950195,193900,55.72565293649077,48.72486247533593,54.10374169580622,47.268515642292876,43.202966576232626,4.24,100.0,-0.21,0.52
LCII,2007-12-06,16.647708217195998,17.437540018108677,16.4579026891301,17.321208953857422,502400,57.4055155478311,49.50138565933578,54.444761402031496,47.47585087343269,43.361882796294836,4.25,100.0,-0.28,0.45
LCII,2007-12-07,17.19875061876282,18.03144236713388,17.180382006259975,17.878374099731445,549900,58.63697004565942,49.95115665103382,54.3975935705008,47.6271592399684,43.470185853590394,4.26,99.0,-0.37,0.46
LCII,2007-12-10,17.970217019367333,18.32533539636043,17.768166928454335,18.30696678161621,320000,58.097138810648104,50.27064822465833,53.49091025398876,47.62154254371117,43.53121420484346,4.26,93.0,-0.48,0.55
LCII,2007-12-11,18.349828686120276,19.745812101626694,18.184515797927812,18.32533836364746,545100,57.26027993408535,50.277062885551004,53.1035044911824,47.619313943752374,43.526102313061486,4.24,92.0,-0.57,0.63
LCII,2007-12-12,18.802900311241185,19.115159632252492,17.65795063535094,18.01919174194336,286500,57.293621714798896,49.82381753591085,53.15570980983097,47.584582163391495,43.53732776492708,4.22,92.0,-0.66,0.62
LCII,2007-12-13,17.63346477208148,17.896742391323365,17.45590618075772,17.86000633239746,250000,57.28680001724784,49.82797112281757,52.96156333371056,47.58714128739837,43.33684147770776,4.2,90.0,-0.72,0.66
LCII,2007-12-14,17.602849649459337,17.694690370588543,17.13752200554415,17.198749542236328,281900,56.92842075056377,50.26817410534902,53.268077176564745,47.72286776291152,43.4970811094412,4.16,92.0,-0.79,0.59
LCII,2007-12-17,16.990579849805595,17.36406684362932,16.85588017771724,16.9599666595459,297300,54.35416866416607,50.29147979489596,53.29128503754019,47.72596275365603,43.51276946917567,4.12,92.0,-0.84,0.59
LCII,2007-12-18,17.143644667420517,17.498762974532934,16.990576411461408,17.48039436340332,232700,55.19809261397496,50.804762018385716,53.535706036333785,47.861720213415694,43.615269577647545,4.07,93.0,-0.9,0.53
LCII,2007-12-19,17.51713622339711,17.584485479733797,17.106913142105704,17.162017822265625,129400,55.04231633328457,50.16504469146683,53.52608448409093,47.91043584071698,43.63138919029728,4.0,92.0,-0.96,0.53
LCII,2007-12-20,17.302839810163533,17.676326815100925,17.13752577507796,17.35794448852539,271000,54.6243375695352,49.772618757884295,53.50611210182002,47.923693433036064,43.58448692532848,3.93,91.0,-1.02,0.54
LCII,2007-12-21,17.60286148211108,17.73143834455777,17.30284763524989,17.419179916381836,340900,54.69656541576777,49.698450021493336,51.601000139410125,47.86884642812579,43.58306684311866,3.88,83.0,-1.1,0.51
LCII,2007-12-24,17.57224138987871,18.0314462920412,17.57224138987871,17.743677139282227,53700,54.89970992979385,49.67993452588597,50.064672479896934,47.86607984204609,43.618779503222456,3.84,79.0,-1.17,0.5
LCII,2007-12-26,17.4620328702427,17.68245043981433,17.370192118936316,17.633468627929688,162100,53.92693655514642,49.49525194267783,49.667251776900756,47.83820713670295,43.613170539609804,3.8,75.0,-1.23,0.6
LCII,2007-12-27,17.455913338632968,17.455913338632968,17.125285169269482,17.302845001220703,230300,53.14058140471476,49.53697306051289,49.694260749854735,47.85749473933538,43.64690535381176,3.75,75.0,-1.29,0.58
LCII,2007-12-28,17.327332965375202,17.40692914395521,16.776287259389367,16.996706008911133,224400,53.046525734138704,49.592992617936595,49.43731430698374,47.87087974961035,43.65256312720945,3.7,68.0,-1.33,0.63
LCII,2007-12-31,16.88649069279628,17.051804696773416,16.310953698108193,16.776281356811523,288500,51.98433087372587,49.109393284218264,46.985164453175834,47.61652092993065,43.670673027752215,3.68,34.0,-1.38,0.29
LCII,2008-01-02,16.555865997635564,17.10078870969567,16.396674843679264,16.58647918701172,223700,50.390283344863775,47.89779149032525,46.3161775641965,47.63001461731554,43.68599828482,3.68,31.0,-1.42,0.4
LCII,2008-01-03,16.59872277936132,17.241609015514854,16.59872277936132,16.776281356811523,217300,49.11949026047353,46.03127934492929,45.001401997027095,47.63064052566953,43.548859980062076,3.69,27.0,-1.46,0.43
LCII,2008-01-04,16.635463950421,16.721181830179475,15.612967594573448,15.631336212158203,272400,52.31000720489859,47.55110119137148,46.25825669672149,48.35197728201855,44.07593800901983,3.69,32.0,-1.48,0.35
LCII,2008-01-07,15.717053896906325,15.925226889009867,15.521126649707346,15.839509010314941,393100,52.35800010835844,47.12357675702867,45.60019382991858,48.16569802890617,44.075098458837914,3.7,31.0,-1.51,0.46
LCII,2008-01-08,15.747671336368109,15.943599804201028,14.700684388985735,14.749666213989258,344100,55.12317425558021,48.81799777039842,46.730903089416934,48.86581749929415,44.616996309850435,3.7,35.0,-1.5,0.4
LCII,2008-01-09,14.621084489593757,15.496635411574978,14.461894474523108,15.380304336547852,273500,55.019037274040116,49.85267475886161,46.75398076343274,49.110877900220984,44.810895811218835,3.7,36.0,-1.52,0.39
LCII,2008-01-10,15.196619225465401,16.298711583778058,14.988446263378068,16.010942459106445,308400,55.16488088074094,50.84728826466242,46.97883999833215,49.30416389877313,44.965693111832024,3.7,37.0,-1.55,0.37
LCII,2008-01-11,15.961956287156315,16.13339314074004,15.53948760700022,15.796642303466797,263700,48.19677392401666,50.80181842222938,47.003365603941496,49.26802114461518,44.967184806096604,3.71,39.0,-1.57,0.36
LCII,2008-01-14,15.919104709651245,15.919104709651245,15.257849637655397,15.417040824890137,336800,44.88148642357217,50.7777390939342,47.10679391256913,49.334487813786104,45.00091444663189,3.71,40.0,-1.59,0.32
LCII,2008-01-15,15.123150684155785,15.214991443812881,14.565982085374968,14.719050407409668,424800,46.61941572198412,51.30599689030674,46.7504882882543,49.512079456435806,45.21316625651192,3.71,36.0,-1.58,0.32
LCII,2008-01-16,14.761902507402558,14.884356407571943,14.370046990533528,14.4496431350708,376500,46.662452970512064,51.049374376955335,46.696505519416185,45.33862908376293,45.23067258613677,3.71,35.0,-1.58,0.34
LCII,2008-01-17,14.44352348151607,14.44352348151607,13.316940809282348,13.439395904541016,370000,50.189630539549945,52.61936433817068,47.83022819294721,45.980761788947305,45.80128925810959,3.71,49.0,-1.54,0.27
LCII,2008-01-18,13.347553802181425,13.757776847079334,13.00468117546354,13.151626586914062,530300,49.774702209546255,52.56513004330351,47.83153200530369,46.03386664730769,45.84851892563495,3.71,50.0,-1.49,0.26
LCII,2008-01-22,12.600583100942076,13.329188575924908,12.349551168588235,13.145505905151367,777900,47.98005672279315,52.51185113123189,47.17142462534463,46.00654383583469,45.848126516308284,3.71,43.0,-1.47,0.37
LCII,2008-01-23,12.857738495582037,13.763902642613266,12.563847610245189,13.647571563720703,779100,48.438285245702986,53.356165176498585,47.17944055929068,46.245691541446995,45.97577524755441,3.7,44.0,-1.46,0.37
LCII,2008-01-24,13.616958324881727,15.380306118215282,13.616958324881727,14.823136329650879,787000,54.52436891281973,55.983233580831346,49.18716675194938,47.32871862775074,46.69785891560828,3.7,66.0,-1.47,0.52
LCII,2008-01-25,15.061920448594446,15.166006935817558,14.394542589543626,14.46801471710205,309000,54.69175652475665,55.5428566603643,49.22460329753867,47.400861323085536,46.72972245109654,3.7,69.0,-1.48,0.51
LCII,2008-01-28,14.461897620968404,15.092538449362095,14.174128387520765,14.963961601257324,214900,55.920026397821054,56.22671239385595,49.605976861839096,47.563300645232296,46.855246373427285,3.7,73.0,-1.49,0.43
LCII,2008-01-29,14.994565756497998,15.600715891479053,14.602711406890386,15.502752304077148,456500,57.19167538511378,56.91979599586391,50.00369678138974,47.741428948075466,46.92908039532186,3.7,76.0,-1.49,0.35
LCII,2008-01-30,15.42928514603772,16.139521966403354,15.214989291933609,15.723176002502441,268900,56.56192745494694,56.53552726008769,50.077432244401166,47.73192596893114,46.946476276916286,3.71,79.0,-1.49,0.33
LCII,2008-01-31,15.41091978287928,16.690571137671007,15.086414497142009,16.592607498168945,272800,58.78691183008766,56.44683770064278,50.80314112174394,48.17703763774191,47.2570466930198,3.72,81.0,-1.49,0.25
LCII,2008-02-01,16.60485326723768,16.770166179231502,15.949719821441972,16.50076675415039,169300,58.05990041483755,56.34544922004411,50.78349102913876,48.17826501693334,47.25965630901221,3.73,80.0,-1.49,0.25
LCII,2008-02-04,16.44565555260124,16.44565555260124,15.772154920795252,16.292587280273438,191400,57.94312723792364,56.29004774496177,50.718875717726064,48.166542928279945,47.27636547207566,3.74,79.0,-1.48,0.27
LCII,2008-02-05,15.925226499818725,15.980331182724068,15.184375300657175,15.21498966217041,306000,60.91503342393592,57.39663510733164,51.75189844077084,48.81800390826854,47.76443653001202,3.75,83.0,-1.47,0.17
LCII,2008-02-06,15.368057429211614,15.741543284072971,15.159884449470589,15.343565940856934,136100,60.98674679296271,57.460323332442464,51.727780458807594,48.83176890265124,47.77171873632412,3.77,82.0,-1.46,0.18
LCII,2008-02-07,15.319075196353078,15.466020618959009,14.945588184009829,15.306829452514648,223700,60.61098422712258,57.33378051723332,51.72029979651042,48.820726275730514,47.771023615092254,3.79,81.0,-1.44,0.18
LCII,2008-02-08,15.28845868878548,15.698681707190802,15.03130394339978,15.086408615112305,119900,60.67388855030026,56.92085042752256,51.74262932711121,48.84447785563499,47.78388217459782,3.81,82.0,-1.42,0.17
LCII,2008-02-11,15.11090529599184,15.343568637154615,14.82313609634738,15.276219367980957,139100,60.73975252129748,56.59139962564517,51.514373028660486,48.87220399603224,47.78633900606826,3.82,78.0,-1.39,0.22
LCII,2008-02-12,15.32519507986932,15.723172334465717,14.884357730196111,15.037425994873047,144200,60.70169711258452,56.526980002412145,51.543729457740874,48.90077032911465,47.79704683600448,3.84,78.0,-1.36,0.21
LCII,2008-02-13,15.325198070599154,16.017066248117764,15.227234455513658,15.98645305633545,313000,63.4985374780343,57.57772352901558,52.58598459058022,49.43958647953377,48.19075131153265,3.87,83.0,-1.32,0.12
LCII,2008-02-14,15.104775971750115,16.28034025746048,14.23534820661205,15.319071769714355,485000,64.55435082352898,57.41587376275481,52.94061144538544,49.67736927943252,48.37841380214764,3.83,84.0,-1.28,0.05
LCII,2008-02-15,15.159885499020072,15.233357633533856,14.700680570944087,14.933343887329102,408300,64.7426055615385,57.01010973398325,53.03556245272731,49.74985482791446,48.04494167902963,3.78,85.0,-1.23,0.04
LCII,2008-02-19,15.10477554694205,15.337438782193574,14.725165758268592,14.737411499023438,175300,61.65819539176026,56.72890363124004,52.66254634641806,49.76751874446125,47.94404219652493,3.74,81.0,-1.18,0.11
LCII,2008-02-20,14.719050384201612,15.466023374138464,14.57210376759961,15.263973236083984,312100,62.447540534635195,57.16315178739205,52.77544170023165,49.957528452855,48.07778270695457,3.69,81.0,-1.11,0.09
LCII,2008-02-21,15.343565004948655,15.45377436018542,14.829255459055997,14.908851623535156,470100,59.24431961274277,57.019562778816166,52.79915506855497,49.99623286745657,48.07141945054573,3.64,81.0,-1.04,0.09
LCII,2008-02-22,14.95783424270833,15.05579785984107,14.61496158274374,15.049674987792969,341300,58.0018719498539,56.095676321805044,52.6850733352479,50.00637564517887,48.076940531517195,3.59,79.0,-0.96,0.11
LCII,2008-02-25,14.99457169765537,15.66807250376187,14.914976689285925,15.539494514465332,189900,57.54838695105008,55.889643183698944,52.91986613201368,50.16345397412976,48.17600209968376,3.55,82.0,-0.87,0.06
LCII,2008-02-26,15.453770329647991,16.831384575171718,15.42315714687469,16.555862426757812,349800,60.341016024139805,54.34259230052434,54.00783327519104,50.72329149765115,48.465684575114324,3.51,96.0,-0.77,-0.02
LCII,2008-02-27,16.48239619776438,17.93348433708718,16.366063951432693,17.566120147705078,562700,62.06084690235998,54.00337319202685,54.93845244606839,51.22409453006621,48.50808380706347,3.47,100.0,-0.66,-0.11
LCII,2008-02-28,17.425289906439303,17.43753564733898,16.519126100589578,17.03955841064453,355000,61.0963183134114,54.37436867726079,54.8790745933787,51.32680678287835,48.59443925927513,3.44,99.0,-0.54,-0.09
LCII,2008-02-29,16.800775621786297,16.868124874405513,16.268097465582024,16.50688362121582,316800,61.65644478697199,54.7478371954973,54.48192623379361,51.36965452158678,48.64604309101258,3.4,98.0,-0.45,-0.03
LCII,2008-03-03,16.549746869660584,16.549746869660584,15.588476857049763,16.04768180847168,299000,58.08946108664941,54.74422046899803,53.47315432880397,51.45953944193271,48.63111515326629,3.38,85.0,-0.31,0.0
LCII,2008-03-04,15.96196523467863,16.788534448643784,15.925229162538907,16.782411575317383,299500,58.53892291732517,55.385626679582124,53.922695911597614,51.74804216294463,48.81083677230598,3.36,92.0,-0.16,-0.06
LCII,2008-03-05,16.764039915316076,17.253859182235242,16.549745226846063,16.898740768432617,203200,58.48386594610019,54.86749920402394,53.6859096968627,51.75482066224383,48.59549729325601,3.34,88.0,-0.02,-0.01
LCII,2008-03-06,16.782411903726853,17.051812496266873,16.445662038915852,16.592607498168945,267800,58.30484773094808,54.574479182274075,53.68735033532843,51.77363931327559,48.62957565520588,3.31,88.0,0.15,-0.01
LCII,2008-03-07,16.310956352198883,17.008948537739045,16.08441594053965,16.2987117767334,285900,54.022601049944555,54.42792401022321,53.70684064924496,51.8096324501823,48.62625290835839,3.29,88.0,0.33,-0.01
LCII,2008-03-10,16.45790251600249,16.45790251600249,15.919102633032267,15.98645305633545,263800,53.824685239898294,54.54060999331685,53.757330192907304,51.85024452043737,48.60804507747062,3.26,88.0,0.52,-0.02
LCII,2008-03-11,16.470146675266253,16.880369711901515,16.421164872435998,16.8436336517334,185400,54.98853510180904,55.57975117914411,54.50056099901979,52.23232047032504,48.8919492470564,3.24,98.0,0.71,-0.11
LCII,2008-03-12,16.89261708628604,17.749799302523186,16.715057303988747,17.125280380249023,316100,54.320940115617574,55.67292945853909,54.56154067783806,52.26322330769878,48.740733757702984,3.21,98.0,0.89,-0.13
LCII,2008-03-13,16.849757807491454,17.443662358057885,16.69668951600149,17.35794448852539,195700,54.310464389467924,55.20557099701834,54.62718065246365,52.28672770792371,48.632418290960885,3.18,98.0,1.04,-0.14
LCII,2008-03-14,17.364071213493986,17.664084991250604,16.286470062141575,16.451784133911133,304800,54.55127353345798,56.22714894509841,54.96128637017762,52.65434721573612,48.921748859555855,3.16,100.0,1.29,-0.17
LCII,2008-03-17,15.961964160445392,16.464028061234732,15.545618144819521,16.108909606933594,330900,54.86572255814496,56.01184992972813,54.963524641103234,52.685038747447024,48.96472269480493,3.14,100.0,1.58,-0.17
LCII,2008-03-18,16.59260808595458,17.174267070125747,16.096666997429566,17.143653869628906,191800,57.6818225821103,57.386310346496685,55.95034145141309,53.21421744425571,49.36178580556747,3.14,100.0,1.89,-0.26
LCII,2008-03-19,17.235490408314107,17.449786262647148,16.243608474731445,16.243608474731445,172000,56.286140202007175,58.38467398442398,56.49662052836153,53.52597665783435,49.61152758862371,3.13,100.0,2.2,-0.3
LCII,2008-03-20,16.488517021579906,16.580357765558343,15.949715966021143,16.212993621826172,481500,56.26617092953382,58.37688555728624,56.48261186009385,53.43263298613342,49.58426290353271,3.12,99.0,2.47,-0.3
LCII,2008-03-24,16.286468200925626,17.229368370717793,16.286468200925626,16.568113327026367,317200,56.540392337041645,58.42672293095769,56.323349038999595,53.37337826489198,49.632255255057,3.11,98.0,2.26,-0.28
LCII,2008-03-25,16.372186959844775,16.525255276037587,15.612968251666665,15.729300498962402,260800,58.533827258139105,59.34108992436885,56.43749011885144,53.70297814910532,49.89864922734762,3.11,98.0,2.25,-0.28
LCII,2008-03-26,15.643574725678674,16.00481589009259,15.643574725678674,15.802765846252441,179100,58.448519211128705,59.24889755797825,56.44906845103639,53.690380217401355,49.84325753060133,3.11,98.0,2.05,-0.29
LCII,2008-03-27,15.88236931569852,15.961964328787099,15.515005111694336,15.515005111694336,206400,58.51924161869363,59.25519086362958,56.47415367019628,53.697614990637675,49.87293338932662,3.1,98.0,1.58,-0.29
LCII,2008-03-28,15.5272459888125,15.588472363765753,15.068041169753627,15.086408615112305,160300,56.21688422007861,59.45852253863162,56.223502986627615,53.784925966452015,49.89907324600342,3.09,94.0,1.31,-0.26
LCII,2008-03-31,15.000694455058154,15.33744427161572,14.817012949266488,14.976202964782715,182300,54.911161613576894,59.436371399768696,55.32949260237082,53.78647961568185,49.89613395742881,3.09,92.0,1.44,-0.21
LCII,2008-04-01,15.221108878345762,15.545612857710466,14.914972343658635,15.50887680053711,226900,55.33723052771739,59.852796944606204,55.61582455799763,53.960455444045586,49.97543742772827,3.09,92.0,1.44,-0.26
LCII,2008-04-02,15.349682006187619,15.563977762988678,14.951704839453038,15.459891319274902,200800,55.18540245526972,58.0832666740382,55.57731442549705,53.95092068782776,49.958251299859675,3.08,91.0,1.1,-0.25
LCII,2008-04-03,15.227230916178433,15.227230916178433,14.902725786747444,15.2088623046875,148800,54.48136478872851,58.10807549482927,55.35012534092256,53.97259662353573,49.98315299423074,3.08,90.0,0.95,-0.22
LCII,2008-04-04,15.245601210690413,16.310956352198883,15.245601210690413,16.2987117767334,319100,57.561292595770354,57.94952417748871,56.524278706687966,54.45313846018563,50.46837457724723,3.09,100.0,0.73,-0.3
LCII,2008-04-07,16.427292438056035,16.70893876067743,16.286469860654652,16.41504669189453,168100,57.54289280636801,57.35434780238203,56.442088999894665,53.883402744760055,50.469933153030524,3.1,95.0,0.58,-0.29
LCII,2008-04-08,16.249729416607853,16.5497431099085,16.096661134241092,16.40279769897461,108000,56.88119046820164,56.773016040269866,56.12780381734438,53.66784759102147,50.43245402430436,3.1,91.0,0.63,-0.25
LCII,2008-04-09,16.402801425343803,16.647710499205107,16.017068612170984,16.04768180847168,115400,54.16600098558797,56.88691263149016,55.98841158799139,53.720312871042516,50.44202509763013,3.11,90.0,0.27,-0.22
LCII,2008-04-10,16.072171034250175,16.678321344546543,15.986453162436069,16.37218475341797,92100,51.50124149515051,56.79412760120503,56.01284274825048,53.66663538277645,50.4613845410215,3.11,90.0,-0.05,-0.23
LCII,2008-04-11,16.22523922212904,16.531375811225818,15.925225504952412,15.98645305633545,85700,51.22350944635172,56.17726219598344,55.76280448357549,53.730774029752006,50.49297254477353,3.12,87.0,-0.11,-0.2
LCII,2008-04-14,15.949716529288464,16.323203558184755,15.870121526447816,16.017066955566406,136100,50.45466711371136,56.02474981306889,55.27538597378127,53.72508810505965,50.47193278027186,3.12,82.0,-0.06,-0.15
LCII,2008-04-15,16.157886913546392,16.415041665095966,15.16600513458252,15.16600513458252,367400,52.23908837760758,55.12595142077538,55.531530648100855,54.09216141195159,50.572873315489694,3.13,84.0,-0.07,-0.16
LCII,2008-04-16,15.282339885175356,15.784404935273438,15.282339885175356,15.759913444519043,195800,51.77643778810116,55.39839153395232,55.719048452761214,54.2608419594119,50.72121873097842,3.14,86.0,-0.02,-0.19
LCII,2008-04-17,15.68643844065492,16.121151811719546,15.55173760176409,16.010942459106445,120800,51.974645458876815,55.4550267898592,55.70637633222907,54.26778662445294,50.73433508209316,3.15,85.0,0.03,-0.2
LCII,2008-04-18,16.274217303872945,16.67831741554104,16.212989766507263,16.34769058227539,123100,52.132164225792785,55.12024098928362,55.65171453982121,53.31646393733185,50.77798078682272,3.16,84.0,0.1,-0.19
LCII,2008-04-21,16.151767166908954,16.26197653429573,15.612967242573992,15.643580436706543,109700,53.42476547597948,53.390583047129326,55.441817592684686,52.68974288200331,50.82190785040234,3.17,80.0,0.12,-0.18
LCII,2008-04-22,15.521121670330926,15.619085262502429,14.817007913666451,15.117021560668945,142800,54.031259745827334,53.63027972284281,55.30211807509511,52.60691852346007,50.92099260354955,3.17,77.0,0.07,-0.16
LCII,2008-04-23,15.14763398627233,15.221107260628422,14.406784211620613,14.4496431350708,164000,52.91930447510268,53.99316742732656,53.8300269203464,52.830025974967185,51.101019588097415,3.18,58.0,0.03,-0.3
LCII,2008-04-24,14.38841540547926,14.988442661261208,14.370046795185422,14.731287956237793,118300,53.02200459295283,53.63535925962011,52.9307412093297,52.74192303026184,51.1079191176347,3.17,42.0,-0.03,-0.27
LCII,2008-04-25,14.853751751725897,15.04967903872931,14.400669608575818,14.841506004333496,167500,52.86740081498278,53.573272494293654,52.94757487891266,51.467626301219006,51.07441945488031,3.17,44.0,-0.08,-0.28
LCII,2008-04-28,14.798640162871486,15.53949001773257,14.798640162871486,15.28233528137207,134500,51.71954555104804,52.73059882185493,53.15180286939536,51.2471345635438,51.15445370683971,3.17,48.0,-0.08,-0.32
LCII,2008-04-29,15.239477241718886,15.4966319930711,15.061918648161889,15.074164390563965,181100,51.53341875323636,52.78476135412209,53.010153745260745,50.60012356071862,51.08974497778498,3.17,46.0,-0.12,-0.29
LCII,2008-04-30,15.098657941712903,15.374181365685903,14.829257390252472,14.933343887329102,141700,47.792660094050746,52.759138869240516,52.932425591919326,50.60370604401905,48.244420790688004,3.16,43.0,-0.15,-0.27
LCII,2008-05-01,14.970081412830561,15.704808611315048,14.970081412830561,15.172131538391113,237200,45.771009400538375,50.986976499462536,52.64900599714066,50.26019144052041,48.2015452302543,3.16,37.0,-0.12,-0.23
LCII,2008-05-02,15.319071693253635,15.55785780440639,13.910843004958922,13.929211616516113,618500,51.732169946253414,53.870454272690125,54.04599015441141,51.16161863509784,48.92918464504924,3.15,67.0,-0.13,-0.13
LCII,2008-05-05,14.768031515572549,14.786398965932017,14.008811647007132,14.443526268005371,485200,52.55357808311105,54.42600666274742,54.237481692335265,51.10865857748801,49.06046496826198,3.16,67.0,-0.18,-0.16
LCII,2008-05-06,14.241471424929713,14.27208461060724,13.861861616310234,14.03329849243164,374700,51.14985841223451,54.65652209828151,54.396572275327635,51.05933263540935,49.1302705927982,3.16,67.0,-0.27,-0.19
LCII,2008-05-07,13.965951601128403,14.198616075040315,13.867987980897642,13.94758415222168,280300,51.090280051024926,54.59024878207184,54.3520458243943,51.06076739994848,49.13161822124227,3.17,66.0,-0.33,-0.18
LCII,2008-05-08,13.978193343286053,14.00268482524042,13.470006770914285,13.494498252868652,224300,51.61803354637233,54.89649582164887,54.558260637173376,51.182684448216534,49.23100465005848,3.17,69.0,-0.35,-0.21
LCII,2008-05-09,13.35979855765237,13.837371985432313,13.353675686650524,13.721039772033691,140800,51.48432787127384,53.45289182758768,54.35471036449427,50.83966398727156,49.24624362411439,3.18,65.0,-0.38,-0.18
LCII,2008-05-12,13.770016486930162,14.051662609911357,13.665930053974604,14.02717113494873,147700,51.98006657029997,53.02298388025676,54.45794436428827,50.86434012355031,49.285902039609006,3.18,66.0,-0.42,-0.21
LCII,2008-05-13,14.076162199826927,14.645576522222377,14.05167187653153,14.578226089477539,258300,52.2123170775527,53.405896742334114,54.59848573175095,51.0756673180653,49.41689935147925,3.19,70.0,-0.42,-0.22
LCII,2008-05-14,14.572094672691348,14.694549720825382,14.32718574424117,14.34555435180664,222800,52.370147212816455,53.438665503120106,54.58199208019908,51.07909516893946,49.43667010748564,3.19,69.0,-0.43,-0.22
LCII,2008-05-15,14.321071397782465,14.443526518791765,14.10065381491174,14.41291332244873,65600,52.24070844209911,52.93545573576874,54.551376094766326,50.69677586202044,49.43960922405626,3.2,66.0,-0.44,-0.21
LCII,2008-05-16,14.455769027813213,14.455769027813213,13.916968017392005,14.241473197937012,141600,47.75940699850618,52.77745632177848,54.56789136809168,50.486478804881685,49.42995710926083,3.2,68.0,-0.45,-0.22
LCII,2008-05-19,14.321067220072486,14.69455417916134,14.290454032659863,14.400663375854492,126400,47.857972363907166,52.792728446506246,54.51019944501556,50.4894023854185,49.445840944199645,3.2,64.0,-0.5,-0.2
LCII,2008-05-20,14.3088248959782,14.321069472177863,14.045547238681406,14.076160430908203,204400,48.138844352757744,52.53441448039463,54.60555347271896,50.52065184304894,49.4917577174799,3.19,70.0,-0.56,-0.22
LCII,2008-05-21,14.167993612530426,14.314938958852778,13.892471526107691,14.02717113494873,267600,47.8758949987787,50.757754886970275,54.540508148897636,50.52048860298343,49.484531159964504,3.18,63.0,-0.59,-0.21
LCII,2008-05-22,14.051672177317718,14.076162501137347,13.776148735480666,13.93533992767334,145000,47.31014149964066,49.08902690562719,54.486940388869,50.51489762167481,49.48710691435302,3.16,60.0,-0.61,-0.2
LCII,2008-05-23,14.027178622654272,14.13126511117118,13.880233197892478,14.076160430908203,194700,47.18003396407882,48.85354455959406,54.49094431880819,50.53419226423742,49.499749034650655,3.11,60.0,-0.63,-0.2
LCII,2008-05-27,14.149631779190612,14.425153974755384,13.9659491476625,14.394540786743164,141600,47.780487568545496,48.76053164234682,54.60243730680131,50.55533220515972,49.557103325292196,3.05,69.0,-0.63,-0.22
LCII,2008-05-28,14.541485495777897,14.541485495777897,14.235348959024678,14.296576499938965,221300,45.28727039918554,48.47088689563138,54.57031796125532,50.54434953080794,49.54278401246304,2.94,66.0,-0.62,-0.22
LCII,2008-05-29,14.174122787310122,14.204737144633672,13.531236465153759,13.898600578308105,577000,44.230271446953864,47.77101472777784,53.60982720722933,50.590424213800055,49.61339230897122,2.86,42.0,-0.68,-0.19
LCII,2008-05-30,13.610830031641958,13.702670758347672,13.163870971940801,13.457761764526367,521200,44.533551332714964,48.09166866796782,53.784366255811975,50.70781119933202,49.702776029545475,2.76,46.0,-0.71,-0.22
LCII,2008-06-02,13.457764765504264,13.6965521095687,13.323065080820102,13.50062370300293,406100,43.9069718886218,48.016603234235795,52.61583268790706,50.68247078417388,49.704772125523405,2.68,26.0,-0.75,-0.17
LCII,2008-06-03,13.684306716708688,13.684306716708688,13.42102904494711,13.580220222473145,334000,42.54997621469984,47.958318397401015,52.179843527975954,50.69057804115425,49.709134662203944,2.6,24.0,-0.8,-0.1
LCII,2008-06-04,13.592463381343586,13.623076569428477,12.967944534738345,12.98019027709961,456700,43.32162369312083,48.6215040395751,52.214443679118276,50.9345183774617,49.87939317112377,2.52,24.0,-0.77,-0.09
LCII,2008-06-05,12.992434358832389,13.323062383136001,12.93732968811512,13.200607299804688,353700,42.04574858748307,47.415720769620144,52.268039707345814,50.8338114493973,49.9089132065154,2.44,24.0,-0.8,-0.11
LCII,2008-06-06,13.133258715127395,13.182240517358254,12.52098560333252,12.52098560333252,616200,43.878951153236216,48.25254850832913,52.77488401529731,51.16993459535135,50.169455058417356,2.36,29.0,-0.72,-0.16
LCII,2008-06-09,12.680173551369585,12.796505750945094,12.135250942955933,12.276073455810547,756400,43.89390463754303,48.18284985701603,52.3747765672251,51.19963648337964,50.1823229091803,2.26,23.0,-0.61,-0.11
LCII,2008-06-10,12.220973454335834,12.337305698300419,12.000555879446432,12.074028015136719,603200,42.65727587892357,47.20008486093815,52.36042282461858,51.22171926356949,50.20274931556457,2.15,22.0,-0.47,-0.1
LCII,2008-06-11,12.092393444939864,12.239338845398413,11.957693786474085,12.055657386779785,341200,42.658083343205874,47.08858912423629,51.119080096758886,51.21773720009365,50.1928413736354,2.09,12.0,-0.34,-0.07
LCII,2008-06-12,12.129132700813706,12.827124996782675,12.018923329459733,12.074028015136719,295300,42.73212422078933,44.991180663306125,51.01410331665323,51.01043551706358,50.12631538950472,2.02,11.0,-0.24,-0.05
LCII,2008-06-13,12.220970667165535,12.441389359603784,12.000553142545558,12.09239387512207,111800,42.26239477657342,43.88135437175484,51.015462696085564,50.8655138753223,50.12217434615038,1.93,11.0,-0.16,-0.05
LCII,2008-06-16,12.031167036390329,12.245462870182187,11.945449170000924,12.123007774353027,123900,35.2856595694732,43.903707170098286,50.64763427226141,50.84374721847331,50.123874037300794,1.84,6.0,-0.15,0.02
LCII,2008-06-17,12.184239631090067,12.184239631090067,11.571966271057212,11.59033489227295,140900,34.95521762102479,44.30572898027451,49.30471840061136,50.97040024250582,50.304230571941,1.84,2.0,-0.11,-0.13
LCII,2008-06-18,11.547470004349467,11.822992173955045,11.32705133441048,11.620942115783691,477500,34.461009331230585,43.28571145918073,49.18686984475813,50.92625726835131,50.288353240183824,1.84,1.0,-0.11,-0.11
LCII,2008-06-19,11.590329828245032,11.761765546746814,11.180106809544238,11.50461196899414,343100,34.4782734184703,43.2498566767077,48.86347013699155,50.92530056529429,50.29263731203096,1.86,1.0,-0.14,-0.05
LCII,2008-06-20,11.480122608270921,11.510735801432258,11.173986005383696,11.320931434631348,533400,33.68302696929321,43.22287676529735,48.5264891237124,50.94366818706708,50.309966458182956,1.89,1.0,-0.16,0.02
LCII,2008-06-23,11.284197884848112,11.449511967536933,11.033165907943777,11.125006675720215,421500,33.149289472519214,43.03920890990991,48.49945575787448,50.82784695191306,50.3300402922263,1.93,1.0,-0.18,0.03
LCII,2008-06-24,11.100513993180632,11.131128357708032,10.610695838928223,10.610695838928223,207200,33.95552544909459,43.90083299984869,48.115182900865506,50.732495303197645,50.51863902697584,1.99,1.0,-0.08,0.06
LCII,2008-06-25,10.671919281350164,11.161737246557927,10.641304928638338,10.776005744934082,255300,31.715462931052542,43.30687312319811,48.21866719778719,50.120980521940815,50.545356530356024,2.04,2.0,-0.09,0.03
LCII,2008-06-26,10.622939885765906,10.788253924318669,10.114753194073579,10.1514892578125,409400,34.802838146400056,44.67338964235772,48.99903031839896,50.46521671981768,50.86637271713186,2.08,6.0,0.0,-0.04
LCII,2008-06-27,10.090259828272638,10.335168820644654,9.998419102110406,10.243328094482422,560300,34.99975356430901,44.74894567916904,47.96770970841395,50.32771659268334,50.86772867348286,2.14,1.0,-0.02,-0.0
LCII,2008-06-30,10.182100956869288,10.194346698926434,9.735141882147602,9.765755653381348,300800,36.55318771301503,42.65799734672064,48.425290769738275,50.556152961557956,51.06459858059168,2.2,4.0,0.02,-0.06
LCII,2008-07-01,9.624934200419617,9.771879618097062,9.288183846976915,9.716774940490723,311100,35.93822140182009,42.54016641943513,48.42415857361575,50.54042849399638,51.01578614973401,2.25,4.0,0.01,-0.06
LCII,2008-07-02,9.59432098737046,10.231084501246166,9.471866465471289,9.520848274230957,546200,35.88837047985785,42.572772377281474,48.46380026039523,50.5710772824428,50.984388294305575,2.3,6.0,-0.0,-0.07
LCII,2008-07-03,9.563705584074754,9.698405827205136,9.25756903944787,9.435128211975098,538400,35.79592687893854,42.48884844171161,48.39085914828861,50.561125612610525,50.88044213171252,2.35,4.0,-0.05,-0.04
LCII,2008-07-07,9.477987424755856,9.741265047857675,9.312673989347347,9.42900562286377,495700,35.93233257832515,42.09832611147729,48.36336504713386,50.53504955116459,50.878061243274544,2.4,4.0,-0.12,-0.04
LCII,2008-07-08,9.422883902064187,10.139242943780845,9.373902097227308,10.071893692016602,350000,42.16451407291692,44.70585166412612,48.533929622659976,51.234818496752744,51.32816991208146,2.44,11.0,-0.24,-0.01
LCII,2008-07-09,10.120875579395827,10.120875579395827,9.42900626663662,9.594320297241211,499500,42.276263232578216,45.433708672823904,48.66124790082259,51.363417971604385,51.51318255221089,2.49,12.0,-0.33,-0.02
LCII,2008-07-10,9.60044251339521,9.77800169123131,9.386146692185477,9.42900562286377,264600,42.24168476573815,44.451889542360625,48.589813324401035,51.35069332495142,51.528542680380326,2.53,12.0,-0.42,-0.01
LCII,2008-07-11,9.282060767403703,9.355533474597102,8.914697231436705,9.324919700622559,345000,42.026961712190214,43.393091635073155,48.58146103683958,51.33828452727808,51.53149398359221,2.58,12.0,-0.5,-0.01
LCII,2008-07-14,9.484110272481939,9.508601173367328,9.092255858315683,9.24532413482666,292400,41.65877639659526,43.09057941841742,48.16632216950854,51.32543379646124,51.53419076257618,2.63,3.0,-0.57,0.08
LCII,2008-07-15,9.15960751877374,9.72902180794677,8.9759254335009,9.5881986618042,399300,43.805144105839524,43.668714118068266,48.51836547372734,51.553290699343755,51.68077302481604,2.67,11.0,-0.67,0.01
LCII,2008-07-16,9.588197622746694,10.329048755974467,9.416761300894638,10.249452590942383,475700,49.11439753496672,45.71124359126626,49.76982807777821,52.059860544698076,52.14127001222499,2.69,21.0,-0.77,-0.04
LCII,2008-07-17,10.18822663323723,10.524977625624073,10.18822663323723,10.439258575439453,455100,48.53771733625534,45.645549637175606,49.565832393801266,51.902706143860215,52.049989993071186,2.71,21.0,-0.85,0.0
LCII,2008-07-18,10.433135740561404,10.500484997489526,10.286189146965569,10.371908187866211,352000,47.99915697422067,44.917191879964456,48.37647096020631,51.89917900731964,51.601685696418045,2.75,6.0,-0.92,0.08
LCII,2008-07-21,10.390275141219963,10.629062468573789,10.163734725203865,10.341293334960938,465300,46.09127950337329,44.62230632443778,47.28013310054514,51.88913920171605,51.451737853546554,2.81,1.0,-0.98,0.18
LCII,2008-07-22,10.286188601309865,10.794375276430635,10.224962219681007,10.751516342163086,188700,47.71820859454454,45.48135044670437,47.62177737692625,51.91965820931797,51.62087281549693,2.85,2.0,-1.04,0.11
LCII,2008-07-23,10.782129595353794,11.48624342226145,10.714779181085131,11.461751937866211,308600,51.49529359784514,47.13604865358687,48.64593376793038,52.009863620996136,51.971389591991,2.88,19.0,-1.07,0.08
LCII,2008-07-24,11.755643566458733,11.755643566458733,10.818865336566201,10.941320419311523,463800,53.10182800967037,47.8730041855154,48.96587213503351,52.22448215277933,52.155866180845244,2.9,22.0,-1.11,0.04
LCII,2008-07-25,11.020918175802839,11.345423409171698,10.849481250431241,11.014795303344727,362000,53.16317078628834,47.92834749907835,48.37345041564382,52.2156076297469,52.160215127604395,2.94,8.0,-1.15,0.13
LCII,2008-07-28,10.904584054754642,11.02091627576574,10.249451996323941,10.329048156738281,264900,56.01449267733649,49.22962143017082,49.26864340506686,52.55354837639834,52.52437520101058,2.95,26.0,-1.19,0.06
LCII,2008-07-29,10.359662068356222,11.039285659790039,10.353539196526738,11.039285659790039,614900,59.731955377922766,48.653478423543895,50.50620409760885,53.206397405678004,52.946901831323544,2.96,30.0,-1.21,0.01
LCII,2008-07-30,11.00867347994694,11.333178744239198,10.586205750445195,10.671923637390137,265600,59.14095624431946,48.303483843550396,50.680612622504285,53.27341982118302,53.01227027003107,2.97,32.0,-1.24,-0.02
LCII,2008-07-31,10.24945121039028,10.62906103350913,8.516718442168985,9.061641693115234,611300,75.24869001810903,58.0472844812,56.60052792269632,56.381499341248464,54.65933192713871,2.99,100.0,-1.25,2.87
LCII,2008-08-01,8.939187185070319,9.69840566273133,8.724891373902063,9.220832824707031,478900,75.61304371418422,58.26751303428789,55.960047624769174,56.29713967745956,54.081085345423205,3.0,87.0,-1.27,3.04
LCII,2008-08-04,9.294305524102377,9.514723622288413,9.0922554547879,9.220832824707031,634500,75.59566475011678,58.02760473180339,55.851325137938666,56.26126522817822,53.94136431485976,3.01,85.0,-1.3,3.07
LCII,2008-08-05,9.19634248850807,9.4902333041006,9.073887398102036,9.380023956298828,423500,75.83743015367506,58.03561542314972,55.886773567857595,56.1415661902612,53.96770343258604,3.02,85.0,-1.34,3.06
LCII,2008-08-06,9.373902014885477,9.82698341369209,9.294306436747435,9.80249309539795,295800,76.10134784074823,58.66680495788892,55.926145561201665,56.18388539080641,54.06744007670381,3.03,85.0,-1.37,3.13
LCII,2008-08-07,9.79636931119874,10.182100838987171,9.692282840554524,9.826982498168945,252500,75.92596012643946,57.959737433356786,55.880850245852045,55.992404308032185,53.19421894128064,3.04,83.0,-1.39,3.17
LCII,2008-08-08,9.851477922294196,10.390277936073886,9.802496102859678,10.231086730957031,152900,74.97058965024391,58.71148300438567,55.31459784504113,56.120945383823475,53.136973386500856,3.04,72.0,-1.42,3.29
LCII,2008-08-11,10.249451501435956,11.125002216808443,10.114751840539517,10.800497055053711,235200,76.55389460100123,59.945487607216485,55.549764715516446,56.49339492548133,52.978877663084646,3.02,77.0,-1.43,3.32
LCII,2008-08-12,10.84947867035641,11.082143097161538,10.573956482173369,10.984179496765137,161700,75.20113786266872,60.089465370536,55.648278765282534,56.44016270215043,53.01430929541296,3.02,80.0,-1.43,3.3
LCII,2008-08-13,11.045409520595033,11.259704214722428,10.555590240744637,11.063776969909668,188200,75.15828072706329,60.05199277045627,55.52649343391437,56.12691258254357,52.765572455073254,3.01,76.0,-1.44,3.33
LCII,2008-08-14,11.00866840859881,11.939323661460813,10.9658094848701,11.522977828979492,177000,75.4965153125109,60.62705224835231,55.43857092724321,56.15504278414647,52.900944691205154,3.0,75.0,-1.43,3.45
LCII,2008-08-15,11.700539212114101,11.920956732065113,11.155615363775457,11.278070449829102,141500,75.8025402536203,60.74104029205765,55.500582529320276,55.14441142512304,52.753711211699525,2.99,77.0,-1.42,3.4
LCII,2008-08-18,11.418892036950618,11.571960297949468,10.941319810037822,11.051527976989746,103000,76.16398465842047,60.83437870148746,55.51458443826128,54.656686856283386,52.6824225485153,2.97,78.0,-1.4,3.39
LCII,2008-08-19,10.892338396964977,11.063774107919704,10.40864211461541,10.494359970092773,117100,75.65438436662106,61.544215553645934,55.908608417788294,54.96830414845804,52.90724841689811,2.97,92.0,-1.39,3.22
LCII,2008-08-20,10.457629331305851,10.77601177063211,10.378034305383686,10.50048828125,127200,74.1610219270999,61.29350472756674,55.909386824722,54.95704950069128,52.906900183154114,2.98,92.0,-1.38,3.23
LCII,2008-08-21,10.44537802876337,10.44537802876337,9.986173235866866,10.133118629455566,263500,74.7822414012207,61.608080277309384,55.79451658350625,55.01140642946147,52.730110333650416,2.98,87.0,-1.37,3.21
LCII,2008-08-22,10.15761199131004,10.463748576538629,10.041279761934026,10.292311668395996,148100,74.7635841847928,61.57920469221746,55.883198524457164,54.99459570142924,52.722391454635634,2.98,89.0,-1.35,3.19
LCII,2008-08-25,10.237206470496151,10.237206470496151,9.655547688749042,9.894333839416504,199500,75.7180993500343,61.73272260803194,56.1318285932222,54.960796654556134,52.825805158496365,2.99,97.0,-1.33,3.07
LCII,2008-08-26,9.8698451753617,10.071895298518818,9.539217064112675,9.729022026062012,193500,75.20229864226535,61.75407392118403,54.912369354224055,54.828288077585654,52.82664970960283,2.97,70.0,-1.32,3.33
LCII,2008-08-27,9.802494360004431,9.802494360004431,9.441253067970516,9.624935150146484,182500,72.58178303540677,61.71770526986062,54.88397543309639,54.74027528947519,52.57050106897889,2.96,70.0,-1.31,3.33
LCII,2008-08-28,9.618810797976277,9.83922891233061,9.398392683621944,9.83310604095459,142200,72.66173356448783,61.40755798560493,55.043479576467206,54.81740603089752,52.4717981229608,2.95,72.0,-1.31,3.28
LCII,2008-08-29,9.777999730265826,10.139240300796342,9.637176640136115,9.814736366271973,125500,72.64932587144617,61.2477117989425,54.97992280793237,54.79454646496873,52.45703256655687,2.94,72.0,-1.3,3.33
LCII,2008-09-02,10.071893156153017,10.218838562845594,9.698406184256292,10.016788482666016,421300,72.93240243099724,60.63639424980505,54.98408659859606,54.86248920033206,52.49350861590914,2.93,73.0,-1.31,3.33
LCII,2008-09-03,10.022910797118193,10.304555852344798,9.875964230770673,10.280065536499023,332500,72.41022149427221,60.843126290606065,55.11565569008452,54.815811831829976,52.575643078740356,2.92,75.0,-1.29,3.32
LCII,2008-09-04,10.231084686712512,10.427013093121365,10.07189468122166,10.09638500213623,322200,69.82212742561885,60.85756089497135,55.14827720324143,54.829466182584895,52.591615020108605,2.92,76.0,-1.28,3.29
LCII,2008-09-05,10.078017939818109,10.610696223726526,9.802495655991251,10.261700630187988,316800,68.88465701486372,60.98450108276568,54.658323323694624,54.73548667917888,52.62493768952774,2.91,70.0,-1.23,3.54
LCII,2008-09-08,10.757639021242271,11.718907676548781,10.757639021242271,11.118880271911621,512200,72.88445402988995,63.30526745802631,55.87193806283797,55.5813175029647,53.23971702247389,2.91,91.0,-1.2,3.34
LCII,2008-09-09,11.076019942070177,11.72502907000443,10.990302085876465,10.990302085876465,310100,70.38438231199858,63.33695933681274,55.800510733533,55.56772065021038,53.23828813229873,2.91,89.0,-1.2,3.35
LCII,2008-09-10,11.198476402683225,11.461752874537906,10.782130476485724,11.186230659484863,138800,67.87827620005095,63.45495028398287,55.76748600151422,55.614644238300926,53.24766445482422,2.92,87.0,-1.26,3.36
LCII,2008-09-11,11.082144594778047,11.247458630718985,10.843357264701673,11.039285659790039,162500,67.23325577190464,62.85441706179099,55.415098519985214,55.57320344025629,53.256394818223164,2.92,80.0,-1.25,3.53
LCII,2008-09-12,10.953568648027384,11.327055723979472,10.806623200395071,11.082146644592285,195300,45.63727188889048,62.85783001927876,55.20659967078291,55.5768659435689,53.24017439774744,2.91,78.0,-1.21,3.66
LCII,2008-09-15,10.739273071289062,10.990305003485123,10.598449340105638,10.739273071289062,159800,46.821786458155096,63.144292053729735,54.98307409658334,55.648263846239956,53.31413933021035,2.92,73.0,-1.15,3.76
LCII,2008-09-16,10.433136127853732,11.088268280029297,10.280067824342863,11.088268280029297,274100,47.43360958422992,63.426233981656885,55.15034432903677,55.76885232799735,53.42898230775618,2.93,77.0,-1.08,3.7
LCII,2008-09-17,10.892341067612156,10.898462772088756,9.888212199770056,10.592326164245605,302600,49.62008694140005,64.01477905566915,55.543008837131566,55.99083831911644,53.4944202670877,2.95,84.0,-1.02,3.49
LCII,2008-09-18,10.763761553377371,12.65568561405417,10.763761553377371,12.380162239074707,508500,65.51495011447271,70.89398813397875,60.82825344104751,59.037736227098904,55.81418650847718,3.06,100.0,-1.01,4.54
LCII,2008-09-19,14.076157211768665,14.682307388219776,12.092392679432804,12.600579261779785,909000,65.55587163595672,70.91239395217252,60.87961661190193,59.06183063858741,55.845773720160494,3.16,100.0,-1.01,4.52
LCII,2008-09-22,12.600584055438068,14.20474056284653,11.333178552714108,11.35766887664795,427400,72.39495045019757,73.1123206370905,62.98979942576337,59.73451425262964,56.757236261005986,3.32,100.0,-0.96,4.0
LCII,2008-09-23,11.235216390166643,12.33730797109828,11.235216390166643,11.59033489227295,262700,70.98615468765715,73.19575396284051,63.02687028119679,59.76525347505104,56.80257107414859,3.47,100.0,-0.97,3.98
LCII,2008-09-24,11.657682993589743,11.884223437312194,11.290318817808492,11.553596496582031,264200,70.8676774333611,72.46676056786848,61.61366405549917,59.189942435740164,56.673276292766914,3.58,98.0,-0.89,4.43
LCII,2008-09-25,11.761766378782898,12.459758547748018,11.761766378782898,11.98830795288086,237800,71.5889932408239,72.78270104636024,61.62442005911749,59.14209292396434,56.72492928822205,3.67,98.0,-0.84,4.43
LCII,2008-09-26,11.853608433709837,11.890344495336427,11.131125937416266,11.596453666687012,306300,71.38476198368771,73.0102697812868,61.67758444018614,59.05352329610621,56.790138198619225,3.77,98.0,-0.75,4.4
LCII,2008-09-29,11.363789444055776,11.376035187447535,10.763762031680027,11.161739349365234,180100,71.98846156658753,73.46387074674567,61.94312595178246,59.19474761744473,56.82791131511868,3.87,98.0,-0.66,4.28
LCII,2008-09-30,11.265824851313914,11.314806652796303,9.918824726639077,10.475993156433105,332500,74.08058081743296,74.70506470010962,62.51274131780362,59.58224683248602,57.11653668647588,3.97,98.0,-0.56,4.08
LCII,2008-10-01,10.414765264106348,10.500483121877505,9.784123569283368,9.826982498168945,269100,74.8771798788809,74.68058309100401,63.189060944884744,59.802318192788796,57.43280922006336,4.09,100.0,-0.46,3.83
LCII,2008-10-02,9.784124118929398,9.820861346739315,9.043274208703767,9.208587646484375,258900,77.04693079891858,75.20681027732587,63.80650347202111,60.23185052385861,57.757905622766,4.22,100.0,-0.36,3.62
LCII,2008-10-03,9.386148006040756,9.667793698299056,8.72489300402722,8.737138748168945,288200,77.79656433392155,75.88274965209729,63.89170986352164,59.95143974004393,57.876474200172865,4.34,100.0,-0.3,3.6
LCII,2008-10-06,8.663664336873751,9.704529098682592,8.277932788567114,9.44737434387207,400900,81.26713074734681,77.57466539603199,65.21764338451122,60.658991729886225,58.254584351580284,4.49,100.0,-0.22,3.24
LCII,2008-10-07,9.62493433088484,9.64942523416305,8.49835161226865,8.633051872253418,277100,84.51413530283271,79.74022082208376,66.61191933147516,61.55181944311071,58.46820231909189,4.67,100.0,-0.16,2.91
LCII,2008-10-08,8.694281323358572,9.520850567076513,8.614685718978304,8.994295120239258,291900,85.43998969528064,79.83776070943918,67.00283900231476,61.585185209898505,58.59968722771114,4.85,100.0,-0.08,2.79
LCII,2008-10-09,9.122869116699277,9.177973790092771,7.959550439826721,8.014655113220215,239500,91.46743115955476,81.92646365041283,69.21770194998876,62.19212860191986,59.54809848703525,5.08,100.0,-0.02,2.49
LCII,2008-10-10,7.573820068023466,8.95143488699746,7.261560568917801,8.718770980834961,467300,94.85702648304257,83.78780941802735,70.62128316093298,62.99936381182587,60.19277335043951,5.34,100.0,0.04,2.24
LCII,2008-10-13,9.03715210627018,9.508602142333984,8.72489265022904,9.508602142333984,123300,98.43788873393774,85.7759776211813,72.09995283954889,63.73991731109745,60.870352194709824,5.63,100.0,0.13,1.99
LCII,2008-10-14,9.649426319295399,9.70453100384551,8.320793353244392,8.64529800415039,247600,101.88855868918974,87.90123259001521,73.54163186648974,64.5144154057424,61.549608314608975,5.94,100.0,0.19,1.76
LCII,2008-10-15,8.675910075510783,8.675910075510783,7.598309254308047,7.616677284240723,175800,107.32908079618322,91.0254195583182,76.00176314763668,66.11202302244432,62.747760532099775,6.31,100.0,0.27,1.58
LCII,2008-10-16,7.763622995684835,7.916691268729668,6.771740656423414,7.794236183166504,590900,107.72137990572112,90.06805681961505,76.00831135955603,65.83259935447859,62.794803982340106,6.65,100.0,0.18,1.58
LCII,2008-10-17,6.5819385645901205,7.855467095956204,6.5819385645901205,7.273807525634766,334300,108.84344199199592,90.61567080976182,76.66287732615072,66.27895459861483,63.119744317346935,6.99,100.0,0.12,1.45
LCII,2008-10-20,7.347277104941954,7.6166770085364774,6.99828162930813,7.543204307556152,159900,106.3462599057272,91.00767922166187,76.88780518042135,66.44808613205119,63.1794439522354,7.31,100.0,0.06,1.41
LCII,2008-10-21,7.426873589401888,7.8309737863935345,7.096246102416978,7.145227909088135,186000,107.01461223405427,90.75660905354856,77.15642555574355,66.27582116367883,63.35248034737431,7.62,100.0,0.13,1.36
LCII,2008-10-22,7.022774292705698,7.341156076883669,6.857460236065953,6.998283386230469,230300,106.59421579239856,89.52712290236985,77.17499152125221,66.28761644463998,63.3632422995147,7.91,100.0,0.16,1.35
LCII,2008-10-23,7.06563257483682,7.249314648244136,6.2635544406522,6.912564277648926,428500,106.59630109508613,89.36613098023871,77.15434276217428,66.29388169755937,63.35990313442943,8.17,98.0,0.14,1.35
LCII,2008-10-24,6.300288923675298,7.194207495395723,6.263552288055439,6.992157459259033,269100,106.73906445314456,83.28026359613766,76.95974061364926,66.30940107993327,63.37517125217874,8.42,97.0,0.14,1.4
LCII,2008-10-27,6.851335385792519,7.328908800069071,6.569689750671387,6.569689750671387,191900,107.5161490228245,83.99158876649754,77.38169199592116,66.63316199952338,63.51802332094928,8.66,100.0,0.17,1.31
LCII,2008-10-28,6.698269014832573,7.408506466489398,6.563569321921323,7.3840155601501465,190700,113.48175800257232,87.66104453569328,79.48161370361771,68.15304800501085,64.55178950522483,8.94,100.0,0.08,1.25
LCII,2008-10-29,7.475856887851053,7.579943393774617,7.163597370080363,7.37177038192749,196400,113.11338619334617,87.55496902933602,79.44964063082021,67.71149196254682,64.55030731895394,9.2,99.0,-0.01,1.26
LCII,2008-10-30,7.445242534043643,7.739133994023926,7.163596819187617,7.3840155601501465,184800,101.43032651260211,86.99008026171721,79.43525631308718,67.56105050769575,64.54746951743392,9.45,98.0,-0.1,1.26
LCII,2008-10-31,6.979914211606738,7.7758694844167895,6.42274569581247,7.408505916595459,355300,101.08653321712269,86.99313259215059,79.44422047802837,67.51828161445978,64.4240362440398,9.67,98.0,-0.18,1.26
LCII,2008-11-03,7.579942160310821,7.830974074720492,7.255437533189237,7.31054162979126,244100,97.73204342722188,86.50087222638155,79.44874116707086,67.51848493621621,64.12751739069947,9.88,98.0,-0.27,1.26
LCII,2008-11-04,7.347278340548809,7.720764779319388,6.998282806223691,7.671782970428467,236300,98.92951229395203,86.33426616839999,79.89139292083821,67.64296932918488,64.32260913261152,10.09,100.0,-0.35,1.18
LCII,2008-11-05,7.543206600960665,8.033025340327697,7.451365842789666,7.555452346801758,214600,98.8792222518544,86.22668877999021,79.90124357064776,67.61612480856911,64.3175864333675,10.28,100.0,-0.42,1.17
LCII,2008-11-06,7.506468233326441,7.690150277347782,7.145227016329931,7.200331687927246,288100,98.13081916212445,86.60330248377119,79.94395551311126,67.8007960939569,64.38164734984011,10.45,100.0,-0.5,1.17
LCII,2008-11-07,7.292173682186787,7.5187146949872465,6.9860370837143995,7.408505916595459,155900,98.87144691359254,86.35188408332404,80.1101420141553,67.77562212091566,64.46244923228635,10.61,100.0,-0.57,1.13
LCII,2008-11-10,7.653416186152698,8.026902685829596,7.10237045431343,7.212579250335693,123300,98.69326769518753,86.39590656968213,80.18376147054575,67.35025526940906,64.47239626482522,10.76,100.0,-0.63,1.12
LCII,2008-11-11,7.163597166493076,7.469733802530467,6.845215368647023,7.353402137756348,185500,98.04581738399033,86.5259482557559,80.25248882512305,66.98222709248398,64.41772794505792,10.89,100.0,-0.7,1.11
LCII,2008-11-12,7.188085536842211,7.420749368176425,6.986035475087857,7.096244812011719,208900,97.07464083721311,86.23071209583266,80.37966656506865,67.01278134892809,64.4072580323716,11.02,100.0,-0.76,1.08
LCII,2008-11-13,7.132981522490466,7.886077754015629,6.441113419648866,7.855463981628418,260500,100.93571672569075,89.0282088531981,81.82478632738774,68.10908574394439,65.24582839479565,11.16,100.0,-0.82,0.98
LCII,2008-11-14,7.671782408708352,7.806482665250379,6.992159422176211,7.047264099121094,244300,104.458813924286,91.33116087216682,83.4646982037504,69.16464713881092,65.97575781361232,11.31,100.0,-0.87,0.83
LCII,2008-11-17,6.95542421816409,7.090124502630676,6.532955913853875,6.741128921508789,154700,101.765123668773,91.55142080398561,83.24110940426505,69.07388175284004,65.95402907881916,11.46,99.0,-0.92,0.87
LCII,2008-11-18,6.753369388984831,7.028892055395772,6.318655641035519,6.796228885650635,203000,99.09614219497598,91.35164587172184,83.23775493054396,69.07704447687863,65.84930899393467,11.59,98.0,-0.97,0.87
LCII,2008-11-19,6.80235369682926,7.047263278751199,6.190080617888077,6.2574310302734375,195700,100.25641155299655,92.66154189326966,83.88428205125433,69.66701705802959,66.24979935833738,11.72,100.0,-0.99,0.79
LCII,2008-11-20,6.275799448410566,6.7288814147917675,5.792103709401629,5.908435344696045,258100,96.40535460796875,93.22574678310728,84.30421015593663,69.92290564322347,66.44550889011465,11.84,100.0,-0.97,0.72
LCII,2008-11-21,6.024768988165999,6.526832875876737,5.571686914675367,6.428869247436523,311900,96.42332775676995,94.95692894515459,85.45044726467151,70.70995801450074,66.969152343334,11.98,100.0,-1.02,0.61
LCII,2008-11-24,6.508463079900551,7.5064682963501985,6.404376606878193,7.255436420440674,227900,99.86123659389688,98.51442911580345,87.71413707293428,71.95047922419104,67.94161379817479,12.15,100.0,-1.07,0.51
LCII,2008-11-25,7.3350339015221495,7.469734191894531,6.943179360670602,7.469734191894531,202400,96.99813370747596,98.62681105475285,87.8582997342812,72.01781947878328,67.90613849032552,12.3,100.0,-1.12,0.49
LCII,2008-11-26,7.218699714549255,8.902450713636656,7.218699714549255,8.6146821975708,184900,98.99209234142103,102.98632646026064,90.1865275541925,74.06596599756855,68.83941684749445,12.49,100.0,-1.13,0.55
LCII,2008-11-28,8.479983180022453,8.7738740054717,8.369773828524401,8.608560562133789,65200,98.83644363774997,102.9391359954617,89.87091225014633,73.83009207293755,68.54156452587677,12.65,99.0,-1.14,0.59
LCII,2008-12-01,8.320791966154397,8.388141800538724,6.930931674759922,6.949300289154053,243600,115.58580274472578,111.59433922445659,95.99668194878504,77.89473418956347,71.72956018953197,12.94,100.0,-1.19,1.29
LCII,2008-12-02,7.132983894399399,7.947307357574289,7.053388877197966,7.781993865966797,224500,119.83874805637898,112.88467378703085,97.74261109132867,78.73900112250648,72.66462667065048,13.24,100.0,-1.22,1.14
LCII,2008-12-03,7.788114908171849,8.749383600970537,7.586064808206637,8.235074043273926,190100,119.70276680719769,113.60148385649626,98.17424640962102,78.8458605228833,72.86395907304684,13.53,100.0,-1.23,1.08
LCII,2008-12-04,8.082006068561066,8.890207084153628,7.677905852719396,7.977919578552246,160100,119.94724541776843,113.63500709933412,98.10632650470421,78.91481806681072,72.88899302375114,13.79,99.0,-1.26,1.08
LCII,2008-12-05,7.855464472555535,8.253441786733436,7.469732317752294,8.1493558883667,223300,119.93609264709076,113.7563285871018,97.56211042132084,78.91297912360594,72.81890502082841,14.03,97.0,-1.27,1.15
LCII,2008-12-08,8.339161071659948,9.153484396349532,8.186092768764773,8.810611724853516,187500,121.7615989997834,115.01289505901707,98.34017748150133,79.29724327084112,73.18701681090644,14.27,100.0,-1.26,1.06
LCII,2008-12-09,8.651420492440872,9.34328928701671,8.320792983732078,8.541211128234863,172000,120.52993428478209,115.00908702006754,98.44792984902236,79.35985112445609,73.19276464284171,14.48,100.0,-1.25,1.04
LCII,2008-12-10,8.66366346883581,9.355532088990511,8.541208974983007,8.969799995422363,132900,116.78670146714416,115.28713873598797,98.77872804351455,79.58080853041372,73.37614889850997,14.65,100.0,-1.24,1.0
LCII,2008-12-11,8.877960564560844,9.245324683554616,8.033023558002505,8.130987167358398,178700,120.65791111927939,116.60032481737666,99.74653894183406,80.32039026293002,73.98037072532763,14.83,100.0,-1.23,0.88
LCII,2008-12-12,8.014655202346537,8.761628569269952,7.47585478882056,8.706523895263672,236900,122.12180422306531,112.77410982834381,99.82430843938059,80.76712393592402,74.32310937012416,15.01,100.0,-1.2,0.87
LCII,2008-12-15,8.773874441645756,8.82285624832232,7.702396398754803,7.996287822723389,264200,124.91500081149867,113.81992537026495,100.44133417439409,81.22045677561124,74.6962759362995,15.18,100.0,-1.19,0.8
LCII,2008-12-16,8.051393995952733,9.061645333271889,7.892203375109821,8.828981399536133,312700,127.88598292292114,114.08572511690276,101.73342000331694,82.12521679447599,75.38225729339622,15.35,100.0,-1.15,0.69
LCII,2008-12-17,8.737139519398191,9.245326267953217,8.58407120757055,8.957557678222656,567400,127.2967486001367,114.03861655824934,101.27746283907693,82.1361569235764,75.32982070819666,15.51,99.0,-1.13,0.75
LCII,2008-12-18,8.810609514410048,9.343287004775732,7.812604359848217,7.916690826416016,409200,132.56428670156072,116.6259933703118,102.5181748585213,82.91478509456168,76.27803358274792,15.69,100.0,-1.11,0.66
LCII,2008-12-19,8.014654224621951,8.773872657645244,7.886076862262436,7.990163326263428,401300,131.7355113350718,116.32517805115181,102.41978444532229,82.91918115339176,76.27431401294491,15.85,99.0,-1.08,0.68
LCII,2008-12-22,7.990163969722093,8.13098650064696,7.384013748602745,7.794236183166504,280200,131.76165089928128,116.25621435901978,99.19695490448537,82.95482334407298,76.30236016170323,16.0,93.0,-1.1,0.75
LCII,2008-12-23,7.928936483081259,8.16772320092921,7.041140609917025,7.175840854644775,278800,133.79049988154713,117.1258706381099,99.98015742642549,83.44817595424185,76.68343532015469,16.15,95.0,-1.12,0.65
LCII,2008-12-24,7.163594227485562,7.384012888703276,6.967667047655642,7.230944633483887,160700,133.68526864185407,116.57767035092527,99.99241496017251,83.40989381583042,76.6912030257821,16.28,95.0,-1.13,0.65
LCII,2008-12-26,7.273804007517063,7.659536104572031,7.120735742840127,7.518712997436523,150000,133.7352221934537,116.30781314950494,100.161773530314,83.53667320399045,76.79333802092506,16.4,95.0,-1.14,0.63
LCII,2008-12-29,7.5248354880847925,7.5248354880847925,6.894194432963839,7.059507846832275,158200,131.5639740240602,116.26458882278878,100.34488335909326,83.82269252509938,77.01174788648811,16.51,95.0,-1.15,0.6
LCII,2008-12-30,7.139105037276942,7.341155135772765,6.851336485151996,7.145227909088135,212500,127.78872954008389,115.87575025125989,100.37042270632813,83.63326967099344,77.02139203006142,16.61,95.0,-1.15,0.6
LCII,2008-12-31,7.145228480321748,7.604433392507417,7.041141986846924,7.347278594970703,275200,127.29968455960461,114.81864349511255,100.25279804274818,83.56703508934315,77.08054735086213,16.69,93.0,-1.13,0.61
LCII,2009-01-02,7.3717698527086135,7.592188010888602,7.108492170283898,7.530961036682129,208100,127.44953796169622,113.55194866531934,99.9314058750781,83.60366345911227,77.11737388428443,16.76,89.0,-1.09,0.65
LCII,2009-01-05,7.5003463948713245,7.690151336069749,7.249314486509267,7.426873683929443,320300,124.95143910474044,113.21538260754522,99.8903695700636,83.55841213192984,76.8268259039301,16.81,88.0,-1.04,0.65
LCII,2009-01-06,7.561574128110147,7.88607875523173,7.2248237569153035,7.31054162979126,282600,123.70135890224603,110.81719729618531,99.89186494890514,83.43651650139937,76.82025895074499,16.85,88.0,-0.98,0.65
LCII,2009-01-07,7.3166631974488725,7.414626796933616,6.900317899638711,7.010526657104492,169800,122.2496091808945,109.65747764768639,99.80898174219492,83.4802518957007,76.6142097129007,16.88,85.0,-0.92,0.66
LCII,2009-01-08,6.979914742579173,7.114615019648456,6.888073989614685,7.077878952026367,146100,117.05388466303216,108.07070148362672,99.79990280858094,83.35394971839601,76.49248443436764,16.89,84.0,-0.86,0.66
LCII,2009-01-09,7.010527326934237,7.010527326934237,6.441113704546537,6.471726894378662,155000,119.44344182507646,107.87517532670965,100.67739190329404,83.91904989878334,76.85488569510225,16.91,96.0,-0.79,0.56
LCII,2009-01-12,6.477851770881642,6.526833590464505,6.15946994359304,6.220696926116943,133000,111.30151437371913,105.11437134720309,100.55314556247671,84.00854803276012,76.93278648358842,16.91,95.0,-0.73,0.58
LCII,2009-01-13,6.214572395333398,6.539077593414563,6.141099685553471,6.281922817230225,173700,111.42626821333373,105.00715351520267,100.5773267597964,83.9288192917256,76.91660223543836,16.91,95.0,-0.68,0.58
LCII,2009-01-14,6.128854254882737,6.23294073511261,5.73087636461876,5.834962844848633,278600,95.41719643946965,105.13683034636013,101.05356039030704,84.31756893014628,77.11880788024237,16.89,96.0,-0.63,0.52
LCII,2009-01-15,5.822718662949404,5.890068509262492,5.234936328142062,5.755368232727051,268800,88.50276565884312,104.8227634509016,101.00485431256064,84.32212571693972,77.11113322769376,16.87,95.0,-0.57,0.53
LCII,2009-01-16,5.798227319111357,5.841086255902769,5.087990506463394,5.412495136260986,188300,87.38258310805115,104.97929572793396,101.25117405133865,84.54464896464768,77.01992670150808,16.84,96.0,-0.52,0.5
LCII,2009-01-20,5.332899952507199,5.41861841645519,4.8920630554892295,5.222690582275391,252200,87.46020035452523,105.1217415850467,101.34659372950337,84.08758053732205,77.06577093657762,16.78,97.0,-0.48,0.49
LCII,2009-01-21,5.332899141312647,5.614544812689667,5.271671592961878,5.5594401359558105,207500,89.69689733469434,106.00962494602501,101.92840915012486,84.32763487175478,77.34858967204379,16.72,98.0,-0.46,0.42
LCII,2009-01-22,5.418617336122685,5.4553533962695555,5.118603064074453,5.234935283660889,245900,86.4265087422792,106.58839508001832,102.20246027291802,84.5318267845617,77.44637750234233,16.64,98.0,-0.42,0.39
LCII,2009-01-23,5.07574452951549,5.583931211256752,5.026762722883262,5.351267337799072,149900,87.06041359233066,106.04480850141378,102.29887271228029,84.59418143967986,77.0030452335739,16.56,98.0,-0.39,0.38
LCII,2009-01-26,5.308409003436128,5.663527433643752,5.143094949420893,5.290040969848633,88800,84.90194593692416,103.04730341781962,102.21426341639075,84.53327254311411,76.98001608438007,16.45,97.0,-0.35,0.39
LCII,2009-01-27,5.296161960025323,5.369635244181031,5.106357630365575,5.241057872772217,113300,81.40771169108173,103.04685764939279,102.08355837174823,84.49459372059002,76.88865376050254,16.34,95.0,-0.29,0.4
LCII,2009-01-28,5.3267766771708205,5.969663648395228,5.167585506408735,5.504335880279541,335800,79.86952998871469,103.64624536049878,102.44889492309363,84.67762970737674,76.97112378498635,16.21,99.0,-0.24,0.36
LCII,2009-01-29,5.412495012858437,5.5716861800387925,5.381881237030029,5.381881237030029,164900,77.12860025974358,103.6939046521576,102.41874812099053,84.54171728067078,76.97116319302187,16.06,97.0,-0.18,0.36
LCII,2009-01-30,5.467600278124902,5.467600278124902,5.265550153491573,5.277795314788818,163100,69.40076393313535,103.72218258438717,101.48974866604176,84.5487432729557,76.76474339946839,15.91,90.0,-0.08,0.45
LCII,2009-02-02,5.1675853210637,5.3941269088201445,5.002271868054823,5.314531326293945,180800,69.13681361251396,103.153363616897,101.51308214703457,84.55300251182855,76.77325737212071,15.74,90.0,0.01,0.45
LCII,2009-02-03,5.351267351640861,5.375758255020324,5.045130767442974,5.179831027984619,196200,61.47747419128521,103.21475715629758,101.47523854197236,84.58320886700125,76.79813443609139,15.55,88.0,0.12,0.46
LCII,2009-02-04,5.179830567954968,5.241058112920501,4.836957659139019,4.849203109741211,209000,62.84056548888434,103.58720345309452,101.89276103169071,84.85969764148204,76.77789263231347,15.35,91.0,0.22,0.41
LCII,2009-02-05,4.818590915247964,4.977782117162881,4.598172732226081,4.93492317199707,179000,63.556135206507,103.45270128314581,101.95703250662496,84.88176932404002,76.79871767991034,15.12,92.0,0.34,0.4
LCII,2009-02-06,4.885940193467304,5.290040707783513,4.885940193467304,5.2165679931640625,114500,63.433443978341344,104.14481053650559,102.38353078534533,85.19102981521604,77.03254705127148,14.88,96.0,0.45,0.35
LCII,2009-02-09,5.161463670578664,5.2471815516480085,4.959413545330535,4.971658706665039,91900,64.09123650888743,104.37718847917215,102.39212916970877,85.33989785378134,77.15044152940075,14.62,96.0,0.57,0.35
LCII,2009-02-10,4.947166435501728,5.057375776659401,4.432856955311402,4.530820846557617,199500,66.24143634216718,105.70933420996573,103.10434209838091,85.93850785308544,77.6364341782615,14.35,100.0,0.68,0.29
LCII,2009-02-11,4.549189647277766,4.775730947007293,4.353262415452797,4.438980579376221,204300,64.79847588122789,103.25926602869767,99.68843619198016,85.88682970888983,77.6445478518693,14.15,60.0,0.65,0.27
LCII,2009-02-12,4.530821054336559,4.775730355751562,3.8205840510375944,4.714502811431885,314700,67.99994896770734,102.13120623856598,100.21941084459876,86.24922805790847,77.63623376683402,13.93,70.0,0.45,0.22
LCII,2009-02-13,4.7328713793061805,5.057376271652722,4.665521252223958,4.947166919708252,256900,69.3234474476376,102.43308512089627,99.49210533973898,86.44755049188703,77.72343960692463,13.74,58.0,0.5,0.28
LCII,2009-02-17,4.7389944265005886,5.0512538985491116,4.536944317271362,4.861449241638184,298400,68.39245181771257,102.42559261703124,99.39643113882126,86.40150893044174,77.70579659540846,13.54,57.0,0.47,0.29
LCII,2009-02-18,4.89818726451246,4.983905751848821,4.408368421279329,4.45122766494751,139200,71.63671362583821,102.61027325651644,100.18876805940413,86.94416891297158,78.15074614922452,13.29,69.0,0.39,0.21
LCII,2009-02-19,4.530821485788372,4.7757308105251,4.285912161051645,4.316525936126709,138100,71.74438359666475,102.1809746367904,99.96538663535719,86.9806715918004,78.09092754804684,13.04,65.0,0.01,0.23
LCII,2009-02-20,4.212439571601299,4.518576163282416,4.108353083716981,4.438980579376221,156000,72.53830181988234,100.70998263875109,100.07877400887917,86.9517285585279,78.13811297203176,12.76,67.0,-0.37,0.22
LCII,2009-02-23,4.469593895168649,4.543066599538787,4.163457335005169,4.279788970947266,122200,72.39898864145535,97.33409767724248,100.06686139654286,86.98396431071377,78.18920100207177,12.48,66.0,-0.7,0.22
LCII,2009-02-24,4.353262589099396,4.377753494054431,4.1022303753783635,4.224685192108154,196700,69.03499746655888,97.01564754539316,99.69597839007233,86.81098518340427,78.10473712070369,12.18,55.0,-0.86,0.27
LCII,2009-02-25,4.163456842068969,4.2124386391831505,3.9307930138220684,4.022634029388428,413100,69.38974968058727,92.00197970711562,99.51464294285725,86.94496848021205,77.9230402226848,11.88,53.0,-0.9,0.29
LCII,2009-02-26,4.138966223258111,4.255297853289693,3.918547829392021,4.0103888511657715,303700,69.09773725063313,91.99022259829174,99.1113610085896,86.93693711136028,77.65110470244039,11.58,49.0,-0.91,0.34
LCII,2009-02-27,3.949160964644926,4.145088441230195,3.716497432895929,3.802215576171875,277000,67.82409640678449,82.35219729585496,99.11996013368486,87.11407613152628,77.75737088272469,11.26,49.0,-0.9,0.33
LCII,2009-03-02,3.7716021537780766,4.010388869895974,3.7164977740201133,3.771602153778076,188600,67.84778458475118,78.24995055221393,98.14546192967747,87.10917500301612,77.7145095638659,10.94,43.0,-0.92,0.42
LCII,2009-03-03,3.8328298346079186,3.875688765746271,3.655270362911275,3.7226204872131348,122800,66.34710903238468,76.93036612387782,97.28605979180385,87.1074565077468,77.68552649987282,10.64,39.0,-0.92,0.52
LCII,2009-03-04,3.7654787592487957,4.034878896458534,3.6246559668881253,3.979774236679077,227900,69.79063683542435,78.55143754959316,97.70496412011894,87.53259551976439,77.86053142454253,10.33,40.0,-0.95,0.48
LCII,2009-03-05,3.808338496305974,3.8511977177655035,3.4777110506312088,3.600165843963623,347800,71.21636390598478,80.30827392294795,97.31263668367689,88.11996167968704,78.42148922950874,10.06,38.0,-0.96,0.49
LCII,2009-03-06,3.704253719389252,3.716499174165966,3.6185352439975857,3.6981308460235596,424400,70.83176545522286,78.47830815669758,96.35039420573939,88.20180955580624,78.48114561065341,9.8,36.0,-0.97,0.58
LCII,2009-03-09,3.7103759181195732,3.7226213716333154,3.3613800550459594,3.3675029277801514,117700,73.9312925031311,80.075812916671,96.06359058468023,88.8037263207257,78.96109208882763,9.56,35.0,-1.01,0.58
LCII,2009-03-10,3.489955676405337,3.6062875712127807,3.36137833435261,3.5695512294769287,157900,76.95763073891612,80.41789199768974,95.70333629091917,89.12974802514904,79.21298196020275,9.34,33.0,-1.03,0.62
LCII,2009-03-11,3.5817983176549553,3.6001666429152257,3.3491344214495316,3.428730010986328,167300,77.34619371759158,78.72813750065198,93.9623589548656,89.21027460043463,79.07074668128024,9.17,32.0,-1.05,0.74
LCII,2009-03-12,3.3919924252906113,3.943038188335356,3.306274286313946,3.875688076019287,281900,85.1085099030558,81.87866091239657,96.10150029595647,90.37325894994304,80.0821784590872,8.98,35.0,-1.09,0.64
LCII,2009-03-13,3.979775202293993,4.408366261143827,3.89405704891494,4.377752780914307,135200,93.39071450042591,85.06786690557136,97.72548217509032,91.5899969052097,81.07192620350523,8.81,40.0,-1.13,0.58
LCII,2009-03-16,4.438980958517224,4.6042947204665765,4.292035522097635,4.543067455291748,301100,94.16210827497964,82.58432312296357,97.7330985932755,91.49204625478279,81.0383600216634,8.63,40.0,-1.16,0.58
LCII,2009-03-17,4.616538663050599,5.363511929650773,4.353261362961261,5.3451433181762695,234100,105.94506251093874,89.8042408140419,100.96456258180886,93.59096823847307,82.73840776615516,8.47,77.0,-1.17,0.62
LCII,2009-03-18,5.326775731105348,5.394126144263228,5.020639188123327,5.241057872772217,200500,105.83187012914811,86.59259164282544,100.9596929388249,93.46345192615817,82.48118723704201,8.3,76.0,-1.18,0.62
LCII,2009-03-19,5.314532040573778,5.663527609094007,5.247181608817749,5.253304481506348,118100,103.94546578784012,86.54927238446102,100.95164701559996,93.46576956160854,82.3358303708343,8.11,75.0,-1.19,0.62
LCII,2009-03-20,5.326776773138623,5.345144805816178,5.0451310751427805,5.2165679931640625,217500,103.88403575644934,86.46942211454495,100.92811855359936,93.44502376344292,82.33580680634176,7.91,74.0,-1.2,0.62
LCII,2009-03-23,5.375757057261054,6.098239421844482,5.271670595112286,6.098239421844482,141200,112.16754170358219,91.22827475987697,103.57985731692878,95.32862258520274,83.8494826874701,7.73,100.0,-1.2,0.6
LCII,2009-03-24,5.963541014889605,6.049259475785218,5.590054561383691,5.6451592445373535,127500,113.676842634939,92.4655778897154,102.54753231657074,95.73799331158965,84.03236104233456,7.58,98.0,-1.19,0.66
LCII,2009-03-25,5.767612808081271,6.45335862896045,5.602298786236992,5.908435344696045,175300,110.43745161602894,92.60594188072004,102.83338514016806,95.562023890717,84.17455053188489,7.42,98.0,-1.17,0.62
LCII,2009-03-26,6.000277446043112,6.220695586706614,5.951295637006778,6.1166090965271,156600,110.32060424482208,92.10951291230522,102.99802188195488,95.50999696451898,84.24989779353258,7.24,98.0,-1.15,0.6
LCII,2009-03-27,5.975786440080509,6.122731864694978,5.822718143463135,5.822718143463135,124500,110.61101600698568,92.55437012977885,103.26805272734009,95.65416081054897,84.33811264881842,7.06,99.0,-1.14,0.57
LCII,2009-03-30,5.614544275405993,5.639035175620809,5.326775759950062,5.424739360809326,95500,112.13033069171405,93.33538069020058,103.82425081315758,95.98837223351482,84.6033390623915,6.87,100.0,-1.12,0.51
LCII,2009-03-31,5.528826586409837,5.565563233694697,5.308408454428268,5.314531326293945,114200,112.18231339026812,93.17971358121571,103.53423169597458,96.00854050391138,84.52857127905534,6.68,98.0,-1.1,0.55
LCII,2009-04-01,5.161463399817876,5.375758675158977,4.990026478853906,5.204322338104248,212500,109.08681868469745,93.21702445933052,103.55434893495648,95.91625111569445,84.54499834039673,6.47,98.0,-1.08,0.55
LCII,2009-04-02,5.345143052667553,6.122730049191171,5.283916102521065,5.95741605758667,172000,114.78295087883117,97.56583775703777,105.6203710971201,96.95681340468728,85.67830467534046,6.26,100.0,-1.05,0.44
LCII,2009-04-03,5.926804390958902,6.239063259594433,5.847208809884218,6.147222518920898,214600,114.83137071033764,97.48658903985766,105.64231038200822,97.00939767979132,85.43814438845675,6.05,100.0,-1.02,0.44
LCII,2009-04-06,6.05538195274479,6.355395670426941,5.969663497445945,6.324781894683838,119300,114.0437444027315,97.66087567224116,105.67462303290944,97.07959654100227,85.49240287839275,5.82,100.0,-1.0,0.43
LCII,2009-04-07,6.190080230401799,6.318657592287134,6.012521071980058,6.085993766784668,116000,114.78657531024865,96.2541305540643,105.78559724138428,97.17164753162594,85.56220569034235,5.57,100.0,-0.97,0.42
LCII,2009-04-08,6.128853818082908,6.667654211487803,6.055381116788031,6.3921308517456055,153100,113.7596597383769,96.45231492364815,105.95271228111835,97.2407761005241,85.70687908067394,5.3,100.0,-0.95,0.4
LCII,2009-04-09,6.630918486672607,7.279928313803966,6.312536736994187,7.188086986541748,163400,117.3550987342691,99.37209174664206,106.36892410689525,97.96007248146547,86.52562377194002,5.07,100.0,-0.93,0.39
LCII,2009-04-13,6.992160034227676,7.218701049568422,6.66765539970274,7.090123653411865,132800,115.77277018633991,98.16352991264912,104.98140287778727,97.83012206919032,86.50737907405215,4.85,94.0,-0.93,0.49
LCII,2009-04-14,6.9186855694067955,7.059508090378555,6.404376114901256,6.551321506500244,152900,119.0882492807569,99.54851739625208,105.4973741113274,98.24281983237762,86.837206134563,4.6,94.0,-0.93,0.44
LCII,2009-04-15,6.477848623975027,7.163594348912583,6.428866828187278,6.863580703735352,97900,118.97269578733709,99.06135449825541,105.75149709028624,98.14302359828105,86.82935654053414,4.34,97.0,-0.93,0.41
LCII,2009-04-16,6.869706419598366,7.181965351104736,6.618674466232184,7.181965351104736,187600,118.406707587807,99.06796391837135,105.15342926215463,97.9660825472226,86.86541937271667,4.07,92.0,-0.95,0.45
LCII,2009-04-17,7.206453366704591,7.647289498730904,7.010525613006093,7.457485198974609,113800,112.8867168332977,98.58527291661031,104.88335121680163,98.00809433591994,86.94061591283683,3.77,90.0,-0.99,0.48
LCII,2009-04-20,7.163596962264532,7.2003336144617744,6.741128673497263,6.8941969871521,171400,116.74418152420547,99.1739331294751,104.82693569161276,96.54004133126764,87.23421025373072,3.49,89.0,-1.0,0.49
LCII,2009-04-21,6.839093024472171,7.50647103604966,6.839093024472171,7.341156959533691,151000,112.135502329287,99.83074596721823,103.52752699218367,96.81446870561646,87.38912537050183,3.26,84.0,-1.0,0.56
LCII,2009-04-22,7.212578323901653,7.861588190044131,7.1942102909088135,7.347278594970703,205300,111.93366948481822,99.77418561216645,103.4232301000898,96.81467244830625,87.33362207759046,3.01,83.0,-1.0,0.58
LCII,2009-04-23,7.396257666460887,7.653412368764082,7.249312289118782,7.457485198974609,220800,110.30973262779573,99.74431678534185,100.8915532124793,96.80907516522778,87.24807783431999,2.82,51.0,-0.99,0.69
LCII,2009-04-24,7.524836962377354,8.908574416409634,7.359523516120125,8.47998332977295,382400,110.775715243463,102.5040501656158,102.97853900388183,97.87529591320741,88.20159125198185,2.6,79.0,-0.99,0.56
LCII,2009-04-27,8.35752799919921,8.614682760766184,8.045269146361449,8.167723655700684,293800,108.41292189776584,102.73589538017498,97.29769877356841,97.97076250436537,88.26684273091311,2.58,7.0,-1.03,-0.1
LCII,2009-04-28,8.08812728584942,8.290177352431371,7.579940683972502,7.641167640686035,271400,111.19080261738937,103.70366876869545,96.23109491140897,98.15262930650272,88.44257471864746,2.6,5.0,-1.02,-0.03
LCII,2009-04-29,7.739132797650284,8.614683001861305,7.665660089990496,8.47998332977295,215900,105.71277324690007,105.63060123487709,97.23645445218457,98.72923186122765,89.07905686533493,2.61,7.0,-1.02,-0.08
LCII,2009-04-30,8.510596517465553,9.245324761660164,8.437123809827927,8.743260383605957,265500,105.26720700471594,105.49848510769402,97.21721543551773,98.77814566740317,89.13667820076857,2.62,7.0,-1.01,-0.1
LCII,2009-05-01,8.779998539686405,8.95143488699746,8.571825540282628,8.718770980834961,246300,105.34018042184437,104.37691494410942,97.16406581712813,98.77313995109161,89.11840211401251,2.63,7.0,-1.0,-0.09
LCII,2009-05-04,8.724893397029119,9.024907135104533,8.63917493590361,8.945311546325684,231000,105.12126163815327,104.4159630266825,96.45605276369577,98.699225436383,88.76802949333296,2.65,7.0,-0.99,-0.01
LCII,2009-05-05,7.959553535313226,8.700404310802602,6.998284564437935,8.369776725769043,518300,99.33653270021804,105.13198336875978,96.91104756955808,98.97151023600473,88.92085869481642,2.67,8.0,-1.0,-0.04
LCII,2009-05-06,8.486107889149242,8.792244544970188,8.357530470348072,8.68815803527832,239300,96.03575584412063,104.64612805845161,96.77839352566502,99.0535920922692,88.96785392665831,2.7,8.0,-1.01,-0.02
LCII,2009-05-07,8.69427878739527,8.755506337185544,8.08812849689014,8.112619400024414,164000,98.47771779812227,103.74725801287788,96.12764879605619,99.19385591134767,89.21618218782078,2.74,5.0,-1.01,-0.01
LCII,2009-05-08,8.479984708815014,8.975925712147378,8.314670651764711,8.957557678222656,181800,101.5690023659653,105.14524617213401,96.80460214914073,99.90404510363074,89.73371473139386,2.76,10.0,-1.0,-0.04
LCII,2009-05-11,8.675912638351459,9.08001291969531,8.449371589231705,8.522844314575195,231700,101.59596876482111,105.39283934976547,96.17159328785219,99.98718579445016,89.8435304586701,2.8,6.0,-1.0,-0.01
LCII,2009-05-12,8.651419000844703,8.651419000844703,7.7452545063026905,8.075881958007812,188400,100.49951066491003,105.88240986250655,95.24734393529415,100.16292049750292,89.96106918297345,2.86,2.0,-1.01,0.09
LCII,2009-05-13,7.9350618896754135,7.9350618896754135,7.249315872531774,7.292174816131592,196400,105.53563449039385,108.15287124895856,96.5569007312689,100.77070167596649,90.41975577578188,2.88,11.0,-1.01,0.04
LCII,2009-05-14,7.2982956924581455,7.7268867629264655,7.169718312926735,7.304418563842773,212800,105.1517630880563,106.33729679184482,94.57291090302277,100.75532174849057,90.41089383836514,2.94,2.0,-1.0,0.08
LCII,2009-05-15,7.304420646706579,7.573820641449217,7.053388687446338,7.402384281158447,185500,98.39420583076955,106.03030051881399,94.5861744299221,100.764771286164,90.42208263941586,3.0,3.0,-0.98,0.07
LCII,2009-05-18,7.567696452663336,8.27793384678219,7.445241930887402,8.228951454162598,167700,102.27354984917574,107.81228779003213,96.00429465326727,101.52713292265416,91.0654724887317,3.03,6.0,-0.99,-0.06
LCII,2009-05-19,8.063640051333918,8.50447702601512,7.653416860878102,8.369776725769043,170800,102.14449873532843,107.37679920931467,95.1048486495775,101.54929908204831,91.07592962096011,3.07,4.0,-1.01,-0.02
LCII,2009-05-20,8.363652840634467,9.514726667367764,8.290180117725019,8.982048988342285,444400,102.59832807411613,107.93857725601173,95.73076373997986,101.87070537950933,91.34190544714893,3.11,7.0,-1.01,-0.1
LCII,2009-05-21,8.718771875500817,8.78612231393034,7.653416446312375,7.781993865966797,408900,111.4949689451999,111.90035215946237,98.2895236219607,103.21140082248803,92.43339136987468,3.12,30.0,-1.02,-0.04
LCII,2009-05-22,7.830974251333165,8.369774740614687,7.745255792614777,8.088129043579102,185300,106.9369085350338,112.00237885085123,97.94501914492271,103.3014585997311,92.52288635651124,3.13,29.0,-1.05,-0.03
LCII,2009-05-26,7.971796306933431,8.81061041171227,7.837096056966938,8.559577941894531,259100,107.86844527411618,111.54296984264394,98.32408020839867,103.5081529709007,92.70181787985543,3.13,32.0,-1.07,-0.08
LCII,2009-05-27,8.516718042418285,8.982045701121615,8.375895521023612,8.388140678405762,167600,105.13884751181679,111.67119502130677,98.29590930947332,103.07982692127023,92.68739648181705,3.14,32.0,-1.09,-0.07
LCII,2009-05-28,8.455491087689373,8.743259001124333,7.684026903614233,8.388140678405762,179100,104.52830753402785,111.57132017187679,98.22461871554195,103.07302404640923,92.68644593285829,3.15,31.0,-1.11,-0.05
LCII,2009-05-29,8.443248091591753,8.828980309044283,8.173848118593256,8.786121368408203,217000,104.5611927011384,111.23267653391822,98.45612201718966,103.2039284433038,92.77551028815708,3.15,35.0,-1.12,-0.09
LCII,2009-06-01,9.165728583671086,9.60044251339521,8.877960059623224,9.42900562286377,161500,105.83749653082721,109.28428669084687,99.01972937496933,103.54425143171395,93.00681959411138,3.15,36.0,-1.1,-0.16
LCII,2009-06-02,9.34328746505547,9.34328746505547,8.804487077428892,9.092255592346191,239500,103.52801021392128,109.78419417970275,98.96034583779215,103.62770537455984,93.07127543666233,3.16,36.0,-1.12,-0.16
LCII,2009-06-03,9.03715094459875,9.03715094459875,8.41875498383013,8.773873329162598,190500,103.03077834717345,107.9606227667417,99.13943564284016,103.64627836028649,93.13052546818868,3.16,40.0,-1.15,-0.17
LCII,2009-06-04,8.816733887956138,9.00041596560298,8.61468377771738,8.871838569641113,136600,103.02951985709514,107.60328099336907,98.05173801865573,103.5818241780687,93.0368911164125,3.16,30.0,-1.19,-0.12
LCII,2009-06-05,9.006538389391363,9.135115778952175,8.7616293539942,8.914697647094727,119100,102.9977832127128,107.0065261838575,97.81241216448355,103.44858059547542,93.0208549247162,3.17,29.0,-1.23,-0.1
LCII,2009-06-08,8.90857359099352,8.90857359099352,8.216704928081867,8.535086631774902,198300,97.11130340716672,105.33872709774428,98.09214857585998,101.86912584587498,92.97381461737805,3.18,32.0,-1.27,-0.12
LCII,2009-06-09,8.565703489731808,8.884085892062071,8.553458327131823,8.68815803527832,112600,96.56507582640455,102.88442278676098,97.33970943212887,101.86947578378948,92.97566663305727,3.19,26.0,-1.31,-0.07
LCII,2009-06-10,8.804488691621096,8.957556991717619,8.13711080977478,8.339160919189453,140400,95.25701645101532,103.29644544876983,97.56197481252768,101.25497531870684,93.04777934859473,3.2,27.0,-1.34,-0.09
LCII,2009-06-11,8.363651594743764,8.492228986659104,8.014656066934648,8.106496810913086,107400,90.64767739225779,98.5617770491672,97.13986587537329,101.26954886729227,93.0864481489955,3.21,20.0,-1.36,-0.06
LCII,2009-06-12,8.00241060559262,8.075883320151917,7.855465176474031,8.008533477783203,83000,90.17857139457523,98.4872027335029,96.96647536279954,101.27661130041152,93.09193071510666,3.22,20.0,-1.38,-0.05
LCII,2009-06-15,7.80648244845243,8.026900566201435,7.62892326317733,7.928936958312988,185200,90.20176661078848,98.54485416918637,96.54061103294428,101.17454669955998,93.09513587407972,3.24,16.0,-1.39,0.01
LCII,2009-06-16,8.039145321228398,8.314668080533533,7.837095258810694,7.916690826416016,108300,89.79023168241368,98.51831577155289,96.00318824863172,101.10759198943606,93.09418052972902,3.25,8.0,-1.4,0.05
LCII,2009-06-17,7.9166895530447965,8.302421587592002,7.530957518497591,7.959548473358154,144900,87.84315987283462,93.4819984847354,95.9608199691098,101.02009211406975,92.99546497253101,3.27,8.0,-1.41,0.06
LCII,2009-06-18,7.904446188058249,7.965673735963387,7.579941585543028,7.788114547729492,115700,87.23056974184007,92.09428977652856,96.01679069462683,100.78294276733968,93.01662059851532,3.28,11.0,-1.41,0.06
LCII,2009-06-19,7.93505960522135,8.33303689698271,7.757500424971169,7.818727970123291,182000,85.04698957211859,91.7121637072082,95.99356408817754,100.51180902952778,93.0143437134498,3.29,9.0,-1.4,0.06
LCII,2009-06-22,7.763624988139959,7.892202393852062,7.5738200239328455,7.586065769195557,143200,79.89520172122447,91.77011036089495,95.87168491742537,100.28533467734373,93.04723098494121,3.3,8.0,-1.4,0.09
LCII,2009-06-23,7.647290353919683,8.100372276680046,7.5248358591072995,7.916690826416016,136800,79.94098931216573,91.44254910091999,95.98488880994756,100.2300571079072,93.13845837948531,3.31,10.0,-1.39,0.06
LCII,2009-06-24,7.984043600883003,8.118743886872444,7.6228022698577265,7.757502555847168,123100,78.64695081718405,90.22962373564832,95.98982781591106,99.81786118389007,93.04367311122073,3.32,11.0,-1.38,0.06
LCII,2009-06-25,7.659538048730398,7.898324228533757,7.628924271242746,7.8248515129089355,107500,72.64041169777555,90.06177208182125,95.99160786888788,99.26003209266838,93.03388592099375,3.34,12.0,-1.37,0.06
LCII,2009-06-26,7.788116324245338,7.806484359243069,7.4452430288016265,7.622802257537842,602800,73.10937437809096,90.1357083220883,95.995464318181,99.18239214872112,92.882725604879,3.35,14.0,-1.35,0.06
LCII,2009-06-29,7.8126051967733785,7.898323060370026,7.408505028648747,7.726886749267578,177200,73.11279174337567,86.06811625709565,95.35103986193691,98.25759355223119,92.88883756671387,3.36,6.0,-1.32,0.11
LCII,2009-06-30,7.8554642128340015,7.9289369183803045,7.414627395647025,7.451364040374756,175600,66.80647323945553,86.27752797952589,95.54890374803865,97.83386079305276,92.83823248124476,3.37,7.0,-1.28,0.1
LCII,2009-07-01,7.543204502287599,7.7207636802177735,7.475854670627581,7.549327373504639,156700,66.71295146521913,86.14243516639922,95.20486568854211,97.29214816351318,92.8481190153798,3.38,5.0,-1.25,0.15
LCII,2009-07-02,7.304420173835917,7.316665335395017,6.735005855560303,6.735005855560303,140500,70.28721733682045,89.0431988049846,96.68529424168095,97.57519094714404,93.51560939277452,3.38,30.0,-1.21,0.11
LCII,2009-07-06,6.686024294702842,6.7778650535565665,6.404378561266301,6.581937789916992,165600,57.94637119131579,88.62893561925429,95.55109532399177,96.46584537190851,93.53748867717717,3.37,9.0,-1.16,0.18
LCII,2009-07-07,6.56357182489571,6.637044571931807,6.239066462266087,6.34315299987793,341300,57.07235376757463,85.52561499111691,95.69304705182707,96.51816284401353,93.60487784109147,3.39,10.0,-1.1,0.16
LCII,2009-07-08,6.520709126754315,6.881950396009611,6.496218222935779,6.80235481262207,267200,58.489072985792255,86.74759795198274,95.85101791009424,96.54152649318837,93.63420084522961,3.4,13.0,-1.05,0.15
LCII,2009-07-09,6.802356206585888,7.561575548360902,6.802356206585888,7.24319314956665,298600,61.79472219204231,86.14405342295274,96.05172569268578,96.73354977470558,93.73498660540741,3.42,24.0,-0.99,0.12
LCII,2009-07-10,7.206456030807158,7.469733116563505,7.194210286213762,7.439119338989258,175200,62.458934832651956,85.7973306444712,96.05842786779193,96.57147627489239,93.76180829880556,3.43,25.0,-0.92,0.11
LCII,2009-07-13,7.4574895787383175,7.733012469045876,7.2431936729939,7.714644432067871,111100,61.82311223288725,85.62025039923861,95.03762382060471,96.63320080586111,93.83030086847818,3.45,4.0,-0.84,0.16
LCII,2009-07-14,7.726885327378014,7.898321606933021,7.610553712228664,7.8860764503479,56000,58.19999100349623,85.39526187131685,94.89439399220137,96.65413956514428,93.8544701831658,3.47,4.0,-0.76,0.17
LCII,2009-07-15,7.781990309392621,7.781990309392621,7.286048893409737,7.60443115234375,252500,58.19999012530366,84.14727035595739,95.06513294914501,96.74504664970073,93.84824767747082,3.49,6.0,-0.66,0.16
LCII,2009-07-16,7.530961577329329,7.6044343019972604,7.3227885654822025,7.37177038192749,288800,58.01213243389568,83.42840101050496,95.00792376201007,96.52994004858235,93.6501283673368,3.5,5.0,-0.55,0.17
LCII,2009-07-17,7.39013784880301,7.488101474160016,7.114615006509115,7.3840155601501465,95800,57.837261158978635,83.42889604492645,94.96420302923823,95.53470476071506,93.62982677016709,3.52,5.0,-0.43,0.17
LCII,2009-07-20,7.451364774950251,8.026901317088805,7.451364774950251,7.910569667816162,119600,61.73873128243227,84.56424669863723,95.08306989805581,95.88143473342924,93.89149732862873,3.54,9.0,-0.31,0.13
LCII,2009-07-21,8.02690076671917,8.68815572039397,7.928937156383522,8.663664817810059,271200,66.38108715335463,82.47008521194225,96.00234084186043,96.47810704589965,94.34101858849252,3.55,27.0,-0.19,0.03
LCII,2009-07-22,8.608561725183696,9.024907117486666,8.577947947419402,8.933066368103027,165200,66.77487901689922,82.31561044788525,95.56825002684813,96.54186051092509,94.30974922029934,3.56,16.0,-0.07,0.06
LCII,2009-07-23,8.877961003190958,9.410638593313312,8.828979196092986,9.098379135131836,183900,65.74410436344435,81.14534042272984,95.54328184341689,96.54825237147502,94.10560425253179,3.57,14.0,0.04,0.06
LCII,2009-07-24,8.982048549399275,9.135116860624336,8.847348272026627,9.12899398803711,76100,65.07539681620507,78.35488320700699,95.48309487149757,96.38647198081338,93.99529867135755,3.58,14.0,0.15,0.07
LCII,2009-07-27,9.092256701204901,9.092256701204901,8.810611022958637,8.963679313659668,108800,65.23100036715007,78.21288112485443,95.12599500182856,96.39423019366025,94.008692623528,3.6,11.0,0.29,0.12
LCII,2009-07-28,8.908576663538195,9.055522115923774,8.675912738639703,9.006540298461914,197000,65.10089294376236,78.21496846758784,93.52819193063307,96.21801016341638,93.7940492184157,3.63,1.0,0.38,0.2
LCII,2009-07-29,8.93918983624145,8.93918983624145,8.773875775641503,8.841225624084473,117100,65.41743568283954,78.13314936322494,93.58722225486088,96.19134148411965,93.56898032792581,3.66,2.0,0.47,0.2
LCII,2009-07-30,8.93918731762858,9.520846634398927,8.91469641746696,9.422883033752441,215400,67.69427274391852,77.97043363230888,92.53377082926161,96.41924004269062,93.73238291128143,3.7,1.0,0.38,0.22
LCII,2009-07-31,12.21485193148709,12.380164823161882,11.02091861445985,11.749524116516113,652100,91.46329746088769,89.69330826867039,98.10108295192352,99.82669552516683,94.88932535296404,3.69,64.0,0.75,0.86
LCII,2009-08-03,11.6944187197475,12.459760243712408,11.682172975087624,12.42302417755127,549500,92.21147589543008,88.95242069336209,97.98521829595194,99.91956695814115,95.03304325596822,3.66,61.0,1.3,0.84
LCII,2009-08-04,12.00055406478943,12.416899996805343,11.780135355411979,12.343426704406738,361200,91.44298790100731,86.89714768135872,96.43783288544583,99.23510827202658,95.03602032629439,3.66,41.0,1.64,1.03
LCII,2009-08-05,12.074025467445331,13.59246368774041,11.467875220718348,13.408781051635742,389600,93.17404322187785,87.55075354188429,95.49678550454233,98.80159729869366,95.37302614012967,3.67,18.0,2.54,1.11
LCII,2009-08-06,13.525114845124438,13.861864632113608,12.62507367726395,12.869982719421387,187400,94.0938506205414,87.20449362042943,95.76230774351127,98.77916666058171,95.37059059786014,3.68,25.0,2.64,1.09
LCII,2009-08-07,13.163873875571769,14.192493044327865,13.108769193829945,13.384292602539062,262400,94.27786022289408,84.36348633426822,92.72633453212677,98.86754214511419,95.44659567525335,3.71,2.0,2.73,1.23
LCII,2009-08-10,13.35367805879142,13.886356252394446,13.114891886392705,13.684306144714355,197100,93.35147833599065,84.3804005640037,92.63284865320746,98.35495054804883,95.38928066472481,3.75,2.0,2.77,1.23
LCII,2009-08-11,13.427149153616922,13.494499567735737,12.70466671502027,12.784261703491211,161200,96.73691034018823,85.89630962443498,93.44329350026172,98.45704007740407,95.49016666569369,3.77,4.0,2.49,1.14
LCII,2009-08-12,12.833245346308706,13.274082785169568,12.778141834269515,12.918964385986328,96600,95.44733575402809,83.49836981434234,93.40873155494266,97.99749173022462,95.48143184025318,3.79,4.0,2.23,1.14
LCII,2009-08-13,13.047541337053616,13.090400273453863,12.576091868832462,12.869982719421387,62900,95.65327330820186,83.50643511079033,90.39998772670445,97.00596022624215,95.48017013355008,3.83,1.0,1.92,1.31
LCII,2009-08-14,12.876104432625368,12.943453683270828,12.343426292031936,12.490371704101562,74000,88.4003692430174,82.78350433599408,89.58082123315717,97.03539819772247,95.44375765353634,3.89,1.0,1.65,1.41
LCII,2009-08-17,12.153625437217482,12.214853001781988,11.798506964125735,12.067906379699707,89400,88.94976157514314,77.23696240849686,89.62523709671356,95.69748903738696,95.48214661979664,3.94,2.0,1.4,1.43
LCII,2009-08-18,12.190359600476517,12.190359600476517,11.516858831338125,11.700541496276855,208500,88.62918953977167,77.34825774530324,89.7174760365109,95.7756654862237,95.51101706966914,3.98,3.0,1.18,1.43
LCII,2009-08-19,11.565842519449523,12.16587125428067,11.44338855742869,12.061784744262695,120500,87.44438947917635,76.80144867036168,89.34834622494623,92.32634765406704,95.4155517841971,4.03,1.0,0.98,1.47
LCII,2009-08-20,12.06178437837697,12.594461491037473,12.012802561490732,12.318939208984375,105500,86.46318146303263,76.67196243266673,88.49096304346025,91.41874681314438,95.43766462525491,4.07,1.0,0.79,1.57
LCII,2009-08-21,12.423020234146088,12.765892801056093,12.386283011827857,12.472002029418945,110700,86.43354326776839,76.66966483078508,88.37311512681981,91.20019474787875,95.37527776745674,4.12,1.0,0.61,1.58
LCII,2009-08-24,12.527110373023397,12.900597436338318,12.496497177067795,12.857738494873047,83700,86.33673948898641,76.38641948888277,88.31333386495747,91.17032387713286,95.40997830221454,4.16,1.0,0.43,1.57
LCII,2009-08-25,12.863861562045134,13.059788821886698,12.68017888007973,12.741406440734863,79200,86.6508852007335,75.26025040130897,86.00897278531212,91.15383032195295,95.32945720923624,4.21,1.0,0.26,1.83
LCII,2009-08-26,12.704668995609357,13.035297086650365,12.490373140432977,12.796509742736816,60400,85.30650934532838,74.76492057302791,85.92590133092835,90.71008344051937,95.31315701148131,4.26,1.0,0.09,1.86
LCII,2009-08-27,12.925081214636622,13.016921915518346,12.355667234224917,12.765890121459961,67200,84.29088062074712,74.28867185453771,85.87227223014399,90.62607977370891,95.3063932141479,4.29,1.0,-0.07,1.88
LCII,2009-08-28,12.839368873309377,13.176119841599329,12.367919386213009,12.496496200561523,61700,84.94609976569822,74.49521576153877,85.68381238398946,90.49737751342343,95.31089994172669,4.32,1.0,-0.21,1.91
LCII,2009-08-31,12.318934220684953,12.65568392944063,12.000551955937453,12.600579261779785,90300,83.56763388234823,74.49684658419423,85.42055358549375,89.71414249775034,95.31329929669555,4.33,1.0,-0.35,1.99
LCII,2009-09-01,12.435268645616217,13.133260903483157,12.288323214438565,12.496496200561523,125800,80.68468656890599,73.84851207905062,83.58969861034986,89.37865323831062,95.29787422570169,4.38,1.0,-0.48,2.29
LCII,2009-09-02,12.416901925447132,12.57609311052167,12.123009878022613,12.251587867736816,57400,81.00740309445516,74.00153774477383,83.63083269647736,88.8149245340507,95.28684552781937,4.45,2.0,-0.6,2.28
LCII,2009-09-03,12.29444618640518,12.453637363426399,11.492368596791545,11.99443244934082,127600,81.48576806204588,73.57781208724316,82.64146681607303,88.10884101773891,95.2936587388596,4.52,1.0,-0.7,2.44
LCII,2009-09-04,11.994429851988231,12.814875880915176,11.994429851988231,12.557721138000488,65600,82.15008601406896,73.66914059285654,82.63318174593334,88.25130228896109,95.3883473036414,4.57,1.0,-0.81,2.44
LCII,2009-09-08,12.631194106225959,13.010803959108232,12.478125824354096,12.539353370666504,123400,81.77975755740592,73.58107587819899,82.40023618602171,86.9821696659932,95.05465904294189,4.63,1.0,-0.9,2.52
LCII,2009-09-09,12.539355544017564,13.194487717127274,12.539355544017564,13.145505905151367,189400,82.41276268228914,73.93416182973053,82.50889161336403,87.13912277477831,95.16145780096713,4.68,2.0,-0.99,2.49
LCII,2009-09-10,13.114895275234781,13.696555428034358,13.023054505797676,13.421031951904297,110300,81.90814712923832,73.94686888283965,81.42787999978965,87.10278741130682,95.16745174872786,4.75,1.0,-1.06,2.67
LCII,2009-09-11,13.421031932063016,13.531241322352109,13.084282055351888,13.2434720993042,162500,80.87439212099487,74.08297629014783,80.98714353773944,86.5269853368854,95.16759196794621,4.85,1.0,-1.13,2.81
LCII,2009-09-14,13.157746329594003,13.359796368270375,12.900591628749709,13.0903959274292,112700,51.211634795459815,73.93498810105561,81.03112449139766,86.5437276871017,95.17506021354298,4.93,2.0,-1.2,2.8
LCII,2009-09-15,13.023051313386317,13.623078772294075,12.943455142985588,13.567974090576172,193800,49.75491589624814,74.13671013137701,81.15919658044145,86.52599852921585,95.18505217566924,5.04,3.0,-1.26,2.76
LCII,2009-09-16,13.610832395159852,14.259842801259568,13.274082616156312,14.082283020019531,173000,50.640374019717115,73.8935683687307,78.914476797499,86.25708250622151,95.20359830226633,5.17,1.0,-1.29,3.11
LCII,2009-09-17,14.082281262687083,14.241472408403476,13.531235707710806,13.623076438903809,146900,45.9781263052604,74.10904559950721,78.85752141168084,86.3622102410322,95.14983998550235,5.36,1.0,-1.34,3.12
LCII,2009-09-18,13.68430424345544,13.68430424345544,13.274081213000986,13.433272361755371,209900,44.50109744563896,74.01386534877359,78.07735477324104,86.33857423872524,93.880263504829,5.56,1.0,-1.39,3.3
LCII,2009-09-21,13.206734522777815,13.500625418237178,13.029175878036428,13.163875579833984,72400,43.440827899638265,74.25893153049653,76.5647485339499,86.34597813661834,93.88656354646568,5.79,1.0,-1.44,3.69
LCII,2009-09-22,13.27408193934361,13.549604153256926,13.145503971929388,13.304695129394531,111500,43.04356409302776,73.90382300573208,76.45658433617328,86.3267192955052,93.30929904768279,6.0,1.0,-1.49,3.74
LCII,2009-09-23,13.29857278838219,13.488378311289102,13.12101417692993,13.359800338745117,93700,38.06163238053294,73.90576673830834,76.44834023414484,86.29708115147382,93.28912833942266,6.2,1.0,-1.53,3.74
LCII,2009-09-24,13.470002867291333,13.470002867291333,12.857730009687181,13.041411399841309,80400,38.66595761976929,73.62741275972004,76.50223798979448,86.19137795319273,93.32106436027104,6.39,3.0,-1.57,3.75
LCII,2009-09-25,13.023051095114369,13.163873649225001,12.441391094649145,12.551600456237793,81700,40.24410363449798,74.26534711716265,75.97172002721793,86.32939391619557,93.32919427296763,6.58,1.0,-1.6,3.88
LCII,2009-09-28,12.594460763046795,13.518993525175572,12.484251389468474,13.470011711120605,106800,44.275718594891174,70.80865277418734,76.52459319171183,85.98700030890481,93.53345990439067,6.75,5.0,-1.63,3.7
LCII,2009-09-29,13.439392750276197,13.757773821150755,13.18836091495034,13.286324501037598,225300,43.16894021262199,70.64096277491252,75.68508984047075,85.85668834560808,93.46351502257197,6.93,1.0,-1.66,3.92
LCII,2009-09-30,13.335308491506527,13.543481438199722,12.551598505848718,13.280203819274902,137200,41.962757878203675,69.95990361282853,74.1676954771642,85.85588233393369,93.24181584547325,7.12,1.0,-1.69,4.39
LCII,2009-10-01,13.218980949279809,13.445521421594364,12.784266288857243,12.808757781982422,80500,42.77913476106332,69.60667699176017,73.9481843131164,85.4892453995803,93.08884038178775,7.32,1.0,-1.7,4.46
LCII,2009-10-02,12.69242552527516,12.918967165408386,12.478129631704526,12.808757781982422,69500,42.396192515755565,68.77825146989632,73.36593453079371,85.46374234472593,92.85245898447441,7.52,1.0,-1.72,4.64
LCII,2009-10-05,12.845491529467555,13.586342712986262,12.729160461629002,13.384292602539062,198000,44.068412495233694,69.05295717312805,71.6014603506688,85.2295679621399,92.79190102990736,7.75,1.0,-1.73,4.99
LCII,2009-10-06,13.470010509880584,13.659814876439734,13.139382418630655,13.50062370300293,170900,43.306490489800076,68.83055574018358,71.59912440132015,85.0926470076245,92.47666885626741,7.97,1.0,-1.73,4.99
LCII,2009-10-07,13.463887637692425,13.788392856754193,13.267960398945116,13.50062370300293,88200,43.191037475578625,68.80538299165967,71.59635165169512,84.82198912536602,92.01887186675306,8.19,1.0,-1.74,5.0
LCII,2009-10-08,13.616956184543444,14.30270270034596,13.567974373973154,14.174124717712402,164500,45.26821098961712,68.61971021346508,70.12695514038636,84.62376525029407,92.05498201695141,8.41,1.0,-1.73,5.47
LCII,2009-10-09,14.1251428630753,14.41291202111915,14.063915308098833,14.3333158493042,53800,45.28779121321681,68.07373173932628,70.10872087299617,84.60385396393579,91.30518399297142,8.63,1.0,-1.72,5.49
LCII,2009-10-12,14.523122134428652,14.963959654154971,14.388422429967072,14.425158500671387,78400,44.65624355168481,68.052674216137,69.32481689507951,84.57978049918916,90.93524965645877,8.85,1.0,-1.71,5.88
LCII,2009-10-13,14.41902958144672,14.41902958144672,13.923088747529434,14.08840274810791,87500,45.39026078781485,67.33828527023007,65.29961871358088,84.63218872597952,90.5718650142849,9.13,1.0,-1.69,6.39
LCII,2009-10-14,14.35168075871144,14.443521483541932,14.106771769890734,14.192489624023438,86400,45.25675245671587,65.17090687511313,65.09001117923091,84.47400590668096,90.05120624540392,9.4,1.0,-1.68,6.55
LCII,2009-10-15,14.100651460832562,14.223105393579809,14.094528589022442,14.198615074157715,91000,44.699581813206166,65.02130877202711,64.57789946118314,84.41146819289223,89.12043372679695,9.66,1.0,-1.67,6.92
LCII,2009-10-16,14.094528259481336,14.272086866549822,13.757777324708535,13.867986679077148,45700,44.82387889463363,65.29557743019944,64.61324520013855,84.42957063939517,89.13428050462892,9.9,2.0,-1.65,6.9
LCII,2009-10-19,13.910846808153913,14.15575702460179,13.77614712336235,14.112896919250488,48300,43.29347378569939,65.3260148593869,64.63832866527773,84.44159791270872,88.85818291890874,10.13,3.0,-1.63,6.86
LCII,2009-10-20,14.204736224757193,14.314944400530097,13.953704350052124,14.014930725097656,101600,43.381895484422515,65.17815065243141,64.32769622211919,84.37359078178899,88.79864399533423,10.34,1.0,-1.62,7.12
LCII,2009-10-21,14.01493012659883,14.694553604509204,13.702670722364827,13.843494415283203,99300,41.58837020458977,65.30198389839359,63.5053874554238,83.97148532777298,88.62892399482976,10.55,1.0,-1.61,7.71
LCII,2009-10-22,13.855743943693627,13.953708743813902,13.26796214988366,13.819007873535156,113900,41.20382009326232,65.11044735071275,63.18448513458231,83.96468603492859,88.5989065993138,10.75,1.0,-1.59,7.86
LCII,2009-10-23,13.837372575962664,13.886354378249575,12.882226847458755,12.95569896697998,193700,45.22203070556868,65.6775958961307,63.8106985281689,84.16347034776102,88.84110656456441,10.92,3.0,-1.57,7.56
LCII,2009-10-26,13.016927079300093,13.690427765971853,12.82712273314058,12.943453788757324,78100,45.10425128976171,47.94983944137407,63.804729886359645,83.92894428529938,88.8372082100054,11.09,3.0,-1.54,7.58
LCII,2009-10-27,13.072034780675862,13.255716297816976,12.772021013175456,12.986315727233887,115000,43.80152717810355,46.60711858367281,63.80455292054219,83.11278699588004,88.59893736155247,11.25,3.0,-1.51,7.59
LCII,2009-10-28,13.023050042715157,13.121013652251149,12.000553846342212,12.123007774353027,189000,46.3686592819902,48.721134351832795,64.40461008085711,83.52381531421872,88.14138411300613,11.38,7.0,-1.46,7.32
LCII,2009-10-29,12.257713697319486,12.765900570494129,12.165872921265047,12.386290550231934,191800,46.18907601667985,45.787443784311975,64.42821497077888,83.29252404257642,88.16220711340631,11.51,8.0,-1.42,7.3
LCII,2009-10-30,12.227094008393266,12.343426230298444,11.504612694618878,11.718907356262207,233800,48.52978498099903,46.41018392731542,64.72125450216694,83.44442600657248,88.34916735106461,11.62,12.0,-1.37,7.17
LCII,2009-11-02,11.878102170632944,12.153625631672195,11.461756126315269,11.835243225097656,174700,48.46816196620377,45.69433950356781,64.52875001741921,83.40441356031208,88.3527111636351,11.73,9.0,-1.31,7.23
LCII,2009-11-03,13.40266080717155,13.635325291608211,12.6495650046488,13.255715370178223,441200,59.06335995294757,51.242318052941414,66.77602472857527,83.64529820316653,89.03955846784618,11.79,16.0,-1.24,6.22
LCII,2009-11-04,13.378167478427464,13.733285829976564,12.808753308156708,12.894471168518066,214400,59.57964511950576,49.61198608017318,66.93561849828833,83.6269106635743,88.97033241694692,11.85,17.0,-1.17,6.16
LCII,2009-11-05,13.090400555671415,13.414905773412585,12.974069488025156,13.047541618347168,151500,59.286757630219675,49.62446700765352,66.93662438105677,83.58918668570169,88.95855572059763,11.9,18.0,-1.09,6.14
LCII,2009-11-06,12.92508301894368,12.92508301894368,12.349546089087392,12.814873695373535,171700,58.433382381277134,49.757977728535366,67.03597113524673,83.48521475768743,88.83837685218852,11.95,19.0,-1.0,6.12
LCII,2009-11-09,12.857738585175994,13.231225651114002,12.741406337654247,12.967947959899902,149500,54.684921507837494,49.422701758290295,66.90961741482076,83.45713549255106,88.80467178200696,11.99,17.0,-0.9,6.14
LCII,2009-11-10,12.912838694829066,13.274079887108389,12.796506488548056,13.102643013000488,241000,54.6530371613978,48.91605288194373,66.91448779745188,83.19914736680975,88.76045297036225,12.03,18.0,-0.79,6.13
LCII,2009-11-11,13.225098777656902,13.24346622267559,12.765893967098107,12.949575424194336,173400,54.75084841593767,48.531972649217195,66.73002599739279,83.21966597123776,88.7552295151719,12.06,16.0,-0.68,6.2
LCII,2009-11-12,12.876104701953947,13.078154793753242,12.588335575457313,12.735280990600586,161200,53.945044557680376,48.300894747849696,66.55012833099669,82.96151459379847,88.69440354610157,12.08,16.0,-0.55,6.37
LCII,2009-11-13,12.765894614486815,12.91284002117939,12.269953720922084,12.52098560333252,81000,54.1635754636689,48.251237812327886,66.52018765299901,82.99048861391239,88.15230800724129,12.1,16.0,-0.41,6.38
LCII,2009-11-16,12.618950457357611,12.857736620901028,12.453636420526754,12.698545455932617,107300,52.69284884972946,48.271067107505814,66.53381004317946,82.96175517269755,87.46039616258176,12.11,17.0,-0.25,6.37
LCII,2009-11-17,12.539354534279584,12.85773687039434,12.380163366222204,12.851613998413086,109100,52.75875062066563,47.925265275055054,66.356683454108,82.65679151560325,87.33949089868698,12.12,16.0,-0.08,6.41
LCII,2009-11-18,12.876103976195605,13.047539700290653,12.686298470492826,12.95569896697998,118400,52.832315017012576,47.915383846816844,66.3448380910042,81.67502370275432,87.33944367257351,12.12,16.0,0.11,6.43
LCII,2009-11-19,12.765895190377112,12.882227413855194,12.318936078880188,12.508740425109863,295500,51.49839217234009,48.451668525518535,66.32600035961794,81.79318250863484,87.00302152611474,12.12,16.0,0.31,6.44
LCII,2009-11-20,12.374041377757905,12.47812787323427,11.725032083044493,12.39853286743164,434000,51.30687167064326,48.481185200723864,66.35092657937022,80.93832614207625,86.80134424202444,12.12,18.0,0.54,6.45
LCII,2009-11-23,12.557724385753064,12.931211438627352,12.484251082567527,12.56997013092041,140100,51.490302459558556,48.369749124514335,63.554447448864124,80.71427495629642,86.42219044664967,12.12,3.0,0.76,7.19
LCII,2009-11-24,12.545474138419173,12.612824544851147,12.196478701122796,12.472002029418945,111700,51.18553654770246,48.3658819790547,63.422369586225834,80.53807238209417,85.60812768757508,12.13,2.0,0.95,7.25
LCII,2009-11-25,12.539352525000071,12.631193254365694,12.459757537634726,12.557721138000488,89300,51.17582986793317,48.35681660880581,63.040388774841404,79.35985091780047,85.56668102510585,12.13,1.0,1.08,7.4
LCII,2009-11-27,12.031168841877669,12.129132466114815,11.86585478804554,11.92095947265625,47600,53.00080514345116,49.363885605250765,62.90693766383575,78.4653983401102,84.56482148551068,12.13,1.0,1.25,7.7
LCII,2009-11-30,11.85973128542517,11.908713090118054,11.259702718164418,11.847485542297363,194500,52.73419689110993,49.18973958145133,62.26056530028129,78.38778547632678,84.56789073897022,12.12,1.0,1.49,8.24
LCII,2009-12-01,11.951572035558423,12.196481059275124,11.884221616104451,12.031167030334473,189700,52.65819236243331,48.35890108229678,62.185764323983726,76.13282468982248,81.76724426551229,12.11,1.0,1.77,8.31
LCII,2009-12-02,12.018922340588322,12.508741598770104,11.98830914787253,12.2332181930542,119300,53.037654484855615,48.48927912484402,62.00958533950174,76.09175544835853,81.01807536830012,12.1,1.0,2.12,8.48
LCII,2009-12-03,12.257706946536642,12.582210921066967,12.135251867358814,12.184233665466309,119000,52.98644399901882,47.466202517884355,61.961528135112374,76.0982489245689,80.83301632954203,12.08,1.0,2.52,8.57
LCII,2009-12-04,12.459758058589376,12.692421327231385,12.214849047435083,12.52098560333252,98900,53.76720391844666,47.613909249963086,61.72002385725346,76.1321951537902,80.8044210346558,12.06,1.0,2.91,8.61
LCII,2009-12-07,12.514863360287046,12.625072712793246,12.269954336839014,12.374039649963379,29100,50.63080226138038,47.59841177602613,61.50890421002069,73.99701993611725,80.79207442973266,12.03,1.0,3.13,8.72
LCII,2009-12-08,12.245460496395655,12.551597008805546,12.196478701122796,12.472002029418945,127500,50.70431960618935,47.582633503951335,61.50777594336484,73.3658132640615,80.4301627111361,12.0,1.0,3.13,8.71
LCII,2009-12-09,12.465882582921484,12.600582264964032,12.337304605128582,12.551600456237793,137500,50.73583642665819,46.99301696183005,60.655994479407624,73.20248535929602,80.36568655659751,11.96,1.0,3.25,9.43
LCII,2009-12-10,12.557725420327454,12.6128301103018,12.159748012149445,12.318939208984375,57000,46.86092451126223,46.43003823949176,59.16306246386418,73.16225909421344,80.24951488263038,11.91,1.0,3.68,10.7
LCII,2009-12-11,12.367915153503416,12.52098340457243,12.080146094090104,12.367915153503418,52900,46.453632932212976,45.99528757490883,59.003351951013904,72.88864406297371,79.6264112522002,11.87,1.0,4.23,10.91
LCII,2009-12-14,12.465880822920745,12.551598684134943,12.300566803877706,12.502616882324219,62200,43.46761094793452,45.99077866339819,58.966536188804376,72.34433092374712,79.349709527235,11.81,1.0,4.89,10.96
LCII,2009-12-15,12.496494460490293,12.563844878333786,12.318935860473328,12.380162239074707,185400,43.53896181825185,45.8557317340305,59.00273665814082,72.30305038241184,78.88125984029679,11.75,2.0,5.6,10.96
LCII,2009-12-16,12.551598413940798,12.551598413940798,12.251584738331134,12.34954833984375,89200,27.768909339121066,45.79197842483927,58.91064643744664,72.24378248245819,78.2746209459951,11.68,1.0,6.08,11.01
LCII,2009-12-17,12.239342069721308,12.472006557603976,11.994433004438402,12.410778999328613,108400,26.780363484383436,45.796355126243085,58.91077187454972,70.55952308489007,78.26438503715222,11.62,2.0,6.15,11.01
LCII,2009-12-18,12.545477584169708,12.582213648759778,12.38628641385482,12.551600456237793,424600,26.75878633520935,45.61486259877877,58.82084716994226,70.49016938240472,77.26043669666275,11.55,1.0,3.63,11.02
LCII,2009-12-21,12.600577932149971,12.765891917688347,12.50261434838309,12.747523307800293,98800,26.702348101280833,45.047102343427795,58.057497199335174,70.4433330630555,77.26898325088422,11.51,1.0,-0.33,11.82
LCII,2009-12-22,12.814879985118985,13.078157683353394,12.759775296287662,12.802634239196777,110300,26.494979457406608,42.60717091683405,46.40024745621371,70.26263567064825,77.22289772120357,11.55,1.0,-0.3,2.08
LCII,2009-12-23,12.888354459630555,12.992440983186485,12.753654733542396,12.839372634887695,33700,26.31924217100249,42.5285068830663,45.55994257807113,70.05892697884455,76.75401126799774,11.6,1.0,-0.29,2.37
LCII,2009-12-24,12.863860778244526,13.15162877762567,12.747528536869801,13.145505905151367,33300,27.00910732225329,42.81518043416704,45.69527026108931,68.78749087434753,76.78162159527872,11.65,2.0,-0.28,2.28
LCII,2009-12-28,13.169995055508398,13.304694722559239,13.010803902911054,13.10876750946045,33800,26.536941062400782,42.158796813476464,43.75707761803582,68.76145294864757,76.6950315713101,11.74,1.0,-0.25,2.53
LCII,2009-12-29,13.114888602150037,13.212852195413193,12.674052432465837,12.900592803955078,67300,26.481851764454508,42.29248857181008,43.341888024817685,68.09869994073871,76.43727686857376,11.81,1.0,-0.25,2.67
LCII,2009-12-30,12.863861771746013,13.00468434607544,12.576093750139975,12.986315727233887,111600,26.24879194728187,41.32073718448149,42.89897931026957,67.9090315598105,76.43229445248731,11.94,1.0,-0.21,2.89
LCII,2009-12-31,13.010807312340676,13.127139563534346,12.637320234613881,12.64344310760498,51500,27.192278548553737,41.621748690819786,42.949703518317875,67.82002372061663,76.44448464927589,12.04,2.0,-0.11,2.9
LCII,2010-01-04,12.869981611137538,13.310817849058811,12.863858739633564,13.169995307922363,69600,29.638277062445894,42.49827931355627,42.07850514918404,67.84366125331893,76.50911867792858,12.12,1.0,-0.14,2.93
LCII,2010-01-05,13.163872166082989,13.163872166082989,12.796508058117011,12.92508602142334,61700,28.277429437914414,41.40420249858232,42.15445405147224,67.19589673750451,76.52093370531419,12.18,2.0,-0.14,2.92
LCII,2010-01-06,12.8944722514621,13.157749893618547,12.49649493630814,12.661808967590332,108900,28.834655576141664,41.499189328169535,42.27698847438641,66.8831416097111,76.5337420330228,12.27,3.0,-0.14,2.87
LCII,2010-01-07,12.563846022204606,12.882228358319363,12.441390918216339,12.851613998413086,105400,28.881564191287772,41.609421151075466,42.071640423795365,66.89729857025864,76.4159198633309,12.36,1.0,-0.13,2.93
LCII,2010-01-08,12.75977186328023,13.059785550744186,12.686298575333531,12.974067687988281,136800,28.871268619208397,41.424823804478635,41.72586480592953,66.88695309486225,76.41584665562502,12.44,1.0,-0.09,3.05
LCII,2010-01-11,13.023054022249394,13.072035841985063,12.637321169989637,13.004685401916504,58800,28.825767610488835,41.392441351119125,41.41683332322571,65.20119727854983,75.85635288212323,12.51,1.0,-0.06,3.18
LCII,2010-01-12,12.92509003868968,12.955703237277485,12.71691701840034,12.808757781982422,88000,24.58129493187892,41.48557500639225,41.226309706130706,65.06220536968316,75.75887696374967,12.56,1.0,-0.01,3.32
LCII,2010-01-13,12.876102987541344,13.023048383119301,12.667930051851355,12.931207656860352,64200,24.526298222335633,41.29504508934904,41.12061555539915,64.5448068878862,75.75862530673238,12.62,1.0,0.02,3.4
LCII,2010-01-14,12.845490285375448,13.121013667399989,12.833244542214723,12.961822509765625,55200,24.239806631180752,41.11884286654267,41.077817800334756,63.410915677062484,75.36656216991886,12.66,1.0,0.03,3.43
LCII,2010-01-15,13.01692579842773,13.029171540282926,12.202602650148686,12.514862060546875,96800,26.17345390840939,41.68107960401598,41.17411142343585,63.47551361480851,75.4448664457897,12.68,3.0,0.02,3.46
LCII,2010-01-19,12.545477508676264,12.876105591452625,12.42302357150676,12.869982719421387,72400,27.285541098582293,42.066857051508244,41.39195588993889,63.54723490404363,75.2067700355227,12.72,5.0,0.02,3.3
LCII,2010-01-20,12.704670869545923,12.735284067164365,12.141379391508734,12.527111053466797,71000,27.421787598269727,42.397601538884345,41.60877550278419,63.57863833152761,75.16635983519716,12.75,7.0,0.0,3.21
LCII,2010-01-21,12.588337059185639,12.649564614666529,12.233218638778661,12.42302417755127,86200,27.310232814816448,40.35331314075526,41.62742757357202,63.06848118863769,74.94143952342485,12.76,8.0,-0.02,3.21
LCII,2010-01-22,12.429144890103997,12.759772962622586,12.098517985403802,12.178112983703613,68000,27.808168168943787,40.54497972656032,41.609783767270805,62.98311237250156,74.70770936812883,12.75,8.0,-0.04,3.22
LCII,2010-01-25,12.282197504552528,12.398529715290026,11.939324911020025,12.153620719909668,65700,27.72668863909652,40.53541591169906,41.58802187756526,62.42542226934676,74.68616776705029,12.74,7.0,-0.08,3.24
LCII,2010-01-26,12.06790376386888,12.361795776510943,11.927081213368181,11.945449829101562,63900,27.65045562585123,38.16698227691461,41.65602499612914,61.39412551064171,74.69984382287863,12.74,11.0,-0.12,3.21
LCII,2010-01-27,11.847484998774084,12.116885496134914,11.841362127491077,12.043412208557129,31800,27.74300095486526,37.94002324915795,41.56192284952663,61.09391732496417,74.69083975829479,12.73,7.0,-0.13,3.23
LCII,2010-01-28,12.061786261950465,12.061786261950465,11.480126073752798,11.75564956665039,49900,28.308214155234918,36.523323531174974,41.602864085099036,60.81261712601916,74.59969365093177,12.72,9.0,-0.13,3.22
LCII,2010-01-29,11.774014412665547,11.939328471782058,11.35154670757031,11.388282775878906,93400,29.518131872105453,37.03769287061801,41.23730375260657,59.675350414273,74.63717898855106,12.7,5.0,-0.07,3.44
LCII,2010-02-01,11.412770924883365,11.810749399056506,11.388280606615453,11.669925689697266,42400,30.554370713192757,28.94888824404284,41.433930510186464,59.73175919453878,74.63356390438676,12.67,8.0,-0.12,3.3
LCII,2010-02-02,11.712789448340576,11.84749034167665,11.547476520420835,11.75564956665039,71600,30.60817593152852,28.516468719720535,40.73747708419458,59.72081352419303,74.63376858545776,12.64,1.0,-0.16,3.66
LCII,2010-02-03,11.565842020752902,12.012802407921946,11.541351696532178,12.00667953491211,93600,31.10313867623418,28.76586710218171,40.74279677887092,58.486534279624756,74.59904023097927,12.61,2.0,-0.16,3.66
LCII,2010-02-04,11.951569323744812,12.545473717478071,11.920954972840162,12.367915153503418,232000,32.030791555139956,29.243800744764098,40.985272545210336,58.55108672807857,74.31952957863732,12.57,3.0,-0.15,3.47
LCII,2010-02-05,12.4597617851425,12.680179377196266,12.12301077224649,12.527111053466797,191000,32.24662192929168,29.261061809126815,41.00261183073466,57.9968085149427,74.31220797430434,12.52,4.0,-0.15,3.44
LCII,2010-02-08,12.5516012302491,12.735282732344853,12.325059621033729,12.576092720031738,83700,32.25805379502085,29.188243281152925,40.59486351856357,55.36172182537453,74.1299744363053,12.45,1.0,-0.07,3.69
LCII,2010-02-09,12.747528351011923,13.42715200410999,12.551601105964895,13.353678703308105,119700,36.13350457209597,31.627749880409112,41.29255797823483,55.6146505877508,74.16286906356544,12.41,11.0,-0.01,3.48
LCII,2010-02-10,13.341431745408569,13.898600187009208,13.00468083124028,13.543481826782227,151400,36.33029938742171,31.542136961015917,41.02290586129346,55.26122402819198,73.53025664886242,12.36,6.0,0.0,3.58
LCII,2010-02-11,13.500624906972998,13.512870652441382,13.078157198680856,13.470011711120605,63200,36.02600525359632,31.3490848397937,40.971062311653014,55.203060468451184,73.49465417442754,12.3,4.0,-0.0,3.6
LCII,2010-02-12,13.341431802767163,13.567972202465803,13.212853840712066,13.408781051635742,123000,36.03193739202852,31.254982741139354,40.84880975621284,55.20874978026157,73.28592855669449,12.27,4.0,-0.03,3.66
LCII,2010-02-16,13.365925255338619,13.73941231865354,12.79651093514327,12.857738494873047,151700,37.2995839387993,32.37382572179352,41.35646576196736,55.212476180658754,73.29661153186319,12.22,15.0,0.01,3.46
LCII,2010-02-17,12.955703237277485,13.237349569123692,12.698548398556456,12.808757781982422,220200,35.304871445185945,32.33906662573853,41.353824746904564,54.611514257237246,73.26953794814513,12.15,15.0,0.06,3.47
LCII,2010-02-18,12.833242253918359,13.512865696516291,12.686296865646561,13.494498252868652,285400,38.06605878529808,33.24664217040552,42.00855534699551,54.747005763636714,72.8429253432424,12.07,28.0,0.0,3.15
LCII,2010-02-19,13.51899066988758,13.929213713888457,13.421027062468116,13.653690338134766,201200,37.590974088172224,33.24673275304927,41.58618166920122,54.572726788956935,72.7610361128968,11.99,21.0,-0.09,3.31
LCII,2010-02-22,13.751656332101854,14.670066186909606,13.751656332101854,14.388421058654785,174100,40.1508070084271,34.7599445722971,40.903511423447945,54.882889968387225,72.88091069330426,11.9,5.0,-0.08,3.37
LCII,2010-02-23,14.321070387792362,14.884361802635702,14.302702938409336,14.327193260192871,207100,40.17836851963105,34.72350520269654,40.846304088977384,54.888443905795306,72.76918750312007,11.82,4.0,-0.13,3.4
LCII,2010-02-24,14.425155494567356,14.437401238189743,14.143510398162798,14.29045581817627,97500,40.21381980979813,34.724568210166005,40.84926816044139,54.61689284331628,72.75115153401434,11.75,6.0,-0.19,3.4
LCII,2010-02-25,14.051662609911357,14.119011830422975,13.898594394848349,14.02717113494873,139400,40.36094847770381,33.135407901884086,40.53979988291094,54.64662673029702,72.58855607286439,11.67,1.0,-0.3,3.54
LCII,2010-02-26,14.08228151329715,14.363926583010322,13.825126760689429,14.186367988586426,77900,40.38892820921308,33.12852134533054,40.57293088725893,54.40819460397712,72.58683766956015,11.6,2.0,-0.4,3.51
LCII,2010-03-01,14.314946422233852,14.651697371634937,14.314946422233852,14.46801471710205,134500,40.67204301018504,33.20823381650831,40.09911743857512,54.316244145485356,72.36466849829309,11.55,1.0,-0.42,3.76
LCII,2010-03-02,14.449647198132341,14.663943043458694,14.412911134533609,14.602715492248535,138400,38.99645704741924,33.11357429081628,40.102300556104005,54.290008820257626,72.35324285319997,11.49,2.0,-0.41,3.75
LCII,2010-03-03,14.60271648091704,14.712925846993306,14.425156687167838,14.627206802368164,129800,38.39846355998783,33.0829914044918,40.102348198289725,54.26723940214626,72.33052548960099,11.42,3.0,-0.42,3.75
LCII,2010-03-04,14.71292066225697,15.19049285653618,14.602711335017744,15.000688552856445,132800,37.67904183771583,33.021492891298536,39.55844590533577,54.32522253297173,72.09546528262027,11.38,1.0,-0.23,4.02
LCII,2010-03-05,15.05580063853636,15.110905329320941,14.737418240185152,14.939468383789062,165500,37.55822989298872,32.91129538752762,39.52849931058167,54.33227814259821,71.31968945183685,11.32,1.0,-0.12,4.06
LCII,2010-03-08,14.890483916661301,15.417039238102534,14.890483916661301,15.343565940856934,169300,37.175033402935426,33.250969418478995,39.737425456081645,54.31752730248246,71.31921974468152,11.27,3.0,0.2,3.9
LCII,2010-03-09,15.300705842027492,15.306828713651155,14.651696631557822,14.688432693481445,138500,39.9723077814771,34.61496929857716,40.172806281414644,54.606328262860515,70.79345451988004,11.26,7.0,0.18,3.71
LCII,2010-03-10,14.645576090349685,14.914976645566313,14.523120974027982,14.633330345153809,141400,39.46785231746392,34.35609475760774,40.16266104911657,54.46594396966976,70.603781825265,11.24,7.0,0.16,3.73
LCII,2010-03-11,14.51699872034013,14.725171726271043,14.376176148039391,14.706804275512695,59200,39.46871818255978,34.35817768415759,40.16959682324853,54.26813011028834,70.45361028883369,11.23,8.0,0.15,3.72
LCII,2010-03-12,14.731293884927517,14.768031120300293,14.376175451053738,14.768031120300293,120700,38.38400448060911,34.3194517875622,39.99016572211836,54.194528244180695,69.47171299192998,11.21,4.0,0.09,3.81
LCII,2010-03-15,14.694558751759406,14.859872817993166,14.633331190063354,14.859872817993164,83200,36.53432337835746,34.22487415617799,39.90890057736851,54.1920819374891,68.480086198985,11.19,4.0,0.07,3.87
LCII,2010-03-16,14.878239460924778,14.93334414667638,14.498630701101007,14.810890197753906,49500,36.39176665487301,34.23098001760759,39.89565259675062,54.08295622565317,68.40835889715336,11.16,4.0,0.03,3.88
LCII,2010-03-17,14.804766450698631,14.994570819399813,14.584347720711145,14.676188468933105,102500,36.72732235271988,34.318845522185455,39.87280028865447,54.09131179598285,66.55931111529885,11.14,4.0,-0.04,3.89
LCII,2010-03-18,14.60271556331811,14.749660986246612,14.35780652510394,14.376173973083496,61100,37.36073430468722,34.604389433816266,40.0136212648153,53.960408602697974,66.56291645420531,11.12,8.0,-0.1,3.82
LCII,2010-03-19,13.825128555297852,14.504752168513997,13.702673450420164,13.825128555297852,140200,38.861809100753696,35.50899330533625,39.158270689008646,54.184661453367625,66.70206675138893,11.09,1.0,-0.18,3.98
LCII,2010-03-22,13.653690648748384,14.161877311729679,13.580218525421495,14.143509864807129,87500,39.170715307001906,35.775134488118724,39.31431440309616,52.39697375165455,66.7198911775442,11.06,2.0,-0.28,3.85
LCII,2010-03-23,14.16800020085149,14.492505388098992,13.978195852900628,14.419032096862793,81600,39.419032092113476,35.95672782820654,39.42112689176269,52.327770208456755,64.96599088112286,11.02,3.0,-0.4,3.77
LCII,2010-03-24,14.296577952292017,14.296577952292017,13.708795134749003,13.855740547180176,108000,37.806136977937655,36.6689170455915,38.369714600024636,52.361069421064364,64.60702488054328,10.97,1.0,-0.44,3.87
LCII,2010-03-25,13.984312931761906,14.119012547443536,13.598580356236093,13.66593074798584,72900,37.84494000480102,36.78504049257323,38.30679569093749,51.8195733745369,64.49205398262316,10.92,1.0,-0.48,3.96
LCII,2010-03-26,13.690428807230882,13.812882743691251,13.169996365773654,13.463887214660645,95300,38.06810958247514,36.76415455585139,37.31658112503803,51.38956144470473,64.4408687398694,10.87,1.0,-0.48,4.32
LCII,2010-03-29,13.531239270643956,13.531239270643956,13.298574778018931,13.470011711120605,34200,38.043864651890296,36.74352540503553,37.29198246207455,51.316190034309415,64.22664481322377,10.82,1.0,-0.47,4.36
LCII,2010-03-30,13.451639002046177,13.531235155565561,13.274080418027458,13.476130485534668,43300,35.88871365292858,36.29836932654126,32.67813791822452,51.16608778224958,63.794809831505106,10.78,1.0,-0.49,0.52
LCII,2010-03-31,13.378171339190121,13.812884805410409,13.274084835362663,13.482257843017578,92700,35.85438195367482,35.34087095785141,32.372777364323,51.117636868469496,63.749600804821384,10.72,1.0,-0.51,0.61
LCII,2010-04-01,13.586343846992557,13.904725051852518,13.555729483570456,13.7883939743042,75200,33.15498124713743,35.395965049181264,32.511741383417515,50.95375548649555,63.7288723469667,10.66,2.0,-0.56,0.56
LCII,2010-04-05,13.86798797697565,14.13738851644329,13.635324670948009,14.039424896240234,75200,33.38688435790606,35.271392802843955,32.49176129489908,50.81844237627615,62.36831652746564,10.58,2.0,-0.62,0.57
LCII,2010-04-06,13.978196357786222,14.14963326498401,13.665936902435819,14.10677433013916,69500,29.649052247928754,35.17108344459214,32.45034731935949,50.818126347464045,62.30528245105269,10.49,2.0,-0.69,0.59
LCII,2010-04-07,14.045548191334428,14.523120562247467,13.819006582908072,14.504753112792969,111900,30.747983745739266,35.54647161778338,32.698352849186946,50.305139658072854,62.30266351438449,10.39,6.0,-0.77,0.51
LCII,2010-04-08,14.40066392467382,14.90272769141158,14.167999487325211,14.890481948852539,216700,31.626936171384955,35.896195090858356,32.876549788633604,49.291882502440494,62.20304984411709,10.28,7.0,-0.84,0.45
LCII,2010-04-09,14.963955873858607,15.82113803659679,14.963955873858607,15.398669242858887,273900,32.36929601041487,36.272694266327576,33.13957610161928,49.316264146648805,62.108300035026645,10.15,8.0,-0.83,0.4
LCII,2010-04-12,15.50275735866122,15.551739168332407,15.263971182491494,15.404793739318848,112000,32.284029755093876,36.251616790105864,33.00225987131788,49.28352086061038,61.04764582136367,10.02,8.0,-0.83,0.45
LCII,2010-04-13,15.441528399129504,15.759910716922283,15.355810531961584,15.619088172912598,204100,32.06167304406025,36.32004777142297,32.99981990117451,49.30034138718587,61.0339081504766,9.87,8.0,-0.81,0.45
LCII,2010-04-14,15.674192697516053,16.072170006982425,15.606842278070639,16.010942459106445,157900,32.65371269324793,35.697717603848844,33.15979500382489,49.302170916037596,60.51135310343276,9.7,11.0,-0.69,0.4
LCII,2010-04-15,15.95583638985367,16.115027533306485,15.827259601575383,15.882364273071289,108800,32.811426895520846,35.431356828780046,33.185980580472865,49.31988029376037,60.36787390504122,9.53,12.0,-0.67,0.39
LCII,2010-04-16,15.741542102035575,15.863997198976907,15.282337240233115,15.619088172912598,90200,32.56585683647468,35.11434095419859,32.78800953306637,49.30914486088614,60.25311781714732,9.34,7.0,-0.72,0.45
LCII,2010-04-19,15.582354048441443,15.67419479865759,14.914976139549074,15.643580436706543,132800,32.525046982255496,35.02807189508644,32.740150026156236,48.78015486600054,60.153274264541714,9.14,7.0,-0.76,0.47
LCII,2010-04-20,15.661949053877171,15.723176609960769,15.404794252580858,15.643580436706543,133200,31.639160157295166,34.687399548226246,32.690892780744214,41.32360963476266,59.59535379812255,8.99,6.0,-0.82,0.49
LCII,2010-04-21,15.674195331004023,16.0660498347381,15.533372764701907,15.943595886230469,179100,29.129826349716815,34.794413089083,32.75899791102272,40.872023860383614,59.316081451746385,8.82,9.0,-0.83,0.47
LCII,2010-04-22,15.784398049744777,15.937466296732076,14.957829282449753,15.466015815734863,244900,30.631568202129262,35.24712476845012,33.16331680717253,41.03477386032759,59.41017079159402,8.65,16.0,-0.89,0.36
LCII,2010-04-23,15.527247264547594,16.310956139394744,15.312951431149699,16.261974334716797,167000,33.68330248830385,36.47425605427254,32.885915144550026,40.29751432235652,59.58594706598559,8.47,12.0,-0.85,0.26
LCII,2010-04-26,16.304838713698175,17.204881281022608,16.286471260695624,16.806903839111328,224800,34.760463670907896,36.40102828077148,33.19014391992988,40.16023123559541,58.31987448019922,8.28,19.0,-0.68,0.17
LCII,2010-04-27,16.678317119589614,16.745667526278567,15.93134444687389,16.035430908203125,235300,37.795091956395325,37.200519758823894,34.08631407750961,40.31537671595881,58.39311456580199,8.08,20.0,-0.73,0.16
LCII,2010-04-28,16.1150281276748,16.249728959774384,15.900732304822238,16.053800582885742,187600,37.757344166320536,37.00543300079684,34.015540629606065,40.23666957765789,57.97720805668111,7.86,20.0,-0.77,0.19
LCII,2010-04-29,16.170136203263336,16.543623254018662,16.139523008337193,16.537500381469727,231100,38.372492368920994,37.33952055190135,34.265523073413156,39.535339099638186,57.144264494341826,7.63,22.0,-0.77,0.12
LCII,2010-04-30,16.592601869778807,16.592601869778807,15.655823571009636,15.704805374145508,137800,41.060728724167674,38.99711322932207,35.12601830339213,40.01591597119191,57.33224924480959,7.38,23.0,-0.83,0.18
LCII,2010-05-03,16.07829410538437,16.07829410538437,14.247597407895544,14.62108325958252,475700,44.84486224082788,41.629252424453774,36.964928326984,40.92377850355911,57.80359062513508,7.1,24.0,-0.84,0.59
LCII,2010-05-04,14.406789840470985,14.406789840470985,13.892480222487606,14.155757904052734,291300,45.45316532405249,42.18994993004553,37.342414266076155,40.950098969244515,57.85677540094931,6.8,27.0,-0.83,0.47
LCII,2010-05-05,14.002691814529442,14.437405325838693,13.788395911737837,13.812886238098145,328100,45.61301916109473,42.5369361400198,37.55632101551903,40.847342799845585,57.51030353653215,6.5,28.0,-0.81,0.39
LCII,2010-05-06,13.745534661307836,14.198616717325228,13.047542375816377,13.255715370178223,238400,45.711410844116465,41.64479605874488,38.02215149843125,40.9771287734889,57.56170182281919,6.23,29.0,-0.79,0.31
LCII,2010-05-07,13.237343495695619,13.414902068112806,12.46587933348815,12.606701850891113,292000,47.736865218272825,42.77615268870311,38.867783352732296,41.26320227857456,57.36597511703769,5.94,32.0,-0.79,0.2
LCII,2010-05-10,13.402661815681777,14.290458544783018,13.24959349465181,14.247599601745605,174500,59.750489520860874,49.693359535786726,43.41163191813206,43.65389865565154,57.80811681372874,5.63,91.0,-0.78,3.01
LCII,2010-05-11,14.033302628175196,14.651698737217306,13.849621124341054,14.388421058654785,176500,59.79280422702341,49.71295317910932,43.39537703422698,43.64555752295002,57.58088285741113,5.31,91.0,-0.76,3.0
LCII,2010-05-12,14.449645763227178,14.688431904634172,14.192491007935688,14.572099685668945,166200,59.86682822032881,48.94306488156296,43.4267171342778,43.525982434116834,57.3156764627466,4.96,93.0,-0.76,2.97
LCII,2010-05-13,14.480261076103844,14.480261076103844,13.812883188702147,14.112896919250488,174300,60.70226833060367,49.427235568509595,43.750669584426475,43.682832287637225,56.455918743980625,4.58,94.0,-0.73,2.85
LCII,2010-05-14,13.959826853366728,14.449646056531192,13.70267209285542,14.314945220947266,212200,60.502090987594315,48.37066951864986,43.77019735406126,43.71048430982762,56.467737207419844,4.17,96.0,-0.71,2.84
LCII,2010-05-17,14.363921791554224,14.725162898949947,13.696545399459195,14.34555435180664,212400,60.293725116102046,48.319586487580324,43.71141616620587,43.70936717042785,56.457629135258394,3.75,94.0,-0.7,2.88
LCII,2010-05-18,14.627206714403114,14.847625445230092,13.488379330040175,13.629201889038086,177700,62.1230660219819,48.26146096877021,44.492270425869556,44.06270583604863,55.75486392771113,3.71,98.0,-0.67,2.64
LCII,2010-05-19,13.586340826089634,13.647568371501425,12.851612616784731,13.15774917602539,227400,62.25453316800383,48.76736362821407,44.85245565256698,44.25430062070744,55.85826331859259,3.7,99.0,-0.66,2.52
LCII,2010-05-20,12.90059362444746,13.574094246830668,12.539352413382417,12.949575424194336,302200,61.71619843233561,48.85783231629921,44.768054664363206,44.28433537890981,55.456983896314696,3.69,99.0,-0.67,2.59
LCII,2010-05-21,12.863858359430749,13.439395417792312,12.741403268607167,13.15774917602539,213800,60.97524479046918,48.85875033304897,44.83867951775715,44.259109083107326,53.53385768132129,3.7,99.0,-0.67,2.54
LCII,2010-05-24,13.231220960535955,13.672057135332919,12.86997976825663,13.102643013000488,192900,60.9528520043896,48.79456047140221,44.77024354348309,44.18788385754668,53.41180554089967,3.72,98.0,-0.66,2.57
LCII,2010-05-25,12.759772909772796,13.33531001446667,12.306690905760473,13.176118850708008,261100,60.77397746704509,48.62104030572911,44.76675186191999,43.86100947879655,53.12974521439926,3.74,96.0,-0.65,2.57
LCII,2010-05-26,13.218977790383258,14.063914248372798,13.151627368202199,13.359800338745117,260600,60.379284213823695,48.67358926772677,44.609380080825275,43.88989423620358,53.097711295588404,3.76,95.0,-0.63,2.61
LCII,2010-05-27,13.708788967341398,14.033294003689386,13.463880056804145,14.02717113494873,168900,62.42368564564057,49.748100233409644,44.809202619351616,43.913381423679056,53.304041942327984,3.79,98.0,-0.62,2.55
LCII,2010-05-28,13.990440798486576,13.990440798486576,13.274081213000986,13.433272361755371,128400,63.35555430353794,50.20198119585767,45.24565171806467,44.14754124488223,53.309377882692154,3.83,100.0,-0.6,2.41
LCII,2010-06-01,13.218976008840357,13.372044280209218,12.45975752298899,12.465880393981934,219400,66.45002077099646,52.37802448552146,46.678615042419494,44.99847025206283,53.403940289775875,3.89,100.0,-0.61,2.23
LCII,2010-06-02,12.508741407014929,13.298573211595237,12.343427366119599,13.212855339050293,253800,69.11319615698766,53.526581087669555,47.53240602331328,45.50732901818511,53.574653221627656,3.97,100.0,-0.59,1.99
LCII,2010-06-03,13.359802720461063,13.610834670665179,13.010807139339178,13.482257843017578,173000,69.15081806932507,53.026914503684786,47.61544594336556,45.37157017386277,53.47701238247053,4.04,100.0,-0.57,1.95
LCII,2010-06-04,13.102646846092453,13.280206642771516,12.32505956622894,12.39853286743164,160700,72.46741747622572,55.64927651290342,49.45323985272467,46.22425471078284,54.147399819458016,4.16,100.0,-0.6,1.82
LCII,2010-06-07,12.423022623302503,12.54547655112554,11.804626609168382,11.847485542297363,136200,71.15680279250363,56.305660090304364,49.913907000612944,46.36862099707433,54.34794101657751,4.29,100.0,-0.62,1.69
LCII,2010-06-08,11.890344592567992,12.080148941645543,11.510734726594535,12.049535751342773,202300,70.45242377342763,56.44124998545498,49.96651631259817,46.38862497375293,54.18526671014854,4.41,100.0,-0.64,1.67
LCII,2010-06-09,12.178115596012063,12.31281646977784,11.871978945189689,12.000556945800781,261400,69.64564896612814,56.405948807906604,49.9668961329048,46.33157843382673,54.16289095025787,4.52,100.0,-0.67,1.67
LCII,2010-06-10,12.233216980948777,12.32505771781473,11.829116804483922,12.080148696899414,163400,69.7372959875759,56.4444671082476,49.67546017487353,46.3203710960589,53.99876182926657,4.63,97.0,-0.68,1.76
LCII,2010-06-11,11.792382690579085,12.32505975305365,11.78625981806784,12.282200813293457,104300,69.1993716449153,56.57877325145453,49.54279036563734,46.361469485686975,53.936852467916694,4.73,96.0,-0.7,1.81
LCII,2010-06-14,12.441391382177068,12.77814234679361,12.300568824811942,12.361796379089355,98300,68.19545016602176,56.489557779348296,49.37106182230647,46.282953696077236,53.921134188664524,4.82,94.0,-0.71,1.86
LCII,2010-06-15,12.496493438820067,12.741402436657609,12.22709295728966,12.674053192138672,190000,66.084972039927,56.2427518381652,49.51275862376449,46.15688528269304,53.958111929798,4.91,95.0,-0.7,1.8
LCII,2010-06-16,12.514865107744871,12.631196180239598,12.337305311065808,12.39853286743164,141100,65.77666030647033,56.167384916200426,49.535217456680044,45.45902254191855,54.00972833459413,4.99,95.0,-0.69,1.79
LCII,2010-06-17,12.367919251298943,12.490373192035305,11.982186476824163,12.361796379089355,76400,65.50033968485877,55.98863056817517,49.53652408464785,45.43262080678229,54.01058023249907,5.08,95.0,-0.69,1.79
LCII,2010-06-18,12.37403849690603,12.51486219410724,12.245461709508938,12.465880393981934,117000,64.60530141679291,55.487108732209855,49.473926784031654,45.44450934661865,53.962901269889265,5.16,92.0,-0.68,1.81
LCII,2010-06-21,12.649566060144913,12.729162241711151,12.257711528799193,12.392411231994629,88300,62.99187806439491,55.43759602225852,49.468333841078085,45.249642124929565,53.968099286556004,5.24,91.0,-0.67,1.82
LCII,2010-06-22,12.423020554613831,12.637315184574268,12.153620089754524,12.171987533569336,142300,51.22498623948746,55.47230677480719,49.399665692093485,45.29841841633206,53.908918800957686,5.31,89.0,-0.68,1.84
LCII,2010-06-23,12.245463651585444,12.96182332191593,12.141377163834232,12.918964385986328,160800,54.42456861254967,56.87425585398106,50.01223434823875,45.54991562156977,54.063539368202186,5.4,100.0,-0.7,1.7
LCII,2010-06-24,12.790390810144837,13.341437798275535,12.625077881524447,12.839372634887695,148000,54.20854291135113,56.88477423895618,49.887177152859834,45.543153188157156,54.02358481513527,5.48,96.0,-0.7,1.75
LCII,2010-06-25,12.869983145026621,13.843497641637295,12.741405163755426,13.610833168029785,478100,56.46191287231884,58.16263786723027,50.70391983697448,46.068455852136516,54.312852087161076,5.57,100.0,-0.67,1.55
LCII,2010-06-28,13.598583321297063,13.80675624317046,13.22509757025677,13.298569679260254,159700,56.6152635802461,58.16787293583852,50.75472983145124,45.78437222767029,54.29818212953235,5.66,100.0,-0.64,1.54
LCII,2010-06-29,12.99855632692731,13.090397049137612,11.982183176454594,12.147497177124023,242100,62.07019254396384,60.87440447137125,52.58217339441031,46.989556093190146,55.07194952744909,5.78,100.0,-0.64,1.53
LCII,2010-06-30,12.159742238624114,12.925083493969176,12.025041430279813,12.367915153503418,185900,60.873604881639096,61.001001785944354,52.6212237840762,47.0349456006724,54.962311696225065,5.89,100.0,-0.65,1.52
LCII,2010-07-01,12.355673264997305,12.429145394437093,11.755645814025792,12.116887092590332,231200,60.34968968208432,60.78904416079902,52.71620262779769,47.01515065027043,54.9970436955595,6.01,100.0,-0.65,1.49
LCII,2010-07-02,12.202606043947265,12.202606043947265,11.529105236233736,11.7066650390625,91200,60.93639351371141,60.81438045500561,52.09141722084727,47.17244126475312,53.875121852399985,6.1,97.0,-0.67,1.61
LCII,2010-07-06,11.871974671080201,12.043411554235297,10.953565049255907,11.05765151977539,164900,62.57581451877322,61.25651495298611,52.77494103964913,47.63449179190032,54.141817923694134,6.21,100.0,-0.6,1.46
LCII,2010-07-07,11.100510166710018,11.682170046221328,11.063774109759068,11.633188247680664,124600,64.68782545239267,62.32372111228559,53.43191914971882,47.95777072632411,54.21754951294986,6.32,100.0,-0.64,1.3
LCII,2010-07-08,11.78625774383545,11.908712836872754,11.449507989710334,11.78625774383545,119600,64.82005076455808,62.31449069697026,53.47922874683467,47.93657970486379,53.80363177829681,6.43,100.0,-0.68,1.28
LCII,2010-07-09,11.798501260105121,12.459756068515132,11.657678747160883,12.435264587402344,168500,66.75140357563215,63.17082787796553,53.78000490107375,48.364261556002695,53.70744103643027,6.55,100.0,-0.7,1.23
LCII,2010-07-12,12.35567105869327,12.508739330148204,11.853607315171999,12.055657386779785,90000,65.43115431377028,63.405048140539655,53.99752848357395,48.478070605384524,53.752570169397416,6.66,100.0,-0.72,1.17
LCII,2010-07-13,12.257712652094161,12.753653734753884,12.141380389508246,12.637321472167969,178800,66.08468364528656,64.22814416401951,53.878144414254145,48.807869420932654,53.83245676643579,6.76,99.0,-0.75,1.19
LCII,2010-07-14,12.5516012302491,12.729161027717703,12.374041432780496,12.576092720031738,111400,62.40525877378342,64.21985979275027,53.84542454963515,48.21317566217624,53.799136885198266,6.86,98.0,-0.78,1.2
LCII,2010-07-15,12.557721285012617,12.563844156084437,12.129129652531242,12.34954833984375,89100,60.13187330406831,64.2839033982727,53.23146407176736,48.26019469174593,53.70005974142262,6.95,94.0,-0.8,1.34
LCII,2010-07-16,12.367921603111133,12.674058264892906,11.627070274333525,11.67605209350586,137000,61.70107379118408,64.97728061155212,53.93017869842236,48.70785564967129,53.912134258704725,7.05,99.0,-0.83,1.19
LCII,2010-07-19,11.68217287943744,11.780136500277372,11.290318396077712,11.700541496276855,45600,56.98622824661073,64.77959275829417,53.93411072904144,48.027932244733876,53.91213844896382,7.14,99.0,-0.86,1.19
LCII,2010-07-20,11.510734205419068,12.294444220560218,11.425016342197706,12.245462417602539,90400,57.047790347074944,64.61781361092301,54.39035674375536,48.26430624418907,53.67048322727713,7.23,100.0,-0.88,1.08
LCII,2010-07-21,12.367917387933824,12.490371310221134,11.78013459037256,11.792380332946777,85500,57.921778908146784,64.48007091186751,54.65576272350957,48.023682427514025,53.062082319763945,7.32,100.0,-0.91,1.02
LCII,2010-07-22,11.982186275765683,12.349550427447408,11.969940531551988,12.2332181930542,102400,58.913668089620884,64.48364068454968,54.89291288007293,48.20561324087066,53.09936939978455,7.42,100.0,-0.92,0.96
LCII,2010-07-23,12.135250311903004,12.869978357158606,11.963814624409922,12.814873695373535,77600,60.377921573495726,65.31647158865346,55.39669942010389,46.618492429537426,53.26438646843192,7.51,100.0,-0.91,0.85
LCII,2010-07-26,12.91896225808384,13.304693785734232,12.91896225808384,13.292448043823242,98400,61.073073036879286,65.48257501163314,55.720842698670126,46.70547291320762,53.38044549086922,7.61,100.0,-0.88,0.77
LCII,2010-07-27,13.427153267406037,13.457766464392947,12.729162099300753,12.802634239196777,95400,62.15567763648059,65.10315137598239,55.86101605364505,46.89701387805617,53.48676157849642,7.7,100.0,-0.85,0.75
LCII,2010-07-28,12.741398294492651,12.949571166933156,12.54547115991755,12.912835121154785,100700,61.79144495793318,63.57608812681398,55.88271382535402,46.85968119884932,53.49050567861893,7.79,100.0,-0.81,0.74
LCII,2010-07-29,12.974071178651853,13.163875569171628,12.472007274027446,12.802634239196777,93600,61.48673855417687,63.27858625545632,55.71069866114971,46.849445628267524,53.462476440739096,7.87,97.0,-0.75,0.79
LCII,2010-07-30,12.563850001418157,13.121018682175835,12.355676959396739,12.937335968017578,140000,61.533359460698065,63.145173223347605,55.33754594415983,46.84986488152205,53.104007417459755,7.95,95.0,-0.71,0.86
LCII,2010-08-02,13.604710194564746,13.708796686126561,13.316942208631943,13.50062370300293,244100,62.65508115779777,63.208383509146834,55.77246699173798,47.10003600568169,48.503665285431246,8.03,98.0,-0.67,0.76
LCII,2010-08-03,13.39041508634811,13.7700238075392,13.084278493469554,13.463887214660645,127100,62.62401190875231,62.33087771926251,55.76545656662408,47.05838473612074,48.1871265333539,8.1,97.0,-0.62,0.77
LCII,2010-08-04,13.586343957433117,13.819007282239577,13.427152769799827,13.470011711120605,99400,62.32154113745296,56.978118416045696,55.76004185421324,47.01345336622364,48.18236613316874,8.17,96.0,-0.57,0.77
LCII,2010-08-05,13.310818527203004,13.616955111088496,13.108768428551315,13.176118850708008,89200,60.38732795658057,57.09541784805056,55.848582536409396,47.059910221643044,47.5174643042707,8.24,98.0,-0.51,0.75
LCII,2010-08-06,12.918968514074905,13.200613707504592,12.60058607712229,12.937335968017578,105400,60.608029023948504,57.120361853153,55.91355691052736,47.08955210724709,47.37501080719929,8.3,100.0,-0.45,0.73
LCII,2010-08-09,13.108767654551617,13.218977005094088,12.735280670561757,13.151626586914062,105700,58.28967195113317,56.89471727715948,55.97021148296785,47.12000827588511,47.240606468130174,8.36,100.0,-0.39,0.72
LCII,2010-08-10,12.937338031439896,12.937338031439896,12.429151093174776,12.68630599975586,140500,58.82695541024903,57.244730368374306,56.159750796483145,47.1297432710258,47.32391305818939,8.42,100.0,-0.35,0.68
LCII,2010-08-11,12.251588906049637,12.349552540887304,11.884224691499059,12.000556945800781,147800,54.97933431163936,58.278352609440674,56.50238319959671,47.57642776600185,47.16093103365459,8.47,100.0,-0.36,0.63
LCII,2010-08-12,11.755646135137077,12.067904445513328,11.755646135137077,11.859732627868652,130200,54.79110902484198,57.43824023943459,56.39215935283934,47.56723568973174,47.162667929190434,8.53,99.0,-0.36,0.66
LCII,2010-08-13,11.78013324764872,11.859729397490312,11.40052461366286,11.620942115783691,191700,54.78611464887808,57.154829308357606,56.3664672952795,47.618046032296114,47.203838464742375,8.57,98.0,-0.34,0.67
LCII,2010-08-16,11.559718800392382,12.074028439578216,11.449510592982774,11.810751914978027,115000,54.09325070770645,57.20115332877873,56.114128714366906,47.65091548164294,47.13946023467924,8.61,96.0,-0.34,0.72
LCII,2010-08-17,11.982187218857673,12.306692459151016,11.8842235930745,12.141378402709961,163600,51.812576042922046,57.4029423754155,56.26975027806971,47.365455516792764,47.09584133136846,8.64,97.0,-0.35,0.68
LCII,2010-08-18,12.15974278875944,12.563842896438622,12.0311648447789,12.196478843688965,85500,49.814199899680595,57.41224249114515,56.23373552248625,47.36240315643755,46.99533830240268,8.65,96.0,-0.35,0.69
LCII,2010-08-19,12.104638788520932,12.220969830168638,11.578083578345142,11.633188247680664,154800,51.64182589907729,58.16307607928148,56.71118446735495,47.65836527719485,47.135375323516364,8.67,100.0,-0.37,0.59
LCII,2010-08-20,11.571961752115723,11.939325858240633,11.42501634322942,11.902589797973633,218500,49.57516206269826,58.29828651706682,56.84224974642858,47.69510979134407,47.14385282857859,8.62,100.0,-0.38,0.56
LCII,2010-08-23,11.96381736399564,12.07402554498424,11.725030052307918,11.743398666381836,194100,48.9232868302087,57.37559135576833,56.87461487261649,47.71898712144183,47.145889481121856,8.56,100.0,-0.39,0.56
LCII,2010-08-24,11.504613734314708,11.884222455947478,11.443386182104073,11.64543628692627,281800,46.78982875761802,56.77127139207359,56.7562040702709,47.61639094814172,47.05186756665344,8.5,98.0,-0.39,0.59
LCII,2010-08-25,11.547474509546833,12.196483863575414,11.510737271678689,12.165870666503906,156000,48.67755716448112,55.49891916145343,57.12859311354529,47.88169793229503,47.24981676686696,8.43,100.0,-0.37,0.52
LCII,2010-08-26,12.227093003391333,12.349548086680926,11.816869992534892,11.878097534179688,170400,48.881316653014814,54.33511867837009,57.23089405233869,47.955034926727826,47.30724725288808,8.35,100.0,-0.34,0.49
LCII,2010-08-27,12.00055351588566,12.392407943239213,11.822993748604636,12.355671882629395,90200,47.39454553191897,54.80807697852116,57.412601006333205,48.17839767893455,47.47311906312221,8.27,100.0,-0.27,0.46
LCII,2010-08-30,12.239340446448894,12.239340446448894,11.516857923821425,11.541349411010742,85900,51.560811839592226,53.89171423938301,58.19808197153008,48.79915261309487,47.9123104189248,8.2,100.0,-0.18,0.39
LCII,2010-08-31,11.571961281662885,11.878097829684751,11.51685660959349,11.712783813476562,145700,49.92158828130253,53.18726136521048,57.97717972984173,48.82926557676837,47.92828698409565,8.12,99.0,-0.05,0.44
LCII,2010-09-01,11.93932456546702,12.343424688103527,11.737274504148766,12.325056076049805,110500,50.934546503976904,54.10444089083322,58.598863865116954,49.18751307712096,48.19440789376351,8.03,100.0,0.11,0.33
LCII,2010-09-02,12.208726472371813,12.533230482092106,12.116885736938112,12.355671882629395,95500,49.83151573435655,54.098089579830386,58.54746548536605,49.17468798963014,48.154276679893634,7.94,99.0,0.3,0.35
LCII,2010-09-03,12.508737204486707,13.004677992734319,12.465878282613437,12.814873695373535,75100,49.10885912672863,54.58696148491805,58.71486511423327,49.36297895237979,48.24431745093528,7.84,100.0,0.49,0.32
LCII,2010-09-07,12.796506338946529,12.796506338946529,12.478124076961787,12.582210540771484,76700,48.122570555019784,54.62957351220792,58.76339186467886,49.40827734581498,48.06155693234565,7.73,100.0,0.72,0.31
LCII,2010-09-08,12.582212311165991,12.802631010910947,12.42914402919162,12.631194114685059,81100,46.934091063500304,54.61992877053585,58.72600032412601,49.392406543218485,48.06288951024223,7.61,99.0,0.97,0.31
LCII,2010-09-09,12.869979617796142,12.869979617796142,12.50873842974002,12.582210540771484,54400,46.86486084802954,54.38469264060897,58.7236578084411,49.360254799826734,47.83036596417109,7.47,98.0,1.26,0.31
LCII,2010-09-10,12.6618095332286,12.796509212243521,12.380163263519423,12.649563789367676,61300,46.839494527943806,54.203609627204365,58.73481208479716,49.36168586629542,47.78751889355694,7.32,99.0,1.58,0.31
LCII,2010-09-13,12.77813889796044,13.433270865925486,12.741401674618329,13.378166198730469,61900,49.538934251704354,55.384541329893054,59.36391910567659,49.80452633154576,48.09873217935018,7.16,100.0,1.88,0.23
LCII,2010-09-14,13.292447106688789,13.365920385156546,12.263829382867188,12.30668830871582,125200,53.668254352546995,58.020982853806515,60.60091280498126,50.70087380633528,48.80524433007375,7.02,100.0,2.27,0.18
LCII,2010-09-15,12.214849526978822,12.227094102153536,11.810749350755065,11.98830795288086,156900,54.084564609066874,58.25479477988979,60.128854421552056,50.79228269834759,48.73909535098287,6.85,99.0,2.58,0.25
LCII,2010-09-16,11.927080391169653,12.04341261382484,11.584207762511465,11.80462646484375,100500,54.17026811233588,58.22508233076715,59.88142697345323,50.78988625785614,48.614460596497956,6.67,98.0,2.3,0.3
LCII,2010-09-17,11.927080135847804,11.96381736399564,11.633189317574935,11.743398666381836,117200,53.91240408607393,56.86820688217421,59.47556173274112,50.78583089604105,48.507365854165116,6.5,97.0,2.45,0.37
LCII,2010-09-20,11.75564658664264,12.012801392219778,11.63319147243695,11.92095947265625,124800,54.00041776382031,56.96085505808618,59.541506691476975,50.72289939761141,48.513494227184964,6.3,97.0,2.44,0.35
LCII,2010-09-21,11.871977824074433,11.884223569227393,11.633191632684422,11.6882963180542,150800,53.902132688460014,55.70571011180666,59.36786614596754,50.537119728493415,48.511280875832966,6.1,95.0,0.72,0.39
LCII,2010-09-22,11.645434632766703,11.9883072414976,11.63318889050032,11.957694053649902,115300,53.55344684918537,55.77420447745058,59.00475724877524,50.56669626819974,48.554401818674656,5.9,93.0,-0.23,0.44
LCII,2010-09-23,11.804625934964125,12.374038944065813,11.737275519426154,12.09239387512207,97300,51.190830107739,52.66943209260917,58.00304708908735,50.52823497806307,48.56620567874709,5.72,84.0,-0.25,0.55
LCII,2010-09-24,12.31893572468101,12.502617194097043,12.20872637590407,12.429143905639648,85000,51.65027640930562,52.84391149674923,57.98104663777384,50.60321532413815,48.58717440579517,5.54,83.0,-0.13,0.55
LCII,2010-09-27,12.47200380110166,12.62507207905038,12.306689780640657,12.52098560333252,69600,51.25194313085007,52.6885742038564,57.8768560370902,50.59813174712112,48.44209286529102,5.36,81.0,0.0,0.57
LCII,2010-09-28,12.594455511107432,12.60670125146929,12.031164300460743,12.367915153503418,264200,51.25489250421208,52.25417451019516,57.54703903362527,50.61743238671178,47.93535337790341,5.17,80.0,0.08,0.64
LCII,2010-09-29,12.38628267694572,13.108765013550546,12.312810569931925,13.029170036315918,123600,52.80428766322648,51.86918242955538,57.597879903426275,50.963189002587484,48.20183601039126,4.98,80.0,0.04,0.63
LCII,2010-09-30,13.121010026428786,13.163868947779978,12.6250692442224,12.772014617919922,95000,53.19125180929169,51.09184281538639,54.25643475182035,51.005659550636636,48.24270942133457,4.89,49.0,0.13,-0.12
LCII,2010-10-01,12.943459158443627,12.955704906584046,12.539358812360327,12.839372634887695,71000,51.1408757957189,51.04169647770378,54.23783431084497,51.00875463791215,48.11008524648243,4.78,48.0,0.14,-0.11
LCII,2010-10-04,12.753652686426609,12.839370574013149,12.398534222086987,12.527111053466797,47600,51.41145042673882,50.135847992446294,54.319056788797724,50.92247360831321,48.173094657373476,4.68,49.0,-0.05,-0.14
LCII,2010-10-05,12.716913063129725,13.402658307889833,12.533230425276681,13.267958641052246,86900,53.6532690064634,51.05935760503202,54.89394599127147,51.26870292871922,48.315760853007035,4.57,52.0,-0.09,-0.15
LCII,2010-10-06,13.212856334550183,13.365924642952209,13.01692908664655,13.145505905151367,74300,53.67193662414339,50.212793055558045,54.859014781773766,51.179256060269054,48.31665033570205,4.47,50.0,-0.3,-0.15
LCII,2010-10-07,13.292443652439582,13.323057997103092,12.851607599645606,12.912835121154785,37600,52.67381211151114,50.34429369774885,54.923072858471954,51.21416353143534,48.34924928972717,4.35,52.0,-0.67,-0.17
LCII,2010-10-08,12.955696522129555,13.396532659522217,12.796505402783245,13.286324501037598,49700,52.62421649290177,50.515849631135815,54.526121762919324,51.266740438376935,48.1864165743424,4.25,47.0,-0.68,-0.1
LCII,2010-10-11,13.298573392820346,13.39041530644827,13.084278708537704,13.09652328491211,42600,51.75722847072368,49.20153486053879,54.28610730117285,51.296128749372,48.1933522850951,4.15,44.0,-0.68,-0.05
LCII,2010-10-12,13.0108044262816,13.127136651670435,12.704667851545564,13.07203197479248,49400,47.32952180863091,49.20762545458522,54.22711171447089,51.253696617162056,48.188823287902075,4.04,41.0,-0.69,-0.03
LCII,2010-10-13,13.1393811062869,13.549604159373473,12.974068244991622,13.396535873413086,62700,47.60369106913682,48.595978610712386,54.30793120907052,51.32461307560244,48.196295399633264,3.93,44.0,-0.7,-0.05
LCII,2010-10-14,13.439389558416426,13.776139159635969,13.359793433738346,13.59245777130127,51800,45.643496180827256,47.97124171172216,54.35078924086078,51.265856271842715,48.2128816552236,3.81,45.0,-0.71,-0.05
LCII,2010-10-15,13.782267193901092,13.941458335104508,13.194484428856299,13.200607299804688,88200,46.60716257702569,47.85915327864571,54.546636570482995,51.244382004603416,48.30045372108873,3.69,47.0,-0.72,-0.1
LCII,2010-10-18,13.280205726060881,13.574096574947873,12.986313709355466,13.463887214660645,59400,45.78217946120886,47.08907285136601,54.592760804741026,51.217001568583186,48.28511763844126,3.55,47.0,-0.72,-0.11
LCII,2010-10-19,13.182242393493652,13.555728250727697,13.053664414451626,13.182242393493652,73500,45.89612745418485,46.70091229010445,54.132190684339164,51.276624074574606,48.29815933668403,3.42,36.0,-0.9,-0.08
LCII,2010-10-20,13.310812783558367,13.494495355321266,13.163867426838777,13.335304260253906,59700,45.983546682503764,46.10125557820392,53.730953516586375,51.23522059224829,48.307867123194484,3.28,29.0,-0.9,0.01
LCII,2010-10-21,13.45776354511981,13.672059380998709,12.759772528423518,13.07203197479248,81000,46.38990782253049,46.26279916987074,52.482262213188214,51.175158725967265,48.333099267687714,3.19,21.0,-0.94,0.06
LCII,2010-10-22,13.108766528507196,13.623076008313944,13.102643657578756,13.586339950561523,75200,47.62764088530231,46.8861240234332,52.023693942304625,51.354488839137915,48.488427982311904,3.12,19.0,-0.92,0.08
LCII,2010-10-25,13.68430424345544,13.867985709346812,13.353676203469039,13.433272361755371,144700,44.96401460134592,46.91074882600186,51.957256159368804,51.37170102413108,48.06865448532724,3.05,18.0,-0.93,0.08
LCII,2010-10-26,13.29856883610401,13.414901030438298,13.035292433079318,13.0903959274292,77700,38.25276218353329,46.38882038023283,50.36951880869987,50.97156439821854,48.13881553901853,3.03,15.0,-0.96,0.02
LCII,2010-10-27,12.998559071501594,13.218977785601034,12.827123331929489,13.176118850708008,58700,37.315724875662646,46.408735892951704,49.83409720725543,50.949659392916914,48.14208405965268,3.03,10.0,-0.97,0.12
LCII,2010-10-28,13.359796853514178,13.494497662736281,12.967942501925696,13.029170036315918,56800,37.15256409636302,46.46158045253587,49.80643011469271,50.962678415536104,47.657253855874224,3.04,10.0,-0.97,0.11
LCII,2010-10-29,12.918961415623727,13.176116139894047,12.83936526621107,12.900592803955078,85000,37.27120266030491,46.287844217131955,49.82956605496729,50.97309950643981,47.62045670774521,3.04,11.0,-0.96,0.11
LCII,2010-11-01,12.514863774705418,12.594458772029867,11.66380328429119,11.95157241821289,198000,43.61751820219518,48.71858390812708,51.30100567300452,51.530194018880174,47.91218494641426,3.01,17.0,-0.97,0.06
LCII,2010-11-02,12.104641243618746,12.233218052934483,11.86585390546056,12.098518371582031,104900,43.33910940297196,48.66070418183448,51.269502742533824,51.55018292040965,47.917566333675076,2.99,16.0,-0.98,0.07
LCII,2010-11-03,12.074026498038693,12.202604471068721,11.853608950844695,12.178112983703613,75200,42.88793160740284,48.146095556157945,51.269825641506,51.17778338358321,46.55395169676067,2.96,16.0,-0.99,0.07
LCII,2010-11-04,12.429147813272838,12.82100352854501,12.386288868122444,12.808757781982422,88100,45.18133404037828,47.88730919684355,51.74620562912651,51.5133096665481,46.749151265623894,2.93,17.0,-1.0,0.02
LCII,2010-11-05,12.80875603387426,12.86386071806669,12.502619418502332,12.576092720031738,70400,44.879710950084075,47.98094835326129,51.70981047148623,51.1720395994068,46.76971867483684,2.89,16.0,-1.0,0.03
LCII,2010-11-08,12.50261893645448,12.808755540023084,12.318937441440704,12.361796379089355,75600,45.111780275365874,47.925431268132236,51.78079543588208,51.20737202737886,46.76669863167985,2.86,17.0,-1.0,0.01
LCII,2010-11-09,12.380162386111575,12.380162386111575,11.939326148727021,11.98830795288086,67100,45.84071689623517,48.253459765074076,51.990678267255575,51.32876288260528,46.85044056271119,2.82,18.0,-1.02,-0.04
LCII,2010-11-10,12.074025409654123,12.508739928651316,11.939325744743398,12.47812557220459,67000,44.7480642028217,48.620556706409765,52.3768763279102,51.51400050251961,47.012155197796204,2.78,20.0,-1.02,-0.09
LCII,2010-11-11,12.288321503354325,12.496494460490293,12.239339699782233,12.380162239074707,21900,44.45057266350244,48.642676083840556,52.313081696413434,51.501400783973786,47.00419708471307,2.73,19.0,-1.01,-0.08
LCII,2010-11-12,12.190357478912787,12.337302884598863,12.07402526147946,12.09239387512207,52300,44.87672233136964,47.888705826992926,51.569408722458746,51.513832626453436,47.03324301646652,2.71,11.0,-1.01,-0.04
LCII,2010-11-15,12.135253618445212,12.27607616234732,11.982185331294655,12.049535751342773,37300,44.36630424920688,47.6701131537998,51.56393515452719,51.500202972594046,47.00435526957557,2.68,10.0,-1.02,-0.04
LCII,2010-11-16,11.982185756056328,12.196481599227445,11.878099270391408,12.178112983703613,145200,40.91924986091271,47.63060618786021,50.72395625500028,51.517762905185094,46.99509209652863,2.68,5.0,-1.01,0.02
LCII,2010-11-17,12.20872471453694,12.233215028811221,12.037287843344405,12.147497177124023,65500,40.87403688789278,47.59853345894996,50.60070934050276,51.42338745204652,46.97982739353668,2.68,5.0,-0.97,0.06
LCII,2010-11-18,12.312812651896799,12.70466706974367,12.245462235897513,12.52098560333252,61700,41.68897214249901,47.15746766181969,48.754438084661054,51.55658804511777,47.07162738758504,2.75,1.0,-0.96,-0.16
LCII,2010-11-19,12.52098492251293,12.735279565734393,12.39852983968505,12.674053192138672,84100,40.94453309149759,46.938805278431076,48.709376869421995,51.47536987679203,46.95620322663347,2.81,1.0,-0.97,-0.15
LCII,2010-11-22,12.631193968838467,12.64956258287789,12.269953901942872,12.588335037231445,35500,40.79677650587315,46.277393113797125,48.60919598083054,51.230375348372256,46.952729489948695,2.87,1.0,-0.96,-0.13
LCII,2010-11-23,12.45363539106488,12.45363539106488,12.202603504547762,12.429143905639648,36800,40.930634095461215,44.1170281502963,48.334662567972636,51.248511586267355,46.94992783822076,2.93,1.0,-0.92,-0.08
LCII,2010-11-24,12.588333972757953,13.151625243000218,12.588333972757953,13.139379501342773,52600,43.562391339404485,45.42495608879281,48.22216360677033,51.678056815697346,47.271353792155665,3.0,1.0,-1.11,-0.05
LCII,2010-11-26,13.023050057750895,13.029172929331256,12.772018162047798,12.961822509765625,20600,43.47413682944294,44.36259052577979,47.635626686426164,51.69764810795119,47.2867490324688,3.08,1.0,-1.11,0.01
LCII,2010-11-29,12.82100055926752,12.888349814126682,12.55160003637567,12.790386199951172,67300,42.833386129523504,44.455635726708195,47.6507209109253,51.712410804393485,47.015657311816575,3.16,2.0,-1.08,-0.0
LCII,2010-11-30,12.680173358004293,12.729156319451732,12.306687619512196,12.367915153503418,166200,43.36875929350724,44.35727552000272,47.200281384634145,51.85672839895994,47.13320149004892,3.25,1.0,-1.09,0.01
LCII,2010-12-01,12.674054683192045,12.906717966555089,12.61895000621847,12.821000099182129,83700,44.420084206080844,44.823697802700416,47.27995947625807,52.03154750703891,47.2448007605038,3.33,2.0,-1.07,0.01
LCII,2010-12-02,12.980193856906876,13.500625204789387,12.857738735158879,13.372048377990723,90300,46.01807304776182,45.629998088280495,47.160428247515846,52.222847988991894,47.40159743299787,3.42,1.0,-1.11,0.02
LCII,2010-12-03,13.341431745408569,13.592463629302559,13.20060804132161,13.543481826782227,53200,45.7558724459072,45.68191405015798,47.191643334156495,52.04211348955641,47.415704821869355,3.49,2.0,-1.13,0.01
LCII,2010-12-06,13.48837688741374,13.55572613466681,13.341431482745767,13.390413284301758,72900,44.47973398533951,45.74593234430421,47.134485001874154,51.98751270880733,47.35345563308808,3.57,1.0,-1.16,0.03
LCII,2010-12-07,13.604709660843985,13.690428700296971,13.34755487812186,13.445518493652344,87000,44.377537499754425,44.291628851769836,46.245378627690755,51.937949792641646,47.3394620131736,3.66,1.0,-1.16,0.14
LCII,2010-12-08,13.470003609606064,13.708789663529183,13.42714469406272,13.66593074798584,52900,43.919107310104984,40.83604944472763,46.305341093343024,51.761802949605205,47.360284895687265,3.75,2.0,-1.14,0.12
LCII,2010-12-09,13.776145828903436,13.953705602362112,13.629200413533336,13.757777214050293,44700,43.92086005933052,40.42865237942087,45.77409147951554,51.742136309453926,47.36072473805946,3.84,1.0,-1.12,0.2
LCII,2010-12-10,13.82512761268614,14.063913766316666,13.604708906062054,14.008809089660645,55500,44.00801821833348,40.38425186044666,45.42366216763313,51.75527751924518,47.35486506281943,3.94,1.0,-1.0,0.29
LCII,2010-12-13,14.07616028882005,14.204738264075239,13.92309199359432,13.941460609436035,36000,43.90854837794097,40.38108127950085,45.08674785219248,51.75870316852913,47.35657591739065,4.04,1.0,-0.97,0.35
LCII,2010-12-14,14.021048266208073,14.21085252589722,14.021048266208073,14.02717113494873,58200,36.97349282831194,40.307936799934915,44.5097313822468,51.76346440952639,47.348583543310745,4.15,1.0,-0.93,0.44
LCII,2010-12-15,14.02105636996085,14.41291202111915,14.002688920940844,14.3333158493042,102400,37.22394720936472,40.21524013963568,44.266648631890874,51.8251712224435,47.384261146435854,4.26,1.0,-0.75,0.49
LCII,2010-12-16,14.405272405394978,14.608071072951432,13.99313176900866,14.568819999694824,114400,37.351388801028904,40.103448858973465,43.904563426710624,51.79330364652349,47.40928180510568,4.37,1.0,-0.5,0.59
LCII,2010-12-17,14.555738144736331,14.85012435913086,14.503402956373895,14.85012435913086,168500,35.14423665884359,40.202941293335144,43.98099748307453,51.798679956675585,47.44335324697723,4.47,2.0,-0.13,0.57
LCII,2010-12-20,14.882836117203453,15.294975645276642,14.784707776973603,15.01367473602295,84900,34.47854025209156,39.92257988552716,43.97755876080765,51.81131803923267,47.442627348794936,4.56,2.0,0.19,0.58
LCII,2010-12-21,15.079090901589518,15.386561242822566,14.961337656781943,15.380019187927246,65900,34.15089205841533,40.14495272246406,44.1007629211018,51.78545141045886,47.47739811215548,4.65,4.0,0.69,0.55
LCII,2010-12-22,15.419269655923452,15.720197930285808,15.334225441207398,15.661320686340332,64200,32.31687120165931,40.12004921754334,43.692210277309826,51.737118115086254,47.50789904650616,4.74,1.0,1.25,0.62
LCII,2010-12-23,15.72020096508865,15.779078220400446,15.340770457395722,15.39964771270752,28600,31.755522116406397,39.05971318480932,43.78428460792329,51.62432178728559,47.54018809940705,4.83,2.0,1.28,0.59
LCII,2010-12-27,15.321141914941176,15.792158636658883,15.321141914941176,15.67440414428711,26100,31.577532945586594,38.88555334894608,43.86074653558146,51.66669760312668,47.515456739356225,4.91,3.0,1.37,0.57
LCII,2010-12-28,15.628608788304314,15.713654241947777,15.281888663083265,15.36693286895752,90000,31.27416172530936,39.17307537276288,43.831421912482796,51.69418707321738,47.55846298660178,4.98,3.0,1.18,0.58
LCII,2010-12-29,15.458528424761798,15.465070482650681,15.196852348056279,15.35385799407959,33800,31.197311603478738,38.75802997246514,43.71790586402215,51.60948366878919,47.529367738940344,5.05,2.0,0.97,0.62
LCII,2010-12-30,15.281893553998708,15.720201327096877,15.281893553998708,15.373479843139648,34100,31.248678582820716,37.08474472740165,43.65420441493003,51.601365329201386,47.52567533120551,5.12,1.0,0.78,0.64
LCII,2010-12-31,15.36038585133709,15.380012006859415,14.79778311848728,14.863201141357422,52600,33.380856545495305,37.74892315700142,43.60598479252071,51.71749211233485,47.57135248259783,5.19,1.0,0.55,0.65
LCII,2011-01-03,15.033298059867006,15.615528479272973,15.033298059867006,15.39310359954834,38300,33.69889028644072,38.112153623313745,42.950213255736095,51.88557634284966,47.52591553377205,5.26,1.0,0.39,0.73
LCII,2011-01-04,15.445438706712736,15.445438706712736,14.4772357806447,14.686577796936035,60900,37.08424142707869,39.07597022646386,43.60633754537295,52.18142810377338,47.724819891902555,5.31,3.0,0.24,0.6
LCII,2011-01-05,14.653865623342787,15.039838083209371,14.555737306783488,14.882832527160645,77600,36.98997434066916,39.0015908236841,43.49161926268936,52.155945616513975,47.69470709568541,5.37,2.0,0.1,0.65
LCII,2011-01-06,14.856664312810079,15.14450845616016,14.78470421279949,14.980960845947266,102200,36.580582706868384,39.00296467875871,43.44108675248909,52.039610632734515,47.677040771540376,5.42,2.0,-0.04,0.67
LCII,2011-01-07,14.994053872161462,14.994053872161462,14.307153999831272,14.752002716064453,58400,33.9499624645277,38.88821388512976,43.34164552477882,51.723702684936555,47.69547239848783,5.47,2.0,-0.17,0.67
LCII,2011-01-10,14.601530585519788,14.823955437445065,14.372563679388563,14.79124641418457,35700,33.54781442783569,38.79585848669983,43.33982764000254,51.57143381509722,47.69559830401048,5.52,2.0,-0.29,0.67
LCII,2011-01-11,14.856660059988114,15.007124766617036,14.496855919623874,14.601526260375977,62400,33.529430045101684,38.38660989469782,42.684807039550314,51.297806244759,47.6886370868105,5.57,1.0,-0.38,0.8
LCII,2011-01-12,14.653868129547336,15.105259960243313,14.5884488247296,14.967879295349121,96200,32.01408024489567,38.50145392894068,42.709049796089054,51.38476562176422,47.74195010790612,5.61,2.0,-0.48,0.8
LCII,2011-01-13,14.922085174289407,14.922085174289407,14.555738838296472,14.699660301208496,37800,31.497898337807317,38.42877504753003,42.75867154037097,51.30194697946504,47.77804896160064,5.65,3.0,-0.56,0.78
LCII,2011-01-14,14.719284280742745,15.059463594695627,14.568820785337536,14.994044303894043,38000,29.809249562507883,38.55564643835119,42.81470895625518,50.9977041744897,47.682863991828874,5.68,4.0,-0.64,0.78
LCII,2011-01-18,14.889376139603543,14.935169275605917,14.536112665694873,14.909002304077148,60200,29.808370638136495,38.319887923887464,42.32024825627845,50.29297712026116,47.60839846335663,5.72,1.0,-0.72,0.87
LCII,2011-01-19,14.863209497669079,14.863209497669079,14.3594837004155,14.457612037658691,61600,31.1310630982628,38.14101795960249,42.440183677153705,50.27880635189091,47.63163004194803,5.75,2.0,-0.77,0.84
LCII,2011-01-20,14.411817829827903,14.719286929831846,14.392191664724471,14.621158599853516,62700,31.230631550806415,38.10902212509848,42.0410938190417,50.21013522587682,47.63511896387402,5.77,1.0,-0.84,0.93
LCII,2011-01-21,14.706204828561397,14.79779236378509,14.588450317394923,14.65386962890625,98700,30.96857526600594,37.68297289661876,40.52112060412174,49.96727644937878,47.59062207895223,5.81,1.0,-0.89,1.0
LCII,2011-01-24,14.72582976945914,15.111802302672025,14.647326352632161,15.079092025756836,60300,31.87486864778618,38.06890456588993,40.68809723647802,49.70963796747998,47.671298153984715,5.84,2.0,-0.96,0.95
LCII,2011-01-25,14.922087455953983,15.229557841045787,14.915545400125481,15.223015785217285,69800,31.619345427586758,37.9926206541409,39.95780160001784,47.57841557263857,47.64423545458857,5.87,1.0,-1.02,1.09
LCII,2011-01-26,15.28189577254206,16.158511446000745,15.242643430552121,15.687493324279785,71900,32.495296116926525,38.31223234792369,40.20329467900739,47.69506806711822,47.727672416716274,5.9,2.0,-1.04,1.02
LCII,2011-01-27,15.615530732474635,15.78561919655296,15.399647876623353,15.733283996582031,60200,32.489775292201266,34.52891150039431,39.82988339392228,47.67387616755197,47.660718276692656,5.91,1.0,-1.07,1.12
LCII,2011-01-28,15.707117207018388,15.733284183429815,15.177223145048535,15.203390121459961,105000,33.840454399624576,35.39286923756042,40.116722405536095,47.69607351802099,47.678782275277484,5.92,3.0,-1.13,1.03
LCII,2011-01-31,15.360389277691102,15.66785954394914,15.327680258959818,15.451976776123047,52100,33.83757221419617,35.48020602020967,40.18004276334019,47.70482330983617,47.64558172213128,5.92,4.0,-1.17,1.01
LCII,2011-02-01,15.628610059567055,16.138879079626523,15.628610059567055,15.883745193481445,49700,34.29455288694935,34.493567263329595,40.372097462288544,47.81238395905928,47.71498743874202,5.92,6.0,-1.18,0.97
LCII,2011-02-02,15.798696866643361,15.896825170606297,15.41926650962268,15.451976776123047,47900,35.247790936043394,34.794535059583474,40.64653631467999,47.53266248447648,47.759149898514906,5.9,8.0,-1.22,0.86
LCII,2011-02-03,15.39310300993788,15.39310300993788,14.954795322300951,15.17067813873291,43000,34.972701613952886,34.82537888912893,39.83808338194153,47.39521256817779,47.71139116935925,5.88,2.0,-1.27,0.92
LCII,2011-02-04,15.098720311915592,15.242641807241991,14.830502242397962,14.889379501342773,27300,34.901678757856395,34.40900421868044,37.59495937492437,47.41010705800711,47.735990600409885,5.86,1.0,-1.29,0.28
LCII,2011-02-07,14.863210597553865,15.2099320790915,14.863210597553865,15.000591278076172,75800,34.69398611153186,33.57311232236474,37.3329710718923,47.38245804795554,47.73969674653051,5.85,1.0,-1.31,0.35
LCII,2011-02-08,14.94825008551439,15.0856294631958,14.850121780346367,15.0856294631958,23700,34.30778812306844,33.499062477882354,37.22869007472331,47.38237744839868,47.369912585101176,5.84,1.0,-1.34,0.39
LCII,2011-02-09,14.99404725865917,15.164136949153919,14.967879038074086,15.026756286621094,34600,33.868012816807436,33.066955773844036,37.222502780148446,47.38213926165164,47.35213284636123,5.83,1.0,-1.36,0.39
LCII,2011-02-10,14.909000349347087,15.196843237271109,14.876290079513078,15.033295631408691,27700,33.86971799689535,33.04011363105141,37.16936755690927,47.35644762351239,47.348487828126004,5.81,1.0,-1.38,0.41
LCII,2011-02-11,14.935169382991937,15.419270213563948,14.935169382991937,15.4061861038208,25600,34.647644210037946,33.286134775615004,37.16497776259772,47.09600876083747,47.4068588250714,5.78,1.0,-1.42,0.42
LCII,2011-02-14,15.37347913661288,15.595904040964163,15.118345201291518,15.144512176513672,40600,33.55506620984202,33.54058344512501,37.15771057513463,46.85488801155031,47.24804132072187,5.75,1.0,-1.43,0.41
LCII,2011-02-15,15.785614491670968,17.342588410348828,15.203385409555809,15.275346755981445,305800,32.040316732424564,33.097344088870386,37.14425812702177,45.996472503860545,47.25257579066559,5.74,1.0,-1.45,0.42
LCII,2011-02-16,15.406187035126807,15.661322199463605,15.209930368193385,15.61552906036377,72700,29.430874631241995,33.27137064862532,37.06049246626016,45.561770250750335,47.01867194990309,5.72,1.0,-1.45,0.44
LCII,2011-02-17,15.576277861103357,15.818328932502352,15.432356378074216,15.680948257446289,86200,29.246789111103066,33.20269892077042,37.05283273391647,45.50586347840791,47.00676140568385,5.69,1.0,-1.45,0.44
LCII,2011-02-18,15.720200500724152,15.79870267364126,15.54356874000635,15.648239135742188,79400,29.230191649639703,33.04965590825601,36.98615362869141,44.379465419799466,46.718096877918626,5.66,1.0,-1.44,0.47
LCII,2011-02-22,15.445434912504012,15.55010527105245,15.079087409815386,15.0856294631958,61900,30.89252398270088,32.27737086024058,36.62879977713094,44.2604360729845,46.86185278524945,5.64,1.0,-1.44,0.44
LCII,2011-02-23,15.11179962682381,15.11179962682381,14.536111332748455,14.555737495422363,58900,32.64264274847978,33.053596341366244,36.94883833191406,44.4379823492541,46.998898059485924,5.65,2.0,-1.42,0.38
LCII,2011-02-24,14.588453269288026,14.830504396526775,14.529576001791298,14.758543014526367,60500,32.68198733157075,32.986936777942105,36.99724769634874,44.45943822404914,46.981458422151825,5.66,4.0,-1.41,0.36
LCII,2011-02-25,14.83050085690674,15.31460174807325,14.83050085690674,15.308059692382812,52300,33.61178728397057,32.851745647225094,37.17650691512904,44.65200947683382,47.10911430226034,5.66,11.0,-1.39,0.35
LCII,2011-02-28,15.373475924897136,15.406184949033882,14.954794426654194,15.131424903869629,59200,33.34786362648944,32.28835149320396,36.15692533695535,44.64086481507314,47.08387722302602,5.67,1.0,-1.38,0.35
LCII,2011-03-01,15.196844865548611,15.308057299361764,14.830498538539722,14.92208480834961,66600,33.12310254069612,31.403320606235972,36.19919072563503,44.67196694476968,47.09606424772303,5.66,2.0,-1.37,0.33
LCII,2011-03-02,14.909001496291369,15.190302351888965,14.68657663538588,15.111800193786621,66700,33.28267292313385,31.401766684971495,36.11262853499174,44.60292964010464,47.11252312144092,5.65,1.0,-1.35,0.38
LCII,2011-03-03,15.308059341934413,15.602445602416992,15.275350312000576,15.602445602416992,108900,33.13642431067687,31.875769172311063,36.18197864760538,44.66857714419385,47.153347241281466,5.64,3.0,-1.34,0.36
LCII,2011-03-04,15.595906679235075,15.595906679235075,15.294978302771888,15.543571472167969,63000,33.079451328127455,31.900271256706098,36.101705316755435,44.66976849718035,47.153078056809996,5.63,1.0,-1.32,0.4
LCII,2011-03-07,15.576276364235875,15.576276364235875,14.967878964103118,15.2622652053833,84700,33.59835185763026,32.044663965622426,36.236662610757094,44.72128856375201,47.11338893557453,5.62,6.0,-1.29,0.34
LCII,2011-03-08,15.249180558987453,15.896829019262816,15.151052231267437,15.67440414428711,105100,33.464818421769365,32.432210755429345,36.272495974150054,44.814992243137844,46.984207366437374,5.59,7.0,-1.27,0.34
LCII,2011-03-09,15.641693971457974,16.00149822932239,15.366933925313937,15.60898494720459,123500,33.40807530794416,32.28640097361927,36.22401781973573,44.76130629613809,46.9845902876792,5.56,6.0,-1.27,0.34
LCII,2011-03-10,15.314598537970275,15.438895074495628,15.164135031937588,15.334224700927734,79300,32.63930518393586,32.50791413475778,36.02198698144801,44.27884083738064,47.01662340898817,5.52,1.0,-1.24,0.4
LCII,2011-03-11,15.170678498474365,15.262264771929592,14.895918430339288,15.046381950378418,174700,33.03816136038778,32.763539936799404,36.0467390225151,44.33354297242473,47.05369742377114,5.47,2.0,-1.21,0.37
LCII,2011-03-14,14.778165095181796,15.236098993880216,14.77162303974102,15.183762550354004,46400,31.661827717692294,32.53006753343004,35.89082512861646,43.814686773147734,47.05836072833317,5.43,1.0,-1.17,0.44
LCII,2011-03-15,14.673497793185678,15.32114644495162,14.673497793185678,15.098721504211426,54300,31.317900173307795,32.39853634850278,35.870906384879,43.72941825231344,47.06060283812455,5.39,1.0,-1.13,0.44
LCII,2011-03-16,15.033298341767363,15.216472142554656,14.863208651272615,15.026756286621094,96700,30.156819471167335,32.18427109451757,35.72345134290665,42.366451132319455,47.05405414034132,5.37,1.0,-1.08,0.49
LCII,2011-03-17,15.380017005033931,15.380017005033931,15.000586609343893,15.033295631408691,55800,29.15777212656927,32.10622142361692,35.22214867669856,42.319335457155546,47.00793136687173,5.36,1.0,-1.05,0.6
LCII,2011-03-18,15.04638306189721,15.327685205741014,14.98750581096388,15.32114315032959,89700,29.22338313409408,31.95842750533507,35.28022168831151,42.29354531975213,46.879413324597095,5.34,2.0,-1.01,0.59
LCII,2011-03-21,15.543567405846044,16.09308756017667,15.543567405846044,15.968791007995605,73200,30.96150979678204,32.867406912122796,35.57606344504668,42.34315419380249,47.005515314426574,5.34,3.0,-0.94,0.58
LCII,2011-03-22,16.047297448012408,16.047297448012408,15.707118003036724,15.805246353149414,53900,31.133449563535198,32.74835462071024,35.62161400992223,41.78751304884174,46.97974691318923,5.34,4.0,-0.89,0.56
LCII,2011-03-23,15.75291178745195,15.75945384409352,15.3996494631952,15.563197135925293,59300,31.500895655150952,32.70649837617943,35.66716156911028,41.43259853790345,46.833135044086376,5.34,5.0,-0.81,0.54
LCII,2011-03-24,15.674407296941368,15.674407296941368,15.294976771743428,15.347311973571777,63700,31.77194128323083,32.577914146281984,35.70674909669827,41.45087910903338,46.833672867614936,5.33,6.0,-0.72,0.52
LCII,2011-03-25,15.458522282067626,15.929540280740888,15.177221391244881,15.209930419921875,78100,31.896096050298762,32.629448795343095,33.48573913915317,41.00174188823181,46.817959072059736,5.33,1.0,-0.63,-0.39
LCII,2011-03-28,15.268809434142938,15.373479835327856,15.02021629550155,15.203390121459961,67800,31.066008498396336,32.62811967056168,33.45160900237876,40.82374256691448,46.81804821568167,5.32,1.0,-0.53,-0.38
LCII,2011-03-29,15.20338864846293,15.386562456674344,14.909003641565763,15.32114315032959,37300,30.739019918810868,31.904575492199932,33.45587907855047,40.465616841061994,46.82363789070019,5.31,2.0,-0.41,-0.38
LCII,2011-03-30,15.438898045400938,15.438898045400938,14.464154224124295,14.56228256225586,226900,34.00686763054776,32.774536267262654,33.605401352884336,40.92288211155832,47.10391207559402,5.28,4.0,-0.27,-0.31
LCII,2011-03-31,14.562278199651532,14.647322401149259,14.176305770564396,14.608071327209473,219800,33.30020722466837,31.344371098429736,33.458932932575486,40.86128309838488,47.05231045608193,5.25,3.0,-0.12,-0.27
LCII,2011-04-01,14.738914906346421,15.236099920145948,14.647327372377058,15.124887466430664,127700,34.950397767956545,32.03759260963657,33.73575754418627,40.4889451253152,47.14551390944134,5.2,6.0,0.05,-0.3
LCII,2011-04-04,15.151052719690773,15.491232098004588,15.092175471606865,15.190303802490234,73900,34.985576670543296,32.02196808878936,33.32734669355832,40.49030516699775,47.14508797001857,5.15,1.0,0.18,-0.22
LCII,2011-04-05,15.131428752731727,15.4127309238298,14.980965206999608,15.203390121459961,39400,33.31563354907171,31.855883826332647,32.77564258390006,40.14936162582474,47.06405967919757,5.09,1.0,0.39,-0.15
LCII,2011-04-06,15.34076810632472,15.5893599534999,15.288432914931558,15.380019187927246,57500,31.65132830829315,31.933627167641067,32.77204929167712,39.89964533414837,47.005274587593135,5.03,1.0,0.6,-0.15
LCII,2011-04-07,15.340770257584449,15.569735972181883,15.131428214886055,15.151054382324219,100600,31.804277540654883,31.974371332206502,32.629657658663106,39.7256168051678,46.90926232629434,4.97,1.0,0.77,-0.12
LCII,2011-04-08,15.288429930267862,15.288429930267862,14.562278199651532,14.608071327209473,53900,31.729671368933065,32.45878275846012,33.19312653772741,39.60727814064005,47.050483600972015,4.9,4.0,0.89,-0.2
LCII,2011-04-11,14.60153334640876,14.712745793399684,14.464153925415584,14.549198150634766,70000,31.597005431372555,32.25910735765554,33.176990268486946,39.380470415018806,47.030918984049556,4.84,4.0,1.02,-0.19
LCII,2011-04-12,14.424898796280377,14.850123583248713,14.24826832464148,14.31368637084961,100800,31.687372629188843,32.15233374281431,33.294629010868384,39.171298432057604,46.99060920633059,4.78,6.0,1.04,-0.23
LCII,2011-04-13,14.385648431097325,14.405274594592816,13.914631737129323,14.176307678222656,263200,31.487976054358008,32.188361377587995,33.02251057602921,39.17853701101699,46.99344852089231,4.75,4.0,1.17,-0.18
LCII,2011-04-14,14.084721656790052,14.25481133341388,13.99967619459347,14.215559005737305,40000,29.83572501041855,31.585607355930417,32.97716694718617,39.164469065233014,46.96612608825891,4.71,4.0,1.34,-0.16
LCII,2011-04-15,14.195933439515604,14.424899101629343,14.195933439515604,14.326770782470703,104800,30.0009815416384,31.539632231156627,32.969092544576064,39.15624574082231,46.972834849676545,4.67,4.0,1.48,-0.16
LCII,2011-04-18,14.117427673335689,14.254808295386065,14.025841423814816,14.110885620117188,94400,29.875294964116193,31.680613206058194,32.997980186542236,38.878623558574276,46.99623571092707,4.64,6.0,1.37,-0.17
LCII,2011-04-19,14.189392732078732,14.372565279156708,14.045470019066729,14.274436950683594,47600,28.89366189565001,31.19710346869008,31.874679024383045,38.89984551028902,46.97119041046704,4.61,1.0,1.58,-0.31
LCII,2011-04-20,14.575367619010732,14.575367619010732,14.222104081495177,14.392193794250488,48900,29.076852898487626,31.17990676027118,31.811314705387044,38.9110475961082,46.88246453792485,4.59,1.0,1.79,-0.28
LCII,2011-04-21,14.536110688995938,14.680033380025584,14.248267802475056,14.666949272155762,46600,29.36797453797024,30.787975313163486,31.852292073519905,38.88055452012736,46.6481774987616,4.57,2.0,1.93,-0.28
LCII,2011-04-25,14.621158599853516,14.627700654887994,14.385649609689995,14.621158599853516,31200,28.90461585236398,30.779044871922988,31.364649378391785,38.81821969735332,46.52843062324526,4.55,1.0,0.93,-0.19
LCII,2011-04-26,14.699656633905915,15.157590375477803,14.634238597483414,14.941707611083984,43100,29.50931322415371,30.34659360467977,31.047195576458915,38.853225606082006,46.34677519357805,4.54,1.0,0.37,-0.17
LCII,2011-04-27,14.948254579463452,15.451981611270812,14.948254579463452,15.314600944519043,91200,30.348374543501084,30.59071375909423,30.58756053074476,38.70866213159969,46.413589049904836,4.52,1.0,0.36,-0.19
LCII,2011-04-28,15.281892048934852,15.432355579924764,15.281892048934852,15.419271469116211,41200,30.360002785336686,30.079275395567596,30.54585917438909,38.12345814877892,46.32205990228167,4.51,1.0,0.41,-0.18
LCII,2011-04-29,15.484685838586358,15.831407177854969,15.373473427709188,15.74636173248291,84000,30.914527838594164,29.858266472510802,30.63615080674577,38.161101601829934,46.08203852863962,4.48,3.0,0.19,-0.18
LCII,2011-05-02,15.37347827914615,15.949165427389222,14.189393705744815,15.079092025756836,258000,33.05840808957837,30.941994184208,31.451688590937067,38.442391186833376,45.72757464575957,4.45,6.0,-0.09,-0.23
LCII,2011-05-03,15.066008415853997,15.792159058599157,15.007131168095007,15.523941040039062,134000,31.87131230104572,31.26237440934626,31.673427799841715,38.54199097379495,45.7022344244085,4.42,7.0,-0.25,-0.26
LCII,2011-05-04,15.556651542173883,15.556651542173883,15.190303940160584,15.294974327087402,119000,32.01484887829727,31.390642649506812,31.76420730397263,38.4647524993167,45.65961239440225,4.39,8.0,-0.38,-0.31
LCII,2011-05-05,15.131427270175456,15.92299850532016,15.131427270175456,15.419271469116211,51000,31.824769932143155,31.41231942071197,31.667379747704477,38.471301238411804,45.47462249223872,4.36,7.0,-0.37,-0.28
LCII,2011-05-06,15.687490947252494,15.96879311670749,15.451983169846823,15.779078483581543,59900,32.250837854137046,31.740329082337563,31.846753602763933,38.11937751043715,45.24252096189515,4.33,11.0,-0.48,-0.31
LCII,2011-05-09,15.792157182528575,16.374387535892172,15.556649467239792,16.197755813598633,59000,32.915730159396155,32.16316102406844,32.0834759202733,38.1471496981626,43.644091056254844,4.3,14.0,-0.41,-0.35
LCII,2011-05-10,16.295881354028253,16.590267507661466,16.289339300862068,16.465970993041992,63100,33.164753328873445,31.955586899045695,32.01126761365025,38.143668880061945,43.6631924690476,4.27,14.0,0.01,-0.34
LCII,2011-05-11,16.38747579281691,16.65569386783323,16.256638407411458,16.322057723999023,66400,33.29052938070476,31.797415891096676,31.961428898339438,38.145218286181176,43.65598336780148,4.25,14.0,0.12,-0.34
LCII,2011-05-12,16.22392604088778,17.257547117315426,16.11271359130767,17.048206329345703,137000,31.437320688142297,32.927914877273686,32.54054491919815,38.1422504456822,43.74543807355888,4.22,17.0,1.32,-0.33
LCII,2011-05-13,17.035122771699882,17.192128356278797,16.734194465429866,16.989328384399414,96700,31.533915578116776,32.673533553198794,32.51304100896431,38.023922005999864,43.726518908313174,4.18,17.0,1.66,-0.33
LCII,2011-05-16,16.845405385699884,16.917366740031788,16.64260667994649,16.668773651123047,73900,30.976921211849778,32.935014972525664,32.46200657659271,37.84252808848099,43.770728982191365,4.14,17.0,1.47,-0.34
LCII,2011-05-17,16.51831512975981,16.81270144306144,16.400560604439153,16.609901428222656,57300,31.036792975198818,32.942196195494304,32.34975208793139,36.9247599264781,43.46258733569759,4.1,17.0,1.32,-0.32
LCII,2011-05-18,16.66877437058366,16.675316425602507,16.433266628752204,16.531394958496094,65900,31.11230451792798,32.02268330659668,32.24052237615286,36.90220871368073,43.315843219423044,4.06,17.0,1.1,-0.28
LCII,2011-05-19,16.649146566093645,17.26408465799322,16.557559059481793,17.159414291381836,79100,32.60036764585326,31.888946809815206,32.65076749585511,36.681281203224835,43.434839864669804,4.0,23.0,1.28,-0.31
LCII,2011-05-20,17.074368897559904,17.13324613065042,16.694938533070534,16.884653091430664,98600,32.65880161208955,32.034986086352596,32.59665853384913,36.742819621447985,43.443371461494,3.95,22.0,1.09,-0.3
LCII,2011-05-23,16.551015188664334,16.786524111570902,16.387467602816784,16.465970993041992,63500,31.593027767547312,31.70482595471395,32.85704623141662,36.645277610090986,43.51870491124225,3.89,27.0,0.87,-0.37
LCII,2011-05-24,16.518311886955097,16.583731193487036,16.204300712925182,16.295886993408203,72900,31.786073738258985,31.684692329707996,32.90393159414556,36.59715281443359,43.53075677771551,3.83,28.0,0.7,-0.39
LCII,2011-05-25,16.223923280382916,16.760360517992293,16.223923280382916,16.583728790283203,33300,31.437517752861243,31.69703566840499,32.54656627362498,36.645455354953,43.54328760037532,3.77,22.0,0.51,-0.33
LCII,2011-05-26,16.51177161795986,16.59681709998343,16.25663766742839,16.459436416625977,82100,31.358120228433844,31.670853095725608,32.11532726437938,36.65552496307864,43.284786979602536,3.72,17.0,0.34,-0.28
LCII,2011-05-27,16.551020059331627,16.917367657833363,16.531395141826856,16.708026885986328,32700,31.48309373292622,31.159164537309724,31.270249381700992,36.687558175754205,43.08318938751786,3.66,5.0,0.2,-0.31
LCII,2011-05-31,16.90428353241047,17.277171937898,16.714567678239245,17.2706298828125,101000,32.49088577751052,31.820812281956535,31.620546860054883,36.307325360180485,42.52943074141536,3.6,8.0,0.22,-0.36
LCII,2011-06-01,17.21175228167998,17.51922262554301,16.708026528125632,16.72110939025879,100900,33.826009670236324,32.32561676559639,32.06144669707662,35.10814103916702,42.27616015435807,3.53,18.0,0.06,-0.43
LCII,2011-06-02,16.77344490828544,16.91082556939504,16.49214277875716,16.53793716430664,46200,34.11586087472639,31.99512278287866,32.01150864042374,34.98386758082827,42.24864697465007,3.46,18.0,-0.06,-0.42
LCII,2011-06-03,16.230465950866503,16.694941854570402,15.851035510888508,16.106170654296875,130100,35.28343547464081,32.46813261013916,32.308652941212124,35.08435562340937,41.477848156890865,3.37,23.0,-0.12,-0.48
LCII,2011-06-06,16.132340455055793,16.387474395445206,15.96879280141754,16.034212112426758,87200,35.060638745932025,32.262149070920984,32.24490085070445,35.08245166903641,41.21821382213914,3.3,23.0,-0.15,-0.47
LCII,2011-06-07,16.184676886996,16.39401769995403,16.1192575710042,16.14542579650879,64700,35.02963115756617,32.02233300126535,32.03262435639597,35.052385685822095,41.192073126498016,3.23,19.0,-0.22,-0.42
LCII,2011-06-08,16.034206643784817,16.276256389864752,16.001496375551618,16.073457717895508,60200,34.65522116217557,31.999744802942274,31.901445999260503,34.967700180616355,41.19259513691608,3.15,16.0,-0.25,-0.38
LCII,2011-06-09,16.145425108669823,16.26317962288447,16.014586482260302,16.0865478515625,66100,34.009954714818896,31.97051510779684,31.75663436309515,34.87831142237151,41.188972462394894,3.06,11.0,-0.3,-0.35
LCII,2011-06-10,16.008045757624586,16.178135486996254,15.517402739434303,15.563197135925293,133000,35.41832650266801,32.7084886262088,32.19153823345785,35.10030536978428,41.301173017030706,2.97,25.0,-0.29,-0.41
LCII,2011-06-13,15.628605818943699,15.818321604280785,15.478142349877785,15.530477523803711,83800,34.87479644316555,32.713125255002616,31.804296240621316,34.96528600411527,41.298560165140884,2.88,13.0,-0.25,-0.34
LCII,2011-06-14,15.739822039557474,16.256633099303723,15.739822039557474,16.060375213623047,78200,33.766586380231125,33.19692321483588,32.18704667683176,35.16659093745496,41.3577700322295,2.79,26.0,-0.27,-0.39
LCII,2011-06-15,15.837956641359519,16.060381584704366,15.75291239726638,15.818331718444824,97000,33.124869682583444,32.25192686068505,32.287831865850684,35.18404788614878,41.32554237495322,2.74,30.0,-0.25,-0.43
LCII,2011-06-16,15.792157116736423,15.864118465764198,15.000587268507951,15.229554176330566,139800,34.699671453542976,33.108886610857624,32.55401379452849,34.968728224745554,41.506473963726656,2.67,37.0,-0.24,-0.43
LCII,2011-06-17,15.366935155241109,15.700572469960086,14.961337731851332,15.046381950378418,216900,34.776646717042844,33.05219127976891,32.575823746902856,34.91536770115158,41.519578524874305,2.61,38.0,-0.25,-0.43
LCII,2011-06-20,14.974423504573586,15.550111972455062,14.974423504573586,15.347311973571777,147000,34.594251579503236,33.191484679395735,32.3741406015539,34.98320764194507,41.55778987262935,2.55,33.0,-0.24,-0.41
LCII,2011-06-21,15.465066409723482,15.746368586011046,15.28189382815549,15.65478229522705,51800,34.208509263586116,33.383163061639564,32.526917119839894,34.9204023784253,41.55798074549067,2.49,36.0,-0.24,-0.45
LCII,2011-06-22,15.56318829051584,15.635148377134827,15.27534420073286,15.28842830657959,46000,34.39377799441263,33.74830265503792,32.28614620188583,34.39718842814537,41.21255133177939,2.42,30.0,-0.24,-0.43
LCII,2011-06-23,15.046384527328167,15.41927298771012,14.909005093616756,15.373479843139648,144600,34.41618213865981,33.73031072593376,32.194477950209254,34.380863483254345,41.20967249155878,2.35,28.0,-0.23,-0.41
LCII,2011-06-24,15.399647549278164,15.497775891166576,15.164138530530325,15.223015785217285,91000,31.646227922199454,32.09755019289361,31.92429686244209,34.33241031255415,40.814450193469185,2.27,19.0,-0.21,-0.36
LCII,2011-06-27,15.26226067219687,15.47814343575784,15.16413237017262,15.438892364501953,60200,32.06695068917655,32.21062459378406,31.707004381840648,34.2113328725175,40.76780302113736,2.17,11.0,-0.21,-0.32
LCII,2011-06-28,15.504323984162024,15.707122802734375,15.399653545687906,15.707122802734375,62700,32.2310168161128,31.61850624065413,31.6857501572507,34.21778470794419,39.76127573093281,2.09,11.0,-0.22,-0.31
LCII,2011-06-29,15.713656408423198,15.988416473561392,15.667863272195063,15.909913063049316,62800,32.510127943453206,31.70888984231558,31.59821960513618,34.244551555040736,39.742535324669255,2.07,8.0,-0.23,-0.28
LCII,2011-06-30,15.92954474505908,16.230471886085724,15.890293650092518,16.171594619750977,84100,32.8945616389973,31.868498976432726,31.677957881825712,34.17920475947312,39.71305555063269,2.04,12.0,-0.27,-0.3
LCII,2011-07-01,16.14542887073091,16.59682086447644,16.119260640243674,16.42673110961914,67800,31.27981283297072,31.937375850631568,31.757026759839025,34.185765165128394,39.57808866584248,2.02,16.0,-0.34,-0.32
LCII,2011-07-05,16.387473555113626,16.452892862768213,15.851037478331135,16.13888168334961,81500,31.345615883311297,31.99971681591178,31.884535907611504,34.068555193766805,39.18901001981238,1.99,23.0,-0.37,-0.36
LCII,2011-07-06,16.158504586468386,16.49214061736075,16.086543237805312,16.387470245361328,88500,30.885432785192968,31.152948981265716,31.96827127159898,34.03827509579047,38.90109171608332,1.96,27.0,-0.42,-0.38
LCII,2011-07-07,16.56410872451992,16.910830253093277,16.479064480484066,16.629528045654297,56100,31.017749768342135,31.235930711232974,31.82089388462483,33.97261236822148,38.90622498453738,1.93,20.0,-0.5,-0.35
LCII,2011-07-08,16.34822401839374,16.524855791463654,16.099632123079125,16.433269500732422,63100,30.800280434659822,31.136271904476544,31.75649974863016,33.986092039300594,38.57315441393322,1.9,15.0,-0.55,-0.34
LCII,2011-07-11,16.19776030967971,16.596816997236093,15.981877449542731,16.0865478515625,137200,31.336459899840136,31.418414746895447,31.924648264558147,33.9985861537384,38.50435406289163,1.86,28.0,-0.57,-0.38
LCII,2011-07-12,16.01458401923319,16.25663506653271,15.74636599933799,15.765992164611816,101100,31.455021781857333,31.746523758869273,31.90305992407259,33.797616107668425,38.284808011252615,1.83,27.0,-0.57,-0.39
LCII,2011-07-13,15.92954271963643,16.158509698739802,15.576279166545003,15.667866706848145,139800,29.661013445321498,31.7622616295474,31.91200043574155,33.77720994824056,38.28714403793305,1.79,28.0,-0.57,-0.39
LCII,2011-07-14,15.661323213049192,15.700574299422277,15.059467814993889,15.308059692382812,82700,28.9951153443193,31.98480306081602,32.1229045604031,33.74941896687636,38.31571831725787,1.75,39.0,-0.58,-0.44
LCII,2011-07-15,15.353853674993902,15.432357099807284,15.223016297331073,15.373479843139648,88200,28.963646943502603,31.92078414396017,31.5950724320064,33.745140455247714,37.88831829627596,1.72,8.0,-0.56,-0.38
LCII,2011-07-18,15.236094583261854,15.366931910893486,14.843580104828698,14.935166358947754,110400,29.149967081892704,32.476602968609576,31.41531939506138,33.899046420663126,38.006872174667684,1.68,7.0,-0.54,-0.38
LCII,2011-07-19,15.118346685859205,15.563196538244437,15.118346685859205,15.537028312683105,82000,31.579112199465044,33.23753907419814,31.957398395803736,34.18315328069369,37.94080774609655,1.64,33.0,-0.5,-0.41
LCII,2011-07-20,15.537020973485836,15.576272045517195,15.321138205659745,15.451976776123047,22200,31.51187990416915,33.253468621097646,31.4431884267953,32.92809551209884,37.747636422874656,1.59,8.0,-0.5,-0.35
LCII,2011-07-21,15.563192400729836,15.994958025548405,15.510855963520951,15.92953872680664,63800,32.819515339442795,33.53407059564338,31.751827490847123,33.08235815703016,37.69344116993053,1.56,18.0,-0.49,-0.4
LCII,2011-07-22,15.877206094327908,15.877206094327908,15.582819826464902,15.648239135742188,36500,33.20649114590476,33.38751191017154,31.80277184804344,33.15582015036768,37.463404446417734,1.53,23.0,-0.46,-0.42
LCII,2011-07-25,15.380020070975485,15.576276738025634,15.111802043714537,15.137969017028809,57600,33.21305165663034,34.055501415687786,32.18546197660897,32.88810545251384,37.443506552031394,1.49,46.0,-0.46,-0.46
LCII,2011-07-26,15.144510320744232,15.203387567491347,14.503403909241623,14.542654991149902,79100,35.10420427336887,34.71953753340734,32.39799988864973,33.16759584421071,37.470660304452856,1.45,57.0,-0.52,-0.44
LCII,2011-07-27,14.457612748086808,14.457612748086808,13.881924311837707,13.980053901672363,91800,35.02179576203026,34.52937950920697,32.97406692602866,33.44118858156872,37.674091851206484,1.41,73.0,-0.52,-0.49
LCII,2011-07-28,13.960426833063137,14.48377878880976,13.8819234158164,13.940800666809082,93200,34.8808729221194,33.94630369491605,32.85989721380503,33.23517741176201,37.664854840831666,1.36,71.0,-0.52,-0.46
LCII,2011-07-29,13.692202092234394,13.980046150770702,13.594073804574183,13.93425178527832,134900,33.39195286637912,33.83765159893146,32.561767496293406,32.906409639516994,37.651203579709566,1.32,64.0,-0.54,-0.4
LCII,2011-08-01,13.934258009574478,13.934258009574478,12.547374762860272,13.083810806274414,175600,37.59277744646653,36.03541132247957,34.00541365753344,33.74169351438631,37.9390749912114,1.27,89.0,-0.16,-0.13
LCII,2011-08-02,12.998764728636669,13.129602069352249,12.534288862507832,12.652043342590332,167700,37.7563444574256,36.171786836344396,34.28586561969691,33.862172457959595,38.08529221999876,1.24,90.0,0.41,-0.19
LCII,2011-08-03,12.612794616353813,12.972598930105782,12.285699331935847,12.671671867370605,222300,37.015304747631845,35.651500941212134,34.181001640347915,33.85948833998729,38.085652349554714,1.2,90.0,0.67,-0.15
LCII,2011-08-04,12.475413169571247,12.475413169571247,12.004396438598633,12.004396438598633,150900,39.188866318227205,36.82813480901982,35.1309852006635,34.44211233674327,38.40331569465811,1.18,92.0,1.31,-0.16
LCII,2011-08-05,12.181030361991203,12.717466491383375,11.624968064047016,12.213739395141602,186800,39.687708309528894,37.108368863591515,35.264678458398876,34.50205244179068,38.40144566781831,1.16,94.0,1.39,-0.18
LCII,2011-08-08,11.539920561835231,12.23990423001525,11.44179223178774,11.500669479370117,278500,42.5060043610534,37.41946337035089,36.44683666480678,35.04089334392977,38.82922208469103,1.18,100.0,1.84,-0.15
LCII,2011-08-09,11.795056909165957,12.756716637237604,11.559547895038394,12.724007606506348,283600,52.885385243915316,43.439101664329144,39.99490133411332,37.016268787404485,39.97482681277306,1.37,100.0,1.54,1.84
LCII,2011-08-10,12.272615282382079,12.46887195490514,12.03710627713881,12.266073226928711,331800,53.09476707346646,43.83347474264236,40.23833015144415,37.261482681175586,39.754910599258515,1.55,100.0,1.31,1.78
LCII,2011-08-11,12.298781395191785,13.142687773038464,12.298781395191785,12.874469757080078,156600,55.27833401497685,45.185104444189314,40.446531395756175,37.67074497260246,40.02914294809653,1.71,100.0,1.04,1.75
LCII,2011-08-12,13.011846867901065,13.109976427709077,12.449243963252838,12.691293716430664,143300,54.864473069492824,45.23230275095027,40.472272252022016,37.12822715841566,40.002494466521604,1.86,100.0,0.8,1.74
LCII,2011-08-15,12.867929963295401,13.024935567463011,12.540834642670474,12.84830379486084,41600,54.746758273069716,44.53301924470846,40.4807630459072,37.122980979366254,39.98885942930816,1.99,100.0,0.58,1.72
LCII,2011-08-16,12.612794814822545,12.730548070939552,12.344576777200825,12.370743751525879,162700,55.36053138403609,44.989440393353206,40.83829534667229,37.359564726747976,40.07653480564686,2.13,100.0,0.4,1.61
LCII,2011-08-17,12.46887083202147,12.527748078030099,12.115608603739076,12.259530067443848,98500,54.8853604137084,44.8055935183122,40.83846155329766,37.16293354612815,40.08434210033008,2.27,100.0,0.24,1.61
LCII,2011-08-18,11.788510680102164,12.037102469854142,11.703465233877392,11.86047077178955,222500,54.79039853971223,45.164211832208416,41.13141792199059,37.11884607100771,39.9410490296515,2.41,100.0,0.14,1.52
LCII,2011-08-19,11.638048617718983,12.004394917614096,11.631506563535414,11.6445894241333,189200,54.82899507592814,44.98865544443766,41.175198958097766,36.8321307378955,39.917524752006685,2.55,100.0,0.06,1.52
LCII,2011-08-22,11.997856400025313,12.02402337670355,11.559548622680694,11.768889427185059,101200,55.11158814368814,45.11402290254802,40.49937756507588,36.82203446049267,39.90913937742651,2.65,96.0,-0.03,1.65
LCII,2011-08-23,11.81468114841467,12.233363954737646,11.742721035394203,12.226821899414062,112600,56.783880360143826,45.81051318374983,40.994213450348745,37.08710966015695,40.08204038441042,2.76,98.0,-0.16,1.47
LCII,2011-08-24,12.233364328837952,12.553917562879288,12.017481487635846,12.370743751525879,118500,57.082555555853475,45.25216141208001,40.632718686256794,37.111287557753634,39.860225792932546,2.86,95.0,-0.3,1.61
LCII,2011-08-25,12.53429148824623,12.573542573906469,11.91280993440646,12.135234832763672,70400,57.00056246063647,44.99985671507833,40.71115782732169,37.12365671274427,39.83448728410675,2.96,95.0,-0.42,1.59
LCII,2011-08-26,12.024022711642319,12.52120771872517,11.945520538180029,12.48849868774414,46800,57.88072023358378,45.51894553510106,41.00394262870133,37.27595886862474,39.742500673085566,3.05,98.0,-0.54,1.46
LCII,2011-08-29,12.6716724664072,13.410907295119582,12.606253156877099,13.391281127929688,74800,61.574485783769816,47.77072751730209,42.5076088671127,38.13199606184296,39.75965114616552,3.18,100.0,-0.61,1.34
LCII,2011-08-30,13.31277426455236,13.33894123048392,12.907175686575767,13.031472206115723,103200,60.54051752078025,48.026249294473736,42.65152169045089,38.26183923775719,39.83116915390039,3.31,100.0,-0.7,1.3
LCII,2011-08-31,13.129606126374185,13.31277995729945,12.854846003871108,13.024935722351074,64100,60.560439733769556,47.981901804056285,42.28103848407611,38.25401391356695,39.50684218307333,3.42,98.0,-0.77,1.39
LCII,2011-09-01,13.05110173934181,13.332402622709255,12.455788449257952,12.547374725341797,82900,60.23197073715446,48.478675383934586,42.66802852892154,38.412181476366605,39.68437756052454,3.53,100.0,-0.85,1.29
LCII,2011-09-02,12.200651775075015,12.279155178943654,12.10252345606617,12.128691673278809,118600,60.64114648201172,48.84909877778343,42.91494100723438,38.55811560345818,39.66021821041791,3.64,100.0,-0.92,1.23
LCII,2011-09-06,11.7754289814708,12.59316710518405,11.657674492012996,12.514663696289062,113600,61.23929339184042,49.03437660774621,43.212651967487396,38.67471622653457,39.743363120158094,3.76,100.0,-0.98,1.11
LCII,2011-09-07,12.710923761530402,13.12306329712265,12.638962395089864,13.103438377380371,95500,62.18913113144999,50.077268180201884,43.85437158224813,39.04665699829863,40.00688384150771,3.88,100.0,-1.02,0.93
LCII,2011-09-08,12.966054358571721,13.201563316937461,12.691294323068105,12.717462539672852,83700,61.76895453610363,49.79577462489353,44.07368684794556,39.085374539853305,40.11761693262056,4.01,100.0,-1.08,0.89
LCII,2011-09-09,12.527747875275848,12.566998956056551,12.122150462413403,12.292240142822266,81600,62.412261513268355,50.12645284653347,44.326388525613666,39.211744315169774,40.25817059809719,4.13,100.0,-1.13,0.83
LCII,2011-09-12,12.069816684055462,12.442705114516416,12.069816684055462,12.370743751525879,72200,62.479128427315764,49.6734043212009,44.29572176778459,39.178720010712034,39.867647957127204,4.24,99.0,-1.18,0.85
LCII,2011-09-13,12.396910414154597,12.47541257502411,12.18102760010941,12.455787658691406,80500,59.976070550566696,49.684524766406966,44.288686150557105,39.12607529297267,38.989362671213414,4.34,98.0,-1.23,0.85
LCII,2011-09-14,12.593166701581008,12.979139183425037,12.22682038327406,12.77634048461914,82800,59.683452489427644,49.808287296828965,44.37664880759557,39.190303327419976,38.982039259843084,4.44,100.0,-1.29,0.82
LCII,2011-09-15,12.966055749440688,13.227731704711914,12.861385367332199,13.227731704711914,60700,60.51111250395769,50.19239763729105,44.74391736108081,39.417882051730054,39.10184502118289,4.54,100.0,-1.32,0.7
LCII,2011-09-16,13.29315111958413,13.33240220126941,12.939888888877817,13.064184188842773,115300,58.35548994129181,50.04540558117044,44.631264199399155,39.44098025875791,39.11905325953538,4.62,99.0,-1.36,0.75
LCII,2011-09-19,12.809053239690225,13.024936110390692,12.625879403307836,12.900639533996582,48100,58.35444230731288,50.057070888181784,44.4704716372641,39.27196989758826,39.11312665668399,4.7,98.0,-1.4,0.83
LCII,2011-09-20,12.96605742856453,13.096896047028629,12.684755272305395,12.724007606506348,78400,55.555122703199046,50.086913873678206,44.49014656782587,39.06941336550197,39.08715682527747,4.76,98.0,-1.45,0.84
LCII,2011-09-21,12.691295549981643,12.854843176264316,12.194110616349988,12.2529878616333,78700,48.45161670447265,50.456588817975565,44.69625412799878,38.9312199253843,39.206395351138944,4.83,99.0,-1.48,0.83
LCII,2011-09-22,11.762344833651055,12.6062511734991,11.75580277895037,12.455787658691406,226300,47.514958477716,50.44242700331664,44.312611275377435,38.94921174073986,39.22468456654073,4.89,93.0,-1.52,0.87
LCII,2011-09-23,12.455785700317069,12.841756884817917,12.377282304020987,12.481952667236328,97800,45.302567216429836,50.33858295636152,44.03853522993677,38.940582232722534,39.12901317568456,4.95,89.0,-1.55,0.97
LCII,2011-09-26,12.645500744184018,12.848299424615645,12.357656610566442,12.795964241027832,81800,45.724207876344295,50.51602094509511,44.19834128988251,39.022335573429594,39.20096002675943,5.01,90.0,-1.58,0.9
LCII,2011-09-27,13.083809351338907,13.718373655681898,13.018390055028354,13.201563835144043,101800,46.47847620331449,50.8724496274326,44.48118721366949,39.20362110310622,39.30422520485105,5.06,96.0,-1.6,0.8
LCII,2011-09-28,13.201564212410231,13.2342732376156,12.351115831608034,12.377284049987793,136500,48.978673509647,52.30752245666564,45.40889951579349,39.8995177523731,39.48901885497218,5.13,100.0,-1.62,0.78
LCII,2011-09-29,12.684755779703073,13.332404346690652,12.678213723741228,13.312779426574707,126000,53.23030019242171,54.518248576928066,46.74248566177715,40.732384786460855,40.10896497099978,5.23,100.0,-1.62,0.76
LCII,2011-09-30,13.03147626332534,13.646415751285621,13.03147626332534,13.070727348327637,114800,52.53467185370304,54.469212813959025,46.72028152296505,40.734006305989695,40.14831827778173,5.31,99.0,-1.62,0.79
LCII,2011-10-03,12.979139664061885,13.410905295712041,12.377284352099643,12.390368461608887,118400,54.727156402348285,55.38445123750947,47.41096489313287,41.136192557520005,40.42892729667392,5.41,100.0,-1.62,0.69
LCII,2011-10-04,12.331489855255509,14.280977037222776,12.331489855255509,14.104345321655273,129100,66.03192457105843,61.72084435360331,51.352283130722675,43.93930072723259,42.068342862627446,5.59,100.0,-1.61,2.39
LCII,2011-10-05,14.084721362486441,14.32022908477824,13.816503367814317,14.006217956542969,64700,65.41618248857513,61.616380749865385,51.35805671782069,43.79730187524579,42.06376507773123,5.76,100.0,-1.6,2.39
LCII,2011-10-06,14.006217607742192,14.601530824776464,13.895005179957257,14.326770782470703,121000,65.59669554461776,61.814688302874075,51.430561909174536,43.859746676208204,42.083601014926884,5.93,100.0,-1.58,2.31
LCII,2011-10-07,14.35948078688108,14.431440887448334,13.666038015820257,13.783792495727539,62300,66.4526764647401,62.12591968577718,51.76642699395825,44.094919922734995,42.16906952185943,6.08,100.0,-1.56,2.23
LCII,2011-10-10,14.078181551954051,14.470696148696318,14.00622018901661,14.457612037658691,79600,67.28489843826546,62.93880489604064,52.3589151616744,44.32906911633393,42.41092129044458,6.25,100.0,-1.54,1.99
LCII,2011-10-11,14.2744397304293,14.725831626631104,14.195937551471374,14.581910133361816,55600,64.43129387060176,62.697409404920045,52.01695695514462,44.326306672615715,42.41816015246368,6.39,99.0,-1.54,2.14
LCII,2011-10-12,14.660411869265156,14.88937883855046,14.542657356617307,14.732373237609863,70500,63.82404002400328,62.18677072547033,51.99831277135642,44.19755742642981,42.360802238113536,6.53,98.0,-1.53,2.11
LCII,2011-10-13,14.601530437993212,14.987502897859796,14.601530437993212,14.882832527160645,33900,63.832207175568456,62.21999613872513,51.88965196151214,44.21340416215884,42.3484357484146,6.66,97.0,-1.51,2.11
LCII,2011-10-14,15.0594593943125,15.105252510770239,14.39218506023699,14.52302360534668,116500,63.2053428784476,62.066554741900426,52.002516316720296,44.12267356491624,42.317570282804304,6.78,98.0,-1.49,2.09
LCII,2011-10-17,14.392194935265383,14.392194935265383,14.058557539306413,14.130518913269043,117900,62.88400819555239,62.20478192584942,52.080892261121214,44.19518165872346,42.36352165436883,6.89,99.0,-1.46,2.11
LCII,2011-10-18,14.163221810819815,14.751992917124472,13.966965191307981,14.61461353302002,130200,62.97313713307986,62.26944540572587,52.371630014198786,44.255829700366064,42.441043075626695,7.0,100.0,-1.44,1.97
LCII,2011-10-19,14.568824637318833,14.863209652107251,14.346399738446063,14.464154243469238,47300,61.90867514325794,61.75895492583153,52.32682681410022,44.15421273133306,42.43984140866341,7.1,98.0,-1.42,2.01
LCII,2011-10-20,14.477234794331322,14.516487121582031,13.908089774658537,14.516487121582031,29200,61.10405922419624,61.21478246517687,52.03962037859841,44.1045967854237,42.392270885700775,7.18,96.0,-1.46,2.14
LCII,2011-10-21,14.73237154488251,14.987505461125279,14.594990879988318,14.967879295349121,51200,60.44048309291685,61.51726385298677,52.05703101226283,44.19993711298346,42.32766980058288,7.26,96.0,-1.47,2.07
LCII,2011-10-24,15.046384365231573,15.674406765894442,14.967880941263918,15.63515567779541,57100,61.3866265490357,62.127047338359795,52.51275362787656,44.49161509984882,42.5311338794933,7.34,100.0,-1.48,1.87
LCII,2011-10-25,15.445438033858656,15.61552771281541,15.124884840052626,15.360392570495605,85300,61.831644598695604,60.7859747456855,52.42143209201217,44.53749058771558,42.488121895048856,7.42,99.0,-1.47,1.89
LCII,2011-10-26,15.68749201436511,15.818330647866894,15.12488888495468,15.71366024017334,57900,61.76729043710111,60.446737721162094,52.5464088343507,44.615252817886756,42.54158617899172,7.49,100.0,-1.47,1.82
LCII,2011-10-27,16.35476331962101,17.028580017586386,16.289344016788643,16.930450439453125,139700,64.35395106802171,62.16886228486532,53.8612525384643,45.47397377513093,43.161033141173164,7.58,100.0,-1.43,1.54
LCII,2011-10-28,16.786522899548363,17.08745108462011,16.426718735770002,16.52484703063965,96600,64.77309648621086,61.25474865565634,53.99881699094038,45.47998533098974,43.22130993683619,7.66,100.0,-1.42,1.51
LCII,2011-10-31,16.282802617324847,16.36784808876195,15.66786439014175,15.720199584960938,88000,66.67136039953063,62.23483871454549,54.58337640885935,45.82198259637192,42.824419428344534,7.74,100.0,-1.42,1.42
LCII,2011-11-01,15.059466360795284,15.602444452974186,15.007131168095007,15.523941040039062,105800,66.63981066467252,60.88216317342826,54.36589731529875,45.835824878986124,42.831448772358016,7.81,99.0,-1.41,1.46
LCII,2011-11-02,15.537017195609717,15.602436464934462,14.62769322007899,14.987497329711914,173200,66.49608133100557,58.03444234651529,54.65068625633298,45.949891392441906,42.97996377094321,7.88,100.0,-1.4,1.41
LCII,2011-11-03,15.16413645328157,15.16413645328157,14.614616316658623,14.948253631591797,115700,66.48365956662894,57.46434295967774,54.38043026697596,45.947752319493915,42.690978012573154,7.94,98.0,-1.39,1.52
LCII,2011-11-04,14.797791888409462,15.124887187688659,14.758539554101887,15.01367473602295,51600,66.475103603875,56.69119811846477,54.33657845741501,45.95049613122967,42.65017384033553,8.0,96.0,-1.37,1.52
LCII,2011-11-07,14.954793228520769,15.020211271553164,14.464150419162678,14.994044303894043,107300,66.26797738773213,56.58819394306144,54.0047695919465,45.746348870575176,42.61284642083159,8.05,95.0,-1.36,1.58
LCII,2011-11-08,15.079092734295664,15.38656311289852,14.797791826224092,15.308059692382812,99900,65.9807638909233,56.67506322615174,54.071333756362705,45.613377811602724,42.54200472991741,8.09,95.0,-1.37,1.52
LCII,2011-11-09,14.994052154887475,15.013678326735112,14.470700049982264,14.490324974060059,83300,65.15882768007046,57.3022550302603,54.677946764217786,46.048739135673955,42.7255246359472,8.13,100.0,-1.35,1.46
LCII,2011-11-10,14.712744402649207,15.092174848086644,14.627700185468996,14.909002304077148,51500,62.367259243988414,57.491480745462276,54.777262205047435,45.968093634962685,42.8077863944377,8.17,100.0,-1.33,1.42
LCII,2011-11-11,15.026753994836097,15.445436725956585,15.000587026011265,15.38655948638916,61100,62.5049833526277,57.27111840526009,54.88328372836258,46.09985970246016,42.84854386764484,8.2,100.0,-1.34,1.34
LCII,2011-11-14,15.373475571984383,15.393101734677467,14.980961052507524,15.1575927734375,62200,60.31141017374592,57.21809140552345,54.92788627913215,46.104576316559566,42.87589505764869,8.23,100.0,-1.33,1.35
LCII,2011-11-15,15.09217802062978,15.432357456398867,14.843586123887532,15.347311973571777,44600,47.84606530751394,57.22776662739003,54.94163077358621,46.10383565979523,42.8804288219469,8.24,100.0,-1.33,1.33
LCII,2011-11-16,15.196840150221359,15.340762812716473,14.666946364243865,14.693113327026367,70900,49.637957994890854,57.619161364093884,55.3283918939447,46.23464595911989,43.10926228785294,8.25,100.0,-1.32,1.28
LCII,2011-11-17,14.653870089063444,14.850128029760272,13.895009046349472,14.065098762512207,117300,50.90087562513159,58.37743472731671,55.675585153252115,46.51672133903261,43.23496635766272,8.26,100.0,-1.28,1.25
LCII,2011-11-18,14.058558701326755,14.503408599374772,14.03239172084912,14.339860916137695,110000,49.90150918138456,58.309728632716876,55.72669983886269,46.528015045975664,43.26048001759643,8.27,100.0,-1.25,1.23
LCII,2011-11-21,14.09126891574011,14.156686990489971,13.868843967835167,13.895010948181152,59500,48.769664064607596,58.47222327554966,55.86463153685378,46.561894412154345,43.37275808476253,8.26,100.0,-1.21,1.23
LCII,2011-11-22,13.895009609580491,13.96697098219656,13.639875648879404,13.679126739501953,70500,48.84824197521583,56.82597273317612,55.84078169341418,46.593873750954366,43.382652176061825,8.25,99.0,-1.18,1.27
LCII,2011-11-23,13.541745996735346,13.60062325089442,13.253901781709818,13.266985893249512,72800,49.37971855714503,56.899682248995944,55.97155076799507,46.68454491489352,43.137105344772344,8.24,100.0,-1.14,1.25
LCII,2011-11-25,13.227730093910544,13.44361288669144,13.024931409242242,13.044557571411133,47100,49.352554182908634,57.00877022347648,55.952375639736694,46.67399541121359,43.14885382411061,8.23,99.0,-1.12,1.28
LCII,2011-11-28,13.55482895754124,13.816506199130215,13.423991584516314,13.73800277709961,104100,51.557236135898464,57.43811905227155,56.54595185541391,47.073110335257674,43.43703345839518,8.21,100.0,-1.12,1.12
LCII,2011-11-29,13.744539590074785,13.895003073155602,13.46323753610773,13.620243072509766,62300,51.03316848024947,57.0033618999489,56.53368969694005,47.07897012622109,43.31311829323071,8.18,99.0,-1.11,1.13
LCII,2011-11-30,14.22209840041911,14.555735636654493,13.999673576262188,14.195931434631348,279600,51.538142852490296,57.261952293647255,56.86036540694997,47.337227685635256,43.36119808593127,8.15,100.0,-1.08,1.0
LCII,2011-12-01,14.137061859807735,14.46415721983831,14.032391444419535,14.156686782836914,70600,51.46503875429743,56.53353167722879,56.780381783057464,47.338029607336466,43.159874321234284,8.11,99.0,-1.04,1.0
LCII,2011-12-02,14.352937647240227,14.725825973567215,14.248267283631568,14.379104614257812,63900,51.669231281666015,56.22951874307019,56.83555944234682,47.32032780934518,43.169110440765216,8.07,99.0,-1.0,0.97
LCII,2011-12-05,14.64732557222201,14.935169754891936,14.457610967299829,14.621158599853516,52200,51.09907697347765,55.7993683995189,56.788857532036275,47.103198368012606,43.184576488638385,8.02,98.0,-0.97,0.95
LCII,2011-12-06,14.588449648427671,14.699662098566302,14.444528167918074,14.49686336517334,72400,49.36786686114306,55.843307439973636,56.79811452036119,47.09850840213576,43.19203989095944,7.95,98.0,-0.94,0.95
LCII,2011-12-07,14.411817997859513,15.020214149926392,14.267895280961808,14.895918846130371,45700,49.87752409998424,56.06324561961955,56.783573920503486,47.17765729117658,43.246168491704864,7.87,96.0,-0.94,0.91
LCII,2011-12-08,14.73891289623009,14.73891289623009,14.405275580586228,14.542654991149902,65000,49.78208369703124,56.133434123380034,56.55258855046882,47.23364903325476,43.30978439750838,7.79,94.0,-0.9,1.02
LCII,2011-12-09,14.601531565333776,15.164135787105632,14.601531565333776,15.059465408325195,70400,45.59049457138633,56.138409621680744,56.827932580257745,47.40533902439872,43.41211999927152,7.7,98.0,-0.89,0.92
LCII,2011-12-12,14.882833329516957,14.922084408702913,14.601531225184097,14.876291275024414,57400,45.256412484172984,56.13616865803011,56.64468480112647,47.427236477330915,43.42721724074239,7.59,93.0,-0.88,1.0
LCII,2011-12-13,14.9875039601364,15.209928825579322,14.72582801484159,14.817414283752441,180200,43.06780220628716,56.06704401992807,56.58068510734403,47.420203681767816,43.42524702097411,7.48,92.0,-0.86,1.0
LCII,2011-12-14,14.712746884489487,14.980964938693308,14.529573061811686,14.65386962890625,209000,43.038589234990425,56.03678777887329,56.3650750817672,47.05491347705284,43.38673725522925,7.37,88.0,-0.84,1.04
LCII,2011-12-15,14.830503267104476,15.190307654165812,14.784710117598822,15.092179298400879,87300,42.776498078788784,55.67518021549337,56.196783453996076,47.18235464772531,43.45610499189303,7.24,87.0,-0.86,1.02
LCII,2011-12-16,15.183762782200713,15.811786388640378,15.137969641185535,15.602445602416992,408000,43.819320001530265,55.94856963123816,56.070307575912246,47.16704468903624,43.54094207702403,7.12,86.0,-0.91,0.99
LCII,2011-12-19,15.70057487487793,15.903373617636287,15.569736251812781,15.70057487487793,130400,43.83387760712401,55.949828219287426,56.072721734390484,47.17002737785268,43.53184298008745,6.99,86.0,-0.96,0.98
LCII,2011-12-20,16.02766784843362,16.138880287496793,15.857578162350567,16.02112579345703,194500,44.156962320108484,55.883466109842026,56.153198636690064,47.229465607137044,43.512075431671185,6.84,86.0,-1.0,0.94
LCII,2011-12-21,15.96224783874525,16.34167827617929,15.83141048832244,16.269718170166016,164100,43.98945943585165,55.64509813321965,55.23710839631224,47.244566627817285,43.50162470594314,6.7,76.0,-1.01,1.03
LCII,2011-12-22,16.29588827164065,16.518313182634323,16.15850884014022,16.210844039916992,59900,40.60310460990076,53.83919946047606,54.94779606002355,47.21182806585512,43.46982677675799,6.56,75.0,-1.03,1.08
LCII,2011-12-23,16.282806908754484,16.518315971395367,16.16505237743404,16.505231857299805,46700,40.15908875044517,52.00651487089851,55.0027224270026,47.05269883751909,43.471099956486,6.4,75.0,-1.01,1.05
LCII,2011-12-27,16.505231857299805,16.518315971395367,16.26318198538094,16.505231857299805,33600,39.26917487679457,51.811596354065934,54.24745168433254,47.049425843994555,43.42463512099186,6.25,63.0,-1.0,1.16
LCII,2011-12-28,16.51830825695656,16.51830825695656,15.909910961116669,15.942621231079102,48900,40.42197237360316,51.06151376694108,54.53009277529263,47.19288179902387,43.56506105266569,6.1,66.0,-1.02,1.13
LCII,2011-12-29,16.021129366804082,16.394017849252638,16.00150319749691,16.322057723999023,86300,40.80403272354167,44.09047399012446,53.68768266677751,47.25465410717401,43.627586776179136,5.96,57.0,-1.05,1.2
LCII,2011-12-30,16.2566373249735,16.51831332613056,16.04729652404785,16.04729652404785,108400,38.90487410522026,44.229011967771015,51.4499594201138,47.30070928169627,43.52848505035296,5.87,42.0,-1.07,1.23
LCII,2012-01-03,16.35476516461419,16.590274182270893,16.132340258553874,16.223926544189453,78000,36.35443533440642,44.06380065878893,51.08572350677865,47.3088636972427,43.40202034362978,5.79,38.0,-1.08,1.29
LCII,2012-01-04,16.11925200967812,16.269716758878104,15.994956724723627,16.151962280273438,87500,36.17842958002476,43.26450973060598,50.57090748265015,47.2751881245089,43.145325283808106,5.7,37.0,-1.09,1.47
LCII,2012-01-05,15.988418553110824,16.498686420614977,15.857579934496172,16.354764938354492,137700,34.643623662053216,42.28765490394713,50.52597919236016,47.27838325902353,43.143008014749554,5.61,36.0,-1.1,1.46
LCII,2012-01-06,16.32205674400654,16.564106578747044,16.27626235170601,16.420185089111328,153300,34.06736793857077,42.267995351343096,50.50234128427519,47.27164199685121,43.140058695435144,5.52,35.0,-1.1,1.47
LCII,2012-01-09,16.42672737825818,16.42672737825818,16.17813423617747,16.28934669494629,99500,32.54901969852731,42.28079995959666,50.11624019400248,47.23317569426971,43.119247481117704,5.43,34.0,-1.1,1.56
LCII,2012-01-10,16.53793990378801,16.596817161477983,16.361308130718097,16.433269500732422,62400,31.7623547948228,42.270025654991954,50.08944963164615,47.24106061867462,43.12685385938993,5.34,33.0,-1.09,1.55
LCII,2012-01-11,16.354768371523658,16.479064960522784,16.26972412501045,16.308975219726562,70300,29.154290982329872,41.964877222709895,49.78529235584126,47.18449089876338,43.11363286130982,5.25,32.0,-1.1,1.63
LCII,2012-01-12,16.302430188792126,16.439809619122965,16.158508702573688,16.374391555786133,52300,28.843209910742136,41.51850062441294,49.66526837148924,47.09879869984248,43.0458700847327,5.16,31.0,-1.13,1.65
LCII,2012-01-13,16.197756213591546,16.328593559145308,16.132336916930015,16.243549346923828,28300,27.0970501269164,41.05586386313934,49.684543988706565,47.10294962563499,43.01435176530419,5.06,31.0,-1.15,1.66
LCII,2012-01-17,16.380932747340726,16.413641777283264,16.040753345752485,16.13888168334961,51000,27.204063849735753,41.01462811470197,49.38969779072923,47.045059163336674,42.975438106276656,4.96,29.0,-1.15,1.8
LCII,2012-01-18,16.165049066140202,16.374391105477553,16.086546893187045,16.354764938354492,34700,27.129660767343623,41.080508897191564,49.39763331886881,46.78525018587562,42.99081992878103,4.85,29.0,-1.14,1.79
LCII,2012-01-19,16.37439133200877,16.459435561846156,16.001501638129135,16.223926544189453,41900,27.093890086793294,40.691671208541415,49.30255602249291,46.67152337966061,42.88566887809271,4.74,27.0,-1.14,1.81
LCII,2012-01-20,16.197762848241894,16.28280709529774,16.132343524784417,16.171594619750977,48200,26.932750756232487,39.734357091362796,49.13764870262966,46.6388129310812,42.87353108060949,4.63,26.0,-1.13,1.9
LCII,2012-01-23,16.158504433110657,16.40709625230762,16.145420324792596,16.18467140197754,87000,26.000545614093568,39.55105515676454,47.941529801959376,46.629659758829796,42.87315548948929,4.55,25.0,-1.13,2.23
LCII,2012-01-24,16.08654847523849,16.47252106556417,16.08654847523849,16.34168243408203,63900,24.79135525163682,39.332377701491296,47.72814050891669,46.564302414020666,42.789766213198675,4.48,24.0,-1.11,2.28
LCII,2012-01-25,16.256637194133862,16.433268961406878,16.13234062667105,16.38093376159668,96400,22.979455584913232,36.19402533663463,47.72608388821608,46.462313229285265,42.780362226025254,4.4,23.0,-1.08,2.27
LCII,2012-01-26,16.524850954455108,16.94353244412471,16.47251576824641,16.86503028869629,131700,23.74107034808235,36.353835789152015,47.48651178642541,46.5494983317876,42.77395893349497,4.33,22.0,-1.05,2.29
LCII,2012-01-27,16.766903281909745,17.179044028006903,16.766903281909745,17.120166778564453,47300,23.812229346479313,34.92725042270133,47.153047781510715,46.57049900971145,42.79852908705494,4.26,20.0,-1.02,2.37
LCII,2012-01-30,16.891202689322924,17.205213907546188,16.74073913656215,17.02204132080078,57000,23.55055870284206,34.83851289452616,46.96196243534209,46.29018596313707,42.66189444883513,4.21,19.0,-0.99,2.49
LCII,2012-01-31,17.165960134964244,17.192128356278797,16.943535244868414,16.989328384399414,92300,22.446874095291314,33.99868106902827,46.46113245446561,46.28893061271072,42.63312955965047,4.17,16.0,-0.96,2.73
LCII,2012-02-01,17.074373964978065,17.355676107059203,17.002412603672802,17.303340911865234,99400,21.131316347305518,34.14518630126164,46.23260551793296,46.28358014814337,42.58394340822237,4.13,15.0,-0.9,2.78
LCII,2012-02-02,17.316417292773917,17.92481448901812,17.316417292773917,17.741641998291016,91100,22.028114456004797,34.45579181143496,45.97611985935279,46.374263451782326,42.562665318274895,4.1,14.0,-0.84,2.82
LCII,2012-02-03,17.99678444158813,18.12762181936661,17.578102836265618,17.86594581604004,140600,21.513663193471867,34.45563903506469,45.97714311012896,46.37683693370832,42.52500684908524,4.08,14.0,-0.76,2.82
LCII,2012-02-06,17.76781364369846,17.872484022483803,17.40146731794975,17.499595642089844,121900,22.328514235771184,34.587499291634636,46.13669962598749,46.235524178993224,42.534631843241094,4.05,14.0,-0.74,2.77
LCII,2012-02-07,17.460343762435567,17.584639051695543,17.381840358056753,17.408008575439453,96300,22.371644556426297,32.51972082236633,46.02095493479875,46.19957138860896,42.533190583853255,4.02,13.0,-0.72,2.86
LCII,2012-02-08,17.40800896892314,17.85285869232997,17.40800896892314,17.65005874633789,82500,22.149330682916972,32.166789937029876,45.77420845770072,46.129216650160025,42.55075207804042,4.0,10.0,-0.68,3.0
LCII,2012-02-09,17.636981099203492,17.70240042033806,17.388389176215863,17.682775497436523,35700,22.139590659186343,31.60527879438087,45.708586861671414,46.11171793727856,42.54849023186823,3.99,9.0,-0.65,3.01
LCII,2012-02-10,17.499596359335847,17.6369757692088,17.34259078472273,17.36221694946289,56800,20.18432158719202,31.68965466087672,45.76706771988407,46.11988265150279,42.59062471655983,3.96,9.0,-0.63,2.99
LCII,2012-02-13,17.66314920666714,18.978072686229176,17.512685642519532,18.78835678100586,130500,29.403400846343914,35.324024030159926,47.246174526910245,47.04011536915513,43.24067817009629,3.92,20.0,-0.45,2.6
LCII,2012-02-14,18.696766375204646,18.89302304640947,18.53976078868689,18.88648223876953,96700,28.676830351299664,33.943419633915845,46.77271056333359,47.0126148521234,43.20542948472194,3.89,17.0,-0.34,2.75
LCII,2012-02-15,18.84723057856756,19.403292830507844,18.709851153377947,18.775270462036133,95400,28.81076612285235,32.52115304408829,46.760078781934006,46.86005650918509,43.203741707323296,3.85,16.0,-0.28,2.78
LCII,2012-02-16,18.83414796168114,19.71730427293806,18.781811515853633,19.521047592163086,117500,30.298796410104856,33.13773338980692,47.08471516575617,46.91670320728661,43.3201632013979,3.8,18.0,-0.07,2.6
LCII,2012-02-17,19.560297588587268,19.7238452293744,19.350956808022854,19.4163761138916,40100,30.42484887699677,32.32588897498684,46.99617771497824,46.90135210998746,43.323407407416575,3.75,17.0,0.04,2.67
LCII,2012-02-21,19.429457767720237,19.488335010780002,19.036943229911575,19.056568145751953,44100,31.237162686850372,32.41725913334517,46.93315096218964,46.846673001744044,43.366559463110356,3.71,15.0,0.03,2.75
LCII,2012-02-22,18.978064880101936,19.193947676141597,18.736013867442075,18.755640029907227,38400,31.60479233570183,31.853510430386695,45.75684871780546,46.8848176925767,43.23655326746144,3.7,2.0,-0.06,2.98
LCII,2012-02-23,18.84723145059652,18.92573487417247,18.703309963105138,18.899566650390625,70200,31.593575785490863,31.50239338204097,44.4157666027298,46.886226329698644,43.08504754112126,3.74,1.0,-0.1,3.46
LCII,2012-02-24,18.840685906383502,19.115445966374356,18.68368033607006,18.71639060974121,41000,31.67196621879644,30.19363121930081,44.3288796716082,46.898830939093614,43.079228057236236,3.78,1.0,-0.17,3.49
LCII,2012-02-27,18.32387820017065,18.716392795681816,18.00986702286952,18.55938720703125,38300,31.895956779753647,30.19005623490055,43.420872770123,46.911654701117314,42.94048902237336,3.85,1.0,-0.31,3.79
LCII,2012-02-28,18.585558568937863,18.71639721425317,18.12762455810409,18.271547317504883,64400,32.22331709826575,29.520876010424423,38.58489154228069,46.779573838682865,42.954014029451955,4.07,1.0,-0.39,0.7
LCII,2012-02-29,18.310788554948946,18.461252042625357,17.865938897671615,17.924816131591797,119700,32.784029622352286,29.875261816330074,38.70999417763844,46.838435453823735,42.9751263258824,4.28,2.0,-0.45,0.66
LCII,2012-03-01,18.009863144562114,18.389293547368812,17.839773481542668,17.85285758972168,47000,32.71868712032316,29.818758024385456,38.587662851686105,46.67924599451156,42.961072829935276,4.47,2.0,-0.5,0.72
LCII,2012-03-02,17.86594545333493,17.950990932545523,17.146335522968805,17.283716201782227,65600,34.15804289009735,30.585911465627763,38.43202302017448,46.805394023096326,42.972459827227674,4.66,1.0,-0.52,0.74
LCII,2012-03-05,17.244462495082097,17.47997023364316,17.06128870040625,17.421092987060547,37800,34.15940404159252,30.51147398944331,37.74671832052941,46.589394365916974,42.976938539411336,4.85,1.0,-0.55,0.91
LCII,2012-03-06,17.198666396023157,17.388380965180797,16.89773816001456,16.9827823638916,55200,35.10789794417734,30.642879942832973,37.97912390304419,46.668179561859546,43.014542605125285,5.03,2.0,-0.55,0.85
LCII,2012-03-07,17.067826217019135,17.40146344301707,16.95007175516468,17.32950210571289,50300,35.449855871005845,30.36746912204473,38.07008884454008,46.67055643053452,42.97995667691538,5.19,3.0,-0.57,0.81
LCII,2012-03-08,17.486513166141183,17.69585394326552,17.34259169381057,17.65660285949707,54700,35.780795880719324,29.814339142734163,38.142888117587205,46.66417983895544,43.01636663864824,5.34,4.0,-0.61,0.78
LCII,2012-03-09,17.617353984621513,18.258460506890145,17.525767695088742,17.839778900146484,45100,34.97083300422607,29.69133509000209,37.93429002308325,46.58777182291337,42.988411118191834,5.49,2.0,-0.64,0.83
LCII,2012-03-12,17.826687647970896,17.905191041677618,17.6108048749888,17.722017288208008,25300,34.82624547184257,29.723045494733025,37.66607999224809,46.59277789048494,42.94978415294219,5.64,1.0,-0.65,0.9
LCII,2012-03-13,17.905198784694345,18.670601901311034,17.787444267096447,18.631349563598633,95700,37.515150309960745,31.09498162330594,38.10026309314914,46.93785326264135,43.22489250009118,5.77,6.0,-0.69,0.84
LCII,2012-03-14,18.552845280907523,19.09582341335731,18.343504494580305,18.39583969116211,60900,37.76824056937576,30.81993024441943,38.12237092631784,46.9408103573463,43.24133615222438,5.9,7.0,-0.71,0.83
LCII,2012-03-15,18.363129894570037,18.480884401906728,18.101453904804913,18.474342346191406,56900,37.48031686383123,30.182637730403254,38.12303043554234,46.90267011190014,43.23910926965879,6.02,8.0,-0.73,0.83
LCII,2012-03-16,18.480881144681447,18.480881144681447,18.0425734711623,18.33041763305664,91400,36.946549702690945,30.251833287332335,37.886629044439275,46.89238404060268,43.24772775603289,6.14,3.0,-0.76,0.94
LCII,2012-03-19,18.258455331697295,18.644427796427333,18.1930360372437,18.428544998168945,47200,36.926839256192174,30.034406188374437,37.29981193389106,46.859191784871726,43.21167097530808,6.26,1.0,-0.81,1.12
LCII,2012-03-20,18.219206822841723,18.219206822841723,17.86594333164757,18.121078491210938,36300,36.74432583204846,30.161457696604643,37.288126021306944,46.87110697131083,43.053482573514216,6.38,1.0,-0.83,1.13
LCII,2012-03-21,18.193044219165923,18.193044219165923,17.90520119054983,17.9444522857666,54800,36.83678753687291,30.235235415221233,37.177330374593474,46.83722338045606,43.05225398140004,6.49,1.0,-0.86,1.2
LCII,2012-03-22,17.695850219564804,17.715476381203864,16.851945233392307,16.963157653808594,168400,40.16596147575686,32.28362090632337,36.408053119585546,47.28368178536332,43.39589776300914,6.6,1.0,-0.86,0.94
LCII,2012-03-23,17.01549905552608,17.23792397764561,16.537940177704005,17.211755752563477,95300,40.42094146589065,32.412272314810366,36.27045293795678,47.28319230856544,43.39518332631987,6.71,1.0,-0.87,0.97
LCII,2012-03-26,17.473426621650546,17.761270773985704,17.349131332402717,17.604265213012695,41100,40.62642654928555,31.861441301533823,35.52772309435505,47.334934130593915,43.440845508959676,6.83,1.0,-0.88,1.03
LCII,2012-03-27,17.6500616089369,18.199581797826557,17.6500616089369,17.91827964782715,72300,33.618468613460415,31.712339384551285,35.55534812258691,47.30809510082054,43.47435467879045,6.93,2.0,-0.89,1.0
LCII,2012-03-28,17.905198213142587,17.911739021449545,17.565018783778555,17.839778900146484,66600,33.56508419419902,31.502392446464167,35.081402223877475,47.24763206529248,43.47146279091177,7.04,1.0,-0.88,1.13
LCII,2012-03-29,17.695856694389416,17.983700931570418,17.58464423328105,17.892114639282227,42900,33.571145812524264,31.445381212917596,35.074891946125575,47.241156817542794,43.16456267113907,7.14,1.0,-0.86,1.14
LCII,2012-03-30,18.003326497642494,18.101454842918756,17.780901582872506,17.86594581604004,69300,31.294518332516326,31.42670120086323,35.07623266026025,47.15579815949843,43.16453072042957,7.24,2.0,-0.85,1.14
LCII,2012-04-02,17.748189917779204,18.415464610024344,17.702396776741317,18.39583969116211,70300,32.63987544715706,31.857034168255687,35.34264509258808,47.273543587270375,43.124301202721135,7.33,4.0,-0.83,1.03
LCII,2012-04-03,18.304254834476325,18.441635525422626,18.055662926350685,18.147249221801758,52300,32.44323530052894,32.01284788792927,35.300897530712724,47.17167150938225,43.14676834843472,7.41,4.0,-0.82,1.06
LCII,2012-04-04,17.865941003105476,17.950986461132086,17.79398090143212,17.905193328857422,65700,32.35588447648945,32.10206189889174,34.2052338958737,46.98005013569873,43.16990731669439,7.5,1.0,-0.77,1.09
LCII,2012-04-05,17.80707036513956,18.02949530246571,17.80707036513956,18.003328323364258,25200,32.30823193026326,32.07731249522177,33.94776947487809,46.97732458829053,43.158766862034106,7.59,1.0,-0.73,1.2
LCII,2012-04-09,17.578101602452662,17.74819005684916,17.460347097278536,17.58464241027832,52200,32.852108471081834,32.435027752706155,33.8490129735744,46.93275088229084,43.19819019239128,7.67,1.0,-0.7,1.28
LCII,2012-04-10,17.578093468147927,17.578093468147927,16.878108816617896,17.008947372436523,67000,34.03822081575992,33.191551398385116,34.19642638574715,47.05351303153952,43.171709927775936,7.73,3.0,-0.64,1.18
LCII,2012-04-11,17.22483430551648,17.55192952685008,17.152872957536932,17.5257625579834,55800,35.1032479624811,33.67666203074832,34.45517356307077,47.01105596362565,43.268581439539005,7.79,5.0,-0.6,1.08
LCII,2012-04-12,17.486515152644706,17.937907034453996,17.486515152644706,17.859403610229492,39500,35.16015131462334,33.82789949931746,33.803836004430195,46.80557900865345,43.2723428087866,7.85,1.0,-0.53,1.15
LCII,2012-04-13,17.735101061265034,17.735101061265034,17.44071490011791,17.512676239013672,50800,35.59770680822992,34.01728708537339,33.18692939536273,46.621773581141994,43.30811157053114,7.91,1.0,-0.43,1.22
LCII,2012-04-16,17.61735383670016,18.055661607993354,17.49959932384981,17.833236694335938,30100,34.68152903377898,34.138496714793035,33.171589276983596,46.66195294154976,43.342251619874105,7.96,1.0,-0.33,1.23
LCII,2012-04-17,18.01640780462777,18.435089344762293,18.01640780462777,18.107994079589844,46100,34.873795345901236,34.23796031207715,32.79136979065491,46.690463253947705,43.36070136594113,8.0,1.0,-0.24,1.31
LCII,2012-04-18,18.036029959817,18.036029959817,17.63697339813438,17.846315383911133,33100,34.283778144712535,34.402997021293544,32.77616789564818,46.09754671433776,43.35840777385604,8.05,1.0,-0.15,1.31
LCII,2012-04-19,17.846313808339854,17.918273900821145,17.519218622138553,17.722017288208008,51300,33.908713444962544,34.40625316810193,32.378398133007664,45.918114767538974,43.352525755455105,8.09,1.0,-0.15,1.43
LCII,2012-04-20,17.957532523228316,18.18649823570274,17.84632007098236,17.97061538696289,56400,33.71692414378529,34.502271592703956,32.268188076042286,45.94025168923437,43.36602643686358,8.12,1.0,-0.32,1.45
LCII,2012-04-23,17.63043971243861,17.728568067040495,17.224840932909167,17.31642723083496,78600,35.29020036068208,34.90731888211567,31.944265287754448,45.691521128792225,43.49360248937902,8.14,1.0,-0.31,1.52
LCII,2012-04-24,17.309882314128526,17.58464241027832,17.06783249595461,17.58464241027832,65300,35.55992492528413,34.91373367961933,31.9623356795156,45.683069028103986,43.51676448517417,8.16,2.0,-0.39,1.49
LCII,2012-04-25,17.872487799268757,18.199583114036542,17.846320822927527,18.173416137695312,58800,33.75753813949106,35.51542474647969,31.72787801421958,45.224792173530254,43.58561821290384,8.17,1.0,-0.37,1.54
LCII,2012-04-26,18.12107282107074,18.775263157603707,18.062195590961252,18.65096664428711,94900,34.42697048416005,35.8716373898618,31.933823424239556,43.770260175644005,43.592890157957854,8.17,2.0,-0.4,1.42
LCII,2012-04-27,18.77526838247053,19.65842458434351,18.77526838247053,19.6387996673584,120100,37.48090036283093,37.16180089571678,32.80237047729826,43.91503711830109,43.884302518990566,8.14,9.0,-0.39,1.26
LCII,2012-04-30,19.560292691776883,19.625711981268275,19.06310783851912,19.48179054260254,128000,37.48565481461091,36.90804016506547,32.77666247582961,43.593028094160985,43.84724370333027,8.11,8.0,-0.37,1.29
LCII,2012-05-01,19.45562515670568,19.98551910787548,18.89956298682658,18.906105041503906,98800,38.5970619627016,37.45000029278486,33.141731309410424,43.71639782582104,43.73279470713551,8.07,11.0,-0.4,1.18
LCII,2012-05-02,18.709852019050597,18.912650762281547,18.526678195886447,18.899566650390625,109000,38.235008462919886,37.17843722607199,32.910982319626015,43.700942864614035,43.641350261823355,8.03,11.0,-0.39,1.3
LCII,2012-05-03,18.827601833326955,19.18086403186116,18.73601432070979,18.97152328491211,126500,38.091808796823614,37.156793110681946,32.638490326578484,43.44106079911036,43.61409519251514,7.98,7.0,-0.47,1.4
LCII,2012-05-04,18.899564188467217,19.0238607397005,18.199580514489828,18.48088264465332,134800,34.97895253382286,37.490891516795045,32.54271108933954,43.551907528090894,43.6917193298977,7.92,7.0,-0.44,1.48
LCII,2012-05-07,18.428546052958726,18.814518539780565,18.31733362035295,18.363126754760742,106000,34.89713338745316,37.51875746253217,32.4905809357436,43.36077324873441,43.63972002161301,7.86,7.0,-0.47,1.5
LCII,2012-05-08,18.19303201597578,18.52666922095182,18.153780947087125,18.38928985595703,115000,34.35747538225626,37.311013153415935,32.47620663990599,43.290306353864786,43.564148305070056,7.79,7.0,-0.54,1.5
LCII,2012-05-09,18.114534626389236,18.34350154249979,17.96406986863302,18.153785705566406,142000,34.24512992756018,33.68311377251377,32.49605217892405,43.31788621511979,43.555219838308744,7.72,9.0,-0.77,1.49
LCII,2012-05-10,18.304250185440726,18.304250185440726,18.03603217594093,18.0556583404541,209300,34.25903148771609,33.67562237011395,32.21995610085502,43.11781245007884,43.54941862577193,7.65,5.0,-0.87,1.65
LCII,2012-05-11,17.885568674982867,18.01640727632296,17.630434774915997,17.748188018798828,118000,34.62369931676698,33.828179645960084,31.960080295691405,43.163256193711405,43.368572947602814,7.57,4.0,-0.86,1.79
LCII,2012-05-14,17.538842816667895,17.63697111895692,17.290251034351094,17.32950210571289,130400,35.29356328154574,33.10648465119655,32.1978157430796,43.19895744527134,43.4336705420432,7.49,6.0,-0.85,1.71
LCII,2012-05-15,17.257549049507205,17.728567122944785,17.257549049507205,17.5584774017334,58000,34.39156170862277,33.2424048675337,32.10966924221012,43.10258017605433,43.410583485891294,7.39,6.0,-0.81,1.76
LCII,2012-05-16,17.578099158510977,17.663143373885244,17.309879907478255,17.336048126220703,31900,34.366359330392484,33.134322119536755,32.09742356700884,42.37223116294043,43.428327884503396,7.3,6.0,-0.76,1.8
LCII,2012-05-17,17.33605489265201,17.40147421727259,16.812702791227053,16.897747039794922,84600,34.909947199371395,33.37211451376303,32.36030728166198,42.35715164883787,43.50208964022514,7.21,11.0,-0.73,1.7
LCII,2012-05-18,16.891197259136646,17.17249935294221,16.871572344162757,17.06128692626953,213600,35.00738413966755,33.39845331148769,32.27174110813319,42.3675691026628,43.35231743198502,7.11,11.0,-0.7,1.75
LCII,2012-05-21,17.126711516585846,17.571561360824905,16.969705909402,17.211755752563477,83700,34.51287470925679,33.4238278716981,32.29953672992339,42.12289087058086,43.330914646500425,7.01,12.0,-0.66,1.73
LCII,2012-05-22,17.179044148837438,17.636976789336977,17.120166898980866,17.322965621948242,116000,33.14851719950718,33.429168692220166,31.81809940065572,41.91161225275654,43.26160971162072,6.91,2.0,-0.63,1.87
LCII,2012-05-23,17.14633389923717,17.571558759482816,17.04820556524566,17.49305534362793,62000,32.097109599701746,33.36443814934408,31.642881314700546,41.77650820964741,43.25904900228611,6.81,1.0,-0.57,1.98
LCII,2012-05-24,17.47997074425078,17.47997074425078,17.00241195048128,17.414552688598633,123900,31.6108561350534,33.15309353626299,31.527298510334727,41.45179024305531,43.22702254135093,6.76,1.0,-0.53,2.03
LCII,2012-05-25,17.43418151809965,17.512684949374172,17.17904755005444,17.277175903320312,74300,31.186677898401094,33.18048415560709,31.515261322823836,41.298104197859516,43.22775201464832,6.7,1.0,-0.48,2.06
LCII,2012-05-29,17.499596884843402,17.735105877720034,17.342591305515455,17.610809326171875,68200,31.239103241704562,32.745233870115456,31.640548474838138,41.129479386063586,43.24394369740202,6.65,3.0,-0.42,1.96
LCII,2012-05-30,17.38184146735355,17.4014676316431,17.07437238010007,17.205209732055664,71000,31.55354472383067,33.05906733052294,31.815564777805893,41.23477340466322,43.18086921321272,6.59,6.0,-0.38,1.92
LCII,2012-05-31,17.205211512576817,17.493055713098325,17.008954840448666,17.368759155273438,155500,31.471199725920577,32.69163016147924,31.842646839908472,41.240400906692116,43.068918243884816,6.52,8.0,-0.32,1.89
LCII,2012-06-01,16.897742404448437,17.10708318759258,16.897742404448437,17.002412796020508,176300,31.98180186156579,32.723206036343825,32.003570720470535,41.235159878730535,43.108040748301526,6.45,13.0,-0.29,1.83
LCII,2012-06-04,17.1397927667767,17.329507375861173,16.88465760591215,17.30988121032715,103600,32.168271256040995,32.704296705817804,32.09695931855771,41.09279516160241,43.061878248805435,6.38,14.0,-0.23,1.77
LCII,2012-06-05,17.113621616003417,17.342588516954002,16.982783030383303,17.179040908813477,69500,30.4004876721226,32.66108101515243,32.09692775953032,41.073631574266486,43.06645459300042,6.3,14.0,-0.18,1.77
LCII,2012-06-06,17.31642145378277,17.676226964312086,17.31642145378277,17.65005874633789,55400,31.102769620923425,33.12287737390017,32.3679425350776,41.14958413305401,43.144625066371574,6.22,24.0,-0.11,1.61
LCII,2012-06-07,17.892107735907757,18.003320154106646,17.60426360978666,17.617347717285156,41300,29.507154109891985,31.434265963043135,32.3401867874381,41.11039791181636,43.14248514337667,6.13,23.0,-0.05,1.62
LCII,2012-06-08,17.519226981478955,18.049121086589928,17.257549709442696,17.957534790039062,44500,29.02817154806538,31.601269805070608,32.44858459963177,40.89054974822164,43.18324550555958,6.04,27.0,-0.02,1.54
LCII,2012-06-11,18.193039163415065,18.245374358417024,17.64351899200976,17.69585418701172,111500,24.548566216034356,31.72008856904546,32.484187564269774,40.903063834411974,43.0789812290442,5.95,29.0,0.05,1.55
LCII,2012-06-12,17.846320956223057,17.996784502675357,17.663147129387898,17.839778900146484,69700,24.73286309250253,31.735617518351372,32.47363413058953,40.90953312844421,43.08485060003562,5.85,28.0,0.09,1.54
LCII,2012-06-13,17.793983827567416,17.924821191614992,17.53230660393331,17.669687271118164,86500,23.46728453459427,31.766606044971084,32.51006067738074,40.84142187890165,42.96890472438959,5.74,33.0,0.08,1.52
LCII,2012-06-14,17.74818336552567,17.957525322337776,17.57809497525497,17.793977737426758,43200,23.61562497270078,31.625107715422164,32.52458441314021,40.696191528889564,42.94550435065815,5.66,34.0,0.05,1.51
LCII,2012-06-15,17.833233019223183,18.094908967314083,17.676227450368646,18.03603172302246,124100,23.98801200568598,31.686983675650986,32.55661294765735,39.951396120052195,42.79154079828189,5.57,36.0,0.03,1.49
LCII,2012-06-18,17.852856677389525,18.134157502247593,17.76781122634125,17.8136043548584,44100,23.078897089739357,29.561381948078907,32.62505253814371,39.08959826408388,42.79247703017128,5.48,37.0,0.01,1.47
LCII,2012-06-19,17.918276234066955,18.173411361009638,17.879025155987033,17.964069366455078,91400,23.189471223908324,29.46620040439863,32.33231843590176,39.025344302115165,42.756488770498024,5.39,23.0,0.05,1.62
LCII,2012-06-20,18.01640306988119,18.04257003537816,17.74164306943303,17.872480392456055,32100,23.214010653229803,29.134114768997303,32.26219154386683,38.47764325069544,42.71671123226825,5.3,20.0,0.08,1.68
LCII,2012-06-21,17.8070668177,17.8070668177,17.381843197912126,17.506139755249023,93500,23.669748107317588,29.21545466212353,32.422162416140345,35.45540895718175,42.70084500772403,5.2,29.0,0.12,1.62
LCII,2012-06-22,17.64351889937138,17.800524483552888,17.47997125987779,17.663145065307617,129400,23.81291577649492,29.264985252218302,32.449141011912715,35.45369656374924,42.706165794107456,5.11,31.0,0.17,1.59
LCII,2012-06-25,17.394926165717298,17.57155790699436,17.205210314470957,17.427635192871094,29900,23.61173614684918,29.38276074217578,32.39394194356452,35.40478820468081,42.716431607533224,5.02,29.0,0.18,1.65
LCII,2012-06-26,17.46688510840114,17.49305207695334,17.120163728757568,17.349130630493164,23200,22.599104160920184,29.393959357659398,32.15344236862182,35.09463763982494,42.69770562345971,4.93,18.0,0.15,1.81
LCII,2012-06-27,17.362215686333144,17.728562000444786,17.362215686333144,17.643516540527344,30200,22.809745604341632,28.96517529316712,32.24743412967045,34.70716827679017,42.696153577982585,4.84,21.0,0.15,1.74
LCII,2012-06-28,17.453807681584667,17.617355352892215,17.074377134061944,17.447265625,36700,22.737240400011586,28.923321262684805,32.1277560732169,34.7260970547851,42.69385168528249,4.74,18.0,0.15,1.79
LCII,2012-06-29,17.85940219875291,18.310794044887487,17.80052494718016,18.219207763671875,49700,24.628599810855224,30.1628759142467,32.84320530654832,35.06840724631951,42.87987357256488,4.63,51.0,0.13,1.52
LCII,2012-07-02,18.330424565106785,18.47434607659636,17.977160971764484,18.44163703918457,48800,24.702065737351266,30.242611664293822,32.82695022778768,35.07629918156398,42.868808070192884,4.51,51.0,0.07,1.53
LCII,2012-07-03,18.382752218601073,18.87993711909765,18.343501140284555,18.80797576904297,34200,25.136869612580504,30.077962674500224,32.96803310420696,35.01041221909263,42.87285328441885,4.39,54.0,-0.05,1.44
LCII,2012-07-05,18.755641527233486,19.004233366125078,18.755641527233486,18.906105041503906,15800,25.12452696013416,29.21944884328798,32.835689606391846,34.84451886643532,42.850046749067,4.27,52.0,-0.16,1.48
LCII,2012-07-06,18.677138771999584,18.912647757541432,18.677138771999584,18.794893264770508,23400,25.1634279097495,28.6613986535952,30.369249070145756,34.645872171006026,42.831469632780625,4.11,1.0,-0.16,0.31
LCII,2012-07-09,18.73601890593885,18.89956656048865,18.546304275501264,18.866857528686523,54000,25.080856166180325,28.429660034947783,30.363993549424784,34.61879701959627,42.814757749674115,3.96,1.0,-0.16,0.31
LCII,2012-07-10,19.03694196574436,19.03694196574436,18.55938324621176,18.74909782409668,43800,25.024541097121343,28.1484235297766,30.365802062657625,34.6299312228338,42.76396615643853,3.79,2.0,-0.15,0.31
LCII,2012-07-11,18.80143940529543,18.80143940529543,17.453806996029417,17.5584774017334,102200,31.429640524645524,31.068885467540436,31.466992871012916,35.35192060795636,43.224743632107185,3.59,4.0,-0.16,0.9
LCII,2012-07-12,17.4080157228265,17.754736011118784,17.113629395248346,17.72856903076172,80800,30.759475917169325,30.969548064242336,31.504828710364514,35.0006248377844,43.229317388624885,3.36,5.0,-0.13,0.89
LCII,2012-07-13,17.77435624320593,18.50705016493298,17.77435624320593,18.42200469970703,36700,32.54001332913871,31.82046704100332,31.983339537204277,35.213558112316285,43.32871160548919,3.12,18.0,-0.07,0.81
LCII,2012-07-16,18.310793986411735,18.487425740565904,18.01640897725761,18.24537467956543,33400,31.985115720689784,31.851761099802513,31.92092974891566,35.140589808728166,43.33963455708455,2.89,14.0,0.02,0.84
LCII,2012-07-17,18.3435022914127,18.54630099783863,18.11453536595408,18.382753372192383,23400,31.685491881597468,31.762978633574345,31.92003351284402,34.03756974676753,43.24278896818522,2.7,14.0,0.09,0.84
LCII,2012-07-18,18.389295359645875,18.873396180054648,18.389295359645875,18.71639060974121,36900,31.879101640534092,30.984437634324593,32.01413515538385,33.97277693404022,43.10283052669501,2.49,22.0,0.09,0.81
LCII,2012-07-19,18.879938556757608,18.879938556757608,18.408920590015445,18.42200469970703,22800,31.47238210786712,31.03936515977439,32.085546365557384,33.494067882318454,43.13031884910001,2.3,23.0,0.12,0.78
LCII,2012-07-20,18.22575102628378,18.22575102628378,17.950990916669515,17.99024200439453,48000,32.29744695829982,30.70189641095551,32.210764995183524,33.58297322983498,43.095376718783776,2.24,31.0,0.16,0.73
LCII,2012-07-23,17.676229080904637,18.166871996747716,17.63043594173573,17.996782302856445,29700,31.821492282982522,30.216580178986284,32.06634486533578,33.30899099415972,43.05620049060351,2.19,23.0,0.15,0.8
LCII,2012-07-24,18.114531940394418,18.114531940394418,17.813603717272464,17.924816131591797,55300,31.540651127327873,28.19458909412551,32.06629435592653,33.311523832744044,42.925568857471745,2.13,23.0,0.15,0.8
LCII,2012-07-25,18.05566229491751,18.05566229491751,17.120169460315314,17.211755752563477,37500,33.60149313312345,29.284392789153284,32.30282634455745,33.670561319237464,42.930111835040236,2.07,40.0,0.14,0.78
LCII,2012-07-26,17.519221053335755,17.820148067472363,17.38184040722653,17.774354934692383,53200,34.85112710733051,29.521972453673307,32.68198920038635,33.8739408694565,42.855413451202594,2.02,61.0,0.16,0.68
LCII,2012-07-27,17.898653375608983,18.55938596342925,17.898653375608983,18.44817352294922,48300,36.427514055918714,30.544593888481725,32.94214257944458,34.06504633387329,43.00671539113437,1.97,70.0,0.15,0.66
LCII,2012-07-30,18.428548068048393,18.428548068048393,17.6369768440593,17.663145065307617,33600,38.443843847308,31.778963926383835,33.53464047832572,33.82715053877953,43.23709879366939,1.91,75.0,0.18,0.57
LCII,2012-07-31,17.610807169391176,17.787438892416713,17.519220904608723,17.571556091308594,36900,38.30951599081554,31.361689751879158,33.413261647254544,33.67772091881123,42.76304213646843,1.84,75.0,0.17,0.61
LCII,2012-08-01,17.63043709284019,17.702397210045604,16.89120101928711,16.89120101928711,53400,39.831287148235916,32.330418693874016,33.95104162514261,33.816825758163425,42.81548631270387,1.78,80.0,0.12,0.48
LCII,2012-08-02,16.511772239320692,17.283717423872023,16.354766629410708,17.22484016418457,66700,40.30563686860529,32.61032663807247,34.08590528687564,33.84082712199385,42.85504867455305,1.72,81.0,0.07,0.44
LCII,2012-08-03,17.565018431756222,19.030405273760675,17.5519343198653,18.899566650390625,77600,48.19075793660354,37.76175697624116,36.296236818581676,35.526264767233926,43.46445335340518,1.67,93.0,0.04,2.21
LCII,2012-08-06,18.8930225658713,18.91264873160039,18.657514815969474,18.696765899658203,60100,48.302770324099626,37.814732722512325,36.28009433856754,35.1551975618424,43.45469347388408,1.63,93.0,-0.01,2.22
LCII,2012-08-07,18.840688242229955,19.45562773802408,18.690224707996457,18.932275772094727,229200,48.172825058223665,37.70866863036468,36.32749053254298,34.76873587962807,43.02180334936986,1.58,95.0,-0.07,2.19
LCII,2012-08-08,18.762188051769044,19.141618579063035,18.762188051769044,19.13507652282715,48400,48.174381633779355,37.39554315524104,36.34146601180957,34.72163593320205,41.86516169864137,1.54,96.0,-0.14,2.17
LCII,2012-08-09,19.141615486128458,19.2920790119328,18.906106490769012,18.99769401550293,27000,48.0900076911739,37.3612033818634,36.352888067303226,34.513749913768045,41.69811523345749,1.52,97.0,-0.2,2.17
LCII,2012-08-10,18.958444362979037,19.17432722330312,18.9126512180269,19.089282989501953,31400,47.91861501599046,37.2520678963502,36.25550195048452,34.45342372615624,41.435267486222195,1.49,92.0,-0.3,2.21
LCII,2012-08-13,19.095823568929802,19.095823568929802,18.493968179451016,18.938817977905273,34000,46.45265769047903,36.87455550250909,36.24310429192664,34.25670477441539,41.415521227549426,1.47,92.0,-0.41,2.21
LCII,2012-08-14,19.09582449461016,19.09582449461016,18.834148496884396,18.866857528686523,110300,46.35897631204215,36.85705785557579,35.08972881550652,34.19003471315799,41.40502794607259,1.44,88.0,-0.47,2.45
LCII,2012-08-15,18.814521910187175,19.21357857768892,18.794895742881177,19.187410354614258,47900,46.26605524996368,36.96040169919376,35.114104525658085,33.721039139730614,41.24351123036263,1.42,89.0,-0.53,2.43
LCII,2012-08-16,19.318246086331005,19.318246086331005,18.879938397514717,19.28553581237793,69300,46.26518826973978,36.95425463279864,34.95151330042167,33.700152562858996,41.2306618608553,1.41,85.0,-0.59,2.54
LCII,2012-08-17,19.187403539179666,19.39020220489528,19.154694519724252,19.278989791870117,62900,46.22470675632776,36.919049925432766,34.84836464338976,33.3722774595949,41.08221933376065,1.4,85.0,-0.66,2.61
LCII,2012-08-20,19.344417331296984,19.455629791767795,19.00423789364868,19.13507652282715,34600,46.27773753389848,36.94534137129864,34.863448049564994,33.38586265793489,41.04264668428642,1.39,86.0,-0.75,2.61
LCII,2012-08-21,19.193948795481177,19.53412814476664,18.93881490740174,19.056568145751953,51400,46.25475143947541,36.91178527167201,34.86990748482071,33.351623414670804,41.03792072333663,1.39,87.0,-0.82,2.61
LCII,2012-08-22,19.063114848224966,19.115450049508446,18.62480706956221,18.951902389526367,72400,41.85647583643371,36.758078868487225,34.881996248525496,33.313271507349114,40.88260555193949,1.39,88.0,-0.89,2.61
LCII,2012-08-23,18.971523537152812,19.115444990651508,18.683679382386124,18.814517974853516,18700,41.89442679158015,36.44682187169721,34.59932205609894,33.308284372329204,40.88021999947468,1.38,85.0,-0.93,2.8
LCII,2012-08-24,18.873399584600865,19.154701750069655,18.7752712414249,18.866857528686523,68100,40.45341182553607,36.41011301604918,34.53029957557171,33.16801004022142,40.826539947335476,1.36,85.0,-0.98,2.82
LCII,2012-08-27,18.945355067658838,19.28553440533568,18.781807453133734,18.97152328491211,47400,40.352319898546256,36.109793506115814,34.46830288207104,33.034496138161074,40.73867868773347,1.37,84.0,-1.04,2.85
LCII,2012-08-28,18.919191602607114,19.161242665958255,18.886482572751056,18.95844268798828,73200,40.3127647659804,35.956576110681766,34.45993590741237,32.794795664241015,40.16076015730838,1.37,83.0,-1.09,2.86
LCII,2012-08-29,18.9780638358873,19.082734201070412,18.899560438115376,19.017314910888672,68200,39.99823418660815,35.907679923252026,34.24553215818767,32.755986779112014,40.058186946941966,1.38,81.0,-1.13,2.96
LCII,2012-08-30,18.92573371654942,19.023862054189987,18.873398519956485,18.932275772094727,30500,39.72830123721293,35.53625127335127,33.818703830069005,32.757225869102385,40.06216056280979,1.37,78.0,-1.16,3.18
LCII,2012-08-31,19.069656904356606,19.10890799337681,18.893025132111248,18.951902389526367,97200,39.03667966921732,35.530682707627996,33.50058903357451,32.72369321099581,39.87199205176433,1.37,76.0,-1.19,3.41
LCII,2012-09-04,18.978065339225427,19.069651604073314,18.572466706184684,18.97152328491211,59100,39.03511378042124,35.334108557068724,33.375039180581815,32.553148994877915,39.71177516933813,1.36,75.0,-1.22,3.52
LCII,2012-09-05,18.97152700812181,19.010778093935564,18.814521417097286,18.938817977905273,117200,39.011427603575264,35.189346405503194,33.21978266852665,32.33171921889932,39.602230171243775,1.36,74.0,-1.24,3.61
LCII,2012-09-06,19.11544473649726,19.167779923234523,18.899561935234896,18.97152328491211,145800,36.88199244250193,35.15966267989171,33.10347763056388,32.3259140376137,39.35135759767965,1.36,72.0,-1.27,3.72
LCII,2012-09-07,18.906106490769012,19.089280292467407,18.906106490769012,18.99769401550293,178400,35.84920671435326,35.090138678609144,33.02010024439981,32.24547321831299,39.22514865970497,1.36,71.0,-1.3,3.8
LCII,2012-09-10,18.997691502165377,19.036942580276005,18.834143887640273,18.97152328491211,157600,34.28687495751463,35.07300638090932,32.93350648099817,32.20069582959251,39.06320585292229,1.36,68.0,-1.32,3.85
LCII,2012-09-11,18.964987247174612,19.37058600889014,18.95844519078585,19.324792861938477,79300,31.932800607131362,35.16232845396043,33.031506538076336,32.263343397490814,39.09630429033973,1.36,71.0,-1.33,3.75
LCII,2012-09-12,19.35095541537367,19.48833607258798,19.200491896142736,19.298620223999023,35200,31.866441072023004,35.053069266194896,32.966680299124995,32.20080695993483,39.09420924007383,1.36,68.0,-1.35,3.82
LCII,2012-09-13,19.272452004427006,19.39674855185531,19.023860157339787,19.298620223999023,169900,29.223349282436267,35.022912610045324,32.40530040160622,32.20080695993483,39.02224666728207,1.36,44.0,-1.34,4.13
LCII,2012-09-14,19.390202583640445,19.61916946760805,19.265907309066744,19.4621639251709,289500,28.89935868809779,35.028800537569246,32.34614040152245,31.933701109045987,38.886806923949784,1.36,40.0,-1.33,4.19
LCII,2012-09-17,19.435997312674747,19.488333745569513,19.246282734508185,19.449081420898438,132100,11.309687595746155,34.727500737725045,31.93936921762329,31.822758518854048,38.8621498916054,1.35,16.0,-1.34,4.55
LCII,2012-09-18,19.390210042303078,19.62571907043457,19.200495406795742,19.62571907043457,190200,10.975735628259757,34.72850067880128,31.711030186340366,31.764993074502684,38.84313702539001,1.36,10.0,-1.33,4.76
LCII,2012-09-19,19.62571907043457,19.658428103110783,19.52759072463632,19.62571907043457,166000,10.483956571666962,34.5865749361478,30.634155233837525,31.743709759298266,38.81253185599528,1.37,4.0,-1.34,5.48
LCII,2012-09-20,19.534130582767066,19.658425891166793,19.521046472060945,19.612632751464844,205000,10.103215475074242,34.56469740376,30.60737500962112,31.737635692883444,38.610849388133936,1.39,4.0,-1.32,5.5
LCII,2012-09-21,19.697678398735405,19.815432900600403,19.514504590526574,19.789264678955078,242700,10.07380982906132,34.45849268972481,30.256180175010762,31.722594069045307,38.58984730189168,1.42,1.0,-1.28,5.78
LCII,2012-09-24,19.7107582623634,20.188318252563477,19.7107582623634,20.188318252563477,213100,11.39551892041855,34.54399111704411,30.41384655485046,31.799586897340546,38.63239617153699,1.44,5.0,-1.13,5.58
LCII,2012-09-25,20.279909575435482,20.43691517725489,20.07711082905662,20.129446029663086,293200,11.111525861600343,33.49143766985972,30.41489391381634,31.784691370754086,38.566603496469206,1.46,6.0,-1.05,5.59
LCII,2012-09-26,20.13598821546293,20.227574505172015,19.455629355425117,19.62571907043457,137800,13.574974298124129,33.86944793156008,30.395921314294842,31.925825094848705,38.54826141089284,1.48,5.0,-1.09,5.61
LCII,2012-09-27,19.867764972352315,19.959351238172058,19.619171896885447,19.8481388092041,225300,13.10858930224664,33.71545964876558,30.421782165980176,31.93247677264767,37.985383964941185,1.5,8.0,-1.11,5.56
LCII,2012-09-28,19.717302716997015,20.0836503222629,19.61263232914089,19.76309585571289,197900,13.143939594208332,33.719827207265006,30.43222942643635,31.936915174673025,37.31542636995356,1.52,9.0,-1.14,5.55
LCII,2012-10-01,19.821972984362162,19.972437757788985,19.63880043061211,19.92664337158203,340800,13.312622105244525,33.72545341121789,30.37650210026634,31.92988211396011,37.26764418044502,1.53,5.0,-1.16,5.58
LCII,2012-10-02,20.090189680156694,20.253737305352768,19.88739097428898,20.149066925048828,89200,13.36016968383257,33.784634859639255,30.40176636020974,31.938661291611993,36.865841025877884,1.55,7.0,-1.15,5.54
LCII,2012-10-03,20.279897959844256,20.85558483678281,20.22102073691352,20.816333770751953,131100,15.949523843229905,34.35627926216765,30.665423476359273,32.12221770011964,34.70726282945596,1.56,14.0,-0.91,5.25
LCII,2012-10-04,20.97335044219386,20.97335044219386,20.561209686905396,20.82942771911621,80000,15.765054514513347,31.361288871544346,30.39291593231015,32.10298268365819,34.69683481167965,1.58,6.0,-0.74,5.49
LCII,2012-10-05,20.90793332375825,21.176151400041242,20.81634702876494,21.123817443847656,107300,15.75042818369253,31.41482345032968,30.40183880270384,32.13299381955606,34.65509740660851,1.59,9.0,-0.51,5.48
LCII,2012-10-08,21.06493914390609,21.293904870090373,20.803261889233273,21.248111724853516,92600,15.757445333134562,30.542425298213754,30.317825791611767,32.1370701106345,34.42206259749497,1.61,2.0,-0.32,5.55
LCII,2012-10-09,21.24156346344492,21.300440700311064,20.790171730060855,20.921009063720703,193200,16.72607547761813,30.664731075694778,30.1252998333558,32.18523970351898,34.153277369547126,1.63,1.0,-0.3,5.72
LCII,2012-10-10,20.94064221413842,20.973353744015977,20.6658833310503,20.777095794677734,51400,16.94902211058136,30.702052195456364,30.134917956800166,32.19987703666662,34.156035171019106,1.65,2.0,-0.33,5.73
LCII,2012-10-11,20.914471461269933,20.973349958436856,20.51541607373862,20.639711380004883,167400,17.17992902218155,30.570214700402033,30.145594684136412,32.04278501424048,34.15382867804574,1.67,3.0,-0.39,5.73
LCII,2012-10-12,20.646251733610224,20.672419952416554,20.476162054677133,20.620084762573242,91900,17.081359174840223,30.357995579122587,30.139569222382267,32.000991195153574,34.14308345458675,1.68,3.0,-0.44,5.75
LCII,2012-10-15,20.639715105363997,20.777095794677734,20.51541977666309,20.777095794677734,119500,17.12645123970674,29.90519595059405,30.126745799502576,32.00010170839897,34.05056230242964,1.7,2.0,-0.49,5.77
LCII,2012-10-16,20.85558483678281,20.86866894138273,20.633161297428675,20.816333770751953,100800,17.119454075354533,29.902393787681913,30.110245908493326,31.99819648594425,33.927424512088976,1.71,1.0,-0.53,5.78
LCII,2012-10-17,20.77054953759955,21.182690274419333,20.718214344580943,21.097644805908203,129600,17.310868957546635,29.955558978881484,30.1257725052631,31.966433935553013,33.794914909896306,1.73,3.0,-0.54,5.74
LCII,2012-10-18,20.999506244075228,20.999506244075228,20.705121377190437,20.816333770751953,70200,17.99649871571054,28.771859257997352,30.09780142710179,31.885055665505824,33.80709607716363,1.74,1.0,-0.6,5.81
LCII,2012-10-19,20.626624390764984,20.626624390764984,20.266818911121465,20.43036651611328,85000,19.07300065991419,28.469725123224794,30.00963573048443,31.960796820840727,33.866403950766305,1.76,1.0,-0.64,5.89
LCII,2012-10-22,20.423829659901372,20.548126220703125,20.21448887187917,20.548126220703125,78700,19.061380377120845,27.53789332224769,29.991031327612948,31.863839445553744,33.741717870364184,1.77,1.0,-0.68,5.91
LCII,2012-10-23,20.299531621554827,20.49578827203482,20.16869302272193,20.482704162597656,57000,18.52813222215857,25.89716215114,29.774450046645256,31.85918610233044,33.475382365525874,1.79,1.0,-0.73,6.13
LCII,2012-10-24,20.508876733562186,20.587378911305013,20.23411661592306,20.364953994750977,76500,18.640032341891438,25.904585486602798,29.686540482754857,31.831733867610897,33.42926636451502,1.82,1.0,-0.76,6.26
LCII,2012-10-25,20.44344853969797,20.561203002929688,20.155604434883685,20.561203002929688,100100,18.766694872664345,24.420269239446895,29.676084772747235,31.848516350243305,33.36970225900796,1.84,1.0,-0.8,6.25
LCII,2012-10-26,20.508873136690905,20.51541519165039,20.27990620418653,20.51541519165039,67800,18.708809743214964,24.207072598282366,29.40464658543216,31.769276007631504,32.54457073902303,1.86,1.0,-0.83,6.6
LCII,2012-10-31,20.476162991083665,20.7312981450357,20.430369853847747,20.71821403503418,148100,18.83772320495164,15.43188393673734,29.42921007702558,30.40310326517,32.45996314184205,1.88,2.0,-0.86,6.56
LCII,2012-11-01,20.678965262705788,20.947183308850754,20.678965262705788,20.934099197387695,196600,18.88396506858581,15.319132353170625,29.329269640619987,30.420363755077812,32.06990739817788,1.91,1.0,-0.89,6.69
LCII,2012-11-02,21.03876739654979,21.03876739654979,20.5481244978471,20.724756240844727,170000,19.20538228903199,15.34818482964188,29.273286422428686,30.436736754214262,32.060113901623836,1.93,1.0,-0.91,6.75
LCII,2012-11-05,20.731298251126415,21.241567313872338,20.508873371039943,21.11726951599121,139300,19.803310389782634,15.641685848951948,29.3824622805605,30.170679463688582,31.900017590747932,1.95,3.0,-0.92,6.6
LCII,2012-11-06,21.248101946005463,22.32751700533602,21.078013555624054,21.54248809814453,474300,20.363604104739395,15.971445401785278,29.46783906920258,30.250569354568764,31.951460307397202,1.97,6.0,-0.88,6.46
LCII,2012-11-07,21.28081400923332,21.28081400923332,20.777088323599713,20.979887008666992,157500,21.388812585292914,16.997369169350236,29.799668444298955,30.33399896679197,32.07171614576866,1.99,10.0,-0.9,6.14
LCII,2012-11-08,21.006055665032548,21.03222388185746,20.469619697814466,20.495786666870117,106400,22.52642177164475,17.647051026250942,29.999836526826467,30.4033619214379,32.16547090910266,2.0,12.0,-0.91,5.97
LCII,2012-11-09,20.345322522444935,20.7312949740673,20.181774915749667,20.606998443603516,151200,21.171239340783714,17.633853245085103,29.926163625256468,30.397114523941482,32.10873178538131,2.01,11.0,-0.92,6.04
LCII,2012-11-12,20.665874388645744,20.777086804150052,20.247192940991457,20.299528121948242,55100,21.500097113791533,17.656811993457524,30.018755571927546,30.42860840238934,31.653969403916214,2.02,15.0,-0.91,5.96
LCII,2012-11-13,20.122900891054737,20.548124486814885,20.070565698465327,20.358409881591797,76600,21.45447696863221,17.640389510667077,30.002659406642557,30.41160112029462,31.53685986141184,2.03,14.0,-0.9,5.97
LCII,2012-11-14,20.358410402327593,20.358410402327593,19.658425467856762,19.76309585571289,131100,23.092915467038328,18.720210894958225,30.20323059810822,30.56163329622531,31.540543811599363,2.04,25.0,-0.86,5.8
LCII,2012-11-15,19.67805065509778,19.763094873088928,19.35095539736825,19.494876861572266,70200,23.14827020964737,18.873644531065857,30.26918722000302,30.518924196940656,31.534064358876407,2.05,27.0,-0.81,5.75
LCII,2012-11-16,19.442538925865783,19.599544477681764,19.10890166034337,19.540668487548828,90000,20.87235744469013,18.8554147998675,30.181484261410734,30.515039053676457,31.513447967680175,2.06,25.0,-0.76,5.83
LCII,2012-11-19,19.62571503686123,20.005145477663106,19.475251521043273,19.952810287475586,133700,21.902200700956097,19.271762384662118,30.32901601708123,30.357015632679634,31.25722367843054,2.06,30.0,-0.73,5.64
LCII,2012-11-20,19.808889351262717,20.22102882893842,19.76309496683707,20.20140266418457,76600,21.80582242477115,19.33837822473441,30.27963933575129,30.37634852163543,30.950016700800226,2.07,29.0,-0.69,5.7
LCII,2012-11-21,20.260278057177526,21.15651953463427,20.10981455113792,20.87521743774414,134100,23.893865644038474,20.394632463192718,30.619431680722876,30.448664220259335,31.057339135707018,2.07,45.0,-0.69,5.34
LCII,2012-11-23,20.934097171753876,21.149981246696235,20.554666710426613,21.097644805908203,79000,23.674170994476054,20.46176458847205,29.923444150532987,30.385116116078088,30.893121540428176,2.08,11.0,-0.68,5.94
LCII,2012-11-26,21.058387517016353,21.549030303955078,20.822879827768773,21.549030303955078,145400,24.323205194657525,20.836472927924614,30.03957736688072,30.40666265085767,30.90538666880669,2.09,18.0,-0.66,5.8
LCII,2012-11-27,21.24156469831423,21.86958693103735,20.940635194871533,21.365859985351562,201800,24.382730059335803,20.94960961476898,29.940208315443545,30.408078691177938,30.751589377081544,2.1,13.0,-0.68,5.94
LCII,2012-11-28,21.261192111532882,21.463992073144553,21.019142315475527,21.392030715942383,83200,24.37456883245174,20.907489908976594,29.933580129039868,30.39454915036266,30.693707096627254,2.1,13.0,-0.7,5.96
LCII,2012-11-29,21.51632359682092,21.941548389425805,21.12381032329221,21.313526153564453,120600,24.337717435062594,20.939397961205913,29.9221696997191,29.834976487651005,30.288101920438333,2.11,11.0,-0.72,5.97
LCII,2012-11-30,21.38548701738279,21.38548701738279,21.136896418698228,21.235023498535156,111600,24.370716198735078,20.970653869167624,29.929544349618624,29.79669302133569,30.275215458169136,2.11,14.0,-0.73,5.97
LCII,2012-12-03,21.42474237897243,21.42474237897243,20.724758629134627,20.803260803222656,154600,24.80966039449248,21.457683809504363,30.10529510875482,29.900452056369243,30.094149053580228,2.11,24.0,-0.73,5.79
LCII,2012-12-04,20.862135329938074,20.979889823443216,20.58083320606899,20.907928466796875,135800,24.547223976258454,21.469347008335312,28.149471625926424,29.887775643355035,30.093092348538757,2.14,1.0,-0.7,6.28
LCII,2012-12-05,20.93409288638626,21.032222445006532,20.024768625919993,20.04439353942871,273200,26.93928830080379,23.270482150717946,28.969546405202106,30.310480136631057,30.375612352198374,2.16,2.0,-0.64,5.72
LCII,2012-12-06,20.12138393091102,20.71627728802313,19.862429880790167,20.632291793823242,279200,28.22192013555851,23.96166824122686,28.698468319620584,30.42597247160879,30.46211902799671,2.18,2.0,-0.6,5.95
LCII,2012-12-07,20.828260145974472,21.192195116640786,20.828260145974472,21.10820960998535,112400,28.951876312184353,24.110188759211496,28.850268195943034,30.511729421483885,30.520992006571472,2.2,3.0,-0.56,5.72
LCII,2012-12-10,21.094206763736434,21.283173107389594,20.919238223665882,21.220184326171875,106400,28.904574926203424,24.11538211216705,28.840613173700074,29.748558072030555,30.41453977065102,2.22,3.0,-0.52,5.73
LCII,2012-12-11,21.346158579490055,21.577116963183467,21.33915967878373,21.542123794555664,156900,29.08254289936125,24.270132308233357,28.80154412235433,29.751821218870827,30.337681152946082,2.24,3.0,-0.5,5.78
LCII,2012-12-12,21.668094853958593,21.759079206618008,21.409142263873946,21.521121978759766,88900,29.070637625080643,24.237354136093575,28.671134529050686,29.644710558085052,30.153173256743354,2.26,2.0,-0.46,5.9
LCII,2012-12-13,21.486137709527622,21.612113939726193,21.213185873503917,21.318166732788086,72500,29.133647737182116,24.340704465121384,28.439814554087505,29.605198817338156,30.141876122243744,2.28,2.0,-0.4,6.13
LCII,2012-12-14,21.248178858579625,21.69609787133469,21.192188981985243,21.598115921020508,83700,29.219144935376328,24.40725118481251,28.495885016467877,29.632667609263404,30.15931781955652,2.3,3.0,-0.34,6.03
LCII,2012-12-17,21.591113622418153,22.109020233154297,21.570116921409916,22.109020233154297,163200,29.718588024257116,24.808943581311535,28.684250659361073,29.749372206116227,30.211802740548915,2.32,5.0,-0.26,5.76
LCII,2012-12-18,22.10203316712514,22.682928857016886,22.046043269361036,22.56395149230957,195500,29.80008828321779,25.085864626664716,27.999003065000828,29.83413091291564,30.141207396180846,2.34,1.0,-0.22,6.18
LCII,2012-12-19,22.54294911181411,22.864890628346068,22.48696055971692,22.696922302246094,156500,29.34848196453826,25.05896548952907,27.603211635314338,29.653748303422518,29.976425443977984,2.37,1.0,-0.1,6.69
LCII,2012-12-20,22.822898901038535,23.4807797113101,22.612937167531296,23.319808959960938,257300,28.977284806653316,25.314254225144623,27.323781631229583,29.7588912225696,30.081755356429014,2.4,1.0,0.2,6.99
LCII,2012-12-21,23.03985496317496,23.270814706430798,22.83689349554131,23.16583251953125,441600,28.019415448262336,25.358872193116266,26.3596191869248,29.72205260455404,30.03445986817757,2.44,1.0,0.32,7.83
LCII,2012-12-24,23.235824875660462,23.298813662897157,23.039858276586127,23.088851928710938,103100,28.09777222797448,24.725799135528696,26.34700100045112,29.723460404412243,30.0056002723114,2.48,1.0,0.35,7.84
LCII,2012-12-26,23.095844123387497,23.10284168931557,22.60593174438441,22.668920516967773,58700,28.306877463602266,25.03118487613968,25.690389427568565,29.668646954460343,30.06640662338268,2.53,1.0,0.05,8.47
LCII,2012-12-27,22.675926489353458,22.682924057051803,22.35398364415829,22.598939895629883,97300,28.37440555736441,25.019044318920642,25.56879029506311,29.38526669609053,30.02296945880611,2.57,1.0,-0.22,8.76
LCII,2012-12-28,22.46595094241787,22.486948974718747,22.22799504643204,22.269987106323242,72200,27.157317167142224,25.223679239498466,21.26040565796554,29.252934259358298,30.06486141500526,2.7,1.0,-0.3,0.65
LCII,2012-12-31,22.255998015388858,22.661926314463503,22.221004840939543,22.570941925048828,102200,26.759788147249942,25.264516511827157,21.247514355628063,29.214133020104484,29.872875155519523,2.81,1.0,-0.36,0.68
LCII,2013-01-02,23.172827721688485,23.45977594442663,23.130834322089974,23.368791580200195,111300,28.105820052974735,25.380090275956995,21.815805857051267,29.37382929225059,29.97722132875605,2.9,3.0,-0.31,0.65
LCII,2013-01-03,23.34081273470094,23.61376602330844,23.102855305782864,23.536779403686523,83500,27.752537160631864,25.401124173556166,21.787995483822918,29.315490371355335,29.925602711204064,2.97,3.0,-0.25,0.66
LCII,2013-01-04,23.71874461502666,23.795731231474424,23.564771382131138,23.5717716217041,76300,27.697588427718284,25.27785075446206,21.73743419598992,29.269818453608266,29.91063294300608,3.04,3.0,-0.23,0.7
LCII,2013-01-07,23.50177990297903,23.50177990297903,23.25682229997673,23.33380889892578,37100,26.750848918409265,25.381375036443593,21.820483565077577,29.240472023594194,29.92740503164024,3.09,6.0,-0.28,0.64
LCII,2013-01-08,23.389786945095782,23.49476910918839,23.1798252867179,23.368791580200195,73300,26.677175018939085,25.13077443956605,21.762630598043582,29.223064458581167,29.906955543239455,3.15,4.0,-0.33,0.68
LCII,2013-01-09,23.403790205715566,23.627749716215586,23.36179946612679,23.445783615112305,70400,26.140654733580405,25.065980009944415,21.742733474915575,29.18663178282947,29.90643034988791,3.21,4.0,-0.37,0.7
LCII,2013-01-10,23.473773744292803,23.473773744292803,23.200823321420824,23.368791580200195,73200,25.986487741075315,25.026028668640897,21.631484097650638,28.82980529992135,29.895251423162634,3.27,3.0,-0.44,0.75
LCII,2013-01-11,23.64874892695651,24.58658042479682,23.627750886314292,24.173654556274414,238000,27.473219073570977,25.84995731004228,22.211451485647846,29.03584830415637,30.061858834373716,3.32,10.0,-0.38,0.65
LCII,2013-01-14,24.215643803829693,24.81053841556965,24.082668680404677,24.362619400024414,193400,27.3929414298423,25.85162887527667,22.224707091730924,28.80740498515483,30.054333684881463,3.36,11.0,-0.31,0.65
LCII,2013-01-15,24.250645609272397,24.61457789653641,24.250645609272397,24.35562515258789,154200,27.322661213559236,25.85822012520267,22.172932008163794,28.66260062924841,30.053941182281307,3.39,10.0,-0.29,0.68
LCII,2013-01-16,24.215649820470862,24.327629602179766,24.117667845201648,24.26464080810547,51500,26.39915229879054,25.79103560522781,22.170248280303575,28.04131596779148,30.04326319326322,3.42,10.0,-0.32,0.68
LCII,2013-01-17,24.439605382723087,24.81054051812512,24.39061440310911,24.677562713623047,216800,26.61750852044048,25.74794623167878,22.251185653354458,28.081035827616834,30.07106288877112,3.44,14.0,-0.29,0.65
LCII,2013-01-18,24.79653781314311,25.23745921233254,24.761544644593265,25.146474838256836,149700,22.7008109527329,25.55449458170266,22.340678099291626,27.908323260761776,30.09758881541009,3.47,15.0,-0.18,0.62
LCII,2013-01-22,25.090487261548258,25.18147164878296,24.84553237646407,24.90152359008789,211100,22.30548393890734,25.693115158917145,22.43132119480176,27.939866281900414,30.103807415010365,3.48,16.0,-0.19,0.56
LCII,2013-01-23,24.89453102610394,24.992513010336168,24.76155585747575,24.88053321838379,195100,21.830042603538725,25.672681044693775,22.434206663895342,27.939961904986333,30.100827708975352,3.5,17.0,-0.23,0.56
LCII,2013-01-24,24.92252582552594,25.90934854411081,24.92252582552594,25.853357315063477,198300,23.81785085283806,26.587520107270812,23.128980163264686,28.08241755928098,30.322890086733857,3.49,18.0,-0.07,0.52
LCII,2013-01-25,25.986333621868837,26.03532460950156,25.734378445581335,25.972335815429688,239000,23.68705675562386,26.562166797670073,23.130188878891868,28.06701850158357,30.31404713866599,3.49,19.0,0.03,0.51
LCII,2013-01-28,25.937340785364047,26.063318364527834,25.74837441661837,25.881349563598633,127500,23.76533067287078,26.576060926543114,23.122571794397395,28.07432975994092,30.318707889565964,3.49,18.0,0.03,0.52
LCII,2013-01-29,25.895345864159818,26.189291751920702,25.846354882866336,26.000328063964844,87200,23.306992734117845,26.54750139805964,23.12127040494218,28.020834218547353,30.195854050773068,3.49,18.0,0.02,0.52
LCII,2013-01-30,25.97933046869087,26.084312670300488,25.475422842466248,25.580402374267578,96900,24.139321193956707,26.825635275877964,23.324362108880653,28.09069639380601,30.219669663643305,3.49,22.0,-0.07,0.43
LCII,2013-01-31,25.475427802035263,25.748378375588477,25.41243900276846,25.629398345947266,78200,23.563437659041565,26.682213703031454,23.31279088774237,27.998516130768575,30.21069326207294,3.49,22.0,-0.16,0.43
LCII,2013-02-01,25.713381081698557,26.04232016324252,25.573405697943834,25.70638084411621,81100,23.107600109661846,26.493005877865272,23.311859950374096,27.828384301987764,30.208900270241767,3.48,22.0,-0.25,0.44
LCII,2013-02-04,25.440422698782715,25.63638926403685,24.726553459711827,24.803537368774414,180800,25.85464986016114,27.43875018139069,24.110665895165035,28.157009753011835,30.392624689044467,3.47,25.0,-0.36,0.42
LCII,2013-02-05,25.062496004629963,25.762370202996312,25.05549576755371,25.615394592285156,156800,26.309521780378287,27.441846528329133,24.55266419030064,28.3292268783535,30.457104343943147,3.45,26.0,-0.46,0.32
LCII,2013-02-06,25.531408042998816,25.74836998528775,25.258457558388578,25.538408279418945,131100,26.213749482585584,26.908934440981064,24.44508931245183,28.142864239446908,30.455298275845028,3.43,26.0,-0.55,0.36
LCII,2013-02-07,25.58740155649693,26.063316223168258,25.279455201704785,25.79736328125,125400,26.209582156219096,26.938949040131316,24.46321464978417,28.14459384298558,30.3862218372571,3.4,27.0,-0.63,0.36
LCII,2013-02-08,25.83935458575242,26.252280476989053,25.790363604572505,26.161298751831055,189400,25.51252439493658,26.73102346916332,24.521917101370352,28.168338464085352,30.40404713118677,3.38,28.0,-0.69,0.33
LCII,2013-02-11,26.16129862482656,26.16129862482656,25.720377126539578,25.96533203125,90900,25.6629855673136,26.83819141574736,24.563339825045595,28.188051200887365,30.39298270028708,3.36,30.0,-0.76,0.31
LCII,2013-02-12,26.0143340059519,26.889177135070153,25.797374618608558,26.53923988342285,175800,25.459611729422317,26.140807684551348,24.740162777259215,28.269665332526127,30.460894410078293,3.34,31.0,-0.79,0.24
LCII,2013-02-13,26.64420010168365,26.99413706405912,26.077301261504818,26.66519546508789,260500,25.359245271847975,25.852666265385395,24.723315317141413,28.25944357311797,30.39678749700718,3.33,31.0,-0.82,0.25
LCII,2013-02-14,26.581221247725114,26.938158577460435,26.581221247725114,26.854171752929688,72600,23.81326396973815,25.848339112509272,24.72644530969181,28.2382573622097,29.396461690060345,3.32,32.0,-0.85,0.25
LCII,2013-02-15,26.966150744918906,27.155117089998694,26.847173418280562,26.92416000366211,121900,23.80785791569608,25.648596217158637,24.71909175140098,28.168475004968606,29.394241892769774,3.31,31.0,-0.87,0.26
LCII,2013-02-19,27.022136236021193,27.16910913890528,26.79817676406234,27.06412696838379,135800,23.79153682875507,25.602421207011457,24.703803455158173,28.00434076042882,29.387462396148432,3.31,31.0,-0.9,0.26
LCII,2013-02-20,26.595218997682665,27.036140481243155,24.768546949883053,25.09048843383789,354700,33.09601592595584,29.852959952536278,27.54990433830763,29.4816846116502,30.145825398828542,3.29,41.0,-0.97,3.23
LCII,2013-02-21,25.09749367583675,25.370444234918903,24.859536298978956,25.06949806213379,136200,33.108581897764196,29.821680767782844,27.5420820143016,29.352521711276005,30.139608549297982,3.28,41.0,-1.03,3.24
LCII,2013-02-22,25.18847358233095,25.573403857599335,25.076493817347274,25.545408248901367,195100,33.450819112037394,29.763624112169946,27.309177587076356,29.359387081205828,30.12663428288103,3.26,40.0,-1.09,3.49
LCII,2013-02-25,25.741376098407034,25.783369517862347,24.93652224907801,24.957517623901367,230700,34.262188102893695,30.155111641833045,27.58060756203929,29.4911985989264,30.17751731600618,3.25,44.0,-1.14,3.22
LCII,2013-02-26,25.090494311842324,25.559411513377,24.88053254137089,25.195476531982422,318700,33.00985114802559,30.18668289777697,27.583637325860522,29.354726286535055,30.182077179031015,3.23,45.0,-1.19,3.24
LCII,2013-02-27,25.14648406751408,25.342448019161974,24.950520115866187,25.29345703125,218500,32.96336104104635,30.157923789161146,27.5689288815105,29.352029630383967,30.16350861651312,3.21,44.0,-1.24,3.25
LCII,2013-02-28,25.328451760793676,25.63639818341566,25.328451760793676,25.461429595947266,141400,32.996132548022224,30.136383074704497,27.54203311576085,29.286584346393063,30.152855148353574,3.19,42.0,-1.28,3.26
LCII,2013-03-01,25.286457020845372,25.97933102286219,25.160479444149885,25.944337844848633,177800,33.330723502575275,29.89967698631149,27.241972923755498,29.286936748100867,30.15578873514817,3.17,40.0,-1.32,3.42
LCII,2013-03-04,25.818363522983844,25.818363522983844,25.28646020862088,25.601404190063477,113200,33.32632206001419,30.099832477092065,27.352050952596112,29.334943380683132,30.121405227474042,3.15,43.0,-1.36,3.29
LCII,2013-03-05,25.790367576195166,25.89534979192372,25.657392416773156,25.818363189697266,122000,32.98396149588638,28.576840674891642,27.304091263953232,29.31221332127098,30.124598571508553,3.14,41.0,-1.4,3.32
LCII,2013-03-06,25.86734320103411,25.88134100184488,25.56639715812135,25.75536346435547,102200,32.84593801208324,28.13888729300641,27.30605449533932,29.311293572750085,29.93486923461,3.12,42.0,-1.43,3.3
LCII,2013-03-07,25.685385627036478,25.88834980122351,25.566405615689167,25.881349563598633,87100,32.85803370834618,27.85736788653877,27.16609883442329,29.281572833165026,29.929957450116447,3.1,40.0,-1.46,3.47
LCII,2013-03-08,25.895341147632596,26.084307470978736,25.6923770222081,25.874345779418945,69900,30.92454122246299,27.86454042282943,27.130359386179315,29.232626440790316,29.807105704131693,3.08,40.0,-1.48,3.52
LCII,2013-03-11,25.755373901630147,25.846358308867504,25.66438949439279,25.811365127563477,63800,30.90147836203482,27.77991404595082,27.10376268027211,29.227697553143457,29.751667373299977,3.06,40.0,-1.5,3.55
LCII,2013-03-12,25.776363700193606,25.87434564442312,25.3914308195666,25.44742202758789,61100,31.155064111747794,27.992424262734694,27.22475683556406,29.278630911725966,29.743519482363222,3.05,43.0,-1.51,3.41
LCII,2013-03-13,25.44742177283055,25.8113566119023,25.44742177283055,25.66438102722168,42600,31.23157365697769,27.89809273159531,27.22976826046129,29.163912040156738,29.738599571665976,3.03,44.0,-1.51,3.41
LCII,2013-03-14,25.664390458324377,26.25228500366211,25.566408479069537,26.25228500366211,119200,31.5514101930664,28.113011475354554,27.424160462748908,29.25401623778724,29.802881293886628,3.01,51.0,-1.52,3.3
LCII,2013-03-15,26.252287061217537,26.567231069084144,26.252287061217537,26.357269287109375,132500,31.563157535774085,27.79918080951238,27.36777074855304,29.195580872678285,29.403933656354198,2.99,51.0,-1.52,3.33
LCII,2013-03-18,26.11930657743716,26.308272943729918,25.92334264341876,26.049320220947266,78200,31.768164083511248,27.71782569931174,27.34472446620716,29.231895609520503,29.39943018933156,2.97,50.0,-1.52,3.35
LCII,2013-03-19,26.091310237830594,26.23128561670732,25.45442480025935,25.580402374267578,104200,30.406674046196102,28.02502394957534,27.334122858414624,29.279554931758756,29.462838009597885,2.95,50.0,-1.51,3.36
LCII,2013-03-20,25.804367233047152,25.888354079575077,25.482425664116622,25.552412033081055,117900,28.935601577016364,27.538649661136834,27.33340623480769,29.239588682942337,29.44962667433819,2.93,50.0,-1.5,3.34
LCII,2013-03-21,25.33545268740601,25.580407648590363,25.034506495203043,25.552412033081055,75700,28.922282643797264,27.488345908615276,27.322148589821705,28.827135170612227,29.447147635866212,2.92,49.0,-1.48,3.36
LCII,2013-03-22,25.601405695126765,25.692387440818756,25.433434671879752,25.552412033081055,90400,28.764405952846932,27.471137329731498,27.294617707904255,28.802105378018506,29.391205804225002,2.9,46.0,-1.46,3.4
LCII,2013-03-25,25.6993866641029,25.790368406199796,25.4194358596896,25.608402252197266,75400,28.455158213533533,27.151653644268187,27.269359591725895,28.72367649425616,29.369950687504964,2.89,46.0,-1.43,3.41
LCII,2013-03-26,25.67139055491353,25.776372771997288,25.412437801197918,25.601404190063477,56600,28.381938824530188,27.13507431779607,27.26304805952895,28.721620551345744,28.794649583025052,2.87,46.0,-1.41,3.42
LCII,2013-03-27,25.342445927710845,25.685385484601284,25.160479797599113,25.636394500732422,88500,27.591145449375375,26.910573229598477,27.23591579884544,28.70747402173649,28.76544622821189,2.86,45.0,-1.37,3.42
LCII,2013-03-28,25.699380015796496,25.86035075225873,25.384436109758198,25.412431716918945,164900,27.61840414560881,26.904822039104303,27.258061559800133,28.733196937895773,28.706698746969955,2.84,47.0,-1.33,3.36
LCII,2013-04-01,25.468422005153926,25.846354718275435,25.076494157301898,25.237464904785156,76400,27.534167156153604,26.079921942744594,27.22743450735891,28.73581118328768,28.672471135970124,2.83,44.0,-1.29,3.39
LCII,2013-04-02,25.34944426353224,25.49641720411264,25.083491321190433,25.118484497070312,66400,27.50800856072187,26.079229536187043,27.113765418411727,27.61052786022017,28.673164987201442,2.82,41.0,-1.24,3.44
LCII,2013-04-03,25.1184887118379,25.1184887118379,24.30663461408167,24.383621215820312,122600,28.520444762302898,26.830642056753273,27.40872282256992,27.848280773815265,28.840297400907943,2.8,63.0,-1.19,3.16
LCII,2013-04-04,24.523593202178894,25.160478632797997,24.453604178600372,25.139480590820312,159600,20.68018193003815,27.42540547692037,27.435632284470575,27.718369395583935,28.987377227207585,2.78,65.0,-1.13,3.26
LCII,2013-04-05,24.775551702576593,25.09049300700071,24.684567294507442,24.971515655517578,79600,20.77211595969164,27.47360498624373,27.173198261081406,27.703623757021777,28.862931374575474,2.76,44.0,-1.06,3.5
LCII,2013-04-08,24.84553183678197,25.16047573205488,24.691558672469,25.1254825592041,69100,20.081865476944778,27.489542687401013,27.175815933995978,27.700123810703676,28.82868562965251,2.74,45.0,-0.99,3.5
LCII,2013-04-09,25.2234621673481,25.28645094054977,24.803536122734382,25.006500244140625,69900,18.94517000921648,27.501223634873334,27.06068757383917,27.642904925598916,28.79723793300738,2.71,40.0,-0.91,3.62
LCII,2013-04-10,25.069497181897873,25.482423125187555,24.999510819906497,25.37044334411621,80200,19.212204440966882,26.792975214915938,27.13155142811668,27.60590005661386,28.82420359598029,2.69,44.0,-0.83,3.58
LCII,2013-04-11,25.279460706209246,25.650395926177833,25.160483348538644,25.195476531982422,75800,19.288765231185838,26.798828700073017,26.6878040938951,27.458669505345952,28.727887656834163,2.66,40.0,-0.77,3.95
LCII,2013-04-12,25.125483687709725,25.384436382205834,25.083490276517896,25.335445404052734,54700,19.258471798928017,26.817559996020258,26.56687779642734,27.46149859865304,28.51846741355391,2.63,40.0,-0.76,4.11
LCII,2013-04-15,25.19547086044583,25.27245744857761,24.14565957459392,24.376619338989258,173700,21.40956825352753,27.98657701711039,27.36017792750242,27.86787094768803,28.657276581825176,2.6,68.0,-0.78,3.56
LCII,2013-04-16,24.50259643987983,24.943517967123277,24.453605455720382,24.866531372070312,60900,22.04962927882983,28.07083614185923,27.343703156647024,27.491790843416464,28.6638591677224,2.57,66.0,-0.75,3.57
LCII,2013-04-17,24.698565132784285,24.698565132784285,23.984693013544376,24.04768180847168,94300,23.775227783915195,28.624235325223914,27.87328501747372,27.576436160357133,28.798833405699547,2.54,81.0,-0.72,3.15
LCII,2013-04-18,24.019684361369432,24.14566194160596,23.45278525030504,23.886709213256836,141100,23.808632412279373,28.589677771432303,27.454961648443536,27.267744166757836,28.759794927184668,2.5,74.0,-0.64,3.34
LCII,2013-04-19,23.87970584005416,24.22964292369426,23.746730709401827,23.998685836791992,96300,23.80323276217884,28.610816937969208,27.4202415146439,26.741143364464097,28.727008956142658,2.48,72.0,-0.55,3.36
LCII,2013-04-22,24.0056867101371,24.131664291183515,23.501779055759865,24.061677932739258,74200,23.84168038171249,27.446212128645886,27.23538617901221,26.72873454762189,28.68423669295025,2.45,53.0,-0.44,3.47
LCII,2013-04-23,24.201641342490152,24.509584904981118,23.977679232724675,24.446596145629883,91300,24.4239415516586,27.64443659491534,27.291036181968465,26.325967828931784,28.709904854752732,2.42,59.0,-0.32,3.48
LCII,2013-04-24,24.446601804299284,24.74754787199233,24.411608634294737,24.698556900024414,102100,24.374290563213265,27.735015412601687,27.327621223394864,26.26179914488702,28.695987585144533,2.39,66.0,-0.18,3.47
LCII,2013-04-25,24.747549925185194,25.314446267791837,24.65656553977861,25.03449821472168,66400,24.586563491211017,27.86872695891176,27.381892650999696,23.979685661747006,28.46229859124311,2.36,74.0,-0.03,3.46
LCII,2013-04-26,25.02050934950564,25.30046017238871,24.908529554314196,25.188480377197266,86900,23.664801248629036,27.709174932155285,27.377899759463048,23.940544525402846,28.431953870952974,2.33,74.0,0.14,3.49
LCII,2013-04-29,25.25846004929667,25.454423971458493,25.104486870564834,25.223466873168945,94500,23.62546643451816,27.70762568155913,27.14458647865537,23.905648830220173,28.255430157641502,2.3,47.0,0.28,3.74
LCII,2013-04-30,25.034494389526273,25.405426771325658,24.936512452432666,25.265451431274414,87600,23.43708096981296,27.70225306659466,27.140083130373956,23.881330379397255,28.146990086015766,2.29,47.0,0.43,3.73
LCII,2013-05-01,25.139477203774188,25.1954684150933,24.320625761791447,24.418607711791992,93000,24.860989589639964,27.61340404837415,26.834466044540285,24.229369719380696,27.90987799181447,2.27,42.0,0.23,3.8
LCII,2013-05-02,24.537585698642925,24.99950247510099,24.481594491892768,24.831531524658203,101400,25.422140191552607,27.01280493156255,26.592424738627535,24.294333120936116,27.940698735002805,2.25,41.0,0.17,3.96
LCII,2013-05-03,24.614577534832417,25.629395790821246,23.39679776349266,25.020505905151367,223800,25.54154014699501,27.058242052973025,26.396196997096833,24.279332974451084,27.774879617977373,2.23,40.0,0.21,4.1
LCII,2013-05-06,24.950516810632553,25.412433685332175,24.70555923371399,25.251462936401367,113400,25.701785795712155,27.044043170371896,26.416935100470894,24.287677009474635,27.786217136151905,2.21,41.0,0.24,4.09
LCII,2013-05-07,25.244455362013863,25.496410433131366,24.887520791135717,25.153470993041992,77500,25.70904769918591,26.88625746386883,26.344909749775976,24.22849429187896,27.789490998249867,2.19,38.0,0.32,4.11
LCII,2013-05-08,25.15348272977845,25.48942209141689,24.922525586693336,25.433433532714844,198500,25.93067644933492,26.95334372298962,26.384870953642807,24.25124532238596,27.6712833402245,2.17,41.0,0.36,4.1
LCII,2013-05-09,25.43343215653726,25.46142776927783,25.16747917511901,25.300457000732422,83500,25.966272973056537,26.569165365684462,26.347885327276778,24.263521433170503,27.668326245561875,2.16,40.0,0.19,4.15
LCII,2013-05-10,25.342446639473984,25.74837499699785,25.223469295253274,25.657390594482422,79900,26.169610639037817,26.719197573228026,26.358867704524464,24.284577252094863,27.6976285824514,2.14,41.0,0.03,4.15
LCII,2013-05-13,25.685380706812705,25.72737144528473,25.41942779398902,25.671382904052734,86400,26.079711055020155,26.67227764570835,26.129547277947058,24.27532858776659,27.660981997575806,2.12,38.0,0.03,4.31
LCII,2013-05-14,25.496410823875017,26.056309507268228,25.496410823875017,25.75536346435547,119600,26.041573205311703,26.6761851395406,25.955560816447427,24.261075265804294,27.653196258286556,2.11,38.0,0.12,4.44
LCII,2013-05-15,25.622391929296775,25.846351433840546,25.51041217702489,25.671382904052734,68100,24.425872769323075,26.652228778111077,25.955312611272554,24.24481601166649,27.594260071044914,2.1,38.0,0.24,4.41
LCII,2013-05-16,25.552402725473666,25.720373687536302,25.27245468177976,25.426427841186523,74200,23.041846400158835,21.708005202063116,25.677158814210472,24.28138637837324,27.499380219405705,2.09,37.0,0.41,4.57
LCII,2013-05-17,25.615395111218575,26.175296617101058,25.58040193455298,26.000328063964844,122900,23.789993784857746,22.173537009466177,25.872625754686606,24.400057351061307,27.55364732817981,2.09,39.0,0.57,4.45
LCII,2013-05-20,25.86734574255125,26.25927619433819,25.86734574255125,26.119300842285156,176000,23.766665559862414,21.8642525205992,25.868156872190013,24.400579728339576,27.517765013310854,2.09,39.0,0.74,4.48
LCII,2013-05-21,26.049312333705128,26.23827864278244,25.783359453914002,26.126298904418945,79000,23.700272681197706,21.30154555273838,25.677422639676706,24.40072365704963,27.381976606403143,2.09,38.0,0.84,4.74
LCII,2013-05-22,26.16830270827902,26.315275687702584,25.76237695513647,25.91634750366211,155100,23.525812381193088,21.298236624116758,25.711809130232332,24.417334521331107,27.38789800984333,2.09,38.0,0.9,4.68
LCII,2013-05-23,25.65739509901517,26.1892984621174,25.615401674371995,26.035327911376953,84000,23.437658638320322,21.303500727152127,25.587539145023868,24.41948822544497,27.380152313925628,2.04,35.0,0.53,4.88
LCII,2013-05-24,25.93033908149589,25.979330062866214,25.755370528085248,25.97933006286621,77200,23.416867401346142,21.27139327184338,25.52313780398569,24.423741657205547,27.378518684937266,1.99,34.0,0.2,4.91
LCII,2013-05-28,26.35025860795817,26.6302066213728,26.13329669497058,26.441240310668945,74300,20.704591329695543,21.229527298575906,25.09522805460468,24.49222552428674,27.413264409678558,1.95,33.0,0.23,5.21
LCII,2013-05-29,26.20329061693548,26.47624381351269,25.839355691307553,26.3012752532959,42300,20.168119125328865,21.073017700002573,25.09832952389367,24.50687720038732,27.415203979602143,1.91,33.0,0.3,5.17
LCII,2013-05-30,26.413246864709723,26.68619730715095,26.168289354200457,26.595212936401367,71000,17.314872729925543,21.123405213749628,25.148480868005844,24.5314956920213,27.414667484820672,1.87,33.0,0.36,5.14
LCII,2013-05-31,26.371254204509867,26.588216119387603,26.19628569342358,26.455238342285156,133900,17.247003786604758,21.14820596951244,25.10436450007965,24.543095402353106,27.367604486930226,1.83,32.0,0.31,5.21
LCII,2013-06-03,26.539234024563793,26.987155850428,26.147306097919664,26.721202850341797,203000,17.349930224399547,21.2200192832497,25.142733185204236,24.48292985551357,27.26564649272237,1.78,32.0,0.2,5.19
LCII,2013-06-04,26.73520107088998,26.910169660791343,26.2452884852044,26.413259506225586,185100,17.89861914633769,21.364648007544805,25.224210592098945,24.53141220517861,27.28711379383303,1.74,33.0,0.08,5.04
LCII,2013-06-05,26.32227480606283,26.44825240300836,25.888353455366428,26.13330841064453,83700,17.906157155071554,21.476430714729144,25.284552313160514,24.574434163582023,27.21769994798348,1.68,33.0,-0.2,4.94
LCII,2013-06-06,26.09131316521936,26.406257135575963,25.902346783005402,26.399259567260742,85700,17.901185922471395,21.35772516090371,24.77779115196715,24.581769598292897,27.182204794676064,1.64,26.0,-0.18,5.33
LCII,2013-06-07,26.616210126232012,27.18310908616011,26.308266495423503,27.078126907348633,106100,18.857880594531153,21.89799218243428,25.058674279086024,24.739377372899042,27.26929161113881,1.6,26.0,-0.1,5.08
LCII,2013-06-10,27.274108636694166,27.94598747941599,26.924171405717065,27.931989669799805,153800,20.566618995139535,22.317920087878555,25.505576790968558,24.9655500706899,27.30934274513497,1.56,33.0,0.58,4.75
LCII,2013-06-11,27.596043456449667,27.9949715879939,27.491061245071275,27.813005447387695,110400,20.680844239686095,22.33536084765408,25.508398516894808,24.975377680485852,27.313671853765232,1.51,33.0,0.84,4.74
LCII,2013-06-12,27.99496807629549,27.99496807629549,27.456064620449816,27.645030975341797,111200,20.85291958794636,22.227851814337022,25.413068467044265,24.991430058936402,27.269462779835823,1.46,31.0,0.85,4.78
LCII,2013-06-13,27.617035754707537,28.477880714777015,27.617035754707537,28.421892166137695,135400,18.902207174862205,22.525687168669716,25.609009760763268,25.163832873316206,27.3430483152899,1.41,35.0,1.33,4.63
LCII,2013-06-14,28.42889138439714,28.47088480067136,27.931981305956672,27.980972290039062,68100,19.4822416786964,22.79970273733637,25.68969631060184,25.15880464384353,27.391814037280316,1.36,37.0,1.24,4.53
LCII,2013-06-17,28.34490506499244,28.60385777112632,28.141940906489143,28.554866790771484,132000,20.0278043252114,23.119566599638215,25.866304690153253,25.247186788192266,27.430295980800874,1.31,38.0,1.43,4.4
LCII,2013-06-18,28.694845349860916,28.967795890653647,28.694845349860916,28.869813919067383,100900,20.071370683866974,23.191224873873967,25.227208463396344,25.059596637686255,27.44055041510635,1.27,26.0,1.64,4.79
LCII,2013-06-19,28.911808051872292,29.00278978784776,28.449891124535146,28.463886260986328,70500,20.655113258129262,23.427414675837884,25.336603847966906,25.10982070910972,27.4627136590501,1.24,27.0,1.45,4.6
LCII,2013-06-20,28.113947436861494,28.23992501587575,27.833999337791894,27.980972290039062,102600,21.431634392616044,23.74192721338389,25.488631770608016,25.200707032605496,27.491169594689925,1.2,28.0,1.19,4.39
LCII,2013-06-21,28.092954881358768,28.330912257829727,27.743017720066685,28.03696632385254,187000,21.28656725561092,23.74215042435437,25.48210454025574,25.189525146220866,27.483145904755297,1.16,27.0,0.95,4.39
LCII,2013-06-24,27.638029330659418,28.057952721930178,27.38607422797384,27.79199981689453,107700,21.32623397278402,23.742171707042694,25.382017109900495,25.19707239059541,27.494792569035866,1.13,25.0,0.73,4.52
LCII,2013-06-25,28.071959060789535,28.26092544526723,27.477064294143027,27.582046508789062,122700,21.525591085975964,23.752760960474017,25.416436894913964,24.953012851365227,27.418350923507163,1.09,26.0,0.55,4.45
LCII,2013-06-26,27.67302207394163,27.819994991634136,27.337082832155435,27.53304672241211,217100,21.557432975298557,23.72753484948714,25.416914472378117,24.955907069766635,27.411322611665422,1.05,26.0,0.38,4.44
LCII,2013-06-27,27.82000201563249,28.022966193104335,27.008147975553538,27.491060256958008,221400,21.524796439487158,22.829667133827904,24.739575142604238,24.91420049295773,27.370943896059373,1.04,10.0,0.26,5.09
LCII,2013-06-28,27.484053615734016,27.826990397054438,27.379071442786707,27.519046783447266,608000,21.23406641687717,22.042055227849712,24.22921025071787,24.90874147393211,27.36370174838007,1.04,1.0,0.12,5.5
LCII,2013-07-01,27.575041955807883,27.938974156166232,27.456061964692005,27.785003662109375,266100,20.51794207745136,22.036166427292937,24.262672872689706,24.845385669492583,27.33352164899913,1.05,2.0,-0.02,5.5
LCII,2013-07-02,27.71501922607422,27.98797242615415,27.50505748508137,27.71501922607422,113900,20.55012628274482,22.034397076200786,24.222905667321434,24.829740549424333,27.305908766028985,1.05,1.0,-0.15,5.51
LCII,2013-07-03,27.58903307230208,27.861986187542804,27.428062365246813,27.7710018157959,29900,20.543739613751498,21.994292272401495,24.13003294533199,24.810439480141238,26.986845126122695,1.06,1.0,-0.26,5.59
LCII,2013-07-05,27.994971765423593,28.470886499020477,27.8689941788945,28.463886260986328,86900,21.31883999036966,22.34223235783879,24.393387655281643,24.957075808537514,27.064412573463414,1.06,5.0,-0.35,5.4
LCII,2013-07-08,28.49887530802304,28.98878506111529,28.49887530802304,28.771825790405273,84400,21.430444420459185,22.33733756643918,24.213767068629743,24.970277433723876,27.019721879592346,1.07,2.0,-0.37,5.57
LCII,2013-07-09,28.855820149637633,29.43671716216971,28.666853748084147,28.88381576538086,89700,21.3675237497787,22.329379819318497,24.210633798669203,24.971484596356934,27.018320071174212,1.08,2.0,-0.39,5.58
LCII,2013-07-10,28.813823554894316,29.1217699545608,28.63885498046875,28.63885498046875,79400,21.21213986501097,20.78155312552376,24.234353760692283,24.96289310215628,27.02696017663044,1.09,6.0,-0.44,5.49
LCII,2013-07-11,29.03078754762925,29.09377634555276,28.708845989268525,28.904809951782227,78700,21.15628641918774,20.517664715562624,24.27092220417015,24.913619671080813,27.036728117943753,1.1,8.0,-0.47,5.46
LCII,2013-07-12,28.799828785970583,29.38772331033667,28.750837798090792,29.254745483398438,66000,21.188049196660646,19.18448602827049,24.327350925324946,24.822227734033063,27.044588208607063,1.1,9.0,-0.43,5.41
LCII,2013-07-15,29.191759039245298,29.688669196208746,29.191759039245298,29.282743453979492,51200,21.048484431908623,19.078096309556354,21.008647123370537,24.818502892659534,26.185226470326516,1.22,1.0,-0.46,0.8
LCII,2013-07-16,29.21975366946439,29.268744659636877,28.778832088103275,28.91180992126465,84500,21.455768833816105,19.360209327757026,21.127778986923005,24.87218138131206,26.215588670193934,1.31,2.0,-0.55,0.71
LCII,2013-07-17,29.09376548549379,29.18474986404502,28.92579720026911,29.037776947021484,89600,21.031075713159154,19.36160248529068,20.94894832990029,24.85699729024941,25.960479583913852,1.41,1.0,-0.63,0.79
LCII,2013-07-18,29.100774071185644,29.492701962369164,28.974796486217077,29.128767013549805,90200,20.6197888871775,19.178796611754485,20.57690059599632,24.840865268556524,25.935374036817493,1.51,1.0,-0.69,0.97
LCII,2013-07-19,29.114771118234827,29.849641302049726,29.079777935626666,29.485706329345703,107200,20.68461799273376,19.214270413809214,20.60774260969927,24.865349907191934,25.94981152322135,1.59,2.0,-0.72,0.95
LCII,2013-07-22,29.60467575277394,29.737653548790995,29.499696233074562,29.562685012817383,76400,19.634527736912887,19.087905613602082,20.605101567199245,24.848042770568394,25.899468098407937,1.67,2.0,-0.75,0.95
LCII,2013-07-23,29.597676580306604,29.89162242328719,29.401710015178377,29.464698791503906,62300,17.798072280753075,19.11509035375141,20.603388608468563,24.83574092636764,25.843894707634984,1.75,2.0,-0.81,0.94
LCII,2013-07-24,29.53469407765292,29.71666020913058,29.191754518188198,29.261743545532227,67900,17.89237203321272,19.213246653022026,20.45659788400561,24.81725146757011,25.731291643457904,1.82,1.0,-0.88,1.0
LCII,2013-07-25,29.303732538610003,29.56268791957454,29.10077104597845,29.506696701049805,64100,17.836835505581515,19.24983831406091,20.35410218062699,24.748182873588036,25.738768007102884,1.9,1.0,-0.93,1.09
LCII,2013-07-26,29.22674769695601,29.527693840014315,28.932801791536313,29.261743545532227,66700,16.349210623670146,17.824646457380112,20.38103272189127,24.683446001473555,25.752485469572466,1.96,2.0,-1.0,1.05
LCII,2013-07-29,29.247740368961797,29.492695245160977,28.890803069576805,28.932796478271484,82300,16.011742372530826,17.827998374515932,20.470287982363814,24.50446678747251,25.43131485616807,2.02,4.0,-1.06,0.98
LCII,2013-07-30,29.114761421269804,29.114761421269804,28.491873900953916,28.79281997680664,98700,15.02140996080748,17.860081941877237,20.483588150365378,24.334563661834817,25.260219010425395,2.08,5.0,-1.12,0.96
LCII,2013-07-31,28.939798957115563,29.065776534775374,28.4358913162847,28.57586669921875,108300,14.83422797487049,17.915620262965216,20.528369164038534,24.3565351682503,25.02786411170438,2.13,6.0,-1.18,0.92
LCII,2013-08-01,28.911810873965575,29.086779464578225,28.46388903935778,28.589866638183594,147400,14.24421930596535,17.875945698162628,20.52117706714027,24.27447005353071,24.613027862816317,2.18,6.0,-1.22,0.93
LCII,2013-08-02,28.533870979210068,29.212749796243504,28.302911215548242,29.114765167236328,74400,14.202207798221783,18.086422071552256,20.553777257017195,24.350642752723253,24.656306744016184,2.22,8.0,-1.26,0.95
LCII,2013-08-05,28.995783509801157,29.310727381520312,28.981785707746113,29.198747634887695,144100,14.208143256660785,18.019130838430296,20.523420346116065,24.057557425358524,24.301951168827134,2.26,7.0,-1.3,0.96
LCII,2013-08-06,34.67875650551338,34.67875650551338,29.387710722395397,30.36753273010254,183400,17.63690961823033,19.403556387375794,21.12353068720381,24.379791338822702,24.522138212110907,2.29,16.0,-1.26,1.14
LCII,2013-08-07,30.374544265521923,30.787470189977466,30.332550848357332,30.689485549926758,102900,17.47765486357836,19.46187832158013,21.16913431983099,24.39853971011961,22.791706079570286,2.31,18.0,-1.2,1.11
LCII,2013-08-08,30.808457836590474,31.410349982613507,30.78746246817825,30.94143295288086,130700,17.45163199207213,19.49099849559771,21.08727275435799,24.310093068977853,22.76439280423347,2.34,16.0,-1.13,1.18
LCII,2013-08-09,30.934445907212883,31.081418875698226,30.696488528318604,30.836463928222656,54500,17.51046009333396,19.492849805422487,20.861888553501785,24.29090965709162,22.74618934880338,2.36,14.0,-1.1,1.31
LCII,2013-08-12,30.59149430279395,31.102402042558644,30.59149430279395,30.703474044799805,62500,17.652737525219287,19.376498257429326,20.879840907137886,24.03132052726838,22.73785632379858,2.39,15.0,-1.1,1.3
LCII,2013-08-13,30.70347066656746,31.067405455495493,30.479511207197493,30.983421325683594,54700,17.637517262213713,19.00315687687159,20.909213574560674,24.024454191579224,22.730858414837254,2.41,16.0,-1.08,1.28
LCII,2013-08-14,31.15140544232978,31.18640129488877,30.52851771202511,30.56351089477539,55700,18.25847480870227,19.30006920028608,21.052937424296932,23.98926165188981,22.782335137912398,2.42,19.0,-1.11,1.17
LCII,2013-08-15,30.241560290783273,30.241560290783273,29.674663958392408,30.003602981567383,98500,19.316538472370947,19.774649051225452,21.297472387638297,24.079199417977172,22.85236216743222,2.44,24.0,-1.15,1.03
LCII,2013-08-16,29.849636724851727,30.38153996043539,29.772650133033817,30.10158920288086,48700,18.153047273492902,19.656728601695,21.297016041260612,24.079616616762454,22.845800442241977,2.45,24.0,-1.18,1.03
LCII,2013-08-19,29.954618816562263,30.23456959804197,29.681668273014235,29.71666145324707,33000,18.43653062925856,19.90146265957206,21.420869798242112,24.134086433185008,22.843268851733843,2.45,26.0,-1.21,0.95
LCII,2013-08-20,29.8146471397295,30.318557541239933,29.8146471397295,30.234573364257812,38500,19.01340113808087,20.11699943230542,21.502588069064693,24.19381659418645,22.893679952306545,2.46,27.0,-1.23,0.91
LCII,2013-08-21,30.073583879615416,30.31154112461097,29.50668503041235,29.81462860107422,42400,19.327892112792796,20.14692834252162,21.604151627314838,24.12029350177422,22.947006026632895,2.46,28.0,-1.25,0.85
LCII,2013-08-22,29.98960483449559,30.549506263735942,29.98260726804363,30.402530670166016,27800,19.91412408820414,20.40335024927243,21.76393846715145,24.20678975972979,22.996995539964967,2.46,29.0,-1.26,0.78
LCII,2013-08-23,30.37454070514226,30.626493169171596,29.940616788062982,30.04559898376465,46000,20.035946509443512,20.526404515604547,21.282808013106724,23.686185482143447,23.029850014319834,2.46,24.0,-1.26,0.84
LCII,2013-08-26,30.192569316814335,30.346542478609436,29.76564567351549,29.933616638183594,23300,20.08064600125328,20.505358690084748,20.807057928691506,23.48298048621392,23.024877359416323,2.47,14.0,-1.27,0.95
LCII,2013-08-27,29.520695461888437,29.6816662156487,28.379899710673655,28.386899948120117,101600,25.18196193695179,23.338363179911685,22.516885247242328,24.242968153997555,23.652846580497354,2.46,32.0,-1.24,2.07
LCII,2013-08-28,28.38688872050902,29.83562760115307,28.38688872050902,29.527681350708008,94100,27.70465562051067,24.474581367991984,23.30476673991094,24.64772967449593,23.9522814001544,2.45,33.0,-1.24,1.92
LCII,2013-08-29,29.45071216178267,30.563509748472594,29.422716548708948,30.017608642578125,64200,28.078866420634125,24.513189046358868,23.400311917930196,24.658844628382308,23.99434637346455,2.43,34.0,-1.23,1.87
LCII,2013-08-30,29.905633354854714,29.905633354854714,29.13577256827902,29.366729736328125,44500,28.633227925642668,24.95265224408841,23.612244095997852,24.816596439161838,24.11030860812168,2.41,35.0,-1.21,1.72
LCII,2013-09-03,29.681669401573664,29.695667208160728,28.449891789806923,29.35972785949707,144200,28.621422761406635,24.464703422041747,23.57565488177913,24.781939644939744,24.1107241984834,2.4,35.0,-1.19,1.75
LCII,2013-09-04,29.317737283420033,29.77965426636244,29.20575748967063,29.394723892211914,93100,28.608957006932435,23.66891458482339,23.56693064891994,24.745722868887604,24.102738976816273,2.39,35.0,-1.16,1.75
LCII,2013-09-05,29.394723892211914,29.68866984962577,29.121773311810795,29.394723892211914,101500,28.535553298847997,23.645633182572585,22.67632300733998,24.611785507140276,24.103267977555152,2.37,33.0,-1.14,1.95
LCII,2013-09-06,29.39471007389905,29.464696410913856,28.596854084776723,29.296728134155273,50300,28.44503319705794,23.617907889032306,22.505509267004477,24.51670699298943,24.108524389720507,2.35,32.0,-1.1,2.05
LCII,2013-09-09,29.33173509136482,29.47870807007175,29.289741667530464,29.394723892211914,70400,28.35733362085971,22.95795961991018,21.790449932480506,24.512098356054786,24.106568198408322,2.33,32.0,-1.08,2.33
LCII,2013-09-10,29.478701307987308,29.590681076049805,29.380719344658655,29.590681076049805,91100,28.203967836051273,22.73964769112345,21.757483829429304,24.329795732826398,24.111547087257048,2.31,31.0,-1.09,2.37
LCII,2013-09-11,29.569692486808414,29.569692486808414,29.282744098462512,29.394723892211914,76500,28.23969901060038,22.427671082051695,21.798087463306473,24.32988585310439,24.126177713493156,2.29,34.0,-1.1,2.33
LCII,2013-09-12,29.31074393154734,29.31074393154734,28.85582445221961,28.890817642211914,83700,28.624862040560767,22.610385505759613,22.012439755211407,24.423380476459947,24.1991440968364,2.27,35.0,-1.11,2.15
LCII,2013-09-13,29.037781036175144,29.14276056177204,28.57586418204765,28.96079444885254,72600,28.63105201967183,22.421021108010166,21.897296485637824,24.31210836969024,24.140563640996007,2.25,35.0,-1.09,2.23
LCII,2013-09-16,29.310733370854777,29.387719962985038,28.5548679242758,28.62485694885254,88300,28.3275814220413,22.267809008661192,21.955618822708338,24.35535571860407,24.175261993200863,2.23,36.0,-1.05,2.17
LCII,2013-09-17,28.603854666785583,29.36671756784317,28.505872716709767,29.345722198486328,107000,29.261659932951666,22.8252530800174,22.186996474095988,24.43933256098683,24.28678278259454,2.2,38.0,-1.01,2.04
LCII,2013-09-18,29.065783152837625,30.325559216277334,28.778834753900576,30.276565551757812,254000,28.4107462934408,23.571493873255793,22.67018182899907,24.651151745859924,24.45692918537789,2.17,41.0,-0.96,1.82
LCII,2013-09-19,30.44452734668757,30.61949589465704,30.14358123059543,30.556507110595703,56000,28.36966930415971,23.548464774917676,22.70014716960051,24.351699426785974,24.467032074655933,2.14,43.0,-0.92,1.8
LCII,2013-09-20,30.752474340769414,30.95543851901892,30.570508206006433,30.689485549926758,318800,28.29361897364379,23.543183233344358,22.703365756241144,24.344735084358557,24.457566839808248,2.11,44.0,-0.87,1.8
LCII,2013-09-23,30.696479110737332,30.72447471609092,30.297551078776277,30.58449935913086,130100,28.293893847697383,23.557900620006567,21.97454146820325,24.35164040380374,24.462462656207975,2.09,37.0,-0.91,2.0
LCII,2013-09-24,30.626501977412623,31.018432594969607,30.57051341479529,30.682493209838867,297100,28.284342268939156,23.559137813008256,21.851586172533562,24.313359454485038,24.46166575348932,2.07,35.0,-0.9,2.1
LCII,2013-09-25,30.640484784575644,31.123399583495786,30.451518472364405,30.766462326049805,66200,28.166516765675482,23.503909152620615,21.83426467711359,24.31378207481844,24.451211460575966,2.06,35.0,-0.89,2.11
LCII,2013-09-26,30.794459484393702,31.354358213784767,30.75246607851147,31.32636260986328,100900,28.351697029249685,23.722779742534257,21.952546864710946,24.391295739588166,24.437537460433045,2.04,38.0,-0.85,2.02
LCII,2013-09-27,31.06041773295211,31.781287304367613,31.06041773295211,31.494338989257812,96000,27.77674344797732,23.732452405068216,21.936775606262387,24.388281872989857,24.435682076900488,2.02,38.0,-0.82,2.04
LCII,2013-09-30,31.242380888755505,31.914259416086,31.207387716046032,31.872268676757812,92500,27.934487022152233,23.356577914379635,21.945998424149014,24.11711286283042,24.304284318072085,2.0,39.0,-0.74,2.03
LCII,2013-10-01,31.851274270946902,32.87309265136719,31.851274270946902,32.87309265136719,166900,28.791597934286784,24.03910848992049,22.37795766676915,24.355639114827188,24.459068933547616,1.97,45.0,-0.54,1.82
LCII,2013-10-02,32.670127193309604,32.80310232742605,32.369181079954565,32.55814743041992,135500,28.71767209510284,24.158352754277683,22.386262487134825,24.39121959112851,24.478657235406928,1.95,46.0,-0.43,1.82
LCII,2013-10-03,32.481154386973216,32.817093608871836,32.34117904373022,32.698116302490234,113200,28.29305380413128,24.062699853626572,22.386334159506855,24.38490745264449,24.47169949585383,1.93,47.0,-0.34,1.82
LCII,2013-10-04,32.59314618900859,32.92908553522475,32.39718223783465,32.81010818481445,117600,27.861134277135736,24.01954164940001,22.386494784830596,24.318579855253077,24.454961589811674,1.91,48.0,-0.25,1.82
LCII,2013-10-07,32.57914769337474,33.027066812188096,32.48116571986039,32.83810043334961,127300,27.53419420286553,23.93141484208004,22.369402861667872,24.232021590234375,24.26083543756605,1.89,45.0,-0.2,1.83
LCII,2013-10-08,32.796099521112595,33.034056812965524,32.22220299425689,32.33418273925781,127800,27.988255241842264,24.194989784101516,22.469213381739607,24.278449893421307,24.32199480578856,1.87,50.0,-0.24,1.77
LCII,2013-10-09,32.41117346064096,32.41117346064096,31.830276623646302,32.096229553222656,109100,22.73851411668084,24.083381248585756,22.293121988137234,24.299489602562634,24.30765340096879,1.85,45.0,-0.25,1.88
LCII,2013-10-10,32.44616003140857,32.91507434383626,32.20120252224442,32.88008117675781,75900,21.04571157243516,24.512178235499082,22.562730302419336,24.052065633677714,24.407774557912536,1.82,54.0,-0.23,1.71
LCII,2013-10-11,32.83109558636576,33.95789337158203,32.83109558636576,33.95789337158203,86100,22.343394549266876,25.280559045490786,23.05531275934409,24.325932073641397,24.535996053380984,1.8,59.0,-0.05,1.49
LCII,2013-10-14,33.67094335026744,34.405810620696926,33.60795457452733,34.29383087158203,106700,20.982590059865913,25.247101196884415,23.01922138859343,24.338610005131265,24.532675249314977,1.78,59.0,0.13,1.52
LCII,2013-10-15,34.11186712163951,34.25183981528398,33.523972730985555,33.71293640136719,131600,21.907525986053685,25.56463331192113,23.232505273081568,24.43558716154249,24.59173375529195,1.76,61.0,0.13,1.39
LCII,2013-10-16,33.84591999532491,34.12586810037247,33.67095142849201,33.99989318847656,109700,21.910516574024033,25.570349553709327,23.23860530505749,24.3582185043044,24.59864664589363,1.74,62.0,0.13,1.39
LCII,2013-10-17,33.92990529221808,34.2518468251809,33.82492575049988,34.18885803222656,125100,21.86270894849787,25.504221704382374,23.119825244509205,24.362700527982774,24.5948239721962,1.72,61.0,0.14,1.47
LCII,2013-10-18,34.53878958223224,35.60959888898317,34.25884151319386,35.56060791015625,142500,23.850673333772423,26.571452780810944,23.808672451787285,24.768119649628595,24.87698631226401,1.71,69.0,0.44,1.32
LCII,2013-10-21,35.67257384026184,36.02251079323342,35.378625411466025,36.01551055908203,100800,23.898780116503364,26.534269093726014,23.823847110713434,24.394566660796198,24.873840258797088,1.7,70.0,0.73,1.31
LCII,2013-10-22,36.21849201350317,36.64541572817467,36.14150541973508,36.21149444580078,86700,23.90194599692981,26.3575430562353,23.78938907300103,24.133221331516495,24.826943513114415,1.68,69.0,0.91,1.34
LCII,2013-10-23,35.96652938756943,36.211486923199175,35.68658135088833,35.938533782958984,130200,23.948238750165604,26.40120378101579,23.823824398295184,24.15234869561329,24.75759359607716,1.67,71.0,0.89,1.32
LCII,2013-10-24,35.938544202088735,36.16950400237201,35.81956685271268,36.06452178955078,98600,22.8722603998285,26.296851857084885,23.709315497831433,24.13346554642081,24.755417841535625,1.65,69.0,0.85,1.39
LCII,2013-10-25,36.21849152930004,36.21849152930004,35.57460851695381,35.686588287353516,154500,23.41864361663705,26.45412904336321,23.707537534120306,24.134267785392243,24.78245232598451,1.64,69.0,0.72,1.39
LCII,2013-10-28,35.66557812575714,35.91053562576323,35.518605227637934,35.714569091796875,74100,22.82858820222127,26.28668732312302,23.683598283353597,24.109479250429004,24.769960874452767,1.63,69.0,0.59,1.41
LCII,2013-10-29,35.73557311929364,35.896543844674184,35.44162460395814,35.63758850097656,81000,22.36804043351125,26.31125030018651,23.423640904512794,23.994926768911988,24.762766978880354,1.61,66.0,0.43,1.56
LCII,2013-10-30,35.69358028923085,35.82655541153048,35.16167713022446,35.25265884399414,101600,21.634993639720296,25.376248601121553,23.076979141664214,24.037498506528557,24.793226537020956,1.59,61.0,0.25,1.71
LCII,2013-10-31,35.35764705131568,35.79156833411736,35.14068507501066,35.17567825317383,157700,21.69774054213966,25.337645504182216,23.06418925131396,24.032554744041274,24.7849444127973,1.56,61.0,0.09,1.72
LCII,2013-11-01,33.244026647422615,35.20367400004586,32.71912096351594,34.853736877441406,206100,22.068272135257104,25.414784821525473,23.098640318080005,24.065446656004486,24.796636408098976,1.54,63.0,-0.06,1.69
LCII,2013-11-04,35.08469507140484,36.428452279859144,35.00770848074809,36.30947494506836,189400,24.353575907305842,26.60865719685811,23.55872784100943,24.511136661059947,25.0698030012289,1.51,70.0,-0.16,1.71
LCII,2013-11-05,36.246489366499986,36.77139507309024,36.23948912865269,36.603424072265625,120200,24.350632295109992,26.589650091142648,23.395476824267927,22.72866815087915,25.02173051377521,1.48,68.0,-0.23,1.81
LCII,2013-11-06,36.86236780910826,36.86236780910826,35.99452541446524,36.05751419067383,105600,25.083164650773366,26.809569369959874,23.390534844822035,22.816305328427504,25.01694100543787,1.44,68.0,-0.36,1.83
LCII,2013-11-07,36.33046819846262,36.63841187332308,35.602598418092704,35.61659622192383,160100,25.283990868728967,26.776384447697076,23.463455183464312,22.790987485601416,24.894723013259103,1.42,72.0,-0.48,1.79
LCII,2013-11-08,35.574604753934736,36.470442822372206,35.574604753934736,36.274478912353516,89700,25.608312212717664,26.602690374673365,23.45671651029836,22.676342690818675,24.81558981594493,1.39,72.0,-0.58,1.78
LCII,2013-11-11,36.20448476024904,36.31646450292319,35.80555676010937,35.86854553222656,61800,25.920005276797255,26.76621738892781,23.350724112447,22.713683477390955,24.8503123465418,1.36,68.0,-0.68,1.83
LCII,2013-11-12,35.85455502264298,36.134505771167625,35.69358427667417,36.106510162353516,76700,24.647521423807845,26.572373244787013,23.359771274651116,22.719230266469783,24.793819607931177,1.33,69.0,-0.76,1.82
LCII,2013-11-13,35.74957947581866,36.78539308902778,35.5466152940241,36.687408447265625,87400,24.612590006323614,26.544007927377255,23.385073112600054,22.772921148933918,24.831441778411882,1.3,70.0,-0.83,1.79
LCII,2013-11-14,36.5964299827618,36.946367153750586,36.31647917804727,36.34447479248047,64700,24.91517983662492,26.43321551321535,23.407216050455244,22.725004613527943,24.651061819634247,1.27,74.0,-0.9,1.78
LCII,2013-11-15,36.28148524143717,36.97436200032155,36.28148524143717,36.82038879394531,57200,25.06625462488629,26.295730765870616,23.45192716782778,22.69083886411827,24.620645662995397,1.24,76.0,-0.96,1.74
LCII,2013-11-18,36.78539026535341,36.890369797327516,35.64459452987173,35.92454528808594,113300,26.384002302032215,26.73574829020823,23.84658307955024,22.895566668377754,24.76993862623082,1.23,90.0,-1.04,1.55
LCII,2013-11-19,35.82655793977451,36.29547502378885,35.4346301117354,35.61659622192383,111900,26.039795820539585,26.806598954794303,23.912495173068617,22.9233941813202,24.724804248304785,1.22,91.0,-1.11,1.51
LCII,2013-11-20,35.66558820754145,35.882550168338234,35.287655502853426,35.49061965942383,131300,25.92731378297873,24.184864849467395,23.90515471039514,22.92913191350074,24.710886576350816,1.22,91.0,-1.18,1.52
LCII,2013-11-21,35.67257384026184,36.06450151891349,35.24565033046737,36.01551055908203,194100,25.408834582457317,23.135111092013805,23.9700216646434,22.978740291613384,24.551671416782312,1.22,93.0,-1.25,1.47
LCII,2013-11-22,36.008533396604165,36.708407699085065,35.6515960072461,36.59642791748047,69300,24.192272485955154,23.12425280635228,24.063681019842775,23.033952436720135,24.57623523949173,1.21,94.0,-1.3,1.4
LCII,2013-11-25,36.86937780472306,37.156326156783535,36.35846989348408,36.48444747924805,74500,24.140721014714096,22.561759477787735,23.823058860448086,22.961672361726237,24.50768266755037,1.21,88.0,-1.35,1.54
LCII,2013-11-26,36.652424595544915,37.114341630750644,36.652424595544915,36.93937301635742,88900,23.614971634397822,22.61798525495115,23.838891108708715,22.981829091031063,24.505939478045924,1.2,91.0,-1.39,1.53
LCII,2013-11-27,37.07933092565498,37.94717601779364,36.84837385206022,37.926177978515625,106500,24.523926391241275,23.076340622833047,24.137362518738104,23.032909278077216,24.62482962459178,1.2,97.0,-1.38,1.37
LCII,2013-11-29,38.1641335999149,38.1641335999149,37.751207776489366,37.9401741027832,50400,24.53493898492224,23.0735639076212,24.07316032445008,23.032585470822625,24.61833977592856,1.2,97.0,-1.38,1.41
LCII,2013-12-02,38.06615808488885,38.157142480285266,37.296297517157356,37.39427947998047,123300,22.579042882795846,23.341982576116717,24.20627534155038,23.0579289003468,24.668329250506655,1.2,99.0,-1.41,1.33
LCII,2013-12-03,37.114323689077935,37.75120903079606,37.08633075336224,37.6672248840332,117200,22.402397127603198,23.350659639982872,24.17069210250986,22.940752299930345,24.566968130135102,1.19,99.0,-1.43,1.36
LCII,2013-12-04,37.492249238320575,38.241114190193116,37.00233691387313,37.37327194213867,81400,22.529478346485437,23.47236465824513,24.22546122845112,22.968016337886606,24.586596725112322,1.2,100.0,-1.46,1.33
LCII,2013-12-05,37.42925973184259,38.14313150422515,37.4082643670043,37.674217224121094,72800,22.46412013461501,23.38344748180091,24.11813288121265,22.977234121385152,24.183906866380056,1.2,96.0,-1.48,1.39
LCII,2013-12-06,38.003183543610646,38.003183543610646,37.41528887650224,37.43628692626953,100700,22.571386983397243,23.0602079939601,24.158551782976765,22.99782570819584,24.054042302103607,1.21,97.0,-1.5,1.36
LCII,2013-12-09,37.58324108470235,37.58324108470235,37.156317440848696,37.33828353881836,171100,22.32774386086754,23.101041462204726,24.172227870145697,23.004669549938257,23.97135765094987,1.2,98.0,-1.53,1.35
LCII,2013-12-10,37.18431945509178,37.37328582197806,36.71540232174992,36.792388916015625,130600,22.818699611460573,23.199335649105134,24.2746624369894,23.089043163843286,24.029494605814648,1.2,100.0,-1.55,1.31
LCII,2013-12-11,36.78538557134351,36.848374350413586,35.840553885292316,36.13450241088867,132100,23.464490670077236,23.231843625932946,24.486559853537766,23.210606519637018,24.07938072971735,1.2,100.0,-1.57,1.2
LCII,2013-12-12,36.13451069779992,36.53343883346266,35.98053749813761,36.246490478515625,154600,23.226761424855304,22.49998476670813,24.472204525604248,23.176170603908094,24.077681909934736,1.2,99.0,-1.58,1.21
LCII,2013-12-13,36.449453488655664,36.98835433045891,36.449453488655664,36.69440841674805,214300,23.435837012756057,22.545035924540826,24.482533591267487,23.183867250748087,24.071252753379206,1.19,99.0,-1.6,1.19
LCII,2013-12-16,36.953369884834736,37.520269142163464,36.953369884834736,37.240318298339844,119100,23.52258689325664,22.67142877539913,24.54434990024808,23.218021112693823,24.07968521335222,1.18,100.0,-1.6,1.15
LCII,2013-12-17,37.198318841371126,37.485267187770006,36.87637464532164,36.96036148071289,150600,20.604850394009386,22.738662430508512,24.535928886997553,22.936079436418904,24.004571348963402,1.17,99.0,-1.61,1.16
LCII,2013-12-18,37.084025538942164,37.084025538942164,36.37842431563188,36.720314025878906,193300,20.578745258917003,22.82487507609947,24.47986791138625,22.712200812602834,23.94895898172003,1.16,96.0,-1.61,1.19
LCII,2013-12-19,36.785771238005005,36.80759303431297,36.37114045876689,36.400238037109375,145600,20.25572542237193,22.951552000573443,24.517059883470758,22.724692929781938,23.9694537816787,1.15,98.0,-1.61,1.17
LCII,2013-12-20,36.5384467443914,36.69120486571934,36.40751041899667,36.64028549194336,288100,19.970676791478446,22.745929975303273,24.474306114193574,22.72581917918311,23.840390108306906,1.14,94.0,-1.62,1.19
LCII,2013-12-23,36.902164459228516,37.06219838985882,36.77850389457654,36.902164459228516,124600,19.380384399148898,22.757948071714544,24.483180604484247,22.718897033615104,23.83128952565627,1.13,96.0,-1.62,1.18
LCII,2013-12-24,37.05491886525136,37.81871507530371,37.05491886525136,37.31679153442383,63800,19.280992192379568,22.74530560451485,24.394225974207046,22.697250805354596,23.843785864418155,1.11,91.0,-1.61,1.23
LCII,2013-12-26,37.38226102478063,37.57139252583151,36.89488903149192,36.94580841064453,96800,19.484361008564637,22.10830256679127,24.474318604090787,22.717414498808356,23.787036329343533,1.1,93.0,-1.6,1.19
LCII,2013-12-27,37.11310926420076,37.440450058675495,37.040365323818826,37.1785774230957,92100,19.024971633389455,21.992683160547873,23.758335908153015,22.71914995462996,23.785601972364816,1.08,69.0,-1.58,1.34
LCII,2013-12-30,37.08401922915273,37.578667024747084,37.08401922915273,37.51319885253906,100900,18.94392827897537,22.032323024028592,23.745184988874176,22.210514797261833,23.736953374936366,1.07,68.0,-1.56,1.35
LCII,2013-12-31,37.513198581921756,37.8259906496705,37.22950409603293,37.24405288696289,107100,18.74015197410913,22.116401920909382,23.768960473419394,22.141195866757073,23.727503494464774,1.05,69.0,-1.55,1.34
LCII,2014-01-02,37.24405386769805,37.24405386769805,36.56755033358065,36.742130279541016,96000,17.70266063263856,22.34774554880577,23.88072793834298,21.81170386450676,23.549141291251544,1.03,76.0,-1.53,1.27
LCII,2014-01-03,36.77122557060824,37.02582524037309,36.6984843934743,36.86579132080078,88100,17.491412596230234,22.055077645974457,23.862119135558242,21.785275461157756,23.54350949734256,1.01,75.0,-1.5,1.28
LCII,2014-01-06,37.13493896373336,37.178585337253466,36.58209877363622,36.698486328125,82000,17.517254047401064,22.010092207878618,23.85480732234912,21.7991088533596,23.55199983354238,0.99,74.0,-1.47,1.29
LCII,2014-01-07,36.829422057602585,37.673232507253154,36.829422057602585,37.24405288696289,161100,17.522347724070602,21.693418867881668,23.816008098845124,21.848394112123643,23.5572966899089,0.97,68.0,-1.43,1.31
LCII,2014-01-08,37.244058203851914,37.57867211831535,37.01128306553834,37.06220245361328,133100,17.019458718515942,20.803891212397545,23.615567762206158,21.80662699453466,23.566942441895918,0.95,59.0,-1.39,1.42
LCII,2014-01-09,37.1422142008728,38.04421704117911,37.1422142008728,37.76779556274414,204600,17.797572897485647,21.039804511612182,23.764217429048614,21.87441490885669,23.627974049328188,0.93,64.0,-1.34,1.32
LCII,2014-01-10,37.898721316226734,38.08785277095253,37.505915169675795,37.68777084350586,124600,17.4956333703711,20.692627433613925,23.650905799820695,21.840402101387763,23.6256910042017,0.91,58.0,-1.28,1.39
LCII,2014-01-13,37.73868781864495,37.92781648648809,36.72757078020894,37.054908752441406,92400,16.438444130921592,20.998529890674497,23.725666410739432,21.953262032324087,23.481317059238442,0.9,61.0,-1.23,1.36
LCII,2014-01-14,37.324072966791796,37.38954114399519,36.931263903571455,37.06947326660156,78700,16.43859073982825,20.98201030713559,23.587912979728475,21.954060454005507,23.47369889403882,0.88,54.0,-1.16,1.44
LCII,2014-01-15,37.047643703750516,37.338613935891125,36.73485167541359,36.98944854736328,100800,15.924801502261369,19.439644445435146,23.432624205117747,21.959889738479667,23.476011986579,0.87,47.0,-1.09,1.55
LCII,2014-01-16,36.9894532241387,37.38226225472415,36.69120994719008,37.35316467285156,61800,16.045663689035194,19.37127031800603,23.360229142765622,21.5512117389803,23.48374033748868,0.84,40.0,-1.01,1.59
LCII,2014-01-17,37.36770757330035,37.36770757330035,36.81486747935936,36.99672317504883,50600,16.12527469811355,19.45595096598099,23.416354650603026,21.52878323712461,23.46128851414567,0.8,45.0,-0.92,1.55
LCII,2014-01-21,37.29498198885838,37.38227198229249,36.61120528631001,37.26588439941406,77900,16.092054394907855,19.435130787120293,21.692977382211666,21.52765230608362,23.404496671951645,0.82,1.0,-0.86,0.34
LCII,2014-01-22,37.38952907077918,37.67322348875511,37.185848821416414,37.505916595458984,45200,16.105351175163538,19.462913237798386,20.890466966863926,21.517515294442276,23.381697875119045,0.85,1.0,-0.77,0.33
LCII,2014-01-23,37.38954070760688,37.680508222416115,37.27315314670353,37.46955490112305,90000,16.08854652508103,19.326310173418417,20.774671049639593,21.50866376821683,23.381835574927106,0.89,1.0,-0.66,0.42
LCII,2014-01-24,37.178596116625684,37.178596116625684,35.63645987880576,35.949249267578125,101600,19.686435789516647,21.175944014946598,21.566876816162413,22.0931653829289,23.484352558718545,0.91,3.0,-0.54,0.95
LCII,2014-01-27,35.92014363335294,36.09472357567429,35.0836061871272,35.40367126464844,54300,19.491964167223337,21.405846354735374,21.738767191699278,22.170918714532114,23.540554508313278,0.92,5.0,-0.41,0.86
LCII,2014-01-28,35.512783139965244,35.95651152026178,35.19271808650611,35.92741394042969,100900,19.97065018872345,21.497877554052238,21.833344375552965,22.176273714765724,23.574072081732574,0.93,9.0,-0.28,0.79
LCII,2014-01-29,35.58553292032468,35.86195444578085,34.952675667871105,35.207275390625,85400,20.41110818602591,21.902529564927523,22.115492313593137,22.32970854099133,23.669943276933743,0.93,19.0,-0.13,0.68
LCII,2014-01-30,35.44003426227084,36.021971857936755,35.17816165049685,35.51277542114258,80900,20.064189847466,21.887187975806587,22.126325832900275,22.343876270312443,23.616246447189187,0.94,20.0,0.02,0.67
LCII,2014-01-31,34.85808721201949,35.40365412370517,34.61803921382413,34.98175048828125,91500,20.374364562514373,20.40815548995276,22.288672798854794,22.424902215545202,23.672802732330755,0.93,21.0,0.17,0.6
LCII,2014-02-03,34.95995395075009,35.11271213038143,32.9740892908462,33.119571685791016,159500,25.482614706557467,23.138503745154654,24.00637331910169,23.360933793290513,24.32388430297518,0.92,79.0,0.26,1.61
LCII,2014-02-04,33.22867790905878,34.385280417656205,32.74857891161635,33.89063262939453,111700,26.54805684156077,23.510754071644865,24.222703417037618,23.369799778833382,24.141483610331136,0.91,87.0,0.38,1.5
LCII,2014-02-05,33.774236843848485,33.83970499912539,32.944975393606,33.46144485473633,142800,26.572243807835584,23.51996007863586,24.14391296429924,23.427228217882725,23.98051659345856,0.91,82.0,0.39,1.55
LCII,2014-02-06,33.599669364579334,34.239802419531436,33.51237937637181,33.68696212768555,110300,26.559064932965864,23.23106642761377,24.157855313859276,23.43535881003627,23.983667938731053,0.9,82.0,0.36,1.54
LCII,2014-02-07,33.803341917851405,33.98519763675545,33.43963048004331,33.606937408447266,116000,26.217147639353183,23.1385786618614,24.073719190225322,23.412612408160076,23.9691497421248,0.89,78.0,0.11,1.61
LCII,2014-02-10,33.60693958262391,33.71605135608641,33.08319419032955,33.40325927734375,89900,26.157302785709263,23.104397767168702,23.81225097616428,23.42647459459469,23.944270262752827,0.89,62.0,-0.06,1.73
LCII,2014-02-11,33.50509839030934,33.58511257509295,32.981353035955316,33.446903228759766,152300,26.037441508087213,22.830446347036702,23.323589488307796,23.42269583919844,23.929117590677805,0.89,34.0,-0.1,1.94
LCII,2014-02-12,33.519638276851325,33.6942181653302,33.35960439999795,33.4832649230957,121400,25.808340151075242,22.77748755675553,23.28644324486109,23.343069035405232,23.83732173554828,0.88,33.0,-0.12,1.97
LCII,2014-02-13,33.25050428071897,37.236781941778105,32.85769519927155,36.21839141845703,255000,35.10677612422572,27.91991503176658,26.341335572301627,25.053082814176985,25.066132122620687,0.93,100.0,-0.06,4.77
LCII,2014-02-14,36.13837127472538,36.196563666001694,35.2290926149847,35.672821044921875,210300,35.160188391018806,27.6334369396482,26.46482274207366,25.10822677249046,25.112667774459315,0.97,100.0,-0.07,4.66
LCII,2014-02-18,35.643728292969975,36.45116829624348,35.076339220355564,36.30568313598633,215200,35.55246054375227,27.810487244245497,26.586051060820783,25.165323086732982,25.16614455820523,1.0,100.0,-0.11,4.5
LCII,2014-02-19,36.189288623985455,36.50208068735044,35.41094635697902,35.42549514770508,181700,36.215870830073925,28.264338532352433,26.909245848059747,25.337356800903315,25.29397531772122,1.04,100.0,-0.23,4.25
LCII,2014-02-20,35.46186705633104,35.94196606855928,35.37457708362541,35.80375671386719,69300,36.07732914948729,28.186212511514636,26.818239774190356,25.31126128076735,24.108183064278027,1.08,99.0,-0.26,4.35
LCII,2014-02-21,35.9856093011781,36.043801686269504,35.454590953315964,35.78192901611328,116000,36.06175227602698,27.985836792998263,26.812228990124982,25.27015780487099,24.107981160383183,1.11,98.0,-0.3,4.37
LCII,2014-02-24,35.72373808179246,35.92741560023083,35.42549481197996,35.490962982177734,108000,35.605025984927984,28.026262289415353,26.79875956159054,25.277439619482944,24.063438394266253,1.14,97.0,-0.31,4.42
LCII,2014-02-25,35.600081711217484,35.70192326525094,35.010870839109145,35.31638717651367,119900,35.61467089485356,27.911584788941614,26.383615527709452,25.13060361696911,23.944865822730787,1.17,94.0,-0.2,4.86
LCII,2014-02-26,35.45458638887558,36.6766540674451,35.11996981181136,35.83284378051758,123600,35.64792810235134,27.522986107871517,26.421042765652746,24.93211198914599,23.967237711807176,1.19,94.0,-0.1,4.77
LCII,2014-02-27,35.78193295431115,35.96378868694621,35.585528430077495,35.8619499206543,66700,35.6496778901486,27.524039963581597,26.415647974692952,24.92314081219921,23.966009702642467,1.21,93.0,0.02,4.78
LCII,2014-02-28,35.971056455244565,36.45115537143117,35.54914991758786,35.81829833984375,121200,35.64829537996987,27.378899030101806,26.414753374237492,24.909294638447662,23.961640774498523,1.23,92.0,0.15,4.79
LCII,2014-03-03,35.58553661530733,36.01471635404006,34.93085749217364,35.541893005371094,112100,35.54627973453478,27.364703052876944,26.45020809763061,24.73546938599419,23.914684273524326,1.25,94.0,0.27,4.77
LCII,2014-03-04,36.10199239897287,37.2076753284837,35.818297966217,36.77849578857422,177200,36.9357432420549,28.25569669192161,26.84534236987198,24.958618565403714,24.095579431052208,1.27,99.0,0.26,4.38
LCII,2014-03-05,36.727578995578114,37.069465830257286,36.51662571414135,36.923980712890625,96100,36.89027837303093,28.216979312325208,26.81239518721784,24.8601595575148,24.08666206189478,1.29,97.0,-0.01,4.39
LCII,2014-03-06,36.93853063868739,37.61503409659472,36.894887044562985,37.33861541748047,86300,36.99100747370077,28.285911457164165,26.610924736638285,24.861238587186723,24.10319362063612,1.31,94.0,-0.03,4.61
LCII,2014-03-07,37.7023286987964,38.11695951286672,37.367712069543025,37.949649810791016,133300,37.292589019148345,28.47578486894356,26.255260722946005,24.85301776068269,24.14599638335698,1.32,85.0,0.08,4.94
LCII,2014-03-10,37.760519409028376,38.269715950600464,37.695051242613424,38.167877197265625,129300,35.13674329672284,28.323813493855383,26.228555859114678,24.7577176842768,24.148994614247187,1.34,84.0,0.19,4.98
LCII,2014-03-11,38.327908334692694,38.64797615934265,38.080584458780415,38.167877197265625,139200,34.7604048490145,28.056358023062494,26.067276213507395,24.75853582571067,24.146191948648436,1.35,83.0,0.29,5.13
LCII,2014-03-12,37.98601517284066,38.196965651866,37.72414255071546,37.90599822998047,123400,34.665715249398545,28.097718547495266,26.07280883876427,24.74826697188042,24.10932951149122,1.36,83.0,0.42,5.15
LCII,2014-03-13,38.00057078724037,38.407925806043814,36.52390051938406,37.31679153442383,190000,34.437317886381294,28.191252123625933,26.197638343962975,24.809465367788388,24.160792966015922,1.37,83.0,0.58,5.05
LCII,2014-03-14,37.294970227208246,39.31720488255927,37.294970227208246,38.61160659790039,247200,35.63815446079134,28.885914118358336,26.014724899125763,25.10073419878292,24.288425179361127,1.38,80.0,0.57,5.15
LCII,2014-03-17,39.01895923763536,39.28083189424733,38.39337517459518,38.42974853515625,95800,35.31242008843425,28.857664676597615,25.959075622299586,25.109680523445356,24.29518973195331,1.39,79.0,0.52,5.25
LCII,2014-03-18,38.56796236935958,39.164448923486646,38.080587584949534,39.04806137084961,60800,30.92146985617089,28.986645717497435,26.06209244807383,25.164809363012825,24.301523292508357,1.4,80.0,0.49,5.11
LCII,2014-03-19,39.09170787066953,39.28083660373232,38.88075456367393,39.12807846069336,92500,30.482852068813877,28.91543876935226,26.028626118949777,25.148244615672294,24.220342921048527,1.42,79.0,0.47,5.13
LCII,2014-03-20,39.04078237315994,39.2808332415873,38.86620244602905,39.14262390136719,55300,30.06134124689922,28.89418292049543,26.02525829650163,25.143408652822842,24.21909608804429,1.42,78.0,0.43,5.14
LCII,2014-03-21,39.21537871595287,39.9064312072265,38.844394160582205,39.35358810424805,198300,30.058078317649674,28.880851384693862,25.971075866786336,25.146734176827902,24.221289750498617,1.43,76.0,0.42,5.18
LCII,2014-03-24,39.637270662928806,39.68819003831151,38.05148869413018,38.473392486572266,74100,31.056469027589007,29.20458129872603,26.239885852713023,25.16772433683281,24.342678948063895,1.44,84.0,0.38,4.93
LCII,2014-03-25,38.82255347155024,39.368120563294504,38.17514763333069,38.46611785888672,66600,30.928648846393834,29.123033085914834,26.236204831799064,25.145407059197183,24.343286391055052,1.45,83.0,0.35,4.93
LCII,2014-03-26,38.85165145344428,38.85165145344428,37.716870891842504,37.84053421020508,110200,31.51763271191332,29.30675123696462,26.31325787071913,25.23396865606634,24.40914791863264,1.46,85.0,0.39,4.86
LCII,2014-03-27,38.04420773725619,38.400646091350566,37.59320642739792,38.09512710571289,66500,31.512803995190342,29.28190777681387,26.32621585591522,25.213164517007836,24.414582136609493,1.47,85.0,0.43,4.83
LCII,2014-03-28,38.284267315028195,38.960770821846054,38.02966763967095,38.31336212158203,100000,22.342709225171966,29.261025560072124,26.288527769106608,25.201523086515337,24.395919341593576,1.47,83.0,0.5,4.84
LCII,2014-03-31,38.45885656074272,39.73184692089025,38.36429356048744,39.42633056640625,128000,23.03472362912911,29.67150702860491,25.882296084906383,25.374563928637585,24.529592828474954,1.48,69.0,0.45,5.08
LCII,2014-04-01,39.644554373629546,40.26286282729552,39.244472269792816,39.389957427978516,192200,22.661316032675597,29.671019760907,25.85761504489431,25.376269617376824,24.522429168651115,1.48,68.0,0.38,5.13
LCII,2014-04-02,39.389944910991254,39.389944910991254,38.888021413492325,39.28083038330078,84500,21.218114410795057,29.6588087435948,25.740411473224235,25.32400189320666,24.32244758310529,1.48,67.0,0.32,5.25
LCII,2014-04-03,39.28083382119423,39.28083382119423,38.37882826804874,38.5970573425293,101400,21.94920282318444,29.76408019602409,25.82222238898436,25.42426242692019,24.229233835245907,1.48,67.0,0.32,5.17
LCII,2014-04-04,38.960774088524154,38.968047097047894,37.59321816949933,38.00057601928711,86700,22.553887535757084,29.928235784793838,25.797841070846616,25.50442155588862,24.27632347620272,1.48,66.0,0.31,5.25
LCII,2014-04-07,37.75324225015415,37.81871040937005,36.698478696074766,37.0330924987793,64600,23.78910837165071,30.151050385387652,26.067696114616506,25.675219099413265,24.42674330717704,1.48,76.0,0.35,5.0
LCII,2014-04-08,37.06946460584726,37.76051680933998,36.80031895129243,37.491371154785156,70200,23.91333563045184,30.259043037495083,26.118219647788848,25.70793320958214,24.442171723161827,1.48,77.0,0.37,4.93
LCII,2014-04-09,37.66594676554539,38.189692000954224,37.32405998122899,38.03693389892578,62000,23.91011325406333,30.196146094636724,26.096327240508533,25.748707015053935,24.442160017371158,1.49,76.0,0.35,4.96
LCII,2014-04-10,38.08058936593485,38.087865149195146,37.498651575533124,37.636863708496094,149200,24.184977904058474,30.280335177567956,26.10824572303876,25.76902257907564,24.457681641848545,1.49,76.0,0.36,4.95
LCII,2014-04-11,37.20040659748728,37.986024660075635,36.51663007163672,37.018550872802734,117200,24.74349772848033,30.472658066868497,26.165251155825352,25.842969554141266,24.521670355264124,1.49,77.0,0.36,4.93
LCII,2014-04-14,37.34588949544885,37.94237601469682,36.334772170745545,36.916709899902344,119600,24.630466758148792,30.409204128299834,25.8686893168873,25.822221603725716,24.193210548232027,1.49,63.0,0.4,5.21
LCII,2014-04-15,37.178591296287294,37.31680067223942,36.02926158345864,37.134944915771484,95700,22.626011169821513,30.370466827155703,25.84438280808002,25.784269919094914,24.12758459566392,1.49,61.0,0.47,5.22
LCII,2014-04-16,37.287696838378906,37.825991008298345,37.062197514071954,37.287696838378906,78400,22.628244694208554,30.345514719731376,25.843065588714186,25.775546886832203,23.870389481538187,1.49,60.0,0.56,5.2
LCII,2014-04-17,37.294969537640405,38.466120760237125,37.294969537640405,37.462276458740234,127500,22.435334211023967,30.331844613348462,25.751877097000985,25.756050248407348,23.857042834574436,1.49,57.0,0.6,5.33
LCII,2014-04-21,37.41862632254176,37.63685537365062,37.14220766762647,37.23677062988281,84200,21.96829661053409,30.356398984732675,25.649331756212305,25.771245629189522,23.868064664061812,1.49,55.0,0.62,5.5
LCII,2014-04-22,37.46227879915836,37.74597328200324,37.316793666317935,37.644134521484375,185800,22.14779480202808,29.18570036630812,25.699998400011122,25.71890514214742,23.885398418017186,1.49,55.0,0.63,5.41
LCII,2014-04-23,37.68049790556436,38.6697932898248,37.32406231190726,38.21879196166992,165500,22.605703649494938,29.1369755908021,25.736700907263373,25.769589051680903,23.88123895969895,1.49,55.0,0.6,5.36
LCII,2014-04-24,38.50250396391446,38.713457323734076,37.73871028256287,38.320648193359375,118200,22.520582891023093,29.004514154596883,25.399489233020972,25.375598784870128,23.866233860714935,1.49,52.0,0.58,5.78
LCII,2014-04-25,38.24789727859556,38.24789727859556,37.054921395902944,37.35316467285156,120600,23.302596091151315,29.191579859035034,25.72431472696125,25.549422219093543,23.992426994108907,1.49,54.0,0.6,5.46
LCII,2014-04-28,37.59321565338485,37.658683825310064,36.03653109305004,36.37841796875,117900,22.18981814431665,29.67999710056133,25.96266321940946,25.741898974975985,24.15108758369405,1.49,65.0,0.57,5.23
LCII,2014-04-29,36.371144560163,36.371144560163,35.84739919052926,36.02925491333008,131300,22.288214256188997,29.579948444223103,25.97635810047965,25.76717651912351,24.176596906570108,1.5,66.0,0.54,5.24
LCII,2014-04-30,36.058349051904194,36.720303708696164,35.330926230159264,36.60391616821289,160300,22.278547017201657,27.41089905348966,26.076341040765232,25.820289852500178,24.219490467088733,1.5,73.0,0.53,5.09
LCII,2014-05-01,37.884190864382575,38.48795050653363,35.97106761294298,36.82215118408203,297700,22.370860346240388,27.064139608329924,26.061746204074172,25.80911446864882,23.958770862955774,1.5,68.0,0.53,5.11
LCII,2014-05-02,36.81486768226216,36.909433421513235,36.13836426857702,36.516624450683594,186200,22.43198313981783,26.98073488392942,26.07557753306422,25.774419330452353,23.931004586656186,1.5,72.0,0.52,5.1
LCII,2014-05-05,36.21838553715232,37.03309837849214,35.65099380889774,36.94580841064453,136800,22.692953181673325,27.041244130906396,26.141254516637986,25.70056175349544,23.94493439919701,1.51,76.0,0.52,4.99
LCII,2014-05-06,36.75667583521065,36.89488795306904,36.12381873074205,36.19655990600586,99400,22.533305389567428,27.405538548578264,26.239075045375525,25.82649424026603,24.033584131830036,1.51,80.0,0.49,4.9
LCII,2014-05-07,36.298396595552035,36.633010396978875,35.64371500589292,36.61846160888672,94100,22.873054252280824,27.44324329671531,26.14657946012471,25.803376904543807,24.049034519259806,1.51,75.0,0.52,4.96
LCII,2014-05-08,36.669381639415896,37.36770683101625,35.949231877835906,36.15291213989258,90900,22.69425656424463,27.59990306017434,26.222327671232243,25.784256723214938,24.07199825198652,1.52,77.0,0.51,4.89
LCII,2014-05-09,36.00013959987277,36.756656866867246,35.70916949917729,36.58207702636719,86900,22.9018546816004,27.68363897991368,26.216692698209826,25.753856527381775,24.08514470437312,1.52,76.0,0.51,4.9
LCII,2014-05-12,36.931258773525826,37.62958405009348,36.66211309347542,37.33134078979492,158500,23.668217118797635,22.924275261245207,26.310229683056075,25.761528128625727,24.126027242842106,1.52,83.0,0.51,4.8
LCII,2014-05-13,37.171314706244225,37.476833813434254,36.53118445528158,36.6621208190918,104100,22.450249850537084,23.01691276053815,26.440361348287254,25.81662394482632,24.205172485522,1.53,90.0,0.5,4.67
LCII,2014-05-14,36.54573302262468,36.54573302262468,35.29456456501401,35.367305755615234,80400,24.453560751709468,23.913067097878844,27.0292233253492,26.18061880522339,24.491136685981786,1.54,100.0,0.41,4.26
LCII,2014-05-15,35.09087617960652,35.14906855914504,34.31253125095941,34.82172775268555,94400,24.695479076161643,23.594672660726808,27.104213532144367,25.458038208208535,24.544642941163698,1.55,100.0,0.3,4.2
LCII,2014-05-16,34.72716770612097,34.8653770471699,34.10158361787164,34.4580192565918,90800,24.44246975716471,23.57466260315651,27.127207184902463,25.084037069491593,24.548840195917364,1.56,100.0,0.16,4.2
LCII,2014-05-19,34.26162660612459,34.95267910017613,34.101595412428686,34.363468170166016,181800,24.186034096284164,23.578622565605937,27.10079582586273,25.018749691737714,24.460207431591083,1.57,98.0,0.03,4.24
LCII,2014-05-20,34.34163371610804,34.34163371610804,32.70493222575244,33.31596755981445,350300,24.644633149130936,24.338336049892646,27.453400613845403,25.156488896718948,24.6668458775014,1.58,100.0,-0.06,4.02
LCII,2014-05-21,33.59239028890481,34.268893818870446,33.43963214340243,34.02884292602539,117800,25.266048600215246,24.745231543430826,27.64253907399557,25.272517536044642,24.749344792749746,1.6,100.0,-0.18,3.81
LCII,2014-05-22,34.02883208613945,34.538028517174375,33.803332831249165,34.348899841308594,76200,24.99845489061888,24.632820358406818,27.66700700476174,25.292688848018624,24.7462565132458,1.61,100.0,-0.29,3.79
LCII,2014-05-23,34.34163004761629,35.23635976711146,34.11613075341291,35.119972229003906,88900,25.967014724036037,25.07508811915862,27.864917982130734,25.418083794217928,24.83358101794702,1.62,100.0,-0.35,3.61
LCII,2014-05-27,35.432758948815184,35.99287475918716,35.26545206128549,35.52732467651367,79700,25.903235340358528,25.192076723271477,27.91161846294587,25.443328946831667,24.852797546787116,1.64,100.0,-0.38,3.55
LCII,2014-05-28,35.367287307887715,35.789193763022574,35.21452922236527,35.236351013183594,66800,25.97702388985223,25.19842148416992,27.860635558047548,25.465593543607305,24.81612914413558,1.65,98.0,-0.44,3.59
LCII,2014-05-29,35.27274102934267,35.330933423984085,34.80718799771923,35.28001403808594,59100,25.89596280741646,24.163736665409306,27.855346636447504,25.45677776108297,24.807687586712284,1.66,97.0,-0.48,3.59
LCII,2014-05-30,35.36730065887835,35.687368511155704,35.03268679049581,35.294559478759766,94800,25.84599899032857,24.14558821706801,27.847850893656112,25.44072355490342,24.787675582239327,1.67,96.0,-0.52,3.59
LCII,2014-06-02,35.47639968929512,35.5491408376023,34.49437753776653,34.9890251159668,62100,25.844101014011667,24.06979461891966,27.77189675220853,25.373876109555894,24.798887237216533,1.67,95.0,-0.57,3.69
LCII,2014-06-03,34.88719320556261,34.981758936731154,34.19614106221862,34.70533752441406,121600,25.877864941663404,23.83807035783003,27.789377850646613,25.396689919834277,24.799932728337787,1.67,95.0,-0.63,3.68
LCII,2014-06-04,34.70533831520254,34.858096424872635,34.072481307356725,34.6544189453125,58700,25.575104270146465,23.79050399177824,27.612785983710413,25.35367613234147,24.768819680188592,1.68,91.0,-0.67,3.86
LCII,2014-06-05,34.89448132978422,35.512789754441144,34.494396469819605,35.48369216918945,101200,26.203057206154035,24.345983242118635,27.884509684780294,25.33791084454023,24.8431060169173,1.68,99.0,-0.68,3.6
LCII,2014-06-06,35.716462038117164,35.73828661128903,34.90174919541763,35.330928802490234,136400,26.162194612351218,24.326107549680003,27.76808017982942,25.089852295396437,24.83306502670309,1.68,92.0,-0.7,3.69
LCII,2014-06-09,35.31637870234995,36.30567421924749,35.31637870234995,36.232933044433594,91200,26.444129882460633,24.725016088932332,28.06571927713643,25.235861387101526,24.831302025556692,1.68,100.0,-0.7,3.43
LCII,2014-06-10,35.98561142642859,36.131093785198026,35.59280239799561,36.000160217285156,89500,25.387292737459937,23.675609308367875,28.08146395750668,25.247701768502555,24.66064674001022,1.68,100.0,-0.7,3.42
LCII,2014-06-11,35.73828319958494,36.09471882022147,35.36729601495761,35.68008804321289,119300,25.365413169419774,23.718277730903022,28.068027445600297,25.269328941675056,24.675061596741905,1.68,99.0,-0.71,3.45
LCII,2014-06-12,35.68009238755586,35.68009238755586,35.04723524689215,35.36002731323242,94800,25.010264069143428,23.495951839546045,28.063394910506673,25.29467613680363,24.68529276279496,1.68,97.0,-0.72,3.45
LCII,2014-06-13,35.381851185931964,35.600077511893396,34.96722033413575,35.27273941040039,125700,24.921533900531568,23.483800409247756,28.03790478965184,25.29653902972328,24.541182240598488,1.63,96.0,-0.73,3.49
LCII,2014-06-16,35.287285006261015,35.796481610695444,35.26546320639468,35.672821044921875,69100,25.0972949267834,23.63138566295488,28.07922366496568,25.244160665815368,24.507152939403227,1.57,99.0,-0.72,3.45
LCII,2014-06-17,35.51278110693287,36.21110633353765,35.483683528766555,36.01470184326172,92200,25.012232415860513,23.698775060794606,28.124270220825704,25.25983511706543,24.445433593787698,1.49,100.0,-0.71,3.39
LCII,2014-06-18,35.941965406603835,36.17474051279721,35.68736850136051,36.04380416870117,83800,24.31106494775483,23.288875233672712,27.34441928638059,25.224767917100273,24.424609865203443,1.42,80.0,-0.71,3.76
LCII,2014-06-19,36.03652781235259,36.2693028969179,35.89831569814964,36.058349609375,72800,24.056934783674773,23.29016785088557,27.23388981701379,24.966931378818344,24.377941599493656,1.35,79.0,-0.69,3.84
LCII,2014-06-20,36.036525259564215,36.26930032763999,35.82557198696501,36.021976470947266,173400,23.774957900125653,23.07031617484474,27.134941550702248,24.93846056237479,24.311331088370704,1.28,78.0,-0.69,3.96
LCII,2014-06-23,36.189300349927784,36.21112215563845,35.840137584062084,35.9201545715332,87600,23.514163574665638,23.020160908635365,26.94388095773907,24.937706117918285,24.31414041772223,1.21,73.0,-0.67,4.11
LCII,2014-06-24,36.0001553311676,36.43660789803468,35.803750843608086,35.89104080200195,126800,22.665710432379388,22.977943743449295,26.910278764134343,24.9358104606327,24.295082989875034,1.13,72.0,-0.66,4.16
LCII,2014-06-25,35.66553333434347,35.98560109146921,35.490953443999736,35.88376235961914,76600,22.101001177698176,22.128976037784568,26.800185994336335,24.935912189327063,24.280065427336204,1.06,66.0,-0.64,4.25
LCII,2014-06-26,35.949235737854785,35.98560910009386,35.46186376270806,35.92741394042969,66800,19.412803530771544,22.135983052990202,25.310052739916834,24.863638775953547,24.27841735676196,1.03,8.0,-0.63,4.52
LCII,2014-06-27,35.629177122516204,36.5457316285609,35.61462832997122,36.458438873291016,133800,19.213702115397687,22.381614866650033,25.157986335854492,24.901034144737306,24.31513078548685,1.02,7.0,-0.57,4.69
LCII,2014-06-30,36.35659616974098,36.62574186547877,36.123821063984266,36.37841796875,122000,18.91023662819031,22.123168525244623,25.069745101570916,24.746796553832002,24.317392278985437,1.0,6.0,-0.53,4.76
LCII,2014-07-01,36.633017274280334,37.498649516541256,36.61119547549418,36.97490692138672,111000,19.31077650047571,22.18859091481131,25.1723509152522,24.529871124123833,24.349803061426986,0.98,7.0,-0.49,4.62
LCII,2014-07-02,37.06947639386658,37.39681730749875,36.69849187501585,36.78578186035156,70500,16.70394102160443,21.576616138835632,25.18533482168181,24.513309230968243,24.35512552685067,0.96,7.0,-0.45,4.61
LCII,2014-07-03,37.02583081601367,37.091298995252146,36.74213352271467,36.953086853027344,49400,15.830539519063159,21.444165238902965,25.166791366702473,24.429686353960772,24.357358013522024,0.93,5.0,-0.45,4.61
LCII,2014-07-07,36.713020316217005,36.909424755517854,36.1092582130073,36.26201629638672,91500,16.885998001310224,21.556513699274802,25.36394876340417,24.518355061235088,24.324408279947736,0.88,8.0,-0.46,4.45
LCII,2014-07-08,36.29112071068038,36.29112071068038,35.716456069716294,35.978328704833984,116300,15.952791721552497,21.510985450813713,25.401131929690564,24.52970943953702,24.32034115003421,0.83,9.0,-0.51,4.43
LCII,2014-07-09,36.029255234470675,36.18201615190754,35.70191715043003,35.85467529296875,55200,15.665579554279457,21.265659624412265,22.132912011344043,24.08911097741405,24.322311683077285,0.94,1.0,-0.51,-0.02
LCII,2014-07-10,35.076343519872246,35.52007206434264,34.668985576199645,35.185455322265625,92600,16.45048377312456,21.590520388616163,22.203956600432164,24.14479230143819,24.384097163133212,1.03,2.0,-0.53,-0.04
LCII,2014-07-11,35.03268055538429,35.11269750421222,34.639871592900434,34.80717849731445,68700,16.736685929936634,21.640615345374528,22.084250385717127,24.168603713557843,24.39697305650023,1.12,1.0,-0.58,-0.0
LCII,2014-07-14,35.265461981268274,35.345478944529376,34.712621796306905,35.06905746459961,173400,16.893559816348745,21.68641259686355,21.777012363979374,24.169853191859236,24.380091228700238,1.21,1.0,-0.59,0.07
LCII,2014-07-15,35.10543244751289,35.24364459222143,34.31981705743181,34.74899673461914,209500,16.914787002994792,21.71667406189459,21.755573747195953,24.189496499976272,24.40011861361347,1.29,1.0,-0.62,0.08
LCII,2014-07-16,35.032690912896335,35.03996392180477,34.44347729496792,34.92357635498047,96000,16.809424277030534,21.730747871834247,21.771824235180382,24.165975676862157,24.366606698671962,1.37,2.0,-0.65,0.07
LCII,2014-07-17,34.67623894598228,34.9526603503002,34.12339891224384,34.232513427734375,100200,17.79773900102842,21.925638652626112,21.961364536631432,24.279730758592557,24.451889172545528,1.43,4.0,-0.67,0.01
LCII,2014-07-18,34.09431185490267,34.82901056605058,33.64331041656029,34.61805725097656,59500,16.665289903625478,21.811509790805346,22.025113120385104,24.316254016120944,24.473403392925473,1.49,5.0,-0.69,-0.02
LCII,2014-07-21,34.4143744021547,34.55985674534442,33.83970971190272,34.050662994384766,66500,17.253035316761604,22.003160114547562,22.04838963061778,24.360551069424872,24.506370688003692,1.55,6.0,-0.71,-0.03
LCII,2014-07-22,34.21797519559712,34.61805725097656,34.007021880523105,34.61805725097656,50400,16.251114834980378,21.764519227358004,22.21287378047454,24.43947985994706,24.557453794765618,1.59,10.0,-0.74,-0.09
LCII,2014-07-23,34.588954960822335,34.74898887115509,34.18887295988833,34.25434112548828,47900,16.40264249223283,21.216402108134414,22.2715854473184,24.447187841385144,24.57980691833951,1.64,11.0,-0.78,-0.12
LCII,2014-07-24,34.34163661614501,34.45802417651402,33.701506421564574,33.817893981933594,66300,16.590363653908103,21.281605481303163,22.32844827167123,24.00076877984105,24.60503438784957,1.68,12.0,-0.79,-0.14
LCII,2014-07-25,33.519638276851325,33.81788146332525,33.4177967711918,33.4832649230957,50800,16.627850830128473,21.062739682104002,21.67229697669965,24.00600374784832,24.615042574439254,1.73,1.0,-0.79,-0.21
LCII,2014-07-28,33.49782124948135,33.53419183652615,32.85041536543092,33.068641662597656,77700,16.911573236043836,21.12309356946596,21.734561077485154,23.986046663742737,24.63335677269808,1.78,2.0,-0.75,-0.24
LCII,2014-07-29,33.11228957804099,33.58511278149594,32.96680444817099,33.30141830444336,90800,16.660623213337637,21.154266214466805,21.684832673782807,23.960891001199485,24.613435178936612,1.83,2.0,-0.75,-0.22
LCII,2014-07-30,33.570576829509015,33.570576829509015,32.93771674109411,32.95954132080078,79800,16.42768177041623,21.047273668848483,21.552481185854592,23.886029051479312,24.631570209951906,1.87,1.0,-0.71,-0.17
LCII,2014-07-31,32.68309325059009,32.872221880235074,32.28301142930124,32.734012603759766,118200,16.425506112130144,20.71604713008897,21.538983656865547,23.863935214269468,24.629366377253717,1.92,1.0,-0.64,-0.16
LCII,2014-08-01,32.40668653041844,32.40668653041844,29.373334660436544,30.129852294921875,384200,28.2907197098835,26.401857005766278,25.112221414638398,25.762606710445674,26.004304646174543,1.92,19.0,0.4,5.41
LCII,2014-08-04,30.05710798946951,31.26462965076368,29.875252300871608,31.090049743652344,207500,30.27298956282377,27.257594601996743,25.66518231610495,25.96918554287529,26.1289038405428,1.92,29.0,0.52,5.0
LCII,2014-08-05,30.915464098638346,31.635613777420275,30.631769695599118,31.148239135742188,255800,30.331616483596015,27.11040963511568,25.578013731914556,25.951644290336823,26.128081988105144,1.92,28.0,0.52,5.16
LCII,2014-08-06,30.90819233127566,31.162789171154586,30.704512084475088,30.944562911987305,195700,30.312477368228745,26.694549125179606,24.93096315244467,25.907697452567035,25.84173920962922,1.92,18.0,0.55,5.62
LCII,2014-08-07,31.053678065153555,31.264631341309236,30.57357913229102,30.70451545715332,226500,30.28911121213754,26.530919657467493,24.943563296106245,25.76737123700905,25.83218623497184,1.92,19.0,0.57,5.6
LCII,2014-08-08,30.697237363550812,30.871817251173667,30.551752273933573,30.57357406616211,145600,30.229864433807908,25.62682532011658,24.773881815486998,25.754148000533117,25.822633213492175,1.93,18.0,0.58,5.75
LCII,2014-08-11,30.711795552259513,30.76271493297966,30.5299398282881,30.551761627197266,98500,29.666707605381053,25.482390822470112,24.765009813747106,25.752155452249742,25.820531142201848,1.93,18.0,0.56,5.75
LCII,2014-08-12,30.362629808850247,30.580856100453538,29.846157496348447,29.918901443481445,113700,29.95943233230997,25.71647253820829,24.933032095287246,25.794833582292064,25.901504176771194,1.93,21.0,0.6,5.47
LCII,2014-08-13,29.998927491803933,30.23170264339767,29.911634728782264,30.013473510742188,98300,29.32756544012647,25.741063331526178,24.917249667522924,25.720102452933514,25.887201580434656,1.93,20.0,0.57,5.49
LCII,2014-08-14,29.99892236114327,30.238970481151146,29.860710230779805,30.108034133911133,97000,29.469993551175783,25.056649863942226,24.728156418542945,25.723926257194485,25.853597021110307,1.93,18.0,0.49,5.8
LCII,2014-08-15,30.449934735358266,30.449934735358266,29.555204557634504,29.824350357055664,225200,29.285814313145806,24.646171414886833,24.750397134994504,25.692918402063867,25.804721052031766,1.93,19.0,0.42,5.74
LCII,2014-08-18,30.25351319071604,30.348078928023128,30.057108709338696,30.340803146362305,115700,29.888026933425405,24.853618184211278,24.84557120909973,25.576871171184212,25.85991232437558,1.93,22.0,0.28,5.73
LCII,2014-08-19,30.38445170115222,31.48285894478726,30.38445170115222,31.4755859375,285000,32.33222478262846,25.625259588757253,25.566054360421752,25.967693086112405,26.08599644072031,1.93,37.0,0.16,5.21
LCII,2014-08-20,31.366477910482967,31.49741426799761,31.104605195453676,31.424673080444336,80800,32.34151585166376,25.473735422722005,25.536898236923626,25.918413905155298,26.030378869151782,1.93,37.0,0.05,5.23
LCII,2014-08-21,31.468318939208984,31.621079883860897,31.257368370220533,31.468318939208984,87700,32.08680934359599,25.450309330438742,25.067345838733413,25.90142627466858,25.991904832055653,1.93,27.0,-0.06,5.64
LCII,2014-08-22,31.47558356711853,31.591971099234733,31.184613349379198,31.29372787475586,76700,32.02207782439195,25.452831760397192,25.071895452833743,25.894381665780212,25.925752127863138,1.93,29.0,-0.17,5.62
LCII,2014-08-25,31.570155684490583,31.66471866570417,31.315555998789307,31.497411727905273,83900,31.993196423441468,25.507802006225628,25.110525807370514,25.887511595019426,25.905819868097208,1.93,30.0,-0.29,5.6
LCII,2014-08-26,31.621059321740976,32.05751174433951,31.562864185449527,31.93385124206543,114800,32.33359013388098,25.666860910589367,25.115352467431823,25.938302484122534,25.938288302946937,1.93,32.0,-0.37,5.68
LCII,2014-08-27,31.897495971914044,32.101176289470374,31.715640230284208,32.072078704833984,86300,32.3196474631766,25.656659335371334,25.037967531222872,25.944754075025312,25.382975138817876,1.93,27.0,-0.45,5.85
LCII,2014-08-28,31.890221241531467,32.115723347941596,31.82475306708325,32.09389877319336,127300,31.91941912242636,25.659889256817024,24.740437001793293,25.892678741082214,25.0804935268348,1.93,19.0,-0.53,6.31
LCII,2014-08-29,32.10844275733027,32.326669047851254,31.91203826339204,32.29029846191406,99500,31.767963466591535,25.179302623545567,24.67235048077987,25.823286574505293,25.03498656231779,1.93,18.0,-0.59,6.38
LCII,2014-09-02,32.47214902103181,32.82131158551741,32.370310286585685,32.77766799926758,214100,31.85596338312321,25.39907880675428,24.681272611043028,25.88561032100073,24.978191204138753,1.94,19.0,-0.62,6.37
LCII,2014-09-03,33.039536295994345,33.374152832676174,32.71947132057833,33.21411895751953,185700,31.709859042902227,24.98119333709272,24.747364870948307,25.89245640012455,25.010817780613255,1.94,22.0,-0.64,6.36
LCII,2014-09-04,33.39598642513501,33.868812437043445,33.16321131078267,33.788795471191406,218600,32.02833319677706,25.246404067915513,24.79504839800519,25.913868658814533,25.066194345093173,1.94,26.0,-0.64,6.41
LCII,2014-09-05,33.65786535243794,33.810623529213146,33.417814410449395,33.636043548583984,104700,31.839715038573264,25.203860680332312,24.800009709983932,25.904847816607244,25.071292339628965,1.94,27.0,-0.65,6.4
LCII,2014-09-08,33.599669364579334,33.868817888475455,33.40326480993839,33.68696212768555,110100,31.707267357260115,25.152921008006217,24.77906239150322,25.89611853314593,25.068459623240624,1.94,26.0,-0.65,6.41
LCII,2014-09-09,33.723333892488206,33.723333892488206,33.33780055423262,33.57057571411133,105100,31.501577144854505,25.156532929157255,24.768689516070726,25.87987137451222,25.070097468861686,1.94,25.0,-0.65,6.4
LCII,2014-09-10,33.5196419136959,33.657851238312006,33.11955717815369,33.628753662109375,159000,31.4438302665693,25.036148126849163,24.75579856554474,25.867713210629056,25.062874956846176,1.94,24.0,-0.64,6.41
LCII,2014-09-11,33.439629113189596,34.22524434379585,33.3232415688443,34.20342254638672,316900,31.63403205451612,25.214459861419776,24.90699553870291,25.934353993950225,25.106261881006848,1.94,32.0,-0.62,6.28
LCII,2014-09-12,34.21069257967439,34.21069257967439,33.723320647255306,33.926998138427734,142000,31.66387006451511,25.255522129989792,24.861769855583795,25.913355023224266,25.057324373046676,1.94,32.0,-0.61,6.28
LCII,2014-09-15,33.92701146365737,33.92701146365737,33.330524769605844,33.57057571411133,109300,19.62071236554325,25.32919325894395,24.770447875393707,25.916372438367887,25.08166765631381,1.94,27.0,-0.62,6.32
LCII,2014-09-16,33.55602518591245,33.6651369755872,33.29415245085521,33.5923957824707,98700,17.776381634982243,25.331984794655725,24.764322678746282,25.904094832012607,25.05147782380554,1.94,25.0,-0.65,6.32
LCII,2014-09-17,33.63603824542586,34.14523208772886,33.51237490165347,33.817893981933594,96900,17.81449967583402,25.380328278105768,24.488049401739566,25.893736914856902,24.940611792225052,1.94,18.0,-0.64,6.8
LCII,2014-09-18,33.9269974795559,34.6762420431591,33.73059299906913,34.392547607421875,143000,18.04295579454118,25.642815085301308,24.30655413657265,25.96339002965377,24.804205651323947,1.95,18.0,-0.62,7.19
LCII,2014-09-19,34.39255751178447,34.39255751178447,33.163213677931054,33.33052062988281,411000,20.45950426744825,26.400582060000417,24.75365623185818,26.174609690665484,24.99244587282226,1.95,26.0,-0.63,6.55
LCII,2014-09-22,33.21413607975777,33.21413607975777,32.879522145476194,32.96681213378906,179000,20.748976449855082,26.470418731180857,24.66149338349877,26.19945733020417,25.014763682501655,1.95,20.0,-0.65,6.59
LCII,2014-09-23,32.763115551729186,32.908600631068076,32.40667724609375,32.40667724609375,151600,21.503115281643502,26.446483422795435,24.766908732421104,26.268273088974762,25.072687122372745,1.95,31.0,-0.68,6.36
LCII,2014-09-24,32.399424832677475,32.610378193047985,32.137552078410486,32.2248420715332,99500,20.522119875829723,26.457115908273686,24.751012924870533,26.210172649706546,25.077726582833016,1.95,27.0,-0.71,6.39
LCII,2014-09-25,32.1084417212193,32.3630413643596,31.257358383181828,31.679262161254883,236600,21.28719207535825,26.35505110934739,24.789472052501345,26.276476523927133,25.135760576552595,1.94,37.0,-0.76,6.25
LCII,2014-09-26,31.7520073876795,31.912038522079968,31.199164487320495,31.4755859375,246900,21.415785801933833,26.361909938886885,24.61586819584392,26.1793882722527,25.079709227654725,1.94,20.0,-0.81,6.53
LCII,2014-09-29,31.26464408448647,31.606533824855525,31.170078305786735,31.417402267456055,127400,21.19003386142197,26.320526113576786,24.527692106693994,26.179246404653718,25.074682769350765,1.94,20.0,-0.86,6.62
LCII,2014-09-30,31.53378435784289,31.53378435784289,30.675425038918917,30.689973831176758,194900,21.87591287488886,26.456031736609354,24.709338356183217,26.24601249494563,25.154802257952745,1.94,25.0,-0.91,6.35
LCII,2014-10-01,30.740892523194386,30.9082022429363,30.369908041132227,30.7117977142334,154700,18.97553860259353,26.444104389762163,24.618350946447986,26.24628497716184,24.960857390469272,1.94,22.0,-0.95,6.44
LCII,2014-10-02,30.82817710808775,31.19916149187253,30.689965008818888,31.090049743652344,130900,19.34631668724656,26.61847765947031,24.467979136557187,26.292943126000097,24.974342403203725,1.94,19.0,-1.01,6.62
LCII,2014-10-03,31.497407144414826,31.497407144414826,31.11187394275905,31.213712692260742,103800,19.380988924373582,26.4256396528379,24.34511433251896,26.268462022691995,24.973787250520967,1.94,19.0,-1.05,6.87
LCII,2014-10-06,31.23553389377299,31.322826627310185,30.733613162974002,30.951839447021484,108200,19.466449760846164,26.396180538203918,23.741197311248175,26.263466573395323,24.984713071615353,1.93,18.0,-1.09,7.73
LCII,2014-10-07,30.71179874611732,31.04641264704717,30.457199041141497,30.51539421081543,194500,19.754832778279972,26.438818488653215,23.7216519030828,26.29133948664374,25.023476581274323,1.93,18.0,-1.14,7.77
LCII,2014-10-08,30.399011667339575,31.075515364595145,30.042573131460205,30.893659591674805,127100,19.66509178656376,26.567456772853536,23.773407546799056,26.324373023578822,25.008574433915403,1.92,20.0,-1.18,7.76
LCII,2014-10-09,30.784538363522692,30.995491680485973,30.28261753772225,30.559036254882812,169300,19.794268002694718,26.58910272586059,23.8229346129382,26.34996074934344,25.0211627168974,1.92,21.0,-1.22,7.65
LCII,2014-10-10,30.399004544792287,31.199168648202185,30.399004544792287,30.769989013671875,171600,19.93764114495173,26.39191266391339,23.371739407738758,25.926648304312494,24.912033144814412,1.91,18.0,-1.26,8.47
LCII,2014-10-13,30.73360876132224,31.31554636040331,30.73360876132224,30.857269287109375,140500,19.85305536466513,26.271624703582784,23.112871864458274,25.873287502657348,24.699294030541836,1.9,18.0,-1.3,8.86
LCII,2014-10-14,31.11915621910207,31.99934019103471,30.90820565011362,31.468318939208984,98900,20.228947854419214,26.456445621528136,23.28616052986601,25.921191933738253,24.759105691369694,1.89,19.0,-1.32,8.59
LCII,2014-10-15,31.18461783633432,32.217559760524466,30.646326463432203,31.91204071044922,107700,20.278659462064862,26.388723792538514,23.115107589219626,25.874984874872304,24.74320084318879,1.87,19.0,-1.33,8.85
LCII,2014-10-16,31.64290029914168,32.50853266468347,31.64290029914168,32.14482116699219,111600,19.689335841093502,26.37604777975726,23.06631795068988,25.86863724231857,24.73923480256679,1.86,18.0,-1.32,8.93
LCII,2014-10-17,32.479434507278576,32.94498473237178,31.92659153380673,31.9920597076416,102100,19.69239534873764,26.274034514302574,23.045266327114085,25.81593694684462,24.736589282209117,1.84,18.0,-1.31,8.98
LCII,2014-10-20,31.970247181459467,32.57400693760135,31.74474501175159,32.13755416870117,116600,19.754298790243347,26.229289060448085,23.059245619128454,25.003585986754807,24.419995029120223,1.82,19.0,-1.3,8.97
LCII,2014-10-21,32.37759562240382,32.770404697622624,32.34122502837951,32.69038772583008,67600,20.465749552267447,26.360439025498984,23.234655065326333,24.93566201866726,24.447267007789442,1.8,23.0,-1.28,8.7
LCII,2014-10-22,32.85769145534347,32.894064820698475,31.941139811299973,32.03570556640625,50400,21.198391185495044,26.632245253236377,23.406374680021695,25.004309127697717,24.52055772251841,1.78,26.0,-1.27,8.35
LCII,2014-10-23,32.21754987173548,33.11955240483623,32.21754987173548,32.930423736572266,69900,22.203898994268982,27.16993368780115,23.80679715638678,25.206555396815883,24.669710579200746,1.75,30.0,-1.25,7.86
LCII,2014-10-24,33.05409069836189,33.43962666538879,32.70492809088492,32.74129867553711,51600,22.151193447705612,27.15896121643775,23.820868539289926,25.21398279729869,24.672592561598336,1.73,31.0,-1.23,7.82
LCII,2014-10-27,32.73402712645304,32.77767349491821,32.072072466669574,32.559444427490234,59700,22.01443450796913,21.003144254208863,23.51439114239866,25.212367369276183,24.65707466319024,1.7,27.0,-1.2,8.21
LCII,2014-10-28,32.73402902531751,34.27616472687214,32.63946327560626,34.00701904296875,101900,25.520537614106143,21.874011658892663,24.538327883009284,25.73534418689326,25.044001918297592,1.67,39.0,-1.17,7.27
LCII,2014-10-29,34.13795734649305,34.20342551930882,33.36688806387381,33.94882583618164,75800,25.456940395561872,21.883706512878966,24.193369679774325,25.73595294321197,25.04369114508989,1.63,34.0,-1.14,7.71
LCII,2014-10-30,33.817882875481054,34.756256058758176,33.72331714658273,34.64714431762695,113400,25.676740044679896,22.157381687239134,24.40328277849573,24.108842001751558,25.104711653908467,1.59,37.0,-1.11,7.46
LCII,2014-10-31,34.08704136053976,35.0108688801265,33.38871596420438,34.9599494934082,220400,23.96623067641953,22.111307578479916,24.409301839051963,24.067660570139665,25.12011232090268,1.55,38.0,-1.1,7.5
LCII,2014-11-03,35.08360801066051,35.28728554558797,33.66513272480559,33.99247360229492,170700,25.22374298799191,22.92950989958883,24.76902774667027,24.20081470188332,25.25975235964359,1.5,60.0,-1.07,6.95
LCII,2014-11-04,33.82517010926395,34.23252799556481,33.519653775712236,34.057945251464844,92200,24.62933886128587,22.92369401732505,24.769473867105596,24.03059557070624,24.92276283178663,1.46,61.0,-1.04,6.96
LCII,2014-11-05,34.19614776749323,34.47256923401181,33.63603460163695,34.00701904296875,103600,24.552169690399342,22.441085282917864,24.699723141607038,23.99639184967186,24.90906393762719,1.41,48.0,-1.0,7.04
LCII,2014-11-06,33.91972961033728,34.50166735831054,33.84698565752933,34.43619918823242,99400,24.069981260437835,22.541534328390433,24.735299080335263,24.044298253234157,24.89789097543197,1.35,51.0,-0.98,6.99
LCII,2014-11-07,34.31982146711528,34.31982146711528,33.70151295311648,34.123416900634766,87200,24.171378221918697,22.66160457074635,24.772684844404992,24.049033510769416,24.884378468734152,1.32,65.0,-0.94,6.9
LCII,2014-11-10,34.09430888525044,34.69807119479151,33.992470128194846,34.567134857177734,91300,24.308832927832963,22.63852326900131,24.864421820346895,24.092495657871698,24.85005659266836,1.29,73.0,-0.91,6.8
LCII,2014-11-11,34.63259318535205,34.69078555503539,34.232511278500944,34.574398040771484,69000,22.989917124836722,22.43376297003051,24.864442644815277,24.02951816107686,24.825250392673745,1.25,74.0,-0.89,6.8
LCII,2014-11-12,34.305257287460584,34.77080741037714,34.232516121341476,34.68351745605469,68900,22.97070309105852,21.24973449413669,24.867752117744462,24.032496845427108,24.818201966567838,1.22,75.0,-0.87,6.81
LCII,2014-11-13,34.79263404326779,34.938116384132826,34.4871150226761,34.596229553222656,72300,22.911849609542983,21.25639702466423,24.870037492848034,24.033777831086105,24.766440735382833,1.19,76.0,-0.84,6.8
LCII,2014-11-14,34.5162201161465,35.025416744736646,34.39255676960823,34.930850982666016,135800,22.979140971012917,21.319792995761862,24.92058292147598,24.044806940987296,24.768848301333964,1.17,79.0,-0.83,6.76
LCII,2014-11-17,34.989040186272035,35.17089591026492,34.436200006288836,34.49439239501953,89000,23.200540359447754,21.470234099628527,24.99569498699157,23.740531269245306,24.76442892147918,1.16,83.0,-0.8,6.6
LCII,2014-11-18,34.51621405803993,35.02541059725854,34.087034474613965,34.41437530517578,101600,22.657081139707504,21.46088925378736,24.880044085903382,23.736119568996656,24.644192939332125,1.16,77.0,-0.8,6.73
LCII,2014-11-19,34.32709098934115,34.501673733441116,33.91246009386464,34.057945251464844,105500,22.88909014030602,21.44161829273294,24.927780838732815,23.725509041356105,24.651045601923432,1.16,81.0,-0.78,6.63
LCII,2014-11-20,33.912444882614814,34.538028837264285,33.759686784357804,34.28343200683594,58500,22.50827253845636,21.46143889784168,24.807691741173386,23.657083042142393,24.658005783898744,1.16,71.0,-0.86,6.78
LCII,2014-11-21,34.77081488444751,35.010865779055784,34.03611895908847,34.18887710571289,66200,22.568265290568345,21.4759798043991,24.79991864233347,23.64659445112917,24.61441908096255,1.16,70.0,-0.94,6.8
LCII,2014-11-24,34.33435870537401,34.54531199557863,33.97064728428932,34.4580192565918,77100,22.601826218712233,21.49640267862605,24.82332177788993,23.6676423043018,24.573969051519136,1.15,73.0,-1.11,6.77
LCII,2014-11-25,34.603507744723686,34.7708146817032,34.11613572503094,34.44347381591797,63000,22.115395586371488,21.301962060746327,24.651575080403664,23.65570911616694,24.57233919518934,1.15,45.0,-1.19,7.08
LCII,2014-11-26,34.574403299550625,34.69806661314495,34.13067496677285,34.392547607421875,57700,21.900960552058002,21.148943688355406,24.624019192959175,23.587393086548815,24.539943410438195,1.14,45.0,-1.23,7.14
LCII,2014-11-28,34.55258600846749,34.8508292714394,34.188874576799414,34.26161575317383,52100,21.926609427559622,20.882011065152746,24.625238616125316,23.22916113063771,24.39608057059532,1.12,45.0,-1.28,7.14
LCII,2014-12-01,34.065210661122975,34.494387444246804,33.883354963230744,34.167049407958984,95500,21.87962091196198,20.867932498602116,24.45131729788892,23.22550295161446,24.3970965614362,1.11,37.0,-1.28,7.46
LCII,2014-12-02,34.02884330007293,34.6544274550809,34.02884330007293,34.26889419555664,133700,21.86975719329466,20.873837224461976,24.398280965162726,23.145411400278345,24.35840971401926,1.09,34.0,-1.28,7.59
LCII,2014-12-03,34.2688929724821,35.52733424582637,33.84698636210754,35.36002731323242,116200,23.075365020426432,21.804962816602853,24.877662317632563,23.452361947384624,24.552168877473797,1.06,81.0,-1.27,7.03
LCII,2014-12-04,35.28000646574977,35.447313379919194,34.93084384814865,35.05450439453125,90000,22.311736408572276,21.891489364392136,24.873140006461487,23.47172263476285,24.55492885539096,1.04,80.0,-1.27,7.04
LCII,2014-12-05,35.01814142527187,35.578257446654504,34.74899570262514,34.94540023803711,108100,21.118620317969746,21.63998452818146,24.865650407476416,23.46272870092539,24.54250421717438,1.01,77.0,-1.26,7.03
LCII,2014-12-08,35.0035835237498,35.13451984661713,33.708771858614746,33.926998138427734,106700,22.9276026373317,22.43135051229497,25.107331569594287,23.56857392244147,24.709368116949978,0.98,93.0,-1.26,6.72
LCII,2014-12-09,33.621485363648,34.76353902800014,33.28686874025532,34.63260269165039,82100,23.503777897476283,22.711423202927786,25.258489545886427,23.702684545157286,24.79714690648841,0.96,96.0,-1.26,6.54
LCII,2014-12-10,34.392550836261044,34.62532592204741,33.7524207377975,33.8542594909668,85100,21.068408444650586,23.20575082627839,25.38076011939227,23.77391496555518,24.8567409719416,0.94,96.0,-1.26,6.37
LCII,2014-12-11,33.90518048997238,34.90174904711388,33.38871091710106,34.50166702270508,75700,21.773997534561534,23.487848898433704,25.423821120112873,23.87088353242758,24.86729842911311,0.92,96.0,-1.26,6.32
LCII,2014-12-12,34.05067235641534,34.7926441652545,34.05067235641534,34.137962341308594,113300,21.165119568209157,23.336566192062914,25.424195797331823,23.888642267981812,24.886864951552166,0.9,96.0,-1.25,6.32
LCII,2014-12-15,34.3998278593187,35.12725072236254,33.66512921370153,34.79263687133789,218300,21.74549633605322,22.731311613621692,25.518356142291005,23.74915125747581,24.929794094930646,0.88,96.0,-1.26,6.28
LCII,2014-12-16,34.850823355436326,35.62916546508891,34.55258014309186,35.44003677368164,174100,20.71215507142183,22.883947907138324,25.626270426315028,23.85675349083002,24.954612514870895,0.84,99.0,-1.26,6.22
LCII,2014-12-17,35.60735263520783,36.80032578492328,35.301833564606085,36.67666244506836,151000,22.80435008376514,23.54138070284443,26.0919435435683,24.209565007301958,25.18069066119412,0.81,100.0,-1.11,5.87
LCII,2014-12-18,37.0549080733496,37.0549080733496,36.058339839149454,36.625728607177734,231700,22.802758499127147,23.498240586278254,26.07702632999484,24.12347265126741,25.172652019387836,0.77,99.0,-1.02,5.87
LCII,2014-12-19,36.48752862772962,36.95307878966271,36.349319290561304,36.60391616821289,405000,22.615810324020313,23.16316465636706,26.01566278885227,24.054879705156026,25.157413972901676,0.72,98.0,-0.97,5.98
LCII,2014-12-22,36.55300246487554,37.251327816139366,36.55300246487554,36.7712287902832,136700,22.375553006527163,23.093119585803084,25.990398025103385,23.867811697184596,25.1529571356575,0.67,97.0,-0.92,6.04
LCII,2014-12-23,36.82941153760028,37.84052863178131,36.70574823746806,36.967620849609375,120700,22.17536669622309,23.080993107776333,22.228170102654637,23.831299471311965,25.14850434827864,0.71,1.0,-0.84,0.54
LCII,2014-12-24,37.01127465032541,37.433178452004,36.73485319584074,37.11311340332031,73900,22.172002371365604,22.42953189182668,21.72783053408937,23.773471906336965,25.12663385845539,0.76,1.0,-0.76,0.69
LCII,2014-12-26,37.1131147695546,37.72415008491579,37.1131147695546,37.600486755371094,70200,22.387057507831805,22.514143038282892,21.801443938009463,23.791753180594966,25.14047214164734,0.8,2.0,-0.64,0.63
LCII,2014-12-29,37.58594778730971,37.8259987265643,37.28770444680776,37.593223571777344,63200,22.350116262933664,22.44906928746702,21.762072765893752,23.71005247919455,25.13274924127874,0.85,2.0,-0.56,0.65
LCII,2014-12-30,37.42590112673934,37.78961250255819,37.28768902799372,37.43317413330078,88100,22.342453442469974,22.49986751365755,21.729137020835434,23.713276306614652,25.120440322440345,0.89,2.0,-0.53,0.67
LCII,2014-12-31,37.46955161241554,37.731424295188084,37.11311595245144,37.14948654174805,88900,22.100092680011034,22.48270629859139,21.759987341924035,23.720459571534512,25.121642582007226,0.93,3.0,-0.53,0.66
LCII,2015-01-02,37.42590883384201,37.42590883384201,35.93469244087863,36.34932327270508,94800,23.160422646605706,22.782362882771206,22.0800479316196,23.854705543754413,25.179443981379666,0.96,6.0,-0.55,0.55
LCII,2015-01-05,36.14564838009629,36.6330232399075,35.592808113265676,35.94197082519531,75800,23.20114815910079,22.87919819260392,21.879906020421316,23.88397901195193,25.202086355435664,1.0,6.0,-0.57,0.6
LCII,2015-01-06,35.95652494609136,36.407526502296705,34.2761765444842,35.1563606262207,212200,24.15609780922515,23.271854304010326,22.20597023518093,24.01422515494054,25.294135732741246,1.02,8.0,-0.57,0.5
LCII,2015-01-07,35.490964879760455,35.55643305345859,34.712622578514974,34.909027099609375,189000,24.24372419786316,23.330876520330577,22.246735733403508,23.990239625864408,25.25893602333659,1.04,10.0,-0.56,0.48
LCII,2015-01-08,35.26547109929417,36.12383056819393,34.82901835489379,35.60736083984375,256100,24.792060254937407,23.611193980929922,22.365130782206926,24.03906387065406,25.334072390618484,1.06,11.0,-0.6,0.41
LCII,2015-01-09,35.52005912421381,35.73828542439864,34.60350477858037,34.69807052612305,214400,25.995006948962885,24.030085964882698,22.652621702184906,24.224327742091212,25.391737186822784,1.07,12.0,-0.58,0.4
LCII,2015-01-12,34.9090115307925,35.06176960966127,33.948811153153244,34.97447967529297,151900,26.08376037312108,23.928598366651084,21.95859295133107,24.060994873991827,25.404549269833037,1.09,7.0,-0.56,0.42
LCII,2015-01-13,35.34548138035552,36.04380674892582,34.516219658316004,34.91630172729492,173200,26.059871057953206,23.907083099257783,21.958736632678974,23.860727978046615,25.349975572189216,1.11,8.0,-0.53,0.42
LCII,2015-01-14,34.66169579771837,35.87649048105729,34.545308266530824,35.098148345947266,117800,26.071856057115312,23.884907141172658,21.96852435217401,23.842875811741116,25.355718211042337,1.13,9.0,-0.5,0.41
LCII,2015-01-15,35.30909887012039,35.30909887012039,34.319803544438464,34.64714431762695,140000,26.36762100221157,24.05911606516149,22.0563262458256,23.814488990823047,25.38687330179805,1.14,10.0,-0.46,0.37
LCII,2015-01-16,34.530765408018716,35.25818829658099,34.530765408018716,35.19999313354492,81500,25.13855394129435,24.026030364092524,22.16490087522091,23.87965337878414,25.41806808064494,1.16,12.0,-0.42,0.31
LCII,2015-01-20,35.22910049974395,35.9201529907936,35.039968942244606,35.60736083984375,90300,25.224164188867732,23.6931671997964,22.135015416062593,23.900491358338996,25.427672023324327,1.17,12.0,-0.41,0.33
LCII,2015-01-21,35.505502883543784,36.014696552157055,35.26545206128549,35.52732467651367,80600,25.214545438967583,23.087350400003785,22.135178135252776,23.860271059030296,25.4176555221198,1.18,13.0,-0.4,0.33
LCII,2015-01-22,35.63645381282258,36.887619479637486,35.38185409915611,36.79305648803711,211900,25.455717237162357,24.049183188233897,22.78290414102063,24.098853707321354,25.651966203520782,1.19,20.0,-0.41,0.27
LCII,2015-01-23,36.9239929768403,37.396819071602145,36.50936205831322,36.76396179199219,119000,24.898739514663706,24.00530953395529,22.772715093613872,24.06018772971691,25.651909862362515,1.19,20.0,-0.42,0.28
LCII,2015-01-26,36.6984857141311,37.36771344752032,36.48025939997802,37.24405288696289,144100,23.95058850041926,22.52198767797154,22.744237935796367,24.06012712698726,25.346598317320318,1.2,20.0,-0.44,0.29
LCII,2015-01-27,36.8366953583215,37.15676321152754,36.40751573462099,36.87306594848633,79700,23.76417906126901,22.636704051817684,22.7326068927114,24.05003741698584,25.319799413124628,1.2,20.0,-0.48,0.31
LCII,2015-01-28,36.916710091138015,37.025824629938015,36.00743151746467,36.1310920715332,78900,24.379421873532078,22.714978788450587,22.834965314386537,24.04903048277073,25.36021122930667,1.21,24.0,-0.52,0.31
LCII,2015-01-29,36.13109333295074,37.498649132471336,36.13109333295074,37.484100341796875,198100,25.955509606391956,23.833557785942997,23.52599439866838,24.347923259387237,25.542868473986445,1.21,35.0,-0.55,0.26
LCII,2015-01-30,37.13492967581425,37.46227045809751,36.35658757955043,36.57481384277344,107600,26.641301992616622,23.660084018745962,23.875280534345745,24.146644036573896,25.648879885829817,1.2,42.0,-0.59,0.18
LCII,2015-02-02,36.822146787802126,37.68050604034382,36.763954398169524,37.67323303222656,112700,26.161313414466075,24.364105267701582,24.297105243393805,24.322581092750514,25.771930669325837,1.2,44.0,-0.62,0.06
LCII,2015-02-03,37.825977788592446,38.47338350291365,37.74596085313303,38.0660285949707,90600,26.29387643172055,24.419339879676087,24.341022356771727,24.3158274729887,25.192798122081655,1.2,46.0,-0.62,0.03
LCII,2015-02-04,38.073301600513744,38.67706095688512,37.55683218514483,38.0660285949707,132600,26.2907390041335,24.32051650521657,24.211014605945756,24.312749417543248,25.091703326176763,1.2,44.0,-0.65,0.1
LCII,2015-02-05,38.393375396728516,38.72071621938738,38.087859145512134,38.393375396728516,135100,26.359294564195807,24.255244439031994,24.19471460873543,24.03945490549098,25.069574838435354,1.19,44.0,-0.65,0.09
LCII,2015-02-06,38.495214553623335,38.786184793481,38.25516646440394,38.633426666259766,155900,26.37221475298885,24.164800844621286,24.133064542586425,23.925841914045716,25.06842518737659,1.19,43.0,-0.65,0.11
LCII,2015-02-09,38.61887571291604,39.09897463935217,37.8769041402606,37.97146987915039,84700,26.911358780200068,24.4794916533764,24.314557756597075,23.997721356585824,25.13009866386157,1.19,49.0,-0.68,0.05
LCII,2015-02-10,38.298815003580145,38.298815003580145,37.55684334729717,37.98602294921875,65200,26.658128381201767,24.478389608584454,24.29908265084198,23.859156420351514,25.121460489243475,1.19,48.0,-0.72,0.07
LCII,2015-02-11,37.94237582633912,38.320636042137735,37.30951872245393,37.702327728271484,83400,26.75468112661416,24.53461662125944,24.20616883812835,23.840793086791212,25.134079440086655,1.19,46.0,-0.76,0.12
LCII,2015-02-12,38.04421168495066,38.211518595083085,37.60775911720502,38.175148010253906,88900,26.956200690126213,24.581926485735682,23.713069960156403,23.86194064174277,25.16258735668897,1.18,36.0,-0.78,0.12
LCII,2015-02-13,38.160606384277344,38.40065728402461,37.76052432626349,38.160606384277344,62800,26.844879580405888,24.410595014662064,23.632364855437544,23.86195195692381,23.91301210994974,1.18,36.0,-0.79,0.15
LCII,2015-02-17,38.218794843802854,38.50248929379242,38.01511457145569,38.189697265625,66400,25.97154855060053,24.39715651862646,23.443836519028796,23.8619829388986,23.86312274019524,1.18,34.0,-0.79,0.21
LCII,2015-02-18,38.109696797409775,38.342471973723754,37.811453429326306,38.262454986572266,66600,25.681269530896913,24.265480787626174,23.414863933453734,23.83781766066226,23.80032933533883,1.18,34.0,-0.77,0.22
LCII,2015-02-19,38.167883942465465,39.062613858325236,37.99330120953991,38.968048095703125,110500,25.034906175476333,24.47822220751665,23.365036160742655,23.90784651496537,23.738333776903108,1.18,32.0,-0.73,0.21
LCII,2015-02-20,38.92438536740565,39.42630877940732,38.764354268922965,39.30992126464844,99000,24.877775152155092,24.493384528840753,23.3484159883376,23.925632369340775,23.73091095861333,1.17,32.0,-0.68,0.21
LCII,2015-02-23,39.26628507505826,39.38267261995874,38.655249770606275,39.3463020324707,91700,24.43034976255407,24.46786770187378,23.340247986792907,23.769364351809557,23.730770588257062,1.17,32.0,-0.63,0.21
LCII,2015-02-24,39.31720619251045,42.40875343907535,39.31720619251045,41.463104248046875,189500,26.726187387786222,26.53282754764006,24.301128407551857,24.53998029523222,24.278484641400148,1.17,57.0,-0.33,0.72
LCII,2015-02-25,41.55766358747624,44.00907754306925,41.55766358747624,43.856319427490234,226100,30.430334445090097,28.649972420759074,25.718041309124878,25.23381948807289,24.897990473567898,1.18,96.0,0.69,1.04
LCII,2015-02-26,43.645378457001755,44.190945687714276,43.44170091216991,43.57991027832031,212000,30.582371050505554,28.683976545112454,25.727422879686173,25.233310593651264,24.87041485377173,1.2,96.0,1.12,1.07
LCII,2015-02-27,43.47806398262279,43.609000317328935,42.83065809151904,42.910675048828125,119800,31.28978895486199,28.929437204162582,25.900623307280718,25.28163526708726,24.923460158770354,1.21,96.0,1.18,1.01
LCII,2015-03-02,43.01978518270568,43.53625471955315,42.39420111276746,43.34712600708008,150200,30.741447578894892,28.957803145595584,25.85633388688385,25.27605473449503,24.94042741461328,1.23,95.0,1.23,1.01
LCII,2015-03-03,43.32530494418768,43.6453699918312,42.73609145033472,43.52170944213867,91800,30.652699552912733,28.388257713310733,25.702510499542296,25.274697021620007,24.92790045665548,1.24,92.0,1.24,1.06
LCII,2015-03-04,43.31075310290983,43.41986485526279,42.896122339193674,42.93976593017578,86600,31.188445803788316,28.49236383839187,25.804242736622392,25.304861181612726,24.741755362866606,1.25,94.0,1.13,1.05
LCII,2015-03-05,42.867029096305295,43.63809832209314,42.656075802236266,43.25983810424805,108200,31.085426420980067,28.47157356322668,25.711634412535883,25.296097200119284,24.748904403905165,1.27,91.0,1.03,1.07
LCII,2015-03-06,42.95431824355075,43.347127244009,42.45967048924731,42.670623779296875,83100,30.411518404351483,27.862217558196832,25.849693650379386,25.35608315041359,24.76759652079066,1.28,94.0,0.88,1.03
LCII,2015-03-09,42.73609608416195,43.456245988067295,42.677900919245154,43.35440444946289,93100,30.522663527374167,27.758143239670098,25.927155862464023,25.417687957597636,24.765489017952515,1.29,96.0,0.76,0.96
LCII,2015-03-10,42.7069947877361,43.22346434441661,42.56878544542521,43.0197868347168,74700,30.67202447394805,27.314082152106295,25.855429933880103,25.43777464161344,24.773733556061845,1.3,93.0,0.6,1.05
LCII,2015-03-11,43.12889933066614,43.76175640220682,42.82338030567896,43.63809585571289,102000,30.459372414826348,27.22148181378938,25.85833701293856,25.482086538060827,24.81205827372577,1.31,94.0,0.47,1.04
LCII,2015-03-12,44.00180805836993,44.72195510368387,43.761757193333366,44.03090286254883,148700,29.45808511043121,27.07079486926684,25.866630719874028,25.498098388369662,24.815105157369757,1.32,94.0,0.36,1.04
LCII,2015-03-13,44.038189396664805,44.26368875232065,43.54354153118319,44.16184997558594,123400,28.04470415317772,26.89639669257508,25.83554736750661,25.49851698605789,24.762425738522115,1.33,89.0,0.25,1.04
LCII,2015-03-16,44.467354641339575,44.91108297436728,44.147286847078206,44.86016082763672,159300,26.694128280611405,26.83912917306199,25.91051918547638,25.55645582044993,24.580513862236224,1.33,95.0,0.18,0.98
LCII,2015-03-17,44.874708177182995,45.332985283883154,44.29277053568144,45.042015075683594,164600,25.811648900681156,26.082429495466336,25.817297282687647,25.508673224501564,24.57711070130993,1.34,87.0,0.1,1.05
LCII,2015-03-18,44.991105823913045,45.623965752841656,44.511006814838545,45.60941696166992,218700,25.851029450254458,26.128492287526573,25.582961877171996,25.54069418682779,24.55795222590207,1.34,80.0,0.05,1.1
LCII,2015-03-19,45.38391385515156,45.95130282378499,45.38391385515156,45.80582046508789,122400,25.793919480877175,26.11372211764697,25.292038438255375,25.480880299734633,24.560298702839944,1.35,75.0,-0.01,1.28
LCII,2015-03-20,46.29318794361329,46.8023816990457,45.827637781562025,46.38047790527344,257500,25.850165266881763,26.174570730859177,25.29135222177572,25.50450220512038,24.588813691768635,1.35,74.0,-0.05,1.25
LCII,2015-03-23,46.504151785040456,46.91150688186168,46.08952090440543,46.85331726074219,107300,25.874117775756723,26.20461959193333,25.27119246380366,25.52317553406167,24.602586409070877,1.35,73.0,-0.07,1.24
LCII,2015-03-24,46.642355098724515,47.43524334062207,46.642355098724515,46.9987907409668,159300,24.90718823622394,26.205198147241966,24.449593099427172,25.41055980180576,24.492095698907992,1.35,47.0,-0.12,1.44
LCII,2015-03-25,46.99878422761733,47.12639494768543,45.527492530453095,45.79022216796875,167800,26.645215923956666,26.841882092235263,24.876523407072096,25.594822238392872,24.63862717051228,1.35,65.0,-0.25,1.3
LCII,2015-03-26,45.5049824551536,45.962885252263035,45.0545878573464,45.27978515625,110200,26.832508309239046,26.99734488130553,24.82020893205306,25.63172688596838,24.60794903529838,1.36,57.0,-0.39,1.38
LCII,2015-03-27,45.20470976400817,46.330698858520186,44.37147737590314,46.23311233520508,69000,27.11317102218124,27.194191029606625,24.967715816325946,25.62279895893984,24.682953617081825,1.36,69.0,-0.5,1.28
LCII,2015-03-30,46.435793654408904,46.983774704791024,46.368234189921324,46.503353118896484,103600,27.038171026015213,27.0986296945027,24.47629444872563,25.585716095696004,24.68318925181264,1.36,46.0,-0.59,1.41
LCII,2015-03-31,46.120508063218146,46.758570209888816,45.00202726852153,46.19557571411133,87500,27.261035537260835,26.663956070234136,24.524781213749986,25.594601871792026,24.53497684901484,1.36,47.0,-0.68,1.39
LCII,2015-04-01,45.9253565511877,46.1280349956128,45.27228347262185,45.625091552734375,104000,27.775368020049772,26.69326833016366,24.637452096427797,25.61666714472747,24.5692237830394,1.36,50.0,-0.78,1.34
LCII,2015-04-02,45.38487028156141,46.383248738238535,45.38487028156141,46.067970275878906,108000,27.55233992404087,26.156265520115664,24.613100877871737,25.631506199124964,24.583625146202788,1.36,48.0,-0.87,1.36
LCII,2015-04-06,45.82776504678594,46.62346520225723,45.48996767590007,45.61007308959961,136200,27.89825168310056,26.2184005972411,24.624245493754678,25.540447623477764,24.53898946306775,1.36,50.0,-0.96,1.35
LCII,2015-04-07,45.51999195395142,45.83527043529186,45.32482174248449,45.52750015258789,100700,27.943850611037202,26.051593401587862,24.58269903748409,25.517947879834246,24.486097187695975,1.35,48.0,-1.04,1.41
LCII,2015-04-08,45.362351434791854,46.00791902909752,45.219727168146555,45.805240631103516,202600,24.049896494967285,25.293830420449805,24.584903227284645,25.432908282615234,24.34673470911908,1.35,49.0,-1.11,1.39
LCII,2015-04-09,45.79022339485334,45.98539357887453,45.08460458980646,45.37736129760742,66300,18.37903957642139,25.445735885030963,24.660940379816036,25.404280120339234,24.34086558703643,1.35,56.0,-1.18,1.37
LCII,2015-04-10,45.30230000680256,45.42991361176446,44.70177297517271,44.994529724121094,113800,18.465217502481693,25.552374058070736,24.71098773602308,25.391507513811824,24.319348177247928,1.35,57.0,-1.24,1.34
LCII,2015-04-13,45.069591935488496,45.11462966769557,44.566648638715,44.84439468383789,58500,17.845219540852998,25.598412337106453,24.70325775118266,25.34086558551373,24.296532724509497,1.35,57.0,-1.3,1.37
LCII,2015-04-14,44.91196822657663,45.41490881749465,44.62671675783277,45.092124938964844,81400,17.7004468388023,25.352604187634725,24.588942861861522,25.3079768570674,24.239301660737294,1.35,50.0,-1.35,1.41
LCII,2015-04-15,45.227227435585924,45.85027609259942,45.11462738369198,45.42239761352539,100900,17.7693289519733,25.24825786328881,24.586557019631616,25.260783402405657,24.245415685176674,1.35,50.0,-1.4,1.4
LCII,2015-04-16,45.47494782138719,45.56502614758632,44.994523400068964,45.37736129760742,80400,17.220614669951832,25.224733743882332,24.503294712422036,25.255115519250836,24.24073319372233,1.35,47.0,-1.44,1.43
LCII,2015-04-17,45.017039945693945,45.017039945693945,44.183807649565686,44.469058990478516,80800,18.273280625270136,25.6808528869923,24.767810475817292,25.348548705029216,24.32927379301974,1.35,62.0,-1.48,1.34
LCII,2015-04-20,44.776837675504346,45.03956733956974,44.581664613451274,44.806861877441406,112000,17.82794620561955,24.85645345830553,24.76515573117975,25.337698053199297,24.335745253677825,1.35,62.0,-1.51,1.32
LCII,2015-04-21,45.03205964629852,45.04707031471154,44.77683533020078,44.941978454589844,134700,17.315532945320356,24.842037375482427,24.751519791323954,23.250447675888733,24.327375143729068,1.35,62.0,-1.54,1.34
LCII,2015-04-22,44.88193009503958,44.964503094347364,44.23636249703898,44.41651916503906,152900,17.533386666324354,24.949602444649155,24.852657724010726,23.04837560518857,24.338040048185523,1.35,65.0,-1.56,1.3
LCII,2015-04-23,44.38650283213538,44.85941631713366,44.161305525440135,44.619205474853516,108100,17.118709254412277,24.80493326193354,24.846253101976163,23.050378429552595,24.29771812815655,1.35,64.0,-1.58,1.29
LCII,2015-04-24,44.79185104773078,44.86691871594994,44.22135108695892,44.34896469116211,76700,17.045849114521864,24.39668234310595,24.86370257235509,23.047913056207708,24.30603345453772,1.35,65.0,-1.6,1.29
LCII,2015-04-27,44.754312653221184,45.18218828239637,44.01866678440178,44.153785705566406,110200,17.077328725141523,23.433085463178585,24.87408499002301,23.031182909995437,24.169184327780442,1.35,67.0,-1.62,1.28
LCII,2015-04-28,44.258883454432265,44.724294406408156,44.0637132442937,44.6116943359375,115000,16.71547842032919,22.77942140532945,24.90446113491122,23.03977164052486,24.034450693091145,1.35,69.0,-1.63,1.25
LCII,2015-04-29,44.43153352702537,44.43153352702537,43.710901114501326,43.78596878051758,74300,17.495364788256428,22.547858969174055,24.702015499052195,23.16839642384224,24.090847697947922,1.35,55.0,-1.63,1.39
LCII,2015-04-30,43.515726925204305,43.6358323162936,42.17204589371012,42.53986740112305,127500,18.792584976379274,23.382028189134825,25.131344390942818,23.297716861048343,24.224755481267447,1.35,71.0,-1.63,1.27
LCII,2015-05-01,42.554884771864224,43.27552004694755,42.44228756830086,43.07284164428711,116700,19.186626885752574,23.478939055909283,25.173153436438128,23.33039667538356,24.2479041953759,1.35,71.0,-1.62,1.22
LCII,2015-05-04,43.283020782133825,43.63583161559127,43.09535593259916,43.17792892456055,89400,18.742183177522744,23.440000107676056,24.655716596454248,23.33006034805159,24.23188663814212,1.35,54.0,-1.62,1.36
LCII,2015-05-05,42.99026469883962,43.74092410787079,41.06107024671259,41.48143768310547,174800,21.303015642510935,24.95227452164479,25.387522571335364,23.818114058038322,24.54646255643874,1.35,76.0,-1.61,1.44
LCII,2015-05-06,41.63157870811189,42.08948150005328,41.20370298596248,41.92433547973633,249100,21.631601846255556,24.724398184181275,25.117692759682175,23.77131694814374,24.47695478087314,1.35,70.0,-1.6,1.53
LCII,2015-05-07,41.83426250750259,44.28891993928784,41.83426250750259,43.9736442565918,136000,25.29687846718516,26.463165773994817,26.00761187083126,24.03315272152494,24.903103948873365,1.36,97.0,-1.6,1.5
LCII,2015-05-08,44.52911770315731,44.619196034068295,44.236360980042726,44.36397171020508,117900,25.28509251135241,26.41289030503737,25.942797105195364,24.043700655915583,24.87912521486915,1.36,95.0,-1.61,1.51
LCII,2015-05-11,44.288911056299,45.30980844728837,44.288911056299,45.017051696777344,78500,24.886164686205024,26.450455420875535,25.881642681871625,24.090493242929085,24.893184139957857,1.37,91.0,-1.6,1.55
LCII,2015-05-12,44.97200964135994,44.994528509582345,44.18381775465028,44.88193130493164,84100,24.810573870406543,26.469181642362972,25.77077398991399,24.08110357990127,24.819298736757506,1.37,82.0,-1.59,1.65
LCII,2015-05-13,45.09211663740773,45.56503293155566,44.67925447869265,44.851905822753906,78100,24.756739656168406,26.475290839587874,25.260507077874678,24.077230162140797,24.747709350451046,1.36,73.0,-1.57,1.93
LCII,2015-05-14,45.09211769855115,45.767712420375396,44.75432033763903,45.662620544433594,56700,25.09753324168717,26.65792674421504,25.379919468973426,24.11086641456359,24.529775635551452,1.35,77.0,-1.55,1.81
LCII,2015-05-15,45.72266307013106,46.203084618830644,45.24974685533191,46.173057556152344,102600,25.149599501034288,26.52219397454736,25.415093732680237,24.13352666468678,24.493936992792094,1.35,79.0,-1.52,1.77
LCII,2015-05-18,46.000405640218446,47.77196222556243,45.83526252472145,46.991275787353516,148700,25.457413953623735,26.66754701906721,25.527844578217877,24.202883568653196,24.521042039173654,1.34,80.0,-1.49,1.68
LCII,2015-05-19,46.751063976271304,47.0738477298216,45.84276683885685,46.2856559753418,92600,25.87420050161458,26.922018646014312,25.675338508188837,24.283930574469224,24.57242173901546,1.33,81.0,-1.46,1.61
LCII,2015-05-20,46.4207776506674,46.4432965164516,45.85027776367318,46.188072204589844,73000,25.830919521854877,24.863445326927444,25.68317363122783,24.23947937199438,24.36204416056201,1.31,81.0,-1.42,1.62
LCII,2015-05-21,46.30066724137817,46.578410388915486,45.60255384236266,45.992897033691406,68600,25.706331174783546,22.16172889671208,25.643666277261563,24.212693718887905,24.286304584343288,1.3,79.0,-1.39,1.67
LCII,2015-05-22,45.977890434260246,46.42077961584201,45.42990938985205,45.75269317626953,103900,25.625720849202366,22.14794679081027,25.667204572887233,24.15778699568929,24.280896866913054,1.28,79.0,-1.35,1.66
LCII,2015-05-26,45.399890097867456,45.700155068954295,44.78434948432452,45.324825286865234,75900,25.765440501150632,21.991484520715726,25.711775532843372,24.182251410414587,24.211200175385837,1.25,83.0,-1.3,1.64
LCII,2015-05-27,45.45242766102896,46.66849512907557,45.19720334170674,46.488338470458984,122300,26.73355266869032,22.479766010495528,25.932408645269,24.34414142456327,24.310670902271546,1.23,98.0,-1.25,1.47
LCII,2015-05-28,46.518371802299676,47.11139065231182,46.210601510785935,46.98377990722656,126200,26.81800369230711,22.555783910072467,25.67720589691747,24.358299584617413,24.311324920027335,1.21,78.0,-1.19,1.56
LCII,2015-05-29,47.0738543139989,47.11138671450219,46.02293278221379,46.090492248535156,187000,27.454388223238603,22.7456204645643,25.81636738743429,24.48546912398558,24.396237653954554,1.19,86.0,-1.12,1.5
LCII,2015-06-01,46.34571789695139,46.35322323184973,45.489963678067824,45.8577880859375,80300,26.80314365152222,22.743128189016687,25.543558413202067,24.43162165705255,24.4038381614296,1.17,72.0,-1.06,1.61
LCII,2015-06-02,45.75269508004036,46.50335454693671,45.422403081941255,46.10550308227539,57500,26.764316335648168,22.552401311314025,25.49941101895639,24.40803499980345,24.38807281532506,1.15,70.0,-1.0,1.63
LCII,2015-06-03,46.06046979969817,47.09638076594985,45.58004815260721,46.87868881225586,80300,27.143756947705487,22.57317816202854,25.45037071075585,24.427715445015032,24.41967547400666,1.13,69.0,-0.92,1.66
LCII,2015-06-04,46.64597443048515,46.676001493588004,46.02292862056177,46.23311233520508,101100,27.239229396414043,22.71236547823121,25.17669049979274,24.498085924272697,24.464676606788935,1.11,61.0,-0.87,1.75
LCII,2015-06-05,46.248133295166184,46.248133295166184,43.95111414253893,44.25888442993164,185000,30.168346546104797,24.332048993345474,26.22211194155797,25.07297206314082,24.766742822753816,1.09,100.0,-0.8,1.72
LCII,2015-06-08,44.131273322601196,44.61169495129713,43.52323808804234,43.958621978759766,104900,30.181334876261616,24.305104399703886,26.25486266088949,25.02521118180526,24.77324274177034,1.07,100.0,-0.73,1.71
LCII,2015-06-09,43.838503796828704,44.176298187387665,43.192936347563055,43.92107391357422,102000,30.156780663670947,24.297598369604167,26.255464913669012,24.721984522628055,24.652930362245083,1.04,100.0,-0.66,1.71
LCII,2015-06-10,44.371490392769495,44.56666063311672,43.69589559245376,43.823509216308594,124100,29.99619484537661,24.077035122407516,26.152741931175594,24.68132336020695,24.644150418710645,1.01,97.0,-0.64,1.77
LCII,2015-06-11,43.680874941828925,43.868539815401284,42.464807362870864,42.98276138305664,128100,30.03292295429742,24.369288346539683,26.287520492840127,24.70658300162205,24.70749036088334,0.98,100.0,-0.59,1.73
LCII,2015-06-12,42.84764992430578,43.42565527726024,42.52486607790631,43.32807159423828,186100,28.89847240850067,24.28143150630799,26.26112339528654,24.703324588030014,24.698659196530745,0.95,99.0,-0.53,1.75
LCII,2015-06-15,43.140401540090274,44.32644203792222,42.6975123291851,44.08623123168945,142500,29.10684466975311,24.545547579718978,26.36515874674224,24.67182519360385,24.751706437002778,0.92,100.0,-0.48,1.66
LCII,2015-06-16,44.02617720762647,44.401506926826904,43.86103121484595,44.183815002441406,93100,29.105798286990336,24.401230448171056,25.833731484097385,24.652149326734367,24.73007831506071,0.9,80.0,-0.36,1.92
LCII,2015-06-17,44.19882907901558,44.28140207642249,43.658353360380225,43.79347229003906,92900,26.59680511038075,24.34785111197477,25.88641978126558,24.68111808006678,24.733668676355645,0.87,87.0,-0.24,1.89
LCII,2015-06-18,43.868545239720504,44.62671302628152,43.846026368439766,44.37899398803711,82400,26.684459938988702,24.512177472508107,25.889856882852126,24.53370689191811,24.76526300675171,0.85,87.0,-0.09,1.89
LCII,2015-06-19,44.21383645355051,44.581657928084375,43.79346619054511,43.846012115478516,140700,23.155681429503502,24.06442823284997,25.915891733860786,24.59016439242239,24.79885188495463,0.82,89.0,0.05,1.88
LCII,2015-06-22,44.2213532066557,44.2213532066557,42.945231421148144,43.47819900512695,108400,23.117358186752387,24.01930698722954,25.726175137734963,24.590308360193593,24.81529082854764,0.79,71.0,0.1,1.97
LCII,2015-06-23,43.43315342308008,43.85352085519865,43.37309929646978,43.8084831237793,83600,22.800536805809934,23.66302901698262,25.128186582139396,24.598331890071286,24.82202711564367,0.77,46.0,0.27,2.25
LCII,2015-06-24,43.613314580449526,43.85352538462421,43.538249777971934,43.78596878051758,103900,22.792040191946203,23.621692738323546,24.77956274629143,24.569452389056302,24.82185295338996,0.76,36.0,0.34,2.45
LCII,2015-06-25,43.83851239360891,44.48407710593256,43.6958852674998,44.36397171020508,104900,23.147499479847166,23.76683425823044,24.444991932752146,24.52956421709147,24.85221561065281,0.76,16.0,0.52,2.66
LCII,2015-06-26,44.3940036388818,44.851906405116985,44.25137936068511,44.46156311035156,103000,22.50841999825587,23.6466391458987,24.40502654734209,24.49929103441045,24.85255775224633,0.76,15.0,0.74,2.71
LCII,2015-06-29,44.28890919671107,44.3339497962596,42.94522804400225,43.07284164428711,94200,23.905148499987913,24.401725900068083,24.969765564442177,24.77649051714519,25.025988403452576,0.75,44.0,0.95,2.44
LCII,2015-06-30,43.53825489764849,43.725919789448696,42.93021961734178,43.55326843261719,178900,23.50761245668333,24.45687044974197,24.991876808837812,24.793401314766054,25.046023421870284,0.75,44.0,1.2,2.42
LCII,2015-07-01,43.755950133599285,43.96613391181088,43.35059324972903,43.86104202270508,106600,23.352940184230867,24.507999647242624,24.99630198741161,24.800559057793365,25.00548664102772,0.74,44.0,1.5,2.42
LCII,2015-07-02,43.94360658384371,44.1162579203731,43.418144375884594,43.78596878051758,72600,23.352755465951105,24.468967380112943,24.823759502138685,24.71503865788541,24.99985735427791,0.74,34.0,1.77,2.53
LCII,2015-07-06,43.34307846907455,43.88355133292762,43.328064936253824,43.77095413208008,101000,23.34445088193743,24.40277581652452,24.824802711268994,24.673868354981828,24.997082087704776,0.73,34.0,2.04,2.53
LCII,2015-07-07,43.83100392136465,44.093736441557205,42.59241757258886,43.898563385009766,132800,23.355129131458803,24.357409799763722,24.78462143549916,24.665548775003387,24.920838164593953,0.73,31.0,2.21,2.56
LCII,2015-07-08,43.80098533019518,43.958626018222276,43.373109598848174,43.710906982421875,198700,23.249407104517577,24.363013707434465,24.738972973007535,24.663835814804113,24.91100636200501,0.71,26.0,2.43,2.61
LCII,2015-07-09,44.21384965354484,44.40151454534505,43.55326843261719,43.55326843261719,122200,21.847897291066676,24.339802149929664,24.750060428368872,24.669645837848684,24.911301155808317,0.7,26.0,2.54,2.61
LCII,2015-07-10,43.88355680864684,44.641724561234035,43.83851906810352,44.37148666381836,106400,22.372049817434487,24.605196167171894,24.901532962527096,24.683978915719045,24.896796900796375,0.67,39.0,2.49,2.47
LCII,2015-07-13,44.73180099623061,44.851906405116985,44.21384695732164,44.46156311035156,72800,21.78475097541605,24.609824589424562,24.90159217428472,24.54572678025442,24.86915595162283,0.65,39.0,2.06,2.47
LCII,2015-07-14,44.544126182503994,44.71677749030562,44.116250579791654,44.51409912109375,50900,21.76369913004116,24.259762408581434,24.755963833133812,24.354210029601177,24.860539692836504,0.62,25.0,1.68,2.6
LCII,2015-07-15,44.514094261428546,44.544121319560695,43.54574311320078,43.64332962036133,86400,22.33579939037192,24.541139599465392,24.951420487383853,24.470380272758803,24.92624211639142,0.59,40.0,1.02,2.49
LCII,2015-07-16,43.83101009572063,44.13127505722721,43.44817499016169,43.763450622558594,83700,21.69189162922095,24.5396228915874,24.952875083620853,24.455873264012254,24.923525734440933,0.56,40.0,-0.5,2.49
LCII,2015-07-17,43.73341429723336,43.92858733996464,43.380606335207005,43.876041412353516,60800,21.451513043227305,24.432831465042774,23.55809348075773,23.943813792553755,24.835704065092436,0.58,1.0,-0.62,2.46
LCII,2015-07-20,43.778463754411725,44.198834123947535,43.56828000141326,43.72591781616211,72300,17.412734256845376,24.42120337745569,21.8160892804874,23.947826968189407,24.81837185367025,0.67,1.0,-0.62,1.63
LCII,2015-07-21,43.61331707356008,44.18381991374116,43.102868369624936,43.4857063293457,100800,17.37526253318925,24.415795437459803,21.810495694588067,23.85499982263227,24.76498397798829,0.75,1.0,-0.63,1.64
LCII,2015-07-22,43.20045557012706,43.97363683665791,43.20045557012706,43.72591781616211,55300,17.457224792689622,24.429568921158275,21.686054229021096,23.84268642613015,24.719972316022833,0.83,1.0,-0.6,1.75
LCII,2015-07-23,43.92859836514314,43.92859836514314,43.320563082775074,43.38812255859375,84600,17.587494694064024,24.379152228325257,21.66331081189799,23.61121742977896,24.708465959167214,0.9,1.0,-0.6,1.75
LCII,2015-07-24,43.16292167309346,43.260508210840875,42.509848703482724,42.697513580322266,101300,17.29866023421209,24.300828840407565,21.802478531138284,23.70068616583903,24.728573412233185,0.95,3.0,-0.62,1.63
LCII,2015-07-27,42.34470313532691,42.705019358976436,41.856773305060926,42.47231674194336,104600,17.178064587195774,23.59174427842946,21.714275506451212,23.711129596321335,24.71240398080912,1.01,3.0,-0.61,1.7
LCII,2015-07-28,42.51735580868391,43.15541813462544,42.12701250498223,42.95273971557617,102600,16.70685662717739,23.565841781723126,21.75646848246155,23.702939209505832,24.697018026326077,1.06,4.0,-0.62,1.67
LCII,2015-07-29,42.982768535040705,43.237992920107935,42.629960461226595,43.027809143066406,62900,16.699953610113567,23.56315834480159,21.647851205865873,23.670976715118076,24.689835772212454,1.11,1.0,-0.62,1.77
LCII,2015-07-30,42.780089295022655,43.95862456716875,42.502343197953074,43.57578659057617,78900,16.968391539417755,22.17475960544504,21.593607060381707,23.669167612070176,24.690821082132118,1.15,1.0,-0.61,1.81
LCII,2015-07-31,43.62082542579559,44.409017353793566,43.50822535170781,44.033687591552734,61600,16.792513673588036,22.171631965674724,21.619567150488898,23.69362644318652,24.695406883310213,1.19,2.0,-0.57,1.8
LCII,2015-08-03,43.98113358041559,45.12213619180139,43.89856058971411,44.60417938232422,146000,16.82341531346612,20.073618148375637,21.597593195848315,23.731957389537982,23.23582252403534,1.23,2.0,-0.55,1.82
LCII,2015-08-04,43.92860019434578,43.92860019434578,41.91683223457344,42.750064849853516,205800,20.82124094458471,21.812220570869975,22.587521541678836,24.288688123545846,23.4565762469486,1.25,12.0,-0.59,1.77
LCII,2015-08-05,42.982755687300646,43.46318010535613,42.64496125046338,42.81010437011719,191800,20.688288720271697,21.585050665686243,22.58312728649868,24.26789215610734,23.45650162417747,1.26,12.0,-0.64,1.77
LCII,2015-08-06,43.020300794206015,43.27552516140039,42.38223844445058,43.10287094116211,144500,20.804854017331284,21.636697048880276,22.466734915886168,24.22214888195716,23.44985388079934,1.28,12.0,-0.68,1.84
LCII,2015-08-07,42.77258063743992,43.26801582383734,42.63746168991891,42.90769958496094,114800,20.424894005690398,21.651184374217745,22.46482699051834,24.228152327431694,23.439439632867114,1.29,12.0,-0.72,1.83
LCII,2015-08-10,43.13288720604342,43.38811150930266,42.65997385928464,42.900184631347656,136600,20.403047446522223,21.300099296965193,22.367956294459752,24.189181478225823,23.433188256307997,1.31,12.0,-0.73,1.89
LCII,2015-08-11,42.47982090734578,43.74092908716065,42.382234371272126,43.51573181152344,111800,18.703461118167635,21.385883547433853,22.479028241406816,24.229735635973043,23.467726210244706,1.33,15.0,-0.7,1.82
LCII,2015-08-12,43.36560814785083,43.36560814785083,42.54738901813518,42.99778366088867,67200,18.74601073652847,21.146802170503477,22.454608232507344,24.276082023616844,23.399125495187093,1.34,13.0,-0.67,1.81
LCII,2015-08-13,43.10287091679332,43.95862522763583,42.94523309514036,43.81599807739258,99500,19.453944580828207,21.355604863256737,22.604246248600564,24.352839600900037,23.463232587884537,1.36,19.0,-0.63,1.72
LCII,2015-08-14,43.71090372413823,44.46907144670401,43.40313343394369,44.296417236328125,109800,19.701476035493133,21.49060618843135,22.671238044222964,24.378200581820398,23.481514067243815,1.37,20.0,-0.59,1.68
LCII,2015-08-17,44.17630141175306,44.2588743980634,43.87603939116963,44.213836669921875,65300,19.71131794029015,21.47943192048131,22.301987920926035,24.37888544882432,23.458058894448644,1.39,12.0,-0.54,1.92
LCII,2015-08-18,43.9436117511863,44.431538751743446,43.37310887653183,43.55326843261719,69400,20.189175209077863,21.662252208164308,22.35789679150364,24.448865180695325,23.464137052056852,1.4,13.0,-0.52,1.87
LCII,2015-08-19,43.18544609723803,43.485711084222054,42.817624494898695,43.035316467285156,40100,20.443173171891978,21.712002670261597,22.170825533334998,24.494757781348792,23.233040481557687,1.42,12.0,-0.47,1.95
LCII,2015-08-20,42.60742806079691,42.90769297873347,41.88679569399534,41.94684982299805,87700,21.689361757189413,21.596094961757892,22.494149808260147,24.699711361757263,23.38614816734765,1.44,20.0,-0.41,1.73
LCII,2015-08-21,41.301284510770664,41.72165484614479,40.220335901501166,41.09860610961914,112300,21.533165263293277,21.775909723548295,22.687342798164735,24.567210764198506,23.485438336166595,1.45,25.0,-0.19,1.59
LCII,2015-08-24,38.65146424589451,40.64071047713467,38.32117218767474,39.34957504272461,198600,24.524712909464807,23.11241761014601,23.59730375649376,25.096571320787437,23.895457445871816,1.45,27.0,1.09,1.54
LCII,2015-08-25,40.34794653029669,40.423011331914346,39.236970857831295,39.40962219238281,105200,24.531314916418797,23.122299812382057,23.534801542574662,25.092791974212165,23.88897769815528,1.45,26.0,1.64,1.58
LCII,2015-08-26,40.160286134857195,40.498083506830135,39.229467028036076,40.44553756713867,115400,25.545397882937067,23.796845569763693,23.89582283181536,25.010518024342577,23.98577542860737,1.45,29.0,1.5,1.46
LCII,2015-08-27,40.83588048755432,41.33882100936506,40.430523645070515,41.30128860473633,100700,26.401966290510842,23.958088415283424,24.152544818539994,25.014448420091007,24.066728931492026,1.45,30.0,1.32,1.35
LCII,2015-08-28,41.33131293826668,41.7967210246448,40.948474991191155,41.57902908325195,107100,26.49019472759458,23.897778310278262,24.157357689833507,24.86367865103406,24.07344976180204,1.45,31.0,1.21,1.35
LCII,2015-08-31,41.30878636265291,41.77419725799987,41.1136161762617,41.48143768310547,133300,26.486256207724278,22.249048657722785,24.120748812241928,24.776554837970412,24.070401790797646,1.45,30.0,1.07,1.38
LCII,2015-09-01,40.77582503773248,40.8659033786518,40.14527092421955,40.28789520263672,82500,27.642270438296592,22.95699662804962,24.507613885082698,24.99609957139076,24.2176067635639,1.45,36.0,0.93,1.2
LCII,2015-09-02,40.67823748069492,40.84338348786594,40.13025638653685,40.460548400878906,136500,27.61335763254877,22.986774709424388,24.51974795288015,24.906764544890695,24.188082976828763,1.45,37.0,0.77,1.2
LCII,2015-09-03,40.445533660030314,41.17367140978936,40.445533660030314,40.790836334228516,95200,27.738535927651025,23.068099172702823,24.541057981131118,24.83399438532822,24.143554956282934,1.45,38.0,0.62,1.19
LCII,2015-09-04,40.190301445640245,40.82085540099329,40.190301445640245,40.67072296142578,146400,27.422572388016796,22.75886414878838,24.506725399641383,24.515282247210422,24.140600542664654,1.45,36.0,0.51,1.2
LCII,2015-09-08,41.40639105142853,41.646601938609145,41.241244992664484,41.48896408081055,145900,28.094592561399462,23.08711456941759,24.732954163219027,24.62067350383625,24.216462491727142,1.45,41.0,0.43,1.11
LCII,2015-09-09,41.609064116961996,41.796729027154484,40.82837740331181,40.888431549072266,82100,28.130907106854565,22.946570556217257,24.63681487807384,24.686490639912428,24.261713882430918,1.45,39.0,0.3,1.16
LCII,2015-09-10,40.78333099937145,41.04606067244863,40.648212063635,40.790836334228516,102400,28.113156519822113,22.936257596802577,24.601005408679203,24.684549486366752,24.263595671416706,1.45,39.0,0.19,1.17
LCII,2015-09-11,40.53561973492316,41.18118747034932,40.27289001168657,41.07609558105469,47200,27.907006139661227,22.943549835138256,24.625192844593247,24.689762734954947,24.21727999658295,1.45,40.0,0.1,1.16
LCII,2015-09-14,41.05357056381337,41.05357056381337,40.61068130608539,40.7683219909668,34100,27.69718044043767,22.783391592605533,24.5867592124118,24.705100469424128,24.215176805634673,1.45,39.0,-0.01,1.19
LCII,2015-09-15,40.69325224313176,41.45141996845645,40.69325224313176,41.28627395629883,54900,27.685263813093613,22.851820861620958,24.665233225276832,24.702139587020067,24.217645783105706,1.45,44.0,-0.08,1.15
LCII,2015-09-16,41.36133392086675,41.98438262939453,41.24873672320143,41.98438262939453,39500,25.507394757256584,23.084386636691168,24.806469209321712,24.776656478206238,24.270080628610547,1.45,52.0,-0.12,1.1
LCII,2015-09-17,41.81924392502693,42.524865752944805,41.81924392502693,42.04444122314453,54500,25.507573750590883,23.0260204035658,24.80064421377749,24.77002705571828,24.26314726479648,1.45,52.0,-0.16,1.12
LCII,2015-09-18,41.5790330918963,42.42727920712955,41.40638173455484,42.04444122314453,164600,25.41166775182439,23.02642441022465,24.740213378074515,24.750691682840582,24.21013964203339,1.45,48.0,-0.18,1.14
LCII,2015-09-21,42.389744586020974,42.94523103477797,42.05194722472882,42.28465270996094,73600,25.454944008409537,22.886435983266182,24.588696109811895,24.612759662816266,23.998562719706364,1.45,40.0,-0.21,1.26
LCII,2015-09-22,41.73666481620155,41.9318378793159,40.03267036250273,40.858394622802734,202100,27.27613184777329,23.883543008357684,24.76387100058807,24.921433792599256,24.227321963059442,1.45,51.0,-0.28,1.25
LCII,2015-09-23,41.07609139167796,41.07609139167796,40.34044537810529,40.50558853149414,99200,26.923789635086067,23.087303850984913,24.711744688066815,24.798734816409254,24.17896183691612,1.45,46.0,-0.35,1.25
LCII,2015-09-24,40.19782963921831,40.19782963921831,39.1093724127794,39.777462005615234,130600,27.172664339094094,23.208979365699896,24.86248707806976,24.882598115647923,24.245082218616023,1.45,58.0,-0.4,1.13
LCII,2015-09-25,40.100234263534986,40.4230181190568,39.31955045960092,39.942596435546875,208800,26.489771509678157,23.170921922971257,24.063080573366076,24.782310886673226,24.180469284099345,1.44,30.0,-0.42,1.3
LCII,2015-09-28,39.94259794432146,40.22784940350761,39.507216851021866,39.81498718261719,94100,26.155793353659806,23.17334571962783,24.0022248654088,24.585337176147902,24.1727068981266,1.44,30.0,-0.45,1.32
LCII,2015-09-29,39.860023742679054,40.295407686576986,39.537239884558616,40.06270217895508,119500,26.305183339253556,23.227084882218126,22.750410457903783,24.579078452771878,24.176811747164656,1.44,26.0,-0.52,0.94
LCII,2015-09-30,40.56563933643992,41.14364748465148,40.2353473297255,40.99351501464844,162200,27.12272004233463,23.746767350662836,23.013922690584813,24.717361984896616,24.152031025572022,1.44,27.0,-0.57,0.87
LCII,2015-10-01,40.985992431640625,41.256230210094934,40.13774957137177,40.985992431640625,171500,26.961807295846512,23.73845577364654,22.881313289280587,24.712371524921515,24.152359416146275,1.44,27.0,-0.59,0.91
LCII,2015-10-02,40.66322302138481,40.813355491437505,40.07770953807183,40.19781494140625,127800,26.538966829120987,24.029876863490678,23.066636306428382,24.775163062861026,24.213748936597103,1.43,29.0,-0.62,0.78
LCII,2015-10-05,40.618183603669564,41.66159978886414,40.39298633968072,41.63157272338867,103600,27.920483626821742,24.835108630823722,23.769769000036714,25.04189367461615,24.450031556864555,1.43,33.0,-0.62,0.76
LCII,2015-10-06,41.616570091749665,41.76670259491433,40.83588622966421,41.12864303588867,89900,24.957158988346638,24.929625991363423,23.647892913133273,25.057722249651025,24.467519489781818,1.43,33.0,-0.61,0.76
LCII,2015-10-07,41.30127741687966,42.23960159611573,41.01602606460121,42.19456100463867,108700,25.917282256773884,25.527874698713244,23.946997963315788,25.225908393744106,24.54064450739305,1.42,36.0,-0.57,0.69
LCII,2015-10-08,42.607438033156214,44.1613060540947,42.607438033156214,43.68088150024414,213400,26.715196851458252,26.2341487385439,24.429899892644343,25.2185785009571,24.741795597004014,1.41,43.0,-0.56,0.7
LCII,2015-10-09,43.68837767907624,44.31893168999836,43.68837767907624,44.153785705566406,89100,26.266298264601932,26.321186653921014,24.387232271123697,25.244396888001084,24.72879702697336,1.41,42.0,-0.53,0.75
LCII,2015-10-12,44.34145436396213,44.799357095731786,44.1688030306543,44.41651916503906,62000,26.255848804161907,26.343418238991827,24.406889965963618,25.211171629965644,24.726895468473476,1.4,44.0,-0.5,0.75
LCII,2015-10-13,44.12376282150614,44.889435826114024,44.011165618896484,44.011165618896484,98400,26.432302308428678,26.403421066348177,24.43920939801342,25.206196301408074,24.749302214484004,1.39,46.0,-0.46,0.72
LCII,2015-10-14,44.08623725188702,44.21385087086497,43.628334445121034,43.66586685180664,76000,24.927184801900836,26.429384264281865,24.455986620452837,25.100830889779296,24.698946600109885,1.38,48.0,-0.4,0.71
LCII,2015-10-15,43.70339346547318,44.54413123556556,43.313050213474234,44.36397171020508,97300,25.215944468128498,26.6049626640623,24.54973822816354,24.802247172185854,24.70924186013456,1.37,53.0,-0.37,0.7
LCII,2015-10-16,44.55914184130897,44.92696333876761,43.94360137069229,44.70927429199219,64700,25.2096096544789,26.595706875007767,24.240376002691637,24.628735592499947,24.710464854478513,1.36,42.0,-0.39,0.79
LCII,2015-10-19,44.36397140402308,45.10712550364066,44.36397140402308,45.03956604003906,55900,25.17321029570464,26.405684397826075,24.20841200730637,24.40636278074769,24.710292872593207,1.35,42.0,-0.51,0.8
LCII,2015-10-20,44.8819317747714,45.61006953579214,44.55163976517888,44.836891174316406,119300,24.77279996440806,26.398388919365633,24.030119288597035,24.389356564307143,24.715165693434898,1.34,38.0,-0.52,0.91
LCII,2015-10-21,44.87441823250851,44.96449942269142,44.04869403393381,44.521610260009766,91200,24.413098452270923,26.358517788643145,24.04231637424176,24.40734625902342,24.678642444637408,1.33,39.0,-0.52,0.9
LCII,2015-10-22,44.709285747697535,45.4224100599721,44.23636940911011,44.889442443847656,80300,24.409491397981085,26.404011199580985,24.0636275850442,24.405893091199953,24.594177026215654,1.32,41.0,-0.55,0.89
LCII,2015-10-23,45.18969968317156,46.435794261709255,44.96450241978062,46.03043746948242,129700,25.205967898950536,26.7652793656073,24.25183945161536,24.56585186274492,24.569215984636145,1.32,47.0,-0.7,0.85
LCII,2015-10-26,45.91032215369328,46.40575717154278,45.36984654748002,45.47494125366211,99900,25.420888387825297,26.82179662966235,24.228592063620543,24.51955056170761,24.59597531809454,1.31,46.0,-0.76,0.86
LCII,2015-10-27,45.39238230748325,45.48246064852251,44.33395249377075,44.82938766479492,103900,25.78905791923713,26.866014346534627,23.319063649246072,24.586203503741213,24.63591517769776,1.29,30.0,-0.77,0.76
LCII,2015-10-28,45.02455270389936,46.50335271165586,44.619195920523694,46.4658203125,160800,27.243104421412756,26.358447330549158,23.97036006546682,24.910174804930087,24.515894128742385,1.27,38.0,-0.69,0.72
LCII,2015-10-29,46.33820687484029,46.5558987996297,44.99452579036033,45.159671783447266,188800,28.7688723007106,27.06140492844969,24.409823878225478,25.11938413469288,24.69412094715488,1.25,54.0,-0.71,0.56
LCII,2015-10-30,45.15216758480275,45.21972705062517,44.76182432266637,44.911956787109375,153800,28.852503905944697,27.06393873740851,24.423910220978627,25.1304565577776,24.627271306723912,1.24,55.0,-0.73,0.55
LCII,2015-11-02,44.881931056416896,45.917839078453156,44.61919851994266,45.65510940551758,156600,29.131140749808704,27.23127213737792,24.35279565636581,25.19733156569718,24.66251957235226,1.21,51.0,-0.75,0.61
LCII,2015-11-03,44.77683829939997,45.51998956727593,43.43315716779811,45.12964630126953,228700,27.31969841741308,27.35286937471256,24.399664148396713,25.240906568407613,24.52175663287094,1.19,53.0,-0.78,0.56
LCII,2015-11-04,45.52750486589774,47.73444300960269,45.11463980431191,45.970394134521484,261500,27.416738931730634,27.45444241277851,24.419934349434723,25.242709824410447,24.5828343767545,1.17,57.0,-0.78,0.56
LCII,2015-11-05,45.970394074904625,46.24813731853385,44.74681815410055,44.889442443847656,148800,27.86287118195362,27.796224308984403,24.71847547288623,25.39388638196838,24.708114576825118,1.15,75.0,-0.8,0.43
LCII,2015-11-06,44.664247351177664,44.89695286404951,44.003666084360866,44.288917541503906,318800,28.320430820859517,27.68461605618589,24.77191063523879,25.44943427466615,24.72410523081317,1.14,82.0,-0.81,0.4
LCII,2015-11-09,44.161302126085644,44.28891287342566,43.53825333319811,43.763450622558594,180200,28.610173172325965,27.702367704017455,24.754113381514,24.736371046862217,24.737254936656043,1.12,80.0,-0.8,0.39
LCII,2015-11-10,43.523233196950834,44.5966764057342,43.493206132647046,44.20633316040039,236800,28.66788912335775,27.779616969164707,24.7318307754352,23.85807879448041,24.725090122375086,1.11,76.0,-0.8,0.41
LCII,2015-11-11,44.43904309600477,45.54251061686002,44.22885648821526,44.26639175415039,140400,28.055945647738085,27.602895738660344,24.694915558417748,23.846528857544012,24.72499951536232,1.09,74.0,-0.81,0.44
LCII,2015-11-12,43.988648975767866,44.25138153932493,43.583294990531215,44.041194915771484,110600,28.133813036153104,27.50864176724108,24.68031977911142,23.782718559876905,24.731494828204678,1.09,74.0,-0.82,0.44
LCII,2015-11-13,43.808490306916006,44.409017353793566,43.6058118916813,44.033687591552734,156500,27.37992622842317,26.970318408504486,24.680179109845625,23.7531038184732,24.72930331688497,1.09,74.0,-0.82,0.44
LCII,2015-11-16,43.93610007311207,44.27389742431376,43.74092986105042,43.8535270690918,97200,25.702563086502433,26.626521722347835,24.599498504020747,23.753608708957476,24.719086954660575,1.09,69.0,-0.81,0.47
LCII,2015-11-17,43.83100735881031,44.28140477294632,43.28302627228609,43.598304748535156,83200,25.4701267814206,25.00317603615642,24.613327127800762,23.709677319654745,24.69137750970556,1.09,70.0,-0.8,0.45
LCII,2015-11-18,43.523238446981715,44.28891149785746,43.523238446981715,44.25888442993164,114300,24.79375860836696,25.15185154666228,24.204355233092624,23.75991023997904,24.72942279872236,1.08,47.0,-0.81,0.54
LCII,2015-11-19,44.15379032161189,44.348963389715486,43.4106390410523,43.78596878051758,84700,22.96096796511666,24.77688834200069,24.204074578858624,23.738134133886298,24.73098141595136,1.08,47.0,-0.81,0.53
LCII,2015-11-20,44.003661257107595,44.28891268295821,43.80098283849312,44.19132614135742,116200,22.902485690957814,24.49538815605134,24.22249962954373,23.688815017500076,24.738313874726018,1.07,50.0,-0.82,0.52
LCII,2015-11-23,44.10875164623573,45.03957070067338,44.10875164623573,44.851905822753906,100600,23.244833459435306,24.63083591601328,24.333634030167193,23.73408317204379,24.773969089583886,1.07,54.0,-0.84,0.48
LCII,2015-11-24,44.499087170154134,44.874416860492246,44.37147644993755,44.484073638916016,140600,23.21326628417159,24.697142088551637,24.370672475647062,23.696026300750766,24.78205993484297,1.07,56.0,-0.85,0.45
LCII,2015-11-25,44.57416120880113,45.45993963391441,44.3114286698215,45.42991256713867,322600,23.826833497929844,24.20032620785734,24.591643002275994,23.80242291281327,24.86237851270911,1.06,73.0,-0.87,0.37
LCII,2015-11-27,45.45993378036317,46.480828147436576,45.39237432058626,46.29316329956055,87500,23.99878998692624,24.441156669576124,24.75402324968518,23.9023477893354,24.92406362366625,1.06,89.0,-0.87,0.32
LCII,2015-11-30,46.428297213652165,46.428297213652165,45.17469699947448,45.362361907958984,164600,24.722610137160903,24.84039850908016,24.966935706196896,23.95473207268409,25.0116910475367,1.07,100.0,-0.89,0.23
LCII,2015-12-01,45.58003536592656,46.54838372389283,45.24974342855498,46.375732421875,181500,25.43717415699333,25.165233747814263,25.03756737377919,24.09177899826803,25.096378116149793,1.07,100.0,-0.89,0.21
LCII,2015-12-02,46.248132279104695,46.43579715420995,45.324821437211504,45.58755111694336,106000,25.932464607733085,25.196054908889607,25.19111263891864,24.133189714682953,25.162729220222722,1.07,100.0,-0.9,0.14
LCII,2015-12-03,45.85028400329937,45.95537587597849,44.46907039764791,44.7318000793457,82400,26.459492902697036,25.33124063348382,25.374211733076052,24.231434683103213,25.058883834449162,1.08,100.0,-0.91,0.06
LCII,2015-12-04,44.934477419493845,45.565031504090776,44.49158820693721,45.42991256713867,110400,26.734075308285256,25.478561445132314,25.29065101492388,24.256150899372532,25.082332691140184,1.08,99.0,-0.93,0.1
LCII,2015-12-07,45.44492289343843,45.44492289343843,44.378985006433616,44.69426345825195,79400,26.096466910181697,25.722608641966627,25.426481941759416,24.30070156695324,25.138966528120143,1.09,100.0,-0.95,0.04
LCII,2015-12-08,44.341461181640625,44.46907479933884,43.78597469577039,44.341461181640625,65000,25.968084813978564,25.72873069867959,25.456257252853675,24.31423705840562,24.967437464897465,1.1,100.0,-0.95,0.02
LCII,2015-12-09,44.10874511066541,44.64171546127624,43.8685343316035,44.153785705566406,110100,25.67720599452325,25.646507167189753,25.459460975391035,24.12555267846599,24.89587331823512,1.09,100.0,-0.96,0.02
LCII,2015-12-10,44.27389616797065,44.44654750623253,43.425650146476485,44.003658294677734,141000,23.253134447227396,25.453273647140122,25.449861225464275,24.093073107495506,24.78597727956181,1.09,98.0,-0.96,0.02
LCII,2015-12-11,43.320558739376125,43.815993891193486,43.13289386575532,43.51573181152344,157800,22.033408499787065,25.569920267934453,25.497401528873553,23.99774546750219,24.750413363708436,1.07,100.0,-0.96,-0.0
LCII,2015-12-14,43.45567625980837,43.868538395597554,42.825122190471546,43.560768127441406,215000,22.004889606998844,25.569808523442568,25.467934126507146,23.98710968025019,24.7233818226047,1.06,99.0,-0.96,0.01
LCII,2015-12-15,43.8835537042484,44.61919967098413,43.34308081118998,44.6116943359375,217000,22.61302535641232,25.991396378195695,25.613334388424676,24.1453998853201,24.7635520979436,1.05,100.0,-0.97,-0.0
LCII,2015-12-16,44.98702715088916,45.715167832183276,44.559151435613366,45.61007308959961,134000,23.31295564879334,25.290651387959894,25.826273107467866,24.244956498756785,24.792443001041406,1.04,100.0,-0.98,-0.05
LCII,2015-12-17,45.73767733015273,45.73767733015273,44.45405044735714,44.926963806152344,189500,23.0753964107984,25.4382996214845,25.891150135224855,24.2829342935668,24.617807517832517,1.03,100.0,-0.99,-0.09
LCII,2015-12-18,44.55164924388689,45.0095520902162,44.23637356424074,44.746822357177734,427500,22.04933891175696,25.130016547238377,25.899967820640324,24.259100741876708,24.621562362232797,1.02,100.0,-1.0,-0.09
LCII,2015-12-21,44.95699339107834,45.37736370823668,44.641717800863475,45.159671783447266,115200,21.83281490401533,25.169907718346508,25.86397036674176,24.283092914147538,24.63543632123163,1.0,98.0,-1.01,-0.08
LCII,2015-12-22,45.31731073940502,45.602562135624424,45.02455400855238,45.35484313964844,82800,21.524675965213547,25.15011046704493,25.82128780957655,24.27770942195219,24.635072143162898,0.98,96.0,-1.03,-0.07
LCII,2015-12-23,45.56503001828681,45.902827349652036,45.272273285616485,45.55752182006836,64300,21.384547097819347,25.140710478928973,25.75142038833946,24.2580592286555,24.63363533162288,0.95,95.0,-1.04,-0.04
LCII,2015-12-24,45.8052356991894,46.12051126420819,45.414892478067365,45.79022216796875,49500,21.41732955805743,24.77247089995368,24.835959769928632,24.244288116970587,24.635385403347733,0.94,81.0,-1.05,-0.15
LCII,2015-12-28,45.527484208258905,45.955359747449926,45.21220583733312,45.89530563354492,72600,21.337535706183843,24.769010729369626,24.837013180674354,24.242200333385505,24.60531391900396,0.93,81.0,-1.06,-0.15
LCII,2015-12-29,46.030446058883754,46.62346782518555,45.69264866899418,46.21060562133789,55600,21.390236384204734,24.3860645371298,24.837208372147572,24.246895390260317,24.612556082490435,0.91,81.0,-1.06,-0.15
LCII,2015-12-30,46.04544935222532,46.72104398172801,45.93284929279538,46.405765533447266,73300,21.333086552827012,23.418385371127933,24.82911650871121,24.236816962700814,24.609574271809404,0.89,78.0,-1.07,-0.14
LCII,2015-12-31,46.12802336478797,46.33820709258554,45.512482850347766,45.7076530456543,142700,21.792399984620733,23.50282664982345,24.95743239747636,24.303824236394554,24.64718873315485,0.87,82.0,-1.07,-0.19
LCII,2016-01-04,45.10713329695812,45.10713329695812,43.95111688161887,43.981143951416016,133100,24.299045420189213,24.381429504810573,25.621095089656475,24.612748133286548,24.85707629498355,0.86,94.0,-1.07,-0.14
LCII,2016-01-05,44.23635856139453,44.25137209298191,43.14039652736129,43.17792892456055,73600,24.687734371746085,23.64113633420649,25.718918528915875,24.69141662752996,24.902139384433244,0.84,94.0,-1.07,-0.17
LCII,2016-01-06,42.80260769221588,42.83263476133025,41.78171025063885,42.0144157409668,118100,25.692844421333078,24.169441022538145,25.90304424014199,24.895701886895974,24.95555665226183,0.84,100.0,-1.1,-0.2
LCII,2016-01-07,41.19618647677961,41.76668633039772,40.62568375962329,41.23371887207031,210600,25.660521120323114,24.402971475177658,26.00072801440988,24.95443751688481,25.019433776311256,0.83,100.0,-1.15,-0.24
LCII,2016-01-08,41.47392900917743,41.579020859812864,40.72326966059504,40.82836151123047,162500,25.695170357737297,24.41327552029048,26.040833373650347,24.9724253852427,24.967417972606135,0.81,100.0,-1.2,-0.25
LCII,2016-01-11,41.20370439795777,42.209588362147834,41.11362604903392,42.05945587158203,153900,26.505705518249133,25.180616369634862,26.38421103020289,25.217525742524977,24.995700116046343,0.8,100.0,-1.22,-0.28
LCII,2016-01-12,42.4122667948808,42.892688473860105,41.856777438849065,42.05945587158203,157900,25.73578083728855,24.945799094335324,26.318423899593608,25.212789863376223,24.985437304134784,0.79,99.0,-1.24,-0.26
LCII,2016-01-13,42.059454876923404,42.404760456120385,40.06270053117475,40.3554573059082,132200,27.606814128798497,26.217077706168556,26.8187675700729,25.644972556395622,25.336486697768386,0.79,100.0,-1.27,-0.15
LCII,2016-01-14,40.423015313923194,40.49057478744972,39.53723682259273,40.04018020629883,247100,26.49879088141803,26.17759396326659,26.653258698953824,25.569075255351294,25.346161077983087,0.78,99.0,-1.27,-0.1
LCII,2016-01-15,39.06432325546096,40.025166552950786,38.78657716315495,39.67235565185547,285400,26.27938117279304,26.215055976951028,25.779418415685278,25.36702607402627,25.32911869851623,0.78,88.0,-1.29,-0.2
LCII,2016-01-19,40.130250140510874,40.77581767147674,39.5972826630068,40.145263671875,143300,26.337292749076628,26.346527363718387,25.84614969887608,25.36284227314962,25.30810759870467,0.78,90.0,-1.32,-0.22
LCII,2016-01-20,39.469683041923524,40.70076432462027,39.469683041923524,40.310420989990234,254000,25.821907291893936,26.29350695690124,25.522547611744766,25.366230014001644,25.286668613112656,0.78,82.0,-1.32,-0.15
LCII,2016-01-21,40.41551084263994,41.744178608046454,39.81498376708476,40.74580001831055,173400,25.889480784246636,25.82677458387203,25.360118806809144,24.95587028818234,25.30589401117525,0.78,74.0,-1.33,-0.11
LCII,2016-01-22,41.173666522098856,41.96936650880793,40.963482808587834,41.83424758911133,111200,27.205991408288675,26.38256729410884,25.685012425531887,25.12003886165545,25.20225145783874,0.78,84.0,-1.32,-0.18
LCII,2016-01-25,41.654100226617494,41.93934879754796,40.98601081312929,41.278770446777344,138300,27.40092767001704,26.36380586016131,25.770736437287095,24.518464109468177,25.240115858022516,0.79,86.0,-1.32,-0.21
LCII,2016-01-26,41.60153972646828,42.25461542152217,41.30127770513996,42.1345100402832,107800,28.179105089073257,25.61562494309737,25.546946782657788,24.618849003856344,25.288901111465243,0.79,80.0,-1.3,-0.19
LCII,2016-01-27,42.089484770249186,42.089484770249186,41.36134402068403,41.60155487060547,99000,28.230034256976793,25.107361010071134,25.624599405238524,24.598444163027363,25.30169266799102,0.79,82.0,-1.28,-0.22
LCII,2016-01-28,41.78170031823629,41.939338098304454,40.768311316611516,40.92594909667969,107300,28.543354828877,25.282070942804243,25.72849788817325,24.668834679840295,25.27211794032851,0.8,84.0,-1.28,-0.26
LCII,2016-01-29,41.15865796974435,43.23047673902102,41.15865796974435,43.087852478027344,195300,31.67618006694697,27.287805611040117,26.98776782267423,25.4242084101116,25.525679583901663,0.82,100.0,-1.24,0.09
LCII,2016-02-01,42.90769652560877,43.87604795928553,42.2170911662211,43.598304748535156,110300,31.152386608080057,27.31960558806305,26.869929929870693,25.372893872430584,25.425231778803987,0.85,99.0,-1.2,0.13
LCII,2016-02-02,43.16291504085382,43.60580419668411,42.750052947953314,43.320552825927734,118700,30.92388277025957,27.053510230943704,26.784282358330813,25.34696040215561,25.268834136254142,0.87,97.0,-1.15,0.16
LCII,2016-02-03,43.58329290324916,43.62082530666297,41.36133854056229,41.97687911987305,180700,32.14287282635503,27.37549250501536,27.261026506256393,25.522992316535824,25.451862214551547,0.9,100.0,-1.12,0.08
LCII,2016-02-04,41.81173117190009,42.62244187401138,41.81173117190009,42.41225814819336,159700,32.17923237048776,27.351172735489694,27.287099304313813,25.49701786642171,25.471191348167675,0.93,100.0,-1.08,0.07
LCII,2016-02-05,42.344702426325405,42.382234828746945,41.106113101643274,41.518978118896484,136600,32.58919586846844,27.58110500531475,27.474646739467488,25.614908326527225,25.550273040634025,0.96,100.0,-1.07,0.01
LCII,2016-02-08,40.97099524849875,41.518976317992845,40.40049244769762,41.26375198364258,109000,32.52485232206697,27.506478846899824,27.419913493547867,25.619794434448384,25.551503704902323,0.99,99.0,-1.07,0.04
LCII,2016-02-09,40.715780175319885,41.706650672053094,40.430528710036306,40.888431549072266,150400,32.467168490726934,27.549700199709587,27.32475463889628,25.633880733604137,25.508299049099158,1.02,98.0,-1.1,0.09
LCII,2016-02-10,41.248740774802314,41.82674894291492,41.06858123188796,41.39136505126953,243300,32.754797187514605,27.676753276894452,27.39544073367412,25.657370099073777,25.536188250766774,1.04,98.0,-1.11,0.06
LCII,2016-02-11,42.41226192698515,43.65835658764352,41.40637807824608,42.674991607666016,390000,34.09409347961938,28.423270508268487,27.825502960111493,25.738279916429917,25.701739420203968,1.08,100.0,-1.1,-0.05
LCII,2016-02-12,42.915197464623404,44.29641090545468,42.915197464623404,43.538246154785156,501700,34.67394299899485,28.722064569220002,27.990723877823438,25.81942139463736,25.748198053898868,1.11,100.0,-1.08,-0.11
LCII,2016-02-16,44.08622578188114,44.43152841521312,43.91357446521515,44.19882583618164,439600,34.79283784194189,28.863313853971583,27.530529832352425,25.786889775025816,25.789021530001914,1.14,98.0,-1.01,-0.1
LCII,2016-02-17,44.46156041095016,44.94198201732775,44.42402800986541,44.4765739440918,296700,32.985113874871594,28.726718432800418,27.502003220763793,25.791852961778417,25.795274407106938,1.16,97.0,-0.95,-0.09
LCII,2016-02-18,44.446544309638895,44.544130837651515,43.861030868640135,44.0637092590332,161800,32.63776972243802,28.705378254361175,27.38173009429758,25.80597298205025,25.814034425851872,1.18,93.0,-0.9,-0.06
LCII,2016-02-19,44.003665692734174,44.679260489549925,43.763454845763945,44.431541442871094,174700,31.599340741414274,28.693744450372243,27.401818686480905,25.748067400233403,25.76458786566262,1.2,94.0,-0.84,-0.07
LCII,2016-02-22,45.03206733767878,45.617580866097505,44.994532069620014,45.39238357543945,182100,31.464945116332466,28.868621058161043,27.581930765868346,25.82437617650691,25.83611421004459,1.21,98.0,-0.81,-0.14
LCII,2016-02-23,45.12214851845633,45.63259726993169,44.92697542101858,45.21222686767578,142900,31.29775019089608,28.82864589745622,27.583314574274,25.304158995774124,25.84008936361586,1.21,98.0,-0.76,-0.13
LCII,2016-02-24,44.7167880163093,45.167182589329805,44.2213528405712,45.04707717895508,114600,30.339980511622127,28.51127109623367,27.371713612979924,25.294769010161477,25.313457671033262,1.2,89.0,-0.67,-0.06
LCII,2016-02-25,45.15967037257817,45.46744061873675,44.49158395020016,44.941978454589844,147700,30.36282783219159,28.23859173229521,27.376100330508553,25.2961927134638,24.68727829348847,1.19,89.0,-0.58,-0.06
LCII,2016-02-26,45.18219030162533,45.42990928934402,44.75431465332804,45.03956604003906,144100,27.413049997196104,27.938972040801858,27.18164498972197,25.29578382633457,24.679712058044142,1.18,84.0,-0.5,-0.0
LCII,2016-02-29,44.96450088357086,45.60256025196903,44.96450088357086,45.18218994140625,207000,27.196447199585844,27.56295837552004,26.634927395265688,25.191236991393296,24.631713000082627,1.17,78.0,-0.41,0.09
LCII,2016-03-01,45.51248749312725,45.78272537845627,45.30230088034978,45.51999282836914,182800,26.918177973692032,27.386466239100404,26.573612596387303,25.188934918039525,24.62236455132721,1.16,77.0,-0.3,0.11
LCII,2016-03-02,45.35484323660397,45.932851364911635,45.1897001024722,45.805240631103516,225200,26.83559971939283,27.128372297243637,26.294285794129223,25.11715718881364,24.62684594676789,1.15,74.0,-0.24,0.2
LCII,2016-03-03,45.84277424765418,46.22561218631256,45.51248510708935,45.91783905029297,154600,26.841416616292868,26.949619613506222,25.73163537131195,25.11744729609245,24.589586410609456,1.15,61.0,-0.25,0.3
LCII,2016-03-04,45.85028182820555,46.4808330343675,45.52749802683867,46.39075469970703,369100,26.83151603558514,26.804398512206447,25.72646898362058,25.121941389538755,24.599446381263384,1.14,59.0,-0.28,0.31
LCII,2016-03-07,46.18057130456758,46.84115244520154,46.18057130456758,46.510860443115234,219500,26.00679904364644,26.74775971220929,25.71394175809448,25.076087125105296,24.560340529774034,1.13,57.0,-0.3,0.31
LCII,2016-03-08,46.41327677298851,46.87117664795049,46.19558483771138,46.510860443115234,223800,25.536321529395178,26.72775716770784,25.667699662586912,25.033074598966444,24.51065112184181,1.13,55.0,-0.33,0.33
LCII,2016-03-09,46.69101456515217,46.998784800078525,46.473322655108625,46.803611755371094,198500,25.063906607193466,26.73528767520385,25.64770458452828,25.021140022709314,24.50465667838433,1.12,54.0,-0.34,0.34
LCII,2016-03-10,47.03631724731761,47.47920640181281,46.27815252362497,46.458309173583984,219300,24.810474962989325,26.673366849108554,25.56327590999293,25.02355318884652,24.476745375081702,1.12,50.0,-0.36,0.38
LCII,2016-03-11,46.90871562361238,47.41165613779429,46.60094532866284,47.389137268066406,109300,24.484692943149554,26.948617798492254,25.7225038599066,25.129572149158175,24.539699836220365,1.11,58.0,-0.38,0.32
LCII,2016-03-14,47.051337858282935,47.32908107249087,46.81112704650222,46.93123245239258,105900,20.458705991286465,26.630879669614227,25.7507219398997,25.11260656280602,24.558556831593954,1.1,61.0,-0.4,0.31
LCII,2016-03-15,46.48834157516886,46.94624431366949,46.24062257360413,46.510860443115234,73000,20.55659565133796,26.33050996506056,25.782386856094675,25.13570084575953,24.5267132005857,1.09,64.0,-0.43,0.29
LCII,2016-03-16,46.450814279245904,47.16394143248993,46.248135854837244,46.81113052368164,88700,20.428930191710908,26.161209578347172,25.77246531299111,24.856136237814017,24.531693666567936,1.07,62.0,-0.46,0.29
LCII,2016-03-17,47.058846108607625,47.584308365756904,46.51086498131474,47.381629943847656,149800,17.852993397308477,26.24610751088752,25.80947229734891,24.862579346895163,24.529677942266648,1.06,64.0,-0.48,0.28
LCII,2016-03-18,47.6743788496373,48.3424681436498,47.45668979254939,47.89207077026367,226300,17.865493928355093,26.268484538649368,25.560861194735534,24.880047039514565,24.548958251262217,1.05,44.0,-0.47,0.36
LCII,2016-03-21,47.83201951401834,48.177322162533954,47.46419513552931,47.62934112548828,106000,16.44980794185259,26.29227361404456,25.499613290126184,24.88880102879798,24.52438579268908,1.04,41.0,-0.48,0.38
LCII,2016-03-22,47.41165216824786,47.847036036793554,46.96876296493422,47.02130889892578,126900,16.935817295709622,26.42872665614181,25.47928687857332,24.938465294336517,24.5376749020015,1.01,39.0,-0.52,0.39
LCII,2016-03-23,46.818628056520936,47.028814645066326,46.360725344008614,46.44329833984375,133900,17.183588190375236,26.54189851915747,24.918824521572354,24.98228253098611,24.56688470504608,1.0,26.0,-0.52,0.45
LCII,2016-03-24,46.09049051067677,47.163933733120174,46.0004093166191,47.0738525390625,158000,17.238240705376935,26.677717815810663,24.585457504199823,25.024687857101192,24.464650086323555,1.0,10.0,-0.55,0.52
LCII,2016-03-28,47.16393078197892,47.404141557358585,46.69101456515217,46.803611755371094,90600,15.563433349371673,26.673136065645224,24.58706476999493,25.03082876450279,24.445389615011297,1.0,10.0,-0.57,0.52
LCII,2016-03-29,46.77359530004957,48.199846657057634,46.585930421742816,48.147300720214844,155900,16.503322176527284,27.27757311582435,24.85508370392168,25.15606907419521,24.52019834362959,0.99,25.0,-0.57,0.46
LCII,2016-03-30,48.74311237587575,49.02216368676029,47.76267255453525,48.56965255737305,130600,16.212793061738555,27.126571540188714,24.81231977767355,25.174483305392286,24.528660907506065,0.99,20.0,-0.56,0.47
LCII,2016-03-31,48.509297724686874,48.773261970098595,48.10203613719922,48.61488342285156,106300,16.197258836804146,25.846578872874655,24.64909834289243,25.174404205191,24.519231001689814,0.98,11.0,-0.55,0.55
LCII,2016-04-01,48.44142408058558,48.44142408058558,48.01907553036181,48.18499755859375,120400,16.16845982633186,25.60230923640464,24.386319010472512,25.08401226551363,24.50346011401164,0.99,6.0,-0.58,0.64
LCII,2016-04-04,47.95121315871049,48.01908723007594,46.78976443209229,47.10652160644531,206300,17.69734489420284,25.39183906596927,24.564761591190926,25.23207679573466,24.591177472115685,0.99,7.0,-0.62,0.58
LCII,2016-04-05,46.67663523435889,46.940602423363224,46.2995417160629,46.555965423583984,121900,17.131103605741345,25.18824116946642,24.562447616209855,25.271711936058814,24.59908120051774,0.99,7.0,-0.63,0.58
LCII,2016-04-06,46.62384009182931,47.317693627598715,46.45037742713573,47.310150146484375,183500,17.619218867212624,25.225862078712847,24.639566715720026,25.336120429637788,24.65020262921124,0.99,14.0,-0.66,0.55
LCII,2016-04-07,46.9632169626509,47.287517548447,45.65847401660838,45.81685256958008,128100,20.094488794773056,25.550534344912705,25.181660649175857,25.61729473387315,24.852516213787855,0.99,29.0,-0.67,0.44
LCII,2016-04-08,46.29200182931206,46.72942882128001,45.650941112072374,46.616302490234375,100300,20.64637432949909,25.754420822893202,25.30909803582905,25.68898705458315,24.894549143796084,0.98,31.0,-0.68,0.38
LCII,2016-04-11,46.82746811159028,46.97076259720142,46.24674381148999,46.6087532043457,130700,20.64810946400072,24.145256881849956,25.30909174359721,25.670940008842045,24.879661862304655,0.98,30.0,-0.69,0.38
LCII,2016-04-12,46.76713358496384,47.06880952918769,46.314622545623074,46.83501052856445,149500,20.668138631717714,24.055168909802347,25.30691846720396,25.601462776429575,24.88162390762982,0.97,29.0,-0.7,0.38
LCII,2016-04-13,47.40065147508341,48.30567932128906,46.72942550999236,48.30567932128906,121200,22.33690917284985,24.61170629209307,25.735792903585793,25.8432319850462,25.06539926511641,0.96,57.0,-0.7,0.28
LCII,2016-04-14,48.35847276765521,48.38864093829387,47.800373118820374,48.117130279541016,71400,22.362288998904607,24.58928830004175,25.64881721553367,25.81848250622429,25.058922388713906,0.95,48.0,-0.72,0.32
LCII,2016-04-15,48.01154986149077,48.53948139798944,47.89088004260497,48.47914505004883,86800,22.425852131459305,24.605495542258392,25.602608938998667,25.830938014332016,25.069142817768935,0.94,43.0,-0.73,0.34
LCII,2016-04-18,48.44896701543792,48.72801825237585,48.139753364659384,48.60734558105469,57000,22.285098183344175,24.553630871438084,25.570282372028203,25.792633570679328,24.985716652068305,0.92,42.0,-0.74,0.36
LCII,2016-04-19,48.86378407706425,49.48976076610771,48.56210807899587,48.64506912231445,88000,22.28400379080821,24.066224799463285,25.47316774377274,25.766027204743224,24.9752561811581,0.91,34.0,-0.76,0.4
LCII,2016-04-20,48.697853767848414,48.75064662704703,47.996459636215256,48.44143295288086,57900,22.34156021221696,23.880402703304416,25.444703689186316,25.730258527452943,24.97787418453872,0.9,29.0,-0.78,0.42
LCII,2016-04-21,48.51685445624591,48.59981549231957,47.83808495836619,47.89841842651367,96300,22.58338935203102,23.753774737630177,25.308815664149243,25.258255922391275,24.975557307451858,0.89,23.0,-0.81,0.47
LCII,2016-04-22,47.913489425620995,48.63750810760271,47.589188851546886,48.61488342285156,105000,22.80318238227255,23.688832407371187,25.243439873482053,25.314065408329885,25.014343994781974,0.89,20.0,-0.83,0.5
LCII,2016-04-25,48.44143505715303,49.12774225654795,47.90596008388546,48.45651626586914,136600,22.16393438199377,23.39091496623992,25.030022636813477,25.307911230188356,25.00868316221792,0.89,16.0,-0.85,0.59
LCII,2016-04-26,48.72802402356778,49.24841491079178,48.00400517185936,49.24087142944336,81600,22.365252276049002,21.274192535949116,24.91653089213092,25.36572255122317,25.05327054367995,0.89,14.0,-0.86,0.63
LCII,2016-04-27,49.24841999737848,49.24841999737848,48.614899840456985,49.02970504760742,77100,22.21267006351378,21.220907689353623,24.76671606202622,25.372562382926446,25.038002267360294,0.89,8.0,-0.88,0.7
LCII,2016-04-28,48.810989377202965,49.03724205177028,48.28305496189753,48.652610778808594,130000,22.33223969150952,21.244986979703317,24.603223090022226,25.34107347662788,24.978160022341765,0.9,6.0,-0.9,0.77
LCII,2016-04-29,48.35092446258434,49.10511139133594,48.26042283669269,48.89393997192383,170100,22.125962466745335,20.075388207260286,24.500199677903943,25.30174792408158,24.808380133571134,0.91,2.0,-0.93,0.82
LCII,2016-05-02,49.1956151574077,49.21069636400142,48.58471984155548,48.83360290527344,87100,21.94253370670967,20.023804744166476,24.34936991707027,25.210505078948035,24.780212580307964,0.92,1.0,-0.94,0.9
LCII,2016-05-03,48.32830483060634,48.547019753301115,47.853166210233745,48.21517562866211,90100,22.21767156011624,19.666470812334993,24.405719734045515,25.22973525958627,24.814769111423377,0.93,3.0,-0.96,0.87
LCII,2016-05-04,47.860703763728175,48.2528813279431,47.12914436930344,48.041709899902344,151600,21.897654269708394,19.62526107884724,24.402553437924542,25.23284003234938,24.482618676545552,0.94,3.0,-0.96,0.87
LCII,2016-05-05,48.12467682385058,48.98444672581627,48.12467682385058,48.448974609375,180100,21.64631843990849,19.509029939736298,24.422500079344683,25.182554897699617,24.47461818076022,0.95,5.0,-0.96,0.86
LCII,2016-05-06,48.17746081371604,48.810977935791016,47.80036735717129,48.810977935791016,203700,21.423105524788948,19.435129988294555,24.366068987630136,25.151010802637234,24.0228296622408,0.96,2.0,-0.95,0.89
LCII,2016-05-09,52.79310448253463,55.221588209369905,52.038917275641275,53.14002990722656,728400,32.25892703915857,25.127894282859415,27.76291359253164,26.867358043239065,25.454739807308112,0.98,98.0,-0.58,4.49
LCII,2016-05-10,53.42661927433191,54.81432673488161,53.3964568493996,54.128013610839844,568400,31.7410691712833,25.085338926176746,27.667529139575908,26.81792909427465,25.478448229088578,1.0,97.0,-0.16,4.59
LCII,2016-05-11,54.15063670876231,54.33164000374121,53.24560872588583,53.67549514770508,277900,31.90235611177633,25.089392251357545,27.52426417873649,26.305122831728177,25.4920812854815,1.01,93.0,-0.03,4.8
LCII,2016-05-12,53.924361318919125,55.74195444137373,53.698102955845464,55.093353271484375,411300,32.56325552848409,25.51623609944549,27.663124912397112,26.462378669125087,25.617509901545276,1.03,96.0,0.26,4.58
LCII,2016-05-13,55.03302361163897,56.42072486166627,54.94251910464114,55.32715606689453,247100,32.327456079893416,25.37450426236542,27.64814137947929,26.308425907294225,25.562309991079466,1.04,95.0,0.42,4.58
LCII,2016-05-16,55.23665980982857,56.63944823086547,55.0933681781679,56.17185592651367,184000,31.40215490042319,25.465074667597857,27.703117780880955,26.257851888497452,25.581900077771298,1.06,97.0,0.58,4.51
LCII,2016-05-17,55.794773455384885,55.862647543740835,54.761534885362096,55.0179557800293,216600,31.944702900542122,25.692926384333454,27.93887289423959,26.38502393265567,25.616425849637913,1.08,99.0,0.5,4.34
LCII,2016-05-18,54.64838742830867,55.530784806652505,54.59559457030494,55.07827377319336,237600,31.811413828359864,25.653363887522296,27.936229625527304,26.380992661390334,25.567571447777116,1.09,98.0,0.4,4.35
LCII,2016-05-19,54.919906324822605,55.6665499689843,54.799239376650846,55.37241744995117,135200,29.800226622367354,25.615465826749308,27.936927910888905,26.12915010562696,25.570208139255712,1.11,98.0,0.31,4.35
LCII,2016-05-20,55.72688772106961,56.28498459762599,55.591133804719,56.12660598754883,188000,29.6993385160149,25.668963221808465,27.997817114258716,26.164568081566696,25.59733787441287,1.12,100.0,0.25,4.27
LCII,2016-05-23,56.32269270164166,56.6243686916015,55.26682961377766,55.35733413696289,190300,30.21141056286657,25.917197571378225,28.098747089984073,26.218706735421737,25.63188637833421,1.13,100.0,0.13,4.21
LCII,2016-05-24,55.485527633165596,57.36345132284624,55.485527633165596,57.2352409362793,144000,31.2510270094307,26.63253466702418,28.539809090841405,26.478837561894608,25.8178021568355,1.15,100.0,0.11,3.81
LCII,2016-05-25,57.61988839995666,58.26094620415579,57.41625468613479,57.46904754638672,154500,30.399009125383152,26.6225302639517,28.40681540070735,26.39325883437923,25.703172403103597,1.17,99.0,0.07,3.89
LCII,2016-05-26,57.77825719174753,57.77825719174753,56.88077296552906,57.453956604003906,115400,30.316118873548458,26.63128617649702,27.647411813802925,26.322357784851242,25.684710178649397,1.18,86.0,0.01,4.28
LCII,2016-05-27,57.28805693235239,58.306208464424316,57.28805693235239,58.2157096862793,110100,30.386438737452465,26.699046049198998,27.488077380109218,26.351121474781664,25.63564034338827,1.18,80.0,-0.02,4.35
LCII,2016-05-31,58.396714534682566,59.05285946347375,58.223248948683185,58.34392166137695,257100,30.391070617058745,26.66896865914612,27.05570707150185,26.34444134669235,25.62889361916163,1.19,68.0,-0.05,4.65
LCII,2016-06-01,58.14026593463373,58.57015799571921,57.220162740876454,58.411773681640625,278400,30.38540807446398,26.673379507510237,26.82648165735701,26.320518936992425,25.625040994463383,1.19,65.0,-0.09,4.83
LCII,2016-06-02,58.464780811556466,59.37332208900346,58.10893364870761,59.3203239440918,210100,30.34011250325704,26.766921417302385,26.806499500902376,26.338583288193124,25.61796396602083,1.19,63.0,-0.11,4.79
LCII,2016-06-03,59.31275284329972,59.31275284329972,58.578351607273056,59.184043884277344,164500,29.986242151859205,26.79421358634925,26.496893756195423,26.284783693807828,25.57694925562047,1.19,58.0,-0.16,5.19
LCII,2016-06-06,59.19919741887687,59.82003540713112,58.67678292248488,59.411190032958984,210300,29.90727663834515,26.690268143382134,26.491301436903736,26.285704306031356,25.18299571745442,1.19,57.0,-0.21,5.18
LCII,2016-06-07,59.645879363048756,60.47114270584307,59.34303037691906,59.81244659423828,177100,29.758302236764127,26.49459954744353,25.502138744832536,26.29084480966219,25.1763381090154,1.19,32.0,-0.25,5.74
LCII,2016-06-08,59.827590938339654,61.50083041271556,59.82002390098186,61.099552154541016,200600,29.9345756152707,26.57702499706187,25.578887799705036,26.38663265097386,25.255271346184387,1.19,38.0,-0.25,5.55
LCII,2016-06-09,60.849697205832115,61.13740054065021,60.30457023344965,60.89512252807617,118400,29.90425567634219,26.48049869881178,25.517133130997998,26.038059965266363,25.257107101193576,1.19,33.0,-0.28,5.6
LCII,2016-06-10,60.05472462786925,60.531707881977844,59.68373765245145,59.81244659423828,118500,30.488955203605585,26.87232453076997,25.72963258572816,26.11559126169192,25.245740924343558,1.19,50.0,-0.36,5.46
LCII,2016-06-13,59.2976191079727,59.69889165476656,58.91148641471063,58.99477005004883,124500,31.06905379482952,27.064748633173945,25.883469453649194,26.072802954343388,25.281635944244226,1.19,57.0,-0.45,5.33
LCII,2016-06-14,59.10832036011687,59.706445470688266,58.85846953360663,59.57016372680664,123500,31.001458569964758,27.054288825543637,25.876922070582204,26.086975284979992,25.244235576598722,1.19,56.0,-0.54,5.34
LCII,2016-06-15,60.10775395965452,61.62956671682496,59.75190664951529,60.93301773071289,200400,30.774995770805948,27.261651156475814,25.80056544328846,26.190134015547812,25.3348264513385,1.19,54.0,-0.59,5.43
LCII,2016-06-16,60.66044408689363,61.68255472280855,60.13802954518257,61.538700103759766,126500,30.588288813381293,27.055182532458122,25.671402965935485,26.201378889768023,25.328846608624627,1.19,43.0,-0.64,5.51
LCII,2016-06-17,61.682535856613555,61.690108670133064,60.244007435211444,60.47114562988281,249600,31.485282263664427,27.211687623440273,25.75772307048777,26.19133261898763,25.370273093504387,1.19,51.0,-0.71,5.54
LCII,2016-06-20,61.35698578792242,62.43209445631533,60.86485679069978,61.85668182373047,158200,31.794686782708993,27.406621408637367,25.798678909273114,26.30172538667328,25.425047372483494,1.19,53.0,-0.76,5.38
LCII,2016-06-21,62.1292404446998,62.1292404446998,61.32669541486792,61.96267318725586,128900,21.860144514072505,27.32925807506489,25.594667244531134,26.17476936382323,25.406060985691198,1.19,37.0,-0.81,5.56
LCII,2016-06-22,62.31097189175159,62.74253001624111,61.637135623274375,62.568389892578125,144300,21.543397719851942,26.905137774542514,24.462556126669778,25.90025232528009,25.412238844627392,1.2,7.0,-0.85,6.49
LCII,2016-06-23,63.46935022657717,64.64288237691434,62.71979751275881,64.4233169555664,221000,22.282119544555215,27.370536637604154,24.763352773101737,26.038232124005518,25.563041517797984,1.2,16.0,-0.83,6.05
LCII,2016-06-24,60.69070926251574,62.719784223603774,60.69070926251574,61.37211227416992,275600,26.5471011884355,29.458588492345385,26.07741485393653,26.58361398703396,26.021593463648312,1.2,60.0,-0.9,5.5
LCII,2016-06-27,60.69826652775304,60.69826652775304,59.02503319210138,59.31273651123047,228300,28.707926924047793,30.366419846102836,26.170174044529038,26.643499135225973,26.26133419979095,1.2,61.0,-0.97,5.46
LCII,2016-06-28,60.092597464402274,61.667402176048036,59.691319139230266,61.137420654296875,219600,29.617654172612546,30.361045381898155,26.49375797734225,26.83662174232724,26.214267132392383,1.19,64.0,-1.03,5.08
LCII,2016-06-29,61.780949142184404,62.250365304817635,60.77397883556778,62.07622528076172,203200,28.957407859691703,30.253423590673616,26.25179469912667,26.879314204786436,26.232949742929485,1.18,62.0,-1.09,5.26
LCII,2016-06-30,62.220088916924574,64.24916967460523,62.098947008351814,64.23402404785156,231900,30.22566415095805,30.76462752265024,26.631481378325166,27.117070553127427,26.430982798010348,1.18,68.0,-1.11,4.83
LCII,2016-07-01,64.39302153039465,65.2939898878478,64.39302153039465,64.96086120605469,206100,30.277823737093634,29.79486836508098,26.563769481716985,27.112442372404182,26.44688391896373,1.17,67.0,-1.13,4.87
LCII,2016-07-05,64.68072089368381,64.97599704468986,63.40118705508193,64.05988311767578,205900,30.676404164810005,29.968819277042357,26.69818539748608,27.13066173275431,26.491805385277768,1.16,71.0,-1.18,4.77
LCII,2016-07-06,63.59804080355697,64.90786013789689,63.59804080355697,64.69586181640625,149500,30.219387122981956,29.961334123183757,26.38219453727444,27.138127126720363,26.50466194179144,1.15,64.0,-1.21,5.12
LCII,2016-07-07,64.7034582390076,65.71800178764067,64.66560571434485,65.26372528076172,198400,29.04508486942328,29.968516999780686,26.27001608438307,27.142413259409103,26.507931423997004,1.13,63.0,-1.23,5.28
LCII,2016-07-08,66.0662546707761,67.22464667770267,66.0662546707761,67.0732192993164,217400,29.797660913643405,29.848040859585655,26.472798211755038,27.29516725571975,26.62745742214027,1.13,66.0,-1.2,5.04
LCII,2016-07-11,67.2473629009963,68.66317863796245,67.20950461030424,68.57989501953125,142500,30.152788559925646,29.97724518365379,26.625553344007276,27.374466818073945,26.65283430547834,1.12,72.0,-1.13,4.84
LCII,2016-07-12,69.04175090861425,69.8972941349458,69.01146542586378,69.7458724975586,252500,30.248841151029232,30.059753833054724,26.608151317890467,27.41934660040742,26.695739617664394,1.11,72.0,-1.03,4.82
LCII,2016-07-13,69.98057659239572,69.98057659239572,67.78492822898801,68.398193359375,283400,31.12904559681717,30.50695281510336,26.874401369322488,27.40857803786075,26.78051702711227,1.11,79.0,-1.03,4.6
LCII,2016-07-14,68.39818340135011,69.20830693654452,68.01205655580789,68.1483383178711,227600,31.215986136370034,30.55099781621743,26.763138990889086,27.36443471114105,26.69926921540541,1.1,77.0,-1.05,4.76
LCII,2016-07-15,68.18621280489963,68.63291652641446,67.77736738696552,67.90608215332031,161500,31.15700853593988,30.542577098430346,26.76004198799764,27.302464674484177,26.704398883186688,1.09,77.0,-1.08,4.76
LCII,2016-07-18,67.87576506825333,68.4587445479919,67.57291610968792,68.3830337524414,125200,31.09700923982602,30.339559978740056,26.73518040553095,27.015303713349383,26.7094481478957,1.08,77.0,-1.1,4.77
LCII,2016-07-19,68.32248254195372,68.92818063405416,68.29976987436385,68.398193359375,117000,31.124523107331758,30.304077524631722,26.722408304229557,26.769028194667687,26.70482384072661,1.07,77.0,-1.13,4.78
LCII,2016-07-20,68.83734476798502,69.35218656728577,68.3982138087412,68.51935577392578,131400,31.129540418631272,30.258086385860473,26.72325561524091,26.752995814844166,26.694808592726986,1.07,78.0,-1.16,4.78
LCII,2016-07-21,68.53445196897191,68.80701544062366,67.8151907821128,68.28460693359375,129200,30.795706436246416,30.238798499651022,26.750235080593114,26.709121869814638,26.697324179472666,1.07,79.0,-1.2,4.76
LCII,2016-07-22,68.21647941548098,68.57232657575096,67.64106686320687,68.52690124511719,103300,30.72315282559954,30.173477860877245,26.745085772422645,26.658907331163125,26.680759014096516,1.07,78.0,-1.23,4.77
LCII,2016-07-25,68.5041977729821,68.5041977729821,67.14137990743502,67.7925033569336,157000,30.347754336004517,30.237399727042984,26.84646275561764,26.63415812598152,26.65053012167405,1.08,83.0,-1.26,4.69
LCII,2016-07-26,68.04234278640031,69.10230564043594,67.62592468205465,69.064453125,127600,30.133739741742243,30.35519629580625,26.946024165310135,26.524628669335314,26.69338546145914,1.08,84.0,-1.29,4.56
LCII,2016-07-27,69.2764497910177,70.29098737595788,68.9584609160094,70.1017074584961,154400,30.238046469661285,30.376655046608615,26.983294675801066,26.498215421870047,26.708713444339665,1.08,84.0,-1.3,4.51
LCII,2016-07-28,70.1168528386582,70.8815453198813,69.59443841987469,70.38184356689453,172400,29.79638023747774,30.127573511658785,26.982171948875422,26.442582384383083,26.70948784857014,1.09,83.0,-1.31,4.51
LCII,2016-07-29,70.49541308901105,70.67712019282384,69.18559351546408,69.35973358154297,192800,30.276310221006103,30.36621456920073,27.138820131120315,26.506292105874202,26.739064500525856,1.09,85.0,-1.33,4.37
LCII,2016-08-01,69.35215625459948,70.29098296896684,68.82974764308604,69.73828887939453,345300,29.58363360793421,30.362643379071752,27.137364212106114,26.508215725773333,26.727560758500417,1.1,84.0,-1.35,4.38
LCII,2016-08-02,69.73831936085303,69.73831936085303,67.77737567808738,68.51935577392578,299700,29.768963006024933,30.746715955256448,27.294784281030086,26.600289972194147,26.775009412372956,1.1,85.0,-1.37,4.25
LCII,2016-08-03,68.23161454401767,68.23161454401767,67.3230676365946,67.89090728759766,242300,29.99071921687402,26.0718116881885,27.252176326476825,26.634360051148875,26.428672417429965,1.11,84.0,-1.4,4.34
LCII,2016-08-04,68.57990870277483,73.38761798534057,68.14077785913274,71.20711517333984,644100,32.62803146169518,27.41479115232373,28.050504981275754,27.15611752445958,26.823464576760237,1.13,97.0,-1.4,3.83
LCII,2016-08-05,71.92638377308928,72.42608563301059,70.63170955833759,70.73013305664062,295000,31.898717736977854,27.383098988790216,28.02562200463355,27.1602285598288,26.833317678295977,1.14,96.0,-1.4,3.85
LCII,2016-08-08,72.1307890897661,73.22104327313687,71.01782801666728,73.21347045898438,335300,29.181178053164352,27.718152296516184,28.434149379033986,27.381659129955764,27.021727382775353,1.16,99.0,-1.38,3.5
LCII,2016-08-09,73.11505787179205,73.44819242774952,72.63050166841697,72.82735443115234,231600,26.848665206344496,27.79415050698162,28.449297624249564,27.35127752039247,27.03092300220807,1.19,99.0,-1.37,3.51
LCII,2016-08-10,73.07721166537058,73.78890623401668,72.50180468886653,72.79708099365234,204800,25.978436837983214,27.7242693241572,28.440264261454946,27.343345477890583,27.004528660648102,1.2,98.0,-1.36,3.54
LCII,2016-08-11,72.97876294047728,73.36489558115346,72.94847746117281,72.98633575439453,301000,25.838082842252312,27.23075095940612,28.399069596092712,27.305643067881373,26.967887122052918,1.22,95.0,-1.35,3.56
LCII,2016-08-12,72.88792869765416,73.13020682950136,72.14595444603236,72.41851806640625,137700,24.611354325358576,27.342181165595804,28.33296366825671,27.303294008180917,26.933390818390183,1.24,94.0,-1.35,3.61
LCII,2016-08-15,72.8576332699332,73.56932187951543,72.30493333218082,73.50875091552734,236800,24.72884162671073,27.424562235751456,28.25511746753275,27.25514964463544,26.949823903519142,1.25,93.0,-1.34,3.63
LCII,2016-08-16,73.52389213051634,74.00844826059932,73.06962148060913,73.53903198242188,268300,24.159550015224784,27.37636339370857,28.22657320005968,27.18854097432243,26.94749736951,1.25,92.0,-1.33,3.68
LCII,2016-08-17,73.81246434672548,74.66306211994551,73.44032202667896,74.63268280029297,226800,24.293355863103596,27.185826894560776,28.225441758469984,27.089503162160433,26.92278639710993,1.25,91.0,-1.31,3.65
LCII,2016-08-18,74.68581887656647,76.35664610385695,74.57190371078863,76.3414535522461,253400,24.819306782294266,26.793678756626825,28.11876559813723,27.09504302283191,26.96315645627662,1.25,90.0,-1.28,3.73
LCII,2016-08-19,75.99971073157538,76.27311876928245,75.25543200798128,75.55921936035156,223900,24.29630154928024,26.971663438383704,28.209886415300705,27.036288779863522,26.84732724376488,1.25,90.0,-1.26,3.68
LCII,2016-08-22,75.53643725662269,76.32628206484395,75.0883553968907,75.589599609375,195000,23.687921918974634,26.966930001241646,28.211675845651307,26.913729034138267,26.750632686084653,1.25,90.0,-1.24,3.68
LCII,2016-08-23,76.02247071152665,76.3946070633245,75.58957574883036,75.86298370361328,160800,23.334810206987857,26.90783241215819,28.131396983266477,26.872283979026463,26.35078156902862,1.25,88.0,-1.22,3.74
LCII,2016-08-24,75.83261527464182,75.96172299562355,75.02758384468409,75.12631225585938,187900,22.686538892281273,27.060998596709098,27.88796103409436,26.81749078420337,26.379564390662434,1.24,79.0,-1.21,3.9
LCII,2016-08-25,74.73900593423242,76.48577318475436,74.43521856197489,76.24274444580078,269400,22.83495977115134,27.13874485649957,27.807941006317805,26.823026473549533,26.30356815350466,1.23,78.0,-1.2,3.92
LCII,2016-08-26,76.38700408375797,77.10089736509295,75.57437662730348,75.95410919189453,208500,22.84149775416561,27.09207473045579,27.784203113775348,26.821371443688243,26.245872421169835,1.22,77.0,-1.18,3.98
LCII,2016-08-29,76.1364147888361,77.65534575719194,76.08325243671412,77.38953399658203,141300,23.23642958099216,27.221561200868877,27.23602960174626,26.874550192353336,26.293055132755022,1.21,66.0,-1.17,4.25
LCII,2016-08-30,77.69331566950525,77.8300196784343,76.8578990625714,77.14649963378906,200000,23.305955899229083,27.266064920970074,27.19900057258159,26.831296141026247,26.294637976455267,1.2,65.0,-1.16,4.32
LCII,2016-08-31,77.26802082877643,77.3515625,76.09844322590844,77.3515625,158000,23.29996964673234,27.263682080148005,27.188968292992193,26.830156120642574,26.10184434795731,1.2,64.0,-1.15,4.33
LCII,2016-09-01,77.54900393796129,77.92114032068504,76.11361495319487,76.66043090820312,224700,23.508919114307705,27.162773070632923,27.280182494200318,26.755443689962828,26.126867096174777,1.19,67.0,-1.14,4.26
LCII,2016-09-02,77.07815213112956,77.81483459472656,76.67563634238363,77.81483459472656,176400,23.72700161886688,27.21634154280422,27.009325852795264,26.69657442053166,26.150401068566104,1.19,59.0,-1.13,4.54
LCII,2016-09-06,77.92115291080384,78.3692405329923,77.11612139933558,77.62496185302734,195700,23.389418676851715,26.86370218362019,26.998323035524898,26.617960795448482,26.149379365539676,1.18,58.0,-1.11,4.55
LCII,2016-09-07,77.87558247998832,78.148990486366,75.94653967688413,76.88827514648438,283400,23.33914745778287,26.755691824276873,27.089974080150707,26.646544390448625,26.11899631021124,1.18,60.0,-1.1,4.49
LCII,2016-09-08,76.8882764382514,77.06295603191785,76.23513572251616,76.33386993408203,124900,23.287387157174894,26.837766148103782,27.153575190404837,26.663786703957708,26.081224754066962,1.17,62.0,-1.09,4.44
LCII,2016-09-09,75.61236941373762,75.627561965729,72.2327508782664,72.26313018798828,359600,28.651273368419634,29.150548998401142,28.73558939047528,27.523769408422698,26.698757946462432,1.18,100.0,-1.07,4.16
LCII,2016-09-12,71.73150714154032,73.18208888591079,70.56952596727068,73.12133026123047,443800,28.431453285050722,29.17296050589569,28.732299733686496,27.544522243914166,26.71168528108656,1.19,99.0,-1.05,4.15
LCII,2016-09-13,72.74159870826476,72.99981997014288,71.29102273502563,71.42772674560547,220000,29.324259799868518,29.37462252182027,28.962049136435276,27.7148724697731,26.817545892238677,1.2,100.0,-1.03,3.98
LCII,2016-09-14,71.64037250489491,72.05807499794332,71.01001483286817,71.69353485107422,169000,28.80645861233702,29.08217695817023,28.90974786911073,27.715254859494554,26.797650656828825,1.21,99.0,-1.01,4.05
LCII,2016-09-15,71.89101584573696,72.7112342828923,71.53406608979047,72.70364379882812,160900,28.840888880076143,29.177409142076815,28.930902724146772,27.743985478273043,26.783920645771286,1.21,99.0,-0.99,4.01
LCII,2016-09-16,72.53652066417057,72.53652066417057,71.43529268116971,71.45048522949219,259700,25.96116326814305,29.42514044086268,29.064621490270643,27.842940484754102,26.855206171342687,1.21,100.0,-0.95,3.93
LCII,2016-09-19,71.79986018011904,73.20487002239747,71.6175901050682,71.94416046142578,115500,25.949398983803867,28.901085946503645,29.040275052696362,27.769335135265766,26.858616351020903,1.21,99.0,-0.93,3.94
LCII,2016-09-20,72.1568313384805,72.20999370096455,71.26066166070449,72.11125946044922,247600,23.885904025284866,26.92802150127752,28.982259659775544,27.337007361308256,26.856238484498185,1.2,98.0,-0.91,3.99
LCII,2016-09-21,72.55933222283083,73.12893132944208,71.94416704185443,72.96944427490234,367200,24.102375506048368,25.870504263055377,29.008964538769394,27.241283105121468,26.623211419842708,1.19,98.0,-0.9,3.95
LCII,2016-09-22,73.65294546060038,74.95163039508937,73.31877888297973,74.59468078613281,210800,24.92716589832331,25.55752479803989,29.136806336790045,27.095631237780182,26.673131106185117,1.17,100.0,-0.9,3.82
LCII,2016-09-23,74.59468666248044,74.59468666248044,73.16688811417649,73.92635345458984,113000,25.081175301815335,25.557290024311914,29.08727099145734,27.008835407387043,26.61799348234829,1.15,99.0,-0.94,3.86
LCII,2016-09-26,73.47068419181717,74.594695579467,73.10614402962794,73.67574310302734,160200,24.987657744818677,24.74140452479273,29.08585253697734,26.975360614626766,26.623881277031753,1.13,98.0,-1.01,3.86
LCII,2016-09-27,72.91628069942,76.24273734025778,72.9086844223994,76.10603332519531,283700,26.341436907433412,25.44123451014108,29.421235669734802,27.0151722707247,26.786429961574775,1.12,100.0,-1.12,3.59
LCII,2016-09-28,76.47816737597572,76.70600932533972,75.6579491056405,76.18197631835938,162400,26.340543403431134,25.207824043634965,29.42270372239473,27.01371757708111,26.784402459995693,1.1,100.0,-1.25,3.59
LCII,2016-09-29,75.90095520726874,75.90095520726874,74.0402619596992,74.3212661743164,116500,27.047772065219633,25.78893345468025,26.81896279451695,26.696483514179064,26.843969471573903,1.1,36.0,-1.25,1.23
LCII,2016-09-30,74.75416306758889,75.0199747401149,74.00988459025614,74.44277954101562,150600,26.181983779085083,25.754383238677146,26.71108582871008,26.663861106073206,26.842855128857035,1.1,28.0,-1.24,1.28
LCII,2016-10-03,74.42761235091024,75.17948150634766,74.1238250191971,75.17948150634766,166300,26.20055443238412,25.269451875688016,26.66668554755594,26.631722855019518,26.763803592302132,1.1,27.0,-1.25,1.32
LCII,2016-10-04,75.37694372098954,75.92375975617325,74.54912918580298,75.01239776611328,178100,26.20665022343608,24.924357671010046,26.430751097748896,26.62204639414396,26.567339757569464,1.11,19.0,-1.23,1.41
LCII,2016-10-05,75.24024326336765,75.24783954039856,73.53904224692867,73.60739135742188,284500,26.72552612925314,25.06010190898064,26.65948610660442,26.753284072048505,26.612869956702827,1.11,28.0,-1.21,1.27
LCII,2016-10-06,73.43274297054006,73.64539244693896,72.87073416089882,73.6150131225586,180500,26.597427686798348,24.697559772140945,26.589734582180014,26.741482413839506,26.510905976506898,1.11,25.0,-1.17,1.3
LCII,2016-10-07,73.63016481029067,74.26811872983048,72.66564634633015,73.85041046142578,257300,26.22312090597132,24.679592213397484,26.32230822654099,26.600151132235517,26.310685542099122,1.11,18.0,-1.16,1.46
LCII,2016-10-10,73.8883923356959,74.71620687265393,73.6833334249325,74.34407043457031,101600,26.303485648116,24.681824099632365,26.327192341965937,26.53046353435325,26.300281130239988,1.11,19.0,-1.15,1.46
LCII,2016-10-11,74.20734373906807,74.20734373906807,71.76186487647632,72.48336029052734,159400,26.573427498654702,25.25801784961825,26.70574714248649,26.665327211157308,26.439766985454384,1.11,34.0,-1.13,1.26
LCII,2016-10-12,72.6808306415338,73.174484270851,72.0352862620855,72.80994415283203,139800,26.641574255064853,25.267790275012253,26.650895950105358,26.599962814526375,26.41741192421547,1.11,31.0,-1.11,1.29
LCII,2016-10-13,72.05807151259215,72.22515481943438,71.20747401486568,71.35176849365234,229000,27.120809562259563,25.640229964197886,26.770902364976212,26.64361511018945,26.492550343023357,1.11,44.0,-1.11,1.23
LCII,2016-10-14,71.3821515196978,71.83023911994452,70.56952377123591,70.78217315673828,188200,27.102900077477404,25.688742086156847,26.360912847351297,26.045676872414838,26.474250768251366,1.1,20.0,-1.07,1.34
LCII,2016-10-17,71.04040511098435,71.44292090766025,70.16701860812913,70.20499420166016,178100,26.622140847093245,25.74375521681488,26.409642912236254,26.055467348227758,26.48657723295097,1.1,22.0,-1.03,1.3
LCII,2016-10-18,73.27323883188608,73.873211517586,68.51898286529807,68.54936218261719,350900,27.269235458807607,26.12351302802815,26.725057611803116,26.222299109554903,26.60445423636974,1.1,41.0,-1.0,1.13
LCII,2016-10-19,68.76199990926247,70.97963754785044,68.34429161002852,70.45560455322266,332200,28.701081438541088,26.45028719574044,26.974611714393337,26.07146861106317,26.721461934299757,1.1,54.0,-0.94,1.04
LCII,2016-10-20,70.15939473531193,70.86569761964519,69.96952843085954,70.05307006835938,194900,28.68467016849077,26.302306366189377,27.001786731597903,26.07613088771557,26.7173789878753,1.1,58.0,-0.89,1.02
LCII,2016-10-21,69.30124107295367,70.06830300749729,69.043025531298,69.50629425048828,139200,24.168964090350148,26.3371077913726,27.045188358505822,25.949561866639915,26.72685916038464,1.1,59.0,-0.84,0.99
LCII,2016-10-24,69.96195053286405,71.38974331319403,69.68094626580375,71.34417724609375,221400,25.176246046329194,26.704682885311488,27.234960802853493,26.072045938304345,26.73580523843454,1.1,65.0,-0.77,0.92
LCII,2016-10-25,71.37457108778769,71.53405814937182,70.67585841584417,71.39735412597656,336000,24.247167946416727,26.684665429073846,27.227451053181344,26.033247515514873,26.699667793801453,1.09,64.0,-0.7,0.93
LCII,2016-10-26,70.95686703714593,71.63279091757138,70.16702216461525,70.30372619628906,251100,24.62359924413809,26.625005470155077,27.363686006374405,26.102344346760987,26.70679666833211,1.09,69.0,-0.63,0.85
LCII,2016-10-27,70.68343083022911,70.68343083022911,66.98483296400177,67.37216186523438,400100,27.04191098787024,27.98533899438495,28.238349065605746,26.445852788463633,26.85383672057315,1.08,80.0,-0.58,0.75
LCII,2016-10-28,67.03801151607179,67.75950715714967,65.92160219183468,67.09877014160156,227400,26.67950272387103,26.15854653527973,28.065272186356488,26.3750835992527,26.690541880212017,1.08,73.0,-0.51,0.8
LCII,2016-10-31,67.09876983987334,68.12404701546677,66.56714635453197,68.0101318359375,354900,26.940117628301557,26.297020195000158,28.127054494476795,26.365145318984474,26.707583748233027,1.07,74.0,-0.44,0.79
LCII,2016-11-01,68.01013738299991,68.54176091170172,65.88363167966895,66.0355224609375,226800,28.061693591644516,25.90881811699416,28.38400197496924,26.628907059422353,26.846595608304096,1.06,82.0,-0.42,0.72
LCII,2016-11-02,66.0355308836574,66.87094766997606,65.38998628953513,66.75702667236328,312100,28.018984566969074,26.025060281584423,28.327350581768133,26.613086573352994,26.8309479927256,1.06,80.0,-0.44,0.76
LCII,2016-11-03,62.73184736014801,65.61781849591812,61.25089199489811,63.946990966796875,451100,29.28878139336486,27.381030675905276,29.15008055869064,27.137594617439937,27.144320800138576,1.06,98.0,-0.51,0.65
LCII,2016-11-04,64.55457814337007,66.07350939380231,64.55457814337007,65.76972198486328,423600,30.79856605495983,28.0609194968381,29.267788621512082,27.216531585869465,27.15856740457338,1.07,98.0,-0.5,0.62
LCII,2016-11-07,67.02282475682007,67.32661209020752,66.37728029478514,67.09877014160156,303200,31.568856799206085,28.38093376824999,29.39186685588951,27.289477518490095,27.179433745257107,1.07,98.0,-0.46,0.58
LCII,2016-11-08,67.13675421509551,68.35189790793979,66.8329668433189,67.82027435302734,220800,30.03082982827615,28.290504525735155,29.284028001321527,27.29899048287958,27.160087270857463,1.08,97.0,-0.46,0.65
LCII,2016-11-09,66.83296055967283,67.97215875103089,66.14944048600566,67.63040161132812,241500,29.997789769156753,28.289663109144236,29.086297790410477,27.300158344352877,27.150949850437577,1.08,92.0,-0.42,0.71
LCII,2016-11-10,68.54174695109141,69.14932154093833,67.1367372306137,68.12403869628906,213700,29.503152725108617,28.148234373777697,29.103675206705326,27.306568969110174,27.156671165891545,1.07,93.0,-0.38,0.7
LCII,2016-11-11,68.1620085932374,70.63027074285324,68.1620085932374,70.51634979248047,231400,31.419301375669118,28.683757443529867,29.556472943801477,27.571223591557985,27.34520487979169,1.04,100.0,-0.29,0.61
LCII,2016-11-14,71.16191304977859,72.18719608162453,70.47839875423033,71.99732971191406,373700,31.927591469087435,28.974181238846956,29.382817051444892,27.65014409844884,27.40973579021631,1.02,96.0,-0.19,0.65
LCII,2016-11-15,72.11124001081541,72.94665661632848,72.03529462693096,72.4530029296875,259500,32.00510948287784,29.009958079189335,28.29434931973755,27.65026226420647,27.406429617995,1.01,71.0,-0.16,0.66
LCII,2016-11-16,72.4530120028172,74.31370021517226,71.84543726713363,74.23775482177734,285400,32.37281343107057,29.449258069757136,27.931700188719084,27.77016692131702,27.485857938064704,1.0,58.0,-0.51,0.74
LCII,2016-11-17,74.2377662158915,75.90858830406826,74.16182081084037,75.64277648925781,297400,32.811837307134084,29.63961414585115,27.695561504611288,27.821005884751226,27.505878520632045,0.99,54.0,-0.71,0.8
LCII,2016-11-18,75.98453950338238,77.2756287720405,75.5668310842067,75.64277648925781,290100,32.80554843244306,29.48222261096665,27.61748517113939,27.822858828306092,27.47637742175758,0.98,53.0,-0.88,0.83
LCII,2016-11-21,76.28828618076854,76.781939778884,75.45287551932871,75.98450469970703,164700,32.7780163685753,29.487270082689392,27.134537537888924,27.82180818471322,27.468289476800003,0.98,40.0,-0.9,0.96
LCII,2016-11-22,76.09844433756857,78.66544155582476,75.79466275878562,78.60468292236328,287700,33.17806873617384,30.057365685037563,27.572604291592206,28.062402150820965,27.622417531388187,0.97,52.0,-0.87,0.85
LCII,2016-11-23,77.99415353987432,78.75730574994115,77.99415353987432,78.2994155883789,210600,33.227684709204006,30.06136257943417,27.471163872751873,28.04734656991496,27.609313465738328,0.97,51.0,-0.91,0.9
LCII,2016-11-25,78.60467871065362,79.40599087112574,78.45205059551101,79.25335693359375,81600,32.628366479696645,30.15600468210749,27.489710427557007,27.9965033533844,27.56268036345831,0.96,51.0,-0.9,0.89
LCII,2016-11-28,79.32965702711041,79.50518456877751,78.22308883113747,78.52835083007812,227800,32.66616163409089,30.158892513704505,27.525635540119602,27.993287300880453,27.535482519802972,0.95,51.0,-0.91,0.86
LCII,2016-11-29,79.52045366708502,81.96254410089585,79.18467067200763,81.1612319946289,445800,33.55714163952202,30.75091629884711,27.67249261368605,28.18292584008324,27.61561999786602,0.94,53.0,-0.74,0.84
LCII,2016-11-30,81.65728868155712,82.11517885548048,79.59677998770725,80.2072982788086,235800,32.8359518012917,30.85181027700477,27.56396875620495,28.235196329973107,27.57991264443178,0.93,50.0,-0.7,0.87
LCII,2016-12-01,80.24545032858452,81.61912071527857,80.19202991058624,80.35992431640625,270300,32.1632992273194,30.781144497482167,27.45478696724839,28.214596341818567,27.511671965722478,0.93,46.0,-0.69,0.91
LCII,2016-12-02,80.3217733163752,80.3217733163752,78.0323165947683,79.1007308959961,244100,32.56800734872105,30.925422522270736,27.388903693472194,28.285936720511135,27.489053413547825,0.92,45.0,-0.71,0.94
LCII,2016-12-05,79.82571864782332,81.73359914046914,79.32966855525757,81.42833709716797,165000,33.144739585828674,29.23661504003387,27.7224000309307,28.437788380543488,27.58737710551211,0.92,54.0,-0.63,0.83
LCII,2016-12-06,81.65727996826172,82.19148414377145,81.27570389364368,81.65727996826172,141000,32.555482502492936,29.16565059271844,27.70959638418763,28.375383102146586,27.52385151952273,0.91,53.0,-0.58,0.84
LCII,2016-12-07,81.6572767988532,83.75594512779568,81.58096275136938,83.06910705566406,252500,32.73746552391612,28.847533163885153,27.80424552810954,28.364229213055797,27.543659564563644,0.91,55.0,-0.45,0.8
LCII,2016-12-08,83.41252924250169,83.98489333385722,82.64937712069431,83.25989532470703,289400,32.17190783503091,28.846482355240045,27.802921255670626,28.338161888016757,27.535373415203956,0.9,54.0,-0.36,0.81
LCII,2016-12-09,83.03096604899005,84.08411404423174,82.72570398848262,83.56517028808594,198000,28.758199224976234,28.74812874486815,27.804200263404393,28.31830475866115,27.52917916600567,0.89,54.0,-0.29,0.81
LCII,2016-12-12,83.75594280949991,83.90857090024295,82.49674068251038,83.3743667602539,120300,28.702277193587733,28.47122075397151,27.799111655344618,28.167741937250295,27.49915998141308,0.89,52.0,-0.27,0.81
LCII,2016-12-13,83.75594156759756,84.32830563297978,81.77174730541688,82.42042541503906,181600,29.140235824086304,28.601438556234022,27.880353817878305,28.212029137699098,27.534816595462143,0.88,56.0,-0.3,0.76
LCII,2016-12-14,82.57303309131453,83.18355693908829,82.08461634205028,82.3059310913086,137000,27.209323258751095,28.61124276257453,27.81193543478629,28.21569010980129,27.454260467827634,0.88,55.0,-0.33,0.8
LCII,2016-12-15,82.42042412598627,84.51909233289796,82.30595015022251,83.48883819580078,199000,27.26545162675558,28.650636365423665,27.754519029058976,28.21227639888632,27.408831084567826,0.87,48.0,-0.35,0.82
LCII,2016-12-16,83.94674252370491,84.32831862608539,82.42043811418301,82.534912109375,316500,23.461955692996284,28.48509272649325,27.75589972551828,28.10000041348629,27.388130025347333,0.87,48.0,-0.41,0.81
LCII,2016-12-19,82.9928159554697,83.98491631423829,82.61123979015719,83.60334014892578,104300,22.7609088283885,28.487160465805733,27.81076188427955,28.067529847603307,27.400349770474385,0.86,54.0,-0.44,0.78
LCII,2016-12-20,83.52700357029909,86.27435606957458,83.48884945482467,86.19803619384766,187100,23.440489483291095,29.054373237443563,28.05867157766749,28.212731150848025,27.53594084944677,0.86,60.0,-0.36,0.74
LCII,2016-12-21,86.31252100223713,86.73225708178273,84.90069046018615,84.93885040283203,148100,24.358511973929367,28.589814008313084,28.181098055949498,27.979862031177184,27.58951266570492,0.86,64.0,-0.38,0.67
LCII,2016-12-22,84.82436278364375,84.97699088495212,83.47358021527042,84.06121063232422,160300,24.733550189175872,28.698954046978603,28.076053723746767,27.978419449943843,27.618798821616302,0.85,60.0,-0.41,0.72
LCII,2016-12-23,84.25202012195341,85.47306271048222,84.21386017571581,85.3204345703125,92600,24.831951497769097,28.289422847707364,28.090517243965923,28.008928677585605,27.64554527394948,0.85,60.0,-0.42,0.72
LCII,2016-12-27,85.66382369148741,86.08355967772849,85.09145961337056,85.62566375732422,157300,23.49028258999554,28.290259207754588,27.131994627674295,28.00838453344965,27.645758674192205,0.86,21.0,-0.45,0.73
LCII,2016-12-28,85.62566622633445,86.23619025621889,83.64147186279297,83.64147186279297,114700,24.619082285598786,28.731866186942305,27.395004952609582,27.993752854521997,27.76337329574278,0.86,32.0,-0.51,0.61
LCII,2016-12-29,83.64147860368132,84.63357877660236,82.07702011240013,82.87832641601562,170900,24.953684143474007,28.808276608529127,26.936153128450503,28.019042600889136,27.78660668959965,0.86,15.0,-0.59,0.68
LCII,2016-12-30,82.95462160101788,82.95462160101788,82.03884151308276,82.22962951660156,114200,24.467596364386264,28.55920876152717,26.955090412122512,28.04340401395235,27.750120290757835,0.86,16.0,-0.65,0.67
LCII,2017-01-03,84.9006777259925,88.9072265625,81.04675699239637,88.9072265625,114200,32.44246357528261,32.54811759112669,29.585914287520314,29.41898856851172,28.467374874347556,0.88,100.0,-0.55,2.42
LCII,2017-01-04,88.37301803424963,88.37301803424963,83.1454213419582,83.25989532470703,220100,38.41501708951067,35.468564047643575,31.472874797496768,30.52913125636253,29.202373670729255,0.95,100.0,-0.62,2.6
LCII,2017-01-05,83.64147860368132,84.35121037110596,82.30596227526637,82.87832641601562,141800,38.47856573508528,35.480360938496155,31.45326549603403,30.530487001201994,29.05665563447138,1.01,99.0,-0.67,2.61
LCII,2017-01-06,83.98490426098,84.51910848679405,82.57306799403402,83.7177963256836,154600,37.415160046507765,35.062502218753224,31.40920111601901,30.49462628357747,28.985908324361056,1.07,98.0,-0.73,2.64
LCII,2017-01-09,83.48885664583155,83.48885664583155,81.69545003717252,81.88623809814453,97500,38.0367144092424,35.41711145773886,31.628335714562468,30.607672107942253,29.065451928300018,1.13,100.0,-0.77,2.5
LCII,2017-01-10,81.88623538869766,83.98490398994919,81.54281339687742,83.87042999267578,125700,38.47576515232142,35.392054626417895,31.7627426590738,30.699722989548317,29.01747077004987,1.19,100.0,-0.83,2.43
LCII,2017-01-11,84.06120070349866,84.48093084371499,82.57305069076398,84.02304077148438,82700,38.332372354633584,35.322274305350966,31.57590922134502,30.660981424763694,29.01631749463931,1.24,98.0,-0.88,2.54
LCII,2017-01-12,84.06119790783586,84.06119790783586,82.72568184518605,83.94672393798828,96600,37.21409609521129,35.25649030095828,31.525832559571032,30.652295325076125,28.6790303281359,1.29,97.0,-0.93,2.57
LCII,2017-01-13,84.55726774253534,87.83881877327495,84.55726774253534,85.89278411865234,156800,37.52457362968868,35.03799883390207,31.71604247162102,30.715913451078062,28.72819555019092,1.34,99.0,-0.97,2.46
LCII,2017-01-17,86.08357500928544,86.08357500928544,83.03096604899005,83.56517028808594,89400,38.5035175986145,35.25974211476411,32.04003629701584,30.928123086508553,28.863958263521443,1.4,100.0,-1.01,2.28
LCII,2017-01-18,83.52701627250535,84.36648845405007,83.41254808628555,84.09938049316406,77500,38.182838454552694,35.221260017284386,32.00489839366074,30.926634194198897,28.852208617454238,1.45,99.0,-1.05,2.3
LCII,2017-01-19,84.3283030214245,84.3283030214245,82.15332080480657,82.19147491455078,95700,37.96348626178461,35.55524831335472,32.15559621840563,31.023263000990386,28.96778460073195,1.5,100.0,-1.08,2.22
LCII,2017-01-20,82.07702510404671,82.42044128042603,80.16914451885167,80.93229675292969,264900,38.22662506304212,35.41114439719194,32.25049129421881,31.090061939676772,29.014235277695565,1.55,100.0,-1.1,2.16
LCII,2017-01-23,80.55071034314878,82.49674479795043,80.54307719151431,82.38227081298828,188200,38.25142880433369,35.554650939330614,32.237077000388425,31.13295860062426,28.956548415729884,1.6,99.0,-1.12,2.17
LCII,2017-01-24,82.80202950077965,85.58753672680469,82.4586132742026,85.3204345703125,131100,39.596685015917636,35.97651908961858,32.690218677810016,31.359503763527307,29.091407617493143,1.65,100.0,-1.15,1.97
LCII,2017-01-25,86.00722477859406,88.02957866565367,85.47302072799906,87.99142456054688,132500,40.53786028322748,35.118889536688,33.03046658412112,29.99401252986399,29.172288285515467,1.71,100.0,-1.16,1.81
LCII,2017-01-26,88.52563960360064,89.2887916691489,87.83880158012954,88.44932556152344,132600,40.53156538730114,35.07422167612113,32.99494762871275,29.937814183577988,29.130769881548996,1.76,99.0,-1.16,1.83
LCII,2017-01-27,88.48748547740428,89.4032715095837,87.45723128579242,89.13616943359375,152500,40.35889550493346,35.031744846790914,32.93956805281427,29.914267575984006,29.069551739145556,1.81,98.0,-1.16,1.86
LCII,2017-01-30,87.3809080990878,87.3809080990878,83.87040989888588,83.94672393798828,353800,44.24890357649089,36.80909708452154,34.34506312994531,30.69518475112792,29.34238619269667,1.89,100.0,-1.18,1.75
LCII,2017-01-31,83.64145408048621,85.24407204022793,83.64145408048621,83.75592803955078,185700,44.06608650079514,36.80291496525971,34.30885898085411,30.699191440641727,29.332132428302838,1.97,99.0,-1.21,1.77
LCII,2017-02-01,83.75596782726177,85.01517033037291,81.69545887481824,82.68755340576172,246600,44.09859296915201,35.666652196650396,34.35397977836074,30.71290670014224,29.359024239582958,2.04,100.0,-1.23,1.74
LCII,2017-02-02,82.42042541503906,82.8020014586272,82.03884937145091,82.42042541503906,119400,43.93906966141382,35.349516575793075,33.184907559940314,30.598711750463142,29.165082874568505,2.09,97.0,-1.23,1.94
LCII,2017-02-03,82.64938888334783,83.18359311568544,82.22965282766152,82.6112289428711,205000,42.956811143171414,35.18783300518731,33.1427060333562,30.598406822717518,29.155010987931025,2.13,96.0,-1.23,1.97
LCII,2017-02-06,81.96253809840539,83.06910633326929,81.96253809840539,82.49674224853516,90700,42.77153366413937,35.16892841137719,32.90921077229767,30.599221592011123,29.05876279837657,2.17,92.0,-1.21,2.09
LCII,2017-02-07,82.49674939139823,82.72569737407044,81.58860225754701,82.4585952758789,180100,42.678337222404686,35.1549443423664,32.90854481343551,30.57116332143875,29.046837459211755,2.21,91.0,-1.19,2.09
LCII,2017-02-08,81.92438250449938,84.25199890136719,81.352018389439,84.25199890136719,245900,42.930995700402946,35.34430057785835,33.00338212994545,30.59753722123999,29.08264037364457,2.24,94.0,-1.19,2.04
LCII,2017-02-09,87.99145036091096,87.99145036091096,85.66383383856879,85.85462188720703,291200,43.281120149816424,34.90086848131697,32.977463171522906,30.438086881849962,29.111531678934423,2.28,92.0,-1.17,2.06
LCII,2017-02-10,86.92305114648366,86.92305114648366,82.38229131070597,82.68755340576172,259000,44.13490571189925,35.691598665028266,33.554749053633124,30.799979675622602,29.258775205704623,2.32,97.0,-1.15,1.83
LCII,2017-02-13,82.80200424996974,84.21383449436249,82.76384431536917,82.84016418457031,195100,44.05979301073765,35.68194510131767,33.55449899029647,30.798789117548097,29.206652653612252,2.36,96.0,-1.12,1.83
LCII,2017-02-14,82.3441171670154,82.80200728707446,79.44413670266005,82.76384735107422,329000,43.998326940061375,35.38796173354713,33.51451045093856,30.772165471598985,29.181662076118275,2.4,95.0,-1.09,1.85
LCII,2017-02-15,82.45858380127548,83.03094785591908,82.16858228726092,82.95462799072266,105700,37.32012187680702,35.21182985527244,33.34923223354819,30.772179368846942,29.179205640857653,2.44,94.0,-1.08,1.94
LCII,2017-02-16,83.10726793888428,83.98489405093379,83.10726793888428,83.83226013183594,166100,32.27912223424923,35.258221507974234,33.34330465392205,30.788715771867132,29.166130685099578,2.48,93.0,-1.06,1.94
LCII,2017-02-17,83.48884584792756,83.71778799805035,82.68753376652576,83.14542388916016,128400,32.34339677774313,35.31166025877801,33.369274940960445,30.77072487612165,29.18022613865342,2.51,94.0,-1.03,1.93
LCII,2017-02-21,83.41253246818039,84.86251689777642,83.41253246818039,84.06121063232422,115700,32.367852607982634,34.720537832174344,33.029660540085956,30.785362545932482,29.13094046506676,2.54,88.0,-1.03,2.08
LCII,2017-02-22,83.79411952965263,84.74805984386822,83.06912139741503,84.70989990234375,89700,31.733452285998247,34.73026464976427,33.046745294190465,30.792061569856795,29.128475537555182,2.56,89.0,-1.02,2.07
LCII,2017-02-23,84.97698808357512,84.97698808357512,83.4888437665162,83.64147186279297,189400,31.217111276093927,34.77283670658339,32.862394083028626,30.835527114961053,29.16161636725248,2.57,80.0,-0.99,2.16
LCII,2017-02-24,82.34409197644784,83.48881983759665,82.06172367463849,83.22171783447266,99400,31.243816260147376,34.73172298795056,32.877087321109286,30.759241823381966,29.167307673887937,2.58,80.0,-0.96,2.15
LCII,2017-02-27,82.87831391711919,85.01514204928324,82.76383994175535,84.97698211669922,181300,31.840151115189002,34.341589086796105,32.99798374037888,30.836490607916534,29.225438257913883,2.59,85.0,-0.94,2.09
LCII,2017-02-28,85.0914550849668,85.28224310085237,82.09990039325413,82.19147491455078,126500,32.54985262474319,34.95563507793744,33.44711711804047,31.02870306125179,29.444372383222,2.6,94.0,-0.91,1.88
LCII,2017-03-01,83.94672101132478,85.89276096372424,83.25988303857277,85.70197296142578,193600,33.90700777745283,35.97127997231615,33.91712660322213,31.332635905556344,29.703373549456007,2.62,97.0,-0.87,1.76
LCII,2017-03-02,85.54865286772642,86.04692128762969,84.39880536722357,86.00859069824219,103100,33.877010471867344,35.80199125860597,33.91790422560368,31.320005853698042,29.701199790009504,2.63,97.0,-0.83,1.76
LCII,2017-03-03,86.00859781320338,86.21557365553474,85.30335935817737,86.04692840576172,106600,33.12525791980674,35.336818887395616,33.917333463305525,31.224630925813283,29.701910168516193,2.64,96.0,-0.78,1.76
LCII,2017-03-06,84.89709348405977,85.85529995679181,84.55214149324749,85.62532806396484,100200,32.79558872999297,35.3546093147835,33.922504095528666,31.22053624834956,29.70085846796819,2.65,97.0,-0.74,1.75
LCII,2017-03-07,84.89707442711602,85.0887156786445,83.93886816947364,84.36048126220703,190700,32.786709028400495,35.33115858824245,33.752624474794835,31.199241224179826,29.75127453886569,2.65,93.0,-0.66,1.83
LCII,2017-03-08,84.93542585509974,84.93542585509974,82.4440889739976,82.52074432373047,167700,31.763299878059115,35.622242593755395,33.95543860773792,31.227936821369845,29.850396476106194,2.66,97.0,-0.58,1.73
LCII,2017-03-09,82.17578260405035,82.44408508811178,77.00146778718378,77.38475036621094,246800,35.222106806856615,37.95520845037403,35.355020135143164,32.185564709005334,30.579946220906983,2.69,100.0,-0.5,1.75
LCII,2017-03-10,77.2697962782754,78.49629977428627,76.65654160605496,78.03636169433594,228500,35.30882654726315,38.0061057264009,35.34665259052935,32.180967746813685,30.57197907842838,2.71,99.0,-0.4,1.76
LCII,2017-03-13,78.03632095181838,78.84121070939355,77.34641126787756,78.57291412353516,104800,35.28385533070994,37.97766342145156,35.32803310695493,32.01551224326531,30.523698552650515,2.73,98.0,-0.28,1.78
LCII,2017-03-14,77.88300903635007,78.3812774957395,77.34641583296288,78.18963623046875,132900,31.078063959473916,37.98677077241307,35.11411893319075,31.475113406734483,30.50892661171636,2.75,97.0,-0.14,1.89
LCII,2017-03-15,78.80289782966157,80.83429074867486,78.57292595092188,80.1060562133789,178300,32.019002857257064,38.20990637681168,35.05693415003698,31.305913438977555,30.569163110700487,2.76,96.0,0.0,1.92
LCII,2017-03-16,80.52766712278317,80.64264721050951,78.68790968960226,78.72623443603516,131900,32.185363431674595,38.29986695315629,35.16481185236099,31.20013800242117,30.628381897029634,2.78,97.0,0.16,1.85
LCII,2017-03-17,79.37782862438893,79.37782862438893,78.38129152721437,78.91788482666016,298300,32.202798347307535,38.20061894749437,35.135660507511126,31.1569616523851,30.611782389000286,2.79,96.0,0.33,1.88
LCII,2017-03-20,79.03285999263572,79.20917253749897,77.46140505957044,78.07465362548828,125500,32.29250080922222,37.679043834134355,34.959269990059155,30.94304427072181,30.625822298931745,2.8,93.0,0.48,1.94
LCII,2017-03-21,78.34296475307482,78.34296475307482,75.2383790573922,75.50667572021484,160300,33.561418669150264,38.14900109862738,35.381910618305554,31.187249242138755,30.820838177849772,2.82,100.0,0.58,1.74
LCII,2017-03-22,75.54500120816905,76.38822174072266,74.57146014955485,76.38822174072266,175900,33.820509323811024,38.20778606384233,35.33111232061177,31.163153874371197,30.800937278416157,2.83,97.0,0.72,1.78
LCII,2017-03-23,76.57986732809303,77.15479124820119,75.54500544158405,76.50321197509766,159300,33.07220571365343,38.05969557640208,34.638248206881016,31.145227037756918,30.767522930289733,2.84,90.0,0.9,2.04
LCII,2017-03-24,76.50318399926734,77.19308777236897,76.19655685098527,76.6181640625,161100,32.44301560592041,38.04954098012744,34.62768560238384,31.131453686262077,30.74586370104316,2.85,89.0,1.08,2.05
LCII,2017-03-27,74.62510814830993,76.08158294618433,72.80835268140463,75.77495574951172,168000,30.917291163381357,37.833445991058674,34.62753358633355,31.00339096970038,30.763774234997605,2.86,88.0,1.26,2.04
LCII,2017-03-28,75.39167531745922,76.92480549513375,74.80142277236263,76.69483947753906,270700,31.19460132268621,37.90336516779976,34.321275087142375,30.927305727365535,30.666611215357708,2.86,85.0,1.41,2.2
LCII,2017-03-29,76.65652312452903,77.53807431014683,75.50667527766109,76.00494384765625,258300,31.245967058099446,37.912849489857216,34.328382478318034,30.887650733364584,30.678031073623252,2.87,85.0,1.56,2.19
LCII,2017-03-30,76.0432544732854,77.19310210654129,76.0432544732854,76.69483947753906,275900,31.402814865186297,34.195956725338554,33.60525226154451,30.812159931683013,30.686492513795997,2.87,76.0,1.3,2.48
LCII,2017-03-31,76.8864945885031,77.38475730718733,75.9282880549895,76.50321197509766,186500,31.155164550263454,31.561383214684867,33.34606117999382,30.810191776625096,30.670803925036566,2.87,69.0,1.12,2.61
LCII,2017-04-03,76.46486018695028,76.54151551870544,73.26828548050173,74.7784194946289,253800,31.648192775541496,31.85905476499345,33.43405635453385,30.93103788453614,30.67214719716581,2.87,71.0,0.93,2.54
LCII,2017-04-04,74.74010698080525,75.3993535205102,73.7052451307567,73.93521118164062,236000,31.420028979272253,31.82281182575537,33.455788269551405,30.953192637868877,30.670324124981814,2.87,72.0,0.68,2.52
LCII,2017-04-05,74.51013023577855,74.51013023577855,71.75816415470311,71.98046875,300000,31.865118193923124,31.962690073892457,33.738292031457675,31.120403979530302,30.76996408866439,2.87,76.0,0.25,2.35
LCII,2017-04-06,71.71219262296981,72.17213067477142,70.75398591153746,71.09893798828125,222400,31.8579562948716,31.559818216002185,33.783357560252135,31.155579043026684,30.61554321198237,2.87,77.0,-0.14,2.32
LCII,2017-04-07,70.83061919916594,72.32541886366371,70.83061919916594,72.28709411621094,163600,32.48968472179104,31.79509637800926,33.44088333325995,31.212565186319637,30.611930099314982,2.87,68.0,-0.26,2.47
LCII,2017-04-10,71.94212341308594,72.82367432459534,70.90726184236915,71.94212341308594,151800,31.573243580184275,31.79669159124271,33.28716572555533,31.215997816641938,30.61830253808846,2.87,62.0,-0.26,2.55
LCII,2017-04-11,71.29057497787234,72.67039489746094,70.67732038062645,72.67039489746094,172400,30.750130668682925,31.464109683552056,33.31069445456753,31.2096093124332,30.62811711190549,2.85,62.0,-0.27,2.53
LCII,2017-04-12,72.55539598169737,72.57839200151525,70.98393501195498,71.86548614501953,237500,27.539894368316247,31.092588664261672,33.127334052966916,31.16369112066934,30.514444518055285,2.83,58.0,-0.22,2.63
LCII,2017-04-13,71.32890993839686,71.9421587246558,70.56234456925098,71.09893798828125,100400,27.42547833360588,31.081298686365617,33.025612471113305,31.141197691017215,30.534343407777424,2.81,54.0,-0.15,2.68
LCII,2017-04-17,71.13723904737539,72.01878417697635,70.86893660087715,71.3288803100586,88600,27.497139392415583,30.8183585629786,33.031131404127514,31.13998524587331,30.528982172885883,2.78,56.0,-0.12,2.68
LCII,2017-04-18,70.75396803264853,71.81182586932405,70.71563743450517,71.63551330566406,147600,27.664950999815314,30.725903243313773,33.03029425130157,31.094652458543436,30.530028381353997,2.74,54.0,-0.13,2.68
LCII,2017-04-19,71.94213314554003,73.55191867869921,71.88847382271564,72.86201477050781,221100,28.304266601988115,30.704832005566306,32.687915377299696,31.152031025358855,30.56892214369773,2.71,41.0,-0.22,2.84
LCII,2017-04-20,73.47525923091929,74.97006459476103,73.2452932238548,74.62510681152344,247600,29.0078553737341,30.211187940588673,32.917212884959376,31.204166599771003,30.644502674756296,2.67,46.0,-0.3,2.71
LCII,2017-04-21,74.51013946533203,75.35336591346977,74.31849815410594,74.51013946533203,202100,22.538502202299277,29.416229708576836,32.855581105042724,31.18382880041013,30.618535236593658,2.64,41.0,-0.39,2.75
LCII,2017-04-24,75.736641564535,76.15824890136719,75.20004243343747,76.15824890136719,149100,23.364489497345623,29.80538672202111,33.018990738243154,30.781063570143523,30.656771182770555,2.6,51.0,-0.44,2.66
LCII,2017-04-25,77.00147825579496,78.7645806983908,76.8864981451973,77.7680435180664,151000,24.109150931318265,30.119383169380935,32.76404497528483,30.864983303946314,30.712135940277257,2.56,39.0,-0.48,2.77
LCII,2017-04-26,77.72971497897188,79.4161561344765,77.72971497897188,78.38129425048828,118200,24.183140296945567,27.677407330713276,32.73872531569035,30.61195171788495,30.68505534878066,2.52,38.0,-0.51,2.8
LCII,2017-04-27,78.9561981423928,79.60777724863975,78.28928446041651,78.76455688476562,140100,23.13293223006011,27.703721098577596,32.747067383073656,30.60908971183099,30.680333192249048,2.48,38.0,-0.52,2.79
LCII,2017-04-28,78.87953648638965,79.26281897092176,77.46139246330624,77.53804779052734,102700,23.031700769026994,27.761872676362533,32.74586965346567,30.6683978862267,30.715727782388498,2.43,37.0,-0.55,2.79
LCII,2017-05-01,77.53806479958052,78.8028984456806,77.15478223097007,78.64958190917969,92200,23.413384189885388,27.934021333958064,32.49360439319531,30.71127555759446,30.739158679206604,2.39,33.0,-0.58,2.93
LCII,2017-05-02,78.5729219413098,79.37781762739667,77.38474370916776,77.61471557617188,165000,23.523097394706486,28.042197270578267,32.5538015745001,30.738489743557157,30.77484518218483,2.34,33.0,-0.62,2.88
LCII,2017-05-03,78.41962382504148,79.72278235102337,77.30810075435957,77.6913833618164,209300,21.306552526191215,28.045163308230492,32.431637695100854,30.689756990003676,30.740130219017566,2.3,31.0,-0.65,2.96
LCII,2017-05-04,76.46486966257375,76.46486966257375,70.52399006472967,75.43000793457031,388300,22.803049812688716,28.64794153911315,32.749736773780725,30.892264926657298,30.895706158518127,2.25,38.0,-0.72,2.76
LCII,2017-05-05,74.54845564364075,75.58331735435539,72.04179035109071,72.86201477050781,272200,24.851800427160548,29.031169663440043,33.17295714199132,31.115270336305084,31.10224076673862,2.2,59.0,-0.8,2.52
LCII,2017-05-08,72.6320318272577,72.6320318272577,71.06057127948726,71.25221252441406,223900,25.542274220384837,28.969619168958992,33.33940346849742,31.10699991824641,31.1887398499782,2.15,62.0,-0.85,2.42
LCII,2017-05-09,71.44387336689061,72.21043855687196,71.02226602145782,71.36721801757812,156800,25.433435329703606,28.077038343504363,33.30490699257701,31.08546508171469,30.041700232655106,2.1,60.0,-0.9,2.44
LCII,2017-05-10,71.4438871816696,71.98048642747325,70.2557144165039,70.2557144165039,235300,25.372162416268658,28.192250196876383,33.38171107835948,31.138539793296683,30.03873991475746,2.05,66.0,-0.93,2.39
LCII,2017-05-11,69.94906087936866,71.46686225312759,69.03684659749992,71.3288803100586,186200,25.830556639836132,28.428347375076186,33.39276512879583,31.189458632537903,30.05684623369231,1.99,66.0,-0.98,2.39
LCII,2017-05-12,71.02227688960132,71.44388429955033,70.25571158231675,70.33236694335938,113000,25.831716522565912,28.508637213371735,33.41475137664457,31.211944502602652,29.990361195297492,1.92,66.0,-1.02,2.37
LCII,2017-05-15,70.29404112928032,71.25224782868943,70.29404112928032,70.86896514892578,79000,26.010116905137153,28.4567392478009,33.36719090850288,31.174629393820023,29.99592892585788,1.86,62.0,-1.06,2.4
LCII,2017-05-16,71.59717779147044,72.44039818799445,71.1755646689948,72.2104263305664,186100,25.986732472017763,28.772353958903746,33.12872401944143,31.254172944471996,30.01515567293961,1.79,51.0,-1.1,2.51
LCII,2017-05-17,72.21041901328329,72.21041901328329,69.0199056688017,69.74432373046875,237100,27.617620233488516,29.387649004597062,33.47875853829596,31.436300544075934,30.14927931242244,1.73,70.0,-1.11,2.33
LCII,2017-05-18,69.59021654276526,70.01407367727556,68.97368959121256,69.47461700439453,116000,26.60596623366415,29.301579395724108,33.45304253835789,31.437257411159596,30.153120195301746,1.66,68.0,-1.12,2.35
LCII,2017-05-19,69.39752338294916,70.63057088719724,68.35713385534413,68.4342041015625,160300,26.71846833137923,29.338455276789983,33.408662484092986,31.481610180719887,30.192262589969708,1.59,63.0,-1.1,2.37
LCII,2017-05-22,68.5883573131996,69.57479566864761,68.5883573131996,68.85808563232422,122300,26.281316494585017,29.40075702136643,33.42267653831614,31.476449356100428,30.170184201313294,1.47,64.0,-1.11,2.36
LCII,2017-05-23,68.97370382215738,69.55169575362797,68.35717674340022,69.43609619140625,137600,26.419517728841452,29.073961092666895,33.288631509378455,31.440286194306,30.143802048711205,1.35,51.0,-1.13,2.45
LCII,2017-05-24,69.43607411623918,70.20672977985923,68.81955311312481,69.39754486083984,101200,26.20481413737888,28.399351175423625,33.268594219854236,31.4395495213752,29.96739514026419,1.2,49.0,-1.16,2.46
LCII,2017-05-25,69.24341776145192,70.36087212350442,68.08743413979283,68.35716247558594,241600,26.35592002825533,26.935716878346387,33.32217187307124,31.468671510945605,30.007474076875447,1.01,53.0,-1.17,2.42
LCII,2017-05-26,68.20303877917203,68.31863832591162,67.00851992892487,67.81771087646484,205000,26.284704677049564,26.904918479597583,30.770415488415146,31.47079753250086,30.019686985278167,0.98,1.0,-1.19,1.36
LCII,2017-05-30,67.7791736500187,68.08743713863228,67.2397169546727,67.58650970458984,148200,26.249699446589435,26.88954370783655,29.070214979793562,30.806460664547714,29.996085524251193,1.05,1.0,-1.19,1.13
LCII,2017-05-31,67.47090012071068,68.7039479045799,66.46904548902191,68.58834838867188,143900,26.630838201488643,27.161333847605064,29.189151889028718,30.82456152898893,30.02890626355616,1.11,2.0,-1.21,1.1
LCII,2017-06-01,68.97366441983199,69.08926391601562,67.81768121726498,69.08926391601562,129900,26.192439888214903,27.15123695354542,29.16328515301081,30.71484374536891,30.036194087190264,1.17,2.0,-1.23,1.1
LCII,2017-06-02,69.55168406273263,71.36272396766309,69.55168406273263,71.13153076171875,189000,26.676599275464863,27.665104585157017,29.393634544445106,30.90690025441648,30.134875131983396,1.22,4.0,-1.25,1.11
LCII,2017-06-05,71.09297943115234,71.63243600181089,70.55352286049379,71.09297943115234,127600,26.67835631567001,24.486356120535373,29.111756438566466,30.86179604836059,30.13361880242892,1.28,2.0,-1.26,1.2
LCII,2017-06-06,74.67657594687027,74.79217553575626,72.28754325499709,73.59765625,292000,27.880355719324264,25.504157238077983,29.67175898236853,31.065143203664903,30.322209921522337,1.32,6.0,-1.25,1.07
LCII,2017-06-07,73.52054835594761,73.52054835594761,71.43977462495796,71.55537414550781,232100,28.132203899808218,26.047895243407982,29.97541461794844,31.234454327139506,30.454541633870257,1.35,7.0,-1.25,0.92
LCII,2017-06-08,71.51685616142278,73.40496040260085,71.1700575451245,73.2508316040039,126300,28.991704887760754,26.534787074726395,29.985937633770988,31.35632244531625,30.46971262242427,1.38,8.0,-1.23,0.92
LCII,2017-06-09,73.32789611816406,73.98295233268233,73.1737614396889,73.32789611816406,146100,28.931030840668036,26.01086440877977,29.69978513722796,31.325412172466706,30.466987210958436,1.41,7.0,-1.21,1.07
LCII,2017-06-12,73.13522738315542,75.25453056618892,73.13522738315542,74.98480224609375,143600,29.505172949216263,26.24637103855314,29.912371574424906,31.328558107835043,30.485371669933826,1.45,8.0,-1.18,1.0
LCII,2017-06-13,75.3315837840837,75.97122933372094,74.49157201475222,75.87104034423828,123100,29.40148216626481,26.364752000612988,29.77548874381651,31.340567963137584,30.46893623360588,1.48,8.0,-1.15,1.1
LCII,2017-06-14,75.83250589813301,76.52609705627533,75.25451424628693,76.25636291503906,190700,29.228006502071224,26.305428386117562,29.696701453332743,31.343104081377867,30.45915393654015,1.52,7.0,-1.13,1.17
LCII,2017-06-15,75.83249925239473,76.68021909155027,75.44717151826633,76.29489135742188,133400,29.22608143669878,25.387606916063326,29.551239514201168,31.10720178208185,30.381591584654426,1.55,6.0,-1.1,1.22
LCII,2017-06-16,75.79398345947266,76.37197520809035,75.63985467836238,75.79398345947266,257500,27.98209013306316,25.31131159618218,29.00090228813163,31.116768562269392,30.37727583350026,1.6,1.0,-1.05,1.33
LCII,2017-06-19,76.14077878002227,76.98849879914555,75.67838069719515,76.33344268798828,187700,26.01738657812484,25.35259656315273,28.57572087287418,30.988696940925962,30.32782293608969,1.66,1.0,-1.03,1.45
LCII,2017-06-20,76.21786745638548,77.0655877456602,75.79400437192925,76.75732421875,160100,25.02851571667205,25.37654082488878,28.577818988535075,30.994773416000974,30.25290654450853,1.72,2.0,-1.04,1.45
LCII,2017-06-21,76.98851233500048,77.64356856132747,76.87291279396938,77.2967758178711,161900,25.0610132433997,25.30916790817606,28.57208703076865,30.984096689577793,30.259035800173486,1.77,1.0,-1.11,1.45
LCII,2017-06-22,77.3738259283244,79.22340060430886,77.3738259283244,78.7995376586914,172600,24.882951278377806,25.493728479971228,27.1729308272073,31.06500693332581,30.301979078251968,1.85,1.0,-1.08,1.16
LCII,2017-06-23,78.79953849857765,80.30231463153724,78.26008190716544,80.22525024414062,311000,25.005316159974328,25.663567050076818,27.33070955043251,31.050573243388158,30.217063165845325,1.93,2.0,-1.05,1.1
LCII,2017-06-26,80.61057082986997,81.45829077446275,79.76285088527719,81.34269714355469,153400,24.564995334310343,25.74720424867133,27.35044452715185,31.09070777226826,29.834735149890285,1.99,3.0,-1.04,1.13
LCII,2017-06-27,81.2271047907343,81.86675037642271,80.03258620925044,80.14818572998047,237800,25.196282273056603,25.940723271363524,27.44486673680741,31.14201792143827,29.667553758437986,2.06,4.0,-1.02,1.06
LCII,2017-06-28,80.88032717406807,81.72805329253276,80.5181238721137,80.9573974609375,148100,24.880770761869083,25.53579118053494,27.49087633520982,31.154083765750464,29.536908361755838,2.12,5.0,-1.0,1.05
LCII,2017-06-29,81.03443057064082,81.41975833761522,78.10593718978143,79.68578338623047,121800,22.85483445991336,25.647279213736706,27.60213089044501,31.063273018847237,29.551153023469563,2.17,6.0,-0.98,0.97
LCII,2017-06-30,79.6472741467889,80.03260203901299,78.83808910090056,78.91515350341797,116400,23.1010219618225,25.08233354363783,27.642194354340027,31.08322309805775,29.381847682865704,2.23,7.0,-0.94,0.94
LCII,2017-07-03,79.76287945196142,80.84179880405071,79.14635242801398,79.87847900390625,77000,22.459448147900847,25.00595009706048,27.4922186150672,31.015930397420117,29.385122058178148,2.28,6.0,-0.91,0.99
LCII,2017-07-05,79.87848431935831,79.87848431935831,77.6050459119507,78.29863739013672,93100,23.605830312123167,25.21344707925947,27.486446209307058,31.095039976984157,29.42160634470418,2.33,5.0,-0.89,0.94
LCII,2017-07-06,77.52795226172974,77.99034444626578,75.6013132597999,76.06370544433594,146600,25.45150612245117,25.94018444035402,27.22639702752127,31.273922032997735,29.557262683851025,2.38,2.0,-0.83,0.96
LCII,2017-07-07,76.29492758277645,77.45091133403065,76.14079876779752,77.25824737548828,73600,25.68218916143874,26.047504154153845,27.347884580692494,31.190414585911025,29.58399363465019,2.43,4.0,-0.78,0.92
LCII,2017-07-10,76.8343734741211,77.60502919955715,76.4875807495295,76.8343734741211,80500,25.221842183659188,25.96060046930444,27.358501719169166,31.035589627636558,29.468729152494355,2.47,6.0,-0.72,0.9
LCII,2017-07-11,76.83435624120521,77.72061130260889,76.43361794089878,77.56648254394531,135900,25.016703606796742,25.897260804216295,27.402563934524142,31.044925396790006,29.4021385428205,2.51,7.0,-0.66,0.89
LCII,2017-07-12,78.14448863873112,79.3004721810803,77.21969827706998,77.52796173095703,96600,24.950915882632355,25.897592142929486,27.343734540664226,31.029104028142996,29.3563109068396,2.55,4.0,-0.6,0.91
LCII,2017-07-13,77.14264387643269,78.298627568526,77.14264387643269,77.99036407470703,111200,24.770035075677356,25.907743386166498,27.338071939677345,30.88732112660194,29.29309361160996,2.59,4.0,-0.53,0.93
LCII,2017-07-14,77.87475398274613,78.33714618612161,76.85748878346568,77.79768371582031,135100,24.82873218819156,25.71472780175347,27.27614647932104,30.889301832573334,29.291634364698925,2.63,3.0,-0.47,0.95
LCII,2017-07-17,78.52983650941134,78.52983650941134,77.2428425818893,78.29863739013672,107000,23.673359808233993,25.298306646896002,27.266870149916844,30.8389962780199,29.29465592402248,2.67,3.0,-0.42,0.95
LCII,2017-07-18,78.18300588932489,78.29860540173475,76.91142889172279,77.95181274414062,88600,23.75370204543059,25.316729763320804,27.20654654787519,30.41421425450831,29.291764661354886,2.7,2.0,-0.35,0.99
LCII,2017-07-19,78.37567071629421,79.68578873980661,77.99034292343212,79.37752532958984,83500,22.285008569539798,25.1943343059518,27.36069318691947,30.477392698514926,29.344597855403503,2.74,12.0,-0.31,0.95
LCII,2017-07-20,79.57020346783248,79.87846693322355,78.63000254422617,79.2619400024414,58100,20.3528651920365,24.84189975507788,27.146048493307536,30.441985849590974,29.345070427280508,2.77,1.0,-0.29,1.02
LCII,2017-07-21,81.1885833295737,81.1885833295737,78.14449542232327,78.52982330322266,92900,19.757174951814065,24.868010477001633,26.674516854408576,30.25210669579929,29.35891600417379,2.81,1.0,-0.24,1.19
LCII,2017-07-24,78.76099610886901,79.4931224207763,78.49126783801277,78.99219512939453,84400,19.77965260041811,24.877104665891814,25.8208649315953,30.234850428737808,29.36221801682013,2.86,1.0,-0.28,1.25
LCII,2017-07-25,79.49313135291978,81.65096364186702,78.64541131513208,81.61243438720703,128800,20.872070622077885,25.5337419273173,26.353173914391625,30.01103963535194,29.5143847881911,2.89,2.0,-0.43,1.12
LCII,2017-07-26,81.76656460003602,82.30602709146682,80.7107701055755,81.959228515625,97000,20.705808897679397,25.391815817509055,26.363612805566085,29.84394972270264,29.462081193960003,2.93,3.0,-0.63,1.12
LCII,2017-07-27,82.3830874135179,83.53907084996679,81.61243178921865,82.53721618652344,130700,20.734116728009976,25.25624826241279,26.38072380564369,29.768362911154128,29.43440177077699,2.96,4.0,-0.82,1.13
LCII,2017-07-28,82.1518819839628,82.80693803773465,81.304162039103,82.72987365722656,87000,20.724543498539038,25.25766512410611,26.280978879889773,29.747049771718682,29.432980489387223,2.99,2.0,-0.91,1.22
LCII,2017-07-31,82.76841389593957,82.84547828120425,81.2656319249177,82.26748657226562,104000,20.688220899316665,24.484149682361295,26.061632804363406,29.754075783874057,29.399790822406302,3.02,2.0,-0.91,1.36
LCII,2017-08-01,82.92253752219685,82.92253752219685,80.61057082986997,81.34269714355469,123000,21.03548012934434,23.460981016742267,24.015001763776496,29.780899628296314,29.42023012437513,3.07,1.0,-0.94,-0.24
LCII,2017-08-02,81.53536821946909,81.76656138129329,79.2619305772314,80.14818572998047,86500,21.56695361808463,23.178055307341488,24.102973588861122,29.570088607557437,29.40391788717048,3.11,2.0,-0.95,-0.29
LCII,2017-08-03,80.22527416288347,81.26565840201256,79.72434667600275,80.34087371826172,132900,21.504966591082525,23.178112823919307,24.08236766433095,29.47424921712284,29.387844854342127,3.16,2.0,-0.97,-0.28
LCII,2017-08-04,79.76286658805391,79.76286658805391,74.41451403873357,77.75916290283203,296900,22.951231049953506,23.97753907278844,24.629764575213887,29.727755698027558,29.194901910909376,3.18,4.0,-0.96,-0.33
LCII,2017-08-07,77.7591736917966,77.7591736917966,75.71693458557128,77.06558227539062,272500,22.397098565000213,23.908276595009507,24.35919557411587,29.611047906643677,29.20120236002918,3.21,4.0,-0.94,-0.29
LCII,2017-08-08,77.14262353119591,77.14262353119591,74.48386409244499,74.63799285888672,167400,23.606514188052305,24.67091618488455,24.726912755653654,29.772186318968526,29.177366286272726,3.23,6.0,-0.93,-0.3
LCII,2017-08-09,74.1370725958898,74.44533603771202,72.90402470823709,73.36641693115234,171600,23.72129957931822,24.908984674135105,24.86272728201721,29.84092641584475,29.223535976264237,3.25,7.0,-0.92,-0.36
LCII,2017-08-10,73.05813030058007,73.36638774011664,72.36453930235528,72.40306854248047,107900,23.57179216499995,24.77396825853182,24.89118999153146,29.875493345383152,29.253518186805284,3.26,8.0,-0.93,-0.37
LCII,2017-08-11,72.17189693698666,74.71505684766232,72.01776229172309,74.40679931640625,201400,24.922284465399247,24.31112162110927,24.72775428657849,29.77923019032519,29.379735652948053,3.26,7.0,-0.94,-0.37
LCII,2017-08-14,74.79213774750272,76.25637886812885,74.67653821702268,76.14078521728516,209100,25.863639015057906,24.699419491656485,24.93176495439971,29.9037630769052,29.45843196375519,3.26,10.0,-0.94,-0.4
LCII,2017-08-15,76.64171533002995,76.64171533002995,74.90773981686515,75.1389389038086,104300,25.773100874552778,24.64928723612206,25.01841646047457,29.907845307534515,29.451652042416914,3.27,11.0,-0.93,-0.44
LCII,2017-08-16,75.13892453216816,75.6811618297632,74.0544440270348,74.09317779541016,75300,25.468710249790583,24.83435837294969,25.112954076705645,29.933485791060637,29.485372381978575,3.27,12.0,-0.94,-0.48
LCII,2017-08-17,73.89952926501856,75.37132398325218,73.24109649658203,73.24109649658203,136800,24.33297895051499,24.92531595892727,25.1185223983593,29.698924240875048,29.470843867865938,3.27,13.0,-0.95,-0.48
LCII,2017-08-18,72.69887429584239,73.93827855620307,72.10241302708765,73.55096435546875,96400,23.867982660442646,24.93271749733238,25.050671338535647,29.67400631583226,29.385769474635694,3.27,12.0,-0.95,-0.46
LCII,2017-08-21,73.39602712837625,73.93826454265556,72.93125135757334,73.62841796875,84000,23.851402913081476,24.70666598201215,25.013497038181587,29.67321703987265,29.36831830724203,3.27,11.0,-0.96,-0.44
LCII,2017-08-22,73.78331711155906,74.24809273027327,73.58966011126626,74.05443572998047,97000,23.727832246597394,24.649103222179104,24.987764970001336,29.626264408483365,29.374148564650522,3.27,11.0,-0.96,-0.43
LCII,2017-08-23,74.01573062977948,74.24811555560497,73.58968273418274,73.7446060180664,82400,23.73782665248525,24.656194534160004,24.99291179681257,29.42267443854686,29.374666762516487,3.28,12.0,-0.96,-0.43
LCII,2017-08-24,74.01571580005316,74.63541472136988,72.9312353003198,73.47347259521484,79700,23.633256471812413,24.521480193226992,24.739021546057767,29.422268256259088,29.36091827640359,3.29,8.0,-0.96,-0.37
LCII,2017-08-25,73.86080333076139,74.09319417249303,72.58266552112656,73.04744720458984,107700,23.6590449132196,24.528477059082036,24.69105709044313,29.352830916098068,29.328570087633743,3.29,6.0,-0.97,-0.35
LCII,2017-08-28,73.66713533385894,80.56132699945488,73.47347829780254,78.46983337402344,760600,31.830762739322278,27.923865399574083,26.83331440157644,30.573121537150254,30.19152940868054,3.27,27.0,-0.97,2.0
LCII,2017-08-29,77.54026890317888,78.12123995776305,76.06847438291035,76.99803161621094,224700,32.28332629691417,28.237786729450043,26.936348650269498,30.648410270910997,30.1935414441302,3.25,28.0,-0.94,1.95
LCII,2017-08-30,77.30788402731113,78.19870158305231,76.76564083039999,76.99803161621094,134500,31.802892786127074,27.37237513186381,26.817491378270127,30.647680924825348,30.191911098569236,3.22,27.0,-0.93,2.05
LCII,2017-08-31,77.38534623524536,78.06701681684365,76.37832736907355,76.53325653076172,151200,31.836347595024932,26.743587004385365,26.82478099679535,30.626747070821096,30.19676170406878,3.2,28.0,-0.9,2.05
LCII,2017-09-01,76.88185816832076,77.30790609393675,76.18469152183316,76.84312438964844,105600,31.77543704289551,26.345428865300963,26.787737023346374,30.63104518802615,30.18615381888915,3.18,27.0,-0.88,2.08
LCII,2017-09-05,76.6107167228383,77.07549237931794,75.64243164269612,76.64944458007812,148000,31.717141945500956,26.354146014013025,26.726830922608112,30.582371177558137,30.149894300411724,3.16,27.0,-0.85,2.12
LCII,2017-09-06,76.64946711489934,78.27619125574701,76.64946711489934,77.54029083251953,124500,30.332857296226035,26.067547364901618,26.71961443938343,30.587067528253097,30.171274470615337,3.14,27.0,-0.81,2.09
LCII,2017-09-07,77.81138667624874,77.81138667624874,76.37832593962693,76.64944458007812,132900,30.409150491029674,26.07774804898825,26.789332679521944,30.575062328187137,30.17835533090646,3.11,30.0,-0.76,2.06
LCII,2017-09-08,76.72693467204056,77.57902461109013,76.37834839473969,77.54029083251953,113800,30.556923417265786,26.163556590812064,26.83876386749331,30.385466150607733,30.19169615578015,3.09,34.0,-0.72,2.02
LCII,2017-09-11,77.61773734964773,79.47684606968737,77.54027571755101,79.0508041381836,104200,31.15928761828045,26.452243506968365,26.876814745250844,30.42927385128506,29.74577678351324,3.06,35.0,-0.71,1.99
LCII,2017-09-12,79.20571787184062,80.13526916503906,77.96631417759504,80.13526916503906,110400,31.43724432612022,26.542144230124247,26.7008834798994,30.45095002856022,29.753362783148855,3.04,27.0,-0.73,2.1
LCII,2017-09-13,80.05783698424551,81.80075073242188,79.74798446924734,81.80075073242188,115100,31.872720075359652,26.818128051953543,26.88347234428308,30.498280404814864,29.725395473244998,3.01,37.0,-0.74,1.96
LCII,2017-09-14,81.9556560986,82.88520746318167,81.60706990442429,82.84647369384766,128300,31.745701397022923,26.90821396420046,26.74058932257034,30.533438901247205,29.748618605048026,2.98,30.0,-0.76,2.06
LCII,2017-09-15,82.92394272286154,83.11759975312518,81.8007284013664,82.03311920166016,200300,31.900850940526336,26.976759748482966,26.59845329241716,30.429890104906164,29.736249129012926,2.95,26.0,-0.79,2.18
LCII,2017-09-18,82.14933686597465,83.58239809632596,81.8394843515877,81.9944076538086,97400,30.300045042433137,26.707918185628188,26.572948993131394,30.4108382378883,29.682277104903793,2.93,26.0,-0.81,2.21
LCII,2017-09-19,81.9556563081057,82.76901227670801,81.57608427948117,82.45915985107422,90400,30.146069219583076,26.4864460889656,26.57651664211855,30.404077552855462,29.67988841516546,2.9,27.0,-0.82,2.21
LCII,2017-09-20,82.76902839852004,82.9626854635189,82.11059555951287,82.30425262451172,82000,28.383727622753856,26.342908010112847,26.452986797587354,28.95116386825809,29.680333421899796,2.86,26.0,-0.85,2.28
LCII,2017-09-21,82.69158958111628,83.73733683879453,82.45919867498944,82.80778503417969,72500,27.72098815336466,26.1826210195052,26.37765538425661,27.90205388764785,29.663943682325872,2.84,25.0,-0.87,2.35
LCII,2017-09-22,82.96266944030367,83.65208798575132,82.76901241270728,83.46617889404297,100000,27.250771367128753,26.153271572329047,26.310498580456652,27.91252281764369,29.594621870957234,2.81,23.0,-0.88,2.37
LCII,2017-09-25,83.46617847311086,84.47319737551092,83.04013065057003,84.24080657958984,132600,26.442314721963005,25.988387662132066,26.34515466955099,27.908446116712316,29.59237554438408,2.77,24.0,-0.89,2.33
LCII,2017-09-26,84.35703102218606,85.51897358196838,83.85352139762462,85.1703872680664,119500,25.919086052182433,25.9723757342474,25.939064226063753,27.813130147000724,29.608179688348653,2.74,21.0,-0.87,2.5
LCII,2017-09-27,85.98371794325963,88.46252546593483,85.48020850304468,88.42379760742188,193700,27.171270115828854,26.927464395751024,25.928423163249185,28.021181963704862,29.666809718820097,2.69,21.0,-0.62,2.39
LCII,2017-09-28,89.08223771212394,89.89559963782085,88.23014792469239,88.30760955810547,231800,26.625424771917178,26.55503234084214,25.640533378758544,28.021234632028406,29.667396158670652,2.65,20.0,-0.45,2.55
LCII,2017-09-29,88.5787345657455,90.34488593764314,88.56324460193247,89.74067687988281,207500,26.25761207962572,25.908627861036027,25.735794967844672,28.083291840901637,29.59848408569813,2.59,21.0,-0.24,2.45
LCII,2017-10-02,90.08926223806043,92.6455317581685,89.71743810080142,92.60680389404297,178100,27.19597766098325,26.44219533908794,25.983749482366985,28.19746816371576,29.757074737283652,2.53,25.0,0.24,2.26
LCII,2017-10-03,92.72297054005743,93.49759855095162,90.43782027189665,90.82513427734375,154500,28.25661502920771,26.78564012433105,26.14327448338209,28.10132822392432,29.812312432598727,2.47,27.0,0.31,2.21
LCII,2017-10-04,91.09624636305048,91.09624636305048,87.88153916650495,88.61743927001953,273100,29.705675900347288,27.32735471036536,26.36500851542815,28.248297462908678,29.918570308243563,2.4,33.0,0.26,2.12
LCII,2017-10-05,89.04348905999754,89.10546072034917,87.61042839653719,88.733642578125,353300,29.58442082029315,27.322190643354404,26.351790941706422,28.1128512430545,29.85404384298551,2.33,31.0,0.2,2.14
LCII,2017-10-06,88.57872692235509,90.16671697862732,88.53999906119218,89.934326171875,158200,29.50511995601636,27.40852499734792,26.280511751116574,28.091081551979013,29.880960785610533,2.26,28.0,0.14,2.19
LCII,2017-10-09,89.89560515465956,90.70896122032784,89.89560515465956,90.59276580810547,92500,29.264083232596484,27.407828001547006,25.615165275791952,28.028251462495163,29.887080984471208,2.17,20.0,0.12,2.4
LCII,2017-10-10,91.36739363241773,91.71597986764559,90.46108005872478,91.67724609375,153400,22.07438363303311,27.46394094279311,25.635823282789943,27.75949491988105,29.90196166514466,2.09,21.0,0.13,2.35
LCII,2017-10-11,91.44485428195146,92.29694405387862,91.36738674000415,92.219482421875,135200,20.856253871942744,27.431992155093127,25.47961181144465,27.530593785760992,29.790360645859913,2.0,20.0,0.14,2.44
LCII,2017-10-12,91.98709831078182,92.80046028087587,91.32866552591453,92.56806945800781,116000,20.790293091482006,27.24663792396274,25.474805034122948,27.527530998075058,29.78958613690211,1.9,20.0,0.13,2.44
LCII,2017-10-13,93.07154870226124,93.53632428691586,92.49057774395742,93.38140106201172,111900,20.476173675939148,27.262601565426586,25.476977299143872,27.531666103844486,29.72357512264606,1.8,21.0,0.13,2.44
LCII,2017-10-16,93.53634533624567,94.38843508485631,92.91664047728692,94.2722396850586,87900,20.477202959309142,27.180674540142803,25.491597957858946,26.603119758877042,29.72143011846035,1.68,23.0,0.14,2.41
LCII,2017-10-17,94.6595387345673,95.12432026005925,93.07155488894517,93.49759674072266,103200,20.769348325152365,27.27189604530786,25.39026942469687,26.621742419557787,29.721630196988496,1.56,20.0,0.09,2.47
LCII,2017-10-18,94.1947706269421,94.91517495694431,93.83069449426077,94.58208465576172,90100,20.768875210557297,26.62144095725725,25.36247033806387,26.60457421731457,29.633330232854256,1.51,20.0,0.04,2.47
LCII,2017-10-19,94.4658976601625,94.9694071243627,93.46663257775467,94.42716979980469,101200,20.205923453170417,26.631896411080213,25.35202018027177,26.601880186013478,29.518127993602615,1.5,20.0,-0.03,2.47
LCII,2017-10-20,94.96940580529974,95.88346721824725,94.54336388761978,95.55037689208984,102400,20.211406722725396,26.68589938539498,25.32316665585721,26.63350910691598,29.529175433436638,1.48,20.0,-0.08,2.5
LCII,2017-10-23,95.70530638632992,95.93769127586931,94.83772076619634,94.96940612792969,61900,20.20502455801559,26.743230241864847,25.35889814420264,26.644809851994378,29.52433093026295,1.47,22.0,-0.16,2.49
LCII,2017-10-24,95.47292264089539,96.2862845892376,95.27926559699905,95.93769836425781,63600,20.117592066993502,26.73917770964154,25.04146658346062,26.667380764876054,29.432422922575647,1.45,17.0,-0.22,2.73
LCII,2017-10-25,95.74403342696874,95.86022882571588,94.46589586063718,95.82149505615234,91900,19.733550854690577,26.595230545816843,25.044098388300057,26.554668117328177,29.43336078541538,1.43,18.0,-0.29,2.73
LCII,2017-10-26,96.24754367668109,97.56440911351139,95.82149584773647,96.86724853515625,283600,19.68028152231753,26.392054479128678,24.559270129394996,26.49464514982003,29.40186240509569,1.41,5.0,-0.35,3.06
LCII,2017-10-27,98.06794092452066,100.08197330870013,95.43420354061911,97.0221939086914,172000,19.191460516857358,26.393550518482,24.05575817218547,26.100835391183125,29.070172405998278,1.39,2.0,-0.41,3.34
LCII,2017-10-30,96.32500588942587,96.71231995083083,93.9236598907038,94.0011215209961,234300,21.971056168205898,26.334698722502488,24.45307418666917,26.382619738272854,29.25279667769435,1.35,6.0,-0.52,3.26
LCII,2017-10-31,94.50463094376347,96.30951588755131,94.19477851277883,95.89896392822266,244900,22.421529056372133,26.43365736828539,24.608920108944147,26.4803293551335,29.28709397552292,1.32,8.0,-0.61,3.09
LCII,2017-11-01,96.82850798992672,96.82850798992672,94.85320406295497,95.12432861328125,133800,22.659893347711417,25.494043869958265,24.464038388464104,26.500768127078565,29.138902527022413,1.28,7.0,-0.7,3.26
LCII,2017-11-02,92.76171289396561,94.0398504122803,80.67751598705352,89.97305297851562,342100,28.641560584218507,27.96360748024561,26.093756507533527,27.30281723489195,29.677751483926983,1.23,45.0,-0.77,3.45
LCII,2017-11-03,89.93432619757937,92.37440602940136,89.6089837959881,91.63851165771484,151900,28.961985618131276,27.910444864490497,26.222070440942563,27.365636114723486,29.393358715348487,1.18,47.0,-0.85,3.33
LCII,2017-11-06,91.63852007978407,91.63852007978407,90.38362024552953,90.47657775878906,117100,29.25804107247713,27.684168349427225,26.323591809534246,27.38243929306466,29.304930714380877,1.13,51.0,-0.92,3.24
LCII,2017-11-07,91.09627745630127,92.2194919208522,89.27590232196374,89.50829315185547,204300,29.38112707678309,27.518849392059824,26.365349735791842,27.400392549226105,29.268874785304167,1.09,57.0,-0.97,3.21
LCII,2017-11-08,89.1984323016398,90.16671748530948,88.64844702650866,89.6632080078125,106700,27.349256003189343,27.31874260770386,26.350980599569336,27.357172083596332,29.25322613960441,1.06,53.0,-1.01,3.22
LCII,2017-11-09,89.19842414413402,89.74066143342206,88.30760067463807,89.4308090209961,132400,27.35900876686491,27.115404438584147,26.35174763112374,27.351899076102455,29.252953926571383,1.03,54.0,-1.05,3.23
LCII,2017-11-10,89.00476865489321,89.9730537666524,88.30760219243793,89.12096405029297,99300,26.969746219281383,26.97832281176673,26.348807349185055,27.24684440274971,29.24995429351009,1.0,53.0,-1.09,3.24
LCII,2017-11-13,89.08223701245858,90.7864165739368,88.81111834267027,89.46955108642578,104800,25.288405810560434,26.97792251332712,26.196616359386287,26.955168390815448,29.05806015900627,1.0,47.0,-1.13,3.38
LCII,2017-11-14,89.39207396214648,90.51528221802405,88.9660261906383,90.05050659179688,157200,24.77049962586955,26.9818001279616,26.07397352876039,26.512557892842125,28.995130963685767,0.99,45.0,-1.17,3.5
LCII,2017-11-15,89.62448159756302,90.08926325185311,88.7336638833769,89.5470199584961,102800,23.74002075291784,27.038998984438983,26.015935099940794,26.518733194597754,28.99724794823726,0.98,44.0,-1.21,3.57
LCII,2017-11-16,90.44210095527403,91.84309976768704,90.01402227351232,91.72634887695312,109400,24.714600484015268,27.32851725134721,26.147501143415834,26.66810950189532,28.99491216359934,0.97,49.0,-1.25,3.44
LCII,2017-11-17,91.29826027754731,92.89383581692833,90.90909464284027,92.1933364868164,100300,24.469550610775865,27.287236477997638,26.117319209634193,26.666529440261154,28.942313805052628,0.96,48.0,-1.3,3.47
LCII,2017-11-20,92.50465113710956,94.37264698675445,91.95982173596923,94.29481506347656,125500,25.20739142069306,27.479287477282664,26.18684932031376,26.731911399020625,29.023817045916196,0.94,51.0,-1.34,3.39
LCII,2017-11-21,94.99533799679583,96.78549643248083,94.62952133392638,96.7076644897461,134100,25.980045976808995,24.056140593495005,26.38726202827228,26.753298816858834,29.123969581570186,0.93,69.0,-1.36,3.21
LCII,2017-11-22,96.62984325358758,96.6531922451754,93.86676444388165,95.65692901611328,82700,26.20491308438734,23.79188551603617,26.416463181609167,25.646429462367877,28.959385490773165,0.92,70.0,-1.39,3.2
LCII,2017-11-24,95.69584031823376,96.74659242654863,95.22105770374698,96.55200958251953,59700,26.300850597594504,23.80797758641361,26.21018135092317,25.65033817284515,28.968109550960598,0.91,53.0,-1.41,3.35
LCII,2017-11-27,96.66873178915704,97.4470629821074,95.69581779796908,95.81256866455078,108900,26.333448291497707,23.839105963469002,25.78268695202918,25.662787125092407,28.958374146861875,0.9,40.0,-1.42,3.63
LCII,2017-11-28,98.65349930916386,100.2879999062638,97.29141943704522,99.89883422851562,212900,28.798695369507893,25.08039057461755,26.45210947154075,26.099424487823867,29.22973840103315,0.89,73.0,-1.39,3.28
LCII,2017-11-29,100.13231538565229,101.4009991847146,99.26058814410383,101.29981231689453,115900,28.834524766911695,25.11373849627512,26.480983884774556,26.000805545353117,29.08190074216634,0.88,75.0,-1.33,3.24
LCII,2017-11-30,101.76683810074344,102.35058669405555,101.16751955288561,101.88358306884766,126700,28.728589600583597,25.073675710223952,26.463487262458287,25.91072903551952,29.05791495634103,0.87,75.0,-1.28,3.26
LCII,2017-12-01,101.88353139727562,102.7007813887126,99.55632911976906,101.14411926269531,146600,28.845257562781974,24.97156949546439,26.506435779875286,25.930950181891788,29.06941000688948,0.86,77.0,-1.26,3.22
LCII,2017-12-04,102.73971545742644,102.73971545742644,99.66530968075898,100.01555633544922,127700,28.956431901170028,25.137155139050343,26.592193818732383,25.934159062431494,29.04661296669067,0.85,80.0,-1.26,3.16
LCII,2017-12-05,100.05448346954921,100.44364909029706,98.88698660730567,99.43181610107422,88000,28.95091014541761,25.022075147528653,26.613648978051955,25.616161131107557,28.917273001917494,0.84,82.0,-1.27,3.15
LCII,2017-12-06,99.31508391005532,99.78208155516366,98.36551866668994,98.65350341796875,117000,28.955644892850703,25.04994958123004,26.655975582176495,25.611887707075542,28.929479267457324,0.83,83.0,-1.28,3.12
LCII,2017-12-07,98.61457096451501,100.01556964612055,96.43524693981311,98.7702407836914,101000,28.948565038516428,24.798339425789344,26.6346682649857,25.61190127074115,28.882675751671965,0.82,83.0,-1.29,3.13
LCII,2017-12-08,99.27613560599464,100.3268754802504,98.34213470966432,99.47071838378906,141900,28.857314980240922,24.73234169534831,26.525769982714102,25.62061704447927,28.88928488156411,0.81,78.0,-1.29,3.24
LCII,2017-12-11,99.50965536753647,99.50965536753647,96.27957928976045,97.29141235351562,129700,29.617245501600177,25.13131347753251,26.801535030101814,25.730209896247246,28.97796702249208,0.81,93.0,-1.3,3.05
LCII,2017-12-12,97.36925889287836,97.89852449295424,96.55201446950952,96.86334228515625,113400,28.095092408286586,25.16642985251047,26.760253040107724,25.707791850230933,28.980871030213184,0.81,90.0,-1.3,3.08
LCII,2017-12-13,96.74659358742171,100.52149368104517,96.74659358742171,99.5096664428711,138000,28.57262931814618,25.6444482395053,27.04369381514608,25.85639648388148,29.07467594992932,0.82,100.0,-1.3,2.85
LCII,2017-12-14,99.54857505907536,99.93773477322996,97.25249414728535,97.71949768066406,173000,29.00301174647088,25.994783425153013,26.794727088245292,25.944778504117654,29.13531463904335,0.82,91.0,-1.31,3.03
LCII,2017-12-15,98.06973873019788,101.6111483374002,98.06973873019788,100.83281707763672,333700,24.935603992856255,26.63687042611392,27.200424541619526,26.182399392067346,29.265203938285367,0.83,100.0,-1.31,2.74
LCII,2017-12-18,102.00030464806213,103.28454635878059,100.87172679979568,102.58405303955078,157000,24.880764792643685,26.773837451088482,27.295625452140428,26.08672819438558,29.285462647716265,0.84,100.0,-1.29,2.66
LCII,2017-12-19,102.9732337050219,102.9732337050219,100.28799308644102,100.5604019165039,69600,25.375798467699166,27.16810355516761,27.5200792813001,26.16704443993359,29.334077788064487,0.85,100.0,-1.3,2.52
LCII,2017-12-20,100.9495689237198,101.53331740848655,99.2372424103493,100.40473937988281,125800,25.06383066586363,27.131346590626876,27.499255619577912,25.949494860694934,29.181585395530213,0.87,99.0,-1.3,2.54
LCII,2017-12-21,100.44366035463175,101.33873663217393,99.58749114241381,99.78207397460938,65800,25.22709477694733,26.203435180599094,27.448474788887296,25.91260069361716,29.149153335485828,0.86,98.0,-1.29,2.57
LCII,2017-12-22,100.3268938169288,100.83281625749557,98.8869881239136,100.2879867553711,70400,25.162145188985345,26.201399610898452,27.31910979898774,25.85645394432404,29.131412105118194,0.85,97.0,-1.28,2.65
LCII,2017-12-26,100.40471870098334,100.94954813260973,99.82097033644274,100.79388427734375,55700,25.068582793332777,26.046948678268272,27.322692086623796,25.847248961618995,29.09996993285765,0.84,97.0,-1.26,2.65
LCII,2017-12-27,100.79390441659328,101.88356349756671,100.45922765472045,100.98848724365234,118300,25.076478512478406,25.31100812029398,26.74267120782754,25.8288369054955,29.098784698367787,0.83,80.0,-1.23,2.93
LCII,2017-12-28,101.02740230531877,102.4673080444336,100.03891825642224,102.4673080444336,74600,25.252860031824554,25.0707717926161,26.743955939361413,25.826040119042688,29.030763776900315,0.82,80.0,-1.19,2.91
LCII,2017-12-29,102.62297721548507,103.30790062053308,100.63823020777915,101.18305969238281,100800,25.571437281805164,24.64371731043116,26.273611704896894,25.840073231453896,29.044691737467225,0.81,48.0,-1.15,3.13
LCII,2018-01-02,101.72789084338558,102.97322557978687,101.41656309748137,102.27272033691406,87200,24.95089325344205,24.704299220503447,26.099582010134643,25.860404727249104,29.048530799283423,0.8,40.0,-1.11,3.25
LCII,2018-01-03,102.23381795250391,102.23381795250391,100.84838922998902,101.33872985839844,78800,25.219390433032608,24.706063765354454,26.042190290398953,25.892685208177323,28.011982592487172,0.79,37.0,-1.08,3.29
LCII,2018-01-04,101.9224783159657,102.97323029014389,100.79390033994754,101.33872985839844,57700,24.55104759073762,24.684384643905705,25.762559339662676,25.831616158809318,27.213513587740618,0.78,31.0,-1.03,3.55
LCII,2018-01-05,101.33872899478489,102.7397276562855,99.89882327089225,100.67715454101562,101800,23.692908416836005,24.65370109373979,25.607092043783737,25.716289964069567,27.218094529727022,0.77,26.0,-0.97,3.72
LCII,2018-01-08,100.24908096321019,100.24908096321019,98.69241825221746,99.89883422851562,73200,23.568005752275248,24.709924156639868,25.534352994658637,25.7377219912042,27.215317962690932,0.76,25.0,-0.91,3.78
LCII,2018-01-09,100.05449669721055,100.91065405020838,98.88699968061859,99.04266357421875,127600,23.620441874398317,24.787848980514127,25.45775462886015,25.652686477011866,27.134978868493935,0.76,20.0,-0.85,3.85
LCII,2018-01-10,98.61457748244153,99.7431555396308,97.87516509162054,98.06974792480469,129400,23.697381796323643,24.837001158317115,25.434644094626314,25.582491698118844,27.055449191466657,0.75,19.0,-0.8,3.87
LCII,2018-01-11,98.49781905390006,100.91063872935862,97.83623276105303,100.05448150634766,123300,21.12922582278443,25.087011547488025,25.578740590527467,25.6669683388954,27.124790421945082,0.75,25.0,-0.75,3.71
LCII,2018-01-12,99.97663302072998,101.92246087974142,97.99189216745553,98.38105773925781,108400,21.256582952775297,25.283955588339264,25.772285194658057,25.7537701805722,27.18113329357533,0.74,31.0,-0.7,3.55
LCII,2018-01-16,98.88698125725026,99.47072965678964,96.20173505645161,96.24065399169922,114800,22.00202658577483,25.61042454795323,26.06875170878257,25.822795939720887,27.18246024292498,0.73,37.0,-0.64,3.34
LCII,2018-01-17,97.01901006849312,100.0545037120919,96.47417452629998,99.62641906738281,231900,24.333145261299265,26.552019527756514,26.533146840348493,26.078242200616643,27.25059468949756,0.72,67.0,-0.6,3.0
LCII,2018-01-18,99.89882988132841,99.89882988132841,97.79733175001863,98.1086654663086,95700,24.519979275170574,26.658051507120224,26.67234104225948,26.095982451337328,27.29173611716612,0.71,74.0,-0.57,2.9
LCII,2018-01-19,98.06973797006879,99.6264004775302,97.64165340523842,98.53673553466797,124000,24.509906977938726,26.634594860144546,26.636670880288914,26.09845115647891,27.191494630859893,0.7,72.0,-0.6,2.92
LCII,2018-01-22,98.30325597962378,98.88700451646669,96.90225711592194,98.22541809082031,71800,24.42174245129068,26.570786333196946,24.273953490428386,25.844747696736174,27.145929949104648,0.72,2.0,-0.5,1.39
LCII,2018-01-23,97.91407409460113,99.15940291293101,97.29140671633809,98.53673553466797,70100,24.43785302576259,26.57463401824966,24.03546090903063,25.485841175847135,27.093411753702163,0.75,1.0,-0.42,1.54
LCII,2018-01-24,99.35399252045706,102.35056686459485,99.25280565010706,99.85990905761719,120000,24.663779851467744,26.620954284089272,24.093820323888743,25.361812571884805,26.90354348652147,0.77,3.0,-0.34,1.51
LCII,2018-01-25,100.71606671534889,100.94956848351605,96.7854971646438,97.13574981689453,132600,25.1430334957727,27.23782590821393,24.5314648052526,25.601433817622333,26.880073480917822,0.78,7.0,-0.27,1.33
LCII,2018-01-26,92.31008655205254,94.17808276983733,85.77988773422449,89.78050994873047,456800,33.949489382059895,31.023891135382126,27.70385068203845,27.23934740581415,28.016027623115264,0.8,100.0,-0.25,4.21
LCII,2018-01-29,89.62484583836537,91.64850592811986,88.61301282439001,88.65193176269531,237400,32.88432455875655,30.81166495780337,27.788318709023297,27.239783464553092,28.034111138823043,0.81,100.0,-0.27,4.1
LCII,2018-01-30,87.95143186731175,89.741596130155,87.75684905344602,89.23567962646484,159300,32.73008372511658,30.820078791783324,27.753407928863723,27.186220041943816,27.387470794634837,0.83,99.0,-0.29,4.12
LCII,2018-01-31,89.62482825469631,90.4420723550047,85.81100463867188,85.81100463867188,188600,32.67073408569281,29.735606508191903,28.418547862317684,27.59359935707439,27.668074905360164,0.86,100.0,-0.46,3.68
LCII,2018-02-01,85.34401178819243,86.22352384997355,83.86518141550043,84.1375961303711,225800,32.2005258633062,29.71209572020721,28.559324477648907,27.621576070686626,27.70871622262575,0.89,100.0,-0.64,3.49
LCII,2018-02-02,83.5149427458835,83.90410835804849,81.1799490728936,81.5691146850586,218300,32.7539892285361,30.239914536186046,28.845683020558997,27.557098112676393,27.880559856859467,0.92,100.0,-0.73,3.21
LCII,2018-02-05,81.17993665172213,84.95484132449302,80.71293323802257,81.49126434326172,311600,32.76299851967227,30.181532051011683,28.767163040218225,27.552185954260228,27.879705201198295,0.96,99.0,-0.78,3.25
LCII,2018-02-06,80.4794768383833,85.53863149727918,80.4794768383833,85.03271484375,225500,35.768359051588774,31.501716812419307,29.368906663677812,27.92305199829196,28.202807795419016,1.01,100.0,-0.81,3.05
LCII,2018-02-07,84.68245498818665,87.28986387640423,84.48787214670477,86.43370056152344,231100,36.2000807068456,31.69622831402643,29.413394072390986,27.974383790231272,28.249345906916552,1.05,100.0,-0.81,3.03
LCII,2018-02-08,86.62828056658512,87.95144147005948,82.3474581941486,85.61644744873047,405000,36.09655327808384,31.743863126929465,29.41019309197562,27.990412229978062,28.184426364015636,1.1,99.0,-0.84,3.03
LCII,2018-02-09,86.78395423214566,90.24752671187156,84.76029370674858,89.27461242675781,350100,38.57298546174306,32.90796385935368,30.1353105587089,28.400245460639844,28.431003979574278,1.16,100.0,-0.84,2.76
LCII,2018-02-12,89.58595160601057,91.6485312028871,87.52337200913404,91.02586364746094,208300,38.80370906573853,33.12377751940661,30.2702038795561,28.41163527301894,28.242173445917324,1.23,100.0,-0.82,2.69
LCII,2018-02-13,90.36424702892415,90.71449961593667,88.53516997962163,90.28641510009766,164500,38.738674865514966,33.14691650447181,30.301725308749877,28.412750483469633,28.254676822109747,1.29,100.0,-0.83,2.66
LCII,2018-02-14,89.31349487627968,92.07657269217465,88.76866547453466,91.84307098388672,155400,38.989772654680365,32.96285983380097,30.399621185407387,28.465472878171244,28.303984773687098,1.35,100.0,-0.82,2.61
LCII,2018-02-15,92.4268309566039,92.89382849379808,90.59775380531238,92.3489990234375,124500,39.03879400870384,32.96569102068641,30.388075078902162,28.427022663203736,28.3079219400311,1.41,99.0,-0.79,2.61
LCII,2018-02-16,91.60957728700282,92.34899546911448,88.30166978008103,88.53517150878906,217500,40.62935463807641,33.737030451326035,31.12095388818682,28.887733684957574,28.608118792695432,1.48,100.0,-0.8,2.26
LCII,2018-02-20,88.4573561757313,89.89726793774415,87.10306133442921,88.37952423095703,207400,40.6320980639441,33.288247421557806,31.077451141939015,28.700543454511536,28.596263131413686,1.55,99.0,-0.79,2.27
LCII,2018-02-21,88.80759521815064,88.92434609431633,86.27801863341078,86.51152038574219,204300,40.9217387202077,33.482627759517534,30.69006080049444,28.823862789246178,28.65726799185186,1.6,98.0,-0.8,2.33
LCII,2018-02-22,86.90068782289752,87.56226821734485,86.20018848951949,86.7450180053711,166900,40.96136163738495,33.417264572490396,30.693017111710024,28.54715644110782,28.648369830574445,1.65,98.0,-0.81,2.34
LCII,2018-02-23,87.36768748211496,89.04110094669454,86.93960289645628,89.00218200683594,115500,41.837228043142915,33.86251524103323,30.859769544695652,28.486314527679973,28.733346988039145,1.7,98.0,-0.82,2.26
LCII,2018-02-26,89.04108235731229,92.09992393222487,85.6164242016089,91.3760757446289,202800,42.1793647642561,33.16585542864402,30.737203760843435,28.520246229365775,28.84637305687775,1.74,97.0,-0.83,2.3
LCII,2018-02-27,91.57067170213259,92.15442013295171,86.3558488238974,86.39476776123047,207900,44.74806491196334,34.83581104149005,31.8522396724824,29.314627483160727,29.319366310704183,1.81,100.0,-0.87,2.14
LCII,2018-02-28,86.978542119073,88.30170324806609,84.99379448738546,85.0716323852539,281800,44.56296654300424,34.888084614686186,31.708469857893125,29.2665220788076,29.16895493666344,1.88,99.0,-0.88,2.24
LCII,2018-03-01,84.05978626621237,84.09870520920701,81.56912830767746,82.5809555053711,334600,43.59800795691275,35.30591388662687,32.04635023069136,29.456753170533386,29.019350509150684,1.95,100.0,-0.84,2.01
LCII,2018-03-02,81.91935188888658,82.54201917163368,80.47944047800365,82.30851745605469,417000,43.51932445951315,35.26807410652407,31.968174849019626,29.45502053853558,29.01865047624516,2.01,99.0,-0.81,2.04
LCII,2018-03-05,82.3085294427872,87.17309974082427,82.19177856799507,84.9548568725586,271500,44.77623535438363,35.97983330542259,32.35812434159716,29.685773684126595,29.19254774665159,2.08,100.0,-0.86,1.9
LCII,2018-03-06,85.22727434438278,87.17310252576138,84.21544131478736,86.6282730102539,122900,45.33314321454135,36.245822587076546,32.45555479007673,29.757333306467682,29.25378296105568,2.14,100.0,-0.91,1.86
LCII,2018-03-07,85.7721124288766,87.09527928732166,85.57752959129911,86.31694793701172,142400,45.28017165177356,36.240200227144726,32.44242420989218,29.752105177290016,29.21771434677257,2.2,99.0,-0.96,1.85
LCII,2018-03-08,86.93959483320154,87.1341776380549,82.83779191969899,84.99376678466797,180900,45.06760858464036,36.286786595961345,32.51894520473096,29.80746117270958,29.174918241216652,2.25,100.0,-1.02,1.78
LCII,2018-03-09,85.65536340734563,86.78394143639679,84.82254913960942,86.66719055175781,115500,45.11362901671376,36.333172540072766,32.6442672129296,29.882012388280522,28.514171824120528,2.31,100.0,-1.07,1.73
LCII,2018-03-12,86.82285366447398,87.87359966859103,85.84993959803298,86.23910522460938,127100,39.13522681705188,36.33492417047349,32.60944287831726,29.806841077300238,28.508096261228243,2.36,99.0,-1.13,1.73
LCII,2018-03-13,86.90069677055638,87.48444528544387,85.26620211651081,85.57752990722656,96600,39.037119143336795,35.84888639084936,32.60639937902233,29.7500671635568,28.512156029687564,2.41,98.0,-1.18,1.74
LCII,2018-03-14,86.47261706001734,86.5115360051647,85.25063700367646,85.7721176147461,101000,38.98295748035421,35.712409300853295,32.54971755443777,29.707771197952727,28.507963709915835,2.45,97.0,-1.23,1.76
LCII,2018-03-15,86.0850092363568,86.86724464616292,83.77741119663919,84.55964660644531,123900,37.52493271215266,35.10091936212029,32.617596014521325,29.70386140403816,28.44427726288622,2.49,99.0,-1.27,1.7
LCII,2018-03-16,84.44230555480988,86.43700812960914,84.44230555480988,86.31967163085938,282300,37.55024863288208,35.19057242850878,32.73567072631758,29.77878262351056,28.46200009246323,2.53,100.0,-1.31,1.66
LCII,2018-03-19,86.1241210701114,86.55435295090162,83.85563709209383,84.67698669433594,130300,36.82969360492212,35.17617474640126,32.85349533148597,29.807338504200466,28.528452390820792,2.57,100.0,-1.35,1.58
LCII,2018-03-20,84.7943014059314,85.69387312761054,84.09028849470506,85.26364135742188,144900,36.859299824942454,35.23230016850242,32.829167901792765,29.79327821965513,28.514577739601364,2.61,99.0,-1.39,1.59
LCII,2018-03-21,85.38099655591593,85.42010474579166,83.03429031599876,84.2858657836914,114400,34.90873532992407,35.27162478226366,32.87029365521058,29.793999386257465,28.337501945874934,2.64,100.0,-1.42,1.56
LCII,2018-03-22,83.503615894515,84.19198079041796,80.84401475673741,81.0004653930664,149500,36.34277080683789,36.03214224175263,33.372720300829414,30.074156867665224,28.598555648659758,2.67,100.0,-1.4,1.34
LCII,2018-03-23,81.3524955716257,82.486734709229,78.30959982047185,78.9666748046875,197600,36.91095420135067,36.261953458302685,33.5780565343124,30.02885828736042,28.71312721590622,2.7,100.0,-1.34,1.23
LCII,2018-03-26,80.37467707423228,80.76579472422854,78.81020647424722,79.47510528564453,210500,34.54930585695374,36.30530380649832,33.266853683259185,29.982344112447564,28.719700530231297,2.72,98.0,-1.32,1.39
LCII,2018-03-27,79.70980214310303,80.92226364054389,78.61467120142676,78.9666748046875,115000,33.839278608415604,36.10191316358135,33.09271555031529,29.984974820308242,28.70523987718437,2.74,97.0,-1.29,1.44
LCII,2018-03-28,78.88843281691433,79.98356348611526,77.80112617214556,79.35777282714844,147600,33.93703707524693,36.109382178899416,33.09565135446835,29.96988627187892,28.68441091931299,2.75,97.0,-1.29,1.45
LCII,2018-03-29,80.14002185911748,81.86094348131174,80.06179950537752,81.4698257446289,269000,34.53828529185143,36.51934963381579,32.2464557618677,30.128920345182557,28.788134633232907,2.77,82.0,-1.32,1.54
LCII,2018-04-02,81.39157244570002,82.0564711516688,76.85460603794697,77.40216827392578,132300,37.007215470463755,37.778857757308145,33.06505513392555,30.73065113808726,29.231197887628056,2.8,95.0,-1.28,1.37
LCII,2018-04-03,77.67595555827207,78.65374953071768,76.61993329364616,77.08927917480469,189800,35.37201008608256,37.76741022492909,33.01969123824466,30.73297412968678,29.23295842535002,2.83,94.0,-1.26,1.4
LCII,2018-04-04,76.03326595303886,79.0057623699936,75.83770713529135,78.8102035522461,211200,36.20413040030045,38.156638423421526,33.198845352144346,30.83506692261796,29.225529295622255,2.85,97.0,-1.27,1.36
LCII,2018-04-05,79.31866272989598,80.92224155689199,78.30175442557118,80.6484603881836,105200,36.62040266887214,38.55038128590218,33.41984554862824,30.95030284051765,29.291413840486513,2.88,99.0,-1.3,1.29
LCII,2018-04-06,80.17911013084641,81.58713591545859,78.22352207887454,78.37996673583984,171400,37.3582658301019,38.876496323239564,33.702600398011235,31.061789630033655,29.308081757082107,2.92,100.0,-1.32,1.15
LCII,2018-04-09,78.5364330162638,80.02268142562788,78.106201171875,78.106201171875,118300,36.32836878745695,38.85661561802984,33.70264663023621,31.06401240305461,29.283085815767702,2.95,100.0,-1.33,1.15
LCII,2018-04-10,79.08399670806459,80.12437120872072,75.72038811301682,75.91594696044922,357300,35.77316769916328,38.856930384793166,33.96518928516201,31.22622151309495,29.378903659227827,2.98,100.0,-1.32,1.01
LCII,2018-04-11,75.40748815677449,76.580841169687,74.70347515543057,75.21192932128906,223100,32.527910577695366,38.78588556940482,33.96164660393504,31.236442141231063,29.390110859739714,3.01,99.0,-1.3,1.0
LCII,2018-04-12,75.56394546385238,75.91595500733217,74.42970641571121,74.58615112304688,361600,32.38783477607793,38.62309744795752,33.972286884659006,31.004202500024906,29.38558616628259,3.03,100.0,-1.28,0.99
LCII,2018-04-13,75.29016918606229,75.6812869480678,73.4128027348391,73.92125701904297,188700,31.524353994986658,37.77514654087298,33.73560405876414,31.01510648640047,29.378010218581984,3.05,97.0,-1.27,1.05
LCII,2018-04-16,74.39059225488577,75.6421678175202,73.2563532067446,74.58615112304688,281100,31.73697213086849,37.81834088161806,33.76236945080413,31.022592200446308,29.371044910923317,3.07,97.0,-1.28,1.05
LCII,2018-04-17,75.29014805952707,76.54172335315403,74.31235392888387,75.09458923339844,200000,30.137223302925104,37.84622335078327,33.56158879319888,31.032943953142084,29.376910591368542,3.08,92.0,-1.3,1.11
LCII,2018-04-18,75.4075016229238,76.69819136121326,75.01638388210779,75.13372039794922,151800,29.335975111763098,37.85942880359458,33.273308254015916,31.027327203084447,29.374065775486113,3.09,89.0,-1.31,1.2
LCII,2018-04-19,74.70348197739891,74.85992667288104,72.23943923166829,73.25634765625,181200,29.930770328284517,38.06334958184989,33.443589494415875,31.139949120674565,29.4356989078711,3.11,91.0,-1.31,1.12
LCII,2018-04-20,72.98255351638386,73.68656048922557,72.39587706036143,73.09988403320312,134500,29.79342235277434,37.877581686066776,33.38851820857374,31.094604536323946,29.33855813623997,3.11,89.0,-1.31,1.14
LCII,2018-04-23,73.09989599567925,74.66436680109118,72.35677475030158,72.66967010498047,92400,28.871970324482405,37.58789349251202,33.38304405384401,31.09917686139234,29.343977208164397,3.11,88.0,-1.31,1.14
LCII,2018-04-24,73.0216419809634,73.64743241892823,70.67493679056513,71.8091812133789,145700,28.92312186105138,34.32954437407223,32.63973481908457,30.89384398564275,29.2843833064868,3.11,74.0,-1.29,1.25
LCII,2018-04-25,71.88744273212421,72.78701473931504,70.94875656323602,72.43500518798828,113000,29.23240324735964,34.37087399556405,32.57979094690437,30.895870185327645,29.22114009167076,3.11,70.0,-1.28,1.27
LCII,2018-04-26,73.13898923210762,77.66030761157916,72.78698578877108,77.12838745117188,339400,35.276524870443666,36.90241690555594,34.202968718974844,31.556905330616818,29.883420322116866,3.12,100.0,-1.29,1.44
LCII,2018-04-27,77.20661370113795,77.67595960675888,76.27575784908026,76.9719467163086,164300,35.132013642144386,36.10091313870852,34.19553838797875,31.490374820554816,29.879935569978116,3.13,99.0,-1.3,1.45
LCII,2018-04-30,77.16750679075365,77.2848432690896,74.5470199584961,74.5470199584961,168900,35.35184175556108,36.448086397644865,34.48496376269825,31.681596292814657,30.00974693030521,3.15,100.0,-1.31,1.32
LCII,2018-05-01,74.50792569247159,75.52483415210789,73.72569025213068,75.2901611328125,206300,35.33428578115077,36.02042523556249,34.541883909309604,31.538439406289726,29.992073911142324,3.16,100.0,-1.31,1.3
LCII,2018-05-02,76.73728539301948,78.81021023039295,75.9550500557451,76.85462188720703,264600,35.91493067522352,36.299068555550015,34.72974505689289,31.514451758383334,30.03467514793562,3.18,100.0,-1.31,1.24
LCII,2018-05-03,76.61994569000913,76.61994569000913,73.6865632980795,75.09458923339844,208100,36.29836654712884,35.4217224999546,34.87886442595919,31.5951521496254,30.123384065553445,3.19,100.0,-1.3,1.16
LCII,2018-05-04,74.07768021922712,75.25103316441857,68.60203314166705,74.234130859375,553000,34.76094899352432,35.26303047335422,34.870659211893255,31.580971110222155,30.000452862999115,3.21,99.0,-1.29,1.16
LCII,2018-05-07,74.11679875459835,74.19502109530758,70.08828554426124,73.843017578125,418400,34.111045179717394,35.23803719174368,34.73647303461189,31.5572830539094,29.803772612795203,3.22,98.0,-1.29,1.22
LCII,2018-05-08,73.49101182441574,73.49101182441574,69.32951982677784,70.12740325927734,408800,36.86846210824569,35.42442364121149,35.59183050078657,32.13974554409821,30.166389701724476,3.24,100.0,-1.25,1.04
LCII,2018-05-09,70.28385187673254,70.77666401493158,68.64115867469535,68.9149398803711,267000,37.06472576364207,35.18698811618079,35.33025521995079,32.20349781510858,30.215893373994135,3.26,99.0,-1.21,1.11
LCII,2018-05-10,69.2669565919666,70.4246618012575,69.2669565919666,70.2447509765625,197100,37.60334996300709,35.51280014392583,35.436605217615586,32.27791007248277,30.236445197861755,3.27,99.0,-1.18,1.08
LCII,2018-05-11,70.71407913628097,70.7531873242652,68.95404954146858,69.2669448852539,213900,36.57824652290061,35.2882898517106,35.03664192368906,32.31553242704214,30.23034638196543,3.28,97.0,-1.15,1.19
LCII,2018-05-14,69.26695935475918,70.71409390808508,67.46781522814847,67.62425994873047,278600,34.402178461879565,35.44168021882786,35.01957229678682,32.434256511930826,30.2926200001637,3.29,96.0,-1.11,1.18
LCII,2018-05-15,67.78069340685805,68.32043173324827,67.00628209126717,67.50691223144531,192000,34.4113491152195,34.59833605075985,34.93017101888449,32.428367263420554,30.28300588873843,3.3,95.0,-1.06,1.23
LCII,2018-05-16,67.50689698803043,69.69715186474316,67.50689698803043,69.1886978149414,303400,34.58797649367974,35.1064189754432,35.22218000584177,31.419550063645275,30.32541613147511,3.31,97.0,-1.04,1.13
LCII,2018-05-17,69.14959869043355,70.1665009551864,69.14959869043355,69.50160217285156,115700,33.71817868770582,34.96254756923241,35.24401422065956,31.350378597078155,30.129470198523713,3.32,97.0,-1.01,1.12
LCII,2018-05-18,69.81452045239602,71.8874457826745,69.22784380993892,71.69188690185547,288200,34.50919353534253,35.65737970891446,35.64554426931458,31.572480254280695,30.28631711100977,3.33,100.0,-0.99,1.01
LCII,2018-05-21,72.20031315047291,73.06077069836756,71.88741786906182,72.63053894042969,199200,34.81757685035839,35.311985902359105,35.71574170379739,31.604937010793883,30.27494431574943,3.34,100.0,-0.96,0.98
LCII,2018-05-22,72.70877737468716,72.74789153152074,72.00477029554226,72.12210083007812,130100,33.96974297401242,34.77077456520051,35.7108045240591,31.61070671472217,30.277723808874264,3.34,99.0,-0.93,0.98
LCII,2018-05-23,71.496313027954,71.73098005493611,69.11049279508508,70.36206817626953,162400,34.55698651929555,33.32753602591934,35.75334765718464,31.7408557016306,30.368499538783183,3.34,100.0,-0.92,0.95
LCII,2018-05-24,70.16651388509096,70.16651388509096,67.8198076552487,68.56293487548828,213100,35.195922231348106,33.556966000301905,35.89906274075583,31.85021714879333,30.47917016304439,3.33,100.0,-0.9,0.89
LCII,2018-05-25,68.13268386135893,69.18870017435505,67.7806804130205,68.68025207519531,105300,35.16975820166927,33.12750225789394,35.834233707027856,31.825135240758733,30.442131362763263,3.31,99.0,-0.89,0.91
LCII,2018-05-29,68.28914099936796,69.89271971130485,68.27349295200347,69.46249389648438,158700,35.2432061044608,33.25853312558079,35.90631120643592,31.82390870595257,30.452567313839367,3.29,100.0,-0.88,0.89
LCII,2018-05-30,69.97095207126725,72.122099357581,69.89272972717957,71.77009582519531,143100,36.600738891670794,33.30502254496121,36.36566520475995,31.980829652418485,30.624237655224597,3.27,100.0,-0.86,0.77
LCII,2018-05-31,71.65276244810066,72.16121665880529,68.32826195162454,68.60204315185547,225300,38.71274721808253,34.081163009628646,36.96066962690148,32.36811022192508,30.923718261805526,3.25,100.0,-0.85,0.63
LCII,2018-06-01,69.15337168883637,69.27151045095609,64.36461756722348,65.72720336914062,412400,39.90207413333569,35.00185197356725,37.470654794817264,32.64480247353649,31.209695201944964,3.24,100.0,-0.83,0.5
LCII,2018-06-04,65.56969306861639,66.67236778750498,63.758155601221304,65.1364974975586,677700,39.92986851512614,34.94108617606972,37.471977233060755,32.615614127932005,31.082687731028063,3.21,100.0,-0.79,0.5
LCII,2018-06-05,65.13648734359292,68.44451098457905,65.13648734359292,68.20822143554688,302100,42.45924779735453,36.12344691234362,38.29958250979013,33.078106736999786,31.42752521168734,3.2,100.0,-0.77,0.41
LCII,2018-06-06,69.23213551762284,72.18572486556671,68.83832360456366,71.87067413330078,442400,45.1641455785037,37.91952033116653,39.14043354268587,33.67456713503471,31.672765836151225,3.2,100.0,-0.76,0.39
LCII,2018-06-07,71.75252975365142,74.272929616599,70.49233282672411,73.48530578613281,368900,45.55821784033546,38.25657704460647,39.287284111172774,33.775668329400574,31.625353664145724,3.21,100.0,-0.73,0.35
LCII,2018-06-08,73.48530889117932,74.82426705591097,73.44592529435471,74.50921630859375,285700,41.79504530227284,38.391884821779726,39.2561362048423,33.81871585443435,31.56891095029883,3.21,99.0,-0.67,0.37
LCII,2018-06-11,74.5485969621631,75.13931483665078,74.45407993897162,74.58797454833984,206400,41.7989806858548,38.31743643019644,38.807078848873275,33.81001402185045,31.568912505703768,3.21,97.0,-0.67,0.46
LCII,2018-06-12,75.13930084135193,75.13930084135193,72.34323435259627,73.64281463623047,206000,40.92284998366597,38.08275339739547,38.78803113597925,33.82531876487394,31.515314027006948,3.2,96.0,-0.66,0.47
LCII,2018-06-13,73.6034500390391,74.43045752630204,71.67377391421678,72.14634704589844,242500,41.20577942810867,38.10815681622082,38.87114563230325,33.88557297603498,31.559033474875175,3.2,97.0,-0.68,0.44
LCII,2018-06-14,72.38263378734297,72.61891733940239,71.59500992895859,71.79191589355469,136400,40.682781748492296,38.05830790624525,38.872204391205315,33.85960354882775,31.558111473168488,3.13,97.0,-0.71,0.44
LCII,2018-06-15,71.47686507280487,73.2490187522959,71.47686507280487,73.17025756835938,213000,40.637110353055135,38.27552110446486,39.018779305427564,33.63420369816921,31.61673765150978,3.04,97.0,-0.8,0.4
LCII,2018-06-18,72.38263015738374,73.64282706578176,71.24057201454424,71.9100570678711,135800,40.80541609873727,37.61035126819539,38.99647460353638,33.68959144337139,31.65710190436155,2.95,96.0,-1.06,0.4
LCII,2018-06-19,70.88614725459402,71.87067707757448,70.80738607057421,71.79191589355469,132300,40.78632237214184,37.291599651681125,38.80073746940392,33.62712735354803,31.648927049560843,2.86,92.0,-1.22,0.46
LCII,2018-06-20,73.05212796763458,76.55705245840085,73.05212796763458,75.8875732421875,285300,41.032141585854475,39.05531657194833,37.97498284766518,34.07342031071566,32.13091277081523,2.83,89.0,-1.18,0.05
LCII,2018-06-21,75.53311947992034,76.63579394127315,74.469828610045,74.82425689697266,171300,40.90174039042103,39.1345757352768,37.986429067339714,34.038970583399085,32.15377540542117,2.8,89.0,-1.14,0.05
LCII,2018-06-22,74.9424178085226,75.4543745625679,72.1857340657642,73.40654754638672,291400,41.073063606384395,39.2917627506281,38.063113618795164,33.99179355667589,32.15056183664496,2.76,89.0,-1.1,0.03
LCII,2018-06-25,72.85521419576239,73.20964256388805,71.59501709797877,72.50078582763672,291900,41.02317199835815,38.930716217926175,37.6326517699804,34.01718604766133,32.12117796154747,2.73,86.0,-1.07,0.1
LCII,2018-06-26,72.540159399009,72.93397134581045,71.1618175852039,72.38263702392578,112200,40.320124263341505,37.55200632210812,37.52170932120889,33.973064048986274,32.089584496666845,2.7,85.0,-1.04,0.13
LCII,2018-06-27,72.54015361280005,72.81582075175362,71.4374790478928,72.10696411132812,253400,40.34255847883195,37.551253967738774,37.2246925789031,33.95935727897005,32.05912683925088,2.66,82.0,-1.03,0.2
LCII,2018-06-28,71.4374954919174,72.69769871851908,71.0043058907306,72.02821350097656,183200,39.785784468150496,37.2389779841449,37.22467279144616,33.92320968807966,32.04196651545092,2.62,81.0,-1.02,0.2
LCII,2018-06-29,72.38262938812744,73.44592033050384,70.92552654049364,71.00428771972656,230200,40.0289027881735,36.97306294931641,36.61193834919517,33.94680846456528,32.035031984688146,2.58,79.0,-0.98,0.3
LCII,2018-07-02,70.09852093920802,72.73705957049445,70.00400391624125,72.10696411132812,187500,39.24946678189173,36.72839125047761,36.6004875423833,33.99991190952444,32.06064863515919,2.55,78.0,-0.93,0.31
LCII,2018-07-03,72.46138868806112,72.46138868806112,70.92552470102731,71.27995300292969,67700,39.19765853496593,36.78498292600352,36.612793530640104,33.99948945919347,32.055431466336195,2.5,79.0,-0.87,0.3
LCII,2018-07-05,71.98880343657268,72.81580467079486,69.86221595766216,72.57952117919922,174100,39.51505347632672,36.5655654779458,36.08163703266051,34.05360951378223,32.04854564914131,2.47,75.0,-0.8,0.37
LCII,2018-07-06,72.57954990640333,74.62737102289077,72.5007887113642,74.4698486328125,135100,39.4542060105539,36.91797651559507,36.1905812216504,34.19496727952101,32.0240242932449,2.44,75.0,-0.74,0.35
LCII,2018-07-09,74.19417333055681,74.78489129022395,73.64283897183833,74.07603454589844,140000,38.63645761775928,36.89434517362817,36.18107129050549,34.16427797730532,31.989529095703297,2.4,74.0,-0.67,0.35
LCII,2018-07-10,74.35170742278677,74.7455194260758,72.38264740634165,72.73707580566406,179000,39.1052481689198,37.03818694274855,36.14171240222732,34.22262547144954,32.036189915659676,2.37,73.0,-0.66,0.37
LCII,2018-07-11,71.98883077578347,72.81583232407617,71.38235696460825,72.65830993652344,100500,39.010978396023276,36.98851455678247,36.12053636175217,34.186198147885754,32.02148885829092,2.33,72.0,-0.71,0.38
LCII,2018-07-12,72.97336026569086,73.95789020449106,71.79192433913059,73.36717224121094,144100,37.96966595100052,37.01766612315486,35.6014710321736,34.20756088485152,32.0369887224827,2.31,63.0,-0.63,0.46
LCII,2018-07-13,73.09150668779868,74.66675462495733,72.73707229648159,74.4698486328125,96300,35.57836294518646,37.15010798973651,35.701194332715744,34.23495841509373,32.06686911984186,2.28,64.0,-0.55,0.42
LCII,2018-07-16,74.54858968201363,74.5879672643449,72.77643623161279,73.44591522216797,210800,33.271982452447276,36.89200143139926,35.61571206795362,34.266561527496634,32.09517325583676,2.24,62.0,-0.44,0.44
LCII,2018-07-17,73.32777844750466,75.2180768690695,73.2096336694519,75.06055450439453,89300,33.443928322825364,37.155461248656856,35.80260585889958,34.345883580316936,32.16356864939455,2.2,67.0,-0.32,0.38
LCII,2018-07-18,74.78486874985704,76.79331161101264,74.78486874985704,76.55702209472656,180000,31.424105746040798,37.339660706037996,35.70017346538345,34.43527271769382,32.22216365753189,2.16,62.0,-0.26,0.4
LCII,2018-07-19,76.39950107704776,78.52608272400914,75.96630562606683,77.69908142089844,186500,28.103756455645506,37.35056174200636,35.518019422992026,34.29781044414285,32.205061219934315,2.12,57.0,-0.44,0.46
LCII,2018-07-20,77.30529105858011,77.97477020702368,76.43890592476527,76.83271789550781,258200,27.74379296062577,37.40547085981299,34.46640310224451,34.22688001149418,32.22400561670567,2.09,43.0,-0.35,0.47
LCII,2018-07-23,76.20259439858448,76.47826149691599,73.3671502274323,74.27291870117188,234600,29.301316606836377,35.795495627945535,34.78371359011511,34.43503082082701,32.38771312424122,2.07,47.0,-0.23,0.4
LCII,2018-07-24,74.82426416913297,75.3362208626351,71.3193405143213,71.83129119873047,220700,30.84610160848617,36.42081716733844,34.86563029989386,34.039475798073326,32.551490689087146,2.04,47.0,-0.12,0.39
LCII,2018-07-25,71.0830612342245,71.12244483522171,66.86927431855739,69.03524017333984,317900,32.65493136223889,36.731976987157516,35.39120913559991,34.26125720285841,32.61867918490255,2.02,55.0,-0.03,0.3
LCII,2018-07-26,68.72017462563977,71.47685784844481,68.56265227368793,71.08304595947266,178300,33.39797956585836,37.19380498040458,35.335249884013784,34.42809408402906,32.75187188626091,2.0,54.0,0.11,0.31
LCII,2018-07-27,71.04366935194192,71.27995891219418,68.75956497860467,68.79894256591797,169400,34.66117056617487,37.47666357784563,35.50521079066043,34.60949530286996,32.89963341586329,1.98,56.0,0.2,0.3
LCII,2018-07-30,69.03524404569586,71.79192801550269,69.03524404569586,71.20121002197266,396800,35.71313770430052,37.92887154037635,35.97717618650601,34.865701394159686,33.084454791311906,1.96,70.0,0.32,0.18
LCII,2018-07-31,71.51624968729894,74.19416603381785,71.35872130809044,72.42201232910156,204100,35.72569866229204,38.03753272568413,36.03542243226276,34.93233182795571,33.12729069550702,1.94,70.0,0.49,0.14
LCII,2018-08-01,72.42202134431882,73.0127393194245,68.95648069764069,69.19276428222656,341700,38.11951970840385,39.140169178879255,36.54383316871698,35.3250660966006,33.41598697914319,1.93,76.0,0.56,0.13
LCII,2018-08-02,74.43046413724075,80.1407378408915,70.92553992277546,76.99024200439453,535600,46.68821436138649,43.6111784242003,40.431466621775606,37.568837107405784,35.06976280862798,1.97,100.0,0.62,2.35
LCII,2018-08-03,77.620339978155,80.51879625377217,77.30528920728699,79.15620422363281,289200,47.12540589285034,43.753410940544555,40.67572998489225,37.711125989452725,35.17974120284117,2.02,100.0,0.62,2.2
LCII,2018-08-06,78.99866495985711,79.35309324565485,77.0689831563684,77.34465026855469,191900,47.29533231494396,43.91716985106846,40.82711596423667,37.80019126933505,35.10402543740124,2.07,100.0,0.62,2.16
LCII,2018-08-07,78.99866495985711,78.99866495985711,76.2813594020691,77.34465026855469,126800,47.10889619461872,43.79798510870444,40.77244273895608,37.68445541805541,35.09255296883817,2.11,99.0,0.67,2.17
LCII,2018-08-08,77.10838655049821,79.03806284046907,76.97449192006302,78.36858367919922,238700,47.200378718291304,43.52275267832627,40.68956032022051,37.71472500879285,34.969189581918144,2.15,98.0,0.39,2.21
LCII,2018-08-09,78.6048623627205,79.03805187327163,77.50218777470232,77.7778549194336,147600,47.2574964427983,43.56312750187866,40.598511576309384,37.619397943846145,34.934417081402906,2.18,96.0,0.26,2.24
LCII,2018-08-10,77.3052978515625,77.69910985691016,75.84819463359506,77.3052978515625,82200,47.3129541142566,43.34730339608362,40.58775348005146,37.49310518260529,34.9141403877644,2.21,95.0,-0.1,2.26
LCII,2018-08-13,77.38403821007587,78.40795155186154,76.47826963989512,76.75393676757812,101600,47.13887192593808,43.382639999853986,40.56472654425592,37.482060864949204,34.81612130375314,2.24,94.0,-0.44,2.27
LCII,2018-08-14,77.10838946001196,79.07744942574723,77.02962826320139,78.28982543945312,66000,47.25998979164489,43.118391780807634,40.21425582892851,37.54414861291263,34.796307118790914,2.26,92.0,-0.47,2.32
LCII,2018-08-15,77.7384776366089,78.17167319143311,76.16322981411152,76.9114761352539,79200,47.45751204071653,43.22762428723995,40.11079195383445,37.587690125299254,34.81664141011171,2.28,91.0,-0.45,2.36
LCII,2018-08-16,77.18714418330453,78.99868160348892,76.99023820324507,78.48672485351562,114800,47.524536865512914,43.37418621012355,40.229683657522514,37.32680950938958,34.84598544838147,2.3,92.0,-0.45,2.29
LCII,2018-08-17,78.01414497652465,78.01414497652465,74.23354808172274,74.31230926513672,235300,49.78364966025558,44.56224669333319,41.14013395590529,37.81078405756778,35.25637060254073,2.33,100.0,-0.39,2.08
LCII,2018-08-20,74.23354371855633,74.85576724641308,73.3671587337392,73.5246810913086,175000,49.856656675779405,44.2790652141339,41.1610878372582,37.814984670551056,35.270115148903265,2.36,100.0,-0.33,2.09
LCII,2018-08-21,73.83974014766632,74.90303120397402,73.83974014766632,74.43045806884766,197500,49.683278944721124,44.33719810739707,40.986517424605374,37.84578277427587,35.29122242899909,2.37,98.0,-0.39,2.18
LCII,2018-08-22,74.03665139777631,74.11541259106156,72.46928141775265,73.36717224121094,118300,49.87562312762448,44.40297842320542,40.24598537780996,37.858851955968795,35.31594528197701,2.38,89.0,-0.34,2.37
LCII,2018-08-23,73.32777258895563,73.44591735756916,72.18572051357414,72.46138763427734,135800,49.92617673201565,43.98478801908087,40.28652304165716,37.876920892208446,35.33525288944499,2.38,89.0,-0.3,2.36
LCII,2018-08-24,72.57954513164877,73.32778544893742,72.42201674283974,72.77645111083984,142700,49.737666141136344,42.96504433336165,40.13023865833582,37.876758126146164,35.336122032480006,2.38,85.0,-0.24,2.46
LCII,2018-08-27,72.85521316762353,74.863656582909,72.85521316762353,74.35169982910156,384300,49.98123281583521,42.177814170978934,40.106217931198536,37.97388094956685,35.39628588641253,2.39,83.0,-0.29,2.47
LCII,2018-08-28,74.35169068797622,74.82426378373914,73.839733997111,73.91849517822266,124400,49.595898106158224,42.14711303288682,39.86809322581914,37.963228275507284,34.66457814936771,2.39,82.0,-0.23,2.56
LCII,2018-08-29,74.23355503836235,74.66675060137489,73.40654751228159,74.35169982910156,189100,49.26523568017492,41.14896433361471,39.87830140571852,37.89482314152482,34.618924135355876,2.39,82.0,-0.18,2.54
LCII,2018-08-30,74.39134434578872,75.38217207028653,72.89321331015064,73.71758270263672,219500,49.079986125010315,39.80406162454724,39.647848490958275,37.90251367020242,34.62917360900313,2.38,80.0,-0.14,2.63
LCII,2018-08-31,73.3608575744391,74.27241387556946,72.40965971375992,73.67791748046875,140000,48.99864959451489,39.54423409531662,39.62147644686414,37.75107193344051,34.62416019874848,2.38,79.0,-0.12,2.63
LCII,2018-09-04,73.40050274927859,73.54318215654249,72.21150970458984,72.21150970458984,200000,48.36337006847952,39.650183703970036,39.72673888950419,37.76376195476748,34.67895413207263,2.38,80.0,-0.12,2.59
LCII,2018-09-05,72.09260676910846,73.20233478304975,71.3395802851114,72.68710327148438,204400,47.40841880009031,39.675609862890695,39.71730141070493,37.57178755536966,34.68487123846416,2.37,79.0,-0.12,2.57
LCII,2018-09-06,72.48892531654771,73.51938816263714,71.77553447428745,72.40966033935547,206800,45.887476339453414,39.59929009112516,39.69438525549119,37.50412257118322,34.66658449346154,2.36,78.0,-0.11,2.6
LCII,2018-09-07,72.21149659172548,73.82059925240274,72.21149659172548,73.63829040527344,196700,45.376114747798155,39.52338469306058,39.7718628533666,37.50803874211171,34.69000509251165,2.35,80.0,-0.09,2.55
LCII,2018-09-10,73.9553532137494,74.51021409116095,73.3212213131105,74.15351867675781,235100,44.24776504105666,39.53088623233252,39.78800498365672,37.522170129560614,34.677492472899054,2.33,80.0,-0.08,2.53
LCII,2018-09-11,73.67792195460564,74.77179925843654,72.25113414823942,74.62911987304688,158100,43.231037044079805,39.363157933791,39.595237608384174,37.530380089270054,34.628734698449506,2.31,73.0,-0.09,2.59
LCII,2018-09-12,74.58951246861872,75.30290966441976,73.08345306582378,73.24198913574219,181100,43.363964792556615,39.39085737056869,39.70785161039097,37.57656731148485,34.65009600426786,2.29,76.0,-0.09,2.55
LCII,2018-09-13,73.59868470987635,74.11391635392893,72.55237083854573,73.24198913574219,188300,41.11729049718924,39.38882179180933,39.696497304638875,37.56850574530098,34.58636456729889,2.26,75.0,-0.09,2.55
LCII,2018-09-14,73.2419569430141,75.97663793612982,71.73589820219136,75.58030700683594,264300,28.17797169245167,38.24216352579876,39.95859261101102,37.771019087176796,34.708260425661535,2.22,82.0,-0.1,2.37
LCII,2018-09-17,75.42177299120706,76.17479929728836,74.51021069343044,75.26323699951172,124300,26.875031521274934,38.14053884534688,39.94390780498298,37.72328764207614,34.69731451148503,2.18,81.0,-0.12,2.4
LCII,2018-09-18,75.77849309556292,76.21445965545205,74.62913550681043,74.82730102539062,153000,26.130791473935634,37.950964511503805,38.68054290307447,37.70420087121034,34.701619886722185,2.15,58.0,-0.07,2.78
LCII,2018-09-19,74.74802403552427,77.60160583576831,74.74802403552427,76.41261291503906,160600,26.90274069929891,38.0888506523276,38.8263760604664,37.77108660868712,34.762001686059314,2.13,61.0,-0.06,2.67
LCII,2018-09-20,76.45226292338756,76.88822953045981,72.29078658282144,74.58950805664062,259800,27.436269866007244,38.43015605516938,38.68152952519413,37.854710099461634,34.84337579257249,2.11,57.0,-0.06,2.73
LCII,2018-09-21,74.74802189616427,75.61994880357086,72.76636708499906,72.88526153564453,314000,28.089950651571616,38.72509513649221,38.821212572346184,37.93876978803032,34.911141804079676,2.09,60.0,-0.04,2.69
LCII,2018-09-24,72.52856388781274,72.72672936291605,68.92194982192028,70.66580963134766,205400,29.288022956561544,39.24603283271298,38.976111056235766,38.09076814421,35.03290435360422,2.07,63.0,-0.02,2.69
LCII,2018-09-25,70.66579745708515,70.70542691676025,69.67497025226771,70.15056610107422,142400,29.290038714300998,39.16552261351276,38.82591948016418,38.08985564266376,35.02505839195866,2.05,59.0,-0.05,2.75
LCII,2018-09-26,70.07131470261069,70.07131470261069,68.68415634726077,68.92195129394531,163700,28.763179838118397,39.18904083646153,38.88181502709204,38.12717905766465,35.0461059096665,2.03,62.0,-0.13,2.72
LCII,2018-09-27,68.84269397590815,69.08049499659735,67.61407149576372,67.6933364868164,75100,28.77241482583352,39.2870384857919,38.971775068386,38.162798216558116,34.87564295249249,2.01,62.0,-0.21,2.69
LCII,2018-09-28,67.25736141855118,67.33662639953191,65.31534217063653,65.63240814208984,195000,28.805340862344693,39.560703921219,38.41994656293838,38.22365505904441,35.00322033683953,1.99,50.0,-0.17,2.82
LCII,2018-10-01,66.02081004322919,66.8768863423124,64.92693880386533,65.33119201660156,213600,24.832187082914427,39.14998036998892,38.33117946794983,38.18557314596631,34.96183137929983,1.97,49.0,-0.1,2.85
LCII,2018-10-02,64.88729714218948,66.03665436347396,64.42755183466379,64.45925903320312,163700,24.907059254177767,39.21310667419724,38.25469600898572,38.13673248679692,34.8282022143095,1.96,47.0,-0.01,2.95
LCII,2018-10-03,64.7525560985359,65.05376545994932,63.47636988572188,64.68121337890625,162600,24.52392740013984,39.08859622253707,38.20218581791146,37.89087697701697,34.78466079009702,1.94,46.0,0.03,2.95
LCII,2018-10-04,64.56232407875645,65.63242272613712,64.56232407875645,64.80012512207031,147400,24.416379065707204,39.095962160158926,38.020532360118565,37.862731961760744,34.707557752583284,1.91,44.0,0.08,3.02
LCII,2018-10-05,64.752564696841,65.0696246783121,63.944046020507805,63.94404602050781,211800,24.44352148153424,39.08831360563741,38.07493952202417,37.876640482408206,34.727512746009545,1.88,45.0,0.18,3.0
LCII,2018-10-08,63.62697189757448,64.4671976746767,63.12759704750418,63.6507568359375,166100,24.310124737833867,38.925613435120866,37.86558091276831,37.87742571328739,34.697475067879225,1.86,40.0,0.22,3.17
LCII,2018-10-09,63.38124075644111,63.603185106682744,61.5660443954935,62.24773406982422,176800,23.555290788420102,39.06785800712104,38.00800842649517,37.94435957824531,34.749369146513786,1.84,42.0,0.36,3.12
LCII,2018-10-10,62.22398658580719,62.49348884782158,61.04292152736035,61.62948989868164,190900,23.5845949593545,38.757788028973614,37.68169012916028,37.90717831706279,34.733613497016066,1.82,38.0,0.43,3.37
LCII,2018-10-11,61.114266161976204,63.1751870687581,60.662448862998886,62.19228744506836,347900,23.745240938736348,38.548423846129005,37.64838249837783,37.815556857913975,34.74197835697637,1.81,37.0,0.35,3.4
LCII,2018-10-12,62.86601095195598,63.206855797835004,61.32032272502208,61.85933303833008,189300,23.732749203932734,38.36127830484551,37.64316923026625,36.712807832366565,34.73990782114807,1.79,36.0,0.28,3.4
LCII,2018-10-15,61.70874167639114,62.98492810812297,61.4233828439833,61.92276382446289,152600,23.76742495718602,38.34224804817472,37.46117659820945,36.69297457528289,34.725394211567625,1.77,31.0,0.2,3.47
LCII,2018-10-16,62.295318879880746,62.55689885512481,61.66912106888935,62.39836883544922,203700,23.676435883068354,37.88296781588457,37.277978819530006,36.696772592611254,34.71995423402466,1.76,30.0,0.13,3.53
LCII,2018-10-17,63.27028061337346,63.64283272106838,61.47886279963226,62.4459114074707,155100,23.49195134192662,37.35062172573756,37.27656601783508,36.430883882194045,34.71441546729401,1.75,29.0,0.05,3.53
LCII,2018-10-18,62.01787540678538,62.01787540678538,59.497209914650234,60.155120849609375,155400,25.282492448262694,37.254024548871165,37.667894293655394,36.61298297137076,34.872784701121326,1.73,37.0,0.06,3.4
LCII,2018-10-19,60.04415462096014,60.32158514897634,58.59358151336294,58.997840881347656,161600,24.589655627517647,36.82742262789174,37.37354506383629,36.50874659534463,34.91731359400434,1.72,29.0,0.09,3.65
LCII,2018-10-22,59.338687766843584,59.89354884099301,58.43505341892472,59.02162170410156,122200,24.328583428121835,36.313892459769434,36.72768111544897,36.50954248008095,34.891021102834756,1.72,24.0,0.1,3.92
LCII,2018-10-23,58.18931605736484,60.32157256874292,57.888100649024906,59.73500442504883,336700,24.661950164159364,35.62763896172566,36.18536636656573,36.16474257569495,34.91620453545665,1.74,19.0,0.1,4.12
LCII,2018-10-24,59.69538288901597,60.37707280249367,57.4283687204798,57.491783142089844,175400,26.051170210159253,36.10492849908748,36.646384596775626,36.35250107935818,35.08468310478944,1.74,25.0,0.23,3.89
LCII,2018-10-25,57.824686434688935,59.79049071804493,57.079588319148556,57.25397491455078,369100,25.967145593818476,35.04052292027965,35.8540248142587,36.3430172196687,35.08522082440369,1.76,13.0,0.24,4.43
LCII,2018-10-26,56.675338950090286,56.70704615912282,54.02785049495726,55.4942741394043,175700,23.925122924115474,27.049431742486117,35.0922129534606,36.123035692601604,35.18205342114967,1.78,4.0,0.29,4.93
LCII,2018-10-29,56.06498235787834,57.515549129568434,52.9894501229143,53.734554290771484,212600,24.671605533798814,26.695159939381973,35.17682033327275,36.19570555003433,35.307638823763206,1.81,5.0,0.41,4.98
LCII,2018-10-30,53.671120365754184,55.858868244447244,52.70407217127651,55.1216926574707,251300,26.84125367011132,27.251120509188,35.36794926779564,36.345878913751406,35.29396758767604,1.82,7.0,0.32,4.81
LCII,2018-10-31,55.92230549399401,56.03327768815747,54.04369441131649,54.971107482910156,303400,25.284743582934606,27.232675460422843,35.36196315813452,36.269174333779006,35.2241526112574,1.84,7.0,0.22,4.82
LCII,2018-11-01,57.48383696238388,64.11841908498563,57.48383696238388,61.605682373046875,512500,43.87625149303033,36.476862378604565,39.9051719213391,38.802115056016476,37.08442045663966,1.85,80.0,0.06,6.25
LCII,2018-11-02,61.69289165481233,63.183094200589245,61.19351066980706,62.48555374145508,307400,43.97122464898597,36.65816484124932,39.87054641647793,38.55793508192223,36.72025341476064,1.86,78.0,-0.07,6.19
LCII,2018-11-05,62.120930617174416,63.36540986552322,61.407533521537424,61.645328521728516,205000,43.36961594490531,36.71107811494308,39.91314385700237,38.582354708104084,36.6861420621499,1.86,80.0,-0.2,6.18
LCII,2018-11-06,60.89228292398428,62.21602675879199,60.83679683652318,61.76420974731445,133900,43.40113732399641,36.72250655833768,39.78124874761569,38.51617171600291,36.670571877417814,1.87,74.0,-0.32,6.34
LCII,2018-11-07,61.938598538714,62.065427341753754,60.107551539421316,61.455074310302734,300300,43.21556802365927,36.39685290848014,39.70557974046548,38.514107249487914,36.66053249152794,1.87,69.0,-0.43,6.38
LCII,2018-11-08,60.93192548989558,61.042897677665785,59.26733057828125,59.46549606323242,157700,43.85235520571242,36.771327708832615,40.01604609371739,38.54694114819536,36.793380988753164,1.88,82.0,-0.55,6.2
LCII,2018-11-09,59.23563231723772,59.23563231723772,57.60274452912344,58.054561614990234,170900,43.53290973363464,36.62765572722117,39.09445829824579,38.48189780364858,36.861298768264504,1.89,62.0,-0.65,7.02
LCII,2018-11-12,58.427109354613854,58.53015322702724,57.21433758550885,57.76127624511719,187500,43.53359155236362,35.137469920477095,39.05347626053844,37.952520098871325,36.86240583459071,1.89,61.0,-0.75,7.04
LCII,2018-11-13,58.26067190767169,60.18684130243888,58.19725748003781,58.38750076293945,157900,43.64825239476008,35.24375280882104,39.0196510445724,37.950952160513715,36.879360370299686,1.89,60.0,-0.84,6.98
LCII,2018-11-14,59.124639752235915,59.44963398751516,57.53139391559175,57.90394592285156,111800,43.623578192859334,35.094501668281865,38.997990385402446,37.81589701048398,36.87613542879981,1.89,59.0,-0.93,7.0
LCII,2018-11-15,57.25396938063313,59.06123747188144,56.199727644894914,58.894779205322266,213100,44.00883346052141,35.29285724528439,39.1170523028072,37.88185113630709,36.92151074820254,1.89,62.0,-1.0,6.83
LCII,2018-11-16,58.29236658249187,59.49721021070396,56.92898691929703,59.29112243652344,198400,43.991280620631365,35.30778307084603,39.14070481144192,37.68574265728516,36.84092401025485,1.89,62.0,-1.08,6.77
LCII,2018-11-19,58.847217254878736,59.7270724400886,58.839294990168966,59.56854248046875,120400,44.03516991279434,35.310908892967205,39.15462314591602,37.60735703212897,36.840185695850494,1.89,62.0,-1.14,6.74
LCII,2018-11-20,59.045387890991684,60.40876743404294,55.05037087444527,55.84303283691406,255300,47.2963520391721,37.08960415269509,40.35508164066332,38.3273662241231,37.291293122120564,1.89,89.0,-1.19,6.12
LCII,2018-11-21,56.080827696087965,58.656978791667974,55.56559626746593,56.75458908081055,123900,47.59777119778946,37.33648596348226,40.364050425169395,38.35877053742005,37.23548377601976,1.9,89.0,-1.24,6.11
LCII,2018-11-23,56.131098811948945,58.80895543544512,56.131098811948945,57.49000930786133,53200,47.69209173704127,37.4465536721345,40.409308058919365,38.313903384216516,37.25500400824407,1.9,89.0,-1.3,6.02
LCII,2018-11-26,57.79377755266614,60.14389372139937,57.665876921058405,59.7522087097168,176400,49.15175567758071,38.45021493468964,40.8002296170547,38.61642386734365,37.45895455849421,1.9,96.0,-1.34,5.7
LCII,2018-11-27,59.13669832900751,59.83213812974124,58.840932719212155,58.952842712402344,263400,49.275229131882,38.498946049538155,40.59776752735324,38.634355007275204,37.472372501578754,1.9,91.0,-1.38,5.94
LCII,2018-11-28,58.792973155080084,61.15108442889635,57.777781802265466,60.991214752197266,284000,50.28773677199629,39.10686934875592,41.00189993736144,38.866155392182364,37.389359263845144,1.9,98.0,-1.4,5.55
LCII,2018-11-29,60.75139624718597,61.438846745242415,59.96003108263689,60.983211517333984,179000,50.28605443579093,39.0623302632499,40.91937483148073,38.83891821395044,37.35581030710187,1.9,96.0,-1.43,5.58
LCII,2018-11-30,60.49561208778723,62.997608637933425,60.479627558755446,61.854522705078125,323300,49.235917622506506,39.2187226737157,40.997550510369585,38.79419247956892,37.38293911962339,1.9,97.0,-1.45,5.48
LCII,2018-12-03,63.005593229421386,64.48440890801594,61.41486757073664,64.2845687866211,247000,50.01332206280262,39.92460008235242,41.45296251296302,39.03135431102773,37.597844081517074,1.9,100.0,-1.45,5.12
LCII,2018-12-04,63.81295002183765,63.94883984283088,57.42605525151656,57.72182083129883,361900,59.404206280689976,45.33924095307271,44.67412506888716,40.9885313159134,39.049975546418494,1.97,100.0,-1.47,5.19
LCII,2018-12-06,55.95524049493068,57.426061032022986,54.06075372837862,57.37810134887695,245100,59.297208359739486,45.28692397790831,44.64091669954791,40.97591971244364,39.050089679568714,2.03,99.0,-1.48,5.21
LCII,2018-12-07,56.85850257892149,58.76897343098407,56.05115297272045,56.61869812011719,326400,58.38056909180611,45.226836996472095,44.503618928863645,40.75298481162812,39.06188807896721,2.09,98.0,-1.49,5.34
LCII,2018-12-10,56.3069512922252,56.46682094062042,53.12549406061641,54.348514556884766,256400,59.54105926792115,45.83450775596645,44.761978864805236,40.919325450312584,39.25170485047115,2.14,100.0,-1.48,5.23
LCII,2018-12-11,55.14787194587147,55.48360794674955,51.97441020179936,53.45323181152344,237200,59.061148901661866,45.25874991039931,44.714036560380436,40.942742948706815,39.265958958982964,2.19,99.0,-1.46,5.3
LCII,2018-12-12,53.996814850870706,54.61231987371418,52.26219758921799,52.65388870239258,177300,58.485793743082816,45.2974010512933,44.734612760072004,40.9680584392109,39.236672156100276,2.21,99.0,-1.43,5.28
LCII,2018-12-13,52.965634793510276,54.172664902335875,51.34293375956752,51.5347785949707,199700,58.243691221886806,45.40901584415654,44.565175070269376,41.02201720041175,39.28241339082651,2.23,95.0,-1.39,5.39
LCII,2018-12-14,50.831332159858995,52.54995533233532,49.81614400202203,49.968021392822266,170500,58.83233900731967,45.32638715914114,44.523592684267605,41.017047118709534,39.272674338684155,2.24,94.0,-1.34,5.41
LCII,2018-12-17,49.832142491938576,51.70264651422766,49.12870427390777,49.34453201293945,279600,47.22726099494296,45.20202969341453,44.170882263875264,40.6266682277255,39.254593777554994,2.25,92.0,-1.29,5.63
LCII,2018-12-18,49.84812640022552,50.78337681784557,48.28937265487346,49.32854080200195,328400,46.83683789249774,45.09374712537169,43.86392428687376,40.62705993613221,39.10605582341522,2.26,91.0,-1.26,5.88
LCII,2018-12-19,49.648288477647924,53.44525141358973,49.648288477647924,51.17506408691406,285700,48.54557122566384,45.657815764556695,44.078928759059885,40.788679740556574,39.255108456208795,2.26,91.0,-1.27,5.67
LCII,2018-12-20,51.85451855277423,54.236609460717105,51.85451855277423,53.37329864501953,362000,50.484372275755376,46.67817393853232,44.26222137217998,41.016946466301334,39.47174992464277,2.28,92.0,-1.29,5.56
LCII,2018-12-21,53.709034868689976,53.709034868689976,48.936851625974874,49.12869644165039,1083500,55.315422983473596,49.29930137578678,45.92811991737451,41.998395100900474,40.281143227659335,2.33,100.0,-1.26,5.04
LCII,2018-12-24,48.4652332119362,50.49560678410672,47.88170034972591,48.433258056640625,82300,54.83179000227124,49.26531988415435,45.47030792757833,42.02093677107513,40.29593442865078,2.37,99.0,-1.25,5.3
LCII,2018-12-26,48.633094967510765,51.05515640760625,47.70583687086378,50.87929916381836,199000,56.911516150223804,50.23514176354219,42.7528721025775,42.35423714131647,40.62444426049541,2.39,86.0,-1.24,4.89
LCII,2018-12-27,49.88808434256802,51.45483310373665,48.80095366926173,51.43084716796875,226800,57.08044532862859,50.32930100323758,42.514975723554755,42.373605961042074,40.639488458716635,2.4,85.0,-1.24,5.06
LCII,2018-12-28,51.51079515734795,53.46922604120434,50.71143156790248,52.190250396728516,180300,57.177829200504526,50.433233193257266,42.512162078334285,42.41333633544648,40.67386925358244,2.41,84.0,-1.23,5.05
LCII,2018-12-31,52.398077319445605,53.437242193353114,51.095115947906926,53.39727783203125,186700,57.672980368870064,50.70409917742991,42.720445485508975,42.506703677702866,40.71763243449645,2.43,85.0,-1.23,4.91
LCII,2019-01-02,52.605918085226634,54.63629470056786,51.718627349032396,53.549163818359375,250400,57.39903669042362,50.70877051908123,42.64817688087593,42.491065524794294,40.70875268837476,2.44,84.0,-1.22,4.96
LCII,2019-01-03,53.1255131642265,54.04477921965192,52.00640692712765,52.126312255859375,146600,57.72297735781056,50.901554140512204,42.80211248420549,42.581851420694015,40.75986834862109,2.46,86.0,-1.22,4.85
LCII,2019-01-04,52.92565981002438,57.785773282374365,52.92565981002438,57.19424819946289,267900,64.19792739741796,54.58334898562498,45.473770081558904,44.034185531116194,41.85706445086919,2.52,99.0,-1.19,4.44
LCII,2019-01-07,57.33812587646558,59.00878623468431,56.50679030396582,58.30535125732422,267300,61.56704654591532,54.58049827028834,45.60542520850387,44.01082171406944,41.9117261767925,2.57,99.0,-1.16,4.35
LCII,2019-01-08,59.71221910448429,60.30375018817297,57.76178388653376,58.832923889160156,180800,61.45255356222705,54.58711475732565,45.5014938149706,44.027475969187435,41.92436424143794,2.63,98.0,-1.14,4.41
LCII,2019-01-09,59.25657695586652,62.350103518241774,58.433236821086744,61.055137634277344,388500,62.247270372050934,55.101981767263155,45.875439191717895,44.2560211797491,42.103297395829976,2.69,99.0,-1.1,4.19
LCII,2019-01-10,60.42365198702867,62.10231376923408,60.07193754483908,61.678653717041016,247900,61.33370843733902,55.13296101608118,45.77669544081997,44.25623577207507,42.1153489664489,2.75,98.0,-1.09,4.25
LCII,2019-01-11,61.59871640117517,62.02237647816976,59.58433068269483,60.983211517333984,201800,61.29298325872674,55.180885168425164,45.028702743918274,44.25897698544787,42.118400615801534,2.78,93.0,-1.03,4.61
LCII,2019-01-14,60.335707567020975,61.558727636177814,59.44841730142993,61.03114700317383,204900,60.49626590486136,55.15680393468435,45.0091966496573,43.605118222995586,42.06176431839338,2.82,92.0,-0.98,4.61
LCII,2019-01-15,61.12709345837597,61.12709345837597,58.617102179621824,60.687442779541016,141000,60.51860048094474,55.16682991546502,44.95604234051896,43.60807088236315,42.03680506350466,2.86,91.0,-0.92,4.66
LCII,2019-01-16,60.89528943452905,63.1894565024062,60.89528943452905,62.7578010559082,167300,61.17401427663196,55.05530813210082,45.26386326722696,43.64839186685873,42.13726037547264,2.9,93.0,-0.85,4.45
LCII,2019-01-17,62.18225420985233,64.0447656440069,62.18225420985233,63.58913040161133,326000,60.23737988773467,54.951297201596304,45.289787192132344,43.66144002687589,42.00639467742368,2.94,93.0,-0.79,4.43
LCII,2019-01-18,64.15667757517194,67.23421438298111,63.64508732601786,66.76258850097656,345800,52.59283967183759,55.804346469461954,45.97287873644695,43.98224370999452,42.28605937413333,2.99,100.0,-0.75,4.07
LCII,2019-01-22,66.15509977479607,67.19426512826784,65.7234442223181,66.45885467529297,404500,52.56916594558491,55.781363157619126,45.8372128620999,43.903953748134576,42.283007228336636,3.03,97.0,-0.7,4.16
LCII,2019-01-23,66.84253349839719,66.91447302282435,64.60432144822614,65.69944763183594,366700,52.51667272753482,55.227240402331056,45.8607896417894,43.903842731943804,42.294374206906554,3.08,97.0,-0.65,4.15
LCII,2019-01-24,66.0031920336489,67.00239259495437,65.23580673440264,66.25099182128906,205000,50.68583074995633,55.22510428769228,45.87233612195541,43.91337525142029,42.30343533706934,3.12,97.0,-0.6,4.14
LCII,2019-01-25,66.74659256467926,68.2733738369171,66.68264226980699,67.03436279296875,195500,50.221652191158185,54.807358834980704,45.90217108094665,43.51513245916331,42.29812508039599,3.16,98.0,-0.56,4.11
LCII,2019-01-28,66.44283094701623,67.28215561061043,65.40366010793561,66.97040557861328,166800,49.83453310013486,54.31784704403705,45.90212350723276,43.467141541136805,42.217053652988675,3.2,97.0,-0.51,4.11
LCII,2019-01-29,66.34693721390354,66.57075723113222,64.54038034841234,65.11592102050781,133000,50.20924551388111,54.5079448471451,46.00420022809579,43.531208242163764,41.58540990144271,3.23,100.0,-0.45,4.06
LCII,2019-01-30,65.59552168452605,65.59552168452605,63.62110024346094,65.51558685302734,128900,48.86002324480182,54.49990137360653,46.00238134570715,43.50786097030822,41.576218430366055,3.27,99.0,-0.39,4.06
LCII,2019-01-31,65.33974345913592,66.07515995553257,64.38850835066265,65.89929962158203,170100,48.442900552620834,49.35406603383654,46.013065132573914,43.42228219217359,41.574925205235324,3.31,100.0,-0.32,4.05
LCII,2019-02-01,65.75539472265932,65.85131407703021,64.07673893616747,64.77217864990234,145900,48.99088956887085,49.419204206297564,45.99610709742345,43.46907562600281,41.431829269143975,3.34,97.0,-0.25,4.07
LCII,2019-02-04,64.50040029220635,64.50040029220635,62.86170883802476,63.57313919067383,254100,48.90458050155082,49.493296328177614,46.05918134001829,43.422624218005446,41.42741123277013,3.37,100.0,-0.17,4.05
LCII,2019-02-05,63.14147852049328,66.09911576423009,63.14147852049328,64.11669921875,313400,47.78225145105645,49.51973470101648,46.06970677655094,43.43166863889535,41.329509533164064,3.4,100.0,-0.11,4.04
LCII,2019-02-06,63.9088669080165,64.78017298848495,62.23820645904908,62.34212112426758,432200,41.084830480335896,49.856044210018055,46.18191333525499,43.39157105445349,41.41834226330078,3.43,100.0,-0.01,3.98
LCII,2019-02-07,59.07271176088442,62.997566624196956,55.28374664894716,61.64665222167969,746900,40.951416785441054,49.43645070864226,46.20628027895056,43.377904971272145,41.19843770665639,3.46,100.0,0.09,3.97
LCII,2019-02-08,60.92725408251315,61.75059436493043,59.904073688882505,61.54275894165039,311200,39.11541744290407,49.172712879792236,45.899542963563064,43.371910516175895,41.16046355678137,3.49,88.0,0.12,4.16
LCII,2019-02-11,61.486799402428915,63.900871182402675,60.903269736122375,63.6690559387207,209100,39.913098869421646,49.616637702027674,46.252647076066125,43.473650318733156,41.303291322519,3.52,100.0,0.11,3.95
LCII,2019-02-12,64.10071897154977,66.21103015509873,63.637088428545525,65.19583892822266,202600,40.14682935454061,49.78875245758576,46.422340244693984,43.46264505313847,41.15316571274772,3.54,100.0,0.07,3.84
LCII,2019-02-13,65.39568155103596,66.91446774393211,64.13269657673318,64.63629150390625,163500,40.13113291925562,49.791433286613895,46.29728736326064,43.47317145639524,41.10725336885617,3.56,99.0,-0.19,3.92
LCII,2019-02-14,64.11669250836509,65.46761344229895,63.5491473955368,64.51637268066406,186100,40.190055483811385,49.6964174893289,46.156866916462,43.451360973426354,41.101620567381275,3.58,95.0,-0.38,3.99
LCII,2019-02-15,65.42766617177912,66.61072258443355,65.3797064856707,66.32295227050781,181500,39.38274342154868,49.973627912352356,46.25325665010965,43.4011696612182,41.16241168217184,3.59,98.0,-0.51,3.92
LCII,2019-02-19,66.12308819908914,67.897669126947,65.97120778315893,67.25018310546875,166300,30.195030551505063,50.03133853290483,46.06048807880578,43.106129241081604,41.18484235545055,3.6,92.0,-0.55,4.01
LCII,2019-02-20,67.25020505922164,68.17746628224675,66.85852007297564,66.93046569824219,172300,30.03996726563743,48.094481551980934,46.05264581719608,42.80961273736564,40.98110202008067,3.61,90.0,-0.59,4.02
LCII,2019-02-21,66.72263324467963,67.33014903549407,65.82734713709189,66.2989730834961,95600,30.28107789041483,48.08190906919992,45.993104635546715,42.81100297648577,40.98960149242254,3.62,85.0,-0.6,4.05
LCII,2019-02-22,66.73861548858956,67.24221657501626,66.37091034055713,66.86651611328125,175200,28.656735318274702,48.050420084622154,45.92738351579862,42.47240471996305,40.95050723006201,3.63,82.0,-0.6,4.08
LCII,2019-02-25,67.6259048551049,68.8489255849316,66.72262958176611,66.9544448852539,192100,28.580071412599654,47.458657950936924,45.6615035982762,42.01255720100859,40.949481237843,3.63,73.0,-0.61,4.22
LCII,2019-02-26,66.57073671591408,67.29815764637476,65.23580623980372,65.44364166259766,157600,29.257298275148923,47.6264457062947,45.80168029580926,42.009300480328086,40.91906640393789,3.62,74.0,-0.61,4.14
LCII,2019-02-27,65.21980766043968,65.81932791955035,64.78016312960646,65.4756088256836,84900,29.258809517107153,47.14997518312702,45.75088072374408,41.97419625555003,40.82592750609386,3.62,72.0,-0.61,4.17
LCII,2019-02-28,65.55557242479016,65.61951664554246,64.38051122520314,65.13191223144531,93000,29.249895996281705,47.167808450327946,45.75584586784905,41.97709512720214,40.456545423768816,3.61,72.0,-0.62,4.17
LCII,2019-03-01,65.71542485555828,66.87450122002814,65.38769022742302,66.58673095703125,149100,28.363425248386896,47.289154937468375,45.88853147634962,42.039279494078215,40.497267683136364,3.6,78.0,-0.63,4.09
LCII,2019-03-04,66.85050743733942,67.41805258424667,65.5075817338318,66.12309265136719,171000,28.273914528299354,46.67150439395348,45.851940785278764,41.979205782264,40.39897543395018,3.59,74.0,-0.64,4.11
LCII,2019-03-05,66.08312941790253,66.59471963721143,65.2198186358301,65.2757797241211,89600,24.712892260360377,40.98596370071821,45.893577724953495,42.00166957257406,40.416135192156865,3.57,78.0,-0.65,4.08
LCII,2019-03-06,64.62830739795689,65.64349883971796,63.49321673748509,63.557167053222656,363600,25.816225678430026,41.37695748091672,45.95374746229993,42.050297104026214,40.36513277004566,3.55,83.0,-0.66,4.05
LCII,2019-03-07,63.226931850392376,63.87933516805086,61.55161804121038,62.912811279296875,190600,25.775090085197622,41.33330833910476,45.95493507385379,42.01897751866284,40.321763091364886,3.53,83.0,-0.66,4.05
LCII,2019-03-08,62.46175927659904,63.87127667740552,62.099308257958164,63.39606475830078,239600,25.7524958866565,40.378808235810695,45.948422813903164,42.03056435012373,40.33093175575036,3.51,81.0,-0.67,4.06
LCII,2019-03-11,63.59743076283192,66.0781831117566,63.59743076283192,64.8861312866211,269800,26.46945009356853,40.39619073380841,46.08443717440352,41.59475001690445,40.37943217984591,3.48,93.0,-0.68,3.97
LCII,2019-03-12,65.11164307789747,65.5868549714241,63.83905496330073,64.17733764648438,132100,26.62428032080446,40.32580093111621,46.120221833487044,41.582379953003844,40.338572979096135,3.45,93.0,-0.69,3.95
LCII,2019-03-13,64.51562115928992,65.12775612602326,63.766563125460756,63.97597885131836,159700,25.407448040645825,40.01839516576973,46.108599282171305,41.526446024950744,40.3372858182103,3.41,92.0,-0.7,3.96
LCII,2019-03-14,63.895445882437386,64.41092609701197,63.24303643507823,63.363853454589844,311200,25.455649095356254,39.469487638853515,46.135078233026455,41.51670110117622,40.340842095405606,3.37,93.0,-0.71,3.95
LCII,2019-03-15,63.9357020934173,65.07942936521022,63.4282780809723,64.0645751953125,396400,25.621439780150475,39.3435246711824,45.77131943493026,41.53980616641672,40.357800616011026,3.34,62.0,-0.71,4.13
LCII,2019-03-18,64.12902488349391,64.66866728196186,63.275255771057516,64.48341369628906,209400,25.2296979789185,39.33378092276681,45.66712401995572,41.546808364886175,40.343634447608814,3.29,59.0,-0.71,4.19
LCII,2019-03-19,64.97471297349361,65.51435521606336,63.7182310606429,63.95180892944336,155900,24.74085126638802,38.83453462706169,45.690263749247926,41.556655367691455,40.291181107421146,3.23,59.0,-0.71,4.17
LCII,2019-03-20,63.8793372517367,64.12097130431158,60.9072728171172,62.018775939941406,267700,26.164237427914056,38.62799452368007,45.925865469704526,41.67740705226608,40.35902936514441,3.15,74.0,-0.7,4.05
LCII,2019-03-21,61.78518931991384,63.20276286297576,61.78518931991384,62.17180252075195,161200,24.896246752168047,34.28786044727112,45.50655465656311,41.63485760482676,40.35248053069928,3.08,54.0,-0.67,4.27
LCII,2019-03-22,62.30066079957281,62.39731562255029,59.360809326171875,59.360809326171875,177200,28.120984895940072,35.61473684646613,46.10992765366622,41.962185168947414,40.590107284518176,2.98,91.0,-0.65,3.98
LCII,2019-03-25,59.183631808144064,60.61731155174891,59.0708647492567,59.44137191772461,263000,28.130795627334592,34.30816346973739,45.83118014053345,41.901730319848674,40.40774043940024,2.86,62.0,-0.59,4.13
LCII,2019-03-26,59.7152278993499,60.552884929259704,59.22390977464308,60.15016555786133,185100,26.408907224625928,34.31979167408787,45.558823356868935,41.808831477167224,40.35552079280424,2.72,52.0,-0.51,4.27
LCII,2019-03-27,60.11792946308026,61.03612886628583,59.84408332125072,60.47232437133789,228800,25.378963828390606,34.23310875300617,45.3965975826676,41.813047946616535,40.35365657899078,2.58,47.0,-0.43,4.37
LCII,2019-03-28,61.06834314679374,62.78392483628214,61.06834314679374,62.300662994384766,221700,26.966515810179185,34.43815632325946,45.62281580041685,41.92232349723179,40.46786000175786,2.43,53.0,-0.34,4.23
LCII,2019-03-29,62.888652814946816,63.55716838570604,61.616058241816845,61.87379837036133,156800,27.015883666517816,34.492418275483935,41.90622029841675,41.92835803073192,40.46786956805346,2.41,22.0,-0.34,3.66
LCII,2019-04-01,62.58256165834718,63.95986673955674,62.2442790027903,62.518131256103516,264000,25.843077427509797,33.98048232051457,41.87778445212128,41.9307459968872,40.39150665278692,2.38,21.0,-0.34,3.68
LCII,2019-04-02,62.47788148751993,62.47788148751993,60.88311011242551,61.076419830322266,154600,26.10874000735815,28.821517009656862,41.98710916019049,41.97196442701028,40.139243125944866,2.35,22.0,-0.35,3.61
LCII,2019-04-03,61.954333224471426,64.88612912269595,61.954333224471426,64.20150756835938,184200,30.297068685995193,30.293374816133234,42.72993832763291,42.37525772919736,40.4585793970263,2.31,26.0,-0.35,3.31
LCII,2019-04-04,64.14513698146504,66.33593120834738,63.97599559343495,65.9493179321289,89100,31.268724437734917,30.697917618656,42.92649794904424,42.41777242193366,40.48845239338654,2.27,28.0,-0.37,3.23
LCII,2019-04-05,66.04593459168329,67.00440804789135,65.85263113787029,66.9560775756836,158200,31.48715271386657,29.944547481406808,42.64554760892443,42.39007019632579,40.44956071258934,2.23,22.0,-0.38,3.41
LCII,2019-04-08,66.52117784345052,68.76835250520841,66.19095117900375,68.4864501953125,160500,32.15887180712579,30.204904255594805,42.586345349476545,42.44030823116111,40.419989739951276,2.18,21.0,-0.37,3.48
LCII,2019-04-09,67.96290772029828,68.63142324160405,67.3266104808034,68.035400390625,290200,31.461665266100567,30.132839888929265,42.593244633591034,42.42774651842939,40.42347353386519,2.12,21.0,-0.35,3.47
LCII,2019-04-10,68.22870099395833,70.20202919096035,67.65684034274804,69.92817687988281,176300,32.35859814970478,30.585362302532314,42.76602131417473,42.37243155474087,40.42258264798531,2.05,26.0,-0.33,3.39
LCII,2019-04-11,69.86371291864165,70.78191204300539,69.49321205661825,70.64498901367188,94000,32.35930402572029,30.582604130221313,42.75549426209738,42.20687106553947,40.426111659648605,1.98,25.0,-0.31,3.41
LCII,2019-04-12,71.28132171887104,72.81165640850405,70.79805974977887,72.52169799804688,215600,32.59541153521762,30.300790340846355,42.86308297513609,42.05635988935579,40.504273339662966,1.92,27.0,-0.27,3.36
LCII,2019-04-15,72.36865825637928,72.90830065308748,71.6437622746024,72.77137756347656,188100,32.46188685077718,30.218870027050283,42.85724275355241,41.91683065913082,40.49606573227163,1.85,26.0,-0.25,3.36
LCII,2019-04-16,72.98884360604343,73.48016161309592,72.10285628512356,73.38350677490234,203500,32.12942221167586,28.66116485730712,42.86705439195811,41.74576358777399,40.49481505643101,1.77,27.0,-0.23,3.36
LCII,2019-04-17,73.83454246814931,74.97021365119433,73.23046362057417,74.92993927001953,211900,31.135903076634335,28.901015813380504,41.611959334055356,41.6217438375226,40.543104980993036,1.75,9.0,-0.13,3.81
LCII,2019-04-18,74.68830525197512,75.4856875443429,73.6976133199367,75.0185317993164,145000,30.811103406191364,28.764698825798618,41.55847127813533,41.5743565059073,40.543245470145926,1.72,8.0,-0.07,3.83
LCII,2019-04-22,74.77691496700064,74.80108328625623,72.82775507430829,73.02106475830078,127400,32.23915142179309,29.348189070223423,41.79334165110909,41.34318570463806,40.55413455285482,1.69,9.0,-0.07,3.66
LCII,2019-04-23,73.23048518353615,74.06008606195019,72.41699652033944,73.83456420898438,188800,31.82218913205282,29.338546324082433,41.413144869147025,39.37702790771608,40.56871572223049,1.68,5.0,-0.1,3.85
LCII,2019-04-24,73.7540070983445,74.39030428438453,72.4733627652447,73.89093017578125,133500,31.512338619870743,29.334243947606666,41.33837551776522,39.23631172043962,40.56438901848498,1.66,4.0,-0.12,3.91
LCII,2019-04-25,73.3512947314244,73.3512947314244,69.75903923078417,70.18592071533203,192700,35.42320841711729,30.703864495569654,41.89004335419407,39.6084634233977,40.87302206325064,1.64,10.0,-0.16,3.63
LCII,2019-04-26,70.43558079713294,72.7713532261331,70.07313599996347,72.68275451660156,133600,36.37693120731668,31.45869522061394,42.22626971495557,39.83050037653427,41.013857708354266,1.62,12.0,-0.2,3.47
LCII,2019-04-29,72.64249698734152,73.56069634410402,71.86927679980508,72.36864471435547,111100,36.41297127996547,31.470998745819784,42.18980416406997,39.80080205695954,40.52889314704546,1.6,11.0,-0.25,3.48
LCII,2019-04-30,72.10285523704137,72.10285523704137,70.34699897793627,70.75777435302734,165800,37.20621509868887,31.623358969253324,41.94056496170068,39.87766395560615,40.589612447253394,1.59,9.0,-0.29,3.56
LCII,2019-05-01,71.20881594265425,71.78872646182278,70.50808228260675,70.66111755371094,315900,37.07632466839369,31.349827622589192,38.155204502544606,39.872292702149096,40.46499337704464,1.72,1.0,-0.28,2.27
LCII,2019-05-02,70.47588425826889,71.9417824050405,69.9120796422065,71.0960693359375,150200,35.64901003322408,31.33173942011603,38.13903515145647,39.87206609230542,40.45725146624613,1.83,1.0,-0.27,2.28
LCII,2019-05-03,71.77263412695716,73.41572960811455,71.61154886498458,73.15798950195312,195300,36.31389649282624,31.18205575000892,38.286439385729906,39.94823008350023,40.50657722608253,1.94,3.0,-0.24,2.2
LCII,2019-05-06,71.5551611471478,72.57807159423828,70.99941270050883,72.57807159423828,321500,33.13342230672007,31.12716552748278,37.68633530227206,39.9049800576174,40.44849433055246,2.05,1.0,-0.19,2.42
LCII,2019-05-07,71.68402367490374,78.74771633771721,70.50002814336419,75.45347595214844,483400,34.36714651234565,31.97912067369274,37.98305825776262,40.10005501411163,40.6194412281769,2.15,2.0,-0.12,2.29
LCII,2019-05-08,74.97827681385185,76.04146167200078,72.82775721261544,75.26018524169922,331100,34.478750781422676,31.35787909820083,37.879650117484545,39.57480524936869,40.616758496007115,2.25,2.0,-0.04,2.34
LCII,2019-05-09,74.45475593087758,74.64000339200697,71.53100949600474,72.80360412597656,280500,36.43793834357545,31.900031354785792,38.12146631648815,39.75017028584328,40.42246793292962,2.33,4.0,0.04,2.25
LCII,2019-05-10,72.28810157217987,73.35128009044949,71.21686694873176,73.32711791992188,263000,35.74808277231642,31.84295262155462,37.725733796275364,39.732585603159805,40.38984906324393,2.42,2.0,0.1,2.43
LCII,2019-05-13,71.73235309685633,72.27200157901393,70.37921612855122,70.62890625,208200,37.711335643466136,32.853574765879685,38.20610698466364,39.94315926173751,40.52081486211981,2.49,8.0,0.16,2.25
LCII,2019-05-14,70.99941322298189,72.68277693324627,70.39533427805296,72.58612823486328,139000,38.26089647768052,32.844030273567824,38.38591504956132,40.04890811413085,40.587916369204976,2.56,10.0,0.19,2.16
LCII,2019-05-15,71.61154644981745,73.8828829790773,70.71750914250158,73.50432586669922,136800,37.35691517132675,32.823984039777415,38.049040951338505,40.07327169718664,40.53384128745855,2.63,5.0,0.25,2.31
LCII,2019-05-16,73.6654252294249,74.02787634355818,71.58739183909212,71.86124420166016,160700,35.86282215805168,33.170853515801255,37.76994054363673,40.08146023008251,40.598208169981866,2.7,3.0,0.35,2.41
LCII,2019-05-17,71.14438284092957,71.65986297962806,69.83151417783138,69.87984466552734,187300,36.310761275662706,33.637543424997794,35.53294525213524,40.21059924833946,40.62185954780319,2.82,1.0,0.33,1.68
LCII,2019-05-20,69.1227406397854,70.7013995637191,68.83278225120485,69.55767822265625,180300,36.13695800104422,33.61777029328808,35.44302632253721,40.207109522363524,40.62203032788487,2.93,1.0,0.14,1.72
LCII,2019-05-21,69.79127983774228,72.88416217212504,69.79127983774228,72.23981475830078,195100,37.17330592978903,34.47058452328479,35.11309653164851,40.44807816042624,40.67988944536779,3.06,1.0,0.04,1.78
LCII,2019-05-22,71.80485098325089,72.18340810088299,69.7348740684408,70.52420043945312,140800,37.851920311147715,34.50764573730184,35.363544814536354,40.546989324909596,40.729871688395015,3.16,2.0,-0.06,1.7
LCII,2019-05-23,70.21008029759496,71.6920904961108,69.06635897651769,70.50809478759766,157700,37.02542672795951,34.50863060527052,35.31924497236655,40.478072703324806,40.7239684122567,3.27,2.0,-0.19,1.74
LCII,2019-05-24,71.58736784980262,72.81163774571273,71.09604989940561,71.8209457397461,94300,37.293802420026076,34.65976715081963,35.26297038785085,40.53014406163562,40.6907117797124,3.37,2.0,-0.29,1.77
LCII,2019-05-28,72.2478525108096,72.79555109974035,69.6382327141442,69.823486328125,192200,37.37446610149684,34.9232848953635,35.60845418951367,40.664414098698835,40.706128748548856,3.46,7.0,-0.44,1.65
LCII,2019-05-29,69.24356191385667,71.25715854438636,69.24356191385667,70.38728332519531,132600,37.4485586303042,34.91613603381578,35.30030561506637,40.62589857907888,40.71361106334489,3.55,3.0,-0.97,1.75
LCII,2019-05-30,70.53224212267816,71.65180103375182,69.64626109057052,70.0650863647461,100300,37.35154545067122,34.81584160819026,32.24887310596129,40.61998861711285,40.7006484142449,3.71,1.0,-1.03,-0.1
LCII,2019-05-31,68.71999494474449,69.14687625703088,66.4486592032342,66.74667358398438,163600,39.1072968037761,35.83505371170865,33.110796281533474,41.010096889664496,40.85644167977817,3.84,2.0,-1.04,-0.06
LCII,2019-06-03,66.66613211793889,69.3885177796004,66.66613211793889,68.24479675292969,180100,39.81046369470763,36.024374723986554,33.25430271003691,41.041352650327504,40.668681619128414,3.95,3.0,-1.05,-0.1
LCII,2019-06-04,69.66237178996107,71.42628401174727,69.66237178996107,71.36990356445312,190300,41.47555069840435,37.089122350808715,33.48571746063273,41.387859006254416,40.686618708247394,4.05,4.0,-1.07,-0.08
LCII,2019-06-05,71.41823544691835,71.41823544691835,69.01803198582553,70.80610656738281,119900,41.36974201482496,36.87549079984498,33.49060973509593,41.22687852292625,40.68423454949179,4.14,5.0,-1.07,-0.08
LCII,2019-06-06,70.40039026671208,70.53833329510879,69.06151580264569,70.13261413574219,126800,41.431024127788405,36.85609268635409,33.47457348455549,41.23876521887179,40.43578048743118,4.23,4.0,-1.06,-0.08
LCII,2019-06-07,70.3598067883639,71.94211502002797,70.1731794659944,71.19558715820312,111500,38.90424274196007,36.94701707469809,33.54437473713981,41.27399574095886,40.123388428473696,4.32,7.0,-1.06,-0.1
LCII,2019-06-10,71.73113157005321,74.88762538464451,71.70678941680048,74.71722412109375,190600,40.10350124395403,38.0722182628094,34.333318791957076,41.59717072772964,40.35251432468691,4.39,8.0,-1.07,-0.13
LCII,2019-06-11,75.34204284971587,75.86947896840142,73.20796240794958,73.47573852539062,173400,40.40539906382877,38.23980576126376,34.08752966952139,41.54623117671654,40.36365827876072,4.45,8.0,-1.08,-0.09
LCII,2019-06-12,73.68668687640195,73.68668687640195,71.02517107965191,71.25237274169922,127600,40.87950758831181,38.82107788068365,34.41826766630678,41.61535679968896,40.47983785248094,4.51,10.0,-1.08,-0.16
LCII,2019-06-13,71.6418977320664,73.98695423418401,71.6418977320664,73.40271759033203,93100,41.7580583411364,39.18517089112937,33.878549239997284,41.60225296580079,40.57022407394557,4.57,8.0,-1.12,-0.19
LCII,2019-06-14,73.1673699732253,74.78213620505197,72.00701327459717,72.87525177001953,135500,41.80203499354373,38.63240462846441,33.892137487187554,41.601984477821084,40.52443821027539,4.62,9.0,-1.15,-0.2
LCII,2019-06-17,72.98886905362403,72.98886905362403,71.65811080170378,71.97457122802734,174500,41.119630881828755,38.75658878042693,33.901266122633416,41.574919200251976,40.540635391849605,4.67,10.0,-1.16,-0.2
LCII,2019-06-18,72.32349315293821,74.5711807015346,72.10440753678354,73.92202758789062,132500,41.79777215149334,37.71055635291956,34.12804104238989,41.635258666775684,40.58404248156794,4.71,12.0,-1.18,-0.25
LCII,2019-06-19,73.36213569301698,74.7415782518378,72.28292132680093,73.41082000732422,162500,40.23498201218182,37.77044372064357,34.1084370379781,41.476978978408056,40.55249634302192,4.75,12.0,-1.21,-0.25
LCII,2019-06-20,74.14923378941207,75.4556500210408,73.24042680447609,74.11677551269531,131200,40.3453129216611,37.751815834948744,34.13471443132614,41.485749612667696,40.56320935567963,4.79,14.0,-1.23,-0.25
LCII,2019-06-21,73.62179568729323,74.09242517075589,72.80224131535341,73.41082000732422,252600,39.24899770471607,37.84399278325258,33.85844791921414,41.46972263210474,40.19186528576451,4.82,8.0,-1.24,-0.2
LCII,2019-06-24,73.1836051902914,73.1836051902914,71.74735626741256,71.82849884033203,110900,39.70197007145599,37.774279957859434,34.044569257938804,41.553812494862754,40.226002312484844,4.85,12.0,-1.23,-0.25
LCII,2019-06-25,71.86096320068805,72.89960307999836,70.18128641663236,70.367919921875,207300,38.62611540411871,38.020260017956794,34.204767810265636,41.62861145736477,40.23294824457102,4.88,17.0,-1.22,-0.29
LCII,2019-06-26,70.72495856930725,72.1449754611846,70.61135152243729,71.95022583007812,163000,38.338432667709185,38.20734054252385,34.25290431646591,41.67560277933041,40.276245514386275,4.9,18.0,-1.21,-0.3
LCII,2019-06-27,72.45330545837922,73.21605921938837,71.90152732737323,73.12680053710938,117100,38.45925571717135,37.93103129951583,34.18908823669881,41.711440559980446,40.30866997498663,4.91,17.0,-1.18,-0.28
LCII,2019-06-28,73.49197673957161,75.03371096078772,72.81037144495316,73.02945709228516,292100,37.87057817336697,36.65717473953064,34.17266354487142,41.62193943482127,40.30704943550997,4.93,17.0,-1.16,-0.27
LCII,2019-07-01,74.48194208317084,74.91200350587492,72.38842922732138,73.04569244384766,151200,36.896072232007825,36.29486191653438,33.84732127919222,41.601932247544504,40.30688949973675,4.94,8.0,-1.12,-0.2
LCII,2019-07-02,73.0050954636102,73.33778190466764,71.09821694171605,71.60942077636719,123000,37.37608735994866,36.44967201386299,33.95811963564695,41.663092815294334,40.33052840885213,4.95,13.0,-1.06,-0.23
LCII,2019-07-03,72.03947780899604,72.08005219272006,71.04141235351562,71.04141235351562,253400,35.77329469251393,36.21784566000528,33.98771073057752,41.66961952070797,40.30878355733327,4.96,14.0,-1.01,-0.24
LCII,2019-07-05,70.88724266590722,72.64806209942235,70.18940530861677,72.63994598388672,157700,35.64877372230691,36.45433381070079,33.752362255557955,41.747077348526986,40.353784181263826,4.97,8.0,-0.95,-0.21
LCII,2019-07-08,72.11252111460304,72.60749895340578,70.61947148209464,70.79798889160156,106800,36.47790055960229,36.440057469977624,33.82917671373008,41.85722154379379,40.39508967627371,4.97,9.0,-0.91,-0.23
LCII,2019-07-09,70.96026411368206,72.03136222967335,69.84859780444688,71.52827453613281,115400,36.19687324292237,36.44080606126,33.82779217596293,41.872505378013926,40.3254675568424,4.97,9.0,-0.85,-0.23
LCII,2019-07-10,71.99079528864193,72.06382175222024,70.51397806983303,71.90965270996094,78000,35.228922950682815,36.05326752513571,33.83147015117066,41.629203201433576,40.3258550818703,4.96,11.0,-0.79,-0.23
LCII,2019-07-11,71.91776943836675,71.91776943836675,70.46529423666638,70.94404602050781,67200,35.40718975591365,36.148727520582035,33.639971753890094,41.59427091938939,40.30731022231035,4.96,8.0,-0.75,-0.19
LCII,2019-07-12,71.34976254012034,73.68670237219577,71.07387032762972,73.32967376708984,114100,36.62058028550652,36.75479973104253,33.96812645649953,41.76667522141707,40.44343348275466,4.95,19.0,-0.74,-0.25
LCII,2019-07-15,73.41891097009048,73.84085599468814,70.34356029071475,73.50816345214844,213400,33.40728290946787,36.50111453221879,33.95696876719889,41.747149105427276,40.43250556027939,4.94,18.0,-0.72,-0.24
LCII,2019-07-16,73.01321425401746,74.76591760188062,72.8022385819696,73.87333679199219,124800,32.92633590255962,36.51593334657222,33.92154673177853,41.48488218593174,40.40788745799894,4.92,18.0,-0.69,-0.23
LCII,2019-07-17,73.65425102010714,73.7597419601384,72.23423400950793,73.43516540527344,126400,30.476931796869582,36.11043110345864,33.91852708047811,41.48882159003233,40.388498098403396,4.91,18.0,-0.66,-0.23
LCII,2019-07-18,73.20796455113802,74.98501641245615,72.73732885048473,74.40888977050781,158000,30.556142056731193,36.140168207284304,33.974075069218436,41.32993152572058,40.351234603077316,4.89,23.0,-0.63,-0.25
LCII,2019-07-19,74.64421528750323,76.59978476653042,73.92203562026324,73.97883605957031,160900,30.455504374129095,36.16024952688578,33.77639739226637,41.143054423852966,40.30636749643252,4.87,10.0,-0.57,-0.2
LCII,2019-07-22,74.05996730982281,74.27094299096606,71.80416993622102,71.97457122802734,168000,31.326377255546127,35.0186546576191,34.08206756276091,41.1904762801926,40.37064840018918,4.84,27.0,-0.5,-0.27
LCII,2019-07-23,72.51824841793966,74.14923506318733,71.20371604685418,72.78601837158203,194700,28.072579883602412,34.35013928851685,34.105993181066125,41.20342495737832,40.37208862931285,4.82,29.0,-0.41,-0.27
LCII,2019-07-24,72.6805377834628,74.57930687285858,71.86098325991937,74.47381591796875,172300,28.47449793704331,34.65533094478398,34.11929036431316,39.05996396359685,40.29603802610861,4.78,31.0,-0.37,-0.27
LCII,2019-07-25,74.23849692055299,75.11485187170658,73.25665720688012,73.6623764038086,183000,27.13862065229593,34.40796483577609,34.14909154863217,39.05426580012596,40.17129690032626,4.75,34.0,-0.3,-0.28
LCII,2019-07-26,73.89768856198253,74.70101077631242,73.34591024923056,74.36832427978516,147600,25.89015265081798,34.4529328003495,34.10103898305832,39.02948333867032,39.9828077919398,4.71,29.0,-0.21,-0.27
LCII,2019-07-29,74.26280901561735,74.3033833951966,73.05376803168525,73.34588623046875,161700,26.130607630988713,34.565187491726945,33.89312693824243,39.06903865031336,39.90177334795231,4.67,18.0,-0.06,-0.22
LCII,2019-07-30,72.52634686547174,74.35208288540734,71.33353786603769,74.14922332763672,152500,26.02372083477913,34.13900977920517,33.874338427667425,39.08015270432753,39.78000703988531,4.62,16.0,0.1,-0.21
LCII,2019-07-31,74.32773914294026,74.8795173759334,73.04566527939998,74.35208129882812,233800,24.867919244114127,34.099843415291595,33.861125242477506,38.87118920933027,39.633901003130504,4.57,16.0,0.27,-0.21
LCII,2019-08-01,74.24659790863943,75.27712173490252,72.12874363696646,73.07001495361328,202100,25.309145776126364,33.330550402552845,33.814419180284986,38.818500143517845,39.63651588380942,4.52,11.0,0.42,-0.21
LCII,2019-08-02,72.94019071653976,73.37836815600036,70.73307747664187,72.16932678222656,138600,25.376568712633365,33.417010905244055,33.82817039206037,38.84508175873316,39.39087560835047,4.46,13.0,0.62,-0.21
LCII,2019-08-05,70.367939023017,70.51399818261616,68.2906587005256,68.73694610595703,229300,28.84199121529453,34.20490056404649,34.73800400924107,39.27502285345883,38.21726667578362,4.39,47.0,0.79,-0.23
LCII,2019-08-06,70.60325539555913,75.45565345612633,69.75935873485535,71.34977722167969,550900,30.39659965473312,35.057816343328184,35.178541291880904,39.49456906496446,38.29997202642092,4.31,49.0,1.05,-0.28
LCII,2019-08-07,70.1975333874743,74.52249508770511,68.77751627506422,73.74351501464844,448300,31.23575862817507,34.85300556964955,35.5065659897641,39.63022263837742,38.37679003776666,4.23,55.0,1.3,-0.33
LCII,2019-08-08,74.043725915037,75.20408263454226,71.63375379061982,75.12294006347656,344700,31.04054212185619,34.611774755712574,35.60169473339826,39.67782501435544,38.42242977895582,4.15,57.0,1.53,-0.36
LCII,2019-08-09,75.05803147381893,75.29334928836042,73.58121423731669,74.74968719482422,168400,30.77022246333096,34.53874052050623,35.58242113349199,39.68276995537736,38.40234913849483,4.07,57.0,1.82,-0.35
LCII,2019-08-12,74.32774149318693,74.69289241539774,73.68670454114718,73.832763671875,95400,30.999012825422533,34.311532562763375,35.276961198431266,38.936857061981726,38.41453064187618,3.98,51.0,2.22,-0.3
LCII,2019-08-13,73.47573934724134,75.50433506427414,72.7697858090321,72.94830322265625,153900,31.207320974174174,33.90134943856833,35.344608385246126,38.93075901274127,38.42831444729221,3.89,54.0,2.69,-0.32
LCII,2019-08-14,71.24427346540561,71.63376031832588,69.9135153681612,70.83855438232422,213600,31.845510743377016,34.44203881232,34.860083976161015,39.07574911543381,38.53240085276423,3.79,48.0,2.99,-0.35
LCII,2019-08-15,71.00086312016812,71.00086312016812,67.05727182760235,67.20333099365234,238700,35.23051327710803,35.216011293059495,35.915746109235535,39.33628882298532,38.83291262959938,3.68,63.0,2.95,-0.33
LCII,2019-08-16,67.67395896070231,70.34359184876627,67.31692410917302,69.5564956665039,288600,36.11891349603494,35.63238302922106,36.262592603060426,39.50197325682582,38.95184179567641,3.57,64.0,3.06,-0.38
LCII,2019-08-19,69.9865417386782,71.33353206429648,69.94596735411113,70.19751739501953,178700,35.4937133155095,35.68446378454288,36.27815165119605,39.31816191907815,38.908484684114896,3.46,65.0,3.06,-0.38
LCII,2019-08-20,70.15693319475058,70.22184972466262,69.18321000919424,69.28057861328125,166200,35.53775807935029,35.57131645602155,36.06537623949199,39.352565829973635,38.54760648986625,3.34,64.0,3.3,-0.35
LCII,2019-08-21,70.49775274422522,70.53832713293056,68.73693323218605,68.85865020751953,100400,35.51374467493875,35.1243191982162,36.06128731216926,39.32796942756713,38.53799796952065,3.3,64.0,3.22,-0.35
LCII,2019-08-22,69.12644496843093,69.77559202740687,68.50975000023722,68.67203521728516,158400,35.33213975615945,35.085245622836155,36.03526543678225,39.06977339244695,38.51829458702654,3.25,64.0,3.05,-0.35
LCII,2019-08-23,67.96606713125846,67.96606713125846,65.41003549669328,66.010498046875,150100,35.498199219124515,35.982157894085915,36.402809733240225,37.20386011422306,38.692131606252914,3.21,69.0,0.63,-0.37
LCII,2019-08-26,66.91120424170559,67.90927611591769,65.47496111526527,66.65966033935547,130800,35.6686735491697,34.6523021750164,35.57239208769663,37.21052403889084,38.68669661883125,3.14,60.0,0.01,-0.37
LCII,2019-08-27,67.43051530962518,67.85246665377794,65.39380362993738,65.42626190185547,116700,35.8528102134602,34.54520172111935,35.443654964869154,37.244567822262795,38.72724212982508,3.07,58.0,0.13,-0.36
LCII,2019-08-28,65.24774391214903,67.25199092086163,65.24774391214903,66.17278289794922,110100,36.12247816526945,33.32321814221915,35.40716682246475,36.93235285775957,38.6833071421675,3.0,57.0,0.2,-0.35
LCII,2019-08-29,67.04914177946662,69.25625485642733,67.04914177946662,68.44481658935547,130400,37.416275687836894,34.05402860435824,35.63301252193196,37.07302587435184,38.83043273480902,2.93,66.0,0.2,-0.37
LCII,2019-08-30,69.02093780551732,70.22998529464654,68.42859133061812,68.76939392089844,136900,37.46701600225542,34.01876081307662,35.62500081787746,37.02339956456757,38.82882341775272,2.86,66.0,0.23,-0.36
LCII,2019-09-03,67.97417837148114,69.01282451482238,66.61096188605214,66.82193756103516,147000,37.54194414474695,34.35509075850655,35.64385385923984,37.09651327968751,38.92409133236352,2.77,68.0,0.15,-0.38
LCII,2019-09-04,67.91738532104914,67.91738532104914,66.6515435151955,67.6252670288086,125200,37.56596786273605,32.902801220452304,35.65826225863055,36.916921386028164,38.94364219586789,2.69,69.0,0.03,-0.38
LCII,2019-09-05,68.05052949730356,71.60803103237618,66.660243549166,70.43855285644531,188200,38.943247004728086,33.872880579987665,36.0079298499142,37.16559855751548,39.10878307369203,2.59,71.0,-0.01,-0.39
LCII,2019-09-06,70.68389864635363,71.00284666478143,69.39174674431743,69.4326400756836,124200,39.02543611759535,33.416673949901934,36.07203029877146,37.215052885763434,39.12904842395588,2.49,75.0,-0.09,-0.41
LCII,2019-09-09,69.85791324057098,72.43403754424153,69.53078525543947,71.83702850341797,103200,40.27954244868487,33.59405306887331,36.46026925058947,37.18073252459565,39.27661014835933,2.39,79.0,-0.08,-0.46
LCII,2019-09-10,71.54260561133523,74.93653982752657,71.40357203434002,74.02876281738281,175200,41.07918887894356,34.13315907927232,36.62444919189463,37.02492870110672,39.355806125341424,2.31,80.0,-0.06,-0.48
LCII,2019-09-11,74.60943094966525,75.68894889837398,72.81023020885262,75.53356170654297,150800,41.37191055964523,34.26777298671194,36.76476460237524,35.68993500812454,39.40107362951446,2.23,81.0,-0.06,-0.51
LCII,2019-09-12,75.18189404155177,76.85024095949701,74.30683036904314,76.46586608886719,154100,41.506362557525385,33.92796796686427,36.556952349103575,35.653737784056666,39.414909734847036,2.15,80.0,-0.07,-0.47
LCII,2019-09-13,76.96473314167477,78.11785148919267,75.82796838343913,76.98108673095703,197100,41.16805321785317,33.91438881392129,36.531244176107656,35.22140658493967,39.37484641130041,2.07,80.0,-0.05,-0.47
LCII,2019-09-16,76.74391650806058,77.7334802106086,75.9997065519362,76.95655059814453,169800,40.955789145895196,33.865570923183455,36.53138721934945,35.20826221176493,39.374875375679764,1.98,81.0,-0.05,-0.47
LCII,2019-09-17,76.70303439510364,76.76846123313712,75.28003498483255,76.62125396728516,158800,38.085384254376365,33.81539835844346,35.58269878409564,35.185742589225576,39.252343237614234,1.87,64.0,-0.06,-0.48
LCII,2019-09-18,76.82569565163953,77.48812512042636,75.63985780322682,76.09783935546875,123800,36.820710449944585,33.52818612418124,35.180144873939156,35.11487285992321,39.256125042452666,1.74,51.0,-0.11,-0.42
LCII,2019-09-19,76.00788806962072,76.93201871843279,75.40269920349412,75.54173278808594,122300,35.723341602358424,33.274621578799156,35.193783615101275,35.13194878423454,39.25870505392539,1.59,52.0,-0.17,-0.42
LCII,2019-09-20,75.55806807185299,76.91564649516488,75.50900107708819,76.57215881347656,308800,35.53709339909827,33.086913804572774,35.0607671264473,34.99029870483005,39.22600428586826,1.44,49.0,-0.2,-0.39
LCII,2019-09-23,75.9915197636099,77.96246083688216,75.73799860492761,76.80116271972656,140700,35.50265147317744,32.93836146826521,35.060761309218876,33.286956830009565,39.152019729628165,1.41,49.0,-0.22,-0.39
LCII,2019-09-24,77.59444801085017,77.87250893967297,74.23322079840948,74.60124206542969,234900,36.36494869363267,33.501104150675836,35.3691392194643,33.41774141839623,39.19195734345769,1.37,61.0,-0.24,-0.45
LCII,2019-09-25,74.71573045764306,75.2718460352832,72.72843572690144,75.10010528564453,222100,36.21479181830446,33.52602343110566,35.09581564055626,33.411351187263456,39.07336806177792,1.33,51.0,-0.27,-0.4
LCII,2019-09-26,75.26365468015054,75.26365468015054,72.87563189660997,73.1536865234375,135400,36.00057233095718,33.7168542534384,35.32442892866754,33.2983317744835,39.15598349696147,1.31,60.0,-0.28,-0.45
LCII,2019-09-27,73.57080012853098,74.2250560780872,72.00877325215004,72.79387664794922,139900,32.272193262962475,33.6906098867376,34.78068923721602,33.287786501238855,39.11843156070823,1.27,48.0,-0.23,-0.39
LCII,2019-09-30,73.47265685458908,76.2450614916955,73.407236253871,75.11647033691406,235700,32.025811739216905,33.99506814799479,35.14207851933448,33.45001229413731,39.19942712974262,1.24,54.0,-0.23,-0.45
LCII,2019-10-01,75.72165208823684,77.2509717013837,73.63622305879674,74.29865264892578,142700,32.19540673292563,33.64147139814747,34.78331272203159,33.480643841987686,39.08988823117641,1.2,49.0,-0.25,-0.4
LCII,2019-10-02,73.43177058498893,73.43177058498893,71.2727347508368,73.1946029663086,122300,32.273644807310816,33.73580095630334,34.84797924686133,33.52521433913821,39.11720082975228,1.16,50.0,-0.25,-0.41
LCII,2019-10-03,73.08009651389865,73.97151366954732,71.69798437554682,73.49718475341797,107500,32.19103409713821,33.72923750228874,34.331240319731535,33.30362574977315,39.09402043844271,1.12,45.0,-0.23,-0.35
LCII,2019-10-04,73.96333904265005,74.21686020485389,72.96560174186024,73.3009033203125,179400,32.19051342008829,33.61160256205705,34.06136002991547,33.27410079132042,39.09421967740381,1.06,32.0,-0.24,-0.29
LCII,2019-10-07,73.26819441688795,74.67484012496978,72.1232560400271,73.16188049316406,186800,29.705999260022747,32.92307174853856,34.00389181759728,32.78340477860369,39.09471833721511,1.01,31.0,-0.23,-0.27
LCII,2019-10-08,72.30316526369133,73.60349060273936,71.92696415434332,72.55668640136719,147800,29.83207629053068,32.9621915339795,33.83775192809588,32.79455440687548,39.08023445083018,0.97,16.0,-0.23,-0.23
LCII,2019-10-09,73.3908820776874,74.29047936119089,72.25411715990114,72.81841278076172,83900,29.127181462571773,32.954279329119245,33.54125875677872,32.76554335150847,39.07809474810304,0.98,7.0,-0.18,-0.16
LCII,2019-10-10,73.21914496742745,74.07785519540832,72.37679457129352,72.48310852050781,101600,29.12418391458132,32.945542232252556,33.541237172556094,32.75808981232393,39.01437664377404,0.98,7.0,-0.11,-0.16
LCII,2019-10-11,73.72617534914343,75.4926561429976,73.72617534914343,74.18415069580078,118300,28.30540594080928,33.182759897262244,33.20431020397006,32.84130746081683,39.06504069140922,0.99,3.0,-0.12,-0.14
LCII,2019-10-14,73.79159759692031,74.67483481925152,73.0637350527081,73.7016372680664,89400,28.422441839782586,33.18848861689386,32.99379033135998,32.85154515342358,39.06272198547166,1.0,2.0,-0.09,-0.08
LCII,2019-10-15,74.0124070213795,76.22868940002652,72.63847479615617,75.84431457519531,133500,27.83743558537318,33.20225595181161,33.29614626043176,32.84177658945438,39.15796021307209,1.01,6.0,-0.1,-0.15
LCII,2019-10-16,75.74619187629536,78.00336168079562,75.74619187629536,77.90522766113281,104400,28.52071804082425,33.56167690033637,33.43558036755089,32.979499283415606,39.24419200950679,1.01,7.0,-0.11,-0.18
LCII,2019-10-17,78.10150579645048,78.51041420376174,76.83388723800674,77.6108169555664,136900,26.478028837111882,33.26605422903018,33.11932296716422,32.979124400104986,39.24113686804707,1.02,4.0,-0.08,-0.11
LCII,2019-10-18,77.3000285749776,78.93566190803588,77.3000285749776,77.88068389892578,113100,25.94613533332531,33.18166744961394,33.10272912586181,32.90955011909168,39.242000117481176,1.03,3.0,-0.07,-0.1
LCII,2019-10-21,78.91931814027149,80.30143047530957,78.37138240298242,79.86798858642578,352600,25.165910690680043,33.5087908777498,33.31150037532957,32.949139855363725,39.128348585373296,1.01,8.0,0.07,-0.15
LCII,2019-10-22,79.98246498993944,80.29323304790864,77.82342969170668,79.67987060546875,157100,23.920178405520467,33.37110114243662,32.345827211111796,32.94058985537523,39.075539460483135,1.02,1.0,0.2,-0.17
LCII,2019-10-23,80.00700464522485,81.82255861285053,78.80481316723238,81.37275695800781,191900,23.979314943026722,33.55849566995649,32.32750048424728,32.83834658797639,39.12573255247764,1.04,1.0,0.49,-0.16
LCII,2019-10-24,81.57722263722364,82.09244495504737,79.6717080696338,79.86798858642578,190800,24.551522474351327,33.8118407795339,31.742116819862137,32.890668051192954,39.16144990850315,1.07,1.0,0.43,-0.16
LCII,2019-10-25,79.76984548062816,81.09471084417225,79.72077847290501,79.80255889892578,153400,24.50821611168596,33.59260551209998,31.710531375988282,32.88966802170668,38.96144382158158,1.1,1.0,0.37,-0.15
LCII,2019-10-28,80.47317070202425,83.18832210476069,79.802561206151,82.76305389404297,173300,26.53998377985743,34.216092916545065,32.150726804049654,32.925178895317174,39.115438120093806,1.13,3.0,0.61,-0.21
LCII,2019-10-29,82.37049584031332,83.5726873411837,82.3541360128554,82.61583709716797,150500,26.493022489388817,32.53821456427827,32.083267195503765,32.82073974524577,38.979052293402674,1.15,3.0,0.67,-0.19
LCII,2019-10-30,82.79575340706603,82.94296064921339,80.12149578740886,82.20692443847656,113100,26.44050633621141,31.78262038484208,31.20802091015301,32.80800280932656,38.83677049545435,1.19,1.0,0.62,-0.2
LCII,2019-10-31,79.99063500359901,80.96383869769883,78.79662358567948,79.42634582519531,178100,28.41302870713754,32.00867728865516,31.586579458575017,33.07758715926852,38.930020714471624,1.23,2.0,0.48,-0.24
LCII,2019-11-01,80.32596578763415,82.05973338218453,80.22782552702968,81.81439208984375,333900,29.362996970677223,32.34356568584091,31.50708180949274,33.10102366710142,39.02945073707597,1.26,2.0,0.38,-0.22
LCII,2019-11-04,83.23738104173044,85.33098975470197,82.60766494084159,84.4150390625,283900,30.55031069979779,32.88658415555606,31.54375404981598,33.25889861404394,37.484941250248674,1.29,3.0,0.48,-0.23
LCII,2019-11-05,84.04701487096347,87.44095523637456,79.33639543157508,83.45001220703125,541800,29.341114950771463,32.87127297665677,31.580846900197212,33.28560646518105,37.48395953999144,1.32,4.0,0.4,-0.24
LCII,2019-11-06,84.16151271634989,87.55544675252506,83.40094299790687,86.71309661865234,190100,31.006460091610005,33.564284722353946,32.04220808623289,33.54921185619262,37.638741419852586,1.34,8.0,0.67,-0.27
LCII,2019-11-07,87.49820732654345,87.86622858664373,86.28784209992199,87.26103973388672,151100,29.575972618779634,32.89060496391739,31.80248848310685,33.54367860171906,37.64194896599816,1.37,8.0,0.82,-0.22
LCII,2019-11-08,86.9257524520252,87.11384683065798,85.86258806694079,86.41053009033203,100900,29.76343435071139,30.875776407883777,31.825358383315848,33.570188451918085,37.65311846607332,1.39,9.0,0.75,-0.23
LCII,2019-11-11,85.72354750481433,87.90711662845221,85.64176708150116,87.17926025390625,138000,28.773031386299397,30.24491675296261,31.821027577695972,33.457226580025825,37.50289660681276,1.41,9.0,0.7,-0.23
LCII,2019-11-12,87.0075128139587,87.66176862913258,86.7785251504816,87.09747314453125,149000,28.436341655766867,30.238661166865104,31.773202548889333,33.45831596089489,37.416070060819706,1.43,8.0,0.6,-0.21
LCII,2019-11-13,86.22241229834042,86.86848822035027,85.56815646253534,85.67447662353516,90300,28.532528300010252,30.324841269005326,31.684187940743264,33.516856894375145,37.453874294585326,1.46,6.0,0.43,-0.19
LCII,2019-11-14,85.674487135988,86.76217870526551,85.2901122532473,85.46185302734375,76600,28.61931140269799,30.28466069532088,31.489652938558237,33.430571215254936,37.44458643799512,1.48,2.0,0.28,-0.13
LCII,2019-11-15,86.05887423468607,86.6313435629356,84.68494160743951,85.63360595703125,160200,28.541892874791763,30.25806233468853,31.321096002124794,33.41579023463226,37.431611177827115,1.51,2.0,0.13,-0.08
LCII,2019-11-18,85.20013888375435,86.35325711624566,84.88119088927085,85.96070861816406,127000,28.466653432822564,28.88731140401497,31.23690968724861,33.37334793413244,37.40032698441069,1.54,2.0,-0.01,-0.06
LCII,2019-11-19,86.49228830934271,87.17925128180978,85.88709951232664,86.00977325439453,114100,28.21106675225614,28.875673635042077,31.23379748642254,33.20438612444095,37.39678427694712,1.57,2.0,-0.14,-0.06
LCII,2019-11-20,85.81351067776778,86.19788554343127,84.84848667611459,85.47820281982422,150600,28.415771501641586,28.564140298005412,31.257823382878268,33.187655089979984,37.403261877485875,1.59,4.0,-0.26,-0.07
LCII,2019-11-21,85.98524023500566,86.27965472183773,84.1124393979972,84.365966796875,106300,28.778103738989135,28.750948491380257,31.158097819075458,33.2260783096045,36.841056898035156,1.62,1.0,-0.37,-0.04
LCII,2019-11-22,85.8625839394694,86.4432331177519,84.72581908855129,84.82395935058594,168200,28.261115015354903,28.078868445720822,31.12550071711014,33.12941470325788,36.81406393061639,1.65,1.0,-0.47,-0.03
LCII,2019-11-25,85.25739226012425,88.55319261249197,85.25739226012425,88.078857421875,163000,29.63512930763816,28.934370831495173,31.477502125219758,33.370600994966885,36.97334608092068,1.67,8.0,-0.52,-0.06
LCII,2019-11-26,87.64541239917818,88.77400341470019,86.5413611252752,86.76216888427734,151800,29.43106337192906,28.40230903609041,31.284896634193117,33.42500418756622,36.82472231465612,1.69,7.0,-0.6,-0.01
LCII,2019-11-27,86.92571902088125,88.1279103085899,86.38595712050393,87.7926025390625,140400,28.75547285108488,28.400682430604967,31.29619488406801,33.41908646422414,36.80844901309763,1.71,8.0,-0.66,-0.02
LCII,2019-11-29,87.08928417000018,87.81714041294401,86.20604702268933,87.06475067138672,74100,28.8918016197531,27.47955194889382,31.334834503008878,33.4225171205906,36.677358785572984,1.73,10.0,-0.73,-0.03
LCII,2019-12-02,87.30192502387767,87.55544618189113,85.46183761119642,86.00977325439453,121600,29.262997042962652,27.422112515247658,31.318894008919717,33.457876619570506,36.70227338642616,1.75,9.0,-0.8,-0.03
LCII,2019-12-03,84.1696944065452,84.99569103177762,83.90799330857851,84.48046875,178400,29.129749934543536,27.02114139974588,31.0734701577578,33.517518977406375,36.73019000593698,1.77,1.0,-0.86,0.0
LCII,2019-12-04,84.86483469613842,85.72354471156196,83.39276840612884,83.58904266357422,252900,29.33127285107537,26.543896402181783,31.131508601952508,33.32926461857046,36.557528928741654,1.79,3.0,-0.92,-0.02
LCII,2019-12-05,84.20633899512882,85.10346777790181,83.32567474747843,85.02116394042969,158900,29.121569132527686,26.460223908241993,31.22606997564522,33.378474414098655,34.9242216613899,1.81,6.0,-0.98,-0.05
LCII,2019-12-06,86.57671386072323,87.27630577029682,86.09934289960087,86.56024932861328,132700,28.854419882012483,26.579776009602984,31.313013137698988,32.94011134018401,34.95445422293529,1.83,12.0,-1.03,-0.08
LCII,2019-12-09,85.91828416713928,86.76602560146111,83.94296072324931,84.46148681640625,168100,29.904846733955125,27.112976626454593,31.53123418361735,33.09051835508606,35.02060665814262,1.84,19.0,-1.08,-0.13
LCII,2019-12-10,84.5602399338119,87.82775271111716,83.85241572253462,87.44915008544922,147000,29.741271550320143,27.95020131273657,31.95445480104782,33.297391140022256,34.91592588250485,1.85,30.0,-1.12,-0.2
LCII,2019-12-11,88.03351334852934,88.59318814709977,86.26395286191845,87.11992645263672,155200,29.767901815762766,27.94456293017511,31.62413528560849,33.302279570937635,34.871214594652926,1.87,23.0,-1.15,-0.13
LCII,2019-12-12,87.49030028980766,87.77836680648424,85.86065698501302,86.46148681640625,223100,29.829133248279128,27.95502616599193,31.624188514505402,33.15700174224108,34.8426015209278,1.88,24.0,-1.19,-0.13
LCII,2019-12-13,86.42856465429861,86.88947108430116,84.01702560409962,84.65900421142578,162400,28.65386306873978,28.29320184835836,31.644497441074215,33.251791469536116,34.839817796872055,1.89,25.0,-1.22,-0.13
LCII,2019-12-16,85.32567333759076,85.67958542616533,84.32978264169003,84.65900421142578,210600,27.444436562387708,28.191000225522416,31.584389445565954,33.23658194256135,34.68405994859621,1.9,22.0,-1.24,-0.11
LCII,2019-12-17,85.05406532503254,85.80304455539749,84.40386072907553,85.1363754272461,137200,25.96205064408254,28.201421963246826,31.564794004390706,33.106097921465874,34.654605156720244,1.91,21.0,-1.27,-0.11
LCII,2019-12-18,85.11169554252199,86.70017773189628,84.19810855234115,86.38742065429688,163600,26.03411797066229,27.578501902581724,31.53904948413247,32.64491707270918,34.67593049180115,1.92,20.0,-1.29,-0.1
LCII,2019-12-19,86.17342046042491,87.58906891032281,85.30922084581019,87.18577575683594,183000,23.678290733863037,27.599947980424215,31.527537912747487,32.51954488098238,34.50957131617892,1.93,19.0,-1.31,-0.09
LCII,2019-12-20,87.3668597858607,89.30102826663523,85.29276787095677,88.1981430053711,1016300,23.844289929758165,26.999050027550414,31.566467042672464,32.50111041520029,34.289175037137085,1.94,24.0,-1.32,-0.11
LCII,2019-12-23,88.5438241468556,90.22284886566477,87.78661876760259,89.46563720703125,177100,23.973723521508038,27.041294876754442,31.478809777775062,32.439976566257485,33.235292410597204,1.95,17.0,-1.32,-0.08
LCII,2019-12-24,89.4656272245286,90.08291537818279,88.2475154511037,89.27632904052734,108500,23.878293761284723,26.425989881617422,31.401067721142628,32.42855719237042,33.19643789541738,1.97,16.0,-1.32,-0.05
LCII,2019-12-26,89.58084648892853,90.01706868970605,88.70841464613207,89.25985717773438,124800,23.874543697894264,26.277124040738475,30.327061392762932,32.28197013947784,32.86251314076733,1.99,1.0,-1.3,-0.13
LCII,2019-12-27,89.64669398395638,90.36275045934363,89.06232865413068,89.4738540649414,113200,23.3066621648915,26.00785300641372,29.81243610110782,32.265077833043186,32.85130212356761,2.01,1.0,-1.29,-0.04
LCII,2019-12-30,89.53147823170762,90.11584363241853,88.47797405693977,88.59320068359375,100100,23.513159709761982,26.148196475584108,29.46231289564503,32.15536793232863,32.849542209342594,2.04,1.0,-1.29,0.02
LCII,2019-12-31,88.5849491382635,89.49853596461931,87.95943509523231,88.17342376708984,88800,23.574456531898843,26.171265304197505,29.358062063815975,32.16162389008251,32.790308657213025,2.07,1.0,-1.3,0.06
LCII,2020-01-02,88.88949966892977,89.25164408439005,87.66315555209415,88.58496856689453,118000,23.58455431375001,26.152490159257024,29.342915541060883,32.152731504381606,32.79128436451676,2.09,1.0,-1.3,0.07
LCII,2020-01-03,87.1857591751524,88.24749531064639,86.5273161164438,88.04996490478516,147600,23.673173828260122,26.114309523129776,29.28326758845185,32.07690747113423,32.6726324518144,2.12,1.0,-1.3,0.09
LCII,2020-01-06,87.25986247971055,87.32570806542076,86.20635822586989,87.07056427001953,156500,23.84442770512545,26.28052491327742,29.273190729314653,32.108720521074645,31.40443664381954,2.14,1.0,-1.28,0.09
LCII,2020-01-07,86.59318515056425,87.21047333066184,85.44091262517273,85.87712860107422,110500,23.88045511056869,26.460716317749778,28.954835954293884,31.98557980504353,31.392630536699727,2.18,1.0,-1.25,0.15
LCII,2020-01-08,85.75367008340814,87.25162237945142,85.6219789332867,86.34626770019531,89100,23.881055221426948,26.12497991815279,27.603230536194534,31.967288158177354,31.386142578325803,2.23,1.0,-1.22,-0.23
LCII,2020-01-09,86.89772357957564,86.89772357957564,85.36684826139933,86.14051818847656,79600,21.14413386813894,26.07742136282587,27.134546715112428,31.969606933638207,31.18478087095728,2.28,1.0,-1.18,-0.13
LCII,2020-01-10,85.9347523079053,86.74133871873823,85.3833034016154,86.65080261230469,93300,20.780329468106242,25.51719638152983,27.117935835632316,31.36332630709207,31.17563594316069,2.32,1.0,-1.13,-0.12
LCII,2020-01-13,86.60963615495977,88.84832899703824,86.40387346040491,88.7248764038086,79300,21.63355025139328,25.395189660286803,27.22010358172236,31.220103896177537,31.22899469818931,2.36,3.0,-1.08,-0.17
LCII,2020-01-14,88.16521350510483,90.08291730446904,88.04998688297582,88.75780487060547,148100,21.47669998776006,25.367837876830713,27.18751408976327,31.213528020390296,31.229115832743794,2.4,3.0,-1.03,-0.16
LCII,2020-01-15,88.41212703974564,89.35040457261539,88.40390105181844,88.96356964111328,120600,21.132238632460886,25.366541560412877,27.174501462899514,31.086733087836933,31.221004517911037,2.44,3.0,-0.97,-0.16
LCII,2020-01-16,89.89361116494887,91.547945064011,89.42447245081236,91.51502227783203,188700,21.74517581363824,25.49320967625389,26.625675321720628,31.248750052586832,31.17113526608497,2.48,1.0,-0.96,-0.33
LCII,2020-01-17,91.88540228294221,92.0335516966161,90.64259366153243,91.35865020751953,113200,21.423735151182136,25.48853197072727,26.616566892892074,31.24592782676717,31.15073851185129,2.53,1.0,-0.94,-0.32
LCII,2020-01-21,90.98003111408657,91.11171596946893,89.2845485699981,89.58084106445312,131100,21.96438469838159,25.573904228038085,26.637367773462593,31.17608376184305,30.858084251379342,2.57,3.0,-0.99,-0.32
LCII,2020-01-22,90.36274512465874,90.65904390530042,89.50677156718045,90.03352355957031,92200,21.449835429580695,25.230646863249863,26.606729014918912,31.160699509559752,30.8551313378839,2.61,1.0,-1.04,-0.31
LCII,2020-01-23,90.1240582392606,93.28457014423414,88.90594035127353,93.16111755371094,155000,22.039048648790146,26.067769174456323,26.618238766914697,31.085535601377845,31.003766759718683,2.65,3.0,-1.01,-0.31
LCII,2020-01-24,93.22695825953454,93.22695825953454,91.40801680541776,92.29691314697266,92300,20.190823242142784,25.20230607010442,26.689452872419174,31.10723193407176,31.014246047667555,2.68,6.0,-0.98,-0.32
LCII,2020-01-27,90.47798230105019,92.63437783890039,90.23929679545999,91.29280090332031,113500,20.46758676114951,25.327722600067304,26.298683576535364,30.8721769974155,31.020582387493285,2.71,1.0,-1.07,-0.31
LCII,2020-01-28,92.27224355535543,93.01299067464875,91.49857364416235,91.84425354003906,93100,20.31864468508037,25.305006190039247,26.264835295043188,30.869394406363128,31.023505041168093,2.74,1.0,-1.14,-0.29
LCII,2020-01-29,91.55615634427265,92.19813487319266,89.86067394436822,89.95121002197266,91000,20.29498457590732,24.617548720488628,25.83073863403668,30.637059238875725,30.963055116204874,2.77,1.0,-1.13,-0.29
LCII,2020-01-30,88.83188197716389,91.21049852464309,88.4203565360169,90.7989730834961,76200,20.39565795383344,23.991581399570215,25.711837200718524,30.495956987093642,30.96988750231922,2.8,1.0,-1.17,-0.28
LCII,2020-01-31,90.51090893726423,90.51090893726423,88.63435388043695,88.86480712890625,83800,21.503503342941865,23.652139524029945,25.49910420102986,30.584456903041307,31.050412833849283,2.82,1.0,-1.14,-0.23
LCII,2020-02-03,89.31749378619965,90.93067930870332,89.31749378619965,90.56853485107422,91300,21.773801385844315,23.79683812856326,25.24995364859599,30.527379984722668,31.04585557975169,2.84,1.0,-1.09,-0.19
LCII,2020-02-04,92.11584635935357,92.94712944661009,91.01296127355414,92.22284698486328,75300,22.19345386655645,22.7928046894734,25.215055569349452,30.392350710191746,31.02568128202564,2.86,1.0,-1.04,-0.18
LCII,2020-02-05,92.38746110212891,93.41627470014815,92.38746110212891,92.82367706298828,141100,22.04998357782554,22.794763151938877,25.171811969260567,30.38907756731881,31.02173846893237,2.87,1.0,-0.98,-0.16
LCII,2020-02-06,93.16935462701686,93.28458124480278,92.20638663007189,92.26399993896484,90000,21.82908019233494,22.731614118093642,25.191692304808917,30.09465381102647,30.889119471133625,2.88,2.0,-0.93,-0.15
LCII,2020-02-07,91.76194920268122,91.85248531006978,89.93477507812014,91.02120208740234,73700,22.22077803571782,22.86843692420259,25.307637783101157,29.995582369389908,30.899735109683512,2.88,5.0,-0.88,-0.18
LCII,2020-02-10,90.70842286496361,94.78252786579594,90.18990315040483,94.47799682617188,172700,24.621704834402948,24.06003701431083,25.910573015077738,30.29335904091849,31.103763324783458,2.89,9.0,-0.81,-0.25
LCII,2020-02-11,92.65908804988226,93.37513843943027,87.25986893072054,88.51091003417969,305800,31.378463972437586,27.44173569845753,27.99760567746093,31.242628667629774,31.64791947934484,2.87,24.0,-0.73,1.16
LCII,2020-02-12,89.47386567865156,93.33397654250004,89.21872190023268,92.98006439208984,149400,34.358872214889395,29.19107808840244,28.96709474459518,31.56043306695363,31.931448287766873,2.84,26.0,-0.65,1.1
LCII,2020-02-13,92.23929938812928,94.51092126774812,91.87715504053496,94.33808135986328,116900,34.50186587195401,29.314095076229357,28.97707864071956,31.588252563025677,31.94224521222364,2.81,27.0,-0.58,1.1
LCII,2020-02-14,94.31339413803738,94.31339413803738,91.03765526278465,91.81132507324219,139500,35.525570260506164,29.8958611542224,29.345802537065218,31.763059569227575,32.06881870816801,2.77,31.0,-0.5,0.96
LCII,2020-02-18,91.97592111108868,93.83601756024147,91.97592111108868,93.2845687866211,82000,35.70637050891315,30.04939143922832,29.00903105764548,31.245273634785235,31.99405304884702,2.73,28.0,-0.41,1.07
LCII,2020-02-19,93.87719537295347,94.54387095522164,93.42452108902755,94.1488037109375,65600,35.54474507896582,30.050036308079537,29.02180754792683,31.16399118845789,31.97911561514723,2.7,29.0,-0.31,1.06
LCII,2020-02-20,93.71257482223557,95.89366093625046,93.15289996595303,95.07061004638672,80400,35.254223426274166,29.93692443274397,28.68198328376514,30.756690651864687,31.984239575084366,2.66,25.0,-0.22,1.19
LCII,2020-02-21,94.82369281732718,95.17760495319526,92.20639072121394,92.67552947998047,98400,36.2259532058401,30.452483553582365,29.004267494522228,30.90337293576554,32.07902468673075,2.62,29.0,-0.14,1.06
LCII,2020-02-24,89.01296545695479,89.75371260077333,87.50678064442053,87.77838897705078,98100,39.76685634614493,31.595093527953814,29.99709145559939,31.574550321945576,32.54910167493662,2.58,39.0,0.01,1.27
LCII,2020-02-25,87.77838580028946,88.1899112786974,85.39976903744201,85.44915008544922,107600,40.51770898252561,31.926412073022796,30.271864329374985,31.70620847341055,32.669071331919895,2.54,40.0,0.16,1.16
LCII,2020-02-26,85.89357976968736,88.1487371451571,85.65489429033273,86.46148681640625,121500,40.04683816453388,31.925945562513945,30.20140939081375,31.23073478224817,32.59924854826063,2.5,40.0,0.3,1.21
LCII,2020-02-27,84.02526257329424,86.10758660530631,81.39973449707031,81.39973449707031,168100,43.59158673723631,34.186154853206524,31.760642146029678,31.992007950656475,33.17302244107432,2.47,78.0,0.38,1.32
LCII,2020-02-28,78.46145295210054,80.62607481090329,78.14868955483132,79.465576171875,235500,43.98617418083342,34.435592528914526,32.00424895722131,31.909678979609605,33.26092679658004,2.44,84.0,0.39,1.19
LCII,2020-03-02,80.15690142048304,81.20217925095055,77.6959817622465,81.18571472167969,158800,43.59512245500171,34.56852183221556,32.16764472112018,31.817840020823095,33.25665294665421,2.42,88.0,0.41,1.14
LCII,2020-03-03,81.25982471166203,82.91415263370622,77.84416194371008,80.32154083251953,134800,43.63209483901644,34.56967650767385,32.18760038819381,31.8325154082514,33.26744194815984,2.4,89.0,0.33,1.13
LCII,2020-03-04,81.16928159075478,81.8688735961914,78.58490228072678,81.8688735961914,105500,43.890596684992225,34.617958445312716,32.312799055228794,31.87004939859877,33.289213248437235,2.38,90.0,0.25,1.08
LCII,2020-03-05,78.90296801512096,80.06281973808667,74.37955198416972,75.3488540649414,246600,49.54098645477946,38.29030031055052,34.957119661493664,33.224932915462944,34.22078910795487,2.41,100.0,0.01,2.04
LCII,2020-03-06,72.30011154717523,76.36787625581238,72.0267230000491,75.75481414794922,205600,48.201742167787046,38.038394433276935,34.775120917158894,33.22011427827632,34.206565016168746,2.43,99.0,-0.08,2.1
LCII,2020-03-09,68.53058613891274,71.04083262441974,67.09733973751794,67.27131652832031,194500,58.101410134425166,44.24063676641528,39.5635371364104,36.05848592756919,36.22645615939024,2.6,100.0,1.32,5.06
LCII,2020-03-10,70.28692603598991,75.24114658981664,67.93408986012777,74.90975952148438,241300,67.43103938434024,49.83403639027818,42.905534605786954,38.2422658525571,37.714543792147644,2.87,100.0,1.32,5.53
LCII,2020-03-11,72.83031493841216,74.38782587398268,69.55787647392093,70.66802215576172,235600,68.94478243992596,51.121132479871115,43.665756087613445,38.77671008425297,38.15418329532243,3.16,100.0,1.54,5.06
LCII,2020-03-12,62.184536745615596,66.59196716487737,61.50519618056448,62.45793151855469,215800,76.51552859616147,56.647850829114375,47.80148414054828,41.368156336007736,40.11383022382116,3.6,100.0,3.43,5.24
LCII,2020-03-13,60.64360835583033,69.66558766613042,60.64360835583033,69.27621459960938,219600,83.38578789575286,60.866245489513645,50.660072334942186,43.08698339555733,41.42067070055013,4.11,100.0,3.23,4.83
LCII,2020-03-16,58.48131916870973,65.092470146114,57.11435749293854,57.41260528564453,193800,98.17388462416022,71.61338439920199,58.51619765057707,48.425616457277165,45.481113527874975,4.96,100.0,4.89,7.73
LCII,2020-03-17,58.340475057027845,60.8341552489679,53.26198938304793,60.75959014892578,299200,99.88480957069818,72.65571827759292,59.28538541749753,48.909556688880485,45.833130497842255,5.71,100.0,4.63,7.34
LCII,2020-03-18,56.468149767950514,58.14993188266916,50.064115674438,55.0928955078125,265400,102.34346555042274,74.9854216475194,61.05309423846176,50.23455431686579,46.85591885394146,6.44,100.0,4.87,6.4
LCII,2020-03-19,55.117744050188406,56.832665370746035,50.478343956375355,52.035858154296875,263900,102.72412604804238,75.55205605930104,61.591913501580954,50.61707726454142,47.099870109045426,7.11,100.0,5.04,6.05
LCII,2020-03-20,52.441802457680524,56.18646239404098,48.067510888991734,48.63086700439453,278700,103.58288340323942,76.34587515030358,62.40516731563018,51.209478281288355,47.57248084789274,7.74,100.0,5.13,5.57
LCII,2020-03-23,48.94570065921314,50.06412684670173,46.05435719001579,48.622596740722656,208100,103.74293188964569,76.35568311288566,62.05692670055879,51.12799222970441,47.35469238985047,8.3,99.0,4.71,5.7
LCII,2020-03-24,51.09141193342377,54.43012336260514,48.895982572234175,53.85020065307617,207300,108.49596458815178,79.72856380302954,64.35688268717725,52.519901605460504,48.45969311372249,8.89,100.0,3.97,5.13
LCII,2020-03-25,54.280989210590946,56.70011026302343,50.70202611881271,55.64795684814453,251000,108.56688117127953,80.14801592048553,64.62588431896886,52.658959979571016,48.55827331484255,9.45,100.0,3.33,5.04
LCII,2020-03-26,56.501277642938774,60.39506467295388,55.49883633386693,57.43744659423828,288700,107.7716587523602,80.55540708097033,64.68290681383013,52.798212954638025,48.660176717189785,9.96,100.0,2.82,5.09
LCII,2020-03-27,54.72837411553172,56.294171837262795,51.679627035332175,54.66210174560547,169600,107.79177071803745,81.01802636135515,64.87928270006537,53.087120780173336,48.8155204717973,10.44,100.0,2.34,4.92
LCII,2020-03-30,54.67038172625551,55.29173022787751,52.38382063083702,54.05731964111328,156900,107.77608698348102,80.97753082176521,64.64038901971657,52.93986892474917,48.822926794728254,10.89,98.0,1.91,4.98
LCII,2020-03-31,53.75905657860852,56.97349630481103,53.59336622019844,55.36627960205078,240400,108.01754794159987,81.24461705464897,64.78660643173043,53.024471555651765,48.87214477881294,11.31,99.0,1.53,4.95
LCII,2020-04-01,52.433516793671,52.66548583276242,49.75757694864806,50.47834014892578,162400,109.84352618978681,83.0774137596549,65.92141163944733,54.096717568192595,49.678257675671716,11.74,100.0,1.23,4.48
LCII,2020-04-02,49.55874803770949,53.30340494021366,49.10309317730376,50.826297760009766,135900,109.77727661260886,83.13529238754067,65.92405287680242,54.105190992474405,49.42343274361303,12.14,100.0,0.95,4.48
LCII,2020-04-03,50.31266557629314,50.8180295964033,45.805818322807646,47.297054290771484,124900,110.76897362757636,84.07938225121781,66.76285841469758,54.702591329172066,49.85178992412901,12.54,100.0,0.74,4.11
LCII,2020-04-06,50.11381908249728,53.53537835832921,50.11381908249728,52.79804229736328,157300,116.73771725640964,87.59849340693457,69.2232834977984,56.29820622399142,51.05478202983393,12.98,100.0,0.49,3.73
LCII,2020-04-07,55.56511287355634,57.379452122159215,52.82289428468799,54.18986511230469,146600,117.351564475799,87.83309589691531,69.39576104332055,56.31160837117937,51.071761205004165,13.4,100.0,0.26,3.69
LCII,2020-04-08,55.813664227385516,58.42332274733581,52.85604259984106,57.26347732543945,184000,118.88164311703355,88.5500323587834,70.0167090143058,56.69106759334084,51.37552453824525,13.81,100.0,0.06,3.54
LCII,2020-04-09,58.97839910543266,62.62363842540475,57.5700054402766,62.02714920043945,126400,121.03407945530813,90.32673933967138,71.27337053690313,57.43047317129856,51.92884338989748,14.23,100.0,-0.09,3.27
LCII,2020-04-13,61.23181664369474,61.753747023832126,57.06463473498245,58.431602478027344,101400,121.85653819086033,90.9758861337004,71.82979121575288,57.83762191543751,52.2541779363526,14.64,100.0,-0.25,3.06
LCII,2020-04-14,61.02470817173034,61.45550700170284,59.268360866524,60.71817398071289,92100,122.33805393379076,91.16674716275718,72.13237422085899,58.014086159486865,52.33134227043328,15.03,100.0,-0.39,2.99
LCII,2020-04-15,57.95938957110178,58.9452645853188,56.63384731712347,56.973514556884766,117500,123.33501935665355,91.89892030341467,72.758502763144,58.465452102742,52.70678100397001,15.42,100.0,-0.53,2.78
LCII,2020-04-16,56.74152682416915,59.13578851206905,55.266861155711155,58.86240005493164,156000,123.68803256880791,92.23637291159584,72.9907901782978,58.58614545662157,52.80558703672467,15.79,100.0,-0.65,2.73
LCII,2020-04-17,61.745466182598705,63.31955020090719,60.79273061988436,62.159698486328125,102500,123.15199181744323,93.0654609646327,73.5566657756012,58.95518580589043,53.05125210441739,16.15,100.0,-0.75,2.62
LCII,2020-04-20,60.4199139693075,62.4082299587909,60.06367399485555,61.55491256713867,107700,123.10425480289837,92.68718327835298,73.55167722332907,58.93224408348174,53.05858208628881,16.5,99.0,-0.84,2.61
LCII,2020-04-21,59.66602403318938,61.33952624209851,59.10266779266808,59.7405891418457,86700,118.70409629027769,92.80614206462043,73.37812698118698,59.01653214895464,53.073920194310645,16.82,98.0,-0.93,2.62
LCII,2020-04-22,61.07441100068076,62.317107894116155,59.649450884898854,61.53834915161133,92100,114.41484129474372,93.10950226992585,73.54779839186686,58.85350801292801,53.14807174852074,17.13,98.0,-1.01,2.6
LCII,2020-04-23,62.1597069871098,64.35513976125345,61.89459852929483,63.38583755493164,85600,113.79478147723721,93.37041999661419,73.69552336779054,58.79047896725449,53.23421318313242,17.43,100.0,-1.08,2.57
LCII,2020-04-24,64.47940659935567,66.42629730417201,63.9326168847853,66.39315795898438,106000,108.78437617779004,93.93369910505295,74.10981878215684,58.91920565946235,53.19491445545079,17.72,100.0,-1.12,2.49
LCII,2020-04-27,67.81810992427035,71.3805100887523,67.76840407289531,70.81715393066406,108500,106.17079030393701,94.96938456367549,74.85646003171502,59.37852480519504,53.47246384956217,18.01,100.0,-1.15,2.35
LCII,2020-04-28,73.25282965841082,74.263557360898,71.23138057411899,71.40535736083984,129100,89.86555598102956,94.93270459382495,74.82951978701907,59.3846089967841,53.477310852540306,18.28,99.0,-1.17,2.38
LCII,2020-04-29,74.18900332000283,78.16562938577623,72.59006647836435,75.083740234375,139200,89.57733007815939,95.46527222424123,75.2667557556348,59.666159764425416,53.66501945381319,18.54,100.0,-1.18,2.3
LCII,2020-04-30,73.68363652289489,74.1061488777279,71.66218106896685,71.84444427490234,148000,85.35698603029917,95.72530385293561,75.5179282986779,59.87812756007413,53.84766567798535,18.8,100.0,-1.2,2.2
LCII,2020-05-01,69.89756684494566,70.78402379360419,66.82396366182712,69.10224151611328,114100,84.29303983857214,95.961484661031,75.6810248758251,59.954614597367375,53.98496783994794,19.05,100.0,-1.23,2.13
LCII,2020-05-04,67.28789295955183,67.9506608189346,65.85464648144982,66.29373168945312,131200,82.53442635518087,96.25377531799215,75.85570214903356,59.83105894493836,54.065705412996415,19.28,100.0,-1.26,2.08
LCII,2020-05-05,67.2464719307202,72.88832031131211,66.85709254660794,69.98040771484375,150200,83.4293894056844,97.00838852725963,76.15888515035631,60.036042074014325,54.334195682124545,19.51,100.0,-1.28,2.03
LCII,2020-05-06,70.67631059791816,71.38879063532362,67.01449870751166,67.85124969482422,107100,79.79095099063319,96.76381777846169,76.29449106817508,60.13729240379207,54.27925005126505,19.73,100.0,-1.3,1.98
LCII,2020-05-07,65.53155613472023,69.04424467303433,65.45699734607085,68.53888702392578,113100,79.43983483001156,96.00647618985143,76.31606372999487,60.129633838689614,54.28897129728154,19.94,100.0,-1.32,1.98
LCII,2020-05-08,70.57687745679479,72.59832609991474,69.68213447406173,72.50719451904297,169600,80.42031971600227,96.18438348663688,76.8186634693884,60.4933641563906,54.4829262121142,20.14,100.0,-1.33,1.91
LCII,2020-05-11,70.42777750140199,72.18411841029966,69.3342044809,70.94142150878906,136400,79.09551698875802,96.17176623958507,76.88559969177643,60.548980134583765,54.52170163373021,20.33,100.0,-1.34,1.88
LCII,2020-05-12,71.52135265986527,73.69192593415062,68.31519228268138,68.32347869873047,138600,80.03845427774844,96.2995060825652,77.0857553702547,60.53161335873464,54.52245963330541,20.51,100.0,-1.36,1.82
LCII,2020-05-13,67.60272633326834,67.60272633326834,63.01303058839369,63.924346923828125,123200,82.70642428232541,97.01762134184673,77.70958533203962,61.033108760043135,54.854967149358345,20.69,100.0,-1.38,1.66
LCII,2020-05-14,61.82831832515274,67.17191943598557,59.86486103013301,66.62512969970703,196400,77.99715160359958,97.46023115159382,78.00567244314878,61.19108871051861,54.99938319117612,20.86,100.0,-1.39,1.61
LCII,2020-05-15,67.1470568439764,72.73090635225839,66.49256906625438,71.76160430908203,197800,80.23234635648501,98.78679265547228,78.927047546842,61.803721307662364,55.45775224322351,21.04,100.0,-1.39,1.48
LCII,2020-05-18,76.1193182371475,78.04964209623523,75.53110918322257,76.30986785888672,144500,77.44146202620384,99.60805364407986,79.52868072367829,62.10000032293353,55.72539611477989,21.21,100.0,-1.38,1.39
LCII,2020-05-19,75.50625538941125,78.55500505735642,74.54523983879211,74.66122436523438,95500,72.81307283148783,99.11852215820115,79.59361654779208,62.15470860693184,55.76740827685075,21.36,100.0,-1.37,1.37
LCII,2020-05-20,77.0886304109744,79.14321899550903,75.5228328865559,76.68267822265625,157000,72.82535573596806,99.16843969401536,79.721851427395,62.13440080636986,55.70327672940739,21.5,100.0,-1.36,1.35
LCII,2020-05-21,77.22117957938524,78.84496933117279,76.62468409491575,78.09934997558594,140500,71.6824682816549,99.2156414593044,79.7817234389007,62.15505578566846,55.6789603199646,21.62,100.0,-1.34,1.35
LCII,2020-05-22,79.23434853827129,79.23434853827129,77.05548906146362,78.75383758544922,69800,68.58111330993445,98.47772542051908,79.78460603011963,61.97976466731549,55.68458207207676,21.73,100.0,-1.33,1.35
LCII,2020-05-26,82.68903933687352,83.97316183415977,81.66174513145401,82.44878387451172,99500,66.31659604859148,98.806695974306,80.13053037581471,62.18391562462785,55.840759751357915,21.83,100.0,-1.32,1.31
LCII,2020-05-27,85.18273011899113,86.6408295882028,82.89616604783608,86.09403991699219,144000,66.50334496724219,99.1041444355541,80.42967490523941,62.26250230417387,55.92857136987356,21.92,100.0,-1.32,1.27
LCII,2020-05-28,87.80896347743382,87.85038923678901,82.00971112598013,82.6724853515625,113200,64.53837483011797,99.44266343232309,80.67872464858641,62.359167084041,56.07659069991813,21.99,100.0,-1.31,1.2
LCII,2020-05-29,81.52092146798105,83.54237088228798,79.93027088340669,81.96000671386719,199200,64.5240288747065,99.38351948204453,80.67129804451383,62.32537039651369,56.081871575198214,22.06,99.0,-1.3,1.21
LCII,2020-06-01,82.5150688998504,84.02287414600357,81.35521725188266,81.50434112548828,134800,63.34559082534393,97.87671041055582,80.6476105853833,62.31351191535879,55.86808100489699,22.11,98.0,-1.29,1.21
LCII,2020-06-02,82.84645348792976,84.92590124026798,82.2582444266474,83.07842254638672,107800,63.153473730196474,97.94168316372219,80.70261422754923,62.34865096650082,55.85712142776254,22.14,100.0,-1.29,1.21
LCII,2020-06-03,85.39812884524909,88.60428266536377,85.39812884524909,86.92250061035156,93000,62.781084622781606,95.06196846040076,81.02594198888822,62.573560087976055,55.86075255214045,22.15,100.0,-1.29,1.17
LCII,2020-06-04,85.92214704924817,91.84925018082554,85.68039385838628,91.32406616210938,144700,63.506551966160316,93.09006475422736,81.39868245256669,62.83537311581645,56.064774609116476,22.15,100.0,-1.29,1.12
LCII,2020-06-05,96.45923597443627,99.36860016210566,95.18378428952997,96.71765899658203,283400,64.63244709444486,92.83917892195194,81.81763188395374,63.18141140379565,56.33705542516017,22.14,100.0,-1.29,1.07
LCII,2020-06-08,98.36824502574937,100.56068751931943,97.85139263513565,99.21854400634766,229600,64.0077820683113,88.95564282813261,81.9112015537754,63.237579401470356,56.37253061279953,22.12,100.0,-1.28,1.06
LCII,2020-06-09,97.08446347556415,99.8604504554893,96.77601835776585,97.70134735107422,121400,62.63805629097009,86.79338872187382,81.95290208894373,63.25282323226051,56.19934755266559,22.09,100.0,-1.28,1.05
LCII,2020-06-10,96.94271800294946,99.53530472394635,95.86733582053505,97.56793975830078,126400,62.733101459144095,76.87742681429765,81.83620141677618,63.25333840059892,56.17142054849131,22.03,98.0,-1.27,1.05
LCII,2020-06-11,92.68287933408156,94.29178367756374,91.45744359577066,92.85794067382812,242600,63.87833447096914,77.134229990949,82.22153626512983,63.43729376352773,56.309301292145975,21.96,100.0,-1.27,0.97
LCII,2020-06-12,97.69299252540125,98.03477713607639,89.97358557400817,92.7412338256836,130700,62.07677712647234,73.99556154875484,82.16052982016086,63.43463990647529,56.23605055197379,21.88,99.0,-1.28,0.99
LCII,2020-06-15,89.39835962723852,98.99342985087053,88.59807666281205,98.09310913085938,161200,61.87692686299432,73.33170132283598,82.63330396193406,63.681317485916836,56.499854888111976,21.79,100.0,-1.28,0.93
LCII,2020-06-16,101.70274010240847,101.70274010240847,96.75931977581425,99.23519897460938,182000,59.79081689970875,71.49575978504299,82.47936986572131,63.687326873049635,56.49278361460086,21.69,99.0,-1.27,0.95
LCII,2020-06-17,99.53530922142114,101.13587546102134,98.00976654301242,98.78504180908203,248300,58.731172143490085,71.53290045856492,82.46819042587258,63.5934005504611,56.43798932590571,21.56,98.0,-1.26,0.95
LCII,2020-06-18,97.28451707454794,99.0684829066474,95.87568816756888,98.06813049316406,88500,57.638798616493546,69.10652097973443,82.45712375673524,63.58476533291994,56.438495218235985,21.42,97.0,-1.26,0.96
LCII,2020-06-19,98.86005664910088,98.86005664910088,94.72525771485229,95.60057067871094,301600,58.66906237978552,69.31625286016691,82.55713340157274,63.63534701963817,56.49481478279065,21.26,99.0,-1.26,0.93
LCII,2020-06-22,95.02538323218764,97.12613221214232,93.13304789588068,96.4258804321289,117400,57.08365317963885,69.15558121159874,82.49666181246006,63.64015791321799,56.48986391525674,21.08,98.0,-1.27,0.95
LCII,2020-06-23,97.90140447371455,98.02644375183984,95.30047936725752,96.74266052246094,81200,56.345044793038234,68.0973952427926,82.48599616980655,63.63854811725959,56.443564466443384,20.88,97.0,-1.27,0.95
LCII,2020-06-24,95.15042620201386,96.52591550691034,92.07433274780172,92.44113159179688,121500,56.97059287165461,68.90144189009435,82.73706606708107,63.88020187521669,56.594827868383746,20.66,100.0,-1.28,0.9
LCII,2020-06-25,91.89091065749074,95.18374206105118,91.89091065749074,94.85862731933594,163000,52.27028629253574,68.92008142573603,82.78319385078186,63.93552789511278,56.609386725087894,20.41,100.0,-1.28,0.89
LCII,2020-06-26,94.56688567171435,94.56688567171435,89.94857976617216,90.11530303955078,251600,54.763768389665,66.81891843523094,83.13909178172109,64.23924961408805,56.830502160566986,20.15,100.0,-1.28,0.81
LCII,2020-06-29,91.67418972042044,95.70061964944664,91.05730599028603,95.01704406738281,113600,52.91040702660328,67.40199938817447,83.56101518074944,64.52672143721261,57.068668744827164,19.88,100.0,-1.28,0.76
LCII,2020-06-30,94.65858007869915,97.23449076061945,93.91665074157152,95.85066986083984,113300,50.55353648374397,65.1809780663263,83.56568156881076,64.48094704423654,57.073786561643836,19.58,100.0,-1.28,0.76
LCII,2020-07-01,95.77565562841077,96.94273774812666,94.24178099570513,95.86735534667969,109100,49.83701313413755,61.914325942549056,83.53578695419081,64.47419197171436,57.03515057827253,19.26,98.0,-1.29,0.77
LCII,2020-07-02,98.60998379803887,99.60200443003207,94.91700675063275,95.41718292236328,103000,49.66169842278328,61.89374025111191,83.33117910219052,64.39686796732755,57.03085104898648,18.93,97.0,-1.29,0.79
LCII,2020-07-06,97.14280043085544,97.88472983957317,94.1834208680166,94.61690521240234,77900,49.750429553115445,61.2552844454873,82.68275708621512,64.33509264522435,56.999495392764466,18.61,93.0,-1.3,0.91
LCII,2020-07-07,93.34144512146567,94.4918509131365,91.74921059378026,92.30774688720703,92800,50.55368380315698,59.77085719477617,82.4095417561932,64.40495881700228,56.994981630444116,18.29,85.0,-1.3,0.92
LCII,2020-07-08,91.774207946331,93.13302720371054,90.49042496169243,92.00762939453125,123300,49.113228494126574,58.19343561252205,82.37781845700178,64.40619039548531,56.98908293189591,17.95,84.0,-1.3,0.92
LCII,2020-07-09,91.4240944888585,92.27439966385133,87.88117109991956,88.7481460571289,120100,48.93567354389251,58.50887109675816,82.46408074276158,64.48905656042153,57.107751321180935,17.59,86.0,-1.29,0.91
LCII,2020-07-10,89.57343106937796,90.91557423167556,89.1232770184975,90.79053497314453,145500,47.68682556570899,56.747810552991304,82.50549922187494,64.54134070254621,57.13140331235693,17.21,90.0,-1.29,0.9
LCII,2020-07-13,92.15768847547092,94.2584307566106,90.23200116100132,90.71550750732422,70800,47.57265087813429,56.535796662222346,82.49148893721885,64.49636181071635,57.040706755138174,16.79,88.0,-1.28,0.9
LCII,2020-07-14,90.25702790749932,94.39183420910793,90.25702790749932,94.34181213378906,109900,48.59864239999753,56.07397850117061,82.7156110167748,64.61624568850827,57.16931305730625,16.34,93.0,-1.28,0.87
LCII,2020-07-15,101.39429846089895,102.48635683478399,98.47659680319236,99.16851043701172,236900,50.17527580773952,56.644180024206115,82.99108597982439,64.87508496183526,57.376869400208676,15.88,95.0,-1.28,0.86
LCII,2020-07-16,98.23485317527741,100.45230970373619,97.93475254113412,99.07682037353516,90700,48.79565157946841,56.12562098158194,82.52245252447844,64.74001135384205,57.37281170930512,15.4,88.0,-1.29,0.96
LCII,2020-07-17,99.21852122252304,100.11050400208391,97.5179236518394,98.96009826660156,108800,46.90455107618233,55.98326021521448,82.40040262970972,64.73968683077842,57.36066321970187,14.89,78.0,-1.3,0.99
LCII,2020-07-20,98.19317070331832,100.42729690593032,97.6846564525685,99.63534545898438,70000,43.97788880963262,55.8011341608152,82.38833817610337,64.73938926706974,57.35922002923937,14.35,77.0,-1.31,0.99
LCII,2020-07-21,100.8691101669183,101.52767784774719,99.56031287618069,100.22721862792969,110100,43.3904659084631,55.21197734249576,81.79359848616501,64.60397337192835,57.28893274414515,13.8,69.0,-1.33,1.12
LCII,2020-07-22,99.45194811096543,102.96152564479449,99.45194811096543,102.46134948730469,77700,43.56688616678273,53.99077069914644,81.74607141772971,64.56340213377734,57.317963604191746,13.22,68.0,-1.35,1.15
LCII,2020-07-23,102.32795102162746,103.63674818558626,98.77669000371935,100.57733154296875,115100,43.95136601698804,54.225361583225606,81.75744043732344,64.50625277738907,57.311367073303344,12.6,68.0,-1.37,1.13
LCII,2020-07-24,99.96047117703809,99.96047117703809,97.55127716064453,97.55127716064453,100200,42.375903329180254,53.91875354505969,81.89739132842597,64.59742511534478,57.38650586612902,11.93,71.0,-1.39,1.09
LCII,2020-07-27,97.61796808261086,102.16125057485955,97.61796808261086,101.32762145996094,114000,43.649332899339385,53.389035145121035,82.052871064681,64.59436627553362,57.49879855331719,11.21,73.0,-1.41,1.07
LCII,2020-07-28,100.96081738911926,102.01119180035505,99.60200429178838,99.71871185302734,107900,40.938161718224286,52.77362893279963,80.9658326615616,64.6218589312714,57.504894212922,10.5,62.0,-1.43,1.25
LCII,2020-07-29,100.11884488059027,103.77847580067564,100.11884488059027,102.66975402832031,105300,41.66087546654598,52.03272404767332,81.07307481182853,64.6968034350478,57.56474991255472,9.72,63.0,-1.45,1.24
LCII,2020-07-30,100.8107685437781,103.99523149011405,100.47731562770454,103.4867172241211,182300,41.66991535017384,51.110028095156814,78.68729277472468,64.69529660927903,57.56839767581427,9.04,48.0,-1.45,1.46
LCII,2020-07-31,102.94485686736144,105.0289296394115,102.8698333004086,104.87054443359375,187300,41.717373481916006,50.52719950193134,76.942545604017,64.71132658745906,57.550054996654374,8.42,44.0,-1.46,1.61
LCII,2020-08-03,105.704169342963,109.27210076935108,105.4624161477994,108.99700164794922,142800,42.149135195931215,50.931532946088666,76.50225440761189,64.82952997833755,57.652811349846175,7.77,41.0,-1.45,1.75
LCII,2020-08-04,109.76393225445153,109.79728453876439,101.7110791758581,106.36272430419922,266300,42.942886454618545,50.328622127540754,73.85965112267138,64.89990380659188,57.490837039665074,7.22,30.0,-1.43,1.95
LCII,2020-08-05,107.76323974517831,107.76323974517831,104.94556925327757,106.78789520263672,213900,42.943393930732775,49.98732536037267,72.15870717512983,64.90066793661757,57.380284573354565,6.75,22.0,-1.43,2.14
LCII,2020-08-06,106.59613700389646,106.97960556084404,102.45300007066632,102.53636169433594,128600,42.484789666006456,50.1058794946285,65.6721598909263,65.08847212237089,57.448111841869384,6.6,12.0,-1.41,-0.24
LCII,2020-08-07,101.91115871614889,104.95390624022276,101.91115871614889,104.63712310791016,116600,42.26135129607171,47.78521102896109,65.20725090161291,65.12849738119473,57.45363947638148,6.46,11.0,-1.39,-0.18
LCII,2020-08-10,104.45374007896676,107.9132961303231,104.45374007896676,106.1960220336914,116500,39.06597435703926,47.305187349893544,63.08047985859188,65.14277276664112,57.46590015548367,6.42,4.0,-1.36,-0.25
LCII,2020-08-11,107.67985792434692,108.16336427759578,104.38702587187592,104.93721771240234,139600,36.664042798239706,45.38931308427491,62.32336329529793,65.13929493733043,57.46491215444871,6.4,2.0,-1.34,-0.19
LCII,2020-08-12,106.5544652285815,107.34641664445124,103.29497894078209,104.24531555175781,154100,36.73653218784838,43.980556694715126,61.20445048506902,65.14392110304551,57.45471125654199,6.43,1.0,-1.33,-0.12
LCII,2020-08-13,103.41168857344384,107.77156504350772,103.41168857344384,105.68749237060547,123700,36.86249379463375,43.64943572271475,61.199187931899516,65.01656477550571,57.38460059675501,6.45,1.0,-1.32,-0.12
LCII,2020-08-14,104.43704137875085,106.7295211567681,104.34534167882339,105.81253051757812,74600,36.79146928838205,43.439831124552015,59.30630171284281,64.98842869572276,57.12539466426356,6.57,1.0,-1.29,-0.16
LCII,2020-08-17,106.33772753261975,107.67987091226567,105.87923533689366,106.80455780029297,84100,36.65331991594504,43.36452488182167,59.16034451930812,64.98334962299145,57.03661205201062,6.69,1.0,-1.25,-0.14
LCII,2020-08-18,107.23803861216439,107.67986098334214,104.24531342772053,104.5954360961914,71800,36.409637231001284,43.68741580978681,59.18027470294369,65.02601890817073,57.0763319302238,6.81,2.0,-1.21,-0.15
LCII,2020-08-19,104.34535028591635,107.02963693775324,103.60342091445649,104.17862701416016,103200,36.423304216774625,42.870143625451306,58.53079080845972,65.00980472041283,57.05994920028999,6.95,1.0,-1.17,-0.07
LCII,2020-08-20,103.11159404032924,104.32869186493888,102.55305766293841,102.85316467285156,48200,34.77849031861491,42.20598250143178,58.54422857357683,64.99150443117564,57.072980676131756,7.08,2.0,-1.12,-0.07
LCII,2020-08-21,101.7110908078492,102.8531586328705,100.9024695430737,101.5943832397461,116200,34.70069048128002,41.35045664092461,58.551248646228274,64.99614247614542,57.08832518100415,7.21,3.0,-1.07,-0.07
LCII,2020-08-24,102.81146045322863,103.25328278136404,101.27757987017745,102.28627014160156,77400,34.683632519237065,41.27864910866052,56.3809101967397,64.97220515236657,56.94138612229301,7.41,1.0,-1.05,-0.21
LCII,2020-08-25,102.88649058871978,103.28663531079391,98.36822289407333,99.33523559570312,127100,34.32146476942433,41.7885187125907,56.675249631325265,65.03931703408634,57.01988032756695,7.6,2.0,-1.04,-0.26
LCII,2020-08-26,99.68537680342149,101.86948113926984,99.16018636045857,100.80243682861328,106300,31.420318865374547,41.726224024812495,55.26538464904858,64.98994729896162,56.99841452106224,7.83,1.0,-1.1,-0.25
LCII,2020-08-27,101.50268239759743,101.50268239759743,99.0351409907547,100.185546875,100400,31.477792042768087,40.83584903845796,52.80522467667954,64.8707374704817,56.99557215873534,8.14,1.0,-1.1,-0.63
LCII,2020-08-28,100.2439135797538,101.36931175333046,99.16853112408705,99.5186538696289,59900,31.541619772002083,39.67807117773319,52.75115659556171,64.8745053304829,56.91021442796149,8.44,1.0,-1.09,-0.62
LCII,2020-08-31,99.11015603310544,99.24353973231428,94.67524979576879,94.72526550292969,172700,34.57314650161788,39.27777842973974,52.88483160252038,65.13778111429289,57.13589176606519,8.72,3.0,-1.04,-0.62
LCII,2020-09-01,94.1167174980396,96.9760652870334,92.98298152362264,96.95105743408203,108600,35.26083837327661,39.2157525824489,51.591698622944136,65.14207742142337,57.09822443499619,9.04,1.0,-0.97,-0.66
LCII,2020-09-02,96.65927928816171,98.03476839996405,94.53352916999853,97.67630767822266,97500,34.676986936977464,39.12142480429599,50.55618183299737,65.1468326589985,57.09171283495973,9.37,1.0,-0.91,-0.63
LCII,2020-09-03,97.85250708300161,97.85250708300161,93.69107042884085,94.60558319091797,99000,35.45419077315171,39.66496516552015,50.611552187090126,65.25916897209683,57.052149381904314,9.68,2.0,-0.84,-0.63
LCII,2020-09-04,96.3590949306587,96.55206763940565,91.90400946589577,93.90921783447266,73400,34.45732909331456,38.362284770975165,49.459712376100626,65.24458947360745,57.03728800543928,10.01,1.0,-0.82,-0.65
LCII,2020-09-08,92.28154278475738,94.1357307021045,90.70422620737735,91.75297546386719,109300,32.93170913351188,38.66072770093203,49.460416674837596,65.29626722817967,56.99369572762115,10.33,2.0,-0.78,-0.64
LCII,2020-09-09,92.69267163685123,93.73302927012762,92.06342198428707,92.67588806152344,87900,32.923225454746465,36.908976052258154,48.814091813360484,65.29279011795468,56.92621241994779,10.64,1.0,-0.7,-0.58
LCII,2020-09-10,92.99470118934761,93.13733596866386,90.9559385563383,91.56001281738281,73500,31.62799178228108,36.88497550556008,48.83227629924598,65.28780873693937,56.90814485388119,10.94,2.0,-0.63,-0.58
LCII,2020-09-11,92.22283539273289,92.95276735621366,89.09337043888779,89.50447845458984,105800,31.884660631202127,37.139239795589354,48.71816378437424,65.34320433020119,56.94461966460461,11.23,1.0,-0.62,-0.57
LCII,2020-09-14,90.25118534037634,92.99471117409439,90.14211769841994,92.28156280517578,70600,33.10724850969147,37.69921547017728,48.730507311083876,65.44304265422771,57.020074850093884,11.51,2.0,-0.59,-0.57
LCII,2020-09-15,92.86886087339757,92.96953672124093,89.15209266546245,89.21920776367188,85800,31.57335737972397,37.96543952892546,48.922626906394484,65.56547293971374,57.12408372441716,11.77,5.0,-0.54,-0.58
LCII,2020-09-16,89.05141088240637,89.1269241697424,86.97908098934316,88.2711410522461,191600,31.14833313444877,37.959617857027325,48.48436764619446,65.56721880979497,57.13307437390935,12.02,1.0,-0.46,-0.52
LCII,2020-09-17,86.81127803075745,90.4021948145344,85.71219075002838,89.31149291992188,145400,31.447397821672528,38.04402246649996,47.48949953384539,65.57944447268932,57.13905497953883,12.29,1.0,-0.35,-0.48
LCII,2020-09-18,89.85684519299448,91.03144577350947,88.55639980829355,89.99947357177734,474700,29.89776590525961,36.95326714835109,47.48768679235301,65.58338582235471,57.13774796155426,12.54,1.0,-0.22,-0.48
LCII,2020-09-21,87.77612035940817,88.19562006336069,85.31785183820404,87.37339782714844,136900,29.823329765112838,37.01667843036037,47.12706830183051,65.67362042082472,57.203248295260465,12.79,1.0,-0.12,-0.44
LCII,2020-09-22,88.7829135210322,90.90558091357065,86.63507717143713,90.36862182617188,123800,31.430485375638025,36.21007793760551,46.82764511417204,65.78110633928233,57.29893410140438,13.04,1.0,0.03,-0.44
LCII,2020-09-23,90.10016222182456,90.92238460695813,87.616724292751,87.72579193115234,252900,32.16454420824253,34.992005343466765,46.643358333828964,65.85550471312325,57.302187113858494,13.28,1.0,0.16,-0.42
LCII,2020-09-24,87.84324049125533,88.32986171203618,86.29109277771708,87.23916625976562,135600,32.16416040237131,34.93897852192177,46.12889837970878,65.85584601113196,57.30233217163991,13.51,1.0,0.23,-0.37
LCII,2020-09-25,89.60514559769865,92.14731295745209,88.06977503749142,88.85843658447266,198000,32.43850717542382,35.17645288583384,45.45985353173276,65.89087076016547,57.26619880608259,13.75,1.0,0.38,-0.31
LCII,2020-09-28,90.30149739249374,91.46770597247138,87.47407369042949,88.36341094970703,243900,32.371489503997935,35.18059054530786,45.164718923550055,65.89082343128739,57.26689202838426,13.98,1.0,0.49,-0.26
LCII,2020-09-29,88.24594884089595,90.6790481520645,87.2810983415119,87.59992218017578,103600,32.049167110423944,35.18284372848647,45.18422114533626,65.83920610570614,57.19181870438943,14.19,2.0,0.59,-0.26
LCII,2020-09-30,87.56636879826799,92.69265559259509,87.56636879826799,89.17724609375,462800,32.51165996392864,35.05337777742228,44.42417645826799,65.87331514008578,57.20587948225171,14.41,1.0,0.76,-0.2
LCII,2020-10-01,89.99108479851502,93.58200150012065,89.8987943448801,93.2883529663086,266800,35.64385955317096,36.27335108354187,44.77602899783219,66.08812284844092,57.3553735986213,14.62,2.0,0.97,-0.26
LCII,2020-10-02,91.45094795092099,95.234837589627,91.45094795092099,94.5049057006836,85900,35.85219550650578,35.56238673616522,44.33371646730016,66.02153106971723,57.36706027726294,14.82,1.0,1.08,-0.2
LCII,2020-10-05,95.4194046285783,98.57403776547372,95.4194046285783,98.33911895751953,92700,37.77999874019122,36.17180406236346,43.2730392653374,66.18704738347498,57.49665597297491,15.02,1.0,0.63,-0.36
LCII,2020-10-06,99.55568001196283,101.51893569588789,97.63437046083105,98.02030944824219,116700,37.7101689336581,36.181371524663994,42.87789911858986,66.14549841167694,57.49753592407492,15.22,1.0,0.12,-0.28
LCII,2020-10-07,99.11100995708662,100.671549560057,98.17133460118758,99.83255004882812,131600,37.17433719600258,35.49363017436479,41.434980012604214,66.176983984874,57.51516808718908,15.43,1.0,-0.08,-0.42
LCII,2020-10-08,100.92325222551635,101.14139389127614,97.05546395702163,97.3155517578125,61000,37.63501956409147,34.3996687268574,40.620467556132226,66.1274695325618,57.57706174813008,15.63,1.0,-0.05,-0.45
LCII,2020-10-09,97.99514766282873,99.14457292223263,97.52530357331663,98.9683837890625,68900,37.95951188225647,34.578430916363935,40.49604812695357,66.14665910157808,57.595466357950265,15.82,1.0,-0.22,-0.43
LCII,2020-10-12,99.09422164650266,99.92482927697408,97.50012147411103,99.03549194335938,78700,37.913750392587744,34.5778628643078,40.31548406058245,66.13293474179656,57.55326719521465,16.01,1.0,-0.33,-0.39
LCII,2020-10-13,98.0370777262574,100.88967694076065,97.50011862718118,100.47856903076172,101600,35.126664841824066,34.677681963830786,40.28189979703319,66.1504914131097,57.56345416001215,16.18,1.0,-0.43,-0.38
LCII,2020-10-14,100.13458073069341,101.30078942677937,97.9447917054252,98.16293334960938,94400,35.268556610703186,34.98578011647131,40.4784202701623,66.16244224124135,57.54945392459949,16.34,3.0,-0.56,-0.42
LCII,2020-10-15,96.45136911496998,99.16133996137957,96.06543016366206,98.89286041259766,153000,35.26778934258128,34.7131671369732,39.87885391919845,66.15912079664848,57.49485095882233,16.49,1.0,-0.53,-0.35
LCII,2020-10-16,98.9599877078082,99.80737898862431,97.96996804933677,98.46498107910156,56600,33.949976395305974,34.520569304700075,39.33178138876576,66.10986493227026,57.49533166436507,16.64,1.0,-0.46,-0.27
LCII,2020-10-19,98.6495588866923,99.42982864720739,97.91962704586918,98.66633605957031,91600,33.84934946270896,33.94432082001965,38.753838941844094,66.07378637676209,57.494878880782586,16.78,1.0,-0.44,-0.2
LCII,2020-10-20,99.5472936349619,103.13821053138533,99.5472936349619,100.48696899414062,63300,33.3326710527839,33.24040797729461,38.805316386160925,66.07447791425662,57.46974585622873,16.91,2.0,-0.51,-0.22
LCII,2020-10-21,101.07428557662038,102.29083246918131,95.56205831120842,95.61239624023438,92800,36.58354656592532,34.61768469753723,39.64953509083532,66.3367222382187,57.69157729177441,17.02,4.0,-0.67,-0.26
LCII,2020-10-22,96.48493462458737,97.04706270745069,94.76498322955209,94.99990844726562,109400,36.44272217003541,34.07032360139031,39.56935236760794,66.33723682515006,57.659898738880585,17.12,4.0,-0.79,-0.24
LCII,2020-10-23,95.0670277723065,96.67791161739154,92.58359011250027,94.26158905029297,102200,35.84317936305453,34.040994305843896,38.96292398018131,66.3239613624487,57.63365771527469,17.21,3.0,-0.77,-0.16
LCII,2020-10-26,92.59198655110669,93.80853328169988,91.25797399999344,92.84368896484375,59500,35.088816286788415,34.010412537472064,38.25504073708514,66.20131164723688,57.65517493269374,17.3,1.0,-0.75,-0.1
LCII,2020-10-27,92.5584130460629,94.73981019392858,92.25637275162916,92.36544036865234,71800,33.63333974160855,32.94354893733668,37.14624780186478,65.74913109358425,57.545617884413666,17.38,1.0,-0.78,-0.11
LCII,2020-10-28,89.81488982775177,92.75977316208538,88.94232966907819,91.78653717041016,76100,33.52283653498133,32.641239710644875,36.922311578918006,65.49407105874744,57.549125070455744,17.46,1.0,-0.8,-0.05
LCII,2020-10-29,91.84526765260607,94.57201577119947,91.01466001800759,94.0098876953125,99500,34.03576561337156,33.06267479483128,37.05347408362723,65.53312375354922,57.594533808842144,17.52,2.0,-0.81,-0.08
LCII,2020-10-30,93.50649561230676,93.76658982086812,90.79653069893703,92.00469207763672,161300,34.63982833743035,32.33724408438448,37.20544594524877,65.50388045973469,57.53056722249358,17.58,4.0,-0.83,-0.12
LCII,2020-11-02,93.41419403949102,97.69309627971201,92.28993786886886,95.02507781982422,124700,34.57417931330552,32.77873598903135,36.7318757065205,65.58851371476642,57.54476151635251,17.62,1.0,-0.82,-0.15
LCII,2020-11-03,96.84571117116512,99.6060202552477,95.8305225586519,98.74185180664062,126400,34.96055941474819,33.6276711093528,37.22629691459133,65.73606167149435,57.586992951911654,17.64,6.0,-0.81,-0.23
LCII,2020-11-04,96.7366309798629,99.26201450243309,96.7366309798629,99.17811584472656,117500,33.56353104683235,33.57200541242076,36.15438553964842,65.72826222713323,57.575349389423934,17.66,1.0,-0.81,-0.25
LCII,2020-11-05,100.4953446001899,104.52254418012294,100.4953446001899,103.5409164428711,122000,35.262786411427015,34.73617354285104,36.748798752076375,65.85065103621766,57.60807685598822,17.66,3.0,-0.85,-0.31
LCII,2020-11-06,104.35475390244032,104.90849663644123,100.63798591849786,101.60283660888672,120900,35.75018216428356,34.82406088399979,36.8686057163367,65.56775169771039,57.63859388228787,17.65,4.0,-0.87,-0.34
LCII,2020-11-09,106.17540254363732,109.59012427793604,94.42101628856068,94.87407684326172,253900,41.481865091419415,37.49430242879527,38.43667614408081,65.99896432915686,58.04271929173049,17.61,11.0,-0.87,-0.1
LCII,2020-11-10,95.9647612032771,99.62279956195547,94.73982269249886,98.23844909667969,273400,42.382886811045275,38.17682529168962,38.62444905385154,66.11041377797083,58.138979168216906,17.55,12.0,-0.88,-0.11
LCII,2020-11-11,99.32915660414578,101.41826369958832,97.15615083358408,101.28402709960938,65200,42.90391659626198,38.50797582323987,38.900747445677716,65.80283857090585,58.21642124434382,17.48,15.0,-0.9,-0.16
LCII,2020-11-12,101.15816546955215,101.15816546955215,96.1241686680794,97.69309997558594,102400,42.64087912308827,39.18717518084919,39.32878800589326,65.88336056243959,58.30720679860827,17.39,17.0,-0.9,-0.24
LCII,2020-11-13,98.918054590797,100.6715606906307,98.33075102736763,99.94163513183594,60200,42.96226280435555,39.40941975345154,38.8040291046776,65.88935481959948,58.348759211199976,17.3,14.0,-0.89,-0.19
LCII,2020-11-16,101.09943062338179,104.12821905704655,99.59762088582872,104.11982727050781,131500,43.05446020223081,40.22969377686995,39.12577570656875,66.04181534619369,58.487877947260124,17.19,18.0,-0.92,-0.22
LCII,2020-11-17,104.1953285762589,106.70393477428814,101.66993880708046,105.80620574951172,162800,43.21724438527251,40.3373357734325,38.2892282864027,66.03144330789931,58.50710028454134,17.06,11.0,-0.91,-0.18
LCII,2020-11-18,105.82299973436763,105.82299973436763,103.77584540180557,104.58967590332031,156400,43.137381885029505,39.939088969288285,37.44691745359641,65.28252246579123,58.52021156566586,16.93,10.0,-0.94,-0.17
LCII,2020-11-19,104.32118207991796,105.6551944513531,103.75905401948422,105.25247192382812,115500,42.38055024483924,39.85242698063855,37.436103223319485,65.28334085095487,58.51861782744171,16.79,10.0,-0.98,-0.17
LCII,2020-11-20,104.48899521475892,107.03955438273942,103.96042785074908,106.5781021118164,123800,42.27276548303837,39.89865066303492,37.480953653109175,63.6979851294154,58.51348835157876,16.63,12.0,-1.0,-0.18
LCII,2020-11-23,107.36676919295658,110.32005107679228,105.62164866169533,109.29647064208984,122800,42.776292146367254,40.169165222386596,37.66384798143795,62.52134039372413,58.562094347725925,16.45,13.0,-0.98,-0.21
LCII,2020-11-24,110.32842768163931,113.0551758943034,109.06992850656357,110.8066635131836,221800,42.7599489200431,38.81072366740356,37.68152484658779,62.12143272758777,58.460542441754406,16.28,14.0,-0.91,-0.21
LCII,2020-11-25,108.54134759208667,108.93567833175186,106.5277541657189,106.77106475830078,102000,43.681136609579404,39.40683112784315,37.95195293335393,60.47365307277157,58.56244573224095,16.09,15.0,-0.92,-0.24
LCII,2020-11-27,106.578111973434,108.10509730175843,105.73072063435669,107.29965209960938,34800,43.664365451269035,39.394270102706066,37.94834916602035,59.2772728134662,58.553540357387945,15.89,15.0,-0.92,-0.23
LCII,2020-11-30,106.435463532267,108.18058380635759,104.51415415373322,105.52934265136719,108600,43.98145901709605,38.96068963406567,37.58176973515793,54.835757983359045,58.57243453128098,15.67,13.0,-0.9,-0.18
LCII,2020-12-01,107.23250598892221,109.64043005175537,106.13341887734491,108.75949096679688,101600,44.71494389079234,39.339379959975126,37.70523379702424,54.562160385859336,58.63142474700007,15.44,16.0,-0.88,-0.2
LCII,2020-12-02,108.65044448432808,108.79307287519627,106.40192537718148,106.74591827392578,149100,44.917955430825955,39.22362731901385,37.84332691033786,53.28506065322753,58.63388611389896,15.19,17.0,-0.86,-0.24
LCII,2020-12-03,106.76276889778454,108.77143222805576,105.84283982962921,106.97376251220703,57900,42.15700141310094,39.19262400715335,37.36103612619128,52.79279579914827,58.62255998009099,14.92,10.0,-0.86,-0.18
LCII,2020-12-04,107.96122648855976,109.89393548416594,106.81342054718671,109.12591552734375,75100,42.296027522385124,39.2360392559144,36.664196125146866,52.13170372524644,58.631328167802785,14.63,2.0,-0.89,-0.17
LCII,2020-12-07,108.5942188267341,110.48472671636937,108.5604655063975,110.12181091308594,96100,42.147936378035226,38.88840624866949,36.68554524079013,52.13155719410548,58.61230949711583,14.33,3.0,-0.9,-0.17
LCII,2020-12-08,109.41285956434824,111.59875054648312,107.45483887633362,110.75477600097656,148100,41.70443034321972,38.48013880097908,36.69122574953296,50.82275653696174,58.558233555440175,14.01,4.0,-0.91,-0.17
LCII,2020-12-09,111.95321663716062,112.43428830236424,108.92335115479867,109.37910461425781,91900,41.92678929213635,37.85374126948275,36.74311986877126,50.74369917992502,58.475933003157245,13.67,6.0,-0.94,-0.19
LCII,2020-12-10,107.79242059421827,109.36221362726138,107.02440073397048,107.97809600830078,56300,42.133170197869056,37.8915084253137,36.79942641491835,50.672601464108126,58.49033865266128,13.32,8.0,-0.98,-0.22
LCII,2020-12-11,107.08348594130689,108.87271426116354,107.08348594130689,107.94434356689453,85200,41.79175844114945,37.85835589641338,36.640817140743025,50.280552962558446,58.48432551765491,12.95,2.0,-1.0,-0.19
LCII,2020-12-14,109.13435625502403,109.13435625502403,107.27761466317119,107.95279693603516,96000,41.07889217425713,37.851661348027505,36.51300285272116,50.251260003406514,58.442865615753526,12.55,2.0,-1.03,-0.14
LCII,2020-12-15,109.51415525959075,112.18111847108264,107.72493297042816,112.00389099121094,154600,41.35794366632846,37.85376230286187,36.61156246563754,50.34705790463537,58.55276740890388,12.11,3.0,-1.02,-0.12
LCII,2020-12-16,112.67059945241061,113.07570361987446,109.72512371453045,110.0627212524414,99700,40.6604688100432,37.598819144326896,36.25721398105035,49.093436373615475,58.58047465026679,11.64,2.0,-1.05,-0.1
LCII,2020-12-17,110.06272403823894,113.61584967823337,107.7586706860424,113.0757064819336,108400,41.22228750443728,37.269251974367954,36.39160761493018,49.16586645361068,58.622505800503454,11.17,3.0,-1.04,-0.1
LCII,2020-12-18,113.0419544290381,115.51479370405582,111.91946672083911,113.21074676513672,408300,39.56112827036091,37.21911112742512,36.11545078965436,48.319980391123394,58.61682400079755,10.65,1.0,-1.03,-0.05
LCII,2020-12-21,110.5437752127249,113.30357540382819,109.9276774402132,112.80563354492188,146900,39.07142433518366,37.13723575785889,36.10530308918174,46.680571483801984,58.60911825409868,10.17,1.0,-1.04,-0.05
LCII,2020-12-22,112.70435567381723,114.99153236929365,112.18953068350142,112.32456970214844,74800,32.69997099172265,37.123767590397755,36.059098674033166,46.61895837860087,58.59622788505813,9.7,1.0,-1.05,-0.05
LCII,2020-12-23,112.69590430381518,114.27413236269118,112.03760528043226,113.59051513671875,67000,31.56241331260896,37.057363639668345,35.58522727045704,46.22886475602289,58.60448155881812,9.22,1.0,-1.03,0.01
LCII,2020-12-24,114.46827400858767,114.46827400858767,112.76344178685059,113.32890319824219,27100,30.661799795931273,36.97347649774308,35.36406859469283,45.33835761812999,58.605279855654935,8.78,1.0,-1.02,0.09
LCII,2020-12-28,114.90712858812816,115.38820025787776,113.0925884764712,113.26982879638672,98000,28.28629765906342,35.977329599187065,35.360424959720085,44.715924266688646,58.60528235845535,8.36,1.0,-1.03,0.08
LCII,2020-12-29,114.19820183586083,114.19820183586083,110.27372507059968,111.35401153564453,86700,28.45936523863849,36.15631502014693,34.855472069390174,44.591104119713485,58.62295588215668,8.12,1.0,-1.06,0.16
LCII,2020-12-30,111.86039208617487,113.41331519673635,111.36245014390107,112.18110656738281,64400,26.204804957279304,35.33945880285482,34.732215330240216,43.874304052151004,58.62377537325315,7.87,1.0,-1.08,0.19
LCII,2020-12-31,112.18109939609714,112.18109939609714,109.32846120063056,109.44661712646484,64800,27.018000940520714,35.75093196493992,34.889307883043266,43.86760664339904,58.67854852259759,7.65,3.0,-1.1,0.13
LCII,2021-01-04,110.26525803704729,110.29902422713982,107.75865929986334,108.37476348876953,89500,26.9522142530552,35.662137175272754,34.87229269227083,43.4721410795514,58.6842335209528,7.45,3.0,-1.12,0.14
LCII,2021-01-05,108.02873298150642,111.6578258057096,107.84305756645217,111.10079956054688,111100,27.780813548264028,35.53310958592626,35.06998974066205,43.52086436533629,58.7207912009166,7.25,5.0,-1.14,0.09
LCII,2021-01-06,112.93221132420433,118.60372026824301,112.13887333530202,116.915771484375,200100,31.11214572936912,36.80180278471961,35.913578044531086,43.70487942767076,58.9145375167731,7.03,9.0,-1.1,0.07
LCII,2021-01-07,117.91170236968703,119.88659993235483,115.9199217084065,119.79376220703125,149900,31.059528709986246,37.062166367302794,36.10369502455717,43.66490475702742,58.95832239272064,6.84,11.0,-0.99,0.03
LCII,2021-01-08,120.51110404007984,120.79806513559717,115.33754950488931,117.31244659423828,126400,31.64382242840392,37.3105321262055,36.250387821549346,43.652456598368346,58.9991115338384,6.64,15.0,-0.98,-0.02
LCII,2021-01-11,115.70890972384002,119.03415845418891,115.70890972384002,117.5150146484375,86100,29.40725143675663,36.91903294703992,36.08095940819141,43.35287074200533,58.99726268866369,6.43,11.0,-0.99,0.03
LCII,2021-01-12,118.48560776749866,122.40164986532244,117.52347712340499,122.24974060058594,84200,31.234438816868504,37.66108388040294,36.57984102813042,42.95392140830302,59.07901035809638,6.22,20.0,-0.88,-0.04
LCII,2021-01-13,122.21597527621022,122.21597527621022,119.10170654648674,119.5152587890625,100100,31.62955515663524,38.00913132458976,36.71120617698622,43.05629378897978,59.12725408613086,5.99,26.0,-0.89,-0.07
LCII,2021-01-14,120.87404196124156,124.77320045094928,119.88659323507001,123.95454406738281,117700,32.13018135139364,38.61330847340397,37.059084694452885,42.87356280407094,59.23239277009481,5.74,34.0,-0.8,-0.12
LCII,2021-01-15,121.61674937334034,122.5366786296089,118.97510465962057,119.60808563232422,122100,33.53749223817179,39.32668887538565,37.52968830578451,42.75551754533226,59.28548265322966,5.53,42.0,-0.84,-0.21
LCII,2021-01-19,120.76430552459459,122.7307676127891,119.44770739331243,121.68423461914062,91200,33.75659266370781,37.8660470384905,37.282010156210724,42.498955720878115,59.30678327151855,5.3,38.0,-0.86,-0.15
LCII,2021-01-20,122.46915620733226,123.83639095495445,120.72212258267673,121.27071380615234,113300,33.494335774433246,37.835490278865464,37.236465628081625,42.173487663483996,59.27184897578659,5.1,38.0,-0.9,-0.14
LCII,2021-01-21,121.94587945176059,123.42283481841172,120.29168377477863,120.384521484375,73200,33.59508041060959,37.82934257778985,37.243477836442544,41.7568663329725,59.276720769102496,4.95,39.0,-0.94,-0.14
LCII,2021-01-22,118.7978369450863,120.30855839683808,118.5784082278721,118.8653564453125,97000,33.88686240532765,37.77930696168097,37.290752381941964,41.604043582379276,59.19998549782909,4.79,41.0,-1.0,-0.16
LCII,2021-01-25,117.76820776673304,118.6037472408541,112.99975651908582,115.91991424560547,337000,34.55649483522484,38.206745001856376,36.63676653223443,41.72908911200582,59.24849061394809,4.62,22.0,-1.04,-0.17
LCII,2021-01-26,116.6288335769754,116.89046360108534,113.41329292034705,115.95365142822266,129300,34.275043102289985,38.156420423685994,36.47941421036959,41.24410921316583,59.23659525960841,4.48,19.0,-1.08,-0.13
LCII,2021-01-27,112.77186541800657,113.9196712210562,109.98675994824991,111.10079956054688,135000,36.686538052637694,39.096524208804134,37.145557901462446,41.49218091406439,59.39524689321477,4.35,37.0,-1.1,-0.21
LCII,2021-01-28,112.59465864794055,113.21075652291617,110.05428676588976,111.53124237060547,117200,36.695050393479285,38.7661573653544,36.763121239879894,41.21726599541958,59.35648073430415,4.22,32.0,-1.1,-0.13
LCII,2021-01-29,111.09237071861098,112.41740402475779,108.79675898301588,109.19342803955078,149100,35.62021927702862,38.60100195977378,36.914335180840816,40.48684886796635,59.391079125622184,4.1,35.0,-1.09,-0.17
LCII,2021-02-01,109.8685980765786,111.94478108562744,108.15533081181552,111.03328704833984,148700,35.61105857370037,37.987334494934885,36.777283033915,40.26197119936077,59.37026486130775,3.98,33.0,-1.08,-0.13
LCII,2021-02-02,112.16422370312421,116.19842142324839,111.3371321676843,115.2025375366211,161300,36.36011161745239,38.653244499583586,37.17277422652393,39.56492793422875,59.45182649171499,3.87,42.0,-1.09,-0.19
LCII,2021-02-03,115.31225412202659,116.61196934423619,113.1094798932059,115.75955963134766,111900,36.380292188717284,37.7229638832041,37.10421783879712,38.94210820179711,59.42820238823403,3.74,40.0,-1.08,-0.17
LCII,2021-02-04,115.93678713758551,119.33800375873696,115.72579348675463,117.48126220703125,94400,36.57878461726271,37.56234669200075,36.93665939134825,38.86321528093138,59.441767012115236,3.62,38.0,-1.08,-0.12
LCII,2021-02-05,119.41394185879709,121.71798835273029,118.14798026551091,121.42259216308594,124300,37.65962041087283,35.05105178396206,36.9855140555633,38.9253492749106,59.52390208912457,3.48,39.0,-1.06,-0.12
LCII,2021-02-08,122.41009069218734,128.2335241282857,121.47327821513858,127.33891296386719,154200,39.79665688994916,35.62018748018807,37.1955093184586,39.244852711103256,59.68656347997037,3.33,46.0,-0.97,-0.09
LCII,2021-02-09,124.06429282430238,128.2166472020375,118.21555377261262,127.3051528930664,149100,39.77380198103924,35.209201706071454,37.1306901510299,39.240688695037676,59.57755878310023,3.18,43.0,-0.91,-0.07
LCII,2021-02-10,127.54986903464192,129.09434389961115,119.61650108689882,120.26636505126953,199000,43.49504356940718,36.45088652524027,38.329247264308115,39.530649774565354,59.489749453666676,3.05,68.0,-0.91,-0.05
LCII,2021-02-11,121.51544680139322,123.802623398436,120.08069270459794,121.7264404296875,148200,43.204357314205744,36.27467593998699,38.34929515951972,39.24459960912209,59.30416749130494,2.91,69.0,-0.9,-0.05
LCII,2021-02-12,121.27068680789557,124.55374679571433,120.65458908542813,123.38062286376953,90800,43.2947558552397,35.4846598784689,38.02477735154734,38.94090554891525,59.301973805765684,2.77,66.0,-0.91,0.03
LCII,2021-02-16,124.35966330592251,124.35966330592251,120.18197870512137,120.50269317626953,75900,43.23570973515842,35.782593796003,37.95228439274421,39.03972820052601,59.28608821430477,2.63,66.0,-0.9,0.02
LCII,2021-02-17,118.52778383896481,122.86581236358579,118.52778383896481,121.16098022460938,131900,43.06144393470036,35.67342768026049,37.59316439330868,39.030840808788064,59.269018112566165,2.49,60.0,-0.92,0.12
LCII,2021-02-18,120.16510961148757,121.03440243329761,118.36743956345778,120.68836975097656,190500,42.63997440932033,35.6876467166773,37.58423301317034,38.98534874450944,59.265358652496104,2.35,60.0,-0.95,0.12
LCII,2021-02-19,121.43947664730995,124.62969886867654,120.90776865107303,124.2921142578125,434200,40.94189558428902,36.060994769112135,37.73787583475309,38.78331942458297,59.32719683230777,2.22,65.0,-0.96,0.09
LCII,2021-02-22,123.11055477924133,129.46568166096574,122.39318418930269,128.25880432128906,246100,41.32737456653374,36.25002506272857,37.97110424365208,38.531396164896215,59.3442815496632,2.1,70.0,-0.94,0.05
LCII,2021-02-23,126.43581672742985,129.65980547192908,123.4987890978334,128.42759704589844,140000,40.740648085962874,36.177499498792955,37.92111533239605,37.96144048756767,59.08136513169862,1.96,67.0,-0.96,0.07
LCII,2021-02-24,129.41501605209024,130.6303411043942,127.9296259203997,129.0943145751953,173700,40.74342124913659,35.22800395386174,37.85516280507955,37.85688309039932,59.01357288452209,1.84,67.0,-0.96,0.08
LCII,2021-02-25,128.4444978430183,129.50790121458874,120.620849609375,120.620849609375,157800,44.15915344978401,38.11493799675764,38.9443054514468,38.686372592576234,59.41255159594883,1.7,84.0,-0.96,0.31
LCII,2021-02-26,121.37195519043925,122.1737282868203,118.74719431755186,118.94975280761719,144600,43.85122568078098,38.06294339748502,38.995841805333086,38.726627046768904,59.10965024751641,1.57,86.0,-0.95,0.28
LCII,2021-03-01,121.03440368944938,122.69703472582448,120.08070824516487,121.14411163330078,290700,42.83602055070803,37.764490518060384,38.61761229883784,38.30837828606345,59.0774799118009,1.47,79.0,-0.95,0.33
LCII,2021-03-02,120.50269967436763,121.16099887209542,115.62452722042015,115.84395599365234,283300,43.5509451154651,38.732929588590665,39.31873279081955,38.69555606180907,59.22572021996629,1.37,89.0,-0.93,0.2
LCII,2021-03-03,116.56976247409244,119.42240061686411,114.98309905334563,115.48104095458984,127300,43.206917561144984,38.743516592958876,39.23491360368825,38.14391292601476,59.21501891832497,1.33,89.0,-0.9,0.21
LCII,2021-03-04,115.13500418536817,115.90302410071746,107.20164229157727,111.20207977294922,215800,44.450875709263975,39.356320557720395,39.49603576317506,38.39545169466113,59.317717734245456,1.3,93.0,-0.85,0.17
LCII,2021-03-05,112.93223774064329,114.1391280999917,110.34124244790982,113.40486145019531,197600,44.90064735252911,39.51540175363018,39.52619841355478,38.45595375789952,58.739964110533236,1.29,94.0,-0.8,0.16
LCII,2021-03-08,114.18130014779756,117.9538670512689,113.21916976907504,114.67080688476562,178100,44.93725305679427,39.56112351478728,39.556230927659804,38.46329532562019,58.74642872688951,1.27,95.0,-0.76,0.16
LCII,2021-03-09,116.91578260836717,117.21117882486053,114.37542408303234,115.54010009765625,164500,44.42195523487216,39.491368310510694,39.51359434553263,38.343080578270325,57.491621707255646,1.26,94.0,-0.72,0.17
LCII,2021-03-10,116.78921394874239,120.64617132871581,116.40941506109944,119.02574157714844,128300,45.256139686521315,39.819398098136546,39.56621912335409,38.48281994711332,56.57859460467785,1.24,97.0,-0.68,0.19
LCII,2021-03-11,120.6208939367434,123.31059570282416,120.06936971504666,122.80149841308594,134100,44.12455936976076,40.27596659270658,39.830044330727574,38.646144187451384,56.331100625144956,1.24,100.0,-0.65,0.15
LCII,2021-03-12,123.01362979422353,123.73484885355643,122.00392828991066,122.92029571533203,140100,44.1295418363863,40.27442673593347,39.81690483021704,38.24281554684834,54.899679498635535,1.24,99.0,-0.61,0.16
LCII,2021-03-15,121.42694239357893,124.40512630082236,120.38330728970604,124.14209747314453,124000,43.55021704577441,39.65735829015442,39.83550971734072,38.14705505893692,53.96191467646011,1.26,100.0,-0.57,0.16
LCII,2021-03-16,124.70210728732981,124.70210728732981,121.2911866918598,122.1990737915039,90200,43.761563269395616,39.62357603641627,39.85448554337279,37.68370509904378,50.50716721947589,1.28,100.0,-0.53,0.12
LCII,2021-03-17,121.62206969508114,123.92147414498181,121.47782852248639,123.68389892578125,171900,42.68084514400453,39.33407354818301,39.01315221719653,37.208023458027874,50.227582962169194,1.27,86.0,-0.48,0.25
LCII,2021-03-18,123.36151476427732,124.01485332830863,120.75666661037683,121.35908508300781,133500,43.116983502153566,39.55720894498141,39.13750709768897,37.27619471359188,49.249085020277796,1.26,88.0,-0.41,0.2
LCII,2021-03-19,121.01969537419254,121.26575088808801,116.64149969347821,117.82937622070312,353500,43.84377918071286,40.04400063696309,39.432956343144696,37.45405460256278,48.98707942804114,1.27,91.0,-0.33,0.12
LCII,2021-03-22,117.85483376990197,118.51665256410054,114.54573979890912,115.95423126220703,58300,42.94059436279646,40.17916297927111,39.4431457795566,37.502973214466635,48.506370375761826,1.28,91.0,-0.27,0.12
LCII,2021-03-23,113.97724969584539,115.14816579028292,110.20996569364021,111.0075454711914,120000,41.99957006054809,41.116024121466985,40.09286940235837,37.85774721884221,48.732765169529074,1.31,100.0,-0.25,0.0
LCII,2021-03-24,113.15419379369068,114.30813629458261,106.9517577064767,107.16387939453125,126700,42.90119852831225,41.731146658219544,40.50354693061584,37.97829632787694,47.86373592615223,1.34,100.0,-0.31,-0.09
LCII,2021-03-25,105.98448861953325,110.54085856348155,104.79660581241865,109.87055969238281,118100,40.93535983675547,42.06682923152603,40.51806116701091,38.082023249299,47.82036407211897,1.37,100.0,-0.3,-0.1
LCII,2021-03-26,110.99056887178459,112.67056930191094,108.92875192756807,111.67784118652344,97300,41.089580757491866,42.06202366359745,40.413923153051115,37.868246925109375,47.75168880829783,1.4,98.0,-0.43,-0.05
LCII,2021-03-29,110.65963861340745,112.95904336579808,108.47902795968385,108.68266296386719,116900,41.37202925464148,42.39969052691131,40.37954053254945,37.93047945286741,47.55854003909601,1.42,97.0,-0.49,-0.08
LCII,2021-03-30,108.61479371874916,113.56147345808871,107.24873588717927,113.2814712524414,198400,42.98870491114478,42.952913406593645,40.454199513716766,38.23038804158339,47.69514693018792,1.45,98.0,-0.43,-0.08
LCII,2021-03-31,114.19782575899123,115.4451022864823,112.23782348632812,112.23782348632812,146900,42.97678072578356,42.947010704343654,40.48624662425179,37.98209748415103,47.663949400610775,1.47,98.0,-0.38,-0.1
LCII,2021-04-01,113.02692341492707,115.79298550400638,112.3735850053018,115.64025115966797,78400,43.986807854355945,43.08027993844008,40.192665579453255,37.691631702499606,46.771336185582406,1.49,94.0,-0.31,-0.08
LCII,2021-04-05,117.04874130538235,117.84632089961654,114.63056190352076,116.26813507080078,75900,43.06447211862082,41.7985621373896,40.069818047923434,37.69488445952765,46.77044450331961,1.5,92.0,-0.23,-0.04
LCII,2021-04-06,116.23421832399532,118.77118572127235,115.47906554484034,117.5748291015625,151100,42.078847726693276,41.55682522441548,38.49896562085554,37.71368432949983,46.162472822885626,1.5,68.0,-0.42,-0.18
LCII,2021-04-07,117.78696550585,118.32150348451893,113.90089369178338,115.39422607421875,129500,42.30455293929316,41.512432837025564,38.279250000605,37.77885628382201,44.962587081067696,1.5,65.0,-0.47,-0.18
LCII,2021-04-08,115.69966367071028,116.32754858043695,113.38329826967663,116.25117492675781,91800,42.34931919550913,41.540382402714854,38.009556673317746,37.7820688715499,44.905822250368466,1.5,64.0,-0.44,-0.13
LCII,2021-04-09,116.24269521606172,116.66693862925902,113.9942103048686,115.04632568359375,119900,37.784846333043745,40.75605694427901,37.581259000436354,37.72056770397057,44.61930627085352,1.49,50.0,-0.63,-0.05
LCII,2021-04-12,115.27541926966265,117.93118714513263,113.9687552704436,116.98087310791016,69600,37.955551214519026,40.66170011286878,37.50660398458619,37.698428326534845,43.964998885173245,1.49,49.0,-0.74,-0.03
LCII,2021-04-13,116.39540247570413,118.02450837752528,113.78207476146585,115.93722534179688,59400,37.600303344309914,39.9641862643153,37.00619488382401,37.531551325655386,43.534558831380146,1.48,35.0,-0.73,0.02
LCII,2021-04-14,116.624514486375,120.69725393980089,116.624514486375,120.35786437988281,127200,36.91760387639888,40.07095885408102,37.37976605659655,37.52382877864187,43.52672305801854,1.48,47.0,-0.73,-0.04
LCII,2021-04-15,121.24877568844903,121.24877568844903,117.06574138738036,117.89725494384766,79500,37.44489917425629,40.13194154967498,37.487049100804114,37.55744114231223,43.078512539071816,1.48,50.0,-0.73,-0.07
LCII,2021-04-16,119.78937552524725,122.69121214551888,117.93120007104912,121.69847106933594,118600,36.65268720878594,40.666822092014456,37.79128359514317,37.585845438247304,43.072483713658514,1.48,60.0,-0.75,-0.12
LCII,2021-04-19,122.21605186009033,123.0051514383995,119.39060177275962,121.12998962402344,95200,36.371369236017166,40.64985693961465,37.76171989095137,37.582482062281315,42.765865896518044,1.48,59.0,-0.76,-0.12
LCII,2021-04-20,119.81483488445865,121.57119594769512,117.16754708428945,118.4233169555664,129700,36.961079607827315,40.833227220693416,37.753577227453235,37.655430723279224,42.822446285153575,1.48,58.0,-0.74,-0.14
LCII,2021-04-21,118.28756443083545,121.9021140432412,118.28756443083545,121.19786834716797,88800,37.472041437246034,40.767234755371284,37.86533066445331,37.480498278521495,42.74670163152145,1.48,62.0,-0.75,-0.16
LCII,2021-04-22,122.02089833599597,123.60756468713178,120.20513689801254,121.62210845947266,67100,36.52014943872082,40.77100635611773,37.37360484105562,37.36319043977275,42.661745473169475,1.48,47.0,-0.76,-0.06
LCII,2021-04-23,122.21603714924579,125.72029189592367,121.70695281998842,124.70211029052734,91600,36.11077536848758,40.038077216209835,37.558659369950256,37.471506661950336,42.635274980534625,1.48,52.0,-0.78,-0.1
LCII,2021-04-26,125.99182148087488,130.19182894779166,125.99182148087488,129.58091735839844,106300,37.742682908969776,40.72830590856264,37.89615696893293,37.405978688813434,42.56065394657851,1.48,64.0,-0.73,-0.12
LCII,2021-04-27,130.87060742404648,131.702120854858,128.59665608971497,129.4112091064453,142900,37.672528115087125,40.43730606180146,37.63057654301288,37.33892059248845,42.106808259489206,1.48,56.0,-0.7,-0.08
LCII,2021-04-28,128.58820395709654,130.6585142525322,127.24759297977535,129.2075958251953,63500,37.33370740649247,40.3427897259073,37.49193105893831,37.30514781112356,42.1045177385661,1.48,50.0,-0.69,-0.03
LCII,2021-04-29,130.2172824675817,132.88153075205182,126.91666902331572,127.9603042602539,72300,37.34928213584303,39.77473034634003,37.53716897545691,37.29515151030838,41.84604974954021,1.48,52.0,-0.72,-0.05
LCII,2021-04-30,126.41607424522648,127.14577353377462,124.06576178897865,124.30333709716797,150900,37.92649449503866,40.26396842231723,37.73846544757063,37.45401656982983,41.705582561955026,1.48,58.0,-0.74,-0.11
LCII,2021-05-03,125.6778702939711,126.84878631060977,125.00757136728562,126.07666015625,167100,36.99402395724633,40.255537680117534,37.77373640737896,37.45609225864903,41.51787778743612,1.47,60.0,-0.77,-0.12
LCII,2021-05-04,126.38212335436467,128.36757962749783,123.52272659484683,127.40879821777344,172600,36.651688967806315,39.75700811067194,37.7954501978155,37.47306010816037,41.291157703967755,1.47,61.0,-0.8,-0.12
LCII,2021-05-05,129.1736637348284,129.7760822461505,123.3106155395508,123.31061553955078,164700,35.56360391684612,39.121786930350716,38.11908787654033,37.67141613564546,41.11573930450527,1.47,69.0,-0.8,-0.19
LCII,2021-05-06,123.58209242042335,124.65119403272259,121.23179339786076,123.62451934814453,134000,33.61971461690516,39.12684720064567,38.05254897130169,37.58333038189003,40.98085325386473,1.46,68.0,-0.8,-0.16
LCII,2021-05-07,123.49724460453659,125.07543042057874,123.49724460453659,124.24390411376953,80200,33.07186190806271,37.33173785673314,38.055968838624665,37.5818108412706,40.97441115526902,1.46,68.0,-0.82,-0.16
LCII,2021-05-10,118.64392058667526,118.64392058667526,109.27661829154628,110.23541259765625,712200,48.55390787429173,44.636767476356795,42.63165727882098,40.16973629448717,42.401432229291885,1.53,100.0,-0.83,2.82
LCII,2021-05-11,109.20875303353243,112.0596694946289,107.94450290973822,112.0596694946289,996300,48.108684831609224,44.683008263195624,42.30698827204345,40.18568792522256,42.36114005258164,1.59,99.0,-0.83,2.93
LCII,2021-05-12,111.44024619518025,115.92025518163813,111.1432836019878,112.54328155517578,532600,46.576777180758434,44.46167097030894,42.21902915971214,40.18133435049157,42.17654665002792,1.64,98.0,-0.82,3.02
LCII,2021-05-13,113.06935442635884,116.42088788452922,113.06935442635884,115.80148315429688,410000,47.223124067184855,44.857868945517936,42.24446743459144,40.15987108151665,41.69444796002464,1.69,98.0,-0.8,3.01
LCII,2021-05-14,117.04876047526666,121.32514152650506,115.40269388513263,121.0960464477539,317100,48.196230753222274,45.808214073764674,42.83018464455098,40.461527072787604,41.72700624763745,1.75,100.0,-0.79,2.82
LCII,2021-05-17,119.74696855562237,121.48635646245249,117.91423361862996,120.87545776367188,231700,48.191273815152954,45.39838977300214,42.82663945839459,40.45400107037643,41.09977736130497,1.8,99.0,-0.77,2.83
LCII,2021-05-18,121.4778625607533,121.4778625607533,117.20149447002042,117.36270904541016,235500,48.90284903928185,45.28742197376841,43.08735782563396,40.60507323862282,40.78551195981525,1.85,100.0,-0.73,2.67
LCII,2021-05-19,115.6148157677249,117.3457362256286,114.54572697681883,116.25967407226562,124100,48.668581979596155,45.31272547363609,43.08068783894334,40.18166801029789,40.7324486474038,1.9,99.0,-0.71,2.64
LCII,2021-05-20,116.2342229932992,117.04028294436947,114.53724922393761,116.95542907714844,123400,48.652066469341854,45.318096200791736,43.08829661902411,40.09991554490938,40.65758830510245,1.93,100.0,-0.68,2.65
LCII,2021-05-21,118.93240278134915,120.04391850737115,117.54088483514968,119.74695587158203,165100,49.00408766110544,43.44572285807537,43.24606861444446,40.18159305863272,40.68270353393737,1.97,100.0,-0.65,2.61
LCII,2021-05-24,120.72269630497381,121.96149268277543,119.23784446110069,120.79905700683594,343100,48.8420260096364,43.38610848559733,43.17248187955893,39.99808963284603,40.68338372121465,1.99,99.0,-0.61,2.68
LCII,2021-05-25,121.2233002485793,122.82693972020564,119.81482205510137,122.08876037597656,157200,48.8222404720594,43.278469736126745,43.188006944710736,39.99940849640442,40.451393622044364,2.01,99.0,-0.57,2.68
LCII,2021-05-26,123.00513422975601,125.2112051207553,122.47907654906841,124.45603942871094,223200,47.94238158135957,42.422612692089615,43.089549527370856,39.945787533019505,40.27351647744268,2.02,97.0,-0.56,2.79
LCII,2021-05-27,125.95786731285683,126.93363493539849,124.18453294556704,126.4245376586914,155600,47.664643471128116,42.515895216182514,43.11236379554425,39.96810231857669,40.07667353473601,2.03,97.0,-0.58,2.82
LCII,2021-05-28,127.18820912425392,127.18820912425392,124.37123872864245,126.46700286865234,84800,46.84304968242149,41.72256331398541,42.95041819287924,39.93454725271298,40.06346477724659,2.04,92.0,-0.57,2.86
LCII,2021-06-01,126.85727319921706,130.51426265514178,126.18697423723084,128.67303466796875,164100,47.03255456521339,41.68372822498344,42.28518283645124,39.86946201653893,40.08691048793489,2.05,87.0,-0.6,3.06
LCII,2021-06-02,129.01242894270092,129.6148473597332,125.57605458922744,127.95182037353516,419100,46.51507386562183,41.670457295499915,42.13099143316571,39.734448233328735,40.05596089653968,2.05,84.0,-0.66,3.09
LCII,2021-06-03,128.07130733207023,128.07130733207023,125.68982170429294,127.65306091308594,209700,46.120159389037816,41.66170609953855,41.991622751749844,39.51185055394406,39.818851081428946,2.06,83.0,-0.69,3.2
LCII,2021-06-04,128.67737879745258,129.87238738738318,127.49943245550897,129.5309600830078,174900,46.26924948102166,41.34075872558532,42.04822549196346,39.51094945918048,39.54998154192398,2.06,83.0,-0.72,3.19
LCII,2021-06-07,130.04312526427628,130.42723427093455,127.98599106300748,129.18099975585938,173100,45.771390080650576,40.87764271273396,41.595224313848696,39.498535925067614,39.150304263908936,2.06,81.0,-0.76,3.34
LCII,2021-06-08,129.4029278340296,129.4029278340296,124.61433631092314,125.16915893554688,237800,45.31725836629384,41.41310061628344,41.7456773014194,39.69208434034621,39.20946648225214,2.06,81.0,-0.79,3.25
LCII,2021-06-09,125.22888497696724,126.54339409883343,121.2597251719153,121.39630126953125,191100,46.114388763605916,41.842000084340505,41.630763471879156,39.703328691883996,39.30235076250855,2.06,80.0,-0.77,3.18
LCII,2021-06-10,122.05356508712609,122.84738925121735,117.92222270133932,118.16122436523438,176900,46.67357855141927,42.08131315245665,41.46483600411897,39.66693798331448,39.40048505876898,2.07,78.0,-0.77,3.27
LCII,2021-06-11,118.25511760351438,119.3391692266919,117.76005203663452,118.08440399169922,126400,46.634014604465065,41.99881432244311,41.37164716330036,39.49412352742211,39.07664280365093,2.07,77.0,-0.78,3.29
LCII,2021-06-14,117.75151759472733,117.75151759472733,114.19208574533937,117.07719421386719,401800,46.00378830301993,41.86006552038942,41.389616528586856,39.50344481163957,39.08762817532405,2.07,77.0,-0.78,3.27
LCII,2021-06-15,117.36740274631379,117.7173741276829,115.60048359497269,116.55650329589844,445400,45.751206983782815,41.433529938965975,41.379780560279656,39.459482034982486,38.69649291477631,2.06,76.0,-0.8,3.28
LCII,2021-06-16,116.50530323953276,117.40155308416888,113.61166347854233,114.38841247558594,248600,45.80833267141018,41.48199813623186,41.43724945830984,39.52367478930303,38.729745977750774,2.06,77.0,-0.83,3.24
LCII,2021-06-17,112.63859224310869,113.14220207599305,106.93666247923481,109.99248504638672,429900,46.20374466278568,41.29449849867169,41.71071065853446,39.79748097112629,38.930041079295215,2.06,80.0,-0.85,3.09
LCII,2021-06-18,107.73048764458837,109.94979756871554,106.91105043470948,107.48294830322266,295000,46.49350178957639,40.92679132454784,41.86378862994592,39.85199336853194,38.99344540312477,2.05,81.0,-0.84,2.97
LCII,2021-06-21,108.57552651741632,110.19733861939041,108.14020479234401,109.71932220458984,281500,46.99216055288226,40.82334812190715,41.4520325082726,39.575540060725615,38.959021047883915,2.04,75.0,-0.84,3.26
LCII,2021-06-22,109.72786385687299,110.55583864769005,107.17565142671761,108.7718505859375,338500,31.866559704584812,40.717262805462326,41.469086799994614,39.565531795359576,38.9614725201808,2.03,76.0,-0.83,3.22
LCII,2021-06-23,108.99378279268483,110.17172898717355,106.76593539528211,109.26692199707031,421500,31.504483491744807,40.34455612830784,41.33941013259034,39.29544940065802,38.96258729384552,2.02,69.0,-0.83,3.34
LCII,2021-06-24,109.96686956990627,111.47771196842722,108.50724647269122,110.71802520751953,225100,31.73509374376823,39.51461923292832,41.307003479676794,39.32101404071049,38.70859599357009,2.0,68.0,-0.83,3.36
LCII,2021-06-25,111.00823527719452,112.62150318950935,108.81453190087223,111.17041778564453,527100,30.55704749046675,39.481189518923344,40.887448169878546,39.26712346754264,38.6280338029427,1.99,67.0,-0.86,3.52
LCII,2021-06-28,110.38513350469867,111.35821560873943,108.35360596176842,109.54861450195312,247700,27.469178623823804,39.08805487701943,40.94188044078815,39.18642650448701,38.30610672056477,1.97,67.0,-0.89,3.45
LCII,2021-06-29,109.74494057755038,111.81913663118365,109.215711379504,109.95833587646484,204100,27.54295342015215,39.077964358455304,40.87424020543287,39.140879187295255,37.9473474442538,1.96,65.0,-0.93,3.47
LCII,2021-06-30,109.59127785020993,112.32273478877043,109.42909535587735,112.17762756347656,185900,27.16196612952711,39.23583769085582,40.65302692058515,39.208111603505834,37.98826022608826,1.94,64.0,-0.97,3.56
LCII,2021-07-01,113.33850372159384,116.35164413026013,112.37395285705479,115.79682159423828,155700,28.696837892650485,39.61200787375391,40.24945641099619,39.346720616332014,38.11554973030753,1.92,57.0,-0.94,3.69
LCII,2021-07-02,115.75414088526104,115.75414088526104,111.41794705735244,111.49476623535156,144800,30.633165860538675,40.333111588291445,40.67337837621069,39.509445243059766,38.30689683548117,1.9,64.0,-0.94,3.38
LCII,2021-07-06,111.81912989065613,111.81912989065613,108.72063268162812,110.83751678466797,139300,29.705012949821775,40.29727654603199,39.69439330679584,39.50907728304912,38.30177128964741,1.89,48.0,-0.98,3.89
LCII,2021-07-07,110.27414575728736,111.83620075256731,109.43763991582973,111.28990936279297,79400,29.58079018775689,40.14872750266766,39.6486067042358,39.506715216103125,38.21867560187195,1.88,47.0,-1.01,3.9
LCII,2021-07-08,109.00232165633653,112.29714576109927,107.56830491378535,109.582763671875,116300,29.523408208239406,40.22692429193619,39.64747588555042,39.55246175514881,38.250957550622225,1.87,46.0,-1.02,3.85
LCII,2021-07-09,111.20456606536958,113.96162990202552,111.20456606536958,113.90188598632812,169500,31.313315739795772,40.278060995052236,39.981921583973445,39.753768941134375,38.2598264558832,1.86,52.0,-1.04,3.79
LCII,2021-07-12,113.5348136753129,115.12247498990216,112.81780870088254,114.63594055175781,117600,30.94676675615747,40.093197625244045,39.98595670956125,39.303761391417694,38.20137811639015,1.85,52.0,-1.04,3.79
LCII,2021-07-13,113.87626654736732,115.13956302688065,113.37265678504569,114.1664810180664,110000,30.928649950786706,39.532624209978,39.98638584868568,39.29853607982549,38.204292442321176,1.83,52.0,-1.04,3.79
LCII,2021-07-14,114.44815111509708,115.06273052578291,112.75806424801775,113.85064697265625,98500,30.30185805674272,39.527093339178286,39.69755778653669,39.28713978513509,38.01209162200441,1.82,45.0,-1.02,3.91
LCII,2021-07-15,115.10541885662676,115.44684609363841,112.7836771760277,114.35426330566406,117900,30.39692277093384,39.2845314668493,39.368491334852315,39.24170769923343,37.69241482877101,1.8,34.0,-0.98,4.06
LCII,2021-07-16,115.5834075338514,115.7968027860631,113.52627417662362,113.53480529785156,182700,30.409946225542768,38.99242475187176,39.37810624166937,39.24703868294414,37.700111424491276,1.79,34.0,-0.94,4.03
LCII,2021-07-19,111.91302881281169,114.27745232369875,110.34244257057836,112.34835052490234,129000,29.94907563055994,39.02768156636504,39.39181629316478,39.261456129033064,37.71591420381175,1.78,34.0,-0.92,3.99
LCII,2021-07-20,113.1506984772613,120.26956109275739,113.1506984772613,118.7928695678711,196300,34.71256812673439,40.399583497454735,38.967109142047256,39.70024572136594,38.11390713868559,1.78,26.0,-0.91,4.25
LCII,2021-07-21,120.06473879491259,121.74629485798197,119.59526651404775,120.40616607666016,94600,33.915827064367036,39.684113953294805,38.96324952999995,39.63266381268149,38.13182775763567,1.78,26.0,-0.91,4.3
LCII,2021-07-22,120.71343448958643,121.5328780553085,119.21966760306441,119.59524536132812,132300,32.81108414339224,39.700319836747774,38.86884632626602,39.474378190353704,38.07890683370647,1.78,25.0,-0.9,4.33
LCII,2021-07-23,120.3890815554209,122.18160720841156,120.3890815554209,121.93407440185547,71500,32.304043183501086,39.925810468438584,38.32446880879456,39.28661190409559,38.076061780721346,1.78,24.0,-0.93,4.76
LCII,2021-07-26,122.5144881065151,123.79485969240464,122.18159201516836,123.31685638427734,90400,32.434251069053005,39.96122869270531,38.357818881827924,39.302978615333956,37.96027274820476,1.79,25.0,-0.96,4.76
LCII,2021-07-27,122.94980803410577,124.43504374178757,121.79748143771936,123.1461410522461,72500,32.308172594244525,39.521932918020255,37.86199185277875,38.987437751944896,37.778195746799135,1.8,17.0,-0.96,5.17
LCII,2021-07-28,124.39239684138025,125.96299630228222,122.91570486729776,125.16915893554688,80400,32.52445404034221,39.55727649611252,37.82412760104201,38.95741687070783,37.772241037507925,1.82,17.0,-0.99,5.2
LCII,2021-07-29,125.86906850345363,128.51516196764356,125.08376246868383,127.97740173339844,123900,32.37598721811746,39.763164131423764,37.94035246316243,38.14326539369122,37.72624714046698,1.83,21.0,-1.03,5.13
LCII,2021-07-30,127.61891122142353,129.69312015904146,123.77779610138954,124.46920776367188,268100,31.210728644641723,39.603080792565706,38.201332971119015,38.096136715225754,37.82818987278752,1.84,26.0,-1.05,4.86
LCII,2021-08-02,125.4166863900258,128.80540498312905,124.03388893754102,124.4521484375,119600,30.16396548217557,39.59999109463711,37.917809519188715,37.937510812487076,37.807285835454145,1.85,21.0,-1.08,5.02
LCII,2021-08-03,122.04505665604837,126.5861156481897,114.83229691966645,122.2926025390625,420100,30.459625274697842,39.749633683466065,37.699286902389915,37.743843821023496,37.658372419195516,1.86,11.0,-1.08,5.08
LCII,2021-08-04,120.39761826018608,123.28271355739949,119.75743242720878,122.91567993164062,130000,30.237455884273988,31.01012990981377,37.70774775199825,37.659898548442996,37.57788244690097,1.88,12.0,-1.08,5.08
LCII,2021-08-05,123.89731021918764,124.42653943807599,121.76335714600415,123.4022445678711,78600,30.237148938623985,30.86437630817943,37.679866253867715,37.36259546215048,37.57784734110939,1.89,11.0,-1.08,5.09
LCII,2021-08-06,123.87170670097707,125.95444703271062,123.26567130790379,125.92884063720703,82700,30.49138907711482,31.096468838172303,37.731589287222675,37.38983002082586,37.4005082518576,1.91,14.0,-1.1,5.12
LCII,2021-08-09,125.94589962263548,125.94589962263548,122.07917810621605,122.2584228515625,75000,32.03327962116378,31.248481438803537,37.97930691169215,37.535316699591526,37.47226277726516,1.91,27.0,-1.09,4.86
LCII,2021-08-10,122.05358862067733,126.97021197186899,121.05490011299541,126.7226791381836,126900,32.92235943782471,30.76791889007457,38.28264674998091,37.75786399181885,37.611292365295554,1.92,34.0,-1.12,4.76
LCII,2021-08-11,126.278776019016,128.89073181152344,125.71540942956193,128.89073181152344,71800,33.106011165856415,30.94104375300633,38.0675299328799,37.78057109040166,37.62487115757417,1.93,31.0,-1.15,5.0
LCII,2021-08-12,129.42854456117394,129.42854456117394,127.29459118134646,127.80673217773438,48900,33.03531209591844,30.34809974129583,38.00052885109024,37.687623957368736,37.62894592090177,1.94,28.0,-1.18,5.07
LCII,2021-08-13,128.60905389583166,128.60905389583166,124.47772478293531,124.94719696044922,72000,32.87452651969454,30.66830132754928,37.5172019357041,37.75845001186022,37.679181763294864,1.95,7.0,-1.17,5.42
LCII,2021-08-16,124.40946520357795,126.27881019520665,122.99251722526571,125.86909484863281,47400,30.578395375922153,30.67880154472323,37.07128843783994,37.49792448464277,37.685082677132684,1.97,2.0,-1.2,5.86
LCII,2021-08-17,124.02534582860987,125.25450478964467,122.13039460111703,124.90453338623047,114700,30.633064512057484,30.373122873067103,36.910041941805574,37.50862264390203,37.68433675891814,1.99,1.0,-1.18,5.93
LCII,2021-08-18,125.03255266039194,125.92881539722788,119.12577316349848,119.59524536132812,157100,33.57442075325462,31.63919814914189,37.504585095737816,37.81723182404539,37.88042900889477,2.0,8.0,-1.15,5.39
LCII,2021-08-19,118.23805707953035,119.62085428734603,117.41008237433817,118.25511932373047,74500,33.40229449487233,31.638463344266576,37.28798446151711,37.680365115029694,37.89613868663142,2.02,4.0,-1.12,5.6
LCII,2021-08-20,118.35757280957327,121.66092789941868,116.95770015674272,121.15731811523438,64700,32.29078873828676,31.78929076316972,36.90936805539597,37.71555352953936,37.946597340809,2.03,1.0,-1.09,5.83
LCII,2021-08-23,121.8914110252673,122.11333747218457,120.44885655876291,120.48299407958984,73900,32.33717928896757,31.626491413402206,36.888814275476825,37.72248214721422,37.92947266263158,2.05,1.0,-1.05,5.86
LCII,2021-08-24,121.5158016541458,123.32538935478804,121.25119360636663,122.6852035522461,49700,32.63291292620925,31.862778841229723,36.699085808599406,37.71010739006142,37.96468530057493,2.07,1.0,-1.04,5.99
LCII,2021-08-25,122.83884384447096,124.52893056393874,122.15597644505992,123.83753204345703,71700,32.65512225554572,31.714479573159664,36.71755511516312,37.71095158434461,37.8546067634391,2.09,2.0,-1.04,5.99
LCII,2021-08-26,124.85331020393934,124.85331020393934,120.61954224898294,120.95243835449219,58300,33.53081285732726,32.0466056475461,36.877537608991275,37.81464601612095,37.907853829501065,2.11,3.0,-1.03,5.77
LCII,2021-08-27,122.06209627168727,124.32408095778558,121.20851517887826,123.13760375976562,118900,33.72979606524093,32.27652702082704,36.85543185752768,37.83874158179516,37.940395094105504,2.12,3.0,-1.01,5.87
LCII,2021-08-30,123.02665248593998,124.42652501873756,121.97673831788096,122.18160247802734,64800,33.64656827960157,32.1520456166079,36.863522054762704,37.817844882911636,37.94277131616165,2.13,4.0,-0.99,5.82
LCII,2021-08-31,121.8913863980341,123.16321392959006,119.50988778224186,120.91830444335938,73800,29.84319930480518,32.20828771442412,36.863334306208884,37.840397536006606,37.6241325637308,2.14,4.0,-0.96,5.82
LCII,2021-09-01,121.33656846677576,121.8657976941057,119.58673733854693,120.49153137207031,56500,29.610815035180288,31.582813151324967,36.77707970455678,37.84355602605154,37.560313737844695,2.15,3.0,-0.94,5.86
LCII,2021-09-02,121.72857288044897,121.90038193912424,120.27676208448968,120.80938720703125,74600,29.548962767133947,30.964138972134343,36.74883988006997,37.598172897134276,37.55491625233008,2.15,3.0,-0.92,5.91
LCII,2021-09-03,120.2681570467681,120.2681570467681,116.19621615352239,117.22709655761719,147800,30.250405534763125,31.085183122424944,36.580748890071064,37.712227968588785,37.539223059670874,2.16,1.0,-0.93,5.89
LCII,2021-09-07,117.49341128001474,118.18066056457424,114.97636356080594,115.26844024658203,139200,30.331525447686186,31.27341778717353,36.53169144890664,37.63273429748853,37.57197984194722,2.17,1.0,-0.95,5.94
LCII,2021-09-08,114.1688373130365,114.20320698396272,111.56589183839871,111.96965026855469,142400,31.30606160812439,31.778928324612604,36.45209030157609,37.79009159477053,37.61375199644985,2.19,1.0,-1.01,5.87
LCII,2021-09-09,112.88024097921155,114.38359281246385,111.65179405882692,113.33554077148438,89700,31.103451823061164,31.87770838179034,36.50452080340342,37.81517673301742,37.619554825914136,2.2,2.0,-1.05,5.86
LCII,2021-09-10,114.04856486548874,115.71513991394232,111.91810414462897,112.12428283691406,92200,30.209109205585328,31.722796735573578,36.371484049390354,37.833282942844974,37.61508664103254,2.22,1.0,-1.1,6.0
LCII,2021-09-13,113.53314497675727,113.88536201611417,111.69476078923635,113.74790954589844,66200,29.842478683823447,30.806727259278745,36.25231007372548,37.848367706319785,37.56514699947838,2.23,1.0,-1.13,6.09
LCII,2021-09-14,113.6963687849202,113.96267475484008,111.1020091048368,112.34764099121094,149900,29.951258125144697,30.53299050640938,36.29390544913914,37.875827947393944,37.47070417932598,2.25,2.0,-1.17,6.02
LCII,2021-09-15,112.34765057639245,114.51248130047927,112.15007082510932,113.57611083984375,142500,29.9202010568098,30.327329052888235,36.107006560820636,37.89782166390288,37.32328364878731,2.26,1.0,-1.19,6.16
LCII,2021-09-16,113.43866016588557,114.02281356445084,112.42496447494109,113.04348754882812,86900,29.8400146786956,30.28648634219932,35.5565137829761,37.847617840256056,37.30934215113242,2.29,1.0,-1.2,6.53
LCII,2021-09-17,113.64481707588394,114.04857552673457,111.18790980628178,113.73072814941406,364100,29.887674742028008,30.296444040721717,35.576053786609016,37.84430486351925,37.29728810245325,2.32,2.0,-1.22,6.53
LCII,2021-09-20,110.8185221318175,112.53663875401622,107.38228888742006,108.18121337890625,196400,32.05458623027578,31.907514262339127,36.4075724635349,38.194948591606874,37.637756651713374,2.33,7.0,-1.22,5.79
LCII,2021-09-21,108.79972275121384,109.73609304678077,105.65556658138892,105.83596801757812,103300,31.619295283654353,32.19561791256628,36.52671699495701,38.26512585321256,37.5832960668082,2.34,10.0,-1.16,5.65
LCII,2021-09-22,106.5232278767674,109.09181032671391,106.5232278767674,107.5455093383789,75100,29.876458819377728,32.24560250036453,36.37542064178139,38.19826311599607,37.46909696110337,2.35,7.0,-1.16,5.88
LCII,2021-09-23,108.83409960478045,111.84938955984924,108.1210796330985,110.48348999023438,92100,30.658181320244253,32.717522049894605,36.57123343654645,37.84872399505371,37.43619118763063,2.36,13.0,-1.17,5.74
LCII,2021-09-24,110.30307232132424,112.01260293087607,109.38388682454388,110.52643585205078,91300,30.682230632115864,32.45378620919331,36.523150033060794,37.73521140067556,37.430582254783744,2.37,11.0,-1.18,5.76
LCII,2021-09-27,111.04186562508201,113.45583033909163,110.27730430037515,112.97474670410156,90600,31.15049154923896,32.099977581831965,36.361285784859355,37.74827874208733,37.44870193978942,2.39,6.0,-1.18,6.02
LCII,2021-09-28,112.82012914577031,115.68938074809623,112.82012914577031,115.2168960571289,135400,31.716818961713905,31.39027196389427,36.50338677857351,37.82073813879589,37.48947992615888,2.4,11.0,-1.16,5.93
LCII,2021-09-29,116.06738089541068,118.0518037011954,115.86120216055595,116.49691009521484,108100,31.937506498524325,31.43361362627626,36.540063449977175,37.55010091691797,37.48997168546404,2.42,16.0,-1.13,5.91
LCII,2021-09-30,116.61718583533792,116.86630702089924,114.9506103271944,115.65504455566406,162700,29.520142394445493,31.46937968135403,31.188220444412078,37.46523010645146,37.46162993896996,2.52,1.0,-1.1,0.06
LCII,2021-10-01,116.33367102527299,118.91943173625216,114.3406626264379,117.89716339111328,174600,29.927654424357254,31.51361783244327,31.22758293111383,37.2826483496207,37.24501224567125,2.63,2.0,-1.08,0.05
LCII,2021-10-04,118.96239992644654,119.70119065219816,116.87489437016829,118.06898498535156,89100,29.03209387061047,30.53291322096094,31.22203520564422,37.044189174947235,37.22547652620293,2.72,2.0,-1.05,0.05
LCII,2021-10-05,117.76830043282331,117.76830043282331,116.39381500336061,116.87488555908203,241900,29.127100803866096,30.58696276963266,30.93987686229233,37.00599015738783,37.036202080427444,2.82,1.0,-1.05,0.12
LCII,2021-10-06,115.60348284235299,117.2958156502061,114.25475500636196,116.71166229248047,115400,28.557118584149173,30.575263196981002,30.101920776580982,37.0043242002834,37.03469215634721,2.92,1.0,-1.04,0.15
LCII,2021-10-07,117.47622271564732,119.04830098018131,116.32508773774464,117.5621337890625,81900,28.493484890432786,30.600392005673953,30.125278308543617,37.00507607325033,36.998339920831846,3.01,2.0,-1.03,0.14
LCII,2021-10-08,117.21849926107659,118.67889571016516,116.89206602942394,117.86279296875,51900,27.749808443337198,30.59269579638368,29.76157584510082,36.97614618252763,36.905267233712564,3.11,1.0,-1.03,0.25
LCII,2021-10-11,117.8971794289896,118.98817415811162,117.53637647429677,118.27515411376953,52400,27.211971357097177,30.556242549241325,29.727454105499106,36.858071484906546,36.870993582301885,3.19,1.0,-1.03,0.27
LCII,2021-10-12,118.42979443524217,118.97959130031671,117.3302007050931,118.81636810302734,90200,27.19312712173793,30.476569590296755,29.721333072811362,36.86183392872965,36.8730119658619,3.27,1.0,-1.03,0.27
LCII,2021-10-13,119.288837322778,119.9245451904433,117.79407114603555,119.82144927978516,93400,27.171018141135296,28.304582053335164,29.513801788618398,36.51933245560891,36.855346743501244,3.34,1.0,-1.03,0.33
LCII,2021-10-14,120.94680731211947,122.32989164252952,120.5430619872689,121.17875671386719,215900,27.35598903037631,28.26341157832559,29.53546883674141,36.53964497394463,36.7913002369003,3.41,2.0,-1.03,0.32
LCII,2021-10-15,123.2491097310296,123.2491097310296,121.10146373043062,122.20105743408203,298600,27.451656984818417,28.276894306681694,29.517314986765513,36.46051500134064,36.79321426123238,3.47,2.0,-1.03,0.33
LCII,2021-10-18,121.23029656095756,121.51378735764584,118.96238329563994,119.65821838378906,166900,26.691634394620596,28.32889371261691,29.542285259555655,36.49954434414362,36.854602132324686,3.52,4.0,-1.0,0.31
LCII,2021-10-19,120.20801991449291,120.20801991449291,117.85420859526833,119.38333129882812,83800,26.1894952520957,28.228096859608666,29.43076657541756,36.24224369136454,36.85565914279938,3.57,1.0,-0.96,0.35
LCII,2021-10-20,118.88506906838853,119.9159363326621,117.81983213399906,119.47782135009766,78300,24.577341539175393,28.228838091057362,29.431213273255302,36.238138848458625,36.81362404142391,3.62,2.0,-0.92,0.35
LCII,2021-10-21,120.09635498153884,120.49151446559897,118.54146152969739,119.85581970214844,133900,24.398279286821037,28.022578455938934,29.298090497647067,36.19836327605282,36.46474170355375,3.67,1.0,-0.89,0.4
LCII,2021-10-22,119.9932696454193,121.31622690685035,119.66683637072876,120.23381805419922,202700,24.10485102560723,27.626580921104438,29.293747406494468,35.98826783727247,36.4580060590377,3.72,1.0,-0.86,0.4
LCII,2021-10-25,120.23381460205567,121.2904527213192,119.48642491050697,120.31112670898438,145700,23.835446679858027,27.059168984281435,29.29312534354435,35.539444864260396,36.44746687522625,3.77,1.0,-0.83,0.4
LCII,2021-10-26,120.25957189915168,120.32829813371315,117.89716165738041,119.94171142578125,235000,23.501929100600638,27.063877638284133,29.193946472009134,35.54094423351374,36.413812541967175,3.82,1.0,-0.85,0.44
LCII,2021-10-27,119.88157444685953,120.14788039158329,116.68587689379872,117.64801788330078,125600,24.150747352803297,27.11443735652754,29.340585343220788,34.97288433378659,36.465349272849004,3.86,5.0,-0.86,0.38
LCII,2021-10-28,118.78200062733112,121.07568482765626,118.24078967721067,120.71488189697266,141700,25.09964299281165,27.62625955496768,29.228138091008876,35.07717615720048,36.54196904924164,3.9,2.0,-0.83,0.4
LCII,2021-10-29,121.58253557915887,122.52750507235119,119.05690175934585,119.95891571044922,170900,25.188942683717414,27.638585807279238,28.839959001775895,35.04771789225514,36.477165792815875,3.94,1.0,-0.82,0.51
LCII,2021-11-01,120.3798235058173,123.910553048692,119.58089260507117,121.96048736572266,195300,20.18443352304507,27.52966269593444,28.63431416195385,34.99151054216668,36.43992046099461,3.99,1.0,-0.84,0.58
LCII,2021-11-02,121.59969436718659,123.02573416661421,118.78198443791581,122.30411529541016,269800,18.63891022454211,26.862211589649437,28.63661681222198,34.98719510303878,36.30564163407693,4.03,2.0,-0.87,0.58
LCII,2021-11-03,123.06011478079601,130.2676141727747,121.56534845822718,128.42922973632812,276400,22.404617871654082,27.722020637337287,29.616002004142732,35.45719100854061,36.42910452038821,4.05,16.0,-0.87,0.6
LCII,2021-11-04,129.52022021282102,129.71779994642,127.19216651240461,128.63539123535156,174700,21.523621724464142,27.503699497097085,29.603587854177267,35.28839880312695,36.427582854819704,4.06,16.0,-0.88,0.6
LCII,2021-11-05,130.5768466762138,131.08368786932084,128.4893415377282,129.39134216308594,172000,21.478568427710623,27.47304058201757,29.44284475228297,35.09909320745997,36.185945389283766,4.08,12.0,-0.87,0.67
LCII,2021-11-08,129.77796084433822,130.61983441943661,128.44641768151888,129.41714477539062,172100,20.93021183429786,27.05787589489596,28.721525496341084,35.098774767098135,36.131493520759896,4.1,3.0,-0.83,0.8
LCII,2021-11-09,129.5717590944983,130.44800219111184,128.71270083339962,129.1937713623047,101200,20.50068593354209,27.02487006767059,28.452750696552304,35.09406088303101,35.45294027137882,4.11,1.0,-0.82,0.91
LCII,2021-11-10,128.80720541887408,134.16772089735687,128.01687334469236,130.74867248535156,287500,20.530435181287725,27.072579760005393,28.340725906906165,34.17909289527517,35.308617166172546,4.13,1.0,-0.77,0.96
LCII,2021-11-11,130.80880209406368,131.86544006073967,129.79510655290875,131.31564331054688,123000,20.258929224457844,25.46378736816845,28.29408295175591,34.139087296081996,35.186608072523924,4.15,1.0,-0.72,0.99
LCII,2021-11-12,132.30355136533322,133.3344317129391,130.1988613539828,132.17469787597656,87800,19.772345584155804,25.341736064838937,28.30055981974093,34.08141399451749,34.9926800258823,4.16,2.0,-0.65,0.98
LCII,2021-11-15,133.21419977983808,133.21419977983808,131.8998282952905,132.34654235839844,75700,19.77402257098035,24.908398581090967,28.24270941722447,33.65408486708233,34.92569758718616,4.18,1.0,-0.61,1.01
LCII,2021-11-16,132.38086776641083,133.29146731916268,131.45308338015786,132.53549194335938,118300,19.343086842643096,24.865004978993266,28.240365312940064,33.65101428596963,34.6959117017646,4.19,1.0,-0.58,1.01
LCII,2021-11-17,132.2949967781826,133.3688198039795,129.91540128272302,132.26922607421875,134300,19.35930114559385,24.634760736161088,28.123791210143008,33.33927825946498,34.663955020295376,4.2,1.0,-0.56,1.07
LCII,2021-11-18,132.77601952958116,132.97359922480516,130.11294725057897,132.47535705566406,70600,19.350779029272644,24.57708733446637,28.12227212553339,33.26544009199288,34.641466520431976,4.21,1.0,-0.55,1.08
LCII,2021-11-19,131.39293908241856,135.6109176698147,130.80018687215804,134.79481506347656,147100,19.727862973079667,24.249632325567163,28.08228085681736,33.30076138241132,34.676252285722754,4.22,1.0,-0.49,1.09
LCII,2021-11-22,135.73122183940015,140.31000450354756,135.6281390300924,138.66061401367188,195300,20.893833138991223,24.63379204289715,27.993253851209964,33.44900119950155,34.76458095947131,4.23,1.0,-0.28,1.11
LCII,2021-11-23,138.52314186126137,138.52314186126137,135.32744414455115,135.75697326660156,142500,22.258551605979175,25.009821973170677,27.51245267494893,33.37594322321302,34.75039986841,4.24,1.0,-0.26,1.16
LCII,2021-11-24,135.30168743626916,136.79645365451347,134.69175025228625,136.0576629638672,77500,22.234809755912405,24.88136795625668,27.483425636843844,33.178659965244094,34.72668055436002,4.26,1.0,-0.26,1.18
LCII,2021-11-26,132.9221029727856,135.06116311434965,131.50466185167835,134.15914916992188,106100,22.744236664893567,25.073289519608995,27.59983160770338,33.2236869115791,34.55007552271901,4.27,3.0,-0.3,1.11
LCII,2021-11-29,135.4133423510874,136.53870644666569,129.64905631304222,130.85174560546875,177000,24.11960884891029,25.664494027138772,27.792258990721457,33.34051811527119,34.644292536234545,4.28,4.0,-0.33,1.05
LCII,2021-11-30,130.64558420327637,132.20906344953212,129.62330275739924,130.80880737304688,167900,23.106219101857185,24.818446787559207,27.15708219493877,33.28576672392954,34.60030223758102,4.29,1.0,-0.38,1.21
LCII,2021-12-01,133.91861861085457,135.6195506380891,131.47029683325718,131.8998260498047,157900,23.100488977003057,24.543826548155497,27.167614195206813,33.27009146119264,34.4833575247415,4.29,2.0,-0.43,1.21
LCII,2021-12-02,132.87625684491223,136.01301577203992,131.752893805275,135.99574279785156,115900,24.393976540213558,24.338523719153994,27.54400384114485,33.38120881252301,34.556199603414036,4.29,5.0,-0.45,1.06
LCII,2021-12-03,136.73024455352757,136.73024455352757,132.72071242684225,133.7230987548828,169200,25.154115970488476,24.60969174106164,27.693136234709186,33.253574482725654,34.60185828145859,4.29,7.0,-0.49,0.99
LCII,2021-12-06,135.5118134243408,139.15840138261032,133.1095386758944,138.78683471679688,113500,26.96262926033369,25.43210885288851,28.259909297664,33.47164531986953,34.739835898157395,4.27,15.0,-0.45,0.84
LCII,2021-12-07,139.92749087679218,140.38548839320862,136.70431440088933,137.95729064941406,213100,27.119385753270763,25.404548757345534,28.250706957107447,33.05949624021019,34.73713098330851,4.26,15.0,-0.45,0.84
LCII,2021-12-08,138.79550574898988,140.5064796911536,137.17959910020176,138.4844207763672,193900,27.024132355682397,25.195666460985183,28.18139638958926,32.775081564168886,34.73497921151591,4.24,13.0,-0.45,0.88
LCII,2021-12-09,137.15366626339167,139.17571184250139,136.91171276771067,137.62893676757812,154200,26.264541500267097,25.224718876611984,26.862586542897965,32.6674204394537,34.716309156249764,4.25,1.0,-0.51,0.62
LCII,2021-12-10,138.1387908967438,138.25976766603242,136.53152057020702,137.92276000976562,142700,25.54424279949779,25.17210668955222,26.79366809569937,32.618413526450155,34.688834431220926,4.25,1.0,-0.56,0.65
LCII,2021-12-13,137.64621161658,138.57946647783552,136.57470703125,136.57470703125,154200,25.693553227838695,25.30820176608206,26.821696673529598,32.4702517220005,34.70539849075684,4.25,2.0,-0.63,0.63
LCII,2021-12-14,136.40190222137585,138.00052281406275,134.6995778406842,135.89205932617188,237700,25.561703714956003,22.83668033019099,26.683158910418985,32.124475081324704,34.7103886451484,4.25,1.0,-0.69,0.69
LCII,2021-12-15,135.72784001661284,135.72784001661284,130.85417241491507,135.3217010498047,240800,25.661367416133512,22.266077717491285,26.645781483452858,32.10730735830495,34.526058989469746,4.26,1.0,-0.75,0.7
LCII,2021-12-16,136.58334525942817,136.58334525942817,134.02554732751298,134.44032287597656,219800,21.869556493204676,22.229851335805368,26.66969251336799,31.935650909042035,34.485342918765895,4.26,2.0,-0.81,0.68
LCII,2021-12-17,135.77107714881183,136.2981929997708,130.37030539123145,130.6122589111328,691300,23.57867869642714,22.6783454186252,26.96765070090291,32.123779349894946,34.511745237614285,4.26,7.0,-0.84,0.59
LCII,2021-12-20,129.2469666793325,129.53211584976606,122.99934387207033,122.99934387207031,299300,29.318958621920977,26.07954629386179,28.40044502850635,32.891505263212906,35.0401056700488,4.24,28.0,-0.82,1.15
LCII,2021-12-21,123.75113128750394,126.54224647916365,123.75113128750394,125.93736267089844,235600,30.220880262314243,26.137706467296052,28.310231270588925,32.92906360422568,35.115029873973796,4.21,27.0,-0.83,1.22
LCII,2021-12-22,126.3175517887144,127.95075766638159,126.05832531811005,126.85331726074219,119800,30.311540066811617,25.898573390353896,28.332799421789723,32.92861909967667,35.11841157458681,4.19,28.0,-0.84,1.21
LCII,2021-12-23,127.8038575571591,130.47400913423368,126.48174968615578,129.51483154296875,115800,30.733120826845965,26.125452183692815,28.375646081369027,32.98990529703789,35.1606898198894,4.17,30.0,-0.86,1.23
LCII,2021-12-27,129.65308340043865,132.02942301191314,128.3914704814872,131.70970153808594,130600,31.107427878656534,26.23574282599576,28.48387104803196,32.990792652699824,35.19718295338849,4.14,33.0,-0.89,1.19
LCII,2021-12-28,131.63191943841028,133.66260152227923,131.3208344862015,132.26272583007812,88400,31.072941344523507,25.99875289432082,28.484593493540345,32.97349619598667,35.198833924298135,4.11,34.0,-0.93,1.19
LCII,2021-12-29,132.2886748691127,133.73175965641659,131.50231925172287,133.65399169921875,85100,31.218858871942974,26.05741810806581,28.3553282961867,32.70440134193189,35.167678392874215,4.08,30.0,-0.96,1.24
LCII,2021-12-30,134.5180788200466,135.9611632162815,133.94775425085896,135.37356567382812,84900,31.426438086982294,26.021722217205735,28.00306446300031,32.63795786627667,35.18205655955354,4.04,17.0,-1.0,1.42
LCII,2021-12-31,134.78597207569493,134.855103533971,132.59110431370854,134.69091796875,105100,31.461679507820566,26.055592650976404,27.455024091259517,32.43623327980687,35.09430719594186,4.0,10.0,-1.04,1.56
LCII,2022-01-03,135.90935158589534,137.4820627839877,135.01930537967087,137.03271484375,112900,31.828991330419694,26.215010388267938,27.45919887439616,32.48996887683473,35.116148973889636,3.97,11.0,-1.07,1.56
LCII,2022-01-04,137.83632594597447,139.21892873197277,136.1772105140629,136.28955078125,114900,31.502961507580107,26.266129364410272,27.43808561201533,32.38009458067788,35.0396094903079,3.93,10.0,-1.1,1.57
LCII,2022-01-05,136.55745602768232,137.73266469046968,130.96657509355575,131.22581481933594,188400,32.23486465957668,27.530940750786755,27.87013551411605,32.590666782492335,34.887952641914524,3.89,19.0,-1.12,1.48
LCII,2022-01-06,131.38995154029945,136.00436683775916,130.43941062787505,135.14024353027344,121900,32.92387355842906,28.104318823918952,28.22564692078833,32.768405232024904,34.92647361198708,3.85,26.0,-1.15,1.36
LCII,2022-01-07,134.76869567203047,136.53150166405774,131.21714785448935,131.58871459960938,102000,33.7937428947481,28.682152235232504,28.527679010999385,32.796203616637605,34.9661893545087,3.82,42.0,-1.17,1.21
LCII,2022-01-10,130.40487060568796,130.94062291548195,128.34825261315925,130.3271026611328,82300,33.67078393913271,28.699948009421238,27.694346279586796,32.502090046004085,34.9804961958436,3.77,18.0,-1.17,1.36
LCII,2022-01-11,131.05296855733587,131.05296855733587,126.33484861195141,127.44092559814453,162300,33.519680976892246,29.06216061388881,27.874101531362257,32.6099108453333,34.83336609512194,3.73,21.0,-1.15,1.27
LCII,2022-01-12,127.91620889768036,129.4802704238482,126.68915503082228,127.68289184570312,156000,33.52906829988786,28.7076961533418,27.619155929887366,32.61026559421443,34.75854429508104,3.69,17.0,-1.14,1.37
LCII,2022-01-13,128.88400668807478,129.84318424048962,126.86196098908482,128.20999145507812,80700,33.45206973092728,28.705542819082304,27.607496004926706,32.59377827291573,34.57023678884165,3.65,17.0,-1.14,1.38
LCII,2022-01-14,127.13849526470534,128.037177906561,123.26721247623013,124.80535125732422,158800,32.889151154545196,29.27777103702291,27.805933390955296,32.56862544553276,34.48993245015369,3.6,22.0,-1.13,1.26
LCII,2022-01-18,123.4486613519581,124.05354505517637,116.37148906061478,116.79491424560547,243100,37.519231508706454,32.335599644280656,29.701153282120842,33.45720722712851,35.08228795388497,3.55,67.0,-1.16,1.77
LCII,2022-01-19,117.38250910177328,119.18852368340565,113.94330196611644,114.26302337646484,175300,35.67839543138321,32.62381050152211,29.66966489705466,33.5279218546992,35.14824195958581,3.49,67.0,-1.19,1.79
LCII,2022-01-20,114.69510985869589,115.97402214780222,106.92664134513477,107.2636489868164,329600,39.282598065787774,35.0347637957537,31.141901897548912,34.12822346729451,35.70136833917149,3.43,75.0,-1.19,1.85
LCII,2022-01-21,106.77973067074376,107.34141221189722,102.48503622151996,102.54552459716797,387000,40.492657857645064,36.12973224289023,31.887509499722633,34.524170484741035,35.957549956143524,3.37,79.0,-1.07,1.58
LCII,2022-01-24,100.8172880148376,110.73742218674742,99.43469172169989,110.21895599365234,326400,46.98321099598585,39.067895747254525,33.94470859887023,35.5877547352417,36.60154404396765,3.32,80.0,-1.11,2.07
LCII,2022-01-25,108.03271202189875,108.03271202189875,103.7120947237583,104.85273742675781,235100,48.463367281576595,39.91641707643069,34.822447492511266,33.18152318446369,36.93753361394058,3.29,81.0,-1.1,1.79
LCII,2022-01-26,107.22044555264904,107.85125201624695,101.37896884175747,102.20852661132812,185400,48.69624456519953,40.191693886176324,35.026218569837106,33.255661362046524,36.77916096677319,3.26,82.0,-1.05,1.68
LCII,2022-01-27,103.21089662612646,104.27376467109228,99.42603207537714,99.77168273925781,124300,48.852605937989,40.225552226320424,34.915519893483946,33.36769375049371,36.85356604682455,3.23,82.0,-0.94,1.72
LCII,2022-01-28,99.771701115954,104.4466125371579,98.06074023335115,104.12688446044922,323100,51.1985720449216,41.30380369623958,35.52915075715553,33.584036111106805,37.04608240950384,3.21,84.0,-0.94,1.59
LCII,2022-01-31,103.34917644492263,106.55507406100523,103.12450247338279,106.43409729003906,156600,51.9631061670935,40.22227130480379,35.426857163480186,33.2579602516382,37.073574455918866,3.19,84.0,-0.95,1.67
LCII,2022-02-01,106.47728846438235,108.04999281912251,104.28241419475802,107.56608581542969,129600,51.82926884667898,40.30936435702285,35.41367674043781,33.28451839166586,36.90278443993438,3.17,84.0,-0.96,1.67
LCII,2022-02-02,107.5660932650436,108.17962014228422,104.43796390645079,105.0514907836914,138100,49.58428671036889,40.48630922129674,35.567498779686545,33.22041442545444,36.973121977933495,3.16,88.0,-0.97,1.59
LCII,2022-02-03,103.62569276286008,106.93528748505916,103.62569276286008,105.1292724609375,148700,48.865331167574794,40.48855592432636,35.48661734872221,33.204167080135036,36.9420172547174,3.14,86.0,-0.98,1.62
LCII,2022-02-04,103.97132657844342,105.79462746853655,101.22341391980332,103.22817993164062,241500,48.82252772423034,40.599708394518416,35.54753917040971,33.26073965967496,36.8315861631395,3.13,88.0,-0.98,1.59
LCII,2022-02-07,103.28003283121784,104.55893845025746,101.30983240120821,102.8652572631836,124900,48.13054134478619,40.467708623374214,35.500134247417456,33.13655888260428,36.5130272045086,3.12,87.0,-0.98,1.61
LCII,2022-02-08,102.96894975445461,106.59826547652126,102.6405786359397,105.87239837646484,117800,48.782867425987966,40.99065932667758,35.80831919272603,33.30298261921733,36.63328014358285,3.12,92.0,-1.0,1.5
LCII,2022-02-09,107.8771718796766,108.78450416909835,106.75381531339231,108.47341918945312,169700,49.53447461037175,41.33759018793293,36.011360100912846,33.40749737082744,36.281689831521916,3.13,92.0,-1.03,1.43
LCII,2022-02-10,108.5598322017467,112.97551037721753,107.31549885317516,107.419189453125,256000,49.27488089774778,41.347280610598204,35.15822936019678,33.340817443051975,36.27200164287502,3.11,84.0,-1.03,1.64
LCII,2022-02-11,108.11047579301521,109.10421899115228,105.36256320139748,106.0711441040039,128800,48.92475484074943,41.376394024624716,35.042041415152475,33.31176079212146,36.26489555693129,3.08,84.0,-1.03,1.7
LCII,2022-02-14,106.33039217367583,108.87955369044393,105.02556393030765,108.50798034667969,283000,49.73176714166504,41.72857966121174,35.135770090302096,33.429182088864415,36.26571383870482,3.05,85.0,-1.03,1.66
LCII,2022-02-15,110.46953749438978,112.34468377844838,108.94868498553214,111.84349060058594,185700,50.427404883323746,42.2827801224,35.204371096605726,33.56342071695468,36.39079871783811,3.03,87.0,-1.02,1.64
LCII,2022-02-16,110.47817995017427,111.90398493781382,109.22520360534052,110.6596450805664,152400,50.438004343473395,42.101018521468305,35.245765867021895,33.57887053943805,36.40369505099733,3.0,88.0,-1.02,1.61
LCII,2022-02-17,109.79551254675005,109.89920972384085,107.1599402415547,107.93765258789062,238600,49.88460255960497,41.80776366824018,35.28887784483076,33.699312771351195,36.36305696330487,2.98,89.0,-1.04,1.57
LCII,2022-02-18,107.06489866113971,108.87955661958502,106.27854314326139,106.9266357421875,113800,48.7115353745816,41.672952465259385,35.16871816119036,33.6632250447105,36.23157482948331,2.96,87.0,-1.07,1.61
LCII,2022-02-22,105.93289276134578,107.81668218500619,103.59976203519943,104.49845123291016,110300,48.60000974659881,41.83243115603016,35.29270373336985,33.76237610111514,36.29919682819403,2.93,91.0,-1.11,1.54
LCII,2022-02-23,105.49220381927597,105.49220381927597,100.1173543214965,100.82593536376953,121500,49.277084197774265,42.281079177989994,35.707583322284364,33.81957956605003,36.4619456725768,2.98,98.0,-1.12,1.38
LCII,2022-02-24,97.55955175239589,105.12063294191023,97.01514968739751,104.90460205078125,256000,51.013797028382854,43.02963154615987,36.15244002570966,33.98097617220776,36.06443389118397,3.04,100.0,-1.16,1.28
LCII,2022-02-25,105.0255717454875,107.73891902781567,103.56520091018265,106.62419891357422,125300,51.38735675466194,43.21873892711181,36.25600907006479,33.896892508633606,36.078291770602235,3.1,100.0,-1.2,1.24
LCII,2022-02-28,104.88730735755401,107.92902574921527,104.47253177225234,107.60065460205078,154100,51.493223292897916,43.22843628499889,36.26140676521035,33.91626227700587,36.042190662209556,3.16,100.0,-1.24,1.24
LCII,2022-03-01,106.63282910266886,108.0413478742435,104.22192402047303,105.4835433959961,154600,51.28281199782012,42.768943544741056,36.38718354888917,33.98035746751237,35.82067636581456,3.22,100.0,-1.27,1.18
LCII,2022-03-02,106.10570978275416,109.13878466854986,105.10332350536189,108.49069213867188,93400,48.80978319286034,43.19288550157137,36.65734462389941,34.14611276628828,35.93256543609428,3.28,100.0,-1.31,1.09
LCII,2022-03-03,109.31161222631611,109.31161222631611,104.990995142272,107.75618743896484,133300,48.48159411152371,42.35715201962061,36.665585412931385,34.08469716672075,35.74095014158971,3.34,100.0,-1.34,1.08
LCII,2022-03-04,105.95018039990296,107.34141972998661,102.40727545079571,103.53063201904297,123200,46.353176625960614,42.986834794432085,37.17959875951015,34.09792531927776,35.907215776414084,3.41,100.0,-1.38,0.93
LCII,2022-03-07,104.27377316475179,104.27377316475179,95.08814343769262,95.27825164794922,144300,50.5999111873261,45.837474015008375,39.36410146918209,35.37596371616398,36.828365105930935,3.53,100.0,-1.34,1.27
LCII,2022-03-08,96.78181437277107,99.73711462225394,94.69927395255706,98.12120819091797,186300,46.470041144488505,46.41560423483572,39.648165374371466,35.4657405546115,36.94236821208194,3.64,100.0,-1.35,1.18
LCII,2022-03-09,101.59499480526696,104.55893853318157,100.87777075207957,103.76394653320312,168100,47.47112154147205,48.07912060868926,40.64929296556771,36.07738470098323,37.25013463605934,3.77,100.0,-1.4,1.07
LCII,2022-03-10,101.09105318841095,101.93558375838307,99.64577269907217,101.59603118896484,89300,47.28390404035527,48.18564779762479,40.73528387653931,36.15692017411069,37.1695471550106,3.9,100.0,-1.43,1.03
LCII,2022-03-11,103.43311196088555,103.43311196088555,98.3485179484001,100.15946960449219,149800,46.9345542174023,48.22341366752082,40.668124089139404,36.15738343111096,37.19358849841201,4.02,99.0,-1.46,1.05
LCII,2022-03-14,101.41319593713841,101.95299405258604,98.25273589400673,99.78507995605469,139600,45.1689174188901,48.22386515211421,40.66924238032243,36.155114583042696,37.17918471302634,4.13,99.0,-1.49,1.05
LCII,2022-03-15,100.87339725606712,105.13957883617628,100.14204861596487,104.93061828613281,213600,47.14710988372238,49.53830057083244,41.49962247302863,36.61299761577925,37.49868210086804,4.25,100.0,-1.53,0.91
LCII,2022-03-16,105.3659387008509,108.09978266272543,103.2850881292921,105.9318618774414,159800,47.12609171842742,49.34316003628851,41.52913510151694,36.62814917960771,37.49080590122499,4.37,100.0,-1.56,0.91
LCII,2022-03-17,104.5301138386669,105.34852600097656,102.8323509940081,105.34852600097656,156000,46.64280261541799,47.918195472083156,41.52864758513126,36.55447578417041,37.448772521053975,4.48,99.0,-1.58,0.9
LCII,2022-03-18,104.88707415659832,108.9530029296875,103.9380634004834,108.9530029296875,267700,47.64641083186249,48.1958203311092,41.89714859953916,36.5785051961746,37.491067434000094,4.6,100.0,-1.61,0.81
LCII,2022-03-21,108.26520082761519,109.82366332041138,105.04380221419767,106.20176696777344,183500,47.952520226763774,48.38384333580112,42.07750010879192,36.42969063964813,37.543316373594216,4.71,100.0,-1.63,0.75
LCII,2022-03-22,106.80250679567445,108.96171914862,104.9741453001902,106.93310546875,150000,47.962882110049634,48.17612109385151,41.99608882121547,36.43319520956156,37.29801877543583,4.81,99.0,-1.65,0.78
LCII,2022-03-23,105.35724933501022,106.34978877651635,97.89578682191913,98.11344909667969,403400,53.47649440055439,50.88963527357072,43.895375485305024,37.81952659886274,38.115765737222,4.95,100.0,-1.66,1.0
LCII,2022-03-24,98.931837410179,99.88084821607922,96.73780498747257,96.9554672241211,210200,52.92520326221363,50.873448758224846,43.91798654570585,37.802202846913254,38.048223419016104,5.08,100.0,-1.67,0.99
LCII,2022-03-25,96.20669738581938,96.98157432657479,91.20917487473409,91.60967254638672,386000,55.094316553888675,51.84499229120796,44.65858444435919,38.088240419365995,38.423281644162124,5.22,100.0,-1.64,0.83
LCII,2022-03-28,91.97535247821513,91.97535247821513,88.77136414856687,89.81614685058594,450800,55.215577273734255,51.76252136971783,44.729392897518764,38.140406569022424,38.379266383864405,5.35,100.0,-1.59,0.8
LCII,2022-03-29,92.06242235948143,97.51268689778223,92.06242235948143,96.46791076660156,403600,59.055676903239906,54.19232850570946,45.53332958914621,39.0992659236394,38.82515030238585,5.5,100.0,-1.6,0.9
LCII,2022-03-30,95.91069514062194,96.57238358498027,92.55869124257894,92.71540832519531,156500,59.01584697693699,54.424285379709524,45.90033408971057,39.366572382538735,39.01166855525425,5.65,100.0,-1.59,0.79
LCII,2022-03-31,92.72410477898053,94.38704731131543,90.03380295549475,90.3820571899414,257000,59.268152119432784,54.562348797062434,46.01117479619957,39.466044729812666,38.96811515900036,5.79,100.0,-1.57,0.75
LCII,2022-04-01,95.11838804061237,95.11838804061237,91.51390228837002,93.8907699584961,265300,60.392331537750366,54.93709200833706,46.48124104235867,39.7337113844265,39.158423220333006,5.93,100.0,-1.57,0.65
LCII,2022-04-04,94.51765400653856,95.85845427346013,92.60222884952192,93.39451599121094,228700,60.37590571405498,54.45170825311819,46.4818015142975,39.721054054515875,39.14228703286738,6.06,100.0,-1.57,0.65
LCII,2022-04-05,92.57611684745264,94.26517151976994,91.2701432475291,91.32238006591797,256600,60.3619155877381,54.39109025653821,46.51607065689707,39.22131682038723,39.16101948881555,6.18,100.0,-1.56,0.63
LCII,2022-04-06,89.96416419777508,91.48779997205405,88.22286617002769,88.93679809570312,200400,60.001968450143025,54.547183519482054,46.63941485853664,39.291796288490204,39.23510194633115,6.29,100.0,-1.53,0.59
LCII,2022-04-07,88.28380952535225,90.16440790265155,86.39450279818581,89.18928527832031,251400,58.59686175352207,54.475595432321654,46.62212653712008,39.290748037660535,39.225757112122636,6.4,99.0,-1.51,0.59
LCII,2022-04-08,88.84974005005319,91.31367186427504,88.15321813861453,88.17933654785156,122400,58.25532615421225,54.461914996998686,46.629381480926476,39.22783106053032,39.19910257483565,6.5,99.0,-1.48,0.59
LCII,2022-04-11,86.52509281089517,92.18431115275799,86.52509281089517,91.46167755126953,199300,59.41829688027253,55.12502094972066,47.06584160179778,39.45970369211902,39.3715135919981,6.6,100.0,-1.47,0.5
LCII,2022-04-12,92.74153771153851,94.41318900486118,89.31988653809623,89.45048522949219,143000,59.472173446087254,55.05614796899682,47.15667284252155,39.53470210746306,39.239672227412534,6.7,100.0,-1.45,0.47
LCII,2022-04-13,90.25149445267333,93.25523137565236,89.75521805828501,92.57612609863281,193600,59.804938061480584,54.167711968288245,47.53917588234953,39.70817867141649,39.3508813707953,6.8,100.0,-1.43,0.39
LCII,2022-04-14,92.41939565139477,93.80372441751312,90.39949017212068,90.70421600341797,135600,59.96509637983849,54.14738227789388,47.49388846999343,39.66775406877661,39.26140739218709,6.88,99.0,-1.41,0.4
LCII,2022-04-18,89.86838411177692,92.17560511747395,89.23280746666991,91.35719299316406,135000,59.176501342905375,52.75486642522442,47.246786679485595,39.56217800599108,39.26864752073746,6.96,98.0,-1.39,0.45
LCII,2022-04-19,91.81863036354328,96.37212694233361,91.81863036354328,96.15446472167969,187900,56.34681798357444,53.14053991175712,47.974635926962286,40.053927225461145,39.555504470234624,7.04,100.0,-1.36,0.37
LCII,2022-04-20,96.8945193906268,97.51267932855312,92.44550286485963,92.73281860351562,178300,56.612099024344566,51.373929053712644,48.24657976851473,40.220677511994445,39.63972548870592,7.11,100.0,-1.34,0.3
LCII,2022-04-21,94.45670816795784,94.45670816795784,90.41689733859576,90.84351348876953,137900,54.11178440883082,50.572465006919565,48.2929158480367,40.27582258351338,39.6850406487151,7.18,100.0,-1.3,0.29
LCII,2022-04-22,90.112171088498,91.52262485336598,88.95420632957997,89.18928527832031,121900,54.04424584988746,50.453555595743204,48.23108844013028,40.318504087083355,39.63496050846157,7.25,98.0,-1.27,0.3
LCII,2022-04-25,89.18927393213558,89.99897766113281,86.62956408384937,89.99897766113281,234000,54.094816322848104,50.297416732850444,48.271310144229965,40.25379887924253,39.448003981503234,7.3,99.0,-1.23,0.29
LCII,2022-04-26,87.90072070654179,88.9455034737956,85.45419918491073,85.51514434814453,150300,55.82234795060239,50.43185510749879,48.8122382306273,40.541966866227405,39.75932378398305,7.35,100.0,-1.18,0.2
LCII,2022-04-27,85.56738607461102,87.43928282787633,84.45295637290657,85.34972381591797,170200,53.312214481856635,50.15900209193143,48.49208563434456,40.291075449928634,39.75933389125621,7.4,99.0,-1.13,0.27
LCII,2022-04-28,86.56861663024618,88.19673239379345,83.86089813752743,87.31737518310547,141700,53.804211649114464,50.369293820542296,48.64646873758,40.335970732772374,39.825959047510665,7.45,99.0,-1.08,0.24
LCII,2022-04-29,86.533795111988,88.42310166292918,84.53129995090556,84.73155212402344,122500,54.236103003250534,50.495872095186044,48.35885909807743,40.46424845806285,39.83348664136556,7.49,97.0,-1.03,0.28
LCII,2022-05-02,85.28877114556062,88.901965650485,84.50518575469971,88.58853149414062,175000,55.03422704208917,51.443925120857806,48.991248692315345,40.76772890211161,40.06839657253742,7.53,100.0,-0.99,0.18
LCII,2022-05-03,88.97161241199943,93.50769234287485,88.37957089965256,93.15943145751953,226900,57.150241121931685,52.475942797819684,49.74067205270175,41.21949381837687,40.383598001906215,7.58,100.0,-0.94,0.09
LCII,2022-05-04,92.79377204499278,97.15571875382217,92.07113178054709,96.90323638916016,165700,58.4686907324605,53.145659245186124,50.2130095686675,41.49833732849067,40.46332444053945,7.62,100.0,-0.88,0.01
LCII,2022-05-05,97.0164228731636,97.3472671173283,92.55869739336667,94.0910415649414,205500,53.60137417522278,53.091175906860556,50.372735336750466,41.33158905872478,40.561906202061884,7.65,100.0,-0.82,-0.02
LCII,2022-05-06,93.43803692553679,95.23157148101332,91.63579402141048,93.5076904296875,183600,53.53034423176337,52.81460269124272,50.36506206835411,41.31881539882317,40.56053240910882,7.67,99.0,-0.76,-0.02
LCII,2022-05-09,93.17684159124416,96.0586939435294,91.67933107524378,94.66565704345703,374800,50.98852093100338,52.87813444277588,50.42935435776506,41.23895735634683,38.79809456136895,7.68,100.0,-0.68,-0.04
LCII,2022-05-10,95.4927803674801,100.28134975624546,91.7228686908462,97.86094665527344,330100,51.414218040016614,53.32076764011905,50.76659997471881,41.43798016361582,38.908144116234936,7.69,100.0,-0.59,-0.1
LCII,2022-05-11,99.28880684431971,99.28880684431971,94.43929246881586,95.14451599121094,487300,47.848550991562306,53.359537203433014,50.91803994041526,41.496642492818495,39.00283664292999,7.7,100.0,-0.5,-0.13
LCII,2022-05-12,94.90073620616369,98.07860622414101,94.56118364471789,97.2776107788086,341300,46.78975979438593,53.17443499383874,50.91406363040766,41.57112883488834,38.960139596711514,7.7,99.0,-0.38,-0.12
LCII,2022-05-13,99.28010217431371,104.54753116285526,98.41816154360632,103.25025939941406,311400,48.95632953273757,54.63311171866304,51.04040595952427,42.1060686613528,39.16211564147828,7.72,100.0,-0.28,-0.11
LCII,2022-05-16,102.06618029846301,104.60847366234977,98.68805808923392,99.12338256835938,430200,49.57881145058053,55.02365741111729,51.249374170274855,42.30968491970523,39.36733741646103,7.74,100.0,-0.15,-0.14
LCII,2022-05-17,101.45672581234757,104.92191171766464,98.0089566066564,104.8870849609375,198800,51.98758691096672,56.259763453734614,52.07553392200248,42.849557843933646,39.67608008365321,7.76,100.0,-0.01,-0.22
LCII,2022-05-18,101.95298399370174,103.42438274778529,97.07735152370645,98.60969543457031,224100,54.880480234568864,57.473214853112566,52.802652659813084,43.43676465294786,40.13674180598918,7.78,100.0,0.15,-0.26
LCII,2022-05-19,96.51143554437465,97.9392993022963,91.85346495343968,92.01889038085938,298500,58.142219945763074,58.731052950493876,53.74870806420762,44.17593967039337,40.71158573643845,7.82,100.0,0.32,-0.3
LCII,2022-05-20,96.62462236396952,96.63332407075926,86.21165518752045,92.38455963134766,451600,58.14601648384542,58.114451481010896,53.74789474353935,44.177973893709236,40.640064055928754,7.84,99.0,0.5,-0.3
LCII,2022-05-23,93.33356436696855,95.69302885637298,92.49774217579703,95.12710571289062,242500,58.57459934775694,58.350512132216096,53.9553122750793,44.19503166097903,40.741205067631746,7.86,100.0,0.69,-0.33
LCII,2022-05-24,94.44799516297577,95.3447624630727,91.29624376807425,94.58729553222656,210500,57.715846945305586,58.309986460931476,53.893924551850745,44.158972026335434,40.7273559358864,7.87,99.0,0.86,-0.32
LCII,2022-05-25,93.7166560864291,100.69055630669298,93.7166560864291,100.6034927368164,168700,59.84860092258217,59.63076386117714,54.87930233570337,44.65242638244562,41.15801506517862,7.87,100.0,1.05,-0.39
LCII,2022-05-26,101.05623805273356,103.60724011280877,100.93434771341464,101.01270294189453,246300,59.15013498259831,59.335906353988264,54.79591741852653,44.63027362176841,41.12751502046565,7.86,99.0,1.13,-0.37
LCII,2022-05-27,101.29129377688638,103.13707190797876,101.29129377688638,102.38831329345703,146400,58.80376326939712,59.4000461509174,54.857541350088866,44.645298287978285,41.15260836333146,7.85,99.0,1.15,-0.38
LCII,2022-05-31,101.67439060690809,104.45176308211683,100.35970873825593,104.05996704101562,244800,58.90359372992708,58.93264281332623,54.65036990210936,44.65434679855194,41.14789606816617,7.83,97.0,1.31,-0.35
LCII,2022-06-01,104.32116840482053,104.98286353955308,100.63832001827787,101.09976959228516,310900,57.93280901847299,56.66952178218604,54.572232786445,44.75852317067178,41.240506817132825,7.8,96.0,1.18,-0.34
LCII,2022-06-02,101.80264434650095,103.09417132691296,101.12612351076687,102.42644500732422,196700,56.88189478771603,56.417745819508816,54.4964348587457,44.76704691112337,41.26390808030598,7.77,95.0,1.13,-0.33
LCII,2022-06-03,102.51430342178261,102.51430342178261,100.47596650001708,101.41606140136719,171800,56.57557634801073,55.268083797077004,54.49738409026851,44.77805935597236,41.24441194444785,7.71,95.0,1.0,-0.33
LCII,2022-06-06,102.75151029602287,103.12930578073858,101.50390909650089,102.74272918701172,303500,56.24291075063107,55.16355380855382,54.45822996484403,44.80010483619712,41.26766534255074,7.65,93.0,0.94,-0.32
LCII,2022-06-07,101.52147380294733,104.77226682182506,100.7834518340434,102.9184341430664,126500,56.234082464623384,55.082160106053635,54.45788184864936,44.41251414363606,41.15360946101803,7.57,92.0,0.65,-0.32
LCII,2022-06-08,102.3122104862658,103.656464173116,101.29304551097512,102.24192810058594,180400,53.84029462859916,55.09453230965728,54.4530132191515,44.34435885583805,41.04879217918817,7.49,91.0,-0.13,-0.32
LCII,2022-06-09,103.1380962272351,104.21876924237121,101.60055751579374,103.31381225585938,102600,53.80207116765169,54.150908060443236,54.345271672797146,44.32049248752904,40.97837360585036,7.39,90.0,-0.87,-0.3
LCII,2022-06-10,101.75868782703753,103.39287209543312,99.45677069443599,100.05421447753906,159700,54.68832308088122,54.499714070739124,53.57758466386633,44.36108420238363,41.09946680593286,7.31,85.0,-0.99,-0.27
LCII,2022-06-13,96.61014076497602,98.64847742337747,96.2762776470361,96.6364974975586,223100,54.96263863913534,54.93201589183722,53.740355016164266,44.54512165359975,41.233288489070574,7.23,85.0,-1.05,-0.3
LCII,2022-06-14,97.33059543390394,99.06142585392003,97.10215922689679,98.05982971191406,162100,53.735083221428845,54.550163405106275,52.88525666419967,44.50126196250355,41.26024897435208,7.15,83.0,-1.03,-0.24
LCII,2022-06-15,99.2547186652804,99.57101289307249,97.28667090590294,98.34098052978516,145900,51.86161650469331,54.33066238909811,52.41330994735003,44.43699764421953,41.22171957373069,7.08,81.0,-1.03,-0.17
LCII,2022-06-16,96.17084466373046,96.17084466373046,89.92404428024548,90.35455322265625,220700,56.32431801932677,56.92302881689743,52.797805110291264,45.506441426399576,41.895193526461554,7.04,81.0,-1.06,-0.11
LCII,2022-06-17,91.4440215559741,92.82341321057284,90.75871963502068,91.83938598632812,246100,55.969921174094715,54.33410631775356,52.31196052439753,45.549191931225565,41.869822044714496,7.0,79.0,-1.09,-0.03
LCII,2022-06-21,94.71240058026052,95.01111921141545,91.37374194338184,93.13971710205078,163700,56.10795057894673,54.37442691471387,52.22297481272531,45.52069870163086,41.84166870889676,6.96,78.0,-1.11,-0.0
LCII,2022-06-22,92.30502988461642,95.76669037910322,92.30502988461642,93.98314666748047,128300,56.05260399239347,53.13515795376507,52.113087978452114,45.53594684484729,41.845004185704845,6.91,77.0,-1.13,0.03
LCII,2022-06-23,94.2730726174386,97.37450618496237,94.2730726174386,96.31140899658203,166800,55.65596451207138,53.19041768872476,51.8064657260217,45.62500129762657,41.916892682445166,6.87,75.0,-1.12,0.07
LCII,2022-06-24,96.81222111951053,100.43202209472656,96.81222111951053,100.43202209472656,266400,56.33387011145982,51.85055079528767,52.12535011223531,45.907366395659785,42.10885292590433,6.82,77.0,-1.09,0.03
LCII,2022-06-27,101.93442648809571,103.05024411347463,100.87132903683224,102.215576171875,159200,56.2057326935758,51.27240418000593,52.17552683002701,45.94933258116811,42.14495634924783,6.77,77.0,-1.07,0.02
LCII,2022-06-28,102.52308299707519,104.89528288931086,100.58139206537246,101.34576416015625,159300,53.506950959705314,51.006589430916435,52.059926195707575,45.95677303882021,42.12839829574821,6.71,73.0,-1.05,0.05
LCII,2022-06-29,101.07339542362126,101.07339542362126,98.44640277762443,99.79943084716797,117800,52.343326404781784,50.56177569183124,52.11409507132267,45.98595457039488,42.15332113589943,6.65,75.0,-1.02,0.03
LCII,2022-06-30,97.9016708362078,100.16844360232972,96.89128700295474,98.29703521728516,183500,49.70082764890284,50.65480502402989,52.089710287732395,46.011944332021635,42.12936091752241,6.59,73.0,-1.01,0.04
LCII,2022-07-01,97.47116808380554,102.4967241335018,97.47116808380554,100.65167236328125,182100,46.892228427509124,50.63071996374826,52.22810801817934,46.09146295292311,42.074912459102926,6.52,78.0,-1.0,0.02
LCII,2022-07-05,98.28824961606058,105.66842907973067,98.28824961606058,105.41364288330078,210200,43.77746049335218,51.097786755902455,52.54664145957562,46.406657714789496,42.166563402683366,6.45,80.0,-0.99,-0.02
LCII,2022-07-06,104.47356076813256,105.72116198270739,98.72755822814855,100.93282318115234,217100,45.933242770672905,51.97019025415008,52.847567156440775,46.666971630426836,42.38380736420195,6.38,82.0,-0.96,-0.08
LCII,2022-07-07,102.53186270002317,105.85295188799502,102.40886014155792,105.32579040527344,199800,46.75314363252585,52.54808329358561,53.271577474991986,46.89051030093067,42.59895984142625,6.3,83.0,-0.96,-0.13
LCII,2022-07-08,105.1500818921949,105.95838639218316,103.45439598290587,105.18522644042969,143100,46.69660270879296,52.08539437831799,53.23464464662301,46.890188426387056,42.57163552158345,6.21,82.0,-0.95,-0.12
LCII,2022-07-11,104.98314542820829,105.73873644636046,101.65327494196492,101.99592590332031,149100,44.324441727737415,52.2868498594322,53.32888034767084,47.02471615696775,42.502234428365504,6.11,83.0,-0.93,-0.15
LCII,2022-07-12,102.4000766391453,106.80182531377959,102.4000766391453,104.01668548583984,158900,44.66239032837754,51.986212215745944,53.1983838168268,47.084902654854325,42.54408215259448,6.01,80.0,-0.99,-0.13
LCII,2022-07-13,102.76909344340774,105.9056722961178,102.50551268477174,104.974365234375,98700,44.573698799218576,51.79573773722051,53.19732485654794,47.09736212215991,42.55313044969715,5.9,79.0,-1.03,-0.12
LCII,2022-07-14,103.39287678844107,105.31699857637025,102.81300189772531,104.82498168945312,194200,44.33787593316027,51.79211490440666,53.053823103224474,47.09713407885513,42.55256929704245,5.79,78.0,-1.03,-0.09
LCII,2022-07-15,106.65246161958592,107.46076600954291,105.26428231739699,106.47674560546875,156100,43.670265396967345,50.86304100331516,53.09321304724948,47.136228364643564,42.579907359106784,5.66,78.0,-1.03,-0.09
LCII,2022-07-18,107.33776915452646,107.61891881391387,105.65087119820193,106.52946472167969,191500,43.539101249923725,50.24631384730706,52.96578654826901,47.08414810523179,42.574323934726245,5.52,76.0,-1.04,-0.05
LCII,2022-07-19,108.4184463603617,111.24751868864597,107.7770701138631,110.56221008300781,188600,44.60893592416449,50.515230151018145,52.97044431544814,47.19319486908354,42.725609286165735,5.39,76.0,-1.02,-0.03
LCII,2022-07-20,110.3074290576277,114.35774608607365,110.096561767567,114.19081115722656,148300,45.333925668968334,50.654758229245836,52.8461401550968,47.34698085461228,42.48129654316217,5.26,72.0,-0.84,-0.01
LCII,2022-07-21,113.41763527766138,114.6828121026019,112.42482700445129,114.2522964477539,187300,45.3392611368108,50.64945355314174,52.788338728615095,47.304779761242955,42.45926437923358,5.12,69.0,-0.7,-0.01
LCII,2022-07-22,114.95517424350014,115.09575242580061,112.3984705569245,114.04144287109375,161000,45.26838874028886,49.35079861291674,52.77248537003714,47.30358846942664,42.45449889841413,4.97,68.0,-0.6,-0.01
LCII,2022-07-25,114.41922227114263,115.90404736003069,113.04861862179126,114.37528991699219,301400,45.22282581086877,49.33252201149467,52.67156849597882,46.94105870043978,42.4102730935891,4.81,67.0,-0.53,0.02
LCII,2022-07-26,113.87451986146168,115.35055071112193,112.23154737551266,113.94480895996094,183900,44.02321434941261,49.22077907709566,52.49379207584192,46.941743248250006,42.39589122220252,4.65,65.0,-0.48,0.05
LCII,2022-07-27,113.99750518798828,115.16603613701095,111.39686926514734,113.99750518798828,122000,42.461496646078054,48.70180541898064,52.48080023909537,46.9355116546029,42.39582494035888,4.48,64.0,-0.44,0.05
LCII,2022-07-28,115.13968762568896,118.67163745710012,115.13968762568896,117.9248275756836,133800,43.18095025753759,48.38023059747357,52.337321823514415,47.113385940805834,42.50122557500963,4.31,62.0,-0.31,0.1
LCII,2022-07-29,117.92481408371188,119.00548027485056,115.6756169938123,118.6891860961914,218800,43.16974818096852,47.44271164442805,50.5633185892423,47.12038461620528,42.44698088228119,4.18,45.0,-0.23,0.09
LCII,2022-08-01,115.78105868853292,115.97435034494306,110.6764322312328,112.73233795166016,324200,37.83195882392971,48.19971151858351,51.08343387918936,47.48142931223116,42.6666699736107,4.06,49.0,-0.33,0.01
LCII,2022-08-02,118.76826259720272,118.76826259720272,106.3186010453068,106.90725708007812,627200,41.56605012585,49.1027601637938,51.05155410798371,47.877567762774135,42.99041084783827,3.95,48.0,-0.37,-0.03
LCII,2022-08-03,107.0478391910408,116.1852205198421,107.0478391910408,115.73712921142578,424900,46.77617700352043,51.552447572490166,52.451209736004756,48.80835231686864,43.69357836320042,3.84,63.0,-0.42,0.02
LCII,2022-08-04,115.56140770545045,116.13248814622294,110.201988430663,110.67642974853516,206100,49.13150567058716,52.45537943671389,52.9021445038341,49.0841420381523,43.91608062296304,3.73,74.0,-0.51,-0.06
LCII,2022-08-05,110.14048422048604,113.99750923763166,109.86812237424762,113.61972045898438,148900,49.19387017349135,52.301367859878944,53.047725121113444,49.18910792035986,43.994863745486384,3.61,76.0,-0.59,-0.08
LCII,2022-08-08,113.77786162252605,116.78264987283919,113.69879142268779,114.57738494873047,169800,47.98403312120595,51.921823229522055,52.47688697340538,49.201070604886816,43.955061211218634,3.5,61.0,-0.64,-0.01
LCII,2022-08-09,114.93761359479771,114.93761359479771,110.22834497048068,111.82738494873047,206100,48.51520425984347,52.06577961793858,52.60963326928931,49.27866902643949,43.92296621908724,3.38,64.0,-0.68,-0.04
LCII,2022-08-10,114.75310088006395,116.0973479013224,113.6109266158757,114.84974670410156,167400,48.8595258579238,50.94438709389949,52.763142336759394,49.33962166039993,43.856413369553486,3.26,65.0,-0.72,-0.07
LCII,2022-08-11,115.9743501559998,118.53106063830825,115.9743501559998,118.07418823242188,88400,48.956630414615596,50.431050009930765,52.67738348190616,49.33478402691932,43.91209730813082,3.14,64.0,-0.69,-0.05
LCII,2022-08-12,117.99510415741985,118.46075761792154,116.40485214254359,118.2235336303711,118500,48.58093559122938,49.178345434154124,52.50728550342202,49.276390320437244,43.904854355299214,3.02,60.0,-0.7,-0.01
LCII,2022-08-15,117.72275205000484,120.03344392036821,116.90565309487761,119.93679809570312,142400,48.364038484406215,47.40867477837994,52.54198552832891,49.30780665909295,43.87196360820526,2.88,60.0,-0.68,-0.02
LCII,2022-08-16,119.5853562599449,122.90643846299645,118.85612208010512,121.19318389892578,118300,46.85592746283015,44.95702629232495,50.6636785266558,49.299540544578676,43.8783152605879,2.79,34.0,-0.69,-0.11
LCII,2022-08-17,119.53265547942857,119.53265547942857,117.37130944186985,118.25869750976562,76000,45.46868144050287,45.35098592797047,50.79204667242458,49.29643031062595,43.939530766071464,2.7,35.0,-0.76,-0.14
LCII,2022-08-18,118.78586153362967,119.6644552038581,117.86333549863471,119.21637725830078,92400,44.08600329102554,45.056260300052436,49.919862616389324,49.30699453904748,43.732271972111675,2.62,27.0,-0.8,-0.05
LCII,2022-08-19,118.50466866540926,119.37446745292064,116.24667744803922,116.95833587646484,74500,44.576275204301865,45.26024444656943,49.912545502968584,49.34469977711965,43.75961011536124,2.54,26.0,-0.85,-0.04
LCII,2022-08-22,114.19081953677744,114.65647310600862,111.45839270658246,111.69561004638672,111700,45.79912437116804,44.73157575650789,49.27033728422681,49.49419464289747,43.93204559215107,2.48,24.0,-0.9,-0.11
LCII,2022-08-23,112.01187718307112,113.78663300458385,111.45836572210983,112.81139373779297,134900,45.57984763342588,44.76080658024822,48.84345111225616,49.475618874704324,43.94081032530847,2.43,22.0,-0.95,-0.03
LCII,2022-08-24,113.18042911755352,115.35933739805164,112.68840546145175,114.2171630859375,141500,45.62901648908825,44.74868260004528,48.6713627172428,49.29341009221774,43.92048889905119,2.38,20.0,-0.98,0.02
LCII,2022-08-25,114.13811012680634,117.0198963736985,114.13811012680634,115.991943359375,115600,45.75407108657731,44.73832367733051,48.37974753960197,49.328472355003846,43.93804705658484,2.35,17.0,-1.02,0.07
LCII,2022-08-26,116.68601758033783,116.93202272365615,109.6396996337222,109.82420349121094,99700,48.56470749998246,45.79270676418747,49.19928826003849,49.73199264674798,44.2125150608345,2.31,23.0,-1.04,-0.03
LCII,2022-08-29,108.7347204834486,110.2019698449043,108.26027924559182,108.55021667480469,92800,48.70413212078748,45.80397700149353,49.094842037199335,49.74380736476206,44.18860014114288,2.27,22.0,-1.03,-0.01
LCII,2022-08-30,109.27068020418758,109.32339367120815,105.77387499052817,105.93202209472656,119200,47.954585783183894,46.0468976400434,49.06587859972217,49.81700205780431,44.24736513231519,2.23,21.0,-1.01,-0.0
LCII,2022-08-31,105.79146649807456,106.38012264530506,101.60935877271575,101.80265045166016,153400,48.0989779203043,46.71102125053048,49.505849316541145,50.013266241897526,44.410012378314455,2.18,24.0,-0.98,-0.09
LCII,2022-09-01,100.97806965193574,102.62719839187139,99.37327502096724,101.65190887451172,136600,48.08660521229861,46.71016582181961,49.46606582307883,50.011653210202226,44.409162681416,2.14,23.0,-0.95,-0.08
LCII,2022-09-02,102.99071777511736,103.61135470579069,100.06484249751973,100.96920013427734,75500,48.08940123252933,46.71101558730401,49.15998266279315,50.0143999399275,44.412042076051684,2.1,20.0,-0.92,-0.03
LCII,2022-09-06,101.55438758797338,101.55438758797338,98.25612983718436,99.72793579101562,100800,48.10073467725173,46.72292739911683,49.06620847206324,50.0272246115037,44.329559444604456,2.07,18.0,-0.89,-0.01
LCII,2022-09-07,100.35743889116335,104.87037276710821,99.16935369494338,104.2408676147461,243100,50.1408665431634,47.143295635191066,49.262074973927966,50.215044296654845,44.525992875978716,2.04,21.0,-0.86,-0.03
LCII,2022-09-08,103.09710499212395,103.09710499212395,99.71905440353027,100.73867797851562,99900,50.93366727651104,47.12477978056014,49.463531309868124,49.88065942146827,44.56212396774647,2.01,22.0,-0.82,-0.07
LCII,2022-09-09,101.53664803792051,105.39348572253998,101.01354070068598,105.34915161132812,154600,51.73022321887526,47.90322032688542,49.93935755815249,50.0904547208695,44.773261111762686,1.97,27.0,-0.78,-0.13
LCII,2022-09-12,106.33330238888705,108.53214293093025,106.33330238888705,107.6898422241211,102900,52.18993888477064,48.09140512941237,49.411139029879905,50.154831282226716,44.816090519264115,1.95,20.0,-0.77,-0.08
LCII,2022-09-13,103.83301020375715,105.35801151337166,102.07748370992682,102.52079772949219,111600,52.008931828935836,45.871843916794965,49.702485626650144,50.41157005417519,45.05922769712327,1.93,23.0,-0.73,-0.1
LCII,2022-09-14,102.38781271400632,102.40554229909183,99.01862333518847,100.89827728271484,107800,49.98868602390604,45.92176196766029,49.65670014271467,50.39495885558479,45.07015221533388,1.91,22.0,-0.69,-0.09
LCII,2022-09-15,100.36629530939356,102.6183314299467,98.36252073178105,98.92996215820312,122300,43.86001619711376,46.05054739710596,49.67032002481238,50.43637766663765,45.09688167760294,1.89,22.0,-0.65,-0.1
LCII,2022-09-16,97.80394186982906,99.51513434407329,97.4049619374426,99.0806884765625,234600,42.26141329467613,46.020476610209,49.6538304019057,50.417327545051684,45.095422000540886,1.86,20.0,-0.61,-0.09
LCII,2022-09-19,98.22951991168097,101.05786548210246,98.22951991168097,100.8450698852539,96500,41.803289829461136,45.89219123054906,49.014132626726095,50.440244770359655,45.127293169948594,1.86,8.0,-0.61,-0.0
LCII,2022-09-20,99.38212715038009,99.84317748861606,97.65320529308185,99.79884338378906,103800,41.675085438468365,45.135919650506025,49.04847330311887,50.449379331496566,44.86374751868695,1.85,8.0,-0.64,-0.01
LCII,2022-09-21,100.46382419226548,101.26179080612859,97.83940592345427,98.33592224121094,97100,41.37432371550704,45.08096209069678,48.99705862313326,50.422672928186486,44.834878449254845,1.85,6.0,-0.66,-0.01
LCII,2022-09-22,97.48474407812174,97.48474407812174,95.17951267395429,96.12820434570312,124400,40.63251602594536,45.2799372426511,48.89145282882183,50.48136834905911,44.86065508531765,1.84,4.0,-0.79,0.01
LCII,2022-09-23,94.0535174131196,94.57662478379865,89.9572928535994,91.14537811279297,189700,41.571560736400016,46.4468985311163,49.151789164401634,50.66768750851934,45.08498825747736,1.84,11.0,-0.82,-0.03
LCII,2022-09-26,90.61339312677326,92.74130201388856,89.0440642966318,89.14159393310547,139700,41.643330650616385,46.55798670546433,48.61852164924188,50.58514314561564,45.135892561772025,1.85,2.0,-0.79,0.01
LCII,2022-09-27,90.66657757179219,91.9787831715738,89.31003786799808,91.18081665039062,231400,42.11770911239191,46.53402991446977,48.34065541888227,50.58744745791891,45.13953744337609,1.88,1.0,-0.8,0.05
LCII,2022-09-28,92.64376675619793,95.07313258076562,91.0567016714833,94.19536590576172,164500,43.47513291786561,46.01383474474679,48.40056798182298,50.74404202831232,45.216540285473435,1.9,3.0,-0.8,0.06
LCII,2022-09-29,92.21818310606102,92.43097193878475,88.16629328781111,89.54943084716797,210300,44.946237657193485,46.31174115677609,49.0538112390329,51.0139280888405,45.47367320879399,1.91,11.0,-0.78,-0.04
LCII,2022-09-30,89.60263043972559,93.76978642041747,89.60263043972559,89.95728302001953,194500,44.839680303194015,45.39406272611025,49.017955348235915,51.01770754614976,45.472803908039225,1.93,10.0,-0.78,-0.03
LCII,2022-10-03,90.36512698148812,91.1542253851764,87.51018364929678,87.80277252197266,215700,44.960654782890714,45.608418586273686,48.86037722162699,51.080566087755884,45.48658710690885,1.95,7.0,-0.76,-0.02
LCII,2022-10-04,89.72675205498942,90.89710075955242,87.81163906772039,89.5760269165039,440700,44.374087735532974,45.47456243753082,48.77919065180284,51.0613398555923,45.53508270020906,1.97,6.0,-0.76,0.01
LCII,2022-10-05,88.29042875013764,88.29042875013764,85.2315577143019,86.10045623779297,293800,45.012819429301906,45.87971252770596,49.029505356963114,50.68223933410578,45.68859115757761,1.98,13.0,-0.73,-0.05
LCII,2022-10-06,86.10045782874278,87.24420892263952,85.39115262240138,85.67487335205078,135200,44.575193687770124,45.80902789411402,48.052760333785606,50.62666567767682,45.69012073726612,2.01,1.0,-0.73,0.01
LCII,2022-10-07,85.19609016490146,85.19609016490146,82.33228521409252,84.24739837646484,248900,43.97885480684363,45.8892353236169,47.70779085145048,50.1268423257136,45.708602733489904,2.05,1.0,-0.7,0.08
LCII,2022-10-10,84.6729693084902,87.2707894751291,83.9814005891178,86.45509338378906,139300,43.16495637514027,46.12017310917935,46.999755317226395,49.95916152282909,45.7878378316755,2.1,1.0,-0.73,0.11
LCII,2022-10-11,86.09158330860554,89.77109111200951,86.09158330860554,89.09725189208984,159700,44.53057766475113,46.62534360893814,46.28155979985337,49.336640077826445,45.8926000943354,2.16,1.0,-0.77,0.17
LCII,2022-10-12,89.45191389840653,89.5228457741773,87.3240049763356,87.94464874267578,112800,44.255678770988226,45.90900926296641,45.017648346302686,49.01571517923869,45.90440473674245,2.24,1.0,-0.77,0.22
LCII,2022-10-13,86.08272420809122,88.78694278303662,84.38926795178921,87.94464874267578,125100,43.12156100455385,45.29715418723697,45.012141146461104,48.92859619652392,45.894413781867044,2.31,1.0,-0.78,0.22
LCII,2022-10-14,88.80468453228832,89.45191933584044,85.12517611735792,85.7192153930664,114000,43.52244247302608,45.49352328500954,44.93203380567469,48.938970602776955,45.94186891176592,2.38,1.0,-0.78,0.22
LCII,2022-10-17,87.42153049796117,89.25685041938432,86.59696608315161,88.39682006835938,130400,44.78203609127252,46.070674603725905,45.20774761099934,48.80929617753474,46.04391841894521,2.44,4.0,-0.8,0.17
LCII,2022-10-18,90.70204890045088,91.8901271970301,88.90218834271268,90.52471923828125,123800,45.446338162778424,46.40652869149533,44.26831529377263,48.82211577405589,46.06907915380982,2.5,1.0,-0.85,0.18
LCII,2022-10-19,88.85786510189027,89.70015905166,84.80597514527268,86.57923126220703,230400,44.66596518485917,47.14882633504573,44.79507390675561,49.07490522891969,46.27346859287275,2.55,2.0,-0.89,0.07
LCII,2022-10-20,86.15364826970541,87.49245855459517,83.47603446436126,83.76862335205078,153300,44.6033496792703,47.493550855415954,45.005118171076255,49.14750478912831,46.381584404155326,2.58,4.0,-0.91,0.02
LCII,2022-10-21,84.53998032211665,87.29739400442783,83.06818132697987,87.07573699951172,180300,44.035986332131,47.673702037358105,45.37751815882965,49.374163506771445,46.552753528020396,2.61,8.0,-0.95,-0.04
LCII,2022-10-24,87.99783149852499,90.05480824635139,87.09347388919885,89.50509643554688,182900,44.37375875342049,48.0844718311794,45.40372434116368,49.446584580378484,46.6396637444514,2.63,9.0,-0.99,-0.02
LCII,2022-10-25,89.2391096346261,91.4290818789416,88.98198670265842,89.69129180908203,110500,42.50257838908055,47.10133039065313,45.34943814486103,49.44667230240805,46.64044507759184,2.65,8.0,-1.03,-0.01
LCII,2022-10-26,91.48227621865651,91.93445838730106,89.62922020326825,90.40058898925781,154000,42.50361952247445,46.02338967744721,45.35164077390858,49.33229068682573,46.64880134932882,2.67,9.0,-1.06,-0.01
LCII,2022-10-27,91.23402744738335,94.43475524024984,90.86164529087026,92.1738510131836,149700,42.73277535098372,42.99306804612678,45.41412798503028,49.300841118200836,46.65800164351948,2.69,12.0,-1.09,-0.02
LCII,2022-10-28,92.5550983983199,96.11934682417231,91.32268599258448,95.89768981933594,122100,44.42519945514604,43.03818166877676,45.86965360952949,49.52150984232269,46.75821526966817,2.69,13.0,-1.1,-0.08
LCII,2022-10-31,94.25743155757746,95.03766861822,92.74129831169562,94.08010864257812,189800,44.35611936515458,42.75248634925228,45.953751838617585,49.54967927379192,46.79068658662081,2.69,14.0,-1.12,-0.11
LCII,2022-11-01,97.0325727238596,99.01861759565021,91.54434311258746,92.1827163696289,242900,44.60715284606426,42.82730041147577,46.02171933273883,49.525727728422446,46.79762231728624,2.69,15.0,-1.14,-0.13
LCII,2022-11-02,90.37400431169799,91.10103909766642,81.15307053432684,81.17080688476562,307100,57.34855207975711,49.606614115989636,49.95968584613764,51.592437764815216,48.464940709225615,2.66,54.0,-1.13,1.59
LCII,2022-11-03,80.04478029689409,82.6071348530576,79.15815223553827,79.99158477783203,268100,57.19655023253435,49.18873667496258,49.72638142223805,51.60425376525316,48.216079737351805,2.64,51.0,-1.1,1.68
LCII,2022-11-04,81.17966727632489,84.66411600586815,80.39056880259945,81.658447265625,289800,55.902046196000796,49.002861569390305,49.786209486856336,51.598486461943395,48.26735967338431,2.62,52.0,-1.12,1.67
LCII,2022-11-07,82.62486320953168,86.00291363189744,81.56977375396458,85.40887451171875,387400,57.33245461062913,50.088867542403946,50.33143159048582,51.88144752339522,48.48701984122859,2.61,57.0,-1.15,1.56
LCII,2022-11-08,84.9301087718336,87.71412053879774,82.72240663809973,83.51150512695312,359500,57.178246398831476,50.03582554571092,48.65151995320603,51.87850458998028,48.531301054380386,2.6,24.0,-1.15,1.71
LCII,2022-11-09,82.11063613009307,86.23345851190335,81.20627160018053,83.93708801269531,342500,56.24511987420878,49.97277236069136,48.583777815463804,51.720650215633825,48.53609494198407,2.59,23.0,-1.16,1.73
LCII,2022-11-10,87.93578256924215,93.35308125361988,87.76732105156,91.384765625,326400,60.05423754075475,53.18861181785179,50.41109074043851,52.495411721404,49.286611082811994,2.58,60.0,-1.17,1.66
LCII,2022-11-11,91.43796242573598,94.86921594220725,91.1187757374858,94.09784698486328,152300,60.61700758524445,53.57486838073908,50.60719964687256,52.577218448167315,49.378763510752336,2.57,62.0,-1.17,1.61
LCII,2022-11-14,93.04274942033078,95.401176507934,91.41135029628256,93.78751373291016,167800,60.14628235681383,53.48144573771483,50.4573481931347,52.56512808543462,49.37286953493303,2.56,61.0,-1.17,1.65
LCII,2022-11-15,96.10161465612977,96.20801245827612,90.81731224269532,91.06556701660156,236100,60.580665498103855,53.02636713306836,50.21043078335467,52.626343260816256,49.451933076177525,2.55,59.0,-1.2,1.67
LCII,2022-11-16,89.79768680501923,90.07253933278814,86.43736572183187,87.09347534179688,204200,60.886582628786655,53.61487885643606,50.593903768942674,52.766696476948404,49.63856098314394,2.54,64.0,-1.22,1.54
LCII,2022-11-17,85.51528485341018,87.58113012656797,84.68185896794284,87.47473907470703,205100,60.87552241578283,53.53336206252136,50.59031386465678,52.76662763119704,49.64221480639255,2.53,64.0,-1.25,1.54
LCII,2022-11-18,89.61149563830304,89.61149563830304,86.92501376222829,88.57414245605469,196900,60.735825214536064,53.49028387062208,50.58876752607318,52.58783748394826,49.66132078177496,2.52,64.0,-1.27,1.56
LCII,2022-11-21,88.07763532573094,88.94653387084863,87.56339615049376,88.14856719970703,169300,60.32318661979904,52.459959800546216,50.542642301431975,51.673001936410145,49.62584164576635,2.51,63.0,-1.29,1.58
LCII,2022-11-22,88.31702532515651,90.89710957114208,88.31702532515651,90.34740447998047,182000,60.111723797825036,52.7502366260857,50.55492950204612,51.637345887539574,49.60512487435992,2.5,64.0,-1.31,1.58
LCII,2022-11-23,90.08140331761362,90.94143355868682,88.62733394085875,89.15930938720703,76600,60.1159800623923,52.60649401687033,50.016983949867424,51.22109086367951,49.58022957810013,2.49,59.0,-1.31,1.69
LCII,2022-11-25,89.58489964342556,90.27646844520856,88.67167382751029,89.6735610961914,43500,60.135284678542064,52.067499275380946,49.579145299818194,51.17001751580251,49.584273278648624,2.47,49.0,-1.33,1.85
LCII,2022-11-28,88.86673346110636,89.41643852925927,87.78504614521994,88.10423278808594,129300,59.87629570534624,52.16452002603713,49.14542441526907,51.184337261951725,49.594627028409846,2.44,40.0,-1.33,1.95
LCII,2022-11-29,88.37021587907606,89.2036484084228,87.66091749967121,87.68751525878906,121100,59.21911363429577,52.15900290808151,49.147604276939674,51.18530378319694,49.540470273876224,2.41,41.0,-1.34,1.95
LCII,2022-11-30,87.6431704007888,87.66090674764871,83.90159941660261,87.65203857421875,215300,58.778615740339944,52.11846029173175,48.92789715780969,50.824406035166724,49.540451335001976,2.38,31.0,-1.35,2.05
LCII,2022-12-01,88.96042047388285,89.91929652885788,87.45489475011294,88.82600402832031,279500,57.43565129296437,51.321144442965824,48.86870704127436,50.83747252213327,49.552995016805774,2.35,30.0,-1.35,2.07
LCII,2022-12-02,87.87607515352155,94.61509694685493,87.87607515352155,94.54340362548828,302600,59.17635260520795,52.58839742007194,49.886046400399984,51.383953382014965,49.8611953354121,2.32,60.0,-1.33,1.87
LCII,2022-12-05,93.1723131106495,93.70103603921224,89.75799858422609,91.67575073242188,230800,59.065520128814654,52.05416337719129,50.10918160493528,51.34507926095857,49.92394736845077,2.3,66.0,-1.32,1.77
LCII,2022-12-06,91.37104667061877,92.2761560581785,89.220294871877,90.0537109375,187800,58.80644417860197,51.899994092038106,50.10239049443659,51.30105894130615,49.79914435672637,2.27,66.0,-1.3,1.76
LCII,2022-12-07,89.69526578457007,91.31729498177367,86.46914097914735,86.77383422851562,200000,59.78608552580241,51.497863017484505,50.41542677735177,51.470659384152604,49.92297189723693,2.24,71.0,-1.29,1.64
LCII,2022-12-08,86.80070051458489,90.08955463335776,85.6536347495563,87.48177337646484,249000,59.78936855180411,51.47119480987683,50.05004074115094,50.47998213250337,49.92973552782255,2.21,66.0,-1.25,1.75
LCII,2022-12-09,86.71110265069444,89.4264243681659,86.54083269578618,86.68421936035156,147800,59.51020897028116,51.364888363038176,49.75157449715881,50.47249868951237,49.93321904251325,2.18,59.0,-1.2,1.83
LCII,2022-12-12,85.55506039714811,88.0104985423822,84.30045461971888,87.79542541503906,291700,58.37473813218389,51.450976062551575,49.809792159997116,50.05310002366193,49.95293561591984,2.16,61.0,-1.14,1.81
LCII,2022-12-13,90.29567215449897,91.27246800492688,84.63202975313399,85.24140930175781,298300,58.701814503829816,51.58891345739208,49.99207434392754,50.119923613176375,50.02352414011582,2.13,67.0,-1.08,1.74
LCII,2022-12-14,85.06217647153566,86.28093557552572,84.07641724135144,85.32205963134766,240000,58.487422640662835,51.56974865450235,49.98718574396405,49.38817787705738,50.02331631545802,2.1,67.0,-1.02,1.74
LCII,2022-12-15,84.36318832215636,85.07114451977067,82.51712965309356,83.54769897460938,211500,45.472195076403445,51.64848760409121,50.06945407618234,49.22986275452569,50.059504127418954,2.08,71.0,-0.95,1.7
LCII,2022-12-16,83.17131143822921,85.07114349645717,81.96151565667697,83.97784423828125,944200,45.24339439960737,51.50319454990573,50.08341718380641,49.14498609249925,50.06229126321903,2.05,72.0,-0.87,1.7
LCII,2022-12-19,83.97785393186396,84.15708726203762,80.77861248657808,81.0922622680664,252500,46.07550782923512,50.863212078009965,49.98350062392224,49.09951986306423,50.09890369681048,2.03,67.0,-0.79,1.71
LCII,2022-12-20,80.79653140244478,83.47600618594932,80.55456813943916,82.75908660888672,246600,44.50805422800592,50.886491326252866,50.104123580212566,49.16026731792994,49.80606200033126,2.03,75.0,-0.72,1.67
LCII,2022-12-21,83.69109012742099,85.18765258789062,83.48498033742,85.18765258789062,161800,44.85012786391476,51.02893010588786,49.77289672962175,49.215714092901315,49.835877073978935,2.02,60.0,-0.62,1.77
LCII,2022-12-22,83.96886443528848,84.12121442780659,81.80915646568847,83.17129516601562,186600,45.387783381210866,50.74971988572072,49.236499365546536,49.197840908068976,49.87822788749503,2.01,47.0,-0.56,1.93
LCII,2022-12-23,83.37741574915644,85.08905087095197,82.24826999546394,84.94567108154297,125200,38.15179263496856,49.943372504397246,47.61255003927442,49.26208838492295,49.879801003282665,1.99,18.0,-0.44,2.03
LCII,2022-12-27,84.95465144229965,85.89560072765127,83.70900893332082,84.1660385131836,115100,36.986404796922706,49.95918818130172,47.15402719469624,49.25586814547661,49.850889230706656,1.96,18.0,-0.33,2.21
LCII,2022-12-28,84.63203745941549,84.74853398775598,81.89878919750603,82.19451904296875,118900,37.43633900450868,49.948649919129615,47.03903396628604,49.13779279893421,49.89538326455211,1.92,18.0,-0.2,2.23
LCII,2022-12-29,83.48496832932892,84.88295396322172,83.34158168121084,83.619384765625,126500,37.16342241087586,49.90129214278409,47.11503014246598,49.11474627531425,49.9166163150779,1.9,19.0,-0.05,2.2
LCII,2022-12-30,82.89351151539339,84.68580365626676,82.33789849038395,82.84870147705078,175500,35.065399011443546,49.287206681929796,47.00360083769731,48.95150040412199,49.9003556682171,1.87,18.0,0.1,2.26
LCII,2023-01-03,84.1750006833956,85.59986965383852,82.64259172314395,84.7306137084961,268900,35.72186660702864,49.504499604639655,46.940707279705876,48.97017546859049,49.958986595278425,1.84,17.0,0.28,2.28
LCII,2023-01-04,85.91353562542575,86.17341883470681,84.39904641298033,84.82023620605469,200800,35.49793796004471,49.38360292280087,46.6866113618589,48.96224391826305,49.923146689053404,1.81,17.0,0.45,2.37
LCII,2023-01-05,84.45280593431208,86.29887153605733,82.84870360655313,85.91352844238281,165100,35.71921876790747,49.164733389726,46.75130000317287,48.60221129849144,49.943513577074256,1.78,18.0,0.63,2.35
LCII,2023-01-06,87.02473735615762,91.04843092395068,86.48705113129606,90.96778106689453,133000,38.84379634278077,50.17725316763898,47.64535306794319,48.89436575243005,50.158785578392575,1.74,26.0,0.76,2.14
LCII,2023-01-09,92.22239873592467,95.26033347794635,91.397939125055,94.49860382080078,247500,40.12426298831365,50.686088888765546,48.04085888009772,49.04095711845448,50.21990219188815,1.72,28.0,0.74,2.02
LCII,2023-01-10,94.43586949021254,95.29616888872143,92.9661904964617,94.01468658447266,138500,40.15839957583451,50.70218979620408,47.91305369273697,48.99526976493912,50.157519676374996,1.71,28.0,0.81,2.08
LCII,2023-01-11,94.84809171000462,96.90923029593179,93.83544916623433,96.81065368652344,301200,40.50915383092287,50.71456881469514,48.14802471177974,49.10476989847615,50.24390981256048,1.71,31.0,0.68,2.0
LCII,2023-01-12,97.66198561563861,98.77320464486044,95.83384711379257,98.66566467285156,163800,40.69105789174582,50.48648792765291,48.1846745588129,48.76882020192957,50.238869217023804,1.7,32.0,0.55,2.01
LCII,2023-01-13,97.06157880685124,98.85387094967662,97.06157880685124,98.67464447021484,121900,40.68672092037824,50.27948483220063,47.657731241163226,48.767811885860354,50.238142732972555,1.7,27.0,0.63,2.21
LCII,2023-01-17,98.49541937981398,100.77162441669735,98.24449273315604,99.19441223144531,263500,40.592645404260004,49.36096566932923,47.635550250435664,48.700601011876564,50.239436057962806,1.7,26.0,0.62,2.22
LCII,2023-01-18,98.81801110043887,99.06893771007526,93.66517187739305,93.97882843017578,192000,39.979188914236666,50.18312614145931,48.31180297843909,48.99520074610102,50.45229868405385,1.7,35.0,0.51,1.99
LCII,2023-01-19,93.50387702540795,96.8913148900687,92.22239471760257,96.12958526611328,203100,39.42046449678156,49.78585287278089,48.391258589908624,48.78686956002606,50.08084330177229,1.7,37.0,-0.16,1.96
LCII,2023-01-20,92.36576736832785,92.4643439746749,87.31150450693058,92.42849731445312,378000,40.80180068849799,50.183261234839335,48.02465283246689,48.649192752673756,50.18429608206536,1.7,31.0,-0.26,2.05
LCII,2023-01-23,93.37842556133782,95.8786741259903,92.36578287896597,95.69944763183594,259300,40.30468932251157,50.67125243013225,48.34476425696269,48.59946937246292,49.91754467315904,1.7,38.0,-0.39,1.97
LCII,2023-01-24,94.31936960806533,95.7352819756156,93.97883657818238,95.00044250488281,139500,40.39153036179102,50.67997966306215,48.21236557729049,48.481541690623395,49.72193998547982,1.7,36.0,-0.4,2.03
LCII,2023-01-25,93.82649358152796,95.85178567426883,93.25296062665389,95.21552276611328,127600,40.23429754793323,50.53280357433858,47.814223961891535,48.47647863540242,49.18761265720319,1.7,30.0,-0.34,2.19
LCII,2023-01-26,93.19918411021104,95.67254898751027,91.03051242853886,95.62773895263672,167600,40.13345387789576,49.88094501128707,47.82058303592727,48.45737102440782,48.939885377425256,1.7,31.0,-0.28,2.19
LCII,2023-01-27,95.91451149068989,97.16015396430521,94.87498561871068,96.84650421142578,184000,39.02380395734115,49.78682105716971,47.85647725847505,48.32039085687004,48.891666277457354,1.7,32.0,-0.23,2.19
LCII,2023-01-30,95.74423703958291,98.56709835656555,95.70839721555876,97.45587921142578,188000,39.015092338660644,49.609207201837044,47.8294501101889,48.210176561766716,48.83684725354344,1.7,32.0,-0.21,2.22
LCII,2023-01-31,98.56711233346165,100.58344115478751,98.13696601366152,100.56552124023438,124800,39.0023889521158,42.207591130019985,47.56801088501156,48.281965108543744,48.750268859066175,1.7,25.0,-0.26,2.29
LCII,2023-02-01,100.2966633936185,104.16801402211185,99.57078728735466,103.14640808105469,190000,39.39302038898596,42.266158961346285,47.42908544005372,47.85695602117178,48.767020616857934,1.69,25.0,-0.24,2.38
LCII,2023-02-02,103.67514805694955,108.55914173483977,103.67514805694955,106.73100280761719,316500,38.08949629076655,42.580248931253244,47.205391366199486,47.779353920815986,48.875888720937134,1.69,25.0,-0.14,2.44
LCII,2023-02-03,105.6197772135506,108.89071176298238,105.16274079977032,106.81165313720703,336500,38.012550799842984,41.74230012628895,47.07544417616648,47.310728776198815,48.81835578691251,1.69,23.0,-0.23,2.48
LCII,2023-02-06,105.9603242928322,106.13059425791654,103.05681253238164,105.05522155761719,208500,38.17604849617543,41.60176975971912,46.49054350703177,46.778925910074854,48.846673972946185,1.7,17.0,-0.15,2.71
LCII,2023-02-07,104.45478110778488,106.56072978903197,103.78267157216605,106.41734313964844,338800,37.058130212249836,41.642529595176356,46.46016428411844,46.0640506456185,48.829124420838504,1.7,17.0,-0.02,2.75
LCII,2023-02-08,105.70042430524435,106.95503014790772,104.17697874868644,104.53543853759766,372200,37.59610784580623,38.291534308262676,46.44049686708861,46.11524567163875,48.86083923756844,1.7,17.0,-0.01,2.76
LCII,2023-02-09,105.628738785756,105.75419868746766,102.60872409557804,103.4600601196289,213100,37.639263294227746,37.956729895607225,46.472352297774954,46.007779205676655,48.78635455111632,1.71,19.0,-0.03,2.73
LCII,2023-02-10,102.93133990096348,103.12849313365099,99.6335220336914,99.6335220336914,245100,38.82611297864288,38.79062839008986,46.77971135097165,46.223321239026646,48.869082750309644,1.71,23.0,-0.02,2.56
LCII,2023-02-13,99.29300009231825,104.09634419376067,99.12273012920933,103.59449768066406,233800,39.8521818101755,39.03017480067503,47.1587017327559,45.87597763563478,49.01759319830291,1.71,31.0,-0.03,2.46
LCII,2023-02-14,98.45957629059508,104.75051902072275,96.13855429337127,103.95294952392578,608400,39.566885023652404,37.79483305619202,47.09846282953028,45.87530991526038,49.00284856042312,1.71,29.0,-0.06,2.5
LCII,2023-02-15,101.95453828469519,106.17539241143572,101.68569855825547,104.80428314208984,372600,39.31529572110918,37.8088778095777,46.965084542875275,45.85767865282234,48.95646589559293,1.71,25.0,-0.12,2.58
LCII,2023-02-16,103.0747303231929,109.28502360647563,102.61770069536607,106.92816162109375,410700,39.44764036615823,37.92163767294283,46.252112362892014,45.87903329136706,48.903383234386034,1.72,16.0,-0.19,2.88
LCII,2023-02-17,107.06257741561376,107.64507375757093,103.65721944498132,104.75051879882812,235400,40.25192545120394,38.199356115610186,46.23116372929506,45.81571697483269,48.93480329530041,1.73,16.0,-0.31,2.89
LCII,2023-02-21,103.06575556337559,104.02463153025899,99.73209127864408,100.14431762695312,188000,39.98831647070716,39.15720822803388,46.692206332104824,46.100056149031786,49.077352386758776,1.74,24.0,-0.41,2.66
LCII,2023-02-22,100.4759032483996,102.44742193465913,100.25186672327683,100.73578643798828,160500,38.613397481907406,39.041257799758824,46.42419258082269,46.09073645792655,49.07267619524538,1.74,19.0,-0.49,2.76
LCII,2023-02-23,101.39892849343697,102.4653376602379,99.81274613165154,102.36676788330078,105400,38.755262123893885,39.1402260619551,45.75196212234765,46.104360555971944,49.04635185480383,1.75,13.0,-0.59,3.06
LCII,2023-02-24,101.19281819376869,102.29508092928242,99.31987608541527,102.28611755371094,129600,37.9421749326512,38.92670396001928,45.75028015674951,46.103988825053776,48.91532361885268,1.77,13.0,-0.69,3.05
LCII,2023-02-27,103.39732686034942,104.3830929666163,102.11583775925413,102.33987426757812,173700,37.5928773765543,38.89988648486556,45.56710171414214,46.0974214770323,48.75353353863544,1.78,13.0,-0.78,3.17
LCII,2023-02-28,102.05312202636017,102.8327716452711,101.08528937174111,101.09424591064453,125900,37.79454616560097,39.01416225584121,45.52199280591618,46.1033129769209,48.740845113234585,1.79,13.0,-0.85,3.16
LCII,2023-03-01,100.9060447359986,102.48326371202498,100.7805848348768,102.4384536743164,190300,37.94589498477086,39.01302334161461,45.08737117381742,45.97277560713204,48.75042595154753,1.81,7.0,-0.92,3.41
LCII,2023-03-02,101.57816451781147,102.71627395462644,100.90605490674913,102.46534729003906,183800,34.172238094308376,36.955121005160784,45.07526325022579,45.785000442326215,48.710397650822046,1.83,7.0,-0.98,3.42
LCII,2023-03-03,103.09264308133642,103.79163591094337,102.18753365058934,102.86860656738281,133800,33.65922638629534,36.345310718373426,44.977639908943964,45.755467544856714,48.62967839865957,1.85,4.0,-1.03,3.5
LCII,2023-03-06,102.81484571266444,103.24499201464033,98.41476505200363,99.94717407226562,227500,32.66043703008854,36.66790626127362,45.076405113598604,45.88345969651446,48.709375714132605,1.87,9.0,-1.06,3.39
LCII,2023-03-07,98.9613982660779,100.6551135771778,97.76952250284431,99.49908447265625,211700,31.25197901706341,35.79118624256215,44.85062415996427,44.76463705820435,48.54793464625738,1.89,3.0,-1.1,3.48
LCII,2023-03-08,99.91132529817855,101.44373428608702,99.20336906919417,101.3810043334961,166300,31.53848378270552,35.93100341872098,44.87936735525159,44.77764856290633,47.865035991968504,1.89,4.0,-1.14,3.49
LCII,2023-03-09,101.60713475884742,102.72876413649318,101.13676937715196,101.18199920654297,218000,31.56116022464112,35.861848223796,44.88203565970621,44.749715393255876,47.77590617611736,1.89,5.0,-1.18,3.49
LCII,2023-03-10,100.83828388918144,100.83828388918144,95.43817032814628,95.58289337158203,209400,35.871834275362495,37.80796010400852,45.63058304709223,45.24964275396805,47.785484890881,1.88,19.0,-1.17,3.21
LCII,2023-03-13,93.27631740359995,94.89544743756416,90.68028094113717,93.53863525390625,177500,36.193490706765324,37.56566080878926,45.52109899637507,45.22869792236109,47.78771807705632,1.88,16.0,-1.16,3.21
LCII,2023-03-14,96.11657489918716,97.09347440500001,91.92854363478052,93.44817352294922,188300,36.125086089535095,37.56901750722324,45.36902186075134,44.95108013731162,47.767349420873835,1.86,12.0,-1.16,3.27
LCII,2023-03-15,90.797866987841,94.31653262669721,90.797866987841,92.84213256835938,273600,34.77905946431023,37.31416258247789,44.809509169182974,44.90563408642548,47.770161451312944,1.86,1.0,-1.15,3.55
LCII,2023-03-16,91.44008638121656,97.26533517803259,91.35868096813093,97.03919982910156,275700,36.48789957967985,38.31138981434948,45.00742329849438,45.2060354257071,47.70950517999297,1.86,6.0,-1.13,3.55
LCII,2023-03-17,96.41507635974922,97.42816533662207,93.46627600223182,94.73263549804688,514500,35.35306189688681,37.920070181199065,44.78765104491531,45.258588265676906,47.75822147609175,1.87,1.0,-1.12,3.59
LCII,2023-03-20,95.25725498449727,97.72665610413233,94.75071399630684,96.23416137695312,185700,35.79067250693749,37.839404392572,44.64778802456696,45.263222606365595,47.782796601975605,1.88,1.0,-1.12,3.65
LCII,2023-03-21,98.12465095780874,99.40909804830176,96.95779176114294,97.7718734741211,164800,35.992585218318325,37.54344441344645,44.711913781303615,45.21479450798655,47.68872571237885,1.89,2.0,-1.13,3.63
LCII,2023-03-22,98.62214948594216,99.60810321799227,94.75071332949585,94.94066619873047,138800,36.514514770496994,37.72169832647383,44.9537311408481,45.00733182788154,47.71040638267887,1.9,8.0,-1.12,3.47
LCII,2023-03-23,95.37485881130318,96.49648834890735,92.95972774011855,93.52054595947266,148500,36.43066290434224,37.675992914563274,44.917387727864764,44.75149917316992,47.7270925216364,1.9,8.0,-1.12,3.46
LCII,2023-03-24,92.58885480444229,94.66025536135434,90.75263693507168,94.50648498535156,180500,36.60105192381597,37.65065771366052,44.50216601258902,44.47728482239086,46.9600697194542,1.92,1.0,-1.12,3.63
LCII,2023-03-27,96.1527574372427,96.1527574372427,94.00899174885654,95.18489837646484,121700,35.19022760119531,37.28260194542051,44.41220999042447,44.4866533433249,46.950920735168616,1.94,1.0,-1.12,3.71
LCII,2023-03-28,94.96780712493488,96.71357244032068,94.96780712493488,95.60099029541016,125200,33.09530860410932,37.15845471433432,44.29514384975353,44.34451918168883,46.60715705672618,1.96,1.0,-1.12,3.8
LCII,2023-03-29,96.93970505261636,97.68142876184126,95.54671039849087,96.33366394042969,158500,33.184661943778806,37.09655621810838,39.29954694869377,44.29114908401314,46.569993576646176,2.12,1.0,-1.11,0.71
LCII,2023-03-30,97.31960325675071,98.71259780285585,95.89947357356284,96.26129150390625,121100,33.03531707371973,36.86774979602369,39.21425696940114,44.276456809902754,46.018660607108266,2.27,1.0,-1.11,0.73
LCII,2023-03-31,96.93970716988262,99.599061285942,96.1437131648985,99.38197326660156,171400,33.91510119764881,37.36814887418922,39.392200277089145,44.44177176588035,45.955852257498805,2.4,3.0,-1.1,0.68
LCII,2023-04-03,98.97492216686445,99.21010487228632,97.3919746555276,98.44124603271484,113800,33.55059674057643,37.388716054607386,38.8253559391446,44.41445842745724,45.89365121132058,2.53,1.0,-1.08,0.82
LCII,2023-04-04,99.33674947476123,99.33674947476123,94.12658838597203,95.50149536132812,152700,32.16274737724766,36.181635131855664,38.96807118223161,44.55478218542115,45.83853514146431,2.66,2.0,-1.04,0.79
LCII,2023-04-05,95.07634173512561,95.25724724446478,92.1275350053979,93.35771179199219,154600,32.64947954522371,35.64786722082939,39.14938752574436,44.403208852758446,45.8920020867086,2.77,3.0,-1.0,0.74
LCII,2023-04-06,94.07230294558295,94.57884390693697,92.77880850403706,93.00494384765625,131800,32.17036253957461,35.64097090065967,36.767964748800146,44.2279273730319,45.83832836649887,2.94,1.0,-1.0,0.03
LCII,2023-04-10,93.00495557709213,97.50957522657744,92.97782043661212,97.3648452758789,258700,35.168987749075754,36.377177893638574,37.19276338980216,44.575169596205264,45.98778200980987,3.07,2.0,-1.0,0.02
LCII,2023-04-11,98.08848040930019,101.97800463698972,98.08848040930019,101.37196350097656,176000,37.21507921320189,37.10647391876553,37.725135610283104,44.840982389197556,46.16058773597144,3.18,3.0,-1.03,-0.07
LCII,2023-04-12,102.52073030098386,102.52073030098386,99.40006488631849,99.72570037841797,126000,37.34901658563072,37.266359622732246,37.51491220055981,44.87742085257737,46.1761747251853,3.29,3.0,-1.03,-0.02
LCII,2023-04-13,100.37695558702262,100.78399643762302,98.92064344876351,100.47645568847656,84600,37.20390295181428,37.28227109701134,36.81130290816618,44.88659409767438,46.039599270333625,3.41,2.0,-1.01,0.06
LCII,2023-04-14,100.50359979477584,102.37600029663074,99.70760581320634,100.5669174194336,143900,37.205712137279455,35.52812928081012,36.80837237257198,44.886783312889534,45.98363459694077,3.51,2.0,-0.99,0.06
LCII,2023-04-17,100.81113529363634,102.20412986428356,99.66237076324259,100.89254760742188,120100,37.198867970561636,35.24810084751761,36.76665501987912,44.70061850788763,45.858564012533336,3.61,1.0,-0.97,0.07
LCII,2023-04-18,101.3719543720428,102.94585447495895,101.33577188792822,102.26744842529297,151700,36.429531488797274,34.33357590838762,36.804314784175716,44.724775693686816,45.82989268982556,3.7,3.0,-0.95,0.06
LCII,2023-04-19,102.14985606503197,103.32576259352135,101.67949759429797,103.12676239013672,141000,36.45890085092794,33.666510527864304,36.63400830423916,44.32920282448179,45.831800473692134,3.79,1.0,-0.94,0.11
LCII,2023-04-20,101.91467583067242,104.29362408150143,101.83327041884027,104.13984680175781,172700,36.175599966512664,33.662908812978976,36.58330084670312,43.90174126503179,45.5581798036786,3.88,1.0,-0.93,0.12
LCII,2023-04-21,104.18508554637411,104.763991528172,102.87350319097968,103.54286193847656,108300,36.2181956501201,33.69549762936757,36.59525765121981,42.874797352290635,45.414401033144294,3.97,2.0,-0.91,0.12
LCII,2023-04-24,103.57903746300529,104.98107248986219,101.88754256360157,101.95990753173828,126000,32.252694579885784,33.864502943618966,36.56711475257289,42.589786945157414,45.39328416005816,4.05,1.0,-0.87,0.12
LCII,2023-04-25,101.2995880068474,102.05035901438904,99.97895840984211,102.02322387695312,151200,31.46269166862173,33.77819970517521,36.55387155801756,42.47136975871631,45.353877523993646,4.13,1.0,-0.83,0.13
LCII,2023-04-26,101.26340836693785,101.84231431883818,97.66333740987665,98.34174346923828,152700,33.4885200625261,34.62440315588412,37.05439847568628,42.67225394939089,45.49859343489773,4.2,11.0,-0.76,0.03
LCII,2023-04-27,99.40910548220398,100.5669174194336,98.00706349193479,100.5669174194336,127700,33.91680099430733,34.324221345467684,37.157956075169,42.66855333273792,45.25696647542367,4.26,12.0,-0.7,0.01
LCII,2023-04-28,100.54882396657582,103.01821809031313,100.54882396657582,102.17699432373047,121100,31.830614639545384,34.0798771715653,35.923175292754436,42.59056854535033,45.28184325491657,4.33,1.0,-0.71,-0.11
LCII,2023-05-01,101.92372297584862,104.49261718255455,101.92372297584862,103.67853546142578,89400,31.07278307743432,33.46856778799954,35.62898108219384,42.49596094314884,45.24910440444165,4.4,1.0,-0.69,-0.04
LCII,2023-05-02,102.94584624748596,102.94584624748596,100.15986420435294,102.7106704711914,105400,31.031761767353398,33.51695284770192,35.5387483169803,42.50761468880293,45.155195221010864,4.46,1.0,-0.64,-0.02
LCII,2023-05-03,102.90063518151554,105.1981712456974,101.95991126460697,101.99609375,204100,30.862172323793914,33.37955696083618,35.027957465690356,42.47544360173071,44.94742165654127,4.53,1.0,-0.56,0.08
LCII,2023-05-04,100.9196814919608,101.36290483585812,99.82518725027793,100.57595825195312,123400,29.83415122880122,33.37448553061592,35.09955831070609,42.48218420278086,44.692172776965535,4.59,2.0,-0.46,0.05
LCII,2023-05-05,102.49358395884924,104.2574438318035,102.26744860855534,104.15794372558594,134600,30.867036147292186,33.98273193045576,35.45963231678424,42.60255412847696,44.655637342426026,4.64,3.0,-0.37,-0.01
LCII,2023-05-08,104.07652841387214,105.424300031607,103.01821666123713,105.41525268554688,357200,30.89947533733104,34.002474300774956,35.45404559561497,42.61649427378037,44.57080778817506,4.69,3.0,-0.28,-0.01
LCII,2023-05-09,106.73588907686951,107.29670724963675,99.5900103770957,99.80709838867188,236600,35.18639353807403,34.97713572277829,36.236143774193444,43.03845745162094,44.905665497312945,4.72,8.0,-0.14,0.08
LCII,2023-05-10,101.68853855746966,101.68853855746966,97.44624425002027,99.2010498046875,190900,35.244962877256704,34.04017035076706,36.25647697951337,42.706620396458,44.89379160556741,4.74,9.0,0.02,0.07
LCII,2023-05-11,98.3327062910285,99.64429561541627,97.46434727338419,98.74879455566406,130900,35.22979931647859,34.03783954000721,36.09004091179554,42.690428698927875,44.773678882385006,4.76,8.0,0.18,0.12
LCII,2023-05-12,98.7487854270461,99.55382674089304,95.04921432196336,96.23416137695312,175400,36.06499518650538,34.36348773953267,36.34756056141703,42.76413980304438,44.75940672952509,4.77,11.0,0.34,0.04
LCII,2023-05-15,96.51456180719487,100.30459237110917,96.28842646378428,100.196044921875,152600,36.78964742934498,35.1475258485424,36.39765897352986,42.99951749642816,44.88630984039584,4.78,12.0,0.42,0.07
LCII,2023-05-16,99.94276560744343,100.28649571575097,98.00704779103611,99.27340698242188,142500,36.78371922153191,34.95537979983411,36.323477509084434,42.53246953176414,44.49680827951833,4.78,11.0,0.57,0.08
LCII,2023-05-17,100.38601692639178,103.96800037474182,99.81615137479037,103.65140533447266,189700,37.626931039166955,34.87495061062552,36.66249678128145,42.824582183413646,44.519000377274125,4.78,19.0,0.76,0.06
LCII,2023-05-18,103.4795419191985,103.87753545929033,102.00513495809948,103.59712982177734,132600,36.8655971265036,34.85796500955601,36.4288337571029,42.72802965125146,44.15819592857925,4.79,14.0,0.89,0.13
LCII,2023-05-19,104.44739990568306,104.44739990568306,99.03823912404289,100.17796325683594,267200,38.35476104355821,35.38919392304714,36.73880165931037,42.653289298838,43.852161662715034,4.81,21.0,1.13,0.06
LCII,2023-05-22,100.1779492679731,100.40408459363445,98.99300236986048,100.11463165283203,210900,36.08997792558477,35.38912786680254,36.699397892329905,42.65301731997723,43.297798056890294,4.83,21.0,1.34,0.07
LCII,2023-05-23,99.64428282651072,102.42122461753196,99.50860023780155,101.87849426269531,201200,34.49376233284418,35.57696023857847,36.55462948931462,42.69597974638417,43.3301957667375,4.85,16.0,1.29,0.12
LCII,2023-05-24,102.0594111295206,102.3850465961739,99.25533407876465,99.79805755615234,180900,34.69272969615454,35.74062787084669,36.65142774768583,42.7409842254012,43.28368349185239,4.87,21.0,1.31,0.08
LCII,2023-05-25,99.20106482050593,100.42219446739958,98.55884118252638,99.65333557128906,110800,34.6220461940811,35.63155729392626,36.61256385200456,42.41563958501883,43.27997632797972,4.88,20.0,0.95,0.1
LCII,2023-05-26,99.49051492105544,100.77496906062817,98.50456802565573,100.4583740234375,73800,34.70495287651539,35.67397235864821,36.47723212642993,42.234036606726384,42.84552403525198,4.9,15.0,0.67,0.13
LCII,2023-05-30,101.37195678384481,101.37195678384481,98.8301975989768,99.33673858642578,98500,34.8394073176894,35.731884535777795,36.53485290869076,41.9168979051337,42.85823283105847,4.91,16.0,0.04,0.11
LCII,2023-05-31,98.59502066906343,99.03824405902814,96.36080212403742,97.7266616821289,147400,34.868225746613994,35.400977182719274,36.599802017261354,41.8750536116121,42.86719969473462,4.92,22.0,-0.8,0.08
LCII,2023-06-01,97.96415483241303,99.4164872093649,97.22428792104749,99.27947998046875,100900,35.115413091495334,35.54345792724028,35.56644263338916,41.51639878402483,42.865570621801844,4.94,6.0,-0.85,0.05
LCII,2023-06-02,100.53997636351103,105.92914703309573,100.33902317380664,105.81953430175781,188100,39.7730922500973,37.6944803447524,36.473923980802766,42.15720183835502,43.24305928264185,4.93,16.0,-0.83,0.26
LCII,2023-06-05,104.3123938028166,104.79651147968914,101.35291970371493,103.69126892089844,137700,40.19493030263882,37.93705044611995,36.619659774012185,42.16137523464616,43.2721276385591,4.92,26.0,-0.81,0.21
LCII,2023-06-06,105.20755993777604,110.50539087275021,104.90613011204003,109.57369995117188,329000,42.94847111795358,37.65628150817671,37.352115241263014,42.659045779606316,43.609940660101806,4.9,40.0,-0.61,0.24
LCII,2023-06-07,110.52364369260488,114.70710229167071,109.91165494137174,113.95809936523438,306700,44.24778381474531,38.06975137639286,37.73341663284617,42.85676027767404,43.76523587248076,4.87,43.0,0.29,0.17
LCII,2023-06-08,113.96722627327564,113.99463468283716,110.0486669344452,111.53753662109375,235300,43.2444096013584,38.39815411953503,37.907874859379085,42.916915598139504,43.8196795728627,4.85,44.0,0.35,0.12
LCII,2023-06-09,112.65191190349779,112.65191190349779,110.40490309759247,112.11299133300781,155300,42.9020324963068,38.34982200628635,37.907587553713746,42.88107989475702,43.81680949334519,4.82,44.0,0.38,0.12
LCII,2023-06-12,112.98074756954811,114.16818755464449,111.2452508556664,112.93507385253906,152800,42.76082295660623,37.39560834697156,36.86877018452993,42.79712418636936,43.81072021459134,4.79,37.0,0.5,0.15
LCII,2023-06-13,113.44660012409749,116.83538964477037,113.44660012409749,116.44261932373047,254400,43.373555537209306,37.4131342070291,37.00438937492634,42.45252221802932,43.793284172147686,4.76,38.0,0.98,0.12
LCII,2023-06-14,116.48826303845068,117.1093948812224,113.26389676961873,114.15904998779297,201000,43.75393572424165,37.62278892574579,36.579735660683035,42.434525463279286,43.69751509618072,4.73,22.0,0.98,0.17
LCII,2023-06-15,113.39178585540503,114.93546553861138,113.06295459781278,114.73451232910156,227700,43.64170451466063,37.52824816935004,36.2064532178125,42.361527099378456,43.67727128997167,4.69,10.0,0.92,0.26
LCII,2023-06-16,115.35563091879499,115.74840117882535,110.06693661371055,110.60585021972656,624100,44.92400260275344,37.821565609412914,36.69080485072044,42.43376836748526,43.835352590651674,4.66,32.0,0.77,0.17
LCII,2023-06-20,110.60584721081004,111.51926574707107,109.64676192903418,110.01213073730469,210200,43.951990902311806,37.68067663254715,36.70693892722135,41.99666880110931,42.9977882211108,4.62,34.0,0.64,0.17
LCII,2023-06-21,108.34972535262801,111.3366013429885,108.34972535262801,111.03517150878906,203000,43.90397495843351,37.67066375879261,36.725142303349266,42.005741024029945,42.97803020021009,4.58,35.0,0.5,0.16
LCII,2023-06-22,110.53278977033503,110.69720540159989,108.30404609515156,108.32231140136719,148100,41.34522766915942,38.07389133714697,36.914989576749896,42.00998883153406,43.03250288886934,4.54,43.0,0.4,0.12
LCII,2023-06-23,107.37235563842162,108.41365225020495,106.39499804775373,106.83343505859375,670800,41.549380220978016,38.21131709642664,36.98154248177669,41.9872551487788,43.048318747438245,4.49,44.0,0.34,0.11
LCII,2023-06-26,106.95217126326654,109.6741615217352,106.95217126326654,108.68766784667969,155700,41.7078132694127,38.323395842269704,36.7514850389699,41.75205709100049,43.0138379367564,4.44,37.0,0.22,0.16
LCII,2023-06-27,109.56455356609246,113.83022354078157,109.0073676865709,113.49225616455078,230000,42.33371353884206,39.23822443257405,37.16402770480465,42.03916916229008,43.02721688801074,4.4,49.0,0.11,0.11
LCII,2023-06-28,113.20910361086067,114.64317053533408,111.91204390143974,113.99464416503906,211500,41.024293886253204,38.767276719226494,36.78555144749807,41.98361090972408,42.99474139687349,4.35,40.0,0.05,0.21
LCII,2023-06-29,114.54269981786335,115.6479355453449,113.54706986805624,114.12252807617188,129400,40.83627089867348,38.69024263740955,36.78562184102038,41.88488813614425,42.985339608213266,4.31,41.0,-0.0,0.21
LCII,2023-06-30,115.73926602819806,116.40606464977557,114.19558641674274,115.41957092285156,174300,39.23832807882771,38.12005305462212,36.71916687319657,41.76329717474865,42.969377976459214,4.27,35.0,-0.06,0.22
LCII,2023-07-03,114.74364951675466,116.19598177705474,114.74364951675466,116.05896759033203,36700,39.222450712458304,37.73918487641924,36.67680986368357,41.73054033824521,42.94306696414662,4.23,32.0,-0.08,0.24
LCII,2023-07-05,116.10463097349412,116.10463097349412,113.01727882248203,113.14515686035156,154800,38.615534328804436,38.178803868661554,36.79486487868097,41.852032460479485,42.95958429160753,4.18,44.0,-0.2,0.21
LCII,2023-07-06,112.06732853384325,112.56057540648783,110.54191419908233,110.98949432373047,113000,39.18411100181891,37.40218859501319,36.89034309842416,41.80069735843232,42.75776669901995,4.14,49.0,-0.3,0.19
LCII,2023-07-07,111.10824195651666,112.59711181947256,110.54191989529834,110.56932830810547,123200,39.00678071136116,36.563697719983765,36.38139221192448,41.659143150177094,42.53472467092785,4.08,15.0,-0.4,0.28
LCII,2023-07-10,110.18568114835747,113.05381494120672,110.18568114835747,113.00814819335938,175300,38.73693133628412,36.606337078199374,36.02595398076342,41.64478631011891,42.37797659635763,4.02,9.0,-0.5,0.34
LCII,2023-07-11,113.22735910239668,114.44220740865596,112.86199029998701,113.83934783935547,104000,38.710305291052464,36.605268893749255,36.03827554121119,41.29256170509626,42.38351782303252,3.96,10.0,-0.59,0.33
LCII,2023-07-12,115.45611447545168,117.10026380322772,114.32347734269517,116.92671203613281,124100,39.238275785068474,36.951615232325615,36.25385782955605,41.194486342389354,42.35019603541271,3.9,14.0,-0.62,0.27
LCII,2023-07-13,116.62527953228074,118.3059732706284,115.57484681691724,118.24202728271484,103100,38.966580361836755,36.9941666063917,36.162913361515095,40.975822385698834,42.3204465810265,3.84,12.0,-0.6,0.3
LCII,2023-07-14,118.74440266452176,119.21938417772462,116.15029752058136,119.16458129882812,122100,38.398159503905,36.94051468913583,36.01196177661911,40.86713658914976,42.31781536982661,3.78,9.0,-0.59,0.34
LCII,2023-07-17,118.91796581633386,121.39332233506946,115.19121637953049,119.68523406982422,170200,38.304068514057846,36.922676821621515,35.24220843675174,40.86841180300741,42.319123311249264,3.72,3.0,-0.6,0.43
LCII,2023-07-18,119.1006419128959,122.2519330629578,117.82186154226984,118.89968872070312,120200,34.33905837948621,36.93687036129443,35.260837909141664,40.872977632555155,42.29780718459131,3.66,4.0,-0.65,0.42
LCII,2023-07-19,118.72614807678067,121.78610602244666,118.14156071870961,121.2471923828125,150000,33.837783190080515,37.06773848809144,35.301456723449995,40.87375418045423,42.34096976195837,3.6,5.0,-0.64,0.41
LCII,2023-07-20,120.79048425072679,122.05099247836284,119.74918757346458,121.96878814697266,167600,30.34918131393275,36.8817550677114,35.30555951176096,40.625507582106934,42.184512596214695,3.55,6.0,-0.63,0.41
LCII,2023-07-21,122.82741563632318,122.82741563632318,117.47478141260947,117.74880981445312,170000,30.417433056886615,37.70187117344198,35.78983367717811,40.783777082768566,42.21206019963,3.48,12.0,-0.72,0.31
LCII,2023-07-24,118.60741690298804,119.87706826497183,117.53870482072016,119.78572082519531,99000,29.98474534125365,36.92200241113402,35.80870472661301,40.74538495885239,42.246381462020864,3.42,13.0,-0.79,0.29
LCII,2023-07-25,120.22414406553351,121.62167332010083,119.2559226408174,120.5438461303711,159100,29.99596725256063,36.713480879274705,35.76896874675587,37.76290918989248,42.25031041518142,3.36,12.0,-0.85,0.31
LCII,2023-07-26,119.79485337141264,123.87783595414015,119.79485337141264,123.5124740600586,138400,30.635971788514833,36.880285200646334,35.94915851867336,37.7998146682416,42.31822889999026,3.3,16.0,-0.84,0.25
LCII,2023-07-27,124.76383769009716,125.156614918244,122.48943439717232,123.19275665283203,168500,29.527549517065232,36.82092613732974,35.95454828843695,37.742124393913976,42.31725308435364,3.23,17.0,-0.86,0.25
LCII,2023-07-28,124.32539396547786,125.074389896166,122.44375406472385,122.83651733398438,119800,28.84733797205552,36.75268439292493,35.62674074484794,37.40446711440013,42.318463960087946,3.16,11.0,-0.9,0.33
LCII,2023-07-31,123.19275565235314,124.68163235221499,122.15145906054437,124.47154998779297,142800,29.008494903483488,36.751979822391775,35.654754636907256,37.313830963888606,42.204213647415806,3.09,13.0,-0.9,0.31
LCII,2023-08-01,124.22493088540004,124.85519195594746,122.61731915032374,123.56726837158203,87900,26.703102085205842,36.64207339289457,35.58753890865945,37.329174200723806,42.20618450324843,3.02,11.0,-0.95,0.34
LCII,2023-08-02,121.66736099478699,125.20230063634324,121.66736099478699,124.08792877197266,100700,26.564148115662395,36.047732527602456,35.58361156064606,36.00488394891697,41.8881535029232,2.94,11.0,-0.98,0.34
LCII,2023-08-03,124.08792554082069,124.08792554082069,121.40247255849941,121.7769775390625,107000,27.316787225186605,36.268251281073496,34.47271275608272,35.93599708667205,41.58842104360432,2.84,1.0,-1.03,0.23
LCII,2023-08-04,121.9139806702997,123.20190423091468,120.35202874437022,122.8822021484375,100800,26.05306022000361,34.28191139795353,34.27141049472326,35.942758268332824,40.83770738909734,2.75,1.0,-1.07,0.27
LCII,2023-08-07,123.53074124708145,124.96480125681998,121.85004036562107,122.99181365966797,99000,25.51066874123034,34.22859396171827,34.267577248753724,35.75369740119932,40.5876309583947,2.64,1.0,-1.11,0.27
LCII,2023-08-08,120.39769405752563,120.87267559507195,111.95770880223584,114.08597564697266,337900,34.15658094529495,37.81638547668053,36.40612245625857,36.48601820917489,41.202015754372006,2.54,38.0,-1.14,0.91
LCII,2023-08-09,112.17692845865413,116.04069194195046,112.12212557638182,114.27779388427734,257800,31.79611598670537,37.35767067355187,35.773136927430365,36.48442951264878,41.193780357298266,2.42,20.0,-1.16,1.06
LCII,2023-08-10,114.7619026325126,117.10025182055797,113.14515491364722,114.9902572631836,281300,31.82095477716191,36.54101675987545,35.54175683628461,36.46533288134237,41.126137133472376,2.3,13.0,-1.18,1.15
LCII,2023-08-11,114.39654175581242,116.19597748518942,112.98987629715644,116.08636474609375,184700,31.932127723359777,36.489873088706446,35.49391653623356,36.47000200137992,41.050565321540994,2.17,12.0,-1.2,1.17
LCII,2023-08-14,115.52918338749156,118.14155407704223,114.0037690847254,117.96800231933594,142000,32.10124350359852,35.616228120721054,35.4962044469545,36.407654144078364,40.988438120904306,2.03,13.0,-1.22,1.17
LCII,2023-08-15,116.86277500000978,118.0228204956289,114.68883432616603,114.76190948486328,101300,33.08815963762216,36.13018411223323,35.45632319237122,36.52834517634304,41.08069165630549,1.86,11.0,-1.23,1.18
LCII,2023-08-16,114.35087558096984,117.02718536120354,112.93507397808516,112.9533462524414,115900,32.57191061973352,35.57049384458201,35.466469700303016,36.581749077480126,41.084912379772845,1.68,13.0,-1.24,1.18
LCII,2023-08-17,112.68845279514828,114.40567721786289,111.5466795694211,111.6106185913086,98500,32.26640228836624,35.68186297112333,35.50690430414839,36.54642417708567,41.08757246249485,1.49,16.0,-1.23,1.16
LCII,2023-08-18,110.36836995099492,114.2321266858572,110.36836995099492,113.78455352783203,131100,32.709593587172,35.718012230081655,35.60680882027673,36.600947617427046,41.06219425269389,1.27,22.0,-1.23,1.12
LCII,2023-08-21,114.17733469317037,114.60664258662972,112.66105634340596,113.263916015625,82900,32.13640271441424,35.43705189920436,35.61865520756153,36.607269823614544,41.056261152503915,1.0,23.0,-1.23,1.11
LCII,2023-08-22,113.8393470604805,114.17731441994242,112.16779647368352,113.61099243164062,161800,32.07644432539232,35.42974995807336,35.606638947048324,36.58052195728642,41.013537692067395,0.96,22.0,-1.22,1.11
LCII,2023-08-23,113.95810071407863,114.17731921570022,112.10386216502853,112.11299133300781,118500,31.25503568132608,35.548305155081025,35.68353182400556,35.89287109613209,40.775365954404805,0.92,28.0,-1.2,1.08
LCII,2023-08-24,111.88464866192885,113.42832841286523,110.55105826710628,111.25439453125,114100,31.072672594453138,35.50013561402066,35.377710674830695,35.708767565134345,40.770390527218964,0.87,10.0,-1.18,1.18
LCII,2023-08-25,112.35962194839594,113.09948877127368,110.23135497554897,112.40528869628906,106300,31.150226663695353,35.33520918212509,35.365781024057256,35.653985510524265,40.7645168310568,0.84,10.0,-1.16,1.19
LCII,2023-08-28,112.5331681992146,113.52879809228872,112.5331681992146,113.1634292602539,103700,31.199271059948202,35.23685017614673,35.00915252518506,35.36656936843022,40.74062373186674,0.8,4.0,-1.15,1.32
LCII,2023-08-29,112.8894008945855,116.6892255976374,112.8894008945855,116.59788513183594,133800,32.48522628497463,33.33885406080443,35.07172041538269,35.517711217626314,40.480619342731714,0.76,6.0,-1.18,1.32
LCII,2023-08-30,115.31909153714128,116.97237687687573,115.31909153714128,116.20510864257812,98300,31.920910817380133,33.0422518873409,35.06998663493797,35.499643021341136,40.46462291254203,0.76,6.0,-1.24,1.32
LCII,2023-08-31,116.65642654728475,117.107724495733,115.37620195365714,115.38541412353516,100100,31.883333597811514,31.16444976047929,34.39535270326584,35.48977007642184,40.39551804131443,0.78,3.0,-1.23,1.48
LCII,2023-09-01,115.67091998424067,118.60897658037825,115.6340853609819,117.82611083984375,165000,30.915985238826664,30.41874977132232,33.97601486932836,35.37041711706479,40.24629088445782,0.79,1.0,-1.23,1.6
LCII,2023-09-05,115.92879934934943,115.92879934934943,110.25531231547926,110.61450958251953,288100,35.47523739057618,32.81363478611538,35.385161136560065,36.195810602475795,40.74748764567098,0.78,17.0,-1.2,1.59
LCII,2023-09-06,110.40268197643036,112.49339451275897,109.1224645988833,109.68428039550781,146700,35.40893185628229,32.83835456135209,35.401550153197334,36.11648368035628,40.75081908837625,0.78,18.0,-1.16,1.57
LCII,2023-09-07,109.85928131626146,110.40268685351019,107.91592825621491,108.13697814941406,129300,34.56186837308805,32.91958053081331,35.48243728948966,36.161652060875724,40.75698196477301,0.78,23.0,-1.13,1.53
LCII,2023-09-08,107.90671351553756,109.50928645113528,107.2159484710941,108.25669860839844,155800,34.59557916172349,32.27002465749775,35.48021867778046,35.90183934446839,40.51767411265605,0.78,23.0,-1.1,1.53
LCII,2023-09-11,108.27513074190163,108.79090682394309,106.32257244611516,106.89360046386719,184400,34.676817996041834,32.12727404826681,35.482877585145054,35.87173607758618,40.3916487309953,0.78,25.0,-1.07,1.51
LCII,2023-09-12,107.98960776634542,109.14088290244719,107.06858765746401,108.83694458007812,199800,34.91833528609911,32.342579007280364,35.570691795372966,35.77711378302233,40.18378411084935,0.78,32.0,-1.05,1.48
LCII,2023-09-13,109.49086375086773,110.03426924789834,107.86066131342695,108.7908935546875,183600,34.926921208975834,31.47177435842967,35.54011038893933,35.65082267914787,40.12390961402058,0.78,30.0,-1.02,1.49
LCII,2023-09-14,109.61062012632263,112.3460513483518,108.8830132975101,112.21710205078125,246000,36.3262625008418,32.09698514115457,35.85485624546391,35.746611165267616,39.93704367630088,0.78,47.0,-0.99,1.38
LCII,2023-09-15,112.2170950227188,112.2170950227188,108.98431925990191,110.20006561279297,786400,36.302328229575295,32.26217864483356,35.888902935455626,35.799958187609185,39.94660037100605,0.77,48.0,-0.95,1.37
LCII,2023-09-18,110.76187362264993,111.6184225536421,109.37113137408727,109.77638244628906,234100,36.11255353044553,31.86317852982497,35.896422260195656,35.68008855806444,39.89814339397411,0.77,49.0,-0.91,1.36
LCII,2023-09-19,109.48167234746627,110.32900923453164,108.45012720658688,110.0619125366211,165700,36.13502461186949,31.731127128327074,35.390422492235196,35.63213333309843,39.89858849182767,0.77,18.0,-0.86,1.55
LCII,2023-09-20,110.52240188635136,111.81183131372381,110.02505023464377,110.40267181396484,212300,29.124475241545383,31.544925638952588,35.22772535863258,35.60946088581819,39.86199781459343,0.76,11.0,-0.8,1.62
LCII,2023-09-21,109.61060653170216,110.04348711272205,107.90672071377725,108.91062927246094,249500,29.334193668598385,30.365069710085272,35.22021145148474,35.56762527546339,39.87189822438108,0.77,11.0,-0.76,1.61
LCII,2023-09-22,109.08561606440828,109.72111511538795,107.93434101147194,108.37642669677734,211300,29.253683380196417,30.358314277861837,35.15961075411445,35.57544692563111,39.84657040192355,0.77,11.0,-0.72,1.63
LCII,2023-09-25,108.11854768269815,113.48809648786398,107.73172093176656,112.93548583984375,290000,31.677645780156166,31.556877481668334,35.71255951330175,35.86161632596195,39.98702246554223,0.77,45.0,-0.67,1.48
LCII,2023-09-26,109.61059702291283,110.50398758677919,105.226539661202,105.24495697021484,532600,37.1173073238247,34.59542141036481,37.453943037257616,36.252765917917806,40.257493217900816,0.78,97.0,-0.64,1.51
LCII,2023-09-27,105.86205400813277,108.60669000910697,105.44759074129954,106.62649536132812,318500,36.722828587545514,34.6951216944258,37.436672726055484,36.010625337634046,40.21141912461446,0.79,96.0,-0.6,1.54
LCII,2023-09-28,106.1107151678355,110.40267181396484,106.1107151678355,110.40267181396484,263400,38.02680104570783,35.107780394188126,37.432171953199266,36.22936022245386,40.296431019420844,0.8,95.0,-0.55,1.54
LCII,2023-09-29,111.53554134010184,111.60001247102039,107.78698952394903,108.14618682861328,226800,38.33142132271259,35.14135819810441,37.537368435046915,36.159916159830544,40.226356657054936,0.81,97.0,-0.52,1.47
LCII,2023-10-02,107.63962513483015,108.45012031966371,107.19753238057714,108.29354858398438,256300,37.85388101084604,35.13618301529414,36.48971473064318,36.09397453097245,39.897540895278496,0.81,67.0,-0.46,1.71
LCII,2023-10-03,107.83304584826658,107.93435863161017,106.70940008887501,107.39095306396484,275100,37.89525370151726,34.866465856968176,36.5024857986997,36.10926055825582,39.90612325392673,0.81,67.0,-0.41,1.7
LCII,2023-10-04,107.57514144728843,108.79088759601215,105.52126370514698,107.99880981445312,217800,37.9312931037278,34.851299653021435,36.500299808207494,36.11001856997652,39.830403126732925,0.81,66.0,-0.36,1.71
LCII,2023-10-05,107.5291007415869,108.63432209265441,105.10682031663721,106.29493713378906,275200,38.00865332189604,34.50124772575982,36.34964299451807,35.578119869950875,39.818677022067476,0.81,58.0,-0.4,1.78
LCII,2023-10-06,101.18327527788304,102.91479064796698,97.75707916048562,99.0465087890625,737600,42.919526946590175,37.177726902305295,37.54095953500701,36.468308144850944,40.2525964129608,0.82,97.0,-0.39,1.87
LCII,2023-10-09,98.07942710888311,103.9279032566695,98.07942710888311,103.29240417480469,350700,44.770588354363376,38.24458531619145,38.10019855446315,36.49854396682816,40.46111829103059,0.85,100.0,-0.39,1.72
LCII,2023-10-10,103.71607106759892,106.95805863541024,102.71215553325764,105.90809631347656,203500,45.41818196855008,38.63219917328922,37.68846254281246,36.387958965307185,40.49511099523821,0.86,96.0,-0.37,1.82
LCII,2023-10-11,106.31334232908345,107.33567512438628,105.27259222498628,106.93963623046875,233400,44.546159544655914,38.69435463478005,37.71824636334231,36.39171649197307,40.42726604408139,0.88,96.0,-0.33,1.82
LCII,2023-10-12,106.6264923929762,107.28962797998784,102.0674457725096,103.29240417480469,205300,45.4914512296725,39.0137620145854,37.74471907362981,36.63078962429992,40.47574146047541,0.89,97.0,-0.33,1.81
LCII,2023-10-13,103.38450138437476,104.34236308674524,102.32532691360183,103.33844757080078,247700,45.49841339880025,38.97825690892229,37.744424692020765,36.62789902707577,40.452683469090644,0.9,96.0,-0.33,1.81
LCII,2023-10-16,104.93181417011716,107.16068099602428,104.45288683778001,106.60807037353516,199400,46.07139037195207,38.99124693734255,37.96455539421713,36.77980748947728,40.567502863520275,0.92,99.0,-0.29,1.74
LCII,2023-10-17,105.34626997924046,109.31587114245585,104.39762045932754,108.58826446533203,291800,42.81797859583117,39.0179035573693,37.91838468672207,36.8344275841192,40.51882193893024,0.93,98.0,-0.24,1.79
LCII,2023-10-18,106.79227826426522,107.55672663713933,104.95945022453847,106.0923080444336,205400,43.26602371684716,39.23059766938638,38.10945440876831,36.75853261518625,40.47970581818471,0.95,100.0,-0.23,1.69
LCII,2023-10-19,105.15286276217985,105.77915670905878,102.15954744766633,102.48190307617188,423200,44.19765707836581,39.39249906652525,38.49796830872542,36.867968624040316,40.56691621656782,0.98,100.0,-0.25,1.51
LCII,2023-10-20,103.04373401332138,104.7476269480154,101.3582724438626,101.82798767089844,294700,44.20845803481947,39.398090672093076,38.46911307303746,36.650022615594395,40.32013259489683,1.01,99.0,-0.29,1.52
LCII,2023-10-23,101.3582619058075,102.42664153718572,98.88992782759856,100.06883239746094,473500,44.32914538553497,39.50609962381431,38.481413969498,36.7060204921125,40.219606706222194,1.03,99.0,-0.38,1.52
LCII,2023-10-24,100.57539348204675,101.71746348094965,99.7464810021933,100.30830383300781,202300,43.93953048980629,39.37337820434909,38.40253157306299,36.65661279205196,40.038535171235,1.05,97.0,-0.41,1.54
LCII,2023-10-25,99.17545492733998,100.17015842486644,98.15312194824219,98.15312194824219,242900,44.275035608946894,39.54187139407998,37.17191052139671,36.710602489323584,40.00845951548603,1.05,79.0,-0.33,1.51
LCII,2023-10-26,98.96359858339045,99.44253292999876,97.63733452954652,98.64124298095703,259200,43.14366489668804,39.54874181505531,37.049630735642985,36.6576136675256,40.01073640893365,1.06,77.0,-0.28,1.6
LCII,2023-10-27,98.88993298495572,99.18465914279203,96.90973831816844,97.48076629638672,157200,43.00641756243082,39.461771569730246,35.99847621308114,36.663786840684025,40.02219489596314,1.05,50.0,-0.26,1.69
LCII,2023-10-30,98.75177448368696,99.37806842158137,96.64263764911354,97.89522552490234,187700,43.07421600998936,39.40785534860651,35.42276704406444,36.397036013944835,39.97812195167928,1.04,21.0,-0.29,1.83
LCII,2023-10-31,97.92285119551971,100.33592625027721,97.85838007325034,99.92146301269531,208300,43.61440975369017,39.71070688773713,35.44742350012186,36.18256703235421,39.834568074246654,1.03,22.0,-0.37,1.89
LCII,2023-11-01,99.54386350187623,101.86483128141703,98.55837218281495,101.6898422241211,174100,43.995640391120766,37.014459071271126,35.557480864831795,36.24095529567982,39.82502633674717,1.02,33.0,-0.44,1.85
LCII,2023-11-02,103.1542591953336,104.35158822886707,101.29380154093559,104.3239517211914,210900,44.615821785006965,37.435144072326324,35.78331705506376,36.355381808168396,39.850501126056166,1.02,46.0,-0.49,1.78
LCII,2023-11-03,106.83833922204178,108.65275007277728,105.98179018686099,108.32118225097656,230100,46.00740652827649,38.25564669804307,35.95678686766873,36.55049515222179,37.90860848587432,1.02,54.0,-0.48,1.75
LCII,2023-11-06,107.740934651931,108.86457327413115,103.64239098086405,103.86343383789062,352300,45.85067498877196,39.09998710514841,36.426840041030005,36.80826183594597,38.121420227154914,1.02,65.0,-0.52,1.57
LCII,2023-11-07,101.28459175349646,103.89108058625332,98.59521447624219,101.51484680175781,417600,41.618064673289645,39.15175806082382,36.579315242236795,36.52033130560382,38.14517135508382,1.02,68.0,-0.57,1.46
LCII,2023-11-08,102.1042954374783,103.39372506605719,100.49251015846124,100.8517074584961,400800,41.4223111814226,38.81294196689074,36.14688690426171,36.522122712427326,37.89495503165735,1.02,59.0,-0.63,1.67
LCII,2023-11-09,101.68061938914157,102.73979389850437,98.65046244839873,99.50701141357422,252200,40.04901233748166,38.779008339164704,36.19464092517239,36.50627070477765,37.85031621678473,1.01,61.0,-0.68,1.63
LCII,2023-11-10,100.07806407366478,100.8793471966841,97.6097295143098,100.32673645019531,156200,39.84561486600652,38.78049941222141,36.18743306984088,36.519585916973554,37.855234937127975,1.01,61.0,-0.73,1.63
LCII,2023-11-13,99.89383987041626,101.48720774586876,99.39648816987314,100.2714614868164,118000,39.83335345796401,38.53251507031108,35.986985265412244,36.51954541313425,36.89700841927666,1.01,55.0,-0.77,1.76
LCII,2023-11-14,104.06605984331053,106.92122076747496,103.78054585894182,106.57123565673828,432100,43.820356884022964,40.63462864674736,37.23185285051051,37.197445977463055,37.279983913111245,1.01,83.0,-0.77,1.73
LCII,2023-11-15,106.35019374226364,108.22907561900367,106.35019374226364,107.28042602539062,327600,43.83285361090194,40.656523234305396,37.14501301772742,37.17342970864128,37.283063404367375,1.01,80.0,-0.78,1.76
LCII,2023-11-16,107.05937349725788,107.05937349725788,103.93711594837875,104.44367980957031,156900,44.28298670698821,40.925141818839336,36.72451406801657,37.31100816221857,37.26257419799381,1.01,75.0,-0.8,1.78
LCII,2023-11-17,105.40153285403257,105.91730181428332,103.52265117862976,105.07917022705078,210800,39.006155933983536,40.92880949493195,36.731445390035674,37.31494902489968,36.989787786393485,1.01,76.0,-0.81,1.78
LCII,2023-11-20,105.10681565677011,105.30022903329072,103.90948672384174,104.922607421875,211400,37.1212949964169,40.86173926201202,36.73028224634361,37.15644972448414,36.98866634034575,1.01,76.0,-0.82,1.78
LCII,2023-11-21,104.06605488483521,104.46209379274697,101.67140412791956,101.80034637451172,184100,37.40490112742851,41.25697619908239,36.971312862813974,37.32705705053564,37.098570001447236,1.01,79.0,-0.84,1.63
LCII,2023-11-22,102.93322172372103,103.55030358449686,101.66220932333466,101.92930603027344,223500,37.268821693085336,40.73241151969619,36.9576119188112,37.261611600988125,37.09471890312695,1.01,78.0,-0.84,1.63
LCII,2023-11-24,102.32533774303481,103.80818075368607,102.15955383417858,103.0621566772461,88300,36.07769875254842,40.822473928746064,36.80475396886557,37.283628555005386,37.03106477418813,1.01,76.0,-0.86,1.74
LCII,2023-11-27,101.9016651869578,102.23323299123761,100.88854446358097,101.26615905761719,174600,36.431645239764414,40.934844153657146,36.78472480689149,36.722778632641685,37.04980612696982,1.01,76.0,-0.89,1.75
LCII,2023-11-28,101.03591170771446,102.33455354431955,99.82016534189283,101.6898422241211,186400,35.202134191669984,40.6740469607853,36.790613795120244,36.632536294096965,37.04790081072909,1.02,76.0,-0.91,1.76
LCII,2023-11-29,103.41212685600323,104.25946358906886,100.3819701430374,101.08194732666016,287200,34.7056271170431,38.667762343574566,36.61920252129108,36.64013365921541,37.008865098803604,1.02,71.0,-0.93,1.8
LCII,2023-11-30,101.3237408185091,101.3237408185091,99.640593562176,100.90528106689453,150400,34.13711103793254,38.640748914963005,36.594268542317884,36.631766099954326,37.005783783286425,1.02,70.0,-0.94,1.8
LCII,2023-12-01,100.63559718919221,105.74083843254697,100.58909851133073,105.39676666259766,275600,35.085308573139756,39.622944588062424,37.01552906913076,36.6206709838937,37.254516483653866,1.02,79.0,-0.9,1.72
LCII,2023-12-04,104.77373501734851,109.08854884917903,104.77373501734851,108.87467193603516,264900,36.17067048714965,40.19191357650802,37.347059248696326,36.698562681253236,37.368540072521974,1.03,83.0,-0.84,1.62
LCII,2023-12-05,108.2609042634254,108.2609042634254,103.5462267148101,103.6764144897461,241600,38.72008092628853,41.35357889886983,38.09184624402553,37.122478785652575,37.18442897228183,1.04,94.0,-0.79,1.37
LCII,2023-12-06,104.78303150110226,108.14933307016392,104.78303150110226,105.7408447265625,295800,39.09097470429676,41.38755530044394,38.22863753445371,37.147909238678764,37.10238434014641,1.06,96.0,-0.71,1.33
LCII,2023-12-07,105.0341038425315,107.25660451414242,102.70931175133157,106.81954956054688,215800,38.51471672815789,41.444866616779095,38.26135450253623,36.9953318284861,37.0684770795121,1.07,96.0,-0.63,1.34
LCII,2023-12-08,106.37318955539358,108.32601355177114,105.79663854534957,107.98194885253906,155200,38.5804474974189,40.997536465735685,38.16657652749561,36.96723014298296,36.88746100788441,1.09,94.0,-0.54,1.37
LCII,2023-12-11,107.93545808051634,109.50701996687782,107.2008228524155,109.49771881103516,150300,38.4412925273272,40.93983960622464,38.22555951571362,36.98222198596782,36.90352512035541,1.1,94.0,-0.45,1.35
LCII,2023-12-12,109.58138341489278,109.58138341489278,105.92681749834556,106.00120544433594,197600,39.85600915147853,41.4678033468346,38.16532575998539,37.183078260886916,37.04047993005383,1.11,92.0,-0.36,1.37
LCII,2023-12-13,106.06630224058075,109.0792376189332,102.24434383029255,108.62357330322266,673800,40.02574420852024,41.77974714970032,38.27117473973223,37.28741952891355,37.09678110929271,1.13,96.0,-0.25,1.34
LCII,2023-12-14,111.59001648933649,117.28110988438543,111.5807153347791,117.0393295288086,477000,44.968232798020644,44.5047453128083,40.09518812507471,38.2914454718785,37.69785052370045,1.18,100.0,-0.23,1.45
LCII,2023-12-15,116.76965992884412,117.70887794478475,115.5142735856834,116.7138671875,505400,44.57298147090317,44.40847869246013,39.901893109110816,38.293571352065754,37.70000643545638,1.23,99.0,-0.23,1.51
LCII,2023-12-18,117.03932359408695,117.12301269675328,114.66803302604889,115.76533508300781,145700,43.51289804229163,44.432380981280254,39.91887610260092,38.1324899358694,37.645683686960446,1.28,99.0,-0.23,1.5
LCII,2023-12-19,116.77895010212096,120.38703172339308,116.63946116717557,119.65238952636719,244500,42.30223242279276,44.14770713529349,40.27250918999404,38.30158572904364,37.77733850349219,1.33,100.0,-0.26,1.4
LCII,2023-12-20,118.26682231467359,120.6567082757304,116.58367512849223,117.94135284423828,243200,41.89150618133722,41.696233981399565,40.275817358656326,38.163936873771156,37.63427520302518,1.38,100.0,-0.37,1.38
LCII,2023-12-21,119.38271452024297,120.2103398436302,117.81115297383951,119.29901123046875,136500,41.784827953018635,41.67929644973685,40.305674487192604,38.076964444385005,37.60000283809378,1.43,100.0,-0.46,1.38
LCII,2023-12-22,119.93136034596914,121.40063046424446,118.74106808118461,119.1223373413086,168100,41.45446251212104,41.11434171873515,40.299420267522166,38.07355501145048,37.49977152990552,1.47,99.0,-0.6,1.38
LCII,2023-12-26,119.77328940180547,121.9121009283279,119.09445409540037,121.12166595458984,171700,41.56553422460388,40.97537629726461,40.280473647173984,37.74932180691099,37.44466673341885,1.49,98.0,-0.62,1.41
LCII,2023-12-27,121.68890937303469,122.15386775911699,120.48001473133995,120.982177734375,111200,41.57448269992181,40.97999572558994,40.25441751155853,37.46214474951523,37.39370968475151,1.51,95.0,-0.69,1.41
LCII,2023-12-28,120.17314291421155,120.85199238793524,119.81978418246663,119.8941650390625,118100,38.40347558072623,40.98729365185733,40.27867218579363,37.42432223422111,37.393182244466914,1.53,97.0,-0.79,1.4
LCII,2023-12-29,119.83839038066873,120.46143302183116,116.78826398154797,116.89985656738281,196100,39.31186630846579,41.353218128322276,38.66334504913853,37.54536072981291,37.40422889543166,1.54,90.0,-0.81,1.29
LCII,2024-01-02,115.58866330797707,117.78326756589459,114.87262338512905,116.95563507080078,185900,38.30554769261668,41.19780382804043,38.6626791372906,37.545384741217234,37.3707220246346,1.55,89.0,-0.83,1.29
LCII,2024-01-03,115.40267500389307,115.40267500389307,110.09285085626959,110.21373748779297,221800,42.43738885600295,40.41216206163906,39.78981591036926,38.21398673030409,37.84629371244868,1.57,90.0,-0.79,1.12
LCII,2024-01-04,110.50201588455414,112.25025692771652,109.6929857083273,111.60861206054688,178100,42.54435613297476,39.60433369817658,39.81242215012881,38.20954770740326,37.80325176500792,1.59,90.0,-0.75,1.11
LCII,2024-01-05,110.26023944046497,113.1522813805842,110.26023944046497,110.78099060058594,227900,41.54376514502925,39.3317384409292,39.739732812259604,38.209427886735114,37.812888672775415,1.6,88.0,-0.69,1.13
LCII,2024-01-08,111.27384538062617,113.09648141937835,110.84607741817945,112.5664291381836,178100,41.71474586702714,39.413953431976765,39.589627714900224,38.237954518155924,37.82414766782117,1.61,87.0,-0.67,1.2
LCII,2024-01-09,111.47842667528333,112.50134086082429,109.99986232569618,110.994873046875,151900,41.943954873377514,38.841490241626744,39.57226919573314,38.26949765015062,37.43226623037697,1.62,86.0,-0.65,1.21
LCII,2024-01-10,111.45983824774056,113.61724513413418,110.60431641746614,113.58004760742188,168600,41.90806023377357,39.09756445289741,39.69656932691342,38.316349024669904,37.31176678326346,1.64,87.0,-0.67,1.18
LCII,2024-01-11,112.70592249694644,114.3053806583027,111.42263976257357,114.18449401855469,180500,41.91016738179751,38.61839799984082,39.58708290464423,38.3203983887759,37.30990178214885,1.65,85.0,-0.68,1.21
LCII,2024-01-12,115.30969600841553,115.5142788622926,110.67870670834374,110.71590423583984,181400,43.02237119582967,38.99545773482265,39.88352600970226,38.245621649575284,37.332927562011356,1.66,90.0,-0.65,1.1
LCII,2024-01-16,109.41401301377532,111.64580763599058,108.90255594094144,111.56211853027344,177700,43.017487796848215,38.710397582078,39.89963071460822,38.16742565457446,37.29382236927281,1.67,90.0,-0.63,1.1
LCII,2024-01-17,109.49770428346541,110.50201614013146,108.2516191645926,108.76306915283203,221300,42.049228002544176,38.394663514156385,40.04723441346666,38.246925001860305,37.383620293062044,1.69,92.0,-0.6,1.04
LCII,2024-01-18,109.53489382645381,110.98556167280722,108.57708071791527,110.88327026367188,168300,41.36220613777832,38.54442028473252,40.14966515292924,38.27571791743468,37.4283746690406,1.7,93.0,-0.6,1.01
LCII,2024-01-19,109.20013969771746,109.51630803202626,107.02413050537575,107.43329620361328,756200,39.836706837037845,38.948037923178724,40.42538774717086,38.44544266546032,37.167262327491876,1.71,100.0,-0.56,0.91
LCII,2024-01-22,105.47116920569206,109.68369147218966,104.5133559691669,108.70728302001953,384000,39.58170850352856,39.00805452621544,40.45626538818059,38.459885635808774,37.11833835004778,1.72,100.0,-0.52,0.9
LCII,2024-01-23,111.33893952431177,111.49702367465645,108.96764889033358,109.51629638671875,251500,39.53421024825602,38.72838248274539,40.18415826024745,38.430709501220704,36.909383318144734,1.72,91.0,-0.44,0.98
LCII,2024-01-24,111.00417136438281,111.00417136438281,106.1872020394847,106.52197265625,155700,40.25940583482396,39.19181119721924,40.41177260596506,38.35395004685159,36.85871405070857,1.73,98.0,-0.36,0.9
LCII,2024-01-25,107.40538879350754,107.41468994788502,104.09488730532833,106.20579528808594,284700,40.03174031589054,39.107134094993974,40.40096963998797,38.32959719724743,36.85208243472628,1.72,97.0,-0.27,0.9
LCII,2024-01-26,107.70295619627602,108.54918383240852,106.7265407845388,107.11711120605469,133800,38.983899571806404,39.13028200811999,40.27880163503223,37.78525233149962,36.86055023674463,1.7,93.0,-0.16,0.94
LCII,2024-01-29,107.37748953580767,109.8324692174541,106.70794833268559,109.67438507080078,162400,38.939277395329526,39.1997759122646,39.208479688601614,37.87667278624653,36.931093263290286,1.69,73.0,-0.15,1.0
LCII,2024-01-30,107.59137429815205,107.59137429815205,103.54623751016302,104.17858123779297,358200,34.97249409325377,40.52307553770243,40.02632950659476,38.36821206309967,37.27420017513153,1.69,84.0,-0.14,0.85
LCII,2024-01-31,104.08558747430328,106.69865140613696,101.5841090176099,103.48114013671875,246900,34.9803615836945,40.205501024700936,39.97874088103185,38.25179041923216,37.27590119101622,1.69,83.0,-0.15,0.87
LCII,2024-02-01,104.1413808226115,106.46617283103029,103.25796269729322,105.92682647705078,194300,35.83782383248164,39.73783757783926,40.15632407844684,38.05439528306159,37.21695779902793,1.69,87.0,-0.14,0.81
LCII,2024-02-02,104.16929264970568,106.88465551045728,103.32307192231191,106.25231170654297,190300,34.23998846530324,38.782162239787546,40.109776984881265,38.03873871691514,37.13249452665964,1.68,85.0,-0.14,0.83
LCII,2024-02-05,103.99259596656464,104.20647285448725,101.29583586600815,101.50971984863281,220900,36.210387940753826,39.63755522348353,40.649445372842145,38.084202327507974,37.255511660122714,1.69,100.0,-0.16,0.71
LCII,2024-02-06,100.579800824168,102.69070876149024,100.579800824168,102.18855285644531,217700,36.04785447430883,39.63679036265023,40.66623108632482,38.092616701779406,37.26171835315828,1.69,100.0,-0.18,0.71
LCII,2024-02-07,102.39314721895826,103.28586656362815,101.26794865657114,102.55123138427734,140900,36.12175318496049,39.5397581487675,40.35492973768467,37.88586413401452,37.22709055170439,1.69,94.0,-0.13,0.79
LCII,2024-02-08,102.21645301488205,104.99690935674352,102.16996143167532,104.86671447753906,152500,36.45360326503253,39.76257811246134,40.426163421742565,37.976651822029865,37.27210482636459,1.69,97.0,-0.1,0.78
LCII,2024-02-09,105.4897631968684,106.66145324707031,104.34596242058316,106.66145324707031,210900,36.985817342737235,39.900211015110756,40.51718906175382,37.973537119906865,37.267911107091166,1.69,98.0,-0.08,0.76
LCII,2024-02-12,107.42399291567479,109.57210569407418,106.61496978529686,108.51200103759766,435200,37.466288836330484,38.06008088235216,40.60987404579397,37.94441359679163,37.29235563525786,1.69,98.0,-0.06,0.73
LCII,2024-02-13,101.58411008975236,108.96765181342191,101.58411008975236,106.84744262695312,544600,37.07162384507473,38.17221479969304,40.67898761856566,37.990541643897465,37.13159358982861,1.68,100.0,-0.02,0.7
LCII,2024-02-14,108.9397577198517,113.51494680671325,107.53558132433481,113.4405517578125,419100,41.31042670552043,39.6828438293543,41.72742498088618,38.62730122551837,37.40798653647152,1.68,100.0,-0.1,0.64
LCII,2024-02-15,115.37478080413976,117.69957287893479,114.32397734042526,115.75605010986328,439900,37.83423735380132,39.85961815362911,41.83626880364157,38.66997057990198,37.459369972217225,1.69,100.0,-0.21,0.61
LCII,2024-02-16,114.37976891065783,114.71453953358228,112.71521695075634,113.51494598388672,182000,38.171196776610046,40.09084065255709,41.44731728241397,38.691914908743776,37.50441013343935,1.69,98.0,-0.22,0.67
LCII,2024-02-20,111.32033621792179,112.73381368811732,110.30673033922936,111.8410873413086,200900,38.366278201394195,39.696769861221064,39.949395659274614,38.695173087992366,37.48238104685617,1.7,70.0,-0.27,0.63
LCII,2024-02-21,112.12937122481833,112.66872468009963,110.60430821621084,112.46414184570312,128300,38.11430725152589,39.70510967351117,39.907742443701615,37.964104974937925,37.42816508888315,1.7,68.0,-0.33,0.64
LCII,2024-02-22,112.78960670847313,115.34687784465129,112.78960670847313,115.21669006347656,194800,38.500600017838984,39.92855875484485,39.71069967206178,37.98834619480244,37.22704398475378,1.7,61.0,-0.4,0.68
LCII,2024-02-23,115.86763166276101,116.80684961567022,113.07788126753546,113.3382568359375,332000,38.25879857964556,39.905489782254264,39.65938292266241,37.48110226022845,37.26187057537895,1.7,59.0,-0.46,0.7
LCII,2024-02-26,112.53852468642125,114.98421033870854,112.53852468642125,114.29607391357422,166400,38.30733711621519,39.9253766298437,39.679227367249354,37.205490476893345,37.23758398994652,1.69,59.0,-0.53,0.69
LCII,2024-02-27,115.74675135519954,116.82545121102737,115.30968930092267,116.72315979003906,142800,37.61708998487816,40.0792456060306,39.7853033096452,37.1996563462747,37.294154435805886,1.68,62.0,-0.62,0.66
LCII,2024-02-28,115.45847184668592,117.04862870339595,114.24957718395332,114.34256744384766,193500,38.121333584003345,40.34799290556471,39.92249827337718,37.2766757210903,37.35396520405831,1.67,69.0,-0.68,0.61
LCII,2024-02-29,116.15591396410163,117.47639415228073,115.29109103345148,117.15092468261719,209900,37.868984138300554,39.68965422302471,40.009712753637025,37.37663593532976,37.4078636227154,1.66,71.0,-0.76,0.59
LCII,2024-03-01,116.96493037745876,118.05293129732335,114.47275314619256,117.73676300048828,149700,37.541998074182445,39.17794811414538,38.33061147360938,37.20603325107464,37.38903888179153,1.66,44.0,-0.81,0.46
LCII,2024-03-04,117.54149009715483,118.05294010277812,116.1094173109452,117.26251220703125,169000,36.224595933804935,37.77491312501433,37.79303776792616,37.13420249515216,37.391844485799005,1.66,33.0,-0.87,0.59
LCII,2024-03-05,116.20240823173341,117.69027376648175,115.79324254916419,116.46278381347656,146600,36.2306286185829,37.63634706736552,37.62160756906507,37.13880914103612,37.39754629091836,1.66,29.0,-0.93,0.65
LCII,2024-03-06,113.01278374177151,113.44984575812315,107.3216976591044,107.87964630126953,505400,42.78153128168212,40.853261109803064,39.553185000894544,37.98500803735587,38.071842822484236,1.66,51.0,-0.93,0.92
LCII,2024-03-07,109.1840316518568,111.1265405918057,107.84210470187747,108.51776123046875,247200,42.025698000941645,40.8108229988242,39.16744312999734,37.98653378651242,38.07287984871473,1.65,49.0,-0.91,1.04
LCII,2024-03-08,109.85970231783939,111.72713695947904,107.82335352231507,108.38639831542969,189400,42.01571775734598,40.70908745882619,39.16837780477481,37.97051767308375,38.02835942909798,1.65,49.0,-0.9,1.04
LCII,2024-03-11,107.24152209486715,109.09019143065316,105.82452061441917,108.86497497558594,301400,41.96547821255404,40.15771847125784,38.864180510997016,37.86110383150387,38.02994484483747,1.65,47.0,-0.9,1.14
LCII,2024-03-12,109.1934302700476,109.1934302700476,105.05503713801495,105.33656311035156,275100,42.46297667572277,40.41452725321298,39.10641273067396,38.02677400451556,37.742241738293636,1.65,47.0,-0.91,1.05
LCII,2024-03-13,105.00811832537083,106.09667059524824,104.55767821264394,105.07380676269531,189000,39.73023232014168,37.257979213232595,38.93478689152954,37.97210839199279,37.67869769024022,1.65,46.0,-0.91,1.12
LCII,2024-03-14,104.22923488107747,104.96119379165337,99.22750611280541,100.37236785888672,329400,41.88287201943695,38.332877898990056,39.22570142074979,37.99932196966595,37.961138545967295,1.65,50.0,-0.92,1.08
LCII,2024-03-15,99.87501609339711,103.39405498540418,99.87501609339711,103.16883850097656,869400,42.1076988161191,38.801657906186534,39.45758568332446,38.14061490609634,38.05213478653809,1.65,50.0,-0.91,1.01
LCII,2024-03-18,103.69433965736476,104.77351294995277,102.26795913081108,103.09375762939453,202500,42.091145416243606,38.113761672516425,39.357363507648635,38.140098811478595,37.797359934258495,1.65,49.0,-0.9,1.05
LCII,2024-03-19,102.83100600076122,104.62336601371632,102.41810316323112,104.18231201171875,149300,40.00939853959691,38.1228343685206,39.38940368846438,38.13672146403588,37.73226219308227,1.65,49.0,-0.88,1.04
LCII,2024-03-20,104.53891961973753,108.30194731500187,103.68496272221613,107.44799041748047,200100,40.918598264065714,38.62129611145184,39.52274354161976,38.31118447423169,37.82434493809785,1.64,50.0,-0.86,1.02
LCII,2024-03-21,108.57407344804187,111.50191628555748,108.22686620440724,111.22039031982422,283200,42.01108023585655,39.32947287313073,39.87664648191201,38.41679270332238,37.94647504325429,1.64,62.0,-0.85,0.92
LCII,2024-03-22,110.65734012981127,111.18285476281605,108.31131439524351,109.18403625488281,159800,42.019564861994404,39.30965266977754,39.945821493872266,38.411585929989904,37.87581618365426,1.61,68.0,-0.85,0.89
LCII,2024-03-25,110.00984696973539,111.05147585718642,108.55530808341184,108.61161041259766,95300,41.79455879725365,39.31607770753378,39.95546444289846,38.413962160455014,37.84787077984372,1.58,69.0,-0.85,0.89
LCII,2024-03-26,109.65324448829924,109.73770514006229,108.16117551567675,108.93067169189453,172300,41.50578829606013,39.298493612824515,39.83496715579511,38.32716889654161,37.83558197638756,1.54,59.0,-0.83,0.92
LCII,2024-03-27,109.56879215320987,113.34119853023981,109.34356851913148,113.11598205566406,167200,42.61585841221848,39.793697535199634,40.176904829163504,38.578875719608945,38.01191552130118,1.5,77.0,-0.83,0.84
LCII,2024-03-28,113.25673852390774,115.55584083676212,112.28079097753421,115.48076629638672,204800,39.373343649279015,40.03085289614744,40.10849904670179,38.526182449062574,38.062809546172396,1.47,73.0,-0.87,0.86
LCII,2024-04-01,114.77695807986682,114.98340948523183,111.89603883114196,112.56230926513672,171400,39.62789654797654,38.46668764803406,39.89531150400134,38.62061438002039,38.14743402981481,1.44,59.0,-0.89,0.89
LCII,2024-04-02,111.46438067817951,111.58637860625458,108.65853572499502,109.2215805053711,274700,40.174557714334355,38.88038131658844,39.61716677519285,38.76952742905381,38.270933984386176,1.41,47.0,-0.88,0.94
LCII,2024-04-03,108.26440140210077,110.65734342695859,108.26440140210077,109.92538452148438,123500,40.023050189738285,38.876341974368096,39.44978616485452,38.773925356766966,38.14563794126684,1.39,40.0,-0.85,1.01
LCII,2024-04-04,111.58638771095322,112.13066031934082,107.44799427649346,107.84212493896484,196300,40.33283939201351,38.920717013218805,39.55983294150808,38.83016111901891,38.18285776207656,1.36,43.0,-0.81,0.96
LCII,2024-04-05,107.8139617641725,109.69078241587296,107.40105892975757,108.89313507080078,117400,39.74892230523316,38.877312618973185,39.52041750953487,38.77584618837922,38.06956748815835,1.32,40.0,-0.8,0.99
LCII,2024-04-08,109.90661705813096,111.03270655581268,109.85030757159518,110.65734100341797,98100,39.83103335813814,38.724829581004805,39.57711471259285,38.81841313628622,38.02952584237535,1.28,44.0,-0.78,0.97
LCII,2024-04-09,110.97641638980326,111.78344991006244,109.93478026852696,111.32362365722656,140100,39.788658066953985,38.729495918906295,39.58433570614366,38.605909184408056,38.03059727326596,1.24,44.0,-0.76,0.97
LCII,2024-04-10,107.8515037097038,108.48962304531267,103.96648536510078,104.09786224365234,346300,43.59110854935598,40.6133861288925,39.87099691676653,39.34952443832198,38.36119783779986,1.22,56.0,-0.78,0.98
LCII,2024-04-11,104.38876406530918,105.5148607673751,103.7224935840173,105.07380676269531,141600,43.452407848419575,40.630516438861086,39.88512980142396,39.35881428763211,38.1608654829142,1.2,58.0,-0.79,0.98
LCII,2024-04-12,103.75064179487917,103.81633023033349,101.59230237316373,102.2022705078125,202100,43.24804640266056,40.692208997303005,39.90084666559114,39.37337944730886,38.226901569137546,1.17,60.0,-0.8,0.97
LCII,2024-04-15,102.95300611540262,102.95300611540262,100.92604333515399,101.87383270263672,167800,43.15606886604257,40.472484052325115,39.89085279046529,39.37379443730832,38.22108911888004,1.14,57.0,-0.82,0.97
LCII,2024-04-16,100.68204744983885,101.3201667751012,99.18059231966356,99.33073425292969,202000,43.55970117229838,40.29121124279397,40.08705361936089,39.47746508356418,38.30484714098486,1.11,71.0,-0.81,0.89
LCII,2024-04-17,99.89378074239174,100.62574684292028,97.02224730929035,97.12547302246094,256900,43.834551437413246,40.42670209261118,39.95964700749308,39.519872034538956,38.368809137108414,1.08,66.0,-0.72,0.93
LCII,2024-04-18,97.12547428339784,99.32135113498278,96.08383818933738,97.77297973632812,217800,38.5160748495597,40.419450103977525,39.97471425269402,39.52491571446815,38.35031465604006,1.05,66.0,-0.67,0.93
LCII,2024-04-19,97.33193337252237,100.43806968224652,97.33193337252237,99.86563873291016,196900,39.08283748476077,40.326879993728205,40.08082546045966,39.60912761307892,38.400334953268626,1.02,70.0,-0.68,0.9
LCII,2024-04-22,100.45682027253933,102.01457756686597,100.07206863291827,101.02925109863281,184600,39.30250511054229,40.40789741028895,40.0284017707263,39.58227969688937,38.40544363525208,0.98,68.0,-0.68,0.93
LCII,2024-04-23,101.0292573556844,104.76412637811212,100.31606351581533,104.22923278808594,190000,40.451466741582735,40.89568201833332,40.32897873702181,39.74802347747596,38.528475431611,0.94,86.0,-0.66,0.86
LCII,2024-04-24,103.694339654347,105.32717159537467,101.61106761260352,102.68085479736328,171200,39.560739916534374,40.690182131004434,40.389424992629806,39.78215383553468,38.52673492751191,0.89,87.0,-0.66,0.83
LCII,2024-04-25,101.14186404349007,101.14186404349007,99.37765520362267,100.1659164428711,200300,40.1647337824715,39.636650337753295,40.58237740767849,38.89679577888633,38.60657619653695,0.84,93.0,-0.65,0.75
LCII,2024-04-26,100.18468994912969,101.80813582875469,99.86562671044156,100.71019744873047,155400,37.950830627836105,39.63540086576901,39.98609178610931,38.90256332956506,38.434263662898935,0.8,62.0,-0.68,0.87
LCII,2024-04-29,101.41399247701592,102.18348857322107,100.58819405849147,100.86971282958984,123400,37.05975126457044,39.3266721107531,39.6379130421917,38.894827724265404,38.369437460243034,0.76,34.0,-0.73,0.95
LCII,2024-04-30,99.837469916166,99.837469916166,97.42575576362758,97.5759048461914,178900,38.2342967025756,39.87228517168652,39.228104679668746,39.064561240137955,38.47937669035414,0.74,19.0,-0.71,1.01
LCII,2024-05-01,97.66035634738313,99.6591676416825,96.30904326982741,96.96593475341797,195100,38.07271021798729,38.808459308951925,39.1021180605227,39.01675936375756,38.455514243188134,0.73,13.0,-0.71,1.05
LCII,2024-05-02,98.06386962109178,99.00227985670033,96.62810310613104,98.6644515991211,217900,37.23994153111294,38.95760100588318,39.17057557457,38.94976377619634,38.48486691554049,0.71,16.0,-0.75,1.02
LCII,2024-05-03,100.67266083915622,101.62045729389645,99.7436366006698,100.25975799560547,138100,35.99428147515642,39.09808634421606,39.21868121996583,38.95932169457524,38.512740769897306,0.7,17.0,-0.79,1.01
LCII,2024-05-06,101.42339327469566,102.67148076990114,100.55067135482678,100.80403900146484,189500,35.79343167624308,38.831322135192224,39.16075017767777,38.94262999020212,38.49107993489361,0.68,12.0,-0.84,1.03
LCII,2024-05-07,100.56006050986929,101.48908478836049,98.14833894209906,98.5237045288086,320400,36.26582795782896,38.91736675472775,38.99310006427433,38.95958586544606,38.39793192968229,0.67,9.0,-0.87,1.08
LCII,2024-05-08,104.3137043201031,106.90371188960923,101.03864684353029,104.35123443603516,399300,40.29390972003395,40.575426582862896,39.878187792801825,39.56184778811866,38.81016585711862,0.65,45.0,-0.89,1.03
LCII,2024-05-09,104.35122266216106,107.3447538149628,103.56296144546856,106.80986022949219,303900,39.281270054411706,40.74812816305439,38.217985389372714,39.659428201146916,38.49012451596141,0.67,3.0,-0.85,0.77
LCII,2024-05-10,107.37290647988237,108.60222886048876,106.57525914436076,108.55530548095703,234200,39.07817180098924,38.95023542047935,38.313153509276155,39.67752217471755,38.51772173906281,0.68,4.0,-0.8,0.75
LCII,2024-05-13,110.13184482641847,110.75119196584403,107.47614168313898,108.44270324707031,204400,38.435835055613815,38.7049820387127,38.29464721565952,39.66760595479876,38.51480522139445,0.7,4.0,-0.76,0.77
LCII,2024-05-14,110.90132972966423,110.90132972966423,107.21337695798961,107.42921447753906,164800,37.54106466242849,38.55368639418943,37.93537023095063,39.663081048360596,38.43776871489775,0.72,3.0,-0.71,0.83
LCII,2024-05-15,108.45207758895347,108.45207758895347,106.0872867939425,106.5377197265625,138900,37.54644291536053,38.47607220075215,37.89330856234941,39.665817652234914,38.23807243790046,0.75,3.0,-0.66,0.85
LCII,2024-05-16,106.65971587248085,106.65971587248085,103.83509892472574,104.00401306152344,154400,37.77963695181704,38.74482049334138,38.015202641926315,39.600652430267665,38.30367118669244,0.76,5.0,-0.63,0.78
LCII,2024-05-17,103.63803994576827,104.1260101709987,102.3242640416057,103.15006256103516,164000,37.68732377537935,38.40225105893517,38.030855490845525,39.60958717635803,38.068894921063546,0.78,6.0,-0.6,0.77
LCII,2024-05-20,103.23452591354774,106.04975699914597,102.71839735072024,105.13011169433594,193300,37.818036551584555,38.513929523835756,38.061381896225676,39.67035117387317,38.11640109332264,0.79,7.0,-0.64,0.76
LCII,2024-05-21,104.52014013200291,104.52014013200291,102.94361048889958,103.39405059814453,152900,37.98624314399378,38.58769516321253,38.13809487807986,39.633498157197195,38.00399999260144,0.81,8.0,-0.73,0.72
LCII,2024-05-22,102.84976433112588,103.89140030531816,101.37646049115604,101.8081283569336,194900,32.96572979123902,38.39537444813681,38.18369587014415,38.971999671276066,38.03587025806405,0.82,9.0,-0.81,0.7
LCII,2024-05-23,101.62983811615983,101.81751731192003,99.45272651163067,99.9406967163086,245300,33.21326744560821,38.35507586883278,38.09184556766272,39.01921483032439,38.040800140867894,0.83,8.0,-0.82,0.73
LCII,2024-05-24,100.719580952372,100.719580952372,99.57471922112914,100.55066680908203,123500,32.343733428788575,37.99772455376871,38.109904388547484,38.9928428184192,37.989640992301986,0.83,9.0,-0.83,0.73
LCII,2024-05-28,100.78525932457575,101.65798111784771,99.68732108257285,100.66326141357422,175000,32.33698426596792,37.97321968561671,36.964685555666655,38.99284974482386,37.98950449758567,0.88,1.0,-0.85,0.87
LCII,2024-05-29,98.97412742916318,99.5465582383225,98.4110827269004,99.04920196533203,154900,31.831454325953683,38.07386850899513,36.97940051116193,39.010506126220555,38.01541556535619,0.91,2.0,-0.86,0.84
LCII,2024-05-30,99.92193760552213,102.90608281647009,99.78117462057591,102.55886840820312,194600,32.65331065286732,38.83532170031311,37.40377244050345,39.172656960024874,38.15817443332589,0.94,3.0,-0.86,0.75
LCII,2024-05-31,103.65798288764238,104.62444351924867,102.32198532420658,104.11278533935547,175400,32.85120812322236,35.750861285457354,37.393234358200274,39.21483292088214,38.15123410216576,0.96,3.0,-0.82,0.76
LCII,2024-06-03,105.78041116746718,106.12151662063559,103.23159742822392,104.16016387939453,144000,32.35037206442487,35.72605239932527,37.33297314543626,39.03827631333529,38.11943770420672,0.99,3.0,-0.8,0.79
LCII,2024-06-04,102.69152358774402,102.69152358774402,100.52171652931641,100.5501480102539,173300,33.883195424300176,36.42274912544427,37.53900193948013,39.20011353140033,37.745319312214185,1.01,6.0,-0.77,0.7
LCII,2024-06-05,100.69227546181155,102.36937872144402,99.24258068993119,101.20393371582031,148000,32.630957260078084,36.43899452871747,37.54465619860119,39.20677381805805,37.69704178545521,1.02,7.0,-0.73,0.7
LCII,2024-06-06,100.21850298464643,101.17549367498269,99.42259508857198,100.19007873535156,249100,32.47905621836276,35.885490207030585,37.270977970120704,39.221545582947506,37.299059629372394,1.05,3.0,-0.72,0.8
LCII,2024-06-07,98.66459460117507,99.81108525983461,97.97291367907779,98.81620025634766,134500,31.92545284435332,35.98259778264453,37.300090554449156,39.25058434374585,37.11050414935301,1.07,4.0,-0.71,0.77
LCII,2024-06-10,97.62231488017184,97.9918445673544,97.04433106607513,97.57494354248047,167300,32.06561771081061,34.84518357495519,37.143996469298344,39.24625002014836,37.07105554119829,1.09,3.0,-0.72,0.83
LCII,2024-06-11,96.89274170134102,97.0253930255751,95.59464548110175,95.67044830322266,210700,32.504365015016276,34.56940451111778,37.11515981343428,39.308093024109155,37.11615013486133,1.11,3.0,-0.68,0.82
LCII,2024-06-12,98.54140901065713,100.88176863129299,97.91604659896048,99.02464294433594,265500,32.73263416834307,35.33606893795622,37.23147350478485,39.21484458229634,37.27342507202259,1.12,5.0,-0.7,0.84
LCII,2024-06-13,98.70248020703548,99.07200989614137,96.08734813474067,97.38543701171875,177400,33.05744947346231,35.40819804439513,37.26055865160202,38.374244222226075,37.17700001087885,1.14,6.0,-0.71,0.81
LCII,2024-06-14,95.4430480219152,96.32423595827179,94.20180029135491,95.4335708618164,257800,33.15199770848353,34.98273009376108,37.35827139221192,38.4118238956185,37.17929675670638,1.15,10.0,-0.7,0.76
LCII,2024-06-17,95.18721015637628,97.90657664132488,95.18721015637628,97.8686752319336,174300,33.66582784152678,34.61813647972993,37.352821273927454,38.30378949981928,37.26515418318864,1.16,10.0,-0.72,0.79
LCII,2024-06-18,97.75496707644456,97.75496707644456,94.59027542343819,95.71781158447266,292500,34.171269993200795,34.70203432880642,37.50538323752925,38.315781260175775,37.15292590328405,1.16,14.0,-0.74,0.72
LCII,2024-06-20,94.94086642378642,96.599015338975,94.63766233988159,95.25354766845703,141500,33.59611838875741,34.70064164841657,37.47855324053331,38.318193110313096,37.15228634143364,1.17,14.0,-0.75,0.73
LCII,2024-06-21,94.8650613515701,95.46199229900614,93.72804072874997,95.31038665771484,586600,28.65810682486718,34.689216117303914,37.26893209662262,38.30765463471701,37.139377353716874,1.19,7.0,-0.74,0.79
LCII,2024-06-24,96.18210559899399,98.46560956937763,95.47147041348354,96.96853637695312,228400,28.226496330838803,33.92856761061232,36.50997318789195,38.35911940338475,37.10279883715011,1.21,1.0,-0.77,0.92
LCII,2024-06-25,96.21053469053646,96.72219291732223,93.88912196369606,94.3060302734375,219300,28.47757128437384,33.96544967769802,36.75154017647573,38.45207531496858,37.17990759787511,1.23,2.0,-0.79,0.83
LCII,2024-06-26,94.05020187454947,95.8599490898465,94.05020187454947,95.4335708618164,196300,28.865278407961615,33.786230801180814,36.60336439751839,37.567753404977836,37.15826949756551,1.25,2.0,-0.81,0.87
LCII,2024-06-27,95.4335679981435,95.8978476236821,94.1070475533641,95.77467346191406,162500,28.9094326886978,33.32257730029546,36.604879420669725,37.23403141763912,36.89993466707359,1.27,3.0,-0.83,0.87
LCII,2024-06-28,96.68428427742289,98.15292595421526,95.92627053982022,97.95394897460938,1190300,29.85744153814992,33.661199548733045,36.08530618736578,37.21108850933304,36.969218901125195,1.29,1.0,-0.85,0.99
LCII,2024-07-01,97.85919660863574,98.56983175894511,95.49041277427119,96.25789642333984,182800,29.507977789090496,33.62650858167172,36.16901778992103,37.245778338470636,37.0072299671175,1.31,2.0,-0.87,0.94
LCII,2024-07-02,96.71270988272612,97.27174664855654,95.86942338302764,96.14420318603516,176300,29.461122261031992,33.540117686774444,36.16302551290085,37.024038775956896,36.987717947566665,1.33,2.0,-0.9,0.94
LCII,2024-07-03,96.4284524883203,97.906578567847,95.39566617066555,96.19157409667969,76600,28.775386978232493,33.33141475067855,35.97558032230309,37.02405425376804,36.98260441807285,1.35,1.0,-0.92,1.0
LCII,2024-07-05,95.38619474887962,95.38619474887962,93.34903901243364,93.70909881591797,199700,29.29481780191292,33.637704280151596,36.0824803556107,36.957350507813494,36.987496049970886,1.37,2.0,-0.93,0.95
LCII,2024-07-08,94.4197254249167,95.69886725430712,93.32060625189973,93.89859008789062,160100,29.10071714504357,30.86837296165713,35.96468740198732,36.88879555133317,36.9418742370037,1.38,1.0,-0.92,0.99
LCII,2024-07-09,93.2163834235207,93.69014021365052,91.1413335984414,92.48680114746094,261100,28.957831116192743,30.901765035674387,35.961653327352344,36.83178987848737,36.96897864069802,1.4,1.0,-0.91,1.0
LCII,2024-07-10,93.19743679325698,95.25353953763293,92.51522585546562,94.65660858154297,235000,29.81445529216012,30.862538258288907,34.82283748210685,36.718587212109654,36.97762897713635,1.42,1.0,-0.87,0.91
LCII,2024-07-11,98.16240644269686,100.76806881425422,97.5370512325797,100.52171325683594,267300,34.83412480002323,33.323905849954606,36.020929616443595,37.4037352419309,37.46633189379391,1.4,5.0,-0.81,0.98
LCII,2024-07-12,101.94297983541382,104.09383965185097,100.86281496184753,102.99472045898438,282900,35.17991546594528,33.28075318541306,36.13135190190897,37.457013082274564,37.44920262338175,1.39,8.0,-0.74,0.96
LCII,2024-07-15,104.21702178197357,107.12588832693363,103.76221928934919,106.73741149902344,263800,35.2530901287697,33.69111471765886,36.52588361075893,37.691471389419036,37.605872680644545,1.4,12.0,-0.68,0.88
LCII,2024-07-16,107.71334650025968,108.6229586901624,106.79425715023515,108.5092544555664,360300,35.30365233996833,33.814121872182625,36.612610461699255,37.64753026901447,37.634883404560256,1.4,15.0,-0.64,0.85
LCII,2024-07-17,107.2206369795221,110.60326006990931,107.2206369795221,109.56098937988281,282100,35.38316203611044,33.6129324090431,36.436934169660454,37.65932480518411,37.64526675252051,1.41,11.0,-0.62,0.9
LCII,2024-07-18,109.89262626441675,112.74463688541742,108.23447752845853,108.53768157958984,259400,33.79320536914998,33.62010695989447,36.37556686215203,37.649064477198735,37.650960465832526,1.42,11.0,-0.57,0.93
LCII,2024-07-19,108.31027454153168,108.62295575650958,102.502018924028,102.84312438964844,602700,37.5085584199166,34.87641707791686,37.32222842777115,38.19424521586797,37.975893413462074,1.42,28.0,-0.48,0.79
LCII,2024-07-22,103.69588996049985,105.78041697410713,101.95246118983039,105.37298583984375,265600,37.98394613924601,35.09517771192069,37.375342541048,38.22532135129038,38.05222272703728,1.42,32.0,-0.45,0.77
LCII,2024-07-23,103.74327070875873,105.49616956944126,103.19371826884357,105.26876831054688,245600,37.710439173481426,34.7011226162594,37.24320845924043,38.17045309168252,37.893082772611756,1.41,24.0,-0.37,0.83
LCII,2024-07-24,104.85185477208066,106.07414091177351,99.72580290578973,100.02900695800781,262700,40.55260927713305,36.27641832225454,37.865682700590924,38.528304936992434,38.18782283274732,1.4,42.0,-0.38,0.73
LCII,2024-07-25,101.18496981410864,107.97864002735103,100.749114461755,106.99322509765625,418200,44.384002397435104,38.81902400336442,39.40190193350715,39.0951151046516,38.782966667228244,1.41,69.0,-0.51,0.79
LCII,2024-07-26,108.85035747474717,110.47060482917337,107.80809398247332,109.95895385742188,268900,44.00206026289128,38.52377534198953,39.65352454154538,38.90819675347222,38.80347684306823,1.41,79.0,-0.7,0.72
LCII,2024-07-29,110.11055227737697,111.46549698609577,108.66085765643793,110.32848358154297,206500,43.584630921949916,38.48608975559037,39.645981580545374,38.81177480424242,38.80475544313694,1.42,78.0,-0.9,0.73
LCII,2024-07-30,111.14333915585622,111.7307929136719,108.89772950359178,110.41374969482422,168300,42.98346149441384,38.35595083018467,37.725910324700095,38.80280851303712,38.80415624142744,1.41,40.0,-0.91,0.46
LCII,2024-07-31,111.16229197084769,113.76795429368282,108.83140945134977,110.56536102294922,256700,42.55649035489596,38.24221738176521,37.715449796832495,38.76752625878329,38.78040450086824,1.41,40.0,-0.92,0.47
LCII,2024-08-01,110.50850122339271,111.4844462388732,104.14121632675732,104.67182159423828,323700,45.26380536193149,39.939681785586245,38.71141681266784,39.30576618280267,39.15319320386841,1.41,55.0,-0.89,0.39
LCII,2024-08-02,100.123767289881,101.44081070649702,98.19083854495148,100.84387969970703,314500,46.7024167468858,40.40699763086969,39.143710792677346,39.55525400705819,39.32065562072221,1.41,60.0,-0.84,0.29
LCII,2024-08-05,95.6135947119208,100.1332311132286,94.76083108083783,98.84461212158203,333300,47.13289739661713,38.82138496321721,38.92641274878209,38.95578929712713,39.326470718249595,1.41,56.0,-0.84,0.34
LCII,2024-08-06,100.41748925289373,106.40577460230897,97.40439587344069,105.81831359863281,587600,50.8063043482052,41.04243717913168,40.428096938800806,39.78435407984481,39.915642043296195,1.42,99.0,-0.85,0.39
LCII,2024-08-07,107.42908806773299,108.91668411260325,104.98450850327166,105.56249237060547,314500,49.99698626538237,40.902505395981215,39.756850180888335,39.65820162758417,39.91577916744234,1.43,78.0,-0.86,0.5
LCII,2024-08-08,106.73741334889797,107.41962432861328,105.37299138946736,107.41962432861328,231300,50.10124919789054,41.066433656157855,39.615138212263254,39.70525989064898,39.24774364451794,1.43,73.0,-0.89,0.54
LCII,2024-08-09,106.88900904758174,107.8649469185322,105.59092001606537,105.77094268798828,206400,50.41640800571386,41.143599507125025,39.69487158834166,39.74766874613091,39.27677298866661,1.43,77.0,-0.91,0.52
LCII,2024-08-12,105.91307324596217,106.71845839206773,102.36937426572449,103.03263092041016,242600,50.78149127750533,41.455904303673336,39.8813706375744,39.70779532343104,39.356609873664425,1.44,82.0,-0.91,0.48
LCII,2024-08-13,104.2264814048765,108.0544366803119,103.00418816456299,107.77017974853516,310500,51.94516432853151,42.19078760503203,40.22122880185813,40.061286034249534,39.605423583993705,1.44,96.0,-0.91,0.43
LCII,2024-08-14,108.7366560551972,108.7366560551972,104.34019380060788,105.31613159179688,212600,52.50907263029851,42.43129456570378,40.00235834595179,40.13555389112264,39.63619926394152,1.45,90.0,-0.87,0.5
LCII,2024-08-15,108.9451174722669,110.1389794095946,107.77019539734188,108.87879180908203,260300,53.225430214457035,42.7981359960332,40.2545066607479,40.27057544715518,39.68526788236169,1.45,96.0,-0.87,0.42
LCII,2024-08-16,108.67032523660616,110.35689810389488,107.23957783265551,107.703857421875,134300,52.650863975583775,42.714781368692826,40.2827819815957,40.28999650563455,39.66849083224817,1.45,96.0,-0.86,0.42
LCII,2024-08-19,107.703857421875,108.96405210728216,106.94585096197952,107.703857421875,167000,52.66285155264906,42.582607131935674,40.27988057378594,40.28301128808101,39.65088924530773,1.46,95.0,-0.85,0.42
LCII,2024-08-20,107.0690331229073,108.31975074279546,106.37734503792184,106.50052642822266,88700,52.547574900555084,42.46658178508372,39.85734638558254,40.305610197084604,39.61818422450924,1.45,77.0,-0.86,0.53
LCII,2024-08-21,107.88389825905014,110.35690931467829,107.16378590438454,109.902099609375,134900,52.853312631363835,42.91032819955148,40.0396409161332,40.147833694667284,39.74231623259277,1.45,90.0,-1.06,0.48
LCII,2024-08-22,109.73154157296118,109.7504958921172,107.6564918205661,108.17761993408203,116300,50.49888755238696,43.05654623001401,39.913455233869406,40.008314147443635,39.77196822142019,1.45,84.0,-1.11,0.52
LCII,2024-08-23,109.52308804110481,115.10394951482307,109.04933126495203,113.8153305053711,268900,52.055551178373804,44.07817678477457,40.44310032382914,40.03282313366519,40.075420408343774,1.46,99.0,-1.0,0.44
LCII,2024-08-26,114.8575879164639,116.18410826560209,114.32698266839034,115.65349578857422,162400,51.29949341012742,43.652386193568404,40.50806371331286,40.010256632663136,40.09952811127847,1.48,99.0,-0.79,0.42
LCII,2024-08-27,114.94287688175176,114.94287688175176,111.95821471120814,113.19945526123047,190100,51.58984371730012,43.827081980042024,40.538275377318904,40.07756123345055,40.14454989898663,1.49,99.0,-0.77,0.41
LCII,2024-08-28,112.89624262337803,113.36999940549127,111.74975207813854,112.28035736083984,267000,51.600849194607946,43.8704418557992,40.53404340118106,40.07045654054976,40.14720441232887,1.5,98.0,-0.77,0.42
LCII,2024-08-29,113.85323238473464,113.85323238473464,111.29494144558036,111.73079681396484,133100,51.540213382583865,43.22730657317345,40.463093398452024,40.041629801928906,40.037422095197144,1.51,96.0,-0.77,0.45
LCII,2024-08-30,112.99274949691593,114.05393926183753,111.38662503870232,112.65813446044922,109700,48.87038383421445,43.237181250732974,40.47309248546775,39.864875378131806,40.04498605572798,1.52,96.0,-0.75,0.45
LCII,2024-09-03,111.37707196364757,111.37707196364757,108.89140486358268,109.46501922607422,272000,49.28182945089251,43.62383141731009,39.292070571548564,39.9089573215412,40.14132224196725,1.51,64.0,-0.8,0.32
LCII,2024-09-04,109.16865646794308,111.40575473299047,108.77668214460085,111.27191162109375,142100,49.46918423582755,43.61068074544702,39.348191971036215,38.96037022066562,40.11979445338978,1.51,65.0,-0.85,0.29
LCII,2024-09-05,111.99848440314315,111.99848440314315,108.36558148397265,108.74799346923828,113000,47.48791801209325,43.80886106327884,39.26819363211217,39.051518122005625,39.68567625484714,1.5,64.0,-0.9,0.31
LCII,2024-09-06,108.46118618033682,109.16865092892695,106.46309461561343,106.75946044921875,133200,43.718111631762866,43.783253206137964,39.38044160722492,39.09931353184103,39.7195002200537,1.5,67.0,-0.92,0.28
LCII,2024-09-09,106.56825742534383,108.89140172631959,106.17628312436132,106.47265625,152200,42.941219757294704,43.25947873704448,39.16717014326204,38.896670603317965,39.69514262616297,1.49,61.0,-0.93,0.33
LCII,2024-09-10,106.44396908980676,106.65429605142417,103.57589007262838,104.97169494628906,200900,43.085000822659424,43.218390399028955,39.06479536684687,38.89565348804135,39.72011480593278,1.48,58.0,-0.91,0.35
LCII,2024-09-11,103.90093490353117,106.62560830345126,103.0500721101158,106.50132751464844,159100,43.334246210391356,43.066170505035196,39.11440579646659,38.91051675477881,39.7267415268433,1.48,60.0,-0.9,0.33
LCII,2024-09-12,106.99846879595343,108.91052152194503,105.71739697061216,108.3082275390625,158600,43.64431146923315,42.90602173801977,39.06289886824605,38.965122305290066,39.72148292577899,1.47,58.0,-0.91,0.35
LCII,2024-09-13,110.03863135633122,115.06733199642998,110.03863135633122,112.47650146484375,248300,41.88393386752158,43.2380252247117,39.46565289397944,39.175711844497805,39.900733568681744,1.46,73.0,-0.95,0.24
LCII,2024-09-16,113.49944909777942,113.49944909777942,110.90861857233722,113.03099822998047,124900,40.16251710185222,43.21152032677846,39.17476478952345,39.180679053714776,39.78316684310809,1.45,66.0,-0.98,0.34
LCII,2024-09-17,114.21647793076248,116.30061582480326,113.47077848779516,115.55491638183594,186500,39.84465206706712,43.387636665011456,39.23640615664951,39.25681727940491,39.80208747704249,1.44,69.0,-0.96,0.29
LCII,2024-09-18,115.75566737803794,118.92967443583014,112.71550342014828,114.83788299560547,195700,35.19056389277801,43.32989784635343,39.03363190254298,39.149958011526444,39.80521220980013,1.42,58.0,-0.96,0.34
LCII,2024-09-19,118.50903604827475,118.50903604827475,115.9086429771519,118.28915405273438,180500,35.99870292055299,43.19302367427479,39.28565630398826,39.307434180162524,39.91320488771849,1.42,72.0,-0.84,0.25
LCII,2024-09-20,118.2604605451135,118.8627618339183,114.4650419351539,115.54534912109375,645100,36.59874640177834,43.51602824491919,39.48685035474646,38.76900838478572,39.98277537877078,1.42,78.0,-0.86,0.21
LCII,2024-09-23,116.87422655819842,117.59124635303398,113.06923830428718,113.1170425415039,307400,36.88122268811153,43.8028100197792,39.265454903966,38.82423093375767,40.016474849804105,1.42,70.0,-0.88,0.25
LCII,2024-09-24,113.84362271249724,115.8417143391575,113.50901493936063,114.8092041015625,171500,36.03789933218378,43.68355643575577,39.302476569325485,38.853047429490324,40.04015320467352,1.42,73.0,-0.89,0.22
LCII,2024-09-25,114.58931700830516,114.87612782614497,111.36750563603326,111.79772186279297,197600,34.85019890494169,43.90217145747567,39.475062662658765,38.93588557913045,39.917270784067846,1.42,77.0,-0.9,0.21
LCII,2024-09-26,114.06350542327361,115.6027084834373,112.81111319557492,113.4898910522461,194200,34.28931283892407,43.969767388364936,39.4656916880232,38.94049962803949,39.312773258657124,1.42,76.0,-0.92,0.21
LCII,2024-09-27,115.44018378997734,117.55300118531652,114.11130772365046,114.76140594482422,135700,33.14407223962252,44.00041579586114,39.49157732633197,38.86743530908485,39.30704911112984,1.42,78.0,-0.95,0.2
LCII,2024-09-30,113.834058116974,115.4497449954987,113.74801924585606,115.23941802978516,152900,32.93288176180079,43.581028006585335,39.30301070774098,38.86548497924054,39.15609061971011,1.42,70.0,-0.95,0.23
LCII,2024-10-01,114.8378904570307,116.12852460074902,113.05968082118684,115.91819763183594,227600,32.94193567634957,43.58279299303853,38.275131475505425,38.69698155618207,39.10429225670668,1.42,53.0,-0.97,0.33
LCII,2024-10-02,115.04820265695095,116.26236015536924,114.37898715743827,114.83788299560547,167500,32.87875857705721,43.4930177400694,38.14300487819493,38.70366747741954,39.11600689385023,1.42,51.0,-1.01,0.39
LCII,2024-10-03,113.71933229564287,114.53196053455807,111.78816226300383,113.07879638671875,201900,32.09247438905468,43.47059744469217,38.146805765430955,38.628822782440466,39.13798800420776,1.42,52.0,-1.03,0.41
LCII,2024-10-04,115.57402455575144,115.57402455575144,113.12659944041214,113.45164489746094,115100,31.70049822728787,41.80760441925206,38.14881969281437,38.56382456677124,39.1354124109837,1.42,53.0,-1.06,0.41
LCII,2024-10-07,112.61034621729455,112.91627436181868,111.10938511855075,111.75948333740234,134900,28.3879147495825,41.688929359848515,38.19630945219605,38.42137427944202,39.131896757129184,1.42,54.0,-1.08,0.4
LCII,2024-10-08,111.89332792883616,113.36560942323034,110.84170037395529,112.12277221679688,129000,27.97609669345113,41.073381817422124,38.17317820997363,38.39844855349003,38.48137871764648,1.42,52.0,-1.1,0.4
LCII,2024-10-09,112.14189044941742,114.05394309275682,112.14189044941742,113.0405502319336,106400,27.408838510080496,40.97337259518504,37.98728404773846,38.40050627603132,38.263347004642725,1.42,43.0,-1.13,0.43
LCII,2024-10-10,111.19541785875957,111.24322209185331,108.29865930448554,108.8818359375,218000,29.407967032565157,41.6655431214445,38.44593374770455,38.51753415424663,38.369315422363634,1.42,55.0,-1.13,0.35
LCII,2024-10-11,109.45545712745091,112.44782433551958,109.45545712745091,112.2566146850586,127300,30.763176793538992,42.08647936640531,38.62969588830003,38.683207506006966,38.477945236319314,1.42,55.0,-1.15,0.3
LCII,2024-10-14,111.45354788689569,113.45163935429932,110.64092699007556,113.26043701171875,138900,30.77831706570485,40.55594546399186,38.551181714737105,38.68430505506853,38.3277221352715,1.42,54.0,-1.17,0.31
LCII,2024-10-15,112.57210135111696,116.9028994972184,112.57210135111696,114.79964447021484,163600,29.745967058465112,40.3577004323599,38.51224131969317,38.61715029792479,38.35021552400411,1.42,53.0,-1.17,0.3
LCII,2024-10-16,116.48225385608971,118.70024212111065,114.78052801970188,118.1170654296875,184400,30.46781081622206,40.73267494060982,38.62240931554531,38.267897271806845,38.32971754058664,1.42,54.0,-1.14,0.25
LCII,2024-10-17,117.9354176471555,118.4038685422913,116.90290738147024,117.59124755859375,142600,29.612373239847823,39.23615508709187,38.62801589356929,38.262674805863576,38.290108898291905,1.42,54.0,-1.13,0.26
LCII,2024-10-18,118.3082607898961,118.3082607898961,117.14190747609457,117.98321533203125,88100,28.931284532808267,36.85490296099111,38.6289573611507,38.169039103064705,38.218030194870146,1.41,54.0,-1.11,0.26
LCII,2024-10-21,117.71552044446078,118.19353361375448,112.45737558223013,112.74418640136719,165700,32.17328311610986,37.69391836930392,39.24546684695467,38.55413057363049,38.332517675591035,1.41,65.0,-1.08,0.2
LCII,2024-10-22,112.5242924132169,112.71550204925344,110.85124639088163,110.9946517944336,186800,32.23865295944982,37.83143235647995,38.96471399695048,38.212066611845074,38.36004462400029,1.4,56.0,-1.07,0.28
LCII,2024-10-23,109.474578473692,111.03289878547504,105.29674073300455,106.57781982421875,419400,34.255545596245305,38.73957878004076,39.44509700969644,38.51280159804059,38.53746836662278,1.4,74.0,-1.06,0.22
LCII,2024-10-24,106.7212276284049,109.41722186604834,106.57782949919739,108.09790802001953,196000,34.15063918661464,38.855736879761906,39.50701809089247,38.546128764233764,38.56200304037491,1.41,79.0,-1.05,0.2
LCII,2024-10-25,108.49942287276903,110.33499891430094,106.34836369523013,106.98890686035156,217700,32.31642388671284,37.23136254677151,39.13068847592514,38.476855721406764,38.513456047351404,1.4,58.0,-1.02,0.27
LCII,2024-10-28,108.37514528612192,111.94111941025885,107.93537404985877,111.16674041748047,207300,34.295825973723616,37.19061977780076,39.575611660805386,38.69069145175043,38.69751835067843,1.41,79.0,-0.99,0.16
LCII,2024-10-29,110.34456056971831,111.25278998681728,109.86654739037222,111.12850189208984,187200,33.618704767815416,36.91902104411569,39.536852731777266,38.638004370728986,38.677878736538034,1.41,78.0,-0.95,0.17
LCII,2024-10-30,110.96598090152214,113.61417074730444,110.45928809049502,110.51664733886719,124400,33.61037189275707,34.266972210307046,39.47950244965145,38.59942289485418,38.680767300351945,1.4,74.0,-0.89,0.18
LCII,2024-10-31,109.82830536808399,110.32544315876973,106.36749462063585,106.38661193847656,173000,33.929343497812866,35.17431387500882,39.90955117352066,38.20510421670089,38.81985086571804,1.4,86.0,-0.82,0.11
LCII,2024-11-01,107.73461141873416,109.19733056317995,106.53957848452654,107.62944793701172,199600,33.66080104122851,35.071980457712115,39.808133050325985,38.153494591916136,38.79785548850325,1.4,83.0,-0.73,0.13
LCII,2024-11-04,107.132308920634,108.4038256985552,106.28144606476845,106.71166229248047,179800,33.24103150284616,34.970061866898675,39.47704546935643,38.09798310118648,38.72404631855861,1.4,71.0,-0.66,0.22
LCII,2024-11-05,105.89904005149592,110.82257742065998,105.89904005149592,110.11511993408203,286200,34.296591544947844,35.10739992368661,39.67387811303825,38.2427276922086,38.66864345930576,1.4,80.0,-0.57,0.16
LCII,2024-11-06,114.6944883519352,116.96982855767222,113.92010930213992,114.48416137695312,497700,35.35304256136042,34.80548452419481,39.96911432088399,38.514675629834485,38.63116629323463,1.4,87.0,-0.48,0.09
LCII,2024-11-07,111.85508338065537,113.71933185277207,105.31586662255167,110.07687377929688,320700,36.91991744832637,35.437177953407556,40.31766884618192,38.68730461410705,38.76473008498157,1.4,93.0,-0.37,0.07
LCII,2024-11-08,109.11128025122129,111.8455160842585,108.74799287883734,110.93729400634766,232200,36.83660556811542,34.817396267400994,40.15547880519216,38.65079655016051,38.765719341118995,1.41,88.0,-0.25,0.1
LCII,2024-11-11,113.12660327653334,114.43635474881114,110.87038043660813,111.35795593261719,333300,36.83212532278987,34.7461100286654,40.14419927702729,38.640283750907464,38.74239732781563,1.41,87.0,-0.12,0.1
LCII,2024-11-12,111.31014155157592,112.09408281983919,108.67150694141344,108.75755310058594,206600,37.33292797483257,35.09791817045225,40.34273751022337,38.65718392427669,38.809123141698045,1.41,93.0,0.02,0.06
LCII,2024-11-13,110.35412513629332,112.38090368404586,109.57974610393757,109.85699462890625,190400,37.429962039458644,35.07385545127173,40.28658918408621,38.60168296652897,38.821231661037444,1.4,91.0,0.18,0.07
LCII,2024-11-14,110.66005619472305,112.3713443320955,108.70976145649806,109.18777465820312,160800,37.22477602972226,34.4993555937886,40.03408415020044,38.49759383141653,38.34704541788152,1.39,83.0,0.32,0.13
LCII,2024-11-15,110.27764109627702,110.27764109627702,108.51855606417891,109.64666748046875,214200,37.235083461244436,34.35366209618521,40.00173231354772,38.49614604302913,38.34364747154144,1.38,81.0,0.49,0.14
LCII,2024-11-18,110.24895350851097,110.66004511256425,108.7671098140649,109.33116912841797,207200,37.0070563322212,32.69973022350574,40.00588913896755,38.49485113330605,38.2497612510394,1.37,82.0,0.68,0.14
LCII,2024-11-19,108.18394501382535,109.79006227591947,106.97934977335257,108.92008209228516,180300,36.99736885331313,32.51928331157782,39.869055339205794,38.4893102890392,38.247212344406144,1.34,75.0,0.9,0.19
LCII,2024-11-20,108.15525769792592,110.7460882155447,107.78240800718498,110.55488586425781,255700,37.19296883613836,32.395988014613984,39.81721175729687,37.44791503058894,38.27528706413264,1.31,73.0,1.14,0.19
LCII,2024-11-21,111.34839229038514,115.10557620981194,110.47840479410073,114.10174560546875,241400,36.64642493922787,33.00707518082419,40.10206066383499,37.626393144997735,38.281030282318426,1.29,84.0,1.36,0.11
LCII,2024-11-22,114.48415708403334,116.81686374614088,114.26426781100587,115.63138580322266,208200,35.79408992929867,33.09621315961767,40.14378313788301,37.657547511775675,38.30256280251617,1.26,84.0,1.57,0.1
LCII,2024-11-25,116.9793890300193,123.69069833603717,116.9793890300193,121.1285400390625,470800,38.095306302470604,34.375474930522316,40.50785983582981,38.04763303578842,38.56308363635549,1.23,97.0,1.53,0.05
LCII,2024-11-26,119.72318552837177,120.39240106983293,115.88951774225248,117.7633285522461,228900,38.93052758336559,34.354175007354144,40.80077545631814,37.99255517476521,38.62784729470199,1.2,100.0,1.38,-0.01
LCII,2024-11-27,118.44210388687705,119.85702609382237,116.62565236357374,117.11322784423828,125000,38.070962407112454,34.23459282610269,40.724801618640534,37.99776464184323,38.63102715594775,1.17,99.0,0.59,0.01
LCII,2024-11-29,118.08796594485808,118.22307744432392,116.0516331647343,116.59207916259766,102300,38.07094601969732,33.893705713931745,40.601178015397814,37.600204430512996,38.628715270467815,1.09,98.0,-0.11,0.04
LCII,2024-12-02,116.98776245426384,118.20377325380852,115.55943149065311,116.78509521484375,169500,38.060235743805556,33.646266512957546,39.52039205814395,37.46646193359204,38.62816612552829,1.04,57.0,-0.14,0.1
LCII,2024-12-03,116.73684306464001,116.73684306464001,113.03091504498056,114.1214599609375,195300,36.26899865382464,34.01187414229226,39.5401242935492,37.57148802364018,38.45825484444554,0.99,58.0,-0.08,0.1
LCII,2024-12-04,112.59661714185151,114.99003441170353,112.16233125095043,114.63294982910156,149600,35.96300585726837,33.86680218086981,39.152040630434136,37.55580016777663,38.32495623630878,0.95,33.0,-0.07,0.2
LCII,2024-12-05,115.11549314264938,116.17708660425654,112.73172879410767,113.25287628173828,180300,33.987152846893,33.86910246286484,39.12220977720761,37.41110032092856,38.026836126013336,0.91,30.0,-0.07,0.21
LCII,2024-12-06,115.0961988369216,115.80070774101304,113.69681922772551,113.88018798828125,139000,33.81085158878269,33.72281560820641,39.10295445520792,37.194483664273825,37.980726177181154,0.87,28.0,-0.09,0.22
LCII,2024-12-09,114.47854158787044,117.01671595121633,114.27587434483742,114.62329864501953,246300,33.6409491612527,32.85821880788642,39.08323660960365,37.13592254909383,37.97297760883401,0.81,27.0,-0.1,0.22
LCII,2024-12-10,114.05390339226498,116.34116065745414,112.79928821125333,114.4495849609375,241400,31.870247616611948,32.84618023757185,38.09822055717986,37.13072302725468,37.958626429064715,0.8,7.0,-0.02,0.27
LCII,2024-12-11,115.63664961812154,116.37011732768708,113.57136535644531,113.57136535644531,281100,31.967833368758953,32.56490372520347,37.939869953955984,37.14139293118463,37.941847926525654,0.78,5.0,0.05,0.33
LCII,2024-12-12,113.92844823726377,114.35308123064847,112.35535275130624,113.37834930419922,137500,31.922116793528648,32.54287400734464,37.940867975108446,36.87340671463967,37.80094698068838,0.77,5.0,0.14,0.33
LCII,2024-12-13,112.96336133528635,112.96336133528635,110.36727667181984,111.71839904785156,180600,30.11379657563234,32.072915623630394,37.107750882782895,36.83203091763261,37.75246424853478,0.79,1.0,0.09,0.37
LCII,2024-12-16,110.97527391761928,111.34201143169516,106.6709898123351,107.84839630126953,272800,31.78109241841549,32.51423617447312,36.005649365542304,36.94340154589118,37.16969840260203,0.86,1.0,0.11,0.17
LCII,2024-12-17,107.59746469215405,108.76521817913653,106.70958710316265,106.9122543334961,253600,31.78476333225348,32.28421043077498,35.76489452948186,36.78604878005305,37.17837586320341,0.93,1.0,0.05,0.25
LCII,2024-12-18,108.01246580722639,108.72663502930669,101.63324425082855,102.09648895263672,362200,33.05545361729056,33.4073009679406,36.49088367524415,37.17724651777595,37.45087824486955,0.97,3.0,-0.02,0.18
LCII,2024-12-19,103.14841943038932,104.05560289393176,101.21824686150688,101.45951843261719,228400,30.640036206573917,33.02491869186515,36.50035977566012,37.117125795891106,37.303570509075776,1.0,4.0,-0.08,0.18
LCII,2024-12-20,100.3207272239235,102.8396032890736,100.29177581032808,100.99629211425781,956100,28.766165824570894,32.84691187092857,36.50337315182879,37.10120512257769,37.280143495043276,1.03,5.0,-0.13,0.18
LCII,2024-12-23,100.42687559156965,100.92872457871877,99.24946915597823,99.55830383300781,184900,28.76873858879336,32.82845930354011,35.53591945381467,37.08541237498598,37.28556492900339,1.09,1.0,-0.02,0.17
LCII,2024-12-24,99.78993089297998,100.21456388365678,98.99856037391578,100.04085540771484,73400,28.79379428834497,32.83451435969402,35.05263359585985,37.08274799263161,37.28961636656892,1.17,1.0,0.02,0.24
LCII,2024-12-26,99.25912921275786,101.16035049244765,99.25912921275786,100.73571014404297,131800,28.30183628025178,32.84644418577624,34.92312535425144,36.238221127093304,37.25689253982425,1.24,1.0,-0.11,0.26
LCII,2024-12-27,99.41354841127628,101.49813112861743,98.16858611822859,99.10472106933594,192800,28.313072427219964,32.94084469933869,33.27308151941061,36.27052056042288,37.289487343122026,1.37,1.0,-0.01,-0.15
LCII,2024-12-30,98.82484238570954,98.873092284747,97.14559422090323,98.22648620605469,167100,28.347534388951544,32.857971109485156,33.297727661187835,36.13863998224948,37.28919529855853,1.49,2.0,0.11,-0.16
LCII,2024-12-31,98.11067823720408,100.58129684542308,98.11067823720408,99.7802734375,184300,28.811871710969765,33.04665157103129,33.27464497350389,36.18580670598376,37.244045940979234,1.59,2.0,0.05,-0.15
LCII,2025-01-02,100.1952618576094,101.01558376035909,97.80184453449125,98.07207489013672,135200,29.10077542412465,33.0871306669528,33.29615667853895,36.119721581186596,37.28101255738837,1.69,3.0,0.1,-0.15
LCII,2025-01-03,98.46776120111029,100.6488584600225,97.60883492043274,100.60060119628906,279300,30.29611201356504,33.5524231452847,33.300504405263126,36.14659764932395,36.903807493187905,1.78,5.0,0.09,-0.17
LCII,2025-01-06,101.30511771770097,102.59832992283262,100.1566625780507,101.00594329833984,231100,29.91027346210292,33.51070404243198,32.511042367361526,36.14134042390426,36.883603226494216,1.88,1.0,-0.02,-0.12
LCII,2025-01-07,100.43653776863438,101.06384537884911,97.74394592517709,98.73798370361328,186900,28.562917751461182,32.97267030194517,32.50539088333515,36.15544032660791,36.94443273621878,1.98,1.0,-0.04,-0.12
LCII,2025-01-08,97.94661065948826,98.68973126514744,96.95257290661573,98.67042541503906,183600,28.074412734228275,32.28594972249969,32.04732270375191,36.12893044056321,36.907524896485214,2.08,1.0,-0.14,-0.03
LCII,2025-01-10,96.13225187333883,97.12628963534954,94.51090651147905,95.13821411132812,314100,24.902250266973454,32.953964134422584,32.50248619352752,36.18994198491144,37.057630792424625,2.16,2.0,-0.03,-0.1
LCII,2025-01-13,93.85465027831452,96.83676365264868,93.85465027831452,96.46038055419922,255200,24.92629555389074,32.96046809468694,32.58962230071681,36.18820104359416,37.01002139044392,2.23,5.0,-0.08,-0.13
LCII,2025-01-14,97.17454853710517,98.43880932024634,96.78851251814633,98.33264923095703,213700,26.031058612453293,32.6367407523363,32.707040244699144,36.14429744667758,37.058636536327754,2.3,6.0,-0.17,-0.16
LCII,2025-01-15,101.33406610901879,104.00735204187832,100.27247260333873,102.11578369140625,323700,28.93627800036263,33.688670595662686,32.88026947689706,36.415272519145525,37.13120532709219,2.36,7.0,-0.28,-0.16
LCII,2025-01-16,101.47883146338847,104.25827750859557,101.03489262469026,104.01700592041016,223800,29.64323468353579,33.93910598391984,32.93008043194062,36.479703321167065,37.17022997339,2.41,8.0,-0.34,-0.18
LCII,2025-01-17,105.25230673615341,105.4260225600767,102.24124227218174,103.53445434570312,198200,29.08120526078632,32.72306596983589,31.89599648097999,36.26782934916853,37.08718762703265,2.49,1.0,-0.41,-0.23
LCII,2025-01-21,104.480241210307,105.88926627498951,103.62131502267879,104.63465118408203,236300,29.274897285417627,32.677443130826724,31.833859087191662,36.27942238590524,37.051339788393115,2.55,1.0,-0.45,-0.22
LCII,2025-01-22,104.02665571137285,104.02665571137285,101.85521148312745,102.08683013916016,149100,29.83273111952089,32.00784231218742,31.89024962766255,36.34375393666212,36.99868340848463,2.61,2.0,-0.54,-0.23
LCII,2025-01-23,101.53673533766516,102.41496746198747,100.31107889674814,102.30880737304688,182400,29.760753217181435,31.863770949081516,31.87369317382534,36.29561783072794,36.9798848456501,2.67,2.0,-0.62,-0.22
LCII,2025-01-24,101.80695128425862,103.00366359245105,101.57533263490889,102.18333435058594,205000,29.617307839110612,31.8037002689036,31.867359658884766,36.29046687879789,36.972020594245144,2.73,2.0,-0.69,-0.22
LCII,2025-01-27,98.55461175222847,105.87961294849687,98.55461175222847,104.79871368408203,267100,30.79347214132106,31.226736313531113,32.10525937858177,36.308891713144995,36.9568390828894,2.77,7.0,-0.73,-0.27
LCII,2025-01-28,104.25827761953228,104.25827761953228,100.13736212867138,100.6102523803711,211700,32.67398073079572,32.273808687093016,32.427922879314124,35.99250257984754,37.179503359337275,2.82,8.0,-0.8,-0.26
LCII,2025-01-29,100.61025119517639,101.28580868964644,99.56795617825877,100.2917709350586,241100,32.66761742306489,32.265383248154016,32.31202414379249,35.88538700991017,37.1702500130499,2.86,8.0,-0.88,-0.23
LCII,2025-01-30,101.66218579953005,104.18106159420297,101.66218579953005,103.24493408203125,274500,33.86743407102797,31.955271745956694,32.467923178824435,36.000442384697315,37.209161780169694,2.9,10.0,-0.92,-0.24
LCII,2025-01-31,102.33775129774094,103.65992216860525,100.45582861033344,101.13139343261719,223900,32.897068597017785,32.11742889918042,32.501171135525134,36.081230174078506,36.910604355521734,2.94,11.0,-0.97,-0.25
LCII,2025-02-03,98.65112575717608,99.90573356742661,96.93327326914,97.94660949707031,261600,33.975602709678725,32.70565421723131,32.88126412098185,36.25936347453282,37.042327187726514,2.97,18.0,-1.01,-0.33
LCII,2025-02-04,97.84044749690611,100.12770470322512,97.7053360024931,99.53900146484375,250000,31.823004960988595,32.196862748668515,32.91992413584447,36.30057986136724,37.00315076608692,3.0,19.0,-1.05,-0.33
LCII,2025-02-05,100.12770349941594,100.15665491029577,98.67042112659696,99.01785278320312,221500,31.809431445175225,31.07108898898779,32.83996372612151,36.19580382190009,37.00501781181183,3.02,17.0,-1.1,-0.31
LCII,2025-02-06,99.15296565228338,99.99259339457343,97.3000017000132,97.75359344482422,244700,31.984423895337123,30.19271860106489,32.774031629697866,36.21418108616011,36.74557676702962,3.05,17.0,-1.14,-0.3
LCII,2025-02-07,97.42545867399103,98.00451634223617,96.11294072187715,97.3965072631836,244600,31.748795244813593,30.125651719865083,32.180419864773754,36.14325659242139,36.74085737038432,3.08,8.0,-1.18,-0.25
LCII,2025-02-10,98.47741271292456,100.05050082352403,97.7922022832883,98.41950988769531,476400,31.87575908812285,30.212739320008886,32.220185883482685,36.11419443946757,36.75439044531716,3.11,9.0,-1.23,-0.26
LCII,2025-02-11,99.76097521085252,104.82767837367403,99.24947327804634,103.9977035522461,625500,35.690843125174226,32.065719774654156,33.24365955871485,36.65806605573825,37.10065659809166,3.13,25.0,-1.23,-0.06
LCII,2025-02-12,101.33406398831325,105.5611394354227,101.03488958413459,105.2909164428711,485000,35.44398963216807,32.10226319177304,33.300920806294315,36.619142917542916,37.08230054374136,3.14,31.0,-1.22,-0.08
LCII,2025-02-13,105.80241260985638,107.00877053264833,104.22932452922447,105.64800262451172,437000,35.29363106600007,32.09298898290517,32.94830703064916,36.61452191591584,37.04348452165765,3.16,25.0,-1.21,0.0
LCII,2025-02-14,107.14388197501718,107.47201515861796,105.3970780598943,106.66133880615234,232500,35.13743486826811,32.14547387456147,32.7950056078551,36.63083011776959,37.02382693659213,3.18,20.0,-1.2,0.04
LCII,2025-02-18,106.66134097607194,108.08967202470059,105.97613054590688,106.28495788574219,299200,34.69816772412177,32.147855093895785,32.63415799402915,36.58125828298932,36.53388789837058,3.19,18.0,-1.19,0.09
LCII,2025-02-19,104.59604965373173,106.3042565134971,104.59604965373173,105.31021881103516,298500,34.17165014259426,32.191052126616945,32.56725680150374,36.36823292381094,36.48685895724637,3.21,17.0,-1.17,0.12
LCII,2025-02-20,105.61904600947477,105.61904600947477,102.62727261791105,103.32213592529297,271500,34.67614617832856,32.24668509742069,32.43770025744224,36.39545014751493,36.484297997075544,3.22,12.0,-1.18,0.15
LCII,2025-02-21,104.3933794210806,104.3933794210806,101.25684906274029,101.63323211669922,276700,34.35539272157604,31.663612192407452,32.432343394855565,36.44732161547343,36.491137740813,3.24,12.0,-1.18,0.15
LCII,2025-02-24,102.05787950710722,103.44760617996755,100.79361876961724,102.56937408447266,178600,34.432928252774744,31.589632386352484,32.41489245694018,36.222796249146,36.498826474699634,3.25,11.0,-1.17,0.16
LCII,2025-02-25,102.81063789491546,104.71185900141201,102.22193468844627,102.93610382080078,246200,32.52119602720322,29.961445990028217,32.412590492756095,36.21722453107228,36.417769574044875,3.26,11.0,-1.16,0.16
LCII,2025-02-26,103.17738638368385,103.47656079941126,100.73571170553336,101.29546356201172,217000,32.780394850691835,29.622767013743186,32.478999339121884,36.24786181200753,36.41615280187022,3.28,17.0,-1.14,0.14
LCII,2025-02-27,100.47513976937778,101.74905344775127,98.90205168081053,99.07576751708984,217200,33.043388253930296,29.889903905392917,32.62253866815126,36.30624802550143,36.469755233815896,3.3,24.0,-1.13,0.1
LCII,2025-02-28,99.55831354766686,100.7164142474366,98.62217858989104,100.19526672363281,386300,31.274835023120712,30.02517926304005,32.60677538472698,36.29899524328922,36.42475096354139,3.31,24.0,-1.13,0.1
LCII,2025-03-03,101.09279338371702,102.56937429515185,97.965915726383,98.39054870605469,285700,31.13422457251467,30.181890075845025,32.709267025568764,36.287624821677475,36.412164204188244,3.32,28.0,-1.12,0.07
LCII,2025-03-04,96.70164645541746,97.27105121379458,93.80638749132682,94.462646484375,438800,33.11026920720596,30.896089198621056,33.2319681847444,36.37758557840275,36.54657264404655,3.33,37.0,-1.09,0.0
LCII,2025-03-05,94.44334250759184,95.61109600499613,91.77004942952243,94.28892517089844,408300,32.86085815894846,30.856625361425127,33.222581205412865,36.325558678137085,36.54199204931617,3.34,37.0,-1.06,0.01
LCII,2025-03-06,92.72549274842196,97.06838106457342,92.72549274842196,96.34456634521484,327500,33.002104637597306,31.21367144445435,33.39199934555358,36.337287046076476,36.60943308084093,3.34,46.0,-1.05,-0.04
LCII,2025-03-07,96.34456919994638,98.66823974482358,95.87592594401532,96.04190826416016,333900,32.98065475967855,31.16670460700303,32.8938813833044,36.2157371390936,36.605151780351335,3.35,34.0,-1.06,0.05
LCII,2025-03-10,94.88007151410673,95.768530954222,93.78657552359438,93.79634094238281,312600,33.5642725482376,31.392680398085727,32.68531908298574,36.22848592393619,35.88059227789815,3.35,27.0,-1.03,0.09
LCII,2025-03-11,90.36940599841508,91.24810744003793,87.78212876590304,89.30520629882812,845400,35.03383960394705,32.7573729270828,33.48785708932006,36.68474236200458,36.20090291924487,3.35,49.0,-0.86,0.06
LCII,2025-03-12,89.33449820080001,89.99840515204886,87.15727163382994,89.0220718383789,2675400,33.3833070240675,32.749447315780145,33.391126119446135,36.686075156041355,36.201674390602975,3.35,48.0,-0.73,0.09
LCII,2025-03-13,88.4948473967076,88.69987649047411,84.51140584939105,85.45845031738281,562500,35.03968427521852,33.600947539135056,33.56476260230791,36.936336586093745,36.4188407698221,3.34,51.0,-0.45,0.09
LCII,2025-03-14,86.59100522712428,88.40698581275807,85.5267980264183,87.66497039794922,489400,34.75281075671815,34.095929332173846,33.87233527065182,36.92371417154168,36.372361884898446,3.34,52.0,-0.36,0.01
LCII,2025-03-17,86.98153109054134,88.70964522213855,85.99543980971521,87.56733703613281,394300,34.46920369910574,33.47318248527993,33.858760066681,36.89482020876731,36.37194953729271,3.33,52.0,-0.31,0.02
LCII,2025-03-18,86.85461062660328,87.38183150945873,85.41939946474653,86.14189147949219,334500,33.6876915357387,33.561710621460584,33.240734521175646,36.93968862301603,36.12446760592441,3.32,41.0,-0.25,0.07
LCII,2025-03-19,86.15164968126886,87.02058573623013,84.18922508010844,86.16141510009766,781200,33.16176847758294,32.37862200479027,33.17878100394857,36.83757097654452,36.01436562675332,3.31,39.0,-0.24,0.09
LCII,2025-03-20,85.30224590486667,87.33301357446769,84.58951929496664,86.7374496459961,393700,33.32740095176484,32.42840780963137,32.64223675646355,36.793686884033214,36.02192236910289,3.3,27.0,-0.29,0.17
LCII,2025-03-21,85.4096404208664,86.67886924244965,84.82383448139358,86.07354736328125,1397200,33.24729656435864,32.442693351014775,32.54997464854004,36.80322881684781,36.0111157607648,3.28,22.0,-0.33,0.2
LCII,2025-03-24,87.7821338892868,88.84633365098551,86.78626971438025,88.20195007324219,343100,34.27079365837263,32.817443688127184,32.79793034055686,36.922131680511946,35.96007824909623,3.27,34.0,-0.4,0.13
LCII,2025-03-25,88.1629031533513,89.10994023153272,86.50313201411296,87.71378326416016,305500,34.025653376824835,32.79381242857461,32.16110431937482,36.800804922472274,35.788097609308345,3.26,8.0,-0.44,0.23
LCII,2025-03-26,87.93833978644665,89.46141734654935,87.8211771091957,88.93419647216797,275500,29.6264749997847,32.90592539170657,32.26222080269783,36.83803536849647,35.77493529839439,3.24,11.0,-0.49,0.19
LCII,2025-03-27,88.93420076706887,90.39870078368719,88.2312470161112,89.19781494140625,384700,29.265038365125235,32.78642570336336,32.26827509815905,36.79757302487817,35.77412678991753,3.23,12.0,-0.53,0.19
LCII,2025-03-28,88.65107018253842,88.65107018253842,84.82383783160454,85.33153533935547,311400,31.203405749488088,33.90032251676237,32.459375823677256,37.05935502276354,36.035894149359784,3.2,19.0,-0.57,0.2
LCII,2025-03-31,84.7945494575813,86.44455519297524,83.6620066516543,85.36082458496094,430700,30.88872252339929,33.6967720563868,32.386455670528456,36.349237372080914,35.82643347315514,3.18,14.0,-0.61,0.23
LCII,2025-04-01,84.84336837524313,86.90343230979592,84.73597111239292,85.79041290283203,386300,31.081275284130548,33.59184789545201,32.39156103508673,36.23235890083069,35.76488631817481,3.15,15.0,-0.66,0.23
LCII,2025-04-02,84.78478283548803,88.39722062722437,84.78478283548803,87.68449401855469,203700,32.18463234013903,33.47246582324354,32.174158949736054,36.07145588236232,35.75430682090002,3.13,9.0,-0.69,0.26
LCII,2025-04-03,83.80844995194046,83.80844995194046,78.8584402384327,79.08300018310547,619500,42.670124036271446,39.31724433435099,35.30374406406304,37.98163368993924,37.075779491442596,3.09,68.0,-0.57,3.22
LCII,2025-04-04,76.18328383750742,81.48477378955796,73.92795636828555,80.1764907836914,879000,43.10073938946119,39.288956856649406,34.94553157545873,38.00197849721502,37.09822685941519,3.04,67.0,-0.54,3.5
LCII,2025-04-07,76.81790686457316,82.48064317006428,74.68949990272522,78.1066665649414,705000,43.10071444630601,39.55764463775886,35.08974420221617,38.10118279550878,37.138827306630304,2.99,69.0,-0.48,3.35
LCII,2025-04-08,79.00489106588422,79.89335796926211,71.75073414531258,73.29334259033203,508000,45.70580018948474,40.88135748908717,36.34160318638156,38.30482660638316,37.64130330437745,2.94,74.0,-0.27,2.9
LCII,2025-04-09,72.78564927403819,81.44572073257072,70.59865735555142,79.77619171142578,838000,53.476508407420866,44.64007913970465,38.85153407103332,39.534711296238825,38.57945177586272,2.91,82.0,-0.32,3.34
LCII,2025-04-10,77.41347071962453,77.9699804204187,73.2249998351917,75.70488739013672,588500,54.87304633234524,45.50977307553164,39.57105183617873,39.98956511079753,38.908902300811974,2.9,89.0,-0.3,3.01
LCII,2025-04-11,75.27529662367539,76.15399809141971,72.57085663560721,75.59748840332031,615500,54.589987440931985,44.661819228659574,39.57085540543329,39.55833694233676,38.34778103971986,2.89,89.0,-0.31,3.01
LCII,2025-04-14,76.32974158305665,77.60873588763042,73.43979576159411,76.28092193603516,582600,54.7777885639463,44.491517161957766,39.602527701752365,38.72219020955772,38.34687454122134,2.88,91.0,-0.34,3.0
LCII,2025-04-15,75.77322817330318,76.91553634906185,73.48860437295389,74.61138916015625,506300,54.08669612221112,44.62681956419948,39.71101531880418,38.63894896778425,38.31229720243223,2.88,92.0,-0.36,2.92
LCII,2025-04-16,74.02559208570274,74.81641969193088,72.30724335540782,73.7424545288086,580400,54.06685287781596,44.51847095380372,39.73077690199959,38.649837339124126,38.32610041765669,2.88,93.0,-0.38,2.91
LCII,2025-04-17,73.84985025677366,76.51524344472796,73.83032686824897,75.55843353271484,654200,54.20462675607892,44.76504293399046,39.872294854702254,38.775953266665304,38.335296172468716,2.88,94.0,-0.42,2.84
LCII,2025-04-21,74.87500514081793,75.86109643673774,72.69777854675158,75.68535614013672,723600,54.26095538332552,44.76177183592632,39.477427336059854,38.77635702413899,38.27617080756479,2.87,87.0,-0.45,3.02
LCII,2025-04-22,76.23210552271682,77.15961917418107,74.5918652878425,76.97411346435547,467000,54.51210889424809,44.98074179155522,39.52154160124849,38.33046567078466,38.31035804877843,2.85,89.0,-0.48,3.0
LCII,2025-04-23,79.39542429824995,81.09424216827539,75.57796493786056,76.06613159179688,905800,53.03952421051349,44.56499344512362,38.699896388290355,38.11608703184824,38.261223657845804,2.82,82.0,-0.56,3.3
LCII,2025-04-24,76.98388174330394,78.2531180545171,75.57796681034087,78.1066665649414,441500,53.835149209372965,44.41147680356459,38.82648974499315,38.19605342492353,38.339584630158434,2.79,83.0,-0.62,3.27
LCII,2025-04-25,77.4525274159594,78.7119983471372,75.6365467662456,76.81790924072266,581800,52.857303407042586,44.48358764166408,38.87686079923691,37.33251450436391,38.23439525146699,2.75,85.0,-0.67,3.23
LCII,2025-04-28,77.13033374765496,78.13595589457705,75.59749070404094,76.22234344482422,316500,52.14340169729177,43.93710693468649,38.88096842938893,37.339202739804634,38.215190267328545,2.72,86.0,-0.73,3.23
LCII,2025-04-29,75.67559004868137,77.40369657244091,75.6267704080967,77.08150482177734,252800,52.338215971525685,43.938790389152096,38.9474289045132,37.301240181446914,38.161388933091075,2.71,87.0,-0.8,3.19
LCII,2025-04-30,76.27116301664739,76.27116301664739,73.62530056555036,75.25577545166016,495400,52.536295454137935,43.7548324314533,38.95879825966681,37.358489676119696,38.22456970120283,2.7,88.0,-0.84,3.18
LCII,2025-05-01,75.59749113755109,77.22796603460634,74.76760928476739,76.25163269042969,441900,52.77029221093071,43.69935542320637,39.03200660428101,37.287786310619374,38.25037008642923,2.69,89.0,-0.9,3.14
LCII,2025-05-02,77.37441378062499,78.44837891746666,76.26139441804685,77.93092346191406,440900,53.217687742596176,44.0279752647811,39.22480573494837,36.97938626767298,38.18238825483288,2.7,92.0,-0.95,3.06
LCII,2025-05-05,77.140101888964,78.5948365291092,76.63240436364094,76.86672973632812,854100,53.28744064551666,44.036090757748774,39.22829015199454,36.92060360783573,38.20028595391531,2.7,92.0,-1.01,3.04
LCII,2025-05-06,79.32708306738198,82.6368524603791,76.4957149204413,81.92413330078125,980400,56.22995448732146,46.17202469308545,40.64174259808762,37.49851125924542,38.70105345715537,2.73,100.0,-1.07,2.76
LCII,2025-05-07,81.92412858203647,82.67590192539522,80.34246599686168,81.15282440185547,514400,56.26002437338887,46.10671532641024,40.6521374733728,37.4940332589342,38.67406473542589,2.77,100.0,-1.14,2.75
LCII,2025-05-08,82.98833150884843,84.48212028419458,81.88507754801621,83.74987030029297,601000,56.93754194571977,45.072281784706256,41.022121121544394,37.697336976187884,38.804171557498066,2.83,100.0,-1.19,2.59
LCII,2025-05-09,84.0915887940577,84.73597238080478,83.23241812722725,83.47650146484375,389800,56.91899020625023,44.949439886184415,41.02156771607125,37.679848941260616,38.741308527198576,2.88,99.0,-1.26,2.59
LCII,2025-05-12,87.7626007444854,88.49485072785723,86.33715500404807,87.57709503173828,531600,57.26906084463157,46.16818130328242,41.767690893257516,37.932010771682464,38.60949895913913,2.96,100.0,-1.3,2.36
LCII,2025-05-13,88.41674709510711,89.08065408084242,87.34278188404977,88.8365707397461,433600,57.4002843330387,46.23381246579428,41.516346961338634,37.93658578550662,38.56379856755769,3.04,99.0,-1.31,2.49
LCII,2025-05-14,88.11408336416176,89.07089330864936,86.90343211607788,87.22561645507812,410300,57.667333213555374,46.339364820133795,41.58398482301721,37.484156658681066,38.5660066905747,3.11,99.0,-1.31,2.45
LCII,2025-05-15,86.40549421899262,87.42088171158409,86.40549421899262,86.85460662841797,329000,57.32534686542032,46.32345734423806,40.981769806422754,37.42763286400492,38.56749730662393,3.17,95.0,-1.32,2.7
LCII,2025-05-16,88.1043184822152,90.02769635309242,87.08893091514386,89.16852569580078,493200,48.7696915793652,46.59239601268881,41.21304157256995,37.49725891979238,38.65342973183601,3.23,97.0,-1.31,2.6
LCII,2025-05-19,86.95224080008121,90.02769216665737,86.95224080008121,89.39307403564453,349700,48.683478745009495,46.51072397763048,41.21402858592877,37.49116023074933,38.647255065496445,3.29,97.0,-1.31,2.6
LCII,2025-05-20,89.39308068710609,90.99426681286836,89.39308068710609,89.80314636230469,333000,47.85759422769791,46.47254543197495,41.17012209865361,37.494988909239595,38.57942307335083,3.34,95.0,-1.3,2.64
LCII,2025-05-21,87.86999879074479,89.41260722390201,86.53241946090613,86.66910552978516,277800,44.98286057512061,46.95278272816573,41.520721632594345,37.69655939716171,38.72995570688226,3.41,98.0,-1.3,2.46
LCII,2025-05-22,85.89780983333824,87.11822649843049,84.95076530941353,86.7374496459961,282700,38.21531636184742,46.877394473934665,41.50071110803995,37.557211811013275,38.679710058667794,3.47,96.0,-1.3,2.47
LCII,2025-05-23,84.70668326142167,86.06378601768533,84.70668326142167,85.3803482055664,245900,34.95649245858591,46.781680481120006,41.49577015853823,37.53692695289562,38.67617487744106,3.52,95.0,-1.3,2.47
LCII,2025-05-27,86.71792396556381,87.58686001224372,85.7806448853978,87.54780578613281,193400,35.438727852691216,47.040084447212955,41.6912861418915,37.580133240111394,38.733835202140405,3.58,99.0,-1.3,2.39
LCII,2025-05-28,87.8211747467387,87.97739164553761,86.34691687069054,86.3957290649414,203900,35.79935846893667,46.97960495711392,41.646741779450494,37.55151824337669,38.712956588693174,3.63,98.0,-1.29,2.4
LCII,2025-05-29,87.41112295284671,87.41112295284671,85.39011323204153,86.30786895751953,165200,34.96582271209119,46.28676755450668,41.56936143625199,37.551090184585654,38.70719898469057,3.67,96.0,-1.28,2.45
LCII,2025-05-30,86.41667652364403,87.12890308215391,85.71434409706107,86.19905090332031,230100,34.665363337661844,46.28674015444196,41.34777406539072,37.51907307122356,38.70686576255467,3.71,91.0,-1.27,2.54
LCII,2025-06-02,85.75391578491988,85.99132212958072,83.62713017417677,83.96345520019531,376900,35.335546490631536,46.3071040059326,41.52332617271352,37.590823283437764,38.760827533218,3.75,95.0,-1.26,2.45
LCII,2025-06-03,85.03179656211663,87.39598855895993,83.3402621761123,87.1387939453125,268000,36.64422302110039,47.00543089710797,41.84317442141026,37.80485290532242,38.78264129063462,3.79,100.0,-1.24,2.35
LCII,2025-06-04,88.68195276992972,89.02817192914073,87.04976810849315,87.51469421386719,227400,36.46158889455794,46.79434637114075,41.85238381502795,37.52553264874086,38.75390281749546,3.82,100.0,-1.22,2.34
LCII,2025-06-05,86.23861877111874,87.6630718697561,85.75391197111458,87.54436492919922,280400,36.16236335934888,45.716804198247054,41.46926946902533,37.5186003569581,38.75387017427477,3.85,88.0,-1.21,2.53
LCII,2025-06-06,88.6918471884174,89.36449724447712,87.79166982455216,88.22692108154297,207000,35.58480990121489,45.74272385519577,41.42610410841589,37.430474284649264,38.60697717860277,3.87,87.0,-1.2,2.55
LCII,2025-06-09,88.95892995754909,90.7296023196972,88.95892995754909,89.78985595703125,284600,35.23485317267403,45.08431824502387,41.40637517622064,37.49394109241162,38.64302362723902,3.89,86.0,-1.17,2.55
LCII,2025-06-10,90.57132628114803,92.25297409008388,90.22510711510624,91.40225982666016,284200,35.19571747772874,44.93182729485863,41.05179834353837,37.38242964022388,38.67403068847239,3.91,81.0,-1.14,2.69
LCII,2025-06-11,91.82761423299829,91.85728908249088,89.38428433128665,89.57223510742188,266200,35.966309712768805,45.13494154420476,41.04189681521152,37.357468838142026,38.701740247024574,3.93,80.0,-1.1,2.68
LCII,2025-06-12,89.0479488362805,89.51287492176024,88.02907211976682,89.48320007324219,193900,34.960150987012376,45.00037949514505,41.03884645266625,37.28293797908409,38.682245239132534,3.93,79.0,-1.05,2.68
LCII,2025-06-13,87.88069723835824,89.19633763749599,86.98052739216688,87.08934020996094,437000,36.14944460336096,45.35843037813135,41.19344226855202,37.357582256544895,38.72653221851204,3.94,82.0,-1.01,2.59
LCII,2025-06-16,88.2170228897296,90.15585764535966,87.92025931052639,89.48320007324219,268100,36.40403173119239,45.675892119196135,41.2832081326458,37.39103742552016,38.66714014281774,3.94,84.0,-0.96,2.57
LCII,2025-06-17,88.55334871591333,89.60190783759057,87.39598433100727,87.55426025390625,402600,36.82859333556476,45.875196411998296,41.40673522882364,37.41938185087492,38.6920674087812,3.94,86.0,-0.9,2.5
LCII,2025-06-18,87.73232251185605,88.89958110344494,87.60372142951245,87.98950958251953,386400,32.248585849356296,45.610325522345484,41.41963356617649,37.3972573044596,38.64448131660168,3.94,86.0,-0.84,2.5
LCII,2025-06-20,88.62259422987047,88.62259422987047,86.99041713926763,87.63339233398438,494700,32.1139246185177,45.60364209208664,41.1982343150089,37.39246789889318,38.561171442057265,3.94,79.0,-0.79,2.59
LCII,2025-06-23,86.91127834076829,89.90855884896615,86.77279068043656,89.81953430175781,368900,31.634698864905864,45.79738448285926,40.93007948216672,37.510465626125146,38.58013336847808,3.94,70.0,-0.73,2.72
LCII,2025-06-24,91.10549632956538,91.93642987599559,89.7107255313954,89.91845703125,344100,31.592782419910463,45.79412362149764,40.930287400535676,37.49969052636173,38.57758820869833,3.93,70.0,-0.66,2.72
LCII,2025-06-25,89.88877695289735,90.6306783579483,87.16847180104386,88.32583618164062,317600,29.014186494603923,45.01191728073274,40.72853934093111,37.513657767092695,38.6178020125806,3.92,68.0,-0.59,2.8
LCII,2025-06-26,88.80065420312746,90.00748176888764,88.52367886941434,89.53266906738281,312100,28.985222228799422,45.090573632075134,40.6821233945937,37.551347771302325,38.602773546556996,3.91,67.0,-0.52,2.84
LCII,2025-06-27,90.03715706918972,91.37258572299707,89.77007586663535,90.95711517333984,868900,28.77125916223628,45.187514362942906,40.46846953547654,37.56992155563156,38.53692719190567,3.9,64.0,-0.46,2.96
LCII,2025-06-30,90.95711026402198,91.81771862048997,88.83033224988479,90.205322265625,433200,28.863903133900386,45.014969838218164,40.395020805490155,37.57576521368415,38.52653294152904,3.89,63.0,-0.39,2.99
LCII,2025-07-01,89.6414790606158,97.64411882384218,89.50299139812074,94.60726928710938,725100,31.053447180141085,40.56728331117486,41.119103013087276,38.002415956248974,38.82110459657657,3.89,76.0,-0.35,2.73
LCII,2025-07-02,95.32939257243143,98.24753524288423,94.50835316044224,98.04969787597656,385800,32.56027746103031,41.06394380178659,41.468278682708956,38.0000815092156,38.920769471176044,3.88,87.0,-0.35,2.59
LCII,2025-07-03,98.27720879625923,98.81137873627463,96.1009676009476,96.94178771972656,182300,32.8233529298308,40.72040183992248,41.50374780098787,37.84023362979244,38.89804517834155,3.86,90.0,-0.35,2.57
LCII,2025-07-07,95.28982369563627,96.42740742415008,94.43910943236588,95.21068572998047,310400,31.421180675260203,38.519072600609604,41.56647925591628,37.87695725869215,38.93971873387384,3.85,93.0,-0.32,2.53
LCII,2025-07-08,96.2295562411765,98.29699206393425,95.35906131670609,97.54519653320312,294000,31.998035727001394,34.95569883380173,40.79926600801089,37.955788060212306,39.015208563059275,3.83,64.0,-0.3,2.73
LCII,2025-07-09,98.22775250895387,99.12792232102379,96.53621060446022,98.61354064941406,388700,31.502024817332785,32.997050020088686,40.78804203610199,37.82082110278859,38.94121504850054,3.82,63.0,-0.31,2.73
LCII,2025-07-10,98.8608398824738,101.61081994530873,98.80148263675726,100.08744812011719,313800,31.06656565102964,33.04260350832563,40.857357119714024,37.86487140588803,38.96829959205926,3.8,64.0,-0.35,2.7
LCII,2025-07-11,99.51371315199859,100.0379889700288,98.4750556484515,99.0883560180664,287400,30.920973324384953,33.166233329616816,40.85253441951796,37.876889340694945,38.951349135654155,3.78,63.0,-0.43,2.69
LCII,2025-07-14,98.92019378601434,99.56317655502579,97.14952141160326,98.44537353515625,306000,31.047925779552344,32.78568776312965,40.86045145600771,37.51206531160449,38.889099423760406,3.75,64.0,-0.52,2.69
LCII,2025-07-15,98.7421299684774,98.89051175778904,95.76463023846614,95.80419921875,318500,32.340730809346155,33.26512025672629,41.054327615377304,37.601437076444356,38.51585221057768,3.72,72.0,-0.58,2.59
LCII,2025-07-16,96.20977873379242,96.62524171976098,94.2610497867822,95.37884521484375,267100,31.191367186195446,33.049498681117775,40.95564697664987,37.30500588507075,38.439513889316586,3.69,65.0,-0.61,2.64
LCII,2025-07-17,95.16121844791547,97.61444244674466,95.16121844791547,96.8527603149414,289800,29.80456367110304,33.129009161172206,40.95698911398916,37.31180632231471,38.301758995149896,3.65,65.0,-0.62,2.66
LCII,2025-07-18,97.88152875981672,97.88152875981672,95.50745014589823,95.99215698242188,196300,30.020287349930836,33.12619716397689,40.94918438124942,37.30709016055382,38.27376276015391,3.61,63.0,-0.65,2.65
LCII,2025-07-21,96.98135345493081,97.73314899870866,95.99215157254311,96.26912689208984,309300,30.009142216823236,32.968088010793714,40.94752047547861,37.0213308220713,38.26175930783736,3.57,62.0,-0.7,2.65
LCII,2025-07-22,96.26913156354425,99.3851191536709,96.26913156354425,98.89051818847656,348800,30.764559490968164,32.979675528172066,41.10346806900089,37.16574946874411,38.3489993800126,3.53,72.0,-0.72,2.6
LCII,2025-07-23,99.3356560342277,100.6018332975508,99.3356560342277,100.11712646484375,229000,30.598174022902985,32.74140672064839,40.999832235106375,37.19279536126375,37.99115717446273,3.49,65.0,-0.72,2.67
LCII,2025-07-24,98.78170332288087,99.71155553319771,96.44718621183851,96.87254333496094,225100,32.05587896423123,33.53816602440341,41.29331683342106,37.12465095067326,38.05315332067673,3.45,79.0,-0.73,2.51
LCII,2025-07-25,98.04969365881624,98.22775030017955,96.71426507508566,98.20796203613281,213500,31.520963768172212,33.56481781496336,41.252739599067624,37.13501872484324,38.078923280752406,3.4,77.0,-0.73,2.55
LCII,2025-07-28,98.29699567218414,99.07846608003601,97.1000622769715,97.44628143310547,340800,31.65818644851101,33.14930330600811,40.75337638807575,37.13275750181638,37.74395633154426,3.36,50.0,-0.74,2.78
LCII,2025-07-29,98.46516217956335,99.27630746985302,96.62524596429452,97.67379760742188,396100,30.360548191332278,33.100186629688785,40.75315179928696,36.939982426374044,37.13322918086236,3.32,49.0,-0.75,2.79
LCII,2025-07-30,98.06947558551707,98.43548300478169,94.71608175432084,95.37884521484375,436800,30.550067436190957,33.37787449723083,40.78799009713851,36.738585693840655,37.102179567538045,3.27,50.0,-0.75,2.74
LCII,2025-07-31,94.4094333874944,95.96248009553375,93.934613146579,93.97418212890625,376000,30.140617124299467,33.40241858946539,40.852376527872046,36.49351773395127,37.127474889160055,3.22,52.0,-0.74,2.7
LCII,2025-08-01,92.73768173540084,94.12256595871852,91.43193547844687,93.41033935546875,437500,30.226111730541106,30.989274958471725,40.690378597329655,36.48392533566839,37.13109696736732,3.16,45.0,-0.74,2.8
LCII,2025-08-04,93.8060215292076,95.34917413641375,93.1630387605344,94.8941421508789,297300,30.42649307857923,31.01544615710968,39.99767905205099,36.53331005935135,37.16687482554761,3.11,39.0,-0.77,3.1
LCII,2025-08-05,92.55962148257957,95.70528382650964,91.85728903920987,94.99305725097656,398500,29.704809313205804,30.426058992565412,39.99312983658385,36.43360716558896,36.76708482517571,3.05,38.0,-0.79,3.1
LCII,2025-08-06,94.99305558640148,95.71517628144414,93.3707651025644,94.78532409667969,285300,29.727476506495993,30.418721943123924,39.43892806944541,36.4112610229969,36.58077486280115,3.0,29.0,-0.82,3.4
LCII,2025-08-07,95.50744775627479,95.56679745603425,93.75655614325409,94.74575805664062,547600,29.150903106895022,28.881987734484284,39.24394676757186,36.40584599986915,36.52684667878675,2.94,28.0,-0.84,3.5
LCII,2025-08-08,94.35007844331457,95.56680015178648,93.22238883400495,94.12256622314453,254800,29.061588415394546,28.79842521397769,39.26033024464901,36.407450665321925,35.881886788862865,2.89,28.0,-0.86,3.48
LCII,2025-08-11,94.46878465997098,96.2592377447654,92.99487589205202,94.31050872802734,253400,28.752638914207353,28.517567003529958,39.16446897285708,36.408188333982956,35.88218721563633,2.82,24.0,-0.88,3.56
LCII,2025-08-12,95.36896181245788,100.09734583621578,94.94360468014847,99.98853302001953,329800,33.02755984921999,30.800745031232186,40.215748055520976,37.075735760527174,36.319339595422065,2.75,39.0,-0.9,3.19
LCII,2025-08-13,99.76100742388195,105.15216216216709,99.76100742388195,104.1332778930664,429600,32.26381361669619,31.4102170970964,40.68539925703391,37.34973195749078,36.51643512183686,2.66,44.0,-0.86,2.98
LCII,2025-08-14,101.89769257870297,103.75738948390489,101.3239536499557,103.47052001953125,253800,30.8507712900438,31.463982876477115,40.67819242951282,37.16274401489996,36.42747200215089,2.56,42.0,-0.85,2.99
LCII,2025-08-15,103.81673974387405,103.81673974387405,101.92736797821331,102.31315612792969,440200,30.846515054902152,31.58494103897887,40.568058077188006,37.1474251679941,36.16398647322821,2.46,39.0,-0.87,3.03
LCII,2025-08-18,103.22321709643874,103.22321709643874,100.81945616962112,101.12611389160156,255000,30.545525485189202,30.73589611076403,40.606682518487474,36.74375344318929,36.10977904035964,2.34,39.0,-0.9,3.01
LCII,2025-08-19,101.8778996969906,103.68814095203079,100.96783577698542,103.5595474243164,282700,30.51764730068497,31.038569017927298,40.71471709080171,36.717067534995714,36.033961327348,2.21,45.0,-0.91,2.95
LCII,2025-08-20,103.55955098859414,103.83652631751886,100.64140080853906,100.75021362304688,299600,31.556007353252998,31.4315219381929,40.973693283127254,36.84943424557571,36.121751939597004,2.07,61.0,-0.94,2.81
LCII,2025-08-21,99.62252649778303,100.79967922173434,99.16749451090558,100.51280975341797,177500,31.27967878437304,31.100870161640586,40.32311556688117,36.847364120839465,36.12234866015286,1.92,33.0,-0.97,3.1
LCII,2025-08-22,101.10632853246979,107.45700312264155,100.15669558368809,106.25018310546875,397400,34.97700894065279,32.779593485634294,41.21911699971436,37.44456158678339,36.5333350244701,1.75,76.0,-0.94,2.79
LCII,2025-08-25,106.08201056998739,107.10088732837046,104.89497129841736,106.48758697509766,197600,34.87672139739296,32.76745045282775,41.216618992185275,37.3496356393582,36.39740337990422,1.57,75.0,-0.92,2.79
LCII,2025-08-26,106.26006405703939,107.07120929613849,105.50827606266265,105.55773162841797,288500,33.903354453021464,32.85010254739629,41.130983777465296,37.35825885229278,36.37372298074094,1.33,69.0,-0.93,2.83
LCII,2025-08-27,105.49838552342607,107.32840755294491,105.4884913911335,106.81402587890625,147100,33.91118570267134,32.30462712537872,37.546462724915756,37.3605257745265,36.03337963559293,1.26,4.0,-0.89,1.3
LCII,2025-08-28,107.61527944086644,107.80323022360663,103.68814655042476,105.35000610351562,165100,34.09894457941105,31.75649796731222,37.600603741673616,37.38789439530253,36.02156785994082,1.17,4.0,-0.87,1.3
LCII,2025-08-29,105.83999633789062,106.30999755859375,104.19999694824219,105.41999816894531,156900,33.925149067513,31.75967262273844,37.31611500538426,37.37902480478852,35.95948449175133,1.08,2.0,-0.85,1.38
LCII,2025-09-02,104.13999938964844,104.36000061035156,103.13999938964844,103.3499984741211,150100,34.57167702893517,32.10179356725244,35.94929141075207,37.44902749051291,36.00408247139102,1.1,1.0,-0.85,1.27
LCII,2025-09-03,102.31999969482422,103.97000122070312,102.19000244140625,103.05000305175781,170300,33.80665547162503,32.10530894107252,33.512612431393826,37.44045950817837,36.00208518514352,1.29,1.0,-0.84,0.49
LCII,2025-09-04,103.2699966430664,105.91999816894531,102.68000030517578,105.69000244140625,147600,34.375952402245225,32.29796145955767,32.52505195837297,37.564734376749975,36.083053939479534,1.51,1.0,-0.81,0.31
LCII,2025-09-05,106.22000122070312,108.47000122070312,104.97000122070312,106.0199966430664,230700,32.75902909065969,32.14494715842112,32.51613656762774,37.528054506809895,35.97090256163703,1.71,1.0,-0.79,0.31
LCII,2025-09-08,106.2300033569336,106.30000305175781,103.94999694824219,105.23999786376953,219100,32.731234028000564,31.86418161222761,32.54808779267508,37.30672979819784,35.93993909398058,1.87,3.0,-0.77,0.32
LCII,2025-09-09,104.27999877929688,104.62999725341797,103.01499938964844,103.1500015258789,51767,33.2492274130976,32.19606319662205,32.508678426883364,37.36754270567537,35.922783291068136,2.03,1.0,-0.76,0.32
