Ticker,Date,High,Low,Close,Realised_Vol_Close_30,Realised_Vol_Close_60,Realised_Vol_Close_100,Realised_Vol_Close_180,Realised_Vol_Close_252
AWK,2009-04-23,12.300462720283376,12.077677214673203,12.199196815490723,43.21639899922652,37.320488836031366,39.95632467368825,45.99865237744268,41.92566970799758
AWK,2009-04-24,12.2734580288262,11.88864685096956,12.151938438415527,43.18403693347565,37.29454322023397,39.927372941950566,45.98055694326253,41.91370012170865
AWK,2009-04-27,12.516494714415765,12.03041644967544,12.428730010986328,35.148871650464756,37.61335475322534,38.90591497398836,46.05963517200675,41.93978742617086
AWK,2009-04-28,12.523245315591994,12.239700075466697,12.300459861755371,32.53141235576548,37.64111895946436,38.93112450225878,46.07295891540918,41.94464186603533
AWK,2009-04-29,12.543501061890009,12.151938645917088,12.435483932495117,30.479009480157494,37.554498349378306,37.61772078992599,45.9081402632714,41.95836754281147
AWK,2009-04-30,12.725780233318297,12.111432337500547,12.151938438415527,30.579664705337596,37.648554480977104,37.77745735304892,45.98112300017076,42.01722247661303
AWK,2009-05-01,12.246457625301353,11.848143837500892,11.87514877319336,30.860716769471626,37.772287688694014,37.88813059860507,45.99011732040603,41.92269968320989
AWK,2009-05-04,12.030422939415402,11.48358588426002,11.888650894165039,30.813946487300598,37.702026946156025,37.693029137161055,45.98785164706244,41.91974536790909
AWK,2009-05-05,11.929155522130339,11.517339329823653,11.922404289245605,30.39729298830324,37.6744061411657,37.66620831061262,45.97399430747501,41.91956229590985
AWK,2009-05-06,12.354473913753004,12.151942061133886,12.25995922088623,31.506240243439944,37.88219930502878,37.954212567888554,46.039544365576496,41.98694367985375
AWK,2009-05-07,12.469241765242597,12.30046479950353,12.381478309631348,31.291310512836862,37.92445158671457,37.992637036153454,45.85209383703383,41.97149929870292
AWK,2009-05-08,12.65826495839512,12.32071122617125,12.523242950439453,31.40210994159385,38.02225730858396,37.986237551339244,45.875067024926324,41.98758204897413
AWK,2009-05-11,12.658269514348182,12.428732790808075,12.482741355895996,31.4099144580461,38.02131864024609,37.93862349327349,45.8758571963832,41.94044969859094
AWK,2009-05-12,12.671774199081508,12.19244697318568,12.219451904296875,32.001354816663365,38.19228072167723,37.99280465728479,45.93823371409105,41.98565225414157
AWK,2009-05-13,12.421982494752823,12.070926151409282,12.091179847717285,29.776112886009237,38.155700842085984,37.40166980893374,45.944217277027896,41.99022095253785
AWK,2009-05-14,12.330139302523003,11.981945833398582,12.063874244689941,25.844921518442554,38.09824813222731,36.57134883913765,45.938173687329865,41.99054335271216
AWK,2009-05-15,11.975116200688387,11.654231426537502,11.688368797302246,27.33570102774262,38.49287997970873,36.766282630987256,46.07540976225987,42.10095310105184
AWK,2009-05-18,11.906840209661489,11.67471134703796,11.742984771728516,27.225873340441915,38.524921067953386,36.00799199804057,46.025543646236635,42.04548693827852
AWK,2009-05-19,11.872702244872777,11.633747223869548,11.797602653503418,27.264003534127156,38.30245967120096,36.00856419295017,45.80248912854446,42.04352340977155
AWK,2009-05-20,11.947808212229774,11.742989163760363,11.783952713012695,27.254421712418026,38.061534911083214,35.98246629511069,45.798396578095044,42.04176344089727
AWK,2009-05-21,11.85905294355643,11.613269058029557,11.695196151733398,26.98447225059773,37.70348162287642,35.98637746548732,45.55341459454995,41.98857760112041
AWK,2009-05-22,11.8453993432605,11.606442905355728,11.654233932495117,26.913734885899355,36.95532777998763,35.49127889501074,45.50793903976077,41.978399074564216
AWK,2009-05-26,11.940978050231934,11.51085762434141,11.940978050231934,26.51439802547861,37.315099146017076,34.54747243797283,45.52783527599088,42.042722508704855
AWK,2009-05-27,11.961459678353819,11.5449929252803,11.57230281829834,28.003566141358743,36.98647664504999,33.66565933976297,45.67031658089215,42.15221450921655
AWK,2009-05-28,11.811256887943502,11.544991964219635,11.763465881347656,28.2335627366308,35.176927285659175,33.72465506247718,45.69572436079578,42.17704575333165
AWK,2009-05-29,11.797602653503418,11.606437334493638,11.797602653503418,24.63389187862219,34.93323700835666,33.42199704317138,45.62670262048743,42.148764945152486
AWK,2009-06-01,11.763466374943663,11.435755485500858,11.469891548156738,25.532625498641178,35.317654320782324,33.68802309307632,45.740308257408856,42.18392803178954
AWK,2009-06-02,11.811260153868941,11.299211280686052,11.647404670715332,25.79509334704266,35.412135792508806,33.619812545932234,45.781563305702065,42.211462657470676
AWK,2009-06-03,11.940976264565988,11.599610443501641,11.763465881347656,26.036330309854144,35.402574286108724,33.63149480837112,45.61654644765024,42.206905535512504
AWK,2009-06-04,12.377925949829605,11.674713086690536,11.940978050231934,25.88620904834537,35.47498820758854,33.45992536457501,45.65243323479398,42.21795624041872
AWK,2009-06-05,12.009250893160148,11.708848575889846,11.90001392364502,25.89664662775953,35.42878944530131,32.79582541176842,45.580805426480815,42.203642386581926
AWK,2009-06-08,12.200412734788568,11.777118622907192,12.125311851501465,26.48899582771091,35.586035795670604,32.881618222108074,45.59116657929372,42.22412759892481
AWK,2009-06-09,12.459854152467516,12.016078785560845,12.28917121887207,25.94015115128968,30.633945724184603,32.93569347259845,45.599052776557535,42.23331780277444
AWK,2009-06-10,12.623709215567375,12.234552347557964,12.50081729888916,26.23908266977768,29.34335709375387,32.86042047147656,45.60207979589939,42.217563539942276
AWK,2009-06-11,12.81487478451332,12.459853975157143,12.712465286254883,26.494839665765795,28.31550007566047,32.965103125241654,45.605391747860494,42.248895758457465
AWK,2009-06-12,12.835357454141729,12.36427344477549,12.753430366516113,25.520411117970987,28.011242482230813,32.96566213457325,45.5792362230824,42.244866952952016
AWK,2009-06-15,12.794393701122798,12.459855277338614,12.616883277893066,24.72562145080554,27.852454816141474,32.8215939201335,45.5323177318564,42.18331314505562
AWK,2009-06-16,12.7534303069391,12.487165320088323,12.514473915100098,24.900314005479107,27.889739633221662,32.837124182324146,45.25202542966017,42.157198831017624
AWK,2009-06-17,12.630535128664999,12.425716160974948,12.534953117370605,24.898031378148126,27.614387742271575,32.830637459686045,44.88331538513168,42.11276531234633
AWK,2009-06-18,12.678322070240739,12.425712177878296,12.664667129516602,23.782408274345677,27.685744744741463,32.87266556199789,44.174492545852395,42.12388364386159
AWK,2009-06-19,12.767082331870409,12.459852569546623,12.68515396118164,23.637496677775538,27.50276908547115,32.70431169508487,43.530229992649744,42.12044128705785
AWK,2009-06-22,12.76708592918435,12.562265595854932,12.698812484741211,23.42452448567273,27.46802063118663,32.694980889457796,43.52974004940895,42.11724077295826
AWK,2009-06-23,12.958249026987989,12.6510205036348,12.719292640686035,23.400059238166104,27.466642388350966,32.664647676359806,43.516450552316044,42.10528293802136
AWK,2009-06-24,12.82852381379261,12.548602737775072,12.664667129516602,22.516510659128073,27.47599425375415,32.66522584238453,43.45035773739359,42.1020619437001
AWK,2009-06-25,12.951419008106665,12.596399537689914,12.82852840423584,22.477475509087412,26.387793188229598,32.597681233797225,43.47312795971454,42.06684150224188
AWK,2009-06-26,13.060661695591236,12.698814593701691,13.019698143005371,22.740180004544637,24.277334274631833,32.603015276670675,43.37686983810353,41.97281022781875
AWK,2009-06-29,13.16989457410003,12.965074291235352,13.149412155151367,20.381974454924844,24.31551844441443,32.54525808818903,43.32457847326406,41.983896917517015
AWK,2009-06-30,13.306439284569597,12.883146404092086,13.047001838684082,20.661877571187933,24.331210854414458,32.528551730681556,43.26061054679944,41.96432026881932
AWK,2009-07-01,13.231338388720552,12.37792385300772,13.047001838684082,20.68357874503959,24.296133599009302,32.51001592991257,42.707363163288406,41.84498418075639
AWK,2009-07-02,13.094798323429739,12.705641340667572,12.82170581817627,21.512241815880742,24.568604851166846,32.424713395381474,42.725078582614444,41.86813084928861
AWK,2009-07-06,12.842183376352107,12.569090946927133,12.712465286254883,21.555869843481908,24.515273708158382,32.40625486160321,42.2265471305192,41.70491238926039
AWK,2009-07-07,12.664671189210928,12.432542331318343,12.534953117370605,22.03509274466154,24.62400763296125,32.465238496222696,42.21082347172667,41.704054864625306
AWK,2009-07-08,12.760257404487609,12.418891512570287,12.555437088012695,21.036113798777052,23.766788244083962,32.46562240809553,41.972666922232925,41.69205236074934
AWK,2009-07-09,12.610059095154808,12.37793011974142,12.480340957641602,18.733484282065437,23.77707890628667,32.443178518436014,41.800253085852766,41.69316571659678
AWK,2009-07-10,12.596400856369016,12.432544096306339,12.562263488769531,18.31292044825459,23.707407382392955,32.424733538044485,41.80614147765401,41.67216814952034
AWK,2009-07-13,12.801217437431772,12.446196694637274,12.76025390625,18.72335938449249,22.023273295872734,32.4805975417527,41.61429308378787,41.27671459527353
AWK,2009-07-14,12.944594394352398,12.603228491941744,12.924113273620605,16.501488946476513,22.107822199338173,32.517245080750584,41.61754391635833,41.265380102918705
AWK,2009-07-15,13.019693181490052,12.521299357963944,12.596400260925293,18.238064677647316,22.49568536993228,32.75548642431147,41.45325114392413,41.13645518082221
AWK,2009-07-16,12.739779023006683,12.336967038602923,12.691987991333008,18.168736888244734,22.545113760702854,32.5757779676695,41.05544537939888,41.06361370842266
AWK,2009-07-17,12.80122519631114,12.630542193693659,12.77391529083252,17.825718055186744,22.167148204337074,32.39761666417011,38.52250918673234,41.03982004152002
AWK,2009-07-20,12.88997448384466,12.698810432940231,12.876320838928223,17.81659512678887,22.210641525170217,32.126626942226615,38.290850530701064,41.04053020894963
AWK,2009-07-21,13.040177627658192,12.794393763192714,12.855839729309082,17.180766899272637,22.194538520381634,31.557613334985607,37.55982700057451,41.03166145419485
AWK,2009-07-22,12.999217695394625,12.787569841218584,12.869498252868652,16.833480670936066,21.73414512130779,31.55550187169484,37.480446360696554,41.017967988643214
AWK,2009-07-23,13.224513055755816,12.814873792233776,13.149412155151367,17.234166105932854,22.028274415712524,31.07804772881615,37.56825175117516,41.05661144455784
AWK,2009-07-24,13.292784339430167,13.006037003343192,13.217684745788574,16.669285071834285,21.950430997888994,29.629187923248747,37.561994335238644,40.83612352269249
AWK,2009-07-27,13.381548539778926,13.128937106432138,13.347411155700684,16.841962437435257,21.437206759714336,29.501457534728832,37.36394771512605,40.82148235865038
AWK,2009-07-28,13.538575172424316,13.245000211345864,13.538575172424316,16.815419239595453,20.965451048832517,29.48100814110015,37.242340877669314,40.749764227963574
AWK,2009-07-29,13.531745452163047,13.272307914589723,13.483954429626465,16.633702685951032,21.00334596985021,29.45216637317593,37.15780266511459,40.70621342683808
AWK,2009-07-30,13.593188071509227,13.326923124653685,13.361059188842773,16.972318103440447,21.128775059512904,29.448315688131014,37.171692322800766,40.6479497215428
AWK,2009-07-31,13.511261940930854,13.326924056127933,13.456642150878906,16.86436992290726,20.454015782833917,29.42050211072476,37.11820904558892,40.63872265000947
AWK,2009-08-03,13.613675117492676,13.333755128957238,13.613675117492676,17.090320699621792,20.487271540534465,29.42673760111678,36.761270847489705,40.65417588417779
AWK,2009-08-04,13.81848715690872,13.429330360888892,13.647804260253906,17.086047817815555,20.386357223270874,29.399711557844167,34.880779604785126,40.62442829394864
AWK,2009-08-05,13.777518696283368,13.272297659234573,13.654626846313477,17.09355552033953,20.3641425570531,25.85750892186105,34.17490304824703,40.45588397375732
AWK,2009-08-06,13.87311112628802,13.306443737049937,13.51809024810791,17.36727754135225,19.951729456053616,24.903562093248453,34.19549660078611,40.450891010759726
AWK,2009-08-07,13.763879191065106,13.579541209402446,13.743396759033203,17.594803415024746,20.014211664400417,24.13333037035796,34.17564986263187,40.48357664078757
AWK,2009-08-10,13.961866265433645,13.572708033467087,13.914073944091797,17.457416730319032,20.100797207227767,23.998482897867433,33.98861021499959,40.49974192093427
AWK,2009-08-11,13.995999708709556,13.654633862155665,13.804834365844727,17.537149881760783,18.941076796631855,23.85034215673012,33.90808791347064,40.362945342406235
AWK,2009-08-12,13.48395316057814,12.767085285582334,13.333752632141113,20.3095320942663,20.43409756710387,24.510223343776715,33.50054797830067,40.50948085504767
AWK,2009-08-13,13.244994527388187,12.801219189268354,13.204030990600586,20.536236522941117,20.571209715589884,24.371637356910934,33.27560117703137,40.46994891692622
AWK,2009-08-14,13.314470627153897,13.148815098550909,13.210935592651367,19.829750213750078,20.563502360164208,24.370624161757192,33.26668934648204,40.46689249692194
AWK,2009-08-17,13.286861419677734,13.114304777863737,13.286861419677734,19.663274782847687,20.482434050457424,24.263250546547084,33.01366107580388,40.45658743783468
AWK,2009-08-18,13.424904141061159,13.210933007036367,13.383489608764648,19.163864484857562,20.474639433862134,24.264593358599583,33.007860177976376,40.41738619248327
AWK,2009-08-19,13.749307533384917,13.231637824020277,13.707894325256348,20.173135049930067,20.458405781596333,24.54324641674083,32.30975154326611,40.32911087206301
AWK,2009-08-20,13.88045201624996,13.583654481599813,13.852842330932617,20.10593849643964,19.281764275669097,24.58351501134232,32.32476783043381,40.343359658175515
AWK,2009-08-21,14.011599442676246,13.700998262815597,13.866652488708496,20.096728623027936,19.082335013081014,23.808891138485198,31.44863372405474,40.34352791559071
AWK,2009-08-24,13.942569637442192,13.7216961496266,13.790719032287598,19.900945657179843,19.156699208523996,22.3031259898341,31.453867094107757,40.346257330073456
AWK,2009-08-25,14.066814655478959,13.694093052191775,13.970183372497559,19.908547441604753,18.16277743071388,22.359950631599446,31.465100186070515,40.35949876009706
AWK,2009-08-26,14.142737795882757,13.873549939857167,14.12893295288086,18.15176253565991,18.06635714865718,22.385130672723374,31.37887339885306,40.3690194986987
AWK,2009-08-27,14.059907638174316,13.8390341582895,14.05300521850586,18.307645356248745,18.096292501590643,22.384522788511585,31.355456409091413,40.36923768515601
AWK,2009-08-28,14.149640614353153,13.804527428637224,13.949474334716797,18.545357999707594,18.042673154480624,22.412446384463188,31.36656397896426,40.3357468536392
AWK,2009-08-31,13.9701797657239,13.742405145714896,13.87354850769043,18.636277087842082,18.076239489908122,22.363941827728535,31.372874667240367,40.163085240597525
AWK,2009-09-01,13.990889544676913,13.618166654072647,13.776918411254883,18.803823268760027,17.8595821468194,22.346116042261816,31.33904945790718,40.16377626249435
AWK,2009-09-02,13.852847218821227,13.46632070351082,13.728606224060059,18.876741655136577,17.73895912629498,21.773051507094312,31.313679443633806,39.95074109500748
AWK,2009-09-03,13.873548785987614,13.514630796803344,13.652676582336426,18.07712889488576,17.513819151860393,21.77654619512547,31.27299523420004,39.912378862981726
AWK,2009-09-04,13.77001917885362,13.556048016325239,13.673386573791504,18.03912228761079,17.220434016876492,21.718518313111137,30.88519705297784,39.84347976984627
AWK,2009-09-08,13.797622680664062,13.604358855306577,13.797622680664062,18.01028145598311,17.29065601941249,20.56618023416309,30.316619382871153,39.85286622712044
AWK,2009-09-09,13.770018170055415,13.611265086406041,13.735506057739258,17.63945431245072,17.151060814643312,20.5474328621054,30.255396537657454,39.83570446856628
AWK,2009-09-10,13.804528145013588,13.645776387306507,13.763114929199219,17.59171306604949,17.035025768094155,20.368832566971385,29.776787784069636,39.78256136977278
AWK,2009-09-11,13.825231738041353,13.611260660760422,13.680283546447754,17.462865565246553,17.106466959830936,20.39674224665,29.778497621602313,39.78703584296358
AWK,2009-09-14,13.790724120942636,13.638874776258966,13.735506057739258,17.38800009244497,17.016156730138505,20.11771442657892,29.757136406094897,39.788727966629324
AWK,2009-09-15,13.928773609585821,13.714803722821424,13.921871185302734,17.498443792872074,17.196652782770684,20.206832814859148,29.793243212520377,39.65342823216203
AWK,2009-09-16,14.122037669281696,13.804534018771372,14.10133171081543,17.839904561078033,17.350227395755205,20.271043233303786,29.46734223738127,39.67269402156895
AWK,2009-09-17,14.149644309274352,13.963282824362294,14.135839462280273,17.843217761617243,17.35079078097968,19.98934185317002,28.633175487257617,39.60876625228999
AWK,2009-09-18,14.122032994493903,13.956378799085172,13.977086067199707,17.91462419370283,17.51350972296623,20.003532010317603,27.900447321192445,39.590162265485084
AWK,2009-09-21,14.066812870520307,13.804527428637224,13.949474334716797,17.323932208025496,17.371155150871942,19.950024103728108,27.86825101451243,39.570593829910834
AWK,2009-09-22,14.0184964933299,13.694090589864668,13.852842330932617,17.07822027940289,17.225915848960863,19.613334376935875,27.647991347170038,39.538835829435456
AWK,2009-09-23,13.942571399072403,13.804525616308457,13.87354850769043,16.9247119567174,17.12667095434486,19.220741672909796,27.64850975429583,39.503630987250936
AWK,2009-09-24,13.908064240960519,13.63197389375462,13.6871919631958,13.988337852220347,17.289749653148554,19.36918737910318,27.557354895604185,39.50600916017653
AWK,2009-09-25,13.714795951863017,13.542239392066817,13.625065803527832,13.7220698807856,17.323826244298353,19.39080610889972,27.54495522670809,39.45776554094614
AWK,2009-09-28,13.970186838781519,13.645780796493382,13.921871185302734,14.95064569206076,17.421380743949317,19.193892219264765,27.49842226108914,39.27247908186234
AWK,2009-09-29,13.963279223026014,13.78382020789613,13.935670852661133,14.903943416130213,17.298424970727808,19.14440951110835,27.019626918055444,38.97517759366808
AWK,2009-09-30,13.935671531011888,13.597460749439342,13.763114929199219,15.34186090161416,17.239747186499486,19.195091825022807,27.025018275042495,38.4075811111058
AWK,2009-10-01,13.797620302612138,13.583650569042387,13.645771026611328,13.932180274187775,17.36402269788595,19.243162834571383,27.02296224039934,37.88095945042055
AWK,2009-10-02,13.618165134563887,13.190225548473913,13.480120658874512,13.977089188224182,17.522923125407267,19.028782012798303,26.937898139983695,37.90007413404795
AWK,2009-10-05,13.521530340668331,13.376582165049921,13.424899101257324,13.994841320642045,17.522319803959032,18.956684578244833,26.934321914078268,37.89030080723296
AWK,2009-10-06,13.576753020005503,13.411098845898195,13.4594144821167,13.968958499086852,17.26217595494156,18.95073765014381,26.931263872498945,37.83318382382802
AWK,2009-10-07,13.590560423850063,13.411101372301461,13.51463508605957,13.438422763278846,17.09823184690454,18.215109608943315,26.820276795463293,37.8319863220008
AWK,2009-10-08,13.611262772343252,13.487023138634598,13.583654403686523,13.055580387264442,16.20650195228957,18.217177541012873,26.82279493931648,37.72603490826909
AWK,2009-10-09,13.65958309173584,13.521537264884032,13.65958309173584,13.144447360531561,16.178605830309174,18.22193485738654,26.8271341311508,37.673897107559554
AWK,2009-10-12,13.87354850769043,13.652676308469838,13.87354850769043,13.829910298813038,16.409916052303693,18.353121696657688,26.887876087512495,37.642297656863
AWK,2009-10-13,13.921867555852174,13.783821739184825,13.83903980255127,13.758098833848672,16.37011117468388,18.306065975730903,26.78411762135816,37.192798920922755
AWK,2009-10-14,13.901155727445579,13.652675182074047,13.680283546447754,14.017227074274812,16.5683093398327,18.408120578725367,26.812779792575043,37.18405332971541
AWK,2009-10-15,13.776916619747889,13.5491419883874,13.638872146606445,14.00813794241543,16.5892619696686,18.058093688774115,26.787884211400737,36.76362253056539
AWK,2009-10-16,13.80452363802406,13.569846630857494,13.770012855529785,14.192417224051942,16.131522836943542,17.326087455568647,26.811714111026557,36.735258432433035
AWK,2009-10-19,13.839040996216161,13.590560347886093,13.742409706115723,14.2025921822952,16.114824142675957,17.175700684450064,26.70825589074475,36.54421597201753
AWK,2009-10-20,13.776922881097908,13.631975920948417,13.714803695678711,13.961530517608656,16.010623015175586,17.183605511934903,26.654140316074937,36.402682389787024
AWK,2009-10-21,13.832135576928561,13.625066898628939,13.652676582336426,13.962286318080267,15.781565421220318,16.542270128349887,26.586056071724904,36.40383891071563
AWK,2009-10-22,13.790724120942636,13.625069931332503,13.735506057739258,14.06657328185168,15.802826830451055,16.412729607490842,26.57351403736985,36.213823110308226
AWK,2009-10-23,13.79762595040311,13.438707896755718,13.452512741088867,15.217032572289426,16.274830687307073,16.7405743821789,26.67548478141923,36.25586756688965
AWK,2009-10-26,13.56294969610404,13.183325669133918,13.30756664276123,15.435686986432916,16.360227838172204,16.706807789552464,26.58233603748436,36.04393182327669
AWK,2009-10-27,13.29376176080966,13.08669303316939,13.155715942382812,15.084551641416022,16.333650405985527,16.810606303097455,26.583730434904044,35.73017017889632
AWK,2009-10-28,13.286860990623854,13.100499507521999,13.148815155029297,14.436943294253462,16.321092252726412,16.569228212105862,26.577682319809277,33.65461318577475
AWK,2009-10-29,13.300662309440817,13.093593610974612,13.259247779846191,14.706510049668644,16.423399957593805,16.490468158654288,26.594748728274475,33.465318850452654
AWK,2009-10-30,13.348979874855768,13.052182285678642,13.093595504760742,14.780157729801823,16.49409611648257,16.415233839050714,26.60901543457411,32.89496295363327
AWK,2009-11-02,13.286860349529633,13.093596452322814,13.141913414001465,14.877524215656788,16.13268495834512,16.214060292476166,26.589338326406438,32.8330462829054
AWK,2009-11-03,13.390390981959417,13.16261633817952,13.34207534790039,15.595195402902585,16.23846214697909,16.37715389944748,26.61243678173549,32.867875788793214
AWK,2009-11-04,13.590559386466774,13.30756664276123,13.30756664276123,15.57761534899761,16.17457785825036,16.285810208134205,26.592606504820782,32.85937978493774
AWK,2009-11-05,13.535337854034239,13.348976441345345,13.521533012390137,15.9208656952663,14.893414521618764,16.407660824544326,26.660601334303635,32.72193514523753
AWK,2009-11-06,13.66648196455246,13.43180488716196,13.50082778930664,15.87658784273398,14.751922576177229,16.411133791198203,26.510704080070234,32.59420916615732
AWK,2009-11-09,14.184154697989714,13.625071576006142,14.149643898010254,20.06598501045642,17.570102921073925,17.915994186780722,26.94632801982252,32.85567550489648
AWK,2009-11-10,14.197959771498306,13.88045619380442,13.901162147521973,20.75041382139821,17.96142896545321,18.163217228476967,26.825418151029734,32.90333288364397
AWK,2009-11-11,13.997794094027354,13.73550728303675,13.742409706115723,20.701801976955608,18.082050515609478,18.269545145759245,26.479340103001086,32.87427857015331
AWK,2009-11-12,14.135840316642977,13.70099814206921,13.990893363952637,21.173047395014454,17.787017765652376,18.470540889173137,26.55801327860607,32.61494232834493
AWK,2009-11-13,14.287693508160169,13.818339131941908,14.004700660705566,20.808779062015805,17.66087694739718,18.451297304305907,26.1236893430425,31.1080176957455
AWK,2009-11-16,14.367367324462082,14.025619432705259,14.241827011108398,21.21678904712823,17.98561447848096,18.52603968648257,25.24510957512925,30.587246946401297
AWK,2009-11-17,15.092705160358488,14.26274679988175,15.08573055267334,26.645061181011286,21.4128060753349,20.47573592052783,26.011353312867726,31.11715473453619
AWK,2009-11-18,15.204295194327356,14.897420458560894,14.94624137878418,26.913317690330967,21.390223088670535,20.501138645393663,25.986878816767682,31.075975726599964
AWK,2009-11-19,15.134560237941415,14.737015386305217,14.974146842956543,26.911469844106396,21.285692714880653,20.44929930668881,25.960898346067225,30.903654968261336
AWK,2009-11-20,15.071791222161123,14.757940349543015,14.84860897064209,27.111243633413235,21.333356761599713,20.507327262192597,25.95439336398173,30.84135831556591
AWK,2009-11-23,15.036918163941804,14.820710524066637,14.84860897064209,26.848517833094554,21.264008075428602,20.287998286532112,25.93109014054955,30.325892914825626
AWK,2009-11-24,15.336818078515325,14.848607291107053,15.23220157623291,27.63235037100226,21.79988678942678,20.57809262000665,26.062539396395714,30.24413349713869
AWK,2009-11-25,15.434457886692686,15.085735372639096,15.350765228271484,27.302111172421835,21.762364033443237,20.44077603680427,26.05636481272122,30.24740945449455
AWK,2009-11-27,15.413535387222796,15.036914433514927,15.350765228271484,27.249891248721585,21.73760812846923,20.44321967592454,23.88801539608191,30.03575765324722
AWK,2009-11-30,15.539068814551197,15.218243552146367,15.511170387268066,27.265758605798307,21.751080877398607,20.44538144317969,23.320510565723247,30.040271098080733
AWK,2009-12-01,15.643686580017956,15.462350778144524,15.539070129394531,27.21556139444774,21.750819595175106,20.433445910005187,22.782722508423365,29.387360292170467
AWK,2009-12-02,15.69251462408603,15.232200968201182,15.399587631225586,27.42708474931805,21.820478782329342,20.39325863089482,22.69856508531825,29.39752203240962
AWK,2009-12-03,15.483278981045325,15.162453600722973,15.204299926757812,27.747622247999427,21.987778942772003,20.449053557996503,22.646351661885138,28.74965269274894
AWK,2009-12-04,15.441431324739767,14.974143138160118,15.204299926757812,27.756390954487248,21.99040193094568,19.976990619641168,22.64234537649824,28.748595996386335
AWK,2009-12-07,15.343782933209402,15.12757545526255,15.176396369934082,26.848362068313875,21.94441828540063,19.96469297490905,22.52254914665941,28.730731632740646
AWK,2009-12-08,15.197322775844578,14.883472084865767,15.064807891845703,26.70061324930675,22.017802968237504,20.003253383919503,22.545180411685394,28.653916096935156
AWK,2009-12-09,15.225221890580999,15.064809885197645,15.16245174407959,26.29229569474994,21.901976096019673,19.99242653144385,22.48588170833342,28.635958967206186
AWK,2009-12-10,15.483272401073913,15.106651636001827,15.176396369934082,26.27053009249475,21.773149816110585,19.98608491516955,22.474800533356312,28.634657838069195
AWK,2009-12-11,15.392609596252443,15.176402037562857,15.392609596252441,26.392245150078924,21.93263683699461,20.083818031858733,22.52759884330655,28.667588308518383
AWK,2009-12-14,15.483271651396157,15.225216547422516,15.4065523147583,25.898123777066605,21.772507273192907,19.83345763088944,22.52297511934215,28.630477542022874
AWK,2009-12-15,15.476300128143123,15.267065894798385,15.385631561279297,25.96867865823714,21.768506762699992,19.830450099373703,22.064864906312014,28.61078538612404
AWK,2009-12-16,15.6925063202288,15.371682385100506,15.56696605682373,25.875031745036704,21.790255689434,19.853501559087068,21.192485142033522,28.59874136683495
AWK,2009-12-17,15.832001436364129,15.490252228585573,15.720410346984863,25.802558294972265,21.849463324861766,19.79402841765713,21.203269702503672,28.32076349979935
AWK,2009-12-18,15.880820345557574,15.58091883226168,15.629739761352539,25.81052499695073,21.670188522409816,19.80835615588473,21.201779604765093,27.860051784258445
AWK,2009-12-21,16.062156363101494,15.636714552726922,15.818050384521484,25.818119300724423,21.714565038370782,19.80367704137901,21.2239093100781,27.836221828671302
AWK,2009-12-22,15.908716813998558,15.43445409844583,15.490249633789062,23.710154848084475,21.866876564159394,20.106373834035963,21.379115619166946,27.556967942225878
AWK,2009-12-23,15.58789125966527,15.350759925600338,15.518146514892578,22.88752903463483,21.866259212259187,20.03996576136267,21.337031111555284,27.5540190064898
AWK,2009-12-24,15.692502633886724,15.518141493510203,15.622757911682129,22.44400343032185,21.68483229064573,20.057522006179923,21.31370350604807,27.539237766121826
AWK,2009-12-28,15.671583640299502,15.497222446271945,15.580916404724121,22.147903100556885,21.594488342348647,20.0673176061462,20.978017155699376,27.53271020462058
AWK,2009-12-29,15.755289595606225,15.650673065583574,15.671595573425293,22.142732407797965,21.39523373204372,19.99636536837993,20.969551781403265,27.249469182751305
AWK,2009-12-30,15.818051245881964,15.657639231037617,15.72738265991211,21.794878700367416,21.35161475427461,19.8533310832229,20.938794926718973,26.600413847670257
AWK,2009-12-31,15.880820345557574,15.601842657702283,15.629739761352539,14.67326430256875,21.428802861054773,19.81038778306637,20.290600613366042,26.030757756767585
AWK,2010-01-04,15.943601478913854,15.629750532371666,15.797137260437012,14.574748721907108,21.491821313193814,19.813488432980776,20.302830607018933,26.027589726607776
AWK,2010-01-05,15.978464340323423,15.755282160196053,15.957540512084961,14.76994636911218,21.541094558868114,18.997352481204423,20.224793135235224,25.86169651559633
AWK,2010-01-06,16.14584569448008,15.9226635873505,16.041229248046875,14.449927888429182,21.53924189501934,18.913836468978754,20.227835021836693,25.865757784186105
AWK,2010-01-07,16.145847961286645,15.97148674932832,16.07610321044922,14.429990905973705,21.3718168399488,18.91248848969587,20.063521432628008,25.755273797668384
AWK,2010-01-08,16.166769515874837,15.915688980218915,16.041229248046875,12.752326782490794,21.368764957613156,18.914018262722767,20.064758096662175,25.745178262463973
AWK,2010-01-11,16.578263834714594,15.999384682295489,16.201642990112305,12.858027701318386,21.22076036936349,18.93838995174717,20.079067927906618,25.642135978386232
AWK,2010-01-12,16.21559285912457,16.041231645585597,16.12492561340332,12.988634213865222,21.24385095926824,18.63376623718232,19.937747130049424,25.272875181219074
AWK,2010-01-13,16.264414477947316,16.041232327966718,16.194669723510742,12.749864173082956,21.199489201493225,18.584351092078258,19.89084551157764,25.25016824222709
AWK,2010-01-14,16.14584647391521,15.957536063082648,16.027280807495117,13.20124904666065,21.348134078169025,18.680819176155484,19.909010776572615,25.25591573268333
AWK,2010-01-15,16.0830777514258,15.643688084443944,15.762253761291504,13.87697410358219,21.69108600841855,18.86995586958098,19.812528865749492,25.226233028303707
AWK,2010-01-19,15.908711388575144,15.692503929138184,15.692503929138184,13.371686545985021,21.689674665206386,18.79960383177977,19.61007918845519,25.226570801486442
AWK,2010-01-20,15.762248298511384,15.490243998677405,15.657631874084473,13.402427141887369,21.695211636474145,18.73646250820588,19.615105506339717,25.223205512276902
AWK,2010-01-21,15.7762054714786,15.406559166336038,15.42050838470459,14.189091013361763,21.472280720693277,18.887431842271475,19.714752471864845,25.189548211391223
AWK,2010-01-22,15.469325520671262,15.092704698812947,15.385631561279297,14.017647599927669,21.320116969349737,18.847401919939006,19.46569702184558,25.186475255064433
AWK,2010-01-25,15.60185171025468,15.315897917731688,15.448412895202637,13.949315653183927,21.124533465651446,18.825246473197375,19.441717421552717,25.18677905278165
AWK,2010-01-26,15.469325740772577,14.91834371508932,15.357734680175781,14.075656058153168,21.18774288109135,18.814035377736683,19.42210515196779,25.19291419005577
AWK,2010-01-27,15.483274955914771,15.169424266567297,15.357734680175781,13.458405414630995,21.159679876552797,18.80043615491288,19.415618268429547,25.116278381564467
AWK,2010-01-28,15.413539980205556,15.064817362238331,15.106663703918457,14.26754383987629,21.29303175372778,18.978496613019633,19.34514933492368,25.16914341774616
AWK,2010-01-29,15.357738672670088,15.043887901731996,15.204299926757812,14.412527599699294,21.307727194548352,18.99792909097298,19.304529067198096,25.15432509936724
AWK,2010-02-01,15.469327571770124,15.225221598970103,15.441429138183594,14.724810490894644,21.31700367403923,19.093906378573127,19.3727744918413,25.199653803796586
AWK,2010-02-02,15.629740766462195,15.364712278523983,15.413533210754395,14.415541400811502,21.30973421659687,19.07840252468964,18.97506271716339,25.11750475491273
AWK,2010-02-03,15.59487247467041,15.183379769460704,15.59487247467041,14.761412475341384,21.212212309997444,19.151309911864363,19.009595011055385,25.10413802188755
AWK,2010-02-04,15.553018156225304,15.169424057006838,15.169424057006836,16.335738904267664,22.076165194367668,19.6615548007641,19.317983448213514,25.20244632335264
AWK,2010-02-05,15.287994011631334,14.883475976526292,15.120607376098633,15.265689857994206,20.005706837529726,19.6671343533704,19.32337380217774,25.189558560653857
AWK,2010-02-08,15.26009119159911,15.015986582967065,15.071782112121582,15.260775606132931,19.640528257089727,19.575123958591906,19.301946280633615,25.18508511793757
AWK,2010-02-09,15.27404600390715,14.904400986646717,14.925323486328125,15.28661874788845,19.595616696399993,19.55042679791398,19.33854695798039,25.117284179167726
AWK,2010-02-10,15.071790351702482,14.785837942174773,15.043891906738281,15.523346244195482,19.340416543050786,19.583032197765828,19.161335008675838,25.10310758092093
AWK,2010-02-11,15.294974445716857,14.925327986726968,15.218255043029785,15.832087628526228,19.455445682564104,19.564578379114455,18.80123218060911,25.122515138781843
AWK,2010-02-12,15.455379486083986,15.029937654647004,15.455379486083984,16.490759246328487,19.412366094012942,19.69582527464546,18.791278609629966,25.16481187624855
AWK,2010-02-16,15.63140830788534,15.48354294142556,15.575078964233398,16.570849786628152,15.55236431769787,19.682236239199327,18.804903420402685,25.153347685504645
AWK,2010-02-17,15.779269862784624,15.553952523426268,15.638445854187012,16.306558421533403,15.43245902185388,19.687520808548115,18.471662504185645,25.140756225922345
AWK,2010-02-18,15.863770250825878,15.60324614397618,15.849687576293945,16.51788515237227,15.648063320430131,19.639209716849493,18.452913677227386,25.14029316718464
AWK,2010-02-19,16.18766186948808,15.807439101272246,16.11020851135254,17.135924012892527,15.83515357302813,19.755242696922963,18.5082931678559,25.176546759168843
AWK,2010-02-22,16.194710869407146,15.948269348446953,15.976434707641602,17.29777749968132,15.957454179430176,19.558636736536453,18.479232367968915,25.19052817120405
AWK,2010-02-23,16.032750438162058,15.715897131875414,15.807433128356934,17.553300129930204,15.314124893005449,19.651317948529847,18.526512975284195,25.09555797200496
AWK,2010-02-24,15.884892153092053,15.575081386326202,15.673657417297363,17.413676154459328,15.352831771344114,19.59089474270194,18.451250772282634,25.000227994919133
AWK,2010-02-25,15.729985359898478,15.377926603129037,15.708861351013184,17.40448059312124,15.357550532566162,19.527421897958583,18.396247972720317,24.83795395136978
AWK,2010-02-26,15.744069443561493,15.553957375547654,15.673657417297363,17.33830216869578,15.223508164784159,19.414203313667546,18.305755500971802,24.538625986078692
AWK,2010-03-01,15.765191868171497,14.589315479590296,14.842798233032227,23.131102143018165,18.892015613878936,21.335792868306502,19.365461622325363,25.1547137127693
AWK,2010-03-02,14.842799009353673,14.356957487511611,14.610440254211426,23.0850118006539,19.06817523181166,21.49970791212366,19.463103986734886,24.88333452264709
AWK,2010-03-03,14.835755179055813,14.61043779896345,14.730137825012207,23.282406259968166,18.99308206414256,21.52513175994699,19.43419583041556,24.191135541738376
AWK,2010-03-04,15.025870312589756,14.723099517193965,14.962499618530273,23.84440396687703,19.280348218308117,21.64289902144954,19.48283107922634,24.15611808848961
AWK,2010-03-05,15.11036919837026,14.870970352538972,15.075163841247559,23.61561259468887,19.342758678046458,21.655502358290903,19.497914151091557,24.124364955408293
AWK,2010-03-08,15.117406580178569,14.906171806753742,15.032913208007812,23.61914724562209,19.29199864124353,21.537119529538746,19.471830628869014,24.109187098372878
AWK,2010-03-09,15.046996372910053,14.786472223762742,14.941377639770508,23.62195498280836,19.283187460920413,21.558841135317216,19.48956188798947,24.096318884678233
AWK,2010-03-10,14.927295212518985,14.779429802753615,14.835759162902832,23.64573156696353,19.33239230978924,21.505757090680778,19.51253919908656,24.093670755396825
AWK,2010-03-11,14.849839428746748,14.751263400232745,14.800551414489746,23.645694609781483,19.09730280224345,21.503026687493435,19.516092610264774,24.07647620448719
AWK,2010-03-12,14.885046943650424,14.709017528165447,14.758305549621582,23.207721530394362,19.099755898567345,21.464740308018598,19.51147570380007,24.069245833588983
AWK,2010-03-15,15.004743261845771,14.772384545011844,14.856879234313965,23.21360744726967,19.15879571917893,21.481056882620635,19.471525144248243,22.391868742168505
AWK,2010-03-16,14.962500558988038,14.730141780497787,14.835759162902832,22.696819756128924,18.98696642772303,21.47931453682647,19.40206649156421,21.932665294285773
AWK,2010-03-17,15.018828253162527,14.7723868262222,14.976581573486328,22.909808256701616,18.978481467004983,21.50578656096037,19.399036046548147,21.5532934472957
AWK,2010-03-18,15.13852438326906,14.913207025932543,15.06811237335205,22.697426881056717,19.00154101905464,21.506057069427992,19.382629966462847,21.46789837530003
AWK,2010-03-19,15.06811699429681,14.7512648669972,14.962499618530273,21.35091766772554,18.86260313156863,21.26122382211234,19.40457228835288,21.400928461377138
AWK,2010-03-22,14.920246683770177,14.709010677768001,14.863917350769043,21.411522853759944,18.43698346430234,21.21158786940976,19.30389343074401,21.40951386238825
AWK,2010-03-23,15.258227206314148,14.758303052563503,15.215980529785156,22.488908304866086,19.08213917266938,21.406869582839754,19.45522138816983,21.44059138545693
AWK,2010-03-24,15.335682498588575,15.138529078276004,15.279353141784668,22.30777631357649,19.04892218173381,21.408747831378093,19.37593209614288,21.442683529502435
AWK,2010-03-25,15.356806478976818,15.039954323530392,15.1455717086792,22.369111069807275,19.121650409525788,21.441999956666034,19.411141624547348,21.411264000150513
AWK,2010-03-26,15.215982394768199,14.870964917665354,14.962499618530273,22.38277409790135,19.223981911823284,21.435316911585225,19.456249388666695,21.441052097471324
AWK,2010-03-29,15.103317975367178,14.885040625852852,15.089235305786133,22.03552692304765,19.29677613968782,21.46182352334602,19.465112033743388,21.45447636076781
AWK,2010-03-30,15.187815965630337,14.842798513046441,15.046993255615234,21.892779224513845,19.267543620506224,21.358195496441766,19.392282956725246,21.454647564535918
AWK,2010-03-31,15.349757279490007,14.976575953556623,15.321593284606934,22.550276493933314,19.51212778775592,21.516332732644468,19.448227712655903,21.17634984919759
AWK,2010-04-01,15.490583723030934,15.314554362541944,15.35680103302002,22.173223323201675,19.396020175568314,21.39024779542244,19.188928899938137,20.513316102041795
AWK,2010-04-05,15.60324991135378,15.377932436431399,15.596208572387695,22.117746645185132,19.64033508650725,21.503466040728135,19.249137761306844,20.556771734502295
AWK,2010-04-06,15.645490265104415,15.490584899587654,15.589160919189453,22.01072438037916,19.632627481903516,20.22947056404308,19.23973992760613,20.5422635913178
AWK,2010-04-07,15.532836543800615,15.251189724098486,15.286395072937012,22.506888905243,20.01718472840306,20.276225110352826,19.37744833943849,20.63487377806052
AWK,2010-04-08,15.31456002024023,14.744225057594843,15.032913208007812,22.864542552838483,20.15103627777595,20.374751966345336,19.487796810001186,20.70439394371476
AWK,2010-04-09,15.25118264363614,14.962494619592034,15.223018646240234,23.20043433046509,20.33418909558674,20.278400299979246,19.536880508105472,20.704323609127666
AWK,2010-04-12,15.265272629413197,15.046996508750357,15.173736572265625,23.206716925507205,20.30942336362276,20.288754304132308,19.388715352742018,20.68619351550028
AWK,2010-04-13,15.19485890281829,15.032912164896631,15.124446868896484,16.84348444583852,20.22225184887333,20.13561440578848,19.38754941726513,20.448186376373055
AWK,2010-04-14,15.22301858218008,14.899123884007391,15.096277236938477,16.133671070736337,19.956931418282014,17.947114695782187,19.360208645005333,20.441151073592383
AWK,2010-04-15,15.208935311230436,15.011781966087677,15.089235305786133,15.998387211273938,19.941941180385165,17.885327627425177,19.293516473892485,20.415188976231427
AWK,2010-04-16,15.145571242857434,14.81463642143672,15.117405891418457,15.373253656310743,19.945790985574586,17.885327318119323,19.2861540549991,19.916785170035432
AWK,2010-04-19,15.159655101460789,14.83576024962894,14.941377639770508,15.60271016396492,19.84731286350624,17.93281352295068,19.3067864890789,19.939961551207634
AWK,2010-04-20,15.131491765553932,14.878008921014766,15.103327751159668,15.90680488612797,19.97813964435177,18.013341099320318,19.328940731490878,19.89444311833787
AWK,2010-04-21,15.272313013405538,15.082200915517166,15.237106323242188,15.984155027582766,20.046158063386038,17.60609570863379,19.309516144965787,19.909887511178795
AWK,2010-04-22,15.215976646020957,14.969535300341832,15.089235305786133,16.114144134545626,20.10830107593702,17.62923643404268,19.347151310815832,19.826133385334575
AWK,2010-04-23,15.215978782602965,14.976578738098526,15.039949417114258,16.130429891746147,20.117434474940108,17.63607349189935,19.352456044131944,19.828827480272455
AWK,2010-04-26,15.131482195185766,14.82871150970459,14.82871150970459,16.659726508464797,20.042893864590063,17.690800516420786,19.390022530671043,19.87980979293743
AWK,2010-04-27,15.025872083049213,14.666771888732908,14.66677188873291,16.84513369826274,20.110151814901368,17.765618199636407,19.343291133781573,19.794229153298833
AWK,2010-04-28,15.018824548060458,14.61043649727812,14.955453872680664,17.801397007941333,20.2635149916433,17.995831669417594,19.42395918194037,19.852349436420987
AWK,2010-04-29,15.293427194285867,14.93432721196322,15.27230453491211,18.612021302018825,20.734300013933986,18.19628799125953,19.550258548403118,19.929161307999234
AWK,2010-04-30,15.455384845167513,15.215984707444793,15.335684776306152,18.570992594811873,20.60730520436374,18.207902204450082,19.098445900897374,19.787052221434
AWK,2010-05-03,15.490582314218901,15.251182298286642,15.448335647583008,18.525042030890805,19.855324841043515,18.2412676337567,19.072551800403108,19.650334511943075
AWK,2010-05-04,15.511708381098865,15.173730974090423,15.490584373474121,18.386031236523706,19.84764617298277,18.205217046101392,19.07377218811303,19.651056983382603
AWK,2010-05-05,15.518752223011044,15.251186788546596,15.497628211975098,17.158356920801598,19.833165364284156,18.178249248924445,19.065113411291325,19.650327985832316
AWK,2010-05-06,15.54691242919084,14.673806998013148,15.06811237335205,19.025404040791383,20.579371376692663,18.725489995991715,19.354946851357234,19.679591551649516
AWK,2010-05-07,15.307512023400205,14.434406613775423,14.582270622253418,21.094696349511246,21.589083742894307,19.29147122172011,19.556613323027953,19.942974873992572
AWK,2010-05-10,15.44833791342525,14.962496475362414,15.441296577453613,26.79779985358518,24.513153902364603,21.360716015497772,20.649588127582703,20.703455559881338
AWK,2010-05-11,15.476503173678882,15.187815090338013,15.244144439697266,26.997415927509238,24.448984212957793,21.457304362888898,20.710777152868705,20.744692355127235
AWK,2010-05-12,15.384970517917267,15.138529078276004,15.279353141784668,26.98632970021706,24.398998061344397,21.37732328978781,20.69943136197391,20.62606646868008
AWK,2010-05-13,15.582119219251236,15.194855143002721,15.314555168151855,26.476042770939976,24.388172624182808,21.32111843256784,20.6482233264205,20.594519941065855
AWK,2010-05-14,15.286115531804594,14.987502988102454,15.200797080993652,26.55281899797898,24.259758346125317,21.333786260039645,20.629501092098934,20.60916766991676
AWK,2010-05-17,15.392770707555217,15.001730878706573,15.136817932128906,26.144145468149976,24.008786885690252,21.25173303971216,20.62533658528329,20.355416552439788
AWK,2010-05-18,15.36432494305981,14.831088321966192,14.873746871948242,26.57829477942369,24.20134547839955,21.174784006732104,20.71405144089063,20.43644921793951
AWK,2010-05-19,14.909292944422592,14.447154887972626,14.681778907775879,26.254900107124318,24.245383768045418,21.265538737237158,20.762935151663076,20.48038497785797
AWK,2010-05-20,14.60357695146297,14.162767333052876,14.184097290039062,27.627878877735,25.146281630449202,21.90324325482767,21.150387807975196,20.782428541942316
AWK,2010-05-21,14.283632278442383,14.020568271962315,14.283632278442383,27.420056243504266,25.19659252206789,21.93776910002224,21.16121685519642,20.77505675752095
AWK,2010-05-24,14.560915323682663,14.198314234142,14.255192756652832,27.418014839835752,25.19636525978161,21.912305774355392,21.151760422035657,20.77245849022554
AWK,2010-05-25,14.262304668725031,13.800166441364999,14.22675609588623,27.415765450645857,22.65930100293946,21.90099818440223,21.152860823464557,20.63972218174157
AWK,2010-05-26,14.43293867227003,14.155656037562222,14.219644546508789,27.41937472697137,22.4405221301449,21.88508333839177,21.126935296007083,20.387677487512363
AWK,2010-05-27,14.461375930361218,14.290740390179138,14.418717384338379,27.802535221603037,22.565181648831253,21.93494346825694,21.181798595973163,20.370158951401766
AWK,2010-05-28,14.624897891787167,14.290736877251565,14.461372375488281,27.81582558611573,22.32926340394799,21.872826470792745,21.183187126996728,20.370217631528543
AWK,2010-06-01,14.496923568689652,14.219641003078625,14.233860969543457,27.973833632969768,22.481355361827255,21.976229889681047,21.256127752136557,20.23108937369277
AWK,2010-06-02,14.404496604280403,14.219641107156491,14.376056671142578,27.942514008992685,22.588089979848565,22.041035432253157,21.282531847873532,20.19933183796432
AWK,2010-06-03,14.546694156845373,14.326290069766427,14.51114559173584,27.960325818788256,22.65343498885159,22.102846901643854,21.2520298717049,20.19687218110734
AWK,2010-06-04,14.31206918681015,14.06322653476166,14.162763595581055,28.637441840058415,23.137084687771576,22.338321084161255,21.3959287373581,20.302359759970198
AWK,2010-06-07,14.368947701005627,14.148543628009499,14.162763595581055,28.64162920272327,23.135180764342383,22.332630734769612,21.393991229031563,20.298277126108996
AWK,2010-06-08,14.368952751159668,14.098780052798158,14.368952751159668,28.787105934371148,23.33843838086511,22.455140588552574,21.419351061542123,20.264368650694934
AWK,2010-06-09,14.41872085276396,14.226755315347756,14.290743827819824,28.665790057322056,23.31301245241265,22.41735744338402,21.42818255748839,20.233039275178154
AWK,2010-06-10,14.539588690013952,14.16276757990349,14.22675609588623,28.021248596791114,23.325823669632527,22.285580215111896,21.41869393725028,20.171550468051205
AWK,2010-06-11,14.326292398708281,14.184096759063396,14.290743827819824,27.261549865123342,23.25572193092951,22.295837101220258,21.42427095272393,20.109312289075774
AWK,2010-06-14,14.82398128912939,14.326293134580816,14.688894271850586,28.543365133239735,23.92901520021809,22.746215734481247,21.604028893513696,20.288228863125855
AWK,2010-06-15,14.880863297691867,14.710227667810697,14.831094741821289,28.612884845365034,23.976160126934325,22.682086011268492,21.623528361710278,20.276452860174413
AWK,2010-06-16,14.916408368870758,14.632015719320009,14.85241985321045,28.599262915203944,23.94019605320788,22.68190946600434,21.47797359279939,20.257374609614867
AWK,2010-06-17,15.023053183768164,14.767100515708314,14.994614601135254,28.770853263397512,23.525555543788297,22.72549849894209,21.505245014687343,20.276481001676686
AWK,2010-06-18,15.456755638122559,14.887970318522099,15.456755638122559,28.990710991589776,24.3336792685669,23.22146480936511,21.74001464858665,20.46998222277111
AWK,2010-06-21,15.50652881144163,15.179477494097464,15.25057601928711,27.547296933686482,24.425150686884702,23.320051697716924,21.776624025272476,20.519120405908964
AWK,2010-06-22,15.321664435940583,14.994613305423176,15.001723289489746,22.384693652419646,24.53286164882236,23.3194952165018,21.817520658941447,20.590901206484556
AWK,2010-06-23,15.051496867279546,14.795542779447826,14.909299850463867,22.15923264053341,24.502170556045918,23.31585719217536,21.825192440706683,20.60202955567161
AWK,2010-06-24,15.129705650597185,14.774214457871519,14.788433074951172,22.24109578762817,24.550748064298855,23.21296683484421,21.848241940662216,20.614820525037292
AWK,2010-06-25,15.001724674953975,14.624903621169775,14.944846153259277,22.47631132212836,24.357139367819876,23.27678704456918,21.876246582378663,20.60222292020977
AWK,2010-06-28,15.151033255099346,14.86664059089187,15.058606147766113,22.512771655462068,24.406328424961885,23.231903616037926,21.885491919826418,20.564965810297807
AWK,2010-06-29,14.951962008812822,14.674677920097082,14.75999641418457,23.206762682839184,24.509063800009702,23.034295871033432,22.01241879266437,20.646310238324485
AWK,2010-06-30,14.887973431092078,14.582250749356405,14.646239280700684,22.763954021553083,24.548582573244868,23.060138676327842,21.959692948868724,20.64598295545858
AWK,2010-07-01,14.681782723052129,14.219644546508789,14.219644546508789,24.024659024934426,24.9513293311307,23.518948054860232,22.23991325532046,20.86303888516744
AWK,2010-07-02,14.404502906103819,14.162768793038692,14.24097728729248,21.83924697016095,24.745966006137905,23.474930878010856,22.19690547375596,20.78698398991594
AWK,2010-07-06,14.504037968253018,14.248085274404266,14.425830841064453,22.066242591616206,24.753733935379742,23.533492098446917,22.24398597722059,20.80470561322404
AWK,2010-07-07,15.001724928793461,14.461378285505335,14.987504959106445,24.624547626834666,26.010853451849997,24.24811268379388,22.66561543093308,21.091775794832426
AWK,2010-07-08,15.07992935180664,14.923513781507987,15.07992935180664,24.63230383613549,26.035150182168227,24.140287059166873,22.67360281836516,21.098592429584944
AWK,2010-07-09,15.122590479805204,15.015943429765658,15.09415054321289,24.62342635753441,26.03314662013037,24.107354157732132,22.67166199058859,21.087791157165444
AWK,2010-07-12,15.16524734273713,14.923513332938416,14.973281860351562,24.521952922009877,26.08512910364178,24.12798774186138,22.686462259435,21.098023935353357
AWK,2010-07-13,15.122587696610722,14.866633738749487,15.01594066619873,24.521318226944462,26.089100077659104,24.031664579344596,22.67862268915259,21.045787346167423
AWK,2010-07-14,15.193693951318188,14.909299916428557,15.129705429077148,24.035504290665717,26.02183160826807,23.91536775176467,22.55132003634013,21.022108895133375
AWK,2010-07-15,15.236346326001273,14.987502324584375,15.186577796936035,23.925291896148096,25.93960330220443,23.893150210894913,22.512737526793337,20.85769609037371
AWK,2010-07-16,15.21502430008132,14.767105949101788,14.816874504089355,25.001055992580586,26.361884619496678,24.1464930865467,22.66668498690329,21.00015124457624
AWK,2010-07-19,15.065710287910834,14.880854788882955,14.973281860351562,23.991831684212343,26.383915230554898,24.177579086709805,22.69608949237186,21.015397372166394
AWK,2010-07-20,15.279007987051948,14.816869807950981,15.257678031921387,24.480191935368445,26.658394926846935,24.36707655623971,22.779172841617225,21.081256127034948
AWK,2010-07-21,15.36432583589852,14.802649244783291,14.923516273498535,25.212055121287502,26.892153448383215,24.61123172937887,22.886073123864318,21.20326308084457
AWK,2010-07-22,15.286115531804594,15.037271519371016,15.200797080993652,25.605152419445094,27.04869572206135,23.22269204908538,22.97899791226209,21.27795913311804
AWK,2010-07-23,15.271894615559692,15.008832007736865,15.172357559204102,25.55823865473138,26.76410941505985,23.08305921932022,22.917921785475997,21.176094489058073
AWK,2010-07-26,15.46386249306808,15.15102995258332,15.442532539367676,25.9448671094985,26.66290995270228,23.213309776575024,23.001815801890107,21.239987995325812
AWK,2010-07-27,15.598954385006671,15.456757361209148,15.52785587310791,24.87213687212111,26.673057719436493,23.10005774280105,22.93825621102319,21.22583921032492
AWK,2010-07-28,15.613173214486904,15.250573375453865,15.321670532226562,25.138686338191224,26.77420985374245,23.173515276203734,22.99763670714223,21.227393298133553
AWK,2010-07-29,15.485195720808576,14.95195897037415,15.10837459564209,25.51615073118869,26.91724223326472,23.27819861211646,22.395456888346814,21.27218112407025
AWK,2010-07-30,15.236347000536032,14.909294521199989,15.200797080993652,25.430732315352746,26.949875586343015,23.276655831284224,22.30184902847046,21.25770253447434
AWK,2010-08-02,15.499412536621094,15.250569833527395,15.499412536621094,24.49609981239636,26.616149962397177,23.446607528009224,22.36819054564294,21.3318250869791
AWK,2010-08-03,15.470972384179044,15.271896885783866,15.328775405883789,24.392293259558542,25.81796511459078,23.51369099845474,22.316367328985173,21.334492710954912
AWK,2010-08-04,15.442535596094668,15.243461413182677,15.342998504638672,23.87777561559397,22.98721470644376,23.508218663191524,22.316350604222507,21.33356694427534
AWK,2010-08-05,16.35258914978378,15.684265561348061,16.082416534423828,27.27971392372137,24.77840339737096,24.630946808683426,22.907087526776955,21.83665031038305
AWK,2010-08-06,16.13929135874677,15.92599595280643,16.039752960205078,27.13936803789337,24.7871755162953,24.63454961838521,21.88703138338833,21.812784844554322
AWK,2010-08-09,16.267273320268757,16.046869201973628,16.068199157714844,27.038755216895566,24.786052190944062,24.595914081623576,21.857625905617773,21.754962045646796
AWK,2010-08-10,16.317041632844685,15.87623208295976,16.224613189697266,27.080542882791818,24.79113992799307,24.622565481705607,21.8845752376902,21.742215269520923
AWK,2010-08-11,16.245943306133995,15.933110762955327,16.153514862060547,26.31933997462322,24.792755046593225,24.604900680552173,21.86679035681395,21.73132818325431
AWK,2010-08-12,16.196170281762825,15.90466777324551,15.982874870300293,26.434614523737732,24.610873388700064,24.643698196924436,21.906058042901684,21.469864659841164
AWK,2010-08-13,16.23173557157795,15.911792802613814,16.110868453979492,24.603259432786576,24.46926359953745,24.402696721677042,21.720739765468846,21.45612577660489
AWK,2010-08-16,16.082144621613377,15.823682509832938,15.866759300231934,25.23283056548909,23.560580712330644,24.524570717736722,21.78041301433329,21.516118297590427
AWK,2010-08-17,16.21855110029166,15.830855996992549,16.031883239746094,25.162090061545562,23.601825357550407,24.53066041761875,21.813607493201737,21.53187050499591
AWK,2010-08-18,16.161115205709883,15.830856256444031,15.98880672454834,22.959555626150376,23.60720247738551,24.451502510808275,21.782781942996323,21.524677264452244
AWK,2010-08-19,16.053421864161184,15.715983238639637,15.859574317932129,23.115677213838467,23.683663407539136,24.458757487113044,21.803914336549862,21.41559136553807
AWK,2010-08-20,15.881113822071308,15.68726627057615,15.852395057678223,23.12308336723526,23.683468610926127,24.453527249469712,21.776957799119508,21.392556474333478
AWK,2010-08-23,16.146758644329815,15.77342285189314,15.794961929321289,22.997742748045923,23.573462078763395,24.298999987530216,21.727410510564017,21.39655611832455
AWK,2010-08-24,15.881110940080921,15.593928825810048,15.759058952331543,23.025022805341614,23.58422994519966,24.300300503499514,21.729391034472016,21.389906975726717
AWK,2010-08-25,16.376500997926634,15.694446742298906,16.268808364868164,24.591865404230553,24.110304456012006,24.696677946575385,22.047872629209976,21.58261193210224
AWK,2010-08-26,16.426754240971388,16.08213733514495,16.29034423828125,24.590507169718258,24.057175702576874,24.69668591064048,22.028754614862038,21.556019689587696
AWK,2010-08-27,16.433935066236113,16.07495875552315,16.326242446899414,23.223578258669193,24.009472739425362,24.487725121698563,22.01811317096819,21.54833509510558
AWK,2010-08-30,16.412398757745027,16.211371513695546,16.225730895996094,23.27300820690594,23.443248394146117,24.354070216412577,22.031805141698456,21.54414190524456
AWK,2010-08-31,16.27598822988965,16.024704503816128,16.21137237548828,22.78116856767403,23.44760568676515,24.28163362280018,21.97120297935137,21.536084913437428
AWK,2010-09-01,16.56316940428628,16.34060443950243,16.5416316986084,22.173508490740527,23.60332723669317,24.470264207081012,22.096673123430516,21.610866363141014
AWK,2010-09-02,16.721112582506176,16.477008649229766,16.699573516845703,21.797773282277817,23.591169191703102,24.499409125402536,22.12189596755604,21.624427479410784
AWK,2010-09-03,16.828808852775055,16.5990642463567,16.75701332092285,21.746045062141544,23.54538726839694,24.498129407907822,22.08420920665555,21.616707254341446
AWK,2010-09-07,16.65650383572185,16.39086072385798,16.4267578125,22.31091957283499,23.993951726792652,24.721955465476142,22.185788820287804,21.715625285897225
AWK,2010-09-08,16.319065184958163,15.909832348945201,16.1539363861084,22.93565627613786,23.72373879701154,24.878561974363247,22.265510186310802,21.76955726558978
AWK,2010-09-09,16.362144030236774,16.110860290781382,16.19701385498047,22.510402200875944,23.665655157432187,24.801080071941815,22.22329470149489,21.764379802039763
AWK,2010-09-10,16.25444213010518,16.139569854014265,16.2329044342041,22.001777300214442,23.666146143437388,24.75061851356421,22.08262881442234,21.764517778647242
AWK,2010-09-13,16.36931601833473,16.153930821798355,16.3477783203125,22.01745337235162,23.635601187996603,24.737490484306505,22.09652327637504,21.763471145041162
AWK,2010-09-14,16.448290798115142,16.261622993632024,16.354957580566406,21.42109660397852,22.854689315908814,24.680682228333964,22.083288772702556,21.760930840782546
AWK,2010-09-15,16.41239590694419,16.18265130758586,16.405216217041016,21.072549840574133,22.660892526898863,24.674542434250732,22.08300574916849,21.72440036685429
AWK,2010-09-16,16.448300648370537,16.254453038851842,16.319068908691406,21.182776956479515,22.402846360376724,24.577084040749035,22.082911727483275,21.698023335216114
AWK,2010-09-17,16.634961464347324,16.21854901944422,16.613422393798828,17.086159902615844,22.59670697276375,24.647100017343135,22.178131450208735,21.766111662590955
AWK,2010-09-20,16.735472227367037,16.491368270211275,16.64931869506836,17.051548747354474,22.50150867412107,24.473469124935935,22.165551355142128,21.733601130467886
AWK,2010-09-21,16.721122320592908,16.527274724911944,16.555992126464844,17.165878914441553,22.482837164321538,24.28660576561311,22.14269424527399,21.7411513572841
AWK,2010-09-22,16.79291718969478,16.49137692954449,16.685224533081055,17.090550109605314,22.485018616841604,24.306149299176298,22.129839758437985,21.739131675930004
AWK,2010-09-23,16.713940190962298,16.484194165104263,16.5416316986084,17.24933767680582,22.133173016938382,24.329971716622413,22.14673917087839,21.759219832666542
AWK,2010-09-24,16.864709854125977,16.627785502511927,16.864709854125977,17.70677844808929,22.32454916012371,24.507813644260334,22.261478801727748,21.791746475219487
AWK,2010-09-27,16.886251206396913,16.620608051793553,16.749839782714844,17.777322456429204,21.4039856642558,24.538104041261548,22.275499684819646,21.79860559808725
AWK,2010-09-28,16.857527898385282,16.46983417935014,16.706758499145508,17.11803066611979,21.430260529502103,24.10401263952788,22.247916475163862,21.70154466360048
AWK,2010-09-29,16.77855849308508,16.520095032177124,16.555992126464844,17.191996632991902,21.454875154464997,23.54493613527742,22.26721440316912,21.72358927651009
AWK,2010-09-30,16.871887280042216,16.627783269418384,16.706758499145508,17.305654341081606,20.16468577320619,21.807827338253905,22.28681595100247,21.6994657929613
AWK,2010-10-01,16.907784907873705,16.62778380349996,16.8934268951416,17.27795114523965,20.235822140437186,21.758074522967487,22.288554885176083,21.703709057002087
AWK,2010-10-04,16.922146885836266,16.606247277708377,16.850351333618164,17.31565205421059,20.255503912124873,21.76447600839798,22.19967161611466,21.666811195800005
AWK,2010-10-05,17.05855534092595,16.8862468671048,17.008298873901367,17.35457340879145,20.20657910163276,21.80391203763572,22.217457859418065,21.677393468468363
AWK,2010-10-06,17.08009553946469,16.771375656666883,17.04419708251953,17.29688320672871,20.20602031440101,21.761771404646066,22.216036923362577,21.677095633440395
AWK,2010-10-07,17.20931880183021,16.943677176567665,17.06572914123535,14.914240908117705,20.17482963871624,21.74477959762569,22.13720106206945,21.674804147464215
AWK,2010-10-08,17.101633601198298,16.922145420884483,17.015480041503906,14.972263802707694,20.1967982917126,21.547339670317683,22.1385800219645,21.674197717185276
AWK,2010-10-11,17.058556638372284,16.922145239368888,16.98676109313965,14.997776553482108,19.442174682049036,21.430316268055467,22.136205374970146,21.670620972007136
AWK,2010-10-12,17.058555418456816,16.74265586365594,17.029836654663086,14.830925462877023,19.36666510705472,20.641037021507763,22.124271924822537,21.62114865585643
AWK,2010-10-13,17.194969710387795,16.850351333618164,16.850351333618164,15.23453843756375,19.222773782047824,20.7177153275752,22.16362714802405,21.64875648266231
AWK,2010-10-14,16.929326325169363,16.83599306725008,16.886249542236328,14.150595688345177,18.571824356772783,20.70958373833563,22.071882059288463,21.613786308704753
AWK,2010-10-15,17.05137589711548,16.88624711181712,16.972400665283203,13.96829963759964,18.269103423752465,20.70798830732617,22.067435162357384,21.614453947318815
AWK,2010-10-18,17.07291070137504,16.95803841255149,16.979576110839844,13.941334139943764,18.255245016594486,20.705937728113703,21.996449232773436,21.59683044639694
AWK,2010-10-19,17.230861528415637,16.900604006426207,17.03701400756836,12.552762309315362,17.960419691096007,20.616218487498656,21.99725394978704,21.596437832900623
AWK,2010-10-20,17.15907514808959,17.044202786196383,17.13035774230957,11.387266576255618,17.95999779301379,20.624050667690803,21.965157210499974,21.599422312762844
AWK,2010-10-21,17.216505567697958,16.922145067678215,17.04419708251953,11.563337012913054,17.742661182173062,20.46058708048564,21.718256130930108,21.6007464133975
AWK,2010-10-22,17.1590667845692,16.914962792178507,17.001117706298828,11.626587950140774,17.459803498040284,20.430072138500105,21.716672967953077,21.59717523661321
AWK,2010-10-25,17.123170114085912,16.86470673489813,16.90778350830078,11.678901031252256,17.50441589740812,20.424127130185628,21.724053358035587,21.497008462149946
AWK,2010-10-26,17.037018863085084,16.828813272359184,16.96522331237793,11.695218654865117,17.11668692434787,20.001399296612366,21.691102087730894,21.46605318936944
AWK,2010-10-27,17.209323617671867,16.92932253717892,17.159067153930664,12.050608290101628,17.02984345579712,20.05653060648848,21.71104752875614,21.454657678764686
AWK,2010-10-28,17.31701760498694,17.10881069018946,17.159067153930664,11.889394349027446,17.033119337490977,19.95759878788156,21.673182277939432,21.454334159365548
AWK,2010-10-29,17.230859719854564,17.022652840934523,17.144704818725586,10.866266707384325,14.196208770260373,19.92843506776512,21.602232927955452,21.442597680188296
AWK,2010-11-01,17.27393829880864,16.886244626499927,17.03701400756836,11.06600354815787,14.256550943852691,19.945119860798876,21.600683716804213,21.41183730104802
AWK,2010-11-02,17.266763535921136,17.058557945121898,17.13753318786621,10.990926446599508,14.290842919302897,19.951128972617756,21.605990139549125,21.41568758645431
AWK,2010-11-03,17.388813543777125,17.08727336119666,17.30265998840332,11.097976575572337,14.288332762087174,19.563734070270463,21.578520868671973,21.386363251750318
AWK,2010-11-04,17.86265572621454,17.496501194631584,17.618553161621094,11.72258382750065,14.659274857437381,19.697352097517772,21.598009361522934,21.451110033392567
AWK,2010-11-05,17.81958432330177,17.5539426130955,17.81240463256836,10.870911077891389,14.56693134212558,19.75157240894358,21.607450248987885,21.422159259333423
AWK,2010-11-08,17.76933036552347,17.611381255253395,17.747791290283203,10.687463559418644,14.551209185109066,19.731280863009104,21.572035689912553,21.425776405832032
AWK,2010-11-09,17.841117113884348,17.47496123171488,17.546756744384766,11.298378474084231,14.37983443886672,19.295369153339216,21.592003366077588,20.961453670006588
AWK,2010-11-10,17.80522806897925,17.518047236134986,17.769330978393555,11.260556779447354,14.44511616126641,19.233092056896407,21.637679352129922,20.910995700322005
AWK,2010-11-11,17.86983723630307,17.640092656053955,17.86265754699707,11.116165072345344,14.43322324980766,19.024004339664856,21.64153404484126,20.87779801027686
AWK,2010-11-12,17.869844906184138,17.561124980449677,17.58984375,11.902135627111306,14.721833199507575,19.17725158466323,20.712498311639024,20.87314940362906
AWK,2010-11-15,17.89856121896368,17.704713659265572,17.848304748535156,12.438723220871946,14.947690821065942,19.221138141227705,20.67896342172648,20.917920383548104
AWK,2010-11-16,17.877281891978033,17.312278165127438,17.399202346801758,14.549418848893648,15.936108715891844,19.654081973480455,20.899526400907178,21.02367891475973
AWK,2010-11-17,17.65272656485968,17.43541684023815,17.471635818481445,14.577983237331066,15.923584565268051,19.634687242560933,20.829633141195167,20.23947423279385
AWK,2010-11-18,17.602016932792036,17.334003448486328,17.334003448486328,14.794814640373627,14.753297283146322,19.389355247351634,20.84027526508718,20.233182467010778
AWK,2010-11-19,17.56580352783203,17.268814795210083,17.56580352783203,15.206411474933102,14.964633373383435,19.41860977780027,20.888245333300134,20.272601155305164
AWK,2010-11-22,17.67445705199487,17.449904907216187,17.594778060913086,15.184708216770264,14.963571021541247,18.75566650329906,20.871949132145172,20.252454840519306
AWK,2010-11-23,17.775862913896763,17.42092394327538,17.703426361083984,15.249094022943833,14.915637212021963,18.76624683463429,20.859308860790133,20.25975459611173
AWK,2010-11-24,17.91349753224432,17.681701581995217,17.848304748535156,14.94394777668522,14.969991499716068,18.712275006311533,20.87263353960567,20.12025173874005
AWK,2010-11-26,17.971448797966506,17.775871803659435,17.95696258544922,14.992344544574054,14.494534284508681,17.809231516214673,20.875887632834136,20.114968316018565
AWK,2010-11-29,17.848294991408757,17.33399818064577,17.775859832763672,15.368792656935037,14.582321538635906,17.895618637363032,20.907381759966835,20.143636953374664
AWK,2010-11-30,17.768624630562243,17.507853512215203,17.75413703918457,15.386593102329678,14.58091272064886,17.901081875767975,20.907069669642425,20.12030411979311
AWK,2010-12-01,18.09458834653645,17.746894420097142,17.949716567993164,15.62246778254266,14.056623882406758,17.89405355745255,20.916412060877697,20.146895045271542
AWK,2010-12-02,18.21048592720763,17.85554821229438,18.10907554626465,15.722685159279633,13.610637776987852,17.928117553173255,20.928333684240993,20.140695225570333
AWK,2010-12-03,18.15978257540739,17.985935598354846,18.051128387451172,15.661572739378398,13.649735667096486,17.92274133514403,20.912485037827565,20.099462146407802
AWK,2010-12-06,18.145289969574204,18.007662014266533,18.080097198486328,15.60536979394556,13.64953106898934,17.919924821402,20.892741524335737,20.09955627234993
AWK,2010-12-07,18.261191513587015,17.89176758025328,17.949716567993164,15.68612905435924,13.728444134632023,17.474938072595098,20.745954429794764,20.113616173853295
AWK,2010-12-08,18.029393014091312,17.790353300752024,17.935226440429688,15.700809798704526,13.735159839918873,17.425699369983896,20.74335998668719,20.097952289209843
AWK,2010-12-09,18.080099652641447,17.85554751153217,18.036638259887695,15.485806377642911,13.757477445927005,17.222643270083545,20.718775331682764,20.095750890744615
AWK,2010-12-10,18.094590297914333,17.819332921868465,17.9062557220459,15.69483677853809,13.805727487425099,16.856808344359834,20.683100181927006,20.11142879302311
AWK,2010-12-13,18.181512124772272,17.90625340276587,18.10907554626465,15.933563464289216,13.535494088916849,16.71538516682287,20.700118767472613,20.09407261429217
AWK,2010-12-14,18.29016106388754,17.94971103849466,18.065608978271484,15.800329631121492,13.557371035039257,16.718523980712003,20.699133889472343,20.096365738983447
AWK,2010-12-15,18.210481679878665,17.964198199362464,18.04387855529785,15.780690721832165,13.490263460001403,16.528783798883087,20.60079058567218,20.09621733914931
AWK,2010-12-16,18.384334098876124,18.036640157048833,18.261192321777344,15.89861991649929,13.601462402876185,16.59979851584486,20.641735464842025,20.09764350118131
AWK,2010-12-17,18.33362762088909,17.971446111451304,18.275678634643555,15.129889560540748,13.43725816547108,16.425621026436055,20.569442570615717,20.07653029069462
AWK,2010-12-20,18.616124277684808,18.188750120549845,18.48573875427246,15.15764579171847,13.08573995788636,16.299512838718204,20.606604643087536,20.095374110361742
AWK,2010-12-21,18.608890544199628,18.23222135773428,18.282926559448242,15.511733390622382,13.227831395203799,16.416760758261457,20.51086894254077,20.097077144202235
AWK,2010-12-22,18.39881613819824,18.109071274134582,18.253944396972656,15.086070051355694,13.21649495157182,16.180397281101204,20.404735390529876,19.98191224584558
AWK,2010-12-23,18.51472077191524,18.18151440328068,18.398822784423828,14.84000114069451,13.095423741642351,16.08119040351493,20.37522217849507,19.994759536753133
AWK,2010-12-27,18.49298724472287,18.25394751829435,18.406063079833984,14.790662595871632,13.009081909381198,16.082172926058604,20.36897227997192,19.985569607837224
AWK,2010-12-28,18.492993684385333,18.261196291168996,18.478506088256836,13.967323967918851,12.867631922136379,14.358364625615247,20.365221449462986,19.985434848065317
AWK,2010-12-29,18.652348844656718,18.471258079174614,18.637861251831055,13.587224926197402,12.920375575355052,14.38863363539722,20.3812504155959,19.994540447298633
AWK,2010-12-30,18.703050810938272,18.311895543424956,18.427793502807617,11.628201466147727,13.090770405696803,14.532079189088003,20.43404416876383,20.028520538858213
AWK,2010-12-31,18.514716425057188,18.31913948059082,18.31913948059082,11.824151103742619,13.173526094542012,14.515820104688363,20.450721194943846,20.02746535400113
AWK,2011-01-03,18.521956974724397,18.30464868267892,18.500226974487305,11.704782747539658,13.29186021109525,14.551632690860986,20.420065861457033,20.02352817142014
AWK,2011-01-04,18.63061991847182,18.456772926419173,18.594402313232422,11.260935984518323,13.282890218673291,14.43567705682196,20.393476486982575,20.00595028775909
AWK,2011-01-05,18.645100312926335,18.420548207609894,18.492984771728516,11.461737204613904,13.343846251534384,14.440243184964748,20.38796071608559,20.0097345465564
AWK,2011-01-06,18.594398749800394,18.23221724036261,18.275678634643555,12.019504084335383,13.614014685888282,14.349163414046332,20.404886465437254,20.047335607545282
AWK,2011-01-07,18.594402313232422,18.28292593436653,18.594402313232422,12.757172031255362,13.782509157559083,14.500610953901209,20.488234805515194,20.115554422120933
AWK,2011-01-10,18.608891690186898,18.333632890198274,18.478506088256836,12.86175643126572,13.876560894526136,14.537680990926152,20.426322958003055,20.105078508680855
AWK,2011-01-11,18.60888608161684,18.31189735855872,18.36984634399414,12.600140268247475,13.93779123961296,14.504772188257459,20.392397149035606,20.108436628955438
AWK,2011-01-12,18.536443393712773,18.40605787406265,18.529199600219727,12.765470895458883,14.016684053065104,14.545830156928657,20.295925039620982,20.121272032774645
AWK,2011-01-13,18.637856384939095,18.464009461266365,18.601638793945312,12.46804212011948,14.020168867950305,14.526551447380875,20.161851093193043,20.09410754958353
AWK,2011-01-14,18.818954467773438,18.5436970763084,18.818954467773438,12.640806507595368,14.151173416492076,14.598531294107575,20.197106191543472,20.049153599463725
AWK,2011-01-18,18.826189971353276,18.340866815208116,18.41330337524414,14.2583357139232,14.882666527454882,14.266061847832944,20.364671668720764,20.168581544916616
AWK,2011-01-19,18.60163892710018,18.304650257665113,18.492984771728516,14.295565637342344,14.873796760869471,14.274435075111258,20.367463239052526,20.169881721623792
AWK,2011-01-20,18.72478182320755,18.391574160414354,18.5871524810791,14.142234782520804,14.821945894374633,14.286529223494405,20.373119750881024,20.111164345797135
AWK,2011-01-21,18.710302163714594,18.514723760152034,18.536455154418945,14.17647824656984,14.843053012774861,14.251092158379732,20.0817300529446,20.111919214850698
AWK,2011-01-24,18.913122382303644,18.521965616191753,18.761005401611328,14.472986641960562,14.863036779731509,14.34732157740144,19.712574516647656,20.140944725330726
AWK,2011-01-25,18.971063332735568,18.717536060190874,18.797216415405273,14.24351040721363,14.860046971394416,14.030644173031229,18.55947574772484,20.13016684370622
AWK,2011-01-26,19.079724178811098,18.840684410896685,18.942094802856445,14.069399010235095,14.904759512254525,14.00638373436146,18.501214567095158,20.14173482183233
AWK,2011-01-27,19.00004100535164,18.73927126694905,18.75375747680664,14.419893900581023,15.007835635938294,14.115087862987114,18.548093481045527,20.09611882256425
AWK,2011-01-28,18.905870987390063,18.384328842163086,18.384328842163086,15.660139411255978,15.611349477267652,14.11471723326499,18.71370341371946,20.19498949855941
AWK,2011-01-31,18.565424754022814,18.40606537705211,18.47125816345215,15.341208121584335,15.530853077975614,13.831281561321507,18.691546345151927,20.144842075519605
AWK,2011-02-01,18.695812713193195,18.529209518511045,18.594402313232422,15.448227603586995,15.168527559986902,13.855393367999069,18.692369830828216,20.15196252394583
AWK,2011-02-02,19.000041544906136,18.608886235388017,18.97831153869629,16.200386546318075,15.556840095489392,14.181430829171928,18.69818920739412,20.21849291175467
AWK,2011-02-03,19.311518995319656,18.905876070120428,19.29703140258789,16.41771503695869,15.848464451301153,14.356886817318031,18.70702002089369,20.077828625532288
AWK,2011-02-04,19.44914109174293,19.239075220506724,19.36221694946289,16.391732565109074,15.626970591423289,14.358095546555234,18.210961296034867,20.074881192292132
AWK,2011-02-07,19.456382755356938,19.3042658684234,19.412919998168945,16.296558043887654,15.460834358038584,14.35716697373029,18.200510311544512,20.071070896858703
AWK,2011-02-08,19.470872278079558,19.275295363848436,19.28978157043457,16.46362054114336,15.522894733800932,14.371747999106752,18.2203447828717,20.055623031125165
AWK,2011-02-09,19.304275121845436,19.195620940016973,19.23908233642578,16.49149232125759,15.153437463359523,14.150189400536748,18.222303522614673,20.046945920379887
AWK,2011-02-10,19.31151436470502,19.144911233077334,19.166641235351562,16.408663865182103,14.941522154426906,14.174117410348424,18.231918021803207,20.02448891558906
AWK,2011-02-11,19.29703130076412,19.057991548402867,19.28254508972168,16.048382613259772,13.89814555355861,14.147681113880466,18.18120685486032,19.97785858283588
AWK,2011-02-14,19.63024069549849,19.275302934893666,19.557804107666016,16.294925539131835,14.123198084573838,14.255696109967205,18.241212062205896,20.010466688917965
AWK,2011-02-15,19.833049239006172,19.521574452366302,19.75337028503418,16.299575895324683,14.068641047121865,14.221519079146006,18.147304203344497,20.028453326473855
AWK,2011-02-16,19.987059387351067,19.753376857918767,19.884822845458984,16.329762137572487,13.909504926896782,13.962616989981665,18.130680949627568,19.997440318669266
AWK,2011-02-17,19.97245248454565,19.8629146340151,19.950544357299805,16.167156297382242,13.911499945431249,13.898444390001655,18.109324786562098,19.939072638890664
AWK,2011-02-18,20.39600277444018,20.00896749491411,20.32297706604004,16.216548870397506,14.290086985646994,14.132121442294727,17.949254771822105,19.995431211681773
AWK,2011-02-22,20.322975895451233,19.928639321363235,20.067386627197266,16.332254171672314,14.559892238123107,14.21468378929743,18.031450455694316,20.008213408512468
AWK,2011-02-23,20.206131578124165,19.906727500025966,20.008962631225586,16.204270700397,14.567833502903369,14.188673812109029,17.978739505839258,19.98953158946442
AWK,2011-02-24,20.074685989838663,19.70225621410963,19.77528190612793,16.55733945836596,14.627845815870941,14.270761915896863,18.030009878582696,20.029498811973596
AWK,2011-02-25,20.02356888259982,19.775282359751706,19.987056732177734,16.63281262624406,14.725961703433391,14.327377207860733,18.044611026535375,20.050593836339132
AWK,2011-02-28,20.337580148794533,19.950544913752275,20.257251739501953,16.927886389361728,14.798896447664509,14.397474363214776,18.093679136094533,19.30164279786524
AWK,2011-03-01,20.374098210915452,20.008970997842237,20.052785873413086,17.12162340437738,14.935805564296324,14.52053865471271,17.892509057673387,19.25996622745798
AWK,2011-03-02,20.25724769621783,20.030869324945158,20.220735549926758,15.627439418933943,14.961281843138998,14.559453403180116,17.885115484922583,19.26062701115736
AWK,2011-03-03,20.658887418866257,20.271852277014364,20.593164443969727,16.23024085412309,15.331974976411223,14.774629730146167,17.991668515414595,19.281870928254126
AWK,2011-03-04,20.58586258423389,20.111197718204437,20.220735549926758,17.409317111669758,15.780152712517785,15.107439643200083,18.123766371866243,19.370046159666447
AWK,2011-03-07,20.439818720962766,20.08199426305394,20.191532135009766,17.377722561954474,15.78551399521651,15.115340871906573,17.802712181134,19.367721808540132
AWK,2011-03-08,20.461722688601792,20.21343615317427,20.366788864135742,17.248965371968477,15.827238214939385,15.025147881756995,17.73382611024693,19.368236639175723
AWK,2011-03-09,20.417913543451096,20.293771625363625,20.352191925048828,17.276764616922595,15.719855902205257,15.03081280413136,17.605504729218875,19.35121391859258
AWK,2011-03-10,20.3229721260235,20.001659922875728,20.008962631225586,18.113611444445954,16.0821654182792,15.316839333952977,17.719937965399254,19.433919531026056
AWK,2011-03-11,20.162319384133696,19.935939573932963,20.04547882080078,17.76400948436584,16.05983575192966,15.315605806087488,17.68174091337171,19.429750934859847
AWK,2011-03-14,20.147721841746932,19.935947367387286,20.081998825073242,16.483507113222,16.048169827317267,15.31315657872178,17.650503320727644,19.422168790979523
AWK,2011-03-15,19.833705360673036,19.585418803718042,19.673049926757812,17.82255658066159,16.544085830866674,15.70078910936459,17.830571804957028,19.542144639169162
AWK,2011-03-16,19.97245299239564,19.570812339771788,19.804494857788086,17.82287998803088,16.580938433690587,15.688755789082354,17.655999311038347,19.532202884301007
AWK,2011-03-17,20.045488278901082,19.57082169944274,19.716873168945312,17.040078563878,16.487085632501934,15.704109064229153,17.63563549137201,19.533601629557577
AWK,2011-03-18,19.979749475895822,19.680345453464984,19.738765716552734,16.4044763772767,16.292910863160863,15.66425222989517,17.240430217146667,19.516662989430028
AWK,2011-03-21,20.315680043090833,19.89943519939076,20.081998825073242,17.07537986871547,16.605400714564354,15.858775743320013,17.336605643039558,19.567730147608525
AWK,2011-03-22,20.27916799989725,20.016275931584595,20.023578643798828,17.111174140792052,16.577674069175902,15.79889275244381,17.296422150274555,19.44435227893081
AWK,2011-03-23,20.103896446924548,19.906727500025966,20.008962631225586,16.976966550440075,16.58221697741079,15.801134128656619,16.74849537982793,19.44275471545722
AWK,2011-03-24,20.30106255033694,20.023566617117122,20.220735549926758,17.14512364808819,16.680216251450812,15.86056593019495,16.773222568880133,19.44034519491928
AWK,2011-03-25,20.43251087138912,20.228040599925283,20.286460876464844,17.0724330841947,16.61911584635578,15.811065531287783,16.774107235092668,19.395455424527494
AWK,2011-03-28,20.396008484103103,20.081998825073242,20.081998825073242,17.371970101912442,16.58142535779521,15.908446738296513,16.79290333925745,19.414845663502316
AWK,2011-03-29,20.2134413217314,20.016272306208442,20.206138610839844,17.00961476343484,16.537540975164788,15.873825685423512,16.80086638429975,19.41729137016833
AWK,2011-03-30,20.47632746323254,20.264553086731475,20.41060447692871,17.01500984671209,16.542513252845684,15.711265919115705,16.815963730414634,19.36365114370608
AWK,2011-03-31,20.688098972469778,20.271854350776948,20.483627319335938,16.951384144987877,16.53201263713334,15.641572262034604,16.815661456062596,19.364837167812247
AWK,2011-04-01,20.848759012700864,20.52744813426599,20.673498153686523,17.10790801470893,16.537462623343078,15.669481893694817,16.54505690986557,19.328497378053132
AWK,2011-04-04,20.81224419237498,20.593168494858126,20.775732040405273,16.350307999988818,16.300335702823062,15.540678167519618,16.517167740410592,19.331606019761924
AWK,2011-04-05,20.819539569293433,20.60046255607991,20.753816604614258,15.86315906723385,16.002813259138996,15.447457718090774,16.396208905403775,19.22035087256289
AWK,2011-04-06,21.126252577571464,20.819545781830513,20.972898483276367,16.042055213675777,16.00967533632588,15.501913055309963,16.181160449814993,19.158003025957594
AWK,2011-04-07,21.024018377376002,20.753823719636618,20.8925724029541,15.630024483916005,15.971178980989109,15.286482000297383,16.07518124816191,19.131543205773266
AWK,2011-04-08,20.950998002869536,20.724618148153365,20.826854705810547,15.464249812394936,15.949193556296425,15.165314526444238,16.07996441739198,19.131327916271296
AWK,2011-04-11,20.899878721441926,20.666196174972132,20.710012435913086,15.15640675743462,16.018722681227075,14.580827186672481,15.991746824671257,19.138412622960303
AWK,2011-04-12,20.680806669030506,20.35219298844987,20.374099731445312,15.642708262432647,16.308818147006747,14.855289920692053,16.12574293480122,19.216743506270426
AWK,2011-04-13,20.63698535380718,20.47632991959723,20.57126235961914,15.703036241231075,15.665317963246746,14.832323657894356,16.05650007202536,19.23452478821389
AWK,2011-04-14,20.74652459384767,20.498238019913767,20.710012435913086,14.9107666673541,15.689245511632269,14.738293630775479,15.959041074231827,19.24226639834961
AWK,2011-04-15,21.05322857657602,20.717312312405124,20.93638801574707,14.150832735563398,15.784199714823762,14.810865750665497,15.987307968056449,19.222054586538633
AWK,2011-04-18,20.943682553916794,20.58585830187386,20.717304229736328,14.535133999760902,15.963246731204187,14.920430049383219,15.913971026056453,19.235019844583455
AWK,2011-04-19,20.819554678233334,20.578570763808425,20.724620819091797,14.346642215516574,15.823762412770975,14.884222801185054,15.843049294814183,19.22021872445573
AWK,2011-04-20,20.907177701208106,20.790337137461417,20.797639846801758,14.36583637665938,15.828266619593624,14.869759948864584,15.844290913339684,19.189944115563897
AWK,2011-04-21,20.89257527209157,20.5858684206041,20.673498153686523,13.51369729154133,15.855020014608176,14.801757802996764,14.921880575580031,19.19831965857008
AWK,2011-04-25,20.812247918428223,20.673499208974157,20.6881046295166,13.51230125113158,15.675597390212284,14.795858232482722,14.914329673766405,19.136000995543824
AWK,2011-04-26,20.965593108497867,20.695399889973167,20.929080963134766,13.85237153464688,15.147325743866999,14.806322478570028,14.962724068883723,19.123376528227816
AWK,2011-04-27,21.25039619929601,20.907175854857318,21.243093490600586,12.737532716098254,15.362676754763688,14.913121921015481,15.015554853666096,19.085210866520818
AWK,2011-04-28,21.381843136083816,21.19927958899828,21.316120147705078,12.681485606817555,15.338228970573741,14.895938712903897,15.000885016455278,18.984961358843314
AWK,2011-04-29,21.484082973835427,21.206586934449764,21.454872131347656,12.560649118393313,14.89279348229828,14.915615110874125,14.94210126788448,18.989908721198614
AWK,2011-05-02,21.841896464645405,21.43295462520141,21.549795150756836,12.558160459287365,14.588058192458691,14.852224854659443,14.92675885465164,18.982936367552345
AWK,2011-05-03,21.72506330602265,21.44756731194232,21.57171058654785,11.809296661992457,14.585479861792743,14.846807495460759,14.791189961250485,18.98243188522299
AWK,2011-05-04,21.57901520999376,21.250401592396926,21.418359756469727,12.035073335668823,14.698649850734158,14.902112709482493,14.791995868630611,19.00104211477413
AWK,2011-05-05,21.644734233608695,21.009413853988654,21.323423385620117,12.162222969759103,14.659202309155607,14.865645159796243,14.800614459627464,18.7796229750149
AWK,2011-05-06,21.542497068461245,21.286907841621517,21.3818416595459,11.901024749868178,14.633168020052894,14.78812147462647,14.755962238051692,18.464353114242478
AWK,2011-05-09,21.695852910503845,21.44026503950318,21.64473533630371,12.270271584535397,14.741561308458653,14.867802571351715,14.806520684874691,17.630376414707708
AWK,2011-05-10,22.41880756262371,21.652039712068444,22.353084564208984,14.51441729605241,15.969772904261848,15.622174691916044,15.224988985644911,17.840689369315335
AWK,2011-05-11,22.39690131876192,21.579015821179876,21.66664695739746,17.636511740892498,17.207052966445886,16.41337008144181,15.713956486194341,18.13782746356535
AWK,2011-05-12,21.761575271109237,21.389146843380228,21.695852279663086,17.484314649267084,17.12113663344624,16.41281779935946,15.301383340215397,18.137595042582678
AWK,2011-05-13,21.732367617942966,21.359937766664316,21.447568893432617,17.910360133638004,17.294538954445255,16.47111028329214,15.379781924123339,18.161942066618895
AWK,2011-05-16,21.808090441452677,21.13118607967429,21.17533302307129,18.221481553037055,17.525790832765647,16.507101432609534,15.472348271053015,18.20845046178208
AWK,2011-05-17,21.293061612531584,21.12383442018165,21.16062355041504,18.1835090476428,17.144338620380363,16.503507469037874,15.44791784098973,18.110901391574576
AWK,2011-05-18,21.45492486963864,21.175334557998195,21.27834129333496,18.23154123190904,16.94457511417518,16.484364656073275,15.45283018724741,18.0578246640693
AWK,2011-05-19,21.631510926675453,21.270985908289724,21.580007553100586,18.42481866915301,17.13467092409288,16.60464615696627,15.365878723768525,17.7371010592693
AWK,2011-05-20,21.76394206504616,21.491708229689028,21.63150405883789,18.37246704308452,16.919878672028574,16.600921920065957,15.336591078932349,17.729188434717898
AWK,2011-05-23,21.51378903132386,21.285702055868576,21.35192108154297,18.790810724386294,17.0671625515164,16.722287910607186,15.42958171728856,17.786028567774494
AWK,2011-05-24,21.513788299994346,21.322489054922567,21.344562530517578,18.695238001054825,16.8745962665069,16.600484639919223,15.222490012625686,17.78343829982007
AWK,2011-05-25,21.999396492301376,21.34456539863648,21.90374755859375,19.28333410379086,17.473348864208198,17.002219535559313,15.339593450627087,17.946665376063226
AWK,2011-05-26,21.98467445373535,21.712441980703794,21.98467445373535,19.16661826074741,17.421166364035265,16.95607543471967,15.34098621049112,17.90603995089355
AWK,2011-05-27,22.072966895539977,21.866952032638153,21.940528869628906,19.15526828425595,17.075224312736903,16.957739588396162,15.34712387749351,17.909357538551035
AWK,2011-05-31,22.175973076340803,21.793376059510717,22.080324172973633,19.01609179134715,16.62554911195877,16.935141982859005,15.343892336142229,17.828857757580366
AWK,2011-06-01,22.183336864996253,21.76395061613344,21.78602409362793,19.19663125160016,16.89400927473951,16.9696543883726,15.446800449893209,17.873982446995168
AWK,2011-06-02,21.852241783505217,21.506431007427285,21.64622688293457,19.33768558179948,16.895485153712727,16.834310999545366,15.474941779458632,17.87540667494344
AWK,2011-06-03,21.513786875361106,21.278342098052015,21.373991012573242,19.751187075378727,17.12341535309596,16.939934065965996,15.545253789641308,17.743537238189962
AWK,2011-06-06,21.50642741661886,21.0502535460824,21.18269157409668,19.861214569516342,16.843481649679564,16.981170847110786,15.471631190861892,17.77459458628188
AWK,2011-06-07,21.462284730737473,21.153263092041016,21.153263092041016,19.871467835311673,16.849239902785005,16.947333028565772,15.474717599323279,17.730100324105077
AWK,2011-06-08,21.300416787939007,21.072328418960957,21.153263092041016,19.604195533566955,16.849107204383866,16.943546935400164,15.453447744622581,17.71688547676721
AWK,2011-06-09,21.18268557728686,20.92516741831365,20.99138641357422,19.237933029994426,16.348118543027326,16.92099249607229,15.471345174406764,17.73070047034329
AWK,2011-06-10,21.116470466665586,20.807448899721557,21.03553581237793,19.218773172255503,16.308328661786724,16.518808072781248,15.42653741335844,17.72832800765696
AWK,2011-06-13,21.3371961338572,21.035532438716384,21.19004249572754,19.246266355503035,16.318759994760043,16.539468131323567,15.293967083808898,17.545790783986853
AWK,2011-06-14,21.602077992657048,21.14590271315414,21.418136596679688,19.46855396736224,16.434579980386836,16.595697579860868,15.303958004672147,17.55113749381028
AWK,2011-06-15,21.521142326179273,21.07232489183971,21.17533302307129,19.731766070052554,16.30028203722199,16.707560931217106,15.37143563628316,17.598184773779867
AWK,2011-06-16,21.388704302711112,21.06496706794021,21.17533302307129,19.635142077243373,16.282221938843527,16.62019613036979,15.322583757644937,17.5798255279858
AWK,2011-06-17,21.499073450172745,21.153264073143745,21.44021224975586,19.938491076814472,16.44740810324802,16.71509983400778,15.351540087932102,17.373281696094704
AWK,2011-06-20,21.594716247609714,21.278336879433652,21.543212890625,19.970267505291737,16.34945402771539,16.693406066921067,15.313343258965473,17.313655289178264
AWK,2011-06-21,21.7713032276396,21.476997281676258,21.60207748413086,19.663023327255022,16.34684268321807,16.59647995750223,15.307138083290422,17.22141874865856
AWK,2011-06-22,21.712443408505777,21.366634075598405,21.557931900024414,17.120161730684213,16.193992878706652,16.251398684741428,15.283122897287612,17.207993709281872
AWK,2011-06-23,21.705091181122892,21.30042055095519,21.638872146606445,14.614371855418584,16.16981271692318,16.247380788608222,15.285548340699115,17.18243049019123
AWK,2011-06-24,21.60208838267563,21.248919665979795,21.513795852661133,14.701747795987357,16.122553768619206,16.268743297128772,15.308765810643617,17.173999682127732
AWK,2011-06-27,21.56529083016224,21.403422892210262,21.462284088134766,14.329459482550863,16.126356927940073,15.99218421766986,15.30675640383708,17.16718934494361
AWK,2011-06-28,21.815453353644962,21.44757049303253,21.609439849853516,13.929074620100707,16.080188883188047,15.826198560853081,15.316616917233844,17.04013897172781
AWK,2011-06-29,22.050892237536146,21.653579584531872,21.947885513305664,14.57021908426563,16.34318234230326,15.987112677142251,15.407967852527552,17.072240747582562
AWK,2011-06-30,22.02881983937357,21.528499066286184,21.66829490661621,15.060206283819852,16.579909196683946,16.14069380311795,15.434603169172533,16.846030641909472
AWK,2011-07-01,22.190694776651448,21.668301770850867,22.146549224853516,15.811870652920131,17.022156755632665,16.426910188503943,15.622665821792515,16.966214713671615
AWK,2011-07-05,22.102400425575336,21.866954242736035,22.006750106811523,15.940344909992879,17.05950249202766,16.460392223140826,15.644229970006146,16.94836132345683
AWK,2011-07-06,22.08768199682671,21.852237246973914,22.080324172973633,15.425756807341859,17.046073081123577,16.442823887845073,15.645355190408457,16.54797970110095
AWK,2011-07-07,22.234836538536044,22.072968607292722,22.190690994262695,15.459161379652858,17.00927283107647,16.436206685401352,15.649289319763179,16.545137527762773
AWK,2011-07-08,22.19804881886851,22.01410741380774,22.190690994262695,13.59258136828908,16.616121478068692,16.309427794510352,15.643001810075422,16.545743708113523
AWK,2011-07-11,22.065611829424054,21.778663672992845,21.82280921936035,14.428906270340324,16.93458309250581,16.49620322277102,15.771553648763712,16.61872072577573
AWK,2011-07-12,21.896388864381525,21.6094406712721,21.749235153198242,14.44885349661169,16.914898019940562,16.48567377932001,15.774820715121345,16.625292065140485
AWK,2011-07-13,21.925818606962572,21.73452074850618,21.830169677734375,14.363458583792568,16.79635261008077,16.487344058441618,15.755973794628808,16.61563942071329
AWK,2011-07-14,21.999397221550485,21.580010938520928,21.638872146606445,14.058379144667924,16.75098634363834,16.314356295037697,15.800478443898989,16.645611124585674
AWK,2011-07-15,21.734519232800032,21.535862158993215,21.727161407470703,13.984646087170727,16.76478750185396,16.18324596652566,15.758954997063082,16.44085326498321
AWK,2011-07-18,21.734519655202014,21.315132023449756,21.44021224975586,14.036487104779924,17.000259491442225,16.327056088663603,15.85276331617215,16.482489329440988
AWK,2011-07-19,21.60208838267563,21.278350977105347,21.513795852661133,13.79675067878038,16.956072692727425,16.21007155965447,15.852934089667231,16.391057833359632
AWK,2011-07-20,21.70508708332173,21.477000120472148,21.61679458618164,13.838368021054457,16.977007062990662,16.146271270992937,15.832711878698639,16.22363947474036
AWK,2011-07-21,21.933176701998544,21.65358633336311,21.852243423461914,14.142061546690929,16.957279273517816,16.099733911613978,15.86358857441294,16.161790292526895
AWK,2011-07-22,21.88902954255335,21.653584743440227,21.690372467041016,14.128938195002325,16.77662489900186,16.05871965203589,15.866999753610871,16.182796478476728
AWK,2011-07-25,21.77130336609483,21.50642731136261,21.521142959594727,14.358748122760916,16.846850024458835,16.070257166576045,15.775966866245957,16.126714075416714
AWK,2011-07-26,21.616791641856693,21.307770048999263,21.329843521118164,14.485536676189142,16.89568826565392,15.889564850567822,15.77684285079356,16.153638387298315
AWK,2011-07-27,21.300417875722193,20.778023491631853,20.785381317138672,15.98401978382784,17.67158083056192,16.15982714497105,16.08488000572691,16.314668629890157
AWK,2011-07-28,21.028191197157494,20.748600748287988,20.80010414123535,15.681713322225802,17.670487556785293,16.157606042938287,16.01851807815628,16.242960431275623
AWK,2011-07-29,20.836871734603587,20.262975735574788,20.60142707824707,15.89527289974842,17.716503995320988,16.177232714087676,16.006408650324026,16.271914663655394
AWK,2011-08-01,20.925169306516683,20.572000832138116,20.638219833374023,15.410535885079899,17.705500878650174,16.178833048142153,15.998206045955895,16.16858100238395
AWK,2011-08-02,20.63822692931871,20.307133212661967,20.336563110351562,15.777026868919803,17.927527803165805,16.121171934697827,15.988901601805638,16.200374408764205
AWK,2011-08-03,20.822168128365522,20.28505952017273,20.81481170654297,17.345013720671965,18.40639772889227,16.530784509523382,16.126177729302714,16.350704087473154
AWK,2011-08-04,20.903098592537727,20.2335520725865,20.30712890625,18.630983136795557,17.750381489782125,17.00095461459507,16.108244000079075,15.898567959392942
AWK,2011-08-05,20.520494907668255,19.696438511780865,20.167327880859375,18.60165377692134,16.68717258320595,16.71368610796996,16.12954620180047,15.913863354933131
AWK,2011-08-08,19.961314502055508,18.791448817841445,18.798805236816406,27.08960820605677,21.870761302403903,20.084251345226512,18.163004565995138,17.432828205808466
AWK,2011-08-09,20.505785440750646,18.681085904095067,20.491069793701172,37.7553425053233,28.339926129418956,24.337434706345597,20.752510340084466,19.400117231899998
AWK,2011-08-10,20.951043694661873,19.867881341231666,19.89755630493164,38.50921651530762,28.841021418016723,24.791750810803492,21.05856657836809,19.628666066617942
AWK,2011-08-11,21.500049588396603,19.942074672922647,21.16619873046875,42.54251507100417,31.586605729411126,26.525884585212705,22.257577465965472,20.520608823388685
AWK,2011-08-12,21.500045817820816,20.824923708689806,20.943626403808594,42.49412868056594,31.63847732455412,26.578959577027444,22.283032777704364,20.542151720249763
AWK,2011-08-15,21.603911806704627,21.06232916655745,21.566816329956055,42.899385421858696,32.084713665470964,26.970259054608185,22.52764317916893,20.670271234770965
AWK,2011-08-16,21.574233777611745,21.262638871959986,21.440692901611328,42.89444217654055,32.102957879347976,26.944504835356888,22.50352524727433,20.66193384162904
AWK,2011-08-17,21.700358602868825,21.2032905030559,21.225547790527344,42.95643330743028,32.05848621424629,26.994065591092355,22.54047919267035,20.688960576825046
AWK,2011-08-18,21.092004585964045,20.476233850500112,20.698801040649414,43.45636220438198,32.466404933413806,27.24757842777729,22.71959707321081,20.834697548329125
AWK,2011-08-19,20.63944348201059,20.127537400721568,20.20172691345215,43.91227059880094,32.35357262469945,27.508851828052922,22.89217002025574,20.988050252781786
AWK,2011-08-22,20.57267011831808,20.26107534147349,20.409454345703125,43.88226672814702,32.42477133133874,27.510373437332706,22.91585185371622,21.003364430861364
AWK,2011-08-23,20.772987365722656,20.357528014621494,20.772987365722656,44.256360744483324,32.654449698595116,27.64742769994828,23.003475315202248,21.066464779802192
AWK,2011-08-24,21.403603969366493,20.713643554802427,21.35909080505371,45.04919916496903,33.15116913903399,27.958874704384762,23.204823456088736,21.011462360347352
AWK,2011-08-25,21.53714556949142,21.05491418292154,21.17361831665039,45.04795681334507,33.08723289264298,27.98561695172186,23.232216286651415,21.03429358678589
AWK,2011-08-26,21.5519685380886,20.661698718444622,21.529712677001953,45.31197852492686,33.248059257461875,28.106856807620968,23.300387466183096,21.092053150705247
AWK,2011-08-29,21.900667624468632,21.60391089819826,21.87841033935547,45.37953457962345,33.30540892375553,28.171744803947103,23.347648224277066,21.132282461552727
AWK,2011-08-30,22.05646350112934,21.655842290300896,21.930341720581055,45.37500425899951,33.25009585297698,28.165085701678734,23.31691193653919,21.13158658165216
AWK,2011-08-31,22.12323422945394,21.833896605884682,22.09355926513672,45.40234782020548,33.27678880298248,28.18030844312056,23.32529843786472,21.05500159977774
AWK,2011-09-01,22.256776861242606,21.967439214861734,21.997114181518555,45.3220768570066,33.29293351393237,28.173982473613236,23.332759397921667,21.045449874874013
AWK,2011-09-02,22.071302565193132,21.663262243452337,21.87841033935547,45.29615653259354,33.27189878214853,28.059674154822623,23.309379474270656,21.054158753673303
AWK,2011-09-06,21.707771606336408,21.388757650683832,21.618743896484375,45.37570543569153,33.37074290379976,28.094072704425855,23.35963379700271,20.98949815103843
AWK,2011-09-07,21.95259900481227,21.618746816582206,21.930341720581055,45.471410077514285,33.462798128571116,28.162616319730425,23.38034275774628,20.954256965083715
AWK,2011-09-08,22.204843178818702,21.841316016627047,22.004531860351562,44.758951186778255,33.401645622982414,28.1179482689813,23.338514703854738,20.954874799643225
AWK,2011-09-09,21.811637403219677,21.22554311278177,21.277475357055664,45.92753461015459,34.04172696637303,28.582993192737987,23.693705361977198,21.241823820643692
AWK,2011-09-12,21.203288485248812,20.847180409881663,21.158775329589844,45.86372019749059,34.06159034479249,28.59812458449743,23.690965033249984,21.24373672066026
AWK,2011-09-13,21.418434080731288,21.099420124258316,21.388757705688477,45.95354209929518,34.037913055087934,28.643013909762487,23.720639649292234,21.266177681969488
AWK,2011-09-14,22.11581770357524,21.440695560126677,21.90808868408203,46.15786279529534,34.3799984901961,28.870462387028685,23.875747796679857,21.388533616178886
AWK,2011-09-15,22.27161087735044,21.84873242266173,22.086137771606445,45.77290771440288,34.413890086824,28.895095594269822,23.873599469937897,21.39004013261189
AWK,2011-09-16,22.31612826600866,22.026790618896484,22.026790618896484,45.09817615233915,34.41607724642648,28.846495226106267,23.83288660434201,21.327848193179495
AWK,2011-09-19,22.019374647090935,21.752292833377812,21.885833740234375,45.08934941327852,34.4363873158523,28.774349187550683,23.83502660077846,21.340899404284585
AWK,2011-09-20,22.694491324954342,22.12323376948649,22.382896423339844,39.735998893453356,34.71233255500419,28.98482915410287,23.94750230484227,21.436814084601156
AWK,2011-09-21,22.746429044381568,22.286456383523923,22.4719295501709,31.594958875490093,34.712906030398685,28.974314983691123,23.945243528122134,21.42846466909999
AWK,2011-09-22,22.375474805827444,21.885825932076315,22.308704376220703,30.241675268521252,34.72814172571203,28.993253295999683,23.95319305789452,21.42266209352033
AWK,2011-09-23,22.25677368051047,21.885827452501964,22.100976943969727,24.95352063802831,34.64324163285218,29.033868856703027,23.93632678182343,21.370630714456322
AWK,2011-09-26,22.494182533000902,21.96002039113927,22.457088470458984,25.029562296459524,34.686755169184636,29.11618738623527,23.92436234754218,21.407655285439294
AWK,2011-09-27,23.020925330238956,22.516438191870037,22.627721786499023,23.75226769161727,34.436060679687344,29.127000932974696,23.920877534435377,21.413903064238674
AWK,2011-09-28,22.75385231538578,22.31613544858941,22.353229522705078,23.99525721054488,34.505754641926714,29.195516053186456,23.95855918112717,21.431314359419524
AWK,2011-09-29,22.87254608791531,22.41257210786324,22.52385711669922,23.8071697063936,34.53307458183523,29.15729449046488,23.954289367519486,21.42642273001446
AWK,2011-09-30,22.709326143777172,22.27902862113183,22.39031219482422,22.52365529469558,34.542818772795144,28.723771596443243,23.966323634631305,21.414985268997828
AWK,2011-10-03,22.731584679640264,21.715192794799805,21.715192794799805,23.24175845476523,35.1136090364198,28.70803721685853,24.223270180205276,21.645913579138945
AWK,2011-10-04,21.88582604903201,21.02523096844336,21.848731994628906,23.152066501799144,34.970952224883966,28.723695324876235,24.08162485215454,21.635924861965197
AWK,2011-10-05,22.049048814345397,21.47037345912361,21.678102493286133,22.85728385133514,35.0014171890014,28.691927380590847,24.100649906087146,21.65364502854345
AWK,2011-10-06,21.90808819343725,21.559397778443667,21.90066909790039,21.626406016410986,35.056619831828826,28.66128275820698,24.12088925342322,21.673419819596393
AWK,2011-10-07,22.08614931256249,21.73745878592769,21.789392471313477,21.51237377436735,35.024837761310565,28.67381792833681,24.127531370411628,21.678394644533377
AWK,2011-10-10,22.345805631416006,21.989696109624358,22.33838653564453,22.155322422538674,35.38309864113802,28.927183574737132,24.258520171022397,21.807999740559065
AWK,2011-10-11,22.41999419718303,22.1825887880476,22.316129684448242,21.70980710103952,35.26844417371876,28.845761409955568,24.259361732946566,21.80850654073872
AWK,2011-10-12,22.427412033824968,21.774547195360178,21.833898544311523,22.657863483505565,35.56306997029006,29.05762823234191,24.395282885347257,21.897777330224997
AWK,2011-10-13,22.23451509770251,21.648420827533723,22.18258285522461,23.030923356093147,35.69536851705094,29.087435493147673,24.426044428280807,21.94759112822072
AWK,2011-10-14,22.41999244068447,21.885830311978786,22.12323570251465,23.007305292318115,35.63454070450566,29.091279321623592,24.3040056726326,21.94710149458773
AWK,2011-10-17,22.46450740093247,22.034209769387786,22.360641479492188,23.138929655324787,35.661945978962365,28.851300339480172,24.32694179722607,21.968082524336374
AWK,2011-10-18,22.65739799526426,22.138072670855248,22.52385711669922,22.89373428822711,35.645423306649064,28.867919063519693,24.32908443328484,21.975602948869323
AWK,2011-10-19,23.058021497434073,22.56837250427806,22.73158836364746,22.689072569893145,35.62840726252232,28.900334331425025,24.23920139453505,21.986139440466633
AWK,2011-10-20,22.97640695033287,22.575785793091185,22.664812088012695,22.71019445915522,35.19581816674082,28.888897487919767,24.17186349382966,21.98122894059254
AWK,2011-10-21,22.924482871463706,22.538698349317375,22.63514518737793,20.22998678824812,35.20004641809606,28.806780937691606,24.171452849558154,21.979526021291722
AWK,2011-10-24,22.976406526793816,22.553528096093228,22.946731567382812,20.366551885759222,35.21229911173231,28.862419310133404,24.218063720669395,22.004997164808177
AWK,2011-10-25,22.850285743600086,22.138069706678905,22.18258285522461,22.793189197932833,35.96290214254196,29.303155752506022,24.551034327439663,22.281651320046898
AWK,2011-10-26,22.494183257701792,21.95260200287396,22.011953353881836,21.874184810715906,35.85892630846767,29.293529610128854,24.568362479130336,22.27482732466202
AWK,2011-10-27,22.69449348213513,22.011952271580398,22.51643943786621,22.724272657781015,35.843861860787236,29.504484558830917,24.69861505701363,22.379745579768066
AWK,2011-10-28,22.65739520967657,22.33096214832248,22.575786590576172,22.708775036208188,35.43228501343802,29.50602524427089,24.69194387471386,22.37945344172612
AWK,2011-10-31,22.842868934788534,22.30128637748937,22.64997673034668,22.61385196095394,35.387258310699195,29.478526791780073,24.642943051231658,22.368183238446303
AWK,2011-11-01,22.501594251357602,22.06387766463927,22.10839080810547,22.8348017908037,32.5152375071109,29.742605178322716,24.795558507758066,22.505894286572797
AWK,2011-11-02,22.620302670895374,22.256775507413344,22.330965042114258,23.002270207101716,27.52536815462452,29.76143937410728,24.810330519562214,22.507572056766143
AWK,2011-11-03,23.020922137815376,22.39773239625661,22.99866485595703,24.440543594456845,27.3523360615762,30.072074729184205,25.041781463627593,22.62261696148331
AWK,2011-11-04,22.983829970583674,22.575789649882047,22.69449234008789,24.612833085579922,24.576879800062983,30.093212478779325,25.007971040755777,22.646233654637072
AWK,2011-11-07,23.147044643505918,22.813192480215463,23.139625549316406,24.81558089652143,24.73353073075694,30.239449633716102,25.056356024959864,22.716538826859207
AWK,2011-11-08,23.147043165634784,22.89479963948646,23.117366790771484,24.742344509762177,24.056432421778364,30.183993227051598,25.053353398968476,22.683092934043774
AWK,2011-11-09,23.043177756586996,22.672231553225757,22.865123748779297,24.688900572552434,24.142702248738576,30.233986715929902,25.048047604395666,22.685499009002857
AWK,2011-11-10,23.184138699405956,22.857705630305013,23.139625549316406,24.82479044344168,24.12979716257083,30.285786936711574,25.0555977035597,22.70792566284483
AWK,2011-11-11,23.362191223203983,23.06543454980814,23.117366790771484,24.74726294237725,23.493133924565356,30.28378654975982,25.01141876240327,22.648954738254105
AWK,2011-11-14,23.117366475376485,22.902218420742596,22.946731567382812,23.019284878330904,22.938455259687075,30.30696899503483,24.996755934168508,22.624093967329838
AWK,2011-11-15,23.087698856235654,22.739008420727163,23.043184280395508,22.99474144581606,22.880625933297573,30.294899222701154,24.983839701866298,22.469460795345796
AWK,2011-11-16,23.05813377905599,22.74421423848391,22.841379165649414,23.031117314025334,22.750538948952805,30.328492666582356,24.921634945528986,22.48918516697617
AWK,2011-11-17,22.87874559735472,22.519979480646377,22.6918888092041,23.008220164181143,22.139732049149902,30.3332419357088,24.835570898081865,22.48420824177067
AWK,2011-11-18,22.916118117761222,22.69936496842884,22.759159088134766,22.93558410519182,22.049701125748165,30.239938208679572,24.835832198478496,22.451575581295756
AWK,2011-11-21,22.86379614632393,22.49755702168492,22.721784591674805,21.843182236953226,21.81900200874291,30.16786912986314,24.81913433159014,22.453075449591413
AWK,2011-11-22,22.774108940455417,22.542406880463556,22.5947265625,21.912638045863712,21.626727425216146,29.98733384298041,24.829553357509752,22.45684769590766
AWK,2011-11-23,22.572304103261423,22.29575538635254,22.29575538635254,21.290542116819573,21.808209343711432,30.046541587411657,24.79658531687312,22.490518741262882
AWK,2011-11-25,22.44523711015953,22.146265119234126,22.28827667236328,20.80114741065904,21.75761946187284,30.042219032199796,24.79640303963449,22.484808918493233
AWK,2011-11-28,22.68441623687698,22.295753743334483,22.37049674987793,20.807447576883416,21.748764506658176,30.03752709918728,24.798682942270954,22.459421698085833
AWK,2011-11-29,22.96844448961485,22.467668056499573,22.923599243164062,21.758972544346662,22.268553312705297,30.285065776613955,24.829327248960116,22.581046005667
AWK,2011-11-30,23.409417666529293,22.908641428489823,23.22256088256836,21.966646869707557,22.245792787109156,30.226316248768097,24.86123612458833,22.590778406245022
AWK,2011-12-01,23.633648379938382,23.192666223699128,23.469213485717773,22.014972470982293,22.16455913452106,30.260378088330377,24.87940055075479,22.597434336173986
AWK,2011-12-02,23.708393352156033,23.349628591672495,23.461742401123047,21.98659723165036,22.161497037407738,30.25713138071276,24.879859732055177,22.5938477617679
AWK,2011-12-05,23.76818358737925,23.49163633105346,23.64112091064453,22.051860272658015,20.986171790928474,30.237851390600863,24.817191411227217,22.603351835627734
AWK,2011-12-06,23.730815628085693,23.484164688030553,23.65607261657715,21.745555103854386,20.931754622484505,30.23355342623727,24.813054083913404,22.58802800908803
AWK,2011-12-07,23.573854948002847,23.162769126088538,23.230037689208984,19.960303294550354,21.242865763080722,30.301500526965576,24.915076165462448,22.66932753982853
AWK,2011-12-08,23.44680165386053,23.065613452071876,23.155303955078125,19.82103407211488,20.731440968691214,30.305223296376386,24.892829755846403,22.668546091391402
AWK,2011-12-09,23.304780695521064,23.005810095877013,23.230037689208984,18.80861356478924,20.683446026038908,30.300953000636905,24.892797738825635,22.654488404948065
AWK,2011-12-12,23.334680532225857,23.02076099925401,23.185195922851562,18.821555307234032,20.67849689185199,30.26023520359517,24.86122101784725,22.633082963836358
AWK,2011-12-13,23.454269916973576,23.07308321810972,23.132877349853516,18.828834327532554,20.633513803317165,30.236430975173935,24.8556078962362,22.63287133179778
AWK,2011-12-14,23.185194978683366,22.684418635183345,22.69936752319336,18.27567620089058,20.531247001571487,30.36646086899455,24.939128663965906,22.719196621986107
AWK,2011-12-15,23.26741170394031,22.676944866017468,23.11045265197754,18.758429695504105,20.83744721533061,30.45290071105913,25.021199023729285,22.756238083500424
AWK,2011-12-16,23.48416650449219,23.07308204780504,23.364578247070312,17.01567344023777,20.882386600488058,30.19202201522576,25.030244448810873,22.77819943606174
AWK,2011-12-19,23.543967621647077,23.11045970341555,23.140356063842773,16.78795625816171,20.888431686951204,30.240726117349602,25.054780863464128,22.77857365413043
AWK,2011-12-20,23.618698034182245,23.372047133700388,23.476686477661133,16.35950142268762,20.84243022913236,30.265586432537983,25.107326439974685,22.78706992034783
AWK,2011-12-21,23.81302940986623,23.431841393019305,23.7681827545166,16.708021369384507,20.931932661652972,30.316172739852643,25.11838929703843,22.813787716914156
AWK,2011-12-22,23.83545268472088,23.566379865146835,23.790607452392578,16.323233834393772,20.755188487406937,30.20572089631427,25.112613365221502,22.80339649231405
AWK,2011-12-23,24.059684983207177,23.78313766649234,23.984943389892578,16.14481795465112,20.76264925886278,30.024417076968053,25.123616449664272,22.814400999848818
AWK,2011-12-27,24.500666177978818,23.98494236328064,24.328758239746094,16.56352684416565,20.88381854315094,29.797760964659677,25.16213359197327,22.850693098091696
AWK,2011-12-28,24.388553416494716,23.783136281548753,23.813034057617188,17.69325482347743,20.3607265570575,29.99431861976497,25.21818780496189,22.948743469599677
AWK,2011-12-29,24.097054606000516,23.835453370678177,24.052207946777344,17.856617098108522,20.413275516880365,27.71422550006728,25.22000095250213,22.933011959138355
AWK,2011-12-30,24.216645480914497,23.813034057617188,23.813034057617188,17.919461460913784,20.46053418363046,24.31486715619673,25.242924818888113,22.94908686933277
AWK,2012-01-03,24.059687829821108,23.42437565785322,23.536489486694336,18.176250000619003,20.557039365822718,23.90107072258794,25.256980901780512,22.967157523484648
AWK,2012-01-04,23.641126245034098,23.37205337081482,23.454269409179688,18.21882097761625,20.538775186079796,21.882123250453873,25.22691463452999,22.967717412948765
AWK,2012-01-05,23.70091967671334,23.357103793168058,23.685972213745117,18.376809079229815,20.023467358751265,21.84652368679148,25.250048985105494,22.975934701025544
AWK,2012-01-06,23.887771255645617,23.581326235295528,23.842926025390625,18.313737743183907,20.05205348996507,21.395983389462856,25.257467722622234,22.946718301011828
AWK,2012-01-09,23.865349998795242,23.551430527311528,23.783132553100586,17.799365826141376,19.490566509234938,21.375190095322655,25.2477441833333,22.89143824392157
AWK,2012-01-10,23.91019906452969,23.454267957079086,23.461742401123047,18.367023548256505,19.494484284157267,21.429053548285964,25.30504405482227,22.926534539379507
AWK,2012-01-11,24.044733511460265,23.66354686456777,23.72334098815918,18.56052359667055,19.589435895757372,21.07317088508835,25.302129734584167,22.93853796065033
AWK,2012-01-12,23.895255617131983,23.543965220707396,23.880308151245117,17.366054028222205,19.522577704179866,20.68228037022663,25.255595062463758,22.93263223512981
AWK,2012-01-13,23.947566257537545,23.573852687418203,23.86534881591797,17.020802711287452,19.482908716774087,20.639703184555433,25.25386725960533,22.93136372430955
AWK,2012-01-17,24.209168476566933,23.94009420698071,24.1942195892334,17.197756394788787,19.585678367664457,20.570439851269416,25.29171681318693,22.94193303290568
AWK,2012-01-18,24.276439754934493,23.7980867116781,24.24654197692871,17.19607165183133,19.56928577150014,20.134045721824897,25.288421332370675,22.827818942188667
AWK,2012-01-19,24.650152319883414,23.992415489325843,24.612781524658203,17.567899371448803,19.76685499798884,20.18640234229481,25.345233104054426,22.867882248434654
AWK,2012-01-20,24.777216532630742,24.366129230074435,24.582883834838867,17.582547502586074,19.606777587054218,20.04339517893391,25.329039554047483,22.865643883376595
AWK,2012-01-23,24.76227627036986,24.231600527080204,24.590368270874023,16.593696942272445,18.20041055477569,19.904030603031355,25.321525324017706,22.862539467317756
AWK,2012-01-24,24.470771964711552,24.074633542187698,24.41097640991211,16.7454470135889,18.19173594819432,19.948551462427737,25.338614273974123,22.851682225466263
AWK,2012-01-25,24.597841292065183,24.149385889137783,24.590368270874023,16.81854494246966,17.70279724430782,19.947803856588486,25.31397654658282,22.860139919558094
AWK,2012-01-26,25.031341752795317,24.680050006303247,24.964073181152344,17.200562336836867,17.920311262963324,20.051470462222657,25.094225093586083,22.89361156419039
AWK,2012-01-27,25.061235565782685,24.81458604817874,25.01639175415039,17.142865481108345,17.917421362381184,20.023237504661957,24.807746596904074,22.866729080193682
AWK,2012-01-30,25.09113883972168,24.60530986503828,25.09113883972168,15.881803317823662,17.08873430672075,19.91112782929935,24.80901145800765,22.76963854589319
AWK,2012-01-31,25.36768101509402,24.986494354446762,25.210721969604492,15.276015103550817,17.01861087775688,19.81204269172606,24.769935321136522,22.76969617849001
AWK,2012-02-01,25.579479992357207,25.12041857319586,25.3461856842041,15.105618521769943,16.047881764896655,19.81958793672099,24.721901162232037,22.766991686079947
AWK,2012-02-02,25.50421231320032,25.112881468803288,25.368751525878906,14.658769870807031,15.744464524654472,19.00828540502652,24.72108373578734,22.685194640361786
AWK,2012-02-03,25.586998440710143,25.353704186150875,25.519268035888672,14.288171244126403,15.338842579263122,18.982750414571324,24.72207343530974,22.636881040195934
AWK,2012-02-06,25.57195201582594,25.285978819513005,25.48917007446289,14.037287086519093,15.340479931598466,18.934428789820625,24.674401253743852,22.636888965698255
AWK,2012-02-07,25.86544192744145,25.218240980804914,25.805238723754883,14.32416508988432,15.26598849154342,18.674459532859267,24.710679147374464,22.664255160131354
AWK,2012-02-08,26.091209981476943,25.76761236633711,25.94070053100586,14.253196941805108,15.141335521469902,18.65480319811103,24.659511368945132,22.65543455055238
AWK,2012-02-09,25.955749921991504,25.699879858073245,25.797710418701172,14.001706058415433,15.207013759855098,18.676867025393985,24.67135333276575,22.662169753740272
AWK,2012-02-10,25.827822170880435,25.436491183953827,25.579479217529297,12.55193606956381,15.236807841668162,18.702384332489096,24.51943191828751,22.677414779715573
AWK,2012-02-13,25.880508148799784,25.526804437307007,25.54938316345215,12.379908624866541,15.240675116870692,18.404100840721085,24.51829509744352,22.673283419896414
AWK,2012-02-14,25.62462980547287,25.35370814389578,25.571950912475586,11.85341966596241,15.083674496285598,18.39932414310304,24.51595877571256,22.635360503215882
AWK,2012-02-15,25.760089467442555,25.135467105622617,25.338655471801758,11.614154285427606,15.155076640646111,18.423976650960952,24.535683391530604,22.64073227407832
AWK,2012-02-16,25.69988457071249,25.308553644091102,25.662254333496094,11.838048459143806,15.316156801940936,18.432616063165657,24.51768087417718,22.663985473622944
AWK,2012-02-17,25.94070828049801,25.43649228428307,25.4515438079834,12.088147440821249,15.442473905967324,18.348877620666848,24.526236654056248,22.681682508601902
AWK,2012-02-21,25.51927098932649,25.173094600523125,25.210721969604492,12.495807509861038,15.543693191450664,18.399387238817823,24.5045520943747,22.63722034222389
AWK,2012-02-22,25.444010210628303,25.1505099115899,25.331125259399414,12.452531566337878,15.229711952552986,18.28432161145218,24.48029283951625,22.599828167435582
AWK,2012-02-23,25.767616257767905,25.150515360349996,25.67730712890625,11.955010653437888,15.39946383470718,18.361516149488153,24.52376867200797,22.63183150237424
AWK,2012-02-24,25.699889333368045,25.263403763668713,25.526798248291016,11.969843405421207,15.48877699709912,18.360836289215392,24.537263546396588,22.60626508756551
AWK,2012-02-27,25.880493801637254,25.33865060709543,25.511741638183594,11.934332253842628,14.788280678079186,17.636205934592,24.516096427191,22.586083600092703
AWK,2012-02-28,25.737513626743688,25.293503783812135,25.38381004333496,12.092101563679034,14.666645003529858,17.652362894809936,24.52643728342095,22.559254202393912
AWK,2012-02-29,25.84286497261034,25.210715571799547,25.797710418701172,12.319402603882672,14.858780954255103,17.740349789822005,24.58065583556824,22.58345513870802
AWK,2012-03-01,25.925655022374123,25.534324044699353,25.72998809814453,12.396629120785633,14.878894216245333,17.701288406812704,24.55786222967549,22.57429500145091
AWK,2012-03-02,25.59453280672772,24.932282889526867,25.496702194213867,12.16399794517943,14.981498201399551,17.751392409292425,24.543029906968965,22.529602492950414
AWK,2012-03-05,25.69989268640396,25.24835553427402,25.639686584472656,12.207633062166767,15.007093752916504,17.3665041433492,24.548639335516054,22.45271521974153
AWK,2012-03-06,25.587003340588,25.135469135832587,25.255878448486328,13.10922115760993,14.84792316228891,17.558430635344312,24.585092120202106,22.50861864660617
AWK,2012-03-07,25.587003541271248,25.075263240783062,25.534324645996094,13.184937918887222,14.943901994296812,17.229902709722218,24.609648919467162,22.517847417090184
AWK,2012-03-08,25.624628827897816,25.35370717665634,25.481643676757812,13.10519101509071,14.95911903245446,17.086082701621862,24.61129219119218,22.519221471465315
AWK,2012-03-09,25.602046966552734,25.338649702703385,25.602046966552734,12.479416097219302,14.955202370467296,17.08161071838069,24.61283018034161,22.450528727647797
AWK,2012-03-12,25.775139303577202,25.54937223419903,25.662254333496094,12.481862042263067,14.93352282312921,17.01831655319216,24.611152599055057,22.450788893715714
AWK,2012-03-13,25.88802035868108,25.60204724963086,25.8804931640625,12.663250031724985,14.359923970430863,17.029913676402273,24.613997659980843,22.463125916176665
AWK,2012-03-14,25.88802826307737,25.444018380870684,25.579479217529297,13.132219060827948,14.254991244455775,17.109126087460595,24.656783252105267,22.394950699039256
AWK,2012-03-15,25.797713508874242,25.38380676286944,25.54184341430664,13.060918967755919,14.137634934420362,17.101702281560804,24.648585323847815,22.38923484268845
AWK,2012-03-16,25.586997615362712,25.323603199988682,25.436485290527344,13.120752267789088,13.996795908840806,17.118096028669495,24.594257975584828,22.38852099898484
AWK,2012-03-19,25.526794491045706,25.090311856376083,25.127939224243164,13.467916008115186,14.016455592624203,17.1297770390012,24.589552528630758,22.427483741285297
AWK,2012-03-20,25.293494144021576,24.992469565958885,25.15803337097168,13.475335480449715,13.82057349726636,16.196734294920205,24.462239703443466,22.367855139583387
AWK,2012-03-21,25.285973983510157,25.090309962896928,25.173091888427734,12.92794110586949,13.82075838287009,16.133034247114896,24.447897507182,22.36460991903753
AWK,2012-03-22,25.22577332639235,24.917224308688567,25.203197479248047,12.815848088352979,13.73940790181201,15.766734187954864,24.44601528904485,22.364022575375
AWK,2012-03-23,25.37628809323944,25.09783922157123,25.316082000732422,12.833835804381764,13.475641540457897,15.773891290809603,24.444826111323884,22.34607618388059
AWK,2012-03-26,25.624622808591635,25.391331452100115,25.602046966552734,13.05473426297602,12.836078264494327,15.851604127504537,24.476199858057925,22.368784762146472
AWK,2012-03-27,25.66225718042305,25.47411745660533,25.61710548400879,13.050580539081782,12.705153319775365,15.318955608881183,24.387381306448432,22.341272315423836
AWK,2012-03-28,25.58699232304894,25.248340379910765,25.413904190063477,13.25406167730652,12.63641293711929,15.32960423478928,24.404713944746355,22.35294126621976
AWK,2012-03-29,25.75256473629096,25.24082448921165,25.67730712890625,13.312053713936262,12.490420234647342,14.723313453038624,24.428027858595016,22.353954153437016
AWK,2012-03-30,25.729984565838887,25.549372059882234,25.609575271606445,12.818800309521095,12.477124863048635,14.553827008512082,24.404441537281624,22.35516395972994
AWK,2012-04-02,25.918123701238052,25.549371501675765,25.850393295288086,12.858411092884856,12.464005433396963,14.318975169938449,24.422020231222522,22.355665339480986
AWK,2012-04-03,25.970805952414874,25.677308445525693,25.918127059936523,12.51246963646121,12.42038361422684,14.31707586249453,24.363718663813223,22.35265619837939
AWK,2012-04-04,25.805253383743363,25.511755780923938,25.54938316345215,13.20746035819389,12.809043242308297,14.399095605013596,24.429866832727107,22.403536767708957
AWK,2012-04-05,25.58699681341347,25.353702573691383,25.444011688232422,12.644474397648697,12.484578540303398,14.317325343996556,24.432991474250635,22.38786997119247
AWK,2012-04-09,25.285976707767226,25.12794003515494,25.210721969604492,12.807958272410486,12.501514210683693,14.404971797591479,24.43344104894136,22.405407628983557
AWK,2012-04-10,25.28598229033979,24.774241919656625,24.887126922607422,13.311116398788908,12.766241855386284,14.511708474138189,24.468032652872594,22.443721825659466
AWK,2012-04-11,25.1580481544789,24.88712644917864,24.90970230102539,13.25938300350943,12.763363503781946,14.501582015457787,24.446647475213958,22.434721216650757
AWK,2012-04-12,25.127947491832085,24.819398380548645,25.112895965576172,12.559740468888297,12.571364519855187,14.465911237985827,24.43425140242365,22.381031716445264
AWK,2012-04-13,25.278448918072495,24.85701497807602,24.872066497802734,12.805508885496922,12.740987277519144,14.514629589110841,24.25886094892187,22.387896330616762
AWK,2012-04-16,25.030112104998206,24.81939649499392,24.887126922607422,12.587264011726345,12.374289026038952,14.51100693955383,24.258881233798725,22.37987807442002
AWK,2012-04-17,25.22578097710296,24.84197423453996,25.112895965576172,12.777179880937926,12.502275163542887,14.562341807318017,24.244479437468307,22.372259015733793
AWK,2012-04-18,25.499355815688677,24.877975041872123,25.264442443847656,12.160694954667644,12.555967028214818,14.54497422097512,24.251331294801854,22.349940810051613
AWK,2012-04-19,25.416011074509505,25.143209069447852,25.249298095703125,11.709057917722028,12.453387035496196,14.362612497459434,24.178863482521322,22.35032973737645
AWK,2012-04-20,25.681224984397613,25.287178097754776,25.59029197692871,12.35642928832642,12.655587129329248,14.489426272546007,24.0804799279322,22.38437212114218
AWK,2012-04-23,25.48419862722105,24.991639380495364,25.128040313720703,13.366587472179553,12.874010768150807,14.814700680788203,23.994819942486707,22.45512540509508
AWK,2012-04-24,25.51451301574707,25.211402015948263,25.51451301574707,14.118950493898172,13.238464292213894,14.516944123450923,24.032936037162777,22.501816914253922
AWK,2012-04-25,25.78731174343677,25.514509853928296,25.77215576171875,14.210234240340172,13.377391125365287,14.463543202082715,22.49502949043512,22.494984027763127
AWK,2012-04-26,25.99192276870851,25.62061119683626,25.961610794067383,13.932442605745669,13.423025921339699,14.418302388846534,20.13927184776535,22.460176293679734
AWK,2012-04-27,26.264709233799284,25.89339499070459,26.20408821105957,14.14827183890915,13.50802869672304,14.4764361376802,19.826639410960748,22.474738373961788
AWK,2012-04-30,26.181363629504833,25.79489613887244,25.946453094482422,14.419734072400722,13.675913091208534,14.542431168807079,18.530311581652377,22.49288682482045
AWK,2012-05-01,26.439009805628746,25.900985354933876,26.120742797851562,13.988315486766743,13.69032071127189,14.57108374881628,18.48937353527599,22.49776759212447
AWK,2012-05-02,26.226832362120238,25.794896904767395,25.99949836730957,14.094090456816005,13.725760915459398,14.27345458394419,18.197295897823114,22.504268604225615
AWK,2012-05-03,26.34807988780133,25.840364456176758,25.840364456176758,14.249222717279581,13.55720847370879,14.303557780976858,18.19878959754319,22.500993135870893
AWK,2012-05-04,26.098010445946944,25.688810372189824,25.840364456176758,14.251077889544034,13.513611777607656,14.300517520322689,18.151078558754744,22.495095917487806
AWK,2012-05-07,25.79489117964975,25.514509853928296,25.77215576171875,14.242435068176915,13.47668813914821,14.304754723873325,17.886810657775108,22.496789235504032
AWK,2012-05-08,25.741848945996082,25.46904703256876,25.66606903076172,13.937976471175798,13.388721920464693,14.318825899715668,17.639026815107634,22.472419583110163
AWK,2012-05-09,25.900985717919255,25.40084977675423,25.787317276000977,14.002082324030072,13.41992361100049,13.967539133830556,17.611894569927223,22.252297595083007
AWK,2012-05-10,26.181360979142806,25.847938023120328,26.044960021972656,14.054170898799216,13.56850900337083,13.780849693630367,17.534523272318218,22.04209908714343
AWK,2012-05-11,26.173783827630814,25.772157511603417,26.014650344848633,13.771267771036587,13.428341660418727,13.696756068954919,17.24933189729181,22.042824406440893
AWK,2012-05-14,25.908559540927502,25.605448545529903,25.658493041992188,14.354012000162344,13.492671864816508,13.794692798965121,17.300234289536533,22.056669689830986
AWK,2012-05-15,25.764583172929402,25.50693722557177,25.605449676513672,14.090622290739566,13.390512737880256,13.634545209259857,17.204022246150146,22.016899477527463
AWK,2012-05-16,25.757007012607236,25.567561545258783,25.575138092041016,14.064885717005735,13.243283889604749,13.513382608094707,17.11165437770629,22.01727735949405
AWK,2012-05-17,25.544825871657544,25.203823455650472,25.211402893066406,14.064447159634572,13.539184315817238,13.72304535954939,17.20477124155802,22.063450371492042
AWK,2012-05-18,25.325068036833585,24.9689125330522,25.01437759399414,14.189678054498547,13.3265912591101,13.73357206239124,17.216599116835916,22.038631599921246
AWK,2012-05-21,25.196253971343552,24.83251892255212,25.14320945739746,14.038759014163729,13.325648431570627,13.575708239688502,17.213992441534444,22.042606256624175
AWK,2012-05-22,25.48419949394288,25.08257322547215,25.37053108215332,13.732170990298858,13.459543312083651,13.188275811373835,17.225916721190934,22.01607532372711
AWK,2012-05-23,25.393261511537762,25.105306569340467,25.385684967041016,13.731944105082036,13.420767608768438,13.102596517693346,17.15889320530485,22.01583482364376
AWK,2012-05-24,25.961606188405778,25.385693225938024,25.946453094482422,14.908545769758252,13.759016501877666,13.422181085762599,17.264751101583865,21.973401393100914
AWK,2012-05-25,25.946448094350558,25.787311731737518,25.810047149658203,14.687728545478473,13.791983045708545,13.307835641336982,17.277842793425876,21.97931954537468
AWK,2012-05-29,26.052538856362276,25.825204896572277,26.014650344848633,14.81208311539456,13.74981783659009,13.334383609551717,16.802926459536444,21.98966454080516
AWK,2012-05-30,26.075278465560213,25.71154345298668,25.75701141357422,14.99159945713256,13.864556010803778,13.372036291894423,16.83531768013518,22.007852999474093
AWK,2012-05-31,26.06769407058043,25.703956276790407,25.92371368408203,15.005157985806076,13.557925070905801,13.37037530335126,16.807769396676832,21.97034815163607
AWK,2012-06-01,26.31018108125262,25.635755842756602,25.885822296142578,15.014529217319764,13.383779792416824,13.364728878817658,16.587451989570763,21.959774528924566
AWK,2012-06-04,25.98433889332966,25.590292006235547,25.66606903076172,14.760925825967455,13.496071467640942,13.248720814211076,16.602909986638668,21.93840650419804
AWK,2012-06-05,25.954024296386354,25.544821467724528,25.916135787963867,13.944271852800231,13.606667133160617,13.223279592206971,16.630548463145733,21.934895974078426
AWK,2012-06-06,26.507214346782735,25.931301291445177,26.484481811523438,14.622658505099553,14.296975340883087,13.601076741180732,16.788184770896088,22.032992676819376
AWK,2012-06-07,26.522362384683767,25.991914558848475,26.007070541381836,15.414207276576144,14.702543371825257,13.937325984528467,16.74767950587004,22.11532279060881
AWK,2012-06-08,26.044959052361193,25.794892567330955,26.007070541381836,15.269769192417657,14.496212224261084,13.785218234832108,16.743800649535174,22.099009551687793
AWK,2012-06-11,26.135895219612223,25.61302393424695,25.635759353637695,15.56410680242628,14.800879640219271,13.989853572259811,16.812972120220504,22.151040597011924
AWK,2012-06-12,25.779743948513527,25.544830488207968,25.75701141357422,15.39253417968286,14.804906568867263,13.813986304347111,16.77605045576206,22.14486729627101
AWK,2012-06-13,25.787315141948138,25.514513216487085,25.613025665283203,15.323369561956712,14.629327547139898,13.845042141070307,16.696160990786954,22.13148985402883
AWK,2012-06-14,25.86309431730662,25.650913442096325,25.749425888061523,15.369498555537199,14.664135671375286,13.866862817895639,16.685273369900592,22.10275373831685
AWK,2012-06-15,25.749432371421722,25.47663038511222,25.537254333496094,15.451932920929131,14.771020775901707,13.88127968383001,16.648854020706132,22.121149414796093
AWK,2012-06-18,25.772160111268203,25.438737129324025,25.688806533813477,15.559807797414601,14.81570112618083,13.865360898782782,16.64025506016884,22.096170853614783
AWK,2012-06-19,25.916137999304837,25.58271215903783,25.620603561401367,15.560018768447728,14.802409900708167,13.673038278063812,16.626222221452842,22.094937066883357
AWK,2012-06-20,25.61302370823425,25.294756746653487,25.4235782623291,15.673356876329603,14.708325848607126,13.728166996206959,16.234233041758305,22.109947647137478
AWK,2012-06-21,25.71153748646219,25.355379104614258,25.355379104614258,15.613631596694477,14.71692966731525,13.72800336904589,16.22757294410299,22.110823288883417
AWK,2012-06-22,25.50693236091227,25.241709917469045,25.264442443847656,15.312216547785006,14.645161993490156,13.719986073409943,16.203400261576494,22.112663003443537
AWK,2012-06-25,25.203817325198028,24.817349941531365,25.128040313720703,15.365271540333797,14.521821980889808,13.719881916277318,16.181750650466707,22.111580286743067
AWK,2012-06-26,25.325069599624538,25.037114560194926,25.2341365814209,14.959886650091237,14.543766485026755,13.736036153388689,16.171789022509266,22.11241682487185
AWK,2012-06-27,25.696376578512915,25.256864708557885,25.597864151000977,15.55727352466178,14.717815322210761,13.892662971660293,15.997724399686724,22.146055540715118
AWK,2012-06-28,25.794896713840092,25.40842632388479,25.787317276000977,15.698225647270789,14.788320017349903,13.939967160769681,16.015457034046914,22.10602939748383
AWK,2012-06-29,26.219252749886593,25.817629265367955,25.976762771606445,15.194310562497018,14.561419597825411,13.850766399408226,15.80519666554769,22.07463061563837
AWK,2012-07-02,26.325348120005774,25.991922187823057,26.272300720214844,15.23997579664487,14.705000212563746,13.94179746811162,15.754159532557146,21.998559880451495
AWK,2012-07-03,26.57761192321777,25.98988149454161,26.577611923217773,15.479689697662192,14.732991622142197,14.028875726406307,15.798079477512648,22.014043031098378
AWK,2012-07-05,26.577607234509124,26.279926284175424,26.501279830932617,15.385350143943729,14.472710599387506,13.96744880369658,15.762812939368281,22.01547641422431
AWK,2012-07-06,26.577608516711173,26.333357319438207,26.4936466217041,15.39176935163108,14.475277672198878,13.965680525307706,15.745452206131056,22.011543195909308
AWK,2012-07-09,26.64630456907069,26.417319433689865,26.585243225097656,14.143193525189602,14.408954904418708,13.974064023604804,15.717612690688929,22.013141787284944
AWK,2012-07-10,26.943988277568476,26.653938857000472,26.760801315307617,14.117473101635508,14.28283906316899,13.923521311458448,15.725488762845941,21.951093720029856
AWK,2012-07-11,26.85239093749228,26.463113603148372,26.638671875,14.06649584015896,14.331718451963752,13.809487749790673,15.73675318930228,21.953712135089077
AWK,2012-07-12,26.776059150301997,26.486009818889933,26.6539306640625,13.693808411064321,14.237164864814854,13.74018054314081,15.663296592899817,21.951779566867156
AWK,2012-07-13,27.096643447875977,26.669202390343933,27.096643447875977,14.325030447778426,14.552557017647224,13.878655618418051,15.219504949886645,21.98635534823641
AWK,2012-07-16,27.0966411026358,26.85238992281595,27.0584774017334,14.324090469464421,14.557701651277382,13.867475087027914,15.186216672939167,21.98523022803472
AWK,2012-07-17,27.34088784684149,26.95924507632533,27.172964096069336,14.023906804331265,14.347384561083626,13.724522896575667,14.973711534324499,21.941654949264834
AWK,2012-07-18,27.47828701763929,27.058480437210612,27.47065544128418,14.086031506506117,13.915225555184982,13.782222478281886,15.017906830204828,21.962855839073576
AWK,2012-07-19,27.478280220248067,27.22639458727819,27.424850463867188,12.808909643239094,13.628898195619321,13.785923759351418,15.019161601765834,21.96109832239719
AWK,2012-07-20,27.59277200131511,27.26455900324048,27.531707763671875,11.434762510378679,13.516183319337685,13.763897100748965,14.718695602389928,21.940674627065647
AWK,2012-07-23,27.814134012013092,27.10427797210609,27.730175018310547,11.5202879322403,13.513432407944487,13.581250299745898,14.698650886726188,21.933503201339093
AWK,2012-07-24,27.72254266163207,27.44012770402965,27.67674446105957,10.487814105136685,13.418043392097504,13.577308399456308,14.313246090615623,21.9176414489549
AWK,2012-07-25,27.7454426000005,27.15008050185738,27.203510284423828,11.927120091852744,13.751844184315146,13.7872494374952,14.376148494838603,21.971182419387105
AWK,2012-07-26,27.562256803665516,27.09665189674999,27.4172306060791,11.835244830198139,13.774522584334006,13.812172283438514,14.231736996226005,21.81598152741361
AWK,2012-07-27,28.035479616666336,27.47828148049407,27.959152221679688,12.83349618382458,14.250869365589766,13.901402662314569,14.399472101513025,21.894013632890175
AWK,2012-07-30,28.211041244573043,27.852298914104644,28.020219802856445,12.404022827614405,14.169349336706711,13.811044363954005,14.328727102274916,21.86750222302353
AWK,2012-07-31,28.04311485599971,27.64620598566654,27.669103622436523,13.175720489566059,14.453475714644362,13.969766119399491,14.362434736199878,21.911107947337243
AWK,2012-08-01,28.24156783531452,27.60040780042302,27.669103622436523,13.108062237980947,14.434066915902493,13.956386225643719,14.361041305279002,21.85331478649549
AWK,2012-08-02,27.814126841485667,27.440118519626033,27.669103622436523,12.768321042725649,14.3939703801085,13.954630696687511,14.326695410726717,21.741470695934435
AWK,2012-08-03,30.058197976319036,27.829401751459674,28.714813232421875,16.05915442805426,16.14946220172488,15.054236011608246,14.944318585252331,21.882248863866174
AWK,2012-08-06,29.30253901289536,28.783504478173096,29.126983642578125,16.14434988690648,16.266103894037037,15.058948295546148,14.975580518491613,21.904131737104883
AWK,2012-08-07,29.378869726041955,28.905630465784608,28.920896530151367,16.243666724528143,16.35854046668562,15.111723556705895,14.979690578694852,20.705353608605066
AWK,2012-08-08,28.87509849863235,28.1652425875585,28.401859283447266,17.537089061042675,16.55692961514709,15.398434629016727,15.154195250449298,18.988362057863025
AWK,2012-08-09,28.997228410165498,28.44766171024718,28.90563201904297,17.729695475696055,16.85334493003456,15.469036780912615,15.273129683093629,18.80633153108292
AWK,2012-08-10,29.004861391933435,28.76824173762778,28.844572067260742,17.788341163852614,16.861975737471845,15.47907560606763,15.256351963269656,17.807501168517007
AWK,2012-08-13,28.997225020901226,28.714807215506077,28.94379234313965,17.755911950887675,16.5166562914192,15.48203406217753,15.157917129281378,17.769364862386315
AWK,2012-08-14,29.172775661012693,28.890357901325412,29.08881378173828,17.611448413806123,16.388893395265782,15.492545201369603,15.162209425711243,17.54915459269035
AWK,2012-08-15,29.302537207621516,29.126981848119918,29.272005081176758,17.464812228662908,16.39835395605223,15.504222878433268,15.170626834691348,17.54217119495328
AWK,2012-08-16,29.37887132073925,28.87510281610768,29.02775764465332,17.702889836095544,16.49217590390415,15.501877519512389,14.96775997585203,17.531944230870486
AWK,2012-08-17,29.073560445836712,28.7758794066306,28.83694076538086,17.89907446952674,16.588449671836596,15.55161517172291,14.932339176881642,17.349050770225684
AWK,2012-08-20,28.92853788750091,28.356073440479424,28.62322235107422,18.142593420063584,16.18191326138747,15.54397569995312,14.925374119264687,17.180102847965806
AWK,2012-08-21,28.836934819597907,28.409496661364,28.424762725830078,18.29913307727342,16.216318349330823,15.527738361994171,14.954919367045107,17.17721379438659
AWK,2012-08-22,28.562150084502406,28.25683754523807,28.485822677612305,18.1923361241953,16.163822145110238,15.517625898158336,14.935180420536643,17.098924263530442
AWK,2012-08-23,28.478192140762395,28.218674871480868,28.409496307373047,18.24258482343036,16.011515182494705,15.471450271535572,14.941591214517091,16.893885397798165
AWK,2012-08-24,28.615587380470416,28.348435589842488,28.539257049560547,17.74845394779335,15.991866253775571,15.479854267083967,14.771670817387916,16.86829465666974
AWK,2012-08-27,28.66901012454052,28.432390524312776,28.546884536743164,17.72933146848595,15.981632420057117,15.284990343193952,14.762919087718524,16.796638951953742
AWK,2012-08-28,28.699543962971724,28.447661171416247,28.600318908691406,17.71433376190428,15.840840178337961,15.262273950749883,14.7611303745043,16.72966589428812
AWK,2012-08-29,28.722448775700823,28.447665390196082,28.516361236572266,17.543695571907982,15.78352618390196,15.18598084652478,14.764578817421487,16.73392693149062
AWK,2012-08-30,28.53925652209239,28.20341180740934,28.233943939208984,17.825310227838276,15.389797397458112,15.122803685870467,14.817558209679573,16.757633687842517
AWK,2012-08-31,28.409493343166773,28.104177912913848,28.14234161376953,17.843766800638463,14.88771957798135,15.139671714198148,14.634300714315748,16.754405919469697
AWK,2012-09-04,28.6461073025818,28.104175231703124,28.5316162109375,18.14823602119034,15.100567718425879,15.230781306299654,14.574799394167574,16.79048494942352
AWK,2012-09-05,28.48582567845402,28.027855365460628,28.18814468383789,18.524631043926817,15.005230836077905,15.280908138479365,14.612469396574454,16.791827777602396
AWK,2012-09-06,28.760595321655273,28.2949907420854,28.760595321655273,18.558993998054575,15.466817896012481,15.570689305893382,14.729665382856025,16.84766162419603
AWK,2012-09-07,28.80640733583593,28.340802532566364,28.455293655395508,18.814485379132588,15.60519337241318,15.640384576518935,14.71188502803419,16.88692713078586
AWK,2012-09-10,28.62322228314786,28.371336529437883,28.478199005126953,17.993647579510906,15.588635727622954,15.621822250322687,14.650650105737792,16.525395856348187
AWK,2012-09-11,28.585055248106467,28.36370165602446,28.539257049560547,17.993347871236523,15.450131297295306,15.619856481268938,14.651265946051392,16.51176823355243
AWK,2012-09-12,28.898000816440096,28.363700174791344,28.455293655395508,17.589751030944818,15.457313516517695,15.510392830552068,14.634066727773432,16.48856394576848
AWK,2012-09-13,28.546886985833915,28.241571534295094,28.386594772338867,17.61483674025513,15.454483107560261,15.21002903951879,14.553684467453767,16.331746494272597
AWK,2012-09-14,28.35607278290919,27.3332695448145,27.37143325805664,20.66603044581739,17.220418983474417,16.17718331901033,14.978703523788422,16.739861395842436
AWK,2012-09-17,27.546989537854387,27.134814433737716,27.203510284423828,17.397210041343182,17.26870199683745,16.14336646289221,14.96061586438878,16.75079728517248
AWK,2012-09-18,27.592787995895037,27.096650968411222,27.562255859375,17.307911742442176,17.410264484045125,16.230971003428905,14.978114240287496,16.77960569763708
AWK,2012-09-19,27.890458393269558,27.577511392750054,27.760698318481445,17.42500507613744,17.389391405321202,16.205494849415054,14.922749627539034,16.65172371533476
AWK,2012-09-20,28.19577517983122,27.86756206714234,28.020219802856445,16.940520712769946,17.452511251970876,16.17651777591339,14.94628941350962,16.670282039998085
AWK,2012-09-21,28.35607111364611,28.012591891277378,28.096553802490234,16.092184681808888,17.256622459411343,16.151742551257158,14.910705950783857,16.651097493806212
AWK,2012-09-24,28.546884938664007,28.0125843926391,28.462923049926758,16.582380107606404,17.374553956496,16.244001547059174,14.963461039859984,16.66240021332366
AWK,2012-09-25,28.623220082875843,28.180512881309195,28.2415771484375,16.673740276698325,17.43998876185396,16.26455413540745,14.993965565521705,16.61744025011664
AWK,2012-09-26,28.371331708492015,27.99732329809956,28.088916778564453,16.631271142168707,17.37049002666589,16.29482268165607,14.913126792266285,16.615941687854583
AWK,2012-09-27,28.18050248355236,27.814125751078073,28.165239334106445,16.524380476998417,17.23753083988282,16.28790981528707,14.866217089162456,16.565084526936992
AWK,2012-09-28,28.31789798917829,27.99731939637508,28.287368774414062,16.460572738008583,17.232145274702365,16.276953848460256,14.856519818160683,16.555040364054022
AWK,2012-10-01,28.348433193476954,27.875196828657273,28.012588500976562,16.581543682451578,17.373222400422595,16.354280912931575,14.909311219900795,16.575271823376053
AWK,2012-10-02,28.378954997588487,27.905718804955608,28.104171752929688,16.5085214099681,17.37210328347663,16.293801507058067,14.834192140280319,16.272221816321725
AWK,2012-10-03,28.310278379450217,28.00496280912805,28.226316452026367,16.45560273463664,17.34695788515234,16.300655577582273,14.839169682789787,16.26755684354585
AWK,2012-10-04,28.47055694212385,28.134712271550026,28.378963470458984,16.523187047977792,17.333157938150546,16.14696046498786,14.753551826285133,16.24903902760933
AWK,2012-10-05,28.554519906235637,28.287371057339445,28.424762725830078,16.51230450516936,17.333232740742517,16.13967676169793,14.751931724808182,16.223178392912928
AWK,2012-10-08,28.386598509482766,28.21104312083216,28.36370086669922,16.46645121221586,17.044252328689844,16.143800772255286,14.755967698377464,16.21468270421386
AWK,2012-10-09,28.470557303899632,27.875195362956777,28.050750732421875,16.764671705766688,17.211701538720735,16.073577371456967,14.791887044959582,16.082278779903405
AWK,2012-10-10,28.27210692801561,27.867563471234902,28.08128547668457,16.756251894730482,17.195509099965207,16.00991944222992,14.771402411658343,16.081156603227857
AWK,2012-10-11,28.256839001757058,27.89046218873234,27.9820556640625,16.764401076839217,17.078567478810992,16.014258377414816,14.68085907522233,15.92449011885291
AWK,2012-10-12,28.066015230610038,27.615676556080658,27.722536087036133,16.73468721667475,17.18796154123966,16.04732491166413,14.72690508611102,15.887511489565723
AWK,2012-10-15,27.775968452459416,27.531717241211457,27.630945205688477,16.735513714757666,17.18492417797338,16.06109456470992,14.731212084485998,15.889055958441709
AWK,2012-10-16,27.8217719759787,27.478292734457053,27.71491241455078,16.217563849226206,17.132432098907667,15.708685486863919,14.725681040391619,15.860128526234273
AWK,2012-10-17,28.53162433614876,27.72254033094956,28.47056007385254,17.75661108225279,17.991635457976756,16.22132296433575,15.042376667011107,16.060089486343717
AWK,2012-10-18,28.569786050532795,28.28737113638139,28.447660446166992,16.738310166905244,17.611585033924275,16.185674886773775,15.043325751718651,16.039615001021414
AWK,2012-10-19,28.554521624544165,28.241574563417707,28.455293655395508,16.45074915413392,17.549809268751773,16.09237426946193,15.030259412281795,16.035126767368226
AWK,2012-10-22,28.58505637177291,28.23394557089872,28.2415771484375,16.592410276118123,17.174739943231657,16.12487541019834,15.059694439512583,16.055842304939475
AWK,2012-10-23,28.218677206711256,27.760703975648127,27.85993194580078,17.01516884038581,17.398951251093763,16.283766626971893,15.087268118736699,16.06932903816219
AWK,2012-10-24,28.180513305064427,27.615683384156764,28.035490036010742,17.124010520958134,17.24869406013545,16.239011120139267,15.092469775005398,15.697720269236854
AWK,2012-10-25,28.195775614741894,27.898094626945028,28.05838394165039,17.118120240953136,17.249062104252104,16.177408148350196,15.075864481193738,15.673680635711495
AWK,2012-10-26,28.088915203898363,27.844663995215218,27.9820556640625,13.319673520633202,17.259663527999045,15.835218529617762,15.042994678207014,15.525744989318833
AWK,2012-10-31,28.149977053888144,27.699638380457394,28.04311752319336,13.163186116606306,15.459995696127443,15.549156519980095,15.042973330900578,15.525293069995968
AWK,2012-11-01,28.188151998044464,27.676748867856528,27.928634643554688,12.727123937909942,15.172115658186714,15.56775328744879,15.05277981659143,15.53125494487947
AWK,2012-11-02,28.14234687901526,27.806502172265724,27.85993194580078,12.589789253536331,15.11822738876147,15.387558734183774,15.013098490086712,15.330315162936905
AWK,2012-11-05,28.050753397484346,27.516452750429504,27.85993194580078,12.28496740172866,14.67252588923564,15.37544801532691,14.943282591842728,15.303323622067765
AWK,2012-11-06,28.50108986129205,27.7149064749557,28.43239402770996,13.634981025313545,14.826327051674548,15.650144324477521,15.090975683096136,15.158761971204388
AWK,2012-11-07,28.394236913852442,27.78360875788131,27.898099899291992,14.207237529986047,15.310186002190381,15.953381959382257,15.221318786012924,15.222216655143356
AWK,2012-11-08,28.43239630085148,27.646212851660554,27.85993194580078,14.047762626928625,15.28834968268086,15.890929660347702,15.214781897745674,15.10865474396601
AWK,2012-11-09,28.050757666210956,27.65384863690354,27.898099899291992,13.9768107511043,15.249269252405353,15.870552974379562,15.135789830987237,15.107821253573459
AWK,2012-11-12,28.050747994542018,27.630941464039275,27.875192642211914,13.94970489116476,15.1798334522188,15.86296649834766,15.11778634333823,15.062815164437382
AWK,2012-11-13,28.264471292425817,27.64621167869318,28.012588500976562,13.967913212138397,15.141363637532468,15.81609529602433,15.12629259899855,15.02697937250797
AWK,2012-11-14,28.204713759432764,27.62832316325229,28.058692932128906,13.686704319323864,15.095953215483398,15.805551913214236,15.11244272075091,15.026243503016264
AWK,2012-11-15,28.250816901680583,27.997206619751644,28.150911331176758,13.68705583882579,15.043931600379597,15.792224964754364,15.001454469832229,15.005847774229409
AWK,2012-11-16,28.62740186605972,28.058695143079113,28.45832633972168,13.99162793117278,15.148819011269154,15.833108235516654,15.046881166567323,15.035717526650123
AWK,2012-11-19,28.78878645166652,28.343045943300485,28.427583694458008,13.911328881860221,15.143908217021117,15.830144737267403,15.004186475940534,15.00585127442991
AWK,2012-11-20,28.673513093187896,28.327678134915132,28.650455474853516,14.086375765755413,15.2180008692754,15.726289378758542,15.01685049818998,15.003204782434809
AWK,2012-11-21,28.819534038880025,28.38147735602302,28.64277458190918,14.068896767369004,15.190294899073601,15.695775793627224,14.900665545882328,15.002281973402704
AWK,2012-11-23,28.81953374620533,28.34305160913695,28.542865753173828,13.70036090753246,15.207656406585537,15.67969310988756,14.858581692595637,15.00658842202415
AWK,2012-11-26,28.8195381544169,28.412222953303814,28.742687225341797,13.825069774285845,15.270385560685426,15.621689191358168,14.874093408756679,15.004519908894467
AWK,2012-11-27,28.973229482296304,28.496747493735324,28.85795021057129,13.793243771209617,15.277966667504192,15.536338245568796,14.871606440471172,14.938906788967637
AWK,2012-11-28,29.13462777108665,28.527495544620074,29.04240608215332,13.517484797210688,15.180664131240093,15.54963944789427,14.885628385604068,14.947833221289741
AWK,2012-11-29,29.303704141161592,28.8733313611491,29.19611167907715,13.478291287662152,15.192004711691787,15.563773096277941,14.866928040004797,14.951506959646757
AWK,2012-11-30,29.403605315116508,29.088511895842135,29.33443832397461,13.500265873427184,14.970118476616575,15.570261256206685,14.801431575528682,14.771096839422354
AWK,2012-12-03,29.33443092543188,29.034708349969186,29.17304229736328,11.386154579096045,14.793508949251882,15.577996804875148,14.817751451265432,14.73616950838929
AWK,2012-12-04,29.31906669142416,29.065453446181664,29.18073272705078,11.37717659808293,14.222398505221708,15.55392691784337,14.806527743602372,14.704343710684768
AWK,2012-12-05,29.180739486498624,28.61971958177324,29.142311096191406,11.393471555585606,14.043887792079177,15.557868741028857,14.728126955650861,14.705490008730226
AWK,2012-12-06,29.20379336264965,28.688885781617216,28.911754608154297,11.419716662708607,14.147099569903704,15.417630783146075,14.764521575416909,14.716031567700833
AWK,2012-12-07,29.119252855431846,28.788788674486327,29.019344329833984,10.597204564025143,14.159738788230195,15.421677711700804,14.768606746911553,14.718909046594597
AWK,2012-12-10,29.34981293727154,28.980923246745093,29.257591247558594,10.68752868489879,14.234838368540995,15.457402369922079,14.794381739726992,14.613172006697367
AWK,2012-12-11,29.38824048112438,28.934813033240225,29.142311096191406,10.799613395284597,14.251516400811129,15.388585764620426,14.798744867483565,14.61541491524667
AWK,2012-12-12,29.588051602053,29.157678886984037,29.33443832397461,10.837328143426642,12.057429560024726,15.413361267840061,14.76263670920391,14.624561844287179
AWK,2012-12-13,29.326764017711483,28.91176193484086,29.034725189208984,11.364616357965083,12.192725493242257,15.501790533208515,14.820164050931695,14.66463157522552
AWK,2012-12-14,29.0731456980994,28.71193995381182,28.78110694885254,11.630481343344062,12.095752586079799,15.534429370325276,14.827130873854246,14.693129531584331
AWK,2012-12-17,29.257585532190614,28.673511035872664,29.219160079956055,12.272513595138136,12.38230255130168,15.70463281375064,14.881673686770075,14.626942082364042
AWK,2012-12-18,29.489929365242997,29.07218338394405,29.20369529724121,12.279422870463291,12.25900781870506,15.444698449720773,14.877059718171445,14.528394996928217
AWK,2012-12-19,29.219164610005667,28.7395286388855,28.84009552001953,11.589442096727238,12.546078721284296,15.543651310573917,14.92366033657882,14.555583885251092
AWK,2012-12-20,28.89424985879834,28.6234883119549,28.724058151245117,10.128005677923275,12.302673715456335,15.255601302186731,14.93179215945191,14.525812535995186
AWK,2012-12-21,28.84782991483794,28.3681910480906,28.66216278076172,10.146397878257755,12.200617427293317,15.257308982077491,14.829898841954408,14.464791754954689
AWK,2012-12-24,28.940673390833716,28.437827041174984,28.847841262817383,10.271222617745956,12.207816804910912,15.148823367515762,14.834865856984031,14.429559262058698
AWK,2012-12-26,28.855576079355547,28.422357514026462,28.522924423217773,10.876858644414625,12.433378670278323,15.263047638949082,14.856859361228675,14.480150189347151
AWK,2012-12-27,28.693112219662567,28.29083582636231,28.468765258789062,10.830132878274503,12.41079588121675,15.266992466906942,14.771774781847483,14.46331886850571
AWK,2012-12-28,28.64669201126723,28.329512974252307,28.422348022460938,10.842677816397984,12.245439082458006,14.081870167388391,14.774441770866698,14.400942179508045
AWK,2012-12-31,28.809155480561493,28.283101945768934,28.724058151245117,11.208058624420211,12.412466913340662,13.9980094577526,14.794388726441115,14.263954948737753
AWK,2013-01-02,29.39708137512207,29.010277672817832,29.39708137512207,12.653351255470174,13.241596018026808,14.432472571395605,14.978147477436984,14.409700209681997
AWK,2013-01-03,29.57501744712353,29.234631174106394,29.48218536376953,12.646720502544115,13.213429038629751,14.137677964701375,14.979894046605684,14.370386414760365
AWK,2013-01-04,29.598231809537197,29.39709508898227,29.505399703979492,12.491310685538847,13.211905217781805,13.866093730314361,14.948945262987264,14.315234856705935
AWK,2013-01-07,29.428039519469596,28.956138319777484,29.00255584716797,13.555632785508056,13.697263342846227,14.134200595918722,15.088541858259147,14.422502830990405
AWK,2013-01-08,29.141794558297317,28.85556059535903,28.87877082824707,13.577142564965108,13.523665814915278,14.140277791699468,15.099500273205098,14.403221575496971
AWK,2013-01-09,29.04122598459501,28.8555588878701,28.94839096069336,13.448515965517096,13.52888424492672,14.122837001846001,15.025473908423276,14.392311899755642
AWK,2013-01-10,29.36615187394909,28.96387545704956,29.09539031982422,13.477868346300784,13.533883156258558,14.110315223319637,14.864600655737581,14.394912423612283
AWK,2013-01-11,29.706525596185696,29.126320041190493,29.667842864990234,14.491132389977485,13.909773237762662,14.382811928622253,14.930604094993816,14.442688039312992
AWK,2013-01-14,29.652393264873496,29.234644275943484,29.34294891357422,14.810476279027181,14.10299184332576,14.45297704143875,14.95563152087013,14.455725740099645
AWK,2013-01-15,29.358401749629415,29.164999897459364,29.26556968688965,14.767247857694654,14.116009448287409,14.408646722856219,14.940158738907424,14.44833592648456
AWK,2013-01-16,29.28880107588314,28.90973183509874,29.149551391601562,14.7245309177816,13.066883323514796,14.378543072647402,14.91471198097696,14.455540348375859
AWK,2013-01-17,29.296527409632127,29.041238362787198,29.20369529724121,14.73448708044652,13.067844667095438,14.377644100563858,14.86325672636555,14.397903048752935
AWK,2013-01-18,29.389356995500293,29.195955075935768,29.32746696472168,14.77816493728669,13.090850917428357,14.383635168487283,14.85201509847243,14.401428538159683
AWK,2013-01-22,29.783901738503154,29.296527974661696,29.605972290039062,14.80405439851361,13.108111007409768,14.441222993838485,14.874953258341547,14.357028803409946
AWK,2013-01-23,29.698797896203533,29.466716186067355,29.660118103027344,14.781757204285952,12.761359864566149,14.443071933247372,14.853071930985578,14.35610716962148
AWK,2013-01-24,29.930890498292865,29.435781882876224,29.853530883789062,14.716185981824609,12.765261574130097,14.473875613538606,14.868256046356878,14.367561569385773
AWK,2013-01-25,30.093343559901122,28.592542591103058,28.932931900024414,17.363577717917643,14.386388019211019,15.318660950362611,15.341521081235179,14.699888378633954
AWK,2013-01-28,29.358411507901327,28.747260743648376,29.234634399414062,17.52740269560398,14.510447702910165,15.31743279573039,15.37396917950638,14.7169015770454
AWK,2013-01-29,29.84578542741064,29.281049229425502,29.799367904663086,18.108897983411143,14.990806835758722,15.59322905760489,15.520630809654254,14.762182642531386
AWK,2013-01-30,29.977293760361228,29.629169758734836,29.752946853637695,17.89462532531198,14.962948796999637,15.452923276161368,15.48491514781051,14.763245934588998
AWK,2013-01-31,29.853522231230066,29.57502297800666,29.61370277404785,17.463546333259465,14.992258472499959,15.344277132955492,15.49663702495476,14.771211314640064
AWK,2013-02-01,29.907669630275215,29.6446429288273,29.71426773071289,17.481440246682812,14.99852882880726,15.026621065907388,15.403280268145975,14.7680415176279
AWK,2013-02-04,29.683329914466462,29.443513389562394,29.451248168945312,17.27502683345404,14.585466074734635,14.996068841603716,15.44236373844562,14.791176944576526
AWK,2013-02-05,29.621442924517034,29.428040977427337,29.435775756835938,17.22140038789727,14.007485185451879,14.99651542398564,15.44138189079978,14.791571467197112
AWK,2013-02-06,29.830305190951606,29.435763727518722,29.81483268737793,17.53941459984451,14.209063705803231,15.124080471106094,15.401251255240512,14.832381793795332
AWK,2013-02-07,30.425990588804968,29.752949801940872,30.1629638671875,17.73315527781907,14.370461212814984,15.217400285006796,15.417173692924912,14.871903999358004
AWK,2013-02-08,30.348622030471127,30.01597056763547,30.3099422454834,17.332900329512576,14.381797490060844,15.22473595090407,15.416175191010083,14.831851914981348
AWK,2013-02-11,30.44145754745688,30.132016281480116,30.201641082763672,17.37273194335438,14.39834520212251,14.035322587046704,15.396550787572677,14.830616227529935
AWK,2013-02-12,30.402787513764803,30.085608417491652,30.340900421142578,17.354355378603824,14.414503219177213,13.99988836322672,15.402476912639706,14.823160798180865
AWK,2013-02-13,30.557507432658397,30.325425687942715,30.487882614135742,17.192622254138865,14.427096957490576,13.88035711774358,15.208423204212535,14.800562541754239
AWK,2013-02-14,30.50334853751812,30.240321830012963,30.286739349365234,16.13984034274883,14.378505212051799,13.897105602036811,15.216954534494667,14.817475448665093
AWK,2013-02-15,30.31768426938404,30.062395266576345,30.30221176147461,16.130270222405862,14.372186722190778,13.831212098775186,15.194148644475161,14.817469756415935
AWK,2013-02-19,30.750898361206055,30.286735038072056,30.750898361206055,16.617277781668324,14.578150468649822,14.00355077229676,15.227385320152731,14.85051345493265
AWK,2013-02-20,30.81279219141575,30.534292982638487,30.580707550048828,15.809950283020052,14.640598883034139,13.905912619750755,15.232937382527389,14.815474665417685
AWK,2013-02-21,30.812795368912678,30.38730878324856,30.518823623657227,15.748510306715028,14.624038335598675,13.84585389695989,15.234321519090804,14.790827411262589
AWK,2013-02-22,30.812800978508207,30.464676868259755,30.805063247680664,15.897452976116385,14.67233048043441,13.875887574106983,15.225085400949325,14.78003254640195
AWK,2013-02-25,30.928833206961237,30.34089269687097,30.356365203857422,16.588775659432496,15.012757018014227,14.091595420222122,15.302284371063877,14.85524468173045
AWK,2013-02-26,30.74316681125103,30.3254180059388,30.503347396850586,15.722797423372786,14.991825466490264,14.095074827385215,15.108214134022823,14.804923823536734
AWK,2013-02-27,30.658071707584405,29.938616363761714,30.456932067871094,15.33245126151615,14.970174773443299,13.998969033520089,14.941294972750585,14.791941606760977
AWK,2013-02-28,30.64260073464703,30.36410149715019,30.518823623657227,15.289372406108685,14.949416468338933,13.99489237063568,14.941547279318037,14.791966650566316
AWK,2013-03-01,30.86694429777091,30.302208155065745,30.611652374267578,15.210205839703331,14.901167107945469,13.988108463023716,14.83269593803854,14.782537066185824
AWK,2013-03-04,31.15317916870117,30.54202844148243,31.153179168701172,15.893827592794342,15.289849425771438,14.220228746905633,14.95512970400044,14.797424246449253
AWK,2013-03-05,31.478085817243652,31.075809592448046,31.12996482849121,15.902779134389869,15.286450757672096,14.222285599543948,14.935690553824285,14.794307293462108
AWK,2013-03-06,31.129976097286743,30.77411430159738,30.990726470947266,15.847220604711312,15.215311714658611,14.239865854151281,14.941618884256998,14.770556961002459
AWK,2013-03-07,30.952035280671716,30.46466467250989,30.603914260864258,16.3634690474256,15.462046581210561,14.273107719909106,14.987724970949179,14.822561759778058
AWK,2013-03-08,31.068083479272417,30.534295256746827,31.029403686523438,16.708602811864996,15.617725452409289,14.420087923574917,15.053061531454109,14.795195741085632
AWK,2013-03-11,31.300176079705246,30.905637334634697,31.222816467285156,13.593961006198773,15.61962435398429,14.42507812759784,15.058899580554305,14.770087385545006
AWK,2013-03-12,31.30791051406422,30.93657910161447,31.044883728027344,13.58794672031145,15.640404273785219,14.370108032567888,15.044233291137635,14.78169627048559
AWK,2013-03-13,31.215071129180277,30.959782109536523,31.052614212036133,12.584385145624294,15.465858684542082,14.353207074727404,15.037814460625068,14.776519528282245
AWK,2013-03-14,31.122234821956955,30.735431004207932,30.944305419921875,12.635954177723704,15.35909263462863,14.368998135949573,15.037381986749331,14.781786208290374
AWK,2013-03-15,31.145435333251953,30.8050491100475,31.145435333251953,12.589704821438527,15.125666443667473,13.789747589131974,15.030398397318967,14.772682432139081
AWK,2013-03-18,31.13772069189615,30.789596516304872,31.114513397216797,12.602089796892896,15.128052455704422,13.790373055866409,15.028292502300042,14.720916422581965
AWK,2013-03-19,31.292429159513617,31.060347461205556,31.261484146118164,12.235536167684089,14.877324767395669,13.803262671034316,14.952797719673791,14.724418811890242
AWK,2013-03-20,31.632818137325604,31.284694084789543,31.47809600830078,12.292273399892926,14.877386465899853,13.76780006446463,14.950136144871948,14.728648789392047
AWK,2013-03-21,31.563206077510184,31.029417615371386,31.416221618652344,11.929608760734967,14.875432425702195,13.57429594717739,14.936189372099298,14.673056821635475
AWK,2013-03-22,31.71791507007506,31.276958925918883,31.53998565673828,11.580346083287955,14.848675849028936,13.557023816917127,14.890296069394893,14.676186428431034
AWK,2013-03-25,31.903600104690874,31.369808614246303,31.61736297607422,11.540340142480968,14.607340690378571,13.558395987167323,14.838457267088348,14.67697634595117
AWK,2013-03-26,31.795286327100666,31.609622067252833,31.67924690246582,11.443577458999437,14.587919399805038,13.54431554697062,14.83186181721215,14.677324360247185
AWK,2013-03-27,31.826230081517075,31.462633406490013,31.741132736206055,11.408769285088644,14.570588608679147,13.543961365757811,14.83150902978743,14.673349880436973
AWK,2013-03-28,32.06605300990238,31.748873839837728,32.05831527709961,11.632300776807885,14.555381591916433,13.586552771515464,14.866439824509726,14.664796856364838
AWK,2013-04-01,32.16661929597751,31.601882907492534,31.926799774169922,11.498839304853755,13.907004010676696,13.60092473553029,14.86415900848315,14.673301478547945
AWK,2013-04-02,32.096973964051585,31.81847481365281,32.0041389465332,11.494156612111313,13.90514630770372,13.600177899685258,14.850392302794132,14.647229074354406
AWK,2013-04-03,32.12019188514908,31.501306318697875,31.80301284790039,11.052893500440506,13.99346319910412,13.309630397064327,14.875575315472961,14.634450890967573
AWK,2013-04-04,32.07378122117043,31.795281918930254,32.027366638183594,10.994275627083875,13.502009684968568,12.945599086237516,14.778768897062303,14.643245882222484
AWK,2013-04-05,32.10471592050565,31.532244988749653,32.08150863647461,10.942156517069519,13.445322251688422,12.93816712453638,14.776414405242711,14.618759646199647
AWK,2013-04-08,32.3754715926685,31.748851427685718,32.36773681640625,10.915311693444917,13.524035406726181,12.992408869729527,14.801227761314914,14.639744165390137
AWK,2013-04-09,32.452855117961285,32.151148480102634,32.213035583496094,9.965681583894767,13.575037338126572,13.025592806571845,14.76950050879173,14.571153936863404
AWK,2013-04-10,32.677189159381044,32.22849529590937,32.63077163696289,10.428587111045944,13.269635127904708,13.140533096509637,14.83431773677553,14.611228197778553
AWK,2013-04-11,32.816430559086974,32.53019659446551,32.72359848022461,10.368015662898179,13.009036867784033,13.142179636056387,14.83192831099698,14.57643680441424
AWK,2013-04-12,32.90153294052633,32.53020161666996,32.76228332519531,10.373510835226645,12.976636232267957,13.13931671212788,14.813465970502252,14.508962116421738
AWK,2013-04-15,32.80870078183866,31.748859112671838,31.895843505859375,13.375877310270734,14.20208559252747,13.801162844572074,15.169049924575296,14.77465306792238
AWK,2013-04-16,32.75455886366099,31.988685738115382,32.7081413269043,14.323762829236225,15.006422358696692,14.312335276336864,15.288385787677303,14.954277089065188
AWK,2013-04-17,32.646253942181154,32.004157969214184,32.42964172363281,14.611707343566357,15.149183328949306,14.361474994072577,15.308595677308015,14.946885687802844
AWK,2013-04-18,32.6307735735879,32.1820796834864,32.36001205444336,14.546082317804856,15.081261252987884,14.36960332809862,15.151184597456668,14.950251966995978
AWK,2013-04-19,32.76229054467127,32.321334315980586,32.499263763427734,13.94410572134595,15.092138804669291,14.357743788819896,15.155933168917398,14.93233254471504
AWK,2013-04-22,32.48378879873848,31.996415118776717,32.18207931518555,13.886529658850533,15.23186659122314,14.43578555951649,15.124558931382607,14.963021025529136
AWK,2013-04-23,32.236232519885306,31.68697174278685,31.841693878173828,14.214185718847878,13.871441793793904,14.548189394335315,15.185075015351025,15.007098864976726
AWK,2013-04-24,32.228496296141536,31.694708051622026,31.83395767211914,14.089038977464085,13.754665400453337,14.523709691108566,15.18527802231068,14.95499644488163
AWK,2013-04-25,32.12793123809642,31.7952796454377,32.01962661743164,14.161048960925612,13.284894219329807,14.528063149958784,14.570668626496,14.839611384764655
AWK,2013-04-26,32.135665640301156,31.764334286019977,31.841693878173828,14.231288160083311,13.345788821208812,14.551404740164076,14.49790018420536,14.784181293783835
AWK,2013-04-29,32.12018324926609,31.78753179340842,31.98866844177246,14.178334691997266,13.308512133464204,14.527893631855315,14.477706349177286,14.760295590815847
AWK,2013-04-30,32.398685455322266,31.87263207817261,32.398685455322266,14.572717559834544,13.50796687176511,14.647943238133418,14.37739797660242,14.793983296208504
AWK,2013-05-01,32.684931570667864,32.19755780023487,32.30586242675781,14.586278943906878,13.366863215011124,14.656384696953548,14.242965720520859,14.77449544919465
AWK,2013-05-02,32.669457837541,32.33680623933249,32.592098236083984,14.662963683850414,13.442154207150955,14.636711692282256,14.272175378360455,14.756724951242042
AWK,2013-05-03,32.824169023319556,32.398685455322266,32.398685455322266,14.781790137470436,13.329684678989256,14.674800634930774,14.289862560057559,14.761098831529532
AWK,2013-05-06,32.3986964579382,32.158876970386984,32.236236572265625,14.85662468410569,13.22025470891326,14.662443685337639,14.29591510302585,14.762547745611867
AWK,2013-05-07,32.56888725511974,32.01189164490379,32.47605514526367,14.975727079944473,13.261457147152802,14.676352995065855,14.302916177650161,14.760299663163954
AWK,2013-05-08,32.31361028455556,31.563209492651378,32.28266525268555,15.102603295130123,13.30690529969258,14.692034432386968,14.284524820519662,14.776059936539724
AWK,2013-05-09,33.33474989513203,32.37547522177717,32.398685455322266,15.122481047983733,13.297174538214279,14.586788704932562,14.263206714791163,14.774266965814997
AWK,2013-05-10,32.924750332486326,32.390959040685196,32.51473617553711,14.89456580579864,13.28456653844918,14.50560379409842,14.234811733526955,14.767997059492425
AWK,2013-05-13,32.53794518588742,32.182083354459984,32.47605514526367,14.840447649030466,13.196601877505659,14.338228692299229,14.20741694300533,14.76464790553173
AWK,2013-05-14,33.02530342713487,32.45283552428677,32.83190155029297,15.132874062104342,13.345509117735704,14.420561015309477,14.25725672162334,14.770824653065509
AWK,2013-05-15,33.07946491882987,32.79323088777934,33.063995361328125,15.078845281082337,13.108256552495758,14.281308512879889,14.270359294436707,14.782005635722664
AWK,2013-05-16,33.195509298424824,32.847385211648444,32.87833023071289,15.106970332899486,13.11005700297586,14.298945805936519,14.283938032701082,14.722761755058949
AWK,2013-05-17,33.13362582339408,32.82418150117486,33.00984573364258,15.132490543146165,13.104677112825778,14.293864918884442,14.28883097558625,14.72261881767723
AWK,2013-05-20,33.04852294921875,32.7854962047323,33.04852294921875,14.945157381377792,12.997437645049862,14.270987105043712,14.288338173418708,14.720981337892889
AWK,2013-05-21,33.24965360930003,32.94021234631834,33.025306701660156,14.861517925136589,12.578625115211498,14.129535638628015,14.28253849737366,14.64126274895889
AWK,2013-05-22,33.173268084573536,32.70604012811139,32.729400634765625,14.671331939132854,12.736105829699762,14.217268838353112,14.272867594850455,14.648776892898443
AWK,2013-05-23,32.72160741909668,32.121996462005114,32.550289154052734,14.7345907064148,12.797731485755289,14.251296130934673,14.284304047508886,14.657664488389388
AWK,2013-05-24,32.534730488467716,32.13758691677198,32.18431091308594,15.075171627294607,13.046160109197993,14.314454582000252,14.27254074489174,14.68736877863136
AWK,2013-05-28,32.783919495412306,32.254392747912725,32.394561767578125,12.990091313613473,13.089990216767818,13.900449629611494,14.207717009878012,14.697870611430803
AWK,2013-05-29,32.38676416651731,31.717068642393013,31.872812271118164,11.63848742600796,13.091408585972996,14.162385198310536,14.162198364654449,14.647984671440959
AWK,2013-05-30,32.340054916411816,31.857252120971683,31.85725212097168,11.407941916366635,13.090569948114533,14.163815325313012,14.099504882411521,14.63583238027176
AWK,2013-05-31,31.966257251733392,31.078522429964597,31.101882934570312,13.27184743776207,13.98107580295815,14.422353917018302,14.397352104165655,14.827589195459334
AWK,2013-06-03,31.74822490074567,31.04737990359589,31.390016555786133,13.527408402278063,13.85336556879154,14.462937174951348,14.433115256292082,14.813138011514987
AWK,2013-06-04,31.530167232478146,30.774812837895773,31.000640869140625,13.697151579598927,13.816108576915816,14.614049573536898,14.50933846519673,14.861343387637307
AWK,2013-06-05,31.03959038811735,30.50227496362915,30.844911575317383,13.457819205927121,13.791808310005917,14.624952152272778,14.51999517839398,14.87088071956586
AWK,2013-06-06,31.19532052837099,30.720303955478254,31.16417121887207,13.854312779127353,13.908375294839015,14.393633783557041,13.887937819492741,14.872824500379226
AWK,2013-06-07,31.382228288494826,30.728107269885932,31.047380447387695,13.739867741904547,13.930284537414895,14.291743416662683,13.874112081713323,14.852589231474433
AWK,2013-06-10,31.109679569420994,30.759257059441264,31.008445739746094,13.672588791911538,13.913864258005173,14.285524441951747,13.797731886320118,14.703736320080646
AWK,2013-06-11,31.11747647065808,30.767053836189408,31.03960609436035,13.586529722105048,13.85065843789309,14.267003559061234,13.775985485629091,14.58190580098313
AWK,2013-06-12,31.709297545494607,31.374449627696904,31.530193328857422,13.869251792650852,14.219171943824405,14.464731916449574,13.853024559031866,14.658446927640059
AWK,2013-06-13,31.919540533994876,31.35107576728483,31.833881378173828,14.182254736088758,14.319632352904938,14.522248427455187,13.8911921732041,14.60567629646152
AWK,2013-06-14,31.93511772155762,31.646993851033432,31.935117721557617,13.952669426306812,14.266477174490882,14.46134161908463,13.817663093917657,14.60239667395444
AWK,2013-06-17,32.36341315029378,31.888396280168596,31.966266632080078,13.869365574934452,14.259770879382824,14.460369423122572,13.781109462369681,14.587993743453124
AWK,2013-06-18,32.21545134564576,31.927327514467997,32.05192184448242,13.828001227572631,14.248387849949381,14.43437601839211,13.763872060240873,14.582334671135738
AWK,2013-06-19,32.17652616880862,31.61585002431121,31.64699935913086,14.094117876646212,14.48613201555812,13.664945522886992,13.85337563812023,14.616999955518805
AWK,2013-06-20,31.4834543674766,30.69695038708966,30.813758850097656,15.907984470166936,15.477306102438233,14.263776442885105,14.218485048409892,14.8649823160699
AWK,2013-06-21,31.03180023797847,30.330958324366765,30.72031593322754,15.837704614277094,15.477849968097477,13.958528028530628,14.172516506697304,14.865894917531064
AWK,2013-06-24,30.868273136087545,30.299811339772425,30.68138313293457,15.757573450898649,15.32313512291415,13.957615999465142,14.170274673745764,14.843101665236858
AWK,2013-06-25,31.40559490786205,30.860493509449938,31.24985122680664,16.820553870123174,15.796111600962808,14.22456375975524,14.320229315334924,14.943097431274364
AWK,2013-06-26,31.62361671511822,31.335492996057148,31.351064682006836,16.481536984849054,15.803103835594046,14.223786486687892,14.312255922279265,14.93840618929146
AWK,2013-06-27,31.732641147101933,31.483452546291158,31.506813049316406,16.39792629273299,15.79017915295611,14.159880935147697,14.321202238717182,14.930695614984405
AWK,2013-06-28,32.47242717923128,31.44452326598048,32.10643005371094,17.381802375769855,16.200543364593457,14.449256793924143,14.479732617928894,15.034738408908277
AWK,2013-07-01,32.30888746600301,30.985071338744667,31.133026123046875,19.360180751324613,17.383419878576447,15.171818734839912,14.887080874461587,15.30646347581259
AWK,2013-07-02,31.226467001694857,30.790388549079886,31.07072639465332,19.337542707118978,17.275283382266718,15.070119172939888,14.890085997651978,15.294605700737554
AWK,2013-07-03,31.514601864033114,30.868266888418493,31.506813049316406,19.884446194160883,17.50979767897948,15.208347374306152,14.965714554651587,15.337449814385678
AWK,2013-07-05,31.826080946866753,31.148599734400882,31.374427795410156,19.777064411454948,17.30641600031695,15.21286697217015,14.929940041775708,15.30880818305497
AWK,2013-07-08,32.11422488031532,31.390019309907412,31.935117721557617,20.491541867208802,17.69865241409717,15.446067527148735,15.057374699916739,15.364920029999604
AWK,2013-07-09,32.33225788994277,31.794945430971207,32.2855339050293,20.49800292861953,17.847685786340822,15.519344729836506,15.102591356395678,15.394286206367342
AWK,2013-07-10,32.534724491723665,32.1843049809306,32.5113639831543,20.510895865792648,17.02426169050117,15.50896973066421,14.799662019634779,15.406321267810346
AWK,2013-07-11,32.939664332054576,32.285543207606004,32.60481643676758,19.92603526198747,16.230149046348625,15.512725609675035,14.800659361830327,15.40543156399863
AWK,2013-07-12,32.752773383427815,32.19988314807808,32.67490005493164,19.926364189672714,16.13871719080138,15.352216130095744,14.801454224335659,15.395129439713246
AWK,2013-07-15,33.344584718130704,32.628168158029,33.321224212646484,19.19530530310281,16.615606537621908,15.612016049071892,14.93452165794995,15.499813231451787
AWK,2013-07-16,33.406883138307,32.90071707205037,32.95522689819336,19.45695185010053,16.76224315280363,15.719701867631342,14.902496120771508,15.545656827862024
AWK,2013-07-17,33.20441657266516,32.76054913401247,32.79169845581055,19.10249070629724,16.667595646691588,15.685278685497286,14.905135675939515,15.476942361863225
AWK,2013-07-18,33.02531138474331,32.6281679413354,32.95522689819336,19.007998973366004,16.5362045368576,15.506589562004244,14.91304068141219,15.481136160740292
AWK,2013-07-19,33.313428680879156,32.7839022125331,33.17325973510742,18.901020822152294,16.58110196158097,15.520719932365495,14.921971312036664,15.488243463616294
AWK,2013-07-22,33.656070826701054,33.10318079461611,33.570411682128906,19.025112206568416,16.707914876731763,15.614724739539424,14.977519724000867,15.495151195897588
AWK,2013-07-23,34.04544480595384,33.44583347582107,33.87412643432617,19.076616793512944,16.737971862216593,15.665931704207228,14.995015412929668,15.514864685797528
AWK,2013-07-24,34.03764148787978,33.21220525742562,33.34458541870117,19.828535917178534,17.069149139443308,15.887538684526447,15.12109647102837,15.600219719709916
AWK,2013-07-25,33.46918487548828,33.08761602332995,33.46918487548828,19.430815169718823,16.89663734462919,15.668226709520697,15.124069186921933,15.589764803323803
AWK,2013-07-26,33.67165244042374,33.1732721300405,33.54705810546875,19.297652242360055,16.88537516944618,15.668510183048987,14.949277844425529,15.58823868988892
AWK,2013-07-29,33.67944440373268,33.46140502060107,33.52370071411133,19.305381485359927,16.800579142799275,15.64785088345744,14.762190688044535,15.483772580085736
AWK,2013-07-30,33.67165369415269,33.18884802898246,33.227783203125,19.54311578041353,16.858672813989294,15.578492659812222,14.805864568380105,15.498011601529656
AWK,2013-07-31,33.46139714853903,33.126549334326086,33.23556900024414,19.540882986097664,16.820493650217905,15.438899304547974,14.80605236322524,15.382585825657436
AWK,2013-08-01,33.82739206223894,33.47697254851363,33.71058654785156,19.430682341180223,16.995794762061873,15.563031792825555,14.88677913249297,15.441079099625762
AWK,2013-08-02,33.85854775722961,33.266725316200144,33.58599853515625,17.51969636563216,16.964513606694183,15.544965482450163,14.890242472401008,15.389403200473003
AWK,2013-08-05,33.60156069781244,33.243349462794114,33.28228759765625,17.78259115555969,17.069541199939113,15.623586615411286,14.937819855692599,15.420738549135207
AWK,2013-08-06,33.39130994459873,32.95522834573735,32.994163513183594,18.05370759916366,17.158524560048757,15.680775106197256,14.97864389358671,15.449372701326213
AWK,2013-08-07,33.22000301159996,32.90851562430809,33.079833984375,17.411227880913867,17.162535495772367,15.656068882245883,14.932973817541296,15.012348621019294
AWK,2013-08-08,33.3601620048117,32.791700218964316,33.1109733581543,17.408613149533778,17.02082935764326,15.65406100600615,14.931236163138143,14.949357058066232
AWK,2013-08-09,33.65607605019355,33.149909919470645,33.61713790893555,17.815498975828977,17.241667021484584,15.810887729407968,15.00478934068462,15.001354746547197
AWK,2013-08-12,33.66386478716239,33.243357778192944,33.30565643310547,17.387264370951282,17.311817865639306,15.859033254536161,15.05265074709403,14.916745829583789
AWK,2013-08-13,33.52367900550014,33.1888313293457,33.1888313293457,14.59714817893492,17.310216801711473,15.867214541717722,15.052730482472985,14.824970014555323
AWK,2013-08-14,33.30565198070762,32.713826720409045,32.74497604370117,15.242877935842023,17.529628228311132,16.0124439455403,15.129476400869088,14.888742236928202
AWK,2013-08-15,32.77633499874923,32.19622157812258,32.25893783569336,15.53268709822507,17.790075540529415,16.192379120631276,15.237532480584532,14.965756418627793
AWK,2013-08-16,32.23542751951175,31.984568394105175,32.17271423339844,15.496118972376918,17.706375490810146,16.196297877964614,15.227048252259804,14.96191696335423
AWK,2013-08-19,32.23541477914388,31.898322401893072,31.91400146484375,14.844440191314757,17.746715271205055,16.24609918389959,15.250846528367548,14.974136557502312
AWK,2013-08-20,32.29813289351644,31.796414812063666,31.961040496826172,14.488022740409109,17.60172436347592,16.170327690749815,15.242992146176416,14.94891157329894
AWK,2013-08-21,32.10214899759278,31.545555689332737,31.95319938659668,14.321764010694475,17.547445822620784,16.157136327765592,15.226563803481035,14.932633217142627
AWK,2013-08-22,32.79985673172262,32.000242277637334,32.635231018066406,15.621270182357689,17.760635829325526,16.49731429306347,15.42063481662563,15.05457775880538
AWK,2013-08-23,32.89391671485996,32.462752999610956,32.83120346069336,15.70588168932035,17.796437347176038,16.48943556220648,15.431919684187584,15.045669937636221
AWK,2013-08-26,32.80768154613631,32.52546743239485,32.54898452758789,14.774490470841107,17.16026291933679,16.514601351126533,15.43755425466994,15.072936061933806
AWK,2013-08-27,32.697934142409274,32.22757425214351,32.60386276245117,14.46346750085985,17.07077389501084,16.51459085552489,15.433764974014904,15.069918854864211
AWK,2013-08-28,32.901759323745274,32.43923746392116,32.66657638549805,14.410168419748171,16.851966150869803,16.45789620573281,15.408530083683306,15.06518072058547
AWK,2013-08-29,32.63521707064181,32.023745696211336,32.07862091064453,15.234998436560742,17.258358355899585,16.694074123459792,15.558816393627218,15.180768461926727
AWK,2013-08-30,32.31379600471832,31.71800383426669,31.93750762939453,15.097893764912548,17.170304631547072,16.578545417120594,15.553069232951769,15.187907860230313
AWK,2013-09-03,32.21973869713452,31.569073972097737,31.584753036499023,14.824475704831327,17.311964779420773,16.66075469989881,15.561520064912424,15.22804693098499
AWK,2013-09-04,31.623943844197086,30.71457919632699,31.169260025024414,14.787222448382517,17.53046392712235,16.783793667410936,15.607794229815742,15.254039364951092
AWK,2013-09-05,31.247660952782738,30.79297705184764,30.832176208496094,14.479240705937876,17.67232573193506,16.33277041419666,15.566842837418635,15.291321291931942
AWK,2013-09-06,30.96544693142169,30.785142156247755,30.792980194091797,14.36098324697899,17.3640540331111,15.813547641000234,15.567646918122922,15.2330636888237
AWK,2013-09-09,30.965439646033246,30.691063528904124,30.910564422607422,14.413270629889205,17.262330627470806,15.777122129954718,15.49806417109843,15.185931246617375
AWK,2013-09-10,31.318218231201172,30.949767655035814,31.318218231201172,15.119800159040238,17.470984103625074,15.921144208278893,15.561782698375707,15.110504349099035
AWK,2013-09-11,31.302533727822027,30.94976227899156,30.99679946899414,15.180488944132314,17.587944224635095,15.982010339807132,15.611115374579995,15.10794180885561
AWK,2013-09-12,31.30254080477742,30.61267681448453,30.76946449279785,15.229111055244662,17.630443507677263,15.95032594078598,15.621686613187515,15.127473022632925
AWK,2013-09-13,30.887064236658833,30.691080334117792,30.800830841064453,14.42670776037721,17.453854093930946,15.867987151968327,15.55985182429311,15.126522500915982
AWK,2013-09-16,31.04383781442555,30.612673981817743,30.675390243530273,14.428704779317627,16.596653534492077,15.879129433318361,15.566580500463587,15.129394391056362
AWK,2013-09-17,31.00463374944727,30.620507210957985,30.949758529663086,14.711088885188934,16.685818925296356,15.917287571126224,15.596970223085066,15.151339568849274
AWK,2013-09-18,32.06295658852949,30.840016382079185,32.000240325927734,17.867324435790586,18.01976239316104,16.769506632359565,16.032329333042146,15.058511493748119
AWK,2013-09-19,32.29029610769174,31.819936092166746,31.835615158081055,17.872357890782343,17.676766416167187,16.773613388136418,15.820058006272305,15.05434171872129
AWK,2013-09-20,32.08646557461236,31.239814186528392,31.263334274291992,18.510673291234436,18.064207671684095,16.890318227549354,15.969237485474375,15.118400941869892
AWK,2013-09-23,31.710182258061774,31.083034640385023,31.663145065307617,18.325913211312905,18.225034268367327,17.011901024102112,16.036229480644646,15.153012102833019
AWK,2013-09-24,32.055128437994405,31.66316061069591,31.976736068725586,18.502256752906693,17.919976252153294,17.02664647431241,15.937769435717511,15.156313200407713
AWK,2013-09-25,32.08645417677035,31.733682890381118,31.93750762939453,18.49096261920701,16.740785802624934,17.00245401852742,15.92886862478871,15.155711144417264
AWK,2013-09-26,32.36868695894867,32.008077464239285,32.235416412353516,18.36355509996469,16.830442334924467,17.049542056181345,15.960853427064132,15.129867718022311
AWK,2013-09-27,32.227576465181365,31.93752127928217,32.047271728515625,17.926284024589453,16.648970873125897,17.032785045236977,15.97011038946854,15.1203659932475
AWK,2013-09-30,32.37653417072739,31.75722443443265,32.36085510253906,18.138236232100684,16.733337396515918,17.078195702523633,15.848493515320428,15.136731342051405
AWK,2013-10-01,32.65873641729885,32.11782227038277,32.478431701660156,17.99117063166808,16.3598569625685,17.078405396920722,15.79358092407709,15.138310055469912
AWK,2013-10-02,32.56467620297905,32.14135038266384,32.55683517456055,17.997251043950943,16.216018901341485,17.073242077855976,15.790461064611,15.134742915917442
AWK,2013-10-03,32.46276118527142,31.90616783086604,31.945363998413086,18.87120372927298,16.615320480188014,17.33613436299903,15.950229683696977,15.225396807414104
AWK,2013-10-04,32.047258338975034,31.757200283788407,31.81207847595215,17.80422010046075,16.62082773503767,17.256281528203978,15.959043884400318,15.230133851044544
AWK,2013-10-07,31.843452273505807,31.49852180480957,31.49852180480957,17.86947323370075,16.724831845420052,17.282021614986114,15.999816117626949,15.260596191848078
AWK,2013-10-08,31.882638326981727,31.42795753479004,31.42795753479004,17.739626425011167,16.188544264455782,17.264700788067326,15.966440726964656,15.254791569293335
AWK,2013-10-09,31.968882215278867,31.39660977581012,31.757219314575195,18.039944651672673,16.215980532712166,17.336848957654148,16.010102005558984,15.287196770382536
AWK,2013-10-10,32.462767550524944,31.75722443443265,32.36085510253906,18.912343451910516,16.670215334093825,17.601837433281922,16.14237734391814,15.395086744605413
AWK,2013-10-11,32.478444468529155,32.196227240775976,32.447086334228516,18.152268299285648,16.646148176281123,17.607540986635684,15.69537335047142,15.35226039138239
AWK,2013-10-14,32.447081430546916,31.72586239348676,32.14918518066406,18.315564578965997,16.683601728866613,17.610423335606054,15.695502386892752,15.383417441760056
AWK,2013-10-15,32.14134338985658,31.710179625404823,31.725858688354492,18.441172520984466,16.68004549993876,17.712895468987444,15.622676708208743,15.439839506759787
AWK,2013-10-16,32.15702849946435,31.74938175754736,32.02375793457031,18.176031895563206,16.68883852242847,17.688323951103165,15.657181892445324,15.433512621592508
AWK,2013-10-17,32.76065444946289,31.81209352526711,32.76065444946289,18.8819041916774,17.089306145563405,18.02626670593819,15.866612968508043,15.586954055090649
AWK,2013-10-18,32.92527827956329,32.64306113011953,32.71361541748047,18.88446286675029,17.070132936221494,17.83668724177336,15.864775562848198,15.58657443953006
AWK,2013-10-21,33.00368831519605,32.69011586234322,32.98017120361328,18.9610420691543,17.150392256050694,17.87973095437765,15.850139080139613,15.380888173093657
AWK,2013-10-22,33.60730630835815,32.93312145513755,33.168304443359375,18.709360513243897,17.193694103818626,17.467191895716866,15.860816998778107,15.388707504055658
AWK,2013-10-23,33.39563426847336,32.98014961987911,33.23884963989258,18.346665258349677,17.103773453131204,17.414726902507574,15.796030488849183,15.389414208156843
AWK,2013-10-24,33.38779892221079,32.89391892907509,32.940956115722656,18.42797998154115,17.202965832580908,17.356999570376733,15.782129647692683,15.397895404672168
AWK,2013-10-25,33.39564347014866,32.83905011009057,33.364288330078125,18.671563406221424,17.154742487240345,17.439592501208285,15.840600629423257,15.379288496633423
AWK,2013-10-28,33.48971535437496,33.105585760130786,33.33292770385742,18.594996293817164,17.139794979856312,17.37469091881897,15.834030250545943,15.370000058605468
AWK,2013-10-29,33.560261568438435,33.293723523866504,33.50538635253906,18.519164126450317,17.070280767398096,17.374502595260005,15.836186803605734,15.37650536286434
AWK,2013-10-30,33.75626105540803,33.372131374767264,33.568115234375,16.06418260922071,16.974541656369947,17.372351700067224,15.828788922478774,15.37308522970835
AWK,2013-10-31,33.67000458808856,33.191803820115666,33.6072883605957,15.937258894041914,16.968781083759993,17.372420817462206,15.806040136455907,15.372454568323462
AWK,2013-11-01,33.82681351869799,33.36429151564257,33.52107620239258,14.84550187721442,16.978038395899457,17.21519701993769,15.81042326369149,15.368426863809553
AWK,2013-11-04,33.78761057173875,33.40348394556336,33.71705627441406,14.558546372871154,16.73248312335214,17.175641589898824,15.73341219869093,15.37353173716667
AWK,2013-11-05,35.347647188505555,33.65434684973483,33.91304397583008,14.417374768810259,16.657834334016957,17.190773632168547,15.729146816979133,15.381588952195585
AWK,2013-11-06,34.132530349595214,33.8424722487319,34.09333419799805,14.416146282269649,16.66957327796647,17.206886934917904,15.73598788821421,15.262654466874661
AWK,2013-11-07,34.87729226375495,33.77978135016435,33.975765228271484,14.343007302878357,16.437372794889164,17.215978488850745,15.708952503922491,15.140052603706971
AWK,2013-11-08,33.865996948835146,33.058541761579164,33.51322555541992,14.875651861384345,16.388836037954473,17.236221383916003,15.696195568402164,15.207776573448124
AWK,2013-11-11,33.94439690524083,33.31724928156534,33.7484130859375,14.764302039611474,16.425137049022386,16.701478220124525,15.70658329804255,15.22053213798807
AWK,2013-11-12,33.62299396245376,33.2545433112313,33.45052719116211,15.041887195712158,16.44419675528311,16.762061034090948,15.74428824059278,15.250129127452222
AWK,2013-11-13,33.56889803388064,33.190123813315,33.466312408447266,15.036388401022474,16.44368466089829,16.758735991937566,15.743264945749857,15.244334923013735
AWK,2013-11-14,33.84507492737555,33.568886427733034,33.82929229736328,14.059003131713007,16.569647649132,16.599960020319145,15.78741315909763,15.277370700116787
AWK,2013-11-15,34.184400439148334,33.78984364459655,34.07392501831055,14.017588138972256,16.0845014239921,16.6267754275666,15.677929656401934,15.28895383622535
AWK,2013-11-18,34.215959143415986,33.86874730424998,34.01078796386719,13.596853118639068,16.055061601805477,16.618936636166698,15.679717280657934,15.257435943966435
AWK,2013-11-19,34.07392213025696,33.49786962026422,33.60834503173828,14.16947341892983,16.148998848636413,16.483486936586836,15.737337516951264,15.308468431069677
AWK,2013-11-20,33.85295681891994,33.18220880596258,33.190101623535156,14.572338368236554,16.366768598145303,15.844874196998573,15.736903031691632,15.348162580343411
AWK,2013-11-21,33.46629090836627,33.06384449825976,33.134864807128906,13.631148703865481,16.368070889788175,15.84353196945005,15.658316947765483,15.349577442370647
AWK,2013-11-22,33.41895088743089,32.92181161872332,33.308475494384766,13.68194805385322,15.94136032052213,15.717309238926786,15.653556711223443,15.351119645061992
AWK,2013-11-25,33.505758701948785,33.22167735849429,33.30059051513672,13.3495300170277,15.907964649424414,15.699280851269046,15.637040585170107,15.338040083772169
AWK,2013-11-26,33.340052322599085,32.96127812489535,33.126991271972656,12.786448335903211,15.766638845307646,15.483481681589831,15.65115005197923,15.345155143328975
AWK,2013-11-27,33.450521339154,33.0086196983583,33.34004592895508,12.656394360898593,15.532021943314064,15.421793706591986,15.660695012270775,15.345305564730205
AWK,2013-11-29,33.734614924537446,33.32427538761954,33.418968200683594,10.920089574869166,15.33097617158668,15.388542155463023,15.645824511079534,15.339051451318305
AWK,2013-12-02,33.60045091371595,33.07963316599559,33.11119842529297,11.279683309338823,15.475655291728248,15.456680655626364,15.686578163812309,15.364384243253927
AWK,2013-12-03,33.22167374743518,32.64562131259103,32.882354736328125,11.228777076838318,15.55500716924389,15.494070758181651,15.701463762627652,15.370595926290825
AWK,2013-12-04,32.913927295800484,32.47202560953931,32.8429069519043,11.096983517310393,15.355825743988404,15.17543679114392,15.682599940100692,15.371495206939539
AWK,2013-12-05,32.85868545038218,32.37732573679232,32.39310836791992,11.73171155294964,15.479175870642145,15.23178576729432,15.768139125430809,15.436514577022201
AWK,2013-12-06,32.961268352412056,32.46412604834505,32.55881881713867,11.592349068385065,15.411361404502921,15.234912586001148,15.77267917789062,15.420676638105205
AWK,2013-12-09,32.669292555828925,32.23527782292504,32.43255615234375,10.936000987150056,15.443060695868398,15.225138432363297,15.77763591260663,15.42335778995288
AWK,2013-12-10,32.4956868387887,32.17215049719765,32.29840850830078,10.975270686485434,15.443938520770503,15.199292853730476,15.784270669229297,15.410527738511155
AWK,2013-12-11,32.46412504723204,31.84072473392137,31.848617553710938,11.430774383138477,15.64728864464509,15.228121642006817,15.870941363012141,15.471838224909146
AWK,2013-12-12,32.22739622209748,31.864404725973234,32.156375885009766,11.85313858501611,14.204534608954027,15.23815243412591,15.868114482578957,15.487118930855196
AWK,2013-12-13,32.3063028831821,31.919638986502747,32.19582748413086,11.854290791673005,14.164163066647975,15.043166690218158,15.86113296074868,15.450491475794959
AWK,2013-12-16,32.558827453516166,32.282638883679134,32.32209396362305,11.948716533397272,13.657385210107783,15.044468269676617,15.865266410095478,15.426854067437723
AWK,2013-12-17,32.898148722835266,32.21162065393011,32.708763122558594,12.380651341628164,13.627385390448149,15.163933887665662,15.908616263084651,15.399548915366568
AWK,2013-12-18,33.466298963646125,32.64562031033961,33.1743278503418,12.999389050147151,13.779621814271733,15.334671836569038,15.973895615932049,15.459895679266753
AWK,2013-12-19,33.347924686419454,32.77187237400813,33.01649856567383,12.920478116814943,13.818880305969532,15.288807283805287,15.98366775797426,15.41361629759946
AWK,2013-12-20,33.34793101737034,32.82711629287569,32.98493957519531,12.900685339946834,13.701399843073636,15.289384640461758,15.950436887094277,15.407532182700528
AWK,2013-12-23,33.27691702040866,32.91392550918936,32.9533805847168,12.32458621529357,13.642823871995954,15.117720443895527,15.940317434598345,15.4058835163888
AWK,2013-12-24,33.426843895939385,33.06385245667144,33.1743278503418,12.308350735790956,13.568298472408427,15.146809443008841,15.887236211212466,15.406766312601963
AWK,2013-12-26,33.33215257684469,33.079633510067914,33.15065383911133,12.055172541264842,13.553549816716664,15.07889520054536,15.884144277966483,15.361079832030052
AWK,2013-12-27,33.43473370538925,33.08752489524974,33.1743278503418,12.056723748024076,13.546941681157948,15.015265819757387,15.883780843279602,15.359037358072397
AWK,2013-12-30,33.482081403587934,33.19011029193335,33.308475494384766,11.670147231675267,12.95642981511967,15.023217255883454,15.565213370109579,15.361199303517273
AWK,2013-12-31,33.379496166609464,33.18221781691292,33.347930908203125,11.452355229135874,12.916758220231825,15.023625708147506,15.281018955649422,15.328929902169525
AWK,2014-01-02,33.213779164125675,32.748202193258166,32.81133270263672,12.301771959323094,13.201776693084499,15.04698973941101,15.36890932555946,15.252515520180939
AWK,2014-01-03,32.85868878614566,32.47991463131807,32.71664810180664,11.890599403365046,13.20856172479247,14.98290933574581,15.370661018761686,15.25412920422527
AWK,2014-01-06,32.834996321030076,32.543025319131104,32.590370178222656,11.41009584030727,13.081957252089035,14.985016650721922,15.36935167650047,15.260082894619606
AWK,2014-01-07,32.94547898002072,32.64561509494345,32.91391372680664,11.800960595420959,12.666306880543171,14.916367390427817,15.368724786383495,15.186827104223907
AWK,2014-01-08,33.03229059804894,32.70875419318985,32.90603256225586,11.687438246785895,12.656986291520827,14.721185625437352,15.315408933468893,15.179435665785974
AWK,2014-01-09,33.0086128244455,32.72453153724754,32.82711410522461,11.701554115263503,12.515684012990441,14.719882027671458,15.318381941792461,15.181042385749302
AWK,2014-01-10,33.46629090836627,32.84289075387353,33.134864807128906,11.94623499509599,12.321642061479688,14.730120368243007,15.342250673678107,15.19990752180886
AWK,2014-01-13,33.197999369181886,32.77187742520574,32.8192253112793,12.098937483752769,12.366112633868722,14.813280281403395,15.37066784154234,15.113337287623944
AWK,2014-01-14,33.07174630155445,32.62195185231028,32.756099700927734,12.073774890269688,11.46303717540981,14.817153433550011,15.3635478424727,15.071710263822483
AWK,2014-01-15,32.82712395568564,32.49569769465571,32.574607849121094,11.891572495120629,11.51601818558475,14.461517855852573,15.304615563202805,15.08050416288019
AWK,2014-01-16,32.779775152623635,32.51147644515965,32.756099700927734,11.85928831917081,11.450074936433609,14.457124354552603,15.314609930395997,15.082711290156519
AWK,2014-01-17,32.89024932687084,32.53514766703417,32.771881103515625,11.856093778973872,11.386936005729586,14.391200090176259,15.279322395798614,15.08206322173146
AWK,2014-01-21,33.087517653006394,32.440445051516164,33.03227996826172,11.331054518180462,11.498701378529354,14.442897709216235,15.29097140906386,15.095811814826929
AWK,2014-01-22,33.292699815248895,33.00072864264487,33.22957229614258,11.362800013307304,11.412562401251805,14.469796289436736,15.29426749808518,15.078969911261368
AWK,2014-01-23,33.27691752109342,33.000728978016525,33.26902770996094,11.280513001641197,11.108133123407097,14.168636019873105,15.270480209483772,15.078522080548707
AWK,2014-01-24,33.26112962304677,32.93759326298684,33.00861358642578,11.473062470821258,11.22177412518683,14.20874236037255,15.282721385262363,15.089095936595577
AWK,2014-01-27,33.182220729520715,32.8665771484375,32.8665771484375,10.707943838622548,11.197736275091838,14.110133665504545,15.28609779975245,14.757101566138465
AWK,2014-01-28,33.15854267223469,32.87446139021825,32.977046966552734,10.422558750111847,11.21427274361778,13.946778824006012,15.285411520644907,14.726642504837764
AWK,2014-01-29,33.15065349430029,32.874465001020226,33.11119842529297,10.463954901649135,11.246021717142742,13.836083595866874,15.29189787083903,14.611631384272536
AWK,2014-01-30,33.81028116334278,33.16680434731876,33.76261520385742,11.743763256404137,11.938347406905526,14.149017336872365,15.41045598477496,14.734037962150465
AWK,2014-01-31,33.90560046897005,33.42100729107591,33.818214416503906,11.32018052528408,11.883544455802324,14.141929895827527,15.389704601897087,14.725240036523449
AWK,2014-02-03,34.13599640779577,33.34952461864507,33.6116828918457,10.8062834608655,11.888494793839092,14.048691436985013,15.392420612992616,14.737405398542814
AWK,2014-02-04,33.75467658764085,33.05559091389136,33.17475128173828,11.406467316294943,12.123275774338435,14.110723584479029,15.464432284749291,14.770133445929368
AWK,2014-02-05,33.16681346362002,32.6981086730957,32.6981086730957,12.168501381286271,12.445667330308503,14.258233378978588,15.558627094049571,14.845245253035452
AWK,2014-02-06,33.206538352076464,32.6266159061742,33.127098083496094,12.763110221318971,12.45296275536189,14.39398381388956,15.635341088596826,14.847266546420842
AWK,2014-02-07,33.61169079709025,33.18270608393189,33.58785629272461,13.237515134055078,12.697093472467321,14.52152692260511,15.683044023537581,14.865570883374604
AWK,2014-02-10,33.72289939399135,33.29391479517621,33.63551330566406,13.236165016412759,12.567390100816187,14.465098287403164,15.66941415432814,14.859245713504748
AWK,2014-02-11,33.961232122234655,33.524304595758274,33.9294548034668,13.448938433319018,12.690571786083643,13.553508430550925,15.641691048538126,14.87685326497489
AWK,2014-02-12,34.22337815337928,33.80233640719583,34.08038330078125,13.45799414658143,12.530641303803538,13.535599397912629,15.632009400190713,14.876409758242723
AWK,2014-02-13,34.61264419555664,33.83411824410331,34.61264419555664,14.119909552232379,12.842154768228847,13.397578127113787,15.610844846613539,14.94593480643227
AWK,2014-02-14,34.707975865640385,34.42198912981937,34.636478424072266,13.117614983666181,12.83482997402443,13.26584954832807,15.610461354477634,14.928824741778485
AWK,2014-02-18,34.8589184737738,34.493485402453395,34.69208908081055,13.042310780892654,12.582149015508081,13.188466949472497,15.337200056540857,14.929209211217604
AWK,2014-02-19,34.94629857044035,34.533202626807544,34.660308837890625,12.955612652857598,12.289345967767556,13.18733309879097,15.303906974448783,14.862007633845433
AWK,2014-02-20,35.00985016100319,34.485536661475386,35.00190734863281,12.951887773795544,12.418375230304566,13.196133839548907,15.263874879257628,14.878839560503623
AWK,2014-02-21,35.31172271741776,34.85890672580529,35.16872787475586,12.956046959690044,12.411761389231243,13.166923535747218,15.256266849917422,14.88256892077671
AWK,2014-02-24,35.35144558073789,34.83507493872655,34.8509635925293,13.30261216030251,12.577618015518224,13.185274550592311,15.257421641046024,14.887496181689208
AWK,2014-02-25,35.35145152483299,34.723863231128746,34.91452407836914,13.119486623722201,12.51716420962396,13.178332516278884,15.249171164167594,14.810008200445793
AWK,2014-02-26,35.16873060768256,34.8033006615719,34.8509635925293,12.725006653488395,12.475317883876786,13.18166495612639,15.250317593022942,14.805668821909054
AWK,2014-02-27,35.18462322523477,34.4537602202267,34.970130920410156,12.675800289775442,12.483007546227086,12.80621580083621,15.25377156603483,14.807030494401358
AWK,2014-02-28,35.86782881781083,35.001916579424716,35.621559143066406,13.297601518978563,12.821182868928515,13.07869548169775,15.295716546142755,14.914263348965365
AWK,2014-03-03,35.50238780544351,35.01779743925689,35.07340621948242,14.3062183332025,13.169657401881068,13.228416513022118,15.377931191849159,14.999064113778527
AWK,2014-03-04,35.534160267435944,35.20050763161957,35.327613830566406,14.365902275531953,13.220511218287385,13.253291339855148,15.395143505720318,14.9169670269556
AWK,2014-03-05,35.39116806408821,34.98601797163278,35.23228454589844,14.347912501582638,12.873716566571472,13.183637935440206,15.399898138931503,14.919888815386892
AWK,2014-03-06,35.47060767164252,35.16078347949748,35.24022674560547,14.311903396424306,12.852593358681078,12.871680586060744,15.39784361236271,14.911556199173093
AWK,2014-03-07,35.351447942153534,34.9939607838393,35.23228454589844,14.324364683689344,12.811110593869174,12.86951174881876,15.317350877157585,14.853915844250572
AWK,2014-03-10,35.39911596443521,35.06546025379674,35.295841217041016,14.022282759023641,12.759439293473243,12.769036852801971,14.970057427334114,14.79480933921028
AWK,2014-03-11,35.216416295869266,34.66032522307728,34.8350944519043,14.60177987746261,12.714762366872487,12.765790519459783,15.053572887437996,14.846410213797173
AWK,2014-03-12,35.176670685814585,34.70796604163405,35.16872787475586,14.762688329602943,12.712459132102497,12.768942928684762,15.087910722263945,14.861288756896037
AWK,2014-03-13,35.78838560405508,35.16079719403819,35.74072265625,15.303597291571094,13.061434589165902,12.522033447401856,15.053627298219252,14.943313574121303
AWK,2014-03-14,36.43184713572123,35.740707413243506,36.19352340698242,14.761547457031202,13.242831430408566,12.653513782754061,15.115966803810043,14.98602053007087
AWK,2014-03-17,36.24914369122728,35.74071876695361,35.85193634033203,15.152726506281509,13.277439688380172,12.710262473744722,15.156540561044713,15.008374912012199
AWK,2014-03-18,36.32064303635274,35.86782687507133,36.1379280090332,15.049785968197346,13.085723531173041,12.737223011159102,15.027206779635035,15.025704591175316
AWK,2014-03-19,36.35241341754564,35.6056647299704,35.677162170410156,15.027353749198127,13.35042833763144,12.919341822359048,14.643554803726714,15.079755419398829
AWK,2014-03-20,35.70098503818003,35.39116388107694,35.47854995727539,14.365112502477789,13.417197411967564,12.86520150940205,14.659168655305502,15.078410117340521
AWK,2014-03-21,36.169690804249925,35.51827116408825,35.79631805419922,14.156263486992653,13.501263049272644,12.787826363292334,14.607462311327746,15.09997877781335
AWK,2014-03-24,36.12997475002672,35.71687880459787,35.883705139160156,13.75021361196499,13.458006023120017,12.788017707414207,14.597117509514545,15.097327167639296
AWK,2014-03-25,36.04258059145141,35.700982155954094,35.788368225097656,13.821093211337146,13.476398673857917,12.779424920648513,14.462153524365299,15.099389669632334
AWK,2014-03-26,35.907555724132806,35.28791001315801,35.30379867553711,14.393568781842148,13.818336711970813,12.977450131873175,14.508061129720906,15.164538518767499
AWK,2014-03-27,35.73277327088185,35.16079371027771,35.71688461303711,14.67710705647916,13.97557928933357,13.09685959193827,14.547786314029883,15.205141825741366
AWK,2014-03-28,35.97904257140045,35.732772922882816,35.85193634033203,14.091601164069045,13.985817644476878,13.096393780851137,14.550232432245213,15.179038928782356
AWK,2014-03-31,36.336530261490665,35.72483056957607,36.066429138183594,14.158667857516269,13.536835726137477,13.0977692292616,14.563221760206158,15.182125828337604
AWK,2014-04-01,36.09820573269958,35.63744674608462,35.875770568847656,14.28865095470176,13.579750211665656,13.105752866703705,14.402001218489415,15.191867832125244
AWK,2014-04-02,36.25708351598425,35.6612725387572,36.1617546081543,14.409100061169983,13.594657953354977,13.136686777836648,14.36454939442282,15.195034429310386
AWK,2014-04-03,36.40802361907239,36.0902565577585,36.16969680786133,14.190045860880224,13.491190558539792,13.12083904474322,14.34973985193604,15.18095079212294
AWK,2014-04-04,36.72578490829904,36.14586264057688,36.376243591308594,14.213700818046066,13.511948408107846,12.941608038799087,14.353120209732017,15.189427385625438
AWK,2014-04-07,36.55895572053928,36.09819385507991,36.12202835083008,14.097107602915004,13.60405588488528,12.962517617642543,14.362730533326665,15.184513379905146
AWK,2014-04-08,36.19353662841598,35.71688596636812,36.129981994628906,14.09855149531769,13.510552720291694,12.872135470949694,14.29824127251797,15.175462695563146
AWK,2014-04-09,36.304744988787455,35.828094447768116,36.28091049194336,14.096068480586663,13.324299955254803,12.883324481090458,14.268712768969246,15.128749939321148
AWK,2014-04-10,36.57484996255909,36.01875912048544,36.16969680786133,14.138394776214652,13.339554777656431,12.797597622036882,14.145143359365322,15.130804103797708
AWK,2014-04-11,36.328566063052826,36.042576426341434,36.145851135253906,13.153216242575475,13.264071808728156,12.756180473827891,14.140356819324046,15.13096617564576
AWK,2014-04-14,36.52718598735067,36.066427056800414,36.3444709777832,12.315278873075336,13.263143114309027,12.77352182723059,14.151242184040495,14.890972672942231
AWK,2014-04-15,36.39213551434459,35.83604466384551,36.272972106933594,12.211545648776436,13.282512342089078,12.62117886282888,14.15348845671614,14.686158468152266
AWK,2014-04-16,36.51924133300781,36.08231086427446,36.51924133300781,12.278341023290418,13.261607848961837,12.474929857287096,14.129657806632649,14.672190412718189
AWK,2014-04-17,36.709895069725476,36.193527438351566,36.28091049194336,12.480117672033488,13.336481828075058,12.525015214120632,14.154384498339931,14.686662398971627
AWK,2014-04-21,36.64634466412655,36.20147141758783,36.376243591308594,12.483724015041348,13.33845791609381,12.50897926537195,14.062591225803937,14.683227839301752
AWK,2014-04-22,36.670173520060295,36.24913480111571,36.55101013183594,12.529078004050422,13.211201232178468,12.523012505772602,14.06343087162515,14.653411570756973
AWK,2014-04-23,36.765503077694376,36.37624165929215,36.43185043334961,11.858329292086902,13.192584603512678,12.502315977259967,14.024580446514856,14.615658569038462
AWK,2014-04-24,36.709898086188176,36.22530469336893,36.54307174682617,11.622985438004848,13.191104056427202,12.476304457963176,13.984939019471199,14.617606544130915
AWK,2014-04-25,36.64633924361219,36.34446090559691,36.63839340209961,10.748932101530823,13.18340903058525,12.477073522255184,13.984963374226215,14.60951371764881
AWK,2014-04-28,37.00382939198048,36.49540155915588,36.90055465698242,10.338401721996105,12.705627431925754,12.407942985085137,14.006444865717954,14.611423428266853
AWK,2014-04-29,37.043552785601186,36.42390735129548,36.455684661865234,10.58910287434571,13.008028475551148,12.520269070090013,13.979119009460245,14.660943343239854
AWK,2014-04-30,36.66223605594298,36.13792252609097,36.16969680786133,10.622567230883217,13.055275786706774,12.59518053348279,13.966057211681902,14.633359562697285
AWK,2014-05-01,36.71785354614258,36.09026511793937,36.71785354614258,10.760934291709043,13.011176225089427,12.566985484947502,14.063985498210888,14.702180640957266
AWK,2014-05-02,37.059445178514075,36.40007955472146,36.678123474121094,10.601100467067972,12.583062435258332,12.557112869052034,13.966118119505822,14.679297273971148
AWK,2014-05-05,36.99589218490664,36.51129873502087,36.98794937133789,10.56973778533635,12.443464776091934,12.582271337980695,13.87237957679511,14.68649291866396
AWK,2014-05-06,37.05944149746496,36.55895946180618,36.686065673828125,10.8962614459048,12.355908672123325,12.643284487087106,13.906950837040302,14.701929205862404
AWK,2014-05-07,37.28982206708014,36.76550852651063,37.27393341064453,11.691848279756638,12.70467350672897,12.613927731128072,13.982354772646913,14.766251118396934
AWK,2014-05-08,38.07363119421441,37.193961357618015,37.369895935058594,10.795672908453668,12.62248380282734,12.548981437441196,13.983633663298994,14.753090728451065
AWK,2014-05-09,37.58581176653557,36.874080925436466,36.99403381347656,10.929835101679659,12.83355051440356,12.683617708670061,14.04326901530631,14.788598779663396
AWK,2014-05-12,37.27393212536323,36.87408304107589,37.03402328491211,10.901937644742475,12.491117975970226,12.677233853279382,13.83394037187192,14.785538212738322
AWK,2014-05-13,37.64978720492702,37.06600491991226,37.633792877197266,11.661665342679512,12.860127355810452,12.782355963646818,13.939136570927872,14.866013204297962
AWK,2014-05-14,38.105614868103736,37.43386835648445,37.633792877197266,11.496330834784967,12.863152068959776,12.619921515568134,13.894605007648744,14.83001353192519
AWK,2014-05-15,37.91368417901543,37.585808102696994,37.88969421386719,11.445374680130678,12.901655447419982,12.612582053716517,13.912188186912248,14.828859910084377
AWK,2014-05-16,37.87370715433322,37.41787942541395,37.79373550415039,11.501054741566215,12.809222991231712,12.622507389221719,13.917281575685525,14.819153148047526
AWK,2014-05-19,37.82572325008214,37.377894222307184,37.465858459472656,11.794855817516115,12.949737370360742,12.718449785136968,13.780164949237411,14.843994025781532
AWK,2014-05-20,37.865718453117296,37.225960335916945,37.44187927246094,11.561712523272725,12.782169595583706,12.692418793662464,13.767078983141273,14.844280068738449
AWK,2014-05-21,37.633808232924714,37.32192329084516,37.44187927246094,11.563503595476163,12.783806771439787,12.690169935934076,13.693426241851302,14.843876991097257
AWK,2014-05-22,37.91369288318111,37.44187080644115,37.81772994995117,11.81410833593908,12.894595561107177,12.76598066294374,13.630310726764055,14.84333965726682
AWK,2014-05-23,38.137609376566736,37.729764601363804,38.07363510131836,11.835061977510682,12.93523248553106,12.787921350786958,13.572179391508833,14.84359236380376
AWK,2014-05-27,38.53745219788302,37.841715671525535,37.92168426513672,11.932337061706763,12.48250162258366,12.815938433639698,13.582923519015116,14.802559813763272
AWK,2014-05-28,38.14559586880493,37.841709769387926,38.06562423706055,11.894540225163443,12.007075222712556,12.510161277540755,13.582861232160587,14.794238543009719
AWK,2014-05-29,38.16160688048735,37.87371498154474,38.09762954711914,11.85025457477362,11.945177261183868,12.490952851736893,13.508329740066827,14.696886633453648
AWK,2014-05-30,38.89730386368714,38.145588964975005,38.873313903808594,12.939342352521951,12.525934572807865,12.805283842331905,13.626795688601428,14.824454353277769
AWK,2014-06-02,39.04126096824993,38.48147168855457,38.56144332885742,13.033744738300243,12.679858350851102,12.832401024966126,13.63322068230751,14.641433197079593
AWK,2014-06-03,38.59343102553133,38.2975435668937,38.42549514770508,13.131191477553324,12.717136732569944,12.854929376996871,13.644953316084118,14.623782857088658
AWK,2014-06-04,38.45749182481877,37.95368103567771,38.3375358581543,13.152654090754595,12.739894357508048,12.854084493417059,13.636791172136348,14.566234714414106
AWK,2014-06-05,38.545449328166505,38.11361161868192,38.48147201538086,13.084528244485256,12.383046079537728,12.79850584180599,13.609603346317495,14.55712229175501
AWK,2014-06-06,38.6813878698401,38.28953759399963,38.345516204833984,13.170004662713755,12.317677020885446,12.701178679443306,13.071505910700608,14.53297158759333
AWK,2014-06-09,38.58544513417173,38.25756893484864,38.473487854003906,13.176482972751332,11.939071880921778,12.691911527221594,13.053741508374795,14.52783830133313
AWK,2014-06-10,38.52145883964347,38.1296084502266,38.2415657043457,13.251668283328085,11.791562795436036,12.699192579838533,12.880712494620328,14.54270536802989
AWK,2014-06-11,38.24156467494739,37.961671547183876,38.12160873413086,12.711725785648332,11.623096225933507,12.70534937899997,12.816327308255993,14.548121257001084
AWK,2014-06-12,38.3695256021707,37.76975185318815,38.26556396484375,12.41069433760314,11.548131630076073,12.709247984999298,12.777507854186673,14.474493427512853
AWK,2014-06-13,38.40950882803159,38.07363700234219,38.3375358581543,11.767138093694172,11.185917453504409,12.668360389452857,12.775179043339776,14.447852347756985
AWK,2014-06-16,38.74537315219908,38.21757253371205,38.465476989746094,11.754485646552247,11.103984201488489,12.651656370644835,12.74029723501521,14.448126028091771
AWK,2014-06-17,38.7533691309549,38.42549303251131,38.56943893432617,11.581562430202256,10.995531025123034,12.653092863073384,12.715864916195315,14.4494382193027
AWK,2014-06-18,38.9133217562373,38.42550527254338,38.8973274230957,11.387658438108918,11.092450302252251,12.611765138228298,12.704485609678892,14.46879001678468
AWK,2014-06-19,39.089242454688815,38.721379024603046,38.73737335205078,10.715418361526885,11.118972777964736,12.609499133814117,12.71519153577756,14.413813951436532
AWK,2014-06-20,38.94530750671544,38.48947972343219,38.51346969604492,10.900905335592704,10.779709682245871,12.661463209099496,12.739243218612028,14.163118392150006
AWK,2014-06-23,38.833339316737174,38.401501627466516,38.73737335205078,10.457519799621693,10.609248681982995,12.673218015837149,12.530034712628662,14.166106457233289
AWK,2014-06-24,39.07324639433688,38.705386031171805,38.78535461425781,10.457024582405058,10.597254190467277,12.343441558163711,12.514453126330025,14.164436386785415
AWK,2014-06-25,39.001281076674,38.63342064156763,38.977291107177734,9.573895785417346,10.580044344857075,12.356245740394206,12.45375117438915,14.061849798118118
AWK,2014-06-26,39.09724154290751,38.80135408553153,39.01727294921875,9.567624664276051,10.490701161759713,12.29709155474804,12.447094602714659,14.059867769168532
AWK,2014-06-27,39.38514022494499,38.92131375901984,39.209205627441406,9.48799809559628,10.428161944980689,12.084082123933584,12.406618416149778,14.059727131041535
AWK,2014-06-30,39.585054942054015,38.99327702085562,39.54507064819336,9.655890927115905,10.528318329456567,11.85133852966822,12.25921395653298,13.964729434353243
AWK,2014-07-01,39.62505322389384,39.26518835090043,39.3211669921875,9.413679140149004,10.591984065467257,11.775922206646266,12.28407965787505,13.615398669646392
AWK,2014-07-02,39.34514384767756,38.737371634042674,38.78535461425781,10.397424141879801,10.901427382330716,11.86663663708501,12.348468080358868,13.690919656633515
AWK,2014-07-03,38.769358633838486,38.377508322582905,38.43348693847656,10.814085994458681,11.102698977184325,11.98429162697815,12.290548091151836,13.664223625714445
AWK,2014-07-07,38.62541721820407,38.12960525552986,38.465476989746094,10.463227209951558,11.083453256221668,11.926113216545637,12.251015778051347,13.655002495479978
AWK,2014-07-08,39.057244047623094,38.305529148910956,38.873313903808594,10.71339986578053,11.221672989790807,12.006768759083334,12.029345403486724,13.584555645759014
AWK,2014-07-09,39.033272956189236,38.61742949718168,38.761375427246094,10.675768978948922,11.246657688616654,11.807045389875576,12.034604822377526,13.551255009832783
AWK,2014-07-10,38.99329280904817,38.601442299706875,38.86534118652344,10.652959772498201,11.215355338651078,11.809368515074354,12.006145955157796,13.538187651377195
AWK,2014-07-11,38.857329282605754,38.47347457567829,38.73737335205078,10.715325407751195,11.234267322558598,11.830212145767801,12.002901564555692,13.542349709607432
AWK,2014-07-14,38.88132073825037,38.55344463952406,38.56144332885742,9.05159096705479,11.229704897838188,11.860047595825161,12.019002164343158,13.551648808821529
AWK,2014-07-15,38.87333063752442,38.56144882242714,38.70539474487305,8.811766419827343,11.13540092963004,11.785015704601918,11.966723023968099,13.421399800470182
AWK,2014-07-16,38.9692956314465,38.425500573560214,38.761375427246094,8.750182405488532,11.131029904615074,11.76991798668604,11.88326322562757,13.37067508288913
AWK,2014-07-17,38.825341774623794,38.41749708977988,38.457481384277344,9.037917211742611,11.25147402535987,11.745249224204974,11.926041944874417,13.386023570318484
AWK,2014-07-18,39.16122055053711,38.425496644262694,39.16122055053711,10.400875644137196,11.760537315161109,12.056168254949059,12.090556754493084,13.493131420050991
AWK,2014-07-21,39.121236374060544,38.825348879902734,38.95330047607422,10.474925865663028,11.829412035412235,12.0908863172318,12.112091319628492,13.493358819203896
AWK,2014-07-22,39.313162735354545,38.95329794122551,39.193206787109375,10.571503184492206,11.871182360804985,12.11182013042593,12.128340635785236,13.45732742828622
AWK,2014-07-23,39.193206933857105,38.86533079811334,38.977291107177734,10.543950024359253,11.880974676991134,11.834160220813464,12.145114165418965,13.444796341076456
AWK,2014-07-24,39.16922142471722,38.76937228434574,39.009281158447266,10.48297552395971,11.566064000451178,11.53804965079365,12.130583662995429,13.34468340061019
AWK,2014-07-25,39.065265787381286,38.78537256642322,38.86534118652344,10.52045221921225,11.458314718051385,11.519884422904404,12.127653105783798,13.34798719700309
AWK,2014-07-28,39.329166110121356,38.73738797361073,39.22520446777344,10.813768180477318,11.217388075930925,11.578812820976623,12.15711402537193,13.374729750648012
AWK,2014-07-29,39.35314369614922,38.84933607771422,38.889320373535156,11.116180553415884,11.384433482819462,11.67958358814986,12.197516123800073,13.405858033543103
AWK,2014-07-30,39.185214240273034,38.537457559715406,38.649417877197266,11.251630094313068,11.370299915301997,11.733545776241261,12.10413162294861,13.389557405656626
AWK,2014-07-31,38.67340979009694,38.145609040753975,38.20158767700195,11.456182782448742,11.507590267595763,11.901218142524517,12.17055842314609,13.445481245059337
AWK,2014-08-01,38.697392672192215,38.16159638038914,38.41749954223633,11.544402491818198,11.113214485601535,11.713529292500285,12.131177910524999,13.385437796333722
AWK,2014-08-04,38.5614555179876,37.313924990378794,37.873714447021484,12.1408127932449,11.507551201709916,11.8789080345341,12.260725452604254,13.460242595740088
AWK,2014-08-05,38.025640087133475,37.13797480042555,37.265926361083984,12.794187416509912,11.80370066661057,11.920493896395008,12.36271150436413,13.529347865723217
AWK,2014-08-06,37.42586487860602,37.05000890216957,37.113983154296875,12.795788953598777,11.833229000364366,11.78017954413628,12.349155446373326,13.505905730570495
AWK,2014-08-07,37.71780235323703,37.01738722348024,37.476280212402344,13.075478816780011,11.533562047137272,11.770584158938952,12.39421814180188,13.535902128086711
AWK,2014-08-08,38.635581664909225,37.51652393543053,38.611427307128906,15.887180427079722,13.061366507509863,12.609095658196859,12.782319605586709,13.850303792915883
AWK,2014-08-11,38.98176728710568,38.37796045994887,38.418216705322266,15.862235053909576,13.04010139437412,12.45630087928359,12.703027664416918,13.784183473381372
AWK,2014-08-12,39.1588821377377,38.40211207411047,38.73219299316406,15.842945619563062,13.126597797504616,12.46946260886324,12.729047546401587,13.76957300373897
AWK,2014-08-13,39.12667284464223,38.77244068703215,38.93345642089844,15.858646172669102,13.022650098339994,12.42218338673579,12.728841225487,13.770956921506306
AWK,2014-08-14,39.76268105185831,38.86099729285244,39.666072845458984,16.253075199997795,13.53130593112309,12.737574455959438,12.90064300947155,13.815172876909502
AWK,2014-08-15,40.37453967186022,39.6821742141534,40.18132019042969,16.344732817731895,13.748876703725033,12.862722580211697,12.95627481053244,13.777860437055455
AWK,2014-08-18,40.382597996983066,39.81904437869445,40.00421142578125,16.433456483206875,13.671302197901621,12.674821143617857,12.956813141314624,13.783460506676803
AWK,2014-08-19,40.51140537154005,40.00420686578281,40.14107131958008,16.21354963951722,13.627860601620087,12.570165827614321,12.958953451502914,13.75651515962775
AWK,2014-08-20,40.25377277608223,39.90759008451839,40.2376708984375,16.173887761802444,13.593054118839524,12.564814497643686,12.902166951857867,13.75721226350079
AWK,2014-08-21,40.50336239840172,40.06862075300228,40.31819534301758,16.169856587976053,13.582250557774403,12.541914301982088,12.867258886519458,13.757144515719228
AWK,2014-08-22,40.32625108199231,39.955916913067924,39.98006820678711,16.36140978697517,13.717647705020788,12.592241135287086,12.913977132323879,13.638378173107554
AWK,2014-08-25,40.3584546567147,39.93981483128141,40.04447555541992,16.275235285688574,13.113388521424968,12.544507116456167,12.792100073942434,13.628702910496724
AWK,2014-08-26,40.310145796567795,39.93175918089809,39.95591354370117,16.28800846184091,13.00491666990204,12.554403997789759,12.789792424963828,13.599236567330978
AWK,2014-08-27,40.56776849228561,40.09277365421233,40.55971908569336,16.782056908661097,13.304962784316077,12.728723963549394,12.880243169727033,13.672774176989519
AWK,2014-08-28,40.59192095619815,40.21353741301987,40.4148063659668,16.618851935472378,13.320765513060593,12.684687068035828,12.877086534370493,13.679575878339712
AWK,2014-08-29,40.76903959783985,39.55337644410287,40.74488830566406,15.998357908161267,13.391256641416732,12.732473515158919,12.773669370011142,13.565013455591151
AWK,2014-09-02,40.66437420314681,40.17328058236892,40.36649703979492,16.184040385744957,13.526133034739086,12.83234736356025,12.79813292662845,13.593427317381629
AWK,2014-09-03,40.48725128173828,40.076661019899355,40.48725128173828,16.12590120505618,13.523621894785801,12.818656215688426,12.799756762126705,13.54110119027469
AWK,2014-09-04,40.80929061461837,40.3181969633606,40.55971908569336,16.00436732056319,13.448074230359467,12.815858635580696,12.796052348761863,13.465756782488889
AWK,2014-09-05,40.68852584938562,40.46310256926603,40.664371490478516,16.007636478354474,13.424242461497807,12.799179747569479,12.734422446032454,13.413306178203
AWK,2014-09-08,40.82538619735664,40.27793449997292,40.33428955078125,16.181592321787043,13.5438335578202,12.874582947106413,12.68891712547266,13.443112820473113
AWK,2014-09-09,40.36648552628236,39.82708640943773,39.9236946105957,16.32924128571511,13.73170426501378,12.965309568080045,12.74076142697041,13.487650718854136
AWK,2014-09-10,39.89150767301238,39.56142669802134,39.770748138427734,16.153797628265217,13.751076645637635,12.93283479829752,12.751726412008024,13.441544985130513
AWK,2014-09-11,40.020306506245966,39.72242940035728,39.97200393676758,16.06260911292339,13.775110979217034,12.946685694001339,12.758282561487682,13.40002187866717
AWK,2014-09-12,39.95591274801345,39.38430659690467,39.561424255371094,15.975079517555264,13.854611131896814,13.054222466948337,12.811593093248183,13.42186730011753
AWK,2014-09-15,39.75463987305038,39.360151419359035,39.593624114990234,15.918864798785423,13.82450763185984,13.038004619120377,12.8100276453047,13.421879693462147
AWK,2014-09-16,40.06861606020413,39.464809313795605,39.93980407714844,15.388230553122348,13.867856952410845,13.09328961423241,12.842488306752434,13.434214802691713
AWK,2014-09-17,40.11692734015217,39.609728742016735,39.706336975097656,14.613658656874653,13.887300678773503,13.133973997434145,12.863273524266097,13.428663048214842
AWK,2014-09-18,39.75463449347911,39.295741641332874,39.30379104614258,14.942100190063416,14.054733988188191,13.20920011451607,12.930905680384708,13.075752786123212
AWK,2014-09-19,39.83514951460027,39.44871350593373,39.64998245239258,14.901675024573791,14.131402151050876,13.111570728130062,12.802153869209313,13.086040953760348
AWK,2014-09-22,39.649978141949134,39.26354217529297,39.26354217529297,12.704946966853365,14.280370730469835,13.147517385103718,12.858022530979586,12.990581610332393
AWK,2014-09-23,39.25550481338731,38.796611734346335,38.812713623046875,13.08924513299118,14.441314917303183,13.092904338588601,12.930984381342144,12.99576601313114
AWK,2014-09-24,39.09446884514567,38.55506664302573,38.877098083496094,12.8868978875333,14.332776170222655,13.091406673625633,12.887769204776161,12.96428551081951
AWK,2014-09-25,39.07836744570702,38.69998095917747,38.83684539794922,12.800535491819897,14.289664293099898,13.0333609224388,12.889126819446433,12.964002454159942
AWK,2014-09-26,38.957611748345364,38.48261697326999,38.85295104980469,11.508445864200203,14.009593767240016,12.958806230705441,12.883215050652138,12.935869116283524
AWK,2014-09-29,38.90930184176701,38.60337228043211,38.877098083496094,10.774639681412566,13.879700054501749,12.723774660782993,12.844474647959677,12.918922530128654
AWK,2014-09-30,39.38431293031873,38.80466035042241,38.82881164550781,10.728887436919067,13.882122088998925,12.721774148502318,12.786667217093495,12.889000447851858
AWK,2014-10-01,39.07032296594349,38.54702560056575,38.72414016723633,10.656637825082486,13.723185598978551,12.62019926964619,12.789431919864475,12.890216726014394
AWK,2014-10-02,38.83686159074425,38.44237306040198,38.65169143676758,10.602990303458839,13.715874946493376,12.62519211322967,12.770545771357671,12.891618758764182
AWK,2014-10-03,39.09447674461648,38.603380080671414,38.79659652709961,10.662553613315593,13.72662839009815,12.385950181821212,12.763136513123573,12.74339917333557
AWK,2014-10-06,39.15083742019025,38.30550843564218,38.57923126220703,10.52956697791847,13.758428334823808,12.421525150437128,12.786609239086468,12.74981629482289
AWK,2014-10-07,39.28768849111136,38.353800922108015,38.965660095214844,10.991036746023818,13.877557848560432,12.474411003946436,12.804737306763567,12.737696297287343
AWK,2014-10-08,39.90759320784653,38.869045051874075,39.88344192504883,13.023980502296437,14.64855447044442,12.988667316456246,13.062198027667463,12.92985724637521
AWK,2014-10-09,40.18132626730379,39.30379367070099,39.46480941772461,12.553531867761548,14.820803434355689,13.025229780555408,13.133661225013421,12.945624009616344
AWK,2014-10-10,40.40673600702846,39.56945986733649,40.2376708984375,13.830269639674409,15.226564962315637,13.363692034669828,13.271507031485532,12.953615288238968
AWK,2014-10-13,40.503350442851314,39.74657748991664,39.88344192504883,13.822240356426041,14.91183016341667,13.449266798676529,13.30828970731251,12.988628165142996
AWK,2014-10-14,40.61607433434953,39.93175806824602,40.49531173706055,14.31522094284889,15.172924402398285,13.567176665902833,13.410633382397135,13.028881784313526
AWK,2014-10-15,40.24574491069865,38.86906281096204,39.521175384521484,15.937736702759045,15.9673079216375,14.101042645718701,13.74080085503766,13.196195723529303
AWK,2014-10-16,39.859296528422824,38.94151072243027,39.674129486083984,15.97835600199308,15.940974406211165,14.094220873315308,13.567950543869731,13.172213997228877
AWK,2014-10-17,40.14912588202253,39.52921720004734,39.93175506591797,16.088055459219465,15.990933232388318,14.11681765182808,13.583714750626449,12.999953802992803
AWK,2014-10-20,40.88174522079464,39.963959365737274,40.849544525146484,17.27468301178846,16.607388407884216,14.551819809616815,13.80013016968396,13.1817307181131
AWK,2014-10-21,41.227925984676254,40.696576143913326,41.04275894165039,17.01485317274302,16.535798887403434,14.22914230992513,13.703242944653244,13.167385735669162
AWK,2014-10-22,41.55800285960297,40.994449308461895,41.10716247558594,16.955476296141185,16.421008103300128,14.162974370123049,13.576115518255557,13.158685682158474
AWK,2014-10-23,41.775382498883495,41.19572694389545,41.40504837036133,17.011020156849444,16.40286696600208,14.18520517391009,13.52252020926828,13.173494115400844
AWK,2014-10-24,41.85589619175155,41.405052595079475,41.79148864746094,16.80755771684893,16.265688429706916,14.24109069858398,13.473813478708841,13.162832924905926
AWK,2014-10-27,41.863938980165486,41.56606181272029,41.69487380981445,16.848364260307694,16.260884483567846,14.242346093944233,13.480254394409819,13.113117449496428
AWK,2014-10-28,42.22622268913997,41.48555141991872,42.20206832885742,16.99818760814698,16.075304374029802,14.336892299515643,13.512762838074966,13.159579016088857
AWK,2014-10-29,42.451636819774315,41.62240991889983,42.032997131347656,16.93375791860217,15.682653515329555,14.353353535137842,13.521360299203462,13.161992968767661
AWK,2014-10-30,42.773688923954325,42.000813626576786,42.7656364440918,17.100553966289446,15.937366208423542,14.54302336433618,13.549580049555065,13.263216772250885
AWK,2014-10-31,43.07960618160845,42.59656191351881,42.966896057128906,17.017817682888374,15.871529130528767,14.537801221171176,13.555846020914872,13.268458532760146
AWK,2014-11-03,43.16815823277951,42.72536721140149,42.91858673095703,16.647167050765734,14.807852730576428,14.536515387327553,13.558538776600079,13.265372783068432
AWK,2014-11-04,43.06350150340891,42.20206765979247,42.30672836303711,16.87842215911258,15.111199553721239,14.742796423383222,13.680572313744976,13.344670137783737
AWK,2014-11-05,42.70122224399632,42.346986917561985,42.56435775756836,16.89925648298939,15.078921093079934,14.760298276417917,13.65424001700602,13.345712056003606
AWK,2014-11-06,43.09884368178832,41.57637336427969,42.102760314941406,17.341312883004438,15.273552555538775,14.878222839455702,13.720561134987255,13.390385383617978
AWK,2014-11-07,42.43478323113858,41.53587800375157,42.40238952636719,17.37307714385875,14.892194630499455,14.861974644804532,13.686723521460289,13.397975837256393
AWK,2014-11-10,42.977368436396745,42.370000309156275,42.81540298461914,17.467746807380326,14.797773514072738,14.905784072878664,13.724288809859841,13.346451176986301
AWK,2014-11-11,42.912576809515684,42.52385855567935,42.69392395019531,17.509301266007306,14.776372143155978,14.87883459144327,13.727907948925996,13.33813745654287
AWK,2014-11-12,42.64533751030394,42.13514745600323,42.394290924072266,17.680098608725142,14.861111239681248,14.913705160157264,13.759112479791558,13.325931979251864
AWK,2014-11-13,42.523848593327806,41.940777527640364,42.00556182861328,17.981895472556673,15.001242692062444,14.99972117026768,13.65596452246417,13.364477073958229
AWK,2014-11-14,42.2970989060734,41.843596442331794,42.00556182861328,17.997085183855603,14.99953703049434,14.985512305044974,13.515951216417497,13.327849557771737
AWK,2014-11-17,42.143258194792885,41.73834603632462,42.086570739746094,17.82795854873189,14.880689927083711,14.986619640884907,13.496153660887106,13.313059113266087
AWK,2014-11-18,42.63725040969233,42.086569641407905,42.38620376586914,17.748286390939345,14.934908877407317,15.006044551223132,13.508372679563225,13.324958057540453
AWK,2014-11-19,42.64533126033705,42.19992868294733,42.45907211303711,16.65309636410553,14.921092938534205,14.955365967888712,13.508279974810785,13.263304935743983
AWK,2014-11-20,42.58055668510748,42.118954062386486,42.24042892456055,16.368529503151365,14.684132757554123,14.949985453500435,13.52738633370754,13.208678405319347
AWK,2014-11-21,42.58056574282516,42.11896302191225,42.337615966796875,15.543088554503276,14.660757919147963,14.771441414593234,13.527923526296979,13.206724556890284
AWK,2014-11-24,42.57245566272429,42.19993729212719,42.297115325927734,15.243653020923848,14.584021873339154,14.687538469857397,13.424927271851736,13.2012049207892
AWK,2014-11-25,42.51576053930995,42.127045385087136,42.15943908691406,14.780137588720441,14.459604271401563,14.702790044795588,13.39682003635542,13.207390352850748
AWK,2014-11-26,42.54006646480936,42.14325431600372,42.46718215942383,12.698568761865447,14.514824068715532,14.657323254878538,13.296624457238313,13.207982149290205
AWK,2014-11-28,43.13931717459705,42.4752618598962,42.96115493774414,12.969165214339808,14.680713656818472,14.741990226645028,13.28455216438421,13.239254638649806
AWK,2014-12-01,42.72633128351351,42.15135673728065,42.337615966796875,13.840915728048056,15.0189030690617,14.947055994159369,13.355089138322107,13.330395456977415
AWK,2014-12-02,42.637245848594,42.216136889116505,42.59675216674805,12.440613612997764,14.945157182104534,14.955046432883154,13.3432209390395,13.300941802825413
AWK,2014-12-03,42.92066914192339,42.44287289017039,42.66152572631836,12.40085440479626,14.763918390683429,14.929227080050442,13.242756628630199,13.277152125097382
AWK,2014-12-04,42.799189375744284,42.31329629986008,42.47526168823242,12.508433584884553,14.772011784197467,14.947101050982434,13.235087797666214,13.286308735877647
AWK,2014-12-05,42.66154522149821,42.15135503734307,42.224239349365234,12.529027634627552,14.817792669969347,14.98639338051349,13.226622472894167,13.221418184110354
AWK,2014-12-08,42.985454432351666,42.16753055695887,42.669620513916016,12.605697515054052,14.75747866818519,14.997722267788454,13.273909681752258,13.248957311699636
AWK,2014-12-09,43.32558470837799,42.53195754611011,43.1312255859375,12.900723271326992,14.884842635145077,14.828512781865724,13.317255637187863,13.27484642429525
AWK,2014-12-10,43.51184767600204,42.45907698432482,42.507667541503906,13.241046992239355,15.160125313347352,14.999804014531573,13.332130275666293,13.357042627696794
AWK,2014-12-11,42.8882893763274,42.45908353402124,42.59675216674805,13.188727833750342,15.092968341447685,14.977376024667095,13.272988723170249,13.270905827991989
AWK,2014-12-12,42.83160089264947,42.23233272233081,42.410491943359375,12.24651104176618,14.952526328998308,14.966130796760059,13.28388523399271,13.255104222638266
AWK,2014-12-15,42.637241309597954,41.63305803786323,41.835514068603516,12.743298698949395,15.176368629853727,15.141974924547853,13.381675310093213,13.336891213248803
AWK,2014-12-16,42.31331075302512,41.560174065689026,41.64115524291992,12.789991757399818,15.057887618017944,15.149833452989927,13.377743644506785,13.345879265566243
AWK,2014-12-17,42.12704845011919,41.42250237490685,41.9164924621582,12.322250959262515,14.870982571239697,15.117911002097062,13.368593126787426,13.31294942166732
AWK,2014-12-18,42.88019943237305,42.02988449299143,42.88019943237305,13.914883099062372,15.507200604373311,15.443848819303934,13.617379168845083,13.425489910841534
AWK,2014-12-19,43.09883873278357,42.22422723935824,42.40238952636719,13.936137130681509,15.720552941707874,15.523435364942879,13.68107406669597,13.468705939776429
AWK,2014-12-22,42.60484556662837,42.15134296732467,42.507667541503906,13.802472452631875,15.720362471300021,15.39345203852468,13.650321862159585,13.468096480166503
AWK,2014-12-23,43.13933005799326,42.6696305984645,43.058345794677734,14.023749225689919,15.890718653187772,15.490652594455126,13.723279274291638,13.518753949964676
AWK,2014-12-24,43.641410787647644,43.11502709037565,43.5361328125,14.336430195222851,15.992411857274194,15.370616105466114,13.769749355449633,13.543908452131031
AWK,2014-12-26,43.93295946781796,43.584734841487325,43.746700286865234,14.194889918487027,15.9741737633042,15.119002692861267,13.768479939565381,13.547873767564248
AWK,2014-12-29,45.50401862678274,43.77909538308548,45.236778259277344,16.68999032754215,17.20204279513332,15.915053555441638,14.291655604703196,13.929675321452804
AWK,2014-12-30,45.091019252034066,43.949167062440694,43.9572639465332,18.97440431200649,18.35731743011666,16.59327790185211,14.714843534662128,14.244432879558646
AWK,2014-12-31,44.1839999984901,43.09073570916198,43.16361999511719,19.816075380306494,18.760307844457213,16.261492574751177,14.886512718859219,14.374858719615947
AWK,2015-01-02,43.76289573320787,43.07454338479299,43.68191146850586,19.997674234757064,18.80090306726318,16.32136813922103,14.92738052703508,14.311343179604192
AWK,2015-01-05,43.81149377366802,42.83970707664099,43.009769439697266,20.559451782723865,18.596608399072508,16.499240054609825,15.028410546943391,14.402299446949934
AWK,2015-01-06,43.641421558240324,42.85589116922265,43.12313461303711,20.49924491686847,18.434583900958096,16.487932310904586,15.028423382435413,14.39452323174516
AWK,2015-01-07,43.89246190464671,43.293190778737646,43.67380905151367,20.789266931849834,18.206033910084052,16.352514850821997,15.085814839461275,14.414438153476771
AWK,2015-01-08,44.34596595750414,43.690010419519126,43.843875885009766,20.796315498523253,18.087699711239104,16.247173957960253,15.081152493915436,14.416429172686193
AWK,2015-01-09,44.35407188497222,43.59283824771898,43.973453521728516,20.758509477463672,17.865705167427333,16.228202715335275,15.080973766598445,14.41316928013244
AWK,2015-01-12,44.26497919440114,43.46325208459345,43.83577346801758,20.721973270054963,17.072504773972717,16.236149660022683,15.087820056315765,14.396117564594421
AWK,2015-01-13,44.74277689709641,43.60092515777153,43.932952880859375,20.48583271153528,17.067038369048078,16.23572571448898,15.070888957329126,14.356506330665239
AWK,2015-01-14,44.73468500747053,43.568536316866705,44.71038818359375,20.510206957590043,17.347695563260977,16.449090720755436,15.116675431194942,14.446237371764948
AWK,2015-01-15,44.91284108721931,44.55651961721936,44.74277877807617,20.47177680618686,16.796000590819844,16.37918686054664,15.078715680879789,14.430240639218553
AWK,2015-01-16,45.15579744766997,44.48364494701019,45.11530685424805,20.562246222928167,16.840987279897725,16.418513097813854,15.012376017994814,14.441006393467266
AWK,2015-01-20,45.51212587853601,44.84807020550102,45.46353530883789,20.54140601201929,16.887505880155977,16.441460187599237,15.029924599753079,14.455033043441082
AWK,2015-01-21,45.82794363556598,44.95333216876218,45.80364990234375,20.443451688606512,16.890835239378866,16.324547726968806,15.02387033525693,14.452987343449534
AWK,2015-01-22,46.07089125752773,45.60929178066345,45.779354095458984,20.328213566325175,16.821687552628813,16.30891948792015,14.983799512556503,14.446552857323965
AWK,2015-01-23,46.16806825761171,45.54450645052787,45.80364990234375,20.17586762074868,16.80409035834682,16.271802845172758,14.882007071089653,14.44674047334191
AWK,2015-01-26,46.07088644362508,45.2529655703815,46.046592712402344,19.570725518959776,16.67949744996054,16.19699033107831,14.889150743414522,14.42315517272291
AWK,2015-01-27,46.09519057878253,45.27726952092972,45.99801254272461,19.599985466651955,16.649067953962287,16.199090678180216,14.831108754735867,14.414058627063223
AWK,2015-01-28,46.411013021357476,45.69836705987721,45.892723083496094,19.544922156096355,16.337113965148824,16.208751593891375,14.836889874971604,14.417168607522445
AWK,2015-01-29,46.5486855884662,45.81984580381467,46.451507568359375,19.100963022911102,16.475203791668797,16.299101596422158,14.7882890456975,14.454944111506391
AWK,2015-01-30,46.47581567495642,45.43114159570582,45.46353530883789,20.310446081626168,17.119730860417025,16.631090443651924,15.029035162888052,14.519412130627796
AWK,2015-02-02,45.965619528300216,45.107207866565496,45.92512893676758,20.390816474602573,16.917611179124474,16.588591996983315,15.05200440171261,14.5467294899902
AWK,2015-02-03,45.95751638099737,45.48781693339024,45.779354095458984,19.583913936894007,16.913985154800937,16.583622978447327,15.054365875565189,14.534781353257141
AWK,2015-02-04,45.86033616618331,45.01811842470994,45.05860900878906,19.904935230173145,17.095553468521864,16.797771048980284,15.14334737788811,14.56494226781912
AWK,2015-02-05,46.08471410522178,45.17263016044549,45.89741134643555,20.466486989736776,17.419883920587075,16.91585964464963,15.281534458763488,14.580955068933651
AWK,2015-02-06,45.89741168758572,44.407128747213896,44.65143966674805,21.989302781455166,18.30308283251058,17.531374516916856,15.652682831849768,14.816669049819946
AWK,2015-02-09,44.74914994874689,43.67419337994139,43.92664337158203,22.356504780041504,18.62191754234513,17.70909248683109,15.749417751768158,14.86568730356278
AWK,2015-02-10,44.35827645865607,43.95923791576038,44.21983337402344,22.39490214833562,18.59728030453156,17.697950679057765,15.74893712572433,14.876147244296925
AWK,2015-02-11,44.17909057518993,43.34844186347977,43.600894927978516,20.43811382219085,18.73491684684113,17.771949987604824,15.837596567926312,14.933543973519143
AWK,2015-02-12,43.88592189190309,43.31586846539415,43.657901763916016,18.71150855356326,18.734979874260723,17.728737058321155,15.833670885625715,14.929577628721713
AWK,2015-02-13,43.666050821345955,42.656244577102946,42.867977142333984,18.71479718274207,19.12850609467572,17.909484858521093,15.992805751844436,14.981626539549096
AWK,2015-02-17,43.381025918167396,42.66438711929616,42.957557678222656,18.37305285991655,19.080082725281237,17.799120478588517,15.824653075036299,14.982129401803574
AWK,2015-02-18,44.130245108330406,42.7784052485305,44.06509780883789,19.289604896949037,19.767303918771255,18.217006944896756,16.06290947309114,15.182625645094458
AWK,2015-02-19,44.21981797919831,43.666052046543385,43.81263732910156,19.373401991652518,19.774945659591342,18.247385253604886,16.073333656187852,15.196257341439862
AWK,2015-02-20,43.9917937607419,43.45431547633915,43.92664337158203,19.040921200516486,19.776138178858268,18.248269508626986,16.070810686534227,15.171054380413995
AWK,2015-02-23,44.21983337402344,43.36475433243886,44.21983337402344,19.104318979680215,19.811771610573324,18.268275016837833,16.08209468098739,15.177079219869425
AWK,2015-02-24,44.3094085695177,43.67420760108333,44.13839340209961,19.09670367943858,19.801674804509684,18.270641341529693,16.076945025948387,15.146506726099002
AWK,2015-02-25,45.408797541414515,44.16282539473184,44.350128173828125,19.117167670373362,19.773296327377352,18.267763202485412,16.08111130279176,15.151142796276753
AWK,2015-02-26,44.44784030865784,43.48689374638091,43.68233871459961,19.6301122923618,19.905900180813145,18.448698463933653,16.171715983549536,15.234242083447649
AWK,2015-02-27,44.130230347281675,43.486887388861064,44.040653228759766,19.07453792883594,19.724491416188695,18.477447022201005,16.188873093876545,15.249547053763598
AWK,2015-03-02,43.96737222340804,42.74583015478803,43.38103103637695,19.53137256611411,19.95150006783703,18.627880751039186,16.293670285044147,15.231107842769164
AWK,2015-03-03,43.812629264115635,43.185570805609935,43.657901763916016,19.45922220673419,19.988747816907164,18.59332332442461,16.30687718355365,15.153086032364396
AWK,2015-03-04,43.625328275230984,43.16928489491412,43.51131820678711,19.288612434478303,19.97952389626083,18.263769521192764,16.311033182376917,15.145499710754178
AWK,2015-03-05,44.203540505314514,43.66606204833802,43.910369873046875,19.36192146527896,20.014060563351066,18.21762210284767,16.33993243509513,15.164024407954965
AWK,2015-03-06,43.67421144492024,42.34680122887542,42.57482147216797,21.15819087267628,20.921202166475812,18.672993806320083,16.735975154746935,15.492991981687073
AWK,2015-03-09,42.77839172055735,42.42007392030485,42.58294677734375,21.154304002125095,20.8000040398466,18.61211899271578,16.726982623652983,15.492784720914237
AWK,2015-03-10,42.78654838822802,42.3223626421508,42.55852508544922,21.03628319912736,20.584257340350824,18.46570393679858,16.710596812475472,15.492989373976446
AWK,2015-03-11,42.85983154229355,42.485223023059945,42.50151062011719,21.034596780767878,20.581512533694045,18.033830369887863,16.70041301425798,15.431651602305923
AWK,2015-03-12,43.267027911476305,42.688828878198855,43.1367301940918,21.63600722398103,20.784055416219143,18.166029042748992,16.785973495955766,15.470879226720536
AWK,2015-03-13,43.014568584464634,42.2164947910943,42.55852508544922,21.450693056190875,20.779626022674687,18.284494132125765,16.860295188965267,15.459958191122228
AWK,2015-03-16,43.40545489389995,42.591093627198106,43.03084945678711,21.071008381950918,20.868914001537632,18.0173200034738,16.906336902547984,15.448740258293306
AWK,2015-03-17,43.32402356719625,42.819120410215014,43.28330612182617,20.897041530227053,20.86030353572359,18.024921461456792,16.910129171542952,15.423475135083622
AWK,2015-03-18,44.34197674488969,43.10414710290642,44.17910385131836,21.880867110572872,20.763085570000847,18.300649016109627,17.048162610975155,15.532814641343759
AWK,2015-03-19,44.48856116560067,43.877790156597804,44.25239562988281,21.444134725548995,20.620276337425846,18.271640628712838,17.032124903986958,15.472633262433158
AWK,2015-03-20,44.83059363530505,44.19539274892336,44.8061637878418,21.0474369319363,20.75724009320259,18.3162170523778,17.002456781532384,15.502259739218035
AWK,2015-03-23,44.78988004104223,44.39898691528732,44.464134216308594,19.593406093248085,20.676895173868783,18.358226466751606,16.991409061605577,15.50511994336619
AWK,2015-03-24,44.88758809679089,44.09765985188014,44.211669921875,19.06241170652234,20.598145026223968,18.292900855546833,17.008825769543304,15.518133039296597
AWK,2015-03-25,44.82244429929753,43.91850280761719,43.91850280761719,19.06205927924344,20.623715594027985,18.31413284233084,16.991431614359424,15.532274656257444
AWK,2015-03-26,44.13839549999531,43.47876154304702,43.5357666015625,18.7851808620573,19.48481991203172,18.17047130061983,17.02291359508171,15.494333811927838
AWK,2015-03-27,44.23610245356573,43.56832648309582,44.056941986083984,19.099921469439696,18.75062039356866,18.251874468544955,17.073313212177833,15.496226449065428
AWK,2015-03-30,44.52927914011326,43.87779067741889,44.22796630859375,18.290832965309495,18.37469334396743,18.259536567097072,17.070779956041815,15.496420896197794
AWK,2015-03-31,44.48855586163861,44.11394732647273,44.146522521972656,18.30676205918912,18.221745660397843,18.111257881269836,17.06197265654588,15.490130645903335
AWK,2015-04-01,44.38270338059514,43.78821983653926,44.350128173828125,16.81394816404716,17.946450800694876,18.101096877733177,17.064435337391544,15.482611769592397
AWK,2015-04-02,44.74100430492287,44.268676412761636,44.700286865234375,16.857328914696946,18.004796036663013,18.047582331130695,17.084973870512684,15.482265693278327
AWK,2015-04-06,45.20520388706137,44.56186068596173,44.936466217041016,16.90162030608471,17.855587100548505,18.033211349005065,17.061903807495273,15.48846525675613
AWK,2015-04-07,45.034184814556994,44.46413121304773,44.52928161621094,17.04038749849999,17.947780808939036,18.038283107027514,16.977956300252664,15.512770944454044
AWK,2015-04-08,44.72472535265772,43.771924032304064,44.105812072753906,17.26710694420874,18.05036220300613,18.100303823166726,17.00650153549772,15.527707035782386
AWK,2015-04-09,44.1546724956842,43.67419918466601,43.86964416503906,17.272105396165188,18.07298431573542,18.08490241068177,17.009099436534502,15.539829205476583
AWK,2015-04-10,44.170967451277136,43.73935376020121,44.12210464477539,16.77015349242766,18.105717736649833,18.039530713486577,17.00396721091456,15.544067637888551
AWK,2015-04-13,44.34198859161888,43.66606699000341,43.72307205200195,16.815169085921568,17.82858166611595,18.10336862271977,17.043233928114002,15.570626308524893
AWK,2015-04-14,43.99178792896096,43.56831977518359,43.983642578125,16.298128419612333,17.874294526389384,18.123193526646677,17.046912264784858,15.578607365348732
AWK,2015-04-15,44.21981560266341,43.89407296401772,43.91850280761719,16.20960745540663,17.785997193721307,18.094163631911027,17.018529329837538,15.573070036720631
AWK,2015-04-16,44.08137985140882,43.31587820974548,43.86964416503906,16.179737351037694,17.70529245874,18.094317695953542,16.98440047956548,15.571803886273623
AWK,2015-04-17,43.967376220251225,43.50318733395989,43.64977264404297,16.025835099610102,17.647611852521365,18.093263102987834,16.97834427466804,15.570741368486868
AWK,2015-04-20,44.62700823940451,43.7230665044856,44.0732421875,13.366450818425507,17.777293372142548,18.15124711657549,16.947659137495943,15.579239685627929
AWK,2015-04-21,44.61886497470576,43.79635816347006,43.8777961730957,13.462611251471793,17.79261607826666,18.166328563587268,16.949087026766072,15.586836799012845
AWK,2015-04-22,44.21167736764077,43.71491645911012,44.1872444152832,13.56534627937887,17.82121130794467,18.187440748057583,16.870919525485277,15.594265611406168
AWK,2015-04-23,44.708426151143655,44.08950996830249,44.488548278808594,13.63501041269632,17.886791355687336,18.183053060126127,16.762998251390705,15.600691692479266
AWK,2015-04-24,45.33549512361703,44.504849275605515,45.15633773803711,13.640417827016657,18.1604028633092,18.24246590699123,16.832523891995297,15.662778794417742
AWK,2015-04-27,45.270356314018336,44.268692032847696,44.47228240966797,13.8182511697863,18.230003760181212,18.256335806063355,16.91162831881721,15.744283607428363
AWK,2015-04-28,45.04233816445737,44.19540141223467,44.82246017456055,13.656075194961797,17.788370248007507,18.272041185227344,16.579645187973682,15.747338399253884
AWK,2015-04-29,44.94460320467743,44.28497247857454,44.83059310913086,13.592797013953389,17.657809814080235,18.271392826142325,16.565247242634218,15.69411212384028
AWK,2015-04-30,44.830585837314146,44.032512191398865,44.39897537231445,12.64652818633164,17.751366572957604,18.326632534392477,16.589083232447553,15.70514527461013
AWK,2015-05-01,44.59443895695872,43.90223285342427,44.21983337402344,12.695909680862952,17.477671507921364,18.312395263724852,16.590359658097658,15.647410360449138
AWK,2015-05-04,44.78173511608982,44.21982375734532,44.48041915893555,12.271678491118868,17.086955474212456,18.262618238226324,16.464352451350837,15.654752870690006
AWK,2015-05-05,44.43156614752789,43.42175648453154,43.5357666015625,13.57932952119533,16.719360213870896,18.51278248248414,16.605442520510092,15.792747147731893
AWK,2015-05-06,43.894081876515195,42.90870219519024,43.210018157958984,13.64737109403035,16.4550883514589,18.4041980866765,16.622218547527304,15.789046330503423
AWK,2015-05-07,43.816521010348836,43.070673121901564,43.431304931640625,13.632039583535263,16.430349412537637,18.418459819583017,16.627707064417642,15.72115557791447
AWK,2015-05-08,43.9230832774719,43.308373212827256,43.423118591308594,13.398476932670592,16.17683757889435,18.40396258932811,16.6262210213193,15.720115479404475
AWK,2015-05-11,43.65261085831195,42.996920725324635,43.21002197265625,12.97091742241561,16.20453776032356,18.28810322307816,16.637138745986846,15.693180456344486
AWK,2015-05-12,43.2591937595003,42.78381961872686,42.996917724609375,12.955597567362068,15.79431157452619,18.29015218889945,16.616297633286184,15.70295234978536
AWK,2015-05-13,43.43950177117206,42.74283176698193,42.80839920043945,12.992078436440488,15.814444355337,18.277418668677544,16.625347945285668,15.633682473804752
AWK,2015-05-14,43.439499687963675,42.89036034360828,43.431304931640625,13.658825059592372,15.205033919891175,18.063649222168515,16.70555424646437,15.695561409267448
AWK,2015-05-15,43.9886452217393,43.455898441646134,43.97225570678711,13.963963945229041,15.3774995585648,18.07497318120887,16.67630805371886,15.72776912843479
AWK,2015-05-18,44.44763474767574,43.55425600775146,44.144378662109375,13.920143424757198,15.389052421799597,18.080644359871762,16.674375101668176,15.728105880701493
AWK,2015-05-19,44.20994040065398,43.84111691587894,43.98044967651367,13.720191796804334,15.346673348070256,17.980373120275775,16.65685603286368,15.706280720828461
AWK,2015-05-20,44.1935390544947,43.72635981432974,43.80012512207031,13.493765054261871,15.364734391068419,17.908901552532416,16.625233591432455,15.712938527956934
AWK,2015-05-21,43.898494992471875,43.57884313896099,43.759159088134766,13.408005500978456,15.331285273511098,17.8932316334037,16.623296951242473,15.7135892683508
AWK,2015-05-22,43.75096484893869,43.29198021222149,43.365745544433594,13.533403705090679,15.125834634749083,17.124050793796183,16.66011927551026,15.714833620791415
AWK,2015-05-26,43.43131282413334,42.947740822214655,43.29197692871094,13.297156484489218,15.029724165457067,16.515026722538558,16.659839276123215,15.704068210976807
AWK,2015-05-27,43.74275985636104,43.25918789633895,43.61162185668945,13.361297901502752,14.78736961296657,16.300480737808833,16.64951110961632,15.712388852978343
AWK,2015-05-28,43.79193527217406,43.05428211213226,43.201812744140625,13.619982555474266,14.855511084278387,16.258663615353004,16.642640985838288,15.740723556757526
AWK,2015-05-29,43.554242705138364,43.12804348789423,43.33294677734375,13.65795370559233,14.854693736804055,16.077125334905777,16.63763577295,15.74271982932007
AWK,2015-06-01,43.619825673115535,43.14444840553946,43.316566467285156,13.587756962239453,14.730519597087907,16.072037349511383,16.629033182885856,15.618890414980346
AWK,2015-06-02,43.26739656492297,42.61990116227145,42.84939193725586,13.587415447044975,13.467160358089355,16.03489012122318,16.6338777062923,15.636578559864978
AWK,2015-06-03,42.97233415172737,42.18550597695738,42.35762405395508,13.898761683134667,13.67710577351971,16.121864883072128,16.694152956555623,15.677366925602282
AWK,2015-06-04,42.546132988249056,42.21009160731218,42.39040756225586,13.694708873590164,13.677851313444428,16.114237457849036,16.66478586445287,15.675105846410833
AWK,2015-06-05,41.980592524170696,41.43964789316933,41.62815856933594,14.294855192223713,14.169476037433753,16.35425836925645,16.791935290526467,15.78067766031021
AWK,2015-06-08,42.15270810257709,41.71011621394632,41.8658447265625,13.567665279847482,13.871866554430925,16.37835521054406,16.75787904165997,15.785064288907288
AWK,2015-06-09,42.28385739285424,41.69373471697041,41.80028533935547,13.019516562355616,13.607426655145154,16.12200552947355,16.729380058585505,15.783370769421618
AWK,2015-06-10,42.136318917408815,41.57898163268084,41.60356903076172,12.693708995975678,13.42868300232264,16.133138317171465,16.69703644225918,15.778539438088663
AWK,2015-06-11,41.88225655728933,41.48884237772719,41.742923736572266,12.784187931170731,13.387335903209102,16.081770823182595,16.64087296651729,15.777523673753407
AWK,2015-06-12,41.701914817079526,41.32489042018314,41.39046096801758,12.729506561813203,12.738802173623345,16.069930107448627,16.673319999507978,15.798484185544472
AWK,2015-06-15,41.44784887215591,40.48890270684463,40.75117874145508,13.28931272419295,13.065159962005662,16.17903721539769,16.77859873026337,15.87722270495151
AWK,2015-06-16,40.93150152508628,40.28400916572234,40.44792938232422,13.100487797571525,12.800685887267358,16.209536707550786,16.803537246759312,15.892853292624975
AWK,2015-06-17,40.90689969576852,40.41513296618481,40.628231048583984,12.0673687783126,12.800565907266446,16.232327956025884,16.81091020929179,15.896576077584438
AWK,2015-06-18,41.488823877973736,40.62003579129764,41.349491119384766,13.261035317465716,13.352940085551968,16.47333845266455,16.93477816315163,15.970264875257339
AWK,2015-06-19,41.710119099716366,41.22654714199499,41.234745025634766,13.117453856095398,13.307845355106993,16.475555607163965,16.93498234951756,15.967147665555508
AWK,2015-06-22,41.62815231176392,41.005244571776146,41.210147857666016,13.113818653727986,13.210848428094643,16.474614271125336,16.93329870214547,15.955846754483133
AWK,2015-06-23,41.39046903769191,40.77575910148856,40.99705505371094,13.119613942872451,12.964676623795757,16.350706849219318,16.94110729532842,15.955435713743219
AWK,2015-06-24,41.04623711380285,40.62823256414485,40.73478317260742,13.157669324753652,12.964211177346149,16.047759948621817,16.94530704226746,15.968917573290152
AWK,2015-06-25,40.91510026095014,40.398746059564075,40.46431350708008,13.212799758670437,13.009238375908652,15.970406656479987,16.926003003128308,15.976457992381363
AWK,2015-06-26,40.75937057203081,40.283996465910484,40.73478317260742,12.55328881309749,13.05695236695775,16.01673765955276,16.720070468444916,15.989501361168083
AWK,2015-06-29,40.759373559163045,40.07909607045436,40.10368347167969,12.360900194607906,13.229543099639649,16.010830296418312,16.776181865020376,16.06000600006418
AWK,2015-06-30,40.50528784712297,39.636499748804766,39.85779571533203,12.210414283364296,13.17547569790156,15.717414082208512,16.63401837954368,16.049639373575598
AWK,2015-07-01,40.39054248487364,39.767637751620775,40.300384521484375,12.907100026080451,13.357159700134172,15.272578835531373,16.652483480910004,16.077000229411915
AWK,2015-07-02,40.87411206163989,40.579050790235684,40.85771942138672,13.770599938863242,13.61961246287644,15.250458155209667,16.634298959262825,16.074516847733065
AWK,2015-07-06,41.15277862548828,40.718384623618476,41.15277862548828,14.040545746435523,13.701466683597197,15.257389929677334,16.400001109972855,16.06231013985873
AWK,2015-07-07,41.99698271653721,41.1691716144786,41.8658447265625,14.934135598042115,14.137779183637283,15.366778872646538,16.51685578349994,16.150977191621756
AWK,2015-07-08,42.02977503249344,41.44785025667403,41.94781494140625,14.960489669008847,14.044687969768207,15.368966846242978,16.50172689589698,16.119265735460445
AWK,2015-07-09,42.1609120360196,40.988864627630036,41.12820053100586,15.680339982133432,14.504875195937771,15.41425346086211,16.4531179636897,16.24029780689675
AWK,2015-07-10,41.84945452655147,40.98885809518779,41.62815856933594,16.024432320358954,14.754613293732108,15.536727108042253,16.505601411593766,16.281678574495285
AWK,2015-07-13,42.06255834407827,41.56259368282704,41.79208755493164,16.047350806694233,14.787559102721263,14.994219878118367,16.51096775844968,16.28180885549866
AWK,2015-07-14,42.16090459492106,41.77568849220941,41.95600128173828,16.114699140820694,14.79218159491191,14.987095393479194,16.495499465817478,16.278484285068924
AWK,2015-07-15,42.029763939710925,41.73470268714832,42.00517654418945,15.855224282810997,14.640923244130772,14.981457368545648,16.45957091690129,16.27514516977895
AWK,2015-07-16,42.570720849741164,41.96420865642474,42.43958282470703,15.815956951307708,14.794857995969979,15.036340856055164,16.501813247573036,16.305256444794427
AWK,2015-07-17,42.5461261640886,42.054359436035156,42.054359436035156,16.035738181924156,14.811412222785798,15.098205979987661,16.475612127296454,16.312054100599486
AWK,2015-07-20,42.292042342683494,41.800275644554596,42.0953369140625,15.11420773587371,14.731319812843513,15.07645368573102,16.469155288918337,16.214244599864987
AWK,2015-07-21,42.136318917408815,41.497021554693546,41.60356903076172,15.422970895454302,14.51981955838639,15.001436895192347,16.398603497698442,16.249274647219565
AWK,2015-07-22,42.078947089581455,41.4970223949889,41.91502380371094,15.575013940601231,14.336403490077457,14.9914155564703,16.413357505061185,16.25459755705124
AWK,2015-07-23,42.07894654860655,41.177373177774435,41.34129333496094,16.03308936532555,14.452062100050137,14.960395951031261,16.492214440286318,16.30503464524895
AWK,2015-07-24,41.833065657521544,41.33310101946837,41.751102447509766,16.268341166974107,14.630935808720091,15.011415836626577,16.448596153833655,16.333357665998086
AWK,2015-07-27,42.39039751909985,41.61995907711109,42.30023956298828,16.488746433741976,14.808628465650408,15.156045548340435,16.506114721561158,16.378451770036367
AWK,2015-07-28,42.406792457215936,41.86584781780655,42.19369125366211,15.787386076127593,14.797709526377433,15.084564549147455,16.45813472283884,16.35660173768337
AWK,2015-07-29,42.406811757572726,41.915041690108225,42.38222122192383,15.598236822128106,14.77330383988184,14.288634035862287,16.445132903342117,16.33746477874544
AWK,2015-07-30,42.595305562931266,42.16090837397501,42.283851623535156,15.612650004073075,14.137027980584744,14.293151049485326,16.406811428880257,16.326526114221174
AWK,2015-07-31,42.98052137846406,42.316636590223226,42.54612731933594,14.914199628845376,14.124972451500314,14.32730651476463,16.420090662180495,16.292182385687898
AWK,2015-08-03,42.97233404198494,42.48876197457592,42.68547058105469,14.885755711232559,14.100144842792462,14.335040393321643,16.403318345801555,16.286304720729227
AWK,2015-08-04,42.742830576546034,41.9396068713833,41.98878479003906,15.733236634794915,14.484109477712995,14.373723854832454,16.483030596704157,16.307680352290024
AWK,2015-08-05,42.70185610038718,42.08714606174489,42.292049407958984,15.745256730795898,14.541069722581906,14.264009361303359,16.505023885895216,16.236343596661012
AWK,2015-08-06,42.77882811829538,41.73101770935841,42.712825775146484,15.78416108161759,14.658852230223761,14.242614073163137,16.544786097677257,16.25689120029766
AWK,2015-08-07,43.356362068093084,42.38280314869388,43.15835189819336,15.783491115418055,14.786493992816178,14.308519923288774,16.568913034913567,16.260771016585746
AWK,2015-08-10,43.480119829632024,42.98508812112735,43.117095947265625,15.748588775934694,14.483629212072643,13.925765077361557,16.568259156544187,15.993458314739462
AWK,2015-08-11,43.83488571178665,43.01808523074708,43.82663345336914,15.378979637639103,14.650585350415021,14.169167239268516,16.667176608242677,16.06259560303233
AWK,2015-08-12,44.42067280308523,43.39760986329431,44.33816909790039,15.32591933108256,14.82340782847933,14.151038778981794,16.719919987795283,16.082815186870604
AWK,2015-08-13,44.923950901244226,44.189657268140785,44.70118713378906,15.225745880221627,14.893210547788065,14.158763321709372,16.745345508326015,16.094174467922514
AWK,2015-08-14,44.808451597971114,44.420677220944114,44.79195022583008,14.913746796661236,14.869217818698369,14.132017277268655,16.74117540865151,15.992074484071688
AWK,2015-08-17,45.22096963987503,44.76718984271745,45.113712310791016,14.912839137953442,14.931171894601874,14.133333507706391,16.74050901637769,15.95753418211168
AWK,2015-08-18,45.204479461238314,44.618694856470285,45.072471618652344,14.335444433396734,14.801785133399193,14.060564480687642,16.687701566664714,15.95062913642075
AWK,2015-08-19,45.270483644480755,44.6764499024149,45.212730407714844,14.335809234854052,14.802046068352256,13.945469422856222,16.596637604053065,15.950088060896201
AWK,2015-08-20,45.25395937049745,44.47016494034569,44.70942687988281,13.366071555262229,14.934627456590757,14.050788670881134,16.638591381062014,15.99146563733909
AWK,2015-08-21,44.91571038744396,44.21441930999229,44.569190979003906,13.172519194158966,14.81236699354707,14.056889153872065,16.64279888621089,15.994625480525007
AWK,2015-08-24,43.711127190411275,41.38448758296632,42.844825744628906,17.865351927005886,16.91487802633822,15.37555584295633,17.285132322620942,16.460765195179487
AWK,2015-08-25,43.76063461171222,42.36629867553711,42.36629867553711,18.174700091966063,17.065644227421465,15.41479837038134,17.32230184056093,16.50034999429625
AWK,2015-08-26,43.14184800387158,41.698011081230476,43.018089294433594,18.683831173357795,17.219441569595407,15.591344252779816,17.372088314905078,16.566891771430655
AWK,2015-08-27,43.87614239111108,43.075843191508035,43.8431396484375,19.230880380650312,17.475650400353615,15.830058754613741,17.47067940917681,16.607305523035624
AWK,2015-08-28,43.95039648301638,43.35635971098278,43.73588180541992,19.019388888657843,17.486561186133248,15.762697911071797,17.386229759820733,16.605033991263397
AWK,2015-08-31,43.51312690797165,42.58081977262476,42.853084564208984,20.03289430015322,17.59468437786465,16.068326006764604,17.553736875520627,16.714800028538754
AWK,2015-09-01,42.84483325568439,41.92902754059217,42.12704086303711,20.37547187203566,17.922920940390306,16.259778725532616,17.662767452614233,16.77709404524744
AWK,2015-09-02,42.69631900634148,41.978526698497454,42.415802001953125,20.357438944327644,17.972054679418207,16.241235697110934,17.60669827645466,16.78797630296126
AWK,2015-09-03,43.24910349159115,42.44055516834836,43.075843811035156,20.350763887133393,18.207679005912482,16.403419279519678,17.691026322363758,16.856448475721066
AWK,2015-09-04,42.78708417911444,42.003286220461895,42.168296813964844,21.206274276787244,18.740229043992944,16.74059826678386,17.855846388448242,16.99168155881844
AWK,2015-09-08,42.935589366701706,42.415807147537514,42.646820068359375,21.1193514274096,18.788301133246527,16.842646600941755,17.701701435220752,17.00756875522318
AWK,2015-09-09,42.91084032170447,42.193047850046106,42.25080108642578,21.28908466192276,18.603116645611646,16.887301536016935,17.686412995260614,17.00223793623166
AWK,2015-09-10,42.63032269899475,42.03628896862554,42.168296813964844,21.254672342639843,18.535124078705582,16.81304961178636,17.685372491478667,16.998761538320565
AWK,2015-09-11,42.88608450212767,41.86302460146592,42.86958312988281,21.78205412262828,18.801805689963054,17.01352630872415,17.727758271681164,17.06970423244447
AWK,2015-09-14,43.25736334749667,42.80358656512222,43.10060501098633,21.764830385597264,18.50253770476856,16.997584832868945,17.690655612397098,17.043977750202654
AWK,2015-09-15,43.405868036462174,42.97684178695195,43.29861068725586,21.783040040462172,18.505081396886414,16.977863639340658,17.689740862946564,17.04919793784064
AWK,2015-09-16,43.68638280278494,43.29035931940145,43.59562683105469,21.249337138628206,18.543537712312393,16.842190173496125,17.25376814395513,17.041029846174833
AWK,2015-09-17,44.36291492731378,43.521364003966944,43.991641998291016,21.30089513171732,18.57211806375534,16.73602920885439,16.95170855024369,17.051678377883608
AWK,2015-09-18,44.5114403004893,43.56263170844579,44.140167236328125,21.155738062177726,18.50942562466419,16.696950194814654,16.816890334811518,17.02096549109354
AWK,2015-09-21,44.61045000329774,44.17317454224581,44.28868103027344,20.98529694930842,18.438226227790626,16.70618875850434,16.762612491513654,17.003037849603096
AWK,2015-09-22,44.31341951078185,43.89264554025261,44.2061653137207,20.993786840554275,18.419166747197945,16.638380430001504,16.661479037329297,16.97358946860032
AWK,2015-09-23,44.66818684717698,44.09065147176794,44.470176696777344,20.539150255515526,18.097633620831964,16.65289347218228,16.67307326054518,16.939366688909146
AWK,2015-09-24,45.1137186625726,44.20616523510744,44.85795211791992,20.41880502047366,18.077313869268686,16.683786924565442,16.63742356944911,16.95857378271402
AWK,2015-09-25,45.89752946541681,44.866217030935225,45.286991119384766,20.4676820900121,18.047314937952567,16.38743509248543,16.668557116359732,16.98138327353178
AWK,2015-09-28,45.3694838462736,44.54443415612167,44.62693786621094,20.922522608160577,18.19341633682165,16.514546256115654,16.75762447496134,17.050092299163946
AWK,2015-09-29,44.77543234410944,44.28040080435101,44.70942687988281,20.818284438146232,18.154508314385485,16.498597738750725,16.754524988238796,17.05058422874984
AWK,2015-09-30,45.460223805435334,44.866190336782296,45.4437255859375,21.364185373897467,18.122371062473366,16.69267575489057,16.861855007751604,17.122024638568103
AWK,2015-10-01,45.63350094347183,45.06421462491977,45.60049819946289,21.368290510740096,18.127002144881995,16.676924783143864,16.73966436953401,17.12107297539199
AWK,2015-10-02,45.93052157321249,45.11372402094194,45.89752197265625,21.156473176550612,17.611110474825608,16.680041869957986,16.75655157512521,17.12913883040897
AWK,2015-10-05,46.384302556954374,45.83151753297269,46.26054382324219,21.21570544524326,17.52742827671751,16.69928155600137,16.753793120036224,17.141547473152155
AWK,2015-10-06,46.3182970728622,45.839769806824016,45.8892707824707,17.630247456132196,17.635843365545004,16.612233262207955,16.757498581862933,17.15230606736907
AWK,2015-10-07,46.087284904938656,45.534499871468974,45.666507720947266,17.2994936218497,17.677505212197897,16.52502309427311,16.74428772968046,17.135879221679946
AWK,2015-10-08,46.89582061767578,45.4932356314917,46.89582061767578,18.304490859864604,18.41334059092451,17.031801105239143,17.036909672666606,17.182527849609976
AWK,2015-10-09,47.12684043867866,46.623559591880756,46.92057800292969,17.66249215725356,18.330423432782517,17.01768664899978,17.036908760984936,17.145737699598733
AWK,2015-10-12,47.663120719655254,46.8875751481454,47.399105072021484,17.747659430894302,18.27110912143342,17.066677095960557,17.067268765606023,17.069205545505785
AWK,2015-10-13,47.663127687598084,47.176348175988785,47.59712219238281,16.345228727146033,18.275222594808216,17.072777631871183,17.073220682250835,17.046134796867307
AWK,2015-10-14,47.97664693630123,47.003087924424825,47.14334487915039,15.653666649734582,18.210496896489488,17.081068537582677,17.109869541625862,17.01439809650604
AWK,2015-10-15,48.0261344909668,46.22752618494729,48.0261344909668,16.21278414037924,18.490141758829733,17.305627534067618,17.19013975545923,16.923350381584548
AWK,2015-10-16,48.3726594971481,47.79512414090489,48.16639709472656,15.856648592439795,18.185184640493784,17.278694880014278,16.998236836270518,16.921880434795465
AWK,2015-10-19,48.65317815876742,48.10039326471784,48.63667678833008,14.049364705001569,18.1826707675203,17.251816745448586,16.995174394634528,16.93595884422762
AWK,2015-10-20,48.84293584249159,48.33140598333289,48.347904205322266,14.240539364102348,18.130305043458293,17.286282471030205,17.006387354206222,16.80524733198228
AWK,2015-10-21,48.735682223183105,47.75387427977803,47.803375244140625,14.41589448642461,18.31763660515884,17.39705210201911,16.95398552237542,16.842981561599665
AWK,2015-10-22,48.43867288038761,47.918893773766456,48.2324104309082,14.362818564013724,18.36537100462364,17.337948249056744,16.847935964480353,16.863308994006314
AWK,2015-10-23,48.27365652057711,47.39910585361233,47.54761505126953,14.887619889532463,18.65187436248602,17.394880857953986,16.611788006404627,16.9161562125549
AWK,2015-10-26,48.075647973982676,47.456860678681,48.01789474487305,14.99367576402675,18.702298947872695,17.449292666528944,16.529770162771644,16.919110981848828
AWK,2015-10-27,48.09215393168212,47.671376768260444,47.795135498046875,15.178784600171324,18.749995660022428,17.19722306876965,16.52459155910259,16.924693069672845
AWK,2015-10-28,48.182908124343754,47.06083992664717,47.630123138427734,15.263003551808879,18.39277711522322,17.200178499589523,16.440653863996182,16.889556313153168
AWK,2015-10-29,47.630114289124364,46.483295818385756,47.093833923339844,15.691917728777685,18.564438408674462,17.3108002609538,16.499644999907716,16.924861887229152
AWK,2015-10-30,47.76213502990856,47.03609028496252,47.324859619140625,15.707389958537043,18.499287477154162,17.29450914918256,16.357428882807557,16.84635317944143
AWK,2015-11-02,47.778624564283916,46.99482677620128,47.28359603881836,15.730975657588392,18.417632535753736,17.29470508164239,16.35725994153242,16.841307663361007
AWK,2015-11-03,47.836385582200926,46.961831687569145,47.630123138427734,15.75043988827027,18.44791562218049,17.25019045582912,16.10698255274859,16.854825380784067
AWK,2015-11-04,47.83637619018555,47.31659405268095,47.83637619018555,15.72628369010792,18.202814556737835,17.03979728674521,16.096662201555784,16.79385813572784
AWK,2015-11-05,48.450525208370706,47.53761517670633,48.29283905029297,15.75616784085963,18.157718021456333,17.022705450300247,16.130054680248087,16.808781373213332
AWK,2015-11-06,48.31774460032712,45.75330222558835,46.01057434082031,21.42627757613679,20.774277941946128,18.787936141440703,17.121045520835885,17.469785149815877
AWK,2015-11-09,46.384027208578,45.77818861492772,46.3010368347168,20.990338996944622,20.806205134421177,18.622458696090128,17.1342989045877,17.466875468032605
AWK,2015-11-10,47.0230577920275,46.135047597486896,46.99816131591797,21.36382985677843,20.972317098638786,18.73989422109634,17.21399842810755,17.502933435582463
AWK,2015-11-11,47.44633056074117,46.9151844426287,47.21395492553711,20.93241215894356,20.98468527690924,18.744521349894534,17.122118430531664,17.504999267456515
AWK,2015-11-12,47.75338572632389,46.75748551094751,46.86537551879883,21.07056543827282,21.04534305792053,18.767621243828593,17.122236138253385,17.506606216202655
AWK,2015-11-13,47.164154102069034,46.425525790813936,46.483619689941406,21.161783283510854,20.982156656221548,18.78821942477554,17.053906928844565,17.5012197067143
AWK,2015-11-16,47.180749595999096,46.28444146334135,47.164154052734375,21.451486255020498,21.157744969799953,18.860159934582242,17.12151587847461,17.55812629479798
AWK,2015-11-17,47.23883384409889,46.46701460477084,46.516807556152344,21.717990461007012,19.666607501191894,18.9981238003226,17.19865939966073,17.615437871026483
AWK,2015-11-18,47.40483065415969,46.47532503980997,47.355037689208984,22.227146159810278,19.773785223552682,18.981431972124277,17.292014363909356,17.689268628612147
AWK,2015-11-19,47.71189092369797,47.3218292378137,47.5293083190918,20.90932923481226,19.579703173573243,18.942535550544946,16.889964244410624,17.691767805884233
AWK,2015-11-20,48.052157573767516,47.47951327036594,47.63719940185547,20.915989195355493,19.244362818669238,18.884205315819028,16.89102313529734,17.683712013673507
AWK,2015-11-23,48.027258065447235,47.58740341506744,47.69529342651367,20.717474557162614,19.22783584717898,18.78496752102517,16.890566661679106,17.68292545168617
AWK,2015-11-24,47.6040137074856,46.89028496954982,47.20565414428711,20.901466402791215,18.846301260199837,18.85654088734256,16.93867657850359,17.715279328104764
AWK,2015-11-25,47.45462106453781,47.089458980103515,47.321834564208984,20.72627366348711,18.439242408160577,18.686469917675975,16.855168348681286,17.712530516574464
AWK,2015-11-27,48.17664337158203,47.41312185099103,48.17664337158203,20.676858282788004,18.702446985294415,18.872883531096413,16.897135154762307,17.785333790086888
AWK,2015-11-30,48.46711175262857,47.72018583837188,47.93596267700195,20.710741804931175,18.549366121120077,18.596240375343832,16.865420446509127,17.759020398696464
AWK,2015-12-01,48.50031190804453,47.62060257502503,48.027259826660156,20.509801082792723,17.9151771203969,18.51927504262499,16.85458568281277,17.695139147775993
AWK,2015-12-02,48.02727877991584,47.272054705818576,47.42974090576172,20.750556253401296,18.061426137441376,18.64640711923789,16.757913098384673,17.733893057855198
AWK,2015-12-03,47.68698391568427,47.27202581722016,47.64548873901367,20.548975921616986,17.920427002543907,18.648926689864506,16.764435741375504,17.73833038844139
AWK,2015-12-04,48.16835133687871,47.653800860377885,48.14345169067383,20.60918770076784,17.982601328130993,18.705086823631298,16.745569350513964,17.75958064135986
AWK,2015-12-07,48.47541508028927,47.79488390966514,48.46711730957031,20.243979168584847,17.760948422110783,18.670148385043404,16.734453950219503,17.758612598311522
AWK,2015-12-08,48.71608885273173,48.03555772031154,48.508609771728516,20.055625574318974,17.748910739308794,18.595079267756176,16.71837691432608,17.73055252931192
AWK,2015-12-09,48.76589455990933,48.01897157248031,48.06046676635742,20.200137322698474,17.88860973494897,18.67255291738483,16.737123983586738,17.72748650240013
AWK,2015-12-10,48.184961673358075,46.998180614660356,47.1143684387207,21.00240537429778,18.394311105081748,18.86115034946592,16.87497973783003,17.7805507858917
AWK,2015-12-11,47.44632826686734,46.80729530095132,47.07286834716797,20.74535154841066,18.328060527571008,18.837654043276032,16.820445290761743,17.780208540659473
AWK,2015-12-14,47.413134010500585,46.88198791806728,47.07286834716797,20.69315433875281,18.323464426193016,18.685804848782997,16.815320670844272,17.77378284541382
AWK,2015-12-15,47.70360534354111,47.08946883815742,47.462928771972656,20.835044447159145,18.3769113713929,18.668741092534656,16.839224144683463,17.73468957915334
AWK,2015-12-16,48.89867742069242,47.745094021479034,48.79079055786133,22.22582406452809,19.145766068720086,19.040842075675965,17.137036645881278,17.93264158111704
AWK,2015-12-17,49.61239528074948,48.64969250171647,49.20573806762695,22.31520954189871,19.176847188182407,19.06273460563776,17.140826655087853,17.939892925495222
AWK,2015-12-18,49.75348805444377,48.33433179189682,49.4215202331543,22.193611677061227,19.130000319433936,19.06241720967812,17.137675142532853,17.806335414816047
AWK,2015-12-21,49.479615939098366,48.18494835359008,48.359230041503906,18.008021076113696,19.64352506128475,19.408210121837325,17.301900998902436,17.9069773403715
AWK,2015-12-22,49.06465995380805,48.1102579296843,48.989967346191406,18.258918892329433,19.511694066702702,19.48088680012316,17.323514523128487,17.949090985017413
AWK,2015-12-23,49.58750318104897,49.09785239538753,49.43811798095703,17.972144012114015,19.572959710147202,19.517066323174795,17.33815328938971,17.927103482893582
AWK,2015-12-24,49.861371586943875,49.31362380328504,49.653892517089844,17.969101078398833,19.343812950135607,19.309047491320545,17.333225661645685,17.900296787645154
AWK,2015-12-28,50.334432615900084,49.54601137625962,50.30123519897461,18.043029065213286,19.48277909328621,19.372451614388115,17.35498695275584,17.938326427244718
AWK,2015-12-29,50.79089388044414,50.26804556351104,50.29294204711914,17.783958902132756,19.4596456764317,19.33030209740473,17.344447973016656,17.63093285791304
AWK,2015-12-30,50.58340377536318,50.06055557177858,50.1684455871582,17.474872903174134,19.430937257809852,19.28997599392303,17.346649466723218,17.38957602955971
AWK,2015-12-31,50.23485458322906,49.446436286320385,49.587520599365234,17.313872262226468,19.51889276739007,19.39904541891381,17.407157335108977,17.330767174786097
AWK,2016-01-04,50.28463230115304,49.52940854135793,50.06055450439453,16.81610746094669,19.547232857525987,19.295340764472297,17.42492396267196,17.31637533802246
AWK,2016-01-05,50.17673229040821,49.280424447842336,49.91946029663086,16.86030040535098,18.855378020236852,19.235620054107684,17.39779042998128,17.244665140803093
AWK,2016-01-06,50.0605538581058,49.35512622865742,49.70368957519531,16.947066955245234,18.88730557241805,19.22259614171233,17.397327153350158,17.250450299515453
AWK,2016-01-07,49.546006922934154,48.88207447350026,49.33022689819336,17.144968471375737,18.867716022952347,19.27031299906458,17.40804522082727,17.22629569295979
AWK,2016-01-08,50.02735619628103,49.39662116791578,49.5211067199707,16.811948959160727,18.865386084971057,19.250445056782294,17.39683071680893,17.226247274703173
AWK,2016-01-11,50.25974719294567,49.61241013391322,50.002471923828125,16.973379916679523,18.831623126205134,19.297909177386078,17.34726345564133,17.249018064564694
AWK,2016-01-12,50.21824406741834,49.172550711106105,49.95267105102539,16.28894128809645,18.475333923746398,19.297704650698527,17.245804880968358,17.245804632171474
AWK,2016-01-13,50.375924173666995,49.6787942978718,49.86967468261719,16.206672182959657,18.475234904877635,19.20351833902643,17.226619258912795,17.24633480682237
AWK,2016-01-14,50.82407324764592,49.78667792076278,50.52530288696289,16.560452813162545,18.558420290896827,19.284669466132286,17.289582249068157,17.207674201724025
AWK,2016-01-15,50.46721805123867,48.97336597995988,50.19334411621094,16.20376542626429,18.568534385428105,18.193403658335956,17.267464868961806,17.222200293548322
AWK,2016-01-19,50.92367042173394,50.18504533791418,50.63319778442383,16.308369790474103,18.471781710861414,18.11123776014438,17.28436281567955,17.22423477947923
AWK,2016-01-20,50.87387558071364,49.30533406369404,50.309532165527344,16.286410237408084,18.456500435527033,18.027151125616026,17.294237791546426,17.222523665768506
AWK,2016-01-21,50.53361800701755,49.819889270526616,50.002471923828125,16.352237004612025,18.24749684030812,17.849010741851405,17.111899056272865,17.220224169248215
AWK,2016-01-22,52.24325131004969,50.09376716033103,51.81999206542969,19.190873016088023,19.5179629935996,18.65365193489889,17.575178780473728,17.57913530981513
AWK,2016-01-25,52.24323825634881,50.88217586055435,50.99006271362305,19.645472148551704,19.806921579124367,18.537493921505074,17.68496761970141,17.65768559570572
AWK,2016-01-26,51.87807917733657,51.04816267485179,51.74529266357422,18.843034857666055,19.978197421534098,18.402111261718932,17.759779547244865,17.708733161713923
AWK,2016-01-27,52.21005388578918,51.42163247194539,51.81999206542969,18.81211159623677,19.801987023006877,18.386396904473937,17.746004772404053,17.70834440810708
AWK,2016-01-28,53.05655882582693,51.84488157037249,52.658199310302734,19.14659445210401,20.012145058051466,18.397891382980074,17.82050107185691,17.7744249083501
AWK,2016-01-29,53.97777135941041,52.790990479488286,53.8698844909668,19.890245517156764,20.458988918197274,18.30620687518853,17.990728234150836,17.875529930014615
AWK,2016-02-01,54.46740808016538,53.68729101233456,53.969459533691406,18.620550875233903,20.431109000729776,18.251489261920717,17.922524097145352,17.7378491303611
AWK,2016-02-02,54.38442763970687,53.28893810476303,54.243343353271484,18.565469438536027,20.43514046323299,18.159728208489142,17.87917531396996,17.718122627261327
AWK,2016-02-03,55.15624162888893,54.359522667166026,54.674888610839844,18.61260987073677,20.413339343474426,18.165776262694546,17.894157704178152,17.728751724971055
AWK,2016-02-04,54.50805185037399,53.148272545431624,53.33180236816406,18.99912151987252,18.39746595379742,18.54321923944835,18.149040565421796,17.83578207435741
AWK,2016-02-05,53.36516400983552,52.68944327653846,53.15660858154297,18.861708921954385,18.41703045153223,18.55627862192668,18.146011321617724,17.75053048679081
AWK,2016-02-08,53.665484042497646,52.764523069691414,53.63211441040039,18.85589610697004,18.281053062395774,18.58368446723999,18.16800271929432,17.54404872648879
AWK,2016-02-09,55.06697923880831,53.50698228243754,54.82505416870117,19.66537653372231,18.72114526704303,18.835397400381684,18.294224801439636,17.588199621904977
AWK,2016-02-10,55.67595153123342,54.7833346140278,55.62590026855469,19.736416979783687,18.76469125457155,18.905005386900505,18.357112926109977,17.631527156109357
AWK,2016-02-11,55.70932650966758,54.59981007332329,55.12537384033203,20.039155367182115,18.787098057514953,18.990336649307423,18.384607913536243,17.595530942467764
AWK,2016-02-12,55.36729588378628,54.16601461292148,54.2911491394043,20.677400309224694,18.98586193869033,19.19066896069105,18.44512727795202,17.669708254672738
AWK,2016-02-16,54.7166054227387,53.08153462239502,54.349552154541016,20.23803643133648,18.687208354061795,19.181128494658232,18.44394944017604,17.56508537784694
AWK,2016-02-17,54.64987050839844,53.73222782468821,53.98249053955078,20.337459588720673,18.508813410552403,19.22185501485243,18.4674657339137,17.581638558606
AWK,2016-02-18,55.32558609936029,53.93243730703651,54.90013122558594,20.685484077003352,18.749752011859393,19.338293825168666,18.503460902669858,17.481835117767204
AWK,2016-02-19,55.35894283630208,54.48300765870149,54.86674880981445,20.596097689466923,18.759898124224293,19.305128737359457,18.441101519435634,17.46985330007497
AWK,2016-02-22,55.41735687532071,54.94185068291089,55.283878326416016,20.36970224376674,18.788646993742987,19.140553437090635,18.455202657796406,17.48181085891349
AWK,2016-02-23,55.77607315721056,55.150406772435936,55.61756896972656,20.379869568924292,18.611495384079973,19.150368979946553,18.314466142275354,17.47983416948473
AWK,2016-02-24,55.85114371372917,55.11703086371172,55.63425064086914,20.328931395119813,18.618111868714134,19.01830715873093,18.308652010535447,17.477758475777325
AWK,2016-02-25,57.135825234711085,56.00128355540331,56.76877212524414,20.837339902152774,18.703505869139843,19.234646382822966,18.436509399937925,17.579537051906826
AWK,2016-02-26,56.443443469449356,53.940778360916774,54.0659065246582,25.869485631277804,21.430278072999073,20.853314950715564,19.366260626689872,18.199931762713014
AWK,2016-02-29,55.083664512630214,53.93244071828023,54.074256896972656,25.689813852686754,21.43363152622796,20.83051428012164,19.365559420309047,18.185196234592762
AWK,2016-03-01,54.92515983664344,54.16602131404893,54.47468566894531,25.590266892305287,21.24593879713233,20.79317147762603,19.342111442952337,18.126606777137923
AWK,2016-03-02,57.586321035527895,55.94290332233194,57.361083984375,29.226800695088727,23.526616870934436,22.22298441407969,20.124451196948165,18.815611981916973
AWK,2016-03-03,57.25264370461822,56.23489838623808,56.6436653137207,29.474536555941523,23.69275645444696,22.001957748331904,20.167046279592775,18.86004456148164
AWK,2016-03-04,56.64364745563293,55.584182468006865,56.618621826171875,29.35154109816635,23.68659152838206,22.00402352864171,20.166549883386924,18.84314133179492
AWK,2016-03-07,56.593593981511816,55.90953247946356,56.176483154296875,27.963134532491612,23.780646178061186,22.017237153183757,20.1113287199619,18.590715246216956
AWK,2016-03-08,57.252644445693825,55.97628600741533,57.03575134277344,27.601060571234303,23.79380356778698,22.117836624234503,20.167172706427525,18.64370624632264
AWK,2016-03-09,57.54461747769767,56.79381665114421,57.30269241333008,27.40711296581846,23.319065075913034,22.04662912716287,20.167979519302936,18.646184475494398
AWK,2016-03-10,57.54461925592209,56.61863260199275,56.91895294189453,27.559439659402386,23.393950301280785,21.92692363539395,20.176312632894756,18.661237039627522
AWK,2016-03-11,57.55295668951755,56.593600405111204,56.818843841552734,27.31632071285231,23.40690238991778,21.9328810499731,20.15704817186966,18.61285968226739
AWK,2016-03-14,57.019046147243955,56.42674956398397,56.72706985473633,26.654270160236166,23.40214995839637,21.900574676119223,20.135886834644676,18.557211611766018
AWK,2016-03-15,57.536284820038404,56.46013781728017,57.219276428222656,26.729614302938515,22.866687948270872,21.896001640671894,20.143860062871802,18.54591874871914
AWK,2016-03-16,57.56130329101511,56.35168424595982,57.477882385253906,26.724501589418885,22.838077932692784,21.800569930591653,20.038157256982863,18.542978835433416
AWK,2016-03-17,58.47894519679631,57.227612533392936,58.37049865722656,26.95745563884661,22.986415535727154,21.878286488686882,20.07705831022981,18.496674211641736
AWK,2016-03-18,58.41222484472315,56.727099112686076,56.735443115234375,27.283676084030706,23.328916686970295,22.25582329419902,20.37076983867047,18.73059118756774
AWK,2016-03-21,57.01904660522627,56.26824587231486,56.3516731262207,27.361998716660967,23.307657204888763,22.258791273842274,20.347630632028316,18.71124490637075
AWK,2016-03-22,56.64366996446413,56.19318936133806,56.4017448425293,27.28333940121993,23.26647144638563,22.23655755423108,20.337707634347034,18.69144064270387
AWK,2016-03-23,56.643649421073505,56.159799352685496,56.3516731262207,26.5998672678704,23.270505773202007,22.22525069830681,20.25695114748768,18.680480756860398
AWK,2016-03-24,56.71041311363685,56.16816755263648,56.41843032836914,26.286988971958202,23.16099873723951,22.127432358876252,20.2569933539027,18.66483541330696
AWK,2016-03-28,56.87724262047388,55.9095422767497,56.00965118408203,26.236378817737023,23.233910622453116,22.168466319791964,20.125080885344723,18.657656911238714
AWK,2016-03-29,57.436186289722045,56.03469300528668,57.32773971557617,26.595332553284845,23.627206390138937,22.42711723794558,20.24921938864682,18.75860605376681
AWK,2016-03-30,57.49456098827079,56.852213046719434,57.23595428466797,26.613112795354677,23.464461850045407,22.417330966649256,20.251521481760648,18.758306969892473
AWK,2016-03-31,57.89498052701142,57.11915418155826,57.50289535522461,26.50177276119317,23.42280285207991,22.41832946287363,20.252822793386773,18.759589669546465
AWK,2016-04-01,58.13691297496448,57.386112163451386,57.97840881347656,26.20091040041383,23.428937661575556,22.408254525938624,20.26721762396887,18.770015532688227
AWK,2016-04-04,58.25371518829679,57.5195958633153,58.078529357910156,26.190856150932124,23.38640814805693,20.91032630802887,20.24197907552531,18.75771848071348
AWK,2016-04-05,58.245348434695806,57.55294301987883,57.60300064086914,26.293204029155152,23.399394570295154,20.967156959657625,20.235480067913468,18.775675770704865
AWK,2016-04-06,57.98675281266186,57.27766563246871,57.97840881347656,26.300914174634283,23.411762794806474,20.878992026622356,20.24305392379344,18.756317326787297
AWK,2016-04-07,58.54569696692754,57.753188656733194,58.228694915771484,26.312183050845668,23.3685774592727,20.878209950788875,20.181033591967395,18.728850514837067
AWK,2016-04-08,58.912746044081835,58.186970783905686,58.712528228759766,25.79927451668468,23.385914988789853,20.844850134414852,20.18444885743383,18.731216784466923
AWK,2016-04-11,59.07957583622058,58.412195983506635,58.47893524169922,21.11025703562981,23.409237467145775,20.80201715817464,20.11063260759188,18.73257870300043
AWK,2016-04-12,58.770945149827526,58.111915283266235,58.72089385986328,21.10142125693642,23.31099784021851,20.71157424036149,20.09020432182107,18.706909136028354
AWK,2016-04-13,59.03789597065286,58.07854563508687,58.72089385986328,21.06906977857882,23.24015925403736,20.555212268785947,20.047352206089506,18.701128540528604
AWK,2016-04-14,58.8209799567585,58.43723869866555,58.7625846862793,15.064672681662264,23.208186802326562,20.405141336837783,20.04113878242907,18.699319548634147
AWK,2016-04-15,59.588456175881795,58.64578794787558,59.44664001464844,14.823974206290933,23.206495997527007,20.458544453167026,20.071885635826312,18.72688473481439
AWK,2016-04-18,59.83037818284525,58.98781252824921,59.813690185546875,14.867870813285538,23.14161836804792,20.467998031904642,20.07196057866031,18.722913442508567
AWK,2016-04-19,60.2391598881609,59.47167730266632,60.23081588745117,14.648301589882573,22.133606222131178,20.480675057987145,20.07445191967393,18.712672986335978
AWK,2016-04-20,60.39765936731863,59.087931400795135,59.129638671875,15.311277230641906,22.221500306529315,20.64856870565238,20.218072575133238,18.80757443807901
AWK,2016-04-21,58.887705214543764,56.80215101885192,56.943973541259766,18.959533405375588,23.54237308983386,21.598847136374655,20.63917293938409,19.195166155109433
AWK,2016-04-22,57.928376229618884,57.060784608137425,57.76152801513672,19.3051156915043,23.684818167248242,21.53752256722808,20.682525336853843,19.23221139825416
AWK,2016-04-25,59.06291580200196,58.1953242220568,59.06291580200195,20.293695809001953,23.878547470412965,21.75205787315769,20.80288296391935,19.299676663573024
AWK,2016-04-26,59.85541734527426,59.07959077527386,59.57178497314453,20.38169218486473,23.524368473648853,21.77641917812119,20.79353383531729,19.244333270889268
AWK,2016-04-27,60.37260524051491,59.32982848652055,60.20575714111328,20.447557978668442,23.595135704527614,21.68883673955398,20.816903211196312,19.25584715780169
AWK,2016-04-28,60.614567670472084,59.65521119100243,60.38932418823242,20.43444580603009,23.586925904404943,21.686357628545313,20.746154823945236,19.25649848250866
AWK,2016-04-29,60.79809297739456,59.646868986124176,60.69799041748047,20.04576877344058,23.562626601825247,21.652720700118483,20.71704746849591,19.229525317956167
AWK,2016-05-02,61.957644002426015,60.61455289606803,61.89091110229492,18.631221066111483,23.172381695230033,21.812671354580903,20.809306443190025,19.308183069572397
AWK,2016-05-03,62.22461349283809,61.34868424584046,61.67403030395508,18.50697543646363,23.174765786538355,21.831771562283407,20.818796815622377,19.30883153351672
AWK,2016-05-04,62.474851419597925,61.12341021627429,62.107791900634766,18.53104054014757,23.155542112330878,21.762925567887965,20.8182610867238,19.181343886365678
AWK,2016-05-05,62.78274837748225,61.089092586660115,61.37416076660156,19.010212465214835,22.973881110030035,21.589268751825134,20.878578793758273,19.20672336464472
AWK,2016-05-06,62.128772233049354,60.829186341803904,62.06169509887695,19.15303969360976,22.90523096308895,21.62361512988337,20.907732938009886,19.227898895090217
AWK,2016-05-09,62.4557570953769,61.99461625113212,62.28807067871094,18.895077795312936,22.795512936710736,21.61949139058704,20.851941866338812,19.228503075203243
AWK,2016-05-10,62.60668586643091,62.10362015180953,62.472537994384766,17.946325077037343,22.509437389690166,21.60183861772509,20.843905865026954,19.218512943839144
AWK,2016-05-11,62.64862319798278,61.93594609340428,62.48093032836914,17.915793659690735,22.512520010385625,21.23462150371239,20.256750177454865,19.208222450195684
AWK,2016-05-12,62.967209072421596,62.18745507983532,62.83306121826172,17.926098266665473,22.441723857510492,21.218957643977866,20.19870998293311,19.203563468552808
AWK,2016-05-13,62.908530428842596,62.20423966458778,62.640228271484375,17.936266872643426,22.269353740099458,21.234648214407258,20.14804590545062,19.16507120192859
AWK,2016-05-16,63.09297689602129,62.25453202032666,63.05105209350586,17.970574395790162,22.279036038884062,20.889369269322906,20.054544358215363,19.14052602793484
AWK,2016-05-17,63.05106142601222,61.06395087046277,61.48317337036133,19.478362551008157,22.950138064570712,21.284094182013373,20.304647193918843,19.32289530297307
AWK,2016-05-18,62.036539592367326,60.30934505535466,60.904640197753906,19.717841311478125,23.046702104462643,21.33625247584755,20.17650166302934,19.34638841405472
AWK,2016-05-19,61.55026398952895,60.4938212672357,61.54187774658203,19.868239216953143,23.116968750154633,21.37424658415213,20.07323029276585,19.360164552685234
AWK,2016-05-20,61.935938781110664,61.17295070731368,61.550254821777344,19.77917507736442,22.79437370159011,21.306030014821005,20.066671868556547,19.359190994911437
AWK,2016-05-23,61.94432532325686,61.28195288773498,61.3322639465332,19.76886824064927,20.293183885828252,21.32161655813677,20.014233735024575,19.33741334431812
AWK,2016-05-24,62.078464745132464,61.22324731556904,62.028160095214844,19.95659349001113,20.37555434120523,21.36016784782252,19.851819049960845,19.360245152551595
AWK,2016-05-25,62.49767683922219,61.27354818553009,61.44123458862305,20.220684515488607,20.488899081643762,21.327734073076236,19.86947324689306,19.38182563073465
AWK,2016-05-26,62.128769395050085,61.2064812312056,62.028160095214844,20.35078866554527,17.769488540903453,21.32784938860321,19.84287107478618,19.368425892621662
AWK,2016-05-27,62.22937008123414,61.60892276020942,62.14552688598633,20.13920167866699,17.532261096308336,21.313033543099756,19.836934246473003,19.367818479095472
AWK,2016-05-31,62.53121762883383,61.9107638422491,62.128761291503906,20.095630420037878,17.531462034910884,21.291134631231017,19.76537358200483,19.36771998471882
AWK,2016-06-01,63.08459091186524,62.00299625021572,63.084590911865234,20.441688576875922,17.642211730822822,21.33247219970654,19.823296325402552,19.377582850984236
AWK,2016-06-02,63.084590656152855,62.20422737476954,63.05105209350586,19.55928651426239,17.430893956765928,21.336521007241537,19.823573358480182,19.334209116731163
AWK,2016-06-03,64.35063264804154,63.57087879786651,64.10748291015625,15.954921310689185,17.688714987931178,21.424921091293704,19.890216706176258,19.392408277302188
AWK,2016-06-06,63.99850332009222,63.30259248993127,63.579280853271484,16.026354002052805,17.723783175330222,21.486074925283948,19.911157496029926,19.316258646864828
AWK,2016-06-07,64.03203448751357,63.36127605936142,63.6966552734375,14.971789895177329,17.70785862010178,21.47635443816586,19.910547110352304,19.312064918903282
AWK,2016-06-08,64.35064671825135,63.461897162352,64.31710815429688,15.014433285382758,17.76342057246638,21.440614013984494,19.930563489693185,19.32596685016974
AWK,2016-06-09,65.02977978010728,63.87272820311196,64.9543228149414,14.98207314872204,17.78435871797112,21.423765283011758,19.946221419446854,19.332264205169402
AWK,2016-06-10,65.19750500431795,64.57705090814571,64.97950744628906,14.993937377268516,17.780699304241814,21.40374580594505,19.94210067801857,19.332104783797092
AWK,2016-06-13,65.48255894333485,64.96272709187504,65.1136474609375,14.973004757761371,17.561211233468438,21.356196906252148,19.92674947829955,19.304790470199983
AWK,2016-06-14,65.42386017882474,64.56026288066667,65.41547393798828,14.090127013258785,16.398572616508762,21.31283417757213,19.909400338838395,19.227895047262876
AWK,2016-06-15,65.83469794760974,64.68603240270738,65.2394027709961,14.065155998074635,16.322212000472376,20.660368532718085,19.817944924386982,19.210512886927507
AWK,2016-06-16,66.0275553453518,65.25618734512756,65.96886444091797,14.244883794429686,16.415052284532,20.49334327170958,19.846562166363015,19.230980152185957
AWK,2016-06-17,66.06109809261727,64.97950301671948,65.541259765625,13.869346760570215,16.50625892395623,20.450355793571266,19.80130490055338,19.184733213971956
AWK,2016-06-20,65.60829906086674,64.35063198621754,65.06330871582031,13.86605717674019,16.62714977792365,20.507616493366307,19.831448265176853,19.201044244640382
AWK,2016-06-21,65.8598466935715,64.86209525740223,65.52446746826172,13.945612676327798,16.53113087876681,20.40339482991241,19.83339223178003,19.206682641087447
AWK,2016-06-22,65.817931855061,65.24778900477463,65.61670684814453,13.940594753546836,15.962302758226835,20.135398182038493,19.821065277163278,19.193785657005353
AWK,2016-06-23,66.18685150146484,65.46578827714131,66.18685150146484,14.078698379134662,15.99487468550864,20.163272003432876,19.800978765950926,19.187640386988623
AWK,2016-06-24,67.8217899791439,65.13038331103841,67.01688385009766,14.371577374720918,16.120989546128605,20.225630445799386,19.822102656994687,19.19700744713846
AWK,2016-06-27,68.76085911620316,67.10073561505314,68.50932312011719,15.384346481921476,16.57009909209875,20.451342062242333,19.750497626324055,19.295671382650752
AWK,2016-06-28,69.23040131764766,67.71281796015055,68.85310363769531,15.360005989961289,16.57480299048354,19.987266083689946,19.752567018469538,19.216025379834146
AWK,2016-06-29,69.75023953135322,68.78602653054254,69.02079010009766,12.847278992623709,16.414254648817085,19.965301758931428,19.729567668153848,19.197987085698895
AWK,2016-06-30,70.88213932540107,69.08786758124884,70.85698699951172,13.768519500456044,17.07935360387135,20.291834971532804,19.934384674717386,19.328339289487246
AWK,2016-07-01,71.3516667231256,69.65801067327577,70.51322174072266,13.961670830510622,17.160456457437014,20.091456543393704,19.902901862559705,19.306752226434792
AWK,2016-07-05,71.46904698561539,70.26169058653163,71.06659698486328,13.928767604898848,17.15492000087758,20.017844109495208,19.819364944640576,19.308477927020665
AWK,2016-07-06,70.77313457984005,69.61607656473696,70.4880599975586,14.23072692965873,17.250865193179038,20.005678644136513,19.85694700248814,19.277014735000908
AWK,2016-07-07,70.30360705092062,69.02917355470726,69.23878479003906,15.50107294963197,17.777246877179998,20.069272173862274,19.976370379514258,19.379968462355066
AWK,2016-07-08,69.91791355176494,68.33325334184136,69.89276123046875,15.067408123262375,17.81956966612695,20.098442608054313,19.97331995621946,19.27081158922874
AWK,2016-07-11,69.76700716110614,69.05433019579655,69.38970947265625,15.342335591177465,17.93506573166782,20.103825993922282,19.94051437868016,19.267152899933013
AWK,2016-07-12,69.38970347324806,68.08172504626532,68.15718841552734,16.574757966592866,18.331000745937498,20.229804025552742,20.06317906460308,19.369138453418632
AWK,2016-07-13,68.9034151784478,68.42550175087158,68.75249481201172,16.621038901671316,18.361322682299434,20.25127098291346,19.985794189295195,19.379930160192714
AWK,2016-07-14,68.65186941167421,68.08172659637414,68.52610778808594,16.335423510464743,18.371099577873863,20.2521439669815,19.974131069915877,19.3869088015194
AWK,2016-07-15,69.1213898469096,68.34163594409416,68.40870666503906,16.35970384956354,17.883139954009355,20.251727221307785,19.963440414331146,19.372179530228394
AWK,2016-07-18,68.71058154754816,68.22428819337702,68.2913589477539,15.861645134014763,15.841745540727473,20.25874358409029,19.957808927277092,19.34405374242524
AWK,2016-07-19,68.55126928260955,68.09012194500939,68.51773071289062,15.555209821640336,15.668306353581778,20.05020670499262,19.895269820029274,19.34431202994898
AWK,2016-07-20,68.74408585706766,68.1907156275226,68.40870666503906,15.599501933518706,15.159153828552089,18.341596813135897,19.897171864404243,19.298784017471192
AWK,2016-07-21,68.23263363833115,67.46126597885456,68.039794921875,15.598166413797324,15.188522971354073,18.379776966011498,19.91376792803199,19.30495702727659
AWK,2016-07-22,69.59094139217484,68.22427821949995,69.456787109375,16.368734910140436,15.558999603110053,18.59173894126439,20.025413092284143,19.330414011651342
AWK,2016-07-25,69.61608120190702,69.0375521558193,69.44839477539062,16.37438145795365,15.566766822176579,16.838040231130396,20.02536117720676,19.31571924658556
AWK,2016-07-26,69.76700790862465,68.76087646409299,68.9453353881836,16.603828093577533,15.678770752524857,16.74240475381638,20.036097398623312,19.30599693847336
AWK,2016-07-27,68.92855288948937,67.60380844246124,68.30810546875,16.892843323513095,15.425743725552909,16.833381928968098,19.16676281131831,19.3335137396243
AWK,2016-07-28,69.06271771285941,68.1152707584635,68.80279541015625,16.926095189669656,15.429281581164963,16.78175807361501,19.169851200917755,19.339126443628444
AWK,2016-07-29,69.58254388963304,68.75248518883075,69.23878479003906,16.75198747646622,15.420000737341116,16.663502741604255,19.11621299866443,19.339380887438143
AWK,2016-08-01,69.59094139217484,69.02079848393208,69.456787109375,16.578296689255787,15.155258959513768,16.658898509554916,19.114398708588,19.33509937747396
AWK,2016-08-02,69.38130757894406,68.6350922146145,68.81116485595703,16.68623801208603,15.212326184478107,16.69863515393408,19.12932581000231,19.367508867691047
AWK,2016-08-03,69.00403427603416,67.93920541700616,68.05658721923828,17.017113351361143,15.428687835517321,16.814683541455214,19.15388749794563,19.32341884528431
AWK,2016-08-04,68.20400626896594,67.16792926016755,67.51329040527344,17.228026238836318,15.547110459884225,16.878381060212334,19.13391893367775,19.34155261274202
AWK,2016-08-05,67.69017321860271,65.86230424368588,66.10658264160156,18.198211281600795,16.20709967757998,17.224185052162394,19.236981671532817,19.4596616547256
AWK,2016-08-08,66.65406369186762,65.31475216837303,65.40740966796875,18.049788654840288,16.348304992941753,17.32302913008306,19.200666078816294,19.479374684623053
AWK,2016-08-09,65.66013576541326,64.96942000662361,65.48324584960938,16.719967098373722,16.32991694696333,17.174473032021705,19.199506715240773,19.477681757591164
AWK,2016-08-10,65.84546002183805,65.2895211270619,65.794921875,16.71142982068216,16.306892731406734,16.515696651490412,19.202636723840115,19.424514237243187
AWK,2016-08-11,65.98024280002771,65.17160024671938,65.55907440185547,16.678964295719446,15.418851923460986,16.482725770580544,19.213095608480206,19.405463677214055
AWK,2016-08-12,66.14869556979872,65.44113587415892,65.5000991821289,14.426490989872692,15.268402692240912,16.486896048086503,19.16193394452606,19.395656655219124
AWK,2016-08-15,65.81176249277634,64.46402509012265,64.47245025634766,14.915245361312465,15.537184026244406,16.710558718039277,19.27499027281659,19.4728359409847
AWK,2016-08-16,64.3629530983052,63.47007178789267,63.6216926574707,14.840817410656152,15.801914126876563,16.871184525996288,19.259541012618946,19.51986367390774
AWK,2016-08-17,64.89360611516858,62.973079882452296,64.82621765136719,16.129948609577713,16.21056852155026,17.04348793360478,19.350743333680274,19.595770215016667
AWK,2016-08-18,65.23055550596297,64.64091596546179,65.19686126708984,15.653798045683692,16.098197459071383,16.696222546522694,19.356585899396958,19.599699724878192
AWK,2016-08-19,65.07048159503447,63.983866956440295,64.38819122314453,15.552698890568664,16.191030864662597,16.832883780378367,19.356191338114193,19.60845611100184
AWK,2016-08-22,64.86830962793195,64.32921499843225,64.5482177734375,15.563649525523271,16.093024191548942,16.825000303541707,19.35347248895539,19.603306357015718
AWK,2016-08-23,64.81780245581615,64.42190962975886,64.43032836914062,14.852599464139708,16.098960103990194,16.79302474479106,19.330054561389627,19.170939279348655
AWK,2016-08-24,64.4387464983171,63.70591138145646,64.23658752441406,14.512237931806585,16.115097097376736,16.80504365579801,19.32826806309671,19.133204239438772
AWK,2016-08-25,64.6998652328565,64.20288977702104,64.24500274658203,14.525043222477274,15.820777073239276,16.74046450073646,19.328832648729243,19.084870868533834
AWK,2016-08-26,64.80937848304481,62.96465931745889,63.006778717041016,15.365195958324696,16.330902863085072,17.031754284085693,19.446401320806142,19.12019006194551
AWK,2016-08-29,63.89963085311702,63.17522113662907,63.53742599487305,15.699180165064746,16.057813003673928,17.065222251024874,19.295799882114615,19.12876987052123
AWK,2016-08-30,63.8575352979703,62.28236997613345,62.358177185058594,16.290776721707957,16.42283674394851,17.303952206645686,19.443977702111187,19.110456735397143
AWK,2016-08-31,62.4760875101712,61.861185554101354,62.324466705322266,16.302305496007993,16.41666386552346,17.289331173012297,19.444694588796203,19.020395257705104
AWK,2016-09-01,62.29080267526643,61.73486373900017,61.793827056884766,16.36621131577176,16.365009753384665,17.341229542493387,19.464899960695163,19.039736954895815
AWK,2016-09-02,63.040466524885,61.81065589000042,63.006778717041016,16.220709689914173,16.741633574276875,17.599311145471454,19.33429329626685,19.07330514835632
AWK,2016-09-06,64.13551242192378,63.11628584016912,63.933353424072266,17.009216694492366,17.025013633646928,17.73698847324672,19.379307107174,18.979977309586058
AWK,2016-09-07,64.18603521577651,63.31842969651303,64.01757049560547,16.99333767910913,17.021334611735277,17.653577426281995,19.376195546906242,18.95534620239233
AWK,2016-09-08,64.27869615911466,63.53744235380722,63.79014587402344,16.874447430793218,17.003171042743993,17.645085895033674,19.18872109209479,18.930672558377267
AWK,2016-09-09,63.35212658540261,61.060970306396484,61.060970306396484,20.461012161147625,19.17791168099405,18.968245265187008,19.873704022497453,19.46353955927728
AWK,2016-09-12,62.18126996605216,60.749300721713034,61.903297424316406,20.891262016315153,19.255317802708355,18.852548570003865,19.906765629911572,19.443885288289067
AWK,2016-09-13,62.02965626664427,61.25470826747791,61.45686721801758,20.810840636999238,19.264776458697,17.880052480564093,19.928548727835732,19.459278682899114
AWK,2016-09-14,62.28236504887033,61.30525158990371,61.717994689941406,20.884602262714118,19.250330251156516,17.75794620059265,19.882727856874673,19.458746109656214
AWK,2016-09-15,62.223390009936615,61.5916377319849,62.09703826904297,20.947916451073105,19.234721110075917,17.439652619184773,19.890851645868246,19.456877875273886
AWK,2016-09-16,62.80462328000066,61.970711733354094,62.61088943481445,21.142348919781455,19.32045957568909,17.43575086012022,19.90359463843187,19.45388197137859
AWK,2016-09-19,63.39423170805136,62.77932338166925,63.32684326171875,20.756243470720936,19.3850774814428,17.447740275321458,19.880246622472573,19.478446743501816
AWK,2016-09-20,64.06812056935371,63.29317242968061,63.301597595214844,20.57315771085064,19.189251826686792,17.44354740178565,19.857700330815938,19.478339707123656
AWK,2016-09-21,64.73356431044857,63.276325638893326,64.66617584228516,21.571050587527033,19.154079729409933,17.74085921004356,19.992191890220262,19.576928535631062
AWK,2016-09-22,65.29793275049815,64.78411331843331,65.16316223144531,21.64789665795528,19.197006226842372,17.519506726799705,19.993803451790367,19.58154625073251
AWK,2016-09-23,65.53379374742039,64.42190962975886,64.43032836914062,21.863714814240378,19.300870610298134,17.60864817299633,20.02275284303544,19.610127554073042
AWK,2016-09-26,64.97784423964004,64.18604578610294,64.59037017822266,21.881350636764658,18.45563114209622,17.580284595395725,20.021110076388855,19.593628210948747
AWK,2016-09-27,65.21369310131998,64.03442066513605,64.14392852783203,21.48800745066767,18.47643160227651,17.50976747567162,20.02182248253374,19.545011321927188
AWK,2016-09-28,64.34611241412354,63.65539644391428,64.21134185791016,21.126437762389987,18.381265962513027,17.425898162334846,20.019861608657944,19.545007030162346
AWK,2016-09-29,64.0259878289232,62.973067390337846,63.158382415771484,20.923507987179633,18.585926359547216,17.62184556984579,20.12887230100828,19.570169965623773
AWK,2016-09-30,63.78173046853244,62.762503920343946,63.040470123291016,20.831782462109935,18.28246400292893,17.61885060052743,20.083656662352727,19.571554680971325
AWK,2016-10-03,63.05731372581024,62.18970812022942,62.38344192504883,20.744733166988848,18.227086595136875,17.69852409435153,20.110201017160286,19.599771281553835
AWK,2016-10-04,62.484499482981064,60.06699227892074,60.5723991394043,22.280474797781192,19.055660363552263,18.280734936062345,20.41450264879857,19.826730002985183
AWK,2016-10-05,61.052558154983686,59.90697989189494,59.949092864990234,22.407141903565357,18.85190810181672,18.344456713032624,20.439867134395467,19.838607538496195
AWK,2016-10-06,60.13439212550573,59.4352514055134,59.97434616088867,22.421122858171636,18.724616141752026,18.310915143235654,20.422542303084647,19.82979264868858
AWK,2016-10-07,60.82511539347893,59.477378334183875,59.502647399902344,22.46650517214223,18.759008781925907,17.919271115669947,20.027565096154596,19.684091201051142
AWK,2016-10-10,60.311310751493345,59.654289106709896,60.12599563598633,22.180113175984918,18.940655742066028,17.939353888672695,19.9582789303651,19.70683768577591
AWK,2016-10-11,59.89012661448068,59.06464040542925,59.37630081176758,22.19415445563672,19.059726970985544,17.966233593747802,19.95370626194409,19.731553897419698
AWK,2016-10-12,60.20178790380079,59.35945144269042,60.050167083740234,21.96173475934464,19.22987781807606,18.060966827603032,19.992364927001077,19.756228967104793
AWK,2016-10-13,60.90092643858636,59.94908216004405,60.44606399536133,22.07831254316775,19.31346460466078,18.085305222924866,19.922079416541248,19.73604085752581
AWK,2016-10-14,61.06097421579338,60.19336860455941,60.42080307006836,21.96278733257636,19.303622248452594,17.992247506223055,19.750024381450725,19.65753764195349
AWK,2016-10-17,60.81671534331517,60.33658361684499,60.42924118041992,21.117272284199252,18.727637878049833,17.931143823957107,19.749585870130712,19.656654954616748
AWK,2016-10-18,61.22944480884514,60.227062275329494,61.002010345458984,20.828476305266708,18.87733893793552,17.930137095792446,19.77016668529332,19.65540275573655
AWK,2016-10-19,60.90934520338456,59.74692324340528,60.36183166503906,20.969313751373452,18.927151723082332,18.002413247500574,19.79532790583049,19.676847845142355
AWK,2016-10-20,60.8082712435355,60.23548219235936,60.43764114379883,20.983830118488985,18.88221129335519,18.00408692090125,19.56299007924056,19.638668975848088
AWK,2016-10-21,60.52186952513682,59.97434957557757,60.302860260009766,16.810784391153653,18.783409875324132,17.833026234842244,19.560356545429144,19.624718065578044
AWK,2016-10-24,60.79986989695843,60.31973818263182,60.724056243896484,16.42808499612116,18.796329349707076,17.871780730341214,19.550221028232965,19.57464354332586
AWK,2016-10-25,61.23787793021836,60.370272123305305,61.187339782714844,16.47315827282946,18.872351990876524,17.710154500381975,19.402950771148216,19.56572483448424
AWK,2016-10-26,61.381061470445026,60.79142207988623,61.07781982421875,16.42628184687617,18.81221150436628,17.667259410817277,19.334376884364097,19.55958101591021
AWK,2016-10-27,61.11153738019534,60.5387480994196,60.91779708862305,16.32217271779752,18.718339029608487,17.66703911341093,19.304605174143035,19.557859701650077
AWK,2016-10-28,61.381055614960644,60.72402782646974,61.09465789794922,16.14206572712479,18.698354281890513,17.600576529884883,19.214658793606894,19.51973524181212
AWK,2016-10-31,62.74564124445626,61.21258914093346,62.36659240722656,16.949672272864486,18.80202675800645,17.842802320485056,19.35907130653768,19.613940231866277
AWK,2016-11-01,62.37501696514836,61.41475392208165,61.53268051147461,17.36010891220943,18.872913322431295,17.962151058903494,19.411815690794214,19.66694799980487
AWK,2016-11-02,61.49056371533948,60.4629121702102,61.060970306396484,16.117926670806103,18.916483098397567,17.992862097671694,19.341870647802832,19.676227244496246
AWK,2016-11-03,60.99361018676587,60.07545974179623,60.724056243896484,15.889225169747482,18.896537733068456,17.989423556973712,19.35494173727965,19.684130571966787
AWK,2016-11-04,61.11151841216645,59.45211440380131,59.460533142089844,16.599023403910262,19.31853044584966,18.273173951031026,19.50437323286862,19.78741014933462
AWK,2016-11-07,60.43017731672815,59.05830158253235,60.42170715332031,17.410013902198095,19.654620439637725,18.372075677980533,19.58082907985232,19.218711286989592
AWK,2016-11-08,61.67501394020354,60.53178762388661,61.32780838012695,18.03429426857246,19.69626337399168,18.51854222433424,19.655053826221398,19.26126210579371
AWK,2016-11-09,62.33556527157788,60.96368935645258,61.183868408203125,18.019485403189844,19.527809685608126,18.489867291433246,19.51833384928366,19.21418451394251
AWK,2016-11-10,61.1245690821685,58.77883826406615,60.15070724487305,18.055726270742564,19.385459338361784,18.630251599326105,18.7375330806761,19.295639420739803
AWK,2016-11-11,61.31084986752152,60.015193465892416,60.36239242553711,18.11672063561232,19.35712421136102,18.639760853253506,18.740641547578303,19.278971830532925
AWK,2016-11-14,60.50637095032012,59.100627912930456,59.7950325012207,18.074390522437508,19.29198029451504,18.626683769535074,18.76081545286728,19.28543297180593
AWK,2016-11-15,60.81970166895252,60.0744890450344,60.65033721923828,16.552617585011884,19.536377927117275,18.660746553710865,17.824598602898103,19.283125089144317
AWK,2016-11-16,61.07374974468534,59.97286153022743,60.92978286743164,16.30246971920797,19.569626407852997,18.31529628036558,17.765437721639177,19.228906077668746
AWK,2016-11-17,61.20925136106541,60.548720894136544,60.79430389404297,16.322200328678626,19.566721508794945,18.28916337192814,17.767889209782727,19.15761334149751
AWK,2016-11-18,61.192306314169464,60.46402760917037,60.82816696166992,16.12920902670139,19.56789121623007,18.28198631574029,17.740857176742594,19.155767831616657
AWK,2016-11-21,61.40401620640973,60.768889868000805,61.3447380065918,16.036442999874573,19.27165910081672,17.812303739277827,17.679954652245637,19.169939977953106
AWK,2016-11-22,62.92832705343835,61.0568218758768,62.784366607666016,16.804444078002284,19.793504036722968,18.227224512279122,17.877674299072936,19.29797586785189
AWK,2016-11-23,62.92831702394195,61.13303066670057,61.38707733154297,17.971044699152802,19.95880112801353,18.480910299637713,18.06413936973883,19.408491599746696
AWK,2016-11-25,63.0722951680053,61.514114876595485,62.970672607421875,19.2907129152635,20.643362841927264,18.93609138099885,18.303613793037716,19.56116191802596
AWK,2016-11-28,64.03767028182425,63.21623923067077,63.427947998046875,19.356699034190967,20.611949904872198,18.789624570794235,18.3186801163434,19.498338169430856
AWK,2016-11-29,64.4611162596289,63.35175743571029,64.34255981445312,19.69568163769708,20.436224110680087,18.87408258744452,18.36592456695322,19.53337729883166
AWK,2016-11-30,63.97839370644508,61.361669915739064,61.370140075683594,24.204998743334592,22.432298901820996,20.24228582604703,19.216037213244082,20.125458193216865
AWK,2016-12-01,61.31086015858358,60.06601157604231,60.73501205444336,24.199370665906557,22.516126585321544,20.119262898760244,19.174171374038686,20.112322828940272
AWK,2016-12-02,61.683477872283,61.03141755813919,61.41249084472656,24.403563491831413,22.64146642179048,20.15269554893338,18.91162754385023,20.134629577125988
AWK,2016-12-05,61.43790132989403,60.10837021643894,61.41249084472656,24.390149593933145,20.784050509660627,20.150459985354612,18.89215256113907,20.112781141463586
AWK,2016-12-06,61.68347332922907,60.93826067354466,61.15843963623047,24.351151927245457,20.606130246890473,20.156053252902346,18.899999438408784,20.11097784329509
AWK,2016-12-07,61.84437653958483,61.17537592472599,61.53105163574219,24.31504164560745,20.5925760195299,20.188102633844803,18.911010324651997,20.11757189530544
AWK,2016-12-08,61.92905477079205,60.62492781021972,61.86131286621094,24.352672840494442,20.603578876647436,20.201918613930186,18.91960058016717,20.09611139724284
AWK,2016-12-09,62.03070106584799,61.2939518467395,61.8359260559082,24.337043267033316,20.564645853760126,20.20194037057679,18.897266216798005,19.98699491696768
AWK,2016-12-12,62.45411072699731,61.395566477387185,62.445640563964844,24.47835152998862,20.594262907684012,20.26199453225635,18.73603402416279,20.005062063690822
AWK,2016-12-13,63.14850065457289,62.41175170409879,62.79283142089844,23.79533185962932,20.49070191332938,19.995011863247917,18.743959464447972,20.00962447485289
AWK,2016-12-14,63.41101278017123,60.862043667695644,60.921321868896484,25.09727704135753,21.400264233377786,20.526222114776864,19.0874536498818,20.241497482258524
AWK,2016-12-15,61.24312489320298,60.557190409609554,60.955204010009766,25.0006826582609,20.907307374189898,20.50596624459907,19.064238535044773,20.06454916582064
AWK,2016-12-16,61.895188457009354,60.90439271491566,61.71735382080078,25.19994487084628,21.014089539160278,20.578427600167213,19.117642231140735,20.083462491733705
AWK,2016-12-19,62.259335665494234,61.23466560843666,62.08150100708008,24.392562811683607,20.945791930993295,20.565940398993572,19.101577838459775,20.086647292689637
AWK,2016-12-20,62.93679515830081,61.82744305467277,61.97987365722656,24.008276095966796,20.936764191254834,20.53236757168314,19.08937093887927,19.959432200860746
AWK,2016-12-21,62.64038492116618,61.632649220792125,61.64958953857422,23.694379645869493,20.918998757238512,20.531839575703646,19.095503224669944,19.933093075686084
AWK,2016-12-22,61.96292402457319,61.25158562675802,61.3447380065918,23.730539989948713,20.934231038893223,20.499343246046433,19.082051309199105,19.92465978950527
AWK,2016-12-23,61.89516771252927,61.40400831749945,61.776611328125,23.241596216845206,20.731713467120155,20.478112738164604,19.09211569587288,19.931125089143702
AWK,2016-12-27,61.97985967872883,61.463289778846715,61.8867073059082,23.2300203425904,20.73392536592075,20.451331359320683,19.087514838521532,19.894386784089395
AWK,2016-12-28,62.005277908773586,60.88745563955011,60.955204010009766,23.507517508243005,20.854078318992745,20.32432948171488,19.174930936869206,19.958317606168645
AWK,2016-12-29,61.64114543363372,60.76890606349297,61.58186721801758,23.335866079039143,20.06184626237312,20.33751165450448,19.211481275756228,19.978037794321228
AWK,2016-12-30,61.72582208495029,60.997543238578835,61.277000427246094,23.354787258540377,19.97029611044639,20.347230520280206,19.173987309379314,19.947340204931997
AWK,2017-01-03,61.353232933646616,60.5572119110512,61.183868408203125,23.34934459671892,19.97402960487551,20.329113672546182,19.161752129436113,19.92976595833112
AWK,2017-01-04,61.81897036806355,61.10763189242872,61.6580696105957,23.450604511404403,19.955631199569996,20.367811047509026,19.16583420612811,19.938431341312164
AWK,2017-01-05,61.99680597474138,60.73502329999619,61.75969314575195,23.33136691638571,19.8517998057519,20.37091142489807,19.038617472654458,19.931830138184342
AWK,2017-01-06,61.87824661470856,61.353206474910706,61.6834716796875,22.29243107137201,19.670081258227366,20.22448280431325,18.497760706998303,19.91510302201345
AWK,2017-01-09,61.81898691689798,60.286216843003125,60.42170715332031,22.14116374910475,20.018098312377496,20.377217002244823,18.591965962273143,20.029051951140545
AWK,2017-01-10,60.3370244115808,59.71883170466377,59.88820266723633,20.835714854405815,20.055060614953113,20.18313462012225,18.43701342092198,20.03230857829652
AWK,2017-01-11,60.337002314981234,59.54944539475212,59.76115417480469,20.663851694636815,20.05906373006473,20.157260389295626,18.411005650976765,20.03359306491241
AWK,2017-01-12,60.01522359020855,59.244600320378964,59.86279296875,20.115189534724557,20.062681420242466,20.07487702059151,18.369169468955597,20.032413747310716
AWK,2017-01-13,60.16765247010547,59.61720821628003,59.972877502441406,14.968877065660802,19.967756232087357,20.072511892435095,18.366878811164515,19.99442618266976
AWK,2017-01-17,61.25160448354145,60.13378204224497,61.03142547607422,15.579863375653517,20.178012547548754,20.279083401941662,18.473966339517453,20.05148762983047
AWK,2017-01-18,61.51408352017993,60.607970481261546,61.48020935058594,15.387291001062206,20.23007480784713,20.313411944823752,18.349636924340253,20.046408087787718
AWK,2017-01-19,61.412509917914036,60.74351553339271,60.8620719909668,15.665592705528294,20.335980020697388,20.37101639290072,18.38377002318966,20.06308447261214
AWK,2017-01-20,61.31087831827196,60.6164736159127,60.912864685058594,15.625809100651807,20.28709770322926,20.144702999785626,18.36478979791823,20.05119884057113
AWK,2017-01-23,61.149976237652304,60.53179008672352,60.777366638183594,15.524102881242671,20.23080724693976,20.09809854709869,18.31309917317098,19.74439997168504
AWK,2017-01-24,60.972116585545336,60.38779840079905,60.895904541015625,15.445420052182518,20.2320654630737,19.886051778888287,18.2662331315961,19.672810001471795
AWK,2017-01-25,60.87050230556168,60.12528977231385,60.73501205444336,15.45756854738009,20.23218641703261,19.88967615353259,18.263226467617063,19.62531119661542
AWK,2017-01-26,61.3362685593625,60.54871163214715,61.13302993774414,15.29397530206656,20.268470893139792,19.87371839530525,18.276655094120205,19.634009286088457
AWK,2017-01-27,61.39555423422443,60.98060678015937,61.23465347290039,15.197120089574758,19.813016499030812,19.62749794330733,18.277847237360675,19.57340638026209
AWK,2017-01-30,61.2769776853401,60.59104344122086,60.895904541015625,12.485939416236308,19.654314580387894,19.498744162126656,18.276305095297126,19.45608991346247
AWK,2017-01-31,62.2169743006234,60.87897332492767,62.19157028198242,13.900410912301005,20.063203795680238,19.79468643624403,18.44459734217976,19.564075535729657
AWK,2017-02-01,61.75120448023309,60.6587865933064,60.80275344848633,14.988280721529096,20.573001495058683,20.102686430821556,18.61942938116783,19.695141178285226
AWK,2017-02-02,61.852849261416324,60.76890114314877,61.81050491333008,15.675212601772213,20.367544504979147,19.049307611202828,18.484082830224754,19.745904501359142
AWK,2017-02-03,62.11268773164363,61.346598752614554,61.63601303100586,15.688827316711388,20.124185783926123,18.929730956649475,18.452819901490326,19.58406196245681
AWK,2017-02-06,61.74668001452388,61.193393059452916,61.36363220214844,15.664931176588215,19.915796888183195,18.90779537481698,18.4192293651244,19.586648577662707
AWK,2017-02-07,61.482807395083725,61.03166132794726,61.36363220214844,15.598623167811871,19.909727314644606,18.89548282296647,18.4192205694545,19.568834088053634
AWK,2017-02-08,62.265895426111115,61.23593404691948,62.07862854003906,15.83139704301554,19.724068251641583,18.96073367288827,18.465346767155914,19.48166040405425
AWK,2017-02-09,62.24036229034656,61.678561613382506,62.01053237915039,15.827811784931503,19.716874594451806,18.91527919550164,18.417528630784393,19.431432789371392
AWK,2017-02-10,62.53829524570784,61.755184912795535,62.529781341552734,15.319989822550115,19.6725390215118,18.874580689034435,18.408901307867936,19.424107484560047
AWK,2017-02-13,62.73405013933497,62.12118560843311,62.32547378540039,15.0999573743048,19.487070966341413,18.881147982684016,18.379016765498594,19.36344355334039
AWK,2017-02-14,62.32548479362784,61.73814887512923,61.97648620605469,15.121257019291859,19.506715860224293,18.582891470882185,18.389753818046493,19.373169252286452
AWK,2017-02-15,62.1722675453976,61.193376504209795,62.146732330322266,15.125218113601397,19.50599008441183,18.544837286533884,18.39262171207327,19.36055159447583
AWK,2017-02-16,62.759592280931884,62.146721251558034,62.51274108886719,15.058096831380594,19.53859230892368,18.489786173191554,18.316274568731945,19.298783507814914
AWK,2017-02-17,63.00646223752524,62.2744287636453,62.82770919799805,15.113006712948565,19.49118007681475,18.503944846333116,18.3260206254344,19.30371375245535
AWK,2017-02-21,63.36398129886697,62.67449779671268,63.312904357910156,15.241243498611082,18.968587287730482,18.51565491477646,18.242203462497322,19.30415336290604
AWK,2017-02-22,64.0449160210254,62.18077410443837,63.77252960205078,13.901623857724823,18.42339817714638,18.551671782508926,18.2362927159877,19.307999905050888
AWK,2017-02-23,64.4790157576225,63.82358835588527,64.32579803466797,13.65805128705047,17.765502116529706,18.41281290948766,18.263574377633127,19.324943591839826
AWK,2017-02-24,65.27917535178761,64.4449882485666,64.94720458984375,13.744909176233602,17.81147506041807,18.470378294765226,18.262984834972908,19.245979325237318
AWK,2017-02-27,65.33024763648433,64.50457441229896,65.07488250732422,13.7433251191277,17.57744180724245,18.391053212317708,18.22717151953697,18.59858614175116
AWK,2017-02-28,67.01564929507097,64.92167063165554,66.3942642211914,14.622349683106089,15.043524942322314,18.019541148694092,18.3810654842846,18.698720215069216
AWK,2017-03-01,66.76878460917085,65.44089517592174,66.10484313964844,14.155201089138547,14.892898204023433,17.949319185345292,18.3872459773103,18.694220081330094
AWK,2017-03-02,66.48789419396043,65.58561529278349,66.25806427001953,14.086044092790594,14.757217624314903,17.950343125300776,18.381246310621325,17.984115475102406
AWK,2017-03-03,66.46235742578554,65.56858595437738,65.83245849609375,13.839284731729778,14.839689682706211,17.93350612310663,18.394536880421377,17.94945408446208
AWK,2017-03-06,66.04526087462668,65.59412143276538,65.79841613769531,13.859938385546904,14.802887480872803,17.87135718369254,18.347425836165794,17.949499240206478
AWK,2017-03-07,65.95162578814158,65.41536037157286,65.44940948486328,13.981371499219481,14.82738813994964,17.769439513315074,18.34206204847277,17.93936984901398
AWK,2017-03-08,64.98124692877845,64.05343287871699,64.2406997680664,15.262641729172916,15.335176829860012,17.961389842976242,18.454167843285212,17.982273010015916
AWK,2017-03-09,64.62373706368118,63.917232567025486,64.07896423339844,15.259538942836775,15.347380726988371,17.943392821136477,18.436844600322562,17.979798136327734
AWK,2017-03-10,64.8365202895781,64.0874594894261,64.62371826171875,15.32194618855424,15.315284089329342,17.986133343616977,18.463991747048905,17.983184415583878
AWK,2017-03-13,65.05788511656749,64.6237668350602,64.76847076416016,15.322235878644722,15.284383041413156,17.987634224775977,18.436844144211616,17.982574695959773
AWK,2017-03-14,65.07488282840826,64.54713775037409,64.70035552978516,15.187939346813332,13.880218817043733,17.93488346010667,18.376237178920473,17.98199023671274
AWK,2017-03-15,65.93458906121141,64.04490574165932,65.73030090332031,14.683239838830586,14.206687322936451,18.005834070186197,18.284714133121746,18.028583983378113
AWK,2017-03-16,65.57709349639552,64.40242828563849,64.47052001953125,14.239086236677212,14.626141782211205,18.289024102370462,18.413205400121136,18.13357536003748
AWK,2017-03-17,65.30471548043595,64.32582443175693,64.8620834350586,13.625992832312733,14.62877751619384,18.30313604277551,18.425939681377614,18.080168698571857
AWK,2017-03-20,65.05787512322942,64.27476475099526,64.63227081298828,13.648007124965808,14.647224653503757,18.288086650706244,18.155669452851704,17.851643193639134
AWK,2017-03-21,65.35579904145999,64.29178823004209,65.10894775390625,13.624069902663841,14.654563114455325,18.28568116352804,18.17194235558871,17.84953889462016
AWK,2017-03-22,65.91757465725628,65.42387227096283,65.67923736572266,13.748115718497392,14.688725666244808,18.32647692444629,18.178038864677067,17.868102470809692
AWK,2017-03-23,66.03676855845009,64.93870862176203,65.10894775390625,13.811538776648574,14.773566305432496,18.380328662502592,18.181429606674747,17.89182299013196
AWK,2017-03-24,65.73884987368368,64.94722553356972,65.61967468261719,13.902113915297083,14.840934048827023,18.41206077896339,18.08838036664283,17.90637182723591
AWK,2017-03-27,66.11337270213147,65.04085450466884,65.40686798095703,13.840225765756257,14.483949587668635,18.14353696498798,18.054781098985114,17.893129923462574
AWK,2017-03-28,65.78138621984863,65.06637425816567,65.70478057861328,13.791358116964997,14.378661364013182,18.016165830987877,18.0455687039602,17.7526527792719
AWK,2017-03-29,65.84097719154518,65.09191603790728,65.68775939941406,13.628869797103055,14.326444962422718,17.967026628889453,17.923392256768743,17.751532537176566
AWK,2017-03-30,65.7047996584193,64.96424577373924,65.5430679321289,13.678851179372034,14.33259486669739,17.945250383065044,17.893560993663066,17.748852071348466
AWK,2017-03-31,66.43683017816551,65.59412903462838,66.198486328125,13.835194865686992,14.383464493047596,17.659248414404207,17.930575590558647,17.757162855234448
AWK,2017-04-03,66.18144614610736,65.31321652678504,65.6622085571289,14.100807556444222,14.509151981109646,17.554483736519007,17.954321995452634,17.777837258861474
AWK,2017-04-04,66.36873935693099,65.62818549488506,66.15593719482422,14.093186430775905,14.561310720998632,17.442698466413212,17.976612300535287,17.769997276310335
AWK,2017-04-05,66.82836488594913,65.84947405039064,66.64109802246094,14.095815961870287,13.882464968924896,17.466250511463937,17.993739478501336,17.77290619057878
AWK,2017-04-06,66.641122396196,65.83247032575416,66.34320068359375,14.028448543192646,13.769338221161018,17.25144040584321,18.000231744206634,17.77599090325742
AWK,2017-04-07,66.80284555216816,66.26658004396954,66.30914306640625,13.795045271194489,13.75415564440337,17.24823160817363,17.989497272987506,17.75920382856144
AWK,2017-04-10,66.4708468278795,65.95161578799274,66.41126251220703,13.792188722366983,13.75421166614541,17.16786549540555,17.82046054411636,17.753837700702345
AWK,2017-04-11,66.8198744355661,66.1814679919142,66.6496353149414,12.549295388652324,13.759443738151408,17.043077637444675,17.82622335204812,17.75280245098905
AWK,2017-04-12,67.10927595145701,66.48789737461328,67.09225463867188,12.611082441385117,13.404059114751043,17.0571293890854,17.82473654121287,17.763257353304173
AWK,2017-04-13,67.20291247774689,66.50492172596539,66.87945556640625,12.642584302968698,13.384487536489948,17.06232175247602,17.79529685276355,17.767111367017236
AWK,2017-04-17,67.44125242615254,66.87945169798675,67.38166809082031,12.640215305029962,13.222924914550093,17.093597694852424,17.79686317540777,17.746234058787966
AWK,2017-04-18,67.79023493797395,67.2624834038818,67.67106628417969,12.67414093805186,13.232232597182616,17.06022126724477,17.78814817013183,17.74123301833431
AWK,2017-04-19,67.83280224196788,67.25398024658168,67.51785278320312,12.573758785433103,13.232745485590883,16.691088868142913,17.785661326312695,17.731477624506056
AWK,2017-04-20,67.5178497947275,66.70069051285813,67.39016723632812,11.152837325073692,13.253722007842272,16.276320162172812,17.753338653284164,17.631262019771874
AWK,2017-04-21,68.64145463557357,67.42422619039105,68.53079986572266,11.911374589383945,13.57654535077989,15.999065907240423,17.817563935067845,17.28472268730697
AWK,2017-04-24,69.16919486605934,68.33500779513741,68.7520980834961,11.769312687387961,13.546406366366693,15.970935749229259,17.795657557468676,17.233217160431632
AWK,2017-04-25,69.03299513945593,68.5222714338211,68.9223403930664,11.769812371091035,13.546669312706497,15.82590855647845,17.618728032267416,17.097384736602297
AWK,2017-04-26,68.63294343652075,67.79024878563521,68.29246520996094,12.185751939653045,13.652855505559256,13.926832671637912,17.60695766281223,17.106543228369745
AWK,2017-04-27,69.36498668866719,68.38609550415774,68.44568634033203,11.443974594422725,13.05761352900048,13.805834606802367,17.608218616118602,17.07768220582192
AWK,2017-04-28,68.68402694044441,67.72215702514373,67.89240264892578,10.057129682184396,12.223206826441672,13.792046738529248,17.62768998700584,17.09750486292366
AWK,2017-05-01,68.13923137781792,67.16034047126742,67.23694610595703,10.494734739014408,12.062471069534666,13.895598177617119,17.660859074740692,17.12127285201495
AWK,2017-05-02,67.73915737589925,67.10075115746538,67.3390884399414,10.397833955704638,12.030223645539122,13.872255787604779,17.661171112526226,17.01444989948728
AWK,2017-05-03,67.37761997870895,66.36789665772983,66.4876937866211,11.004323971168855,12.320699666130169,14.016162920578044,17.625593357741717,17.060240167358742
AWK,2017-05-04,66.02562871729221,64.40835427730035,64.75919342041016,13.246725861044775,13.56279518982761,14.641709752761292,17.83242105168119,17.2534134732003
AWK,2017-05-05,65.76891384071052,64.86187653198162,65.58921813964844,13.541835131181434,13.603530026018193,14.770025076373535,17.75782064667723,17.256447605865
AWK,2017-05-08,66.2309515384628,65.30679717768908,65.52072143554688,13.35368139761659,13.603201237935103,14.697840804134241,17.745612323464897,17.222327554723773
AWK,2017-05-09,65.39238248208396,64.31420864420727,64.43400573730469,14.179809033240112,13.983643775202653,14.925916259540612,17.794762416535267,17.301888236178062
AWK,2017-05-10,64.96455901260973,64.31423354923534,64.75919342041016,14.195647971065226,13.991545442291537,14.118892329400543,17.802325972491648,17.306536310446777
AWK,2017-05-11,64.83618457541417,64.04894458948975,64.79340362548828,14.198561138917018,13.93078046808551,14.118895783300536,17.801068896986838,17.306579212023227
AWK,2017-05-12,65.623425057912,64.61370202844438,65.29825592041016,14.384545118555799,13.999383904693302,14.03872602423857,17.820772102482547,17.31470505481868
AWK,2017-05-15,65.66621147913347,65.14423558394442,65.46084594726562,14.089932229125216,13.964396244860453,14.016307702791963,17.823026355583806,17.313230988820223
AWK,2017-05-16,65.6919110504057,64.77631475172197,64.90467071533203,14.109467498563754,14.063919837827015,14.086011476015525,17.700611674570364,17.32321354693259
AWK,2017-05-17,64.90463157452466,64.07460424264468,64.6479263305664,13.943306806122255,14.013568467044774,14.073238084041142,17.680157931177135,17.14112979597609
AWK,2017-05-18,64.99022097600951,63.860700563871085,64.3912353515625,13.757741305027723,13.966568023252973,14.064477351465591,17.544592025667114,17.11890119855171
AWK,2017-05-19,64.96453249400277,64.04037791366409,64.91319274902344,13.972696128869478,13.95239607300209,14.077977742355191,17.569210675788945,17.106537288167978
AWK,2017-05-22,65.43517780484011,64.60515032564037,65.349609375,14.137705075730885,13.880595183196634,14.111038117645109,17.554619531546663,17.118837145037155
AWK,2017-05-23,65.8886714202003,65.21266998195563,65.52072143554688,14.154527639061381,13.884963937008136,13.887665246484932,17.408800042402735,17.11624755594002
AWK,2017-05-24,66.008481011351,65.45227652965788,65.92291259765625,14.23619120163235,13.310927945393184,13.831280459266232,17.33895518518819,17.090641498780737
AWK,2017-05-25,66.6160232930942,65.64908784248084,66.51334381103516,14.349262807432991,13.407853430126943,13.86256685149852,17.369320635746472,17.084432289297443
AWK,2017-05-26,66.7187254261021,66.16252082622135,66.34221649169922,14.339811307775536,13.41085104796022,13.868113185365589,17.366705720733133,17.061873402117335
AWK,2017-05-30,66.74440546196786,66.00850508459806,66.54759216308594,14.18929207085577,13.35677060970602,13.828803399408516,16.563859204324572,17.06344266942236
AWK,2017-05-31,67.0610068344885,66.4021161879606,66.89842224121094,14.220048539823003,13.396274042785713,13.846547954923501,16.498974113089186,17.070634195032333
AWK,2017-06-01,67.47171312666455,66.70158445269138,67.4289321899414,14.407006219300063,13.434306048858542,13.888244391568652,16.49713093819668,17.021573325549404
AWK,2017-06-02,68.01937989652366,67.36905461700437,67.60009002685547,14.414782242391727,12.833414479004073,13.45306742019235,16.49294470481059,17.022896181224187
AWK,2017-06-05,67.81403957720704,67.38619074706693,67.43753051757812,13.531043148290308,12.832165556811637,13.369760381629122,16.48292587550981,16.94568807748069
AWK,2017-06-06,67.80543629594871,67.29201934224527,67.38614654541016,13.484028355143836,12.737306810445506,13.362923467719273,16.457484185330358,16.924609136555816
AWK,2017-06-07,68.05360142650242,67.48028583432665,67.90813446044922,13.674483059961368,12.814852686327846,13.402715573061302,16.42887652969606,16.940408924642792
AWK,2017-06-08,67.90815462964203,66.8385327466505,67.3348388671875,13.637150153561063,12.950073008457915,13.49116733024435,16.46210252377551,16.936210785185263
AWK,2017-06-09,67.8567994766875,67.0781117888383,67.82257080078125,13.798447538264726,12.637665407844509,13.271178952867436,16.292670935853614,16.923113636647514
AWK,2017-06-12,68.60126025083578,67.80546139308511,68.19908142089844,13.693772263751688,11.978015068059092,13.252673625051317,16.281058132801196,16.931603112043334
AWK,2017-06-13,68.72960697538731,68.09639280042781,68.60980987548828,13.46660844658053,11.977093749561519,13.154282954407318,16.236774841084443,16.94056213822969
AWK,2017-06-14,69.91904101735534,68.91787652241823,69.58531951904297,14.019069779491192,12.238909004959893,13.312993623185253,16.316472783310605,16.99193663059202
AWK,2017-06-15,70.286986108525,69.39706000132155,70.2185287475586,13.567658571788796,12.280375152764433,13.356688903285605,16.324793711606056,17.012156019855652
AWK,2017-06-16,70.92876675200583,70.02172947193823,70.70628356933594,10.687652343462645,12.23915945259806,13.384778391027705,16.342341949947198,16.99050099258202
AWK,2017-06-19,70.8431817418043,69.4312798613905,69.59386444091797,11.58314874723647,12.569918792568135,13.650481359974462,16.332590944788432,17.053608083152234
AWK,2017-06-20,69.76501981872988,69.26871367566264,69.55965423583984,11.571718199301449,12.495763781631245,13.628280472061963,16.33054567232479,17.036890999992334
AWK,2017-06-21,69.5083209128764,68.67829317253211,69.0633544921875,10.510646987925227,12.57764862016514,13.693977733443235,16.303720207074143,17.039285993764995
AWK,2017-06-22,69.61954738138809,68.6782814606159,69.39706420898438,10.506017493467219,12.581183282355706,13.66275182497565,15.91484159380383,17.045113869473372
AWK,2017-06-23,69.79923844694851,69.22592274107386,69.4227294921875,10.508445734938004,12.579344753916278,13.291299285891531,15.86004370568286,17.02410193947237
AWK,2017-06-26,70.16718210409516,69.32004356275635,69.49118041992188,10.385231107468064,12.562453652857577,12.737302950851138,15.859986930150585,16.979658722443368
AWK,2017-06-27,69.41417858668488,68.28465822859097,68.51569366455078,11.396284823122258,12.795140793798277,12.73926741153437,15.925318629071658,16.896663829399227
AWK,2017-06-28,68.94351262525872,68.11348542333037,68.1562728881836,11.182880393034136,12.724958828798458,12.763843716771966,15.899778708310622,16.897316959150917
AWK,2017-06-29,67.89956989986057,66.51334464702985,66.82994842529297,12.687816453392161,13.301845960363659,13.151698367251837,16.00496676328072,17.00881944415978
AWK,2017-06-30,67.41186025960685,66.61606117880797,66.70162963867188,12.630062760811791,13.224562537684475,13.158409754283351,15.957715973726817,16.802137532800955
AWK,2017-07-03,67.20645421337278,66.63313869593732,66.80427551269531,12.460782065247571,13.194664416865853,13.045646494757962,15.942233917401413,16.796645298059943
AWK,2017-07-05,66.94974111697401,66.31652707352852,66.66736602783203,12.368081446732287,13.20155865906517,13.049933343018697,15.944809852452765,16.77824961020466
AWK,2017-07-06,66.83849163840628,66.20527770109332,66.40208435058594,12.425535771454435,13.224207029255176,13.013499449844081,15.953766526463872,16.76362329706617
AWK,2017-07-07,66.94121080697171,66.34221870692508,66.53903198242188,12.319701022981928,13.210249711364064,13.000623475751263,15.919610460445742,16.671240889773213
AWK,2017-07-10,66.96687727112464,66.55613966550148,66.6331558227539,12.053269374727677,13.141277344006957,12.962169070456994,15.865732022803508,16.644374073536383
AWK,2017-07-11,66.79572824265964,66.19674275216715,66.53046417236328,12.037335627682888,13.129272823654563,12.96303269026222,15.867432236259518,16.629958987610998
AWK,2017-07-12,67.70278527015415,67.04389457114219,67.18936157226562,12.339495200499268,13.19655951932763,13.018924802537809,15.902184887829558,16.564064887744564
AWK,2017-07-13,67.27493227235284,66.47913342526252,66.53903198242188,12.580295101962186,13.31196458490957,13.105107636451557,15.930778294209391,16.56877194157561
AWK,2017-07-14,67.58297845282948,66.84707822177805,67.29203796386719,12.803063698895972,13.512674035439542,13.166380595193674,15.959509752535173,16.60469467954149
AWK,2017-07-17,67.89957887081096,67.06099917988887,67.87390899658203,13.029431851069312,13.622666617029036,13.18580556462161,15.9856550662541,16.626524181893913
AWK,2017-07-18,68.39589930874224,67.78835488605385,68.17341613769531,13.063427854150921,13.205671493440915,13.137327203086372,15.987413235961062,16.63155685639113
AWK,2017-07-19,68.57557878400571,68.0707205277113,68.47289276123047,13.10999579480101,13.220215597032988,13.071857018627872,15.99134908785484,16.634053248005703
AWK,2017-07-20,69.52541728078583,68.5841513986751,69.31149291992188,13.382954644798465,13.447341591236963,13.200218589209628,15.873777813637707,16.677742929192416
AWK,2017-07-21,70.09871673583984,69.20023854576007,70.09871673583984,13.433758995215845,13.49874571486003,12.942157244308264,15.835549699492224,16.706452639557945
AWK,2017-07-24,69.90191872913196,69.23447583955266,69.2515869140625,13.864092395522135,13.736927442188996,13.075793483098533,15.877703791391584,16.624057704639974
AWK,2017-07-25,69.41416114197177,68.85795664083489,69.10610961914062,13.808976910006473,13.636437182117856,13.078690070027804,15.86393065568915,16.625369858601005
AWK,2017-07-26,69.70512732148413,68.8323186218584,69.61100006103516,13.858475413874693,13.54851701006177,13.076771190531305,15.670052604336702,16.625330008224882
AWK,2017-07-27,69.63664985645539,68.61837442205092,69.14035034179688,13.387498322331862,13.630507956083346,13.127631668241813,15.5916726573794,16.613123248595752
AWK,2017-07-28,69.43985463964664,68.8836499492723,69.35428619384766,13.137689838444624,13.360801904056984,13.100673776561528,15.50333041054309,16.600368133008452
AWK,2017-07-31,69.61954738138809,68.92643451282511,69.39706420898438,12.957643955219334,12.114200158790705,12.733034158354334,15.49913259371683,16.58848278621239
AWK,2017-08-01,69.8248969026393,69.23447021743104,69.63664245605469,12.169257208433779,11.88220431461903,12.728987759092252,15.358089572942287,16.589084704475983
AWK,2017-08-02,70.26131779306694,69.17457838102654,70.16719055175781,12.36356402194815,11.950374002665555,12.716376532971497,15.37574338424195,16.579673947157353
AWK,2017-08-03,69.78213005263387,68.25898309913848,69.01200103759766,13.136445228161605,11.94244804888175,13.011239157520048,15.466157403724631,16.62645649650925
AWK,2017-08-04,69.63666445505957,69.00345009433268,69.37995910644531,13.153164932787714,11.946532939969185,13.029498160301657,15.393291177275833,16.61493582263259
AWK,2017-08-07,70.26152672454579,69.39282443582317,70.00349426269531,13.407055813258392,12.051981910638304,12.871978446690557,15.417195076389037,16.501740673224663
AWK,2017-08-08,70.17553451846896,69.65087971503084,69.93470764160156,13.410164613578463,11.984448013961893,12.470158884724949,15.414494504165424,16.466157255269266
AWK,2017-08-09,70.42495461630605,69.67667214562266,70.25293731689453,12.749827643321662,12.001654209285565,12.456259965713276,15.420893152347931,16.471469553904424
AWK,2017-08-10,70.33895485018552,69.78849154809969,69.97771453857422,12.700173822798904,11.878956619158044,12.459742223517937,15.403931752319652,16.470677917747967
AWK,2017-08-11,69.88312090529683,69.02302095569318,69.4272689819336,11.443701881821513,11.979681296974293,12.490627521777876,15.203571245831146,16.486367096771385
AWK,2017-08-14,70.02071384198159,69.18641615317263,69.951904296875,11.541926398504806,11.99977664804833,12.472413805777895,14.975713642306049,16.50211609582534
AWK,2017-08-15,70.4163659490717,69.59067101105825,70.3217544555664,11.59124329324361,11.946675502928548,12.402990210092122,14.693928713078044,16.43046371310214
AWK,2017-08-16,70.68299938611578,70.1067341149014,70.175537109375,11.59209009157784,11.913696433079782,12.35934662088835,14.676158629946483,16.37527316576032
AWK,2017-08-17,70.52816947255398,69.8916975854166,69.951904296875,11.560377966937779,11.943377628320892,12.358894168814484,14.591105846842684,16.274900257262402
AWK,2017-08-18,70.51095564912997,69.64225336909706,70.04650115966797,11.56047563928557,11.897512337848394,12.34381144525214,13.439145215691559,16.266222741671474
AWK,2017-08-21,70.64000117908721,70.11533972437512,70.59700012207031,11.694786340488479,11.868684856532044,12.395474802051313,13.399502499720048,16.232952610178426
AWK,2017-08-22,70.79480474994904,70.32175384854601,70.69159698486328,11.6502581352413,11.845495265621944,12.38694540853135,13.343975497806875,16.2318583279663
AWK,2017-08-23,70.69160907226143,70.24435347361461,70.35617065429688,11.56596413720167,11.897037945478399,12.328957853110534,13.35975575904033,16.23846242605366
AWK,2017-08-24,70.53679927493391,69.96052731688624,70.2443618774414,11.108943367339515,11.873329680206506,12.254371816086426,13.349978129440562,16.236131350714984
AWK,2017-08-25,70.85502240108279,70.31316186464416,70.49378204345703,10.75844517050153,11.795625372140048,12.21444098585495,13.339178500125797,16.23924688917758
AWK,2017-08-28,70.79481181921437,70.37336475827033,70.52818298339844,10.550796667741885,11.789784460736454,12.167507967022482,13.327987777873249,16.11674557863131
AWK,2017-08-29,70.61418650122845,69.95191259660773,69.97771453857422,10.828466956948986,11.902961190616754,12.214503800384414,13.365822419969685,16.11815721457324
AWK,2017-08-30,69.99490663177373,69.31542712590499,69.53905487060547,10.968469597057775,11.983896499916021,12.261412785357201,13.346826633059589,16.017688648339316
AWK,2017-08-31,69.91749243401225,69.26381494586774,69.5820541381836,10.397690508214112,11.889864789403687,12.260251551431518,13.333843761761418,16.017400916806366
AWK,2017-09-01,69.81428895467519,69.35843717744042,69.52185821533203,9.84579543340018,11.74843317348485,12.251802048358728,12.820816994379989,15.992523446083457
AWK,2017-09-05,69.59067227562456,68.99720136231436,69.51325988769531,9.178883991351231,11.66607131744158,12.211678650378317,12.821201813512712,15.878779957853242
AWK,2017-09-06,69.72827784211823,69.14340982200586,69.53905487060547,9.154660791465934,11.617062632726693,12.198544340282112,12.745501214564076,15.814569962662587
AWK,2017-09-07,70.28733696645709,69.5562536541824,70.09811401367188,9.205805812641117,11.666040122974781,12.206613724854318,12.760220676368988,15.832888674900222
AWK,2017-09-08,70.52818682447487,69.57347547786321,70.49378204345703,9.085857586926375,11.364171305223476,12.219363378857324,12.770641192438994,15.83671336842187
AWK,2017-09-11,71.43987142811683,70.4851603371045,71.3194580078125,9.609040801830504,11.462054119125282,12.34078553085314,12.815293048246431,15.244808634752447
AWK,2017-09-12,71.310867272269,69.98631298405671,70.31314849853516,10.56462418309341,11.751902787679967,12.555827758460946,12.920250112170809,15.259796479938736
AWK,2017-09-13,70.44216918009168,69.90890498530345,69.97771453857422,10.629924935324981,11.32887710072541,12.304792761081112,12.91521722292282,15.249257411315487
AWK,2017-09-14,70.79481127301929,69.52186726471196,70.76040649414062,10.89053852810754,11.551203641314983,12.417431097508604,12.973469872738072,15.281634709516442
AWK,2017-09-15,71.15606761737705,70.51099269234913,71.1130599975586,9.716227819283912,11.48458099728191,12.43494275454009,12.843943651216962,15.277846924666733
AWK,2017-09-18,71.11305755409661,70.20995006527194,70.73461151123047,9.795114648632532,11.50950826948434,12.375055715468518,12.816053470015609,15.269445255725293
AWK,2017-09-19,71.10444700070175,70.42496738932175,70.80341339111328,9.47519978200576,11.510285781107944,12.37176240847463,12.797905398736582,15.230373484794587
AWK,2017-09-20,71.50867950184715,70.30453876151613,70.87220764160156,9.467718192445243,11.51025112186443,12.297559567163763,12.79493152719611,15.23022957836117
AWK,2017-09-21,70.9496242486095,70.22714363172342,70.3475570678711,9.651551859402336,11.228885230733649,12.255149732528976,12.805420102961717,15.105405157799417
AWK,2017-09-22,70.9840278201196,70.2185396052992,70.5539779663086,9.610930402855661,11.176653527342477,12.260324155221587,12.807609898338931,15.089791058527904
AWK,2017-09-25,70.98402582722326,70.14972808432664,70.94102478027344,9.402064121315624,10.39301695684351,12.101241531240614,12.81762858579304,15.053257649183513
AWK,2017-09-26,71.3194681246932,70.63998854971015,70.76900482177734,9.216459766594308,10.399595757867797,11.313416007402886,12.567263092519992,15.054389421084688
AWK,2017-09-27,70.69159630234181,68.83377780425535,69.66807556152344,10.199336459800962,10.944875663644831,11.454276040940055,12.66705729528936,15.12218040799185
AWK,2017-09-28,69.76268768310547,68.75637260191041,69.76268768310547,10.196167277355304,10.930564117405412,11.451824641513133,12.662285292860323,15.122358645613268
AWK,2017-09-29,69.71109643911376,69.1348245444291,69.59068298339844,10.179847296760018,10.906821960740759,11.12079838290083,12.667996606564188,15.030016038538886
AWK,2017-10-02,70.45077278376151,69.57346737508341,70.33035278320312,10.640228481984927,11.087467386727292,11.209263118833347,12.719772282712128,15.062745408377012
AWK,2017-10-03,70.32175133266452,69.58206508649351,70.31314849853516,10.38724040967568,11.089545192258484,11.21045579408843,12.565875368391815,15.023030927796787
AWK,2017-10-04,71.05285896525477,70.01213879019222,70.96685028076172,10.732372924974712,11.208250211011004,11.23646217894324,12.582058685845393,14.744781494676873
AWK,2017-10-05,71.32805115332903,70.76898517097018,71.31085205078125,10.712964040970824,11.086875023406527,11.251441145287671,12.523856892895994,14.709468257708172
AWK,2017-10-06,71.40546985819431,70.70879124347398,71.19044494628906,10.714648290658756,10.875345805374721,11.15814934239686,12.527547940529857,14.711368512808761
AWK,2017-10-09,71.85271258199722,71.28504376565901,71.56887817382812,10.7707636474816,10.70570996379744,11.1517718835087,12.533048483698375,14.693310231087398
AWK,2017-10-10,72.32576996598453,71.62048857838967,72.3085708618164,11.137291964088943,10.761650902230766,11.218742695115505,12.58148637519088,14.69239570199094
AWK,2017-10-11,72.85906277307154,72.13658199662278,72.62683868408203,10.871121329899768,10.76150327808818,11.176133379189617,12.580693176844946,14.636226146610662
AWK,2017-10-12,73.25469524632436,72.45480220418172,73.19448852539062,10.789308624832541,10.828830331358184,11.191234133540203,12.58933437077526,14.615223103243716
AWK,2017-10-13,73.77934127865083,72.93644736092354,73.12566375732422,10.812423650559772,10.587492716641965,11.19348859132116,12.591176005032825,14.604668545854363
AWK,2017-10-16,73.41811692493835,72.48060476295878,73.28910064697266,10.786901399888134,10.367866811360496,11.16607592345913,12.567973161467483,14.604935179696863
AWK,2017-10-17,74.08039343324191,73.13428496537449,73.994384765625,11.004009999726788,10.167732564462687,11.178397652543817,12.382541208558218,14.631339433408074
AWK,2017-10-18,74.19220354326913,73.53852591994286,74.15779876708984,10.992056538096326,10.148012565327848,11.164506626486705,12.062058921390562,14.606368789889427
AWK,2017-10-19,75.04371330966448,74.32123257199305,75.03511047363281,11.217575140497232,10.303506612081163,11.28774427414156,11.990827808301505,14.60309138342961
AWK,2017-10-20,75.57695706558718,74.94047861290687,75.48234558105469,11.226114686049588,10.209308716232576,11.294529972032896,11.995525460905803,14.611874260102823
AWK,2017-10-23,75.56836883903584,75.15551804836034,75.45655822753906,10.889645360004184,10.210172837220618,11.245906420899358,11.978616201240019,14.609050802475423
AWK,2017-10-24,75.65437954393727,74.13200574653145,74.67386627197266,10.450216086889153,10.493528545478286,11.39182801180301,12.055975022488415,14.639946826983072
AWK,2017-10-25,74.83728031834505,73.81375952647564,74.76847076416016,10.254024730511262,10.483291921246456,11.37881512842918,11.99117791010607,14.624190671886304
AWK,2017-10-26,75.8264015531266,75.00069997014587,75.25012969970703,9.985844245821852,10.455496253763517,11.407089924229833,12.005361670897486,14.632663503051226
AWK,2017-10-27,75.86078952687178,74.98349073622462,75.40493774414062,9.947418621927936,9.778661950792882,11.358853207342914,11.97482248772157,14.62906303711061
AWK,2017-10-30,75.62856094368148,75.28451977829418,75.48234558105469,9.710374000153296,9.74615901768364,11.255712959499824,11.96382310674843,14.627623715132337
AWK,2017-10-31,75.68016482177578,75.19851112745721,75.48234558105469,9.724832830140066,9.622128618678424,11.214793293201799,11.938110386092706,14.49258299489646
AWK,2017-11-01,75.73179515462346,74.86309246029447,75.00930786132812,10.023103781546364,9.735556105526165,11.251929093323268,11.968333696735693,14.439573579219822
AWK,2017-11-02,77.59818581348325,75.46513594975487,76.93590545654297,11.73291319676675,10.908065452118695,11.87544048412447,12.296619540412673,14.621856860579632
AWK,2017-11-03,76.69512113449713,75.71460758646849,76.34248352050781,12.137980352870814,11.016903332522885,11.774195808053495,12.332770485327108,14.633311041657542
AWK,2017-11-06,76.72949080179573,75.99840739443174,76.21343231201172,12.16970654317156,10.864355943842272,11.708697010208166,12.311924409269785,14.469138489635933
AWK,2017-11-07,77.52075373185734,75.89516645011867,77.40894317626953,12.658234941182359,11.173531818688762,11.902140240102904,12.410089550322235,14.464295009675121
AWK,2017-11-08,77.83042716643548,76.91012066536231,77.61540222167969,11.357009149834985,11.150544444493052,11.597369900565715,12.378934107859761,14.397844598403845
AWK,2017-11-09,78.1122537966795,76.65196732110525,77.17041015625,11.661714218840581,11.227977833632918,11.645571877780565,12.362649509484546,14.409641209036872
AWK,2017-11-10,77.19630674488059,76.34951858848022,76.67786407470703,11.886294267070555,11.305332264102582,11.632611902097043,12.392667528919416,14.315600695501015
AWK,2017-11-13,77.57652101161943,76.55691397538838,77.35186004638672,11.79997379267323,11.401649079608193,11.681717350485007,12.217408012679618,14.33454014029476
AWK,2017-11-14,78.4233180092008,77.14448624208303,78.38011169433594,12.101612650339968,11.577929440449502,11.838366682474101,12.288505083458922,14.348047798892813
AWK,2017-11-15,78.96768692174763,77.5765278781853,77.61109161376953,12.586637193757063,11.819576688155328,11.968162676799734,12.353676845512604,14.328754119266849
AWK,2017-11-16,77.75795920042114,77.16175306957835,77.49874114990234,12.637945754706578,11.763429754645376,11.72383399395121,12.3260986772703,14.326180071399353
AWK,2017-11-17,77.54195668886747,76.62604085718273,76.9198226928711,12.92505803256874,11.893694223369627,11.7607109108843,12.365062814953577,14.347615780455778
AWK,2017-11-20,77.14447342210046,76.19399398424832,76.36680603027344,13.202189888669022,12.018960187833926,11.357988601663093,12.3804526732524,14.37069829207515
AWK,2017-11-21,76.95438630637547,76.32361632255547,76.53963470458984,12.976270571293439,12.019122287462897,11.346870417651512,12.162124363833371,14.351344727918441
AWK,2017-11-22,76.8593325240832,76.13351397357202,76.60875701904297,12.957333163193423,11.865908758575786,11.347087552789644,12.155021801590578,14.175340735962589
AWK,2017-11-24,77.12718588991868,76.53961577242698,76.67786407470703,12.833052023655611,11.755084614111992,11.334101301711096,12.122456569564518,13.981048127201829
AWK,2017-11-27,77.29138156107466,76.58284146655352,77.07536315917969,12.852210784536044,11.775375018543437,11.316543953738883,12.131805977016372,13.768388565857848
AWK,2017-11-28,77.50740013299446,76.92847239681203,77.39507293701172,12.8702576807704,11.77338977359371,11.324019095567643,12.135195624351026,13.757340849361357
AWK,2017-11-29,78.34554930023876,76.9284691675729,78.06904602050781,12.825351332686068,11.850095255904955,11.380878778887313,12.041821816425225,13.71311844982317
AWK,2017-11-30,79.30466020209646,78.06039232429308,79.11456298828125,13.253027882433654,12.071524238185003,11.520224297299206,11.885393672461886,12.895205969929055
AWK,2017-12-01,79.46884064579751,78.22457269943685,78.82078552246094,13.035891402599912,12.06774129749155,11.478067633686901,11.884728358625383,12.853082171017348
AWK,2017-12-04,79.2355262972354,78.47514409619727,78.90718078613281,12.972434330255181,12.044532558420464,11.333983719589227,11.871941607595128,12.813352390157352
AWK,2017-12-05,79.25281451213313,78.14680159803305,78.33689880371094,13.20924602024256,12.012728204130166,11.317864272768837,11.889603285933482,12.839509491732667
AWK,2017-12-06,78.8034888638416,78.0517492495542,78.5788345336914,12.743713743890728,11.556950118577994,11.263612923534499,11.856915517814132,12.830964770993402
AWK,2017-12-07,78.71709241167076,78.0258375857009,78.69981384277344,12.743154169899118,11.474271513549537,11.25376533158618,11.800553468013327,12.820950244439654
AWK,2017-12-08,79.10590667729532,78.36280317366761,79.0799789428711,12.700043430217692,11.331044072761422,11.256882059225576,11.78170569067747,12.819230965404927
AWK,2017-12-11,79.81447611126019,78.17273504934136,79.71078491210938,12.830242939386702,11.382277043053657,11.173981948942394,11.798823806762918,12.837386290563678
AWK,2017-12-12,79.48612920718485,77.16177568876356,77.1790542602539,16.203483027356512,13.29278155346728,12.27791103609647,12.434676178332504,13.231490009572674
AWK,2017-12-13,78.31963007180258,77.16177461959757,77.70613861083984,16.296244468931757,13.337458300961904,12.130243737236103,12.453537355778618,13.236593725228577
AWK,2017-12-14,78.53564654112095,76.77293566070185,78.06904602050781,16.181212050970053,13.352026304648525,12.131556823212776,12.455668061695837,12.868262228050382
AWK,2017-12-15,79.30466078923624,78.40602360332035,78.47515106201172,14.552544801137707,13.236970414380933,12.109490105302868,12.420036877875159,12.875050915527689
AWK,2017-12-18,78.9935986987618,77.82710077878166,78.19001007080078,14.394389523896747,13.281892077673655,12.066944911871094,12.38512161263023,12.832105221418583
AWK,2017-12-19,78.44058411978342,76.90253448486328,76.90253448486328,15.242221574580622,13.77632131332542,12.390297543171695,12.5337447140621,12.941668766667974
AWK,2017-12-20,77.63701423545103,76.8939103872346,77.19633483886719,14.585962621530523,13.762689708777561,12.397950833509118,12.515155937454479,12.942628827421812
AWK,2017-12-21,77.84436570695561,76.7469954422408,77.50737762451172,14.613527466590575,13.299924086086879,12.401096492345062,12.504919469697157,12.931358991257635
AWK,2017-12-22,78.50969972391236,77.45552925443411,78.207275390625,14.737513815735351,13.38135914741001,12.421798126714709,12.540682813215595,12.943049830971132
AWK,2017-12-26,79.25283015616762,78.07768955488132,78.12953186035156,14.601873509858205,13.364183032259897,12.099081983122975,12.542496246809206,12.930227750148804
AWK,2017-12-27,79.33921883868442,77.98262387268217,78.49242401123047,14.450729828153483,13.255096130497856,12.09370403728235,12.546274203815738,12.935255477894758
AWK,2017-12-28,79.22691250214379,78.19002020044108,79.16642761230469,14.154665147518031,13.318693835110167,12.087423109621623,12.560720966702602,12.855890348109234
AWK,2017-12-29,79.72805337659348,78.92446481401738,79.0540771484375,13.834291610023818,13.249044995930879,12.089659098345438,12.554374418152026,12.825016898717509
AWK,2018-01-02,79.04544202504171,76.54826369215077,76.97166442871094,15.93664979331042,14.460714474965833,12.863711508365144,12.948335430099323,13.107324705013939
AWK,2018-01-03,77.274102155836,75.96071318712274,76.42730712890625,15.921177396523001,14.550224548572812,12.90387509760369,12.974465424434959,13.129529325398783
AWK,2018-01-04,76.74701289063228,75.47682371001778,75.70148468017578,16.024040711605114,14.688120167442682,12.934970213881622,13.026152939183442,13.152733469659573
AWK,2018-01-05,76.06437153371871,74.62137070508346,74.95835876464844,16.240133617967633,14.720837878919154,13.001428385476846,13.081971854535853,13.195725630732133
AWK,2018-01-08,75.62372388507639,75.00159638694355,75.6064453125,16.45816184679389,14.792427743724357,13.04206930612802,12.974832609421416,13.217418534012767
AWK,2018-01-09,75.64101856517054,74.19801695242339,74.92383575439453,16.64029457357782,14.849336754174502,13.127239295269872,13.020564007912464,13.078380074931168
AWK,2018-01-10,74.75101345464789,73.7573274367182,74.05110931396484,16.83494144909121,15.05337126589305,13.25990436972522,13.09796414589699,13.102711687812008
AWK,2018-01-11,73.43761416636106,72.59946171104417,73.22159576416016,16.991004681600856,15.229029781726746,13.391567761767092,13.12172423075489,13.155270867628094
AWK,2018-01-12,73.11789475942821,69.61839479131042,69.84305572509766,21.191282296660624,17.9150365689408,15.33131577417342,14.278434605341763,14.004774374399382
AWK,2018-01-16,72.2365320302037,69.95537887289723,71.04411315917969,21.478591368428155,18.281712305446625,15.570055757595934,14.38436352406047,14.100439716935409
AWK,2018-01-17,71.54529036478817,70.8367503393903,71.29470825195312,21.57698631221482,18.118806926869492,15.560462825873609,14.340570833533734,14.001938372166139
AWK,2018-01-18,71.83043278551024,70.70714111111172,71.20830535888672,21.546056019306523,18.063450372163974,15.559513544045236,14.341013931460218,13.986886405635312
AWK,2018-01-19,72.17604558627204,71.18235991921694,71.72673034667969,21.731353274480934,18.141666775554324,15.591307519383355,14.280070528968247,13.96140757315934
AWK,2018-01-22,72.36613612822754,71.42429943130739,71.68351745605469,21.668757887915373,18.031424590203617,15.591708676551333,13.921208715704989,13.961958464461693
AWK,2018-01-23,73.18699569637042,71.57118306915785,72.75495910644531,22.249031611548727,18.306386548300303,15.710604337800275,13.949254279469194,14.030803037195092
AWK,2018-01-24,73.00557009272569,72.26246633575742,72.36615753173828,22.148716109922404,18.276551399832687,15.701233788560229,13.96563772029413,14.043367771756879
AWK,2018-01-25,73.10927334941451,71.89092631699269,73.04014587402344,22.208655047953954,18.381704341369364,15.76426454603487,13.851137641500141,14.065533673417532
AWK,2018-01-26,73.44623621337729,72.43527195589992,73.39439392089844,20.482467420931638,18.412076082443605,15.777823794501366,13.850293676419476,14.059540542330815
AWK,2018-01-29,73.14382348123456,71.89091294417783,72.35751342773438,20.63223800050629,18.626296682979724,15.950894284216602,13.962401213650995,14.138488444017144
AWK,2018-01-30,72.60809452957419,71.57984496380914,71.81314849853516,20.57380769372871,18.644285966338934,16.000778823004634,13.969594134581396,14.148743820688702
AWK,2018-01-31,71.95139626448656,71.30334115011352,71.864990234375,20.463833340285177,17.838209229539505,15.953430183026404,13.967671294642276,13.999738845126563
AWK,2018-02-01,72.15878234153222,70.44791385136739,70.71577453613281,20.817924286176257,18.052072606718095,16.139258097654157,14.065407666089186,13.907004429782605
AWK,2018-02-02,71.10459667177341,69.98994126061417,70.18003845214844,20.48073012549686,18.098502260819995,16.075840061319518,14.088168946854065,13.839753824841146
AWK,2018-02-05,70.45656648716852,67.92483041908945,68.10628509521484,21.797902879422352,18.676397073025775,16.613253998825964,14.532740528699891,14.168152222476515
AWK,2018-02-06,68.84897570495288,66.70341616102172,68.58837890625,21.914404937975807,18.746102625579645,16.638541709929175,14.525572244745996,14.17541987898969
AWK,2018-02-07,69.2658861130324,67.71969604492188,67.71969604492188,21.692728766042414,18.85939888509093,16.656488675665727,14.587161734631222,14.236579315695113
AWK,2018-02-08,68.15406007297611,66.05193539151621,66.06930541992188,22.40562389612943,19.398216857702188,17.07097939005281,14.87793380200472,14.41100071434333
AWK,2018-02-09,68.34514370240134,66.35594135055474,67.70234680175781,23.875345561347252,20.040693486338473,17.514501217499337,15.13831676255893,14.6115602526676
AWK,2018-02-12,68.04980483076316,66.94662602381455,67.68497467041016,23.577866597351743,19.786382886624434,17.51306872635149,15.10238128133535,14.58963489129929
AWK,2018-02-13,68.56231129276672,67.15510069886265,68.42332458496094,24.01396813338586,19.909711851945048,17.60345356930101,15.152389487567048,14.62308582513296
AWK,2018-02-14,68.46675761925057,67.47650054998698,68.04112243652344,23.104810582798578,19.922096259104503,17.587120796828838,15.16371409932199,14.62302972052672
AWK,2018-02-15,69.24856412212623,68.05851493006051,69.23987579345703,23.91151080974243,20.290349998801155,17.805763052030564,15.290161470116267,14.720788119863098
AWK,2018-02-16,70.41251896294585,68.9966268339968,69.92607879638672,24.131106371699307,20.39554625763301,17.854859621163584,15.305847799992009,14.740991395302055
AWK,2018-02-20,70.21274247709216,69.11824534103312,69.36146545410156,24.090750106201266,20.42523581534538,17.89606523208366,15.334780476671494,14.758506787407763
AWK,2018-02-21,70.41251429941133,68.46674713479585,68.49280548095703,24.018472116340835,20.540593495113193,17.83490026133178,15.405934255926503,14.79721442882273
AWK,2018-02-22,69.10085573040301,67.9803005608709,68.39724731445312,23.961022757923267,20.532764186779374,17.83425425178286,15.406608318141727,14.781844655558801
AWK,2018-02-23,70.18667648362779,68.45806427479064,70.03900146484375,25.023269182766438,21.14843350673783,18.22953019020473,15.632937651878947,14.943534281655591
AWK,2018-02-26,70.91636711522061,69.99560307102094,70.18670654296875,24.88612706845339,21.128983326085844,18.154690135816445,15.600621621288646,14.915578076835825
AWK,2018-02-27,71.17693221491294,69.25722327735203,69.4570083618164,20.97603746972078,21.094223105725828,18.230038877882247,15.629266081603646,14.95335844085581
AWK,2018-02-28,70.15192857191214,68.93582153320312,68.93582153320312,20.423569624710154,20.88190509474049,18.20500235259371,15.642138246959783,14.840504499127421
AWK,2018-03-01,69.81316847073782,68.09324432981063,68.75341796875,20.38302391900999,20.879937361670102,18.19012564932649,15.629345451958907,14.83624535630949
AWK,2018-03-02,69.61337998327389,67.88477406224132,68.51888275146484,20.393060951999846,20.869279254591504,18.195392943791038,15.544015962855799,14.838942908684308
AWK,2018-03-05,70.25614580045159,68.32775560851877,69.65678405761719,20.897073438864993,21.19514257903993,18.36975811719325,15.629907732005657,14.913710911412597
AWK,2018-03-06,69.81316868688405,69.06613166275193,69.22248840332031,20.952420434792764,21.186676885629527,18.315427647634586,15.624979400877754,14.9276023351086
AWK,2018-03-07,69.94345386579255,68.75341171141777,69.64811706542969,20.522192807866258,21.24130033743876,18.329162537950243,15.529448082329168,14.929001815172924
AWK,2018-03-08,70.42992673371937,69.70894786309921,70.18670654296875,20.65502302513163,21.289230580307226,18.328229117629004,15.556011935289899,14.826468411733353
AWK,2018-03-09,70.6904962461311,69.89134253141967,70.67312622070312,20.563848115631153,21.269585219093678,18.36484619061481,15.553262814298266,14.838100383741626
AWK,2018-03-12,71.56783131832945,70.63837922175054,71.40278625488281,20.759503106813888,20.454969320259096,18.437717320354366,15.589746806173254,14.849065930172097
AWK,2018-03-13,71.81105807330891,70.03901709763163,70.14325714111328,20.98292942106901,20.659137462928808,18.57748545854718,15.733803695209996,14.958869662675728
AWK,2018-03-14,71.08139345241898,69.97820792929718,70.53414154052734,20.973168623285122,20.671769289608015,18.597674971791115,15.746893503742834,14.967397716436656
AWK,2018-03-15,71.42884267585762,70.53413073717277,70.76866912841797,21.000880444732292,20.6487377321174,18.504046147954206,15.660193697678537,14.889896023983596
AWK,2018-03-16,71.57651542032878,70.77736175641158,71.3680419921875,20.617375755391457,20.7488685562116,18.530623629715702,15.677041006701806,14.780695131059066
AWK,2018-03-19,71.74154760292164,70.29090880347158,70.81209564208984,20.624657669163412,20.553352898817405,18.566371596439602,15.52731394909037,14.792550848822556
AWK,2018-03-20,71.202993471633,70.534131590839,70.72523498535156,18.532091926535145,20.52494643214691,18.50019044501961,15.526118614782183,14.788230070298717
AWK,2018-03-21,71.26380224190147,70.00426008786187,70.23011016845703,18.59857978138915,20.523816895421465,18.526352231947996,15.54974664519461,14.789864976110993
AWK,2018-03-22,71.28986343575545,69.5786276795178,69.62206268310547,18.378189466487775,20.452380178255673,18.535392653206,15.583594001663096,14.792859186870425
AWK,2018-03-23,70.89898020683516,68.64049239664547,68.82291412353516,17.141626939105308,20.545667707409716,18.60807895023453,15.638023074374697,14.812698741930417
AWK,2018-03-26,69.50044763405907,68.52756061792964,69.37883758544922,15.835117123201073,20.605325686294666,18.65998846201988,15.664063514931984,14.813908567029992
AWK,2018-03-27,70.95978017427456,68.84027923545318,70.09113311767578,16.062692900567647,20.644701927219536,18.742007462800593,15.707959781278547,14.84339826040797
AWK,2018-03-28,70.73392508337156,69.98688813732853,70.52545166015625,15.873861574139111,20.71287941826698,18.75256914650872,15.721894843438175,14.849011554380404
AWK,2018-03-29,71.69813612027843,70.655755570266,71.34198760986328,16.028712993409673,20.234050645208185,18.38959767547477,15.73724564228989,14.891304317629173
AWK,2018-04-02,71.50702867380582,69.89134454515211,70.53414154052734,15.722323629088732,20.305850237760097,18.433906507407578,15.7534218327142,14.935235352130096
AWK,2018-04-03,70.8381690948394,69.93477537373609,70.49939727783203,15.477787175804107,20.23423716285094,18.433398237311014,15.699913094958125,14.903906083591046
AWK,2018-04-04,70.75130331451572,69.71761777686196,70.53414154052734,15.272541631599621,20.155682772461304,18.247575568129985,15.668473498192203,14.880132940614367
AWK,2018-04-05,71.41147122628807,69.6741771739451,71.3246078491211,15.04332142484449,20.214005168386244,18.339524036331394,15.714087997504219,14.902366993327377
AWK,2018-04-06,71.87185914298212,71.07270540213833,71.1595687866211,15.060280767081801,20.145719243248735,18.324244825978823,15.709279976737465,14.88799487313813
AWK,2018-04-09,71.85450980221262,70.75132395722066,71.35069274902344,13.49409119194932,20.030053441558092,18.31042132919177,15.647580885436879,14.882325655005276
AWK,2018-04-10,71.79369242265619,70.94241525046121,71.05534362792969,13.555772515387602,19.921296034544444,18.254991487458096,15.599511066627809,14.888729307920887
AWK,2018-04-11,71.43753677348455,70.64707134620576,71.06401824951172,13.160243992757747,17.37732414017605,18.11620905147981,15.531451228892902,14.888195288929165
AWK,2018-04-12,70.76868690781956,69.70893628646867,70.056396484375,13.665494703205502,17.272496846001733,18.18482794693831,15.62281548137191,14.955287100735514
AWK,2018-04-13,70.8642346741084,70.05639257563125,70.23880767822266,13.643793822814725,17.264977836900233,18.193779172865586,15.602238084276582,14.943358395118322
AWK,2018-04-16,72.0976920759109,71.09874682410795,71.76760864257812,14.850410392517924,17.83071597772764,18.510088724444273,15.786279434967328,15.091154180680274
AWK,2018-04-17,73.35724415316177,71.92398175541636,73.02716064453125,14.933617055865753,18.12262141402293,18.700740498098895,15.913333825558897,15.171038114486155
AWK,2018-04-18,73.47015325301943,72.68836975097656,72.68836975097656,14.867622391400523,18.150188008285667,18.70744614713423,15.923994328128193,15.173898270066829
AWK,2018-04-19,72.8794939588808,72.22800862544727,72.6710205078125,14.814552484341222,17.893219040938966,18.70611984374916,15.919573965013386,15.1718310534911
AWK,2018-04-20,72.86211020972125,72.24537161606877,72.67969512939453,14.697475373573502,17.858589387591508,18.70501044190946,15.89551851308037,15.170256143745684
AWK,2018-04-23,73.21827542505274,72.2540764746678,73.20958709716797,14.709987480951945,17.81914397794619,18.724211438290286,15.790977235677428,15.096088388562185
AWK,2018-04-24,74.0434886505563,72.99242628871156,73.63522338867188,14.525567194920614,17.83125376895703,18.736544356598603,15.79321187146422,15.103348270610221
AWK,2018-04-25,74.03478181748693,72.97503148738822,73.61782836914062,13.395821174537451,17.581371847471345,18.678862203435393,15.760021212324975,15.101814578902834
AWK,2018-04-26,74.72970331636654,73.24431768266766,74.60809326171875,13.78101297374098,17.705055145999932,18.679970585350393,15.835058661571791,15.128529363401158
AWK,2018-04-27,75.56360251814574,74.5385987680453,75.38118743896484,13.992078427261267,17.815699666590607,18.75267549721255,15.871169551193208,15.160127336190468
AWK,2018-04-30,75.73734906007162,75.02505864400254,75.20747375488281,13.915984596297621,17.477173616663517,18.753334167116854,15.866127586452688,15.138543431357016
AWK,2018-05-01,75.39856003213048,74.799191499048,75.25088500976562,13.624088075893138,17.3847835049847,18.722515918601676,15.835389424124635,15.104500506807616
AWK,2018-05-02,75.31170095310564,74.32144378883862,74.9034423828125,13.729896877117245,16.17842648211545,18.7259923731215,15.824184139469958,15.112625822450132
AWK,2018-05-03,75.09453354784351,73.06190266640158,74.08690643310547,13.99732915430311,16.338815305516736,18.796706489851214,15.870028519885205,15.09825013823474
AWK,2018-05-04,74.66018849159775,73.49620498121776,74.46040344238281,13.665866466374466,16.09103768194351,18.79827611709179,15.877369229821644,14.863885463830655
AWK,2018-05-07,74.52991716389757,73.41804340846797,73.66127014160156,13.601337559206284,15.358420792783326,18.816710339784454,15.926471656975094,14.85648807241666
AWK,2018-05-08,73.5049141569796,71.95003517605133,72.10639190673828,15.099239453531435,15.344490959205809,18.42675589992203,16.130025403749208,15.014834169395261
AWK,2018-05-09,72.41911067343362,71.61995030957115,72.29750061035156,14.8678899255384,15.345465276315572,18.395547149074847,16.106985757278522,14.917922854232854
AWK,2018-05-10,73.21021805859567,72.40667156841174,73.14034271240234,15.111423905878157,15.366312791322128,18.479866347393834,16.16337324103594,14.9524873078519
AWK,2018-05-11,73.28009700358487,72.52895365431728,72.91326141357422,14.837283847786829,15.328256898124728,18.460047511232382,16.1574536027513,14.956801296343498
AWK,2018-05-14,73.21893706292792,72.0485486100867,72.20576477050781,14.728292828053698,15.104336406010038,18.509942630591482,16.198967409869006,14.973582158589268
AWK,2018-05-15,72.10969511794151,70.77336095165694,71.1664047241211,15.378600801095516,15.297003277659993,18.46717075168428,16.2862362021765,15.045971721967517
AWK,2018-05-16,71.40223073101673,70.15323731529092,70.32791900634766,15.777155620608161,15.40371666783524,18.535404344456595,16.34693015253331,15.069249209668211
AWK,2018-05-17,70.39778393958832,69.83005853207584,70.17069244384766,15.421269870006105,15.179719379152932,18.519455346955244,16.322632724247708,15.065314058141329
AWK,2018-05-18,70.64234098700216,69.81259308105128,70.26676940917969,15.42143811664074,15.176293890291662,18.454274068108916,16.306137568468916,15.059465621878923
AWK,2018-05-21,70.63362153249514,69.91741594162266,70.33665466308594,15.399666132400302,14.381804190547715,18.45718264462927,16.306380088000672,15.039624294877138
AWK,2018-05-22,70.86070054206454,70.22310642894564,70.31918334960938,15.36031466406887,14.375661375313525,18.435165066901384,16.306050536942482,15.026065971545938
AWK,2018-05-23,70.8781809634031,70.3628586322134,70.69476318359375,15.44795280072569,14.247348720946249,18.399283479038882,16.317919534688503,15.032722931686425
AWK,2018-05-24,71.76035307393943,70.59870024127913,71.66427612304688,15.350145746928936,14.409636748011845,18.54761183807278,16.39621317933359,15.080509767762356
AWK,2018-05-25,72.67741383667992,71.51576145664592,72.48526000976562,15.650397687869203,14.558965236217311,18.18546362968948,16.42385410697233,15.09667315257419
AWK,2018-05-29,73.82161343415973,72.30186124796516,73.29756164550781,14.731604208033769,14.68068339239164,18.25001711086353,16.462505482375835,15.13235847524509
AWK,2018-05-30,73.96135923196466,72.9569228164438,73.55084991455078,13.888551472284028,14.337809734525678,18.201149898741114,16.41089204044956,15.133042494345904
AWK,2018-05-31,73.91769160141982,72.55515559554227,72.61629486083984,14.330654017597574,14.538296892578545,18.246151094896124,16.39419440121513,15.182360327243035
AWK,2018-06-01,73.05301519769016,71.620603657632,71.73414611816406,14.76005497381613,14.735965900951733,18.286363469297207,16.44943732587897,15.214889770052586
AWK,2018-06-04,72.14462871919166,71.12272696301741,71.30614471435547,14.845984226971472,14.716844524446845,18.256206265657532,16.413101753480085,15.225866897763945
AWK,2018-06-05,71.34983168410248,70.100838196121,70.28425598144531,15.171065387327381,14.9534012603168,18.30377222863452,16.491487990991875,15.293989491694735
AWK,2018-06-06,70.5200880882158,68.92173094533176,69.19248962402344,15.560781786201726,15.128919275215127,18.382464318479236,16.582869729249946,15.375344544811137
AWK,2018-06-07,69.95234293996609,68.95664270395157,69.23613739013672,15.571704436026456,14.69543625641911,16.790382451603858,16.582601535951017,15.356443316817145
AWK,2018-06-08,69.69905607392865,68.6858836779466,69.244873046875,14.89136008434012,14.64635919257969,16.564095301895062,16.582117042168356,15.332405061164996
AWK,2018-06-11,69.3584259061764,67.89107706704661,68.4325942993164,14.616665598817722,14.813251720920444,16.653469504956384,16.61722576505128,15.361821925274773
AWK,2018-06-12,69.47197410098546,68.16184133819924,69.41957092285156,15.476331257619174,15.013630416950157,16.81614300900708,16.70141024973904,15.418404887032933
AWK,2018-06-13,69.75147639320888,68.6247612953009,68.93919372558594,15.49273750036061,14.996347281831529,16.805814750070557,16.707813822723818,15.422741961156266
AWK,2018-06-14,69.7864231523842,68.96540429271617,69.68161010742188,15.976146880780428,15.16841821785611,16.89800272109554,16.754960352700753,15.395213868336299
AWK,2018-06-15,70.86946018875071,68.92173287025535,70.79085540771484,16.60116564245396,15.451176165352587,16.92047067474018,16.756436733768574,15.449610323817975
AWK,2018-06-18,71.5943764622049,70.60740569510219,71.576904296875,16.896099412111425,15.498924804394735,16.995159264059133,16.80587323079575,15.473535150366393
AWK,2018-06-19,72.71236545590882,71.46337200495384,72.31932830810547,16.97505872641571,15.423025676423965,17.01069758910992,16.84596400149165,15.424711518014059
AWK,2018-06-20,72.85212789646855,72.11844999488132,72.64250183105469,15.847668390812261,15.368741876723007,17.00799964167028,16.808525551330415,15.430578895029168
AWK,2018-06-21,72.8433799242993,71.79526975930648,71.93502044677734,16.091889525937113,15.390168563773738,16.92853689415266,16.84978706990889,15.445337922979338
AWK,2018-06-22,73.0093199400474,71.91754276666224,72.86083984375,16.171473715546508,15.5543180540159,17.007109827496592,16.88189578353626,15.489953570865092
AWK,2018-06-25,74.66882187924186,72.78223440635801,74.50287628173828,17.393436214564122,16.02837729609429,17.366462463980945,17.07530143565824,15.64671607005529
AWK,2018-06-26,75.10554855843772,74.24086272895451,74.49415588378906,17.11136068481944,15.829846133005818,17.164514197507497,17.07380861040619,15.646605585936834
AWK,2018-06-27,75.23656186488111,73.95263060685312,74.88719177246094,16.499527286962927,15.851979321693257,17.130972035090643,17.073644723595898,15.587344393493371
AWK,2018-06-28,75.61212718796799,74.56402366254905,74.6863021850586,16.053214241459152,15.869755470618236,16.421356585261044,17.035294805332303,15.580164041395703
AWK,2018-06-29,75.14047943198624,74.16225124111004,74.57275390625,16.03809392262691,15.73405409629334,16.396259533927434,17.029078204850922,15.451282368927027
AWK,2018-07-02,75.45490799637628,74.50288144268956,75.3850326538086,16.23762983992091,15.855196922875963,16.326166871139453,17.052129239926515,15.484362187522184
AWK,2018-07-03,76.39819579402037,75.2365433545864,75.88287353515625,16.277993211002258,15.893376046480224,15.817594775346459,17.068493775810648,15.496016134366009
AWK,2018-07-05,76.49427075041794,75.55097375625927,76.48553466796875,16.32866416185109,15.917805445609105,15.41779315084954,17.09119369152063,15.511525744529983
AWK,2018-07-06,77.52491437828672,76.5204780591908,77.28035736083984,16.460068791149222,16.024837794279065,15.483562137692694,17.097283566555983,15.535632195273966
AWK,2018-07-09,77.44629620297201,74.3107156741203,74.48539733886719,19.78349032706618,17.560565293343473,16.55066207396144,17.64930808963537,15.97957071739621
AWK,2018-07-10,75.64705913602866,73.55958166356922,75.32389068603516,19.77484595035526,17.681467391986082,16.59872943690491,17.64412991464138,16.01539866533457
AWK,2018-07-11,76.44188373229012,75.34137690768769,76.19732666015625,19.791836728859383,17.304127783649385,16.47529921918571,17.68286180932159,16.052074482661162
AWK,2018-07-12,76.26719394906885,75.62086366052955,76.2060546875,19.7838637560763,16.963660910097605,16.413750748408997,17.68280107022045,16.024845311674742
AWK,2018-07-13,76.66022220124339,75.89161347885904,76.59908294677734,19.361706300826647,16.950223029683283,16.36419505075186,17.648806488147798,15.998549015452532
AWK,2018-07-16,76.69515400100008,76.04008775455853,76.48553466796875,18.932237392284566,16.955630023455143,16.223644784928716,17.64933827504162,15.963730838913905
AWK,2018-07-17,76.98339970759392,75.88288633389806,76.59036254882812,18.77742477005187,16.95525656612635,16.218736989383622,17.634086311049963,15.943245868568642
AWK,2018-07-18,76.66897493109877,75.89162995681582,76.49429321289062,18.129022210890835,16.907930217594725,15.812841156138374,17.633264058096078,15.939305643798587
AWK,2018-07-19,77.49871636685455,76.41566857724176,77.32402801513672,17.392000004517545,17.002484464143254,15.889835518936717,17.678417434578915,15.967991015087946
AWK,2018-07-20,77.36770968915998,76.09251457763403,76.46808624267578,17.899281520107753,17.176962390468983,15.902642530820032,17.728595209817737,15.966751469087656
AWK,2018-07-23,76.8349248954946,75.83922447183775,76.23226165771484,17.97309919657788,16.986080142391533,15.857813613918657,17.716481599811267,15.932882164533272
AWK,2018-07-24,76.54668419207552,75.14921067816292,76.35453033447266,17.411829513811377,16.86151229234688,15.847225345378407,17.46056658696501,15.883917591626492
AWK,2018-07-25,76.80870619092408,76.04009083256587,76.44186401367188,17.126750626729986,16.85430407701012,15.831041033543661,17.437031934316924,15.88212467843201
AWK,2018-07-26,77.45504261300528,76.90478929837244,77.32402801513672,17.009172573524094,17.009985416836802,15.727037325864435,17.488483686898498,15.905888027245535
AWK,2018-07-27,77.6908526815202,76.92224403260457,77.175537109375,16.958802740471317,16.9844863541068,15.690856801218771,17.39264775298516,15.891212853065431
AWK,2018-07-30,77.26287941398512,76.30211691860653,76.48553466796875,16.906130649343915,16.93219256156281,15.750495679250335,17.421931872730642,15.916800390212494
AWK,2018-07-31,77.5685971661157,76.5292296316013,77.07948303222656,16.78902886685011,16.97194306666402,15.750849091131942,17.433227034420884,15.933736042988553
AWK,2018-08-01,76.8523793170997,75.48110741115909,75.60338592529297,17.756251277887845,17.303517870001432,16.045820218610725,17.566683199678383,16.052674133769752
AWK,2018-08-02,76.84367367301316,75.40252598061971,76.45936584472656,17.963514905725766,16.835111812607497,16.061601801773833,17.586914947868575,16.073517734046458
AWK,2018-08-03,77.28911685204967,75.97898375139626,76.90481567382812,17.66254781529626,16.860962557221296,15.805296569479415,17.530027847061845,15.992395041027047
AWK,2018-08-06,77.49000730126966,76.73886378618494,77.0882339477539,17.377041945420117,16.71963133354739,15.789614873600625,17.493935822802733,15.986080158363286
AWK,2018-08-07,77.01834824800592,76.1973294780394,76.9310073852539,16.29103908142639,16.710187623611773,15.791540391230832,17.49474989973426,15.96497251557377
AWK,2018-08-08,77.18428256184998,76.60782100742193,76.96592712402344,16.288267362596397,16.562757119886474,15.744536077305963,17.47231753574056,15.964392417617718
AWK,2018-08-09,77.51466551949457,76.79474252242494,77.45320892333984,16.31444311493046,16.274132584423747,15.70838826512125,17.466942850992414,15.970007338643114
AWK,2018-08-10,77.96240066313993,76.93518830172592,76.9439697265625,16.43271662570273,16.126163431344732,15.74993442752933,17.482796772657412,15.979480514972423
AWK,2018-08-13,77.303948516542,76.56646275629129,76.7332763671875,16.452738986540282,16.131480227107993,15.710094722685664,17.48555193130516,15.96098728522716
AWK,2018-08-14,77.2512688355183,76.73327853188259,76.90008544921875,16.190106325959512,16.132061089541036,15.63593266811189,17.48711004804913,15.94594068028235
AWK,2018-08-15,78.07654679799053,76.89130876043036,77.5234375,16.243156004678237,16.187656067007396,15.545349444917994,17.502521426331665,15.957029265919592
AWK,2018-08-16,78.3311525794413,77.3127214809634,78.1028823852539,16.22583810583659,16.22646158008826,15.53892088361288,17.51781512696732,15.970672605653025
AWK,2018-08-17,78.95449387399654,77.94484427851148,78.56819152832031,16.047853906919237,16.23271982660798,15.49043242134594,17.501871506000654,15.976017562964822
AWK,2018-08-20,78.98084278388814,78.23458226216376,78.45407104492188,11.523428048722039,16.05526974552977,15.474645331564837,17.431333576739508,15.976910292184723
AWK,2018-08-21,78.68233595474526,77.88339362415189,78.11166381835938,11.293467475326155,15.965641918055368,15.407010459663676,17.433444751108535,15.96692689528449
AWK,2018-08-22,78.48042170780813,77.17227022004889,77.48833465576172,11.161464894634028,15.9410365943829,15.347638890097182,17.458305918627424,15.988780867108312
AWK,2018-08-23,77.97116672703436,77.23368788104568,77.4970703125,11.161471183774522,15.933145816241051,15.346500835319818,17.43756257812362,15.980537037506531
AWK,2018-08-24,78.07652461626132,77.21612592111828,78.00628662109375,11.218900617349059,15.716480091992377,15.372039606592084,17.45117429168158,15.991168518138224
AWK,2018-08-27,78.26093844198171,76.91766784401528,77.30397033691406,11.550412899253333,15.613760929356719,15.367217186250809,17.482586754415834,16.015972428679685
AWK,2018-08-28,77.34784591191097,76.39087803168476,76.6015853881836,11.866618924251968,15.689038285035961,15.440296632447506,17.505214775488437,16.044076664252305
AWK,2018-08-29,77.40052448837942,76.75083289450535,76.98788452148438,11.948171604118585,15.364644911820823,15.452321263878025,17.489565406924036,16.02993316007025
AWK,2018-08-30,77.37418970358691,76.58403537873866,76.91765594482422,11.52199372331144,14.952342230002163,15.434686733435147,17.06820571931031,16.016493746420863
AWK,2018-08-31,77.18981407711965,76.39965311376041,76.847412109375,11.04859488282771,14.96068908507138,15.43670791825574,17.04917841809826,16.01701694790289
AWK,2018-09-04,78.0502117751868,76.66304107324814,77.96241760253906,11.742492246563483,15.179560853469159,15.395805680324012,17.125994374202982,16.07764006153349
AWK,2018-09-05,78.82279929114694,77.66389895227215,78.57697296142578,11.92034468247027,14.95033980315493,15.431627301489096,17.140264158683856,16.0945322438211
AWK,2018-09-06,78.74381191760037,78.1029016101762,78.21703338623047,12.027912589891839,14.802770302590911,15.10589791261924,17.143482598126035,16.102537106892566
AWK,2018-09-07,78.12923148104184,77.28639529166276,77.45320892333984,11.963150152152457,14.888163381509756,14.964562842457992,17.06956313800933,16.117356455856672
AWK,2018-09-10,78.11164812010935,77.1283362258277,77.84825897216797,12.034737997678585,14.790948563353389,14.957631641225044,17.07419470117138,16.115683511959027
AWK,2018-09-11,78.35750021082696,77.62879580016191,77.76049041748047,11.720208065390961,14.513406113841132,14.959697022672975,17.068189714819706,16.076726670333855
AWK,2018-09-12,78.3574740103534,77.61121369276479,77.6199951171875,11.536807649248935,14.393432723610392,14.964655133896612,17.036074637592964,16.0117147121421
AWK,2018-09-13,78.43653290806651,77.54980276905032,78.38385772705078,10.261840193174205,14.379831201485679,14.998416773611629,17.0753523266578,16.030751080409892
AWK,2018-09-14,78.51552271432972,77.88339398788948,78.34870910644531,9.816368226727544,14.369567604693845,14.976962301750074,17.066597144428144,15.995129488040174
AWK,2018-09-17,78.79646170515309,78.16433302977931,78.56819152832031,9.721541420362719,14.186613263713676,14.980287352599614,17.039526696949363,15.990374032074623
AWK,2018-09-18,78.68234033347109,78.07654915670477,78.47162628173828,9.72402417065864,13.998576734465832,14.843590646471105,17.039324851512227,15.980866454899143
AWK,2018-09-19,78.51552729112703,76.48745309079956,76.89131164550781,11.44881639909439,13.986875580791208,15.123198699138648,16.915592974522994,16.114967380313903
AWK,2018-09-20,77.73414120449425,76.29429545328578,77.63756561279297,11.787532379752935,14.110611517910007,15.191871235288462,16.932874350225845,16.141845789880517
AWK,2018-09-21,78.31358349009977,77.21613973772581,77.78681182861328,11.660634924952904,14.080939606337079,15.193951128201341,16.895378562366666,16.12360091747585
AWK,2018-09-24,77.99753927883079,77.06690888013706,77.1020278930664,11.790871678308847,14.198949037114488,15.243614937153493,16.88727452254177,16.148005139363207
AWK,2018-09-25,77.32151628766108,75.96946443929531,76.08360290527344,12.391039071886063,14.474043051886193,15.29192874694447,16.931771143998997,16.197264008786775
AWK,2018-09-26,76.60160497463855,75.39880372297269,75.4251480102539,12.60223354773387,14.42214077857341,15.338199621301413,16.92897262312505,16.219866753738476
AWK,2018-09-27,76.67184602864656,75.41636954953847,76.34700012207031,12.899038585715154,14.574789296825285,15.354765417237049,16.931202775901156,16.184111836746023
AWK,2018-09-28,77.29518310269503,76.54014103142865,77.23372650146484,13.170736699606724,14.676718693841034,15.056642186977525,16.929461174439663,16.222431140271183
AWK,2018-10-01,77.1634764947187,76.38209695824848,76.847412109375,13.096928933601465,14.558848736901925,15.080357124762042,15.97034768686611,16.228953019315313
AWK,2018-10-02,77.77803674887114,77.08445813525607,77.56732940673828,13.414453399687124,12.512732817857916,15.042602339807374,15.883770352534391,16.22157093643709
AWK,2018-10-03,78.06775098489615,76.23282839126554,76.96153259277344,13.541195144832594,12.437151044228374,15.090872033162487,15.910094349834077,16.24231955586322
AWK,2018-10-04,77.04934873423514,76.17139355125063,76.97032928466797,13.352680715505066,12.2173190231007,15.00061707024774,15.908946251389533,16.21776054644014
AWK,2018-10-05,78.53307667933456,76.93519875349519,78.1731185913086,14.11018625448496,12.615139465445893,14.986067301207123,15.988521901369035,16.282545734251876
AWK,2018-10-08,79.42861017448196,78.33994757240828,78.95451354980469,14.274520493218365,12.72973187963472,14.911795914850895,16.02715461027245,16.309360149825707
AWK,2018-10-09,79.61296352999926,78.77012749290463,79.51638793945312,14.111707597859862,12.793661876190734,14.931257843205007,15.955913034356412,16.315728565693878
AWK,2018-10-10,80.73676225371594,79.3320352235127,79.4461669921875,13.799423232073089,12.796563937803601,14.935083356676248,15.941586247793987,16.286131440928433
AWK,2018-10-11,79.86756593815433,76.759604492094,76.77716064453125,17.132668010824364,14.646026993880671,15.957430648717377,16.427138183146486,16.643272575629677
AWK,2018-10-12,77.36542756204453,76.27675810939131,77.02302551269531,17.156938411238357,14.490347559378156,15.960623780040454,16.421870006670826,16.628651775728812
AWK,2018-10-15,77.8746214863151,76.89131597539844,77.26005554199219,17.17645977818239,14.31839596559226,15.948754089282433,16.334218144249764,16.630725101966615
AWK,2018-10-16,79.19154813720404,76.97032278358543,79.05986022949219,17.960996059004643,15.046273405097278,16.207741723947844,16.525215610500844,16.785312893649415
AWK,2018-10-17,79.52519254092844,78.5506616237907,78.97207641601562,17.828081482958986,15.048881203580642,16.124665660735726,16.526345391561527,16.760018396818023
AWK,2018-10-18,79.82366591714045,79.0335050881314,79.41102600097656,17.83498234394705,15.083114921149177,16.058084916190907,16.417606785468195,16.767231858923164
AWK,2018-10-19,81.0966981284918,79.51637659792684,80.71917724609375,18.128426258107453,15.264292844247446,16.24150878403062,16.492507202524358,16.804934229791215
AWK,2018-10-22,81.10549824462029,79.98171667031917,80.35923767089844,18.169984855025177,15.291994955792065,16.115865616954082,16.093747431544394,16.802024984461404
AWK,2018-10-23,80.95625726602107,78.67357482971191,78.97207641601562,18.937047408217566,15.613620944438807,16.244914605083867,16.22230431273984,16.894511939114928
AWK,2018-10-24,81.46548257034651,78.87551011500956,80.49095153808594,19.665592451921334,16.00386876536755,16.4571847722289,16.285116367616688,16.965702880432733
AWK,2018-10-25,80.20120836010413,78.80526276933224,78.95451354980469,20.355530639540014,16.000490414974212,16.591642860683255,16.17763864158816,17.077885478961075
AWK,2018-10-26,79.62175150569502,76.77717211095445,77.46198272705078,21.11295945481857,16.35166077166751,16.688770620539234,16.109468591053112,17.175032255512797
AWK,2018-10-29,79.05986625199571,77.76927107197932,78.58576965332031,21.528572717403637,16.570587591438752,16.82099305367367,16.189782266217563,17.233327729864858
AWK,2018-10-30,79.22664823400731,78.03262903514806,79.1739730834961,21.632156833690257,16.629567123849277,16.848573643979442,16.16518018850948,17.248549999087608
AWK,2018-10-31,79.09498027472898,77.62879670717557,77.72537231445312,21.482745928079442,17.06929894796193,17.013328790881435,16.30805168533999,17.349138875968347
AWK,2018-11-01,78.84912842863473,76.34695827145623,77.54975891113281,21.31150191607468,17.07645087913384,16.8928687252233,16.189833199130167,17.33889173013959
AWK,2018-11-02,77.74293378049332,76.03091716246723,76.7157211303711,21.528277583797376,17.171879327017063,16.950876392070487,16.20866255154643,17.1871398458157
AWK,2018-11-05,77.51465024128291,76.82106496523353,77.44441223144531,21.562440165808464,17.22984137667506,16.933830458079505,16.210335307952807,17.195501541530085
AWK,2018-11-06,78.28725615078699,77.27760642690001,78.22579956054688,21.35781939522888,17.338301120570367,16.830681617777795,16.171805399054392,17.223516089280956
AWK,2018-11-07,79.33202232803481,78.55064283517723,79.094970703125,21.351737294332864,17.47371403292152,16.83079035259618,16.215670548182747,17.188708305965847
AWK,2018-11-08,79.55825067312223,77.93460946945252,78.43758392333984,21.296710092486823,17.492510874593094,16.82850376054072,16.020498408714,17.207378805917507
AWK,2018-11-09,79.38174921737203,77.89047141228352,79.07290649414062,21.16901784862329,17.50395456392472,16.858129332350124,16.043743398810577,17.21615906467059
AWK,2018-11-12,81.29658790898468,78.88760772585765,80.54653930664062,21.69727919639955,17.863713966657798,17.00041187858629,16.126357870955353,17.30129204644119
AWK,2018-11-13,80.93478153325526,79.94647825801717,80.42298126220703,21.587899634158248,17.86408632168164,16.90217600756919,16.098203493942158,17.280785511727633
AWK,2018-11-14,80.69655305911894,79.5141245278111,79.75237274169922,21.60784543650124,17.92855070649163,16.617084166990086,16.129967776741974,17.2518712950535
AWK,2018-11-15,81.27895082986221,78.73760728844886,81.25247955322266,22.18688734038599,18.227153004266448,16.85903042923362,16.25885317618182,17.322403805087855
AWK,2018-11-16,82.54960776435526,81.72896470814375,82.28488159179688,22.047616658921804,18.386980228081168,16.948173608380728,16.21347474596897,17.366226237022424
AWK,2018-11-19,83.34378806598562,82.037822430834,82.49667358398438,21.911369259575896,18.353733624023086,16.940070296265876,16.19206659800373,17.350377169436538
AWK,2018-11-20,83.30847501826929,81.83484266010007,82.08191680908203,21.92268124054905,18.278962830617193,16.962568277783966,16.195938985202645,17.34230701067664
AWK,2018-11-21,81.81721006389743,80.70536948900852,80.7847900390625,22.465457591024084,18.49181789740387,17.097508015172476,16.297505877399768,17.416749804268576
AWK,2018-11-23,81.58777215525988,80.40534389452823,81.27010345458984,19.94443642734809,18.502041574628937,17.092568003515034,16.293014717178718,17.42619448820011
AWK,2018-11-26,81.4907209045496,80.65243246439253,81.40248107910156,19.940723713141757,18.498722998801973,17.054024542324633,16.254149679199152,17.426624710164248
AWK,2018-11-27,81.5613020986059,80.8200728752632,81.2789306640625,19.96052238921617,18.50173545988129,16.985825036777285,16.106404025634465,17.42045010947276
AWK,2018-11-28,81.90543009667073,81.13772971552045,81.72895050048828,18.953776856054123,18.31410063061807,15.91255262956341,16.10625660834046,17.42412713094867
AWK,2018-11-29,82.13489927189187,80.99658714068028,81.60545349121094,18.958212651772868,18.260266242222066,15.831520086736619,16.105839852389728,17.404265782581543
AWK,2018-11-30,84.1908950805664,81.63190006088887,84.1908950805664,20.844737167828832,19.267890552803685,16.46563639378157,16.478626471254252,17.630175577737553
AWK,2018-12-03,84.49090824476885,82.70843982676296,84.44678497314453,20.398468055156137,19.132899670943946,16.468175408274153,16.44761402422769,17.62785617956859
AWK,2018-12-04,85.90278893058473,84.2262051339373,84.51740264892578,20.32126150345574,19.118122205597093,16.454952990271472,16.445530364979504,17.627753770113515
AWK,2018-12-06,85.89395752887032,84.21738056986528,85.87631225585938,19.893203989349225,19.3418914963641,16.620323404579235,16.51244543106572,17.680932460524225
AWK,2018-12-07,86.63518739929823,84.9674297012152,86.29987335205078,19.30256896309686,19.33959131057418,16.631026964951467,16.47708305655795,17.68472117232303
AWK,2018-12-10,86.520473839728,84.693881806378,85.99984741210938,18.283038333565877,19.295589215136346,16.643129919192905,16.416843262091472,17.688523510734168
AWK,2018-12-11,86.40573887714761,85.0115269879278,85.13507080078125,17.516172295584106,19.439197838460803,16.666306793464898,16.451333065583366,17.713633457458588
AWK,2018-12-12,86.13221662939196,85.45275577101215,85.69983673095703,17.224263593707914,19.466738317450417,16.576345012751787,16.428855355943433,17.708351554018158
AWK,2018-12-13,86.59987674894793,85.69099384805723,86.17632293701172,17.189069619889057,19.476439489633385,16.576941151847706,16.426281650162547,17.411479617549784
AWK,2018-12-14,86.29986318981165,84.49091659078375,85.71746826171875,16.166827392717806,18.99236811885846,16.609519995364032,16.397089185021212,17.409237149173283
AWK,2018-12-17,86.12337204269525,82.21428832961435,82.57608032226562,19.959487028827418,20.541789534669984,17.6979113156073,16.951592472033106,17.807790346185296
AWK,2018-12-18,83.51144761154153,81.37601278895838,81.78192138671875,19.89759222536074,20.65715391182291,17.690643797319076,16.9966872913049,17.82813463931517
AWK,2018-12-19,82.55843214125056,80.64360046903603,81.7024917602539,19.793368255515748,20.562429744959985,17.687891535657695,16.997973186656072,17.824415028097327
AWK,2018-12-20,83.10553328429165,80.93480133343675,81.94075012207031,19.642283739836042,20.34943656615678,17.625071540936442,16.955410099522513,17.746656081512594
AWK,2018-12-21,83.95266437480538,80.3877196290513,80.4671401977539,20.22883492356567,20.63670972184309,17.83929073084033,17.0988536697811,17.838051907030916
AWK,2018-12-24,80.54654488872512,76.12566005792884,76.16095733642578,25.77514872313664,23.4893637685036,19.651469982789045,18.322252054010903,18.667098924627883
AWK,2018-12-26,78.12872956613094,75.79033730924857,78.11990356445312,26.77376344732492,23.948142136119756,19.981668992053624,18.55189189372544,18.818518689405106
AWK,2018-12-27,78.89643096923828,76.74334433129687,78.89643096923828,26.36082797667772,24.00454031997842,20.02122778823542,18.584873054473082,18.844235288340105
AWK,2018-12-28,80.1318214710503,78.85232692514262,79.4347152709961,26.448141337406906,23.970170194618415,20.045435807073105,18.51480055464522,18.850780106386694
AWK,2018-12-31,80.13180148604832,78.79053871172583,80.09650421142578,26.453395090371167,23.96145858927851,20.08184625895425,18.53529711105005,18.849649180245567
AWK,2019-01-02,79.81413993354552,77.81106822728493,78.3316879272461,26.625430894328073,24.418620175874562,20.402108208715003,18.567938982234235,18.980907749129045
AWK,2019-01-03,79.82297738680182,78.22581404773437,78.64054870605469,26.350417783546753,24.225084613022293,20.387402216767864,18.46334402410703,18.795235024778513
AWK,2019-01-04,79.46116412142743,77.65221772026487,79.23173522949219,26.454967139473652,24.187637997349785,20.391339786836937,18.472362730603713,18.795874080597855
AWK,2019-01-07,79.46999890197294,78.20814984842168,78.3934555053711,26.572333558101292,24.24027582470984,20.45964391609767,18.51895924750066,18.801852281592975
AWK,2019-01-08,79.65529947380885,78.52581359940305,79.54058837890625,26.604579031418396,24.427735432384853,20.583373401761662,18.593965765108912,18.829755904071916
AWK,2019-01-09,79.83177467952542,78.37579426328227,78.52580261230469,26.76364737765885,23.52698714776271,20.65093151716798,18.643116450429474,18.856139287855907
AWK,2019-01-10,80.211221725914,78.5346382153135,80.08768463134766,27.430247295776645,23.852193968941517,20.851969314468416,18.771944871501965,18.934166978998533
AWK,2019-01-11,80.38771250849,79.5847212825074,79.98180389404297,27.429700042374034,23.850137926310516,20.833396678232084,18.772958036759686,18.896626768467474
AWK,2019-01-14,79.82296480518222,78.98467634915698,79.79649353027344,27.373307494731762,23.392326147073536,20.835576925665965,18.712839730744818,18.86277640072283
AWK,2019-01-15,81.6848569703973,79.7082564981145,80.67008209228516,27.580331375272504,23.49363535072046,20.89164611901252,18.7172960492237,18.27722243064171
AWK,2019-01-16,81.27011223169941,80.04356056752687,80.99656677246094,25.95391034074354,23.4814682745136,20.85683254575174,18.71954687864713,18.205619839654904
AWK,2019-01-17,82.00251248571885,80.77596086696846,81.67601776123047,26.07640663314841,23.305297142977793,20.89450624884284,18.74311171405165,18.220025196631735
AWK,2019-01-18,82.32901239239543,81.35835415910674,81.72014617919922,26.074627673792854,23.285066908882555,20.872169752240936,18.733352947288456,18.21917603703879
AWK,2019-01-22,82.34666491376831,81.23482421464584,81.86133575439453,25.586663955662548,22.992452950780457,20.817221102110533,18.684314218686833,18.207125465842143
AWK,2019-01-23,83.229064699976,81.79955543528489,83.1584701538086,26.013634451475188,22.888227305087852,20.896064997958323,18.7630301208723,18.270048755691302
AWK,2019-01-24,83.66145246746406,82.52314054829459,83.51144409179688,26.051863583711953,22.52304476298086,20.892370993430152,18.71863746794073,18.217734193483736
AWK,2019-01-25,83.67908732189633,82.15251240702996,82.30252075195312,26.21987288495074,22.370487098095342,21.033328048286318,18.62355819338695,18.271024369684476
AWK,2019-01-28,82.65548564479909,81.50835470563061,82.08191680908203,26.11965535263862,22.207032177831366,21.038612104706978,18.62653409007814,18.25258006930751
AWK,2019-01-29,83.00848115746177,81.75545796587126,82.13489532470703,26.044336388937566,22.162673476820476,20.92283962883961,18.58145052365552,18.24730461815613
AWK,2019-01-30,83.52028317339659,82.00253371015506,82.71728515625,26.137611244983834,21.83926539094494,20.91619953985359,18.59151156952538,18.19955698201853
AWK,2019-01-31,84.83505314470095,82.45254444854093,84.42031860351562,24.502919387077057,22.183390330821112,21.135544512594194,18.694578071259286,18.289128696680233
AWK,2019-02-01,84.71151793380513,83.25553737286454,84.01441192626953,24.364084284843475,22.076029149461757,21.086744975670424,18.61748592170062,18.29727900249021
AWK,2019-02-04,84.34092712402344,82.85847493117225,84.34092712402344,24.372300550746807,22.01989092335115,21.081380836011352,18.558482782736448,18.222720650616257
AWK,2019-02-05,84.8438747142634,83.69673696802205,84.58797454833984,24.37238633570414,21.949131286467473,21.0817580381024,18.555817738478332,18.204959791367248
AWK,2019-02-06,84.9293443093521,83.98066102692093,84.36190795898438,23.716546768738446,21.868908512391222,21.08498427043718,18.560974576899405,17.94502091503011
AWK,2019-02-07,85.90461602133813,84.08704221482367,85.88688659667969,17.092019954764613,22.0472498577959,21.211882597188644,18.66836988574712,18.015455443570296
AWK,2019-02-08,86.7025978798488,85.52339128553648,86.65826416015625,15.928338172543151,22.059074975288656,21.2488682383428,18.690610734634603,17.981123160003747
AWK,2019-02-11,87.09267827593234,86.05532782196236,86.53410339355469,15.868926505880768,21.78167112793748,21.25041438459313,18.686513013657922,17.797515791682393
AWK,2019-02-12,87.10154161680308,85.85141101019063,86.5961685180664,15.842941322567128,21.774502694860914,21.24754153382996,18.627295703859716,17.64251880778428
AWK,2019-02-13,86.65824729308132,85.95781659740084,86.39226531982422,15.82716251651976,21.695906896635112,20.97807641063638,18.590856778159107,17.64524383606667
AWK,2019-02-14,86.88878107928986,86.15288467731106,86.22381591796875,14.056569251593592,21.40292769573515,20.939350218582945,18.55454992753531,17.619689195385188
AWK,2019-02-15,87.04835600966135,86.34792536463152,86.93309783935547,14.129884390217537,21.319094718163985,20.96964373541611,18.57219431265759,17.622443803956237
AWK,2019-02-19,87.5803535508295,86.56960693383253,87.5094223022461,14.10968777913654,21.34851183462019,20.92634666442059,18.512222070109154,17.553741795195137
AWK,2019-02-20,87.75764848153938,85.6829542135882,87.47393035888672,13.530482932993657,21.313761165166888,20.797654240490747,18.44575272574083,17.531299717542034
AWK,2019-02-21,89.07871594655431,86.71144207794119,88.99891662597656,13.744857938214475,21.269790305374944,20.88555441176322,18.52518936002877,17.584281775301164
AWK,2019-02-22,89.77028349417796,88.66200838931157,89.53089904785156,12.822651190024592,21.269528444954044,20.82944137561441,18.439352275040125,17.53814355842072
AWK,2019-02-25,89.8412056512982,88.66199943535824,89.44222259521484,12.053108582064999,21.27622276948206,20.771932815664307,18.330330599634575,17.53761997893577
AWK,2019-02-26,89.78801001116395,88.9102580505663,89.58409118652344,11.97740408604939,21.266483734836473,20.745914043885023,18.330095326687655,17.38960345972242
AWK,2019-02-27,89.92987246689144,88.93685556992165,89.58409118652344,11.893339858684088,21.25333623272399,20.70955359948929,18.330227882049552,17.389505147318467
AWK,2019-02-28,90.49731159769793,89.15851337839541,90.09833526611328,11.720956208074751,21.26083977275757,20.666719909928787,18.269328237532743,17.358062401143943
AWK,2019-03-01,90.2845248833252,89.59296229929198,89.9387435913086,11.82624432369071,20.358729554857018,20.672287913450806,18.209831923937468,17.339076920165642
AWK,2019-03-04,90.42638365346686,89.2028503296895,90.17813110351562,11.73760653816403,20.35734751254587,20.55187851720942,18.18302638640437,17.33581408250505
AWK,2019-03-05,90.49733914919767,89.5663850729096,89.78804016113281,11.920869651750056,20.38771374780559,20.52624585606649,18.162767629712455,17.338446171760634
AWK,2019-03-06,90.15152877669932,89.40676440217173,89.60182189941406,12.010611095054,20.156821624282802,20.511830326078467,18.08642925711292,17.27214956246711
AWK,2019-03-07,90.5771017968341,89.83233748470485,90.12492370605469,11.428906804116384,20.165707517461527,20.522154360832264,18.057397706957033,17.263445386422127
AWK,2019-03-08,90.97606732294572,90.1603786487707,90.90513610839844,11.550692009670275,20.210385871400867,19.751248471537867,18.046539317777498,17.272598502952423
AWK,2019-03-11,92.28827193934349,90.96721004215378,92.23507690429688,10.794171082944667,20.26647333217283,19.854836071511986,18.110754000599364,17.31236972974174
AWK,2019-03-12,93.21924269736078,92.2528299738406,93.02418518066406,10.697492315780357,20.29143632712021,19.882510683475534,18.082108703398543,17.31856447578609
AWK,2019-03-13,93.42316533926027,92.7759296693795,93.19264221191406,10.669433623388617,20.273020187894474,19.59056527854317,18.031598682637224,17.29418212018843
AWK,2019-03-14,93.79554915112357,92.4656188882528,93.08625030517578,10.74349403474597,20.232485248339003,19.5906780598412,17.861230093651496,17.1917803842737
AWK,2019-03-15,94.29203089766769,92.78477967933692,93.8132553100586,9.630784337837808,18.591692321914397,19.605220896553078,17.87723289936541,17.19897068329979
AWK,2019-03-18,93.93737810264726,92.63405249837488,93.2103500366211,9.763844418817555,18.51610175978,19.50458067952424,17.894202082593164,17.214222833191062
AWK,2019-03-19,93.44975256588275,92.11982252015683,92.518798828125,10.260982306365992,18.610490565765136,19.53324715860654,17.91766835228285,17.219483565526332
AWK,2019-03-20,93.48521647559151,92.11095274762992,92.82025146484375,10.260978528857754,18.61127916622259,19.300468308443133,17.916403926881998,17.19793399529008
AWK,2019-03-21,94.23885910107428,92.67840570089389,94.17679595947266,10.623398460022006,18.29614993632815,19.209291456761086,17.949427338411446,17.24871263301289
AWK,2019-03-22,95.49785103854971,94.27431772445915,94.67329406738281,9.745518426550838,13.807424719234698,18.924362228570516,17.944558561289256,17.234089868396634
AWK,2019-03-25,95.12548426818896,93.99947280011531,94.59351348876953,9.660921826901651,13.067761696835536,18.6308253620822,17.9285568958266,17.206757711910655
AWK,2019-03-26,95.30277488967033,94.40729362594585,95.045654296875,9.584942832626536,12.997528447705173,18.530033080586417,17.900595364867296,17.162565446242116
AWK,2019-03-27,94.92153591755066,93.51181335134885,93.86646270751953,10.584884536376851,13.359110591846695,18.64787458179913,17.397917382830503,17.20406547197344
AWK,2019-03-28,94.0526481728051,91.827230150963,92.49219512939453,11.653404996566085,13.781006003188631,18.55464938392646,17.460575278146436,17.253776390215677
AWK,2019-03-29,92.7581790757777,92.09321413140327,92.43899536132812,11.616803191931156,12.804153431360923,18.547321194165313,17.41787609718402,17.24704056429602
AWK,2019-04-01,92.66953436058067,91.33074281513717,92.07550048828125,11.616048326380673,12.874801463148058,18.46064673375885,17.427622671455147,17.22235417386779
AWK,2019-04-02,92.4833256020933,91.26866058951904,91.95135498046875,11.565572677887923,12.85968905202013,18.42663426528073,17.423086920306723,17.1789870219905
AWK,2019-04-03,92.53653121976643,91.2775256872153,92.23507690429688,11.555850913896647,12.565955358968514,18.379688707934402,17.422242835617215,17.17947723710129
AWK,2019-04-04,92.44787657503208,91.67652140284432,92.08436584472656,10.61059233660258,12.351494796711721,18.32473755506857,17.42507075330548,17.18150860620405
AWK,2019-04-05,93.06851889423149,91.77405427768727,93.02418518066406,10.843393011975673,12.03125503285813,18.30650977968125,17.45633234103982,17.175956873270724
AWK,2019-04-08,93.1128265957189,92.1464140719695,92.33260345458984,11.119632860203813,11.687091614750097,18.335108235081428,17.44710123536632,17.193793313009724
AWK,2019-04-09,92.73159661386383,91.95137333073421,92.7138671875,11.154266483305246,11.666827061589721,18.13861580456877,17.391222462625567,17.195779737086305
AWK,2019-04-10,93.58274308338362,92.12868683420363,92.23507690429688,11.300418506437996,11.731379609059413,18.162853455881475,17.400008871514977,17.19920577780032
AWK,2019-04-11,92.54539016306951,91.951356405787,92.49219512939453,11.224860750475013,11.598161703118484,18.096730877233426,17.40108994015203,17.199846514111762
AWK,2019-04-12,92.50105793051803,91.889288020765,92.35033416748047,11.220195973128423,11.61827690854808,17.89219209583331,17.403806017636207,17.132915222171246
AWK,2019-04-15,92.61634476550479,91.93365019162441,92.17303466796875,11.235701987555467,11.576072692936174,17.80620587540826,17.36297986532396,17.13489743601482
AWK,2019-04-16,92.64292028480892,90.78101967026524,90.8076171875,12.040790344409242,12.082980605845998,17.985975116016814,17.46141101625839,17.085743396441465
AWK,2019-04-17,91.25094619381807,90.36432602458694,90.68350982666016,12.029996586443806,12.099945363344554,17.96422470835578,17.42393359549674,17.00706325180596
AWK,2019-04-18,93.08622979779622,91.09133484297578,92.82910919189453,13.681405005034133,12.571808962226449,18.104872377603744,17.607205651157752,17.146379124321733
AWK,2019-04-22,93.20151052645572,92.38581486570614,93.03305053710938,13.495323020867305,12.562107135824064,18.09034702774009,17.44005305139883,17.146382742300066
AWK,2019-04-23,93.67140365666063,92.37693927800662,92.91777801513672,12.857683456615158,12.108366699200632,18.094960278397927,17.400747859895308,17.147606506483466
AWK,2019-04-24,94.03490884886155,92.82910518704124,93.83985137939453,12.939224188625115,12.173259491721202,18.139746542106277,17.422927996176014,17.159201697304844
AWK,2019-04-25,94.72647202864846,93.30788146425549,94.45162200927734,13.057853562652122,12.19975719262971,18.146005889357582,17.433976384865304,17.161318522991113
AWK,2019-04-26,95.7017463607306,94.65553469353318,94.76192474365234,13.073965083655203,12.16158480543396,18.142060242657028,17.431723686389873,17.162402359358747
AWK,2019-04-29,94.73533465593255,93.9994385178615,94.35408782958984,12.96580475924595,11.632040973917924,17.52783435237816,17.44355604225276,17.125579701318923
AWK,2019-04-30,95.95888174800524,94.30089997897656,95.92341613769531,13.632899709629095,11.926220333072473,17.694340118928125,17.527549858350802,17.170705598299264
AWK,2019-05-01,96.03867821569331,94.77967943801211,94.95700073242188,13.797514898395482,12.185036022392886,17.786579440006236,17.55457266585815,17.203395940317435
AWK,2019-05-02,94.93040651532377,93.32562642268542,94.58462524414062,13.84652844340357,12.24306374080345,17.645320947160663,17.558857457093026,17.21021230792813
AWK,2019-05-03,95.39145827883263,94.40731613981603,95.20526885986328,13.335521623661883,12.242857497175729,17.656434303697864,17.569999149211885,17.21038623915261
AWK,2019-05-06,95.94114726307525,94.63781480964566,95.05452728271484,13.264491928735179,11.805617104471091,17.64678577888234,17.553857449936906,17.170721713765793
AWK,2019-05-07,95.38258001390966,94.6378157058796,94.93927001953125,13.267295236657182,11.722358569044433,17.56055883005264,17.539904890251442,17.167322960514376
AWK,2019-05-08,95.10772808168203,93.74233918181575,93.85759735107422,13.602765318450793,12.00687742788346,17.649994065134553,17.592829303624995,17.172047064345517
AWK,2019-05-09,94.3984251614961,93.43200591896967,94.22996520996094,13.163181537046418,12.01791361817611,17.64118962203597,17.593912631317068,17.028007500918573
AWK,2019-05-10,96.47481200304787,94.03398552667197,96.44808197021484,14.013197469251454,12.797064433892327,17.965414655948255,17.77766859789104,17.171517801970406
AWK,2019-05-13,98.88891815884638,96.02050602428277,98.6038589477539,15.225325165529629,13.427221235299253,17.18260106512826,17.91526799711712,17.267669185849304
AWK,2019-05-14,98.95127482041329,97.7932179503971,97.84666442871094,15.394604880127469,13.52106353228928,17.15225063059022,17.946679526844385,17.2852705000149
AWK,2019-05-15,99.12944944742024,97.953579170155,98.2208251953125,15.368958364664454,13.492252716125833,17.149444047158994,17.938327775233212,17.252448500844793
AWK,2019-05-16,99.46793528246657,97.73085017797537,99.03143310546875,15.466427814559585,13.544308668343557,17.17854632493806,17.91472945098064,17.1940991603489
AWK,2019-05-17,100.23405828459371,98.96910820037371,99.80647277832031,15.495708837112327,13.224883671794174,16.89949839332507,17.886926343982974,17.155297730179505
AWK,2019-05-20,100.30529503667806,98.8443658637841,99.12942504882812,15.56477577372329,13.31640122369774,14.279248960419347,17.90857804384168,17.1710719396267
AWK,2019-05-21,100.23404103659615,99.1294374063931,99.254150390625,15.30129495506442,13.304981341398308,13.806191875792006,17.906466096806483,17.17107569574854
AWK,2019-05-22,100.53692262062083,99.10271647223612,100.50128936767578,15.57231243478654,13.486091467685368,13.84815427540472,17.95205845395187,17.206969157394283
AWK,2019-05-23,101.48119395398018,100.48348992008212,100.94670867919922,15.398525883084254,13.489700117543958,13.834153456387865,17.889707691364656,17.208771585386724
AWK,2019-05-24,101.78404515450978,101.07139378726424,101.27628326416016,15.398540121757886,13.470006500866216,13.802542602400466,17.874765105547084,17.20531864161991
AWK,2019-05-28,101.99784429545561,100.66162799464178,100.9645004272461,15.44484585917106,13.488137133605493,13.256314386457015,17.86852716185642,17.167501689339613
AWK,2019-05-29,101.17829124343426,99.39666966195318,99.5748291015625,16.145238317367404,13.869308698926986,13.50718122385674,17.910695615456493,17.205034654452014
AWK,2019-05-30,100.30530838296401,99.32541772876597,99.71737670898438,15.277373175376841,13.813221121956143,13.482837741845998,17.905309625250858,17.176405508367587
AWK,2019-05-31,100.89324286541517,99.61938302640353,100.679443359375,15.328095957089127,13.882281283290936,13.370873702294139,17.92918188622711,17.19542467977696
AWK,2019-06-03,101.77515225344735,100.41221257107948,101.60589599609375,14.239144602786949,13.938870046493301,13.27480869462182,17.948207463634983,17.155611373411695
AWK,2019-06-04,101.57024929375017,99.5213884333589,101.39208984375,14.314947333135958,13.894506850407174,13.067884338383385,17.925976713855267,17.10511239971489
AWK,2019-06-05,103.8685585988718,101.51681816239534,103.77056884765625,15.414292693124093,14.339157619763904,13.195617011013422,18.108332542607123,17.227449858614232
AWK,2019-06-06,104.74154874102625,103.72602484430809,104.53665924072266,15.343479630542106,14.318406097312172,13.202014570871127,18.120739978573727,17.162923444350938
AWK,2019-06-07,106.25592226515116,103.59239959716797,103.59239959716797,15.746216752476478,14.495419289021308,13.310185570650438,18.161625323206803,17.109118593120773
AWK,2019-06-10,103.44096872165176,102.3541782882538,103.19153594970703,15.87439599910967,14.529628620482002,13.282780503403085,17.985907586873452,17.117622885994628
AWK,2019-06-11,103.68148979487181,102.1403905998325,102.78176879882812,15.861597305747772,14.519921682158044,13.31948336190527,17.972631070992605,17.126051949943907
AWK,2019-06-12,104.41193820010369,103.03118546983873,104.30503845214844,15.73619143154791,14.670642922052526,13.429826601977702,18.039855572681393,17.12350294269295
AWK,2019-06-13,105.01772286864009,103.3875368805343,103.9398422241211,15.376864584308086,14.58570253559763,13.459781111031772,18.00727123309213,17.08406304736227
AWK,2019-06-14,105.748144823501,103.88635359172301,105.35618591308594,15.524063666519334,14.776188662804884,13.574660212236273,17.973361479234757,17.10394369961383
AWK,2019-06-17,105.57001240004345,104.00218315359413,104.77719116210938,15.717098641178536,14.627611257795234,13.467207963319622,17.951123931988032,17.094899129638993
AWK,2019-06-18,105.32055209356567,103.20041827705509,103.90415954589844,16.016353241426753,14.755111470881285,13.569573009393968,17.949172063421305,17.064472494136204
AWK,2019-06-19,105.46309879717538,102.97773564390724,105.09786987304688,16.147926342425915,14.88369642844844,13.378253523877962,17.948218304868014,17.06664568159974
AWK,2019-06-20,105.77487688008948,103.95762195708754,105.2849349975586,15.534409083645157,14.87044827817968,13.353438131340681,17.930369092162174,17.043813827814123
AWK,2019-06-21,105.55219379955446,104.33178707560401,105.17805480957031,15.59759095171115,14.586063161737616,13.36187748259662,17.910597278476466,17.043033387817356
AWK,2019-06-24,105.81943109955373,104.50102793389073,105.47201538085938,14.448015843640572,14.168079432997047,13.34169332710134,17.875078979338056,17.006007774413977
AWK,2019-06-25,105.75708847393281,104.17144589938772,104.38523864746094,13.761265051950575,14.389686036723367,13.180354286299693,17.9314289228304,17.009523276364554
AWK,2019-06-26,104.40305375022902,102.45218214592211,102.71942138671875,14.465786865820196,14.813860228956665,13.450027710689682,17.978382589796688,16.969860633280646
AWK,2019-06-27,103.54784890006518,102.26508592732478,102.67485809326172,14.462155032305379,14.806674136925713,13.452199361109363,17.951801453329594,16.970151084904238
AWK,2019-06-28,103.53895780346247,102.43434735241995,103.33406829833984,14.397942281159468,14.834166852299507,13.46979670605152,17.948934047998584,16.97321694502348
AWK,2019-07-01,103.30732906494437,101.78404341985606,103.09353637695312,14.306974965379398,14.84191194744101,13.466852055301997,17.95240482360358,16.9724201051065
AWK,2019-07-02,104.81281670039,103.33406730260567,104.47430419921875,14.529217289822526,14.930676950750865,13.347558044265092,17.499415841331782,17.012565515715618
AWK,2019-07-03,105.87288777447671,104.8395505311683,105.49874877929688,14.711881898899318,14.88477742743259,13.359057604371948,17.52445856467584,17.006877226491003
AWK,2019-07-05,105.21370879038115,102.76397805057628,105.08008575439453,14.467154312193372,14.9330734362537,13.381612294544459,17.53679900944273,17.006938099861713
AWK,2019-07-08,105.5610837063292,104.6702728733644,105.13349151611328,14.442558468213704,14.86022228172003,13.382140008351822,17.35283902604088,16.994119345970805
AWK,2019-07-09,105.60563617724893,104.57229225863666,105.3740234375,14.434150020182472,14.859710529798093,13.364474813418695,17.350067603043033,16.970004008633268
AWK,2019-07-10,106.27376628391629,104.99099613310679,105.74818420410156,14.386110064515451,14.842023059888485,13.351725899167413,17.345288407211488,16.535446681946812
AWK,2019-07-11,105.93523546268442,104.02890059283064,104.64356231689453,14.103781433711857,15.047917503607373,13.461814226529297,17.31471043176083,16.548625669834514
AWK,2019-07-12,104.72372569801067,103.22716313603789,103.89527130126953,14.334410244673132,14.754101915101614,13.515652582674525,17.330679185034114,16.538309699610867
AWK,2019-07-15,103.9754441629443,102.26508895115289,103.31624603271484,14.252076553628113,14.82343303523387,13.561334027349927,17.205742125097277,16.552001383929333
AWK,2019-07-16,103.6012931380664,101.80185161373353,103.12025451660156,14.051548807138214,14.16936748349612,13.339030323016326,17.082893839244086,16.55016896309587
AWK,2019-07-17,104.28725106862984,103.360806745815,103.41425323486328,14.045253668849417,14.170868088670401,13.321519447181092,16.906052242900067,16.54883795985442
AWK,2019-07-18,104.5188449335757,103.18262857839223,104.44757843017578,12.654888030083336,14.25471288201441,13.383621277184488,16.756712173583296,16.571925005019477
AWK,2019-07-19,104.50991655394651,102.38087941257359,102.42542266845703,13.695798445804655,14.820295517093696,13.79643342309807,16.87439011100308,16.6999749870749
AWK,2019-07-22,103.17372277523997,101.88204963107599,102.64814758300781,13.483070138724365,14.783944336511073,13.79537392862977,16.859580746493812,16.672295035276395
AWK,2019-07-23,102.55905438967082,101.65934029229399,101.97112274169922,13.569269043507271,14.868719356532612,13.835083783582547,16.720323410747387,16.64507063806709
AWK,2019-07-24,102.2561870257844,100.82198089101063,101.56135559082031,13.570370671462253,14.86427868291726,13.852182824870782,16.72722738804423,16.64772791199128
AWK,2019-07-25,102.68377426881152,101.11595190464595,101.427734375,12.792380572625476,14.52720329243421,13.856014370804534,16.66645445413534,16.649469937599232
AWK,2019-07-26,102.58577789407485,101.08030542462937,102.5234146118164,13.203378481655854,14.47836751450117,13.910033076352097,16.675768617429377,16.67722648101725
AWK,2019-07-29,102.97775741026649,102.02458984575883,102.71942138671875,12.546421491315183,14.438070529458843,13.899602646372845,16.645279192303992,16.645262296969214
AWK,2019-07-30,103.54784298098066,102.06910062289788,102.54122924804688,12.471915849983791,14.411212638182153,13.889718111190389,16.610866118761912,16.64493066068182
AWK,2019-07-31,103.50331524243275,101.53462407177017,102.24726867675781,12.279276044063929,14.42437490752707,13.855114491899942,16.5780445202272,16.618870084016528
AWK,2019-08-01,104.76827301780737,100.83979359187715,104.24269104003906,13.13232086116099,14.883599661795973,13.99321281719876,16.694237323989935,16.70518056727012
AWK,2019-08-02,105.28493884448247,103.68147656079095,104.48320770263672,13.140345592394223,14.634669083038299,13.945437229103216,16.5725830156349,16.57779950082009
AWK,2019-08-05,105.03552629534228,102.1136605614028,102.78176879882812,13.95112490539298,15.094150421102256,14.2213537497118,16.70331466839948,16.641520573464035
AWK,2019-08-06,104.83952938432449,101.95329738449884,104.59900665283203,14.899221290862833,14.78235273604368,14.45727730719167,16.77175135690131,16.715370046219856
AWK,2019-08-07,106.23810192411668,103.69929240748267,105.51654052734375,14.803940797908927,14.22398526909011,14.469174265976534,16.670005945075268,16.731860811191503
AWK,2019-08-08,107.30572577837827,105.05136916626434,106.8226547241211,14.342683782129647,14.283990641148897,14.5237633518814,16.666994459370397,16.765017938674724
AWK,2019-08-09,108.51342388212402,106.5900601471259,107.84248352050781,14.52587160386527,14.37125256738617,14.511267710252968,16.693710346307014,16.784822013199317
AWK,2019-08-12,109.90002731914974,107.90510184562801,109.59587097167969,15.066628861200758,14.617136525383717,14.692918287151748,16.764906146104387,16.842629221094953
AWK,2019-08-13,109.98054106239994,108.27187641282771,108.987548828125,15.175505698334208,14.6352098518747,14.591344088756946,16.65680360782384,16.838045801973923
AWK,2019-08-14,110.4457344286461,107.93194659126533,108.42396545410156,14.9068769935542,14.599773925145461,14.616308756950264,16.66841626094327,16.845820874859825
AWK,2019-08-15,111.70710598285464,108.42396577579589,111.37610626220703,16.496230572536685,15.497583563955311,15.161778193673653,16.934304586192734,17.037463834245237
AWK,2019-08-16,112.10071470817303,110.40100456623107,111.12561798095703,16.45119817034025,15.362136448718164,15.165781242224927,16.93651228284309,17.028569374330857
AWK,2019-08-19,112.100723336985,108.42396928453658,110.91986846923828,16.48232331204424,15.36803383201352,15.008211841028235,16.935795225263647,17.020966597640548
AWK,2019-08-20,111.26874700858913,110.24891820590557,110.57991790771484,16.541187129008037,15.393035834295135,14.796007443906662,16.940950970913132,17.020641877037303
AWK,2019-08-21,111.05405846398527,109.98949747357145,110.97354888916016,16.541277670373148,15.369353647820066,14.793750170142442,16.5750197251265,17.019707802515114
AWK,2019-08-22,111.85917109572921,110.21312729305508,111.55500793457031,16.164616892608123,15.044978124932607,14.774334121287119,16.579838862168856,17.014218541307383
AWK,2019-08-23,112.61955689318462,109.35431297788652,109.86422729492188,16.73014701008015,15.450875474903178,15.016085360815664,16.6986870796288,17.070003464445378
AWK,2019-08-26,111.64446352665614,110.03420415048848,111.5997314453125,17.039364809761974,15.633944847050557,15.17606125212669,16.695331457177062,17.129176820283284
AWK,2019-08-27,112.81636896331936,111.75180823183746,111.91283416748047,16.98660119760121,15.558765995178872,15.166049849551033,16.69102372364543,17.122067713758884
AWK,2019-08-28,113.42470163071657,112.05598443074803,112.7537612915039,17.04255595715,15.585064605332747,15.135191579541482,16.695902307817953,17.10030239640631
AWK,2019-08-29,113.56782706554186,112.25278979119476,113.52310180664062,16.953532212964003,14.973042473865375,15.079299165540569,16.650150377072258,17.07509864019259
AWK,2019-08-30,114.32823140001192,113.16526546751584,113.8988265991211,15.576043213950506,14.928292575457252,15.077024090463137,16.64072693282452,17.07244993270756
AWK,2019-09-03,115.93850898178488,113.91673313170081,115.84904479980469,16.047060960812175,15.09913249929022,15.2159484788465,16.73379409757756,17.140097284484774
AWK,2019-09-04,116.19790634456027,114.23875860588409,115.1780776977539,16.002061932930477,15.135642480022577,15.269740344124049,16.736645699824145,17.15436032585375
AWK,2019-09-05,114.75764336238818,112.31542416171001,113.1921157836914,17.025202458133453,15.598174609590629,15.572803855207129,16.241801406057366,17.210779556536103
AWK,2019-09-06,114.22984128394,111.75183092800596,112.4496078491211,17.224903318966007,15.44379572703721,15.620433884152929,16.215373078192005,17.217646175180974
AWK,2019-09-09,112.14543883776652,108.96071096184062,109.46167755126953,19.185715804674114,16.464489782215843,16.061384936721883,16.56429330194565,17.439476576131394
AWK,2019-09-10,109.07702404454001,106.79582381904939,108.09297943115234,19.6576206141044,16.475945818881794,16.216820532192937,16.648589085089434,17.459435413746142
AWK,2019-09-11,109.3453873508869,106.90316149524806,108.46868896484375,19.63644409313643,16.44045680603248,15.844606194378802,16.484398526183558,17.456682349359877
AWK,2019-09-12,110.31152493548292,108.57603073130659,108.92491912841797,19.59486793766715,16.349895052100052,15.84984613049096,15.045188703578624,17.457318687167707
AWK,2019-09-13,109.13068549286444,107.98561502265514,108.44185638427734,18.981311506403532,16.231955147049067,15.87249337902743,14.803938227713912,17.4640774462652
AWK,2019-09-16,108.96070342857067,107.71722799781047,108.22714233398438,19.002564887616742,16.23781676049011,15.825637196079112,14.779467147350466,17.44645560740821
AWK,2019-09-17,109.34537612625924,108.23608329041836,108.92491912841797,18.305501637924632,16.28051708188865,15.82505794948648,14.777741633884641,17.453161264004194
AWK,2019-09-18,109.69427159751748,108.11084862375223,108.71022033691406,17.72552921665779,16.282200740285695,15.831359832817274,14.763682185154911,17.45559194848694
AWK,2019-09-19,109.77479151687434,108.03929021187477,109.47957611083984,17.670743976425722,16.17674338160769,15.830255055867804,14.49859570278876,17.46324140117597
AWK,2019-09-20,110.57991799724459,108.82652800480486,109.88214111328125,17.375333352723995,15.798437389649509,15.650640623031173,14.498095765845726,17.328719225429833
AWK,2019-09-23,110.99142596690719,109.586924432896,109.65849304199219,17.202318362914063,15.808603276299651,15.55191762368361,14.489822705258373,17.312332882178012
AWK,2019-09-24,112.09176500651752,109.98053892999864,111.70709228515625,17.40230422174341,16.172707182959776,15.761256524498698,14.547756073987559,17.39689649716828
AWK,2019-09-25,112.56590242014127,110.81251242987057,111.438720703125,17.32837278921952,16.173432526276255,15.75477735777909,14.479753062635531,17.37060269860317
AWK,2019-09-26,112.34222732873926,111.11664078825987,111.93965911865234,17.267545497108213,15.993772418897148,15.7532623687192,14.376648870320683,17.309829759577323
AWK,2019-09-27,112.26173517574165,110.74988759215657,111.14350128173828,15.582771241968848,15.980205319528615,15.808507095939058,14.261006609761164,17.301308592620792
AWK,2019-09-30,112.01123579752931,110.7588126509855,111.1345443725586,15.56905392600142,15.94967140841077,15.672302439621363,14.2579086209113,17.269207349986054
AWK,2019-10-01,111.17033551019523,110.10578150616874,110.80355834960938,15.584187525007625,15.969680978484291,15.685449652923886,14.260839423510467,17.245357764148604
AWK,2019-10-02,111.28662209590819,109.81949998919858,110.16838836669922,15.648737533929111,16.024174161494418,15.3386484684383,14.247823965442494,17.248270384238715
AWK,2019-10-03,110.93775442824192,109.95370992786823,110.68727111816406,15.675628685430713,16.034541403255073,14.98329635680849,14.249542371265411,17.23320851502977
AWK,2019-10-04,112.68217461023013,110.6961904326784,112.52114868164062,16.328504467411626,16.176008672530163,15.109293497901621,14.334179253225344,17.273276655398128
AWK,2019-10-07,112.637471029987,111.10772100145721,111.438720703125,15.940509354083138,16.239066084075727,15.205633553021716,14.397339501953098,17.3088493844817
AWK,2019-10-08,111.58186146892953,110.49046402215112,110.82145690917969,15.358350987694122,16.23845781535621,15.202437421341338,14.423067488246602,17.26544095449177
AWK,2019-10-09,112.02019640134384,111.12560931214627,111.70709228515625,15.51884441715536,16.284538476859954,15.204292042786536,14.345742339492379,17.256692938084008
AWK,2019-10-10,112.22596296944853,110.80357257902635,111.86813354492188,15.361471941176694,16.281504488935436,15.151029662029398,14.3424333592166,17.24715618751175
AWK,2019-10-11,111.94862248677684,110.03420675270178,110.65147399902344,15.512149670311192,16.370650413695817,15.273178162548795,14.290823230995084,17.289492216644835
AWK,2019-10-14,110.70517268610398,108.77286094132471,108.89810943603516,16.059584411207283,16.194659382728542,15.400129757140075,14.433273981370196,17.00794680481
AWK,2019-10-15,109.52429847230505,107.69933997684593,108.06612396240234,15.159314312472347,16.29010135429278,15.44733512246933,14.474248675933415,17.031032889017244
AWK,2019-10-16,108.84439330605036,107.49357191650935,108.80860900878906,15.34867384240253,16.25990253453777,15.473053128874856,14.473094227483617,17.039060441213095
AWK,2019-10-17,109.80162558803111,108.54026124747931,109.5153579711914,14.803804229642232,16.261411356419668,15.487674324213183,14.31065164210287,16.9076031612321
AWK,2019-10-18,109.8821565969513,108.91600070217103,109.50643157958984,14.714292563776135,16.255032586326312,15.308826650218574,14.292415936850155,16.906446935126716
AWK,2019-10-21,109.49746210546586,108.07506507127516,109.40800476074219,12.473761167560337,16.140123911172406,15.311435165778528,14.29227046565473,16.902477603748807
AWK,2019-10-22,110.6693724940707,109.21119793633225,109.48851776123047,11.891504627907997,16.139348863284376,15.248137866332293,14.291427955141147,16.834715333738007
AWK,2019-10-23,110.65148017805913,108.93386776522568,109.08595275878906,11.913191838575967,16.158700303603936,15.20597891797929,14.29600264876711,16.83223791543137
AWK,2019-10-24,110.231039323458,108.64761610784821,109.41696166992188,11.883828511690973,16.143081673100987,15.203619653893801,14.162188887535393,16.72895098052264
AWK,2019-10-25,110.11471571576837,107.77984981546153,108.34343719482422,12.166051770728046,15.84316089584014,14.864132716694925,14.194899560479527,16.670573163385853
AWK,2019-10-28,108.71916283262833,106.81369487777431,106.95682525634766,12.71564973699343,16.079041931145287,14.97092787348819,14.28956654339679,16.603962987663383
AWK,2019-10-29,107.37729362245452,106.15171360532847,106.98367309570312,12.55274339922368,15.693043605848207,14.89643265691013,14.289884178644604,16.47886217247237
AWK,2019-10-30,108.54024492786645,107.08206371510722,108.21819305419922,13.021092416188937,15.462656071495859,14.985329029731053,14.335389270154812,16.458028734308165
AWK,2019-10-31,110.47255946126894,108.45973847910274,110.27574920654297,13.998585250094022,15.82484151962956,15.248015693357225,14.48025105036678,16.54009482053648
AWK,2019-11-01,111.08088557455478,109.53325361603797,109.83740997314453,14.011417909760935,15.667575753700453,15.098919877833556,14.471113165563738,16.429236191626455
AWK,2019-11-04,109.6316396199544,107.19836188704386,107.39517211914062,15.447853534567034,16.240438052881508,15.522312298408872,14.728025736550881,16.597763143154225
AWK,2019-11-05,107.58305424326691,106.24117349739686,107.43096923828125,14.343037890226029,15.886333584083815,15.377176405695437,14.727195178306745,16.553514167064943
AWK,2019-11-06,109.1932841192316,107.6367046918542,108.7728271484375,14.876960957649654,16.059705617246696,15.470842069543005,14.663179539937198,16.570719981429168
AWK,2019-11-07,108.45079493808598,105.2392237650931,105.69546508789062,16.831666865940164,17.072981711444406,16.087668284901206,15.069783059140951,16.81770375530534
AWK,2019-11-08,106.17161972758707,104.12329376084337,104.48265075683594,16.997987876057337,16.245270792667576,16.091847935579366,15.140174031168756,16.836507318107007
AWK,2019-11-11,105.29119452482084,103.80885806711406,103.84478759765625,17.027045326568295,16.2767031754626,16.117756974928664,15.162460265213081,16.825445825395786
AWK,2019-11-12,104.50959396236158,103.2787985654824,103.65612030029297,17.0261035060256,16.276638734102033,16.119373827214492,15.165372283271076,16.813464353969916
AWK,2019-11-13,105.26423356415067,103.53034258456755,105.04862213134766,17.572984299928944,16.538541966204146,16.25480475600244,15.226810705412472,16.768026991302413
AWK,2019-11-14,106.67469526637421,104.91385385808674,105.87512969970703,17.693640840779363,16.61045801285642,16.217411353100726,15.245923787598109,16.779686296833695
AWK,2019-11-15,106.28838896322884,104.92284084595302,106.22550201416016,16.931322749797392,16.58540668119147,16.01434311600918,15.247159690764429,16.75417089130698
AWK,2019-11-18,107.73481966111959,106.18958930622667,106.62081909179688,16.843212807028703,16.333071969025262,16.02280726028809,15.237921693607703,16.66392115915189
AWK,2019-11-19,107.48325046144257,105.767331178494,107.02507019042969,16.864037442306177,16.008770783022637,16.00314949653009,15.23728937647763,16.625818529104773
AWK,2019-11-20,108.42658051966363,107.00712412484553,108.31877136230469,17.09405188107683,16.204948866530525,16.10368572113104,15.2825139241022,16.661319065376283
AWK,2019-11-21,108.52541459728789,107.04307109432091,107.21376037597656,17.2823568553029,16.237275269083153,16.060854874169962,15.313537786431628,16.688683406259557
AWK,2019-11-22,107.56411206579747,106.09074788105642,106.94422149658203,17.05011025759098,16.162135208174597,15.994124673418023,15.232893207725045,16.605291469260226
AWK,2019-11-25,107.60904205663775,106.28840902279192,107.18679809570312,16.48088823000412,16.15173398289154,15.983962770719112,15.206356440760905,16.598486485876567
AWK,2019-11-26,108.75896808991392,107.21373794246969,108.73201751708984,16.879817184746965,16.033788764627417,16.14023840652017,15.289929959856286,16.65094000145882
AWK,2019-11-27,109.33393938301789,108.50742314178305,108.9476318359375,16.77199483259903,16.014645582079716,16.139375646438634,15.288647100118762,16.6489886215568
AWK,2019-11-29,110.02569984595738,108.65116579861761,108.73201751708984,16.668948609250688,15.645023138320251,16.135228204578816,15.27018984274118,16.646172125737525
AWK,2019-12-02,108.96560560769643,107.88753466576232,108.07620239257812,16.753574671105717,15.636821513814722,16.074898737038325,15.2675978575581,16.659589924853073
AWK,2019-12-03,109.30700113177512,108.20198636720265,108.87577819824219,16.90458562643365,14.729332095209038,16.068026459961743,15.255279226894402,16.39605703264534
AWK,2019-12-04,110.15146453194093,108.20196224704512,110.04365539550781,17.193169158923627,14.657624520632803,16.1192219366394,15.296537599731705,16.423227795404173
AWK,2019-12-05,110.84323120117188,109.51361933331447,110.84323120117188,17.271795251209344,14.712725722670442,16.147970867343435,15.229831029610244,16.43486812046249
AWK,2019-12-06,111.1037569690892,110.1514668996987,110.20536804199219,17.34940807432609,14.743509272448051,16.17703421598831,15.241359378248182,16.380948681886302
AWK,2019-12-09,110.7713695836627,109.81009360056295,110.0346908569336,17.094367990116098,14.716513064904078,16.11148088875026,15.242690300358792,16.378140519087978
AWK,2019-12-10,110.7983089987941,109.72023816429353,109.91788482666016,16.62626331948391,14.711779677718798,15.789297223466422,15.237146242145958,16.37333042593902
AWK,2019-12-11,108.67813660013863,106.90830887751666,108.61524963378906,17.037434333489767,14.862982514656142,15.914006806667308,15.230383089559604,16.386664881364982
AWK,2019-12-12,108.50743806095772,105.9829667981478,106.39622497558594,17.76763639113172,15.44722982079623,16.227753856315612,15.330766350413585,16.518505082567305
AWK,2019-12-13,107.42938208950416,105.41698534821882,107.0879898071289,16.93681305617082,15.435959800126293,16.24010614351718,15.344723900005153,16.521436577663643
AWK,2019-12-16,108.66915078947004,106.84542191116708,108.61524963378906,17.465179721623215,15.700642567499065,16.3805654941057,15.415025855377326,16.5629801325045
AWK,2019-12-17,109.37887904065255,108.44455350191224,108.61524963378906,16.158250313429985,15.695972738982139,16.30120812024303,15.41305894852895,16.11138348421843
AWK,2019-12-18,109.19918158271128,107.67191622768084,108.91169738769531,16.172563734628483,15.220247249736843,16.30341961405603,15.41241691011132,16.075974090097418
AWK,2019-12-19,109.68432779222582,108.498454391001,109.29802703857422,15.802769730663076,15.235934769428832,16.30581358225851,15.412488284798801,16.076365298104335
AWK,2019-12-20,111.00494868684532,109.30699393278664,110.25030517578125,13.401652192875904,15.31639557141986,16.345528871180314,15.40104279204629,16.093010444696112
AWK,2019-12-23,110.60068076174757,108.40860920182617,109.05545043945312,13.348771992894026,15.407662612515068,16.17458045337976,15.432763486564738,16.021770489122076
AWK,2019-12-24,109.62143511810365,108.50743455172581,109.2620849609375,13.155494562089395,15.41425829217491,16.173511831387554,15.42851904509319,14.995183743606121
AWK,2019-12-26,109.86400934328427,109.07342936333677,109.49566650390625,13.113575955197293,15.411662290306008,15.947629941861274,15.412136564438573,14.801129929066256
AWK,2019-12-27,110.47489767450183,109.43276313273194,110.46591186523438,12.83087956929081,15.476662417792811,15.771822558507814,15.438771108170599,14.79531356551774
AWK,2019-12-30,110.76237962735398,110.07061626529968,110.54676818847656,12.698991635073881,15.44703636923496,15.717138283767538,15.435888593525851,14.785255040654233
AWK,2019-12-31,111.23851906310392,109.90890040667134,110.36708068847656,12.71647552238519,15.064063325297461,15.605261688510458,15.43514232285213,14.77148092779014
AWK,2020-01-02,110.64558056795987,107.42934665067175,107.98634338378906,14.338819154532587,15.582288925281631,15.924880760080942,15.556124278815812,14.763985364543073
AWK,2020-01-03,109.71126617406415,108.2019723932891,108.68710327148438,14.414377581161542,15.611304558451966,15.748923264448047,15.56722593471098,14.770741131127995
AWK,2020-01-06,109.37886541773321,108.24689331026045,108.48047637939453,14.00804005114148,15.518344842175091,15.727182324931674,15.341356761973458,14.760984044997164
AWK,2020-01-07,108.6781248797779,107.72583467656513,107.80668640136719,13.797838969924985,15.557198898479681,15.7367545217832,15.363454188405179,14.731919861075566
AWK,2020-01-08,108.87576361090935,107.11492201754592,108.24688720703125,13.817966277321261,15.435607151015402,15.149265337354262,15.366298023785834,14.674413811376194
AWK,2020-01-09,109.80110393494725,107.94143899167607,109.72024536132812,14.32536824631902,15.345059322579308,15.303236657466366,15.402446894006394,14.657532049287106
AWK,2020-01-10,110.26826241595374,109.73821620328243,110.10655212402344,13.76992690987997,15.273420486699155,15.311548273524837,15.391136357384935,14.542825898830156
AWK,2020-01-13,111.42719013496796,110.2952180396199,111.16665649414062,14.018831592715738,15.333566322802083,15.380097649703487,15.42316140528947,14.564225695940458
AWK,2020-01-14,111.91232299804688,110.96003280421931,111.91232299804688,14.10107864554561,15.337220548064536,15.406255117482495,15.425856821710429,14.569553765341112
AWK,2020-01-15,114.1223466877998,112.19080908350566,113.98758697509766,14.805041414009224,15.774603463432472,15.65728332792043,15.45408333639336,14.637864849987695
AWK,2020-01-16,115.64963700394952,113.9427030201777,115.50590515136719,15.09221397873715,15.979138616964,15.593274186576192,15.465349048820709,14.68347875520183
AWK,2020-01-17,117.3206430952912,115.7215114056355,117.1858901977539,15.318909851320303,16.21800295345667,15.56392463061619,15.534021389525723,14.724935735085332
AWK,2020-01-21,119.84509120186213,116.97024904553223,119.68338775634766,16.22215818499879,16.691488432233218,15.900195625438968,15.699053912133524,14.855228413774894
AWK,2020-01-22,121.1118019817137,119.72828914660501,120.42903137207031,16.058453150385233,16.71628502395009,15.887566952025303,15.706184515646736,14.862638697825293
AWK,2020-01-23,121.75866334473669,120.2134331265533,121.54304504394531,16.098715438093823,16.614486999696624,15.915832070065457,15.7309544112369,14.814401107423217
AWK,2020-01-24,122.54921225865519,121.46215584320773,121.98322296142578,16.045174569404477,16.328472595851906,15.9172117181837,15.658804619160646,14.813383080023016
AWK,2020-01-27,122.92659771546391,121.21964998499192,121.50714111328125,15.537259605723847,16.37180525838221,15.717129572692972,15.668776338220592,14.735274794146639
AWK,2020-01-28,122.53128221241543,121.34541579250848,122.00123596191406,13.711177759188168,16.261050030306247,15.69471984223303,15.454979703519333,14.731267468555325
AWK,2020-01-29,122.54924827769835,121.53406430862654,122.21683502197266,13.721939353634168,15.877946818480874,15.428819780663176,15.255697693049825,14.730985343532636
AWK,2020-01-30,123.18708567633512,121.82154437293687,122.8726577758789,13.411702487856966,15.850127893377675,15.400413108170511,15.226653502337562,14.725570199368423
AWK,2020-01-31,123.7351222483384,121.67781731842283,122.36058807373047,13.576548515688854,15.07360146504491,14.764715201444133,15.237164556349725,14.61499148277351
AWK,2020-02-03,123.03436432932777,122.31565042550969,122.64806365966797,13.580015541703222,15.068745103117513,14.60148922613943,15.215020684476158,14.601576811265682
AWK,2020-02-04,122.90859076612361,121.12080551862644,121.13876342773438,14.383078271347019,15.20767193730443,14.756532956004342,15.278841526949533,14.665400778710461
AWK,2020-02-05,121.88443840254715,120.46498208610136,121.34541320800781,14.303803375872084,13.816588257117838,14.748538803669097,15.250182942618906,14.664665275884884
AWK,2020-02-06,121.99468732168638,120.98475709104376,121.73319244384766,13.666200322029379,13.512714153810332,14.725524985206281,15.252137314374787,14.65989944701653
AWK,2020-02-07,122.75212190869448,121.18311170699397,121.23721313476562,13.842169437670663,13.463159898967604,14.740688380596906,15.204437339325272,14.576734023370555
AWK,2020-02-10,122.22909975231165,121.23719453115557,121.92251586914062,13.850103511477988,13.445791083650793,14.73400191797665,15.208916702022501,14.563236347280451
AWK,2020-02-11,122.62584171822222,121.82330535616707,122.03971099853516,13.778943861203771,13.265569111321836,14.725646474234052,15.206644670313702,14.560601306059151
AWK,2020-02-12,122.73404542717844,121.28226460899774,122.36433410644531,13.75878747237487,13.218928857073717,14.697355436272364,15.199918867956178,14.561027294458102
AWK,2020-02-13,123.7440062302404,122.22911130485264,123.49152374267578,13.77282625683465,13.290291934606705,14.747555779678374,15.125575383156056,14.577003263549058
AWK,2020-02-14,125.92618943947143,123.54563034322554,125.62863159179688,12.00781063121099,13.623695772559833,14.954710800423532,15.243022216196279,14.657687665026303
AWK,2020-02-18,126.75575960040435,125.5744857788086,125.5744857788086,12.10282678099553,13.63720156364628,14.701945731340594,15.212135785806174,14.643480006608819
AWK,2020-02-19,127.47715155836538,124.65475518389428,125.06954193115234,12.220488465024172,13.563491098310799,14.714252861373994,15.19534979733156,14.644566814586286
AWK,2020-02-20,125.04249828915346,123.08575208658102,123.80713653564453,12.573497876018735,13.559168582563252,14.81289747759377,15.249304953782136,14.689055103327743
AWK,2020-02-21,124.56457638401623,123.64481092382829,124.23094177246094,12.577386986126736,13.521771330588027,14.759827288410005,15.024101609952428,14.603516040382628
AWK,2020-02-24,124.2129472553067,122.58983521082479,123.11283874511719,12.881660912988066,13.727025531797024,14.846559248952484,15.051685426407834,14.632717333636535
AWK,2020-02-25,123.40135933576086,119.72231111077427,120.01085662841797,15.439623291867138,14.636342249393335,15.42127124264141,15.328463663724603,14.874249777982932
AWK,2020-02-26,121.67001509379662,119.55997725784495,119.96575164794922,15.332890620800496,14.641999942096353,15.386755528170367,15.318963085003348,14.874988598522604
AWK,2020-02-27,121.18310339878752,115.1685853435156,115.22268676757812,19.671452119354672,16.96876058774064,16.704764737553283,16.065811941857383,15.442694709315699
AWK,2020-02-28,113.43727142375569,108.76632479149205,111.50757598876953,21.260978759395766,18.27435146495126,17.31783368739793,16.45775450679682,15.80016252763326
AWK,2020-03-02,118.07214232017968,111.88629419676604,117.98196411132812,26.715393553988488,21.535729052754487,19.437172712460622,17.73758296194542,16.747252989094605
AWK,2020-03-03,121.50771162745984,117.76555013113523,118.50495910644531,26.42411254496289,21.458039953118103,19.42166784739045,17.677456605657216,16.749855678309636
AWK,2020-03-04,126.53937018235725,119.99283615231855,126.52133178710938,31.989356786984086,25.15264245505292,21.95096509790718,19.25314578427649,17.935204190561898
AWK,2020-03-05,126.68364412742882,123.26609074304832,125.66468811035156,32.05734961045794,25.167360267175248,21.9879895301232,19.243211560187408,17.950479123593237
AWK,2020-03-06,127.77472273603904,121.39951952247623,127.14351654052734,32.11803075090284,25.229712760533662,21.964546849011654,19.245334475399837,17.97481279232221
AWK,2020-03-09,126.04339341419221,119.61407578407534,123.70792388916016,33.180495603486634,25.95120177559634,22.267070575449846,19.53726798499099,18.18838872090859
AWK,2020-03-10,126.91804700473566,118.39673150298353,124.17680358886719,33.16719614170537,25.79122604514474,22.224146616239633,19.53890871780568,18.141179592242164
AWK,2020-03-11,123.2029831029091,115.67355600698696,116.92695617675781,37.539831513142836,28.424955200009922,24.257640033410592,20.831022230160936,19.13493857194769
AWK,2020-03-12,114.92508322030636,103.04934236648755,106.37671661376953,46.210628520284594,34.56049034111021,28.567222454534786,23.645583110094467,21.384022686991695
AWK,2020-03-13,115.71863293920721,105.08727028955227,115.68255615234375,52.814380491113845,38.515694724964476,31.536604684012914,25.561804469891385,22.949720119452564
AWK,2020-03-16,119.3525897489816,104.0142111056376,107.13418579101562,57.09052906189569,41.68772646506829,33.840829384529634,27.153885386768938,24.216294771201873
AWK,2020-03-17,126.50327596492352,108.65810452127285,124.88919067382812,73.16003988834512,52.23693045353463,41.706655882344315,32.63639857279166,28.624931575536195
AWK,2020-03-18,120.12809169933072,110.57879762921021,117.29666900634766,75.35813359227838,53.907071947933126,42.92205424720153,33.495437003723104,29.317095960859447
AWK,2020-03-19,117.45896426591612,102.85098834932211,103.80682373046875,83.1149166018546,59.50859029046285,47.14504650927847,36.481399929127655,31.796097458405093
AWK,2020-03-20,103.80682061081858,88.59468278040619,90.7948989868164,91.03511490828731,65.4293043066298,51.66733007488635,39.753142056860796,34.487779472593694
AWK,2020-03-23,90.51535381810207,82.95888403186662,87.5306396484375,91.34610206744993,65.77992203300556,51.933954468742,39.97640997974765,34.67559509000558
AWK,2020-03-24,94.93384171420377,87.13389979544596,93.73454284667969,94.1062140638584,67.41588528717585,53.12506922989396,40.81307471050406,35.35124625303204
AWK,2020-03-25,103.04034592192933,91.39003420627219,99.59574890136719,96.20897613074474,68.61676259676936,53.993125856870435,41.45123808425514,35.86547913652595
AWK,2020-03-26,109.89347714476914,97.86443482056113,107.59407043457031,99.22581185069579,70.4997428843555,55.31468643557178,42.45300509945069,36.6608780210813
AWK,2020-03-27,112.74293235384222,103.69861111154981,108.90157318115234,99.26367514892098,70.54592100159428,55.34582385209818,42.45772405233837,36.64669670652102
AWK,2020-03-30,114.76277609669502,109.89345648632542,114.26683044433594,100.24186789237042,71.08482704179796,55.75124560876159,42.824175476333714,36.95226339513746
AWK,2020-03-31,114.06847388112847,105.67339709578602,107.81048583984375,101.49388619971906,72.09699998087282,56.52681555040694,43.37810139920772,37.41757506300096
AWK,2020-04-01,106.39477190883065,99.69493970216818,101.71481323242188,102.65276791941007,73.07258364229236,57.24021955727323,43.92522648171322,37.87680330356024
AWK,2020-04-02,106.80955157645433,100.04659963502505,106.07915496826172,103.61756377612272,73.59415568965697,57.45909712049679,44.20547925766899,38.10386358785287
AWK,2020-04-03,107.12518340968134,101.53447120043305,102.1837158203125,103.99920795903523,73.97970633114691,57.737897421114724,44.412292971896825,38.29201630823938
AWK,2020-04-06,111.18296097432446,104.7806926694869,109.577880859375,106.32089672116894,75.33940191073748,58.79065800079148,45.11613828528328,38.90513178375096
AWK,2020-04-07,112.6708080205144,105.33976854776753,106.64727020263672,106.35000086888556,75.53914098881022,58.953307198162285,45.23259259176726,38.99576015975035
AWK,2020-04-08,113.91518206423096,106.08819084480541,113.03148651123047,107.86167143666144,76.46661847855891,59.630879830088524,45.74104418622879,39.41698829599907
AWK,2020-04-09,119.81246587974805,113.25691340926706,118.80253601074219,108.23939450806147,77.12847873906247,60.128069261130214,46.10673160792359,39.71570213501604
AWK,2020-04-13,117.65734983994261,113.08560053230454,114.73575592041016,108.2968260049316,77.38676632997235,60.397472954416706,46.29924599092427,39.87658250532809
AWK,2020-04-14,120.57894974836654,116.78267257698192,120.4797592163086,107.98080825160268,77.98668418940679,60.87657170994465,46.63412588480374,40.16354295211645
AWK,2020-04-15,119.72231527559376,116.25066031057494,116.51216888427734,108.42523512084273,78.2441834269878,61.12364608245318,46.811024870695796,40.31079235560935
AWK,2020-04-16,119.69525724247278,116.85480869227277,118.34266662597656,106.73676563432848,78.1886824267687,61.14289100438772,46.84320413455545,40.30578909531401
AWK,2020-04-17,119.92969277557224,115.92602263481552,118.8115463256836,106.74226623376467,78.18216232597675,61.118599647619156,46.84264312166935,40.30609634186292
AWK,2020-04-20,119.41569876433499,113.50037878693242,114.03239440917969,107.25339146993487,78.60062362762481,61.48060838064035,47.05143337203859,40.46277366115659
AWK,2020-04-21,115.06037621553894,111.61577897975715,113.10363006591797,107.0277589670323,78.60780171250745,61.49593819699859,47.06211605551752,40.472520559680945
AWK,2020-04-22,117.04417081973712,114.1496210098996,115.32186889648438,107.20955798064004,78.71955938715276,61.530411918163466,47.072430302904834,40.51491400075097
AWK,2020-04-23,116.49412098040935,112.29206958228252,112.42733001708984,106.0517120276496,78.87238924992207,61.66822146914686,47.129773086838846,40.58971142996248
AWK,2020-04-24,114.34799609833678,112.1928691671477,112.72489166259766,102.29986990883387,78.87408067798897,61.66820919983582,47.12012185764929,40.58602954967868
AWK,2020-04-27,114.05044519822955,112.74293679192247,113.39218139648438,99.32632241086343,78.8761582638775,61.665771179625054,47.10338174315378,40.58854892183218
AWK,2020-04-28,115.42106112144987,113.50939731995857,114.08650207519531,96.67759790446551,78.88849809089407,61.6624963275147,47.09578547054733,40.588968424220624
AWK,2020-04-29,115.24972606839812,111.57969744084951,113.36511993408203,85.38745620783283,78.89206866502788,61.649988882506555,47.06459268756235,40.564285561736575
AWK,2020-04-30,113.25690421343752,108.29740595912622,109.73115539550781,83.99815845480063,79.12138853519409,61.85956490526109,47.21937462086734,40.68621121151034
AWK,2020-05-01,108.89255389354763,106.90875037583898,107.48585510253906,76.19134035662199,79.21374993209228,61.939523904867265,47.27902191507006,40.73924097664361
AWK,2020-05-04,109.82135243882485,106.67432655388691,109.5237808227539,64.64335311703312,79.32194218276473,62.01271431406112,47.2238996434029,40.775819409808356
AWK,2020-05-05,112.42732201280317,109.28029672652136,111.30016326904297,63.39920649670534,79.40441107286634,62.065311244237364,47.26194423309542,40.80479590483089
AWK,2020-05-06,111.96745732194509,105.9799896627554,106.2054214477539,62.64778042403215,79.9319854238181,62.48424356582153,47.585750016190026,41.079792159678604
AWK,2020-05-07,111.38133414158004,106.75547635533465,107.37767028808594,60.3683879915368,79.97578499307038,62.42282328954285,47.603018132928895,41.07578743506203
AWK,2020-05-08,108.48677605248746,105.97095683005219,106.43083953857422,56.11330736674003,79.98114059612806,62.430348025946216,47.61202408743339,41.08505035909405
AWK,2020-05-11,108.55076524571152,104.68236761274525,108.25180053710938,56.22519182776693,80.04491858990106,62.44818992390264,47.6512120670245,41.05478592528211
AWK,2020-05-12,108.69573185106654,106.04130179118836,106.05941772460938,54.59564574158414,80.0277087931017,62.5323201079523,47.678311411517235,41.05011375904974
AWK,2020-05-13,105.98695270721124,104.26564853126408,105.5521011352539,51.995455334490885,80.02713680479343,62.53464316219374,47.64389848341464,41.04544763717982
AWK,2020-05-14,105.86011535124301,101.91923947395169,105.33466339111328,49.06417720138062,80.02696133538649,62.53217829061152,47.64290279018003,41.04460192621695
AWK,2020-05-15,107.60857380991901,103.78546960464155,106.68450927734375,47.65976935261263,80.07537047106324,62.550436207366054,47.65907513155905,41.05585248371001
AWK,2020-05-18,111.66721620994849,108.42391885823695,110.98775482177734,47.60263313887007,80.53001004901274,62.84532609088702,47.88476166510242,41.236439085079994
AWK,2020-05-19,111.51321974506834,108.81349654829273,108.86785125732422,43.518514182464784,80.59626388509056,62.92047304549203,47.93655055332709,41.27725882268955
AWK,2020-05-20,110.58915379193904,108.88597278181017,109.25740814208984,42.773122439852926,80.45482079832954,62.922148060481845,47.89494643629676,41.27840619114894
AWK,2020-05-21,110.47137988799864,108.7681920132873,109.27552795410156,39.16885699865415,80.45523926701155,62.90618150247368,47.89053397368953,41.26051256946565
AWK,2020-05-22,109.64697424144651,108.07968680123764,109.35707092285156,36.08602098347912,80.04887726710386,62.90618638574842,47.847421654922016,41.25849158496713
AWK,2020-05-26,112.15647026275062,108.87693294134715,109.38426208496094,34.78583669630228,79.77234424746082,62.905738467522,47.84140491515592,41.25743470541394
AWK,2020-05-27,110.7703359655604,106.94723855233028,109.20304870605469,31.329929311526506,78.89041468756157,62.80991466227965,47.73560146673514,41.25650550649897
AWK,2020-05-28,112.87214002539277,110.58915244757543,112.08396911621094,31.09132964912227,79.08141138983719,62.93703688461051,47.81110774990829,41.311807060586894
AWK,2020-05-29,115.41786946040463,111.02401950699185,115.05548858642578,31.734840995847684,78.07623861907878,63.069533780932396,47.90827127779272,41.391559757416594
AWK,2020-06-01,116.82205600268234,113.87772338543452,115.75303649902344,31.768610659964207,78.08397499455715,63.065853359490035,47.91087020041357,41.38529298806714
AWK,2020-06-02,117.85484313964844,115.13699749915345,117.85484313964844,29.828367614594477,78.13961733590403,63.12343769646836,47.9528859822173,41.41315966256302
AWK,2020-06-03,120.09255471381036,117.34753132148082,119.90231323242188,30.049576985043558,78.03731125700244,63.14509753673949,47.99293076617568,41.44562957899688
AWK,2020-06-04,120.12880443392137,116.62277352733147,118.4074935913086,29.86172923373074,78.07058816703183,63.17954575762297,48.012826737958356,41.4046973373299
AWK,2020-06-05,121.63265827141254,118.42560619877624,119.18659973144531,28.83498158612529,77.09498038681704,63.170581179045236,48.01734233665962,41.40345357780184
AWK,2020-06-08,120.38245764991866,117.54683403159088,120.03819274902344,28.873546931518256,74.52339123384334,63.17166703271758,48.017472326192156,41.397446488594944
AWK,2020-06-09,119.24096474537868,117.03044768195441,118.4074935913086,29.20499014572848,72.60398859467834,63.14832204181919,48.045271931634005,41.419647694977
AWK,2020-06-10,120.21033576000572,117.9273411550207,118.73363494873047,29.174629583721845,70.80121508230997,63.11593615191947,48.045171147412994,41.417733823991725
AWK,2020-06-11,118.55242573820675,114.82897670970245,115.50843811035156,30.28474873095362,63.592723433533834,63.22783437445567,48.11028116411032,41.48836598641871
AWK,2020-06-12,117.5740170352701,113.9773997171672,115.31820678710938,28.61878907292308,62.29175024304946,63.136436550233235,48.109790487880595,41.487022427988215
AWK,2020-06-15,118.16286328812339,112.99896620579364,117.0666732788086,28.064183110661272,56.94127133879895,63.17546387139189,48.13929269628968,41.49210531377433
AWK,2020-06-16,120.20124858888084,116.6771092351177,117.46529388427734,27.656297343417407,49.39388800515811,63.15997855396631,48.13267517447977,41.48888924949417
AWK,2020-06-17,118.53432549594179,115.47222135480914,117.64649963378906,27.347210009835322,48.657695656079305,63.15753003645531,48.1328737603049,41.47957015776241
AWK,2020-06-18,117.92731846387163,115.54467631878693,117.02136993408203,23.26422026838968,46.858213509971506,63.159957722831464,48.135936310580675,41.46907612532452
AWK,2020-06-19,118.79704079506695,114.47566223144531,114.47566223144531,24.2521064900521,45.61221794483455,63.2487393305884,48.20302401073238,41.529391367931744
AWK,2020-06-22,115.5990130704714,113.87770974875909,114.90143585205078,24.029715882543506,42.85944230707069,63.2513765153702,48.20187297846663,41.5305422632927
AWK,2020-06-23,116.12449431376892,113.13486783884018,113.4428939819336,24.025653049547177,42.890048188887775,63.27328533020224,48.187350402570125,41.55052690782014
AWK,2020-06-24,113.4247669719832,111.52227621020488,112.70001220703125,23.24386330116706,41.75724221094392,63.27767918190389,48.1799573254729,41.54250925061807
AWK,2020-06-25,112.70001256865075,109.32082108913878,110.72504425048828,23.86403805206637,40.15175101070329,63.331983422735604,48.221200108459776,41.54912205857647
AWK,2020-06-26,113.75089516806062,110.38076553195745,112.41009521484375,24.152315946229884,38.34856029779707,63.35679026053699,48.24521423329012,41.575418531763866
AWK,2020-06-29,113.64219725494,110.96964467530049,113.57878112792969,24.071240353811845,37.464467503922236,63.38013767469419,48.26036246855392,41.5830393599603
AWK,2020-06-30,117.25693487233367,113.66938572283907,116.55936431884766,22.50024439651562,36.92490857586299,63.51768807005086,48.33872357249784,41.660378264386786
AWK,2020-07-01,118.79703404819793,116.36908482225901,118.33499145507812,21.922931306344164,34.247142347928985,63.56273656281518,48.33145813645498,41.66637722097224
AWK,2020-07-02,119.73018405272238,118.31690628610124,118.73363494873047,21.9223591285461,33.73374015708005,63.55840843164561,48.3229558915237,41.65700934454134
AWK,2020-07-06,121.3246285035616,118.09039935913978,118.71549224853516,21.92584578190136,31.624072581756213,63.55810758584034,48.31715642317817,41.65466760288747
AWK,2020-07-07,119.15941948107086,117.21163550045358,118.05416107177734,22.052878602462467,29.953105346073762,63.561895698198335,48.31717956825499,41.659090480862055
AWK,2020-07-08,119.75734002490138,117.78236501426818,119.3677749633789,22.177247325221476,29.146421828457164,63.56984327089316,48.33355983308111,41.67220426180675
AWK,2020-07-09,119.30437082204668,116.64993429188526,118.39842224121094,22.372602598963052,27.410362877219757,63.51947071751803,48.344093285643126,41.68002828703895
AWK,2020-07-10,120.86260526438815,118.44372417682598,120.844482421875,21.919810619937614,26.843293941977088,63.607245704976066,48.402033217940435,41.71329753150807
AWK,2020-07-13,121.76854977201388,119.73922001267823,120.46398162841797,20.787959919200922,26.67081025983015,63.60612035691844,48.40142158379716,41.707735207285076
AWK,2020-07-14,122.51141568678392,120.35526758820353,122.15809631347656,21.0623428999749,26.808016771666676,63.62700456016188,48.426593622926,41.72449963712758
AWK,2020-07-15,123.07312518758633,120.85354001629595,121.45146942138672,20.595941634195274,25.41324929860575,63.63073612196789,48.41661851231956,41.72873172321771
AWK,2020-07-16,125.3742231159354,120.99848982676882,125.3108139038086,21.918710577653993,26.07919290738937,63.81026655165278,48.52492538470847,41.84050210801701
AWK,2020-07-17,128.2189064341862,125.40140568728971,127.93806457519531,22.191083014146834,26.119064436233412,63.75869020554897,48.58176469841401,41.87824645500138
AWK,2020-07-20,129.40569330536414,125.91779952733143,126.57008361816406,22.486514078089076,25.636312137300997,63.784159874409276,48.585437991799004,41.84453430615523
AWK,2020-07-21,128.52694707059024,126.21678877512527,127.90184020996094,22.573451173466196,25.69509769540048,63.4644999774633,48.55195769892661,41.85540555379159
AWK,2020-07-22,130.89143357231185,127.0230434846521,130.26632690429688,22.53296856574187,25.898637771295967,63.289511276513736,48.59256129549993,41.884870294730035
AWK,2020-07-23,132.09638009559828,130.37508306431303,131.26290893554688,22.569061660985657,25.90998667838332,62.68345742286563,48.51867970133425,41.8871106141612
AWK,2020-07-24,132.24131123422663,129.73182987469173,130.9276885986328,20.680962363202163,25.867391560787205,62.68373752829539,48.52054049483653,41.88798846573382
AWK,2020-07-27,132.18696997448586,130.184817388664,130.7555694580078,20.673040780986305,24.83446795900079,61.82627918953039,48.50265980510272,41.87721836103345
AWK,2020-07-28,132.51310673634524,130.3478901166045,131.68869018554688,20.437348236493737,24.355097765974364,61.82490476667567,48.3786397193037,41.88162594513194
AWK,2020-07-29,134.22535971437782,132.1960296951385,134.07135009765625,20.83509590838938,24.33273085441322,61.861626610682386,48.394861996898456,41.91495834552699
AWK,2020-07-30,134.06227098237028,132.1326098497181,132.83924865722656,21.19476964164546,24.320779342289278,61.719974989316285,48.40304973047713,41.925780130942066
AWK,2020-07-31,134.54243491071747,131.80647982128187,133.4190673828125,21.00750646741336,21.99485323613783,61.72076661199733,48.40284010244959,41.88692336792364
AWK,2020-08-03,133.50961682828768,131.7248973002848,133.22877502441406,19.560320091929754,21.968912613894762,60.94558324864785,48.38308415127506,41.887400305018815
AWK,2020-08-04,133.7995586031006,132.22320297236192,133.62742614746094,19.565775102785462,21.815735258162178,58.975164359768286,48.37729066326603,41.851484284163654
AWK,2020-08-05,134.27972660520143,131.95143165156966,133.4009552001953,18.943128664281343,21.66921129277869,57.5081866502606,48.37798270962154,41.81960085070004
AWK,2020-08-06,134.04415663497198,131.3715972918308,133.1472625732422,18.733978100339428,21.12024185061479,56.1285562214488,48.378545768633025,41.813290139497084
AWK,2020-08-07,135.92854407177273,132.35004928179643,135.70205688476562,17.7724292018658,21.269709415635035,50.7082685950385,48.42334531503276,41.836973692675485
AWK,2020-08-10,136.3180892044994,134.4790146219497,135.08599853515625,17.885083963683705,21.307013049906338,49.68300007673324,48.41149741888745,41.83173290564111
AWK,2020-08-11,135.03141396006723,128.85725642332733,129.5028533935547,22.656925357321995,23.24797498892747,46.11314892280867,48.665164302619814,42.024760593568786
AWK,2020-08-12,133.74027730439437,129.8484618537586,132.6400146484375,22.501049841368896,22.411679992954184,40.746934596198635,48.73847047548494,42.08437391164172
AWK,2020-08-13,133.82205156862366,131.20325584435392,133.22190856933594,22.26673401191717,21.927472195841112,40.228577645788356,48.739763250325566,42.08163213725061
AWK,2020-08-14,133.37653883669208,131.65795696062145,132.13079833984375,22.544773157244514,22.05559244728986,38.93073119593996,48.72739813823384,42.00981148665254
AWK,2020-08-17,134.6858895214552,131.93070389971894,133.2673797607422,22.56147464878799,22.07392291119911,37.84496993834106,48.735333753817166,42.01616313700997
AWK,2020-08-18,133.84933904865883,132.11256776432418,132.7581787109375,22.503228208459415,22.116463767944555,35.93154853273827,48.73747817877761,42.01784214017835
AWK,2020-08-19,133.84936375520473,130.56678023027874,130.86685180664062,23.0012515825802,22.401062414831124,35.989623048606504,48.76452472825875,42.04316851570758
AWK,2020-08-20,132.13076395568254,130.18485686759712,131.19418334960938,22.755624758662417,22.38042419457951,35.21754512895832,48.75905889542116,42.042573958609836
AWK,2020-08-21,131.65790548055745,129.67563265118366,130.61221313476562,22.27563714518773,21.910464108672844,33.91401107929057,48.74981486396878,42.04316286382376
AWK,2020-08-24,131.23058556063802,129.32104414808694,130.8304901123047,22.211320064381077,21.350698583753545,32.51529332066631,48.74415539067199,42.01296705019281
AWK,2020-08-25,130.9214057516033,129.4392517074991,130.51222229003906,21.999435681331388,21.355217647416264,31.900780723905875,48.73930568359854,41.98715986748551
AWK,2020-08-26,130.00297505027137,128.0116004239911,128.12071228027344,22.6973368420298,21.496742856881134,31.44277997712533,48.7926944949028,42.03004005145036
AWK,2020-08-27,129.81202567935296,127.63879316267739,128.548095703125,20.916264727840133,21.246827109058096,29.51652715948971,48.793044829556884,42.02519568897587
AWK,2020-08-28,128.33896763478046,126.25667079827915,128.0207061767578,20.08558528477073,21.08413139666674,29.170970725351005,48.772965678432,42.022990693483145
AWK,2020-08-31,129.7392904209481,128.09345490812177,128.5208282470703,19.85026881249979,21.06284195871434,27.74141139117061,48.70666918053615,42.02343451648421
AWK,2020-09-01,129.12097279598564,126.84771623267602,127.45694732666016,19.777756099604744,21.116736314432863,26.66768315052478,48.714896285595586,41.999843335689235
AWK,2020-09-02,131.78525916162695,127.07507692377717,131.0760040283203,20.73755842116774,21.60124874563389,26.400461602875346,48.79510603433023,42.08581513859036
AWK,2020-09-03,133.03096110041957,128.48444851240015,129.5574188232422,20.890551311793484,21.77217644035279,25.3548302579928,48.81809247080382,42.06520621487855
AWK,2020-09-04,130.94865578597748,128.78452514270015,130.18484497070312,20.93506053756022,20.92523323820431,24.76142572441014,48.819788354546354,42.06130113748278
AWK,2020-09-08,130.22121803560282,127.42965268125752,128.0025177001953,21.488203339330173,21.26942803033324,24.814997174755536,48.864676446120555,42.0073786318952
AWK,2020-09-09,131.9580024510085,129.1391724258545,130.21214294433594,21.9942346179476,21.328799241829586,24.945391231387504,48.893832788102074,42.01863642388954
AWK,2020-09-10,130.41216379201197,127.94796176979268,128.0025177001953,21.803974086003016,21.67358225116457,24.198348284215125,48.92052673234401,42.05561008834838
AWK,2020-09-11,128.91182809744507,127.5569622851406,128.30259704589844,21.70716014524644,21.674375472146863,24.152641901430023,48.92068501601105,42.05445115992104
AWK,2020-09-14,130.77591984631033,128.4390052675286,129.92117309570312,22.015045427412797,21.745030195552708,24.045334747437717,48.939880968770275,42.06808011934494
AWK,2020-09-15,131.7033854538731,129.89388215703568,130.56675720214844,22.079055192486262,21.18264110729077,23.670173261958922,48.9332648760376,42.06933285182629
AWK,2020-09-16,132.3126167261408,129.6574547911952,129.82113647460938,22.097966625611384,21.2419548133142,23.697124008712454,48.93959806301717,42.07040811544488
AWK,2020-09-17,130.00298024942174,127.03865907807908,128.22984313964844,22.34232638173361,21.228988190179706,23.785817873731084,48.96374836855019,42.08976036432499
AWK,2020-09-18,128.97546462867402,125.48374632185717,125.73834991455078,22.96414132392081,21.620020297490942,24.001215777643953,48.9501995254313,42.13355522919755
AWK,2020-09-21,127.37511714885314,124.58355134746328,127.04776763916016,22.409926394520422,21.30092457056031,24.01808150677516,48.958657782908624,42.14383944771073
AWK,2020-09-22,128.63904351455255,126.31123101370062,127.45694732666016,22.452039942638823,21.13419931189221,23.403186148169315,48.95832647915198,42.14384271034908
AWK,2020-09-23,128.40261998684207,125.52011867559052,125.52922058105469,19.402052843904478,21.356854211994815,23.28775871467117,48.988385055895165,42.13495990725577
AWK,2020-09-24,129.07552128620486,125.9475176377636,127.90252685546875,18.87114262479685,21.057628419920768,23.286770589160437,49.032654109172476,42.17350551839672
AWK,2020-09-25,131.27602924279432,126.88409544033345,131.1487274169922,20.301741598037257,21.42676389075615,23.472226451211988,49.09338053810476,42.242947652312
AWK,2020-09-28,132.8127700712865,130.62134690548586,131.43972778320312,20.18275113922585,21.42428185494633,22.146644630732432,49.09268135828348,42.23603799622765
AWK,2020-09-29,131.93984132204653,129.9211880038285,130.66680908203125,20.07351164909795,21.47772293976064,22.137094110761364,49.088680710216344,42.24107548736007
AWK,2020-09-30,133.01281021858748,131.06690281457753,131.7397918701172,20.209829905719545,21.466291795363563,22.090277583649076,49.09147613040637,42.2462029329024
AWK,2020-10-01,135.35878442021982,132.24897122010069,135.0950927734375,21.041720838446494,21.91455184788492,22.267675654321696,49.13195204531656,42.311892341411664
AWK,2020-10-02,136.36809756487074,133.54925425397562,135.44970703125,21.042483812846683,21.811005267330252,21.968831332927287,49.11062713526699,42.31048508434883
AWK,2020-10-05,138.35951404813792,135.1132964703304,138.11399841308594,21.63232781525184,21.77729989501211,22.102713815145762,49.13382192139649,42.322880643032015
AWK,2020-10-06,139.79617404539377,137.18646638508056,138.6595458984375,21.64060154687662,21.750965248725198,22.09041067440152,49.076553756027316,42.3109270505468
AWK,2020-10-07,141.36020180180276,139.0414771753774,140.49635314941406,21.837898301237573,21.73320629644884,22.095420794147746,49.09418938292949,42.323795754903216
AWK,2020-10-08,142.20583052272755,140.10534377416735,141.71481323242188,20.974634618772136,21.703836408089213,21.316442216392854,49.092864559640724,42.32497398926686
AWK,2020-10-09,143.00604541316318,140.58729680142042,141.6239013671875,21.00671489740762,20.870181300947706,21.036305968283003,49.092076668134446,42.325241024187804
AWK,2020-10-12,145.48842194135122,142.114903052649,143.96080017089844,21.22221491528848,20.721153801237616,21.148626893477466,49.12312964883102,42.33641235213093
AWK,2020-10-13,142.16945049487668,140.48723533093965,141.92393493652344,21.865271120867384,20.825041827536758,21.316750457905695,49.15453275625852,42.32980959781515
AWK,2020-10-14,143.11514815403822,140.5236299678365,141.6329803466797,21.650423485296255,20.763238052034914,21.32761785906657,49.15559667324547,42.32191765648428
AWK,2020-10-15,142.9150916876539,139.6234206301433,141.72390747070312,20.37650121354728,20.472951520218857,21.32661224655294,49.152641476115974,42.317967326968855
AWK,2020-10-16,142.44226350997147,141.39657094680337,141.59661865234375,19.956719626008823,20.43688489423174,21.32310179098121,49.14950639657275,42.314899554321315
AWK,2020-10-19,143.25153136219282,140.01441619367824,140.5054473876953,20.185504917719353,20.505677324142628,21.050297171304415,49.15954958938477,42.32382155295939
AWK,2020-10-20,141.20558089168557,138.76865682104136,139.25967407226562,19.64157964211053,20.603847807332258,20.77084582812049,49.148190043064574,42.33498005597487
AWK,2020-10-21,140.11444352013908,138.07761444207372,138.4413299560547,19.31470205450803,20.61282723306945,20.796786757183742,49.15438818211209,42.34051884552424
AWK,2020-10-22,139.99623998826962,138.52316028257567,139.677978515625,18.527907407941786,20.374457304802075,20.666039591678526,49.163033182749125,42.345435282212506
AWK,2020-10-23,140.65090459815016,139.11419502193098,140.10533142089844,18.527160320324953,20.274425684763617,20.516965675383847,49.16038089609632,42.34544754707319
AWK,2020-10-26,140.96010686717628,138.21400885883654,140.0417022705078,18.323503886514523,20.263246404065534,20.394833374678946,49.15723318745543,42.33171587278275
AWK,2020-10-27,142.0148998708532,139.7325549145138,140.5963897705078,18.314118808632944,20.267902714974603,20.383154726370055,49.15867188054849,42.309688529241036
AWK,2020-10-28,141.4874832102773,138.67772776840462,139.123291015625,18.552375207623317,20.397328685980998,20.45512027544612,49.17637568546505,42.32556287567614
AWK,2020-10-29,139.99624464505152,136.53178983066326,138.3594970703125,18.18608892609816,20.43112420853324,20.341835751520527,49.17150273733499,42.31760673378219
AWK,2020-10-30,138.52315630094017,135.69522462836602,136.859130859375,17.42268078874436,20.561216218456128,20.4366999968717,49.15082183976895,42.296085116458514
AWK,2020-11-02,141.00555626854745,137.88664123678114,140.30538940429688,18.445426268224548,20.820598873283068,20.23876197008569,49.23534130488679,42.361295031303186
AWK,2020-11-03,144.95191167991217,141.38744762297145,142.85142517089844,18.92921465570007,21.094903059662293,20.38943045883053,49.27497870265909,42.32960308753965
AWK,2020-11-04,145.9976466324961,141.1692512727112,141.3147430419922,18.582729445624924,19.253495175598257,20.38605169188086,49.27712765281639,42.346393868974815
AWK,2020-11-05,148.07080924560674,141.39653251965987,143.86074829101562,18.523969376559247,18.988784278934588,20.542013426186873,49.31779205392902,42.36450343066293
AWK,2020-11-06,147.25247838622863,143.48796584175227,146.5159454345703,17.947049390045734,19.294950769994077,20.703332420672798,49.34690480517262,42.29308387296676
AWK,2020-11-09,157.44667780004372,147.74768048040843,148.11265563964844,18.059026435764082,19.276516141678414,20.712875514238654,49.25961529330725,42.284097296751014
AWK,2020-11-10,150.17471258020691,147.4739660227207,149.18930053710938,17.834600308780395,19.258892970664338,20.35485885184508,49.26449992409084,42.28139419629146
AWK,2020-11-11,151.18748471105926,148.88819011581856,149.97396850585938,17.80110907140891,19.23376545032587,20.358353923978946,49.01787420782106,42.281833438203634
AWK,2020-11-12,150.28423375093868,146.08710932414277,147.27325439453125,17.824347152644595,19.388178499097734,20.480196164916194,48.904602440548146,42.31038910687795
AWK,2020-11-13,148.63276215842873,146.57070421736242,147.18202209472656,17.853115190941892,19.39506823621404,20.434035968448413,48.466992700457446,42.30580407200619
AWK,2020-11-16,151.1236389548634,146.90826275825702,151.05064392089844,18.466831879155585,19.96103455059286,20.50159657524752,48.55378444829338,42.37705825878787
AWK,2020-11-17,150.14732342645024,144.96480209682557,145.33888244628906,22.036338921906985,21.655511481016216,21.44949380539601,48.178543449075974,42.56417311661849
AWK,2020-11-18,146.63456643162124,142.3097041247513,142.51043701171875,22.58180957871256,22.08102227442851,21.699848500214785,48.230962623121634,42.61454508426634
AWK,2020-11-19,143.43196218333009,141.0049294092976,142.9301300048828,22.462984670517226,21.686891278958743,21.36683522810578,48.21396995648809,42.600946091882065
AWK,2020-11-20,146.08708835070615,142.13632101799334,143.8972930908203,22.538380696076153,21.708297677589957,21.277516188904855,48.10350269305263,42.589371423862204
AWK,2020-11-23,144.2896376951841,141.2056634835281,141.62538146972656,22.50936044173873,21.98049555982266,21.46430614782432,48.14297979176363,42.62206823838125
AWK,2020-11-24,143.13998954098952,139.49032138479808,139.78228759765625,22.450885394794142,22.182432596076822,21.591733598257935,47.62430189458188,42.64559047190265
AWK,2020-11-25,141.39725818088226,137.8753281390612,139.71841430664062,22.446103993644005,22.093771793988502,21.563410278412825,46.24789106896562,42.625056433800175
AWK,2020-11-27,140.6856024137475,138.42281178278594,140.26588439941406,22.479936673845703,21.40191415277646,21.514035191596044,45.19933812114321,42.6259413883339
AWK,2020-11-30,141.25128291697686,138.8151310359799,139.946533203125,22.486454088065923,21.248454786051322,21.466306723798617,44.242595355638905,42.62616147956681
AWK,2020-12-01,142.71113471875069,140.54869713719103,140.7859344482422,22.448478899173402,21.257945786820763,21.266094975372212,40.38969386993206,42.62315745074695
AWK,2020-12-02,141.75315709799605,139.33525673985167,141.2695770263672,22.30427570726264,20.919728831429357,21.254884096785926,39.68033744559838,42.6191103465635
AWK,2020-12-03,141.84434828818934,138.61438441771773,139.12533569335938,22.70053543560399,20.95037180294846,21.32874985946345,36.92803134039097,42.639257115941035
AWK,2020-12-04,139.49033209591093,134.94648486842897,135.85890197753906,23.565565532589243,21.239365411590896,21.668729654863874,33.36331879369486,42.70583133359683
AWK,2020-12-07,137.91185027711646,135.55782621996073,137.15455627441406,23.73325037847403,21.30919059152098,21.166961139653644,33.05197829278661,42.70949949736874
AWK,2020-12-08,137.09063985969476,135.60339585064855,136.26947021484375,23.791682314513373,21.229876829197075,20.957368652431423,32.12216936926786,42.71513677328442
AWK,2020-12-09,136.94464838990137,134.8460867475279,135.46653747558594,23.788214307537647,21.255680416004225,20.90447817206139,31.37012122471597,42.720064122159854
AWK,2020-12-10,135.63081326748403,133.70561238939885,135.10162353515625,23.630074994073308,21.226125080577408,20.851974402078678,30.058770617901487,42.702376740010436
AWK,2020-12-11,135.7858953158077,133.88806641520182,135.29318237304688,23.59997467727573,21.052840397036373,20.657038654954206,30.03122936677829,42.647771561659084
AWK,2020-12-14,138.07611561002867,135.45748233965176,135.5395965576172,23.41151970312825,20.614457624060016,20.625768220186057,29.508712193882296,42.64425357364647
AWK,2020-12-15,139.91918425236827,135.77680233635158,139.59071350097656,23.873034698904856,21.333500643421054,21.131746408153376,28.85154555327789,42.719208214425485
AWK,2020-12-16,141.20567559672762,137.0997983497676,137.20016479492188,23.72979007833288,21.67645639670967,21.320354980362787,28.055977913532825,42.75815613370752
AWK,2020-12-17,139.78229744229574,137.50125468402598,138.55966186523438,23.76936842642133,21.471379654023753,21.34656532357031,27.660115931836053,42.76712024955755
AWK,2020-12-18,139.19835878515818,136.59797824971474,137.08155822753906,23.2732822024018,21.318381809925864,21.235634575712243,27.3097883203762,42.782252087244416
AWK,2020-12-21,136.30596696401884,134.15266241522764,136.0504913330078,22.547190913988004,20.797554588941438,21.218240743589355,26.096018640536016,42.783410073349934
AWK,2020-12-22,136.26036098979185,134.49940273909925,135.09246826171875,22.223649385083867,20.85389565783243,21.239296072282283,25.896902869400535,42.77457934757707
AWK,2020-12-23,137.46474481767953,134.44464685750893,134.4993896484375,22.00944503345181,20.836652215419686,21.250063958538526,25.006835991607616,42.777667027385334
AWK,2020-12-24,136.07789611816406,134.50853747265103,136.07789611816406,22.306755038740615,20.903872555485542,21.324685350757942,24.35718535330011,42.79121818649555
AWK,2020-12-28,137.78410069847257,135.94102818808338,136.543212890625,21.925285187387654,20.276075337838687,21.328658453003875,23.98812673630882,42.784535365416126
AWK,2020-12-29,138.57789813076593,136.80780692681802,137.5286102294922,22.100320852608274,20.32117187670652,21.354315646986215,23.31439790394488,42.7892450582383
AWK,2020-12-30,138.41365688548143,137.0997741705921,137.4373779296875,20.43184549875852,19.92261456431846,21.1435299529418,22.95686084043727,42.78878996419352
AWK,2020-12-31,140.1472746861854,137.05418121764168,140.02865600585938,18.452251778757564,20.275530876151112,21.333428879000678,22.987552943228675,42.76489202380262
AWK,2021-01-04,140.32062798629943,135.60343297085598,137.08155822753906,18.597940717004864,20.558773480302886,20.51312972899287,23.13420442622995,42.819413712437836
AWK,2021-01-05,138.24028436362946,135.85887561407026,137.85707092285156,18.667725340244967,20.511615534926307,20.18562589439358,22.5985369475986,42.82106443696559
AWK,2021-01-06,140.26590689750626,137.37354574231176,139.01589965820312,18.733762071517095,20.591211516833464,20.21565949215237,22.58818736827461,42.82137330820353
AWK,2021-01-07,141.05053773228303,138.495767401354,138.80599975585938,18.205023536851446,20.2966653815482,20.170584914623323,22.48530040295718,42.82100122103886
AWK,2021-01-08,143.58708909634208,138.23120463273102,143.2312469482422,20.038641926984642,21.124284225055618,20.7207700168398,22.549015706379226,42.91066015899777
AWK,2021-01-11,143.75130810063058,140.74944822862915,142.92100524902344,20.0541953228707,21.124815657667607,20.7131678211678,22.5523034373316,42.91115642321108
AWK,2021-01-12,145.17470204064966,140.90458228172284,142.54693603515625,20.054240200190492,21.13215738951237,20.578967263685144,22.55046342727722,42.904104724878046
AWK,2021-01-13,147.08164814213515,142.54693359717058,145.7039031982422,20.96337302030294,21.597920028963664,20.847267334569093,22.67529368856281,42.95137036377943
AWK,2021-01-14,145.69476515393632,143.49585038345288,144.1619110107422,21.19607247097485,21.653200545685905,20.9119065044275,22.701521253617262,42.93184997819118
AWK,2021-01-15,146.26048111674766,143.24950154813845,145.7312774658203,21.383740675153266,21.667523056535718,20.96996441456426,22.36708498304075,42.92560575903099
AWK,2021-01-19,146.82611514052982,143.8881318235822,145.3206329345703,20.855005276654634,21.63637281026018,20.971701229285472,22.216301711259504,42.905734085492085
AWK,2021-01-20,149.51775001223766,144.6910708318496,149.0889129638672,20.57467002998669,22.16742608660359,21.092198483074764,22.304680902905044,42.92946316730239
AWK,2021-01-21,149.6273021009762,145.88638600049987,146.80792236328125,21.160263188645605,22.41921178664276,21.260443572692925,22.330323536119696,42.95693260685726
AWK,2021-01-22,147.55607211272266,145.09254910139614,146.8170166015625,21.009896455172626,22.418248686919664,21.243581137043783,21.57617124058247,42.948665667759876
AWK,2021-01-25,149.23493099901083,145.89548124281146,147.09075927734375,20.86026472342903,22.409733059464855,21.239869632106714,21.548522045493502,42.94784941753089
AWK,2021-01-26,146.73493657717373,144.74585989859844,145.357177734375,21.2334035017573,22.43981055565409,21.288293311473076,21.572209097441952,42.96383851156473
AWK,2021-01-27,144.98306581145258,141.78960608941722,142.99400329589844,21.923949429271833,22.678652020053526,21.036733337404456,21.601627514741175,42.996498734344854
AWK,2021-01-28,148.37724673771072,143.07610624342072,145.79510498046875,22.50648096460712,22.874502438676718,21.143460951189503,21.544725151169555,43.037315748892354
AWK,2021-01-29,146.72579560066612,142.37356201742517,145.0925750732422,21.077957998986708,22.357762524946423,21.156623835625233,21.54487760831346,43.038311194625294
AWK,2021-02-01,149.24406925870207,145.667382034227,147.3736114501953,20.712422512295056,22.283598632712273,21.082192146744806,21.601947241980408,43.06142817912526
AWK,2021-02-02,151.53424227969188,147.3371178114053,149.01597595214844,20.75375372246678,22.25972998696325,20.989342209309093,21.591135470301847,43.073564135435674
AWK,2021-02-03,150.42106812540882,147.7111885045308,149.73675537109375,20.3836222931547,21.993982057205315,20.786045495406015,21.12370976868841,43.05516886977194
AWK,2021-02-04,151.02328879488462,148.73311286492282,149.6546630859375,20.170306095714654,21.686018300086403,20.78837139526084,20.977948171758626,43.05530469184969
AWK,2021-02-05,151.54054072715667,148.99548834183537,151.06448364257812,20.007002674491957,21.65786744618865,20.751841023255725,20.99621061370716,43.06314956786445
AWK,2021-02-08,151.25677617597415,147.49412372584715,148.51031494140625,20.774819807062027,21.897601160201514,20.951882661316752,21.113589044491594,43.09760225234434
AWK,2021-02-09,149.82857496417023,147.9243607194168,149.62716674804688,20.66367762860449,21.92574179101466,20.944313962551075,21.12436426821186,43.100090118908426
AWK,2021-02-10,151.19267091560852,149.78282709648937,150.88140869140625,20.71826428360308,21.660949679560552,20.85574931760051,21.138035623189825,43.10667457701477
AWK,2021-02-11,151.67787478277862,149.90184179163148,150.89971923828125,20.705051245069146,21.659987126907083,20.577384789042334,21.135001428204315,43.10634860884562
AWK,2021-02-12,151.84264865744578,146.73423038647744,148.0250701904297,21.67464415887501,21.3624912439398,20.799969173282484,21.08271118625068,43.144750968238725
AWK,2021-02-16,149.4440835839614,146.64268199206975,147.91522216796875,21.137111589653113,19.823894058975604,20.801285746894827,20.879741658143526,43.11339905597014
AWK,2021-02-17,148.28143312709517,146.53284957359094,147.19200134277344,20.089201561904833,19.416283641892193,20.653867163500962,20.885599246970077,43.11683990585303
AWK,2021-02-18,147.61311043795337,146.18493916251444,146.61521911621094,20.145202461134286,19.430995483677673,20.48781324814843,20.80031024189929,43.116729481051664
AWK,2021-02-19,147.07298071680282,143.23710192735336,143.42019653320312,21.21544118725828,19.920059757294435,20.465249658042335,20.893326740597622,43.16292152811755
AWK,2021-02-22,143.3652623466461,138.07374887882773,138.98007202148438,23.20882709710698,20.687861263201658,21.09787118054761,21.183489568755192,43.28059556666087
AWK,2021-02-23,140.76528053212976,137.89981563079792,140.2068328857422,21.411712059895354,20.596209574252562,21.112288166507128,21.193530189146824,43.27808520118668
AWK,2021-02-24,140.37159670516118,137.15824297486,137.26809692382812,22.218148848683487,21.05098292772333,21.3607558172943,21.34070289690751,43.25406073146824
AWK,2021-02-25,137.20403385472187,132.77308007453777,133.33152770996094,23.630482622548143,21.841370898850077,21.496935768420133,21.564228529142852,43.355359160826154
AWK,2021-02-26,134.9061780838253,129.79775844748977,129.88931274414062,23.470288637938985,22.448053471145844,21.885028672643315,21.794777115750367,43.244545692319385
AWK,2021-03-01,133.46881403896916,131.36320558044375,131.83924865722656,23.987947340595074,22.644239208349855,21.790935843762473,21.60380058519073,43.13919278161685
AWK,2021-03-02,132.24207447273454,127.5181589103912,127.83858489990234,24.92328118785993,23.426072980167255,22.30447755919545,21.92238294829077,42.88827098988717
AWK,2021-03-03,127.66461997409795,119.93790984256238,120.96326446533203,28.952654748172257,25.738941362215524,23.808574542930046,22.82922643586352,43.244991415641785
AWK,2021-03-04,127.02383353415348,121.34781637908483,123.56329345703125,28.56478389200423,25.791964324929655,24.02882641606925,22.962176797938753,42.797765861665255
AWK,2021-03-05,124.98228816599654,121.18300876441702,124.515380859375,28.705205499681608,25.76133462141507,24.071486839125576,22.9783822134139,42.79948387887771
AWK,2021-03-08,126.236513516772,122.41893405090033,122.5562515258789,28.808323379547808,25.908380398334003,24.013416168554045,23.048472334890647,42.81233848775244
AWK,2021-03-09,125.84282869119221,123.15129511404267,125.26606750488281,29.848862072863287,26.340592304497285,24.21317886785955,23.036659062235458,42.7809783569777
AWK,2021-03-10,126.01679985100846,124.15836206523694,124.85414123535156,29.789882959506265,26.342222746724058,24.215030093898136,23.037822220946047,42.78063127646263
AWK,2021-03-11,126.71254718962209,124.57031116228731,125.45832061767578,29.723747164083207,26.366589572021297,24.232511536892876,22.989535652093988,42.354305571783954
AWK,2021-03-12,127.74708139465672,124.92739303094251,127.37174224853516,29.452049206967896,26.573405559787194,24.371204587066202,23.038181551498877,41.29546074463695
AWK,2021-03-15,129.11114769497127,127.00552452057768,128.45199584960938,29.689604735962703,25.883839595320328,24.393713822999725,22.952300179769512,40.45091511437431
AWK,2021-03-16,130.61254407898036,128.62593873006148,129.23016357421875,29.265810201968804,25.71303335530449,24.384184743037885,22.897908680565568,39.705302860472486
AWK,2021-03-17,128.97383960867467,127.00553377151859,127.6006088256836,28.984105631595675,25.72163037661325,24.444486874671476,22.924575058522613,36.65279429608248
AWK,2021-03-18,127.71957120322205,125.78789330340366,127.25267791748047,28.840017851996702,25.64956390097837,24.39657201483716,22.729972558498062,36.107627724359226
AWK,2021-03-19,127.74702340757648,125.33013878630624,126.66675567626953,28.80434526597364,25.625766587705222,24.39505207912131,22.670994960311774,33.95290456642029
AWK,2021-03-22,128.26891625649446,126.57525929459223,128.2139892578125,28.93973576403235,25.73974812744083,24.484108970206634,22.711021787038945,31.16135066089884
AWK,2021-03-23,132.29702890053056,127.93931556045116,131.9674530029297,30.366127554562127,26.437782229849788,24.924442930275646,22.958597810226454,31.047680059307936
AWK,2021-03-24,133.2399552469435,130.25547302739204,132.6632080078125,30.29989731121426,26.3461558559371,24.890831012800227,22.953396774224462,30.316101070673867
AWK,2021-03-25,134.82375161838658,132.37940341774797,132.93785095214844,30.131524849384355,26.33922755943738,24.880908419902937,22.92057197657351,29.726411850645423
AWK,2021-03-26,134.09134269060263,130.34700531109365,133.9540252685547,30.30313664844427,26.34462223983472,24.85556608095815,22.91174232284918,28.735752167449725
AWK,2021-03-29,136.21531762438403,133.34985253912473,135.40969848632812,30.239075347213245,26.4451577743228,24.593205359102882,22.82289296710492,28.731056543644485
AWK,2021-03-30,135.73922905586983,133.6152930167588,134.43923950195312,30.2555821287541,26.18454058952725,24.43959309246226,22.837324159142135,28.348025325050852
AWK,2021-03-31,137.80826455394197,134.66815067687233,137.24981689453125,31.028661057809074,26.187204567952634,24.615724317027706,22.906450869699903,27.797069604108053
AWK,2021-04-01,138.99841403771995,136.94771781674484,137.8632049560547,31.086327213095178,26.17748539655471,24.455659250978425,22.897956783694916,27.157046838175138
AWK,2021-04-05,139.49275026571388,137.5519222882704,139.18148803710938,30.66614849401588,26.19418361141313,24.324087170608603,22.632038884103284,26.859614535577208
AWK,2021-04-06,140.2434376405183,138.13781501879677,139.8863983154297,29.31168971767496,26.212325891758443,24.272630445714,22.511018517256318,26.58290867108025
AWK,2021-04-07,140.85681167225243,139.02583791541525,140.00540161132812,29.20005514599354,25.391401695274023,24.241438345976345,22.47124052086856,25.674742885598967
AWK,2021-04-08,140.78357298994032,138.4033014854912,138.87020874023438,28.61865331747658,25.43883438854102,24.251915010669343,22.4636143117393,25.536152671194678
AWK,2021-04-09,139.74909227962098,138.20193090275845,138.86106872558594,27.22249271993999,25.435036116901543,24.090982654575196,22.362922494778484,24.884691137314512
AWK,2021-04-12,140.42654336309167,138.56810596337687,139.3828887939453,25.94621906816892,25.02269948498,24.10082534803675,22.349903086778877,24.395987208607917
AWK,2021-04-13,142.6694552191034,138.49483777317863,142.2758026123047,26.23328518155657,25.310115455575037,23.96455320751859,22.47461993847851,24.215565435543734
AWK,2021-04-14,143.90542137641197,140.93923810448624,143.85049438476562,24.344928060709552,25.313493314983482,23.24750049906604,22.50817047787713,23.753806057421034
AWK,2021-04-15,145.84621026436142,143.8687552828564,145.70889282226562,16.775776687901068,25.447700667136154,23.12380783431379,22.541904418779115,23.53507696978195
AWK,2021-04-16,146.77090767900046,145.39767694384167,146.58779907226562,16.15676248661961,24.918651658878133,23.13814660585023,22.456568398630484,23.494470803187525
AWK,2021-04-19,146.99058396121941,144.6286259297406,145.30609130859375,16.67722280161866,24.783237975513043,23.15853395359219,22.453885119601793,23.51208734212991
AWK,2021-04-20,148.67509312005717,145.43427507054636,147.67721557617188,15.728982006406882,25.00900268728563,23.154232021916812,22.526017138409568,23.18354681951672
AWK,2021-04-21,148.76661715300187,146.32226887362523,147.3933868408203,15.173069416640233,25.00962558530767,23.055911069883003,22.526711669095942,23.167048141245978
AWK,2021-04-22,148.6567720983398,146.90818871019357,147.78704833984375,14.972548133378993,24.89154506100197,23.057840188750774,22.52625757047279,23.09412239996633
AWK,2021-04-23,148.1715347900856,145.82787699626815,145.8919677734375,15.90717847429709,24.801950566449175,23.150014755276366,22.581042420982257,22.984117871619514
AWK,2021-04-26,146.18493547614696,143.21876698240746,144.38143920898438,16.216698848351445,24.57453998271744,23.209784721144146,22.616163189229525,23.01198005556567
AWK,2021-04-27,144.72019772861924,141.48852948846067,141.99205017089844,17.245376441517244,24.78994064645428,23.34740957455124,22.59819637704642,23.07428263744149
AWK,2021-04-28,142.3490369954598,140.5546768541844,141.2962188720703,17.387962392676506,24.58146989699831,23.354549359066706,22.599321193093115,23.07559936664776
AWK,2021-04-29,143.44763221241035,140.99412026822398,141.38778686523438,16.76222190347902,24.460527756397045,23.22552209443186,22.027457718014787,23.064310829319673
AWK,2021-04-30,142.83427196150964,141.1040022561153,142.8068084716797,16.76195597562084,24.534661957848396,22.9570980361768,21.87975006450779,22.836049133214765
AWK,2021-05-03,143.55750095602306,141.662450305309,142.35821533203125,16.702845651319596,24.53934625720802,22.918711784540395,21.878654967984957,22.73572342294495
AWK,2021-05-04,143.48425796124653,140.35329443877566,142.16595458984375,16.581194533916896,24.447025937924096,22.894172670595168,21.855756949457668,22.66769145207847
AWK,2021-05-05,142.03779986723336,138.40331542609874,140.1244354248047,15.532319923228696,24.380156298586595,22.994465732338824,21.904540243691418,22.66988506580212
AWK,2021-05-06,141.11315393796747,139.28218008956037,140.25259399414062,15.504115028166284,24.319847886382615,22.989476840104643,21.899208898237585,22.156774370581402
AWK,2021-05-07,142.65118579498318,139.71246648668392,139.85894775390625,15.562639547966112,24.242518808562753,22.99439080249396,21.8329676435649,22.137979055582527
AWK,2021-05-10,143.8874281884592,139.82494235818442,143.3819122314453,16.88186063763662,24.82680534959644,23.321368070200066,22.023432967848432,22.243208502724247
AWK,2021-05-11,143.19807559102847,140.22933898453957,141.26792907714844,17.384515498535023,24.704205997787728,22.982452493046676,22.09062047517459,22.24412632981388
AWK,2021-05-12,140.60617013695025,137.08595897129416,137.49037170410156,19.11285884612722,25.286441311789652,23.22354959268736,22.3290625963097,22.318446851135107
AWK,2021-05-13,140.31206344697918,137.22383727435954,139.7054443359375,18.730881566172826,25.51765463618286,23.309748950468865,22.40379466565557,22.36067707898444
AWK,2021-05-14,141.39660833431657,139.70544057743578,140.4683074951172,18.75075519528474,25.54198314822357,23.260202218830774,22.298713854736476,22.36257970607672
AWK,2021-05-17,141.38744165274153,138.602524728108,138.6484832763672,18.959672625461895,25.286602247998935,23.323270617021,22.353636369524533,22.376974310848848
AWK,2021-05-18,139.65028690230974,137.72934058454356,138.86903381347656,18.903948844014494,24.455943266255467,23.29518658299212,22.347543451054445,22.04064423615659
AWK,2021-05-19,139.81573516852868,137.96831951852505,139.76979064941406,19.001973372472087,24.424852138916258,23.303528489346434,22.355178543850744,21.954258214479676
AWK,2021-05-20,142.38007405019954,139.8341221806701,141.92970275878906,19.348988774762727,24.22118050550016,23.355941368037108,22.399506726316385,21.999606669632136
AWK,2021-05-21,143.7035955715701,141.69073204195675,142.5730743408203,19.378344587868302,23.43019929149321,23.360222065686127,22.166222976310326,22.002186353458132
AWK,2021-05-24,143.8322673043146,142.22381654741596,142.3157196044922,19.37372560336724,22.74087668556763,23.337613307039426,22.120997817861028,22.00402759316023
AWK,2021-05-25,143.1337630704601,141.16685769569355,142.3892822265625,18.437678648934984,22.569875377110357,23.33707068482323,22.11505480463821,22.003946451286954
AWK,2021-05-26,143.17970720938953,141.50692551023943,142.4352264404297,18.14242814196713,21.557905706786524,23.15136247675536,22.017923821434312,22.002393743796983
AWK,2021-05-27,143.42786598861608,140.71648015917157,141.01058959960938,17.910396351649187,18.16896961092582,22.954549221147296,21.965518514345163,21.886628827868186
AWK,2021-05-28,143.33595597942465,141.44258165974247,142.48118591308594,18.10431230783694,17.82372535861849,22.994942133319046,21.8968907622839,21.760288944792165
AWK,2021-06-01,143.53815111623135,141.6631631671103,141.7826385498047,17.99323541777395,17.85052402175945,22.973393297155297,21.905574915904683,21.761612890304963
AWK,2021-06-02,143.50137793896442,141.33226675641856,142.8579864501953,17.450144709147093,17.48192076301989,23.00130470571167,21.875129659553586,21.703786019734057
AWK,2021-06-03,144.00688825802155,141.55285362732,143.4186553955078,17.508368681821608,17.015655981101304,22.463094509936933,21.8725114796228,21.643173412381607
AWK,2021-06-04,144.48483715873562,143.39108835273728,143.77711486816406,17.50540171999025,16.976332387696047,22.46376872763261,21.86107693136756,21.602910223747433
AWK,2021-06-07,144.89845090945107,143.59330950164656,144.73301696777344,17.256548298593625,16.99153437094701,22.48363659157508,21.818626756844893,21.603094689041136
AWK,2021-06-08,145.23852362094726,143.40948013271662,144.1263885498047,17.031850887704778,16.8329568159484,22.221110097698425,21.692630878689886,21.59935102935924
AWK,2021-06-09,145.57858778323887,143.92417839318776,144.8524932861328,16.338194574307703,16.792084765322095,22.17123156102297,21.668558563383918,21.555062234277628
AWK,2021-06-10,147.0583761182224,144.49405185547596,146.81021118164062,16.655557751295753,16.93551004153337,22.207181880651554,21.718666960316266,21.591159561180305
AWK,2021-06-11,147.46281310964483,146.37825011490796,147.3892822265625,16.67204446070225,16.654710166481426,22.210666389223917,21.637838413739388,21.40438593402287
AWK,2021-06-14,148.43707399020101,145.6337704071415,147.49957275390625,16.47171344401665,16.624146002465274,21.83271131699516,21.533495708541214,21.40278748153406
AWK,2021-06-15,149.37454668992564,147.07675960582762,148.70358276367188,16.544485323939117,16.59761054673052,21.7321468365058,21.35728002482532,21.368273296452642
AWK,2021-06-16,149.81573493402814,145.55104218155194,145.6521453857422,17.74050163489507,17.15470786650645,21.983049214083486,21.506419726249415,21.476496083688275
AWK,2021-06-17,149.29179100946945,145.10063030505373,149.0803985595703,18.280018598714314,16.81762280630593,22.291552421271547,21.659205734056982,21.593028816620016
AWK,2021-06-18,148.7219723784742,144.64110018012894,144.79734802246094,20.398523995776085,17.974330456003546,22.693782107486243,21.9272319755728,21.79293971163566
AWK,2021-06-21,148.56571526966493,143.71279026204806,148.2532196044922,21.374311370740052,18.537655473847256,22.847352419044935,21.90327780517948,21.79001106079439
AWK,2021-06-22,149.41130757838025,146.7274939028089,146.7826385498047,20.493100412967216,18.652674982440782,22.69960379452602,21.936876717082594,21.81601184890013
AWK,2021-06-23,147.0583450365852,143.33592787293128,143.72195434570312,20.978885056155516,19.113506107648163,22.934028326801666,21.966274631355258,21.88417447350323
AWK,2021-06-24,144.7973252723592,141.24035583179258,142.2421875,19.572886801692057,19.182074928069014,22.851817054435937,21.99725794001011,21.900451229524172
AWK,2021-06-25,142.81203943121002,140.98299622084062,142.67416381835938,19.072589988950888,18.741838641335594,22.78489484492382,21.945456999001376,21.821610695823807
AWK,2021-06-28,146.00136727222295,143.02343076737193,144.60430908203125,19.383476894778802,18.909438518030672,22.876339565954193,21.9791283032826,21.81143807672765
AWK,2021-06-29,145.44994409461393,142.83966094406037,142.90399169921875,19.310415883140188,18.99474761459374,22.94880771425496,22.024336771153383,21.82875963395873
AWK,2021-06-30,143.87823363837728,140.92788279923593,141.66317749023438,19.513559791044436,19.061510771117042,22.931139067230735,21.962635129295577,21.705006035146056
AWK,2021-07-01,143.28998987442247,141.0381614481873,142.9866943359375,19.603848507508307,19.152056848461317,22.832473948351396,21.925601641620773,21.674171609654117
AWK,2021-07-02,144.24587950755952,142.9131658473787,144.19073486328125,19.25518068646328,19.138531825986693,22.840750353414265,21.946341911386174,21.686064106555484
AWK,2021-07-06,147.0399774033393,143.8966065637899,146.9480743408203,19.955986997923706,19.502154852926814,23.005012684523802,22.059241107148164,21.761834980349853
AWK,2021-07-07,150.3671844019645,146.47013266559392,150.16497802734375,20.808782082133558,19.952236611576453,23.266686223704387,22.20435179041412,21.85130805911385
AWK,2021-07-08,150.7256134507948,148.04180041007982,148.5105438232422,21.13916514993832,19.696499983091513,23.131137150304685,22.224950936644813,21.86063811001871
AWK,2021-07-09,149.34698147670872,147.48117939756395,149.15396118164062,21.15319032731987,19.59469074934777,23.14079147102619,22.202850936417306,21.844547425084464
AWK,2021-07-12,150.01789481170115,148.49216112154738,149.79730224609375,20.877163177422446,19.44462698156809,23.136455808142834,22.19506104510903,21.759104417107054
AWK,2021-07-13,150.64290707058436,148.53814039186778,149.12637329101562,20.804292011968823,19.435656595538727,23.139167392435255,22.179766964094,21.761982143254414
AWK,2021-07-14,150.8175551400669,148.21645838385334,150.03631591796875,20.752846190214065,19.378094045208357,22.881475810337598,22.187833121715254,21.728527839723537
AWK,2021-07-15,153.03263333298122,149.09882261912088,152.67417907714844,21.180104610765852,19.422575320320377,22.45861684814318,22.27906772548248,21.781614794760763
AWK,2021-07-16,156.0380957913022,152.75684980665767,154.69618225097656,21.4126456684489,19.58559788566966,22.508132698620447,22.325835244416634,21.60252685996632
AWK,2021-07-19,155.28444830126884,151.46092722834564,153.82305908203125,21.54362422609534,19.626107462446623,22.252444923928916,22.29926929493524,21.51938481782286
AWK,2021-07-20,155.74401181368157,152.3065311778839,153.21644592285156,21.575064511680523,19.446574914756713,21.73474368893992,22.294078801804453,21.49369136606035
AWK,2021-07-21,152.95909791132843,149.55837563212702,150.26609802246094,22.38660346376961,19.75506591094961,21.54348144239395,22.378681247204486,21.566044044662323
AWK,2021-07-22,151.51610685276216,149.97198642629397,151.12088012695312,22.39651523964826,19.445179156922315,21.446487928845613,22.19916834216003,21.498940903953727
AWK,2021-07-23,153.82305815513368,151.20357528584137,153.74034118652344,22.597390298279457,19.68223106670723,20.96131224434693,22.190468015622866,21.55155508848104
AWK,2021-07-26,153.52890350794925,151.6171573957222,152.73846435546875,22.70442515434161,19.74904594963449,18.907442529628845,22.165768072117853,21.56113506795288
AWK,2021-07-27,156.92969480502876,152.16867197437006,156.43336486816406,23.6380231348905,20.211409701711087,18.97914299869505,22.244096204079014,21.685629827475214
AWK,2021-07-28,157.03994096616552,154.96274675646427,156.57119750976562,23.566876304893007,20.188545487990357,18.96133232893018,22.142865033947267,21.676118461426967
AWK,2021-07-29,157.45355947640934,155.93702561488178,156.92047119140625,22.58513021641712,20.179625842042306,18.73669391375238,22.10895844101092,21.60746472991637
AWK,2021-07-30,158.17965992394434,156.1943686247597,156.35061645507812,21.765194542442316,19.93091315987018,18.50054007103385,22.098482341101747,21.58907727711236
AWK,2021-08-02,158.33592162456185,156.09327911138695,158.31753540039062,19.923589944573646,20.049387534838278,18.550639130344194,22.138168534489555,21.61847689393002
AWK,2021-08-03,162.53626503419386,158.17966966579195,161.12083435058594,19.45229736452823,20.27291521475303,18.702815936166957,22.12203126474592,21.68312551810933
AWK,2021-08-04,162.8211735537896,158.1428828076769,162.19618225097656,19.09939411929478,19.745456648174144,18.60516330805173,22.133582066283488,21.69000986927361
AWK,2021-08-05,165.51416947765543,161.76417998594124,165.1373291015625,18.09044212110892,19.690723722653424,18.74465196281225,22.02456548931025,21.7566306120664
AWK,2021-08-06,165.8266959960205,163.0142068592989,163.096923828125,18.249721079980187,18.961387419950743,18.88501311060442,21.585217262821196,21.795438317233742
AWK,2021-08-09,164.63985053912617,161.85465537810302,163.34869384765625,18.265662501117834,18.764020753878263,18.73145191974048,21.44994754384098,21.71885195397117
AWK,2021-08-10,163.53315462803556,161.86387257458642,162.3249969482422,18.322490768751628,18.842068720275876,18.7650596527174,21.464510949832004,21.723788853481775
AWK,2021-08-11,163.28414410777435,160.96007331599677,161.9099884033203,17.823312267925395,18.595821319097265,18.748236521885833,21.455899520894476,21.294579868630816
AWK,2021-08-12,164.10495262934757,161.67943379835273,163.65304565429688,17.489367338925998,18.66872697053011,18.730763857437893,21.397610217294133,21.19166490510216
AWK,2021-08-13,165.1655391569253,163.09971078944477,165.00875854492188,17.46859191683191,18.687522113735653,18.271088185027615,21.351388353432753,21.20170220856096
AWK,2021-08-16,167.61866943107162,164.84270643668003,167.3881072998047,17.658663504798387,18.659406057020462,18.365587948996243,21.409434390803785,21.22466480978811
AWK,2021-08-17,167.48039109025052,165.58054670307834,167.28671264648438,17.218235615023563,18.668191818902798,18.37144485029783,21.407470724339145,21.21138920556791
AWK,2021-08-18,167.23136183138823,165.0640717137322,165.89410400390625,16.784528168798566,18.783171432364014,18.428696762365757,21.432571718458846,21.226369596018145
AWK,2021-08-19,168.23660200731877,165.4790733964081,167.63714599609375,16.333420221575672,18.84737413780203,18.424517506286435,21.45388378939513,21.192537669057423
AWK,2021-08-20,170.28400360181675,166.46589445261398,169.78599548339844,16.527065448950115,18.95134240148027,18.43931275631982,21.497128997337477,21.224598323521324
AWK,2021-08-23,170.8373660458891,167.2405874241871,168.03372192382812,17.066892559336665,18.96086721319759,18.311109900283906,21.45238825821577,21.24820108643843
AWK,2021-08-24,167.81237952152065,165.0825171796554,166.55812072753906,17.294985337902947,19.046500821550165,18.387335650718892,21.281331143140118,21.27076260540499
AWK,2021-08-25,167.32360133969428,165.59900050120666,166.81637573242188,17.2902721870038,18.983501582840027,18.34667789560748,21.25814461300008,21.268111931946066
AWK,2021-08-26,167.54492243752716,165.78342401374277,167.12991333007812,16.784353005769646,18.957240679024327,18.339323935720817,21.239280565495,21.17827088652585
AWK,2021-08-27,168.14439360885294,166.01398724200374,166.29066467285156,16.656813034855862,19.01964423427315,18.37067624192381,21.235445298629944,21.185764445239297
AWK,2021-08-30,169.05742346754016,166.73335257613522,168.38418579101562,16.724306496427293,19.130733451161266,18.381004154483872,21.2729751461245,21.210526443263944
AWK,2021-08-31,169.4355561488598,167.67405750643877,168.07984924316406,16.658159071628564,19.133634248272667,18.38789688137409,21.275986301828848,21.21061083017837
AWK,2021-09-01,170.78200328032523,166.63188423313954,170.09031677246094,15.403785876004456,19.177353598031683,18.45392283994311,21.313413954667553,21.21715150512308
AWK,2021-09-02,172.3867394276919,170.15489907967088,172.3221893310547,15.614249825074348,19.28771868117107,18.299666911072602,21.095149570844736,21.079334560479115
AWK,2021-09-03,172.4789788825623,170.22868950201243,170.75436401367188,15.601771612840862,19.315864898412087,18.324357420294596,21.016838549271863,21.065579268000928
AWK,2021-09-07,171.3445596317419,168.67004434521306,169.69374084472656,15.584841529318075,19.396194946182966,18.27971241319989,21.00989728651464,21.074927278537317
AWK,2021-09-08,174.62778719100632,169.24184438971346,174.07443237304688,15.77069167197093,19.963363196143213,18.658935497995152,21.15871533170151,21.138554078604
AWK,2021-09-09,174.19436601508852,172.0362930268732,172.9585418701172,16.01912674306868,20.019058972532676,18.628965623432112,21.152519566726166,21.091882136710822
AWK,2021-09-10,173.6225369100584,170.33933375722808,170.42233276367188,16.855554629211227,19.758902847999217,18.666163276639764,21.215156853285418,21.07283194438464
AWK,2021-09-13,172.0270574514114,168.2642808793536,168.900634765625,17.100196090197027,19.4216618906416,18.73179870310408,21.239286184272466,21.09667544062563
AWK,2021-09-14,170.76358436285193,168.90985534257808,170.50535583496094,16.96882213868313,18.352204619766653,18.77479205337253,21.22564385150857,21.082141392926005
AWK,2021-09-15,171.0955709399421,168.67926994370055,169.37095642089844,16.545448605620162,17.925803348713636,18.67950287385149,21.244745682667556,21.092746729149287
AWK,2021-09-16,170.56986327263903,167.04688119610918,167.5725555419922,16.850869280035308,17.94687748666766,18.683883004003228,21.278925333272632,21.114458460808848
AWK,2021-09-17,167.30511552870763,163.73600401346823,164.19712829589844,17.1713587802427,17.907358004146147,18.783322074180965,21.42881087024538,21.180435649946645
AWK,2021-09-20,166.69645288698842,162.3526553087004,165.31307983398438,16.88126705509796,17.73704017455082,18.774119545736124,21.336547060917777,21.08692716408177
AWK,2021-09-21,167.0561383326075,164.46462159171944,164.5845184326172,16.93601981352438,17.793194307337323,18.79765175856644,21.182381153479874,21.073449882928223
AWK,2021-09-22,165.52519120514634,162.61089603511707,163.90203857421875,16.875681175473574,17.691261549871825,18.769537114821972,21.18398007303147,21.07865521350094
AWK,2021-09-23,165.64509588549325,163.431704550062,164.0034942626953,16.853638421859827,17.455411272395676,18.75594886835852,21.16565764303285,21.015562819379774
AWK,2021-09-24,165.0456495566818,162.31578694797363,163.0443572998047,16.658593675201377,17.388124058472687,18.786562447118726,21.178960454129157,20.95177949302683
AWK,2021-09-27,161.17216851711353,157.2895095929802,157.43707275390625,19.278752571490067,18.93232658033854,19.496409867307896,21.289705109580808,21.118346609120618
AWK,2021-09-28,156.96675224108802,154.9193586580494,155.113037109375,19.043844289526344,19.174957208477867,19.66192337582738,21.36525897603461,21.175288845073975
AWK,2021-09-29,158.62676456065216,154.81787321076703,157.05894470214844,19.529851426849078,18.96405484660683,19.735850167115455,21.409220712093298,21.197837862934453
AWK,2021-09-30,158.14723162361196,155.76782786030978,155.89694213867188,19.50572339118896,18.550311966283804,19.411231183829308,21.278001983617095,21.20022529223668
AWK,2021-10-01,157.1419399782228,154.47664206019942,155.25132751464844,19.146833033848033,18.41748325613226,19.264816677142704,21.244534768158893,21.06254486760562
AWK,2021-10-04,158.37778823950714,155.14991732219957,157.62155151367188,19.326400231275418,18.639825133140913,18.86244139179456,21.28051305369664,21.112119000617945
AWK,2021-10-05,159.03260502210364,157.3633367389243,158.25791931152344,19.265789056732142,18.637779389746672,18.72159390939955,21.281188026700914,21.029794033636783
AWK,2021-10-06,160.6557017197062,156.85604202837922,160.6372528076172,19.757837718899758,18.82101849814253,18.83579353390478,21.140742334214927,21.076242713271643
AWK,2021-10-07,162.20511328761896,158.82046209230106,159.06024169921875,19.895990201161627,18.92920180577834,18.780759292439893,21.092357584564823,21.06407582496803
AWK,2021-10-08,159.91790106850004,156.5055840745561,157.5477294921875,19.9986250423969,18.73406243523496,18.860644522410883,21.125483006060918,21.072016552698273
AWK,2021-10-11,157.63995868751667,155.28823583277028,155.7309112548828,20.175804166491933,18.707988453509337,18.951565990102555,21.17228244084223,21.106021186963524
AWK,2021-10-12,157.04051662904376,154.85479158629323,156.35804748535156,19.78456034031998,18.68560432228482,18.819598124723097,21.12705971935305,21.048146795475017
AWK,2021-10-13,157.20650772250778,155.17754947780455,156.22891235351562,19.78946325148403,18.666397927343873,18.81303602894494,21.032908061320576,20.997550901235492
AWK,2021-10-14,158.3777381697814,156.6992531410679,157.87049865722656,19.703213705228762,18.31633737194707,18.868473097823344,20.94614042062016,21.020225932115412
AWK,2021-10-15,158.49764955751328,156.9759449523216,158.09185791015625,19.188592995136478,18.288931457820862,18.86837439865658,20.937033535434082,21.02043966435902
AWK,2021-10-18,158.0549684293262,156.19202233051362,157.14193725585938,19.121338670589704,18.014695810209194,18.901464335188482,20.87339916595479,21.029956237887664
AWK,2021-10-19,159.92714480023884,157.91663538754642,159.22622680664062,19.636404077595717,18.144648915298756,18.915952805593026,20.89001121719486,21.052561373901
AWK,2021-10-20,161.97453969731808,159.7980322559948,160.443603515625,18.07381025057733,17.552154009499553,18.88699717919496,20.901003083484117,21.043310172192665
AWK,2021-10-21,162.5832114994071,159.66891640337843,160.05625915527344,18.039562127381217,17.56148144731702,18.870611033905448,20.903345746448306,21.035472636389873
AWK,2021-10-22,162.74926688389212,160.32374773832657,162.1405792236328,18.199753523320773,17.746161061005814,18.935899390217152,20.929176493835207,21.05541186374244
AWK,2021-10-25,163.22879960867928,160.48048839888162,161.25518798828125,18.105768751351018,17.768644104079137,18.961115284578568,20.837950928236225,21.06267205075093
AWK,2021-10-26,162.92446362572198,160.9047366603157,161.347412109375,17.81752967129602,17.592226312461484,18.960155625445317,20.821141300486783,21.062426932156757
AWK,2021-10-27,162.40798788182983,159.58589527910942,159.7519073486328,17.91926136199001,17.342159971497285,19.020675858137682,20.835519429029173,21.0857664230502
AWK,2021-10-28,161.79930967262462,159.59513590391833,161.67941284179688,18.162789259576595,17.465648691015367,19.081870814484244,20.881249576230136,21.087683675443124
AWK,2021-10-29,162.61087830163672,159.87179886088214,160.6372528076172,17.316478176112813,17.102779268231668,19.109635861717425,20.766719854143584,21.09069581025865
AWK,2021-11-01,161.2459286852155,157.6952803084689,160.1853485107422,17.17786628273647,16.927915254838545,19.015277760293664,20.769853778263528,21.061927780111994
AWK,2021-11-02,163.09048788916795,160.39752285936302,163.05360412597656,17.98267594741071,17.324386239836333,19.197452700536584,20.860498288247285,20.991543977475498
AWK,2021-11-03,160.47126545870867,153.2869546510042,154.94699096679688,23.215666607275722,20.1986167887154,20.897458715767364,21.7286724663402,21.543993852443666
AWK,2021-11-04,156.0168125561513,152.78894207168636,155.64791870117188,23.279343520681252,20.223925389574248,20.871687721696805,21.57088676968378,21.51894867522795
AWK,2021-11-05,157.34486828648366,154.7994666652661,156.46873474121094,23.331391882708946,20.123722418834582,20.606139198613157,21.24133303137519,21.453027871921464
AWK,2021-11-08,156.60703387864083,153.62817481496273,155.86923217773438,21.067182401816094,20.045196725900517,20.29809198574626,21.22583441128501,21.381089039551792
AWK,2021-11-09,157.70462359965592,155.87203669866994,156.89939880371094,20.69513464923267,19.855463099159763,19.757318684550263,21.078652360922554,21.36416119671341
AWK,2021-11-10,159.2225591051338,156.40888989560554,159.19479370117188,20.80777935059109,20.111297296848228,19.542502025344138,20.839842844437623,21.400536425846813
AWK,2021-11-11,159.41688809216134,156.79757741628146,157.94525146484375,20.823126040175946,20.103865808060238,19.51623757669255,20.615742107394798,21.41007110153953
AWK,2021-11-12,158.34326365624753,156.47364671868817,158.02857971191406,20.77770899049365,19.968656086885055,19.20059930036561,20.550193978426236,21.33043534657886
AWK,2021-11-15,160.23135656687165,158.15813172818392,159.82411193847656,20.572040986206723,19.92856215387093,19.1838640121543,20.233809400432616,21.358664731142337
AWK,2021-11-16,160.12031984651486,157.55653967262666,158.02857971191406,20.81926447622574,19.947998941480716,19.282989649616276,19.14399977372647,21.234525436895122
AWK,2021-11-17,158.0933420719309,155.53882675126775,158.03781127929688,20.33043680573815,19.882650006453293,19.18040837691157,18.99939950245268,20.875556749252336
AWK,2021-11-18,159.96298276677186,158.11188074661288,158.72274780273438,20.180482163042246,19.905226974284716,19.078942201236913,18.987868540298425,20.782587489021818
AWK,2021-11-19,160.96257152069057,158.4543221945051,160.47203063964844,20.21860454806649,20.044529432704024,19.07819916140036,18.910712595881428,20.80778374611517
AWK,2021-11-22,162.85995584263037,158.70422687895194,161.5734405517578,19.95539411613441,20.0819809419233,19.055758276959182,18.76582748017288,20.808077745965882
AWK,2021-11-23,162.684069876791,159.67602974339033,160.1943359375,20.135209795589116,19.96393826335266,19.08361422164019,18.79483939383471,20.762975150045136
AWK,2021-11-24,160.8977817851584,158.59316884327282,160.4998016357422,20.131507160559206,19.97067583195674,18.86749418701307,18.790483516278062,20.718555874398735
AWK,2021-11-26,161.591926128382,157.3529013670817,157.6305694580078,20.643614537143055,20.101822137662836,18.8071694938998,18.858152472603557,20.80155351076131
AWK,2021-11-29,160.95328043115944,157.22331179155438,160.41647338867188,21.261430417404494,20.25845733996982,18.907234537565873,18.937734266303575,20.868502065789027
AWK,2021-11-30,161.3050142203897,155.9553309990293,156.02012634277344,22.725792721540266,20.92057689357249,19.433523944862173,19.237507919500114,21.05805875933094
AWK,2021-12-01,159.09293363560855,154.15974595397125,155.30743408203125,22.3952240804456,20.907367779988288,19.439838763704966,19.1798220970509,21.056597125875793
AWK,2021-12-02,158.70422314830006,155.90905531396527,157.6861114501953,22.748832330135002,20.441781861556798,19.56564658421479,19.246737208578473,21.10649586808587
AWK,2021-12-03,159.02818239218794,155.15937180038475,158.85232543945312,22.856622935936244,20.49941683499354,19.575946616380573,19.248071257825206,21.05853010243901
AWK,2021-12-06,161.851102922956,159.0559490010356,160.97183227539062,22.87264881253701,20.524246823064733,19.495495082115372,19.257382544480215,20.955017246118807
AWK,2021-12-07,164.2204907144531,160.68489359217577,163.3782501220703,23.22374140528319,20.706124872276877,19.52502757601426,19.044912365761522,20.984410579225447
AWK,2021-12-08,164.8498716809707,162.44343368722795,163.60037231445312,23.22526084620583,20.60517671775288,19.50001419607947,19.038762218138476,20.972161731245713
AWK,2021-12-09,163.48930631360668,161.8233119108038,162.73036193847656,23.08397511071991,20.59034137219364,19.50947606492801,19.053946398508447,20.970406601241688
AWK,2021-12-10,165.08124371181876,162.3878874542326,163.02651977539062,22.835210189435916,20.489912606783633,19.243522902129527,19.038481861572407,20.967863634690776
AWK,2021-12-13,168.49655147867134,162.81366927106833,167.43215942382812,23.97556665360457,20.803562877479187,19.6624045156036,19.2437653612803,21.127387515833014
AWK,2021-12-14,167.7283192921642,164.831340731111,165.95126342773438,24.131849010819938,20.843708410303034,19.552216102920948,19.255162344645697,21.14953643179987
AWK,2021-12-15,168.76496127806791,166.73800238454075,168.70018005371094,24.056089477437702,21.088658931208613,19.673423707934777,19.200866824465287,21.012090412838607
AWK,2021-12-16,170.2550704289777,167.88566259061267,169.31100463867188,18.287701338449384,21.076901955239872,19.332727607247666,19.199074570929504,20.935872280547628
AWK,2021-12-17,171.08810971437276,168.68167144113184,169.47764587402344,18.29017852131549,21.07709208811625,19.33274668778811,19.17319993015882,20.91626105633783
AWK,2021-12-20,169.61643030148366,166.1826448277212,169.02407836914062,18.3434847995772,21.04578300797177,19.339164954787833,19.17255626189431,20.88721033081397
AWK,2021-12-21,170.4031890414662,165.83096500639155,167.77462768554688,18.481086629447155,19.77395578133117,19.37026272692554,19.198728206529143,20.886689130119194
AWK,2021-12-22,169.8386031230216,166.7380017220696,169.71827697753906,18.631572213212692,19.60469992632538,19.355641541915094,19.207789218918975,20.898810483948463
AWK,2021-12-23,170.0699755380026,168.26515413236055,168.52430725097656,18.482614388535993,19.546476947808546,19.20377327172885,19.231651724824513,20.907281240967986
AWK,2021-12-27,170.5327302393572,168.40396063297936,169.91261291503906,18.33041468372324,19.515185543327867,19.218111200410597,19.24758553141363,20.892226936763976
AWK,2021-12-28,172.30055842935712,169.64421775063454,172.28204345703125,18.614380046058546,19.643364408510443,19.133485339397897,19.168525923710572,20.930950125271696
AWK,2021-12-29,173.74441358989975,171.47681674192765,173.43898010253906,18.480751123497434,19.472343803465584,19.047056926685137,19.1437992457511,20.929512251829394
AWK,2021-12-30,174.6792090684769,172.40236187186798,174.0313262939453,17.996233000578556,19.469447350064332,19.05167679854764,19.094447541459633,20.930380235954235
AWK,2021-12-31,175.53073961499277,173.5315602097903,174.799560546875,17.97405320394544,19.280060262597228,19.028408218466122,19.089431930692076,20.857447967554446
AWK,2022-01-03,175.16053565360178,168.6353979473644,170.43096923828125,19.79563795034755,19.91511155546337,19.46650575565613,19.3073170471368,20.904366800210873
AWK,2022-01-04,171.02326956978962,166.04380192481463,166.06231689453125,21.243761108208155,20.56537556792891,19.844528937436102,19.480491513748632,21.070156555528957
AWK,2022-01-05,166.86755112209354,164.05388284334717,164.84060668945312,21.312097595972272,20.474102729854412,19.83720935571868,19.501357729653417,21.071763330018356
AWK,2022-01-06,165.58105942130683,161.7770444492437,162.24908447265625,21.687109406586448,20.74972454033516,19.86056701292688,19.596812859094097,21.135367896952452
AWK,2022-01-07,161.47161920082968,158.3062226365009,160.5830841064453,21.90301363541857,20.868821501844604,19.92400933608979,19.57425872449492,20.936435272885173
AWK,2022-01-10,160.07403656632587,154.70583814496524,157.37142944335938,22.066405753079795,21.185007525027792,20.13192163578221,19.68532784372055,21.036544805726773
AWK,2022-01-11,158.35247950048904,153.56738366444355,155.77944946289062,21.604504838424667,21.283533661916127,20.111763982591835,19.620292984081086,21.060883809689525
AWK,2022-01-12,156.9826804892939,153.17866592468192,156.58468627929688,20.110143001055796,21.277179305929966,20.0183015385622,19.617249938455387,20.95513100506365
AWK,2022-01-13,157.64909059458915,155.05754518258638,155.5758514404297,20.155789439672812,21.135589807383724,19.980330578844526,19.63489435977573,20.937426093451855
AWK,2022-01-14,155.46478273240888,148.689743499278,151.39236450195312,21.11750923572272,21.770485010170567,20.379819704287204,19.87546723490871,21.09104402674797
AWK,2022-01-18,151.5404503216646,147.8197457390191,149.94850158691406,21.080295017042474,21.840281393767334,20.421580009707156,19.90585948343927,21.11144008633047
AWK,2022-01-19,152.09579812494363,148.80083881158689,149.0322265625,20.61096492209213,21.666166876567882,20.431754912157725,19.919424408249007,20.964955864819736
AWK,2022-01-20,152.438229474239,147.65313304520416,150.58712768554688,20.322185666639005,21.782274772162204,20.50347672386257,19.877705579061494,20.93319560064538
AWK,2022-01-21,153.0305720301625,149.180277158018,149.37464904785156,20.341875925303178,21.825400865594595,20.418714335006403,19.90292762077173,20.949192130038934
AWK,2022-01-24,150.53159395712674,143.69177354615363,147.89376831054688,20.431461935152704,21.825833156298184,20.46590353215637,19.93688372091743,20.972390223181367
AWK,2022-01-25,147.9770840609292,143.86763575947163,145.31149291992188,20.790930928356072,21.899778801262816,20.518499883326964,19.833424006276896,21.013001239670174
AWK,2022-01-26,147.59759426017976,143.0624007725361,143.9694366455078,18.71527736408601,21.933044286376287,20.419572718266714,19.78526302935137,20.96929393850044
AWK,2022-01-27,147.54206993772613,144.07125411967226,144.52476501464844,18.850962472738157,21.96271124640601,20.4047946802836,19.523219249551143,20.882539653842613
AWK,2022-01-28,146.08897399902344,141.94250925915395,146.08897399902344,18.36697235185939,21.743961428749227,20.486256408235167,19.47383005519152,20.90480487395402
AWK,2022-01-31,149.1247975657714,145.01534817816025,148.82862854003906,19.443123659751276,19.59349350132838,20.28297220024768,19.584869880027405,20.929207080163508
AWK,2022-02-01,149.42094566252968,144.91351711460106,146.89419555664062,19.538266764118507,19.72601996549106,20.35095101187401,19.585282270457878,20.940694366743145
AWK,2022-02-02,148.99518434867025,145.53363291854058,148.84710693359375,20.216517438434874,19.899607113338558,20.375814785416804,19.644026912784035,20.977056972635182
AWK,2022-02-03,147.84749685054967,145.58915053237217,145.78350830078125,20.763862204621407,20.308323613616665,20.573888795471174,19.789544896364074,21.07961843125604
AWK,2022-02-04,145.59840151205228,142.32195772701976,143.92315673828125,20.307516269673034,20.38382769857736,20.57692753837001,19.767677999187956,21.096388704306506
AWK,2022-02-07,145.1431582807317,142.65301809045908,144.40911865234375,20.46211762936946,20.13744942690507,20.576832715410223,19.76450075649044,21.03127352998417
AWK,2022-02-08,146.6483730123779,144.0746125417384,144.63211059570312,20.173453741033732,20.104996072922113,20.530945956640284,19.763994315368503,21.018090123528367
AWK,2022-02-09,146.01654048871657,143.4892405600015,144.6971435546875,19.424108817409156,20.104672266222305,20.308462152512448,19.763975466709567,21.000921486593015
AWK,2022-02-10,143.33126199125618,139.41953238075104,139.7540283203125,20.772876335370384,21.049004124399275,20.950117659180677,20.18946061842167,21.283884785942117
AWK,2022-02-11,141.4822889799698,137.86788034835672,138.87136840820312,20.531057039054428,20.982223175726965,20.95871269802503,20.168461179279642,21.20766044271456
AWK,2022-02-14,140.21863159391305,135.8330236406428,137.54266357421875,20.223070599313147,21.03224059317427,20.992883962829463,20.161190923565446,21.22826020306076
AWK,2022-02-15,139.02002886257273,135.08971107536482,136.3719482421875,19.54789443307179,21.024120637396685,21.016939534800045,20.17773941445955,21.23934527101432
AWK,2022-02-16,136.67856049505417,134.11408635456738,135.92593383789062,18.76896242686136,20.8355503061402,21.00834874693287,20.1596976309067,21.238330964313867
AWK,2022-02-17,138.5833158569165,133.98400631188815,137.57054138183594,19.532832458999895,20.964407586826404,20.436461253287842,20.20622808007139,21.161387104360387
AWK,2022-02-18,138.88064546043898,135.879482097814,137.75636291503906,19.41722211520264,20.943911467729976,20.32517065597044,20.20450466438813,20.927476439912077
AWK,2022-02-22,138.86206703365983,134.99678286381027,137.35684204101562,19.37463735071166,20.923742124181828,20.20846795103552,20.190386474339885,20.910640409736505
AWK,2022-02-23,139.42881588719862,136.19536465784068,136.33473205566406,18.862994806759218,20.70148205660436,20.208799346829917,20.202998548986038,20.81645855685089
AWK,2022-02-24,138.4811120112325,134.41142695315583,138.07229614257812,19.448289357127667,20.524920183190083,20.325242765543887,20.251552950840004,20.64916940037904
AWK,2022-02-25,141.9468620983146,138.36961348818338,141.87252807617188,21.306354673056465,20.721048731636973,20.657124890111366,20.44639104643446,20.655733999195867
AWK,2022-02-28,142.13267818778513,138.70409790844107,140.3858642578125,21.39155117855891,20.793627547366384,20.695259696297526,20.476942149944595,20.632434809135777
AWK,2022-03-01,142.35569616593105,138.14661533717342,140.3208465576172,20.17223182653421,20.496072601404745,20.533680119012114,20.476595546193472,20.39552563318151
AWK,2022-03-02,141.72385496627456,139.9120075468221,141.32432556152344,20.24583115279914,20.491421967926126,20.53151646139601,20.471137375596147,19.626171781689468
AWK,2022-03-03,144.63211150469235,141.69598153385198,143.96311950683594,21.049061835022204,20.684922984716202,20.722431638697593,20.445672174900178,19.598875826291724
AWK,2022-03-04,150.0026057302658,143.96310546699863,149.6309356689453,23.803860709960098,22.034668623824267,21.57806872688194,20.7703478372896,19.951940369128977
AWK,2022-03-07,150.51365608598383,146.89924772464244,147.9398956298828,23.916890942548502,22.119170873361032,21.636009960199544,20.52383813952427,19.919466440209995
AWK,2022-03-08,148.0328396279576,142.6437429537698,143.322021484375,25.45964582320788,22.950432029597483,22.194257457740935,20.67607887205903,20.069107592113486
AWK,2022-03-09,145.66348150738526,141.79819733316793,142.89459228515625,24.980956205352747,22.936365990378455,22.122274509546166,20.646062015822753,20.068543001312115
AWK,2022-03-10,142.43001067668817,140.44162168024016,142.28135681152344,24.871392523401134,22.136020833326448,22.125060079922758,20.501643808578635,20.06970344580618
AWK,2022-03-11,143.95382071858626,140.54382728009514,141.3057403564453,24.90673463645737,22.11596280456176,22.13035945246288,20.48122302753278,20.029217061257544
AWK,2022-03-14,143.97241039370357,140.89691290229544,141.80747985839844,24.703723092234693,21.79579745185449,22.025182182957366,20.482393026639798,20.01547330546999
AWK,2022-03-15,145.25466390969905,142.4300274720148,144.90158081054688,24.924936625061108,22.32959214844672,22.2770084363484,20.58027532049277,20.119597630507155
AWK,2022-03-16,145.83069776129426,143.2104912077475,145.08737182617188,24.660681388660095,22.33171250439119,22.27883614084016,20.53250106535409,20.076422658915178
AWK,2022-03-17,147.49390649245493,144.73431806376655,146.27670288085938,24.46116266227373,22.44015589698084,22.21570380182703,20.527758996289084,20.08832577782944
AWK,2022-03-18,149.37079449230808,146.34175750446505,147.47532653808594,23.812709570620232,22.518599253752736,22.251674594322726,20.521078033628786,20.095952526859676
AWK,2022-03-21,148.60885676104795,145.30107159674202,145.8864288330078,23.72261143021111,22.404759640574436,22.30613970828982,20.538761750822456,20.09484748200241
AWK,2022-03-22,146.49969759294206,144.2697338449681,145.48692321777344,23.72340487215921,22.384871408892465,22.26201233316797,20.41808161963025,19.89483933530586
AWK,2022-03-23,146.14661318896754,144.32547945341005,144.57635498046875,23.7944979187253,22.287012749058384,22.18071445880371,20.266877664286138,19.899928203099744
AWK,2022-03-24,147.03861503738042,144.58564913562094,146.94569396972656,24.25764583006063,22.368606816791054,22.33399963573518,20.318516855287548,19.96276158561205
AWK,2022-03-25,148.3208550161522,146.64837500924875,148.24652099609375,21.927255644276183,22.410624349200994,22.38472278932189,20.339086468786828,19.967471425223813
AWK,2022-03-28,149.98402404785156,148.16289030440828,149.98402404785156,21.955179303930098,22.568390231498256,22.276997680740703,20.379693215869196,19.972064569845667
AWK,2022-03-29,152.8829917314849,151.16406535152686,152.7900848388672,22.11348016057851,22.93531652111597,20.9890616154204,20.489982919617933,20.03940156702606
AWK,2022-03-30,154.32317708456162,151.47068181327705,154.10018920898438,21.857250915087047,22.526688624379236,21.02147301446817,20.502070352686,19.953183321061477
AWK,2022-03-31,155.60540198877962,153.79355475168407,153.80284118652344,21.82140860279615,21.950996515128978,21.00579333490887,20.400064227054916,19.95055595119281
AWK,2022-04-01,156.99915148969026,152.697163960879,156.87835693359375,22.179508373117663,22.331654821859054,21.234669415002774,20.475186393581467,20.0239160605504
AWK,2022-04-04,156.5903019838035,152.95730691679887,154.47183227539062,22.902160685907873,22.320665339922403,21.350372726705285,20.54654702369879,20.081811335862536
AWK,2022-04-05,156.70180707923106,154.64838480129748,155.76336669921875,22.846963775964767,22.30873581232398,21.26440074284709,20.564457128162058,20.097427676357366
AWK,2022-04-06,157.4358777526106,155.28023336983165,157.01776123046875,22.599708209846888,21.992096396697907,21.268375191730907,20.45361397774916,20.093265415734756
AWK,2022-04-07,159.60079823548693,155.7262274731289,159.0154266357422,22.599035671726515,22.040099468420536,21.363614032489846,20.49623673659552,20.129905965725698
AWK,2022-04-08,161.55198863003076,157.58451157269184,157.8353729248047,21.82467922531,22.07388166259434,21.31987576928669,20.417343568690292,20.143109281424607
AWK,2022-04-11,158.7087968102232,156.09787626729013,157.2314453125,21.53327946656706,22.046878629152456,21.253128215640547,20.40738472155313,20.046779777828736
AWK,2022-04-12,158.99682026985934,156.3394393909951,156.60890197753906,21.617029868042188,21.313467725885175,21.262208661135304,20.216451145560164,20.023120120725505
AWK,2022-04-13,156.9805702970002,154.6298117388547,155.30809020996094,21.864945216592567,21.289714085102705,21.29030071774517,20.24026559778872,20.00237674865067
AWK,2022-04-14,156.72968720159452,154.30460891422828,154.3882293701172,21.518169666073646,21.287204166640546,21.233400313042747,20.25042423028106,20.003533322355395
AWK,2022-04-18,155.29879891639763,150.05837092608937,150.93177795410156,19.797774728536933,21.710021632760373,21.492209199493896,20.421419431452577,20.11377313206083
AWK,2022-04-19,152.91085546428292,150.64371780829848,152.73431396484375,19.754611862238388,21.77625088483207,21.546113523751504,20.41604219411508,20.083844175435033
AWK,2022-04-20,157.14780431344812,153.82143163594375,155.68902587890625,17.828720845607307,22.002726908677868,21.76765814528118,20.436612371402013,20.17263758720822
AWK,2022-04-21,157.17568276261937,153.4776399000265,153.5984344482422,18.3765655785193,21.87149551329363,21.685599689003897,20.480847593703697,20.217788427720816
AWK,2022-04-22,154.71342101925666,151.55430322138722,152.56707763671875,18.467202874203505,21.82701492205513,21.52064714855382,20.37889407443994,20.187172523139225
AWK,2022-04-25,153.15248589504446,147.02006260773584,149.4172821044922,19.48917334077647,22.270600657523037,21.32427937010882,20.472910715420074,20.269105719208433
AWK,2022-04-26,150.08626583848243,146.72273241683885,147.0479278564453,20.15312151623435,22.42100402318567,21.45718400804259,20.553329740483598,20.26336664846161
AWK,2022-04-27,147.77265579827073,144.96662073871815,145.17103576660156,19.591024985505594,22.23949455694668,21.395089923271833,20.593564606177598,20.298721860333398
AWK,2022-04-28,149.9004216399776,144.7343274920135,149.2964630126953,21.202306196410362,22.827071526131824,21.842975311485677,20.869067586676042,20.48971229150126
AWK,2022-04-29,148.56241377377427,142.83882245229287,143.16403198242188,24.44676861081712,24.246089543437822,22.691513226680343,21.39592253452624,20.89514415209982
AWK,2022-05-02,143.95381065493962,137.105950771233,138.28598022460938,26.18475204639522,24.89629367746125,23.15843385155344,21.74177307292323,21.178771910971953
AWK,2022-05-03,142.2163116191977,138.4067886549348,139.02001953125,26.136896404082787,24.801341928446796,23.179940163375655,21.678515472079745,21.185302488143655
AWK,2022-05-04,141.94685943452183,138.39748437708153,141.69598388671875,26.810157879753522,25.114666432917147,23.403194539900436,21.808519953961092,21.22218450908103
AWK,2022-05-05,141.57516005922884,136.6878161721123,137.84925842285156,27.868049974132802,25.72184883099082,23.76175493525458,22.01739825259061,21.400260250035537
AWK,2022-05-06,139.03860336576795,136.25114137834055,138.45323181152344,27.41603105399126,25.74254262122311,23.344760956062213,21.98449156288386,21.40307348210668
AWK,2022-05-09,138.0659271370555,135.26615848371094,136.05941772460938,27.573006323181314,24.998821522439012,23.449204489497298,22.007775966745154,21.326664395108118
AWK,2022-05-10,138.23392236650756,133.11035425370105,133.9689483642578,27.453358491029,25.160641188475662,23.358328924806536,22.045933764341047,21.33110163984605
AWK,2022-05-11,136.460714291672,133.58628366401123,134.42620849609375,26.726003248526787,25.102819977694285,23.357017583250574,22.03436004394477,21.16243351364318
AWK,2022-05-12,136.47004179848219,134.1462431163287,136.08741760253906,26.903340145789805,25.17626789573525,23.46614593915042,22.089674633572027,21.13743991986809
AWK,2022-05-13,138.03791755220234,135.4247975411488,136.70335388183594,27.01406975608545,25.184063456534734,23.49014496433254,22.096937527616777,21.13519324700351
AWK,2022-05-16,138.1872453499897,135.97541858489757,136.22740173339844,26.06305189079779,25.070567351947474,23.475862855199388,22.09383487163775,21.098065247845554
AWK,2022-05-17,136.93669614149337,134.31424815509797,136.6380615234375,25.95027841738177,25.07715538866738,23.38907891137755,22.03992043603209,21.099665101588062
AWK,2022-05-18,137.7299871374825,134.31426514906207,134.65023803710938,25.849437538781707,25.24761170509719,23.460480615451658,22.09757604513921,21.139711218504885
AWK,2022-05-19,135.76080140457722,132.85837360718222,135.36883544921875,25.74425452110462,25.229250850059863,23.432255807270234,22.056293766682902,21.089737063543023
AWK,2022-05-20,136.87135654946422,133.67028040561198,135.85411071777344,25.336990475114906,25.101015170074437,23.308787377386164,21.998250689519413,21.087830687959112
AWK,2022-05-23,138.70052721949264,136.3860559086806,138.4578857421875,26.278177212744936,24.77360999100239,23.51130751649166,22.10893980886288,21.17416103660477
AWK,2022-05-24,139.14851815178469,134.5102332640345,138.56056213378906,26.319653598734256,24.684329982291544,23.498763322174373,22.10183834840547,21.174239567991542
AWK,2022-05-25,138.71919683615258,136.5447082465544,137.08599853515625,26.38640663033447,24.77762874239997,23.511724190324966,21.902226648402145,21.200656953098164
AWK,2022-05-26,139.45647969378874,137.94460907050447,138.88720703125,26.836173779158372,24.88396945378764,23.349623117074074,21.95956645644188,21.218230679629908
AWK,2022-05-27,141.9389118800451,138.4858672785696,141.6309356689453,27.658529024663032,24.919173269773363,23.28086129489609,22.036880822687298,21.283386112114
AWK,2022-05-31,141.70560119556308,137.48729392456983,141.1549835205078,27.018204314984484,23.569705401661846,23.26414451944214,22.018420848827606,21.28037630406232
AWK,2022-06-01,143.44149913023688,141.20168957102743,141.78030395507812,26.765310779824837,23.494280253623756,23.16941783776309,21.99281087009623,21.271480764834124
AWK,2022-06-02,144.91601084737397,140.15639888428268,144.710693359375,26.858925581336358,22.980968414462843,23.38023808034598,22.128576233557336,21.366395026023437
AWK,2022-06-03,146.017270570812,143.41347781153027,144.79469299316406,26.663581531734348,22.971727074234966,23.17856991247164,22.0984500981283,21.365038687673124
AWK,2022-06-06,146.77324212848802,144.58008383088173,144.74807739257812,26.628662920102798,22.9527461300092,23.130284650074184,21.975893621524794,21.35478977520353
AWK,2022-06-07,146.7172289405617,143.32017658392283,146.38125610351562,26.24887612298281,23.01101872771921,23.189546986673456,22.003461979357667,21.37999453542121
AWK,2022-06-08,145.95195389045193,142.7042259158563,143.34817504882812,26.537464624157597,23.42005108984989,23.394468683157335,22.129481730198204,21.476903577158378
AWK,2022-06-09,144.51474002031244,140.38973474928702,140.5110626220703,26.896462026698487,23.346888427425217,23.213123604861856,22.24263628621205,21.526442083427778
AWK,2022-06-10,139.80181305270003,136.3580946216714,138.37393188476562,25.728679742456706,23.539676022538476,23.28657080419249,22.30767890456436,21.575644088293235
AWK,2022-06-13,136.13412435131738,130.79589590451917,131.27186584472656,27.29961876331889,25.750795192584018,24.688414105829246,23.126074886173935,22.203431968155176
AWK,2022-06-14,131.3184865786394,123.339143195601,124.56170654296875,29.4991950830742,27.674651516382635,25.918856252708895,23.573594664446887,22.78726955139393
AWK,2022-06-15,128.16406676957362,123.55377918273491,126.00824737548828,29.71571878046639,27.777545550438838,25.986824697732597,23.566731893325574,22.730953257512788
AWK,2022-06-16,124.45906398219213,121.24865994804095,122.14459228515625,29.997090645200412,28.393600428373738,26.372829619791503,23.77582097331013,22.80905698117772
AWK,2022-06-17,123.82442863455378,120.81001502637773,123.04049682617188,29.412352338774145,28.461296583716905,26.29176058608173,23.787132263969763,22.644730620370545
AWK,2022-06-21,126.01760544586229,123.40448478368744,125.46698760986328,30.09784857643102,28.56209628391877,26.47644033816506,23.912073749372333,22.604737483256066
AWK,2022-06-22,129.71332131224108,124.27243440760861,127.86546325683594,30.455356484609435,28.809637638347308,26.659902932248734,23.952626325528183,22.669968342036444
AWK,2022-06-23,135.10751200692476,128.55604911033492,134.93019104003906,34.191262116116064,30.90846458537072,27.99339999279548,24.812313762229373,23.218655938787965
AWK,2022-06-24,138.73790365231903,135.01420538751188,138.4392547607422,34.97075646619008,31.14241989068906,28.14065048862374,24.9410272957788,23.340478856831194
AWK,2022-06-27,139.24185903360703,137.2353633688568,139.008544921875,34.82109907864105,31.0937191074318,28.080704691281856,24.924513518438822,23.342171842424264
AWK,2022-06-28,139.53113062473818,135.30348113890346,135.4154815673828,35.6563765458024,31.49561018569642,28.28499600264053,25.08443217546874,23.4474867438193
AWK,2022-06-29,136.50738001880163,134.85551265845302,136.08741760253906,35.6749997016286,31.1998036288058,28.119851915521615,25.060927932269532,23.42440088215655
AWK,2022-06-30,139.50314966183862,134.43557471827953,138.84054565429688,36.13916252386098,31.410842543046886,28.242081428766546,25.175141912007483,23.495648521202632
AWK,2022-07-01,144.79471621258543,139.16718159216472,143.18951416015625,36.87586124980719,32.05261799687322,28.667946961227685,25.449572372050643,23.680035575463876
AWK,2022-07-05,142.69488727412642,137.86995375303977,139.66180419921875,37.67715413574532,32.349286998832866,28.936776802918203,25.579724947773464,23.795904411563892
AWK,2022-07-06,143.29214003459245,139.41913278852888,142.07891845703125,37.96115671937634,32.44940717097367,29.06979176155457,25.665586640101345,23.7822199855927
AWK,2022-07-07,144.00142906640244,140.9683465310196,143.00283813476562,37.632081706418305,32.47282234847965,28.55378930675657,25.67097946878805,23.69087805354199
AWK,2022-07-08,142.956177862528,140.69769956765708,140.79103088378906,37.941042198529566,32.595776179715884,28.645565090064938,25.680472284642025,23.71595558794404
AWK,2022-07-11,141.11765850944565,138.14989676192326,140.14706420898438,37.824965131346175,32.59774119437079,28.61309261861723,25.66552860903426,23.715582847747836
AWK,2022-07-12,141.79896851533303,137.53398026820147,138.14993286132812,37.88340473075675,32.67206300700778,28.67297772596643,25.715240358676088,23.75299247157021
AWK,2022-07-13,139.24184540542927,136.47007289010853,138.14060974121094,37.418936551359536,32.66360339933156,28.66780106124849,25.66328647342485,23.749318386350435
AWK,2022-07-14,136.99266768147766,135.09815878519382,136.7593536376953,37.50829499975789,32.422331545725044,28.649419116956427,25.68049169927064,23.760550224035832
AWK,2022-07-15,138.98982816389466,135.6487837606261,138.65386962890625,37.72374213841445,32.45819254724901,28.73254245777337,25.738570308252534,23.735768853044465
AWK,2022-07-18,138.15923945974066,135.23815728206088,135.38748168945312,37.745104702997104,32.479077912044865,28.978761724579677,25.86000826511674,23.81210332719916
AWK,2022-07-19,137.62730609532542,135.81678661598053,136.97402954101562,37.95226237464925,32.518265397248136,29.01467073744035,25.857629028520257,23.837560957209842
AWK,2022-07-20,137.6366542463125,134.49158463556336,135.05154418945312,38.11470602118035,32.60041396037352,29.029902890036478,25.896669351914248,23.874257755064292
AWK,2022-07-21,136.31139898651125,133.7542860993417,136.208740234375,38.03968017858426,32.431410385424336,28.731952257873594,25.92004079305757,23.81523584044995
AWK,2022-07-22,138.84054908185075,136.71272577518621,138.32725524902344,37.96004009512664,32.47298597752836,28.794628670172763,25.89804257161466,23.860144816140195
AWK,2022-07-25,139.94178967415354,137.64598698116927,139.82980346679688,37.68283745544749,32.466786581329465,28.846986875911778,25.239479129206384,23.82156038280374
AWK,2022-07-26,140.68838359295032,138.90586068828176,140.5110626220703,37.430263578632896,31.936590783433928,28.834910331481623,25.240495777331184,23.81922961160737
AWK,2022-07-27,141.63099259771377,139.36318627764587,141.1737060546875,33.86846415115431,30.7933577083427,28.691723262769493,25.23877754311111,23.700195910352484
AWK,2022-07-28,145.15868807991282,140.10044031367883,145.1306915283203,30.36293966377375,30.46335889027124,28.364969104171912,25.45536453135986,23.865329532000708
AWK,2022-07-29,146.8665311159027,144.7853736712255,145.0653533935547,30.34049797806254,30.449949303698997,28.309499686134842,25.441797658144992,23.863982462033373
AWK,2022-08-01,146.2506265813518,144.28145487482257,146.17596435546875,28.37856089182965,30.24496491664178,27.88026053713756,25.397755725497106,23.874803118050224
AWK,2022-08-02,147.83714012959038,145.00937456067547,145.10269165039062,28.636838667704495,29.72440450332264,27.90167294363609,25.395731017377905,23.850787035095674
AWK,2022-08-03,147.51984887955834,143.36684642573445,147.12786865234375,28.441942362650536,29.83575666110443,27.976719910098907,25.452048314910442,23.82581903685787
AWK,2022-08-04,148.61171720902982,145.82127614224262,148.0517578125,28.149960198536682,29.604109749531116,27.96821792762703,25.426425312697244,23.82469253889695
AWK,2022-08-05,147.9584673553292,143.70282033574156,145.2520294189453,24.885175509660076,29.701111380969497,28.135143340308925,25.4899862448048,23.8266408519887
AWK,2022-08-08,147.76838040277738,144.3850865000712,145.40663146972656,23.892394918671314,29.69805308934718,27.92668459894603,25.490556334487557,23.797037753859037
AWK,2022-08-09,147.33729855290943,145.33169003239362,145.6128387451172,23.880974656736278,29.609925011366435,27.926847181786822,25.485189638283057,23.796935382601855
AWK,2022-08-10,147.61844597720403,145.2848258786972,146.9249267578125,22.464770629404,29.6457488992737,27.93311482127808,25.47369789267615,23.808311288701898
AWK,2022-08-11,148.27448896668037,145.33168013602375,145.45350646972656,22.754844773692295,29.720741282505674,27.948146800169944,25.483745337680347,23.826984045666673
AWK,2022-08-12,148.4619406497269,145.92212089962644,148.386962890625,22.75065621942112,29.969603417986377,28.075527383101946,25.581340959518627,23.888330296597047
AWK,2022-08-15,149.77398864403023,147.6559209588198,149.2397918701172,21.109953312814618,29.794577073812643,28.08537418466514,25.590251255670047,23.88051144095184
AWK,2022-08-16,149.83961548566305,147.64655552087584,149.4834747314453,19.579867823598796,29.785086957905847,28.066601667995734,25.50511839231059,23.835683555073082
AWK,2022-08-17,149.9052313873562,148.24638234026477,148.9586639404297,19.124944993199122,29.80098811206063,27.956385046190945,25.4195793669731,23.837653651281485
AWK,2022-08-18,149.3803863581886,147.78714837645452,148.78057861328125,19.08322645240333,29.582459953545637,27.92243677862889,25.21025572268174,23.824581570968764
AWK,2022-08-19,149.44600187191915,147.5622196660449,147.8996124267578,18.537443310241773,29.618524985342106,27.87575333602223,25.21404705384104,23.805777928147982
AWK,2022-08-22,147.7496085818658,144.84429648768034,145.43472290039062,19.22003578207294,29.748489110105787,27.837594809386395,25.221960139675765,23.824198464780338
AWK,2022-08-23,144.9755627075483,141.73284234813275,143.20425415039062,19.30022932483989,29.82814273340697,27.89995039941791,25.26689989228178,23.85050146218643
AWK,2022-08-24,144.9005697970396,142.6981429030374,144.82559204101562,19.513669861846534,29.649605608752605,27.964025199056376,25.2526172352872,23.865825175997262
AWK,2022-08-25,145.70655334949447,143.9633599614816,145.56597900390625,19.221224487409643,29.654778620525406,27.787859429667478,25.195088120290194,23.871606895642554
AWK,2022-08-26,145.97831679903203,141.55473014143632,141.60159301757812,20.718562370867556,30.19617182799036,28.017646824565357,25.39510304417568,24.023280087262265
AWK,2022-08-29,143.26984866112068,140.27080965324174,142.11709594726562,19.377447452408806,29.904267769861235,27.988329600062308,25.39474654098703,24.02306423782298
AWK,2022-08-30,143.35419299090353,140.5519583825283,141.039306640625,19.314899426156106,29.941065539577323,27.971274420567404,25.405820604430296,23.996874144009244
AWK,2022-08-31,143.01683290140113,138.99623387994055,139.12744140625,19.282311203438404,30.063169143834727,27.954481889588344,25.239398807345925,24.031531936415536
AWK,2022-09-01,141.99523217846195,138.4713637054562,141.9671173095703,19.963757786081658,30.2705072163378,28.14460598134465,25.34639911204506,24.08975504819077
AWK,2022-09-02,143.47601802185935,138.030885522255,138.81813049316406,20.65197200668107,30.315045390803093,28.345383471318087,25.39008596548382,24.14747676708544
AWK,2022-09-06,141.33919744177422,138.71503332416518,139.0992889404297,20.412594206148928,30.046134859771062,28.346694018017992,25.38663990424186,24.134837523308608
AWK,2022-09-07,144.07583478644844,139.79283576157903,143.7103271484375,22.486640341933963,30.613972796060295,28.825000185294876,25.69697458323141,24.358831642533964
AWK,2022-09-08,145.39726754983886,142.10769933779372,144.8162078857422,22.548176796328338,28.553563694320683,28.843866863057826,25.716127405398453,24.231629888227204
AWK,2022-09-09,146.85929630338666,144.77871032116224,145.17233276367188,21.08128265581376,26.232625498800704,28.63092062997471,25.70720299241706,24.22693510441159
AWK,2022-09-12,147.23419738275354,144.6100332454003,147.0186309814453,21.39540809705013,26.24956036007288,28.6395253799477,25.715097450015307,24.222088203697368
AWK,2022-09-13,145.68780935007172,141.94838864897116,142.58567810058594,23.08438199155969,26.220935191517235,28.864163865317927,25.945873825862275,24.393428052534905
AWK,2022-09-14,145.0598856716883,142.3420100650832,143.84152221679688,23.16078813941477,26.233896641705236,28.832556542402767,25.948758660667735,24.390660664901826
AWK,2022-09-15,143.03556350618635,138.12464108501052,138.57449340820312,25.109428207935323,27.234257390964533,29.399392331002417,26.242937947116257,24.657168442701643
AWK,2022-09-16,140.24265416536983,137.8996533845393,139.0805206298828,25.046071458834955,26.999144065316976,29.234088953079706,26.23249265043729,24.641146243511336
AWK,2022-09-19,139.33360512057038,136.6344629397041,139.2211456298828,24.53223664920728,24.694160685918742,29.132474239248946,26.228059434848312,24.56294251183568
AWK,2022-09-20,137.9652602518226,135.24737084490445,136.30641174316406,25.174270024318616,24.521310009952764,29.251441419330344,26.32483429014175,24.63683747794521
AWK,2022-09-21,139.2023807621124,135.24739374555844,135.25677490234375,25.201090541921513,24.551302402367394,28.908630448009998,26.181669807027447,24.643994888025702
AWK,2022-09-22,134.85378704665482,133.20431922099016,133.82286071777344,25.06927027638169,24.057428272404188,28.198301731105307,26.04076342560105,24.66151291978854
AWK,2022-09-23,132.96999862685976,130.18651226763066,132.0609130859375,25.162958140398022,24.180027074683444,27.7424368793807,26.06963477494007,24.69247247500788
AWK,2022-09-26,131.45174017925106,127.88100847548333,128.70574951171875,24.989113275955553,24.338833100529193,28.014538219449204,26.173720824419416,24.812559960853694
AWK,2022-09-27,130.31772891722824,125.27558578523022,126.25028228759766,25.12831301133504,23.672796856093218,27.98442484357971,26.238471397651196,24.645053537353597
AWK,2022-09-28,129.56793223085563,126.01594963951348,128.79005432128906,26.123267185654136,23.60881055456033,27.859615140707373,26.261757485556636,24.692199083386875
AWK,2022-09-29,128.46208946907026,124.68515800150527,124.83511352539062,27.1988733143097,24.06466837216955,28.264489644080836,26.480676242419477,24.843272251012873
AWK,2022-09-30,126.17529462914584,121.7517075900565,121.98600769042969,27.60759170021774,24.3723398505149,28.36195954783277,26.59540110993388,24.93370654679671
AWK,2022-10-03,126.67204068424547,122.57646420349799,125.91291046142578,29.75779916581972,25.21146955141568,28.73860012990685,26.87445337665287,25.14447998963327
AWK,2022-10-04,128.930649765911,126.46580844603386,127.94658660888672,30.17907693234065,25.46880113232554,28.853145621950716,26.77079698678053,25.150187050082764
AWK,2022-10-05,126.33464189136137,123.57926987959536,125.02255249023438,30.505839579700368,25.7196069309388,29.001029953120128,26.88004076944849,25.24389841762509
AWK,2022-10-06,124.75075209351155,122.40775097561114,122.9981918334961,30.31253275825259,25.89171885341398,29.091471623357375,26.934389184679063,25.2402132320524
AWK,2022-10-07,122.57644365970937,118.02165593589943,119.44619750976562,30.906673783953202,26.444241014668524,29.43304048655721,27.105695643272558,25.38274671081537
AWK,2022-10-10,120.75827697691695,119.07131340076593,119.43682098388672,30.303784304385985,26.237587852076473,29.425571985856912,27.09398182331772,25.36887948389545
AWK,2022-10-11,121.1050423016757,118.61208569295252,119.6992416381836,30.268220548809584,25.872564859077666,29.353057268472416,27.07707454495194,25.349053500836423
AWK,2022-10-12,119.71798672947598,117.17817429909071,118.09663391113281,30.34770633628641,25.81659274917684,29.39879240989277,27.046130298809057,25.374344165316533
AWK,2022-10-13,121.34870426679089,115.06009041600338,120.8801040649414,31.40061326843376,26.230665481566717,29.648752021376023,27.182624700887914,25.491476388890717
AWK,2022-10-14,123.457406506687,119.62426024634546,120.3740234375,30.50336107312983,26.14510010329356,29.475539600621808,27.179204918318316,25.46737469999703
AWK,2022-10-17,124.25403366826255,121.84542171939502,123.16687774658203,31.142402778968997,26.40344931295269,29.72609343589689,27.291400105231045,25.579211313485633
AWK,2022-10-18,126.52205538610781,124.0572137309305,126.30650329589844,32.23414899093326,26.859756213746554,29.977956034246034,27.368835763100087,25.707477322219003
AWK,2022-10-19,125.63171700628148,123.73856818620045,125.58485412597656,30.39391104835761,26.83703467762432,29.904902258750777,27.33660929561089,25.673285059357255
AWK,2022-10-20,125.9503670481989,121.20813509148857,121.77044677734375,31.096306931770446,27.446882853846606,30.092321120835884,27.513563025845144,25.832155504735294
AWK,2022-10-21,125.35994533774345,120.91762370881784,124.42274475097656,32.01429116569445,27.188475460642675,30.31230517573627,27.543295786247125,25.930806724081634
AWK,2022-10-24,127.834139645666,124.87259699973818,127.42178344726562,32.710221389354594,27.71884117685724,30.560246079371932,27.660455282513862,26.012210453998907
AWK,2022-10-25,131.18932052300275,127.9091188095791,130.7863311767578,32.94231345926656,28.249302700517077,30.673469225621936,27.83694072878949,26.148029208862738
AWK,2022-10-26,132.38891796842051,129.9990684861067,130.47703552246094,32.75773216351362,28.22618145823706,30.673144444012195,27.836646079322158,26.14809816243752
AWK,2022-10-27,133.96343424341987,131.442362751752,133.10121154785156,31.771676520420545,28.39607559049368,30.852884864562952,27.94176324153558,26.2141567364704
AWK,2022-10-28,136.85938428350994,133.44797512495379,136.77503967285156,32.811583290871184,28.96559631901518,31.115675986447428,27.83306193298541,26.33235994962167
AWK,2022-10-31,136.9062716612058,135.03187037499086,136.21273803710938,32.82396952661423,28.73485463686432,30.951043334913436,27.827328418902514,26.328212714031718
AWK,2022-11-01,140.02712475241609,132.56700276705388,132.93251037597656,33.01074152880439,29.12447894548072,31.02904375135511,27.952865182556057,26.43404998126762
AWK,2022-11-02,134.49764152271294,129.44613129021798,129.48362731933594,33.776782120555396,29.55638298906979,31.210121013467436,28.10592443677253,26.491560826298645
AWK,2022-11-03,130.364582225711,127.19684027650645,129.18370056152344,33.66560983859069,29.468539733839545,30.07656734877348,28.104720278338473,26.010517861692733
AWK,2022-11-04,130.87066029797293,128.18089978751757,130.30833435058594,33.58163929359694,29.503546253226514,28.913372747192657,28.086814769010722,26.022228279346404
AWK,2022-11-07,130.56731436301988,127.69532030020814,129.98348999023438,32.725429350892966,29.15169508598799,28.86209472069252,28.087318099837365,26.015936656395656
AWK,2022-11-08,132.25283113628487,129.13601691278913,131.63134765625,32.36879060613627,29.265304810923766,28.481493124154227,28.127121803446247,26.048156961271772
AWK,2022-11-09,132.27164989075055,130.03055093822022,131.3206024169922,31.901438918809617,29.25504250153385,28.46616713138694,28.115124082170915,26.038493801765462
AWK,2022-11-10,139.03260060831286,134.03251391469155,138.90077209472656,34.276899394098486,31.595988745503554,29.651699720538122,28.855589107154067,26.608723570598286
AWK,2022-11-11,138.58061772680546,134.3526654092065,137.4224090576172,33.621881552643785,31.656366260426605,29.568929897142908,28.701947072880824,26.618026030274418
AWK,2022-11-14,138.9572705294107,136.30184936523438,136.30184936523438,32.74048434694584,31.67371893944907,28.349702004488613,28.691367032513632,26.62874135201389
AWK,2022-11-15,138.59004430828236,136.24537876892873,137.4977569580078,32.549279942268896,31.574118263509177,28.08707339739024,28.710655280102486,26.618490488312098
AWK,2022-11-16,139.2868705312665,137.3282648705497,138.4676513671875,31.655937833556568,31.46854549930065,28.101969214010175,28.71031418485856,26.60760989052263
AWK,2022-11-17,137.6954773930051,133.56169445260934,134.51275634765625,32.54124330428981,31.90050004909552,28.171455067453,28.826335766950255,26.759224246575748
AWK,2022-11-18,138.51472909997867,135.58623913281664,138.14749145507812,31.749059995490914,32.38568184376265,28.47906258716363,28.632776701977253,26.89373004139204
AWK,2022-11-21,141.5467707877536,138.6182814177808,139.0985107421875,31.71916822013675,31.937430070167892,28.321380929421284,28.616106619228397,26.87923117390938
AWK,2022-11-22,141.07597521422616,138.43939036695198,139.56935119628906,31.711663056158812,31.936133747829388,27.892843639782157,28.374749832297574,26.87188278674722
AWK,2022-11-23,142.6390764386134,139.4846031507406,142.43191528320312,31.50077357827338,32.17469497640249,27.79806006558107,28.475568199103485,26.940718011258603
AWK,2022-11-25,144.41876653568963,142.6673222998249,143.9761962890625,31.118682112521114,32.11627600356901,27.71734510436955,28.499554867535604,26.963186206361218
AWK,2022-11-28,142.95921891148456,140.56745484816796,141.01002502441406,31.94581778833736,32.14545310784685,27.896363492053155,28.594921095880782,26.982826402627737
AWK,2022-11-29,140.1908514191501,137.7990865827317,138.55239868164062,32.1569472983935,32.01677715405696,27.926259890862266,28.667105973352964,26.97655349497019
AWK,2022-11-30,143.06278639682318,138.01562996684117,142.9027099609375,32.52771380545823,32.637498285746176,28.348518285566833,28.787613330838134,27.02083565947805
AWK,2022-12-01,146.45269934619216,143.45830267079478,145.0214080810547,32.529781878280666,32.08569808174478,28.344399343791444,28.84038794976943,27.059377736123082
AWK,2022-12-02,145.52990456095614,142.72383218789005,144.76718139648438,30.807213764656343,32.049527814338674,28.34650220241648,28.82472217104472,27.01513010063719
AWK,2022-12-05,144.72008134219715,142.93096379951947,144.23983764648438,30.550098645523526,32.05392203643182,28.30423143915522,28.81118583091472,27.006035603050236
AWK,2022-12-06,146.2643855208288,143.79730272056074,145.65231323242188,30.062280296408968,32.010245504712124,28.263642214070668,28.806382355087962,26.990518912944083
AWK,2022-12-07,146.86702957184409,143.9479510021538,144.8142547607422,29.48448294691353,31.399565357079634,28.01210928765509,28.812655169462037,26.952377170181276
AWK,2022-12-08,146.38677584764423,144.18333613138,146.33969116210938,29.501331453620942,31.421303642613037,28.001036035494685,28.8296749255214,26.974040038883455
AWK,2022-12-09,147.78039622858842,145.47339027639188,147.02708435058594,29.107220030948195,30.43869406166484,27.907122461180183,28.77065931293656,26.974411599932136
AWK,2022-12-12,148.46780522662348,146.0572184103373,147.82749938964844,28.223404520183976,30.447544231104462,27.88972149219689,28.758853461858696,26.97981294314657
AWK,2022-12-13,152.46034566258766,147.1777651371344,149.8990936279297,28.334660701582436,30.562097407293777,27.87051420716649,28.773029670871736,26.881406559463763
AWK,2022-12-14,151.7823831334163,147.90284551995867,149.10813903808594,27.239851455106596,30.236859612818307,27.840605368603228,28.69490593829575,26.87247244622733
AWK,2022-12-15,149.12694423547174,146.30203518388421,147.29075622558594,26.175033056452,30.31011840227189,27.907194051314764,28.71193711934279,26.844968231681626
AWK,2022-12-16,146.63159501814818,141.99874648653062,143.50535583496094,27.561668572077835,30.732767197661058,28.21347503893058,28.873003984137352,26.962406397588868
AWK,2022-12-19,144.98374826010468,141.89518221775353,142.63906860351562,27.65215822401001,30.623736380493078,27.883217899180618,28.78046541290989,26.967295088089188
AWK,2022-12-20,142.81800632440215,140.89707418516576,141.49029541015625,27.796044240047713,30.168887353845875,27.91148420927101,28.739812642804868,26.976729913158465
AWK,2022-12-21,143.96676672678504,141.56559139830986,143.62777709960938,27.877789220229737,29.974356334494356,27.98879663529706,28.77940173790427,27.013810196026128
AWK,2022-12-22,143.50539072011603,140.3885763372279,143.0628204345703,27.90744475962234,29.76838983622974,27.971654164391424,28.76463012132284,26.988311410942075
AWK,2022-12-23,144.2963640339037,142.8556615220606,144.08920288085938,22.955549148297617,28.982863957086686,27.906350130726132,28.736579058971103,26.99198070538622
AWK,2022-12-27,145.85945994387242,143.0722244881713,145.27565002441406,22.755243147520744,28.513602950952798,27.91949690965623,28.743324825576288,26.991968013447515
AWK,2022-12-28,146.46212329358258,143.6842987121303,144.18336486816406,22.731433205791,27.95074733242002,27.780346084300394,28.75281641401121,26.961591160409952
AWK,2022-12-29,146.46212901726656,144.66361429421417,145.74649047851562,22.792794469153126,27.86102547719353,27.833270257726483,28.78059461403968,26.97595891325435
AWK,2022-12-30,145.68057106040325,142.17768256800133,143.5242156982422,23.277424146813583,27.604547723926338,27.939173937245155,28.819854218802533,27.01261931983768
AWK,2023-01-03,145.96304883285404,142.8744826825398,145.10617065429688,21.596143830802347,27.383749821553916,27.95749432441374,28.843806369396763,27.033169121866596
AWK,2023-01-04,149.2117284274034,145.6900026901915,147.99700927734375,21.008066853805996,26.76870618299027,28.087556462664303,28.8183331055441,26.997315389929742
AWK,2023-01-05,148.07232216733013,144.9178345169499,145.6428985595703,21.614952594058003,27.059788561067055,28.02311144451044,28.84414973722572,26.92163121040876
AWK,2023-01-06,149.79550989751306,146.12311957003755,149.0233612060547,22.486526149672216,27.355926945308827,28.247981673391738,28.88348081258633,27.014683113380144
AWK,2023-01-09,151.85770378669167,148.2229867669482,149.19287109375,21.820889617995118,27.1280310361526,28.24735710146945,28.840669300141574,26.970540382004017
AWK,2023-01-10,151.70703952122838,148.27948363288732,151.3868865966797,21.988602250890313,26.920134146937514,28.336509110414028,28.88264411248853,26.993001133204753
AWK,2023-01-11,152.91232025762065,150.7183059246556,151.99893188476562,20.93423088253778,26.869164776878264,28.342294898343827,28.780049762928606,26.921706922123494
AWK,2023-01-12,151.82947750004803,149.7767024170938,150.11569213867188,20.55688920589894,26.77660756173864,28.397264252139625,28.755383588917084,26.931288852957287
AWK,2023-01-13,150.4640514364403,148.63728916410793,149.59774780273438,18.79121766903173,26.418100755234885,28.27317591467845,28.717239883305073,26.928033823157755
AWK,2023-01-17,150.03089768213198,147.38490225531055,148.06288146972656,18.664257904654143,26.498034056425933,28.212033396761566,28.551500164557233,26.939799135851892
AWK,2023-01-18,149.2117034443072,143.18522213888934,143.77845764160156,20.594221931808036,26.419497840336252,28.54662276141483,28.32955946360633,26.961841608601176
AWK,2023-01-19,144.04209447972477,141.36785104924783,141.42434692382812,21.110607370539785,26.415344307979577,28.652860831739304,28.097035995301695,26.994902296578783
AWK,2023-01-20,142.79913720694645,139.51283576027706,142.695556640625,21.07774205690733,26.067505933327688,28.351623674049524,28.109825626783675,27.003939764281842
AWK,2023-01-23,143.66545251362575,140.38854795111376,142.15882873535156,21.043716543582967,25.59852589079145,28.352336214569267,28.023153382182908,26.985492410318017
AWK,2023-01-24,145.68996403527126,141.2642764644799,145.5204620361328,21.946838122577027,25.97785248235704,28.566327397372245,27.965946163106643,27.076738028177
AWK,2023-01-25,146.55628573554316,143.7313765930938,146.43386840820312,21.98184587811017,25.721082405187346,28.493372994633276,27.970699283520673,27.066021068222756
AWK,2023-01-26,147.26251612031075,145.28507393168837,147.08360290527344,21.96171599684204,25.168944344937966,28.32538190017796,27.894882492648986,27.01202059580708
AWK,2023-01-27,148.6843582798664,146.4432737729686,147.85572814941406,21.61940092337624,25.157337509047263,28.098475529807242,27.83611270872017,27.000698437445582
AWK,2023-01-30,149.2117121050044,145.87831116171193,145.95364379882812,21.88048608464181,24.7637848387438,28.179978889751066,27.8796937458731,27.029548446448477
AWK,2023-01-31,147.35667419433594,145.12498632577598,147.35667419433594,21.79368399200781,24.12373511385147,27.745245804012026,27.865328601382238,27.02504058007211
AWK,2023-02-01,150.18158384354172,146.14195593089292,149.3623504638672,20.67138955398479,24.216463224583308,27.800571777399547,27.90419555243132,26.994897149639385
AWK,2023-02-02,153.100653819663,148.80679427503324,151.226806640625,20.790105484160517,24.26971170335098,27.864921337328713,27.93563206445185,26.991071964762924
AWK,2023-02-03,150.61472740648102,146.04779984824674,147.46966552734375,22.05638914799958,24.90430986825531,28.087757186283714,28.099480565334538,27.076771506231363
AWK,2023-02-06,147.9849868094059,146.3680199020856,147.89988708496094,21.683169671586498,24.808912097468415,27.657543697171256,28.043590197531543,26.997954738941388
AWK,2023-02-07,147.82425627476357,145.08203346693946,147.01104736328125,21.732674859459358,24.847411406402507,27.642850149005625,28.04839058805713,26.97385101501434
AWK,2023-02-08,146.71794400735104,142.1791030537471,142.49114990234375,23.545582602296136,23.089826315548724,27.44905457298512,28.295143682744644,27.152827205802748
AWK,2023-02-09,144.8078117714822,140.54320136114373,140.94979858398438,23.59117051748293,23.09347123510654,27.500468798593005,28.237555041647962,27.173891068920934
AWK,2023-02-10,142.28307601586394,139.72998325376668,142.26416015625,23.689805369716737,23.092797615386214,27.538502539147906,28.25836359713969,27.190040891173467
AWK,2023-02-13,144.10810381545514,142.34930347563744,143.45565795898438,23.59960052749715,23.087073366088127,27.353213489066334,28.245282431330633,26.978713027256347
AWK,2023-02-14,143.6636470356828,140.41082581383614,141.1862030029297,23.631942593516804,23.297541847121227,27.447159345782534,28.26866155777912,27.01883172802692
AWK,2023-02-15,141.4226017558582,140.07986413337247,141.1294708251953,23.379171605893802,22.48431894965659,27.38993260930604,28.173604560335104,27.001396478456176
AWK,2023-02-16,139.84347164986502,136.30695562909185,139.43687438964844,22.745914633497357,21.97677020759552,27.375358284612783,28.206936270787104,27.014998449012467
AWK,2023-02-17,142.45328750482014,138.52909037484648,141.46987915039062,22.827097687929648,22.130864911237456,27.13598712085144,28.254507983822347,27.05109912816659
AWK,2023-02-21,140.82688218589885,139.30449429510577,139.62599182128906,21.918982313665826,22.289960402087612,27.03688190403558,28.191286344515753,27.057212718895236
AWK,2023-02-22,140.59050816974872,138.34001067739385,138.69932556152344,21.933191729140972,21.92325009711886,26.89249995941293,28.20148085100237,27.065227718790247
AWK,2023-02-23,139.34231443365294,135.73961440920868,136.03274536132812,21.853422850226316,22.13520647939588,26.59994884261472,28.29258932477418,27.133440074934356
AWK,2023-02-24,134.7089203228908,132.70425729213068,133.85787963867188,22.02427200274967,21.97537388316367,26.46288100257533,28.32015787619061,27.170972431076525
AWK,2023-02-27,136.2029571794484,131.6262989964056,132.17474365234375,22.030395873442398,21.83803957357564,26.08452222981298,28.252860075976965,27.169772546688876
AWK,2023-02-28,134.13210073309494,130.97381555396979,132.74208068847656,22.168166910295056,20.846325232041394,25.97286324904963,28.16236191288917,27.034772392840072
AWK,2023-03-01,132.94067339047282,129.26232392167057,130.6239776611328,22.373527718674293,20.795647662848378,25.83459659937307,28.168197087557527,27.06162980816613
AWK,2023-03-02,132.0139610897396,130.1511456513063,131.02108764648438,21.140767219373224,20.818687689319507,25.697279844875776,27.472774644626526,27.063661377768977
AWK,2023-03-03,132.99736862454037,130.33080950246705,132.09906005859375,20.990775552056977,20.911693819019384,25.271271369009753,26.770715721855147,27.066802807484315
AWK,2023-03-06,133.59310279774266,131.635736821123,132.30709838867188,20.75566892922762,20.7913014988842,25.27082611674953,26.737859692472394,27.001818193029877
AWK,2023-03-07,132.80828543606486,128.71387367663056,129.66893005371094,21.374495421804063,21.120362094725262,25.492250719793702,26.5871694880287,26.789323693427004
AWK,2023-03-08,130.94546903707817,128.4491087756634,130.71853637695312,20.15478877769774,21.065887888298533,25.41434840440416,26.59010376865998,26.781151385235034
AWK,2023-03-09,130.99273864803135,127.86283430284132,128.4774627685547,20.31152726708971,21.253943821793275,25.325201419860594,26.572862350367092,26.650885894460703
AWK,2023-03-10,129.75403308483078,125.64070535670348,126.37826538085938,20.428716741462154,21.38961590639298,25.45915545392457,26.550385330731658,26.697942577158035
AWK,2023-03-13,132.1369082317676,125.93381836791228,128.95025634765625,21.510104450375874,21.632016868286144,25.400332423766596,25.879931450806716,26.774711332799455
AWK,2023-03-14,131.17239315321396,128.20323779843196,130.1795196533203,21.731592156436445,21.762473541343912,25.132529801584923,25.722034777229112,26.784907057681558
AWK,2023-03-15,133.60257961733348,128.72333979683884,132.97850036621094,22.60514346665253,22.18540519041308,25.33232737700527,25.84374455611082,26.869162605921144
AWK,2023-03-16,135.19114584911543,132.2030748389705,134.8885498046875,22.654447839257376,21.83195618934492,24.916988009732453,25.714982426249133,26.819336557414665
AWK,2023-03-17,134.50089577130456,132.36385045220078,134.0942840576172,22.160735986388815,21.83051143324516,24.721730210296805,25.717515011250207,26.824754022778635
AWK,2023-03-20,135.33299551172502,134.00917372459998,134.803466796875,21.37828929899131,21.817762522106143,24.455088727111498,25.61413206743886,26.81714269953751
AWK,2023-03-21,134.9736614060563,129.3662994031576,131.3047637939453,22.331975373382363,22.178568818025227,24.47789539481004,25.53248313920718,26.92882694120072
AWK,2023-03-22,132.47733246256269,128.94081619172383,128.95973205566406,22.69568577401429,22.43115939870005,24.64265048002438,25.45209929412145,26.966191741650412
AWK,2023-03-23,130.69960616682945,128.15596373755312,129.28121948242188,21.288256799828478,22.372641282125077,24.43652983591293,25.36832424980613,26.966879004672084
AWK,2023-03-24,134.2077346217603,129.35686220858358,134.1226348876953,24.096466001389995,23.647892654963083,24.75473108355475,25.736440291486296,27.21613847213203
AWK,2023-03-27,135.90035797389243,133.2810665111922,133.97134399414062,23.873747508808133,23.612391390868055,24.74721564260941,25.672753114390467,27.165457866511243
AWK,2023-03-28,135.43700987918677,133.10139869641236,133.536376953125,23.672927794383085,23.482387000221195,24.446542928702275,25.670088951312685,27.15131193901932
AWK,2023-03-29,136.5622649641306,134.1699206348287,136.29750061035156,24.207070918830002,23.722958800551062,24.290773360238845,25.73166294644171,27.204892519074285
AWK,2023-03-30,138.065767353426,136.35424957220062,137.95230102539062,24.509565508719973,23.747573367596942,24.355360067900232,25.77174456577765,27.167402507819265
AWK,2023-03-31,139.23831274089568,136.66630336484218,138.51966857910156,24.308592838755416,23.38264461617068,24.32790834133002,25.748506901631856,27.156364586691257
AWK,2023-04-03,138.53858494461434,136.17460654486513,137.5268096923828,23.979348391409097,23.211082859979314,24.354593528846426,25.71102835029249,27.164395965960964
AWK,2023-04-04,139.74891135394435,137.31874957271518,139.1248321533203,23.95677958139995,22.824222987249133,24.342011840262323,25.590662498231747,27.115170687737756
AWK,2023-04-05,142.64243975997806,139.3045039438991,142.03726196289062,24.6124366238164,23.256531546546295,24.546506236729236,25.67038853658376,27.1557841513942
AWK,2023-04-06,144.02299132750426,142.2358245619109,143.61639404296875,24.01583280356839,23.167384498989342,22.951313766662977,25.645358623749708,27.16589514761749
AWK,2023-04-10,143.66362600522126,140.36352282636386,143.6258087158203,23.416751121012837,23.14570322905585,22.88309302946724,25.626850604020646,27.153010763224906
AWK,2023-04-11,144.01352236771484,142.5762199060945,143.7865753173828,22.986307929988193,23.02396291801576,22.84141428695334,25.563692292736718,27.122071609591348
AWK,2023-04-12,145.08205393946707,142.47222736690406,142.61407470703125,23.199889405434323,23.06837625215202,22.844734401147562,25.551707571422057,27.12410116369282
AWK,2023-04-13,143.77714084283645,141.0065512011122,143.7298583984375,22.57110835088312,23.04778676008879,22.850730122016294,25.56173989497242,27.13425249610567
AWK,2023-04-14,143.2097617558682,140.37298860350933,141.5549774169922,23.195145124100108,22.466834885159326,22.503122949746025,25.620370937579263,27.17274295524707
AWK,2023-04-17,142.77480106011626,140.5337404095437,141.68736267089844,23.13775812830905,22.210940460233054,22.10920242846404,25.40891734949313,27.161361125746637
AWK,2023-04-18,142.11288569359246,139.3612264494311,140.04205322265625,23.49184946036777,22.259479370595482,22.16399736396891,25.4456053730459,27.1792505495132
AWK,2023-04-19,141.7630335849733,140.20281384765232,140.9025421142578,22.566177631269245,22.286213697699292,22.17872627764915,25.43972794987316,27.094865710015743
AWK,2023-04-20,141.49825546212313,139.63543979034608,141.47933959960938,22.51450695357771,21.761174456904556,21.95085720393594,25.430409351788274,27.071002467678042
AWK,2023-04-21,143.54075280170264,141.48882154684935,142.71807861328125,21.763296687892396,21.79946464921715,21.927294391917428,25.397807470174428,27.015702155433203
AWK,2023-04-24,144.11755070231246,141.98997061380925,143.26651000976562,20.92304965717995,21.794170879764565,21.681915920259335,25.39078672578562,26.986463967276634
AWK,2023-04-25,144.66600808927313,143.48401904672963,144.12701416015625,20.37953127292647,21.803082648463548,21.5131895177369,25.30109217070919,26.985879828668256
AWK,2023-04-26,143.76764592426042,140.7701242558939,140.94033813476562,21.64560279484874,22.116960372944213,21.249957460287696,25.438072610356826,26.997784281245547
AWK,2023-04-27,141.1294875108883,136.619013417775,140.38247680664062,20.98432580143109,22.025410047801266,21.124091720675533,25.441308265694296,26.954095631927938
AWK,2023-04-28,142.04669932936574,139.32339228415458,140.1838836669922,20.665220414428482,21.822193202642197,21.123576455818853,25.418254370719794,26.92440663000531
AWK,2023-05-01,140.37299681179474,138.59529534379632,138.61419677734375,20.8842149012351,21.737413531115052,21.188550920289767,25.42513733379045,26.798181686130107
AWK,2023-05-02,139.56923605112982,137.02559397662043,138.7560272216797,20.846770226066642,21.172719420012314,21.127424043868555,25.311436830988647,26.470199226223233
AWK,2023-05-03,141.0065637762159,138.31163734805477,138.51966857910156,19.206261018656004,21.15727092659241,21.1113863018552,25.301482279453065,26.24258868153666
AWK,2023-05-04,140.30679610335486,138.12248321895487,139.7772674560547,18.364447179195288,21.23230751554984,21.093642540396036,25.325077633088238,26.25283024480945
AWK,2023-05-05,140.79850917196552,139.1153581664178,140.3540802001953,18.369006833505264,20.28628559914164,21.09030798060423,25.3278462967628,26.186435072891527
AWK,2023-05-08,141.39732652349744,139.02201877647775,140.11465454101562,15.305217306683208,20.167868903284166,21.069961049317627,25.328164405545117,26.041242454710083
AWK,2023-05-09,140.5707430372905,139.28808524715117,140.50424194335938,15.289733629402447,20.08251338920873,20.949329608892842,25.32200204516289,26.03908201658317
AWK,2023-05-10,142.69899109524556,140.751235835423,142.2714385986328,15.536071124137296,20.175985249347526,21.03911264744556,25.290209594883994,26.009181527290536
AWK,2023-05-11,142.54698296019566,140.62773003112247,141.9674072265625,14.56664766808422,19.91060072317866,20.95587107615784,25.225546968118344,25.962702524091696
AWK,2023-05-12,143.69662414588726,141.72986235242158,142.29994201660156,14.213741626152663,19.915622668533377,20.55138535337908,25.191319358239227,25.96161015145068
AWK,2023-05-15,142.94605113782845,139.6681285709145,140.2001953125,14.904277362910582,19.997004899609294,20.663828957205073,25.244039486561633,25.976974000458608
AWK,2023-05-16,140.10515225861545,136.779721561622,137.48280334472656,15.854038493077443,20.167618152742076,20.85536348961522,25.138879876841543,26.047621180966722
AWK,2023-05-17,137.7678445539426,136.01962159216095,136.44717407226562,15.608566022016172,20.050622290218396,20.74173186387932,25.149965759530513,26.056316672310526
AWK,2023-05-18,135.74408951584496,133.4828062820545,134.66094970703125,14.638103211562981,20.181829657291146,20.832215493900254,25.18157324745582,26.08784533723188
AWK,2023-05-19,135.95311406004086,134.33790765203784,134.39491271972656,14.1234746517505,19.79631415157785,20.796093580763415,25.13201343351993,26.04739956378505
AWK,2023-05-22,137.29278720680745,134.24288569331685,136.4091796875,14.958670475689004,19.751013896284572,20.895561270115653,25.07898110606832,26.08452251831894
AWK,2023-05-23,137.83436687131663,135.66807283718913,136.34266662597656,14.939427872879854,19.566332693467128,20.86610424718102,24.939421394340883,26.082138780480303
AWK,2023-05-24,137.3118164767598,135.6395902742253,136.02914428710938,14.816665542139507,19.55874219231532,20.788302967055706,24.93948840067568,26.013471441815174
AWK,2023-05-25,136.28562809014053,134.48038592131644,135.34500122070312,14.576441623971176,19.29009676106607,20.66704565657604,24.63982881912569,26.01808850904143
AWK,2023-05-26,136.36166204488654,134.78445432730518,136.30465698242188,14.245566682377273,19.329542008140404,20.620826926345167,24.637187402581958,26.00602867817724
AWK,2023-05-30,138.3379211948577,135.89609800952616,136.0576171875,14.231037908981174,19.271640870412632,20.361553306607725,24.63555392102741,25.973452056984424
AWK,2023-05-31,137.38779692955634,134.76544806926773,137.24526977539062,14.170885302247635,19.343769164270512,20.270036909928628,24.61065223784648,25.91358504968327
AWK,2023-06-01,137.30228321857396,135.1360037221187,136.4091796875,14.104404213944886,18.909712912467494,19.93313636477351,24.356319777353583,25.918484287534515
AWK,2023-06-02,138.8889953251465,135.2500364129608,138.51844787597656,14.821968912708435,19.086504729064416,20.0967336939356,24.402964255713382,25.960750894683816
AWK,2023-06-05,139.59208063577046,137.40679466064879,138.63246154785156,14.560152600841695,18.703538350174448,19.947480464851125,24.000712433639787,25.87882739046441
AWK,2023-06-06,139.31653562154992,137.53979581058408,137.56829833984375,14.613413242577847,18.43264676229009,19.96090967391935,24.014032669237263,25.88967772603685
AWK,2023-06-07,139.86763075218718,135.83910350771927,139.74411010742188,15.29192971239453,18.261084239931318,20.049387428664694,24.085980155439266,25.93842373890707
AWK,2023-06-08,140.09564685190793,138.37592637703688,139.7821044921875,13.891571484255314,18.182955282086883,20.045151173248822,23.95380071479716,25.913380024434176
AWK,2023-06-09,140.40921090155385,138.1099144061446,139.34507751464844,13.874397441611308,17.71323265880929,19.98963243821088,23.93870403128364,25.831241225862428
AWK,2023-06-12,140.12418163664108,137.4543374563745,138.7465057373047,13.92073211281009,17.51724451388867,19.460838645403815,23.91005027389393,25.757574804174784
AWK,2023-06-13,139.15503092327722,137.4923155542175,139.0600128173828,13.545806243443048,17.470163086880863,19.291638110101474,23.857551178638627,25.712852856846908
AWK,2023-06-14,140.78922642035764,138.6514495604349,138.82247924804688,13.552902306575623,17.44906635888586,19.23754227657279,23.657159193061545,25.16315568159605
AWK,2023-06-15,141.3118289190741,137.68236559137316,140.70375061035156,14.087760843406286,16.729745701923836,19.35198755837902,23.590618882254606,24.63527191725031
AWK,2023-06-16,142.5469637934114,140.760727773001,141.54933166503906,13.95477694407139,16.271846528046282,19.00897279334726,23.487418864220782,24.61648458232821
AWK,2023-06-20,141.45433138834935,138.85098888214105,140.7227325439453,14.02435694311997,16.341071401112632,19.000252142642317,23.195298462088754,24.419646446915344
AWK,2023-06-21,141.25480563499812,138.43293874636475,141.22630310058594,14.049096127131374,14.596852059294454,18.995208562769015,23.024817831982407,24.412141053460406
AWK,2023-06-22,141.66338726388673,140.25719436698338,141.0933074951172,14.032622078701024,14.59581686331991,18.97380315165766,22.73072883898973,24.338049215754264
AWK,2023-06-23,141.98640517199178,138.07190245211277,138.4899444580078,14.5405267642399,15.11177702503082,19.089867124620966,22.77010886942461,24.341692136306072
AWK,2023-06-26,137.97688322644794,132.85572009378902,133.2357635498047,18.205846974215607,16.581533536919057,19.957211268262032,23.06918858739195,24.057173734972725
AWK,2023-06-27,136.01012388779574,132.3711649608458,135.75360107421875,19.148889252412932,16.84875280040524,20.070359072322347,23.085171221434052,23.992491553667723
AWK,2023-06-28,135.64909289922326,133.01724758408812,133.9483642578125,19.06428332476714,17.035188450645055,20.050935105493444,22.87124138590793,24.02561891857545
AWK,2023-06-29,134.43293586908945,132.0766199108164,133.46380615234375,18.29692270891114,16.99146625248907,19.684390513907857,22.876648903014967,23.885630091255003
AWK,2023-06-30,135.71557351334866,133.21675974052994,135.63006591796875,18.835627725030342,17.154043142528515,19.861611498181777,22.94920773969954,23.935078062987422
AWK,2023-07-03,136.87475321860296,134.57545669092437,136.78924560546875,18.584336642024716,16.68751717001849,19.89948372958772,22.905465614955965,23.86585992049244
AWK,2023-07-05,139.46857087383358,135.84860399030035,137.5778350830078,18.62886057769874,16.563779988521297,19.31363352986905,22.756637205063974,23.67077168661821
AWK,2023-07-06,136.98875518172167,135.00300118528602,135.31654357910156,18.790172372008556,16.8782534587197,19.413574646925696,22.841236251736024,23.597446451772896
AWK,2023-07-07,135.16449777005255,133.6918186636558,134.02435302734375,18.983830998927974,16.96359865715202,19.405020553206285,22.71837745688692,23.552323702631465
AWK,2023-07-10,134.38542604837667,132.74171699228046,133.5873260498047,18.993520135171874,16.906545331519908,19.356365020669962,22.5314778106722,23.544598614185688
AWK,2023-07-11,135.44005754770075,133.40679459237978,135.42105102539062,19.38158000196507,17.079091807240076,19.333336179934552,22.574829648154616,23.53506622567794
AWK,2023-07-12,138.67999649603993,135.57308939691993,138.18592834472656,20.155923022680657,17.358695004714065,19.608701657817797,22.38692490549426,23.618676955463677
AWK,2023-07-13,138.2714156415933,137.27378347219621,138.19540405273438,20.144873267620518,17.356754582753467,19.516360206708367,22.249201203936334,23.575021321026025
AWK,2023-07-14,139.1645377840934,137.1502813621017,138.91751098632812,20.047231391472067,17.23331084765093,19.39542257501088,22.083964164272736,23.580776736245763
AWK,2023-07-17,138.6799635099282,136.85571453864148,136.8842315673828,20.443304370363872,17.439052224314235,19.424712610883685,21.94586166399392,23.605573477982283
AWK,2023-07-18,138.13840740793088,134.31890819682923,135.53506469726562,20.11606583139637,17.518065949015373,19.459001128431957,21.976634222349414,23.585741852302462
AWK,2023-07-19,138.19543427409945,136.21917602477262,136.7987518310547,20.320951732239553,17.531388873089018,19.27121832805887,21.87823615571726,23.483233775591593
AWK,2023-07-20,140.0671696085578,136.02914574320565,139.61111450195312,21.063024963056943,18.033605886815245,19.361464721922285,21.773291118778147,23.542451488729473
AWK,2023-07-21,141.9008876805667,139.6110875801924,141.39732360839844,20.8931920914314,18.18784397516573,19.344180754340226,21.81825877519507,23.532833757258224
AWK,2023-07-24,141.56835993222998,139.31657253768216,140.35220336914062,21.015575360644647,17.664793957853906,19.37777879403896,21.64080215844451,23.530070369168595
AWK,2023-07-25,141.1598109781041,139.49709537580492,140.87477111816406,21.016783747760076,17.662580616556106,19.19901391101361,21.411800955994693,23.482629591035085
AWK,2023-07-26,141.94838977711944,139.70609861113363,140.40919494628906,20.99955573653508,17.673599026552843,19.206258211623084,21.413939027122865,23.460278163943485
AWK,2023-07-27,143.67760250580582,139.95312205219702,141.08377075195312,21.03190893121197,17.541416004038034,19.180014959530133,21.3979381349797,23.460139463338027
AWK,2023-07-28,142.0339317207105,139.08854380806736,139.61111450195312,21.264208337524988,17.679209937929272,19.26083430114619,21.434283204787192,23.47886391534865
AWK,2023-07-31,140.80824376065993,139.4495746553044,140.07664489746094,20.914588617874255,17.687328105073096,18.97770922432104,21.388013642179505,23.316326451796435
AWK,2023-08-01,140.25718487063165,137.1597883976162,137.2548065185547,21.623988073634408,18.0802275948166,19.234142851722627,21.525533967656965,23.403739980963824
AWK,2023-08-02,138.77498164381274,136.43768686955087,138.40443420410156,21.739638226830944,18.14493344898718,19.060616504588744,20.497417153930066,23.406252822540015
AWK,2023-08-03,138.03389791853493,135.041015625,135.041015625,22.783450491904432,18.818495246972127,19.289791656093204,20.664702349734306,23.522267034449005
AWK,2023-08-04,136.0101153447516,134.15737820775863,134.88897705078125,22.783125967576247,18.805447856718672,19.036778850304646,20.642660916289678,23.47948623738307
AWK,2023-08-07,136.4530679894437,135.15442373698548,135.69871520996094,22.28678711078102,18.65726728625121,19.002541670497713,20.628725742265914,23.47872621064498
AWK,2023-08-08,136.3193962217885,134.2377536274678,135.66053771972656,19.15655300907234,18.655406493138912,18.70606098427056,20.61141949549434,23.4031722024629
AWK,2023-08-09,136.63446652988,133.9989896501656,134.1135711669922,18.667122019356512,18.771768261878904,18.65960062327702,20.36891973628688,23.429536670659186
AWK,2023-08-10,135.39316031624617,132.70993535007253,133.1873779296875,18.368326122062015,18.590756266516426,18.668478333347576,20.135957994050045,23.438187624232096
AWK,2023-08-11,134.17088995692427,132.77676597631444,133.8748779296875,18.40174540009389,18.214204462535033,18.667570248971316,20.128521111356136,23.426035512794694
AWK,2023-08-14,136.00428149136593,132.729032503239,135.7273712158203,18.235538514349933,18.381113681266665,18.314363289694107,20.191806792814475,23.44807041277928
AWK,2023-08-15,135.46956152107452,134.30460038685226,134.34280395507812,18.28757099705937,18.301778057584972,18.157072554655773,20.079337849140796,23.380799937302708
AWK,2023-08-16,135.04939513021583,133.37834617513553,133.70301818847656,18.224249728551545,18.323383838505844,18.17248861140198,20.042510346884814,23.376767075287557
AWK,2023-08-17,134.9634570507997,131.94601662642114,131.96511840820312,17.99090546586726,18.24398914144841,17.33240744360546,19.952348040334915,23.409988702894164
AWK,2023-08-18,133.5693495898733,131.7646171021093,132.69085693359375,17.883459052550286,18.28589425862875,17.354798399394618,19.858627371263516,23.41562609560493
AWK,2023-08-21,132.7671999411421,130.41819107217785,131.28713989257812,18.114514150762215,18.401278877489933,17.4283952782826,19.54701958751522,23.437624289054757
AWK,2023-08-22,132.58580738098078,130.6282899319131,132.15609741210938,17.745828519446512,18.435605935394143,17.14718457711634,19.481695902534067,23.441922763062625
AWK,2023-08-23,133.72212639920616,132.4903308155694,133.25424194335938,16.83056298416179,18.458174589098007,17.087968285062196,19.50884556579866,23.40032719265859
AWK,2023-08-24,134.54330280930088,131.63091495287878,132.0128631591797,16.98932893038581,18.547818522014843,17.13231044275065,19.53366987848049,23.36873146918558
AWK,2023-08-25,134.5146716163165,132.49031968261022,134.08497619628906,17.600892294201977,18.746134223093915,17.28580084757131,19.588779711437756,23.39417879632656
AWK,2023-08-28,134.90615639418226,133.7220937070657,133.80804443359375,17.129086354192992,18.711701082380397,17.183930026473856,19.579544148631282,23.388531553778584
AWK,2023-08-29,133.99902782009156,132.71948528309366,133.75076293945312,16.908093897479233,18.42469876987107,16.84734435603974,19.53640572863413,23.227647950036324
AWK,2023-08-30,135.3740551400598,133.05367693443392,133.235107421875,16.67892824563163,18.43444175375644,16.75075976329907,19.530643473444904,23.227237150316288
AWK,2023-08-31,134.2186419021771,132.38526433269413,132.4807586669922,15.461573880095303,18.406008442918232,16.768442781164,19.527010178422604,23.221889886607368
AWK,2023-09-01,133.59798389433323,130.16994972682275,131.5831756591797,14.899793638252248,18.129271181332143,16.792370845914657,19.46380252040074,23.192289673238957
AWK,2023-09-05,131.48767463520701,129.06227290547295,130.22723388671875,15.009819159813894,18.227970626543673,16.81990301495883,19.489760180410336,23.123317246057987
AWK,2023-09-06,131.2298693496468,128.9381506400445,129.6065673828125,14.905859850281713,18.238615226146297,16.772667761616905,19.4475973714321,23.021174858186253
AWK,2023-09-07,131.86965808047094,129.69252088885924,131.49725341796875,15.720514081635217,18.506774701326737,16.795357746156284,19.29509587769848,23.067317937622786
AWK,2023-09-08,131.8123236747684,130.73331349427554,131.5163116455078,15.598461648757597,18.496472235513608,16.793824411233476,19.28384368012323,22.830602197602897
AWK,2023-09-11,132.91044677798817,131.22983983654268,131.9842071533203,15.491365536126631,18.518407281450944,16.715246515397784,19.268130028513365,22.81980062968557
AWK,2023-09-12,132.39480988280644,130.9624822696334,131.35398864746094,15.433026851322792,18.29266820643404,16.693350144632007,19.187822342446392,22.822294107245114
AWK,2023-09-13,133.69345632235746,130.92429538709433,133.02503967285156,15.007078486616088,18.453550882911145,16.81065080378054,19.246138717653068,22.822315412049516
AWK,2023-09-14,134.78203392825273,133.48338953340223,134.6197052001953,15.235405351605674,18.613983541450853,16.863448015520234,19.280715632824283,22.652588469012187
AWK,2023-09-15,134.6197078334614,132.11791333857067,132.633544921875,14.142573013872662,18.81398680530375,16.99941309609222,19.32932361789394,22.681608073129905
AWK,2023-09-18,132.9009088885262,131.48768293873565,132.17520141601562,14.166307437289207,18.820476099388287,16.969930254636537,19.314410473028847,22.37805552801436
AWK,2023-09-19,131.96513896813963,131.04845728525177,131.3635711669922,14.107135785500416,18.494987698655137,16.63931507694318,19.279283730633225,22.382674498246676
AWK,2023-09-20,132.7385784242624,130.65693580723263,131.01023864746094,14.112556002570537,16.741098434951017,16.634189452046567,19.20059048500191,22.383683798726484
AWK,2023-09-21,130.8001589225439,127.50580819114255,127.52490997314453,15.71896216960268,17.139618103559233,17.1489653462407,19.404967449146902,22.445593988087733
AWK,2023-09-22,127.62994556080035,126.1307689647361,126.28355407714844,15.82313221120806,17.04436982706228,17.127922394723406,19.281009731211057,22.453381448417048
AWK,2023-09-25,126.86603431865365,125.49099745043797,126.71324920654297,15.764569182743543,17.058614223600152,17.13896094773141,19.202942344842143,22.432091544310687
AWK,2023-09-26,127.22889777904463,123.78176193619694,123.79130554199219,16.236285448411742,17.295954882169454,17.504442932012633,19.178841471041512,22.513364978467973
AWK,2023-09-27,124.15416731131663,120.47785377325661,120.64018249511719,17.414751519358447,17.864961974387377,17.859122381397782,19.399273110089872,22.513936117097057
AWK,2023-09-28,121.13672159775348,117.48906089060331,118.00469970703125,18.221665086604244,18.249745071245407,18.132736240345157,19.464724413139205,22.539641425224836
AWK,2023-09-29,119.6471134419032,116.75380528802675,118.2434310913086,18.104619031404223,18.03642810813069,18.142534680462198,19.45828941224584,22.44960090020634
AWK,2023-10-02,117.77551448770794,113.60267162637392,114.34748077392578,19.83691673078943,19.087329584941667,18.8164320693818,19.78328868014867,22.482691877696944
AWK,2023-10-03,113.82228639464961,110.18417696193315,111.72154235839844,20.475819797331898,19.548057821291952,18.967027654138874,19.94834368075802,22.484168024859187
AWK,2023-10-04,114.08967775347388,110.60434559589785,113.96553802490234,21.488496239618964,19.815213151566883,19.29469670969411,20.082690646756532,22.345946134048763
AWK,2023-10-05,114.46206530489458,112.53319356340141,113.37349700927734,21.120330019978947,19.226313778640918,19.286725622410597,19.811646125030556,22.29012463026356
AWK,2023-10-06,113.91779317306467,110.45155566359834,113.48809051513672,21.16458006867822,19.234324584269153,19.18726429045107,19.730836979414,22.17438036469112
AWK,2023-10-09,115.36920740988475,113.12522907799767,115.35011291503906,21.22468538384846,19.573612447834137,19.200825633154412,19.80290733338631,22.178722499358397
AWK,2023-10-10,117.20260099484867,115.30238159068305,116.3623046875,21.58310304021673,19.568423705800562,19.24962536549079,19.83516346387387,22.004039989561633
AWK,2023-10-11,117.80418167872786,115.11140589055326,116.70606231689453,21.662669924476972,19.543782194861244,19.172653643534836,19.626356433995728,22.006158752703136
AWK,2023-10-12,116.47689415472766,112.57141009111527,112.99156188964844,23.109409100425804,20.319181661984825,19.79078318711946,19.947997993033802,22.239949877208932
AWK,2023-10-13,115.00637123135846,111.65472227320961,112.71464538574219,23.12605863877489,19.71955492446962,19.610918423786565,19.93611520150796,22.201296193060056
AWK,2023-10-16,114.62440655756895,111.75975130057097,114.5671157836914,23.95760501242932,19.85930538184765,19.821840115934666,20.031349266482724,22.137952252438247
AWK,2023-10-17,114.98726985076162,113.38306248173653,114.87268829345703,23.983643417453226,19.88195875275664,19.833927167478578,19.989959618117563,22.13618952462937
AWK,2023-10-18,115.05409804741788,111.20591244774315,112.81011962890625,24.32172770586124,20.053844434510808,19.998120423659753,20.045810481494502,22.08630355811095
AWK,2023-10-19,113.80321712640864,111.61652916918337,111.74066162109375,23.669207591734747,20.089068264882837,19.98387823556491,19.988353178984063,21.955949985425697
AWK,2023-10-20,112.43772190633659,110.42291373776837,110.57569885253906,23.652184809196775,20.053645701478267,20.029270087705374,19.945780287901695,21.97247337596027
AWK,2023-10-23,111.53057619008574,109.09561641082102,110.28922271728516,23.508101717681967,20.010724339748432,19.954858020024336,19.75053134320449,21.761444239256992
AWK,2023-10-24,113.16343018533118,111.01493880631403,112.4568099975586,24.63900910401163,20.52719000355164,20.237803584342075,19.90044335629898,21.741335215034287
AWK,2023-10-25,111.99847786436247,110.45156132981536,111.2441177368164,24.097311969015994,20.288078583273563,20.095245771937485,19.923928269388142,21.62968605014789
AWK,2023-10-26,113.71726049496837,111.70245968183153,112.6955337524414,24.16657139895849,20.4249586762051,20.233550404461965,19.681821270202363,21.507262268688578
AWK,2023-10-27,112.68598498236626,110.67117697637724,111.13906860351562,24.137408531613826,20.06581025388402,20.30134760748072,19.705831952687156,21.547754928539874
AWK,2023-10-30,112.31358237762608,110.30831794136442,111.44463348388672,24.258494936646947,20.098948470349953,20.11515684352167,19.671471215344308,21.45155814702749
AWK,2023-10-31,112.79103656611534,111.07224038164938,112.34223937988281,24.580539700820687,20.142917395300422,20.17754320598727,19.669297862530396,21.28581615352055
AWK,2023-11-01,114.05147927796857,110.75712129444241,113.44035339355469,24.952009429232053,20.30752004811058,20.26525696621732,19.635776214311583,21.3090363438051
AWK,2023-11-02,119.51342818072196,114.81538773310382,118.87364959716797,28.2025843857155,22.64249257503445,21.69348644380632,20.4405440828441,21.700678717863404
AWK,2023-11-03,125.5578587299809,121.1653810330179,124.17326354980469,31.07823781694744,24.46934979005523,22.841243521695905,21.06659099002494,21.98885425515241
AWK,2023-11-06,125.32866032426661,121.5186710902634,121.82423400878906,31.51013029418193,24.70543452634902,23.018544093212686,21.101887842263768,22.0692229134117
AWK,2023-11-07,124.29739378159157,120.90755599144549,121.13672637939453,30.84639373083341,24.51094408255504,22.906159121957355,21.05914405114927,22.057712623104393
AWK,2023-11-08,120.84070987117376,119.68529251260763,120.44920349121094,29.96490716434449,24.46228587949596,22.884002373313596,21.055659661127283,22.06323635050535
AWK,2023-11-09,120.86935609487807,118.34846004730515,118.66356658935547,29.577067422070456,24.602951792739557,22.972063594203505,21.006501125999375,22.073408813974496
AWK,2023-11-10,119.35108329927849,117.39357326968162,117.92830657958984,29.628940665092568,24.51075807658272,22.967375371489545,20.93714270230337,22.08018853803728
AWK,2023-11-13,117.96480309452092,116.31292975496292,116.96599578857422,28.012553961420174,24.495648541111535,22.989295200582852,20.907935209569253,21.35122599349949
AWK,2023-11-14,124.77398332210728,120.93241974203845,124.60111999511719,32.43866651145562,27.845542329211163,25.051361588921985,22.226826064401163,22.26353999696453
AWK,2023-11-15,126.34902398311154,122.79558059738419,125.28298950195312,32.07813878335391,27.833466246023818,24.333697324837438,22.158194319984837,22.25736466394487
AWK,2023-11-16,127.73197784953709,125.65753018093955,125.80159759521484,31.98057774381504,27.78810104812225,24.148093295139343,22.160847392248005,22.24328371471787
AWK,2023-11-17,126.9156454534407,125.45586190700017,126.86763763427734,32.00344081041341,27.797681505986017,24.106135347502107,22.162173819117328,22.24842466420612
AWK,2023-11-20,126.7619932779279,124.37061479129837,125.49427032470703,32.045248181574216,27.666131715007303,24.157251453066113,22.196936656100867,22.087651617055805
AWK,2023-11-21,126.53148408137321,124.97565572173517,125.6479263305664,31.998442258555993,27.66945559951323,24.01019713292739,22.071587295822386,21.92203294918957
AWK,2023-11-22,127.12693714264248,125.2445792088128,125.30220031738281,32.03509123706032,27.671336674860637,23.965986505115644,22.051856703106946,21.911249651101883
AWK,2023-11-24,126.82921600341797,124.93724481633161,126.82921600341797,30.398266103857495,27.796310614178687,24.031980357711547,22.00606746867178,21.943813734156688
AWK,2023-11-27,127.00208590921089,125.42704556798866,125.57109832763672,30.6110120672582,27.842212008660923,23.944453153113987,21.9512029119463,21.866025422105523
AWK,2023-11-28,126.53149506057153,124.83159914514017,125.48467254638672,30.393726060824775,27.815003270358606,23.90238576208815,21.81954767303331,21.836663091533826
AWK,2023-11-29,127.29016896185549,125.32137987361857,126.0224609375,30.395612541319593,27.761648701460018,23.911427535105286,21.795837488399737,21.7467814634496
AWK,2023-11-30,127.64556049759399,125.70556673895022,126.61793518066406,29.724319130080307,27.76801790437983,23.818182390211483,21.653980647420266,21.684596286848063
AWK,2023-12-01,128.14494822479236,125.45586548136538,127.96248626708984,29.508304252157462,27.68986854788496,23.65151237444718,21.623434289641473,21.484496981211162
AWK,2023-12-04,128.51951323109054,126.55070901711498,127.86643981933594,29.211810595823945,27.68964934403434,23.65113176057652,21.61319645021215,21.430562490597804
AWK,2023-12-05,127.74157449333889,125.41743052567499,126.1761474609375,29.61110681753504,27.80042777726929,23.71439674346017,21.65794017207371,21.468460677457234
AWK,2023-12-06,127.77038463817107,126.4930777794996,127.44385528564453,29.32072580787223,27.873742555064712,23.67358068074408,21.471152284408312,21.492010403391852
AWK,2023-12-07,128.1641505540004,126.5410877417845,127.2998046875,29.02222757861536,27.738905788232838,23.627805320384248,21.36616499187367,21.467508863276734
AWK,2023-12-08,126.97326019200194,125.72474935803397,126.14732360839844,29.166646126221956,27.663770893620253,23.611731336854834,21.390562678886493,21.478219545592818
AWK,2023-12-11,126.16653876661906,124.62992222981126,125.5326919555664,28.80674714215688,27.526703613821795,23.374696765836948,20.942013373797565,21.453966809702848
AWK,2023-12-12,125.916836988968,124.85080262651938,125.84000396728516,28.808069957954086,27.529998574612296,23.27728863226484,20.94445409300724,21.449583725705974
AWK,2023-12-13,129.7968034721727,124.85079699157411,129.72958374023438,29.79264683602509,28.23942269796285,23.788659371339698,21.25577604945444,21.66511659094269
AWK,2023-12-14,131.98650050729626,128.4522694001557,129.1629638671875,29.87016139374888,28.247858473062266,23.78435444976069,21.119192523120507,21.619935216664572
AWK,2023-12-15,128.54830527985274,125.27336936820815,126.53147888183594,27.863237828754635,28.019364035628225,23.98670957142351,21.20322675379194,21.707225315744186
AWK,2023-12-18,127.29018349583728,125.13891759568797,125.68633270263672,25.016268698869197,27.981131468849252,23.984956330193224,21.208884010446322,21.684469449319373
AWK,2023-12-19,127.38623920256185,125.75357772119197,127.36702728271484,24.57928793648727,28.10666495711175,24.04624571466224,21.256787623204392,21.57816674541587
AWK,2023-12-20,128.6059258565875,125.5710876401595,125.61911010742188,24.897015778547665,27.834506676150077,24.123107305928446,21.267472549872927,21.612267727900377
AWK,2023-12-21,127.21337876099732,125.33100624229517,126.29139709472656,24.83642459211717,27.31740435707799,23.945023864953004,21.128168752216574,21.60667451891587
AWK,2023-12-22,127.68395693952448,125.90724271027526,126.34901428222656,24.342798460752714,26.899444507451285,23.900806507536725,21.082643484208884,21.5511780191826
AWK,2023-12-26,127.55909395129491,126.14731851476401,127.03087615966797,24.23068575792959,26.912969345583722,23.616565215367167,21.094784360893325,21.5564354681416
AWK,2023-12-27,127.70315657417464,126.46424432568374,126.99246215820312,24.03582487572623,25.92672330955091,23.616470080176345,21.093746535904398,21.54286356697084
AWK,2023-12-28,128.00086579493902,126.02246338309551,127.7127456665039,15.838815101097275,25.408659545178004,23.614190017566163,21.088068457133232,21.534045563767286
AWK,2023-12-29,127.82802014298734,126.20495736150434,126.7619857788086,15.952906375269112,25.21450483938733,23.639247759459924,21.079750746956517,21.5338016610454
AWK,2024-01-02,128.71156461305884,125.59029486483516,128.2217559814453,16.240443255977514,25.248580584528092,23.65292820527172,21.057006665414356,21.53741763299045
AWK,2024-01-03,128.68275406465793,127.19414556154837,128.2217559814453,16.071397395062114,25.25120833829685,23.630167928505053,21.056369442363316,21.48575259754872
AWK,2024-01-04,128.4042524949594,126.23377447015193,126.54109191894531,16.22496671982369,25.263609682791255,23.700229731755478,21.068389275133306,21.49275873436629
AWK,2024-01-05,127.62632242338155,125.24455753674431,126.66593170166016,16.223908095513217,25.219245243902645,23.590485288348837,21.054188956527415,21.396803968968346
AWK,2024-01-08,127.86641541380753,125.55187034229814,127.77037048339844,16.376545676671697,25.261473789900187,23.58660900814926,21.075576000451164,21.360731294703406
AWK,2024-01-09,129.49908875401238,126.54108340459966,127.4822769165039,16.028407956842937,24.272395119842283,23.578388583619493,21.047502885547367,21.231059974754135
AWK,2024-01-10,128.98048116980416,127.52068312075563,128.32740783691406,15.835976659434465,24.27224029230505,23.517513411387917,21.058330464432714,21.242648845495864
AWK,2024-01-11,128.27940345578514,125.2829742586628,126.32019805908203,16.540000998789957,24.363852640876345,23.62661149712783,21.11955509935968,21.241572161732087
AWK,2024-01-12,127.78001434236744,126.50269266518242,126.9732894897461,16.56071042207648,24.37373633111766,23.587001827420007,20.97333467197627,21.244389037028746
AWK,2024-01-16,127.51108298008867,125.14851530569298,125.24456024169922,16.9845509953057,24.237192865644378,23.655274458867808,21.027088753513397,21.25164474269511
AWK,2024-01-17,125.70555581722205,122.40180899984853,123.33338928222656,17.197054339131945,24.382624994580077,23.728856638237016,21.099163359913643,21.30043979339816
AWK,2024-01-18,123.03567543257864,120.44262300411712,120.84598541259766,18.06813131681499,24.675332198101533,23.894153010960196,21.190671346149838,21.369365281588106
AWK,2024-01-19,121.24934346412985,119.549454902502,120.33697509765625,17.758117531473587,24.68905408371528,23.75330158762311,21.19353636625401,21.17909174718389
AWK,2024-01-22,122.58428587058424,120.33697482865574,121.8351821899414,17.90546882588919,24.51026517475872,23.848474699450534,21.250377132463587,21.159657840408247
AWK,2024-01-23,122.94923920659203,120.67311028232143,121.25894927978516,17.929550029909244,24.412493776839952,23.85595616512406,21.223890244491688,21.141966162783678
AWK,2024-01-24,122.24815118596649,116.5722377913659,117.11006164550781,20.259381244596934,25.392898560501976,24.449735052665417,21.59383790536149,21.414191546999113
AWK,2024-01-25,119.07885064636683,117.38856815077222,119.06925201416016,20.980973795411007,25.415830945456445,24.60308719729406,21.693779542409608,21.34807937855281
AWK,2024-01-26,120.03924793357851,118.07045112604534,118.28173828125,20.98781869860096,25.463331050396132,24.60213795336302,21.699882556186562,21.344244941336985
AWK,2024-01-29,121.34536749511312,117.54222107652359,120.76913452148438,19.846362849465216,25.7474472614209,24.799244207779147,21.794526985776365,21.447527210809632
AWK,2024-01-30,120.50984193525797,119.05004380237034,119.47261810302734,19.988923454173623,25.800757088454606,24.842440816403233,21.825430565943513,21.46226526253502
AWK,2024-01-31,121.56627149202033,118.27213069343479,119.107666015625,19.25047704938876,23.968765424447135,24.723284393639123,21.823293927938415,21.42903836810438
AWK,2024-02-01,120.3945921860322,118.05123627157975,120.27934265136719,19.493421615495983,22.284948092703655,24.781881201006694,21.797537762774297,21.430129354291434
AWK,2024-02-02,120.01043208516268,117.42697851867317,118.47380828857422,19.364012769011516,22.1580575184792,24.87379595280946,21.750061961643095,21.42932860533178
AWK,2024-02-05,117.66707873658788,116.38015856912607,116.7066879272461,19.428986923562146,22.334350190222978,24.965607153400907,21.800495249235745,21.43366561675702
AWK,2024-02-06,118.02242334015885,115.8327335160747,117.66707611083984,19.545869340162586,22.380963972735618,24.912862409992822,21.777265373523683,21.315864478952633
AWK,2024-02-07,118.81465125314138,117.24011828396712,117.80037689208984,19.555307253918482,22.176226664045,24.826712320670982,21.77790494538997,21.313413283490686
AWK,2024-02-08,117.85835417446509,116.4480346418087,117.68447875976562,19.423590219714164,22.14071524080151,24.73177270226069,21.698582756167042,21.307204055890626
AWK,2024-02-09,118.44759193920584,116.93101487973908,118.04187774658203,19.481044623578306,22.083475820823303,24.738112624903213,21.703339027485953,21.091687136810705
AWK,2024-02-12,119.63573763320575,117.4140044697215,119.4328842163086,19.776669107051546,17.931456610350065,24.808259280330798,21.753002636386185,21.10374570787144
AWK,2024-02-13,118.1867734946981,114.93144979579735,115.7042236328125,21.507325788720077,18.973850972214372,25.28341231727302,22.054461260998767,21.30715937775245
AWK,2024-02-14,116.8537415220266,115.18260518191421,116.38041687011719,21.238138457311535,18.997854881564912,24.968158919213167,22.048673855346397,21.29779156666782
AWK,2024-02-15,120.10905628177993,116.50598180884572,120.03178405761719,23.421431678493708,20.01919475223305,25.431042599406993,22.366444167492528,21.478303148318584
AWK,2024-02-16,118.99819017275645,116.73781001539386,118.64077758789062,23.362873023171257,20.03622199835005,25.484425593831013,22.37578939829769,21.506496322451945
AWK,2024-02-20,119.0368407806869,116.39006979356571,117.03727722167969,23.574624313921266,20.19784110027689,25.31041417624217,22.41833920270433,21.515237270404278
AWK,2024-02-21,117.84868478655653,116.31279153052496,117.58787536621094,23.43619406594266,20.230738021158054,24.997767407782078,22.345318004973258,21.468179692781625
AWK,2024-02-22,117.53957351661126,113.80125603468717,115.60762786865234,23.794219899182778,20.300279414749546,24.89723133979271,22.425065251074898,21.49402703555414
AWK,2024-02-23,115.82014912352241,114.29391021310259,114.9121322631836,23.620152674747104,20.246469395586665,24.911730438833665,22.418909023933395,21.492393221556572
AWK,2024-02-26,114.78655998860478,112.729033021597,113.43419647216797,23.50865797877551,20.381405300373203,24.42291459807805,22.374751458944893,21.44567647594672
AWK,2024-02-27,114.29390406002013,113.04779823465753,114.0137710571289,23.506710129656202,20.39233282175731,24.151860615481084,22.38637324375496,21.397640778078724
AWK,2024-02-28,115.15361789826117,113.46316547925595,113.89785766601562,23.31896756846328,20.349491164422968,23.945291238691595,22.38511261169986,21.363643073968476
AWK,2024-02-29,115.34682299329087,113.4535096982856,114.50642395019531,23.148307057032007,20.242049659109625,23.945442004372723,22.394837973534827,21.36629396931877
AWK,2024-03-01,116.27415147553026,112.87392300804143,115.60762786865234,22.75999674975594,20.37611367500375,23.992248118844454,22.426818266769708,21.33345829139286
AWK,2024-03-04,117.73275906113194,114.78654652182553,117.55888366699219,23.343535844543954,20.5731913671639,24.000268653874652,22.52490336362435,21.400054965728884
AWK,2024-03-05,118.24474321656093,114.53540354269278,115.2019271850586,23.659297811913362,20.804064632357274,24.178024783333687,22.57497225039331,21.473901171730088
AWK,2024-03-06,116.80543052768164,115.29851530097869,116.2161865234375,23.839842934996263,20.913860052176894,24.21429939514468,22.589640453321895,21.493054022367364
AWK,2024-03-07,116.3224518190474,114.0620788294286,114.57404327392578,22.010295600194553,21.01955765154099,23.765762294958467,22.63617091816053,21.446944820447694
AWK,2024-03-08,115.91673576323059,113.8302309819944,114.40982055664062,21.388902027046626,21.00844898466546,23.76348211427147,22.62924250003652,21.429939824478247
AWK,2024-03-11,116.9503372829274,114.04275682582154,116.23551940917969,21.88999116531935,21.294259570764112,23.755467827990422,22.718476298827987,21.425786539861484
AWK,2024-03-12,116.62190224304341,114.2069701838962,115.12464141845703,21.066445269577677,20.30117590003507,23.802122571436616,22.645344515934244,21.385004171763924
AWK,2024-03-13,117.4236511342426,114.62233591187207,116.43836212158203,21.20327048476723,20.477211015308903,23.68983412490811,22.244416579325627,21.318237414338512
AWK,2024-03-14,116.54463046857953,113.46317459600904,114.44847106933594,21.723016916517444,20.35673119012088,23.80275294515014,22.208191005007503,21.36119848143453
AWK,2024-03-15,114.37119594379946,112.68074332283474,113.15406799316406,21.647525441553718,20.428431997034956,23.813422669173377,22.193592430874823,21.276248871238913
AWK,2024-03-18,114.18765424734814,112.41992209292047,113.24100494384766,21.299729192684183,20.194709154763043,23.809252109251958,22.192191061405442,21.224087218258745
AWK,2024-03-19,114.30357507197186,112.95121153746732,113.98480224609375,21.025596475376766,20.115025850583653,23.63176399370236,22.117741533933252,21.229918040730517
AWK,2024-03-20,114.13936437653682,112.72903742036294,114.07173919677734,20.85937800646445,20.069237817487963,23.56626390938376,22.08998958087094,21.222080187637417
AWK,2024-03-21,116.08095853716497,114.0427551827864,114.18765258789062,20.858353007147393,20.072127924264905,23.478377000992413,22.07670144900355,21.066037778455964
AWK,2024-03-22,115.00872344790213,113.34724899150842,113.74330139160156,20.874797496257795,20.02258114539174,23.379590483194576,22.00192821159966,20.99569836381137
AWK,2024-03-25,114.45812996966485,113.00917058026651,113.15406799316406,20.868229425531084,20.031614642251103,23.391827610461753,21.983778202186073,20.998779063096773
AWK,2024-03-26,113.89786351751579,112.62277226667646,113.83023834228516,20.618802810581347,20.036590558101295,23.376440790118927,21.997127724111262,20.672930602409778
AWK,2024-03-27,117.57821497150387,113.95581683051417,117.3656997680664,20.618192985560665,21.07706769410101,23.824621512093678,22.24476334141518,20.907519456318564
AWK,2024-03-28,118.21575780948189,116.34177544311913,118.05154418945312,20.61818176323906,20.96315954242651,22.650511179944424,22.118282162007347,20.915340982498858
AWK,2024-04-01,118.33166486575755,115.47238633786556,116.20652770996094,19.00772626477182,21.16653942133789,21.675555657511257,22.187887368995852,20.864550853072423
AWK,2024-04-02,117.33671845342758,114.7768890320197,115.49170684814453,18.807911734715326,21.051409401636853,21.492045555540308,22.18416727833592,20.832776038940985
AWK,2024-04-03,115.70422361937476,114.23594817036505,114.88314819335938,18.470757995852598,21.058703326380414,21.489844602656976,22.129976197915973,20.83216805089485
AWK,2024-04-04,116.84407951973616,115.20192855985559,116.2838134765625,18.7791174589739,21.142176696734904,21.566797591512056,22.15824350846787,20.86161903898387
AWK,2024-04-05,115.9457197577612,113.83989865448429,114.48709869384766,18.674727746337233,21.33585812062169,21.57797712204151,22.19335582451555,20.8784500662213
AWK,2024-04-08,116.36108845614304,114.60301816651032,115.9360580444336,18.957134394583655,21.470870283964878,21.654210881912682,22.107024936846052,20.81007552778568
AWK,2024-04-09,118.05153191641854,116.09060836286535,117.70378112792969,18.999567851238233,21.53951704697463,21.75059876017656,22.130043221417928,20.83737546631992
AWK,2024-04-10,115.26953711533288,113.04779670578081,114.28424072265625,20.933142822077414,22.26213013460279,19.78738415119619,22.37252571832134,21.033775206970102
AWK,2024-04-11,115.53035120649373,112.92222746346228,113.81092071533203,20.96706599983355,22.12870098350651,19.768020196370394,22.3678404121448,21.03528023887255
AWK,2024-04-12,113.85922224008394,112.02387235503595,112.60345458984375,21.124021629619875,22.02419880764845,19.81052530551165,22.394595901524426,21.045325027437315
AWK,2024-04-15,113.42453476593886,111.21245596754251,112.03353881835938,20.939398967187643,21.685268768311683,19.760842571074967,22.387692206760782,21.031062070623747
AWK,2024-04-16,111.52156220072631,109.48335890465879,109.94702911376953,20.84954374304185,21.97413040612788,19.89860886475027,22.45727752980317,21.058223768978717
AWK,2024-04-17,111.8306718337476,109.66689474749761,111.4732666015625,20.625703613302278,22.01411467227863,20.038962650530383,22.521792303128674,21.109247511706258
AWK,2024-04-18,113.56943355211568,111.17381751753732,113.35691833496094,21.08269666125675,22.31693398783926,20.238727897336314,22.50714718768996,21.155634662064145
AWK,2024-04-19,115.32749772466963,113.64670703281367,114.48709869384766,20.91005164130997,21.29198803489566,20.205531749941464,22.51721325139596,21.17157583287714
AWK,2024-04-22,115.71389162986033,113.66602648086523,115.2019271850586,20.982893951430235,21.043660261994646,20.186557344480942,22.35822377398279,21.177635309430013
AWK,2024-04-23,116.44803004585384,114.97008539434562,115.79116821289062,20.514858967958673,21.03616556198729,20.208738192966475,22.36941011391971,21.164377281841027
AWK,2024-04-24,117.5202635605399,114.12969670429104,117.23046875,20.620327572587247,20.74204126746782,20.300890283432924,22.40945321660727,21.20033898394416
AWK,2024-04-25,118.20609889760371,115.84912281338671,117.41400146484375,20.37088450717824,20.63432505428035,20.28556885016175,22.411133445285596,21.19073923264215
AWK,2024-04-26,118.05153796666568,116.65088031942484,116.67019653320312,19.79378792877578,20.664251687422098,20.22299060163719,22.385022691637563,21.087561450741816
AWK,2024-04-29,118.39928888746567,117.52991187084652,118.11915588378906,19.736234510755136,20.724281889818517,20.332364554260526,22.426521902796352,21.125620350492966
AWK,2024-04-30,118.91125641124185,116.87305310729836,118.15779876708984,19.73793607679959,20.492881018788232,20.233714423606443,22.41617341794516,21.12573422184179
AWK,2024-05-01,121.56768199508022,117.93562200667996,120.8625259399414,20.631612700708253,20.768349146649268,20.50072822567836,22.521210988587807,21.22692370968184
AWK,2024-05-02,121.79950409304767,118.23506955214597,121.66426849365234,20.671891404241812,20.746078911231645,20.53177388212884,22.508309883596862,21.238419163413198
AWK,2024-05-03,124.46559884052145,122.8910584894,124.3689956665039,21.45099471192641,21.20595877418371,20.790022535833337,22.65983899856064,21.356986088846106
AWK,2024-05-06,125.95320589235052,123.84739204449579,125.8179702758789,21.497174229034346,21.314284229363363,20.85864527640554,22.65345439389255,21.369825231461466
AWK,2024-05-07,127.95276332200305,125.66339776759021,127.33454132080078,21.479432807016444,21.427299328304724,20.941608651662712,22.68968441474929,21.401026499017114
AWK,2024-05-08,128.47436656557684,126.73561279196264,128.34878540039062,21.503216984451832,21.362429693663714,20.410098443527218,22.67616061200705,21.416761780657197
AWK,2024-05-09,130.19383262380808,127.6822970656553,129.8074493408203,20.112816179771727,20.32518537117769,20.47823138368709,22.70260755897508,21.44619120281458
AWK,2024-05-10,131.09218879742548,129.83642107900232,130.8893280029297,20.15192549278348,20.351804882210857,20.24947102861831,22.702736704720213,21.42510346294672
AWK,2024-05-13,131.6616289314164,129.47584963706183,129.96157836914062,19.584490577841578,19.517293563627778,20.25321825742204,22.691391084261582,21.43508996100628
AWK,2024-05-14,131.14675990577672,129.06784148983056,129.33013916015625,19.5309494742867,19.3735392670079,20.162599727787,22.621573391193746,21.438130879475587
AWK,2024-05-15,131.25363222237536,129.2815745509517,129.9324493408203,19.34200154205866,19.127673433391156,20.049658640161937,22.627720294196713,21.394506631048397
AWK,2024-05-16,130.76788351698585,129.2912640923871,130.43759155273438,19.19214517691373,19.12303933512609,20.041740981697195,22.632751951016328,21.310799840473358
AWK,2024-05-17,130.31129723352467,129.33983981719507,129.942138671875,18.447118493969462,18.75951140873929,20.05243625697186,22.63262053957992,21.30109770229015
AWK,2024-05-20,130.1558546164181,128.6889593203248,129.757568359375,18.341973933514126,18.699400818015473,20.037455344488496,22.623557298940998,21.261560210883125
AWK,2024-05-21,130.54447297476233,129.0290015375784,130.52503967285156,18.036918736566143,18.452200186299752,20.057560069246087,22.620630985295787,21.269335726367547
AWK,2024-05-22,130.74847013797506,129.3592929349568,129.9324493408203,15.32526677750979,18.496486244546983,20.05329331508587,22.59377430699433,21.220517294368456
AWK,2024-05-23,129.0483980072138,124.7351247611488,124.92942810058594,19.74530428470627,20.34709806279506,20.97571370890718,23.05987373950862,21.577236229834142
AWK,2024-05-24,125.25000168514339,123.94825226209845,124.56998443603516,19.399316887724368,20.351381978850917,20.897277091415464,22.995617762151536,21.577840847576617
AWK,2024-05-28,125.28886953583353,122.42306558794377,122.63678741455078,20.03028952500798,20.573913339058233,21.038792584992873,23.067053751439605,21.62695604238404
AWK,2024-05-29,121.7139089325395,120.14986179200366,120.56758880615234,19.867557886571948,20.63283367837271,21.106393227664796,23.145840735535856,21.677612707652212
AWK,2024-05-30,122.7533622946263,120.56758306204625,122.67564392089844,20.05943220605994,20.46139974070519,21.29406426850707,23.236004581362806,21.75028357737526
AWK,2024-05-31,127.20262918786737,123.0156429231406,127.03748321533203,21.748829656112775,21.556786670055644,21.973692401798242,23.559429826005015,22.017290235028682
AWK,2024-06-03,128.44609342376185,126.2991661342764,127.03748321533203,21.696139210796265,21.30955591291759,21.970861787824784,23.514902858371702,22.00959641164949
AWK,2024-06-04,129.3592836901864,126.52262958142038,129.02899169921875,21.96602463897633,21.485821595648932,22.085331365105272,23.52552039533102,22.011106674042075
AWK,2024-06-05,128.83467347199112,127.36777815910256,127.92150115966797,22.25234762732259,21.39789368039158,21.983954663470723,23.543645450283115,22.026600503138198
AWK,2024-06-06,128.38782220718412,126.4157647379402,126.89176940917969,22.319658342521993,21.366141592618042,22.00728112960114,23.551616324132173,22.027900378054373
AWK,2024-06-07,125.86203108410956,124.49227245418322,124.58942413330078,23.131440845665633,21.652175893960944,22.092184220540727,23.647262702194844,22.04217123006317
AWK,2024-06-10,125.17230256522713,123.69568304112664,124.89057159423828,22.996182839003733,21.312128962290185,21.958164858929983,23.435081141945453,22.043922037927622
AWK,2024-06-11,125.19171860094033,123.47224215134571,124.26883697509766,22.884867662260714,21.187783967022693,21.72717238814814,23.41410760881345,22.046979067761942
AWK,2024-06-12,127.14436274775298,124.39513623521887,124.47285461425781,22.88122744813206,21.187142621824044,21.71619022602653,23.411348016660728,22.044570353049057
AWK,2024-06-13,126.22146479942707,123.55968075867877,125.53173828125,22.11254645003859,21.21008106291425,21.669926373463984,23.26905177952382,22.060928877843654
AWK,2024-06-14,125.98832675905493,123.80254736302209,125.60945892333984,22.054735399906427,21.210345818264052,21.654895252903476,23.064736211421856,22.06077648040697
AWK,2024-06-17,126.31861214798745,123.72482251247959,125.04600524902344,21.190134870734873,21.246939854932467,20.924134703901895,22.918614223226722,22.020575248561865
AWK,2024-06-18,126.92090319020387,124.47284121862782,126.74604797363281,21.287022988010552,21.3566247381769,20.869954229724176,22.970810625617478,22.05548569020121
AWK,2024-06-20,127.26092178974146,125.75515982681313,126.54203796386719,20.998370843099103,21.319070505215194,20.840678768934897,22.615615007953753,22.049099099336612
AWK,2024-06-21,127.93122602988318,125.76488020122083,126.81404113769531,20.869989226646737,21.302110845357685,20.59075802406287,22.43835294885513,22.046968361234786
AWK,2024-06-24,129.54386011054677,126.95977967165766,128.40724182128906,20.93042494893566,20.567685910269763,20.597690409766447,22.366246249431423,22.08467459164014
AWK,2024-06-25,128.57240611143962,125.53173939164363,125.67745208740234,21.628178392613986,21.077636236153577,20.889472968204732,22.508900268260522,22.11028145212478
AWK,2024-06-26,126.04660809005489,124.4728517151498,125.88146209716797,21.574175387916387,20.78502972544654,20.837564808796532,22.509184159907797,21.774271408400743
AWK,2024-06-27,125.7746031707431,124.32713357721613,125.58031463623047,21.54812942894127,20.741175758804182,20.692770536891704,22.434148121093088,21.69203468019792
AWK,2024-06-28,126.21174436959286,124.60884557949535,125.47344207763672,21.48218495312598,20.70006624802651,20.54236827794441,22.413096119168557,21.652341855592546
AWK,2024-07-01,127.2220793634855,123.56938971560713,124.11341094970703,21.60728460382871,20.731759048759514,20.58916837109296,22.450942234779745,21.67589744416367
AWK,2024-07-02,126.09518360597106,124.15226865001854,124.7934341430664,21.694022799899173,20.45624047972348,20.60385404207374,22.119232484739165,21.62118277394793
AWK,2024-07-03,126.17289740431396,124.2008325698152,124.30769348144531,21.706644726404768,20.35142119866003,20.614672598197338,22.122660668187574,21.605847057948566
AWK,2024-07-05,126.4643250666076,123.57910263528949,126.29917907714844,22.18789078159618,20.374327914528827,20.754760520756466,22.11862350773411,21.658491471384785
AWK,2024-07-08,127.076342726609,125.968881860843,126.21174621582031,22.16387422583459,19.352748619057895,20.68010427713224,22.117655250359356,21.59712157331751
AWK,2024-07-09,127.56207847091018,125.19171986389712,126.98892211914062,19.03171140296618,19.33580173352755,20.03971223030621,22.01582271448338,21.58627151642175
AWK,2024-07-10,128.66953236522062,127.12491862439323,128.455810546875,19.261056247896587,19.25729871178638,20.094954142482564,22.019366057682454,21.61571322432821
AWK,2024-07-11,133.3034125523709,129.43701546954702,132.3319549560547,20.3099387957523,20.002591624267893,20.051675204151508,22.242866438104574,21.778107847240058
AWK,2024-07-12,136.73263797119108,132.84680811765813,135.1103057861328,20.10100547676267,19.82297048402886,20.19212350784894,22.36132540834725,21.783484927533145
AWK,2024-07-15,134.60514297739147,132.3416453219872,132.4387969970703,20.812977377087773,20.2721813318157,20.336454965482297,22.39288507978744,21.87401391453538
AWK,2024-07-16,135.2463092380759,132.9148172552619,135.1103057861328,19.17693526766929,20.376642920632506,20.546093103020784,22.46193909801492,21.960086631866456
AWK,2024-07-17,139.3652856029531,135.110297432954,138.46182250976562,20.23470465916502,20.805098295227648,20.656972150192548,22.589033161475868,22.048041673611355
AWK,2024-07-18,140.14243567898941,136.50919458084067,137.3155059814453,20.116673011231203,20.926876399873994,20.68213939173438,22.546214446390543,22.041402774359227
AWK,2024-07-19,138.0538019100117,136.36346081759103,137.13092041015625,19.889792775595474,20.939958497350883,20.553478413422305,22.547398084934358,22.022339726057506
AWK,2024-07-22,138.18980787161956,136.53833334325452,137.75265502929688,19.651171970266002,20.848971329950558,20.551410269770827,22.536189082173458,21.932265763102283
AWK,2024-07-23,137.76237283481558,136.2371924103814,136.4800567626953,18.97331657690958,20.991939604641562,20.622928212555777,22.54636337129031,21.914007335608265
AWK,2024-07-24,139.31672232415903,136.722932602311,138.33554077148438,19.21232954626107,21.028312495930386,20.699135195320014,21.930983565143734,21.944098632749956
AWK,2024-07-25,140.18133037904337,135.32404252684688,136.10121154785156,19.907516003160136,21.29240817000869,20.86120490143441,21.42564469069552,22.000632945393367
AWK,2024-07-26,138.28696958224933,136.36347321906854,137.6652374267578,20.0496095792586,21.368468699153155,20.780191294514623,21.33659564803915,22.028627194314446
AWK,2024-07-29,137.9469580056236,135.90689142975583,137.32522583007812,20.05797846932307,20.976342905876137,20.494426303038292,21.32659761071098,22.02447849877129
AWK,2024-07-30,139.81215452380408,137.3932201352231,139.5692901611328,20.403586793634624,21.155410238620075,20.59305071106533,21.391571353050704,22.059898225931455
AWK,2024-07-31,138.90871487006385,137.31552514454387,138.29669189453125,20.60643578406178,20.87782766019373,20.50793043165823,21.342545898387222,22.076315631718877
AWK,2024-08-01,141.3179253231747,138.07326079373954,140.3756103515625,20.67104134786032,20.95588666043676,20.604723568928947,21.39049649637729,22.03241182170722
AWK,2024-08-02,143.93113472931537,139.91901084616217,143.14425659179688,21.128424995925783,21.168212878271,20.67597835989886,21.474700507236985,22.102793918001115
AWK,2024-08-05,144.74714373475538,138.62695952494207,138.64639282226562,23.570164546552153,22.236250469378863,21.291632121901724,20.530895484192417,22.197025705537957
AWK,2024-08-06,141.4927574521529,138.86982556524393,139.50128173828125,23.419009789600718,22.16207370311526,21.248611029108226,20.533357293656593,22.20489128461546
AWK,2024-08-07,142.22135644005073,139.53043013354414,139.68585205078125,22.27153425033233,22.112680288141693,21.028304928907662,20.52924123537703,22.197448927074262
AWK,2024-08-08,142.40593491167698,139.0738431868846,140.57960510253906,22.278920354174772,22.07188188276115,20.92966069460004,20.51958563499049,22.206242611368868
AWK,2024-08-09,140.8710382884474,136.26633950155085,138.21896362304688,23.01004125224108,22.35283680419586,21.14738370953572,20.579536555636658,22.24163377348468
AWK,2024-08-12,138.70470389650583,137.0629383115238,138.49098205566406,22.981443461829112,22.341460721202466,21.134774952836473,20.580073013585785,22.231113202564977
AWK,2024-08-13,139.3944087203167,137.91959937578883,138.09539794921875,22.66612267200784,22.347866337822875,21.147766488955963,20.580313827096656,22.227477771835417
AWK,2024-08-14,139.472555351619,136.90383340656314,138.36888122558594,22.663168437891194,22.326712923484703,21.14728096447289,20.534967301729516,22.186201205203798
AWK,2024-08-15,139.66788825791963,137.3140412496632,138.72048950195312,22.558501038271302,22.3227588278223,21.126866539121142,20.498628256266255,22.163269101661292
AWK,2024-08-16,139.3748842966413,137.37264922826822,137.69496154785156,22.47134946930474,22.367656064663716,21.149068359646357,20.519833175979542,22.170723493801685
AWK,2024-08-19,138.75955895238084,137.7828604812129,138.27120971679688,22.448389792309325,22.348466743405996,21.14239181653363,20.519577813601845,22.134705230653182
AWK,2024-08-20,138.7986336670344,137.66565975486762,137.97821044921875,22.477001961189483,20.724902636864293,20.64626311731677,20.515825581669773,22.129490544049062
AWK,2024-08-21,138.09541653613957,136.76710582401964,137.4898681640625,22.3923665171747,20.731559484721394,20.651238067129484,20.4860765360333,22.106128188648842
AWK,2024-08-22,137.8609987398111,135.65366531202943,136.75733947753906,20.9128034693856,20.470600242646494,20.4950837822271,20.49690435398986,22.103590858218343
AWK,2024-08-23,137.86099603108437,136.29828727421128,137.14801025390625,20.075416972930565,20.091325409256118,20.457706419430817,20.434144182185317,22.090190999255636
AWK,2024-08-26,138.93536013490387,137.23589939796568,137.77308654785156,19.138816085063457,19.847952173522586,20.43156630546356,20.408506624896482,22.074080374110665
AWK,2024-08-27,138.41772490138254,136.4350279626119,136.90383911132812,18.415496824700224,18.684786278765394,20.404661741188423,20.423377745851177,22.029238813194308
AWK,2024-08-28,139.99996165423775,136.55221708630773,138.466552734375,17.281655274701393,18.796891822548904,20.274005635990548,20.432773918888586,22.056935304244696
AWK,2024-08-29,139.09164468839828,137.45078336756455,138.51539611816406,17.100921779731443,18.56593905094657,20.202911933859795,20.422675605124894,22.056873067783798
AWK,2024-08-30,140.1659917624042,137.77308349670935,139.7850799560547,17.282186849268495,18.52187412245048,20.124195407808486,20.446694807385523,22.07144768814498
AWK,2024-09-03,141.85571791968917,139.19909638765932,140.13671875,17.25270831851826,18.415255894801987,19.492494498053958,20.137248795136415,22.064780023830135
AWK,2024-09-04,142.3147696201241,139.65814804813442,140.79110717773438,17.032558768862188,17.947301170304613,19.47144287974301,20.135271106375026,22.057921537839302
AWK,2024-09-05,142.00219967677805,140.60552792263348,141.1427001953125,16.626347817649176,17.947380314789914,19.363114563431527,19.97996641483061,22.03318617775186
AWK,2024-09-06,142.16824549436825,140.2148482990002,140.58599853515625,15.90209441135909,17.931259962079565,19.35311449204451,19.968451273066044,22.031423797042983
AWK,2024-09-09,142.65659547912597,140.27344850480034,142.60775756835938,16.083798388267965,18.104958144629478,19.147711648759504,19.97767794644231,22.030116905415376
AWK,2024-09-10,145.08856980760683,142.4514867537016,144.74671936035156,16.522603633432585,18.246079345062714,19.16487984948577,19.97417526937975,22.078204588308818
AWK,2024-09-11,144.5318533325781,141.37712105635157,143.61375427246094,16.16142981899035,18.363230120052584,19.100682535752693,19.9928697090771,22.09122887502368
AWK,2024-09-12,144.28767033503325,142.08033701213287,143.70166015625,15.875760543539833,18.31306168594621,19.064088675869144,19.9928499074103,22.08525888136215
AWK,2024-09-13,144.73695951343055,143.18401240638954,144.67835998535156,15.436939979328374,18.188996645725595,19.067186583072722,19.99810061403753,22.06027005729593
AWK,2024-09-16,146.2899064341882,145.0592716363857,145.61598205566406,14.510978015219035,18.191872358008748,19.07352310623616,20.00922383855744,22.03824237281575
AWK,2024-09-17,147.16894349571263,145.3620599588852,146.40711975097656,10.807611118617238,18.20274064442061,19.012072689771582,20.008425495204186,21.991304514520294
AWK,2024-09-18,146.66107121253168,144.658836021886,145.46949768066406,10.982565847575282,18.167511569513387,19.06134883242205,20.002741493217936,21.998512829631434
AWK,2024-09-19,145.8015531530517,143.72118054669343,145.60621643066406,10.983350996540665,17.49379314633457,19.01368595835395,19.96231632105928,21.988776748866215
AWK,2024-09-20,145.65503704796123,142.344030070661,143.79930114746094,11.582520161772011,17.75937745053866,19.085471867342694,20.02312323055987,22.02442977748044
AWK,2024-09-23,145.62575880427087,143.72118472176302,144.1020965576172,10.29908107642788,17.733377756636532,19.083669211365468,19.956058588024817,21.853400836205964
AWK,2024-09-24,144.54164289926402,141.48457126434653,141.66036987304688,11.604456460470368,18.163393148781633,19.031400567517803,20.066990082347395,21.900038341018316
AWK,2024-09-25,142.6077547700926,140.04880925110473,140.7617950439453,11.742856151332118,18.049022324003914,19.055659844669425,20.06087457447585,21.908626994562084
AWK,2024-09-26,140.81062587880925,139.2479171661248,139.84368896484375,11.91676685050668,18.120988726345363,18.80990909537843,20.075688951654193,21.789943699142846
AWK,2024-09-27,142.256141647519,140.7813321627751,141.55291748046875,12.386130027553964,18.19997577477796,18.818081918392476,20.110040207202438,21.66062055080329
AWK,2024-09-30,142.87145884445857,140.19529952454485,142.8323974609375,12.367874500133965,18.031906130031754,18.780407422309718,20.040628675011558,21.556036359721208
AWK,2024-10-01,143.77978928282357,141.78731604495368,142.27566528320312,12.421752750525417,18.06477192332812,18.765562419664388,20.040830112850806,21.56069565225165
AWK,2024-10-02,143.55514803794688,140.90830332557886,142.69566345214844,12.399643936405308,18.045347240344363,18.695910945211203,19.969812936650726,21.28593152134702
AWK,2024-10-03,142.84215486954514,141.12317088380152,141.30873107910156,12.729802822797726,18.090936135637037,18.734977425985345,19.917093351202855,21.17510013692843
AWK,2024-10-04,140.78134926454314,138.4079785898655,139.24794006347656,13.39974264394005,17.417754802038093,18.854336644099018,19.843425461198137,21.146651545005493
AWK,2024-10-07,138.74003551876913,132.53799360804032,133.79794311523438,17.79139668574068,18.83619017625871,19.90920377871993,20.41185251633534,21.527158585669685
AWK,2024-10-08,135.20437383150042,133.9932771612253,134.18861389160156,17.7548343948102,18.38682305861272,19.901568133710512,20.36560680665067,21.528315385920543
AWK,2024-10-09,134.58908269342675,132.342672721927,133.00682067871094,17.83676479066343,18.00915963504192,19.946142907517167,20.38636457339497,21.49198022613008
AWK,2024-10-10,133.59284732634342,130.4869526061657,133.0458984375,17.45736685659981,17.254887745007814,19.935826456682932,19.948375875828354,21.476329340780996
AWK,2024-10-11,135.75135398966643,133.475644292111,135.63414001464844,18.44845936761383,17.653888705984304,20.161282197827,19.980854805840558,21.556611262115513
AWK,2024-10-14,137.4410173143762,135.74155651961686,137.0991668701172,18.529164750511445,17.793828767892148,20.209274610831624,19.996544976069234,21.324924031865525
AWK,2024-10-15,139.34558391300195,137.05035120359332,137.9098358154297,18.60507716932074,17.810952098393866,20.210971567680744,19.86405684825883,21.32860665327594
AWK,2024-10-16,139.51162670463074,137.98797924849498,139.2576904296875,18.7850659935002,17.813002526162506,19.22364364225707,19.84473322876697,21.29073031995846
AWK,2024-10-17,139.17954525576707,136.96243534440032,137.50938415527344,19.094125030981573,17.79313087830746,19.336881531411297,19.90354539169367,21.332019564818978
AWK,2024-10-18,138.88652823650543,135.84899520658308,138.65213012695312,19.25082852827874,17.54924530604039,19.18547922761714,19.8947262228742,21.261251524722528
AWK,2024-10-21,139.4627667071446,137.4214705001622,137.76332092285156,18.803405477198517,17.44738618674406,19.001965458013988,19.82328271420157,21.24838482312444
AWK,2024-10-22,137.7047499585136,135.69273819259598,137.4703369140625,18.178464696576928,17.445436475055658,18.835259093463772,19.736501925786218,21.220144266582572
AWK,2024-10-23,139.3455978953554,137.78288896042218,138.80841064453125,18.37375167472261,17.2368315067029,18.093775891949036,19.74503769815313,21.23558177318457
AWK,2024-10-24,139.63859793707257,136.4838656793591,136.54246520996094,18.891600907530208,17.464264125804473,18.30174434154347,19.85176815052386,21.224358832495565
AWK,2024-10-25,136.99172338930506,134.36441699778865,134.4523162841797,19.12024927258983,17.448460396744284,18.32337054529577,19.943579834604535,21.254466620574313
AWK,2024-10-28,136.64012047810135,134.96019778851743,135.5559844970703,19.195968140322787,17.035884546636666,18.306603445959116,19.961176949423546,21.23223229367597
AWK,2024-10-29,134.91135977981142,132.58681273230187,132.63565063476562,19.842603170167667,16.360275667878167,18.598358179321583,20.095548278065422,21.30120270173967
AWK,2024-10-30,133.7198021841552,132.37195341484042,132.52822875976562,19.832316633362925,16.2972169776041,18.355073402829216,19.725517697750824,21.300745041668645
AWK,2024-10-31,136.72802839355134,131.85429751290908,134.89183044433594,20.70318097576892,16.72947934226814,18.551967193736,19.818040997239013,21.355936628119583
AWK,2024-11-01,135.6536516713266,132.8016938901205,132.83099365234375,20.84121319754359,16.93640269968467,18.707093688199933,19.584624463854325,21.39735470116905
AWK,2024-11-04,133.28029756158494,130.87761244729205,132.14732360839844,20.803704352856634,16.63074245991261,18.729216906552974,19.542602783050125,20.89701293917676
AWK,2024-11-05,133.93468401896388,131.4050233141226,133.91514587402344,20.8645466771366,16.86985987447737,18.796264229815897,19.526454120176087,20.483587168989963
AWK,2024-11-06,132.45008879965096,128.44561884872093,130.46739196777344,21.98588174771291,17.65802534675981,19.269262236414832,19.776867872805493,20.56175325188828
AWK,2024-11-07,131.49292761749936,129.5981300883182,129.74462890625,21.97206758968627,17.672207397934482,19.27681704242974,19.67998950308818,20.56145404180981
AWK,2024-11-08,133.15332783448858,130.38926888545694,132.91891479492188,22.92418534189726,18.4020372342746,19.534492695457626,19.859457600427017,20.6909396675513
AWK,2024-11-11,133.35841491144316,131.3659564051757,131.62966918945312,22.779060924265643,18.44439110670989,19.599200719104324,19.831863135843136,20.65883117359888
AWK,2024-11-12,131.4970425558789,129.88611346498413,130.0825653076172,22.929872463800056,18.552971479412736,19.692641893339484,19.881559734066247,20.684485770499297
AWK,2024-11-13,131.5952856664847,129.41463557947682,130.0924072265625,22.880339692078156,18.552851856307388,19.594747048303123,19.880626230173185,20.6665581030811
AWK,2024-11-14,131.04521600376296,129.55215489332494,129.6798553466797,22.79258295641085,18.550825685720337,19.293799591521196,19.878449742644882,19.683747440027986
AWK,2024-11-15,131.99801235506246,129.4146264017869,131.8506622314453,23.18248425778024,18.87246212699409,19.465425790934027,19.939969197228777,19.74531416539194
AWK,2024-11-18,134.4635380841832,130.8192935718965,134.2474365234375,20.873678307076098,19.24340450936048,19.657825561929503,19.954971580912254,19.8217084111739
AWK,2024-11-19,135.9467570379927,133.775939229834,135.75030517578125,21.104169852361757,19.362035384954503,19.72619104837485,19.835380736700596,19.83469893388061
AWK,2024-11-20,136.7031106690467,135.16094783299192,135.44580078125,20.939336918590733,19.325292054147553,19.643365155898167,19.816781322867623,19.804721043945804
AWK,2024-11-21,136.61471719561737,134.27689946690765,136.32984924316406,21.008581827744436,19.227112501770215,19.650256015957908,19.74637412394235,19.814228378940047
AWK,2024-11-22,137.23355071566363,134.60104776574622,134.87608337402344,20.511507098927133,19.345625692629273,19.722227389862173,19.792782398427793,19.84264677984074
AWK,2024-11-25,136.89954828103436,133.95272572788886,134.31617736816406,20.274830897592302,19.25635009680956,19.58845029420961,19.72188367822667,19.81202144727776
AWK,2024-11-26,135.21988944517065,132.70526952911558,135.151123046875,20.28351700306894,19.297082194759305,19.607263317166275,19.693100460860457,19.79443433060616
AWK,2024-11-27,137.01742871130267,135.47525107741544,135.85833740234375,20.124156538696802,19.303949621754395,19.601293374832366,19.66061912040289,19.80031186801046
AWK,2024-11-29,136.1235634009155,134.34564945830272,134.51263427734375,20.00213111119285,19.38728493749038,19.595798470167335,19.58499730620732,19.822855952811814
AWK,2024-12-02,135.09217800460152,132.63649235049576,133.19639587402344,19.98185742919324,19.465412803854015,19.091614134002615,19.572248837351026,19.843398718862638
AWK,2024-12-03,134.38494694974673,131.703342260285,131.72299194335938,20.131510054776122,19.314946020119166,18.8811194409584,19.62393532987831,19.848206675899764
AWK,2024-12-04,131.94890184612944,128.09838858341323,128.687744140625,21.102297581757835,19.530898033882043,18.977145000335994,19.818749250483584,19.985837934416846
AWK,2024-12-05,130.20045853775846,127.87245830700101,129.75843811035156,21.037534664081782,19.60275997916434,18.748910993118255,19.83920204196786,19.9578423847235
AWK,2024-12-06,130.4263718983411,128.7761583757296,130.0236358642578,20.63090941794262,19.612121650052426,18.323597101786625,19.83979180071036,19.934120716824026
AWK,2024-12-09,130.45585818495758,128.2260911426326,128.4029083251953,20.479764778543625,19.65652629561138,18.380964163187606,19.894422285757603,19.973706483657523
AWK,2024-12-10,129.45390382470026,126.47761434487275,128.65826416015625,20.30258376613206,19.595688800642773,18.385463346148224,19.88274712082047,19.953587941552538
AWK,2024-12-11,129.2574600756702,127.70546502072214,128.0296173095703,19.42536880872391,19.541430128064906,18.37897117110236,19.88392598062055,19.953622725039697
AWK,2024-12-12,129.48340872728375,127.3125758739834,128.2359161376953,19.44201004011421,19.53723509680301,18.3312723573321,19.562809575081925,19.952802964645393
AWK,2024-12-13,128.21626321400882,127.03753705135883,127.29292297363281,18.680806261916153,19.5563202135672,18.22106184439011,19.574520103001177,19.732149817028457
AWK,2024-12-16,128.61900813849394,126.43835784256275,126.62499237060547,18.27259469684158,19.450384255780747,18.06649641478325,19.49168775960799,19.734282022561192
AWK,2024-12-17,128.84490593344378,125.92755033959193,126.89017486572266,18.270524266019272,19.450278471136436,17.967229579638293,19.47652960144735,19.627720255701256
AWK,2024-12-18,126.47762213536384,122.19491346587066,122.22438049316406,20.51900946912264,20.537778845006255,18.88459209961781,19.97733511500704,19.97139713797481
AWK,2024-12-19,123.22630455041593,121.63502502441406,121.63502502441406,19.335954172955567,20.527749526284804,18.686198432135487,19.93733084581993,19.931540917278998
AWK,2024-12-20,124.07105938433406,120.5348735471125,123.68797302246094,20.078669914280546,20.880117490198305,18.86296454361624,19.94287343522426,19.95586585813165
AWK,2024-12-23,123.80585178358017,121.99846320217591,123.74691772460938,18.553045105269522,20.677245766497393,18.6889407231255,19.89043657366956,19.94858122472299
AWK,2024-12-24,124.00230489746811,122.5092512665575,123.50135040283203,18.42126850513264,20.54435046453878,18.389341631128737,19.81446333137563,19.94941654249921
AWK,2024-12-26,124.35591688164689,122.59764509845337,123.92372131347656,18.252755651569906,20.57654089460372,17.744208576334465,19.498923194313164,19.9449665363869
AWK,2024-12-27,124.32645507954136,122.53871619316294,123.06914520263672,18.308910984406356,20.568391490873445,17.729177840070903,19.51087217401366,19.956621044652906
AWK,2024-12-30,122.66640516214827,121.22246831539049,122.03775024414062,18.404622374457595,20.549762543722185,17.7605370623296,19.494658900980422,19.965309640360683
AWK,2024-12-31,122.92180498750818,121.65467024445594,122.2833251953125,17.589258677416904,20.409182841131077,17.725657265419827,19.48443134091898,19.95305329519022
AWK,2025-01-02,123.5406296749829,121.48768008054041,121.66448974609375,16.48632062456348,18.84494184275143,17.560189460101803,19.360453651166566,19.925066481661503
AWK,2025-01-03,122.90216426440027,121.458219830818,121.57608795166016,15.934436794612003,18.82256313924893,17.552736692253,19.29695235100519,19.92512276806064
AWK,2025-01-06,120.859024171673,118.59979040737743,119.80799102783203,16.240311410964676,18.954520408218205,17.678691390569377,19.281855808634354,19.935175492066648
AWK,2025-01-07,121.05547642363206,119.07128573684831,119.47401428222656,15.933895082090746,18.950914080087134,17.67156195198238,19.251272659090336,19.936465793556117
AWK,2025-01-08,120.53487143325978,117.58804870489473,120.4366455078125,16.211479256251877,18.55317783505885,17.724612959347137,19.26033356913734,19.933626595863487
AWK,2025-01-10,120.65274868670006,118.77660126017699,118.97306060791016,16.395692467204324,18.477385392147028,17.782405680987022,19.30791511887611,19.968682704491442
AWK,2025-01-13,119.70976960574389,116.63524630270042,118.8650131225586,16.137348074386836,18.399939107992456,17.75967684379656,19.253602801665657,19.956818931842303
AWK,2025-01-14,120.56434525803985,118.8944819488277,120.3482437133789,16.63140093675872,18.48369114380103,17.896103571330187,19.308007405776266,19.936491134951098
AWK,2025-01-15,122.81375106912478,120.48576583998708,121.34033966064453,16.901177024170156,18.48592986352955,17.956868274365767,19.315968100591217,19.94704960550527
AWK,2025-01-16,124.1594624612196,120.62327678074259,124.12017059326172,18.389350134617104,19.05599952965972,18.340220388407758,19.445135610492418,20.03067534080917
AWK,2025-01-17,125.1810331534496,123.60938835391345,124.35591888427734,18.23627234877294,19.046834893127343,18.335780130107377,19.4460823150966,19.972246873941266
AWK,2025-01-21,126.11419615079103,123.76656118498936,124.09071350097656,17.073207143718346,19.04684054477507,18.315186202272745,19.265330173669636,19.8681528817055
AWK,2025-01-22,124.55237923616222,119.34632265755235,119.52313232421875,19.799600702420502,20.257909267788435,19.191666981711116,19.757727774176054,20.216614251937056
AWK,2025-01-23,119.73923408106319,118.49174157113187,119.65082550048828,19.78117078739227,20.059287085895996,19.087492364869014,19.582782578024624,20.17856945789266
AWK,2025-01-24,120.25983667957806,119.14986947541502,119.47401428222656,19.564955545587388,19.869281889986375,19.085277920079914,19.53291817800114,20.17362758277967
AWK,2025-01-27,127.91175602912674,120.41699858846874,127.64653778076172,27.887989086162477,24.21326412985831,21.84109878103566,21.008486812819864,20.93976514182944
AWK,2025-01-28,126.5070998735121,123.47187589879042,124.09071350097656,29.02355440806142,24.485326884912574,22.26042863397263,21.251325883780904,21.07015706957946
AWK,2025-01-29,124.79795563352243,121.28141176143859,122.0475845336914,29.357017147656517,24.69009457860091,22.373170660443574,21.295376842080685,21.125942741524465
AWK,2025-01-30,123.75673383192459,120.71168507768932,121.4680404663086,29.322355315417443,24.37685511637495,22.370429657465387,21.27681669386355,21.02908336904722
AWK,2025-01-31,122.74499152823313,121.14388717061719,122.4306640625,29.425807838863804,24.28699694826589,22.41638289162504,21.284396764713964,21.01560801256745
AWK,2025-02-03,124.2085792793434,121.31087316101474,123.53081512451172,29.557626741340354,24.364621569014428,22.337391663898757,21.30568709552441,21.031788557251648
AWK,2025-02-04,122.70569622263226,121.07512488172009,121.6546630859375,27.822083507830662,24.346849801005213,22.28990755657519,21.371744588576878,21.065929962517384
AWK,2025-02-05,122.78428305232563,120.91796045109871,121.4189224243164,27.792429300448045,23.806668404380417,22.2683341297594,21.366560231667727,21.011795285231667
AWK,2025-02-06,122.01810761145487,120.87866589287474,121.78236389160156,27.35258531632539,23.80427007461567,22.27775273763378,21.36642936470159,20.9587599594345
AWK,2025-02-07,122.03439697981646,120.48265190714983,121.06578826904297,27.394872804592808,23.23405351344759,22.24652722667849,21.376134927155547,20.951965469448773
AWK,2025-02-10,121.9157886085898,119.98846458207863,121.67858123779297,27.44267942731831,23.209138542161973,22.234346140101515,21.372860257900253,20.957538428634756
AWK,2025-02-11,123.79370059238211,120.76928205679748,123.62567901611328,27.83184265624688,23.36689760093702,22.382185908244594,21.453375473609285,21.0162827470981
AWK,2025-02-12,123.8628906165185,121.54021582671741,123.56637573242188,27.75680393732607,23.366236540141138,22.37007558259996,20.945860353517435,21.014457578192808
AWK,2025-02-13,125.43441039427796,123.0227780661184,125.3948745727539,27.94547473537165,23.57643191943433,22.516315403764466,21.015611417735364,21.032942639382757
AWK,2025-02-14,125.97800307532273,123.58614257822967,124.19893646240234,28.10715150753678,23.372176250735787,22.484922761121613,20.964153871500656,20.811084329662172
AWK,2025-02-18,126.00765474834965,123.01288616675832,125.69137573242188,28.245393661914225,23.193719781331414,22.578762217689633,20.911837948154695,20.836429281671688
AWK,2025-02-19,126.70939519718453,124.9896285652739,126.37335205078125,28.267184756991483,23.094286244785582,22.46215978274906,20.821958619637993,20.61552317972156
AWK,2025-02-20,130.27742513441365,125.13788924433325,127.17393493652344,27.890429670320486,23.144205317380397,22.477303461872,20.420557630411494,20.59003359667141
AWK,2025-02-21,132.26405807746417,126.67974259285391,131.13729858398438,29.055476842604477,23.996392407904164,23.014868480401496,20.74077014419955,20.76590528647292
AWK,2025-02-24,133.61813052768483,129.05185270049728,132.03672790527344,29.040012901326705,23.95129303913167,22.955081062443274,20.67530802835981,20.77140187052743
AWK,2025-02-25,137.11696241221955,131.50301181600992,135.6541748046875,29.469284270105188,24.58415706366598,23.32437766668817,20.892083615191957,20.866386242719695
AWK,2025-02-26,136.24720807378807,132.44196643834596,133.48963928222656,30.02862149110241,24.774022269164746,23.44923494647078,20.958778039359977,20.922765442835335
AWK,2025-02-27,134.5966203136308,131.6216231806286,132.4617462158203,30.098259216661706,24.79502905010155,23.46893492233793,20.86381362034722,20.895365366004054
AWK,2025-02-28,135.9605779439126,132.995459151598,134.38906860351562,30.242413908343575,24.89837625552674,23.546596287055362,20.929110081972542,20.936367475284996
AWK,2025-03-03,138.01638284636604,133.52917678622848,137.94720458984375,30.451028511973483,25.378974274346305,23.81071347371729,21.13901850930466,21.090093331596048
AWK,2025-03-04,140.4477874955535,137.08731076921953,137.5814971923828,30.50065411579447,25.27122532974727,22.942942543276544,21.14209404775327,21.087840344426354
AWK,2025-03-05,138.6687203746244,135.66405832414156,136.21755981445312,30.70709170964903,24.873849423587036,22.996294570338485,21.15744635328116,21.096076955256198
AWK,2025-03-06,137.32453733685398,133.67743881134712,136.5733642578125,28.195261019592532,24.829487199724422,22.954085112118268,21.15897465075416,21.03513609025005
AWK,2025-03-07,144.2925630857962,136.9983663595924,143.70941162109375,31.217958083084962,26.867371221254448,24.322461292170534,21.97659492701741,21.5255648607734
AWK,2025-03-10,150.3018627409504,144.09486752491674,147.57394409179688,31.67889358460696,27.17639711698733,24.48996542843188,22.136396164577754,21.663853352062436
AWK,2025-03-11,147.29720796050896,141.5942922642379,141.76231384277344,29.338850282967893,28.53809837305083,25.287094818575927,22.660771803346154,21.99915961031208
AWK,2025-03-12,141.0704663276766,137.30476781729385,139.2222137451172,28.51903389294067,28.79336136628079,25.438858917236335,22.76785601779639,22.07930755343358
AWK,2025-03-13,141.91057612539132,138.43149945803938,140.88265991210938,27.93358434582408,28.873057403802555,25.461623535039124,22.76332311957166,22.05566272442234
AWK,2025-03-14,143.03732615653183,140.07220748012176,142.64198303222656,27.86702093952996,28.895953868990915,25.452785261842585,22.655137560725574,22.061643381885624
AWK,2025-03-17,145.06349355638372,141.3472018310313,143.13616943359375,27.86157417097278,28.858922515477136,25.42615370997136,22.657227937385738,22.038054164322887
AWK,2025-03-18,143.9663937431768,141.78208309684643,143.0669708251953,27.885682587456078,28.86356156557634,25.40348662379986,22.6546641522792,21.963795399388367
AWK,2025-03-19,142.55302219387917,139.5582534493214,140.39837646484375,28.125213597678687,28.015544742105757,25.583124991853474,22.771825986773422,22.01815516021191
AWK,2025-03-20,141.15941427783577,139.123353587498,140.16114807128906,28.120147678167452,27.988707666472013,25.539574375973,22.732261001560627,22.019627117303855
AWK,2025-03-21,142.07860692547683,138.3524368028031,139.48907470703125,28.253856960235,27.864091452500194,25.413977567787438,22.734285080904808,22.019387307711515
AWK,2025-03-24,140.3884724342596,137.78906210416457,138.07568359375,28.417987362703457,27.974485601975697,25.34539788252262,22.764009701712595,22.046774542686475
AWK,2025-03-25,138.84660591604273,135.34777286013622,137.54196166992188,28.51726946991385,27.98813518589399,25.321847595735825,22.696899947880027,22.05161993355166
AWK,2025-03-26,140.02278944680768,137.66057877665818,139.48907470703125,28.456755430655623,28.099211879124486,25.170621101758233,22.753256639469104,22.086786819815593
AWK,2025-03-27,142.5233661832842,139.7658124857544,141.39662170410156,28.555039354067286,28.136226500557992,25.255050919642336,22.79597738423019,22.115338858628753
AWK,2025-03-28,145.59720874809955,142.50359676073828,144.53965759277344,28.858098551517998,28.330195524181445,25.33810723356024,22.900197096758628,22.21012676838112
AWK,2025-03-31,148.24606139963188,145.15244929852614,145.80477905273438,28.554822187341262,28.355314697764776,25.23734528256179,22.658315268940438,22.02400503548319
AWK,2025-04-01,146.00243162643164,144.14428593125194,145.29080200195312,28.59630350758746,28.33847390977472,25.22865973867152,22.53484811507644,22.0227029690007
AWK,2025-04-02,145.78498504494658,143.75881782974244,144.49021911621094,28.752245893010773,28.38215314516173,25.171120903898338,22.415481604485883,21.96910042952237
AWK,2025-04-03,152.26871969960158,147.0105839508526,150.19314575195312,30.418045431631956,29.07297888335166,25.511478615929672,22.751970476192724,22.281032487630796
AWK,2025-04-04,153.69199107874346,144.55941974869256,145.5181427001953,31.290768915741406,29.938257028807335,26.023022199786087,22.890155970732337,22.510593627160482
AWK,2025-04-07,145.82452174746217,140.3192928872221,140.7047576904297,33.06090724744898,30.8599467307037,26.337281167044384,23.217703493770784,22.746217132881043
AWK,2025-04-08,142.71116302703498,137.58150524147413,139.23208618164062,32.38685430460478,30.826933103633923,26.345291256730167,23.251305262669717,22.7154057967318
AWK,2025-04-09,143.63035888498877,135.81232552750626,137.3838348388672,32.27247049961057,30.99306499686969,26.364851379897665,23.299501407026074,22.728225410440796
AWK,2025-04-10,142.9088244798383,136.87975923994102,141.48556518554688,33.1864630647587,31.420588881813714,26.76005599106213,23.5316276865336,22.863969865155966
AWK,2025-04-11,145.0832459272944,140.4082465079816,144.39138793945312,33.41821188331715,31.60903229704323,26.929890054217058,23.599720855892134,22.745429617720664
AWK,2025-04-14,147.70244112283333,143.63034980671236,147.0995330810547,33.02144812238239,31.51127836275786,26.96077653727861,23.61665246829032,22.807983484347133
AWK,2025-04-15,147.9198860412555,145.0140674160223,145.17221069335938,33.2944067034183,31.68158249949091,26.917299597198184,23.63490883358657,22.822348844070827
AWK,2025-04-16,146.79314519669973,144.46058458335565,144.69778442382812,33.14531637349604,31.689676503256255,26.87340747139758,23.636418303364888,22.81824072865908
AWK,2025-04-17,147.8111525182764,144.3320761039373,146.6745147705078,33.31420847915941,30.643080693128805,26.947365170120126,23.613436137636963,22.765556985235765
AWK,2025-04-21,147.2379140639242,144.13442372019463,145.4193115234375,30.08633653201585,30.738481975687005,26.972534103145723,23.610350612719316,22.750782050296962
AWK,2025-04-22,148.00884429134086,145.43906867510194,147.5245361328125,29.365879445561916,30.805905052082466,26.997512195664005,23.605660807314695,22.735510098231902
AWK,2025-04-23,146.07161813338817,142.89894970292275,145.45883178710938,27.15591465385085,28.10730999920655,27.090871489838282,23.554812038321156,22.768245355374987
AWK,2025-04-24,145.636745826614,143.50185684600422,144.3419647216797,26.689718014718157,27.465345801859563,27.110238142545644,23.263905599342568,22.778467368716317
AWK,2025-04-25,143.63034510300633,140.25999017521892,142.29603576660156,26.857482490748087,27.4002325071384,27.20322246388445,23.316139636615446,22.824909908939958
AWK,2025-04-28,143.4722110755954,140.65534233121232,142.59255981445312,26.619641036940077,27.35802788645737,27.152949598449595,23.316868592340914,22.795884396148814
AWK,2025-04-29,144.61872064048313,142.08847351130694,144.1640625,26.792859011155066,27.390230045731467,27.150538231732373,23.34049223451277,22.818496168963637
AWK,2025-04-30,145.75534785172985,142.5826643139717,145.30068969726562,26.882139212131552,27.380543435168796,27.10564441368203,23.269372912265784,22.81791159584128
AWK,2025-05-01,145.84429842116498,142.7210365295019,144.72743225097656,26.29113925344726,27.159580009876965,26.83687520724082,23.273865658254618,22.793833521921588
AWK,2025-05-02,145.96288551865413,143.69951847884045,145.39952087402344,26.29852313366961,27.14301079063885,26.818496887580107,23.276679351196446,22.796991861144054
AWK,2025-05-05,146.83268098135892,144.17395537009673,146.4274444580078,26.286714492914765,27.155638760901336,26.83454299867139,23.28957983646229,22.700358811929767
AWK,2025-05-06,148.75999123156726,146.42743071787694,147.46522521972656,26.088328369866293,27.10258969518589,26.759554318370448,23.30181032490531,22.701569767857634
AWK,2025-05-07,148.54255677580855,146.32861112785432,146.35826110839844,26.183733394016496,27.19021704689386,26.796760173182953,23.302352017373362,22.616259552454938
AWK,2025-05-08,146.6053520199772,143.44256180040827,143.70941162109375,26.5708606223365,27.40324355555118,26.958827742024134,23.40139056531726,22.66823599716942
AWK,2025-05-09,145.369893214209,142.79023924839217,145.2315216064453,26.459866477315046,27.444887877897127,26.999865257092825,23.4315081651196,22.66136171143459
AWK,2025-05-12,143.79837538030975,136.25708549875964,137.02801513671875,30.752545827516077,30.022947519629923,28.569575428723848,24.426567534696332,23.395844228870963
AWK,2025-05-13,137.27460794549498,132.53173906254784,133.07861328125,31.583723869354408,30.597291866210252,28.948930105923882,24.66250469992901,23.554538048979317
AWK,2025-05-14,133.58571479743193,130.90106243976732,133.05873107910156,31.59439965235853,30.515340579612133,28.94797337422822,24.659914513414833,23.540152132845975
AWK,2025-05-15,139.68083174697782,134.02319864739087,139.5714569091797,34.826875846966274,31.98051956274525,29.265597818052,25.298745508888793,24.007599844081657
AWK,2025-05-16,142.50469443241755,139.55158883102897,141.74900817871094,33.12552862240205,32.09253519476179,29.334340579008984,25.352617531948376,24.04996333991764
AWK,2025-05-19,142.95212755882977,141.0927552707388,142.89247131347656,32.01186475557944,31.553054269009618,29.251920139016235,25.335105646357913,24.058405539735425
AWK,2025-05-20,143.46915862659316,141.37116135474886,143.00184631347656,30.441620203854136,31.53316325231044,29.251713145599716,25.335193421194024,24.055868491918268
AWK,2025-05-21,143.82711491411519,141.93792962537376,142.6637725830078,30.27543111185048,31.082152220135118,29.252912097246845,25.314536025461333,24.05379441478811
AWK,2025-05-22,142.7035428714461,139.86974997798416,141.0430450439453,30.201702990677504,30.988313043417964,29.32222146426672,25.349633435239483,24.08206443328944
AWK,2025-05-23,143.09132617484516,140.59559539216534,142.79302978515625,29.187420102500873,31.021919074696296,29.34419541976695,25.3855608366641,24.10557789026731
AWK,2025-05-27,143.3399158515379,141.9478709749393,142.32571411132812,28.575657591180292,30.91241614726636,29.311378379553005,25.387015225383458,24.10331330590966
AWK,2025-05-28,142.15667843603737,139.63111940363694,140.06861877441406,28.32707709358578,30.651315534691765,29.44291612567373,25.45353910473863,23.829926115530185
AWK,2025-05-29,141.18225442900322,138.9052732576114,140.73480224609375,28.16773487430749,30.65883242957681,29.429574969206833,25.403086163291334,23.83141281877598
AWK,2025-05-30,142.86262972049585,140.01891417821918,142.15667724609375,28.339963034396426,30.64489306276368,29.458955502352406,25.36941718059284,23.79534967467003
AWK,2025-06-02,142.34559801140247,140.11833541488957,141.60980224609375,28.03174260634443,30.65642385433483,29.357384077898065,25.356601240699955,23.7339177252218
AWK,2025-06-03,141.43083690242042,139.32288674679003,141.05299377441406,27.956992664126005,28.816147389233933,29.362393228005708,25.360576603848095,23.678955162209377
AWK,2025-06-04,140.95355794020173,138.02034277456895,138.0501708984375,28.17461095169904,28.58585976009751,29.573172677885506,25.473256598054462,23.528435399379585
AWK,2025-06-05,139.62118339557676,137.74193574680424,139.2234649658203,28.106142279717112,27.462688255390937,29.513450539972823,25.481798488272002,23.542460689274286
AWK,2025-06-06,140.63538795190092,138.61693729479936,139.2532958984375,28.046845388339186,27.211596121007176,29.511586674758565,25.47294101973206,23.493005490672342
AWK,2025-06-09,139.49191357218666,136.61835476986857,139.0146484375,27.772772309591414,27.101033475203764,29.464911552247937,25.463035788811606,23.47681682799124
AWK,2025-06-10,141.36122842526834,138.6169348404173,140.4663543701172,27.950875700511567,27.063920773906887,29.47967764742541,25.4937885905655,23.48302892008291
AWK,2025-06-11,141.28168076039088,139.39249546903892,139.8101043701172,27.760535619854426,27.067623055143713,29.298402846026022,25.457530494153097,23.413433005445285
AWK,2025-06-12,140.91378592015994,139.3726005099873,140.5160675048828,27.694206619716322,27.090457132606634,29.304568970566542,25.4635612342558,23.41710202512024
AWK,2025-06-13,142.34559242295956,140.33707958763566,140.6353759765625,27.68642927235839,26.814351759502685,29.29969692194047,25.383794464474885,23.410716147140587
AWK,2025-06-16,142.0373639986825,138.88538407654278,139.6708984375,27.685573072941374,26.84964230091513,28.665081040750817,25.385685911868833,23.422023588229614
AWK,2025-06-17,140.32714393599736,137.5927881472023,140.1183319091797,27.606679511040927,26.839295224422415,28.666149275510644,25.376734485565187,23.40984306308488
AWK,2025-06-18,140.85412935379478,139.05442849499542,140.2973175048828,27.502056050524796,26.75481898828239,28.662004287351632,25.336100685612557,23.409986967665887
AWK,2025-06-20,141.44076810853673,139.28311462657015,140.4464569091797,27.45533194658627,26.741323786189724,26.727260937584752,25.313593302274747,23.404821774563906
AWK,2025-06-23,143.27030520109545,141.19219831783488,143.17088317871094,27.60012960535795,26.874745017648603,26.46775991239043,25.412181967670396,23.443692347449947
AWK,2025-06-24,142.64388704023565,141.01321732927116,141.37115478515625,27.63992652540232,26.86429500727639,26.406593742832214,25.453994536201492,23.47955772425741
AWK,2025-06-25,140.91379389274348,138.4876719751275,139.2532958984375,22.1662612028178,26.641863416265586,26.519370393343955,25.490397283501174,23.53021801165591
AWK,2025-06-26,140.11833107561165,137.10556938363925,137.63255310058594,20.649534125546488,26.664935858089745,26.579039253185105,25.468756532433286,23.52954031095171
AWK,2025-06-27,138.03029572699634,135.9720641462153,137.13540649414062,20.692524875574385,26.66530139312971,26.560310093212642,25.027264789553833,23.431249636950792
AWK,2025-06-30,138.39818075121826,136.64818329885514,138.31863403320312,15.445631943636414,26.71901837563413,26.456578616194832,25.045139244931313,23.445419201336012
AWK,2025-07-01,142.36547629348382,138.26891883301928,141.74900817871094,16.43556214942117,25.971317000006984,26.7062846576194,25.186531109076643,23.567451912826577
AWK,2025-07-02,141.67941673647564,139.29306061202692,139.51181030273438,16.877503616698597,25.37183146034949,26.848443481403063,25.25992760023179,23.62402874755972
AWK,2025-07-03,140.50612263222905,138.80585886293952,139.2532958984375,16.87349719425733,24.428237755615125,26.828264959314662,25.159654647353847,23.597820066280725
AWK,2025-07-07,139.6907868261327,138.11977329964023,139.16380310058594,16.86774110029833,24.333197210416845,26.82377226399581,25.128189099118316,23.592711397949667
AWK,2025-07-08,140.3868045254009,136.22063805800698,140.2177734375,16.727559072204855,24.220069377869237,26.74136124381142,25.134317770985533,23.59936995030513
AWK,2025-07-09,141.40100314452278,139.114084338532,140.9933319091797,16.397427790528575,23.47835773356433,26.748372475521613,25.116529820958135,23.55408414594125
AWK,2025-07-10,142.84275256338643,139.38253861680246,141.86831665039062,16.48344084976292,23.13012137278925,26.674143519666277,25.081220656731375,23.56081762099409
AWK,2025-07-11,142.2063878635033,139.93935960835566,141.48052978515625,15.807832557601104,22.797282878259296,26.625567821554156,25.064978339913168,23.556072641997527
AWK,2025-07-14,143.5288265724329,141.5799699612755,142.53451538085938,15.891563451814363,22.704185011143117,26.589207828941085,25.0676616002671,23.54042524856985
AWK,2025-07-15,142.22627372393913,139.90954187582403,140.0288543701172,16.4591366148796,22.97675158347555,26.750569805963288,25.155839841271803,23.425203301762227
AWK,2025-07-16,141.26180283889897,138.95499351727574,140.91378784179688,16.542350538960417,22.833869578196555,26.750492848851803,25.140862036010216,23.34225866026964
AWK,2025-07-17,141.91803187142744,139.2234570433917,141.4010009765625,16.53446536056828,22.788666786156213,26.327783381761314,25.066691325207614,23.256741849277475
AWK,2025-07-18,143.84699760813155,141.1921885593786,142.09701538085938,15.259297053091297,22.60725838746305,26.31823580101557,25.00369520510966,23.177216998731073
AWK,2025-07-21,143.49899624994785,141.758951691377,142.02740478515625,15.09667086108403,22.432112498093236,25.978756389802005,24.986323374857765,23.048500457358475
AWK,2025-07-22,145.45778679776404,141.2816825617501,144.0856475830078,15.610088764945706,22.581128908836998,25.935126684199066,24.903554400136844,23.07707360186691
AWK,2025-07-23,143.9265442263962,139.61123731884655,141.0728759765625,16.88094636719591,22.80842839897289,26.13334064090526,25.033878049844088,23.174911918092274
AWK,2025-07-24,141.2717387261348,139.6609594188185,139.71066284179688,16.86151401544612,22.887045853737085,26.089507768421456,24.976590859079373,23.191386213096056
AWK,2025-07-25,140.25753963310603,138.8853852810931,139.52175903320312,16.811784136662354,22.766158059069298,25.761943745366555,24.90836114971238,23.172883094552777
AWK,2025-07-28,139.7404898471248,137.06580545450424,137.92091369628906,17.059010676252477,22.807462684119347,25.824784937317546,24.93937261664029,23.162638033160803
AWK,2025-07-29,140.19788143698716,137.12546342124026,140.14816284179688,17.726233665173467,23.05802171462301,25.898278061824083,24.961574659567116,23.160061538073613
AWK,2025-07-30,140.36691765425394,138.3981856230284,138.85556030273438,17.81854387075358,23.100841978785986,25.93972087599025,24.79050973060701,23.1510460557189
AWK,2025-07-31,140.2774327733692,136.71779668273678,139.4422149658203,17.83781621317142,23.067232090819875,24.64002944376711,24.784722047592975,23.153436536294784
AWK,2025-08-01,145.57711417932794,139.9095430721576,144.8910369873047,21.04248112948102,24.376305960102933,25.035042324874468,25.03132778214535,23.412583310287708
AWK,2025-08-04,146.81003825746944,144.70210343101664,146.1637420654297,21.15961156380686,24.39806572085442,24.237538799666485,25.02060096479508,23.40957945777092
AWK,2025-08-05,141.90809874578179,139.91947630278818,140.69503784179688,23.361102939664786,25.3536383026,24.826611211670667,25.395092840152017,23.674757487392217
AWK,2025-08-06,142.57428324615884,140.66520755094632,141.1027069091797,23.096185067520935,25.261652223866587,24.75930645752148,25.39671883404857,23.595345295936454
AWK,2025-08-07,143.8768251068592,140.34701737376525,143.59841918945312,23.186696758351047,22.49255573396894,24.837803777316424,25.47316455221243,23.442530604460956
AWK,2025-08-08,144.81148698543464,143.74758185836208,144.5330810546875,22.916658682428036,21.630767629120992,24.85298355933325,25.411572684198212,23.443432049886244
AWK,2025-08-11,145.36829634188493,143.87682952201882,144.7220001220703,22.86301880258148,21.628439718762436,24.85354315696494,25.3262995253079,23.443424031880134
AWK,2025-08-12,145.0,140.67999267578125,142.08999633789062,23.492104025074127,19.734307630099998,24.844441943538126,25.390898741076295,23.50772818038823
AWK,2025-08-13,143.77000427246094,141.77000427246094,143.72999572753906,22.643099676393234,19.619422289930522,24.90785702538014,25.42377018050816,23.473385783354463
AWK,2025-08-14,144.24000549316406,142.77999877929688,143.41000366210938,22.1248139249232,19.557723924786355,24.89789212807177,25.414903360742375,23.473884912619457
AWK,2025-08-15,144.97999572753906,142.88999938964844,143.9199981689453,22.121393973022034,19.570333385811487,24.846404373186026,25.38400418621593,23.47441539405681
AWK,2025-08-18,144.8000030517578,142.6300048828125,142.66000366210938,22.302539868426198,19.649184446914898,24.880271686241326,25.401535075273046,23.490764813688227
AWK,2025-08-19,145.27999877929688,142.9199981689453,145.2100067138672,22.758959079901736,19.832244577835734,24.938249520970825,25.475425469757912,23.555394489290496
AWK,2025-08-20,147.8699951171875,145.36000061035156,145.6199951171875,22.727573444550558,19.68483501579653,24.851828287120625,25.470615036390733,23.544471678964044
AWK,2025-08-21,146.22000122070312,145.25,145.8699951171875,22.67709743395059,19.67237450743574,24.608618873651388,25.441330087903886,23.541608170183974
AWK,2025-08-22,147.83999633789062,145.1199951171875,146.1999969482422,22.653165253201838,19.37600852642154,24.57235122070597,25.4127346458608,23.541324642548563
AWK,2025-08-25,146.2899932861328,144.07000732421875,144.39999389648438,22.898562066068653,19.541219259122283,24.645116982000964,25.42133054573211,23.572149828864735
AWK,2025-08-26,144.6300048828125,143.0500030517578,143.9499969482422,22.274143232700293,19.450394218401108,24.634501801059116,25.266739237106666,23.567958338258236
AWK,2025-08-27,144.9550018310547,143.16000366210938,144.75,22.259321176790944,19.461876156449325,23.856947574308524,25.257108566614523,23.572527750914748
