Ticker,Date,High,Low,Close,Realised_Vol_Close_30,Realised_Vol_Close_60,Realised_Vol_Close_100,Realised_Vol_Close_180,Realised_Vol_Close_252
CHTR,2011-01-04,39.83000183105469,38.349998474121094,39.599998474121094,21.638870810107015,22.943851787257827,21.859557999536214,20.90717336546434,20.491630165206118
CHTR,2011-01-05,39.70000076293945,38.540000915527344,39.56999969482422,21.261637420377117,22.466772771566877,21.85812518988576,20.83639479897778,20.491952233152684
CHTR,2011-01-06,39.810001373291016,39.099998474121094,39.220001220703125,21.334219936533092,22.598862971542967,21.731989859526507,20.807812524269213,20.513320292134544
CHTR,2011-01-07,39.2599983215332,38.38999938964844,39.18000030517578,21.319751743426274,22.393467318038958,21.598551672543113,20.794397336186147,20.027047577020333
CHTR,2011-01-10,39.27000045776367,38.84000015258789,39.150001525878906,21.279362676580863,22.26253581742979,21.599899422388173,20.780724902737045,20.027432700305415
CHTR,2011-01-11,39.29999923706055,38.88999938964844,39.040000915527344,19.763195434040696,22.257741972200098,21.60878562587965,20.78413361493229,20.030281340859936
CHTR,2011-01-12,40.86000061035156,38.7599983215332,39.869998931884766,19.245963680119807,22.36440001921478,21.830223505739205,20.927369806137037,19.997489656958965
CHTR,2011-01-13,40.2400016784668,39.7400016784668,40.02000045776367,18.335855727096007,22.358388984640037,21.832658193295575,20.79751728599953,19.999543631537748
CHTR,2011-01-14,41.2599983215332,40.04999923706055,40.93000030517578,19.008210110437368,22.661716466414763,22.044904110204435,20.865768698915467,20.050404559407838
CHTR,2011-01-18,41.040000915527344,40.59000015258789,40.9900016784668,18.76947712328715,22.641190255728336,21.999147530487516,20.29027500574116,20.031305858674195
CHTR,2011-01-19,41.86000061035156,41.0,41.5,18.823079593803502,22.707887925385766,22.015600855142612,20.328538398205072,20.043845536627458
CHTR,2011-01-20,41.68000030517578,41.06999969482422,41.099998474121094,19.284706388845418,22.3915961672262,21.933358098197296,20.34776552952979,20.06432239448414
CHTR,2011-01-21,41.400001525878906,41.08000183105469,41.130001068115234,19.31775731219903,22.40002971325937,21.93199538208957,20.03719944030947,20.05989138021973
CHTR,2011-01-24,41.540000915527344,41.04999923706055,41.290000915527344,19.053817997444533,22.303159124520864,21.931744344721753,19.97668983129715,20.041348652877954
CHTR,2011-01-25,42.02000045776367,41.08000183105469,41.65999984741211,19.06336230663608,22.311942425595817,21.942698709908587,19.998054387065242,19.98153257390927
CHTR,2011-01-26,42.58000183105469,40.7599983215332,42.2599983215332,18.5661331230083,22.393041625127736,21.9910816920359,20.05153729624994,20.023996363884404
CHTR,2011-01-27,42.5,42.119998931884766,42.119998931884766,18.70491852462917,22.44436819327477,22.000650402350765,20.05675591224276,20.028844469011332
CHTR,2011-01-28,42.22999954223633,41.220001220703125,42.040000915527344,17.56465024079623,22.451848809530574,22.00742982299416,20.058780296496046,20.024656578194815
CHTR,2011-01-31,42.529998779296875,40.5,42.0,17.333502937087438,22.03441980642436,22.01028558821211,20.015780440488392,20.018257273154187
CHTR,2011-02-01,42.0,41.619998931884766,41.63999938964844,16.48338793067291,17.42746874614704,22.06732892757266,20.010037954141975,20.04223354651406
CHTR,2011-02-02,42.0,41.59000015258789,41.619998931884766,15.514671854141051,17.424648421676256,22.03520548508,19.862089654755387,19.870590935052892
CHTR,2011-02-03,42.09000015258789,41.59000015258789,42.0,15.60818775919378,17.475546023510486,21.63820402751012,19.67221359274443,19.82627604366403
CHTR,2011-02-04,42.11000061035156,41.86000061035156,41.9900016784668,15.586665595803106,17.478886431464062,21.549420075267793,19.290059181229406,19.814647887882504
CHTR,2011-02-07,42.02000045776367,41.880001068115234,41.9900016784668,15.116805171446332,17.487337301901626,21.232760500239177,19.26970488071975,19.68232767737333
CHTR,2011-02-08,44.20000076293945,41.95000076293945,43.880001068115234,19.17488625516871,19.438522602862328,22.00782231641136,19.875873917505814,20.137054487005702
CHTR,2011-02-09,45.5,43.70000076293945,45.310001373291016,20.750863293770983,20.235853653071356,22.460390458693123,20.180046996015164,20.364478558482592
CHTR,2011-02-10,46.2599983215332,45.15999984741211,46.099998474121094,21.02376087690026,20.410971949696943,22.57431648438372,20.268084604737027,20.423208425755618
CHTR,2011-02-11,47.459999084472656,46.060001373291016,47.0,21.295904272593443,20.625268605629795,22.43958043695512,20.378443346095978,20.498059947082357
CHTR,2011-02-14,47.4900016784668,46.779998779296875,47.349998474121094,21.255539038584693,20.585428713275544,22.34575092974712,20.389755751532814,20.504886075464345
CHTR,2011-02-15,47.369998931884766,46.97999954223633,47.099998474121094,20.800598855995815,20.67005936084136,22.338549547190024,20.39762817903346,20.51650006142222
CHTR,2011-02-16,47.20000076293945,45.95000076293945,46.31999969482422,20.749591243813224,21.065607631226825,22.489537018293603,20.27206830387223,20.597606701865207
CHTR,2011-02-17,46.810001373291016,46.04999923706055,46.56999969482422,20.671919777984712,20.831421933756456,22.11424125429981,20.276253054987404,20.600012702473812
CHTR,2011-02-18,46.75,46.099998474121094,46.439998626708984,20.378796197539216,20.73940722267474,22.07980886587286,20.282029688197913,20.604340783193653
CHTR,2011-02-22,46.720001220703125,45.630001068115234,45.689998626708984,21.272164886217514,21.142506464660045,22.263874145768366,19.88850720778319,20.682594843463878
CHTR,2011-02-23,46.84000015258789,44.77000045776367,44.970001220703125,22.07210102235764,21.504131642515,21.999046775442295,19.84907126641541,20.7566334541431
CHTR,2011-02-24,45.2400016784668,44.7599983215332,45.0,21.993152262157274,20.73070565130333,21.869759053731876,19.849018665197743,20.739728630578263
CHTR,2011-02-25,45.599998474121094,44.65999984741211,45.5,21.535605109262747,20.279177351570063,21.879399025320193,19.880509780758423,20.749917864280025
CHTR,2011-02-28,46.59000015258789,45.75,45.77000045776367,21.539066293372592,19.83705038898041,21.864676901970657,19.885643579018314,20.729965021431614
CHTR,2011-03-01,48.349998474121094,45.54999923706055,46.93000030517578,21.735649024067676,20.264200406826376,21.941559457614574,20.015377862900348,20.845127999476535
CHTR,2011-03-02,49.689998626708984,46.459999084472656,48.81999969482422,23.94578666751169,21.33669420923526,22.586005491650056,20.47429797070767,21.162549975170016
CHTR,2011-03-03,49.209999084472656,47.56999969482422,47.849998474121094,24.998243404301775,21.942703518509354,22.86364257661582,20.633667453225907,21.264007701839176
CHTR,2011-03-04,48.20000076293945,47.33000183105469,47.9900016784668,24.630140374419508,21.93500863643393,22.585447719425588,20.6340631921179,21.154138999824127
CHTR,2011-03-07,48.75,47.22999954223633,48.220001220703125,24.594691622899933,21.935012221158303,22.583038667448495,20.5836360712727,21.15582228241352
CHTR,2011-03-08,48.66999816894531,47.97999954223633,48.150001525878906,24.66992819435046,21.854989100120516,22.452411679594515,20.586083083565867,20.951713251050215
CHTR,2011-03-09,48.45000076293945,47.869998931884766,48.0,24.755549208245338,21.905815512649458,22.405776362663183,20.584207038796272,20.94794042555059
CHTR,2011-03-10,47.83000183105469,47.13999938964844,47.47999954223633,24.984280689165438,21.830686789267855,22.510859426072034,20.635520673636655,20.917355536750534
CHTR,2011-03-11,48.0,46.2400016784668,47.810001373291016,24.9040169220235,21.836342691785745,22.381999322263958,20.642033477782206,20.92382114938319
CHTR,2011-03-14,47.709999084472656,46.47999954223633,46.52000045776367,26.489903765944277,22.28350776550915,22.916700343566273,20.924375763917453,21.076430674109297
CHTR,2011-03-15,46.13999938964844,45.22999954223633,45.54999923706055,27.40164010644439,22.74257480803397,23.220506320833,21.07018828869372,21.176742838042202
CHTR,2011-03-16,46.65999984741211,45.31999969482422,45.97999954223633,27.25215513207924,22.3393098176769,23.228349092812188,21.088776991592802,20.87966695773047
CHTR,2011-03-17,47.150001525878906,46.029998779296875,47.04999923706055,27.81293390887953,22.344961755178918,23.43451935191875,21.22530758440369,20.891752761167318
CHTR,2011-03-18,48.59000015258789,47.060001373291016,48.369998931884766,28.61305548956603,22.885023325423077,23.4669838009845,21.44328741425087,21.05832212226597
CHTR,2011-03-21,49.130001068115234,48.119998931884766,48.880001068115234,28.620855218542722,22.91442122978469,23.489330841023186,21.46735150208833,21.051424190835142
CHTR,2011-03-22,49.91999816894531,48.560001373291016,48.66999816894531,28.714111675230196,22.790639815173733,23.470879045744848,21.25485006051408,21.00484124676263
CHTR,2011-03-23,49.34000015258789,48.459999084472656,48.83000183105469,26.21135696014608,22.785312538068002,23.46355528180391,21.25492252527403,21.005352916243
CHTR,2011-03-24,50.310001373291016,48.720001220703125,49.880001068115234,25.364283659307734,23.05501003903665,23.613350501723307,21.301945845719132,21.040286669235684
CHTR,2011-03-25,50.400001525878906,49.439998626708984,49.810001373291016,25.03892686862001,23.085279691089596,23.628292571977312,21.3006811788752,21.03426856299274
CHTR,2011-03-28,50.02000045776367,49.0099983215332,49.209999084472656,24.86893633201517,23.3158825158487,23.755515220785174,21.363977501423008,21.060179935830305
CHTR,2011-03-29,49.4900016784668,48.88999938964844,49.16999816894531,24.813975024688578,23.29057916811195,23.519256764394346,21.34878309386506,21.059407764795985
CHTR,2011-03-30,49.810001373291016,49.189998626708984,49.4900016784668,24.778594791141597,23.046694537881915,21.041465155026334,21.27418596527094,21.065522401969115
CHTR,2011-03-31,50.689998626708984,49.650001525878906,50.630001068115234,24.87936586937169,22.784637945900734,21.25736476614241,21.410400783312873,21.1338783290072
CHTR,2011-04-01,51.88999938964844,50.95000076293945,51.65999984741211,25.366782075232525,22.99603559843853,21.41936787796689,21.513936586750496,21.21566249524155
CHTR,2011-04-04,52.060001373291016,51.56999969482422,51.9900016784668,25.309457950937674,22.830311110654705,21.416639181023456,21.45994745551928,21.17112012852573
CHTR,2011-04-05,53.02000045776367,51.95000076293945,52.880001068115234,24.85189483139547,22.93540436480541,21.51889011906936,21.484402970334685,21.22603908386469
CHTR,2011-04-06,55.560001373291016,53.97999954223633,55.4900016784668,27.041884009470564,24.54680101219128,22.637861599946895,22.133025738529007,21.72836163072591
CHTR,2011-04-07,55.540000915527344,54.5,55.40999984741211,27.091730364690296,24.527822586958933,22.61034880319236,22.116543352115585,21.729492939782414
CHTR,2011-04-08,55.470001220703125,54.2400016784668,54.810001373291016,27.544586893435085,24.55533690113538,22.734134474512196,22.16872285491632,21.75612216852831
CHTR,2011-04-11,54.61000061035156,52.470001220703125,54.25,27.955754265019994,24.760484515507972,22.841086620996336,22.218220661608886,21.788771102090216
CHTR,2011-04-12,54.79999923706055,53.2599983215332,54.75,27.37312366117845,24.5096564683645,22.831890992653,22.18880797417111,21.794838661684658
CHTR,2011-04-13,55.369998931884766,54.650001525878906,54.869998931884766,25.367493144500518,24.50583388631599,22.82664503751162,22.186976636641813,21.708538805418257
CHTR,2011-04-14,55.349998474121094,54.20000076293945,55.279998779296875,24.34159563949002,24.462181063419436,22.7991963069064,22.08600180523596,21.715941057359707
CHTR,2011-04-15,55.58000183105469,55.08000183105469,55.29999923706055,24.370154717969456,24.294528358584536,22.680255280452442,22.08064257320636,21.712288898650694
CHTR,2011-04-18,55.79999923706055,54.4900016784668,54.7400016784668,24.749922711310205,24.477543123652094,22.72169018926336,22.128410847668288,21.744133513358
CHTR,2011-04-19,55.2400016784668,54.279998779296875,54.7599983215332,24.71925710663159,24.49356339519662,22.70971272160183,22.102951691428245,21.687758106594607
CHTR,2011-04-20,55.439998626708984,54.65999984741211,54.79999923706055,24.64406069090387,24.49087461448046,22.689628344115036,22.096977174500395,21.65455237662713
CHTR,2011-04-21,55.25,54.47999954223633,54.880001068115234,24.23392253037844,24.414233134893788,22.2474538224533,22.070484843445414,21.648137035758513
CHTR,2011-04-25,55.0099983215332,54.56999969482422,54.86000061035156,24.271163477026146,24.38206361620296,21.991978073276503,22.07106266440294,21.642689159094317
CHTR,2011-04-26,55.439998626708984,54.79999923706055,55.279998779296875,22.309514460435306,24.354993690334055,21.752084193073003,22.071734336551827,21.65040488915388
CHTR,2011-04-27,56.41999816894531,54.79999923706055,56.119998931884766,20.951723011499823,24.42147935608213,21.812733129060184,22.122650778423957,21.691371680422826
CHTR,2011-04-28,58.689998626708984,56.04999923706055,58.63999938964844,23.532202873927975,25.53448746151631,22.606590629987593,22.658567583327468,22.02049631681016
CHTR,2011-04-29,61.150001525878906,58.02000045776367,58.939998626708984,23.115699913720146,25.502328522040408,22.590281652121494,22.658115817152,21.968026622689226
CHTR,2011-05-02,60.56999969482422,58.9900016784668,59.29999923706055,22.312553859363494,25.493208597764706,22.584521224635314,22.656373621702546,21.609988733691313
CHTR,2011-05-03,59.9900016784668,57.36000061035156,58.709999084472656,22.802265516097993,25.669002351825515,22.71075311943754,22.588715693279383,21.63592368787823
CHTR,2011-05-04,58.91999816894531,58.099998474121094,58.2599983215332,22.95737389605217,25.78867886308821,22.731297021070496,22.533263390237014,21.641416458949863
CHTR,2011-05-05,58.5099983215332,57.279998779296875,57.529998779296875,23.574277624884903,24.76242753613572,22.8931169915124,22.604780310275004,21.462682030078398
CHTR,2011-05-06,58.47999954223633,57.459999084472656,58.0,23.111612790649737,24.10187433407645,22.726534006214873,22.613177202495894,21.42141966489542
CHTR,2011-05-09,58.5,57.4900016784668,57.849998474121094,23.142806705340455,23.981890617936212,22.754252411716795,22.61227311512124,21.421306749725844
CHTR,2011-05-10,58.439998626708984,56.869998931884766,58.33000183105469,22.580710017854503,23.781757667362577,22.48990619272289,22.61904709532187,21.425774587160777
CHTR,2011-05-11,59.22999954223633,57.97999954223633,58.66999816894531,22.496971866792318,23.773011093018255,22.416405455701828,22.590332446696166,21.429025825252307
CHTR,2011-05-12,59.09000015258789,58.290000915527344,59.0,22.496380164536937,23.70423461601374,22.182415205337712,22.560322848303553,21.43183686282868
CHTR,2011-05-13,59.060001373291016,57.61000061035156,57.86000061035156,23.06460823986802,23.814617558292206,22.260796147205195,22.6847610540527,21.501888244184094
CHTR,2011-05-16,58.91999816894531,57.43000030517578,57.77000045776367,22.6352654918413,23.836222594885477,22.279311216749033,22.594153158450663,21.485862279185994
CHTR,2011-05-17,57.7400016784668,55.900001525878906,56.18000030517578,24.398965632177404,24.664887315092336,22.845725395997622,22.88551592880614,21.58092653280045
CHTR,2011-05-18,57.689998626708984,56.25,57.36000061035156,24.61839692223002,24.58581353893155,22.89289809199954,22.981274299900083,21.537180458075504
CHTR,2011-05-19,57.65999984741211,57.189998626708984,57.619998931884766,20.523025030775973,24.241591552967602,22.889435862679903,22.975999695550477,21.274263901046396
CHTR,2011-05-20,57.63999938964844,56.619998931884766,57.0,20.808055250710453,24.425274451136445,23.01187915340327,23.00995901538459,21.29436027866471
CHTR,2011-05-23,56.72999954223633,55.27000045776367,55.790000915527344,21.54273590039249,24.924503267764162,23.3624927621555,23.186792525953976,21.374381382157306
CHTR,2011-05-24,56.59000015258789,55.7599983215332,55.9900016784668,21.30869164198153,24.919017791733587,23.355958130640506,23.184680533313863,21.351556005536914
CHTR,2011-05-25,56.08000183105469,55.33000183105469,55.75,21.219986430210884,24.551833320744183,23.360344665440063,23.197476957560262,21.359415943607548
CHTR,2011-05-26,56.54999923706055,55.34000015258789,55.68000030517578,21.221107032679118,23.347033309610758,23.232776271830677,23.199305752729344,21.360810350454006
CHTR,2011-05-27,56.31999969482422,55.79999923706055,56.22999954223633,21.300149256446783,22.929778711071474,22.892298750625244,23.191978494454087,21.375425731243258
CHTR,2011-05-31,58.22999954223633,56.45000076293945,56.4900016784668,21.332189308167486,22.933130168359043,22.882709134058356,22.982810122564544,21.371136882397128
CHTR,2011-06-01,57.290000915527344,56.119998931884766,56.70000076293945,21.0946653871309,22.930065233457512,22.795540282163135,22.94224381913129,21.203965257405997
CHTR,2011-06-02,57.75,56.72999954223633,57.38999938964844,21.328333829792122,22.993288561176996,22.821687077746986,22.79144185413226,21.227488486356847
CHTR,2011-06-03,58.130001068115234,56.849998474121094,57.779998779296875,21.37965101194532,22.971556624325213,22.814527132489463,22.6537027495073,21.23200605778362
CHTR,2011-06-06,57.63999938964844,57.04999923706055,57.380001068115234,21.528397934506096,22.88303443994175,22.854850935360503,22.661284999997925,20.899621474957698
CHTR,2011-06-07,58.400001525878906,57.189998626708984,57.869998931884766,21.61543991102587,22.896409160818866,22.70102822164934,22.668688429417138,20.81424437650165
CHTR,2011-06-08,58.29999923706055,57.5,57.939998626708984,21.54452142705292,22.000151119821524,22.704542631180217,22.51541375335797,20.81389238099792
CHTR,2011-06-09,58.060001373291016,57.599998474121094,57.77000045776367,21.192414060311023,21.436161477374462,22.527150995514106,22.472728889867234,20.81887856250845
CHTR,2011-06-10,57.939998626708984,56.63999938964844,57.5,16.8725818661126,21.47786867130589,22.56204255557869,22.4658957332763,20.828116354670236
CHTR,2011-06-13,57.869998931884766,51.900001525878906,55.459999084472656,19.65192233840752,22.600030522705513,23.36931418725101,22.89357852319923,21.130959232406195
CHTR,2011-06-14,56.650001525878906,55.470001220703125,55.959999084472656,19.77293455249059,22.037040276508936,23.301162860322787,22.707944209629684,21.12024090822839
CHTR,2011-06-15,56.400001525878906,55.349998474121094,55.70000076293945,19.643743058735392,22.01904652707831,23.330701919258367,22.692326361242575,21.126873185484968
CHTR,2011-06-16,56.36000061035156,55.04999923706055,56.0099983215332,19.67076011921211,21.987733699413,23.333750033469673,22.677849348960624,21.13001543967457
CHTR,2011-06-17,56.9900016784668,55.77000045776367,56.810001373291016,19.865411673179135,22.12072977940465,23.382346852175175,22.463402469490976,21.129406920246037
CHTR,2011-06-20,56.65999984741211,55.47999954223633,56.029998779296875,20.062189190587713,22.019192098243344,23.46559649384798,22.47908578928776,21.186998905708563
CHTR,2011-06-21,56.81999969482422,55.93000030517578,56.20000076293945,20.093273987762945,22.009194657058547,23.44495322511956,22.465548366367564,21.180842166637078
CHTR,2011-06-22,58.150001525878906,56.08000183105469,57.13999938964844,20.56479112938756,22.008271218487447,23.53244834456714,22.513943284943096,21.230946674087
CHTR,2011-06-23,57.04999923706055,54.97999954223633,55.52000045776367,22.006035258546397,22.914097925587583,24.061521660993673,22.730619433910164,21.448468732155384
CHTR,2011-06-24,55.93000030517578,53.02000045776367,54.40999984741211,22.512099442796426,23.340649528837826,24.270646313944667,22.860777697184638,21.55992719978918
CHTR,2011-06-27,54.7599983215332,53.61000061035156,54.09000015258789,21.967883775017572,22.965272227868567,24.30379411849816,22.863925524239363,21.55556292459739
CHTR,2011-06-28,54.88999938964844,53.959999084472656,54.56999969482422,22.201429236386364,22.68009588723138,24.302107618001212,22.706518498203714,21.565926487556865
CHTR,2011-06-29,54.720001220703125,53.970001220703125,54.36000061035156,20.803272913705165,22.671857336885637,24.31970915354851,22.719755712598737,21.560528267581628
CHTR,2011-06-30,54.849998474121094,54.04999923706055,54.2599983215332,19.741456352274746,22.423076095651638,24.32644091467796,22.65620744262855,21.559810360625185
CHTR,2011-07-01,55.43000030517578,54.25,55.150001525878906,20.35510389685018,20.381553520121248,23.507427718860335,22.664249447401982,21.60838715440693
CHTR,2011-07-05,58.7599983215332,56.5,57.970001220703125,24.999977426491807,22.806006279685406,24.2398819942916,23.327370434029884,21.985175342346437
CHTR,2011-07-06,59.13999938964844,57.91999816894531,58.97999954223633,24.551732497231274,22.922014175299307,24.239689257593348,23.320038748263244,22.038482452192714
CHTR,2011-07-07,59.22999954223633,58.529998779296875,58.540000915527344,24.693263327801297,22.869479416903932,24.13825708858001,23.352571019728774,22.002382576413055
CHTR,2011-07-08,58.88999938964844,57.52000045776367,57.79999923706055,24.983697443272963,22.986119984978558,24.238849939786018,23.415722258026932,22.048031191913175
CHTR,2011-07-11,58.470001220703125,56.130001068115234,56.5099983215332,25.9125673455764,23.48172756037259,24.52457137219585,23.606124111976403,22.182912563383837
CHTR,2011-07-12,57.15999984741211,56.31999969482422,56.720001220703125,25.78133412748973,23.44693619218669,24.34559680803061,23.60400705501368,22.171650578842822
CHTR,2011-07-13,57.349998474121094,56.2400016784668,56.7599983215332,25.749237566468153,23.446999878046327,24.34050154471244,23.461651403155873,22.115383847226706
CHTR,2011-07-14,57.290000915527344,56.5099983215332,56.86000061035156,25.732060432567007,23.343629363527842,24.328497036018742,23.461185059651292,22.110408596031473
CHTR,2011-07-15,57.619998931884766,56.959999084472656,57.34000015258789,25.604426386217604,23.397790543689784,24.17079481166983,23.44381637118739,22.1175541496672
CHTR,2011-07-18,57.279998779296875,55.959999084472656,56.279998779296875,26.07400209514997,23.734110510111435,24.227807709026266,23.583316147788434,22.173486037194788
CHTR,2011-07-19,58.11000061035156,56.84000015258789,57.40999984741211,26.683396447302332,24.065656182288595,24.38742296143268,23.66476613524877,22.212478746147966
CHTR,2011-07-20,59.04999923706055,57.7599983215332,58.779998779296875,27.44713044166163,24.514486799521983,24.580506990843137,23.787399639149925,22.29944372572832
CHTR,2011-07-21,60.0,58.220001220703125,59.5099983215332,27.660270675150585,24.58664813872235,24.62396738818541,23.805348514348033,22.30968315696166
CHTR,2011-07-22,59.959999084472656,59.18000030517578,59.75,27.650118327171295,24.42446426420635,24.361890749348543,23.659182964173915,22.30768864351589
CHTR,2011-07-25,59.689998626708984,58.86000061035156,59.119998931884766,27.81077180656065,22.84064086850674,23.71075555175262,22.364163510187414,22.342969292261504
CHTR,2011-07-26,59.369998931884766,58.61000061035156,58.9900016784668,25.528001169782506,22.8218412669429,23.4573773150541,22.367858982008176,22.313911019796556
CHTR,2011-07-27,59.02000045776367,57.15999984741211,57.349998474121094,26.889481201141635,23.50344292075214,23.944432492281614,22.666139870842798,22.51668726075057
CHTR,2011-07-28,58.060001373291016,54.52000045776367,54.7400016784668,30.175345662720822,25.260871777295208,25.1389221756914,23.40042664629874,22.95195466564036
CHTR,2011-07-29,54.459999084472656,53.83000183105469,54.0,30.347639949722073,25.35509248096568,25.2462768808389,23.47651529879634,22.996387781439704
CHTR,2011-08-01,56.16999816894531,52.88999938964844,53.279998779296875,30.184540365963603,25.371187775126934,25.343390394252303,23.549707353586026,23.044620856178685
CHTR,2011-08-02,54.400001525878906,50.91999816894531,50.9900016784668,32.378872423082164,26.752254121502023,26.26540249752407,24.16045303724901,23.473796264162786
CHTR,2011-08-03,51.9900016784668,49.709999084472656,51.36000061035156,32.47120097429336,26.82091827564567,26.26727604464906,24.168274595120465,23.474666648537017
CHTR,2011-08-04,50.68000030517578,47.08000183105469,47.08000183105469,40.040285189387376,31.893778369593385,29.40936663709935,26.36256488847174,25.070345230036985
CHTR,2011-08-05,48.54999923706055,43.029998779296875,46.060001373291016,39.75663843446184,32.050898753771556,29.42491302538226,26.504250717143485,25.174908789405954
CHTR,2011-08-08,45.15999984741211,41.33000183105469,42.060001373291016,46.598482275878276,36.58655914890129,32.73641497434549,28.663851218834367,26.794276022610262
CHTR,2011-08-09,45.72999954223633,42.459999084472656,45.189998626708984,52.10061706857664,39.754626564836144,34.51022250813308,29.860656159981392,27.72353114166962
CHTR,2011-08-10,45.68000030517578,43.56999969482422,44.349998474121094,52.032064417099214,39.86349793157804,34.33551241022256,29.92147089849083,27.792919178103787
CHTR,2011-08-11,47.790000915527344,43.66999816894531,46.959999084472656,55.251491342617065,41.50142001270537,35.5087294697773,30.62567366839132,28.358784500997103
CHTR,2011-08-12,48.209999084472656,46.560001373291016,47.22999954223633,55.33121780718672,41.246985452662514,35.516387703045915,30.62692009692263,28.361627519159633
CHTR,2011-08-15,49.56999969482422,47.59000015258789,49.2599983215332,56.667935483091114,42.25481510966095,36.14456072036551,30.993478433043144,28.599983730720357
CHTR,2011-08-16,49.810001373291016,48.439998626708984,48.529998779296875,54.40552610814151,42.297301587672415,36.061193663165724,30.91122489595933,28.604241038441756
CHTR,2011-08-17,49.66999816894531,47.630001068115234,48.45000076293945,53.97917191875131,42.116163058690944,36.0614104734064,30.83311405914403,28.60546451644728
CHTR,2011-08-18,47.93000030517578,45.41999816894531,45.97999954223633,55.586811103962205,43.32108926502767,36.951361048431515,31.371893968372728,29.103483587512585
CHTR,2011-08-19,47.650001525878906,45.459999084472656,46.59000015258789,55.903647913818176,43.451474582882874,37.01677202036559,31.40098565288308,29.125929301345522
CHTR,2011-08-22,47.93000030517578,45.150001525878906,45.290000915527344,56.06505679784499,43.757724358103154,37.25981081261196,31.550914197528286,29.274109073758275
CHTR,2011-08-23,47.59000015258789,44.79999923706055,47.43000030517578,58.10798784325475,44.848629292558556,37.81886099688556,31.974853634791277,29.608262409597796
CHTR,2011-08-24,49.540000915527344,46.66999816894531,47.599998474121094,58.14258694658603,44.84178430016665,37.678209237587694,31.96545717396241,29.596993539568352
CHTR,2011-08-25,48.13999938964844,46.310001373291016,46.4900016784668,58.317715611477595,45.01987979889903,37.83265755436884,32.10127639129595,29.689200802559924
CHTR,2011-08-26,48.06999969482422,44.849998474121094,47.63999938964844,58.86130926443195,45.27055216957065,37.941870664992535,32.203410249693825,29.736476244995163
CHTR,2011-08-29,50.0,47.9900016784668,49.709999084472656,60.38587137749977,46.18769210767702,37.765658077622696,32.556247622264735,30.019671781379326
CHTR,2011-08-30,50.65999984741211,49.0,49.9900016784668,60.033400747492536,46.207875795161776,37.78065210420284,32.46846764595279,30.0220399627076
CHTR,2011-08-31,51.68000030517578,49.599998474121094,49.880001068115234,59.44327110531004,46.1530454558944,37.74811041110124,32.46870328531442,30.018678909790015
CHTR,2011-09-01,50.849998474121094,49.540000915527344,49.630001068115234,59.20359997514091,46.149466500214245,37.72429663367574,32.344261752857385,30.016634498957096
CHTR,2011-09-02,49.599998474121094,48.47999954223633,48.880001068115234,59.181800128834084,46.222200936364224,37.75744777992578,32.3887751808472,30.06003448861166
CHTR,2011-09-06,48.439998626708984,46.93000030517578,47.90999984741211,59.29915320822013,46.35614957927622,37.87241900718457,32.36998478438278,30.13640825104128
CHTR,2011-09-07,50.27000045776367,48.689998626708984,49.619998931884766,60.53273941810593,46.481997013453714,38.28745202756856,32.548406866511556,30.323976811399216
CHTR,2011-09-08,49.88999938964844,48.650001525878906,48.88999938964844,60.225445417727684,46.50102148407397,38.34870961708165,32.603067980364656,30.364612062370405
CHTR,2011-09-09,48.900001525878906,46.40999984741211,46.709999084472656,60.168711049895286,47.34151277931422,38.96674778013082,33.065409882261314,30.718447075162203
CHTR,2011-09-12,47.130001068115234,45.83000183105469,46.86000061035156,60.163983437623195,47.326006978266165,38.97297888753734,33.039186397141464,30.592742661711604
CHTR,2011-09-13,48.18000030517578,46.63999938964844,47.63999938964844,60.412956180135524,47.36440607709924,39.07690529660627,33.089111907675296,30.60355691539165
CHTR,2011-09-14,49.58000183105469,47.7599983215332,49.22999954223633,60.069674962239475,47.868607781080875,39.45088022453775,33.29860199318879,30.68280312417943
CHTR,2011-09-15,50.0,49.06999969482422,49.43000030517578,60.03812388276061,47.87381035271313,39.45917413014393,33.29742793500991,30.618316257328914
CHTR,2011-09-16,49.95000076293945,49.099998474121094,49.34000015258789,54.26651821430612,47.714628405159814,39.43483574588706,33.2993328003848,30.60392124523823
CHTR,2011-09-19,49.349998474121094,47.619998931884766,49.11000061035156,53.84721361703318,47.40155605967903,39.3526382811076,33.28677172393743,30.60966370894991
CHTR,2011-09-20,50.18000030517578,49.31999969482422,49.45000076293945,46.07051563817041,47.28351072804246,38.70227494595722,33.2533268819558,30.5437162256524
CHTR,2011-09-21,50.11000061035156,48.15999984741211,48.15999984741211,42.42237038191494,47.54990146134791,38.884431819917836,33.2498694717094,30.649517660544838
CHTR,2011-09-22,47.709999084472656,45.689998626708984,46.27000045776367,43.75929925885978,48.12835206493034,39.326443324465174,33.6034521716205,30.92027404798758
CHTR,2011-09-23,47.68000030517578,46.099998474121094,47.58000183105469,41.26942197358571,48.535970784843954,39.60162029724023,33.73496201761838,31.005017507725118
CHTR,2011-09-26,49.349998474121094,46.540000915527344,49.209999084472656,42.36174864892111,49.09070552606269,39.995686819258495,33.953842612621095,31.080422754502905
CHTR,2011-09-27,51.22999954223633,49.560001373291016,50.04999923706055,40.8616085854681,49.101106313467156,40.0651515497185,34.003426418367496,31.096541225894736
CHTR,2011-09-28,51.27000045776367,48.9900016784668,49.20000076293945,40.938792078475316,48.00811091240676,40.1129095690018,34.070310353374175,31.147014416744778
CHTR,2011-09-29,50.79999923706055,47.15999984741211,48.119998931884766,41.46042968411029,47.98699356259908,40.24518338543645,34.101454393544145,31.11979581829698
CHTR,2011-09-30,47.849998474121094,46.70000076293945,46.84000015258789,39.285457560795535,48.22334024385247,40.4081743071533,34.2603763493668,31.204375895354868
CHTR,2011-10-03,47.34000015258789,43.65999984741211,43.66999816894531,44.08893898124637,50.07767143697317,41.79734865590391,35.17667207462647,32.00852045777735
CHTR,2011-10-04,45.119998931884766,41.84000015258789,45.099998474121094,44.45829143596028,50.49838659835828,42.148120575491056,35.37793264900631,32.157213760529345
CHTR,2011-10-05,46.779998779296875,44.81999969482422,46.59000015258789,43.38487616068181,51.022346043814274,42.42748894024727,35.552585716293834,32.26840064906726
CHTR,2011-10-06,47.630001068115234,46.040000915527344,47.18000030517578,43.538414424893915,51.1199515441075,42.49199720807497,35.55915308100484,32.274358690292374
CHTR,2011-10-07,47.93000030517578,46.52000045776367,46.630001068115234,43.120339398103866,51.14011076292799,42.31837484631759,35.589861788349396,32.294385198639915
CHTR,2011-10-10,49.0,47.5099983215332,48.650001525878906,44.300177715526544,51.941168740032,42.749926853632104,35.92870821061504,32.45900224763349
CHTR,2011-10-11,48.93000030517578,48.060001373291016,48.439998626708984,42.50015545624202,51.83648282322032,42.74049774896321,35.92132074512001,32.46433548216617
CHTR,2011-10-12,49.47999954223633,48.63999938964844,49.08000183105469,42.65507177352693,51.7303159005183,42.779971478756906,35.91539597843039,32.4554029267876
CHTR,2011-10-13,49.0099983215332,48.119998931884766,48.56999969482422,42.74857614351951,51.463693841731406,42.68479985360566,35.93688299984707,32.448830617450994
CHTR,2011-10-14,49.439998626708984,48.77000045776367,49.040000915527344,42.836237332376534,51.43174212964014,42.71351706836474,35.950617649724805,32.45091642841862
CHTR,2011-10-17,49.290000915527344,48.540000915527344,49.0,42.60574515072064,51.41216078164298,42.71092924052079,35.95052502463706,32.42423572901962
CHTR,2011-10-18,50.59000015258789,48.91999816894531,50.2599983215332,42.77531565490756,51.722189868868085,42.920409228745946,36.04943532512229,32.508944819633584
CHTR,2011-10-19,50.47999954223633,48.65999984741211,48.779998779296875,42.50037933114646,52.02104468025135,43.12736842588321,36.23442197435732,32.65801315822732
CHTR,2011-10-20,49.38999938964844,47.79999923706055,49.0,42.30583254703307,51.78016058352356,43.12696857623774,36.22385615638788,32.657876600366926
CHTR,2011-10-21,50.099998474121094,48.90999984741211,49.75,40.21850594511539,51.08324628523828,43.20018648848849,36.263269871711216,32.683616646713354
CHTR,2011-10-24,50.599998474121094,49.54999923706055,50.41999816894531,40.35059698873749,51.11147988881167,43.21078572529149,36.292909278836355,32.63958271600543
CHTR,2011-10-25,50.689998626708984,49.130001068115234,49.63999938964844,40.45050823034273,51.135651487072586,43.25032253524182,35.98244759101307,32.683961395679304
CHTR,2011-10-26,50.5099983215332,49.56999969482422,50.220001220703125,39.472262601317844,50.41414158366465,43.291386641995565,35.81228428972879,32.68963654755831
CHTR,2011-10-27,51.97999954223633,49.27000045776367,49.58000183105469,39.64905284446745,50.45451689544013,43.30043791188655,35.791661797741654,32.72174797119693
CHTR,2011-10-28,49.439998626708984,45.150001525878906,45.58000183105469,46.5667183578033,50.24592472664625,45.23754621111962,37.09093069618634,33.82774630026585
CHTR,2011-10-31,47.209999084472656,45.290000915527344,45.939998626708984,46.66093621598718,50.07540851283545,45.2667803598129,37.09225885851816,33.8339427682005
CHTR,2011-11-01,47.79999923706055,43.97999954223633,46.849998474121094,47.0211237914767,46.51010069416744,45.398242297459355,37.16082420902379,33.88205490836223
CHTR,2011-11-02,48.27000045776367,46.97999954223633,48.189998626708984,47.19983874832598,44.524577996961014,45.31758244454057,37.2569009187283,33.902298615633555
CHTR,2011-11-03,50.79999923706055,48.34000015258789,50.65999984741211,47.76883866358953,45.436346676555196,46.0188748903859,37.71487315468266,33.56371547639579
CHTR,2011-11-04,53.15999984741211,50.65999984741211,52.709999084472656,48.417971409957666,44.66660672352034,46.46487990331362,37.99677384798812,33.78052725024848
CHTR,2011-11-07,52.91999816894531,51.470001220703125,52.849998474121094,47.559790057406374,44.65985052371503,46.457470356087214,37.94362524523743,33.78068412310136
CHTR,2011-11-08,53.849998474121094,52.72999954223633,53.45000076293945,47.43787565586425,43.91534428582629,46.43633337396373,37.91153445917268,33.79447506993614
CHTR,2011-11-09,53.369998931884766,51.0,51.22999954223633,48.877505068816255,44.70522044121099,46.86341215742342,38.2574448251132,34.079587225137345
CHTR,2011-11-10,52.7599983215332,51.11000061035156,52.689998626708984,48.94597941776116,45.04712795493174,47.08533299235927,38.37526775637465,34.18370133768939
CHTR,2011-11-11,54.06999969482422,52.970001220703125,53.61000061035156,48.26633915775847,43.741599796819685,47.09220157439124,38.42024285278088,34.21433015160072
CHTR,2011-11-14,53.45000076293945,52.18000030517578,52.45000076293945,43.58985579326901,43.9674319450256,47.00012408524821,38.406002513482456,34.294742440217284
CHTR,2011-11-15,53.380001068115234,52.310001373291016,53.18000030517578,42.9535593612192,43.57431067265946,46.948733292991314,38.159651222229115,34.31648840686352
CHTR,2011-11-16,53.61000061035156,51.459999084472656,51.5,43.500962652802535,43.188257021481306,47.21279175301406,38.27721671647673,34.4792470740874
CHTR,2011-11-17,52.650001525878906,51.4900016784668,52.20000076293945,43.518695308345166,43.257724015314295,47.242051178787094,38.30745059342041,34.50019336613831
CHTR,2011-11-18,53.150001525878906,51.810001373291016,52.90999984741211,43.37236581961423,43.004571617496424,47.290534191796894,38.33520142753251,34.5176018805772
CHTR,2011-11-21,52.84000015258789,51.68000030517578,52.06999969482422,42.19019340336993,42.9081871796405,47.355902171768335,38.38434852424245,34.54056863330178
CHTR,2011-11-22,52.93000030517578,51.9900016784668,52.459999084472656,42.16850643833492,42.06881816808351,47.29753284603856,38.3909720277225,34.53394041579561
CHTR,2011-11-23,52.38999938964844,50.77000045776367,50.97999954223633,42.995456461413106,42.48773432161849,46.80848052636834,38.52204250274763,34.66441320976616
CHTR,2011-11-25,52.31999969482422,50.90999984741211,51.849998474121094,43.07921359392333,42.61966691991058,46.804969156078606,38.56403094350127,34.696251645508625
CHTR,2011-11-28,53.09000015258789,52.540000915527344,52.75,43.24879492394913,42.736735390100385,46.885827186378,38.47206995174265,34.639821467727174
CHTR,2011-11-29,53.029998779296875,52.29999923706055,52.63999938964844,43.2586587133558,42.608071439669374,46.84876996086429,38.38631429919798,34.591672704199866
CHTR,2011-11-30,54.349998474121094,52.849998474121094,52.869998931884766,42.71296416843538,42.38042776678621,46.72708552832125,38.37506785192493,34.511857845242766
CHTR,2011-12-01,53.38999938964844,52.36000061035156,52.810001373291016,41.665952700137595,41.80633762649508,46.72186763872343,38.28440244163023,34.512562323754324
CHTR,2011-12-02,53.27000045776367,52.52000045776367,53.08000183105469,41.66863395596761,41.68271510990426,46.73047331638023,38.153003002670175,34.48274834855857
CHTR,2011-12-05,53.58000183105469,51.720001220703125,52.040000915527344,41.98703569916957,40.76522819074407,46.82703734522871,38.20973122944372,34.53764168299016
CHTR,2011-12-06,53.02000045776367,51.720001220703125,52.970001220703125,42.11222896755506,40.89479403370264,46.8972996209913,38.26076290594741,34.56873896574488
CHTR,2011-12-07,53.310001373291016,52.56999969482422,52.939998626708984,41.80187845655134,40.786392568578286,46.809713464030644,38.259491014293545,34.567637688118545
CHTR,2011-12-08,52.86000061035156,51.0,51.16999816894531,42.97835976865309,40.91140205884442,46.99051012699623,38.39474075894862,34.74165834511933
CHTR,2011-12-09,53.0,51.209999084472656,52.939998626708984,43.8394172379561,41.47463913981148,47.158980992110244,38.602704648768935,34.88736382935622
CHTR,2011-12-12,52.97999954223633,51.790000915527344,52.810001373291016,35.45718191125316,41.47678698564145,47.11052200388943,38.57572885293727,34.82747697685647
CHTR,2011-12-13,53.970001220703125,52.470001220703125,52.66999816894531,35.51196326061897,41.46678461248559,47.103617592390435,38.57715419443107,34.827556770861705
CHTR,2011-12-14,53.220001220703125,51.869998931884766,52.540000915527344,35.27429923656014,41.45591711605905,47.08026457136491,38.57175711437293,34.73905830744673
CHTR,2011-12-15,53.650001525878906,52.66999816894531,53.099998474121094,34.57927593385065,41.102044999386564,47.117051519133284,38.498878799777984,34.74118443999853
CHTR,2011-12-16,55.18000030517578,53.45000076293945,54.52000045776367,32.4158032264932,40.47581063575068,47.11341722396961,38.551381080337705,34.753615097938145
CHTR,2011-12-19,54.68000030517578,52.5099983215332,52.7400016784668,32.021944293888744,40.78818770441863,46.82728995715005,38.747394755988104,34.88000290811265
CHTR,2011-12-20,56.209999084472656,54.59000015258789,55.41999816894531,35.09633618613031,41.44443975250594,47.44257500600681,39.13739932927029,35.210925184455455
CHTR,2011-12-21,55.900001525878906,54.88999938964844,55.599998474121094,34.98025361616181,41.32839939217389,47.393969032583975,38.72181779566425,35.20652434778254
CHTR,2011-12-22,56.02000045776367,55.5099983215332,55.7400016784668,32.42955585045081,41.140727014515015,46.857932275679474,38.72255746282192,35.187268422908964
CHTR,2011-12-23,56.599998474121094,55.650001525878906,56.29999923706055,31.61712989089401,40.857405682575504,46.869515335067426,38.718484065360826,35.19750365737867
CHTR,2011-12-27,56.43000030517578,55.9900016784668,56.13999938964844,31.31885401495052,40.40821724741263,44.70462875478176,38.70032036884852,35.19958564249963
CHTR,2011-12-28,56.22999954223633,55.029998779296875,55.959999084472656,30.564515266971227,37.4579287740691,44.55098843799398,38.68758699911775,35.201057064857395
CHTR,2011-12-29,57.27000045776367,56.06999969482422,56.880001068115234,30.655249036163106,37.088397418365474,42.04677734154957,38.73424258505613,35.232016189220786
CHTR,2011-12-30,57.470001220703125,56.54999923706055,56.939998626708984,28.88244565787275,36.608176170151324,40.575960072875155,38.724795118318006,35.21897941810613
CHTR,2012-01-03,57.790000915527344,57.0,57.189998626708984,28.7243653260712,36.55830284798826,40.43607498424278,38.72800346321568,35.192403605107145
CHTR,2012-01-04,57.63999938964844,56.70000076293945,56.810001373291016,28.680711123338103,36.4846659937025,39.49936301725236,38.71700002073595,35.09227812502764
CHTR,2012-01-05,57.0,56.130001068115234,56.97999954223633,28.146665747630294,35.56226823979896,39.494992993963365,38.7183952845022,35.09193041419558
CHTR,2012-01-06,56.9900016784668,56.25,56.619998931884766,28.24073896643766,35.581473794115254,38.98495592581509,38.72611772721408,35.08532715064279
CHTR,2012-01-09,56.91999816894531,56.31999969482422,56.75,26.65330039352713,35.51380295282647,38.897172800672045,38.726631152085176,35.08454279296948
CHTR,2012-01-10,57.380001068115234,56.4900016784668,56.65999984741211,26.386359177161378,35.4230193012246,38.89704234415613,38.72714610650091,35.08516438550881
CHTR,2012-01-11,57.119998931884766,56.119998931884766,56.150001525878906,26.25080956547276,35.47066918085297,37.96630437379585,38.73223936789591,35.09831875953035
CHTR,2012-01-12,57.63999938964844,56.22999954223633,57.459999084472656,26.90746024591627,35.719021221354204,38.07265692215549,38.787211145882544,35.11025123236645
CHTR,2012-01-13,57.650001525878906,56.86000061035156,56.959999084472656,27.11362848283074,35.47517694908304,37.80079597218923,38.44916401538372,35.12424645279456
CHTR,2012-01-17,58.380001068115234,56.779998779296875,56.970001220703125,27.101080969593287,34.84727380586378,37.14125854227767,38.4440860557519,35.060592868301306
CHTR,2012-01-18,56.97999954223633,56.20000076293945,56.439998626708984,27.304602261094157,34.930247208447696,37.18244679718981,38.451981801117796,35.07678612605345
CHTR,2012-01-19,57.470001220703125,56.43000030517578,56.970001220703125,26.576129986325835,34.85899982518805,36.97909368454076,38.45123542430585,35.06849726627387
CHTR,2012-01-20,57.220001220703125,56.5,57.0099983215332,26.21356566900327,34.78302153104654,36.80462016832503,38.440928325792534,35.05133551883336
CHTR,2012-01-23,57.290000915527344,56.04999923706055,57.0,26.209898894843747,34.59208634191764,36.22114056045322,38.412200882533114,35.05159983499694
CHTR,2012-01-24,57.369998931884766,56.380001068115234,56.63999938964844,23.997880500484065,34.58131935254889,36.235149990391065,38.40693909343897,35.05891988863947
CHTR,2012-01-25,57.75,56.529998779296875,57.709999084472656,22.67524153395782,34.60767216877897,36.33643764038175,38.47041792904341,35.09408510969116
CHTR,2012-01-26,59.11000061035156,57.97999954223633,58.4900016784668,22.817413545247803,29.585519769728553,36.37067213825515,38.490896853786374,35.090941164507846
CHTR,2012-01-27,58.470001220703125,57.470001220703125,57.61000061035156,23.38674073239604,29.837455074747577,36.36987652302356,38.52640100702449,35.12651397851512
CHTR,2012-01-30,57.2400016784668,56.599998474121094,56.83000183105469,23.832584370808597,29.861436603654795,36.28669675022329,38.55350739737658,35.15662959186331
CHTR,2012-01-31,57.689998626708984,56.91999816894531,57.63999938964844,23.957841799267797,29.49601021868161,35.94750759232243,38.521967641880856,35.179802403040874
CHTR,2012-02-01,58.689998626708984,57.959999084472656,58.279998779296875,23.036165540755572,27.881083793477394,35.883040034337476,38.543735253419484,35.17936372250522
CHTR,2012-02-02,58.689998626708984,57.560001373291016,57.79999923706055,20.722866749093612,26.85130793337847,35.109477213113806,38.41301511544888,35.19201984917044
CHTR,2012-02-03,58.52000045776367,58.0,58.16999816894531,15.394942419540225,26.868793733834067,35.11557027078885,38.34185641115229,35.187046752311765
CHTR,2012-02-06,58.61000061035156,57.779998779296875,58.310001373291016,15.389151364688209,26.79352059247666,35.0401942745237,38.339218317600476,35.18688483381015
CHTR,2012-02-07,58.2599983215332,57.619998931884766,57.84000015258789,15.638622622878504,25.273205728110383,34.72507394022192,38.32968035680157,35.19919849577156
CHTR,2012-02-08,58.15999984741211,57.84000015258789,58.119998931884766,15.457660474295276,24.69088178210435,34.72667920707419,38.24783806102484,34.9384551342189
CHTR,2012-02-09,58.880001068115234,58.04999923706055,58.790000915527344,15.69782067205772,24.561052789520538,34.757181203652884,38.268930881964636,34.8157141734647
CHTR,2012-02-10,58.7599983215332,58.18000030517578,58.59000015258789,15.703083859950572,24.096360231300267,34.75181004561242,38.26758327255559,34.78021353484846
CHTR,2012-02-13,60.150001525878906,58.63999938964844,59.970001220703125,16.38841413734594,24.37353025559234,34.91034525189714,38.36375887681663,34.80338251003347
CHTR,2012-02-14,60.439998626708984,59.369998931884766,60.02000045776367,16.38936954374513,23.31694454058007,34.61354714162485,38.347434024994946,34.79735516559892
CHTR,2012-02-15,62.310001373291016,60.25,62.220001220703125,19.157466248786108,24.207048300213472,34.35538744163404,38.575546892700274,34.967658620437064
CHTR,2012-02-16,62.5099983215332,61.900001525878906,62.5099983215332,18.950673542097167,24.10950430315658,34.12291140543579,38.5767951724405,34.92367040124204
CHTR,2012-02-17,63.0099983215332,62.11000061035156,62.849998474121094,18.96160143529433,23.79438184899077,33.76334722906959,38.55673628522999,34.92372088151415
CHTR,2012-02-21,63.02000045776367,62.41999816894531,62.70000076293945,18.82178793561591,23.80353433722555,33.691653885085955,38.55100817471948,34.92327938166554
CHTR,2012-02-22,63.27000045776367,62.15999984741211,62.720001220703125,18.840565113328438,22.88429627302919,33.54970586584064,38.54095563960623,34.87931897403793
CHTR,2012-02-23,63.599998474121094,62.560001373291016,63.5,18.957247524712393,22.788523939089202,33.35199998244635,38.55493537067992,34.8543085158183
CHTR,2012-02-24,63.849998474121094,62.869998931884766,63.43000030517578,18.626719357986318,22.62223213977838,33.016116479431425,38.555320649648614,34.85511591173961
CHTR,2012-02-27,64.38999938964844,61.439998626708984,63.56999969482422,17.73780243680273,22.5975013475555,30.865867346353284,38.55366042099363,34.84165427876301
CHTR,2012-02-28,63.88999938964844,63.0,63.560001373291016,17.3999043050186,22.606084790534293,30.531921159554855,38.54875822198567,34.83891583467439
CHTR,2012-02-29,63.81999969482422,62.88999938964844,63.40999984741211,17.45945704988559,22.617231461397715,30.18656155033807,38.30270086331784,34.75922566184438
CHTR,2012-03-01,63.790000915527344,62.86000061035156,63.2400016784668,17.134921563941198,22.643327693641375,30.161524458039096,38.29227082489021,34.54801573134544
CHTR,2012-03-02,63.40999984741211,62.310001373291016,62.560001373291016,17.55783406968718,22.331432296928718,30.15055475824288,38.311262806273284,34.503634544967
CHTR,2012-03-05,63.0099983215332,62.0,62.349998474121094,17.64576978995708,22.15813842288622,29.493736535734037,38.30971269859781,34.50595976910376
CHTR,2012-03-06,62.189998626708984,60.45000076293945,60.900001525878906,19.23584729103616,22.794148360915056,29.76289190097991,38.38122827542847,34.591172650951
CHTR,2012-03-07,61.34000015258789,60.47999954223633,60.540000915527344,19.220499691291124,21.575968106568936,29.73999249494611,38.351427262699254,34.59715916829859
CHTR,2012-03-08,61.599998474121094,60.75,61.040000915527344,18.670792361612026,20.60871234276698,29.687176384060475,38.361310621005,34.60249653373196
CHTR,2012-03-09,61.38999938964844,60.72999954223633,61.09000015258789,18.34750905054435,20.58682893381798,29.664628085257593,38.31331768300025,34.582055820952164
CHTR,2012-03-12,62.5,61.0,62.470001220703125,18.61455196029105,20.957157327051483,29.832006912225438,38.24331732424356,34.64286106958978
CHTR,2012-03-13,63.4900016784668,62.619998931884766,62.88999938964844,17.986616589297594,20.942091283644267,29.61258174881431,38.16921264650903,34.52962921838133
CHTR,2012-03-14,63.59000015258789,62.7599983215332,63.11000061035156,17.694680115516878,20.88241472451064,29.16130994595606,38.16216688330269,34.457882856222035
CHTR,2012-03-15,63.84000015258789,62.75,63.4900016784668,17.5559398558114,20.312163986749823,29.16481123330621,38.155302823328725,34.45154354095677
CHTR,2012-03-16,64.06999969482422,63.189998626708984,63.9900016784668,17.287838284871277,18.922318728439286,29.107287936772774,38.16014085429727,34.388867312231106
CHTR,2012-03-19,64.08000183105469,63.43000030517578,63.970001220703125,17.29609716612556,16.28136246216164,29.058356680342644,38.15902002927407,34.28649051216232
CHTR,2012-03-20,63.61000061035156,63.099998474121094,63.22999954223633,17.82066793397158,16.531714961105642,29.00281799889031,38.14378046156875,34.2971054441689
CHTR,2012-03-21,64.16999816894531,62.90999984741211,64.01000213623047,17.725565612877002,16.661212575058137,29.008196224160628,37.719315108071974,34.31127794490042
CHTR,2012-03-22,64.76000213623047,63.58000183105469,64.62999725341797,17.814370832756165,16.65433013866163,28.926630450434576,37.68246828163147,34.32124870005054
CHTR,2012-03-23,65.31999969482422,64.68000030517578,64.91000366210938,17.65793794755743,16.624501622679475,25.361084086821716,37.67309664825467,34.26307894709138
CHTR,2012-03-26,65.31999969482422,64.27999877929688,64.37000274658203,17.878056688123724,16.731955656407525,25.42121439381254,37.65493704953645,34.27511315184838
CHTR,2012-03-27,64.87999725341797,63.83000183105469,63.97999954223633,17.00713711533712,16.561511124632876,25.330390985381495,37.56252017672424,34.25718507718182
CHTR,2012-03-28,64.06999969482422,63.02000045776367,63.25,17.458574744508446,16.78830687330403,25.112368493390854,37.58829562249557,34.27956603309859
CHTR,2012-03-29,63.59000015258789,62.790000915527344,63.11000061035156,14.141892852699895,16.798610321459805,23.951843169143075,37.58977542936852,34.27662551829654
CHTR,2012-03-30,63.630001068115234,62.70000076293945,63.45000076293945,14.16198439630506,16.72532397728792,23.192838726841096,37.59379023415586,34.20957251418741
CHTR,2012-04-02,64.7699966430664,63.11000061035156,64.37000274658203,14.663007985909655,16.920946136792562,23.277884255509253,37.61794925226555,34.18194351442083
CHTR,2012-04-03,64.20999908447266,62.95000076293945,63.0099983215332,15.991144874242089,17.507887870007448,23.52082336432524,37.63876288604481,34.24955003261122
CHTR,2012-04-04,62.560001373291016,61.38999938964844,61.779998779296875,16.996723188264912,18.052875242376214,22.699798243010928,37.64520095259967,34.271697712853474
CHTR,2012-04-05,62.970001220703125,61.52000045776367,62.7599983215332,17.245306138452555,18.277571604710623,22.419313361006328,37.58861030952115,33.97194260238969
CHTR,2012-04-09,62.34000015258789,61.400001525878906,61.65999984741211,17.959475534476976,18.57786891664871,22.48913779289583,37.621775017914715,34.01999334916101
CHTR,2012-04-10,62.209999084472656,59.040000915527344,59.40999984741211,20.766521920581695,19.669394801004128,23.017041523911598,37.877690580060936,34.208762885514155
CHTR,2012-04-11,60.900001525878906,59.47999954223633,60.560001373291016,21.672170751852025,19.935929938445117,23.10694192705249,37.92452494307898,34.243938489468526
CHTR,2012-04-12,61.130001068115234,60.209999084472656,61.060001373291016,21.8566471867425,19.989482763786135,22.502012544722525,37.93554308642973,34.2416319287062
CHTR,2012-04-13,61.220001220703125,60.689998626708984,60.970001220703125,21.852602130154843,19.87762206627293,22.427605138628127,37.78550462552709,34.24170545006298
CHTR,2012-04-16,61.18000030517578,60.15999984741211,60.34000015258789,21.83676161642572,19.94713666851845,22.424131961061924,37.39346574182274,34.25139756910794
CHTR,2012-04-17,61.540000915527344,60.709999084472656,61.310001373291016,22.38132896652385,20.182101963241795,22.369603820553056,37.39953367813095,34.286905823603654
CHTR,2012-04-18,61.2599983215332,60.72999954223633,61.15999984741211,21.309604067674947,20.19415719188416,22.35920023532529,37.36369449345139,34.27165249715592
CHTR,2012-04-19,61.4900016784668,60.79999923706055,61.45000076293945,21.269626318654023,20.14567374416612,21.83503966208017,36.985875985898595,34.274336723191276
CHTR,2012-04-20,62.279998779296875,61.540000915527344,61.959999084472656,21.270894496457974,19.873121487040674,21.726097670094376,36.98851874575757,34.28322020863636
CHTR,2012-04-23,61.869998931884766,60.119998931884766,60.20000076293945,22.903620271517507,20.63283091126724,22.119158460811565,35.65504691488824,34.408060251383596
CHTR,2012-04-24,60.77000045776367,59.83000183105469,60.16999816894531,21.858271233253248,20.375327665311573,22.114363299159727,35.54817586989032,34.40809146827762
CHTR,2012-04-25,60.93000030517578,60.349998474121094,60.630001068115234,21.88879101511397,20.200440876495843,22.13172715629912,33.814543989458265,34.40806885658898
CHTR,2012-04-26,61.13999938964844,60.41999816894531,60.95000076293945,21.927926981997008,20.036203436192906,22.136604665180844,32.78321268190142,34.37991242184266
CHTR,2012-04-27,61.380001068115234,60.349998474121094,60.41999816894531,21.925520954406306,20.01982213663397,22.187152830281214,32.716652635485175,34.11171914883923
CHTR,2012-04-30,60.7400016784668,60.18000030517578,60.470001220703125,21.755077315145233,19.934271698878636,21.928361334768194,32.04420930339087,34.10812629400187
CHTR,2012-05-01,61.400001525878906,60.279998779296875,61.02000045776367,21.982146134240583,19.973999700562505,21.808165696659543,32.052933261233335,34.11464003870471
CHTR,2012-05-02,62.560001373291016,60.93000030517578,62.2400016784668,22.61060748294043,20.348279127431397,21.99979893010124,31.762077268842752,34.15605507917895
CHTR,2012-05-03,62.72999954223633,62.20000076293945,62.349998474121094,22.297304361157057,20.258416051570887,21.245284046544754,31.703353444208947,34.147114628232586
CHTR,2012-05-04,62.72999954223633,60.93000030517578,61.56999969482422,22.31708806532642,20.4407023461588,20.738745105006682,31.74452472963883,34.14703790088902
CHTR,2012-05-07,61.880001068115234,60.77000045776367,61.81999969482422,22.310959949846424,20.334246037069207,20.732783564940867,31.097234222474313,34.140032460545186
CHTR,2012-05-08,66.18000030517578,59.95000076293945,64.97000122070312,26.70181905404409,22.642323627912443,22.08267505795784,31.584330781028907,34.494895828399066
CHTR,2012-05-09,67.83000183105469,62.959999084472656,67.13999938964844,28.232816899176832,23.11180004004336,22.602495850305868,31.591417955937473,34.63809854813467
CHTR,2012-05-10,68.62000274658203,67.1500015258789,67.69999694824219,28.01760319570792,23.148026393343297,22.5843539437231,31.164085050428948,34.64279445621049
CHTR,2012-05-11,67.94999694824219,66.7300033569336,67.48999786376953,28.031173825111832,22.05692832252233,22.27098244710315,31.16928677461887,34.64102547838397
CHTR,2012-05-14,67.3499984741211,65.91000366210938,66.2300033569336,28.667334132824397,22.429468155216398,21.80321422469133,31.119533710252494,34.63722408169565
CHTR,2012-05-15,66.5199966430664,65.30999755859375,65.48999786376953,28.622430306434772,22.54751217515617,20.546670411068817,31.043066471963094,34.656615189823434
CHTR,2012-05-16,67.22000122070312,65.22000122070312,65.30000305175781,27.884083892371137,22.55076510869057,20.55786496968299,30.666308293563986,34.54085822888225
CHTR,2012-05-17,65.66000366210938,63.290000915527344,63.34000015258789,28.746211712766044,23.437292249449893,21.178501021412103,30.89484274647367,34.6203260513385
CHTR,2012-05-18,63.900001525878906,61.34000015258789,61.68000030517578,29.44549157459861,23.924323968656406,21.586490964357175,31.067789585927407,34.72246742942949
CHTR,2012-05-21,63.72999954223633,61.4900016784668,63.630001068115234,30.365425608888973,24.784974159990274,22.103355125095206,31.2600058984398,34.841117983695476
CHTR,2012-05-22,65.11000061035156,64.0,64.6500015258789,28.39243925887498,24.993889110559675,22.213098518680138,31.244173148883153,34.80570762996003
CHTR,2012-05-23,64.63999938964844,62.7599983215332,64.61000061035156,27.97820410970774,24.99441373393428,22.08696096716785,31.139499848736612,34.804614046372286
CHTR,2012-05-24,65.04000091552734,63.36000061035156,64.20999908447266,28.0190203553442,25.024163606295875,22.118885389004316,30.898131851681583,34.80782670687286
CHTR,2012-05-25,64.5,63.599998474121094,64.2699966430664,28.004168034997047,25.017279978010443,22.113041077677924,30.83763406265297,34.80736790713516
CHTR,2012-05-29,65.38999938964844,63.7400016784668,64.62999725341797,27.78405261527521,24.93263737669264,22.08807942368611,30.326734727478478,34.798619034890876
CHTR,2012-05-30,64.43000030517578,63.0,63.189998626708984,28.372417300327818,25.366631026047287,22.40735448221022,30.46259120432197,34.87261718627279
CHTR,2012-05-31,63.86000061035156,61.65999984741211,62.70000076293945,28.470854453203142,24.938504495786624,22.420641898272287,30.431495663710034,34.88075409557963
CHTR,2012-06-01,62.54999923706055,61.0,61.310001373291016,29.224893986708167,25.3453025718381,22.726025085863,30.333358364442788,34.93527097509306
CHTR,2012-06-04,61.790000915527344,60.459999084472656,61.279998779296875,29.11771671564184,25.290468590258353,22.72379140785283,30.33214374556692,34.92923110360805
CHTR,2012-06-05,63.540000915527344,61.13999938964844,63.5099983215332,29.64385223918225,26.326514577188675,23.334807739904566,30.60401377412146,35.10158310958882
CHTR,2012-06-06,64.05999755859375,63.130001068115234,63.75,29.641114788425583,25.945354161943023,23.074915851102816,30.596724428929218,35.09380870751178
CHTR,2012-06-07,65.5999984741211,63.68000030517578,63.810001373291016,29.592874357233907,25.911854071314465,23.021601778336446,30.589904698461705,35.093755678992935
CHTR,2012-06-08,64.16000366210938,62.959999084472656,64.12000274658203,29.588756127179707,25.920594656960706,23.028583318321942,30.412370395957268,35.094993155430586
CHTR,2012-06-11,64.80000305175781,63.36000061035156,63.38999938964844,29.68224406885276,26.002221619338844,23.055470004738083,30.047458391564764,35.111378686587294
CHTR,2012-06-12,64.79000091552734,63.459999084472656,64.7300033569336,30.203427144447243,26.307514497164874,23.232551604442918,29.972951405628308,34.9789758307914
CHTR,2012-06-13,65.29000091552734,64.04000091552734,64.93000030517578,30.136376262966554,26.313946764292595,23.234129852507117,29.731100233856928,34.969797292624236
CHTR,2012-06-14,66.0,64.62999725341797,65.88999938964844,29.91039595249062,26.358891189166407,23.329540897611917,29.71590402859972,34.9941102522549
CHTR,2012-06-15,67.05999755859375,65.66000366210938,66.88999938964844,30.152521684056012,26.417636456102027,23.394989381704026,29.675460601616233,35.020357779417495
CHTR,2012-06-18,67.69000244140625,66.38999938964844,67.62999725341797,29.911604014803682,26.438728099926973,23.283668407476327,29.558758140810237,35.00951272590901
CHTR,2012-06-19,69.29000091552734,67.3499984741211,68.9800033569336,30.297912227520456,26.71565971564559,23.387241654850698,29.433461305086645,35.030808897580215
CHTR,2012-06-20,69.97000122070312,68.81999969482422,69.4000015258789,26.994795816380407,26.663128898513456,23.241203984566727,28.154036821017154,35.034049497479444
CHTR,2012-06-21,69.97000122070312,67.29000091552734,67.44000244140625,26.810195255317492,27.32133694436808,23.615270420928088,28.17284747706463,35.12180475515845
CHTR,2012-06-22,68.30999755859375,66.86000061035156,67.91000366210938,26.777088424606493,27.22624251525231,23.546237821366883,27.94767235099683,35.002830664614336
CHTR,2012-06-25,67.77999877929688,66.36000061035156,66.61000061035156,27.352637608258313,27.54158774786583,23.730396806120805,28.03397601837666,34.99771817946021
CHTR,2012-06-26,67.86000061035156,66.51000213623047,67.69999694824219,27.190087772387127,27.706325326234648,23.79659083470855,28.03761272159076,35.02513079314134
CHTR,2012-06-27,70.27999877929688,67.87999725341797,69.6500015258789,28.0857706899221,28.138918107716588,24.163436665492018,27.801857332795336,35.124163022859726
CHTR,2012-06-28,70.0,69.16000366210938,70.0,28.058044801178678,27.747804800387943,24.168640925677753,27.79393000543846,35.123130247460246
CHTR,2012-06-29,71.86000061035156,70.30000305175781,70.87000274658203,26.40553047173586,27.464948506707515,24.172947955312093,27.789737802198534,35.14026230483733
CHTR,2012-07-02,72.12000274658203,70.69999694824219,72.05000305175781,25.02516665431323,27.481610971346694,24.27829436686301,27.802269315980944,35.14132937626611
CHTR,2012-07-03,72.52999877929688,71.9000015258789,72.20999908447266,23.792973734641805,27.1643382487532,24.23233394651075,27.788176227265453,34.79825784707146
CHTR,2012-07-05,72.4800033569336,71.13999938964844,72.23999786376953,23.554156040441743,25.873351169114216,24.217987274595238,27.78670802262676,34.7592986094824
CHTR,2012-07-06,72.55000305175781,71.27999877929688,72.08000183105469,23.58416004020949,25.682085255980518,23.98735677610344,27.65342707627093,34.75066860427283
CHTR,2012-07-09,72.41000366210938,71.37999725341797,72.0199966430664,23.4399122719356,25.669012079690003,23.990593492391945,27.39416044922256,34.72446365450541
CHTR,2012-07-10,72.79000091552734,71.87000274658203,72.0999984741211,23.438078091779918,25.656295535130024,23.35638612831898,27.393028265757035,34.644602504278886
CHTR,2012-07-11,72.6500015258789,71.5199966430664,71.58999633789062,23.643025495604057,25.59291418254947,23.390156403292693,27.370545301367716,34.6528704147474
CHTR,2012-07-12,73.33999633789062,70.83000183105469,72.77999877929688,22.604476710705303,25.6049112800422,23.504757656635057,27.391164131419863,34.687784618927544
CHTR,2012-07-13,73.33000183105469,72.69999694824219,72.87000274658203,22.320616252668575,25.583410240299532,23.496661444206303,27.31093196091277,34.6877068182498
CHTR,2012-07-16,72.98999786376953,72.22000122070312,72.52999877929688,20.977996357007616,25.627575642986145,23.5164455427371,27.29931896831939,34.684274892318356
CHTR,2012-07-17,73.6500015258789,72.0999984741211,73.06999969482422,20.903526475423913,25.62039127929522,23.471147550519923,27.249137376203215,34.63438166196629
CHTR,2012-07-18,73.08000183105469,72.51000213623047,72.94999694824219,18.979841772525052,24.78196426341462,23.472774316907174,25.246816557245555,34.5836550668964
CHTR,2012-07-19,75.05000305175781,72.91999816894531,74.80999755859375,19.88894853054465,25.173763823508562,23.77421295427837,25.380261146375606,34.59449499570523
CHTR,2012-07-20,74.81999969482422,73.58999633789062,74.37000274658203,20.117666029508676,25.23464936864363,23.802642741738172,25.320470209635904,34.582310530678875
CHTR,2012-07-23,74.05999755859375,73.1500015258789,73.5199966430664,20.685414380313777,25.414992660159797,23.885064197173634,25.1900112487608,34.6029810430269
CHTR,2012-07-24,73.68000030517578,72.5199966430664,72.91999816894531,20.487012951925824,25.404484389617753,23.925496077428452,24.57410970422786,34.59584411151467
CHTR,2012-07-25,74.38999938964844,72.7699966430664,74.19999694824219,20.268767867602197,25.56675674433786,23.977360367712723,24.232752166610023,34.634099663382685
CHTR,2012-07-26,76.08000183105469,74.48999786376953,75.80000305175781,20.836200966099703,25.805291495286127,24.164249779044038,24.341493701461413,34.5703064145864
CHTR,2012-07-27,76.8499984741211,75.80000305175781,76.3499984741211,20.651586140359367,25.596392991717426,23.829561033934883,24.324426584887078,34.242342253779164
CHTR,2012-07-30,77.66999816894531,76.16000366210938,77.45999908447266,20.625501077223955,25.693206739170073,23.870627035224377,23.787639750202587,34.23441038348854
CHTR,2012-07-31,77.80000305175781,76.05999755859375,76.91999816894531,20.820758213786654,25.56779149972794,23.89940008372704,23.61350461308296,34.212436919456586
CHTR,2012-08-01,79.0199966430664,77.48999786376953,78.33999633789062,20.729825502897956,25.741897568278493,24.032205899289824,23.622696428965558,33.94847270703272
CHTR,2012-08-02,78.83000183105469,77.58000183105469,78.30000305175781,20.76708593180499,23.922686357829136,23.82460761691255,23.451977775091084,33.94464717102937
CHTR,2012-08-03,80.22000122070312,78.06999969482422,79.93000030517578,18.851715990421205,23.39810139074214,23.992225904705798,23.51283295838989,32.80872392626307
CHTR,2012-08-06,80.0999984741211,77.36000061035156,77.58999633789062,21.450012184393273,24.303126262190247,24.526747918357533,23.465351642250482,32.87531362297361
CHTR,2012-08-07,78.9000015258789,73.5199966430664,76.68000030517578,20.82679522571294,24.450109276404014,24.61662223556906,23.485910951826344,31.55610821880927
CHTR,2012-08-08,76.12000274658203,74.91000366210938,76.01000213623047,20.883933513287094,24.16661388201575,24.655608534498732,23.482004501281388,30.796598267291227
CHTR,2012-08-09,76.25,74.5,75.51000213623047,19.74280699817742,24.07423461862005,24.688989299207343,23.40667415941695,30.737978817446248
CHTR,2012-08-10,78.36000061035156,75.19999694824219,77.93000030517578,21.438590803134407,24.776696207170303,25.04616583509563,23.65698060710301,30.381664487836304
CHTR,2012-08-13,79.0199966430664,77.16000366210938,78.91000366210938,21.44378882042519,23.848587109731444,25.048638603959816,23.401802548256153,30.397511503946472
CHTR,2012-08-14,80.56999969482422,78.44999694824219,78.5,21.228640864310997,23.082141507796226,25.04567313939886,23.355285552058294,30.138776360408613
CHTR,2012-08-15,80.08999633789062,78.69000244140625,79.80000305175781,21.587714883475055,22.53491392138189,25.148399692501638,23.348425471240507,30.12661572221152
CHTR,2012-08-16,80.0999984741211,78.45999908447266,78.5,22.324563736204695,22.764469619862385,25.265878105853552,23.447770376111144,30.18063947881106
CHTR,2012-08-17,79.29000091552734,77.30999755859375,77.80000305175781,22.53983049623604,22.888564426108765,25.293390095938427,23.483577811667892,29.705975043117945
CHTR,2012-08-20,78.25,76.73999786376953,77.87999725341797,22.522041814064995,22.810799166436993,25.202100071076273,23.48071688736954,29.685266166932216
CHTR,2012-08-21,78.62999725341797,77.04000091552734,77.27999877929688,22.71814797323936,22.916773222854676,25.241239697068472,23.507168830974916,29.54515454113793
CHTR,2012-08-22,77.69999694824219,76.73999786376953,77.11000061035156,22.585821764323732,22.93586258763564,25.244312741663418,23.368472061630925,29.215248815909955
CHTR,2012-08-23,77.1500015258789,75.97000122070312,76.37999725341797,22.440899182079654,22.468626793970774,25.229568988397013,23.3357846977396,29.237146221317257
CHTR,2012-08-24,78.12999725341797,76.37999725341797,77.7300033569336,22.908794603090854,22.540546888946402,25.079215811048282,23.40544374569509,29.166528259522472
CHTR,2012-08-27,78.18000030517578,77.23999786376953,77.23999786376953,22.95638360609823,21.98203077027324,24.87198841164294,23.02986755215663,29.09149834513022
CHTR,2012-08-28,77.48999786376953,76.62999725341797,76.76000213623047,23.022316722979603,22.061837649168186,24.812806734116517,22.7399891073847,28.81536953310593
CHTR,2012-08-29,76.98999786376953,75.91000366210938,76.45999908447266,23.059887972103297,21.08098500872245,24.630212194019897,22.74472306675336,28.81820835461393
CHTR,2012-08-30,77.23999786376953,76.43000030517578,77.0,22.021901305942976,21.096097392408286,23.820052613698277,22.745375196546295,28.820502940712757
CHTR,2012-08-31,78.33000183105469,76.91999816894531,77.80000305175781,22.084989448895893,21.141944623072952,23.704530541247852,22.759536977206317,28.825330611379208
CHTR,2012-09-04,77.80000305175781,76.7300033569336,77.08000183105469,21.98153751308326,21.296015741074967,23.760060662999756,22.777666185877987,28.796282340411526
CHTR,2012-09-05,79.58999633789062,76.94999694824219,78.16000366210938,22.06137566856424,21.191598502280318,23.822837629007903,22.637530082371292,28.73773805042091
CHTR,2012-09-06,79.36000061035156,78.0999984741211,79.27999877929688,21.89130019034916,21.00007204116459,23.804781149552234,22.29234201362889,28.571622603446407
CHTR,2012-09-07,79.20999908447266,77.93000030517578,78.1500015258789,21.623800274034632,21.312371695244025,23.862468055143115,21.65683273045061,28.568933075912273
CHTR,2012-09-10,78.66000366210938,77.68000030517578,77.80000305175781,21.597973702338123,21.229045224182816,23.875266434951122,21.66944819033729,28.17608776742152
CHTR,2012-09-11,79.72000122070312,77.37999725341797,78.9000015258789,21.576385400581646,21.204763239153053,23.943969263941423,21.717157518368392,28.201465189220308
CHTR,2012-09-12,82.20999908447266,78.66000366210938,80.19999694824219,21.918644944814137,21.321422201089224,24.027660684264568,21.763268991865104,28.200616376522042
CHTR,2012-09-13,82.2699966430664,79.70999908447266,81.62999725341797,21.877863534985277,21.254713536020333,23.611109416843135,21.834708832943388,28.075064470618962
CHTR,2012-09-14,83.41000366210938,81.43000030517578,82.54000091552734,22.048694173090347,21.312393266116757,23.638453605819386,21.85146156259706,28.089016340345978
CHTR,2012-09-17,82.73999786376953,80.47000122070312,80.73999786376953,22.34418803994189,20.934832499285797,23.962989185755262,21.972796779551924,28.18954542921004
CHTR,2012-09-18,80.7300033569336,79.80000305175781,79.88999938964844,20.738905192017345,21.10128868104606,24.054473081971047,22.022536465368532,28.20968639917235
CHTR,2012-09-19,80.55999755859375,79.16999816894531,80.37999725341797,20.427824940670327,20.60481167959684,23.990126505737727,22.026261785739248,28.208407926800554
CHTR,2012-09-20,80.87000274658203,79.7699966430664,80.27999877929688,20.211824241794393,20.440883391108997,23.99683759342752,22.005938947837443,28.066252174732803
CHTR,2012-09-21,81.8499984741211,78.69999694824219,79.43000030517578,20.39146101196416,19.91522131071187,24.07049072005328,22.05569400032426,27.77641263326245
CHTR,2012-09-24,78.81999969482422,75.66000366210938,76.37000274658203,21.672301490691094,21.641497026191423,24.814150160385864,22.566424818700103,27.962703491807634
CHTR,2012-09-25,77.0999984741211,75.36000061035156,75.44000244140625,21.552006104597343,21.69952993765685,24.917743586307136,22.626249783695833,27.815037910236047
CHTR,2012-09-26,75.47000122070312,73.01000213623047,74.88999938964844,21.59216238044027,21.52267744203204,24.853657288317507,22.64769540696782,27.787399955599067
CHTR,2012-09-27,75.88999938964844,74.41999816894531,75.20999908447266,20.990794177430153,21.533147174825448,24.854133797832002,22.614788705687765,27.724921580524015
CHTR,2012-09-28,75.73999786376953,74.06999969482422,75.05999755859375,20.53936637653693,21.540077240174213,23.652423982625397,22.47428456101219,27.623646155152443
CHTR,2012-10-01,76.04000091552734,74.5999984741211,75.01000213623047,20.417775049511874,21.533639754477036,23.111688874306687,22.4428569246098,27.473873215125376
CHTR,2012-10-02,76.76000213623047,75.05999755859375,75.5,20.53170268110507,21.564410580859715,23.099212662658015,22.44999555934814,26.51093454747386
CHTR,2012-10-03,77.5,75.5199966430664,76.76000213623047,21.043180626862604,21.805146598425114,23.218768919646628,22.481896897944655,26.378599342254695
CHTR,2012-10-04,77.58999633789062,76.20999908447266,77.37999725341797,21.16870942761217,21.78446038473169,23.01677639113423,22.47619585253701,26.208507079146393
CHTR,2012-10-05,77.77999877929688,76.44000244140625,76.52999877929688,21.233880878002097,21.69502865038765,23.01409904945002,22.526471343431236,26.219340545649295
CHTR,2012-10-08,76.43000030517578,75.44000244140625,76.02999877929688,20.652641684625728,21.747603082974646,23.039392585087988,22.546330360919182,26.19741124228826
CHTR,2012-10-09,76.22000122070312,75.79000091552734,76.08000183105469,20.587549674565857,21.718651664238077,22.461663041279607,22.526850681194254,25.880684704347296
CHTR,2012-10-10,76.80000305175781,75.62000274658203,75.9800033569336,20.517842540219693,21.678641423954495,22.0022773530049,22.437592962128765,25.875310581589954
CHTR,2012-10-11,76.86000061035156,75.05000305175781,76.12000274658203,20.49849792141369,21.67465030585206,21.50387681803911,22.3929391387092,25.850255183878424
CHTR,2012-10-12,76.97000122070312,75.56999969482422,76.12999725341797,20.3855223137352,21.066242156024114,21.38586577785657,22.306056124642858,25.8218142810537
CHTR,2012-10-15,77.4000015258789,76.01000213623047,76.7300033569336,20.28447411090172,21.08211750482074,21.405401958085744,22.244974741440284,25.816997121664308
CHTR,2012-10-16,77.2300033569336,76.27999877929688,76.6500015258789,20.112372105417958,20.93598676320148,21.372369473583873,22.19752401125961,25.81723614067671
CHTR,2012-10-17,78.29000091552734,76.47000122070312,77.69000244140625,20.086116848710546,21.013910024450794,21.452467829874962,22.213993233112276,25.73519852935225
CHTR,2012-10-18,78.68000030517578,76.98999786376953,78.51000213623047,19.881407246478176,20.831428571689838,21.4881300055565,22.2076336281418,25.553306050155978
CHTR,2012-10-19,78.58000183105469,77.12000274658203,78.54000091552734,19.43138569255023,20.393286919633642,21.128571107197217,22.201179703814496,25.5523989738011
CHTR,2012-10-22,79.08000183105469,77.61000061035156,78.16999816894531,19.436363979491475,20.374215187999454,21.097396945254523,22.21386168944065,25.52577370834208
CHTR,2012-10-23,79.94999694824219,75.30999755859375,76.19000244140625,20.35600439054805,20.84525142752132,21.199582255987405,22.418321769980054,25.64608197550349
CHTR,2012-10-24,77.06999969482422,75.63999938964844,76.08999633789062,19.66803865509455,20.799485492886525,21.20261956103992,22.417380039676075,25.58946252811513
CHTR,2012-10-25,77.62000274658203,76.0199966430664,76.19000244140625,18.816981413169334,20.44340794929092,20.50770968321768,22.38600652314483,25.570090710920194
CHTR,2012-10-26,76.7300033569336,75.41999816894531,76.56999969482422,18.520256219276295,20.473761227381548,20.51151348511063,22.382421713340687,25.53081735661808
CHTR,2012-10-31,77.80999755859375,75.98999786376953,77.41000366210938,17.952370092061322,20.14330306561441,20.561481001517244,22.260380249704525,24.048408414327362
CHTR,2012-11-01,77.98999786376953,76.80999755859375,77.75,17.81084671323958,19.22478815275347,20.559939114115576,22.26302855322659,24.042545098847505
CHTR,2012-11-02,78.16999816894531,75.01000213623047,75.0999984741211,20.180175943526685,20.36432973270463,21.26326347414494,22.288990913284294,24.257238082822948
CHTR,2012-11-05,73.23999786376953,71.06999969482422,72.94000244140625,21.629929862533515,21.139801514611797,21.595165715517414,22.569688594749017,24.310619169918102
CHTR,2012-11-06,72.61000061035156,70.01000213623047,71.62000274658203,21.967954526676532,21.412498123789298,21.812394752191555,22.67597838258007,23.90268922230112
CHTR,2012-11-07,71.61000061035156,69.0,69.47000122070312,20.83883062997122,21.172162506562525,22.263867154828585,22.971948391843412,23.803489561785284
CHTR,2012-11-08,69.95999908447266,68.19999694824219,68.26000213623047,21.095993270323863,21.194665729596615,22.324230120442074,23.07200497529408,23.876008918565635
CHTR,2012-11-09,69.72000122070312,68.0,68.72000122070312,21.257199442176116,21.268330415900376,22.281782454489186,23.04070618885243,23.8606285810212
CHTR,2012-11-12,69.69000244140625,68.37999725341797,69.0,21.251516130667564,20.954126350536185,22.06852441070723,23.043954013364583,23.460844844080857
CHTR,2012-11-13,69.1500015258789,68.25,68.94000244140625,21.258059032836687,20.75170343903363,22.047445512182684,23.04356267724129,23.30547208142315
CHTR,2012-11-14,69.11000061035156,67.18000030517578,67.5,21.893010430942567,21.068614465982023,21.830063277951147,23.18426157915405,23.353254359398218
CHTR,2012-11-15,68.58000183105469,67.05999755859375,68.54000091552734,22.384738390456736,21.367394458066364,21.937484429069755,23.249347848951103,23.284758397926232
CHTR,2012-11-16,69.9800033569336,68.19999694824219,69.2699966430664,21.990574935375058,21.49184091188012,21.776867127888348,23.277359610319138,23.26923165569021
CHTR,2012-11-19,69.95999908447266,68.48999786376953,68.63999938964844,21.774786076649335,21.543976368189526,21.67930826552096,23.266739280412775,23.053090819020124
CHTR,2012-11-20,71.66999816894531,68.80000305175781,70.30999755859375,23.12027750602738,22.12953253394501,21.54533464612554,23.427779363887293,23.13376174701237
CHTR,2012-11-21,70.8499984741211,69.58999633789062,69.87000274658203,23.116531131916172,21.796317059371116,21.554274950080135,23.265279935509124,23.11251049568671
CHTR,2012-11-23,70.47000122070312,69.69999694824219,70.0,23.134834172991194,21.787913623028253,21.465160352271344,23.251986915064244,23.04871134986058
CHTR,2012-11-26,70.33999633789062,69.36000061035156,70.27999877929688,23.214957087936124,21.796617692018884,21.30960093267734,23.238364096608638,23.041818395654666
CHTR,2012-11-27,70.47000122070312,69.86000061035156,70.29000091552734,23.191933932248105,21.793033091826857,21.30603158716458,23.23848731867772,22.8473239462335
CHTR,2012-11-28,70.5999984741211,69.63999938964844,70.29000091552734,23.190593944419092,21.724237575666987,21.30579377368942,23.096610976716832,22.79357577723921
CHTR,2012-11-29,72.37000274658203,70.33999633789062,71.30999755859375,23.524276803118983,21.83486649425002,21.430266614871595,23.142960181513857,22.77554272688845
CHTR,2012-11-30,71.45999908447266,70.30000305175781,70.8499984741211,23.548828519810034,21.799145982030577,21.45380669715717,23.156049133707334,22.786106024717558
CHTR,2012-12-03,70.86000061035156,70.08999633789062,70.44999694824219,23.06003055932631,21.57964263238172,21.47049750162717,23.15916635615678,22.794096991802313
CHTR,2012-12-04,70.93000030517578,69.5999984741211,70.44999694824219,22.713791033649027,21.325734016123572,21.44225770563785,23.143109428594887,22.793242200226256
CHTR,2012-12-05,70.7699966430664,69.61000061035156,69.73999786376953,22.757485792823193,21.238281320349937,21.33227962518507,23.177288780718683,22.817566949074703
CHTR,2012-12-06,70.37000274658203,68.95999908447266,69.5999984741211,22.763183229279534,21.231439302922237,21.332062327453524,23.134397423778392,22.723369911022058
CHTR,2012-12-07,70.70999908447266,69.5,70.43000030517578,22.233666982406383,21.16618786578477,21.41014318566675,23.131551623225242,22.68803255821276
CHTR,2012-12-10,70.47000122070312,69.27999877929688,69.76000213623047,22.31980334568168,20.876725452759466,21.424100124258093,23.13666018764086,22.71259100484473
CHTR,2012-12-11,69.98999786376953,69.12999725341797,69.58999633789062,22.28478505813287,20.4565252054871,21.425589558244955,23.1344543484855,22.440541702507232
CHTR,2012-12-12,70.31999969482422,69.3499984741211,69.61000061035156,22.1798046631983,20.265415052216486,21.02777357602688,23.111072669237263,22.19796207336483
CHTR,2012-12-13,69.97000122070312,68.61000061035156,69.08000183105469,21.80448259730671,19.893820999626573,21.04052550370063,23.11802525265879,22.212323699275156
CHTR,2012-12-14,69.62000274658203,68.44000244140625,68.68000030517578,21.671999641516916,19.835946694173913,20.985804671095025,23.08665124341946,22.219861112082786
CHTR,2012-12-17,70.97000122070312,68.62999725341797,70.77999877929688,21.872411008968285,20.865507011050248,21.511384182921518,23.349445414850116,22.406175841969684
CHTR,2012-12-18,74.63999938964844,70.87999725341797,74.13999938964844,24.509264708702077,23.11244543687214,22.583402029862985,23.962575284584855,22.838634828217703
CHTR,2012-12-19,75.0,72.56999969482422,74.05000305175781,23.862023239495077,23.030711567701115,22.323155611444363,23.9096105948131,22.700868549243268
CHTR,2012-12-20,74.56999969482422,73.05000305175781,73.20999908447266,22.253993510093697,21.732044470008965,22.360585947857246,23.80874608669536,22.472736399710726
CHTR,2012-12-21,73.69999694824219,71.66999816894531,73.43000030517578,21.48765010273958,21.610333046461296,22.240600685081333,23.68413915610976,21.944901206991585
CHTR,2012-12-24,73.83999633789062,73.05999755859375,73.43000030517578,21.459479877801975,21.562995915248624,22.21657902863799,23.619003064056542,21.944142914959873
CHTR,2012-12-26,74.62000274658203,72.66999816894531,73.23999786376953,21.49614022182197,21.546401247399633,22.014204677278464,23.519385502155423,21.94678624337698
CHTR,2012-12-27,73.83000183105469,72.45999908447266,73.66999816894531,21.506795527017715,21.58225283076848,22.0385722915877,23.084349928773452,21.9338014530064
CHTR,2012-12-28,74.02999877929688,72.68000030517578,73.58000183105469,20.37551062072767,21.582944090004318,21.77458381055424,22.986677143773242,21.931494176524996
CHTR,2012-12-31,76.69000244140625,73.18000030517578,76.23999786376953,22.206964608546023,22.761274711104917,22.032437537947466,23.330258892039655,22.195818585818255
CHTR,2013-01-02,78.66999816894531,77.02999877929688,78.0999984741211,22.913342794219197,23.044415615158766,22.286029412694184,23.48425325373458,22.26259691171
CHTR,2013-01-03,78.95999908447266,77.37000274658203,77.9800033569336,22.639000363064753,22.990273544029645,22.241535009141035,23.44516480394562,22.26434388975031
CHTR,2013-01-04,78.30999755859375,77.36000061035156,77.5999984741211,21.984947103881243,22.896859562828414,22.229743336749365,23.39301119878848,22.270533194725083
CHTR,2013-01-07,77.66999816894531,76.7300033569336,77.4000015258789,21.87097870834169,22.861007610283593,21.660517397054726,23.393312656668783,22.259767942912948
CHTR,2013-01-08,77.56999969482422,76.27999877929688,77.19999694824219,21.936276103807067,22.868496930215517,21.569949503124114,23.39426575962626,22.2623225263895
CHTR,2013-01-09,78.75,77.33000183105469,78.5999984741211,22.346988678854856,23.15219580212447,21.746622374222007,23.463235164675286,22.31230042810899
CHTR,2013-01-10,79.19999694824219,78.44999694824219,79.0,22.32390686212368,23.169298602847775,21.60275403796692,23.19147730275818,22.315277419710092
CHTR,2013-01-11,79.0199966430664,78.08999633789062,78.38999938964844,22.553264928393883,23.232618894670782,21.47944833258533,23.216185008438845,22.33182774146411
CHTR,2013-01-14,78.80000305175781,77.73999786376953,78.18000030517578,22.38728431267139,23.190285395283656,21.435999856708193,23.209778178117567,22.311339580580793
CHTR,2013-01-15,78.70999908447266,77.68000030517578,78.31999969482422,22.208783000433545,23.190480245784265,21.437225804571202,23.205301146020044,22.204304296825615
CHTR,2013-01-16,78.4800033569336,77.94000244140625,78.33999633789062,22.066101344122288,23.028780965449116,21.400808431868363,23.17442908688654,22.181967769466667
CHTR,2013-01-17,79.0999984741211,78.48999786376953,78.94999694824219,22.07252807887929,22.982886606637553,21.431477842425835,23.1863369234949,22.191182845129738
CHTR,2013-01-18,79.05000305175781,78.45999908447266,78.83000183105469,21.73906073979254,22.985174011635305,21.376430899767954,23.171470420267653,22.16729184918427
CHTR,2013-01-22,79.1500015258789,78.48999786376953,78.81999969482422,21.70001885181935,22.963609289783232,21.197709241613445,23.068749630412317,22.153115655538365
CHTR,2013-01-23,79.13999938964844,78.41999816894531,78.94999694824219,21.586310435673482,22.326603951678997,21.1736001366776,23.06872122391803,22.15306623521104
CHTR,2013-01-24,79.77999877929688,78.83999633789062,79.22000122070312,21.212565691983524,22.33038274869463,21.154140280660037,23.01060499417716,22.153587150691738
CHTR,2013-01-25,80.75,79.1500015258789,80.68000030517578,21.492858581791765,22.619447156919776,21.3334237300828,23.094929634154017,22.20489519029316
CHTR,2013-01-28,82.81999969482422,80.4800033569336,82.23999786376953,21.831547330597793,22.91175701471467,21.513283336418265,22.471444667334172,22.208350723373293
CHTR,2013-01-29,82.23999786376953,81.08999633789062,81.5,21.90849911768013,22.91504455239017,21.51128523054631,22.18844930053331,22.1998969065639
CHTR,2013-01-30,82.19999694824219,81.05000305175781,81.62999725341797,21.68006139735248,22.903849044065105,21.454878498324952,22.17186828053551,22.138192675228
CHTR,2013-01-31,81.94000244140625,77.97000122070312,77.97000122070312,25.166907271576523,23.744221848614323,22.5783854500736,22.851461906672256,22.58793127427536
CHTR,2013-02-01,78.77999877929688,76.77999877929688,78.04000091552734,21.587707177437206,22.91715362515626,22.463068615285504,22.731570318502335,22.550806499366068
CHTR,2013-02-04,78.38999938964844,76.58999633789062,76.66999816894531,22.299546907606693,22.897485308170406,22.523285200452662,22.793110497796416,22.60808042510181
CHTR,2013-02-05,83.55000305175781,77.26000213623047,81.52999877929688,28.002583547415778,25.120100527780707,24.545312733655173,23.888808184749514,23.38045312530827
CHTR,2013-02-06,82.1500015258789,78.06999969482422,81.05000305175781,28.13743746150495,24.830747455894077,24.468686713088193,23.604889494483754,23.386268918361072
CHTR,2013-02-07,82.61000061035156,78.79000091552734,80.62999725341797,28.230383569853274,24.87174879487746,24.34712179841917,23.38337145642306,23.395066132099153
CHTR,2013-02-08,81.66999816894531,80.0199966430664,80.88999938964844,28.178460695893587,24.87031491472682,24.188462107120685,23.117044849382008,23.37687658949906
CHTR,2013-02-11,80.55999755859375,79.18000030517578,79.30999755859375,28.942831111524626,25.28112041318841,24.32022746152694,23.185203389965853,23.468768780216575
CHTR,2013-02-12,80.01000213623047,79.23999786376953,80.0,28.97534968226992,24.834202628056087,24.112085771327788,23.201319041029457,23.45818631836476
CHTR,2013-02-13,80.91000366210938,79.68000030517578,80.02999877929688,27.266165616416053,24.702384379742693,24.053397501036,23.184838765787763,23.453739702101053
CHTR,2013-02-14,80.12999725341797,79.12000274658203,79.4800033569336,26.514505472045396,24.720166035312175,24.058121924616962,23.20471790813243,23.362951924538876
CHTR,2013-02-15,79.66999816894531,79.22000122070312,79.54000091552734,26.506890225953235,24.607717291749157,24.057820410875365,23.198844755786588,23.36296288091081
CHTR,2013-02-19,79.9800033569336,79.06999969482422,79.38999938964844,26.466606236960782,24.206869870609783,24.000148289369157,23.03009102824497,23.100779285773488
CHTR,2013-02-20,79.73999786376953,77.93000030517578,77.98999786376953,26.995350315220158,24.488904779004386,23.338081597861986,23.115748504655404,23.173750833420613
CHTR,2013-02-21,78.05000305175781,76.19000244140625,77.02999877929688,27.233260131141396,24.661636477027212,23.339903414045573,23.00155653582949,23.207085534140056
CHTR,2013-02-22,86.31999969482422,76.25,85.0199966430664,39.269771504505115,31.689797109148156,28.059397681745768,25.727023987148005,25.18440179576119
CHTR,2013-02-25,85.55999755859375,82.91999816894531,83.30000305175781,39.823266686661164,32.05246886369329,28.26552079072143,25.542207875765023,25.277129763307947
CHTR,2013-02-26,86.9800033569336,83.33000183105469,86.73999786376953,41.24837800314974,32.9598784911704,28.9456997390092,25.95371742540563,25.55725465043613
CHTR,2013-02-27,89.13999938964844,85.8499984741211,87.12999725341797,41.20922101620646,32.88233558511674,28.947683659147543,25.955626585092322,25.55822702522073
CHTR,2013-02-28,87.25,84.20999908447266,86.38999938964844,41.35715078138507,32.91125008421758,28.979825738753973,25.981258595711598,25.57677643370014
CHTR,2013-03-01,86.91999816894531,85.7699966430664,86.48999786376953,41.352267125859605,32.86153020972722,28.877102668372018,25.93450468220227,25.576405012329705
CHTR,2013-03-04,87.01000213623047,85.73999786376953,86.98999786376953,41.33763607707391,32.85714986001677,28.865598339508963,25.83842897726211,25.57787972113863
CHTR,2013-03-05,87.66999816894531,86.66999816894531,87.61000061035156,41.327015208359775,32.74109553974762,28.81381193833981,25.845957669931668,25.58146992556669
CHTR,2013-03-06,90.9000015258789,88.01000213623047,89.9800033569336,41.84904364492054,33.05041483345683,29.063860308634847,25.969924709598978,25.678030833133487
CHTR,2013-03-07,90.5999984741211,89.48999786376953,89.80000305175781,41.88336925340626,33.036779482319446,29.069319863616798,25.925051274085092,25.67583594588379
CHTR,2013-03-08,90.33999633789062,86.76000213623047,89.05999755859375,42.041378985955795,33.01523459844703,29.10840651664703,25.927344190163936,25.571944902784487
CHTR,2013-03-11,89.48999786376953,88.69000244140625,88.94999694824219,41.842012611551745,33.00601339404692,29.111824730631568,25.838318162998895,25.562546425844758
CHTR,2013-03-12,89.63999938964844,88.9000015258789,89.5,41.58170923701746,32.99906144210934,29.120052478104046,25.838559138416926,25.55795515235271
CHTR,2013-03-13,90.94999694824219,89.41000366210938,89.87999725341797,41.43045322923101,32.90681370721976,29.10601236020366,25.59172378094216,25.55930091466252
CHTR,2013-03-14,90.19000244140625,87.93000030517578,90.11000061035156,41.42802460734556,32.84072516655116,29.10335724750177,25.584076173657326,25.474038488139627
CHTR,2013-03-15,90.7300033569336,89.12000274658203,90.08999633789062,38.74603309323869,32.4167597318108,29.042449818305656,25.463938706795737,25.469128763841077
CHTR,2013-03-18,99.93000030517578,88.69999694824219,98.04000091552734,45.08119942941991,35.359201459341264,31.870290497307852,27.235828147639246,26.791230883631478
CHTR,2013-03-19,100.6500015258789,97.87999725341797,100.37999725341797,44.65285743951379,35.54812093297954,32.048592064378276,27.176230705741116,26.876840144699866
CHTR,2013-03-20,106.29000091552734,100.75,105.7699966430664,43.788217140605944,36.667031165053295,32.98832993921306,27.81778228404229,27.340651126062017
CHTR,2013-03-21,104.9000015258789,101.4800033569336,102.36000061035156,45.2340618935616,37.5204448872797,33.16465327950788,28.099009223480646,27.559935889456007
CHTR,2013-03-22,103.29000091552734,102.0,103.27999877929688,45.06691380844937,37.50886432235152,33.17105690770033,28.058388415807613,27.53555527670894
CHTR,2013-03-25,103.9000015258789,102.05999755859375,102.44000244140625,45.29763335411056,37.57874833117874,33.217831465513825,28.084146220846574,27.53450906756642
CHTR,2013-03-26,103.19999694824219,102.31999969482422,102.98999786376953,44.54677941304719,37.57873915416314,33.2184719422851,28.086445020188762,27.52569704953183
CHTR,2013-03-27,105.55000305175781,102.62000274658203,104.29000091552734,44.56062765700548,37.578144154972726,33.22942480765249,28.10975621390982,27.545383485563917
CHTR,2013-03-28,105.06999969482422,103.83999633789062,104.18000030517578,44.58615315898088,37.0878069121247,33.23479704728103,28.110090013166367,27.527818064547727
CHTR,2013-04-01,105.29000091552734,102.95999908447266,103.77999877929688,44.5016095135125,36.92141877329937,32.702947816379776,28.118543549935886,27.522223520350586
CHTR,2013-04-02,105.52999877929688,103.77999877929688,103.80000305175781,44.51083440212125,36.91055801465766,32.29160949244525,28.098470170161665,27.489924117496106
CHTR,2013-04-03,104.13999938964844,101.06999969482422,102.27999877929688,44.935223081279204,37.07577942406771,32.23606285172553,28.11584051206625,27.53761122024449
CHTR,2013-04-04,104.5999984741211,101.79000091552734,104.55000305175781,44.39184263655186,37.213395386456085,31.899389345221046,28.215714268063646,27.608318090793873
CHTR,2013-04-05,105.5,101.5999984741211,105.48999786376953,43.89444307067238,37.18788337891826,31.718341550349933,28.2163506169659,27.58910093925955
CHTR,2013-04-08,106.9800033569336,103.6500015258789,104.75,35.282572790179046,37.17434582519408,31.76738213951707,28.22970652626069,27.504657722864728
CHTR,2013-04-09,105.08999633789062,103.11000061035156,103.58000183105469,34.75846800064706,37.318887151537034,31.861899451246284,28.269904006582262,27.45040419639025
CHTR,2013-04-10,104.83999633789062,102.97000122070312,103.66999816894531,33.33710502922884,37.23959872239186,31.856244044223274,28.134690097528566,27.416216911593438
CHTR,2013-04-11,104.83999633789062,103.29000091552734,104.83999633789062,33.36867606667996,37.23155286843971,31.618074746925146,28.14155802826192,27.36028189985859
CHTR,2013-04-12,105.47000122070312,104.19000244140625,105.05999755859375,33.10305063343867,37.23051341443793,31.57177271047653,28.096340596043547,27.074592496511062
CHTR,2013-04-15,104.26000213623047,102.88999938964844,103.08000183105469,33.894674245282346,37.541557343333935,31.770294417943084,28.180683416495324,27.104512380988925
CHTR,2013-04-16,105.19999694824219,102.94999694824219,104.91000366210938,34.06517748227942,37.631254334481554,31.77290580174793,28.18221071776485,27.141924228230952
CHTR,2013-04-17,105.38999938964844,103.22000122070312,104.02999877929688,34.327364249600436,37.70680368575681,31.675816684639663,28.11354036102744,27.160124161435405
CHTR,2013-04-18,104.43000030517578,101.48999786376953,102.7300033569336,34.12928860439944,37.859771018333035,31.74311500123903,28.156910539738966,27.17112087969814
CHTR,2013-04-19,103.43000030517578,102.44000244140625,103.04000091552734,34.078227786569705,37.856542112303266,31.741796505048754,28.116302752099788,27.135756322465582
CHTR,2013-04-22,104.55000305175781,102.48999786376953,103.8499984741211,33.869172200046364,37.86225671115453,31.748031062080372,28.10732439166756,27.1380752252516
CHTR,2013-04-23,105.56999969482422,103.37999725341797,104.41000366210938,33.81550064467599,37.75432712360564,31.743116562425875,28.04124629188629,27.13878231891062
CHTR,2013-04-24,105.1500015258789,101.0199966430664,103.05000305175781,34.23363948992134,37.791115908300846,31.85276389910162,28.09415766845513,27.174220165779662
CHTR,2013-04-25,103.30000305175781,100.91999816894531,101.11000061035156,34.91684698713628,37.98995379224591,32.01145052578496,28.106396343120416,27.07999317889403
CHTR,2013-04-26,102.63999938964844,100.02999877929688,101.63999938964844,34.916334423639164,37.98908439659935,31.972614140052823,27.8665602892345,27.080621100073486
CHTR,2013-04-29,102.16999816894531,100.70999908447266,101.62000274658203,34.9160688835909,36.57254732764724,31.944036563237145,27.822397452171465,27.075856826057667
CHTR,2013-04-30,101.37999725341797,99.41000366210938,100.73999786376953,25.379892177474993,36.66471260415262,31.999215962619704,27.821988216450137,27.095203692779872
CHTR,2013-05-01,101.72000122070312,100.4800033569336,101.16999816894531,24.481197715950536,36.37785137720403,31.92377700830108,27.806789285848403,27.0747009695872
CHTR,2013-05-02,103.20999908447266,101.27999877929688,103.12999725341797,19.79714755355717,34.542011646932416,32.00417997411368,27.65763182660631,27.128609537036887
CHTR,2013-05-03,105.29000091552734,103.70999908447266,104.61000061035156,17.796910940641734,34.54418257097854,32.0215173696521,27.66816232848872,27.146910260884315
CHTR,2013-05-06,105.7699966430664,104.1500015258789,105.02999877929688,17.655585931973846,34.488111814442064,31.948107902935234,27.657875777316182,27.089659438176877
CHTR,2013-05-07,111.44000244140625,104.93000030517578,109.69000244140625,21.37674272210544,35.40062593062391,32.53329778022421,28.04293411129538,27.403178002361418
CHTR,2013-05-08,110.48999786376953,107.66000366210938,110.04000091552734,21.358864799540004,35.024408984697104,32.526883492016395,27.95970413873126,27.36283942541381
CHTR,2013-05-09,110.55000305175781,109.16000366210938,110.12999725341797,21.134952612467863,35.03065212422598,32.473644963391116,27.930289577982858,27.36267678749022
CHTR,2013-05-10,112.0999984741211,110.05999755859375,110.05999755859375,21.13034908290977,35.037366888903485,32.441559401280585,27.93174020212203,26.946931253209282
CHTR,2013-05-13,112.08999633789062,109.86000061035156,111.6500015258789,21.362087703693025,34.99167014192186,32.22305175609905,27.946446097254906,26.79793546724983
CHTR,2013-05-14,114.02999877929688,111.08999633789062,113.77999877929688,21.87314362086714,35.08037653310564,31.604550006284843,28.012748072541182,26.843778808332136
CHTR,2013-05-15,114.66999816894531,113.54000091552734,114.52999877929688,21.227789964862193,35.04229533703826,31.59423872321316,27.983013401649536,26.8425200720579
CHTR,2013-05-16,116.41999816894531,113.25,113.61000061035156,20.771628615531103,34.81491425866032,31.556196561580713,27.950195392411814,26.779642142972875
CHTR,2013-05-17,114.72000122070312,112.04000091552734,112.13999938964844,21.175883512071746,34.82975395694794,31.676508084219552,27.989863313813423,26.78920073385427
CHTR,2013-05-20,113.30999755859375,111.22000122070312,111.41000366210938,21.1574428123725,29.108392409131007,31.71567162109615,27.991126979808822,26.798500360168966
CHTR,2013-05-21,114.81999969482422,111.37000274658203,114.0,21.60925399458881,28.878404142805792,31.83650190512633,28.090898986998695,26.678613731573787
CHTR,2013-05-22,115.12999725341797,112.38999938964844,112.94000244140625,21.905371034161103,28.075438716280715,31.91043685103198,28.118184730220175,26.546668597337273
CHTR,2013-05-23,113.63999938964844,111.47000122070312,113.54000091552734,21.77562981228508,28.07603996266068,31.89864185350461,28.103796395493436,26.391272406353956
CHTR,2013-05-24,113.04000091552734,111.73999786376953,112.8499984741211,21.922909555528086,28.032522606192522,31.54543726513302,28.088064335214156,26.36909052758097
CHTR,2013-05-28,115.44999694824219,113.5999984741211,114.0999984741211,21.086483036402285,28.055811664511204,31.400381637429398,28.07301691375827,26.382220477803898
CHTR,2013-05-29,114.43000030517578,112.5999984741211,112.6500015258789,21.145912720859346,28.280190627117907,31.499630706171384,28.090727575634194,26.411607517596273
CHTR,2013-05-30,113.13999938964844,111.33000183105469,111.80999755859375,21.10597181577726,28.376476029259162,31.52031697380395,28.04630120036458,26.42916853930477
CHTR,2013-05-31,113.38999938964844,111.20999908447266,112.0,20.625661418889184,27.984834176539348,31.506095550669926,28.03573347696668,26.427023566548957
CHTR,2013-06-03,112.73999786376953,109.62999725341797,111.62000274658203,20.705618353796513,27.99833515553052,31.5104759988898,28.006428495522396,26.316406834747475
CHTR,2013-06-04,115.41000366210938,111.43000030517578,114.94999694824219,22.07145016069176,28.376336895111354,31.693972478948172,28.143286011317077,26.436346068708875
CHTR,2013-06-05,116.0999984741211,113.91999816894531,113.91999816894531,22.350290863479515,28.48490348343044,31.75827268742768,28.111103485866263,26.34374013820918
CHTR,2013-06-06,114.47000122070312,111.47000122070312,112.62999725341797,22.248352250643443,28.657809467054353,31.796762610358027,28.132933805739818,26.378507542639944
CHTR,2013-06-07,114.5999984741211,112.38999938964844,113.91000366210938,21.36427059644582,28.69861505436487,31.803646454343752,28.012624515218526,26.18095329534752
CHTR,2013-06-10,115.1500015258789,112.25,112.52999877929688,21.86584847127337,28.887647114209948,31.902991996019153,28.0233484362915,26.22067721869485
CHTR,2013-06-11,113.69999694824219,111.16999816894531,112.45999908447266,21.872264861361067,28.890086180004015,31.905654780671938,28.020431678026707,26.221929552314162
CHTR,2013-06-12,113.80000305175781,111.25,111.38999938964844,21.91503528556591,23.59030705984685,31.966806070939352,28.05068368192261,26.247163791086507
CHTR,2013-06-13,111.94000244140625,110.86000061035156,110.88999938964844,22.03015346055408,23.197994959400642,31.98206624721539,28.02165041235905,26.220081391384163
CHTR,2013-06-14,117.08999633789062,110.22000122070312,116.61000061035156,25.56995786116144,23.013710383822588,32.8304445621724,28.174372418914245,26.592364243252913
CHTR,2013-06-17,119.23999786376953,116.61000061035156,117.72000122070312,25.442318958538895,21.919311920305226,32.840182443931226,28.133078651768535,26.60184457901018
CHTR,2013-06-18,119.8499984741211,116.75,117.94999694824219,25.448789829310954,21.875947980157594,32.84166111006357,28.109038836490637,26.57311675162753
CHTR,2013-06-19,119.0,117.26000213623047,117.80000305175781,22.544687148103208,21.781650916037737,32.77175775246401,28.111846198272676,26.544606597976518
CHTR,2013-06-20,117.63999938964844,113.79000091552734,114.05000305175781,24.685103874158177,22.899919197404216,33.17441856308928,28.407968041725134,26.7542286571174
CHTR,2013-06-21,120.5999984741211,114.3499984741211,119.68000030517578,28.190918063145283,24.71379939103307,33.87037106298649,28.9190082498153,27.091715537370636
CHTR,2013-06-24,120.7699966430664,116.44999694824219,118.44000244140625,28.435061906056568,24.842085612912967,33.94422955072239,28.956067783804368,27.11813232199268
CHTR,2013-06-25,119.93000030517578,117.66000366210938,117.7699966430664,28.298771087079754,24.863685746452223,33.03690628583235,28.92364238011672,26.953228666261726
CHTR,2013-06-26,120.66000366210938,118.0,119.0,27.956905600282305,24.917907098067584,33.04767139786191,28.931441299922156,26.96150201592494
CHTR,2013-06-27,128.57000732421875,118.93000030517578,123.80999755859375,30.041978780648027,25.806686915193467,33.331347132879365,29.219906127290574,27.132304404225632
CHTR,2013-06-28,127.02999877929688,123.70999908447266,123.8499984741211,29.881218818772826,25.51387603566279,32.074818196114435,29.200654818303335,27.097852334711632
CHTR,2013-07-01,125.08000183105469,121.4000015258789,122.22000122070312,29.89169103894665,25.69116962379297,32.1546832127906,29.26071495561763,27.016571598543116
CHTR,2013-07-02,125.80000305175781,122.55999755859375,125.13999938964844,30.341162180351507,25.973773526412653,32.26749616110274,29.361814332814628,27.09967694494765
CHTR,2013-07-03,128.10000610351562,124.0999984741211,127.63999938964844,30.17976364417508,26.027342538321598,32.359100387670516,29.43045225874958,27.137482662496936
CHTR,2013-07-05,128.58999633789062,125.5,127.37999725341797,29.9776680338397,26.046622501595206,32.142273984521495,29.43441746183269,27.103561823023348
CHTR,2013-07-08,130.58999633789062,126.47000122070312,127.83999633789062,29.975364151184973,25.996050525318665,32.13658277346421,29.428569007243183,27.10389440347141
CHTR,2013-07-09,128.8800048828125,125.4800033569336,125.66999816894531,30.462871030119267,26.330385804595906,32.31584822655867,29.519742288614705,27.172556961425805
CHTR,2013-07-10,126.69000244140625,123.66999816894531,125.3499984741211,30.429090154760463,25.95592558753258,32.28413946086581,29.49862822987182,27.17311936208604
CHTR,2013-07-11,126.56999969482422,124.66999816894531,125.19999694824219,30.085479698856645,25.797816845380687,32.291476260295795,29.48731717676117,27.17355174346648
CHTR,2013-07-12,125.98999786376953,124.37000274658203,124.66999816894531,29.996955432171703,25.733252975324234,32.30555991980995,29.497272368752608,27.180965987771067
CHTR,2013-07-15,125.9800033569336,124.58000183105469,124.58000183105469,30.01868530890821,25.540441088391,32.11866919535714,29.48715195941905,27.166603938486507
CHTR,2013-07-16,125.54000091552734,123.37999725341797,123.81999969482422,30.08368081502025,25.611982730062472,32.04922829255014,29.313796893547256,27.141281225105985
CHTR,2013-07-17,125.52999877929688,123.19000244140625,124.1500015258789,29.06104364061309,25.592778577493885,28.288904072967576,29.309912213171735,27.141195392136687
CHTR,2013-07-18,125.6500015258789,123.30999755859375,124.56999969482422,28.853608894706657,25.58804161572435,28.021157573782972,29.309535295619327,27.13291140349256
CHTR,2013-07-19,129.50999450683594,126.05999755859375,128.30999755859375,29.516551692318,25.93747865937383,27.71238911899769,29.48016244694808,27.266337520744987
CHTR,2013-07-22,128.6199951171875,127.04000091552734,128.19000244140625,29.47900143399991,25.524303561714373,27.72290985933984,29.467983396283127,27.265418458465962
CHTR,2013-07-23,129.9600067138672,126.30999755859375,127.7699966430664,29.166992060514872,25.565723696568867,27.675686104156245,29.476149697553705,27.173388761136923
CHTR,2013-07-24,129.10000610351562,126.94000244140625,128.22000122070312,29.13176187094705,25.552169835502998,27.67223821006402,29.137701673319583,27.161787903365862
CHTR,2013-07-25,128.99000549316406,126.86000061035156,127.75,28.93641082375926,25.467174352348813,27.696914137297924,28.8967130772477,27.13354898327663
CHTR,2013-07-26,127.36000061035156,125.7300033569336,126.61000061035156,29.086525083036868,25.60432097885128,27.766125194824497,28.820716453572754,27.136614244587886
CHTR,2013-07-29,127.02999877929688,125.1500015258789,125.69000244140625,25.7962444921481,25.496762650636164,27.57267559008692,28.56913491394863,27.109981568541112
CHTR,2013-07-30,126.3499984741211,123.48999786376953,123.77999877929688,26.21087441796856,25.673572526813864,27.71892321427694,28.547156993541144,27.096515813444967
CHTR,2013-07-31,126.6500015258789,123.87000274658203,125.73999786376953,26.52503261880364,25.808669088890042,27.72748416518335,28.58209577218776,27.126373986207074
CHTR,2013-08-01,129.5,125.75,127.95999908447266,26.871479929847336,24.59340510465523,27.806326779325136,28.630957676122488,27.142244654642482
CHTR,2013-08-02,137.2899932861328,127.19000244140625,134.0,27.57777926598391,26.16354025971468,28.610644741802503,29.068132633049302,27.48327443129095
CHTR,2013-08-05,134.44000244140625,128.66000366210938,130.14999389648438,26.22077191020169,26.991984503414397,29.09160215643189,29.180108533308125,27.61362074087932
CHTR,2013-08-06,133.74000549316406,125.38999938964844,127.05000305175781,27.1055570757728,27.541982438821165,29.424341969840324,29.33076296865236,27.735829499983545
CHTR,2013-08-07,129.9499969482422,124.66000366210938,129.6300048828125,27.470542673384834,27.673720670381215,29.536724626106327,29.384999167672117,27.7324924830265
CHTR,2013-08-08,131.0,127.22000122070312,128.05999755859375,27.734909566185795,27.619619273113567,26.64019554438861,29.405638067952662,27.5867849111936
CHTR,2013-08-09,128.5800018310547,126.5199966430664,128.27000427246094,25.396624938166706,27.603028386289253,26.428555383098857,29.30426760220709,27.552071615911995
CHTR,2013-08-12,127.73999786376953,119.41000366210938,126.55999755859375,25.74688450080041,27.707141893923243,25.30852378551035,29.349427930743673,27.574288156944306
CHTR,2013-08-13,128.5,125.81999969482422,126.0999984741211,25.44268074503435,27.55908357042196,24.71123836529204,29.360444225962063,27.56658539357674
CHTR,2013-08-14,126.58000183105469,123.97000122070312,124.45999908447266,24.829903124959742,27.677896974697358,24.80294499133384,29.424035960987098,27.44796235879361
CHTR,2013-08-15,123.87000274658203,122.31999969482422,123.12000274658203,24.269871034021026,27.441405114777794,24.833885241214958,29.468530231781763,27.456282528477704
CHTR,2013-08-16,123.05999755859375,121.0199966430664,122.5999984741211,24.28476768585132,27.376816459818375,24.84596758650275,29.479080368622295,27.453964771045293
CHTR,2013-08-19,123.98999786376953,122.63999938964844,123.25,24.319030004072644,27.37675106517176,24.792321048576078,29.44952907574359,27.41683920346049
CHTR,2013-08-20,125.19999694824219,123.05000305175781,124.88999938964844,24.184497603448225,27.437937217040957,24.85584062012382,29.452154146589386,27.380048201346575
CHTR,2013-08-21,124.66000366210938,122.79000091552734,123.2300033569336,24.47760257189933,27.539103983778972,24.956973514463378,29.49878888753904,27.401131638472016
CHTR,2013-08-22,125.12000274658203,122.87000274658203,123.94999694824219,24.5464599524125,27.39668788868418,24.964230145036044,29.498205776222207,27.403930430298185
CHTR,2013-08-23,125.80000305175781,122.45999908447266,122.69999694824219,24.6870234838514,27.43956357900495,24.897112605696858,29.49824835585305,27.413409977556046
CHTR,2013-08-26,124.37999725341797,121.95999908447266,122.16999816894531,24.71156952867407,27.46595169972354,24.705003900535598,29.50522274287919,27.41737860705359
CHTR,2013-08-27,122.45999908447266,120.83000183105469,121.01000213623047,24.797094543570935,27.540984314509835,24.738509477282864,29.524706003462576,27.41749567742294
CHTR,2013-08-28,121.58999633789062,119.43000030517578,120.0,24.870924602699077,26.980066546538495,24.751038236392215,29.517981383191604,27.390973579922743
CHTR,2013-08-29,121.93000030517578,119.05999755859375,120.9000015258789,24.963597770981913,26.937833325588706,24.686845436092963,29.5154993126508,27.385023567653953
CHTR,2013-08-30,121.94999694824219,120.3499984741211,121.41999816894531,23.291814994454224,26.821475052854165,24.690434421706257,29.513990224734727,27.374333222036114
CHTR,2013-09-03,124.25,122.05000305175781,123.05000305175781,23.703549969019743,26.857248269599555,24.71370175505858,29.510958365894997,27.39239517197167
CHTR,2013-09-04,124.9800033569336,123.30999755859375,124.55999755859375,24.017173026724155,26.79957105837869,24.770795579025993,29.510420346570086,27.4069865253488
CHTR,2013-09-05,125.18000030517578,123.48999786376953,124.66000366210938,23.987188116086198,26.795904603214748,24.547413629336813,29.338816611743923,27.3941332110393
CHTR,2013-09-06,126.20999908447266,123.5999984741211,125.0199966430664,23.99751646641171,26.69339158807255,24.41871004496934,28.88432449170613,27.37134657750822
CHTR,2013-09-09,127.11000061035156,125.01000213623047,126.69999694824219,24.201902156937464,26.760476614727274,24.432319718040386,28.906486883483662,27.36891545789121
CHTR,2013-09-10,128.3800048828125,126.69999694824219,127.44000244140625,24.155849350764125,24.83050062845693,24.327835915712708,28.857566339564972,27.343853604444018
CHTR,2013-09-11,129.2899932861328,125.94000244140625,129.11000061035156,23.942923382707633,24.889806481284346,24.38859394805115,28.881517450301743,27.31764504731507
CHTR,2013-09-12,129.27999877929688,127.58999633789062,128.27999877929688,23.652061928221997,24.943351127455294,24.410844695516428,28.901448037872168,27.323018502498382
CHTR,2013-09-13,129.11000061035156,127.55999755859375,128.75,23.130382677074373,24.94125777865119,24.40651365336394,28.893583908063885,27.29674030987333
CHTR,2013-09-16,130.3699951171875,127.66999816894531,129.17999267578125,18.637402119224674,23.92522007094491,24.285015525933687,28.891782756720062,27.25881765388532
CHTR,2013-09-17,131.0,128.86000061035156,130.25999450683594,16.834846192392394,21.957884559168438,24.06236913204531,28.893667331008473,27.22048364026341
CHTR,2013-09-18,133.50999450683594,130.11000061035156,132.38999938964844,15.838742242186576,22.023508755243896,24.156782101822447,28.679039005831136,27.24279438386038
CHTR,2013-09-19,134.63999938964844,132.4600067138672,133.22999572753906,14.898285122676945,21.985552914796333,24.159450135324846,28.57238457048803,27.14019682759028
CHTR,2013-09-20,134.85000610351562,133.2899932861328,133.83999633789062,14.401316035507755,21.923577938642815,24.091716672676792,28.567965280815905,27.112016405397142
CHTR,2013-09-23,134.50999450683594,131.7899932861328,133.44000244140625,14.459095036780315,20.48905468575631,24.108351387193526,28.561489058051265,27.113597221301198
CHTR,2013-09-24,134.5,130.97000122070312,131.14999389648438,14.842444385793035,20.83877358627763,24.171742454865473,28.655111730501826,27.18048176046143
CHTR,2013-09-25,134.5800018310547,131.02000427246094,134.00999450683594,15.891538826972273,21.045964535250068,24.290767612420073,28.73211238404309,27.22153694675027
CHTR,2013-09-26,136.32000732421875,134.0,135.99000549316406,15.630988486067729,20.72261443633425,24.366687854007974,28.71062175483289,26.931613503524282
CHTR,2013-09-27,135.77999877929688,133.10000610351562,133.57000732421875,16.299509436567888,20.734963417383607,23.687174843502447,28.816826758614923,26.968545576454716
CHTR,2013-09-30,135.16000366210938,132.69000244140625,134.75999450683594,16.256470647676036,20.792577416064244,23.711774822632226,28.797293289755356,26.959366498926556
CHTR,2013-10-01,136.25,134.4600067138672,135.47000122070312,16.256097240998553,20.80436109334534,23.71647818017381,28.79051791272766,26.960261871411177
CHTR,2013-10-02,135.25,133.30999755859375,133.7899932861328,16.576173388067822,20.653221464365185,23.825149700166055,28.848780940716633,26.99752340816949
CHTR,2013-10-03,133.80999755859375,130.8300018310547,131.5500030517578,16.892163814220044,20.966301151276223,23.9272499037264,28.942655585006772,27.064005783551803
CHTR,2013-10-04,133.30999755859375,131.35000610351562,132.63999938964844,16.952214435692746,21.01713029460941,23.791093378247357,28.94388965842684,27.067329888720277
CHTR,2013-10-07,133.0,131.0,132.49000549316406,16.57684781095297,20.99388586748477,23.78100490765728,28.94309197212109,27.03117496915995
CHTR,2013-10-08,134.27000427246094,131.3000030517578,131.61000061035156,16.674697321804366,21.05011669282914,23.767761718423078,28.96299683739435,27.039076617163758
CHTR,2013-10-09,133.6199951171875,130.05999755859375,131.5,16.316394073659346,21.002504124838936,23.65706316747424,28.965937342867566,27.00847235680103
CHTR,2013-10-10,137.3000030517578,133.5399932861328,136.08999633789062,18.34587434479162,22.082938530260005,24.182613840870903,29.20433556585046,27.184837945710154
CHTR,2013-10-11,137.02999877929688,134.63999938964844,136.22999572753906,18.34088782012467,22.079794738983082,23.947772063438826,29.148730244832077,27.184636921468986
CHTR,2013-10-14,137.63999938964844,135.49000549316406,137.19000244140625,18.361989912547287,21.325095673734097,23.895133067671097,29.088858750311807,27.186254104080593
CHTR,2013-10-15,138.25,135.60000610351562,137.44000244140625,18.159281296804014,21.32125435754643,23.889086623050844,29.0547709204888,27.186257949029486
CHTR,2013-10-16,139.27000427246094,136.5500030517578,139.00999450683594,18.12673749892553,21.401901532232998,23.900869684856886,29.071541962601525,27.200259168907614
CHTR,2013-10-17,139.24000549316406,137.00999450683594,137.7100067138672,18.503436126204072,21.510817868160785,23.926351050179587,28.524217862023153,27.220162192456915
CHTR,2013-10-18,138.9199981689453,136.83999633789062,137.30999755859375,18.591224746370536,21.50401557072695,23.823331095223825,28.5320231391958,27.22311648080103
CHTR,2013-10-21,138.27000427246094,135.89999389648438,137.10000610351562,18.37920234242706,21.40765856752063,23.781834959011384,28.429609305503817,27.202688186885094
CHTR,2013-10-22,139.0,135.9199981689453,136.7100067138672,18.42006161016643,21.350527729764472,23.794444078296863,27.580809110209376,27.194814740007843
CHTR,2013-10-23,137.1300048828125,134.8000030517578,135.22000122070312,18.522800800102928,21.223217653844486,23.868207459585435,27.609917987360355,27.226059364027954
CHTR,2013-10-24,138.33999633789062,134.75,137.97000122070312,19.11898321559442,21.368794402302534,23.640951558711365,27.66868257816732,27.276426169101953
CHTR,2013-10-25,139.39999389648438,137.0,138.5800018310547,19.124448837167467,21.118281410706974,23.580407311725406,27.669184735850283,27.132881740743347
CHTR,2013-10-28,139.22000122070312,135.8800048828125,136.5399932861328,19.76554259922299,19.20393717737787,23.63626438466269,27.61861467262698,27.1849423665735
CHTR,2013-10-29,137.24000549316406,135.89999389648438,137.22999572753906,19.694782137165294,18.21623771623063,23.593911377314853,27.61151810142617,27.186111678887897
CHTR,2013-10-30,144.02000427246094,134.3000030517578,135.02000427246094,19.866507120961472,17.822185485267255,23.6638950570326,27.703525298077576,27.248102792567714
CHTR,2013-10-31,137.9199981689453,133.55999755859375,134.0399932861328,19.920534741979445,17.44916230888504,23.705011676757774,27.70549923594047,27.25079640620273
CHTR,2013-11-01,138.1999969482422,134.08999633789062,138.07000732421875,21.646435869195304,18.23116522298454,24.042569732169984,27.883957735224,27.38783468931257
CHTR,2013-11-04,139.13999938964844,134.5800018310547,135.77000427246094,22.231681088918066,18.602344555007992,24.207830081425914,27.976894601714392,27.20334948290389
CHTR,2013-11-05,135.97999572753906,129.55999755859375,131.05999755859375,24.029158084689676,19.824927653448686,23.670949915200133,28.235547181182362,27.281397439882255
CHTR,2013-11-06,131.3300018310547,128.1999969482422,128.9199981689453,23.5832701088739,20.11364409037686,23.797050136826595,28.27069063673115,27.26835252843412
CHTR,2013-11-07,129.64999389648438,126.25,127.47000122070312,23.25537668237771,20.06602384308102,23.875261337161852,25.91961054005687,27.103655564680512
CHTR,2013-11-08,128.91000366210938,126.93000030517578,128.05999755859375,22.83932041879113,19.946330061139452,23.880705557236432,25.780020044214158,27.030163352102555
CHTR,2013-11-11,128.1999969482422,125.68000030517578,127.04000091552734,22.702757629999525,20.000577936048224,23.325706636265192,25.407332793503024,27.047142026935717
CHTR,2013-11-12,128.64999389648438,126.05999755859375,128.4600067138672,22.927185318526515,20.094448388829502,22.131886120954487,25.428125070377096,27.06058496020668
CHTR,2013-11-13,128.85000610351562,126.51000213623047,128.75999450683594,22.727086159004187,19.927707949607328,22.06120943503653,25.396321274569996,27.058515891432087
CHTR,2013-11-14,129.02999877929688,127.76000213623047,128.07000732421875,22.280671684557362,19.756156561168055,22.059008840089156,25.411907432726494,26.966392416845466
CHTR,2013-11-15,129.0500030517578,127.9000015258789,128.69000244140625,22.18045976843177,19.746043890073427,22.015339572779187,25.410291975115516,26.9370155338005
CHTR,2013-11-18,130.75,128.6999969482422,129.5399932861328,22.289152097842475,19.65393023205972,21.13884594581727,25.408950133538998,26.927899299645798
CHTR,2013-11-19,130.30999755859375,128.86000061035156,129.07000732421875,22.236539517485664,19.646550036703143,21.148796727557656,25.24982529833293,26.90967683997559
CHTR,2013-11-20,129.75,126.75,126.95999908447266,22.70541486078741,19.854781480036277,21.208129073167388,25.340142927125054,26.88922358351702
CHTR,2013-11-21,128.02000427246094,126.30000305175781,126.95999908447266,20.071197665744982,19.763327438015178,20.878470546471554,25.31215737250757,26.87633759548446
CHTR,2013-11-22,134.97999572753906,126.80000305175781,134.66000366210938,26.788223826149228,23.027755338713078,22.661079748555352,26.18922997887319,27.463932432819743
CHTR,2013-11-25,136.38999938964844,133.33999633789062,134.2899932861328,26.702973111378697,23.04039313770444,22.66342212214311,26.1919743555297,27.468770291940263
CHTR,2013-11-26,137.41000366210938,133.1199951171875,136.1199951171875,27.01356717845984,23.044751114202057,22.752386796387114,26.22496950618859,27.489530898477653
CHTR,2013-11-27,136.58999633789062,133.24000549316406,134.97999572753906,26.878081707390493,23.03013626901399,22.62108194202895,26.255578781968907,27.510443958835744
CHTR,2013-11-29,136.22999572753906,134.25999450683594,135.10000610351562,26.763315405517474,23.0300573286567,22.615036598655255,26.254438407691595,27.48534399669793
CHTR,2013-12-02,135.5399932861328,132.4600067138672,132.72000122070312,27.215855158431452,23.357711988570365,22.803655456807256,24.468967560006448,27.545700359630622
CHTR,2013-12-03,132.7100067138672,128.69000244140625,129.30999755859375,28.156862286732,23.857013474346918,23.180174644048364,24.547789565446184,27.681185123056967
CHTR,2013-12-04,130.3800048828125,127.3499984741211,129.42999267578125,28.167656742143272,23.83003053178112,23.17968376167008,23.789096210760423,27.680529773199392
CHTR,2013-12-05,129.77000427246094,126.4800033569336,127.2699966430664,28.38364929596055,23.932242686007637,23.318084420798186,23.542857361097187,27.719093184504175
CHTR,2013-12-06,129.97000122070312,126.95999908447266,127.75,27.660767290133688,23.910570728736378,23.321614702471127,23.52685724055044,27.7159120865332
CHTR,2013-12-09,128.25,126.30999755859375,128.16000366210938,27.636509635519108,23.907736198106512,23.32104714274257,23.501709684924236,27.699811168119208
CHTR,2013-12-10,132.9600067138672,128.25,131.75,28.72267593474408,24.565074994360156,23.260526192592483,23.703427455944485,27.7884165045123
CHTR,2013-12-11,132.77000427246094,130.24000549316406,130.82000732421875,28.709066415370238,24.55379176269642,23.28905961658835,23.68691214505383,27.800621221082
CHTR,2013-12-12,132.63999938964844,130.58999633789062,131.99000549316406,28.51895194343622,24.393540246002,23.32295743891396,23.70251842810184,27.8070733723735
CHTR,2013-12-13,135.86000061035156,130.99000549316406,131.5399932861328,28.463981118889198,24.366470552596205,23.32477302041081,23.701250151584443,27.79474252339259
CHTR,2013-12-16,132.3300018310547,130.5800018310547,131.36000061035156,26.980492236941107,24.347087462101584,23.317764949351886,23.70301369811382,27.784877523583422
CHTR,2013-12-17,131.9199981689453,129.97000122070312,130.11000061035156,26.70780075651319,24.4151008863675,23.323987242651782,23.661422943576184,27.673047192849726
CHTR,2013-12-18,130.89999389648438,128.64999389648438,130.33999633789062,24.70662747222265,24.16317944885913,23.293503088028288,23.534042232281713,27.318824420983717
CHTR,2013-12-19,130.91000366210938,128.22999572753906,129.1199951171875,24.38506449760719,23.807624681555087,23.211025192777193,23.549416689745552,27.34148442394149
CHTR,2013-12-20,131.00999450683594,128.85000610351562,130.02000427246094,24.219355711069728,23.647928504802703,23.105542126233154,23.539310488102362,27.31131363984022
CHTR,2013-12-23,131.44000244140625,129.44000244140625,131.39999389648438,24.36444959473731,23.48315552035834,23.000276125553256,23.518470664497,27.323770370847328
CHTR,2013-12-24,132.88999938964844,129.9499969482422,132.27000427246094,24.27054844670667,23.449987790736003,21.819928829337996,23.526689551571504,27.326140191487653
CHTR,2013-12-26,132.6199951171875,131.1699981689453,132.16000366210938,24.09900071934195,23.42144481772906,21.318478374381524,23.498719154622975,27.323522627431206
CHTR,2013-12-27,134.19000244140625,131.44000244140625,133.5,24.24216470362512,23.381444666618055,21.016920502241828,23.52161109965177,27.332265427435786
CHTR,2013-12-30,135.10000610351562,132.7100067138672,134.17999267578125,24.184933735191642,23.137471104800206,20.794272704823968,23.400523247390463,27.33124087928766
CHTR,2013-12-31,136.75999450683594,134.05999755859375,136.75999450683594,24.6977841512679,23.39957145718238,20.905943637185697,23.415198903713783,27.18003044512709
CHTR,2014-01-02,137.67999267578125,134.47999572753906,134.75999450683594,25.12505757383247,23.60542129415032,21.04742904026203,23.464581756428817,27.144946781779378
CHTR,2014-01-03,135.3000030517578,133.02000427246094,133.3699951171875,25.31544088465297,23.664114889552067,21.00158578385439,23.447474108105844,27.171389451491795
CHTR,2014-01-06,137.02000427246094,133.75,135.0,24.94545928058383,23.78860314948016,21.071320703812017,23.480932225644484,27.180625762116044
CHTR,2014-01-07,138.25,135.1300048828125,138.0800018310547,25.631970105558565,23.188275688550814,21.237480561969985,23.60118241619275,27.252419266889603
CHTR,2014-01-08,138.27999877929688,135.9199981689453,136.08999633789062,19.852908261202128,23.383782303806854,21.297977633843377,23.673425498492577,27.299953844673546
CHTR,2014-01-09,136.99000549316406,135.14999389648438,136.00999450683594,19.83341073093255,23.337897774614056,21.283031976921162,23.61110971052035,27.255692144507677
CHTR,2014-01-10,137.25,135.0,136.4199981689453,19.459880105391438,23.343446272807704,21.27452434341021,23.48474802552874,27.25426797297449
CHTR,2014-01-13,136.3800048828125,133.47999572753906,134.22000122070312,19.885453392757555,23.4490973447278,21.358565885287053,23.576268203793447,27.298590843406224
CHTR,2014-01-14,137.6300048828125,134.1300048828125,137.33999633789062,20.98945837230826,23.864485549506014,21.526771997674924,23.711260295040297,27.373645525621825
CHTR,2014-01-15,137.89999389648438,134.9499969482422,136.0399932861328,20.493454238228708,23.936569025948433,21.578391614859473,23.716462237503926,27.39880823466565
CHTR,2014-01-16,137.39999389648438,132.44000244140625,134.9600067138672,19.05516243467808,23.988704660016914,21.552845305061417,23.741788473585906,27.41698462317138
CHTR,2014-01-17,135.52000427246094,134.0,134.2899932861328,19.14519958817211,24.00246659864362,21.5571325981156,23.661815836737393,27.42045068628777
CHTR,2014-01-21,135.19000244140625,133.19000244140625,133.5,18.500604264360128,23.928772105907086,21.51977245721648,23.628662031588853,27.429764327768957
CHTR,2014-01-22,135.14999389648438,132.60000610351562,135.0,18.699710039040156,23.67245008364738,21.527077203660465,23.655185857242902,27.44386593275553
CHTR,2014-01-23,134.72999572753906,133.11000061035156,133.4600067138672,19.08649822301426,23.759292487120398,21.596042387475816,23.169125792659635,27.477550132503332
CHTR,2014-01-24,133.55999755859375,130.5800018310547,131.4199981689453,17.981326955002604,23.774217090801447,21.745161846706896,23.249713412124095,27.53277964652453
CHTR,2014-01-27,140.74000549316406,131.30999755859375,136.9199981689453,21.425035361208707,25.238021851712645,22.578798804904924,23.726804811711382,27.760472422083904
CHTR,2014-01-28,139.4600067138672,136.33999633789062,136.64999389648438,21.330985073492887,25.015335268030547,22.512976857114687,23.728798222241302,27.710525366163097
CHTR,2014-01-29,138.9499969482422,135.27000427246094,138.24000549316406,21.493362452101756,25.072721818560957,22.576250418791084,23.709427294504284,27.70461871300867
CHTR,2014-01-30,139.77999877929688,137.42999267578125,138.77000427246094,21.482563018505793,24.340224342824012,22.57871294631324,23.61781638694937,27.705111448792486
CHTR,2014-01-31,138.72000122070312,136.83999633789062,137.0,21.653779910099075,24.23617817591593,22.598094569720654,23.66615254407459,27.325090319896404
CHTR,2014-02-03,140.24000549316406,135.02000427246094,136.1199951171875,21.782623165873748,23.12916237910941,22.61232988467037,23.658190947487686,27.338562076660455
CHTR,2014-02-04,139.32000732421875,136.14999389648438,138.86000061035156,22.168569813757355,23.182763017038557,22.734756112252246,23.704368588776116,27.32234135940681
CHTR,2014-02-05,138.8000030517578,136.9499969482422,137.35000610351562,22.45546386322047,23.1741691638594,22.781889157569942,23.730261152380315,26.70212519790151
CHTR,2014-02-06,138.69000244140625,136.41000366210938,136.5,22.414797792763018,23.213023815121716,22.80292305944414,23.60342393071125,26.703051158416958
CHTR,2014-02-07,138.5500030517578,136.82000732421875,137.5,22.430175718525426,23.169639568333793,22.823771536773815,23.582887704211885,26.698158441671843
CHTR,2014-02-10,138.22999572753906,137.27999877929688,137.6199951171875,22.421585022791742,23.079569878782635,22.79039665694841,23.577590559060155,26.698218048961103
CHTR,2014-02-11,139.4499969482422,137.00999450683594,137.89999389648438,22.269804532821805,23.07899405889055,22.65295866229642,23.56242984433137,26.608071738201755
CHTR,2014-02-12,139.1300048828125,137.13999938964844,137.57000732421875,22.25853739816774,23.051139103085813,22.637271251768006,23.536504780044705,26.604065137527567
CHTR,2014-02-13,130.0,124.76000213623047,128.91000366210938,28.68711249801141,26.731284898641384,24.888236415116022,24.748601720534822,27.438505427184467
CHTR,2014-02-14,129.41000366210938,126.75,129.35000610351562,28.46679509445788,26.705934952087105,24.891839724420006,24.731135687156915,27.42471666003572
CHTR,2014-02-18,133.00999450683594,128.33999633789062,131.5,28.790912678968798,26.907314908877467,24.88249397890054,24.80040533968734,27.463019167917757
CHTR,2014-02-19,131.99000549316406,129.0,130.44000244140625,28.617188976306768,26.738069112312928,24.673386998523096,24.818054568761518,27.47883495722276
CHTR,2014-02-20,133.17999267578125,130.5800018310547,131.83999633789062,27.961624386450513,26.819770097919527,24.619958274349752,24.61306733809714,27.42068390641197
CHTR,2014-02-21,132.02000427246094,124.0,125.08000183105469,31.462132328371585,26.204725054418937,25.838034622805445,25.38607834570861,27.92469017533239
CHTR,2014-02-24,127.05999755859375,122.5,123.58000183105469,31.567291184153213,26.297168627811384,25.855274303940735,25.39067116269351,26.21546936449932
CHTR,2014-02-25,123.95999908447266,120.5,121.33999633789062,31.806306276693945,26.334778519928093,25.9832682040425,25.455058242061625,26.198327842660024
CHTR,2014-02-26,122.37000274658203,120.86000061035156,121.25,31.599875018747863,26.30087425156814,25.919172911434597,25.411666133851636,25.905302795124037
CHTR,2014-02-27,124.44000244140625,121.5,124.13999938964844,31.6420590916399,26.80480069746884,26.082186880727733,25.558379214884923,25.99865244666568
CHTR,2014-02-28,127.08999633789062,124.0199966430664,126.7699966430664,32.352763415091864,26.96988525341838,26.269161237080358,25.643456850876113,26.052744872571143
CHTR,2014-03-03,125.69000244140625,122.30000305175781,125.69000244140625,32.36204012856465,26.50447563422626,26.300464890778684,25.659565222107812,26.072208508542616
CHTR,2014-03-04,128.3300018310547,125.55000305175781,128.22000122070312,32.9868428841668,26.83142208163918,26.480689284815817,25.078151521434343,26.133963390994698
CHTR,2014-03-05,129.61000061035156,126.86000061035156,127.41000366210938,32.99210499976023,26.638418811387954,26.498124609680048,25.06851983246673,26.139799327598993
CHTR,2014-03-06,128.0800018310547,125.80999755859375,126.63999938964844,32.79178850820596,26.655510212574217,25.924081333265324,25.07964324233568,26.027669065998253
CHTR,2014-03-07,128.99000549316406,125.47000122070312,127.0,32.69969980946536,26.65365306317012,25.928781225006276,25.080512664382937,26.02589929140029
CHTR,2014-03-10,129.75,126.18000030517578,128.5399932861328,32.66472665279834,26.146678741889673,25.97917682628398,24.812626136927403,26.02961124228197
CHTR,2014-03-11,129.14999389648438,127.36000061035156,127.73999786376953,30.195698546286398,26.13808175619752,25.991180928051072,24.172621684641094,26.039624608914586
CHTR,2014-03-12,128.82000732421875,126.0,127.2699966430664,30.198103854255503,26.074003616338796,25.922677789228477,24.143481396868758,26.040299130521117
CHTR,2014-03-13,127.4000015258789,125.05000305175781,125.72000122070312,30.031419604040604,26.17737223950927,25.95052282870864,24.17931118436874,26.074436135125463
CHTR,2014-03-14,127.68000030517578,125.97000122070312,127.0,30.21393847881455,26.27174006318343,26.007453348100107,24.177812290710392,26.089002603874214
CHTR,2014-03-17,128.25999450683594,126.0,126.48999786376953,30.071076135773012,26.21517588412509,26.01229494932069,23.72731398849857,26.094089341842132
CHTR,2014-03-18,128.0500030517578,125.80000305175781,125.98999786376953,30.052532536955777,26.220580381672793,26.0151171814281,23.732208564870373,24.725307035304855
CHTR,2014-03-19,126.56999969482422,124.87000274658203,126.47000122070312,29.358461703521776,26.17008044314527,25.974133094466502,23.682944038542537,24.622753609489678
CHTR,2014-03-20,127.33000183105469,125.51000213623047,126.69999694824219,29.295913735102335,26.130119470220354,25.76261915568474,23.519349152645148,24.076441393423824
CHTR,2014-03-21,127.97000122070312,126.31999969482422,127.25,29.34515844569959,26.049313485965968,25.76220664504179,23.407834990884226,23.843084585807386
CHTR,2014-03-24,127.52999877929688,124.79000091552734,125.75,29.323648077024107,26.107976646279283,25.725451894043992,23.448570970171573,23.86302900955816
CHTR,2014-03-25,126.72000122070312,123.79000091552734,124.12000274658203,29.44210865996924,26.22750662773005,25.780685001755714,23.49454718951153,23.886381085038437
CHTR,2014-03-26,125.91999816894531,122.9800033569336,123.11000061035156,29.425764640649327,26.163290330080528,25.69103402622262,23.427385653371903,23.898560386668706
CHTR,2014-03-27,124.41000366210938,120.75,121.26000213623047,29.604920324459798,26.27895462394132,25.770700574575162,23.493094336884784,23.921252410010744
CHTR,2014-03-28,124.51000213623047,122.2699966430664,122.41000366210938,23.563160786368716,26.027788368713427,25.35600978408438,23.520330715344862,23.936983762615014
CHTR,2014-03-31,125.08000183105469,121.6500015258789,123.19999694824219,23.63662262434108,25.941563407028696,25.26032389170419,23.527939004784553,23.9397116236565
CHTR,2014-04-01,125.86000061035156,123.38999938964844,125.63999938964844,23.861088310697163,26.229547850482078,24.86144293114535,23.64268755820484,24.014380352510482
CHTR,2014-04-02,128.10000610351562,125.47000122070312,126.5,23.895556722009122,26.13811585506506,24.75357364418092,23.64475416497879,23.97135846477986
CHTR,2014-04-03,127.1500015258789,124.2300033569336,124.9000015258789,23.86269494656951,25.772707514153726,24.770806562195098,23.69153234429429,23.915566062326672
CHTR,2014-04-04,125.86000061035156,122.44999694824219,122.72000122070312,19.05367688260492,25.84619272302742,24.91156147675096,23.779788239884883,23.971045539610042
CHTR,2014-04-07,123.91000366210938,118.38999938964844,118.94000244140625,20.790843962714142,26.544826214716323,25.36198980035791,23.801406170632283,24.170428167427314
CHTR,2014-04-08,121.52999877929688,117.19999694824219,121.1500015258789,20.90145196499193,26.86054988289534,25.474380824945275,23.905364641752215,24.207658696732278
CHTR,2014-04-09,124.1500015258789,121.36000061035156,124.04000091552734,21.991471793473384,27.19447789443967,25.757931285938895,24.069064590514564,24.316227545607443
CHTR,2014-04-10,125.0,120.81999969482422,121.98999786376953,21.45128850115197,26.893808652147232,25.87582516468638,24.14395004428837,24.355089547558215
CHTR,2014-04-11,121.87000274658203,118.33000183105469,118.45999908447266,22.0104565432269,27.433743595401022,26.263434643945217,24.384980986517775,24.538199834909204
CHTR,2014-04-14,120.77999877929688,118.20999908447266,119.41000366210938,22.121220025528356,27.48789875979903,26.27446680330231,24.383848762295216,24.471247792490946
CHTR,2014-04-15,120.13999938964844,116.77999877929688,118.06999969482422,21.302877150126985,27.547024086793094,26.323395040141413,24.40447649712149,24.44006512731619
CHTR,2014-04-16,119.70999908447266,117.48999786376953,118.11000061035156,21.29302915039982,27.54037494943269,26.20494659186214,24.33953502719329,24.423758435203048
CHTR,2014-04-17,118.43000030517578,116.9000015258789,117.83000183105469,21.266631171763237,27.402328420784126,26.20598938438964,24.266422963989264,24.390194247207678
CHTR,2014-04-21,125.06999969482422,120.41000366210938,123.61000061035156,25.764116159932936,29.192556469990123,25.620896829911022,24.84088285348285,24.84440189354785
CHTR,2014-04-22,127.41999816894531,123.43000030517578,126.95999908447266,26.73909708472409,29.59643024946912,25.990446737956752,24.43469170674,24.97036884160099
CHTR,2014-04-23,129.0,126.88999938964844,128.10000610351562,26.813360595128838,28.377116696474808,25.93718048727239,24.216168650520036,24.979465522009956
CHTR,2014-04-24,130.94000244140625,127.83999633789062,130.49000549316406,27.307207705104386,28.658871822074016,26.082221531268317,24.145723333444657,25.002478553284874
CHTR,2014-04-25,130.38999938964844,128.25999450683594,130.00999450683594,27.062213578735268,28.54868719944906,26.08685082032777,24.032739505228555,24.926619221872606
CHTR,2014-04-28,142.6999969482422,132.33999633789062,140.0500030517578,34.34889692952417,32.45573283286497,28.512765774432697,25.549160247178555,25.981578903057674
CHTR,2014-04-29,139.86000061035156,135.2899932861328,137.14999389648438,35.00335204442104,32.63580556196792,28.40300075083806,25.674144562034385,26.075852923932796
CHTR,2014-04-30,137.82000732421875,134.80999755859375,135.52999877929688,35.208966465993484,32.700762330282096,28.471818803814784,25.663149554025033,26.089917526221235
CHTR,2014-05-01,137.61000061035156,134.30999755859375,136.67999267578125,35.250405992005525,32.484764728149855,28.363655893801052,25.676345404104968,26.098250426674674
CHTR,2014-05-02,138.27999877929688,136.13999938964844,137.2100067138672,35.25152700277224,32.41868490116776,28.36395065783728,25.628826421100655,26.03709700937041
CHTR,2014-05-05,138.55999755859375,136.36000061035156,138.41000366210938,35.292390650086666,32.44113103534571,28.389690757822905,25.611066529313298,26.014959794604568
CHTR,2014-05-06,139.52000427246094,137.61000061035156,138.4199981689453,35.03016731096007,32.407673824782,28.06123592055497,25.604576359825483,26.013537997185683
CHTR,2014-05-07,139.7899932861328,138.0,139.52000427246094,34.71073185030231,32.44686012874247,28.05915375592226,25.613128095802722,25.673770446695503
CHTR,2014-05-08,139.7899932861328,136.1199951171875,137.41000366210938,34.98367394708985,32.59855374831761,28.13986843932869,25.638453914551196,25.723757210669508
CHTR,2014-05-09,138.8800048828125,136.41000366210938,137.9499969482422,34.526568417567105,32.60492565932452,28.13863587055482,25.587970764212244,25.72555312477639
CHTR,2014-05-12,139.05999755859375,136.1999969482422,137.07000732421875,34.62666564328753,29.691651534249154,28.15835499591271,25.593887904280123,25.73544840916761
CHTR,2014-05-13,137.39999389648438,135.1300048828125,136.6199951171875,34.67630737520788,29.700393158283866,28.119304077348005,25.566414667503757,25.703157662176153
CHTR,2014-05-14,136.83999633789062,135.11000061035156,136.14999389648438,34.38498853054483,29.53442809744734,28.12544746876614,25.564233684855015,25.642260410432865
CHTR,2014-05-15,137.14999389648438,134.13999938964844,136.91000366210938,34.373768157132915,29.49575369298551,28.092506948366086,25.542338456144126,25.640155302365265
CHTR,2014-05-16,138.0500030517578,135.83999633789062,137.4600067138672,34.064551238331646,29.432057318747862,28.07944683566098,25.522481941879843,25.627101582214994
CHTR,2014-05-19,138.9499969482422,136.16000366210938,138.67999267578125,33.51912716793431,27.292937139572366,28.065163873618204,25.52804574852966,25.60231216891807
CHTR,2014-05-20,140.17999267578125,137.8000030517578,138.9600067138672,31.812390313184892,27.141307261384245,28.049400745786794,25.52503670060169,25.59186214452227
CHTR,2014-05-21,139.67999267578125,138.07000732421875,138.55999755859375,31.641334806826276,26.832283477102763,28.053756213941178,25.48455859181566,25.49810044349497
CHTR,2014-05-22,139.5399932861328,137.63999938964844,138.1699981689453,31.17824686812935,26.84541949484051,28.015946681901994,25.450766160196263,25.480455847823986
CHTR,2014-05-23,141.27999877929688,138.38999938964844,140.58999633789062,30.814391034025874,26.664179185284414,28.13639494081692,25.528152744895614,25.530352599470383
CHTR,2014-05-27,143.25,140.4199981689453,142.91000366210938,29.22717672166532,26.54143250242497,28.094561956916564,25.594394431800417,25.56780796035002
CHTR,2014-05-28,144.58999633789062,141.22000122070312,143.58999633789062,29.225571223862033,26.455392333859102,27.996796856741685,25.554959831218383,25.550677606108774
CHTR,2014-05-29,144.42999267578125,142.0,142.7100067138672,28.996305974385052,26.24875670698016,27.962569561826783,25.56039225101899,25.5235353426711
CHTR,2014-05-30,144.49000549316406,141.5,143.13999938964844,28.958767476372522,26.195069419759708,27.904716063905198,25.519487556526023,25.51033394527608
CHTR,2014-06-02,148.1199951171875,142.85000610351562,147.14999389648438,29.46932004579747,26.661308752426343,28.01773493678118,25.70534763565932,25.649077420084904
CHTR,2014-06-03,148.0500030517578,146.61000061035156,147.22000122070312,26.901710640620998,26.664431263434356,27.91222286682758,25.703060014800133,25.6452065452991
CHTR,2014-06-04,147.7899932861328,145.83999633789062,147.47999572753906,26.178628792058213,26.58963483272049,27.911773064568102,25.70150469614209,25.487462290387164
CHTR,2014-06-05,148.3800048828125,145.94000244140625,147.6199951171875,26.176422942487935,26.531831754646106,27.9095548120234,25.685653188033303,25.46772264070264
CHTR,2014-06-06,149.75,146.49000549316406,148.8699951171875,25.87774098010517,26.529124288292195,27.800680117421567,25.635867773588462,25.447822854616486
CHTR,2014-06-09,149.8000030517578,148.1999969482422,148.72999572753906,25.81544676016543,26.359118074569775,27.578523514978553,25.62764549622497,25.42802758281869
CHTR,2014-06-10,149.1300048828125,147.61000061035156,148.88999938964844,15.074839317100977,26.316876686023406,27.52896759389038,25.623385580822756,25.393221220696567
CHTR,2014-06-11,149.1999969482422,147.36000061035156,149.1999969482422,13.412348442172803,26.280463886116344,27.49271870509417,25.620423429466328,25.392807119900933
CHTR,2014-06-12,149.82000732421875,147.4499969482422,147.7899932861328,13.201378309216622,26.36518696549813,27.527071447620667,25.560040788431305,25.392534782102423
CHTR,2014-06-13,148.52999877929688,147.11000061035156,148.2100067138672,13.095666175991767,26.364142244258815,27.5065993274201,25.44012430840495,25.386828009845036
CHTR,2014-06-16,148.75,147.17999267578125,148.5,13.092553848018637,26.363972785638296,27.45908566738352,25.38528767874295,24.902925822299917
CHTR,2014-06-17,149.0800018310547,147.74000549316406,148.0,13.073851670993076,26.390200912997138,27.395814733217577,25.294598158947977,24.891960203845677
CHTR,2014-06-18,149.1699981689453,147.4600067138672,148.64999389648438,13.071626235862025,26.22168654154108,27.273404910989225,25.27943727059801,24.89416949680304
CHTR,2014-06-19,149.3800048828125,148.02000427246094,148.25,13.042633998084757,26.039859393957315,26.523420332900553,25.27608459643758,24.895831782704576
CHTR,2014-06-20,150.6699981689453,148.17999267578125,150.50999450683594,12.508920807241159,26.052254722156615,26.616770822451652,25.2875806197732,24.71099221195508
CHTR,2014-06-23,154.6300048828125,151.0,151.6300048828125,12.57121321777975,25.777130811023092,26.582794772849493,25.213654489761062,24.26334500888192
CHTR,2014-06-24,153.27999877929688,150.50999450683594,151.05999755859375,12.419617350245261,25.794163004868096,26.58902065893363,25.20367518930118,24.24120798229833
CHTR,2014-06-25,152.49000549316406,150.47999572753906,152.0,12.29008645901979,25.79309317937714,26.511245049781596,25.211020925417237,24.237647992394766
CHTR,2014-06-26,152.3300018310547,150.86000061035156,152.0,12.159365385603092,25.582175744101534,26.48466813857976,25.19570721952252,24.219552014883693
CHTR,2014-06-27,155.7899932861328,151.97000122070312,154.83999633789062,12.891542795642746,25.76489220684352,26.459962293291454,25.281871361222443,23.97201596168545
CHTR,2014-06-30,159.24000549316406,155.0500030517578,158.3800048828125,13.962033221943438,25.839432932560698,26.60727844364438,25.10145557618817,24.070102660396326
CHTR,2014-07-01,161.41000366210938,157.74000549316406,160.39999389648438,14.103861220207214,25.502991773440137,26.63821605356483,25.140454649498732,24.055882144840464
CHTR,2014-07-02,162.60000610351562,160.47999572753906,162.0,14.151995025246814,24.410716755003136,26.65574260169774,25.152740854631006,23.965951485800435
CHTR,2014-07-03,163.19000244140625,160.8000030517578,162.4199981689453,13.971027652229004,24.25848807509652,26.65587779827022,25.15329118828209,23.892418454977516
CHTR,2014-07-07,163.0,160.07000732421875,160.67999267578125,14.550474077496897,24.149259700427262,26.728671768918456,25.160381167896045,23.919349034733433
CHTR,2014-07-08,160.52999877929688,158.57000732421875,158.6199951171875,14.959858315259131,24.021655030101783,26.81983662697933,25.18381350709565,23.957692634348554
CHTR,2014-07-09,162.16000366210938,158.41000366210938,162.14999389648438,15.446027596105532,23.234039295020878,24.81517302164767,25.304664597091925,23.982465245557822
CHTR,2014-07-10,163.5,160.25,162.8800048828125,15.44543459000956,23.227377634924007,24.81700876280315,25.30647460824306,23.982305637128086
CHTR,2014-07-11,163.6300048828125,161.19000244140625,162.27000427246094,15.321074557354358,23.050002724568934,24.730454048724173,25.30861309972392,23.986058222535895
CHTR,2014-07-14,164.5500030517578,162.42999267578125,163.6999969482422,15.37048553435349,23.03728010620599,24.698372140361673,25.285556848088863,23.992654015883524
CHTR,2014-07-15,164.44000244140625,162.50999450683594,163.13999938964844,13.866867545861986,23.05354432161457,24.677670366014798,25.188869353653452,23.996218650924646
CHTR,2014-07-16,165.49000549316406,163.0,163.97999572753906,13.846102859081896,21.287184128370466,23.065612437585,25.190423862848167,23.9887577549274
CHTR,2014-07-17,164.27999877929688,161.5,163.0,14.115167679177246,20.89367942691208,22.9866412180572,25.13420532421966,23.998768303922965
CHTR,2014-07-18,164.32000732421875,161.88999938964844,164.14999389648438,14.135856752756196,20.87870563632134,22.746300092021347,25.13982817114689,24.005058178304132
CHTR,2014-07-21,164.8000030517578,162.52000427246094,163.0,14.378947035343332,20.78415426270911,22.79464037693102,25.074517315768617,23.847538986729585
CHTR,2014-07-22,165.1999969482422,162.58999633789062,162.69000244140625,14.404692221483531,20.760279813866045,22.56622081597804,25.05742515914387,23.84850372152009
CHTR,2014-07-23,164.08999633789062,162.05999755859375,163.1300048828125,14.393611027997574,14.634825939401344,22.37547991815806,24.827055220642617,23.845360033343656
CHTR,2014-07-24,164.4600067138672,162.75999450683594,163.86000061035156,14.396317985136486,13.796958080847924,22.306758727449395,24.740664230426567,23.846566476443726
CHTR,2014-07-25,164.0,162.02999877929688,162.35000610351562,14.378381081825225,13.686371833719388,22.21231939154305,24.391350652745654,23.86402624077561
CHTR,2014-07-28,163.4499969482422,161.17999267578125,161.47999572753906,14.5883925163291,13.744746476120802,22.203236444682094,24.313529679195806,23.851747296622268
CHTR,2014-07-29,167.3000030517578,161.58999633789062,162.05999755859375,14.587270575080094,13.743904256531566,22.162762465142794,24.269022868165365,23.838736185314605
CHTR,2014-07-30,163.5399932861328,160.63999938964844,161.77000427246094,14.535159331702562,13.718706953382451,22.172965184657865,24.268660764572736,23.784076168714925
CHTR,2014-07-31,161.47999572753906,151.58999633789062,154.52000427246094,20.270032609153596,16.93210229614866,23.40381206997741,24.87845222705351,24.196572778064365
CHTR,2014-08-01,157.41000366210938,149.66000366210938,152.25999450683594,20.76991017952372,17.218458702086334,23.517006766270505,24.919745708798306,24.188147667285573
CHTR,2014-08-04,158.66000366210938,152.3800048828125,157.10000610351562,22.21117788730628,17.91793034890185,23.96230118003415,25.17672899739148,23.952818261940212
CHTR,2014-08-05,156.77999877929688,153.1699981689453,154.97000122070312,22.554321965244913,18.206734203811152,23.984633824284273,25.22572008290136,23.809032768798595
CHTR,2014-08-06,155.88999938964844,153.0,153.75999450683594,22.655465364907396,18.23724996451213,24.000957529994764,25.243590941253803,23.6942097901041
CHTR,2014-08-07,156.42999267578125,151.2899932861328,151.39999389648438,23.05601039586761,18.55372857764373,24.14134117228484,25.309540009857074,23.6696086027254
CHTR,2014-08-08,152.58999633789062,151.0,152.0399932861328,23.09049521684521,18.52919027082468,24.126592140740183,25.306935007131266,23.637356805601858
CHTR,2014-08-11,153.74000549316406,151.72999572753906,152.42999267578125,22.433244404233164,18.513602810311962,24.124878474582427,25.22285087208256,23.63791256750545
CHTR,2014-08-12,153.97999572753906,151.7100067138672,152.7100067138672,21.354238854355437,18.507830881445567,24.124877679642633,25.222745174448765,23.595704599376162
CHTR,2014-08-13,156.27000427246094,153.47000122070312,155.00999450683594,21.492574689896223,18.649599573959584,24.21120551933654,24.323695706804752,23.634207323044603
CHTR,2014-08-14,156.6300048828125,154.3800048828125,156.44000244140625,21.46040199561844,18.709977793929312,24.135520671977815,24.34027295820082,23.607535657447926
CHTR,2014-08-15,160.99000549316406,155.17999267578125,155.61000061035156,21.462620797642522,18.743636138902282,24.04238935121438,24.304127335112106,23.586476838941387
CHTR,2014-08-18,158.02999877929688,155.22000122070312,157.41000366210938,21.59043561030789,18.81813744446114,24.02792708487323,24.312737499955134,23.604376175247047
CHTR,2014-08-19,158.2100067138672,155.60000610351562,156.14999389648438,21.396323014524643,18.661719059251517,23.92170562691111,24.335484572348975,23.617633545668618
CHTR,2014-08-20,158.0800018310547,154.80999755859375,155.77000427246094,20.304356493499238,18.429048243353197,23.90866263324471,24.238115684151282,23.587779305458113
CHTR,2014-08-21,156.8300018310547,155.47000122070312,156.75,20.355246678928523,18.443390974447425,23.90798532910789,24.033541468214715,23.550355948213024
CHTR,2014-08-22,159.1999969482422,155.00999450683594,155.42999267578125,20.450369795565752,18.49009832031328,23.80888291011811,24.059954954555042,23.56400284660706
CHTR,2014-08-25,156.1699981689453,154.47000122070312,155.05999755859375,20.220726631276662,18.50336402048519,23.807530234190242,23.969649409681708,23.540297347708485
CHTR,2014-08-26,155.5800018310547,154.5399932861328,155.27000427246094,20.234918987867008,17.67338023857794,23.68989149406282,23.967569957559824,23.53441289387688
CHTR,2014-08-27,158.0500030517578,155.08999633789062,156.8300018310547,20.42469408226312,17.771172293061348,23.50765925519728,23.98949569107063,23.528062081347123
CHTR,2014-08-28,157.14999389648438,155.8300018310547,156.00999450683594,20.41143112664702,17.817162298764963,22.912215926026242,23.792673944990618,23.517548495950226
CHTR,2014-08-29,156.9600067138672,154.94000244140625,156.8699951171875,20.360783800326914,17.841657803422606,22.778332337164027,23.77951513429038,23.512955969686505
CHTR,2014-09-02,158.67999267578125,156.47999572753906,158.39999389648438,20.54360415630706,17.866178667372164,22.558348096715783,23.78345387492543,23.526718023652407
CHTR,2014-09-03,160.1300048828125,158.25999450683594,159.60000610351562,20.68775310588639,17.910731710199755,22.362835897154962,23.79008635135275,23.503494709285746
CHTR,2014-09-04,159.64999389648438,157.13999938964844,158.14999389648438,20.805491552045446,18.03477873218724,21.849400785281144,23.81899323218441,23.4985282258935
CHTR,2014-09-05,159.0399932861328,157.74000549316406,158.3300018310547,20.751358673083164,18.033415144153597,21.835772790091394,23.78562692488159,23.498531367282535
CHTR,2014-09-08,159.17999267578125,156.88999938964844,157.74000549316406,20.625048225647173,17.928678360843723,21.744303665001773,23.792327684259917,23.502377339600887
CHTR,2014-09-09,157.2100067138672,155.05999755859375,156.52000427246094,20.681070807734404,18.015878348301335,21.80652589290212,23.782963056878184,23.485132126033427
CHTR,2014-09-10,157.99000549316406,156.1199951171875,157.6300048828125,20.773137108774634,18.05895877365668,21.800836332134185,23.7833867805646,23.488110010013834
CHTR,2014-09-11,159.19000244140625,157.1999969482422,158.8000030517578,20.909974832136403,18.08255163581414,20.588224477548195,23.768563597279684,23.465563133872653
CHTR,2014-09-12,159.39999389648438,157.17999267578125,159.10000610351562,15.917529982480794,18.070869757998388,20.21822284721635,23.759619466703437,23.454435626284283
CHTR,2014-09-15,160.00999450683594,157.47999572753906,159.88999938964844,15.237492004684125,18.069663674225346,20.194574828218297,23.763110260889448,23.456348333505193
CHTR,2014-09-16,161.5800018310547,159.82000732421875,161.4199981689453,12.639720227002172,17.921796452222473,20.060468756440486,23.760183725292666,23.471065373027177
CHTR,2014-09-17,162.8800048828125,160.3300018310547,162.19000244140625,11.902201711026423,17.89049726798816,20.042968485070826,23.75944665853532,23.462420212634484
CHTR,2014-09-18,162.49000549316406,161.2100067138672,162.08999633789062,11.588785868320548,17.86536676849862,16.36727347762847,23.663536837163875,23.412187812692654
CHTR,2014-09-19,162.97000122070312,160.8699951171875,162.4199981689453,10.374650023360067,17.835647867477526,15.968902467827531,23.59021192823381,23.40595886046825
CHTR,2014-09-22,162.27999877929688,159.9199981689453,161.14999389648438,10.76717806543054,17.92873437616161,15.894317092407073,23.574948497815626,23.41875241026492
CHTR,2014-09-23,161.24000549316406,156.2899932861328,156.3699951171875,14.215087407297137,18.651837026636404,16.640637175569445,23.82384924466954,23.61826764580049
CHTR,2014-09-24,156.7100067138672,153.38999938964844,155.16000366210938,14.428175296006765,18.1221366960388,16.69815723246187,23.704141245400436,23.56471527019037
CHTR,2014-09-25,155.47000122070312,154.25,154.52999877929688,13.816583708856268,17.93236050650961,16.675667360079277,23.642195202565343,23.475666652845376
CHTR,2014-09-26,157.0,153.69000244140625,156.83999633789062,14.237650515099734,18.0833840926738,16.816607074170673,23.700691975583545,23.47670351511964
CHTR,2014-09-29,156.57000732421875,154.9600067138672,155.5800018310547,14.350052499988042,18.136412266253735,16.846690948663625,23.722320589963683,23.41912920553338
CHTR,2014-09-30,157.52999877929688,150.47999572753906,151.3699951171875,15.980960792017424,18.838780578569594,17.253830282301994,23.871363822843875,23.57138393744485
CHTR,2014-10-01,151.0,147.52999877929688,148.32000732421875,16.80923057982643,19.10005483395478,17.575420218424036,23.851817776343218,23.658058331961453
CHTR,2014-10-02,149.27000427246094,146.66000366210938,148.85000610351562,16.87675270099116,18.51103127280943,17.543767365566985,23.82528501715052,23.62502733134302
CHTR,2014-10-03,153.69000244140625,149.6699981689453,152.6699981689453,18.470764837672967,19.273098597284715,17.956684175035154,23.98403055115698,23.69169419831751
CHTR,2014-10-06,153.9600067138672,152.6300048828125,153.52999877929688,18.419365957052882,19.313201909959403,17.955778257271746,23.98157876594566,23.684605423873265
CHTR,2014-10-07,153.07000732421875,151.49000549316406,151.66000366210938,18.730828510473494,19.34305768505875,18.068013196539177,24.018123085933034,23.718772357550698
CHTR,2014-10-08,154.64999389648438,151.13999938964844,154.25,19.413903410271253,19.69312081658023,18.23806776435944,24.06308336894535,23.76419252697796
CHTR,2014-10-09,154.2100067138672,150.8800048828125,151.35000610351562,19.899228869023393,19.99351114847054,18.472791997932088,24.133013338001096,23.844554681325704
CHTR,2014-10-10,151.89999389648438,147.8000030517578,148.1199951171875,20.733856105156114,20.39931593304159,18.81208220568757,24.20189931507317,23.704814471215375
CHTR,2014-10-13,149.25999450683594,144.3699951171875,144.64999389648438,21.560362243399066,20.81254169390098,19.197753386395377,23.892737442783876,23.826292007673985
CHTR,2014-10-14,146.07000732421875,142.14999389648438,142.97000122070312,21.381025733450237,20.881255948471235,19.287287462806464,23.933352741605237,23.84623068111941
CHTR,2014-10-15,143.25999450683594,138.83999633789062,142.4499969482422,21.126879596594218,20.883298790428526,19.10278526017034,23.899742589664847,23.848679594038284
CHTR,2014-10-16,142.33999633789062,137.50999450683594,140.25,21.349427007526607,21.03462130413093,19.084496979248286,23.967971068345108,23.873507736132286
CHTR,2014-10-17,145.35000610351562,141.17999267578125,143.8000030517578,22.91148688777616,21.73498579697298,19.484325555111383,24.0990807107464,23.984577209406968
CHTR,2014-10-20,148.3000030517578,143.39999389648438,148.17999267578125,24.848949887004785,22.658392980158624,20.030801431337995,24.3408082231126,24.16726606756866
CHTR,2014-10-21,154.17999267578125,148.6699981689453,152.61000061035156,26.402771567036904,23.513803990529038,20.55253717857639,24.47378935762376,24.341715927626474
CHTR,2014-10-22,153.8699951171875,150.6999969482422,151.13999938964844,26.412900514955297,23.561816918050603,20.154963411199777,24.465968443825137,24.360515472184062
CHTR,2014-10-23,156.38999938964844,151.61000061035156,156.0399932861328,28.02816305192698,24.516126103039355,20.771361238171053,24.732334855025226,24.536368587639906
CHTR,2014-10-24,158.1699981689453,156.1699981689453,157.80999755859375,28.231582919666316,22.743933406473516,20.839956176623005,24.75166407259726,24.481401342103364
CHTR,2014-10-27,158.4199981689453,154.94000244140625,156.36000061035156,28.302700625457938,22.615632118471986,20.899143592013978,24.779900159572165,24.497708298875224
CHTR,2014-10-28,159.14999389648438,154.94000244140625,157.39999389648438,28.22377939810079,21.725978161144646,20.883845845242444,24.789323088893383,24.45702470115061
CHTR,2014-10-29,157.0,151.92999267578125,153.7100067138672,28.93103682866005,22.091862395178698,21.235615177704165,24.955120273289953,24.573030905351498
CHTR,2014-10-30,155.6999969482422,150.75,154.39999389648438,28.986634734165477,22.052617602638954,21.245529550369724,23.70532731986173,24.519065887799446
CHTR,2014-10-31,159.10000610351562,155.69000244140625,158.38999938964844,30.024080439663297,22.41572415896466,21.616169245763864,23.88056038705273,24.633186349022022
CHTR,2014-11-03,161.9600067138672,158.30999755859375,161.69000244140625,30.575086809959075,22.773243276130856,21.78623315514228,23.922984797481885,24.543215625320308
CHTR,2014-11-04,162.0500030517578,157.61000061035156,158.44000244140625,29.856480176375428,23.185797303606794,22.042058577982793,24.032778778558267,24.570698937975592
CHTR,2014-11-05,160.49000549316406,157.4600067138672,159.30999755859375,29.786816264722027,23.205779994325326,22.054377549856785,24.01141752845514,24.30918912477779
CHTR,2014-11-06,163.17999267578125,156.14999389648438,158.58999633789062,29.79377201952518,23.037863600928198,22.060583947633276,23.156602424691897,24.253458306687666
CHTR,2014-11-07,162.72999572753906,155.17999267578125,156.3699951171875,29.794775707143557,23.151687397467153,22.176619171905106,23.174381623295613,24.269047818611554
CHTR,2014-11-10,156.27999877929688,145.67999267578125,146.6199951171875,35.101086555407186,26.632817463815666,24.448828709177363,24.335660836326582,25.126089494235575
CHTR,2014-11-11,147.0399932861328,142.3699951171875,146.67999267578125,34.26408080084237,26.507303662716975,24.326629897531678,24.334847758689275,25.111482142857827
CHTR,2014-11-12,150.1300048828125,145.52999877929688,149.00999450683594,34.09419466936019,26.692245867369525,24.4294902938849,24.250723141670257,25.135347295487065
CHTR,2014-11-13,154.4600067138672,149.5,152.72999572753906,34.817934248900514,27.193296547706158,24.737877745585973,24.297396537331473,25.249786735988494
CHTR,2014-11-14,153.75,151.30999755859375,152.10000610351562,34.05664110358933,27.169028146367307,24.72748648992265,24.278448145299077,25.247108353824576
CHTR,2014-11-17,155.47000122070312,152.1199951171875,155.30999755859375,34.564011272610784,27.465916391373458,24.948612579895084,24.289168336477974,25.32451798404892
CHTR,2014-11-18,156.52000427246094,154.5399932861328,155.1199951171875,34.36076175623272,27.462670588628306,24.77631519535063,24.274761481115593,25.31848487416734
CHTR,2014-11-19,158.77999877929688,154.89999389648438,158.6300048828125,34.61869393002477,27.842020606979005,24.771017211275897,24.389681030615492,25.407069337466552
CHTR,2014-11-20,160.83999633789062,157.52999877929688,158.66000366210938,34.10251038569383,27.769436454389258,24.68777349598785,24.389268108543238,25.347718410997054
CHTR,2014-11-21,161.6999969482422,158.17999267578125,160.2899932861328,33.466476685094506,27.820932184699547,24.690873997373583,24.378791197814973,25.364739320090106
CHTR,2014-11-24,164.3800048828125,159.1699981689453,164.27999877929688,33.08866117331136,28.240751025885675,24.99705738429427,24.518336491885275,24.803666062284268
CHTR,2014-11-25,168.97999572753906,164.16000366210938,168.0,33.13739638194491,28.53039292566874,25.183135732887536,24.636086627347606,24.894902837443166
CHTR,2014-11-26,168.72999572753906,165.6699981689453,168.0500030517578,33.06376259453894,28.497790902379087,25.092044764765227,24.58183738227458,24.86256235737316
CHTR,2014-11-28,169.72999572753906,168.22000122070312,169.6999969482422,32.47062018219867,28.478087119313955,24.900416737038427,24.580121460293906,24.8611519521071
CHTR,2014-12-01,169.57000732421875,167.72000122070312,168.49000549316406,32.202517511704166,28.52922236075838,24.92099217771979,24.593017698089472,24.874227191507153
CHTR,2014-12-02,169.85000610351562,167.52999877929688,168.97999572753906,31.340946732984975,28.51424761306223,24.915579855504273,24.584605566576908,24.804421104259887
CHTR,2014-12-03,169.47999572753906,167.41000366210938,167.77999877929688,30.581433145726518,28.506035097152704,24.907491143700362,24.605017094606442,24.66959863623653
CHTR,2014-12-04,167.94000244140625,165.5,166.5,30.513248274390577,28.535383825836576,24.932420247007897,24.629209787223015,24.684904838950953
CHTR,2014-12-05,168.22000122070312,166.74000549316406,167.61000061035156,29.304465619616582,28.528515470407743,24.94116635744967,24.63445005135167,24.6262299385156
CHTR,2014-12-08,167.88999938964844,165.8699951171875,166.5500030517578,29.284754439058496,28.566199357072207,24.943447723256877,24.600879758344238,24.635964104309473
CHTR,2014-12-09,166.42999267578125,163.69000244140625,165.91000366210938,29.149901126837683,28.568013657984046,24.92757466560946,24.548007449925812,24.63987752461902
CHTR,2014-12-10,167.0500030517578,163.89999389648438,164.3000030517578,29.308864472010125,28.584415078701745,24.951136825597047,24.557587477079366,24.51792740237716
CHTR,2014-12-11,165.52999877929688,163.77999877929688,164.16000366210938,28.336753212509997,28.570113908190542,24.949568153192338,24.478495430191845,24.50553173934121
CHTR,2014-12-12,164.14999389648438,161.6300048828125,162.9499969482422,28.46228269009315,28.61217834878056,24.97416187894116,24.484455829556083,24.506304579658718
CHTR,2014-12-15,167.49000549316406,160.2899932861328,161.00999450683594,27.81430654140315,28.715375406515193,25.035467545272855,24.53003793841449,24.536154513544016
CHTR,2014-12-16,162.67999267578125,159.61000061035156,160.58999633789062,27.16475546849525,28.67538419513845,24.996294713172734,24.439638392328092,24.537573285999958
CHTR,2014-12-17,163.4499969482422,158.0,162.25,26.641822005553777,28.055458330176307,25.035900557010415,24.453952986428405,24.533712564788797
CHTR,2014-12-18,165.41000366210938,161.19000244140625,162.3000030517578,26.60494787401066,28.001152587775323,25.029517066434927,24.39662416550395,24.533614708454223
CHTR,2014-12-19,164.8300018310547,161.3000030517578,164.6300048828125,26.844932110904253,28.118019606191996,25.129450214151312,24.337335634744093,24.54820777015769
CHTR,2014-12-22,166.3000030517578,163.67999267578125,164.99000549316406,26.44810705423362,27.972304724369312,24.022466999239825,24.020140918177756,24.541175143380126
CHTR,2014-12-23,168.75999450683594,165.00999450683594,167.77000427246094,17.869896727815167,28.09576505530843,24.02828764798796,24.00443599408361,24.573054105345587
CHTR,2014-12-24,168.7100067138672,167.0,167.4600067138672,17.926634201839068,27.46199325899137,23.534577169107983,23.867994103784383,24.56814491108513
CHTR,2014-12-26,168.72000122070312,166.66000366210938,168.1699981689453,17.601146339481456,27.07882440386131,23.42916396637195,23.769898781893847,24.56970329318569
CHTR,2014-12-29,169.63999938964844,166.91000366210938,169.22999572753906,16.50132029220944,27.09085770892672,23.403593547358646,23.484798699978494,24.558448915584165
CHTR,2014-12-30,169.5399932861328,167.77000427246094,168.9199981689453,16.42312170887949,26.665929191682597,23.259645685051623,23.478187541249163,24.556480966380967
CHTR,2014-12-31,169.8000030517578,166.36000061035156,166.6199951171875,16.300384660891982,26.837827856095576,23.372204292152237,23.499135729751448,24.53210548025291
CHTR,2015-01-02,167.3000030517578,164.52999877929688,166.42999267578125,16.298821357842062,26.6932124315684,23.372957536387347,23.50118393162104,24.483403150860127
CHTR,2015-01-05,166.4199981689453,159.72000122070312,160.5,18.720990254979142,27.595776516392906,24.104987251033094,23.92669143553468,24.738274881310424
CHTR,2015-01-06,161.8300018310547,155.85000610351562,156.30999755859375,20.273895983338715,27.864159500886636,24.367729247949672,23.52049487423713,24.86033465362064
CHTR,2015-01-07,160.11000061035156,155.5,156.7899932861328,20.05000903147496,27.48404927098508,24.32890263812778,23.326050061549743,24.763562188176174
CHTR,2015-01-08,165.66000366210938,157.61000061035156,162.94000244140625,21.893388153195055,28.050115238994206,25.066265863653236,23.722910557050177,25.006635951372235
CHTR,2015-01-09,164.1999969482422,161.8300018310547,161.97999572753906,20.85960460887064,27.954768109051987,25.023396800115634,23.65013478740484,25.015078805317188
CHTR,2015-01-12,164.3699951171875,160.77000427246094,163.85000610351562,21.179381404204747,27.99426734063753,25.04992628972664,23.674075008492174,25.037277385062623
CHTR,2015-01-13,167.05999755859375,163.2899932861328,164.39999389648438,20.98060646934864,27.74504671207627,25.04961463732831,22.020277748835984,24.980444887965163
CHTR,2015-01-14,161.7899932861328,155.8000030517578,158.1300048828125,23.63004295549795,28.622124934852145,25.800984258883997,22.370532451406977,25.194226271263638
CHTR,2015-01-15,161.33999633789062,156.5,160.49000549316406,24.09738628703905,28.143172512066695,25.86918845279164,22.380628131039973,25.214032991122217
CHTR,2015-01-16,161.32000732421875,158.77000427246094,161.11000061035156,24.093414596270495,27.53273177738787,25.87154965217951,22.365521540936122,25.20114257734405
CHTR,2015-01-20,162.4199981689453,155.5,156.1300048828125,25.57053363547278,28.240004227848846,26.35811272288654,22.686883867739237,25.3986573287724
CHTR,2015-01-21,157.57000732421875,154.10000610351562,155.75,25.434419929642406,27.477633072694786,26.312601856684836,22.669943024505237,25.392121864247684
CHTR,2015-01-22,159.25,155.4600067138672,158.99000549316406,26.260202282566542,27.706595321045448,26.50217051986934,22.792158122247592,25.448836903113246
CHTR,2015-01-23,159.75999450683594,156.74000549316406,158.92999267578125,26.253040043951685,27.638243526023004,26.488624388501925,22.776671507343806,25.419946784048168
CHTR,2015-01-26,159.89999389648438,157.05999755859375,158.17999267578125,26.154934645164396,27.624679770431644,26.45489754019657,22.706821762638143,25.374457653931053
CHTR,2015-01-27,159.3699951171875,156.02000427246094,156.42999267578125,26.309838156033088,27.279499128355116,26.485092279202888,22.747290043820986,25.077708155385174
CHTR,2015-01-28,157.97000122070312,150.4499969482422,150.60000610351562,28.31168331081671,28.367344727469774,27.12108401152607,23.188673130616678,25.370575030319024
CHTR,2015-01-29,152.82000732421875,150.0,152.08999633789062,28.391780321928422,27.934067203711972,27.169560064352126,23.210341890171755,25.36353277389643
CHTR,2015-01-30,152.44000244140625,149.47000122070312,151.1199951171875,28.42122496655321,27.601053783206925,27.181168107827475,23.22020582294318,25.370187538334005
CHTR,2015-02-02,154.30999755859375,150.2899932861328,154.0,28.850611100837742,27.606327478529103,27.326801465378463,23.31368762182522,25.4030427835707
CHTR,2015-02-03,158.72000122070312,154.33999633789062,157.97000122070312,29.906757830588028,28.089552792274475,27.605055099967068,23.494500152599482,25.515955182335958
CHTR,2015-02-04,168.86000061035156,157.50999450683594,163.19000244140625,31.152757572429202,28.85754066638629,28.059969860457514,23.774204860684804,25.64238519608077
CHTR,2015-02-05,176.35000610351562,165.0,174.3000030517578,36.58584946576245,31.65032453702728,29.92926183137244,24.98562279062788,26.432189850904646
CHTR,2015-02-06,175.8000030517578,172.36000061035156,173.42999267578125,36.35902031022133,28.53226709684773,29.93678157041607,24.991832639622128,26.429192815143715
CHTR,2015-02-09,173.8800048828125,171.35000610351562,172.13999938964844,36.4350509565407,28.605987923715954,29.93243458015819,25.008519772434102,26.434824794954476
CHTR,2015-02-10,176.17999267578125,171.91000366210938,175.88999938964844,36.9145038811372,28.74347124880145,30.109378425795764,25.051444057483852,26.51542775742567
CHTR,2015-02-11,177.16000366210938,174.35000610351562,175.2899932861328,36.91225025589226,28.403940099806906,30.11603912212469,24.992609040690407,26.518842821443915
CHTR,2015-02-12,177.72999572753906,175.1300048828125,177.02999877929688,36.98534821051527,28.41361163372053,30.15005318583841,25.010415024526228,26.53168498897723
CHTR,2015-02-13,178.0800018310547,176.30999755859375,177.8800048828125,36.70913597678951,28.15984670129927,30.123848315183753,24.99888633697506,25.692827335876363
CHTR,2015-02-17,177.69000244140625,174.33999633789062,176.4499969482422,36.818411393196286,28.23092530854702,29.745494684761002,25.022116776104987,25.708912636879166
CHTR,2015-02-18,177.0800018310547,173.8300018310547,174.2899932861328,35.27913206960674,28.063990249203908,29.789169493488092,24.873231085626383,25.698687634617684
CHTR,2015-02-19,175.47999572753906,172.61000061035156,174.52999877929688,34.18251603927963,28.062551476405012,29.777367953033984,24.873222416870934,25.682051409884554
CHTR,2015-02-20,176.0,172.50999450683594,175.88999938964844,34.202335472085345,28.034756239799435,29.716103655625187,24.88612318519373,25.672859147982148
CHTR,2015-02-23,176.6699981689453,174.47999572753906,175.8800048828125,32.59639784324308,27.62159410739347,29.68007834913881,24.886424648312413,25.099054669084797
CHTR,2015-02-24,177.99000549316406,175.11000061035156,177.77000427246094,32.57717797325469,27.33964666385207,29.358284114918394,24.897376268505013,25.080063332039547
CHTR,2015-02-25,182.25999450683594,175.4600067138672,182.2100067138672,33.09220909768448,27.7679961615429,29.370945164213534,25.053392606962078,25.108603068120228
CHTR,2015-02-26,183.22999572753906,180.1699981689453,182.17999267578125,33.10963954506162,27.7138840178251,29.372038592958887,25.053858908873615,25.10812578944276
CHTR,2015-02-27,183.24000549316406,179.80999755859375,180.60000610351562,30.836050968085072,27.73568749279118,29.180664185500888,25.080561865242,25.032265585490148
CHTR,2015-03-02,186.0399932861328,179.4600067138672,185.9499969482422,31.530649133482807,28.323471633029566,29.49988808353438,25.268365854443864,25.109949864895363
CHTR,2015-03-03,187.75999450683594,183.86000061035156,186.9600067138672,31.529367280742264,28.27511156935118,29.417078316232846,25.27245234204357,25.092527426932236
CHTR,2015-03-04,187.1999969482422,183.67999267578125,185.74000549316406,29.815193109367062,28.260138732528706,29.351620320849364,25.289319686562926,25.037722467163825
CHTR,2015-03-05,186.97999572753906,182.8300018310547,184.47999572753906,29.94656727962266,28.29653877098513,29.194840070663087,25.301405453323554,25.03923657935743
CHTR,2015-03-06,184.99000549316406,182.3699951171875,183.52000427246094,29.760800055868447,28.283967968294327,28.97360296799508,25.310030056221215,25.03682891398193
CHTR,2015-03-09,184.27999877929688,183.0,184.02999877929688,29.727306553663336,28.261850432956592,28.67566384041032,25.306544524682543,25.0367948845728
CHTR,2015-03-10,183.52000427246094,180.66000366210938,181.33999633789062,30.146492746101934,28.366321236523557,28.717760022829076,25.321752950247518,25.066358535072958
CHTR,2015-03-11,183.3000030517578,180.0500030517578,182.61000061035156,29.782691316745996,28.382275701725025,28.710576041099273,25.32026304314184,25.060935455333684
CHTR,2015-03-12,196.0,183.6300048828125,193.4600067138672,30.64020171841644,30.538701120800916,29.871334729311815,26.186488095052596,25.679989776426183
CHTR,2015-03-13,195.17999267578125,190.0800018310547,191.1300048828125,31.202949917599952,30.541619948504117,29.76332226196721,26.228611966633935,25.679250202536718
CHTR,2015-03-16,192.14999389648438,189.75999450683594,191.3800048828125,30.981353721017395,30.52219448543919,29.443683301100393,26.228175078776296,25.665194347089006
CHTR,2015-03-17,190.8300018310547,187.58999633789062,188.6199951171875,31.459280423025803,30.68970818087441,29.248067722185837,26.21390515434927,25.709863139648842
CHTR,2015-03-18,189.99000549316406,186.91000366210938,189.32000732421875,30.96389376601959,30.68719357243585,29.187755152639323,26.090683846712327,25.704687326778163
CHTR,2015-03-19,190.00999450683594,187.0500030517578,188.17999267578125,30.103421677167365,30.638863430244466,28.825785245730597,26.066666808744525,25.71512285996822
CHTR,2015-03-20,190.0,188.3800048828125,189.00999450683594,23.89016569701099,30.642095134841856,28.789307731034985,26.04788804307675,25.716663241941195
CHTR,2015-03-23,190.7899932861328,188.47000122070312,188.8699951171875,23.80248579631237,30.499122144602275,28.737975775432023,26.047750007791027,25.716231205902684
CHTR,2015-03-24,188.8699951171875,186.27000427246094,187.67999267578125,23.76166097936571,30.536806582251465,28.757123481885916,26.02513996992843,25.693160341037423
CHTR,2015-03-25,188.58999633789062,182.83999633789062,183.0,24.42866741621612,31.03440725160313,28.792628887517907,26.15777758247697,25.791764640115016
CHTR,2015-03-26,182.8000030517578,178.69000244140625,181.75,24.50677748411033,31.063040633833182,28.82142027441174,26.050926354555386,25.78712334771579
CHTR,2015-03-27,183.11000061035156,179.9499969482422,180.0,24.560750955647627,31.13712056518365,28.619814911608536,26.075309228063954,25.757387361255063
CHTR,2015-03-30,183.97000122070312,181.1699981689453,183.38999938964844,25.09171322121141,31.18795059586199,28.587733919770443,26.15788474492124,25.80213313634368
CHTR,2015-03-31,199.0,192.63999938964844,193.11000061035156,28.89326074608705,32.82321070637811,29.474152426828187,26.827902425549695,26.278796376836226
CHTR,2015-04-01,193.8000030517578,189.44000244140625,190.6300048828125,28.9218334904348,31.983514909884143,29.56319792327039,26.87306328876573,26.258600171104057
CHTR,2015-04-02,191.97999572753906,189.57000732421875,189.5800018310547,29.02417476315089,31.447137185998447,29.569028546334092,26.878810430681842,26.26322893902871
CHTR,2015-04-06,193.36000061035156,189.41000366210938,193.19000244140625,29.36681837079607,31.61013738126433,29.581317787701572,26.95109386773001,26.28011881722815
CHTR,2015-04-07,193.97999572753906,189.66000366210938,189.75,29.98774651507649,31.052695460310492,27.788852520969854,27.033787947588568,26.28279307343348
CHTR,2015-04-08,190.94000244140625,187.85000610351562,190.77999877929688,29.90188787488443,31.00779496382819,27.790262804695026,27.02310517854857,26.07535498389671
CHTR,2015-04-09,192.0,189.55999755859375,190.92999267578125,29.14470192862687,30.95629207554425,27.711709466242617,27.02108655354314,26.02265603330344
CHTR,2015-04-10,191.94000244140625,189.8800048828125,191.80999755859375,29.152927008809073,30.95872753463767,27.485070778003667,27.023810312355735,25.932307986372553
CHTR,2015-04-13,193.8000030517578,188.72000122070312,189.02000427246094,29.387532326052657,29.9548446950105,27.598026714846867,27.082908034692675,25.91875231483261
CHTR,2015-04-14,191.97000122070312,189.2899932861328,190.88999938964844,28.319873420285013,29.888183494114717,27.462805402979356,27.077413224700475,25.742352946458425
CHTR,2015-04-15,191.85000610351562,189.66000366210938,189.91000366210938,28.338116259978325,29.932687189897184,27.48181070994879,27.076688640686875,25.74464261460146
CHTR,2015-04-16,190.64999389648438,188.89999389648438,190.36000061035156,28.262564154150937,29.075411892549457,27.287499970238933,27.075371656807622,25.710932439790408
CHTR,2015-04-17,189.0500030517578,182.4600067138672,186.74000549316406,28.776691515120767,29.41770903496484,27.489892354537794,27.177836878057377,25.796904364500218
CHTR,2015-04-20,189.47000122070312,183.7100067138672,183.8800048828125,29.100689652924427,29.425374931558316,27.587299806130726,26.676484119871404,25.851212708370596
CHTR,2015-04-21,187.3800048828125,183.58999633789062,186.80999755859375,29.449236342847502,29.54628046847495,27.434028955124028,26.66819840800052,25.472856245801793
CHTR,2015-04-22,187.17999267578125,184.5800018310547,184.88999938964844,29.27887897254871,29.628569166416863,27.284583827387475,26.459501752829183,25.375656729642987
CHTR,2015-04-23,188.8300018310547,182.64999389648438,183.5800018310547,29.298824928185503,29.560481592860526,27.31447494014191,26.42013526833127,25.379120023682788
CHTR,2015-04-24,188.8699951171875,180.5500030517578,185.75,24.004707789865456,28.372744468321642,27.33268041517547,26.430160787049562,25.34258668293039
CHTR,2015-04-27,186.27000427246094,180.52000427246094,182.9600067138672,24.13780116069462,28.59495891003016,27.421761797453577,26.427255768858053,25.391470559060853
CHTR,2015-04-28,184.3300018310547,179.77000427246094,182.3000030517578,24.13098207545125,28.561213395284486,27.428696361121062,26.430292798675552,24.314244710566605
CHTR,2015-04-29,188.5399932861328,181.94000244140625,188.3000030517578,25.727919229394054,29.009891486269655,27.853362460825743,26.689225344604072,24.414787917927004
CHTR,2015-04-30,194.0,186.60000610351562,187.05999755859375,25.77047349534122,28.709141838206026,27.845395431081503,26.70496944409541,24.391972429280788
CHTR,2015-05-01,188.5,181.1999969482422,187.44000244140625,25.723102879214977,28.034302237729104,27.831909848528095,26.654536343807532,24.381470506428126
CHTR,2015-05-04,191.89999389648438,187.3000030517578,187.49000549316406,25.687686970592168,24.708717758343976,27.806564212865965,26.63713334006821,24.380250119444433
CHTR,2015-05-05,189.0,185.3699951171875,185.6999969482422,25.82954459725863,24.77586590612817,27.84794551462574,26.656212265845824,24.39264670548608
CHTR,2015-05-06,186.25,183.08999633789062,183.91000366210938,25.91299808243322,24.812948799301292,27.847295893796353,26.65638810022487,24.416547767658354
CHTR,2015-05-07,184.61000061035156,182.6199951171875,182.9600067138672,24.89166712452145,24.474467821575153,27.863590925185783,26.645095314336565,24.41511202380135
CHTR,2015-05-08,186.25999450683594,180.05999755859375,180.6699981689453,25.08377624658736,24.611620755452503,27.916029935940713,26.689973639120122,24.398803865318392
CHTR,2015-05-11,183.10000610351562,178.5800018310547,178.77999877929688,25.112549715893763,24.634728776391825,27.899660215781342,26.715636512756628,24.424661096507954
CHTR,2015-05-12,181.5,175.9499969482422,177.33999633789062,24.55497303582139,24.672771853217423,27.931458502978717,26.713883154480694,24.43039692994645
CHTR,2015-05-13,179.8000030517578,177.05999755859375,177.41000366210938,18.80483506757181,24.61615722838413,27.891807575903215,26.711343505604695,24.42664839761435
CHTR,2015-05-14,179.1199951171875,176.5500030517578,176.7899932861328,18.561827726627282,24.492356173109485,27.90039452929049,26.715969645951574,24.426749928024535
CHTR,2015-05-15,181.74000549316406,177.13999938964844,181.1999969482422,20.129026553215155,24.997337396922926,28.07549430478109,26.84340760377314,24.536472100917255
CHTR,2015-05-18,182.16000366210938,180.00999450683594,181.0500030517578,19.184312787962384,24.9545365323601,28.076220364036026,26.83449322592171,24.535506302308622
CHTR,2015-05-19,182.85000610351562,180.82000732421875,181.63999938964844,18.64352655916636,24.960704828522896,27.964746092564425,26.83030831111541,24.52416672845378
CHTR,2015-05-20,181.0,176.77999877929688,176.9499969482422,19.83992555643638,25.457998454619325,28.287658873629802,26.998057121526937,24.674655213286414
CHTR,2015-05-21,179.44000244140625,176.74000549316406,178.64999389648438,20.12748489895833,25.015177578589924,28.317949064670024,27.006387952096578,24.686579428263812
CHTR,2015-05-22,181.6199951171875,174.5800018310547,175.3300018310547,20.573780429385828,25.298600856851323,28.468745191509704,27.079306705762363,24.76273343956528
CHTR,2015-05-26,183.92999267578125,172.38999938964844,179.77999877929688,21.801680514357574,25.78063354229509,28.7350903804881,27.23387318364532,24.825888412553248
CHTR,2015-05-27,180.3000030517578,176.08999633789062,178.25,21.60832852806756,25.101831496426776,28.68118023327581,27.250869111350024,24.79580571873451
CHTR,2015-05-28,178.3699951171875,172.1699981689453,176.36000061035156,21.73052792324422,25.150546522783625,28.73627035829634,27.265648156754157,24.819516171984308
CHTR,2015-05-29,179.30999755859375,175.02000427246094,179.02000427246094,22.274373989511083,25.33278090483036,28.209773858681935,27.30778488059058,24.849855286093092
CHTR,2015-06-01,181.89999389648438,177.3800048828125,179.14999389648438,21.68180378960385,25.30114874976968,27.86205278616168,27.296188642466042,24.848958681476645
CHTR,2015-06-02,179.97999572753906,175.9499969482422,176.30999755859375,21.71308841207499,25.482546885556545,27.99615128122789,27.366743249928422,24.76033536343413
CHTR,2015-06-03,178.08999633789062,170.69000244140625,171.24000549316406,22.51448311538267,26.13127132943611,27.760593187121813,27.586877479037554,24.940155751440003
CHTR,2015-06-04,172.36000061035156,170.0,171.3300018310547,22.422831871805222,25.98061694967937,27.74158298590218,27.565431584953792,24.939882589013447
CHTR,2015-06-05,174.24000549316406,170.08999633789062,173.97000122070312,22.959528597020533,26.144253835213167,27.786343489970672,27.61737126514392,24.983129679366556
CHTR,2015-06-08,173.42999267578125,170.00999450683594,171.08999633789062,22.981553778473778,23.325057609664118,27.91769231659977,27.69102751425234,25.030867452324095
CHTR,2015-06-09,173.7100067138672,168.83999633789062,173.0,23.010009631411787,23.382257951093006,27.246936438742768,27.71979170726305,25.052616530275618
CHTR,2015-06-10,174.0500030517578,171.69000244140625,172.38999938964844,23.0094828454993,23.377052179338147,27.16395854590518,27.70651349602521,25.055975369894075
CHTR,2015-06-11,173.94000244140625,171.6300048828125,173.9199981689453,20.87742705334593,23.321568714928723,27.190107526881864,27.48557207294414,25.069136953667186
CHTR,2015-06-12,173.99000549316406,170.2100067138672,172.25999450683594,20.94438792576319,23.357575720485826,26.75029371640365,27.494219125456194,25.069523632196272
CHTR,2015-06-15,172.05999755859375,170.0,171.19000244140625,20.917487660170167,23.359168557024365,26.769414046422185,27.500556407556196,25.07782638852572
CHTR,2015-06-16,172.75999450683594,169.27999877929688,169.97000122070312,20.926614940672057,23.352876918495525,26.613005642634878,27.46298591142706,25.089317883504087
CHTR,2015-06-17,171.22999572753906,169.50999450683594,170.00999450683594,20.86233592345483,23.35557048215765,26.61257073083721,27.444318861070776,25.086268843321353
CHTR,2015-06-18,171.6999969482422,169.1699981689453,170.4600067138672,20.822024189214535,23.352949268531884,26.60019590577778,27.243461323093527,25.08420471217715
CHTR,2015-06-19,171.35000610351562,169.44000244140625,169.6699981689453,20.816702382915114,22.83783922672693,26.546411975538692,27.136061716267925,25.087491243750264
CHTR,2015-06-22,172.0399932861328,169.85000610351562,170.30999755859375,20.667684908255442,22.830439596952882,25.810510270890397,27.136361413007165,25.046825496114266
CHTR,2015-06-23,172.4499969482422,169.75,170.08999633789062,20.50847214344352,22.760226636501375,25.776415249760316,26.979097185644402,25.037793751311554
CHTR,2015-06-24,170.3300018310547,168.0,168.47999572753906,20.551335562622512,22.454090670220918,25.804238850631194,26.998864135207622,25.05410351919736
CHTR,2015-06-25,170.07000732421875,166.75,167.83999633789062,20.550042612300487,19.54482962155612,25.656975860534132,26.96108186792157,25.05095256349096
CHTR,2015-06-26,172.75999450683594,167.24000549316406,171.5,21.63124413827328,20.01953913767108,25.56954775145206,27.006282232884704,25.14027452162186
CHTR,2015-06-29,171.24000549316406,166.5399932861328,168.5399932861328,20.71174171329862,20.261669758070262,25.220400378338393,26.99090697639678,25.13822177441714
CHTR,2015-06-30,171.32000732421875,168.27000427246094,171.25,21.38345513245295,20.14229280082116,23.071877516676327,26.92207509063133,25.087801795888236
CHTR,2015-07-01,173.82000732421875,168.72999572753906,173.58999633789062,21.802658668497813,20.112095837201068,23.16121265970937,26.805316661307995,25.092406597957662
CHTR,2015-07-02,174.99000549316406,171.4600067138672,171.8000030517578,20.70390783877177,20.14092005743601,23.189586014557754,26.796986945886637,25.09640933767441
CHTR,2015-07-06,174.07000732421875,170.02000427246094,174.07000732421875,20.88668808932022,20.364736696624483,23.028121940075113,26.829339601025616,25.128442807465913
CHTR,2015-07-07,175.89999389648438,170.3000030517578,174.9199981689453,20.240448906653057,20.368324415253465,23.03535481772902,26.759363513757854,25.108087457695564
CHTR,2015-07-08,174.3800048828125,170.55999755859375,172.27000427246094,19.237450472778146,20.38557166173623,23.106018403423903,26.679806708500898,25.12170182132538
CHTR,2015-07-09,175.3699951171875,171.5500030517578,172.64999389648438,19.143573317814614,20.262983351101347,23.095238421651647,26.456219855053686,25.027972608038752
CHTR,2015-07-10,177.38999938964844,173.52000427246094,177.38999938964844,20.571810393458946,21.08691032988993,23.465369575019604,26.421552257298774,25.168002823648056
CHTR,2015-07-13,178.94000244140625,175.52999877929688,178.5399932861328,20.1849235085926,21.13262264904165,23.40265451104074,26.400134217334738,25.172060719720058
CHTR,2015-07-14,179.7899932861328,176.52000427246094,177.0800018310547,20.31929217048358,20.848009958232876,23.44027281372479,26.16303778378529,25.17249470331131
CHTR,2015-07-15,182.39999389648438,175.07000732421875,181.0,20.75424281266784,21.13699928271888,23.663487841083235,26.253453130827275,25.261942085845256
CHTR,2015-07-16,184.13999938964844,181.41000366210938,183.1300048828125,18.910244020508966,21.01999523353126,23.732636605457305,26.258104270906234,25.28278161413186
CHTR,2015-07-17,185.9600067138672,182.0800018310547,185.6699981689453,19.193750594791496,21.110539286137538,23.771701211070095,26.293723648779427,25.309557523880066
CHTR,2015-07-20,187.6999969482422,185.0399932861328,187.50999450683594,18.9466288081183,21.150463534894566,23.502129042939764,26.1505320436755,25.318453580172406
CHTR,2015-07-21,188.8699951171875,184.6199951171875,185.27000427246094,18.580021769824096,21.164299135112426,23.58310909283096,26.19337433744564,25.338306886491818
CHTR,2015-07-22,186.66000366210938,184.75,186.05999755859375,18.41474392581795,20.945688926050167,23.5486468180365,26.03371422382754,25.339905780584438
CHTR,2015-07-23,186.83999633789062,182.8000030517578,183.75999450683594,18.841138904438115,21.09331909581136,23.172695883939525,25.97486135253833,25.37210553487798
CHTR,2015-07-24,186.89999389648438,183.5,184.3300018310547,18.736744144059596,20.00675845406959,23.161513803511077,25.855616979249824,25.370313258762422
CHTR,2015-07-27,186.13999938964844,180.25999450683594,181.8800048828125,18.9701221197258,20.14484420088735,23.234905829461923,25.904245199275877,25.389521387727225
CHTR,2015-07-28,184.91000366210938,182.0,184.6699981689453,19.197468831346285,20.394627609933455,23.33864824398298,25.95310672297569,25.425603586898678
CHTR,2015-07-29,187.00999450683594,181.6199951171875,184.35000610351562,19.023543682570548,20.396592766275194,23.325335055207223,25.894051501315907,25.424755795231825
CHTR,2015-07-30,188.5500030517578,182.97999572753906,187.9600067138672,19.608540941074164,20.69426863950909,23.523179349049048,24.793910277691655,25.493655734958665
CHTR,2015-07-31,189.99000549316406,185.5,185.86000061035156,20.05914663381165,20.728300149612107,23.47324787667864,24.83857171704763,25.092317418462386
CHTR,2015-08-03,189.6199951171875,185.92999267578125,187.30999755859375,19.976837951689447,20.755299860694247,23.47936829221545,24.79110659272185,25.053938363764612
CHTR,2015-08-04,192.27000427246094,183.1999969482422,191.5,20.70932260200706,21.04497443649711,21.887850681288437,24.75922801585007,24.958565602454915
CHTR,2015-08-05,195.4600067138672,183.4600067138672,188.5500030517578,21.41858249209541,21.186287998015587,21.942082635365953,24.830723012547327,24.970146403510597
CHTR,2015-08-06,189.36000061035156,175.10000610351562,187.25,21.295269510838878,21.166490340187135,21.967152763592793,24.738066527954494,24.96712813149527
CHTR,2015-08-07,187.9199981689453,179.5500030517578,183.85000610351562,22.128752168384857,21.530334416301127,22.03827723031399,24.842613722482998,24.987421305827805
CHTR,2015-08-10,187.66000366210938,183.91000366210938,184.82000732421875,21.43566836497274,21.53404264448597,22.046789201561225,24.716974224965888,24.989085343895034
CHTR,2015-08-11,185.0,180.27999877929688,181.3300018310547,21.574004169492415,21.323996229212884,22.23017321433576,24.828933962684633,25.067011531293083
CHTR,2015-08-12,182.3000030517578,177.9499969482422,181.05999755859375,21.213899375281233,21.325541708916713,22.217652005175232,24.804644824764893,25.06769046327473
CHTR,2015-08-13,182.13999938964844,179.13999938964844,180.63999938964844,20.94969907392959,21.319833330948516,22.21963408018592,24.643286424990148,25.028426488349236
CHTR,2015-08-14,180.97000122070312,178.35000610351562,179.82000732421875,20.734359306483473,20.640451859402383,22.209491437135263,24.512601731112333,25.01885787400034
CHTR,2015-08-17,187.66000366210938,179.61000061035156,186.97999572753906,23.208207396807843,22.04415837370394,22.719686072540096,24.935908566447388,25.306014884065693
CHTR,2015-08-18,189.24000549316406,185.49000549316406,188.80999755859375,23.29625521199277,21.73797628411232,22.740956232935666,24.935748144622387,25.29909901449073
CHTR,2015-08-19,192.3699951171875,187.00999450683594,188.1999969482422,22.751499095352482,21.17946007957995,22.69139351312341,24.922910399811915,25.286964341164996
CHTR,2015-08-20,187.5500030517578,182.74000549316406,182.74000549316406,24.613816107659815,21.989117566455267,22.99136500092444,25.17365870930966,25.464598141767237
CHTR,2015-08-21,181.5399932861328,175.8699951171875,177.52999877929688,24.982797425790793,22.6894702152902,21.91366857754764,25.396973760395504,25.629067822236085
CHTR,2015-08-24,173.8699951171875,161.91000366210938,171.5,26.825218698955105,23.55767675617622,22.479035357810844,25.713285261908837,25.852501428772577
CHTR,2015-08-25,177.2899932861328,171.2899932861328,171.2899932861328,26.746044256195134,23.55597235353639,22.46765229222591,25.702221722360687,25.851513372618918
CHTR,2015-08-26,177.91000366210938,171.6999969482422,177.60000610351562,28.099330567240838,24.52079303940523,23.018870313362193,26.04180818261789,26.097833486565108
CHTR,2015-08-27,182.63999938964844,177.72999572753906,181.64999389648438,28.68289004649919,24.169827961589714,23.149739147536085,26.1687748351978,26.173597738670423
CHTR,2015-08-28,181.58999633789062,178.30999755859375,181.58999633789062,28.372357386100962,24.17115709967841,23.130742783341656,26.140525863927717,26.167230110585677
CHTR,2015-08-31,182.5500030517578,179.69000244140625,181.61000061035156,28.195938460336034,23.98648036126419,23.130039957248762,26.140043879976687,26.16265776231481
CHTR,2015-09-01,186.0800018310547,176.89999389648438,177.75999450683594,28.641889752261257,24.152286694793446,23.35191351362939,26.252644089592113,26.23877030820152
CHTR,2015-09-02,180.64999389648438,177.11000061035156,179.67999267578125,28.81401101005256,24.14575917904415,23.31531917219171,26.23846691103489,26.249384074456973
CHTR,2015-09-03,184.35000610351562,180.75999450683594,182.8800048828125,29.10912115046421,24.37893522284689,23.43619608228149,26.312891712570185,26.287659347796595
CHTR,2015-09-04,183.97000122070312,179.92999267578125,183.02000427246094,29.09428985697671,24.32396175525235,23.42468731358434,26.288287855680988,26.287605936502167
CHTR,2015-09-08,186.82000732421875,183.10000610351562,186.30999755859375,29.27410445573161,24.469567888012424,23.598374040678127,26.366411784459448,26.340422797022544
CHTR,2015-09-09,188.99000549316406,184.8300018310547,185.0500030517578,29.025879185427918,24.477133199761074,23.425814459869656,26.332394454576747,26.33746234455787
CHTR,2015-09-10,186.41000366210938,182.69000244140625,184.2899932861328,29.046928168007163,24.440243704030955,23.30571347124618,26.337775048611416,26.333909854673166
CHTR,2015-09-11,185.50999450683594,182.0,184.4499969482422,28.4618960379402,24.43935724335947,23.16838665537226,26.26809728320303,26.32513817546027
CHTR,2015-09-14,185.1999969482422,183.63999938964844,184.57000732421875,28.284899748776237,24.438295282599487,23.110788381185174,26.266579191020394,26.32481870310996
CHTR,2015-09-15,188.52000427246094,183.00999450683594,188.50999450683594,28.871762108292724,24.738111027725537,23.323808633134973,26.375799054045974,26.401274225769093
CHTR,2015-09-16,189.3800048828125,185.4499969482422,187.86000061035156,28.12717294425816,24.757289547904183,23.258009731576536,26.371602342725904,26.38939228510057
CHTR,2015-09-17,193.94000244140625,188.0800018310547,192.22000122070312,28.564453190324784,25.130329697960075,23.407611865328175,26.502304697697397,26.480648143635538
CHTR,2015-09-18,193.86000061035156,190.02000427246094,191.38999938964844,28.514677919334463,25.050910654183507,23.411072401586562,26.453605835681127,26.4850634567349
CHTR,2015-09-21,195.0,191.6999969482422,194.5,28.26103535547288,25.18188797885213,22.985533452035618,26.514811716574638,26.529817531851986
CHTR,2015-09-22,194.27999877929688,191.55999755859375,193.4199981689453,28.32256061214563,24.914805380245326,22.978150086963243,26.155650795221618,26.523401779331557
CHTR,2015-09-23,193.92999267578125,190.9199981689453,191.3800048828125,27.89120318292201,24.72658527017127,23.041845092604753,25.987831361298277,26.36698809344243
CHTR,2015-09-24,192.6999969482422,184.0,184.92999267578125,29.782455454472682,25.65212235762938,23.68344067364847,26.322151418179157,26.585928637507592
CHTR,2015-09-25,187.38999938964844,181.75,183.52999877929688,29.868209356256436,25.585702361966646,23.665285475768126,25.958663435094252,26.594624744708412
CHTR,2015-09-28,184.82000732421875,171.41000366210938,172.10000610351562,35.281202536722155,28.789742192315636,25.725880906374783,27.062731226538983,27.338826092864497
CHTR,2015-09-29,174.92999267578125,166.3300018310547,167.36000061035156,33.91237063906398,29.21826999776398,26.078582243519683,27.23544911169561,27.472177817732657
CHTR,2015-09-30,176.25,169.0,175.85000610351562,37.088226710756416,30.9574198519498,27.2069847505724,27.852563968099076,27.768080603525263
CHTR,2015-10-01,182.52999877929688,175.3000030517578,181.77000427246094,38.48427858965415,31.51512466129198,27.666361064998185,27.72632591852741,27.877606459251446
CHTR,2015-10-02,183.91000366210938,176.17999267578125,183.13999938964844,37.60461407033288,31.543277508803865,27.658710552463933,27.687692811121835,27.884310304969528
CHTR,2015-10-05,189.16000366210938,183.14999389648438,187.52000427246094,37.16555038377326,31.42907212310659,27.90521257755234,27.817692696739133,27.869777523995875
CHTR,2015-10-06,188.3000030517578,184.5399932861328,185.52000427246094,35.75330185858482,31.497024346460524,27.955431117702034,27.58694004746748,27.88940903097135
CHTR,2015-10-07,188.36000061035156,183.1300048828125,185.0,35.77101473657063,31.451606248162417,27.68999221242941,27.587615873005817,27.86116322291071
CHTR,2015-10-08,187.8000030517578,184.22000122070312,187.75999450683594,34.54141305427479,31.280974953306412,27.78619935760457,27.538135606655622,27.849609424397077
CHTR,2015-10-09,189.1699981689453,184.86000061035156,186.6300048828125,34.04324024034909,31.22357471686634,27.800739416426556,27.550038505084025,27.787417345003725
CHTR,2015-10-12,187.55999755859375,185.4499969482422,185.9199981689453,34.06912879052364,31.10758571572213,27.484475696523614,27.547613355137635,27.700272965806743
CHTR,2015-10-13,188.0399932861328,183.57000732421875,186.8800048828125,34.091755604981884,31.058888740052122,27.45634060101039,27.51490408904444,27.592999791230866
CHTR,2015-10-14,188.75999450683594,182.39999389648438,182.75,34.14526199648794,31.300019948165055,27.526077972995587,27.26422418738754,27.662803297906823
CHTR,2015-10-15,187.00999450683594,183.55999755859375,185.8300018310547,34.33776162696345,31.479852746071142,27.367189809361843,27.307403659357043,27.70355785934642
CHTR,2015-10-16,187.35000610351562,185.52000427246094,187.27000427246094,34.04161849830847,31.411207933561315,27.354688123861248,27.303823569070314,27.66113434913022
CHTR,2015-10-19,187.92999267578125,184.5399932861328,186.30999755859375,34.08499191304468,31.42540513874412,27.311398193013414,27.232589424973106,27.56425748655286
CHTR,2015-10-20,187.2899932861328,184.63999938964844,185.5800018310547,33.71079141442436,31.31069965671346,27.222001173541756,27.083543739766064,27.414575593047907
CHTR,2015-10-21,186.55999755859375,175.0800018310547,175.35000610351562,37.46260510765041,33.259059196083456,28.68930305469438,27.668170065032427,27.863512694555936
CHTR,2015-10-22,180.7100067138672,176.16000366210938,178.3800048828125,37.852340411219046,33.46207600271472,28.70766126893632,26.626149813401888,27.89365829469229
CHTR,2015-10-23,183.0,177.74000549316406,183.0,38.632192691805486,33.64276260840988,28.60094366266849,26.788435423357466,27.829520114923362
CHTR,2015-10-26,185.16000366210938,182.16000366210938,184.02000427246094,38.66844749354311,33.58871699211005,28.61147912178201,26.77961542638117,27.813421157686964
CHTR,2015-10-27,185.5,180.72000122070312,181.08999633789062,38.39558328620322,33.702880916976724,28.637602994211917,26.730471466577164,27.845986807360294
CHTR,2015-10-28,184.94000244140625,179.13999938964844,184.10000610351562,38.73352048463406,33.56029859065157,28.6178054919172,26.796601723436236,27.884887624501935
CHTR,2015-10-29,194.9199981689453,183.1199951171875,193.3300018310547,40.78705684388736,34.91236587260212,29.580095349240143,27.38533170163527,28.19266297904482
CHTR,2015-10-30,194.4199981689453,189.99000549316406,190.94000244140625,40.93266282738494,34.98017970136155,29.64939845498373,27.42309181629353,28.22190865936618
CHTR,2015-11-02,193.6300048828125,186.3800048828125,187.33999633789062,40.991817602877035,34.99664040131922,29.7921786948544,27.501297202505192,28.18249490604397
CHTR,2015-11-03,189.47000122070312,184.75999450683594,189.27999877929688,41.104459989883395,35.0422944413624,29.78390251134451,27.485048118135925,28.127981753631293
CHTR,2015-11-04,191.4199981689453,188.27999877929688,190.10000610351562,41.02020081318859,34.81457330917859,29.76631813673813,27.488644651040588,28.05170779347388
CHTR,2015-11-05,191.24000549316406,187.14999389648438,189.22999572753906,39.76115884629811,34.82900833931835,29.7511131793578,27.48138877443963,28.052638810068302
CHTR,2015-11-06,190.4600067138672,187.69000244140625,190.25999450683594,39.70221536474155,34.836163153444055,29.758809553311238,27.487750860165555,28.051735562388668
CHTR,2015-11-09,191.8000030517578,187.72000122070312,190.16000366210938,34.52394658563664,34.8192066831323,29.758946722702582,27.460880753235053,28.01255373292498
CHTR,2015-11-10,191.82000732421875,188.66000366210938,190.77000427246094,33.22966342054113,33.906315505312996,29.74649699899451,27.310564512406117,27.238880761198487
CHTR,2015-11-11,192.85000610351562,189.8300018310547,191.1999969482422,30.351767716159138,33.8522841704112,29.744109209934116,27.311537980729828,27.239072313554953
CHTR,2015-11-12,192.32000732421875,188.55999755859375,192.0,28.96689811655675,33.854138323333224,29.745312052766128,27.29444996077055,27.200877308111032
CHTR,2015-11-13,193.60000610351562,185.80999755859375,186.47999572753906,30.263274708880594,33.84406194665263,30.087482647179954,27.29947898664148,27.263503345514106
CHTR,2015-11-16,186.63999938964844,183.05999755859375,185.69000244140625,29.488292002647853,33.30630936024047,30.08935577792309,27.296505011251476,27.26370871283661
CHTR,2015-11-17,186.94000244140625,184.33999633789062,184.63999938964844,29.36963521016921,32.51519085649289,29.925828121968127,27.29376033130136,27.19646357248576
CHTR,2015-11-18,187.8800048828125,184.11000061035156,187.80999755859375,29.773791256002326,32.671017220518635,29.89347341314272,27.35606564913395,27.244763181385313
CHTR,2015-11-19,188.8699951171875,185.66000366210938,186.1300048828125,29.578308466632013,31.92828259474562,29.839807469570196,27.37000520639883,27.175353187557562
CHTR,2015-11-20,188.1199951171875,185.00999450683594,186.47999572753906,29.533623770737798,31.605812121325343,29.770398667947447,27.368967222210465,27.175600412508498
CHTR,2015-11-23,189.36000061035156,185.91000366210938,187.0399932861328,29.523738555586938,31.60972095587337,29.719320157141826,27.314339809760458,27.159631118907697
CHTR,2015-11-24,187.61000061035156,184.27999877929688,186.11000061035156,29.522200385875426,31.629593262568523,29.667905340373547,27.30904541832816,27.05834868050747
CHTR,2015-11-25,187.4499969482422,184.97999572753906,186.08999633789062,28.762180130414567,31.301038357320703,29.660480713299027,26.43472163457361,26.968945101257486
CHTR,2015-11-27,188.0,184.8800048828125,187.24000549316406,28.409030172949667,31.252686117199257,29.5632580940289,26.407324866638476,26.97508173440813
CHTR,2015-11-30,188.75999450683594,184.9600067138672,187.36000061035156,28.321294550785648,31.052056765483748,29.562455439544742,26.40693756479405,26.958784300351713
CHTR,2015-12-01,190.64999389648438,186.4199981689453,188.8800048828125,28.371298756755444,31.09185746951722,29.285274927534054,26.36872669445769,26.9590059351502
CHTR,2015-12-02,190.67999267578125,186.4600067138672,186.77000427246094,28.547909935367066,30.971580496954477,29.330232730203353,26.39846645890338,26.983163560407412
CHTR,2015-12-03,188.17999267578125,179.49000549316406,180.7899932861328,25.000712284168547,31.656292156022147,29.764232492659477,26.667634591455027,27.17333366041191
CHTR,2015-12-04,186.10000610351562,180.00999450683594,184.52999877929688,25.205932898295753,31.932583561601557,29.738746594080606,26.774485610891695,27.236218972452242
CHTR,2015-12-07,189.14999389648438,183.17999267578125,187.80999755859375,24.634863819920216,32.13542564736689,29.811801245150242,26.856620108587943,27.283515766823214
CHTR,2015-12-08,189.57000732421875,185.6699981689453,186.58999633789062,24.683500135654793,32.16565335886216,29.751483453518485,26.857278157657312,27.283953493897616
CHTR,2015-12-09,188.49000549316406,184.0,185.30999755859375,24.29047205589528,31.897852803851904,29.729654474560206,26.701938450889646,27.290440055611615
CHTR,2015-12-10,185.2899932861328,182.8000030517578,183.63999938964844,23.9802584102575,31.94221365410776,29.703158063618325,26.711230523607675,27.287910095875244
CHTR,2015-12-11,185.0,175.61000061035156,178.02000427246094,20.768926774928197,32.175423628250165,30.09867733510622,26.94013847004883,27.46913534697652
CHTR,2015-12-14,179.44000244140625,173.2100067138672,174.80999755859375,21.067190884916418,32.35657367606022,30.17088390958153,26.932534329033498,27.520777812188534
CHTR,2015-12-15,181.97999572753906,176.60000610351562,178.25,21.464891078112665,32.44221257431633,30.33237400117922,26.32178581738989,27.559937581758426
CHTR,2015-12-16,184.5,178.9199981689453,183.30999755859375,22.886577834779708,32.98493326106788,30.58939008141775,26.49333197093324,27.695899271412493
CHTR,2015-12-17,185.27000427246094,182.86000061035156,183.02999877929688,22.829565261502964,32.92322573091879,30.493713676754552,26.486284633235424,27.67929726601437
CHTR,2015-12-18,181.8300018310547,177.89999389648438,178.2899932861328,23.938972227021473,32.612990945516316,30.774185890019794,26.566882891441857,27.807939308685764
CHTR,2015-12-21,180.1699981689453,177.0500030517578,180.0500030517578,24.090644835847336,32.64893702455074,30.655299654049507,26.512294202760945,27.789256923951793
CHTR,2015-12-22,186.8699951171875,178.1699981689453,181.0,24.176311203396548,29.81580244842968,30.619125473903186,26.511842528270552,27.7929954169956
CHTR,2015-12-23,184.5,180.33999633789062,181.0,24.138289646789747,29.20798694566954,30.592047538026772,26.511555617557754,27.7445436964821
CHTR,2015-12-24,182.89999389648438,180.35000610351562,181.88999938964844,24.188737606976012,27.442744408283517,30.391643982253207,26.51237746609655,27.747508900292207
CHTR,2015-12-28,182.22000122070312,179.0,182.0800018310547,24.14002668496539,26.592001236217804,30.297018249682424,26.45770426465242,27.744838584016485
CHTR,2015-12-29,185.83999633789062,181.97999572753906,185.1699981689453,23.268218712016424,26.77195172402451,30.400293495085496,26.507914863262457,27.787616597348404
CHTR,2015-12-30,185.60000610351562,183.5,184.22000122070312,23.28312366859042,26.34142780823569,30.2710227480618,26.507905777688844,27.792207758189875
CHTR,2015-12-31,185.07000732421875,182.5800018310547,183.10000610351562,23.29207791820761,26.28021916210681,30.27466523612688,26.515427050887823,27.763974815850073
CHTR,2016-01-04,182.0399932861328,175.50999450683594,177.52999877929688,24.316592971247523,27.018322828271398,30.520575914706686,26.668937786495363,27.939135278662995
CHTR,2016-01-05,177.4199981689453,174.58999633789062,175.1699981689453,24.461270221352308,26.94536409512652,30.591561206298735,26.65362992956606,27.731557274439293
CHTR,2016-01-06,175.27000427246094,172.63999938964844,174.30999755859375,24.446414500058395,26.937708502303437,30.59865056834381,26.59036841855605,27.605951861234228
CHTR,2016-01-07,176.22000122070312,170.3800048828125,173.6300048828125,24.399483754121114,26.938127326973287,30.596583758388817,26.567396690675338,27.608082468982087
CHTR,2016-01-08,179.38999938964844,174.19000244140625,174.88999938964844,24.546917639814776,26.96223780944347,29.964153226050012,26.570202862265642,27.35112713384994
CHTR,2016-01-11,177.27999877929688,172.9499969482422,175.6300048828125,24.60903793580126,26.61575787970224,29.92815042894196,26.537164063007136,27.346870804087324
CHTR,2016-01-12,179.99000549316406,172.86000061035156,175.32000732421875,24.48956714830104,26.368778392946208,29.925919521676867,26.479118077760056,27.324682084169293
CHTR,2016-01-13,176.77000427246094,167.3000030517578,167.99000549316406,27.133775068041704,27.652924553992065,30.321664812243377,26.949178920525753,27.65867100498728
CHTR,2016-01-14,174.55999755859375,167.9199981689453,172.30999755859375,28.225258119694242,28.198418235450323,30.26703414042149,26.841721797271372,27.495795645550686
CHTR,2016-01-15,169.49000549316406,163.02000427246094,165.0800018310547,30.424332752437756,29.454395021419238,30.533973371070772,27.2969724866238,27.794330867659784
CHTR,2016-01-19,168.1999969482422,164.52999877929688,167.3800048828125,29.61743077572903,27.32449912560515,30.616880195306322,27.349258460124286,27.825730709985326
CHTR,2016-01-20,171.75999450683594,160.74000549316406,170.50999450683594,29.490785208659286,27.365015680061443,30.208142052323677,27.442861162031445,27.705026925237817
CHTR,2016-01-21,172.49000549316406,166.97000122070312,169.4499969482422,28.87114688824447,26.829378051050323,29.996209764348443,27.430120180868055,27.711467371933924
CHTR,2016-01-22,175.0,170.72999572753906,174.72000122070312,30.487723572517396,27.583655235779442,30.405558583336244,27.654049689738073,27.803153389695943
CHTR,2016-01-25,176.50999450683594,171.67999267578125,172.33999633789062,30.643002880543396,27.5328544840495,30.47894228891978,27.69373609971273,27.838744884193773
CHTR,2016-01-26,175.94000244140625,170.14999389648438,172.1699981689453,30.58036825971464,27.295480521029887,30.294268424358282,27.655403437221267,27.83444149069403
CHTR,2016-01-27,172.5,164.5399932861328,165.2899932861328,31.493360268741416,26.449542896724598,30.913167898938827,28.042429618286068,28.11362362305512
CHTR,2016-01-28,169.0399932861328,164.32000732421875,167.3000030517578,31.402474065217607,26.53776355770957,30.84098376381447,28.06652223319139,27.87543316859437
CHTR,2016-01-29,172.6699981689453,168.22000122070312,171.36000061035156,31.688486470704625,26.83490675990671,31.091821880905236,28.21335062252502,27.959124074481245
CHTR,2016-02-01,176.97999572753906,167.05999755859375,175.75,31.480803505564037,27.28832663409874,31.227324452566442,28.37112013317723,28.060375143275518
CHTR,2016-02-02,176.9199981689453,170.9499969482422,172.0,32.018870683057614,27.577387673422187,31.389805725340107,28.3321946573773,28.087333190333595
CHTR,2016-02-03,176.88999938964844,171.33999633789062,176.4499969482422,32.13964300983042,28.126974781060017,31.660335288449794,28.496481381454736,28.088143900245406
CHTR,2016-02-04,180.9499969482422,168.11000061035156,170.5,33.44437537189794,28.897156956251692,32.11254197382337,28.778533126780946,28.11684795683443
CHTR,2016-02-05,171.0,160.1999969482422,168.5399932861328,33.490368402990434,28.96435868768039,32.157122992328375,28.645765203159275,27.356515343305166
CHTR,2016-02-08,165.72999572753906,156.1300048828125,162.58999633789062,34.86063855317993,29.763290100063262,32.43667050145144,28.930439318252464,27.585791131122345
CHTR,2016-02-09,165.77999877929688,157.9600067138672,165.0399932861328,35.193239673826604,29.966101496860276,32.539635030274425,28.90628606348139,27.618061342654983
CHTR,2016-02-10,172.77999877929688,160.97999572753906,161.0800018310547,35.687540900780704,30.26346134139218,32.50785751726559,28.885566725895295,27.636549411680413
CHTR,2016-02-11,161.60000610351562,156.2100067138672,159.52999877929688,35.16066363902891,29.801486244862378,32.52961813699088,28.890213018844417,27.65058606299214
CHTR,2016-02-12,168.5399932861328,160.1300048828125,167.75,38.62985271487604,31.70447165483531,33.44674979453151,29.484738633865426,28.09194587093761
CHTR,2016-02-16,170.02999877929688,164.33999633789062,168.92999267578125,38.72877107602651,31.743007411050495,33.46720333330336,29.441794030464337,28.096791615710814
CHTR,2016-02-17,174.0,167.02000427246094,171.91000366210938,38.20148366907954,31.754698410964416,33.56651249814589,29.51689106138926,28.141157282282876
CHTR,2016-02-18,175.58999633789062,167.39999389648438,171.94000244140625,38.023508997174545,31.717622945892103,33.14170941428824,29.457363641410517,28.11443828085244
CHTR,2016-02-19,174.5500030517578,168.14999389648438,173.57000732421875,38.10996529109952,31.78792091723604,33.16212978556543,29.27523346094592,28.13010090828709
CHTR,2016-02-22,177.69000244140625,174.27000427246094,177.0500030517578,38.52577716614896,32.069276970046744,31.70325063023627,29.368573870024516,28.18960001248641
CHTR,2016-02-23,177.7899932861328,174.22999572753906,174.38999938964844,38.738662289431915,32.19158725453533,31.47774331364655,29.36888403718294,28.23035747628811
CHTR,2016-02-24,175.80999755859375,169.69000244140625,175.7899932861328,38.790614454746375,32.244878949469594,30.505351420466397,29.316401294359174,28.22137203269825
CHTR,2016-02-25,183.6199951171875,177.02999877929688,183.0399932861328,40.50920924808095,33.31389648528275,30.72838546102861,29.67354498119566,28.403142501583588
CHTR,2016-02-26,184.0,180.3000030517578,181.2100067138672,38.47110988820339,33.37190335687365,30.746581513767048,29.695440440550612,28.420970698278648
CHTR,2016-02-29,184.72000122070312,179.14999389648438,179.55999755859375,37.9865427876873,33.36823833985902,30.541986242007503,29.698704125087232,28.42234475451949
CHTR,2016-03-01,184.72000122070312,179.91000366210938,184.3300018310547,36.23158528322333,33.75068394630901,30.78720400401028,29.834818707097373,28.39318518663612
CHTR,2016-03-02,183.8300018310547,180.0399932861328,181.8800048828125,36.426560449044814,33.19069802529949,30.85685660497518,29.869082781750382,28.419160588009003
CHTR,2016-03-03,186.22000122070312,180.77000427246094,183.6699981689453,36.185403640022244,32.98214170208848,30.805114294391906,29.876566526300287,28.428973715090063
CHTR,2016-03-04,185.36000061035156,181.60000610351562,184.77999877929688,36.10321981431358,32.80153726593983,30.806652485239656,29.883887131846045,28.427288871829827
CHTR,2016-03-07,186.39999389648438,183.5,185.3000030517578,35.133100445561446,32.78136851438589,30.804276825122827,29.884064946757714,28.423812933605895
CHTR,2016-03-08,186.1999969482422,182.6999969482422,182.9199981689453,35.10327215515305,32.857972058681504,30.860462906598507,29.920043218442906,28.451992465490168
CHTR,2016-03-09,186.75,183.25,186.5500030517578,35.45916836718432,33.05423883582074,30.81385576333524,30.003983052379358,28.481313637931095
CHTR,2016-03-10,187.6199951171875,182.75,185.00999450683594,33.17606044432272,32.45575119535036,30.728413905462553,30.021304442144682,28.48528183014437
CHTR,2016-03-11,188.0,185.6699981689453,187.61000061035156,33.22121394013099,32.32728289025998,30.784415911750795,30.039897042837342,27.926498968626717
CHTR,2016-03-14,187.7899932861328,185.61000061035156,186.0,32.84359464895272,32.16008532272251,30.804201422073245,30.055222474595045,27.913601242275526
CHTR,2016-03-15,187.0800018310547,183.6199951171875,186.92999267578125,32.15135801922916,31.66835391543942,30.80790526927141,29.955971105961453,27.91790037797818
CHTR,2016-03-16,198.57000732421875,186.88999938964844,198.16000366210938,35.242108121059154,33.82220794859669,30.82421116055716,30.6519212102542,28.484864029410033
CHTR,2016-03-17,202.39999389648438,196.5500030517578,201.02000427246094,34.81360115805383,33.42973792243346,30.79058466943322,30.641308224851183,28.517801455453927
CHTR,2016-03-18,202.97999572753906,199.8300018310547,201.0,32.87129583959909,33.39238514986856,30.54195929654478,30.60432930233873,28.51085864718941
CHTR,2016-03-21,202.85000610351562,199.94000244140625,202.67999267578125,32.47801863978654,33.41169346604384,30.555757691802942,30.588100429526627,28.51927325784636
CHTR,2016-03-22,204.61000061035156,200.9499969482422,204.10000610351562,29.926626030780152,33.42549935027164,30.447826724323107,30.562203789539282,28.52696058884102
CHTR,2016-03-23,204.55999755859375,201.89999389648438,202.32000732421875,30.206663173010558,33.49204987048808,30.388828277264533,30.579719644109193,28.533691740086763
CHTR,2016-03-24,202.00999450683594,196.89999389648438,198.33999633789062,29.83652597144703,33.7844443419082,29.57555436551667,30.618600815624387,28.490333768412608
CHTR,2016-03-28,200.07000732421875,197.3699951171875,198.1199951171875,29.524077721012038,33.63482277005132,29.506368408756888,30.618946502325063,28.481602419666867
CHTR,2016-03-29,204.47999572753906,199.1699981689453,203.02999877929688,27.107241355897564,33.94544428591828,29.586468693902813,30.588975720728502,28.565672572289387
CHTR,2016-03-30,204.60000610351562,200.86000061035156,203.52000427246094,27.13046487675883,33.90757556942766,29.548479768997737,30.582080626526647,28.508002300732038
CHTR,2016-03-31,204.1999969482422,200.1999969482422,202.42999267578125,27.113630171393037,33.254876049115865,29.55850282440452,30.572236926199004,28.04569675815648
CHTR,2016-04-01,205.72999572753906,200.92999267578125,203.47000122070312,27.067895459101145,33.100703933459194,29.55508784400129,30.473121517136743,28.019040354865837
CHTR,2016-04-04,206.6300048828125,203.47000122070312,205.35000610351562,27.06506066358537,33.092033611445885,29.576401462762114,30.461785792170776,28.027210341187743
CHTR,2016-04-05,204.52999877929688,202.14999389648438,203.30999755859375,27.081688689395794,33.16743696063458,29.624964672188405,30.44723258974259,27.983986017677598
CHTR,2016-04-06,205.0500030517578,202.17999267578125,204.97000122070312,26.439343733847814,33.17328941911201,29.646022506413356,30.440436765911798,27.935517548965777
CHTR,2016-04-07,205.33999633789062,201.83999633789062,203.91000366210938,26.601750267752333,33.21018669630298,29.659730996097505,30.41161829505372,27.9361682696911
CHTR,2016-04-08,206.47999572753906,201.0500030517578,202.5500030517578,24.56989216777629,33.25245253278539,29.676957125584032,30.420336679520947,27.944772917163668
CHTR,2016-04-11,203.75,200.16000366210938,200.3800048828125,24.605093621039217,32.02316874433845,29.35007090738118,30.411012274189382,27.962935901646084
CHTR,2016-04-12,202.19000244140625,199.5,200.25,24.35193323685684,31.686264052957135,29.34013807709826,30.4097056491185,27.923429880774602
CHTR,2016-04-13,204.99000549316406,199.9199981689453,202.7100067138672,23.548262437782014,30.29794716174014,29.377736661532083,30.396474027500602,27.93260772999376
CHTR,2016-04-14,203.02999877929688,200.61000061035156,200.80999755859375,23.333271246081775,30.331334127831344,29.308898597913686,30.36942526704891,27.94413519798261
CHTR,2016-04-15,203.97999572753906,199.27000427246094,203.05999755859375,23.369134394753228,30.207732554863874,29.314291357291484,30.39450176358732,27.964670933733238
CHTR,2016-04-18,203.36000061035156,201.0500030517578,201.5800018310547,23.55530453883014,30.222496356622703,29.342561299776033,30.32544248002526,27.90685047159255
CHTR,2016-04-19,207.6999969482422,201.57000732421875,204.6300048828125,23.81548343268176,29.77671725204595,29.42761034533692,30.342856466855643,27.900580781843814
CHTR,2016-04-20,205.7100067138672,197.6300048828125,198.22999572753906,25.499007566163268,30.423258234137425,29.867977443960836,30.57001996136052,28.042567312363975
CHTR,2016-04-21,199.97999572753906,193.77000427246094,199.6999969482422,25.03323540416063,30.432642673190248,29.886957089353526,30.471594511174654,28.031514242435403
CHTR,2016-04-22,199.5500030517578,196.3300018310547,197.91000366210938,25.060262791904393,29.17439524570346,29.913442183824873,30.4338670316329,28.037182179749408
CHTR,2016-04-25,208.35000610351562,194.77000427246094,207.00999450683594,27.781589052785105,30.364870173735675,30.73263888422948,30.877075164890254,28.368012880726155
CHTR,2016-04-26,213.32000732421875,206.8300018310547,210.07000732421875,27.734870330066503,30.156670099737326,30.78909304269142,30.839825878455397,28.36042336597569
CHTR,2016-04-27,211.22999572753906,205.92999267578125,206.42999267578125,28.42513163636889,30.10390973579011,30.86844962999965,30.910195843908806,28.414696795718786
CHTR,2016-04-28,212.89999389648438,205.6300048828125,209.75,23.5267076915808,29.793481376926444,30.48467903009361,30.87403286862517,28.276748717963184
CHTR,2016-04-29,212.52000427246094,204.72999572753906,212.24000549316406,23.421766237477932,29.48695403206583,30.378044620639916,30.90014279295705,28.29068372470509
CHTR,2016-05-02,218.67999267578125,210.25,216.52999877929688,23.99744074618254,28.634718342866748,30.412916729173308,30.98042097818511,28.357505297964842
CHTR,2016-05-03,216.5,212.24000549316406,212.6699981689453,24.64367859267756,28.813423347845646,30.543372351637178,31.05506160676066,28.418169026830988
CHTR,2016-05-04,214.55999755859375,209.49000549316406,212.42999267578125,24.601953005564937,27.617092118710918,30.5177362132925,30.722960503142403,28.400587155668216
CHTR,2016-05-05,214.6199951171875,211.25,212.02000427246094,24.437588721641436,27.55966206840787,30.47676344807978,30.70569523098998,28.383153924411776
CHTR,2016-05-06,213.6199951171875,209.91000366210938,212.9199981689453,23.584567049057164,26.91387770723661,30.029954371815915,30.705130229777456,28.379641495163543
CHTR,2016-05-09,215.3300018310547,211.77000427246094,213.47999572753906,23.561588155250874,26.75193843708269,29.858625959978983,30.495905164721727,28.349380586205562
CHTR,2016-05-10,216.52999877929688,213.10000610351562,216.49000549316406,22.898036813698035,25.106098017581207,29.789451629210518,30.328097337684202,28.35833729282037
CHTR,2016-05-11,218.72999572753906,214.72999572753906,217.22000122070312,22.900694501024248,25.10010270149054,29.496400521217208,30.030854765656905,28.34559109153767
CHTR,2016-05-12,219.5800018310547,211.99000549316406,213.9600067138672,23.349741594032285,25.251468803110438,29.612939033328704,30.092338784291716,28.390278053871963
CHTR,2016-05-13,215.83999633789062,211.86000061035156,214.5800018310547,23.33147160586756,25.241644871218888,29.2759786967218,29.804597440729847,28.3878815670978
CHTR,2016-05-16,210.25,203.60000610351562,203.60000610351562,28.012879125594374,27.712565769112114,30.491714842995076,30.36078921239202,28.782456462024047
CHTR,2016-05-17,208.72999572753906,201.0399932861328,203.36000061035156,27.863819875111258,27.4895884421371,30.487173316467487,30.36133507367888,28.78263610187579
CHTR,2016-05-18,228.2899932861328,222.5,227.41000366210938,42.72086761217871,35.25667565024403,35.18080969782605,33.08702572764489,30.859326241689278
CHTR,2016-05-19,230.49000549316406,225.72999572753906,227.57000732421875,42.65132114464724,35.25679888453921,35.17915997331589,32.97692711117938,30.739595728549972
CHTR,2016-05-20,233.6999969482422,227.16000366210938,233.11000061035156,42.93280009055543,34.695996590653564,35.348442856127704,33.0676478005712,30.81419035384138
CHTR,2016-05-23,233.19000244140625,223.61000061035156,225.0,44.27640544384846,35.51518549493784,35.7784371294074,33.296774141631396,30.966306005286416
CHTR,2016-05-24,229.0,223.08999633789062,228.3800048828125,44.36818430418308,35.48837724688222,35.81886162357254,33.33650515647657,30.903638139921796
CHTR,2016-05-25,229.3699951171875,224.0500030517578,225.60000610351562,44.55902204545453,35.335383953403046,35.86816740563244,33.3157027019591,30.917267481611983
CHTR,2016-05-26,226.19000244140625,218.4600067138672,219.0399932861328,45.43954776438784,35.81326185723419,35.836441136124805,33.49905620066786,31.045433013921613
CHTR,2016-05-27,222.02000427246094,217.00999450683594,219.97000122070312,45.37468566535859,35.786989163346696,35.75171175530334,33.495899195198874,31.014994846311456
CHTR,2016-05-31,220.97999572753906,216.10000610351562,218.94000244140625,45.330911665859425,35.81576924319788,35.7505606290626,33.50263156272111,31.019889737457845
CHTR,2016-06-01,227.50999450683594,220.10000610351562,227.5,46.37205479087369,36.54824837490121,36.191103616564824,33.79358062581293,31.200187663861634
CHTR,2016-06-02,228.72000122070312,225.19000244140625,227.82000732421875,45.15801842191955,36.39214257587051,36.184363619177184,33.7100506324677,31.052629637712513
CHTR,2016-06-03,227.80999755859375,224.1199951171875,224.9499969482422,45.42550223365091,36.38845068462364,36.264964389226805,33.74505740278539,31.083276712308617
CHTR,2016-06-06,225.9499969482422,221.14999389648438,221.67999267578125,45.59454030920343,36.496676515973995,36.3607830852042,33.69400013637826,31.090015856458752
CHTR,2016-06-07,223.41000366210938,220.52000427246094,220.8000030517578,43.929967752146574,36.45205894145677,35.6520953583482,33.69327732686271,31.04348905442794
CHTR,2016-06-08,223.16000366210938,218.0399932861328,223.0800018310547,43.83936981961002,36.406761118972966,35.48793748847472,33.662931388343345,31.040895245219186
CHTR,2016-06-09,223.22999572753906,221.08999633789062,222.97000122070312,43.45817456126414,36.41149911103723,34.736180074976474,33.65485157668766,31.037919107382393
CHTR,2016-06-10,224.24000549316406,218.72000122070312,223.52999877929688,43.27261727708452,34.53238988706703,34.69279578260689,33.628111230733346,31.028371629877817
CHTR,2016-06-13,226.35000610351562,223.0399932861328,223.27999877929688,43.18338762396415,34.44196410184118,34.6075068996344,33.36808026375325,31.010913021186436
CHTR,2016-06-14,228.94000244140625,220.5,222.24000549316406,42.86474806226402,34.465167542292896,34.5981026100936,33.35919053304582,31.00763434296828
CHTR,2016-06-15,223.77999877929688,220.27999877929688,221.19000244140625,42.52897268822628,34.461470701134395,34.32618872771668,32.448113171531325,31.00216956180813
CHTR,2016-06-16,222.8300018310547,220.14999389648438,221.47999572753906,42.5226946747186,34.44222818179673,34.2298275469529,32.26001463606114,31.002073958028408
CHTR,2016-06-17,223.02999877929688,219.47000122070312,221.0500030517578,42.52277275525844,34.38495387964059,34.232650333096245,31.75430175044746,31.003099372162467
CHTR,2016-06-20,225.1699981689453,221.0,221.1199951171875,42.51515317012629,34.09743558347406,33.524399801264764,31.52764154304152,30.997948184864203
CHTR,2016-06-21,223.0,220.0800018310547,222.80999755859375,42.55364115055392,34.112373390229536,33.50074214485803,31.5279454420595,31.003720453064748
CHTR,2016-06-22,224.00999450683594,220.6199951171875,222.38999938964844,42.39449197413412,33.795301029282946,33.337036790432315,31.41542964649534,31.00423125984051
CHTR,2016-06-23,225.39999389648438,221.0500030517578,224.8699951171875,42.492579651738296,33.85185373951067,33.16676660238323,31.40736860354178,31.002128565004494
CHTR,2016-06-24,224.22999572753906,215.17999267578125,216.8000030517578,43.643819918452884,34.72034440603906,33.5263366755434,31.718169458603683,31.226706398457193
CHTR,2016-06-27,217.6300048828125,214.05999755859375,216.27999877929688,43.644929390865336,34.71774076004493,33.32639526422927,31.677121007918345,31.160215549578634
CHTR,2016-06-28,220.6199951171875,216.08999633789062,218.3800048828125,40.733386183117325,34.72255630216556,32.83331820094195,31.683985645372264,31.11789799513665
CHTR,2016-06-29,228.19000244140625,219.8800048828125,227.3699951171875,42.17415160361888,35.56261856222047,33.29901999736993,32.02100449770735,31.33019854098862
CHTR,2016-06-30,229.8000030517578,225.74000549316406,228.63999938964844,27.049163637721126,35.547207028779034,32.71034541918113,32.02178726300075,31.30849342435248
CHTR,2016-07-01,232.64999389648438,226.80999755859375,232.2899932861328,27.427628066103594,35.63122010650228,32.71856642193625,31.94646447839261,31.321861649439754
CHTR,2016-07-05,234.47000122070312,230.19000244140625,231.77000427246094,26.52477799006042,35.59558645939886,32.42928379964168,31.89667548450676,31.300790526579288
CHTR,2016-07-06,232.99000549316406,229.00999450683594,232.77999877929688,24.35156879859292,35.494146347935526,32.35913243343022,31.8895097288027,31.30020776155986
CHTR,2016-07-07,235.1999969482422,232.02000427246094,234.8699951171875,24.118354580631134,35.512217943044874,31.50242124312604,31.893560041795194,31.266451155462832
CHTR,2016-07-08,238.27000427246094,235.88999938964844,237.1699981689453,23.915306312362546,35.48748465634193,31.51346638037079,31.90312222952415,31.277901624777638
CHTR,2016-07-11,240.10000610351562,237.0800018310547,239.8699951171875,22.15287032137355,35.44157696319362,31.45842032612033,31.166940054781854,31.186820139398396
CHTR,2016-07-12,241.47999572753906,237.7899932861328,238.4499969482422,22.300396798995468,35.44605436967886,31.488979316817733,31.126056265993014,31.19045462114919
CHTR,2016-07-13,240.4499969482422,237.3000030517578,237.42999267578125,22.289008012974907,35.415009415062684,31.495936095244502,31.002761294475622,31.181099709261375
CHTR,2016-07-14,239.94000244140625,235.94000244140625,239.11000061035156,19.625649742987726,35.334479869582104,31.3883493192955,31.00605091858583,31.11727863552311
CHTR,2016-07-15,240.41000366210938,234.2100067138672,234.97999572753906,20.39058763152081,34.8573877602873,31.424049116540548,31.017387045514717,31.1539879428731
CHTR,2016-07-18,236.25999450683594,233.27000427246094,234.33999633789062,20.009634035903883,34.86259056012796,31.42660425385944,30.969520802427635,31.129690872640914
CHTR,2016-07-19,235.0,231.89999389648438,232.00999450683594,19.729798744260226,34.877312879767175,30.908376960157007,30.475864853352753,31.135773898463075
CHTR,2016-07-20,236.5399932861328,227.6300048828125,236.19000244140625,20.210263637961308,33.90189195554002,30.940389531946387,30.498402432939614,31.155176431871656
CHTR,2016-07-21,240.8699951171875,233.6999969482422,240.47999572753906,20.59733739718863,33.96098214511851,30.977018710918003,30.467592928260522,31.200044895878136
CHTR,2016-07-22,244.44000244140625,239.0,243.47000122070312,20.770849035203202,33.77045251939304,30.789244431501633,30.477024787329444,31.19120108531364
CHTR,2016-07-25,244.50999450683594,240.10000610351562,240.69000244140625,21.18735340412162,33.78038824860282,30.76536416963112,30.513039306336054,31.215976834503895
CHTR,2016-07-26,242.61000061035156,235.2100067138672,237.97999572753906,21.54082702155065,33.83476991933167,30.825771603111747,30.541765726691324,31.207099451648922
CHTR,2016-07-27,240.2899932861328,236.67999267578125,237.72000122070312,21.467633194753972,33.62827546731211,30.826293497091882,30.539023258693376,31.17542703137145
CHTR,2016-07-28,239.38999938964844,237.07000732421875,237.8000030517578,21.37444843394394,33.382205881144166,30.828200382232023,30.53849296189306,31.174289932207095
CHTR,2016-07-29,238.88999938964844,234.77000427246094,234.8699951171875,21.800922690216993,33.50498156000431,30.82157287877905,30.580150323193777,31.148167054838687
CHTR,2016-08-01,238.9600067138672,234.16000366210938,236.0,21.78369077284423,33.502442626326115,30.701149425595688,30.58292242349455,31.126793616634018
CHTR,2016-08-02,238.52999877929688,235.17999267578125,235.7899932861328,21.795473376365244,33.5029022326471,30.658310194573048,30.58178648832203,31.119780719994594
CHTR,2016-08-03,237.72000122070312,234.7899932861328,237.11000061035156,21.759074077248258,33.51186847318454,30.606924537207842,30.37256862219969,31.050481780215065
CHTR,2016-08-04,238.94000244140625,235.89999389648438,236.99000549316406,21.74091067557214,33.4170881103324,30.560034797960416,30.366119549028898,31.007267308433452
CHTR,2016-08-05,238.44000244140625,234.41000366210938,234.7899932861328,21.81403152213581,33.48810644717986,30.61388535903867,30.38110502286938,31.01430294538466
CHTR,2016-08-08,239.3699951171875,233.0,236.82000732421875,18.68223550191583,33.34401716904802,29.2848175476465,30.336217698938395,30.963614508339294
CHTR,2016-08-09,260.3900146484375,236.05999755859375,255.75999450683594,28.356471828943935,36.73825915185775,31.565432682858834,31.60369047283912,31.878657804623327
CHTR,2016-08-10,257.3800048828125,253.2100067138672,254.07000732421875,28.54560019609302,34.93948903345704,31.5956460784851,31.619291950367273,31.823156655775453
CHTR,2016-08-11,258.3599853515625,252.5,258.05999755859375,26.729482231757906,35.008490543795794,31.65158201164094,31.66149310524995,31.853701529491087
CHTR,2016-08-12,258.8999938964844,255.0399932861328,258.6199951171875,26.73274351700793,26.84721457613711,31.643128747739546,31.651262333500895,31.85158934456632
CHTR,2016-08-15,261.75,259.0299987792969,260.510009765625,26.52065578370026,26.865984776317376,31.601981815289598,31.65697576957648,31.85128503693421
CHTR,2016-08-16,261.42999267578125,256.7300109863281,257.1400146484375,26.915868572249323,26.654629594921015,31.496979929823954,31.701689412709595,31.659599740743538
CHTR,2016-08-17,258.8999938964844,254.2100067138672,257.42999267578125,26.922847270466022,25.51302506834251,31.49228129287297,31.701499352517317,31.648164822835845
CHTR,2016-08-18,258.8800048828125,253.4199981689453,254.8300018310547,27.146400182017494,25.49857064567402,31.359899771327154,31.723756228052657,31.665512423723385
CHTR,2016-08-19,253.9600067138672,250.75,252.6300048828125,27.256689174440762,25.42467999848061,31.407957477635602,31.710531655900613,31.53154827658656
CHTR,2016-08-22,253.0800018310547,250.0500030517578,252.64999389648438,27.120820103778716,24.57297545500027,31.386599641199258,31.448767723515587,31.385615199490047
CHTR,2016-08-23,254.30999755859375,250.9199981689453,252.24000549316406,27.04355226810146,24.58340446344966,31.388964839107242,31.37321114916341,31.17892215383964
CHTR,2016-08-24,253.8699951171875,249.8800048828125,251.74000549316406,27.00617789541192,24.556828343010707,31.37523520647541,31.319196036206478,31.17968807562474
CHTR,2016-08-25,253.33999633789062,251.00999450683594,252.07000732421875,26.963189803977905,23.380997891598113,31.31626093144137,31.304229288030562,30.98503452533674
CHTR,2016-08-26,253.33999633789062,249.1300048828125,250.92999267578125,26.41962891978544,23.415940332712996,31.31921511419601,31.29642021440681,30.91764434691741
CHTR,2016-08-29,255.0,251.69000244140625,252.30999755859375,26.39402740081766,23.237749012011594,31.302503709793367,31.273467448099364,30.92006767052482
CHTR,2016-08-30,256.7200012207031,250.89999389648438,256.0299987792969,26.34926718683787,23.121182064478425,31.332591696178234,31.06460910863602,30.94853895769735
CHTR,2016-08-31,258.3500061035156,254.44000244140625,257.2099914550781,25.989847571682095,23.08690425675273,31.263762525313197,30.972727799019427,30.8654435887641
CHTR,2016-09-01,272.80999755859375,264.3699951171875,268.82000732421875,28.315998783746384,24.567677439972694,31.9503024744791,31.302822923714935,31.145756218722486
CHTR,2016-09-02,272.9599914550781,268.67999267578125,271.7900085449219,28.282443553587754,24.60842280360517,31.94186933229902,31.17059265546555,31.118383638553183
CHTR,2016-09-06,279.95001220703125,270.0199890136719,274.6700134277344,27.975823801436473,24.652406427474798,31.90255139603645,31.1830429117337,31.13119003590387
CHTR,2016-09-07,277.69000244140625,272.6499938964844,277.55999755859375,27.62208424931709,24.675349840331688,31.898413356518983,31.012836827814212,31.101439854570252
CHTR,2016-09-08,276.45001220703125,267.3800048828125,268.6600036621094,29.671045762883804,25.717766627971848,32.358025718265296,31.275973131101303,31.277692499429534
CHTR,2016-09-09,267.489990234375,264.1199951171875,264.1199951171875,30.282761369761644,26.001306864043244,32.45184262139212,31.356711866858323,31.327585821156774
CHTR,2016-09-12,269.70001220703125,263.2699890136719,269.30999755859375,30.23709242122784,26.217372083081276,32.08949008800053,31.422834208502092,31.379372137506294
CHTR,2016-09-13,268.4599914550781,262.57000732421875,264.9700012207031,30.832061092602043,26.500927752808217,32.22746521119226,31.496848510406334,31.429428239584794
CHTR,2016-09-14,267.9100036621094,262.1099853515625,266.69000244140625,30.80732042151087,26.50411833506827,32.176432671290925,31.50085509575628,31.371382301874206
CHTR,2016-09-15,268.8299865722656,264.760009765625,266.2699890136719,30.847321790904136,26.50452688993833,31.47155727913126,31.455115512429494,31.369041085070133
CHTR,2016-09-16,266.8699951171875,264.1600036621094,265.94000244140625,30.857092504025296,26.499796312490254,31.416432969916514,31.44599321717428,31.295303128609397
CHTR,2016-09-19,268.0899963378906,262.70001220703125,262.92999267578125,30.93899812927049,26.60606988034332,31.33323809640396,31.47145350898784,31.315960598565322
CHTR,2016-09-20,266.0,261.67999267578125,264.55999755859375,30.914009575739293,25.330864644276733,31.264098487328763,31.23056730394655,31.284371071109458
CHTR,2016-09-21,274.7799987792969,266.0,274.2699890136719,23.99119752765774,26.171534263631653,31.685254288163105,31.429960798882313,31.46991697093615
CHTR,2016-09-22,277.6199951171875,273.510009765625,276.7300109863281,23.909989465020576,26.16513754141505,31.57858106013398,31.426700534290568,31.455821689674874
CHTR,2016-09-23,276.95001220703125,274.8900146484375,276.0799865722656,23.643463527838936,25.06860124612988,31.41809774898735,31.422723036847334,31.25291622963627
CHTR,2016-09-26,275.6300048828125,272.489990234375,273.82000732421875,23.837474662312307,25.172821155312764,31.459709716966938,31.443676788076118,31.254809334941996
CHTR,2016-09-27,277.7699890136719,271.30999755859375,275.3999938964844,23.81162046216652,25.037724557709645,31.455567047711774,31.445385945796637,30.54920355406904
CHTR,2016-09-28,276.6099853515625,273.6600036621094,276.57000732421875,23.39663342749967,25.01679842071748,31.455571702734474,31.44194548258936,30.403237631562202
CHTR,2016-09-29,276.1099853515625,269.1400146484375,271.8299865722656,24.08420983072966,25.355613397964262,31.61384140102043,31.06865154754152,30.08766708273892
CHTR,2016-09-30,272.4100036621094,268.8999938964844,269.9700012207031,23.960888270518684,25.39330496529552,31.592737540649928,30.970885305291795,29.934224610432715
CHTR,2016-10-03,270.989990234375,266.04998779296875,268.1600036621094,23.892734073251415,25.4120008313743,31.623930202872998,30.517619283779453,29.93971789566741
CHTR,2016-10-04,269.55999755859375,265.92999267578125,267.4100036621094,23.927287946049418,25.356629810051484,31.513363670642647,30.495593426061806,29.860218412980533
CHTR,2016-10-05,269.29998779296875,266.19000244140625,267.0799865722656,23.922582897342632,25.313527109043367,31.517965113492526,30.43990809396966,29.8365831352355
CHTR,2016-10-06,269.4599914550781,266.3599853515625,268.1700134277344,23.901404326597465,25.284362531114517,30.273022311539492,30.42272356772216,29.834669500500915
CHTR,2016-10-07,269.0400085449219,266.9200134277344,266.9700012207031,23.977093882333214,25.297025725407035,30.28849960432556,30.249707275904836,29.810462294274746
CHTR,2016-10-10,268.8500061035156,266.239990234375,267.8500061035156,23.901389691584946,24.97759363584344,24.732042998039258,30.189377803915285,29.80170290821501
CHTR,2016-10-11,263.82000732421875,257.510009765625,257.8599853515625,26.55507624500756,26.28617286391533,25.520229930125844,30.56421823718602,30.05726277247224
CHTR,2016-10-12,259.3299865722656,256.82000732421875,256.8900146484375,26.251291729089598,26.19980129211912,25.268368245923376,30.14153984872778,30.059019063093718
CHTR,2016-10-13,257.2699890136719,253.3800048828125,256.3999938964844,26.222386483463556,25.99145065125194,24.59113979962397,30.12402717155642,29.96718788997834
CHTR,2016-10-14,261.3299865722656,255.80999755859375,257.5899963378906,22.690447639422256,25.769511351968227,24.500358631410418,30.015455073183183,29.929306302458546
CHTR,2016-10-17,260.20001220703125,256.9800109863281,257.5199890136719,22.38796963537393,25.664594374981085,24.406577497346095,29.891457191197595,29.922754907063307
CHTR,2016-10-18,261.510009765625,259.510009765625,259.95001220703125,22.335372614580017,25.589615400209336,23.932294646536832,29.770236861158683,29.92681776887278
CHTR,2016-10-19,262.9200134277344,259.4200134277344,260.20001220703125,22.04846257456555,25.4546227639225,23.929148158826226,29.64178637836023,29.922204190292383
CHTR,2016-10-20,260.5400085449219,257.55999755859375,258.1199951171875,20.171249516463817,25.524205032663705,23.957571911858473,29.34837084982101,29.36495370374841
CHTR,2016-10-21,257.3699951171875,254.0800018310547,255.05999755859375,19.87732428080028,25.66875860853335,23.31768403857147,29.350820379045274,29.35375953939886
CHTR,2016-10-24,259.7799987792969,254.72000122070312,259.6000061035156,19.719912370197974,25.728898915619315,23.464340857114934,29.051153525542052,29.29893296528118
CHTR,2016-10-25,261.010009765625,256.0199890136719,257.05999755859375,19.380014369411814,25.8274020566816,23.425494522364595,29.050778911084464,29.317354780377958
CHTR,2016-10-26,257.1499938964844,247.0,248.63999938964844,21.371951401422436,26.787872336376537,23.931292325148053,29.18692998864172,29.47039101562346
CHTR,2016-10-27,249.8800048828125,242.47000122070312,244.10000610351562,21.872121929678343,27.058588788360993,24.119274739163277,29.256286692942286,29.496073830141018
CHTR,2016-10-28,252.25999450683594,245.02000427246094,249.25,22.931572281057772,27.37817769237396,24.281239313107644,28.78220377416184,29.17134410045415
CHTR,2016-10-31,251.25,247.38999938964844,249.88999938964844,22.800057533218713,27.297906807294638,24.280954182406,28.77655127769181,29.14047199465194
CHTR,2016-11-01,251.27000427246094,245.42999267578125,249.57000732421875,22.67832013192421,27.25597819815999,24.28296983100597,28.72159509019819,29.071515561444368
CHTR,2016-11-02,254.5500030517578,248.2899932861328,252.91000366210938,20.18856325786659,22.348759788516993,24.357094628115057,28.751334891335873,29.08252219736609
CHTR,2016-11-03,269.19000244140625,242.63999938964844,247.4199981689453,20.62132745132594,22.75412903788369,24.616932152797723,28.878778992497512,29.172251242531168
CHTR,2016-11-04,254.42999267578125,241.5,250.22999572753906,21.074898610006407,22.641817680781966,24.652131593471772,28.82187377723567,29.18468630829874
CHTR,2016-11-07,257.5,252.89999389648438,257.1600036621094,22.797154205122855,23.344783489621022,24.997488896540972,28.905742604221686,29.299079921670963
CHTR,2016-11-08,263.32000732421875,255.3699951171875,262.260009765625,23.55495321598843,23.646923809696613,25.156216283199218,28.971592891340904,29.35651315937034
CHTR,2016-11-09,277.9800109863281,259.0,269.8299865722656,25.07580770313027,24.184721866292108,25.510652925820253,28.78359477748653,29.481504821094056
CHTR,2016-11-10,281.3599853515625,266.5799865722656,270.8699951171875,24.613823241859414,24.192701243586715,25.496522597262082,28.74758545148093,29.482412229664114
CHTR,2016-11-11,273.7900085449219,265.32000732421875,272.44000244140625,24.585409224674272,24.10346982975046,25.49617662687001,28.718634172694234,29.484374249159373
CHTR,2016-11-14,273.989990234375,263.05999755859375,263.1400146484375,26.54319373581277,25.125411668152964,26.111905256176726,28.909337854600047,29.547416355084938
CHTR,2016-11-15,267.8599853515625,259.95001220703125,260.20001220703125,26.715160687175942,25.243681656375923,25.472675808060576,28.89440665587969,29.56900668306197
CHTR,2016-11-16,262.6400146484375,258.6300048828125,261.989990234375,26.809381395034205,25.27313994223882,25.475969624017665,28.885325490441975,29.565726811994743
CHTR,2016-11-17,266.57000732421875,261.2099914550781,265.4800109863281,27.0794512065548,25.397964122679923,25.509883441558866,28.912139023263144,29.548031095153917
CHTR,2016-11-18,266.0,260.0,262.70001220703125,27.216163497151385,25.505140332912156,24.83037168863263,28.9500042536988,29.55385783573127
CHTR,2016-11-21,265.7099914550781,260.1700134277344,264.1000061035156,27.247211832929462,25.49888286825007,24.82932620241852,28.898542695019998,29.556452558712326
CHTR,2016-11-22,273.260009765625,264.260009765625,273.0199890136719,26.530467345739527,26.333789257930846,25.23576827988427,29.059067734011073,29.727042512453632
CHTR,2016-11-23,273.95001220703125,270.6499938964844,272.30999755859375,26.510964696812305,26.19796111785758,25.237245503567767,29.0381859843165,29.722780970415435
CHTR,2016-11-25,275.92999267578125,272.05999755859375,275.5,26.630643442998505,26.278690947679014,25.28393741099133,29.026250342493785,29.73959384732777
CHTR,2016-11-28,275.82000732421875,270.2799987792969,270.82000732421875,27.21255033120304,24.963488939833915,25.43185572031647,29.088075599500318,29.79456611472732
CHTR,2016-11-29,281.42999267578125,271.1400146484375,280.489990234375,28.872044134544545,25.88288861042356,25.9555840383081,29.347140693272255,29.98348791851321
CHTR,2016-11-30,281.0799865722656,272.0199890136719,275.30999755859375,29.4571199106622,26.090648858191738,26.107572446273263,28.68191717031482,30.044520287107602
CHTR,2016-12-01,276.0,269.95001220703125,272.54998779296875,29.66110346138786,26.079619572724983,26.14532582482301,28.677508933371886,30.03981621933603
CHTR,2016-12-02,274.1099853515625,265.7799987792969,266.6700134277344,30.30958158989141,25.59872251729718,26.388116496582832,28.81133516885671,29.936710139598954
CHTR,2016-12-05,273.9599914550781,267.010009765625,270.92999267578125,30.34238618898551,25.557665898332193,26.474910320135276,28.849897370987733,29.910892228727544
CHTR,2016-12-06,277.0899963378906,271.32000732421875,276.32000732421875,30.440116771419888,25.56533357556312,26.464306121553545,28.92236995580205,29.92285252467712
CHTR,2016-12-07,287.2699890136719,275.1099853515625,284.25,31.141133336080053,25.951202727156677,26.790747612665474,29.06597105642248,30.031134213238502
CHTR,2016-12-08,285.3999938964844,278.6099853515625,279.0,29.907007899028574,26.24086623325462,26.92359689438058,29.05341495137431,30.08772851567861
CHTR,2016-12-09,280.489990234375,276.510009765625,278.80999755859375,29.19252434012528,26.238115623860757,26.803525340061018,29.052835022211276,30.069545008241334
CHTR,2016-12-12,281.95001220703125,275.9800109863281,277.9200134277344,28.845746889150696,26.24757389603914,26.685528900202527,28.93429072505275,29.893518221408872
CHTR,2016-12-13,285.1000061035156,275.3399963378906,283.8599853515625,29.285606182270342,26.452008739520238,26.813196369696414,29.025158384781896,29.88862963102614
CHTR,2016-12-14,293.4200134277344,281.989990234375,288.260009765625,29.41012658221377,26.591714348623945,26.820329570031355,29.056341665467706,29.867219489226393
CHTR,2016-12-15,293.739990234375,287.989990234375,291.1600036621094,29.343068566988194,25.66327848680955,26.76831027599114,29.069570955294267,29.76350284700566
CHTR,2016-12-16,294.6600036621094,287.6499938964844,288.44000244140625,28.56768015666925,25.69592326611102,26.825144692140018,29.087866280004356,29.78278555686173
CHTR,2016-12-19,292.0,287.0899963378906,288.9100036621094,28.52329978114248,25.688740014599155,26.823970381357682,29.053575644839626,29.649417144029215
CHTR,2016-12-20,291.6099853515625,288.0899963378906,290.3800048828125,27.713827053170796,25.63474519722045,26.72936570256943,29.046673249393702,29.640503754594143
CHTR,2016-12-21,292.8500061035156,288.010009765625,291.239990234375,27.317371423168968,25.618898715057963,26.726266836013192,29.03454929493999,29.638772040883733
CHTR,2016-12-22,291.7900085449219,287.4700012207031,291.0199890136719,26.290513030189523,25.61180706536726,26.725891702026853,29.01807837577476,29.639351532136114
CHTR,2016-12-23,292.9700012207031,288.94000244140625,290.42999267578125,26.319888943605147,25.33977661946268,26.727992877772742,28.982270030647182,29.64036838491138
CHTR,2016-12-27,293.2900085449219,290.0,291.79998779296875,26.30948027430963,25.295275036971432,26.728218595955994,28.98214442819459,29.64162214012078
CHTR,2016-12-28,293.7300109863281,290.42999267578125,291.1199951171875,23.914659686653913,25.251740868146694,26.67524925137805,28.96174192248467,29.606463874006195
CHTR,2016-12-29,294.8699951171875,290.1099853515625,292.19000244140625,23.510474807321298,25.240914900446665,26.65632439894025,28.930419141870946,29.598841397247007
CHTR,2016-12-30,292.989990234375,285.04998779296875,287.9200134277344,24.09639887544502,25.45324217973402,23.938682438846993,28.978223555110777,29.634573007436497
CHTR,2017-01-03,291.44000244140625,282.5400085449219,285.7699890136719,24.091278172524213,25.508838477275308,23.94626982149317,28.979042084871665,29.467347126394916
CHTR,2017-01-04,292.0799865722656,284.2300109863281,291.54998779296875,24.287139109586587,25.774448251879484,24.024547675192856,29.016885711593833,29.482884240492268
CHTR,2017-01-05,297.1300048828125,289.7300109863281,296.1700134277344,24.541682668375167,25.937397844956962,24.13426113494763,28.78260558281303,29.50633832603377
CHTR,2017-01-06,298.7900085449219,294.4599914550781,298.1600036621094,22.932104895951237,24.599475300340444,24.130783941621164,28.780976993013883,29.503701633323942
CHTR,2017-01-09,297.94000244140625,294.7099914550781,296.260009765625,23.037694226808295,24.63352776085136,24.053127138180884,28.76828877020385,29.511580347090128
CHTR,2017-01-10,300.1499938964844,293.4599914550781,298.20001220703125,22.91450734842386,24.631509382184205,24.06674581462234,28.320888355856365,29.514150682472508
CHTR,2017-01-11,300.0400085449219,296.1000061035156,299.5400085449219,22.13695052033467,24.630989410523558,23.998898203706943,28.2824696869866,29.512546117934324
CHTR,2017-01-12,298.239990234375,294.55999755859375,297.19000244140625,20.204373302440715,24.716887676809147,23.99056070025431,28.21222957522891,29.18502130531412
CHTR,2017-01-13,300.07000732421875,296.8900146484375,298.42999267578125,19.245351304686192,24.676799476562636,23.992625820423143,28.164719838196774,29.093193449255057
CHTR,2017-01-17,306.3699951171875,292.8399963378906,306.1400146484375,19.94513683332327,25.12848689378463,24.282762804537757,28.278606210057188,28.832624835049252
CHTR,2017-01-18,307.32000732421875,302.0899963378906,303.69000244140625,18.768591000219704,25.128652479912812,24.326590821674014,28.222268100659605,28.828868078892967
CHTR,2017-01-19,307.760009765625,301.2799987792969,306.1300048828125,18.48591256171448,24.96425784669528,24.34581717545858,28.13209738958935,28.788808839839437
CHTR,2017-01-20,309.17999267578125,306.1600036621094,308.44000244140625,17.91951604066009,24.796987769406876,24.339378456664996,28.13705759591631,28.780611310351077
CHTR,2017-01-23,309.8500061035156,306.1700134277344,308.70001220703125,16.337341734001164,24.65949132979577,24.333925043122946,28.13341463040147,28.640870826776986
CHTR,2017-01-24,310.2099914550781,307.010009765625,308.3500061035156,15.085215771859643,23.48727514016517,24.254402628786035,28.134816147025344,28.598022220305836
CHTR,2017-01-25,311.20001220703125,307.1600036621094,310.30999755859375,15.059987734792218,23.039903888967057,24.260966765583813,28.139296422769185,28.5989260379179
CHTR,2017-01-26,341.5,324.80999755859375,333.1499938964844,24.540620145891197,26.622057582611745,25.780241160258573,29.265681905240974,29.08773662436009
CHTR,2017-01-27,334.1199951171875,316.9599914550781,323.54998779296875,26.13857674077074,27.520647041054076,26.21624493874139,29.503759535547136,29.248126822395328
CHTR,2017-01-30,325.260009765625,316.989990234375,324.79998779296875,25.928963842003178,27.49623020832895,26.180597495904433,29.43214290784133,29.169697236525582
CHTR,2017-01-31,325.2699890136719,321.0299987792969,323.95001220703125,25.93204750771451,27.469557863534057,26.151160086745044,29.437857945614272,29.084483396898587
CHTR,2017-02-01,327.010009765625,321.94000244140625,326.8500061035156,25.67948401360423,26.941474627709194,25.596186662146785,28.71604728534209,28.991585516626312
CHTR,2017-02-02,326.8399963378906,324.19000244140625,324.4100036621094,25.89303980943305,27.01831554662384,25.460241052926868,28.737547172024446,28.916635308171468
CHTR,2017-02-03,329.1000061035156,324.1199951171875,328.7099914550781,26.03181331572788,26.657238993557336,25.370196841268044,25.66782387629885,28.700280372360222
CHTR,2017-02-06,328.2799987792969,319.17999267578125,322.6000061035156,26.864854692606905,26.861568840372733,25.41934049609045,25.785237764146924,28.744962871436623
CHTR,2017-02-07,325.3900146484375,321.3299865722656,323.3699951171875,26.837959362433793,26.351553531472106,25.40919184723342,25.650730384029885,28.48367015146982
CHTR,2017-02-08,327.5,323.20001220703125,325.7300109863281,26.8063986846496,26.365505216583145,25.41695897494302,25.272999821442433,28.460906836014665
CHTR,2017-02-09,326.4599914550781,321.239990234375,325.07000732421875,26.858139364454402,26.379834431598603,25.4198367754162,25.231138688858763,28.33579066849863
CHTR,2017-02-10,325.9800109863281,321.6099853515625,324.55999755859375,26.844403810406913,25.20624647810843,25.335848434119377,25.17806225226757,28.311612486309716
CHTR,2017-02-13,325.1199951171875,319.3999938964844,323.0199890136719,26.954026181185053,25.07915440891933,25.350558011518498,24.910597775425984,27.91814094935754
CHTR,2017-02-14,323.7799987792969,320.260009765625,322.0,26.484941342477914,25.107706800917313,24.767470811847502,24.917289738583083,27.920542402018437
CHTR,2017-02-15,326.17999267578125,320.0199890136719,325.17999267578125,26.322361364766923,25.06060808827648,24.774639883487083,24.920649884283126,27.88991956627144
CHTR,2017-02-16,327.3299865722656,317.0199890136719,324.4599914550781,25.955028418605586,24.921112231786825,24.774098800498976,24.551613921961827,27.892971382302907
CHTR,2017-02-17,327.1000061035156,319.7200012207031,326.54998779296875,25.715337441878432,24.925545449706465,24.735147944327338,24.557154889182804,27.8870958930007
CHTR,2017-02-21,326.9700012207031,321.510009765625,325.1499938964844,25.78477174949744,24.192528101933636,24.745305135640066,24.506601317354107,27.840830926945152
CHTR,2017-02-22,326.1199951171875,322.4599914550781,325.1400146484375,25.6513586364587,24.17320768623303,24.74326213540776,24.427361657906054,27.786153676877355
CHTR,2017-02-23,326.1000061035156,321.1700134277344,324.42999267578125,25.674518007264126,24.12696459242885,24.565052761774542,24.421977182359875,27.784486974391314
CHTR,2017-02-24,327.30999755859375,322.7200012207031,326.75,25.700886711357235,23.783941551042503,24.540261615489413,24.41005302395051,27.525810697233855
CHTR,2017-02-27,328.70001220703125,324.9100036621094,326.7300109863281,25.51532465876834,22.83896589683631,24.5033378824138,24.409455302703616,27.498936749851445
CHTR,2017-02-28,326.7799987792969,320.25,323.05999755859375,25.85359134633584,22.596323042586114,24.582472846432953,24.46097957982235,27.508786423222357
CHTR,2017-03-01,328.1000061035156,321.6600036621094,325.1700134277344,24.964709963311012,22.45206708569894,24.588152864261257,24.463738072928535,27.40737738690015
CHTR,2017-03-02,324.67999267578125,321.8299865722656,323.95001220703125,24.845671444095277,21.900069844768602,24.602514430909086,24.460437110936095,27.369140104922636
CHTR,2017-03-03,323.57000732421875,320.510009765625,322.32000732421875,24.866481712414185,21.80479031966977,24.606364496396594,24.46167701692247,27.368523025487544
CHTR,2017-03-06,324.5400085449219,319.45001220703125,323.7699890136719,24.820547126013594,21.525131739893364,24.60884171848572,24.463137976079334,27.36681585122834
CHTR,2017-03-07,327.0400085449219,322.3599853515625,323.239990234375,24.83768121906802,20.86546141497389,23.770555278459994,24.462453146770496,27.369477303213674
CHTR,2017-03-08,325.0799865722656,321.67999267578125,322.6000061035156,24.846805657489934,20.43146334390484,23.76071054360875,24.466338330681566,27.330566656692262
CHTR,2017-03-09,326.1000061035156,321.42999267578125,323.1400146484375,24.804750956853148,20.421895578053608,23.75144587159449,24.45758034241752,27.274732914455036
CHTR,2017-03-10,325.80999755859375,322.739990234375,323.4800109863281,13.390590657607776,20.390169705098156,23.749353689634024,24.45336652257491,27.254722130192388
CHTR,2017-03-13,325.55999755859375,323.0,324.3399963378906,10.398357308291505,20.01778022805171,23.745900520555523,24.4299774109969,27.229273651932136
CHTR,2017-03-14,326.1600036621094,323.6300048828125,324.6400146484375,10.340436941704045,19.830219982051112,23.719620886638406,23.995310610613483,27.20801812029416
CHTR,2017-03-15,326.8900146484375,323.82000732421875,325.3800048828125,10.330680508842617,19.75968779656888,23.718759947883818,23.988946575867086,27.206590386081924
CHTR,2017-03-16,326.82000732421875,323.3399963378906,323.7200012207031,10.093680806198341,19.6751439351436,23.69118639364959,23.988547074447713,26.625764842469717
CHTR,2017-03-17,326.2699890136719,322.4800109863281,325.80999755859375,10.040746687377037,19.696719123227762,23.590329715986837,23.560972571578226,26.60059834016867
CHTR,2017-03-20,326.30999755859375,322.42999267578125,324.989990234375,9.272541770153413,19.707626302665197,23.476611000919792,23.56315268560649,26.60354099655185
CHTR,2017-03-21,326.2699890136719,319.9800109863281,320.6600036621094,8.443479813590448,19.953318221403272,23.53032284735917,23.574682716214145,26.639678461772203
CHTR,2017-03-22,322.260009765625,318.92999267578125,321.20001220703125,8.427252406968355,19.947258909005107,22.831270774939743,23.569805738680472,26.63464075762334
CHTR,2017-03-23,326.75,319.5,323.6199951171875,8.445613522199118,19.96795724461062,22.594356472500024,23.57754767958734,26.619563272351222
CHTR,2017-03-24,327.739990234375,323.6400146484375,325.3500061035156,8.576781576275758,19.97225205022899,22.412118199318023,23.566099374292975,26.53215038355974
CHTR,2017-03-27,325.760009765625,319.6099853515625,323.1400146484375,8.79376131945904,20.033044301481105,22.462594193544298,23.569065074643973,26.544919813922434
CHTR,2017-03-28,325.7300109863281,320.6000061035156,324.0799865722656,8.724806687643499,20.030512664238245,22.45414939011796,23.54181893017111,26.44849689717837
CHTR,2017-03-29,327.1199951171875,323.2799987792969,325.94000244140625,8.81486266245189,19.74970783676336,22.39455637580439,23.529185524322948,26.451268651553
CHTR,2017-03-30,328.54998779296875,322.5799865722656,328.1199951171875,8.565326958745251,19.669921120898326,22.056373762392067,23.52540247972879,26.44558123319411
CHTR,2017-03-31,330.9100036621094,326.0299987792969,327.32000732421875,8.571302623318806,19.34153274476048,22.029859224283957,23.52236895109995,26.4471893229891
CHTR,2017-04-03,330.80999755859375,325.0199890136719,328.2699890136719,8.41176340645454,19.128295184392012,21.673009847646597,23.411874258734635,26.437207138575687
CHTR,2017-04-04,334.0,326.9599914550781,331.5199890136719,8.750837443951799,19.17426397155092,21.53056655953346,23.42450152452649,26.42238527793467
CHTR,2017-04-05,338.75,329.54998779296875,331.989990234375,8.751156080684588,19.09895171679194,21.119778031205566,23.38162685999637,26.415119416898175
CHTR,2017-04-06,336.9599914550781,330.54998779296875,336.79998779296875,9.557751951801109,19.24760224403903,21.208365564027748,23.352052508903277,26.43480229458045
CHTR,2017-04-07,338.510009765625,330.54998779296875,330.6499938964844,10.958950726035791,19.69046919980902,21.450527690100337,23.39778686989365,26.499485510517605
CHTR,2017-04-10,333.1499938964844,329.55999755859375,331.3699951171875,10.970014178161415,19.59032888436921,20.628962302570155,23.363913481323713,26.468721091571673
CHTR,2017-04-11,332.6600036621094,328.0,332.29998779296875,10.40230960952089,19.585342440672452,20.51445342521257,23.31140442663795,26.46750850361204
CHTR,2017-04-12,335.69000244140625,330.5400085449219,334.57000732421875,10.416519679070458,18.98392298479737,20.514193947363704,23.26646941789651,26.452115947898967
CHTR,2017-04-13,335.70001220703125,329.6499938964844,330.0,11.183647391029858,19.141858621447984,20.600092349207912,23.337456939103017,26.47443221671103
CHTR,2017-04-17,332.7099914550781,329.0799865722656,330.3599853515625,11.054390071484498,19.092143573580092,20.50005749438363,23.336951769584132,26.458550135950677
CHTR,2017-04-18,331.0,325.95001220703125,328.17999267578125,11.202054671587366,19.114376922176298,20.542767512258038,23.2973561686117,26.456204622744544
CHTR,2017-04-19,335.9599914550781,328.30999755859375,333.6099853515625,12.095287832193701,19.37224652605824,20.063922235899895,23.358416982272377,26.463487701454262
CHTR,2017-04-20,337.04998779296875,333.17999267578125,335.5899963378906,12.139677701377877,19.38840084960011,20.05970497973629,23.360762767800754,26.24892538082046
CHTR,2017-04-21,339.6400146484375,335.739990234375,338.4800109863281,12.320776683117176,19.41809568452825,20.028356169761004,23.369974912189125,26.251598501740535
CHTR,2017-04-24,342.1400146484375,338.739990234375,340.3599853515625,12.37365499962192,12.96083456257198,19.79739251637206,23.371875931386747,26.23014789690349
CHTR,2017-04-25,345.29998779296875,340.8900146484375,344.5,12.734152478520667,11.62906299873352,19.153780743950215,23.36299032455787,25.895468267446688
CHTR,2017-04-26,350.3800048828125,344.8500061035156,345.3999938964844,12.731033452324208,11.618996162727116,18.864185892448226,23.350348645505523,25.86437085109698
CHTR,2017-04-27,350.3500061035156,346.1000061035156,348.79998779296875,12.926832433296504,11.730700903951442,18.796831145835544,21.607015396992562,25.802154470664
CHTR,2017-04-28,349.989990234375,342.7799987792969,345.1600036621094,13.284339218831331,11.861328741060143,18.508373429956787,21.632843026834436,25.79491744567457
CHTR,2017-05-01,347.25,341.8699951171875,344.1400146484375,13.299269656458765,11.760125895879405,18.405694085718114,21.57653127179199,25.780701739605977
CHTR,2017-05-02,340.1300048828125,333.20001220703125,337.69000244140625,14.554958498868656,12.17164446484323,18.50207722728626,21.712553647410427,25.80033092193933
CHTR,2017-05-03,337.4800109863281,321.44000244140625,324.489990234375,18.390728669834854,14.195541923126498,19.188447063403995,22.245570995345183,26.060065752131912
CHTR,2017-05-04,327.3999938964844,322.25,322.6000061035156,18.47407949748777,14.238973749473702,18.95558362381391,22.197036426456528,26.069418474089606
CHTR,2017-05-05,334.8699951171875,324.510009765625,334.7799987792969,21.271375457307013,16.08175798612635,19.776527071374492,22.597584968847325,26.30604322486892
CHTR,2017-05-08,331.0,321.7200012207031,323.80999755859375,23.446126446326268,17.503751925870294,20.534839901285526,22.928956241137,26.538324226775963
CHTR,2017-05-09,327.8299865722656,320.1199951171875,325.5199890136719,23.409481526487742,17.534691864756734,20.302047957045072,22.902656759253162,26.5405994629228
CHTR,2017-05-10,327.17999267578125,323.0899963378906,325.5799865722656,23.395893696154083,17.50607077060249,20.178013175028298,22.90257420573989,26.512119213742242
CHTR,2017-05-11,327.1199951171875,323.20001220703125,324.6099853515625,23.35184649728886,17.50467113306946,20.139280491879603,22.905673990382997,26.515522667157832
CHTR,2017-05-12,326.6000061035156,321.79998779296875,322.0,23.369470796923558,17.465674952573114,20.12297173504123,22.92966004991087,26.48025537926551
CHTR,2017-05-15,324.29998779296875,320.6300048828125,321.07000732421875,23.372879650177936,17.469615829415417,20.132748338353515,22.935199012081398,26.48378699295707
CHTR,2017-05-16,324.04998779296875,319.2099914550781,320.010009765625,23.360380948229874,17.426441544875903,20.1341195387111,22.93123477636104,25.925370856267737
CHTR,2017-05-17,320.3599853515625,312.489990234375,313.1099853515625,23.895352349110137,17.957296645289023,20.452950709863426,23.088672305406725,26.030889481249154
CHTR,2017-05-18,317.8699951171875,312.55999755859375,315.8800048828125,24.079927296999077,18.06093029124115,20.491646658238253,23.05118969966038,23.581060459292484
CHTR,2017-05-19,318.3999938964844,313.9200134277344,315.7799987792969,23.601046201832983,18.05745758790888,20.487388340485005,23.048225654994326,23.581541896654183
CHTR,2017-05-22,318.510009765625,315.5199890136719,316.4200134277344,23.11444798724901,17.996206507607614,20.47891833346748,22.473337005928663,23.470782615095047
CHTR,2017-05-23,320.4800109863281,314.5,318.7900085449219,23.2372889939796,18.070567909622355,20.499672786594186,22.454934316465454,23.18902681218248
CHTR,2017-05-24,332.2799987792969,318.29998779296875,329.0400085449219,25.107263222154746,19.08044286689997,21.06880668123351,22.71999165628494,23.34690810904464
CHTR,2017-05-25,336.2799987792969,329.0,333.760009765625,25.38187039454609,19.252872355235272,21.01372684138269,22.7465122843305,23.341167116758726
CHTR,2017-05-26,338.9100036621094,333.010009765625,337.44000244140625,25.235451706277228,19.352117028168774,21.017423745940736,22.4218415467986,23.150513419140534
CHTR,2017-05-30,340.0,334.8500061035156,338.9200134277344,25.25734240670333,19.329388809740948,20.81525371245998,22.31859618203144,23.15067026730896
CHTR,2017-05-31,345.8500061035156,338.7300109863281,345.54998779296875,25.708540895239057,19.68688528761328,20.88667364657802,22.31761332012578,23.20880218773887
CHTR,2017-06-01,354.04998779296875,339.4700012207031,346.3900146484375,25.330838990984567,19.68049625132751,20.870844791598326,22.21907931896861,22.917128865146484
CHTR,2017-06-02,353.3699951171875,347.5,353.0299987792969,25.818526246476953,20.004376346240374,21.014942292850353,22.30777541658755,22.982457304331856
CHTR,2017-06-05,355.0,343.7200012207031,344.42999267578125,26.825631648372863,20.710381550701435,21.414049471541222,22.5196737404141,23.08893006089804
CHTR,2017-06-06,345.5199890136719,341.7099914550781,342.8299865722656,26.824629097406643,20.743528689860096,21.4301430732946,22.52900125287023,23.039543652793935
CHTR,2017-06-07,347.010009765625,341.6400146484375,345.8800048828125,26.716679314790632,20.803924739347025,21.41139042305685,22.494446285827642,23.043370214482326
CHTR,2017-06-08,345.239990234375,333.3800048828125,337.45001220703125,27.65086868971017,21.462714183672155,21.80641296621853,22.699837593607576,23.178677890750293
CHTR,2017-06-09,340.1300048828125,329.9700012207031,332.8399963378906,27.710848907591068,21.66122696559409,21.58329572625425,22.391007439776363,23.228833669594472
CHTR,2017-06-12,339.239990234375,329.0400085449219,338.6499938964844,28.100799479982104,21.904358629940347,21.692762396353302,22.454212303667028,23.28177635373453
CHTR,2017-06-13,344.2200012207031,335.989990234375,341.80999755859375,28.23661602172826,21.943738827219025,21.704146690888454,22.471092675664686,23.292613182539284
CHTR,2017-06-14,344.1700134277344,336.1300048828125,338.3299865722656,27.84641278326751,22.050246360628105,21.753463042297806,22.48421840257791,23.31450085922017
CHTR,2017-06-15,340.57000732421875,333.5,338.3399963378906,25.14389811327669,21.854762446413222,21.753924235611326,22.47800932069631,23.306228769994263
CHTR,2017-06-16,340.989990234375,331.0799865722656,340.2200012207031,25.075628547798058,21.875002389432822,21.763710845557984,22.481060961424966,23.309382901312684
CHTR,2017-06-19,345.19000244140625,339.9700012207031,340.260009765625,22.73469029668122,21.832916582281847,21.747161810984917,22.37416982257877,23.307056715949077
CHTR,2017-06-20,339.92999267578125,329.42999267578125,333.6099853515625,21.270908684240617,22.21358764532024,18.884474614184217,22.49140584603058,23.405176322981834
CHTR,2017-06-21,335.3699951171875,332.8699951171875,333.8800048828125,21.232293462218752,22.16243841761962,18.29281928108436,22.47179387751774,23.397606344224542
CHTR,2017-06-22,340.239990234375,333.5400085449219,334.1300048828125,21.231396906105683,22.157037407580187,18.28415411996529,22.46678198660218,23.39514179053598
CHTR,2017-06-23,335.42999267578125,326.3999938964844,330.79998779296875,21.438966451918517,22.23349847901988,18.351619707403742,22.504380828728888,23.40453056609684
CHTR,2017-06-26,333.6400146484375,330.1700134277344,332.6499938964844,21.32218198985793,22.221184447353554,18.318967623345635,22.507797810461597,23.09345965745499
CHTR,2017-06-27,332.2900085449219,327.1400146484375,329.8699951171875,21.47039194141617,22.28509987155693,18.329101205026415,22.526424975447743,23.111902091812865
CHTR,2017-06-28,340.95001220703125,329.239990234375,340.29998779296875,23.138758730437573,23.168424753226184,18.86725708474865,22.8023554487677,23.285422918862874
CHTR,2017-06-29,340.19000244140625,332.1300048828125,335.739990234375,22.511557988361545,23.263963633805083,18.74953082822528,22.387591517485934,23.01055963886107
CHTR,2017-06-30,338.4100036621094,332.3999938964844,336.8500061035156,22.4302046972257,23.271337717018632,18.752565531829347,22.37994452506225,23.007694694517873
CHTR,2017-07-03,339.45001220703125,328.6499938964844,328.6700134277344,23.726594451562125,23.62743602927839,19.133744353523692,22.588485406659913,23.110303901268185
CHTR,2017-07-05,335.239990234375,328.79998779296875,335.1099853515625,24.29838788441469,23.66705791651753,19.374339827544816,22.68585113698585,23.177549855654075
CHTR,2017-07-06,335.5199890136719,331.05999755859375,332.17999267578125,24.43175344126755,23.73489102415759,19.425853721720298,22.71732980588645,23.198322214431233
CHTR,2017-07-07,334.42999267578125,330.5799865722656,332.42999267578125,22.683266340889226,23.728419302751988,19.409522849384892,22.697608269641265,23.18609452192789
CHTR,2017-07-10,338.3999938964844,332.1000061035156,336.6000061035156,22.594314546647325,23.82582161311112,19.49717926157067,22.735506036424248,23.197545795909186
CHTR,2017-07-11,339.8500061035156,334.44000244140625,337.8500061035156,22.393123965084303,23.660302673133987,19.44633846064549,22.70917289563308,23.177308933945554
CHTR,2017-07-12,344.8299865722656,339.04998779296875,342.6499938964844,22.731897331412505,23.826526761992792,19.563116132354864,22.701475022766825,23.200620443504807
CHTR,2017-07-13,343.2300109863281,338.0,339.0400085449219,22.207480368217862,23.891792011319417,19.619385304600335,22.667055228992112,23.224794435207777
CHTR,2017-07-14,344.510009765625,335.7900085449219,342.79998779296875,22.449127711243847,23.76425159359232,19.677246920680393,22.654835177127065,23.237892177907973
CHTR,2017-07-17,345.2799987792969,341.95001220703125,342.30999755859375,21.68806698927654,23.739781593116575,19.67951401923882,22.274231876731882,23.16253712098246
CHTR,2017-07-18,345.4200134277344,338.3999938964844,344.6300048828125,20.59703163859627,23.71570051694847,19.699451973036872,22.15161066791164,23.16459986993888
CHTR,2017-07-19,347.260009765625,342.9700012207031,346.6099853515625,20.612091890995785,23.71752499073262,19.688926620872067,22.041289752195265,23.139418279510913
CHTR,2017-07-20,349.6700134277344,344.32000732421875,345.29998779296875,20.484806945569396,23.603430156783055,19.700941360476627,22.051126146047707,23.08785642723953
CHTR,2017-07-21,351.8699951171875,345.29998779296875,350.07000732421875,19.472587579416846,23.76438785902466,19.718188999136586,22.093041983608728,23.061107208440852
CHTR,2017-07-24,350.42999267578125,345.25,348.0799865722656,19.06994016581327,23.70994143180461,19.7235047922769,22.069190116202307,23.046371897950163
CHTR,2017-07-25,350.8900146484375,346.5799865722656,348.0,18.474346690443227,23.6097075442333,19.711236098456418,21.889433646905953,23.01056608638954
CHTR,2017-07-26,351.67999267578125,346.0299987792969,348.7699890136719,18.308506479049587,23.604522816720973,19.69090110007108,21.860896630745664,22.974835399510184
CHTR,2017-07-27,370.9599914550781,353.0199890136719,366.8999938964844,23.05219434228729,25.43227765751755,21.21772088488354,22.411857111101426,23.493214683562158
CHTR,2017-07-28,372.3699951171875,361.0,370.260009765625,23.1110054683346,23.97806432135647,21.24910883705879,22.329539280817226,23.504418138124908
CHTR,2017-07-31,399.9100036621094,385.3999938964844,391.9700012207031,27.911438655567327,26.411201801223065,23.002312818675563,23.05025331487321,24.10127303315606
CHTR,2017-08-01,392.9700012207031,383.7300109863281,387.4200134277344,28.2871772665038,25.622930641391008,23.10375625027857,23.106554964995876,24.138564812419826
CHTR,2017-08-02,388.25,381.70001220703125,385.5400085449219,27.50534840891894,24.569149422293485,23.127802151868423,23.116287633236524,24.1465579442224
CHTR,2017-08-03,387.4100036621094,383.2900085449219,384.29998779296875,27.581154798406676,24.595913307251212,23.140791760030325,22.709840304561176,24.149314904353613
CHTR,2017-08-04,386.0,380.55999755859375,384.6300048828125,27.579809229654472,24.59327827028259,23.140850346368254,22.65484609150263,24.14832612519778
CHTR,2017-08-07,386.45001220703125,380.7699890136719,381.0199890136719,27.553153802798814,24.693062607929292,23.207891792084993,22.689362425131108,24.148812391646572
CHTR,2017-08-08,393.239990234375,378.260009765625,389.75,28.039990871721166,24.92391556911715,23.421687436892295,22.781740934475433,24.228571995119434
CHTR,2017-08-09,408.8299865722656,386.3800048828125,400.8999938964844,28.491919602328686,25.410290714672275,23.782241605559538,22.93915103561232,23.18230644530287
CHTR,2017-08-10,404.05999755859375,396.7200012207031,398.67999267578125,27.70935835915213,25.44089788801509,23.80201987858698,22.955400272337254,23.178633087074516
CHTR,2017-08-11,402.45001220703125,392.6000061035156,394.489990234375,27.549698159670616,25.062080140986964,23.759202463013885,22.708122620725664,23.169882648434736
CHTR,2017-08-14,405.3299865722656,397.0,401.0799865722656,27.730608200971396,25.17781270440303,23.87022335283751,22.76609225998779,23.21759479418497
CHTR,2017-08-15,403.3599853515625,395.9200134277344,397.7300109863281,26.560299294488388,25.290715942167157,23.91394817753845,22.77186523862728,23.23292412021682
CHTR,2017-08-16,402.489990234375,397.17999267578125,400.7799987792969,26.275443180710674,25.29962488427559,23.924782626949646,22.666626531412646,23.193512084660174
CHTR,2017-08-17,401.6499938964844,393.1700134277344,393.3599853515625,26.90777708895109,25.708379860234576,24.11070913511372,22.45962432875305,23.28341494222716
CHTR,2017-08-18,396.2699890136719,390.7099914550781,392.9700012207031,26.940009625502263,25.04386555632815,24.114783624692894,22.32932978003464,23.254676022061254
CHTR,2017-08-21,396.8999938964844,391.3800048828125,396.45001220703125,26.87961062118574,24.964006058751412,24.13217296179976,22.29763705288193,23.241985045381302
CHTR,2017-08-22,399.989990234375,395.0,397.04998779296875,26.89953213578797,24.908161787200257,24.12044660571781,22.11584267797598,23.241368850698823
CHTR,2017-08-23,396.2900085449219,390.260009765625,390.3299865722656,27.531005289644384,25.232582043381136,24.298696701113514,22.17298664543922,23.315380097040713
CHTR,2017-08-24,391.5299987792969,384.239990234375,389.2300109863281,27.2554906675605,25.00209696460598,24.30884492079393,22.08023864784807,23.316871537210503
CHTR,2017-08-25,392.5299987792969,387.510009765625,388.7900085449219,27.23416323608398,25.010034864469738,24.2776371309423,21.85848840295124,23.318589963223992
CHTR,2017-08-28,391.20001220703125,385.94000244140625,389.2300109863281,27.198270416840163,24.75613444032581,24.27773242012307,21.723709283643316,23.310219838043412
CHTR,2017-08-29,390.1700134277344,385.55999755859375,388.82000732421875,27.230715425679016,24.150723411551738,24.194198314021005,21.724365317725496,23.308850572786987
CHTR,2017-08-30,395.1600036621094,388.2200012207031,393.3699951171875,27.316540049094414,24.18909046606393,24.036043563358547,21.746743742144194,23.294072593984634
CHTR,2017-08-31,398.8800048828125,392.6600036621094,398.5400085449219,27.323839151337786,24.253009870923716,24.103078011593286,21.66701355250763,23.319968616267744
CHTR,2017-09-01,399.3399963378906,391.8699951171875,392.4800109863281,27.7906242973149,23.880588037025717,24.256008057438507,21.702298673739076,22.990065354142725
CHTR,2017-09-05,395.67999267578125,388.010009765625,393.32000732421875,27.649973424488515,23.638905442134245,24.2421256816847,21.679913450262564,22.970429513801776
CHTR,2017-09-06,403.6499938964844,389.29998779296875,402.5,28.15500318901431,23.81906571742827,24.352351025192405,21.786759073277942,23.05415427627966
CHTR,2017-09-07,404.7200012207031,387.8900146484375,395.6400146484375,28.86554993216665,24.130839954417176,24.541638084152112,21.902943585698985,23.112175064594183
CHTR,2017-09-08,395.6000061035156,387.0,392.8999938964844,25.43090261316676,24.066493168733267,24.54456736061757,21.923419181505214,22.874514872732522
CHTR,2017-09-11,397.3900146484375,380.69000244140625,381.010009765625,27.069741105037476,25.00807483862034,24.967408676387628,22.25560112815517,23.026394858846455
CHTR,2017-09-12,386.1600036621094,374.70001220703125,381.57000732421875,21.239334341555246,24.99722680895651,24.95658039402154,22.25399373383228,22.955327395204293
CHTR,2017-09-13,386.0,379.4800109863281,385.1300048828125,21.183716262961248,25.03971027184176,24.96212825176693,22.26896580760352,22.900393812888282
CHTR,2017-09-14,384.760009765625,375.760009765625,376.0,22.248488501959635,25.212508757159995,25.272472707667582,22.470003253595486,23.036003527748225
CHTR,2017-09-15,377.4100036621094,367.69000244140625,369.4700012207031,22.761756850252652,25.527136729281217,25.378494590183536,22.577195147749652,23.11147686575046
CHTR,2017-09-18,371.510009765625,365.8999938964844,368.1700134277344,22.760892121816276,25.548867806832416,25.38542663617458,22.58272105480158,23.115126614458216
CHTR,2017-09-19,369.8399963378906,360.42999267578125,364.0199890136719,22.825516145698444,25.575952942329955,25.413021576917927,22.552472651866225,23.114869050488345
CHTR,2017-09-20,371.5,363.5,367.010009765625,21.858432487904835,25.59882035028924,25.381666707915524,22.542645628493283,23.11998128732026
CHTR,2017-09-21,366.3999938964844,359.0899963378906,361.0799865722656,20.26037089811431,25.78150347486412,25.51728396806416,22.52952992211381,22.921809100421065
CHTR,2017-09-22,363.3299865722656,358.75,360.29998779296875,20.254158570695772,25.03983410215436,25.330954785856825,22.466396259068485,22.91056324443516
CHTR,2017-09-25,360.0400085449219,356.1099853515625,357.5799865722656,20.18036150685071,24.92322337394749,24.521777992999226,22.47971936742125,22.9243041904344
CHTR,2017-09-26,361.010009765625,356.5799865722656,359.0400085449219,19.423648945262798,24.92671299047455,24.502171401144242,22.46530788477887,22.907480876301577
CHTR,2017-09-27,365.5,356.8800048828125,362.8500061035156,19.79795556739484,24.417547927808425,23.864130271125518,22.48414011503191,22.922355785936148
CHTR,2017-09-28,362.5400085449219,357.260009765625,360.95001220703125,19.543501721746775,24.1733618162139,23.25065126337673,22.492953368763125,22.928925175822787
CHTR,2017-09-29,365.010009765625,357.67999267578125,363.4200134277344,19.215264574407,24.108519696414696,23.259064248945858,22.47818385022626,22.86192367736675
CHTR,2017-10-02,366.5199890136719,362.8699951171875,364.1099853515625,19.254977018875252,24.10814857833,23.258934201704754,22.47545934484111,22.847856976501813
CHTR,2017-10-03,370.25,363.2300109863281,369.510009765625,19.630105778724126,24.156291848552993,23.34909580984146,22.34646427287221,22.87392865404605
CHTR,2017-10-04,371.760009765625,367.6000061035156,371.0899963378906,19.69328066819682,24.15869545335255,23.305196143819476,22.323484617308626,22.872212486750165
CHTR,2017-10-05,374.989990234375,369.510009765625,369.7200012207031,19.194124658869082,24.039126939498402,23.30934399469848,22.315581203019903,22.876280768990213
CHTR,2017-10-06,370.8500061035156,366.6000061035156,367.3999938964844,19.23640707698884,23.964609204887203,23.329554592016542,22.319056252622836,22.887111312776973
CHTR,2017-10-09,368.69000244140625,364.6400146484375,366.04998779296875,19.241471568025034,23.90008928159687,23.046937270847828,22.325842478500284,22.885230919507503
CHTR,2017-10-10,368.1600036621094,362.8599853515625,364.9200134277344,19.220500659143053,23.910006222967496,23.02911633990484,22.329611823469556,22.888423554203516
CHTR,2017-10-11,366.9700012207031,361.0299987792969,365.1199951171875,19.234038081957074,23.88075104396442,23.027843621606504,22.320404771645126,22.547020048962587
CHTR,2017-10-12,363.0,352.510009765625,355.7099914550781,19.98874787186314,24.49292931175574,23.439470032516876,20.94090165030523,22.70835600017059
CHTR,2017-10-13,360.2200012207031,347.5400085449219,357.3999938964844,19.535550365437192,24.49253707245925,23.4248489782588,20.648563628018465,22.708680869193582
CHTR,2017-10-16,362.7799987792969,357.6099853515625,362.6000061035156,19.88942801165152,24.50960528038391,23.01015751908863,20.710328423047528,22.744233964693667
CHTR,2017-10-17,362.5899963378906,356.69000244140625,357.8399963378906,20.065910183340648,24.63994628044464,23.019865471593665,20.771447460211213,22.790316831818362
CHTR,2017-10-18,357.5,350.760009765625,352.07000732421875,18.797089725477257,24.876889632086748,23.11615790496956,20.842198703594015,22.84320763938301
CHTR,2017-10-19,353.5899963378906,348.42999267578125,351.6700134277344,18.424635577025192,24.874758761411684,23.10873225558639,20.821813265260943,22.844394656593913
CHTR,2017-10-20,355.5,350.239990234375,350.760009765625,18.4057977125887,22.537947782888885,22.911152730142923,20.769710775977757,22.828828115202743
CHTR,2017-10-23,351.0199890136719,344.1600036621094,345.07000732421875,16.994395824473077,22.66585605018352,23.057164531814394,20.740433989602856,22.858705903923592
CHTR,2017-10-24,345.2300109863281,339.5299987792969,340.260009765625,17.20895539862133,19.30726196012873,22.959301429462244,20.80892826344944,22.849430942822018
CHTR,2017-10-25,345.510009765625,336.57000732421875,344.9100036621094,17.5344286389741,19.47944405022624,22.73064505181384,20.85203915277098,22.857146627256732
CHTR,2017-10-26,328.0899963378906,312.4100036621094,316.2900085449219,29.29338743139066,26.089232560186716,26.560909251463887,23.250503137489602,24.244289786001957
CHTR,2017-10-27,321.9100036621094,308.29998779296875,319.760009765625,29.460429404651062,26.251311053831632,26.58192286291859,23.2866600175234,24.18624645975975
CHTR,2017-10-30,329.7200012207031,316.760009765625,323.9800109863281,29.914862793223506,26.44886373027274,26.393630944688358,23.33209779740921,24.13480104691741
CHTR,2017-10-31,339.4200134277344,321.82000732421875,334.1700134277344,31.515389925928815,27.30226699735876,26.770080099975118,23.61440917458394,24.319239212125122
CHTR,2017-11-01,340.739990234375,335.4700012207031,338.2200012207031,31.652623683346814,26.97464670939166,26.69666581872468,23.628595127116977,24.342353972603583
CHTR,2017-11-02,341.6700134277344,334.6499938964844,337.6600036621094,31.39066362823055,26.212645187833367,26.656114612607663,23.627876086006435,24.31371148888395
CHTR,2017-11-03,340.5799865722656,328.0,335.42999267578125,31.41641195568478,26.218274849422578,26.627421502559496,23.63011486778318,24.21568893938426
CHTR,2017-11-06,361.2799987792969,336.6300048828125,348.3999938964844,33.46533470079709,27.465600982813754,27.30304621289302,24.043050972616747,24.472330948317815
CHTR,2017-11-07,353.989990234375,342.2900085449219,343.010009765625,33.69757949289521,27.323884053212637,27.405551488916647,24.117210519772136,24.390601648992796
CHTR,2017-11-08,343.8399963378906,335.510009765625,337.8999938964844,33.71592868193004,27.417268690304248,27.510056264461173,24.183438548907077,24.372913483497356
CHTR,2017-11-09,342.3399963378906,333.05999755859375,341.20001220703125,33.88370222677601,27.45410845560362,27.37105765732642,24.195798103574916,24.232665630549885
CHTR,2017-11-10,343.3999938964844,337.2099914550781,338.44000244140625,33.827188994819394,27.27583676899518,27.402906442144776,24.216002471997193,24.24776095539324
CHTR,2017-11-13,343.9100036621094,337.07000732421875,343.7200012207031,34.203216360117764,27.522692279833155,27.510873305127692,24.244351961364867,24.28680054267773
CHTR,2017-11-14,344.0,333.9700012207031,336.80999755859375,34.22888157027024,27.670159397404596,27.657078452666404,24.355739403966304,24.116441440645936
CHTR,2017-11-15,337.6600036621094,330.5,334.2200012207031,34.18131650298377,27.674569819661514,27.671574307631392,24.369296566255333,24.10111932812474
CHTR,2017-11-16,340.9200134277344,328.5,340.6300048828125,34.79657263432502,27.87061295779131,27.80023786224864,24.4626786964231,24.161278685242014
CHTR,2017-11-17,349.5400085449219,338.9599914550781,341.5400085449219,34.81377688027446,27.88867201209884,27.361059861067123,24.459245826632518,24.130835404307437
CHTR,2017-11-20,348.3800048828125,337.9599914550781,338.3699951171875,34.86974232241462,27.9260585643273,27.31659276159081,24.484703164375656,24.125369994440135
CHTR,2017-11-21,344.8500061035156,337.6400146484375,338.4200134277344,34.87858157731108,27.921602772918174,27.31170937300312,24.483261759542184,24.121633988097994
CHTR,2017-11-22,339.489990234375,332.44000244140625,334.2699890136719,34.98013352424962,27.995232329498187,27.098970953728536,24.52801727996179,23.93995355912732
CHTR,2017-11-24,335.44000244140625,326.20001220703125,328.9800109863281,34.51632381537444,27.97037349171617,27.041318516428635,24.60199099051298,23.996172403668165
CHTR,2017-11-27,327.69000244140625,319.5,321.8399963378906,34.88732463260605,28.032927089430366,27.22788492118416,24.737714915137932,24.077986218085147
CHTR,2017-11-28,327.9700012207031,317.92999267578125,325.8900146484375,34.805107855874645,28.1143100535875,27.303444602772654,24.7820028302648,24.041010582841636
CHTR,2017-11-29,332.0199890136719,324.19000244140625,331.6700134277344,35.204756413676606,28.413702609665435,27.375808897106218,24.867617930837607,23.852915748859
CHTR,2017-11-30,330.9100036621094,321.0,326.2099914550781,35.21652512315962,28.028957163313017,27.492567742522027,24.938589123002767,23.837198415154383
CHTR,2017-12-01,340.54998779296875,321.94000244140625,336.2699890136719,36.48705525505319,28.723231398865924,27.829492830293706,25.184601283961044,23.996725243532524
CHTR,2017-12-04,347.4800109863281,329.19000244140625,334.0,36.51811776870401,28.722142898925757,27.79974625022258,25.19603618660896,23.901191922692952
CHTR,2017-12-05,338.9200134277344,330.4599914550781,330.95001220703125,36.32533331883732,28.1580680108765,27.777937815421687,25.168883017515896,23.8749671526024
CHTR,2017-12-06,334.6700134277344,321.3500061035156,322.6400146484375,36.81669776471179,28.53938736159828,28.06147831907878,25.34982349817708,23.94262186531192
CHTR,2017-12-07,330.44000244140625,320.6499938964844,325.2200012207031,36.64905274120855,28.516760214505414,28.070198084297203,25.35178741516986,23.79249746521236
CHTR,2017-12-08,329.4599914550781,320.70001220703125,324.5,26.450695140235048,28.17329377674273,28.053076831988328,25.345284859046135,23.716155927951867
CHTR,2017-12-11,332.989990234375,323.8399963378906,331.489990234375,26.961181026181436,28.40941688511554,28.26399811760402,25.457287222586793,23.806039436496437
CHTR,2017-12-12,332.989990234375,326.6000061035156,329.989990234375,26.76819125771598,28.412780054868914,28.180166490444027,25.461139595838794,23.80860718399294
CHTR,2017-12-13,334.1499938964844,323.7699890136719,329.0,25.18450461697202,28.344879001764976,28.170969804887168,25.454947258870643,23.722511802643062
CHTR,2017-12-14,330.9200134277344,323.3900146484375,328.67999267578125,24.901081261958637,28.270772358961626,28.170992652828396,25.443047970170866,23.67642961501839
CHTR,2017-12-15,331.9800109863281,321.30999755859375,322.30999755859375,25.4795857771816,28.350296166068567,28.328005259199806,25.546792460857993,23.742096960716847
CHTR,2017-12-18,326.989990234375,321.54998779296875,323.2300109863281,25.463582404511293,28.366870474222218,27.107360382085783,25.546714605012543,23.722968203467055
CHTR,2017-12-19,324.3399963378906,316.42999267578125,316.9700012207031,23.122405777911652,28.576373164312873,27.209746063699768,25.622529880667607,23.806868217212187
CHTR,2017-12-20,317.2799987792969,312.5299987792969,316.3800048828125,22.820958343142685,28.548274202848685,25.53974995281993,25.62246634565942,23.80320459185833
CHTR,2017-12-21,336.8299865722656,316.7799987792969,332.94000244140625,27.30720616704472,30.45553012256747,26.849596503879443,26.275701930224045,24.33550194631873
CHTR,2017-12-22,341.1099853515625,331.489990234375,338.20001220703125,27.55421007107436,30.644869497056686,26.98203549773483,26.24997011354488,24.382203977816708
CHTR,2017-12-26,340.5,336.1000061035156,340.3999938964844,27.518806581826027,30.64124644969174,27.008508442402206,26.259655670764186,24.387861752360976
CHTR,2017-12-27,341.5,332.30999755859375,333.25,27.801879916838423,30.910274715289844,27.192345234878335,26.37914185214526,24.48205750639935
CHTR,2017-12-28,339.7799987792969,333.0,338.0299987792969,27.52207207681256,30.899682366019494,27.27468200514183,26.42071904272282,24.518696182204216
CHTR,2017-12-29,342.0199890136719,333.82000732421875,335.9599914550781,27.486809419501164,30.890574414150958,27.01554373441471,26.38002629987648,24.525967978615316
CHTR,2018-01-02,352.82000732421875,337.7699890136719,348.9700012207031,29.12018453797665,31.936896269042357,27.332177778405793,26.75820629556774,24.761725353818264
CHTR,2018-01-03,364.3800048828125,349.5899963378906,353.0299987792969,29.283386182350906,32.019203229657414,27.400789707606066,26.77846784885421,24.77126795280177
CHTR,2018-01-04,358.0,346.9700012207031,349.7900085449219,29.280157807561707,32.06158124938062,27.38993585748453,26.734492710755823,24.716431371077523
CHTR,2018-01-05,354.3999938964844,349.0799865722656,350.8800048828125,29.284323924437768,32.06749230027066,27.250662443855454,26.72819801946662,24.671727091682396
CHTR,2018-01-08,360.19000244140625,351.6300048828125,356.54998779296875,29.298434749520162,32.24873497493879,27.365293157604253,26.775412831142937,24.712228609736567
CHTR,2018-01-09,358.7699890136719,354.1499938964844,354.760009765625,28.880099372951435,31.817300698845596,27.33628672525612,26.775449705312415,24.70867856501917
CHTR,2018-01-10,356.4599914550781,347.5299987792969,350.8299865722656,28.247935709126875,31.881678584981277,27.239608217806065,26.771668600734433,24.730107584412075
CHTR,2018-01-11,356.19000244140625,348.32000732421875,355.2699890136719,28.250042528152296,31.847028029808328,27.326556633928806,26.810760972904536,24.75594699463275
CHTR,2018-01-12,359.55999755859375,353.0799865722656,354.0,27.957223232636156,31.741717966031118,27.283928815383497,26.789766245260854,24.744771131494595
CHTR,2018-01-16,356.5400085449219,349.8699951171875,352.92999267578125,27.437260686702103,31.57087089015789,27.282244303224225,26.762840251763663,24.745096814831946
CHTR,2018-01-17,359.989990234375,352.07000732421875,357.8399963378906,26.381508986536907,31.695532553059834,27.264855560352302,26.809200849265352,24.654716085788444
CHTR,2018-01-18,365.25,356.489990234375,365.25,26.76800709898144,31.95796849290665,27.47282479530016,26.818752589566298,24.719168285953756
CHTR,2018-01-19,370.0,362.79998779296875,366.04998779296875,26.521096089993325,31.761266164142093,27.476353793517788,26.387028679321055,24.708835862437322
CHTR,2018-01-22,371.0,366.0,370.25,25.16028670551236,31.67525628749135,27.541222605955667,26.40603673343527,24.72265968822979
CHTR,2018-01-23,372.0,366.1600036621094,369.25,25.22579705541441,31.58376254635552,27.54331413590581,26.05338648529414,24.725034550238263
CHTR,2018-01-24,377.05999755859375,367.2699890136719,376.17999267578125,25.48323298982838,25.955871434593025,27.643441603640095,25.82659181509701,24.788877184269563
CHTR,2018-01-25,378.3800048828125,371.70001220703125,375.1400146484375,25.090405072720877,25.92669799432081,27.560685846722443,25.824669935912397,24.785141517881453
CHTR,2018-01-26,378.1400146484375,374.30999755859375,377.0,24.956200709212446,25.84000149947504,27.47285602882819,25.82924752810732,23.764110996832425
CHTR,2018-01-29,376.6199951171875,370.7099914550781,374.5,25.072910574774994,25.21399296575877,27.48760644871168,25.84049186969406,23.587097883404898
CHTR,2018-01-30,377.9800109863281,371.8399963378906,376.57000732421875,25.024395885489298,25.137111726013593,27.244738264945422,25.8248530110886,23.58998841118988
CHTR,2018-01-31,379.3299865722656,373.2099914550781,377.25,23.980286417550907,25.126844380568425,27.118050807482923,25.82119954347087,23.5880981836456
CHTR,2018-02-01,380.260009765625,371.1400146484375,371.17999267578125,24.769905053968465,25.341079712519036,27.214157630680692,25.895894514122965,23.63308087808082
CHTR,2018-02-02,396.6400146484375,375.5,387.5,26.071093192662758,25.671443617431567,27.64873657104895,26.23243725768574,23.998616438142946
CHTR,2018-02-05,395.0,371.4700012207031,372.57000732421875,29.207070157595737,26.79116238514481,28.34821656382229,26.649671972309775,24.296609123831754
CHTR,2018-02-06,370.9599914550781,360.1199951171875,369.75,26.02787755394663,26.640158823007898,28.330510693283628,26.668336226665843,24.233323876334293
CHTR,2018-02-07,370.5199890136719,360.05999755859375,363.54998779296875,26.413397757420633,26.847490157006387,28.202466492149565,26.75084136135929,24.295324453308208
CHTR,2018-02-08,363.0400085449219,346.1300048828125,348.6499938964844,29.320056862202392,28.195874590102104,28.83706749382351,27.209543342638987,24.651099990537105
CHTR,2018-02-09,355.55999755859375,343.1499938964844,349.42999267578125,28.56729800347162,28.025354028384065,28.836590622379898,26.95689648134607,24.650795991683445
CHTR,2018-02-12,360.3800048828125,350.0,357.8800048828125,29.071601176635454,28.102725991913097,29.04190349348998,27.0510303758787,24.762809938025217
CHTR,2018-02-13,357.489990234375,353.4100036621094,355.67999267578125,29.072173153996484,28.08391236464662,29.026195506966907,27.03266130138107,24.766152125210546
CHTR,2018-02-14,359.2900085449219,352.010009765625,358.94000244140625,27.094503338476166,27.886417889694876,28.950403477938508,27.04858978754628,24.778969244555185
CHTR,2018-02-15,365.9200134277344,355.6300048828125,363.6700134277344,27.15001628137464,27.996684587948412,29.023377516580744,26.996454575998683,24.793543063131104
CHTR,2018-02-16,370.0899963378906,361.489990234375,365.6600036621094,27.003247984881202,27.926609618873705,29.009441803460163,27.002219729461856,24.79715066025126
CHTR,2018-02-20,365.2300109863281,358.6700134277344,358.7699890136719,27.641426589287644,28.234826457605344,29.162696376855656,27.006432122591157,24.86632847283389
CHTR,2018-02-21,367.3800048828125,356.510009765625,360.9700012207031,27.312255328958663,28.116234178321637,29.130245975754796,26.854405789440083,24.868490409587025
CHTR,2018-02-22,365.260009765625,355.0199890136719,356.75,27.497708782375962,28.01944344437101,29.178102821248153,26.885849685880537,24.89824064135999
CHTR,2018-02-23,368.0899963378906,356.2699890136719,365.05999755859375,28.052206078676793,27.938205620971356,29.388841154709073,27.001945638407072,24.99971982497236
CHTR,2018-02-26,368.3699951171875,357.2900085449219,358.0199890136719,28.469981868700717,28.196964874476045,29.549912906155107,26.941160751518378,25.07000518463391
CHTR,2018-02-27,359.75,351.1199951171875,351.2200012207031,29.006398975360035,28.311348304513366,29.60501775770199,26.988646746811057,25.146005840324264
CHTR,2018-02-28,353.0400085449219,341.7099914550781,341.92999267578125,30.004917820733645,28.656848231895875,29.887063486850064,27.101778620076733,25.265290820396714
CHTR,2018-03-01,349.6499938964844,337.6099853515625,339.4100036621094,29.719820401643098,28.02971213623539,29.901899656801884,27.093646188624625,25.26883421791727
CHTR,2018-03-02,339.7300109863281,331.80999755859375,332.75,29.391048331216773,28.293653625598193,30.04124315955542,27.16804275605237,25.344814459337815
CHTR,2018-03-05,349.5299987792969,328.92999267578125,346.6000061035156,32.00699112057707,29.43563595602126,30.760385952506624,27.595122341916312,25.663571751431867
CHTR,2018-03-06,349.2300109863281,336.2900085449219,337.9599914550781,32.45039853741889,29.428578304148296,31.00706983733686,27.75016982014354,25.786651751338734
CHTR,2018-03-07,339.7300109863281,334.1600036621094,338.6700134277344,32.48457771258017,29.391883339472624,31.009721686481704,27.751315230378797,25.786728239405566
CHTR,2018-03-08,343.489990234375,338.0400085449219,341.19000244140625,32.000302119362296,29.417659836194026,30.76760500905153,27.665628836433314,25.79591540890026
CHTR,2018-03-09,349.3900146484375,340.260009765625,347.5899963378906,32.620858819528046,29.341772643708968,30.90485093423171,27.7516269588545,25.860814416146997
CHTR,2018-03-12,369.510009765625,349.55999755859375,359.2200012207031,34.14981159755689,30.046600620447332,31.26571481675937,28.019823485520234,26.065681955519988
CHTR,2018-03-13,362.8399963378906,348.19000244140625,350.010009765625,34.84962158509441,30.555300463045448,31.46696199145599,28.166580130112255,26.19786996697766
CHTR,2018-03-14,352.1700134277344,339.79998779296875,340.9599914550781,35.44226642916911,31.05909910783425,31.635021671930126,28.333395743413455,26.331446485302756
CHTR,2018-03-15,343.69000244140625,337.1400146484375,339.54998779296875,35.40957712889861,30.790691964231915,31.64059779646881,28.31984707117717,26.334177193436236
CHTR,2018-03-16,344.760009765625,339.8500061035156,342.1700134277344,35.341682522905515,30.819925590734044,31.664129455826018,28.093890314724305,26.339502835180944
CHTR,2018-03-19,340.69000244140625,331.489990234375,332.989990234375,33.24191246157858,31.075685193132447,31.85070553662625,28.233200353998917,26.4741835316108
CHTR,2018-03-20,333.8500061035156,327.3999938964844,327.6099853515625,31.82138658015151,31.26894135396345,31.87731467522704,28.29558652844133,26.523550919482624
CHTR,2018-03-21,329.9700012207031,324.79998779296875,325.4700012207031,31.81338231573127,29.477236597760033,31.813132514541586,28.156522072180973,26.497498682936726
CHTR,2018-03-22,323.3500061035156,319.3599853515625,322.9700012207031,31.606359200195257,29.322472103524905,28.69373995884453,28.075377551264815,26.50836812861262
CHTR,2018-03-23,323.739990234375,311.7799987792969,312.3900146484375,30.803022485652388,30.027601796295688,29.12921486703083,28.329670803246486,26.7061267250165
CHTR,2018-03-26,316.8999938964844,307.2300109863281,312.17999267578125,30.76617549656668,29.742906920278077,29.050560080977604,28.32939812465158,26.70052478801393
CHTR,2018-03-27,316.0,307.7099914550781,310.2200012207031,29.63164248047808,29.588197373642526,28.626489578898052,28.296880665129454,26.69928021109072
CHTR,2018-03-28,312.8399963378906,306.05999755859375,306.260009765625,29.72224740822016,29.66560359403972,28.616131437295945,28.330388304289293,26.72756741965924
CHTR,2018-03-29,314.6600036621094,303.7799987792969,311.2200012207031,30.074625594057075,28.74341880214723,28.743671293913696,28.345589720924387,26.77065000639489
CHTR,2018-04-02,310.6000061035156,298.6700134277344,303.8699951171875,30.078101508027157,28.951520452461033,28.962527803318387,28.455592414443913,26.866460424351953
CHTR,2018-04-03,312.3699951171875,303.7900085449219,306.3699951171875,30.178873490670853,28.998773657319095,28.3227638343503,28.441241127751677,26.879014895919223
CHTR,2018-04-04,312.4700012207031,302.04998779296875,311.69000244140625,30.633476665778403,29.252249614815945,28.37971686814335,28.519262976241006,26.933993198672567
CHTR,2018-04-05,317.6400146484375,311.94000244140625,317.0199890136719,31.122981217727304,29.27718542962754,28.430438879437737,28.581372687275504,26.96997046616022
CHTR,2018-04-06,316.0799865722656,308.4700012207031,310.6700134277344,31.394535752904858,29.510170564771844,28.55005247804876,28.66713344532829,27.04391977093351
CHTR,2018-04-09,319.739990234375,310.6700134277344,316.510009765625,31.08211619766086,29.754947236477975,28.69406138326749,28.75465168230414,27.070281316731503
CHTR,2018-04-10,319.5899963378906,307.8399963378906,308.239990234375,31.434520099604658,30.028860554098618,28.8654356812658,28.868235271902066,27.136428861503703
CHTR,2018-04-11,307.20001220703125,302.4800109863281,303.3299865722656,31.325029405581205,30.158985614210902,28.80120652512643,28.919419938462454,27.18109152324985
CHTR,2018-04-12,308.0,299.2300109863281,306.3399963378906,30.89561166392182,30.266424491317313,28.832854151181884,28.94674891678011,27.19852221372236
CHTR,2018-04-13,308.80999755859375,304.05999755859375,305.9100036621094,30.881499381416845,30.079139622329304,28.656351332018186,28.944777754283713,27.189302409910304
CHTR,2018-04-16,315.3999938964844,304.3500061035156,312.8399963378906,31.35917707600935,30.144108751484445,28.892200867341344,28.426528619921125,27.250742388408877
CHTR,2018-04-17,317.6000061035156,309.3500061035156,310.4800109863281,28.632442862399827,30.144515440679843,28.88049547408496,28.412443160791405,27.260353360748606
CHTR,2018-04-18,319.3800048828125,311.1499938964844,317.4599914550781,28.82935388636931,30.44171300758635,29.11197289823697,27.703179685485814,27.34517752656891
CHTR,2018-04-19,322.8900146484375,314.010009765625,315.54998779296875,28.823140525925933,30.450019866167665,29.06464710796865,27.68109785120791,27.300936918296305
CHTR,2018-04-20,318.70001220703125,310.1700134277344,310.94000244140625,28.884863778322284,30.223251001998584,29.048674898123615,27.72427582258049,27.332319385266267
CHTR,2018-04-23,315.0400085449219,309.1600036621094,309.9700012207031,28.1448357630322,30.223134768331793,28.849064071422536,27.724178314024407,27.319204012744375
CHTR,2018-04-24,313.760009765625,299.7200012207031,301.2799987792969,26.77052847000208,30.611542312828487,29.1145974901527,27.90969222612508,27.456596440317156
CHTR,2018-04-25,301.6000061035156,295.3399963378906,300.3500061035156,26.089649138112563,30.605749975247935,28.967232098656964,27.8939526101455,27.428750581418708
CHTR,2018-04-26,305.3800048828125,296.17999267578125,298.1499938964844,25.326042424905214,30.55427731192185,28.877464128164338,27.756471036516928,27.435339473504495
CHTR,2018-04-27,279.05999755859375,250.10000610351562,263.3299865722656,42.95418207822393,39.2297917919189,34.49418418534715,31.11501439225418,30.071443120077518
CHTR,2018-04-30,273.45001220703125,264.0899963378906,271.2900085449219,44.13748280819678,39.845411454844744,34.8635321054783,31.343595998687775,30.21470226834286
CHTR,2018-05-01,281.3299865722656,267.3299865722656,279.3999938964844,45.012542576812145,39.23578832494697,35.20112661142649,31.54915783095455,30.366619801490934
CHTR,2018-05-02,279.1000061035156,272.010009765625,274.7799987792969,45.02044049525033,38.6723647163249,35.07805564412735,31.520139197792723,30.354008931107185
CHTR,2018-05-03,273.82000732421875,264.75,271.3599853515625,45.06165433828681,38.6992669684028,35.086555942611284,31.53555208407761,30.12304408770851
CHTR,2018-05-04,279.17999267578125,267.5799865722656,276.07000732421875,45.55839354167838,38.88787756802907,35.216095756449484,31.597522787330128,30.171765700813573
CHTR,2018-05-07,280.1600036621094,273.9200134277344,278.1000061035156,44.89971166448067,38.174720778995386,35.053922515759744,31.554818604893555,29.944625798501306
CHTR,2018-05-08,277.8699951171875,269.1099853515625,271.010009765625,45.333479201248586,38.418606869924965,35.259205642066014,31.681015952611297,29.872073304966758
CHTR,2018-05-09,273.19000244140625,269.92999267578125,270.1300048828125,45.33282573322524,37.96982414993166,35.259412869658995,31.654832869916817,29.867117853538623
CHTR,2018-05-10,275.6400146484375,269.9700012207031,272.8299865722656,45.454203319336926,38.086428390169765,35.309848865283975,31.684212158184522,29.886096012965503
CHTR,2018-05-11,274.55999755859375,269.29998779296875,272.80999755859375,45.07877201794139,37.9932650400596,35.19641842640063,31.6348276135268,29.885281685476716
CHTR,2018-05-14,277.8900146484375,270.3699951171875,272.8399963378906,44.71143313483583,37.82825794174122,35.1901525724584,31.63564428858087,29.87618715271084
CHTR,2018-05-15,274.3299865722656,266.8599853515625,270.30999755859375,44.598275359714854,37.778468615497765,35.09525778398866,31.647396355422018,29.887915300283673
CHTR,2018-05-16,274.2900085449219,266.739990234375,272.3299865722656,44.27983982654075,37.749321036342344,35.124524392677145,31.665057981678924,29.897776132125202
CHTR,2018-05-17,273.1600036621094,267.8299865722656,268.1700134277344,43.908803931930336,37.746067960354836,34.16602679459986,31.704557596766403,29.85910848802839
CHTR,2018-05-18,270.5899963378906,266.7300109863281,270.1700134277344,43.838421017356495,37.80309745424673,34.08141537437264,31.68288226474756,29.855061338493304
CHTR,2018-05-21,270.0,265.239990234375,266.54998779296875,43.341762066342866,37.40051541598756,34.098672918700245,31.659933380410603,29.882765123337617
CHTR,2018-05-22,268.80999755859375,267.0199890136719,267.6600036621094,42.97514396804527,37.32991691898977,33.98064892258466,31.63044808219344,29.885455997327742
CHTR,2018-05-23,275.04998779296875,265.2200012207031,274.0899963378906,43.604858649976,37.66095471912497,34.13067598681678,31.774382306029075,29.974084895549304
CHTR,2018-05-24,274.0899963378906,267.95001220703125,268.42999267578125,43.70306250648227,37.52763687907437,34.254908760534626,31.711418016309032,29.866705244192794
CHTR,2018-05-25,271.4200134277344,267.8999938964844,270.20001220703125,43.81164479275419,37.58331877677307,33.67362201441401,31.678439961486305,29.837732995964462
CHTR,2018-05-29,271.0299987792969,264.8299865722656,266.3599853515625,43.16657900705725,37.49997311185882,33.64789943492772,31.70622160930202,29.844414761646792
CHTR,2018-05-30,268.739990234375,262.1600036621094,266.94000244140625,43.21561493174221,36.3610732587474,33.641326971464515,31.52733849958561,29.84129056761663
CHTR,2018-05-31,267.05999755859375,259.4800109863281,261.0400085449219,42.69971365669123,36.294838066002086,33.77186751070439,31.616533591672972,29.847724101895857
CHTR,2018-06-01,266.45001220703125,260.0,261.8699951171875,42.7921769754469,36.303612710654136,33.6493210723382,31.59378221895658,29.848706516066205
CHTR,2018-06-04,268.8900146484375,260.3900146484375,267.9800109863281,43.53449790746851,36.658998066639064,33.90260201503878,31.626233774212448,29.879032181646824
CHTR,2018-06-05,270.7200012207031,265.1600036621094,265.95001220703125,43.53747821084635,36.36078862879006,33.88511813856518,31.578935705558674,29.792510444018376
CHTR,2018-06-06,278.20001220703125,266.0,275.0899963378906,44.36735900094765,36.39978216893526,34.29453488344075,31.85809580758073,29.9928718543108
CHTR,2018-06-07,279.5400085449219,270.8699951171875,278.19000244140625,44.558774976991884,36.25788672422007,34.36357080272662,31.872950098181047,30.00144102422151
CHTR,2018-06-08,279.4599914550781,274.1499938964844,277.260009765625,44.53642538095409,35.95692885161166,34.36375564587162,31.852870877687973,29.907163491341134
CHTR,2018-06-11,284.1000061035156,275.9800109863281,283.05999755859375,26.09042865847922,36.29532962065473,34.46379342326789,31.91268767901582,29.955536247973818
CHTR,2018-06-12,293.5,283.1000061035156,290.9800109863281,25.89823127307739,36.772666968591714,34.601712740413724,32.09577239172654,30.03500777416228
CHTR,2018-06-13,295.5799865722656,283.2200012207031,285.0199890136719,25.40886310950099,36.611512516253036,34.717101613463335,32.16998401397263,30.085500339718845
CHTR,2018-06-14,297.25,283.67999267578125,295.6099853515625,26.88470001109216,37.358007919421176,35.19766513852964,32.47273523133789,30.299133171596747
CHTR,2018-06-15,298.7200012207031,292.3800048828125,297.20001220703125,26.517117809383567,37.37189226432023,35.21832179366371,32.45235050795549,30.304828314938444
CHTR,2018-06-18,297.0899963378906,290.7900085449219,295.25,26.307566953776163,37.36461850459645,35.06692586173597,32.45512804639817,30.304757374544742
CHTR,2018-06-19,295.0,286.30999755859375,292.989990234375,26.414819932147726,36.797557089930145,35.07684101307731,32.45057049301117,30.313040396868875
CHTR,2018-06-20,298.510009765625,288.54998779296875,290.3399963378906,25.31980736765863,36.83406677476445,35.0720366595192,32.4618475388535,30.264177831565643
CHTR,2018-06-21,296.7300109863281,291.010009765625,291.8599853515625,25.27750881936165,36.841739709324514,35.08786224429182,32.41543856838882,30.269385314992004
CHTR,2018-06-22,302.42999267578125,292.3900146484375,299.29998779296875,26.036932877143276,37.142984579939665,35.33992967577426,32.56013076082746,30.378112171803533
CHTR,2018-06-25,301.239990234375,293.8500061035156,295.5299987792969,26.423180803346856,37.066311839816414,35.371902879603354,32.587166388058456,30.387695847186574
CHTR,2018-06-26,300.17999267578125,292.3299865722656,299.29998779296875,26.5681271988663,36.852656525458194,35.382806240167056,32.623062077143956,30.410109857297503
CHTR,2018-06-27,301.0,295.7300109863281,296.0400085449219,26.63860859422167,36.874107407607845,34.65848914366356,32.6423753746113,30.417923352731414
CHTR,2018-06-28,298.79998779296875,292.3399963378906,295.04998779296875,26.666880395621007,36.69080170138236,34.15841974568789,32.64260254129262,30.253749926399788
CHTR,2018-06-29,299.07000732421875,286.8299865722656,293.2099914550781,26.25736041884381,36.51589108840065,34.153818127551276,32.647456367314945,30.23136222623084
CHTR,2018-07-02,294.94000244140625,290.260009765625,293.9100036621094,26.223676167414528,36.30863722721042,34.08126496862342,32.51542439899395,30.23033322612378
CHTR,2018-07-03,300.0799865722656,294.3999938964844,299.510009765625,26.153390193355193,36.31443707504582,33.64011614842425,32.59383435875493,30.195678481761405
CHTR,2018-07-05,302.0400085449219,293.44000244140625,296.17999267578125,26.514867426794204,35.988506558384906,33.66940509179578,32.5641023633344,30.149460369033505
CHTR,2018-07-06,305.1499938964844,296.7900085449219,304.42999267578125,26.78484446616031,36.297709590824276,33.743250723475214,32.706988464704494,30.267114767709586
CHTR,2018-07-09,310.57000732421875,304.6499938964844,308.2200012207031,25.874298510982623,36.3301578248287,33.80791225788878,32.69314565802107,30.293644143105187
CHTR,2018-07-10,309.4100036621094,302.6700134277344,305.7099914550781,26.128836337624556,36.36864352000587,33.78195269417062,32.70496161578127,30.27663452238496
CHTR,2018-07-11,307.7099914550781,300.760009765625,301.3699951171875,26.127882666178202,36.179889158403604,33.75844046819215,32.74341034158336,30.305744745291356
CHTR,2018-07-12,306.3399963378906,299.1199951171875,305.0199890136719,26.220427838292615,36.24216516608092,33.810973420373884,32.726389016941745,30.296469587104152
CHTR,2018-07-13,305.9599914550781,302.29998779296875,304.8399963378906,25.019026278766948,35.936760570063356,33.698590254689734,32.68780761755473,30.279399683933246
CHTR,2018-07-16,307.05999755859375,301.8599853515625,304.19000244140625,25.103005321119515,35.920806279683084,33.67578272106569,32.644659032817955,30.25802561382197
CHTR,2018-07-17,304.7699890136719,300.3999938964844,302.0299987792969,24.736783577737054,35.82704881078753,33.64861291419256,31.01318722959644,30.2651927690271
CHTR,2018-07-18,303.1700134277344,298.2099914550781,299.6000061035156,24.756459630263528,35.85700944281303,33.4291907469303,30.998308838748777,30.26585948063213
CHTR,2018-07-19,299.9800109863281,290.9100036621094,291.1400146484375,24.83474255246197,35.86395589002749,33.58272490226479,31.136220742224356,30.389136789733595
CHTR,2018-07-20,291.55999755859375,286.82000732421875,288.8399963378906,24.83031794836056,35.89219143874319,33.4842069966079,30.920541407891548,30.396200047316313
CHTR,2018-07-23,288.8299865722656,285.0899963378906,287.82000732421875,24.833420762257425,35.87028350147971,33.24751859665808,30.884278017587828,30.362929363996006
CHTR,2018-07-24,288.8800048828125,281.989990234375,282.32000732421875,24.815897758328116,25.323353321708176,33.35267648340691,30.960801963877415,30.415443570439564
CHTR,2018-07-25,283.1400146484375,271.55999755859375,274.6499938964844,24.615783910383357,25.281208063225446,33.48097814744635,31.112918749008774,30.53244170849957
CHTR,2018-07-26,288.989990234375,276.5899963378906,286.9100036621094,27.27602016263189,26.13705469695406,33.577836839644405,31.221422612215257,30.855178662267214
CHTR,2018-07-27,291.010009765625,280.5899963378906,286.2900085449219,25.017797589674153,25.89929176189965,33.36846510319747,31.173939593282373,30.419930782100867
CHTR,2018-07-30,294.2799987792969,283.510009765625,293.8999938964844,26.18790632998306,26.27042988582619,33.65637388050638,31.29480883237243,30.52497853044146
CHTR,2018-07-31,314.8800048828125,302.20001220703125,304.5799865722656,28.112471002705526,27.01041155676453,34.141197720713635,31.567167399923022,30.192046710549704
CHTR,2018-08-01,305.2900085449219,300.3900146484375,301.42999267578125,28.196439032234128,27.09505612386111,34.02488515012397,31.575909805783304,30.187774189079775
CHTR,2018-08-02,299.6400146484375,293.9700012207031,294.20001220703125,28.998534828872025,27.03057860362889,33.76601687000462,31.64045449470036,30.275048578721382
CHTR,2018-08-03,305.0,293.739990234375,303.6600036621094,30.356887616486173,27.713457736041853,33.96293208357975,31.787838698112747,30.45051032087434
CHTR,2018-08-06,304.79998779296875,299.8399963378906,300.0,29.728632631977614,27.81045711750007,33.77458156526417,31.806051992125887,30.47051193850593
CHTR,2018-08-07,299.8599853515625,293.57000732421875,297.0299987792969,29.63734658806681,27.909043798116233,33.79967666900672,31.739298347610678,30.47200103665959
CHTR,2018-08-08,298.92999267578125,296.239990234375,298.20001220703125,29.424269123445196,27.912383835081283,33.77940574632287,31.741571674865014,30.383551872448383
CHTR,2018-08-09,307.5299987792969,298.9700012207031,305.1700134277344,29.985319176899637,28.166363710717572,33.744462675463225,31.850033216124775,30.338458673146917
CHTR,2018-08-10,304.95001220703125,302.05999755859375,302.45001220703125,30.09991080333926,28.23190925433339,33.67918740463991,31.865330336504528,30.34539299138808
CHTR,2018-08-13,304.6300048828125,299.7200012207031,302.05999755859375,30.032727362450416,28.013266775847175,33.66665798570763,31.834950007256513,30.330506353710856
CHTR,2018-08-14,308.69000244140625,301.239990234375,307.8599853515625,30.483393087836852,28.209508939730675,33.79307901526597,31.86585719829205,30.34580222271423
CHTR,2018-08-15,305.92999267578125,294.7799987792969,295.75,32.31085700889735,29.346858714215212,33.978660550341864,32.110938763722615,30.58792279373918
CHTR,2018-08-16,303.95001220703125,296.5400085449219,302.0,32.718455219607904,29.605741008249392,34.148980724176646,32.1741087699395,30.655051570436697
CHTR,2018-08-17,303.7300109863281,298.92999267578125,299.6400146484375,31.790305744540863,29.32195016204459,34.1567433168325,32.114407010162545,30.61182423164146
CHTR,2018-08-20,300.7900085449219,294.8399963378906,295.0,31.83783450698161,29.17011528609405,34.18524292475191,32.107642556077266,30.646268916051127
CHTR,2018-08-21,307.67999267578125,295.0,305.0799865722656,33.33896694309617,29.88502991354273,34.51161910518012,32.15362528460227,30.826754644726833
CHTR,2018-08-22,306.1300048828125,297.5799865722656,300.2799987792969,33.39985312511533,29.922755003250813,34.39445698481467,32.196359278562454,30.861240919437964
CHTR,2018-08-23,299.1600036621094,292.7099914550781,293.3900146484375,33.84433392801874,30.36539229751608,34.56217847810536,32.29175292638299,30.899228002214617
CHTR,2018-08-24,301.8399963378906,292.92999267578125,300.6700134277344,34.661808819777434,30.307001509587067,34.676209299524366,32.293292533230485,31.0049340127121
CHTR,2018-08-27,305.8699951171875,300.7300109863281,304.3399963378906,34.848013597296045,30.372865346726442,34.62331153419047,32.312233588910715,31.032831909340036
CHTR,2018-08-28,310.0400085449219,303.8500061035156,305.0299987792969,34.78698963689803,30.069118126840245,34.47929744098697,32.31297614868705,31.033810123054305
CHTR,2018-08-29,310.2900085449219,303.8699951171875,309.1499938964844,34.89321831335422,30.086214674292776,34.416852587972365,32.25192761727742,31.067122793866748
CHTR,2018-08-30,309.42999267578125,306.2099914550781,309.05999755859375,33.74559267746612,29.375055363630903,34.15871273125559,32.248152919855556,31.04165769399608
CHTR,2018-08-31,313.1099853515625,307.5,310.3999938964844,33.61916586419669,29.31614843181056,34.0675441877286,32.25136773181673,31.014349419751913
CHTR,2018-09-04,316.6700134277344,306.8699951171875,312.989990234375,33.61269958842218,29.325612803772767,34.05717232720662,32.26743260460772,30.994748147478575
CHTR,2018-09-05,314.6400146484375,305.92999267578125,306.80999755859375,33.65023323226094,29.402544623026234,34.20642304844978,32.2705926290779,31.051631521186422
CHTR,2018-09-06,310.5799865722656,303.45001220703125,305.19000244140625,32.506815293397246,28.91683641461244,34.02742826357647,32.2738806244015,30.960419270349753
CHTR,2018-09-07,308.510009765625,303.0899963378906,305.19000244140625,30.201287276669042,28.568872094883783,34.00716313907748,32.19261623335496,30.918409162401232
CHTR,2018-09-10,310.5199890136719,306.3800048828125,310.2699890136719,30.458195857900368,27.79631546439844,33.92321013294984,32.2526706777226,30.962275140187284
CHTR,2018-09-11,314.70001220703125,309.5400085449219,312.8399963378906,29.685910264200675,27.8227914756548,33.93676377294802,31.690306768395267,30.830793600589217
CHTR,2018-09-12,313.04998779296875,304.7699890136719,312.5,27.92905180355929,27.782810511507883,33.85606729656661,31.633016985244684,30.829979532016015
CHTR,2018-09-13,324.8900146484375,314.79998779296875,319.2099914550781,28.324105887186118,28.03044299250928,34.01852632419585,31.72657188751208,30.892356951742432
CHTR,2018-09-14,320.25,316.1099853515625,318.1300048828125,27.27334532368793,27.96340627235615,33.711071638572186,31.63142797677805,30.805280552548613
CHTR,2018-09-17,321.44000244140625,316.29998779296875,319.4700012207031,25.856961766703424,27.958432683106587,33.71093483739699,31.58891808236501,30.762502849510902
CHTR,2018-09-18,330.4599914550781,319.1700134277344,328.7900085449219,26.660797580040025,28.09729942902388,33.97989745992173,31.767638835121687,30.900506527915883
CHTR,2018-09-19,331.9700012207031,328.5899963378906,329.7900085449219,26.374521034727742,27.941208309265047,27.419529585467178,31.444821200309818,30.883086684614746
CHTR,2018-09-20,332.7099914550781,329.3800048828125,329.989990234375,26.38726174579164,27.850403220336744,27.062719753383064,31.413245756515384,30.871264994499413
CHTR,2018-09-21,334.9800109863281,329.489990234375,332.5899963378906,25.759100360736976,27.754070764901943,26.71906885786246,31.410504139174712,30.841053711571387
CHTR,2018-09-24,332.42999267578125,325.8800048828125,327.0400085449219,26.1709563632719,28.00015991593997,26.721787515054956,31.468743329123527,30.884658339968713
CHTR,2018-09-25,327.8699951171875,323.0,323.3699951171875,26.45898675318786,28.08017642395127,26.705668106600143,31.434028981144614,30.89555132484611
CHTR,2018-09-26,326.9800109863281,320.8500061035156,321.6700134277344,26.056519914376825,28.115218605896725,26.61278536789317,31.434520281083962,30.89609949396963
CHTR,2018-09-27,328.7799987792969,320.3800048828125,325.07000732421875,22.98480574655601,27.94631119242133,26.63526648821488,31.436179571562008,30.895952014825202
CHTR,2018-09-28,327.260009765625,321.3900146484375,325.8800048828125,22.35939217561888,27.824359547989246,26.27099308557842,31.40008961841999,30.893538391248505
CHTR,2018-10-01,327.989990234375,319.45001220703125,321.5899963378906,22.630797673426386,27.455718994289736,26.36814387868004,31.434366917893154,30.91160545709608
CHTR,2018-10-02,326.9599914550781,319.5899963378906,326.8900146484375,22.319585137231613,27.538505855130747,26.438307542374716,31.496250247090273,30.95652397918388
CHTR,2018-10-03,329.1400146484375,323.05999755859375,325.2900085449219,20.512529034140194,27.500188736949262,26.458187129954542,31.454943303582443,30.922291678378095
CHTR,2018-10-04,326.32000732421875,321.1099853515625,324.67999267578125,19.835681806294456,27.321626322331294,26.463220064280762,31.35563790775191,30.918874735322678
CHTR,2018-10-05,326.1600036621094,313.32000732421875,316.0400085449219,20.285597017767813,27.82815611195594,26.79727338801703,31.507876210301927,31.030204626123574
CHTR,2018-10-08,321.19000244140625,314.6099853515625,320.239990234375,19.466574980072117,27.946435906685153,26.844978778738877,31.518384362130515,31.055662593336702
CHTR,2018-10-09,325.8900146484375,317.1000061035156,322.6400146484375,19.303964339821693,27.97231704305836,26.721178173895172,31.53273214946734,31.06436723291401
CHTR,2018-10-10,324.3800048828125,309.32000732421875,310.1300048828125,22.741387804944104,29.138401396328906,27.500615093173202,31.780035965423327,31.307829612982168
CHTR,2018-10-11,311.8900146484375,298.6600036621094,301.9200134277344,23.732960045123207,29.621956992653065,27.764473979419122,31.925297097445732,31.416863308498332
CHTR,2018-10-12,310.3800048828125,303.3999938964844,308.739990234375,24.662170026801974,29.34821127998975,27.9622902044453,32.038596969919176,31.39783941225979
CHTR,2018-10-15,317.510009765625,308.5899963378906,313.8900146484375,25.100174442432095,29.459263675257997,27.839203379104642,32.099596048940455,31.440007633114863
CHTR,2018-10-16,322.8399963378906,314.2699890136719,321.0400085449219,25.818496253984076,29.755867623636835,27.809653702750136,32.21094849140536,31.48893990032795
CHTR,2018-10-17,321.510009765625,315.0,319.8299865722656,25.102575998640592,29.45396417567109,27.812873526832206,32.21115386980286,31.464763618438003
CHTR,2018-10-18,320.4599914550781,314.0400085449219,318.1000061035156,25.105601261093163,28.846351058166665,27.718337314932057,32.164235768105584,31.428742712621627
CHTR,2018-10-19,324.55999755859375,316.4700012207031,321.3399963378906,25.228662508577955,27.590793758349115,27.750036107418648,31.765385426148075,31.446303606283514
CHTR,2018-10-22,325.0,318.260009765625,319.6099853515625,24.909641254290904,27.619037509581055,27.50303760017499,31.44231387318347,31.449557962549935
CHTR,2018-10-23,319.79998779296875,311.989990234375,317.8900146484375,24.877952445606667,27.182803357513567,27.52755427079204,31.436741949491875,31.41270367609199
CHTR,2018-10-24,321.69000244140625,305.17999267578125,306.04998779296875,27.26696700475739,27.393238787729434,28.035212897191563,31.68586058841098,31.607993270946316
CHTR,2018-10-25,318.25,305.42999267578125,314.80999755859375,27.824008859845218,27.90095894891431,28.320034728819444,31.496889725826872,31.706884299662963
CHTR,2018-10-26,302.54998779296875,284.3500061035156,295.010009765625,33.52509395907359,30.57550121174635,29.771988597131845,32.40315885169133,31.184859531367483
CHTR,2018-10-29,310.3800048828125,296.04998779296875,300.8500061035156,34.08565040169449,30.14026087338739,29.877068204915936,32.36079981335811,31.228245320086
CHTR,2018-10-30,316.94000244140625,301.8500061035156,316.2200012207031,36.21817052151384,31.721945988750043,30.865989450074288,32.90763927258513,31.59948818634043
CHTR,2018-10-31,325.8699951171875,317.239990234375,320.3699951171875,36.437558509525346,31.736655953860023,30.767260577231383,32.92726667844751,31.47314026880368
CHTR,2018-11-01,330.45001220703125,317.0,324.5799865722656,36.66218547991839,31.824413863903906,30.535903873491936,32.92705447009571,31.477231979282454
CHTR,2018-11-02,329.57000732421875,309.5199890136719,317.8699951171875,37.03429055278829,31.82079034811034,30.539447450368858,33.00593999451173,31.54507647238186
CHTR,2018-11-05,325.9700012207031,318.3399963378906,323.3500061035156,37.11983449751558,31.931538067869496,30.1197294625113,33.00151861189079,31.586010651806244
CHTR,2018-11-06,326.9800109863281,317.80999755859375,320.6700134277344,37.05406226232425,31.986628214132693,30.146411058786487,33.0045182625366,31.36400517797351
CHTR,2018-11-07,329.8699951171875,322.57000732421875,328.3599853515625,37.6612000569304,32.1133409995707,30.341275403543428,33.10310934972,31.418093463782316
CHTR,2018-11-08,329.9100036621094,322.32000732421875,324.6499938964844,37.698826593394955,31.060682918096283,30.373874107752773,33.009550985524946,31.40291655748228
CHTR,2018-11-09,327.67999267578125,316.6300048828125,321.1099853515625,37.821740850906785,30.898688366859954,30.391248262879206,32.956560652747925,31.405711984870827
CHTR,2018-11-12,326.3299865722656,319.760009765625,323.3500061035156,37.68244933513451,30.866094070488632,30.398595065233323,32.894219711616536,31.403908361728806
CHTR,2018-11-13,330.9700012207031,323.4800109863281,324.55999755859375,37.38847854224768,30.668311373362343,30.154633531360915,32.74799937090967,31.36704192466166
CHTR,2018-11-14,329.04998779296875,320.19000244140625,320.79998779296875,37.51258371081312,30.04702011627998,30.14341794506879,32.764868069474865,31.323320086764596
CHTR,2018-11-15,321.0400085449219,309.9599914550781,318.4800109863281,37.562592524157814,29.89420934696408,30.109932200779305,32.69323725957625,31.322241048294803
CHTR,2018-11-16,330.57000732421875,317.1400146484375,328.5400085449219,37.79544145699606,30.088339511065655,30.436710272830165,32.541935626004026,31.419898622066754
CHTR,2018-11-19,331.1700134277344,321.57000732421875,323.6000061035156,37.91225137340528,29.91190326326726,30.53753002690101,32.454801714555245,31.454397209063305
CHTR,2018-11-20,322.1300048828125,303.6499938964844,305.010009765625,41.56718226681907,32.276658526050376,31.975291012859262,33.193688429576035,31.989617937769953
CHTR,2018-11-21,311.4200134277344,304.7799987792969,305.5400085449219,40.008762389073546,32.27528202549963,31.974429455511004,33.18123276355349,31.990291246442354
CHTR,2018-11-23,311.70001220703125,302.4599914550781,309.42999267578125,39.382160551650834,32.2621007346725,31.89801598221516,33.140309251503844,31.994308057885455
CHTR,2018-11-26,314.1300048828125,308.7799987792969,313.2300109863281,39.008818185653766,32.3585480550838,31.899321178432814,32.93506311957502,31.979968375112932
CHTR,2018-11-27,320.1700134277344,311.510009765625,317.6400146484375,38.924118081920106,32.47113094256546,31.68070375214916,32.843633272236765,31.936435916248463
CHTR,2018-11-28,329.0899963378906,316.0,328.67999267578125,39.63895372003504,33.165621466505506,32.076338220144265,32.95615024177822,32.09500619497216
CHTR,2018-11-29,334.760009765625,325.5400085449219,330.3299865722656,39.63289351081465,32.89167161720142,32.05233494556513,32.958535344361024,32.050590141568875
CHTR,2018-11-30,333.239990234375,324.95001220703125,329.20001220703125,39.60864853485837,32.87807147501003,31.96855340014159,32.94755004295695,32.00920540252431
CHTR,2018-12-03,334.30999755859375,323.5299987792969,326.70001220703125,39.59275036367364,32.927651541926814,31.946271801959085,32.80297994659673,31.872884969348164
CHTR,2018-12-04,330.8599853515625,318.3299865722656,321.8399963378906,39.814899910747116,32.932244449491016,32.04253315284713,32.79430584674968,31.900688050177926
CHTR,2018-12-06,326.9700012207031,313.8299865722656,326.7799987792969,40.00994233514276,33.032380772824624,32.12409811228355,32.8352234887137,31.9247076114516
CHTR,2018-12-07,326.94000244140625,312.3299865722656,315.70001220703125,39.72920420047596,33.81107761070542,32.584666230770765,33.07607955552572,32.00981256831086
CHTR,2018-12-10,316.9100036621094,308.8399963378906,315.6400146484375,38.884167602285295,33.52457164214847,32.55620910691399,32.839640173093784,31.99960617468337
CHTR,2018-12-11,321.0199890136719,310.07000732421875,312.5400085449219,33.824935772859725,33.57727528556614,32.263188491839855,32.86054315297156,32.013792914605396
CHTR,2018-12-12,323.67999267578125,315.8299865722656,316.7799987792969,33.592470912985206,33.68392940254774,32.29619789399803,32.89040865140584,31.970609886737577
CHTR,2018-12-13,321.17999267578125,308.25,311.4800109863281,30.732827106643875,33.30790114531416,32.412246440114494,32.91618110699499,32.01126068090114
CHTR,2018-12-14,313.8999938964844,307.510009765625,309.4200134277344,30.507669557555182,33.31803735952339,32.27458490690686,32.870669520058456,32.01648025895765
CHTR,2018-12-17,311.9599914550781,307.1199951171875,309.2799987792969,30.210506962652474,33.31647877956515,31.951399171821816,32.74783032508636,32.01640347181633
CHTR,2018-12-18,313.4100036621094,302.6199951171875,305.92999267578125,29.79210282615203,33.32332142227377,31.271485671385268,32.759261929266906,31.975530442664223
CHTR,2018-12-19,311.0299987792969,296.7300109863281,297.6000061035156,30.21097205545622,33.608540754612335,31.58879491513687,32.85663462024209,32.0911312320273
CHTR,2018-12-20,298.9200134277344,289.7099914550781,290.45001220703125,30.816289042441515,33.87451761173187,31.555250583397804,32.9151186589061,32.123294627794365
CHTR,2018-12-21,296.44000244140625,282.7300109863281,283.92999267578125,30.212438276485788,34.13841683057402,31.22826540708232,32.937273046792974,32.200682616870296
CHTR,2018-12-24,284.9800109863281,273.30999755859375,273.5199890136719,31.606454703475134,34.78745610292175,31.730434229987047,33.14499256695254,31.99510178631367
CHTR,2018-12-26,285.8500061035156,272.9100036621094,285.70001220703125,34.626414469192405,36.05374905988344,32.28494472657957,33.41646296770317,32.25961224846094
CHTR,2018-12-27,284.75,274.0799865722656,284.7300109863281,34.474287596178385,35.9811426566355,31.879142988059023,33.36661081744818,32.252749634948394
CHTR,2018-12-28,290.5199890136719,274.7099914550781,285.0799865722656,34.43152806807296,35.784234296227666,31.82714929764492,33.34498282413793,32.1874207326684
CHTR,2018-12-31,287.94000244140625,280.75,284.9700012207031,34.37792602552566,35.78205945088735,31.791139945909975,33.34476841178714,32.152833756901984
CHTR,2019-01-02,289.5199890136719,279.1099853515625,287.989990234375,34.61525154588475,35.877316696924275,31.83143570717683,33.26005249900085,32.16764741059496
CHTR,2019-01-03,294.0,284.6199951171875,287.5,33.04825045855921,35.49780955412331,31.60900607155349,33.24963099004592,31.933425797151653
CHTR,2019-01-04,305.1199951171875,288.6199951171875,302.739990234375,36.64399705269423,37.023354622407304,32.64818166917595,33.71089627622929,32.33790751832421
CHTR,2019-01-07,304.1099853515625,299.260009765625,301.4700012207031,32.44406679472319,36.98745435024976,32.654409771913755,33.707179648239794,32.328387399062834
CHTR,2019-01-08,305.7200012207031,300.1199951171875,300.7099914550781,32.44331240950136,36.11301987263134,32.51346169566607,33.66437042780499,32.32682156643441
CHTR,2019-01-09,301.94000244140625,295.5,297.6400146484375,32.31369769936101,35.75521073400715,31.920873321883743,33.68372754507366,32.2978312368733
CHTR,2019-01-10,297.1000061035156,291.010009765625,292.6700134277344,32.35565771033496,35.599801473903355,31.855727684524265,33.57477068048253,32.335228043273005
CHTR,2019-01-11,295.0299987792969,290.8299865722656,294.5400085449219,32.09776670665023,35.4477258576867,31.850101395655773,33.58180558546325,32.32622083433289
CHTR,2019-01-14,298.20001220703125,290.760009765625,291.55999755859375,30.211452255409988,35.15065302509343,31.794676476930128,33.592013128181264,32.312493879672644
CHTR,2019-01-15,294.1199951171875,290.5,294.0,30.31279598596229,35.20628081326615,31.36273615985829,30.188819195770222,32.324105542179915
CHTR,2019-01-16,295.8299865722656,290.94000244140625,293.80999755859375,30.327144964785912,35.19659235836,31.264320471650098,29.988948503213393,32.323288744834294
CHTR,2019-01-17,295.6000061035156,290.760009765625,294.4100036621094,30.350352064979937,35.12306294510134,31.047800466301624,29.79032985887857,32.29152730032267
CHTR,2019-01-18,297.239990234375,289.57000732421875,291.3999938964844,30.225432213194964,35.16064097876818,30.840156837077448,29.748630945325893,32.23459669759849
CHTR,2019-01-22,290.9200134277344,283.0199890136719,284.9700012207031,30.182492342542144,35.40992248415266,30.97080076177089,29.830591970984045,32.304098515489656
CHTR,2019-01-23,291.3500061035156,279.3299865722656,284.5299987792969,28.82326691007767,34.59987883796376,30.967555406817592,29.763148704627735,32.28013151346421
CHTR,2019-01-24,288.0,281.07000732421875,287.5799865722656,29.10070103414915,34.14599334720235,30.93868098249979,29.777059044498333,32.30090093578229
CHTR,2019-01-25,291.6099853515625,286.79998779296875,291.4100036621094,29.402538670607136,31.605513331286417,31.017844119866687,29.655086838099482,32.272689714671856
CHTR,2019-01-28,291.7300109863281,287.30999755859375,290.8599853515625,29.01941948151674,31.335985506433822,31.00846914476762,29.65315968895272,32.27232941529904
CHTR,2019-01-29,292.9700012207031,287.5799865722656,289.7799987792969,28.715762365179543,29.527618302484214,30.97878034153042,29.635377979129718,32.26790812240829
CHTR,2019-01-30,293.1000061035156,288.0,289.9100036621094,28.69851171781236,29.376009009412705,30.826296283329903,29.635341127215415,32.263328482912776
CHTR,2019-01-31,338.30999755859375,319.29998779296875,331.04998779296875,48.50392518028967,40.18221422258305,37.375245531706994,33.51895604621151,34.91931892862963
CHTR,2019-02-01,343.1400146484375,330.9200134277344,340.95001220703125,48.96073285831978,40.37124656537838,37.65062244718556,33.663504104142966,35.04706801588057
CHTR,2019-02-04,343.8999938964844,336.3900146484375,337.0,48.290546086555885,40.31673239157819,37.6228061150561,33.69017524844922,35.02933915140466
CHTR,2019-02-05,341.0,332.7699890136719,340.70001220703125,47.56016040038259,40.3258815718088,37.63860168220187,33.65173792638444,34.77606873480274
CHTR,2019-02-06,343.7900085449219,338.9100036621094,343.510009765625,46.81549205882992,40.07788438140037,37.655353161894176,33.65386543492359,34.56805436949119
CHTR,2019-02-07,344.6499938964844,337.7200012207031,344.510009765625,44.96732121399567,40.00027089699184,37.51599382034597,33.608076326358685,34.56181742117051
CHTR,2019-02-08,344.6400146484375,338.8699951171875,344.1600036621094,43.71553671111973,39.92518160760919,37.51120058780514,33.607732573814744,34.5215599428942
CHTR,2019-02-11,344.7200012207031,335.7099914550781,337.82000732421875,44.224435428384176,40.109586635516436,37.632711288526785,33.58478274504458,34.317728719314985
CHTR,2019-02-12,342.0,339.1099853515625,340.3999938964844,44.207043675604325,40.12983092157802,37.37824778708344,33.49071860919033,34.32564453086005
CHTR,2019-02-13,343.32000732421875,336.3800048828125,338.489990234375,44.297924918896435,40.06895913512988,37.387678946389144,33.49488745603586,34.24528018839635
CHTR,2019-02-14,343.2699890136719,335.2200012207031,341.6000061035156,44.28661455999305,40.067430909231575,37.41425735411331,33.45640111956693,34.25282332912318
CHTR,2019-02-15,349.7699890136719,341.9200134277344,349.05999755859375,44.46329728787338,39.81089840034381,37.54794614423532,33.54174888252862,34.30947019163558
CHTR,2019-02-19,350.7799987792969,347.010009765625,348.42999267578125,42.39395746905302,39.673232569627565,37.447243349481084,33.42405392955178,34.284249900085356
CHTR,2019-02-20,351.3900146484375,347.8599853515625,349.760009765625,42.31148523182986,37.62483667480503,37.40158783748528,33.4245587368994,34.28193133674913
CHTR,2019-02-21,350.2799987792969,343.8500061035156,349.5400085449219,42.28594397785445,37.6294240528514,37.389714928376364,33.3278615772252,34.2297167600385
CHTR,2019-02-22,353.5,348.760009765625,350.0799865722656,42.053105620758636,37.566993390304305,37.35768173999797,33.31034578013588,34.22443407915656
CHTR,2019-02-25,353.75,347.8800048828125,348.8999938964844,41.61290051620006,37.52289871993773,37.3623000021185,33.09313474989205,34.20607562571037
CHTR,2019-02-26,348.8299865722656,345.55999755859375,346.32000732421875,41.78977174069535,37.482427001371725,37.318392128546826,33.08819553133674,34.13494483346533
CHTR,2019-02-27,345.8500061035156,342.9100036621094,345.0299987792969,41.62271029581581,36.86883571729824,37.240703913726456,33.08897106893993,34.08201084207828
CHTR,2019-02-28,347.42999267578125,344.30999755859375,344.9100036621094,41.64943808998577,36.85912292440799,37.23076215791132,33.00807349482668,34.02843159007619
CHTR,2019-03-01,347.5199890136719,344.9599914550781,346.5799865722656,41.61145231659192,36.85829135830201,37.23469335965538,32.860366898727996,33.92579459153307
CHTR,2019-03-04,349.8399963378906,343.54998779296875,346.1000061035156,41.64807933452238,36.8191393395316,36.97211900929406,32.760400242407655,33.91786472620222
CHTR,2019-03-05,346.989990234375,337.0400085449219,343.75,41.54683104990619,36.70583202449182,36.939227439171376,32.50121293675604,33.8661732712353
CHTR,2019-03-06,344.7799987792969,339.75,340.55999755859375,40.95739478963435,36.64687606380826,36.95718976986341,32.51887488926102,33.6321860909785
CHTR,2019-03-07,341.6700134277344,337.010009765625,340.0299987792969,40.957589410071606,35.91052357476047,36.39609422152262,32.50834153699852,33.53745968012442
CHTR,2019-03-08,339.7799987792969,335.5299987792969,337.5400085449219,41.109531684981015,35.95263168915833,36.148563899489425,32.507139874632934,33.544900787994905
CHTR,2019-03-11,341.8800048828125,336.0400085449219,341.0799865722656,41.070851671736705,35.92836674493638,36.01983335717414,32.50572812876719,33.55297089384749
CHTR,2019-03-12,342.6600036621094,339.70001220703125,342.510009765625,41.01684809553249,35.845978904319374,35.937383877541464,32.50401544563663,33.503753845606795
CHTR,2019-03-13,350.05999755859375,342.5199890136719,348.1300048828125,41.037839919737536,35.771790507433536,35.85516297580181,32.42739673631967,33.38046678941679
CHTR,2019-03-14,354.4700012207031,346.2200012207031,352.7099914550781,41.049433677508084,35.79999252945435,35.90001557130275,32.41941439929971,33.30517241211615
CHTR,2019-03-15,356.8999938964844,350.8500061035156,355.9200134277344,16.068295098707583,35.823158756542675,35.907892128426504,32.403871733278166,33.21291186763797
CHTR,2019-03-18,359.7200012207031,355.4700012207031,357.3500061035156,13.890377241428254,35.718086222740766,35.88192554796124,32.3747694391642,33.21228650941039
CHTR,2019-03-19,363.25,357.54998779296875,360.45001220703125,13.450322577414134,35.17763849916188,35.88677732398108,32.38292585627002,33.21457408467899
CHTR,2019-03-20,365.6400146484375,358.69000244140625,362.44000244140625,13.236656245833336,34.70924735586154,35.87748007556547,32.375152996244346,33.104512353449486
CHTR,2019-03-21,368.0199890136719,360.8500061035156,366.2699890136719,13.345765989231534,34.2954574377034,35.34825031435152,32.39369456118232,33.07785922547032
CHTR,2019-03-22,366.489990234375,360.3800048828125,360.7799987792969,14.245999323891297,33.435122262017124,35.19255653899102,32.382506698871836,33.10704684840062
CHTR,2019-03-25,362.510009765625,355.7699890136719,356.8399963378906,14.687163128565325,32.578681453569665,33.61078723238274,32.381455235511694,33.116712056950234
CHTR,2019-03-26,358.7200012207031,354.5899963378906,356.0299987792969,13.488052060236155,32.568986877330765,33.496754029462,32.23046273795714,32.944585693255696
CHTR,2019-03-27,360.260009765625,354.7699890136719,355.510009765625,13.40162453947365,32.58245552430565,32.5978412589989,32.20250812251644,32.94496668060549
CHTR,2019-03-28,358.6099853515625,352.2200012207031,352.8699951171875,13.49555526945649,32.65224541452659,32.570248477747036,32.19978570185471,32.94756866251197
CHTR,2019-03-29,354.6000061035156,345.6700134277344,346.9100036621094,14.29687227282275,32.88868387823881,32.63614929848654,32.21946519469811,32.96726703898342
CHTR,2019-04-01,350.6000061035156,343.70001220703125,346.2200012207031,12.832999438068967,32.89053477054603,32.455823156815484,32.193211448103234,32.93107190377896
CHTR,2019-04-02,347.510009765625,344.3599853515625,346.6300048828125,12.831197335908605,31.295975240134982,32.35130086143065,32.192891727110656,32.84047164712275
CHTR,2019-04-03,349.1000061035156,343.1499938964844,345.3699951171875,12.811957827486662,31.291230576986884,32.32661117011111,32.19526276176657,32.834041556855794
CHTR,2019-04-04,347.0,343.95001220703125,345.7200012207031,12.818477394188028,31.276497222631818,32.116457057331715,32.18179049484644,32.791054345094096
CHTR,2019-04-05,352.20001220703125,344.989990234375,351.44000244140625,13.704458371023733,31.29569147847895,32.15758001808986,32.21762799332081,32.788334332647544
CHTR,2019-04-08,355.1199951171875,350.5299987792969,354.1400146484375,13.831533785889713,31.041748392208916,32.12010782884203,32.03498321853866,32.73060725439726
CHTR,2019-04-09,355.55999755859375,350.5400085449219,354.55999755859375,13.626759020237621,31.037162266657468,32.1058552705414,32.01700257827913,32.68018389859431
CHTR,2019-04-10,355.4700012207031,353.0400085449219,354.3500061035156,13.566601212646152,30.924256690447212,32.10355118183403,32.012842600656086,32.568378796457765
CHTR,2019-04-11,356.5899963378906,353.25,355.25,13.56951740097074,30.906371987575998,32.04153425782049,31.920596677708563,32.52621880119484
CHTR,2019-04-12,356.95001220703125,354.0,356.04998779296875,13.526510877517547,30.896858923633076,32.01454400351014,31.736019792433783,32.51338928846528
CHTR,2019-04-15,358.3800048828125,355.5199890136719,357.3399963378906,13.530796932559783,30.896015254618113,31.654600021332126,31.337047602463436,32.51416340462618
CHTR,2019-04-16,359.6700134277344,356.9700012207031,358.04998779296875,13.324341321782763,30.76902205050849,31.550966934492102,31.33458710174024,32.44084717662691
CHTR,2019-04-17,362.25,358.510009765625,361.69000244140625,13.160205028784885,30.32457064742216,30.06956521440069,31.21139580990252,32.44468162658251
CHTR,2019-04-18,367.20001220703125,356.7900085449219,359.3699951171875,13.349552225460878,30.379087464912963,30.09731064539551,30.95200217963874,32.37941731644505
CHTR,2019-04-22,359.9100036621094,356.4599914550781,358.04998779296875,13.171106409820101,30.384756117529815,30.056613269757985,30.927629361735185,32.375507823003964
CHTR,2019-04-23,361.32000732421875,355.3299865722656,358.6300048828125,12.924177060300407,30.32155037439231,30.007206434536783,30.78160875491295,32.33960633839035
CHTR,2019-04-24,361.989990234375,355.2799987792969,360.5,12.94469118547504,30.302942022021462,29.945463887070844,30.570433156539885,32.34078328076625
CHTR,2019-04-25,368.7799987792969,357.32000732421875,366.760009765625,13.039211102852816,30.391219478750386,29.590215586726785,30.590830653745794,32.25138082687074
CHTR,2019-04-26,370.3299865722656,364.69000244140625,370.1499938964844,12.792875823016239,30.401367951256802,29.61180261287143,30.57722201897085,32.259988251392556
CHTR,2019-04-29,371.6300048828125,368.5799865722656,370.9700012207031,12.598776469059587,14.339158730157992,29.603205227406605,30.575754946437595,32.24981343300538
CHTR,2019-04-30,375.0,368.3699951171875,371.19000244140625,12.575713910537695,13.138784390612845,29.569623802737656,30.464664040010774,29.70552164284273
CHTR,2019-05-01,378.3599853515625,370.7200012207031,371.0400085449219,12.386814259640698,12.8601602671336,29.455844825082423,30.44178020016073,29.568648554453077
CHTR,2019-05-02,371.6300048828125,365.8999938964844,370.4100036621094,12.333221321115227,12.729092826962837,29.376304353101418,30.442277557447362,29.434019053020037
CHTR,2019-05-03,377.92999267578125,369.6099853515625,377.67999267578125,13.190130072813721,13.185542638443856,28.9502054964435,30.44576933718379,29.436371367591214
CHTR,2019-05-06,376.9700012207031,372.5799865722656,376.2799987792969,12.367653019416203,13.226842221060695,28.961749540701355,30.053260754962217,29.40811371097088
CHTR,2019-05-07,375.30999755859375,368.20001220703125,374.739990234375,11.921780050127937,13.266658325263398,28.917241475202292,29.969513230002388,29.36954115767363
CHTR,2019-05-08,375.510009765625,370.1400146484375,372.32000732421875,12.102431325201222,12.706615451451578,28.885908385203923,29.96414330955077,29.373134230219343
CHTR,2019-05-09,375.32000732421875,368.3299865722656,374.3299865722656,12.119908216203418,12.669974558440886,28.739011280103227,29.90119635308654,29.25084229411513
CHTR,2019-05-10,378.29998779296875,369.79998779296875,377.8900146484375,11.998530174568579,12.68065067724568,28.731828990146287,29.6699165428229,29.258696899688356
CHTR,2019-05-13,375.5400085449219,367.3500061035156,368.8900146484375,13.111104497842987,13.655352672922552,29.027011428172194,29.752546283647536,29.356028000548562
CHTR,2019-05-14,376.6600036621094,368.7799987792969,373.1499938964844,13.330114592465062,13.160560876194257,28.996020703504797,29.63567808315815,29.37374452416571
CHTR,2019-05-15,378.3399963378906,368.9200134277344,377.19000244140625,13.535934406797487,13.293101733309559,28.636814524479735,29.528806279017143,29.388951326670615
CHTR,2019-05-16,384.0,378.19000244140625,382.19000244140625,13.714658730064686,13.504607953532036,28.36453251149072,29.534434368694246,29.39353349777868
CHTR,2019-05-17,387.4100036621094,381.8299865722656,386.4100036621094,13.868794516747219,13.636211137313564,28.098031786300954,29.556585205436143,29.402991022630825
CHTR,2019-05-20,380.0,375.260009765625,377.2900085449219,15.485085831116956,14.60757325842029,27.68296103722846,29.670862946702176,29.463847956404386
CHTR,2019-05-21,381.9800109863281,376.4599914550781,379.2099914550781,15.42651768013118,14.595998602272761,26.91860930302839,29.67409924391508,29.459914290954064
CHTR,2019-05-22,380.510009765625,376.82000732421875,378.0799865722656,15.499389542211379,14.509663302774303,26.916235168935593,29.675643005556218,29.425513001229636
CHTR,2019-05-23,377.4599914550781,374.0,375.510009765625,15.698667261363788,14.570571925697893,26.958763932038604,29.677863551405558,29.435614611384413
CHTR,2019-05-24,379.1400146484375,374.8900146484375,375.0,15.726237200714388,14.57725787073847,26.96209276781007,29.574418147965076,29.350776806733915
CHTR,2019-05-28,379.9200134277344,375.0799865722656,377.0,15.758934267611192,14.582525146592564,26.936386133298758,29.56869878980004,29.269427620372458
CHTR,2019-05-29,376.6099853515625,372.2300109863281,375.3699951171875,15.85209378439264,14.619054017733918,26.950544385833307,29.57556456671077,29.270200189408175
CHTR,2019-05-30,379.92999267578125,375.739990234375,379.2200012207031,16.045414927904055,14.629030009342825,25.81206781531467,29.538860771329496,29.241526080537394
CHTR,2019-05-31,380.0,373.0400085449219,376.79998779296875,16.02599900549883,14.547572583365916,25.828416880588822,29.53991269926911,29.251826281497756
CHTR,2019-06-03,379.54998779296875,375.239990234375,377.6499938964844,15.855501099253939,14.53224497247011,25.81716255092631,29.539180662587967,29.15484901668407
CHTR,2019-06-04,392.1400146484375,378.510009765625,387.6700134277344,17.281221075280584,15.243270116243627,26.014136165081236,29.592480389626708,29.259024823416414
CHTR,2019-06-05,389.2900085449219,382.4100036621094,384.9599914550781,17.505676060223223,15.2654254868879,25.873229203538685,29.603296933642763,29.191575022522947
CHTR,2019-06-06,388.5299987792969,384.010009765625,387.30999755859375,17.520026541336737,15.28192572164399,25.87225764611416,29.606949819749666,29.1811036003244
CHTR,2019-06-07,395.29998779296875,387.5799865722656,394.0400085449219,17.52085739283571,15.320971993195695,25.889877242570584,29.48635376007363,29.043733306348596
CHTR,2019-06-10,396.8900146484375,392.989990234375,395.4100036621094,17.40567995543597,15.151820585701698,25.875937503389785,29.486819250275342,29.027878610691815
CHTR,2019-06-11,397.67999267578125,388.6300048828125,391.6400146484375,17.737378791901648,15.257039481892448,25.946428576524728,29.513394408906983,29.044786893669034
CHTR,2019-06-12,394.5,389.94000244140625,391.1600036621094,17.756030708989634,15.259365162242666,25.954281490550734,29.5030707539558,28.980956267911097
CHTR,2019-06-13,392.9100036621094,387.8999938964844,389.7200012207031,17.81600787033001,15.222379334028519,25.89051427252565,29.43278959225687,28.864409482733972
CHTR,2019-06-14,393.2099914550781,386.6600036621094,392.0799865722656,17.831198903098382,15.22903988042435,25.57680286758035,29.402562008198053,28.784878881015967
CHTR,2019-06-17,397.17999267578125,391.29998779296875,394.07000732421875,17.07297283308912,15.129029726070847,25.567165939620807,29.396608134094755,28.569625533574804
CHTR,2019-06-18,400.0,394.6700134277344,395.2099914550781,17.007702712854226,14.744416863055188,25.539618252846708,29.376168541299606,28.567023556993814
CHTR,2019-06-19,398.1700134277344,394.3599853515625,397.75,16.97230864665638,14.54403911450247,25.49419276364395,29.38245994912303,28.561339416410597
CHTR,2019-06-20,401.3800048828125,395.8800048828125,398.7699890136719,16.781670495172524,14.519817776533362,25.481760480209697,29.3331979359412,28.547779560425866
CHTR,2019-06-21,400.0,390.6700134277344,394.69000244140625,17.14101469465601,14.718010448115088,25.54806295513943,29.30877547897201,28.552375242034877
CHTR,2019-06-24,396.010009765625,391.010009765625,392.44000244140625,17.113141552674573,14.675905418341143,25.583012015632285,29.311249633409652,28.5579305390186
CHTR,2019-06-25,392.4700012207031,385.75,390.9100036621094,15.43027112795912,14.196166035273224,14.931817534197808,29.315078414378043,28.46048773896164
CHTR,2019-06-26,392.510009765625,385.239990234375,388.239990234375,15.359159656368826,14.289086817251256,14.310512748538837,29.140660905795556,28.438222720929986
CHTR,2019-06-27,393.6300048828125,387.1700134277344,391.4100036621094,15.236757385287127,14.344862298342035,14.198930669003653,29.117289888101432,28.42325076203311
CHTR,2019-06-28,398.0,390.3800048828125,395.17999267578125,15.026806158629224,14.377783402927216,14.177964497368349,29.124876682405095,28.41027342433904
CHTR,2019-07-01,400.0,396.0199890136719,397.739990234375,14.82451706063737,14.40112254263483,14.159467319037864,28.726368554115645,28.411618060647342
CHTR,2019-07-02,399.80999755859375,395.29998779296875,398.69000244140625,12.817583093660762,14.099382678948547,14.158358747223678,28.52975302612216,28.40203625731541
CHTR,2019-07-03,401.9700012207031,397.67999267578125,400.0,12.788710921845645,14.054258111143994,14.155653598743829,28.42312886813826,28.40254647245658
CHTR,2019-07-05,402.6199951171875,397.3699951171875,401.67999267578125,12.725399511829828,14.0600452280359,13.789612125708764,28.368241016894853,28.34883474983349
CHTR,2019-07-08,402.4700012207031,398.1000061035156,399.3999938964844,12.66133711066439,14.140061478402089,13.806959532008026,28.268316449006335,28.330146200712647
CHTR,2019-07-09,402.6700134277344,396.69000244140625,401.2200012207031,12.638592203092061,14.149348276331,13.7658334865537,28.264787769245935,28.209073575550192
CHTR,2019-07-10,408.260009765625,402.70001220703125,407.2099914550781,13.129262862757002,14.390188376189275,13.87298358751297,28.298865489445152,28.219951368188894
CHTR,2019-07-11,411.70001220703125,406.989990234375,410.25,13.034400184489392,14.427088570387298,13.53528655236968,28.288909462629867,28.211585117333616
CHTR,2019-07-12,415.1400146484375,409.0199890136719,414.30999755859375,13.017582437903332,14.509479004742717,13.58663128329293,28.295170914531642,28.182007158006872
CHTR,2019-07-15,415.7300109863281,411.67999267578125,414.6300048828125,12.732661290926938,14.424273775491208,13.58336170029301,28.283596172245513,28.161270067349616
CHTR,2019-07-16,417.0299987792969,412.7799987792969,414.8399963378906,12.753867534156885,14.314946738019756,13.579597916505401,27.892082117941797,28.160776508955564
CHTR,2019-07-17,416.95001220703125,412.54998779296875,414.55999755859375,10.753517039883558,14.27369310345474,13.584868268734605,27.71411199271177,28.159407932247326
CHTR,2019-07-18,416.04998779296875,409.1400146484375,415.6199951171875,10.389696059761093,14.272674416810347,13.561163391152359,26.561122522058174,28.147209093655768
CHTR,2019-07-19,417.1300048828125,409.3800048828125,409.7900085449219,11.395518547351346,14.658436445330658,13.717448850619526,26.544536599571494,28.17385603428709
CHTR,2019-07-22,411.7200012207031,405.760009765625,407.8599853515625,10.572812240732734,14.381325964401118,13.728280776064217,25.93026823656957,28.020218418061905
CHTR,2019-07-23,409.6000061035156,403.92999267578125,407.5299987792969,10.563909528043592,14.30654837424012,13.730205533752132,25.89461328164504,28.00561202442564
CHTR,2019-07-24,410.9800109863281,404.82000732421875,409.6700134277344,10.137898612552878,14.325466932990544,13.732745228328458,25.861305530229117,28.003933642021607
CHTR,2019-07-25,410.32000732421875,404.5799865722656,405.5,10.67029938667667,14.529992200832934,13.854134468794454,25.763159408381643,27.951307083974264
CHTR,2019-07-26,399.1300048828125,375.05999755859375,398.7900085449219,11.793582557429131,14.995536401843058,14.09304080295942,25.782631823534512,27.859219898163467
CHTR,2019-07-29,402.8900146484375,390.7799987792969,393.6499938964844,12.330137552134932,15.264274099354791,14.175950185286684,25.812575404419512,27.572333810644462
CHTR,2019-07-30,398.6199951171875,391.2200012207031,394.55999755859375,12.260103299460667,14.777173138929617,14.1683648863028,25.67310200670057,27.57039400230991
CHTR,2019-07-31,390.989990234375,382.0,385.3800048828125,13.99676859196171,15.569229269598628,14.65037881870734,25.79594561318593,27.567270183603597
CHTR,2019-08-01,392.8500061035156,383.9800109863281,384.3800048828125,13.834050821461494,15.553717181926716,14.590095322359808,25.76050564136223,27.349571824175072
CHTR,2019-08-02,385.75,379.75,384.6600036621094,13.80160357795443,15.487104539061713,14.582387346684037,25.75078316531402,27.325961113817478
CHTR,2019-08-05,382.79998779296875,376.1499938964844,379.739990234375,13.96904395823286,15.693966053510582,14.547432746832687,25.80056007065191,27.24385221589828
CHTR,2019-08-06,384.7900085449219,377.4800109863281,381.989990234375,14.05473936265439,15.621399416102982,14.4385465556975,25.764185175990523,27.074315995164355
CHTR,2019-08-07,377.3900146484375,371.29998779296875,375.0299987792969,14.923823276659734,15.282089561352613,14.69394104445046,25.84774947813554,27.11180605972784
CHTR,2019-08-08,382.3699951171875,370.7799987792969,380.0299987792969,15.412318253486449,15.341438520326447,14.822280916540901,25.639647285037814,27.117951482034897
CHTR,2019-08-09,382.07000732421875,376.6000061035156,379.57000732421875,15.182588623626197,15.188115974648762,14.768956708278038,25.5704530169087,27.117204315144
CHTR,2019-08-12,379.7900085449219,372.8999938964844,376.2799987792969,14.996267012789763,15.045400915085711,14.818978304251637,24.58003828619591,27.04284364876259
CHTR,2019-08-13,384.0799865722656,374.0799865722656,379.3699951171875,15.084998954241996,14.966721631289909,14.782934400999132,24.593955226417066,27.034876361238375
CHTR,2019-08-14,377.8800048828125,372.5799865722656,375.17999267578125,15.282596353260692,14.322109252698315,14.689913386787426,24.598903114161974,27.060664740158042
CHTR,2019-08-15,381.8999938964844,375.44000244140625,380.94000244140625,16.018425324929822,14.626855669819946,14.762650744788687,24.62081671995225,27.037809951856133
CHTR,2019-08-16,386.3900146484375,381.94000244140625,384.510009765625,16.248102677430282,14.734082040010843,14.818872965431149,24.592651263730676,26.735951051510927
CHTR,2019-08-19,391.55999755859375,387.04998779296875,388.4200134277344,16.533518212457707,14.79416601261818,14.888332789882158,24.299782263348764,26.677127635253672
CHTR,2019-08-20,394.20001220703125,386.7699890136719,391.54998779296875,16.6638927530333,14.866923131303182,14.870414815851172,24.309539216761138,26.671513659976647
CHTR,2019-08-21,393.94000244140625,389.5199890136719,392.1300048828125,16.01225070188429,14.83698333992001,14.585310323755415,24.30405026730927,26.618986667721213
CHTR,2019-08-22,393.1300048828125,387.42999267578125,391.0400085449219,15.802572934636174,14.818117081985612,14.590300919948751,24.28669518042321,26.421335107805184
CHTR,2019-08-23,395.3699951171875,384.42999267578125,385.510009765625,15.828703106414327,14.993046233057944,14.795278580499579,24.279949327944188,26.411484921607766
CHTR,2019-08-26,399.07000732421875,387.1300048828125,396.7799987792969,18.222849206070517,16.024872560520635,15.416637614531817,24.44464003089889,26.445211904912192
CHTR,2019-08-27,401.3999938964844,395.0400085449219,398.489990234375,18.29159601165235,16.037954959162402,15.423435075210822,24.078075792315804,26.343370561405628
CHTR,2019-08-28,403.5,395.6700134277344,400.5,18.384167868518986,15.175875276282918,15.24671091261045,24.08147140255475,26.323125571152346
CHTR,2019-08-29,410.0899963378906,403.07000732421875,407.239990234375,19.075115099069208,15.446765657079018,15.40905371495492,24.11270429059019,26.369070476666817
CHTR,2019-08-30,412.5,407.42999267578125,409.5899963378906,18.724238751228945,15.442188557764009,15.424515181745477,24.075866274135667,26.344396074978
CHTR,2019-09-03,413.1600036621094,407.260009765625,411.80999755859375,18.733154194627726,15.095542359572509,15.43375436165351,23.981591192185036,26.347499159191322
CHTR,2019-09-04,420.260009765625,415.2200012207031,419.4700012207031,19.448477308017996,15.516757847673635,15.665335539744355,24.04443264995748,26.402319406202583
CHTR,2019-09-05,428.95001220703125,420.30999755859375,422.04998779296875,19.46727684334334,15.393458312535255,15.681158291645614,24.048791581750343,26.39732554595467
CHTR,2019-09-06,427.8999938964844,421.0199890136719,425.7200012207031,19.289934185848747,15.458789843136826,15.717219994439008,24.015607574398086,26.322321813044535
CHTR,2019-09-09,427.1099853515625,417.6600036621094,419.7799987792969,19.08667950612969,15.747972598950819,15.91603795722463,23.834535417288667,26.35888714897418
CHTR,2019-09-10,423.9200134277344,415.9700012207031,421.3399963378906,18.577120898654417,15.72488197166447,15.861099064973628,23.63013526589244,26.35970976131507
CHTR,2019-09-11,425.7900085449219,420.17999267578125,425.0,18.669048771147292,15.779595290240108,15.849113766305592,23.45801157104763,26.32581899683612
CHTR,2019-09-12,431.42999267578125,423.54998779296875,425.0,16.9892680025515,15.777960533780277,15.828203656154225,22.981944957423092,26.316718561303237
CHTR,2019-09-13,426.6499938964844,421.9100036621094,425.5199890136719,16.910650606596594,15.740778549006793,15.828389229100173,22.45545327705808,26.31570258054608
CHTR,2019-09-16,427.0,419.1499938964844,423.25,17.0845808422386,15.79333600131552,15.857738529534688,22.463490929392016,26.246867915005044
CHTR,2019-09-17,425.3599853515625,419.04998779296875,425.1499938964844,16.393403714623084,15.632068680602815,15.666316807297214,22.464799456710146,26.24509177240667
CHTR,2019-09-18,425.7099914550781,419.07000732421875,425.4200134277344,16.40474789464485,15.56540323255296,15.61776358371576,22.463456844919357,26.2433506833398
CHTR,2019-09-19,429.8800048828125,425.1000061035156,427.4200134277344,15.023487565324132,15.541215862006567,15.626028447652992,22.443622028883226,26.099013389734303
CHTR,2019-09-20,427.2900085449219,419.6499938964844,420.3500061035156,15.959689783801368,15.892956840356314,15.887572502396724,22.549931706440002,26.158281693191864
CHTR,2019-09-23,423.510009765625,420.1400146484375,421.510009765625,15.902240155754319,15.832676392747791,15.887148660943149,21.766163008399673,26.158870702064462
CHTR,2019-09-24,424.5899963378906,416.69000244140625,417.5299987792969,15.955866523875104,15.885408093755949,15.972139035561986,21.795768491881162,26.170554267670926
CHTR,2019-09-25,418.57000732421875,414.510009765625,416.6600036621094,15.969839093783303,15.854599968488408,15.709796673452377,21.7946031784516,26.11173431531566
CHTR,2019-09-26,418.75,406.1600036621094,411.0,16.184889267657553,16.124343282428814,15.864469029207557,21.824968255268573,26.124090106683912
CHTR,2019-09-27,411.8299865722656,401.8399963378906,406.2099914550781,16.305121261569735,16.30625506391244,15.971195932074247,21.771811305531823,26.147476460551815
CHTR,2019-09-30,413.7699890136719,406.8900146484375,412.1199951171875,16.56642631739363,16.545551538263716,16.073304067276943,21.81647850293947,26.16489276117939
CHTR,2019-10-01,415.4800109863281,405.0199890136719,405.6000061035156,17.209097337909277,16.838441136765606,16.281082612927573,21.871994104326067,26.21884191674107
CHTR,2019-10-02,412.9200134277344,405.79998779296875,410.75,17.41197550008165,17.006657606877695,16.33138240299864,21.89577352336827,26.206585555961354
CHTR,2019-10-03,416.9599914550781,406.70001220703125,416.6700134277344,17.797349355872583,16.988514434076464,15.97279456399479,21.9431532745855,26.195378686900998
CHTR,2019-10-04,429.3999938964844,420.8999938964844,427.7200012207031,19.05235896747237,17.738255656918593,16.378249507227316,22.129703070467734,26.3095963779989
CHTR,2019-10-07,432.1600036621094,425.2900085449219,430.0400085449219,18.346162782518803,17.663604767034002,16.321924412841987,22.084231770372625,26.311446588875203
CHTR,2019-10-08,430.94000244140625,423.04998779296875,428.07000732421875,16.85781922583231,17.69581856741277,16.23677608329383,21.906565091245884,26.166377336452946
CHTR,2019-10-09,431.510009765625,427.4800109863281,429.2799987792969,16.849773320138667,17.702042870225746,16.16230769827418,21.90197798201174,26.139167920545958
CHTR,2019-10-10,430.29998779296875,424.8800048828125,426.92999267578125,16.986732099246463,17.743953958418484,15.696952487734459,21.89837997703172,26.139907168922583
CHTR,2019-10-11,430.7200012207031,422.8800048828125,423.1600036621094,16.695897415830725,17.84138069712034,15.76607300128654,21.897718799005546,25.83914926822734
CHTR,2019-10-14,424.69000244140625,421.9200134277344,422.9599914550781,16.648315122646732,17.587458383103105,15.754561970159678,21.894752391524293,25.685729375375654
CHTR,2019-10-15,435.45001220703125,422.7900085449219,432.9200134277344,17.817206958086334,18.15728109240243,16.089209921926066,22.026665816148977,25.693599133354674
CHTR,2019-10-16,440.2699890136719,430.260009765625,438.1000061035156,17.378143063882252,18.289561754783023,16.168245544665634,22.0552463706536,25.670179021129975
CHTR,2019-10-17,445.0,437.32000732421875,441.92999267578125,17.454213674289036,18.335945795640093,16.197209108310982,15.697232538766482,25.59267759599274
CHTR,2019-10-18,444.4100036621094,439.6000061035156,440.04998779296875,17.397604511269805,18.21655491309858,16.1965628938082,15.358073763816446,25.593687545624622
CHTR,2019-10-21,444.989990234375,437.260009765625,438.1600036621094,16.881519011118947,17.865940064176172,16.163858580897898,15.294509393444814,25.590994151922825
CHTR,2019-10-22,441.010009765625,435.8699951171875,437.2300109863281,16.897695291493502,17.625510510426675,16.12522038296039,15.25874442263687,25.577725655644954
CHTR,2019-10-23,439.3900146484375,434.1199951171875,435.55999755859375,16.808597911169063,17.662016774574717,16.14674182906822,15.24939765900562,25.57412452757572
CHTR,2019-10-24,439.04998779296875,432.6400146484375,435.07000732421875,16.816522527842043,16.876537555994396,15.65528878088027,15.25095046966712,25.566583393848386
CHTR,2019-10-25,469.57000732421875,442.25,462.19000244140625,24.128804288525483,20.663608169496534,18.215050692160588,16.778372606912146,25.94319242965291
CHTR,2019-10-28,470.30999755859375,465.2300109863281,467.0899963378906,24.104641730343552,20.71393125726285,18.255300763700465,16.637367052776256,25.821271460072193
CHTR,2019-10-29,468.989990234375,463.19000244140625,464.07000732421875,24.266422761402893,20.54243282213394,18.13534685261969,16.6516739273762,24.95635854334547
CHTR,2019-10-30,469.30999755859375,462.30999755859375,468.7799987792969,24.343868297379746,20.582695077970943,18.18286952331789,16.657924255024017,24.906328634412393
CHTR,2019-10-31,469.45001220703125,462.3500061035156,467.8599853515625,24.385674398565513,20.109461055291504,18.102599728672985,16.640896576303895,24.436894814323132
CHTR,2019-11-01,478.07000732421875,469.04998779296875,476.4800109863281,24.033678163286897,20.237054348344483,18.28358803023667,16.589310481681643,24.467068531797597
CHTR,2019-11-04,479.17999267578125,471.3699951171875,473.5,24.22185696447928,20.316715414530837,18.308558045034825,16.611120106027755,24.452359365258808
CHTR,2019-11-05,474.42999267578125,467.510009765625,473.25,23.929740181967958,20.17230774944466,18.300887109708025,16.61130771484456,24.349751482628395
CHTR,2019-11-06,472.7200012207031,462.989990234375,469.0299987792969,24.167656333529077,20.319367190972333,18.374034621954504,16.65676818718826,24.32245119493972
CHTR,2019-11-07,471.07000732421875,463.9599914550781,468.44000244140625,23.643036288366577,20.115482090404136,18.37923741842716,16.660281162149815,24.304130502461106
CHTR,2019-11-08,474.29998779296875,465.4100036621094,469.75,23.154227817912705,19.97181861638496,18.364628672672563,16.65023278988885,24.202162531556933
CHTR,2019-11-11,474.6000061035156,467.0199890136719,473.5,22.996230864224692,19.95662574206691,18.391247410756048,16.63162884603154,24.1767899736031
CHTR,2019-11-12,475.6400146484375,472.2200012207031,474.07000732421875,22.18575984771383,19.91336821046241,18.29055980597021,16.619026148876618,24.14442058428984
CHTR,2019-11-13,482.6199951171875,472.44000244140625,480.1600036621094,22.19007398245327,19.984735440724528,18.33163363071533,16.667902112332506,24.164475363559067
CHTR,2019-11-14,480.2900085449219,476.510009765625,479.9700012207031,22.074736633408666,19.996128123439714,18.31121759101266,16.666164243281404,24.164288542510118
CHTR,2019-11-15,485.989990234375,473.2099914550781,475.6000061035156,21.45592481100291,20.121869488922556,18.34319209271456,16.712339626280762,24.151834917566887
CHTR,2019-11-18,477.45001220703125,471.44000244140625,474.07000732421875,21.536158920435263,19.837103236979058,18.33559434234261,16.691777077033247,24.140405690826825
CHTR,2019-11-19,480.5199890136719,471.2799987792969,478.9700012207031,21.497028170920927,19.177463280503858,18.34335064496857,16.669265338636592,23.9740146062628
CHTR,2019-11-20,483.54998779296875,474.8500061035156,479.0799865722656,21.519821181924666,19.18506554385665,18.330802304379247,16.665395669800837,23.91606148486311
CHTR,2019-11-21,479.95001220703125,474.2200012207031,474.6499938964844,21.687746119211486,19.346345443912405,18.415794905866285,16.682135413280427,23.152609760195418
CHTR,2019-11-22,477.1199951171875,467.4599914550781,468.5,21.927427226143116,19.396142701634194,18.562819099432883,16.744085359034596,23.199842935192148
CHTR,2019-11-25,472.9100036621094,464.67999267578125,466.05999755859375,22.043069638969808,19.443890134556252,18.58924693004842,16.761918451741863,23.183951326258256
CHTR,2019-11-26,469.4700012207031,463.94000244140625,467.30999755859375,21.208354032662186,19.432433205794965,18.554422102690964,16.672568061926707,23.15986120122802
CHTR,2019-11-27,475.8699951171875,466.3299865722656,473.7799987792969,21.286107540422858,19.287666792093308,18.64928283548105,16.67932695504515,23.1586332104435
CHTR,2019-11-29,473.57000732421875,468.8699951171875,470.010009765625,21.420211379553862,19.376275899515953,18.591079246234074,16.694525881002033,22.945929786678022
CHTR,2019-12-02,473.20001220703125,467.4200134277344,470.3299865722656,21.34130621524165,19.32447158187685,18.56646542484215,16.69225269318387,22.943216078801328
CHTR,2019-12-03,470.510009765625,465.3900146484375,469.8599853515625,21.27493535694636,19.05445357999988,18.520133044117514,16.673389284914407,22.939371281233274
CHTR,2019-12-04,469.2799987792969,460.9599914550781,462.04998779296875,21.953285577651737,19.428613471318897,18.739705019162457,16.805208344909854,22.993646403027494
CHTR,2019-12-05,468.2699890136719,461.9100036621094,467.2699890136719,22.049186193000793,19.47619512421322,18.8085576034695,16.81096947654073,22.955781727835575
CHTR,2019-12-06,473.2200012207031,467.1000061035156,467.8500061035156,22.027500015241984,19.473555034209028,18.806179884450575,16.696583417609485,22.914224493887787
CHTR,2019-12-09,475.5,467.20001220703125,468.6600036621094,13.507656323336107,19.473411661549317,18.805135517468383,16.63102939244254,22.628684441860916
CHTR,2019-12-10,469.70001220703125,460.4700012207031,461.7099914550781,13.869416246103258,19.71748339853014,18.822461608265,16.73883530789472,22.688186262833806
CHTR,2019-12-11,467.32000732421875,461.42999267578125,465.8699951171875,14.001467440052393,19.768364372287973,18.838432636887124,16.758835390892447,22.671533630431735
CHTR,2019-12-12,472.92999267578125,464.8800048828125,469.6000061035156,13.883111581326723,19.811439843753053,18.864631828715456,16.74218139608417,22.649231057414625
CHTR,2019-12-13,478.07000732421875,465.8500061035156,475.2699890136719,14.290409691858013,19.915805384787735,18.92994405876462,16.639696617103045,22.597273533932917
CHTR,2019-12-16,478.8299865722656,468.05999755859375,470.2300109863281,13.613940534550641,19.71487288027912,18.936839818424833,16.698649345869743,22.61571837647906
CHTR,2019-12-17,476.260009765625,469.2300109863281,471.1300048828125,13.515501435850084,19.71400994834792,18.711484872079087,16.698554122749115,22.614736035048626
CHTR,2019-12-18,476.17999267578125,466.1400146484375,466.5199890136719,13.803095835912377,19.722639855951037,18.65551184521813,16.74247515938567,22.60908544876614
CHTR,2019-12-19,475.8900146484375,466.20001220703125,475.6700134277344,14.709157004159538,20.029574234804244,18.866408489432235,16.873497169672493,22.486394548699042
CHTR,2019-12-20,480.8500061035156,473.489990234375,476.2200012207031,14.701162176771042,19.755935967957047,18.42180152727748,16.783501031596305,22.332396481594202
CHTR,2019-12-23,483.0799865722656,475.4599914550781,480.7200012207031,14.91225297510788,19.58205903415013,18.442139235427312,16.79354295943393,22.20681751694283
CHTR,2019-12-24,482.94000244140625,480.260009765625,480.8599853515625,14.756125525151385,19.437086688873663,18.4431795272644,16.794260270260263,21.85176558779154
CHTR,2019-12-26,487.17999267578125,480.95001220703125,485.7300109863281,15.013997442074992,19.107006492177444,18.32417339752116,16.821246723307702,21.46911827750045
CHTR,2019-12-27,487.5199890136719,481.8900146484375,483.69000244140625,14.640902433636471,19.056548289183628,18.346105662040845,16.83574549310985,21.47135036648265
CHTR,2019-12-30,484.92999267578125,478.3900146484375,483.0799865722656,14.646343641217516,18.91891094181699,18.05215663358922,16.83930120757053,21.473812661896783
CHTR,2019-12-31,487.0799865722656,481.9700012207031,485.0799865722656,14.412553178246796,18.2671313104391,17.972292909871506,16.84023873235327,21.47332892289149
CHTR,2020-01-02,491.4100036621094,480.489990234375,490.42999267578125,14.665212577372428,18.345544222625346,18.013255574295307,16.875904854206013,21.47505423613299
CHTR,2020-01-03,496.5899963378906,485.5299987792969,494.4700012207031,14.564502212809513,18.330926982963994,17.943880579291108,16.86407706344061,21.48023333108858
CHTR,2020-01-06,498.1499938964844,490.92999267578125,497.45001220703125,14.63196549027804,18.34566198329696,17.930415738979445,16.84344436390612,20.901364117519563
CHTR,2020-01-07,500.6499938964844,495.54998779296875,499.1600036621094,14.296032644085605,18.271580648582393,17.79327193404982,16.83184823098468,20.892662834738402
CHTR,2020-01-08,509.989990234375,498.54998779296875,500.7699890136719,13.60106145601319,18.114603533774172,17.68234692451276,16.83261056728791,20.88806782847752
CHTR,2020-01-09,508.8599853515625,501.5,507.2799987792969,13.753701872071497,18.218596211336283,17.725524814754863,16.878894079201814,20.87979478745105
CHTR,2020-01-10,509.0299987792969,503.5199890136719,505.0299987792969,13.914327136033675,17.783414298426177,17.722639507284093,16.79652888821469,20.803479144086527
CHTR,2020-01-13,512.6500244140625,504.8900146484375,510.1499938964844,13.69777239443949,17.74675043400718,17.74163628017908,16.802370135658208,20.81434172037386
CHTR,2020-01-14,512.7000122070312,506.239990234375,509.6199951171875,13.381294809800629,17.714453351987597,17.750357050601544,16.80560293973018,20.779955481688347
CHTR,2020-01-15,517.0700073242188,507.04998779296875,515.4000244140625,13.59333854495947,17.75198598854896,17.78170965881642,16.84263396197227,20.790740560801076
CHTR,2020-01-16,513.7100219726562,506.1600036621094,508.7799987792969,14.322205696754981,17.982421556018995,17.750897741072798,16.930905290050475,20.843990144544264
CHTR,2020-01-17,512.030029296875,501.3299865722656,502.7300109863281,13.815473830508921,18.201944687343392,17.405130373401253,17.003766643426417,20.891904164813436
CHTR,2020-01-21,506.7300109863281,498.94000244140625,503.5899963378906,13.5848275906459,18.157312407303742,17.402663026443385,16.872257137339552,20.85483099426048
CHTR,2020-01-22,512.7899780273438,504.6099853515625,510.5,13.954805349871766,18.285600719984867,17.489786800933977,16.92009478968717,20.740587413482114
CHTR,2020-01-23,516.7000122070312,505.45001220703125,513.1400146484375,13.965021453290873,13.774460515957687,17.345634163132527,16.910909152664086,20.73889878587096
CHTR,2020-01-24,514.260009765625,503.8999938964844,504.6700134277344,14.16273939163642,14.154132882371295,17.5951041953242,17.02291437510524,20.808536116206785
CHTR,2020-01-27,507.3599853515625,497.4200134277344,504.0799865722656,14.093933695387632,14.071067670321424,17.59450303921594,17.02055336654713,20.781929871234265
CHTR,2020-01-28,507.45001220703125,498.80999755859375,499.3399963378906,14.42033394286163,14.123786947532334,17.488971204605054,17.045438667908904,20.810494968329646
CHTR,2020-01-29,499.07000732421875,487.82000732421875,490.739990234375,15.152753002582614,14.609036619646348,17.73512256585857,16.920964683620813,20.893741536795787
CHTR,2020-01-30,494.3299865722656,484.9599914550781,492.9800109863281,14.766101151256587,14.172912469790763,17.70494652325789,16.8837372173273,20.894536124769942
CHTR,2020-01-31,521.6900024414062,495.0,517.4600219726562,20.069822366376627,17.16749168237304,19.041063036123674,17.740931889548726,16.930793260876573
CHTR,2020-02-03,537.5399780273438,522.6900024414062,532.0499877929688,20.90507785531706,17.98832448657758,19.472478153667367,17.956693884571592,16.904304932390176
CHTR,2020-02-04,532.6500244140625,519.8499755859375,531.75,20.453070252535895,17.852649283075785,19.45132295827392,17.92586756557882,16.852219538458392
CHTR,2020-02-05,530.530029296875,521.030029296875,522.1799926757812,21.407090703438143,18.318127004262948,19.716424277106867,17.823025775389407,16.945051281432242
CHTR,2020-02-06,529.4600219726562,522.9199829101562,526.5599975585938,21.382197109801655,18.366245986883726,19.741198253587623,17.83570411783037,16.94559407701963
CHTR,2020-02-07,526.5499877929688,521.3400268554688,525.2100219726562,21.430073545455777,18.34478067383634,19.719297028395232,17.83418873096188,16.950504367565667
CHTR,2020-02-10,531.75,524.4199829101562,530.3400268554688,21.420000107292022,18.417279050860564,19.75252146707894,17.828674178924974,16.967394065766747
CHTR,2020-02-11,532.2999877929688,524.010009765625,530.9400024414062,21.32106616842703,18.277122120228555,19.751671476330884,17.824664830235847,16.844561871906894
CHTR,2020-02-12,535.4199829101562,528.6300048828125,534.0,21.293019142362386,18.290737211977113,19.755752656960254,17.8258807512264,16.839139338212625
CHTR,2020-02-13,536.25,532.5499877929688,534.72998046875,21.299175265832947,18.148895150517703,19.52248867271282,17.810420347008787,16.822741427888246
CHTR,2020-02-14,536.25,532.2000122070312,534.8900146484375,21.18729145948906,18.12033200213265,19.525265290968953,17.78445882826461,16.80728793971029
CHTR,2020-02-18,538.7000122070312,533.3800048828125,537.5999755859375,21.138282805479115,18.049934489182,19.43650622763055,17.76071285479202,16.69239704809323
CHTR,2020-02-19,546.5399780273438,536.9400024414062,542.4600219726562,21.195585539997005,18.104161363084387,19.449189087622425,17.780131465412662,16.70449056041607
CHTR,2020-02-20,544.0900268554688,532.0900268554688,539.219970703125,21.349922494222746,18.02820315844194,19.322920095583875,17.57060462289406,16.721138500066623
CHTR,2020-02-21,538.4299926757812,529.239990234375,535.3400268554688,21.53609901817083,17.857715159311972,19.250379516433398,17.5720848210653,16.7434084051754
CHTR,2020-02-24,534.0,525.5900268554688,528.7000122070312,21.697837315145208,18.04792529378336,19.308821935932947,17.645977008601747,16.803281717217395
CHTR,2020-02-25,534.8300170898438,517.010009765625,517.989990234375,22.55146426794067,18.630191827705758,19.431575155343936,17.743238978778507,16.94079427146493
CHTR,2020-02-26,527.5,516.6799926757812,518.0900268554688,22.38077490144297,18.462575039306,19.3660150840126,17.742402663181593,16.917320049509318
CHTR,2020-02-27,520.489990234375,507.510009765625,508.54998779296875,23.054266562142946,18.819219945864575,19.550838169478887,17.85323495464289,17.0291455648135
CHTR,2020-02-28,509.8800048828125,485.4599914550781,493.1700134277344,24.429058005857474,19.930992148166972,19.84311469652847,18.251859745561124,17.33091747781616
CHTR,2020-03-02,500.70001220703125,490.3399963378906,497.1300048828125,24.328804472747528,19.981706880072903,19.860592745970546,18.259383024758115,17.340068895868345
CHTR,2020-03-03,505.5,489.17999267578125,495.0299987792969,24.122130877807287,19.670178376316713,19.857899834737886,18.262722507665018,17.347049952893826
CHTR,2020-03-04,524.6500244140625,498.80999755859375,522.8400268554688,28.9453391353387,22.439218067120574,21.579097980284175,19.318965377048595,18.12577434861604
CHTR,2020-03-05,522.760009765625,501.2300109863281,505.1400146484375,30.471552626360015,23.641394725735406,22.310868029702334,19.782447049410987,18.449754657333624
CHTR,2020-03-06,498.6199951171875,480.6499938964844,496.7200012207031,30.789852242674897,23.92980057588722,22.441664040726394,19.889551486038222,18.538491724563904
CHTR,2020-03-09,478.6199951171875,460.739990234375,463.2099914550781,36.46426053596352,27.81849972494618,25.144325925220606,21.593717223311554,19.8455034312971
CHTR,2020-03-10,477.8699951171875,460.3599853515625,476.760009765625,37.60392344338163,28.38252116507834,25.28523860328177,21.805206110953378,20.01549610456263
CHTR,2020-03-11,477.0,443.9200134277344,450.6499938964844,40.748695819266004,30.618850713619985,26.807730476081904,22.82456745990899,20.82694045363997
CHTR,2020-03-12,446.739990234375,421.8599853515625,427.5400085449219,43.01719985589092,32.294938501267936,28.056943093664287,23.677617689242908,21.453276076119423
CHTR,2020-03-13,454.5199890136719,413.6600036621094,454.19000244140625,46.925499146180286,34.66113281684213,29.661834819353988,24.701121808209216,22.234468728781806
CHTR,2020-03-16,418.3800048828125,388.1300048828125,389.1099853515625,62.13163647289935,46.87880812658,38.53355157770316,30.78726675177521,27.127634335777305
CHTR,2020-03-17,406.6300048828125,388.2300109863281,393.0199890136719,61.41270062211803,46.93488227089699,38.57408009351462,30.78912061364687,27.142343744545943
CHTR,2020-03-18,390.75,345.6700134277344,381.5199890136719,61.599942275141586,47.018407218952355,38.8389183624369,30.97847089733113,27.295498576319154
CHTR,2020-03-19,414.3999938964844,372.94000244140625,393.05999755859375,62.6788414862949,47.50801490343219,39.15194236560161,31.180225922351983,27.450348344825155
CHTR,2020-03-20,404.55999755859375,370.0,371.70001220703125,63.845358629002924,48.638570740585635,38.85626891348056,31.8685165032268,28.000185583325944
CHTR,2020-03-23,399.989990234375,364.6700134277344,381.7799987792969,64.76531588149757,49.04568965808791,39.07600894786,32.02582798574834,28.085400211937717
CHTR,2020-03-24,421.2099914550781,396.5199890136719,419.3999938964844,71.33696433068184,52.923904434359606,41.93367142464459,33.905108421426064,29.586185917564343
CHTR,2020-03-25,441.0,408.5400085449219,420.7699890136719,71.36286972630351,52.93542461693686,41.90159524129056,33.90316793696543,29.58588990822474
CHTR,2020-03-26,460.5400085449219,422.04998779296875,454.1700134277344,75.34932372560573,55.339103524894874,43.66820852178122,35.03884667426168,30.538585594212876
CHTR,2020-03-27,456.3999938964844,434.8999938964844,439.70001220703125,75.71992839207367,55.69837904555772,43.85996400624397,35.245670010597266,30.70887160976412
CHTR,2020-03-30,454.510009765625,440.739990234375,450.7799987792969,76.24590873653587,55.90556802829371,44.039606685319995,35.347284416342575,30.749550455067233
CHTR,2020-03-31,449.1700134277344,432.05999755859375,436.30999755859375,76.56541227924782,56.231098804737066,44.33407278208488,35.56348763382284,30.931929395265385
CHTR,2020-04-01,434.8299865722656,413.3900146484375,424.0299987792969,76.65868383628224,56.46414179718546,44.53432189664217,35.72671086044041,31.07194398363659
CHTR,2020-04-02,436.8800048828125,418.010009765625,435.6600036621094,77.33723800938048,56.7797610047672,44.75658024521558,35.86841706407018,31.17935973841727
CHTR,2020-04-03,440.6199951171875,425.989990234375,433.79998779296875,77.3415684688019,56.76960063810563,44.75650850610288,35.87141840789292,31.18369397065915
CHTR,2020-04-06,464.5,442.75,459.54998779296875,79.5508583284212,58.012122670661185,45.68984511717094,36.46748678259543,31.658954442843683
CHTR,2020-04-07,475.1499938964844,449.8299865722656,451.75,79.49902361676354,58.09631557208752,45.76702149244738,36.5225919961913,31.70407692626929
CHTR,2020-04-08,466.1400146484375,450.9700012207031,463.92999267578125,80.00320379893145,58.33948661331087,45.92146589705577,36.651850832941136,31.807576054981197
CHTR,2020-04-09,476.1499938964844,456.19000244140625,466.6400146484375,79.9207888044825,58.35917295737323,45.93190185453782,36.652935165078695,31.810687770566926
CHTR,2020-04-13,473.20001220703125,462.1600036621094,469.70001220703125,79.52127822341562,58.32301643454812,45.92232413997846,36.63607437363352,31.81502478192353
CHTR,2020-04-14,495.9200134277344,473.1300048828125,489.57000732421875,80.45780629321473,58.93082872387251,46.390407945220865,36.8897033261223,32.06941565527041
CHTR,2020-04-15,497.9800109863281,474.5400085449219,496.32000732421875,80.5534353044682,58.95487007753098,46.412202734083955,36.881019927729156,32.09266158320782
CHTR,2020-04-16,507.7699890136719,493.5,496.3500061035156,78.87616863665528,58.953541305168386,46.412222213514,36.881102810324705,32.09282847696615
CHTR,2020-04-17,509.1199951171875,486.07000732421875,499.4200134277344,78.28882551432628,58.89836765515386,46.395322344894105,36.76701494768038,32.08436257949814
CHTR,2020-04-20,506.260009765625,490.45001220703125,498.6700134277344,78.13523678926147,58.8875038382493,46.34567226250854,36.76554963122774,32.076244796590956
CHTR,2020-04-21,497.5899963378906,486.7699890136719,490.7799987792969,75.45633763730463,58.8795219259962,46.41134974141114,36.82304175885713,32.118802880141814
CHTR,2020-04-22,501.3500061035156,490.239990234375,496.0799865722656,75.07700295856793,58.924016885634856,46.43854941690463,36.800599347488806,32.13280262571547
CHTR,2020-04-23,508.05999755859375,495.6099853515625,499.1199951171875,73.06496888251566,58.90673605440436,46.39928685132866,36.80094842842894,32.13404204579578
CHTR,2020-04-24,508.8599853515625,494.1099853515625,508.54998779296875,71.2119016417795,58.91664480969616,46.468232236658096,36.78072086881461,32.14186101586286
CHTR,2020-04-27,515.6300048828125,505.7799987792969,508.44000244140625,69.30907204027282,58.91106080853221,46.468503167886816,36.75567633413486,32.13240637196276
CHTR,2020-04-28,514.72998046875,494.3299865722656,497.1600036621094,51.30358380131559,58.234285474386574,46.6137531321489,36.86429798097835,32.21948329540094
CHTR,2020-04-29,505.57000732421875,492.4200134277344,494.6700134277344,51.44151698418007,57.93659993095193,46.53987011519841,36.852514891319466,32.22536890147627
CHTR,2020-04-30,511.3299865722656,490.3500061035156,495.2300109863281,50.258032022453634,57.93845435686498,46.50918681532875,36.84402117235518,32.22499620814175
CHTR,2020-05-01,517.9099731445312,495.510009765625,509.6400146484375,50.21831100562333,58.147211021137466,46.722612431368596,36.95327665387791,32.34107605947595
CHTR,2020-05-04,521.7999877929688,508.8699951171875,515.72998046875,46.342196780639306,58.174376238989566,46.75521160994461,36.93809774514645,32.30725663455558
CHTR,2020-05-05,518.4199829101562,508.8800048828125,513.4400024414062,46.29786521422174,58.17872641943788,46.694033591003794,36.933927213561674,32.308473380915174
CHTR,2020-05-06,517.8699951171875,496.6199951171875,503.9599914550781,39.531445468923444,58.258695852419585,46.78059414198905,36.99728849968001,32.365214186667174
CHTR,2020-05-07,520.0,507.6099853515625,514.25,39.72963036280629,58.417445512642296,46.86872006328166,37.055851552044494,32.41186494013073
CHTR,2020-05-08,521.4600219726562,513.1300048828125,515.280029296875,33.79645540946586,58.40529114090776,46.83534225824423,37.05589601247332,32.40933135092652
CHTR,2020-05-11,515.6500244140625,507.20001220703125,510.739990234375,32.234975752527724,58.428162697717234,46.82493346356515,37.07275608871828,32.41457352724894
CHTR,2020-05-12,514.5900268554688,501.3699951171875,501.92999267578125,32.29694248576043,58.52690089207068,46.913808913198466,37.09348767180482,32.36893586027169
CHTR,2020-05-13,503.0,487.6700134277344,498.29998779296875,30.618804310740057,58.52635980213295,46.90096551211849,36.96439887079107,32.363547711247946
CHTR,2020-05-14,502.05999755859375,489.2699890136719,497.44000244140625,29.055482255303726,58.4872769854101,46.805650882470296,36.96431251436499,32.35037383661361
CHTR,2020-05-15,503.4700012207031,485.010009765625,503.3900146484375,28.394545902427097,58.54267902692981,46.84079219285582,36.983141239633355,32.34583664518013
CHTR,2020-05-18,524.6599731445312,505.79998779296875,517.7899780273438,29.04369940365288,58.83510315416866,47.025909115539136,37.07571358971175,32.4444027498344
CHTR,2020-05-19,523.2899780273438,512.4000244140625,520.4400024414062,24.550841843460493,58.79322636700831,47.03094059086217,37.074703807655,32.349092517346314
CHTR,2020-05-20,525.77001953125,510.8999938964844,512.7999877929688,24.384177233068534,58.72137825019338,47.07160136376937,37.1204259557274,32.38663769650032
CHTR,2020-05-21,519.6400146484375,510.0,516.9600219726562,23.481132959159805,58.745686949588695,47.080449787909586,37.073035123961645,32.39119256216986
CHTR,2020-05-22,519.0999755859375,509.239990234375,512.9000244140625,23.70377573524305,58.64221321831018,47.09908449248784,37.083670596076395,32.39402590150547
CHTR,2020-05-26,517.6900024414062,508.20001220703125,509.8500061035156,23.825203601826985,58.30447737027543,47.10707682749445,37.081980849995574,32.40100449459929
CHTR,2020-05-27,528.0599975585938,511.010009765625,525.1099853515625,22.345056473468514,58.58738051535235,47.30323202453938,37.19087872240804,32.5216546539097
CHTR,2020-05-28,539.8800048828125,528.5399780273438,534.6699829101562,22.571515202615107,58.68159219500291,47.368781743302115,37.242883835931536,32.55958995947204
CHTR,2020-05-29,545.6300048828125,531.0800170898438,544.0,22.960509896512427,57.72189969793011,47.434361405326094,37.280884072066826,32.58656380003923
CHTR,2020-06-01,548.0399780273438,540.02001953125,541.2999877929688,23.05622582540952,57.27069078238569,47.44168986364307,37.28810862757867,32.583433099838125
CHTR,2020-06-02,549.0,540.8300170898438,545.219970703125,23.057109665607523,57.16040577299889,47.45109468312356,37.29457647687923,32.588458873216844
CHTR,2020-06-03,548.8099975585938,542.260009765625,547.2999877929688,22.348213508781217,55.189962141271664,47.41415531915585,37.287064331741895,32.494666484781774
CHTR,2020-06-04,548.9099731445312,534.6599731445312,540.030029296875,22.770555744989725,55.01652333373056,47.46025388374145,37.32630446109716,32.51734401461771
CHTR,2020-06-05,546.0700073242188,528.02001953125,530.719970703125,23.483840512981306,53.81689556992049,47.52187795827962,37.3918954442744,32.567672016031835
CHTR,2020-06-08,540.4000244140625,522.0800170898438,540.3599853515625,23.440553758909683,52.647219715015595,47.60329975254333,37.44237810526422,32.571575902571325
CHTR,2020-06-09,542.3599853515625,529.4299926757812,531.5700073242188,24.03661400019992,51.46330921389891,47.64780788582772,37.44050754051182,32.618574731798084
CHTR,2020-06-10,536.3499755859375,528.5,533.8099975585938,22.94853121753314,39.675065950890385,47.60425900653571,37.44169127189315,32.602068902757495
CHTR,2020-06-11,535.6699829101562,517.1500244140625,517.1699829101562,24.91013699157449,40.375693013862005,47.83757784374353,37.62330396040184,32.76679566089056
CHTR,2020-06-12,530.719970703125,515.2899780273438,522.5700073242188,25.042889972384373,39.7533188349389,47.863991539789964,37.63696337115904,32.77634066990306
CHTR,2020-06-15,526.75,511.54998779296875,526.02001953125,23.767348893700696,39.42415904927151,47.82735998682913,37.60009587571372,32.77719617763717
CHTR,2020-06-16,538.02001953125,525.8900146484375,532.4500122070312,23.7782023982288,37.35917273814245,47.85830737397939,37.58915603667343,32.79331257901679
CHTR,2020-06-17,539.1099853515625,532.8200073242188,534.22998046875,23.72835512623989,37.11060391337217,47.78255172308549,37.55828442906703,32.793576056058356
CHTR,2020-06-18,538.969970703125,530.4199829101562,535.1099853515625,22.96159131348872,32.220574265844334,47.78203383794202,37.50125682031898,32.789437321289824
CHTR,2020-06-19,540.9000244140625,524.469970703125,536.6699829101562,22.307255331352366,32.22102535795467,47.756168871157165,37.47847019036373,32.7896042748295
CHTR,2020-06-22,534.010009765625,523.4000244140625,527.6699829101562,22.929453760401234,28.76318361820138,47.75178357586917,37.51012338597998,32.81955301727283
CHTR,2020-06-23,532.0599975585938,516.0999755859375,521.0399780273438,23.093885165369315,28.015689268974203,47.79471199506944,37.429020423207895,32.84141338365737
CHTR,2020-06-24,517.8400268554688,505.57000732421875,507.989990234375,23.74161364568101,28.217927929806468,47.34573963496254,37.556002200724734,32.94436241515026
CHTR,2020-06-25,512.5499877929688,500.1600036621094,510.0199890136719,23.64994779155247,27.281530017316907,47.13784005775684,37.551978696947465,32.93612140507063
CHTR,2020-06-26,510.5,500.5,502.2699890136719,24.098331955651087,26.7659879053811,47.19706663637191,37.60067682245424,32.969165622491644
CHTR,2020-06-29,513.5599975585938,499.510009765625,509.2200012207031,24.18142311710507,26.387451669643212,47.166110139798754,37.62371676271893,32.98266391509743
CHTR,2020-06-30,511.9599914550781,498.0799865722656,510.0400085449219,22.706078819598382,26.349455942298437,47.146940307301534,37.605524324940724,32.97818230560254
CHTR,2020-07-01,525.780029296875,505.45001220703125,521.9099731445312,23.662823170450835,24.124893557992973,47.290455431836364,37.69475550090923,33.05134844316434
CHTR,2020-07-02,528.8699951171875,517.02001953125,517.6900024414062,23.375496639674452,23.887665683863126,47.28130358507687,37.61849210191137,33.06334457698184
CHTR,2020-07-06,527.1699829101562,520.47998046875,526.2899780273438,23.741596493666126,23.534539004272997,47.355331487255775,37.6410812702962,33.09796427476397
CHTR,2020-07-07,532.3400268554688,521.97998046875,528.02001953125,23.61522798850284,23.523127622411653,47.34921683906225,37.63096154501389,33.091715542295454
CHTR,2020-07-08,530.1699829101562,523.0,528.3099975585938,23.5243451497793,23.506458064141306,47.348744987805546,37.625813743357014,33.08995949479448
CHTR,2020-07-09,532.25,520.6699829101562,530.1900024414062,21.961568579083192,22.02473139515083,47.35229532421209,37.62165890626591,33.06220321567464
CHTR,2020-07-10,540.4400024414062,527.5,537.9199829101562,21.734585084012608,22.044030978622466,47.40192457214077,37.653135027671034,33.08333963233519
CHTR,2020-07-13,544.4500122070312,532.8599853515625,533.780029296875,21.228230101138706,22.12098057986487,47.39550677571325,37.6632176787701,33.0832299014334
CHTR,2020-07-14,543.97998046875,525.8699951171875,542.9500122070312,21.787920402942046,22.336007508716925,47.46430206621071,37.70916782023347,33.122020190093004
CHTR,2020-07-15,552.5399780273438,542.530029296875,552.010009765625,22.216442065149927,22.541480338083797,47.52132601670854,37.090843450927785,33.158110712298026
CHTR,2020-07-16,558.0999755859375,547.780029296875,558.030029296875,22.402800164653552,22.31347845402206,47.505823850560326,37.09195158590216,33.17181553623954
CHTR,2020-07-17,569.8699951171875,560.010009765625,564.6599731445312,22.22159107283254,22.3321594479121,47.41878088480874,37.10322198817331,33.18857911527363
CHTR,2020-07-20,571.5999755859375,562.5800170898438,565.510009765625,21.489548725900747,22.317295417822596,47.41876642163186,37.08777835689263,33.15282118806726
CHTR,2020-07-21,570.9099731445312,563.4000244140625,564.6799926757812,20.97364824442902,22.056511425797716,47.317692779274786,37.08725899249411,33.14850783079365
CHTR,2020-07-22,568.2000122070312,561.2999877929688,565.1199951171875,20.281440927225685,22.053674597324957,47.042993180946986,37.03068041688774,33.14787792580615
CHTR,2020-07-23,569.1500244140625,556.1900024414062,560.4199829101562,20.490403540981497,21.577407984289344,47.05588155492658,37.037200447739565,33.1595132292018
CHTR,2020-07-24,562.969970703125,554.3599853515625,561.719970703125,17.895608742851692,21.52782817622328,47.048123926404394,37.037146616210194,33.139654909818
CHTR,2020-07-27,563.0999755859375,555.27001953125,559.9099731445312,17.82589397681101,21.554881791624418,46.26682956965924,37.02176693116371,33.09364496014896
CHTR,2020-07-28,566.4600219726562,557.02001953125,561.4099731445312,17.780295950442024,20.828931702180164,45.923468438104095,37.0213383061926,33.06264792248938
CHTR,2020-07-29,569.6799926757812,560.5999755859375,566.4199829101562,17.645717348412298,20.774864626564792,45.8501088904583,37.032492584436774,33.070982974064
CHTR,2020-07-30,568.510009765625,558.1699829101562,563.4400024414062,17.767729813067675,20.7857456115852,44.4227862537344,37.03080687143226,32.98280921128758
CHTR,2020-07-31,594.3099975585938,554.260009765625,580.0,19.436666262054857,21.09836953955597,44.42486257448277,37.17872716517252,33.09421904922434
CHTR,2020-08-03,593.9000244140625,581.1400146484375,589.7000122070312,19.85015809674878,20.979921950104952,43.487875817963904,37.19832096321147,33.1278437645581
CHTR,2020-08-04,601.760009765625,579.0,600.010009765625,19.318083122773242,21.20522587822167,42.63183813048896,37.24711656151741,33.13218512414301
CHTR,2020-08-05,603.5999755859375,597.22998046875,598.260009765625,18.775680017370437,21.103808145034872,41.64773410738849,37.22995630138781,33.13299953251382
CHTR,2020-08-06,604.1199951171875,594.6799926757812,602.1400146484375,16.48734033310741,20.698911083692874,33.12969196178161,37.23112683463064,33.07427080623005
CHTR,2020-08-07,611.469970703125,598.25,601.8699951171875,16.576514699816087,20.60110263445117,33.125992209700264,37.21644043452776,33.05536969136036
CHTR,2020-08-10,606.0,598.0999755859375,602.3400268554688,15.436068033297657,20.582158756291744,32.68101570348351,37.21628090528826,33.054133266547765
CHTR,2020-08-11,604.4199829101562,588.969970703125,590.47998046875,16.980739615426053,21.033684288558636,32.656310371038764,37.279683368987435,33.10878599980075
CHTR,2020-08-12,607.0,590.989990234375,598.739990234375,17.144034813878754,20.4887104735823,31.243929776823197,37.27090623537722,33.12478267742922
CHTR,2020-08-13,609.3099975585938,595.4600219726562,604.219970703125,16.35500876528699,20.527535963155387,31.05278234472884,37.273840622020586,33.107323739793536
CHTR,2020-08-14,610.9500122070312,602.8800048828125,604.989990234375,15.927225936589293,20.211644362165384,27.549463623435077,37.2735553733362,33.08025031886695
CHTR,2020-08-17,610.2000122070312,601.0999755859375,604.969970703125,15.62698958965906,20.188736124578842,27.55565200043038,37.245107976119044,33.07220798942844
CHTR,2020-08-18,612.9299926757812,606.510009765625,610.6900024414062,15.68141929134012,20.115373674391908,24.98572848160595,37.24053328599128,33.070498517315556
CHTR,2020-08-19,616.0700073242188,607.7999877929688,611.6599731445312,15.659558895967601,20.032465045452707,24.336193208022184,37.24042247632745,33.06458749866981
CHTR,2020-08-20,614.3699951171875,607.9400024414062,612.5399780273438,15.687143173491167,19.260102551453194,24.09020874231641,37.23927293549991,33.06459151816623
CHTR,2020-08-21,614.7999877929688,606.6099853515625,613.9600219726562,15.430110364806671,18.98814063144652,23.401138844907848,37.17611887605351,33.06147302316147
CHTR,2020-08-24,618.030029296875,611.1400146484375,612.530029296875,15.137960928377044,18.75072589619672,22.8532598917656,37.16116824531052,33.024917250397465
CHTR,2020-08-25,620.1900024414062,604.4099731445312,609.75,14.886253578588995,18.74417069874328,22.57932538369102,37.16805883129478,32.919652229859615
CHTR,2020-08-26,618.489990234375,605.280029296875,614.5599975585938,14.44959954690428,18.752281016429436,22.556971535496533,37.1757288943745,32.92438929445958
CHTR,2020-08-27,621.0399780273438,612.5900268554688,614.2899780273438,14.325974818283562,18.754948424039636,20.823679621049738,37.12497472461187,32.92340889009567
CHTR,2020-08-28,616.5700073242188,609.3499755859375,615.6400146484375,14.09302036693734,18.482002760649703,20.57523267442621,37.114659095494595,32.88903430407946
CHTR,2020-08-31,620.22998046875,613.6300048828125,615.6099853515625,14.113380041457507,18.03380912885296,20.23221387479734,37.10724277555267,32.8868657237777
CHTR,2020-09-01,620.2000122070312,611.0,617.239990234375,14.054750258720928,17.741277985976115,20.226525734986826,37.08648650000442,32.884831298661574
CHTR,2020-09-02,626.6199951171875,614.0499877929688,622.4500122070312,14.125228112774654,17.353555223006197,20.237495668699626,37.06742552158684,32.8486004040921
CHTR,2020-09-03,629.52001953125,603.030029296875,608.0999755859375,15.762781884436091,18.14587383683088,19.695703156061683,37.18411618716622,32.939438302343774
CHTR,2020-09-04,611.3900146484375,592.0900268554688,604.02001953125,15.999377076870957,16.83165752663329,19.658321938363528,37.172714538045625,32.94157568429425
CHTR,2020-09-08,604.3400268554688,591.5999755859375,596.5,16.50378545208906,17.03205187940852,19.79047623446311,37.147276915074656,32.93476053046083
CHTR,2020-09-09,617.7999877929688,598.4000244140625,613.280029296875,18.100260379114637,17.799119919058995,20.20268840692371,37.27921535364012,33.039242534774246
CHTR,2020-09-10,622.22998046875,603.3099975585938,604.0599975585938,18.74381112910335,18.04824639958405,20.379188962796597,37.31821811359425,33.07315428292425
CHTR,2020-09-11,608.5700073242188,597.7999877929688,601.52001953125,18.709799667343308,18.092479449505607,20.201689242798253,37.32368584313998,33.07762285030738
CHTR,2020-09-14,613.5900268554688,603.6699829101562,609.7000122070312,17.26732084415776,18.24585256321504,20.236775207626422,37.33731972754416,33.09984609857314
CHTR,2020-09-15,627.4299926757812,610.219970703125,622.5499877929688,17.628621801556644,18.643117851806807,20.44617960409835,37.40333960333733,33.14968517861468
CHTR,2020-09-16,635.8599853515625,626.2100219726562,630.0700073242188,17.285299000281828,18.297533152807812,20.33573267056203,37.42297978818367,33.16495026902045
CHTR,2020-09-17,624.1699829101562,609.6699829101562,620.3099975585938,17.95400221251896,18.41531575209781,20.52714465866371,37.47612826186631,33.20926900901029
CHTR,2020-09-18,628.2999877929688,611.7899780273438,625.25,17.996342095839406,17.47210870488553,20.1703653111182,37.46689573796152,33.213981293388954
CHTR,2020-09-21,625.9199829101562,606.9099731445312,614.3400268554688,18.80604816906016,17.99674134273657,20.384245795454717,37.52481096103361,33.21918705574375
CHTR,2020-09-22,634.3400268554688,612.4500122070312,633.0499877929688,20.63688945161209,18.40770858929871,20.85662586241834,37.67511920883762,33.34098292840546
CHTR,2020-09-23,633.989990234375,615.0999755859375,616.3499755859375,21.34153043583333,19.325487548281487,20.937915800024594,37.82032844797979,33.44309137052084
CHTR,2020-09-24,621.280029296875,609.5399780273438,611.4500122070312,21.1725128777523,19.45833116301641,20.93437382625426,37.83500853213365,33.45471385372269
CHTR,2020-09-25,617.4000244140625,606.1099853515625,614.22998046875,21.055790713747584,19.01118257466765,20.915742045681878,37.81117788909668,33.421197618089465
CHTR,2020-09-28,633.6400146484375,619.6400146484375,628.22998046875,22.000171045918925,19.30093656083799,20.913340120030508,37.89054079877855,33.45971437996173
CHTR,2020-09-29,635.8300170898438,625.02001953125,626.5,22.028200631997425,19.138779632415716,20.72691517991477,37.878666840087455,33.4383014870253
CHTR,2020-09-30,632.0599975585938,620.6799926757812,624.3400268554688,21.92508299850057,19.182842061840645,20.744816274481455,37.88170057175868,33.39555904052464
CHTR,2020-10-01,640.0,627.3099975585938,635.1099853515625,22.432667556694184,19.39892178839402,20.810852841248597,37.90993290144457,33.413274130114736
CHTR,2020-10-02,633.1699829101562,617.2899780273438,620.22998046875,23.569791899534586,20.159429737132424,20.98527464179476,37.98771027108337,33.485767978144374
CHTR,2020-10-05,639.27001953125,621.6300048828125,633.97998046875,24.378619504019035,20.403086189144982,21.16407094079437,38.03525238266936,33.457128964702406
CHTR,2020-10-06,638.0599975585938,619.0999755859375,620.8900146484375,25.18172277853702,20.863329104817037,21.474977910636504,38.12540475870718,33.529870730537986
CHTR,2020-10-07,629.72998046875,622.989990234375,623.72998046875,25.162961491115276,20.648216362243364,21.422400666500526,38.09875911406694,33.525787143500615
CHTR,2020-10-08,633.6900024414062,622.239990234375,629.0800170898438,25.180495220447725,20.476886701515888,21.03745619560748,38.10591748510418,33.53293861076519
CHTR,2020-10-09,639.3400268554688,631.6400146484375,635.6400146484375,25.329640600125924,20.468567766629057,21.0741854238131,38.06255417504428,33.53718608457822
CHTR,2020-10-12,663.7000122070312,639.239990234375,651.719970703125,26.256283706624362,20.906847512722244,21.21296622904376,38.16448641742772,33.60208200306802
CHTR,2020-10-13,656.8900146484375,646.489990234375,649.9500122070312,26.28488918901175,20.932393536272976,21.20860167012347,38.14579437654893,33.604300860637515
CHTR,2020-10-14,653.6400146484375,638.010009765625,638.6199951171875,26.876342630380357,21.31409401342997,21.38226324529918,38.14728405610272,33.58939155286085
CHTR,2020-10-15,640.2999877929688,630.5,636.8900146484375,26.80807766962991,21.334994201044314,21.35690428151359,38.148684820070706,33.57595432191475
CHTR,2020-10-16,646.989990234375,633.52001953125,633.9199829101562,25.88076088548425,21.27205798180241,20.931017759824545,37.742178158685256,33.57372665554614
CHTR,2020-10-19,640.0,616.7000122070312,617.6599731445312,26.983562067177157,22.03419463313677,21.23054599943568,37.743543259060154,33.68081337614262
CHTR,2020-10-20,622.739990234375,606.6199951171875,608.260009765625,27.11550920777308,22.2853788382466,21.242193905709108,37.79165535126894,33.7174370983109
CHTR,2020-10-21,612.3300170898438,601.510009765625,605.3300170898438,25.9038345835698,22.31979071725807,21.241133780635504,37.73062206356177,33.721279724777034
CHTR,2020-10-22,605.030029296875,596.4299926757812,599.9099731445312,25.660356218393805,22.359486469698588,21.278517889243737,37.73769817709195,33.73311036570039
CHTR,2020-10-23,603.0700073242188,588.4099731445312,593.280029296875,25.83078330104427,22.460772795460322,21.35929197498244,37.76173178447591,33.75501068038276
CHTR,2020-10-26,595.8300170898438,581.4199829101562,582.1300048828125,26.01930156436959,22.04331382078234,21.472128982759237,37.81756863472009,33.28687122076386
CHTR,2020-10-27,590.2999877929688,580.5,583.6500244140625,25.178116740310173,21.780320765165172,21.27584070126208,37.81830954145876,33.2732761424383
CHTR,2020-10-28,585.4099731445312,572.4600219726562,572.5800170898438,25.27481376068615,21.811236119973927,21.33526808790624,37.88458789821017,33.32549071801085
CHTR,2020-10-29,583.0499877929688,573.0999755859375,576.0,25.12620142056068,21.849842367917265,21.176949922297037,37.890147483695834,33.31650153556965
CHTR,2020-10-30,610.6599731445312,580.5499877929688,603.8200073242188,28.837095292986447,23.909764413315305,22.414737828727084,38.29186967213447,33.63607100852215
CHTR,2020-11-02,610.3599853515625,578.760009765625,588.4299926757812,29.338029202986892,24.49043770227035,22.214504638788995,38.41617889893777,33.69791978785136
CHTR,2020-11-03,602.5900268554688,591.72998046875,591.989990234375,27.89305972480973,24.524654334360118,22.179838657237188,38.40854077805846,33.6943160215878
CHTR,2020-11-04,645.7000122070312,608.27001953125,634.469970703125,33.820581973669,28.03980452409186,24.659786463668006,39.253652740486864,34.381445170427504
CHTR,2020-11-05,650.4299926757812,638.1099853515625,647.3599853515625,34.153253980787575,28.18868208382581,24.7763656241869,39.30720011222586,34.41840828496442
CHTR,2020-11-06,649.9199829101562,640.4500122070312,644.489990234375,34.19221175987867,28.165146160813357,24.796087222169056,39.27972718733802,34.422238387895554
CHTR,2020-11-09,659.7899780273438,612.6799926757812,613.2000122070312,36.677008195590076,30.03051568436384,26.116332113697283,39.65742130967349,34.798070288665485
CHTR,2020-11-10,631.6400146484375,603.4500122070312,626.8800048828125,37.26315147470783,30.362034247729504,26.32142215457175,39.73599630850082,34.854711680587506
CHTR,2020-11-11,640.52001953125,628.7999877929688,636.9199829101562,37.527216421902054,30.471223223202564,26.25060751653729,39.70541280586868,34.88601540517917
CHTR,2020-11-12,645.0599975585938,635.4000244140625,637.9600219726562,37.204830845275644,30.471279899675665,26.14714273152331,39.52290449573712,34.86663186149205
CHTR,2020-11-13,648.8200073242188,638.1099853515625,647.1900024414062,36.716505728544355,30.599505617923022,25.846695052768133,39.54497157005051,34.891390332128495
CHTR,2020-11-16,647.510009765625,639.9500122070312,641.4099731445312,36.3065659878033,30.664828718900534,25.908500025725907,39.55855478249155,34.89087340614356
CHTR,2020-11-17,643.5700073242188,632.530029296875,641.510009765625,35.74417165674012,30.658460264314503,25.756882067204252,39.048667322212225,34.88822282009188
CHTR,2020-11-18,651.1699829101562,635.52001953125,642.4400024414062,35.729257917720595,30.63864649183295,25.693504621203672,38.818560800918945,34.87631521757758
CHTR,2020-11-19,655.72998046875,636.6900024414062,650.5399780273438,35.82113067582586,30.699051686731643,25.744201388224596,38.78069359162832,34.894686137275066
CHTR,2020-11-20,663.0700073242188,647.5,655.4099731445312,35.765588386382895,30.72645785220269,25.54548389059466,37.84594638089509,34.88426115285516
CHTR,2020-11-23,659.5599975585938,642.7000122070312,645.0399780273438,35.34763632908894,30.92269320180761,25.65659713212553,37.768603499555006,34.89745281502241
CHTR,2020-11-24,654.7899780273438,633.6599731445312,650.4400024414062,35.428208929315446,30.960852710181065,25.573715239751632,37.14030791414568,34.89847347890139
CHTR,2020-11-25,653.510009765625,644.8699951171875,651.4000244140625,35.03337817966603,30.958994063861294,25.57323065471072,36.566141408078465,34.89821160168237
CHTR,2020-11-27,650.8800048828125,642.0499877929688,642.7999877929688,35.2553119683952,31.05341789388909,25.688699458247417,35.9517345846358,34.906257323597316
CHTR,2020-11-30,655.3400268554688,643.0399780273438,651.989990234375,35.44726124370668,30.772805982435226,25.760937352802422,30.777298056862453,34.91805067186638
CHTR,2020-12-01,666.5900268554688,652.7999877929688,662.25,34.745287796946464,30.868596084311207,25.775537813388073,30.80277615144984,34.947316888231164
CHTR,2020-12-02,669.9000244140625,659.1400146484375,667.1699829101562,34.36393629115347,30.750808372624576,25.740898560641,30.561916178674764,34.951724692660605
CHTR,2020-12-03,675.739990234375,656.5599975585938,670.4299926757812,34.28483245464767,30.282459106783694,25.635063035680727,30.397276449813475,34.9058416339604
CHTR,2020-12-04,674.0499877929688,667.0800170898438,670.739990234375,34.096685686503136,30.084578925368454,25.53139371380233,29.58193729193823,34.892230082685096
CHTR,2020-12-07,680.760009765625,666.97998046875,680.760009765625,33.944629858834034,30.176449218128532,25.574505324556206,29.482154573604596,34.91791926420749
CHTR,2020-12-08,681.7100219726562,661.8099975585938,663.3699951171875,34.41669404246301,30.61471584966408,25.903704355720635,27.640563201204742,35.02497048135958
CHTR,2020-12-09,665.9600219726562,643.530029296875,644.0800170898438,35.789795367726526,30.985798199164794,26.37062662624264,27.899412695579883,35.12328868264158
CHTR,2020-12-10,659.5800170898438,642.7899780273438,658.0399780273438,35.51140323971894,31.194236172930346,26.55951293271343,26.573122099469586,35.17267168138642
CHTR,2020-12-11,655.97998046875,648.02001953125,651.760009765625,35.74627100777258,31.083755668468623,26.61791115722781,26.292649459261654,35.18341366956058
CHTR,2020-12-14,656.239990234375,649.1099853515625,649.6699829101562,33.37771337499691,31.05880464786735,26.58233245456094,26.16099206772928,35.16984726185655
CHTR,2020-12-15,656.5,646.0700073242188,646.280029296875,32.3816406191817,30.851250264206676,26.603267322721486,25.84902173184419,35.15558882706408
CHTR,2020-12-16,649.6400146484375,634.469970703125,642.4299926757812,32.474860462636805,30.274682816467998,26.61900958925305,25.608068464349614,35.16297100974319
CHTR,2020-12-17,657.5700073242188,644.9500122070312,653.97998046875,26.107358369442547,29.954039405817834,26.746090177117676,25.50548617863344,35.184339706267224
CHTR,2020-12-18,658.3499755859375,646.52001953125,652.0,25.490219965791805,29.907875764457696,26.729533379504762,25.50141615218342,35.14009969177079
CHTR,2020-12-21,658.3800048828125,641.7899780273438,654.6900024414062,25.474347619255234,29.905925276176674,26.711344518409152,24.63609760359994,35.14126680192931
CHTR,2020-12-22,654.7899780273438,638.760009765625,641.0999755859375,21.60848114808237,29.90097595253663,26.580420782481546,24.682354095500777,35.20187395780045
CHTR,2020-12-23,652.5800170898438,640.030029296875,647.4400024414062,20.874781315699938,29.95668648636115,26.501204225347436,24.52576568633224,35.21250674613583
CHTR,2020-12-24,657.3300170898438,646.5999755859375,656.489990234375,20.758773798254087,30.068230192156232,26.452465520563877,24.562638532017633,35.2242105000454
CHTR,2020-12-28,661.3800048828125,649.4400024414062,651.9000244140625,20.887139021187938,29.91684082300763,26.475500398691977,24.57893578859627,35.22965342951609
CHTR,2020-12-29,666.3699951171875,651.25,664.97998046875,21.25699506509208,29.747209015724824,26.632731735311744,24.21943939494525,35.2782435779091
CHTR,2020-12-30,668.0,652.2899780273438,653.489990234375,21.734458003226177,29.667110885303206,26.792069801682338,24.28236866132607,35.32652918955345
CHTR,2020-12-31,664.780029296875,652.8599853515625,661.5499877929688,21.993403869027954,29.423692242472065,26.85349360535003,24.314857788566947,35.33035101159991
CHTR,2021-01-04,666.5900268554688,637.0,647.030029296875,22.99825898191039,29.796097085424954,26.901474446772895,24.470849303869755,35.400436944719026
CHTR,2021-01-05,649.0,632.9500122070312,636.5900268554688,23.1745132273128,29.94746997145438,26.95710171201714,24.558030996861767,35.439280997782
CHTR,2021-01-06,634.8099975585938,612.1599731445312,624.510009765625,23.637367891764065,30.129881962562806,27.10339817864978,24.592786493976682,35.49553656087951
CHTR,2021-01-07,638.25,622.0,629.77001953125,23.40572938886757,29.724456199060313,27.133209775619648,24.581691412561238,35.50270380491825
CHTR,2021-01-08,634.7899780273438,624.3900146484375,634.3800048828125,23.372273515240327,29.76434903893828,27.155141177249302,24.5853344217424,35.48806190300346
CHTR,2021-01-11,642.75,632.969970703125,641.1300048828125,23.598464825996924,29.6293702673332,27.165607321101632,24.523125816449387,35.49721233608393
CHTR,2021-01-12,639.77001953125,618.489990234375,621.489990234375,24.961821269320197,30.306998649545303,27.623962279907115,24.820465490393552,35.62954777986079
CHTR,2021-01-13,623.0399780273438,614.8699951171875,618.010009765625,24.56248004551694,30.31326865946261,27.638340075775574,24.675146312151302,35.634835845234505
CHTR,2021-01-14,630.4099731445312,610.8900146484375,623.0900268554688,24.196924239867755,29.888508352765434,27.66607821623391,24.677686636521155,35.62701900878764
CHTR,2021-01-15,634.0800170898438,617.02001953125,628.9099731445312,24.26726847792595,29.769628624139237,27.70111651425178,24.69589122942132,35.61065413866762
CHTR,2021-01-19,633.9500122070312,623.3699951171875,633.27001953125,24.324213210430756,29.77612535592694,27.710156227527577,24.489876450769746,35.592531186222324
CHTR,2021-01-20,648.3099975585938,631.9600219726562,642.8200073242188,24.805222252970612,29.84599362789017,27.781901650582956,24.511546223763876,35.62018188327969
CHTR,2021-01-21,651.8900146484375,639.7899780273438,650.4299926757812,24.646452315480662,29.81276461048637,27.83949392681385,24.533805023507803,35.614032304101386
CHTR,2021-01-22,651.8900146484375,642.77001953125,646.6900024414062,23.585762296508282,29.546458966615873,27.856359966444348,24.433525255742456,35.61786289901336
CHTR,2021-01-25,660.2999877929688,647.8400268554688,652.1699829101562,22.095926916747317,29.57780854670556,27.884731320511648,24.345355817855715,35.58199545427509
CHTR,2021-01-26,654.760009765625,647.02001953125,649.5399780273438,21.205102800190936,29.280235306579993,27.89230823223545,24.353471054597673,35.58492552101334
CHTR,2021-01-27,651.9199829101562,615.1099853515625,615.780029296875,26.083899713466458,31.394964521262263,29.14328818408873,25.170484090943944,35.98337456254627
CHTR,2021-01-28,671.0,635.0800170898438,654.6500244140625,31.846940078805453,32.39092732301672,30.48771905264743,26.06253641860967,36.43942510219192
CHTR,2021-01-29,636.030029296875,604.0900268554688,607.5599975585938,38.538314409130976,35.5336343937318,32.734869037523545,27.55742067340122,37.2174732743021
CHTR,2021-02-01,614.1300048828125,593.0999755859375,599.02001953125,38.6832094686686,35.64089878757205,32.751816388313635,27.61455959040875,36.9385691938992
CHTR,2021-02-02,625.3099975585938,595.9099731445312,616.7000122070312,39.325843345499216,33.17848649112614,32.781460949104414,27.78420436321331,36.94828050969733
CHTR,2021-02-03,617.030029296875,603.3200073242188,609.260009765625,39.435878579749726,32.98153992470099,32.74938768630029,27.64038300783654,36.97001674960067
CHTR,2021-02-04,621.2899780273438,604.97998046875,619.7899780273438,39.79764966886605,33.181503420885484,32.85324039710971,27.70271075388321,36.959252878926584
CHTR,2021-02-05,628.2999877929688,615.1199951171875,617.6500244140625,39.38689434240757,31.571845553172867,32.78995276736176,27.644347069228004,36.95350736721545
CHTR,2021-02-08,619.6900024414062,610.8699951171875,615.530029296875,39.249998390102796,31.245687310483987,32.62543396917197,27.636608261211947,36.95436753277991
CHTR,2021-02-09,626.6300048828125,613.7999877929688,619.510009765625,39.052405519985136,31.096224161002777,32.58476012967381,27.62398367377944,36.947729825350805
CHTR,2021-02-10,623.3599853515625,608.1099853515625,611.6300048828125,39.153706626674975,31.195240378604378,32.55389803429573,27.660242657624835,36.972043001534935
CHTR,2021-02-11,619.1599731445312,603.530029296875,618.6799926757812,38.81782356283073,31.14096891275725,32.58097869545583,27.480572037349805,36.98450174495346
CHTR,2021-02-12,619.5499877929688,610.6500244140625,613.4500122070312,38.60302507118789,31.135693993140777,32.488383277795016,27.42698135415346,36.9955392005856
CHTR,2021-02-16,619.02001953125,606.25,618.469970703125,38.48835914149964,31.188605293283906,32.15801190716983,27.370628630392073,37.00334449164693
CHTR,2021-02-17,626.9500122070312,614.4400024414062,624.1199951171875,38.145918276423735,31.249452810387258,31.908430807655204,27.380087933328586,37.01045811565135
CHTR,2021-02-18,625.0599975585938,612.7100219726562,616.4199829101562,38.02986483680195,31.223953302829006,31.94483333785314,27.413734426729665,37.02356611030348
CHTR,2021-02-19,619.530029296875,606.5399780273438,607.2899780273438,37.87430340605773,31.304901884863906,32.024995925577535,27.473180973146377,37.050067098872745
CHTR,2021-02-22,609.8800048828125,595.0,596.5,38.07898112487884,31.347120933597928,31.94059349780638,27.511001432592643,37.08783325613169
CHTR,2021-02-23,609.27001953125,585.4500122070312,602.77001953125,38.155642558980915,31.377960171768876,31.985861113419556,27.452560690226875,37.07859892493908
CHTR,2021-02-24,614.72998046875,590.4400024414062,608.510009765625,38.12601456899682,31.450623482164925,32.02014676655769,27.395434830663216,37.02932390424177
CHTR,2021-02-25,618.1199951171875,598.969970703125,601.5499877929688,37.226282276610476,31.42325084878764,31.947303469097537,27.358604924937442,37.04920702687679
CHTR,2021-02-26,627.3800048828125,601.5,613.4199829101562,37.67166438680069,31.553227459530696,31.88669600254203,27.446394885529962,37.047233585100244
CHTR,2021-03-01,624.0700073242188,610.010009765625,619.6799926757812,37.71422534728156,31.449978656444262,31.733982510310376,27.195420753141537,36.92407367675451
CHTR,2021-03-02,624.5,611.25,616.0700073242188,37.638714794456455,31.414033294423156,31.574541554395342,27.18438838059373,36.92332548647965
CHTR,2021-03-03,613.719970703125,599.9000244140625,601.02001953125,38.196831572187854,31.74854661981102,31.806558031259772,27.344513525052594,37.00847139074541
CHTR,2021-03-04,618.6599731445312,598.010009765625,607.6400146484375,38.06173206085799,31.85342458042401,31.826072512239843,27.337856911943444,36.625648616170736
CHTR,2021-03-05,629.7000122070312,609.6599731445312,624.030029296875,38.76106114649874,32.20350463101969,32.06885088426523,27.507295436325236,36.54808233850994
CHTR,2021-03-08,630.2000122070312,611.5700073242188,612.3800048828125,39.07373539233887,32.007346593884215,31.947836085121423,27.605764841615255,36.55852004105009
CHTR,2021-03-09,620.3499755859375,610.97998046875,614.77001953125,38.99222353828145,31.479084088860994,31.954040775738918,27.607095409405098,35.86435735075242
CHTR,2021-03-10,639.280029296875,618.9600219726562,629.0700073242188,39.649115818836805,31.52742930677522,32.05273483441904,27.651329046014162,35.823798111029944
CHTR,2021-03-11,630.6699829101562,613.0,624.22998046875,36.498129030455026,31.507401741528124,32.07279502965322,27.6233209246803,35.368452633283944
CHTR,2021-03-12,629.2100219726562,611.3800048828125,624.1500244140625,31.63031877301073,31.50331968806866,32.064772912921526,27.444985990926895,34.951837549536826
CHTR,2021-03-15,625.8499755859375,612.02001953125,625.0,22.818230170512866,31.491497694444387,31.796788277199134,27.44291345155959,34.44681529377417
CHTR,2021-03-16,643.510009765625,625.6199951171875,639.6500244140625,23.23256316911684,31.841844803647394,31.907757731465814,27.49601227194648,30.75807944815745
CHTR,2021-03-17,644.22998046875,633.8400268554688,641.8599853515625,21.796934589682234,31.632481396891116,31.899605301902255,27.45761237245618,30.747892643671697
CHTR,2021-03-18,635.4199829101562,617.3099975585938,629.3900146484375,22.300735907983377,31.875126717941775,32.02517024543594,27.56875557161551,30.660152965800325
CHTR,2021-03-19,636.8599853515625,626.8400268554688,629.739990234375,21.775224242637066,31.861024273228374,31.971176119801115,27.446099543799612,30.533019055961503
CHTR,2021-03-22,643.9600219726562,627.6400146484375,637.6199951171875,22.00819092557476,31.685798068100134,31.870440329876683,27.457251639098708,29.99536017482811
CHTR,2021-03-23,656.6500244140625,636.8800048828125,645.4500122070312,22.196520498434115,31.721139268697584,31.919829115061255,27.42834512035712,29.910641097978846
CHTR,2021-03-24,657.8400268554688,642.8099975585938,651.5599975585938,22.269832712373685,31.650564948161943,31.78253530899775,27.444730358442577,28.46252699970228
CHTR,2021-03-25,652.030029296875,631.02001953125,637.7899780273438,22.883233402314527,31.91932530497429,31.97573953277752,27.573817219462544,28.555729227307463
CHTR,2021-03-26,639.030029296875,621.5599975585938,631.75,22.889109742612064,31.691079704597904,31.14871340996,27.60043486770866,27.573755829616392
CHTR,2021-03-29,639.5900268554688,622.0599975585938,636.6799926757812,22.807102401975957,31.548645877803377,30.882883531294887,27.565656062102846,27.372849240571455
CHTR,2021-03-30,640.8400268554688,628.3499755859375,632.6900024414062,22.81077108072316,31.45876709506635,30.891552195485016,27.559813593122513,27.28245360307614
CHTR,2021-03-31,632.9099731445312,614.6900024414062,617.02001953125,23.851981756241646,31.548254779270074,29.137249069276926,27.663956556854796,27.198411136420646
CHTR,2021-04-01,622.4099731445312,605.6599731445312,608.5800170898438,23.914723181417152,31.500109253604293,29.029946683670317,27.65220054339809,27.075054719284523
CHTR,2021-04-05,611.1699829101562,600.1599731445312,605.5,23.56376769686698,31.28002973324793,29.03223443570282,27.632833359401715,26.960165701817495
CHTR,2021-04-06,616.989990234375,600.530029296875,613.3900146484375,23.230492504018525,31.349327807696998,28.01929374907312,27.639729169686618,26.97936021573571
CHTR,2021-04-07,616.3300170898438,607.8400268554688,611.6300048828125,23.076256875629873,31.311434505073564,27.798289021842315,27.64225382689281,26.383892084749732
CHTR,2021-04-08,617.8499755859375,612.3200073242188,615.1599731445312,22.97521474433576,31.25328844881194,27.694918345934944,27.648461022115406,26.324098564748528
CHTR,2021-04-09,615.969970703125,600.6799926757812,614.239990234375,22.70760786896781,30.604549226529958,27.693679888324713,27.6494206543778,26.2017980325376
CHTR,2021-04-12,622.6400146484375,608.0700073242188,619.2999877929688,22.120220490020753,30.631053720290495,27.627388022820853,27.64450740507244,26.20717336065962
CHTR,2021-04-13,623.719970703125,614.5,621.2899780273438,21.942752055671562,30.591433226994987,27.599299428140533,27.645508111391315,26.202384824977404
CHTR,2021-04-14,623.1699829101562,614.5499877929688,617.0999755859375,21.966077050972295,30.558957389700332,27.618141991792772,27.65550489179544,25.899244149025957
CHTR,2021-04-15,637.0999755859375,621.469970703125,636.0,22.342248967166523,31.159669626580964,28.039815288685954,27.875815939447314,26.032875858651522
CHTR,2021-04-16,645.9500122070312,631.5900268554688,644.3699951171875,22.425324547873533,31.12340487551529,28.04619918800906,27.897550494037482,26.060754707202875
CHTR,2021-04-19,653.4199829101562,642.97998046875,644.4199829101562,21.173588354603385,31.027301964754013,28.02006186095006,27.888554679688237,26.055832609757605
CHTR,2021-04-20,657.3499755859375,637.6599731445312,652.4600219726562,20.546812347445652,31.110204781378048,27.975027044201383,27.720919627793748,26.07944018100101
CHTR,2021-04-21,657.780029296875,648.1099853515625,652.9000244140625,20.543745036335338,31.062490514982294,27.944127212920726,27.65603382826356,26.02347010663936
CHTR,2021-04-22,660.5999755859375,653.5999755859375,657.6799926757812,19.633713962153866,31.08607468254649,27.967007118706512,27.595797131215487,26.0129735215883
CHTR,2021-04-23,661.0,648.75,657.5399780273438,19.44747376199868,29.01227299981897,27.88460387001815,27.592917591238255,26.00847894453844
CHTR,2021-04-26,659.0599975585938,650.1699829101562,652.5700073242188,19.628811136233455,26.214428235943693,27.821171536583737,27.600423973678968,25.962509669878415
CHTR,2021-04-27,658.1900024414062,650.469970703125,653.52001953125,19.6287787251092,21.106687977218527,27.70958598151471,27.60047347804811,25.962268251358505
CHTR,2021-04-28,658.8200073242188,650.6300048828125,652.719970703125,18.529788792899836,20.869494552685087,27.68370613413147,27.601162960547526,25.85650364499164
CHTR,2021-04-29,675.4400024414062,656.3200073242188,669.969970703125,19.93259271530378,20.70796575399136,27.98614412555497,27.660310335298576,25.969666755158542
CHTR,2021-04-30,683.0499877929688,636.5599975585938,673.4500122070312,18.927599066479953,20.528458800012352,27.99817928854201,27.621006522205178,25.972710531936873
CHTR,2021-05-03,684.7000122070312,673.9400024414062,677.3099975585938,18.94640142571407,20.29303466301297,27.912903643347242,27.60928840545639,25.830053120395903
CHTR,2021-05-04,681.97998046875,670.6799926757812,672.8599853515625,18.8754465974675,20.33571047508772,27.62510960192736,27.62240668050432,25.81891255346964
CHTR,2021-05-05,680.0,671.9299926757812,673.75,18.615532262789916,20.310452295881717,27.21322292192579,27.622441156736155,25.813006709455937
CHTR,2021-05-06,682.8599853515625,672.8200073242188,675.7899780273438,18.468637766843628,20.287005166969447,27.00785728560826,27.604085852101772,25.737685862182474
CHTR,2021-05-07,696.0,679.6900024414062,693.4400024414062,18.514752035947758,20.66685195921087,27.261811310622058,27.764710805947423,25.785054546844865
CHTR,2021-05-10,704.0999755859375,692.6900024414062,694.719970703125,18.147866089365436,20.57442402799796,27.255536357629378,27.764905066765916,25.78500956606752
CHTR,2021-05-11,698.97998046875,684.260009765625,685.0900268554688,18.751516241275944,20.722743828929374,27.338721138069822,27.818290188091453,25.810020800632167
CHTR,2021-05-12,686.1699829101562,675.25,681.97998046875,18.68791167897766,20.72104426246633,27.33095411985674,27.822829052370025,25.749137341926392
CHTR,2021-05-13,694.969970703125,683.0499877929688,685.2999877929688,16.763868688596002,20.673985338085053,27.200196949098576,27.820596580698627,25.737602123799384
CHTR,2021-05-14,712.4099731445312,685.1300048828125,710.4000244140625,18.42742749629515,21.63307248704407,27.771163522131097,28.120409332707375,25.968662926883944
CHTR,2021-05-17,709.9099731445312,676.530029296875,686.8499755859375,21.433216593600992,22.59572796223593,28.302357897350127,28.41518217029592,26.183478458737362
CHTR,2021-05-18,690.4500122070312,670.5900268554688,686.1099853515625,21.321143283443845,22.220133922118595,28.093881887285928,28.415267309868565,26.04401080683594
CHTR,2021-05-19,680.6300048828125,669.5499877929688,679.6500244140625,21.582385432777613,22.28391500956975,28.100729788908822,28.440110180927597,26.06233944246259
CHTR,2021-05-20,698.4000244140625,677.3300170898438,694.7100219726562,22.22681662869031,22.605666911013365,28.226898500983346,28.551292138936564,26.096703675612414
CHTR,2021-05-21,699.1099853515625,688.1699829101562,692.52001953125,22.26802712755237,22.453636981030645,28.207153980006076,28.53989117168978,26.091175419422868
CHTR,2021-05-24,707.4400024414062,692.1300048828125,703.1300048828125,22.474398482506917,22.329077462882587,28.135751318028817,28.449293759186016,26.11296948258627
CHTR,2021-05-25,706.219970703125,694.719970703125,695.510009765625,22.89800187091172,22.428349570864018,28.048411431071134,28.469089556726768,26.131304429010626
CHTR,2021-05-26,701.5,688.3200073242188,693.5,22.770422012672153,22.392852163514227,27.991496997653865,28.428463880369364,25.97993007556734
CHTR,2021-05-27,697.0999755859375,688.780029296875,692.4500122070312,21.40383847646352,21.705168981163308,27.756802314757117,28.248846410102775,25.925468671470508
CHTR,2021-05-28,701.9500122070312,692.3400268554688,694.530029296875,21.18303506110914,21.63173632874409,27.62559706896846,28.187285939560812,25.8747382684753
CHTR,2021-06-01,699.5499877929688,686.9099731445312,688.8900146484375,21.39803744086788,21.125102654876663,27.477337031259218,28.200955692354984,25.884019701273004
CHTR,2021-06-02,690.8200073242188,681.0,682.4500122070312,21.429672306303925,20.82004276824833,27.50029999597373,28.185317345469308,25.896978508963954
CHTR,2021-06-03,680.4600219726562,670.239990234375,675.6400146484375,21.688380805416436,20.955468558154053,27.533701104930948,28.110032174504035,25.91828710470947
CHTR,2021-06-04,685.280029296875,675.7899780273438,682.6500244140625,21.780571204636118,20.559376091498784,27.531319676653826,28.100988316161462,25.896174547664092
CHTR,2021-06-07,686.0700073242188,677.9299926757812,680.5599975585938,21.812812116308613,20.49351369973186,27.06431463686233,28.03920739048794,25.833976631912225
CHTR,2021-06-08,683.7999877929688,672.3099975585938,677.9099731445312,21.71048704087138,20.52041814726925,27.055166741487653,28.03009593183753,25.781946781003086
CHTR,2021-06-09,683.4600219726562,675.02001953125,676.469970703125,21.732636133768946,20.532977379196897,27.03423553733748,27.949473761327955,25.725232635727576
CHTR,2021-06-10,689.260009765625,676.030029296875,682.9099731445312,21.851937801385894,20.097715500830475,27.03566968636707,27.749634988272625,25.73730883232547
CHTR,2021-06-11,689.0999755859375,680.5900268554688,686.739990234375,20.621615528382804,20.113255334382657,27.028936071289746,27.567287699875354,25.531698759890787
CHTR,2021-06-14,691.6099853515625,681.3599853515625,690.6099853515625,20.630058080620113,19.661375927336504,26.944906409729036,27.554645352654223,25.518782253927274
CHTR,2021-06-15,695.1900024414062,686.760009765625,687.8300170898438,20.623295523509135,19.693727830426738,26.89665038793807,27.55640186234936,25.517996989341583
CHTR,2021-06-16,693.760009765625,676.0800170898438,682.0700073242188,20.684352186106903,19.661325353674123,26.915736873341846,27.45311145726924,25.511147640181907
CHTR,2021-06-17,699.510009765625,684.219970703125,691.0499877929688,21.005489973351025,19.683185299762894,26.960488349508793,27.490934801058962,25.538763598733325
CHTR,2021-06-18,691.3800048828125,678.0,685.5999755859375,21.145787155983953,19.69226244336677,26.984413320493584,27.505146579369534,25.55431790387177
CHTR,2021-06-21,696.2000122070312,683.6199951171875,694.8099975585938,20.135665998549868,19.301011336205846,25.63604470132082,27.47682245161248,25.583499967785123
CHTR,2021-06-22,709.75,692.1400146484375,706.989990234375,20.748868274303994,19.436235456341247,23.910808629483373,27.397173561626285,25.57192507899306
CHTR,2021-06-23,707.1500244140625,697.1099853515625,699.2899780273438,20.58334772221645,19.571884058116147,20.722073014407382,27.3150784589415,25.563306536869447
CHTR,2021-06-24,713.3900146484375,700.2000122070312,711.5399780273438,21.073342074335763,19.766001507352833,20.72367361855273,27.267757581258202,25.475015197367686
CHTR,2021-06-25,722.0999755859375,711.280029296875,721.2899780273438,21.348488498102007,19.084205131353656,20.34561099713718,27.306515118148866,25.503221099427613
CHTR,2021-06-28,726.6599731445312,716.7100219726562,721.3599853515625,18.71439068790074,18.78522485237976,20.228205196105296,27.29112137599461,25.448485576527048
CHTR,2021-06-29,722.4000244140625,716.8499755859375,717.4600219726562,15.78590261755091,18.791601387547516,20.1063210821379,27.276778450668264,25.42759438656822
CHTR,2021-06-30,723.4600219726562,715.75,721.4500122070312,15.810320002371261,18.682282537337276,20.101021826118,27.12946012399447,25.431028139014856
CHTR,2021-07-01,727.969970703125,720.469970703125,721.7999877929688,15.460601101478415,18.652109448618155,20.085864991196605,27.12664820317806,25.33826777885909
CHTR,2021-07-02,733.6199951171875,723.7100219726562,731.9199829101562,14.721996482626098,18.782782551280892,20.16676711956488,27.085712821295687,25.351992064379086
CHTR,2021-07-06,735.9099731445312,721.760009765625,729.5399780273438,14.724904607916844,18.80382168085785,20.049035189129167,27.08677134775335,25.310742170344326
CHTR,2021-07-07,743.510009765625,729.9099731445312,742.3699951171875,14.91501230686394,19.009712978320465,20.144769390000636,27.150625729254983,25.361402301401558
CHTR,2021-07-08,749.3099975585938,736.2100219726562,743.5,14.421793300262161,19.012147751244886,20.076896767933057,26.96191324102682,25.36127957651709
CHTR,2021-07-09,745.6799926757812,736.2100219726562,736.469970703125,14.748907548841867,19.08021116672743,20.13297938495007,26.920856831946566,25.383509411659045
CHTR,2021-07-12,731.0,708.8800048828125,719.7999877929688,16.40129550133246,18.945377628337233,20.473346035490145,27.06102121581186,25.463793410541776
CHTR,2021-07-13,723.5999755859375,709.6799926757812,710.7000122070312,16.88488280492311,19.042381328399124,20.478718387488833,27.083922040161717,25.486185465302174
CHTR,2021-07-14,714.9099731445312,700.6599731445312,701.3699951171875,17.178404782521454,19.28209878910422,20.445799080900574,27.09822961974889,25.476253803104342
CHTR,2021-07-15,707.7899780273438,700.6199951171875,704.9299926757812,16.95731793125704,19.161781063660047,20.21589136131304,26.99875589423541,25.431797804329076
CHTR,2021-07-16,717.2000122070312,703.8499755859375,709.989990234375,16.70853743717997,19.198858042677703,20.18611994293547,27.007769106144934,25.42007484939932
CHTR,2021-07-19,718.5599975585938,706.3900146484375,711.469970703125,16.50649395857069,19.1601513950552,20.14710379492181,26.900415136107735,25.39697066975732
CHTR,2021-07-20,726.6300048828125,712.4000244140625,718.760009765625,16.64307681974604,19.243344499883285,20.083226576810183,26.915622008372136,25.41384944831404
CHTR,2021-07-21,720.6699829101562,712.719970703125,718.4199829101562,16.570156900870145,19.155143013447468,19.883019433401905,26.355346494142,25.41309245965132
CHTR,2021-07-22,722.77001953125,713.27001953125,720.219970703125,16.525825211796132,19.156001567115457,19.83608464347039,26.162485151645132,25.413556586422644
CHTR,2021-07-23,729.0800170898438,717.22998046875,726.8099975585938,16.511924212011852,19.207447725884435,19.837132482368208,26.17314278193556,25.409289146230968
CHTR,2021-07-26,731.6900024414062,722.2100219726562,729.6599731445312,16.48800866070726,18.535439416187753,19.383287294453527,24.887793323806626,25.410601535887107
CHTR,2021-07-27,735.75,722.530029296875,726.75,16.541073424169678,18.55136801778634,19.351565538455112,24.78737425455916,25.412013156717528
CHTR,2021-07-28,725.719970703125,716.4000244140625,722.260009765625,16.61796155343352,18.590033736214092,18.9774792512061,24.793309330040287,25.421750553065003
CHTR,2021-07-29,727.97998046875,711.3200073242188,713.7999877929688,16.822494022507176,18.711456224625096,18.81754140401749,24.10400294418277,25.441394820613816
CHTR,2021-07-30,747.8699951171875,714.6699829101562,744.0499877929688,20.19896912401371,20.47181185246683,19.85622993136568,24.452206756585586,25.75522484360191
CHTR,2021-08-02,751.9400024414062,738.75,749.8699951171875,20.00965323710014,20.508723404565483,19.590169789026948,24.401288196566547,25.611871462859586
CHTR,2021-08-03,771.1099853515625,745.6699829101562,770.02001953125,20.944509304637922,20.54601779417771,19.9196837380764,24.588621744602005,25.691598843996168
CHTR,2021-08-04,771.8699951171875,763.0900268554688,770.0,20.54057085697702,20.54921017696975,19.9193997742529,24.53778385054091,25.639797077393727
CHTR,2021-08-05,777.1500244140625,766.7999877929688,769.9099731445312,20.14440121045999,20.292478799136244,19.922176804057905,24.509655900329054,25.637036322975188
CHTR,2021-08-06,775.5800170898438,762.1799926757812,770.0900268554688,19.705167768340225,20.250716908545602,19.63493550444364,24.509619225653015,25.63127580658535
CHTR,2021-08-09,771.6599731445312,762.5499877929688,765.5,19.57462074125351,20.307669155882174,19.67245990617215,24.523518262401616,25.640325144147987
CHTR,2021-08-10,768.4400024414062,760.969970703125,766.5,19.567635946040127,19.021406160781197,19.37171707806307,24.48498987916696,25.640343168659395
CHTR,2021-08-11,777.0,767.9199829101562,776.6500244140625,19.693792311688682,17.720813954273442,19.451378485544048,24.51569412964174,25.583514194787643
CHTR,2021-08-12,779.280029296875,771.3300170898438,774.5700073242188,19.732716685839346,17.73593926895119,19.394804455951373,24.43713528514528,25.553901753276158
CHTR,2021-08-13,778.239990234375,770.7899780273438,771.7100219726562,19.804548217167493,17.615545586001264,19.344916619883872,24.427872755100235,25.54529639732231
CHTR,2021-08-16,783.260009765625,769.4299926757812,782.5800170898438,19.807850661086455,17.30714129550156,19.404270569935804,24.476474801642656,25.57842499654921
CHTR,2021-08-17,791.1900024414062,780.8300170898438,788.3699951171875,19.791486672030082,17.308030303643037,19.063171813536925,24.428461730043296,25.586076412906905
CHTR,2021-08-18,793.030029296875,784.530029296875,785.469970703125,19.356366385353553,17.132019344694648,18.994941587694118,24.385445087628177,25.576630037571903
CHTR,2021-08-19,789.8200073242188,776.8300170898438,785.5399780273438,19.36312901859416,16.929773969034997,18.976481506339248,24.323883551967267,25.57672277488472
CHTR,2021-08-20,799.6500244140625,784.489990234375,794.0900268554688,19.224935946035405,16.99274150698397,18.978383059150623,24.340039390135324,25.595583837827192
CHTR,2021-08-23,802.3200073242188,791.7999877929688,797.510009765625,17.6534673489282,16.97937219595244,18.466765711156693,24.338831465880226,25.597350493920306
CHTR,2021-08-24,800.9099731445312,791.1699829101562,792.6400146484375,17.227718050941906,17.067311586999896,18.33395395784509,24.35322084599425,25.605173816049092
CHTR,2021-08-25,798.97998046875,787.5700073242188,796.6699829101562,16.47198306671966,16.939288836588116,18.295963194731975,24.30212684472718,25.602228447182384
CHTR,2021-08-26,799.4000244140625,792.72998046875,797.4000244140625,16.49795855604827,16.763009928074293,18.22473218893547,24.092801309209264,25.59313650319217
CHTR,2021-08-27,811.3300170898438,798.6400146484375,807.1799926757812,16.642701060280064,16.66654890334857,18.265912806894562,23.852859973814382,25.616989925416945
CHTR,2021-08-30,816.1400146484375,803.8099975585938,814.2000122070312,16.676482345169063,16.6386621851169,18.283788099229277,23.74826601119626,25.627959395882794
CHTR,2021-08-31,820.72998046875,810.6799926757812,816.6599731445312,16.5928928132166,16.591553288495877,18.270803361717878,23.71458173869034,25.62840207217196
CHTR,2021-09-01,823.989990234375,816.6500244140625,818.4400024414062,16.54495509067928,16.529606554366925,18.25087250742319,23.708869302028656,25.628166018918087
CHTR,2021-09-02,825.6199951171875,817.530029296875,821.010009765625,16.539846732091707,16.493139911602032,18.25083345578724,23.69716920197598,25.618540774217813
CHTR,2021-09-03,820.0999755859375,809.8800048828125,811.3300170898438,17.123608284494964,16.725895736428633,18.336417094944277,23.73291358486306,25.53433010181319
CHTR,2021-09-07,811.5,800.1799926757812,800.8300170898438,17.793152866698552,17.029032677703132,17.96997776510785,23.711216637916966,25.561565328698826
CHTR,2021-09-08,801.6199951171875,795.9400024414062,799.7899780273438,17.7166718876918,17.03500001930464,17.895406733988533,23.707825634258185,25.526014655513396
CHTR,2021-09-09,804.4099731445312,784.1900024414062,785.4099731445312,18.583911348548995,17.50322815155044,18.1808799429443,23.814475959442834,25.4586654307841
CHTR,2021-09-10,790.3699951171875,780.3599853515625,787.1199951171875,18.065649950523895,17.36276513661943,18.10399559153468,23.670659293864958,25.407359401203024
CHTR,2021-09-13,804.7999877929688,787.510009765625,793.0700073242188,14.053477126822992,17.25370847576909,18.12511421200854,23.660281536444227,25.41007331257771
CHTR,2021-09-14,801.3599853515625,757.280029296875,761.8599853515625,18.529909039700097,19.22082356558815,19.295608185292416,24.109655765301184,25.711684971538666
CHTR,2021-09-15,774.1199951171875,757.280029296875,765.2000122070312,16.868170230843514,19.077250945457454,19.299162534748422,24.0951548843654,25.635858199352473
CHTR,2021-09-16,769.239990234375,758.6099853515625,765.239990234375,16.86825936006441,18.793866155782865,19.24546409330856,23.98930080374014,25.611338519768285
CHTR,2021-09-17,769.3499755859375,757.239990234375,763.47998046875,16.879139570369006,18.635599305616683,19.255389946644122,23.89422746171199,25.5603950498639
CHTR,2021-09-20,765.530029296875,747.3599853515625,755.9000244140625,17.110041087103813,18.480891176590927,19.33751446575221,23.88980114023678,25.573134247066214
CHTR,2021-09-21,760.25,744.989990234375,747.6300048828125,17.307510305218717,18.45234507575824,19.02948175490783,23.774972301083228,25.5340489123019
CHTR,2021-09-22,760.9600219726562,748.8499755859375,751.5499877929688,17.385931294056693,18.476359833593907,19.029749010547743,23.69360646916891,25.369055918843706
CHTR,2021-09-23,762.8400268554688,738.6500244140625,741.9500122070312,17.224006734905256,18.643347495094453,19.143051413577602,23.63005676864699,25.256189429739173
CHTR,2021-09-24,742.4600219726562,731.5800170898438,739.1699829101562,17.233072382468347,18.634523913768973,19.120024581763563,23.619977519912517,25.245074314403652
CHTR,2021-09-27,741.3200073242188,732.4600219726562,734.4099731445312,17.28138226518234,18.687529093958492,19.155945585213495,23.62354465712449,25.252477624986646
CHTR,2021-09-28,736.1799926757812,725.0,727.489990234375,16.766298839881003,18.573081600797984,19.222577667964856,23.625925827223003,25.17743070133086
CHTR,2021-09-29,742.719970703125,729.4000244140625,733.1799926757812,16.788050262067568,18.63082002937178,18.834143253422233,23.335038957989447,25.185479044522495
CHTR,2021-09-30,738.5900268554688,727.260009765625,727.5599975585938,16.854412842983532,18.340761477465406,18.87837358856444,23.344531373829987,25.195941682874906
CHTR,2021-10-01,742.469970703125,730.3699951171875,738.0800170898438,17.54192191467737,18.58327472020804,18.86291092943105,23.38299730602269,25.179375782569764
CHTR,2021-10-04,745.8699951171875,733.2899780273438,740.9600219726562,17.21081148660002,18.497099976655985,18.8502008874683,23.364547089440574,25.06290890979962
CHTR,2021-10-05,750.9199829101562,739.97998046875,747.7899780273438,17.43017240897539,17.953829447785054,18.886122370558184,23.374276289011448,24.986832231657125
CHTR,2021-10-06,747.780029296875,735.4000244140625,743.75,17.417328988531153,17.783270000382036,18.05265474878029,23.3262393331655,24.900874233509366
CHTR,2021-10-07,753.6900024414062,740.7899780273438,741.9500122070312,17.283285255858402,17.557200633128048,17.208665861541792,23.292792299641036,24.899838564388553
CHTR,2021-10-08,726.1900024414062,704.5700073242188,706.1300048828125,21.98349141579727,20.346775451923907,18.966804708792015,24.027225276533912,25.38741108032136
CHTR,2021-10-11,704.780029296875,693.4199829101562,695.22998046875,21.67075414711917,20.538521305535493,19.070967367100025,24.083131479447285,25.4181401839189
CHTR,2021-10-12,695.6699829101562,683.4400024414062,690.6199951171875,21.2844682725573,20.572325314752344,18.780938618446882,24.09182569275975,25.30703623408499
CHTR,2021-10-13,699.0,688.6099853515625,696.22998046875,21.51021036312717,20.530103591594706,18.8185435683005,23.24533860198645,25.317471754718422
CHTR,2021-10-14,708.1599731445312,700.4500122070312,703.6699829101562,21.90205871389579,20.657130769286805,18.738624681005632,22.13503590671376,25.274837638266064
CHTR,2021-10-15,707.8099975585938,694.5,699.030029296875,21.767844778498972,20.687932302078384,18.68747082223886,20.27296915911551,25.282652761287892
CHTR,2021-10-18,709.1199951171875,692.6400146484375,706.8800048828125,22.18946918025388,20.733017471073197,18.764227777619784,20.231710736492523,25.300547449647652
CHTR,2021-10-19,720.8499755859375,709.1199951171875,717.9099731445312,22.778639346764873,20.971549970887203,18.91827498068105,20.028067357376216,25.205499087241716
CHTR,2021-10-20,737.969970703125,717.3499755859375,734.010009765625,23.973584605905394,21.453449050690722,19.22879787693536,20.12626450071637,25.246559803369813
CHTR,2021-10-21,737.969970703125,723.4400024414062,735.6699829101562,23.569257674155995,21.416288560144608,19.179769586114503,20.03548819002847,25.240796299580442
CHTR,2021-10-22,739.8599853515625,729.6500244140625,730.9299926757812,23.563515947749934,21.31556035628618,19.146317766465078,20.047954217352025,25.232232130451244
CHTR,2021-10-25,732.0,719.1199951171875,731.010009765625,23.38735753036255,19.51798361869288,19.069379579949132,20.041451384469088,25.204048673149476
CHTR,2021-10-26,735.8699951171875,724.4099731445312,728.22998046875,20.530185158136515,19.457412057745525,19.02142655019434,20.038636716055503,25.129951679826405
CHTR,2021-10-27,730.4000244140625,713.530029296875,714.510009765625,21.06080113655632,18.990404762687422,19.26768919372808,20.111863418599814,25.208042980350033
CHTR,2021-10-28,710.5499877929688,680.8499755859375,706.27001953125,21.218600703436564,19.106385318624294,19.35088829264234,20.125886439939276,25.159308757780895
CHTR,2021-10-29,687.3800048828125,660.0,674.8900146484375,24.57271899207653,21.124314858118847,20.672314012470785,20.8272429696489,25.57589472278042
CHTR,2021-11-01,677.7000122070312,665.3099975585938,671.3699951171875,24.512673974453804,21.12715164573013,20.632084640070538,20.818494624281577,25.151854132334385
CHTR,2021-11-02,686.5,670.27001953125,681.5,25.01469925639428,21.405360184054427,20.75221892452232,20.8644345238457,25.055221361230068
CHTR,2021-11-03,694.9400024414062,683.5,692.5399780273438,25.52007157046162,21.712541422944415,20.89107448617496,20.888637692315864,25.09721161329731
CHTR,2021-11-04,698.3499755859375,683.6599731445312,686.0700073242188,25.420010055342757,21.545016492997803,20.934798527572575,20.840765198557637,24.15108530867302
CHTR,2021-11-05,704.0800170898438,688.9299926757812,689.3200073242188,25.505517886845645,21.589426201622157,20.904722145124524,20.728122868033857,24.073311260252307
CHTR,2021-11-08,696.5599975585938,685.8900146484375,695.1799926757812,25.661712153758327,21.690865116966656,20.844568785776445,20.716403299110844,24.082655936784924
CHTR,2021-11-09,705.0,691.9199829101562,696.3099975585938,25.57606965273133,21.454669326457072,20.80661614762263,20.690875281769106,23.552456234448105
CHTR,2021-11-10,706.9299926757812,697.3599853515625,701.25,25.55423760835152,21.449158498541827,20.729070695232554,20.652706972666557,23.462209651109287
CHTR,2021-11-11,706.1699829101562,693.9600219726562,694.2100219726562,25.61417879228155,21.51133790375765,20.604260550721822,20.572660074153696,23.43433285627483
CHTR,2021-11-12,697.9199829101562,689.1199951171875,689.3499755859375,25.20576601668305,21.53040587564713,20.561415844663642,20.56179110198807,23.44553673753332
CHTR,2021-11-15,696.97998046875,689.7100219726562,692.9099731445312,25.235113469351806,21.415134230562806,20.387338528697747,20.554501628317485,23.408150710965153
CHTR,2021-11-16,698.6300048828125,688.5700073242188,689.1799926757812,25.01502280587787,21.38025382156178,20.281068219072164,20.344568530136932,23.396710612462385
CHTR,2021-11-17,703.6500244140625,689.1799926757812,691.0399780273438,25.049504838288115,21.391610673345603,20.287062595968813,20.30974811583058,23.397947834401
CHTR,2021-11-18,690.0800170898438,679.1099853515625,685.8800048828125,25.092121960152923,21.36200578484584,20.302717114624024,20.097236134291748,23.41061071177699
CHTR,2021-11-19,689.4199829101562,678.010009765625,682.3400268554688,20.824427368925857,21.35692632536269,20.293449101569898,19.976467307449372,23.38438030861174
CHTR,2021-11-22,689.3900146484375,668.030029296875,668.3200073242188,21.188895842978997,21.449883060877394,20.544384709286607,20.131648761416475,23.46643830025475
CHTR,2021-11-23,679.3200073242188,666.9000244140625,674.739990234375,21.35443118348624,21.47184567855354,20.47652320164142,19.982185278610654,23.43015278183616
CHTR,2021-11-24,677.75,668.5,672.6900024414062,21.195974138306678,21.433615950599712,20.47590072585286,19.963096031143646,23.418003498320275
CHTR,2021-11-26,681.8900146484375,661.5,672.8699951171875,20.906503045775374,21.41659564559497,20.266818186588633,19.96299928789737,23.417620398221462
CHTR,2021-11-29,675.510009765625,664.8499755859375,668.1900024414062,20.914515256004332,21.387805780184728,20.285000884490515,19.981834203523956,23.38980065953693
CHTR,2021-11-30,670.3900146484375,644.4199829101562,646.280029296875,22.489940459448444,22.18735634316768,20.88149060086498,20.191717144294138,23.58550249776302
CHTR,2021-12-01,657.5700073242188,633.6900024414062,634.2000122070312,22.24068940528305,22.323116714369053,20.78508525872851,20.311256738047298,23.60786141665183
CHTR,2021-12-02,675.52001953125,639.27001953125,670.4000244140625,27.210077910932934,25.42502712870322,22.57315756784286,21.218113192568254,24.244408999521145
CHTR,2021-12-03,681.7999877929688,669.510009765625,679.2999877929688,27.57629747136904,25.435689146191585,22.586207627066912,21.272409056005685,24.275359876073207
CHTR,2021-12-06,693.0900268554688,669.6900024414062,672.9500122070312,27.62443172416026,25.456909866871747,22.615062694543184,21.25562256627696,24.29368176992001
CHTR,2021-12-07,678.719970703125,639.280029296875,650.5999755859375,29.029160247172502,26.152016218889084,23.190175870879305,21.586744796016376,24.481579648194952
CHTR,2021-12-08,652.3800048828125,630.1500244140625,642.0700073242188,29.154304839890145,25.091838785065377,23.26732750253732,21.614302129343514,24.380586452638486
CHTR,2021-12-09,634.510009765625,606.5700073242188,611.969970703125,31.548063768975133,26.69337150256646,24.36187787937776,22.205701426739104,24.67293243861601
CHTR,2021-12-10,620.02001953125,608.3900146484375,610.8900146484375,31.5024497832933,26.684983046223103,24.361208843051312,22.178995452220516,24.577482838486205
CHTR,2021-12-13,617.27001953125,600.3400268554688,605.5499877929688,29.09537384690625,26.702940487058896,24.378425192657225,22.181839387175824,24.57454271515146
CHTR,2021-12-14,629.9299926757812,599.3400268554688,621.8900146484375,30.378236683453203,27.38976194997789,24.73277818138937,22.397136856829956,24.719662290614018
CHTR,2021-12-15,622.4000244140625,610.9299926757812,617.3200073242188,29.94521000380382,27.356013782082027,24.734121494514813,22.21634810378486,24.72499633706612
CHTR,2021-12-16,638.1599731445312,617.2100219726562,631.5800170898438,30.38651396275035,27.821565346160646,25.03490210150117,22.318829888568143,24.824892736139184
CHTR,2021-12-17,650.2000122070312,629.6400146484375,650.0,31.68030343457961,28.484169767914697,25.475307289737657,22.563614321162493,24.92779241606011
CHTR,2021-12-20,652.510009765625,643.0800170898438,646.760009765625,31.631548017205898,28.48819577720209,25.425294166046225,22.522931895644906,24.930947019207377
CHTR,2021-12-21,652.9099731445312,640.3599853515625,644.3300170898438,31.473971949422896,28.476434077412062,24.49818462183543,22.524942277380813,24.93023549625649
CHTR,2021-12-22,645.1799926757812,636.7000122070312,639.7899780273438,31.475089322545678,28.454473417117143,24.469234263920935,22.53225076036406,24.851779983338353
CHTR,2021-12-23,651.97998046875,641.010009765625,648.2999877929688,31.692493679033714,28.556833013729456,24.169599968994156,22.5836570651148,24.86748379378831
CHTR,2021-12-27,654.0,644.1400146484375,652.3499755859375,31.71100824895704,28.58183222566626,24.201128191433035,22.57512771487998,24.83636490191073
CHTR,2021-12-28,664.97998046875,652.8200073242188,655.7899780273438,31.744160954079963,28.42231777280419,24.224880377052855,22.580166190287283,24.83200925055133
CHTR,2021-12-29,661.4600219726562,650.969970703125,656.280029296875,31.687618286478287,28.401891085203395,24.22600845570376,22.564555722397536,24.75210281775259
CHTR,2021-12-30,669.8699951171875,656.530029296875,657.22998046875,31.68237702226972,28.315771446513065,24.2205172678736,22.284263023841895,24.690952924265368
CHTR,2021-12-31,660.4500122070312,650.6500244140625,651.969970703125,31.70911962418111,28.333747931747848,24.238116031171526,22.25228969278351,24.673378117054188
CHTR,2022-01-03,651.7999877929688,638.6799926757812,647.5800170898438,31.698593403321574,28.34914851962644,24.135071147682165,22.26692163833592,24.582462539267
CHTR,2022-01-04,653.0900268554688,628.0700073242188,640.77001953125,31.785292763408318,26.651933501182846,24.174729973038723,22.253114986104226,24.55119570656038
CHTR,2022-01-05,649.3200073242188,623.72998046875,624.8599853515625,32.03331012933779,26.936944818223974,24.453498256392592,22.449263262156112,24.60537945139699
CHTR,2022-01-06,638.7999877929688,621.22998046875,631.9500122070312,32.09228639530044,27.04887616348195,24.411910353282515,22.473064252152188,24.61698641181602
CHTR,2022-01-07,630.8900146484375,609.7000122070312,610.489990234375,33.43645205626636,27.805448521778853,24.898411417863283,22.837142303551882,24.847277507802364
CHTR,2022-01-10,617.6199951171875,601.3300170898438,605.4299926757812,33.4509704403975,27.703323498565798,24.914639630099867,22.84056246729035,24.837188018219205
CHTR,2022-01-11,613.3400268554688,604.510009765625,612.0999755859375,33.69285120008625,27.825787271610757,25.004103010030526,22.879159951203995,24.667677580269913
CHTR,2022-01-12,626.6400146484375,609.1500244140625,613.97998046875,32.4667430026974,27.70868806660899,24.929114990332817,22.882520649008804,24.66332725987667
CHTR,2022-01-13,626.0700073242188,610.02001953125,619.0800170898438,32.17182434630088,27.549432413167384,24.964955055560754,22.68917906524922,24.66361575457046
CHTR,2022-01-14,619.4600219726562,600.5399780273438,607.6900024414062,27.76649576085119,27.25648225018747,25.088395635003742,22.78021004161443,24.715236542417767
CHTR,2022-01-18,597.27001953125,580.3800048828125,582.75,29.46745706736141,28.36270450743309,25.81780262407434,23.286454966483085,25.055276186898023
CHTR,2022-01-19,588.2000122070312,574.1699829101562,581.2999877929688,29.44819246143521,28.358953190914953,25.809886256716077,23.277237257936576,25.009040000897382
CHTR,2022-01-20,587.9400024414062,571.030029296875,572.1599731445312,28.357756790084178,28.452986137596064,25.769148702027334,23.34363459616378,25.0266144759152
CHTR,2022-01-21,579.75,568.8200073242188,569.6900024414062,28.23168682872921,28.452971018664368,25.696280624723343,23.342407261924524,25.023990730107332
CHTR,2022-01-24,580.6699829101562,562.4600219726562,577.1300048828125,25.353783975860665,28.49151698424674,25.80964604015694,23.1845836241283,25.04437102608582
CHTR,2022-01-25,575.3800048828125,560.719970703125,563.5399780273438,26.13396812708603,28.748019969646016,25.994282775964805,23.338428936855728,25.15053101549489
CHTR,2022-01-26,574.8599853515625,549.5900268554688,555.0,26.332351449362395,27.51795287266908,26.03469241785497,23.349066235679246,24.630503322916454
CHTR,2022-01-27,567.9000244140625,549.8499755859375,561.030029296875,25.163887135631175,27.664772473358756,26.10717738662771,23.388434021401498,23.868355653819204
CHTR,2022-01-28,592.2000122070312,560.3699951171875,590.469970703125,29.678074557367896,29.593884900495077,27.4745595251663,24.181765773202567,23.25786922502603
CHTR,2022-01-31,595.1300048828125,584.5,593.3400268554688,28.843378367946265,29.38353890281464,27.50183841251564,23.792255503579266,23.220281362377065
CHTR,2022-02-01,598.3300170898438,587.8800048828125,596.8900146484375,27.449443962760757,29.400006705472993,27.429809205799792,23.485455382665187,23.043550682777596
CHTR,2022-02-02,603.7100219726562,592.3400268554688,600.239990234375,27.54868608144515,29.409460964434814,27.450801455989037,23.497538462998126,23.01899726264232
CHTR,2022-02-03,621.0,596.0399780273438,610.4500122070312,28.108872193680646,29.59073815374455,27.57916923226985,23.566416557851532,23.01699770775728
CHTR,2022-02-04,613.1799926757812,596.9500122070312,608.9199829101562,28.065605308495574,29.58024688185949,26.914578410728584,23.414641840952267,23.015786396856658
CHTR,2022-02-07,613.6300048828125,605.8499755859375,610.75,27.749969092733046,29.537304495528215,26.906866759311608,23.416999920072083,23.015294854598572
CHTR,2022-02-08,615.8400268554688,608.4000244140625,609.1199951171875,27.640648700649677,29.492865335355884,26.904397230316192,23.34149615082509,23.00759598881914
CHTR,2022-02-09,615.0,604.719970703125,614.75,27.757481362631527,29.566360952031552,26.966067804495097,23.340205732884268,22.9905288300797
CHTR,2022-02-10,613.0900268554688,604.02001953125,606.52001953125,27.93390145238672,29.62280370522953,26.99758133971603,23.3878505385304,23.001192188025094
CHTR,2022-02-11,614.5399780273438,602.510009765625,604.72998046875,27.90722540920949,29.615839871480276,26.961019100867585,23.38913981624358,22.987529583181523
CHTR,2022-02-14,614.5,601.5800170898438,607.9400024414062,27.956251298299232,29.638888649831234,26.961469634359027,23.395897254131,22.979066185806406
CHTR,2022-02-15,615.5999755859375,607.8599853515625,609.4500122070312,27.957373680773117,29.63234841828587,26.915913324336564,23.382286783580135,22.962102944414926
CHTR,2022-02-16,612.52001953125,602.7000122070312,609.4600219726562,27.84422112279797,29.627460262612377,26.916197256087056,23.359426722389973,22.92876647191053
CHTR,2022-02-17,606.0399780273438,588.3900146484375,597.8300170898438,27.463242269017236,29.588353722730034,27.047524468879068,23.437208448928548,22.961162901604236
CHTR,2022-02-18,605.6199951171875,594.5700073242188,596.8300170898438,27.195695245677744,29.492607705220173,27.02146121059093,23.400885233935433,22.89162104083247
CHTR,2022-02-22,603.1500244140625,591.8800048828125,595.5,25.377132825714412,29.491903736218728,26.976014620428362,23.399928027351176,22.868596199045765
CHTR,2022-02-23,592.739990234375,569.3900146484375,570.5999755859375,28.073741050023106,30.64179246471557,27.72395011125233,23.91857510293564,23.24281735676066
CHTR,2022-02-24,586.9500122070312,566.0499877929688,586.5900268554688,29.1375760992584,31.252782122749746,28.00737621780231,24.156183369577636,23.381796339837
CHTR,2022-02-25,602.02001953125,586.5399780273438,601.1599731445312,30.074056274388273,31.037385193369282,28.31351684344377,24.311519387932673,23.429204703289123
CHTR,2022-02-28,605.4000244140625,593.719970703125,601.780029296875,29.95926987663425,30.82088364069148,28.260492856045943,24.300863820749928,23.406949712895095
CHTR,2022-03-01,603.1599731445312,589.469970703125,594.739990234375,29.67506059733726,28.565393388542343,28.297010320985738,24.323940919934806,23.428991304313058
CHTR,2022-03-02,596.9400024414062,566.8599853515625,570.989990234375,29.537444440301776,29.46557301777429,28.950111121209126,24.775834506753437,23.65153493175785
CHTR,2022-03-03,594.0800170898438,560.8800048828125,561.8200073242188,29.875362459515305,29.56237778397362,28.04660614155617,24.825496120392636,23.67871984631097
CHTR,2022-03-04,564.8699951171875,546.6199951171875,549.9299926757812,30.154405304967312,29.117417836669752,28.132029363526605,24.883720801654167,23.61718805496666
CHTR,2022-03-07,566.3300170898438,545.3300170898438,555.6400146484375,30.326161918878576,29.15782650460819,28.194929215721302,24.90873518961047,23.569834903287447
CHTR,2022-03-08,565.8699951171875,550.3200073242188,551.4299926757812,30.097658904805254,27.592367690510766,28.159545274552034,24.86020032534563,23.576920641103698
CHTR,2022-03-09,568.0399780273438,555.5700073242188,557.75,29.55524994839523,27.723295569075322,28.168787094316976,24.806999002308842,23.489587964819165
CHTR,2022-03-10,567.5599975585938,546.9199829101562,562.1300048828125,29.29854054989731,27.746297727519924,28.20601224510135,24.80381069275547,23.49288329116162
CHTR,2022-03-11,574.5399780273438,557.8099975585938,559.2899780273438,29.170710564156316,27.140378598205107,28.12809217790439,24.709088153233978,23.49746325695042
CHTR,2022-03-14,583.719970703125,560.6599731445312,566.1400146484375,25.127833252761288,27.263288620782816,28.07956600540808,24.69743786707449,23.530615496011638
CHTR,2022-03-15,579.0900268554688,566.2000122070312,569.1599731445312,25.13839029978879,26.829895759032045,27.830757573719435,24.70946209568432,23.418603644120132
CHTR,2022-03-16,573.7000122070312,556.030029296875,572.1099853515625,25.119222867054464,26.11125030372795,27.847373966010093,24.716469339925048,23.422121629893553
CHTR,2022-03-17,577.6500244140625,558.780029296875,577.6500244140625,25.244183094312874,26.21458482571486,27.90648243956426,24.73705469371964,23.36445691553555
CHTR,2022-03-18,578.0,562.1199951171875,577.3200073242188,24.654000301445866,26.21296684210641,27.90516199091302,24.736336400428655,23.3642946961874
CHTR,2022-03-21,577.6500244140625,562.5399780273438,565.77001953125,25.22167084056039,26.462253446967427,28.04791166787477,24.77141976631443,23.41301989999164
CHTR,2022-03-22,577.1300048828125,566.010009765625,574.6599731445312,25.717193752067118,26.525227922999044,28.06790401987002,24.852108419929312,23.433866543708984
CHTR,2022-03-23,576.1099853515625,559.2999877929688,559.989990234375,26.629379555724462,26.91193433777243,28.280228287532914,24.919875724299835,23.549788467763275
CHTR,2022-03-24,571.52001953125,557.5599975585938,559.3200073242188,26.391556037719212,26.864455335061006,27.4219056247894,24.917210188408234,23.45747622548483
CHTR,2022-03-25,564.0499877929688,544.5900268554688,558.260009765625,26.21054806681186,26.855630376073343,27.416641758254418,24.89942583193333,23.440513798803643
CHTR,2022-03-28,565.3099975585938,554.3300170898438,565.25,26.578148752706234,27.022127844407063,27.380013806561298,24.823686176247385,23.461685608844704
CHTR,2022-03-29,574.2100219726562,564.4199829101562,572.3300170898438,26.834235773738875,27.16898086008283,27.32558712270347,24.83988642742874,23.489852648817163
CHTR,2022-03-30,573.1300048828125,564.0399780273438,570.1199951171875,26.80494480846678,27.154610344516467,27.301169909534224,24.800844799121972,23.36151356412942
CHTR,2022-03-31,571.760009765625,545.4600219726562,545.52001953125,29.40862730329818,28.43959031073391,28.09086334964106,25.304682060861527,23.730995284535027
CHTR,2022-04-01,561.9600219726562,545.010009765625,561.6799926757812,30.511924539530728,28.78466211706075,28.483765178019137,25.54310661369853,23.91045174885921
CHTR,2022-04-04,574.6500244140625,557.1199951171875,562.0,30.521440653678656,28.66052838169624,28.480716667243506,25.540912096843176,23.87362557512518
CHTR,2022-04-05,568.9400024414062,554.0399780273438,556.7899780273438,30.59495396221012,27.891068394502994,28.464565468444707,25.521499562251403,23.88914945351508
CHTR,2022-04-06,568.0,553.4099731445312,561.260009765625,28.20230064239671,27.921919282895573,28.48347345045467,25.54557880864309,23.895971901816477
CHTR,2022-04-07,561.260009765625,542.8200073242188,552.47998046875,27.221127077001604,27.959499319860054,28.5554614722482,25.597982115509748,23.94532342013678
CHTR,2022-04-08,559.3400268554688,543.2000122070312,557.5999755859375,26.26943269634673,28.032799978310408,28.58950512917337,25.598662056932163,23.949231001284875
CHTR,2022-04-11,572.0800170898438,557.030029296875,559.9099731445312,26.32110017790908,27.983307227477688,28.60217464963386,25.59932893000077,23.9508171117532
CHTR,2022-04-12,570.02001953125,548.5499877929688,549.1199951171875,26.65119396644417,28.006826084272106,28.724034586928955,25.686034988808597,24.018157962000284
CHTR,2022-04-13,563.510009765625,547.0599975585938,562.4000244140625,25.16693654781913,27.20617213597116,29.010320056462756,25.855741568063774,23.94594125761895
CHTR,2022-04-14,567.0700073242188,553.1199951171875,555.3200073242188,24.996348770203618,27.31624351979176,29.05565266677188,25.860969844549235,23.937931679923334
CHTR,2022-04-18,556.9199829101562,533.25,533.47998046875,26.882504143643253,28.32330251702543,29.53154020307993,25.75799415734189,24.262036134573354
CHTR,2022-04-19,560.8400268554688,535.6199951171875,557.75,29.799680898621254,29.818081115320844,30.395130893712825,26.311384825400598,24.64582629531193
CHTR,2022-04-20,555.6900024414062,535.1699829101562,535.9600219726562,31.916969231446785,30.760026697238875,30.98612905309519,26.482649212632698,24.95565688608395
CHTR,2022-04-21,541.75,517.8099975585938,519.030029296875,32.92849400733515,31.064623880341458,31.342508476325943,26.719594687636754,25.137880517907753
CHTR,2022-04-22,518.5700073242188,505.1499938964844,511.3699951171875,32.97316598610962,31.05705346466776,31.395567098980692,26.7604489959257,25.176318937781154
CHTR,2022-04-25,517.6599731445312,496.760009765625,506.9700012207031,33.00744755047474,30.987193644059463,31.024132509430093,26.769346916195968,25.17931030965278
CHTR,2022-04-26,503.0799865722656,486.3500061035156,486.95001220703125,34.34896597362118,29.97792818813157,31.49588305423573,27.140601374606128,25.482641465472298
CHTR,2022-04-27,492.25,479.45001220703125,482.010009765625,34.23718218730755,29.963688201006555,30.104239271438576,27.15193764232227,25.498632669565357
CHTR,2022-04-28,481.69000244140625,449.5899963378906,461.489990234375,35.785481281999,30.99617860889394,30.65410859478257,27.51497884642674,25.699743401890764
CHTR,2022-04-29,457.70001220703125,415.010009765625,428.489990234375,40.32563611748475,34.070207641594926,32.61477308368302,28.779247061251095,26.69951272264825
CHTR,2022-05-02,435.92999267578125,419.8299865722656,432.5400085449219,40.63001406757599,33.893784985056776,32.34789248806666,28.81837443300431,26.712488383892357
CHTR,2022-05-03,431.239990234375,410.3299865722656,425.6199951171875,40.55477121831409,33.953166658368545,32.3722465685202,28.78555361021708,26.74673555215022
CHTR,2022-05-04,450.7799987792969,422.44000244140625,448.3399963378906,43.75825050727888,35.93362207369841,32.81023608226648,29.49600494273252,27.281320786627333
CHTR,2022-05-05,462.92999267578125,444.7900085449219,456.20001220703125,44.04184733017164,36.22651281245266,32.970591340183944,29.595615310791985,27.343535112944632
CHTR,2022-05-06,471.2900085449219,452.3900146484375,459.7699890136719,44.21859202007242,36.20442259267997,33.00057979520215,29.621040837064065,27.221849146433247
CHTR,2022-05-09,478.0299987792969,455.9800109863281,463.6700134277344,44.41402574937459,36.25981520347848,32.71353444770236,29.606771557227813,27.23831331741196
CHTR,2022-05-10,481.7900085449219,462.20001220703125,468.2300109863281,44.32376164288867,36.37648164899077,32.76764689801433,29.63290176870046,27.233686159174503
CHTR,2022-05-11,476.6499938964844,447.3500061035156,448.3500061035156,45.21901790975627,37.18912034777288,33.13488715404602,30.01445736533499,27.55224091218314
CHTR,2022-05-12,466.7699890136719,443.17999267578125,465.260009765625,47.069669153110766,38.15017676837399,33.364643368636656,30.373833159016865,27.815176160118966
CHTR,2022-05-13,475.8699951171875,458.69000244140625,471.3900146484375,46.03540692692248,38.310009721469754,33.465214001455664,30.429961707211373,27.598662249162683
CHTR,2022-05-16,472.5799865722656,456.0,463.3399963378906,45.00522568148849,38.27816297277376,33.53950588087759,30.423362667230847,27.455097529400447
CHTR,2022-05-17,474.1400146484375,457.5,472.1300048828125,45.55755066646962,38.56567517963544,33.716280438882166,30.501958436198912,27.53042353636251
CHTR,2022-05-18,480.8299865722656,463.32000732421875,469.5,45.545434867731466,38.56557953592622,33.61754250105601,30.494942480849048,27.52187883543467
CHTR,2022-05-19,479.3999938964844,465.8800048828125,474.57000732421875,45.623951666374715,37.82018329435476,33.65746203958762,30.532518785826607,27.44913864438715
CHTR,2022-05-20,485.70001220703125,468.7900085449219,479.0299987792969,45.71798389330331,37.36901496928681,33.68986304215082,30.55904580867179,27.47011606876384
CHTR,2022-05-23,484.0,468.8599853515625,473.6700134277344,45.55881061663721,36.94465776089289,33.708460664331206,30.556646365486344,27.436336385200576
CHTR,2022-05-24,479.6000061035156,468.010009765625,479.0199890136719,45.73448155897882,37.06261812573918,33.778957765369924,30.579269966825258,27.450027012245076
CHTR,2022-05-25,489.9800109863281,476.8500061035156,487.6099853515625,45.99814679582204,37.28525301126623,33.93231089684478,30.67605022836306,27.51705931114026
CHTR,2022-05-26,508.8599853515625,489.1199951171875,502.8399963378906,46.400345101403346,37.09768308221151,34.343959124971015,30.87557188838389,27.704274919446085
CHTR,2022-05-27,515.6599731445312,503.19000244140625,509.94000244140625,46.59799210633312,37.12487426930782,34.41918096457015,30.93246417336092,27.743222992029224
CHTR,2022-05-31,513.280029296875,501.1600036621094,506.92999267578125,45.25517571529651,36.90763992466518,34.228955875240416,30.9125354116426,27.738521928341957
CHTR,2022-06-01,514.2100219726562,492.0400085449219,495.3800048828125,43.46276111864705,37.089660254393934,34.32123312971538,30.684597827849924,27.812441899897696
CHTR,2022-06-02,499.1000061035156,490.8399963378906,498.2200012207031,42.179836447498204,37.102816058794595,33.95548481591282,30.689174623037946,27.807234470378344
CHTR,2022-06-03,496.7900085449219,489.5,491.07000732421875,41.4044661690353,37.09159252267444,33.998329023731046,30.720950760870625,27.814467126110394
CHTR,2022-06-06,498.05999755859375,483.69000244140625,484.7200012207031,41.357277107684155,37.098808859944235,33.977070688820234,30.746295033066268,27.83856748308772
CHTR,2022-06-07,484.5,470.1700134277344,482.54998779296875,41.31492282300909,37.09727021385159,33.96767044086902,30.7344167001193,27.839168419062236
CHTR,2022-06-08,493.1099853515625,481.32000732421875,487.95001220703125,39.79536539178902,37.0802803062362,33.99354830576547,30.759704839034207,27.866992688298236
CHTR,2022-06-09,492.6400146484375,482.0400085449219,482.260009765625,39.83218911142857,37.09177718355961,33.92790633670942,30.766165036099657,27.865379832429515
CHTR,2022-06-10,481.0199890136719,470.010009765625,474.19000244140625,38.00988351596983,37.16551892359877,33.413108644975445,30.78894439654415,27.89949027892165
CHTR,2022-06-13,468.9800109863281,452.2300109863281,454.4700012207031,33.39610292739841,37.927689202790816,34.023525000197615,31.15015411734466,28.189842203968503
CHTR,2022-06-14,463.1199951171875,447.94000244140625,451.9700012207031,33.38708319594695,37.922150024545836,33.959518096572914,31.148750408470217,28.191485045201087
CHTR,2022-06-15,460.2300109863281,429.9100036621094,449.0,33.06329215989142,37.77718226323189,33.96476794179094,31.141811195320408,28.187707830041557
CHTR,2022-06-16,440.7900085449219,407.75,415.3500061035156,37.1062395174679,40.48386468503833,35.92600222277325,32.36279000072206,29.161555503301027
CHTR,2022-06-17,443.32000732421875,415.0199890136719,441.9599914550781,41.22764709891343,42.54682744380975,37.24097365781295,33.26600552796707,29.851746799308277
CHTR,2022-06-21,447.92999267578125,435.7200012207031,437.4700012207031,41.221989610823634,42.56206396790777,37.20521705595491,33.21491981740228,29.825151754013064
CHTR,2022-06-22,453.29998779296875,434.0400085449219,448.239990234375,41.8125993138469,42.95720872938879,37.38853528171251,33.361401867230875,29.87808853384852
CHTR,2022-06-23,456.5799865722656,446.1600036621094,455.1300048828125,41.96637481391543,43.00604735826657,36.50772968178945,33.39983315211042,29.91248093740973
CHTR,2022-06-24,465.2200012207031,454.32000732421875,463.1199951171875,40.289191790370374,43.09697722482925,36.62716146653639,33.48329864479809,29.912717898102027
CHTR,2022-06-27,467.7699890136719,458.70001220703125,464.3599853515625,38.8299888914034,43.115627287658995,36.61157245945929,33.489176546375575,29.876477353324145
CHTR,2022-06-28,474.5,456.4800109863281,457.0299987792969,38.885952836925455,42.359735552473445,36.64951832809246,33.06041461640563,29.909422759173086
CHTR,2022-06-29,464.6700134277344,454.0899963378906,463.8399963378906,38.834451012212625,41.994217770402045,36.62273753191979,33.08559982733857,29.95319010067441
CHTR,2022-06-30,471.57000732421875,457.44000244140625,468.5299987792969,38.5493529577297,42.075474287737855,36.679126450535264,33.113364257221555,29.967600228220164
CHTR,2022-07-01,483.20001220703125,463.7200012207031,480.9200134277344,39.25603630706616,42.47371982398888,36.9515413226897,33.260065721655884,30.095669204039645
CHTR,2022-07-05,481.75,467.3900146484375,481.2200012207031,39.142781720036766,42.42318048500251,36.95460402374886,33.22739703874375,30.05610767025991
CHTR,2022-07-06,484.30999755859375,468.3599853515625,471.6400146484375,39.49115924139288,42.490166963449305,37.014123627946546,33.291441356281624,30.112262511715137
CHTR,2022-07-07,473.2699890136719,457.8500061035156,465.3999938964844,39.54447311385979,42.472545078505355,37.012947004123,33.27923904996886,30.072767994699767
CHTR,2022-07-08,469.19000244140625,460.3500061035156,463.54998779296875,39.3949162060954,42.446777923706925,37.01352337508494,33.212253350995404,30.071605014005925
CHTR,2022-07-11,462.54998779296875,450.67999267578125,453.3900146484375,39.43313911718383,42.49472067127112,37.119819528664095,33.1640686772757,30.130435450518917
CHTR,2022-07-12,476.45001220703125,453.6300048828125,468.1000061035156,39.52028620415525,42.744588701498614,37.52134623506613,33.41112303656214,30.245913083752747
CHTR,2022-07-13,470.67999267578125,457.95001220703125,465.6400146484375,39.218676260380505,42.700410099269014,37.5212070144528,33.409432314406615,30.22783757665566
CHTR,2022-07-14,469.5799865722656,456.92999267578125,468.75,39.307414909850316,42.031305619347194,37.455320569979776,33.425623096297876,30.21700773092082
CHTR,2022-07-15,480.4200134277344,473.1099853515625,476.6000061035156,39.19585888772509,41.08751841167934,37.576981066236804,33.50130830354573,30.264580544778614
CHTR,2022-07-18,482.8999938964844,472.9700012207031,474.010009765625,39.15603195325148,40.35442232453272,37.58041310138104,33.44470560549668,30.25442104331776
CHTR,2022-07-19,485.0199890136719,472.70001220703125,482.95001220703125,39.39235050415983,40.08030787074775,37.16056091544509,33.51777729673744,30.320208645860724
CHTR,2022-07-20,486.94000244140625,478.9599914550781,483.20001220703125,39.2152668615744,39.98012039040766,36.864358519378875,33.11999500706988,30.298051214378773
CHTR,2022-07-21,496.3699951171875,469.7200012207031,492.739990234375,39.59882267437157,40.16534815108655,36.781649002710424,33.21411512621588,30.371448785472776
CHTR,2022-07-22,493.2799987792969,480.54998779296875,485.70001220703125,39.70520489714426,39.412406213777416,36.83085662305641,33.18805497293486,30.396088781232073
CHTR,2022-07-25,489.94000244140625,472.3399963378906,478.9800109863281,39.76609406783066,39.46091929518918,36.846854938824755,33.14942298573642,30.40219835387059
CHTR,2022-07-26,482.69000244140625,474.17999267578125,479.010009765625,39.45168106875479,38.410492960616196,36.32478908501164,33.13882852787082,30.397555630137603
CHTR,2022-07-27,482.8399963378906,466.67999267578125,475.94000244140625,37.38142551811855,35.14479212511263,36.25905397059,33.13325955035221,30.400399267287014
CHTR,2022-07-28,452.29998779296875,430.1600036621094,435.5799865722656,45.59919827593406,39.68098996283603,38.67973770316734,34.65528499896951,31.616204945797055
CHTR,2022-07-29,444.07000732421875,425.0,432.1000061035156,45.615670167424035,39.573877582988914,38.636515682703795,34.65753657076638,31.606765286301876
CHTR,2022-08-01,434.29998779296875,421.1600036621094,426.55999755859375,39.624816422900196,38.15869768069417,38.66343211576419,34.65924859465457,31.322031548261442
CHTR,2022-08-02,442.7799987792969,425.3999938964844,437.6499938964844,35.97306984520973,38.36484187580432,38.86048657621949,34.810701801843294,31.4301407004484
CHTR,2022-08-03,461.8299865722656,434.6700134277344,452.17999267578125,37.07837987492695,38.93401200975759,39.225530929266434,35.05493704781827,31.492321497446003
CHTR,2022-08-04,469.989990234375,450.3699951171875,459.45001220703125,36.70033410902575,39.03605260131736,39.32786483030124,35.11067786194456,31.543428730094504
CHTR,2022-08-05,464.7799987792969,450.6499938964844,462.9800109863281,36.506230292649114,39.01530042136203,39.2930313505112,35.12833227314577,31.55777560135304
CHTR,2022-08-08,478.8900146484375,462.67999267578125,464.04998779296875,36.16192975790592,37.964088704609004,39.28163392546049,35.127601669998455,31.559943783195603
CHTR,2022-08-09,461.05999755859375,449.6199951171875,452.5,36.8827766835438,37.55203699631683,39.4353262270097,35.227451654661955,31.642669400629902
CHTR,2022-08-10,467.1000061035156,454.9200134277344,462.69000244140625,37.18783658548816,37.74020663246011,39.58373978309901,35.345506180138756,31.734542737326304
CHTR,2022-08-11,473.8399963378906,461.489990234375,466.19000244140625,37.0030439907171,37.607139446731594,39.613241825475164,35.294379571527855,31.712562819664498
CHTR,2022-08-12,479.1000061035156,469.0299987792969,478.1199951171875,37.61380115532098,37.76766603466346,39.7427893876509,35.41554819049702,31.829709489860843
CHTR,2022-08-15,483.5299987792969,468.7699890136719,480.9200134277344,36.87480797677074,37.76535618618963,39.664972183627775,35.427152668339765,31.8386305573446
CHTR,2022-08-16,484.2699890136719,475.6199951171875,482.8299865722656,36.892418430269245,37.71160102371999,39.486266996455235,35.432982733792215,31.804247619959312
CHTR,2022-08-17,479.3399963378906,463.54998779296875,465.2799987792969,38.007047846706676,38.42639807566603,39.88725027720512,35.67182890341734,31.98344867730772
CHTR,2022-08-18,467.9200134277344,456.2699890136719,458.07000732421875,38.08043111308444,38.488999083033164,39.94716284551934,35.513989519180996,32.01165929892847
CHTR,2022-08-19,457.9800109863281,449.82000732421875,454.4599914550781,38.128395045242975,38.43846237152765,39.890760907700255,35.46397012183338,32.01606486003218
CHTR,2022-08-22,457.30999755859375,437.4100036621094,438.510009765625,38.98621841008509,38.89080958675413,40.17310901414492,35.02678341835136,32.16443220983833
CHTR,2022-08-23,440.25,428.8999938964844,432.05999755859375,37.882052140692316,38.38105953025915,40.219048173623676,35.008530433784365,32.18152841163451
CHTR,2022-08-24,438.6499938964844,428.8399963378906,429.17999267578125,37.89274080673818,38.23403260572753,39.675123505442286,35.00251347406378,32.18222608625611
CHTR,2022-08-25,438.8999938964844,426.2099914550781,438.5400085449219,38.45592850013431,38.55432932308217,39.53891473105025,34.91880470307246,32.263083551606485
CHTR,2022-08-26,446.010009765625,425.3500061035156,425.7699890136719,38.817411680255276,38.72565449493251,39.76834443093682,35.04476341359212,32.37560358663167
CHTR,2022-08-29,429.67999267578125,417.5199890136719,418.29998779296875,39.02559888962483,38.81009577985579,39.82568300118392,34.669395291631325,32.377511925681226
CHTR,2022-08-30,422.2300109863281,409.25,409.510009765625,38.708148246588664,38.92097451103655,39.893163589031616,34.74311792901826,32.41106556054268
CHTR,2022-08-31,420.3399963378906,411.2799987792969,412.6300048828125,38.85764801045265,38.92420157320044,39.87746563965271,34.75360725842838,32.42242694797426
CHTR,2022-09-01,420.4599914550781,410.260009765625,420.3299865722656,38.799883254860724,39.162805531385075,39.97627005413138,34.672055486972276,32.48807197289772
CHTR,2022-09-02,422.0199890136719,405.3500061035156,407.1400146484375,39.48133016603868,39.52319632588282,40.224746444208705,34.84462247572363,32.6140101628296
CHTR,2022-09-06,410.3999938964844,394.67999267578125,397.0,39.81551269613138,39.74629577747462,40.29441832490285,34.820265204842485,32.678645017341424
CHTR,2022-09-07,405.4800109863281,397.1000061035156,402.54998779296875,40.205712421910185,39.79551385062698,40.15384870933328,34.67611204934881,32.70518284393993
CHTR,2022-09-08,402.7900085449219,391.80999755859375,395.9100036621094,40.32822293223641,39.03828585124642,40.182197715168364,34.71445041462925,32.73438087093913
CHTR,2022-09-09,408.0899963378906,399.54998779296875,405.9100036621094,32.89159204212625,39.42824657694742,39.994999636600234,34.868223767430536,32.81496710206862
CHTR,2022-09-12,413.70001220703125,405.07000732421875,406.45001220703125,32.863164181283956,39.42046747984574,39.27828823273322,34.86711455410762,32.813835961075384
CHTR,2022-09-13,401.8500061035156,386.2699890136719,386.8900146484375,35.49849923756824,37.445135642219945,39.53136876538126,35.252792505257915,33.12820169174028
CHTR,2022-09-14,388.3599853515625,377.9200134277344,385.1099853515625,34.42339018314426,35.049026605622224,39.2608411387776,35.23674681230513,32.91640941349437
CHTR,2022-09-15,387.67999267578125,373.92999267578125,376.0,33.02820722761635,35.29354220559644,39.35702837367956,35.31052764846374,32.97697276556592
CHTR,2022-09-16,381.44000244140625,371.6099853515625,377.5799865722656,32.51643771635538,34.87827283219725,39.36355855887029,35.318153860379056,32.983192908053375
CHTR,2022-09-19,377.54998779296875,365.5799865722656,372.1300048828125,32.31005762811075,34.75162351398207,38.951816970578655,35.34000841923411,33.00402017552974
CHTR,2022-09-20,371.5199890136719,361.29998779296875,362.94000244140625,32.57432085631317,34.7564316119856,39.095148763267375,35.429898084007945,33.070743313684915
CHTR,2022-09-21,365.3800048828125,352.7900085449219,353.0299987792969,32.69457990793289,35.06063998153522,38.755449220777415,35.54536807608271,33.15369485275828
CHTR,2022-09-22,352.92999267578125,331.5400085449219,333.9599914550781,34.12324541063594,36.51807785506252,37.98447907130411,36.067840220892066,33.557020983652244
CHTR,2022-09-23,334.1400146484375,318.5299987792969,321.6600036621094,34.50849359071587,36.865391444291404,38.33923799683008,36.201382113909546,33.71844931559653
CHTR,2022-09-26,324.739990234375,305.3699951171875,306.20001220703125,34.203514051392304,37.74843533376883,38.984095403701424,36.55584359426167,34.029961762497535
CHTR,2022-09-27,315.82000732421875,305.30999755859375,306.8900146484375,34.03023741470088,37.16469744196788,37.97466515489479,36.38217061321779,34.033495748455735
CHTR,2022-09-28,324.7099914550781,309.20001220703125,321.0799865722656,37.90275511675837,38.672451481075555,38.620787385358064,36.837274820429464,34.37402288811365
CHTR,2022-09-29,320.489990234375,310.44000244140625,312.5899963378906,37.4668729598766,38.79529333226305,38.753165201422355,36.89915263954479,34.43649233921969
CHTR,2022-09-30,315.79998779296875,302.94000244140625,303.3500061035156,37.776371727953354,39.063819916506276,38.922735824605894,37.0206404052273,34.53666416429998
CHTR,2022-10-03,321.1499938964844,304.1700134277344,320.2699890136719,42.601508666645174,41.03924182452098,39.95793622896836,37.62907494039013,34.97154157707267
CHTR,2022-10-04,330.6000061035156,321.0,328.5400085449219,43.28632368224947,41.406201318313784,39.716221457485844,37.74432153255555,35.082763018896244
CHTR,2022-10-05,332.0199890136719,319.6300048828125,329.2799987792969,43.39088992150935,40.70514292315762,39.2021205224629,37.47101364385851,35.065012613756465
CHTR,2022-10-06,330.4800109863281,321.239990234375,323.95001220703125,43.43499659798063,40.761214168849776,39.164121057844675,37.50318703255954,35.088702134335065
CHTR,2022-10-07,323.45001220703125,311.3599853515625,312.5299987792969,43.06822434373926,41.125794438048175,39.43867486413146,37.6725567512905,35.23958787160939
CHTR,2022-10-10,320.6099853515625,311.8399963378906,318.29998779296875,43.53536460654482,41.1681310341959,39.43142678108895,37.75935900338846,35.0013136481411
CHTR,2022-10-11,320.510009765625,307.4200134277344,308.44000244140625,43.93627485446801,41.47774695391147,39.67218513123226,37.85680551485899,35.09391857311921
CHTR,2022-10-12,310.5299987792969,302.7699890136719,306.30999755859375,43.81821794282833,41.126702510316484,39.601881267629196,37.78165697099386,35.0942008631206
CHTR,2022-10-13,326.760009765625,297.6600036621094,325.94000244140625,48.3054307316983,43.513463545555155,40.930986800867174,38.54090016095281,35.680058478168306
CHTR,2022-10-14,331.95001220703125,321.75,323.30999755859375,47.6554012279394,43.1723740292333,40.91953828309033,38.51076266861105,35.65731990783301
CHTR,2022-10-17,335.8599853515625,324.82000732421875,331.69000244140625,48.13950051487419,43.65573898321767,41.11696067250245,38.121096834058996,35.77056818394796
CHTR,2022-10-18,343.82000732421875,326.8599853515625,328.8699951171875,47.82754355151619,43.629746692126986,40.97950216255169,38.114192241854745,35.74671207758907
CHTR,2022-10-19,330.94000244140625,320.44000244140625,324.6499938964844,47.47537506542533,43.630399248054644,40.623207185923285,38.11519650593844,35.71178413786827
CHTR,2022-10-20,331.70001220703125,323.1300048828125,328.1199951171875,47.66037026273542,43.77116787725467,40.58768538460876,38.136546746062464,35.64817588164074
CHTR,2022-10-21,330.760009765625,322.6700134277344,330.3999938964844,46.91547670628714,40.331944377238926,40.62671340852698,38.080429877636355,35.658394348210805
CHTR,2022-10-24,338.760009765625,330.8500061035156,337.07000732421875,47.506406303391955,40.637933921916016,40.695006004192365,38.18081860173408,35.73193792452712
CHTR,2022-10-25,348.3399963378906,337.8299865722656,346.7099914550781,46.70356606893426,41.12933651341638,40.98499012455902,38.35522690339949,35.86718798783948
CHTR,2022-10-26,354.5199890136719,344.25,344.8699951171875,46.70528181241062,40.680055154576216,40.94918916910956,38.35604732311228,35.86786577724406
CHTR,2022-10-27,367.8699951171875,353.510009765625,355.260009765625,47.26621939670109,40.56993227191572,41.25735085185793,38.52516003240617,35.979486956863774
CHTR,2022-10-28,376.9599914550781,337.1300048828125,368.239990234375,48.49715879795527,41.190030806332324,41.718178713352856,38.778900860975035,36.175339759175905
CHTR,2022-10-31,371.82000732421875,357.5,367.6199951171875,48.32430972759336,41.12460893207476,41.65958484238879,38.77910765888649,35.918533036764615
CHTR,2022-11-01,379.6700134277344,356.0,357.0,48.530574950176224,41.43203144265664,41.84828146993658,38.893881018997426,36.01811830818458
CHTR,2022-11-02,358.5199890136719,346.05999755859375,347.25,48.53088096487579,41.488524340123554,41.974541635383986,38.99818744832723,36.062886102870685
CHTR,2022-11-03,345.7200012207031,335.25,344.25,45.73773269197267,41.1215886640563,41.508108329564784,39.001893519935265,36.0186211850737
CHTR,2022-11-04,352.80999755859375,342.3800048828125,348.82000732421875,44.36574738396036,41.210975495329336,41.58282641253518,39.002405690647855,36.047741824660825
CHTR,2022-11-07,354.260009765625,343.6700134277344,353.2799987792969,41.608884960171935,40.898254335948394,41.64833792781373,39.04633426364627,36.07303070100575
CHTR,2022-11-08,359.6499938964844,348.4100036621094,354.6600036621094,41.60296535690116,40.878128104685295,39.85948282052018,39.05457683517089,36.06178921733649
CHTR,2022-11-09,354.20001220703125,348.010009765625,349.8800048828125,40.106322599268665,40.870452563118135,38.57157862646174,38.7874204680244,36.075626031456196
CHTR,2022-11-10,374.3399963378906,362.79998779296875,373.1600036621094,42.8626379939377,42.75824316349757,39.97744489631205,39.43141885111373,36.6827430601725
CHTR,2022-11-11,398.07000732421875,371.95001220703125,394.3999938964844,43.778722977302316,44.355958604391475,40.78496785354652,39.895013341984566,37.127998940229126
CHTR,2022-11-14,395.80999755859375,387.3999938964844,387.80999755859375,42.1752402756359,44.44032986381543,40.772096695976124,39.92981778982643,37.15369247675827
CHTR,2022-11-15,403.489990234375,388.239990234375,392.0899963378906,41.8117635034731,43.98365710152351,40.70855879114905,39.94570712615316,37.16995576401286
CHTR,2022-11-16,394.95001220703125,385.3999938964844,388.9100036621094,41.99857601689996,43.92092370247064,40.71542857913464,39.68947427976468,37.173297193912376
CHTR,2022-11-17,388.0,380.1099853515625,384.2900085449219,41.819621007281796,43.959399944456116,40.6852650239106,39.67150121874881,37.182504999870716
CHTR,2022-11-18,388.5799865722656,370.3500061035156,374.3800048828125,41.06500874706065,43.96111161055076,40.78063050975067,39.70784325761525,37.25510276319885
CHTR,2022-11-21,376.6000061035156,364.29998779296875,369.0,41.31135231687711,43.67449145075288,40.77973844606257,39.70667714992918,37.27365381964783
CHTR,2022-11-22,387.5199890136719,369.3500061035156,385.54998779296875,41.31471153203669,44.566171064142104,41.19132254190635,40.074861522525154,37.51431219458646
CHTR,2022-11-23,393.8699951171875,384.45001220703125,390.2300109863281,41.10696469682327,44.454168589827844,41.25136228828822,40.07808771031466,37.523020933262174
CHTR,2022-11-25,394.3999938964844,387.760009765625,390.1099853515625,37.825775678159204,44.419927635948966,41.15091272966161,40.06162283474696,37.5233812419793
CHTR,2022-11-28,388.6199951171875,382.1600036621094,384.4700012207031,38.08044785399114,44.31894964109439,41.160175205749475,40.08750877019806,37.543042493460945
CHTR,2022-11-29,387.0299987792969,382.92999267578125,385.2799987792969,37.624173383213645,43.86836756575131,41.16371637339051,40.0547901995639,37.54247270873803
CHTR,2022-11-30,393.6700134277344,372.57000732421875,391.2900085449219,37.51738671774568,43.69801964881208,41.12459019846719,40.09942943084557,37.45303603077117
CHTR,2022-12-01,395.7699890136719,384.3399963378906,389.1600036621094,37.25562532902828,43.61068752147941,40.77843118657422,40.09208953707193,37.41635545206958
CHTR,2022-12-02,393.29998779296875,378.4100036621094,392.69000244140625,37.241365326934314,43.523859273781504,40.81104884593764,40.089643366672576,36.986090487219045
CHTR,2022-12-05,394.9700012207031,386.4200134277344,387.7900085449219,37.62482648590939,43.27871062646836,40.82482652750993,40.1081011127643,36.96868960775123
CHTR,2022-12-06,385.7300109863281,366.94000244140625,371.1700134277344,39.938069683453506,44.16492925089855,41.25198824399946,40.35357197524605,37.19513740995184
CHTR,2022-12-07,377.9800109863281,368.04998779296875,374.8900146484375,39.29134951635679,43.08194570472518,41.29654367375132,40.32388709067626,37.08127489835448
CHTR,2022-12-08,379.79998779296875,371.0400085449219,374.30999755859375,39.240398496715514,43.074109059694194,41.158938729144786,40.22702334003385,37.06484310249358
CHTR,2022-12-09,383.5199890136719,369.7300109863281,380.57000732421875,38.63769574093213,42.93159334353038,41.26829940751221,40.288482574650565,36.82431781588349
CHTR,2022-12-12,385.75,374.5299987792969,384.3999938964844,37.390657693728095,42.971260057437846,41.16688826902515,40.31413012678665,36.843535290906786
CHTR,2022-12-13,402.8999938964844,383.9800109863281,392.67999267578125,37.81570033758063,43.07052841318525,41.293954714687096,40.37269744468933,36.90943811151667
CHTR,2022-12-14,350.80999755859375,326.6400146484375,328.3399963378906,64.266787418977,56.48867301362239,49.905415061295564,45.44014978854387,40.83993703315865
CHTR,2022-12-15,333.79998779296875,312.7699890136719,313.42999267578125,65.12403923100631,56.98729705489337,50.3590086634933,45.7291745585665,41.072954201013445
CHTR,2022-12-16,313.989990234375,303.54998779296875,304.9599914550781,65.48044327221706,56.14353035247748,50.49200265777143,45.56179092816371,41.06668870073434
CHTR,2022-12-19,311.3299865722656,302.2099914550781,306.1600036621094,65.32354615626869,55.64841029642429,48.66978062608657,45.40647404199228,40.94955572635349
CHTR,2022-12-20,311.6700134277344,302.44000244140625,309.2900085449219,65.27018151638273,54.76496243051254,48.71267249072566,45.43241217325363,40.970171077458005
CHTR,2022-12-21,322.3999938964844,309.6700134277344,321.3399963378906,66.39911533216238,55.31675000787244,49.131531239959415,45.691489151870236,41.17616387687544
CHTR,2022-12-22,324.4800109863281,315.69000244140625,323.8800048828125,66.40145252284536,54.559861815461566,48.94967087851014,45.69107332271347,41.18757571316245
CHTR,2022-12-23,333.95001220703125,324.739990234375,333.9200134277344,64.11763515468948,54.61560871056176,48.911270561853534,45.83785491490621,41.29101231103582
CHTR,2022-12-27,339.510009765625,331.6300048828125,332.7900085449219,61.62760223110778,54.23924868739033,48.81648411893428,45.81557335554317,41.281491875794565
CHTR,2022-12-28,335.8900146484375,330.0,332.3399963378906,61.54674159498015,53.11570517296548,48.78632093960265,45.80836760344956,41.27403373572749
CHTR,2022-12-29,342.1099853515625,333.79998779296875,338.94000244140625,61.79552028160974,53.01241910768726,48.9148777924556,45.84312694407252,41.33319368761898
CHTR,2022-12-30,339.8699951171875,334.9800109863281,339.1000061035156,61.806135473084154,53.011192511706405,48.789746737197824,45.735603027477,41.332345534671106
CHTR,2023-01-03,345.5299987792969,337.17999267578125,341.5799865722656,61.85793468594852,52.91214601592198,48.65089520860422,45.73599741479678,41.34061171858397
CHTR,2023-01-04,355.92999267578125,345.2099914550781,354.0,62.522500258772325,52.821508846858976,49.01106362181199,45.7426536155263,41.51517886381391
CHTR,2023-01-05,365.8800048828125,355.3699951171875,361.42999267578125,62.73897756577698,52.85642769753021,48.9507793647626,45.48663439426841,41.571491662798344
CHTR,2023-01-06,370.2900085449219,360.7900085449219,367.7300109863281,61.55985148693938,52.47621962667874,49.035788273622444,45.326613669271936,41.55362836439633
CHTR,2023-01-09,369.0799865722656,363.5400085449219,367.17999267578125,61.42401165106469,52.44442101836191,49.02460696260646,45.18582806281083,41.531940468811854
CHTR,2023-01-10,374.6400146484375,366.69000244140625,374.6400146484375,61.7579934654251,51.11244380969641,48.846174323415894,45.234283074788905,41.46355089941417
CHTR,2023-01-11,379.69000244140625,372.2200012207031,378.42999267578125,61.712565810104635,51.08981289247908,48.836301428382754,45.248187146733734,41.475893505467134
CHTR,2023-01-12,388.57000732421875,377.760009765625,385.4700012207031,61.95405121359434,50.973324622122185,48.93285026066739,45.074876878713695,41.5058209560021
CHTR,2023-01-13,389.9599914550781,383.6700134277344,388.4700012207031,61.826829820907356,50.93190591092876,48.64797922860203,45.07502519569414,41.514021226178755
CHTR,2023-01-17,390.9800109863281,383.7699890136719,388.3500061035156,61.80707986683777,50.831454082519734,48.5991816680623,44.79314747160201,41.501951457289
CHTR,2023-01-18,390.9800109863281,381.25,381.8599853515625,61.93106975078801,50.96678259693582,48.65586626712299,43.97977073095702,41.49536287198538
CHTR,2023-01-19,385.010009765625,373.8500061035156,384.20001220703125,61.862871762708615,50.964052130578175,48.53364289861501,43.97089335968103,41.30731151902353
CHTR,2023-01-20,400.1499938964844,382.44000244140625,396.1099853515625,61.0677368149396,51.163822197904366,48.581228851968504,44.086200928753435,41.432371739274195
CHTR,2023-01-23,400.95001220703125,390.6400146484375,396.010009765625,61.026071354244024,50.889482897087056,48.504909901539094,43.643078810885584,41.40757593238824
CHTR,2023-01-24,398.25,390.8800048828125,392.0299987792969,61.11745232003416,50.92913333156414,48.416129176380835,43.604012645910146,41.41561506922857
CHTR,2023-01-25,406.1000061035156,387.0299987792969,403.760009765625,61.50635934334876,50.924526491185226,48.632752574564684,43.73978563422348,41.50626872611563
CHTR,2023-01-26,412.6499938964844,401.4200134277344,410.3900146484375,61.60443847803746,50.52656488931535,48.61244979255226,43.772748606438824,41.48265351352253
CHTR,2023-01-27,410.94000244140625,393.92999267578125,394.4100036621094,62.49045448969377,51.23500984403419,48.75794368172844,43.99745204686511,41.63730462177577
CHTR,2023-01-30,395.760009765625,387.8500061035156,390.94000244140625,32.26670677559756,50.88525970272612,48.614092937315014,43.717383419018645,41.62603424945915
CHTR,2023-01-31,393.010009765625,381.94000244140625,384.30999755859375,29.098046145960595,50.67155547460397,48.63521415852137,43.52749648037889,41.318911501835984
CHTR,2023-02-01,401.510009765625,380.2799987792969,398.67999267578125,28.477457091642755,51.12660831084944,48.92013595496016,43.72488065978995,41.49211799101688
CHTR,2023-02-02,415.2900085449219,399.75,412.25,29.30158794662206,51.476401356898684,49.0490476858405,43.8701223652728,41.633250260254556
CHTR,2023-02-03,408.9800109863281,402.3800048828125,406.29998779296875,30.14597217564158,51.55487414310568,49.10402469026535,43.83942198592436,41.64763047890184
CHTR,2023-02-06,407.4700012207031,399.6000061035156,404.5899963378906,29.073024707692795,51.57115957219409,48.46885816957043,43.83763268879986,41.60738092599512
CHTR,2023-02-07,404.70001220703125,394.7900085449219,402.6099853515625,29.30063817718166,51.48854256223518,48.46966284753575,43.818596499109866,41.60857827861657
CHTR,2023-02-08,406.0899963378906,399.82000732421875,403.29998779296875,28.490612810613786,49.83666559059284,48.31197179044652,43.80271362140199,41.607334373569465
CHTR,2023-02-09,412.8800048828125,393.0799865722656,393.7699890136719,29.692337089860132,48.800812637967915,48.46604449475436,43.870180126681404,41.666768817474114
CHTR,2023-02-10,399.3900146484375,390.0199890136719,396.94000244140625,29.625557342710184,48.70066424523261,48.42108578315918,43.859186634264915,41.66382246953558
CHTR,2023-02-13,402.75,395.0299987792969,400.1300048828125,29.346945893921905,48.67687244048422,48.25923774064359,43.81538837222304,41.6584198809972
CHTR,2023-02-14,403.8900146484375,392.8800048828125,400.1300048828125,29.354335328381538,48.64486517382958,48.04034632805096,43.65141302108438,41.65853875370521
CHTR,2023-02-15,404.9200134277344,394.7099914550781,403.6099853515625,29.36422367471121,48.603384440096534,47.18204964342111,43.62957757565528,41.66552064302354
CHTR,2023-02-16,404.19000244140625,394.4100036621094,400.3699951171875,28.174923722070943,48.31578951264144,46.78559054879777,43.63350257291697,41.66842409887976
CHTR,2023-02-17,401.04998779296875,390.510009765625,395.6199951171875,28.088011367089305,48.283572841839685,46.11123152909955,43.57533839198246,41.68071323573082
CHTR,2023-02-21,386.54998779296875,377.80999755859375,377.9100036621094,31.09265646128444,48.3925697247624,46.74597684918673,43.884609661005676,41.87686189409756
CHTR,2023-02-22,385.3800048828125,375.67999267578125,382.6499938964844,31.261577955673904,48.397006816931345,46.263711562825435,43.88862939485095,41.901217565365535
CHTR,2023-02-23,384.80999755859375,377.6499938964844,383.2300109863281,30.753472983543706,48.39847870700659,46.036694315890266,43.86809493297861,41.9024725248987
CHTR,2023-02-24,378.29998779296875,373.25,374.80999755859375,31.32222227010515,48.52009466513869,45.91514121675584,43.93630154684522,41.75115422791368
CHTR,2023-02-27,381.1499938964844,373.1300048828125,375.04998779296875,30.81698491648781,48.51776295471081,45.14715158834947,43.911703981329865,41.648060918841544
CHTR,2023-02-28,377.7900085449219,362.5299987792969,367.6099853515625,31.188168417663398,48.56571845177068,45.111777065384004,43.9500339523117,41.60385145205518
CHTR,2023-03-01,371.3599853515625,360.1000061035156,362.5400085449219,31.377976531020497,48.62915234230691,45.17421615750179,43.93674719133237,41.61985852974414
CHTR,2023-03-02,364.54998779296875,359.4800109863281,363.0899963378906,31.08757506870164,48.586126603926424,45.08918539135422,43.66653117423457,41.609791477923544
CHTR,2023-03-03,370.989990234375,365.6600036621094,369.9800109863281,31.57752007296383,48.700815016165,44.78065742241899,43.72779442876855,41.47829451167158
CHTR,2023-03-06,373.1400146484375,367.2200012207031,369.1099853515625,30.105110903589704,47.87069415646633,44.70564799177533,43.72319082780078,41.45290901161417
CHTR,2023-03-07,369.2799987792969,354.3800048828125,357.8500061035156,31.21560248879446,48.237250664869634,44.69659240657286,42.90757877234368,41.50977605753689
CHTR,2023-03-08,360.6700134277344,351.4200134277344,353.8699951171875,31.237447571220216,48.28424640199712,44.72207893910499,42.26589293734863,41.50290468257246
CHTR,2023-03-09,352.9599914550781,342.79998779296875,343.010009765625,30.62734986932853,48.53529418944178,43.945668446363506,42.40109179177642,41.60282931478062
CHTR,2023-03-10,342.2699890136719,327.1700134277344,329.489990234375,31.51011608455374,49.10434327829071,44.39917259718397,42.53834223098088,41.757261688741956
CHTR,2023-03-13,340.5199890136719,322.8800048828125,335.260009765625,30.743544309480438,49.028893859623594,44.29844669634708,42.55089461481717,41.79087029579942
CHTR,2023-03-14,340.8800048828125,333.8699951171875,336.1400146484375,30.812045209209813,32.46273074575333,44.2784268031258,42.49338374855526,41.7923730636488
CHTR,2023-03-15,345.80999755859375,329.1000061035156,341.94000244140625,31.2399267805043,31.130005031101632,44.30823287288509,42.54896544780514,41.812105567920746
CHTR,2023-03-16,350.69000244140625,337.29998779296875,346.45001220703125,29.260259073681596,30.629522387407697,44.324325908879956,42.55103557535811,41.833026195473764
CHTR,2023-03-17,352.9800109863281,338.9599914550781,350.010009765625,27.338940414658264,30.67248371839743,44.339503923477494,42.529785671751355,41.8447360793225
CHTR,2023-03-20,354.989990234375,347.5400085449219,348.75,27.206621887422,30.650095697257097,44.234661906264854,42.507932171212,41.82887291116588
CHTR,2023-03-21,355.42999267578125,350.0899963378906,352.2900085449219,27.560696644962984,29.75963787579679,44.03739852678298,42.4029525207984,41.84614546783137
CHTR,2023-03-22,355.9200134277344,341.5799865722656,341.8299865722656,28.53708621454484,30.425974306320413,44.291556245473664,42.53496225279759,41.90138247028115
CHTR,2023-03-23,348.70001220703125,338.0199890136719,342.1700134277344,28.52216794873511,29.792995809193023,44.03409677451936,42.48103701380989,41.865269802286576
CHTR,2023-03-24,346.3699951171875,335.79998779296875,343.95001220703125,28.13217298021376,29.79817468919226,43.6586977726792,42.46672139188881,41.8031283578405
CHTR,2023-03-27,349.8699951171875,344.9200134277344,348.3599853515625,28.34734897040977,29.899536817277312,43.710287911866054,42.50003859352312,41.828821019064755
CHTR,2023-03-28,351.3800048828125,343.7699890136719,345.5400085449219,28.121006784081864,29.691757663201784,43.484062418514924,42.43678572550136,41.833488720887814
CHTR,2023-03-29,351.760009765625,345.70001220703125,349.7099914550781,28.51441377902098,29.78802103883779,43.30435087126546,42.280919123244836,41.83197176424327
CHTR,2023-03-30,354.0,347.6000061035156,349.04998779296875,28.254432346980785,29.75824720377829,43.28285003712773,42.27870348787217,41.80714483243465
CHTR,2023-03-31,358.2200012207031,349.75,357.6099853515625,29.458800495804795,29.264359758375534,43.402887861755325,42.378020752037834,41.888613799686645
CHTR,2023-04-03,358.9800109863281,351.8399963378906,356.2099914550781,29.35705620992124,28.95780346344142,43.36166385486992,42.32408349604751,41.67382185476369
CHTR,2023-04-04,354.0299987792969,340.4800109863281,348.1199951171875,27.162505193588103,29.09217139160304,43.511036047178294,42.39714497512856,41.61213683130839
CHTR,2023-04-05,355.989990234375,342.95001220703125,353.1199951171875,27.254682636757817,29.25743722822116,43.51742828996294,42.370400521792035,41.6428008891178
CHTR,2023-04-06,354.6700134277344,349.3399963378906,350.2699890136719,27.268697113912964,28.972194855285792,42.294381563325814,42.37621412153701,41.64079743797199
CHTR,2023-04-10,354.260009765625,345.6000061035156,353.8900146484375,26.90263388291608,28.97579777959397,41.37063302186496,42.32466647564318,41.64684471394822
CHTR,2023-04-11,359.760009765625,353.42999267578125,358.5199890136719,27.240907363256074,28.840287581232214,41.35242245395198,42.334382948237625,41.649539792229575
CHTR,2023-04-12,361.95001220703125,340.54998779296875,343.2799987792969,29.384437257948175,30.043943283154466,41.85757206474195,42.59767007056045,41.8431418078282
CHTR,2023-04-13,351.45001220703125,343.2900085449219,347.6300048828125,29.47774760079816,30.192054070468643,41.90105589278946,42.63137764288951,41.86398178276662
CHTR,2023-04-14,347.1499938964844,337.3500061035156,341.5,29.840670817828325,30.212573317480263,41.94970557352277,42.66999609451894,41.85728617694051
CHTR,2023-04-17,346.3500061035156,339.8900146484375,346.19000244140625,29.563778262612644,30.33660153955436,41.822557849091076,41.4402314510171,41.806397321715686
CHTR,2023-04-18,351.82000732421875,339.7799987792969,343.32000732421875,29.616810469722367,29.607850287116698,41.78268435365863,41.44094224353314,41.797445518434266
CHTR,2023-04-19,345.1499938964844,339.3500061035156,343.6700134277344,28.360236561976926,29.612905460023843,41.167696785767035,41.41868944260023,41.621907730761706
CHTR,2023-04-20,340.75,333.1000061035156,336.0,28.89046942187307,29.861311421118092,41.25176698961833,41.371405886720325,41.41373190108252
CHTR,2023-04-21,338.4200134277344,332.0899963378906,332.7099914550781,27.63570736429184,29.13714228023676,41.27252430331448,41.1830093172714,41.24682821418799
CHTR,2023-04-24,333.30999755859375,325.4599914550781,330.8299865722656,25.072766997166195,28.855179132189306,41.225488702215905,41.131944799239555,41.137036663610125
CHTR,2023-04-25,329.489990234375,323.69000244140625,323.94000244140625,25.250254150393896,28.100630805265624,41.33758313911001,41.17899008727191,41.16139200887731
CHTR,2023-04-26,325.1000061035156,318.739990234375,320.6300048828125,25.3593701412131,28.114270848814872,41.26669617121751,41.18742704092859,41.16442788544486
CHTR,2023-04-27,345.1000061035156,326.5,342.75,31.794076704626995,31.411338493073814,42.67861087863586,41.890015074982045,41.54932935337064
CHTR,2023-04-28,371.5199890136719,341.0899963378906,368.70001220703125,38.04708928184418,34.082065703018685,44.249995726407455,42.71744163273256,42.199889191605216
CHTR,2023-05-01,374.4200134277344,365.1300048828125,366.510009765625,38.034976883328376,33.31302929175072,44.21711111823824,42.70815419251418,41.98726861274464
CHTR,2023-05-02,366.05999755859375,353.739990234375,357.2300109863281,38.82211824330534,33.56895850639117,43.8576236171567,42.68651238368551,41.41335869526009
CHTR,2023-05-03,363.7799987792969,353.1300048828125,356.8999938964844,38.724024692247056,33.5670595879444,43.82623473892654,42.67737560769976,41.40087363174418
CHTR,2023-05-04,358.1600036621094,346.9599914550781,348.7799987792969,38.287681519855326,33.83600489289854,43.97164185287888,42.74667600629162,41.432248110650036
CHTR,2023-05-05,353.9599914550781,347.1099853515625,350.8500061035156,38.317870263614914,33.8687509883831,43.89739952818737,42.5501152159438,41.09761604897251
CHTR,2023-05-08,353.2799987792969,346.30999755859375,350.5,38.2987378352841,33.569048714520015,43.86305980285267,42.51730752419498,41.05629122255963
CHTR,2023-05-09,348.0,337.7200012207031,339.0,39.34820263138828,34.11148962297222,44.015973020607696,42.677769676021796,41.17342378395097
CHTR,2023-05-10,341.44000244140625,334.6499938964844,339.94000244140625,39.30117098438926,34.05861246904882,33.581289426647835,42.48740006125028,41.16396892534496
CHTR,2023-05-11,342.0899963378906,336.8299865722656,341.7099914550781,39.161759452984604,34.092919507189265,32.73866394153492,42.4644942608737,41.15418674329934
CHTR,2023-05-12,341.989990234375,334.19000244140625,338.0899963378906,39.26567145341822,34.04944418503965,32.47761841632546,42.47415436519153,40.947366896765715
CHTR,2023-05-15,343.29998779296875,337.3299865722656,343.239990234375,38.84226565805086,34.23177645464858,32.55151672093861,42.431994757829294,40.8008407371581
CHTR,2023-05-16,344.1099853515625,335.2200012207031,335.3399963378906,39.35495687677134,34.44283407760836,32.747994518292394,42.379827030942785,40.835005213052334
CHTR,2023-05-17,340.94000244140625,333.67999267578125,338.5400085449219,38.97553733090681,33.33785204627499,32.2260095588764,42.35406376608731,40.818147521293746
CHTR,2023-05-18,344.5299987792969,333.8599853515625,343.6099853515625,38.99639103989764,33.385418230685616,32.28566803522138,42.32872088017347,40.80067232165997
CHTR,2023-05-19,346.6700134277344,339.55999755859375,340.3999938964844,39.01870865470733,33.41401156860569,31.96372395530759,42.32802104546099,40.80648540292847
CHTR,2023-05-22,344.760009765625,340.7099914550781,341.489990234375,38.89527880798698,33.16142714610118,31.962037307778424,42.26717702846043,40.79115174410005
CHTR,2023-05-23,343.0,336.3500061035156,336.44000244140625,38.851394428630485,33.270284261094126,32.05162284354335,42.14092593265301,40.799616399709
CHTR,2023-05-24,336.2799987792969,330.3900146484375,331.239990234375,37.075118841080936,33.17835433492981,31.992863620005018,42.078485094270725,40.812387892755766
CHTR,2023-05-25,334.1700134277344,319.6199951171875,319.6600036621094,38.13313044016302,33.80973823051653,32.48104322901448,42.238846481520724,40.93502764504909
CHTR,2023-05-26,330.92999267578125,315.0199890136719,330.25,39.192675486471124,34.543483684878936,32.883171225923455,42.388274646049304,41.03216379442434
CHTR,2023-05-30,336.6499938964844,329.5299987792969,333.3399963378906,39.07097881064169,34.35868494477053,32.410044103493426,42.29378758665786,40.918553840651136
CHTR,2023-05-31,333.6199951171875,325.510009765625,326.1499938964844,39.47602890298505,34.60395842293829,32.400105973524084,42.36365047994152,40.937798737136404
CHTR,2023-06-01,330.32000732421875,319.07000732421875,328.0199890136719,39.52770419541134,34.107788210460576,32.285584180645735,41.9827540647453,40.94250463822694
CHTR,2023-06-02,334.9200134277344,324.20001220703125,329.32000732421875,39.04682221472588,34.06434526134664,32.29566190168688,41.984377695037274,40.89034315649816
CHTR,2023-06-05,336.1199951171875,330.3800048828125,334.9100036621094,39.267057008269376,33.678724485675524,32.24498724102846,41.946110211568595,40.92545885103876
CHTR,2023-06-06,336.2900085449219,325.2699890136719,329.0,39.58147499165561,32.85010707695891,32.30233390645348,41.99113186496262,40.93740861678742
CHTR,2023-06-07,337.4599914550781,328.5799865722656,336.7099914550781,39.63065675119441,33.00247920014613,32.384912902488196,42.05394636071227,40.99585841844784
CHTR,2023-06-08,337.8699951171875,329.9800109863281,336.17999267578125,39.49014944107269,32.99983889555471,32.35199370056389,41.953427433270456,40.99472391825832
CHTR,2023-06-09,334.5799865722656,325.5899963378906,328.4800109863281,34.93757204511103,33.14019020424513,32.534589606959415,41.91552116227854,41.03266460675082
CHTR,2023-06-12,337.5,328.54998779296875,335.29998779296875,27.8137669018355,33.30708247541558,32.63205438794566,41.47103632787413,41.07936583557852
CHTR,2023-06-13,340.5400085449219,334.3900146484375,335.2699890136719,27.814572954611165,33.23164278159773,32.61105668190552,41.22970830849807,41.05033707802889
CHTR,2023-06-14,341.3500061035156,334.44000244140625,335.25,26.977889958950534,33.2264205455025,32.20866374415071,40.80715599216128,40.84257669627371
CHTR,2023-06-15,345.4100036621094,332.2699890136719,342.8500061035156,27.899937688098177,33.49157458817892,32.43426681855798,40.88898691754243,40.9084552612646
CHTR,2023-06-16,344.989990234375,340.9100036621094,341.239990234375,27.158703533776592,32.92949297883695,32.408901178082594,40.54784773299633,40.906345963183774
CHTR,2023-06-20,339.20001220703125,328.5299987792969,331.8599853515625,28.186460944975067,33.41897346249111,32.29703379829486,40.558174308923256,40.26407061030104
CHTR,2023-06-21,333.6700134277344,327.0199890136719,328.7799987792969,28.267652857067638,33.4456172477597,32.18439153041873,40.41395550065693,39.77276612468192
CHTR,2023-06-22,330.17999267578125,324.69000244140625,325.9100036621094,26.765507257278205,33.36539412571329,31.63681995495984,39.91714638081281,39.769734585419585
CHTR,2023-06-23,328.8800048828125,322.25,326.2799987792969,26.74803500941671,33.33616981137593,31.62082386220745,39.80284620301532,39.688044984016265
CHTR,2023-06-26,338.25,327.0199890136719,336.8800048828125,28.394001237448013,33.91398642783056,31.97423015814535,39.981848200041306,39.792947576793416
CHTR,2023-06-27,357.1199951171875,337.7900085449219,353.8399963378906,31.632095513614384,35.41065013899104,32.407608674309685,40.350901570764854,40.06719450569572
CHTR,2023-06-28,360.92999267578125,352.4700012207031,359.3900146484375,31.64900275215579,35.203737142005046,32.042667769981605,40.15663222059555,40.09999913181359
CHTR,2023-06-29,363.4100036621094,358.8999938964844,362.67999267578125,30.823553208115655,35.24173186827532,32.015248169703376,40.11491935809049,40.084759547693686
CHTR,2023-06-30,369.7799987792969,364.0899963378906,367.3699951171875,30.90379825067763,34.99510557531783,32.087975011508895,39.9566347280386,40.077588782258786
CHTR,2023-07-03,369.8299865722656,364.4800109863281,368.20001220703125,30.688678023848382,34.88561327796754,32.085728802712424,39.94584420946603,40.063707770543516
CHTR,2023-07-05,375.4700012207031,362.19000244140625,367.6499938964844,30.51219480270782,34.84066638142661,32.08313802754251,39.27973819143453,39.97153027292522
CHTR,2023-07-06,372.04998779296875,362.1300048828125,371.7699890136719,30.613217895179208,34.85112579158952,31.926027676729557,39.28524695484027,39.989834752801784
CHTR,2023-07-07,378.3399963378906,369.04998779296875,371.94000244140625,30.16054734640686,34.75861967826597,31.89677424635777,39.1741587446525,39.94415297103432
CHTR,2023-07-10,382.0299987792969,370.8599853515625,372.5400085449219,29.630322439107637,33.524314887204035,31.86875220803273,39.159099233723275,39.92560741567807
CHTR,2023-07-11,382.9599914550781,372.7900085449219,380.2300109863281,27.513170163420725,33.67463393120849,32.04497774625015,39.19472784883881,39.981187170818586
CHTR,2023-07-12,387.6300048828125,380.94000244140625,382.7200012207031,26.317382553239327,33.44782593981455,32.03123168723741,39.183355318685386,39.93009305606605
CHTR,2023-07-13,384.8299865722656,379.82000732421875,383.6199951171875,26.293644029688966,33.35846577649691,32.01157113191459,39.17711678584767,39.79696072082148
CHTR,2023-07-14,381.70001220703125,374.8599853515625,375.4700012207031,26.264765701376348,33.63512644808216,32.13443569515116,39.19883579751238,39.84823130522736
CHTR,2023-07-17,377.45001220703125,370.0899963378906,374.80999755859375,26.32876678948659,33.64161383013936,31.30477810477294,39.06192127960622,39.841191848768204
CHTR,2023-07-18,388.3900146484375,373.0400085449219,387.05999755859375,27.52506414257349,33.84205416003767,31.6598442756466,39.23556217180809,39.939992740098695
CHTR,2023-07-19,394.17999267578125,387.07000732421875,388.57000732421875,27.31210964961023,33.74753645870494,31.664774214432732,39.08519887988658,39.9400620175109
CHTR,2023-07-20,397.7799987792969,388.57000732421875,395.45001220703125,26.666743454995828,33.84032495894096,31.579312167885888,38.911325288809266,39.93467308840159
CHTR,2023-07-21,401.0400085449219,393.260009765625,394.4700012207031,26.27640435450729,33.48955432976244,31.582937624137337,38.912038836318956,39.93481085068309
CHTR,2023-07-24,403.94000244140625,393.8399963378906,399.42999267578125,26.273993020769343,33.42095137497779,31.466355374199363,38.776920608491935,39.90492473667962
CHTR,2023-07-25,404.8800048828125,397.8800048828125,398.7099914550781,24.925721417118492,30.742423337561736,31.380840418158705,38.63150711557072,39.88183589806618
CHTR,2023-07-26,403.0400085449219,391.20001220703125,394.57000732421875,25.02127393446919,27.115645236083257,31.43269291371996,38.63812904745827,39.87179804942427
CHTR,2023-07-27,409.6199951171875,399.9599914550781,400.989990234375,25.152201834138744,27.246788851197053,31.396826758537564,38.65307432811769,39.9075635323521
CHTR,2023-07-28,411.8800048828125,388.42999267578125,396.79998779296875,25.54868762362223,26.77510819414411,31.444319718046753,38.64977306556903,39.91551016206971
CHTR,2023-07-31,405.67999267578125,399.04998779296875,405.19000244140625,25.466932478923187,27.054792816153437,31.190714537256138,38.72237615825753,38.98610747355909
CHTR,2023-08-01,414.8500061035156,401.3299865722656,411.2300109863281,25.410366262770562,26.661609481833942,31.199911224547115,38.72026042512614,39.00742816068436
CHTR,2023-08-02,423.7200012207031,415.0,419.07000732421875,23.501065577461123,26.859234082670554,30.87582026097425,38.037479607483014,39.03298047497385
CHTR,2023-08-03,429.2200012207031,416.6400146484375,422.7799987792969,22.935249407915155,26.872725091436784,30.141657528622705,37.489673113539304,38.957727067980194
CHTR,2023-08-04,425.0799865722656,417.6400146484375,418.8599853515625,22.971357555616454,25.913011331593882,30.104173271206154,37.45148474414546,38.828856316266226
CHTR,2023-08-07,423.05999755859375,415.4800109863281,419.42999267578125,22.96528817679388,25.916377450039057,30.10441788171913,37.43063407811643,38.79493623257718
CHTR,2023-08-08,421.9599914550781,416.3599853515625,419.7799987792969,21.934831468851097,25.919625206042696,30.01017386653535,37.416942655277815,38.78678329680811
CHTR,2023-08-09,423.79998779296875,418.5799865722656,419.95001220703125,18.075338754098695,25.76166762829393,29.9587900445072,37.387963060611675,38.78592147062607
CHTR,2023-08-10,429.92999267578125,423.79998779296875,428.2900085449219,18.307232772496256,25.865042894056117,30.06267982863478,37.32150664936188,38.75730898071785
CHTR,2023-08-11,430.3800048828125,424.70001220703125,427.94000244140625,18.379363929516117,25.267185500297057,30.052655712890626,37.278045316588056,38.69152676714156
CHTR,2023-08-14,429.989990234375,424.29998779296875,427.2799987792969,18.3536904802483,25.267092612624552,30.03006543567906,36.9253008861458,38.68369448265746
CHTR,2023-08-15,429.4599914550781,424.05999755859375,428.0799865722656,18.3591131698257,25.16593256098289,29.58652909788943,36.90031728675003,38.59881684747082
CHTR,2023-08-16,431.32000732421875,425.4700012207031,426.7699890136719,18.41310398769335,25.05905323805081,29.597928916159066,36.902623999096484,38.59454692027386
CHTR,2023-08-17,431.3699951171875,424.5,424.8299865722656,18.517640076581458,25.116916190475052,29.613382214298255,36.86409876699306,38.594115448224095
CHTR,2023-08-18,426.69000244140625,418.8900146484375,420.4700012207031,18.976890112756326,24.98968826470673,29.62892701128602,36.88603365389551,38.43247090902837
CHTR,2023-08-21,424.4700012207031,416.760009765625,420.0799865722656,19.01991698537518,24.68512488436939,29.589032106613033,36.84320668525705,38.402144032741106
CHTR,2023-08-22,423.04998779296875,411.70001220703125,413.3800048828125,19.221980622591765,23.652485880735163,29.6819646551765,36.888354885355724,38.42697539265068
CHTR,2023-08-23,417.510009765625,411.54998779296875,415.2799987792969,19.1973665386521,22.90549144478602,29.679984051091445,36.87735444321761,38.26575406877027
CHTR,2023-08-24,419.6700134277344,411.3599853515625,411.989990234375,19.445379143095046,23.00171961659985,29.49835825246623,36.85876211010584,38.24560716138888
CHTR,2023-08-25,418.57000732421875,413.0,416.7799987792969,18.244164463623903,22.44152883374351,29.529409465366818,36.50578952662726,38.25800319082252
CHTR,2023-08-28,432.239990234375,417.70001220703125,432.0,20.433197624145173,23.36664916238,29.76092283552128,36.726850913341124,38.365903991118486
CHTR,2023-08-29,452.25,432.0,451.1000061035156,21.92702403796066,24.67321155891837,30.41016795970455,37.06787595788032,38.494707546259086
CHTR,2023-08-30,451.69000244140625,438.489990234375,439.510009765625,23.71276373061198,25.36723401955247,30.700239142273883,37.15904085451447,38.54263117743958
CHTR,2023-08-31,441.9700012207031,435.8800048828125,438.1199951171875,23.45083776403538,24.99139345566393,30.685127239468287,37.14575681209104,38.48405707482046
CHTR,2023-09-01,433.260009765625,420.0,422.32000732421875,26.14512764232954,26.09872374834251,31.247266316440243,37.32733224810898,38.65422112220454
CHTR,2023-09-05,422.32000732421875,408.32000732421875,408.989990234375,27.771330777594255,27.09515631742841,30.879863824459797,30.881186684837296,38.743206470260446
CHTR,2023-09-06,423.30999755859375,407.57000732421875,419.9800109863281,28.737764211848173,26.93737287533238,31.08273676507245,30.499440647366395,38.70246690699311
CHTR,2023-09-07,422.2699890136719,413.9100036621094,416.9800109863281,28.632895000864682,26.812887339661394,30.957013048749115,30.32186816109716,38.62580752506828
CHTR,2023-09-08,423.1700134277344,416.3900146484375,422.4200134277344,28.509536585223156,26.86883509861878,30.950706227406773,30.349881341893624,38.62263978628591
CHTR,2023-09-11,439.5400085449219,423.82000732421875,435.8399963378906,29.505000311350372,27.435464856320735,31.251700730947146,30.53410658550347,38.71015170920604
CHTR,2023-09-12,441.05999755859375,434.8299865722656,436.6099853515625,29.01937982681367,27.180627524996385,31.251094301324713,30.226844299004302,38.631801634420334
CHTR,2023-09-13,439.5799865722656,427.6400146484375,439.3999938964844,28.810854335472524,27.123299840823513,30.99929657953956,30.223046677416875,38.63645198566061
CHTR,2023-09-14,450.20001220703125,436.7699890136719,449.3699951171875,29.007187394817496,26.534521998379248,31.09070066726611,30.129383946035837,38.37651052369962
CHTR,2023-09-15,452.4200134277344,445.30999755859375,447.95001220703125,28.982157449809332,26.421770091030837,31.075470855429455,30.12886621685014,38.374813146202555
CHTR,2023-09-18,456.8999938964844,450.1700134277344,455.7300109863281,29.107739207124396,26.373595091051342,30.91407672498243,30.182885348474276,38.3312641156998
CHTR,2023-09-19,457.6600036621094,444.80999755859375,449.67999267578125,29.481997877890727,26.644164683918987,30.95281316696329,30.159957002942146,38.35569332998152
CHTR,2023-09-20,454.8399963378906,448.1600036621094,448.1700134277344,29.525468100417374,26.114860064157636,29.255623670020576,30.16533792052865,38.32740416407083
CHTR,2023-09-21,451.989990234375,446.2900085449219,446.82000732421875,29.55999292417648,24.465923781257583,27.008297706204083,30.162383785669277,38.242103435378866
CHTR,2023-09-22,456.9200134277344,444.7300109863281,445.2099914550781,29.122417761166027,24.390561162695352,26.99343093331146,29.891910728351732,38.137547193547746
CHTR,2023-09-25,444.4100036621094,435.5799865722656,440.0199890136719,29.36169147930193,24.56154324084604,26.720321339509777,29.840755869602763,37.73600426122309
CHTR,2023-09-26,437.6600036621094,426.010009765625,428.7200012207031,30.37974074067844,25.194202429642505,27.086616956431044,29.949645562322097,37.63515595912094
CHTR,2023-09-27,435.1700134277344,428.19000244140625,433.4200134277344,30.537559430652,25.25180336655806,26.828529279739083,29.97188139192495,37.30574089679909
CHTR,2023-09-28,445.3999938964844,432.1700134277344,444.4800109863281,31.345749859896344,25.65097193206724,27.07052510323475,30.023708644133933,37.381622876575584
CHTR,2023-09-29,447.4200134277344,437.04998779296875,439.82000732421875,31.491434588891277,25.74755191085175,27.142979508042984,30.03461902628738,37.141752880663894
CHTR,2023-10-02,446.0299987792969,435.0,438.5,31.33089309130283,25.770789394131015,26.54994647453294,29.96482381555145,37.03743434224245
CHTR,2023-10-03,440.4100036621094,430.3999938964844,432.1700134277344,31.66539416063823,26.012564800026354,26.688538294989456,30.007195070626363,36.93817472376335
CHTR,2023-10-04,436.70001220703125,429.1199951171875,432.8399963378906,31.2513325283076,25.742244485859338,26.68510099982489,30.007214830161278,36.554776876514325
CHTR,2023-10-05,434.5799865722656,428.3399963378906,431.7799987792969,31.258164827263922,25.74295005904443,26.614969179000504,29.937576505607243,36.47500792870724
CHTR,2023-10-06,435.6499938964844,425.42999267578125,431.1600036621094,31.147403591261718,25.752512801678655,26.543988313620115,29.931633532685005,36.475688436908946
CHTR,2023-10-09,444.19000244140625,429.1700134277344,442.4200134277344,31.81149234100037,25.737803378134522,26.48378424293196,29.870094148985523,36.51711853183536
CHTR,2023-10-10,445.67999267578125,438.6300048828125,444.7200012207031,30.172905278334355,25.72535810312187,26.464746824751746,29.874801715485393,36.32838113936426
CHTR,2023-10-11,450.1000061035156,444.6499938964844,449.82000732421875,27.59477653063001,25.05829970104909,26.430013423154797,29.874260117333577,36.30273380606518
CHTR,2023-10-12,451.9100036621094,445.3800048828125,447.67999267578125,26.52578851891654,25.100638262082665,26.38642792927235,29.685007929942465,36.15814598540379
CHTR,2023-10-13,451.8999938964844,445.3399963378906,449.2699890136719,26.513977001281663,24.90192779515117,26.386639591478193,29.6282829394448,36.14886264540945
CHTR,2023-10-16,458.29998779296875,453.92999267578125,454.45001220703125,24.154478037909712,24.95564982529381,26.269595286659275,29.2668459506701,35.647806552477526
CHTR,2023-10-17,457.7200012207031,447.95001220703125,452.67999267578125,21.934241496700132,24.897373399835136,26.12434782709115,29.249820888748385,35.639137231258715
CHTR,2023-10-18,454.8699951171875,448.0199890136719,448.32000732421875,21.110144272554038,25.001993543251462,25.462564290572143,29.198924920483222,35.57261049013014
CHTR,2023-10-19,449.69000244140625,435.82000732421875,435.8699951171875,22.732385213956256,25.633181422296904,25.51500725290779,29.086184232938546,35.68049610182622
CHTR,2023-10-20,439.1099853515625,429.1099853515625,429.6499938964844,22.912120813823556,25.65968052532982,25.63727256413898,28.872670103606,35.68655153222302
CHTR,2023-10-23,435.5,421.4800109863281,430.2699890136719,20.988206100964916,25.544463357324744,25.339258459434173,28.819463627620102,35.67376945434352
CHTR,2023-10-24,435.0199890136719,428.6199951171875,431.17999267578125,20.991604988952762,25.217608182095454,25.33504918946623,28.815169735794903,35.66909335741602
CHTR,2023-10-25,430.57000732421875,420.8999938964844,423.7300109863281,21.45116938156991,25.331094592765087,25.535455588221982,28.885363156580684,35.66597014070139
CHTR,2023-10-26,416.6000061035156,397.7300109863281,411.7099914550781,21.67949083301977,25.733574298504813,25.9085102763848,29.08870377757217,35.68336020696039
CHTR,2023-10-27,395.5400085449219,369.07000732421875,372.0,35.850431816551016,32.967376454161176,30.529408386693756,31.348144312264132,37.11127357565402
CHTR,2023-10-30,394.6000061035156,370.3599853515625,389.79998779296875,38.452230350098425,34.41548999073923,31.18299224493894,31.82426399847136,37.285650951135565
CHTR,2023-10-31,405.4700012207031,390.3399963378906,402.79998779296875,39.902370732494255,35.11169590446025,31.57289822353018,32.047712730857555,37.25746938230866
CHTR,2023-11-01,411.7300109863281,400.9200134277344,406.510009765625,40.07566059220401,35.16848632603697,31.33813652465762,32.06591949018006,37.26730729228155
CHTR,2023-11-02,414.5799865722656,407.9200134277344,412.6199951171875,40.420450836802196,35.31055457091507,31.266560534967823,32.09800970156912,37.175623305310616
CHTR,2023-11-03,424.8699951171875,415.1000061035156,420.1099853515625,40.85846926598812,35.27175589623327,31.366259553089606,32.15245949415997,37.10751364504121
CHTR,2023-11-06,422.92999267578125,413.1000061035156,415.70001220703125,40.835445736642825,35.33397537659882,31.430140666508628,32.14548928297645,37.112774724832626
CHTR,2023-11-07,416.8599853515625,412.3699951171875,412.9800109863281,40.221565689754094,35.35538619232352,31.29088361400275,31.685744890079498,37.098866079658855
CHTR,2023-11-08,416.80999755859375,410.3500061035156,413.4800109863281,40.06493059205158,35.35369991759143,31.27336196262479,31.653847706391293,37.07923103754341
CHTR,2023-11-09,415.70001220703125,403.7300109863281,404.4599914550781,39.66028480062298,35.62395886012671,31.14568338176008,31.7651512505972,37.14699931447265
CHTR,2023-11-10,409.8599853515625,401.9700012207031,409.80999755859375,39.86991589717191,35.73073195497596,31.142332888485036,31.68771845351407,37.1413054771436
CHTR,2023-11-13,409.4800109863281,403.8500061035156,406.4100036621094,39.90731759390124,35.70998913251454,31.138496279980632,31.7049184326481,36.595329852376594
CHTR,2023-11-14,420.8999938964844,411.8299865722656,414.8399963378906,40.283066880820456,35.97055348693527,31.273419764962103,31.699297656832808,36.23356107491012
CHTR,2023-11-15,419.05999755859375,413.2799987792969,417.6000061035156,40.341890013805894,35.84350243481927,30.920258665749518,31.659570346908446,36.19869269619418
CHTR,2023-11-16,421.1600036621094,408.7900085449219,412.8500061035156,40.45018253235316,35.90956664486942,30.061121156787436,31.692456883077153,36.201683750161074
CHTR,2023-11-17,417.29998779296875,406.3699951171875,407.70001220703125,40.5769064081716,35.964864162464146,30.058656595485004,31.6576724911006,36.21457501201519
CHTR,2023-11-20,413.75,403.0,413.05999755859375,39.98705236005025,35.987101564591896,30.091427214386492,31.690364211703336,36.216783516634436
CHTR,2023-11-21,410.79998779296875,395.3299865722656,402.4599914550781,40.49860133642524,35.57355335582946,30.3427667689321,31.625811929259086,36.215841283227014
CHTR,2023-11-22,410.0,403.04998779296875,405.2799987792969,40.37897569792985,34.39504961683386,30.35736707004318,31.60312755451024,36.191589365379976
CHTR,2023-11-24,407.4599914550781,405.2200012207031,405.9200134277344,40.40320419170536,34.027290029906545,30.35496206512713,31.374130265241412,35.927354134046254
CHTR,2023-11-27,405.0299987792969,396.1700134277344,396.8399963378906,40.73048050915909,34.30475349292508,30.540173704577832,31.11731478544591,35.97979929486096
CHTR,2023-11-28,404.70001220703125,392.95001220703125,401.2900085449219,40.720172850724275,33.609829237334395,30.585580936967304,31.08009948422426,35.99684554087401
CHTR,2023-11-29,404.239990234375,395.9700012207031,398.8999938964844,40.72351742736507,32.99427339762434,30.60389864775337,31.09041882212642,35.971928393861155
CHTR,2023-11-30,400.7699890136719,394.1700134277344,400.1300048828125,40.74266289874198,32.523387166629725,30.442418849202333,31.0320418249801,35.972592777857024
CHTR,2023-12-01,403.29998779296875,396.1600036621094,401.8699951171875,40.13762543590713,32.512749059468725,30.43339003947525,31.000725193919287,35.9421709697167
CHTR,2023-12-04,407.7699890136719,397.1099853515625,399.1400146484375,40.00630898402967,32.41249139736939,30.453898312105686,30.99355608002027,35.94453807939813
CHTR,2023-12-05,397.3999938964844,359.0199890136719,364.3999938964844,47.503779136381056,36.63917471923616,33.56996026926602,32.83826833397187,37.07079456947622
CHTR,2023-12-06,372.0,360.010009765625,361.9800109863281,47.449009857092975,36.63323063195843,33.584412048572105,32.827337478013824,37.055908267928714
CHTR,2023-12-07,372.0,358.4800109863281,368.6600036621094,47.81806188515378,36.84591231816866,33.313682206824446,32.69805048494036,36.84318651721842
CHTR,2023-12-08,370.8399963378906,363.4700012207031,367.54998779296875,47.26785965523165,36.46487053575787,33.3086102794984,32.700500622149285,36.83068665512466
CHTR,2023-12-11,379.989990234375,370.9100036621094,374.6300048828125,37.53816562714291,36.75350825244493,33.33063778043544,32.77038374412552,36.88015394360931
CHTR,2023-12-12,378.2900085449219,366.6199951171875,367.05999755859375,35.2869312646044,36.679291395272955,33.47844602612826,32.830424263397624,36.89872110811899
CHTR,2023-12-13,381.1600036621094,364.3999938964844,379.3500061035156,35.29788598542895,37.37386535583193,33.83909243278544,33.04101763069497,37.03300789773677
CHTR,2023-12-14,395.0199890136719,380.82000732421875,383.9100036621094,35.383424140949,37.49615587429242,33.89614432665476,33.04078875463596,36.99059246341141
CHTR,2023-12-15,387.32000732421875,375.6099853515625,379.92999267578125,35.09739633594081,37.53053404527904,33.89601919803382,33.06495447855185,32.358551826348084
CHTR,2023-12-18,384.7699890136719,379.4700012207031,383.8900146484375,34.77407894569666,37.6253254796744,33.836763725465815,32.96528313918144,32.026264154660765
CHTR,2023-12-19,387.25,382.6600036621094,386.3599853515625,34.801751466153114,37.61837398667621,33.815196358132006,32.968914771344096,31.905606766167534
CHTR,2023-12-20,391.2799987792969,381.0,381.2200012207031,34.928116750191904,37.36466340998696,33.70643296974937,32.892485295285326,31.936316344784387
CHTR,2023-12-21,386.8800048828125,381.989990234375,383.510009765625,35.00160502572914,37.3059476971961,33.63287809295203,32.85832746091093,31.926823803758747
CHTR,2023-12-22,387.4599914550781,378.5299987792969,382.0899963378906,34.51168947021916,36.87238065980349,33.4889472836289,32.84631858147118,31.708715468382692
CHTR,2023-12-26,391.2699890136719,379.44000244140625,389.5,34.78510653582647,37.099348291050745,33.606316995997474,32.900739252021225,31.754729120999205
CHTR,2023-12-27,393.2099914550781,386.1300048828125,391.5400085449219,34.78222033467458,37.1283811995019,33.59201416163416,32.87211754015301,31.61686754906429
CHTR,2023-12-28,400.07000732421875,391.82000732421875,392.3900146484375,34.18542550546002,37.04298550263322,33.59350601040448,32.45439144742554,31.61465528782623
CHTR,2023-12-29,393.989990234375,387.4700012207031,388.67999267578125,34.157161133244394,37.07194422486209,33.62179934525072,32.44610362995671,31.630340247510734
CHTR,2024-01-02,393.5,385.05999755859375,391.510009765625,34.15659941297174,37.11792445546992,33.64546617031635,32.38129382096929,31.57963238692781
CHTR,2024-01-03,392.82000732421875,384.92999267578125,386.6700134277344,34.15350747787001,37.183887909432514,33.53661116979001,32.38227425561743,31.606426615600647
CHTR,2024-01-04,386.0400085449219,372.4700012207031,375.75,34.71480128422071,37.13164124455932,33.82206290677839,32.550100987034504,31.73321777964863
CHTR,2024-01-05,380.7099914550781,372.0400085449219,372.20001220703125,34.095174937792486,37.11997545018203,33.84704720516601,32.57150323525032,31.549284669884038
CHTR,2024-01-08,379.1700134277344,370.17999267578125,378.8699951171875,34.49931645664146,37.247775457568125,33.97964317677742,32.51986843914923,31.531011241221602
CHTR,2024-01-09,374.9700012207031,364.1000061035156,368.6099853515625,35.2378738630234,37.58600723173114,34.23295250623157,32.66644106871996,31.604779086440406
CHTR,2024-01-10,370.30999755859375,364.989990234375,367.0,34.75810906046157,37.559987904971784,34.23255318847151,32.663332138019705,31.60746991716087
CHTR,2024-01-11,368.239990234375,361.5,367.6199951171875,34.540169297660654,37.448337186140655,34.20656265446247,32.5620650808553,31.5433811474367
CHTR,2024-01-12,369.5799865722656,364.19000244140625,364.8999938964844,34.55389000633733,37.456781292059866,34.220107406709275,32.550308883271846,31.535422651835855
CHTR,2024-01-16,368.54998779296875,357.4100036621094,368.3399963378906,34.69779114904604,37.52814300332732,34.18094795385647,31.60707399105717,31.494861083847315
CHTR,2024-01-17,367.3900146484375,358.07000732421875,359.239990234375,35.215134336633604,37.444437004906604,34.376875350680855,30.54805931961104,31.58233996744434
CHTR,2024-01-18,367.4800109863281,358.5799865722656,364.54998779296875,35.60055211475493,37.5480125768916,34.45546402308328,30.59029034834329,31.617862577866113
CHTR,2024-01-19,372.2099914550781,360.8800048828125,371.1000061035156,24.438791504985144,37.77495301660536,34.52867124216601,30.50999291370931,31.62512187523894
CHTR,2024-01-22,377.79998779296875,370.3500061035156,373.1499938964844,24.378674557106297,37.79893851622306,34.0327335503473,30.516115669385663,31.623992789109206
CHTR,2024-01-23,381.57000732421875,372.9599914550781,378.6400146484375,24.174562996670637,37.82536463002053,33.371654146619974,30.436937307284907,31.508957134967808
CHTR,2024-01-24,383.989990234375,367.75,371.3900146484375,24.856638913120662,37.58724392437912,33.26442259994206,30.519678968951165,31.567123079471898
CHTR,2024-01-25,371.9599914550781,360.82000732421875,369.07000732421875,24.27544309002133,31.346679051774267,33.27157692219528,30.529237096477104,31.55744188265172
CHTR,2024-01-26,380.19000244140625,370.55999755859375,377.07000732421875,24.322783534477487,30.136467699845994,32.993663274052,30.36713471798705,31.49160547208007
CHTR,2024-01-29,381.20001220703125,370.7699890136719,380.8299865722656,22.537827590015677,29.410679779368454,32.66309697741311,30.386145373457584,31.46442443303667
CHTR,2024-01-30,380.3900146484375,376.82000732421875,376.9800109863281,22.441061242233268,29.39384259697617,32.402682650505696,30.407992194392857,31.230603176594148
CHTR,2024-01-31,379.3699951171875,369.95001220703125,370.7099914550781,22.75569144353585,29.36646593995258,32.484374339529055,30.448325128320697,31.262752794275006
CHTR,2024-02-01,383.30999755859375,372.0,382.3399963378906,24.353569554973834,29.852494755719228,32.80607440953218,30.611595116805468,31.370589242835923
CHTR,2024-02-02,345.010009765625,316.5299987792969,319.2099914550781,57.56630415206124,47.265620270333265,43.106158238487176,37.26433728492304,35.994108237087595
CHTR,2024-02-05,317.3800048828125,303.30999755859375,303.6499938964844,58.91492798856589,48.178836167463665,43.73495362836036,37.70655068133425,36.16138299730269
CHTR,2024-02-06,303.92999267578125,288.8399963378906,290.2799987792969,59.743375461051954,48.846457358920915,44.19447378540416,38.02524939049865,36.40194031458094
CHTR,2024-02-07,290.30999755859375,282.5400085449219,283.6700134277344,59.84913228263532,48.86068609930065,44.087646662223214,38.102156731096635,36.46548175579763
CHTR,2024-02-08,288.30999755859375,279.6400146484375,282.6000061035156,59.24447181686726,48.701661423315485,44.08724545577725,38.10024635516528,36.46457101295928
CHTR,2024-02-09,293.3999938964844,285.010009765625,291.1499938964844,60.23847397137979,49.25421166216938,44.290671491037955,38.238440815481646,36.596663495034
CHTR,2024-02-12,302.0299987792969,289.8500061035156,297.9100036621094,60.89715840055722,49.31148595724274,44.48006237390787,38.30058325020836,36.60591451184799
CHTR,2024-02-13,295.29998779296875,290.6000061035156,292.6499938964844,60.94858162662137,49.308720736152104,44.532949149956444,38.12932006758824,36.632400328359054
CHTR,2024-02-14,294.7900085449219,286.5400085449219,287.2799987792969,60.79197232477267,49.3638569681521,44.5898823848602,37.98432798083286,36.66143516756391
CHTR,2024-02-15,296.7099914550781,287.9100036621094,294.1400146484375,61.574944115341715,49.71498805775859,44.81106001299387,38.07523728918044,36.745785718334936
CHTR,2024-02-16,295.3999938964844,291.010009765625,293.0,61.31013106372968,49.566695196904,44.79457859130933,37.99431062130067,36.73332930749886
CHTR,2024-02-20,297.510009765625,289.1199951171875,295.1300048828125,61.473303012319235,49.453991124580924,44.69077044375993,37.99830934547057,36.73681029740345
CHTR,2024-02-21,294.79998779296875,286.8800048828125,287.29998779296875,61.22574096568037,49.58549758539095,44.77829412848309,38.12146235018328,36.811001400611346
CHTR,2024-02-22,297.2799987792969,284.92999267578125,297.0,62.17290747815627,50.204470302116164,44.929494270748116,38.27673493586167,36.69913799168385
CHTR,2024-02-23,302.0,294.1499938964844,299.4200134277344,62.32742984408499,50.14420961680685,44.958298361251,38.23620652475238,36.68574384900866
CHTR,2024-02-26,306.7699890136719,288.1300048828125,292.6400146484375,62.44438598680622,50.17024811491091,45.05969395254579,38.22294943733119,36.75032857037691
CHTR,2024-02-27,296.4100036621094,288.9100036621094,290.0,62.44578271525547,50.17611126767334,45.03559516143031,38.23540814308422,36.69784354909018
CHTR,2024-02-28,290.4599914550781,286.9599914550781,288.3399963378906,62.2406449023746,50.14564901085734,45.027642202692,38.14749209794785,36.70049609189437
CHTR,2024-02-29,294.07000732421875,291.3299865722656,293.92999267578125,62.5189343046886,50.36174208850382,45.178302831339415,38.13723852137445,36.70637507335322
CHTR,2024-03-01,296.3299865722656,289.82000732421875,293.1600036621094,62.20558868109748,50.363372472701876,45.177085397459045,38.13781619125752,36.68359845570615
CHTR,2024-03-04,292.3299865722656,276.69000244140625,279.05999755859375,62.89156594697012,47.99156177629819,45.49417196423652,38.567800979078115,37.00127146221349
CHTR,2024-03-05,285.1400146484375,276.489990234375,280.8500061035156,62.910441956103746,48.040386291037066,45.50119954176639,38.477222445788,36.955248920663806
CHTR,2024-03-06,282.75,270.4100036621094,276.3299865722656,62.5184552974372,47.869870508894344,45.465278743190396,38.516503680777994,36.98601715590929
CHTR,2024-03-07,282.1099853515625,275.2699890136719,282.0,63.08499485769053,48.14502644823091,45.64071763125449,38.46817370535998,36.92627066267636
CHTR,2024-03-08,285.0,279.2699890136719,283.7799987792969,63.24017897376367,47.94941292778114,45.655310040759574,38.46443034323933,36.918973918504136
CHTR,2024-03-11,299.19000244140625,281.25,298.25,64.92327510046901,49.1042143179483,46.396098174265916,38.914390551314945,37.13826116144207
CHTR,2024-03-12,300.0299987792969,291.739990234375,294.70001220703125,64.71322560409551,48.541859393306936,46.412420076788095,38.93757695552416,36.942347068352014
CHTR,2024-03-13,300.0299987792969,294.0899963378906,298.3999938964844,64.99613531074084,48.549486338214315,46.4801826131032,38.7762361314103,36.9219410138869
CHTR,2024-03-14,298.3800048828125,292.7900085449219,297.0,64.94534056105351,48.532327939765004,46.31956764815094,38.32356087176824,36.92306411122846
CHTR,2024-03-15,301.6300048828125,290.6000061035156,290.6499938964844,64.03247394606359,48.56752236360589,46.375708528431524,38.3501598699175,36.94079340904877
CHTR,2024-03-18,301.80999755859375,291.4700012207031,296.17999267578125,38.7641250601453,48.75485094998507,46.50894421454884,38.40419987149333,36.9667142343536
CHTR,2024-03-19,300.0799865722656,293.0899963378906,298.5799865722656,36.148678524750956,48.78473828975374,46.537617575916634,38.38387966287121,36.96099981175763
CHTR,2024-03-20,297.510009765625,290.29998779296875,295.29998779296875,33.78019165036658,48.75958939559458,46.5006136952336,38.39951839300518,36.974498472853114
CHTR,2024-03-21,295.9100036621094,292.5,294.6099853515625,33.04807353102903,48.76117414025127,46.32546758686173,38.39973171186355,36.959077197269586
CHTR,2024-03-22,296.25,290.4599914550781,290.6000061035156,33.30383170479217,48.54855063600175,43.61150146044975,38.39955738437876,36.86409255241022
CHTR,2024-03-25,293.80999755859375,288.7099914550781,290.6000061035156,32.158869569272646,48.51389788516259,42.89431733500166,38.399289463490895,36.863782946615125
CHTR,2024-03-26,291.8399963378906,287.6400146484375,287.8900146484375,31.506519247024755,48.49901614550047,42.52061489508156,38.40926116516846,36.86938557277969
CHTR,2024-03-27,294.1600036621094,288.19000244140625,293.510009765625,31.637477709533673,48.74818055790549,42.62732626266414,38.40067544925635,36.89940925832348
CHTR,2024-03-28,293.45001220703125,286.67999267578125,290.6300048828125,31.292335838945313,48.69536022935568,42.53979153776285,38.40177531805441,36.90332746810148
CHTR,2024-04-01,290.3399963378906,280.0199890136719,284.1499938964844,31.175816477016795,48.805576638467485,42.50514299109754,38.4792959005269,36.94579386066093
CHTR,2024-04-02,284.0,275.8299865722656,278.0199890136719,31.740097342230207,48.68483266823164,42.5874025109754,38.481746331526715,37.00521454535462
CHTR,2024-04-03,278.9200134277344,273.1000061035156,275.69000244140625,31.678989729781428,48.68110820583279,42.59122904447997,38.49002484600567,36.926541768201396
CHTR,2024-04-04,281.3299865722656,269.739990234375,271.2300109863281,31.107839761679912,48.50104033969126,42.62703536637992,38.3164903414511,36.95704009226253
CHTR,2024-04-05,271.8900146484375,264.9200134277344,267.489990234375,29.436620976726307,48.318923431994314,42.5596694659587,38.33589075722795,36.91414124020359
CHTR,2024-04-08,274.2200012207031,264.3900146484375,273.04998779296875,30.077777975730914,48.609921838469916,42.65270905847745,38.359328568004656,36.94580094472468
CHTR,2024-04-09,275.6000061035156,269.0,271.4599914550781,29.50120263028363,48.590635728976736,42.64819300568532,38.3619095043774,36.94213720136514
CHTR,2024-04-10,268.0299987792969,258.55999755859375,262.8500061035156,30.689062180911563,48.90724576650764,42.697011312720704,38.487556022285474,37.05610027829243
CHTR,2024-04-11,268.1000061035156,261.17999267578125,266.5299987792969,31.077652017465233,48.974595549756266,42.76110060035736,38.53539057528984,37.05968715952841
CHTR,2024-04-12,264.82000732421875,259.6099853515625,260.5,30.902779857036343,48.94004754857198,42.846948229694014,38.600760891097835,36.880930496752796
CHTR,2024-04-15,264.2300109863281,255.3800048828125,256.8999938964844,31.031332150303527,48.790783638391325,42.85393115517891,38.56235287289999,36.87742503890104
CHTR,2024-04-16,258.7799987792969,254.30999755859375,257.57000732421875,28.005280125013126,48.57515428065544,42.776200127228336,38.55511367205834,36.84168469648788
CHTR,2024-04-17,265.260009765625,257.6199951171875,258.0299987792969,27.907316897423495,48.543166693802206,42.65166177559302,38.45849310231463,36.813064386665815
CHTR,2024-04-18,261.1000061035156,255.6999969482422,259.9100036621094,27.757058175199006,48.43224263216655,42.653574165140654,38.42107325264157,36.815626311555775
CHTR,2024-04-19,265.7099914550781,259.70001220703125,265.2099914550781,27.748345920554975,48.65367999174647,42.82238867455259,38.431599887608506,36.876571841581715
CHTR,2024-04-22,267.9599914550781,259.5299987792969,265.0799865722656,27.640658429769267,48.6647616490473,42.724777956900866,38.40865695164908,36.81312009963324
CHTR,2024-04-23,271.5,265.6000061035156,266.30999755859375,22.961683631371994,48.3881001103594,42.678289484777174,38.409739482504534,36.8064379455471
CHTR,2024-04-24,264.82000732421875,260.4800109863281,264.70001220703125,22.841891770275037,48.277082656888034,42.67839272271053,38.40923711642614,36.806977720086515
CHTR,2024-04-25,262.989990234375,255.77000427246094,259.1000061035156,22.881793659385696,48.37245947250391,42.750240350149745,38.47152785772002,36.80884504539919
CHTR,2024-04-26,256.989990234375,236.0800018310547,254.61000061035156,23.17935259981222,48.37926506199811,42.77772524386606,38.50952218140436,36.834355229541075
CHTR,2024-04-29,262.30999755859375,255.0800018310547,259.760009765625,23.741615495943684,48.073171507751915,42.953599857576194,38.51250229695999,36.265231528003476
CHTR,2024-04-30,259.4599914550781,252.92999267578125,255.94000244140625,22.94939089771439,31.639708676260735,40.67830700148006,38.53807491221355,35.51968525424755
CHTR,2024-05-01,263.239990234375,253.91000366210938,259.70001220703125,23.34276067866161,30.345126097770486,40.776407218371865,38.5930112323884,35.55288773181432
CHTR,2024-05-02,263.5,260.0299987792969,262.0,23.57855491431216,29.111229203048822,40.67627835163059,38.613508748483355,35.48356969017178
CHTR,2024-05-03,269.7699890136719,264.2300109863281,265.92999267578125,24.203647202163573,28.961699024963707,40.779922155179555,38.66969266794536,35.52015415400916
CHTR,2024-05-06,273.67999267578125,265.82000732421875,271.4700012207031,24.967783790673394,29.294151555656946,40.80208521935347,38.76662237515581,35.51871265014559
CHTR,2024-05-07,275.70001220703125,267.9100036621094,268.0,25.14393028849425,28.69727447734257,40.73866607121686,38.77503983767066,35.531674553914975
CHTR,2024-05-08,284.69000244140625,265.760009765625,272.7799987792969,25.735463008469356,28.526101422407972,40.46582627013011,38.84810540405483,35.58109978651364
CHTR,2024-05-09,277.3599853515625,261.760009765625,263.92999267578125,26.459276551323196,29.061642499529817,40.663012779513764,38.98315339817433,35.57765961526865
CHTR,2024-05-10,277.489990234375,262.0199890136719,275.54998779296875,29.62119716973688,30.258466780918774,41.32126448899082,39.34603149731161,35.84786641128899
CHTR,2024-05-13,281.69000244140625,273.8800048828125,274.6499938964844,28.966135577577433,29.835168763019333,41.26384029807845,39.34042366903721,35.84357279176121
CHTR,2024-05-14,283.44000244140625,274.82000732421875,278.1300048828125,28.54523484369227,29.9612985700286,41.312666194121014,39.34571198551048,35.855231688576836
CHTR,2024-05-15,280.80999755859375,271.3800048828125,271.7699890136719,29.233231073219912,30.255329544282567,41.40214812028524,39.15996083908068,35.88902679162081
CHTR,2024-05-16,277.92999267578125,271.3699951171875,277.5400085449219,29.476816570118082,30.122178332597972,41.55707216312191,38.8807617860281,35.88531710142209
CHTR,2024-05-17,279.7900085449219,272.7799987792969,273.0199890136719,29.595229310746074,29.45459328771498,41.609725026859515,38.81616186564418,35.90459419650144
CHTR,2024-05-20,275.3399963378906,269.82000732421875,274.8399963378906,29.05210599348799,29.435825640476708,41.48387449751384,38.831660258596244,35.87786242570366
CHTR,2024-05-21,277.3900146484375,273.45001220703125,275.1099853515625,28.99572072122631,29.096552021024692,41.46666380104577,38.62070175841678,35.86818143659322
CHTR,2024-05-22,274.7900085449219,266.5400085449219,271.0899963378906,27.695938475595504,29.18623149013268,41.49425375612471,38.4872351881418,35.89265194813735
CHTR,2024-05-23,270.70001220703125,266.05999755859375,268.4100036621094,27.594599777193977,29.227202105010246,41.495860416084845,38.344614065954616,35.87666779021091
CHTR,2024-05-24,271.8699951171875,267.8800048828125,271.4599914550781,26.875155422974423,29.035920013527907,41.527998362350615,38.375120956422634,35.866921717764235
CHTR,2024-05-28,272.739990234375,269.0799865722656,271.4200134277344,26.487952505758322,29.035627348606894,41.50770419664736,38.332640759745445,35.6964246844054
CHTR,2024-05-29,271.5199890136719,268.1400146484375,271.3500061035156,26.493695722570614,27.257328525267816,41.31477697953728,38.12298986997662,35.54011117765983
CHTR,2024-05-30,276.510009765625,270.8599853515625,276.1099853515625,26.879360678954605,27.467882433742236,41.431697231259704,38.193125943684976,35.572301436887024
CHTR,2024-05-31,287.9599914550781,274.4700012207031,287.1199951171875,28.902355899210193,28.420132346970394,41.84017801343269,38.49584371207237,35.73137210344024
CHTR,2024-06-03,289.6199951171875,282.510009765625,286.2200012207031,28.507383552567788,28.131682411773383,41.65270305105353,38.38265694854963,35.726862067222484
CHTR,2024-06-04,285.3500061035156,280.17999267578125,280.6000061035156,29.228078164908837,28.400064372010082,41.74229242691223,38.43729886142574,35.77595395551647
CHTR,2024-06-05,281.4100036621094,276.0899963378906,278.1000061035156,29.38230249545144,26.475466101689822,41.74808613366185,38.372010601851095,35.74245656424988
CHTR,2024-06-06,286.3699951171875,277.5299987792969,279.3599853515625,29.307327478444584,26.40356264319258,41.75739395121833,38.360672674720355,35.705135044893176
CHTR,2024-06-07,280.7699890136719,275.7799987792969,276.8299865722656,28.672390888905603,26.30704911187874,41.724639702943236,38.368184733113736,35.63479370201074
CHTR,2024-06-10,276.6199951171875,272.6000061035156,276.07000732421875,28.105700466927463,26.299144636737555,41.5730694534072,38.36816437885299,35.6352509926735
CHTR,2024-06-11,278.4599914550781,273.32000732421875,276.8299865722656,27.62200468215752,25.96400357326739,41.489726810925774,38.373360069074195,35.56595086139732
CHTR,2024-06-12,285.1499938964844,272.7300109863281,275.05999755859375,27.279585829497833,25.66140647852509,41.36216716140343,38.36079834346695,35.50653061896918
CHTR,2024-06-13,274.989990234375,273.0400085449219,274.1700134277344,27.076284931078316,25.59085750813066,41.33969316005249,38.259682290730524,35.507308569053286
CHTR,2024-06-14,276.8500061035156,272.489990234375,276.260009765625,27.051074484623033,25.57654689522449,41.27826940766593,38.245382572503914,35.51715482807916
CHTR,2024-06-17,286.260009765625,273.5799865722656,285.95001220703125,28.436767438963006,26.593557160127418,41.6236998270663,38.35556361537931,35.61650872110633
CHTR,2024-06-18,292.54998779296875,277.3900146484375,277.6199951171875,29.350698793705853,27.123300393020422,41.83947425784369,38.47790392424461,35.73099744200951
CHTR,2024-06-20,285.5,277.1000061035156,284.0,29.726348495430372,27.546937837216497,41.85882511692065,38.59390549232396,35.70458070838964
CHTR,2024-06-21,292.67999267578125,285.79998779296875,290.3500061035156,29.95733236925079,27.86204939711298,41.99789690707478,38.67534581739495,35.765964389208975
CHTR,2024-06-24,293.0199890136719,284.92999267578125,285.8500061035156,28.582616486990403,27.754347928334482,42.03146780246631,38.70519584892688,35.78843721372192
CHTR,2024-06-25,291.2900085449219,282.17999267578125,290.79998779296875,26.29265056227107,27.9148340098052,42.08889399127812,38.77370845960421,35.831772841321595
CHTR,2024-06-26,292.6199951171875,288.239990234375,291.5899963378906,26.24960544445531,27.520180537298028,41.75749921929539,38.77796112264898,35.6850844634411
CHTR,2024-06-27,297.4200134277344,288.6499938964844,294.1099853515625,26.13495879863429,27.174064475666306,30.554823360621477,38.65672025155464,35.347069166351865
CHTR,2024-06-28,306.4599914550781,295.05999755859375,298.9599914550781,25.347311659483818,27.2838719480265,29.639221493971103,38.70960327461732,35.35082669942568
CHTR,2024-07-01,297.8900146484375,290.2699890136719,296.0199890136719,25.038356037539412,27.137586263645137,28.797917723969995,38.68617605897347,35.34875935513407
CHTR,2024-07-02,303.7200012207031,294.1499938964844,303.5,25.242710495969817,27.366072405201535,28.820152607555315,38.819368441904686,35.41637411522656
CHTR,2024-07-03,303.5,298.1300048828125,301.25,25.421079403145363,27.160050014379234,28.84041676036019,38.81840399819104,35.42136359577609
CHTR,2024-07-05,304.0,300.5,301.7900085449219,25.416417530680256,27.115295654949033,28.459604520074077,38.78725817622243,35.42223706958422
CHTR,2024-07-08,302.3699951171875,286.6600036621094,290.55999755859375,27.62257668974148,27.443102672209108,28.867147811852416,39.015548364869076,35.59575771093844
CHTR,2024-07-09,297.3900146484375,287.19000244140625,293.9100036621094,27.494075788282206,27.401175717767188,28.7877337661439,39.04069312381496,35.61722267083381
CHTR,2024-07-10,296.760009765625,287.6300048828125,293.95001220703125,27.392334520426314,26.923520679905486,28.633442568015056,38.920637851908516,35.61646918415512
CHTR,2024-07-11,304.70001220703125,294.3900146484375,304.1400146484375,28.84579706358979,27.501145723401315,28.898262765862253,39.12875292620803,35.72466232605645
CHTR,2024-07-12,312.6199951171875,303.7699890136719,311.0400085449219,29.314705350331476,27.79339850403121,29.101747417861766,39.232829844962716,35.7931457093201
CHTR,2024-07-15,325.5199890136719,310.4800109863281,324.5899963378906,31.1329365044721,28.94543729501387,29.8406435572829,39.581295057054334,36.05482294150007
CHTR,2024-07-16,328.4100036621094,319.2699890136719,327.4200134277344,29.475074148870483,28.95410581713527,29.528513030624048,39.554641840153245,36.006144618150145
CHTR,2024-07-17,333.75,323.80999755859375,330.29998779296875,29.413019516085836,28.772824429316334,29.108318959517927,39.43849056129211,36.017935981075745
CHTR,2024-07-18,335.6000061035156,321.55999755859375,321.6300048828125,29.965309357442266,29.423773366110932,29.41426726338027,37.7183266622273,35.96222436858253
CHTR,2024-07-19,322.8699951171875,316.2200012207031,320.30999755859375,29.808354655480272,29.46044426488778,29.180504488359947,37.29336629726775,35.96079103511589
CHTR,2024-07-22,319.42999267578125,306.3599853515625,312.9700012207031,30.88552044922172,29.893004624780716,29.388592451547986,37.165095013418274,35.98316477329404
CHTR,2024-07-23,323.8999938964844,304.760009765625,320.0400085449219,31.089132911936584,29.72521412321064,29.567928795952398,37.250401435274874,36.05793184210242
CHTR,2024-07-24,320.8399963378906,310.2300109863281,312.6600036621094,32.08175249713597,29.925197709710265,29.673722582664976,37.290430557909694,36.10295377636966
CHTR,2024-07-25,323.8999938964844,314.0,315.2300109863281,32.099836540370944,29.742461125189983,29.693278770003996,37.23614800770811,36.11446241060224
CHTR,2024-07-26,378.010009765625,355.0,367.6199951171875,53.722220101038054,42.64031671160301,37.4639567152779,41.50923912438824,39.274469247523996
CHTR,2024-07-29,381.95001220703125,365.17999267578125,377.3599853515625,53.78379443398911,42.8049185260701,37.643619915322944,41.624300402339,39.32920552820281
CHTR,2024-07-30,385.1400146484375,372.7900085449219,383.07000732421875,53.79019945507147,42.839789794906956,37.565086270082624,41.66433676119601,39.34514771562782
CHTR,2024-07-31,386.2799987792969,375.6400146484375,379.7200012207031,53.60324817528439,42.912455489297216,37.512941097507,41.59686452811296,39.29759848711203
CHTR,2024-08-01,382.5,373.260009765625,376.9700012207031,52.57260447835612,42.88550304713875,37.54417359523375,41.573763216130075,39.274673902533834
CHTR,2024-08-02,379.2900085449219,368.489990234375,373.1600036621094,52.755310385744295,42.839641007973924,36.837192980354075,41.57919275101099,39.23927074797957
CHTR,2024-08-05,373.1600036621094,360.6700134277344,363.5,53.573327058513144,43.25029349360738,37.04610351825498,41.61471567293413,39.31251706136543
CHTR,2024-08-06,368.6400146484375,356.20001220703125,356.7799987792969,53.694389655173005,42.81352423835996,37.15364729079548,41.65926990389381,39.34441061339798
CHTR,2024-08-07,366.739990234375,353.75,353.94000244140625,53.79124422862102,42.1485672609753,37.17193602657407,41.648956133541056,39.35075997112346
CHTR,2024-08-08,364.1499938964844,352.6700134277344,363.94000244140625,54.12813477458014,42.395911823715004,37.20997254054976,41.76351590512754,39.45383954827478
CHTR,2024-08-09,367.30999755859375,357.9700012207031,364.4100036621094,54.15535030617463,42.36922332888206,37.11487094677379,41.73239916304502,39.45415787673298
CHTR,2024-08-12,365.4800109863281,350.0299987792969,350.760009765625,55.635451778506926,42.89725616224827,37.646946588562045,41.86104551992249,39.580224485916666
CHTR,2024-08-13,358.95001220703125,351.8699951171875,357.0,55.553319373214016,42.84648666094256,37.676791017999065,41.907737295503686,39.62309041492641
CHTR,2024-08-14,357.25,350.5400085449219,351.2200012207031,55.63331372163669,42.844495382703776,37.782064185281534,41.947516520336094,39.65372916466729
CHTR,2024-08-15,355.82000732421875,349.1499938964844,352.010009765625,55.51779152384512,42.84324913050114,37.7006632592995,41.868540889696796,39.65399932302691
CHTR,2024-08-16,356.5400085449219,351.17999267578125,353.30999755859375,55.51042334267855,42.838360884158895,37.700433214046605,41.8481906622098,39.65583451321072
CHTR,2024-08-19,359.9200134277344,353.3500061035156,355.05999755859375,53.98250371038096,42.65717917949315,37.65944724596492,41.848780954873554,39.658054089600824
CHTR,2024-08-20,354.510009765625,346.1099853515625,347.32000732421875,54.594528369320926,42.90353425553808,37.75004821238234,41.922774324538565,39.70386406296176
CHTR,2024-08-21,348.82000732421875,344.3999938964844,345.19000244140625,54.679216800199306,42.93091065580685,37.72575990657729,41.923093945972376,39.70752401182516
CHTR,2024-08-22,345.6600036621094,336.0199890136719,340.32000732421875,54.26452323627816,43.08543369480313,37.61225067691598,41.947035604198994,39.70073283992009
CHTR,2024-08-23,350.510009765625,340.6700134277344,348.7300109863281,54.326714333745265,43.28309464627972,37.58929187134546,40.65764896307068,39.777024273859574
CHTR,2024-08-26,357.2099914550781,349.2200012207031,355.3699951171875,53.27684310347684,43.30332300636288,37.64135163966883,40.7130484519418,39.81824641957199
CHTR,2024-08-27,363.2699890136719,355.2699890136719,360.7699890136719,53.368152083315415,42.752896084551686,37.57101893028023,40.69443291369899,39.83058711881109
CHTR,2024-08-28,362.1600036621094,354.04998779296875,355.79998779296875,53.56723853904807,42.88374020291496,37.57086931058477,40.725568727377315,39.68401891332394
CHTR,2024-08-29,358.2300109863281,350.739990234375,351.5299987792969,53.04493487746529,42.73170878585425,37.53635147531834,40.68494885825116,39.452698179517306
CHTR,2024-08-30,354.7200012207031,344.94000244140625,347.5400085449219,53.1716553777693,42.76599853775514,37.57839254806603,40.63639051375099,39.38659291595899
CHTR,2024-09-03,349.7200012207031,342.82000732421875,346.4200134277344,52.638836431433255,42.78923948383708,37.176540748767714,40.444797633751165,39.386627677621725
CHTR,2024-09-04,355.510009765625,329.3399963378906,331.6400146484375,54.02666672759477,43.798470711819526,37.8524407257615,40.737029948104514,39.455273662464364
CHTR,2024-09-05,334.2699890136719,323.20001220703125,330.7799987792969,53.54110244897584,43.797625388709555,37.64687074234896,40.72156646292442,39.331817538477374
CHTR,2024-09-06,337.95001220703125,324.3500061035156,327.42999267578125,53.617601449039,43.88101796623695,37.61033200871427,40.71501867913659,39.24663958963904
CHTR,2024-09-09,330.1400146484375,323.2099914550781,324.8399963378906,28.037313759555545,43.895825839719336,37.64629968458769,40.7142263683121,39.247937409130564
CHTR,2024-09-10,327.1499938964844,318.69000244140625,323.3900146484375,26.52818675877622,43.90376555324228,37.66167237569886,40.68956297930722,39.224427588440555
CHTR,2024-09-11,329.1400146484375,315.2300109863281,327.4200134277344,26.36473469632571,43.93729790215522,37.6877769833407,40.711869119647446,39.1134126080756
CHTR,2024-09-12,339.19000244140625,327.6400146484375,339.0299987792969,28.776069223520413,43.94875178973665,37.935788018539355,40.92912312199387,39.277577269563444
CHTR,2024-09-13,345.9100036621094,337.0299987792969,340.1700134277344,28.828812314064002,43.42684777577385,37.93309908374658,40.86369664900562,39.2730539073678
CHTR,2024-09-16,346.80999755859375,339.05999755859375,343.3699951171875,28.98730855845072,43.25879227220995,37.947321837848556,40.87515207763743,39.216392938954094
CHTR,2024-09-17,347.2099914550781,336.54998779296875,339.3500061035156,28.26480156184092,43.182210047602545,37.99110789250537,40.894531840990865,39.23046947367348
CHTR,2024-09-18,346.4100036621094,332.6000061035156,339.6400146484375,27.845543078479633,43.01700486144775,37.799018537692014,40.881894499224565,39.18785052408339
CHTR,2024-09-19,346.8399963378906,330.8999938964844,331.3399963378906,28.590668611197966,43.27881536447988,37.915110615796095,40.96890220341082,39.23988337863011
CHTR,2024-09-20,336.989990234375,327.6499938964844,330.3999938964844,27.13312140145859,43.2908333872369,37.82177749383743,40.94666597211824,39.23963049764199
CHTR,2024-09-23,334.07000732421875,330.0899963378906,331.6199951171875,27.176586822560388,43.270910506085706,37.72125329030595,40.81642503294511,39.242255823454904
CHTR,2024-09-24,331.19000244140625,319.82000732421875,323.3599853515625,25.957460535637463,43.52005369448222,37.927827381395375,40.90650434441183,39.315128190072876
CHTR,2024-09-25,325.0,313.6000061035156,314.489990234375,26.203006832345434,43.87072006949516,38.20968621268944,40.97104538770108,39.39093296928149
CHTR,2024-09-26,320.0400085449219,314.8999938964844,317.010009765625,26.174791252551866,43.612156320008204,38.16528550007729,40.86375377376408,39.32370229103299
CHTR,2024-09-27,334.20001220703125,318.0299987792969,326.2200012207031,27.74169825647751,43.94908960707535,38.28721758175968,41.0099593928852,39.41837753024337
CHTR,2024-09-30,328.3399963378906,319.6700134277344,324.0799865722656,27.70115405314979,43.978801763091624,38.238766415675585,41.014982412926535,39.333307327052054
CHTR,2024-10-01,331.3599853515625,319.6499938964844,328.95001220703125,28.09388179890968,43.29975093335677,38.212250292041176,41.04857900374987,39.35533437058335
CHTR,2024-10-02,334.9200134277344,328.1700134277344,329.239990234375,27.49076787683775,43.255967071158224,37.80194139883426,41.03186202236529,39.35541627107261
CHTR,2024-10-03,326.04998779296875,319.67999267578125,322.3900146484375,28.02890142102767,43.509305172367114,37.40530587453656,41.001167774043765,39.38291977636605
CHTR,2024-10-04,327.3500061035156,322.7799987792969,326.32000732421875,28.093542259768256,43.03802301227015,37.43435975528618,40.988873746452576,39.4043973421822
CHTR,2024-10-07,328.20001220703125,321.1499938964844,324.57000732421875,27.021398409404192,42.8281207738488,37.410246229381194,40.933928584207905,39.4064751613685
CHTR,2024-10-08,327.80999755859375,321.8800048828125,327.29998779296875,26.46995777015675,41.962170154944936,37.21507200197212,40.941499369794975,39.41793036838237
CHTR,2024-10-09,334.32000732421875,324.510009765625,334.0199890136719,26.818037021082752,42.13090233419152,37.206253484922705,40.977224987113,39.384342248309395
CHTR,2024-10-10,338.79998779296875,328.5899963378906,328.7799987792969,26.894883872596097,42.22184713635445,37.19877635757692,40.95679258806391,39.406583697934195
CHTR,2024-10-11,331.79998779296875,325.739990234375,326.04998779296875,26.802568790807303,41.8964966393495,37.22573519929936,40.96150615888592,39.392649283392416
CHTR,2024-10-14,333.2699890136719,323.7200012207031,331.79998779296875,27.27247697871341,42.03445648364264,37.30958867669642,40.9340350971055,39.43566340177462
CHTR,2024-10-15,338.489990234375,328.82000732421875,331.94000244140625,27.273420229729872,41.74169065442582,37.215477148612656,40.914723679576,39.43313580902716
CHTR,2024-10-16,336.20001220703125,330.1199951171875,330.2200012207031,24.21179686337259,41.52077502909239,37.18429504369964,40.90288364534585,39.414602593202574
CHTR,2024-10-17,332.260009765625,324.5199890136719,327.5299987792969,24.31480711594981,41.264350155665504,37.189831225565435,40.8680774087673,39.41979380553964
CHTR,2024-10-18,329.5299987792969,324.20001220703125,325.6099853515625,24.195083015180447,41.25712451310133,37.20890265239602,40.69932274017039,39.4135023087803
CHTR,2024-10-21,325.67999267578125,315.0,315.4100036621094,25.797672885051014,26.829614706496756,37.589318089163285,34.845771594878386,39.440294848597674
CHTR,2024-10-22,335.0,316.4599914550781,329.82000732421875,28.95849732410879,27.922364405019174,38.12847300997107,34.736763045523624,39.68479120288803
CHTR,2024-10-23,334.19000244140625,326.989990234375,332.2200012207031,28.815680083972655,27.762170586777167,37.66729898541033,34.321230296151136,39.69270184366273
CHTR,2024-10-24,336.67999267578125,330.2300109863281,332.0199890136719,26.911292253471625,27.732103750829353,37.66156745854492,34.20481601732558,39.69147473584472
CHTR,2024-10-25,338.0299987792969,332.5199890136719,336.0,27.13670370212913,27.861842660090424,37.541209652787146,34.22516165206096,39.67827655739268
CHTR,2024-10-28,339.5,329.29998779296875,329.6700134277344,27.49279518826598,28.032431882338187,37.6484929322607,34.13330311914929,39.62145281363196
CHTR,2024-10-29,330.0199890136719,325.2799987792969,327.2699890136719,27.375866697850714,27.600706165211918,37.67275528862081,34.04311428914155,38.32007766638688
CHTR,2024-10-30,334.29998779296875,324.94000244140625,331.29998779296875,27.647890232218273,27.51842798548254,37.67104017845252,34.000915538378415,38.04733070264426
CHTR,2024-10-31,351.3599853515625,326.19000244140625,327.6099853515625,26.898591540535243,27.559902622277427,37.72085375783573,33.95369586038527,37.91313836371752
CHTR,2024-11-01,382.4599914550781,356.7799987792969,366.489990234375,42.2489775623954,35.60618187010176,41.596077692013296,36.32688734769489,39.548785362830536
CHTR,2024-11-04,381.6199951171875,367.1600036621094,375.8299865722656,42.715241610537234,35.97409931148999,41.71980909881971,36.431868518400314,39.60190292586505
CHTR,2024-11-05,386.17999267578125,374.55999755859375,382.3800048828125,41.94283959717331,35.21374866997378,41.76728631850184,36.47391552691268,39.59865505955607
CHTR,2024-11-06,413.7900085449219,392.07000732421875,408.0199890136719,44.080109114526785,37.40639079771508,42.89190940915851,37.08220377699274,40.119371467946976
CHTR,2024-11-07,405.510009765625,389.010009765625,393.0400085449219,46.060708416992114,38.09606007761519,43.104899954698816,37.18533323837436,40.28764676284074
CHTR,2024-11-08,397.04998779296875,391.8900146484375,393.7099914550781,45.62909649785964,38.09599636186532,42.78488495211441,37.17715041436547,40.28784979660705
CHTR,2024-11-11,401.2300109863281,393.0,396.0400085449219,45.46676691852432,38.103218142713565,42.67565474824908,37.066789355145985,40.232501822343906
CHTR,2024-11-12,397.510009765625,389.2900085449219,392.0,45.65559541930987,38.17863725234869,42.62221959366045,37.071916982932315,40.22331419450232
CHTR,2024-11-13,415.2699890136719,396.9700012207031,406.2200012207031,46.43165544100839,38.47852975246592,42.82828777430624,37.27806349813698,40.37381001610002
CHTR,2024-11-14,407.6099853515625,392.05999755859375,394.25,46.96603661941908,39.013937337020295,43.0974382523445,37.40992090172135,40.43131278853066
CHTR,2024-11-15,396.2699890136719,387.82000732421875,389.57000732421875,47.242050030047785,38.97592437739954,43.16303586388027,37.44107567550724,40.442455504718
CHTR,2024-11-18,391.32000732421875,384.67999267578125,385.0199890136719,47.410059173531,38.801959698284065,43.21541889304111,36.98366902900487,40.44332262066957
CHTR,2024-11-19,389.4800109863281,379.2200012207031,384.8399963378906,47.435850293934145,38.637609011874886,43.16252137451735,36.98055008696714,40.42454629306295
CHTR,2024-11-20,389.94000244140625,383.95001220703125,389.1199951171875,47.25821894394917,38.58522760014386,43.137303257634265,36.934732030939074,40.418435979079945
CHTR,2024-11-21,389.94000244140625,383.05999755859375,383.8399963378906,47.17962977742144,38.5817355773073,43.06649616937872,36.91507713266429,40.35828377494547
CHTR,2024-11-22,391.989990234375,383.1499938964844,388.2699890136719,47.03625387873528,38.53583101969671,43.06173291942408,36.92921981665158,40.36879694263004
CHTR,2024-11-25,391.010009765625,382.5,384.4700012207031,47.114067161578646,38.51429235853712,43.106391344117995,36.50962054105526,40.37996714979171
CHTR,2024-11-26,394.3800048828125,382.7300109863281,390.2900085449219,47.18319564630793,38.59644623489556,42.66218902727446,36.51003020928467,40.345706798366024
CHTR,2024-11-27,396.2699890136719,389.30999755859375,389.80999755859375,47.119800556103215,37.41762663158064,42.645302346472505,36.48835021733991,40.33014114371733
CHTR,2024-11-29,397.2699890136719,389.9599914550781,396.9700012207031,47.07313263992282,37.534616280413395,42.71269097030784,36.53428321954802,40.36732231221899
CHTR,2024-12-02,397.739990234375,391.80999755859375,394.42999267578125,47.08563385698578,37.48593184401836,42.445710227450896,36.442427222007076,40.37117739336852
CHTR,2024-12-03,398.79998779296875,393.1099853515625,397.6099853515625,45.67017058829773,37.42780432206875,42.33583348456323,36.39319628870733,40.376899030991396
CHTR,2024-12-04,404.25,397.4200134277344,402.1199951171875,44.327991085757404,37.42604953287653,41.868217843742386,36.403160909572875,40.38696610481228
CHTR,2024-12-05,404.8699951171875,396.04998779296875,404.1400146484375,44.32991770521618,37.3828733631284,41.857679444028825,36.37386289984264,39.34062341646696
CHTR,2024-12-06,407.6099853515625,400.94000244140625,403.05999755859375,44.362980742809206,36.826207675768735,41.850776259868866,36.374416582105155,39.33544558772956
CHTR,2024-12-09,400.7699890136719,365.8699951171875,365.9599914550781,53.4202977494293,42.08849191269739,44.45968216633152,38.14768954768315,40.47210165769673
CHTR,2024-12-10,396.239990234375,366.5299987792969,377.9599914550781,53.66340443492994,42.537079878462755,44.721388724316014,38.32305226638176,40.59953373812279
CHTR,2024-12-11,380.2099914550781,372.6499938964844,378.489990234375,53.555363075791796,42.44571962581331,44.54377857763825,38.301387054233096,40.55507301348318
CHTR,2024-12-12,390.2900085449219,382.29998779296875,388.45001220703125,53.867173931450864,42.73256527517299,44.589962569947375,38.3529002247693,40.585470324859195
CHTR,2024-12-13,385.1300048828125,376.010009765625,379.7799987792969,54.26928609394353,42.6763534007901,44.57920010324535,38.435578549716546,40.515847520108835
CHTR,2024-12-16,383.8900146484375,377.20001220703125,378.9800109863281,43.73368758815233,42.67286807848614,44.5724660233919,38.33158214431968,40.49862333725934
CHTR,2024-12-17,377.3500061035156,369.8399963378906,371.0299987792969,43.58249810417873,42.94194250541432,37.48411588389948,38.326416210111596,40.54065820808002
CHTR,2024-12-18,373.239990234375,357.75,358.260009765625,44.365173157315695,43.251913976292954,37.65915845426345,38.55297917160638,40.67693806942578
CHTR,2024-12-19,361.6499938964844,351.2799987792969,352.7699890136719,39.6729641663093,42.964603451220185,37.64969833606318,38.547490222860006,40.699573087417626
CHTR,2024-12-20,357.04998779296875,342.19000244140625,351.5,38.453551432481106,42.96034745473354,37.630803393262866,38.50905135111308,40.679873453398926
CHTR,2024-12-23,354.0,346.57000732421875,349.4700012207031,38.422985936277925,42.61703789604571,37.625044612015195,38.45169604763739,40.67858242652866
CHTR,2024-12-24,352.44000244140625,345.8999938964844,352.19000244140625,38.46807606427082,42.60725071997945,37.618564805887836,38.44944555738265,40.68528076118545
CHTR,2024-12-26,353.2900085449219,349.1400146484375,351.7799987792969,38.42803920980699,42.51651324107228,37.39329675265199,38.2415101596355,40.63807117416465
CHTR,2024-12-27,351.1300048828125,346.30999755859375,348.6499938964844,36.60075990629305,42.56644023329182,37.303712053407274,38.233711777561666,40.64305466576326
CHTR,2024-12-30,347.2300109863281,340.9800109863281,343.17999267578125,35.99323867424563,42.46478112998609,37.36574741414554,38.17936392136347,40.67114676717559
CHTR,2024-12-31,345.0,341.05999755859375,342.7699890136719,35.93810953074207,42.40408518477231,37.091835637922586,38.1365505566291,40.66123915757353
CHTR,2025-01-02,349.79998779296875,345.010009765625,349.3500061035156,36.483411503875715,42.546242504412746,37.221310360716096,38.19201182982025,40.70073976651633
CHTR,2025-01-03,359.1099853515625,346.7900085449219,358.3500061035156,37.41505773476895,42.81151688825779,36.947680695945415,38.2951951223149,40.76492334665212
CHTR,2025-01-06,361.82000732421875,347.1000061035156,349.54998779296875,37.7411745903852,42.964699797329295,37.053416250203405,38.41943240967305,40.74025522345922
CHTR,2025-01-07,350.54998779296875,342.5299987792969,347.6300048828125,37.6256086161147,42.84670434829786,36.973397309905266,38.36511931725124,40.73316329986094
CHTR,2025-01-08,349.8999938964844,341.0,349.32000732421875,37.44806335051961,42.810098950490016,36.97991598326128,38.36641541874234,40.69622164559356
CHTR,2025-01-10,345.6099853515625,333.67999267578125,334.8900146484375,39.06093429896403,43.577366796281325,37.573321474077694,38.71155238979909,40.82130513101683
CHTR,2025-01-13,339.6400146484375,333.8800048828125,337.8399963378906,38.829239789370824,43.61312614946031,37.59244082731384,38.711762601948564,40.829553458645265
CHTR,2025-01-14,346.67999267578125,336.7200012207031,346.2900085449219,39.75355943703614,43.882030277214,37.64290421007339,38.7147314204854,40.905767900895675
CHTR,2025-01-15,353.010009765625,346.1700134277344,348.0,39.29442087677438,43.849772167021186,37.638120860685596,38.649888993128016,40.90262204749543
CHTR,2025-01-16,349.7799987792969,346.2099914550781,346.67999267578125,39.289992019304634,43.83788840909047,37.57374541590101,38.59393611084225,40.892894512272576
CHTR,2025-01-17,353.5899963378906,347.69000244140625,351.3699951171875,39.46833061809416,43.367136922374435,37.43375993427184,38.56949502540619,40.83975622639722
CHTR,2025-01-21,354.1400146484375,349.4599914550781,350.55999755859375,39.20320989012434,42.44225343673989,37.3139864885292,38.542205141599275,40.813431035362235
CHTR,2025-01-22,352.9800109863281,345.2699890136719,352.79998779296875,39.23403850094483,42.43711068013408,37.24912244612691,38.536899382124645,40.778900643645
CHTR,2025-01-23,360.0,351.0400085449219,359.9599914550781,39.87709940795173,42.61524169039289,37.322471421409816,38.566962423998504,40.825447289418385
CHTR,2025-01-24,367.9100036621094,357.8999938964844,367.5799865722656,29.241623382301405,42.75090563106684,37.41594944664256,38.56925974181753,40.85336867092903
CHTR,2025-01-27,371.0199890136719,361.0899963378906,367.489990234375,27.611413846547844,42.538696784040184,37.36779645161278,38.53112944163011,40.80779709939573
CHTR,2025-01-28,368.3299865722656,361.4800109863281,365.3800048828125,27.63669870945386,42.52570336198819,37.37647995425526,38.494535446597745,40.80705039931239
CHTR,2025-01-29,367.7099914550781,357.2300109863281,359.3299865722656,26.74687401174976,42.63668485151296,36.80748827763682,38.336334705803615,40.78368300005823
CHTR,2025-01-30,351.0199890136719,326.7900085449219,336.6199951171875,31.88941776919082,44.70740473170227,38.27105920801043,38.83115645706493,41.28679304839497
CHTR,2025-01-31,360.8500061035156,343.04998779296875,345.489990234375,33.055887550154736,38.581109371987225,38.45256627223314,38.93902340566704,41.36010005967247
CHTR,2025-02-03,347.8900146484375,339.2300109863281,341.5,32.71438495992727,38.25130258357632,38.47760517517705,38.94532440010412,41.34275150797691
CHTR,2025-02-04,344.2099914550781,336.2300109863281,340.260009765625,31.25721160807543,38.050134275357465,38.475083044420074,38.84244388484431,41.22502395344061
CHTR,2025-02-05,347.94000244140625,337.67999267578125,345.04998779296875,31.29776972568558,35.58008798303145,38.488441677241724,38.80098007885523,37.07836744126058
CHTR,2025-02-06,354.239990234375,346.79998779296875,353.30999755859375,32.06855147710896,35.24209398538274,38.274878068498666,38.83437133957138,36.80595484083771
CHTR,2025-02-07,354.32000732421875,347.3900146484375,347.8399963378906,32.351907924459894,35.34743331337612,38.356008358298396,38.88152363278553,36.556468918813735
CHTR,2025-02-10,351.8699951171875,342.5299987792969,343.7300109863281,32.435322682078095,35.36419267219147,38.37543924480128,38.91284433458577,36.500702116343554
CHTR,2025-02-11,351.5,340.239990234375,350.9200134277344,33.02829308811219,35.63708164143839,38.467742780489374,38.93405185820322,36.552183236646556
CHTR,2025-02-12,355.57000732421875,346.1700134277344,354.55999755859375,33.051162653881796,34.869357478571295,38.50032324644025,38.92454325673368,36.449044842651126
CHTR,2025-02-13,364.9200134277344,355.80999755859375,360.7699890136719,33.02162674357578,34.613620949299694,38.379611156779205,38.95253547183308,36.41918199842937
CHTR,2025-02-14,364.0299987792969,359.7699890136719,360.2699890136719,33.02311503717547,34.54487444520244,38.37674463908996,38.953585513781,36.372087033878415
CHTR,2025-02-18,363.25,353.82000732421875,361.739990234375,32.62227004722706,34.49267008170032,38.37751618549372,38.95408896677001,36.3215786562962
CHTR,2025-02-19,365.0,359.70001220703125,361.5799865722656,31.800846447176923,34.492688302278864,38.149584686692315,38.90942845263453,36.25032967077645
CHTR,2025-02-20,363.94000244140625,356.6499938964844,363.010009765625,30.903501192571376,34.416839464214505,37.86861726933522,38.652623747361446,36.248588659017805
CHTR,2025-02-21,364.989990234375,360.7200012207031,361.0,30.904352233953674,34.33101517249583,37.87000715703969,38.65758215079982,36.24851562912275
CHTR,2025-02-24,370.6000061035156,361.2799987792969,365.79998779296875,31.083214413383153,34.35979618224472,37.66512369909445,38.60108325564936,36.16268524274163
CHTR,2025-02-25,372.29998779296875,357.6099853515625,358.7300109863281,28.932238525764912,34.52310169456711,37.78843784687297,38.661454073254646,36.07489744162972
CHTR,2025-02-26,360.6300048828125,351.17999267578125,353.4800109863281,29.27531668856999,34.46620724374049,37.80404433479635,38.70682769720135,36.100449049811736
CHTR,2025-02-27,362.4599914550781,353.6700134277344,359.0400085449219,28.763214638317674,34.647239876736705,37.87785267714584,38.72370416344296,36.053468535292645
CHTR,2025-02-28,368.54998779296875,360.3800048828125,363.57000732421875,28.932889376885328,34.529841715760085,37.75862701395391,38.7426369471705,36.05878268482912
CHTR,2025-03-03,376.239990234375,360.6000061035156,370.6600036621094,29.340445753366907,34.773989266879084,37.82879875153723,38.799509595612975,36.09949449649011
CHTR,2025-03-04,377.489990234375,361.8599853515625,368.3599853515625,29.24100064215056,34.73794853731155,37.832829654616795,38.798962748277035,36.060282350559504
CHTR,2025-03-05,380.2900085449219,367.69000244140625,378.4200134277344,30.11939587457471,35.125902224685596,38.03593878396491,38.90991961818231,36.152413637146616
CHTR,2025-03-06,384.95001220703125,375.6700134277344,382.94000244140625,30.222133444985964,35.204235448312524,37.95277803246934,38.92219899290227,35.81376333346876
CHTR,2025-03-07,391.6099853515625,371.0299987792969,379.5199890136719,29.944087777568672,35.2414337402214,37.88944298168218,38.748035141922635,35.82458963952563
CHTR,2025-03-10,385.6400146484375,362.6600036621094,373.5199890136719,29.79847912137722,29.27175413163129,37.958460579751424,38.62722842650689,35.82318925282133
CHTR,2025-03-11,376.5199890136719,355.7799987792969,355.8699951171875,33.00468698399823,30.169007424391786,38.68027207854093,38.99599845398709,36.11295894511304
CHTR,2025-03-12,354.5,338.5400085449219,349.75,33.317119998933656,30.349300337897727,38.78623066089084,38.978339432723196,36.155019072517874
CHTR,2025-03-13,354.5199890136719,344.4100036621094,345.3999938964844,33.17265194859713,29.89265182243687,38.831082137050046,38.96139311926405,35.84422335560269
CHTR,2025-03-14,355.0,345.17999267578125,351.5,27.49153210967401,29.840539789136518,38.899814815458974,38.96338248523528,35.86176858103407
CHTR,2025-03-17,357.45001220703125,347.739990234375,354.0799865722656,26.55788797678441,29.891922444361725,38.89933678877023,38.969942461670065,35.848457650323226
CHTR,2025-03-18,356.5899963378906,349.7300109863281,354.45001220703125,26.29497320199828,29.600275892717942,38.545092559867975,38.95965202241653,35.84440219114759
CHTR,2025-03-19,357.010009765625,349.8900146484375,353.0199890136719,26.301763838937852,28.73697988109071,37.916086121530995,38.92147619182374,35.7775884123948
CHTR,2025-03-20,363.57000732421875,351.8900146484375,362.5799865722656,27.086093650691147,29.08165374128384,38.127356035748065,39.01924397728641,35.826152441572745
CHTR,2025-03-21,364.5799865722656,356.0400085449219,363.80999755859375,26.280258803392037,29.075229934552056,38.12868164105145,38.917139827966565,35.819673965255
CHTR,2025-03-24,371.9800109863281,364.3299865722656,367.5,25.924387969167707,29.10889717517231,38.11637994082502,38.91884955614442,35.81195146643582
CHTR,2025-03-25,375.5299987792969,365.80999755859375,375.010009765625,26.117832437939555,29.346805740413522,38.10360945907947,38.98452227434584,35.8627365809409
CHTR,2025-03-26,386.9800109863281,374.1499938964844,384.7699890136719,26.45133073292977,29.773449426276443,38.27384716016962,38.81189912058871,35.91738420177343
CHTR,2025-03-27,388.0199890136719,379.2300109863281,382.0199890136719,26.520473571438725,29.749228765340067,38.260787122301515,38.80759323319673,35.92677840222013
CHTR,2025-03-28,384.9100036621094,368.75,369.0199890136719,28.212364801778982,30.458660680447313,38.636324751606494,39.041459499342594,36.0889418467826
CHTR,2025-03-31,370.2900085449219,361.42999267578125,368.5299987792969,28.211986195617783,30.459122422517055,34.29673816192796,38.846781844902694,36.04259366802956
CHTR,2025-04-01,374.010009765625,363.3999938964844,370.9100036621094,28.244458644468178,30.253433668350016,34.07585758832277,38.76894878249926,36.030573352862774
CHTR,2025-04-02,379.9599914550781,370.1300048828125,379.2699890136719,28.915546799938053,30.151560655000353,34.1502271086733,38.53511740113439,36.01574258802956
CHTR,2025-04-03,385.8800048828125,368.05999755859375,368.3999938964844,30.23595783542224,30.31759889584928,32.83145093592425,38.686002732381105,36.06955899029286
CHTR,2025-04-04,368.9200134277344,337.5400085449219,338.2900085449219,39.136869144512985,35.06882723378845,34.989701500051375,39.98652463756182,37.078058602212806
CHTR,2025-04-07,351.989990234375,324.0799865722656,332.8900146484375,39.057888091733304,35.19592875712068,35.06218565560233,39.90687612222829,37.077052235457
CHTR,2025-04-08,346.9700012207031,318.8500061035156,321.67999267578125,39.820920240085094,34.83327705670452,35.41889496175724,40.111484593617114,37.21382619630908
CHTR,2025-04-09,350.7300109863281,312.3900146484375,346.9800109863281,45.80756147444775,38.15156303243386,37.482625499438335,41.00281530305114,37.91089995868296
CHTR,2025-04-10,341.7200012207031,325.1000061035156,335.4700012207031,46.515592322151214,38.44310034113534,37.363914784764376,41.12038298165598,38.06338243635016
CHTR,2025-04-11,338.4700012207031,327.9599914550781,334.3800048828125,46.30362619380785,38.43007448744936,37.09415478434681,41.02673794487078,37.920643829653535
CHTR,2025-04-14,343.3800048828125,335.4800109863281,340.3999938964844,46.244570836147304,38.610222469501856,37.18497550946359,41.06851961657243,37.93619452140265
CHTR,2025-04-15,350.04998779296875,339.67999267578125,343.17999267578125,46.34036057555576,38.54483626020884,37.17738702915682,36.80845511562536,37.867116308173536
CHTR,2025-04-16,343.989990234375,330.1400146484375,332.5,46.23035581058422,39.07138087915717,37.490315600293975,36.85680915011885,37.978751218460424
CHTR,2025-04-17,342.2200012207031,334.07000732421875,338.9599914550781,46.50305849146759,39.262017771061764,37.58226685273647,36.88555244897578,38.022122718113984
CHTR,2025-04-21,338.0,319.6499938964844,322.42999267578125,48.36195953932174,40.29313817067594,38.31988019061116,37.33264372336042,38.36367555509012
CHTR,2025-04-22,331.70001220703125,325.3599853515625,331.3399963378906,49.16064842196724,40.46593935930562,38.53975773948844,37.473102906415576,38.44907822965419
CHTR,2025-04-23,345.04998779296875,335.67999267578125,337.510009765625,47.70954760459554,40.676074445686226,38.64705854651464,37.524477148762614,38.44075371840965
CHTR,2025-04-24,339.2200012207031,318.42999267578125,335.3299865722656,47.50467386590463,40.67963319386546,38.56649173195415,37.406853886598654,38.447683275555825
CHTR,2025-04-25,374.2099914550781,356.45001220703125,373.6499938964844,56.98874869918919,46.33746264863189,42.31748961368933,39.49105276172124,39.914785374747716
CHTR,2025-04-28,385.4800109863281,372.8800048828125,376.8699951171875,56.84468258716855,44.27481918416292,42.237192850290235,39.49100384276316,39.91436362785383
CHTR,2025-04-29,387.5400085449219,378.6300048828125,386.3299865722656,57.20260348680439,44.24717906025414,42.416438324292436,39.46255325339638,39.91681035002474
CHTR,2025-04-30,392.9100036621094,377.6000061035156,391.8599853515625,57.2926198331203,44.22775189452625,42.458336800328915,39.49657875104575,39.89063627791206
CHTR,2025-05-01,392.57000732421875,382.6700134277344,383.0,57.76148734635906,44.512595327992,42.57035711032805,39.32723646982094,39.92352975263434
CHTR,2025-05-02,387.4800109863281,383.20001220703125,385.0,57.319470412207075,44.44778815313912,42.571017912941386,39.27842615606426,39.89137111520291
CHTR,2025-05-05,399.94000244140625,382.94000244140625,394.239990234375,57.66401507108975,44.449047444724194,42.74226670027147,39.3238359718258,39.931600903330654
CHTR,2025-05-06,402.8399963378906,390.5,402.010009765625,57.8337803867183,44.44355893887552,39.964162564914375,39.3868022274397,39.965186266377295
CHTR,2025-05-07,407.8699951171875,400.8699951171875,404.1400146484375,57.608470803384826,44.34681817084945,39.65416028784797,39.388940318068585,39.94489838832873
CHTR,2025-05-08,408.8299865722656,403.55999755859375,404.4100036621094,57.18778601788112,44.189215902190476,39.65398679758951,39.38577950641153,39.899632542789426
CHTR,2025-05-09,405.3900146484375,400.5299987792969,401.7300109863281,57.18095724332869,44.19557851986987,39.46161665254199,39.30256182013829,39.88187551378715
CHTR,2025-05-12,410.989990234375,399.4700012207031,402.5199890136719,56.136397996151885,44.08068666476444,39.29090076844244,39.29405855720623,39.84924044557958
CHTR,2025-05-13,413.2099914550781,392.17999267578125,411.1300048828125,56.3673513202831,44.25245121184674,39.4238133984667,39.32606106756113,39.745974869475184
CHTR,2025-05-14,414.45001220703125,407.0299987792969,413.8599853515625,56.36815406971972,44.26012559049087,39.2754497662953,39.233499278792536,39.5320112483265
CHTR,2025-05-15,423.17999267578125,412.5799865722656,419.57000732421875,56.176076654841246,44.3183588241465,38.89475066713547,39.20508305075539,39.54738856707344
CHTR,2025-05-16,437.05999755859375,419.45001220703125,427.25,55.46875708887463,44.43372279743713,38.88596893729404,39.22229523459431,39.56664050141201
CHTR,2025-05-19,430.8299865722656,415.4700012207031,418.6300048828125,49.12456104243792,44.654964369716424,39.03749551385465,39.26444529939866,39.55025808960644
CHTR,2025-05-20,427.3900146484375,418.55999755859375,423.489990234375,48.6412948825426,44.6391491058847,39.04925731422568,39.253989186929246,39.51520510050746
CHTR,2025-05-21,424.25,413.57000732421875,415.44000244140625,47.69018836454927,44.63237058825817,39.180866534600135,39.299468982459814,39.5289184276211
CHTR,2025-05-22,418.3699951171875,409.5799865722656,409.92999267578125,43.59756724318061,44.61038962828149,39.25086631603124,39.333013026309764,39.55420245095124
CHTR,2025-05-23,408.9599914550781,402.0,406.3599853515625,42.22041655346207,44.58324955983943,39.24958497624178,38.99212509751447,39.567657865539665
CHTR,2025-05-27,412.489990234375,407.45001220703125,411.1300048828125,42.14567186336492,44.57489336428166,39.18285199029217,39.00947122515766,39.546724809142844
CHTR,2025-05-28,413.32000732421875,406.17999267578125,407.3800048828125,42.262302988024565,44.48575609490935,39.218788060785926,39.00548025609725,39.54452866842371
CHTR,2025-05-29,407.5899963378906,392.0299987792969,395.80999755859375,43.43939684462677,44.89386330821211,39.416534913605474,39.15233903042596,39.64961343200123
CHTR,2025-05-30,397.3399963378906,388.05999755859375,396.2699890136719,42.07184220890321,44.572117347443616,39.225271168913444,39.146726826337506,39.64928468410989
CHTR,2025-06-02,395.8800048828125,384.67999267578125,394.7799987792969,41.963704044103835,44.52089819258608,39.0135051387535,39.127991978726044,39.652401049070704
CHTR,2025-06-03,393.20001220703125,382.1700134277344,390.79998779296875,38.895496848850065,44.53209715035143,39.04069570038983,38.94239372411617,39.637099676911994
CHTR,2025-06-04,395.239990234375,388.739990234375,388.7699890136719,38.519672314155144,44.417229895369665,39.04921595186083,38.947630002050325,39.46100013183169
CHTR,2025-06-05,393.989990234375,388.80999755859375,391.2699890136719,38.32080905426415,43.23543860361252,38.43615318581751,38.93999408858992,39.462004905212865
CHTR,2025-06-06,399.45001220703125,393.7200012207031,396.45001220703125,38.235330667966885,43.11680400715913,38.463373295971984,38.939030258704484,39.42300528614997
CHTR,2025-06-09,398.6099853515625,394.05999755859375,394.55999755859375,22.784594373170215,43.03394924278832,38.29696401352953,38.94475383401509,39.4142481802773
CHTR,2025-06-10,406.9100036621094,395.75,406.7699890136719,24.18999515565779,43.31195505468717,38.57225806545794,38.98229474921916,39.520283355424155
CHTR,2025-06-11,408.6099853515625,397.9100036621094,399.7900085449219,23.90118028630859,43.48706266195714,38.67950181848236,39.040633370988736,39.550887860161275
CHTR,2025-06-12,400.2900085449219,395.6600036621094,396.8999938964844,23.689901241708984,43.52828827930059,38.65539966043517,39.05173143290272,39.558266754664125
CHTR,2025-06-13,394.8800048828125,387.7799987792969,388.7200012207031,23.522009734273215,43.76116447947806,38.80985538088262,39.013601979353005,39.62063199419295
CHTR,2025-06-16,392.69000244140625,374.20001220703125,375.2300109863281,25.6525773432687,44.086240902234955,39.22598068734016,39.101719201919735,39.78259369786159
CHTR,2025-06-17,378.4700012207031,370.5799865722656,373.6199951171875,24.583309270179125,44.093420549303694,39.10865455338929,39.09776761073305,39.783930299663076
CHTR,2025-06-18,381.8800048828125,372.9599914550781,377.42999267578125,24.021089732265246,44.09392947116856,39.001439185187024,38.97417873751039,39.78884783680462
CHTR,2025-06-20,388.8999938964844,380.0799865722656,386.3699951171875,25.057586955197785,44.159661941401836,39.17397167122659,39.055573448178436,39.711366526391544
CHTR,2025-06-23,392.8500061035156,385.8900146484375,392.5799865722656,25.55855790871158,43.96687238189238,39.237152870345874,39.06093524572554,39.618130330641556
CHTR,2025-06-24,404.0199890136719,392.69000244140625,403.5,26.782574359322336,44.285400544534156,39.363811246745314,39.18613690034615,39.646432608516704
CHTR,2025-06-25,403.75,397.3699951171875,398.8500061035156,26.989974167788844,43.744319622473924,37.95432711440264,39.12690186837541,39.61284069549696
CHTR,2025-06-26,399.4599914550781,390.0400085449219,394.010009765625,26.410030912802103,43.82894839704997,37.81579975898,39.13706310922094,39.59971498205653
CHTR,2025-06-27,402.7799987792969,395.0899963378906,400.9700012207031,26.88246880666812,43.944982030932444,37.84494962525417,39.17784246695714,39.60110719854333
CHTR,2025-06-30,410.3800048828125,402.25,408.80999755859375,27.20071182289374,43.889362330532414,37.93986377744138,39.22781754386872,39.64216268014131
CHTR,2025-07-01,419.79998779296875,407.79998779296875,418.2200012207031,27.512247944705674,43.644373113035144,38.03684680941242,39.24554030663875,39.69342661681775
CHTR,2025-07-02,417.9100036621094,411.3699951171875,412.260009765625,27.191329699941452,39.83365021570305,37.962538798454496,39.23699183017785,39.696027179065126
CHTR,2025-07-03,420.5,411.3500061035156,416.9700012207031,27.184355920466846,39.6598909843349,37.8937838124519,39.23839975737519,39.69291791844435
CHTR,2025-07-07,422.2900085449219,407.0,408.32000732421875,27.294722749567807,39.20677467973137,38.004543903417954,39.279763773374754,39.68446868137605
CHTR,2025-07-08,412.67999267578125,405.9800109863281,411.6600036621094,27.131016243048833,36.26118226301674,37.89704816270743,39.288372867182915,39.681094969134655
CHTR,2025-07-09,413.1400146484375,400.0,403.55999755859375,27.634647830606323,35.77182821500572,38.02301789753913,39.36030215595615,39.73716582739775
CHTR,2025-07-10,406.5799865722656,401.1000061035156,401.5799865722656,27.431367353997288,35.786035975184646,37.94777658377803,39.35135232921268,39.54794643881707
CHTR,2025-07-11,401.8900146484375,391.7900085449219,392.20001220703125,28.12734657651231,36.06231134667542,38.14828398573673,39.451842498361366,39.61293869141742
CHTR,2025-07-14,400.1499938964844,391.0899963378906,399.6099853515625,27.447521014419706,36.1996371295976,38.25048062031101,39.31219126076029,39.65174756208374
CHTR,2025-07-15,399.5199890136719,383.1000061035156,383.3299865722656,30.01081290333755,36.65656776890852,38.843074963148474,39.297807166154264,39.744098941247614
CHTR,2025-07-16,387.989990234375,377.989990234375,379.6199951171875,30.106245340131483,36.567729346117694,38.87357081033618,39.310124391719,39.69939761050838
CHTR,2025-07-17,387.7300109863281,378.0,383.55999755859375,30.168806017776213,34.96669919452317,38.89290034612626,39.32612824898278,39.48833701430342
CHTR,2025-07-18,385.9599914550781,378.7699890136719,382.0799865722656,30.15358838030163,34.620441190850315,38.84649013890268,39.30766546540489,39.482690523384775
CHTR,2025-07-21,389.8699951171875,384.0299987792969,388.8900146484375,30.554125291152555,34.60527048804236,38.80879473346297,39.28805592409986,39.51118343000022
CHTR,2025-07-22,399.3500061035156,389.0799865722656,395.8500061035156,30.756589998421376,34.69679481777433,38.82004567631916,39.32598841760027,39.45293484163168
CHTR,2025-07-23,402.1499938964844,393.2300109863281,398.1099853515625,30.766442144731077,26.86834482180231,38.757801587351686,39.307408205461655,39.452802076499495
CHTR,2025-07-24,398.739990234375,379.0799865722656,380.0,32.26490413797164,28.533438116517505,39.44057015148707,39.682991646777985,39.66450987624693
CHTR,2025-07-25,335.5199890136719,307.3399963378906,309.75,66.8617669008411,50.376418183134675,51.008745575266936,44.55780178475474,44.60048008035042
CHTR,2025-07-28,309.3999938964844,296.3699951171875,298.2699890136719,67.39482893276247,50.712946653642646,51.32324909219205,44.66090048091085,44.69913169895685
CHTR,2025-07-29,298.2099914550781,280.1099853515625,280.67999267578125,68.95415410525287,51.879821281807295,51.94475335233768,45.156492036690814,45.09972395954262
CHTR,2025-07-30,285.9599914550781,274.0,279.8900146484375,68.59457418634605,51.837231714846524,51.89008761029565,44.455445856373366,42.359369579711625
CHTR,2025-07-31,283.4800109863281,268.5799865722656,269.3599853515625,69.0667640860296,51.91308834584323,52.18292176591641,44.466132271215876,42.43404441062489
CHTR,2025-08-01,271.6600036621094,263.55999755859375,264.69000244140625,68.79868699472156,51.67900500206801,52.19298223553102,44.501000880342566,42.43276158224155
CHTR,2025-08-04,268.6700134277344,260.760009765625,261.75,67.98480169440495,51.62240451645499,51.70894859123006,44.503059058806976,42.43756243557958
CHTR,2025-08-05,268.5799865722656,261.739990234375,265.9800109863281,67.98800250031599,51.8185665240867,51.745857142262,44.54558345462859,42.469584968946016
CHTR,2025-08-06,268.1499938964844,260.82000732421875,262.0400085449219,66.89974930892724,51.8440291458124,51.75885213482366,44.34300588317638,42.48214221627759
CHTR,2025-08-07,264.489990234375,257.05999755859375,258.7799987792969,66.89691729926186,51.82057854159067,51.67896392324274,44.23893414175822,42.42379135256473
CHTR,2025-08-08,260.70001220703125,256.0299987792969,256.57000732421875,66.91563133175323,51.47859689369173,51.65931575001211,44.23044211966154,42.39445427388732
CHTR,2025-08-11,262.80999755859375,254.6699981689453,258.7699890136719,66.59476544497443,51.503153839724,51.688753954002586,44.23469534881754,42.40051625258469
CHTR,2025-08-12,265.1700134277344,259.3800048828125,263.1000061035156,66.47677581332043,51.55816793484196,51.783377004579954,44.29017751699566,42.337792979948766
CHTR,2025-08-13,270.20001220703125,261.3699951171875,269.0,66.44859348904453,51.65142814422246,51.72212359349994,44.3562102822323,42.402033608068194
CHTR,2025-08-14,267.260009765625,259.1499938964844,263.20001220703125,66.48013826662617,51.66706946585177,51.79759714326466,44.39661586995972,42.290127492080885
CHTR,2025-08-15,268.1499938964844,263.6300048828125,267.79998779296875,66.70747362784445,51.77272634111847,51.857680836774676,44.4271826346443,42.28876868935847
CHTR,2025-08-18,268.9800109863281,265.510009765625,266.80999755859375,66.75552806104731,51.72237720649827,51.721848700449115,44.41800541538916,42.26210361031599
CHTR,2025-08-19,271.0299987792969,264.75,267.010009765625,66.57468958974717,51.73356985028037,51.51581726877018,44.37293699861112,42.26118159930877
CHTR,2025-08-20,269.239990234375,265.19000244140625,266.6199951171875,66.6576969544861,51.74547736280232,51.51386384513336,44.37288102745445,42.25846747798479
CHTR,2025-08-21,268.8699951171875,264.2200012207031,267.9800109863281,66.83662053824018,51.66142908879641,51.29029408693354,44.31546588464891,42.258681691803254
CHTR,2025-08-22,282.6000061035156,269.5799865722656,277.5799865722656,68.22077920137708,52.38185682836413,51.6506754711415,44.532496077956615,42.36164917485401
CHTR,2025-08-25,276.69000244140625,272.80999755859375,273.44000244140625,67.61941306863153,52.20575609930182,51.664989066555236,44.543301462132554,42.38201059230198
CHTR,2025-08-26,272.79998779296875,264.3800048828125,266.6700134277344,67.17289676478015,52.32519309608149,51.62075664601692,44.59743334769533,42.430080990327255
CHTR,2025-08-27,269.92999267578125,264.7799987792969,269.1499938964844,67.4558108774166,52.423308763462,51.496212318928784,44.610036055889665,42.36608796667499
