Ticker,Date,Open,High,Low,Close,Volume,Realised_Vol_Close_30,Realised_Vol_Close_60,Realised_Vol_Close_100,Realised_Vol_Close_180,Realised_Vol_Close_252,Vol_of_Vol_100d,Vol_of_Vol_100d_Percentile,Kurtosis_Close_100d,Kurtosis_Returns_100d
EZPW,1991-08-27,3.858911339295576,3.858911339295576,3.3662843997944947,3.4483885765075684,5754000.0,,,,,,,,,
EZPW,1991-08-28,3.202075106757028,3.4483885765075684,3.202075106757028,3.4483885765075684,1383600.0,,,,,,,,,
EZPW,1991-08-29,3.3662846551298697,3.5304930210113525,3.3662846551298697,3.5304930210113525,236400.0,,,,,,,,,
EZPW,1991-08-30,3.5304929724644376,3.5304929724644376,3.3662846088409424,3.3662846088409424,260700.0,,,,,,,,,
EZPW,1991-09-03,3.44838875039947,3.44838875039947,3.284179449081421,3.284179449081421,389100.0,,,,,,,,,
EZPW,1991-09-04,3.3662848112220525,3.3662848112220525,3.202075498114912,3.243128061294556,610500.0,,,,,,,,,
EZPW,1991-09-05,3.202075498114912,3.284179684862765,3.202075498114912,3.243128061294556,377100.0,,,,,,,,,
EZPW,1991-09-06,3.202075216436364,3.284179395961718,3.1199710369110107,3.1199710369110107,261900.0,,,,,,,,,
EZPW,1991-09-09,3.2841794232025885,3.2841794232025885,3.1199710627898427,3.202075242996216,27900.0,,,,,,,,,
EZPW,1991-09-10,3.1199710369110107,3.202075216436364,2.955761738248952,3.1199710369110107,674100.0,,,,,,,,,
EZPW,1991-09-11,3.0378661529088458,3.202075464280905,3.0378661529088458,3.161022901535034,151200.0,,,,,,,,,
EZPW,1991-09-12,3.202075242996216,3.366284543020321,3.1199710627898427,3.202075242996216,204000.0,,,,,,,,,
EZPW,1991-09-13,3.325232009313775,3.44838875039947,3.284179449081421,3.284179449081421,605400.0,,,,,,,,,
EZPW,1991-09-16,3.448389102497667,3.776806799055529,3.2841797844130047,3.6536500453948975,1143900.0,,,,,,,,,
EZPW,1991-09-17,3.6125979694537818,3.776806327421218,3.530492850858718,3.6947021484375,173400.0,,,,,,,,,
EZPW,1991-09-18,3.530492850858718,3.6947021484375,3.530492850858718,3.6947021484375,219300.0,,,,,,,,,
EZPW,1991-09-19,3.612597942352295,3.77680629908785,3.530492824373179,3.612597942352295,210300.0,,,,,,,,,
EZPW,1991-09-20,3.6947020991095183,3.776806276997063,3.530492803723096,3.571545362472534,675300.0,,,,,,,,,
EZPW,1991-09-23,3.694702326504226,3.694702326504226,3.3662846551298697,3.5304930210113525,255000.0,,,,,,,,,
EZPW,1991-09-24,3.612598093887563,3.612598093887563,3.3662846088409424,3.3662846088409424,65400.0,,,,,,,,,
EZPW,1991-09-25,3.612598420582329,3.776806799055529,3.366284913261067,3.6536500453948975,146700.0,,,,,,,,,
EZPW,1991-09-26,3.858910986503673,3.858910986503673,3.6125975392717615,3.776805877685547,97800.0,,,,,,,,,
EZPW,1991-09-27,3.694702237844467,3.941015720367432,3.694702237844467,3.941015720367432,179400.0,,,,,,,,,
EZPW,1991-09-30,3.941015155710565,3.941015155710565,3.694701708478655,3.776805877685547,541800.0,,,,,,,,,
EZPW,1991-10-01,3.776805877685547,3.941015155710565,3.776805877685547,3.776805877685547,144000.0,,,,,,,,,
EZPW,1991-10-02,3.941015720367432,3.941015720367432,3.735754798135417,3.941015720367432,542100.0,,,,,,,,,
EZPW,1991-10-03,3.941015720367432,3.941015720367432,3.7768064188149992,3.941015720367432,54300.0,,,,,,,,,
EZPW,1991-10-04,3.941015694718406,3.941015694718406,3.776806394234685,3.8589115142822266,100800.0,,,,,,,,,
EZPW,1991-10-07,3.7768064188149992,3.941015720367432,3.7768064188149992,3.941015720367432,6600.0,,,,,,,,,
EZPW,1991-10-08,3.776805877685547,3.941015155710565,3.776805877685547,3.776805877685547,397500.0,,,,,,,,,
EZPW,1991-10-09,3.941015625,3.941015625,3.6125979694537818,3.6947021484375,81000.0,57.62263477761033,,,,,,,,
EZPW,1991-10-10,3.776806509444968,3.776806509444968,3.5304930210113525,3.5304930210113525,12600.0,59.263415433858015,,,,,,,,
EZPW,1991-10-11,3.694702120720073,3.77680629908785,3.530492824373179,3.612597942352295,77400.0,59.245581673644324,,,,,,,,
EZPW,1991-10-14,3.530492803723096,3.776806276997063,3.530492803723096,3.571545362472534,69600.0,57.58172519088244,,,,,,,,
EZPW,1991-10-15,3.5715449848627,3.776805877685547,3.5304924304536365,3.776805877685547,124200.0,59.055760777009546,,,,,,,,
EZPW,1991-10-16,3.694701708478655,3.8999626013015023,3.694701708478655,3.776805877685547,232500.0,58.848888168472634,,,,,,,,
EZPW,1991-10-17,3.776805877685547,3.858910986503673,3.694701708478655,3.776805877685547,170400.0,58.848888168472634,,,,,,,,
EZPW,1991-10-18,3.776806394234685,3.941015694718406,3.776806394234685,3.8589115142822266,78300.0,57.528171279223194,,,,,,,,
EZPW,1991-10-21,3.9410157005724216,3.9410157005724216,3.776806399844783,3.899963140487671,39300.0,57.26132205247097,,,,,,,,
EZPW,1991-10-22,3.8999631600764815,4.105225021919864,3.7768064188149992,3.941015720367432,477300.0,56.42941197949954,,,,,,,,
EZPW,1991-10-23,3.9410157005724216,4.023119881130559,3.858911520014284,3.899963140487671,44100.0,56.64993516492607,,,,,,,,
EZPW,1991-10-24,4.269433066820019,4.597851645537073,4.023119602587878,4.351538181304932,911100.0,63.97774030089211,,,,,,,,
EZPW,1991-10-25,4.515747048509184,4.515747048509184,4.269433556052111,4.433642864227295,140100.0,63.87064302589195,,,,,,,,
EZPW,1991-10-28,4.433642356178546,4.433642356178546,4.10522471707279,4.351538181304932,174900.0,57.398158192035574,,,,,,,,
EZPW,1991-10-29,4.351538679945406,4.597852172402478,4.269433556052111,4.433642864227295,149400.0,57.50029471808619,,,,,,,,
EZPW,1991-10-30,4.515746636826761,4.679955930031645,4.474695018234031,4.597851753234863,93600.0,58.12891573545814,,,,,,,,
EZPW,1991-10-31,4.76206083165075,4.76206083165075,4.515747324158272,4.55679988861084,192600.0,57.65794727041907,,,,,,,,
EZPW,1991-11-01,4.679955930031645,4.679955930031645,4.515746636826761,4.597851753234863,154500.0,57.37103993084677,,,,,,,,
EZPW,1991-11-04,4.679955930031645,4.721008488235697,4.515746636826761,4.597851753234863,154500.0,57.11845821849425,,,,,,,,
EZPW,1991-11-05,4.597851313537831,4.76205965142799,4.597851313537831,4.67995548248291,123000.0,54.59206671941838,,,,,,,,
EZPW,1991-11-06,4.597851753234863,4.762060106828427,4.597851753234863,4.597851753234863,128700.0,50.85076037710608,,,,,,,,
EZPW,1991-11-07,4.597851753234863,4.762060106828427,4.597851753234863,4.597851753234863,164400.0,50.311610928651504,,,,,,,,
EZPW,1991-11-08,4.762060398727472,4.762060398727472,4.5978520350684615,4.721008777618408,6300.0,49.51968591038324,,,,,,,,
EZPW,1991-11-11,4.762060848888076,4.762060848888076,4.597852469706345,4.638904094696045,60000.0,47.89117736336574,,,,,,,,
EZPW,1991-11-12,4.597851849980336,4.844165325164795,4.597851849980336,4.844165325164795,120000.0,48.98431707202666,,,,,,,,
EZPW,1991-11-13,4.926269597313813,5.2546872572642815,4.679956117448122,5.090478897094727,629400.0,49.45227168247518,,,,,,,,
EZPW,1991-11-14,5.090479030975145,5.254687395463407,4.762060422775856,4.803112983703613,267000.0,53.05946200065835,,,,,,,,
EZPW,1991-11-15,5.0083730978744585,5.0083730978744585,4.67995548248291,4.67995548248291,145500.0,53.300968353940284,,,,,,,,
EZPW,1991-11-18,4.762060642242432,4.762060642242432,4.515747144546936,4.762060642242432,103800.0,53.22418705371531,,,,,,,,
EZPW,1991-11-19,4.5157465310521605,4.762059995284302,3.9410154277142633,4.351538181304932,418800.0,58.54277079525172,,,,,,,,
EZPW,1991-11-20,4.351538679945406,4.515747048509184,4.269433556052111,4.433642864227295,212400.0,58.11604968581058,57.456966592917425,,,,,,,
EZPW,1991-11-21,4.597852172402478,4.597852172402478,4.433642864227295,4.433642864227295,136800.0,56.07022634204613,57.456966592917425,,,,,,,
EZPW,1991-11-22,4.433642460029979,4.597851753234863,4.433642460029979,4.597851753234863,175500.0,56.52169019637847,57.70125249008603,,,,,,,
EZPW,1991-11-25,4.597852172402478,4.597852172402478,4.433642864227295,4.433642864227295,21900.0,57.71759657304044,57.31240841281821,,,,,,,
EZPW,1991-11-26,4.433642645764647,4.597851945848605,4.433642645764647,4.474695205688477,18900.0,55.852508929576274,56.99282968987633,,,,,,,
EZPW,1991-11-27,4.556799195030813,4.597851753234863,4.433642460029979,4.597851753234863,6000.0,56.1672113114701,57.04639157748688,,,,,,,
EZPW,1991-11-29,4.597852172402478,4.597852172402478,4.433642864227295,4.433642864227295,1200.0,57.50910885289932,57.688067927226115,,,,,,,
EZPW,1991-12-02,4.433642864227295,4.433642864227295,4.433642864227295,4.433642864227295,10800.0,57.321397790327076,56.97011509858029,,,,,,,
EZPW,1991-12-03,4.433642460029979,4.597851753234863,4.433642460029979,4.597851753234863,156000.0,58.03685652464887,57.166338286007445,,,,,,,
EZPW,1991-12-04,4.433642864227295,4.597852172402478,4.433642864227295,4.433642864227295,60600.0,59.262067063071456,57.45379513358239,,,,,,,
EZPW,1991-12-05,4.597851596779795,4.597851596779795,4.26943302154541,4.26943302154541,102600.0,60.354684272164405,58.12108002886376,,,,,,,
EZPW,1991-12-06,4.433642780079561,4.433642780079561,3.941015804515165,4.187329292297363,54600.0,51.4956363758459,58.31073248920805,,,,,,,
EZPW,1991-12-09,4.35153813515965,4.35153813515965,4.26943302154541,4.26943302154541,1200.0,51.52052131055193,58.233126902275,,,,,,,
EZPW,1991-12-10,4.10522510957376,4.351538597355958,4.10522510957376,4.187329292297363,26700.0,51.542286284285176,54.38310939902601,,,,,,,
EZPW,1991-12-11,4.10522471707279,4.351538181304932,4.10522471707279,4.351538181304932,16200.0,52.51758206158744,54.859466711649276,,,,,,,
EZPW,1991-12-12,4.351538181304932,4.351538181304932,4.187328891946405,4.351538181304932,49500.0,51.33612398928934,54.859466711649276,,,,,,,
EZPW,1991-12-13,4.35153813515965,4.35153813515965,4.187328847542458,4.26943302154541,104100.0,51.540548738664995,54.796732953425696,,,,,,,
EZPW,1991-12-16,4.187329371770223,4.433642864227295,4.187329371770223,4.433642864227295,134400.0,52.74153027343993,55.17720678957376,,,,,,,
EZPW,1991-12-17,4.4336430867733885,4.4336430867733885,4.269433770355741,4.392590522766113,18900.0,52.7918374549723,55.15263150538979,,,,,,,
EZPW,1991-12-18,4.351537781960498,4.515746116638184,4.351537781960498,4.515746116638184,41700.0,53.18404547909766,54.31511202211833,,,,,,,
EZPW,1991-12-19,4.351538283233198,4.597851753234863,4.351538283233198,4.597851753234863,73200.0,53.22808710435085,51.97310059027897,,,,,,,
EZPW,1991-12-20,4.474694913421002,4.597851645537073,4.351538181304932,4.351538181304932,126900.0,55.568714931331485,52.98182876585202,,,,,,,
EZPW,1991-12-23,4.351538181304932,4.351538181304932,4.351538181304932,4.351538181304932,6000.0,54.92458887698629,52.31636626719681,,,,,,,
EZPW,1991-12-24,4.433642356178546,4.474694913421002,4.351538181304932,4.351538181304932,15900.0,54.74809972339957,51.50090057004445,,,,,,,
EZPW,1991-12-26,4.515746826000946,4.556799385924776,4.474695205688477,4.474695205688477,31200.0,53.81221566122522,51.763194322329376,,,,,,,
EZPW,1991-12-27,4.351538283233198,4.597851753234863,4.351538283233198,4.597851753234863,30300.0,52.29037731566246,51.35269649859025,,,,,,,
EZPW,1991-12-30,4.351538181304932,4.597851645537073,4.351538181304932,4.351538181304932,8400.0,52.02001023296603,52.6925967832615,,,,,,,
EZPW,1991-12-31,4.515746204981521,4.67995548248291,4.351537867091362,4.67995548248291,167700.0,55.99739734610624,54.44438048465416,,,,,,,
EZPW,1992-01-02,4.679956456214408,4.762060642242432,4.515747144546936,4.762060642242432,96600.0,55.99739734610624,54.398292859329025,,,,,,,
EZPW,1992-01-03,4.926269503689167,5.0083736822135405,4.679956028504709,4.844165325164795,78600.0,49.20933959748481,53.625404179995215,,,,,,,
EZPW,1992-01-06,5.090478453414107,5.172582626342773,4.844164995016833,5.172582626342773,67800.0,52.24555813145061,54.79367545154411,,,,,,,
EZPW,1992-01-07,5.090479094251097,5.090479094251097,4.844165604845583,4.96732234954834,185100.0,53.88393370340003,54.604919327419985,,,,,,,
EZPW,1992-01-08,5.008373777398591,5.090478897094727,4.844165417229036,5.090478897094727,463800.0,53.367418339643244,54.62609699969919,,,,,,,
EZPW,1992-01-09,4.844165604845583,5.090479094251097,4.844165604845583,4.96732234954834,102300.0,52.70542087968161,54.8662626913365,,,,,,,
EZPW,1992-01-10,4.679956720173088,4.926270231761146,4.679956720173088,4.885217666625977,50700.0,53.00680383877925,54.02893422487176,,,,,,,
EZPW,1992-01-13,4.92626953125,4.92626953125,4.762060233671218,4.92626953125,51900.0,52.53834278660586,54.027779378432825,,,,,,,
EZPW,1992-01-14,4.885216971952468,5.090478828828782,4.844165352266281,4.92626953125,122100.0,51.25408521826728,54.027779378432825,,,,,,,
EZPW,1992-01-15,5.008373340874164,5.377843528470077,4.926269167945499,5.172582626342773,87600.0,52.88819587320358,54.681522188617414,,,,,,,
EZPW,1992-01-16,5.254686878410992,5.3367919921875,5.090478530080558,5.3367919921875,16800.0,52.6459651137305,54.93703018977125,,,,,,,
EZPW,1992-01-17,5.172583128367849,5.3367924297737925,5.090478947470562,5.254687309265137,192000.0,51.55853354088441,55.088841786136534,,,,,,-0.94,
EZPW,1992-01-20,5.3367924297737925,5.41889661067108,5.254687309265137,5.254687309265137,18900.0,49.932354210575824,55.0066377746515,54.23573764519835,,,,,-0.9,0.84
EZPW,1992-01-21,5.2546872572642815,5.418896557045194,5.090478897094727,5.090478897094727,200700.0,50.62071169023519,51.00827214497878,54.53186398952907,,,,,-0.88,0.78
EZPW,1992-01-22,5.090478530080558,5.3367919921875,5.090478530080558,5.3367919921875,107700.0,51.86500644233387,51.723595785196196,54.87822249140445,,,,,-0.83,0.7
EZPW,1992-01-23,5.172582914662915,5.336792209284562,5.172582914662915,5.295739650726318,11400.0,51.44784149305514,51.574921083872894,54.28255845072441,,,,,-0.79,0.79
EZPW,1992-01-24,5.172583359390417,5.336792668130425,5.090479174826119,5.213635921478272,85500.0,51.03560323488837,51.61621037488312,54.17728055754489,,,,,-0.77,0.81
EZPW,1992-01-27,5.090478947470562,5.3367924297737925,5.090478947470562,5.254687309265137,54000.0,51.00575965188433,51.15048110334761,54.10919648822441,,,,,-0.75,0.82
EZPW,1992-01-28,5.3367919921875,5.3367919921875,5.090478530080558,5.3367919921875,50100.0,50.494935296781144,51.16761036475223,54.12997038912315,,,,,-0.73,0.81
EZPW,1992-01-29,5.2546875439547165,5.336792668130425,5.090479174826119,5.213635921478272,78000.0,50.41322310842008,51.424672610190534,53.86854541711086,,,,,-0.75,0.86
EZPW,1992-01-30,5.090479455941932,5.4188971519470215,5.090479455941932,5.4188971519470215,9300.0,51.106845763780896,51.96357762367413,54.030142744693,,,,,-0.74,0.82
EZPW,1992-01-31,5.172583645040339,5.665210658853704,5.172583645040339,5.4188971519470215,160800.0,50.76307128651389,51.87244338718971,53.804766404406635,,,,,-0.78,0.86
EZPW,1992-02-03,5.501001089333222,6.157837390899658,5.501001089333222,6.157837390899658,326100.0,61.78807786953635,57.705170394728555,57.192296142915424,,,,,-0.35,1.3
EZPW,1992-02-04,6.157836294252275,6.486253916741979,6.157836294252275,6.363097190856934,486900.0,58.96381643028541,57.97762808509933,57.33442840450627,,,,,0.19,1.25
EZPW,1992-02-05,6.157836294252275,6.486253916741979,6.157836294252275,6.363097190856934,138600.0,58.96381643028541,57.82121191316498,57.26786696705963,,,,,0.5,1.29
EZPW,1992-02-06,6.157837483023993,6.486255168914795,6.157837483023993,6.486255168914795,38700.0,58.86766478940447,57.69991136127614,55.019551830965796,,,,,0.77,1.37
EZPW,1992-02-07,6.157837390899658,6.486255071877167,6.157837390899658,6.157837390899658,43500.0,61.6322098362737,58.339753201015945,55.76852577860111,,,,,0.69,1.24
EZPW,1992-02-10,6.48625459778,6.48625459778,6.15783694080739,6.239941120147705,14100.0,61.440027367665465,57.597159040018894,55.777279380093084,,,,,0.61,1.23
EZPW,1992-02-11,6.48625459778,6.48625459778,6.239941120147705,6.239941120147705,81000.0,58.354564570291856,56.16020682366406,55.60688279321835,,,,,0.54,1.27
EZPW,1992-02-12,6.239941631070006,6.4862551288702885,6.239941631070006,6.322046756744385,69300.0,55.4472205429265,55.82843203355337,55.55340136285516,,,,,0.47,1.28
EZPW,1992-02-13,6.48625459778,6.48625459778,6.239941120147705,6.239941120147705,71100.0,55.79739042549562,55.888971058122415,55.56587895188218,,,,,0.37,1.27
EZPW,1992-02-14,6.2399416695938354,6.486255168914795,6.2399416695938354,6.486255168914795,62100.0,56.4180020313285,52.71673547737412,55.1456714423897,,,,,0.33,1.31
EZPW,1992-02-18,6.4862543726406985,6.4862543726406985,6.239940903557997,6.280993461608887,128400.0,55.10503284724746,53.24805164467485,54.14179605454953,,,,,0.22,1.46
EZPW,1992-02-19,6.157837015517215,6.404150496137904,5.254687273370903,5.788366794586182,168600.0,59.28928254269176,56.178758867763264,55.6910191769507,,,,,0.12,1.4
EZPW,1992-02-20,5.665209869543712,5.993627519791744,5.665209869543712,5.911523342132568,27300.0,59.19988398010051,55.89400968101167,55.4186109479332,,,,,-0.0,1.48
EZPW,1992-02-21,5.993627519791744,5.993627519791744,5.665209869543712,5.911523342132568,12900.0,58.56237927626389,55.26025211748523,54.916931741801065,,,,,-0.1,1.6
EZPW,1992-02-24,5.665209869543712,5.911523342132568,5.665209869543712,5.911523342132568,33300.0,58.204861148051044,55.26103256615161,54.916931741801065,,,,,-0.19,1.6
EZPW,1992-02-25,5.665210269666959,5.911523759652479,5.665210269666959,5.747314453125,147900.0,59.05233810612837,55.46121028839735,54.816260439001496,,,,,-0.26,1.65
EZPW,1992-02-26,5.911523313306174,5.993627490564984,5.665209841918417,5.829419136047363,117900.0,59.08817797905217,54.865010306991955,54.83765330762612,,,,,-0.34,1.64
EZPW,1992-02-27,5.911523600004862,5.993627781245583,5.870471039578815,5.952576160430908,32100.0,57.85740246102965,54.95798850023509,54.75582984349416,,,,,-0.41,1.65
EZPW,1992-02-28,5.993627071380615,5.993627071380615,5.747313617219614,5.993627071380615,108900.0,57.31338828717809,54.56792973469228,54.69185112278691,,,,,-0.48,1.67
EZPW,1992-03-02,5.747314565346808,6.075733184814453,5.747314565346808,6.075733184814453,90000.0,57.078839201331654,53.92990904280657,54.19421441076494,,,,,-0.55,1.79
EZPW,1992-03-03,5.911523624342315,6.157837108689911,5.911523624342315,6.034680366516113,283800.0,57.162550254856825,53.244631421769675,54.05690783786141,,,,,-0.61,1.83
EZPW,1992-03-04,6.034679626944535,6.1578363540250365,5.993627071380615,5.993627071380615,99000.0,56.233756820491074,53.052425101298795,53.48546437525715,,,,,-0.69,1.98
EZPW,1992-03-05,6.2399409923806015,6.2399409923806015,5.911523342132568,5.911523342132568,82800.0,55.060942831359014,53.129590907502,53.494399432112516,,,,,-0.76,1.99
EZPW,1992-03-06,5.911523575277542,6.075732876683485,5.090478947470562,5.254687309265137,330600.0,65.28517231860359,58.633352474393405,56.87915637532156,,,,,-0.78,2.29
EZPW,1992-03-09,5.254686981773794,5.583105564117432,5.254686981773794,5.583105564117432,196500.0,67.43078320898657,59.36446544994289,56.99447343777222,,,,,-0.82,2.27
EZPW,1992-03-10,5.583105564117432,5.583105564117432,5.501000448725868,5.583105564117432,33300.0,67.41289157063706,59.36446544994289,56.99447343777222,,,,,-0.85,2.27
EZPW,1992-03-11,5.583106003041446,5.583106003041446,5.336792516725079,5.501000881195068,25500.0,67.45863934248914,59.30010251564578,57.06881026453803,,,,,-0.89,2.24
EZPW,1992-03-12,5.459949716301956,5.501001341045429,5.336792962848614,5.4188971519470215,29100.0,67.2405582561298,59.0117440127543,57.0744075171578,,,,,-0.91,2.24
EZPW,1992-03-13,5.336791812819674,5.501000155631119,5.336791812819674,5.459948539733887,631800.0,66.33870894162484,58.95851625320723,57.06671270772785,,,,,-0.93,2.24
EZPW,1992-03-16,5.418896698960074,5.583106003041446,5.418896698960074,5.501000881195068,46200.0,66.37175664951755,58.75202306457251,57.0592253083799,,,,,-0.96,2.25
EZPW,1992-03-17,5.4188971519470215,5.501001341045429,5.4188971519470215,5.4188971519470215,2334600.0,54.38909778087099,58.78862008499197,57.09194502404075,,,,,-0.98,2.23
EZPW,1992-03-18,5.501000881195068,5.6652101852764405,5.418896698960074,5.501000881195068,366300.0,53.57553304328591,57.58802527311023,54.527485774334664,,,,,-1.0,2.33
EZPW,1992-03-19,5.50100096313948,5.747314453125,5.50100096313948,5.747314453125,224700.0,55.393581195177596,58.157947870762236,54.8637849058551,,,,,-1.04,2.23
EZPW,1992-03-20,5.747314047202887,6.157836814721426,5.583105691884536,5.911523342132568,325200.0,55.77229011145523,58.34826394990673,54.90529560356183,,,,,-1.08,2.22
EZPW,1992-03-23,6.15783694080739,6.32204623909937,6.075732761467074,6.239941120147705,195300.0,56.16397509929756,59.02721573224093,55.44611761802675,,,,,-1.12,2.08
EZPW,1992-03-24,6.322046701194123,6.322046701194123,6.075733205558136,6.157837390899658,286500.0,56.16397509929756,58.97611794478974,55.25465036989032,,,,,-1.17,2.13
EZPW,1992-03-25,6.322046701194123,6.322046701194123,6.157837390899658,6.157837390899658,170700.0,56.16397509929756,57.65101288036081,55.22385914587552,,,,,-1.21,2.14
EZPW,1992-03-26,6.157837369875656,6.322046679609479,6.075733184814453,6.075733184814453,182400.0,56.134955186055905,56.05832868718025,55.27674235846285,,,,,-1.25,2.12
EZPW,1992-03-27,5.993627490564984,6.239940961952741,5.829419136047363,5.829419136047363,224700.0,57.23875700230246,56.76402360765942,55.71850295784159,,,,,-1.27,1.97
EZPW,1992-03-30,5.993627715232969,5.993627715232969,5.74731423461228,5.788366794586182,142800.0,55.91290474260725,56.73048229423483,55.6837946030966,,,,,-1.29,1.98
EZPW,1992-03-31,5.911523342132568,5.911523342132568,5.665209869543712,5.911523342132568,60600.0,55.69380531167663,55.34773388621623,55.672413400481034,,,,,-1.3,1.99
EZPW,1992-04-01,5.911522899864035,5.993627071380615,5.747313617219614,5.993627071380615,105300.0,50.455410345761884,54.672225286801456,55.69961618340813,,,,,-1.32,1.99
EZPW,1992-04-02,6.07573263706225,6.157836814721426,5.829419164473393,5.911523342132568,145200.0,50.2720747334088,54.59627369635398,55.628424818873356,,,,,-1.33,2.0
EZPW,1992-04-03,5.911523313306174,6.07573260743512,5.829419136047363,5.829419136047363,26400.0,50.435236097786294,54.416672594218205,55.599058532938116,,,,,-1.33,2.01
EZPW,1992-04-06,6.075733184814453,6.075733184814453,5.993628060141834,6.075733184814453,13500.0,51.87423927836825,54.83463811411282,55.56398445442885,,,,,-1.35,2.02
EZPW,1992-04-07,6.07573263706225,6.07573263706225,5.665209869543712,5.911523342132568,40200.0,51.837108785901144,55.19153835150008,55.23786026187353,,,,,-1.37,2.1
EZPW,1992-04-08,5.583105664659606,5.829419136047363,5.583105664659606,5.829419136047363,106200.0,51.85459176580434,55.29875371846139,54.464657223011095,,,,,-1.37,2.3
EZPW,1992-04-09,5.583105664659606,5.829419136047363,5.583105664659606,5.829419136047363,10800.0,51.47475973012824,54.46353252175074,54.28159189291648,,,,,-1.36,2.38
EZPW,1992-04-10,5.788366504337477,5.911523238472316,5.665209770202637,5.665209770202637,44700.0,52.0438282781932,54.47077050303408,54.44424262121239,,,,,-1.34,2.31
EZPW,1992-04-13,5.665209841918417,5.829419136047363,5.583105664659606,5.829419136047363,92700.0,52.60852572398912,54.64923385317897,52.573744091020316,,,,,-1.32,2.5
EZPW,1992-04-14,5.829418728347454,5.993627071380615,5.747313617219614,5.993627071380615,78300.0,53.24984889454767,54.907601725226186,52.662835808195275,,,,,-1.3,2.47
EZPW,1992-04-15,5.911523313306174,6.07573260743512,5.829419136047363,5.829419136047363,33300.0,53.818720330015324,54.80874087774686,52.88747022758011,,,,,-1.26,2.38
EZPW,1992-04-16,5.829419164473393,6.07573263706225,5.829419164473393,5.911523342132568,119700.0,53.84380925534084,54.0612323429642,52.643978883169396,,,,,-1.23,2.47
EZPW,1992-04-20,5.829419136047363,5.829419136047363,5.829419136047363,5.829419136047363,2100.0,40.98102526139961,54.12309281960218,52.34224352333923,,,,,-1.19,2.58
EZPW,1992-04-21,6.075733184814453,6.075733184814453,5.829419690019426,6.075733184814453,6600.0,38.97944574020688,54.60703946027058,52.691551721690146,,,,,-1.15,2.45
EZPW,1992-04-22,5.870470754871106,5.911523313306174,5.829419136047363,5.829419136047363,44400.0,41.03096728888873,55.330425216308576,53.0161166973949,,,,,-1.1,2.35
EZPW,1992-04-23,5.829419031069505,5.911523206849759,5.459948830641395,5.583105564117432,1678800.0,42.79242415621867,56.009080042626216,53.15351207112582,,,,,-1.04,2.31
EZPW,1992-04-24,5.747314019177227,5.829419136047363,5.583105664659606,5.829419136047363,180300.0,44.257110810530605,56.44395481307429,53.54622282187036,,,,,-0.98,2.18
EZPW,1992-04-27,5.418896340036642,5.583105633241526,4.433642460029979,4.597851753234863,1247700.0,82.32900718562911,74.28067516394097,65.46997983318514,,,,,-0.98,10.52
EZPW,1992-04-28,4.844166108021504,4.844166108021504,3.9410162398516655,4.105225563049316,1127400.0,87.90147577574228,77.65648170845598,67.6614062028422,,,,,-0.94,9.22
EZPW,1992-04-29,4.35153813515965,4.515746483165555,4.187328847542458,4.26943302154541,522600.0,89.01770575745694,73.19592992633946,67.69396228544844,,,,,-0.94,9.33
EZPW,1992-04-30,4.433642864227295,4.433642864227295,4.187329371770223,4.433642864227295,170400.0,89.76711766825909,73.3152292068858,67.88445518899296,,,,,-0.96,9.3
EZPW,1992-05-01,4.433642309162603,4.433642309162603,4.228381404349578,4.26943302154541,42000.0,88.84831039839708,73.59030025028726,68.0866303081309,,,,,-0.96,9.06
EZPW,1992-05-04,4.269433166825096,4.762060106828427,4.269433166825096,4.597851753234863,591600.0,91.51661497424112,75.25604924526729,69.02000964174482,,,,,-0.98,8.65
EZPW,1992-05-05,4.76205965142799,4.8441647599843,4.597851313537831,4.67995548248291,310800.0,89.95394933296774,74.7810873803292,68.81097997614422,,,,,-0.97,8.76
EZPW,1992-05-06,4.844165325164795,4.844165325164795,4.762060207029082,4.844165325164795,134700.0,90.84472511852326,75.12319113930857,69.01915775523317,,,,,-0.95,8.67
EZPW,1992-05-07,4.679956028504709,4.844165325164795,4.679956028504709,4.844165325164795,12600.0,90.84472511852326,75.12319113930857,68.94400526617673,,,,,-0.95,8.75
EZPW,1992-05-08,4.844165767881881,4.844165767881881,4.515747144546936,4.762060642242432,175800.0,90.8700046286553,75.08098284017663,68.75476953921424,,,,,-0.94,8.79
EZPW,1992-05-11,4.515746204981521,4.67995548248291,4.515746204981521,4.67995548248291,22800.0,90.37148654968406,75.10671500199598,68.79674911997681,,,,,-0.94,8.75
EZPW,1992-05-12,4.679956456214408,4.762060642242432,4.515747144546936,4.762060642242432,87600.0,90.65504398762465,74.70517764016392,68.7134188865193,,,,,-0.92,8.79
EZPW,1992-05-13,4.762060848888076,4.762060848888076,4.515747340504013,4.638904094696045,8400.0,90.44104734490833,74.62315166278209,68.78548879955068,62.57888853367031,,,,-0.92,8.67
EZPW,1992-05-14,4.762059558265925,4.762059558265925,4.515746116638184,4.515746116638184,117000.0,90.35489807267693,73.04855700432847,68.35478446425817,62.66978479794783,,,,-0.93,8.99
EZPW,1992-05-15,4.679956126084905,4.679956126084905,4.351538465528347,4.474695205688477,123000.0,90.34547141810492,72.86565168825088,68.37141484243084,62.62727412061613,,,,-0.94,8.96
EZPW,1992-05-18,4.679955820410688,4.679955820410688,4.351538181304932,4.351538181304932,35400.0,90.49844710927312,73.01405649289472,68.51770049430681,62.45353761337776,,,,-0.94,8.82
EZPW,1992-05-19,4.351538679945406,4.597852172402478,4.351538679945406,4.433642864227295,7500.0,89.61902015395482,73.1702162590661,68.4377144846226,62.40905250196821,,,,-0.94,8.86
EZPW,1992-05-20,4.433641949299341,4.515746116638184,4.1873285076716,4.515746116638184,55800.0,89.85005546638676,73.1565298041161,68.36274843285449,62.41694959994712,,,,-0.94,8.89
EZPW,1992-05-21,4.515747275176485,4.515747275176485,4.269433770355741,4.392590522766113,8700.0,90.00340357082861,73.2142808625035,67.93982943268566,62.51409222763997,,,,-0.95,9.21
EZPW,1992-05-22,4.26943302154541,4.515746483165555,4.26943302154541,4.26943302154541,13500.0,90.12171291941053,73.17505821025509,67.07853062299998,62.43236739473515,,,,-0.93,9.59
EZPW,1992-05-26,4.515746483165555,4.515746483165555,4.26943302154541,4.26943302154541,2700.0,90.00091132945226,73.13881448257035,67.01447586896428,62.366042918729605,,,,-0.92,9.61
EZPW,1992-05-27,4.515746962803164,4.515746962803164,4.187329292297363,4.187329292297363,18300.0,89.31220760505397,73.08049538940213,67.0129109108376,62.33004291886428,,,,-0.91,9.55
EZPW,1992-05-28,4.269433280546218,4.433642578125,4.269433280546218,4.31048583984375,20100.0,89.35849777707891,73.43520996849001,66.32896501651726,62.39956602960647,,,,-0.96,9.94
EZPW,1992-05-29,4.187329074724136,4.351538371250432,4.023119778197842,4.228381633758545,570900.0,89.25320172646478,73.48798776521303,66.09894410592926,62.434340231118234,,,,-0.98,10.15
EZPW,1992-06-01,4.351539078040045,4.351539078040045,4.105225563049316,4.105225563049316,25800.0,89.09863143285101,73.63198011388302,66.11253376515603,62.47778970449206,,,,-0.99,10.05
EZPW,1992-06-02,4.351538181304932,4.351538181304932,4.10522471707279,4.351538181304932,47100.0,91.40083547888047,71.01749359880064,66.70339784215096,61.58546541589212,,,,-1.03,9.77
EZPW,1992-06-03,4.105224673539506,4.35153813515965,4.105224673539506,4.26943302154541,379200.0,90.13249842476988,69.82900307795322,66.71841010091497,61.61878823417154,,,,-1.06,9.76
EZPW,1992-06-04,4.35153813515965,4.35153813515965,4.187328847542458,4.26943302154541,33000.0,89.74777689527659,69.82900307795322,66.70061432004162,61.61878823417154,,,,-1.09,9.76
EZPW,1992-06-05,4.10522510957376,4.351538597355958,4.10522510957376,4.187329292297363,11700.0,89.25631524018256,69.86448751514685,66.7612096730447,61.603600926642464,,,,-1.11,9.68
EZPW,1992-06-08,4.351538597355958,4.351538597355958,4.187329292297363,4.187329292297363,9300.0,87.90552019192776,69.83601536858647,66.27082753406201,61.58644850379018,,,,-1.16,9.95
EZPW,1992-06-09,4.187328847542458,4.26943302154541,4.023119559925266,4.26943302154541,36300.0,56.275109411311284,69.96426385005846,66.14566843627813,61.60739761512216,,,,-1.21,10.03
EZPW,1992-06-10,4.26943302154541,4.26943302154541,4.023119559925266,4.26943302154541,31500.0,45.41252744298871,69.92809605469881,66.11225880320298,61.33467973072513,,6.05,71.0,-1.26,10.08
EZPW,1992-06-11,4.26943302154541,4.26943302154541,4.023119559925266,4.26943302154541,4200.0,43.96687227847625,69.89667598595936,66.11225880320298,60.58046832088906,,6.07,70.5,-1.31,10.08
EZPW,1992-06-12,4.269433410513234,4.269433410513234,4.023119926452637,4.023119926452637,1800.0,45.7035274501033,70.69290306431276,66.5727892745749,60.87542747348477,,6.1,75.0,-1.33,9.71
EZPW,1992-06-15,4.26943302154541,4.26943302154541,4.023119559925266,4.26943302154541,5100.0,47.95029308757488,71.2259941335233,66.83116267603039,61.072419105464014,,6.13,79.0,-1.38,9.56
EZPW,1992-06-16,4.023119987238768,4.269433475020966,4.023119987238768,4.187329292297363,30000.0,42.77173731826214,70.94786077674014,66.88139305013048,60.904158884652496,,6.15,79.0,-1.42,9.5
EZPW,1992-06-17,4.187329196913643,4.187329196913643,3.2020752682280795,3.284179449081421,737700.0,81.19782100250386,84.97705088437766,76.99984655781493,67.37624588413352,,6.37,100.0,-1.21,9.86
EZPW,1992-06-18,3.284179233011148,3.3662843480740574,3.202075057559543,3.3252317905426025,365400.0,80.3521597549312,85.10689848725846,77.02214532266298,67.19747556391421,,6.58,100.0,-1.1,9.86
EZPW,1992-06-19,3.4483885545283446,3.61259784651918,3.366284378338584,3.407335996627808,166200.0,80.99140192467897,85.37897703101265,77.09400847830659,67.26424088651638,,6.77,100.0,-1.07,9.82
EZPW,1992-06-22,3.44838875039947,3.44838875039947,3.284179449081421,3.284179449081421,81000.0,81.30597837378953,85.55502488352438,77.20742439208593,67.35680800314336,,6.95,100.0,-1.03,9.73
EZPW,1992-06-23,3.4483885545283446,3.4483885545283446,3.284179262537509,3.407335996627808,125400.0,82.52462170859064,85.8401534960208,77.18227824888861,67.4548543463076,,7.12,99.0,-1.05,9.74
EZPW,1992-06-24,3.448388833583264,3.5304930164171635,3.366284650749363,3.489441394805908,53400.0,82.73438035918159,86.10193315482219,77.31116063842481,67.33353439515581,,7.28,100.0,-1.09,9.7
EZPW,1992-06-25,3.489441204994959,3.612597942352295,3.3252319086480653,3.612597942352295,305400.0,83.59904596231291,86.3463232382433,74.62303142775515,67.41210405646726,,7.4,94.0,-1.13,10.79
EZPW,1992-06-26,3.612597942352295,3.612597942352295,3.366284467637623,3.612597942352295,5400.0,83.44318862640738,86.2424195962909,74.3777735987463,67.19592731659138,,7.51,93.0,-1.17,10.89
EZPW,1992-06-29,3.612597869545036,3.612597869545036,3.4483885765075684,3.4483885765075684,11400.0,84.20922455338189,86.58932314059504,74.65375025469658,67.3660969980191,,7.62,94.0,-1.19,10.59
EZPW,1992-06-30,3.6125975392717615,3.776805877685547,3.448388261246744,3.776805877685547,172800.0,88.77578185989321,88.96928195978555,76.1286167301035,68.21133434141899,,7.73,94.0,-1.24,9.88
EZPW,1992-07-01,3.941015744969562,4.023119926452637,3.6947022609089646,4.023119926452637,58200.0,90.71056717157275,89.58792577622714,76.52955963580752,68.3004536808978,,7.85,94.0,-1.27,9.87
EZPW,1992-07-02,4.023119854231071,4.023119854231071,3.776806374592202,3.817858934402466,16800.0,91.5596271374321,89.97758904730559,76.8557093012625,68.58471482327656,,7.97,94.0,-1.3,9.53
EZPW,1992-07-06,3.941016447636205,4.023120643758112,3.941016447636205,3.9820690155029297,101700.0,92.3286415931896,90.53196137559708,77.21413195396534,68.76495834357482,,8.08,99.0,-1.33,9.39
EZPW,1992-07-07,4.023119901337964,4.023119901337964,3.8589115393969,3.941015720367432,322800.0,92.04869493085896,90.52581664723321,77.16804602384488,68.7299366686428,,8.19,96.0,-1.35,9.38
EZPW,1992-07-08,4.023119901337964,4.023119901337964,3.8589115393969,3.941015720367432,58500.0,92.04869493085896,90.41789775395712,77.15995867201721,68.71865714922076,,8.29,95.0,-1.38,9.41
EZPW,1992-07-09,4.023119901337964,4.023119901337964,3.941015720367432,3.941015720367432,90600.0,91.91359678440634,90.1397803987543,76.85095233477783,68.70748679496428,,8.38,90.0,-1.41,9.53
EZPW,1992-07-10,4.023119901337964,4.023119901337964,3.941015720367432,3.941015720367432,30900.0,91.44658472596652,89.86760845088858,76.73096027251101,68.69618978536813,,8.44,89.0,-1.43,9.67
EZPW,1992-07-13,4.023119926452637,4.023119926452637,4.023119926452637,4.023119926452637,1500.0,91.56075488018023,89.93668719497364,75.83044983934258,67.49581807682688,,8.51,86.0,-1.44,10.42
EZPW,1992-07-14,4.023119324917457,4.023119324917457,3.776805877685547,3.776805877685547,9600.0,92.95880213986872,90.58564323272358,76.30971470156516,67.86333216155302,,8.57,87.0,-1.45,9.94
EZPW,1992-07-15,3.941015155710565,3.941015155710565,3.776805877685547,3.776805877685547,8100.0,91.15000547599116,90.5880003351011,76.30971470156516,67.83033586003768,,8.62,86.5,-1.46,9.94
EZPW,1992-07-16,3.941015694718406,3.941015694718406,3.776806394234685,3.8589115142822266,73200.0,91.35371633773099,90.22317526216547,76.41814986705408,67.84253020016754,,8.66,87.0,-1.46,9.91
EZPW,1992-07-17,3.941015720367432,3.941015720367432,3.7768064188149992,3.941015720367432,57000.0,91.62458166328334,90.13087514342297,76.4256967374108,67.74863942326067,,8.7,87.0,-1.46,10.0
EZPW,1992-07-20,3.941015720367432,3.941015720367432,3.7768064188149992,3.941015720367432,11400.0,91.48885724690066,89.81482231721249,76.37401246636723,67.74183141371374,,8.73,85.0,-1.45,10.01
EZPW,1992-07-21,3.941015155710565,3.941015155710565,3.776805877685547,3.776805877685547,71400.0,92.23565656311885,89.53610344834702,76.51337504166679,67.9113089514754,,8.76,87.0,-1.44,9.79
EZPW,1992-07-22,3.9410157005724216,3.9410157005724216,3.858911520014284,3.899963140487671,30600.0,92.58096534654607,75.95905160491976,76.71363866786447,68.02461776842209,,8.79,88.0,-1.42,9.71
EZPW,1992-07-23,3.8589113432298654,4.679955930031645,3.8589113432298654,4.597851753234863,473100.0,104.56573021990016,79.93042723004156,81.22396323690204,70.75704235947627,,8.87,100.0,-1.39,8.52
EZPW,1992-07-24,4.597852453063407,4.597852453063407,4.35153894557093,4.55679988861084,17700.0,104.61643694992327,79.57845188162831,81.227445082265,70.73400435194881,,8.95,100.0,-1.35,8.52
EZPW,1992-07-27,4.597852270186386,4.762060642242432,4.3515387724908905,4.762060642242432,28200.0,103.61648817897498,79.71320083729393,81.56435380063151,70.92629280594595,,9.01,100.0,-1.31,8.4
EZPW,1992-07-28,4.844165223236529,4.844165223236529,4.597851753234863,4.597851753234863,11100.0,102.97081782192417,79.65976832755602,81.71068644603285,70.97943252241615,,9.07,100.0,-1.27,8.3
EZPW,1992-07-29,4.597852270186386,4.803113205062156,4.597852270186386,4.762060642242432,39000.0,103.17567935534291,78.5285471670031,79.80265721371096,71.07097409735395,,9.13,96.0,-1.25,9.35
EZPW,1992-07-30,4.597851849980336,4.844165325164795,4.597851849980336,4.844165325164795,41400.0,71.77815841638665,78.52301365173182,79.24445854594258,70.91445412444135,,9.17,95.0,-1.22,9.61
EZPW,1992-07-31,4.926269557907202,5.008373737335205,4.679956080011841,5.008373737335205,73800.0,72.02019239621652,78.50215084009956,79.43612910780718,70.7803218768233,,9.22,95.0,-1.19,9.54
EZPW,1992-08-03,5.008373710233718,5.008373710233718,4.762060233671218,4.92626953125,67200.0,72.46511748837735,78.58019638828034,79.44413563273478,70.47081529181517,,9.25,95.0,-1.16,9.53
EZPW,1992-08-04,4.926269503689167,4.926269503689167,4.679956028504709,4.844165325164795,10800.0,71.51283071990615,78.57750412588287,79.45253109622571,70.43131863238578,,9.29,95.0,-1.13,9.53
EZPW,1992-08-05,4.844165325164795,4.844165325164795,4.679956028504709,4.844165325164795,21900.0,71.24099540811257,78.49118526792017,79.44060417222572,70.40157997392848,,9.31,93.0,-1.09,9.52
EZPW,1992-08-06,4.844165325164795,4.844165325164795,4.803112766096938,4.844165325164795,36000.0,71.22431773478093,78.41291593039847,79.4286516939794,69.57793488549646,,9.33,91.0,-1.06,9.52
EZPW,1992-08-07,4.803112205706145,4.8441647599843,4.67995548248291,4.67995548248291,51600.0,72.0367723812728,78.55069317334028,79.57432149208411,69.6676711821068,,9.35,95.0,-1.02,9.4
EZPW,1992-08-10,4.844165325164795,4.844165325164795,4.679956028504709,4.844165325164795,6600.0,72.37045250212188,78.65514107285418,79.73672359538693,69.7849773691801,,9.33,95.0,-0.98,9.33
EZPW,1992-08-11,4.8441647599843,4.8441647599843,4.67995548248291,4.67995548248291,78000.0,71.63731533333603,78.96798956257243,79.57858649112049,69.77575027829954,,9.31,94.0,-0.91,9.31
EZPW,1992-08-12,4.679956216897967,4.762060398727472,4.679956216897967,4.721008777618408,61500.0,67.4187657714362,78.75682454481708,79.45038322510914,69.6478669125264,,9.28,91.0,-0.84,9.36
EZPW,1992-08-13,4.8441647599843,4.8441647599843,4.67995548248291,4.67995548248291,6600.0,65.4449766795287,78.69954721646323,78.9411243313716,69.648076073083,,9.24,85.0,-0.79,9.58
EZPW,1992-08-14,4.67995548248291,4.76205965142799,4.515746204981521,4.67995548248291,36600.0,63.17370542391363,78.61559154655512,78.92484224569117,69.57448697470501,,9.2,84.0,-0.72,9.61
EZPW,1992-08-17,4.515747340504013,4.762060848888076,4.515747340504013,4.638904094696045,21300.0,62.418828377056855,78.42103476113182,78.9294362692294,69.4474366453122,,9.15,84.0,-0.66,9.59
EZPW,1992-08-18,4.638903893394684,4.762060642242432,4.515747144546936,4.762060642242432,71100.0,62.53178512316882,78.34711986348489,79.04467074928934,69.51527050836577,,9.09,85.0,-0.59,9.58
EZPW,1992-08-19,4.762060106828427,4.762060106828427,4.597851753234863,4.597851753234863,18000.0,63.65636041597396,78.71115306144864,78.97200834838873,69.5089074647053,,9.03,84.0,-0.5,9.63
EZPW,1992-08-20,4.597851753234863,4.762060106828427,4.597851753234863,4.597851753234863,18600.0,63.65636041597396,78.59404364886197,78.9692847153828,69.37409368816127,,8.97,83.0,-0.4,9.64
EZPW,1992-08-21,4.597851753234863,4.762060106828427,4.597851753234863,4.597851753234863,59700.0,63.65636041597396,78.38619578219674,78.88145887780038,69.22706487629023,,8.9,79.0,-0.29,9.67
EZPW,1992-08-24,4.515746636826761,4.762060106828427,4.351538283233198,4.597851753234863,28800.0,63.50094238862294,78.27240040794388,78.83925808733865,69.18687491589446,,8.82,78.0,-0.19,9.68
EZPW,1992-08-25,4.351538283233198,4.597851753234863,4.351538283233198,4.597851753234863,600.0,60.208631032707146,78.00707313672027,78.82004178263972,69.15034337108376,65.49967085876062,8.74,77.0,-0.07,9.71
EZPW,1992-08-26,4.433642460029979,4.597851753234863,4.433642460029979,4.597851753234863,32700.0,60.208631032707146,77.11725505781403,78.7994883132096,69.11010879444713,65.49967085876062,8.64,76.0,0.05,9.74
EZPW,1992-08-27,4.597851223588239,4.597851223588239,4.433641949299341,4.515746116638184,66300.0,60.44515414684084,77.10615738265275,78.52357077948317,68.99655023436016,65.48886415291136,8.54,75.0,0.15,9.83
EZPW,1992-08-28,4.67995548248291,4.67995548248291,4.433642036036441,4.67995548248291,9900.0,60.9260646376118,77.4344256761247,78.66280835753872,69.12436630761374,65.39812042275273,8.42,75.0,0.27,9.83
EZPW,1992-08-31,4.679955930031645,4.679955930031645,4.433642460029979,4.597851753234863,93900.0,61.28556549895126,77.41536761035252,78.67901347753956,69.11920615312947,65.37394081324781,8.28,75.0,0.41,9.82
EZPW,1992-09-01,4.638902928204756,4.76205965142799,4.597851313537831,4.67995548248291,166200.0,59.67757774028295,77.48509322175526,78.7427458133138,69.0074168142546,65.37935854609222,8.13,75.0,0.55,9.8
EZPW,1992-09-02,4.762060233671218,5.1725830078125,4.762060233671218,4.92626953125,321000.0,60.62707231190332,78.0668915263916,79.08170126266556,69.2607077099453,65.56883189162616,7.97,85.0,0.67,9.71
EZPW,1992-09-03,5.172583035802562,5.2546872152305655,5.008373737335205,5.008373737335205,48000.0,38.48825856598146,78.11880057538006,78.98856897945085,69.21212127449738,65.45995013045524,7.75,83.0,0.76,9.75
EZPW,1992-09-04,5.090478947470562,5.254687309265137,5.008373826961906,5.254687309265137,28800.0,40.45998827791994,78.66664601726951,79.24443202542179,69.409217591991,65.57836069973195,7.53,85.0,0.71,9.63
EZPW,1992-09-08,5.090478947470562,5.254687309265137,5.090478947470562,5.254687309265137,93600.0,38.71782350525063,77.57280057543879,79.13091195905491,69.09104913045712,65.51866318565651,7.29,84.0,0.71,9.74
EZPW,1992-09-09,5.213635595322239,5.2546872152305655,5.008373737335205,5.008373737335205,146400.0,39.990444525933135,77.44544235776833,79.442668212286,69.33439100484382,65.70014368330875,7.03,89.0,0.69,9.46
EZPW,1992-09-10,5.008373826961906,5.254687309265137,5.008373826961906,5.254687309265137,3000.0,41.056481239374364,77.856131619098,79.80653121950316,69.55911479091795,65.85318147022303,6.74,96.0,0.62,9.33
EZPW,1992-09-11,5.2546875439547165,5.2546875439547165,5.008374050650411,5.213635921478272,121800.0,40.963481150628155,58.54807984169772,79.52253073593549,69.49334921704113,65.818604165932,6.44,91.0,0.23,9.43
EZPW,1992-09-14,5.4188961663527175,5.4188961663527175,5.172582704245776,5.3367919921875,46800.0,40.40753633819752,58.6284488599229,79.36048871698497,69.47453665542812,65.00955226548585,6.12,83.0,0.01,9.62
EZPW,1992-09-15,5.172582914662915,5.295739650726318,5.172582914662915,5.295739650726318,42000.0,40.13407462159619,58.611660176894866,79.07866617708905,69.1635210800985,65.00879493229539,5.77,78.0,-0.05,9.85
EZPW,1992-09-16,5.172582704245776,5.3367919921875,5.172582704245776,5.3367919921875,84300.0,39.74115972527832,57.884497228574816,78.77967127230325,68.64088002918331,65.01167749112106,5.4,66.0,-0.37,9.99
EZPW,1992-09-17,5.172582626342773,5.336791911811382,5.172582626342773,5.172582626342773,5100.0,40.97486282295472,58.122272523382826,69.25195360208555,68.71591455487459,65.05004375118327,5.35,36.0,-0.41,10.18
EZPW,1992-09-18,5.172583359390417,5.336792668130425,5.172583359390417,5.213635921478272,21000.0,41.00225402846511,58.0165914329244,66.77942506311513,68.69319500049788,65.0404211502229,5.36,13.0,-0.43,11.83
EZPW,1992-09-21,5.172582626342773,5.295739355541411,5.172582626342773,5.172582626342773,17400.0,39.62200982584404,57.79502719465626,66.53642853640295,68.26037692848519,65.03407762009185,5.38,8.0,-0.47,11.98
EZPW,1992-09-22,5.2546875439547165,5.2546875439547165,5.172583359390417,5.213635921478272,86700.0,38.5402694500939,57.78278283900057,66.29569372599107,68.09621108225117,64.8496048929749,5.4,7.0,-0.51,12.16
EZPW,1992-09-23,5.172582626342773,5.2136351826127445,5.172582626342773,5.172582626342773,79500.0,37.068466336096776,56.81422212595317,66.01337485961619,68.04184539559971,64.35477399638704,5.43,1.0,-0.54,12.45
EZPW,1992-09-24,5.172583128367849,5.254687309265137,5.172583128367849,5.254687309265137,25200.0,37.212693213446926,54.07743346911177,65.03165458969097,68.00376982068921,64.29201075614569,5.48,1.0,-0.58,13.22
EZPW,1992-09-25,5.172583035802562,5.172583035802562,5.008373737335205,5.008373737335205,66300.0,39.97927243992528,53.81267255568494,65.44600553948898,68.21473067855685,64.34651677604268,5.53,2.0,-0.61,12.75
EZPW,1992-09-28,5.090478453414107,5.172582626342773,5.090478453414107,5.172582626342773,56400.0,40.90343311666128,52.835895072465455,65.41768900044384,68.31382003081636,64.27352352175431,5.57,2.0,-0.63,12.77
EZPW,1992-09-29,5.172583645040339,5.583106469755297,5.172583645040339,5.4188971519470215,351900.0,42.584655766076104,52.975472897398504,65.82139907520533,68.53262572567883,64.43261104848762,5.61,4.0,-0.64,12.46
EZPW,1992-09-30,5.459948928965727,5.829419136047363,5.41889637053066,5.829419136047363,147300.0,46.56904903359554,54.663098557893164,66.73490431412506,68.83222364779229,64.69931598412148,5.64,19.0,-0.52,11.83
EZPW,1992-10-01,5.665210269666959,5.747314453125,5.50100096313948,5.747314453125,97800.0,45.31441455538061,54.81250686086027,66.71309298329011,68.75787413051931,64.71828185864082,5.66,18.0,-0.49,11.85
EZPW,1992-10-02,5.624157071571405,5.6652096284596585,5.254686878410992,5.3367919921875,94500.0,51.093271032108504,57.226591149784454,67.75081051351127,69.29638723983003,65.12010052134329,5.67,28.0,-0.54,10.96
EZPW,1992-10-05,5.172583035802562,5.336792334269919,4.844165378479199,5.008373737335205,122400.0,54.8106844183458,58.92134549968565,68.38997587853211,69.70379300627675,65.41083740288852,5.67,33.0,-0.57,10.45
EZPW,1992-10-06,5.008373777398591,5.090478897094727,5.008373777398591,5.090478897094727,3600.0,54.939651613366514,58.87557267445004,68.28858599339362,69.62995748136733,65.28235246983455,5.67,30.0,-0.6,10.58
EZPW,1992-10-07,5.172582626342773,5.336791911811382,5.172582626342773,5.172582626342773,12600.0,55.04939162000774,57.23451166064696,68.30835284675504,69.42927674110456,65.2575295006766,5.68,31.0,-0.64,10.59
EZPW,1992-10-08,5.172583128367849,5.3367924297737925,5.172583128367849,5.254687309265137,129900.0,55.140937052215456,57.26390162084507,68.18219028192733,69.44888912707027,65.10371827902853,5.68,30.0,-0.68,10.74
EZPW,1992-10-09,5.172582704245776,5.3367919921875,5.172582704245776,5.3367919921875,21900.0,54.80885731808664,57.20544127986935,68.16406380595357,69.4482346731759,65.08330195494148,5.68,30.0,-0.72,10.75
EZPW,1992-10-12,5.090479174826119,5.213635921478272,5.008374050650411,5.213635921478272,73500.0,54.65868697185194,57.4099813763758,68.22856932775724,69.49750406392388,65.1180648586142,5.68,32.0,-0.76,10.65
EZPW,1992-10-13,5.131530716077753,5.336792583656611,4.9262697881102895,4.96732234954834,480900.0,56.394643629019505,58.42569106470668,68.53250168337462,69.70721294859892,65.07870137455286,5.68,35.0,-0.77,10.4
EZPW,1992-10-14,4.926269167945499,5.172582626342773,4.926269167945499,5.172582626342773,114600.0,57.30526924411572,58.085686322551055,68.64639359348365,69.82049128057226,65.19776595313047,5.66,35.0,-0.78,10.4
EZPW,1992-10-15,4.92626953125,5.1725830078125,4.92626953125,4.92626953125,117600.0,57.36842851264503,58.84895417922509,69.11643491173875,69.9050507014431,65.38941854063741,5.64,35.0,-0.78,10.0
EZPW,1992-10-16,5.1725830078125,5.1725830078125,4.885216971952468,4.92626953125,82200.0,57.15420967293073,48.38544920826094,69.03602834517302,69.9050507014431,65.35724313999326,5.61,34.0,-0.77,10.08
EZPW,1992-10-19,5.090478947470562,5.3367924297737925,4.926269646064618,5.254687309265137,389700.0,58.55810135068723,50.04551419711862,69.62287691049394,68.65887265078202,65.65894629094052,5.58,36.0,-0.78,9.73
EZPW,1992-10-20,5.090478947470562,5.3367924297737925,5.090478947470562,5.254687309265137,39600.0,58.55810135068723,49.28686523212952,69.54061742347687,68.54200832428566,65.65242389396472,5.54,35.0,-0.79,9.81
EZPW,1992-10-21,5.336792209284562,5.336792209284562,5.090478737157757,5.295739650726318,44700.0,56.78918100963229,48.701839246041416,69.35930575252921,68.54989250079016,65.64538239772061,5.5,34.0,-0.78,9.98
EZPW,1992-10-22,5.418896084740048,5.418896084740048,5.172582626342773,5.172582626342773,76200.0,55.50797673455754,48.50021344851968,68.9005351989791,68.55902567677973,64.78346004348036,5.47,30.0,-0.78,10.21
EZPW,1992-10-23,5.4188961663527175,5.501000340517934,5.172582704245776,5.3367919921875,126300.0,56.21213252530257,48.7821448218135,68.97709610307335,68.39946109029084,64.83066946256997,5.44,30.0,-0.78,10.21
EZPW,1992-10-26,5.501001341045429,5.501001341045429,5.336792962848614,5.4188971519470215,381300.0,55.97853472920149,48.41948704808338,69.0070973749404,68.40572398601556,64.81743939687188,5.42,30.0,-0.78,10.21
EZPW,1992-10-27,5.377844138036885,5.501000881195068,5.254687394878702,5.501000881195068,104400.0,56.07630016318594,48.35479036302057,68.94674516650502,68.43128523016902,64.80838097304542,5.39,28.0,-0.77,10.29
EZPW,1992-10-28,5.501001341045429,5.501001341045429,5.29574039849368,5.4188971519470215,176700.0,56.23640696087316,48.327000806754576,69.0031969347818,68.4324674250233,64.72940698903493,5.35,29.0,-0.76,10.23
EZPW,1992-10-29,5.501000448725868,5.583105564117432,5.295739539469577,5.583105564117432,143100.0,56.02571721359018,48.66378388632783,69.0878494606664,68.5130221294487,64.78786704205376,5.32,31.0,-0.75,10.18
EZPW,1992-10-30,5.665209841918417,6.07573260743512,5.41889637053066,5.829419136047363,383100.0,57.23814757344828,49.37325976604484,69.38446218972962,68.55106851065963,64.92127993298705,5.27,34.0,-0.72,10.02
EZPW,1992-11-02,5.829419853631471,6.075733355339682,5.829419853631471,5.870471477508545,272400.0,57.13806033652503,48.75303293026017,69.38538730850424,68.45376883971605,64.92405060338193,5.23,34.0,-0.7,10.02
EZPW,1992-11-03,5.911523759652479,5.99362794311052,5.747314453125,5.747314453125,113100.0,57.59581404008076,48.590361646913294,68.77007337967807,67.81357256513196,64.93995345495256,5.2,22.0,-0.66,10.5
EZPW,1992-11-04,5.911523759652479,5.911523759652479,5.747314453125,5.747314453125,89100.0,57.508286742177894,47.96858480694938,68.18600202497059,67.76711905192379,64.91340509072735,5.18,15.0,-0.65,10.86
EZPW,1992-11-05,5.911523313306174,5.911523313306174,5.665209841918417,5.829419136047363,247500.0,57.481153667125305,48.00734707626933,68.1137449648866,67.78836034410111,64.9269589613168,5.17,12.0,-0.63,10.97
EZPW,1992-11-06,5.829419031069505,5.829419031069505,5.583105564117432,5.583105564117432,55200.0,57.12075839517755,48.89326460903358,56.04209548771417,67.97985786640548,65.0256168920049,5.48,1.0,-0.61,3.15
EZPW,1992-11-09,5.665209841918417,6.07573260743512,5.583105664659606,5.829419136047363,215700.0,57.68094840528939,49.578085089650166,56.35320878676637,68.09234858541858,65.1382750126568,5.76,2.0,-0.58,3.01
EZPW,1992-11-10,6.075733184814453,6.157837369875656,5.829419690019426,6.075733184814453,120000.0,57.37026783420301,50.103254526213604,56.561533793371844,68.24756026362311,65.12606526667545,6.02,3.0,-0.53,2.91
EZPW,1992-11-11,6.239940824604572,6.73256775653681,6.239940824604572,6.650463581085205,1380300.0,59.37557998924652,52.93720266127576,57.71553494576375,69.03446324148757,65.55854833329943,6.22,4.0,-0.27,2.62
EZPW,1992-11-12,6.650464255854768,6.650464255854768,6.404150764897184,6.527307510375977,286200.0,59.51233754762262,52.50414648819449,57.65962539791344,69.06810541521563,65.31944673306849,6.42,4.0,-0.15,2.69
EZPW,1992-11-13,6.404150115119086,6.650463581085205,6.404150115119086,6.650463581085205,33600.0,54.78579696107306,52.555063910534905,57.626224070402785,69.08433933670194,65.28546958798167,6.6,4.0,0.01,2.71
EZPW,1992-11-16,6.650464032866285,6.650464032866285,6.486254731196661,6.568359851837158,325500.0,50.90836908418499,52.67868569191815,57.52380479705374,69.09593774190176,65.28019916017696,6.79,4.0,0.08,2.79
EZPW,1992-11-17,6.486254290570691,6.650463581085205,6.486254290570691,6.650463581085205,75000.0,50.87319411443797,52.6803284152265,57.52474323345206,69.10485501892096,64.64062328630212,6.97,5.0,0.14,2.77
EZPW,1992-11-18,6.650464082367319,6.732568264007568,6.486254779475445,6.732568264007568,258000.0,50.83949873194709,52.67914641170152,56.909551822285934,69.09735916541506,64.62684617765589,7.15,4.0,0.17,2.93
EZPW,1992-11-19,6.732568264007568,6.732568264007568,6.56835990072707,6.732568264007568,44400.0,50.85697827954571,52.67914641170152,55.28940700082978,67.64361753682621,64.62684617765589,7.35,1.0,0.2,3.38
EZPW,1992-11-20,6.73256785997767,7.143090622765678,6.650463683264596,6.896777153015137,171600.0,51.02403721000518,52.55375394138111,54.60044189111256,67.33055348913459,64.57230817505014,7.56,1.0,0.25,3.67
EZPW,1992-11-23,6.896777251671101,7.143090724945068,6.896777251671101,7.143090724945068,43500.0,50.65951503239051,52.53930813615915,54.00741407137253,67.4498565668736,64.5457604552361,7.77,1.0,0.39,3.8
EZPW,1992-11-24,7.143090432150322,7.143090432150322,6.896776968972724,7.019933700561523,275700.0,48.26800097685485,52.53315667398104,53.82782551815873,67.45924876300235,64.5702880138438,7.96,1.0,0.39,3.94
EZPW,1992-11-25,6.896777689877102,7.143091178801285,6.896777689877102,7.0609869956970215,312000.0,47.50002675336027,52.486708488535136,53.76640017141624,67.43304358818094,64.52138590741865,8.15,1.0,0.37,3.96
EZPW,1992-11-27,7.0609869956970215,7.0609869956970215,7.0609869956970215,7.0609869956970215,0.0,44.2101735095705,51.67825665734366,53.76640017141624,67.42938178632278,64.40834311228087,8.33,1.5,0.33,3.96
EZPW,1992-11-30,6.896777251671101,7.143090724945068,6.896777251671101,7.143090724945068,50100.0,44.06422350337677,51.64503968462947,53.76580408567337,67.43625242090229,64.41539011623053,8.49,1.0,0.29,3.94
EZPW,1992-12-01,7.143090622765678,7.143090622765678,6.896777153015137,6.896777153015137,104700.0,43.2714660043382,51.5601463864624,54.15179834128113,67.54693529260697,64.42778099785993,8.65,6.0,0.2,3.8
EZPW,1992-12-02,6.896777689877102,7.225195361905548,6.896777689877102,7.0609869956970215,109500.0,43.38042190038664,51.69713305448534,54.174325443689916,67.57864939368469,64.3516982011674,8.79,7.0,0.12,3.79
EZPW,1992-12-03,7.0609870759048246,7.47150893570077,7.0609870759048246,7.307300567626953,75300.0,43.94724501919362,50.842152482861536,53.224528534974105,67.50391968708233,64.30993298638764,8.95,1.0,0.08,4.0
EZPW,1992-12-04,7.4715085944190545,7.96413555536122,7.38940441413248,7.717822074890137,526500.0,44.48939042584662,51.092795913207276,53.756591131979526,67.72455941029985,64.4870967080123,9.09,2.0,0.19,3.71
EZPW,1992-12-07,7.717822048814102,7.8820313484438,7.635717868804932,7.635717868804932,91800.0,44.6824025122855,51.13010308404156,53.780676065958296,67.44957426860442,64.47774480524058,9.22,6.0,0.18,3.73
EZPW,1992-12-08,7.635718288451741,7.717822472973226,7.307300610754394,7.471508979797363,159000.0,45.71827652174368,51.32482999221414,53.9213371673252,67.48252827167228,64.48601745490188,9.34,8.0,0.1,3.71
EZPW,1992-12-09,7.307300020331492,7.471508376106581,7.143090724945068,7.143090724945068,95700.0,48.44892937726205,52.29573642443716,54.52585326493558,67.70184742540128,64.55578428727927,9.44,12.0,-0.03,3.52
EZPW,1992-12-10,7.143090513017442,7.143090513017442,6.650463581085205,6.650463581085205,141600.0,53.36229605150212,54.58636911356426,55.36677285870408,68.2200583329036,64.97180290909523,9.52,15.0,-0.15,3.37
EZPW,1992-12-11,6.896777566899442,6.896777566899442,6.650464082367319,6.732568264007568,47700.0,52.94469191300932,54.12393140026469,55.21513162729871,68.05144954669366,64.946950026955,9.6,14.0,-0.28,3.45
EZPW,1992-12-14,6.896777453190315,7.717822074890137,6.896777453190315,7.717822074890137,350100.0,64.30770132131791,60.525677468436044,53.30363595873364,69.91455884612508,66.23520056843968,9.65,2.0,-0.31,1.66
EZPW,1992-12-15,7.717822048814102,7.717822048814102,7.471508569175233,7.635717868804932,47700.0,64.56800147615341,60.55680471875504,53.31600500891318,69.89109886040042,66.23777533245044,9.7,3.0,-0.39,1.66
EZPW,1992-12-16,7.635717868804932,7.717822048814102,7.389404389166063,7.635717868804932,501300.0,64.00289198105791,60.570589421031904,52.955330231075536,69.87577984636066,66.18877747708648,9.74,1.0,-0.47,1.79
EZPW,1992-12-17,7.717822472973226,7.717822472973226,7.471508979797363,7.471508979797363,1084500.0,64.58987102645816,60.77575994515654,52.74180641297676,69.90633727899795,66.212089125218,9.77,1.0,-0.57,1.85
EZPW,1992-12-18,7.6357168784051614,7.717821047764913,7.471507600074424,7.55361270904541,134700.0,64.57293714277381,60.75119901126883,52.52825262943562,69.8917903135676,65.9702737307365,9.82,1.0,-0.67,1.93
EZPW,1992-12-21,7.6357168784051614,7.717821047764913,7.471507600074424,7.55361270904541,66000.0,62.74951098419946,59.714454062375644,52.494947491832335,69.73014707270632,65.9702737307365,9.87,1.0,-0.76,1.96
EZPW,1992-12-22,7.594664323919668,7.717821047764913,7.55361270904541,7.55361270904541,189900.0,62.01404728132752,59.493662249895486,52.29424672363208,69.64720295992754,65.9702737307365,9.91,1.0,-0.85,2.05
EZPW,1992-12-23,7.717822074890137,7.717822074890137,7.553613714316989,7.717822074890137,240600.0,61.36608592471402,58.99030840790795,52.26071044774652,69.66369939783348,65.94831524719888,9.95,1.0,-0.91,2.04
EZPW,1992-12-24,7.553613714316989,7.717822074890137,7.553613714316989,7.717822074890137,4800.0,56.19177630851112,57.31544130343954,52.154369533351975,69.66369939783348,65.90090344555485,9.98,1.0,-0.98,2.07
EZPW,1992-12-28,7.717822308684447,7.717822308684447,7.471508820751842,7.676770687103271,32100.0,55.83538736345346,57.21965359097649,52.17336114183031,69.57639712730568,65.65536765087091,10.0,2.0,-1.04,2.06
EZPW,1992-12-29,7.799927194788071,7.799927194788071,7.553613714316989,7.717822074890137,63600.0,55.69324071953798,54.8041831664242,52.168249812054114,69.50427186161473,65.27351421612983,10.02,2.0,-1.1,2.06
EZPW,1992-12-30,7.799927322088494,8.04624080657959,7.6357180192239715,8.04624080657959,142200.0,56.42794246351822,53.3127784524924,52.11451966079247,69.59743751156951,65.37613408670846,10.03,1.0,-1.11,2.03
EZPW,1992-12-31,8.046241789119414,8.37465949534071,7.882032466203021,8.210450172424316,125700.0,56.54067315629362,53.34528982502228,51.96082988475869,69.54347378174425,65.38403883379618,10.03,1.0,-1.11,2.09
EZPW,1993-01-04,8.128344988206162,8.25150173045171,7.799927322088494,8.04624080657959,140400.0,57.05977645058593,53.62764979817809,51.73156806020477,69.57748996445767,65.1097762227142,10.02,1.0,-1.14,2.15
EZPW,1993-01-05,7.79992716843463,7.964135528452971,7.635717868804932,7.635717868804932,462900.0,59.50005475415458,54.97282074080647,52.53500782662673,69.84709914887914,65.1979154887845,10.0,11.0,-1.2,1.97
EZPW,1993-01-06,7.6357168784051614,7.88203032609565,7.55361270904541,7.55361270904541,102600.0,59.3454259356531,55.047657339885035,52.549669362962604,69.70036635010892,65.16962035216754,9.98,12.0,-1.25,1.97
EZPW,1993-01-07,7.799926997320085,7.799926997320085,7.143090752822302,7.225194931030273,160800.0,60.08470680427994,55.690939727606384,53.12340054612284,69.7276870520568,65.28022332339461,9.95,15.0,-1.29,1.83
EZPW,1993-01-08,7.225195089536364,7.676770428615195,7.225195089536364,7.635717868804932,75900.0,61.88026609772368,55.46238164783339,53.690280709738445,69.81863823863888,65.47538682938828,9.9,19.0,-1.34,1.65
EZPW,1993-01-11,7.553613965831732,7.882031637524801,7.553613965831732,7.758874893188477,93300.0,61.99359850881362,55.05949302362034,53.61201946274166,69.66548597248486,65.48755314090091,9.85,19.0,-1.37,1.68
EZPW,1993-01-12,7.882032881354612,8.128346408896943,7.635719353812281,7.964137077331543,354600.0,62.339555372659404,53.960744952810714,53.33006177574412,63.660958153123794,65.53237736209375,9.79,19.0,-1.4,1.73
EZPW,1993-01-13,7.882031440734863,8.046240742287296,7.882031440734863,7.882031440734863,226500.0,62.43262748275053,54.06810260708803,53.382581113000526,62.158995407628524,65.37427509574233,9.73,20.0,-1.43,1.71
EZPW,1993-01-14,7.882031697405416,8.046241004305163,7.799927513761243,7.923084259033203,309300.0,61.3636558254604,52.76183770163366,53.375598986918746,62.01488875209352,65.30779534743166,9.65,20.0,-1.46,1.71
EZPW,1993-01-15,7.882032881354612,7.964137077331543,7.882032881354612,7.964137077331543,124500.0,61.1022578439901,52.7438308213557,53.368491229963645,61.880833163976504,65.2862540991504,9.58,20.0,-1.48,1.71
EZPW,1993-01-18,7.882032189002404,8.046241506143772,7.882032189002404,8.005188941955566,138600.0,60.427462903954975,52.744786104696274,53.36126009113008,61.68861026197527,65.2869738703686,9.49,20.0,-1.51,1.71
EZPW,1993-01-19,7.882032466203021,8.292555303688259,7.882032466203021,8.210450172424316,165300.0,58.82672010471315,52.4910173980194,53.445580378277626,61.17027237669631,65.24308834884897,9.4,24.0,-1.52,1.67
EZPW,1993-01-20,8.456762452775973,8.53886757205713,8.128344794485397,8.169397354125977,519300.0,58.7426245471456,52.32190593401742,53.33781914153545,61.153620273513745,65.08746106574004,9.3,20.0,-1.54,1.7
EZPW,1993-01-21,8.538867500703782,8.703075858671218,8.292554024141282,8.6209716796875,1364700.0,60.1254778893343,53.16811588925018,53.67113855390837,61.335650274948335,65.28861621186245,9.2,27.0,-1.51,1.61
EZPW,1993-01-22,8.620971234194602,8.867284698028733,8.456761945101416,8.703075408935547,204000.0,58.254533006919516,53.147720654435524,53.53749456479277,61.33893677283203,65.2690922421791,9.08,26.0,-1.48,1.64
EZPW,1993-01-25,8.620972235997517,8.86728572845459,8.620972235997517,8.86728572845459,264300.0,53.4183701498327,52.98212163623677,53.54306935127193,61.31794324324189,65.28780214069921,8.95,27.0,-1.43,1.64
EZPW,1993-01-26,8.949389457702637,8.949389457702637,8.62097179766215,8.949389457702637,77400.0,53.4123850962811,52.79048116498767,53.05930898664594,61.27140212662773,65.27784566406193,8.82,15.0,-1.38,1.8
EZPW,1993-01-27,8.785179744939404,9.031493186950684,8.785179744939404,9.031493186950684,124200.0,37.448009832307854,52.27648862840636,53.03482627986641,61.25302247140086,65.23175515542357,8.67,15.0,-1.33,1.81
EZPW,1993-01-28,8.785182080435531,9.11359977722168,8.785182080435531,9.11359977722168,159900.0,37.15402271676363,52.27768461660125,52.60623086694925,61.153852465839876,65.13288913337854,8.52,13.0,-1.28,1.96
EZPW,1993-01-29,8.867283912406092,9.19570152188406,8.620970470394811,9.031493186950684,357000.0,37.37080999472832,52.05323432154132,52.64994302306783,61.06424863692783,65.14205382828152,8.35,14.0,-1.26,1.95
EZPW,1993-02-01,9.195702937635842,9.195702937635842,8.826232717736035,8.949389457702637,24300.0,36.742797282373175,52.14325238949424,52.00351567506394,61.06424927196241,63.91468857801812,8.17,3.0,-1.26,2.11
EZPW,1993-02-02,8.703075595952695,8.785180712069263,8.538867242942194,8.57991886138916,300300.0,39.26145656438652,53.09908491157742,52.11064303548992,61.19175523277308,63.98553070072125,7.97,4.0,-1.28,2.13
EZPW,1993-02-03,8.703075408935547,8.785180523287789,8.538867059453658,8.703075408935547,77700.0,39.34470193802515,52.10214573909138,52.091115023004356,61.17876726173901,63.998749112761054,7.76,4.0,-1.29,2.13
EZPW,1993-02-04,8.785181999206543,8.785181999206543,8.703076871060563,8.785181999206543,43800.0,39.34090257131448,51.56869988152473,52.01389045709508,61.15784411763311,63.97871348592275,7.53,4.0,-1.3,2.16
EZPW,1993-02-05,8.785181544172701,8.86728572845459,8.703076420279405,8.86728572845459,63000.0,39.05485481371159,51.06734920377117,51.97822475996281,61.04737792692669,63.76055540090747,7.3,3.0,-1.3,2.17
EZPW,1993-02-08,8.703076871060563,8.867286187741069,8.703076871060563,8.785181999206543,69900.0,39.243244497210796,48.05444546934069,52.02705438342,60.94656569913901,63.75853472314481,7.06,6.0,-1.31,2.16
EZPW,1993-02-09,8.867286187741069,8.867286187741069,8.62097268252604,8.785181999206543,51600.0,39.15962374547609,47.81892378465017,51.708541164730214,60.94656569913901,63.75853472314481,7.02,1.0,-1.31,2.25
EZPW,1993-02-10,8.6209716796875,8.703075858671218,8.1283447265625,8.6209716796875,504600.0,39.73857361657336,47.97723182548627,51.848648890880135,60.94362795995575,63.779617108513,7.01,3.0,-1.32,2.22
EZPW,1993-02-11,8.497814439890405,8.62097117090331,8.3746577088775,8.538866996765137,83100.0,38.22892799668932,47.93824254705184,51.8598877770859,60.89190865850763,63.772692049248114,6.99,4.0,-1.32,2.21
EZPW,1993-02-12,8.538867431775056,8.538867431775056,8.210448839268603,8.456762313842773,49500.0,37.97095474769879,47.993471863567436,51.90990073124534,60.85147213537386,63.67072640125875,6.97,5.0,-1.31,2.2
EZPW,1993-02-16,8.128344988206162,8.292554291070687,8.04624080657959,8.04624080657959,140700.0,40.29925737481588,49.20556021252541,52.59218771759537,61.0542408522873,63.78714401187706,6.95,23.0,-1.29,2.04
EZPW,1993-02-17,8.046241789119414,8.292555303688259,8.046241789119414,8.210450172424316,69600.0,37.495815469237975,49.32750254288556,52.62135971542149,60.74093448351731,63.273174600848435,6.94,25.0,-1.28,2.02
EZPW,1993-02-18,8.292555303688259,8.292555303688259,7.964136657855472,8.210450172424316,264300.0,37.294722149574646,49.140566280262064,51.95039180445383,60.68305287845409,63.2424957040658,6.92,6.0,-1.26,2.19
EZPW,1993-02-19,8.210450172424316,8.210450172424316,7.799928274550569,8.210450172424316,357900.0,34.525310041408034,48.68299494407266,51.77068995699431,60.68305287845409,63.2424957040658,6.91,3.0,-1.24,2.28
EZPW,1993-02-22,8.21044910422836,8.21044910422836,7.882031440734863,7.882031440734863,86100.0,33.404186969079745,49.32085161255767,51.8279710195613,60.85013381990302,63.382538875397124,6.88,4.0,-1.2,2.32
EZPW,1993-02-23,8.046240648073498,8.046240648073498,6.978881609897496,7.635717868804932,308700.0,34.40001877317532,49.792960855553645,50.923938646892154,60.99173548371669,63.40015861125945,6.85,1.0,-1.17,2.56
EZPW,1993-02-24,7.553613688795761,7.635717868804932,7.471508569175233,7.635717868804932,210300.0,33.462220930465165,49.792960855553645,50.853963153677974,60.9629302003714,63.38669530134119,6.82,1.0,-1.12,2.58
EZPW,1993-02-25,7.471508979797363,7.553614103930257,7.307300610754394,7.471508979797363,158100.0,33.886687027721926,49.967368077995246,49.49835961228995,61.033373054504544,63.3961723826524,6.78,1.0,-1.07,2.8
EZPW,1993-02-26,7.389404554444853,7.553613857747421,7.389404554444853,7.43045711517334,3277800.0,33.83713112912921,49.42593278067689,48.34651491673715,61.04080524374918,63.39655629918575,6.74,1.0,-1.02,3.07
EZPW,1993-03-01,7.471508475858718,7.471508475858718,7.389404296875,7.389404296875,373200.0,33.77844692523795,49.224668226797284,48.329013868212925,60.595400413699494,63.38679801518261,6.69,1.0,-0.96,3.1
EZPW,1993-03-02,7.471508843199921,7.799927454504382,7.389404660179501,7.758874893188477,427200.0,36.86412369580978,49.73365579199275,48.81881229380578,60.46987599974444,63.56362641382252,6.64,3.0,-0.9,2.88
EZPW,1993-03-03,7.799927194788071,7.799927194788071,7.553613714316989,7.717822074890137,360000.0,36.020116363217014,48.47262438979591,48.80484419589214,60.41820562871195,63.561928848655654,6.57,3.0,-0.83,2.9
EZPW,1993-03-04,7.717822139182431,7.882031440734863,7.717822139182431,7.882031440734863,171300.0,36.62181746698205,48.609916478030115,48.84652374550822,52.86738522266017,63.576005140752514,6.51,5.0,-0.75,2.88
EZPW,1993-03-05,7.882031415355827,7.882031415355827,7.717822114332125,7.799927234649658,59400.0,32.76956243371389,48.443995574274815,48.70626642254894,52.89069586757152,62.45645998067232,6.43,3.0,-0.67,2.93
EZPW,1993-03-08,7.88203125,7.88203125,7.389404296875,7.389404296875,179100.0,35.65836694761718,48.845402059814624,48.86967757674717,53.293400549374994,62.42070429872575,6.34,7.0,-0.61,2.9
EZPW,1993-03-09,7.389404296875,7.553613594453782,7.389404296875,7.389404296875,168300.0,34.96321586685433,46.48317781010375,48.52093868438905,53.07111278003104,62.42070429872575,6.25,3.0,-0.53,3.09
EZPW,1993-03-10,7.389404795275879,7.635718288451741,7.389404795275879,7.471508979797363,156000.0,35.03686125847656,46.472060173579465,47.80186607195,52.93768496471017,62.40803008269664,6.14,1.0,-0.49,3.3
EZPW,1993-03-11,7.6357168784051614,7.88203032609565,7.55361270904541,7.55361270904541,36900.0,35.10815666284365,37.08700615290499,47.80910923107491,52.89298082437146,62.394156099699735,6.03,2.0,-0.46,3.29
EZPW,1993-03-12,7.882031440734863,7.882031440734863,7.553613777241367,7.882031440734863,149700.0,37.60717707798551,38.0465141536438,47.227678310075305,52.964840598516915,62.527345056658646,5.89,1.0,-0.39,3.48
EZPW,1993-03-15,7.882031440734863,7.882031440734863,7.635717958211899,7.882031440734863,496200.0,37.610596691303705,38.0465141536438,47.227678310075305,52.964840598516915,62.52457470769932,5.75,1.5,-0.31,3.48
EZPW,1993-03-16,7.964137077331543,7.964137077331543,7.635719353812281,7.964137077331543,114900.0,37.82744050900834,37.81206920263939,47.234639596006765,52.622470380526174,62.509012525648565,5.61,3.0,-0.24,3.48
EZPW,1993-03-17,7.964137077331543,7.964137077331543,7.717823549789211,7.964137077331543,85200.0,36.05263136402523,37.75658178835184,47.0317800000634,51.612783803496356,62.49446917525054,5.46,1.0,-0.21,3.55
EZPW,1993-03-18,7.717822354575083,7.964135843972281,7.717822354575083,7.840979099273682,239700.0,35.885880041096925,37.906926482496296,46.93656537470657,51.184091537688246,62.37262644304603,5.3,1.0,-0.15,3.66
EZPW,1993-03-19,7.717822074890137,7.96413555536122,7.717822074890137,7.717822074890137,6900.0,35.844528789473294,38.05658144042741,47.00353892435129,50.80170730794356,62.33702969926473,5.12,2.0,-0.08,3.66
EZPW,1993-03-22,7.717821047764913,7.964134495455402,7.55361270904541,7.55361270904541,207000.0,35.93930897109735,38.05658144042741,47.13373541250805,50.685760211206286,62.14964079137288,4.93,4.0,-0.01,3.63
EZPW,1993-03-23,7.799926156735899,7.799926156735899,7.55361270904541,7.55361270904541,64200.0,35.95142028623031,38.05658144042741,47.04623018907208,50.66051878218961,62.133790380134194,4.72,4.0,0.01,3.66
EZPW,1993-03-24,7.799927071016282,7.799927071016282,7.1430908203125,7.389404296875,316200.0,36.24708389421601,38.30162379864833,47.02169014384713,50.74926470681005,62.17552885583131,4.49,3.0,0.06,3.74
EZPW,1993-03-25,7.389404490842658,7.389404490842658,7.266247749328613,7.266247749328613,7500.0,36.18720929388565,38.422820362794845,46.673652324266314,50.80448015488561,62.18417960219661,4.22,1.0,0.14,3.98
EZPW,1993-03-26,7.471508475858718,7.471508475858718,7.225194999296218,7.389404296875,46500.0,36.74521050448965,37.57165609913325,46.72519881047138,50.82756583256132,62.06084060189268,3.93,2.0,0.23,3.94
EZPW,1993-03-29,7.225194152383934,7.55361270904541,7.225194152383934,7.55361270904541,41700.0,37.51902325471488,37.61704813745307,46.67509586442499,50.83426974356365,62.091174899192715,3.62,2.0,0.29,3.91
EZPW,1993-03-30,7.430455985200165,7.55361270904541,7.307299261354921,7.55361270904541,96000.0,34.89827255128496,37.41279452585323,46.67509586442499,50.213449091479255,62.0587847222858,3.3,2.5,0.31,3.91
EZPW,1993-03-31,7.307299915803145,7.348351534354021,6.650463683264596,6.896777153015137,1132500.0,42.72089591738089,40.39217301916932,48.94810454498052,51.450132013523216,62.722243951162284,2.9,24.0,0.25,3.66
EZPW,1993-04-01,7.060987293737989,7.060987293737989,6.486255168914795,6.486255168914795,541500.0,45.60093302940372,42.1692825746306,49.455155865490816,51.970128501851875,63.01129359115271,2.88,25.0,-0.11,3.54
EZPW,1993-04-02,6.4041508865356445,6.568360196830109,6.157837390899658,6.157837390899658,641400.0,47.27869392966047,42.5146680261081,49.71971263222142,52.32759027994306,63.21224683815399,2.85,27.0,-0.28,3.52
EZPW,1993-04-05,6.322046305786059,6.404150485992432,6.157837005761953,6.404150485992432,256800.0,48.36295557727349,41.700408423794514,49.675623905257446,52.50689794617419,63.19846217969165,2.82,27.0,-0.37,3.54
EZPW,1993-04-06,6.404150115119086,6.896777047051323,6.404150115119086,6.650463581085205,385200.0,49.444460207533524,42.354842533517925,47.92373284442851,52.392014204825365,63.248449255580795,2.79,16.0,-0.37,3.8
EZPW,1993-04-07,7.143090622765678,7.143090622765678,6.896777153015137,6.896777153015137,350100.0,50.84249553887715,42.702211815341414,48.17349097981053,52.42773142942194,63.33330539034178,2.74,17.0,-0.36,3.65
EZPW,1993-04-08,6.855725375570711,6.896777938407901,6.322046756744385,6.322046756744385,235800.0,56.133346829277485,46.069259300395295,50.046234254128464,49.91206354255003,63.93733498545274,2.68,31.0,-0.33,3.34
EZPW,1993-04-12,6.363097926083565,6.65046396622291,6.322046305786059,6.404150485992432,126900.0,56.3881182448327,46.15965095823457,50.054223120058516,49.91291121810295,63.88365042671917,2.62,32.0,-0.32,3.33
EZPW,1993-04-13,6.322045939667482,6.650463581085205,6.322045939667482,6.650463581085205,173400.0,57.72836878473202,46.89907282488372,50.37773306551312,49.843297863908255,63.930673205933054,2.54,33.0,-0.32,3.18
EZPW,1993-04-14,6.650464440607618,6.650464440607618,6.322046756744385,6.322046756744385,593100.0,57.08983261723204,47.86865292028442,50.97412261783041,50.039179152996695,64.07582651707888,2.48,36.0,-0.3,2.97
EZPW,1993-04-15,6.32204623909937,6.48625459778,6.15783694080739,6.239941120147705,226800.0,57.11622310134816,47.5118722603196,51.01224133914355,49.91199336302607,64.02818419016756,2.45,37.0,-0.28,2.96
EZPW,1993-04-16,6.15783694080739,6.239941120147705,6.075732761467074,6.239941120147705,322500.0,56.53792788699433,47.52100037005998,50.85653878106544,49.877780946166475,64.01337742398738,2.43,35.0,-0.27,3.04
EZPW,1993-04-19,6.239941576241181,6.322046701194123,6.075733205558136,6.157837390899658,238200.0,56.55508409563296,45.96934413543243,50.561356643976005,49.7623629220913,64.01176971686203,2.41,34.0,-0.29,3.18
EZPW,1993-04-20,6.23994155493686,6.322046679609479,6.075733184814453,6.075733184814453,132600.0,54.87245559365016,45.887847428942,50.53349005985034,49.7481837070945,63.89240648784161,2.4,34.0,-0.28,3.19
EZPW,1993-04-21,6.239941576241181,6.239941576241181,5.911523895263672,6.157837390899658,163800.0,55.14836716743348,45.77937087864058,50.57566666751515,49.72301661402493,63.77094317123567,2.39,36.0,-0.31,3.17
EZPW,1993-04-22,6.15783694080739,6.239941120147705,5.993627642515409,6.239941120147705,417000.0,55.21124481827386,45.84425334895501,50.628468285269044,49.74271098105354,63.634964298771216,2.37,37.0,-0.36,3.14
EZPW,1993-04-23,6.239941120147705,6.239941120147705,6.15783694080739,6.239941120147705,101700.0,55.01047340331643,45.75352732623894,50.58733292703672,49.74271098105354,63.49019143322738,2.36,37.0,-0.41,3.16
EZPW,1993-04-26,6.15783694080739,6.239941120147705,6.15783694080739,6.239941120147705,109500.0,53.06978523056568,45.66250724254465,50.297464034263065,49.559409464898906,58.83861671991365,2.34,33.0,-0.44,3.28
EZPW,1993-04-27,6.23994155493686,6.23994155493686,5.91152387508063,6.075733184814453,523500.0,53.29212292501124,45.849972442812394,50.30551408974999,49.516294646832336,57.77343612341993,2.32,34.0,-0.47,3.3
EZPW,1993-04-28,6.896776858243075,7.143090317466042,6.568359225816212,6.773620128631592,1429200.0,63.07442267350227,51.577774209636914,52.97119322560076,50.94002093327287,58.64010571937214,2.32,77.0,-0.51,3.27
EZPW,1993-04-29,6.896777047051323,6.896777047051323,6.5683594056336005,6.650463581085205,603900.0,63.162122173693525,51.06628150491913,52.29049603501048,50.99079201313662,58.56346620550078,2.31,66.0,-0.58,3.57
EZPW,1993-04-30,6.732567830959422,6.855724565303871,6.568359478241034,6.814672946929932,224700.0,63.69586819346424,51.26504580790001,52.42970257212443,51.04411192372971,58.47385188347306,2.29,68.0,-0.62,3.48
EZPW,1993-05-03,6.650463683264596,6.97888132972821,6.650463683264596,6.896777153015137,381900.0,63.78249577977948,51.29679208198411,52.365612570500566,51.056883627089825,58.031487383540856,2.28,68.0,-0.66,3.49
EZPW,1993-05-04,6.732568384057183,7.0609869956970215,6.732568384057183,7.0609869956970215,226200.0,64.02811847014839,51.53709754350761,52.0232052439888,51.1024856301897,58.05064655612574,2.25,58.0,-0.66,3.59
EZPW,1993-05-05,7.060986641328782,7.389404296875,6.978881522733718,7.389404296875,320100.0,65.50553067082514,52.50028024899285,51.246964676897925,51.27963440258506,58.12334399392791,2.21,46.0,-0.61,3.7
EZPW,1993-05-06,7.38940441413248,7.882031375074646,7.38940441413248,7.717822074890137,246300.0,66.40208421203221,53.3517688391034,51.65878499680018,51.31279528760487,58.27323137073933,2.17,47.0,-0.56,3.5
EZPW,1993-05-07,7.882031375074646,7.882031375074646,7.717822074890137,7.717822074890137,370500.0,66.17883532780345,53.23937519048333,46.88899279735005,51.31279528760487,58.242506708326445,2.19,5.0,-0.56,2.06
EZPW,1993-05-10,7.717822472973226,7.717822472973226,7.471508979797363,7.471508979797363,173400.0,66.75841938008979,53.58618873658509,47.1415414858822,51.481641819109406,58.31196170473811,2.21,12.0,-0.56,1.96
EZPW,1993-05-11,7.471508475858718,7.6357177734374995,7.307300117891281,7.389404296875,137700.0,66.51521615751523,53.59516960951586,47.17286872715161,51.50638816950098,58.30524730371954,2.22,13.0,-0.57,1.95
EZPW,1993-05-12,7.4715085944190545,7.717822074890137,7.307300233845906,7.717822074890137,125700.0,67.73958062488829,53.471182375590956,47.554056443376886,51.73155742813387,58.386304616327145,2.24,17.0,-0.57,1.85
EZPW,1993-05-13,7.471508569175233,7.717822048814102,7.471508569175233,7.635717868804932,32100.0,62.054650525339085,53.33017324965933,47.55520665864839,51.75540542364296,58.32813919534705,2.25,18.0,-0.56,1.84
EZPW,1993-05-14,7.6357177734374995,7.6357177734374995,7.389404296875,7.389404296875,61200.0,59.98105496459176,53.72035716991665,47.841117416657816,51.868512773349316,58.421716565027715,2.26,21.0,-0.57,1.74
EZPW,1993-05-17,7.553614361562334,7.553614361562334,7.307300859985426,7.512561798095703,163800.0,57.63293086192971,53.85008409155843,47.91495216109396,51.746281886411204,58.36236090714425,2.27,22.0,-0.57,1.71
EZPW,1993-05-18,7.307300209156892,7.717822048814102,7.307300209156892,7.635717868804932,129600.0,56.8839452721268,53.33711216970675,47.86207364742581,51.714459700961,58.355954241429075,2.27,22.0,-0.57,1.73
EZPW,1993-05-19,7.717822074890137,7.717822074890137,7.553613714316989,7.717822074890137,80400.0,56.10163065155766,52.98411708491263,47.89278563576228,51.69272067847045,58.33965037066119,2.28,23.0,-0.57,1.72
EZPW,1993-05-20,7.55361270904541,7.799926156735899,7.55361270904541,7.55361270904541,152700.0,55.79297492154489,53.17019787865828,48.00730709206374,51.44794383745829,58.31138907353925,2.29,26.0,-0.57,1.67
EZPW,1993-05-21,7.799927194788071,7.96413555536122,7.594665334654596,7.717822074890137,106500.0,49.02915708634771,53.15987702589352,48.12293957883823,51.47058636425831,58.26221301543074,2.29,27.0,-0.57,1.63
EZPW,1993-05-24,7.717821952421218,7.964135428983718,7.389404296875,7.389404296875,280800.0,51.08486627610653,53.908896830804295,48.14457202113667,51.46773616528877,58.441820810220605,2.29,28.0,-0.57,1.62
EZPW,1993-05-25,7.389404156464781,7.55361345092333,6.404150268936144,6.445202827453613,1328100.0,64.54804924961046,60.7441838332425,52.632531475895505,54.01737864502807,60.03235213299628,2.3,83.0,-0.61,2.98
EZPW,1993-05-26,6.65046389607198,6.65046389607198,6.075732761467074,6.239941120147705,1287300.0,63.537064059551525,60.10355838529846,52.772356320833126,53.84846136155601,60.06598341560739,2.31,84.0,-0.66,2.91
EZPW,1993-05-27,6.2809936796235375,6.48625459778,6.15783694080739,6.239941120147705,415200.0,63.424003719992875,60.107080755962386,52.16507050191647,53.560049818513335,60.030222483000315,2.31,74.0,-0.72,3.18
EZPW,1993-05-28,6.322046411458767,6.322046411458767,5.911523624342315,6.034680366516113,221700.0,64.16057990129396,60.19223578029184,52.385496349059935,53.70474929132423,60.05170962837924,2.3,77.0,-0.77,3.07
EZPW,1993-06-01,6.157837445007054,6.322046756744385,6.157837445007054,6.322046756744385,309600.0,65.50285941562063,61.07547028310382,52.51019594069762,53.91123266784194,59.95167008211658,2.3,79.0,-0.81,3.1
EZPW,1993-06-02,6.322046305786059,6.404150485992432,6.157837005761953,6.404150485992432,153000.0,65.44779998055444,60.243697882696736,51.77340024012348,53.91980712416412,59.9269543219331,2.28,62.0,-0.86,3.32
EZPW,1993-06-03,6.404150550167534,6.568359851837158,6.23994124849791,6.568359851837158,209700.0,65.72229922813109,60.50936354323516,51.87578191945349,53.99058132862166,59.97359275728953,2.26,66.0,-0.9,3.28
EZPW,1993-06-04,6.568359716731665,6.568359716731665,6.239941120147705,6.239941120147705,174900.0,67.41562838376105,61.28068460309524,52.27450689484375,54.21154675967965,60.17071444161316,2.25,77.0,-0.93,3.08
EZPW,1993-06-07,6.239941576241181,6.486255071877167,6.075733205558136,6.157837390899658,408300.0,67.5248347106627,61.24621043919295,52.28762721850547,54.23160920758312,60.188788041266946,2.23,78.0,-0.96,3.07
EZPW,1993-06-08,6.198889932211966,6.23994155493686,6.075733184814453,6.075733184814453,175200.0,67.6291960174447,60.52201327526389,52.301695077369544,54.248183889385906,60.180393874311136,2.22,80.0,-0.99,3.05
EZPW,1993-06-09,6.322046701194123,6.322046701194123,6.075733205558136,6.157837390899658,646200.0,67.29861296870082,60.625536481034835,52.34951845024112,54.26214994893015,60.192227114048,2.21,81.0,-1.01,3.03
EZPW,1993-06-10,6.075732761467074,6.239941120147705,6.075732761467074,6.239941120147705,218100.0,59.14385958301456,60.65780207923641,52.395698868548045,54.27140318889466,60.203587957108084,2.2,84.0,-1.03,3.02
EZPW,1993-06-11,6.239940828830629,6.322045943949145,6.075732477816207,6.11678409576416,169800.0,59.181995255878306,60.738244658794315,52.27664685532477,54.29949807952992,59.93123866438616,2.18,78.0,-1.03,3.04
EZPW,1993-06-14,6.239940525541616,6.239940525541616,5.829418728347454,5.993627071380615,310500.0,58.815705450386545,60.78344808108012,52.34865947073843,54.04714260925575,59.689733525743804,2.17,82.0,-1.03,2.99
EZPW,1993-06-15,5.993627071380615,5.993627071380615,5.829418728347454,5.993627071380615,263700.0,58.630208692841876,60.74372133303784,51.55073805469886,53.919072799090074,59.65348978880425,2.15,59.0,-1.01,3.23
EZPW,1993-06-16,6.157837390899658,6.239941576241181,5.911523895263672,6.157837390899658,224700.0,58.78503098918012,60.96755284031185,51.73931860443197,53.73549840316375,54.43045338767445,2.12,62.0,-0.99,3.16
EZPW,1993-06-17,6.404150942807337,6.404150942807337,6.239941631070006,6.322046756744385,216600.0,57.619656434186965,61.268154407271695,51.836485991661895,53.13137946340601,54.4736163817872,2.1,66.0,-0.97,3.13
EZPW,1993-06-18,6.322046305786059,6.404150485992432,6.075732825555581,6.404150485992432,70200.0,56.03416916971338,61.22285689248837,51.8625936714234,53.12300529819832,54.43947327619395,2.09,69.0,-0.95,3.12
EZPW,1993-06-21,6.075733258944102,6.404150942807337,6.075733258944102,6.322046756744385,118200.0,56.034510475748256,61.18879661055865,51.84559872154806,52.39991607811335,54.31846999306047,2.08,67.0,-0.96,3.11
EZPW,1993-06-22,6.322046701194123,6.322046701194123,6.075733205558136,6.157837390899658,113700.0,55.8175064257187,61.25125167201847,51.93044181416594,51.93858808456827,54.286083978868604,2.07,73.0,-1.0,3.05
EZPW,1993-06-23,6.404150115119086,6.650463581085205,6.157836649152968,6.650463581085205,90900.0,60.79330464560005,63.21538401073744,53.48585069428772,52.678549368610675,54.755216239158834,2.08,100.0,-1.03,2.76
EZPW,1993-06-24,6.650464481665913,6.650464481665913,6.4041509823449525,6.486255168914795,337200.0,59.41747815157591,63.38694414550052,53.590927501668,52.742849423412,54.72893032435364,2.1,100.0,-1.06,2.7
EZPW,1993-06-25,6.650463581085205,6.650463581085205,6.527306848102145,6.650463581085205,46200.0,60.058903174199486,60.88270824399257,53.40889267470528,52.78998090499732,54.77536410086059,2.12,98.0,-1.02,2.81
EZPW,1993-06-28,6.527307340101258,6.732568264007568,6.486254779475445,6.732568264007568,251400.0,59.639810449425546,59.60057470618037,53.39394921593383,52.77912334484222,54.56306609465623,2.13,97.0,-1.0,2.81
EZPW,1993-06-29,6.814673506772839,7.143091178801285,6.6504642009529205,7.0609869956970215,394800.0,61.19031306954928,59.341884530914825,53.9540257060134,52.98041248000969,54.02824033996072,2.16,100.0,-1.0,2.64
EZPW,1993-06-30,7.060986289008882,7.225194638782864,6.896776999623602,7.1020379066467285,334800.0,60.992820085094024,58.8464952780388,53.93789575887784,52.64619583925458,53.68466167201996,2.19,99.0,-1.06,2.65
EZPW,1993-07-01,7.060986333494207,7.225194684302727,7.060986333494207,7.18414306640625,165000.0,61.0081862104527,58.40455649879858,53.969410375690416,52.45908937395275,53.411437494360904,2.21,100.0,-1.12,2.65
EZPW,1993-07-02,7.307300309703751,7.471508671981564,7.143091007814569,7.266247749328613,402900.0,60.856750320371965,57.986374675650644,54.010326781309814,52.123767789469824,53.27086176472765,2.24,100.0,-1.23,2.64
EZPW,1993-07-06,7.307299884307726,7.38940406066692,6.6504636546002285,6.814672946929932,509700.0,63.09182137723284,56.68170106009842,54.84472454267081,52.71074397831421,53.67029906149291,2.28,100.0,-1.3,2.38
EZPW,1993-07-07,6.650463581085205,6.896777047051323,6.650463581085205,6.650463581085205,93300.0,62.29501910952122,56.86922921285101,54.94476143345884,52.269063265277246,53.735601067529096,2.32,100.0,-1.37,2.33
EZPW,1993-07-08,6.97888132972821,7.060986446052604,6.896777153015137,6.896777153015137,552900.0,48.89153990201155,56.831654345212236,55.27688973620112,52.43311339799352,53.84444826697826,2.37,100.0,-1.43,2.25
EZPW,1993-07-09,7.060986446052604,7.060986446052604,6.73256785997767,6.896777153015137,131100.0,47.78730005517073,55.81973550247278,54.74522358990175,52.42809428073657,53.84444826697826,2.4,97.0,-1.41,2.45
EZPW,1993-07-12,6.896777653269045,6.9788818359375,6.814673470600591,6.9788818359375,224700.0,47.83857342489297,55.77633052611514,54.67669247713993,52.35764296746378,53.8214727136182,2.43,96.0,-1.42,2.47
EZPW,1993-07-13,6.814673470600591,6.9788818359375,6.814673470600591,6.9788818359375,59700.0,46.54445465179217,55.77633052611514,54.67669247713993,52.239449346712405,53.42044507195679,2.46,95.5,-1.45,2.47
EZPW,1993-07-14,6.978881429558646,7.143090724945068,6.814673073783556,7.143090724945068,473700.0,45.20348600256036,55.85555736911721,54.81874773317396,52.2776514028673,53.46040514337378,2.5,97.0,-1.48,2.43
EZPW,1993-07-15,6.896777689877102,7.143091178801285,6.896777689877102,7.0609869956970215,523800.0,45.34393221530198,55.83421972460759,54.478758810578476,52.2756625512667,53.44481780629874,2.53,93.0,-1.47,2.57
EZPW,1993-07-16,7.060986446052604,7.143090622765678,6.896777153015137,6.896777153015137,253800.0,45.488506797409556,56.03880884448398,54.376598164078594,52.32286621983432,53.474523402210174,2.56,92.0,-1.44,2.61
EZPW,1993-07-19,4.515746723231865,4.59785184121098,3.4483886460054007,3.612597942352295,8524200.0,193.17349787640566,144.18155721157095,116.01766023602697,92.74339694596733,84.08105526735405,7.03,100.0,3.08,56.94
EZPW,1993-07-20,3.776806327421218,3.8589114460162817,3.6125979694537818,3.6947021484375,2421000.0,193.53044930540818,144.31569303844893,116.09164507595202,92.63241876416296,84.00470852138962,9.57,100.0,4.09,56.95
EZPW,1993-07-21,3.6947023216963535,3.6947023216963535,3.448388833583264,3.489441394805908,2442300.0,193.87447035487497,144.64296860280174,116.36349954031087,92.8502356155726,84.13548932001873,11.54,100.0,4.46,56.21
EZPW,1993-07-22,3.612597869545036,3.612597869545036,3.3662843997944947,3.4483885765075684,2493300.0,193.6513181403638,144.60052787768106,116.3650106862451,92.83083946594856,82.49423221350418,13.18,100.0,4.31,56.18
EZPW,1993-07-23,3.4483885765075684,3.4483885765075684,3.3662843997944947,3.4483885765075684,1044300.0,193.49571244918496,142.50697565122346,116.02019253163564,92.83083946594856,82.4905641257032,14.59,97.0,3.98,56.7
EZPW,1993-07-26,3.44838879065269,3.44838879065269,3.3662846088409424,3.3662846088409424,935700.0,193.49978377485678,142.52407095169744,116.04698053760434,92.8425203011993,82.39741709471113,15.85,97.0,3.61,56.58
EZPW,1993-07-27,3.448388833583264,3.5304930164171635,3.366284650749363,3.489441394805908,1056600.0,194.1749898309988,142.66722695569564,116.16674243201288,92.83305312605334,82.41174602421161,17.0,98.0,3.18,56.39
EZPW,1993-07-28,3.448388838070611,3.5304930210113525,3.448388838070611,3.5304930210113525,772200.0,194.29891894086896,142.6652974616084,116.20874982201839,92.68910626622413,82.34178876624698,18.05,98.0,2.76,56.38
EZPW,1993-07-29,3.530492850858718,3.6947021484375,3.448388671875,3.6947021484375,862500.0,194.74013734453598,142.96357053661245,116.27689516854596,92.71771060909286,82.45381328919999,19.01,98.0,2.31,56.61
EZPW,1993-07-30,3.694701708478655,3.858910986503673,3.5304924304536365,3.776805877685547,433800.0,194.66026554280785,142.6495353064268,116.3625596276528,92.10145389871703,82.4140374041309,19.91,98.0,1.91,56.52
EZPW,1993-08-02,3.694702194583032,3.9410156742219,3.694702194583032,3.817858934402466,550800.0,194.63311942480834,142.27133943122197,116.36163823556267,92.097489650423,82.40806420722868,20.75,97.0,1.57,56.52
EZPW,1993-08-03,3.941015744969562,4.023119926452637,3.776806442392039,4.023119926452637,532200.0,195.67609634230521,142.85934235607584,116.70700096233473,92.29503390552466,82.56512934732754,21.54,100.0,1.27,55.98
EZPW,1993-08-04,4.023119926452637,4.18732922903016,3.941015744969562,4.023119926452637,966600.0,195.69326244654332,142.80473539044152,116.44873151348246,92.28849013814953,82.56512934732754,22.27,99.0,1.03,56.34
EZPW,1993-08-05,4.269433946635474,4.269433946635474,4.105225563049316,4.105225563049316,557100.0,194.08075946428016,142.94145607449684,116.52257195966303,92.31105552669189,82.59165308056839,22.96,99.0,0.81,56.27
EZPW,1993-08-06,4.187329292297363,4.187329292297363,3.941015804515165,4.187329292297363,378300.0,194.33605211450072,142.64650217734186,116.56701924535201,92.33252933709373,82.54681239898846,23.61,99.0,0.61,56.21
EZPW,1993-08-09,4.187328512018377,4.187328512018377,3.9410150701349433,4.06417179107666,198900.0,194.01506808022614,142.70341486943673,116.62142997358622,92.38806892290603,82.52422820004853,24.22,99.0,0.43,55.99
EZPW,1993-08-10,4.023119901337964,4.187329202890396,3.941015720367432,3.941015720367432,350400.0,193.86305074489735,142.69055479229124,116.6756955721195,92.39124952688856,82.50979190231939,24.8,99.0,0.25,55.82
EZPW,1993-08-11,4.105224891781638,4.105224891781638,3.612597942352295,3.612597942352295,510600.0,193.83872706818002,143.42941664920954,117.35985551579988,92.80914894123549,82.9544149329324,25.36,100.0,0.09,54.22
EZPW,1993-08-12,3.6125980333623264,3.8589115142822266,3.6125980333623264,3.8589115142822266,283200.0,195.37566593102014,144.21014601228728,117.91588080910029,93.16046014199574,83.2208948087892,25.9,100.0,-0.07,53.47
EZPW,1993-08-13,3.694702237844467,4.023119901337964,3.694702237844467,3.941015720367432,294900.0,195.53056098257383,144.2934510314547,117.99374286448364,93.19892379837182,83.24946467193813,26.41,100.0,-0.22,53.39
EZPW,1993-08-16,3.8589115142822266,4.023119875154586,3.8589115142822266,3.8589115142822266,151500.0,195.3041002517276,144.29209935075232,117.99074503303405,93.22190915072095,83.27046599879904,26.89,99.0,-0.36,53.4
EZPW,1993-08-17,4.023119926452637,4.105225047547085,3.858911563486488,4.023119926452637,533400.0,195.68451648695455,144.54626446674087,118.22563522925984,93.35773153857967,83.3350474225526,27.35,100.0,-0.48,53.16
EZPW,1993-08-18,4.105224995202127,4.105224995202127,3.8589115142822266,3.8589115142822266,109800.0,195.8009460271772,144.52926612781408,118.3040320449414,93.39263330908855,83.36493343618184,27.79,100.0,-0.6,52.81
EZPW,1993-08-19,4.023119926452637,4.023119926452637,3.858911563486488,4.023119926452637,116400.0,195.9352725273718,142.5024358092751,118.46588882142355,93.49042378799786,83.47250990593304,28.2,100.0,-0.7,52.58
EZPW,1993-08-20,4.023119881130559,4.023119881130559,3.858911520014284,3.899963140487671,131700.0,195.89473785834355,142.4933099307967,118.52659901774038,93.4421108804187,83.52841050723609,28.59,100.0,-0.79,52.35
EZPW,1993-08-23,3.8589115142822266,4.023119875154586,3.8589115142822266,3.8589115142822266,57600.0,195.69573592226268,142.48496567427657,117.75464392827439,93.189080286077,83.53428237441035,28.96,93.0,-0.89,54.09
EZPW,1993-08-24,4.023119926452637,4.023119926452637,3.858911563486488,4.023119926452637,171600.0,196.43251735142482,142.74360471860646,117.65310446910988,93.34080590457192,83.64164103474288,29.3,92.0,-0.97,54.65
EZPW,1993-08-25,3.941015720367432,4.105225021919864,3.612598056873935,3.941015720367432,370800.0,196.03594518421988,142.33585459944575,117.43816749693094,93.33782690648978,83.66574118419065,29.63,91.0,-1.06,55.19
EZPW,1993-08-26,4.105225563049316,4.105225563049316,3.9410162398516655,4.105225563049316,66000.0,196.8141472935924,142.62465478968457,117.45360571397615,93.3540072986518,83.74970012727843,29.94,91.0,-1.13,55.16
EZPW,1993-08-27,4.105225563049316,4.187329754842396,3.9410162398516655,4.105225563049316,222300.0,196.87564123866755,142.4707996505032,117.26119337397552,92.99932138932209,83.67127033285891,30.21,88.0,-1.19,55.41
EZPW,1993-08-30,4.187329292297363,4.187329292297363,4.023119987238768,4.187329292297363,112200.0,56.363116943201504,142.28941716327034,117.14249671403614,93.02063631371108,83.6780066743887,30.47,87.0,-1.25,55.58
EZPW,1993-08-31,4.146275958500734,4.187328512018377,4.023119237559017,4.06417179107666,237300.0,56.98404279795004,142.3629930018538,116.47327216184587,91.58742703736097,83.71001597950772,30.71,81.0,-1.3,57.14
EZPW,1993-09-01,4.023119926452637,4.105225047547085,4.023119926452637,4.023119926452637,116400.0,54.22071929521011,142.35819485245523,116.44349437243197,91.58685428595332,83.55324918685169,30.94,79.0,-1.36,57.11
EZPW,1993-09-02,4.105225047547085,4.105225047547085,3.941015744969562,4.023119926452637,100800.0,54.01437828358212,142.3030338449417,116.24774059452963,91.58685428595332,83.53517092328468,31.15,73.0,-1.4,57.38
EZPW,1993-09-03,3.8999631600764815,4.023119901337964,3.7768064188149992,3.941015720367432,130500.0,54.5131086462644,142.26552664147698,116.0453681998117,91.58381823612362,83.41382992933455,31.34,68.0,-1.45,57.91
EZPW,1993-09-07,3.7768064188149992,3.941015720367432,3.7768064188149992,3.941015720367432,178200.0,53.85997337634011,142.2507172271626,116.03999041605888,91.56861553829991,83.41382992933455,31.53,67.0,-1.49,57.97
EZPW,1993-09-08,3.941015744969562,4.023119926452637,3.776806442392039,4.023119926452637,70500.0,53.281815189849894,142.33831580653361,116.10692030607078,91.61256384369177,83.30894489787366,31.69,70.0,-1.52,57.91
EZPW,1993-09-09,4.023119926452637,4.023119926452637,3.776806442392039,4.023119926452637,38700.0,53.257031607373285,142.33831580653361,116.10024246274419,91.61256384369177,83.164354123071,31.84,69.0,-1.56,57.97
EZPW,1993-09-10,4.023119881130559,4.023119881130559,3.776806399844783,3.899963140487671,34200.0,52.74144350197392,142.2493879165176,116.16960408601994,91.62182805055338,83.21586834659655,31.98,71.0,-1.59,57.76
EZPW,1993-09-13,4.023119901337964,4.023119901337964,3.7768064188149992,3.941015720367432,127200.0,52.4636277806,142.12496586974567,116.15900014236693,91.6363055967787,83.18776657658927,32.1,69.0,-1.62,57.77
EZPW,1993-09-14,3.9410157005724216,4.06417244121531,3.776806399844783,3.899963140487671,186000.0,52.49513522707543,142.0597097495315,116.1279779512777,91.63958477224537,83.19038392253934,32.21,68.0,-1.64,57.75
EZPW,1993-09-15,4.10522510957376,4.269433475020966,3.941015804515165,4.187329292297363,325500.0,54.34465008469107,142.98264085603367,116.74800124996247,92.06085929561578,83.49954496612419,32.31,86.0,-1.66,56.74
EZPW,1993-09-16,4.269433556052111,4.433642864227295,4.105225187488334,4.433642864227295,163200.0,56.69682061819146,143.5200287490357,117.14962280143402,92.18573886551988,83.64547939099548,32.4,87.0,-1.67,56.14
EZPW,1993-09-17,4.433642356178546,4.433642356178546,4.187328891946405,4.351538181304932,158700.0,56.80611290664987,142.50856174744,117.11616633784898,92.16094045145041,83.66057492498197,32.48,85.0,-1.69,56.23
EZPW,1993-09-20,4.187328891946405,4.351538181304932,4.187328891946405,4.351538181304932,233400.0,56.554467029958865,142.4662962113855,115.7314359243426,92.14047606931747,83.65749052982883,32.55,56.0,-1.69,58.65
EZPW,1993-09-21,4.433642356178546,4.597851645537073,4.269433066820019,4.351538181304932,203400.0,55.78288926829161,142.32109875514257,115.71189603200165,91.9569452954349,83.65307475534499,32.6,55.0,-1.69,58.76
EZPW,1993-09-22,4.351538374795878,4.844165325164795,4.351538374795878,4.844165325164795,453000.0,62.60271522483609,144.19102913114256,116.97440215963259,92.87438033451846,84.34342878739189,32.65,84.0,-1.68,56.49
EZPW,1993-09-23,4.597852270186386,5.008374139937927,4.597852270186386,4.762060642242432,288300.0,56.47006943652109,143.78222958763263,116.96808091057245,92.75661214568979,84.34478758081927,32.69,83.0,-1.66,56.4
EZPW,1993-09-24,5.0083736822135405,5.090478800349253,4.762060207029082,4.844165325164795,242400.0,53.92129064552772,143.8423459654112,116.93439301817632,92.53272723186505,84.22694427951697,32.72,82.0,-1.64,56.44
EZPW,1993-09-27,4.844165767881881,5.090479265577375,4.762060642242432,4.762060642242432,252900.0,54.225629599903336,143.8099563448654,116.68540727643631,92.52228874722887,84.18096434102006,32.72,79.0,-1.62,56.72
EZPW,1993-09-28,4.762060233671218,4.92626953125,4.762060233671218,4.92626953125,99600.0,54.15514202081252,144.0059372680119,116.59519365573672,92.56103833835259,84.11989464524244,32.71,76.0,-1.61,56.87
EZPW,1993-09-29,4.926268928929379,4.926268928929379,4.515746204981521,4.67995548248291,248400.0,55.82993732724454,143.80978407207962,116.82900885246778,92.73546971643263,83.949227182013,32.63,81.0,-1.59,56.2
EZPW,1993-09-30,4.679956456214408,4.762060642242432,4.515747144546936,4.762060642242432,105300.0,54.134189115462426,143.83975241677143,116.79895083630416,92.76167696788661,83.95833718449657,32.54,80.0,-1.57,56.45
EZPW,1993-10-01,4.67995548248291,4.8441647599843,4.67995548248291,4.67995548248291,556800.0,53.55129392553897,143.59206425529987,116.8123361606145,92.77270431211505,83.65179126605383,32.44,80.0,-1.54,56.39
EZPW,1993-10-04,4.679956456214408,4.844165767881881,4.679956456214408,4.762060642242432,93000.0,52.5427931473393,143.66971347766807,116.61237997519682,92.79907299111638,83.43107686827275,32.33,73.0,-1.52,56.71
EZPW,1993-10-05,4.8441647599843,4.8441647599843,4.67995548248291,4.67995548248291,219600.0,52.77351042597763,143.63810244481158,116.62580048636748,92.75391915781913,83.43228658114923,32.2,74.0,-1.5,56.65
EZPW,1993-10-06,4.679956028504709,4.844165325164795,4.679956028504709,4.844165325164795,403500.0,52.39624625442295,143.88007332339882,116.7051729635328,92.86027255530887,83.48908248446443,32.06,76.0,-1.47,56.74
EZPW,1993-10-07,4.762060207029082,4.844165325164795,4.679956028504709,4.844165325164795,261300.0,51.81705426874485,143.7563876309748,116.65984622424183,92.61561879409948,83.47361677919326,31.9,73.0,-1.44,56.77
EZPW,1993-10-08,4.67995548248291,4.8441647599843,4.67995548248291,4.67995548248291,33300.0,52.12615489117229,143.8677782368023,116.70934400924537,92.67694412589333,83.52812816325927,31.73,77.0,-1.42,56.48
EZPW,1993-10-11,4.679956028504709,4.844165325164795,4.679956028504709,4.844165325164795,23100.0,52.828598444749886,144.07172941238525,116.85126376010308,92.74887370931985,83.5696594999254,31.55,81.0,-1.41,56.28
EZPW,1993-10-12,4.844165325164795,4.844165325164795,4.679956028504709,4.844165325164795,67200.0,52.67482362372294,54.085910531341185,116.82219954321317,92.73769143722222,83.42998586227533,31.35,79.0,-1.4,56.42
EZPW,1993-10-13,4.844165325164795,4.844165325164795,4.679956028504709,4.844165325164795,70200.0,51.6663597888216,53.969818629221386,116.75046645536922,92.72659763831022,83.33039990707914,31.13,76.0,-1.42,56.49
EZPW,1993-10-14,4.844165223236529,4.844165223236529,4.597851753234863,4.597851753234863,137400.0,54.17323798449497,53.736235667343735,116.8322623062578,92.89321017363243,83.3509437175418,30.9,80.0,-1.4,56.29
EZPW,1993-10-15,4.844165223236529,4.844165223236529,4.597851753234863,4.597851753234863,119100.0,54.17323798449497,53.63630613292914,114.90125591892277,92.89218262112128,83.3509437175418,30.7,37.0,-1.35,60.8
EZPW,1993-10-18,4.597851313537831,4.8441647599843,4.515746204981521,4.67995548248291,180300.0,53.76916032711004,53.6913521312332,114.85459938097593,92.92454487570573,83.11655662692243,30.49,36.0,-1.3,61.1
EZPW,1993-10-19,4.515746204981521,4.67995548248291,4.515746204981521,4.67995548248291,45000.0,53.76916032711004,53.35793032196957,114.85459938097593,92.81208420099293,83.11655662692243,30.25,35.5,-1.25,61.1
EZPW,1993-10-20,4.515746204981521,4.67995548248291,4.515746204981521,4.67995548248291,41700.0,53.60479686323656,52.98923686038687,114.75066610179307,92.78931096841372,83.11245221650368,30.0,34.0,-1.21,61.46
EZPW,1993-10-21,4.67995548248291,4.67995548248291,4.515746204981521,4.67995548248291,193200.0,53.60479686323656,52.979309341929294,114.48168740072555,92.77767400212576,83.08026537718555,29.74,33.0,-1.15,61.88
EZPW,1993-10-22,4.67995548248291,4.67995548248291,4.515746204981521,4.67995548248291,124800.0,52.53036825722863,52.3001036129887,114.45436069773476,92.76613283680042,83.0194927394798,29.45,32.0,-1.08,61.89
EZPW,1993-10-25,4.67995548248291,4.67995548248291,4.515746204981521,4.67995548248291,63900.0,52.54192361383545,52.17012006595737,114.36467346816957,92.76454245383809,83.0043783817912,29.15,31.0,-1.0,62.0
EZPW,1993-10-26,4.679955390927082,4.679955390927082,4.515746116638184,4.515746116638184,34800.0,53.714757354762796,52.76251469859776,114.22525081990607,92.84181531393013,83.06364816942123,28.83,30.0,-0.93,62.37
EZPW,1993-10-27,4.679955390927082,4.679955390927082,4.515746116638184,4.515746116638184,95700.0,49.91777131892541,51.742772814445004,114.21505322829152,92.82524897555265,83.05135022840031,28.5,29.0,-0.86,62.45
EZPW,1993-10-28,4.67995548248291,4.67995548248291,4.515746204981521,4.67995548248291,71100.0,48.23685145235998,52.20175722904137,114.36831396210461,92.93879067006233,83.07509785057572,28.15,31.0,-0.79,62.3
EZPW,1993-10-29,4.515747144546936,4.844165767881881,4.515747144546936,4.762060642242432,133800.0,48.037933836920416,52.164251906452655,114.38421108784962,92.96800776507112,82.9783533143371,27.78,31.0,-0.71,62.28
EZPW,1993-11-01,4.926269503689167,5.090478800349253,4.762060207029082,4.844165325164795,167100.0,48.20022803885465,52.12876933089502,114.3993902581249,92.83296957042039,82.99400509480253,27.39,31.0,-0.62,62.26
EZPW,1993-11-02,4.844166041102286,5.090479552690344,4.844166041102286,4.885217666625977,117600.0,48.20789434099489,51.70490704735666,114.37819114053565,92.8023286478718,82.97364309649315,26.99,29.0,-0.54,62.42
EZPW,1993-11-03,4.926270167681275,5.008374357272141,4.515747340504013,4.638904094696045,176400.0,39.880706179286086,52.46384615144173,114.61294331729786,92.98141022927585,83.13074824387269,26.56,33.0,-0.45,61.76
EZPW,1993-11-04,4.762059558265925,4.762059558265925,4.515746116638184,4.515746116638184,24900.0,40.31442348017061,49.43163276442416,114.67720967431892,93.02298612950266,83.15769077764247,26.1,33.0,-0.36,61.51
EZPW,1993-11-05,4.679955930031645,4.679955930031645,4.433642460029979,4.597851753234863,127800.0,40.35287896696727,47.80305241558364,114.62639936430794,92.94954579449767,83.07132134503256,25.61,32.0,-0.25,61.59
EZPW,1993-11-08,4.515746204981521,4.67995548248291,4.433642036036441,4.67995548248291,103500.0,40.46227942691391,47.753628212387646,114.57859765718248,92.91832766594896,82.975038649332,25.1,30.0,-0.11,61.66
EZPW,1993-11-09,4.515747144546936,4.762060642242432,4.515747144546936,4.762060642242432,107400.0,39.511466782916706,47.580859474472604,114.59667775256605,92.94827663177927,82.88700358816187,24.57,30.0,0.03,61.64
EZPW,1993-11-10,4.515747340504013,4.762060848888076,4.515747340504013,4.638904094696045,129300.0,37.35363435016606,47.287751813387274,114.64547861119783,92.96269589258398,82.41556694568054,24.01,32.0,0.19,61.48
EZPW,1993-11-11,4.515747340504013,4.762060848888076,4.515747340504013,4.638904094696045,453600.0,36.97628851365301,46.3925845163608,114.58589390152257,92.96259391218017,82.39745390917706,23.42,28.0,0.34,61.72
EZPW,1993-11-12,4.803113205062156,4.926269953909904,4.679956456214408,4.762060642242432,876900.0,37.43973890153408,45.94896206143426,113.96780780933109,93.02439311210034,82.41921906474687,22.83,17.0,0.55,62.91
EZPW,1993-11-15,4.844165223236529,4.844165223236529,4.515746636826761,4.597851753234863,168600.0,38.467693714744605,46.08215665165237,114.02786352184569,92.90341944422322,82.48101375422976,22.21,17.0,0.77,62.73
EZPW,1993-11-16,4.515746636826761,4.679955930031645,4.433642460029979,4.597851753234863,127200.0,38.1593842291794,46.002418488602174,113.93815996844168,92.90361209053712,82.46944357667135,21.55,15.0,1.04,62.84
EZPW,1993-11-17,4.597851223588239,4.597851223588239,4.351537781960498,4.515746116638184,437100.0,36.98156563794133,45.478233195167874,113.93160890232868,92.87694469970657,82.47441971674459,20.86,14.0,1.34,62.73
EZPW,1993-11-18,4.351538181304932,4.5157465310521605,4.351538181304932,4.351538181304932,148500.0,38.31217516884689,45.94803284188533,113.7477643877458,92.9598236116964,82.55041800968077,20.13,13.0,1.67,62.81
EZPW,1993-11-19,4.433642356178546,4.433642356178546,4.187328891946405,4.351538181304932,89700.0,37.18140501561652,45.21744453641088,113.73768697295739,92.76357788685128,82.50988023278609,19.36,12.0,2.05,62.81
EZPW,1993-11-22,4.187328891946405,4.351538181304932,4.10522471707279,4.351538181304932,256500.0,35.51237940133809,45.21744453641088,113.71014991186685,92.76357788685128,82.42681915088814,18.54,11.0,2.44,62.83
EZPW,1993-11-23,4.10522471707279,4.351538181304932,4.10522471707279,4.351538181304932,187200.0,35.51237940133809,45.046998146118,113.68279483843853,92.74932687242215,82.41248993353027,17.66,10.0,2.82,62.84
EZPW,1993-11-24,4.1873291015625,4.3515383991412815,4.1873291015625,4.31048583984375,53400.0,35.53571762399023,44.64966955987491,113.29071779315368,92.73760172353937,82.41229550658716,16.75,9.0,3.37,63.98
EZPW,1993-11-26,4.228381449188861,4.351538181304932,4.146276334703948,4.351538181304932,72000.0,32.6286320866164,44.62184863705744,113.26753928325613,92.59070647009898,82.42000774866158,15.76,8.0,4.03,64.18
EZPW,1993-11-29,4.105224673539506,4.35153813515965,4.105224673539506,4.26943302154541,164700.0,33.0004601044482,44.81603250493007,113.10330277475819,92.6085774210317,82.42657811752147,14.69,7.0,4.77,64.33
EZPW,1993-11-30,4.10522471707279,4.351538181304932,4.10522471707279,4.351538181304932,160200.0,33.07433623532064,44.73632950905192,113.1642666376744,92.63245626699874,82.38643091874629,13.49,7.0,5.64,64.27
EZPW,1993-12-01,4.351538679945406,4.433642864227295,4.105225187488334,4.433642864227295,113100.0,33.632423106413064,44.870667529910214,113.19485751084699,92.66839153085759,82.37289878167074,12.15,7.0,6.58,64.22
EZPW,1993-12-02,4.187329371770223,4.433642864227295,4.187329371770223,4.433642864227295,58500.0,33.632423106413064,44.7031629456173,113.19485751084699,92.65754299385561,82.29320684118164,10.6,6.5,7.57,64.22
EZPW,1993-12-03,4.26943302154541,4.433642309162603,4.26943302154541,4.26943302154541,73200.0,35.19892224138225,45.4248412328712,113.2277752926882,92.7359290809226,82.17334725444756,8.75,7.0,7.75,63.89
EZPW,1993-12-06,4.35153813515965,4.433642309162603,4.26943302154541,4.26943302154541,21900.0,35.19892224138225,44.9311848288824,113.22597806753471,92.71136203241073,82.16940156137757,6.31,6.0,6.08,63.95
EZPW,1993-12-07,4.433642864227295,4.433642864227295,4.269433556052111,4.433642864227295,163500.0,37.13060232715751,45.507374144128434,113.38880808779976,92.83698482232043,82.24341950346586,1.46,9.0,-0.91,63.82
EZPW,1993-12-08,4.269433280546218,4.433642578125,4.269433280546218,4.31048583984375,204900.0,36.59207928140354,45.857158857057726,47.704841021922476,92.85773218861253,82.17266853359337,6.96,1.0,-0.85,1.07
EZPW,1993-12-09,4.269433475020966,4.433642780079561,4.187329292297363,4.187329292297363,253200.0,37.439970364187936,43.931832797380835,47.83553661553089,92.8944166289426,81.92163222438244,9.68,2.0,-0.78,1.06
EZPW,1993-12-10,4.187328847542458,4.35153813515965,4.187328847542458,4.26943302154541,113100.0,36.2733360940071,42.49180348336287,46.99257981688578,92.90279154750226,81.93710570560665,11.79,1.0,-0.75,1.17
EZPW,1993-12-13,4.187329754842396,4.351539078040045,4.105225563049316,4.105225563049316,186900.0,37.1987294382385,43.068873320185105,47.39740749720367,92.95288672949091,80.83470584758358,13.53,2.0,-0.77,1.07
EZPW,1993-12-14,4.105224673539506,4.26943302154541,4.023119559925266,4.26943302154541,95700.0,38.85390457981482,43.84959997901089,47.76815365799427,93.08874999565589,80.93797862122146,15.01,4.0,-0.79,0.96
EZPW,1993-12-15,4.26943302154541,4.26943302154541,4.023119559925266,4.26943302154541,95700.0,38.69182246984565,43.84959997901089,47.58411034411136,92.50123148201386,80.93797862122146,16.34,3.0,-0.97,1.0
EZPW,1993-12-16,4.105224673539506,4.26943302154541,4.105224673539506,4.26943302154541,206400.0,36.01526545336806,37.688673135668715,47.280037406262124,92.23755459256073,80.91476703310614,17.56,2.0,-1.07,1.11
EZPW,1993-12-17,4.105224673539506,4.26943302154541,4.105224673539506,4.26943302154541,1092300.0,35.28490268732452,37.560890374418435,47.255542705689045,92.04860605651008,80.90431539976609,18.67,2.0,-1.17,1.12
EZPW,1993-12-20,4.26943302154541,4.26943302154541,4.105224673539506,4.26943302154541,203100.0,34.78528222115057,37.35603667988453,46.73701348068452,91.91802154951566,80.90431539976609,19.71,1.0,-1.18,1.27
EZPW,1993-12-21,4.187328891946405,4.433642356178546,4.187328891946405,4.351538181304932,536400.0,34.855375618501945,37.47076994609221,46.70654868314736,91.83009295085756,80.93208645726536,20.68,1.0,-1.15,1.28
EZPW,1993-12-22,4.187328891946405,4.597851645537073,4.187328891946405,4.351538181304932,268200.0,34.35703848462514,36.739621960150245,46.682720802548694,91.71493687683974,80.8974381782054,21.58,1.0,-1.12,1.3
EZPW,1993-12-23,4.351538961322282,4.679956659297211,4.351538961322282,4.638904094696045,99000.0,38.725259798826315,37.72256278252156,47.03997561375195,91.49704173315773,81.16778730035415,22.41,5.0,-1.1,1.28
EZPW,1993-12-27,4.515747144546936,4.762060642242432,4.515747144546936,4.762060642242432,44400.0,39.462855522053054,37.940110233374405,47.20339895332778,91.54048513791335,81.21611065174393,23.18,6.0,-1.09,1.21
EZPW,1993-12-28,4.515747144546936,4.926269953909904,4.515747144546936,4.762060642242432,280200.0,38.725259798826315,37.76661563424794,47.110526895360735,91.42071986487701,81.2130962552978,23.92,6.0,-1.08,1.25
EZPW,1993-12-29,4.926269597313813,5.336792376960417,4.844165417229036,5.090478897094727,584700.0,41.822575017558684,40.005231637361724,48.15114666680577,91.59317965079667,81.38626360336018,24.58,15.0,-1.01,1.09
EZPW,1993-12-30,5.172582626342773,5.336791911811382,5.090478453414107,5.172582626342773,429300.0,41.96662935516999,39.93080675908705,47.92984146911261,91.60473876127924,81.37593240827886,25.22,15.0,-0.89,1.13
EZPW,1993-12-31,5.090478897094727,5.2546872572642815,5.090478897094727,5.090478897094727,486900.0,41.878893382588444,39.49665408061099,47.72645637307269,91.6217371782364,81.36749276862696,25.83,13.0,-0.84,1.18
EZPW,1994-01-03,5.1725830078125,5.1725830078125,4.844165352266281,4.92626953125,203400.0,41.533634168172355,40.09312303431862,45.87650966516378,91.68727928411506,81.26886896673273,26.44,1.0,-0.97,0.93
EZPW,1994-01-04,5.090479552690344,5.090479552690344,4.844166041102286,4.885217666625977,50100.0,41.67659727050381,39.47836484509008,44.788697425963626,91.67977371915315,81.26649831916593,27.03,1.0,-0.97,1.13
EZPW,1994-01-05,5.090478897094727,5.090478897094727,4.844165417229036,5.090478897094727,35700.0,43.030810522208405,39.74490660423285,45.11483021079457,91.80075521824384,81.26557517487564,27.59,2.0,-0.93,1.03
EZPW,1994-01-06,5.090478800349253,5.090478800349253,4.844165325164795,4.844165325164795,147600.0,45.862215166968774,41.066699575183854,45.718613130619495,91.96390176944014,81.20815708409708,28.11,3.0,-0.93,0.95
EZPW,1994-01-07,5.090478828828782,5.090478828828782,4.844165352266281,4.92626953125,167400.0,45.84483991255428,41.210894895795235,45.34201819049496,91.98901875324941,81.20997295341735,28.6,3.0,-0.91,1.07
EZPW,1994-01-10,4.844165767881881,5.008374139937927,4.597852270186386,4.762060642242432,204300.0,47.137244291959675,40.37860988490284,45.16783020910963,92.06962793364407,81.22461327868159,29.07,3.0,-0.9,1.09
EZPW,1994-01-11,4.721009019034133,4.844165767881881,4.597852270186386,4.762060642242432,171000.0,46.68395023921021,40.37860988490284,44.72077684419148,92.02106313521179,81.22056383318439,29.52,1.0,-0.86,1.26
EZPW,1994-01-12,4.762060207029082,4.844165325164795,4.597851849980336,4.844165325164795,83700.0,46.63131632709908,40.36784721813891,44.47531678659351,91.11199803225425,81.23986118878318,29.95,1.0,-0.85,1.29
EZPW,1994-01-13,5.172582704245776,5.501000340517934,5.172582704245776,5.3367919921875,1567800.0,53.7861061336139,44.93064310489484,46.89529141288713,91.83524125836773,81.8356813617086,30.32,12.0,-0.66,1.43
EZPW,1994-01-14,5.336792097165358,5.665209739897686,5.336792097165358,5.583105564117432,520200.0,54.913522861388174,45.78025414942618,46.9703477041692,91.94931708977182,81.96624064519226,30.67,13.0,-0.07,1.41
EZPW,1994-01-17,5.665209770202637,5.747313946422092,5.501000478152412,5.665209770202637,354900.0,53.22041588309935,45.837923879971335,46.84683128831668,91.95509412101453,81.93812623014237,31.0,12.0,0.45,1.41
EZPW,1994-01-18,5.501000881195068,5.747314367511436,5.501000881195068,5.501000881195068,242400.0,54.344149426192686,46.31904078596894,46.75414437881259,91.96888679329234,81.98503096473709,31.31,12.0,0.49,1.51
EZPW,1994-01-19,5.665209770202637,5.665209770202637,5.501000478152412,5.665209770202637,1600800.0,54.00667855572691,46.63712896906956,46.94006726874209,91.87334913713991,81.8558288833548,31.6,15.0,0.66,1.41
EZPW,1994-01-20,5.665209770202637,5.665209770202637,5.501000478152412,5.665209770202637,315000.0,52.96657502261043,45.93371965650509,46.867210686594916,91.71769622801675,81.84835985123605,31.88,14.0,0.71,1.46
EZPW,1994-01-21,5.6652101852764405,5.6652101852764405,5.254687394878702,5.501000881195068,365100.0,52.99336189102015,46.42995432226228,46.859418294458436,91.77595365620269,81.86937401260342,32.14,14.0,0.62,1.46
EZPW,1994-01-24,5.501001341045429,5.501001341045429,5.336792962848614,5.4188971519470215,66000.0,53.349870774034216,46.079668182626335,46.900793953706014,91.7174799374263,81.87225273702393,32.38,17.0,0.52,1.45
EZPW,1994-01-25,5.418896896065101,5.501001081286525,5.336792710843678,5.377844333648682,231000.0,51.68177427209506,46.01803038369827,46.92861483957094,91.71348603134678,81.86653053853264,32.61,18.0,0.43,1.45
EZPW,1994-01-26,5.501000791568368,5.501000791568368,5.254687309265137,5.254687309265137,686400.0,51.674901987543485,46.19435793936068,46.962852197903814,91.58950726517871,81.88603567917555,32.83,20.0,0.36,1.44
EZPW,1994-01-27,5.25468679927144,5.418896084740048,5.008373340874164,5.172582626342773,455700.0,52.058350693345545,46.30177973715925,47.0538610386723,91.59810681140605,81.89441283791923,33.03,24.0,0.31,1.43
EZPW,1994-01-28,5.172582626342773,5.172582626342773,5.008373340874164,5.172582626342773,339900.0,52.058350693345545,44.982413327209954,46.96796853277617,91.52589895761105,81.8917564310114,33.21,21.0,0.26,1.48
EZPW,1994-01-31,5.172583035802562,5.172583035802562,4.926269557907202,5.008373737335205,496200.0,53.22930113891735,45.14150459820365,47.29000727045695,91.569031116904,81.84919799293846,33.37,30.0,0.27,1.41
EZPW,1994-02-01,4.967322090547532,5.008373710233718,4.844165352266281,4.92626953125,344100.0,53.58725716057731,45.16415285059344,47.08520505980589,91.55789306049058,81.84520086925515,33.52,26.0,0.28,1.46
EZPW,1994-02-02,4.926269953909904,4.926269953909904,4.762060642242432,4.762060642242432,130800.0,54.55007220861313,45.592574899762596,47.415786878471955,91.61989328907445,81.89781945408828,33.65,33.0,0.32,1.41
EZPW,1994-02-03,4.926269726875501,4.926269726875501,4.762060422775856,4.803112983703613,399900.0,54.5657096660118,45.4870687760326,47.38578952090548,91.60203372683277,81.89681750900553,33.77,32.0,0.32,1.4
EZPW,1994-02-04,4.762060642242432,4.926269953909904,4.762060642242432,4.762060642242432,432300.0,51.523870724465084,45.19358185953113,46.10269201109682,91.56012536394059,81.89624392795398,33.88,9.0,0.37,1.67
EZPW,1994-02-07,4.679956456214408,4.926269953909904,4.679956456214408,4.762060642242432,363600.0,50.96114240245747,45.19358185953113,45.22396492880454,91.43178795793297,81.89624392795398,33.98,6.0,0.38,1.96
EZPW,1994-02-08,4.926270231761146,4.926270231761146,4.762060910831948,4.885217666625977,587700.0,51.4956507189292,45.17749700416595,45.285777629862835,90.08285995220503,81.92712559800404,34.07,7.0,0.38,1.88
EZPW,1994-02-09,4.844165325164795,5.0083736822135405,4.762060207029082,4.844165325164795,94200.0,47.60524989236011,44.6091699037286,45.311072247065134,90.01205187197719,81.9261900396397,34.15,8.0,0.4,1.88
EZPW,1994-02-10,4.926269953909904,4.926269953909904,4.762060642242432,4.762060642242432,86400.0,47.50500524250156,44.76071282530189,45.402539099207154,90.03101427597328,81.93631250456599,34.22,10.0,0.43,1.86
EZPW,1994-02-11,4.762060642242432,4.926269953909904,4.762060642242432,4.762060642242432,44100.0,47.34345451322487,44.59285323214836,42.07869557130413,89.95087592306777,81.79778182068866,34.3,1.0,0.45,1.02
EZPW,1994-02-14,4.762060207029082,4.926269503689167,4.762060207029082,4.844165325164795,102900.0,46.748597751953575,44.00252141440533,42.07869557130413,89.79782393613053,81.78987036966426,34.36,1.5,0.43,0.99
EZPW,1994-02-15,4.844165352266281,4.92626953125,4.762060233671218,4.92626953125,19800.0,46.95218867602755,44.108045621115394,42.07577781328336,89.8078137674778,81.81145566185786,34.41,1.0,0.41,0.99
EZPW,1994-02-16,4.926269726875501,4.926269726875501,4.762060422775856,4.803112983703613,75900.0,45.863153120185856,44.4624875458097,42.1817729347556,89.79512633101356,81.84432574137442,34.44,4.0,0.41,0.97
EZPW,1994-02-17,4.844165352266281,4.92626953125,4.80311279296875,4.92626953125,73800.0,44.20788833129143,44.72443842429515,42.02834228308901,89.65735119132351,81.79761316739797,34.46,1.0,0.41,1.01
EZPW,1994-02-18,4.92626953125,4.92626953125,4.762060233671218,4.92626953125,259200.0,43.93869937178593,44.66206204905536,41.215780494039734,89.64623185738787,81.74275748701243,34.47,1.0,0.37,1.14
EZPW,1994-02-22,4.844165352266281,4.92626953125,4.762060233671218,4.92626953125,108900.0,42.74820283031565,44.63855201951251,41.12685607329907,89.63461812563315,81.74275748701243,34.46,1.0,0.34,1.19
EZPW,1994-02-23,4.762060233671218,4.92626953125,4.762060233671218,4.92626953125,97800.0,42.74820283031565,44.42386978384245,41.02854736444016,89.61793218509516,81.71825776992806,34.44,1.0,0.31,1.21
EZPW,1994-02-24,4.762060642242432,4.926269953909904,4.762060642242432,4.762060642242432,103500.0,43.63908653053985,44.898373992826585,41.29851379629205,89.68425036071574,81.78100888687977,34.4,4.0,0.31,1.17
EZPW,1994-02-25,4.926269557907202,5.090478856374559,4.762060259439845,5.008373737335205,138600.0,36.04793390275635,45.8778522225928,41.9694476067656,89.86691729503966,81.94643743675853,34.34,5.0,0.25,0.99
EZPW,1994-02-28,4.926269597313813,5.172583077179504,4.926269597313813,5.090478897094727,41100.0,33.65248544209581,45.96803951082792,41.69456036870719,89.86100847321428,81.81028824746267,34.26,5.0,0.19,1.08
EZPW,1994-03-01,5.090478897094727,5.090478897094727,4.926269597313813,5.090478897094727,30300.0,33.2496701050124,45.2082630848927,41.69456036870719,89.86100847321428,81.80964330967113,34.16,5.5,0.13,1.08
EZPW,1994-03-02,4.844165378479199,5.008373737335205,4.844165378479199,5.008373737335205,74100.0,32.5727787813095,45.37581106313465,41.40469434233355,89.81751345393451,81.7907660201227,34.05,5.0,0.08,1.15
EZPW,1994-03-03,5.090478856374559,5.172583035802562,4.926269557907202,5.008373737335205,97200.0,31.101649665061075,44.784942245051084,41.048305760856685,89.75817714190671,81.78632256297604,33.93,2.0,0.05,1.3
EZPW,1994-03-04,5.172582626342773,5.172582626342773,4.926269167945499,5.172582626342773,30900.0,32.82937155963367,44.75668433019385,41.35992150217449,89.83047643114162,81.6875318304225,33.78,6.0,-0.03,1.16
EZPW,1994-03-07,5.254687309265137,5.254687309265137,5.008373826961906,5.254687309265137,44100.0,32.28050909011783,44.32637042695476,41.429060947187786,89.84183384559272,81.70544994200127,33.62,8.0,-0.13,1.12
EZPW,1994-03-08,5.090478947470562,5.3367924297737925,5.090478947470562,5.254687309265137,64800.0,32.02681287126946,44.21234180089292,40.5486249658336,89.79148947882824,81.69608100809754,33.44,1.0,-0.22,1.25
EZPW,1994-03-09,5.172583645040339,5.4188971519470215,5.172583645040339,5.4188971519470215,395700.0,33.24980285096448,43.64969332625882,40.81618713415436,89.39320160163649,81.75021753734694,33.28,2.0,-0.32,1.13
EZPW,1994-03-10,5.295739869519465,5.41889661067108,5.254687309265137,5.254687309265137,211500.0,33.78403421891611,43.63734048480414,41.05540622460888,89.41749278741791,81.68393007811954,33.09,5.0,-0.4,1.1
EZPW,1994-03-11,5.254687309265137,5.41889661067108,5.131530568113521,5.254687309265137,255600.0,33.45282062112053,43.63734048480414,41.05540622460888,89.3633924656308,81.68393007811954,32.88,5.5,-0.47,1.1
EZPW,1994-03-14,5.172583077179504,5.336792376960417,5.090478897094727,5.090478897094727,95400.0,34.73697469163319,44.22598705835798,41.38622326061855,89.42098884908543,81.73050193532667,32.66,11.0,-0.51,1.03
EZPW,1994-03-15,5.172582626342773,5.25468679927144,5.008373340874164,5.172582626342773,137700.0,33.70744331208745,44.302182874645794,41.45583102625275,89.25424529406402,81.74965217551996,32.42,14.0,-0.56,0.99
EZPW,1994-03-16,5.008373550527543,5.172582842870046,5.008373550527543,5.131530284881592,45300.0,33.40890866720265,44.356814456760674,41.48001828965967,89.25276546945366,81.74022347038027,32.16,15.0,-0.6,0.98
EZPW,1994-03-17,5.090478947470562,5.3367924297737925,5.090478947470562,5.254687309265137,105600.0,32.27877109032802,44.438901009324674,41.63717245123863,89.29011351929059,81.76716115026016,31.89,16.0,-0.66,0.91
EZPW,1994-03-18,5.172582704245776,5.3367919921875,5.172582704245776,5.3367919921875,131100.0,32.43947342293729,44.505606362124176,41.2748098451723,89.30000967543869,81.7601216041816,31.59,9.0,-0.7,0.96
EZPW,1994-03-21,5.3367924297737925,5.41889661067108,5.172583128367849,5.254687309265137,54600.0,32.724461212195685,42.836218787748024,41.36406769744291,89.0060844390061,81.77219647173345,31.28,12.0,-0.73,0.94
EZPW,1994-03-22,5.418896084740048,5.418896084740048,5.172582626342773,5.172582626342773,61500.0,33.17686318415384,42.68960066048494,41.08675060569633,88.98058483580449,81.75885761003217,30.95,7.0,-0.76,1.07
EZPW,1994-03-23,5.336791911811382,5.418896084740048,5.172582626342773,5.172582626342773,93600.0,32.471448135662655,42.68960066048494,41.00281446440621,88.8672685504794,81.7443647535569,30.6,3.0,-0.79,1.12
EZPW,1994-03-24,5.336791911811382,5.336791911811382,5.172582626342773,5.172582626342773,411000.0,32.32964627009077,40.46128850167506,40.91989361612992,88.8672685504794,81.72416241594657,30.22,3.0,-0.82,1.16
EZPW,1994-03-25,5.172582626342773,5.336791911811382,5.172582626342773,5.172582626342773,167400.0,31.819341757353836,40.32819867386818,40.90096137082882,88.85311577301802,81.69054348891717,29.83,3.0,-0.85,1.18
EZPW,1994-03-28,5.172582626342773,5.418896084740048,5.172582626342773,5.172582626342773,187800.0,31.819341757353836,40.19013393842319,40.03212103670895,88.85311577301802,81.69054348891717,29.41,1.0,-0.86,1.3
EZPW,1994-03-29,5.418896852694723,5.418896852694723,5.172583359390417,5.213635921478272,101400.0,31.570009310731802,39.621804054965104,39.79313162029091,88.81105611390117,81.20023298746345,28.96,1.0,-0.87,1.35
EZPW,1994-03-30,5.090478947470562,5.254687309265137,5.008373826961906,5.254687309265137,367500.0,31.321696238607228,39.59833458171552,39.717914533418316,88.81055326311025,80.9792323605882,28.49,1.0,-0.88,1.4
EZPW,1994-03-31,5.008374139937927,5.172583451605399,4.679956456214408,4.762060642242432,1065000.0,42.18134394544566,43.70570940773502,42.6692627199862,89.51001282538361,81.40611107554251,27.98,34.0,-0.88,2.26
EZPW,1994-04-04,4.597852469706345,4.679956659297211,4.474695715514313,4.638904094696045,132600.0,42.10671672973979,42.85183751457273,42.78253042742635,46.27172180866665,81.34429001334556,27.43,35.0,-0.89,2.22
EZPW,1994-04-05,4.515747324158272,4.76206083165075,4.515747324158272,4.55679988861084,333300.0,42.35026276278038,42.83506858846888,42.6741095724856,46.2590756816566,81.26649616442366,26.86,35.0,-0.9,2.27
EZPW,1994-04-06,4.5978520350684615,4.762060398727472,4.5978520350684615,4.721008777618408,64200.0,43.75854630392503,42.936670277202985,43.046306428160605,45.911275205135546,81.26203533893953,26.25,37.0,-0.89,2.1
EZPW,1994-04-07,4.844165767881881,4.844165767881881,4.679956456214408,4.762060642242432,45000.0,43.85477977253912,42.974559047828286,42.866009954035164,45.89037930016654,80.81326973999099,25.62,37.0,-0.89,2.19
EZPW,1994-04-08,4.76205965142799,4.8441647599843,4.67995548248291,4.67995548248291,61200.0,43.03611819660443,42.96980545152793,42.58837625626863,45.94605217717749,80.81725819530622,24.95,34.0,-0.88,2.29
EZPW,1994-04-11,4.844165325164795,4.844165325164795,4.679956028504709,4.844165325164795,7200.0,41.61863382260535,38.61009136023108,42.935179421427954,46.005881431069554,80.8021529527247,24.25,39.0,-0.86,2.14
EZPW,1994-04-12,4.679956556425573,4.844165871609233,4.597852368639466,4.700482368469238,218100.0,42.10382009458028,37.79026875015489,43.110628594387066,45.98420135728136,80.70218023258052,23.5,41.0,-0.84,2.07
EZPW,1994-04-13,4.597852403191036,4.679956591594132,4.351538898370292,4.392590522766113,242400.0,46.119080052767764,39.87514797508333,44.054654131454775,46.69520084829368,80.96785798373752,22.71,42.0,-0.84,1.99
EZPW,1994-04-14,4.35153813515965,4.35153813515965,4.105224673539506,4.26943302154541,582300.0,46.51276409552471,39.84933045955113,44.28688737547932,46.527716380097736,81.01287435568447,21.87,43.0,-0.84,1.9
EZPW,1994-04-15,4.351538283233198,4.597851753234863,4.187328990028314,4.597851753234863,209100.0,51.89699926816744,42.42989250896916,45.83062172537814,47.264722668188675,81.35601314538842,20.96,55.0,-0.81,1.7
EZPW,1994-04-18,4.515746116638184,4.679955390927082,4.515746116638184,4.515746116638184,60900.0,50.978819643280524,42.52736528266599,45.925295728754676,47.30434960427706,81.36426614431596,19.99,57.0,-0.79,1.67
EZPW,1994-04-19,4.679955930031645,4.926269400033311,4.597851753234863,4.597851753234863,93300.0,51.06146354863606,42.41702168299395,45.98259726212787,46.95182650094849,81.37384332871116,18.96,58.0,-0.76,1.64
EZPW,1994-04-20,4.597852469706345,4.926270167681275,4.597852469706345,4.638904094696045,121800.0,51.19361650155142,42.41016041605174,45.97980845103078,46.961628325193125,81.36726730810278,17.85,58.0,-0.72,1.64
EZPW,1994-04-21,4.597852085138156,4.679956267861759,4.187329292297363,4.187329292297363,594300.0,57.466481476564155,47.082608063761235,48.71180972934351,48.465123405968214,81.99451817120432,16.64,94.0,-0.71,1.96
EZPW,1994-04-22,4.433642309162603,4.433642309162603,4.187328847542458,4.26943302154541,144900.0,57.62418777159139,47.15753003427968,48.7155608859003,48.46294506960188,82.02127021815575,15.3,95.0,-0.72,1.96
EZPW,1994-04-25,4.433641949299341,4.515746116638184,4.1873285076716,4.515746116638184,221700.0,60.434107042259214,48.63306596187838,49.44086647238631,48.78075435264468,82.18371910133949,13.81,96.0,-0.7,1.78
EZPW,1994-04-26,4.26943302154541,4.515746483165555,4.26943302154541,4.26943302154541,196200.0,61.76555808618554,49.86444964994113,50.241446199289584,49.10080458815069,81.62150537445235,12.1,97.0,-0.72,1.58
EZPW,1994-04-28,4.351538597355958,4.351538597355958,4.146276731129867,4.187329292297363,213300.0,61.5286919177412,49.61357131360065,49.97810671958256,48.04589362516329,81.62374683200272,10.06,97.0,-0.71,1.66
EZPW,1994-04-29,4.35153813515965,4.35153813515965,4.105224673539506,4.26943302154541,48900.0,62.00305911044204,49.741182695040536,50.074992708107594,47.4697261064164,81.60921599023459,7.44,98.0,-0.71,1.63
EZPW,1994-05-02,4.269433475020966,4.351538597355958,4.187329292297363,4.187329292297363,63600.0,61.45663898031744,49.436850251814036,49.79974823538099,47.4653030368915,81.61617941744099,2.88,97.0,-0.72,1.7
EZPW,1994-05-03,4.187328847542458,4.35153813515965,4.187328847542458,4.26943302154541,55800.0,61.594630861721015,49.58689530079472,49.70131009159521,47.45009256588989,81.60430846055654,2.91,96.0,-0.72,1.74
EZPW,1994-05-04,4.351538597355958,4.351538597355958,4.187329292297363,4.187329292297363,42000.0,61.64958638112862,49.69826464652378,49.5827842274976,47.255110706651436,81.48330859610122,2.94,95.0,-0.72,1.78
EZPW,1994-05-05,4.10522471707279,4.351538181304932,4.10522471707279,4.351538181304932,154200.0,63.01186701863279,50.389549794308664,49.86407785025727,47.20618942537516,81.45656542264354,2.97,97.0,-0.71,1.7
EZPW,1994-05-06,4.351538453490467,4.351538453490467,3.817858934402466,3.817858934402466,384000.0,72.64628377828565,56.612434451816085,53.682207613051894,49.45599580036338,82.46446668061907,3.09,100.0,-0.51,2.71
EZPW,1994-05-09,3.941015720367432,4.023119901337964,3.7768064188149992,3.941015720367432,171600.0,73.60711413617163,57.07831668395704,53.55363444846439,49.46396304682371,82.48261260298331,3.2,99.0,-0.44,2.75
EZPW,1994-05-10,3.941015720367432,4.023119901337964,3.7768064188149992,3.941015720367432,91200.0,73.60711413617163,57.01111036861041,53.55363444846439,49.44776136561459,82.47856604341028,3.31,98.5,-0.38,2.75
EZPW,1994-05-11,4.023119926452637,4.023119926452637,3.838384813407188,4.023119926452637,81000.0,74.06890231522432,57.21606865279018,53.66139958484247,49.2610688910464,82.38222688451276,3.41,99.0,-0.37,2.72
EZPW,1994-05-12,3.941015744969562,4.023119926452637,3.858911563486488,4.023119926452637,90900.0,73.9532372327516,57.06912706582631,53.66139958484247,49.19994182245233,82.37859856566688,3.51,98.5,-0.36,2.72
EZPW,1994-05-13,3.8589115142822266,4.023119875154586,3.8589115142822266,3.8589115142822266,23700.0,74.38536213898324,57.45516936977811,54.0559662629091,49.20727243718084,82.41612376573626,3.62,100.0,-0.3,2.54
EZPW,1994-05-16,3.899963879769481,4.105225779491561,3.8589122515142975,3.9820690155029297,30000.0,70.42933833393874,57.7348095271992,54.208233139620944,49.35055809803017,82.46420667407504,3.73,100.0,-0.31,2.5
EZPW,1994-05-17,3.8589115393969,4.023119901337964,3.8589115393969,3.941015720367432,75900.0,70.18298131094134,57.44639211560298,54.228873622246354,49.307747922993464,82.44631096709006,3.84,100.0,-0.32,2.48
EZPW,1994-05-18,4.10522510957376,4.187329292297363,4.023119987238768,4.187329292297363,205500.0,72.61956307153861,58.93821133093681,54.130024742082405,49.705808797552024,82.67815711808379,3.93,98.0,-0.4,2.49
EZPW,1994-05-19,4.187329292297363,4.269433475020966,4.023119987238768,4.187329292297363,130800.0,71.71974687993675,58.93821133093681,53.95407805250467,49.690652385154806,82.65629716629176,4.02,96.0,-0.48,2.54
EZPW,1994-05-20,4.10522471707279,4.351538181304932,4.10522471707279,4.351538181304932,155700.0,72.69061976134734,59.537875419378075,54.321712816713465,49.89624595369767,82.72279695484364,4.12,100.0,-0.54,2.44
EZPW,1994-05-23,4.187328891946405,4.351538181304932,4.10522471707279,4.351538181304932,42000.0,72.56616832521706,59.16788582960102,53.23006807821997,49.833358591391416,82.61952770930561,4.18,89.0,-0.59,2.68
EZPW,1994-05-24,4.35153813515965,4.35153813515965,4.187328847542458,4.26943302154541,26100.0,71.85516739486427,58.26967174546033,53.22638760573445,49.88725927691206,81.52544695119407,4.24,88.0,-0.64,2.65
EZPW,1994-05-25,4.269433066820019,4.351538181304932,4.10522471707279,4.351538181304932,29100.0,71.72782067561143,58.31112105249577,53.281131222447286,49.87866143415135,81.49298369413141,4.31,89.0,-0.69,2.66
EZPW,1994-05-26,4.351538181304932,4.351538181304932,4.10522471707279,4.351538181304932,67200.0,69.01482304324581,58.31112105249577,53.04578484012177,49.87866143415135,81.49298369413141,4.37,86.0,-0.73,2.78
EZPW,1994-05-27,4.105225047547085,4.351538531607683,4.023119926452637,4.023119926452637,150900.0,72.23496105144967,60.29310013333947,54.43471916767004,50.60997344921502,81.79439923273709,4.46,100.0,-0.8,2.41
EZPW,1994-05-31,4.187329292297363,4.187329292297363,3.941015804515165,4.187329292297363,114300.0,69.74679951116968,60.95041237500147,54.411791435378696,50.81481216560854,81.75849954365874,4.54,99.0,-0.84,2.42
EZPW,1994-06-01,3.941015879313151,4.433642864227295,3.941015879313151,4.433642864227295,315300.0,71.72630392162654,61.77336598362662,54.67087319094942,51.24058083632627,81.95704016752558,4.62,100.0,-0.87,2.45
EZPW,1994-06-02,4.515747144546936,4.762060642242432,4.3515387724908905,4.762060642242432,586500.0,74.54920824566554,63.509652060028365,55.79783215186508,51.247615815452605,82.23779735182904,4.72,100.0,-0.87,2.24
EZPW,1994-06-03,4.515746116638184,4.762059558265925,4.515746116638184,4.515746116638184,177300.0,76.13997151625198,64.377798273067,56.17398376569022,51.19864240058806,82.24909012953758,4.83,100.0,-0.88,2.13
EZPW,1994-06-06,4.515746636826761,4.597851753234863,4.515746636826761,4.597851753234863,13800.0,69.93443647719536,64.1487091543898,56.25109302775575,51.193184808240375,82.26285855328695,4.93,100.0,-0.89,2.11
EZPW,1994-06-07,4.762059558265925,4.762059558265925,4.515746116638184,4.515746116638184,12000.0,70.01783842574063,63.963644178618814,56.25007075960254,51.23907512940698,82.27102058227163,5.02,99.0,-0.91,2.09
EZPW,1994-06-08,4.515746116638184,4.515746116638184,4.515746116638184,4.515746116638184,8100.0,68.10456702989043,63.963644178618814,54.03203571000148,51.23907512940698,82.25805332216615,5.08,88.0,-0.89,2.19
EZPW,1994-06-09,4.515747275176485,4.679956591594132,4.392590522766113,4.392590522766113,96000.0,66.55037025520768,63.88915938716693,53.661574235136165,49.73573323613699,82.28745398277762,5.13,85.0,-0.88,2.23
EZPW,1994-06-10,4.351538371250432,4.433642549707909,4.023119778197842,4.228381633758545,163500.0,67.2636048177316,64.1829394703305,53.888294351073085,49.895982353629776,82.34857631831906,5.18,86.0,-0.93,2.11
EZPW,1994-06-13,4.269433946635474,4.269433946635474,4.105225563049316,4.105225563049316,19200.0,67.55272402230993,64.40130756598312,53.89011058186502,49.96756729678352,82.37494660506326,5.23,86.0,-0.95,2.11
EZPW,1994-06-14,4.187328847542458,4.433642309162603,4.187328847542458,4.26943302154541,101700.0,68.32010337688787,64.76078505515741,54.06212253782093,50.15485439553204,82.47543176652547,5.28,89.0,-1.01,2.07
EZPW,1994-06-15,4.4336430867733885,4.4336430867733885,4.269433770355741,4.392590522766113,91200.0,68.58496120858992,64.97644828105898,54.28801125827666,50.1060764500004,82.4804196285353,5.34,92.0,-1.09,2.01
EZPW,1994-06-16,4.515746116638184,4.515746116638184,4.269432675010442,4.515746116638184,49200.0,68.72700254533461,65.23010181917755,54.324859459113526,49.85249781872408,82.48501813748625,5.39,93.0,-1.09,2.05
EZPW,1994-06-17,4.515746483165555,4.515746483165555,4.26943302154541,4.26943302154541,47700.0,69.88322883708965,66.09752481022254,54.96327078273612,50.24411074263604,82.65381297047522,5.45,96.0,-1.11,1.85
EZPW,1994-06-20,4.269433556052111,4.515747048509184,4.269433556052111,4.433642864227295,44100.0,58.78893566326945,66.62594178026538,55.32382368859983,50.408021129014834,82.73944316245567,5.51,96.0,-1.11,1.78
EZPW,1994-06-21,4.433642356178546,4.433642356178546,4.187328891946405,4.351538181304932,133200.0,58.610880198056336,66.70523566513857,55.2846463000543,50.41053586009768,82.71990682653285,5.57,95.0,-1.1,1.8
EZPW,1994-06-22,4.18732922903016,4.351538531607683,4.023119926452637,4.023119926452637,94200.0,63.22607935520976,68.4755860523773,56.56677223310631,51.210365586025716,82.70234573355987,5.65,100.0,-1.1,1.54
EZPW,1994-06-23,4.146276668482935,4.2283817895773845,4.023119926452637,4.023119926452637,185400.0,62.94302454034331,68.4755860523773,56.56677223310631,51.03772492267068,82.67030227365439,5.72,99.5,-1.11,1.54
EZPW,1994-06-24,4.269432719251933,4.269432719251933,4.023119275071798,4.146275997161865,71100.0,63.54680802002426,68.7944616989476,56.59897985311475,51.170832258499324,82.68873294475429,5.8,100.0,-1.11,1.58
EZPW,1994-06-27,4.269433946635474,4.269433946635474,4.023120431644745,4.105225563049316,33600.0,62.349328535585535,68.7622786754935,56.56528656059036,51.02601753287286,82.68042542496423,5.87,97.0,-1.13,1.6
EZPW,1994-06-28,4.187328551062295,4.187328551062295,4.023119275071798,4.146275997161865,51000.0,61.77892463959335,65.9417504815871,56.3602441472423,50.86998019298934,82.53926425577927,5.93,96.0,-1.15,1.7
EZPW,1994-06-29,4.187329754842396,4.187329754842396,4.023120431644745,4.105225563049316,343200.0,61.77223519304299,65.77411822224839,56.35359500709177,50.88122215554801,82.53913523680208,6.0,95.0,-1.17,1.69
EZPW,1994-06-30,4.269433066820019,4.433642356178546,4.10522471707279,4.351538181304932,413700.0,61.57929724807326,66.83376494549715,57.13564825995946,51.360887352467444,82.74917360111351,6.07,100.0,-1.17,1.57
EZPW,1994-07-01,4.35153813515965,4.433642309162603,4.26943302154541,4.26943302154541,139500.0,61.860594061590156,66.50590563522837,57.207968289424535,51.04095358169396,82.75578730230205,6.13,100.0,-1.17,1.53
EZPW,1994-07-05,4.433642356178546,4.433642356178546,4.187328891946405,4.351538181304932,189000.0,61.08009524485205,66.60887176794346,57.140363827021076,51.09285187602185,82.54744982359742,6.19,99.0,-1.16,1.55
EZPW,1994-07-06,4.187329292297363,4.351538597355958,4.10522510957376,4.187329292297363,54900.0,62.0892010118162,66.96267675848162,57.43582847163465,51.24616712288341,82.5981407447934,6.26,100.0,-1.16,1.44
EZPW,1994-07-07,4.351538597355958,4.351538597355958,4.10522510957376,4.187329292297363,57600.0,61.860594061590156,66.53491391788484,57.38144067503909,51.24616712288341,82.50927705894802,6.31,99.0,-1.16,1.47
EZPW,1994-07-08,4.351539078040045,4.351539078040045,4.105225563049316,4.105225563049316,27600.0,61.81048917527598,66.38511659974058,57.4562003167928,51.29634516396284,82.52826677803941,6.35,100.0,-1.17,1.43
EZPW,1994-07-11,4.105225563049316,4.351539078040045,4.105225563049316,4.105225563049316,348300.0,61.81048917527598,64.9672972618657,57.379530974371605,51.29634516396284,82.5167491586124,6.38,97.0,-1.16,1.44
EZPW,1994-07-12,4.35153813515965,4.35153813515965,4.105224673539506,4.26943302154541,80100.0,58.46980654637992,65.23164183235195,57.67266289175447,51.513631063161235,82.61994025553405,6.4,100.0,-1.13,1.38
EZPW,1994-07-13,4.433642780079561,4.618377895916209,4.187329292297363,4.187329292297363,142200.0,57.64233649100608,63.485988592145546,57.618041186521516,51.56213820946742,82.59943228698421,6.43,99.0,-1.12,1.4
EZPW,1994-07-14,4.35153813515965,4.433642309162603,4.187328847542458,4.26943302154541,403800.0,55.38392818327148,63.534991909656966,57.5560543249007,51.44631242488333,82.6219708354406,6.45,98.0,-1.09,1.42
EZPW,1994-07-15,4.433641949299341,4.515746116638184,4.269432675010442,4.515746116638184,209100.0,53.78649128369135,64.49192563617532,58.27576918949609,51.87735008169946,82.79707651788998,6.46,100.0,-1.04,1.31
EZPW,1994-07-18,4.351537867091362,4.67995548248291,4.351537867091362,4.67995548248291,77100.0,52.56629963292002,64.88837176060139,58.56447154728275,51.87735008169946,51.717655645818304,6.47,100.0,-1.01,1.26
EZPW,1994-07-19,4.679956028504709,4.844165325164795,4.597851849980336,4.844165325164795,135300.0,53.23679693927825,61.62987601735844,58.82744642781569,51.997322949182525,51.78158410345098,6.48,100.0,-1.0,1.22
EZPW,1994-07-20,4.8441647599843,4.8441647599843,4.597851313537831,4.67995548248291,134700.0,53.97669075037237,61.98426178829474,58.83605541424918,52.1179510718251,51.57482189079102,6.49,100.0,-0.99,1.22
EZPW,1994-07-21,4.844165871609233,4.844165871609233,4.597852368639466,4.700482368469238,54900.0,53.98320570377532,60.93726372429147,58.27935921323609,52.11069656591613,51.55927406248776,6.5,97.0,-0.95,1.31
EZPW,1994-07-22,4.597851753234863,4.762060106828427,4.597851753234863,4.597851753234863,70500.0,53.74671884259047,59.97522891202394,58.314201913113685,51.81519311948044,51.611792206143335,6.5,97.0,-0.88,1.27
EZPW,1994-07-25,4.844165325164795,4.844165325164795,4.597851849980336,4.844165325164795,94800.0,54.32976176199775,60.712751750678365,58.92265077900978,52.08245301814872,51.80066306741217,6.5,100.0,-0.84,1.18
EZPW,1994-07-26,4.597851849980336,4.844165325164795,4.597851849980336,4.844165325164795,60300.0,53.38528893832367,60.611000751761544,58.86842647087766,52.04021082719398,51.684976442328825,6.49,99.0,-0.82,1.2
EZPW,1994-07-27,4.679956028504709,4.844165325164795,4.679956028504709,4.844165325164795,103200.0,52.43540991566108,60.44690872046626,58.86842647087766,51.998973580365195,51.67459400635514,6.47,98.5,-0.79,1.2
EZPW,1994-07-28,4.76205965142799,4.8441647599843,4.67995548248291,4.67995548248291,78300.0,53.07647622254714,60.80818913094899,58.881287304984596,52.11955115083649,51.60633711476714,6.46,99.0,-0.72,1.15
EZPW,1994-07-29,4.679956028504709,4.844165325164795,4.679956028504709,4.844165325164795,31800.0,53.39825972895229,61.0181490949703,59.091722224134415,52.18622832472566,51.6726503848154,6.44,100.0,-0.68,1.11
EZPW,1994-08-01,4.679956456214408,4.844165767881881,4.679956456214408,4.762060642242432,12300.0,50.824453372844204,60.678050950019234,59.14801504062876,52.22651908786421,51.694734717012395,6.4,100.0,-0.63,1.08
EZPW,1994-08-02,4.721008587572565,4.844165325164795,4.679956028504709,4.844165325164795,102900.0,49.96572096212268,54.11613780956834,59.000762263902416,52.17363817038019,51.46180863380978,6.36,98.0,-0.67,1.11
EZPW,1994-08-03,4.844165378479199,5.008373737335205,4.844165378479199,5.008373737335205,355800.0,50.281700058328006,54.151913990485546,59.058342351773106,52.15216846223315,51.5648865283827,6.32,98.0,-0.67,1.14
EZPW,1994-08-04,4.844165604845583,5.008373971374995,4.844165604845583,4.96732234954834,112500.0,43.90384326094271,54.204088619033975,59.07108978179528,52.16231508014212,51.53623788185635,6.27,98.0,-0.68,1.13
EZPW,1994-08-05,4.844165767881881,5.008374139937927,4.762060642242432,4.762060642242432,174300.0,46.137636339518004,54.898810133857204,59.23462284047346,52.36081043449583,51.67896233602492,6.23,100.0,-0.62,1.09
EZPW,1994-08-08,4.762060642242432,4.926269953909904,4.762060642242432,4.762060642242432,10200.0,45.568594056730134,54.898810133857204,59.17445072606654,52.172057490051024,51.58901126339022,6.18,99.0,-0.58,1.1
EZPW,1994-08-09,4.92626953125,4.92626953125,4.762060233671218,4.92626953125,49200.0,46.119617880700474,54.46637613529091,59.418608998930935,52.3214669365987,51.599177958817464,6.13,100.0,-0.56,1.07
EZPW,1994-08-10,4.762060642242432,4.926269953909904,4.762060642242432,4.762060642242432,9000.0,47.52929631499917,54.71006565123781,59.527021618901635,52.48127429313064,50.960240112855594,6.08,100.0,-0.54,1.0
EZPW,1994-08-11,4.679955930031645,4.762060106828427,4.536273385734448,4.597851753234863,194100.0,48.74189550586552,55.20019988116035,59.711849913066104,52.64996289308945,50.66999847976547,6.01,100.0,-0.56,0.92
EZPW,1994-08-12,4.679955930031645,4.679955930031645,4.515746636826761,4.597851753234863,36600.0,45.92556934403204,53.858796838785494,59.66993708096165,52.63710708720416,50.62879529966714,5.94,99.0,-0.55,0.94
EZPW,1994-08-15,4.679955930031645,4.679955930031645,4.515746636826761,4.597851753234863,21600.0,45.502764994182996,53.858796838785494,59.6254626756755,52.62593298266639,50.582097325767826,5.86,98.0,-0.51,0.97
EZPW,1994-08-16,4.515746116638184,4.679955390927082,4.515746116638184,4.515746116638184,17400.0,45.59735773204386,53.448001115180034,59.68498287624221,52.62074296837691,50.448631547749,5.77,99.0,-0.47,0.94
EZPW,1994-08-17,4.597852453063407,4.679956642357078,4.515747324158272,4.55679988861084,46500.0,44.05591385357754,53.4757102405066,59.70751116735041,52.58390860826954,50.27804867760122,5.67,99.0,-0.44,0.94
EZPW,1994-08-18,4.515746116638184,4.679955390927082,4.515746116638184,4.515746116638184,21300.0,44.18412436326082,53.356584538936616,59.71990389732166,52.54941921287436,50.11824678135176,5.56,100.0,-0.43,0.93
EZPW,1994-08-19,4.5157465310521605,4.679955820410688,4.351538181304932,4.351538181304932,71700.0,45.211355978017124,53.77982352320364,59.987344045755044,52.732876982307666,50.15936903034836,5.43,100.0,-0.43,0.84
EZPW,1994-08-22,4.351538181304932,4.433642356178546,4.187328891946405,4.351538181304932,468300.0,45.211355978017124,53.77982352320364,59.96815103999049,52.54239240089048,50.14719554871982,5.28,99.0,-0.55,0.84
EZPW,1994-08-23,4.3515385044428285,4.3515385044428285,3.941015720367432,3.941015720367432,147000.0,52.487274501381606,55.21180578309321,61.90154483259583,53.837387984013404,50.95532776252168,5.14,100.0,-0.91,0.71
EZPW,1994-08-24,4.10522510957376,4.187329292297363,3.941015804515165,4.187329292297363,558600.0,55.31800670301802,56.01133417842529,60.790998563369314,54.133168815267474,51.27326184729709,5.04,99.0,-0.88,0.75
EZPW,1994-08-25,4.10522510957376,4.269433475020966,4.10522510957376,4.187329292297363,264300.0,55.01113450379188,54.73025197058503,60.65979139587709,54.031632178177105,51.11112668367942,4.94,98.0,-0.87,0.8
EZPW,1994-08-26,4.187328891946405,4.351538181304932,4.187328891946405,4.351538181304932,11400.0,53.65203985668129,53.263839245109956,60.920325493503334,54.11440262894389,51.255078821703606,4.84,99.0,-0.86,0.78
EZPW,1994-08-29,4.351539078040045,4.351539078040045,4.105225563049316,4.105225563049316,13500.0,54.92685904195375,53.487345889399194,61.330065697565736,54.50554700176404,51.549524159337615,4.73,99.0,-0.84,0.66
EZPW,1994-08-30,4.351538371250432,4.351538371250432,4.105224896266659,4.228381633758545,55800.0,54.64178709354319,53.719807241183496,61.506786254091274,54.42013724978361,51.54736546272309,4.62,99.0,-0.79,0.64
EZPW,1994-08-31,4.10522471707279,4.351538181304932,4.10522471707279,4.351538181304932,35100.0,54.701093877060295,53.95530479772979,61.6329080322863,54.32807654482298,51.61578036120129,4.49,99.0,-0.74,0.64
EZPW,1994-09-01,4.351539078040045,4.351539078040045,4.105225563049316,4.105225563049316,68700.0,56.989539606548654,55.23316180074921,62.041442838543816,54.76538045274537,51.94714170893432,4.36,100.0,-0.7,0.53
EZPW,1994-09-02,4.105224673539506,4.35153813515965,4.105224673539506,4.26943302154541,128700.0,58.10615017632582,55.58450063074232,62.208013658671035,54.963831857522294,52.05229796287817,4.23,100.0,-0.64,0.54
EZPW,1994-09-06,4.105224673539506,4.35153813515965,4.105224673539506,4.26943302154541,28800.0,55.76183305653928,55.02858867991488,61.27937575942764,54.963831857522294,52.05229796287817,4.1,94.0,-0.64,0.71
EZPW,1994-09-07,4.187328891946405,4.351538181304932,4.187328891946405,4.351538181304932,11100.0,56.1586767509131,54.808527782057666,61.187625803879044,55.01002243114858,52.046383518478144,3.96,93.0,-0.64,0.77
EZPW,1994-09-08,4.187329292297363,4.351538597355958,4.10522510957376,4.187329292297363,37800.0,57.04550223981123,54.80530158776329,60.329581907126176,55.15195330771373,52.19064174411089,3.85,89.0,-0.61,0.76
EZPW,1994-09-09,4.105225563049316,4.269433946635474,4.023120431644745,4.105225563049316,105000.0,56.539263399344634,54.615359534892825,60.34310155709137,55.200622407179665,52.13496187703367,3.73,89.0,-0.61,0.76
EZPW,1994-09-12,4.023120431644745,4.269433946635474,4.023120431644745,4.105225563049316,143400.0,55.3508755144378,54.28602435922733,60.266644969580554,54.66839974785944,52.12477157548636,3.6,87.0,-0.58,0.76
EZPW,1994-09-13,4.269433410513234,4.269433410513234,4.023119926452637,4.023119926452637,23700.0,55.41466971081797,53.235197299690526,60.320418625951,54.62287928542926,52.153779287527556,3.46,87.0,-0.55,0.73
EZPW,1994-09-14,4.023119926452637,4.18732922903016,4.023119926452637,4.023119926452637,176100.0,55.02587998463544,52.62074503318851,58.106110222048954,54.62287928542926,51.66472306943002,3.37,58.0,-0.57,0.8
EZPW,1994-09-15,4.023120061669761,4.187329369766362,4.023120061669761,4.043646812438965,100800.0,53.85933202015406,52.51678643837001,58.02617928470304,54.032264294258546,51.34616464818428,3.28,57.0,-0.6,0.82
EZPW,1994-09-16,4.187329754842396,4.187329754842396,4.023120431644745,4.105225563049316,41400.0,54.24156754024694,50.08293903126276,57.369073744280875,54.02837497829428,51.336308474305916,3.19,49.0,-0.58,0.9
EZPW,1994-09-19,4.269433066820019,4.351538181304932,4.187328891946405,4.351538181304932,51300.0,56.25067694031274,51.470621655984175,57.44366249450125,54.45652984458582,51.668554423997406,3.12,52.0,-0.59,0.98
EZPW,1994-09-20,4.105224673539506,4.26943302154541,4.105224673539506,4.26943302154541,14400.0,56.43287250760639,51.28023613809991,57.440481330348156,54.36733916300557,51.703654735323134,3.04,51.0,-0.58,0.98
EZPW,1994-09-21,4.105224673539506,4.26943302154541,4.105224673539506,4.26943302154541,14400.0,55.31746928658583,51.23425622242621,57.357711838380865,54.35994447308197,50.56849370341009,2.96,46.0,-0.58,0.99
EZPW,1994-09-22,4.269433946635474,4.269433946635474,4.105225563049316,4.105225563049316,27000.0,55.58171582224598,51.84058229258521,57.61392724915684,54.31953188349611,50.68964569850567,2.87,54.0,-0.59,0.91
EZPW,1994-09-23,4.105225563049316,4.269433946635474,4.105225563049316,4.105225563049316,43200.0,54.85369511717306,51.800462913814386,57.528037625203766,54.01349479531839,50.65858784694684,2.77,52.0,-0.61,0.92
EZPW,1994-09-26,4.10522510957376,4.187329292297363,3.941015804515165,4.187329292297363,55800.0,55.27086138368678,50.53678318112978,57.53477694680026,54.02849506175108,50.67275434054176,2.66,52.0,-0.61,0.95
EZPW,1994-09-27,4.187329292297363,4.187329292297363,3.941015804515165,4.187329292297363,46500.0,55.27086138368678,50.3910090748145,57.2032344042432,53.88571189853641,50.55487987235794,2.55,41.0,-0.61,1.0
EZPW,1994-09-28,3.9410162398516655,4.187329754842396,3.9410162398516655,4.105225563049316,49800.0,55.31504877858424,50.38210580103162,53.3429591967866,53.93293480150716,50.335734732068985,2.55,5.0,-0.62,0.01
EZPW,1994-09-29,3.9410162398516655,4.105225563049316,3.9410162398516655,4.105225563049316,15000.0,55.20328891633961,49.77243868137818,53.110545030893775,53.89088770899131,50.303635386563336,2.56,2.0,-0.61,0.04
EZPW,1994-09-30,4.105225563049316,4.105225563049316,3.9410162398516655,4.105225563049316,6000.0,55.186230074022255,49.77243868137818,53.110545030893775,52.62066859010069,50.27536708896763,2.57,2.5,-0.59,0.04
EZPW,1994-10-03,3.9410162398516655,4.105225563049316,3.9410162398516655,4.105225563049316,76500.0,54.24732435186221,49.606712377827954,53.01158584352511,52.32841083304829,50.24322917585552,2.58,1.0,-0.59,0.05
EZPW,1994-10-04,4.105225563049316,4.105225563049316,3.858912048058588,4.105225563049316,101100.0,54.24732435186221,49.606712377827954,53.01158584352511,52.29286128669227,50.214926872830155,2.59,1.5,-0.58,0.05
EZPW,1994-10-05,4.023119926452637,4.023119926452637,3.776806442392039,4.023119926452637,31200.0,46.19096408260977,49.0922052731065,52.68847340398346,52.23568523575685,50.12989262857398,2.61,1.0,-0.59,0.11
EZPW,1994-10-06,3.776805877685547,3.941015155710565,3.6125975392717615,3.776805877685547,424800.0,46.16792837719022,50.590144480358155,53.40678946876311,52.60588415862881,50.51719638779561,2.62,11.0,-0.53,0.04
EZPW,1994-10-07,3.530492824373179,3.694702120720073,3.530492824373179,3.612597942352295,185700.0,47.65380191766749,51.14065971807777,53.83896187809844,52.84148752054024,50.59331117480303,2.62,13.0,-0.3,-0.04
EZPW,1994-10-10,3.694702120720073,3.694702120720073,3.4483886460054007,3.612597942352295,159000.0,45.88162110887101,49.65294459117031,52.92880602029699,52.74509550222706,50.4676525291911,2.64,2.0,-0.18,0.03
EZPW,1994-10-11,3.612598143563485,3.612598143563485,3.448388838070611,3.5304930210113525,85200.0,43.47924651910498,49.11611885115367,53.03818806874333,52.780433982623535,50.51466934508972,2.66,5.0,-0.01,0.0
EZPW,1994-10-12,3.612598143563485,3.612598143563485,3.448388838070611,3.5304930210113525,66600.0,42.263046257021195,48.44491963308108,52.64662886469208,52.7775065485842,50.51466934508972,2.68,1.0,0.06,0.06
EZPW,1994-10-13,3.612597942352295,3.612597942352295,3.4483886460054007,3.612597942352295,32700.0,41.88548053729655,48.39649976808935,52.79615037494836,52.80361545389148,50.31268025493398,2.69,3.0,0.01,0.03
EZPW,1994-10-14,3.612598143563485,3.612598143563485,3.448388838070611,3.5304930210113525,74700.0,39.23920491206917,48.511425689217184,52.83250454526917,52.836941493482136,50.36079087787557,2.69,4.0,0.01,0.03
EZPW,1994-10-17,3.612598143563485,3.612598143563485,3.448388838070611,3.5304930210113525,352800.0,36.977345708475525,48.38586729419561,52.72667580498581,52.836941493482136,50.325729677968475,2.7,3.0,-0.03,0.04
EZPW,1994-10-18,3.530492824373179,3.612597942352295,3.530492824373179,3.612597942352295,102000.0,37.90818271764731,47.28488052311216,52.875970960745555,52.79766198921776,50.3833366227585,2.7,6.0,-0.12,0.02
EZPW,1994-10-19,3.612597796350524,3.612597796350524,3.530492681689655,3.5510194301605225,428100.0,37.31365654312226,47.340193305448096,51.49269797642504,52.80032227779036,50.40914391951126,2.75,1.0,-0.15,0.05
EZPW,1994-10-20,3.612598143563485,3.612598143563485,3.5304930210113525,3.5304930210113525,118500.0,36.08373299754169,47.32802901906992,51.07025055783873,52.6644490396594,50.41121252997378,2.81,1.0,-0.21,0.12
EZPW,1994-10-21,3.612598143563485,3.612598143563485,3.5304930210113525,3.5304930210113525,153300.0,35.86639621618004,46.9449680709246,50.191748951524794,52.65072968379838,50.41121252997378,2.88,1.0,-0.27,0.2
EZPW,1994-10-24,3.44838875039947,3.61259805171752,3.284179449081421,3.284179449081421,138300.0,40.77441679224528,48.22289195359484,50.00430409473362,53.30392388489589,50.91138359585765,2.97,1.0,-0.14,0.13
EZPW,1994-10-25,3.44838875039947,3.44838875039947,3.284179449081421,3.284179449081421,15900.0,40.64504101853069,48.189387869470316,49.37569887366965,53.30392388489589,50.794856461198115,3.07,1.0,-0.11,0.25
EZPW,1994-10-26,3.284179449081421,3.44838875039947,3.284179449081421,3.284179449081421,27900.0,40.64504101853069,47.96336833532111,49.26145845922524,53.20333583034436,50.794856461198115,3.16,1.0,-0.1,0.27
EZPW,1994-10-27,3.284179262537509,3.4483885545283446,3.284179262537509,3.407335996627808,49800.0,42.44901184821296,48.09178937119996,49.61402732530695,53.39777913864485,50.80298352446119,3.25,3.0,-0.18,0.22
EZPW,1994-10-28,3.2841794874178167,3.44838879065269,3.2841794874178167,3.3662846088409424,361200.0,42.01992679362172,48.10465471551974,49.63382108896246,53.38116747699018,50.7799208571974,3.32,4.0,-0.24,0.21
EZPW,1994-10-31,3.4483885545283446,3.4483885545283446,3.366284378338584,3.407335996627808,159600.0,37.73836899046312,47.668210836446725,49.53119205045468,53.406587788362145,50.76419142575984,3.38,3.0,-0.33,0.25
EZPW,1994-11-01,3.4483885545283446,3.61259784651918,3.366284378338584,3.407335996627808,655800.0,37.66424332144302,47.668210836446725,49.20311158330711,53.359457413940014,50.75479012690708,3.45,1.0,-0.42,0.34
EZPW,1994-11-02,3.4483886460054007,3.612597942352295,3.4483886460054007,3.612597942352295,123900.0,42.21921939473192,48.791524526167706,49.935073290114815,53.79206911859402,50.85480618007276,3.51,7.0,-0.49,0.32
EZPW,1994-11-03,3.612598420582329,3.6947026098189286,3.448389102497667,3.6536500453948975,495600.0,41.247889183624274,48.53331040503067,49.5539198759842,53.74041177135573,50.80282652275868,3.57,5.0,-0.56,0.38
EZPW,1994-11-04,3.612597921221973,3.6947020991095183,3.530492803723096,3.571545362472534,142800.0,41.58650016880405,48.26495179035909,49.431071927132294,53.70329592959079,50.81436678337563,3.64,4.0,-0.62,0.38
EZPW,1994-11-07,3.530492803723096,3.6947020991095183,3.530492803723096,3.571545362472534,83700.0,40.966449601425815,48.26495179035909,49.20224640917904,53.70329592959079,50.779779300161145,3.71,1.0,-0.67,0.43
EZPW,1994-11-08,3.5304932917342664,3.6947026098189286,3.5304932917342664,3.6536500453948975,109200.0,41.7442930651453,48.57340141681759,48.597950061276734,53.78121763070345,50.802059929061805,3.79,1.0,-0.72,0.54
EZPW,1994-11-09,3.694702326504226,3.694702326504226,3.5304930210113525,3.5304930210113525,236400.0,42.410249990249305,48.88980465335064,48.460299279827886,53.919169632483886,50.84867046466467,3.87,1.0,-0.77,0.53
EZPW,1994-11-10,3.2841793473630685,3.4483886435951905,3.119970990742285,3.30470609664917,1760700.0,45.910637725180166,50.42742206425274,49.44311050976725,54.321544135995126,51.26234758831521,3.94,8.0,-0.8,0.42
EZPW,1994-11-11,3.4483885765075684,3.4483885765075684,3.2431276649192244,3.4483885765075684,160500.0,48.09799440555943,51.36634591815531,48.44801327735354,54.22242076295974,51.37656985286394,4.02,1.0,-0.85,0.41
EZPW,1994-11-14,3.284179262537509,3.5304927307181053,3.284179262537509,3.407335996627808,561900.0,48.09749137660166,50.94311749756623,48.47560834916376,54.19093082084843,51.27574587737801,4.09,3.0,-0.9,0.39
EZPW,1994-11-15,3.366284467637623,3.612597942352295,3.366284467637623,3.612597942352295,319800.0,51.61341989260434,52.52893491483492,49.15318088836614,54.66475924824095,51.62186693420288,4.15,5.0,-0.94,0.35
EZPW,1994-11-16,3.4483886460054007,3.77680629908785,3.4483886460054007,3.612597942352295,306600.0,51.40288394299337,48.57124830310999,49.13438623494728,54.63849487760572,51.59351479545609,4.21,5.0,-0.98,0.36
EZPW,1994-11-17,3.77680629908785,3.8589114170669663,3.612597942352295,3.612597942352295,85500.0,48.19991722531301,46.81942611779447,49.10188564660128,54.63849487760572,51.46571344131012,4.27,5.0,-1.01,0.37
EZPW,1994-11-18,3.6947021484375,3.8589114460162817,3.6947021484375,3.6947021484375,297000.0,46.90070048612023,47.09557701450176,49.22740135280599,54.564780154309645,51.517988728607364,4.32,10.0,-1.04,0.34
EZPW,1994-11-21,3.694702237844467,4.105225021919864,3.694702237844467,3.941015720367432,485100.0,50.40984448312133,48.34109282155591,49.429372851101206,55.08942130625165,51.92876724540556,4.37,13.0,-1.04,0.36
EZPW,1994-11-22,4.105225047547085,4.105225047547085,3.941015744969562,4.023119926452637,91500.0,50.04677426825138,47.08186975005568,49.46159705743835,55.1518299277596,51.971253506762096,4.42,16.0,-1.03,0.36
EZPW,1994-11-23,3.941016447636205,4.105225779491561,3.941016447636205,3.9820690155029297,117900.0,50.212312094361025,46.707640532107156,49.38406718879732,55.02752841726944,51.972688371972986,4.46,13.0,-1.02,0.37
EZPW,1994-11-25,3.9410162398516655,4.105225563049316,3.9410162398516655,4.105225563049316,16200.0,50.50345137915604,46.75651097340895,49.26095850834595,55.04922365627849,52.05466162105482,4.5,11.0,-1.02,0.42
EZPW,1994-11-28,4.105225021919864,4.105225021919864,3.8589115393969,3.941015720367432,40800.0,51.59230116636757,45.97349436657008,49.68123479515426,55.24645698456205,52.17907507781611,4.54,23.0,-1.02,0.32
EZPW,1994-11-29,3.8589114460162817,4.023119803983718,3.6947021484375,3.6947021484375,96300.0,55.25188985232934,47.03266356852619,50.61992861070708,55.63326164943733,52.53589003180307,4.56,27.0,-1.04,0.23
EZPW,1994-11-30,3.694701708478655,3.858910986503673,3.694701708478655,3.776805877685547,63000.0,55.218514136407315,47.29571120243363,50.75164302662822,55.664650075536215,52.549064189467096,4.58,28.0,-1.06,0.2
EZPW,1994-12-01,3.8589114460162817,3.8589114460162817,3.6947021484375,3.6947021484375,41100.0,55.3763680429052,47.26160893360328,50.45115604645747,55.711358721425896,52.59233760402966,4.6,27.0,-1.07,0.23
EZPW,1994-12-02,3.6947022137985055,3.8589115142822266,3.6947022137985055,3.8589115142822266,43500.0,56.65316066067919,47.597671670093824,50.867256574705166,55.8877757947414,52.64556857201037,4.62,30.0,-1.07,0.19
EZPW,1994-12-05,3.6947021484375,3.8589114460162817,3.6947021484375,3.6947021484375,129600.0,58.23082287478296,48.23279764720217,51.209284807769485,56.067457163323766,52.821541372376835,4.63,32.0,-1.08,0.11
EZPW,1994-12-06,3.6947022137985055,3.8589115142822266,3.6947022137985055,3.8589115142822266,66300.0,55.057316594083915,49.11564153219292,50.88689223266155,56.30202472983542,52.86648136281477,4.64,31.0,-1.05,0.12
EZPW,1994-12-07,3.694702120720073,3.77680629908785,3.612597942352295,3.612597942352295,94500.0,58.80788451662685,50.74650715024316,51.54582714622058,56.78953322081431,53.19868596542739,4.64,35.0,-1.02,0.07
EZPW,1994-12-08,3.612598143563485,3.735754887780293,3.5304930210113525,3.5304930210113525,66900.0,59.291287808970786,50.930178840854225,51.30045808061365,56.84328978789266,53.170040757189206,4.64,34.0,-0.99,0.09
EZPW,1994-12-09,3.530492850858718,3.6947021484375,3.530492850858718,3.6947021484375,171000.0,59.77833591649181,51.84016625708334,51.62675891348941,57.121023576184214,53.332404636466656,4.64,37.0,-0.94,0.08
EZPW,1994-12-12,3.530492824373179,3.694702120720073,3.4483886460054007,3.612597942352295,330000.0,60.0758910472056,51.89780252162555,51.713395201409305,57.17253619753491,53.23677193148657,4.64,38.0,-0.9,0.05
EZPW,1994-12-13,3.448388671875,3.6947021484375,3.448388671875,3.6947021484375,209400.0,60.296646086322234,50.62122482710089,51.77055272462178,57.24535834599277,53.137546598806075,4.64,39.0,-0.85,0.05
EZPW,1994-12-14,3.530492850858718,3.941015625,3.530492850858718,3.6947021484375,131100.0,60.296646086322234,50.509307366599224,51.03298123397698,57.23399571525155,53.137546598806075,4.63,32.0,-0.79,0.13
EZPW,1994-12-15,3.694701628251509,4.105224344594304,3.694701628251509,4.06417179107666,801600.0,64.08209913622173,54.33541482901014,53.35190078868893,58.368349421862774,53.99571190609688,4.62,54.0,-0.73,0.36
EZPW,1994-12-16,4.023119233382702,4.515746116638184,4.023119233382702,4.515746116638184,1409100.0,70.49990288693651,57.93129438946042,55.996276930306976,58.58038554969344,55.01780422337153,4.6,57.0,-0.73,0.62
EZPW,1994-12-19,4.26943302154541,4.515746483165555,4.26943302154541,4.26943302154541,676800.0,72.36327779532633,59.12511103839676,56.43136819382565,58.872473876178475,55.305240769243,4.58,58.0,-0.67,0.56
EZPW,1994-12-20,4.269433383860928,4.433642685413361,3.8589115393969,3.941015720367432,257100.0,76.53350551060834,61.246676009284286,57.52057625247343,59.58662094631101,55.847640569559644,4.57,64.0,-0.61,0.53
EZPW,1994-12-21,3.941015595434744,3.941015595434744,3.530492824373179,3.612597942352295,1282800.0,80.6106636074664,63.73088620122941,59.03647419791203,60.295563273794585,56.51532220888544,4.57,71.0,-0.54,0.45
EZPW,1994-12-22,3.530492824373179,3.612597942352295,3.366284467637623,3.612597942352295,368100.0,79.96717917686436,63.62986850693814,58.952425026529994,60.28375706367568,56.1410105018765,4.57,70.0,-0.5,0.47
EZPW,1994-12-23,3.612597921221973,3.612597921221973,3.4483886258355505,3.571545362472534,64500.0,77.52813287854268,63.6566260978862,58.679042351379195,60.26580107084884,56.08409102856579,4.56,70.0,-0.59,0.53
EZPW,1994-12-27,3.4483886258355505,3.612597921221973,3.4483886258355505,3.571545362472534,59100.0,76.59708273183686,63.6566260978862,58.676274672524244,60.11382813743792,56.08409102856579,4.56,70.0,-0.7,0.53
EZPW,1994-12-28,3.448388833583264,3.612598138862453,3.366284650749363,3.489441394805908,193800.0,76.8347194563164,63.798680491686646,58.43313749123301,60.073676450137945,55.711907934521875,4.55,70.0,-0.69,0.58
EZPW,1994-12-29,3.448388833583264,3.5304930164171635,3.366284650749363,3.489441394805908,176100.0,74.86244921108533,63.798680491686646,58.43313749123301,59.5569690682629,55.68442132594522,4.55,70.5,-0.71,0.58
EZPW,1994-12-30,3.3662846088409424,3.612598093887563,3.3662846088409424,3.3662846088409424,102000.0,75.53555107618047,64.06378457314906,58.35876269908567,59.611655329094745,55.771911087818246,4.54,70.0,-0.95,0.6
EZPW,1995-01-03,3.612597942352295,3.612597942352295,3.366284467637623,3.612597942352295,65100.0,78.44362801231742,64.55918298159577,59.33723606368662,59.55087441153276,56.1494439641062,4.53,77.0,-1.05,0.51
EZPW,1995-01-04,3.612598420582329,3.776806799055529,3.5304932917342664,3.6536500453948975,37800.0,78.23203335392293,63.95515140216006,59.15056544747289,59.536308650698864,56.15878852730365,4.53,77.0,-1.05,0.54
EZPW,1995-01-05,3.6125980333623264,3.8589115142822266,3.6125980333623264,3.8589115142822266,49200.0,77.56927780625466,64.92194633836854,59.83704372193308,59.85958312445443,56.27701047946023,4.53,83.0,-1.05,0.43
EZPW,1995-01-06,3.8589115142822266,3.8589115142822266,3.6947022137985055,3.8589115142822266,46200.0,77.30654779656638,64.72827655470589,59.83704372193308,59.84820403932082,56.06604997591519,4.53,82.5,-1.08,0.43
EZPW,1995-01-09,3.941015155710565,4.023119324917457,3.776805877685547,3.776805877685547,43200.0,77.48723393019785,64.89914917243152,59.863733854546,58.67259116576001,56.075457941489724,4.53,83.0,-1.07,0.43
EZPW,1995-01-10,3.776806327421218,4.023119803983718,3.448388671875,3.6947021484375,143700.0,77.08169232204567,64.90636446933034,59.923368891388776,58.67847276497731,56.01798548017742,4.54,83.0,-1.11,0.42
EZPW,1995-01-11,3.530492824373179,3.694702120720073,3.4483886460054007,3.612597942352295,70800.0,76.49109698151585,64.89850374379863,60.00084597992087,58.34143639572801,56.05899142536288,4.54,85.0,-1.14,0.4
EZPW,1995-01-12,3.4483886460054007,3.612597942352295,3.4483886460054007,3.612597942352295,18600.0,74.2254080669951,64.89850374379863,59.741405443614845,57.975379400101886,56.02935603767053,4.54,79.0,-1.11,0.45
EZPW,1995-01-13,3.530492753220642,3.612597869545036,3.4483885765075684,3.4483885765075684,75900.0,75.05318668007047,65.42561362810059,60.15948753125062,58.18537320359722,55.34142757713506,4.54,85.0,-1.09,0.38
EZPW,1995-01-16,3.4483885765075684,3.530492753220642,3.2841792834701016,3.4483885765075684,141600.0,74.84108507231704,65.33616475034088,58.1245313059064,58.13441464336052,55.14147915162273,4.49,70.0,-1.1,0.35
EZPW,1995-01-17,3.3662843997944947,3.530492753220642,3.3662843997944947,3.4483885765075684,53400.0,73.57997165567541,65.32684839302027,57.26997519172687,58.094071399709826,55.1169121934082,4.46,60.0,-1.07,0.48
EZPW,1995-01-18,3.366284569546129,3.5304929312528115,3.284179449081421,3.284179449081421,114000.0,73.84451009223145,66.07528242823616,57.7495947389179,58.315439051645555,55.24767910445277,4.43,69.0,-1.03,0.4
EZPW,1995-01-19,3.44838875039947,3.44838875039947,3.0378659669100303,3.284179449081421,460500.0,72.48134195939593,64.39154504489026,57.37784926651568,58.27649264396986,55.15774127017703,4.39,63.0,-0.99,0.49
EZPW,1995-01-20,3.037865917774305,3.284179395961718,3.037865917774305,3.1199710369110107,132000.0,71.53465135742277,65.24394520251535,57.21669972131313,58.380793341581835,55.37560708679765,4.34,60.0,-0.91,0.5
EZPW,1995-01-23,2.955761671066284,3.119970965995966,2.791552376136603,2.955761671066284,281700.0,72.77438232571807,66.1483306516443,57.55395453514398,56.67451889422589,55.55110120842207,4.29,70.0,-0.68,0.47
EZPW,1995-01-24,2.7915524937037675,2.9557617955491784,2.6273441314697266,2.6273441314697266,508200.0,77.95374525887608,69.78570931595432,60.103543948914464,58.18401529913403,56.722387227453574,4.27,91.0,0.12,0.76
EZPW,1995-01-25,2.7915523052215576,2.9557615959797574,2.709448129648111,2.7915523052215576,279000.0,80.60018981258561,71.02046058857316,60.38630868875757,58.657301630948055,57.074497621397455,4.24,97.0,0.26,0.73
EZPW,1995-01-26,2.955761762765737,3.202075242996216,2.7915524627416324,3.202075242996216,138300.0,90.67248257779025,76.5757699216414,64.05705360652452,60.86813829019031,58.72355293430759,4.28,100.0,0.24,1.41
EZPW,1995-01-27,3.2020753776468136,3.2020753776468136,2.873657703399658,2.873657703399658,147300.0,95.47482784932217,79.6624272315198,66.20085567852108,62.16919278636473,59.66191127256904,4.39,100.0,0.27,1.31
EZPW,1995-01-30,2.873657762290313,3.2020754432678222,2.873657762290313,3.078918695449829,80400.0,93.2704720128829,80.03577587879775,67.11119356219555,62.5494954210294,60.08639624888469,4.52,100.0,0.24,1.16
EZPW,1995-01-31,3.037865917774305,3.202075216436364,2.955761738248952,3.1199710369110107,122700.0,87.04752376153259,80.05126709165748,66.9263838382785,62.45275422141718,60.029042312680836,4.65,99.0,0.21,1.18
EZPW,1995-02-01,2.955761930698903,3.1199712400526463,2.955761930698903,3.0378661155700684,129000.0,86.17543845996572,80.09757437084889,66.97926586566767,62.51563006234869,60.06244063134707,4.78,99.0,0.16,1.17
EZPW,1995-02-02,3.1199710369110107,3.1199710369110107,2.955761738248952,3.1199710369110107,60600.0,84.31298238766276,80.32208215971279,67.14337169693552,62.16913580139662,60.04402719565972,4.91,100.0,0.12,1.13
EZPW,1995-02-03,3.037865917774305,3.284179395961718,3.037865917774305,3.1199710369110107,145500.0,80.91115657757764,80.1550443015691,67.08622474112667,62.16913580139662,60.035433717312095,5.04,98.0,0.08,1.14
EZPW,1995-02-06,3.037865917774305,3.284179395961718,3.037865917774305,3.1199710369110107,135300.0,80.91115657757764,79.88419386321281,67.08622474112667,61.986162910851974,60.031705881174645,5.18,97.5,0.04,1.14
EZPW,1995-02-07,3.0378661529088458,3.284179650161223,3.0378661529088458,3.161022901535034,84900.0,81.05049705474785,78.81429592168493,67.12129917940062,62.010942313904934,60.04960379386636,5.31,99.0,0.02,1.13
EZPW,1995-02-08,3.2841795040646096,3.2841795040646096,3.0378660177694794,3.0994443893432617,67800.0,81.16512231225678,78.38471548935362,67.1165906785433,62.01343502194789,60.01447769631972,5.44,98.0,0.01,1.14
EZPW,1995-02-09,3.0378661155700684,3.2841796097949767,3.0378661155700684,3.0378661155700684,42900.0,81.10709319174492,78.44719329584339,66.45068263406385,62.00119466681511,60.03864318160981,5.56,92.0,-0.01,1.28
EZPW,1995-02-10,3.16102268308735,3.366284543020321,3.0378659429721107,3.202075242996216,112500.0,82.7853865910387,78.26364997034455,66.99857661579033,62.33704077427473,60.26547997669848,5.68,94.0,0.01,1.15
EZPW,1995-02-13,3.202075242996216,3.2841794232025885,3.202075242996216,3.202075242996216,86700.0,82.19110100937638,78.26364997034455,66.99857661579033,61.66440812662836,60.26547997669848,5.8,93.5,0.03,1.15
EZPW,1995-02-14,3.1199710627898427,3.366284543020321,3.1199710627898427,3.202075242996216,16200.0,79.29145443929731,78.26364997034455,66.74583653332982,61.46880834288698,60.236550254732045,5.91,90.0,0.06,1.2
EZPW,1995-02-15,3.119970965995966,3.2020751436551413,2.8736574934071086,2.955761671066284,237300.0,82.1265737774285,79.70062062583553,67.86998227933826,61.768817789092324,60.715411659765095,6.03,100.0,0.06,1.05
EZPW,1995-02-16,2.791552376136603,3.119970965995966,2.791552376136603,2.955761671066284,347400.0,80.05869172305299,78.4271365342694,67.77124232392944,61.14381853963563,60.670674624674106,6.15,99.0,0.06,1.08
EZPW,1995-02-17,2.955761887058597,2.9968144486937662,2.79155258012932,2.873657703399658,102000.0,80.20313480987132,78.38924885697949,67.88184207096378,60.92487700628245,60.66530798043961,6.27,100.0,0.06,1.06
EZPW,1995-02-21,2.8736574934071086,3.03786584872546,2.8736574934071086,2.955761671066284,31500.0,80.86409207760654,78.68693781423794,68.02037944916715,60.984848801298895,60.74063998252588,6.39,100.0,0.06,1.02
EZPW,1995-02-22,2.873657558723598,3.1199710369110107,2.873657558723598,3.1199710369110107,46500.0,82.71809741506286,79.28737292322714,68.62565674752207,61.32137601191153,60.99884292981581,6.51,100.0,0.08,0.9
EZPW,1995-02-23,3.1199712400526463,3.1199712400526463,3.0378661155700684,3.0378661155700684,215100.0,82.80120308068844,79.06373786821695,68.72901239093314,61.38994675768483,61.04916271740058,6.63,100.0,0.1,0.89
EZPW,1995-02-24,3.037865917774305,3.1199710369110107,2.976287548227452,3.1199710369110107,482100.0,83.32196289843885,78.30340969133816,68.88895013833559,61.409375985199866,61.03104698245545,6.74,100.0,0.14,0.85
EZPW,1995-02-27,3.037865917774305,3.1199710369110107,2.955761738248952,3.1199710369110107,66300.0,82.38771336810427,78.1355032462866,68.88895013833559,61.25847570925169,60.80669544035332,6.85,99.5,0.18,0.85
EZPW,1995-02-28,2.955761930698903,3.1199712400526463,2.955761930698903,3.0378661155700684,88200.0,82.6559991971577,78.1895761932031,68.93828622095893,61.24091587430477,60.82966037621682,6.95,100.0,0.21,0.84
EZPW,1995-03-01,2.955761671066284,3.078918407360713,2.955761671066284,2.955761671066284,59400.0,82.91534589929822,77.72757455305398,68.37238312724911,61.121827695703715,60.882079590180446,7.04,95.0,0.17,0.92
EZPW,1995-03-02,2.955761671066284,3.119970965995966,2.955761671066284,2.955761671066284,6000.0,81.88268239561067,77.30440123826618,68.0406524194714,61.014697859564336,60.86597411161792,7.12,94.0,0.1,0.98
EZPW,1995-03-03,2.955761887058597,3.1199711939878747,2.873657703399658,2.873657703399658,175800.0,82.18418761212244,76.82889814923475,68.16634720675917,60.987691956203896,60.9214161338044,7.2,94.0,0.03,0.96
EZPW,1995-03-06,2.873657420406311,2.9557615959797574,2.7915523052215576,2.7915523052215576,27600.0,81.32926560433692,75.9427286277277,68.21934445743774,60.73628877789887,60.881406541315975,7.27,94.0,-0.05,0.95
EZPW,1995-03-07,2.9557620828801934,2.9557620828801934,2.7094485759735107,2.7094485759735107,40200.0,80.32292054195538,76.02785726509018,68.35764577538428,60.634487217471765,60.915343450895456,7.34,94.0,-0.1,0.92
EZPW,1995-03-08,2.709448396470381,2.873657703399658,2.709448396470381,2.873657703399658,7800.0,74.47010158849974,76.45095444161124,68.93436889335928,61.03987610582031,61.22423296681535,7.42,99.0,-0.16,0.83
EZPW,1995-03-09,2.709448076036668,2.791552249985531,2.4631346145787885,2.668395519256592,238500.0,75.63747285226283,77.70057826472753,69.797355235864,60.965362725496995,61.55125661522065,7.5,100.0,-0.2,0.72
EZPW,1995-03-10,2.7094482421875,2.7094482421875,2.463134765625,2.463134765625,81900.0,66.69716574601027,78.97947789796767,70.8640546744719,61.65492699247959,61.97173397842484,7.6,100.0,-0.14,0.6
EZPW,1995-03-13,2.627344091179517,2.709448271037473,2.463134791852249,2.545238971710205,115200.0,60.671994304545926,79.38415117042088,70.97464626430619,61.675508840234826,62.07436740208359,7.69,100.0,-0.16,0.58
EZPW,1995-03-14,2.7094482421875,2.7094482421875,2.442608955781907,2.463134765625,450000.0,57.090496551862635,76.6819495366922,71.0943156243,61.77237904889675,62.0793162776636,7.77,100.0,-0.16,0.56
EZPW,1995-03-15,2.463134829624316,2.6273441314697266,2.463134829624316,2.6273441314697266,65700.0,60.5368541443634,74.52247162254754,71.9125133841561,62.26717496936982,62.41637096542555,7.86,100.0,-0.24,0.44
EZPW,1995-03-16,2.6273441314697266,2.6273441314697266,2.463134829624316,2.6273441314697266,48300.0,60.22789396637821,73.89341433203448,71.9125133841561,62.26162283994681,62.41468958404008,7.92,99.5,-0.31,0.44
EZPW,1995-03-17,2.5452391107419983,2.627344234696242,2.5452391107419983,2.606817483901977,101400.0,59.48502069397601,72.35615403690606,71.05266612270572,61.843509529875476,62.360570999149964,7.97,97.0,-0.37,0.54
EZPW,1995-03-20,2.586291822520169,2.7094485759735107,2.545239258165235,2.7094485759735107,40800.0,60.8598332740773,70.98182918524554,71.34842979682723,62.0069802149817,62.471334403723944,8.01,98.0,-0.44,0.49
EZPW,1995-03-21,2.545238971710205,2.627344091179517,2.545238971710205,2.545238971710205,88800.0,63.09646232279874,71.95125742088673,71.99290157672162,62.35755115403697,62.74448649075133,8.05,100.0,-0.5,0.4
EZPW,1995-03-22,2.5862915711055314,2.7094483125867472,2.545239010741336,2.6273441314697266,58500.0,63.83513905457923,72.35094291871364,71.92686938277724,62.34844781196366,62.826382218352784,8.08,99.0,-0.56,0.42
EZPW,1995-03-23,2.545238971710205,2.627344091179517,2.545238971710205,2.545238971710205,98400.0,64.15236897489079,72.54734090849927,72.06037163701163,62.442983132377606,62.8929295192423,8.12,100.0,-0.62,0.39
EZPW,1995-03-24,2.545238971710205,2.709448271037473,2.545238971710205,2.545238971710205,58200.0,64.04894955028229,72.46272906666485,72.02218200337896,62.41087235892747,62.8929295192423,8.14,99.0,-0.67,0.4
EZPW,1995-03-27,2.7094483125867472,2.7094483125867472,2.545239010741336,2.6273441314697266,30600.0,62.66063908486391,72.85221286026649,72.23095654113169,62.542809454979434,62.98725700569155,8.16,100.0,-0.73,0.36
EZPW,1995-03-28,2.6273440632037817,2.6273440632037817,2.422082206327468,2.463134765625,553200.0,64.82494063525344,73.60750274481049,72.22256101546431,62.77341043505527,63.28952047193918,8.18,99.0,-0.75,0.38
EZPW,1995-03-29,2.6273440632037817,2.6273440632037817,2.463134765625,2.463134765625,19200.0,64.82494063525344,71.90348606968846,72.18457350137652,62.744195244984724,63.280851108395055,8.18,98.0,-0.77,0.39
EZPW,1995-03-30,2.463134765625,2.504187324922532,2.463134765625,2.463134765625,35400.0,61.22613911919069,71.82204146761978,72.12415836000591,62.68879114004831,63.2722488884504,8.18,97.0,-0.8,0.4
EZPW,1995-03-31,2.463134765625,2.5452389446087182,2.3810305866412818,2.463134765625,83700.0,61.22613911919069,70.69647661689821,72.12415836000591,62.293837353786095,62.543138065740436,8.17,96.5,-0.83,0.4
EZPW,1995-04-03,2.545238633409769,2.545238633409769,2.2989251869633,2.339977741241455,249300.0,62.30838689611561,71.24400685726245,72.39005227235627,62.375950780483215,62.68830039705736,8.15,100.0,-0.83,0.37
EZPW,1995-04-04,2.4631346924829063,2.4631346924829063,2.0526119305319828,2.298925399780273,455400.0,61.48097318976467,71.21821831530724,72.2638157873285,62.229856081060454,62.68791938974455,8.12,99.0,-0.83,0.39
EZPW,1995-04-05,2.134717299535488,2.381030797958374,2.134717299535488,2.381030797958374,134100.0,60.03519550382749,71.70785850115115,71.84506834589534,62.29671990408669,62.68603339644202,8.08,87.0,-0.87,0.42
EZPW,1995-04-06,2.134716987609864,2.381030450041336,2.134716987609864,2.134716987609864,42300.0,66.55572552876316,74.63350078472045,73.40266914009943,63.52537352594737,63.57298917975792,8.05,100.0,-0.85,0.42
EZPW,1995-04-07,2.298925399780273,2.381030515937249,2.1347170466889582,2.298925399780273,47100.0,70.25339409976206,76.52665681761219,74.45284968581,64.16448625136555,64.02454735395308,8.03,100.0,-0.88,0.31
EZPW,1995-04-10,2.134717247831759,2.3810307402888307,2.134717247831759,2.2168214321136475,50700.0,70.58540159737403,76.3337782185635,73.94929087271939,63.93079302629259,64.00208997972486,8.0,99.0,-0.88,0.38
EZPW,1995-04-11,2.134717247831759,2.298925616395536,2.134717247831759,2.2168214321136475,75900.0,70.5069897006913,76.3337782185635,73.94929087271939,63.93079302629259,63.94532600074862,7.96,98.5,-0.88,0.38
EZPW,1995-04-12,2.1347168139588404,2.38103025635366,2.1347168139588404,2.25787353515625,125100.0,70.80042905596605,76.50182414872663,74.03745028055214,63.985182733184665,63.64878399569086,7.91,99.0,-0.9,0.36
EZPW,1995-04-13,2.2168214858059736,2.381030797958374,2.2168214858059736,2.381030797958374,44400.0,73.02399476967094,76.97647088192495,74.48207628521828,64.24118492858584,63.83906893698919,7.87,100.0,-0.9,0.3
EZPW,1995-04-17,2.381030515937249,2.381030515937249,2.216821223234616,2.298925399780273,11100.0,73.22392071356782,77.20770939560094,73.81117487701638,64.18558590633471,63.459396170212536,7.81,95.0,-0.89,0.38
EZPW,1995-04-18,2.3810307402888307,2.3810307402888307,2.2168214321136475,2.2168214321136475,7800.0,73.44354905712714,76.89321958679857,73.85438182937867,64.28078345116171,63.530205616557865,7.74,95.0,-0.87,0.39
EZPW,1995-04-19,2.216821223234616,2.381030515937249,2.216821223234616,2.298925399780273,73200.0,74.21033813829213,76.69666651131276,74.15558509442965,64.41118622725891,63.61707899574114,7.67,98.0,-0.86,0.33
EZPW,1995-04-20,2.2168214321136475,2.3810307402888307,2.2168214321136475,2.2168214321136475,13200.0,72.14132825267524,73.28538520329796,74.0896388558268,64.36822741620757,63.69487331575658,7.59,97.0,-0.85,0.35
EZPW,1995-04-21,2.381030797958374,2.381030797958374,2.2168214858059736,2.381030797958374,56700.0,72.99538144559438,73.71844939385288,74.89225616631506,64.99128559146334,63.34053909459192,7.51,100.0,-0.83,0.26
EZPW,1995-04-24,2.381030515937249,2.381030515937249,2.216821223234616,2.298925399780273,27300.0,70.0172977004527,67.99147071903131,74.44128537756758,64.9380140464908,63.38794290114226,7.44,97.0,-0.82,0.31
EZPW,1995-04-25,2.381030515937249,2.381030515937249,2.216821223234616,2.298925399780273,61200.0,69.22986385400198,64.53985530947503,74.32211688803415,64.9380140464908,63.11540045215017,7.37,96.0,-0.8,0.34
EZPW,1995-04-26,2.2168214321136475,2.3810307402888307,2.134717247831759,2.2168214321136475,589800.0,69.36950113352528,63.065043483989214,74.44096731288916,64.8921738876303,62.9785064037261,7.28,96.0,-0.78,0.32
EZPW,1995-04-27,2.2168214321136475,2.339978178342183,2.2168214321136475,2.2168214321136475,417300.0,66.3228907126403,62.955434817229815,74.03738273530541,64.79937167349517,62.95637972020109,7.18,91.0,-0.74,0.39
EZPW,1995-04-28,2.3810307402888307,2.3810307402888307,2.2168214321136475,2.2168214321136475,167700.0,66.3228907126403,62.81305137143993,73.79153324609132,64.69716678706644,62.91836872429204,7.08,86.0,-0.71,0.42
EZPW,1995-05-01,2.2168214858059736,2.4631349842288595,2.2168214858059736,2.381030797958374,117300.0,69.97818226423345,64.43501576047733,74.39162324139791,65.3097815090515,63.329455627108665,6.97,95.0,-0.67,0.37
EZPW,1995-05-02,2.2989256720764595,2.4631349842288595,2.2989256720764595,2.381030797958374,93600.0,68.86789693069487,64.43501576047733,73.74605633536818,65.3097815090515,63.29254213679783,6.85,84.0,-0.63,0.44
EZPW,1995-05-03,2.4631346924829063,2.4631346924829063,2.298925399780273,2.298925399780273,44400.0,67.29400423651032,64.73088316859327,73.84962526567116,65.3938283814454,63.354436086633605,6.73,86.0,-0.6,0.43
EZPW,1995-05-04,2.298925535708021,2.4631348381197986,2.298925535708021,2.3194522857666016,141300.0,66.57901728425037,64.68641938751173,73.44957679838673,65.39338775486657,63.23190993441607,6.59,82.0,-0.55,0.5
EZPW,1995-05-05,2.3399782350174165,2.381030797958374,2.2989256720764595,2.381030797958374,22200.0,66.61044628182117,64.92956045553471,73.55538828919428,65.48613835993112,61.969235809475876,6.45,82.0,-0.5,0.47
EZPW,1995-05-08,2.298925468046218,2.463134765625,2.298925468046218,2.463134765625,18300.0,67.42841012230782,65.31404108365466,73.68301823255089,65.51341469923972,61.98133440987912,6.31,82.0,-0.42,0.45
EZPW,1995-05-09,2.298925399780273,2.4631346924829063,2.298925399780273,2.298925399780273,39900.0,69.4557180629774,65.60497308134119,74.39689992053971,65.97352702652556,62.34342294320352,6.13,95.0,-0.34,0.36
EZPW,1995-05-10,2.298925399780273,2.4631346924829063,2.298925399780273,2.298925399780273,134700.0,67.08212666058161,65.60497308134119,72.65215644621026,64.98765083983946,62.301937643977965,5.99,77.0,-0.29,0.48
EZPW,1995-05-11,2.339978007459221,2.463134744693917,2.2989254485105435,2.42208218574524,256500.0,68.91756970078838,66.6559281230374,71.05594571235811,64.87892841299735,62.53872403004716,5.89,60.0,-0.73,0.45
EZPW,1995-05-12,2.298925535708021,2.4631348381197986,2.298925535708021,2.3194522857666016,42900.0,70.02057643669335,65.29223454947862,70.85618600322252,65.0523788227613,62.54927331856075,5.78,56.0,-1.0,0.47
EZPW,1995-05-15,2.2989256720764595,2.4631349842288595,2.2989256720764595,2.381030797958374,66300.0,70.49592985224758,65.58166991945147,70.0365734525488,64.95769207063253,62.52345825215784,5.69,55.0,-1.04,0.55
EZPW,1995-05-16,2.298925399780273,2.4631346924829063,2.298925399780273,2.298925399780273,8700.0,69.64537636026951,65.7076228547999,68.96654555825805,64.73934858142101,62.60535346278093,5.62,53.0,-0.99,0.64
EZPW,1995-05-17,2.339977957858761,2.4631346924829063,2.298925399780273,2.298925399780273,219600.0,69.45619638333979,65.37645922825888,68.96654555825805,64.62301211323376,62.287882035709785,5.55,52.5,-0.94,0.64
EZPW,1995-05-18,2.298925399780273,2.381030515937249,2.298925399780273,2.298925399780273,140700.0,68.6555860020306,64.24792837334948,68.96126550210046,64.51145885463441,62.287882035709785,5.46,51.0,-0.88,0.64
EZPW,1995-05-19,2.298925616395536,2.3810307402888307,2.2168214321136475,2.2168214321136475,60900.0,61.5772685062167,64.41758934133419,69.14353745304754,64.30161422269116,62.24471697409837,5.38,53.0,-0.82,0.61
EZPW,1995-05-22,2.216821161883257,2.298925336156651,2.134716987609864,2.134716987609864,237300.0,58.53644577852089,64.40682101259729,69.28020466655401,64.22781938071024,62.34276123158246,5.28,53.0,-0.76,0.59
EZPW,1995-05-23,2.134717089296719,2.298925445665542,2.052611971500972,2.1141903400421143,125400.0,57.69834229027458,64.39673306074621,69.27973852098462,64.229838571767,62.32530354118631,5.19,52.0,-0.69,0.59
EZPW,1995-05-24,2.2168214321136475,2.2168214321136475,2.052612123938464,2.2168214321136475,30900.0,59.42106704071715,65.18948360306388,69.59528588972024,64.45969247626199,62.48932616623297,5.08,53.0,-0.63,0.53
EZPW,1995-05-25,2.0526123046875,2.216821627322636,2.0526123046875,2.0526123046875,115800.0,63.16631280071091,66.68287653438725,69.50111579725358,64.91093394725625,62.92861036390315,5.0,52.0,-0.55,0.55
EZPW,1995-05-26,2.0526118737251777,2.1757686049409144,2.0526118737251777,2.134716987609864,90900.0,62.21188665405939,67.31697417670483,69.81510065242101,65.08359888735116,62.61090527849623,4.9,54.0,-0.49,0.49
EZPW,1995-05-30,2.216821627322636,2.216821627322636,2.0526123046875,2.0526123046875,69600.0,62.40449518162513,67.51425955044733,69.34933702090039,65.21808598416516,62.57196402941525,4.81,50.0,-0.57,0.56
EZPW,1995-05-31,2.134716987609864,2.216821161883257,2.0526118737251777,2.134716987609864,45600.0,62.818300523340284,67.95108706666647,69.71871742749994,65.38712057354365,62.42484938697888,4.73,52.0,-0.71,0.5
EZPW,1995-06-01,2.2168214321136475,2.2168214321136475,2.052612123938464,2.2168214321136475,262500.0,62.890973787308546,68.2838612222038,70.0153248147542,65.56795984404397,62.11188015215421,4.63,54.0,-0.83,0.44
EZPW,1995-06-02,2.0526123046875,2.1347174358108125,1.9705081131756763,2.0526123046875,134100.0,65.89165437583978,68.67215055291483,70.88676793156345,66.13624069203011,62.350275119022456,4.54,57.0,-0.93,0.35
EZPW,1995-06-05,1.9705079022575829,2.1347172073161773,1.9705079022575829,2.0936646461486816,183900.0,62.46036630896648,67.35538336260737,70.952491203128,66.15740947060172,62.35660466756047,4.44,57.0,-1.0,0.33
EZPW,1995-06-06,1.970507699451784,2.134716987609864,1.970507699451784,2.134716987609864,55200.0,62.121368896643915,65.62401970765629,71.05737622984401,65.80351202815386,62.37918673457856,4.34,60.0,-1.11,0.31
EZPW,1995-06-07,2.0526118737251777,2.134716987609864,2.0526118737251777,2.134716987609864,57300.0,62.121368896643915,65.21613157911165,70.75289789261484,65.78060323156659,62.37918673457856,4.24,52.0,-1.13,0.36
EZPW,1995-06-08,2.0526118737251777,2.134716987609864,2.0526118737251777,2.134716987609864,536100.0,61.28554601475148,64.9204694212458,70.75289789261484,65.78060323156659,62.33062543452428,4.07,51.5,-1.17,0.36
EZPW,1995-06-09,2.0526123046875,2.1347174358108125,2.0526123046875,2.0526123046875,120600.0,62.262010592984105,63.825238616241705,70.95887109374075,65.78060668095176,62.337088209969316,3.87,56.0,-1.23,0.33
EZPW,1995-06-12,1.970507699451784,2.134716987609864,1.970507699451784,2.134716987609864,35700.0,63.42916602006833,64.43642683496344,70.95770859816237,65.97633319021942,62.42080500686485,3.68,55.0,-1.22,0.33
EZPW,1995-06-13,2.052612020315088,2.134717140063415,1.8884036600411505,1.929455280303955,353700.0,65.90661220355923,67.47001462490765,72.5973906498657,66.91585755603964,63.051006829867404,3.46,76.0,-1.19,0.23
EZPW,1995-06-14,1.8884036600411505,1.9705078401781189,1.8884036600411505,1.929455280303955,134400.0,65.90661220355923,66.86486864057086,72.22624049336825,66.91585755603964,62.97204154105893,3.2,72.0,-1.12,0.29
EZPW,1995-06-15,1.888403415679932,1.970507585192541,1.888403415679932,1.888403415679932,60000.0,65.5200842655226,65.89643123447854,71.8448932783085,66.92171544064429,62.92158999127048,2.93,60.0,-1.06,0.35
EZPW,1995-06-16,1.970507860183716,1.970507860183716,1.888403679213184,1.970507860183716,60900.0,66.92158011793865,66.19034728615091,69.89060372612784,67.14941618849421,62.86645889892849,2.74,43.0,-1.06,0.3
EZPW,1995-06-19,1.9705077580043249,1.9705077580043249,1.7241942882537842,1.7241942882537842,201600.0,75.78577949295106,71.06775596928264,72.15943023300363,68.87192670955054,64.07173905429711,2.55,69.0,-0.98,0.53
EZPW,1995-06-20,1.8884036083041984,1.8884036083041984,1.7241943129177753,1.785772681236267,164100.0,75.8474768540994,71.56677076935385,68.78564772978723,69.03146929246559,64.17145167054204,2.46,25.0,-0.91,0.06
EZPW,1995-06-21,1.7241942882537842,1.8884035812912512,1.7241942882537842,1.7241942882537842,37500.0,74.2027088377661,71.37535546212436,66.97096790666778,69.12318105112314,63.8084527946752,2.45,4.0,-0.84,0.07
EZPW,1995-06-22,1.7241943162908235,1.8884036119984893,1.7241943162908235,1.8062984943389893,116100.0,75.92993364428723,71.18138696199985,66.43086724473507,69.36454855916804,64.00234645329161,2.46,1.0,-0.79,0.09
EZPW,1995-06-23,1.724194137043474,1.888403415679932,1.724194137043474,1.888403415679932,108300.0,75.42832703490289,71.89860905684776,66.83649299549506,69.25056198356916,64.09301780386278,2.46,4.0,-0.74,0.05
EZPW,1995-06-26,1.80629854181972,1.888403661637452,1.5599850615892417,1.601037621498108,324300.0,87.61294653962798,79.06654278628827,71.43128098770065,71.67465083078447,66.1047626960146,2.43,58.0,-0.62,0.87
EZPW,1995-06-27,1.5599850615892417,1.724194361613347,1.5599850615892417,1.601037621498108,574200.0,86.93740713263784,79.06654278628827,71.24217604194666,71.67465083078447,66.0915670332546,2.41,56.0,-0.53,0.9
EZPW,1995-06-28,1.6010376409697262,1.6420902013778689,1.4778808993566703,1.6420902013778689,560400.0,87.37922435080709,78.79930229730384,71.415685807974,71.72730192277832,66.15256115300924,2.38,57.0,-0.47,0.88
EZPW,1995-06-29,1.477880835533142,1.6420901304628237,1.4368282768978893,1.477880835533142,456600.0,91.4452432725188,81.365939476304,73.11302664157085,72.71590326121554,66.63716160990144,2.36,77.0,-0.35,0.68
EZPW,1995-06-30,1.6831417801569364,1.6831417801569364,1.4778808624630702,1.5599850416183472,255600.0,93.52098207126906,81.8801372227653,73.69356620489165,72.97584377154674,66.87522650323707,2.34,81.0,-0.3,0.62
EZPW,1995-07-03,1.6831417494867462,1.6831417494867462,1.477880835533142,1.477880835533142,20400.0,94.04572455421399,79.69268274942011,74.04480594529507,73.17806621255465,67.02181304491408,2.33,90.0,-0.23,0.54
EZPW,1995-07-05,1.4778808993566703,1.724194382582782,1.4778808993566703,1.6420902013778689,209700.0,99.8111854326407,81.27827889277562,76.14615883881912,74.32895755873976,67.82382446111599,2.34,100.0,-0.21,0.53
EZPW,1995-07-06,1.6420902013778689,1.806298563787696,1.6420902013778689,1.6420902013778689,156300.0,99.8427535421362,81.03177462598487,75.56785631641408,74.26007808604467,67.82382446111599,2.34,99.0,-0.22,0.59
EZPW,1995-07-07,1.8062983065560845,1.970507585192541,1.6420899675308638,1.888403415679932,290700.0,107.61598259239105,86.29174351641345,79.05857598394329,76.17626753620466,69.30464135256832,2.43,100.0,-0.23,0.79
EZPW,1995-07-10,1.8884036335162817,1.9705078125,1.84735107421875,1.84735107421875,238800.0,105.59736478300303,86.26791649089625,79.09818719626358,76.20716811672587,69.32967701227068,2.5,100.0,-0.25,0.78
EZPW,1995-07-11,1.970507879372752,2.011560440063477,1.8473511369119548,2.011560440063477,45300.0,108.02417687215677,87.40619853575922,79.48173800552112,76.92650088863051,69.76250426076649,2.6,100.0,-0.2,0.8
EZPW,1995-07-12,2.052612084981186,2.0936646461486816,1.806298597198988,2.0936646461486816,138000.0,108.09123513985335,87.576354313657,79.78417771873258,76.6516899665351,69.87497414445613,2.7,100.0,-0.12,0.76
EZPW,1995-07-13,2.0115602563941266,2.298925336156651,2.0115602563941266,2.134716987609864,364800.0,107.62874174415573,87.37531405363747,79.76647523653594,76.69503204441153,69.8749748559535,2.78,99.0,-0.04,0.77
EZPW,1995-07-14,2.093664260355965,2.25787353515625,2.093664260355965,2.25787353515625,156600.0,108.31703256405922,87.8243155052862,80.1660594492506,77.00618013569883,69.87497475294683,2.88,100.0,0.06,0.72
EZPW,1995-07-17,2.25787353515625,2.25787353515625,2.093664260355965,2.25787353515625,57000.0,105.794863369599,87.50206625599438,79.64941201325678,76.86747274834845,69.76875961451998,2.96,97.0,0.1,0.79
EZPW,1995-07-18,2.237346788549205,2.25787353515625,2.093664260355965,2.25787353515625,30000.0,105.68005963481333,86.23653068288536,79.5621464240043,76.85901847686767,69.66842256848152,3.03,96.0,0.18,0.81
EZPW,1995-07-19,2.175768613815308,2.175768613815308,2.0936644392070325,2.175768613815308,67200.0,106.16120322244953,86.27048275728878,79.60087819315747,76.94995920612243,69.68047306058781,3.1,96.0,0.18,0.79
EZPW,1995-07-20,2.2578737188256,2.298925336156651,2.0936644306675207,2.134716987609864,30300.0,106.31453360701035,86.35011049974702,79.6363465911834,76.97427663036021,69.69481535751187,3.17,96.0,0.12,0.78
EZPW,1995-07-21,2.0936648702491563,2.2578741928842923,2.0526123046875,2.0526123046875,60300.0,106.92050715080714,86.40166047628901,79.75296348752514,76.75042611713823,69.76265734498855,3.23,97.0,0.09,0.75
EZPW,1995-07-24,2.0526123046875,2.1347174358108125,2.0526123046875,2.0526123046875,19200.0,106.31453360701035,86.40166047628901,79.66620184965021,76.73213945739442,69.54152932943258,3.29,96.0,0.08,0.78
EZPW,1995-07-25,2.2578741928842923,2.2578741928842923,2.0526123046875,2.0526123046875,62100.0,105.6629258430346,86.40166047628901,79.66620184965021,76.69783812630536,69.54152932943258,3.33,95.5,0.04,0.78
EZPW,1995-07-26,1.9705079022575829,2.1757688288722847,1.9705079022575829,2.0936646461486816,52800.0,101.46791607051908,85.18410933883538,79.6542840890338,76.74479880355698,69.57945561846664,3.37,94.0,0.05,0.79
EZPW,1995-07-27,2.134717161736148,2.134717161736148,1.970507860183716,1.970507860183716,32100.0,103.11718070668326,86.02090268957284,80.07256001884868,76.98523882351483,69.74586537342365,3.41,99.0,0.05,0.72
EZPW,1995-07-28,1.9705081131756763,2.1347174358108125,1.9705081131756763,2.0526123046875,112200.0,103.53219576140302,86.22370084686534,80.26586504130951,77.07430268761208,69.7833151039991,3.45,100.0,0.09,0.71
EZPW,1995-07-31,1.9705081131756763,2.0936648702491563,1.9705081131756763,2.0526123046875,125700.0,102.84371416931981,86.1954813202203,79.6572803886426,76.7086767335858,69.77058953171264,3.49,92.0,0.02,0.78
EZPW,1995-08-01,2.093664601445198,2.093664601445198,1.970507860183716,1.970507860183716,125700.0,95.52693158384314,86.35191044154041,79.077954742614,76.65132885908025,69.8406377860083,3.52,84.0,0.03,0.87
EZPW,1995-08-02,1.970507833135965,2.052612012979512,1.8884036532924184,1.965376615524292,130200.0,95.10008730566163,86.00621308451373,78.10787018170264,76.64408609351892,69.74236836959386,3.55,82.0,0.01,1.02
EZPW,1995-08-03,1.970507585192541,1.970507585192541,1.888403415679932,1.888403415679932,8100.0,95.28039866408653,85.26821091784915,78.13062472275092,76.4158508538835,69.83508219128659,3.57,82.0,-0.01,1.0
EZPW,1995-08-04,1.8884036335162817,1.8884036335162817,1.84735107421875,1.84735107421875,18300.0,94.62974130251534,85.3510483721505,78.0444500033846,76.44550384898497,69.75278501196975,3.59,80.0,-0.06,1.02
EZPW,1995-08-07,1.847350861118008,1.9294550306306184,1.847350861118008,1.888403415679932,121800.0,93.94957403701837,84.72933563324109,77.39841173116972,76.50479667414703,69.79928457928725,3.61,79.0,-0.07,1.1
EZPW,1995-08-08,2.011560371797532,2.011560371797532,1.84735107421875,1.84735107421875,33000.0,80.25669895014853,84.42071315207427,77.45316292609222,76.47228082707268,69.7209317971163,3.63,79.0,-0.09,1.09
EZPW,1995-08-09,1.84735107421875,2.011560371797532,1.84735107421875,1.84735107421875,37200.0,80.25669895014853,84.193548777204,77.45203209329749,76.03977544312214,69.65682410487118,3.64,78.0,-0.12,1.09
EZPW,1995-08-10,1.847350861118008,1.9294550306306184,1.847350861118008,1.888403415679932,123900.0,80.1882172063105,84.1123771554077,77.26688089565545,76.04619587921772,69.63286875279827,3.65,76.0,-0.18,1.12
EZPW,1995-08-11,1.970507790046656,1.970507790046656,1.8062984943389893,1.8062984943389893,40500.0,74.68042782173576,84.53066809585746,76.96888272712043,76.1920219283798,69.75202035770967,3.66,75.0,-0.22,1.17
EZPW,1995-08-14,1.806298558631284,1.9910336705235068,1.806298558631284,1.970507860183716,25500.0,77.06879817104397,86.5638024822123,78.10338362010832,76.84720128660267,70.33869670238245,3.68,80.0,-0.23,1.06
EZPW,1995-08-15,1.8062984943389893,1.970507790046656,1.8062984943389893,1.8062984943389893,33000.0,79.90567513390282,88.01836892064948,79.10958402510687,77.3508121738068,70.81974829798938,3.71,85.0,-0.28,0.93
EZPW,1995-08-16,2.0115601397544656,2.0115601397544656,1.8062983065560845,1.888403415679932,19500.0,75.18014907809113,88.26070007305498,79.4725226848402,77.23146507694169,70.97173911789146,3.74,85.0,-0.29,0.87
EZPW,1995-08-17,2.011560400052282,2.011560400052282,1.8473511001669864,1.929455280303955,12600.0,75.3225934264981,88.37684789020898,79.37514403636185,77.22927018589945,71.01349515590418,3.78,84.0,-0.35,0.89
EZPW,1995-08-18,2.011560420474666,2.011560420474666,1.888403679213184,1.970507860183716,24600.0,63.91176794112226,87.91758578601339,78.84960457795306,77.25397017165612,70.97459695148575,3.8,79.0,-0.34,0.99
EZPW,1995-08-21,1.9294550306306184,2.0115601397544656,1.888403415679932,1.888403415679932,58800.0,64.83811556846176,86.9414180368023,79.1079679020794,77.18817795098565,71.08319040586808,3.83,82.0,-0.36,0.93
EZPW,1995-08-22,2.0115601397544656,2.0115601397544656,1.888403415679932,1.888403415679932,37200.0,59.69635553039839,86.52951336926611,79.1079679020794,77.04613368923619,70.43038268370644,3.86,81.5,-0.37,0.93
EZPW,1995-08-23,1.888403679213184,1.970507860183716,1.888403679213184,1.970507860183716,5400.0,59.85731072541542,86.65179189825956,79.43218945961324,77.03822565096053,70.28977336874229,3.88,84.0,-0.36,0.89
EZPW,1995-08-24,1.888403679213184,2.011560420474666,1.888403679213184,1.970507860183716,7800.0,59.51655384192429,86.25228154182366,79.0421323007119,76.68269428415557,70.28977336874229,3.91,76.0,-0.35,0.97
EZPW,1995-08-25,1.888403415679932,2.0115601397544656,1.888403415679932,1.888403415679932,13200.0,57.89912008243595,86.26844143575784,79.26826862076733,76.78808237157104,70.27698069012615,3.93,82.0,-0.37,0.92
EZPW,1995-08-28,1.8884036600411505,2.011560400052282,1.8884036600411505,1.929455280303955,45300.0,58.42449303532556,84.9976007975349,79.13582257450346,76.62528276165072,70.10322911272443,3.95,81.0,-0.37,0.94
EZPW,1995-08-29,1.888403415679932,2.0115601397544656,1.888403415679932,1.888403415679932,88500.0,58.58915310355326,84.98672646823272,77.31849203022333,76.62201748034146,70.0511120803843,3.96,65.0,-0.41,1.11
EZPW,1995-08-30,1.8884036600411505,2.011560400052282,1.8884036600411505,1.929455280303955,38400.0,58.34663135307484,85.00998053862783,76.46005150770293,76.61747072935347,70.02186454178725,3.96,62.0,-0.4,1.22
EZPW,1995-08-31,1.8884036600411505,2.011560400052282,1.8884036600411505,1.929455280303955,121200.0,58.18082075017619,85.00998053862783,76.25864348110244,76.61747072935347,69.80411604547754,3.96,61.0,-0.41,1.27
EZPW,1995-09-01,2.011560440063477,2.011560440063477,1.929455318682027,2.011560440063477,59400.0,58.57190055982742,85.47300102503634,76.56428376699543,75.90206407288164,69.81943784005881,3.97,62.0,-0.4,1.22
EZPW,1995-09-05,1.888403415679932,2.0115601397544656,1.888403415679932,1.888403415679932,71700.0,61.307153080623145,86.06964754797811,77.13234545801953,75.10176298486085,70.07767999207744,3.98,63.0,-0.41,1.1
EZPW,1995-09-06,1.8884036600411505,2.011560400052282,1.8884036600411505,1.929455280303955,23100.0,61.70742204417425,85.78875228918217,76.72185693253331,74.91733490704257,70.08595720381425,3.98,61.0,-0.38,1.17
EZPW,1995-09-07,1.9294550306306184,1.970507585192541,1.888403415679932,1.888403415679932,56100.0,61.596837073963485,83.3659133396136,76.60338330021018,74.40380681011432,70.02083305054316,3.98,60.0,-0.37,1.19
EZPW,1995-09-08,1.9705078401781189,1.9705078401781189,1.8884036600411505,1.929455280303955,41700.0,59.53605077163901,83.48628236124657,76.49266928445796,73.80663562991494,70.04410560756995,3.99,58.0,-0.37,1.23
EZPW,1995-09-11,1.888403415679932,1.9294550306306184,1.7652466916053977,1.888403415679932,115500.0,58.48991443599426,83.48628236124657,76.31705195016207,73.83620163194306,70.06788127595993,3.99,56.0,-0.35,1.25
EZPW,1995-09-12,1.970507790046656,1.970507790046656,1.765246875120574,1.8062984943389893,76500.0,59.712481245041815,83.49612451135677,76.42053352028955,73.9887009005323,70.16925832371523,3.99,56.0,-0.37,1.23
EZPW,1995-09-13,1.7652469873428345,1.8884037320502087,1.7652469873428345,1.7652469873428345,126600.0,58.982903381571596,78.97842236356534,75.57414672427676,74.0221273920754,70.19645957353272,3.99,52.0,-0.38,1.33
EZPW,1995-09-14,1.806298514921218,1.8884036335162817,1.7652468952350318,1.84735107421875,336900.0,60.678905501488465,79.20131878477092,75.78479949698308,74.21565552345307,70.36063101737034,3.99,52.0,-0.36,1.32
EZPW,1995-09-15,1.8884037320502087,1.8884037320502087,1.7652469873428345,1.7652469873428345,120900.0,60.998040818338396,79.4289279568783,76.09440151470281,74.3799438516714,70.4638063595412,4.0,52.0,-0.36,1.24
EZPW,1995-09-18,1.88840368460398,1.88840368460398,1.6010376409697262,1.6420902013778689,146100.0,64.08016761700925,80.21124973393418,76.71155402245316,74.72516362857709,70.52737144481482,4.0,60.0,-0.4,1.14
EZPW,1995-09-19,1.5599848928223414,1.683141619613875,1.4778807214984049,1.4984065294265747,186000.0,68.39639123354301,81.7064438498287,77.9869594773929,74.90938847680896,71.05495639981822,4.01,68.0,-0.37,0.96
EZPW,1995-09-20,1.6010376409697262,1.6420902013778689,1.4778808993566703,1.6420902013778689,70200.0,74.02368901676304,76.86188529287932,79.44505796551769,75.750943358793,71.6958368445754,4.03,84.0,-0.41,0.83
EZPW,1995-09-21,1.5599850416183472,1.6420901603849716,1.5189334218463826,1.5599850416183472,155700.0,75.2696164399954,77.58931771469298,78.90448819554928,75.62442524607847,71.76586668854021,4.05,72.0,-0.41,0.86
EZPW,1995-09-22,1.4778808813828688,1.601037621498108,1.4368283214740023,1.601037621498108,130500.0,75.40582480617913,77.5987573133506,79.04753943665833,75.71116246986996,71.82680332160604,4.07,73.0,-0.43,0.84
EZPW,1995-09-25,1.477880835533142,1.6420901304628237,1.477880835533142,1.477880835533142,61500.0,77.67470313788807,76.29896408917651,79.8163806507511,76.20723133518902,72.19132858139658,4.1,97.0,-0.4,0.74
EZPW,1995-09-26,1.4778808993566703,1.68314182217464,1.4778808993566703,1.6420902013778689,144300.0,79.7524226380959,78.54260848506632,81.67338545590118,77.29452282989132,73.016026282399,4.14,100.0,-0.41,0.63
EZPW,1995-09-27,1.683141827583313,1.683141827583313,1.47788090410575,1.683141827583313,48900.0,76.40271596913182,77.8457349836752,81.65977797186179,77.3416178229289,73.0531614978228,4.19,99.0,-0.42,0.64
EZPW,1995-09-28,1.683141864463655,1.8062986091710296,1.5599851197562804,1.7652469873428345,80700.0,76.57715986899754,75.43889187038786,81.84853895650048,77.5833399787934,73.23136474866772,4.24,100.0,-0.48,0.61
EZPW,1995-09-29,1.8062986091710296,1.8062986091710296,1.683141864463655,1.7652469873428345,31500.0,76.25043675053192,75.43889187038786,81.16962680322244,77.41931065722535,73.23136474866772,4.28,97.0,-0.45,0.72
EZPW,1995-10-02,1.7241942882537842,1.8473510231290544,1.7241942882537842,1.7241942882537842,149400.0,76.12486560949984,69.84412503243445,81.23605800746286,77.45344857432887,73.2583601818251,4.31,97.0,-0.44,0.7
EZPW,1995-10-03,1.7241943359375,1.84735107421875,1.7241943359375,1.84735107421875,63000.0,78.11194085617001,71.18124348676253,81.56916752037729,77.93046612684054,73.61492086171987,4.32,97.0,-0.47,0.67
EZPW,1995-10-04,1.765246875120574,1.8884036119984893,1.765246875120574,1.8062984943389893,75900.0,78.364769177511,69.06773817420452,81.37216357203624,77.77705231715146,73.62054442741808,4.33,96.0,-0.45,0.71
EZPW,1995-10-05,1.8884036119984893,1.8884036119984893,1.765246875120574,1.8062984943389893,90300.0,77.24916440892524,68.51807182088449,81.24310706244819,77.77705231715146,73.37425871392279,4.33,95.0,-0.49,0.72
EZPW,1995-10-06,1.806298514921218,1.8884036335162817,1.806298514921218,1.84735107421875,36600.0,77.59629164723397,68.56258196601614,81.1739171841812,77.62611097997946,73.29917581480667,4.31,93.0,-0.47,0.75
EZPW,1995-10-09,1.806298514921218,1.84735107421875,1.7241943359375,1.84735107421875,70200.0,76.64497816542301,67.47347706981293,81.1739171841812,77.38773969578743,73.29917581480667,4.28,92.5,-0.45,0.75
EZPW,1995-10-10,1.6420902013778689,1.724194382582782,1.6420902013778689,1.6420902013778689,19500.0,83.46153528751246,71.42602293210726,83.22070731961963,77.38773851277365,74.17088204306918,4.28,100.0,-0.5,0.6
EZPW,1995-10-11,1.6420902066546248,1.847351130132188,1.6420902066546248,1.683141827583313,41400.0,83.7591615757956,71.68318967326857,83.16880555970509,77.09060362044757,74.22211849665821,4.27,99.0,-0.52,0.63
EZPW,1995-10-12,1.68314182217464,1.847351124195838,1.6420902013778689,1.6420902013778689,89700.0,83.61465141457337,71.49107664603375,83.05480401202647,75.31050034401903,74.20803793178561,4.26,98.0,-0.54,0.65
EZPW,1995-10-13,1.6420902066546248,1.724194388123375,1.6010376461145626,1.683141827583313,54300.0,84.05768133686136,71.67762310782199,83.1596783759651,74.34984563281549,74.23309913499125,4.25,98.0,-0.55,0.64
EZPW,1995-10-16,1.68314182217464,1.68314182217464,1.6010376409697262,1.6420902013778689,24600.0,83.08129533305693,71.4337934447816,82.85025103491725,73.89820840605357,74.26434266609925,4.23,96.0,-0.57,0.67
EZPW,1995-10-17,1.601037621498108,1.6831418017044808,1.601037621498108,1.601037621498108,70200.0,81.55799448912799,71.56581233918578,82.07876771650473,73.91610985290293,74.25148101183609,4.2,95.0,-0.6,0.78
EZPW,1995-10-18,1.6010376811958702,1.7652469873428345,1.6010376811958702,1.7652469873428345,31200.0,86.57913527172614,74.54262867497587,83.34839423617456,74.83017585621232,74.91961295006028,4.19,100.0,-0.57,0.69
EZPW,1995-10-19,1.7652469486634372,1.8062985695921248,1.6420902066546248,1.683141827583313,92100.0,87.39245620359884,74.96017850915973,83.4548393616867,74.93155477332452,75.05322533555008,4.16,100.0,-0.58,0.68
EZPW,1995-10-20,1.6420902066546248,1.8062985695921248,1.6420902066546248,1.683141827583313,23400.0,87.07224145181888,74.01533100459035,83.19375091349362,74.93155477332452,75.05322533555008,4.14,97.0,-0.56,0.71
EZPW,1995-10-23,1.6831417574610732,1.8062984943389893,1.6420901382426578,1.8062984943389893,24300.0,89.57136410407198,75.00763044082152,83.759089417316,75.44117561217892,75.0877189535434,4.12,100.0,-0.52,0.65
EZPW,1995-10-24,1.6420901115407105,1.7241942882537842,1.6420901115407105,1.7241942882537842,46800.0,89.65952880549331,75.55507977097491,83.20361468271503,75.59139860521599,75.21695600276588,4.11,96.0,-0.5,0.72
EZPW,1995-10-25,1.601037621498108,1.6420901814069742,1.601037621498108,1.601037621498108,21300.0,91.91733046091545,76.56967534751801,83.91707236088463,76.02983188171467,75.55597518058882,4.1,100.0,-0.5,0.61
EZPW,1995-10-26,1.7241943081219993,1.7241943081219993,1.3957766578739663,1.477880835533142,243600.0,93.32371168536481,78.16081360980182,84.73168662334808,76.54138925782105,75.84318374462036,4.1,100.0,-0.47,0.5
EZPW,1995-10-27,1.5599850615892417,1.6420901814069742,1.4368283214740023,1.601037621498108,76200.0,95.93259883573711,79.70594369266112,85.76651747106992,76.89469862149902,76.29438427851485,4.12,100.0,-0.45,0.41
EZPW,1995-10-30,1.5189335346221924,1.6420902823047645,1.5189335346221924,1.5189335346221924,27300.0,94.86515781341855,80.2676578030139,86.12794655466406,77.10956800360663,76.44069315971271,4.13,100.0,-0.44,0.35
EZPW,1995-10-31,1.6831417300915876,1.7241942882537842,1.5189333766654405,1.7241942882537842,65400.0,98.11939884696146,84.43845973100329,88.37172433075163,78.64855447889656,77.53707833200647,4.19,100.0,-0.4,0.33
EZPW,1995-11-01,1.6420901603849716,1.7241943395402486,1.5599850416183472,1.5599850416183472,42900.0,99.08925783510469,86.73289532164374,89.48783438994089,78.95849497325872,77.9012272753945,4.27,100.0,-0.38,0.25
EZPW,1995-11-02,1.5599850416183472,1.7241943395402486,1.5189334218463826,1.5599850416183472,10800.0,97.96771538274845,86.73289532164374,88.09912904886626,78.95849497325872,77.88811314302393,4.33,98.0,-0.42,0.36
EZPW,1995-11-03,1.518933441291735,1.724194361613347,1.518933441291735,1.601037621498108,63000.0,97.96771538274845,86.78555243635793,88.21151185037304,78.98072113488243,77.918895854663,4.39,98.0,-0.44,0.35
EZPW,1995-11-06,1.7241944675560064,1.7241944675560064,1.5189335346221924,1.5189335346221924,288900.0,96.33060709808564,86.96970842026337,88.5259082494774,79.10684111384371,78.07497726392401,4.44,99.0,-0.48,0.31
EZPW,1995-11-07,1.518933441291735,1.6420901814069742,1.518933441291735,1.601037621498108,519900.0,92.49915800245049,85.72868648472074,88.66997814468488,79.09238131184657,78.23261378551692,4.44,99.0,-0.48,0.29
EZPW,1995-11-08,1.5599850131923176,1.601037571827571,1.477880835533142,1.477880835533142,276600.0,94.93529473122956,85.45003879336957,87.04311058954478,79.56127262059745,78.5478823994033,4.46,94.0,-0.52,0.25
EZPW,1995-11-09,1.5599850131923176,1.5599850131923176,1.3957766578739663,1.477880835533142,186900.0,93.66500769472145,84.8716958185555,86.84521305083568,79.47906761307637,78.29641644915898,4.39,93.0,-0.57,0.28
EZPW,1995-11-10,1.5394593086426454,1.5394593086426454,1.436828374862671,1.436828374862671,21600.0,93.86585874928048,84.84251970382459,86.78480096905025,79.52823383507949,78.20087276354568,4.26,92.0,-0.59,0.28
EZPW,1995-11-13,1.3957766833077934,1.5599850416183472,1.3957766833077934,1.5599850416183472,92700.0,97.18077593480047,86.55172262292619,87.4737546154774,80.13876346901465,78.66419466600057,4.12,94.0,-0.63,0.23
EZPW,1995-11-14,1.4778809721908626,1.5599851574421049,1.4778809721908626,1.5189335346221924,66900.0,94.92261204924958,86.30942702192453,87.25174547738708,80.13576630404874,78.45540374123318,3.97,93.0,-0.66,0.26
EZPW,1995-11-15,1.4778808624630702,1.5599850416183472,1.4778808624630702,1.5599850416183472,89700.0,95.27299647095556,86.53006856356316,83.36182459295755,80.21517674924179,78.51243943065755,3.88,83.0,-0.67,-0.08
EZPW,1995-11-16,1.4778809721908626,1.5599851574421049,1.4778809721908626,1.5189335346221924,50100.0,95.4674471722547,86.12909604496359,83.46713498422332,80.2088794728162,78.54635852687647,3.78,84.0,-0.69,-0.09
EZPW,1995-11-17,1.4778807214984049,1.5599848928223414,1.4778807214984049,1.4984065294265747,323100.0,95.11176846225112,86.14496235615925,83.38902664712819,80.16081539535944,78.50971960952174,3.69,82.0,-0.71,-0.07
EZPW,1995-11-20,1.4778809721908626,1.5599851574421049,1.4778809721908626,1.5189335346221924,63000.0,95.2801180295344,85.85541827714749,81.71791291682109,80.1242681914359,78.23075200220538,3.61,70.0,-0.71,-0.03
EZPW,1995-11-21,1.436828374862671,1.5189334977312083,1.436828374862671,1.436828374862671,38100.0,90.55650628364789,86.34334912939163,81.73421634188432,80.02030822013819,78.36304158546064,3.55,70.0,-0.71,0.0
EZPW,1995-11-22,1.4368282768978893,1.5189333941683951,1.3957766578739663,1.477880835533142,281700.0,90.65934657990056,86.53559500768097,81.41249702491228,79.67041882488486,78.42685561486844,3.48,65.0,-0.71,0.02
EZPW,1995-11-24,1.416302438541875,1.477880805435,1.395776629447937,1.395776629447937,106500.0,91.77428161707833,87.04216764738406,80.13653983687193,79.40559039530577,78.53045313271028,3.45,56.0,-0.72,0.07
EZPW,1995-11-27,1.518933363234187,1.518933363234187,1.35472407164875,1.395776629447937,197700.0,91.34836527073871,87.04216764738406,80.13653983687193,79.29132384309504,78.44580216002693,3.41,55.5,-0.73,0.07
EZPW,1995-11-28,1.3957767530397966,1.5599851195540826,1.354724191605528,1.436828374862671,535500.0,91.73019481265366,86.78761508370246,77.03085129290064,79.30519522289711,78.27993734211469,3.43,14.0,-0.76,-0.12
EZPW,1995-11-29,1.4368282768978893,1.477880835533142,1.3547240992387135,1.477880835533142,164400.0,91.98249506644952,86.21669630897124,77.12323741955586,78.98530081010249,78.30281525341735,3.45,15.0,-0.79,-0.14
EZPW,1995-11-30,1.3957767530397966,1.4778809362969396,1.3957767530397966,1.436828374862671,129900.0,87.16160155795068,86.18797550128339,75.94378024501613,79.0395648683319,78.3197561317538,3.48,3.0,-0.79,-0.05
EZPW,1995-12-01,1.3957767530397966,1.4778809362969396,1.3957767530397966,1.436828374862671,57600.0,86.31483129897101,86.12380432190851,75.62711049375956,79.03873991454736,78.1770514351955,3.51,2.0,-0.77,-0.01
EZPW,1995-12-04,1.3957767530397966,1.4778809362969396,1.3957767530397966,1.436828374862671,148500.0,86.31483129897101,85.95846634458864,75.53836223356794,78.88228767383217,78.07697647190487,3.55,1.0,-0.75,0.01
EZPW,1995-12-05,1.395776629447937,1.477880805435,1.395776629447937,1.395776629447937,167100.0,83.48587384193435,86.03378683280725,75.02241483166132,78.62858664137858,77.97308572156987,3.59,1.0,-0.83,0.09
EZPW,1995-12-06,1.4368283399214232,1.9294553067072109,1.4368283399214232,1.837087750434876,846000.0,116.28164064007768,102.98551328601302,87.16450369663865,85.14141384190036,82.5644123015525,3.65,92.0,-0.92,5.26
EZPW,1995-12-07,1.888403415679932,1.9294550306306184,1.7652466916053977,1.888403415679932,450000.0,114.20532693877502,103.0185765411197,87.29072356466988,85.13870372813909,82.5942961673198,3.71,93.0,-1.09,5.19
EZPW,1995-12-08,1.9294553538784045,1.9294553538784045,1.724194425903245,1.7652469873428345,119700.0,113.44093152761768,103.54024775565193,87.73550738804558,85.49342763804776,82.7078862132074,3.77,94.0,-1.14,5.07
EZPW,1995-12-11,1.8062985695921248,1.8062985695921248,1.6010376461145626,1.683141827583313,332400.0,112.22048141795342,103.58114053753167,87.99304722918778,85.56772120272477,82.80575712786047,3.84,94.0,-1.17,5.01
EZPW,1995-12-12,1.6010376010016594,1.6831417801569364,1.5599850416183472,1.5599850416183472,263700.0,113.39986934975776,103.69190946510516,88.57651460771216,85.69523812979483,83.0861812698553,3.91,98.0,-1.18,4.86
EZPW,1995-12-13,1.6010377421150193,1.6420903051166504,1.559985179113388,1.6215635538101196,226200.0,107.63294608677153,102.2513429435668,88.81991992569081,85.83369630947755,83.19231659033706,3.99,99.0,-1.18,4.74
EZPW,1995-12-14,1.559985179113388,1.6420903051166504,1.559985179113388,1.6215635538101196,130200.0,103.54225702419417,100.50642808723073,88.81991992569081,85.83369630947755,82.60232200650965,4.06,98.5,-1.18,4.74
EZPW,1995-12-15,1.64209024263546,1.7652469873428345,1.6010376811958702,1.7652469873428345,177600.0,106.33638845748348,101.42123134872358,89.82875477769625,86.45164444265575,82.35621005028851,4.15,100.0,-1.21,4.4
EZPW,1995-12-18,1.68314182217464,1.7652469429909246,1.6010376409697262,1.6420902013778689,184500.0,108.3775464852338,102.42686778538,90.04295919523491,86.6565028246196,82.4757278209373,4.23,100.0,-1.19,4.35
EZPW,1995-12-19,1.64209024263546,1.7652469873428345,1.64209024263546,1.7652469873428345,386700.0,109.06789317409289,102.07346580276733,90.56004468718491,87.07999493141875,82.46883655412569,4.33,100.0,-1.2,4.19
EZPW,1995-12-20,1.6420902066546248,1.8062985695921248,1.6420902066546248,1.683141827583313,274800.0,109.13423574240677,100.31840970286751,90.85499465498229,87.14110415851093,82.16039965536781,4.43,100.0,-1.22,4.14
EZPW,1995-12-21,1.683141864463655,1.8062986091710296,1.683141864463655,1.7652469873428345,48000.0,107.08160136110556,100.66504503273448,90.97746562687654,86.3957052777053,82.31594322708644,4.52,100.0,-1.21,4.03
EZPW,1995-12-22,1.6831418017044808,1.80629854181972,1.601037621498108,1.601037621498108,260400.0,111.21047493311423,102.16934362799668,92.25926385526063,86.68160358321158,82.85590265534,4.62,100.0,-1.2,3.8
EZPW,1995-12-26,1.6010377421150193,1.7241944915084824,1.6010377421150193,1.6215635538101196,298800.0,110.8561775247332,102.2113563964987,92.08727260166006,86.60228510473699,82.87060894127968,4.72,99.0,-1.18,3.8
EZPW,1995-12-27,1.6010377421150193,1.6831419285068512,1.6010377421150193,1.6215635538101196,375900.0,108.34867747729966,102.10760048071685,92.02907667294167,86.60228510473699,82.84654020030915,4.81,98.0,-1.17,3.81
EZPW,1995-12-28,1.6010376409697262,1.6420902013778689,1.5805118305713406,1.6420902013778689,558600.0,108.06536855960252,101.10497836101955,91.98062816605703,86.58613423128153,82.86072464939164,4.88,97.0,-1.14,3.83
EZPW,1995-12-29,1.6420901603849716,1.6831417801569364,1.5599850416183472,1.5599850416183472,722700.0,108.9153782540365,101.52634201890626,92.26487430867387,86.53574792899835,82.93624282386025,4.96,100.0,-1.14,3.77
EZPW,1996-01-02,1.6010376010016594,1.6010376010016594,1.5599850416183472,1.5599850416183472,48300.0,108.62182783648642,101.52634201890626,92.26487430867387,86.44839041189242,82.60645764415926,5.03,99.5,-1.13,3.77
EZPW,1996-01-03,1.6420902066546248,1.683141827583313,1.5599850855745003,1.683141827583313,126300.0,110.66730469795854,102.67312423035804,93.0128373326287,86.84364011203877,82.97394330198068,5.1,100.0,-1.09,3.55
EZPW,1996-01-04,1.6420901115407105,1.765246846415981,1.6420901115407105,1.7241942882537842,405000.0,110.78917362720968,102.80736143932394,92.83690653908603,86.7803720001612,82.81658218908183,5.17,99.0,-1.07,3.54
EZPW,1996-01-05,1.7652469486634372,1.7652469486634372,1.683141827583313,1.683141827583313,88200.0,109.68309397342611,100.02288692719074,91.84215826972238,86.7232889186956,82.84229812591806,5.22,92.0,-1.04,3.86
EZPW,1996-01-08,1.6831417574610732,1.8062984943389893,1.6831417574610732,1.8062984943389893,14400.0,111.1334008125322,100.93769053712298,91.51790862886753,86.71337388264095,83.15059945854222,5.28,91.0,-1.04,3.81
EZPW,1996-01-09,1.8062986091710296,1.8062986091710296,1.683141864463655,1.7652469873428345,73500.0,109.86153836365118,100.91964891525073,91.31004804327144,86.65924509038064,83.15298509464282,5.32,90.0,-1.0,3.92
EZPW,1996-01-10,1.683141864463655,1.8062986091710296,1.683141864463655,1.7652469873428345,30600.0,109.86153836365118,100.80100315618455,91.24086708085211,86.65924509038064,83.13032557348228,5.37,89.0,-0.97,3.96
EZPW,1996-01-11,1.8473511001669864,1.929455280303955,1.8062985402928229,1.929455280303955,203400.0,112.21428499041748,102.25370593182963,92.2870517597885,87.21545636283786,83.63517483785988,5.42,98.0,-0.99,3.66
EZPW,1996-01-12,1.9705081131756763,2.1552432487858963,1.888403921663853,2.0526123046875,506400.0,113.11464805804867,102.79365775049358,92.55588366514412,87.52987937766396,83.7645652631816,5.48,98.0,-0.88,3.51
EZPW,1996-01-15,2.052612084981186,2.2168213900397804,2.052612084981186,2.0936646461486816,247800.0,112.52588570821673,100.99168697634254,92.60471411831419,87.56259602378388,83.79285445718297,5.53,98.0,-0.73,3.48
EZPW,1996-01-16,2.1347171825242737,2.1347171825242737,2.011560440063477,2.011560440063477,109800.0,113.50665243530229,100.84093331132469,92.58977561694239,87.26901976383802,83.87881731723432,5.58,97.0,-0.71,3.55
EZPW,1996-01-17,2.1347171825242737,2.1347171825242737,2.011560440063477,2.011560440063477,132600.0,113.50665243530229,100.84093331132469,92.58977561694239,87.26901976383802,83.7481755443539,5.62,96.5,-0.69,3.55
EZPW,1996-01-18,2.011560678737333,2.1347174358108125,2.011560678737333,2.0526123046875,59400.0,112.8863175495865,99.92153976439772,92.38770383761532,87.20957954886829,83.77724893730402,5.66,94.0,-0.65,3.56
EZPW,1996-01-19,2.0936648702491563,2.0936648702491563,2.011560678737333,2.0526123046875,162000.0,81.11605208618609,99.40761695372659,92.32827333026408,87.20226230672905,83.63031098238393,5.7,93.0,-0.61,3.59
EZPW,1996-01-22,2.093664601445198,2.093664601445198,1.970507860183716,1.970507860183716,241200.0,81.78669664523233,98.53642219011336,92.49685888827858,87.27196914756762,83.55743723737741,5.71,94.0,-0.63,3.56
EZPW,1996-01-23,1.9705078573917016,2.0526120382459,1.908929486848211,1.9499820470809937,153600.0,79.24590009242571,97.03838968075236,92.45063266622107,87.17965700270011,82.74462885954772,5.71,93.0,-0.63,3.59
EZPW,1996-01-24,1.9499817777171984,2.0115601397544656,1.888403415679932,1.888403415679932,8400.0,78.50226543789879,96.03168576477931,92.59179229099914,86.8850834715134,82.56855784522065,5.7,97.0,-0.62,3.58
EZPW,1996-01-25,1.929455280303955,1.9705078401781189,1.8884036600411505,1.929455280303955,55800.0,74.89023465586295,95.40507953847147,92.4147346816501,86.92614446942709,81.41917321817756,5.69,91.0,-0.63,3.64
EZPW,1996-01-26,1.929455280303955,2.052612020315088,1.8884036600411505,1.929455280303955,304500.0,74.3077134507339,91.91114421559594,91.86513686787188,86.69585570591074,80.71812116408688,5.67,81.0,-0.64,3.74
EZPW,1996-01-29,1.970507939656576,2.2168214321136475,1.970507939656576,2.2168214321136475,270000.0,83.67176314879961,93.6174511322958,94.41024162432048,88.11941136499316,81.62825543826038,5.69,100.0,-0.25,3.25
EZPW,1996-01-30,2.216821170925093,2.216821170925093,2.0936644392070325,2.175768613815308,223500.0,81.00334562234974,93.74568745739774,94.3939291664779,88.08977559253088,81.63358425962146,5.69,99.0,-0.12,3.26
EZPW,1996-01-31,2.1347174358108125,2.216821627322636,1.9705081131756763,2.0526123046875,295200.0,79.90300797731035,94.54789645870498,94.81032717020699,88.26042349135419,81.7926772511963,5.69,100.0,-0.15,3.22
EZPW,1996-02-01,2.052612084981186,2.1347172073161773,1.9705079022575829,2.0936646461486816,135000.0,77.61426448515117,93.85265979732449,94.79172696238585,88.29350738322648,81.77177030745982,5.68,99.0,-0.18,3.19
EZPW,1996-02-02,2.052612084981186,2.1347172073161773,2.0115604634250785,2.0936646461486816,123300.0,75.98159616101967,93.33826704757973,94.51103521721059,88.29350738322648,81.77177030745982,5.67,98.0,-0.25,3.23
EZPW,1996-02-05,2.011560420474666,2.093664601445198,1.970507860183716,1.970507860183716,55200.0,77.44923251940428,92.66973658983886,94.94685632139696,88.47861426721776,81.98444309410145,5.64,100.0,-0.34,3.15
EZPW,1996-02-06,2.052612084981186,2.0936646461486816,1.9705079022575829,2.0936646461486816,30900.0,72.91051580178508,93.36602137696397,95.15746199905378,88.66347056533604,82.20878509857616,5.61,100.0,-0.39,3.09
EZPW,1996-02-07,2.093664601445198,2.093664601445198,1.970507860183716,1.970507860183716,72000.0,75.62830050825787,94.10442213492557,95.37711923771882,88.94538268516395,82.40077360830263,5.58,100.0,-0.47,3.06
EZPW,1996-02-08,2.093664601445198,2.093664601445198,1.970507860183716,1.970507860183716,1689000.0,75.62830050825787,92.73049574748956,94.6481862060912,88.76344880274932,82.38053523081705,5.55,95.0,-0.56,3.17
EZPW,1996-02-09,2.0936646218335486,2.1347171825242737,2.011560440063477,2.011560440063477,118200.0,75.72033755694429,92.57110338443488,93.49897000403621,88.33234430499917,82.23047876788794,5.52,91.0,-0.63,3.33
EZPW,1996-02-12,2.011560440063477,2.1347171825242737,2.011560440063477,2.011560440063477,14400.0,73.73612429993791,92.46184480453456,92.413335921433,88.20829146776997,82.23047876788794,5.49,80.0,-0.71,3.65
EZPW,1996-02-13,2.0936646218335486,2.0936646218335486,2.011560440063477,2.011560440063477,115200.0,73.73612429993791,92.24238944832767,92.01784316356323,88.0868368667862,82.23047876788794,5.45,71.0,-0.78,3.71
EZPW,1996-02-14,2.011560440063477,2.1347171825242737,2.011560440063477,2.011560440063477,78000.0,70.92584465508051,92.16928916684492,91.94182172114958,87.96243779274165,81.85497998250382,5.41,69.0,-0.84,3.76
EZPW,1996-02-15,2.011560440063477,2.052612061142824,2.011560440063477,2.011560440063477,18300.0,70.73341723183016,92.15662723491003,90.99056667049922,87.84575248213027,81.85497998250382,5.37,63.0,-0.89,3.93
EZPW,1996-02-16,2.134716987609864,2.134716987609864,2.0115602563941266,2.134716987609864,62400.0,71.86659756510818,91.95850041297912,89.96261111076193,87.65740639510426,82.03720269797206,5.34,58.0,-0.93,4.2
EZPW,1996-02-20,2.0115602563941266,2.134716987609864,2.0115602563941266,2.134716987609864,44100.0,69.38482986723955,91.85740573630301,89.89379548609314,87.6264286849025,81.98436605898281,5.32,57.0,-0.98,4.24
EZPW,1996-02-21,2.011560678737333,2.0526123046875,2.011560678737333,2.0526123046875,16200.0,70.12093590033966,91.4019866270618,89.8381663254105,87.71914221151917,81.8826315340715,5.29,56.0,-1.03,4.33
EZPW,1996-02-22,2.052612084981186,2.1757688288722847,2.052612084981186,2.0936646461486816,661800.0,70.23235499790822,91.43259846946657,89.88469116894987,87.75112217847443,81.87201267616578,5.25,56.0,-1.08,4.3
EZPW,1996-02-23,2.0936646461486816,2.1295850499131226,2.0936646461486816,2.0936646461486816,33300.0,65.65133229478647,91.32451190073787,89.79409058591233,87.75112217847443,81.82338763699829,5.21,53.0,-1.13,4.31
EZPW,1996-02-26,2.1757686049409144,2.1757686049409144,2.0936644306675207,2.134716987609864,134400.0,63.443206156888145,91.25246397048511,89.19465836123418,87.65740639510426,81.8501961912846,5.18,51.0,-1.16,4.53
EZPW,1996-02-27,2.0936646461486816,2.1757688288722847,2.0936646461486816,2.0936646461486816,90300.0,63.46798805821771,91.12948929135946,89.17512171559152,87.56462750255977,81.83102745627589,5.14,50.0,-1.21,4.53
EZPW,1996-02-28,2.0936646461486816,2.0936646461486816,2.0936646461486816,2.0936646461486816,9000.0,62.325590685933676,91.12948929135946,89.17512171559152,86.73629985991367,81.78974798308558,5.09,49.5,-1.25,4.53
EZPW,1996-02-29,2.0936646461486816,2.155243018094231,2.0936646461486816,2.0936646461486816,127500.0,62.325590685933676,91.12948929135946,89.1117688982977,86.73629985991367,81.78974798308558,5.04,48.0,-1.28,4.57
EZPW,1996-03-01,2.0936648702491563,2.0936648702491563,2.0526123046875,2.0526123046875,22800.0,62.351623508343756,90.99703949853591,89.1742745801905,86.73046261950343,81.76649436350337,4.99,48.0,-1.31,4.57
EZPW,1996-03-04,2.0526123046875,2.1347174358108125,2.0526123046875,2.0526123046875,70800.0,62.351623508343756,71.79012164047526,87.11530707727161,86.58571737539279,81.71943995625209,4.97,32.0,-1.35,4.96
EZPW,1996-03-05,2.052611882097247,2.2065577967448227,2.052611882097247,2.175768613815308,459900.0,63.320702741462945,72.53203865773045,87.4978857759916,85.3800901917923,81.88441177401168,4.94,36.0,-1.37,4.8
EZPW,1996-03-06,2.2168214321136475,2.339978178342183,2.134717247831759,2.2168214321136475,302400.0,63.333570271871096,71.12595831344792,87.4248532123503,85.31071773870529,81.68867035271398,4.92,34.0,-1.37,4.78
EZPW,1996-03-07,2.2783995274911253,2.298925336156651,2.134716987609864,2.134716987609864,118500.0,63.6360168326745,70.84893028437959,87.59216367112403,85.32715686867284,81.44261177432719,4.89,36.0,-1.4,4.79
EZPW,1996-03-08,2.1347172073161773,2.1757688288722847,2.0936646461486816,2.0936646461486816,113700.0,63.76780529767417,69.04812924573399,87.55466913500118,85.19054104247414,81.0758462952065,4.86,35.0,-1.42,4.8
EZPW,1996-03-11,2.0936646461486816,2.2168213900397804,2.0936646461486816,2.0936646461486816,34500.0,63.76780529767417,68.69336205664709,87.44260486072051,85.03224118659033,81.00636341401483,4.81,32.0,-1.43,4.81
EZPW,1996-03-12,2.175768613815308,2.175768613815308,2.0936644392070325,2.175768613815308,63900.0,50.38090272762976,69.0429491017646,86.30409292802484,82.83197954319665,81.03701848355654,4.79,23.0,-1.45,5.2
EZPW,1996-03-13,2.1398483094528404,2.463134744693917,2.0936645329898296,2.42208218574524,213600.0,58.94930937459188,70.28947131747638,87.52617175889156,83.76761790893211,81.49235486517982,4.77,34.0,-1.29,4.72
EZPW,1996-03-14,2.463134765625,2.5862915039062497,2.3810305866412818,2.463134765625,134100.0,56.04965107379542,68.43598487753157,87.54904393961444,83.7407426359017,81.51035321010441,4.74,34.0,-1.13,4.7
EZPW,1996-03-15,2.545238633409769,2.545238633409769,2.339977741241455,2.339977741241455,126000.0,58.28005254846339,68.06574702570457,87.31962992128659,83.00369551057776,81.66661712594994,4.71,28.0,-1.14,4.89
EZPW,1996-03-18,2.339977741241455,2.4220819101865345,2.339977741241455,2.339977741241455,9600.0,58.28005254846339,67.1961925527375,86.96522418568027,82.77751645120752,81.57250808661665,4.68,22.0,-1.15,4.96
EZPW,1996-03-19,2.339977702750785,2.42208187034532,2.25787353515625,2.25787353515625,61500.0,56.30456924325836,67.13479177896156,86.3092400911177,82.6301013620168,81.41205765189025,4.66,19.0,-1.17,5.13
EZPW,1996-03-20,2.257873572296376,2.38103029551961,2.257873572296376,2.339977741241455,70500.0,54.58511698629975,63.9921390134018,85.41080435968722,81.81473721754338,81.42879603993245,4.66,15.0,-1.16,5.29
EZPW,1996-03-21,2.339977741241455,2.38103029551961,2.257873572296376,2.339977741241455,9000.0,51.09257509173136,63.99085691371056,84.55185959830818,81.81473721754338,81.3681852800183,4.67,15.0,-1.17,5.68
EZPW,1996-03-22,2.339977957858761,2.339977957858761,2.298925399780273,2.298925399780273,8700.0,51.52074571526474,64.16563956841621,84.13908979931338,80.18635316946623,81.38670503650076,4.68,15.0,-1.17,5.8
EZPW,1996-03-25,2.339977702750785,2.339977702750785,2.25787353515625,2.25787353515625,13800.0,51.72846169059228,64.33410266497626,81.87740361368341,80.17167799456941,81.34145854016485,4.73,12.0,-1.2,6.66
EZPW,1996-03-26,2.2989251869633,2.339977741241455,2.2168210180182206,2.339977741241455,54300.0,52.52710745048771,63.530706541636484,80.36214543804596,79.65378659389582,81.16793274941294,4.8,9.0,-1.2,7.06
EZPW,1996-03-27,2.339978178342183,2.339978178342183,2.2168214321136475,2.2168214321136475,68700.0,55.2450665808591,64.7312779196268,80.88819825759253,79.78021076647339,81.346449032895,4.86,10.0,-1.2,6.88
EZPW,1996-03-28,2.2168214321136475,2.2578739940602945,2.175768870167,2.2168214321136475,150900.0,55.2450665808591,63.06687762546353,80.80965678269243,79.7478386694996,81.346449032895,4.92,10.0,-1.2,6.96
EZPW,1996-03-29,2.175768870167,2.2168214321136475,2.175768870167,2.2168214321136475,208200.0,55.2450665808591,62.94175061027815,80.31332838540192,79.47019898481929,81.346449032895,4.99,9.0,-1.19,7.12
EZPW,1996-04-01,2.175768613815308,2.196295362175848,2.175768613815308,2.175768613815308,30000.0,52.93232624814143,62.84767461344218,80.0063515792268,79.50063241025067,81.20695247339404,5.06,7.0,-1.17,7.36
EZPW,1996-04-02,2.175768870167,2.2578739940602945,2.175768870167,2.2168214321136475,14400.0,53.18945942516938,61.39068448203252,78.92355637146802,79.53207239694208,81.2101599606984,5.14,7.0,-1.15,7.72
EZPW,1996-04-03,2.175768613815308,2.175768613815308,2.175768613815308,2.175768613815308,10800.0,52.15459148328525,61.31802990209743,79.00374187817208,79.441674081154,81.15395008599948,5.22,8.0,-1.12,7.7
EZPW,1996-04-04,2.216821170925093,2.216821170925093,2.175768613815308,2.175768613815308,15600.0,51.880381109301524,61.31802990209743,78.83933901751946,79.40934017493684,80.41487882372348,5.3,7.0,-1.09,7.75
EZPW,1996-04-08,2.1757688288722847,2.1757688288722847,2.0936646461486816,2.0936646461486816,51300.0,53.145414287912295,59.258359665843564,78.12133291909642,79.40412793969244,80.16193406135366,5.39,7.0,-1.05,8.27
EZPW,1996-04-09,2.1757688288722847,2.1757688288722847,2.0936646461486816,2.0936646461486816,26400.0,52.82591537007498,57.900752687609746,77.97861526044021,79.40412793969244,80.08043093336828,5.48,7.0,-1.0,8.31
EZPW,1996-04-10,2.0936644306675207,2.1757686049409144,2.0936644306675207,2.134716987609864,31200.0,52.82591537007498,57.89528231129635,77.9315784831445,79.43698305206162,80.10452231366105,5.55,7.0,-0.94,8.35
EZPW,1996-04-11,2.0936644392070325,2.257873728034878,2.0936644392070325,2.175768613815308,157500.0,53.093424529929024,57.401121762336984,77.82436659997897,79.43441348971308,80.10617305364094,5.63,7.0,-0.89,8.34
EZPW,1996-04-12,2.25787353515625,2.25787353515625,2.1757684279505,2.25787353515625,42600.0,54.09169443138969,57.865165682934894,77.95464018442605,79.22162787551903,80.01498277974213,5.69,9.0,-0.83,8.19
EZPW,1996-04-15,2.1757684279505,2.25787353515625,2.1757684279505,2.25787353515625,44400.0,53.68460927334818,57.74059962489625,77.94232836010548,79.0780934673319,79.93831104627324,5.75,9.0,-0.77,8.22
EZPW,1996-04-16,2.216821170925093,2.257873728034878,2.134716996316817,2.175768613815308,42000.0,54.93399065139115,58.28061578485263,77.63697665738347,79.20294248444455,79.94141213947712,5.8,7.0,-0.71,8.35
EZPW,1996-04-17,2.1347174358108125,2.1347174358108125,2.0526123046875,2.0526123046875,83400.0,54.93399065139115,58.92114668874571,78.16701076056042,79.35729240704845,80.06835031862956,5.85,14.0,-0.62,8.2
EZPW,1996-04-18,2.011560440063477,2.1347171825242737,1.970507879372752,2.011560440063477,48900.0,54.82094591936939,59.03345709234683,77.65810344567214,79.39343922801541,80.01184525494264,5.88,8.0,-0.57,8.42
EZPW,1996-04-19,1.9294552998927657,1.970507860183716,1.9294552998927657,1.970507860183716,36900.0,54.104525865798315,58.809252194549344,77.7517292693099,79.28892063025343,79.71101408720227,5.92,9.0,-0.53,8.39
EZPW,1996-04-22,2.052612020315088,2.052612020315088,1.929455280303955,1.929455280303955,32100.0,54.150579517254826,58.813222488166936,77.73913666661471,79.28534602960488,79.6626414982755,5.91,8.0,-0.47,8.48
EZPW,1996-04-23,1.8884036600411505,1.9705078401781189,1.8884036600411505,1.929455280303955,49800.0,54.150579517254826,58.813222488166936,77.63503309052315,79.24315105985444,79.6626414982755,5.9,5.0,-0.4,8.59
EZPW,1996-04-24,1.970507585192541,1.970507585192541,1.8062983065560845,1.888403415679932,254700.0,52.96324667257627,51.353191723130955,77.5748309545168,79.24131400577635,79.60967311096951,5.87,4.0,-0.37,8.61
EZPW,1996-04-25,1.8062987905405403,2.0526123046875,1.8062987905405403,2.0526123046875,141000.0,48.872991858664335,54.17624034998488,78.62223616870116,79.85132406847293,80.05179700777158,5.81,16.0,-0.34,7.95
EZPW,1996-04-26,1.970507860183716,2.052612041154248,1.970507860183716,1.970507860183716,57000.0,49.43634951934649,53.50191607195012,78.93581312684972,79.96011558960986,80.15425254972445,5.75,18.0,-0.35,7.84
EZPW,1996-04-29,2.0936646461486816,2.1347172073161773,2.0115604634250785,2.0936646461486816,91500.0,51.411050596431316,54.807599432004274,79.28792509489297,80.0998193166112,80.06391349250949,5.67,19.0,-0.5,7.53
EZPW,1996-04-30,2.134716987609864,2.134716987609864,2.0526118737251777,2.134716987609864,32700.0,51.83899467838064,54.95188471190603,66.4157494029094,79.47267909837097,80.08870011614839,6.06,1.0,-0.47,0.62
EZPW,1996-05-01,2.134717247831759,2.298925616395536,2.052612123938464,2.2168214321136475,152100.0,52.18840036206822,53.9810831106127,66.53707091694899,78.90876492498435,80.10342680322485,6.41,2.0,-0.46,0.6
EZPW,1996-05-02,2.216821170925093,2.298925345533368,2.134716996316817,2.175768613815308,58500.0,51.27155262928335,52.73255589597344,65.694113766493,78.77439239590409,80.11968164363029,6.76,1.0,-0.39,0.68
EZPW,1996-05-03,2.134716987609864,2.298925336156651,2.134716987609864,2.134716987609864,40200.0,51.49000365829861,51.33936936784805,65.29899720180876,78.7703716571162,80.09744622432937,7.1,1.0,-0.29,0.73
EZPW,1996-05-06,2.134716987609864,2.134716987609864,2.134716987609864,2.134716987609864,4200.0,51.30793246234403,51.33936936784805,64.08060693057796,78.73264576691628,80.02325493697924,7.45,1.0,-0.21,0.84
EZPW,1996-05-07,2.1347172073161773,2.1757688288722847,1.9705079022575829,2.0936646461486816,166500.0,51.346382211909024,51.35268265166939,63.92333540168076,78.60220184638423,79.75076373224219,7.78,1.0,-0.1,0.9
EZPW,1996-05-08,2.0526123046875,2.0936648702491563,1.9705081131756763,2.0526123046875,43800.0,50.26382507922479,51.52374242112236,64.02070700283774,78.63914930274883,79.77442071086372,8.08,2.0,0.02,0.89
EZPW,1996-05-09,2.0115600927614308,2.25787353515625,2.0115600927614308,2.25787353515625,129900.0,55.772367986016526,55.077072462209486,64.3826704904724,79.28175658173227,80.17564273026318,8.36,4.0,0.11,0.9
EZPW,1996-05-10,2.134716987609864,2.216821161883257,2.134716987609864,2.134716987609864,41400.0,58.14451613711841,56.34572802392499,63.95290002459346,79.5665480750716,80.25472303354262,8.63,2.0,0.26,0.92
EZPW,1996-05-13,2.1347168139588404,2.25787353515625,2.093664260355965,2.25787353515625,74700.0,60.47572492552066,57.465019973086925,63.553287865583485,79.67201187580471,80.40942189824388,8.89,1.0,0.36,0.97
EZPW,1996-05-14,2.134716987609864,2.2578737188256,2.134716987609864,2.134716987609864,25800.0,62.452010371301625,57.40451354056971,63.73695956646033,79.91937504992003,80.52819932967068,9.12,2.0,0.54,0.96
EZPW,1996-05-15,2.2578737188256,2.2578737188256,2.0526118737251777,2.134716987609864,72300.0,62.18373375550863,57.40451354056971,63.32331837106854,79.87627275545735,80.52819932967068,9.35,1.0,0.71,1.08
EZPW,1996-05-16,2.0936646461486816,2.0936646461486816,2.0577442423842407,2.0936646461486816,9600.0,62.20176802102079,56.9684270367373,61.38118016852282,79.87283579538334,80.55089608978942,9.61,1.0,0.87,1.09
EZPW,1996-05-17,2.0526123046875,2.0526123046875,2.0526123046875,2.0526123046875,9600.0,62.43066084611699,56.9684270367373,61.46279437294726,79.90877891957561,80.49358903034424,9.85,2.0,1.05,1.1
EZPW,1996-05-20,2.052612084981186,2.1347172073161773,2.052612084981186,2.0936646461486816,15600.0,61.74886848067845,57.117686526741515,61.523822741165425,79.79134739656361,80.43056545795739,10.07,3.0,1.23,1.07
EZPW,1996-05-21,2.052612123938464,2.2168214321136475,2.052612123938464,2.2168214321136475,15600.0,63.93244888006701,58.17950189682999,62.11288278223325,79.71558028295968,80.62794239912712,10.26,4.0,1.4,0.92
EZPW,1996-05-22,2.052611991483718,2.155242919921875,2.052611991483718,2.155242919921875,4500.0,64.2864821843396,58.33576374762212,61.70551136398921,79.75141320455332,80.53776245705406,10.45,4.0,1.25,0.97
EZPW,1996-05-23,2.216821161883257,2.216821161883257,2.0526118737251777,2.134716987609864,106500.0,64.09676591351305,58.372102201086626,61.736961556404445,79.71730063347707,80.17327980198816,10.63,5.0,0.79,0.97
EZPW,1996-05-24,2.0526118737251777,2.134716987609864,2.0526118737251777,2.134716987609864,13500.0,63.096002589922875,58.372102201086626,60.62297482550123,79.67881148036273,80.0772881703585,10.8,1.0,0.76,1.2
EZPW,1996-05-28,2.216821627322636,2.216821627322636,1.9807714894689628,2.0526123046875,266100.0,64.01231334202222,58.79220943685242,60.87824288375662,79.77539355084807,80.0772881703585,10.97,2.0,0.78,1.21
EZPW,1996-05-29,2.0526123046875,2.17576906176098,2.0526123046875,2.0526123046875,159600.0,63.20463542352932,58.79220943685242,60.737898240345146,79.59623620904641,79.9804150764871,11.13,2.0,0.49,1.22
EZPW,1996-05-30,2.175768613815308,2.175768613815308,2.052611882097247,2.175768613815308,96900.0,63.20463542352932,58.79220943685242,60.41347333984006,79.83594533117885,80.10431826826016,11.29,1.0,0.54,1.26
EZPW,1996-05-31,2.0526118737251777,2.1757686049409144,2.0526118737251777,2.134716987609864,37500.0,63.17035914693201,58.788460037063075,60.375435379069756,79.69676009629455,79.75481821723623,11.45,1.0,0.45,1.27
EZPW,1996-06-03,2.052612041154248,2.134717161736148,1.970507860183716,1.970507860183716,94500.0,67.2347385012072,60.54212305051843,61.76074638084786,80.08346963652853,80.13196935153772,11.57,11.0,0.16,1.17
EZPW,1996-06-04,1.9705079278488669,2.1347172350400725,1.9705079278488669,1.98077130317688,27000.0,66.95029769697643,60.43814955659988,60.138137202049165,79.61347444803827,80.10955649608135,11.7,1.0,0.19,1.41
EZPW,1996-06-05,2.1347170466889582,2.298925399780273,1.9705077539863247,2.298925399780273,154800.0,79.52019757590551,67.79682796502654,63.881339657018074,80.75300843878856,81.48807740145139,11.75,17.0,0.07,2.21
EZPW,1996-06-06,2.298925399780273,2.339977957858761,2.1347170466889582,2.298925399780273,61800.0,79.1208171101168,67.35933883629643,63.811334014450715,80.05299969527788,81.48807740145139,11.8,17.0,-0.04,2.26
EZPW,1996-06-07,2.134717247831759,2.298925616395536,2.134717247831759,2.2168214321136475,24000.0,76.5885796455213,64.02414502796529,63.75451221015575,79.93284059654684,81.47468420517615,11.85,17.0,-0.06,2.27
EZPW,1996-06-10,2.175768870167,2.2578739940602945,2.175768870167,2.2168214321136475,33300.0,75.48493956955508,63.91170203431673,63.75451221015575,79.88200646479783,81.38095230128236,11.88,17.5,-0.07,2.27
EZPW,1996-06-11,2.175768665156128,2.298925399780273,2.175768665156128,2.298925399780273,23100.0,74.21843806840033,63.53345278322754,63.930028540577666,79.38874075030088,80.82301552396494,11.91,22.0,-0.15,2.2
EZPW,1996-06-12,2.216821170925093,2.298925345533368,2.175768613815308,2.175768613815308,81900.0,75.9166024097047,64.51696374271704,64.54936930476848,78.7276648792306,81.01508702125278,11.93,27.0,-0.15,2.1
EZPW,1996-06-13,2.1757684279505,2.2989251491479097,2.1757684279505,2.25787353515625,31200.0,75.88718601647174,64.57801661337243,64.4614242950667,78.79227372215118,81.06712729677281,11.94,27.0,-0.16,2.03
EZPW,1996-06-14,2.1757684279505,2.25787353515625,2.1757684279505,2.25787353515625,30900.0,75.66705901846967,64.14765328815507,64.4339248082286,78.60214757077553,80.95818423357657,11.94,27.0,-0.16,2.03
EZPW,1996-06-17,2.175768613815308,2.257873728034878,2.175768613815308,2.175768613815308,54600.0,76.2635384389074,64.5806838126144,64.5043391845319,78.73330128094952,79.92226559872367,11.93,29.0,-0.13,2.02
EZPW,1996-06-18,2.216820981553375,2.25787353515625,2.1757684279505,2.25787353515625,66900.0,76.988920072369,64.95710299967787,64.67441938072753,78.7920419558915,79.93087345434712,11.92,31.0,-0.13,1.96
EZPW,1996-06-19,2.175768613815308,2.257873728034878,2.175768613815308,2.175768613815308,1800.0,77.57952838081741,65.29484240117304,64.96399635827821,78.51167416594137,79.93993445638789,11.9,32.0,-0.08,1.91
EZPW,1996-06-20,2.1757690783214563,2.257874210069697,2.1757690783214563,2.252742052078247,66300.0,77.90219895606616,65.27250761722433,61.35180377280924,78.56378162765505,79.88124506060646,11.89,7.0,-0.1,1.63
EZPW,1996-06-21,2.175768613815308,2.257873728034878,2.175768613815308,2.175768613815308,18000.0,73.52216823845038,64.71512306676054,61.53033568365521,78.67903499178868,79.84017759370347,11.86,11.0,-0.1,1.6
EZPW,1996-06-24,2.1757684279505,2.25787353515625,2.1757684279505,2.25787353515625,26100.0,72.43080105738338,65.16640155886006,61.091496795842616,78.75376892055299,78.1711029206682,11.83,7.0,-0.13,1.6
EZPW,1996-06-25,2.2578739940602945,2.298925616395536,2.2168214321136475,2.2168214321136475,35400.0,70.78302935707929,65.27848162444528,61.092061810540564,78.78734500415695,78.19584923576949,11.78,8.0,-0.15,1.63
EZPW,1996-06-26,2.2168214321136475,2.2578739940602945,2.2168214321136475,2.2168214321136475,67800.0,68.80195270860797,65.16216439149333,61.092061810540564,77.50933801570696,78.15872467652989,11.73,8.5,-0.17,1.63
EZPW,1996-06-27,2.2168214321136475,2.2578739940602945,2.134717247831759,2.2168214321136475,55800.0,68.80195270860797,65.04946296494477,60.299138220861636,77.46112159355853,77.42333869202548,11.68,2.0,-0.12,1.75
EZPW,1996-06-28,2.134717247831759,2.2168214321136475,2.134717247831759,2.2168214321136475,22800.0,68.52448845559239,64.93273548079335,59.541006234586945,77.39851626401598,77.24412467350702,11.61,1.0,-0.13,2.0
EZPW,1996-07-01,2.2168214321136475,2.2168214321136475,2.2168214321136475,2.2168214321136475,0.0,68.21903231993738,64.93273548079335,58.72714429752898,77.35023076093626,77.04333555111226,11.55,1.0,-0.07,2.13
EZPW,1996-07-02,2.134716987609864,2.1757686049409144,2.134716987609864,2.134716987609864,3900.0,68.98980925588326,64.91439164715604,59.05111007116132,77.42787260903098,76.4351484286811,11.48,2.0,0.01,2.08
EZPW,1996-07-03,2.134716996316817,2.175768613815308,2.134716996316817,2.175768613815308,44700.0,67.13645358337018,65.02761105674594,59.038209658223465,77.38982143357951,76.45627467535738,11.42,2.0,0.08,2.08
EZPW,1996-07-05,2.134716996316817,2.175768613815308,2.134716996316817,2.175768613815308,14700.0,66.62652598110303,64.90978449510794,59.038209658223465,76.54352719570724,75.17849342083804,11.37,2.5,0.16,2.08
EZPW,1996-07-08,2.093664601445198,2.134717161736148,1.970507860183716,1.970507860183716,60000.0,72.56771406137742,67.90020629780943,61.13024327077377,77.24432066204898,75.8034969865363,11.29,16.0,0.14,1.96
EZPW,1996-07-09,2.134717161736148,2.134717161736148,1.970507860183716,1.970507860183716,4200.0,72.56771406137742,67.4213012003454,61.13024327077377,77.24432066204898,75.32271500641977,11.2,16.5,0.13,1.96
EZPW,1996-07-10,1.9705081131756763,2.0526123046875,1.9705081131756763,2.0526123046875,11700.0,72.77202561173559,67.99657324811109,61.476249689796504,76.94546748410771,75.32712341138674,11.11,21.0,0.16,1.83
EZPW,1996-07-11,1.970507860183716,2.134717161736148,1.970507860183716,1.970507860183716,123300.0,73.72752610493309,68.08512015695446,61.07648729473203,76.89916950980106,75.41141131344742,11.04,13.0,0.06,2.0
EZPW,1996-07-12,1.929455280303955,1.9705078401781189,1.929455280303955,1.929455280303955,7500.0,71.70945981068851,67.1845440183407,61.16084834312344,76.42693781817643,75.22643500143253,10.96,19.0,-0.01,1.99
EZPW,1996-07-15,1.9294551425094413,2.134716987609864,1.9294551425094413,2.134716987609864,90600.0,77.72163867980211,70.23587160203698,62.959200112868785,76.7262202245042,75.9110496534418,10.85,30.0,0.03,1.75
EZPW,1996-07-16,1.970507860183716,2.093664601445198,1.970507860183716,1.970507860183716,32700.0,77.72163867980211,72.04915132959547,64.15931998534079,76.77315210394971,76.32953675537311,10.73,43.0,-0.04,1.64
EZPW,1996-07-17,2.134717161736148,2.134717161736148,1.970507860183716,1.970507860183716,12300.0,77.70604720252432,71.91545380623204,64.15931998534079,76.50604447742853,76.24152375426654,10.6,43.5,-0.11,1.64
EZPW,1996-07-18,2.052612041154248,2.052612041154248,1.970507860183716,1.970507860183716,20400.0,63.57233146006428,71.91545380623204,64.0790532385531,75.03932000352741,76.21852269681511,10.47,42.0,-0.19,1.68
EZPW,1996-07-19,1.970507860183716,2.134717161736148,1.970507860183716,1.970507860183716,120600.0,63.57233146006428,71.77119217944191,64.00954903590119,74.07434046782122,76.11838190561595,10.34,41.0,-0.26,1.68
EZPW,1996-07-22,1.970507535067472,2.0936642560091885,1.970507535067472,2.03208589553833,42900.0,63.6843234630007,69.97007348249595,64.20306519100963,74.1561852866054,76.18121162092488,10.2,47.0,-0.29,1.61
EZPW,1996-07-23,2.0936643092670755,2.0936643092670755,1.888403415679932,1.888403415679932,34500.0,66.8613106672807,71.085146242133,65.2413272013072,74.62359709772936,76.53295207632861,10.04,55.0,-0.31,1.47
EZPW,1996-07-24,1.8884036083041984,1.970507786191743,1.7241943129177753,1.785772681236267,64200.0,67.20503204616828,70.80090856217922,65.75490539925002,74.65728139234233,76.70707507592928,9.87,58.0,-0.03,1.39
EZPW,1996-07-25,1.724194445373116,1.9294553756661137,1.724194445373116,1.8268253803253167,72900.0,66.28929735706907,70.84821616736096,65.8660527269477,74.44900374408778,76.50517334212098,9.74,59.0,-0.0,1.35
EZPW,1996-07-26,1.7652469379517015,1.970507860183716,1.7652469379517015,1.970507860183716,53100.0,69.33962166081427,72.18630588906221,66.32331177993206,74.35082690888393,76.77254499644704,9.58,60.0,-0.09,1.29
EZPW,1996-07-29,1.888403415679932,1.970507585192541,1.888403415679932,1.888403415679932,25500.0,70.18953071816853,72.58716111269021,66.57288548371369,74.5340132197671,76.88952084049038,9.42,63.0,-0.18,1.28
EZPW,1996-07-30,1.88840365710178,2.011560396921214,1.847351097291516,1.908929467201233,83400.0,69.71657761906664,72.55189921733539,66.34780752872487,74.45923994757251,76.78982960492442,9.25,61.0,-0.27,1.3
EZPW,1996-07-31,1.8473511189222336,1.970507860183716,1.8473511189222336,1.970507860183716,46200.0,69.45984573896988,72.87774978284224,66.48561394755036,73.92699808171945,76.85551070558049,9.07,63.0,-0.34,1.23
EZPW,1996-08-01,1.970507879372752,2.0936646218335486,1.88840369760268,2.011560440063477,30600.0,69.12473993967646,72.91530907950347,66.57091953377993,73.8868841733687,76.77795239724469,8.89,65.0,-0.37,1.2
EZPW,1996-08-02,2.0115602563941266,2.2578737188256,2.0115602563941266,2.134716987609864,163200.0,70.63632176872608,73.82925194954402,66.9643354426012,74.14478046403777,76.9726067087767,8.72,67.0,-0.37,1.12
EZPW,1996-08-05,2.2578737188256,2.298925336156651,2.134716987609864,2.134716987609864,55500.0,69.94137952650212,71.14504952575723,64.71078846145043,74.06802567551807,76.94261597348466,8.52,54.0,-0.37,1.29
EZPW,1996-08-06,2.1347168139588404,2.25787353515625,2.1347168139588404,2.25787353515625,28800.0,71.04222303778837,71.14504952575723,65.28789292965766,74.32137151836352,77.10963759092438,8.31,57.0,-0.55,1.16
EZPW,1996-08-07,2.134717247831759,2.2168214321136475,2.093664685885112,2.2168214321136475,101400.0,71.04222303778837,70.31092535017513,64.84821505559206,74.34897179218288,77.13336820568635,8.09,55.0,-0.53,1.23
EZPW,1996-08-08,2.257874168125884,2.257874168125884,2.1347174124028627,2.165506601333618,147900.0,71.36575760297119,69.51816325644779,64.94973848556627,74.09477026531852,77.1413687035559,7.87,56.0,-0.5,1.22
EZPW,1996-08-09,2.175768613815308,2.175768613815308,2.134716996316817,2.175768613815308,48300.0,71.38340314786329,69.52422143200366,64.71276800932587,74.03133391809689,77.01002350041625,7.66,55.0,-0.48,1.25
EZPW,1996-08-12,2.134716996316817,2.175768613815308,2.134716996316817,2.175768613815308,70500.0,71.38340314786329,69.40257379917908,64.45362547446373,73.69484638653263,76.5213733117514,7.45,50.0,-0.45,1.33
EZPW,1996-08-13,2.134716996316817,2.216821170925093,2.052611882097247,2.175768613815308,87000.0,71.38340314786329,69.27195909855521,64.45362547446373,73.69484638653263,76.0165779907945,7.26,50.5,-0.43,1.33
EZPW,1996-08-14,2.0936644306675207,2.134716987609864,2.0526118737251777,2.134716987609864,49500.0,70.74150804402304,69.27842672763931,64.46301737355651,73.67064640632836,75.91511886226017,7.06,53.0,-0.4,1.33
EZPW,1996-08-15,2.0936648702491563,2.0936648702491563,2.0526123046875,2.0526123046875,8700.0,71.39095803240973,68.71471116871633,64.69511707295709,73.7676480983668,75.98915768855218,6.9,57.0,-0.4,1.29
EZPW,1996-08-16,2.0526118737251777,2.134716987609864,2.0526118737251777,2.134716987609864,21600.0,72.38178586895903,68.97585768625379,64.74802543078827,73.8128121301942,76.06078604197918,6.77,60.0,-0.39,1.28
EZPW,1996-08-19,2.052612061142824,2.1347171825242737,2.011560440063477,2.011560440063477,20400.0,68.50220017163292,70.01521543276668,64.86541938524033,74.17174008270587,76.17483863734613,6.62,62.0,-0.43,1.26
EZPW,1996-08-20,2.0526123046875,2.0936648702491563,2.0526123046875,2.0526123046875,9600.0,68.73443190697654,70.14970799486015,64.95234501762658,74.20308416953083,76.20095639419021,6.47,64.0,-0.44,1.23
EZPW,1996-08-21,2.052612041154248,2.093664601445198,1.970507860183716,1.970507860183716,92100.0,68.73443190697654,70.18806402849818,65.26256069549713,74.28578685687478,76.19322884401653,6.32,67.0,-0.5,1.18
EZPW,1996-08-22,1.970507860183716,2.032086230814457,1.970507860183716,1.970507860183716,43500.0,67.70850563744783,70.18806402849818,65.20229878210402,66.81851923669008,76.19322884401653,6.16,66.0,-0.57,1.19
EZPW,1996-08-23,2.0115604634250785,2.0936646461486816,2.0115604634250785,2.0936646461486816,85500.0,69.61304263370232,70.27418516021658,65.86097366425813,67.12170319730895,76.31316066883352,6.03,73.0,-0.56,1.05
EZPW,1996-08-26,2.011560440063477,2.011560440063477,2.011560440063477,2.011560440063477,5400.0,64.07821921181397,70.63894531260013,66.09671650531877,66.80808602815948,76.39029970842572,5.88,75.0,-0.59,1.01
EZPW,1996-08-27,2.011560420474666,2.052612041154248,1.970507860183716,1.970507860183716,12600.0,59.97048105400098,68.825034836039,66.17149147891068,66.6090158972473,76.38782600394987,5.74,76.0,-0.65,1.0
EZPW,1996-08-28,1.99103392615076,2.0526123046875,1.9705081131756763,2.0526123046875,112200.0,61.12641811661126,69.3253606060211,66.22552887900696,66.14369533242096,76.46637697111133,5.6,77.0,-0.66,0.95
EZPW,1996-08-29,1.970507879372752,2.052612061142824,1.970507879372752,2.011560440063477,89100.0,61.44510156887706,62.16083343184212,66.3016001148851,66.04461645410353,76.49371104364488,5.46,78.0,-0.69,0.94
EZPW,1996-08-30,2.052612041154248,2.052612041154248,1.970507860183716,1.970507860183716,13500.0,61.754976372349915,62.27283520618509,66.30160659658449,66.09492237516204,76.40793826302735,5.32,79.0,-0.75,0.96
EZPW,1996-09-03,1.9705081131756763,2.0526123046875,1.9294555476140205,2.0526123046875,45300.0,62.25681326638083,62.49233113030351,66.55713664575119,65.51118728653132,76.25331967752194,5.17,85.0,-0.75,0.9
EZPW,1996-09-04,2.0526118737251777,2.1757686049409144,2.0115602563941266,2.134716987609864,287100.0,59.15279503331631,63.04122729192585,66.58938689105278,65.08559114521873,76.32325368155077,5.01,88.0,-0.71,0.89
EZPW,1996-09-05,2.052611882097247,2.175768613815308,2.052611882097247,2.175768613815308,167700.0,56.477919484709425,62.70613047504887,66.66208432597668,64.57223429133695,76.31412727531145,4.85,89.0,-0.69,0.87
EZPW,1996-09-06,2.0526123046875,2.0526123046875,2.0526123046875,2.0526123046875,8700.0,59.275494968304834,62.82780058012709,67.0433995806468,64.69757008318521,76.51102579692459,4.68,91.0,-0.69,0.82
EZPW,1996-09-09,2.0526123046875,2.17576906176098,2.0526123046875,2.0526123046875,26100.0,55.226625792216986,62.32719466266047,66.40223875820095,64.46038080620151,76.47986075145,4.49,82.0,-0.69,0.9
EZPW,1996-09-10,2.052612061142824,2.0936646218335486,2.011560440063477,2.011560440063477,71400.0,54.04918157624523,62.44261164451811,66.40223875820095,63.437991046804164,76.37567487661873,4.3,82.5,-0.69,0.9
EZPW,1996-09-11,2.0115604634250785,2.1347172073161773,2.0115604634250785,2.0936646461486816,111600.0,55.10965980480888,62.58816198137131,66.62009690242925,63.58925528202464,76.4415281982086,4.1,91.0,-0.64,0.83
EZPW,1996-09-12,2.0115604634250785,2.1757688288722847,2.0115604634250785,2.0936646461486816,32400.0,54.43853905720758,62.094033712394406,66.52963163584631,63.58925528202464,76.30919059215698,3.89,86.0,-0.56,0.84
EZPW,1996-09-13,2.0936644306675207,2.216821161883257,2.0115602563941266,2.134716987609864,87900.0,54.40397695601469,61.78163776168486,66.59494316106704,63.61129698931409,76.19260496604046,3.66,92.0,-0.48,0.81
EZPW,1996-09-16,2.0936646461486816,2.1347172073161773,2.0936646461486816,2.0936646461486816,88200.0,51.91195490424888,61.46455211939929,66.57779611466229,63.35043356920402,75.86616463550334,3.42,91.0,-0.4,0.82
EZPW,1996-09-17,2.093664685885112,2.2168214321136475,2.093664685885112,2.2168214321136475,21000.0,54.55012507568415,62.20432632512518,65.87864050341186,63.6897625291795,75.50188819545403,3.11,75.0,-0.41,0.87
EZPW,1996-09-18,2.0936644392070325,2.216821170925093,2.0936644392070325,2.175768613815308,15600.0,52.276682433662835,61.846344231030294,65.61615074048899,63.123072533001604,74.98546080994502,2.73,71.0,-0.35,0.91
EZPW,1996-09-19,2.093664685885112,2.2168214321136475,2.093664685885112,2.2168214321136475,42600.0,52.32524124586849,61.85863071499125,64.9806636878218,63.09897682918433,74.82076971271238,2.26,66.0,-0.37,1.04
EZPW,1996-09-20,2.0936644392070325,2.216821170925093,2.0936644392070325,2.175768613815308,37500.0,52.159041552788345,61.97713473604553,64.98093485878131,63.071466725274874,74.80676783430262,2.25,67.0,-0.38,1.06
EZPW,1996-09-23,2.1757688288722847,2.1757688288722847,2.0936646461486816,2.0936646461486816,61200.0,53.31957974167973,62.468281973133784,64.98607856229852,62.70633648008711,74.4681082132108,2.24,68.0,-0.36,1.1
EZPW,1996-09-24,2.134716987609864,2.134716987609864,2.0526118737251777,2.134716987609864,22800.0,53.65610898763576,62.60753262358938,64.99718224126987,62.68040119491381,73.75584452393727,2.23,69.0,-0.35,1.07
EZPW,1996-09-25,2.0526118737251777,2.134716987609864,2.0526118737251777,2.134716987609864,23100.0,53.65610898763576,62.60753262358938,64.92680928862364,62.68040119491381,73.71767194095194,2.23,63.0,-0.35,1.08
EZPW,1996-09-26,2.17576906176098,2.17576906176098,2.0526123046875,2.0526123046875,25200.0,54.56844975494148,62.64573934105514,65.22465026655341,61.98090917189648,73.67705437933779,2.23,71.0,-0.37,1.04
EZPW,1996-09-27,2.0936646461486816,2.1347172073161773,2.052612084981186,2.0936646461486816,102000.0,53.67905706050684,62.65606785922746,65.23059458708207,61.59158196221104,73.70204757755748,2.24,71.0,-0.37,1.01
EZPW,1996-09-30,2.0526118737251777,2.134716987609864,2.0526118737251777,2.134716987609864,54900.0,52.74155953587501,62.79078718534987,65.22465026655341,61.58986782996112,73.68555520152009,2.24,69.5,-0.35,1.0
EZPW,1996-10-01,2.052612084981186,2.2168213900397804,2.052612084981186,2.0936646461486816,32700.0,50.029579762074306,59.47305072548891,63.49459365661924,61.449113386033446,73.39448217778434,2.24,32.0,-0.31,1.18
EZPW,1996-10-02,2.1757688288722847,2.20655801484506,2.0936646461486816,2.0936646461486816,62400.0,49.70907923007136,59.47305072548891,62.87160122494132,61.449113386033446,73.35826653668379,2.24,30.0,-0.31,1.28
EZPW,1996-10-03,2.0936644306675207,2.1757686049409144,2.0936644306675207,2.134716987609864,135600.0,48.38934702732975,59.021129230300865,62.302896706041096,61.445592797303625,73.38240575936803,2.25,30.0,-0.26,1.41
EZPW,1996-10-04,2.175768870167,2.298925616395536,2.134717247831759,2.2168214321136475,189600.0,49.43351733683042,58.85892018164469,61.95372794537802,61.60576239710993,73.44381879348667,2.26,29.0,-0.3,1.43
EZPW,1996-10-07,2.175768613815308,2.298925345533368,2.0936644392070325,2.175768613815308,263700.0,46.8033904963355,58.82146000114129,62.027643592102756,61.4526147089812,73.46945032591503,2.26,30.0,-0.31,1.42
EZPW,1996-10-08,2.175768613815308,2.175768613815308,2.0936644392070325,2.175768613815308,236100.0,45.14350941161627,55.076727688161206,61.94793219508542,61.43866349009335,72.50097332698776,2.26,28.0,-0.32,1.43
EZPW,1996-10-09,2.1757686049409144,2.216821161883257,2.0936644306675207,2.134716987609864,381000.0,45.07546817889603,52.64021211555531,61.94178697209608,61.3602850837787,72.49011679431217,2.25,27.0,-0.3,1.44
EZPW,1996-10-10,2.0936644306675207,2.216821161883257,2.0936644306675207,2.134716987609864,212400.0,43.601520664884816,52.64021211555531,61.86354871003572,61.31027290917581,72.44448745329733,2.25,26.0,-0.29,1.47
EZPW,1996-10-11,2.1347172073161773,2.2168213900397804,2.0936646461486816,2.0936646461486816,209100.0,43.56847522630727,52.81137646399553,61.26009143897382,61.35581092492092,72.43419562232766,2.26,20.0,-0.27,1.63
EZPW,1996-10-14,2.2168214321136475,2.2168214321136475,2.093664685885112,2.2168214321136475,108000.0,45.93057513484419,54.04928857864254,61.77693615680037,59.49525876563647,72.60648736615258,2.26,26.0,-0.29,1.48
EZPW,1996-10-15,2.216821161883257,2.3399778930989936,2.134716987609864,2.134716987609864,62100.0,46.090211426708215,54.31266534067937,62.05253091287638,59.62206352319429,72.66262730392921,2.25,31.0,-0.29,1.43
EZPW,1996-10-16,2.0936644306675207,2.1757686049409144,2.0936644306675207,2.134716987609864,144300.0,44.666461646844155,52.06930664368765,62.05253091287638,59.21908119167429,72.01390708322586,2.24,30.5,-0.29,1.43
EZPW,1996-10-17,2.134716849073141,2.4220819101865345,2.134716849073141,2.339977741241455,362700.0,51.77495298723508,53.81945410007878,63.41558420768705,60.15971280238469,72.4221193667267,2.22,34.0,-0.27,1.27
EZPW,1996-10-18,2.298925468046218,2.5862915039062497,2.298925468046218,2.463134765625,393600.0,50.331763499836825,54.54605103472709,63.909438651207594,60.45769451047889,72.59426214741391,2.2,39.0,0.15,1.14
EZPW,1996-10-21,2.4631346145787885,2.668395519256592,2.4631346145787885,2.668395519256592,166200.0,54.65269094736659,54.79258363705459,64.48978716316043,60.73271973495608,72.69039598928735,2.17,50.0,2.5,1.08
EZPW,1996-10-22,2.668395486100053,2.709448042370024,2.5862913131713867,2.5862913131713867,168900.0,55.25183079990169,54.420657357400394,64.6203463825038,60.44971831661115,72.6050175059781,2.14,52.0,2.57,1.06
EZPW,1996-10-23,2.7094483125867472,2.7094483125867472,2.5041873899885108,2.6273441314697266,108300.0,54.48721658329029,54.45163969340994,63.30343950375218,60.02447111893521,72.21921631849725,2.13,30.0,2.71,1.17
EZPW,1996-10-24,2.586291651176273,2.9147093254234284,2.586291651176273,2.873657703399658,563400.0,59.37619536267239,56.88778842312626,64.78325258344844,60.92068066014998,72.27774397139586,2.09,57.0,4.76,0.97
EZPW,1996-10-25,2.914709061320774,2.914709061320774,2.7915523271859337,2.8326048851013184,115200.0,59.74501476277806,56.96347049927921,60.510431722475154,60.91164799202888,71.87819965215783,2.12,7.0,4.88,0.09
EZPW,1996-10-28,2.791552249985531,2.9147089807144706,2.627343902087804,2.668395519256592,75900.0,62.513556002312555,57.395989115412696,61.30034606527847,61.346198032632685,71.9359273805604,2.14,16.0,4.29,0.01
EZPW,1996-10-29,2.6273440847982514,2.6273440847982514,2.463134785869813,2.5041873455047607,50700.0,64.04659567333002,59.0245859042925,61.87584341654908,61.82748658878504,71.14125722461293,2.15,22.0,3.82,-0.03
EZPW,1996-10-30,2.463134583972749,2.5862913131713867,2.463134583972749,2.5862913131713867,68100.0,64.17587380170964,58.30088470705989,62.07128985122945,61.936283173509466,70.47217646528539,2.16,29.0,3.29,-0.07
EZPW,1996-10-31,2.5862915711055314,2.6273441314697266,2.463134829624316,2.6273441314697266,43200.0,64.12998555838514,58.20468725377776,61.862768968869,61.95931178489538,70.48527105725643,2.17,21.0,2.89,-0.03
EZPW,1996-11-01,2.6683960116185768,2.7094485759735107,2.6068176348919057,2.7094485759735107,87300.0,64.09994613535397,58.22029542298579,61.36959612226277,61.67420528817551,70.50323196155115,2.18,18.0,2.44,0.01
EZPW,1996-11-04,2.586291822520169,2.7094485759735107,2.586291822520169,2.7094485759735107,37500.0,62.666255600248924,58.22491373730758,61.1153767898512,61.67420528817551,70.28915098534488,2.2,12.0,2.09,0.06
EZPW,1996-11-05,2.6273441314697266,2.7094483125867472,2.545239010741336,2.6273441314697266,144000.0,63.59437388065465,58.64742546453024,61.33357294970174,61.60406947284155,70.18416545083372,2.21,18.0,1.77,0.02
EZPW,1996-11-06,2.545238870421815,2.6273439866237345,2.545238870421815,2.565765619277954,75000.0,64.18738584538072,58.90256774556482,61.15657011790327,61.63596100638801,69.74805463453872,2.23,15.0,1.47,0.05
EZPW,1996-11-07,2.5452389655283554,2.5452389655283554,2.463134785869813,2.5041873455047607,44100.0,63.411981065887026,58.99519371723112,61.027967348744085,61.70920708992218,69.79799612088888,2.24,8.0,1.28,0.08
EZPW,1996-11-08,2.545239010741336,2.6273441314697266,2.545239010741336,2.6273441314697266,223200.0,64.43983561438266,59.05874214248272,61.17052191098098,61.921739579594195,69.88205017345858,2.26,18.0,1.01,0.05
EZPW,1996-11-11,2.5862915711055314,2.6273441314697266,2.5862915711055314,2.6273441314697266,9900.0,64.3752799826973,58.60820904734651,60.94338696687219,61.873526316192965,69.42107689098343,2.26,8.0,0.78,0.09
EZPW,1996-11-12,2.5862913131713867,2.668395486100053,2.545238756901415,2.5862913131713867,77100.0,64.25348228671277,57.274996127676104,60.729413490021486,61.906097066394636,69.38427513544015,2.27,8.0,0.57,0.13
EZPW,1996-11-13,2.627344091179517,2.627344091179517,2.545238971710205,2.545238971710205,4500.0,64.57245255200066,57.323188611745444,60.527713143975745,61.93930819345004,69.36385839307502,2.28,8.0,0.41,0.17
EZPW,1996-11-14,2.545238971710205,2.627344091179517,2.545238971710205,2.545238971710205,11700.0,64.48034125373152,56.578114722201725,60.44691058373072,61.88959139920299,69.30466243428022,2.29,7.0,0.25,0.18
EZPW,1996-11-15,2.545238971710205,2.627344091179517,2.545238971710205,2.545238971710205,122700.0,63.78302986117048,56.578114722201725,60.44691058373072,61.88959139920299,69.2871598849328,2.3,7.5,0.11,0.18
EZPW,1996-11-18,2.504187486517367,2.504187486517367,2.134717247831759,2.2168214321136475,157200.0,75.8330007834464,62.47864199083204,64.37778350273624,63.67733986931411,70.68207734795607,2.27,48.0,0.11,0.88
EZPW,1996-11-19,2.298925399780273,2.339977957858761,2.257873781313104,2.298925399780273,93000.0,76.53628778586426,62.30045758243238,64.63612183581814,63.78423141364797,70.53456364811494,2.23,53.0,0.08,0.83
EZPW,1996-11-20,2.257873829173203,2.463134744693917,2.257873829173203,2.42208218574524,139200.0,77.62413619210147,62.943567626203844,65.15742956197533,63.91847998598566,70.6652439389112,2.18,67.0,0.01,0.74
EZPW,1996-11-21,2.3399782350174165,2.4631349842288595,2.3399782350174165,2.381030797958374,106500.0,77.86243319097531,62.59251544601986,64.92791140244691,63.90877187772934,70.441952064867,2.12,60.0,-0.06,0.79
EZPW,1996-11-22,2.4220822262348647,2.5041873455047607,2.38103060621127,2.5041873455047607,144900.0,78.69228122766086,63.17072820845534,65.33865950550943,64.17882968803552,70.60704697315826,2.07,74.0,-0.17,0.72
EZPW,1996-11-25,2.5041873455047607,2.586291525163303,2.463134785869813,2.5041873455047607,56700.0,77.19067701122341,62.973392351059964,65.33865950550943,64.02384839515045,70.55661296386032,2.01,73.5,-0.28,0.72
EZPW,1996-11-26,2.504187324922532,2.5862915039062497,2.463134765625,2.463134765625,40800.0,76.43358348876794,62.63681050966774,63.39175039892696,62.78933898389252,70.53304272228058,1.99,34.0,-0.35,0.8
EZPW,1996-11-27,2.463134785869813,2.586291525163303,2.463134785869813,2.5041873455047607,40500.0,76.49405527332434,62.24838175682494,63.43123417796781,62.788306452933284,70.48252604465314,1.97,35.0,-0.43,0.79
EZPW,1996-11-29,2.463134765625,2.463134765625,2.463134765625,2.463134765625,300.0,72.17240378920546,62.27534543692461,63.19982926803716,62.52194428732668,70.50709450717723,1.95,31.0,-0.49,0.83
EZPW,1996-12-02,2.463134765625,2.463134765625,2.463134765625,2.463134765625,23400.0,70.62471694084967,60.995846349607966,62.82982501632115,62.52194428732668,70.50709450717723,1.93,28.0,-0.55,0.91
EZPW,1996-12-03,2.4631349842288595,2.4631349842288595,2.381030797958374,2.381030797958374,99900.0,67.03271563752563,61.46188957888216,62.983938496349644,62.50758496335179,70.530583534179,1.91,30.0,-0.56,0.88
EZPW,1996-12-04,2.38103025635366,2.4631344239481945,2.25787353515625,2.25787353515625,113100.0,68.10144718668076,62.344130123527734,61.55545759418123,62.68228217370021,65.22864404117401,1.93,15.0,-0.57,0.82
EZPW,1996-12-05,2.2168210180182206,2.339977741241455,2.2168210180182206,2.339977741241455,56400.0,68.8597891056553,62.238384131477275,60.42970035599594,62.826179880514985,65.26735270363696,1.96,1.0,-0.57,0.93
EZPW,1996-12-06,2.134716987609864,2.298925336156651,2.134716987609864,2.134716987609864,28500.0,67.52188437253031,65.13182989563045,62.226851619000556,63.72557105666734,65.5681126918095,1.97,28.0,-0.56,0.8
EZPW,1996-12-09,2.298925345533368,2.298925345533368,2.134716996316817,2.175768613815308,31500.0,68.022657069198,65.12723812533687,62.2940447650024,63.732314317800565,65.41298216633493,1.98,29.0,-0.54,0.79
EZPW,1996-12-10,2.298925399780273,2.298925399780273,2.1347170466889582,2.298925399780273,66300.0,68.68672006760741,65.94670676942262,62.88216230602395,63.926593545964664,65.17638634763254,1.98,33.0,-0.53,0.7
EZPW,1996-12-11,2.278399805227916,2.278399805227916,2.2168214321136475,2.2168214321136475,86700.0,67.10859365932573,65.36162292176904,62.9908814536741,63.75029017521017,65.17888660902501,1.99,35.0,-0.51,0.66
EZPW,1996-12-12,2.1347168139588404,2.2989251491479097,2.1347168139588404,2.25787353515625,97200.0,66.57326045799795,65.34999504037441,61.913974673382235,63.78724901363736,65.20120380177228,1.99,21.0,-0.49,0.81
EZPW,1996-12-13,2.134716996316817,2.257873728034878,2.134716996316817,2.175768613815308,60600.0,66.93334506210775,65.68888620304449,61.538413655588286,63.938473869366184,64.77059127940863,2.0,16.0,-0.49,0.87
EZPW,1996-12-16,2.2527415711390955,2.2527415711390955,2.175768613815308,2.175768613815308,19800.0,66.04111767395544,65.577090011987,61.44901167849712,63.90020940517223,64.3529721975386,2.01,16.0,-0.49,0.88
EZPW,1996-12-17,2.1757684279505,2.25787353515625,2.1757684279505,2.25787353515625,27000.0,67.2588670263317,65.51108144736494,60.56447242845381,64.01255908773685,64.0570894743744,2.02,6.0,-0.47,0.97
EZPW,1996-12-18,2.175768613815308,2.175768613815308,2.134716996316817,2.175768613815308,34200.0,67.48307547984726,65.8635006159528,60.46887036087472,64.12512258279186,63.98514613949594,2.03,4.0,-0.45,0.99
EZPW,1996-12-19,2.257873848360032,2.257873848360032,2.134717110078782,2.155242919921875,24900.0,67.28940154991191,65.89409049553198,60.474412205248264,64.13492922056572,63.82212874640108,2.04,5.0,-0.43,0.98
EZPW,1996-12-20,2.134716987609864,2.2578737188256,2.134716987609864,2.134716987609864,112800.0,67.07297308463389,65.41567175896762,60.29880606328,63.98222589682343,63.061563274101815,2.05,1.0,-0.41,1.01
EZPW,1996-12-23,2.2578737188256,2.2578737188256,2.0115602563941266,2.134716987609864,253500.0,65.17226472214644,65.29385463867237,60.215078773122684,63.98222589682343,63.05090837263392,2.06,1.0,-0.4,1.03
EZPW,1996-12-24,2.0526123046875,2.1347174358108125,2.0526123046875,2.0526123046875,91200.0,65.79864052584934,65.66626357833476,59.79661904252097,64.10914238208588,63.17957741779453,2.07,1.0,-0.41,1.07
EZPW,1996-12-26,1.970507860183716,2.011560420474666,1.888403679213184,1.970507860183716,221100.0,66.44575532382362,66.07274959706186,60.13995906789662,64.247077674544,63.30632264253151,2.09,2.0,-0.43,0.99
EZPW,1996-12-27,1.9294555476140205,2.0526123046875,1.9294555476140205,2.0526123046875,412500.0,67.95411173146792,66.62673566289602,59.82032303643386,64.27976799162222,63.21652996881265,2.12,2.0,-0.44,1.03
EZPW,1996-12-30,2.1347172073161773,2.1757688288722847,2.0115604634250785,2.0936646461486816,187800.0,68.3767423008842,66.6316503306814,59.8444931965448,64.32475301281701,63.2441150226267,2.14,3.0,-0.44,1.03
EZPW,1996-12-31,2.0936646461486816,2.2168213900397804,2.0115604634250785,2.0936646461486816,144600.0,68.3767423008842,66.15802076129455,59.73226477596349,64.1770032336686,62.796503812186664,2.17,1.0,-0.45,1.07
EZPW,1997-01-02,2.216820981553375,2.25787353515625,2.093664260355965,2.25787353515625,50700.0,60.18191759812156,67.87360063734232,60.92980505967653,64.42483471978673,63.19661703213434,2.18,17.0,-0.45,0.92
EZPW,1997-01-03,2.1757684279505,2.25787353515625,2.1347168139588404,2.25787353515625,35700.0,59.219672753986394,67.87360063734232,60.92980505967653,64.37763823549926,63.146190396992,2.19,17.5,-0.46,0.92
EZPW,1997-01-06,2.134717247831759,2.2578739940602945,2.134717247831759,2.2168214321136475,76200.0,57.252101143095835,67.86510308742493,61.0022271115272,64.36764196490368,62.7895034200946,2.19,20.0,-0.46,0.9
EZPW,1997-01-07,2.1757684279505,2.25787353515625,2.1757684279505,2.25787353515625,80400.0,57.41264583623975,67.96195408694646,60.99093876153984,64.34940325572278,62.768251082148105,2.2,20.0,-0.46,0.91
EZPW,1997-01-08,2.175768665156128,2.298925399780273,2.175768665156128,2.298925399780273,85800.0,55.591435085663846,67.91613774118257,60.7168369357614,64.38126992744648,62.79129374864154,2.21,16.0,-0.46,0.98
EZPW,1997-01-09,2.2989251491479097,2.2989251491479097,2.1757684279505,2.25787353515625,49800.0,55.75618464585911,67.02919014552702,60.482317986943826,64.36544672737983,62.196226454571736,2.22,13.0,-0.46,1.02
EZPW,1997-01-10,2.175768613815308,2.216821170925093,2.175768613815308,2.175768613815308,21900.0,56.486422770276,67.0123988734219,60.01988225073619,63.7697444539062,62.00448910428334,2.24,5.0,-0.44,1.1
EZPW,1997-01-13,2.1757690029797327,2.298925756725972,2.1757690029797327,2.27839994430542,212100.0,58.05421672501062,67.66562852268623,60.37274638032698,63.809442438218944,62.14337321169342,2.24,9.0,-0.43,1.03
EZPW,1997-01-14,2.237346979674338,2.278399536784124,2.175768613815308,2.175768613815308,94500.0,59.26585314708114,65.6401288506646,60.47147459589388,63.65016480254724,62.18600556771497,2.25,14.0,-0.41,1.01
EZPW,1997-01-15,2.1757690029797327,2.27839994430542,2.1757690029797327,2.27839994430542,64200.0,61.0247185446631,65.47083913377712,60.893427280142845,63.841420652453074,62.354272446764924,2.24,22.0,-0.39,0.93
EZPW,1997-01-16,2.2989251491479097,2.339977702750785,2.216820981553375,2.25787353515625,225000.0,60.3381966950046,63.25142687008252,60.17020833392516,63.695631929382415,62.33005810634336,2.24,7.0,-0.38,1.04
EZPW,1997-01-17,2.339977854774112,2.627343869441358,2.2989252985041406,2.5862913131713867,408600.0,70.37678847010181,69.04046307325925,63.51790542611396,65.64705035353164,63.78420802525848,2.22,66.0,-0.47,1.54
EZPW,1997-01-20,2.62734429638126,2.62734429638126,2.381030797958374,2.381030797958374,137400.0,74.0861774953064,71.00107182444756,64.84379510853886,66.34829500529598,64.19537990542786,2.2,73.0,-0.47,1.37
EZPW,1997-01-21,2.381030797958374,2.5452391704993453,2.381030797958374,2.381030797958374,26100.0,68.72177762073304,68.40968836868109,64.54307188983105,66.34829500529598,64.18554137611656,2.18,70.0,-0.48,1.45
EZPW,1997-01-22,2.4631349842288595,2.5452391704993453,2.381030797958374,2.381030797958374,27600.0,68.57225027254957,68.37212425220905,64.44989283557258,66.3055554622865,64.1006579929304,2.16,69.0,-0.48,1.47
EZPW,1997-01-23,2.381030797958374,2.504187547169817,2.381030797958374,2.381030797958374,8400.0,66.77345040170198,67.33978303548305,64.35128669929281,66.26067380478916,64.06738359190035,2.14,68.0,-0.48,1.5
EZPW,1997-01-24,2.381030797958374,2.5452391704993453,2.381030797958374,2.381030797958374,13200.0,65.82204190195672,66.10432855287127,64.04825106708468,65.30001744096154,64.06738359190035,2.11,68.0,-0.48,1.58
EZPW,1997-01-27,2.5452391704993453,2.5452391704993453,2.381030797958374,2.381030797958374,24900.0,65.64986565440555,65.74399369286347,63.76201382181684,64.95452203738749,62.551290911572444,2.08,67.0,-0.49,1.65
EZPW,1997-01-28,2.38103029551961,2.4220819101865345,2.257873572296376,2.339977741241455,118800.0,64.88295326938403,65.72606480532043,63.76320498084134,64.65207595776899,62.54746552938647,2.04,68.0,-0.5,1.66
EZPW,1997-01-29,2.25787353515625,2.2989251491479097,2.25787353515625,2.25787353515625,23100.0,65.81806556592538,65.72556994787746,63.331125150954236,64.44699322305728,62.37591925982107,1.99,62.0,-0.47,1.74
EZPW,1997-01-30,2.25787353515625,2.339977702750785,2.25787353515625,2.25787353515625,26700.0,64.93661401370913,65.72556994787746,63.331125150954236,64.44699322305728,62.34543277940868,1.96,62.5,-0.45,1.74
EZPW,1997-01-31,2.2989256720764595,2.381030797958374,2.257874048746931,2.381030797958374,65400.0,65.71987233196167,66.4578684071057,63.77551291754309,64.7052461019333,62.56868401586018,1.92,71.0,-0.44,1.63
EZPW,1997-02-03,2.422082283063589,2.422082283063589,2.2989255408805023,2.360503911972046,30000.0,65.706763188183,66.31572133058634,63.49851306787786,64.66892333729443,62.274014000351585,1.88,68.0,-0.43,1.71
EZPW,1997-02-04,2.339978120265863,2.4631348634377503,2.339978120265863,2.401556491851806,66600.0,65.71942207992896,66.24929772442086,63.54919172969772,64.65902598212475,62.00553900270087,1.84,70.0,-0.43,1.69
EZPW,1997-02-05,2.3399782350174165,2.504187547169817,2.3399782350174165,2.381030797958374,332400.0,65.81100339170254,65.48296495427111,63.50223209932005,64.31877679661687,61.70777783215951,1.8,69.0,-0.42,1.71
EZPW,1997-02-06,2.339977741241455,2.4220819101865345,2.339977741241455,2.339977741241455,53700.0,64.87305644472315,65.56131115638773,63.48638772327434,64.26399786929944,61.73440651347485,1.76,67.0,-0.4,1.71
EZPW,1997-02-07,2.339978007459221,2.463134744693917,2.339978007459221,2.42208218574524,59100.0,63.98016249386372,65.91644117698779,63.0776120637213,64.37854347777079,61.794912287817674,1.72,60.0,-0.42,1.8
EZPW,1997-02-10,2.4220824212879024,2.4631349842288595,2.381030797958374,2.381030797958374,26400.0,63.5103025281595,65.9273857299324,63.0654936079559,64.41292932686306,61.82059704893697,1.7,60.0,-0.42,1.81
EZPW,1997-02-11,2.381030566407899,2.42208218574524,2.381030566407899,2.42208218574524,26100.0,63.46008083792142,66.03268873886053,63.054525885089305,64.26720105090521,61.8423691032018,1.68,60.0,-0.44,1.81
EZPW,1997-02-12,2.381030566407899,2.463134744693917,2.381030566407899,2.42208218574524,44700.0,63.46008083792142,66.03268873886053,62.97656429269993,64.26720105090521,61.8423691032018,1.66,58.0,-0.45,1.83
EZPW,1997-02-13,2.3810305866412818,2.463134765625,2.3810305866412818,2.463134765625,62100.0,59.96555392490672,59.59072338977871,62.70390111795246,63.932699447036825,61.863193730490664,1.64,55.0,-0.45,1.9
EZPW,1997-02-14,2.42208218574524,2.42208218574524,2.42208218574524,2.42208218574524,900.0,60.23344807044304,59.26713351997741,62.70593965571175,63.92351020858824,61.607122012667105,1.62,56.0,-0.44,1.9
EZPW,1997-02-18,2.42208218574524,2.545238922979935,2.42208218574524,2.42208218574524,26700.0,59.91972459557451,58.29418644566077,62.70593965571175,63.19759374320776,61.607122012667105,1.6,56.5,-0.43,1.9
EZPW,1997-02-19,2.5041873036425946,2.5041873036425946,2.42208218574524,2.42208218574524,146400.0,59.74574565077495,58.18525103562394,62.36958885294089,63.195897604790915,61.477943279973324,1.57,55.0,-0.41,1.99
EZPW,1997-02-20,2.339978007459221,2.5041873036425946,2.339978007459221,2.42208218574524,30900.0,59.56282311950842,57.239085065260184,62.30210678379314,60.69851008523308,61.447912658753104,1.54,54.0,-0.38,2.02
EZPW,1997-02-21,2.4220824212879024,2.4220824212879024,2.381030797958374,2.381030797958374,32400.0,59.53677800450762,57.33911618004065,62.30378541632283,60.73334810138646,61.473299201908894,1.51,56.0,-0.35,2.02
EZPW,1997-02-24,2.463134765625,2.463134765625,2.3810305866412818,2.463134765625,79800.0,59.066613792790804,57.680184020369694,62.431809073307,60.70690299331054,61.53505390727065,1.51,58.0,-0.33,1.98
EZPW,1997-02-25,2.463134744693917,2.5041873036425946,2.42208218574524,2.42208218574524,45600.0,57.98749612589283,57.67675519863707,62.49991965946781,60.741747133649405,61.527093627948624,1.51,59.0,-0.3,1.96
EZPW,1997-02-26,2.381030797958374,2.504187547169817,2.381030797958374,2.381030797958374,60300.0,56.485646321207426,57.68355013802376,62.50159297925107,60.62648694441257,61.552447513904895,1.51,59.0,-0.26,1.96
EZPW,1997-02-27,2.381030566407899,2.463134744693917,2.381030566407899,2.42208218574524,241500.0,55.173578897391806,57.79696995090025,62.278974915228524,60.30093000947502,61.574756856522995,1.51,52.0,-0.25,2.03
EZPW,1997-02-28,2.38103068119362,2.4631348634377503,2.38103068119362,2.401556491851806,50100.0,55.164378763746825,57.39898248064254,62.21844576213,60.15403073351182,61.54757985629149,1.51,50.0,-0.22,2.05
EZPW,1997-03-03,2.381030797958374,2.4631349842288595,2.381030797958374,2.381030797958374,32400.0,37.92334076525638,56.35031706489285,62.23683090724816,60.16329224750323,61.55443724336206,1.5,51.0,-0.18,2.04
EZPW,1997-03-04,2.381030566407899,2.42208218574524,2.381030566407899,2.42208218574524,84300.0,29.805100452350707,55.98669171260282,62.20638546289107,60.03116055163572,61.30427525976933,1.5,48.0,-0.13,2.05
EZPW,1997-03-05,2.381030611994292,2.586291531444861,2.381030611994292,2.545238971710205,153600.0,33.01606731166085,53.46398306191964,62.67722082882252,60.156723634824814,61.47439008374618,1.5,59.0,-0.13,1.91
EZPW,1997-03-06,2.586291525163303,2.668395704821846,2.5041873455047607,2.5041873455047607,120900.0,33.44476247947815,53.499046195509706,62.6520615158361,60.023446400758914,61.37752235504561,1.5,58.0,-0.09,1.92
EZPW,1997-03-07,2.5041873515869044,2.545238971710205,2.5041873515869044,2.545238971710205,8100.0,33.70476223729215,52.44664332402236,62.0656981076752,59.91577726662409,61.36419608966863,1.5,44.0,-0.11,2.07
EZPW,1997-03-10,2.6273440847982514,2.6273440847982514,2.5041873455047607,2.5041873455047607,67800.0,34.12480672550373,51.98318460848398,61.814214657667755,59.80155745994629,61.387796643466054,1.5,39.0,-0.07,2.14
EZPW,1997-03-11,2.5041872519321737,2.5862914285227747,2.5041872519321737,2.565765619277954,40500.0,34.74156714729207,52.07705810840284,61.918448871670094,59.7116875836618,61.316598996621806,1.5,43.0,-0.05,2.11
EZPW,1997-03-12,2.58629167271912,2.627344234696242,2.5452391107419983,2.606817483901977,72300.0,34.42354986511085,51.50295370462952,60.26113350051957,59.695199714645774,60.39576402845229,1.51,9.0,-0.12,2.37
EZPW,1997-03-13,2.545238971710205,2.6068173415065115,2.545238971710205,2.545238971710205,191400.0,33.406376977060035,51.794864943532026,59.84709122541585,59.767244682605735,60.42120623719796,1.52,5.0,-0.15,2.49
EZPW,1997-03-14,2.545238971710205,2.586291531444861,2.545238971710205,2.545238971710205,61200.0,33.406376977060035,51.29716393348288,58.46620651478736,59.767244682605735,60.200235539408396,1.55,1.0,-0.11,2.8
EZPW,1997-03-17,2.545238756901415,2.627343869441358,2.545238756901415,2.5862913131713867,64500.0,30.24717226184323,50.72159568333272,58.31398202509709,59.79433031387315,60.220605115235095,1.57,1.0,-0.11,2.86
EZPW,1997-03-18,2.627344091179517,2.627344091179517,2.545238971710205,2.545238971710205,33300.0,30.561160771837763,50.80701027872643,58.31352686617552,59.82751811694838,60.13410275773987,1.61,1.0,-0.07,2.86
EZPW,1997-03-19,2.545238756901415,2.5862913131713867,2.545238756901415,2.5862913131713867,9900.0,30.511237118601738,50.811962848939004,56.56859787446519,59.67827802705046,60.05035232221473,1.68,1.0,-0.33,3.19
EZPW,1997-03-20,2.545238756901415,2.627343869441358,2.545238756901415,2.5862913131713867,70500.0,30.34196444027706,50.811962848939004,56.52835760231242,59.64002301282576,60.05035232221473,1.76,1.0,-0.56,3.21
EZPW,1997-03-21,2.5862913131713867,2.5862913131713867,2.5862913131713867,2.5862913131713867,0.0,29.75134061803984,50.04341062360517,55.73627166973212,59.64002301282576,60.022878433022,1.86,1.0,-0.56,3.5
EZPW,1997-03-24,2.627344091179517,2.627344091179517,2.545238971710205,2.545238971710205,118500.0,28.739032509676527,49.350737993406035,54.86846586587488,58.47663303545454,60.01697772609529,1.99,1.0,-0.57,3.81
EZPW,1997-03-25,2.545238971710205,2.627344091179517,2.545238971710205,2.545238971710205,281400.0,28.191883648885412,48.76481605240582,54.62653993934491,58.47663303545454,59.9125962838658,2.11,1.0,-0.56,3.92
EZPW,1997-03-26,2.5862913131713867,2.627343869441358,2.545238756901415,2.5862913131713867,141300.0,28.14349203099493,48.71700893671599,54.628421151567174,58.31471452170811,59.68312636031919,2.23,2.0,-0.56,3.92
EZPW,1997-03-27,2.545239010741336,2.6273441314697266,2.545239010741336,2.6273441314697266,11400.0,28.406072845740077,48.7752580110908,54.46372124090624,58.12350440221006,59.7022806114341,2.34,1.0,-0.6,3.99
EZPW,1997-03-31,2.5862913131713867,2.5862913131713867,2.545238756901415,2.5862913131713867,112200.0,28.568894971709863,46.57976382993713,54.51880653266462,58.09778193312345,59.724833087810914,2.44,2.0,-0.64,3.96
EZPW,1997-04-01,2.545238971710205,2.545238971710205,2.545238971710205,2.545238971710205,3900.0,28.524577375937,46.72815526051079,54.359989705600675,56.91541656679973,59.71670350399874,2.54,1.0,-0.63,4.04
EZPW,1997-04-02,2.545238756901415,2.5862913131713867,2.545238756901415,2.5862913131713867,98700.0,28.81942575818519,46.61948035827829,54.290404310044906,56.11958625061253,59.7091314323643,2.64,1.0,-0.63,4.08
EZPW,1997-04-03,2.545238756901415,2.627343869441358,2.545238756901415,2.5862913131713867,57300.0,28.81942575818519,46.50572784971672,54.14958611872371,56.11958625061253,59.67770841830322,2.74,1.0,-0.65,4.15
EZPW,1997-04-04,2.545238971710205,2.545238971710205,2.545238971710205,2.545238971710205,300.0,29.294106273019388,46.53605194938559,53.665937567337394,56.15757064709446,59.70099971043178,2.84,1.0,-0.64,4.37
EZPW,1997-04-07,2.545238971710205,2.586291531444861,2.545238971710205,2.545238971710205,47100.0,28.757520345381,46.35617653264842,53.665937567337394,56.15757064709446,59.571926108524806,2.94,1.5,-0.64,4.37
EZPW,1997-04-08,2.545238971710205,2.586291531444861,2.545238971710205,2.545238971710205,30300.0,27.14578150510635,45.63985909443697,53.60887139951574,56.049086977870765,59.571926108524806,3.03,1.0,-0.63,4.4
EZPW,1997-04-09,2.545238971710205,2.586291531444861,2.463134791852249,2.545238971710205,154200.0,26.61457763266442,44.73297193725121,53.548665588324816,55.34249667847314,59.54255529619268,3.13,1.0,-0.63,4.43
EZPW,1997-04-10,2.5041871402427205,2.5862913131713867,2.463134583972749,2.5862913131713867,4200.0,26.315572606893724,43.68867670890675,53.60887139951574,54.94246715839353,59.53390522125351,3.21,2.5,-0.64,4.4
EZPW,1997-04-11,2.5041873455047607,2.5041873455047607,2.463134785869813,2.5041873455047607,33000.0,27.823413323696666,43.32811708300239,53.85536903094854,55.03638191767878,59.512373269800165,3.29,6.0,-0.63,4.27
EZPW,1997-04-14,2.463134765625,2.463134765625,2.422082206327468,2.463134765625,49800.0,28.15942052831829,43.433440661056515,49.181147474388645,54.36943220721718,59.53646921594853,3.47,1.0,-0.57,3.34
EZPW,1997-04-15,2.4220822262348647,2.586291525163303,2.4220822262348647,2.5041873455047607,145200.0,28.36869184335839,33.39293917438661,48.91868777463442,54.14836952980118,59.439659765797856,3.64,1.0,-0.55,3.47
EZPW,1997-04-16,2.5452387885276524,2.668395519256592,2.5452387885276524,2.668395519256592,102000.0,33.318484019479,31.413766062679986,49.253140176885104,54.63192176288242,59.477140658602735,3.78,3.0,-0.57,3.38
EZPW,1997-04-17,2.5862913131713867,2.668395486100053,2.5862913131713867,2.5862913131713867,25500.0,31.743802868119943,32.13902077616708,49.436248863804586,54.65525622412534,59.52700886819965,3.91,4.0,-0.59,3.31
EZPW,1997-04-18,2.5862915711055314,2.6273441314697266,2.5862915711055314,2.6273441314697266,44700.0,31.627694830334192,32.271958649948914,48.85357863011184,54.634316110434234,59.50550663493526,4.04,1.0,-0.62,3.58
EZPW,1997-04-21,2.6273441314697266,2.6273441314697266,2.5862915711055314,2.6273441314697266,40800.0,31.322395200097393,32.271958649948914,48.85357863011184,54.197811092054515,59.46389542460332,4.16,1.5,-0.64,3.58
EZPW,1997-04-22,2.627343869441358,2.627343869441358,2.5862913131713867,2.5862913131713867,26400.0,31.298151669923406,32.46695625309668,48.84681497746071,54.23455067106568,59.48800263678419,4.28,1.0,-0.66,3.58
EZPW,1997-04-23,2.5862915711055314,2.6273441314697266,2.5862915711055314,2.6273441314697266,30600.0,30.842033040857885,32.59855682378604,48.84044433043461,53.8671646283137,59.462122231360894,4.4,1.0,-0.68,3.58
EZPW,1997-04-24,2.5862913131713867,2.627343869441358,2.5862913131713867,2.5862913131713867,34500.0,30.859954354283577,32.559288332288375,48.8336788586324,53.854999033674346,58.91221619636714,4.52,1.0,-0.71,3.59
EZPW,1997-04-25,2.5862915711055314,2.668395752222552,2.5862915711055314,2.6273441314697266,155400.0,30.35606375416313,31.73311795194205,48.89363008646394,53.805819575485295,58.78128349579813,4.63,6.0,-0.73,3.54
EZPW,1997-04-28,2.627343902087804,2.709448076036668,2.627343902087804,2.668395519256592,127200.0,30.640334830250065,31.839301119572056,48.633384391408775,53.831223137927395,58.495348953214375,4.74,1.0,-0.75,3.63
EZPW,1997-04-29,2.7505009174346924,2.7505009174346924,2.668395795378419,2.7505009174346924,64800.0,31.494184213574282,30.619378734229052,48.06428429513871,53.94155302115148,58.53995193105246,4.86,1.0,-0.69,3.77
EZPW,1997-04-30,2.791552538851444,2.8736576609077176,2.7094483564065555,2.7505009174346924,171300.0,31.03529565183888,30.537072372116814,47.75945135901033,53.94155302115148,58.423722453978655,4.98,1.0,-0.67,3.96
EZPW,1997-05-01,2.7915523052215576,2.832604862813934,2.750500687240488,2.7915523052215576,21300.0,30.992635794105343,30.49120693819277,45.39094989585376,53.910498060205946,58.40724474786059,5.15,1.0,-0.57,4.21
EZPW,1997-05-02,2.7505009174346924,2.832605099879581,2.7505009174346924,2.7505009174346924,9300.0,31.393218737350832,30.614513717829205,45.398483571730004,53.728063467301325,58.394197494744105,5.31,2.0,-0.52,4.26
EZPW,1997-05-05,2.7915523271859337,2.8326048851013184,2.750500708881863,2.8326048851013184,16800.0,32.3684845130019,30.823845504541026,44.819305185259914,53.643919794783415,58.46315029388383,5.47,1.0,-0.45,4.56
EZPW,1997-05-06,2.832605099879581,2.832605099879581,2.7505009174346924,2.7505009174346924,27000.0,33.27461365673264,30.834072832700148,44.680815779911185,53.2798258294117,58.506937314443995,5.62,1.0,-0.43,4.63
EZPW,1997-05-07,2.750500687240488,2.7915523052215576,2.750500687240488,2.7915523052215576,95400.0,33.45115374627462,30.677878071368514,44.65172659840754,53.257348764267846,58.485277993504866,5.77,1.0,-0.41,4.65
EZPW,1997-05-08,2.791552249985531,2.791552249985531,2.668395519256592,2.668395519256592,68400.0,35.99345260240588,32.04591528424058,44.85007350248041,53.30807924174286,57.900087767311156,5.9,4.0,-0.37,4.57
EZPW,1997-05-09,2.729973884621061,2.729973884621061,2.668395519256592,2.668395519256592,38100.0,35.72267646921019,32.04591528424058,44.85007350248041,53.30807924174286,57.619117424076606,6.03,4.5,-0.33,4.57
EZPW,1997-05-12,2.668395519256592,2.709448076036668,2.668395519256592,2.668395519256592,14700.0,35.38961534586561,31.890307305028305,44.498349783620725,52.84502534792344,57.351975727040575,6.17,1.0,-0.3,4.84
EZPW,1997-05-13,2.7094485759735107,2.7094485759735107,2.7094485759735107,2.7094485759735107,11100.0,35.2411876557285,31.78828445278521,44.11310588090432,52.64039583926997,57.086348911672616,6.31,1.0,-0.25,5.0
EZPW,1997-05-14,2.832605054067963,2.832605054067963,2.5862915711055314,2.6273441314697266,104100.0,36.229549273596376,32.483480157030236,44.38518290043006,52.71452589394767,57.17433632242369,6.43,2.0,-0.17,4.86
EZPW,1997-05-15,2.6273441314697266,2.6273441314697266,2.6273441314697266,2.6273441314697266,0.0,36.229549273596376,32.483480157030236,44.34777646871803,52.507785282175604,57.13827770374081,6.55,2.0,-0.08,4.87
EZPW,1997-05-16,2.586291345307728,2.668395519256592,2.586291345307728,2.668395519256592,15900.0,36.13131413742947,32.61098649659723,44.39756438693904,52.471202267323505,57.1189157250006,6.67,4.0,-0.0,4.81
EZPW,1997-05-19,2.668395486100053,2.668395486100053,2.5862913131713867,2.5862913131713867,25200.0,37.364033124192474,33.08356991425633,44.22587692226222,52.5495298548463,57.178693559244984,6.78,2.0,0.04,4.89
EZPW,1997-05-20,2.627343902087804,2.668395519256592,2.627343902087804,2.668395519256592,402000.0,38.40856906555914,32.976628325480746,43.91547999294396,52.46087098462864,56.98085189705311,6.89,1.0,-0.28,4.95
EZPW,1997-05-21,2.6273443868751034,2.7094485759735107,2.6273443868751034,2.7094485759735107,113700.0,38.60854288454722,32.87797658249278,43.54150560803948,52.29442357685956,56.92515506776292,7.0,1.0,-0.43,5.23
EZPW,1997-05-22,2.6683960116185768,2.7094485759735107,2.6273443868751034,2.7094485759735107,39000.0,38.38523944271935,32.64267095570925,43.457794515897795,52.25208918069809,56.91551426881595,7.11,1.0,-0.54,5.33
EZPW,1997-05-23,2.709448076036668,2.709448076036668,2.627343902087804,2.668395519256592,49200.0,37.38755305067993,32.68374860555789,43.54834294555095,51.80871964646828,56.93853575611306,7.22,3.0,-0.72,5.29
EZPW,1997-05-27,2.6273441314697266,2.6889225022103345,2.6273441314697266,2.6273441314697266,58800.0,37.34426278427621,32.80746830174278,42.03071190307815,51.847322876944304,56.82008468428473,7.34,1.0,-0.68,6.11
EZPW,1997-05-28,2.6273441314697266,2.7094483125867472,2.6273441314697266,2.6273441314697266,36600.0,37.09771559713576,32.74190765191236,42.03071190307815,51.78404138013618,56.82008468428473,7.45,1.5,-0.63,6.11
EZPW,1997-05-29,2.5862913131713867,2.5862913131713867,2.5862913131713867,2.5862913131713867,10500.0,32.42077052273453,32.771637170772166,42.00144413225972,51.62008913909142,56.55229479652019,7.56,1.0,-0.59,6.13
EZPW,1997-05-30,2.5862915711055314,2.668395752222552,2.5862915711055314,2.6273441314697266,40800.0,31.46260940230868,31.334548588662166,41.97697689520775,51.64867178929833,56.53743850825366,7.66,1.0,-0.54,6.15
EZPW,1997-06-02,2.6683960116185768,2.7094485759735107,2.6273443868751034,2.7094485759735107,90900.0,32.38211501320268,31.738054150151378,42.15305322450132,51.72227909532282,56.02983355896956,7.75,5.0,-0.51,5.99
EZPW,1997-06-03,2.729974266573851,2.791552640553798,2.6683958925939035,2.688922643661499,167700.0,32.47790946399743,31.63467243453923,42.06173016312678,51.67444642793653,56.03543649591726,7.84,5.0,-0.47,6.05
EZPW,1997-06-04,2.791552538851444,2.832605099879581,2.7505009174346924,2.7505009174346924,113700.0,32.68625506824533,31.737015716660782,41.72647023502243,51.31012684420462,54.08138988236346,7.93,1.0,-0.59,6.2
EZPW,1997-06-05,2.75050095810555,2.873657703399658,2.75050095810555,2.873657703399658,30300.0,34.65950303241907,32.57461476314474,41.66692759720387,51.50152792476865,54.252718752841425,8.02,1.0,-0.46,6.24
EZPW,1997-06-06,2.914709178680599,3.1610226568680115,2.8326049991552456,3.1199710369110107,260100.0,41.09428163309602,36.405564456129675,42.83517296330718,52.34137429312737,54.72942544121653,8.08,9.0,0.99,5.7
EZPW,1997-06-09,3.2020754432678222,3.2020754432678222,3.0378661329733587,3.078918695449829,27900.0,41.370374542017515,36.13365939699421,42.370195767134426,52.3151677747861,54.74874481799493,8.15,9.0,1.48,6.14
EZPW,1997-06-10,3.1199712400526463,3.1199712400526463,3.0378661155700684,3.0378661155700684,86700.0,41.59846685246435,36.28838315438455,42.407553815472596,52.12651564907398,54.654917351576174,8.21,10.0,1.54,6.12
EZPW,1997-06-11,3.099444489126296,3.099444489126296,3.0378661155700684,3.0378661155700684,22200.0,40.87456592174703,36.19061022505923,36.67134058143779,52.08614428082476,54.363405184438086,8.34,1.0,1.41,2.18
EZPW,1997-06-12,3.0378661529088458,3.2431280270267764,3.0378661529088458,3.161022901535034,132600.0,42.19613062816781,36.7599915440171,34.59893666892032,52.27698623633111,54.3818743430749,8.48,1.0,1.67,1.17
EZPW,1997-06-13,3.243128005744293,3.284179628609345,3.078918695449829,3.078918695449829,102600.0,43.010153461884975,37.171543704564776,34.9046741770551,52.15527113209082,54.45199531871502,8.61,2.0,1.5,1.09
EZPW,1997-06-16,3.2020752682280795,3.284179449081421,3.078918527142384,3.284179449081421,69900.0,46.14609335703559,39.25100787047181,36.26091436110833,52.63360436982209,54.682180747478256,8.69,3.0,2.0,0.97
EZPW,1997-06-17,3.1610227079957256,3.284179449081421,3.1610227079957256,3.284179449081421,52800.0,45.62886267779251,39.25100787047181,36.26091436110833,52.59587348095698,54.566712370264646,8.77,3.5,2.11,0.97
EZPW,1997-06-18,3.243127828460433,3.284179449081421,3.1610227079957256,3.284179449081421,75300.0,44.4871008014804,39.03950064054519,36.26091436110833,52.532652147567596,54.42968082380013,8.85,4.0,2.03,0.97
EZPW,1997-06-19,3.2841794232025885,3.2841794232025885,3.202075242996216,3.202075242996216,74400.0,45.302243295032355,39.4992632899028,36.539727371680556,52.634934179075856,54.39409816208671,8.91,6.0,1.76,0.91
EZPW,1997-06-20,3.284179449081421,3.284179449081421,3.2020752682280795,3.284179449081421,108000.0,43.13614297996002,39.667714865994135,36.56312379406325,52.666469800374735,54.32486464517464,8.97,7.0,1.6,0.84
EZPW,1997-06-23,3.3252317905426025,3.3252317905426025,3.202075057559543,3.3252317905426025,42600.0,43.11318697127312,39.63141373432094,36.04744735596713,52.51222204677509,54.219447023039024,9.03,3.0,1.51,0.91
EZPW,1997-06-24,3.2020752682280795,3.366284569546129,3.2020752682280795,3.284179449081421,61800.0,43.44590357406473,39.56669784356938,36.13523930390771,52.48224715255302,54.20086045146504,9.08,4.0,1.32,0.89
EZPW,1997-06-25,3.284179233011148,3.3662843480740574,3.202075057559543,3.3252317905426025,92700.0,43.40621364283119,39.38194873934053,35.287738344735395,52.49520609168176,54.21150634427844,9.13,3.0,1.13,1.09
EZPW,1997-06-26,3.2020752682280795,3.284179449081421,3.181549457917586,3.284179449081421,559500.0,42.337724981136766,39.45676915731858,35.32535632344015,52.463018358859706,54.229438175509316,9.18,4.0,0.91,1.08
EZPW,1997-06-27,3.284179449081421,3.284179449081421,3.284179449081421,3.284179449081421,0.0,42.337724981136766,39.45676915731858,35.2581429993598,52.463018358859706,54.229438175509316,9.21,3.0,0.69,1.13
EZPW,1997-06-30,3.284179449081421,3.284179449081421,3.2020752682280795,3.284179449081421,23100.0,42.319512470865426,39.24637083539337,35.21185473720925,52.39963673303999,54.229438175509316,9.24,3.0,0.49,1.14
EZPW,1997-07-01,3.243127802905082,3.2841794232025885,3.202075242996216,3.202075242996216,64200.0,41.88707175871243,39.70373803473862,35.35212432621682,52.096327076258106,54.15322816416837,9.26,7.0,0.31,1.1
EZPW,1997-07-02,3.1610226568680115,3.243127776004717,3.1199710369110107,3.1199710369110107,30900.0,42.30370952119304,40.16485040758145,35.29020324267803,51.988331169789326,54.19480953438573,9.28,6.0,0.15,1.21
EZPW,1997-07-03,3.243127776004717,3.243127776004717,3.1199710369110107,3.1199710369110107,80400.0,42.21967687088568,40.16485040758145,35.15227779631341,51.988331169789326,54.19480953438573,9.29,3.0,0.0,1.24
EZPW,1997-07-07,3.1199710369110107,3.243127776004717,3.1199710369110107,3.1199710369110107,49200.0,42.21967687088568,40.08411450905447,35.07880316321764,50.881408590639445,53.24715421825742,9.29,3.0,-0.14,1.3
EZPW,1997-07-08,3.1199707398969334,3.1199707398969334,2.996814012527466,2.996814012527466,225300.0,43.83853005290928,40.418520970022,35.72937165488656,50.775755502635924,53.41305133407448,9.27,11.0,-0.22,1.18
EZPW,1997-07-09,2.996814207858588,3.037865826583297,2.8736574724618147,2.9147090911865234,195300.0,44.45004579874136,40.71528780699777,35.963427716740895,50.01243556892327,53.34862209265246,9.25,12.0,-0.27,1.16
EZPW,1997-07-10,2.955762027579138,2.955762027579138,2.91470946399228,2.9352362155914307,71700.0,44.44911434709942,40.62491356194676,35.85031440191115,49.87528015843453,53.18281078789939,9.23,12.0,-0.32,1.18
EZPW,1997-07-11,2.955761649522556,2.955761649522556,2.9147090911865234,2.9147090911865234,33300.0,44.188529311609045,38.63416369380624,35.87718931705398,49.85133374653864,53.14134101681161,9.19,13.0,-0.36,1.17
EZPW,1997-07-14,2.91470946399228,2.996814591165996,2.91470946399228,2.9352362155914307,157800.0,44.0588188283829,38.04118188163186,35.88526679323864,48.719641343986204,52.19793598904781,9.15,14.0,-0.4,1.16
EZPW,1997-07-15,2.914709368457614,3.0378661155700684,2.914709368457614,3.0378661155700684,139200.0,44.26270487301526,38.51472780426676,36.251268802794826,48.85661760740745,51.65979495745472,9.1,18.0,-0.47,0.99
EZPW,1997-07-16,3.0789185028809767,3.325231983111455,3.017340132823357,3.202075242996216,391800.0,46.30915832391588,39.86101163791378,36.98621421385352,48.71918823813058,51.90984825282224,9.04,25.0,-0.58,0.81
EZPW,1997-07-17,3.243127802905082,3.325231983111455,3.202075242996216,3.202075242996216,229200.0,46.058799060056174,39.669822423563915,36.654410148627605,48.1107279940484,51.90984825282224,8.96,24.0,-0.69,0.96
EZPW,1997-07-18,3.202075057559543,3.3252317905426025,3.202075057559543,3.3252317905426025,18000.0,45.64743841409577,40.2107682624875,36.94005630189219,48.16460502621877,52.032832037906815,8.88,26.0,-0.76,0.82
EZPW,1997-07-21,3.202075498114912,3.3252322480424086,3.202075498114912,3.243128061294556,23700.0,40.09583908061594,40.44813916024707,37.07155214747075,48.23493788593332,52.022936055340416,8.78,28.0,-0.85,0.79
EZPW,1997-07-22,3.3252317905426025,3.3252317905426025,3.202075057559543,3.3252317905426025,29100.0,40.42192010294641,40.60928077178229,37.16870520452975,48.1898927335811,51.523049110478546,8.68,29.0,-0.92,0.75
EZPW,1997-07-23,3.284179233011148,3.3662843480740574,3.284179233011148,3.3252317905426025,120000.0,40.14683132403059,40.544736392278466,37.125160036415544,48.1898927335811,51.19209034336244,8.58,29.0,-0.99,0.76
EZPW,1997-07-24,3.3252317905426025,3.3662843480740574,3.3252317905426025,3.3252317905426025,130500.0,40.14683132403059,40.16825651324874,37.080470463170975,48.040351462252886,51.1522140707252,8.46,29.0,-1.07,0.77
EZPW,1997-07-25,3.3662846088409424,3.3662846088409424,3.243127866317632,3.3662846088409424,98400.0,38.7274264369075,40.20568828939518,37.042813308941206,47.96508078027176,50.629805275915864,8.34,28.0,-1.12,0.79
EZPW,1997-07-28,3.243128061294556,3.243128061294556,3.202075498114912,3.243128061294556,16200.0,39.54727230911496,40.98178465313268,36.844979779038326,48.087793288656044,50.58568898911653,8.19,26.0,-1.19,0.89
EZPW,1997-07-29,3.243127828460433,3.325232009313775,3.2020752682280795,3.284179449081421,399900.0,34.980194339189495,40.87185168199973,36.75704818849878,47.78649937933967,50.58903756912336,8.04,26.0,-1.26,0.89
EZPW,1997-07-30,3.243127906692818,3.489441394805908,3.243127906692818,3.489441394805908,100800.0,39.14517962529092,42.21331365612281,37.83226444180017,48.2999853931007,50.840429446746235,7.88,35.0,-1.23,0.77
EZPW,1997-07-31,3.3662846551298697,3.5715455822874187,3.3662846551298697,3.5304930210113525,135000.0,39.239368760080275,41.682667462666195,37.72721432902661,48.27054615376086,50.81591526826671,7.72,35.0,-1.19,0.78
EZPW,1997-08-01,3.4894413993466773,3.612598143563485,3.4894413993466773,3.5304930210113525,90600.0,38.36097896568162,41.63147847010912,37.582159477169576,48.22491565391726,50.49087137581463,7.54,35.0,-1.18,0.86
EZPW,1997-08-04,3.4483885765075684,3.4894411346697654,3.3662843997944947,3.4483885765075684,94200.0,38.53176271866036,40.77159887341295,37.763825941775934,48.317682576975066,50.55500190484108,7.39,37.0,-1.22,0.84
EZPW,1997-08-05,3.4483885765075684,3.4483885765075684,3.407336018345372,3.4483885765075684,67500.0,38.39727963037344,40.77159887341295,37.523452496616386,48.317682576975066,50.261722005246945,7.24,35.0,-1.26,0.9
EZPW,1997-08-06,3.366284378338584,3.4483885545283446,3.366284378338584,3.407335996627808,31800.0,38.38372490479326,40.8988970195236,37.5962168243344,45.3948194656477,50.240260447753386,7.11,37.0,-1.3,0.88
EZPW,1997-08-07,3.366284378338584,3.489441112428882,3.366284378338584,3.407335996627808,57000.0,38.237452939961415,40.84006877180462,37.54024261642053,45.2151728365464,50.177214990212896,6.98,36.0,-1.35,0.92
EZPW,1997-08-08,3.3662843480740574,3.4894410810571164,3.3252317905426025,3.3252317905426025,42000.0,38.75135317538694,40.62964101358912,37.6703713065154,44.92997146433186,50.24459699764952,6.83,39.0,-1.39,0.89
EZPW,1997-08-11,3.284179449081421,3.325232009313775,3.243127828460433,3.284179449081421,54000.0,38.929734408498724,40.760464381600684,37.684621652913,44.90576618264989,50.26412811078755,6.72,40.0,-1.43,0.92
EZPW,1997-08-12,3.243127866317632,3.3662846088409424,3.243127866317632,3.3662846088409424,1500.0,39.58209141670345,40.91713990732579,37.84828857421114,44.61558168087605,50.31669518007356,6.59,44.0,-1.46,0.83
EZPW,1997-08-13,3.3252322480424086,3.3252322480424086,3.243128061294556,3.243128061294556,14400.0,40.411025579951946,41.15572171478367,38.37318033171124,44.852236088073205,50.425137454885274,6.47,45.0,-1.48,0.74
EZPW,1997-08-14,3.3662846088409424,3.3662846088409424,3.243127866317632,3.3662846088409424,46200.0,40.97411824617757,41.34542613814839,38.65856323713165,45.00034327784039,50.38268843303688,6.36,46.0,-1.51,0.62
EZPW,1997-08-15,3.366284569546129,3.366284569546129,3.284179449081421,3.284179449081421,7200.0,41.72488157198113,41.6846756637705,38.90198537443357,45.07382539801555,50.31351248919847,6.25,47.0,-1.53,0.57
EZPW,1997-08-18,3.2636532431666967,3.284179050989151,3.1610223248319174,3.181549072265625,109200.0,42.837712931979624,42.29234707928203,39.21888651884009,45.195366464077495,50.051343650219174,6.13,48.0,-1.53,0.54
EZPW,1997-08-19,3.243128061294556,3.243128061294556,3.181549686330808,3.243128061294556,23700.0,41.34116717338186,42.25710540476448,39.25300567184164,45.24376852919223,50.04764296759853,6.0,49.0,-1.54,0.52
EZPW,1997-08-20,3.243127802905082,3.243127802905082,3.1404968729385963,3.202075242996216,77700.0,40.602925325920786,42.20846695644146,39.22105718300246,45.07945781741078,49.88597191508607,5.87,49.0,-1.54,0.53
EZPW,1997-08-21,3.243127435344242,3.243127435344242,3.181549072265625,3.181549072265625,112800.0,40.67816952885504,42.250478366456804,39.13775132854395,44.617216100393556,49.892610119801965,5.74,48.0,-1.54,0.55
EZPW,1997-08-22,3.202075464280905,3.202075464280905,3.161022901535034,3.161022901535034,6000.0,40.66716959872457,42.11543732220812,39.099075023233944,44.44602624406881,49.549724677439016,5.6,48.0,-1.53,0.59
EZPW,1997-08-25,3.16102268308735,3.202075242996216,3.16102268308735,3.202075242996216,8700.0,40.75709432962677,42.08367056572319,39.135855972207644,43.050552945358284,49.385529855627595,5.45,49.0,-1.52,0.56
EZPW,1997-08-26,3.1610229349352683,3.243128061294556,3.1610229349352683,3.243128061294556,4500.0,39.77631087104591,41.74171400036254,39.062698781802084,43.022365600752906,49.34583371051645,5.31,48.0,-1.52,0.55
EZPW,1997-08-27,3.2431276442482857,3.407335996627808,3.2020750863477487,3.407335996627808,107400.0,39.42749634606375,42.74574399713683,39.76530704464599,42.929493535095084,49.42095429384051,5.16,55.0,-1.51,0.39
EZPW,1997-08-28,3.407336276794545,3.5304930210113525,3.325232093853804,3.5304930210113525,63900.0,40.591239696400116,43.0661652236176,40.097096311738326,42.86306776697098,49.48350412942658,5.0,56.0,-1.48,0.27
EZPW,1997-08-29,3.530492824373179,3.612597942352295,3.407336087015843,3.612597942352295,68700.0,39.718000602346024,42.45477853417397,40.21524938622204,42.89060247533265,49.47347233015206,4.84,57.0,-1.43,0.22
EZPW,1997-09-02,3.612597921221973,3.633123730791026,3.571545362472534,3.571545362472534,135600.0,39.083296986206804,39.28606141316112,40.23397954984447,42.66370803253972,49.34186797909624,4.66,58.0,-1.4,0.23
EZPW,1997-09-03,3.4894413993466773,3.5304930210113525,3.448388838070611,3.5304930210113525,23400.0,38.74741285310649,39.259187203183764,39.90204125732378,42.696128649826356,49.220486231106754,4.47,56.0,-1.39,0.28
EZPW,1997-09-04,3.4483889979699054,3.4483889979699054,3.243128061294556,3.243128061294556,83100.0,46.219944879023686,43.03184989100598,42.183605657766385,43.73999613267134,49.95113668597358,4.38,68.0,-1.39,0.89
EZPW,1997-09-05,3.243127615090998,3.3252317905426025,3.243127615090998,3.3252317905426025,21300.0,46.82316509526027,43.308948933081155,42.27537753409235,43.575855931242295,49.64251332447252,4.3,69.0,-1.39,0.86
EZPW,1997-09-08,3.325232009313775,3.366284569546129,3.284179449081421,3.284179449081421,82800.0,46.807792350855706,42.65650234159894,41.20617651746466,43.58850298191547,49.66286191330477,4.21,60.0,-1.37,0.98
EZPW,1997-09-09,3.284179449081421,3.407336190167116,3.284179449081421,3.284179449081421,8100.0,45.514445336954104,42.285576801241916,40.85994270235007,43.566394653417866,49.613801718119596,4.1,60.0,-1.34,1.08
EZPW,1997-09-10,3.407335965994207,3.407335965994207,3.3252317905426025,3.3252317905426025,24000.0,45.510846901084925,40.244415487347,40.83566538978008,43.581580120258614,49.4778518745423,4.01,60.0,-1.31,1.09
EZPW,1997-09-11,3.284179449081421,3.284179449081421,3.243127828460433,3.284179449081421,47700.0,41.89356922628143,40.32758505500876,40.90146932131174,43.33539567816915,49.498070152281265,3.91,62.0,-1.28,1.07
EZPW,1997-09-12,3.243128061294556,3.284179684862765,3.243128061294556,3.243128061294556,59700.0,41.79355087759224,40.40989135967345,40.869080426912916,43.064889513291725,49.48705686977197,3.81,62.0,-1.24,1.08
EZPW,1997-09-15,3.325231983111455,3.325231983111455,3.16102268308735,3.202075242996216,33000.0,41.88158909109416,40.157512291762124,40.8800088475165,42.86442699659534,49.4629976493296,3.7,63.0,-1.19,1.09
EZPW,1997-09-16,3.161022901535034,3.2431280270267764,3.161022901535034,3.161022901535034,7200.0,41.54643558091359,39.891347180483535,40.85108928548088,42.85293174979913,49.16945317345666,3.59,61.0,-1.14,1.1
EZPW,1997-09-17,3.202075242996216,3.325231983111455,3.16102268308735,3.202075242996216,29400.0,41.79230042772936,39.898192522465884,40.82921826975619,42.87042330747846,49.14128304065359,3.47,60.0,-1.09,1.1
EZPW,1997-09-18,3.16102268308735,3.202075242996216,3.16102268308735,3.202075242996216,6300.0,41.69962607078169,39.822507648613495,40.77262303956553,41.97833227210079,49.111295486008466,3.36,60.0,-1.02,1.13
EZPW,1997-09-19,3.284179566230653,3.304706316884719,3.2636537551879883,3.2636537551879883,23700.0,42.144906161602954,39.93677232531916,40.611290373057955,42.026409216878655,49.10083095019624,3.25,60.0,-0.96,1.19
EZPW,1997-09-22,3.284179233011148,3.3252317905426025,3.243127615090998,3.3252317905426025,32100.0,41.95512432024952,40.0426841090719,40.699554629385645,42.00185596441944,48.964959982327194,3.14,61.0,-0.9,1.15
EZPW,1997-09-23,3.28417958812331,3.386810523243585,3.28417958812331,3.3457579612731934,161100.0,41.82240839576088,40.06118147433258,40.652780855295966,41.960826037394945,48.93509783400186,3.09,61.0,-0.84,1.17
EZPW,1997-09-24,3.3252317905426025,3.386810157034132,3.3252317905426025,3.3252317905426025,26400.0,41.23086487667045,40.08305836366459,40.585813802556046,41.929878745114586,48.94121826493939,3.03,60.0,-0.76,1.19
EZPW,1997-09-25,3.448388523525661,3.448388523525661,3.3252317905426025,3.3252317905426025,19500.0,39.72275534783955,39.72870178497232,40.34609177866647,41.86261331005897,48.76835522432943,2.98,60.0,-0.7,1.29
EZPW,1997-09-26,3.325232150093701,3.3457579612731934,3.325232150093701,3.3457579612731934,19800.0,38.23843217639069,39.35362041228799,40.044017520015935,41.60449059712639,48.737181317431926,2.93,57.0,-0.61,1.38
EZPW,1997-09-29,3.44838879065269,3.44838879065269,3.3662846088409424,3.3662846088409424,78900.0,37.560442892168965,39.36585114722755,39.996714608559316,41.28096484281935,48.707212837975625,2.88,57.0,-0.52,1.41
EZPW,1997-09-30,3.3457576295826583,3.407335996627808,3.3457576295826583,3.407335996627808,55200.0,36.38838001377929,39.427523717394095,39.311138275831176,40.89570909654716,48.67132326371481,2.83,55.0,-0.41,1.56
EZPW,1997-10-01,3.4483885066400863,3.5510194301605225,3.366284331590518,3.5510194301605225,96900.0,37.81821023828964,39.28292029983988,39.789659605313176,40.82772082980994,48.8298581736921,2.77,57.0,-0.31,1.39
EZPW,1997-10-02,3.571545311382839,3.571545311382839,3.4483885765075684,3.4483885765075684,35400.0,38.714008101708316,39.335681585273946,40.114315984180735,40.978458151062966,48.8995110108071,2.72,62.0,-0.19,1.29
EZPW,1997-10-03,3.5715453833627366,3.612597942352295,3.4483886460054007,3.612597942352295,148200.0,40.649493897809826,40.336819478115125,40.66919002208182,38.14919275596546,48.97194084122386,2.67,69.0,-0.07,1.13
EZPW,1997-10-06,3.5715453833627366,3.612597942352295,3.5715453833627366,3.612597942352295,19200.0,40.5444865221144,40.28455893177991,40.31293269652007,36.79997558595776,48.92853690106975,2.62,65.0,0.04,1.24
EZPW,1997-10-07,3.571545247457907,3.612597804885329,3.571545247457907,3.592071056365967,17700.0,40.565946516524974,40.32245091288594,40.33453348237825,36.811199066512614,48.934207277999654,2.57,66.0,0.15,1.23
EZPW,1997-10-08,3.571545362472534,3.653649540360079,3.571545362472534,3.571545362472534,81900.0,40.566691951077466,39.84016660551325,40.30952972123797,36.822448613294,48.89483196338526,2.51,65.0,0.27,1.25
EZPW,1997-10-09,3.571545362472534,3.571545362472534,3.530492803723096,3.571545362472534,306600.0,38.13393142303601,38.45810673752905,39.93882243590903,36.822448613294,48.89483196338526,2.46,59.0,0.34,1.36
EZPW,1997-10-10,3.5510195529034814,3.571545362472534,3.5510195529034814,3.571545362472534,11400.0,36.75150778722748,38.45810673752905,39.687964396235536,36.822448613294,48.84780025804233,2.41,56.0,0.46,1.47
EZPW,1997-10-13,3.5510196935254004,3.633123874664306,3.5510196935254004,3.633123874664306,174300.0,36.47510947367272,37.862619395965616,39.70349279192678,36.86325548022273,48.55802140487424,2.36,57.0,0.59,1.46
EZPW,1997-10-14,3.653649685046191,3.674176435039445,3.612598064282423,3.633123874664306,358200.0,36.30881397851225,37.46042925986951,39.70349279192678,36.78950815195271,48.39461783464606,2.32,57.5,0.72,1.46
EZPW,1997-10-15,3.612598083460152,3.6741764545440674,3.612598083460152,3.6741764545440674,53400.0,36.248087364361076,37.20308456274277,39.61704820335218,36.52233460523046,48.40274226944793,2.27,56.0,0.83,1.49
EZPW,1997-10-16,3.674176338594407,3.776806327421218,3.633123779296875,3.6947021484375,137100.0,25.409959280486184,37.20996507072982,39.50490165115082,36.5224740978971,47.55996469542574,2.24,56.0,0.86,1.53
EZPW,1997-10-17,3.674176338594407,3.735754707735032,3.653649589139968,3.6947021484375,149400.0,24.666197762067192,37.20996507072982,39.50490165115082,36.02848552033539,47.30007698113559,2.22,56.5,0.84,1.53
EZPW,1997-10-20,3.694702120720073,3.694702120720073,3.5715453833627366,3.612597942352295,64800.0,25.391695114774187,37.470972325922155,39.60220748514203,36.125347382966346,46.70051076347986,2.2,58.0,0.63,1.49
EZPW,1997-10-21,3.5304926900304854,3.592071056365967,3.5304926900304854,3.592071056365967,115500.0,25.50709482312861,36.6366393530369,39.57751925332131,36.09430008268402,46.592003124928794,2.17,58.0,0.38,1.51
EZPW,1997-10-22,3.551019438549848,3.612597804885329,3.551019438549848,3.592071056365967,60600.0,25.361466500977624,36.567785672430915,39.33110404176946,36.072356572472344,46.56959356822306,2.15,56.0,0.24,1.62
EZPW,1997-10-23,3.530492824373179,3.612597942352295,3.530492824373179,3.612597942352295,88200.0,24.971213674074587,34.44514419036133,39.29803450163244,35.998426208745926,45.71914626374788,2.12,55.0,-0.12,1.63
EZPW,1997-10-24,3.612597942352295,3.7357546797096304,3.612597942352295,3.612597942352295,30000.0,24.5440296181439,34.36721491791687,39.17344463982406,35.79655385532748,45.69344645891794,2.09,52.0,-0.43,1.7
EZPW,1997-10-27,3.530492681689655,3.612597796350524,3.4483885066400863,3.5510194301605225,286800.0,24.833806545623176,34.5554995050197,38.73968088266835,35.79730294867429,45.32280033197916,2.07,47.0,-0.52,1.86
EZPW,1997-10-28,3.284179349658507,3.612597942352295,3.284179349658507,3.612597942352295,274500.0,24.64299577050898,34.37356276688504,36.634230245113855,35.797880206788776,44.88348068595593,2.03,24.0,-0.54,1.6
EZPW,1997-10-29,3.612597942352295,3.612597942352295,3.612597942352295,3.612597942352295,24300.0,24.54197251716899,34.37356276688504,36.55910217444768,35.797880206788776,44.77698549545787,2.0,23.0,-0.54,1.64
EZPW,1997-10-30,3.4483886460054007,3.612597942352295,3.4483886460054007,3.612597942352295,7800.0,24.54197251716899,34.27127474128318,36.4807255496465,35.756682818218835,44.75374699954106,1.97,22.0,-0.53,1.67
EZPW,1997-10-31,3.4894413227683785,3.633123874664306,3.4894413227683785,3.633123874664306,84300.0,24.133001679574896,34.28405775675081,36.48496237931704,35.687947100804415,44.657870914106404,1.97,23.0,-0.53,1.67
EZPW,1997-11-03,3.674176711726029,3.756280899047852,3.6125983363318017,3.756280899047852,264600.0,25.276298779303723,34.493573266686006,36.32923561918787,35.875809635204455,44.773423322823355,1.95,21.0,-0.5,1.71
EZPW,1997-11-04,3.776805877685547,3.858910986503673,3.694701708478655,3.776805877685547,141900.0,25.272058677695274,34.36793295255829,36.054021009597655,35.87639068637708,44.65933031773464,1.93,15.0,-0.45,1.83
EZPW,1997-11-05,3.735754779371396,3.9410157005724216,3.735754779371396,3.899963140487671,52200.0,26.339648306121894,34.606075131245525,34.974074316562934,36.04581654177267,44.69237691760029,1.95,1.0,-0.3,1.82
EZPW,1997-11-06,3.9410157005724216,3.9410157005724216,3.776806399844783,3.899963140487671,55800.0,26.339648306121894,33.60728296282531,34.974074316562934,35.970690537942076,44.616697748308574,1.97,1.5,-0.23,1.82
EZPW,1997-11-07,3.817858959929533,3.899963140487671,3.817858959929533,3.899963140487671,77700.0,26.382952732245897,32.84682452782444,34.974074316562934,35.78040349599036,44.374676092392775,1.98,2.0,-0.2,1.82
EZPW,1997-11-10,3.941015720367432,4.064172461628914,3.8999631600764815,3.941015720367432,64800.0,26.427555752418634,32.393004608186445,34.73044482325419,35.718133132103944,44.38331674470353,2.01,1.0,-0.14,1.95
EZPW,1997-11-11,3.941015720367432,3.982068280658382,3.941015720367432,3.941015720367432,41100.0,26.387339796820193,31.579985817596395,34.531158011753455,35.641923661155836,44.34940881223576,2.04,1.0,-0.14,2.04
EZPW,1997-11-12,3.982068280658382,3.982068280658382,3.7768064188149992,3.941015720367432,55500.0,24.039963918105215,31.419424163619947,34.49038262108915,35.60277402915435,44.31424740332541,2.06,1.0,-0.17,2.06
EZPW,1997-11-13,3.941015155710565,3.941015155710565,3.776805877685547,3.776805877685547,138300.0,25.846833925778174,32.638260868494626,35.13033869493557,35.97972252198981,44.534802267018605,2.07,8.0,-0.26,1.85
EZPW,1997-11-14,3.941015898231599,3.941015898231599,3.73575496673584,3.73575496673584,77100.0,22.60749992344959,32.70525552611123,35.13937173352447,35.990975286215374,44.552066747374,2.07,9.0,-0.34,1.83
EZPW,1997-11-17,3.8589115142822266,3.941015694718406,3.735754773822277,3.8589115142822266,183900.0,24.35511787502416,33.20852630361058,35.41829987770148,36.12406609046351,42.39644847246736,2.07,15.0,-0.41,1.74
EZPW,1997-11-18,3.920490086965446,3.920490086965446,3.73575496673584,3.73575496673584,29700.0,26.266229306851624,33.94176228965758,35.82778815381516,35.924627272518734,42.39802946546437,2.07,16.0,-0.47,1.56
EZPW,1997-11-19,3.73575496673584,3.73575496673584,3.73575496673584,3.73575496673584,300.0,26.18518694992322,33.879078624412095,35.82778815381516,35.85888908991767,42.097045011394535,2.06,15.5,-0.52,1.56
EZPW,1997-11-20,3.735754707735032,3.735754707735032,3.6947021484375,3.6947021484375,45300.0,26.434790004344162,32.53267746934437,35.62912886662296,35.853968823124696,42.074258478145886,2.05,13.0,-0.55,1.65
EZPW,1997-11-21,3.694702523653624,3.776806710975447,3.694702523653624,3.756280899047852,45600.0,26.804895168580558,31.90811845516759,35.435270818179866,35.8278624911123,41.816186453186006,2.05,12.0,-0.56,1.75
EZPW,1997-11-24,3.828122138977051,3.8383845737646096,3.735754588221127,3.828122138977051,31500.0,26.902551193880747,31.799827533902675,35.53748640845586,35.78711388646528,41.85176838710315,2.05,12.0,-0.57,1.71
EZPW,1997-11-25,3.9204893483116505,3.9204893483116505,3.735754262887718,3.776805877685547,48600.0,27.26048549380904,31.837037056283222,35.62173654142591,35.798117485972135,41.83961107643833,2.04,12.0,-0.58,1.66
EZPW,1997-11-26,3.73575517424296,3.776806799055529,3.6536500453948975,3.6536500453948975,38400.0,28.843259959090034,32.49948992468835,35.424444210914366,35.90908095341118,41.957574272056995,2.04,10.0,-0.56,1.7
EZPW,1997-11-28,3.612597942352295,3.612597942352295,3.612597942352295,3.612597942352295,4200.0,28.964801687277912,27.319577061749666,35.16768190867466,35.94285136837626,41.93826766811579,2.05,9.0,-0.6,1.81
EZPW,1997-12-01,3.6125980333623264,3.899963134694635,3.6125980333623264,3.8589115142822266,111900.0,34.827933190474184,29.966529490543394,36.59133536245044,36.696036893132685,42.43006004308116,2.04,26.0,-0.69,1.71
EZPW,1997-12-02,3.858912048058588,4.105225563049316,3.858912048058588,4.105225563049316,147900.0,38.20908342485686,32.1753460497007,37.7402032462478,37.30342552536286,42.701497301726754,2.03,44.0,-0.62,1.55
EZPW,1997-12-03,3.941015877427164,4.105225185523764,3.941015877427164,4.043646812438965,64200.0,38.5185377731073,32.39827635741411,37.849939170039235,37.32838150948246,42.37552762251829,2.02,47.0,-0.68,1.5
EZPW,1997-12-04,3.941015744969562,4.105225047547085,3.941015744969562,4.023119926452637,64500.0,38.592028580192526,32.39030111106372,37.53999374926191,37.338002916837695,42.248849065710154,2.01,36.0,-0.71,1.62
EZPW,1997-12-05,3.982068805553952,4.269433946635474,3.982068805553952,4.105225563049316,174900.0,38.882628125088644,32.40935573894289,36.789510457679796,37.39578067266677,41.22020037476437,2.01,27.0,-0.64,1.79
EZPW,1997-12-08,4.269433253181615,4.269433253181615,4.023119778197842,4.228381633758545,117300.0,39.53935930024948,32.65387657359381,37.03710019109338,37.46579074379171,41.27568418790848,2.01,29.0,-0.4,1.69
EZPW,1997-12-09,4.187329754842396,4.187329754842396,4.023120431644745,4.105225563049316,41700.0,40.30423204326933,33.20862987290587,36.96083857964021,37.65985161389164,41.06351351369811,2.01,28.0,-0.44,1.71
EZPW,1997-12-10,4.105224344594304,4.146275958500734,3.982067623652586,4.06417179107666,57900.0,40.35173850663297,33.15118886271103,36.75736334664818,37.65603932652283,40.89870793547522,2.01,26.0,-0.5,1.79
EZPW,1997-12-11,3.9410157005724216,4.023119881130559,3.858911520014284,3.899963140487671,83700.0,42.41799002660985,34.37773039886566,37.21537907218343,37.976409659884084,41.09912650911924,2.01,34.0,-0.57,1.67
EZPW,1997-12-12,3.85891149421273,3.9410156742219,3.817858934402466,3.817858934402466,84900.0,42.97381977806898,34.739251807175705,37.39144332608208,38.01879548919519,40.97818560801391,2.01,34.0,-0.61,1.59
EZPW,1997-12-15,3.982068234032164,3.982068234032164,3.776806374592202,3.817858934402466,66000.0,42.96138560474688,34.58077532318121,37.39144332608208,37.9582641915614,40.97818560801391,2.0,33.5,-0.65,1.59
EZPW,1997-12-16,3.776806394234685,3.8589115142822266,3.735754773822277,3.8589115142822266,42600.0,42.00084779604015,34.460598258970556,37.380603508081435,37.936398297886846,40.83794300146654,2.0,32.0,-0.7,1.6
EZPW,1997-12-17,3.73575496673584,3.73575496673584,3.73575496673584,3.73575496673584,21900.0,43.06586255252453,35.18476466841246,37.2610570063596,38.15664038390835,40.7961641576633,2.0,31.0,-0.7,1.62
EZPW,1997-12-18,3.746017402563211,3.746017402563211,3.694702404592124,3.73575496673584,16800.0,41.954496624107286,35.14764840986568,37.21860078062528,38.09704223436524,40.780058262728964,2.0,30.0,-0.7,1.65
EZPW,1997-12-19,3.6947022137985055,3.8589115142822266,3.6947022137985055,3.8589115142822266,114600.0,43.08868065308241,35.69548012770649,36.3331154298885,38.26442659759582,40.87474573164667,2.01,20.0,-0.75,1.69
EZPW,1997-12-22,3.8999626013015023,3.941015155710565,3.776805877685547,3.776805877685547,122700.0,43.52204619583924,36.02252540631333,36.46652332022607,38.367196734024716,40.94367734284429,2.01,21.0,-0.78,1.62
EZPW,1997-12-23,3.735754754393296,3.85891149421273,3.735754754393296,3.817858934402466,15000.0,43.52998557324606,36.05816089253728,36.50180169669422,38.37982155788531,40.739905629276265,2.02,24.0,-0.82,1.61
EZPW,1997-12-24,3.817858979105949,3.941015720367432,3.735754798135417,3.941015720367432,61200.0,44.557483650155774,36.51269003874723,36.61919476332263,38.50427045133517,40.611954289429846,2.03,27.0,-0.87,1.57
EZPW,1997-12-26,3.776806394234685,3.8589115142822266,3.735754773822277,3.8589115142822266,19800.0,44.97334491054972,35.90809341638085,36.79084593039267,38.38513722079936,40.50080355507749,2.03,31.0,-0.9,1.49
EZPW,1997-12-29,3.735754707735032,3.8178588867187497,3.6947021484375,3.6947021484375,51900.0,45.04892251513777,36.53702313203808,37.411235120260635,38.70349025193372,40.72329577520083,2.03,40.0,-0.89,1.33
EZPW,1997-12-30,3.8178588867187497,3.8178588867187497,3.6947021484375,3.6947021484375,21000.0,44.94521459288959,35.29234140332194,37.411235120260635,38.667049052489396,40.72329577520083,2.03,40.5,-0.89,1.33
EZPW,1997-12-31,3.776806374592202,3.817858934402466,3.694702194583032,3.817858934402466,30900.0,44.96781674448819,35.911802028883,37.53179089418213,38.14816201466876,40.172142169205756,2.03,42.0,-0.88,1.3
EZPW,1998-01-02,3.694702404592124,3.73575496673584,3.694702404592124,3.73575496673584,7500.0,44.408175473030106,36.18751369982364,37.64798450607001,38.04793586936,40.242230462634275,2.03,44.0,-0.85,1.25
EZPW,1998-01-05,3.735754707735032,3.776806327421218,3.6947021484375,3.6947021484375,36000.0,44.52350659016573,36.24397372416762,37.50969693389064,38.04415957477348,40.21178592179485,2.03,42.0,-0.83,1.3
EZPW,1998-01-06,3.6947021484375,3.776806327421218,3.6947021484375,3.6947021484375,31500.0,44.408175473030106,36.24397372416762,37.006718097802214,38.04415957477348,40.178861116891284,2.04,33.0,-0.78,1.47
EZPW,1998-01-07,3.6947026098189286,3.6947026098189286,3.6536500453948975,3.6536500453948975,37200.0,44.23764762081533,36.32366007776619,36.60508737376146,38.01813180857304,40.167727017868124,2.05,27.0,-0.75,1.6
EZPW,1998-01-08,3.6947026098189286,3.6947026098189286,3.6536500453948975,3.6536500453948975,6300.0,43.83721082199755,36.15621820342314,36.37618615826427,37.9831335519658,40.11868229958644,2.05,21.0,-0.7,1.71
EZPW,1998-01-09,3.65364976522816,3.65364976522816,3.5304930210113525,3.5304930210113525,33600.0,44.734449366384005,36.836510185959256,36.4367080089712,38.16685285229477,40.092789231234484,2.06,22.0,-0.65,1.69
EZPW,1998-01-12,3.407336229941127,3.4381254155719545,3.3662846088409424,3.3662846088409424,78300.0,45.78779181451661,37.994159991811124,37.127133333033306,38.573609411569734,40.15149153987581,2.06,38.0,-0.63,1.52
EZPW,1998-01-13,3.366284569546129,3.407336190167116,3.284179449081421,3.284179449081421,69000.0,46.16855481592833,38.26030015783043,37.28275808112206,38.65947882835109,39.95311357486952,2.06,42.0,-0.63,1.46
EZPW,1998-01-14,3.304706338914209,3.3662847120640924,3.28417958812331,3.3457579612731934,86700.0,41.8427799754846,38.48972835814829,37.37985799239424,38.55974266945971,39.73989897088505,2.06,43.0,-0.62,1.42
EZPW,1998-01-15,3.284179449081421,3.284179449081421,3.243127828460433,3.284179449081421,4800.0,36.91696541741015,38.40790668958897,37.48658640021969,38.6297062504041,39.77675091496259,2.05,49.0,-0.63,1.37
EZPW,1998-01-16,3.243127828460433,3.407336190167116,3.243127828460433,3.284179449081421,133800.0,36.903777756572396,38.39961668672088,37.43280255488439,38.59479420226695,37.42131127514856,2.05,49.0,-0.64,1.39
EZPW,1998-01-20,3.284179449081421,3.407336190167116,3.284179449081421,3.284179449081421,142200.0,36.95532966938879,38.39961668672088,37.37922745091688,38.54963684420377,36.46720343150766,2.05,43.0,-0.64,1.42
EZPW,1998-01-21,3.345757715998697,3.345757715998697,3.2431277280135418,3.30470609664917,136800.0,36.28512117666706,38.40403097672423,36.54993549649719,38.40627688420921,36.47033707971519,2.05,27.0,-0.66,1.61
EZPW,1998-01-22,3.325232150093701,3.4073363344230767,3.325232150093701,3.3457579612731934,129600.0,35.09193501690614,38.50762068146532,36.15506873565311,38.26048278545396,36.48680825695554,2.05,19.0,-0.69,1.74
EZPW,1998-01-23,3.3662843997944947,3.4894411346697654,3.3662843997944947,3.4483885765075684,145500.0,36.132650132499364,38.894495792292986,36.29265487923648,38.38145192323294,36.60050513592567,2.04,20.0,-0.71,1.7
EZPW,1998-01-26,3.44838879065269,3.44838879065269,3.32523204812938,3.3662846088409424,20700.0,36.50329471039841,39.01309374603443,36.44546849490666,38.10407034352123,36.68943962183868,2.04,25.0,-0.75,1.63
EZPW,1998-01-27,3.489441204994959,3.612597942352295,3.489441204994959,3.612597942352295,57900.0,41.27788124673793,41.696143826230255,38.112529446276724,38.97652417382416,37.336776245668105,2.03,62.0,-0.74,1.64
EZPW,1998-01-28,3.6125980333623264,3.8589115142822266,3.6125980333623264,3.8589115142822266,42300.0,45.37841580282648,43.832494413784794,37.044190464643926,39.71083167833659,37.83689062858664,1.98,42.0,-0.72,0.86
EZPW,1998-01-29,3.8589115338889104,3.8589115338889104,3.284179449081421,3.284179449081421,313500.0,65.22131747283922,55.014386611022225,45.01137320800462,44.13113295521527,41.04033431149182,2.06,100.0,-0.73,9.51
EZPW,1998-01-30,3.284179532577737,3.5304930210113525,3.243127910913062,3.5304930210113525,239400.0,68.85585117250787,56.63067918490715,46.41053744028496,44.765230872499664,41.646760471317656,2.21,100.0,-0.68,8.59
EZPW,1998-02-02,3.612597869545036,3.6536494880959127,3.4483885765075684,3.4483885765075684,9600.0,68.5724526510614,56.800165300890704,46.56991685269472,44.86384953391417,41.402756241715,2.35,100.0,-0.65,8.4
EZPW,1998-02-03,3.489441063970521,3.5510194301605225,3.489441063970521,3.5510194301605225,129600.0,69.19559165688301,56.73318013552658,46.75714016610432,44.954275664518256,41.48364054184949,2.49,100.0,-0.61,8.25
EZPW,1998-02-04,3.612597942352295,3.653649561730514,3.530492824373179,3.612597942352295,148500.0,68.68147150311563,56.86266270056467,46.78260523688692,44.821297623544375,41.4834536632237,2.63,100.0,-0.55,8.28
EZPW,1998-02-05,3.653649540360079,3.653649540360079,3.4894411845849893,3.571545362472534,30300.0,68.49714594754803,56.899937721650154,46.77449556210156,44.711586469760014,41.49145500896356,2.75,99.0,-0.49,8.29
EZPW,1998-02-06,3.5304930210113525,3.5715455822874187,3.5304930210113525,3.5304930210113525,261600.0,68.44431671796394,56.88165952700148,46.76608119419377,44.70898098799601,41.46873579584163,2.87,98.0,-0.45,8.3
EZPW,1998-02-09,3.5304930210113525,3.612598143563485,3.407336276794545,3.5304930210113525,101100.0,67.67364592854673,56.88165952700148,46.7134288296216,44.70898098799601,41.33761643288148,2.98,96.0,-0.44,8.37
EZPW,1998-02-10,3.5304927307181053,3.551019479474031,3.366284378338584,3.407335996627808,120900.0,68.12447243646555,57.29671126516558,47.033237253126,44.879461509785266,41.46156875238895,3.1,100.0,-0.44,8.01
EZPW,1998-02-11,3.3765468131052327,3.489441112428882,3.366284378338584,3.407335996627808,26100.0,67.10067141483803,56.68399096031934,47.033237253126,44.834924381815064,41.43192598429033,3.21,99.5,-0.45,8.01
EZPW,1998-02-12,3.468914385783007,3.530492753220642,3.407336018345372,3.4483885765075684,32700.0,67.23217967378167,56.719338861093924,46.97607412595532,44.85188385254819,41.44530256842137,3.31,98.0,-0.43,8.05
EZPW,1998-02-13,3.4483886258355505,3.571545362472534,3.4483886258355505,3.571545362472534,68100.0,67.33978187348833,56.7894513811437,47.20883985447707,44.979673611297926,41.553725197608124,3.42,100.0,-0.38,7.88
EZPW,1998-02-17,3.4483885545283446,3.489441112428882,3.407335996627808,3.407335996627808,40200.0,68.36988243806597,57.20983018996392,47.80498663211119,45.318105359639496,41.79685735436314,3.54,100.0,-0.37,7.33
EZPW,1998-02-18,3.4073366070182054,3.4483891722729005,3.4073366070182054,3.427863359451294,45000.0,68.37554524992954,57.2299466162133,47.80293453283633,45.18702332442256,41.799218951687074,3.65,99.0,-0.35,7.35
EZPW,1998-02-19,3.407336229941127,3.407336229941127,3.3662846088409424,3.3662846088409424,9300.0,68.51967540151102,57.29908017493058,47.89239969691905,45.23336835653795,41.84450294497068,3.76,100.0,-0.35,7.25
EZPW,1998-02-20,3.407336229941127,3.407336229941127,3.3662846088409424,3.3662846088409424,326700.0,68.48183352251786,57.176302577254326,47.88263548091564,45.16188257509264,41.84450294497068,3.87,99.0,-0.35,7.25
EZPW,1998-02-23,3.3662846088409424,3.44838879065269,3.3662846088409424,3.3662846088409424,442800.0,68.48183352251786,57.013923302929534,47.87279023665479,44.875587677084326,41.80393160463798,3.97,98.0,-0.35,7.24
EZPW,1998-02-24,3.386810209069933,3.4483885765075684,3.3662843997944947,3.4483885765075684,101700.0,68.23405292107608,57.2143802665498,47.98758987776512,43.90849217022932,41.738789682389,4.07,100.0,-0.34,7.17
EZPW,1998-02-25,3.4483885545283446,3.4483885545283446,3.407335996627808,3.407335996627808,19200.0,66.87608275309555,56.87787252720952,47.567174612473856,43.9031333152526,41.72049915908136,4.16,94.0,-0.37,7.42
EZPW,1998-02-26,3.407335996627808,3.489441112428882,3.407335996627808,3.407335996627808,30300.0,66.45243822711319,56.83899120501443,47.34068086415089,43.87164909771092,41.679609056308394,4.24,93.0,-0.38,7.65
EZPW,1998-02-27,3.407336229941127,3.427862980102597,3.3662846088409424,3.3662846088409424,10500.0,66.35151951612484,55.13880371746627,46.782050781045506,43.89756383397788,41.67171066861276,4.3,87.0,-0.43,8.01
EZPW,1998-03-02,3.3662842559176416,3.448388429121537,3.3662842559176416,3.386810064315796,146400.0,66.12952608773536,53.52825800574136,46.79433742148494,43.65472009346091,41.662742811789826,4.37,88.0,-0.48,8.01
EZPW,1998-03-03,3.4483885765075684,3.4483885765075684,3.386810209069933,3.4483885765075684,51000.0,66.31119280662806,53.64399453094823,46.880527398831546,43.588101624846644,41.683895696627154,4.43,88.0,-0.5,7.97
EZPW,1998-03-04,3.386810794196599,3.427863359451294,3.386810794196599,3.427863359451294,38400.0,66.34647996022211,53.646005641089445,46.881234468782736,42.92606270193969,41.660901684488984,4.5,88.0,-0.53,7.97
EZPW,1998-03-05,3.386810209069933,3.4483885765075684,3.386810209069933,3.4483885765075684,98700.0,66.34488222924885,53.4658204439674,46.89214284965947,42.93140841104355,41.38143861766617,4.56,88.0,-0.55,7.97
EZPW,1998-03-06,3.386810277326733,3.612597942352295,3.386810277326733,3.612597942352295,141900.0,67.56215669623744,54.01588016298452,47.47883736318164,43.278730252681505,41.59110753192311,4.63,93.0,-0.55,7.57
EZPW,1998-03-09,3.530492803723096,3.571545362472534,3.530492803723096,3.571545362472534,83700.0,67.1577104713343,53.75690580246303,47.43506414582516,43.193069381613576,41.58431295913195,4.69,92.0,-0.55,7.56
EZPW,1998-03-10,3.530492803723096,3.653649540360079,3.530492803723096,3.571545362472534,62400.0,66.73168592228306,53.73463658858575,47.43506414582516,43.09291846978732,41.5469748910482,4.76,91.5,-0.55,7.56
EZPW,1998-03-11,3.612598143563485,3.612598143563485,3.5304930210113525,3.5304930210113525,1200.0,63.56107178271816,53.153561851815134,47.433564478894944,43.092671956878156,41.50338787552258,4.82,90.0,-0.56,7.53
EZPW,1998-03-12,3.5510195529034814,3.612597921221973,3.5510195529034814,3.571545362472534,7800.0,60.47948822682241,53.06183791585492,47.46227603634425,43.08616631391951,41.490388922451324,4.88,92.0,-0.56,7.51
EZPW,1998-03-13,3.5920711930518463,3.612597942352295,3.5920711930518463,3.612597942352295,50100.0,37.41915719191497,53.123721013949044,47.49901524552543,43.08244422449189,41.425716224818245,4.94,93.0,-0.55,7.5
EZPW,1998-03-16,3.633124232988613,3.6947026098189286,3.612598420582329,3.6536500453948975,152400.0,31.300183677061593,53.12950745446765,47.39881131209271,43.074010275981685,41.43731949372674,4.99,87.0,-0.55,7.63
EZPW,1998-03-17,3.694702265034914,3.694702265034914,3.653649704441845,3.6741764545440674,37500.0,30.431403444045586,52.73595029115206,47.39749166018118,43.078026189976256,41.41366254070897,5.05,86.0,-0.55,7.65
EZPW,1998-03-18,3.694702270229805,3.715228080749512,3.653649709579015,3.715228080749512,130500.0,29.458260157557408,52.78757918822913,47.42895169007501,43.09581985766285,41.38807597814866,5.1,87.0,-0.56,7.64
EZPW,1998-03-19,3.653649589139968,3.776806327421218,3.653649589139968,3.6947021484375,193200.0,29.141511064655695,52.360101522553904,47.430169237299886,42.99122844577432,41.368361569809565,5.15,87.0,-0.57,7.62
EZPW,1998-03-20,3.653649704441845,3.694702265034914,3.653649704441845,3.6741764545440674,102600.0,28.977790224184048,52.191532947384985,47.43908491115693,42.88000082076264,41.37402589729492,5.2,90.0,-0.57,7.61
EZPW,1998-03-23,3.776805877685547,3.776805877685547,3.776805877685547,3.776805877685547,6300.0,29.718709734628973,52.457969488435495,47.553842357356,42.99553007036177,41.45635176385939,5.24,93.0,-0.59,7.58
EZPW,1998-03-24,3.67417590107974,3.797332624695695,3.67417590107974,3.776805877685547,174600.0,29.718709734628973,52.034407916726444,47.47955738880694,42.99553007036177,41.41938946126095,5.28,91.0,-0.6,7.62
EZPW,1998-03-25,3.797332624695695,3.858910986503673,3.756280070286632,3.776805877685547,49500.0,27.49771805768167,51.86143120656379,47.47955738880694,42.71358507973304,41.41938946126095,5.3,90.5,-0.62,7.62
EZPW,1998-03-26,3.735754798135417,3.982068280658382,3.735754798135417,3.941015720367432,138900.0,29.713547275992937,51.803198371811646,47.94779469478436,42.850369994389766,41.597088363930446,5.34,99.0,-0.68,7.31
EZPW,1998-03-27,3.776806399844783,3.899963140487671,3.776806399844783,3.899963140487671,129000.0,29.95700074452028,51.8569072059088,47.975134682481084,42.86963825055728,41.59063832938797,5.37,99.0,-0.73,7.26
EZPW,1998-03-30,3.817858934402466,3.817858934402466,3.817858934402466,3.817858934402466,3000.0,29.338356317649804,51.6200914529803,47.81276577371446,42.943032418002225,41.617414782407955,5.39,94.0,-0.74,7.31
EZPW,1998-03-31,3.982068260657172,3.982068260657172,3.899963140487671,3.899963140487671,10800.0,25.838675233838305,51.599096335971126,47.92320735849857,43.001933128447476,41.62657768172996,5.41,97.0,-0.77,7.24
EZPW,1998-04-01,3.85891149421273,3.85891149421273,3.817858934402466,3.817858934402466,25500.0,26.889211491177768,51.741087619727224,47.77127593172731,42.908544060408225,41.66484291693065,5.42,90.0,-0.75,7.28
EZPW,1998-04-02,3.817858934402466,3.9410156742219,3.776806374592202,3.817858934402466,56400.0,26.119103285955298,51.741087619727224,47.77127593172731,42.47107755682785,41.66484291693065,5.42,89.5,-0.73,7.28
EZPW,1998-04-03,3.817858934402466,3.85891149421273,3.817858934402466,3.817858934402466,166800.0,26.119103285955298,51.6836283766413,47.77127593172731,42.47107755682785,41.62790018275256,5.41,89.0,-0.71,7.28
EZPW,1998-04-06,3.8383848667144775,3.8383848667144775,3.77680649484413,3.8383848667144775,13500.0,26.090466824260073,51.69206253289326,47.749068465760686,42.24871638500818,41.62927264139572,5.41,87.0,-0.68,7.3
EZPW,1998-04-07,3.756280679442479,3.8178590512366175,3.756280679442479,3.797333240509033,16500.0,25.754191231686157,51.232237080906614,47.77805663391212,42.159771955519126,41.64738311964744,5.39,90.0,-0.65,7.26
EZPW,1998-04-08,3.776805877685547,3.81785843209461,3.735754262887718,3.776805877685547,155400.0,25.486906057935837,50.23407431796917,47.784731908664924,42.06826252576596,41.652984542650515,5.37,90.0,-0.61,7.24
EZPW,1998-04-09,3.715228215858276,3.73575496673584,3.694702404592124,3.73575496673584,31500.0,25.809549118182524,50.00130877102988,47.33650433412703,42.09071769867267,41.646342721777245,5.36,68.0,-0.6,7.64
EZPW,1998-04-13,3.73575496673584,3.73575496673584,3.73575496673584,3.73575496673584,22200.0,25.42594802696608,49.88540275345113,47.30470203613679,42.09071769867267,41.50882041418336,5.34,67.0,-0.6,7.68
EZPW,1998-04-14,3.735754830880595,3.7562806414003016,3.694702270229805,3.715228080749512,70200.0,25.544241328369733,49.72864602918453,47.02511886993842,42.07416481934249,41.47514692963456,5.32,63.0,-0.56,7.87
EZPW,1998-04-15,3.797332624695695,3.81785843209461,3.694701708478655,3.776805877685547,47400.0,25.46796795246117,49.81366774383978,46.8166328653567,41.87396094142222,41.47482024278251,5.29,58.0,-0.57,8.13
EZPW,1998-04-16,3.653649589139968,3.715227958280593,3.6125979694537818,3.6947021484375,81000.0,26.36648254999157,50.06059874085915,46.94776453883268,41.93723789112159,41.07333379145261,5.27,61.0,-0.56,7.97
EZPW,1998-04-17,3.694702404592124,3.73575496673584,3.6125982199161024,3.73575496673584,39000.0,26.46552153107569,50.08788205466209,46.94776453883268,41.34524662300148,40.9544914959538,5.24,60.5,-0.57,8.0
EZPW,1998-04-20,3.612598420582329,3.6536500453948975,3.612598420582329,3.6536500453948975,111000.0,23.947295092671244,50.28482442975011,47.00579662795901,41.409278867376855,40.997486279594504,5.21,62.0,-0.56,7.89
EZPW,1998-04-21,3.6947021484375,3.715227958280593,3.6125979694537818,3.6947021484375,198000.0,23.874920994550106,49.97032803850961,46.94104520183217,41.42965401095624,41.00912971273246,5.18,58.0,-0.53,7.94
EZPW,1998-04-22,3.694702404592124,3.73575496673584,3.674176593325971,3.73575496673584,99300.0,24.043674366826178,49.73042287348117,46.927854737888865,41.352157047106466,40.9844841642294,5.14,57.0,-0.52,7.99
EZPW,1998-04-23,3.69470230764834,3.8178590512366175,3.69470230764834,3.797333240509033,231900.0,24.087067630371713,47.72299593955826,46.69799967967012,41.39490667098508,40.986630226665476,5.1,45.0,-0.54,8.27
EZPW,1998-04-24,3.85891090271087,4.06417179107666,3.776805795675583,4.06417179107666,236400.0,30.599805318248062,47.83836880626987,47.871644358342564,42.12769387357625,41.48472444589644,5.06,93.0,-0.6,7.57
EZPW,1998-04-27,3.81785843209461,3.941015155710565,3.735754262887718,3.776805877685547,13500.0,37.880326740715084,37.35466754133846,48.179356553849054,43.035444034284055,42.135180535006555,5.04,100.0,-0.58,7.24
EZPW,1998-04-28,3.817858954258456,3.8589115142822266,3.776806394234685,3.8589115142822266,32100.0,38.22415907439867,34.64108303696109,47.2727432401611,43.00327285151235,42.159564487189606,5.02,64.0,-0.58,7.79
EZPW,1998-04-29,3.77680651311017,4.02312000178282,3.735754891405656,3.8794374465942383,139200.0,38.22170084353312,34.25367513124778,47.22447715051651,42.977526700261905,42.06186500723381,5.0,63.0,-0.57,7.86
EZPW,1998-04-30,3.9410157005724216,3.9410157005724216,3.8794373302509775,3.899963140487671,20100.0,38.13566536515153,33.784433100984565,47.227028231862604,42.887670321370145,42.063456177742054,4.98,63.0,-0.56,7.88
EZPW,1998-05-01,3.858911713555577,3.87943752482173,3.653649842448408,3.73575496673584,479100.0,40.23592000145169,34.83180676838879,47.59293741761563,42.96482952882036,42.275112707110424,4.95,82.0,-0.55,7.48
EZPW,1998-05-04,3.694702241478897,3.85891154319286,3.694702241478897,3.787069797515869,255600.0,40.37457767166611,34.842236089159805,47.399965390599775,42.77287769467219,42.26295489379777,4.92,68.0,-0.85,7.62
EZPW,1998-05-05,3.71522833558122,3.776806710975447,3.71522833558122,3.756280899047852,66600.0,39.654900291467065,34.796945730963444,47.19424849646001,42.67958907869089,42.178686349712194,4.88,58.0,-0.94,7.83
EZPW,1998-05-06,3.756280679442479,3.838384861964202,3.7357548687148943,3.797333240509033,112500.0,39.784153636709156,34.85441708445158,47.20771018438121,42.52038004755222,42.078154641715635,4.84,58.0,-1.02,7.85
EZPW,1998-05-07,3.83838476446466,3.899963134694635,3.776806394234685,3.8589115142822266,107700.0,40.05009177774784,34.128985028202116,46.82950438919222,42.50337168476707,42.08245217692873,4.79,44.0,-1.02,8.28
EZPW,1998-05-08,3.797333240509033,3.858911612303172,3.797333240509033,3.797333240509033,43200.0,38.29413368306591,34.32937445836502,46.77698562005123,42.52040627053901,41.86058271970888,4.75,39.0,-1.01,8.34
EZPW,1998-05-11,3.776806589268145,3.858911713555577,3.73575496673584,3.73575496673584,93300.0,38.45483941101733,34.46150630967041,46.84845045008569,42.56081020272824,41.897982611115424,4.71,44.0,-1.0,8.24
EZPW,1998-05-12,3.735754830880595,3.735754830880595,3.6125980885396016,3.715228080749512,196200.0,38.01686078466059,33.76018413286531,46.822986898563535,42.55861743672103,41.90336806209236,4.66,42.0,-0.98,8.23
EZPW,1998-05-13,3.6947026098189286,3.6947026098189286,3.6536500453948975,3.6536500453948975,44100.0,37.68338035375069,32.476120939592654,46.61506201550071,42.58525901011464,41.918481190443366,4.61,31.0,-0.97,8.45
EZPW,1998-05-14,3.6947026098189286,3.73575517424296,3.6536500453948975,3.6536500453948975,82500.0,37.24818466066185,32.461187668271045,46.61506201550071,42.561364789674215,41.79571269394548,4.56,30.5,-0.97,8.45
EZPW,1998-05-15,3.6125980885396016,3.735754830880595,3.6125980885396016,3.715228080749512,315300.0,37.61845579571402,32.3665879169859,46.401016514027035,42.20879882853382,41.82386671391454,4.49,27.0,-0.94,8.62
EZPW,1998-05-18,3.6536500453948975,3.715228422225213,3.571545856158298,3.6536500453948975,241500.0,37.89424993175788,32.5833566279078,46.35167739990933,42.05068137048316,41.83867973326226,4.41,26.0,-0.93,8.67
EZPW,1998-05-19,3.6536500453948975,3.674176797412645,3.612598420582329,3.6536500453948975,69000.0,37.84213330722341,32.5833566279078,46.31728232354779,41.9630922368114,41.71148034288631,4.33,25.0,-0.91,8.69
EZPW,1998-05-20,3.653649704441845,3.694702265034914,3.653649704441845,3.6741764545440674,55800.0,37.79690551866439,32.25100155559955,46.03990302654773,41.94581415337676,41.60572770385792,4.25,24.0,-0.88,8.91
EZPW,1998-05-21,3.653649540360079,3.6947020991095183,3.571545362472534,3.571545362472534,191100.0,38.59925079509462,32.704262903714564,46.1361827163823,42.05854934421506,41.686807214089455,4.18,24.0,-0.86,8.8
EZPW,1998-05-22,3.5715453833627366,3.612597942352295,3.5715453833627366,3.612597942352295,13200.0,38.686734283412626,32.776346257825814,45.66327175146556,40.84588694134984,41.6994543710943,4.1,22.0,-0.86,9.35
EZPW,1998-05-26,3.571545362472534,3.5920711720415874,3.571545362472534,3.571545362472534,96900.0,38.7996878104343,32.76483631485815,45.697868521373756,40.76685800166395,41.686052184576575,4.03,22.0,-0.86,9.29
EZPW,1998-05-27,3.571545533176,3.571545533176,3.3662846088409424,3.3662846088409424,46200.0,42.247819698499434,34.98651868962674,46.32883844942707,41.34532793346975,42.08830027283461,3.95,25.0,-0.88,8.61
EZPW,1998-05-28,3.530492681689655,3.5510194301605225,3.4483885066400863,3.5510194301605225,187500.0,45.01767158287513,36.489905540838805,47.01449840561653,41.82330847542141,42.41358718489289,3.88,53.0,-0.88,8.2
EZPW,1998-05-29,3.5510197714550813,3.5510197714550813,3.4894413993466773,3.5304930210113525,12900.0,44.638041147169126,36.488617041654756,46.991904230202344,41.80533929357417,42.385338353073585,3.8,51.0,-0.88,8.23
EZPW,1998-06-01,3.592071388445436,3.612598138862453,3.489441394805908,3.489441394805908,6300.0,44.56839877159409,36.55488257844485,47.02569039313338,41.80230616997332,42.37983938082612,3.71,54.0,-0.89,8.17
EZPW,1998-06-02,3.4894414982637705,3.4894414982637705,3.448388935823965,3.468914747238159,27900.0,44.18290668379111,35.27378117502846,47.0028740755407,41.780720152139054,42.28083725251885,3.59,50.0,-0.91,8.2
EZPW,1998-06-03,3.448388838070611,3.5715455822874187,3.448388838070611,3.5304930210113525,63000.0,44.384635971341105,35.39720568649521,47.09073281064969,41.80085262638271,42.30455734484464,3.47,56.0,-0.92,8.15
EZPW,1998-06-04,3.530492659008463,3.571545216075161,3.5099668502807617,3.5099668502807617,224100.0,44.23877019946088,35.416015972531,46.78423999195932,41.77719476812251,42.25464690358386,3.34,34.0,-0.92,8.48
EZPW,1998-06-05,3.653649589139968,3.735754707735032,3.6125979694537818,3.6947021484375,77400.0,46.599902732520974,36.87417614151149,46.85933796529464,42.18158144384409,42.337444048297705,3.22,39.0,-0.89,8.61
EZPW,1998-06-08,3.612597942352295,3.612597942352295,3.612597942352295,3.612597942352295,6000.0,42.15055526019541,37.10721220382709,46.8297529517478,42.27125754402891,41.60876302402804,3.1,37.0,-0.85,8.64
EZPW,1998-06-09,3.6947023216963535,3.6947023216963535,3.489441394805908,3.489441394805908,63300.0,37.89421356665484,37.709266775808395,47.08214119107008,42.42023692386262,41.735341318867924,2.97,55.0,-0.82,8.32
EZPW,1998-06-10,3.5920711930518463,3.653649561730514,3.489441204994959,3.612597942352295,102600.0,38.80543552455153,38.323450936061235,47.293823826312156,42.55945953869056,41.851361980625335,2.84,62.0,-0.79,8.22
EZPW,1998-06-11,3.5715455776398084,3.612598138862453,3.489441394805908,3.489441394805908,19800.0,39.850312761362574,38.947769222274,47.63094041036432,42.75641222091578,42.00055029613323,2.7,82.0,-0.79,7.87
EZPW,1998-06-12,3.5304930164171635,3.5715455776398084,3.489441394805908,3.489441394805908,201000.0,39.77823775321141,38.86839021692888,47.63094041036432,42.749669030920295,41.8158615466041,2.54,81.5,-0.79,7.87
EZPW,1998-06-15,3.4894411346697654,3.571545311382839,3.4483885765075684,3.4483885765075684,27600.0,38.091395659397556,38.92085386914674,47.66296153547124,42.77363967953332,41.7480114963967,2.33,82.0,-0.8,7.81
EZPW,1998-06-16,3.530492681689655,3.612597796350524,3.4483885066400863,3.5510194301605225,96600.0,38.93690303148604,39.40565093390863,47.846950130326775,42.906714235070595,41.351934268816294,2.08,91.0,-0.77,7.68
EZPW,1998-06-17,3.5099672843625176,3.73575496673584,3.5099672843625176,3.73575496673584,32100.0,41.78160895239302,40.38547418582326,48.27872578021235,43.31394834487398,41.65797774668352,1.8,100.0,-0.76,7.4
EZPW,1998-06-18,3.73575517424296,3.73575517424296,3.5356254495444346,3.6536500453948975,50100.0,42.12041359274449,40.63721696602687,48.255034434980224,43.375682115232856,41.719946948498176,1.47,99.0,-0.71,7.43
EZPW,1998-06-19,3.5715455039072843,3.633123874664306,3.5715455039072843,3.633123874664306,18600.0,41.81126482324972,40.6503452784798,46.9480416593359,43.1070655476036,41.64438238241505,1.17,38.0,-0.71,8.18
EZPW,1998-06-22,3.571545362472534,3.571545362472534,3.571545362472534,3.571545362472534,900.0,41.841774685340624,39.771079439432114,45.81813895143122,43.013587979525106,41.60658804238789,0.59,4.0,-0.66,8.87
EZPW,1998-06-23,3.5304930210113525,3.5304930210113525,3.5304930210113525,3.5304930210113525,4500.0,41.72235900480401,39.782036792856594,37.95903909092047,42.68065553911554,41.60574556118427,1.07,1.0,-0.69,1.39
EZPW,1998-06-24,3.5715455776398084,3.5715455776398084,3.448388833583264,3.489441394805908,8700.0,41.807511477175794,39.6283838332696,36.228893339010845,42.702592451302415,41.60358891646842,1.53,1.0,-0.7,1.31
EZPW,1998-06-25,3.5304930210113525,3.5304930210113525,3.5304930210113525,3.5304930210113525,6000.0,41.75478908486217,39.441379507222344,36.0806712350844,42.720613282859084,41.6015160353852,1.88,1.0,-0.68,1.37
EZPW,1998-06-26,3.571545856158298,3.6536500453948975,3.571545856158298,3.6536500453948975,37200.0,43.00042204283869,39.90213001360747,36.190930244497316,42.90831930500668,41.72087269228253,2.16,2.0,-0.67,1.34
EZPW,1998-06-29,3.5715455822874187,3.5715455822874187,3.5304930210113525,3.5304930210113525,42600.0,43.810916787690644,40.4896913071173,36.500133743108215,43.101116191482944,41.865020700261304,2.39,4.0,-0.68,1.25
EZPW,1998-06-30,3.592071056365967,3.592071056365967,3.592071056365967,3.592071056365967,12000.0,43.90674441442196,40.66815990360303,36.560523228063026,43.150010246874835,41.899525552488655,2.6,5.0,-0.68,1.22
EZPW,1998-07-01,3.592071056365967,3.592071056365967,3.592071056365967,3.592071056365967,9300.0,43.90674441442196,40.64708395631521,36.51303915074756,43.1022261972266,41.82019271049846,2.78,5.0,-0.67,1.24
EZPW,1998-07-02,3.489441204994959,3.612597942352295,3.489441204994959,3.612597942352295,46500.0,43.907924039207714,40.62012688373299,36.52355551608571,43.10761661647723,41.739075097234725,2.96,6.0,-0.65,1.23
EZPW,1998-07-06,3.612597921221973,3.612597921221973,3.571545362472534,3.571545362472534,6600.0,43.24740570272381,40.66775614196858,36.121658293432155,43.107630517769515,41.75631770122909,3.13,2.0,-0.61,1.36
EZPW,1998-07-07,3.612597804885329,3.612597804885329,3.571545247457907,3.592071056365967,52200.0,43.14797195253507,40.6361349789181,36.13121134811868,43.107933280107744,41.75951074225173,3.29,3.0,-0.56,1.35
EZPW,1998-07-08,3.612598064282423,3.633123874664306,3.5715455039072843,3.633123874664306,33300.0,43.1377632422266,40.71061102663056,36.12640279898594,43.12947865553195,41.57141692918699,3.43,3.0,-0.51,1.36
EZPW,1998-07-09,3.592071219999343,3.6947021484375,3.592071219999343,3.6947021484375,47400.0,39.45545972385323,40.84914840903392,35.79613430317023,43.09293972759242,41.50310370683041,3.58,1.0,-0.51,1.47
EZPW,1998-07-10,3.6947021484375,3.776806327421218,3.6125979694537818,3.6947021484375,70200.0,36.4589287019594,40.70367317780341,34.979936678446514,43.087373629332255,41.49872026743259,3.74,1.0,-0.46,1.67
EZPW,1998-07-13,3.6947026098189286,3.6947026098189286,3.6536500453948975,3.6536500453948975,24900.0,36.58323448657732,40.518436534572245,35.0212574763226,43.108221809708496,41.50877262438878,3.89,2.0,-0.39,1.65
EZPW,1998-07-14,3.6125975392717615,3.776805877685547,3.6125975392717615,3.776805877685547,9300.0,37.512872146848494,41.030170949667514,35.267055690006075,43.280508598229574,41.62956047402823,4.02,3.0,-0.38,1.56
EZPW,1998-07-15,3.735754825627983,3.735754825627983,3.612598083460152,3.6741764545440674,27000.0,38.45401717855775,41.168688648668315,35.559885319464485,43.4052961903337,41.59174330847666,4.13,4.0,-0.33,1.44
EZPW,1998-07-16,3.63312358186956,3.63312358186956,3.5099668502807617,3.5099668502807617,21900.0,40.533221991821776,42.15410978683041,36.321126387573386,43.6955527448092,41.522798376224415,4.22,12.0,-0.32,1.25
EZPW,1998-07-17,3.571545362472534,3.571545362472534,3.571545362472534,3.571545362472534,300.0,40.81046348947193,42.250532403775296,36.22531908417885,43.69666745521656,41.55767437713696,4.31,11.0,-0.27,1.29
EZPW,1998-07-20,3.612597942352295,3.653649561730514,3.5920711930518463,3.612597942352295,365400.0,38.04775845837223,42.17745445158479,36.2131191267577,43.71782038578467,41.40353859173824,4.39,11.0,-0.21,1.3
EZPW,1998-07-21,3.612598056873935,3.941015720367432,3.612598056873935,3.941015720367432,106500.0,45.17932335376452,43.662589829476055,38.724504494764034,44.9137106177204,42.22261522161617,4.43,20.0,-0.22,1.83
EZPW,1998-07-22,3.797333340145709,3.817859151411861,3.73575496673584,3.73575496673584,52800.0,46.836893111029084,42.42084543140723,39.63965576867256,45.36076571226274,42.499076853147486,4.46,21.0,-0.21,1.66
EZPW,1998-07-23,3.73575496673584,3.858911713555577,3.674176593325971,3.73575496673584,35700.0,45.8188984859514,42.17948230223044,39.6317370107041,45.188626729197594,42.499076853147486,4.49,21.0,-0.2,1.66
EZPW,1998-07-24,3.7357548687148943,3.797333240509033,3.7357548687148943,3.797333240509033,12300.0,44.72806012556379,42.305395195497816,39.61435049205413,45.22562325156411,42.52872931757835,4.51,21.0,-0.18,1.67
EZPW,1998-07-27,3.817858934402466,3.899963114411636,3.756280564492749,3.817858934402466,22800.0,44.7258287265055,42.306048801595644,39.604784258298906,45.06924786034638,42.51521930692243,4.54,21.0,-0.19,1.67
EZPW,1998-07-28,3.8999633360878825,3.8999633360878825,3.73575496673584,3.73575496673584,164100.0,45.101834900424926,41.608571732844034,39.761623309403284,45.14179259480473,42.40491303337962,4.56,25.0,-0.14,1.62
EZPW,1998-07-29,3.735754604420306,3.7973329718579407,3.4483885765075684,3.4483885765075684,109800.0,50.32132250214336,44.61753822264687,41.110384736737835,46.11874814686984,43.146424081966394,4.56,26.0,-0.19,1.91
EZPW,1998-07-30,3.5304931847177583,3.5304931847177583,3.181549686330808,3.243128061294556,108600.0,50.799271571185834,46.25607683275547,42.19936327657766,46.65435622226822,43.15560655630076,4.56,27.0,0.35,1.7
EZPW,1998-07-31,3.202075242996216,3.243127802905082,3.1199710627898427,3.202075242996216,79200.0,50.58914169344256,46.21878014104183,42.240387271806256,46.67453903310665,43.15664511623595,4.56,28.0,0.85,1.68
EZPW,1998-08-03,3.119971094724321,3.119971094724321,2.7094483102678297,2.976287603378296,389700.0,54.372384150916396,48.23047260337382,43.732866259326926,47.44464037125222,43.765236480666424,4.55,29.0,3.14,1.53
EZPW,1998-08-04,2.8736577870152056,2.8736577870152056,2.7505010381375743,2.771026849746704,133800.0,57.47454897354994,50.105602709294374,45.05740843894361,47.91708863366085,44.27595751860194,4.54,30.0,6.17,1.37
EZPW,1998-08-05,2.75050095810555,3.0378660707175364,2.75050095810555,2.873657703399658,45300.0,58.910523517438875,50.76727241459322,45.42659411758419,48.11550626426316,44.432198356417295,4.53,31.0,5.74,1.27
EZPW,1998-08-06,2.955761671066284,3.03786584872546,2.8736574934071086,2.955761671066284,99600.0,59.75333534770903,51.20242438463006,45.633528491288,48.075845407485424,44.51142262162966,4.52,32.0,4.9,1.21
EZPW,1998-08-07,2.959707975387573,3.0008153442232315,2.959707975387573,2.959707975387573,126900.0,59.56890550119692,51.14173851821603,45.620172065708076,47.93558512711675,44.51179237669357,4.51,32.0,4.16,1.21
EZPW,1998-08-10,2.959707975387573,2.959707975387573,2.959707975387573,2.959707975387573,8100.0,58.376801540784776,51.14173851821603,45.57195417573218,47.93558512711675,44.44745879704002,4.5,32.0,3.52,1.23
EZPW,1998-08-11,2.9186006065519146,2.959707975387573,2.795279440910765,2.959707975387573,39300.0,57.828349036378846,50.97386968010053,45.570331802609175,47.921751689397,44.43125438171882,4.49,32.0,2.97,1.23
EZPW,1998-08-12,2.836387157440185,2.8774945313149227,2.836387157440185,2.836387157440185,41400.0,58.343927567030676,51.52598665322935,46.01571673814145,48.123015064385946,44.55852720116755,4.48,39.0,2.6,1.1
EZPW,1998-08-13,2.795279468769528,2.795279468769528,2.754173040390014,2.754173040390014,152400.0,58.62116646233901,51.77510546588364,45.95452444273055,48.17306382984764,44.500634731799046,4.48,39.0,2.38,1.1
EZPW,1998-08-14,2.836386788975109,2.836386788975109,2.7130656242370605,2.7130656242370605,94800.0,58.481774009089314,51.77230742755437,45.99021318385119,48.17866745512634,44.36034136782826,4.47,40.0,2.18,1.09
EZPW,1998-08-17,2.671958299692794,2.7541730381156,2.671958299692794,2.702788591384888,20100.0,58.5022520309441,51.544834283854726,45.98721060401228,48.03504697982059,44.296779520785776,4.46,40.0,1.93,1.09
EZPW,1998-08-18,2.754173040390014,2.836386838014877,2.713065671144665,2.754173040390014,243600.0,58.9163779190334,51.66565188756598,45.53636200861149,48.08234042200007,44.2304093128742,4.44,32.0,1.66,1.19
EZPW,1998-08-19,2.754173189442753,2.754173189442753,2.661682309284592,2.671958446502685,48000.0,58.91162022257272,51.917657032085614,45.72120977372811,47.52667093937542,44.28537202478789,4.43,39.0,1.45,1.12
EZPW,1998-08-20,2.795279468769528,2.795279468769528,2.713065671144665,2.754173040390014,5700.0,59.57635023949176,51.1498860717985,45.95145721295811,47.0735752991032,44.37765556446405,4.42,41.0,1.17,1.07
EZPW,1998-08-21,2.754173189442753,2.754173189442753,2.671958446502685,2.671958446502685,42300.0,59.79056626361018,50.047111660335766,45.9797499642891,47.16639584051532,44.47327939437059,4.41,43.0,0.96,1.05
EZPW,1998-08-24,2.661682119218147,2.795279420440486,2.661682119218147,2.7130656242370605,364500.0,60.26554367633028,50.21402255160454,45.99176432688126,47.210939521691664,44.49804245586524,4.4,46.0,0.73,1.05
EZPW,1998-08-25,2.671958203523294,2.774726152420044,2.671958203523294,2.774726152420044,10800.0,59.678913283799105,50.48917261199386,46.17225758457339,47.22685695139751,44.53748355706201,4.39,50.0,0.5,1.0
EZPW,1998-08-26,2.7336190332747927,2.7336190332747927,2.671958446502685,2.671958446502685,38400.0,60.00738574399489,50.96463891333328,46.49342874579193,47.261505941349384,44.67192062970927,4.38,55.0,0.31,0.9
EZPW,1998-08-27,2.6308518907471985,2.661682182666635,2.54863715171814,2.54863715171814,74400.0,60.086777730921156,51.501897298371844,46.98381772751626,47.44985863274539,44.6278001597101,4.37,72.0,0.21,0.78
EZPW,1998-08-28,2.630851949622865,2.630851949622865,2.3842096087477795,2.486976623535156,161400.0,59.611438361943634,51.64984749645855,47.083881498354444,47.512294175918676,44.536203250794514,4.37,80.0,0.14,0.75
EZPW,1998-08-31,2.466423559511558,2.466423559511558,2.219781203560402,2.2608885765075684,92700.0,63.83368259801796,53.44260222320955,49.25391031238344,48.54868712985321,45.44786537600097,4.38,100.0,0.31,0.86
EZPW,1998-09-01,2.404762923717499,2.466423511505127,2.3431023359298706,2.466423511505127,32400.0,63.83366818180435,56.79731251449069,51.36891402887812,49.65385267789467,46.29793009955972,4.43,100.0,0.16,0.93
EZPW,1998-09-02,2.507530927658081,2.507530927658081,2.4664235547896145,2.507530927658081,36300.0,63.44894011953877,56.67610118885441,51.46983853417231,49.70372127227458,46.321666866910796,4.48,100.0,0.0,0.91
EZPW,1998-09-03,2.6308521053975618,2.6308521053975618,2.4664235547896145,2.507530927658081,78600.0,63.44894011953877,56.06799325431587,51.473119321478876,49.68035041354118,45.55610007945096,4.53,100.0,-0.15,0.91
EZPW,1998-09-04,2.4664235547896145,2.507530927658081,2.4664235547896145,2.507530927658081,12300.0,62.960382742698386,55.76207070335973,51.37357913628045,49.552308026549966,45.48126497480979,4.58,98.0,-0.29,0.93
EZPW,1998-09-08,2.6616825182491186,2.6616825182491186,2.589744847745317,2.630852222442627,21600.0,65.26079430699481,56.82253391377869,51.951563601994465,49.906848002970925,45.731284763110004,4.63,100.0,-0.43,0.83
EZPW,1998-09-09,2.5075307230694523,2.54863715171814,2.5075307230694523,2.54863715171814,25200.0,65.44930557198542,57.0752294060208,52.09270257009392,49.862118047388904,45.835240859579926,4.69,100.0,-0.56,0.79
EZPW,1998-09-10,2.425315984040393,2.589744521232669,2.425315984040393,2.54863715171814,86400.0,62.3348452484348,56.63574884033942,52.0122954702513,49.810426463747945,45.81553042148546,4.75,99.0,-0.68,0.82
EZPW,1998-09-11,2.548637473048008,2.671958656273975,2.548637473048008,2.630852222442627,53400.0,61.51378150787819,55.96064032384511,52.26303025258537,49.948752889470796,45.91831985806896,4.8,100.0,-0.78,0.76
EZPW,1998-09-14,2.630851554973074,2.630851554973074,2.486976250467867,2.5691909790039062,150900.0,61.68521912063737,55.98014518370174,52.30980614605944,49.8511251622949,45.96029882806029,4.86,100.0,-0.88,0.74
EZPW,1998-09-15,2.692512602670646,2.692512602670646,2.671958446502685,2.671958446502685,25500.0,59.84035169421321,56.73780292800627,52.65827041447838,50.04298452006141,46.11963247981325,4.92,100.0,-0.97,0.67
EZPW,1998-09-16,2.569191529196254,2.7336191397490586,2.569191529196254,2.651405334472656,24600.0,56.30616866377264,56.685814919624256,51.40065935347009,49.80436357072951,46.10879728181371,4.96,92.0,-1.06,0.79
EZPW,1998-09-17,2.5691913531766097,2.5897445678710938,2.5691913531766097,2.5897445678710938,9000.0,55.47849318156509,56.798267768337155,50.293515946774015,49.86988011873537,46.14482888035495,4.98,89.0,-1.13,0.91
EZPW,1998-09-18,2.589744847745317,2.630852222442627,2.589744847745317,2.630852222442627,21300.0,54.977468732970436,56.941774425326905,50.228109319654436,49.74324214823338,46.17457898362441,5.0,88.0,-1.2,0.93
EZPW,1998-09-21,2.7130656242370605,2.7130656242370605,2.7130656242370605,2.7130656242370605,900.0,55.8748253776895,57.30948733728673,50.507923731093825,49.83883962953245,46.23995581076052,5.03,89.0,-1.27,0.86
EZPW,1998-09-22,2.713065817972719,2.713065817972719,2.671958446502685,2.671958446502685,8100.0,55.98107208789528,56.77838929039615,50.521552221795,49.85238335962399,46.22142374488512,5.06,89.0,-1.33,0.85
EZPW,1998-09-23,2.7130656242370605,2.7130656242370605,2.7130656242370605,2.7130656242370605,3000.0,56.236169685901835,56.6025861033718,50.21567042624435,49.892859996085264,46.24430329886623,5.08,85.0,-1.38,0.93
EZPW,1998-09-24,2.7130656242370605,2.7130656242370605,2.7130656242370605,2.7130656242370605,0.0,54.96650247591365,56.43036372555497,50.14585645061895,49.88055647147455,46.24128730566005,5.1,84.0,-1.42,0.95
EZPW,1998-09-25,2.713066030971285,2.7952798394999427,2.630852222442627,2.630852222442627,12300.0,55.027821035963406,56.673270135354514,50.329358389024925,49.998935137838735,46.33817617404195,5.13,87.0,-1.47,0.89
EZPW,1998-09-28,2.630852222442627,2.630852222442627,2.630852222442627,2.630852222442627,0.0,54.87937580041975,56.6385302375458,50.279579577605396,49.84988148580964,46.332817699517435,5.15,85.0,-1.51,0.91
EZPW,1998-09-29,2.6925125122070312,2.6925125122070312,2.6925125122070312,2.6925125122070312,900.0,55.31575685174601,56.921311141372634,50.36289539464926,49.63362317552862,46.390277727779235,5.18,87.0,-1.55,0.89
EZPW,1998-09-30,2.651405142118132,2.6925125122070312,2.651405142118132,2.6925125122070312,900.0,55.023347420098375,56.88852799496335,50.326097437989226,49.555297668321025,46.371987729198885,5.2,85.0,-1.58,0.9
EZPW,1998-10-01,2.651405334472656,2.69251270754382,2.651405334472656,2.651405334472656,4500.0,54.49441487423605,56.82791278953005,50.320033717133384,49.528336970038254,46.199760798295095,5.23,84.0,-1.61,0.9
EZPW,1998-10-02,2.651405230930873,2.7130658176967075,2.651405230930873,2.697650671005249,16800.0,53.988351891178475,56.836028799402705,50.42609802834718,49.53394531128993,46.14957197062402,5.25,87.0,-1.63,0.87
EZPW,1998-10-05,2.6308520158985385,2.7952796200469,2.6308520158985385,2.671958446502685,112500.0,53.33045408109023,56.83216728439512,50.390108293667154,49.5439129911147,45.91026357295459,5.28,86.0,-1.65,0.88
EZPW,1998-10-06,2.733619094631907,2.733619094631907,2.5897447025563043,2.610297918319702,30000.0,53.543721444244305,56.93963814871058,50.48940693958962,49.613276918827225,45.96348743342885,5.3,87.0,-1.67,0.85
EZPW,1998-10-07,2.6205744786896386,2.651404766674222,2.5691909790039062,2.5691909790039062,93600.0,53.21749993541357,56.398226341180404,50.424543875073525,49.63512481329542,45.984543584009536,5.33,85.0,-1.68,0.87
EZPW,1998-10-08,2.5486372729584708,2.7952796200469,2.404762884112183,2.671958446502685,52800.0,53.471097323348005,56.98681542440691,50.83686357578576,49.84132491276779,46.160722589814995,5.36,89.0,-1.69,0.78
EZPW,1998-10-09,2.671958446502685,2.671958446502685,2.6308520158985385,2.671958446502685,71400.0,51.562240075170415,56.36889575627242,50.83686357578576,49.70082321833128,46.160722589814995,5.38,88.5,-1.7,0.78
EZPW,1998-10-12,2.671958420676885,2.918600765381393,2.630851990470052,2.8774943351745605,104400.0,55.03299757445159,58.47089624989877,52.27909027960192,50.42300182685402,46.77014121228316,5.43,98.0,-1.69,0.68
EZPW,1998-10-13,2.87749423283218,2.89804744720459,2.69251248088295,2.89804744720459,179100.0,46.11652670985964,58.43022188033154,52.13495058382394,49.71028865112695,46.74232654905058,5.47,96.0,-1.68,0.72
EZPW,1998-10-14,2.83638696410185,2.898047550277977,2.83638696410185,2.8774943351745605,38400.0,39.78653142825937,55.29052066941221,52.095654435713946,49.067732997606555,46.74637369930078,5.51,95.0,-1.67,0.73
EZPW,1998-10-15,2.877494178582083,3.0008153442232315,2.836386809746424,2.959707975387573,143100.0,40.21688476295141,54.777338976191295,52.29742049446031,45.37141677642014,46.82121985559364,5.56,98.0,-1.65,0.68
EZPW,1998-10-16,2.9597082869770244,3.041922092437744,2.9186009138137017,3.041922092437744,65400.0,40.67113952895966,55.14680382140899,51.684898063853566,44.66108139624679,46.90212261120566,5.59,90.0,-1.64,0.77
EZPW,1998-10-19,3.041922092437744,3.041922092437744,2.9186009138137017,3.041922092437744,10800.0,40.67113952895966,54.99800593045999,50.9430374962211,44.579392654865295,46.90212261120566,5.62,84.0,-1.62,0.9
EZPW,1998-10-20,2.959707975387573,2.959707975387573,2.959707975387573,2.959707975387573,6900.0,39.83732383516967,55.176835384394195,51.10406909374009,44.546800108651816,46.92758674425034,5.64,84.0,-1.6,0.86
EZPW,1998-10-21,3.041921772193064,3.041921772193064,2.959707975387573,2.959707975387573,6900.0,38.403611303110694,55.06215092344694,51.079928191223125,44.494305258748874,46.925063868511764,5.67,83.0,-1.58,0.86
EZPW,1998-10-22,2.959708142560844,3.124136686325073,2.836386969954142,3.124136686325073,47700.0,40.90913034615823,53.98803805261059,51.834303902310886,44.95292708552127,47.24435053296132,5.7,90.0,-1.56,0.73
EZPW,1998-10-23,3.165242910385132,3.165242910385132,3.041921745813428,3.165242910385132,12300.0,40.27197550771021,52.60864480426459,51.79784991559432,44.96396205525548,47.2598987897622,5.73,89.0,-1.54,0.74
EZPW,1998-10-26,3.1446896087582883,3.185796976089477,3.1446896087582883,3.185796976089477,38100.0,39.26338611544729,52.56357588207876,51.80602038671183,44.971713265689964,47.265052322321246,5.76,89.0,-1.51,0.74
EZPW,1998-10-27,3.1241368823272206,3.2474580626708485,3.0830295085906982,3.0830295085906982,10500.0,39.69998921379379,50.789875336995806,51.36450987921284,44.94313846067729,47.34602594720371,5.79,81.0,-1.48,0.8
EZPW,1998-10-28,3.206350326538086,3.206350326538086,3.206350326538086,3.206350326538086,1200.0,40.73424478621582,49.1216690149413,51.6655476504421,45.18888014286586,47.4800079781945,5.82,86.0,-1.45,0.74
EZPW,1998-10-29,3.206350326538086,3.206350326538086,3.206350326538086,3.206350326538086,1200.0,39.795170503371786,48.611324022723316,51.38584551090128,45.16514711812046,47.4800079781945,5.84,82.0,-1.42,0.81
EZPW,1998-10-30,3.12413683876439,3.12413683876439,3.041922092437744,3.041922092437744,14100.0,43.28967313986436,49.552905369273645,51.71771578055889,45.386888434423014,47.76572394828035,5.87,87.0,-1.38,0.76
EZPW,1998-11-02,3.12413683876439,3.12413683876439,3.041922092437744,3.041922092437744,4200.0,42.6010917171684,49.552676111846885,51.44733246115426,45.053188562642724,47.76152432316773,5.89,82.0,-1.35,0.83
EZPW,1998-11-03,3.124136686325073,3.124136686325073,3.124136686325073,3.124136686325073,1200.0,42.702577617814704,49.842732301445636,51.63926579316123,45.1622368515192,47.71844450369106,5.91,84.0,-1.31,0.78
EZPW,1998-11-04,3.041922092437744,3.12413683876439,3.041922092437744,3.041922092437744,1200.0,43.565406409415644,50.16195149562718,51.77123629670246,45.22039660406853,47.78472040637368,5.94,87.0,-1.28,0.75
EZPW,1998-11-05,3.124136686325073,3.124136686325073,3.083029315167546,3.124136686325073,61500.0,44.04554647568493,49.629846543696935,51.73295754072234,45.33501721957878,47.75026219258078,5.96,86.0,-1.24,0.75
EZPW,1998-11-06,3.124136686325073,3.206350487774248,3.083029315167546,3.124136686325073,69000.0,42.776606372575266,49.20879996222939,51.05749231176251,45.33501721957878,47.75026219258078,5.98,71.0,-1.19,0.88
EZPW,1998-11-09,3.206350382636576,3.206350382636576,3.1446897983551025,3.1446897983551025,7200.0,42.74250583222099,49.08641732988336,50.96861286142816,45.24892521539114,47.75597774493991,6.0,70.0,-1.13,0.91
EZPW,1998-11-10,3.0624759270438062,3.165242937834212,2.959707975387573,2.959707975387573,55500.0,46.539482068109365,50.74926886273305,51.82254828556408,45.78538669971195,48.11456806987267,6.02,89.0,-1.07,0.76
EZPW,1998-11-11,3.1241368317602984,3.1241368317602984,2.651405334472656,2.651405334472656,12000.0,56.944109322538495,55.51576692774026,54.53667863217577,47.573949415678555,49.330554053393435,6.08,100.0,-1.01,1.02
EZPW,1998-11-12,2.877494301314192,2.877494301314192,2.6514051743735605,2.733618974685669,13800.0,57.455003436290895,55.52710702190237,54.776971475995516,47.70609399498555,49.43473235881179,6.08,100.0,-0.95,0.97
EZPW,1998-11-13,2.8774941575097315,2.8774941575097315,2.7130656242370605,2.7130656242370605,8700.0,57.29443545754438,55.19668795615081,54.763312361881525,47.704243151128075,49.26612207089461,6.05,99.0,-0.89,0.98
EZPW,1998-11-16,2.7952795028686523,2.7952795028686523,2.7952795028686523,2.7952795028686523,18900.0,57.84750178021798,55.17447806605289,54.958763309085214,47.79194648320518,49.354916571064955,6.01,100.0,-0.81,0.94
EZPW,1998-11-17,2.671958426189913,3.124136686325073,2.671958426189913,3.124136686325073,17700.0,65.47021079809087,59.58141284639713,57.55936019747768,49.60350622446864,50.508650027650226,6.0,100.0,-0.73,1.25
EZPW,1998-11-18,3.041921772193064,3.041921772193064,2.959707975387573,2.959707975387573,37800.0,67.48341218055506,60.53458654659042,57.93001480259928,50.00007430027294,50.6905112007613,6.0,100.0,-0.64,1.18
EZPW,1998-11-19,2.959708136454104,2.959708136454104,2.8774943351745605,2.8774943351745605,5100.0,67.31559129565909,60.303825429784794,57.99886905264368,49.78444563392581,50.763580670863995,6.0,100.0,-0.53,1.15
EZPW,1998-11-20,2.881446171431226,2.881446171431226,2.7991185188293457,2.7991185188293457,14100.0,67.87712087607461,59.76126237020482,58.137493556779106,49.867742871291185,50.823382504535076,5.99,100.0,-0.42,1.12
EZPW,1998-11-23,2.9226090751450564,2.9226090751450564,2.510974578011293,2.6962103843688965,33000.0,65.16119841705036,60.06103036407947,58.38580084790988,50.05004131722782,50.92199195915737,5.97,100.0,-0.29,1.05
EZPW,1998-11-24,2.7579554655380174,2.7579554655380174,2.4698105834197266,2.510974407196045,8400.0,68.07741103036744,58.58775752853952,59.369381184040456,50.710417742417135,51.35760607739521,5.96,100.0,-0.18,0.9
EZPW,1998-11-25,2.7167916901529203,2.7167916901529203,2.3051562715316343,2.4286468029022217,53700.0,68.57795323577612,56.252010177312386,59.538056107551206,50.82085750914964,51.441717745706164,5.94,100.0,-0.05,0.86
EZPW,1998-11-27,2.4286468029022217,2.4286468029022217,2.4286468029022217,2.4286468029022217,19500.0,67.85279039271943,56.143219280885425,59.49114022710732,50.79587598250186,51.34528801961737,5.92,99.0,0.08,0.87
EZPW,1998-11-30,2.469810724258423,2.51097455038207,2.408065456151962,2.469810724258423,12900.0,67.46002901850723,56.255580274469985,59.49114196343422,50.820666559545025,51.36901774407963,5.87,99.0,0.23,0.87
EZPW,1998-12-01,2.4698106667070285,2.5521373748779297,2.4698106667070285,2.5521373748779297,14700.0,68.41597578878996,56.661757289973224,59.774687731571966,50.98080198049754,51.037669200497106,5.8,100.0,0.4,0.81
EZPW,1998-12-02,2.5521373748779297,2.675627908213281,2.5521373748779297,2.5521373748779297,50400.0,68.126376927123,55.782372655981625,59.76544305318804,50.957444420615836,50.63807193305412,5.72,99.0,0.59,0.81
EZPW,1998-12-03,2.6344650252068305,2.716791733377732,2.5521373748779297,2.5521373748779297,7500.0,68.126376927123,55.401037235140535,59.477701798394314,50.956374075814296,50.6209868567527,5.63,95.0,0.77,0.88
EZPW,1998-12-04,2.6756279468536377,2.71679177261256,2.634465063252729,2.6756279468536377,186600.0,67.64039186218993,56.24021471650404,59.90504895869043,51.287311135049805,50.85717124299825,5.54,100.0,1.01,0.8
EZPW,1998-12-07,2.634465063252729,2.71679177261256,2.634465063252729,2.6756279468536377,138000.0,67.43992760822259,55.86938748169453,59.516814054129966,51.169102896169875,50.81024643115036,5.45,96.0,1.27,0.88
EZPW,1998-12-08,2.716791729594386,2.716791729594386,2.634465021538132,2.655046463012696,75300.0,67.34450665726347,55.67175281938466,59.434324286080496,51.17319153593579,50.71667241871987,5.35,92.0,1.57,0.9
EZPW,1998-12-09,2.634464924759331,2.71679162979126,2.634464924759331,2.71679162979126,31200.0,67.36212935351375,55.288227715229695,59.53384306672827,51.257800300044075,50.70062746937785,5.24,96.0,1.93,0.88
EZPW,1998-12-10,2.71679162979126,2.71679162979126,2.71679162979126,2.71679162979126,600.0,66.11201587025862,55.263151688910085,57.76687842085552,50.985555443817454,50.69384586549511,5.15,85.0,1.86,0.98
EZPW,1998-12-11,2.7991183348231887,2.7991183348231887,2.675627806196313,2.71679162979126,37800.0,66.11201587025862,55.037774377309844,57.21527135859501,50.976307448102844,50.53755337339649,5.06,83.0,2.11,1.11
EZPW,1998-12-14,2.655046463012696,2.655046463012696,2.655046463012696,2.655046463012696,3600.0,64.82143408094545,55.16076821787308,57.299025003901605,50.98582039367496,50.544592197721215,4.97,83.0,2.31,1.08
EZPW,1998-12-15,2.634464979171753,2.634464979171753,2.634464979171753,2.634464979171753,20400.0,64.81337019914805,54.811480810752975,57.215142921776355,50.914789342882905,50.54835477375382,4.87,81.0,2.12,1.1
EZPW,1998-12-16,2.6756279468536377,2.6756279468536377,2.634465063252729,2.6756279468536377,171900.0,64.42202483824695,54.81991557633086,57.27833660284591,50.90655618598811,50.56226109298538,4.76,82.0,1.19,1.09
EZPW,1998-12-17,2.634465021538132,2.655046463012696,2.634465021538132,2.655046463012696,18000.0,64.10575340415686,54.74927087412061,57.208236430579284,50.91053765878216,50.470539347435974,4.65,79.0,-0.24,1.11
EZPW,1998-12-18,2.655046463012696,2.655046463012696,2.634465021538132,2.655046463012696,83700.0,63.440296158354926,54.74927087412061,55.87470794907983,50.91053765878216,50.470539347435974,4.55,78.0,-0.57,1.29
EZPW,1998-12-21,2.67562790448726,2.7579555547015127,2.655046463012696,2.655046463012696,60000.0,63.440296158354926,54.38117979554635,55.075653221813006,50.90354799326604,50.35661336598039,4.45,77.0,-0.53,1.47
EZPW,1998-12-22,2.67562790448726,2.716791729594386,2.655046463012696,2.655046463012696,42900.0,63.361107628856026,54.38117979554635,55.04954946224525,50.893559560756565,50.31666856768155,4.36,76.0,-0.47,1.48
EZPW,1998-12-23,2.655046505053184,2.696210330812105,2.655046505053184,2.6756279468536377,40500.0,61.26924001431343,54.193793669137506,53.869424634998886,50.90483636868417,50.3100904987873,4.28,71.0,-0.41,1.69
EZPW,1998-12-24,2.6756279468536377,2.6756279468536377,2.6756279468536377,2.6756279468536377,3300.0,52.26576160337153,54.193793669137506,52.67360953406425,50.89401565531525,50.20005709761056,4.22,70.0,-0.41,1.92
EZPW,1998-12-28,2.675628000001586,2.716791826578175,2.6550465577923075,2.6962103843688965,134100.0,51.5312812660172,54.12202841978056,52.360440778293146,50.906021688758095,50.17009534444497,4.16,68.0,-0.37,2.03
EZPW,1998-12-29,2.6756279468536377,2.6756279468536377,2.6756279468536377,2.6756279468536377,8100.0,51.532678486163974,54.02854434232521,52.16723591943171,50.90886141077069,49.996153220819934,4.11,63.0,-0.31,2.09
EZPW,1998-12-30,2.6962103843688965,2.716791826578175,2.6962103843688965,2.6962103843688965,59100.0,50.794347055633516,54.0154616846517,52.18410289005786,50.875121264171284,50.00399608756955,4.05,63.0,-0.23,2.09
EZPW,1998-12-31,2.716791491233314,2.757955312728882,2.6962100515644885,2.757955312728882,58800.0,38.83753288134722,53.98321989544982,52.31801648216934,50.900801115479176,49.944903634314244,3.99,67.0,-0.16,2.04
EZPW,1999-01-04,2.7579554533862063,2.7991183348231887,2.675627806196313,2.71679162979126,227700.0,36.02439532617574,53.9723927392606,52.367290066620185,50.902944104566174,49.921845311325605,3.93,68.0,-0.07,2.02
EZPW,1999-01-05,2.7579554533862063,2.7579554533862063,2.675627806196313,2.71679162979126,49800.0,35.22036563529876,53.379223055325554,51.93863144345067,50.84511213606868,49.91232631200001,3.88,54.0,-0.05,2.16
EZPW,1999-01-06,2.757955653154764,2.757955653154764,2.675628000001586,2.6962103843688965,23700.0,34.41995570627205,53.40365478734977,51.74386879345059,50.82700224766036,49.9162528299175,3.82,48.0,-0.04,2.24
EZPW,1999-01-07,2.71679162979126,2.71679162979126,2.71679162979126,2.71679162979126,3300.0,32.737356485568434,51.1620248793344,51.70356143703646,50.81642002313984,49.91409442889461,3.76,45.0,-0.04,2.25
EZPW,1999-01-08,2.757955496832896,2.799118378918327,2.737373113632202,2.737373113632202,74400.0,24.800017716669153,51.16499795349587,51.71364254173968,50.78289894358401,49.92158430698428,3.7,45.0,-0.04,2.25
EZPW,1999-01-11,2.737373113632202,2.757955496832896,2.737373113632202,2.737373113632202,13200.0,22.328882619187898,51.14914768912109,51.626582382768134,50.10127723300658,49.81066450071733,3.63,40.0,-0.04,2.28
EZPW,1999-01-12,2.7991185188293457,2.7991185188293457,2.7373732504569483,2.7991185188293457,15600.0,22.910916535145606,51.02106978712616,51.51747387325424,49.46346336239798,49.644194760218966,3.56,39.0,-0.06,2.33
EZPW,1999-01-13,2.7579554533862063,2.7579554533862063,2.71679162979126,2.71679162979126,10200.0,24.695634751934865,51.01244698838193,51.51562593729145,49.498040583985656,49.671873135201125,3.49,38.0,-0.05,2.32
EZPW,1999-01-14,2.6756279468536377,2.6756279468536377,2.6756279468536377,2.6756279468536377,1500.0,23.591240232150085,51.08427119564995,51.346490419221965,49.51544196338012,49.6549448562993,3.43,29.0,-0.05,2.39
EZPW,1999-01-15,2.7991183348231887,2.7991183348231887,2.6962101890727683,2.71679162979126,17700.0,23.915423283623234,50.93125683690924,51.34649056167782,49.550391932798824,49.64923298972383,3.36,29.0,-0.05,2.39
EZPW,1999-01-19,2.6756278614589166,2.7167916859040635,2.634464979171753,2.634464979171753,50700.0,25.74161964364725,51.28362586342776,51.44924646578515,49.42874833824082,49.73982466232263,3.29,35.0,-0.05,2.34
EZPW,1999-01-20,2.7579555983714816,2.7579555983714816,2.6756279468536377,2.6756279468536377,20100.0,22.190368967592235,50.079619237512475,51.16221458250559,49.43749942739273,49.76671793914188,3.22,26.0,-0.05,2.45
EZPW,1999-01-21,2.6962101890727683,2.71679162979126,2.675627806196313,2.71679162979126,12600.0,22.627255255162527,50.110947449668274,50.65205833987279,49.47363099598484,49.78775979645619,3.17,18.0,-0.03,2.63
EZPW,1999-01-22,2.6962103843688965,2.737373268787453,2.6962103843688965,2.6962103843688965,28200.0,22.623565416209058,50.08577117234287,50.50953619818791,49.45531311283104,49.774934417165824,3.13,16.0,0.01,2.7
EZPW,1999-01-25,2.6962100515644885,2.757955312728882,2.6962100515644885,2.757955312728882,77700.0,22.593800964047905,49.95538280163543,48.214549701209805,49.49495407885272,49.73322515028219,3.14,1.0,-0.09,2.82
EZPW,1999-01-26,2.634464966260647,2.737373113632202,2.634464966260647,2.737373113632202,105000.0,22.71224060711152,49.22673862533121,46.26709122611113,49.47063130605206,49.68311293879423,3.21,1.0,-0.06,3.11
EZPW,1999-01-27,2.6962100515644885,2.757955312728882,2.6962100515644885,2.757955312728882,31800.0,22.80859098567958,49.26778883093629,46.21229392578125,49.45246621682571,49.17020468042116,3.28,1.0,-0.04,3.14
EZPW,1999-01-28,2.716791491233314,2.881445835057669,2.716791491233314,2.757955312728882,11400.0,21.697279738636947,48.14834271723682,46.21229392578125,49.45076533210105,48.70769065442657,3.35,1.5,-0.01,3.14
EZPW,1999-01-29,2.7167918083854907,2.7991185188293457,2.7167918083854907,2.7991185188293457,15300.0,21.866063754197082,48.26539423404197,46.264339918248325,49.45631654118137,46.01097012510349,3.41,3.0,0.01,3.11
EZPW,1999-02-01,2.71679162979126,2.71679162979126,2.675627806196313,2.71679162979126,33000.0,23.33772944445174,48.252129145069006,45.90448331009293,49.56974762204118,45.5162459045706,3.49,1.0,0.01,3.23
EZPW,1999-02-02,2.737373070509751,2.7579554533862063,2.675627806196313,2.71679162979126,62100.0,23.20802481233095,47.98634496411655,45.61564639153393,49.52202422268474,45.46030019212643,3.56,1.0,0.04,3.38
EZPW,1999-02-03,2.716791672589487,2.778536937875612,2.6756278483460774,2.737373113632202,135900.0,23.289307191539905,47.65928785428945,45.62868693166696,49.501938630027226,45.36675669670435,3.63,2.0,0.07,3.38
EZPW,1999-02-04,2.716791672589487,2.737373113632202,2.6756278483460774,2.737373113632202,27900.0,23.289307191539905,47.65928785428945,45.3565532222303,49.501938630027226,45.32997639466454,3.71,1.0,0.08,3.51
EZPW,1999-02-05,2.720719337463379,2.720719337463379,2.720719337463379,2.720719337463379,23100.0,23.37946740699106,47.63051182870178,45.20411629207413,49.49732300807063,45.32092097618211,3.79,1.0,0.1,3.6
EZPW,1999-02-08,2.7207194537651245,2.7413306502717982,2.4115467885645425,2.5352158546447754,183900.0,31.113812161724912,48.1928446053904,46.166302421534716,50.0675947693309,45.839847966583335,3.84,6.0,0.07,3.37
EZPW,1999-02-09,2.597050189971924,2.597050189971924,2.5558268565768056,2.597050189971924,22200.0,32.005816091066386,42.980078683606806,46.316132195964876,50.13747954779443,45.91006870558098,3.89,11.0,0.06,3.3
EZPW,1999-02-10,2.555827043163686,2.679496108857414,2.555827043163686,2.6382737159729004,14700.0,32.280458931913536,42.63168599088253,46.232292485076094,50.16736964683181,45.81174870600609,3.94,9.0,0.07,3.35
EZPW,1999-02-11,2.617661714553833,2.617661714553833,2.617661714553833,2.617661714553833,18900.0,32.283867743265695,42.633793401531534,46.18180283323991,49.704498295062585,45.81671782469516,3.98,7.0,0.07,3.37
EZPW,1999-02-12,2.5558269023895264,2.5558269023895264,2.5558269023895264,2.5558269023895264,300.0,32.862023294617885,42.41683108864888,46.068453433615,49.34460120545049,45.85481505327375,4.03,6.0,0.04,3.41
EZPW,1999-02-16,2.6382737159729004,2.6382737159729004,2.555827043163686,2.6382737159729004,1800.0,33.548995779150594,36.04461162270128,46.291397967416245,49.50180334391612,45.82947649976494,4.07,14.0,0.03,3.31
EZPW,1999-02-17,2.5558269023895264,2.597050236523565,2.5558269023895264,2.5558269023895264,13800.0,34.472774521441416,34.96319823908663,46.49464419266475,49.61600859250147,45.70097953487863,4.11,16.0,0.01,3.21
EZPW,1999-02-18,2.6382736740924644,2.6794960663226064,2.555827002592024,2.576439142227173,32400.0,34.592396920047754,34.61090174816894,46.51475027997391,49.62690796871376,45.70460982923013,4.14,17.0,-0.01,3.2
EZPW,1999-02-19,2.5558269023895264,2.5558269023895264,2.5558269023895264,2.5558269023895264,19200.0,34.598894282893376,34.21850505325515,46.27773230826787,49.57959082840384,45.67806472131016,4.18,14.0,-0.03,3.32
EZPW,1999-02-22,2.5558269023895264,2.7207192954056394,2.5558269023895264,2.5558269023895264,66600.0,34.48964237357794,33.38906276185805,46.27773230826787,49.577708461165685,45.67806472131016,4.22,14.5,-0.05,3.32
EZPW,1999-02-23,2.638273570657604,2.638273570657604,2.5558269023895264,2.5558269023895264,66600.0,34.376599824168515,30.004339421959763,46.12471163982822,49.17477199964729,45.67806472131016,4.26,7.0,-0.07,3.39
EZPW,1999-02-24,2.514604650279172,2.6382737159729004,2.473381313874565,2.6382737159729004,89400.0,35.76372457910605,29.852816019861265,46.4083254796074,49.276108806322,45.72681226301684,4.29,19.0,-0.07,3.26
EZPW,1999-02-25,2.638273574658147,2.638273574658147,2.5970502404615994,2.607356309890747,72900.0,35.174333427509865,29.973593243949605,46.381879208460255,49.13490242112938,45.72636497368185,4.33,19.0,-0.08,3.27
EZPW,1999-02-26,2.597050249654273,2.597050249654273,2.4321578558044625,2.4527699947357178,177300.0,38.323738278942166,32.395308299243034,47.29185847259584,49.444976861417345,46.11889359679025,4.35,23.0,-0.11,2.96
EZPW,1999-03-01,2.4527700376460007,2.5970502950886845,2.4527700376460007,2.5146045684814453,58200.0,39.00557259416705,32.09187220322079,47.44823757215565,49.39561332295023,46.18025412399386,4.37,24.0,-0.14,2.9
EZPW,1999-03-02,2.5558268565768056,2.6794959132421354,2.5558268565768056,2.597050189971924,48000.0,39.9611174455202,32.77621634280668,47.59078753995545,49.559564893750625,46.29551908451158,4.39,25.0,-0.14,2.85
EZPW,1999-03-03,2.597050236523565,2.597050236523565,2.5558269023895264,2.5558269023895264,6600.0,39.243873901644285,32.94587017463245,47.59186778734972,49.57407686842644,46.27980109110949,4.41,26.0,-0.15,2.85
EZPW,1999-03-04,2.535215707082528,2.5558269023895264,2.535215707082528,2.5558269023895264,900.0,38.9329673124486,31.441524121685937,47.17345121118414,49.43722132164814,46.27745926112033,4.44,23.0,-0.17,3.02
EZPW,1999-03-05,2.5352158546447754,2.5352158546447754,2.5352158546447754,2.5352158546447754,1500.0,38.64500121395101,31.476895673817907,47.189018725278956,49.045451463775294,46.2770647422435,4.46,24.0,-0.19,3.01
EZPW,1999-03-08,2.535215846721429,2.6382737159729004,2.535215846721429,2.6382737159729004,36900.0,40.48296161914016,32.528478650406946,46.1107984159594,49.23736549386219,46.21270630091155,4.5,7.0,-0.14,3.17
EZPW,1999-03-09,2.6382737159729004,2.679496108857414,2.6382737159729004,2.6382737159729004,28500.0,39.87462965340244,32.17055097828065,46.09326320804822,49.23571648933394,46.2015569715143,4.54,7.0,-0.08,3.17
EZPW,1999-03-10,2.597050379568293,2.679496108857414,2.597050379568293,2.6382737159729004,92700.0,39.83557183542878,32.17055097828065,46.08282613838139,49.202383750989036,46.2015569715143,4.57,7.0,-0.03,3.18
EZPW,1999-03-11,2.5146045117755293,2.700108100098641,2.5146045117755293,2.5558269023895264,87300.0,40.70314732925094,32.80174791968792,46.10339471325446,49.31729372750006,46.291021923925484,4.61,9.0,0.06,3.15
EZPW,1999-03-12,2.5146046103618813,2.576439142227173,2.5146046103618813,2.576439142227173,3000.0,40.813082488004156,32.52920213090613,45.89678131622189,49.31677720433075,46.282537784103205,4.64,5.0,0.21,3.24
EZPW,1999-03-15,2.5558269023895264,2.5558269023895264,2.5558269023895264,2.5558269023895264,300.0,40.518129855022394,32.53163661762491,45.90709422226846,49.2966582589447,46.26973276764448,4.68,7.0,0.37,3.23
EZPW,1999-03-16,2.597050236523565,2.597050236523565,2.5558269023895264,2.5558269023895264,35100.0,39.71675774559586,32.36047818418316,45.72297040932612,49.10991101922782,46.252455454828336,4.72,5.0,0.5,3.34
EZPW,1999-03-17,2.535215707082528,2.5558269023895264,2.5146045117755293,2.5558269023895264,54600.0,39.71675774559586,32.32823647960698,45.72297040932612,48.959735612588794,46.247310749247006,4.75,5.5,0.63,3.34
EZPW,1999-03-18,2.5352158064769523,2.597050338342244,2.493992470726732,2.576439142227173,37500.0,39.72718162765299,32.37684798551601,44.8758701540772,48.921162659056776,46.23994635120789,4.8,1.0,0.86,3.65
EZPW,1999-03-19,2.493992642314752,2.679496250673373,2.493992642314752,2.617661714553833,23400.0,40.06226405944294,32.55029492849039,44.90189977619382,48.96562775085362,46.27051296939629,4.84,2.0,1.1,3.64
EZPW,1999-03-22,2.658884763717652,2.658884763717652,2.658884763717652,2.658884763717652,3600.0,40.33888993062093,32.71225314213942,44.96879657960044,49.00098445063306,46.29972094729172,4.88,3.0,1.33,3.61
EZPW,1999-03-23,2.5558269023895264,2.5558269023895264,2.5558269023895264,2.5558269023895264,11400.0,36.483163845857916,33.657065696127454,45.099561378348035,49.19195470839152,46.36620900526684,4.92,4.0,1.63,3.54
EZPW,1999-03-24,2.5558269023895264,2.5558269023895264,2.5558269023895264,2.5558269023895264,1200.0,35.777224264213324,33.657065696127454,44.61702326678596,49.18418003682132,46.36620900526684,4.96,1.0,1.78,3.76
EZPW,1999-03-25,2.5558270598161426,2.5558270598161426,2.4321579933166504,2.4321579933166504,76200.0,38.12853501381749,35.061179298520315,45.24313802901484,49.48090185284364,46.614167410277076,5.0,7.0,1.75,3.45
EZPW,1999-03-26,2.432157907985832,2.473381243212733,2.308488845825196,2.308488845825196,66600.0,40.72466449872515,36.539750230477935,45.23034319089923,49.7797098596011,46.6728717726663,5.03,7.0,1.99,3.45
EZPW,1999-03-29,2.349712181052096,2.3909355162789976,2.267266454118361,2.308488845825196,173100.0,40.30619930664018,36.482778186631435,45.23034319089923,49.7797098596011,46.66581172636012,5.06,7.5,2.19,3.45
EZPW,1999-03-30,2.390935710400012,2.390935710400012,2.2672666381986346,2.349712371826172,241500.0,39.43812392902994,36.3506086949228,45.104045009107544,49.827014193148585,46.66761250059363,5.1,6.0,2.27,3.51
EZPW,1999-03-31,2.308488904674819,2.308488904674819,2.226043175639319,2.2672665119171143,45000.0,39.69792894357385,36.89414018163096,45.24834314123398,49.80052981057971,46.73109805440171,5.13,11.0,2.45,3.44
EZPW,1999-04-01,2.236349294509637,2.287877758344014,2.226043224334717,2.226043224334717,16500.0,39.73979396843462,37.02152736224504,45.062487672559826,49.74812069729994,46.719983027963266,5.16,5.0,2.47,3.51
EZPW,1999-04-05,2.308488845825196,2.308488845825196,2.22604311889146,2.308488845825196,48300.0,41.478468079454174,37.890762769957625,45.49980469935041,49.69881021586493,46.877990551352454,5.19,14.0,2.28,3.32
EZPW,1999-04-06,2.308489033252332,2.432158105453709,2.308489033252332,2.349712371826172,10800.0,41.91915466231447,38.06284042407547,45.59382548662121,49.70054409445216,46.91895527208145,5.21,15.0,1.74,3.27
EZPW,1999-04-07,2.349712181052096,2.3909355162789976,2.267266454118361,2.308488845825196,7800.0,42.12967708742437,38.13209218311473,44.71147982193696,49.7065541514358,46.93966213473169,5.24,2.0,1.69,3.62
EZPW,1999-04-08,2.3084889450304216,2.3084889450304216,2.2260432145536555,2.277571678161621,98400.0,40.871982311982165,38.18927643150986,41.298651111419275,48.56835862824159,46.94555777089157,5.31,1.0,1.46,3.08
EZPW,1999-04-09,2.226043175639319,2.308488904674819,2.226043175639319,2.2672665119171143,17400.0,40.81979904069619,37.82205718044817,40.97974574003248,48.1965588067287,46.94499894862305,5.37,1.0,1.29,3.26
EZPW,1999-04-12,2.226043031950613,2.226043031950613,2.18481969833374,2.18481969833374,42600.0,38.453834883285765,38.06381411277627,41.34955038082241,48.36552422684237,47.0671894116034,5.43,3.0,1.23,3.08
EZPW,1999-04-13,2.226043031950613,2.226043031950613,2.1435973082368966,2.18481969833374,89700.0,37.501333219374864,37.993010256519035,41.031481682007374,48.312194955077075,47.0671894116034,5.48,2.0,1.17,3.26
EZPW,1999-04-14,2.1435973082368966,2.18481969833374,2.1435973082368966,2.18481969833374,7500.0,35.86954470169608,37.80134748204565,36.76381588805651,48.30311251997044,47.066440474370516,5.59,1.0,0.59,0.65
EZPW,1999-04-15,2.18481999860652,2.18481999860652,2.1435976028442383,2.1435976028442383,4200.0,35.95590202388818,37.517125770563325,35.95088784429139,48.2895363342961,47.05983482124482,5.69,1.0,0.55,0.78
EZPW,1999-04-16,2.184819606351084,2.3084886584751074,2.16420841217041,2.16420841217041,126300.0,36.19763914515666,37.40871065844737,35.783129803176735,47.43552897000078,47.032771910276985,5.8,1.0,0.47,0.88
EZPW,1999-04-19,2.1435976028442383,2.226043337888961,2.1435976028442383,2.1435976028442383,5400.0,36.20917384616503,37.221317590635024,35.57928605617455,46.925079593675534,47.01998947033828,5.89,1.0,0.39,0.98
EZPW,1999-04-20,2.22604311889146,2.308488845825196,2.22604311889146,2.308488845825196,9900.0,40.99112028618556,40.50113549848802,37.174621019896406,47.77059762522508,47.59152303178409,5.93,5.0,0.22,1.53
EZPW,1999-04-21,2.308488955173744,2.308488955173744,2.226043224334717,2.226043224334717,14100.0,41.990917718914226,40.73588919215374,35.904132241989934,47.19269854215756,47.69852195728531,5.98,3.0,0.07,1.35
EZPW,1999-04-22,2.18481969833374,2.18481969833374,2.18481969833374,2.18481969833374,300.0,42.121126665680094,40.846460333143106,35.64485290773752,46.50119327631709,47.7094860544743,6.02,2.0,-0.02,1.45
EZPW,1999-04-23,2.184819914455338,2.3909356594085693,2.184819914455338,2.3909356594085693,11400.0,49.82939845036801,45.109183647343684,38.473613761250796,47.53874289856157,48.55971204834296,6.0,8.0,-0.04,2.27
EZPW,1999-04-26,2.22604311889146,2.432157907985832,2.184819783664558,2.308488845825196,14100.0,50.61937605472024,45.60069710648793,38.77208616926675,47.581121894663646,48.1652021085678,5.96,9.0,-0.14,2.18
EZPW,1999-04-27,2.390935629532881,2.432158023192339,2.226043224334717,2.226043224334717,69600.0,51.49069704797573,45.953359793563436,38.80692277350442,47.75970081724981,47.757593246897365,5.92,10.0,-0.28,2.2
EZPW,1999-04-28,2.329100985198679,2.329100985198679,2.22604311889146,2.308488845825196,37800.0,52.83460193662174,46.35313242399569,39.26623984181592,47.970051515479604,47.854360327088045,5.85,11.0,-0.4,2.0
EZPW,1999-04-29,2.308488841058883,2.4115467071533203,2.236349183960836,2.4115467071533203,95100.0,54.56628650995788,47.31654737499773,39.90160585139866,48.26519311524656,48.066835559716864,5.78,12.0,-0.46,1.77
EZPW,1999-04-30,2.246654314744877,2.3909355162789976,2.22604311889146,2.308488845825196,14700.0,55.789602656601225,48.034751164203676,39.7382674837157,48.27885171984587,48.24253775562568,5.69,12.0,-0.57,1.83
EZPW,1999-05-03,2.3909355162789976,2.3909355162789976,2.308488845825196,2.308488845825196,4200.0,55.495564279543764,48.034751164203676,39.7382674837157,48.161678214291136,48.06753174630018,5.6,12.5,-0.67,1.83
EZPW,1999-05-04,2.226043299624794,2.390935710400012,2.226043299624794,2.349712371826172,8700.0,55.563144050616366,48.21305859211567,39.84133748403599,48.18292428431734,48.08242131593709,5.51,14.0,-0.74,1.77
EZPW,1999-05-05,2.3909356594085693,2.4321580535831173,2.3703235188011726,2.3909356594085693,7800.0,54.85555232531547,46.23069450835157,39.764586163579594,48.22956740795537,48.11686716504511,5.4,14.0,-0.79,1.81
EZPW,1999-05-06,2.4321579933166504,2.4321579933166504,2.390935600163553,2.4321579933166504,12600.0,55.138748100874714,46.09052524021301,39.871015660646805,48.22009950649493,48.13733421684833,5.32,16.0,-0.81,1.75
EZPW,1999-05-07,2.394832163839248,2.410315990447998,2.37418643165573,2.410315990447998,76800.0,53.29624703553924,45.98335654418344,39.89035459116606,48.10168850664883,48.109309249204266,5.25,17.0,-0.85,1.75
EZPW,1999-05-10,2.3741866386816075,2.436121950517283,2.3741866386816075,2.3948323726654053,32400.0,51.027235740099755,45.9760159040825,39.746483347145755,47.96591829754352,48.090358049876734,5.17,14.0,-0.89,1.8
EZPW,1999-05-11,2.477412461151065,2.559992561503482,2.394832360798648,2.518702983856201,43500.0,52.97816187099278,46.94140113467656,40.560738198100296,48.21680225390142,48.35088689203345,5.08,20.0,-0.89,1.57
EZPW,1999-05-12,2.559992316257194,2.601282835006714,2.518702742565438,2.601282835006714,49800.0,53.49705059724169,46.95640996693748,40.81493035489619,48.335957000622734,48.467329073970554,4.97,21.0,-0.88,1.48
EZPW,1999-05-13,2.6012830842086188,2.6425736069137544,2.518702983856201,2.518702983856201,117000.0,53.28639260513105,46.971191057600166,41.113589174314626,48.40776998824271,48.54147965579269,4.86,24.0,-0.89,1.38
EZPW,1999-05-14,2.498057133946601,2.498057133946601,2.394832249565064,2.4154770374298096,130200.0,54.54421827451604,47.70244879375894,41.63333061783878,48.45462101122685,48.70879634523389,4.76,27.0,-0.91,1.24
EZPW,1999-05-17,2.3741865166425087,2.436121825294555,2.3741865166425087,2.4154770374298096,28800.0,53.6052105765125,47.68081021159815,41.63333061783878,48.13509300577566,48.67422411970514,4.68,27.5,-0.94,1.24
EZPW,1999-05-18,2.3948323726654053,2.3948323726654053,2.3948323726654053,2.3948323726654053,300.0,53.45647565560886,47.70601541830639,41.65066216540511,48.05927509678801,48.65584827749326,4.59,29.0,-0.96,1.24
EZPW,1999-05-19,2.4154771615913444,2.4154771615913444,2.3948323726654053,2.3948323726654053,47700.0,53.17437240290636,47.70601541830639,41.62738485706879,46.70824644919569,48.65584827749326,4.52,27.0,-0.99,1.25
EZPW,1999-05-20,2.3948321930538947,2.42579984664917,2.3948321930538947,2.42579984664917,37800.0,53.0890834202131,47.305980997916244,41.6860191468443,45.58109540872907,48.672122952959505,4.46,31.0,-1.0,1.22
EZPW,1999-05-21,2.4257999047149728,2.4567675590515137,2.415477038250189,2.4567675590515137,103800.0,53.13659564042313,47.342294453197816,41.72013415628839,45.563625955224765,48.61915979765167,4.41,32.0,-0.99,1.21
EZPW,1999-05-24,2.415477151770789,2.477412463354656,2.415477151770789,2.436121940612793,36900.0,51.91133563604097,45.68665580956627,41.723503516938656,45.574269764970396,48.60677212431341,4.36,33.0,-0.99,1.21
EZPW,1999-05-25,2.415477149622289,2.518702983856201,2.415477149622289,2.518702983856201,48300.0,52.60335290979903,45.916142953205345,42.055943232618006,45.74629379650495,48.72155737095451,4.31,34.0,-0.98,1.1
EZPW,1999-05-26,2.4154771506786346,2.477412462234497,2.4154771506786346,2.477412462234497,10800.0,52.94979708925668,45.54040038812009,41.96258418528316,45.42950874174363,48.39912488411429,4.24,34.0,-0.96,1.14
EZPW,1999-05-27,2.4774123469232707,2.5187028677245955,2.436121826121946,2.4567675590515137,63900.0,52.63204773009802,45.45827950621783,41.91941800773768,45.285894611955904,48.092208377247,4.18,34.0,-0.94,1.16
EZPW,1999-05-28,2.436121826121946,2.4567675590515137,2.415477038250189,2.4567675590515137,33000.0,52.62574863521991,45.45827950621783,41.91941800773768,45.285894611955904,48.09045562804041,4.12,34.5,-0.93,1.16
EZPW,1999-06-01,2.415476980431482,2.43612176780907,2.415476980431482,2.42579984664917,31500.0,52.70442103030242,45.50005091466653,41.94752483285848,45.14949779599881,48.09267582211501,4.05,36.0,-0.92,1.15
EZPW,1999-06-02,2.4154771506786346,2.477412462234497,2.4154771506786346,2.477412462234497,7800.0,48.671353234656664,44.94375065916938,42.07235438536783,45.13546224839818,48.14309916054871,3.99,39.0,-0.89,1.1
EZPW,1999-06-03,2.415477151770789,2.49805725219666,2.415477151770789,2.436121940612793,129000.0,47.63830512110606,45.05884661237034,42.12515929838521,44.93291164419646,48.13019542493463,3.92,40.0,-0.87,1.09
EZPW,1999-06-04,2.477412339191574,2.4980571269989014,2.436121818519112,2.4980571269989014,66000.0,47.5960016947571,45.38305719122967,42.3308741212703,45.02655751436581,48.2014419878671,3.85,41.0,-0.84,1.01
EZPW,1999-06-07,2.436121940612793,2.436121940612793,2.374186629028926,2.436121940612793,15900.0,40.803149471454454,45.21034145097814,42.337947343787455,45.03836856154092,47.96862914586714,3.78,42.0,-0.83,1.03
EZPW,1999-06-08,2.415476980431482,2.4567675002444456,2.415476980431482,2.42579984664917,165300.0,39.412634178500774,45.17790813794226,42.09417409374851,44.99993649999517,47.92381103064815,3.7,40.0,-0.8,1.09
EZPW,1999-06-09,2.3948323726654053,2.3948323726654053,2.3741866386816075,2.3948323726654053,97500.0,38.00546472822205,45.22066560044437,42.075242163491204,44.86964868396724,47.822005338545026,3.62,40.0,-0.79,1.1
EZPW,1999-06-10,2.3741866386816075,2.3948323726654053,2.3741866386816075,2.3948323726654053,30300.0,36.62040161501935,45.22066560044437,41.993708131939314,44.836185379571994,47.68413913097925,3.54,38.0,-0.77,1.14
EZPW,1999-06-11,2.394832249565064,2.477412346081856,2.353541728777763,2.4154770374298096,156300.0,34.43249781715069,45.26365165074762,41.75377066617641,44.8098337181351,47.57920643952355,3.46,34.0,-0.75,1.2
EZPW,1999-06-14,2.4154770374298096,2.436121825294555,2.4154770374298096,2.4154770374298096,11100.0,31.841835348541707,45.22555196323606,41.67148433484116,44.8098337181351,47.57920643952355,3.38,31.0,-0.72,1.24
EZPW,1999-06-15,2.4154770374298096,2.436121825294555,2.4154770374298096,2.4154770374298096,102300.0,31.841835348541707,45.0882657261589,41.589960837929,44.666273827855726,47.56801466859184,3.3,27.0,-0.68,1.28
EZPW,1999-06-16,2.4154770374298096,2.436121825294555,2.4154770374298096,2.4154770374298096,106500.0,31.470893544827334,44.950656366216265,41.577557115541644,44.666273827855726,47.46803562437405,3.22,27.0,-0.64,1.28
EZPW,1999-06-17,2.4154770374298096,2.436121825294555,2.394832249565064,2.4154770374298096,186000.0,31.081151846442435,44.250502315345365,41.40344696303759,44.57766976567308,47.177663908901025,3.19,27.0,-0.6,1.35
EZPW,1999-06-18,2.42579984664917,2.42579984664917,2.42579984664917,2.42579984664917,45000.0,30.700301146031034,44.26300576732846,41.40094621610738,44.58133774649491,47.13648823874339,3.18,27.0,-0.56,1.35
EZPW,1999-06-21,2.415477094917408,2.425799961624367,2.374186573147405,2.405154228210449,707400.0,30.6886251374073,43.11752850909784,41.39344799817554,44.55670336825489,47.13987601265342,3.17,27.0,-0.53,1.36
EZPW,1999-06-22,2.353541727950616,2.394832248723405,2.353541727950616,2.374186515808105,27000.0,30.863768581154773,41.82705831752887,41.43364098809103,44.53001214033874,47.12807425531295,3.16,30.0,-0.52,1.35
EZPW,1999-06-23,2.3741866386816075,2.3948323726654053,2.353541849755669,2.3948323726654053,43200.0,27.035822258408427,41.860548507673485,41.38343564691773,44.53118406350345,47.12863015131292,3.14,27.0,-0.58,1.37
EZPW,1999-06-24,2.374186515808105,2.415477036580895,2.353541727950616,2.374186515808105,261600.0,25.10394754439616,41.749371922960044,41.15070836429399,44.459447492510904,47.123037151011935,3.13,25.0,-0.56,1.45
EZPW,1999-06-25,2.353541849755669,2.3948323726654053,2.353541849755669,2.3948323726654053,12600.0,23.729507545548813,41.10553240453636,41.18087118322938,44.43498011631198,47.115457548417695,3.13,26.0,-0.53,1.43
EZPW,1999-06-28,2.394832373976035,2.4154771629132723,2.353541851043701,2.353541851043701,681600.0,21.038376798866853,41.08683511805601,41.23534791169217,44.22891402673124,47.004192894285566,3.12,27.0,-0.56,1.42
EZPW,1999-06-29,2.353541794139713,2.3741865825778,2.2812836170196533,2.2812836170196533,119100.0,22.79476397229651,40.93016233335803,41.50252599495153,44.37557077076501,46.983623780009125,3.11,35.0,-0.64,1.34
EZPW,1999-06-30,2.35354186269006,2.35354186269006,2.188380715201294,2.2709617614746094,348000.0,22.721776072342497,40.76822847589448,41.49915709212722,43.47107806866575,46.9455756193563,3.1,35.0,-0.72,1.34
EZPW,1999-07-01,2.2967675130699314,2.3122513411244654,2.2296712398529053,2.2296712398529053,48300.0,23.214565136292467,40.780101193482714,40.098947224767514,43.50595185653922,46.97428682274676,3.1,20.0,-0.77,1.37
EZPW,1999-07-02,2.2503160273773486,2.2709617614746094,2.229671238337952,2.2709617614746094,87300.0,23.580058773768304,40.87157480292728,40.01662937986496,43.56361420649466,47.01183193422877,3.08,20.0,-0.78,1.41
EZPW,1999-07-06,2.2503160273773486,2.2709617614746094,2.229671238337952,2.2709617614746094,85200.0,23.16728729445575,40.86087824259675,39.92340939047615,43.422470974715964,47.00232454060496,3.08,20.0,-0.8,1.46
EZPW,1999-07-07,2.2296712398529053,2.2709617630176178,2.2296712398529053,2.2296712398529053,77100.0,23.558286808408624,40.31248014552159,40.00066491412829,43.331550056212144,47.02528363415752,3.06,21.0,-0.81,1.44
EZPW,1999-07-08,2.2090264666231647,2.2090264666231647,2.043865317839099,2.0645101070404053,69600.0,29.68654980024984,43.31385073837642,41.60798798151152,44.235799384824595,47.60126051778619,3.04,43.0,-0.64,1.51
EZPW,1999-07-09,2.085155841299583,2.147091153961374,2.0645101070404053,2.0645101070404053,219000.0,29.593903347558754,43.31385073837642,41.25359842484189,44.134338717545766,47.56338707002142,3.02,32.0,-0.53,1.65
EZPW,1999-07-12,2.105800626894052,2.147091150283813,2.0645101035042903,2.147091150283813,13200.0,32.35877247575934,43.91557875213854,41.508262305797125,44.40254205615927,47.743874403607926,2.99,42.0,-0.56,1.55
EZPW,1999-07-13,2.126445417845389,2.147091152086539,2.1058006286621094,2.1058006286621094,7200.0,32.61299646848619,44.048170516433025,41.57240057687864,43.95028595539411,47.76662589222109,2.97,43.0,-0.57,1.54
EZPW,1999-07-14,2.147091150283813,2.147091150283813,2.105800626894052,2.147091150283813,21600.0,33.287745545073655,44.19238051310289,41.69948851388983,43.98771355227558,47.68428896260784,2.94,53.0,-0.6,1.47
EZPW,1999-07-15,2.085155717475818,2.1264452934265137,2.085155717475818,2.1264452934265137,52200.0,32.4533600366186,41.44372147517609,41.71741613181345,43.98458289438416,47.622482829295365,2.91,54.0,-0.63,1.47
EZPW,1999-07-16,2.08515583947883,2.126445417845389,2.08515583947883,2.1058006286621094,197100.0,32.29613929446506,40.83827806753069,41.735210868404906,43.84360920985203,47.42766596367118,2.88,57.0,-0.65,1.47
EZPW,1999-07-19,2.1058005066202456,2.2503159126435395,2.1058005066202456,2.209026336669922,170700.0,34.7128964440799,41.8660829896013,42.14247247074708,43.969959260275076,47.65021770001968,2.85,69.0,-0.67,1.39
EZPW,1999-07-20,2.250316028906329,2.250316028906329,2.188380716688193,2.2296712398529053,393900.0,34.33385914182313,37.49597869419739,42.14791699740778,43.989895695688375,47.64471701110547,2.82,70.0,-0.67,1.37
EZPW,1999-07-21,2.2503160273773486,2.291606550514006,2.229671238337952,2.2709617614746094,344400.0,34.880043866948924,37.02719245233331,41.16618666097352,43.640293378077224,46.84613192129581,2.77,30.0,-0.69,1.47
EZPW,1999-07-22,2.2709617630176178,2.2916065520710416,2.2296712398529053,2.2296712398529053,269700.0,35.061962931300556,36.45672571224194,41.05209749344253,43.684665581852855,46.59088366802108,2.72,28.0,-0.7,1.54
EZPW,1999-07-23,2.229671253877528,2.229671253877528,2.1058006286621094,2.1058006286621094,120900.0,38.47225497707378,37.498477320387614,41.6465493086009,44.04213214925789,46.91514405388647,2.66,52.0,-0.7,1.52
EZPW,1999-07-26,2.147091019993623,2.2709616375882966,2.1058004991094603,2.2503159046173096,180600.0,43.47334249604052,38.92862013322945,42.978220977534384,44.6853918034339,47.378943265590514,2.6,76.0,-0.68,1.34
EZPW,1999-07-27,2.188380728615705,2.229671252005467,2.147091150283813,2.147091150283813,134700.0,45.34179960842645,39.08719921677487,43.584955529740036,44.876695989843824,47.58485047597896,2.55,77.0,-0.69,1.21
EZPW,1999-07-28,2.157412959651367,2.157412959651367,1.981929898262024,1.981929898262024,570600.0,50.392857504033564,42.29229092384479,45.3140498948907,45.813951742016904,48.177666195334965,2.52,90.0,-0.53,1.2
EZPW,1999-07-29,2.0025746822357178,2.0025746822357178,1.9199945849970528,2.0025746822357178,209400.0,50.599764599305274,42.168850667343946,44.85270809706835,45.82678667495834,47.561353515600594,2.5,80.0,-0.48,1.34
EZPW,1999-07-30,1.971607152406028,2.0025748089624464,1.9199947064979563,1.9406394958496087,185100.0,51.07958750308595,42.363236262175505,45.08023789584955,45.433930334310546,47.28045577515288,2.48,85.0,-0.32,1.27
EZPW,1999-08-02,1.8993499171463035,1.9406394958496087,1.837414604033466,1.9406394958496087,13500.0,51.01062567383031,42.15301317425372,45.08023789584955,43.59139088540873,47.268667813817665,2.47,85.5,-0.23,1.27
EZPW,1999-08-03,1.8580592956215976,1.8580592956215976,1.7754791975021362,1.7754791975021362,18900.0,56.218950934513465,45.618881944569075,46.8847579268586,44.626378535039855,47.533513963166946,2.48,100.0,0.49,1.37
EZPW,1999-08-04,1.7548334641454468,1.796123985733305,1.734188675880432,1.734188675880432,16500.0,56.34871547646472,45.77459705506814,46.95236687552664,44.69236862435365,47.07024841102802,2.5,100.0,1.07,1.35
EZPW,1999-08-05,1.7341885566711426,1.7341885566711426,1.5690274267308268,1.610317945480347,107700.0,58.95292140279862,46.400299065536515,48.251954034372744,45.321691699231515,47.464263874365365,2.55,100.0,2.03,1.19
EZPW,1999-08-06,1.5732225247655152,1.6353234263692138,1.4904216384887694,1.5525225400924685,39900.0,59.31811721529988,46.02611146423961,48.51104239902524,43.407864747255374,47.488397536339285,2.61,100.0,2.69,1.12
EZPW,1999-08-09,1.5732225040441816,1.6560243368148804,1.4904216188580286,1.6560243368148804,272100.0,63.26557591159033,48.12811842718035,49.745994313241056,43.744722030679505,47.95864830784354,2.7,100.0,2.5,0.96
EZPW,1999-08-10,1.697424305615684,1.7802261383863829,1.614623420429531,1.6560243368148804,298500.0,63.344611607583175,47.594698946969864,49.711473883866674,43.64544765318538,47.95864830784354,2.79,99.0,2.27,0.97
EZPW,1999-08-11,1.6560243303697968,1.738825215233697,1.6560243303697968,1.6767243146896362,83700.0,63.44082079154562,47.732720752723,49.67862365895188,43.5855054924841,47.98072376195285,2.89,98.0,2.02,0.98
EZPW,1999-08-12,1.6767243019172124,1.7388252019882202,1.6560243177550549,1.7388252019882202,124500.0,64.85361433529617,48.51475175538588,50.00011405485193,43.63548347213403,47.96424569385553,2.98,100.0,1.76,0.9
EZPW,1999-08-13,1.697424292564392,1.7181252243901726,1.697424292564392,1.697424292564392,44100.0,64.94772888877287,48.652731213791,49.782439889472464,42.941428829509896,47.93661359317073,3.06,99.0,1.49,0.96
EZPW,1999-08-16,1.697424279895979,1.8009260954988,1.697424279895979,1.7802261114120483,54000.0,66.55711943872433,49.730383192268235,50.45176048053869,43.182207216116666,48.17347681245632,3.17,100.0,1.24,0.82
EZPW,1999-08-17,1.8009260892868042,1.8009260892868042,1.7595251736715751,1.8009260892868042,32100.0,66.76362648290079,49.7136818242932,49.964738246669135,43.210366421023465,48.191152855263596,3.25,98.0,0.98,0.91
EZPW,1999-08-18,1.8216260555841293,1.9872287688497845,1.800926071770117,1.9044278860092163,126600.0,69.16092683234749,51.25695114824778,50.20156389496544,43.69014084543988,48.49041977383377,3.33,99.0,0.78,0.89
EZPW,1999-08-19,1.904427880133822,1.925127863883972,1.8630269650490048,1.925127863883972,35400.0,65.85253580352132,50.75964796256945,50.24142876551332,43.52477285654318,48.41915635139277,3.41,99.0,0.61,0.87
EZPW,1999-08-20,1.863026970796673,1.9251278698232288,1.863026970796673,1.9044278860092163,31200.0,65.8938238653181,50.71517258038668,50.163322072057014,43.53809006463175,48.32417497804155,3.49,97.0,0.45,0.9
EZPW,1999-08-23,1.8216260612442048,1.9044278919265707,1.8216260612442048,1.863026976585388,118500.0,64.89096947390244,50.83740760652148,49.97602137328992,43.60415011099164,48.281436404058546,3.56,95.0,0.28,0.94
EZPW,1999-08-24,1.821626079585552,1.8630269953435863,1.7802261114120483,1.7802261114120483,21900.0,65.83536365902327,51.51060127560086,50.38595412188253,43.5172120583022,48.45219664264698,3.64,99.0,0.1,0.86
EZPW,1999-08-25,1.8423270113847965,1.8423270113847965,1.759525179862976,1.759525179862976,20400.0,65.42429945811034,51.50500065759594,50.02503622543478,43.53065086144633,48.401702343321624,3.71,95.0,-0.07,0.95
EZPW,1999-08-26,1.82162606716156,1.82162606716156,1.82162606716156,1.82162606716156,9600.0,66.49975324329456,51.87792976936845,50.27353738090539,43.745344555684085,48.40375251867631,3.78,98.0,-0.21,0.89
EZPW,1999-08-27,1.7388251896562248,1.8216260733021548,1.7388251896562248,1.8009260892868042,55500.0,66.51156940926724,51.83789076783666,50.23526109077322,43.65698644004884,48.19605381323125,3.85,96.0,-0.35,0.9
EZPW,1999-08-30,1.8216259664970167,1.8216259664970167,1.7181251049041748,1.7181251049041748,57000.0,65.61388643527968,52.15472747266835,50.70317579911319,43.976358573228715,48.3573600393054,3.93,100.0,-0.48,0.8
EZPW,1999-08-31,1.7181252178260626,1.7388252019882202,1.7181252178260626,1.7388252019882202,17100.0,65.68103235749597,52.13541213715443,50.75666803371131,44.008936428475366,47.448663529747115,4.01,100.0,-0.59,0.78
EZPW,1999-09-01,1.7491756616111471,1.9251278953220847,1.738825195774787,1.759525179862976,120300.0,65.47826248041373,52.25752283153249,50.50617157015084,43.97332757592655,46.63660279577633,4.08,98.0,-0.7,0.84
EZPW,1999-09-02,1.7388251896562248,1.8009260892868042,1.7181252056408745,1.8009260892868042,52500.0,66.0426636421172,52.559292634512346,50.66623147850453,44.07196295064706,46.667325786373254,4.15,98.0,-0.79,0.79
EZPW,1999-09-03,1.7595251797407654,1.8009260954988,1.7595251797407654,1.7802261114120483,32100.0,64.34078750968666,52.56806443231492,50.688240254370484,44.03598265493173,46.67837696912324,4.17,98.0,-0.88,0.79
EZPW,1999-09-07,1.8009259836953435,1.8009259836953435,1.7181251049041748,1.7181251049041748,101700.0,61.13314665708346,52.85926676096812,50.89566473311603,44.206853469732735,46.80287375652743,4.18,100.0,-0.96,0.74
EZPW,1999-09-08,1.7181251049041748,1.7181251049041748,1.7181251049041748,1.7181251049041748,20100.0,60.10554725307789,52.85926676096812,50.86193777372233,44.206853469732735,46.5384806664097,4.18,99.0,-1.03,0.75
EZPW,1999-09-09,1.7181252178260626,1.7388252019882202,1.7181252178260626,1.7388252019882202,153900.0,56.2378069382656,52.9710725452053,50.89862801334688,44.23877483049597,46.46028704051751,4.17,100.0,-1.1,0.74
EZPW,1999-09-10,1.728474736114874,1.759525186150378,1.7181252178260626,1.7388252019882202,84300.0,56.082017998414,52.9710725452053,49.412369130920034,44.23877483049597,46.46028704051751,4.17,77.0,-1.17,0.83
EZPW,1999-09-13,1.738825195774787,1.759525179862976,1.7181252116865977,1.759525179862976,83400.0,55.69168664134676,53.0787585674349,49.17157412591473,44.254630649831135,46.35969838428603,4.13,76.0,-1.24,0.9
EZPW,1999-09-14,1.7181252178260626,1.7388252019882202,1.7181252178260626,1.7388252019882202,18000.0,55.73698390072926,53.05763655837264,49.12559231259693,44.268014802014065,46.31798454994113,4.08,75.0,-1.29,0.91
EZPW,1999-09-15,1.7181252178260626,1.7388252019882202,1.7181252178260626,1.7388252019882202,17100.0,49.52560652270204,53.06592245370222,46.839082620084035,44.252787596201706,46.13708409229924,4.05,70.0,-1.34,0.71
EZPW,1999-09-16,1.7181251049041748,1.7181251049041748,1.7181251049041748,1.7181251049041748,6000.0,49.17463375815748,53.06032855043611,46.5812941226965,44.26289972675136,46.144615152454136,4.02,69.0,-1.39,0.79
EZPW,1999-09-17,1.7181251049041748,1.7802260008936694,1.7181251049041748,1.7181251049041748,60300.0,43.92033645489939,52.99203925026035,46.27399600668588,44.24750854013035,46.09292755282349,3.99,68.0,-1.44,0.89
EZPW,1999-09-20,1.7388252019882202,1.7388252019882202,1.7181252178260626,1.7388252019882202,102600.0,42.430320640556054,53.10868966458173,45.91187340699365,44.18011887139809,46.08019072543256,3.96,67.0,-1.48,0.97
EZPW,1999-09-21,1.7491756614896552,1.7802261114120483,1.7181252115672625,1.7802261114120483,30000.0,38.84008933739254,53.36119633271085,45.50197224456711,44.26240906202622,46.03472005674669,3.94,66.0,-1.51,1.04
EZPW,1999-09-22,1.7388252019882202,1.7802261178970704,1.7181252178260626,1.7388252019882202,18000.0,39.55908416573448,53.43714322596392,45.155042293897516,44.33234311001058,46.066626092918526,3.92,64.0,-1.54,1.13
EZPW,1999-09-23,1.7388252019882202,1.7802261178970704,1.7388252019882202,1.7388252019882202,12900.0,39.42811057929354,53.167122887331416,45.155042293897516,44.329096916788615,46.035441444961634,3.89,63.5,-1.57,1.13
EZPW,1999-09-24,1.7802261178970704,1.7802261178970704,1.7181252178260626,1.7388252019882202,30600.0,37.993118914097195,53.17521085148512,45.0374301876054,44.313975700771735,46.035441444961634,3.86,60.0,-1.59,1.17
EZPW,1999-09-27,1.7491756678615664,1.7802261178970704,1.7388252019882202,1.7388252019882202,106200.0,37.300591951641984,53.1032720661226,44.92135260395174,44.29893110386563,45.94353505703317,3.83,59.0,-1.6,1.2
EZPW,1999-09-28,1.7388252019882202,1.7388252019882202,1.7388252019882202,1.7388252019882202,42000.0,34.55850991535511,52.904075694566224,44.8067399826969,44.29893110386563,45.94353505703317,3.8,57.0,-1.61,1.23
EZPW,1999-09-29,1.759525070507523,1.759525070507523,1.7181251049041748,1.7181251049041748,15000.0,34.50111922904647,52.917980935535155,44.8187045186068,44.21407586667707,45.887374694006446,3.77,57.0,-1.62,1.22
EZPW,1999-09-30,1.7388252019882202,1.7388252019882202,1.6560243177550549,1.7388252019882202,358500.0,30.230594776182084,52.947593820970006,44.882047214208164,44.12951255534287,45.907669471646436,3.74,58.0,-1.62,1.21
EZPW,1999-10-01,1.7181251049041748,1.759525070507523,1.6767241917163542,1.7181251049041748,57600.0,30.04469066636614,50.760111460851476,44.069830209202685,44.117801093431694,45.898758172770435,3.72,54.0,-1.62,1.35
EZPW,1999-10-04,1.69742428607937,1.7802261178970704,1.69742428607937,1.7388252019882202,15300.0,30.30682719311936,50.85021472330704,43.763617213331514,44.10089628852463,45.8797258301551,3.7,53.0,-1.65,1.43
EZPW,1999-10-05,1.7388252019882202,1.759525186150378,1.7181252178260626,1.7388252019882202,19800.0,29.777672040607143,50.093505999675344,43.53289360044562,43.973088117989626,45.873315271644955,3.68,51.0,-1.65,1.53
EZPW,1999-10-06,1.7388250877058489,1.759525070507523,1.7181251049041748,1.7181251049041748,240900.0,27.013148077141157,50.01575068813469,43.12302694337358,43.936575324492075,45.83352954469049,3.68,50.0,-1.64,1.69
EZPW,1999-10-07,1.7388252086314149,1.7388252086314149,1.6767243083231498,1.697424292564392,45900.0,27.02780685258526,49.81868578497405,43.14158046018001,43.90049208752916,45.823383094095554,3.67,50.0,-1.63,1.67
EZPW,1999-10-08,1.697424299009476,1.697424299009476,1.6767243146896362,1.6767243146896362,8400.0,24.957563322448262,49.834394679024925,43.15654304304683,43.91142938664932,45.65132962136062,3.66,50.0,-1.61,1.66
EZPW,1999-10-11,1.6870747806418271,1.697424299009476,1.6767243146896362,1.6767243146896362,53700.0,24.832230921873197,49.82603970242548,43.15654304304683,43.80951481316214,45.65132962136062,3.64,49.5,-1.59,1.66
EZPW,1999-10-12,1.6767243146896362,1.697424299009476,1.6767243146896362,1.6767243146896362,17100.0,20.909375644458816,48.65860974658751,43.08029384105082,43.80710391314607,45.010381927483145,3.64,46.0,-1.57,1.69
EZPW,1999-10-13,1.697424292564392,1.697424292564392,1.697424292564392,1.697424292564392,3900.0,20.925160125386583,48.698595857555176,43.07632528705888,43.826436171619385,45.023972305520886,3.63,45.0,-1.54,1.69
EZPW,1999-10-14,1.6767243146896362,1.697424299009476,1.6767243146896362,1.6767243146896362,8100.0,20.826110804633355,48.48758048986443,43.09134908818646,43.839851989659515,45.03265843156921,3.62,46.0,-1.51,1.68
EZPW,1999-10-15,1.6767243146896362,1.697424299009476,1.6560243303697968,1.6767243146896362,11100.0,19.459302433872278,48.41848819670305,42.684342075124334,43.79123495608822,44.93026707253559,3.61,42.0,-1.5,1.8
EZPW,1999-10-18,1.6767243148683943,1.6767243148683943,1.656024330546348,1.6663738489151,21900.0,19.30081939131622,47.172835755630345,42.63904880625466,43.67514743758317,44.83314608254572,3.61,41.0,-1.47,1.83
EZPW,1999-10-19,1.6767243146896362,1.697424299009476,1.6560243303697968,1.6767243146896362,47100.0,16.65020095195965,44.90110758673566,42.663422043462745,43.686711477837825,44.840733304349435,3.6,41.0,-1.43,1.83
EZPW,1999-10-20,1.6974242800138766,1.759525179862976,1.6974242800138766,1.759525179862976,16500.0,21.89081759429747,45.327550026219185,43.452179881589295,44.083742844036266,45.05376434384097,3.59,50.0,-1.39,1.64
EZPW,1999-10-21,1.7388252019882202,1.7388252019882202,1.7388252019882202,1.7388252019882202,23100.0,21.9216025553458,42.46103241944706,43.44773036249536,44.09669998855761,45.06386350159461,3.58,49.0,-1.34,1.65
EZPW,1999-10-22,1.7388252019882202,1.7388252019882202,1.7388252019882202,1.7388252019882202,39900.0,21.9216025553458,42.38331730562713,43.27518095990918,44.09563405194281,44.71011767366626,3.58,48.0,-1.3,1.7
EZPW,1999-10-25,1.6767243146896362,1.6767243146896362,1.6767243146896362,1.6767243146896362,1800.0,24.012219516812397,42.54019274165109,43.53842586745396,43.53327327851122,44.81241088527276,3.57,51.0,-1.25,1.6
EZPW,1999-10-26,1.7388252220010334,1.7388252220010334,1.6560243368148804,1.6560243368148804,191100.0,24.034578844369065,42.58595931440639,43.31261757232137,43.43589746730747,44.81417168080288,3.56,47.0,-1.22,1.66
EZPW,1999-10-27,1.6146233081817627,1.6560242216889425,1.6146233081817627,1.6146233081817627,41400.0,24.986983250923043,38.91668587005162,43.3152487659195,43.4647835414837,44.769837509163246,3.56,47.0,-1.16,1.66
EZPW,1999-10-28,1.6560242216889425,1.6974241876116418,1.6146233081817627,1.6146233081817627,219300.0,24.83167636103184,38.64772455421643,43.3201610849931,43.46169534310228,44.57366762846257,3.55,47.0,-1.1,1.66
EZPW,1999-10-29,1.614623420429531,1.6560243368148804,1.614623420429531,1.6560243368148804,5400.0,26.068552730011202,35.909981523700225,43.546404908581344,43.51354541266315,44.661010684648204,3.54,51.0,-1.03,1.6
EZPW,1999-11-01,1.6560243368148804,1.6767243212152825,1.6560243368148804,1.6560243368148804,4500.0,25.770848834183063,35.072191124521325,43.546404908581344,43.32440201936797,44.378406090613424,3.53,50.5,-0.95,1.6
EZPW,1999-11-02,1.6560243368148804,1.6560243368148804,1.6560243368148804,1.6560243368148804,3000.0,24.652952142477464,32.482585454568834,43.50612833926259,43.186189856167154,44.378406090613424,3.52,47.0,-0.88,1.61
EZPW,1999-11-03,1.6146234208598889,1.635323405265808,1.5939234364539698,1.635323405265808,7800.0,24.03424736918267,32.584724107356934,43.52417024491761,43.184881168930865,44.29365902995574,3.5,47.0,-0.8,1.6
EZPW,1999-11-04,1.5835729837417605,1.604272968321311,1.573222517659708,1.5835729837417605,73200.0,25.555318674103244,33.12290816535881,43.749586877852856,43.32230997715812,44.327028246230725,3.49,52.0,-0.72,1.5
EZPW,1999-11-05,1.5732223996951156,1.6353232963618238,1.5732223996951156,1.5939233303070068,6000.0,25.693759110402414,32.23949678394483,43.77780523343244,43.334796210747726,44.23919845318714,3.47,53.0,-0.65,1.49
EZPW,1999-11-08,1.5732223946745831,1.6146233081817627,1.490421515244704,1.6146233081817627,28200.0,26.089436462438826,32.020347455415305,43.856841293735926,43.37266987746203,44.26582773943891,3.46,53.0,-0.57,1.46
EZPW,1999-11-09,1.6146234347189723,1.6353234193025692,1.573222517967224,1.573222517967224,27300.0,26.94781017219496,30.791786360097245,43.97386524192714,43.267644323165854,44.31763547443609,3.44,53.0,-0.51,1.41
EZPW,1999-11-10,1.5835729840512998,1.5835729840512998,1.5525225333836272,1.573222517967224,60000.0,26.837463444414855,30.66424626540707,43.97393440451008,43.25592700179107,43.935772856234,3.42,53.0,-0.45,1.41
EZPW,1999-11-11,1.5835728650010612,1.5939233303070068,1.5732223996951156,1.5939233303070068,97500.0,26.89222665621417,28.366846127607875,44.036745435142066,42.73551646819005,42.616639665468526,3.4,53.0,-0.36,1.4
EZPW,1999-11-12,1.5939233252204128,1.6146233081817627,1.5732223946745831,1.6146233081817627,30600.0,27.128289867784883,28.413455445967372,44.07290729773773,42.65115970706419,42.51776303052257,3.38,54.0,-0.3,1.39
EZPW,1999-11-15,1.5939233252204128,1.6146233081817627,1.5732223946745831,1.6146233081817627,52500.0,26.809602504968122,28.37175806662915,44.070755118221534,42.451766503007164,42.51473479996078,3.36,53.0,-0.23,1.39
EZPW,1999-11-16,1.593923344833911,1.593923344833911,1.4490206195679698,1.4904215335845947,83400.0,34.965199795777465,32.27885694663459,45.650773191138214,43.40118701457348,43.10282081288342,3.33,66.0,-0.22,1.26
EZPW,1999-11-17,1.4697215663178615,1.4697215663178615,1.355869288432748,1.4076206684112549,174600.0,38.04913607795346,33.00570014457564,46.36217732449961,43.87003346252377,41.915174070947046,3.31,68.0,-0.17,1.09
EZPW,1999-11-18,1.3869197540298046,1.3869197540298046,1.2834188879997306,1.3041188716888428,134700.0,43.07751037406637,36.167156183401765,47.54815945367983,44.710604473183984,42.24519776676591,3.3,72.0,0.03,0.98
EZPW,1999-11-19,1.3041188836097717,1.324818867488102,1.179917085170746,1.2420179843902588,260400.0,44.607358338496056,36.30144351397458,48.03957200201202,44.72547180847925,42.41727703720101,3.28,72.0,0.28,0.84
EZPW,1999-11-22,1.2420179786637882,1.3455197927472764,1.2213179948808974,1.283418893814087,413700.0,46.22920050268659,37.159910272412,48.39053367221165,44.93645199915305,42.50014394966053,3.25,73.0,0.43,0.78
EZPW,1999-11-23,1.324818855377955,1.324818855377955,1.2834188879997306,1.3041188716888428,111000.0,46.72708697121975,36.39724444008257,48.362462558716786,44.99635846570848,42.40228417104554,3.21,72.0,0.51,0.79
EZPW,1999-11-24,1.3248188611892695,1.3248188611892695,1.2627179622650146,1.2627179622650146,374700.0,46.799596944211046,36.66509917371702,48.539113226743844,45.00085888547039,41.94916281872609,3.17,74.0,0.59,0.72
EZPW,1999-11-26,1.3041188836097717,1.3041188836097717,1.2213180005119284,1.2420179843902588,218400.0,46.834909759739105,36.5585073332567,48.52805930918543,45.00287813207731,41.859610480991556,3.13,73.0,0.68,0.73
EZPW,1999-11-29,1.2463383529814804,1.3917441772024193,1.2463383529814804,1.2878832817077637,147300.0,48.651928796954955,37.093340206610115,47.62499655538671,45.2522426790463,42.039438157514766,3.11,67.0,0.7,0.79
EZPW,1999-11-30,1.2878832876470936,1.3086552766656787,1.2671103477478027,1.2671103477478027,162600.0,48.69262784093388,37.13814518398708,47.653931704043565,45.27387787502886,42.016877661285335,3.08,67.0,0.72,0.77
EZPW,1999-12-01,1.2878832876470936,1.2878832876470936,1.2671103477478027,1.2671103477478027,11700.0,48.55618806502587,36.62900518224613,47.133875602474525,45.27387787502886,41.86689588619317,3.05,64.0,0.75,0.87
EZPW,1999-12-02,1.2878833226043895,1.2878833226043895,1.100932563720562,1.1840214729309082,316800.0,48.25202116860992,38.80046713694707,48.11963901385559,45.878080312038776,42.368050272211796,3.03,68.0,0.81,0.72
EZPW,1999-12-03,1.204793353463444,1.204793353463444,1.1424764394760132,1.1424764394760132,215700.0,48.68766844634199,39.076095092929386,48.18133420751084,45.96443779628553,42.49263372897587,3.0,68.0,0.88,0.67
EZPW,1999-12-06,1.1424764394760132,1.1632493780589204,1.1424764394760132,1.1424764394760132,143700.0,48.68766844634199,39.076095092929386,48.188631837225095,45.90475797449691,42.19112990889894,2.98,68.0,0.91,0.68
EZPW,1999-12-07,1.1528629087674669,1.1528629087674669,1.1009324640714897,1.1424764394760132,276300.0,48.375788317069585,38.90736464318216,48.195257431893836,45.72032322582583,42.19112990889894,2.95,68.0,0.91,0.68
EZPW,1999-12-08,1.1009324640714897,1.1424764394760132,1.1009324640714897,1.1424764394760132,784800.0,48.51771865102529,38.92271328993722,47.42368313480691,45.72032322582583,42.19021230424568,2.92,60.0,0.89,0.79
EZPW,1999-12-09,1.1424765340694771,1.2047934532165527,1.1424765340694771,1.2047934532165527,78900.0,51.905863716367286,40.80691478661074,48.29925703385658,45.90793390896561,42.48546256022756,2.9,69.0,0.8,0.69
EZPW,1999-12-10,1.1632494743723183,1.225566393519394,1.1632494743723183,1.2047934532165527,55200.0,51.905863716367286,40.807255604253086,48.14989087104874,45.549091789636186,42.48546256022756,2.86,64.0,0.63,0.72
EZPW,1999-12-13,1.225566402976447,1.2463383925588507,1.1840214729309082,1.1840214729309082,112800.0,50.863285351626196,40.85519979784974,48.14404920719103,45.57614703758095,42.507791383082896,2.81,63.0,0.46,0.73
EZPW,1999-12-14,1.2151799082756043,1.2463383674621582,1.1840214490890504,1.2463383674621582,86100.0,53.92375738815798,42.369057439477515,48.3074522914667,45.96993329391568,42.810243897324845,2.77,69.0,0.36,0.77
EZPW,1999-12-15,1.2463383645562427,1.2671103536719432,1.2463383645562427,1.2515311241149902,130500.0,54.00064143759684,41.98540520989872,46.950067710881925,45.818645303102116,42.81350638132786,2.75,53.0,0.03,0.83
EZPW,1999-12-16,1.26711035662629,1.2878832966711344,1.2255663782980264,1.2463383674621582,130200.0,54.01183725093408,41.824816375966954,46.48591868112549,45.78378412402466,42.77353247171634,2.73,49.0,-0.18,0.98
EZPW,1999-12-17,1.2878832760381034,1.319041734725471,1.2878832760381034,1.2982687950134275,74100.0,55.422366514598195,42.879578970077574,45.4975065547853,45.84100635774656,42.99497803396666,2.73,43.0,-0.29,1.0
EZPW,1999-12-20,1.3190417233929552,1.3294272422790527,1.3086552536261686,1.3294272422790527,106800.0,55.99791465778554,43.268323671280655,45.655643397784445,45.885127122364565,43.07603585589489,2.73,45.0,-0.4,0.96
EZPW,1999-12-21,1.3294272595533454,1.3502001993568375,1.2878832817077637,1.2878832817077637,644700.0,56.179847470074094,43.615902803883394,45.66073133107214,45.977793774012675,43.17261276714025,2.72,45.0,-0.51,0.96
EZPW,1999-12-22,1.2878832966711344,1.2878832966711344,1.1632494599249186,1.2463383674621582,31500.0,56.40844967491454,43.971466117275,45.88194249912255,46.09493676552666,43.27512152969263,2.72,45.0,-0.62,0.87
EZPW,1999-12-23,1.3294272595533454,1.3294272595533454,1.2878832817077637,1.2878832817077637,79200.0,57.58882561889646,44.643971680880604,44.21318323591433,46.292564084071586,43.409880729015846,2.73,33.0,-0.73,0.69
EZPW,1999-12-27,1.2982688007288083,1.3294272595533454,1.2671103419042713,1.2878832817077637,163500.0,57.323405214081404,44.51900180993813,44.09554194950785,46.117835878740976,43.409880729015846,2.74,33.0,-0.82,0.74
EZPW,1999-12-28,1.2982688419552255,1.2982688419552255,1.1840214729309082,1.1840214729309082,189900.0,61.14598961611342,47.36314484856283,44.531425805948864,47.10502350350102,44.148943955103185,2.75,35.0,-0.91,0.88
EZPW,1999-12-29,1.1840214637944355,1.2878833126664695,1.1840214637944355,1.2047934532165527,41700.0,61.60755057371825,47.46482871593798,44.32206220380267,47.16761940775855,44.19495713004102,2.75,35.0,-0.99,0.96
EZPW,1999-12-30,1.246338376491126,1.2671103658057383,1.2255663871765137,1.2255663871765137,167700.0,58.32311026590463,47.687669188854294,43.11800124618327,47.191669613863205,44.228212357990955,2.75,7.0,-1.08,1.01
EZPW,1999-12-31,1.225566343074818,1.3502001762390137,1.225566343074818,1.3502001762390137,145200.0,63.550196662581136,52.09978581405428,45.93883612163972,48.6297616208509,45.27253788802485,2.73,52.0,-1.13,1.57
EZPW,2000-01-03,1.2878832817077637,1.3294272595533454,1.2878832817077637,1.2878832817077637,57600.0,61.076728536019466,52.8256422026369,46.43463496241274,48.90916795376018,45.473891668503896,2.71,55.0,-1.2,1.42
EZPW,2000-01-04,1.2878832817077637,1.3086552706305543,1.2878832817077637,1.2878832817077637,27600.0,59.330911307172094,52.80941595472123,46.01399206515476,48.04637825000458,45.473891668503896,2.68,53.0,-1.26,1.55
EZPW,2000-01-05,1.3086552736235828,1.3086552736235828,1.2774968147277832,1.2774968147277832,176700.0,58.61886645094238,52.80669064988152,45.89722470800678,47.88816173853042,45.47442373367851,2.66,51.0,-1.31,1.59
EZPW,2000-01-06,1.3086552536261686,1.3294272422790527,1.2671103254397114,1.3294272422790527,312600.0,59.58927088943805,53.578502651145186,45.69556406780022,48.119909100189346,45.66355395420189,2.63,50.0,-1.35,1.63
EZPW,2000-01-07,1.3709721882796284,1.3709721882796284,1.2774968118060177,1.2878832817077637,78300.0,59.56484236733645,53.77129728946325,45.86310234255835,46.953840416920514,45.742853160606984,2.6,51.0,-1.39,1.56
EZPW,2000-01-10,1.287883259656916,1.3502001762390137,1.287883259656916,1.3502001762390137,32100.0,60.82088414543764,54.78291116865738,45.59915279866898,47.18262331113922,46.017125849258576,2.57,47.0,-1.43,1.58
EZPW,2000-01-11,1.3294272422790527,1.350200181812626,1.3294272422790527,1.3294272422790527,24000.0,60.19207778301989,54.831403740716354,45.581170138431894,47.039141273489676,45.9652895830382,2.54,47.0,-1.49,1.59
EZPW,2000-01-12,1.3294272422790527,1.3294272422790527,1.3294272422790527,1.3294272422790527,49500.0,59.969595235005144,54.83487919590969,45.57056163062222,46.80838819201652,45.886773239691586,2.51,47.0,-1.53,1.59
EZPW,2000-01-13,1.350200168082996,1.3709721565246582,1.3398136984218252,1.3709721565246582,26100.0,60.558520139878226,55.2552789338406,45.797673952097085,46.65163036976875,45.99239000461813,2.47,54.0,-1.56,1.53
EZPW,2000-01-14,1.350200179004216,1.350200179004216,1.3294272395138504,1.3398137092590332,103200.0,57.334675475382255,54.33662399777658,45.405401508567856,46.4623998931095,46.00183975300542,2.44,45.0,-1.59,1.64
EZPW,2000-01-18,1.3502001403832946,1.4540610313415527,1.3502001403832946,1.4540610313415527,81900.0,60.28324919354665,57.11904608486139,47.327795869142854,47.53382235873436,46.687557987731196,2.41,70.0,-1.59,1.59
EZPW,2000-01-19,1.4592547291476876,1.5163779334267626,1.4592547291476876,1.4956059455871582,101100.0,60.509306730090984,57.47251811386519,47.21074024735939,47.612760531045176,46.75335230220784,2.37,70.0,-1.59,1.62
EZPW,2000-01-20,1.474833957747554,1.4956059455871582,1.3917441046278327,1.4956059455871582,95100.0,60.509306730090984,57.039106455701884,47.18732279520989,47.554852074312244,46.72064639174855,2.33,70.0,-1.59,1.63
EZPW,2000-01-21,1.474833957747554,1.4956059455871582,1.474833957747554,1.4956059455871582,90300.0,60.509306730090984,56.998074258852796,46.62767867550198,47.49813489404431,46.718279209245495,2.28,67.0,-1.58,1.79
EZPW,2000-01-24,1.4748339653015137,1.49560595324751,1.4748339653015137,1.4748339653015137,1800.0,59.371004869819465,56.84460583820958,46.620423556265074,47.511065998641826,46.66519989984432,2.23,67.0,-1.57,1.8
EZPW,2000-01-25,1.5163779411935066,1.5163779411935066,1.4748339653015137,1.4748339653015137,12600.0,59.371004869819465,56.84460583820958,46.571142099427895,47.51008968418638,46.663142818750075,2.18,66.0,-1.57,1.82
EZPW,2000-01-26,1.474833957747554,1.4956059455871582,1.474833957747554,1.4956059455871582,187200.0,58.957763285572504,56.66333119204189,46.46748745460241,47.13056621326548,46.68155753768789,2.12,65.0,-1.56,1.86
EZPW,2000-01-27,1.4956059455871582,1.5371508721470188,1.474833957747554,1.4956059455871582,49800.0,57.525561120213034,56.66333119204189,46.442273224119326,46.94599835898687,46.68155753768789,2.07,65.0,-1.55,1.87
EZPW,2000-01-28,1.474833957747554,1.4956059455871582,1.474833957747554,1.4956059455871582,47700.0,57.55023359052972,56.66333119204189,46.126148525162236,46.8186554849376,46.65011348454188,2.0,62.0,-1.54,1.98
EZPW,2000-01-31,1.4748339653015137,1.49560595324751,1.4748339653015137,1.4748339653015137,11700.0,57.770140317208174,56.675602333556,46.168856801651366,46.60791197387137,46.58360111382796,1.93,63.0,-1.53,1.96
EZPW,2000-02-01,1.4748339702377322,1.4748339702377322,1.4540610313415527,1.4540610313415527,8100.0,57.05213424922947,56.38230558317141,46.16087710534384,46.626385121862,46.597784880306456,1.85,63.0,-1.52,1.97
EZPW,2000-02-02,1.433289038528864,1.4748339653015137,1.433289038528864,1.4748339653015137,12000.0,56.82911654197428,56.45029469644315,46.2297391097203,46.66457313705454,46.61685042790763,1.81,65.0,-1.5,1.94
EZPW,2000-02-03,1.4125170505828673,1.4748339653015137,1.4125170505828673,1.4748339653015137,10800.0,55.85652368573506,56.373570944051245,46.18004073225091,46.66457313705454,46.61685042790763,1.78,65.0,-1.49,1.96
EZPW,2000-02-04,1.4583330154418943,1.4791669845581057,1.4583330154418943,1.4583330154418943,18900.0,54.94784068294166,56.18106015930101,46.176898266193675,46.63869420447182,46.62373917366455,1.74,65.0,-1.47,1.96
EZPW,2000-02-07,1.4583330154418943,1.4791669845581057,1.4583330154418943,1.4791669845581057,50700.0,54.3989711181162,56.26983276824217,46.245507390528005,46.646054448631496,46.148168818703276,1.73,68.0,-1.46,1.93
EZPW,2000-02-08,1.3958330154418943,2.2083330154418945,1.3958330154418943,2.0833330154418945,712800.0,111.97160701441963,90.11511195885113,71.54020202030081,62.003520196697025,57.542339690235735,3.13,100.0,-0.96,31.15
EZPW,2000-02-09,1.8333330154418943,2.0208330154418945,1.4791669845581057,1.59375,318900.0,136.28346064415663,105.96941657191532,83.3823693813616,69.45909959853851,63.41054141657251,4.9,100.0,-0.93,22.9
EZPW,2000-02-10,1.65625,1.7291669845581057,1.5416669845581057,1.5416669845581057,62400.0,136.83035088642805,106.18505916149705,83.51538443941158,69.53448322800907,63.484780402644084,6.17,100.0,-0.89,22.79
EZPW,2000-02-11,1.5833330154418943,1.5833330154418943,1.5,1.5208330154418943,85500.0,136.9465520743834,104.93215658465604,83.4434624224956,69.54332423274946,63.45761314108784,7.19,99.0,-0.84,22.92
EZPW,2000-02-14,1.625,1.625,1.4791669845581057,1.625,32700.0,135.48513296051888,105.09180657317233,84.05702719610973,70.01921216818637,63.735336563335224,8.1,100.0,-0.81,22.09
EZPW,2000-02-15,1.4791669845581057,1.6666669845581057,1.4583330154418943,1.5,88800.0,136.9343035718382,105.2118997206965,84.99574859191597,70.61098735430865,64.14389142164187,8.93,100.0,-0.76,21.14
EZPW,2000-02-16,1.6145830154418943,1.6145830154418943,1.5,1.5885419845581057,241500.0,137.75572698540628,105.25773096646931,85.50718501596151,70.91264865201269,64.41126722422123,9.7,100.0,-0.72,20.52
EZPW,2000-02-17,1.5833330154418943,1.6041669845581057,1.5416669845581057,1.5416669845581057,210900.0,138.1089495820148,105.31269945548958,85.63123433518949,70.96710314769516,64.46942640921615,10.4,100.0,-0.67,20.42
EZPW,2000-02-18,1.5625,1.625,1.5208330154418943,1.625,234900.0,138.42878514462305,105.77182450065854,86.05679162359485,71.19257879943994,64.70039275055106,11.05,100.0,-0.64,19.91
EZPW,2000-02-22,1.5833330154418943,1.5833330154418943,1.5208330154418943,1.5416669845581057,28800.0,139.06400804383205,106.14933940904069,86.43402754550488,71.39057114980378,64.8995730711381,11.66,100.0,-0.59,19.56
EZPW,2000-02-23,1.5208330154418943,1.5208330154418943,1.3125,1.3541669845581057,72900.0,143.87402790521978,109.53223219018146,88.78242859947363,72.95817914840052,66.05397251689429,12.31,100.0,-0.53,17.67
EZPW,2000-02-24,1.3645830154418943,1.375,1.3125,1.3125,127800.0,144.09465899755972,109.48939716518926,88.88747345510969,73.02477542270553,66.10967366369054,12.9,100.0,-0.48,17.59
EZPW,2000-02-25,1.3125,1.3333330154418943,1.2916669845581057,1.3125,27300.0,144.09465899755972,109.43494700865315,88.85749084624689,73.02477542270553,65.8496698517835,13.45,99.0,-0.42,17.63
EZPW,2000-02-28,1.3020830154418943,1.3125,1.2916669845581057,1.2916669845581057,83700.0,143.8520931584282,109.48772298045506,88.88089683274285,73.02619240533933,65.80593714854632,13.97,99.0,-0.36,17.62
EZPW,2000-02-29,1.3333330154418943,1.3333330154418943,1.3020830154418943,1.3333330154418943,21900.0,144.03229462901456,108.73989739191587,89.03903902278543,73.14399991324981,65.80322794651148,14.45,100.0,-0.28,17.44
EZPW,2000-03-01,1.3541669845581057,1.3541669845581057,1.2916669845581057,1.2916669845581057,65700.0,142.16351314616017,108.68413866537526,89.14726992939246,73.2202500640067,65.85413930705289,14.91,100.0,-0.21,17.36
EZPW,2000-03-02,1.2916669845581057,1.3333330154418943,1.2916669845581057,1.3229169845581057,96300.0,142.08512393460387,108.77530324034177,89.23367099599209,73.2908342400597,65.90737691039756,15.34,100.0,-0.14,17.25
EZPW,2000-03-03,1.2916669845581057,1.3333330154418943,1.2708330154418943,1.2916669845581057,126000.0,142.19421551526244,108.90849097971451,89.29817932369922,73.33004618942313,65.93953388455004,15.74,100.0,-0.06,17.21
EZPW,2000-03-06,1.2916669845581057,1.3229169845581057,1.2916669845581057,1.3229169845581057,36000.0,142.43419751789546,108.99946791187722,89.39653932556114,73.39603513041098,65.85554396895182,16.13,100.0,0.03,17.1
EZPW,2000-03-07,1.3333330154418943,1.3333330154418943,1.3020830154418943,1.3229169845581057,75600.0,142.40743356389356,108.48727292649068,89.3666061158222,73.39451217659153,65.85554396895182,16.49,99.0,0.14,17.14
EZPW,2000-03-08,1.3229169845581057,1.3229169845581057,1.25,1.25,87900.0,143.22772766289472,109.14230378745002,89.76769350786718,73.65733987867893,66.07554877255608,16.84,100.0,0.23,16.83
EZPW,2000-03-09,1.25,1.5,1.25,1.4791669845581057,41700.0,151.78421601622824,114.3466125662409,93.7949723289004,76.40228824745078,68.19581808934349,17.26,100.0,0.35,14.22
EZPW,2000-03-10,1.4583330154418943,1.4791669845581057,1.40625,1.4791669845581057,24600.0,151.78421601622824,113.91730860229086,93.7918240861269,76.39961364752897,68.18848309305815,17.65,99.0,0.46,14.21
EZPW,2000-03-13,1.4270830154418943,1.5,1.375,1.4166669845581057,20400.0,152.2900069563012,114.30646980190338,94.019988271921,76.53782472849545,68.30908490846552,18.02,100.0,0.61,14.09
EZPW,2000-03-14,1.4166669845581057,1.4166669845581057,1.4166669845581057,1.4166669845581057,10200.0,152.24675793389332,114.29997688479465,93.6797169051998,76.51917998697863,68.30908490846552,18.37,97.0,0.8,14.37
EZPW,2000-03-15,1.4166669845581057,1.4166669845581057,1.4166669845581057,1.4166669845581057,2100.0,152.19827235510235,114.01564666531483,93.66746810053395,76.4453756116638,68.30908490846552,18.7,96.0,1.01,14.37
EZPW,2000-03-16,1.4166669845581057,1.5,1.4166669845581057,1.4166669845581057,9000.0,152.13186825430068,113.92141991142763,93.66746810053395,76.44568195654176,68.3015597987098,19.01,95.5,1.24,14.37
EZPW,2000-03-17,1.4166669845581057,1.4583330154418943,1.375,1.4166669845581057,45300.0,152.13186825430068,113.71652534480421,93.50607075257177,76.4233626126337,68.27742629903919,19.29,94.0,1.45,14.46
EZPW,2000-03-20,1.4583330154418943,1.4583330154418943,1.4166669845581057,1.4166669845581057,35700.0,152.10312563788443,113.49145407582584,93.49055472412088,76.38365097008814,68.25380247296823,19.56,93.0,1.66,14.46
EZPW,2000-03-21,1.4166669845581057,1.4375,1.4166669845581057,1.4166669845581057,6600.0,152.0358871295428,113.31196574252311,93.41314868314045,76.38365097008814,68.15286661559311,19.82,92.0,1.84,14.5
EZPW,2000-03-22,1.4166669845581057,1.4166669845581057,1.375,1.3958330154418943,57600.0,111.72250367845626,113.36150548334905,93.4374723401262,76.37455138225191,68.16385875866607,20.05,92.0,2.05,14.49
EZPW,2000-03-23,1.3854169845581057,1.3854169845581057,1.3541669845581057,1.3541669845581057,10800.0,81.93762242486103,112.15998418121336,93.44897565403386,75.93328446684447,68.05696574178013,20.27,92.0,2.32,14.53
EZPW,2000-03-24,1.3854169845581057,1.3854169845581057,1.0520830154418943,1.3125,106200.0,81.8814486069375,112.32219755743526,93.56347085755795,76.00971252698787,67.9350725418447,20.49,94.0,2.62,14.47
EZPW,2000-03-27,1.3125,1.3229169845581057,1.25,1.25,152700.0,82.81879627463333,112.74045683827016,93.8527386042249,76.04269322046619,68.09393274907922,20.69,99.0,2.9,14.3
EZPW,2000-03-28,1.2291669845581057,1.3333330154418943,1.1666669845581057,1.2916669845581057,78900.0,80.8067873307035,111.1511630095857,94.0087755330273,76.13490805796509,68.15542265991184,20.87,99.0,3.21,14.15
EZPW,2000-03-29,1.25,1.25,1.25,1.25,1500.0,78.24839450057335,110.93195928956368,94.01393763454672,76.17183062393636,68.14166885344842,21.05,99.0,3.42,14.15
EZPW,2000-03-30,1.25,1.25,1.25,1.25,0.0,75.94003688145965,110.93195928956368,94.00396157336982,76.16852222082512,68.1231519349141,21.21,97.0,3.68,14.16
EZPW,2000-03-31,1.2916669845581057,1.375,1.2916669845581057,1.3125,138300.0,77.3767185771711,111.377233694379,94.3250420634726,76.40951771461046,68.20520461182716,21.37,100.0,4.05,13.9
EZPW,2000-04-03,1.3125,1.34375,1.2083330154418943,1.3333330154418943,33900.0,75.6937719448409,111.12237522888131,94.28843368546967,76.20504414571285,68.19975496578353,21.51,99.0,4.38,13.9
EZPW,2000-04-04,1.3333330154418943,1.3333330154418943,1.3125,1.3125,42900.0,74.48904538997185,110.97510775597547,94.31453761173783,76.2066568887152,68.19559476108384,21.64,99.0,4.72,13.89
EZPW,2000-04-05,1.375,1.375,1.3333330154418943,1.3333330154418943,50700.0,64.67772292374255,110.59313487961899,94.32624204457501,76.19704569958182,68.20985983635066,21.76,100.0,5.16,13.88
EZPW,2000-04-06,1.3333330154418943,1.3333330154418943,1.2916669845581057,1.3125,16200.0,64.19174230809772,110.59458428372324,94.32232996732132,76.19027027341646,68.22305339142905,21.87,98.0,5.71,13.91
EZPW,2000-04-07,1.3125,1.3333330154418943,1.3125,1.3333330154418943,33600.0,64.35380371453292,110.6429641829146,94.36425448263266,75.94788814903568,68.15634810633102,21.97,100.0,6.33,13.86
EZPW,2000-04-10,1.3333330154418943,1.3541669845581057,1.2916669845581057,1.3125,15900.0,64.34822239024865,110.5018900301518,93.55776603263,75.51921316435927,68.16999427787218,22.05,83.0,6.57,14.37
EZPW,2000-04-11,1.3125,1.3125,1.3125,1.3125,0.0,63.66419399788889,110.40445695036635,93.12766340438108,75.33855418532758,68.16999427787218,22.13,77.0,6.62,14.63
EZPW,2000-04-12,1.3333330154418943,1.3333330154418943,1.3333330154418943,1.3333330154418943,600.0,63.12599862104589,109.1269308058371,92.36732516269906,74.80540856626469,68.17154884867729,22.2,76.0,6.63,15.11
EZPW,2000-04-13,1.2916669845581057,1.2916669845581057,1.2916669845581057,1.2916669845581057,3600.0,63.43566966053723,109.12328613856059,92.17656693476447,74.87174178012002,68.2270417112731,22.27,75.0,6.69,15.24
EZPW,2000-04-14,1.3020830154418943,1.3020830154418943,1.25,1.2708330154418943,18900.0,63.23204674597698,109.15861541442185,92.0665417881016,74.81060767909263,68.23772888294167,22.32,74.0,6.68,15.37
EZPW,2000-04-17,1.25,1.25,1.25,1.25,23700.0,62.95894597066523,109.19361511462702,92.06657133755127,74.82885389689127,67.82248449158044,22.37,74.0,6.62,15.4
EZPW,2000-04-18,1.25,1.25,1.125,1.25,50700.0,62.95894597066523,109.17107466621054,91.9249268842297,74.11799745632436,67.73725527759565,22.41,72.0,6.6,15.49
EZPW,2000-04-19,1.1666669845581057,1.2291669845581057,1.1666669845581057,1.2291669845581057,8100.0,60.97169594296427,109.20727769893416,91.92620121233138,74.09470144742725,67.73293368433772,22.44,72.0,6.57,15.48
EZPW,2000-04-20,1.1666669845581057,1.1666669845581057,1.1666669845581057,1.1666669845581057,6000.0,36.46222572811516,109.60798810907026,92.10763523594862,73.83894557689607,67.27677773649344,22.45,74.0,6.35,15.42
EZPW,2000-04-24,1.171875,1.1875,1.1458330154418943,1.1458330154418943,97200.0,36.496489766199915,109.64112307725347,92.11547780410349,73.748630679166,67.21626157443603,22.46,74.0,6.1,15.42
EZPW,2000-04-25,1.1458330154418943,1.1666669845581057,1.09375,1.09375,15300.0,36.784509280333324,109.9746490984792,92.39812532776746,73.51493946789046,67.27483587720057,22.45,76.0,5.74,15.24
EZPW,2000-04-26,1.1041669845581057,1.1041669845581057,1.1041669845581057,1.1041669845581057,45300.0,37.07901567277699,109.99985629363687,91.7980505872581,73.5276771769875,67.17124184459342,22.44,67.0,5.56,15.63
EZPW,2000-04-27,1.1041669845581057,1.1666669845581057,1.0416669845581057,1.1666669845581057,28800.0,41.340022606246436,110.66156155219551,92.04729068062649,73.81996480194776,67.26012867986259,22.42,69.0,5.62,15.36
EZPW,2000-04-28,1.0833330154418943,1.25,1.0833330154418943,1.25,12300.0,46.7593432726488,111.6052834186891,92.69260624234414,74.15893048407133,67.51722818871163,22.41,76.0,5.82,14.81
EZPW,2000-05-01,1.125,1.1666669845581057,1.125,1.125,30900.0,55.15896425490381,113.56567888091847,94.21509895442523,75.11950198628688,68.29666475043787,22.39,94.0,5.78,13.87
EZPW,2000-05-02,1.1666669845581057,1.1666669845581057,1.125,1.125,900.0,55.15896425490381,113.56057220911939,94.21509895442523,74.8849899554712,68.26611793412694,22.36,93.5,5.74,13.87
EZPW,2000-05-03,1.2083330154418943,1.25,1.0625,1.0625,97500.0,56.92639358887234,114.00425291298768,94.25437866843865,75.14367611509635,68.45020498469778,22.33,94.0,5.42,13.93
EZPW,2000-05-04,1.125,1.125,1.125,1.125,7800.0,60.08646971330515,89.07344289857821,94.7094275410442,75.15790628880606,68.68641119434231,22.29,100.0,5.26,13.58
EZPW,2000-05-05,1.0833330154418943,1.0833330154418943,1.0208330154418943,1.0625,147600.0,61.472206286689314,71.84636247397465,95.09757575192307,75.41287828086067,68.89671591204754,22.25,100.0,5.01,13.34
EZPW,2000-05-08,1.0625,1.0833330154418943,1.0416669845581057,1.0416669845581057,34200.0,61.1861283557874,71.6876426807431,94.77000258025139,75.43298397653398,68.91587959062328,22.19,99.0,4.66,13.62
EZPW,2000-05-09,1.0416669845581057,1.0416669845581057,0.9583330154418944,0.9583330154418944,137400.0,63.962988693328896,73.38771899251057,95.64488172582601,75.99423797712785,69.16702745924078,22.12,100.0,4.25,13.12
EZPW,2000-05-10,0.9791669845581056,0.9791669845581056,0.8541669845581055,0.875,101100.0,66.94853769838444,73.69396140048318,96.66666766954864,76.53523020396129,69.61769202289106,22.04,100.0,3.91,12.56
EZPW,2000-05-11,0.9583330154418944,0.9583330154418944,0.8333330154418945,0.8333330154418945,27000.0,67.51809572358353,72.70266184116339,96.66664244083559,76.71375356496617,69.70386046333374,21.93,99.0,3.59,12.63
EZPW,2000-05-12,0.875,0.875,0.7083330154418945,0.7083330154418945,107400.0,79.97246681761017,77.81324530393255,99.75758228248176,78.8276997878591,71.37932263680493,21.85,100.0,3.6,11.3
EZPW,2000-05-15,0.8125,0.9583330154418944,0.625,0.6458330154418945,808200.0,80.05005119056703,79.41338210278927,100.61188228549139,79.49605155346305,71.9117985385515,21.76,100.0,3.62,10.9
EZPW,2000-05-16,0.6875,0.8333330154418945,0.6666669845581055,0.75,72900.0,93.95329507876832,85.18501891528744,103.53814020113718,81.43547202549499,73.55732474308671,21.69,100.0,3.22,9.62
EZPW,2000-05-17,0.7291669845581055,0.7708330154418945,0.7291669845581055,0.7708330154418945,18000.0,94.9174607289427,85.16884362146922,103.49147242619404,81.50009991935524,73.62554899531682,21.58,99.0,2.82,9.64
EZPW,2000-05-18,0.75,0.75,0.75,0.75,57000.0,94.41707269960033,81.61510870156235,103.54826202448797,81.52147020504565,73.6403490753729,21.45,100.0,2.46,9.63
EZPW,2000-05-19,0.7447919845581055,0.75,0.7395830154418945,0.7395830154418945,39600.0,94.42401425377997,81.49831900504894,102.78765581709463,81.46050021058498,73.6255830321768,21.3,97.0,2.18,9.94
EZPW,2000-05-22,0.7395830154418945,0.7395830154418945,0.7083330154418945,0.7291669845581055,90900.0,93.8603683055598,81.47909115108399,102.73707103738703,81.46409084096908,73.63070299384374,21.13,96.0,1.91,9.99
EZPW,2000-05-23,0.75,0.75,0.71875,0.71875,355200.0,93.86669205559754,81.47452114885121,102.68610532965828,81.39089499098513,73.5372256787883,20.92,95.0,1.65,10.03
EZPW,2000-05-24,0.7083330154418945,0.71875,0.6666669845581055,0.6875,90600.0,93.9248000192525,81.31246319862151,101.55049317819218,81.52350302000416,73.6342157704184,20.73,94.0,1.4,10.65
EZPW,2000-05-25,0.6666669845581055,0.6875,0.6666669845581055,0.6875,3600.0,93.49121333959502,81.22738262221662,101.34759533818756,81.50052322966903,73.63522695519399,20.53,93.0,1.17,10.73
EZPW,2000-05-26,0.7083330154418945,0.7291669845581055,0.6979169845581055,0.6979169845581055,7500.0,94.05243587374218,81.08712002062008,101.39940651866162,81.53333167438336,73.66094088789959,20.31,93.0,0.95,10.69
EZPW,2000-05-30,0.7239580154418945,0.75,0.6979169845581055,0.7291669845581055,80100.0,95.8819920975765,81.7988063482969,101.70797055551444,81.71419035917498,73.81814951324085,20.07,94.0,0.74,10.5
EZPW,2000-05-31,0.7239580154418945,0.7239580154418945,0.6979169845581055,0.7083330154418945,6300.0,95.92752745752229,81.59336432461272,101.51173026831144,81.75989741036464,73.8120125700491,19.8,92.0,0.55,10.64
EZPW,2000-06-01,0.7395830154418945,0.75,0.7083330154418945,0.7395830154418945,196200.0,97.4715670892432,82.30525237341064,101.73004585667502,81.95632535527604,73.95897707915526,19.52,94.0,0.38,10.48
EZPW,2000-06-02,0.75,0.75,0.7291669845581055,0.7291669845581055,55500.0,97.47613807790869,81.72737711674574,101.38529663116532,81.95948219302775,73.90418435338547,19.21,89.0,0.22,10.7
EZPW,2000-06-05,0.7291669845581055,0.7291669845581055,0.71875,0.7291669845581055,80100.0,97.03054260054145,72.93623533815727,101.37880027236064,81.95948219302775,73.87786204394415,18.88,88.0,0.07,10.69
EZPW,2000-06-06,0.7083330154418945,0.75,0.7083330154418945,0.7291669845581055,21000.0,97.1330711028182,72.93623533815727,101.37880027236064,81.93729732669202,73.87939421447894,18.53,87.5,-0.06,10.69
EZPW,2000-06-07,0.75,0.75,0.6875,0.6979169845581055,63300.0,97.05977882246553,72.94793522531614,101.38135572121887,81.99651849651234,73.97815737236111,18.15,88.0,-0.18,10.74
EZPW,2000-06-08,0.6875,0.6979169845581055,0.6875,0.6875,170100.0,96.78271193624768,72.90913377674238,101.3567936839295,81.97594848672041,73.98345659275311,17.75,85.0,-0.29,10.75
EZPW,2000-06-09,0.6979169845581055,0.6979169845581055,0.6875,0.6875,11100.0,94.57038106051942,72.90913377674238,100.36559638711466,81.97594848672041,73.97266813179895,17.35,82.0,-0.38,11.32
EZPW,2000-06-12,0.6875,0.6979169845581055,0.6770830154418945,0.6770830154418945,99600.0,90.94766524151939,72.86848602470324,100.20948290019246,81.98233698206167,73.97809136591916,16.92,81.0,-0.46,11.44
EZPW,2000-06-13,0.6770830154418945,0.6979169845581055,0.6770830154418945,0.6875,48300.0,87.82600477997585,73.04556740185684,100.26951032541858,82.01597207620668,74.00429991477661,16.46,81.0,-0.53,11.39
EZPW,2000-06-14,0.6875,0.6875,0.6770830154418945,0.6770830154418945,61800.0,87.68939173046539,73.00499561342818,100.26867847651995,82.02235745422091,74.00972083100449,15.96,80.0,-0.59,11.4
EZPW,2000-06-15,0.6666669845581055,0.6770830154418945,0.5416669845581055,0.5416669845581055,190200.0,105.66126850517689,84.77307205172401,105.92807107985325,85.97671950526343,77.15406998433204,15.47,100.0,-0.62,9.75
EZPW,2000-06-16,0.5729169845581055,0.6666669845581055,0.5729169845581055,0.6458330154418945,95700.0,118.28486382221759,93.45387763662036,109.95482627209469,88.61722623852825,79.26186367888333,14.99,100.0,-0.68,8.43
EZPW,2000-06-19,0.6770830154418945,0.6770830154418945,0.625,0.625,22800.0,117.80266097273679,93.47508752599346,109.96468171482317,88.67283260702438,79.30904175819632,14.47,100.0,-0.73,8.45
EZPW,2000-06-20,0.625,0.625,0.6041669845581055,0.6197919845581055,100500.0,117.83143655793347,93.40066241772662,109.955803657602,88.64867397325699,79.3059466895331,13.89,99.0,-0.77,8.46
EZPW,2000-06-21,0.6041669845581055,0.6666669845581055,0.6041669845581055,0.6145830154418945,66000.0,116.16978782134562,93.0967014884496,109.94675460392868,88.64661720835457,79.29409985584536,13.25,97.0,-0.81,8.46
EZPW,2000-06-22,0.6145830154418945,0.6145830154418945,0.6145830154418945,0.6145830154418945,4500.0,113.95803186138389,92.66694923488696,109.95268156171616,88.64615425465963,79.29525198652645,12.54,97.0,-0.84,8.46
EZPW,2000-06-23,0.6145830154418945,0.6458330154418945,0.6145830154418945,0.6458330154418945,8400.0,114.74601176766508,93.42695041427336,110.33799419185996,88.88379854578183,79.47340864635747,11.77,100.0,-0.88,8.27
EZPW,2000-06-26,0.625,0.6666669845581055,0.6145830154418945,0.625,115800.0,105.39325113802526,93.50360095141312,110.34830509234754,88.9393704940757,79.51202913560034,10.9,100.0,-0.9,8.29
EZPW,2000-06-27,0.625,0.65625,0.625,0.6458330154418945,44700.0,102.49422250850155,93.11926305870726,110.53584719238927,89.05237321306718,79.55997832459876,9.91,100.0,-0.93,8.2
EZPW,2000-06-28,0.625,0.625,0.5833330154418945,0.625,54000.0,92.5159978851512,93.03678607509394,110.6035532256278,89.10939191734275,79.60844812683042,8.77,100.0,-0.94,8.18
EZPW,2000-06-29,0.625,0.6666669845581055,0.6041669845581055,0.6666669845581055,175200.0,94.2929445798249,94.36725053941841,111.15360690083102,89.46987712483461,79.90113292864282,7.42,100.0,-0.96,7.95
EZPW,2000-06-30,0.625,0.6666669845581055,0.5416669845581055,0.5833330154418945,73800.0,101.25947023028867,97.4491764793539,97.83859392419117,90.74629010667951,80.89684759318841,7.0,66.0,-1.47,4.52
EZPW,2000-07-03,0.6666669845581055,0.6666669845581055,0.5833330154418945,0.5833330154418945,53700.0,101.27328109346398,97.48901363625299,88.8882688237363,90.74629010667951,80.89684759318841,6.92,13.0,-1.5,3.63
EZPW,2000-07-05,0.625,0.625,0.625,0.625,3000.0,103.66652875030815,98.77390050704629,89.68742385413205,91.17751045821055,81.22724705053983,6.84,19.0,-1.52,3.44
EZPW,2000-07-06,0.6666669845581055,0.6666669845581055,0.6666669845581055,0.6666669845581055,8100.0,105.56109820468737,100.02808521891464,90.44065132308823,91.54300840198437,81.20197412168437,6.74,20.0,-1.54,3.26
EZPW,2000-07-07,0.6458330154418945,0.6458330154418945,0.5625,0.5625,80700.0,115.66993318465202,105.13860785164191,93.21595225453383,93.3734758413951,82.86806672309294,6.64,33.0,-1.57,3.07
EZPW,2000-07-10,0.6041669845581055,0.6041669845581055,0.5833330154418945,0.5833330154418945,106200.0,116.33101887965778,105.47319057460865,92.83973948327004,93.50759607507982,82.8532115423292,6.55,31.0,-1.59,3.17
EZPW,2000-07-11,0.5833330154418945,0.6041669845581055,0.5833330154418945,0.5833330154418945,91500.0,116.18212087224052,105.442835735248,92.23383032032176,93.50759607507982,82.84244204685432,6.47,27.0,-1.62,3.3
EZPW,2000-07-12,0.5833330154418945,0.5833330154418945,0.5104169845581055,0.5208330154418945,228000.0,119.21761437076583,107.41926406196596,93.6315839601013,94.29873222233147,83.50898151892011,6.38,40.0,-1.63,3.02
EZPW,2000-07-13,0.6041669845581055,0.6041669845581055,0.5104169845581055,0.5208330154418945,12900.0,119.13810812276628,107.46174115410494,93.09426079820466,94.29919532344609,83.50987654791324,6.31,30.0,-1.68,3.14
EZPW,2000-07-14,0.5208330154418945,0.5208330154418945,0.5208330154418945,0.5208330154418945,6000.0,118.10853797222367,107.46174115410494,92.87511542790527,94.2753681720202,83.51068010560712,6.23,29.0,-1.7,3.2
EZPW,2000-07-17,0.5208330154418945,0.6041669845581055,0.5208330154418945,0.5208330154418945,41400.0,118.15403095508714,107.50213243426361,90.91257528317254,94.2753681720202,83.34039815295887,6.21,14.0,-1.7,3.58
EZPW,2000-07-18,0.5416669845581055,0.5416669845581055,0.5104169845581055,0.5208330154418945,78900.0,118.15403095508714,107.24853194276787,90.85806529708272,94.20344920200806,83.32873915964852,6.19,13.0,-1.69,3.6
EZPW,2000-07-19,0.6041669845581055,0.6041669845581055,0.5104169845581055,0.5104169845581055,34800.0,118.13246033472875,107.25344322800731,90.86235026692951,94.21437210525839,83.30587932728028,6.17,13.0,-1.69,3.6
EZPW,2000-07-20,0.53125,0.5416669845581055,0.5104169845581055,0.5104169845581055,63000.0,117.78583242670678,107.06487333270003,90.86846647891575,94.21437210525839,83.29860896083505,6.14,13.0,-1.68,3.6
EZPW,2000-07-21,0.5104169845581055,0.5104169845581055,0.5,0.5,223500.0,117.81591752635916,106.9761886898331,90.64652851449534,94.22643279911419,83.15266308133567,6.13,10.0,-1.66,3.65
EZPW,2000-07-24,0.4895829856395721,0.5,0.4791670143604278,0.4895829856395721,260100.0,117.80910073872492,106.03479796410089,90.59652541502098,94.19316187171376,82.85084697183235,6.11,9.0,-1.65,3.67
EZPW,2000-07-25,0.4895829856395721,0.4895829856395721,0.46875,0.4791670143604278,33600.0,117.84113977585086,104.60454769536899,90.45442476753807,94.19691228576764,82.76373733081537,6.09,8.0,-1.63,3.7
EZPW,2000-07-26,0.46875,0.4791670143604278,0.46875,0.4791670143604278,1500.0,117.62236972478912,102.97525749330802,90.44152894991122,94.17152141411482,82.43071499231533,6.08,7.0,-1.61,3.71
EZPW,2000-07-27,0.4791670143604278,0.4791670143604278,0.4791670143604278,0.4791670143604278,18000.0,117.66911789455585,102.97525749330802,90.2934646364872,94.14701102467886,82.4170374173816,6.07,5.0,-1.58,3.75
EZPW,2000-07-28,0.4791670143604278,0.4895829856395721,0.4791670143604278,0.4791670143604278,46500.0,99.10565819888382,102.62304799423427,90.2934646364872,94.14701102467886,82.378393486295,6.06,4.5,-1.55,3.75
EZPW,2000-07-31,0.46875,0.5,0.46875,0.4895829856395721,156300.0,83.63669121381866,101.8350209459888,90.12066279971313,94.17710430052671,82.42099863370312,6.06,3.0,-1.53,3.81
EZPW,2000-08-01,0.4895829856395721,0.4895829856395721,0.4791670143604278,0.4791670143604278,18300.0,83.4241836242312,101.44904188019075,85.51280339429188,94.16500300239747,82.01007600553835,6.15,1.0,-1.51,4.11
EZPW,2000-08-02,0.4583329856395721,0.5,0.4166670143604278,0.5,2288400.0,84.74537322703483,102.08063409664227,85.92150634198423,94.34242260662505,82.12795948784448,6.24,2.0,-1.5,4.0
EZPW,2000-08-03,0.5625,0.5625,0.4583329856395721,0.46875,65100.0,86.36328642031951,101.59153585466763,86.19264367758772,94.19001531786732,82.05257909921654,6.32,3.0,-1.47,3.91
EZPW,2000-08-04,0.4739579856395721,0.4739579856395721,0.4739579856395721,0.4739579856395721,29700.0,86.52288990421647,100.34461629273149,86.24656232739439,94.01840858522431,82.00627564268083,6.4,4.0,-1.44,3.9
EZPW,2000-08-07,0.4583329856395721,0.4791670143604278,0.4583329856395721,0.4583329856395721,60900.0,84.99991705854923,100.14252535954246,86.3023878852662,93.70335250504506,81.76086598622123,6.48,5.0,-1.4,3.87
EZPW,2000-08-08,0.4791670143604278,0.4791670143604278,0.4583329856395721,0.46875,154200.0,85.3017814189319,95.15813196733653,86.45079907402278,93.62251471083398,81.80580767735222,6.55,6.0,-1.37,3.83
EZPW,2000-08-09,0.5729169845581055,0.578125,0.4479170143604278,0.4791670143604278,25800.0,84.89166288950601,93.6437742018291,86.59267022474316,93.56913416648285,81.83183165673485,6.61,7.0,-1.34,3.8
EZPW,2000-08-10,0.4479170143604278,0.4791670143604278,0.4479170143604278,0.4791670143604278,11700.0,84.65667934030078,87.94691513637306,86.59267022474316,93.53658606588257,81.72813210231205,6.68,7.5,-1.3,3.8
EZPW,2000-08-11,0.4479170143604278,0.4791670143604278,0.4479170143604278,0.4791670143604278,46500.0,81.81319342087599,87.66177006538905,86.59267022474316,93.48482164616996,81.70746107036705,6.74,8.0,-1.27,3.8
EZPW,2000-08-14,0.4791670143604278,0.4791670143604278,0.4791670143604278,0.4791670143604278,0.0,73.12844977151303,87.5815842273328,86.60729476718177,93.47753492865073,81.53798924315502,6.8,10.0,-1.23,3.8
EZPW,2000-08-15,0.4791670143604278,0.4791670143604278,0.4479170143604278,0.4791670143604278,78300.0,73.12844977151303,87.58402049651556,86.5662067434481,93.34897771974228,81.52231335226074,6.86,7.0,-1.18,3.82
EZPW,2000-08-16,0.4583329856395721,0.4791670143604278,0.4479170143604278,0.4791670143604278,16500.0,69.58250450933267,87.58418562317092,86.51662532215535,93.34239811921826,81.29278567138701,6.93,7.0,-1.11,3.85
EZPW,2000-08-17,0.4791670143604278,0.4791670143604278,0.4479170143604278,0.4479170143604278,77100.0,67.98092143258889,88.44601478451543,86.77932731088809,93.62809932788745,81.5117179786731,6.98,13.0,-1.04,3.77
EZPW,2000-08-18,0.46875,0.46875,0.4479170143604278,0.4479170143604278,66600.0,49.20232978938387,88.1295802395027,86.5209658062781,93.33882123014902,81.51219660194042,7.04,8.0,-0.96,3.83
EZPW,2000-08-21,0.4479170143604278,0.4791670143604278,0.4375,0.4375,34200.0,47.58809516382338,88.18007179809337,86.47296703715038,93.29421931315791,81.51544834422847,7.1,7.0,-0.87,3.85
EZPW,2000-08-22,0.46875,0.46875,0.4270829856395721,0.4270829856395721,180600.0,47.678576310390895,88.11693846606475,86.48311375961983,93.31839724943293,81.43891307061956,7.16,8.0,-0.78,3.84
EZPW,2000-08-23,0.4739579856395721,0.4791670143604278,0.4375,0.4791670143604278,64500.0,50.68776325977938,91.07372071679224,88.26610488335322,94.40028073162769,82.32644004488975,7.2,17.0,-0.68,3.58
EZPW,2000-08-24,0.4375,0.4375,0.4166670143604278,0.4270829856395721,52800.0,60.21574727796576,93.6341814822758,89.72279595015603,95.29507369807959,82.95835966539848,7.22,20.0,-0.59,3.24
EZPW,2000-08-25,0.4270829856395721,0.4375,0.4270829856395721,0.4375,35700.0,60.84753307529432,93.26605973131463,89.89627125891192,95.10565491622432,83.0100260307245,7.24,21.0,-0.48,3.21
EZPW,2000-08-28,0.4375,0.4375,0.4270829856395721,0.4270829856395721,57600.0,61.0480409415589,93.31285234484558,89.81714197558908,95.1283201947037,82.92660550157038,7.26,21.0,-0.39,3.21
EZPW,2000-08-29,0.4427079856395721,0.4583329856395721,0.4270829856395721,0.4583329856395721,62700.0,65.01495210365502,94.71281614134054,90.75186639537091,95.54588741203611,83.25753081956042,7.28,31.0,-0.27,3.03
EZPW,2000-08-30,0.4375,0.4375,0.4166670143604278,0.4166670143604278,171600.0,70.06329725398163,96.37961719292807,91.64162769396759,95.89793622806225,83.72436221137872,7.28,36.0,-0.17,2.81
EZPW,2000-08-31,0.4270829856395721,0.4270829856395721,0.4166670143604278,0.4270829856395721,132900.0,70.63358815122102,96.35534092347605,91.82005781702618,95.95957340601802,83.72946681071275,7.29,38.0,-0.06,2.78
EZPW,2000-09-01,0.4166670143604278,0.4375,0.4166670143604278,0.4375,8100.0,71.01411977151332,96.57003400966396,91.97462231217763,96.02531780176568,83.78037075641022,7.3,41.0,0.04,2.75
EZPW,2000-09-05,0.453125,0.4583329856395721,0.4166670143604278,0.4166670143604278,25200.0,72.0253529215217,96.92446581235143,92.06766384886603,95.99797187534097,83.838532074409,7.3,45.0,0.11,2.71
EZPW,2000-09-06,0.4166670143604278,0.4166670143604278,0.4166670143604278,0.4166670143604278,1500.0,71.87639858356323,96.92840195009707,92.02902229065072,95.93451803503723,83.838532074409,7.3,42.0,0.21,2.73
EZPW,2000-09-07,0.4166670143604278,0.4270829856395721,0.3958329856395721,0.3958329856395721,264300.0,73.11432389788915,97.20276108159398,92.24475133949028,96.03492364343234,83.94387570028412,7.3,49.0,0.32,2.67
EZPW,2000-09-08,0.4114579856395721,0.4583329856395721,0.40625,0.4375,183900.0,79.35928658060764,99.73692384146699,93.93029751776673,96.80769493290909,84.60818854385454,7.29,56.0,0.44,2.43
EZPW,2000-09-11,0.4583329856395721,0.4791670143604278,0.3854170143604278,0.4583329856395721,132300.0,80.64857154779956,89.60497948635197,94.35198501753395,96.89836142485602,84.75040911541707,7.28,59.0,0.56,2.35
EZPW,2000-09-12,0.46875,0.46875,0.4166670143604278,0.4166670143604278,51900.0,84.75697219296715,83.53917217444527,95.31350322605071,97.4733894748889,85.22440918826666,7.27,62.0,0.67,2.16
EZPW,2000-09-13,0.4166670143604278,0.4583329856395721,0.4166670143604278,0.4166670143604278,19500.0,84.63042919182735,83.38204683472044,95.09673822112728,97.03513816948383,85.22440918826666,7.27,60.0,0.85,2.22
EZPW,2000-09-14,0.4270829856395721,0.4375,0.4166670143604278,0.4166670143604278,1442100.0,83.45785145894152,83.39277966742075,95.10250927422236,96.99842803289937,85.22392605533705,7.26,61.0,1.06,2.22
EZPW,2000-09-15,0.4166670143604278,0.4166670143604278,0.3958329856395721,0.3958329856395721,124500.0,82.73687047861593,83.8937417859301,95.15204584058354,97.10766491447671,85.34423785087439,7.25,61.0,1.31,2.21
EZPW,2000-09-18,0.3958329856395721,0.3958329856395721,0.3958329856395721,0.3958329856395721,6600.0,82.60511582529348,83.8937417859301,95.1141267284913,96.33271200923255,85.32755931982703,7.24,60.0,1.58,2.22
EZPW,2000-09-19,0.4166670143604278,0.4166670143604278,0.3958329856395721,0.4166670143604278,62100.0,83.79893808973738,83.94366447263234,95.05017281134293,96.45597258186737,85.46866928386557,7.23,56.0,1.78,2.23
EZPW,2000-09-20,0.4270829856395721,0.4270829856395721,0.4166670143604278,0.4166670143604278,6600.0,83.45359433023096,83.78729767601874,94.21250873914684,96.45597258186737,85.45194678254492,7.23,49.0,1.48,2.36
EZPW,2000-09-21,0.4166670143604278,0.4270829856395721,0.3541670143604278,0.3958329856395721,220200.0,84.1760858107472,83.8641761827228,93.21963234446466,96.60280871343475,85.57165197520166,7.23,47.0,1.54,2.54
EZPW,2000-09-22,0.3958329856395721,0.3958329856395721,0.375,0.375,108000.0,85.27202574913916,84.2435801989831,93.46022109664099,96.60746494254138,85.70509601441492,7.23,48.0,1.46,2.48
EZPW,2000-09-25,0.3958329856395721,0.3958329856395721,0.3645829856395721,0.3645829856395721,198600.0,85.42821824398797,82.9423115029328,93.20864213146784,96.59550910615127,85.73130374969006,7.24,46.0,1.5,2.54
EZPW,2000-09-26,0.375,0.4166670143604278,0.3541670143604278,0.375,113100.0,86.07699824427829,79.19638956486037,92.78411901358545,96.47090789169461,85.79801724329309,7.24,43.0,0.91,2.62
EZPW,2000-09-27,0.375,0.4583329856395721,0.34375,0.34375,74100.0,89.00367230366844,80.84129407451869,93.28195443762127,96.92836666002061,86.17699821788173,7.25,50.0,0.37,2.52
EZPW,2000-09-28,0.359375,0.375,0.359375,0.375,168300.0,93.40788879643387,81.66215928810914,94.5659385330828,97.56798493865877,86.66281017749871,7.25,56.0,-0.45,2.32
EZPW,2000-09-29,0.4166670143604278,0.4166670143604278,0.4166670143604278,0.4166670143604278,15900.0,97.22824128139123,83.62684476350532,95.58981580101502,98.37069926939809,87.37419080000993,7.25,63.0,-0.95,2.25
EZPW,2000-10-02,0.3645829856395721,0.3645829856395721,0.3645829856395721,0.3645829856395721,9000.0,104.38007000160133,80.90444012906306,96.7581029028161,99.49288436407916,88.28681357768644,7.25,65.0,-1.14,2.14
EZPW,2000-10-03,0.4583329856395721,0.4583329856395721,0.375,0.375,6600.0,104.73758988001494,80.73307945577898,96.7188268131622,99.01812193429,88.35159744996102,7.25,64.0,-1.24,2.16
EZPW,2000-10-04,0.46875,0.4791670143604278,0.46875,0.4791670143604278,12300.0,127.16597851728461,95.89374551441429,101.66156856585347,103.3519220777672,91.85099474454275,7.26,81.0,-1.19,3.29
EZPW,2000-10-05,0.4166670143604278,0.4166670143604278,0.4166670143604278,0.4166670143604278,300.0,129.22739477638635,97.33165485916469,102.98100212834164,104.547609338156,92.83106009308919,7.28,86.0,-1.16,3.14
EZPW,2000-10-06,0.4166670143604278,0.4166670143604278,0.4166670143604278,0.4166670143604278,6000.0,124.9156089813931,97.33165485916469,99.98435961107053,104.547609338156,92.83028303618678,7.25,67.0,-1.12,3.55
EZPW,2000-10-09,0.375,0.375,0.375,0.375,42000.0,128.2615391405028,99.53000038787968,101.0748345148488,105.18940683758709,93.36371186075883,7.23,72.0,-1.12,3.34
EZPW,2000-10-10,0.3958329856395721,0.3958329856395721,0.3958329856395721,0.3958329856395721,6000.0,129.2543114641904,100.27103725966285,101.48702280770505,105.4386878816237,93.55461756300926,7.21,80.0,-1.09,3.24
EZPW,2000-10-11,0.375,0.4166670143604278,0.375,0.4166670143604278,18000.0,128.42270118213696,100.91993148590186,101.89095274301823,105.63698540654833,93.71125804785045,7.2,86.0,-1.05,3.15
EZPW,2000-10-12,0.4166670143604278,0.6041669845581055,0.3958329856395721,0.3958329856395721,229800.0,126.29479826235254,101.3371497821606,102.13926474130525,105.76272861166673,93.82044911425474,7.19,87.0,-1.0,3.09
EZPW,2000-10-13,0.3958329856395721,0.4583329856395721,0.375,0.4166670143604278,90900.0,127.01140061198896,101.97202688322218,102.53518746336532,105.98706168278812,93.99196149900374,7.19,88.0,-0.94,3.0
EZPW,2000-10-16,0.3958329856395721,0.3958329856395721,0.3854170143604278,0.3854170143604278,793200.0,128.70438757033492,103.05740082511528,102.99656753117854,106.31538551810074,94.27066649272807,7.2,89.0,-0.87,2.91
EZPW,2000-10-17,0.3854170143604278,0.3854170143604278,0.3854170143604278,0.3854170143604278,3000.0,128.01133171715054,103.00185057604313,102.99656753117854,106.31599313423736,94.26478505698162,7.22,88.5,-0.79,2.91
EZPW,2000-10-18,0.3854170143604278,0.3854170143604278,0.3854170143604278,0.3854170143604278,3000.0,128.01133171715054,102.93990544646459,102.94682143186155,106.28873728272836,94.11048465810957,7.23,86.0,-0.71,2.92
EZPW,2000-10-19,0.3854170143604278,0.3854170143604278,0.3854170143604278,0.3854170143604278,30900.0,127.17628021882315,102.93990544646459,102.64248612790188,106.28873728272836,94.11059205865926,7.24,85.0,-0.65,2.99
EZPW,2000-10-20,0.3854170143604278,0.3854170143604278,0.3854170143604278,0.3854170143604278,51300.0,123.52691534052215,102.93990544646459,102.58306424183843,106.29141745163597,94.11059205865926,7.25,84.0,-0.57,3.01
EZPW,2000-10-23,0.3854170143604278,0.3854170143604278,0.3645829856395721,0.375,94500.0,122.74357297328136,103.0517461466157,102.33190674187315,106.28645462990403,94.08578862353836,7.26,82.0,-0.55,3.07
EZPW,2000-10-24,0.359375,0.375,0.3541670143604278,0.3541670143604278,68100.0,120.833205720223,103.47749252631108,102.63785405514821,97.94466270894678,94.22296935915072,7.27,84.0,-0.52,3.0
EZPW,2000-10-25,0.3541670143604278,0.3541670143604278,0.3125,0.3333329856395721,137400.0,121.87015188624231,104.04665504358994,102.9799284729058,93.21344360716301,94.3612504478603,7.28,86.0,-0.51,2.93
EZPW,2000-10-26,0.3125,0.3333329856395721,0.3125,0.3333329856395721,99000.0,121.87015188624231,103.56189170654883,102.9799284729058,93.17322877949373,94.3612504478603,7.3,85.5,-0.54,2.93
EZPW,2000-10-27,0.3125,0.3333329856395721,0.3125,0.3125,94500.0,122.3437726769838,103.56186684968574,103.21664113325728,93.40705137778774,94.4870837605057,7.32,89.0,-0.49,2.88
EZPW,2000-10-30,0.3177079856395721,0.4583329856395721,0.3177079856395721,0.3958329856395721,23100.0,141.3703257805393,114.89337440700542,110.25903327693796,97.41466811672339,97.56029535402494,7.44,95.0,-0.43,3.01
EZPW,2000-10-31,0.3854170143604278,0.3854170143604278,0.3541670143604278,0.3541670143604278,121800.0,144.0673370392608,116.86163424932413,111.52370569451126,97.8090698485099,98.12764504920311,7.59,100.0,-0.39,2.82
EZPW,2000-11-01,0.3385420143604278,0.3854170143604278,0.3333329856395721,0.3854170143604278,18900.0,146.40902338680354,118.1545691556789,112.44898280832041,98.11753904989091,98.54335366656436,7.76,100.0,-0.32,2.63
EZPW,2000-11-02,0.375,0.3958329856395721,0.3541670143604278,0.3958329856395721,59700.0,145.8984552581138,118.20123041987225,112.51745389462273,98.16682078959685,98.56057183457384,7.93,100.0,-0.3,2.62
EZPW,2000-11-03,0.3854170143604278,0.3958329856395721,0.3541670143604278,0.375,94500.0,145.8984552581138,118.65747862585225,112.77129098530241,98.05751686400698,98.67253674836762,8.09,100.0,-0.27,2.58
EZPW,2000-11-06,0.375,0.3958329856395721,0.375,0.375,30600.0,145.6540242040099,118.65747862585225,107.25840183222883,97.91894219801873,98.65649275621809,8.11,85.0,-0.22,2.62
EZPW,2000-11-07,0.3958329856395721,0.3958329856395721,0.375,0.375,131100.0,145.4249909586389,118.65747862585225,103.32507593668872,96.84387750736582,98.63733673215015,8.02,85.0,-0.12,3.01
EZPW,2000-11-08,0.3645829856395721,0.3854170143604278,0.3645829856395721,0.375,62400.0,143.068536826277,118.65747862585225,103.23519200709241,96.80488980594998,98.63733673215015,7.93,85.0,0.0,3.02
EZPW,2000-11-09,0.3854170143604278,0.40625,0.3645829856395721,0.3645829856395721,26400.0,141.06491663117666,118.75646913872933,103.29895739174671,96.83376056243318,98.64479883888319,7.84,86.0,0.14,3.01
EZPW,2000-11-10,0.3645829856395721,0.3645829856395721,0.3541670143604278,0.3541670143604278,30600.0,137.59895497678525,118.14663368177247,103.36628948724143,96.86271755261916,98.65376902200272,7.75,88.0,0.28,3.0
EZPW,2000-11-13,0.3541670143604278,0.3958329856395721,0.3541670143604278,0.375,12300.0,133.1994929006107,118.80635642303103,103.84101204092862,97.05298249011611,98.85416154707674,7.66,89.0,0.44,2.88
EZPW,2000-11-14,0.375,0.3958329856395721,0.3541670143604278,0.3541670143604278,42000.0,133.97710173517748,119.25404389675316,103.79668014968844,97.19049367860714,98.70796780512978,7.56,89.0,0.55,2.93
EZPW,2000-11-15,0.375,0.40625,0.375,0.375,42600.0,113.3488554876204,119.81655431556895,104.1873002322373,97.4196263641557,98.77161126995058,7.47,91.0,0.72,2.81
EZPW,2000-11-16,0.3541670143604278,0.3958329856395721,0.3541670143604278,0.3541670143604278,44400.0,107.38717234974622,117.80058968939797,104.33280872639384,97.58016017004199,98.65130821290022,7.37,92.0,0.79,2.82
EZPW,2000-11-17,0.3541670143604278,0.3958329856395721,0.3541670143604278,0.3541670143604278,62100.0,107.38717234974622,115.54875438353172,104.24836997713287,97.51389201770321,98.55533350826838,7.26,92.0,0.92,2.83
EZPW,2000-11-20,0.34375,0.34375,0.34375,0.34375,6600.0,103.43784223009655,115.53495340362969,103.7054561957986,97.54631026381372,98.51338874793572,7.14,89.0,0.64,2.98
EZPW,2000-11-21,0.34375,0.34375,0.34375,0.34375,84900.0,102.0277106951756,115.46160444594445,101.69283987135871,97.37417725977792,98.49176520007774,7.16,70.0,0.79,3.24
EZPW,2000-11-22,0.3541670143604278,0.3541670143604278,0.3541670143604278,0.3541670143604278,6600.0,101.19093743325685,114.6414903126,101.84267742360407,95.21491705016925,98.51686307361173,7.16,70.0,0.96,3.19
EZPW,2000-11-24,0.34375,0.3541670143604278,0.34375,0.3541670143604278,2700.0,100.2578567543499,113.0628477220887,101.1534816338551,95.21491705016925,98.51138389695828,7.15,66.0,0.9,3.37
EZPW,2000-11-27,0.3541670143604278,0.375,0.34375,0.375,36900.0,100.55130015946136,113.59343645221121,101.0297603787693,95.43207454183971,98.62130684650812,7.15,64.0,-0.38,3.4
EZPW,2000-11-28,0.34375,0.3645829856395721,0.3333329856395721,0.3645829856395721,219600.0,98.35945599514207,113.58230409595467,97.61582072776953,95.45959766719777,98.64227756273175,7.15,62.0,-0.38,3.73
EZPW,2000-11-29,0.3541670143604278,0.3541670143604278,0.3229170143604278,0.34375,105000.0,99.731920460603,113.77372383084013,97.7751705183622,95.6478514182057,98.78805243853492,7.14,62.0,-0.62,3.76
EZPW,2000-11-30,0.3229170143604278,0.3229170143604278,0.3229170143604278,0.3229170143604278,4200.0,101.16000143156782,114.41809637690723,98.19190485945228,95.861271834171,98.75570785727817,7.14,62.0,-1.0,3.69
EZPW,2000-12-01,0.3125,0.4791670143604278,0.25,0.4791670143604278,6447900.0,154.01621960387354,140.18497281446642,115.6138491548534,107.05694730130475,106.49309371265943,7.39,100.0,-1.02,9.14
EZPW,2000-12-04,0.4791670143604278,0.5,0.3229170143604278,0.3333329856395721,81300.0,187.72764776700512,157.551754141234,129.1125080778367,115.08030529717878,112.39515020401964,8.08,100.0,-1.02,8.94
EZPW,2000-12-05,0.3385420143604278,0.5,0.3333329856395721,0.4166670143604278,51000.0,198.8271825180403,164.02161285121986,134.0729071344504,118.28396507987145,114.68439673305977,8.9,100.0,-1.0,7.71
EZPW,2000-12-06,0.4166670143604278,0.4166670143604278,0.4166670143604278,0.4166670143604278,6300.0,198.00002478030083,162.85445330321605,134.0729071344504,118.28281858817691,114.68439673305977,9.61,99.5,-1.0,7.71
EZPW,2000-12-07,0.4166670143604278,0.4375,0.4166670143604278,0.4166670143604278,19200.0,197.0200190013412,162.85445330321605,134.0729071344504,118.25208283356537,114.54174313796233,10.26,99.0,-1.01,7.71
EZPW,2000-12-08,0.4166670143604278,0.4166670143604278,0.3645829856395721,0.3645829856395721,36000.0,201.2146120656939,165.1377594495487,135.6572718595104,119.16861525157547,115.26848930950347,10.91,100.0,-1.02,7.32
EZPW,2000-12-11,0.3958329856395721,0.3958329856395721,0.375,0.375,51900.0,200.30309469672792,164.9321311294532,135.7487427379683,119.13763782444819,115.30833879250437,11.5,100.0,-1.03,7.28
EZPW,2000-12-12,0.375,0.375,0.3645829856395721,0.3645829856395721,6900.0,188.1788435784731,165.0265818441546,135.7788665679153,119.0715815727166,115.19563654297387,12.05,100.0,-1.02,7.28
EZPW,2000-12-13,0.375,0.375,0.3333329856395721,0.3333329856395721,29400.0,187.19790836133527,165.63136650781257,136.44341612010174,119.43392353546147,115.50303018265622,12.58,100.0,-1.0,7.11
EZPW,2000-12-14,0.3541670143604278,0.3541670143604278,0.3541670143604278,0.3541670143604278,7500.0,186.36277630999288,166.15470310036082,136.79528799262863,119.7015256105322,115.69071232146833,13.08,100.0,-0.97,6.98
EZPW,2000-12-15,0.3333329856395721,0.3333329856395721,0.28125,0.3125,274200.0,189.44516807352238,167.75921130500623,138.16104438374356,120.32792460280615,116.220293353979,13.58,100.0,-0.9,6.68
EZPW,2000-12-18,0.2291669994592666,0.2916670143604278,0.21875,0.2916670143604278,129900.0,189.8104021726667,167.97743709274897,138.54028040203065,120.51034798190359,116.35477894965594,14.05,100.0,-0.76,6.6
EZPW,2000-12-19,0.3020829856395721,0.3541670143604278,0.3020829856395721,0.3333329856395721,220800.0,194.21666945656375,170.24487875227982,140.27285265368556,121.67174512942165,117.15892650844441,14.54,100.0,-0.74,6.15
EZPW,2000-12-20,0.3177079856395721,0.3385420143604278,0.3125,0.3333329856395721,204900.0,194.21666945656375,170.13306894450497,140.21630014050118,121.64344013515718,117.12774198392992,15.0,99.0,-0.72,6.17
EZPW,2000-12-21,0.3333329856395721,0.3333329856395721,0.2916670143604278,0.2916670143604278,18000.0,197.80476749757557,171.38874954672065,141.695367047638,122.54804866780627,117.76478306455125,15.42,100.0,-0.63,5.87
EZPW,2000-12-22,0.2916670143604278,0.2916670143604278,0.25,0.25,157500.0,202.22087529311358,173.11230816723807,143.44608360972916,123.72081359874412,118.69258652039166,15.85,100.0,-0.24,5.58
EZPW,2000-12-26,0.2708329856395721,0.2916670143604278,0.2708329856395721,0.2916670143604278,168600.0,207.81798592677671,174.7430986355234,145.39815322830972,125.22027321106455,119.51728082743693,16.3,100.0,-0.23,5.16
EZPW,2000-12-27,0.3072920143604278,0.3125,0.25,0.25,138900.0,211.19262071749273,175.43583174076159,147.29404896443253,126.39829118550139,120.41426523650154,16.77,100.0,0.01,4.86
EZPW,2000-12-28,0.25,0.25,0.25,0.25,0.0,210.81562715826135,175.29442333895773,147.23301993616147,126.36824090055943,120.39313725072256,17.21,99.0,0.14,4.86
EZPW,2000-12-29,0.2604170143604278,0.5,0.25,0.5,241500.0,293.2929138735199,220.9039677545954,184.3553057737882,151.21963444532938,138.87178629005444,18.84,100.0,0.16,13.04
EZPW,2001-01-02,0.4114579856395721,0.4114579856395721,0.25,0.3125,99900.0,324.2328381634043,239.461536180759,198.8771731203596,160.90405660470125,146.42475045869458,20.9,100.0,0.14,11.1
EZPW,2001-01-03,0.2916670143604278,0.3333329856395721,0.2916670143604278,0.3125,29400.0,324.2328381634043,239.461536180759,198.8771731203596,160.90330895133246,146.42475045869458,22.72,99.5,0.13,11.1
EZPW,2001-01-04,0.3541670143604278,0.3541670143604278,0.3541670143604278,0.3541670143604278,7200.0,326.272291952077,239.98624573831128,199.9353680478759,161.66737936212962,147.00735963900144,24.39,100.0,0.19,10.75
EZPW,2001-01-05,0.3333329856395721,0.3541670143604278,0.3333329856395721,0.3541670143604278,9000.0,326.272291952077,239.71246001655084,199.9353680478759,161.66526620138842,146.93906017591394,25.9,99.5,0.26,10.75
EZPW,2001-01-08,0.3333329856395721,0.3333329856395721,0.3333329856395721,0.3333329856395721,17100.0,326.6305135855686,239.74993656161644,200.14356482062746,161.70162517175746,147.01970335001968,27.29,100.0,0.28,10.72
EZPW,2001-01-09,0.3333329856395721,0.3333329856395721,0.3333329856395721,0.3333329856395721,12900.0,326.6305135855686,239.54555492067914,200.14356482062746,161.69833102328144,146.9258244243704,28.57,99.5,0.31,10.72
EZPW,2001-01-10,0.3645829856395721,0.3958329856395721,0.3645829856395721,0.3958329856395721,5700.0,330.1091660305292,241.97155107760673,201.79951341311101,163.0033648385097,147.98909213500548,29.8,100.0,0.39,10.21
EZPW,2001-01-11,0.3958329856395721,0.3958329856395721,0.375,0.375,9900.0,330.3986644536971,241.6957215388417,201.9735255000137,163.0937348343419,148.0701989070389,30.93,100.0,0.47,10.19
EZPW,2001-01-12,0.3125,0.3541670143604278,0.3125,0.3333329856395721,32400.0,331.76424332524334,242.8886510329881,202.78450738569694,163.46455585050728,148.4543719534334,32.01,100.0,0.49,10.03
EZPW,2001-01-16,0.3541670143604278,0.3958329856395721,0.3541670143604278,0.375,19200.0,332.9735205071297,244.13502989159088,203.65270767325381,163.88511970771341,148.95553281472814,33.04,100.0,0.55,9.75
EZPW,2001-01-17,0.375,0.375,0.3541670143604278,0.3541670143604278,78900.0,312.12348394534547,244.41132530032007,202.98172278517734,163.57549337518677,148.78995622459823,33.99,99.0,0.63,9.99
EZPW,2001-01-18,0.3958329856395721,0.3958329856395721,0.3958329856395721,0.3958329856395721,24600.0,295.34851712444595,245.4991983224242,202.9808086031569,164.1652839711438,149.21043942623086,34.89,98.0,0.68,9.89
EZPW,2001-01-19,0.3958329856395721,0.4166670143604278,0.3958329856395721,0.40625,52200.0,288.1772909670284,245.48433038869666,202.98688175489255,164.09384019274245,149.2422673447009,35.73,99.0,0.75,9.89
EZPW,2001-01-22,0.4166670143604278,0.4375,0.3958329856395721,0.3958329856395721,98400.0,288.26900942121057,245.25006272397937,202.99260126246295,163.94282601879334,149.2558355005805,36.52,99.0,0.81,9.89
EZPW,2001-01-23,0.4166670143604278,0.4166670143604278,0.4166670143604278,0.4166670143604278,65100.0,288.6785122071741,245.10476178348347,202.84277440050911,163.96675981779745,149.36030907784607,37.26,95.0,0.89,9.94
EZPW,2001-01-24,0.4166670143604278,0.4166670143604278,0.3958329856395721,0.4166670143604278,58200.0,285.89188983346577,245.10476178348347,202.2777328662752,163.95867391107012,149.36030907784607,37.96,93.0,0.89,10.04
EZPW,2001-01-25,0.4166670143604278,0.4166670143604278,0.3958329856395721,0.3958329856395721,54600.0,286.2464479147841,244.96223426583853,202.40125674614222,163.78683528760905,149.41957662692755,38.61,93.0,0.96,10.04
EZPW,2001-01-26,0.4166670143604278,0.4166670143604278,0.375,0.3854170143604278,173100.0,286.2330823513601,240.18624938189976,202.40298284725262,163.48761599242872,149.43391976098584,39.21,93.0,1.06,10.06
EZPW,2001-01-29,0.3958329856395721,0.4166670143604278,0.3958329856395721,0.4166670143604278,53400.0,285.69990966799793,239.58790467441267,202.64544770317858,163.6925595995905,149.6652919421217,39.79,93.0,1.06,9.94
EZPW,2001-01-30,0.4739579856395721,0.4739579856395721,0.3958329856395721,0.3958329856395721,60900.0,285.73078350158937,239.22302393897928,202.80898193758796,162.70079456627528,149.73408966605095,40.33,94.0,1.11,9.92
EZPW,2001-01-31,0.4375,0.4791670143604278,0.4375,0.4375,209100.0,284.35732726470866,240.03853376717106,203.26731835749672,162.80989827617168,150.10096965409608,40.84,99.0,1.01,9.75
EZPW,2001-02-01,0.4583329856395721,0.5,0.4375,0.5,162300.0,285.44934727647666,241.25388973434815,203.7510967376398,162.61089863734605,150.72541801197664,41.34,100.0,1.12,9.62
EZPW,2001-02-02,0.5520830154418945,0.5833330154418945,0.5,0.5625,159600.0,284.9314160990915,242.35894251053244,204.46616947495767,163.1935495275865,151.21849048847932,41.82,100.0,2.3,9.42
EZPW,2001-02-05,0.6041669845581055,0.6875,0.5833330154418945,0.5833330154418945,156900.0,284.9329221616988,242.43021895331447,203.93801946619323,163.22686814099976,151.2699780440167,42.26,99.0,3.15,9.5
EZPW,2001-02-06,0.6458330154418945,0.6666669845581055,0.625,0.625,35100.0,281.55935937092687,242.75282624266947,204.20296744677952,163.4319232512696,151.43400736144395,42.68,99.0,4.29,9.41
EZPW,2001-02-07,0.6666669845581055,0.71875,0.6666669845581055,0.6979169845581055,47100.0,277.3056728336456,243.51740804430312,204.8973625754571,163.9532097782241,147.84709214131973,43.07,100.0,6.42,9.2
EZPW,2001-02-08,0.71875,0.8333330154418945,0.7135419845581055,0.8333330154418945,192900.0,278.2566188171181,245.73758967343866,206.5020150359568,165.28429210750403,146.57739744208268,43.46,100.0,10.96,8.78
EZPW,2001-02-09,0.828125,0.875,0.75,0.8125,57600.0,273.10424027497834,245.70395432800578,206.56434763680846,165.22600162963172,146.5629267712282,43.82,100.0,9.9,8.77
EZPW,2001-02-12,0.765625,0.7916669845581055,0.7291669845581055,0.7708330154418945,14100.0,274.18640027993297,245.65073548301052,206.65841687905217,165.34753388926165,146.64448262372852,44.15,100.0,8.23,8.79
EZPW,2001-02-13,0.7864580154418945,0.7864580154418945,0.6770830154418945,0.6875,40200.0,194.79401382468086,246.8457819165363,207.54130070357317,165.89728112615242,146.90430468593584,44.45,100.0,6.89,8.64
EZPW,2001-02-14,0.6770830154418945,0.6770830154418945,0.6458330154418945,0.65625,28500.0,132.8017188257878,246.731583873993,207.50970919072432,165.90513178864123,146.76692886638602,44.71,99.0,5.87,8.64
EZPW,2001-02-15,0.7239580154418945,0.7239580154418945,0.6666669845581055,0.6666669845581055,25800.0,132.6251873257731,246.72466887561356,207.29924209121938,165.8817499598808,146.6532959282145,44.94,98.0,4.98,8.66
EZPW,2001-02-16,0.6666669845581055,0.6666669845581055,0.625,0.625,35700.0,131.59976362421142,247.06938453348585,207.53099730936125,165.97357128500755,146.75680650975247,45.14,99.0,4.33,8.62
EZPW,2001-02-20,0.625,0.6875,0.625,0.6666669845581055,8700.0,132.12124496364265,247.31213023113958,207.71283638925073,166.14638741291176,146.80737497770698,45.3,100.0,3.67,8.57
EZPW,2001-02-21,0.6458330154418945,0.6666669845581055,0.6458330154418945,0.6458330154418945,21000.0,130.82810962817456,247.43417542749205,207.26939372601788,166.18751330195417,146.75206316563762,45.44,95.0,3.15,8.65
EZPW,2001-02-22,0.6875,0.6875,0.6458330154418945,0.6666669845581055,58500.0,130.68672163141775,247.46485052121986,206.90700610637887,166.2317806299381,146.24502979568524,45.56,94.0,2.64,8.75
EZPW,2001-02-23,0.6666669845581055,0.6666669845581055,0.6458330154418945,0.6458330154418945,67800.0,123.6843483610794,247.4203034891969,206.37096069646975,166.1936896703498,146.24600839738176,45.65,90.0,2.25,8.92
EZPW,2001-02-26,0.71875,0.71875,0.6666669845581055,0.6666669845581055,17400.0,121.92905304852741,247.3399091889855,205.22407182321706,166.22799560345982,146.2866002984214,45.72,89.0,1.85,9.11
EZPW,2001-02-27,0.6458330154418945,0.6458330154418945,0.6458330154418945,0.6458330154418945,900.0,115.93343054864067,247.07977173418953,205.27998939652022,166.26998008890897,146.30946582875055,45.76,89.0,1.53,9.12
EZPW,2001-02-28,0.6458330154418945,0.6510419845581055,0.6458330154418945,0.6510419845581055,7800.0,112.36668114390554,246.61170982425804,201.65162250076304,166.26340069322515,146.27253952237592,45.79,67.0,1.29,9.98
EZPW,2001-03-01,0.6458330154418945,0.6458330154418945,0.6458330154418945,0.6458330154418945,1200.0,110.38120722719316,233.354263396699,200.35676504360046,166.2557057990345,146.24471363948007,45.79,66.0,1.02,10.25
EZPW,2001-03-02,0.625,0.6458330154418945,0.625,0.6458330154418945,8400.0,107.05279544098345,220.4110001282316,200.35676504360046,166.24623010279217,146.2205035961261,45.74,65.5,0.79,10.25
EZPW,2001-03-05,0.6510419845581055,0.6510419845581055,0.6458330154418945,0.6458330154418945,24000.0,107.11386605865721,215.93725584558757,199.58439079671692,164.11756024187247,146.20547615858334,45.68,60.0,0.57,10.41
EZPW,2001-03-06,0.6666669845581055,0.6666669845581055,0.65625,0.65625,39000.0,106.3915323629063,215.93903721609257,199.43972502774895,162.80367900010094,146.19314330450717,45.59,59.0,0.36,10.46
EZPW,2001-03-07,0.6666669845581055,0.6666669845581055,0.6666669845581055,0.6666669845581055,5700.0,105.88916220521725,215.93957384390592,199.30973077900893,162.76697408112867,146.20463449842526,45.49,58.0,0.17,10.51
EZPW,2001-03-08,0.65625,0.65625,0.65625,0.65625,300.0,106.18959180813947,213.98645092484813,199.13533040940916,162.77488787591255,146.11017236053215,45.37,57.0,-0.01,10.54
EZPW,2001-03-09,0.6666669845581055,0.7083330154418945,0.6666669845581055,0.671875,40500.0,104.31959779875959,213.97154127513858,199.01996812863527,162.7946264627645,145.12399441571543,45.23,56.0,-0.17,10.58
EZPW,2001-03-12,0.6510419845581055,0.6510419845581055,0.6458330154418945,0.6458330154418945,6000.0,104.85958910806575,214.0701014673516,198.7065428310602,162.86350024206834,145.16926406617978,45.07,53.0,-0.31,10.65
EZPW,2001-03-13,0.6458330154418945,0.7083330154418945,0.6458330154418945,0.6666669845581055,4500.0,103.3778622340225,213.11215445128676,198.74946284508385,162.80108802968763,145.15593940439803,44.9,53.0,-0.44,10.63
EZPW,2001-03-14,0.6666669845581055,0.6666669845581055,0.6666669845581055,0.6666669845581055,5700.0,101.54336948948148,212.8779281554393,198.74946284508385,162.7538364420668,145.15593940439803,44.7,52.5,-0.57,10.63
EZPW,2001-03-15,0.6666669845581055,0.6666669845581055,0.6666669845581055,0.6666669845581055,18600.0,98.5589053141731,211.00715237165565,198.74946284508385,162.7080887960214,145.15593940439803,44.47,52.0,-0.68,10.63
EZPW,2001-03-16,0.6666669845581055,0.7291669845581055,0.6666669845581055,0.7291669845581055,3300.0,94.67749085618358,210.8902733015977,199.19516760156492,163.00324885718348,145.45078995049042,44.22,57.0,-0.78,10.47
EZPW,2001-03-19,0.75,0.7916669845581055,0.75,0.7916669845581055,18000.0,91.76081009111051,209.9215492311234,199.48210392159945,163.11401067046393,145.69802817809105,43.95,59.0,-0.83,10.35
EZPW,2001-03-20,0.7708330154418945,0.7916669845581055,0.75,0.75,40800.0,93.3514747101542,210.37210206394192,199.45722392121894,162.46131270521457,145.78971662306017,43.67,58.0,-0.92,10.36
EZPW,2001-03-21,0.7916669845581055,0.7916669845581055,0.7916669845581055,0.7916669845581055,600.0,92.60654803561036,208.27406392689073,199.29093440173204,162.580684393678,145.89933003486146,43.36,55.0,-0.96,10.36
EZPW,2001-03-22,0.7916669845581055,0.7916669845581055,0.7291669845581055,0.75,42900.0,88.9872522055559,205.7634040059446,199.53534342675704,162.5155820349348,145.9858858564951,43.03,59.0,-1.04,10.31
EZPW,2001-03-23,0.75,0.75,0.7291669845581055,0.75,6900.0,71.89534670989069,203.832828582558,199.199972876124,162.33973489155363,145.95931555333252,42.67,53.0,-1.11,10.38
EZPW,2001-03-26,0.7083330154418945,0.8229169845581055,0.6666669845581055,0.7291669845581055,30600.0,71.97524913149987,200.96284157412975,195.90442707457456,161.10493426635188,145.95351183497968,42.37,43.0,-1.18,11.29
EZPW,2001-03-27,0.7291669845581055,0.7291669845581055,0.7291669845581055,0.7291669845581055,0.0,70.45981422076889,200.96284157412975,195.00234046352455,161.05139964134193,145.87912205160325,42.07,42.0,-1.24,11.5
EZPW,2001-03-28,0.7708330154418945,0.7708330154418945,0.75,0.75,8700.0,62.31464310019662,143.51853409455637,194.63821491350495,161.08283602380112,145.86874795020418,41.75,41.0,-1.3,11.63
EZPW,2001-03-29,0.7916669845581055,0.7916669845581055,0.7604169845581055,0.765625,25800.0,60.70507401843612,103.56618995203675,194.62475775462678,160.51848571651962,145.85391741766838,41.42,40.0,-1.35,11.64
EZPW,2001-03-30,0.7916669845581055,0.7916669845581055,0.75,0.75,16500.0,61.06671730082449,103.77917910802515,194.4317171741009,160.54089522608126,145.8657306610689,41.07,39.0,-1.39,11.68
EZPW,2001-04-02,0.75,0.75,0.75,0.75,0.0,57.54210344954246,101.22177476131384,194.4317171741009,160.54089522608126,145.7766475907122,40.61,38.5,-1.43,11.68
EZPW,2001-04-03,0.75,0.7604169845581055,0.7291669845581055,0.7291669845581055,21000.0,55.59791601945594,101.53457687753892,194.5086922068581,160.5804966147278,145.78845362189944,40.07,39.0,-1.47,11.67
EZPW,2001-04-04,0.7083330154418945,0.7916669845581055,0.7083330154418945,0.7916669845581055,16500.0,59.11355806063611,101.38901148572404,194.87488574340924,160.86158916998497,146.02744059194163,39.49,41.0,-1.5,11.53
EZPW,2001-04-05,0.7864580154418945,0.7916669845581055,0.75,0.7916669845581055,81300.0,58.662982547430396,101.38901148572404,194.7950216232859,160.8395178705618,146.0167087533265,38.89,40.0,-1.52,11.54
EZPW,2001-04-06,0.7291669845581055,0.7916669845581055,0.7291669845581055,0.75,10800.0,60.2374582309931,96.87668036208751,194.956063508705,160.97822500586648,146.10300704364892,38.25,41.0,-1.55,11.5
EZPW,2001-04-09,0.7933329939842224,0.7933329939842224,0.7333329916000366,0.7333329916000366,16800.0,60.19383606143476,96.18914961174784,194.84959831818475,160.98206313510406,146.10580702678152,37.59,39.0,-1.57,11.56
EZPW,2001-04-10,0.7333329916000366,0.7833330035209656,0.7333329916000366,0.75,6900.0,59.50743630350159,92.3766684818552,194.59511753434987,160.97620457214902,146.12066961306385,36.9,35.0,-1.59,11.61
EZPW,2001-04-11,0.75,0.7566670179367065,0.75,0.7566670179367065,23100.0,59.511544124663516,89.78624977163634,194.43238487632397,160.9528914749897,146.1247000347615,36.18,33.0,-1.6,11.68
EZPW,2001-04-12,0.7566670179367065,0.7566670179367065,0.7566670179367065,0.7566670179367065,900.0,59.40397812102706,88.67119222932494,194.16367955948078,160.9528914749897,146.11378117492035,35.42,30.0,-1.61,11.73
EZPW,2001-04-16,0.75,0.7566670179367065,0.75,0.7533329725265503,32100.0,59.45184969364864,86.31630137551409,194.16933989006378,160.9547199579748,146.08393893544886,34.62,30.0,-1.62,11.73
EZPW,2001-04-17,0.75,0.7533329725265503,0.75,0.7533329725265503,1800.0,59.45184969364864,86.28442555500551,194.08077782156604,160.9547199579748,146.07720751553936,33.76,28.0,-1.62,11.75
EZPW,2001-04-18,0.7533329725265503,0.7533329725265503,0.7533329725265503,0.7533329725265503,11100.0,59.378487966234495,85.98175610653888,194.08077782156604,160.9391101573284,146.0701386524033,32.8,27.5,-1.62,11.75
EZPW,2001-04-19,0.7533329725265503,0.7933329939842224,0.7533329725265503,0.7933329939842224,46500.0,60.86316304904471,85.99068497980053,194.17500075169826,161.01928879207702,146.16887080151406,31.8,30.0,-1.61,11.71
EZPW,2001-04-20,0.7900000214576721,0.9166669845581056,0.7900000214576721,0.8966670036315918,68100.0,69.21666344641541,88.94831122243173,195.0165549826606,161.5734268190963,146.68773454435703,30.72,42.0,-1.55,11.41
EZPW,2001-04-23,0.9166669845581056,0.9166669845581056,0.7066670060157776,0.786666989326477,99600.0,80.25882292659641,92.80829571007179,196.12302998104627,162.15487176123995,147.17235467736012,29.56,43.0,-1.55,11.18
EZPW,2001-04-24,0.786666989326477,0.836667001247406,0.786666989326477,0.836667001247406,21000.0,80.70673612637769,93.02317868762754,196.22633848179478,162.30109461094045,147.29838186669818,28.23,43.0,-1.53,11.12
EZPW,2001-04-25,0.7699999809265137,0.7699999809265137,0.7400000095367432,0.7699999809265137,36300.0,84.61153462077475,94.06071600582185,196.47452808355914,162.5641490954034,147.4562376639176,26.79,43.0,-1.51,11.06
EZPW,2001-04-26,0.8133329749107361,0.8399999737739563,0.8133329749107361,0.8399999737739563,31800.0,87.87740426883617,94.4662154995061,196.5410354500197,162.8527398616042,147.71723035508268,25.26,43.0,-1.49,10.98
EZPW,2001-04-27,0.8333330154418945,0.9166669845581056,0.8266670107841492,0.8333330154418945,3600.0,87.96840692633836,92.76947991403468,186.60144236680253,162.84277727707575,147.61114299795918,24.17,20.0,-1.48,13.18
EZPW,2001-04-30,0.8166670203208923,0.8166670203208923,0.8033329844474792,0.8033329844474792,4200.0,85.29063035588649,89.65225903301933,177.15221297060543,162.91029242723567,147.4838252516706,23.44,18.0,-1.46,15.51
EZPW,2001-05-01,0.8033329844474792,0.8033329844474792,0.8033329844474792,0.8033329844474792,300.0,81.93509933413779,86.68696309730475,173.78917667625166,162.91029242723567,147.11661222223717,22.82,17.0,-1.44,16.97
EZPW,2001-05-02,0.8333330154418945,0.8333330154418945,0.8333330154418945,0.8333330154418945,600.0,80.89877553617261,86.69143604531453,173.85137221261186,162.95895014013203,147.16563443111258,22.18,17.0,-1.42,16.92
EZPW,2001-05-03,0.8066669702529907,0.8166670203208923,0.8033329844474792,0.8166670203208923,3900.0,79.72079065270658,85.84378143026157,173.90144589476634,162.9818449872018,147.07090023055167,21.51,17.0,-1.39,16.91
EZPW,2001-05-04,0.8166670203208923,0.8199999928474426,0.8166670203208923,0.8199999928474426,1200.0,77.9907529311051,82.95903406784684,172.44213515186544,162.98151534095675,146.9557411686,20.86,14.0,-1.36,17.48
EZPW,2001-05-07,0.8199999928474426,0.8199999928474426,0.7766669988632202,0.800000011920929,29700.0,78.39986335771351,74.7154214086828,172.4897416518219,162.79984778114974,146.86758140079726,20.2,14.0,-1.31,17.49
EZPW,2001-05-08,0.8166670203208923,0.913332998752594,0.8166670203208923,0.8166670203208923,6600.0,78.03453718285041,74.66153365188644,172.40622120854937,162.81238309238714,146.87160062900804,19.5,12.0,-1.27,17.5
EZPW,2001-05-09,0.800000011920929,0.8333330154418945,0.800000011920929,0.8166670203208923,5700.0,78.03453718285041,73.84860463275456,171.69932982528974,162.78151788281698,146.63834383533467,18.8,11.0,-1.21,17.77
EZPW,2001-05-10,0.8500000238418579,0.8500000238418579,0.8166670203208923,0.8166670203208923,3300.0,77.69572791637644,69.82698106401459,171.5045804328814,162.7490359024606,146.3575961435752,18.07,10.0,-1.16,17.91
EZPW,2001-05-11,0.8166670203208923,0.8500000238418579,0.8166670203208923,0.8500000238418579,3300.0,78.282171181521,69.46359622068763,170.2309931895032,162.26686861068106,146.33143085003232,17.37,9.0,-1.09,18.41
EZPW,2001-05-14,0.8500000238418579,0.8500000238418579,0.8333330154418945,0.8500000238418579,30000.0,77.95790277962956,69.4278147684164,169.76770702245008,161.65633236611768,145.41802636507808,16.66,8.0,-1.03,18.59
EZPW,2001-05-15,0.8166670203208923,0.8433330059051514,0.8166670203208923,0.8433330059051514,60000.0,78.02789801487356,67.99321739047579,168.64372784300522,161.6441441755878,145.1201039268122,15.98,7.0,-0.96,19.25
EZPW,2001-05-16,0.8333330154418945,0.8500000238418579,0.8166670203208923,0.8166670203208923,79200.0,78.17767191522734,67.25955881536578,168.76583115267192,161.66634492627335,144.38929020855446,15.26,7.0,-0.88,19.21
EZPW,2001-05-17,0.8166670203208923,0.8333330154418945,0.8166670203208923,0.8166670203208923,10500.0,74.55508065943117,66.86480255413255,167.22020496554026,161.4700342300284,144.36372956261826,14.58,5.0,-0.8,19.91
EZPW,2001-05-18,0.8833330273628235,0.8833330273628235,0.8333330154418945,0.8666669726371765,9300.0,76.44849540530959,67.59346016508728,165.29987458646838,161.17862076715355,144.45795860303718,13.97,4.0,-0.76,20.78
EZPW,2001-05-21,0.8666669726371765,0.8833330273628235,0.8500000238418579,0.8500000238418579,6600.0,74.84295233407546,67.35882782781033,163.80158529696797,161.18366742722,144.46447629181293,13.44,3.0,-0.69,21.75
EZPW,2001-05-22,0.8533329963684082,0.8533329963684082,0.8533329963684082,0.8533329963684082,1800.0,74.41613974153587,67.12038005431246,161.6602795377955,161.16561621056158,144.45727797971085,13.0,2.0,-0.66,22.89
EZPW,2001-05-23,0.8533329963684082,0.8533329963684082,0.8533329963684082,0.8533329963684082,1500.0,74.24380218101935,66.70992240418151,161.6602795377955,161.04520880671586,144.44943021359705,12.54,1.5,-0.66,22.89
EZPW,2001-05-24,0.8533329963684082,0.8533329963684082,0.8533329963684082,0.8533329963684082,600.0,74.24100552402712,66.71280241036207,119.22775018064291,161.04520880671586,144.3783672130415,14.6,1.0,-0.6,14.73
EZPW,2001-05-25,0.8666669726371765,0.8666669726371765,0.8666669726371765,0.8666669726371765,27600.0,74.30425155516185,66.69818518749356,91.68564298154101,160.9163193642745,144.38576793591443,17.81,1.0,-0.52,0.65
EZPW,2001-05-29,0.8533329963684082,0.8666669726371765,0.8333330154418945,0.8566669821739197,12000.0,74.40856597765307,66.77697580878402,91.73700457416071,160.5230639258354,144.3841926961543,20.46,2.0,-0.45,0.65
EZPW,2001-05-30,0.8666669726371765,0.8666669726371765,0.8333330154418945,0.8333330154418945,6600.0,74.97506740922837,67.09920171732952,90.04894484858677,160.48453983855546,144.34733058865038,22.83,1.0,-0.33,0.81
EZPW,2001-05-31,0.8500000238418579,0.8500000238418579,0.836667001247406,0.836667001247406,6600.0,74.96842941833634,67.05448133478535,90.04151769787676,160.05490241830495,144.31729241246933,24.92,1.0,-0.21,0.81
EZPW,2001-06-01,0.836667001247406,0.836667001247406,0.836667001247406,0.836667001247406,3000.0,73.56202668952176,67.01476876428532,89.36691751443085,160.05490241830495,144.25417428548232,26.83,1.0,-0.1,0.88
EZPW,2001-06-04,0.836667001247406,0.836667001247406,0.836667001247406,0.836667001247406,600.0,64.05407163052206,66.8963091753532,89.36691751443085,160.05490241830495,144.2466622817171,28.57,1.5,0.0,0.88
EZPW,2001-06-05,0.836667001247406,0.836667001247406,0.836667001247406,0.836667001247406,0.0,51.1598367432855,66.77731668317303,85.48510886485732,159.92101180413502,144.2466622817171,30.29,1.0,0.17,0.84
EZPW,2001-06-06,0.836667001247406,0.8500000238418579,0.836667001247406,0.836667001247406,11400.0,47.9412892160201,66.1740506426063,84.92320887756998,159.92101180413502,144.2466622817171,31.89,1.0,0.33,0.91
EZPW,2001-06-07,0.8566669821739197,0.8566669821739197,0.8566669821739197,0.8566669821739197,300.0,41.409706304044505,66.05099063613477,82.52370574803068,159.83968174079496,144.1961137764272,33.44,1.0,0.42,0.96
EZPW,2001-06-08,0.8500000238418579,0.8500000238418579,0.8500000238418579,0.8500000238418579,9600.0,33.086581342834535,66.09150008792746,80.71506018329437,159.8451103302481,144.18994927013625,34.93,1.0,0.58,1.18
EZPW,2001-06-11,0.8399999737739563,0.863332986831665,0.8399999737739563,0.8399999737739563,9300.0,33.190304135228196,66.16692643880634,80.099454172708,159.72121406807966,144.1954996065413,36.33,1.0,0.69,1.26
EZPW,2001-06-12,0.8799999952316284,0.913332998752594,0.8666669726371765,0.913332998752594,30300.0,39.31942898956887,65.84989938742105,79.3174721577532,159.84567245999534,144.4242551114117,37.67,1.0,0.85,1.31
EZPW,2001-06-13,0.8999999761581421,0.8999999761581421,0.8999999761581421,0.8999999761581421,19200.0,39.68773400226717,63.882498329114455,79.35039695548069,159.81433323105006,144.42602035198126,38.92,2.0,1.02,1.32
EZPW,2001-06-14,0.8566669821739197,0.913332998752594,0.8566669821739197,0.913332998752594,12600.0,38.60252547600953,62.844456045213406,79.17019024826742,159.79481133802344,144.42308380794339,40.09,1.0,1.15,1.34
EZPW,2001-06-15,0.8833330273628235,0.8999999761581421,0.8500000238418579,0.8500000238418579,16500.0,43.853944322220215,63.790168664955594,79.88094183290741,159.68210636362875,142.84764038192958,41.18,4.0,1.36,1.3
EZPW,2001-06-18,0.8500000238418579,0.8500000238418579,0.8333330154418945,0.8500000238418579,36000.0,43.84772299864079,62.743700277929015,79.88094183290741,159.38481473513124,141.7742105550356,42.21,4.5,1.57,1.3
EZPW,2001-06-19,0.8500000238418579,0.8500000238418579,0.8399999737739563,0.8399999737739563,38100.0,43.343452451367206,62.807349569200866,79.39040064182647,158.943813207908,141.7394176833599,43.19,4.0,1.66,1.37
EZPW,2001-06-20,0.8500000238418579,0.8500000238418579,0.7400000095367432,0.75,73500.0,54.25536128145061,66.84318099505668,81.50424071650322,158.7156882433728,142.1982376933492,44.06,9.0,1.52,1.27
EZPW,2001-06-21,0.75,0.913332998752594,0.75,0.9100000262260436,46500.0,78.61304482679613,77.65784293277306,86.00890757427041,160.26584743037066,143.4933776809953,44.8,13.0,1.32,1.79
EZPW,2001-06-22,0.8333330154418945,0.8333330154418945,0.75,0.75,8400.0,97.17100403357223,87.3435063762577,91.28925888404271,159.4096479609105,144.8113330765635,45.4,18.0,0.5,2.31
EZPW,2001-06-25,0.75,0.75,0.75,0.75,0.0,96.32634111986572,87.2377572526336,90.04868968471196,158.50904831633338,144.7284164934001,45.98,17.0,-0.36,2.55
EZPW,2001-06-26,0.7666670083999634,0.7666670083999634,0.7666670083999634,0.7666670083999634,600.0,96.61925571642236,87.25170280010236,87.71906805094221,158.524007053517,144.70521206827908,46.56,14.0,-0.81,2.89
EZPW,2001-06-27,0.8299999833106995,0.8299999833106995,0.8299999833106995,0.8299999833106995,300.0,99.53618609406068,88.7410825379106,86.65942958350215,158.24658886976871,144.88344037856155,47.12,14.0,-0.93,3.03
EZPW,2001-06-28,0.7666670083999634,0.7666670083999634,0.7666670083999634,0.7666670083999634,300.0,101.7564415956548,90.08715542027504,87.49897359240212,158.44467499054826,145.0672732752115,47.63,15.0,-0.99,2.87
EZPW,2001-06-29,0.7666670083999634,0.7833330035209656,0.7566670179367065,0.7566670179367065,14700.0,101.8039675260496,88.51287149019265,86.88498943625301,158.355412812705,144.93256941242592,48.11,15.0,-0.96,3.03
EZPW,2001-07-02,0.8266670107841492,0.8266670107841492,0.7833330035209656,0.7833330035209656,9300.0,100.74077519400473,88.8095685985819,85.29648493049409,158.26460406619313,144.34559235562142,48.59,12.0,-0.92,3.34
EZPW,2001-07-03,0.7833330035209656,0.7833330035209656,0.7833330035209656,0.7833330035209656,5700.0,100.62910990181891,88.09661285743343,80.48253532130838,158.16419822419763,144.34559235562142,49.09,8.0,-0.9,3.49
EZPW,2001-07-05,0.8266670107841492,0.8266670107841492,0.7833330035209656,0.7833330035209656,6300.0,100.61307471965624,87.96414440971617,80.38505574286002,157.8675792292038,144.18491766985736,49.55,8.0,-0.9,3.52
EZPW,2001-07-06,0.8233330249786377,0.8333330154418945,0.8233330249786377,0.8299999833106995,7500.0,102.14192719731889,88.62805358476493,80.46986691995889,157.99567768866356,144.15689435204567,49.98,9.0,-0.91,3.51
EZPW,2001-07-09,0.8299999833106995,0.8299999833106995,0.8299999833106995,0.8299999833106995,0.0,102.14192719731889,88.6160697546418,78.32349225650852,157.99567768866356,143.13380127064318,50.4,1.0,-0.87,3.95
EZPW,2001-07-10,0.8299999833106995,0.8299999833106995,0.8299999833106995,0.8299999833106995,0.0,102.02399976831049,88.6160697546418,77.93889327790244,157.99567768866356,143.09116450252702,50.78,1.0,-0.81,4.08
EZPW,2001-07-11,0.8066669702529907,0.8166670203208923,0.800000011920929,0.8033329844474792,39000.0,102.38802222122389,88.8857468444642,78.10566667440423,158.05531582036497,143.13162971534948,51.13,2.0,-0.73,4.02
EZPW,2001-07-12,0.7966669797897339,0.8166670203208923,0.7966669797897339,0.8166670203208923,6600.0,102.23195063905285,88.94128364253538,77.40806229244357,158.01752834161732,142.67605906659074,51.46,1.0,-0.69,4.25
EZPW,2001-07-13,0.8299999833106995,0.8299999833106995,0.8066669702529907,0.8066669702529907,7800.0,102.27657057366967,88.98507373390007,76.80370443536668,157.86091092890797,142.68292597951523,51.75,1.0,-0.61,4.45
EZPW,2001-07-16,0.7333329916000366,0.8299999833106995,0.7300000190734863,0.8299999833106995,30000.0,102.63931293871894,88.54731891736682,76.72727006729872,157.69486051774405,142.70793352382282,52.02,1.0,-0.54,4.48
EZPW,2001-07-17,0.7933329939842224,0.7966669797897339,0.7666670083999634,0.7666670083999634,21300.0,105.16823465165915,86.33291408251208,77.67129765064699,158.01011726546764,142.93880659947877,52.24,4.0,-0.45,4.19
EZPW,2001-07-18,0.7699999809265137,0.7733330130577087,0.7533329725265503,0.7566670179367065,40800.0,105.20547394276542,82.1309448929691,77.52513087574737,157.81027345353996,142.9462510130371,52.44,4.0,-0.38,4.24
EZPW,2001-07-19,0.7633330225944519,0.7666670083999634,0.7566670179367065,0.7566670179367065,19800.0,105.20547394276542,81.0999011931783,77.37435038206294,155.3889684709124,142.9297588327736,52.62,3.0,-0.3,4.3
EZPW,2001-07-20,0.7633330225944519,0.7633330225944519,0.7633330225944519,0.7633330225944519,3600.0,104.96236492344808,79.3291977196676,77.20141787105092,154.78814210182966,142.93148755058652,52.77,3.0,-0.22,4.36
EZPW,2001-07-23,0.7566670179367065,0.7566670179367065,0.75,0.7533329725265503,18000.0,104.991570988764,77.25795155909061,77.23039531917836,154.506157906303,142.9218203781256,52.92,4.0,-0.16,4.35
EZPW,2001-07-24,0.7633330225944519,0.7666670083999634,0.75,0.75,9600.0,104.96563865308457,77.24932254567864,77.22124792604652,154.48496146147204,142.90500299864385,53.07,4.0,-0.11,4.35
EZPW,2001-07-25,0.7466670274734497,0.7466670274734497,0.7400000095367432,0.7400000095367432,4800.0,101.65434595108533,76.94699334537269,77.25725485684657,154.34634644652797,142.89411671037325,53.18,6.0,-0.1,4.34
EZPW,2001-07-26,0.7400000095367432,0.7400000095367432,0.7233330011367798,0.7233330011367798,18600.0,101.73433835378036,77.0712160636453,77.35204912585372,154.37772549138842,142.91503413282547,53.27,7.0,-0.14,4.3
EZPW,2001-07-27,0.7033330202102661,0.7266669869422913,0.7033330202102661,0.7266669869422913,45300.0,101.58656366597825,76.66771960597612,77.31743339793668,154.3771538339507,142.91524604722358,53.33,7.0,-0.15,4.32
EZPW,2001-07-30,0.7466670274734497,0.75,0.7400000095367432,0.7400000095367432,24300.0,99.97780593867613,76.68809314666987,77.33019565244807,154.38604947766973,142.9247007155962,53.37,8.0,-0.13,4.31
EZPW,2001-07-31,0.7400000095367432,0.7400000095367432,0.7400000095367432,0.7400000095367432,0.0,99.97780593867613,76.67966914264602,77.28354243158799,154.33995468486955,142.91099809068635,53.38,7.0,-0.17,4.33
EZPW,2001-08-01,0.7266669869422913,0.75,0.7266669869422913,0.75,3900.0,100.08735237934943,76.58956440491156,77.22584090865715,154.29417841612417,142.8968896159463,53.36,5.0,-0.15,4.35
EZPW,2001-08-02,0.7533329725265503,0.7533329725265503,0.7533329725265503,0.7533329725265503,600.0,94.55308256164123,76.46546634498816,76.95192253161751,154.1653258128902,142.83849908198673,53.33,3.0,-0.34,4.45
EZPW,2001-08-03,0.7599999904632568,0.7833330035209656,0.75,0.75,12900.0,74.7292556622903,76.4675337145669,76.80457368766504,153.99760009787445,142.68534981496188,53.27,3.0,-0.43,4.51
EZPW,2001-08-06,0.7166669964790344,0.7266669869422913,0.7166669964790344,0.7166669964790344,2700.0,51.15761013507043,76.99725192351966,77.16055679836535,153.97916987317853,142.76071831481835,53.17,5.0,-0.6,4.38
EZPW,2001-08-07,0.699999988079071,0.7200000286102295,0.699999988079071,0.699999988079071,27000.0,51.550123129487936,76.61058371418171,77.25652913698806,153.84372449063832,142.7395044914632,53.05,10.0,-0.78,4.34
EZPW,2001-08-08,0.6933330297470093,0.6933330297470093,0.6600000262260437,0.6600000262260437,40500.0,53.52632169453933,77.44887887906008,76.48770573722817,154.02153482354962,142.85214635608656,52.89,1.0,-0.52,4.54
EZPW,2001-08-09,0.6499999761581421,0.663332998752594,0.6299999952316284,0.6433330178260803,20100.0,47.44965593781787,77.56947161964708,75.40849266552884,154.00934395102323,142.86238142738517,52.72,1.0,-0.24,4.88
EZPW,2001-08-10,0.6433330178260803,0.6433330178260803,0.6266670227050781,0.6433330178260803,7200.0,42.46068017285349,77.36004714649499,74.94662160259973,154.00934395102323,142.86238142738517,52.52,1.0,-0.06,5.06
EZPW,2001-08-13,0.6499999761581421,0.6499999761581421,0.6399999856948853,0.6399999856948853,27600.0,42.40465573256385,77.35596814710298,74.41605401111795,153.98068245539017,142.86375249825397,52.3,1.0,0.03,5.27
EZPW,2001-08-14,0.6399999856948853,0.6399999856948853,0.6399999856948853,0.6399999856948853,0.0,40.70435395221645,76.223275913252,73.94895127271242,153.98068245539017,142.86375249825397,52.05,1.0,0.08,5.47
EZPW,2001-08-15,0.6299999952316284,0.6299999952316284,0.6233329772949219,0.6233329772949219,21000.0,41.04193527639725,76.29272135003964,74.05311114895018,153.88647326979583,142.890248795235,51.77,2.0,0.18,5.42
EZPW,2001-08-16,0.6233329772949219,0.6233329772949219,0.6166669726371765,0.6166669726371765,15300.0,40.986826277068864,76.2773474865025,73.94706872561406,153.85087736774003,142.89508227602977,51.51,1.0,0.29,5.47
EZPW,2001-08-17,0.6166669726371765,0.6233329772949219,0.6033329963684082,0.6100000143051147,5700.0,35.92005866447322,76.27692633507877,73.9609307133328,153.68439155575754,142.73493528534934,51.23,3.0,0.37,5.46
EZPW,2001-08-20,0.6000000238418579,0.6100000143051147,0.6000000238418579,0.6100000143051147,2700.0,35.92005866447322,76.27692633507877,73.80554243276055,153.48599462136625,142.73493528534934,50.92,1.0,0.35,5.53
EZPW,2001-08-21,0.6100000143051147,0.6100000143051147,0.6100000143051147,0.6100000143051147,0.0,35.92005866447322,76.15983180466273,73.7167477352155,146.26117212718364,142.7133537028757,50.59,1.0,0.28,5.57
EZPW,2001-08-22,0.6266670227050781,0.6266670227050781,0.6266670227050781,0.6266670227050781,1200.0,36.83455364604378,76.4449228848611,73.80217280042577,139.72052871585473,142.71338501577125,50.23,2.0,0.17,5.53
EZPW,2001-08-23,0.6333330273628235,0.6399999856948853,0.6266670227050781,0.6399999856948853,3300.0,37.12537302945347,76.48633798135084,73.8908344827817,137.272789477857,142.27136002464138,49.83,4.0,0.05,5.49
EZPW,2001-08-24,0.663332998752594,0.663332998752594,0.6333330273628235,0.6333330273628235,4200.0,37.111083607010904,76.47599438059662,73.78208444315405,137.28094170507467,141.79722195427402,49.4,2.0,-0.04,5.54
EZPW,2001-08-27,0.663332998752594,0.663332998752594,0.6166669726371765,0.6266670227050781,7200.0,35.455448212971206,76.4793146201517,72.56474985202608,137.2891743711756,141.78429612933166,48.94,1.0,-0.17,6.01
EZPW,2001-08-28,0.6333330273628235,0.6333330273628235,0.6266670227050781,0.6266670227050781,10800.0,28.646067900904537,76.4793146201517,72.56474985202608,136.33549686685134,141.76121841071625,48.45,1.5,-0.29,6.01
EZPW,2001-08-29,0.6033329963684082,0.6266670227050781,0.6000000238418579,0.6266670227050781,25800.0,28.643589877776538,76.4793146201517,72.08967129019396,136.30304253753928,141.59143605077318,47.92,1.0,-0.38,6.23
EZPW,2001-08-30,0.6266670227050781,0.6266670227050781,0.6266670227050781,0.6266670227050781,0.0,28.643589877776538,76.4793146201517,72.01383050886811,136.25351849429717,141.25932905740032,47.36,1.0,-0.46,6.27
EZPW,2001-08-31,0.6266670227050781,0.6266670227050781,0.6033329963684082,0.6033329963684082,21600.0,29.690969982841914,76.54226634701334,72.1389214980779,135.8957435468666,141.29548603987223,46.76,3.0,-0.53,6.21
EZPW,2001-09-04,0.6033329963684082,0.6033329963684082,0.5799999833106995,0.6033329963684082,41100.0,29.730600068206698,76.55042491606484,72.11816653957914,135.72489350146185,141.2771184490732,46.12,3.0,-0.6,6.22
EZPW,2001-09-05,0.6266670227050781,0.6266670227050781,0.586667001247406,0.586667001247406,18000.0,30.305887824368323,76.67737027797685,72.23277774409688,134.9181591624249,141.21846202713297,45.44,5.0,-0.65,6.16
EZPW,2001-09-06,0.6333330273628235,0.6333330273628235,0.6333330273628235,0.6333330273628235,18000.0,38.94113613216511,76.3329723764637,73.31449639280855,134.91618862643185,141.4183490125253,44.72,8.0,-0.73,5.72
EZPW,2001-09-07,0.6466670036315918,0.6666669845581055,0.6466670036315918,0.6666669845581055,10500.0,41.84317842216423,77.20858439872661,73.79600315517955,134.15606356691333,141.40476174391307,43.94,11.0,-0.8,5.51
EZPW,2001-09-10,0.6666669845581055,0.6666669845581055,0.6499999761581421,0.663332998752594,60300.0,41.78980577073034,77.099286367301,73.7981812493038,134.15940101713514,141.06351987011902,43.12,12.0,-0.86,5.51
EZPW,2001-09-17,0.6000000238418579,0.636667013168335,0.6000000238418579,0.636667013168335,8400.0,42.69092085572128,76.2166938535049,73.57101080176291,133.26966833495334,141.05562746485793,42.25,9.0,-0.94,5.6
EZPW,2001-09-18,0.636667013168335,0.6499999761581421,0.550000011920929,0.6033329963684082,43200.0,44.92869777115466,76.8656156740401,71.25345920939522,132.11334711222577,140.83099793501205,41.32,1.0,-0.99,6.17
EZPW,2001-09-19,0.550000011920929,0.550000011920929,0.5033329725265503,0.5033329725265503,36000.0,67.20584940680139,84.86402667971673,73.9334480759701,132.7371251015935,142.01095928987868,40.28,18.0,-0.75,6.47
EZPW,2001-09-20,0.536666989326477,0.536666989326477,0.5033329725265503,0.5066670179367065,13500.0,67.2584612397834,82.05126363671891,73.19378967303555,131.41338804605695,142.0121439440826,39.19,9.0,-0.63,6.79
EZPW,2001-09-21,0.5033329725265503,0.5166670083999634,0.5,0.5166670083999634,11400.0,67.8868158348505,70.94395566427649,72.2153868913284,131.42551805910426,141.92802301754358,38.02,6.0,-0.62,7.28
EZPW,2001-09-24,0.5333330035209656,0.5400000214576721,0.5333330035209656,0.5400000214576721,13500.0,69.05651743368004,60.58498294091951,71.15363682677163,102.84438701232818,141.99343822361374,36.77,1.0,-0.67,7.73
EZPW,2001-09-25,0.6333330273628235,0.6333330273628235,0.5666670203208923,0.5666670203208923,1800.0,70.88940489926647,61.56842974815632,71.639367412915,86.44369318984818,141.98282853040314,35.71,3.0,-0.75,7.49
EZPW,2001-09-26,0.6000000238418579,0.6000000238418579,0.6000000238418579,0.6000000238418579,1500.0,71.49384280540991,62.631749338827035,72.09245541132574,86.67715391585799,142.0929039824393,34.81,6.0,-0.83,7.3
EZPW,2001-09-27,0.5666670203208923,0.5666670203208923,0.5666670203208923,0.5666670203208923,1200.0,72.92522557266301,61.09231013053732,72.6027469418123,85.75766370652424,142.11595993164983,33.94,13.0,-0.9,7.01
EZPW,2001-09-28,0.5666670203208923,0.5666670203208923,0.5666670203208923,0.5666670203208923,0.0,72.92522557266301,59.17622787907818,72.31932815391812,85.75766370652424,142.00681604088658,33.01,11.0,-0.96,7.14
EZPW,2001-10-01,0.5666670203208923,0.5833330154418945,0.5,0.5466669797897339,6900.0,73.50241851147655,59.493071245633566,72.45281295388014,85.55082970662261,142.02529039742518,32.02,12.0,-1.01,7.06
EZPW,2001-10-02,0.5166670083999634,0.5166670083999634,0.5,0.5,46800.0,77.39480554610671,61.319031569563656,73.69112699715348,86.23990744680398,142.28982937473162,30.99,19.0,-1.0,6.48
EZPW,2001-10-03,0.4866670072078705,0.4866670072078705,0.4866670072078705,0.4866670072078705,2100.0,77.40808908096848,61.428245076462865,73.70798628041508,83.91281494711322,142.04295122132356,29.9,20.0,-0.98,6.47
EZPW,2001-10-04,0.4866670072078705,0.4866670072078705,0.4866670072078705,0.4866670072078705,0.0,77.4406095258263,61.428245076462865,73.59836246326685,83.65543442631844,141.78257070434944,28.74,19.0,-0.98,6.52
EZPW,2001-10-05,0.4866670072078705,0.4866670072078705,0.4866670072078705,0.4866670072078705,0.0,77.46835853595768,59.90661261634581,73.59836246326685,82.4441386160381,141.39515885597243,27.51,19.5,-0.99,6.52
EZPW,2001-10-08,0.5,0.5,0.5,0.5,3000.0,78.09018309420908,60.3326309362965,73.77161084430634,81.34334806117293,140.77602707839463,26.19,24.0,-1.03,6.44
EZPW,2001-10-09,0.5,0.5,0.5,0.5,0.0,78.09018309420908,60.3326309362965,73.42420428473353,81.0427017977166,140.75012987167207,24.81,18.0,-1.05,6.59
EZPW,2001-10-10,0.4900000095367431,0.4900000095367431,0.4900000095367431,0.4900000095367431,600.0,77.52182328471454,60.172962025114764,73.45707321368778,80.03278172337957,138.61719428741245,23.33,19.0,-1.07,6.57
EZPW,2001-10-11,0.4900000095367431,0.5066670179367065,0.449999988079071,0.5066670179367065,41100.0,78.01000123835891,60.57018356450419,73.71563812161862,80.07024163963189,137.9432617120658,21.74,25.0,-1.1,6.46
EZPW,2001-10-12,0.4666669964790344,0.4666669964790344,0.4666669964790344,0.4666669964790344,2400.0,80.94243802674302,62.451009424712744,74.60718649759961,80.61422201058106,138.19282178786253,19.97,40.0,-1.11,6.06
EZPW,2001-10-15,0.4666669964790344,0.4666669964790344,0.4666669964790344,0.4666669964790344,3000.0,80.99595114960444,61.98872781712801,74.60718649759961,80.39107927692754,137.78392460470025,18.06,40.5,-1.12,6.06
EZPW,2001-10-16,0.4666669964790344,0.4699999988079071,0.4666669964790344,0.4699999988079071,10800.0,81.09717985425453,60.34282061759374,73.90561403816662,80.3947046850918,137.6818816143392,15.98,34.0,-1.13,6.35
EZPW,2001-10-17,0.4699999988079071,0.4699999988079071,0.4699999988079071,0.4699999988079071,0.0,81.09717985425453,60.35658486315965,73.88095045201068,80.15668432919615,137.58808464942803,13.6,33.0,-1.14,6.37
EZPW,2001-10-18,0.4699999988079071,0.4699999988079071,0.4699999988079071,0.4699999988079071,0.0,81.09717985425453,60.35658486315965,73.87029608162872,80.0893939549287,137.4898807691582,10.81,33.0,-1.15,6.38
EZPW,2001-10-19,0.4699999988079071,0.4699999988079071,0.4699999988079071,0.4699999988079071,0.0,80.68890354370372,60.279599553835354,73.87029608162872,79.56562062889388,137.395952729877,6.87,33.5,-1.16,6.38
EZPW,2001-10-22,0.5033329725265503,0.5033329725265503,0.5033329725265503,0.5033329725265503,600.0,83.69109689731181,62.276736951137565,74.80599095012231,79.72679067359806,137.33717998412925,5.47,46.0,-1.18,6.01
EZPW,2001-10-23,0.5033329725265503,0.5033329725265503,0.5,0.5,11400.0,83.43237016337093,62.27491776392752,74.73194229982349,78.86116335946662,137.33930143184688,5.28,46.0,-1.2,6.03
EZPW,2001-10-24,0.550000011920929,0.550000011920929,0.4833329916000366,0.5,2400.0,79.77503067595634,62.27431373264315,74.73051792577148,77.26224321737661,137.33930143184688,5.09,46.0,-1.21,6.04
EZPW,2001-10-25,0.5333330035209656,0.5333330035209656,0.5333330035209656,0.5333330035209656,3300.0,80.71546592836808,63.85245398907864,75.46097374911379,76.37123407178865,137.48598705063833,4.92,51.0,-1.21,5.78
EZPW,2001-10-26,0.4833329916000366,0.4833329916000366,0.4833329916000366,0.4833329916000366,300.0,84.90474079982849,66.61733924711697,76.90692730143446,77.12215192844582,137.84719483995335,4.74,56.0,-1.22,5.24
EZPW,2001-10-29,0.4733330011367798,0.4733330011367798,0.4166670143604278,0.4166670143604278,36300.0,93.52187115689733,72.44399108430027,80.17681463929388,78.6182920398945,138.62564399745673,4.59,83.0,-1.18,4.56
EZPW,2001-10-30,0.43333300948143,0.4833329916000366,0.43333300948143,0.4833329916000366,27000.0,103.86229246515974,79.33899919364949,83.88148171866861,79.50990499963041,139.2911257393195,4.47,90.0,-1.18,4.1
EZPW,2001-10-31,0.4833329916000366,0.5,0.4833329916000366,0.4966669976711273,34800.0,90.22198604418618,79.54144368115792,84.03789756510547,76.67557047865806,139.17638852239992,4.44,91.0,-1.18,4.06
EZPW,2001-11-01,0.5,0.5833330154418945,0.5,0.5833330154418945,3600.0,101.62260357491064,86.633010356014,88.07365625507208,79.03586566332893,140.08442651149505,4.51,98.0,-1.15,3.67
EZPW,2001-11-02,0.5833330154418945,0.5833330154418945,0.5833330154418945,0.5833330154418945,0.0,101.5322962644648,86.63740099537091,87.96751914060158,78.80459083547267,139.92421528882198,4.61,97.0,-1.12,3.7
EZPW,2001-11-05,0.4699999988079071,0.4699999988079071,0.4699999988079071,0.4699999988079071,5100.0,119.08526765370502,96.588100174624,94.19580183644837,81.71680063740718,139.6447009458016,4.91,100.0,-1.11,3.7
EZPW,2001-11-06,0.4699999988079071,0.4699999988079071,0.4699999988079071,0.4699999988079071,0.0,118.04193175520874,96.5367844107027,94.1956374754629,81.54610369203401,139.19205244981137,5.2,99.0,-1.09,3.7
EZPW,2001-11-07,0.4699999988079071,0.4699999988079071,0.4699999988079071,0.4699999988079071,0.0,116.52729026149603,95.92903584074678,93.10194096197456,81.51952851279374,138.93978866208298,5.43,98.0,-1.12,3.94
EZPW,2001-11-08,0.4699999988079071,0.4699999988079071,0.4699999988079071,0.4699999988079071,0.0,115.61190486797865,95.845371641143,93.09879373339012,81.17879638261071,138.91550952290604,5.65,97.0,-1.15,3.95
EZPW,2001-11-09,0.5,0.5166670083999634,0.4733330011367798,0.4733330011367798,7800.0,115.66314826274797,95.87278497077742,93.06239938385193,80.80371002214555,138.8080923628605,5.86,96.0,-1.21,3.96
EZPW,2001-11-12,0.4699999988079071,0.5,0.4699999988079071,0.5,5400.0,116.60860245089799,96.65607904062702,92.97268884779682,81.00241145370642,138.91259729891473,6.06,95.0,-1.2,4.02
EZPW,2001-11-13,0.4699999988079071,0.5,0.4699999988079071,0.4699999988079071,30600.0,115.11008954692326,97.3727402470548,93.40067361486817,81.21985482651156,139.05543394445885,6.26,98.0,-1.2,3.88
EZPW,2001-11-14,0.550000011920929,0.550000011920929,0.4666669964790344,0.4666669964790344,29700.0,114.87925744495287,97.27322401580847,93.39607804563589,81.1448451274766,139.0577155023119,6.45,97.0,-1.19,3.88
EZPW,2001-11-15,0.4666669964790344,0.4666669964790344,0.4233329892158508,0.4666669964790344,75000.0,114.87925744495287,97.27019760154789,91.7962294338842,81.04691179824887,139.02718285690375,6.58,92.0,-1.17,4.29
EZPW,2001-11-16,0.4433329999446869,0.4433329999446869,0.4000000059604645,0.4166670143604278,128100.0,119.36723040427471,99.78416083989393,87.7703579692207,82.03749173395386,139.46484642681142,6.61,87.0,-1.28,3.97
EZPW,2001-11-19,0.4033330082893371,0.4033330082893371,0.4000000059604645,0.4000000059604645,133500.0,119.39637655320143,100.02358679881993,82.75861599439789,82.1533139496847,139.410405874406,6.49,80.0,-1.24,4.26
EZPW,2001-11-20,0.4000000059604645,0.4399999976158142,0.3966670036315918,0.3966670036315918,80700.0,119.37570680646536,100.01315562879908,82.75309742575291,82.1536286045374,139.29400048290995,6.39,80.0,-1.2,4.26
EZPW,2001-11-21,0.4000000059604645,0.4000000059604645,0.3899999856948852,0.3899999856948852,87900.0,119.34986694542783,99.77771271911939,82.64430960592385,82.17024216838024,139.18819532125966,6.33,80.0,-1.15,4.27
EZPW,2001-11-23,0.4099999964237213,0.4099999964237213,0.3899999856948852,0.3899999856948852,4800.0,118.74215510978745,99.60988980165943,81.49110482675906,82.17024216838024,139.06920958314325,6.28,80.0,-1.13,4.56
EZPW,2001-11-26,0.4000000059604645,0.4166670143604278,0.4000000059604645,0.4166670143604278,3900.0,118.54674701972657,100.76776461695356,81.50060373294579,82.54507907332552,139.22457761423732,6.22,81.0,-1.1,4.65
EZPW,2001-11-27,0.3899999856948852,0.4166670143604278,0.3899999856948852,0.4166670143604278,9900.0,118.54674701972657,100.77493926433108,81.49841960807656,82.51702771678107,139.19092217274869,6.16,81.0,-1.07,4.66
EZPW,2001-11-28,0.4000000059604645,0.4000000059604645,0.4000000059604645,0.4000000059604645,600.0,118.977363457674,101.00426142174244,81.42179912594717,82.62649007306442,139.25302003717033,6.12,80.0,-1.04,4.64
EZPW,2001-11-29,0.4933330118656158,0.4933330118656158,0.43333300948143,0.449999988079071,5700.0,124.22145137868401,104.21038751308703,83.78188952747813,83.79290542223181,139.7153059199175,6.15,86.0,-1.0,4.18
EZPW,2001-11-30,0.4666669964790344,0.4766669869422912,0.4666669964790344,0.4699999988079071,57900.0,124.90301791418916,104.68871956132016,84.1387448812644,83.84830303502491,139.7799931887507,6.18,88.0,-0.95,4.09
EZPW,2001-12-03,0.4699999988079071,0.5299999713897705,0.4666669964790344,0.4666669964790344,3900.0,124.92004777934011,104.46215041120138,83.5308559099089,83.75565188706943,139.669036351391,6.2,84.0,-0.94,4.24
EZPW,2001-12-04,0.4733330011367798,0.4933330118656158,0.4733330011367798,0.4933330118656158,8100.0,124.3557534470433,105.17771481461492,84.09225419684999,84.03177697956721,139.74524884606717,6.23,87.0,-0.92,4.1
EZPW,2001-12-05,0.4933330118656158,0.4933330118656158,0.4933330118656158,0.4933330118656158,0.0,124.34292209516391,105.05382449966751,84.09225419684999,84.03177697956721,139.61525658767667,6.26,86.5,-0.92,4.1
EZPW,2001-12-06,0.4866670072078705,0.4866670072078705,0.4666669964790344,0.4666669964790344,15000.0,125.36435309811034,104.27350943063041,84.3608890397623,83.56597250627817,139.58501756049606,6.29,88.0,-0.89,4.0
EZPW,2001-12-07,0.5066670179367065,0.5199999809265137,0.4433329999446869,0.4533329904079437,6600.0,123.9539896451693,103.71588726799563,84.36918073658816,83.0129979261108,133.91778042883357,6.33,88.0,-0.89,3.98
EZPW,2001-12-10,0.43333300948143,0.449999988079071,0.3799999952316284,0.449999988079071,4200.0,120.78480819111388,103.71564272524938,84.36323441057525,82.79293841446211,128.87509045592603,6.36,87.0,-0.89,3.98
EZPW,2001-12-11,0.449999988079071,0.449999988079071,0.449999988079071,0.449999988079071,0.0,112.57194973723348,103.47221040367383,84.188946074617,82.51646353159701,126.933913936489,6.38,85.0,-0.98,4.03
EZPW,2001-12-12,0.5,0.550000011920929,0.5,0.5466669797897339,28800.0,118.41435239200311,110.81109150084801,89.20512979729051,85.54551880479389,128.4121748295352,6.48,91.0,-0.93,4.22
EZPW,2001-12-13,0.5633329749107361,0.5799999833106995,0.5600000023841858,0.5799999833106995,228000.0,119.31577586989536,104.96998801876558,89.7410805228332,85.8487574320311,128.54352750181462,6.58,91.0,-0.89,4.07
EZPW,2001-12-14,0.5799999833106995,0.5966669917106628,0.5699999928474426,0.5966669917106628,49800.0,110.11939692549745,105.10184222177696,89.87504296521784,85.86127804805217,127.85603569683018,6.68,91.0,-0.85,4.03
EZPW,2001-12-17,0.5933330059051514,0.5966669917106628,0.5933330059051514,0.5966669917106628,12000.0,110.11939692549745,105.04455972895055,89.8581364744876,85.86127804805217,127.82907293738428,6.77,90.0,-0.83,4.04
EZPW,2001-12-18,0.5699999928474426,0.5933330059051514,0.5033329725265503,0.5933330059051514,24600.0,88.98316143624045,104.69386828132998,89.84316220192396,85.7920759352132,127.79578826780953,6.86,89.0,-0.8,4.04
EZPW,2001-12-19,0.5099999904632568,0.5099999904632568,0.5099999904632568,0.5099999904632568,900.0,100.23151321222173,108.80398623748957,92.90311082969734,87.5679461725972,128.38749808633602,7.0,92.0,-0.76,3.56
EZPW,2001-12-20,0.5166670083999634,0.5333330035209656,0.5166670083999634,0.5333330035209656,3900.0,100.96184223492806,108.5461684219288,93.20890604868055,87.7163219158174,128.3240739420671,7.14,96.0,-0.7,3.49
EZPW,2001-12-21,0.5666670203208923,0.6000000238418579,0.5266669988632202,0.550000011920929,29400.0,101.24376889110005,108.13147950236073,93.31126994582193,87.80120317910038,127.72327479093559,7.28,96.0,-0.63,3.47
EZPW,2001-12-24,0.550000011920929,0.550000011920929,0.550000011920929,0.550000011920929,0.0,101.25340288620312,108.13147950236073,93.30491987579767,87.74499316620337,127.5231328381528,7.41,95.0,-0.57,3.47
EZPW,2001-12-26,0.5833330154418945,0.586667001247406,0.5666670203208923,0.5666670203208923,104100.0,100.4418071179761,108.05115771261605,93.39004081384584,87.25819853946753,126.87355247984556,7.54,96.0,-0.54,3.45
EZPW,2001-12-27,0.5533329844474792,0.5833330154418945,0.5533329844474792,0.5833330154418945,66300.0,98.68679020875675,106.5591789406887,93.52438850712721,87.33425579256712,126.90183148265915,7.66,98.0,-0.54,3.42
EZPW,2001-12-28,0.6166669726371765,0.6333330273628235,0.5666670203208923,0.5666670203208923,18900.0,99.16489426872688,106.58316521190348,93.58428347992862,87.17278731727193,126.20777550207292,7.78,98.0,-0.59,3.4
EZPW,2001-12-31,0.5899999737739563,0.6399999856948853,0.5833330154418945,0.586667001247406,70800.0,99.47724500270562,106.78476013063694,93.76686779431498,87.2420344603645,125.2616959789129,7.9,98.0,-0.74,3.36
EZPW,2002-01-02,0.5933330059051514,0.6000000238418579,0.5833330154418945,0.5899999737739563,92400.0,92.64827761421508,106.7840140246155,93.77527181922852,87.200375043418,124.34409466662176,8.01,98.0,-0.95,3.36
EZPW,2002-01-03,0.5699999928474426,0.5699999928474426,0.5533329844474792,0.5533329844474792,1800.0,94.03234077012146,107.54784922489145,94.04047605301726,87.5077308097727,123.52666587442707,8.12,98.0,-1.04,3.29
EZPW,2002-01-04,0.5533329844474792,0.5533329844474792,0.5533329844474792,0.5533329844474792,300.0,93.91520114374627,107.54784922489145,93.98124455317463,87.5077308097727,123.52666587442707,8.22,97.0,-1.09,3.31
EZPW,2002-01-07,0.5699999928474426,0.5833330154418945,0.5666670203208923,0.5833330154418945,9300.0,94.28015419712288,107.95297886455143,93.9441038539085,87.74462123504664,102.40778767363142,8.32,96.0,-1.09,3.34
EZPW,2002-01-08,0.5833330154418945,0.5833330154418945,0.5833330154418945,0.5833330154418945,15000.0,94.28015419712288,107.7662551869407,93.86311091923065,87.74462123504664,90.8567333656222,8.41,95.0,-1.07,3.37
EZPW,2002-01-09,0.5666670203208923,0.5666670203208923,0.550000011920929,0.550000011920929,2400.0,95.16152113709346,107.08637531943259,94.31116982019363,88.00701430372459,91.06313020936322,8.49,100.0,-1.04,3.25
EZPW,2002-01-10,0.5833330154418945,0.5933330059051514,0.5833330154418945,0.5833330154418945,3600.0,96.18679630961626,107.69929252032698,94.79505847595091,88.0717854240609,90.40343235485558,8.57,100.0,-1.02,3.15
EZPW,2002-01-11,0.5833330154418945,0.6100000143051147,0.5833330154418945,0.6066669821739197,49500.0,95.21649678035253,107.9432569301218,95.00905566782357,86.96374370280304,90.47985741229154,8.64,100.0,-1.02,3.1
EZPW,2002-01-14,0.6000000238418579,0.6000000238418579,0.6000000238418579,0.6000000238418579,900.0,90.18912243986304,107.98560567613936,94.93399241626723,85.61226615612955,90.27017334857992,8.71,99.0,-1.01,3.12
EZPW,2002-01-15,0.6000000238418579,0.6000000238418579,0.6000000238418579,0.6000000238418579,0.0,89.64794493944711,107.98560567613936,94.91943836954209,85.28244182143887,90.27017334857992,8.78,98.0,-1.0,3.13
EZPW,2002-01-16,0.6299999952316284,0.6666669845581055,0.6166669726371765,0.6666669845581055,76200.0,93.81483323535626,109.95680621777974,96.37138406415691,85.66989323494859,89.25576422610565,8.85,100.0,-0.97,2.89
EZPW,2002-01-17,0.6666669845581055,0.75,0.6666669845581055,0.699999988079071,22500.0,93.56080249686529,109.54992673387072,96.67069936925913,85.23661878918504,89.19892688652543,8.93,100.0,-0.85,2.83
EZPW,2002-01-18,0.6333330273628235,0.6333330273628235,0.6166669726371765,0.6166669726371765,21300.0,101.78447293312001,112.8345502377179,98.7874704719412,86.5221055900953,89.32472466615022,9.03,100.0,-0.86,2.5
EZPW,2002-01-22,0.699999988079071,0.75,0.6166669726371765,0.6166669726371765,7500.0,100.05487106279828,112.8345502377179,98.69362751438916,86.42205643733342,88.57112263614908,9.13,99.0,-0.85,2.51
EZPW,2002-01-23,0.7766669988632202,0.8199999928474426,0.75,0.7666670083999634,52500.0,116.11418023580966,120.48229277347792,104.53491977646424,90.22985572919887,90.96187398396366,9.34,100.0,-0.26,2.6
EZPW,2002-01-24,0.7400000095367432,0.9166669845581056,0.6866670250892639,0.7833330035209656,100500.0,115.87761429303691,118.53110710499435,104.56256649079285,90.16032577795808,90.33109028907295,9.53,100.0,0.27,2.6
EZPW,2002-01-25,0.7799999713897705,0.8166670203208923,0.7566670179367065,0.7733330130577087,38100.0,116.11522466525315,114.05934362793009,104.57019828288436,90.14172006034444,90.31411915231112,9.69,100.0,0.49,2.6
EZPW,2002-01-28,0.7699999809265137,0.9166669845581056,0.7699999809265137,0.9166669845581056,73500.0,113.04831752473675,115.25703518754891,107.91338269245942,92.36656741164404,91.80713349182406,9.92,100.0,2.53,2.31
EZPW,2002-01-29,0.9166669845581056,0.9966670274734496,0.913332998752594,0.913332998752594,47100.0,112.48719617630398,115.24131121064853,107.91820159405077,92.3189270269636,91.68327157315603,10.12,100.0,3.17,2.31
EZPW,2002-01-30,0.9166669845581056,0.9166669845581056,0.8333330154418945,0.836667001247406,22500.0,116.2658577455671,112.58568847320049,108.88920363624437,92.8781036150539,92.13128135127536,10.33,100.0,2.86,2.15
EZPW,2002-01-31,0.8833330273628235,0.949999988079071,0.8833330273628235,0.9166669845581056,24900.0,118.487901437334,113.92490448532486,109.58649412184036,93.50263351272318,92.39451440166336,10.53,100.0,2.86,2.05
EZPW,2002-02-01,0.9800000190734864,1.0666669607162476,0.9666669964790344,1.0499999523162842,61200.0,123.40802035153995,107.04587587715824,111.55724714722035,94.86029731151014,93.28900513559762,10.77,100.0,3.97,1.82
EZPW,2002-02-04,1.0833330154418943,1.0833330154418943,1.0066670179367063,1.0066670179367063,72600.0,114.00818721577278,107.61808520804932,111.68793461902963,94.8875805991832,93.1056719640205,10.99,100.0,3.74,1.8
EZPW,2002-02-05,1.0,1.0833330154418943,0.949999988079071,1.036666989326477,60600.0,113.83655257224028,107.6384064590443,111.17296295504087,94.94708442541845,92.97837785246176,11.2,98.0,3.57,1.88
EZPW,2002-02-06,1.023332953453064,1.023332953453064,0.699999988079071,0.963333010673523,30600.0,117.10575633052144,109.06294906799958,111.60997117151041,95.34963574912015,92.79310344874332,11.4,99.0,3.13,1.82
EZPW,2002-02-07,0.8700000047683716,0.913332998752594,0.8333330154418945,0.913332998752594,9300.0,118.85048183044447,109.87725977654598,111.96834755550273,95.48516746967601,92.03490536861504,11.6,100.0,2.71,1.77
EZPW,2002-02-08,0.8766670227050781,0.8766670227050781,0.7400000095367432,0.836667001247406,40800.0,122.56122770759926,111.31895259079054,112.67991458707658,96.05501879709047,91.74147703518776,11.79,100.0,2.38,1.67
EZPW,2002-02-11,0.8533329963684082,1.0,0.8500000238418579,0.9900000095367432,12300.0,130.5309650431407,115.02819642460797,115.32792511688936,97.84773496680008,93.18078978309025,11.99,100.0,2.02,1.51
EZPW,2002-02-12,0.9766669869422911,0.9766669869422911,0.8166670203208923,0.8999999761581421,13500.0,133.95963543401783,117.06973686930225,112.57132191445058,98.47784888559896,93.44474685747493,12.15,98.0,1.64,1.51
EZPW,2002-02-13,0.8500000238418579,0.8500000238418579,0.7666670083999634,0.8500000238418579,49500.0,135.44832295886653,117.8812449700848,113.01408757688873,98.7112964919635,92.98504000020229,12.3,99.0,1.34,1.46
EZPW,2002-02-14,0.8500000238418579,0.8666669726371765,0.800000011920929,0.8333330154418945,19200.0,135.75847147775468,115.23065883401055,113.05933275315712,98.73904079015277,91.30158691141858,12.42,99.0,1.09,1.46
EZPW,2002-02-15,0.8299999833106995,0.8933330178260803,0.8166670203208923,0.8166670203208923,23700.0,134.21829472020417,114.9073724408281,112.95020746561386,98.76759013398255,91.28877749605797,12.51,97.0,0.88,1.48
EZPW,2002-02-19,0.8666669726371765,0.9166669845581056,0.7900000214576721,0.9166669845581056,9600.0,137.38591004481194,116.76392516193819,114.11802145925438,99.69656824338703,91.86177108990712,12.61,99.0,0.62,1.35
EZPW,2002-02-20,0.9333329796791076,0.9333329796791076,0.8500000238418579,0.8566669821739197,3000.0,139.07251424221357,117.79625731586334,114.38100393676571,100.011352299404,91.39170598652095,12.71,99.0,0.43,1.34
EZPW,2002-02-21,0.9333329796791076,0.9333329796791076,0.8999999761581421,0.8999999761581421,7500.0,139.41250828026546,117.99552421327056,114.19123775431537,100.12667404263446,91.39538720031449,12.79,98.0,0.23,1.34
EZPW,2002-02-22,0.8666669726371765,0.8666669726371765,0.863332986831665,0.863332986831665,16500.0,138.7124853920089,118.0254112424963,114.42479209398849,100.24903572347532,91.48392539532584,12.87,99.0,0.05,1.32
EZPW,2002-02-25,0.913332998752594,1.0333329439163208,0.913332998752594,0.9666669964790344,181200.0,141.0702696789298,119.78958575534826,115.53320712034214,101.13481087797571,91.9287526062798,12.95,100.0,-0.11,1.18
EZPW,2002-02-26,0.9666669964790344,1.0833330154418943,0.9666669964790344,1.0033329725265503,191400.0,141.0439668335067,119.33024692970508,114.62877651990702,101.22654050642628,91.781866500636,13.02,98.0,-0.25,1.26
EZPW,2002-02-27,1.0066670179367063,1.0499999523162842,1.0033329725265503,1.0333329439163208,98100.0,140.83816452312882,117.44927462402259,114.55310779271055,101.28241440866101,91.76253047355792,13.07,97.0,-0.34,1.27
EZPW,2002-02-28,1.046666979789734,1.046666979789734,1.0,1.0333329439163208,167700.0,140.83816452312882,117.31873753532199,114.55310779271055,101.28241440866101,91.7136320507913,13.11,96.5,-0.45,1.27
EZPW,2002-03-01,1.053333044052124,1.053333044052124,1.0299999713897705,1.0333329439163208,82800.0,138.45723606034363,117.27533613767002,114.55310779271055,101.24725965220402,91.65217318386628,13.14,96.0,-0.55,1.27
EZPW,2002-03-04,1.0333329439163208,1.1100000143051147,1.0333329439163208,1.0666669607162476,170700.0,138.17948552942278,117.00950617355707,114.57601357720783,101.306745298202,91.65217214766773,13.15,97.0,-0.62,1.26
EZPW,2002-03-05,1.0833330154418943,1.1666669845581057,1.0733330249786377,1.1666669845581057,264300.0,133.16064875545624,118.02592067612434,115.3059461824858,101.83186965784974,92.00810586274068,13.16,98.0,-0.56,1.16
EZPW,2002-03-06,1.2333329916000366,1.3666670322418213,1.203333020210266,1.2999999523162842,211200.0,135.3355707509807,118.65323999482105,116.29083160349087,102.15016364130456,92.61366487853888,13.18,100.0,-0.21,1.04
EZPW,2002-03-07,1.2999999523162842,1.2999999523162842,1.2366670370101929,1.2899999618530271,67800.0,122.59079446831846,118.38033009428088,116.26098099399407,102.13746317972804,92.61330662098761,13.18,99.0,-0.08,1.05
EZPW,2002-03-08,1.2899999618530271,1.350000023841858,1.2666670083999634,1.2666670083999634,74700.0,123.01437599154852,118.49857802816722,115.41863273843714,102.15418945573337,92.63672378759613,13.17,97.0,-0.08,1.14
EZPW,2002-03-11,1.2833329439163208,1.3200000524520874,1.2833329439163208,1.2833329439163208,17700.0,122.71483725973404,118.44758154868585,115.40849956222088,101.78540270271424,92.64215910069622,13.15,96.0,-0.1,1.14
EZPW,2002-03-12,1.2833329439163208,1.3200000524520874,1.2000000476837158,1.2200000286102295,36300.0,115.21970996703747,113.33552956897077,115.80980499611778,101.97739174021197,92.78568016326741,13.1,98.0,-0.21,1.09
EZPW,2002-03-13,1.2100000381469729,1.2599999904632568,1.190000057220459,1.2566670179367063,43800.0,115.29245197429154,112.9864834917428,115.8431195561548,102.01609843191098,92.81596523838608,13.05,98.0,-0.3,1.08
EZPW,2002-03-14,1.190000057220459,1.2000000476837158,1.1733330488204956,1.1733330488204956,43500.0,114.00530741469059,114.16118805270494,116.5016006987186,101.4385439886847,93.07061506882455,12.99,100.0,-0.42,1.01
EZPW,2002-03-15,1.1733330488204956,1.2566670179367063,1.1733330488204956,1.2166670560836792,6900.0,111.74052820193208,114.2501696024284,116.57133698361537,98.94919378689706,93.10848245811944,12.92,100.0,-0.52,1.0
EZPW,2002-03-18,1.1766669750213623,1.3133330345153809,1.1766669750213623,1.2400000095367432,31800.0,105.19896847186449,114.20064750338317,116.19772541660589,96.2103337394422,93.02804541625204,12.84,96.0,-0.61,1.05
EZPW,2002-03-19,1.2433329820632937,1.2999999523162842,1.2000000476837158,1.2000000476837158,23100.0,104.86484885107379,109.43015047066356,116.36143209730415,96.30191896438075,93.04880380592971,12.75,98.0,-0.71,1.03
EZPW,2002-03-20,1.213333010673523,1.213333010673523,1.213333010673523,1.213333010673523,4500.0,104.64214910802177,109.24708279133462,116.35349114105264,96.2796530054087,93.05258352166467,12.65,97.0,-0.8,1.03
EZPW,2002-03-21,1.2633329629898071,1.296666979789734,1.25,1.25,15300.0,102.14906455177743,109.24060080217713,116.06058167473267,95.9006040647409,93.09257033525067,12.54,93.0,-0.88,1.07
EZPW,2002-03-22,1.213333010673523,1.2366670370101929,1.1666669845581057,1.1666669845581057,20700.0,103.07364756325816,110.51728471156692,115.46239885523298,95.78397827606285,92.95340155534316,12.44,89.0,-0.96,1.12
EZPW,2002-03-25,1.2466670274734497,1.2466670274734497,1.1666669845581057,1.1833330392837524,15300.0,98.99089165692189,110.45903497408493,112.67784862129756,95.77642684479247,92.6111141643248,12.35,71.0,-1.03,1.27
EZPW,2002-03-26,1.1733330488204956,1.1799999475479126,1.1733330488204956,1.1799999475479126,5700.0,87.16644061939567,110.44580127403978,110.50036698607946,95.70192545126847,92.44351161510122,12.28,64.0,-1.09,1.48
EZPW,2002-03-27,1.1766669750213623,1.1833330392837524,1.1766669750213623,1.1766669750213623,10800.0,81.795345004237,110.16354019158014,110.47671525165225,95.70345774154706,92.29549957977187,12.22,63.0,-1.15,1.49
EZPW,2002-03-28,1.1833330392837524,1.25,1.1666669845581057,1.196666955947876,91200.0,79.37549889022874,110.06850452170487,107.75805382006523,95.71862961005498,92.13860073645775,12.17,58.0,-1.21,1.72
EZPW,2002-04-01,1.1799999475479126,1.2300000190734863,1.1799999475479126,1.203333020210266,32400.0,78.84771517920262,110.0687722754857,107.75223318468117,95.49136328911791,92.13915304909688,12.12,57.0,-1.27,1.72
EZPW,2002-04-02,1.25,1.25,1.196666955947876,1.196666955947876,28800.0,78.4371266956897,108.98944535994282,101.6591354414118,95.4953152516604,92.09285344809484,12.1,53.0,-1.31,1.36
EZPW,2002-04-03,1.2300000190734863,1.2300000190734863,1.196666955947876,1.196666955947876,5700.0,72.17979999006462,108.98944535994282,101.6591354414118,95.4953152516604,92.09285344809484,12.08,52.5,-1.35,1.36
EZPW,2002-04-04,1.2066669464111328,1.2100000381469729,1.1833330392837524,1.1833330392837524,38400.0,68.7469853260566,108.7766814618281,101.7009090830016,95.41931454313115,92.06453912996461,12.06,53.0,-1.38,1.36
EZPW,2002-04-05,1.2300000190734863,1.3133330345153809,1.2166670560836792,1.3133330345153809,58800.0,73.12458557780714,110.37984208700277,102.8001183120108,96.16685240501049,92.61410514309108,12.03,53.0,-1.4,1.18
EZPW,2002-04-08,1.2833329439163208,1.2833329439163208,1.2366670370101929,1.2833329439163208,29100.0,72.12352016243206,109.61955130681254,102.93560363688925,96.19894123955217,92.62057892769857,12.0,53.0,-1.42,1.17
EZPW,2002-04-09,1.2833329439163208,1.4166669845581057,1.2833329439163208,1.4133330583572388,152100.0,70.26697962759089,110.5432368657211,103.60818816925324,96.79134431650589,93.09965350836055,11.98,53.0,-1.39,1.08
EZPW,2002-04-10,1.4666670560836792,1.4833329916000366,1.4166669845581057,1.4833329916000366,125700.0,70.67718668814588,110.64521449496539,103.12753888786321,96.44096289086218,93.16084679019725,11.95,52.0,-1.33,1.1
EZPW,2002-04-11,1.4666670560836792,1.6566669940948486,1.440000057220459,1.6566669940948486,82500.0,76.01689228183662,112.22103146561182,104.27150836857531,97.24412869119624,93.44536267582022,11.92,53.0,-1.1,0.93
EZPW,2002-04-12,1.649999976158142,1.649999976158142,1.350000023841858,1.4666670560836792,84600.0,85.77958687769569,115.7278661355887,106.41925939491985,98.38240720387154,94.27402997343252,11.89,56.0,-1.11,0.82
EZPW,2002-04-15,1.4666670560836792,1.5299999713897705,1.4166669845581057,1.5133329629898071,63900.0,85.8894765443287,114.24104810874587,104.56316528792952,98.43501539569395,94.14673156529379,11.81,54.0,-1.09,0.92
EZPW,2002-04-16,1.5099999904632568,1.5299999713897705,1.4500000476837158,1.4733330011367798,30300.0,86.4361926674341,114.298450283648,104.40323045190469,98.48120379262355,94.15933934873489,11.65,51.0,-1.1,0.94
EZPW,2002-04-17,1.5,1.5,1.440000057220459,1.4666670560836792,38400.0,83.22065974047094,110.62858766467478,104.38499900302422,98.48132180729203,94.14132667174667,11.49,50.0,-1.12,0.94
EZPW,2002-04-18,1.4666670560836792,1.4666670560836792,1.453333020210266,1.453333020210266,60900.0,77.65975935861218,110.69531876824004,104.33512310997044,98.47211251700541,94.14663347700967,11.31,49.0,-1.14,0.94
EZPW,2002-04-19,1.4900000095367432,1.4933329820632937,1.453333020210266,1.4700000286102295,21600.0,77.61277631890643,102.2537816437404,104.31422786542375,98.42551018807116,94.15038935953662,11.11,48.0,-1.16,0.94
EZPW,2002-04-22,1.453333020210266,1.5499999523162842,1.386667013168335,1.5499999523162842,67200.0,78.55062203283711,102.59696921809916,104.16536886396588,98.59648271290912,94.28215536179081,10.9,46.0,-1.16,0.97
EZPW,2002-04-23,1.5800000429153442,1.6666669845581057,1.3200000524520874,1.3200000524520874,98700.0,92.26592284689164,108.3931794719332,107.74044815012793,100.49136692459545,95.68885496798993,10.69,56.0,-1.18,0.94
EZPW,2002-04-24,1.4199999570846558,1.5,1.3700000047683716,1.3833329677581787,72300.0,91.85774959849365,103.39717095234997,107.55489790268547,100.62315628017771,95.79261394687418,10.46,55.0,-1.21,0.94
EZPW,2002-04-25,1.4266669750213623,1.4266669750213623,1.3333330154418943,1.3333330154418943,23400.0,92.27667939120687,103.76388682164661,106.4941224975693,100.72875214103054,95.74411081031705,10.27,54.0,-1.23,1.07
EZPW,2002-04-26,1.1833330392837524,1.3166669607162476,1.1799999475479126,1.2166670560836792,96300.0,94.02557265140774,103.91740864661374,107.59332613038612,101.35068875994303,95.43388082210569,10.09,55.0,-1.23,0.99
EZPW,2002-04-29,1.2533329725265503,1.3166669607162476,1.25,1.2666670083999634,14100.0,94.16247475921999,102.65129778467899,107.6698773557129,101.4446214106886,94.5864893026098,9.88,55.0,-1.24,0.97
EZPW,2002-04-30,1.2666670083999634,1.2666670083999634,1.2666670083999634,1.2666670083999634,300.0,94.01383599613395,98.98988877373058,107.43213796174128,101.28191378358223,94.396337939839,9.67,52.0,-1.24,1.01
EZPW,2002-05-01,1.3133330345153809,1.3166669607162476,1.2799999713897705,1.2833329439163208,13500.0,93.53221397288044,98.55715147037058,107.42297259125311,101.23868164350063,94.01923363336255,9.45,51.0,-1.24,1.01
EZPW,2002-05-02,1.3666670322418213,1.3966670036315918,1.309999942779541,1.309999942779541,6300.0,93.65072055199691,98.47706629286309,106.92675498766077,100.9874340936236,93.65030793375307,9.22,50.0,-1.24,1.06
EZPW,2002-05-03,1.2999999523162842,1.373332977294922,1.2999999523162842,1.373332977294922,6000.0,94.22583969732871,97.53211033103413,106.89790021455468,101.05648735725478,93.75525266308597,8.99,49.0,-1.24,1.05
EZPW,2002-05-06,1.3833329677581787,1.3833329677581787,1.2833329439163208,1.2933330535888672,14400.0,93.66308021986102,97.7158845179896,107.45446835743037,101.34082729048828,93.88090486081494,8.74,52.0,-1.25,0.99
EZPW,2002-05-07,1.286666989326477,1.3333330154418943,1.2833329439163208,1.286666989326477,7800.0,93.63802964741626,95.78886592538619,107.47052167055445,101.34079350021344,93.88337131147514,8.47,52.0,-1.25,0.99
EZPW,2002-05-08,1.286666989326477,1.3666670322418213,1.2833329439163208,1.2833329439163208,15600.0,93.63687527309959,89.72295182634852,103.35271332511999,101.34265686895725,93.81935312128307,8.31,33.0,-1.23,1.04
EZPW,2002-05-09,1.3233330249786377,1.3233330249786377,1.2833329439163208,1.2833329439163208,12900.0,93.62569334970503,87.29565138650277,103.04092415988386,101.27983680341663,93.79372202027648,8.15,31.0,-1.21,1.09
EZPW,2002-05-10,1.2833329439163208,1.2833329439163208,1.2833329439163208,1.2833329439163208,0.0,93.5346764639521,86.31215098603303,102.99636543609569,101.26576102047595,93.79361262086967,8.0,30.0,-1.18,1.1
EZPW,2002-05-13,1.2833329439163208,1.3133330345153809,1.2666670083999634,1.2666670083999634,8100.0,93.6346172773671,86.23430193800048,103.04199888082579,101.27066863439805,93.76788122351935,7.83,31.0,-1.15,1.1
EZPW,2002-05-14,1.2333329916000366,1.296666979789734,1.2200000286102295,1.296666979789734,6600.0,93.81544480910186,86.11025349750354,103.0508095931176,101.29533046669685,93.7739072610435,7.66,31.0,-1.12,1.09
EZPW,2002-05-15,1.2933330535888672,1.2933330535888672,1.1666669845581057,1.1833330392837524,16800.0,97.70643490525698,85.48742563254896,101.11682777301552,101.92471240844779,94.23676589517255,7.56,22.0,-1.08,1.06
EZPW,2002-05-16,1.2166670560836792,1.2433329820632937,1.2166670560836792,1.2166670560836792,12300.0,97.98380829793894,84.28601277769079,100.99756525156194,101.92740729069816,94.27334982385518,7.46,21.0,-1.04,1.08
EZPW,2002-05-17,1.1666669845581057,1.2000000476837158,1.1666669845581057,1.1733330488204956,30000.0,93.46903490939054,84.22500226836138,101.17750330039496,102.01551367880361,94.26978773299788,7.36,22.0,-0.99,1.07
EZPW,2002-05-20,1.149999976158142,1.2000000476837158,1.149999976158142,1.2000000476837158,19500.0,93.58254925936768,83.7521003858013,101.1975575300379,102.02706890874254,94.29351005830043,7.26,22.0,-0.94,1.06
EZPW,2002-05-21,1.1533329486846924,1.1666669845581057,1.149999976158142,1.1666669845581057,8100.0,89.01750069611752,80.95932815032506,101.29485956176329,102.08257964466883,94.33531808008945,7.16,22.0,-0.88,1.06
EZPW,2002-05-22,1.149999976158142,1.1833330392837524,1.149999976158142,1.1833330392837524,7800.0,87.73371092934471,80.68209427867818,101.24114089261073,102.08962133793958,94.28427329897346,7.05,21.0,-0.81,1.08
EZPW,2002-05-23,1.1333329677581787,1.1333329677581787,1.0333329439163208,1.1333329677581787,20700.0,80.7974807248248,81.02741681258709,101.39468323336767,102.23833637721064,94.38982138760669,6.95,22.0,-0.74,1.06
EZPW,2002-05-24,1.1166670322418213,1.1666669845581057,1.1166670322418213,1.149999976158142,8100.0,74.18502125380132,81.07079559042705,101.30482874924269,102.24631154193821,94.21898178481909,6.85,21.0,-0.67,1.08
EZPW,2002-05-28,1.1666669845581057,1.2000000476837158,1.1166670322418213,1.2000000476837158,22200.0,74.7732103655925,81.49888193576854,101.46412922891469,102.2320155478585,94.2871477420897,6.74,22.0,-0.59,1.04
EZPW,2002-05-29,1.2233330011367798,1.2233330011367798,1.1399999856948853,1.1399999856948853,5400.0,75.64806937190563,82.00096748173664,101.25440776251715,102.43893866107554,94.43369563577089,6.63,18.0,-0.52,1.06
EZPW,2002-05-30,1.1399999856948853,1.1666669845581057,1.1066670417785645,1.1166670322418213,17100.0,75.71829264861822,80.0075944996667,101.34516209656563,102.41082017458267,94.45886246150162,6.53,20.0,-0.45,1.06
EZPW,2002-05-31,1.1333329677581787,1.1633330583572388,1.1200000047683716,1.1633330583572388,6300.0,77.09403375624223,77.2348953164378,101.22624022594864,102.14002641276909,94.54290467618482,6.42,15.0,-0.37,1.08
EZPW,2002-06-03,1.1633330583572388,1.1799999475479126,1.1633330583572388,1.1799999475479126,3900.0,77.15822220011933,77.29458586087446,101.22673602019445,101.98926862531432,94.54105125569797,6.3,15.0,-0.3,1.07
EZPW,2002-06-04,1.1333329677581787,1.1333329677581787,1.126667022705078,1.126667022705078,16500.0,75.76531542112373,77.76552973979568,101.03771442378249,102.15244581389828,94.65167041393944,6.2,10.0,-0.26,1.09
EZPW,2002-06-05,1.1666669845581057,1.1666669845581057,1.1166670322418213,1.1166670322418213,1800.0,60.98410119384249,77.71463200391298,100.72776495519645,102.02842145889595,94.61320082509474,6.1,8.0,-0.2,1.16
EZPW,2002-06-06,1.1333329677581787,1.1333329677581787,1.1166670322418213,1.1166670322418213,14400.0,58.96132975963866,77.06078629316347,100.59571998925743,101.80437967463266,94.61284367810214,6.01,7.0,-0.14,1.19
EZPW,2002-06-07,1.1166670322418213,1.1166670322418213,1.1166670322418213,1.1166670322418213,300.0,58.313080665640925,76.78903750560421,100.5630510419283,99.40717921831693,94.61284367810214,5.92,6.0,-0.1,1.19
EZPW,2002-06-10,1.1200000047683716,1.1200000047683716,1.1200000047683716,1.1200000047683716,900.0,52.38171449451634,75.52642503710622,100.55947788705863,99.40698722764044,94.61295079155985,5.82,5.0,-0.09,1.19
EZPW,2002-06-11,1.100000023841858,1.1666669845581057,1.100000023841858,1.1666669845581057,1200.0,52.42109130883325,75.62755718616368,99.45604743890802,99.48445381079267,94.69596788159865,5.77,4.0,-0.02,1.34
EZPW,2002-06-12,1.1666669845581057,1.1666669845581057,1.1666669845581057,1.1666669845581057,0.0,52.42109130883325,75.51637430505626,99.21797505747216,99.37386230291341,94.69596788159865,5.73,3.0,0.06,1.4
EZPW,2002-06-13,1.1666669845581057,1.2666670083999634,1.1466670036315918,1.2000000476837158,26100.0,52.996378927200574,75.45423230323418,97.00030860613133,99.2774321139229,94.70781253158017,5.76,1.0,-0.0,1.53
EZPW,2002-06-14,1.2066669464111328,1.3333330154418943,1.1666669845581057,1.3300000429153442,35100.0,60.857097677235004,78.31987276623154,98.1876048695833,99.76687957473278,95.24555014463377,5.77,2.0,-0.2,1.33
EZPW,2002-06-17,1.2833329439163208,1.2833329439163208,1.100000023841858,1.100000023841858,18600.0,80.62579244755813,87.3514693219588,97.3088397321382,102.12788621891302,97.14594535570838,5.85,2.0,-0.15,1.16
EZPW,2002-06-18,1.2799999713897705,1.2799999713897705,1.2333329916000366,1.25,3000.0,88.01597529151809,90.18417923470845,99.25109799675998,103.17761799208567,97.62192208524499,5.9,5.0,-0.1,1.0
EZPW,2002-06-19,1.1200000047683716,1.2933330535888672,1.1200000047683716,1.149999976158142,15600.0,91.18924612420516,91.78428172870116,100.1951400393318,103.59063124638355,97.97550539849831,5.94,7.0,-0.05,0.89
EZPW,2002-06-20,1.2766669988632202,1.2833329439163208,1.149999976158142,1.2833329439163208,20100.0,96.93870933615463,94.51753741164814,98.08520657285085,103.74054971580892,98.56789992900926,6.02,3.0,0.02,0.79
EZPW,2002-06-21,1.1666669845581057,1.1666669845581057,1.1666669845581057,1.1666669845581057,1500.0,100.79763240043566,96.57214381910414,99.3235112728974,104.35231665942175,98.77041643156787,6.07,7.0,0.11,0.66
EZPW,2002-06-24,1.1666669845581057,1.1666669845581057,1.1166670322418213,1.1166670322418213,1800.0,101.4748514323098,96.91563061052206,98.55139274998369,104.50960724979845,98.87308565369449,6.13,5.0,0.19,0.74
EZPW,2002-06-25,1.1166670322418213,1.1166670322418213,1.1166670322418213,1.1166670322418213,0.0,101.45115695884728,96.90589363845145,97.52645481576361,104.50960724979845,98.86464503549752,6.2,3.0,0.29,0.85
EZPW,2002-06-26,1.2166670560836792,1.2166670560836792,1.136667013168335,1.136667013168335,4500.0,101.33057073095833,96.97931544633876,95.17517012335766,104.48736073707903,98.20783172194058,6.3,1.0,0.32,0.98
EZPW,2002-06-27,1.1333329677581787,1.1399999856948853,1.0666669607162476,1.1066670417785645,8100.0,98.18543038485986,97.12402733510059,95.02962147792672,104.55171259122338,96.34266117462846,6.39,1.0,0.38,1.01
EZPW,2002-06-28,1.1066670417785645,1.2833329439163208,1.1066670417785645,1.1833330392837524,40200.0,99.86966347962188,98.10044717329674,95.50240389699194,104.77141019332375,94.57684092776873,6.47,3.0,0.43,0.94
EZPW,2002-07-01,1.1666669845581057,1.1666669845581057,1.1666669845581057,1.1666669845581057,17400.0,99.39457066642639,95.69881706911221,94.7836366766604,104.74025901371134,94.59020099953288,6.56,1.0,0.54,1.04
EZPW,2002-07-02,1.1666669845581057,1.1666669845581057,1.149999976158142,1.149999976158142,18600.0,99.238264445155,95.63323716202183,94.40719970481895,104.25455488276458,94.58204022443888,6.65,1.0,0.66,1.1
EZPW,2002-07-03,1.1333329677581787,1.1333329677581787,1.0666669607162476,1.0733330249786377,44100.0,100.88614170090797,94.37173394420262,93.99968152331604,104.62020109183197,94.52098707487858,6.73,1.0,0.74,1.14
EZPW,2002-07-05,1.100000023841858,1.100000023841858,1.100000023841858,1.100000023841858,6900.0,101.08194394515732,93.92662471942505,90.24092247545053,104.64634978583672,94.20431458554228,6.84,1.0,0.82,1.1
EZPW,2002-07-08,1.100000023841858,1.100000023841858,1.100000023841858,1.100000023841858,15000.0,100.34172996966578,90.80086891973326,88.90877061255425,104.64634978583672,94.19308730951244,7.02,1.0,0.94,1.29
EZPW,2002-07-09,1.100000023841858,1.100000023841858,1.100000023841858,1.100000023841858,10200.0,100.2337272243315,87.5868434748832,88.40213010724835,104.64634978583672,94.13436717317302,7.18,1.0,1.04,1.39
EZPW,2002-07-10,1.100000023841858,1.100000023841858,1.100000023841858,1.100000023841858,0.0,99.36395629116231,87.2698386629448,88.33037533926684,104.64634978583672,94.13436717317302,7.34,1.0,1.1,1.41
EZPW,2002-07-11,1.0833330154418943,1.1166670322418213,1.0666669607162476,1.0833330154418943,22200.0,98.38305943572942,87.18067575722804,88.3011709714905,104.39655323474888,94.14894139930374,7.49,1.0,1.06,1.41
EZPW,2002-07-12,1.100000023841858,1.100000023841858,1.100000023841858,1.100000023841858,1500.0,98.33206613168504,87.28080066728752,86.45951425331677,104.39653115456578,93.98814603723912,7.65,1.0,1.16,1.58
EZPW,2002-07-15,1.100000023841858,1.1100000143051147,1.0933330059051514,1.0933330059051514,31200.0,97.55129302706635,87.27656133699236,85.74878802924106,104.40260021842991,93.99083791625281,7.81,1.0,1.16,1.73
EZPW,2002-07-16,1.100000023841858,1.1399999856948853,1.0499999523162842,1.1166670322418213,11400.0,97.67170841650427,87.37597763128419,85.47237916301654,104.17634016643144,94.0120920058407,7.97,1.0,1.22,1.77
EZPW,2002-07-17,1.0833330154418943,1.0866669416427612,1.0833330154418943,1.0866669416427612,2100.0,97.0739766842161,86.66206099472844,85.31551954522821,103.52825240535657,93.99405952381122,8.12,1.0,1.13,1.81
EZPW,2002-07-18,1.0866669416427612,1.0866669416427612,1.0833330154418943,1.0833330154418943,9600.0,97.04841678882197,80.44097281912998,83.44944293585303,101.92175755777204,93.98251027223735,8.28,1.0,1.17,2.01
EZPW,2002-07-19,1.100000023841858,1.1166670322418213,1.100000023841858,1.1166670322418213,52200.0,97.47238502263708,80.07072146697644,83.38044368880432,100.53567530651357,94.01796213962092,8.44,1.0,1.25,2.02
EZPW,2002-07-22,1.0866669416427612,1.100000023841858,0.936667025089264,1.0,18300.0,102.5851557668436,82.74815899505124,85.10463784119979,101.41480166525132,94.63771247209276,8.55,3.0,1.23,1.76
EZPW,2002-07-23,0.986666977405548,0.986666977405548,0.9166669845581056,0.949999988079071,25200.0,103.48111124362032,81.34407185196844,85.48827075564972,99.88751298984427,94.44051693080023,8.64,6.0,1.23,1.66
EZPW,2002-07-24,0.9200000166893004,1.0133329629898071,0.9066669940948486,0.9166669845581056,61200.0,102.88064273843148,81.06288750849495,85.66717316071197,99.99050302907207,94.50108231742465,8.71,7.0,1.25,1.61
EZPW,2002-07-25,0.9166669845581056,0.9166669845581056,0.9166669845581056,0.9166669845581056,12300.0,102.88064273843148,81.06288750849495,85.50446114039997,96.55148349381139,94.50108231742465,8.78,7.0,1.22,1.64
EZPW,2002-07-26,0.9166669845581056,1.0166670083999634,0.9166669845581056,1.0,28200.0,106.04494195625647,83.17099463809102,85.43486505090034,97.05199511250446,94.89074374634791,8.83,5.0,1.12,1.64
EZPW,2002-07-29,1.0333329439163208,1.036666989326477,1.0333329439163208,1.0333329439163208,7800.0,101.64347067236352,83.36368713340353,83.79165167035309,97.10957345348297,94.93275550010549,8.88,3.0,1.09,1.8
EZPW,2002-07-30,1.0333329439163208,1.0333329439163208,1.0333329439163208,1.0333329439163208,0.0,85.86006562287515,82.68470740362946,83.78788915124922,97.10957345348297,94.93112358459402,8.92,3.0,1.06,1.8
EZPW,2002-07-31,1.036666989326477,1.036666989326477,1.0333329439163208,1.036666989326477,6600.0,76.56848578351742,81.8908607170167,83.75262169356576,97.10913985503498,94.91984722613593,8.97,3.0,1.02,1.82
EZPW,2002-08-01,1.0499999523162842,1.0833330154418943,1.0333329439163208,1.0333329439163208,66300.0,72.99160672943572,81.89032906032874,83.71790065718423,96.92725555080199,94.8900982940331,9.0,3.0,1.0,1.82
EZPW,2002-08-02,0.986666977405548,1.0833330154418943,0.9666669964790344,1.0499999523162842,66900.0,64.96793483899496,81.9892214962808,83.40398162455575,96.61925445568863,94.900788327351,9.02,2.0,0.95,1.91
EZPW,2002-08-05,1.0499999523162842,1.0833330154418943,0.9333329796791076,1.0499999523162842,51600.0,59.29550563906821,81.9892214962808,83.25513938607416,96.61091294573505,94.88604073482873,9.03,1.0,0.93,1.93
EZPW,2002-08-06,1.0499999523162842,1.0499999523162842,0.9666669964790344,0.9666669964790344,2400.0,62.572364336617206,83.58108311395756,83.57209983863362,97.15908511627622,95.25778040567099,9.01,5.0,0.84,1.88
EZPW,2002-08-07,0.9666669964790344,0.9666669964790344,0.9666669964790344,0.9666669964790344,0.0,62.572364336617206,83.5682435548902,83.34808993509768,96.15176538787591,95.24974745888086,8.98,2.0,0.76,1.92
EZPW,2002-08-08,1.0,1.0,0.9833329916000366,0.9833329916000366,46200.0,62.55203092139136,83.48814218284971,83.33626290235658,96.01003921499142,95.2627325514744,8.95,2.0,0.71,1.92
EZPW,2002-08-09,1.0633330345153809,1.1299999952316284,1.0,1.0,19800.0,62.499631291052225,81.60472247595956,83.2465320815104,96.00691237101083,95.27412050313151,8.9,1.0,0.65,1.96
EZPW,2002-08-12,1.0633330345153809,1.0633330345153809,1.0033329725265503,1.0133329629898071,7800.0,59.090269422752705,81.42620751911669,83.2559021456609,95.97558677822431,95.16662258299706,8.84,3.0,0.6,1.96
EZPW,2002-08-13,1.0,1.0,0.9666669964790344,0.9666669964790344,3600.0,60.28735296536877,81.64600707789504,83.40864502340013,96.17418387510665,95.25792658949356,8.77,8.0,0.56,1.89
EZPW,2002-08-14,0.9700000286102296,0.9700000286102296,0.8999999761581421,0.9166669845581056,22500.0,61.7669253800473,82.09785915041552,83.12431415306993,96.142690221946,95.22333157388881,8.71,1.0,0.48,1.95
EZPW,2002-08-15,0.949999988079071,1.0333329439163208,0.949999988079071,1.0,113100.0,64.76001138436199,84.04911692399223,84.29018861156655,96.63683734919347,95.56920799362113,8.67,16.0,0.44,1.79
EZPW,2002-08-16,1.0166670083999634,1.0166670083999634,1.0099999904632568,1.0099999904632568,9000.0,64.37024038019595,84.01754460855379,84.3101804776114,96.48552271671498,95.57255821200675,8.65,17.0,0.39,1.79
EZPW,2002-08-19,0.9933329820632936,1.0033329725265503,0.9933329820632936,1.0,8700.0,64.39661616669903,83.60785976541416,84.32049677569957,95.56555889804402,95.57723084601068,8.63,18.0,0.35,1.79
EZPW,2002-08-20,1.0033329725265503,1.0033329725265503,1.0033329725265503,1.0033329725265503,1200.0,64.4180985285367,83.54366966062064,84.272357801786,95.45260836310206,95.57719104619332,8.64,16.0,0.32,1.79
EZPW,2002-08-21,1.0299999713897705,1.0299999713897705,0.8333330154418945,1.0,114000.0,64.41155467070129,83.01951719792689,84.26452221204352,95.44732917707464,95.53676069019336,8.65,16.0,0.29,1.79
EZPW,2002-08-22,0.9666669964790344,1.0,0.9666669964790344,1.0,35100.0,64.31443934860587,82.4093843643215,84.26292071932572,95.25284433539194,95.52854280704976,8.71,16.0,0.26,1.79
EZPW,2002-08-23,0.9733330011367798,0.9800000190734864,0.9733330011367798,0.9733330011367798,23700.0,64.45758375720537,82.48049098097165,84.35745134974299,95.32218882920733,95.56392102624423,8.77,22.0,0.22,1.76
EZPW,2002-08-26,1.0,1.0,0.9733330011367798,0.9733330011367798,8400.0,64.4652624188317,81.98926217900186,84.34530261623776,95.061558456643,95.56392102624423,8.82,22.0,0.19,1.77
EZPW,2002-08-27,1.0333329439163208,1.0666669607162476,0.9666669964790344,0.9666669964790344,20700.0,64.03125685384398,81.91422519600738,82.61106198724502,94.98922317150988,95.56773064975307,8.89,1.0,0.22,1.96
EZPW,2002-08-28,0.9833329916000366,1.0,0.9733330011367798,0.9966670274734496,11700.0,64.46196534139938,81.70727424893084,82.71887773139977,95.03014905580001,95.57793107469983,8.94,2.0,0.25,1.95
EZPW,2002-08-29,0.986666977405548,0.986666977405548,0.986666977405548,0.986666977405548,1200.0,64.49579136350076,81.71182393971938,81.1874564570251,95.04423814334012,95.5658127764558,9.01,1.0,0.38,2.14
EZPW,2002-08-30,1.0266669988632202,1.0333329439163208,1.0,1.0166670083999634,26400.0,64.47994722511658,81.97426589272526,80.94013926942996,92.36367570354318,95.59953670026384,9.08,1.0,0.55,2.19
EZPW,2002-09-03,1.0166670083999634,1.0166670083999634,0.9166669845581056,1.0033329725265503,12300.0,56.0370751752799,82.00815413964486,78.8489469140689,92.14553013341533,95.60332563036117,9.16,1.0,0.05,2.4
EZPW,2002-09-04,1.0266669988632202,1.0266669988632202,0.9166669845581056,0.9166669845581056,22500.0,60.141761443853895,83.98281390466663,77.81360406012813,92.75485803168098,96.0468335952232,9.23,1.0,0.13,2.47
EZPW,2002-09-05,0.936667025089264,0.936667025089264,0.9333329796791076,0.9333329796791076,7800.0,59.473841130369905,83.59980158813559,77.685388421308,92.77283257945071,96.06089015343036,9.32,1.0,0.1,2.5
EZPW,2002-09-06,0.949999988079071,1.0,0.8999999761581421,0.9666669964790344,18900.0,60.30685547990154,83.97497489481617,77.86110103293728,92.84780820243374,96.11917228768748,9.4,3.0,0.14,2.49
EZPW,2002-09-09,0.9333329796791076,0.949999988079071,0.9333329796791076,0.949999988079071,5700.0,54.82576279163523,83.76839527377231,77.88919478365385,91.05425274493737,96.05596847770421,9.46,4.0,0.16,2.47
EZPW,2002-09-10,0.949999988079071,1.0,0.949999988079071,1.0,15300.0,56.08537568557143,81.6002437091719,78.3837020053972,91.09940344193257,96.18317728535153,9.52,5.0,0.2,2.39
EZPW,2002-09-11,0.9933329820632936,0.9933329820632936,0.9333329796791076,0.9333329796791076,7500.0,59.433237143561655,73.21761143582648,79.02476478766704,91.44295982529873,96.3986465905397,9.55,7.0,0.11,2.2
EZPW,2002-09-12,0.936667025089264,0.936667025089264,0.936667025089264,0.936667025089264,3300.0,59.43665259539432,67.99506984277389,78.49651867948053,91.44232025323929,96.10670473634573,9.59,6.0,-0.81,2.3
EZPW,2002-09-13,0.9833329916000366,0.9833329916000366,0.949999988079071,0.9666669964790344,1800.0,60.29181081658837,66.38250564393365,74.6334621993287,91.44946023072842,96.02427983433331,9.64,1.0,-0.77,2.34
EZPW,2002-09-16,0.9933329820632936,0.9966670274734496,0.9333329796791076,0.9666669964790344,6000.0,60.0494104047952,62.104445118849604,74.20416369351912,91.39765335541308,96.02218768148747,9.68,1.0,-0.84,2.43
EZPW,2002-09-17,0.986666977405548,1.0,0.9399999976158142,1.0,9600.0,60.98124498925063,59.651504587834495,74.24718500303081,91.39258362082084,95.9813792856618,9.73,2.0,-0.83,2.45
EZPW,2002-09-18,0.949999988079071,0.949999988079071,0.9333329796791076,0.9333329796791076,6000.0,59.51040156800358,60.6109176756626,73.64484938407372,91.71178276377375,96.08183113913887,9.76,1.0,-0.8,2.54
EZPW,2002-09-19,0.9833329916000366,0.9833329916000366,0.9833329916000366,0.9833329916000366,2400.0,61.48868799240742,61.655406053041474,73.84558458534225,91.8988099170827,94.44082899083203,9.77,2.0,-0.75,2.5
EZPW,2002-09-20,0.9833329916000366,0.9833329916000366,0.9833329916000366,0.9833329916000366,0.0,61.288777750204495,61.51821856383317,73.84558458534225,91.55317973064423,94.4403681340707,9.78,2.5,-0.69,2.5
EZPW,2002-09-23,0.9266669750213624,0.9333329796791076,0.9266669750213624,0.9333329796791076,3000.0,62.88584310074901,62.165462921643744,74.22026156955425,91.78673875001537,94.58369332169558,9.76,5.0,-0.64,2.37
EZPW,2002-09-24,0.9233329892158508,0.9233329892158508,0.8666669726371765,0.8833330273628235,51600.0,64.51359954734454,61.33674285029513,74.57433383623399,91.84851659209204,94.66365155428356,9.74,7.0,-0.6,2.26
EZPW,2002-09-25,0.8833330273628235,0.8933330178260803,0.8500000238418579,0.8500000238418579,19200.0,64.06336880703452,61.69499712355182,74.31820425800102,91.9747872376149,94.63526783745331,9.72,7.0,-0.71,2.29
EZPW,2002-09-26,0.863332986831665,0.8666669726371765,0.8533329963684082,0.8566669821739197,21900.0,62.441628209107435,61.72273070039345,73.81364320744271,91.69082531816618,94.47297841690998,9.68,2.0,-0.67,2.44
EZPW,2002-09-27,0.8566669821739197,0.8566669821739197,0.8566669821739197,0.8566669821739197,4800.0,56.43596358178231,60.26542197351576,73.81633345045614,91.44547303194139,94.2899318172025,9.62,3.0,-0.63,2.44
EZPW,2002-09-30,0.8566669821739197,0.8566669821739197,0.8566669821739197,0.8566669821739197,13500.0,56.277970048901985,59.98241098714715,73.81880042809553,91.3392289973775,94.2899318172025,9.63,4.0,-0.61,2.44
EZPW,2002-10-01,0.8500000238418579,0.8500000238418579,0.8500000238418579,0.8500000238418579,1800.0,56.26665311032997,59.98059951119099,73.81833087595292,91.33356147687358,94.21934003745893,9.63,4.0,-0.59,2.44
EZPW,2002-10-02,0.8533329963684082,0.8533329963684082,0.8500000238418579,0.8500000238418579,7200.0,56.229968370661666,59.98059951119099,73.81833087595292,91.33356147687358,93.77573377235319,9.63,4.5,-0.59,2.44
EZPW,2002-10-03,0.8133329749107361,0.8199999928474426,0.8133329749107361,0.8199999928474426,3600.0,56.90901364264881,60.32171357987159,73.97792701504379,90.60823090161442,93.80772836583301,9.61,9.0,-0.54,2.38
EZPW,2002-10-04,0.8166670203208923,0.8166670203208923,0.800000011920929,0.800000011920929,12000.0,57.109236450867385,60.42176914556976,73.91257883115283,90.48138090528354,93.84569064330725,9.59,9.0,-0.54,2.38
EZPW,2002-10-07,0.800000011920929,0.800000011920929,0.800000011920929,0.800000011920929,0.0,56.84017232892976,60.28331007805371,72.59815308301783,89.20088317680606,93.84569064330725,9.6,1.0,-0.49,2.68
EZPW,2002-10-08,0.8033329844474792,0.8033329844474792,0.800000011920929,0.800000011920929,16200.0,56.84017232892976,60.29285964495885,72.4231639435519,89.20088317680606,93.81215672861158,9.61,1.0,-0.46,2.73
EZPW,2002-10-09,0.7833330035209656,0.7833330035209656,0.5833330154418945,0.6666669845581055,45000.0,76.33305889226787,70.11438601574466,77.59616676948401,88.09759140494076,95.60313060061394,9.55,19.0,0.05,3.05
EZPW,2002-10-10,0.5833330154418945,0.7900000214576721,0.4199999868869781,0.7900000214576721,50400.0,92.1561006224377,78.94313319406116,82.3321339942138,90.34281788592355,97.05329361520785,9.45,30.0,0.01,3.14
EZPW,2002-10-11,0.7900000214576721,0.7900000214576721,0.7900000214576721,0.7900000214576721,0.0,92.18021112557705,78.94937059961572,82.24459421027535,90.32978935383875,97.00173991180044,9.34,30.0,-0.03,3.17
EZPW,2002-10-14,0.7900000214576721,0.7900000214576721,0.7900000214576721,0.7900000214576721,0.0,91.5317503082463,78.60977077708901,82.19601944150173,88.03835136542398,96.63465732222367,9.22,30.0,-0.07,3.18
EZPW,2002-10-15,0.7900000214576721,0.800000011920929,0.7566670179367065,0.800000011920929,9300.0,91.71921130164077,75.60404938355944,81.99662686414021,88.05196600819491,96.6401139615749,9.1,30.0,-0.14,3.25
EZPW,2002-10-16,0.8266670107841492,0.8266670107841492,0.8166670203208923,0.8166670203208923,6300.0,88.60082362303518,75.10607298522434,82.03598298878275,87.47711169632318,96.65652901266803,8.98,31.0,-0.18,3.24
EZPW,2002-10-17,0.800000011920929,0.8166670203208923,0.800000011920929,0.8033329844474792,24900.0,88.4247033939884,74.84577009588679,81.72834707071853,86.81788794018857,96.67429518231442,8.84,30.0,-0.21,3.31
EZPW,2002-10-18,0.800000011920929,0.8333330154418945,0.7966669797897339,0.800000011920929,30000.0,87.6062452801434,74.8454012823061,81.37601611872464,85.28503921915006,96.67610759751392,8.71,30.0,-0.25,3.43
EZPW,2002-10-21,0.7966669797897339,0.8066669702529907,0.7533329725265503,0.800000011920929,7500.0,87.56003714758377,72.49974091878983,81.33135943371367,85.1480224307112,96.67610759751392,8.57,30.0,-0.3,3.45
EZPW,2002-10-22,0.800000011920929,0.800000011920929,0.800000011920929,0.800000011920929,0.0,85.90372108312856,72.10484336200994,81.02312547649211,85.07010249143497,96.44610274123114,8.42,29.0,-0.32,3.53
EZPW,2002-10-23,0.800000011920929,0.800000011920929,0.800000011920929,0.800000011920929,0.0,83.91194847086479,72.10484336200994,80.97427288275065,84.6386243869895,96.4425244133333,8.27,29.0,-0.33,3.54
EZPW,2002-10-24,0.8033329844474792,0.8299999833106995,0.800000011920929,0.8299999833106995,4500.0,84.76064554320803,72.58090868513793,80.94170241525208,84.52672719610413,96.50561888100341,8.11,29.0,-0.35,3.57
EZPW,2002-10-25,0.8033329844474792,0.8066669702529907,0.75,0.7733330130577087,21300.0,86.20126623632717,73.8683124068164,81.64704997037158,84.30411616072507,96.57358341538506,7.95,35.0,-0.38,3.36
EZPW,2002-10-28,0.786666989326477,0.786666989326477,0.7633330225944519,0.7666670083999634,25800.0,86.17286529426686,73.74405568834682,81.64870005691098,81.88375011743388,96.05695921532937,7.78,36.0,-0.4,3.36
EZPW,2002-10-29,0.7366669774055481,0.7366669774055481,0.699999988079071,0.7233330011367798,29100.0,86.43982291813703,74.52727371502765,82.10164206639764,81.40083938907465,95.05854615665605,7.61,40.0,-0.41,3.22
EZPW,2002-10-30,0.7533329725265503,0.7733330130577087,0.7533329725265503,0.7666670083999634,19500.0,86.85705677706528,73.942315827516,82.69250910996313,81.42887942440734,94.08824597149912,7.42,45.0,-0.42,3.08
EZPW,2002-10-31,0.8766670227050781,0.9266669750213624,0.8733329772949219,0.8999999761581421,78300.0,98.13736330909873,81.24153114174779,86.42618378248945,83.59100642545225,95.38177488605724,7.26,78.0,-0.37,2.94
EZPW,2002-11-01,0.913332998752594,0.913332998752594,0.913332998752594,0.913332998752594,300.0,98.26826557702721,81.22004701954985,86.46894165926963,83.5717645072905,94.05426506021661,7.09,80.0,-0.31,2.92
EZPW,2002-11-04,0.8933330178260803,0.9300000071525574,0.8933330178260803,0.9300000071525574,12000.0,97.28401117987458,81.23257699334687,86.39281810820748,82.47398287592654,94.06821493509563,6.97,78.0,-0.23,2.94
EZPW,2002-11-05,0.9333329796791076,0.9333329796791076,0.9033330082893372,0.9033330082893372,4500.0,96.29580278422371,81.37407802291618,84.81986864234214,82.15324239900642,91.54484046332873,6.81,70.0,-0.47,3.23
EZPW,2002-11-06,0.9233329892158508,0.9233329892158508,0.9233329892158508,0.9233329892158508,1200.0,95.74755642666187,80.96411127921627,79.49381478208139,81.98655477907994,91.56480371514152,6.67,28.0,-0.43,3.08
EZPW,2002-11-07,0.9166669845581056,0.9333329796791076,0.8666669726371765,0.8666669726371765,10500.0,97.62329593493705,81.27300722429909,77.32444785575811,82.18248761447954,91.80214845710194,6.49,19.0,-0.49,3.33
EZPW,2002-11-08,0.959999978542328,0.959999978542328,0.959999978542328,0.959999978542328,2700.0,101.99091115603898,82.03530241114059,78.06546751073196,81.98349821492175,92.34314459909042,6.27,25.0,-0.42,3.19
EZPW,2002-11-11,0.8833330273628235,0.9300000071525574,0.8833330273628235,0.9300000071525574,6900.0,102.50737548747146,82.24933608563582,76.12794250256745,81.94831118087134,92.40683868869098,6.11,19.0,-0.67,3.57
EZPW,2002-11-12,0.9333329796791076,1.2999999523162842,0.9333329796791076,1.100000023841858,111600.0,113.04220240469007,89.23506191337688,79.41765159220267,84.26286678765894,93.7295702624048,5.87,31.0,-0.69,3.71
EZPW,2002-11-13,1.100000023841858,1.100000023841858,0.9833329916000366,1.053333044052124,62400.0,114.02258361269615,89.70771534583635,79.41142552961594,84.42135209694234,93.61882501209809,5.64,31.0,-0.67,3.71
EZPW,2002-11-14,1.059999942779541,1.100000023841858,1.0333329439163208,1.0733330249786377,29400.0,113.32697747772559,89.77878806043603,79.47105848752926,84.45034845387606,93.6260328918658,5.43,33.0,-0.66,3.68
EZPW,2002-11-15,1.0733330249786377,1.0733330249786377,1.0333329439163208,1.036666989326477,72900.0,113.62397305281297,90.08037484446307,79.60288867064848,84.4673165363585,93.70283900571486,5.26,35.0,-0.63,3.66
EZPW,2002-11-18,1.0499999523162842,1.0499999523162842,1.0399999618530271,1.0499999523162842,9000.0,113.59991074031181,89.92817326632286,79.52371625840955,83.8043514676528,92.97452663024559,5.09,35.0,-0.61,3.67
EZPW,2002-11-19,1.036666989326477,1.1666669845581057,1.0333329439163208,1.0499999523162842,18000.0,113.59991074031181,89.92817326632286,78.78376829413061,82.79862636488178,92.86796192601491,4.9,29.0,-0.65,3.92
EZPW,2002-11-20,1.0333329439163208,1.0633330345153809,1.0166670083999634,1.0333329439163208,36900.0,98.47092686059717,89.98288953608825,78.79191891983298,82.81361866403681,92.88116337252482,4.72,30.0,-0.67,3.91
EZPW,2002-11-21,1.0433330535888672,1.0433330535888672,1.036666989326477,1.036666989326477,6000.0,86.81114493200646,89.77489264192221,78.7665506698433,82.79045928644861,92.8578211108592,4.54,29.0,-0.68,3.91
EZPW,2002-11-22,1.0333329439163208,1.0566669702529907,1.0333329439163208,1.0333329439163208,30000.0,86.84536509189853,89.75083938248805,78.01052168862094,82.77360283305539,92.8597310047364,4.36,26.0,-0.67,4.12
EZPW,2002-11-25,0.9966670274734496,1.0499999523162842,0.9166669845581056,1.0499999523162842,64500.0,86.82588288161732,89.60250581404063,77.95283131117976,82.58889245145245,92.65728604730947,4.26,26.0,-0.66,4.15
EZPW,2002-11-26,1.053333044052124,1.0666669607162476,1.053333044052124,1.0666669607162476,5400.0,86.84056120256288,89.60932711312614,77.99530120645298,82.53321473323845,92.66441085016162,4.19,27.0,-0.65,4.12
EZPW,2002-11-27,1.0499999523162842,1.0833330154418943,0.9166669845581056,1.0833330154418943,32100.0,86.79674090213517,87.6032307365471,78.03567778634262,82.16105734017457,92.56365116294509,4.13,29.0,-0.65,4.1
EZPW,2002-11-29,1.0333329439163208,1.0333329439163208,1.0333329439163208,1.0333329439163208,3000.0,88.04435176308564,88.13807411484036,78.39303137827022,82.2299752998726,91.99555851251503,4.06,32.0,-0.64,4.0
EZPW,2002-12-02,1.0800000429153442,1.0800000429153442,1.0666669607162476,1.0666669607162476,4200.0,88.21446848818289,88.08662461236561,78.52468591205344,82.28725830196376,91.95156403777146,3.99,34.0,-0.63,3.94
EZPW,2002-12-03,1.0833330154418943,1.0833330154418943,1.0499999523162842,1.0499999523162842,6900.0,88.48091620621172,88.07210068497092,78.52398539536023,82.2187737270702,91.965387218537,3.94,34.0,-0.63,3.95
EZPW,2002-12-04,1.0499999523162842,1.0499999523162842,1.0499999523162842,1.0499999523162842,0.0,88.48091620621172,87.46288248148164,78.51885178094827,82.20685839389033,91.8155675021773,3.91,34.0,-0.62,3.95
EZPW,2002-12-05,1.0333329439163208,1.0333329439163208,1.0333329439163208,1.0333329439163208,18000.0,88.74449187291916,86.32322645784494,78.48095708674597,82.14556549101358,91.83475214503963,3.88,33.0,-0.61,3.98
EZPW,2002-12-06,1.023332953453064,1.023332953453064,1.023332953453064,1.023332953453064,5700.0,88.48028641533959,86.35389767142834,78.3798618483279,81.7539191881053,91.65579630589728,3.85,31.0,-0.6,4.01
EZPW,2002-12-09,0.9933329820632936,1.023332953453064,0.9933329820632936,1.0,29100.0,85.88400457825767,86.26716001829715,78.46012390984146,81.77706323242604,91.63687544097834,3.84,34.0,-0.58,3.99
EZPW,2002-12-10,1.0166670083999634,1.0333329439163208,1.0,1.0333329439163208,24000.0,86.001643094552,86.51934167666306,78.48617264520279,81.87399292470772,91.67861299152817,3.83,36.0,-0.58,3.98
EZPW,2002-12-11,1.0,1.0433330535888672,0.9666669964790344,1.0,51000.0,84.5562839137674,86.51933750231716,76.67479273639411,81.96146656400053,91.74906807085371,3.81,20.0,-0.58,4.35
EZPW,2002-12-12,0.9833329916000366,1.0,0.9733330011367798,1.0,22800.0,83.39641556758085,85.31644527154819,76.232428383273,81.93431336884478,89.71395646931632,3.78,20.0,-0.58,4.48
EZPW,2002-12-13,1.0,1.0,1.0,1.0,0.0,69.95156703223564,84.65083369377768,76.01086712556256,81.93069538319368,89.53284600201735,3.75,19.0,-0.57,4.55
EZPW,2002-12-16,1.0033329725265503,1.0499999523162842,1.0,1.046666979789734,6600.0,70.9476880615451,85.1589498797273,76.34170708513021,82.11436314810496,89.60020346873243,3.72,22.0,-0.58,4.4
EZPW,2002-12-17,1.0333329439163208,1.0933330059051514,1.0333329439163208,1.0933330059051514,47700.0,71.75268731999465,84.86428751532235,75.4070607898503,82.28195645781913,89.6954299807477,3.7,19.0,-0.59,4.69
EZPW,2002-12-18,1.0833330154418943,1.100000023841858,1.0833330154418943,1.0833330154418943,164400.0,71.15074328621756,84.0490205292425,75.24935108503553,82.2786092189537,89.69935930790577,3.7,19.0,-0.6,4.78
EZPW,2002-12-19,1.0833330154418943,1.090000033378601,1.0766669511795044,1.0833330154418943,96000.0,71.00999457791663,83.59910099210943,75.24935108503553,81.3297412213744,88.36196188183372,3.7,19.5,-0.62,4.78
EZPW,2002-12-20,1.0833330154418943,1.1100000143051147,1.0833330154418943,1.100000023841858,7800.0,67.99586969551731,83.62741667344973,75.28484284613455,81.31009645781168,88.27127967617062,3.7,21.0,-0.63,4.76
EZPW,2002-12-23,1.0833330154418943,1.0833330154418943,1.0833330154418943,1.0833330154418943,9900.0,62.10479030511333,83.71839638345661,75.32465563136772,80.49763061404266,88.24524552844491,3.69,22.0,-0.64,4.75
EZPW,2002-12-24,1.0833330154418943,1.0833330154418943,1.0833330154418943,1.0833330154418943,0.0,61.19040549197003,83.71839638345661,75.28350801000502,80.27936616067217,88.24524552844491,3.69,21.0,-0.64,4.77
EZPW,2002-12-26,1.0833330154418943,1.0866669416427612,1.0833330154418943,1.0866669416427612,15600.0,36.91918969198948,83.6829938673541,75.28476354876008,79.16297324594947,88.2031080174204,3.68,22.0,-0.65,4.77
EZPW,2002-12-27,1.0833330154418943,1.1466670036315918,1.0833330154418943,1.1466670036315918,46200.0,37.8189361836862,84.2933162612077,74.56636569479184,78.1518043805928,88.31219290643479,3.68,17.0,-0.65,4.91
EZPW,2002-12-30,1.113332986831665,1.1433329582214355,1.100000023841858,1.1433329582214355,14700.0,37.54440212783047,83.87925260070892,74.56949571585059,78.05512503344542,88.2567940161085,3.68,18.0,-0.66,4.91
EZPW,2002-12-31,1.1200000047683716,1.1200000047683716,1.1166670322418213,1.1166670322418213,13500.0,36.72261765432919,83.8627188573589,74.63513897699808,78.0415281892022,88.23774092375153,3.68,21.0,-0.69,4.91
EZPW,2003-01-02,1.1299999952316284,1.149999976158142,1.1299999952316284,1.149999976158142,12000.0,37.43759561329792,83.99599136349721,74.72870237586035,78.12651441782936,88.278096346335,3.67,22.0,-0.7,4.86
EZPW,2003-01-03,1.1633330583572388,1.1666669845581057,1.1633330583572388,1.1633330583572388,5700.0,37.50547113637594,83.99375899534776,74.722268281088,78.13578788387932,88.02710212809771,3.66,22.0,-0.7,4.87
EZPW,2003-01-06,1.126667022705078,1.296666979789734,1.126667022705078,1.2666670083999634,42000.0,43.8643071590733,75.8354663973288,75.481348661715,78.78747356702678,88.40900280150075,3.64,31.0,-0.46,4.57
EZPW,2003-01-07,1.2633329629898071,1.273332953453064,1.203333020210266,1.2066669464111328,16500.0,46.70209466037692,69.18461728388348,75.39855402361017,78.72683006780669,88.41993121563164,3.63,30.0,-0.46,4.6
EZPW,2003-01-08,1.2100000381469729,1.2100000381469729,1.1699999570846558,1.1699999570846558,3000.0,47.80197877253278,69.60685796532624,74.36009620085258,76.4975174422505,88.4838616678007,3.6,17.0,-0.5,4.99
EZPW,2003-01-09,1.1666669845581057,1.1833330392837524,1.1666669845581057,1.1699999570846558,10500.0,47.68180018095755,69.60685796532624,74.34832748048024,76.28823666994732,88.26796345252178,3.57,17.0,-0.54,5.0
EZPW,2003-01-10,1.1833330392837524,1.196666955947876,1.1666669845581057,1.1699999570846558,9300.0,47.55161652900559,69.6080251949636,74.32619628437645,76.16871959060664,88.09015355228512,3.54,17.0,-0.59,5.0
EZPW,2003-01-13,1.1666669845581057,1.1833330392837524,1.1666669845581057,1.1666669845581057,14100.0,47.43241001996287,69.56850283969641,74.32895153928474,75.39859580647644,88.01576530737997,3.51,18.0,-0.64,5.0
EZPW,2003-01-14,1.1666669845581057,1.1666669845581057,1.149999976158142,1.149999976158142,5400.0,45.34932313086078,69.54127564706567,74.36800132568078,75.26244695243096,88.02159505160803,3.47,21.0,-0.68,4.99
EZPW,2003-01-15,1.1633330583572388,1.3066669702529907,1.149999976158142,1.1666669845581057,78600.0,44.6860630799598,69.52967897525293,74.39619166090043,75.28314571181602,88.02911856463574,3.43,22.0,-0.73,4.97
EZPW,2003-01-16,1.149999976158142,1.1833330392837524,1.149999976158142,1.1666669845581057,45600.0,44.34408664529829,69.52967897525293,74.25557186827143,75.265962078485,87.42319228636313,3.39,16.0,-0.77,5.02
EZPW,2003-01-17,1.1666669845581057,1.2400000095367432,1.1666669845581057,1.2400000095367432,31500.0,47.342882255332974,70.41100609216677,74.84594005136873,75.57646401424871,87.49672329186156,3.33,31.0,-0.77,4.76
EZPW,2003-01-21,1.2366670370101929,1.25,1.2000000476837158,1.2000000476837158,31800.0,48.248210699291256,70.87542823055365,75.04068554968809,75.46104008316148,86.60565638074705,3.3,32.0,-0.81,4.7
EZPW,2003-01-22,1.196666955947876,1.196666955947876,1.196666955947876,1.196666955947876,300.0,48.10603335679328,70.62232003161954,74.90602327736298,75.13133364713353,86.60695486003155,3.27,32.0,-0.85,4.77
EZPW,2003-01-23,1.196666955947876,1.2000000476837158,1.196666955947876,1.2000000476837158,900.0,47.363176901044895,68.79041667947969,74.88177896845228,75.13016656468311,83.8715247775531,3.26,32.0,-0.88,4.77
EZPW,2003-01-24,1.1866669654846191,1.1866669654846191,1.1666669845581057,1.1699999570846558,4800.0,47.50934112936499,69.04000807721647,74.86982626303065,75.18765171947996,83.89165119126275,3.25,32.0,-0.92,4.81
EZPW,2003-01-27,1.1699999570846558,1.1699999570846558,1.1699999570846558,1.1699999570846558,0.0,46.22771690833634,67.70898887197717,74.83358664756386,75.18765171947996,83.87928533556527,3.26,31.0,-0.95,4.81
EZPW,2003-01-28,1.1799999475479126,1.1799999475479126,1.1633330583572388,1.1666669845581057,3300.0,46.26316156721831,66.92832805176394,73.37400533156637,75.18813502358994,82.15874962650298,3.29,3.0,-0.98,5.24
EZPW,2003-01-29,1.1666669845581057,1.1666669845581057,1.1666669845581057,1.1666669845581057,0.0,46.26316156721831,58.81189992269611,73.33219315366351,75.1733443473541,82.15750908292539,3.31,3.0,-1.0,5.27
EZPW,2003-01-30,1.149999976158142,1.1833330392837524,1.149999976158142,1.1666669845581057,10500.0,44.65658307684956,58.77824543708117,73.14326722243457,75.1197293875265,81.67414269021093,3.33,3.0,-1.02,5.38
EZPW,2003-01-31,1.149999976158142,1.1666669845581057,1.149999976158142,1.1666669845581057,17400.0,43.02078657125931,58.71102204716661,73.07869649582544,74.33748984815169,81.17284273517375,3.36,3.0,-1.04,5.39
EZPW,2003-02-03,1.1666669845581057,1.1666669845581057,1.1666669845581057,1.1666669845581057,0.0,42.892323857979214,58.316706710874314,72.65135879339016,74.26355593882576,80.03593546998479,3.39,3.0,-1.07,5.61
EZPW,2003-02-04,1.1666669845581057,1.213333010673523,1.1666669845581057,1.213333010673523,9600.0,44.18284915203879,58.647538686348334,72.00511289939283,74.28502039991955,80.01509020222788,3.42,1.0,-1.08,5.8
EZPW,2003-02-05,1.3333330154418943,1.3333330154418943,1.2000000476837158,1.2166670560836792,15000.0,44.0487259927224,56.9185281413809,72.00495736169638,74.23835388690956,79.96374319445701,3.45,1.0,-1.09,5.8
EZPW,2003-02-06,1.2166670560836792,1.2200000286102295,1.159999966621399,1.159999966621399,15900.0,46.19091254624366,54.28163541241532,72.29294673740256,74.37875260314026,79.76618340266624,3.48,3.0,-1.1,5.72
EZPW,2003-02-07,1.149999976158142,1.1533329486846924,1.149999976158142,1.1533329486846924,9600.0,46.24580446964683,53.82732295245063,72.30243697158588,74.36252538890132,79.58431571260948,3.5,4.0,-1.11,5.72
EZPW,2003-02-10,1.149999976158142,1.149999976158142,1.149999976158142,1.149999976158142,4200.0,46.267082966260716,41.53933455941461,72.12186592490039,74.18691545099159,79.08672879509253,3.52,3.0,-1.13,5.83
EZPW,2003-02-11,1.149999976158142,1.149999976158142,1.149999976158142,1.149999976158142,3000.0,43.5765613413801,40.511321201302046,71.23396334050646,74.1668022199153,77.28869178320521,3.55,1.0,-1.12,6.17
EZPW,2003-02-12,1.1866669654846191,1.2066669464111328,1.1566669940948486,1.1566669940948486,13800.0,43.59723211504425,40.36076304435305,70.78269496616467,73.9971550957069,76.68807724954117,3.59,1.0,-1.13,6.42
EZPW,2003-02-13,1.1799999475479126,1.2000000476837158,1.1799999475479126,1.2000000476837158,16200.0,44.21824529629351,40.29773658753123,71.0016761233029,73.87477671872601,76.54809932884082,3.63,2.0,-1.14,6.28
EZPW,2003-02-14,1.1833330392837524,1.1833330392837524,1.1566669940948486,1.1566669940948486,15000.0,44.86119102782307,41.02783614650891,70.74408942148548,73.96360203553746,76.61403333522203,3.67,1.0,-1.14,6.39
EZPW,2003-02-18,1.159999966621399,1.159999966621399,1.159999966621399,1.159999966621399,300.0,44.741168725190064,41.02724355756585,70.14689823516011,73.80535213263043,76.58375574053717,3.72,1.0,-1.11,6.64
EZPW,2003-02-19,1.296666979789734,1.296666979789734,1.1566669940948486,1.1566669940948486,2700.0,36.73291059702811,40.87381927577418,69.8417917310115,73.78663294154087,75.72280567485224,3.78,1.0,-1.06,6.77
EZPW,2003-02-20,1.1566669940948486,1.1666669845581057,1.1566669940948486,1.1666669845581057,10500.0,34.23052888158919,40.89627812014211,69.8432778647345,73.58893546658825,75.41241757178939,3.83,2.0,-1.01,6.77
EZPW,2003-02-21,1.1566669940948486,1.1566669940948486,1.149999976158142,1.149999976158142,600.0,33.30773944699427,41.020668217158736,69.89680575273344,73.60132320416409,75.27331079565982,3.88,3.0,-0.95,6.75
EZPW,2003-02-24,1.149999976158142,1.149999976158142,1.149999976158142,1.149999976158142,0.0,33.30773944699427,40.914724864114476,69.89680575273344,73.60132320416409,75.15198082886022,3.93,3.5,-0.89,6.75
EZPW,2003-02-25,1.149999976158142,1.1733330488204956,1.149999976158142,1.1533329486846924,57600.0,33.322636693261266,40.80840970113682,69.87552224939705,73.60202931218389,74.3075848013719,3.97,3.0,-0.82,6.76
EZPW,2003-02-26,1.1533329486846924,1.1699999570846558,1.149999976158142,1.1699999570846558,14400.0,33.587973571369176,40.791912913260745,69.89668901453905,73.6204063335403,74.22984602377073,4.02,4.0,-0.74,6.73
EZPW,2003-02-27,1.149999976158142,1.149999976158142,1.149999976158142,1.149999976158142,4500.0,33.704846292544566,39.71623201273996,69.69304404966189,73.49028269217153,74.19450777413981,4.07,1.0,-0.65,6.83
EZPW,2003-02-28,1.1799999475479126,1.2000000476837158,1.1666669845581057,1.1666669845581057,66300.0,33.704846292544566,39.31408516124088,69.56832941077009,73.51022143774117,74.20763288270055,4.12,1.0,-0.54,6.87
EZPW,2003-03-03,1.1699999570846558,1.1699999570846558,1.1666669845581057,1.1666669845581057,2100.0,33.704846292544566,39.15122005082629,69.56832941077009,73.43376830075795,74.20763288270055,4.16,1.5,-0.42,6.87
EZPW,2003-03-04,1.1833330392837524,1.1833330392837524,1.1833330392837524,1.1833330392837524,9300.0,28.709559646432204,39.231878385281846,69.58518504152568,72.42515145824743,74.1540954983437,4.2,3.0,-0.3,6.85
EZPW,2003-03-05,1.159999966621399,1.159999966621399,1.100000023841858,1.100000023841858,8100.0,34.330823381268935,41.992409015114944,64.08494626716904,69.38315781365046,73.97321554197104,4.37,1.0,-0.37,5.99
EZPW,2003-03-06,1.159999966621399,1.159999966621399,1.1566669940948486,1.1566669940948486,1500.0,37.62685755141667,43.11846322744582,58.86029128133495,67.96335660359833,73.34437010788442,4.66,1.0,-0.24,5.89
EZPW,2003-03-07,1.149999976158142,1.149999976158142,1.149999976158142,1.149999976158142,600.0,37.63127982741912,42.83316774842418,58.876973379529815,67.24641663491313,73.34269810599794,4.92,2.0,-0.09,5.89
EZPW,2003-03-10,0.8666669726371765,1.1333329677581787,0.8500000238418579,1.1333329677581787,59700.0,37.1650842010554,42.49344581272098,58.946243858993576,65.9883206493384,73.33470573548674,5.16,3.0,0.07,5.88
EZPW,2003-03-11,1.1666669845581057,1.1833330392837524,1.1333329677581787,1.1333329677581787,18000.0,37.1650842010554,41.8890644436569,58.93134010110701,65.02088703690958,73.3221723569951,5.38,3.0,0.25,5.91
EZPW,2003-03-12,1.0866669416427612,1.1333329677581787,1.0866669416427612,1.1333329677581787,11700.0,37.16233226188151,41.8890644436569,58.86958749661304,64.81321575382461,73.14933168391707,5.58,2.0,0.45,5.98
EZPW,2003-03-13,1.1166670322418213,1.126667022705078,1.100000023841858,1.126667022705078,17400.0,37.18832384461028,41.91904686642548,58.80327657483815,64.81707950193146,73.08975065768998,5.77,1.0,0.68,6.0
EZPW,2003-03-14,1.1399999856948853,1.1399999856948853,1.1399999856948853,1.1399999856948853,600.0,37.37612896745633,40.97797089557376,58.80562933830221,64.79792698082247,72.77826653246903,5.95,2.0,0.92,5.97
EZPW,2003-03-17,1.159999966621399,1.2999999523162842,1.1533329486846924,1.1533329486846924,15900.0,37.54849789858137,40.08569308907203,58.81677171349241,64.73384025899071,72.69626929655624,6.12,3.0,1.18,5.95
EZPW,2003-03-18,1.1066670417785645,1.1066670417785645,1.1066670417785645,1.1066670417785645,600.0,39.37561370387511,40.961317882760284,59.24604822474593,64.42907511063908,72.78633373060099,6.26,9.0,1.47,5.78
EZPW,2003-03-19,1.1066670417785645,1.1066670417785645,1.1066670417785645,1.1066670417785645,0.0,37.42086504021106,40.961317882760284,59.24604822474593,64.40812229726434,72.71389292188924,6.4,9.5,1.79,5.78
EZPW,2003-03-20,1.1066670417785645,1.1066670417785645,1.1066670417785645,1.1066670417785645,0.0,37.392274843421994,40.84324287775444,59.00282338135865,64.38628774913677,72.7049399006654,6.53,9.0,2.17,5.99
EZPW,2003-03-21,1.100000023841858,1.100000023841858,1.100000023841858,1.100000023841858,1800.0,34.95025696405685,40.73860250621986,57.83108602537966,63.868328089886184,72.64407671949056,6.68,1.0,2.45,6.44
EZPW,2003-03-24,1.100000023841858,1.100000023841858,1.100000023841858,1.100000023841858,0.0,34.93294445799977,40.73860250621986,57.80099262972196,63.80228362932765,72.31794775479253,6.81,1.0,2.6,6.44
EZPW,2003-03-25,1.100000023841858,1.100000023841858,1.0833330154418943,1.0833330154418943,3300.0,35.15681313258092,40.85763135613226,57.02948685124982,63.82785340977362,72.31896955593656,6.94,1.0,1.62,6.78
EZPW,2003-03-26,1.0933330059051514,1.100000023841858,1.0933330059051514,1.100000023841858,57300.0,35.508652754174875,39.429799011771244,56.39576377271472,63.85369847459961,72.33538581311541,7.06,1.0,0.48,7.27
EZPW,2003-03-27,1.0866669416427612,1.1633330583572388,1.0866669416427612,1.1333329677581787,6600.0,36.60493769093683,39.9197294759578,50.67926966530067,63.95131986804624,72.39761925457131,7.27,1.0,0.59,7.08
EZPW,2003-03-28,1.126667022705078,1.1666669845581057,1.1166670322418213,1.1166670322418213,5400.0,35.037784605281225,39.73948032883528,50.712055715858995,63.94980206133791,72.39220990305388,7.44,2.0,0.74,7.12
EZPW,2003-03-31,1.149999976158142,1.149999976158142,1.149999976158142,1.149999976158142,7500.0,34.643738675375864,39.73948032883528,50.835207023316386,64.01868961302361,72.45079107721281,7.6,3.0,0.93,7.0
EZPW,2003-04-01,1.149999976158142,1.149999976158142,1.149999976158142,1.149999976158142,0.0,34.63161621798671,39.666815110687025,50.58964962540894,64.01427297656699,72.44878292390649,7.77,1.0,0.97,7.13
EZPW,2003-04-02,1.1333329677581787,1.1333329677581787,1.100000023841858,1.100000023841858,15600.0,36.92209893812482,36.53026939410388,51.033687843217365,64.18371204499907,72.58405340093913,7.99,5.0,1.07,6.96
EZPW,2003-04-03,1.100000023841858,1.100000023841858,1.100000023841858,1.100000023841858,9600.0,36.79785757486976,35.24131209377807,49.95662457256982,64.10237017616157,72.57585319563209,8.23,1.0,-0.0,7.51
EZPW,2003-04-04,1.0833330154418943,1.100000023841858,1.0833330154418943,1.100000023841858,93900.0,36.61141867526054,34.70830971217719,47.319533818886626,64.10128188253705,71.81320760702688,8.53,1.0,-0.01,9.01
EZPW,2003-04-07,1.1166670322418213,1.123332977294922,1.1166670322418213,1.123332977294922,4200.0,37.18614896704566,35.00020948818957,47.120403202074655,64.04890462226268,71.81047675852783,8.82,1.0,-0.49,9.07
EZPW,2003-04-08,1.1100000143051147,1.1166670322418213,1.100000023841858,1.100000023841858,6600.0,37.62270571370114,35.24631233337364,39.02840737958625,62.74017785628986,71.17511468012364,9.3,1.0,-0.49,1.5
EZPW,2003-04-09,1.100000023841858,1.100000023841858,1.100000023841858,1.100000023841858,1800.0,37.3235594638876,35.24485369675468,38.40445074882838,62.43652450679809,71.00265484973852,9.77,1.0,-0.43,1.68
EZPW,2003-04-10,1.1066670417785645,1.1166670322418213,1.0833330154418943,1.1166670322418213,15300.0,37.35485907539414,35.282635860630315,38.36316378917175,62.307122666805604,70.13119736541216,10.19,1.0,-0.39,1.7
EZPW,2003-04-11,1.0833330154418943,1.113332986831665,1.0666669607162476,1.1066670417785645,23700.0,37.13296588515817,35.1867708407751,37.97830826155902,62.3184412807676,69.08875091926495,10.6,1.0,-0.31,1.83
EZPW,2003-04-14,1.113332986831665,1.1299999952316284,1.113332986831665,1.126667022705078,19200.0,37.56704290604815,35.39673471024305,38.02871657827162,61.507576586205815,69.03852853252756,10.97,2.0,-0.23,1.8
EZPW,2003-04-15,1.1033329963684082,1.126667022705078,1.0833330154418943,1.126667022705078,1800.0,37.287405863084366,32.99288965471256,38.02871657827162,61.38870777207489,68.99069084382312,11.32,2.5,-0.14,1.8
EZPW,2003-04-16,1.1299999952316284,1.1666669845581057,1.1299999952316284,1.1466670036315918,10800.0,30.9166927441995,32.5714708098318,38.027025802225275,61.42206419805265,69.01500522080843,11.64,2.0,-0.03,1.79
EZPW,2003-04-17,1.1666669845581057,1.1666669845581057,1.123332977294922,1.123332977294922,6600.0,27.8537247473784,32.82146130807189,38.17938997307109,61.47208674929826,69.03801791734352,11.94,5.0,0.09,1.73
EZPW,2003-04-21,1.1166670322418213,1.1633330583572388,1.1166670322418213,1.1566669940948486,37200.0,29.148128621061325,33.39649256057771,38.43921419475429,61.564760928692884,69.09327896027011,12.22,8.0,0.22,1.61
EZPW,2003-04-22,1.1666669845581057,1.2000000476837158,1.1666669845581057,1.1799999475479126,64800.0,29.34508453301931,33.2550085979557,38.48346975207824,61.58051321740291,68.91311728867898,12.49,9.0,0.31,1.59
EZPW,2003-04-23,1.2066669464111328,1.2066669464111328,1.2066669464111328,1.2066669464111328,600.0,29.964325177691393,33.564865647826245,38.561293192502816,61.633946583017426,67.06451068704015,12.73,10.0,0.34,1.55
EZPW,2003-04-24,1.1699999570846558,1.1699999570846558,1.1699999570846558,1.1699999570846558,1500.0,31.449271704732084,34.17010796254193,38.825986844498345,60.94708022640138,66.96538202556471,12.95,11.0,0.4,1.48
EZPW,2003-04-25,1.1566669940948486,1.1566669940948486,1.149999976158142,1.149999976158142,3300.0,31.836848108985734,34.35334101541731,38.1678300731117,60.98543577819579,66.88786372065388,13.16,5.0,0.56,1.62
EZPW,2003-04-28,1.1533329486846924,1.1666669845581057,1.1533329486846924,1.1666669845581057,15600.0,31.925192349716795,34.48394800864131,37.911257572793254,60.97620431268602,66.277356928703,13.36,1.0,0.68,1.73
EZPW,2003-04-29,1.1666669845581057,1.1666669845581057,1.149999976158142,1.149999976158142,4200.0,32.046606654279735,34.60980391169143,37.89667412712893,60.97371138104947,66.16782040817705,13.55,1.0,0.85,1.73
EZPW,2003-04-30,1.149999976158142,1.149999976158142,1.149999976158142,1.149999976158142,3000.0,29.571862034755142,34.60980391169143,37.89667412712893,60.95571861186239,66.16782040817705,13.72,1.5,1.05,1.73
EZPW,2003-05-01,1.1666669845581057,1.1799999475479126,1.149999976158142,1.1799999475479126,11100.0,30.405145020052686,34.05964253105987,38.001904275106945,60.760064661971505,66.20584986228448,13.87,5.0,1.25,1.67
EZPW,2003-05-02,1.2000000476837158,1.2000000476837158,1.2000000476837158,1.2000000476837158,3000.0,30.691272223043757,34.23769750573445,38.03887641021318,60.444100291772095,66.19500166426646,14.01,9.0,1.42,1.64
EZPW,2003-05-05,1.2066669464111328,1.25,1.196666955947876,1.25,69300.0,32.48452719840297,33.799328423117466,38.33554743604396,59.76741361066307,66.15196660779733,14.14,12.0,1.38,1.53
EZPW,2003-05-06,1.25,1.2833329439163208,1.2333329916000366,1.2633329629898071,44100.0,32.50912472030297,33.82086342947281,38.046111445655484,59.768817832451916,65.88913876393852,14.25,10.0,1.51,1.65
EZPW,2003-05-07,1.2333329916000366,1.2666670083999634,1.2333329916000366,1.2566670179367063,84000.0,32.10496752452869,33.83777836353406,37.65429273175815,59.75907392588429,65.8892349702445,14.38,1.0,1.32,1.79
EZPW,2003-05-08,1.25,1.25,1.25,1.25,1500.0,32.084346979844334,33.8652545827051,37.67197270622502,59.76363924908209,65.89083677997358,14.51,2.0,0.95,1.78
EZPW,2003-05-09,1.25,1.25,1.25,1.25,4500.0,31.168750651852378,33.853960702507564,37.67197270622502,59.76137069017323,65.89083677997358,14.62,2.5,0.3,1.78
EZPW,2003-05-12,1.2533329725265503,1.296666979789734,1.25,1.2533329725265503,33600.0,30.695783445306628,33.03873584269813,37.024493837942586,59.76142359077444,65.89141721087142,14.73,1.0,0.18,2.02
EZPW,2003-05-13,1.2533329725265503,1.2533329725265503,1.2533329725265503,1.2533329725265503,0.0,29.735830343281826,32.102055663206784,36.4128797736878,59.66683178177803,65.87853399385278,14.85,1.0,0.11,2.27
EZPW,2003-05-14,1.2400000095367432,1.2400000095367432,1.2333329916000366,1.2333329916000366,17700.0,30.232004581871507,32.29785842427403,36.48017201229739,59.70251003621128,65.85577070388845,14.96,2.0,0.03,2.24
EZPW,2003-05-15,1.25,1.25,1.25,1.25,2100.0,26.9215608279712,32.386451988537615,36.5302262951792,59.7116210268136,65.2287165021746,15.05,3.0,-0.04,2.2
EZPW,2003-05-16,1.2333329916000366,1.2333329916000366,1.2333329916000366,1.2333329916000366,6600.0,27.3833273630084,32.488486764413125,36.53752892576254,59.636243218603845,65.1840370478777,15.14,4.0,-0.12,2.21
EZPW,2003-05-19,1.2333329916000366,1.2533329725265503,1.2333329916000366,1.2333329916000366,7200.0,27.3833273630084,32.3322245426796,36.44322735277733,59.62135398723801,65.08196219111046,15.21,2.0,-0.19,2.26
EZPW,2003-05-20,1.2366670370101929,1.2366670370101929,1.2333329916000366,1.2333329916000366,3000.0,26.910921660557335,32.3322245426796,36.44322735277733,59.523533191676336,65.04352731634802,15.28,2.5,-0.27,2.26
EZPW,2003-05-21,1.2066669464111328,1.2233330011367798,1.2066669464111328,1.2166670560836792,28200.0,26.416713804708987,32.47107058982067,36.51862932171808,59.52491242143596,64.99623892955633,15.33,5.0,-0.31,2.22
EZPW,2003-05-22,1.2166670560836792,1.2166670560836792,1.203333020210266,1.203333020210266,21000.0,26.729741736356065,32.43820975428999,35.57857933038922,58.54184813318554,64.99053295183029,15.4,1.0,-0.37,2.51
EZPW,2003-05-23,1.2000000476837158,1.2333329916000366,1.2000000476837158,1.2333329916000366,2100.0,27.2446036486935,32.59628823866457,35.779682751741795,58.57328655157076,64.8912251477391,15.45,2.0,-0.46,2.39
EZPW,2003-05-27,1.2066669464111328,1.2166670560836792,1.2000000476837158,1.2166670560836792,7200.0,27.457478314683637,32.616115886355516,35.64140911396931,58.46397790663605,64.89027630675149,15.49,2.0,-0.5,2.46
EZPW,2003-05-28,1.2666670083999634,1.2666670083999634,1.2100000381469729,1.2166670560836792,335400.0,27.10977613430621,32.616115886355516,35.34617308173106,58.42198930923114,64.7509187339639,15.53,1.0,-0.56,2.63
EZPW,2003-05-29,1.2100000381469729,1.2166670560836792,1.2100000381469729,1.2166670560836792,6600.0,27.10977613430621,32.494954607229914,35.302499547298524,58.11943156220713,64.54537461848635,15.55,1.0,-0.62,2.66
EZPW,2003-05-30,1.1933330297470093,1.25,1.1799999475479126,1.2333329916000366,57900.0,26.94161853541301,28.762695211528534,32.664462633829736,57.5360184697417,64.52476647056933,15.6,1.0,-0.67,1.75
EZPW,2003-06-02,1.2333329916000366,1.2366670370101929,1.2300000190734863,1.2333329916000366,52200.0,26.06182259246127,26.942608557364455,31.734590069492857,57.53580521981772,64.39623117844884,15.64,1.0,-0.7,2.01
EZPW,2003-06-03,1.2300000190734863,1.2300000190734863,1.2166670560836792,1.2166670560836792,1800.0,25.27581488355825,27.07497179052455,31.421161412439254,57.452288888480375,64.39565230323981,15.7,1.0,-0.75,2.16
EZPW,2003-06-04,1.2166670560836792,1.2533329725265503,1.2166670560836792,1.25,42600.0,25.79680635771446,27.396710354415667,31.704268118080392,57.53277724964323,64.28269897846506,15.73,2.0,-0.82,2.02
EZPW,2003-06-05,1.2533329725265503,1.2533329725265503,1.2166670560836792,1.2333329916000366,15600.0,25.41596288629212,27.568460740744037,31.782908223305434,57.42912872607596,64.29084629958204,15.76,4.0,-0.88,1.97
EZPW,2003-06-06,1.2233330011367798,1.2599999904632568,1.2233330011367798,1.2599999904632568,32100.0,24.258296643856923,27.868687585561137,31.94986211480348,56.86765011009667,64.32510772692575,15.77,5.0,-0.92,1.89
EZPW,2003-06-09,1.2666670083999634,1.2666670083999634,1.2433329820632937,1.2433329820632937,25500.0,24.006470810398746,27.996974684904824,31.937355395904028,56.575836613133866,64.3398849153182,15.76,5.0,-0.97,1.89
EZPW,2003-06-10,1.2433329820632937,1.2466670274734497,1.2433329820632937,1.2466670274734497,6000.0,23.74529862158414,27.918476419061562,31.864358231074384,56.57585539518292,64.3397715235862,15.75,5.0,-1.02,1.93
EZPW,2003-06-11,1.2666670083999634,1.3666670322418213,1.2666670083999634,1.3533329963684082,161400.0,32.67237550780675,32.38874377296136,34.38619746759555,57.01735337765355,64.73115471316969,15.7,9.0,-0.07,2.63
EZPW,2003-06-12,1.3366669416427612,1.3600000143051147,1.3366669416427612,1.3433330059051514,36600.0,32.8496528767635,31.14455529075284,33.06347808306542,56.62267367839884,64.7360808161354,15.64,9.0,0.34,2.92
EZPW,2003-06-13,1.3533329963684082,1.3533329963684082,1.3233330249786377,1.3233330249786377,13800.0,32.75512693500347,31.361960095184436,32.722280339003994,56.45248081469665,64.69515068229829,15.57,9.0,0.33,3.09
EZPW,2003-06-16,1.3333330154418943,1.3366669416427612,1.3333330154418943,1.3366669416427612,17100.0,32.5799995837691,31.38856335427925,32.74797079144453,56.45604195855408,63.87984087895327,15.5,10.0,0.35,3.07
EZPW,2003-06-17,1.3233330249786377,1.3666670322418213,1.3200000524520874,1.363332986831665,57600.0,31.023121774104247,31.510943597203934,32.880625772046166,56.49223581307289,60.99819333876725,15.4,11.0,0.52,2.98
EZPW,2003-06-18,1.3666670322418213,1.4166669845581057,1.3666670322418213,1.4166669845581057,93000.0,32.62550980963552,32.296485506316166,33.123002352654275,56.64980174596085,59.772155735995995,15.3,13.0,1.22,2.86
EZPW,2003-06-19,1.4166669845581057,1.4166669845581057,1.386667013168335,1.399999976158142,24000.0,32.83871719457417,32.21558406988473,33.19360464501615,56.66240085192547,59.189503596057335,15.18,14.0,1.27,2.82
EZPW,2003-06-20,1.3833329677581787,1.4299999475479126,1.3833329677581787,1.4299999475479126,32700.0,33.11122307701283,32.32485479288174,33.327253069019505,56.70331739388937,58.20797473784114,15.07,15.0,1.47,2.73
EZPW,2003-06-23,1.399999976158142,1.4133330583572388,1.3933329582214355,1.3933329582214355,3300.0,34.25310628837591,32.46978237449659,33.62143049813913,56.61952711325052,57.471315529642844,14.95,16.0,1.24,2.56
EZPW,2003-06-24,1.3933329582214355,1.3933329582214355,1.3333330154418943,1.3333330154418943,4800.0,36.93323315470884,33.69935267693979,34.39772907395419,56.798209969251054,57.47298559905912,14.81,18.0,0.98,2.28
EZPW,2003-06-25,1.3333330154418943,1.3666670322418213,1.3333330154418943,1.3666670322418213,9000.0,37.50241924460108,33.554633453016244,34.5961102677504,56.855958681400196,57.522975036792566,14.66,19.0,0.74,2.18
EZPW,2003-06-26,1.340000033378601,1.4166669845581057,1.340000033378601,1.4166669845581057,218100.0,38.238902102513904,34.2243985556364,35.02188440660859,56.98829323752711,57.60542916595912,14.51,20.0,0.63,1.99
EZPW,2003-06-27,1.4299999475479126,1.4500000476837158,1.4166669845581057,1.4500000476837158,82500.0,38.54064589102047,32.96433690892837,34.679364568391605,52.58920703288156,57.581732871856985,14.35,20.0,0.67,2.11
EZPW,2003-06-30,1.4500000476837158,1.4500000476837158,1.4433330297470093,1.4500000476837158,26100.0,38.179320350408865,32.96433690892837,34.680162497713326,48.76858494583589,57.200301068412074,14.18,21.0,0.63,2.11
EZPW,2003-07-01,1.4500000476837158,1.4500000476837158,1.3966670036315918,1.3966670036315918,45000.0,40.13431177669844,34.06420744204766,34.34555134648818,49.006080661854895,57.308897370421654,14.0,17.0,0.41,2.14
EZPW,2003-07-02,1.399999976158142,1.4433330297470093,1.3966670036315918,1.4433330297470093,176400.0,40.96120159752738,34.4027865487447,34.67327277976707,49.13032919219767,57.37865053824237,13.8,21.0,0.29,1.99
EZPW,2003-07-03,1.4333330392837524,1.5166670083999634,1.4333330392837524,1.5,334200.0,41.656547991697245,34.703356921324506,35.13699098288725,49.29445029257172,57.07015094204698,13.59,25.0,0.39,1.8
EZPW,2003-07-07,1.5099999904632568,1.5299999713897705,1.4966670274734497,1.4966670274734497,170400.0,41.403551818864095,34.72049931024511,35.143046612918816,49.25679925968488,57.02359404656878,13.39,26.0,0.37,1.8
EZPW,2003-07-08,1.4733330011367798,1.4833329916000366,1.4166669845581057,1.4166669845581057,73200.0,44.788361045738185,36.76869829599147,36.30706946313034,49.68330459898697,57.29934817314728,13.17,32.0,0.17,1.61
EZPW,2003-07-09,1.4266669750213623,1.4333330392837524,1.3966670036315918,1.399999976158142,93600.0,44.728662913305065,36.81601951619752,35.94096297259471,49.70750299339958,57.31365002320178,12.93,32.0,0.0,1.74
EZPW,2003-07-10,1.399999976158142,1.4166669845581057,1.3466670513153076,1.399999976158142,64200.0,44.728662913305065,36.70809921803709,35.4131325194555,49.70750299339958,57.31365002320178,12.69,29.0,-0.15,1.94
EZPW,2003-07-11,1.3966670036315918,1.4033329486846924,1.3700000047683716,1.399999976158142,29400.0,44.728662913305065,36.70809921803709,35.41407606651912,49.70750299339958,57.29058792068458,12.45,30.0,-0.29,1.94
EZPW,2003-07-14,1.3666670322418213,1.4133330583572388,1.3666670322418213,1.4133330583572388,62700.0,44.67305622965468,36.61367499194528,35.42613706688253,49.71180873206202,57.2790545441228,12.2,31.0,-0.43,1.93
EZPW,2003-07-15,1.4033329486846924,1.5166670083999634,1.4033329486846924,1.4500000476837158,91500.0,45.06188754475227,36.541272191532194,35.60919811033987,49.622646528498535,57.32741378687064,11.93,33.0,-0.53,1.84
EZPW,2003-07-16,1.5033329725265503,1.5033329725265503,1.4366669654846191,1.446666955947876,39000.0,44.76585072180939,36.19008827657162,35.51766449925272,48.84407453202374,57.293221789553684,11.65,32.0,-0.64,1.89
EZPW,2003-07-17,1.4433330297470093,1.446666955947876,1.4299999475479126,1.4433330297470093,55200.0,44.36097232284867,36.05074389955808,35.52334731538752,48.827637411733136,57.22396074271023,11.35,33.0,-0.73,1.89
EZPW,2003-07-18,1.446666955947876,1.4500000476837158,1.4266669750213623,1.446666955947876,58200.0,44.032702801265124,35.833144009776795,35.52320786410919,48.27299907925776,57.22252618998932,11.03,33.0,-0.82,1.89
EZPW,2003-07-21,1.4500000476837158,1.4500000476837158,1.4366669654846191,1.4433330297470093,64200.0,43.816146126209794,35.151329371207005,35.47738072603598,47.843198643956555,57.14856994605248,10.69,32.0,-0.91,1.91
EZPW,2003-07-22,1.4500000476837158,1.4700000286102295,1.3666670322418213,1.4166669845581057,239400.0,44.0315642561444,35.187934377806876,35.49759325930402,44.12629279710137,56.08018944149137,10.33,33.0,-0.98,1.9
EZPW,2003-07-23,1.4033329486846924,1.4333330392837524,1.4033329486846924,1.4166669845581057,30300.0,44.047240683964,35.12082520980991,35.44409497749002,44.103421981743345,55.83049705956007,9.96,32.0,-1.05,1.93
EZPW,2003-07-24,1.4033329486846924,1.4500000476837158,1.3899999856948853,1.4500000476837158,78300.0,37.881818214573705,35.16128153367163,35.60358270737847,44.13349120859947,55.74629983412872,9.55,39.0,-1.12,1.85
EZPW,2003-07-25,1.446666955947876,1.5,1.4333330392837524,1.4733330011367798,114300.0,37.96667854982726,35.23848031772704,35.61997898610512,44.00167652242027,55.76392204146576,9.11,41.0,-1.17,1.84
EZPW,2003-07-28,1.4600000381469729,1.5333329439163208,1.4600000381469729,1.5166670083999634,353100.0,38.28565824741191,35.32940085819153,33.769813564849024,44.0531481051166,55.173367812468264,8.82,17.0,-1.16,1.37
EZPW,2003-07-29,1.5166670083999634,1.5666669607162476,1.5066670179367063,1.5266669988632202,407100.0,38.255772896832184,35.23533737402315,32.92301079191372,43.347505438517416,55.08704515289862,8.65,12.0,-1.16,1.58
EZPW,2003-07-30,1.5299999713897705,1.5733330249786377,1.4833329916000366,1.5,161100.0,38.48782164419443,34.658591411596404,33.05473972460965,41.78040205861477,55.120194636074736,8.46,13.0,-1.19,1.52
EZPW,2003-07-31,1.5166670083999634,1.6299999952316284,1.5133329629898071,1.6299999952316284,332400.0,43.8529202604318,38.326287743509255,35.31833689656382,42.65693876513074,55.72127964971156,8.24,31.0,-0.94,2.1
EZPW,2003-08-01,1.6166670322418213,1.649999976158142,1.6033329963684082,1.6033329963684082,1393800.0,44.02586527461507,38.51371929041558,35.45833719605231,37.94983811028983,55.74908356331133,8.01,37.0,-0.87,2.05
EZPW,2003-08-04,1.659999966621399,1.659999966621399,1.5833330154418943,1.6466670036315918,165000.0,44.23386946706581,38.73824841915173,35.64416193735311,37.67274506301433,55.78666920801892,7.77,48.0,-0.73,1.93
EZPW,2003-08-05,1.6333329677581787,1.636667013168335,1.600000023841858,1.6200000047683716,97800.0,43.73799083781073,38.96478724744838,35.7541835649739,37.68775633865017,55.815800516925286,7.52,49.0,-0.7,1.88
EZPW,2003-08-06,1.6433329582214355,1.6433329582214355,1.600000023841858,1.600000023841858,106200.0,41.56419229209456,39.11457217254775,35.82024007708753,37.4707092066249,55.18765479490838,7.24,51.0,-0.73,1.87
EZPW,2003-08-07,1.6166670322418213,1.659999966621399,1.613332986831665,1.6466670036315918,103800.0,41.7383299659106,39.42929150403429,36.02301910577452,37.580406898032315,55.25204331722353,6.95,53.0,-0.71,1.76
EZPW,2003-08-08,1.626667022705078,1.6833330392837524,1.626667022705078,1.6766669750213623,252000.0,40.94627867962464,39.286672194287064,35.36769130110435,37.624191399121806,55.254742360516865,6.63,33.0,-0.65,1.9
EZPW,2003-08-11,1.6833330392837524,1.7599999904632568,1.6833330392837524,1.7366670370101929,412200.0,41.5330137970872,39.732958486668764,35.70139807254404,37.75485464303456,55.33414930208169,6.28,50.0,-0.48,1.72
EZPW,2003-08-12,1.7533329725265503,1.773332953453064,1.75,1.773332953453064,194700.0,41.711191221682284,39.65794699678979,35.78822632389982,37.81492793490182,55.3547711812307,5.91,53.0,-0.29,1.66
EZPW,2003-08-13,1.7833329439163208,1.8233330249786377,1.703333020210266,1.7633329629898071,219900.0,39.755862478783726,39.71170663872542,35.78531354634405,37.8216448442686,55.13834399059514,5.54,53.0,-0.22,1.66
EZPW,2003-08-14,1.7833329439163208,1.7833329439163208,1.7166670560836792,1.7300000190734863,30900.0,39.75741918562516,40.025363644720684,35.977097889602966,37.879237390277574,54.89898774258681,5.15,57.0,-0.25,1.59
EZPW,2003-08-15,1.7166670560836792,1.7633329629898071,1.6833330392837524,1.7633329629898071,7500.0,38.76500888243491,39.914532040329235,35.90918434706451,37.89737421656125,54.26599742624455,4.74,56.0,-0.25,1.59
EZPW,2003-08-18,1.7633329629898071,1.7633329629898071,1.7066669464111328,1.7599999904632568,265200.0,38.75945173118636,39.79012292912519,35.88604022716174,37.871118699719624,54.262049465526765,4.32,56.0,-0.29,1.62
EZPW,2003-08-19,1.7300000190734863,1.7633329629898071,1.7300000190734863,1.7599999904632568,28800.0,34.34745164188792,39.62640909403429,35.66566215920428,37.403551461300715,54.248794565039525,4.08,50.0,-0.34,1.74
EZPW,2003-08-20,1.7633329629898071,1.7633329629898071,1.7466670274734497,1.75,234300.0,34.096542735347754,39.492854875634194,35.56986814922091,37.25991534388423,54.25449129098099,3.83,44.0,-0.41,1.78
EZPW,2003-08-21,1.75,1.7633329629898071,1.7466670274734497,1.75,150000.0,34.096542735347754,39.492854875634194,35.35110388097188,37.19637872671719,54.25210350012909,3.54,33.0,-0.48,1.91
EZPW,2003-08-22,1.7433329820632937,1.7566670179367063,1.7166670560836792,1.7166670560836792,68400.0,34.907026024410804,39.81421026545869,35.5405537725572,37.28652543904057,54.2940754904722,3.23,45.0,-0.57,1.84
EZPW,2003-08-25,1.7100000381469729,1.75,1.6833330392837524,1.75,62700.0,35.08610624700374,39.87833688466294,34.75956403397781,37.27037659050434,54.2415689114266,2.87,27.0,-0.63,1.97
EZPW,2003-08-26,1.75,1.7599999904632568,1.703333020210266,1.7599999904632568,33900.0,34.6460976079046,39.859840441799946,34.75195834086563,37.241336822690194,54.242106525325326,2.5,27.0,-0.69,1.97
EZPW,2003-08-27,1.7233330011367798,1.7233330011367798,1.6666669845581057,1.696666955947876,39000.0,36.76595395216646,40.61470872167439,35.359768746034256,37.409539110646776,54.374501024138446,2.21,36.0,-0.77,1.79
EZPW,2003-08-28,1.7000000476837158,1.7233330011367798,1.7000000476837158,1.7166670560836792,24000.0,36.73805166164313,40.389349291885296,35.27914078223477,37.255584796782294,54.308541951853115,1.89,32.0,-0.83,1.84
EZPW,2003-08-29,1.703333020210266,1.7100000381469729,1.6733330488204956,1.6733330488204956,36000.0,37.838857960028776,40.705078393798495,35.369833183105634,37.16809873633679,54.36562209908281,1.86,39.0,-0.9,1.81
EZPW,2003-09-02,1.6666669845581057,1.7333329916000366,1.6633330583572388,1.6766669750213623,95400.0,37.78866941800709,40.56707166774836,35.3652350355407,37.16668858171198,54.29363923356051,1.83,38.0,-0.96,1.81
EZPW,2003-09-03,1.6666669845581057,1.7166670560836792,1.6666669845581057,1.7066669464111328,448800.0,37.27836610690511,40.47506435353194,35.388821414569485,37.20661507241128,54.29489491998717,1.81,41.0,-1.01,1.8
EZPW,2003-09-04,1.7200000286102295,1.7233330011367798,1.7000000476837158,1.703333020210266,173700.0,37.31095523177091,40.498913704166995,35.33940099864141,36.86324450703849,53.49753452329771,1.79,35.0,-1.07,1.82
EZPW,2003-09-05,1.7766669988632202,1.899999976158142,1.7666670083999634,1.8733329772949217,620700.0,45.16457653507008,41.628403230409305,38.113041285398694,38.149580319260465,54.27287347629556,1.79,93.0,-1.03,2.53
EZPW,2003-09-08,1.8733329772949217,2.016666889190674,1.7999999523162842,1.9900000095367432,1036200.0,47.57291434344174,43.032517428959935,39.10173995525905,38.721388331118526,54.482983946017946,1.81,100.0,-0.8,2.16
EZPW,2003-09-09,2.0,2.016666889190674,1.950000047683716,1.976667046546936,285000.0,47.4613953529635,42.88865970301289,39.10380599529885,38.73781173575948,54.45359471588059,1.83,100.0,-0.7,2.19
EZPW,2003-09-10,1.9666670560836792,2.0333330631256104,1.9666670560836792,1.9933329820632928,365400.0,47.4567979073158,42.8845427042457,38.883185378061654,38.71655319849474,54.239450713974776,1.84,98.0,-0.61,2.25
EZPW,2003-09-11,2.006666898727417,2.006666898727417,1.97333300113678,1.9900000095367432,45600.0,46.90445524986056,42.82991950363913,38.716790036037686,38.65812417469397,53.761278126217086,1.85,96.0,-0.58,2.38
EZPW,2003-09-12,2.0299999713897705,2.0299999713897705,1.9266669750213623,1.9333330392837524,104400.0,42.653662242838145,42.896957196711476,39.02524511195602,38.844339280574594,53.8557561198578,1.86,98.0,-0.63,2.32
EZPW,2003-09-15,1.9266669750213623,1.9299999475479128,1.8899999856948853,1.896667003631592,56400.0,42.78025276614715,43.04677619492953,39.109860490983635,38.93437675239322,53.82349295857614,1.87,100.0,-0.7,2.35
EZPW,2003-09-16,1.953333020210266,1.9800000190734863,1.9166669845581048,1.9666670560836792,133500.0,43.27703830749237,43.39658658197107,39.015155097509236,38.66799716865227,53.92733000352264,1.87,96.0,-0.73,2.28
EZPW,2003-09-17,1.963333010673523,2.103332996368408,1.963333010673523,2.0899999141693115,640800.0,45.547797304860936,44.358928880276224,39.8320738493694,39.26170110493491,54.14986983431203,1.9,100.0,-0.63,1.98
EZPW,2003-09-18,2.0833330154418945,2.1166670322418213,2.049999952316284,2.1166670322418213,92100.0,45.125305236067135,43.09071748773084,39.82380075909281,39.14559587432079,53.67465841665492,1.94,99.0,-0.54,1.98
EZPW,2003-09-19,2.096667051315308,2.096667051315308,2.049999952316284,2.0833330154418945,54000.0,45.309359560821186,43.209371137612266,39.84380047930585,39.091110908059626,53.48282643712944,1.97,100.0,-0.55,1.98
EZPW,2003-09-22,2.0999999046325684,2.0999999046325684,2.0333330631256104,2.049999952316284,45600.0,45.72104581514829,43.03876617827246,39.9870413193498,39.14610531423383,53.516157831999365,2.0,100.0,-0.59,1.94
EZPW,2003-09-23,2.0366671085357666,2.2699999809265137,2.0333330631256104,2.203332901000977,508500.0,48.86810926776333,44.98940720023511,41.234986863500176,38.79236542401574,53.674768772906255,2.07,100.0,-0.48,1.73
EZPW,2003-09-24,2.2166669368743896,2.259999990463257,2.1700000762939453,2.1700000762939453,300000.0,49.15684486446076,45.19831271069837,41.33976929250684,38.3666244496978,53.38622505513546,2.13,100.0,-0.48,1.73
EZPW,2003-09-25,2.2133328914642334,2.2133328914642334,2.146667003631592,2.166666984558105,123300.0,49.08112770085022,44.28834738011341,40.97482994272785,38.15581857174457,53.221786151134765,2.18,98.0,-0.5,1.93
EZPW,2003-09-26,2.196666955947876,2.2266669273376465,1.950000047683716,2.0199999809265137,78000.0,53.45614151051051,46.71169073762695,42.685703535759494,39.13315681695731,53.72930068385322,2.28,100.0,-0.59,1.91
EZPW,2003-09-29,2.059999942779541,2.1333329677581787,1.9666670560836792,1.9866670370101929,99000.0,53.650203352525935,46.41866523720141,42.791156283122874,39.20078269239522,53.765636375376744,2.38,100.0,-0.67,1.88
EZPW,2003-09-30,2.059999942779541,2.059999942779541,1.9700000286102293,2.0266671180725098,115500.0,53.815475496951805,46.499886373056704,42.8302141859668,39.2460607840947,53.790159921170876,2.47,100.0,-0.75,1.84
EZPW,2003-10-01,2.0366671085357666,2.0366671085357666,1.950000047683716,1.97333300113678,62400.0,54.567787443331525,45.2874866567169,43.11508847679246,39.34971535518622,53.862682377415474,2.57,100.0,-0.82,1.76
EZPW,2003-10-02,1.9366669654846191,2.0,1.9366669654846191,1.9966670274734497,255900.0,54.53787576157728,45.159156487665584,43.12903142867767,39.34021641407021,53.86818649205185,2.67,100.0,-0.88,1.74
EZPW,2003-10-03,1.9966670274734497,2.053333044052124,1.9966670274734497,2.0466670989990234,68100.0,54.83495408861807,45.30498185766814,43.23963047709735,39.422558296024846,53.76509980253903,2.77,100.0,-0.94,1.67
EZPW,2003-10-06,2.00333309173584,2.049999952316284,2.00333309173584,2.039999961853028,70800.0,54.409880590614954,45.32937892091111,43.12895324689482,38.82389499359562,53.69442416204808,2.86,98.0,-0.99,1.7
EZPW,2003-10-07,2.043333053588867,2.043333053588867,2.016666889190674,2.0266671180725098,11400.0,54.368076537276956,45.40004189294699,43.14663023678447,38.60915682916604,53.702981687334336,2.94,99.0,-1.04,1.71
EZPW,2003-10-08,2.016666889190674,2.043333053588867,2.009999990463257,2.009999990463257,26400.0,54.500409803724445,45.30586740259423,43.09876370556759,38.625959090760695,53.71502405355467,3.03,95.0,-1.08,1.73
EZPW,2003-10-09,2.006666898727417,2.0299999713897705,2.0,2.023333072662353,24900.0,53.09121737148993,45.27760893790458,43.09247079343209,38.6284783321518,50.36583262239397,3.1,94.0,-1.12,1.72
EZPW,2003-10-10,2.0199999809265137,2.049999952316284,2.016666889190674,2.023333072662353,80700.0,53.08766041528664,45.26288436831754,43.09247079343209,38.48397274621293,47.553260996055954,3.18,93.5,-1.15,1.72
EZPW,2003-10-13,2.0199999809265137,2.023333072662353,1.9900000095367432,2.009999990463257,77100.0,52.4042533163334,45.32770581475137,43.03007317771123,38.499280424509465,47.56306545324625,3.25,92.0,-1.19,1.74
EZPW,2003-10-14,2.016666889190674,2.1533329486846924,2.016666889190674,2.1333329677581787,325800.0,54.61957593005772,46.62783747583039,43.81166184536476,39.06940973028436,47.88817137803368,3.33,100.0,-1.21,1.49
EZPW,2003-10-15,2.1600000858306885,2.236666917800904,2.1433329582214355,2.200000047683716,127200.0,54.95057810942031,46.58879228125754,43.88995263404044,39.20166290695,47.955624436834846,3.41,100.0,-1.21,1.46
EZPW,2003-10-16,2.240000009536743,2.24666690826416,2.0999999046325684,2.190000057220459,139800.0,54.998571703293905,46.62877026015093,43.81161567168599,39.21113341091093,47.934180626773845,3.48,98.0,-1.22,1.48
EZPW,2003-10-17,2.1766669750213623,2.1766669750213623,2.0133330821990967,2.163332939147949,38700.0,48.72779259267004,46.676279659810405,43.89654059949147,39.25329609049947,47.91805680405691,3.55,100.0,-1.24,1.46
EZPW,2003-10-20,2.1166670322418213,2.1333329677581787,2.0833330154418945,2.1333329677581787,19500.0,46.045218744853656,46.824455079251976,43.999000913673,39.30521885866862,47.94470522274861,3.62,100.0,-1.27,1.43
EZPW,2003-10-21,2.130000114440918,2.200000047683716,2.130000114440918,2.200000047683716,73500.0,46.68339028449165,46.86299663827967,44.162436028930344,39.20927915485567,48.018318307495136,3.67,100.0,-1.28,1.36
EZPW,2003-10-22,2.130000114440918,2.180000066757202,2.130000114440918,2.180000066757202,47400.0,46.80214298161476,46.968059423673466,44.216661882255956,39.236847807019345,48.03466501461532,3.71,100.0,-1.3,1.35
EZPW,2003-10-23,2.166666984558105,2.19333291053772,2.0999999046325684,2.1333329677581787,120000.0,47.32955628393349,47.06125673470958,44.32419648062728,38.88015942274524,48.10135319147579,3.73,100.0,-1.33,1.32
EZPW,2003-10-24,2.119999885559082,2.1433329582214355,2.119999885559082,2.140000104904175,17700.0,46.3955336494343,44.22306789857128,44.19249313469035,38.864935987019436,47.9876997480523,3.76,98.0,-1.36,1.39
EZPW,2003-10-27,2.200000047683716,2.2799999713897705,2.173332929611206,2.173332929611206,207000.0,46.01759316374623,44.05849414798002,44.117497809741515,38.88351563147807,47.41531333717013,3.77,96.0,-1.38,1.39
EZPW,2003-10-28,2.2100000381469727,2.2166669368743896,2.166666984558105,2.2133328914642334,195000.0,45.228827181082835,43.91560600311555,44.09171442412925,38.92002704213986,47.41893732987904,3.79,95.0,-1.4,1.4
EZPW,2003-10-29,2.273333072662353,2.273333072662353,2.2300000190734863,2.273333072662353,159900.0,42.500601183085166,43.91234609539857,44.11209976011718,39.01523215779676,47.05623211268234,3.8,95.0,-1.4,1.36
EZPW,2003-10-30,2.299999952316284,2.3499999046325684,2.220000028610229,2.3499999046325684,156000.0,43.32128380719805,44.10464199276793,44.318106045116856,38.97452129481298,46.83593003747026,3.81,99.0,-1.38,1.26
EZPW,2003-10-31,2.3833329677581787,2.416666984558105,2.236666917800904,2.3333330154418945,125400.0,43.05477470831765,43.940805761544155,42.66836974676855,38.69749083855973,44.15678292019701,3.83,75.0,-1.35,1.38
EZPW,2003-11-03,2.369999885559082,2.50333309173584,2.3666670322418213,2.5,204600.0,46.56033899648915,45.749942393062064,43.791305423879614,39.456210012129404,44.62288589197432,3.84,87.0,-1.21,1.17
EZPW,2003-11-04,2.4766669273376465,2.506666898727417,2.44333291053772,2.44333291053772,63900.0,42.94808318321166,45.75308073555271,43.90697696071884,39.57844662628857,44.68131453103671,3.85,91.0,-1.16,1.14
EZPW,2003-11-05,2.493333101272583,2.493333101272583,2.44333291053772,2.4600000381469727,23100.0,42.58815909039219,45.64409355746451,43.90268101412058,39.576158466141166,44.559759328440514,3.85,90.0,-1.12,1.15
EZPW,2003-11-06,2.5,2.5,2.4633328914642334,2.4733328819274902,27300.0,42.55467613718555,45.58535100010404,43.84814852284732,39.51491236677164,44.523663770152325,3.86,87.0,-1.08,1.18
EZPW,2003-11-07,2.4666669368743896,2.50333309173584,2.4633328914642334,2.4633328914642334,102900.0,36.361090658653836,45.34055933802234,43.56604419266327,39.52395974856097,44.016515656889865,3.86,83.0,-1.06,1.3
EZPW,2003-11-10,2.470000028610229,2.483333110809326,2.400000095367432,2.456666946411133,77700.0,35.80692027605152,45.28963526729738,43.49748102947855,39.53219102386871,42.90456184171245,3.85,82.0,-1.06,1.32
EZPW,2003-11-11,2.4100000858306885,2.5733330249786377,2.4100000858306885,2.543333053588867,209700.0,36.51436669982544,45.65222028514946,43.672450699986854,39.678483542661766,42.8672467790724,3.85,83.0,-1.01,1.25
EZPW,2003-11-12,2.549999952316284,2.5733330249786377,2.369999885559082,2.440000057220459,152100.0,37.9451861761624,46.67035227222606,44.02706029202098,39.966415581917175,39.83650180980661,3.85,92.0,-1.03,1.2
EZPW,2003-11-13,2.4100000858306885,2.483333110809326,2.233333110809326,2.289999961853028,287400.0,43.05486588320916,48.71502731668611,44.68753447225583,40.74009448512641,40.12173219879359,3.87,100.0,-1.05,1.24
EZPW,2003-11-14,2.2699999809265137,2.363332986831665,2.2699999809265137,2.3399999141693115,144600.0,42.93673126656217,48.83111344464554,44.65623594980948,40.79225464708957,40.13367971896603,3.89,99.0,-1.08,1.25
EZPW,2003-11-17,2.299999952316284,2.3333330154418945,2.059999942779541,2.240000009536743,224700.0,45.11119180569793,49.59677553483674,45.05608785571132,41.159049242992126,40.22790790316048,3.92,100.0,-1.09,1.23
EZPW,2003-11-18,2.196666955947876,2.266666889190674,2.196666955947876,2.25,246300.0,45.01877614766468,49.50084661369259,44.9564687099303,40.13812648547114,40.216320977977446,3.94,99.0,-1.09,1.28
EZPW,2003-11-19,2.233333110809326,2.326667070388794,2.233333110809326,2.303333044052124,125400.0,45.236701788837905,49.65703525055283,45.051907449671596,39.8273352017518,40.26683545442597,3.95,99.0,-1.1,1.23
EZPW,2003-11-20,2.326667070388794,2.433332920074463,2.309999942779541,2.4266669750213623,111300.0,47.29730483484516,49.85011782155932,45.16658224540034,40.218711596057155,40.518051613456834,3.97,100.0,-1.11,1.15
EZPW,2003-11-21,2.433332920074463,2.49666690826416,2.4200000762939453,2.450000047683716,255300.0,47.272088423521716,49.841464652276024,44.9585251084543,40.161730130056775,40.52276222150511,3.98,97.0,-1.11,1.23
EZPW,2003-11-24,2.490000009536743,2.5733330249786377,2.3833329677581787,2.4600000381469727,338700.0,47.11814260714037,49.40975860547831,44.642089862943756,40.15850651768736,40.51733729725938,3.99,93.0,-1.1,1.36
EZPW,2003-11-25,2.4666669368743896,2.4666669368743896,2.4200000762939453,2.44333291053772,270600.0,44.507027623770085,49.47621423063979,44.66669057084728,40.1768196290559,40.51053223668449,3.99,94.0,-1.1,1.35
EZPW,2003-11-26,2.4666669368743896,2.4666669368743896,2.390000104904175,2.4033329486846924,168000.0,44.19225014362441,49.63489092325365,43.76379868665117,40.234172206469374,40.539830642555266,4.0,73.0,-1.1,1.47
EZPW,2003-11-28,2.4100000858306885,2.4666669368743896,2.4100000858306885,2.4633328914642334,162300.0,44.5707990832316,49.758971789725095,43.783832793152264,40.2971389375569,40.57799308318529,4.0,73.0,-1.1,1.43
EZPW,2003-12-01,2.5,2.5,2.44333291053772,2.5,357300.0,44.40667940690477,46.220583612673835,43.79811926595871,40.30693865033202,40.27573158622377,4.0,74.0,-1.1,1.41
EZPW,2003-12-02,2.5,2.6566669940948486,2.4666669368743896,2.6166670322418213,500700.0,45.55855234782554,45.554628670079005,44.24066271427349,40.23445303237478,40.396991332099105,3.99,89.0,-1.07,1.25
EZPW,2003-12-03,2.6433329582214355,2.650000095367432,2.516666889190674,2.563333034515381,174300.0,45.642895188974,45.78947669969883,44.441967630217164,40.342536612879954,40.42313547124646,3.99,91.0,-1.06,1.2
EZPW,2003-12-04,2.569999933242798,2.569999933242798,2.4666669368743896,2.50333309173584,187200.0,46.22821351590561,46.1385358964522,44.57569888055191,40.47821847544312,40.51326007286776,3.99,91.0,-1.06,1.2
EZPW,2003-12-05,2.50333309173584,2.5799999237060547,2.5,2.549999952316284,209400.0,45.70784759326714,46.22113859158714,44.60557980390652,40.49194979750177,40.493767046659094,3.99,91.0,-1.06,1.17
EZPW,2003-12-08,2.596667051315308,2.596667051315308,2.4766669273376465,2.5466670989990234,266400.0,45.74964259525141,45.72244110184878,44.601313325309874,40.49436940327171,40.47473634444107,3.98,90.0,-1.06,1.17
EZPW,2003-12-09,2.549999952316284,2.559999942779541,2.4733328819274902,2.516666889190674,647400.0,45.93294354128178,45.58486411793515,44.68509438422663,40.47270045868939,40.416003107559234,3.97,94.0,-1.06,1.15
EZPW,2003-12-10,2.5,2.596667051315308,2.483333110809326,2.559999942779541,120000.0,45.9047401986343,45.18610875679481,44.70439441645642,40.47990530063757,40.33275509364195,3.96,95.0,-1.07,1.13
EZPW,2003-12-11,2.486666917800904,2.566667079925537,2.483333110809326,2.549999952316284,233100.0,45.492090458442426,43.654820585741,44.560825436690294,40.381488661336654,40.17424591323725,3.95,86.0,-1.09,1.17
EZPW,2003-12-12,2.50333309173584,2.5899999141693115,2.50333309173584,2.559999942779541,240900.0,44.63460902089245,43.61146011762247,44.55201466241846,40.316094338033565,40.17251904589311,3.94,85.0,-1.13,1.17
EZPW,2003-12-15,2.609999895095825,2.6166670322418213,2.483333110809326,2.5799999237060547,207300.0,44.554212086722806,43.439393380071714,44.466350631489846,40.20983605330165,40.17280190753062,3.92,84.0,-1.16,1.21
EZPW,2003-12-16,2.5799999237060547,2.5999999046325684,2.509999990463257,2.569999933242798,187800.0,39.99749798463468,43.2744591808603,44.46206689642786,40.21856428276099,39.959471374601456,3.9,83.0,-1.18,1.23
EZPW,2003-12-17,2.5333330631256104,2.6333329677581787,2.5333330631256104,2.603332996368408,52500.0,39.485516300066195,40.91594220261354,44.319382407426154,39.80682475838154,39.76790089232486,3.85,80.0,-1.19,1.29
EZPW,2003-12-18,2.569999933242798,2.756666898727417,2.569999933242798,2.736666917800904,290400.0,41.84056071356831,41.859746004753326,44.87987550818162,40.15943127510994,40.01822787039775,3.78,95.0,-1.17,1.11
EZPW,2003-12-19,2.7166669368743896,2.75,2.666666984558105,2.666666984558105,121800.0,42.69579401837424,42.28998170452974,45.009272418536256,40.32212397280274,40.125875095287554,3.71,97.0,-1.19,1.08
EZPW,2003-12-22,2.7266669273376465,3.0,2.700000047683716,2.8666670322418213,553200.0,47.17843335959831,41.77867316978778,44.56746431123079,41.06078258284796,40.69437283667814,3.68,84.0,-1.08,0.98
EZPW,2003-12-23,2.940000057220459,2.940000057220459,2.826667070388794,2.843333005905152,234600.0,47.28301911617944,41.61988833154646,44.4817203534492,40.973584502131864,40.667171134536616,3.64,81.0,-1.01,1.01
EZPW,2003-12-24,2.9033329486846924,2.9033329486846924,2.799999952316284,2.836667060852051,181800.0,46.466000678417956,41.55114407337556,44.372381552204814,40.97878023703168,40.67006721011812,3.61,77.0,-0.97,1.06
EZPW,2003-12-26,2.843333005905152,2.843333005905152,2.799999952316284,2.8233330249786377,238200.0,44.54615554252719,41.06353833729665,44.26553247094049,40.97908403890354,40.678951680685294,3.57,73.0,-0.95,1.09
EZPW,2003-12-29,2.836667060852051,2.9200000762939453,2.766666889190674,2.9200000762939453,88200.0,40.29444011370103,41.43917087870639,44.39351787558987,41.082474060855475,40.48046295093643,3.53,77.0,-0.9,1.02
EZPW,2003-12-30,2.953332901000977,2.986666917800904,2.733333110809326,2.846667051315308,141600.0,41.22050949266637,41.76201030710134,44.520328249818284,41.21641070616449,40.57998414666502,3.5,81.0,-0.89,1.02
EZPW,2003-12-31,2.8833329677581787,2.913332939147949,2.8333330154418945,2.836667060852051,54300.0,38.52512742830699,41.76433895002861,44.496865038333766,41.22470260560932,40.494350285623085,3.45,80.0,-0.89,1.05
EZPW,2004-01-02,2.896667003631592,3.0,2.799999952316284,2.859999895095825,209700.0,38.51154396230504,41.69187107068032,44.24077025640463,41.19967762866749,40.414584321857866,3.4,69.0,-0.89,1.15
EZPW,2004-01-05,2.8933329582214355,2.993333101272583,2.8333330154418945,2.936666965484619,140700.0,38.626742192335016,41.80083384334001,44.30042115235174,41.16333946852589,40.47144603962827,3.35,70.0,-0.87,1.12
EZPW,2004-01-06,2.880000114440918,2.916666984558105,2.876667022705078,2.8833329677581787,115200.0,37.007981572433316,42.104755130721266,44.42384177326483,41.15926467938414,39.69644055168363,3.3,75.0,-0.87,1.09
EZPW,2004-01-07,2.9033329486846924,3.126667022705078,2.896667003631592,3.049999952316284,327300.0,39.789046360511406,43.325529997012254,44.992225726718566,41.564988868678284,39.70602446793301,3.25,96.0,-0.8,0.93
EZPW,2004-01-08,3.0999999046325684,3.0999999046325684,3.006666898727417,3.039999961853028,230400.0,39.89791165693067,43.28675488531458,44.96258084040822,41.527404771381526,39.560696925262654,3.2,95.0,-0.76,0.96
EZPW,2004-01-09,3.00333309173584,3.0799999237060547,3.00333309173584,3.076667070388794,429300.0,39.70207807434479,41.890553682536,44.95890913717773,41.31351714593796,39.56733495303098,3.14,94.0,-0.71,0.95
EZPW,2004-01-12,3.113332986831665,3.183332920074463,3.039999961853028,3.086667060852051,228300.0,39.06393524119781,41.57685456254194,44.951598093747656,41.22667307786719,39.56550648048245,3.08,91.0,-0.69,0.95
EZPW,2004-01-13,3.1433329582214355,3.2833330631256104,3.109999895095825,3.183332920074463,251400.0,39.32832995235444,41.837879638944905,45.091419870138324,41.322505816483826,39.65154776386789,3.01,99.0,-0.61,0.88
EZPW,2004-01-14,3.2133328914642334,3.256666898727417,3.146667003631592,3.256666898727417,130800.0,39.50636918013365,41.792667735930394,45.1593917948332,41.303679543379744,39.65282993541101,2.93,99.0,-0.52,0.85
EZPW,2004-01-15,3.166666984558105,3.3333330154418945,3.166666984558105,3.2966670989990234,205800.0,37.95870876007531,41.58044416665564,44.98397317103521,41.304873500003154,39.64776402423713,2.85,93.0,-0.43,0.88
EZPW,2004-01-16,3.326667070388794,3.4666669368743896,3.233333110809326,3.446666955947876,500400.0,38.42758361337288,42.004939558381835,45.342972346544194,41.49112923591614,39.85048237815631,2.75,100.0,-0.24,0.77
EZPW,2004-01-20,3.433332920074463,3.483333110809326,3.293333053588867,3.3666670322418213,503700.0,38.41238240326177,42.34897812938822,45.59660281430978,41.61646422209556,39.53850120627862,2.63,100.0,-0.21,0.72
EZPW,2004-01-21,3.483333110809326,3.509999990463257,3.3499999046325684,3.470000028610229,528000.0,38.790405585238084,42.17180453180915,45.220617126405784,41.5094747242057,39.452508509034445,2.53,98.0,-0.12,0.75
EZPW,2004-01-22,3.4633328914642334,3.606667041778565,3.423332929611206,3.440000057220459,403200.0,39.03976407929383,42.300608201971215,45.28413746003189,41.53992484464738,39.46742538107711,2.41,98.0,-0.12,0.75
EZPW,2004-01-23,3.4200000762939453,3.516666889190674,3.3666670322418213,3.436666965484619,188700.0,38.63529778481793,42.30941230515208,45.00199594658395,41.527171981160826,39.470551749026846,2.29,90.0,-0.14,0.81
EZPW,2004-01-26,3.516666889190674,3.516666889190674,3.380000114440918,3.433332920074463,266400.0,38.71775884383582,42.28698634996166,45.01316935306273,41.514275384889494,39.36284482976758,2.15,91.0,-0.19,0.81
EZPW,2004-01-27,3.4633328914642334,3.486666917800904,3.433332920074463,3.450000047683716,148800.0,38.531280543678356,42.09493699261265,44.9826438461399,41.50901103931895,39.36054710875813,2.0,86.0,-0.25,0.82
EZPW,2004-01-28,3.493333101272583,3.493333101272583,3.0799999237060547,3.2133328914642334,592200.0,45.13534118895109,44.66398076475374,46.64163144330883,42.488598513367705,40.06953316984659,1.85,100.0,-0.36,0.84
EZPW,2004-01-29,3.220000028610229,3.376667022705078,3.203332901000977,3.233333110809326,263100.0,45.13703238876706,44.59025305447077,44.415950790215184,42.48418755353747,40.068086730166826,1.76,59.0,-0.45,0.64
EZPW,2004-01-30,3.2966670989990234,3.3333330154418945,3.266666889190674,3.2833330631256104,164400.0,45.05872086254852,42.636910503077054,43.56451652938888,42.424540515975295,40.081916197058746,1.7,28.0,-0.55,0.78
EZPW,2004-02-02,3.3333330154418945,3.3333330154418945,3.166666984558105,3.2799999713897705,144300.0,45.11225460045622,42.26881182850361,43.534813179846985,42.42068676608396,40.08308946108134,1.64,27.0,-0.63,0.79
EZPW,2004-02-03,3.313333034515381,3.326667070388794,3.086667060852051,3.256666898727417,176400.0,43.470965603367006,42.33864084838348,43.57438232123666,42.38801878362919,40.09677993939211,1.57,29.0,-0.71,0.77
EZPW,2004-02-04,3.093333005905152,3.266666889190674,3.0833330154418945,3.166666984558105,115800.0,43.60901634991828,42.86507420083289,43.87545670139327,42.56754638170619,40.068861043652326,1.48,37.0,-0.78,0.69
EZPW,2004-02-05,3.200000047683716,3.2133328914642334,3.150000095367432,3.196666955947876,89400.0,38.808934970576175,42.844356628857916,43.550419094990886,42.56583022016808,40.07265736680133,1.4,25.0,-0.85,0.78
EZPW,2004-02-06,3.166666984558105,3.3333330154418945,3.166666984558105,3.299999952316284,69000.0,39.47665982868943,43.184458456891015,43.581676425391954,42.62118180270347,39.83426390201161,1.31,28.0,-0.91,0.77
EZPW,2004-02-09,3.353332996368408,3.3666670322418213,3.166666984558105,3.303333044052124,292500.0,39.434598112289855,42.74269063551536,43.307873195994354,42.57911376732998,39.82309808146014,1.22,21.0,-0.97,0.85
EZPW,2004-02-10,3.2699999809265137,3.3499999046325684,3.25,3.316667079925537,138000.0,39.32729236164622,41.662177636710325,42.37910529382807,42.51932272580828,39.816775928863585,1.16,7.0,-1.03,1.0
EZPW,2004-02-11,3.3233330249786377,3.363332986831665,3.2699999809265137,3.3399999141693115,146700.0,38.40872618146307,39.135368410500085,42.36121070398405,42.45886880882293,39.81551753268685,1.09,6.0,-1.08,1.01
EZPW,2004-02-12,3.3333330154418945,3.380000114440918,3.3333330154418945,3.3666670322418213,128100.0,37.35356035577283,39.0070839479785,42.23731648033872,42.45450156567473,39.81695848845197,1.02,5.0,-1.12,1.05
EZPW,2004-02-13,3.5333330631256104,3.833333015441896,3.453332901000977,3.683332920074463,1113000.0,44.50125612343997,41.2717722842582,44.207482747116444,43.60283873806208,40.59935797762682,0.94,48.0,-1.08,1.23
EZPW,2004-02-17,3.816667079925537,3.94333291053772,3.686666965484619,3.759999990463257,838500.0,44.6339235492359,41.34029394304742,42.980954055102885,43.627519477199414,40.419415352386814,0.9,10.0,-1.02,1.37
EZPW,2004-02-18,3.75333309173584,3.866667032241821,3.75333309173584,3.793333053588867,519300.0,44.33041546656273,41.2241232955199,42.857131433257855,43.6223805281372,40.42113210349559,0.86,9.0,-0.97,1.41
EZPW,2004-02-19,3.766666889190674,3.866667032241821,3.75,3.7833330631256095,412800.0,43.7335475662521,40.25296320966702,42.86215241287962,43.571410377513345,40.420691610297006,0.81,9.0,-0.95,1.41
EZPW,2004-02-20,3.8233330249786377,3.8233330249786377,3.5899999141693115,3.743333101272583,245100.0,41.71647131837602,40.41899718690148,41.19718752166265,43.54704976034206,40.44779788927945,0.85,1.0,-0.95,1.4
EZPW,2004-02-23,3.673332929611206,3.740000009536743,3.6566669940948486,3.703332901000977,225300.0,41.9290614203818,40.579574471232526,41.12466830560562,43.53129145977503,40.43223001647885,0.89,1.0,-0.98,1.43
EZPW,2004-02-24,3.700000047683716,3.759999990463257,3.5899999141693115,3.740000009536743,525600.0,41.90967061329537,40.48430591384399,41.070242236767996,43.495654869633185,40.43288053150454,0.94,1.0,-1.0,1.46
EZPW,2004-02-25,3.670000076293945,3.766666889190674,3.596667051315308,3.743333101272583,200700.0,41.93114657729502,40.207152932056836,40.74176890914597,43.439075299429575,40.434265061528606,0.99,1.0,-1.02,1.56
EZPW,2004-02-26,3.670000076293945,3.9633328914642334,3.670000076293945,3.869999885559082,171900.0,42.060395366062856,40.40363494725848,40.95644227897151,43.55564236671784,40.52395942246062,1.03,2.0,-1.02,1.47
EZPW,2004-02-27,3.853332996368408,3.9666669368743896,3.833333015441896,3.833333015441896,178200.0,42.01665325825212,40.52413316262385,40.931734107503374,42.65046038635906,40.4892344226806,1.08,2.0,-1.04,1.49
EZPW,2004-03-01,3.9700000286102295,3.9700000286102295,3.846667051315308,3.913332939147949,251400.0,42.20587998032138,39.82858455581893,40.96594654671138,42.65747281659584,40.509010608585385,1.11,4.0,-1.03,1.47
EZPW,2004-03-02,3.900000095367432,3.9666669368743896,3.616667032241821,3.799999952316284,366000.0,41.73639790861981,40.12577038805766,41.31026405287664,42.79067165190968,40.650347142012464,1.14,8.0,-1.07,1.37
EZPW,2004-03-03,3.863332986831665,3.863332986831665,3.680000066757202,3.8233330249786377,174900.0,40.9631668377646,39.62798759378329,41.24441330133198,42.787814778394626,40.63942755334543,1.17,8.0,-1.1,1.39
EZPW,2004-03-04,3.829999923706055,3.833333015441896,3.74666690826416,3.766666889190674,142200.0,40.562421458013944,39.807978931421,41.383552154502354,42.82581941092054,39.9336910100801,1.2,10.0,-1.14,1.34
EZPW,2004-03-05,3.816667079925537,3.833333015441896,3.733333110809326,3.756666898727417,150300.0,40.452491958020396,39.82025560856154,41.39586355821795,42.65923020244608,39.680135455429294,1.22,11.0,-1.18,1.34
EZPW,2004-03-08,3.733333110809326,3.793333053588867,3.636667013168335,3.6566669940948486,216000.0,41.36285587341158,40.23626242000157,41.68146642253932,42.78292217975276,39.79268553133532,1.24,12.0,-1.23,1.25
EZPW,2004-03-09,3.616667032241821,3.6566669940948486,3.3833329677581787,3.5,519900.0,43.445458972002776,41.450510381639404,41.528881476858494,43.133219511535074,40.04030311348885,1.26,12.0,-1.26,1.3
EZPW,2004-03-10,3.4800000190734863,3.5266671180725098,3.400000095367432,3.416666984558105,503400.0,44.00827176959876,41.844833599920385,41.57389726628414,43.114815372406774,40.13972934427649,1.28,13.0,-1.27,1.31
EZPW,2004-03-11,3.3233330249786377,3.470000028610229,3.25,3.416666984558105,425700.0,38.564771394414116,41.85636411215317,41.55519638035504,42.72333746154062,40.13972934427649,1.3,13.0,-1.29,1.32
EZPW,2004-03-12,3.3499999046325684,3.5366671085357666,3.3499999046325684,3.5,139800.0,39.07772542086236,42.038983643280154,41.58398880964313,42.71957471354154,40.174682379438714,1.32,15.0,-1.31,1.29
EZPW,2004-03-15,3.5333330631256104,3.5333330631256104,3.416666984558105,3.430000066757202,114900.0,39.4300938189047,42.31974692185217,41.667391663795655,42.66781622039606,40.24375505641537,1.34,16.0,-1.32,1.27
EZPW,2004-03-16,3.3066670894622803,3.416666984558105,3.1066670417785645,3.173332929611206,794700.0,45.63638796164896,45.537427351961426,43.466033400735924,43.718065691974424,41.06660616783303,1.34,26.0,-1.31,1.44
EZPW,2004-03-17,3.166666984558105,3.236666917800904,2.953332901000977,3.150000095367432,812700.0,45.63920913579185,44.533643604090365,43.453789592473605,43.737122804983365,40.83018277206598,1.34,26.0,-1.3,1.44
EZPW,2004-03-18,3.0833330154418945,3.266666889190674,2.9666669368743896,3.180000066757202,388500.0,45.00732243680428,44.16364228239476,43.27264569367282,43.45755464738453,40.83151027546087,1.34,25.0,-1.3,1.5
EZPW,2004-03-19,3.150000095367432,3.2266669273376465,3.0833330154418945,3.2166669368743896,273900.0,45.04767456049805,41.77634941871492,43.28863772306427,43.33498441176566,40.83579736529651,1.34,26.0,-1.3,1.5
EZPW,2004-03-22,3.243333101272583,3.25,3.0,3.066667079925537,236400.0,46.08737528449086,42.95567714716985,44.02239741762418,43.581870927597336,41.15298786886994,1.34,46.0,-1.29,1.33
EZPW,2004-03-23,3.1166670322418213,3.2100000381469727,3.039999961853028,3.066667079925537,243000.0,46.08172947983486,42.94995095915922,43.96154401429425,43.57821233130272,41.15298786886994,1.34,46.0,-1.28,1.35
EZPW,2004-03-24,3.043333053588867,3.096667051315308,3.0199999809265137,3.093333005905152,218400.0,46.15799868391485,42.95742628821703,43.80906439100525,43.013717054205344,41.10964861996682,1.34,42.0,-1.26,1.41
EZPW,2004-03-25,3.0899999141693115,3.186666965484619,3.039999961853028,3.166666984558105,109500.0,46.68881521130128,42.680636637724604,43.66586478138678,43.02942711011064,41.1398776579178,1.34,37.0,-1.24,1.46
EZPW,2004-03-26,3.2133328914642334,3.2699999809265137,3.173332929611206,3.25,75000.0,47.30331985377019,42.602894147361084,43.786861240191634,43.100594916279626,41.11742204849468,1.33,40.0,-1.22,1.41
EZPW,2004-03-29,3.400000095367432,3.5333330631256104,3.233333110809326,3.353332996368408,200400.0,39.98250378253104,42.99871798861539,42.74410782018017,43.211727291839104,41.16210702374615,1.34,21.0,-1.2,1.5
EZPW,2004-03-30,3.353332996368408,3.430000066757202,3.336667060852051,3.3666670322418213,226200.0,39.41122963067767,42.98476022835043,42.54260884423664,43.20834121592082,41.08521378325584,1.34,21.0,-1.19,1.58
EZPW,2004-03-31,3.5,3.506666898727417,3.3333330154418945,3.430000066757202,181200.0,39.78265487239794,42.82997933931765,42.609515433018586,43.16895233933796,41.108065254076884,1.35,22.0,-1.17,1.56
EZPW,2004-04-01,3.400000095367432,3.619999885559082,3.336667060852051,3.5733330249786377,187800.0,41.804387349138594,43.313265994805796,43.02503405969146,43.371748871534464,40.97725260634218,1.35,27.0,-1.16,1.43
EZPW,2004-04-02,3.616667032241821,3.706666946411133,3.523333072662353,3.663332939147949,420300.0,42.422291763939654,42.14805274351857,43.13762309579767,43.42628205320296,41.02423025805933,1.35,28.0,-1.15,1.39
EZPW,2004-04-05,3.680000066757202,3.826667070388794,3.5566670894622803,3.630000114440918,246300.0,42.39192184258512,42.20272246296047,43.175029471000194,43.45803688909619,41.04508779732401,1.35,29.0,-1.13,1.37
EZPW,2004-04-06,3.566667079925537,3.670000076293945,3.3833329677581787,3.493333101272583,167100.0,43.63818242927047,42.99705917957607,43.406629365491234,43.753267915624896,41.23795974016451,1.35,33.0,-1.1,1.31
EZPW,2004-04-07,3.493333101272583,3.6766669750213614,3.493333101272583,3.6666669845581055,171300.0,46.04618583616796,44.03225851954798,43.39879169910426,43.96410267204323,41.39110386291468,1.35,33.0,-1.08,1.32
EZPW,2004-04-08,3.670000076293945,3.703332901000977,3.539999961853028,3.623332977294922,87000.0,44.99975558467976,43.74284448928357,42.10962674673106,44.00669998607761,41.421943959904546,1.35,18.0,-1.06,1.45
EZPW,2004-04-12,3.2833330631256104,3.703332901000977,3.2833330631256104,3.683332920074463,307500.0,45.26025804451843,43.634205291580095,42.064400266256406,43.9746818195489,41.425637093201345,1.36,18.0,-1.04,1.46
EZPW,2004-04-13,3.523333072662353,3.813333034515381,3.523333072662353,3.7166669368743896,277800.0,44.893057183051916,43.607323913327924,41.352759537799486,43.95836706011028,41.40483986317392,1.37,10.0,-1.05,1.66
EZPW,2004-04-14,3.660000085830689,3.759999990463257,3.5999999046325684,3.7100000381469727,178500.0,44.12089068088335,42.703048429138434,41.367001740647694,43.87408012207192,41.38911879678999,1.38,11.0,-1.07,1.65
EZPW,2004-04-15,3.686666965484619,3.69333291053772,3.6566669940948486,3.670000076293945,70800.0,44.16355260018477,42.468504402743534,41.336126491899236,43.91348168882652,41.41574167141766,1.39,10.0,-1.08,1.67
EZPW,2004-04-16,3.696666955947876,3.696666955947876,3.5,3.5799999237060547,226800.0,44.5194725855098,42.37302583449335,40.88838231916744,43.97369442153922,41.50017937580217,1.41,2.0,-1.05,1.77
EZPW,2004-04-19,3.566667079925537,3.576667070388794,3.5,3.5333330631256104,165300.0,44.642266819738666,42.423927521199786,40.96671732672827,43.02588592945587,41.461701721212265,1.42,6.0,-1.01,1.74
EZPW,2004-04-20,3.569999933242798,3.700000047683716,3.506666898727417,3.523333072662353,216300.0,44.01432289691526,42.428306337254526,40.979623113202976,42.963256424728165,41.39391269424463,1.44,7.0,-0.97,1.74
EZPW,2004-04-21,3.846667051315308,4.163332939147949,3.6666669845581055,3.9600000381469727,943200.0,54.00625328981958,48.673552954233855,44.71158031487129,44.902859508118674,42.86644582573612,1.44,83.0,-0.93,2.89
EZPW,2004-04-22,3.9633328914642334,4.066667079925537,3.933332920074463,4.03000020980835,432300.0,53.461258336975014,48.77024014545331,44.62449131701351,44.856443974959355,42.84933236831871,1.44,80.0,-0.9,2.91
EZPW,2004-04-23,4.053332805633545,4.433332920074463,4.019999980926514,4.343332767486572,588600.0,57.073854203461416,48.52665443838672,45.87720393057694,45.56110692830983,43.268772856109415,1.46,99.0,-0.68,2.59
EZPW,2004-04-26,4.413332939147949,4.4166669845581055,4.336667060852051,4.403333187103272,338400.0,56.89848039008611,48.55890579006342,45.872177272629614,45.48800296414204,43.21825793380214,1.48,98.0,-0.47,2.59
EZPW,2004-04-27,4.446667194366455,4.446667194366455,4.25,4.413332939147949,396300.0,56.312222047598716,48.515539432838814,45.425169269046314,45.4648344709144,43.20973968694624,1.49,96.0,-0.31,2.81
EZPW,2004-04-28,4.449999809265137,4.449999809265137,4.320000171661377,4.389999866485596,360900.0,50.26714495861082,48.54590800214771,45.26850719360788,45.34358177577156,43.17775216303379,1.5,93.0,-0.21,2.87
EZPW,2004-04-29,4.369999885559082,4.420000076293945,4.086667060852051,4.256667137145996,180300.0,51.45127790234859,49.03667813982261,45.399554023540716,45.503656760173435,43.32577879344882,1.51,95.0,-0.21,2.83
EZPW,2004-04-30,4.300000190734863,4.480000019073486,3.923332929611206,4.010000228881836,849900.0,55.27999400878871,50.344965202466405,46.50497763560668,46.124548100617815,43.75913147933287,1.54,99.0,-0.22,2.59
EZPW,2004-05-03,4.230000019073486,4.333333015441895,3.9700000286102295,4.050000190734863,512100.0,55.27275984519912,50.34738237013602,46.50329127240732,46.042799419804865,43.74566830062025,1.56,98.0,-0.24,2.59
EZPW,2004-05-04,4.159999847412109,4.266666889190674,4.086667060852051,4.190000057220459,430800.0,53.18676294211934,50.40062629604309,46.65853772110998,46.14185797548224,43.69449291602097,1.59,100.0,-0.27,2.49
EZPW,2004-05-05,4.230000019073486,4.236667156219482,3.9866669178009033,4.0,402900.0,55.620470495812654,51.445900620701536,47.327224129827435,46.53182170376517,43.98937955992256,1.63,100.0,-0.28,2.32
EZPW,2004-05-06,4.099999904632568,4.1066670417785645,3.893332958221436,3.99666690826416,522900.0,55.691401998486825,51.452162860424856,47.31587100939467,46.53307656702428,43.98160296994374,1.67,99.0,-0.31,2.32
EZPW,2004-05-07,3.896667003631592,4.046667098999023,3.873332977294922,3.910000085830689,199200.0,56.18675398148517,51.69953005535754,47.50133522994066,46.62292957252494,44.050454423735616,1.71,100.0,-0.33,2.26
EZPW,2004-05-10,3.80666708946228,3.9066669940948486,3.5333330631256104,3.5899999141693115,635700.0,61.90282816364508,54.738229784269734,49.581185006553774,47.81740177554657,44.95673114589667,1.81,100.0,-0.31,2.15
EZPW,2004-05-11,3.483333110809326,3.650000095367432,3.396667003631592,3.4600000381469727,406200.0,62.37690527601798,52.05163657078005,49.97810763097315,47.98342378009989,45.14373497866112,1.91,100.0,-0.29,2.03
EZPW,2004-05-12,3.400000095367432,3.450000047683716,3.293333053588867,3.346667051315308,534300.0,63.15557850656126,52.26614912750852,50.28186569380826,48.14935886600313,45.29616821577988,2.02,100.0,-0.28,1.94
EZPW,2004-05-13,3.3499999046325684,3.683332920074463,3.3499999046325684,3.5299999713897705,288300.0,64.8330459333778,53.44045109923569,50.365947740347316,48.5071052212117,45.52007839667079,2.12,100.0,-0.24,1.93
EZPW,2004-05-14,3.5133330821990967,3.5566670894622803,3.4800000190734863,3.483333110809326,213000.0,63.824651084648465,53.49743008097245,50.22422804944367,48.310877063260286,45.54402322312357,2.21,98.0,-0.22,1.97
EZPW,2004-05-17,3.436666965484619,3.49666690826416,3.25,3.3333330154418945,262800.0,64.5310206134601,54.1773263986841,49.50792275713709,48.63447586504188,45.764201307128346,2.28,95.0,-0.17,2.1
EZPW,2004-05-18,3.243333101272583,3.3066670894622803,3.180000066757202,3.243333101272583,305400.0,64.89345921749702,54.399530265106335,49.696925393728634,48.65021811052903,45.86962357723597,2.35,96.0,-0.12,2.04
EZPW,2004-05-19,3.24666690826416,3.2833330631256104,3.150000095367432,3.25333309173584,462300.0,64.07869406627378,54.35306654550903,49.694208272904454,48.64985753727809,45.86807129031602,2.42,95.0,-0.08,2.04
EZPW,2004-05-20,3.273333072662353,3.2799999713897705,3.0299999713897705,3.1433329582214355,477000.0,62.85763058139147,54.74362691402214,50.009114899556884,48.828575834634606,45.994451033858404,2.49,97.0,-0.07,1.94
EZPW,2004-05-21,3.063333034515381,3.313333034515381,3.0566670894622803,3.2633330821990967,492600.0,64.0136506218297,54.86844333815769,50.07574530815657,48.99029860100304,46.09340648308785,2.56,97.0,-0.02,1.92
EZPW,2004-05-24,2.873332977294922,2.99666690826416,2.450000047683716,2.4800000190734863,4204200.0,100.99522952937912,78.16969040213996,66.38744369581579,57.9678251036927,53.80687458706346,3.39,100.0,0.24,17.19
EZPW,2004-05-25,2.493333101272583,2.5899999141693115,2.376667022705078,2.5199999809265137,851100.0,101.14894115213893,78.10449609300962,66.44371556347525,57.56979975540195,53.79785255654216,4.05,100.0,0.39,17.17
EZPW,2004-05-26,2.563333034515381,2.876667022705078,2.4733328819274902,2.666666984558105,778200.0,103.10398358503454,79.04881141595231,67.05847395674122,57.931406788308834,54.064118818193194,4.63,100.0,0.42,16.6
EZPW,2004-05-27,2.650000095367432,2.650000095367432,2.5366671085357666,2.6333329677581787,362400.0,103.10497116751995,79.02021166614222,66.94232606009783,57.95024668962273,54.08602218776165,5.13,99.0,0.44,16.64
EZPW,2004-05-28,2.650000095367432,2.75,2.5566670894622803,2.703332901000977,253500.0,103.5737245714292,79.2762019095728,67.02396507696675,58.02245198275148,54.125467681972474,5.58,99.0,0.44,16.65
EZPW,2004-06-01,2.756666898727417,2.7633330821990967,2.666666984558105,2.74666690826416,477300.0,103.82349441952084,79.39607306415147,66.45699638460431,57.93196384626997,54.139641699669184,5.96,97.0,0.4,17.19
EZPW,2004-06-02,2.74666690826416,2.75,2.5999999046325684,2.706666946411133,606300.0,103.82507747060437,79.29197922033579,66.49132126106004,57.91142732014182,54.14306119661813,6.32,97.0,0.36,17.12
EZPW,2004-06-03,2.6533329486846924,2.7100000381469727,2.6166670322418213,2.619999885559082,296400.0,96.91566493171868,79.09033333450694,66.64276163164021,57.910346746825944,54.20723121829375,6.66,97.0,0.32,16.83
EZPW,2004-06-04,2.7166669368743896,2.733333110809326,2.6333329677581787,2.703332901000977,486600.0,97.3837941725394,79.32850686459544,66.84340046872408,57.589787646703584,54.25624628171322,6.98,97.0,0.27,16.67
EZPW,2004-06-07,2.700000047683716,2.816667079925537,2.673332929611206,2.8066670894622803,428100.0,95.01705988883387,79.77856909512558,66.93349956705616,57.73286074556282,54.33466154986948,7.28,97.0,0.19,16.58
EZPW,2004-06-08,2.803333044052124,2.816667079925537,2.720000028610229,2.793333053588867,188100.0,94.6895738771794,79.57457402656385,66.82445859747352,57.70056384184241,54.31532111831881,7.56,95.0,0.11,16.64
EZPW,2004-06-09,2.809999942779541,2.913332939147949,2.809999942779541,2.8666670322418213,267600.0,95.31395696766702,79.72864914590537,66.9315485746468,57.732832966422286,54.362710385337685,7.83,96.0,0.03,16.55
EZPW,2004-06-10,2.9100000858306885,2.9100000858306885,2.846667051315308,2.886667013168335,99900.0,95.48142720996294,78.2104427869207,66.54048391744382,57.12791651396193,53.78552720088925,8.07,92.0,-0.05,16.91
EZPW,2004-06-14,2.913332939147949,3.0333330631256104,2.756666898727417,3.0333330631256104,332400.0,97.07735457318327,78.89753446327647,66.9429048120972,57.37454775171224,53.97611962271745,8.31,98.0,-0.1,16.63
EZPW,2004-06-15,3.0333330631256104,3.0333330631256104,2.916666984558105,2.946666955947876,162900.0,96.15048174001899,79.08067155853752,66.8987400011983,57.4892524819286,54.04163734389162,8.54,94.0,-0.16,16.54
EZPW,2004-06-16,3.006666898727417,3.006666898727417,2.789999961853028,2.890000104904175,153900.0,95.9908773828681,79.12151606562257,66.94921557300732,56.90798380236536,54.08436632317988,8.75,98.0,-0.23,16.46
EZPW,2004-06-17,2.923332929611206,3.0999999046325684,2.853332996368408,3.0999999046325684,108900.0,98.02226087633993,79.88147831388905,67.91494657508686,57.432048139435246,54.47388299128851,8.98,100.0,-0.26,15.61
EZPW,2004-06-18,3.0999999046325684,3.1600000858306885,3.049999952316284,3.1566669940948486,137400.0,97.72564581172975,79.96595309689049,67.98292185657813,57.42466235660583,54.380359406088964,9.2,100.0,-0.28,15.58
EZPW,2004-06-21,3.053333044052124,3.1333329677581787,3.00333309173584,3.0566670894622803,409500.0,97.9511661526332,80.22536182727282,68.1580961813682,57.467807161588226,54.47480775192164,9.41,100.0,-0.32,15.31
EZPW,2004-06-22,3.0333330631256104,3.3333330154418945,3.0333330631256104,3.0999999046325684,821700.0,98.09205702019155,80.13053836064864,67.2712297365853,57.47376646555983,54.45569066803076,9.59,97.0,-0.33,16.42
EZPW,2004-06-23,3.0999999046325684,3.19333291053772,3.0833330154418945,3.1600000858306885,369600.0,95.54786056719553,80.04712090425076,67.33488543352524,57.447155137662456,54.40103858668819,9.76,97.0,-0.34,16.37
EZPW,2004-06-24,3.1700000762939453,3.220000028610229,3.123332977294922,3.2133328914642334,222600.0,95.21986486024147,79.85567445874369,67.34343733078371,57.46807049756716,54.2099818605546,9.92,97.0,-0.35,16.37
EZPW,2004-06-25,3.243333101272583,3.243333101272583,3.1600000858306885,3.233333110809326,195600.0,94.79554164367647,79.86258649239677,67.35100772727264,57.45951667790992,54.168894168115564,10.07,97.0,-0.35,16.38
EZPW,2004-06-28,3.24666690826416,3.24666690826416,3.1166670322418213,3.183332920074463,363000.0,93.44848739055669,79.81709570551338,67.38667271759357,57.48553372025599,54.103366797586325,10.22,97.0,-0.36,16.32
EZPW,2004-06-29,3.0899999141693115,3.2799999713897705,3.0899999141693115,3.25,547500.0,93.65673523115413,79.46757171480346,67.31914409111609,57.523804932387094,54.09454595539769,10.36,93.0,-0.35,16.51
EZPW,2004-06-30,3.24666690826416,3.433332920074463,3.109999895095825,3.309999942779541,933600.0,92.98431947652985,79.38539389637948,67.36456752923101,57.55273239941919,54.11459941142801,10.48,96.0,-0.34,16.48
EZPW,2004-07-01,3.416666984558105,3.416666984558105,3.236666917800904,3.289999961853028,250200.0,92.64839982002238,79.3755564428735,67.18231620795592,57.55150996643309,53.96807989413116,10.6,90.0,-0.34,16.59
EZPW,2004-07-02,3.4200000762939453,3.4200000762939453,3.2166669368743896,3.309999942779541,95700.0,92.6597091593585,79.01873439759939,67.18909102625302,57.15476379132508,53.88765011284215,10.72,90.0,-0.34,16.6
EZPW,2004-07-06,3.490000009536743,3.509999990463257,3.113332986831665,3.190000057220459,237900.0,92.7455778050479,78.67846171200019,67.44098379175527,57.24357480550679,53.92070427669138,10.82,97.0,-0.35,16.22
EZPW,2004-07-07,3.166666984558105,3.289999961853028,3.166666984558105,3.2266669273376465,69600.0,92.1486771488845,78.7024673266045,67.45696938554907,57.24879449100195,53.92472278689808,10.91,97.0,-0.36,16.21
EZPW,2004-07-08,3.19333291053772,3.2799999713897705,2.970000028610229,3.093333005905152,229800.0,44.24723857943205,79.0347924826353,67.76904082606238,57.464149208440276,53.80215862842355,11.0,97.0,-0.38,15.75
EZPW,2004-07-09,3.0333330631256104,3.266666889190674,3.00333309173584,3.1433329582214355,143700.0,44.24781976082528,79.09313532479945,66.24888597499348,57.45654204559059,53.7966750887242,11.08,69.0,-0.38,17.12
EZPW,2004-07-12,3.0833330154418945,3.146667003631592,3.0333330631256104,3.0899999141693115,168000.0,42.23562284941971,79.14716334384336,66.19788776487503,57.400087583180735,53.83412978495742,11.15,68.0,-0.37,17.09
EZPW,2004-07-13,3.140000104904175,3.173332929611206,3.0899999141693115,3.146667003631592,60600.0,42.06908120324837,79.24843249702916,66.25326645314618,57.417209161025504,53.85415129543889,11.2,69.0,-0.35,17.04
EZPW,2004-07-14,3.053333044052124,3.1066670417785645,3.016666889190674,3.1066670417785645,145500.0,41.95324603859658,79.14232138393795,66.27587587112477,57.37537627369953,53.874189505719464,11.26,69.0,-0.32,16.99
EZPW,2004-07-15,2.986666917800904,3.243333101272583,2.986666917800904,3.2166669368743896,130800.0,42.74402251579703,79.47266970675487,66.51665763201922,57.50565687305972,53.92047579464362,11.29,73.0,-0.29,16.82
EZPW,2004-07-16,3.233333110809326,3.313333034515381,3.2166669368743896,3.256666898727417,167400.0,42.36476154245471,79.52328186654326,66.5361787751521,57.49682054833334,53.92549174925312,11.32,73.0,-0.26,16.85
EZPW,2004-07-19,3.326667070388794,3.3333330154418945,3.043333053588867,3.076667070388794,204600.0,44.81071846269078,76.40706381237253,67.09234555962823,57.88802209763715,54.25652109657939,11.35,85.0,-0.24,16.07
EZPW,2004-07-20,3.0833330154418945,3.200000047683716,3.059999942779541,3.1333329677581787,137400.0,44.31042937439283,76.41605167366671,67.16762380856228,57.845244511158846,54.27788696850566,11.38,85.0,-0.2,16.03
EZPW,2004-07-21,2.7833330631256104,2.8299999237060547,2.4633328914642334,2.553333044052124,1317000.0,74.29262637253964,85.05185443795833,74.25570324874484,62.67368399550365,58.11667389878835,11.5,100.0,-0.18,12.82
EZPW,2004-07-22,2.516666889190674,2.666666984558105,2.516666889190674,2.666666984558105,300300.0,75.5050076024297,85.60479901960605,74.63316822550098,62.87268931457373,58.22385946279754,11.62,100.0,-0.17,12.62
EZPW,2004-07-23,2.5833330154418945,2.6600000858306885,2.5333330631256104,2.5733330249786377,238800.0,75.6665946826655,85.7560196700766,74.70177796493307,62.49128849409793,58.348149651055515,11.73,100.0,-0.14,12.45
EZPW,2004-07-26,2.516666889190674,2.576667070388794,2.4766669273376465,2.5333330631256104,261600.0,75.67650498050091,85.76328139216832,74.61567417826124,62.45941667990274,58.33807675763389,11.84,98.0,-0.13,12.55
EZPW,2004-07-27,2.5,2.523333072662353,2.3233330249786377,2.486666917800904,625500.0,74.01715370207059,85.66771096882621,74.63301762688556,62.493903400066785,58.35865065283284,11.93,98.0,-0.11,12.48
EZPW,2004-07-28,2.549999952316284,2.549999952316284,2.369999885559082,2.5133330821990967,308700.0,73.86815550616606,85.09956840285308,74.65083538605965,62.503338843147425,58.30256110129469,12.01,99.0,-0.1,12.52
EZPW,2004-07-29,2.549999952316284,2.563333034515381,2.456666946411133,2.493333101272583,198600.0,73.75254881991005,85.0194712951676,74.65311015525555,62.50874805796081,58.3092914099314,12.09,99.0,-0.1,12.51
EZPW,2004-07-30,2.483333110809326,2.563333034515381,2.4766669273376465,2.516666889190674,129300.0,70.40360671645193,84.64761040473785,74.59226090562466,62.517418989634635,58.28074451145208,12.16,94.0,-0.11,12.63
EZPW,2004-08-02,2.483333110809326,2.5266671180725098,2.4666669368743896,2.50333309173584,81600.0,70.0051724553401,84.27967529669185,74.31592444106538,62.3853251964084,57.71401022115027,12.21,93.0,-0.14,12.95
EZPW,2004-08-03,2.4766669273376465,2.569999933242798,2.453332901000977,2.543333053588867,498600.0,69.93115115650701,84.40795624633715,74.30263795627046,62.21842121254196,57.7022580016069,12.25,92.0,-0.19,13.05
EZPW,2004-08-04,2.4600000381469727,2.4800000190734863,2.396667003631592,2.416666984558105,251700.0,70.83944136936847,84.83084151436093,74.69251397344136,62.05731372213824,57.88980653315312,12.29,99.0,-0.22,12.61
EZPW,2004-08-05,2.433332920074463,2.433332920074463,2.396667003631592,2.4066669940948486,87600.0,70.3745479178273,83.28602401822586,74.56169315744317,62.00765628135164,57.86490910474208,12.32,92.0,-0.25,12.66
EZPW,2004-08-06,2.3833329677581787,2.4033329486846924,2.2966670989990234,2.3066670894622803,222600.0,70.5779217949469,83.37984795633247,74.76989339532408,61.99552871539441,58.01544391536512,12.35,100.0,-0.28,12.44
EZPW,2004-08-09,2.3333330154418945,2.396667003631592,2.3299999237060547,2.3499999046325684,123900.0,70.93221046147647,83.35269387500884,73.90855119348569,62.03194512371339,57.97639634300412,12.37,87.0,-0.32,13.33
EZPW,2004-08-10,2.25,2.400000095367432,2.25,2.336667060852051,172800.0,70.93020350286511,82.43406554257908,73.9064906532884,61.97437571228838,57.95658124212055,12.39,86.0,-0.37,13.33
EZPW,2004-08-11,2.299999952316284,2.3333330154418945,2.183332920074463,2.3233330249786377,282000.0,70.3363902563604,82.42344321342067,73.88061812257452,61.667236627327405,57.86101743135696,12.4,85.0,-0.41,13.32
EZPW,2004-08-12,2.326667070388794,2.359999895095825,2.299999952316284,2.359999895095825,97500.0,70.24452202434375,82.17795602849455,73.90471733414586,61.68508236045322,57.845456131098274,12.4,85.0,-0.46,13.31
EZPW,2004-08-13,2.299999952316284,2.359999895095825,2.266666889190674,2.293333053588867,213900.0,70.40380669715157,82.19280347641502,73.67277881263158,61.774593737173554,57.91823917087233,12.4,83.0,-0.5,13.55
EZPW,2004-08-16,2.259999990463257,2.2833330631256104,2.233333110809326,2.24666690826416,214200.0,70.23196006898775,82.2267767783766,73.72440476796915,61.816131771340686,57.923569835416586,12.39,83.0,-0.54,13.46
EZPW,2004-08-17,2.2833330631256104,2.400000095367432,2.273333072662353,2.359999895095825,137100.0,72.08589762614125,82.78438023450163,74.16897053835702,62.064648688637206,58.095923041589224,12.38,87.0,-0.58,13.17
EZPW,2004-08-18,2.413332939147949,2.413332939147949,2.2833330631256104,2.3333330154418945,99600.0,71.7979932826108,82.32371081518419,74.06245952344229,62.00866308859432,58.10863317909439,12.36,86.0,-0.62,13.19
EZPW,2004-08-19,2.346667051315308,2.346667051315308,2.2866671085357666,2.3333330154418945,92100.0,71.23402768928936,60.303605861611345,73.91794867531637,61.982726925492884,58.10863317909439,12.33,85.0,-0.65,13.26
EZPW,2004-08-20,2.336667060852051,2.343333005905152,2.2166669368743896,2.2966670989990234,197100.0,70.84307171354882,60.27288059285616,73.73461970720297,61.76685456647276,58.12942187263099,12.27,80.0,-0.68,13.31
EZPW,2004-08-23,2.299999952316284,2.359999895095825,2.266666889190674,2.343333005905152,85200.0,71.35909928496118,59.22543811875195,73.82233915669471,61.770312966576114,58.16046959675572,12.21,80.0,-0.7,13.27
EZPW,2004-08-24,2.346667051315308,2.5999999046325684,2.326667070388794,2.576667070388794,92100.0,77.15117106202885,62.428325396666494,75.38461197567689,62.73027085560017,58.87456181206612,12.16,100.0,-0.7,12.3
EZPW,2004-08-25,2.6066670417785645,2.6166670322418213,2.4266669750213623,2.446666955947876,108300.0,78.23969973039509,63.0525523601684,75.45005943745797,62.99164250282142,59.088965282178826,12.1,100.0,-0.69,12.07
EZPW,2004-08-26,2.4266669750213623,2.486666917800904,2.396667003631592,2.433332920074463,81000.0,77.1909533043588,62.950285013591376,75.31027241764457,62.994564243176654,59.09122425806292,12.03,98.0,-0.66,12.12
EZPW,2004-08-27,2.413332939147949,2.4633328914642334,2.413332939147949,2.4200000762939453,69900.0,76.92858663845749,62.89958669004898,75.30627344852995,62.98257912048471,58.972440170925424,11.96,97.0,-0.64,12.13
EZPW,2004-08-30,2.396667003631592,2.456666946411133,2.396667003631592,2.436666965484619,42000.0,75.75642582967951,62.596404129293695,75.12365326606218,62.9547035340426,58.965916383656534,11.88,96.0,-0.63,12.37
EZPW,2004-08-31,2.493333101272583,2.493333101272583,2.416666984558105,2.423332929611206,31800.0,75.35918354966624,62.233087016156794,74.65927908714055,62.956259340106556,58.90791365856677,11.78,92.0,-0.59,12.63
EZPW,2004-09-01,2.423332929611206,2.450000047683716,2.3833329677581787,2.4200000762939453,113700.0,47.12769010998649,61.69120436105302,74.650161574974,62.954406099771276,58.90857684183592,11.66,89.0,-0.55,12.65
EZPW,2004-09-02,2.5266671180725098,2.5266671180725098,2.4033329486846924,2.493333101272583,33000.0,46.14985164228141,62.04315204118823,74.77418666008373,63.04845042894532,58.954643820908515,11.52,95.0,-0.49,12.58
EZPW,2004-09-03,2.423332929611206,2.506666898727417,2.423332929611206,2.446666955947876,18600.0,45.34571427356109,61.864680708718964,74.78274213438145,63.085834203991396,58.98894638471721,11.36,95.0,-0.43,12.52
EZPW,2004-09-07,2.423332929611206,2.539999961853028,2.423332929611206,2.456666946411133,120000.0,45.177395918290884,61.848449477152144,74.79332535791117,63.0685734420258,58.234851388383454,11.18,95.0,-0.35,12.52
EZPW,2004-09-08,2.5,2.596667051315308,2.450000047683716,2.549999952316284,134400.0,46.18095613087217,61.45555086127652,75.07298072992909,62.944174003674206,58.04385996868812,11.0,95.0,-0.27,12.39
EZPW,2004-09-09,2.5466670989990234,2.683332920074463,2.516666889190674,2.663332939147949,143100.0,47.741064166873635,61.93408768633367,75.36490009351965,63.083502595901294,58.193885557053214,10.79,98.0,-0.2,12.3
EZPW,2004-09-10,2.696666955947876,2.7133328914642334,2.593333005905152,2.7100000381469727,40800.0,47.848747813731904,61.94307983771875,75.4156544570633,62.52916273871243,58.211970089261875,10.57,99.0,-0.12,12.32
EZPW,2004-09-13,2.7300000190734863,2.8333330154418945,2.7166669368743896,2.813333034515381,157800.0,48.86504442452374,60.686398422795264,75.68345994586298,62.681005566706496,58.323639938365666,10.34,100.0,-0.04,12.19
EZPW,2004-09-14,2.8333330154418945,2.836667060852051,2.7866671085357666,2.803333044052124,129000.0,48.839559630793254,60.547800731721004,73.23490383621628,62.68179381195695,58.246638164165,10.15,62.0,0.12,13.58
EZPW,2004-09-15,2.7766671180725098,2.846667051315308,2.7766671180725098,2.8333330154418945,153000.0,48.75087685738138,60.27061480826026,73.19288501630143,62.69210382512498,58.21692406862502,9.95,61.0,0.3,13.61
EZPW,2004-09-16,2.803333044052124,3.0,2.803333044052124,2.900000095367432,140100.0,46.19907477044606,60.399645719931335,72.23796079466823,62.625522841821905,58.15377880406386,9.76,60.0,0.41,14.28
EZPW,2004-09-17,2.9800000190734863,3.113332986831665,2.900000095367432,3.0,174300.0,46.77982454212708,60.68570414081479,72.43502784953179,62.6802776738325,57.94016282676986,9.56,60.0,0.45,14.15
EZPW,2004-09-20,2.9633328914642334,3.0566670894622803,2.8933329582214355,2.9066669940948486,226500.0,45.87454248590969,60.89511628784741,72.56182777477453,62.79231045935559,58.02305190396977,9.33,60.0,0.41,13.95
EZPW,2004-09-21,2.9100000858306885,2.950000047683716,2.890000104904175,2.9266669750213623,87900.0,45.758090096319016,60.89886670950456,72.58269594402522,62.79009829735999,58.00018808387941,9.09,60.0,0.27,13.96
EZPW,2004-09-22,2.886667013168335,2.993333101272583,2.886667013168335,2.933332920074463,82200.0,45.619406041587474,60.834412243413446,72.46186744653969,62.712509572688745,57.97370047324727,8.84,58.0,0.17,14.15
EZPW,2004-09-23,2.983333110809326,2.983333110809326,2.8933329582214355,2.9800000190734863,84000.0,45.50010788168063,60.766156491329795,71.9667543351229,62.702089386218,57.55603145746948,8.59,55.0,0.24,14.8
EZPW,2004-09-24,2.990000009536743,2.990000009536743,2.933332920074463,2.950000047683716,59400.0,45.75035987125573,60.65082387185938,71.94567677749897,62.35811629756327,57.54361113112261,8.34,54.0,0.23,14.77
EZPW,2004-09-27,2.8833329677581787,2.9733328819274902,2.8833329677581787,2.8933329582214355,35400.0,45.19088032715546,60.751209127519836,71.74274666747361,62.39851635970193,57.57989924080379,8.06,53.0,-0.13,14.83
EZPW,2004-09-28,2.816667079925537,2.953332901000977,2.816667079925537,2.916666984558105,69900.0,44.387324164956304,60.76392201835241,71.43776534458964,62.3893232407991,57.13775994921125,7.79,52.0,-0.34,15.27
EZPW,2004-09-29,2.873332977294922,2.94333291053772,2.873332977294922,2.9066669940948486,59100.0,42.806185521689436,60.330333297730036,71.43680386739246,62.38899086731195,57.11102301191807,7.5,51.0,-0.73,15.26
EZPW,2004-09-30,2.9066669940948486,2.953332901000977,2.8833329677581787,2.900000095367432,182400.0,42.54907463859221,60.26975857429196,71.37367014485471,62.27901744230259,57.08228019788773,7.2,50.0,-1.16,15.38
EZPW,2004-10-01,2.8566670417785645,2.9800000190734863,2.8566670417785645,2.953332901000977,98700.0,42.607129567224625,59.80925346137548,70.21469855954538,62.25737434242822,57.036991571609654,6.93,49.0,-1.22,16.79
EZPW,2004-10-04,2.9766669273376465,3.066667079925537,2.916666984558105,3.009999990463257,241800.0,42.11739403860108,59.84800125948324,70.0673219357233,62.28216647045283,57.054557791709485,6.66,48.0,-1.23,17.12
EZPW,2004-10-05,2.993333101272583,3.049999952316284,2.956666946411133,3.023333072662353,72300.0,42.00347537287559,59.75875248725247,69.8856772312309,62.05460827324257,57.008112256650435,6.37,47.0,-1.21,17.44
EZPW,2004-10-06,2.9666669368743896,3.166666984558105,2.9666669368743896,3.146667003631592,58800.0,34.5340378894346,60.21316836136295,69.6531666019963,62.181211210595656,57.13536430702998,6.08,46.0,-1.3,17.66
EZPW,2004-10-07,3.166666984558105,3.19333291053772,3.006666898727417,3.0366671085357666,112800.0,32.40727443412042,60.59988127284706,69.84164369291074,62.212758346539076,57.25119289783057,5.75,46.0,-1.37,17.37
EZPW,2004-10-08,3.0333330631256104,3.0333330631256104,2.8399999141693115,3.0133330821990967,92400.0,32.490104219764504,60.17067207646046,69.5144059635671,62.211121923073854,57.250277624215315,5.37,44.0,-1.37,17.86
EZPW,2004-10-11,3.0,3.049999952316284,2.8333330154418945,2.9666669368743896,97500.0,32.960290320710875,60.17669131879656,69.42587783383168,62.236001988663695,57.27388895206407,4.96,43.0,-1.35,18.0
EZPW,2004-10-12,2.7966670989990234,2.936666965484619,2.69333291053772,2.859999895095825,369000.0,35.279289206160904,59.52161567931801,69.65370619819714,62.37999603304445,57.40055187948619,4.51,45.0,-1.33,17.61
EZPW,2004-10-13,2.859999895095825,2.9766669273376465,2.859999895095825,2.9066669940948486,53100.0,35.26050466269172,59.494267684439386,69.50437790171652,62.409421703727794,57.4139816095952,4.01,42.0,-1.31,17.94
EZPW,2004-10-14,2.8833329677581787,2.8833329677581787,2.7833330631256104,2.799999952316284,82200.0,37.400393358802056,42.51535894632962,69.47158644076087,62.002658287683545,57.24744465087076,3.43,41.0,-1.29,17.75
EZPW,2004-10-15,2.7699999809265137,2.896667003631592,2.766666889190674,2.766666889190674,71100.0,36.933534196721894,41.69184827884613,53.99075268990262,62.01120367776719,57.18440842854831,3.8,1.0,-1.27,12.14
EZPW,2004-10-18,2.8233330249786377,2.8233330249786377,2.733333110809326,2.7699999809265137,57000.0,36.330579136879514,41.00196681225954,53.93783345588336,61.98172413760496,57.1817823586024,4.13,1.0,-1.24,12.16
EZPW,2004-10-19,2.813333034515381,2.8299999237060547,2.686666965484619,2.686666965484619,55500.0,37.69573704020395,41.37552027836523,53.421376099872745,62.08060732192443,57.25335033709086,4.46,1.0,-1.24,12.47
EZPW,2004-10-20,2.683332920074463,2.733333110809326,2.509999990463257,2.6433329582214355,317100.0,36.64127276394474,41.331143115787725,53.44676562594689,62.10245975740032,57.259779661996326,4.76,2.0,-1.24,12.43
EZPW,2004-10-21,2.663332939147949,2.686666965484619,2.609999895095825,2.666666984558105,147600.0,34.47777385009484,41.31420847132495,53.30064975304995,62.03097444480296,57.1866006543631,5.05,1.0,-1.24,12.56
EZPW,2004-10-22,2.680000066757202,2.700000047683716,2.5999999046325684,2.5999999046325684,105300.0,34.83144269430488,41.626470514229695,53.38650726910552,62.08531041153687,57.23760252478396,5.31,2.0,-1.26,12.36
EZPW,2004-10-25,2.596667051315308,2.596667051315308,2.4666669368743896,2.490000009536743,242400.0,34.86730026690643,42.54458793038469,53.76990748032347,62.15930860916713,57.36277563940965,5.54,5.0,-1.28,11.89
EZPW,2004-10-26,2.5366671085357666,2.5833330154418945,2.5,2.543333053588867,158100.0,35.62846199293949,42.754201798929536,53.6397630565029,62.21692367825281,57.39916245998853,5.77,5.0,-1.29,12.15
EZPW,2004-10-27,2.543333053588867,2.6333329677581787,2.470000028610229,2.539999961853028,280200.0,35.39117002948373,42.63143798052899,53.39989233180306,62.21350915402528,57.380329439216084,5.99,3.0,-1.3,12.34
EZPW,2004-10-28,2.5466670989990234,2.563333034515381,2.516666889190674,2.5266671180725098,94800.0,34.46052435044778,41.30065680895027,53.05291502429546,62.20687098441182,57.356001335276865,6.21,1.0,-1.32,12.63
EZPW,2004-10-29,2.6166670322418213,2.6333329677581787,2.470000028610229,2.593333005905152,173400.0,33.765949499185616,41.610291344438885,53.223163907518526,62.282556403763486,57.35280966639932,6.41,2.0,-1.33,12.5
EZPW,2004-11-01,2.563333034515381,2.666666984558105,2.5199999809265137,2.666666984558105,91200.0,34.07141077484928,40.94754756149761,53.2492049825814,61.42853405234489,57.32504623763869,6.61,3.0,-1.33,12.48
EZPW,2004-11-02,2.7100000381469727,2.7100000381469727,2.5333330631256104,2.566667079925537,339300.0,35.430607078760005,41.63817873700686,53.56538305493643,61.52084026888017,57.450795031137694,6.79,9.0,-1.34,12.03
EZPW,2004-11-03,2.626667022705078,2.773333072662353,2.5333330631256104,2.773333072662353,168600.0,42.623993428021286,44.42014826282302,54.413752738806075,62.224407796823286,57.55821319030298,6.94,14.0,-1.32,11.4
EZPW,2004-11-04,2.7799999713897705,2.983333110809326,2.75333309173584,2.8566670417785645,490800.0,43.30425161046701,44.71780205709086,54.43875368618822,62.33471564766464,57.584075892802325,7.09,15.0,-1.31,11.5
EZPW,2004-11-05,2.836667060852051,3.053333044052124,2.836667060852051,2.990000009536743,419700.0,45.29726190505301,45.48228602630385,54.8352149737629,62.574334214874796,57.75648070302625,7.22,16.0,-1.32,11.25
EZPW,2004-11-08,3.009999990463257,3.009999990463257,2.916666984558105,2.9766669273376465,84900.0,44.934134067557444,45.00950472546059,53.6846138000315,62.56533450959757,57.75697272875815,7.38,11.0,-1.3,12.15
EZPW,2004-11-09,3.076667070388794,3.076667070388794,2.930000066757202,2.9666669368743896,105300.0,44.89935923195607,44.74027830520097,53.60421587299077,62.55196763030296,57.756442558554255,7.53,10.0,-1.29,12.19
EZPW,2004-11-10,3.626667022705078,4.016666889190674,3.25,3.539999961853028,1357800.0,67.9411311290231,56.299431091717736,60.30905417660246,66.00144977751657,60.37567389732275,7.57,19.0,-1.1,11.41
EZPW,2004-11-11,3.5799999237060547,3.700000047683716,3.5799999237060547,3.673332929611206,719400.0,68.44717436900267,56.50601686655378,60.53998036586471,66.02936156839812,60.3888325352689,7.61,20.0,-0.77,11.21
EZPW,2004-11-12,3.680000066757202,3.683332920074463,3.50333309173584,3.516666889190674,325500.0,69.96294565264056,57.45327240928534,60.89754150419219,66.21915653369199,60.40424888892295,7.65,21.0,-0.71,10.87
EZPW,2004-11-15,3.6666669845581055,3.6666669845581055,3.4600000381469727,3.50333309173584,253200.0,69.90161877585984,57.303097594919684,60.850294733942675,66.17248100313478,60.05434662297129,7.68,21.0,-0.67,10.9
EZPW,2004-11-16,3.539999961853028,3.539999961853028,3.433332920074463,3.450000047683716,235800.0,70.15149115650489,57.41806879254623,60.89826158731224,66.1073298647492,60.04498751398951,7.72,23.0,-0.66,10.85
EZPW,2004-11-17,3.596667051315308,3.596667051315308,3.243333101272583,3.369999885559082,495300.0,69.76390546338631,54.68744660507314,60.964508585509556,66.15803188487492,59.92607324277387,7.75,24.0,-0.67,10.78
EZPW,2004-11-18,3.326667070388794,3.516666889190674,3.326667070388794,3.5,175500.0,69.5462388272494,53.82813204765405,61.16888458449411,66.29283067569554,60.03488363953249,7.78,25.0,-0.65,10.62
EZPW,2004-11-19,3.549999952316284,3.549999952316284,3.483333110809326,3.5,97500.0,69.4621540043867,53.790197488224166,61.10416764264536,66.29230640594842,59.995666862819206,7.81,25.0,-0.63,10.67
EZPW,2004-11-22,3.549999952316284,3.5833330154418945,3.483333110809326,3.5733330249786377,139200.0,69.32415568758002,53.8181790020267,61.17830439583296,66.2633039993286,59.812111429673365,7.84,27.0,-0.58,10.61
EZPW,2004-11-23,3.5799999237060547,3.5799999237060547,3.483333110809326,3.493333101272583,135300.0,68.68948578051423,54.14826086430895,61.2853771821151,66.11421629049876,59.85539616824135,7.87,28.0,-0.57,10.51
EZPW,2004-11-24,3.566667079925537,3.566667079925537,3.483333110809326,3.5366671085357666,85500.0,68.65213178903338,54.10985988458506,61.01710113204408,66.0678545441232,59.86477897094223,7.9,25.0,-0.57,10.76
EZPW,2004-11-26,3.566667079925537,3.566667079925537,3.416666984558105,3.539999961853028,81000.0,67.40852200553005,54.097896356225824,60.99432107207343,66.06791005590297,59.859087654469164,7.93,25.0,-0.57,10.77
EZPW,2004-11-29,3.4800000190734863,3.5466670989990234,3.4100000858306885,3.523333072662353,131100.0,67.25600171535713,53.91975628241495,60.608716202077936,66.00910649399538,59.83514598038623,7.96,21.0,-0.61,11.13
EZPW,2004-11-30,3.553333044052124,3.5833330154418945,3.5,3.563333034515381,155100.0,67.23019188005264,53.6845291562861,60.58402920880089,65.97832949970935,59.798158968711256,7.99,21.0,-0.64,11.15
EZPW,2004-12-01,3.566667079925537,3.5833330154418945,3.549999952316284,3.576667070388794,110700.0,66.23150520535201,53.68517374376237,60.513501452673104,65.32354694345347,59.78367630954479,8.02,20.0,-0.67,11.23
EZPW,2004-12-02,3.576667070388794,3.5833330154418945,3.5199999809265137,3.566667079925537,109800.0,65.88990380072475,53.322991271005506,60.45764405463326,65.31785383770311,59.6202028115388,8.05,20.0,-0.7,11.27
EZPW,2004-12-03,3.509999990463257,3.5466670989990234,3.483333110809326,3.5366671085357666,72000.0,66.10612766095473,52.80636181899383,60.435872462727616,65.31833442770422,59.587932085362006,8.08,20.0,-0.75,11.29
EZPW,2004-12-06,3.4766669273376465,3.5466670989990234,3.4766669273376465,3.5299999713897705,168600.0,65.38128290526663,52.75687848918965,60.19838540741508,65.30614554068904,59.53609920124448,8.11,19.0,-0.78,11.49
EZPW,2004-12-07,3.5466670989990234,3.5799999237060547,3.486666917800904,3.5333330631256104,140100.0,63.47048943257195,52.30961844711716,60.17048703570207,65.05310552774783,59.511332273480654,8.14,19.0,-0.8,11.51
EZPW,2004-12-08,3.5733330249786377,3.576667070388794,3.483333110809326,3.50333309173584,153000.0,63.666996418375795,52.34934182312566,59.476457781157556,65.06238055028648,59.51887924480006,8.18,19.0,-0.85,12.17
EZPW,2004-12-09,3.5266671180725098,3.5799999237060547,3.4800000190734863,3.5799999237060547,142200.0,63.63913186801165,52.46000390399169,59.503546154459755,65.10277962379377,59.53903059892171,8.21,20.0,-0.89,12.14
EZPW,2004-12-10,3.5133330821990967,3.650000095367432,3.5133330821990967,3.6333329677581774,266400.0,63.44687035108683,52.35512447745474,49.52282600625119,65.06852848842519,59.53343138288181,8.36,1.0,-0.96,8.58
EZPW,2004-12-13,3.640000104904175,3.786667108535767,3.623332977294922,3.7633330821990967,372900.0,63.67531445792316,52.38656115727891,49.370293370947465,65.12763686500695,59.626609424449754,8.51,1.0,-0.98,8.73
EZPW,2004-12-14,3.8833329677581774,4.033332824707031,3.799999952316284,3.976666927337648,465900.0,64.73195967862945,52.89793455874743,49.64364023386757,65.34544962762348,59.86659991602136,8.63,3.0,-0.89,8.3
EZPW,2004-12-15,3.9800000190734863,4.226666927337647,3.9800000190734863,4.2133331298828125,309900.0,64.06766988199372,53.98463110054813,50.255924904532776,65.6901274983486,60.125697415071265,8.74,4.0,-0.61,7.67
EZPW,2004-12-16,4.233333110809326,4.316667079925537,4.143332958221436,4.226666927337647,319200.0,61.4955454185633,53.98227721970162,50.113460339921104,65.65796116949426,60.122966302106185,8.84,4.0,-0.44,7.73
EZPW,2004-12-17,4.326666831970215,4.383333206176758,4.170000076293945,4.269999980926514,257400.0,61.325824597456155,53.95155962896154,50.11224461569992,65.49632339496317,60.11867078340145,8.94,4.0,-0.32,7.74
EZPW,2004-12-20,4.266666889190674,4.333333015441895,4.260000228881836,4.316667079925537,458700.0,60.561619491149145,53.8552048028337,50.0743515131597,65.44536480861133,59.93223792094188,9.02,4.0,-0.24,7.73
EZPW,2004-12-21,4.133333206176758,4.28000020980835,3.799999952316284,4.25333309173584,436200.0,60.88173525667337,53.769220613623524,50.173479773195815,65.46096120882959,59.89087289775902,9.1,7.0,-0.26,7.7
EZPW,2004-12-22,4.206666946411133,4.323332786560059,4.206666946411133,4.293333053588867,678600.0,60.71602390100195,53.77160868647892,50.14893143901901,65.30142242224352,59.47662914767723,9.17,7.0,-0.29,7.68
EZPW,2004-12-23,4.313333034515381,4.376667022705078,4.300000190734863,4.340000152587891,315000.0,35.48659137179643,53.73907671508068,50.128552202466196,65.06925809496427,59.475598766697345,9.24,7.0,-0.32,7.71
EZPW,2004-12-27,4.366666793823242,4.366666793823242,4.283332824707031,4.283332824707031,186600.0,34.74767391299484,53.862304494117005,49.3978584713083,65.07290751801817,59.492730157617125,9.31,2.0,-0.38,8.16
EZPW,2004-12-28,4.506667137145996,5.159999847412109,4.340000152587891,4.6066670417785645,2068200.0,36.87469148073354,55.504540157381534,50.503445744056194,65.60121869102538,59.91284415027837,9.35,12.0,-0.28,7.24
EZPW,2004-12-29,4.619999885559082,5.099999904632568,4.616666793823242,5.0233330726623535,569700.0,42.95312619494199,57.788725574402534,51.465679462344305,66.36825810760314,60.42573328928983,9.38,13.0,0.16,6.53
EZPW,2004-12-30,5.033332824707031,5.1666669845581055,4.889999866485596,5.033332824707031,380700.0,42.28258140192093,57.798268595690594,51.444295881400706,66.3669837711236,60.36222718185105,9.4,13.0,0.37,6.58
EZPW,2004-12-31,5.033332824707031,5.150000095367432,4.843332767486572,5.136666774749756,504900.0,40.92085529460547,57.48033357374992,51.43875392176454,66.38654502548775,60.38638173731448,9.43,13.0,0.54,6.53
EZPW,2005-01-03,5.183332920074463,5.183332920074463,4.836667060852051,4.866666793823242,614700.0,44.75710164941743,58.19826964071708,52.3267413262256,66.64087722694508,60.64569572091639,9.43,16.0,0.44,6.12
EZPW,2005-01-04,4.866666793823242,5.116666793823242,4.6666669845581055,4.756667137145996,307800.0,45.72484716804621,58.45365809381212,52.52878587940838,66.6813427425777,60.647457572659306,9.43,17.0,0.3,6.06
EZPW,2005-01-05,4.736667156219482,4.989999771118164,4.736667156219482,4.913332939147949,271800.0,46.081610604221346,58.46735031535375,52.367598865571274,66.77825973041087,60.6896379889063,9.43,17.0,0.2,6.04
EZPW,2005-01-06,4.980000019073486,4.980000019073486,4.833333015441895,4.889999866485596,120600.0,45.24397992611062,57.77996090148433,52.211034519147525,65.36547312824933,60.44994791982936,9.42,16.0,0.09,6.11
EZPW,2005-01-07,4.800000190734863,4.9166669845581055,4.800000190734863,4.896667003631592,112800.0,45.331993481170734,57.780421139146085,51.795289182195035,65.33652523667865,60.44775368956882,9.41,16.0,-0.02,6.48
EZPW,2005-01-10,4.853332996368408,4.960000038146973,4.853332996368408,4.896667003631592,202800.0,45.350693567121034,57.00978717266728,51.722426295946974,64.74393511467008,60.43953524868711,9.39,16.0,-0.14,6.51
EZPW,2005-01-11,4.883333206176758,4.9633331298828125,4.466667175292969,4.710000038146973,354900.0,47.40063058067569,57.700917648784824,52.229727111717715,64.89348383567717,60.576289877210996,9.37,19.0,-0.26,6.26
EZPW,2005-01-12,4.699999809265137,4.833333015441895,4.583333015441895,4.816667079925537,195000.0,47.54253267137475,57.74411789436669,52.15631140150173,64.9454267482443,60.54136081659291,9.34,18.0,-0.37,6.24
EZPW,2005-01-13,4.923333168029785,4.936666965484619,4.686666965484619,4.77666711807251,71700.0,47.80985119653747,57.26830335915444,52.17541497984157,64.95023259768435,60.51227043273909,9.31,19.0,-0.47,6.28
EZPW,2005-01-14,4.726666927337647,4.75333309173584,4.586667060852051,4.659999847412109,162600.0,48.71953043745524,57.45752396193905,50.47991620889305,64.91274938835451,60.559479183801756,9.27,12.0,-0.58,7.26
EZPW,2005-01-18,4.550000190734863,4.813333034515381,4.550000190734863,4.806666851043701,217500.0,48.839012731508646,57.62649239055821,49.77686910743835,64.61492742156713,60.477924313063106,9.23,5.0,-0.67,7.55
EZPW,2005-01-19,4.853332996368408,4.860000133514404,4.653333187103272,4.786666870117188,138600.0,48.892664456912065,57.237389195630904,49.76920099318971,64.6090600849012,60.4292146410209,9.18,5.0,-0.76,7.55
EZPW,2005-01-20,4.829999923706055,4.949999809265137,4.739999771118164,4.863333225250244,110100.0,48.83994603372089,56.15361311643524,49.75087898987037,64.51413513616743,60.37750467421462,9.13,5.0,-0.84,7.52
EZPW,2005-01-21,5.173333168029785,5.636666774749756,5.126667022705078,5.329999923706055,1848000.0,53.79727228325626,58.49761771314243,51.53356278804995,65.15551971418215,61.03996189000377,9.05,20.0,-0.84,6.43
EZPW,2005-01-24,5.47333288192749,5.923333168029785,5.466667175292969,5.676667213439941,1866300.0,55.614249540905334,59.33622767076816,52.22568876784204,65.55872081776367,61.346040525668656,8.97,26.0,-0.72,5.88
EZPW,2005-01-25,5.736667156219482,5.809999942779541,5.533332824707031,5.783332824707031,1125900.0,55.62185275367091,59.21706127264505,52.22576298150937,65.52636479423313,61.36780915430161,8.88,27.0,-0.62,5.84
EZPW,2005-01-26,5.826666831970215,6.216667175292969,5.806666851043701,5.966667175292969,1278900.0,55.51229595687715,59.27210743753193,52.240171620740725,64.78097430383787,61.436371941436164,8.78,29.0,-0.49,5.83
EZPW,2005-01-27,6.066667079925537,6.163332939147949,6.0,6.00333309173584,855900.0,54.26404918172253,59.22034471587653,52.05411245073764,64.60950692291173,60.995847400630986,8.67,23.0,-0.41,5.9
EZPW,2005-01-28,6.103332996368408,6.133333206176758,5.809999942779541,6.083333015441895,868500.0,52.63080566909997,58.230581780611914,52.052485313061624,64.47526419581028,61.004213321326375,8.56,23.0,-0.36,5.88
EZPW,2005-01-31,6.163332939147949,6.466667175292969,6.150000095367432,6.360000133514404,2105100.0,53.368214287779104,57.08646585054984,52.16406589786069,64.38699656049441,61.13516665851327,8.44,26.0,-0.23,5.8
EZPW,2005-02-01,6.433332920074463,6.433332920074463,6.043333053588867,6.22333288192749,1441500.0,54.33916238449857,57.448761427346426,52.09822866652988,64.42518567965448,61.18259289651547,8.3,25.0,-0.24,5.97
EZPW,2005-02-02,6.226666927337647,6.300000190734863,5.836667060852051,6.033332824707031,1408800.0,55.78817340456171,57.734774293291366,52.45305645463012,64.3091617379036,61.267000149075756,8.15,36.0,-0.32,5.84
EZPW,2005-02-03,6.163332939147949,6.626667022705078,6.039999961853027,6.340000152587891,2007900.0,56.303681308665354,58.14929429540585,52.66171512354661,64.43696022785761,61.37089249513713,7.98,38.0,-0.35,5.7
EZPW,2005-02-04,6.389999866485596,6.590000152587891,6.349999904632568,6.380000114440918,996900.0,56.32941166620263,58.06967733984584,52.62928114324594,64.43762751412562,61.368267383046785,7.85,38.0,-0.38,5.7
EZPW,2005-02-07,6.663332939147949,6.806666851043701,6.453332901000977,6.670000076293945,2634600.0,57.044523757681354,47.484707711028044,52.941568585368074,64.45600705020165,61.44134442329109,7.71,40.0,-0.36,5.45
EZPW,2005-02-08,6.679999828338623,7.056666851043701,6.679999828338623,6.976666927337647,2073300.0,57.0985804006259,47.70193458443913,53.20620415591403,64.51648904854082,61.58550605160613,7.59,42.0,-0.28,5.26
EZPW,2005-02-09,7.136666774749756,7.366666793823242,7.00333309173584,7.230000019073486,2163900.0,54.87689638964759,46.60278351348793,53.22816699452662,55.45427153596005,61.67219366183922,7.45,44.0,-0.18,5.24
EZPW,2005-02-10,7.300000190734863,7.300000190734863,5.876667022705078,6.176667213439941,4778400.0,70.56324479138279,58.060787511405195,59.08681267624269,58.713731301729,63.72617913274444,7.29,61.0,-0.3,6.51
EZPW,2005-02-11,6.190000057220459,6.820000171661377,6.190000057220459,6.756667137145996,1960500.0,74.50776642228685,60.10282898645707,60.51064394788581,59.25295590129451,64.31944004185155,7.14,69.0,-0.38,5.84
EZPW,2005-02-14,6.22333288192749,6.816667079925537,6.193333148956299,6.696667194366455,1448100.0,74.63133938208625,59.81781769970785,60.565401998764244,59.23910907559458,63.731878347455584,6.98,72.0,-0.47,5.81
EZPW,2005-02-15,6.536666870117188,6.980000019073486,6.333333015441895,6.626667022705078,1286700.0,72.48308425603746,59.72696550886604,60.625983939377605,59.214826682495826,63.71846872998099,6.82,75.0,-0.56,5.78
EZPW,2005-02-16,6.47333288192749,6.829999923706055,6.466667175292969,6.783332824707031,677700.0,71.8815977387573,59.74116030282707,60.60439989444092,59.24078701262824,63.750120718162194,6.66,74.0,-0.63,5.78
EZPW,2005-02-17,6.610000133514404,6.966667175292969,6.610000133514404,6.806666851043701,1033800.0,71.65106497845647,59.72630636828292,60.44672765982217,59.19477255575433,63.74828288101112,6.5,68.0,-0.7,5.86
EZPW,2005-02-18,6.6666669845581055,6.933332920074463,6.6666669845581055,6.766666889190674,753300.0,71.67329799178745,59.42433944938379,60.490203325285165,59.039818671896114,63.74037660694243,6.34,70.0,-0.78,5.84
EZPW,2005-02-22,6.6666669845581055,6.730000019073486,6.493332862854004,6.639999866485596,764400.0,72.14473311775048,59.738683149869466,60.61697426981313,59.02694244162745,63.76240193364703,6.17,78.0,-0.85,5.78
EZPW,2005-02-23,6.6066670417785645,6.800000190734863,6.539999961853027,6.670000076293945,838500.0,72.10142881686892,59.71878373872045,60.59642924138369,58.8999975707531,63.75830036836487,6.0,76.0,-0.92,5.79
EZPW,2005-02-24,6.756667137145996,6.756667137145996,6.21999979019165,6.533332824707031,1175100.0,71.21175141211022,59.9826818559389,60.749516171645055,58.96662547273914,63.79963030853758,5.85,81.0,-0.98,5.72
EZPW,2005-02-25,6.546667098999023,6.546667098999023,6.256667137145996,6.329999923706055,953400.0,72.16880936707629,60.593614119074765,61.04559068709147,59.0683440920828,63.812402275722256,5.71,88.0,-1.04,5.58
EZPW,2005-02-28,6.296667098999023,6.563333034515381,6.296667098999023,6.429999828338623,1148700.0,71.9997558710764,60.59385340600944,61.05758994248895,59.08266133690838,63.816662061185944,5.56,89.0,-1.1,5.57
EZPW,2005-03-01,6.440000057220459,6.809999942779541,6.403333187103272,6.809999942779541,1087200.0,72.50047996254422,61.31251368334746,61.35534216681175,59.17437194623207,64.02978464396024,5.42,94.0,-1.14,5.42
EZPW,2005-03-02,6.809999942779541,6.866666793823242,5.849999904632568,6.053332805633545,4233300.0,81.49376765113855,66.63993516103632,64.15577819015972,60.79225604453995,65.06930335112494,5.3,95.0,-1.18,4.98
EZPW,2005-03-03,5.800000190734863,5.833333015441895,5.329999923706055,5.393332958221436,4125900.0,88.94177803133785,71.3280218043183,66.99685935920887,62.354730654363735,66.11631327452953,5.24,96.0,-1.19,4.42
EZPW,2005-03-04,5.366666793823242,5.566667079925537,5.039999961853027,5.063333034515381,2761800.0,90.94862416020571,72.75759164429913,67.80385823192283,62.342464922151855,66.41069865236211,5.2,97.0,-1.19,4.14
EZPW,2005-03-07,5.216667175292969,5.406667232513428,5.133333206176758,5.2133331298828125,1853100.0,87.28950580484978,72.84662434216071,67.57155175903226,62.39473097703993,66.46860747864287,5.15,97.0,-1.19,4.23
EZPW,2005-03-08,5.203332901000977,5.289999961853027,4.630000114440918,4.706666946411133,1406100.0,89.90247674490656,76.10692495980223,69.69897807482745,63.488461999207914,67.21199577942542,5.15,100.0,-1.17,3.74
EZPW,2005-03-09,4.599999904632568,4.650000095367432,4.360000133514404,4.489999771118164,2042700.0,90.34075238682227,76.8061004128597,69.86605840803567,63.74246790984126,67.23515586050112,5.16,100.0,-1.15,3.69
EZPW,2005-03-10,4.510000228881836,4.679999828338623,4.489999771118164,4.573332786560059,789600.0,89.92736208837216,76.58778529504188,69.84760886208593,63.73958528133623,67.21023891982067,5.34,99.0,-1.13,3.7
EZPW,2005-03-11,4.570000171661377,4.646667003631592,4.326666831970215,4.3566670417785645,750900.0,90.52898528061897,76.53474571291969,70.36128251637284,63.99527715541626,67.39362129400376,5.53,100.0,-1.11,3.52
EZPW,2005-03-14,4.25333309173584,4.4166669845581055,4.153333187103272,4.386666774749756,2180100.0,90.40133940256021,75.64130937408478,70.13685008154282,63.995977306655206,67.35625370071381,5.69,99.0,-1.08,3.6
EZPW,2005-03-15,4.4166669845581055,4.456666946411133,4.210000038146973,4.329999923706055,1061100.0,88.86370096595112,75.69110694000615,70.11372501636373,63.986888916487636,67.33745491755107,5.85,98.0,-1.06,3.61
EZPW,2005-03-16,4.349999904632568,4.349999904632568,4.02666711807251,4.25,826500.0,88.84138746152209,75.76247936160262,70.21055865024601,63.991747626714,66.90181100904873,5.99,99.0,-1.04,3.57
EZPW,2005-03-17,4.226666927337647,4.566667079925537,4.179999828338623,4.563333034515381,1192800.0,91.89345847416058,77.12878893186934,70.82904794671951,64.49057197940157,67.2609452753809,6.15,100.0,-1.01,3.41
EZPW,2005-03-18,4.586667060852051,4.586667060852051,4.216667175292969,4.21999979019165,692100.0,92.24100389841288,78.75905034076189,71.65632281836074,65.17565236222278,67.72622072478892,6.31,100.0,-1.0,3.22
EZPW,2005-03-21,4.216667175292969,4.5,4.0966668128967285,4.49666690826416,1141200.0,94.76706568558812,79.81226594113517,72.20817869825422,65.58675906326026,68.00533183053929,6.48,100.0,-0.98,3.07
EZPW,2005-03-22,4.643332958221436,4.826666831970215,4.506667137145996,4.679999828338623,1129200.0,94.54471193949621,80.19157258844972,72.40317064990231,65.58018119467984,67.9353703474638,6.64,100.0,-0.97,3.01
EZPW,2005-03-23,4.74666690826416,4.813333034515381,4.553332805633545,4.626667022705078,899100.0,93.0027938186443,80.17941432923571,72.43463597070247,65.59041113932601,67.947878579359,6.79,100.0,-0.96,3.0
EZPW,2005-03-24,4.7133331298828125,4.7133331298828125,4.333333015441895,4.396667003631592,713700.0,92.39562967399013,79.47497389444747,72.92397996373023,65.68198269799889,68.14747125032167,6.95,100.0,-0.95,2.85
EZPW,2005-03-28,4.380000114440918,4.440000057220459,4.333333015441895,4.336667060852051,358800.0,82.17762142746292,77.3968091599099,72.89489273760374,65.68660100658502,68.12817339973782,7.09,99.0,-0.94,2.85
EZPW,2005-03-29,4.306666851043701,4.426667213439941,4.236667156219482,4.236667156219482,307500.0,76.36595887685425,77.50863520773612,72.70894354451114,65.71589505719075,68.12691491108257,7.23,98.0,-0.95,2.91
EZPW,2005-03-30,4.233333110809326,4.400000095367432,4.133333206176758,4.336667060852051,540900.0,77.1772413108512,77.54950942532669,71.839047495575,65.7368617244787,68.0960408784599,7.35,94.0,-0.94,3.12
EZPW,2005-03-31,4.333333015441895,4.5,4.326666831970215,4.426667213439941,495600.0,77.83801955545971,76.95085056591932,71.77269707561905,65.75113193717944,68.12340452690452,7.45,93.0,-0.94,3.14
EZPW,2005-04-01,4.436666965484619,4.576666831970215,4.383333206176758,4.5233330726623535,500100.0,77.76714980790751,76.96513646736393,71.52227690819886,65.67688717408446,68.13171884952534,7.56,91.0,-0.92,3.22
EZPW,2005-04-04,4.50333309173584,5.1666669845581055,4.5,5.110000133514404,1539900.0,87.04337287001404,80.71363226641999,73.91057661409593,67.18548440787157,69.08233110854682,7.69,100.0,-0.92,2.88
EZPW,2005-04-05,5.233333110809326,5.730000019073486,5.2133331298828125,5.373332977294922,3209100.0,88.7527911738455,81.3408898308609,74.23796373934479,67.04833982369873,69.21529933337541,7.82,100.0,-0.94,2.79
EZPW,2005-04-06,5.386666774749756,5.456666946411133,5.243332862854004,5.383333206176758,596100.0,88.72882312738466,81.34089918389668,69.00578767807112,67.02423497115802,69.20702952053924,7.88,80.0,-0.94,2.21
EZPW,2005-04-07,5.326666831970215,5.380000114440918,5.133333206176758,5.170000076293945,701400.0,89.17756578536356,81.79527083946414,69.16367936317755,62.52484283114974,69.21926282753464,7.94,80.0,-0.93,2.12
EZPW,2005-04-08,5.146667003631592,5.216667175292969,5.00333309173584,5.090000152587891,378900.0,89.12906334655973,81.45027097034654,68.82135492283854,62.38964086432036,69.07995078617286,8.0,78.0,-0.91,2.23
EZPW,2005-04-11,5.079999923706055,5.126667022705078,4.883333206176758,5.059999942779541,380700.0,88.85619233036245,81.3435645053064,68.82802918213888,62.22552230169682,69.071077443637,8.05,78.0,-0.9,2.22
EZPW,2005-04-12,5.039999961853027,5.086667060852051,4.75,4.983333110809326,277200.0,88.60821711827374,81.38926957083773,68.82751620354442,62.2237886070535,69.07422960327717,8.1,77.0,-0.88,2.22
EZPW,2005-04-13,4.946667194366455,5.016666889190674,4.849999904632568,4.936666965484619,207600.0,86.37721922811025,81.24522656422825,68.72254288520499,62.18682251685546,69.07787729973134,8.15,75.0,-0.86,2.26
EZPW,2005-04-14,4.976666927337647,4.976666927337647,4.75,4.75333309173584,228900.0,80.68730511957682,81.38318148350795,68.81881989642513,62.376128829532284,69.18716181089383,8.2,75.0,-0.83,2.19
EZPW,2005-04-15,4.72333288192749,4.72333288192749,3.946666955947876,4.066667079925537,1637400.0,86.05831966868924,87.42645818636701,73.306102347006,65.15850000640006,70.93736719310483,8.31,98.0,-0.82,2.36
EZPW,2005-04-18,4.0,4.343332767486572,3.9866669178009033,4.179999828338623,576900.0,85.14528123451763,87.56408380154788,73.35901363056506,65.21985169913457,70.9434251753011,8.42,98.0,-0.81,2.35
EZPW,2005-04-19,4.283332824707031,4.340000152587891,4.170000076293945,4.236667156219482,219300.0,84.69490543406891,85.41326675005864,73.27957368529266,65.22473906074113,70.94156139495212,8.53,96.0,-0.8,2.39
EZPW,2005-04-20,4.333333015441895,4.643332958221436,4.269999980926514,4.570000171661377,477300.0,82.97876112475952,85.87706698692172,74.19422589857146,65.77440342257175,71.33603899998553,8.64,99.0,-0.78,2.24
EZPW,2005-04-21,4.566667079925537,4.566667079925537,4.159999847412109,4.349999904632568,1012500.0,83.08796046329438,86.25410402217751,74.65011202604765,65.75438612035185,70.55892137478666,8.76,100.0,-0.76,2.09
EZPW,2005-04-22,4.369999885559082,4.510000228881836,4.199999809265137,4.486667156219482,433800.0,83.42195858591136,86.249242706308,74.782130438618,65.82968479736677,70.60438165061247,8.88,100.0,-0.74,2.08
EZPW,2005-04-25,4.413332939147949,4.420000076293945,4.333333015441895,4.403333187103272,448200.0,82.37598069137296,86.26590058676403,74.84341511979244,65.65658974848107,70.23298696141903,8.99,100.0,-0.73,2.05
EZPW,2005-04-26,4.413332939147949,4.533332824707031,4.380000114440918,4.386666774749756,354300.0,82.36072182060445,86.18128138914285,74.84881034793804,65.63794819824226,70.22060897308666,9.11,100.0,-0.71,2.04
EZPW,2005-04-27,4.376667022705078,4.376667022705078,4.183332920074463,4.333333015441895,316800.0,82.35046735925239,85.55949951432667,74.8793129233769,65.65536224483223,70.23084683993463,9.21,100.0,-0.7,2.03
EZPW,2005-04-28,4.380000114440918,4.380000114440918,4.130000114440918,4.153333187103272,249000.0,83.10389514686449,85.8227106194869,75.19299473987354,65.87067705831741,70.35660524485877,9.32,100.0,-0.7,1.93
EZPW,2005-04-29,4.103332996368408,4.190000057220459,3.993333101272583,4.079999923706055,508500.0,80.37012333724593,85.70590013789963,75.25431817516893,65.9008029742476,70.31172131111816,9.43,100.0,-0.7,1.9
EZPW,2005-05-02,4.066667079925537,4.099999904632568,4.03000020980835,4.046667098999023,262500.0,77.23195210979308,84.90480458808288,75.26988569344039,65.80668011619922,70.06215055606944,9.53,100.0,-0.71,1.89
EZPW,2005-05-03,4.033332824707031,4.333333015441895,4.03000020980835,4.316667079925537,552600.0,77.31204796561566,86.14042420669247,75.91763798182933,66.14507134730816,70.35227086137145,9.64,100.0,-0.71,1.8
EZPW,2005-05-04,4.336667060852051,4.550000190734863,4.286666870117188,4.49666690826416,530700.0,77.3538611992349,86.05259394730147,76.10457510797474,66.07130639323564,70.38867991273243,9.75,100.0,-0.7,1.77
EZPW,2005-05-05,4.550000190734863,4.643332958221436,4.313333034515381,4.333333015441895,566700.0,77.99590675151634,85.59457148113229,76.33160574122041,66.22239627124014,70.3323011747026,9.78,100.0,-0.7,1.69
EZPW,2005-05-06,4.286666870117188,4.443333148956299,4.27666711807251,4.349999904632568,185400.0,76.62121007521426,85.14940076856821,76.14453660389603,66.2211473415802,70.33308534765642,9.8,99.0,-0.7,1.71
EZPW,2005-05-09,4.343332767486572,4.426667213439941,4.22333288192749,4.28000020980835,286200.0,76.66225440880534,79.31354565755072,75.70512992772855,66.22273852264432,70.31728028441682,9.81,96.0,-0.7,1.77
EZPW,2005-05-10,4.233333110809326,4.233333110809326,4.039999961853027,4.0966668128967285,789900.0,77.41826064272543,77.11042441752912,75.47290510661573,66.42770377766263,69.9299441245481,9.81,95.0,-0.7,1.76
EZPW,2005-05-11,3.6766669750213614,3.849999904632568,3.3666670322418213,3.6333329677581774,2718000.0,84.32472560691768,80.43615180809932,77.8265344884181,67.11009112709644,70.8644332377031,9.84,100.0,-0.69,1.5
EZPW,2005-05-12,3.660000085830689,3.686666965484619,3.549999952316284,3.593333005905152,656700.0,83.96037603005136,80.43632896842063,77.81829766288442,66.82395253964872,70.79376002344006,9.86,99.0,-0.69,1.49
EZPW,2005-05-13,3.650000095367432,3.683332920074463,3.416666984558105,3.5799999237060547,417000.0,83.53170539530248,80.14456190548479,77.79264922285593,66.8214745174172,70.594132043673,9.88,98.0,-0.69,1.49
EZPW,2005-05-16,3.603332996368408,3.616667032241821,3.3933329582214355,3.413332939147949,949200.0,74.6294738819496,80.4447542322287,78.10620162425079,67.07525092943298,70.74293624917888,9.89,100.0,-0.68,1.41
EZPW,2005-05-17,3.4800000190734863,3.4800000190734863,3.166666984558105,3.266666889190674,1323000.0,72.60820326767963,80.7085202226761,78.36298264320976,67.29124463926249,70.74232668138335,9.9,100.0,-0.66,1.33
EZPW,2005-05-18,3.233333110809326,3.483333110809326,3.200000047683716,3.299999952316284,921000.0,72.83074395954017,80.82408943733915,78.36015431512075,67.29340581119463,70.6964937552287,9.9,99.0,-0.65,1.33
EZPW,2005-05-19,3.299999952316284,3.3933329582214355,3.2166669368743896,3.336667060852051,459300.0,72.87755121523986,80.89105335225146,78.37250783669735,67.30143018024977,70.70439469520622,9.88,100.0,-0.65,1.34
EZPW,2005-05-20,3.319999933242798,3.336667060852051,3.243333101272583,3.326667070388794,246900.0,72.95392106971146,80.88679616710498,77.43757008446248,67.22075026817362,70.62025994600361,9.85,93.0,-0.67,1.46
EZPW,2005-05-23,3.3499999046325684,3.376667022705078,3.233333110809326,3.240000009536743,417000.0,72.99383467439309,80.83771861936249,76.16751787477499,67.25881308783934,70.57089125641693,9.82,91.0,-0.68,1.58
EZPW,2005-05-24,3.3233330249786377,3.3333330154418945,3.2233328819274902,3.25333309173584,343500.0,73.20011788860647,80.70835423567732,76.17277139096976,67.258827848097,64.96949095373776,9.78,91.0,-0.7,1.58
EZPW,2005-05-25,3.299999952316284,3.3299999237060547,3.2266669273376465,3.2300000190734863,258900.0,73.21553117047408,79.43293952742462,76.07095842257326,67.13199658579683,64.9574082303406,9.73,87.0,-0.71,1.59
EZPW,2005-05-26,3.2866671085357666,3.2866671085357666,3.096667051315308,3.1533329486846924,392400.0,72.93572936381317,76.38728392467881,75.72395854280997,67.01005656427806,64.7646823673815,9.69,85.0,-0.73,1.67
EZPW,2005-05-27,3.1333329677581787,3.240000009536743,3.086667060852051,3.123332977294922,164400.0,59.146506266116106,73.21204511130229,75.67055794235115,66.99284317910453,64.7591861898196,9.64,83.0,-0.75,1.69
EZPW,2005-05-31,3.166666984558105,3.233333110809326,3.1333329677581787,3.146667003631592,187500.0,58.35801167629175,72.41164899668377,75.46661153806667,66.85582920128569,64.7119744627624,9.58,81.0,-0.77,1.73
EZPW,2005-06-01,3.150000095367432,3.316667079925537,3.150000095367432,3.2766671180725098,361800.0,59.788325533742494,72.69523072789463,75.80298166151574,67.01994190564463,64.81691995331376,9.52,85.0,-0.8,1.68
EZPW,2005-06-02,3.313333034515381,3.3333330154418945,3.1700000762939453,3.2133328914642334,259500.0,54.233184082750775,70.03018543129213,75.83781990757703,67.053005679024,64.830273467699,9.44,85.0,-0.83,1.66
EZPW,2005-06-03,3.259999990463257,3.3499999046325684,3.25,3.326667070388794,488400.0,54.63580725228259,70.00259678673676,76.08603946563586,67.12056827361495,64.83282344242355,9.36,87.0,-0.85,1.62
EZPW,2005-06-06,3.400000095367432,3.4100000858306885,3.266666889190674,3.2866671085357666,169800.0,53.31426216740643,69.84620136690152,75.89100023841927,67.02143456600223,64.77400807389313,9.28,84.0,-0.88,1.68
EZPW,2005-06-07,3.2833330631256104,3.3333330154418945,3.259999990463257,3.309999942779541,195000.0,53.48684079724725,69.3106799562678,75.79634643625677,66.91670526222548,64.67212505768371,9.19,81.0,-0.9,1.69
EZPW,2005-06-08,3.3399999141693115,3.346667051315308,3.259999990463257,3.273333072662353,103200.0,53.46092643383721,69.28193338608236,75.80196415442056,66.92735510319156,64.68063143473668,9.09,81.0,-0.93,1.69
EZPW,2005-06-09,3.319999933242798,3.319999933242798,3.2233328819274902,3.259999990463257,104100.0,53.48034235519429,69.26137967449458,75.72754685557513,66.92937078784847,64.63243863283836,8.95,79.0,-0.95,1.72
EZPW,2005-06-10,3.266666889190674,3.3833329677581787,3.2633330821990967,3.319999933242798,154500.0,53.12250923210951,69.35725481543777,75.60637188921329,66.9378431193125,64.65358051430847,8.79,75.0,-0.97,1.74
EZPW,2005-06-13,3.373332977294922,3.380000114440918,3.273333072662353,3.2833330631256104,222000.0,53.04446334658245,67.57100715518031,75.61548455538777,66.94017127913246,64.47630513762854,8.61,75.0,-0.99,1.73
EZPW,2005-06-14,3.3666670322418213,3.3666670322418213,3.293333053588867,3.326667070388794,121200.0,53.369611492482974,65.9449481196685,75.59838436327045,66.9140008050214,64.42163888463881,8.43,73.0,-1.01,1.74
EZPW,2005-06-15,3.3666670322418213,3.5,3.3333330154418945,3.4633328914642334,295800.0,50.96388011007473,65.09593426720272,74.37787443116822,67.07167678481805,64.51291985685664,8.26,62.0,-1.01,1.85
EZPW,2005-06-16,3.5,3.5566670894622803,3.4633328914642334,3.516666889190674,295200.0,49.37676118952849,64.57274935837289,73.66061470584687,67.0909929468727,64.15241871227423,8.09,58.0,-0.99,1.97
EZPW,2005-06-17,3.569999933242798,3.6333329677581774,3.5,3.5999999046325684,272400.0,49.41900651577463,64.81345036257666,73.7034068471836,67.14187216464877,64.16923576523008,7.92,58.0,-0.96,1.96
EZPW,2005-06-20,3.6666669845581055,3.696666955947876,3.5,3.539999961853028,299100.0,49.417551929874655,64.13405906666846,73.50113065644577,67.14477861294554,64.10890782719757,7.73,56.0,-0.91,1.98
EZPW,2005-06-21,3.593333005905152,3.593333005905152,3.50333309173584,3.559999942779541,177900.0,49.46401667906067,64.126279690241,73.49923684522594,67.11294838610917,64.09662354005329,7.53,55.0,-0.86,1.98
EZPW,2005-06-22,3.626667022705078,3.703332901000977,3.5899999141693115,3.6333329677581774,255300.0,48.7115121872817,64.1686377559194,73.55371745909083,67.15122201183401,64.1002976059992,7.32,56.0,-0.79,1.97
EZPW,2005-06-23,3.6666669845581055,3.6666669845581055,3.566667079925537,3.5833330154418945,474000.0,34.334700703234674,63.9800881415414,73.13353515783592,67.01346148663264,64.09576142938774,7.09,50.0,-0.71,2.04
EZPW,2005-06-24,3.5833330154418945,3.616667032241821,3.4100000858306885,3.4733328819274902,205200.0,35.3540737144532,64.03902379621888,73.20151999646288,66.98188752374774,64.17093532462181,6.85,50.0,-0.63,2.01
EZPW,2005-06-27,3.636667013168335,3.6666669845581055,3.549999952316284,3.563333034515381,481800.0,36.1781086545778,64.11224183827517,73.25732003701343,67.03851322456507,64.20076594037928,6.61,50.0,-0.54,2.03
EZPW,2005-06-28,3.5999999046325684,3.5999999046325684,3.430000066757202,3.456666946411133,347700.0,34.51410551823624,58.70573309624763,72.83205976413589,67.11264166419161,64.24215065681639,6.35,45.0,-0.44,2.08
EZPW,2005-06-29,3.5266671180725098,3.5266671180725098,3.316667079925537,3.3566670417785645,401400.0,33.11824760017096,57.67592715047476,72.89792680266713,67.06105249282437,64.28444639191497,6.08,46.0,-0.33,2.04
EZPW,2005-06-30,3.3666670322418213,3.703332901000977,3.3666670322418213,3.5833330154418945,1204500.0,37.96567397633598,59.568447601086625,73.34316641439622,67.46991628157214,64.61198098787449,5.79,52.0,-0.2,1.98
EZPW,2005-07-01,3.683332920074463,3.819999933242798,3.5999999046325684,3.6766669750213614,741600.0,38.47877094385599,59.514896474199574,73.06460293464974,67.37537737003588,64.6593244528669,5.49,46.0,-0.08,2.03
EZPW,2005-07-05,3.75,3.799999952316284,3.626667022705078,3.756666898727417,793200.0,38.78873956400407,59.736583556494026,72.89159547958293,67.39755297435335,64.58455062324452,5.17,42.0,-0.04,2.06
EZPW,2005-07-06,3.793333053588867,3.873332977294922,3.7699999809265137,3.836667060852051,358200.0,37.982134443733266,59.9756845832021,68.88226813697538,67.43648354871644,64.60790525548697,5.02,22.0,0.12,1.93
EZPW,2005-07-07,3.9166669845581055,3.950000047683716,3.7699999809265137,3.866667032241821,541800.0,37.98425777399101,59.98686946457992,67.22864061484634,67.33000308633153,64.46798758664,4.91,14.0,0.28,2.13
EZPW,2005-07-08,3.933332920074463,3.933332920074463,3.8233330249786377,3.859999895095825,220500.0,37.854969228869976,59.97919550020322,67.22924704475601,67.29639254245761,64.45054875690349,4.8,14.0,0.45,2.13
EZPW,2005-07-11,3.8833329677581774,3.9066669940948486,3.826667070388794,3.890000104904175,394200.0,36.77432974911026,59.61023890901789,67.25712396201753,67.29504258791987,64.4290583748526,4.68,14.0,0.64,2.14
EZPW,2005-07-12,3.936666965484619,3.936666965484619,3.733333110809326,3.786667108535767,331500.0,37.78415864019819,50.69105637396248,67.18475636429875,67.3045150479315,64.4655841456846,4.56,11.0,0.81,2.13
EZPW,2005-07-13,3.7833330631256095,3.816667079925537,3.609999895095825,3.683332920074463,364800.0,39.05063646291924,50.618589143905226,67.25697321776427,67.18208636454128,64.51406628256979,4.43,13.0,0.94,2.09
EZPW,2005-07-14,3.6566669940948486,3.6666669845581055,3.5,3.616667032241821,682200.0,38.1461232427522,50.619313941691566,67.28448345891923,67.18706210920472,64.45049706244872,4.3,14.0,1.05,2.07
EZPW,2005-07-15,3.596667051315308,3.6666669845581055,3.516666889190674,3.616667032241821,416700.0,37.54672389516489,47.91842876389399,67.26104352421133,67.18634345894368,64.43944821358396,4.17,13.0,1.18,2.09
EZPW,2005-07-18,3.6333329677581774,3.843333005905152,3.6333329677581774,3.809999942779541,381600.0,39.092249136345345,48.316648815128474,67.87266705644892,67.4415840969234,64.38812532369927,4.02,16.0,1.24,1.97
EZPW,2005-07-19,3.849999904632568,4.0,3.849999904632568,3.946666955947876,410100.0,39.74569944764073,48.45074537674185,68.13630805198534,67.4959754833041,64.45661589153548,3.87,16.0,1.3,1.93
EZPW,2005-07-20,3.9666669368743896,4.016666889190674,3.9600000381469727,3.9666669368743896,446100.0,39.745707373438286,48.34765114185474,68.02080187488276,67.4283184711889,61.0624365345895,3.72,15.0,1.42,1.98
EZPW,2005-07-21,4.183332920074463,4.793333053588867,4.150000095367432,4.643332958221436,2785800.0,58.868436726042276,58.326226744523446,72.66831476289288,69.71451203088563,62.882687026428975,3.53,39.0,1.25,2.45
EZPW,2005-07-22,4.619999885559082,4.983333110809326,4.616666793823242,4.863333225250244,1326300.0,59.5053032691913,58.99075477281297,72.4530015039889,69.34453329380162,62.921504065170666,3.34,38.0,-0.37,2.49
EZPW,2005-07-25,4.940000057220459,5.199999809265137,4.906667232513428,5.103332996368408,2057400.0,60.346105255606474,59.00347346065028,70.54648212005965,69.4790103991685,63.05987101804934,3.23,29.0,-0.92,2.68
EZPW,2005-07-26,5.103332996368408,5.25,5.016666889190674,5.243332862854004,993600.0,59.960785544243535,59.03002858182133,68.28921183573509,69.35419816191805,63.06979705082373,3.21,13.0,-0.96,2.97
EZPW,2005-07-27,5.24666690826416,5.4166669845581055,5.199999809265137,5.400000095367432,1212300.0,60.08847405885618,59.19661336924105,67.69899790415687,69.41799013683203,63.120753681514095,3.22,9.0,-0.9,3.14
EZPW,2005-07-28,5.400000095367432,5.686666965484619,5.389999866485596,5.5966668128967285,1222200.0,59.94587754352746,58.24047556963009,67.77761741265982,69.51940089947371,63.19567317311067,3.21,9.0,-0.77,3.11
EZPW,2005-07-29,5.663332939147949,5.733333110809326,5.550000190734863,5.633333206176758,844200.0,60.0085938307476,57.74375738538804,65.74098277435823,66.39786506336642,63.193585097572225,3.28,1.0,-0.67,3.51
EZPW,2005-08-01,5.690000057220459,5.739999771118164,5.5,5.603332996368408,995400.0,60.26569572569994,57.1508245561954,65.28246732047094,66.27796098896083,63.19362224154178,3.35,1.0,-0.65,3.67
EZPW,2005-08-02,5.559999942779541,5.583333015441895,5.170000076293945,5.289999961853027,928800.0,63.203990605887384,58.538842875215956,65.91337986560725,66.4345276768581,63.47166898088901,3.41,3.0,-0.69,3.46
EZPW,2005-08-03,5.216667175292969,5.480000019073486,5.050000190734863,5.143332958221436,816300.0,64.31114452797945,58.75826740377188,65.59814089762635,66.52803863063723,63.316874588030835,3.47,2.0,-0.76,3.57
EZPW,2005-08-04,5.230000019073486,5.533332824707031,5.066667079925537,5.4166669845581055,766800.0,65.29175830482316,58.76807462822361,66.07461198555198,66.75348744774293,63.50024703850353,3.53,5.0,-0.81,3.4
EZPW,2005-08-05,5.386666774749756,5.683332920074463,5.3566670417785645,5.656667232513428,945300.0,65.32860566192727,53.24197945364715,66.3516056817386,66.85563624032753,63.460464911158255,3.58,6.0,-0.82,3.3
EZPW,2005-08-08,5.683332920074463,5.983333110809326,5.683332920074463,5.953332901000977,1280400.0,64.59979234871524,53.843553147174426,66.70428458378261,66.97165961958166,63.6209112325539,3.62,7.0,-0.74,3.19
EZPW,2005-08-09,5.960000038146973,5.993332862854004,5.783332824707031,5.796667098999023,709500.0,65.82748406444526,54.26818684629332,65.97809036240888,67.06247605259264,63.68651194116972,3.67,5.0,-0.74,3.39
EZPW,2005-08-10,5.836667060852051,5.900000095367432,5.639999866485596,5.673333168029785,972300.0,65.32926427031673,53.378606715596696,64.81838416720072,67.08970161535464,63.72926612627534,3.75,1.0,-0.8,3.7
EZPW,2005-08-11,5.670000076293945,5.793333053588867,5.670000076293945,5.730000019073486,715800.0,63.90890171516542,52.250205865796886,64.0986219707118,67.02806897911742,63.72091450180307,3.85,1.0,-0.84,3.96
EZPW,2005-08-12,5.699999809265137,5.876667022705078,5.6066670417785645,5.699999809265137,744600.0,62.60959568063021,52.3355719526592,63.82588816544321,67.02497081663859,63.64519945118832,3.94,1.0,-0.87,4.07
EZPW,2005-08-15,5.75,5.75,5.266666889190674,5.4166669845581055,1031400.0,65.40336723823916,53.76206120340008,64.34391521090535,67.32456243601015,63.8336688998068,4.02,3.0,-0.93,3.88
EZPW,2005-08-16,5.373332977294922,5.573332786560059,5.179999828338623,5.4166669845581055,849000.0,65.45466302770134,53.7391622633709,63.79031371053146,67.31988873989155,63.66926468159875,4.11,1.0,-0.99,4.09
EZPW,2005-08-17,5.4166669845581055,5.456666946411133,5.28000020980835,5.400000095367432,542400.0,65.54440586403136,53.31013080851995,63.74542221300328,67.31461665521246,63.6555031408212,4.19,1.0,-1.06,4.11
EZPW,2005-08-18,5.4166669845581055,5.716667175292969,5.300000190734863,5.449999809265137,451200.0,65.53888946095599,53.30237332895579,63.62298656582188,67.31937542160527,63.65733508105392,4.28,1.0,-1.12,4.16
EZPW,2005-08-19,5.353332996368408,5.456666946411133,5.206666946411133,5.353332996368408,357900.0,65.98721640425191,53.4825825850181,63.616319107680056,67.35928757365112,63.6638992724856,4.36,1.0,-1.18,4.16
EZPW,2005-08-22,5.406667232513428,5.406667232513428,5.199999809265137,5.373332977294922,766800.0,66.01415882905313,53.064327258896306,63.548254734283994,67.34745657746475,63.64168097121353,4.44,1.0,-1.23,4.19
EZPW,2005-08-23,5.396667003631592,5.53000020980835,5.369999885559082,5.453332901000977,427500.0,65.04447747043952,52.937306232957326,63.50372477162607,67.36165424586864,62.98442884098057,4.51,1.0,-1.27,4.21
EZPW,2005-08-24,5.433332920074463,5.519999980926514,5.25,5.296667098999023,375000.0,65.12464123081189,53.51976738218934,60.69897634970023,67.46494153675006,62.8274539322597,4.64,1.0,-1.28,4.62
EZPW,2005-08-25,5.320000171661377,5.4166669845581055,5.00333309173584,5.173333168029785,572400.0,65.3569258765808,53.503614067231254,60.28420494337238,67.52217372184974,62.8781589096582,4.77,1.0,-1.27,4.8
EZPW,2005-08-26,5.126667022705078,5.309999942779541,5.126667022705078,5.25,267000.0,65.26254585824074,53.22141306591062,60.330855382568394,67.49898003871577,62.88324033034183,4.89,2.0,-1.27,4.78
EZPW,2005-08-29,5.196667194366455,5.329999923706055,5.196667194366455,5.313333034515381,294900.0,64.17105113097315,52.94169417697434,60.01519801903823,67.49240654018092,62.8884338122912,5.02,1.0,-1.28,4.93
EZPW,2005-08-30,5.283332824707031,5.480000019073486,5.269999980926514,5.396667003631592,358200.0,63.77960489369099,52.80088074356956,60.009309660455735,67.39711196272538,62.894825406715846,5.14,1.0,-1.29,4.94
EZPW,2005-08-31,5.433332920074463,5.460000038146973,5.400000095367432,5.443333148956299,181200.0,63.76188741858743,52.800339267018295,60.01357003703933,67.1048923296212,62.895494833623914,5.25,2.0,-1.3,4.94
EZPW,2005-09-01,5.466667175292969,5.476666927337647,5.283332824707031,5.309999942779541,368400.0,46.917268938741366,53.08847900875816,60.09726885764572,66.84458707303207,62.900570149412175,5.36,4.0,-1.32,4.9
EZPW,2005-09-02,5.2733330726623535,5.366666793823242,5.183332920074463,5.263332843780518,261300.0,45.34123737874737,53.14373011524002,60.09486726429726,66.85490122517015,62.873441913831286,5.47,4.0,-1.33,4.9
EZPW,2005-09-06,5.309999942779541,5.663332939147949,5.283332824707031,5.566667079925537,616500.0,46.07862546102109,54.01253653176666,60.41149455524392,67.16082235203558,63.09631497727306,5.56,8.0,-1.36,4.79
EZPW,2005-09-07,5.599999904632568,5.766666889190674,5.510000228881836,5.733333110809326,884400.0,46.19496006987221,54.02040908347732,55.03074656046889,67.23365779107728,63.05892805303371,5.78,1.0,-1.4,3.82
EZPW,2005-09-08,5.716667175292969,5.966667175292969,5.653333187103272,5.829999923706055,682800.0,45.70622941582733,54.03636855657638,54.93741807461888,67.22907600589727,62.944020300863734,5.98,1.0,-1.44,3.87
EZPW,2005-09-09,5.893332958221436,5.953332901000977,5.796667098999023,5.896667003631592,401700.0,44.70125784663572,53.653535347353355,54.928580937951686,67.23269883101499,62.93323044523116,6.17,1.0,-1.46,3.88
EZPW,2005-09-12,5.946667194366455,6.393332958221436,5.9166669845581055,6.380000114440918,2958300.0,49.96836695188996,55.52328067049116,55.03279724191026,67.8397412672746,63.29465538275534,6.35,4.0,-1.4,3.86
EZPW,2005-09-13,6.4166669845581055,6.4166669845581055,6.22333288192749,6.306666851043701,826500.0,50.103369143353284,55.62292806485023,54.43592424413231,67.83498130294124,63.30835126525576,6.52,1.0,-1.39,4.08
EZPW,2005-09-14,6.333333015441895,6.340000152587891,6.266666889190674,6.303332805633545,508500.0,46.62794738581505,55.39561476026941,54.26431741727061,67.31305239532215,63.30505061978678,6.69,1.0,-1.38,4.19
EZPW,2005-09-15,6.329999923706055,6.329999923706055,5.769999980926514,6.076666831970215,1575300.0,47.22751857761035,56.1964581390821,54.52357549116786,66.70255636457692,63.39744977353832,6.84,3.0,-1.41,4.08
EZPW,2005-09-16,6.059999942779541,6.196667194366455,5.909999847412109,6.136666774749756,449100.0,45.18051735968632,56.14597760802904,54.52184369646116,66.71054096910898,63.32505819053934,6.98,3.0,-1.44,4.07
EZPW,2005-09-19,6.226666927337647,6.343332767486572,6.136666774749756,6.190000057220459,713100.0,43.658408919733844,55.94827302015931,54.47061499274242,66.67748866088186,63.233106438175334,7.11,3.0,-1.47,4.09
EZPW,2005-09-20,6.21999979019165,6.323332786560059,5.866666793823242,5.943333148956299,765000.0,42.96752708969688,56.272882226886466,54.43347537094382,66.54111749026522,63.382398209032644,7.23,2.0,-1.5,4.1
EZPW,2005-09-21,5.949999809265137,5.96999979019165,5.303332805633545,5.349999904632568,1609500.0,52.22065457132341,60.819143214837766,57.013027160670795,67.66188957399746,64.29570032850714,7.3,11.0,-1.53,3.78
EZPW,2005-09-22,5.329999923706055,5.47333288192749,4.940000057220459,5.103332996368408,1251600.0,53.54035487745693,61.353153177948904,57.53677728765052,67.79147036783672,64.47219222353627,7.35,12.0,-1.55,3.59
EZPW,2005-09-23,5.159999847412109,5.400000095367432,5.066667079925537,5.266666889190674,579600.0,54.370129782653684,61.10153776061321,56.8610615623072,67.88975528906627,64.52710278628273,7.4,11.0,-1.57,3.83
EZPW,2005-09-26,5.3466668128967285,5.960000038146973,5.333333015441895,5.7733330726623535,1730400.0,60.884826786657506,62.400888534093625,58.306306950982346,68.74646571539971,65.10793289133802,7.43,14.0,-1.6,3.51
EZPW,2005-09-27,5.800000190734863,5.8466668128967285,5.583333015441895,5.783332824707031,472200.0,58.9014422283907,62.30276960518082,57.96159127765833,68.74644640174645,65.10584107793946,7.45,14.0,-1.62,3.63
EZPW,2005-09-28,5.816667079925537,5.816667079925537,5.420000076293945,5.466667175292969,624600.0,61.295226153164826,63.58589266152794,58.717997901222915,68.9193601702989,65.37018035701023,7.46,16.0,-1.64,3.38
EZPW,2005-09-29,5.466667175292969,5.556666851043701,5.269999980926514,5.413332939147949,547800.0,61.35844747224179,63.59338142400147,58.67532538635811,68.88280205289233,65.38002924724258,7.48,16.0,-1.66,3.4
EZPW,2005-09-30,5.363333225250244,5.449999809265137,5.320000171661377,5.353332996368408,368100.0,61.378841701829,63.6856190933962,58.249420788667514,68.88875750403734,65.37497589673855,7.49,15.0,-1.67,3.55
EZPW,2005-10-03,5.320000171661377,5.6666669845581055,5.320000171661377,5.630000114440918,588300.0,62.878842343901006,64.32815041040743,55.320315208548855,69.07256329514246,65.53035204747097,7.51,11.0,-1.68,3.37
EZPW,2005-10-04,5.663332939147949,5.696667194366455,5.433332920074463,5.440000057220459,659100.0,63.732794066508404,64.86323010993782,55.60814987850164,69.10637097991838,65.63335435817392,7.53,12.0,-1.68,3.27
EZPW,2005-10-05,5.570000171661377,5.576666831970215,5.263332843780518,5.440000057220459,549900.0,63.58705311266498,64.5206021353619,55.59789779604019,69.10400616378448,65.52476009865056,7.53,12.0,-1.67,3.27
EZPW,2005-10-06,5.52666711807251,5.52666711807251,5.153333187103272,5.170000076293945,680100.0,64.75329006213632,65.21118677341599,55.67696386316497,69.34897350272313,65.63123458127548,7.53,14.0,-1.66,3.25
EZPW,2005-10-07,5.1666669845581055,5.27666711807251,5.046667098999023,5.216667175292969,502200.0,64.44582606195318,65.02318893595846,55.145136542098726,68.50167199086505,65.62738065699463,7.52,11.0,-1.64,3.41
EZPW,2005-10-10,5.203332901000977,5.27666711807251,4.943333148956299,4.956666946411133,489000.0,65.97131816964205,66.0640365543618,55.843906046885195,68.35184144597326,65.81984724489348,7.49,16.0,-1.62,3.21
EZPW,2005-10-11,4.940000057220459,5.156667232513428,4.940000057220459,5.036666870117188,267900.0,66.0551900415985,65.38219894275893,55.86524330684992,68.34214382811955,65.71987026313734,7.46,17.0,-1.59,3.2
EZPW,2005-10-12,5.0,5.036666870117188,4.5,4.626667022705078,1202700.0,70.0595950348738,67.58088797487942,57.61656593940803,68.9555371634009,66.27973474451404,7.41,21.0,-1.56,2.89
EZPW,2005-10-13,4.633333206176758,4.75,4.440000057220459,4.616666793823242,521400.0,69.94545953085364,67.58610587913552,57.42674612074421,68.94975290478081,66.1639034426598,7.38,20.0,-1.53,2.95
EZPW,2005-10-14,4.706666946411133,4.75,4.586667060852051,4.716667175292969,306900.0,70.11955068196752,59.532412916576696,57.49688715527217,68.98113979802962,66.17746711405795,7.34,21.0,-1.5,2.91
EZPW,2005-10-17,4.6666669845581055,4.813333034515381,4.583333015441895,4.783332824707031,266100.0,70.29421534513251,58.83003310290182,57.49311022023813,68.78981657935462,66.18812825620633,7.3,21.0,-1.47,2.9
EZPW,2005-10-18,4.760000228881836,4.913332939147949,4.760000228881836,4.849999904632568,257100.0,68.23910583038342,58.037920616231695,57.338570042186944,68.77193210999694,66.11666497389287,7.26,20.0,-1.43,2.94
EZPW,2005-10-19,4.800000190734863,5.00333309173584,4.726666927337647,4.966667175292969,354600.0,68.01014651299693,57.97416404296683,57.37752538266797,68.74518508833697,66.12475770898399,7.22,21.0,-1.4,2.91
EZPW,2005-10-20,5.02666711807251,5.02666711807251,4.663332939147949,4.7133331298828125,503400.0,69.05072337627067,58.5659841018215,58.08398368056342,68.74567046622138,66.34870150284955,7.17,28.0,-1.37,2.71
EZPW,2005-10-21,4.663332939147949,4.869999885559082,4.539999961853027,4.683332920074463,258900.0,68.82970022298188,58.03129634577676,57.81134724229561,68.74142823384054,66.29668537091823,7.11,27.0,-1.33,2.84
EZPW,2005-10-24,4.696667194366455,4.786666870117188,4.599999904632568,4.693333148956299,472800.0,63.86936177293089,58.00754477671821,57.69327759212138,68.52330583214126,66.13868326437907,7.04,27.0,-1.29,2.87
EZPW,2005-10-25,4.659999847412109,4.733333110809326,4.653333187103272,4.653333187103272,200700.0,63.86986862536156,58.016741974863784,57.51222851839939,68.29979517646468,66.12124581237128,6.97,25.0,-1.25,2.96
EZPW,2005-10-26,4.630000114440918,4.793333053588867,4.630000114440918,4.7133331298828125,222600.0,64.16056983291365,56.979020883775235,57.47778538359031,68.174583383878,66.12837522698953,6.9,23.0,-1.21,2.96
EZPW,2005-10-27,4.726666927337647,4.739999771118164,4.636666774749756,4.653333187103272,132600.0,63.661221940688485,56.764437664043264,57.53389526296294,65.64356467964654,66.14152552531529,6.82,27.0,-1.16,2.95
EZPW,2005-10-28,4.633333206176758,4.683332920074463,4.583333015441895,4.6666669845581055,102300.0,63.515090335370495,55.67189489196309,57.486703750239265,64.74063722724749,66.09902333576933,6.74,24.0,-1.12,2.96
EZPW,2005-10-31,4.710000038146973,5.02666711807251,4.6666669845581055,4.896667003631592,411600.0,65.47417810111493,55.84738513876226,57.90592828447997,65.00662789520389,66.20837169606244,6.65,33.0,-1.08,2.79
EZPW,2005-11-01,4.900000095367432,5.070000171661377,4.900000095367432,5.03000020980835,291000.0,65.45511285976119,55.070466207424204,57.975821572326346,65.08601173821299,66.12720570740764,6.55,35.0,-1.02,2.76
EZPW,2005-11-02,5.070000171661377,5.260000228881836,5.046667098999023,5.21999979019165,399000.0,59.34231845192849,55.4391552877608,58.15726646434387,65.18000104793269,65.79131688238091,6.45,37.0,-0.97,2.67
EZPW,2005-11-03,5.25,5.333333015441895,5.24666690826416,5.260000228881836,263100.0,57.72404469194014,55.317055101796385,58.143445038889176,65.1863300621734,65.73713231371559,6.33,37.0,-0.92,2.68
EZPW,2005-11-04,5.266666889190674,5.296667098999023,5.079999923706055,5.21999979019165,214800.0,57.037740277788004,55.282313604982555,57.89189337789797,65.18833156675169,65.60137364878888,6.24,33.0,-0.85,2.79
EZPW,2005-11-07,5.103332996368408,5.110000133514404,4.929999828338623,5.036666870117188,415500.0,50.76919214835978,55.72112356949318,58.20704839029629,65.28231510137698,65.70786317032615,6.16,40.0,-0.77,2.71
EZPW,2005-11-08,4.993332862854004,5.076666831970215,4.960000038146973,4.96999979019165,162000.0,50.79485110404298,54.83631033449028,58.18070315415112,65.29317231538315,65.72370638403329,6.07,40.0,-0.68,2.73
EZPW,2005-11-09,5.046667098999023,5.239999771118164,4.99666690826416,5.210000038146973,416400.0,50.573463618341954,55.73338624784514,58.505326680992894,65.50754331581479,63.50718781635152,5.97,44.0,-0.59,2.59
EZPW,2005-11-10,5.243332862854004,5.25,5.076666831970215,5.199999809265137,433200.0,50.51395266901433,55.73172960338467,58.511803457345536,65.40794713350444,63.40830467848767,5.87,45.0,-0.49,2.6
EZPW,2005-11-11,5.233333110809326,5.539999961853027,5.019999980926514,5.516666889190674,973800.0,53.353544539995966,57.03128700715177,59.111341645193235,65.76570019573087,63.508748825877305,5.76,48.0,-0.39,2.4
EZPW,2005-11-14,5.583333015441895,5.616666793823242,5.28000020980835,5.316667079925537,726600.0,52.321779900363154,57.42127272880491,59.40322204642281,65.5359047217069,63.624300873551796,5.65,49.0,-0.28,2.32
EZPW,2005-11-15,5.296667098999023,5.383333206176758,5.059999942779541,5.093332767486572,371100.0,52.84056179789624,58.07979867036532,59.60870832065467,64.24980366214625,63.75786091695011,5.54,50.0,-0.17,2.27
EZPW,2005-11-16,5.093332767486572,5.139999866485596,4.706666946411133,4.843332767486572,1126200.0,54.64157619136512,58.85700445860559,60.119421169905266,63.067389841214684,63.920067317339836,5.41,56.0,-0.07,2.17
EZPW,2005-11-17,4.833333015441895,5.139999866485596,4.783332824707031,5.050000190734863,634200.0,54.31143174045988,59.252248382933224,60.18865641946173,62.82402456561458,63.94377820697721,5.29,57.0,0.03,2.12
EZPW,2005-11-18,5.039999961853027,5.050000190734863,4.97333288192749,5.0,324300.0,54.29275769620939,59.094337001816164,59.99514259696437,62.738480044523406,63.95379231580791,5.16,51.0,0.06,2.17
EZPW,2005-11-21,5.0,5.066667079925537,4.976666927337647,5.0,503400.0,52.206968120485264,59.00872449772082,59.185276550698894,61.55330574211754,63.92450914894101,5.01,49.0,0.16,2.41
EZPW,2005-11-22,4.906667232513428,5.016666889190674,4.906667232513428,4.99666690826416,270600.0,51.993897298811866,58.94839840300937,59.07939920417288,61.29388197769926,63.87951640094238,4.87,48.0,0.28,2.46
EZPW,2005-11-23,4.9633331298828125,4.99666690826416,4.860000133514404,4.956666946411133,320400.0,45.485688627963526,58.863127454854606,59.030669878648446,61.26561758271887,63.877065837183565,4.72,48.0,0.41,2.5
EZPW,2005-11-25,4.966667175292969,5.0966668128967285,4.966667175292969,5.066667079925537,65100.0,45.815917420781076,59.02345373150559,59.03776036176204,61.03949103956643,63.910289492220244,4.65,49.0,0.58,2.49
EZPW,2005-11-28,5.1066670417785645,5.126667022705078,5.013332843780518,5.056666851043701,277800.0,45.50337377535877,58.818578345965946,59.03702517799132,61.03617012825495,63.90823110623521,4.61,49.0,0.75,2.5
EZPW,2005-11-29,5.039999961853027,5.099999904632568,5.00333309173584,5.0233330726623535,165900.0,45.434922303967944,58.807447345574346,59.05141502416521,61.02052656984176,63.90558924293701,4.56,51.0,0.94,2.5
EZPW,2005-11-30,5.00333309173584,5.076666831970215,5.00333309173584,5.016666889190674,169500.0,45.29319568512163,57.603297183644244,59.04899826632779,60.97710766152149,63.90570783126655,4.51,51.0,1.13,2.5
EZPW,2005-12-01,5.066667079925537,5.093332767486572,4.966667175292969,5.036666870117188,490800.0,44.79385415156102,57.248588325416826,58.85993552296199,60.40350135765027,63.90489148069523,4.46,48.0,1.31,2.55
EZPW,2005-12-02,5.059999942779541,5.079999923706055,5.016666889190674,5.066667079925537,279600.0,41.914314456430084,57.139264526579915,58.65778342924348,59.674907844268446,63.89889737821656,4.41,46.0,1.4,2.61
EZPW,2005-12-05,5.083333015441895,5.183332920074463,5.039999961853027,5.073332786560059,483600.0,41.8332487585219,57.07334219607972,58.557762263396874,59.21001486857747,63.89803261943552,4.36,46.0,1.3,2.63
EZPW,2005-12-06,5.079999923706055,5.1066670417785645,5.019999980926514,5.076666831970215,491100.0,41.837071002776725,54.50894323747726,58.55688861695003,59.02517266710885,63.8980613872623,4.3,46.0,0.96,2.63
EZPW,2005-12-07,5.066667079925537,5.113333225250244,4.9633331298828125,5.016666889190674,291000.0,41.92540816807488,54.51097930820823,58.08164241689008,59.02641003843224,63.90421024962997,4.23,37.0,0.7,2.82
EZPW,2005-12-08,4.983333110809326,5.103332996368408,4.9633331298828125,5.006667137145996,217200.0,41.828660559828684,54.508032777178485,57.851762883381916,58.7091312308293,63.872820534580335,4.16,33.0,0.47,2.93
EZPW,2005-12-09,5.016666889190674,5.063333034515381,4.983333110809326,5.013332843780518,291300.0,41.59329534691668,54.0863746735212,57.850399077071614,58.68394076584133,63.85853085269776,4.08,33.0,0.06,2.93
EZPW,2005-12-12,4.99666690826416,5.21999979019165,4.980000019073486,5.206666946411133,534300.0,42.837660346215834,54.67613869245424,52.55714483981737,58.77601440550717,63.87339059456414,3.93,1.0,0.12,0.76
EZPW,2005-12-13,5.25,5.553332805633545,5.186666965484619,5.53000020980835,690900.0,44.05941175919466,56.13817790599269,52.90783178216045,59.13342455573524,63.91866224071935,3.77,2.0,0.11,0.73
EZPW,2005-12-14,5.226666927337647,5.27666711807251,4.9633331298828125,5.066667079925537,2026200.0,50.85850560639825,58.29950004528257,54.21503699488691,60.01512240226693,64.27981539530036,3.63,3.0,0.11,0.76
EZPW,2005-12-15,5.136666774749756,5.136666774749756,4.800000190734863,4.836667060852051,1540200.0,51.3612559714676,55.04040627595942,54.53364946887189,60.222134026440266,64.45226414753341,3.54,10.0,0.07,0.68
EZPW,2005-12-16,4.800000190734863,4.869999885559082,4.739999771118164,4.833333015441895,486600.0,51.27453438027095,54.2166059601135,54.317559769828115,58.458970294110266,64.44506819261602,3.47,5.0,0.05,0.73
EZPW,2005-12-19,4.836667060852051,4.933332920074463,4.803332805633545,4.886666774749756,342300.0,51.40618001271526,53.85447254620814,54.03085906374958,58.16474167999564,64.44523776880865,3.39,3.0,0.08,0.79
EZPW,2005-12-20,4.886666774749756,4.909999847412109,4.803332805633545,4.813333034515381,474000.0,50.5770702931859,50.3007780756218,54.05972129669333,58.189625769017795,64.44605566848209,3.35,4.0,0.11,0.77
EZPW,2005-12-21,4.833333015441895,5.0,4.833333015441895,4.966667175292969,399300.0,51.3227338364126,50.78473996852806,54.307973552958046,58.118095899668546,64.51396386623722,3.31,7.0,0.16,0.72
EZPW,2005-12-22,4.976666927337647,4.986667156219482,4.8566670417785645,4.933332920074463,162000.0,49.356629178138775,49.54377814485277,53.56012488099996,58.09455375954485,64.50988147789451,3.26,3.0,0.15,0.87
EZPW,2005-12-23,4.929999828338623,4.9633331298828125,4.893332958221436,4.913332939147949,134400.0,49.36091584059549,49.517683443837065,53.38249866747232,58.092394657105416,64.49697841083554,3.22,3.0,0.13,0.92
EZPW,2005-12-27,4.900000095367432,5.02666711807251,4.900000095367432,5.010000228881836,306300.0,46.34919213626297,49.66353793078092,52.82130131809334,58.110707492293265,64.11685060304082,3.17,2.0,0.15,1.02
EZPW,2005-12-28,5.0,5.153333187103272,5.0,5.0966668128967285,128100.0,45.5743811304442,48.64827882337725,52.42630436371065,58.13494531990139,63.55250326020371,3.12,1.0,0.24,1.1
EZPW,2005-12-29,5.083333015441895,5.1666669845581055,4.906667232513428,4.986667156219482,406200.0,44.29714318632635,48.356085034173184,51.85461375725623,58.01819794481431,63.58982246566659,3.05,1.0,0.41,1.19
EZPW,2005-12-30,4.9633331298828125,5.139999866485596,4.9633331298828125,5.093332767486572,175800.0,42.130859958548626,48.57722034663322,51.82598158324512,55.00843940556195,63.59258656970733,3.01,1.0,0.56,1.22
EZPW,2006-01-03,5.079999923706055,5.28000020980835,4.936666965484619,5.243332862854004,457500.0,41.227930766107576,47.83291878436493,51.944978753139004,55.01906321709068,63.42701064640405,2.98,3.0,0.68,1.2
EZPW,2006-01-04,5.25,5.363333225250244,5.25,5.306666851043701,370500.0,41.20061060280134,47.860520203187804,51.95688431242797,55.01477651115986,63.39503054347486,2.96,4.0,0.81,1.2
EZPW,2006-01-05,5.343332767486572,5.383333206176758,5.1666669845581055,5.243332862854004,183600.0,41.397342363575184,46.7237090566208,51.9827878150819,54.317503599353444,63.325689790249804,2.94,5.0,0.95,1.19
EZPW,2006-01-06,5.243332862854004,5.25,5.199999809265137,5.236667156219482,97800.0,41.40057344840676,46.6196917260108,51.35724184862791,53.99010078888554,63.32387527420942,2.92,1.0,0.99,1.36
EZPW,2006-01-09,5.25,5.389999866485596,5.210000038146973,5.316667079925537,280500.0,41.478965254765754,43.158003473077436,51.41614324172708,53.899289864228784,63.34129359151813,2.9,2.0,1.02,1.34
EZPW,2006-01-10,5.336667060852051,5.396667003631592,5.320000171661377,5.383333206176758,105900.0,41.17918429327989,43.19720895630853,51.45305207505901,53.86525952485307,63.35290490333533,2.88,3.0,1.02,1.34
EZPW,2006-01-11,5.413332939147949,5.493332862854004,5.376667022705078,5.436666965484619,174900.0,41.22219759043429,43.04615445108123,51.45608922023357,53.87196237880316,63.23715163939807,2.86,4.0,1.03,1.34
EZPW,2006-01-12,5.436666965484619,5.436666965484619,5.3566670417785645,5.413332939147949,70500.0,41.18361084211396,42.99787673430511,51.38110060919794,53.85230711083049,63.20098787480807,2.83,2.0,1.01,1.37
EZPW,2006-01-13,5.366666793823242,5.673333168029785,5.3466668128967285,5.599999904632568,275700.0,42.153926375435816,43.426997789610795,51.657680873925074,53.73824289534601,63.28302700156393,2.79,6.0,0.93,1.3
EZPW,2006-01-17,5.683332920074463,5.693333148956299,5.633333206176758,5.633333206176758,480300.0,42.15899617440553,43.20532155870529,51.61413769673293,53.69052608867084,63.233932464216394,2.75,6.0,0.86,1.31
EZPW,2006-01-18,5.679999828338623,5.800000190734863,5.610000133514404,5.766666889190674,465300.0,42.54016680824654,41.896733242791875,51.52425866158589,53.737851438726025,63.20202297668952,2.77,6.0,0.71,1.36
EZPW,2006-01-19,5.77666711807251,5.833333015441895,5.733333110809326,5.769999980926514,338100.0,42.54521693385174,41.851821711466236,51.37543028654602,53.21893560850476,63.20011658593203,2.79,2.0,0.55,1.42
EZPW,2006-01-20,5.75333309173584,5.829999923706055,5.693333148956299,5.733333110809326,191700.0,42.64607948916768,41.89979142650814,51.34217833812787,53.02170034784525,63.185754605214974,2.8,1.0,0.42,1.42
EZPW,2006-01-23,5.783332824707031,5.820000171661377,5.603332996368408,5.626667022705078,239700.0,42.915847888685164,42.07570801901757,51.40501039883437,52.87981590594061,62.55120091202168,2.82,5.0,0.34,1.38
EZPW,2006-01-24,5.599999904632568,5.853332996368408,5.5,5.730000019073486,877800.0,43.076641114794114,42.14288251957805,51.42627488129339,52.9162268484473,62.25934816134328,2.83,7.0,0.25,1.38
EZPW,2006-01-25,6.583333015441895,7.216667175292969,6.556666851043701,6.833333015441895,4299300.0,65.76492112182328,54.91427452885337,58.4796838542288,56.760968571819134,64.67595219023991,2.81,76.0,1.12,4.73
EZPW,2006-01-26,6.813333034515381,7.5,6.716667175292969,7.376667022705078,1299600.0,68.08493702311783,56.75473668659894,59.48847865958119,57.16029360224135,65.04833920978682,2.81,94.0,3.16,4.3
EZPW,2006-01-27,7.170000076293945,7.24666690826416,6.936666965484619,6.980000019073486,712500.0,69.13833509018802,57.5544698613369,60.18210383241582,55.68859562063857,65.28759467735647,2.81,98.0,2.9,4.06
EZPW,2006-01-30,6.99666690826416,7.039999961853027,6.77666711807251,6.933332920074463,629400.0,63.17234738452656,57.44348889364236,59.591346382923746,55.67477855185714,65.27929330718293,2.8,95.0,2.6,4.34
EZPW,2006-01-31,6.836667060852051,6.886666774749756,6.72333288192749,6.829999923706055,509400.0,61.34164361511425,57.20609826564987,59.49106217128689,55.71186954153,65.14805629711653,2.81,94.0,2.29,4.43
EZPW,2006-02-01,7.0,7.313333034515381,6.809999942779541,7.010000228881836,692100.0,61.36862402637865,57.37312989562707,59.568826038961234,55.43890370858454,65.16105757541285,2.83,94.0,2.1,4.38
EZPW,2006-02-02,7.083333015441895,7.159999847412109,6.6666669845581055,6.756667137145996,499500.0,63.00537110071532,57.95151338786207,59.86293295937679,55.35870237618461,65.19177349540514,2.85,96.0,1.86,4.28
EZPW,2006-02-03,6.766666889190674,7.063333034515381,6.726666927337647,6.9633331298828125,375900.0,62.752058449732374,57.57828670826698,58.74916541193069,55.440165160130206,65.07351426331472,2.86,80.0,1.83,4.7
EZPW,2006-02-06,6.933332920074463,7.0,6.4633331298828125,6.956666946411133,945900.0,62.598355346642734,57.46218563502491,58.71613787549278,55.437326550451125,65.07093358975023,2.87,78.0,1.75,4.71
EZPW,2006-02-07,6.920000076293945,6.989999771118164,6.679999828338623,6.766666889190674,417300.0,63.4104556731209,57.197117126642915,58.891985120631915,55.55858191716463,64.97982066365171,2.87,81.0,1.65,4.64
EZPW,2006-02-08,6.756667137145996,6.9633331298828125,6.613333225250244,6.946667194366455,276900.0,63.41283000589264,57.35625042339515,58.72302976112657,55.50301351881646,64.87694243015586,2.87,78.0,1.49,4.67
EZPW,2006-02-09,6.923333168029785,7.323332786560059,6.923333168029785,7.1066670417785645,702000.0,63.455748492684606,56.361959359183686,58.80655932523108,55.54631511164941,64.81851618282309,2.88,79.0,1.37,4.62
EZPW,2006-02-10,7.126667022705078,7.193333148956299,6.706666946411133,7.176667213439941,415500.0,63.43616622671403,55.714697857823126,58.810413639774026,55.53301665976911,62.86966181186965,2.88,79.0,1.28,4.62
EZPW,2006-02-13,7.199999809265137,7.489999771118164,7.170000076293945,7.309999942779541,696600.0,62.671999570740425,54.87324989801834,58.47958156846356,55.45379028569597,62.2557110339107,2.88,66.0,1.15,4.73
EZPW,2006-02-14,7.27666711807251,7.3333330154418945,7.183332920074463,7.296667098999023,491700.0,62.757895982815114,53.63207600237626,55.899669240819826,55.43339701705137,62.24919054628436,2.88,37.0,0.91,5.26
EZPW,2006-02-15,7.266666889190674,7.6666669845581055,7.233333110809326,7.389999866485596,459000.0,62.550705754444934,53.15154699406743,55.333454163294824,55.4405501018187,62.25186586848178,2.88,32.0,0.71,5.49
EZPW,2006-02-16,7.383333206176758,7.386666774749756,7.233333110809326,7.366666793823242,284100.0,62.693083430208084,53.08081419752521,55.16348761365262,55.28474446419707,62.210255671100064,2.88,31.0,0.5,5.63
EZPW,2006-02-17,7.400000095367432,7.400000095367432,7.25333309173584,7.329999923706055,243000.0,62.50267176123566,53.1165852541732,53.32022846479019,55.22257419667608,62.211735547012346,2.89,22.0,0.34,6.51
EZPW,2006-02-21,7.296667098999023,7.373332977294922,7.010000228881836,7.199999809265137,486300.0,62.97403577741094,53.33105070067761,53.417305034098646,55.1696461332082,62.23528947671617,2.91,24.0,0.16,6.47
EZPW,2006-02-22,7.183332920074463,7.659999847412109,7.173333168029785,7.610000133514404,556200.0,64.29159681311613,54.190396338348634,53.24597399744426,55.464440578973786,62.44880344512166,2.91,22.0,0.05,6.42
EZPW,2006-02-23,7.586667060852051,7.75,7.396667003631592,7.4166669845581055,623100.0,65.21183627700763,54.514146009704,53.40562905946473,55.58009428385504,62.50271697198097,2.92,25.0,-0.11,6.33
EZPW,2006-02-24,7.386666774749756,7.553332805633545,7.309999942779541,7.343332767486572,249600.0,65.4853313333207,54.59044645115326,53.397738574953976,55.575518254565026,62.47545336394711,2.92,25.0,-0.27,6.33
EZPW,2006-02-27,7.353332996368408,7.440000057220459,7.103332996368408,7.256667137145996,483900.0,65.66572996745332,54.653837900582595,52.90845746630646,55.60007090647452,62.40482190613871,2.94,22.0,-0.42,6.72
EZPW,2006-02-28,7.25333309173584,7.340000152587891,7.153333187103272,7.210000038146973,208500.0,65.41807405036944,54.693775616914344,52.59813840196112,55.590592910835845,62.39017902822792,2.96,20.0,-0.55,6.9
EZPW,2006-03-01,7.24666690826416,7.7733330726623535,7.24666690826416,7.743332862854004,833100.0,67.90302132898282,56.30473421790983,53.70909242706309,56.12252566146102,62.533433683201324,2.97,31.0,-0.63,6.19
EZPW,2006-03-02,7.75,7.829999923706055,7.5366668701171875,7.796667098999023,310800.0,67.80142214122495,56.30419054479249,52.99687319363024,56.11431466403462,61.39810560157368,2.99,24.0,-0.7,6.54
EZPW,2006-03-03,7.816667079925537,7.826666831970215,7.616666793823242,7.766666889190674,253800.0,67.86739985590162,56.33716693432815,53.00599222689666,55.963661981164215,60.27704895907592,3.0,25.0,-0.78,6.55
EZPW,2006-03-06,7.8333330154418945,7.876667022705078,7.716667175292969,7.813333034515381,358800.0,67.70406363533924,56.32172585012618,52.264839073967984,55.94922541925585,59.92879232844051,3.03,18.0,-0.85,6.94
EZPW,2006-03-07,7.809999942779541,8.09000015258789,7.800000190734863,8.083333015441895,759000.0,67.45983929289301,56.44239577141879,52.44256498633173,56.01353079702126,59.952684330530396,3.05,20.0,-0.87,6.79
EZPW,2006-03-08,8.033332824707031,8.176667213439941,7.8333330154418945,8.146666526794434,381000.0,67.44513187843377,56.404356727388596,50.43557177917969,55.957438597592,59.039497982161336,3.1,1.0,-0.9,7.63
EZPW,2006-03-09,8.133333206176758,8.623332977294922,8.133333206176758,8.453332901000977,883200.0,46.90838065297491,56.69306139648585,50.66289196088204,56.08788881157864,58.93314540104082,3.14,2.0,-0.85,7.39
EZPW,2006-03-10,8.433333396911621,8.80666732788086,8.433333396911621,8.716667175292969,753000.0,42.707221897423985,56.554693623460416,50.7555271316262,56.14130848011081,58.9791718764119,3.18,3.0,-0.76,7.3
EZPW,2006-03-13,8.696666717529297,8.826666831970215,8.399999618530273,8.716667175292969,933600.0,38.67987826507983,55.542900330977204,50.74886531369044,56.10019093834562,58.756312498498254,3.21,3.0,-0.72,7.33
EZPW,2006-03-14,8.666666984558105,8.666666984558105,8.34000015258789,8.666666984558105,618600.0,38.65055724774357,51.97747485201377,50.76712994293189,55.950205970942676,58.760994704819836,3.25,5.0,-0.73,7.35
EZPW,2006-03-15,8.670000076293945,8.766667366027832,8.5,8.596667289733887,302100.0,38.35259078353264,50.812676497329804,50.73219682205903,55.91840835582937,58.749902960886416,3.28,3.0,-0.78,7.43
EZPW,2006-03-16,8.600000381469727,8.703332901000977,8.5600004196167,8.636667251586914,315900.0,37.96249250073602,50.77836206967877,49.87774916501914,55.76061573891929,58.71100034874686,3.32,1.0,-0.83,7.94
EZPW,2006-03-17,8.630000114440918,8.946666717529297,8.583333015441895,8.803333282470703,381900.0,35.75619088125266,50.814645107840825,49.880097519917186,55.6338964153676,58.33248148202521,3.36,2.0,-0.85,7.89
EZPW,2006-03-20,8.890000343322754,9.643333435058594,8.890000343322754,9.510000228881836,1209600.0,40.485810236927996,52.378995548127016,51.12835030815659,55.83143638857481,58.24096570334869,3.38,9.0,-0.71,6.97
EZPW,2006-03-21,9.233332633972168,9.579999923706056,9.010000228881836,9.233332633972168,557400.0,41.9997761552417,52.869400001610366,51.39899191393229,55.931274199493416,58.01684547944045,3.39,14.0,-0.71,6.81
EZPW,2006-03-22,9.24666690826416,9.333333015441896,8.936667442321777,9.300000190734863,394200.0,40.51048916767782,52.75426772578854,51.39014862370873,55.89777439497576,57.898849846900724,3.41,14.0,-0.72,6.83
EZPW,2006-03-23,9.333333015441896,9.59000015258789,9.109999656677246,9.25,661800.0,40.486150034907034,52.7707037035036,51.33154620147986,55.87858954358778,57.88709784998021,3.43,10.0,-0.75,6.86
EZPW,2006-03-24,9.356666564941406,9.369999885559082,9.173333168029783,9.216667175292969,366000.0,40.4592475572152,52.81583158347849,51.35468605629367,55.88653813053589,57.63886412460079,3.44,12.0,-0.8,6.85
EZPW,2006-03-27,9.130000114440918,9.44333267211914,9.0,9.416666984558104,556800.0,40.628627122878584,52.847638317913294,50.982048490592135,55.91563184472626,57.64411658978435,3.45,9.0,-0.83,7.16
EZPW,2006-03-28,9.296667098999023,9.75,9.149999618530272,9.266667366027832,619200.0,41.16359729066701,52.71140855866161,51.00177628755641,55.96981091767111,57.61525214478272,3.46,10.0,-0.89,7.22
EZPW,2006-03-29,9.216667175292969,9.643333435058594,9.216667175292969,9.643333435058594,458100.0,42.06917172804403,53.01355513852868,51.046391747685114,55.99419490930166,57.697056259202775,3.47,11.0,-0.91,7.19
EZPW,2006-03-30,9.696666717529297,9.899999618530272,9.673333168029783,9.699999809265137,662700.0,42.0677036372529,52.882816140209435,51.04584524482113,55.85754639389422,57.671354994819204,3.48,11.0,-0.93,7.19
EZPW,2006-03-31,9.793333053588867,9.883333206176758,9.600000381469728,9.84000015258789,564600.0,41.93110291452935,52.888250127986616,51.01427416723523,55.796411238951784,57.65252959116353,3.49,11.0,-0.95,7.18
EZPW,2006-04-03,9.903332710266112,10.050000190734863,9.356666564941406,9.643333435058594,902100.0,42.61798294393279,53.06189261031696,50.74651466722955,55.87581473052935,56.44991265158602,3.49,6.0,-0.99,7.34
EZPW,2006-04-04,9.609999656677246,9.850000381469728,9.609999656677246,9.739999771118164,551400.0,41.83992039143901,53.00847494379861,50.64957396338855,55.60259111780119,56.251352765910646,3.5,4.0,-1.03,7.37
EZPW,2006-04-05,9.80666732788086,10.15999984741211,9.773332595825195,10.0,1006500.0,39.90921005710389,53.101353645527226,50.33340832693736,55.5448774750466,56.302427877894786,3.5,3.0,-1.05,7.65
EZPW,2006-04-06,10.15666675567627,10.346667289733888,10.100000381469728,10.34000015258789,714600.0,39.09710865519916,53.30751420142572,50.49514197373585,55.645496031056766,56.221963882306824,3.5,5.0,-1.04,7.45
EZPW,2006-04-07,10.383333206176758,10.493332862854004,10.123332977294922,10.223333358764648,830100.0,39.165048851854465,53.50163967747871,49.874603874890575,52.65030499489859,56.20965165919214,3.5,1.0,-1.06,8.04
EZPW,2006-04-10,10.266667366027832,10.896666526794434,10.233332633972168,10.56999969482422,1221000.0,39.06001232135093,53.612253206581784,49.57564600209787,52.527388533456154,56.28583937010735,3.5,1.0,-1.04,8.14
EZPW,2006-04-11,10.733332633972168,10.766667366027832,9.390000343322754,9.81999969482422,2664900.0,46.10861800249012,56.13138830287362,50.58896003965937,53.06925367387839,56.775234542790166,3.48,8.0,-1.1,7.68
EZPW,2006-04-12,9.666666984558104,10.529999732971191,9.266667366027832,10.239999771118164,1291200.0,43.429601008569364,56.51973463285485,50.06426078993361,53.1901589432719,56.89702286463583,3.45,5.0,-1.12,7.88
EZPW,2006-04-13,10.006667137145996,10.69333267211914,10.006667137145996,10.649999618530272,901800.0,44.27726738360422,56.7737392661954,50.021783624517724,53.26961624552814,56.86516004023463,3.42,5.0,-1.12,7.92
EZPW,2006-04-17,10.883333206176758,11.1899995803833,10.649999618530272,11.00333309173584,1320300.0,44.51924921007332,56.921076380812465,50.10124294831496,53.24439842370345,54.647935947173444,3.39,7.0,-1.09,7.78
EZPW,2006-04-18,12.0600004196167,13.130000114440918,12.0,12.613332748413086,5148600.0,57.32701978145608,62.36058002684566,54.0852988334653,55.51412551598346,56.186346608579186,3.34,66.0,-0.72,6.77
EZPW,2006-04-19,12.686667442321776,13.096667289733888,12.25,12.403332710266112,1910100.0,57.82700883880035,62.31837973254353,54.22095438563546,55.5591435369028,56.21869031676439,3.3,68.0,-0.56,6.7
EZPW,2006-04-20,12.470000267028809,12.649999618530272,12.243332862854004,12.3100004196167,818700.0,58.14668944598116,62.453024562209926,54.21711409460646,55.08716993487324,55.77076367406539,3.26,68.0,-0.49,6.7
EZPW,2006-04-21,12.513333320617676,13.116666793823242,12.366666793823242,12.829999923706056,1115100.0,58.31384410213493,52.75176517213463,54.4216293679435,55.11812309165746,55.63843697796529,3.22,72.0,-0.37,6.53
EZPW,2006-04-24,12.979999542236328,13.479999542236328,12.859999656677246,13.113332748413086,1541700.0,58.14908974986497,50.99028776330079,54.42746338199546,54.874309231034935,55.60214690110945,3.17,73.0,-0.27,6.49
EZPW,2006-04-25,13.149999618530272,13.456666946411133,11.533332824707031,12.026666641235352,3794100.0,64.9193692582231,53.04723872931597,56.46979459775117,55.73789991665723,56.29212264851602,3.14,78.0,-0.35,5.83
EZPW,2006-04-26,11.173333168029783,11.333333015441896,10.096667289733888,10.203332901000977,4259100.0,82.36212418477504,63.80517640271395,62.78993134051636,58.92603994062502,58.75270356412251,3.23,100.0,-0.42,6.53
EZPW,2006-04-27,10.213333129882812,10.31666660308838,9.923333168029783,10.079999923706056,1353900.0,82.42839092822653,63.76684486561496,62.86258200056083,58.848185810711186,58.752513611483025,3.31,100.0,-0.48,6.49
EZPW,2006-04-28,10.083333015441896,10.646666526794434,10.083333015441896,10.56666660308838,1086000.0,83.31461296022043,64.1890539905885,63.18551035076635,59.00496546792222,58.73467593155659,3.41,100.0,-0.55,6.3
EZPW,2006-05-01,10.673333168029783,11.233332633972168,10.666666984558104,11.16333293914795,1740000.0,84.41688244703055,64.27794241858378,63.626842736816144,59.31389852081147,58.91728159429943,3.52,100.0,-0.62,6.06
EZPW,2006-05-02,11.24666690826416,11.489999771118164,10.536666870117188,11.050000190734863,1520700.0,81.94711377464029,64.22619952103935,63.68159169332422,59.32732478516347,58.921779767617366,3.62,100.0,-0.68,6.03
EZPW,2006-05-03,11.0,11.470000267028809,11.0,11.300000190734863,857700.0,81.42576880666061,64.26988484704349,63.64450213859777,59.009867229785705,58.636376092681374,3.73,99.0,-0.74,6.05
EZPW,2006-05-04,11.533332824707031,11.983332633972168,11.5,11.793333053588867,1146600.0,82.0919616617055,64.2159468397406,63.85923396877432,59.18456917786188,58.64858935454681,3.84,100.0,-0.79,5.93
EZPW,2006-05-05,11.90666675567627,11.960000038146973,11.083333015441896,11.466667175292969,832200.0,82.67328334568191,64.5664764616427,64.11437978867416,59.302468153604536,58.5930644302632,3.95,100.0,-0.84,5.8
EZPW,2006-05-08,11.523332595825195,11.550000190734863,11.020000457763672,11.386667251586914,606600.0,82.71750454227265,64.57080624999651,63.98304805608173,59.31413585024165,58.603133037652825,4.07,99.0,-0.88,5.87
EZPW,2006-05-09,11.386667251586914,11.65999984741211,11.09000015258789,11.483332633972168,434700.0,82.60628079623257,64.56966291000144,63.4287350251894,59.25852305849557,58.57035168419473,4.18,94.0,-0.92,6.16
EZPW,2006-05-10,11.50333309173584,11.50333309173584,11.173333168029783,11.369999885559082,466200.0,82.47893623180448,64.63246685564025,61.647443849025564,59.28217579008077,58.39111662684392,4.24,90.0,-0.96,6.88
EZPW,2006-05-11,11.293333053588867,11.333333015441896,10.800000190734863,11.079999923706056,690000.0,82.39035857158498,64.96472361650795,61.268811428644696,59.37450753967223,57.127752833603616,4.3,89.0,-0.99,7.09
EZPW,2006-05-12,10.833333015441896,10.866666793823242,10.203332901000977,10.619999885559082,781800.0,83.50753078292968,65.73374699299556,61.780108696577116,59.4990641360327,57.29874211044827,4.36,90.0,-1.01,6.8
EZPW,2006-05-15,10.483332633972168,10.58666706085205,10.0,10.279999732971191,775800.0,84.05895301837717,66.18362333514949,62.10976600120544,59.56677014331465,57.41160646656972,4.43,90.0,-1.01,6.61
EZPW,2006-05-16,10.31666660308838,10.666666984558104,10.266667366027832,10.473333358764648,696900.0,83.94315196156,66.19993868730137,62.02879145124338,59.578673793214264,57.19275747098991,4.49,89.0,-1.02,6.66
EZPW,2006-05-17,10.43333339691162,10.43333339691162,10.063332557678224,10.15999984741211,468900.0,84.45448372121442,66.44087138868456,62.20519170520598,59.70777584535543,57.093703535010334,4.55,90.0,-1.02,6.57
EZPW,2006-05-18,10.166666984558104,10.486666679382324,10.0,10.109999656677246,431100.0,84.13788616475745,65.66130273390353,62.19561147337311,59.69922160127259,57.0986464663663,4.61,89.0,-1.02,6.57
EZPW,2006-05-19,10.15666675567627,10.206666946411133,8.90999984741211,9.733332633972168,2079300.0,84.24412454939363,65.95103019034035,62.583243605701234,59.89701909402867,57.251903480583636,4.67,90.0,-1.01,6.36
EZPW,2006-05-22,9.5,9.779999732971191,9.023332595825195,9.436667442321776,1540200.0,84.6236366340537,66.2877282849547,62.8354476163368,59.94196717031779,57.35558095826171,4.74,91.0,-0.99,6.23
EZPW,2006-05-23,9.416666984558104,10.136667251586914,9.366666793823242,9.84000015258789,904500.0,84.9733932001109,66.64548229051151,63.06564804230001,60.098613062504484,57.39684010003422,4.8,92.0,-0.97,6.1
EZPW,2006-05-24,9.859999656677246,9.859999656677246,9.479999542236328,9.770000457763672,741600.0,82.27373354887527,66.65071015659254,62.94032032083443,59.784878334937694,57.40844934847505,4.85,91.0,-0.96,6.16
EZPW,2006-05-25,9.873332977294922,10.123332977294922,9.800000190734863,10.039999961853027,636600.0,81.73174152479173,65.37761757587705,62.983342569774315,59.77155214660637,57.44218249881129,4.9,91.0,-0.95,6.14
EZPW,2006-05-26,10.18000030517578,10.526666641235352,10.109999656677246,10.489999771118164,781800.0,81.93696118864314,65.87625314235093,63.16023397192693,59.9444078127398,57.50473851577297,4.95,92.0,-0.94,6.04
EZPW,2006-05-30,10.273332595825195,10.726667404174805,10.273332595825195,10.57333278656006,774000.0,81.37935459717039,65.85324654352637,63.15520904572212,59.939220504714385,57.48756901520748,4.99,91.0,-0.93,6.04
EZPW,2006-05-31,10.57333278656006,10.83666706085205,10.50333309173584,10.770000457763672,711300.0,70.45569402647477,65.90941301846237,63.10815367257189,59.29033903118709,57.503061331234285,5.04,90.0,-0.93,6.06
EZPW,2006-06-01,10.850000381469728,10.949999809265137,10.713333129882812,10.783332824707031,577200.0,70.3931890451052,65.64309017942173,63.100837748606544,59.26570051316067,57.39294182042952,5.07,89.0,-0.93,6.07
EZPW,2006-06-02,10.956666946411133,10.956666946411133,10.43333339691162,10.640000343322754,568500.0,70.43421765801085,65.74522627928205,63.17207271263273,59.29591526565292,57.3701903247615,5.11,92.0,-0.93,6.03
EZPW,2006-06-05,10.666666984558104,11.0,10.416666984558104,10.513333320617676,579900.0,69.0752316609065,65.47622554907807,63.23676350530477,59.13609255418453,57.3156085286523,5.14,93.0,-0.92,6.0
EZPW,2006-06-06,10.486666679382324,10.486666679382324,9.853333473205566,10.326666831970217,1039800.0,68.61027338111863,65.37627417338994,63.35496137241755,59.182388538397866,57.335538990295035,5.17,93.0,-0.91,5.94
EZPW,2006-06-07,10.333333015441896,10.74666690826416,10.113332748413086,10.213333129882812,594000.0,64.46450385582936,65.43573261777345,63.39296582819076,59.201249815527746,57.3561090398514,5.2,93.0,-0.9,5.92
EZPW,2006-06-08,10.08666706085205,10.16333293914795,9.603333473205566,10.100000381469728,655200.0,43.52737647089494,65.47471734748227,63.297931549815814,58.99899357615538,57.356161418206,5.22,91.0,-0.88,5.99
EZPW,2006-06-09,10.100000381469728,10.329999923706056,9.886667251586914,10.036666870117188,429900.0,43.42195052285535,65.46312596317027,63.327492555230016,57.59119443873183,57.35989344063523,5.25,91.0,-0.86,5.97
EZPW,2006-06-12,10.083333015441896,10.199999809265137,9.603333473205566,9.66333293914795,580800.0,42.356317983728964,65.98458947455755,63.64027314788151,57.48639351101759,57.499124949007175,5.27,95.0,-0.84,5.83
EZPW,2006-06-13,9.5600004196167,9.699999809265137,9.083333015441896,9.286666870117188,1110900.0,39.927867085140775,66.42911311344403,64.03515151968972,57.61672559011465,57.64710146763801,5.3,99.0,-0.81,5.64
EZPW,2006-06-14,9.239999771118164,9.833333015441896,9.18000030517578,9.75333309173584,538200.0,42.97755501854809,65.28733285826948,64.39294258428897,56.907035114442486,57.814961708686766,5.32,100.0,-0.8,5.45
EZPW,2006-06-15,9.84333324432373,10.449999809265137,9.84333324432373,10.376667022705078,834600.0,46.48825136742347,66.18067570317865,64.897379395471,57.3338989011164,57.99094868516956,5.35,100.0,-0.83,5.2
EZPW,2006-06-16,10.353333473205566,10.43333339691162,10.126667022705078,10.18333339691162,436200.0,44.63029338267487,66.30700800127185,64.98788641022286,56.95590585915768,58.02664023526872,5.38,100.0,-0.87,5.17
EZPW,2006-06-19,10.363332748413086,10.666666984558104,10.083333015441896,10.130000114440918,899700.0,44.086312371942185,66.30639255943225,58.98724788734402,56.943529058513064,58.00221715401075,5.38,57.0,-0.83,4.43
EZPW,2006-06-20,10.076666831970217,10.393333435058594,9.920000076293944,10.260000228881836,383100.0,44.345525953412256,66.33715815019089,57.84786383478702,56.927310522585,57.97052831233963,5.38,50.0,-0.79,4.83
EZPW,2006-06-21,10.260000228881836,10.856666564941406,10.1899995803833,10.723333358764648,895500.0,46.34335406957655,66.78644069630809,57.437347281111265,56.86006729807461,58.107863311504474,5.37,50.0,-0.76,5.06
EZPW,2006-06-22,10.616666793823242,10.899999618530272,10.59000015258789,10.846667289733888,585300.0,46.45075059323733,66.70365254579923,57.421096797528804,56.68809138727764,58.089984144618946,5.36,50.0,-0.73,5.08
EZPW,2006-06-23,10.970000267028809,11.529999732971191,10.923333168029783,11.5,1060500.0,48.983256817321305,67.25520949081006,57.96896296634569,57.05365745542746,58.31253042408069,5.36,53.0,-0.72,4.87
EZPW,2006-06-26,12.036666870117188,12.359999656677246,11.74666690826416,11.973333358764648,2532600.0,48.44411180329165,67.68896716832162,58.144107086856664,56.834898550922084,58.310178544985746,5.36,54.0,-0.7,4.79
EZPW,2006-06-27,12.05666732788086,12.133333206176758,11.453332901000977,11.523332595825195,1487100.0,48.84938080296335,68.1873353254939,58.17227544250092,57.059326202182525,58.43267700649199,5.35,55.0,-0.69,4.78
EZPW,2006-06-28,11.733332633972168,11.853333473205566,11.236666679382324,11.796667098999023,960600.0,48.995947865702085,68.14992463000108,58.10940296584187,56.71884470724756,58.35642296354128,5.35,54.0,-0.67,4.81
EZPW,2006-06-29,11.833333015441896,12.359999656677246,11.789999961853027,12.333333015441896,1374600.0,49.24009863283921,68.65819471789145,58.43233316178862,56.89777217826051,58.3887919393971,5.35,57.0,-0.65,4.68
EZPW,2006-06-30,12.576666831970217,12.963333129882812,12.393333435058594,12.563332557678224,6124200.0,49.23679227643854,68.56739028344245,58.21947229866281,55.904823663363715,58.09114704846381,5.34,57.0,-0.64,4.81
EZPW,2006-07-03,14.136667251586914,14.3100004196167,13.850000381469728,14.283332824707031,4042500.0,58.65374599310456,72.93628862163935,61.288151247524056,57.75242996631063,59.35116725572731,5.36,64.0,-0.32,4.41
EZPW,2006-07-05,14.55666732788086,14.583333015441896,14.17666721343994,14.44333267211914,2564100.0,57.176310757076166,72.86150988047547,61.24076367498685,57.72724427954811,59.33189492984504,5.37,62.0,-0.05,4.43
EZPW,2006-07-06,14.5,14.766667366027832,14.239999771118164,14.333333015441896,1518900.0,56.894178070741866,72.68267026178867,61.283725531054756,57.74290386668232,59.32496340588453,5.39,63.0,0.08,4.4
EZPW,2006-07-07,14.199999809265137,14.606666564941406,13.923333168029783,13.963333129882812,1441800.0,57.726398922618536,71.12276978353479,61.47899841494099,57.86117597740243,59.40730476019033,5.4,64.0,0.1,4.3
EZPW,2006-07-10,13.966667175292969,14.729999542236328,13.173333168029783,14.346667289733888,3190500.0,57.72231258530219,70.86692718644409,61.55091685335411,57.8769244984718,59.443934866701554,5.42,64.0,0.15,4.28
EZPW,2006-07-11,14.333333015441896,14.416666984558104,13.533332824707031,14.19333267211914,2404200.0,57.26340849626437,70.59356925580953,61.605807951572466,57.4955415196005,59.46477259073907,5.43,64.0,0.14,4.25
EZPW,2006-07-12,14.279999732971191,14.716667175292969,13.916666984558104,14.116666793823242,2078700.0,57.43725201763574,70.38277970071641,61.615868627951244,57.49268728687913,59.387202420111564,5.45,64.0,0.11,4.24
EZPW,2006-07-13,13.783332824707031,14.0,13.313332557678224,13.436667442321776,2114400.0,59.84577883623151,65.59503842948996,62.22631435031024,57.8648323419452,59.54729584088189,5.45,70.0,0.05,3.99
EZPW,2006-07-14,13.140000343322754,13.350000381469728,12.263333320617676,12.953332901000977,2710200.0,61.17504004943971,65.95072359375324,62.48053375507624,58.0582378990376,59.64801697106973,5.46,70.0,-0.01,3.89
EZPW,2006-07-17,12.506667137145996,13.119999885559082,12.34333324432373,12.989999771118164,1376700.0,60.90602637831547,65.92939070550699,61.97544945274961,58.053009749061545,59.646277975813256,5.46,64.0,-0.06,4.08
EZPW,2006-07-18,13.09333324432373,13.893333435058594,13.020000457763672,13.789999961853027,1467300.0,62.52684850518702,66.51673267592166,62.368918022489495,58.36269028049511,59.71201689228665,5.47,69.0,-0.12,3.95
EZPW,2006-07-19,13.866666793823242,14.666666984558104,13.796667098999023,14.520000457763672,2221800.0,63.1642177145724,67.18676389921369,62.727273625103365,58.60958194083716,59.81708979468912,5.47,71.0,-0.15,3.83
EZPW,2006-07-20,14.92666721343994,15.146666526794434,13.666666984558104,13.699999809265137,2042100.0,66.02526332913058,65.83389865717164,63.50315171276573,58.890176925127214,60.15109473402812,5.48,89.0,-0.23,3.56
EZPW,2006-07-21,13.420000076293944,13.58666706085205,12.920000076293944,13.05666732788086,1670700.0,67.88542434722189,56.983744837924974,64.05861724090653,59.17840840777083,58.40317351370137,5.49,96.0,-0.32,3.35
EZPW,2006-07-24,13.460000038146973,14.0600004196167,13.276666641235352,14.036666870117188,1814700.0,70.1799316739081,58.56441253753765,64.0850914459321,59.59117354938376,58.65005633931864,5.51,96.0,-0.39,3.35
EZPW,2006-07-25,14.08666706085205,14.446666717529297,13.50333309173584,14.166666984558104,1793400.0,68.62755429916218,57.92512454231037,64.08703803169223,59.5922694438187,58.486031667137325,5.52,96.0,-0.47,3.35
EZPW,2006-07-26,14.473333358764648,14.846667289733888,13.390000343322754,14.470000267028809,2384700.0,66.8248283612726,57.08668947988603,64.11257508329312,59.60038270319228,58.46576299891002,5.52,96.0,-0.53,3.34
EZPW,2006-07-27,14.616666793823242,14.81666660308838,13.92666721343994,14.126667022705078,1869300.0,66.92522763114391,57.3065184777177,64.29200688122143,59.50163744729132,58.476850734147604,5.52,97.0,-0.62,3.27
EZPW,2006-07-28,13.979999542236328,14.266667366027832,13.216667175292969,13.630000114440918,2329500.0,66.62500739734645,57.75210109850827,64.47081621904188,59.66208453826833,58.52209156055831,5.52,98.0,-0.71,3.19
EZPW,2006-07-31,13.403332710266112,13.93000030517578,13.333333015441896,13.876667022705078,1133700.0,66.13735098136272,57.24713019608689,64.5011874833907,59.47543372439337,58.539069222031635,5.49,98.0,-0.79,3.18
EZPW,2006-08-01,13.603333473205566,13.786666870117188,12.979999542236328,13.136667251586914,1339200.0,68.66176987351247,58.116115271536096,64.99866657171059,59.89523747777451,58.822984738833185,5.47,100.0,-0.85,3.02
EZPW,2006-08-02,13.050000190734863,13.4399995803833,12.366666793823242,12.896666526794434,2223000.0,69.09410834657697,58.24114680227452,64.96103465813376,59.61375752518564,58.54568056107629,5.44,98.0,-0.9,3.03
EZPW,2006-08-03,12.526666641235352,12.966667175292969,12.273332595825195,12.9399995803833,1158900.0,68.22535415442442,58.22666930464868,64.95806813765357,59.40777251451258,58.45937382067359,5.41,97.0,-0.94,3.03
EZPW,2006-08-04,13.236666679382324,13.579999923706056,12.516667366027832,12.67666721343994,1609800.0,68.6435074195334,58.36032318676957,65.05682828631646,59.21282272518158,58.30895465082641,5.37,100.0,-0.97,2.99
EZPW,2006-08-07,12.529999732971191,12.726667404174805,12.380000114440918,12.68000030517578,933600.0,66.7640163348211,58.07660089047938,65.03137591012643,58.847959891447765,58.17138172639162,5.33,99.0,-1.01,3.0
EZPW,2006-08-08,12.68000030517578,13.0600004196167,12.289999961853027,12.373332977294922,1260300.0,66.27710458022953,57.60231910205085,65.1869241089328,58.79262683888628,58.03730852915999,5.28,100.0,-1.04,2.94
EZPW,2006-08-09,12.486666679382324,12.826666831970217,12.203332901000977,12.25333309173584,1208700.0,65.31145327633638,57.197317681021545,65.17302716404888,58.79189981813144,57.975379516559556,5.22,99.0,-1.06,2.94
EZPW,2006-08-10,12.016667366027832,12.533332824707031,11.366666793823242,12.456666946411133,2261400.0,65.14376987977592,57.17355005102742,64.12447465792513,58.80452346293542,57.93874975305226,5.16,87.0,-1.08,3.22
EZPW,2006-08-11,12.359999656677246,12.516667366027832,12.083333015441896,12.166666984558104,935400.0,64.24941944535645,57.02099235157766,64.05509980108076,58.898258001787376,57.995967884252686,5.11,81.0,-1.08,3.24
EZPW,2006-08-14,12.296667098999023,12.466667175292969,11.796667098999023,11.896666526794434,1322700.0,64.29627443880909,57.23757325907338,64.17551570740487,58.96757157508077,58.04594531886737,5.05,87.0,-1.08,3.2
EZPW,2006-08-15,11.966667175292969,12.229999542236328,11.523332595825195,11.65666675567627,1452000.0,51.26850938703961,56.81558191613709,64.26625311647595,59.007593708047814,57.840913910668846,4.99,87.0,-1.07,3.16
EZPW,2006-08-16,11.713333129882812,11.936667442321776,11.553333282470703,11.803333282470703,992400.0,51.31143331852189,56.40269482431325,64.27935921632877,59.009648878549314,57.84782776890237,4.93,87.0,-1.06,3.16
EZPW,2006-08-17,11.760000228881836,12.550000190734863,11.666666984558104,12.369999885559082,1415700.0,53.60985778730642,56.55742143713314,64.5965178056257,59.2043955401639,58.00992287323358,4.85,91.0,-1.07,3.05
EZPW,2006-08-18,12.416666984558104,12.493332862854004,12.076666831970217,12.263333320617676,802800.0,53.246040989584685,56.57086156942085,64.55241956933662,59.22179461056666,58.0191286707428,4.77,90.0,-1.08,3.07
EZPW,2006-08-21,12.300000190734863,12.65666675567627,11.896666526794434,12.513333320617676,1192200.0,52.92887489336344,56.46390128788104,64.3403431097665,59.249015371235345,58.004951176245115,4.69,86.0,-1.08,3.14
EZPW,2006-08-22,12.58666706085205,13.026666641235352,12.486666679382324,12.856666564941406,1671300.0,53.67407761680698,56.05725391287605,64.45562868292754,59.30616460723633,58.053336439913664,4.6,87.0,-1.1,3.1
EZPW,2006-08-23,13.029999732971191,13.133333206176758,12.466667175292969,12.886667251586914,1364100.0,53.69445662919878,56.04969340895527,64.42921514791303,59.30535583817837,58.042318911408884,4.5,86.0,-1.12,3.11
EZPW,2006-08-24,12.916666984558104,13.0600004196167,12.57333278656006,12.966667175292969,851400.0,51.91369825022094,55.96461949987871,64.32670004099066,59.30302968589361,57.950785092784365,4.39,83.0,-1.13,3.15
EZPW,2006-08-25,13.0,13.0,12.333333015441896,12.43000030517578,845700.0,52.27248533019011,56.73125584076586,64.71515948882816,59.53483494976337,58.06874369654616,4.28,91.0,-1.12,3.01
EZPW,2006-08-28,12.383333206176758,12.686667442321776,12.333333015441896,12.553333282470703,658500.0,52.36152143589301,56.65563736594045,64.61302845726054,59.53165001686903,58.06136357914367,4.14,90.0,-1.12,3.05
EZPW,2006-08-29,12.553333282470703,13.053333282470703,12.466667175292969,12.983332633972168,856800.0,50.22741064523623,56.92058051547551,64.61605274171586,59.62573928985846,58.133826176908954,4.01,90.0,-1.13,3.05
EZPW,2006-08-30,13.0,13.333333015441896,12.916666984558104,13.149999618530272,1098000.0,47.830819382094155,56.77419924536049,64.59997672900954,59.506694670804684,58.12867832934023,3.84,88.0,-1.14,3.06
EZPW,2006-08-31,13.25,13.266667366027832,12.899999618530272,13.09000015258789,494700.0,44.92661660826788,56.716381434854526,64.4195399912916,59.154926832214414,58.132070174311835,3.65,81.0,-1.15,3.12
EZPW,2006-09-01,13.113332748413086,13.300000190734863,12.99666690826416,13.276666641235352,1079700.0,42.89527209967503,56.66208412070956,63.2896963472004,58.13621112486928,58.0722939317782,3.46,53.0,-1.16,3.44
EZPW,2006-09-05,13.33666706085205,13.733332633972168,13.33666706085205,13.686667442321776,1449000.0,38.26463644998759,56.86089089042898,63.136454393950494,57.88273530912622,58.12029933508291,3.25,47.0,-1.17,3.49
EZPW,2006-09-06,13.893333435058594,13.916666984558104,13.289999961853027,13.376667022705078,1193400.0,38.661578686435725,56.45727863697147,62.996348946461936,57.977329057302626,57.94377382749795,3.01,43.0,-1.17,3.54
EZPW,2006-09-07,13.376667022705078,13.376667022705078,12.436667442321776,12.666666984558104,1990200.0,40.89498624057812,57.04064580108621,63.445396058144965,58.40929422052825,58.173836633817785,2.75,58.0,-1.17,3.39
EZPW,2006-09-08,12.646666526794434,13.0,12.646666526794434,12.880000114440918,480000.0,40.90385174804522,56.35971741376837,59.68824070209268,58.374083592654166,58.17379426460493,2.64,16.0,-1.17,3.4
EZPW,2006-09-11,12.699999809265137,12.803333282470703,12.18333339691162,12.24666690826416,1560000.0,42.12224119785557,56.18346896666813,60.16889704659528,58.66472175111286,58.41376566388017,2.51,16.0,-1.17,3.21
EZPW,2006-09-12,12.166666984558104,12.666666984558104,12.166666984558104,12.55666732788086,722100.0,42.48370977557617,56.18242700542648,60.28840192613224,58.69540083954684,57.958151333483535,2.38,16.0,-1.18,3.18
EZPW,2006-09-13,12.533332824707031,12.793333053588867,12.513333320617676,12.779999732971191,637800.0,39.970636062318896,56.22601790138081,59.99271115803847,58.70337739301096,57.95961598170092,2.25,14.0,-1.17,3.28
EZPW,2006-09-14,12.75333309173584,12.82333278656006,12.263333320617676,12.390000343322754,579900.0,40.609279552582464,56.64410263934403,60.08837981801617,58.83547067804473,58.05716825252921,2.11,14.0,-1.16,3.22
EZPW,2006-09-15,12.486666679382324,12.579999923706056,12.293333053588867,12.333333015441896,727800.0,40.59478007738037,56.01362458527337,58.49218396227411,58.828639541363536,57.92766490131268,2.06,10.0,-1.16,3.65
EZPW,2006-09-18,12.403332710266112,13.30666732788086,12.293333053588867,13.123332977294922,1755300.0,44.151648405699646,57.31202307568485,53.06056663672448,59.1288811151932,58.22619008702633,2.27,1.0,-1.15,0.74
EZPW,2006-09-19,13.313332557678224,13.313332557678224,12.760000228881836,12.896666526794434,947100.0,44.479007532166406,56.285054254146374,53.104173242440865,59.160088696543326,58.25922549995498,2.46,2.0,-1.12,0.73
EZPW,2006-09-20,12.899999618530272,13.146666526794434,12.706666946411133,13.116666793823242,1076100.0,44.06963140321789,55.80475763527839,52.671672944800896,59.108648208949354,58.11116688900639,2.65,1.0,-1.1,0.85
EZPW,2006-09-21,13.256667137145996,13.283332824707031,12.423333168029783,12.603333473205566,812100.0,45.6063114501972,55.85492546734779,52.40437641828265,59.34204101304395,57.25004978353609,2.83,1.0,-1.09,0.96
EZPW,2006-09-22,12.5,12.516667366027832,11.729999542236328,12.199999809265137,1777200.0,46.361280140714165,56.09271635080814,52.64739813828053,59.47339840509823,57.13850689864005,2.98,2.0,-1.07,0.91
EZPW,2006-09-25,12.17666721343994,12.49666690826416,12.0,12.453332901000977,938700.0,46.233542648001205,55.50347237115989,52.62937295440043,59.498645050809706,57.09501804647261,3.13,2.0,-1.05,0.92
EZPW,2006-09-26,12.453332901000977,13.026666641235352,12.453332901000977,12.789999961853027,1284300.0,46.28169614070034,55.64427726645809,52.366140152247574,59.54241919461156,56.44981375779684,3.27,1.0,-1.06,0.99
EZPW,2006-09-27,12.699999809265137,13.140000343322754,12.699999809265137,12.896666526794434,694200.0,45.79827434023133,48.875767561889134,52.17320287392167,59.53699692162392,56.45197518889472,3.41,1.0,-1.05,1.01
EZPW,2006-09-28,12.833333015441896,12.99666690826416,12.68000030517578,12.903332710266112,780600.0,45.72223969693312,48.80499024149159,52.156859649956246,59.536201963407166,56.135839025429334,3.53,1.0,-1.04,1.01
EZPW,2006-09-29,12.93333339691162,13.06999969482422,12.866666793823242,12.893333435058594,560100.0,43.78954486654181,48.79062926665765,52.14499093712902,59.530073625914696,56.12176314869196,3.66,1.0,-1.03,1.02
EZPW,2006-10-02,12.866666793823242,13.039999961853027,12.75,12.93333339691162,1179000.0,43.68772904828366,48.53371537839543,52.11554201216481,59.42972231595556,56.10265965469829,3.78,1.0,-1.02,1.02
EZPW,2006-10-03,12.803333282470703,12.890000343322754,12.083333015441896,12.140000343322754,1821600.0,47.19083132881921,49.79628920072212,52.94467324515446,59.970828282677125,56.30029209403755,3.87,10.0,-0.99,0.94
EZPW,2006-10-04,12.09000015258789,12.333333015441896,11.873332977294922,12.273332595825195,1296000.0,46.58421088721511,49.84629282811818,52.50908860173161,59.93297466372193,56.18038575101052,3.98,7.0,-0.94,1.0
EZPW,2006-10-05,12.216667175292969,12.266667366027832,12.0,12.220000267028809,545700.0,46.57613930953712,49.844044707433035,52.23464697873831,59.94000874349027,56.18458620478823,4.08,5.0,-0.88,1.06
EZPW,2006-10-06,12.096667289733888,12.30666732788086,11.970000267028809,12.100000381469728,554100.0,46.570195219924784,48.90287404592824,52.195805695443035,59.9500846311236,55.937055693579865,4.18,5.0,-0.82,1.09
EZPW,2006-10-09,12.186667442321776,12.199999809265137,11.873332977294922,12.083333015441896,611400.0,45.002621881089055,48.35932954318684,51.94825908245754,59.891714901234835,55.936218515054826,4.27,1.0,-0.74,1.14
EZPW,2006-10-10,12.15999984741211,12.283332824707031,11.886667251586914,11.966667175292969,615300.0,44.95138497148406,48.383385567029286,51.969348605574694,59.891193766394714,55.68413405364282,4.37,2.0,-0.67,1.13
EZPW,2006-10-11,11.916666984558104,12.053333282470703,11.523332595825195,11.640000343322754,1270500.0,44.27985022773587,46.96230759566624,51.794851050989934,56.40388015009752,55.756903398006706,4.46,1.0,-0.61,1.17
EZPW,2006-10-12,11.543333053588867,12.40999984741211,11.149999618530272,12.116666793823242,4028400.0,45.844192122104474,46.45160775056118,51.88023955899212,55.898052773364526,55.16932341920604,4.54,2.0,-0.57,1.1
EZPW,2006-10-13,14.116666793823242,14.449999809265137,13.853333473205566,14.15666675567627,12390000.0,64.84969154790944,55.408682738346506,56.96946997771267,58.331836348515886,57.21540589637802,4.55,20.0,-0.52,3.04
EZPW,2006-10-16,14.363332748413086,15.15666675567627,14.220000267028809,15.08666706085205,5422800.0,67.15878005822383,55.947499093405185,57.731193424694894,58.74346484888151,57.49606397992775,4.55,23.0,-0.44,2.72
EZPW,2006-10-17,14.850000381469728,15.08666706085205,14.546667098999023,14.93333339691162,2085000.0,66.8153352562743,54.0647007770223,57.659022514423356,58.72396325402388,57.507310032494594,4.56,23.0,-0.37,2.79
EZPW,2006-10-18,15.063332557678224,15.603333473205566,15.0,15.06999969482422,2053200.0,66.3833591440513,54.06400229751627,57.31016413121217,58.67019549028634,57.501555035861074,4.56,21.0,-0.3,2.96
EZPW,2006-10-19,15.149999618530272,15.149999618530272,14.603333473205566,14.743332862854004,1685100.0,64.53224193607937,54.09925702867082,57.448768632564075,58.549801242658084,57.52931220232617,4.56,24.0,-0.26,2.94
EZPW,2006-10-20,14.713333129882812,14.743332862854004,14.020000457763672,14.270000457763672,1842600.0,65.33787447203387,54.29325328437539,57.678404197040265,58.63141364104545,57.36783679838743,4.56,26.0,-0.21,2.92
EZPW,2006-10-23,14.68333339691162,15.06999969482422,14.350000381469728,14.766667366027832,2023500.0,63.8657469827707,54.20834117543366,57.89260601359951,58.73725013997543,57.43485060708022,4.56,29.0,-0.17,2.79
EZPW,2006-10-24,14.979999542236328,15.130000114440918,14.486666679382324,14.68000030517578,1430100.0,63.70446406558723,54.116514668274654,57.85036087202283,58.62723057700685,57.44384648432542,4.56,29.0,-0.12,2.8
EZPW,2006-10-25,14.449999809265137,15.25,14.449999809265137,15.213333129882812,1265400.0,64.2232586582714,53.30703227530267,58.02621477520443,58.68754412868806,57.513019693443546,4.55,32.0,-0.05,2.68
EZPW,2006-10-26,15.203332901000977,15.859999656677246,15.119999885559082,15.5,1823700.0,63.35742123234612,53.228465202191735,57.96999374678696,58.671421806397994,57.52429185504448,4.55,32.0,0.03,2.66
EZPW,2006-10-27,15.533332824707031,15.65666675567627,15.106666564941406,15.166666984558104,896400.0,63.83424822773496,53.47052128363274,58.06577887410283,58.74867310263778,57.55853616547175,4.54,34.0,0.09,2.64
EZPW,2006-10-30,15.17666721343994,15.386667251586914,14.833333015441896,15.350000381469728,797400.0,61.68564513284517,53.2830976487139,58.02877350131299,58.731708437488535,57.56289775101641,4.54,34.0,0.13,2.63
EZPW,2006-10-31,15.43333339691162,15.56666660308838,14.923333168029783,15.05666732788086,1022100.0,61.74771091249656,53.479362501161845,58.12517256441393,58.79295087082167,57.447377192212414,4.53,37.0,0.16,2.6
EZPW,2006-11-01,15.06999969482422,15.173333168029783,14.366666793823242,14.583333015441896,1177500.0,62.557886847532075,53.6638013447233,58.02318339785701,58.93728928225601,57.5180311526381,4.52,33.0,0.14,2.63
EZPW,2006-11-02,14.18000030517578,14.92666721343994,13.58666706085205,14.34000015258789,2160000.0,61.51316920046066,53.75370636390828,57.69506441596578,58.98209501565312,57.46147098195761,4.5,27.0,-0.1,2.71
EZPW,2006-11-03,14.376667022705078,14.81999969482422,14.17666721343994,14.653332710266112,1351800.0,60.69235457341134,53.82075356260789,57.317499027678984,59.010906256336895,57.48732621846286,4.49,22.0,-0.25,2.87
EZPW,2006-11-06,15.053333282470703,15.596667289733888,14.953332901000977,15.453332901000977,1779900.0,62.08629759464751,54.51362080227469,57.108078016902674,59.240743287739605,57.68419888986644,4.47,21.0,-0.28,2.94
EZPW,2006-11-07,15.763333320617676,16.02666664123535,15.576666831970217,15.869999885559082,1888200.0,62.08440596101013,54.424695801665415,57.10179327207208,58.988336106812,57.5863908154876,4.44,21.0,-0.34,2.88
EZPW,2006-11-08,15.609999656677246,16.023332595825195,15.40666675567627,15.75,1303800.0,62.23039865890292,54.23471447531384,57.11310104221663,58.89822158867201,57.57136891599794,4.45,23.0,-0.49,2.88
EZPW,2006-11-09,15.956666946411133,16.116666793823242,15.833333015441896,16.116666793823242,1611900.0,62.37874137169811,54.3393580984925,57.17443674695451,58.91604100887528,57.44254972419333,4.45,24.0,-0.59,2.85
EZPW,2006-11-10,15.633333206176758,15.666666984558104,14.229999542236328,14.8100004196167,5905800.0,67.82228920674022,56.6584590577381,58.537210858664054,59.818751594183986,58.12526702071187,4.45,48.0,-0.7,2.77
EZPW,2006-11-13,14.800000190734863,15.16333293914795,14.713333129882812,14.916666984558104,1438500.0,67.82463737175584,56.612185287353476,58.52591427145432,59.80707987088586,57.86365420860775,4.44,47.0,-0.82,2.78
EZPW,2006-11-14,14.703332901000977,14.90666675567627,14.44333267211914,14.896666526794434,1537500.0,64.72865127180157,56.5092305850364,57.85363175407839,59.271161663395,57.72052563315536,4.44,33.0,-0.88,3.06
EZPW,2006-11-15,14.883333206176758,15.41333293914795,14.779999732971191,15.25,1542900.0,64.89906002083667,56.44786786607975,57.634811820238696,59.31631684435447,57.559218569945,4.45,28.0,-0.93,3.16
EZPW,2006-11-16,15.24666690826416,15.24666690826416,14.866666793823242,14.899999618530272,905400.0,65.42005969597307,56.70009219295529,57.41274138503053,59.39535599421535,57.3641560989974,4.45,27.0,-0.99,3.23
EZPW,2006-11-17,14.760000228881836,14.99666690826416,14.510000228881836,14.880000114440918,998100.0,65.2799724307516,56.69971709827213,57.318111176171605,59.397573101849645,57.244411369005036,4.45,27.0,-1.03,3.3
EZPW,2006-11-20,14.93333339691162,15.130000114440918,14.813332557678224,14.976667404174805,647100.0,65.23315959906965,55.93830069487167,56.922566167681566,59.28849323730523,57.226955753719544,4.46,20.0,-1.07,3.5
EZPW,2006-11-21,14.5,14.829999923706056,14.383333206176758,14.826666831970217,1366500.0,65.24142046232832,55.98451302406596,56.89184549513164,59.307616144132766,57.24349445794685,4.47,20.0,-1.11,3.55
EZPW,2006-11-22,14.65666675567627,14.966667175292969,14.646666526794434,14.883333206176758,493500.0,64.41405873433807,55.613658140303045,53.14631058320192,59.17257151634927,57.241334143371404,4.51,20.0,-1.14,3.63
EZPW,2006-11-24,14.696666717529297,15.166666984558104,14.65999984741211,15.15666675567627,343200.0,63.77946502035993,55.66862545209388,53.19437246581348,59.10921798924548,57.24454222485882,4.55,21.0,-1.16,3.6
EZPW,2006-11-27,15.296667098999023,15.466667175292969,14.783332824707031,14.83666706085205,946500.0,46.28370984300725,55.8635945326111,53.29195532486379,59.17872135916008,57.27523703523423,4.59,22.0,-1.18,3.57
EZPW,2006-11-28,14.75,15.226667404174805,14.726667404174805,15.046667098999023,819900.0,42.59020036096633,55.862632964144,53.165143158460694,59.18409893843924,57.28013815126201,4.62,21.0,-1.22,3.58
EZPW,2006-11-29,15.140000343322754,15.41333293914795,15.053333282470703,15.300000190734863,621000.0,42.7480633450119,55.6357935362724,53.05964176914565,59.19094076606479,57.282866536330076,4.66,18.0,-1.24,3.64
EZPW,2006-11-30,15.366666793823242,15.609999656677246,15.100000381469728,15.57333278656006,1460100.0,42.96520340067151,55.4860047284315,53.096418939311555,59.215595362258746,57.29531661978605,4.69,20.0,-1.27,3.6
EZPW,2006-12-01,15.583333015441896,15.75333309173584,15.236666679382324,15.686667442321776,875400.0,42.43617429038235,54.20153874037933,53.09597113255796,59.18755507207338,57.295954966122466,4.72,20.0,-1.29,3.58
EZPW,2006-12-04,15.916666984558104,16.553333282470703,15.83666706085205,16.459999084472656,1745700.0,43.14656534905622,54.90476069205514,52.99466849151262,58.774121909024025,57.46157352075666,4.75,18.0,-1.22,3.52
EZPW,2006-12-05,16.549999237060547,17.14666748046875,16.376667022705078,16.953332901000977,1437300.0,42.88941997490357,53.951122747371706,52.806454229202224,58.72872505380269,57.514258972946166,4.78,17.0,-1.04,3.54
EZPW,2006-12-06,16.94333267211914,17.116666793823242,16.549999237060547,16.829999923706055,955200.0,42.92144190588317,53.85649844973762,52.83026306300944,58.74050048178392,57.525502398298066,4.8,18.0,-0.97,3.54
EZPW,2006-12-07,16.996667861938477,17.083332061767578,16.32666778564453,16.516666412353516,2020800.0,42.38886609816625,54.00534378325641,52.13345117892595,58.789785107260386,57.54969628078301,4.83,6.0,-0.99,3.88
EZPW,2006-12-08,16.413333892822266,16.866666793823242,16.229999542236328,16.729999542236328,1209600.0,42.23180147880112,53.52771930169418,51.551291390187856,58.795082042632444,57.551406517177206,4.87,1.0,-0.97,4.18
EZPW,2006-12-11,16.803333282470703,16.940000534057617,16.43000030517578,16.546667098999023,1703100.0,41.80825423519379,53.593159541383294,50.70154000284502,58.77950279097859,57.57209962551929,4.9,1.0,-1.01,4.49
EZPW,2006-12-12,16.5,17.059999465942383,16.170000076293945,16.5,838800.0,41.74837230213057,52.269357292182036,50.07086959400754,58.73952477851737,57.48090894626655,4.94,1.0,-1.05,4.75
EZPW,2006-12-13,16.68000030517578,16.690000534057617,15.979999542236328,16.239999771118164,697600.0,41.60572847936496,52.24357857762505,48.87449516723191,58.62014021297105,57.24430872903987,4.99,1.0,-1.1,5.38
EZPW,2006-12-14,16.209999084472656,16.399999618530273,16.040000915527344,16.200000762939453,645400.0,40.34194129234046,52.18739261238237,48.86246365597158,58.622491379625785,56.50228722002832,5.04,1.0,-1.15,5.4
EZPW,2006-12-15,16.209999084472656,16.5,15.779999732971191,15.829999923706056,759900.0,40.65667506026536,51.7010018545482,48.91040998674806,58.68657792789279,56.338392248543926,5.08,3.0,-1.19,5.43
EZPW,2006-12-18,16.010000228881836,16.600000381469727,15.9399995803833,16.299999237060547,933500.0,41.01472201211798,51.3965333502457,48.95080990278904,58.7074023661205,56.389175354435075,5.12,4.0,-1.23,5.34
EZPW,2006-12-19,16.40999984741211,16.40999984741211,15.0,15.890000343322754,1038800.0,39.03414216935459,51.6600355882151,48.77822668030436,58.79717102503454,56.46701043459169,5.15,1.0,-1.28,5.42
EZPW,2006-12-20,15.989999771118164,15.989999771118164,15.510000228881836,15.699999809265137,444300.0,38.42707660161028,51.545222915253866,48.7536896456787,58.75539881684616,56.45697287267352,5.17,1.0,-1.32,5.48
EZPW,2006-12-21,15.720000267028809,16.450000762939453,15.479999542236328,16.079999923706055,1006300.0,38.99263264471786,51.70748090412959,48.04697214698508,58.69561940035012,56.426571179304766,5.19,1.0,-1.36,5.76
EZPW,2006-12-22,16.030000686645508,16.34000015258789,16.010000228881836,16.110000610351562,387100.0,38.418090952258446,51.70470134412049,47.93486729619286,58.67270069875582,56.415686440634296,5.22,1.0,-1.39,5.81
EZPW,2006-12-26,16.290000915527344,16.350000381469727,16.0,16.139999389648438,362400.0,28.872350192056256,51.697780297921724,47.934557774448706,58.55801818155095,56.409563531780535,5.23,1.0,-1.42,5.81
EZPW,2006-12-27,16.110000610351562,16.520000457763672,16.110000610351562,16.5,395400.0,29.383116967909185,51.8335455044354,47.89667696947308,57.90150827901943,56.41692109890327,5.24,1.0,-1.43,5.78
EZPW,2006-12-28,16.510000228881836,16.850000381469727,16.299999237060547,16.6299991607666,451800.0,29.375974234018365,49.8990833173429,47.90224540691179,57.71854878351124,56.404026459480114,5.24,2.0,-1.44,5.76
EZPW,2006-12-29,16.6299991607666,16.6299991607666,16.229999542236328,16.25,501500.0,29.749537196856913,50.22021858856448,47.88297842751745,57.634039143992354,56.41029270048696,5.24,1.0,-1.45,5.78
EZPW,2007-01-03,16.899999618530273,17.59000015258789,15.68000030517578,16.670000076293945,1749900.0,29.495107786003246,50.36368186558021,47.976322790788196,57.58749223329404,56.42473636514437,5.23,6.0,-1.44,5.66
EZPW,2007-01-04,16.709999084472656,17.049999237060547,16.15999984741211,16.540000915527344,664900.0,29.651752541882658,50.33938919276505,47.95882296184237,55.33903859850135,56.38560019332941,5.23,6.0,-1.44,5.71
EZPW,2007-01-05,16.389999389648438,16.65999984741211,16.329999923706055,16.360000610351562,505600.0,29.929592203392012,50.43092460806521,47.82374974754516,55.3161456896444,56.401865854304624,5.23,1.0,-1.44,5.78
EZPW,2007-01-08,16.690000534057617,16.700000762939453,15.970000267028809,16.3799991607666,601500.0,29.680955861710807,50.344055984665225,47.651014825756896,55.30558509863731,56.378581372932736,5.22,1.0,-1.44,5.87
EZPW,2007-01-09,16.290000915527344,16.5,15.609999656677246,16.010000228881836,774900.0,30.63307561730814,50.21877215067265,47.68369213230933,55.17702654292612,56.44208372615627,5.21,2.0,-1.45,5.86
EZPW,2007-01-10,16.0,16.06999969482422,15.390000343322754,15.739999771118164,862800.0,30.757712793662673,49.89078796987067,47.766771577117495,55.164185274700706,56.4723710637851,5.19,3.0,-1.44,5.84
EZPW,2007-01-11,15.630000114440918,16.399999618530273,15.59000015258789,16.229999542236328,536400.0,31.1276088531711,39.12155758340051,47.45447376208027,54.28217263698849,56.52803189982157,5.16,1.0,-1.43,6.05
EZPW,2007-01-12,16.25,16.360000610351562,15.989999771118164,16.1200008392334,528100.0,31.070339148441263,37.00996498223123,47.44404191726769,50.569954677308445,56.536366710809126,5.13,1.0,-1.41,6.06
EZPW,2007-01-16,15.93000030517578,16.0,14.300000190734863,14.5,2765500.0,43.83254488296012,42.97560445266376,50.39454095494869,52.14574236440696,57.59500346833782,5.06,22.0,-1.38,5.6
EZPW,2007-01-17,14.350000381469728,14.859999656677246,13.789999961853027,14.619999885559082,935400.0,43.55162932166643,42.96768646579562,50.239538931423,51.87417679663711,57.51795987944285,4.99,22.0,-1.34,5.71
EZPW,2007-01-18,14.510000228881836,14.550000190734863,13.420000076293944,13.539999961853027,1318500.0,48.505348147023334,45.52744562485458,51.74327413147064,52.31342904933519,58.07873826243032,4.9,26.0,-1.33,5.12
EZPW,2007-01-19,13.289999961853027,13.640000343322754,12.869999885559082,13.5600004196167,1585200.0,45.88747077103692,45.062928311837815,51.73548051324476,52.29623631355439,58.04463753189994,4.81,26.0,-1.31,5.13
EZPW,2007-01-22,13.369999885559082,13.90999984741211,13.329999923706056,13.710000038146973,908900.0,44.928777509022986,44.53954678560546,51.30522301774473,52.24851883656855,58.048920794624934,4.7,25.0,-1.28,5.34
EZPW,2007-01-23,13.649999618530272,14.489999771118164,13.609999656677246,14.369999885559082,1245700.0,47.58496180515264,45.61042410279916,51.805503778734604,52.299058382717746,58.20367592809026,4.59,30.0,-1.24,5.04
EZPW,2007-01-24,15.739999771118164,16.610000610351562,15.09000015258789,16.149999618530273,3508700.0,59.07207796182544,51.05055854950267,54.72277986118247,53.94392940581039,59.24848444025047,4.47,60.0,-1.21,4.67
EZPW,2007-01-25,16.389999389648438,16.739999771118164,16.1200008392334,16.239999771118164,1620000.0,58.96424834774594,50.927271497841076,54.69930488697228,53.93521228584487,59.231948214508634,4.34,60.0,-1.19,4.68
EZPW,2007-01-26,16.389999389648438,16.420000076293945,15.800000190734863,16.31999969482422,868400.0,58.90958255868718,50.71642828409393,54.690529357198194,53.93085028064697,56.66013861203507,4.22,60.0,-1.16,4.68
EZPW,2007-01-29,16.31999969482422,16.850000381469727,16.309999465942383,16.40999984741211,1077600.0,58.92994490668367,50.67475968200416,54.659616426257514,53.913923795371396,56.18389358797861,4.11,60.0,-1.13,4.71
EZPW,2007-01-30,16.350000381469727,16.860000610351562,16.350000381469727,16.610000610351562,792900.0,58.84034040372433,50.54315134746772,54.49543111360157,53.82461079216292,55.88341706460211,4.0,60.0,-1.12,4.81
EZPW,2007-01-31,16.459999084472656,16.8799991607666,16.25,16.729999542236328,725600.0,58.86109298313906,50.06679661504765,54.35542699495617,53.56465357863402,55.875364538453184,3.89,60.0,-1.09,4.86
EZPW,2007-02-01,16.8799991607666,17.049999237060547,16.81999969482422,17.049999237060547,728000.0,58.621423381248405,50.02018195807696,53.64881344054383,53.436437525401814,55.86561478073434,3.76,60.0,-1.03,5.14
EZPW,2007-02-02,17.1299991607666,17.260000228881836,16.979999542236328,17.020000457763672,563700.0,58.07674209337078,49.875521864217795,53.608581541927514,53.40590444550267,55.822917653549176,3.71,60.0,-0.98,5.18
EZPW,2007-02-05,16.81999969482422,17.049999237060547,16.309999465942383,16.899999618530273,803700.0,57.578437242051514,48.77779853466704,52.95102249020655,53.273775822741534,55.686279762968006,3.65,50.0,-0.92,5.49
EZPW,2007-02-06,16.860000610351562,16.90999984741211,16.510000228881836,16.850000381469727,747200.0,57.44554189780453,48.50318596986775,52.844234592534015,53.270244835776495,55.6265239983706,3.58,49.0,-0.85,5.58
EZPW,2007-02-07,16.850000381469727,17.049999237060547,16.84000015258789,16.979999542236328,496800.0,57.10784175619843,48.488678684689816,52.797433265173254,53.05133441844782,55.6262743669631,3.52,47.0,-0.78,5.62
EZPW,2007-02-08,16.8799991607666,16.959999084472656,16.6200008392334,16.649999618530273,473800.0,57.44490025242377,48.45877677507775,52.642641580552116,52.96585765932866,55.586639585103384,3.45,45.0,-0.7,5.7
EZPW,2007-02-09,16.649999618530273,16.850000381469727,15.949999809265137,16.139999389648438,835800.0,58.19676412880366,45.60412191146009,52.90708287227368,52.9189086536608,55.64760256632562,3.41,52.0,-0.61,5.57
EZPW,2007-02-12,15.5,15.8100004196167,15.050000190734863,15.649999618530272,1138500.0,58.47278765454105,46.06254171113585,52.304496388767475,53.05529372190697,55.717846436947696,3.41,41.0,-0.51,5.96
EZPW,2007-02-13,15.640000343322754,15.920000076293944,15.470000267028809,15.5,846600.0,58.44257612173664,46.110302561431816,52.24634411096274,52.99358803075488,55.72838062609503,3.41,41.0,-0.4,5.99
EZPW,2007-02-14,15.449999809265137,15.869999885559082,15.279999732971191,15.359999656677246,949100.0,58.14990213570369,45.905230438159286,52.218329602406996,52.78059282669152,55.720129832396225,3.41,40.0,-0.28,6.04
EZPW,2007-02-15,15.380000114440918,15.6899995803833,15.380000114440918,15.5,592100.0,57.670029886544846,45.68050097194289,51.8047392560007,52.78256520993894,55.72141752298746,3.41,30.0,-0.14,6.25
EZPW,2007-02-16,15.489999771118164,15.75,15.149999618530272,15.710000038146973,739500.0,57.82650444730007,45.75345342132982,51.53669902257379,52.764218418350914,55.722776612221246,3.41,26.0,0.0,6.38
EZPW,2007-02-20,15.670000076293944,15.699999809265137,15.170000076293944,15.40999984741211,781700.0,57.99237378632899,45.9236740948825,51.570009790643866,52.824743653713504,55.76394888564125,3.42,28.0,0.17,6.4
EZPW,2007-02-21,15.3100004196167,15.380000114440918,15.199999809265137,15.289999961853027,608200.0,58.00799177995051,45.903936986595085,51.442654919154684,52.80606053144676,55.76869719411667,3.42,26.0,0.35,6.53
EZPW,2007-02-22,15.210000038146973,15.56999969482422,15.199999809265137,15.529999732971191,571200.0,57.89383611698741,46.00322591470463,51.47903706041447,52.803918168140896,55.74372318462715,3.42,27.0,0.55,6.49
EZPW,2007-02-23,15.609999656677246,15.609999656677246,15.0600004196167,15.5,741100.0,57.69647776001343,45.86111126505519,51.482131686385756,52.75218427644912,55.49762047104827,3.43,28.0,0.76,6.49
EZPW,2007-02-26,15.4399995803833,15.600000381469728,15.199999809265137,15.350000381469728,639300.0,56.98349194754303,45.6876951909225,51.51326727791593,52.74776175705262,55.43797601265395,3.43,29.0,1.0,6.48
EZPW,2007-02-27,15.0600004196167,15.149999618530272,14.06999969482422,14.600000381469728,963800.0,58.66641112488158,46.757743902861144,52.165609028165406,53.08732582130023,55.67616220979846,3.43,42.0,1.2,6.13
EZPW,2007-02-28,14.550000190734863,14.920000076293944,14.130000114440918,14.850000381469728,699600.0,50.18773743936641,46.762209848200605,51.18587071762122,53.10726673623388,55.67495914858981,3.43,25.0,1.42,6.59
EZPW,2007-03-01,14.5,15.0,14.229999542236328,14.869999885559082,759800.0,50.138596264808164,46.61012367648954,51.16601894986504,52.89283893022613,55.667351505117466,3.44,25.0,1.67,6.62
EZPW,2007-03-02,14.770000457763672,14.84000015258789,14.170000076293944,14.25,775600.0,46.40036645315024,47.3569582901096,51.64312092294797,52.92563978820299,55.425533141018256,3.44,35.0,1.82,6.35
EZPW,2007-03-05,14.050000190734863,14.25,13.420000076293944,14.09000015258789,997300.0,46.55310933552605,46.24478644434874,51.651614311650086,52.657682590792064,55.44065281097805,3.44,36.0,1.87,6.34
EZPW,2007-03-06,14.100000381469728,14.5,14.0,14.470000267028809,472600.0,47.05361791279459,46.16197718878766,51.80249965035674,52.256168121422455,55.490120467756675,3.44,40.0,1.89,6.21
EZPW,2007-03-07,14.359999656677246,14.670000076293944,14.199999809265137,14.25,395900.0,45.283244390287024,46.22577683610303,51.841925692480764,52.238391909112615,55.51745920838934,3.44,43.0,1.62,6.19
EZPW,2007-03-08,14.649999618530272,15.06999969482422,14.479999542236328,14.800000190734863,622700.0,31.117904124340264,46.84156300905839,51.939104826088126,52.404579248807956,55.54108726942457,3.44,44.0,0.42,6.05
EZPW,2007-03-09,15.350000381469728,15.600000381469728,15.0600004196167,15.300000190734863,630700.0,32.76192221561264,47.298403951700315,51.82279494770828,52.51899984240909,55.624036089325756,3.44,42.0,-0.82,6.13
EZPW,2007-03-12,15.300000190734863,15.510000228881836,14.739999771118164,14.8100004196167,477200.0,33.857160711997466,47.68792295637564,45.93022763344425,52.440739444207416,55.626070545822635,3.49,1.0,-0.8,3.74
EZPW,2007-03-13,14.65999984741211,15.0,14.369999885559082,14.470000267028809,600800.0,34.23456698282637,47.88861485002244,44.94824823216532,52.511337180824846,55.61043150593794,3.54,1.0,-0.84,4.08
EZPW,2007-03-14,14.399999618530272,14.640000343322754,14.0,14.609999656677246,761800.0,34.13913170382091,47.86240067306858,44.948525556012676,52.08263200930051,55.61527074846866,3.59,2.0,-0.86,4.08
EZPW,2007-03-15,14.619999885559082,14.979999542236328,14.5,14.970000267028809,534100.0,34.99081504217312,48.15997592886207,45.09379911493951,51.9482169211116,55.6542942183581,3.64,3.0,-0.86,4.0
EZPW,2007-03-16,14.949999809265137,15.130000114440918,14.369999885559082,14.489999771118164,673400.0,35.278532395508,48.381978722731304,45.25698991549664,51.89130083087934,55.753434608510425,3.68,4.0,-0.88,3.91
EZPW,2007-03-19,14.649999618530272,15.220000267028809,14.640000343322754,15.140000343322754,561500.0,38.06068476091028,48.86908471767902,45.48945687549264,52.07027713863989,55.90946256400894,3.7,5.0,-0.83,3.82
EZPW,2007-03-20,15.140000343322754,15.25,14.920000076293944,14.970000267028809,303200.0,38.11082522912896,48.654517712141285,45.20602912079445,51.8380042758353,55.89994130005773,3.73,4.0,-0.82,3.97
EZPW,2007-03-21,14.979999542236328,15.550000190734863,14.979999542236328,15.539999961853027,406400.0,39.95798551828605,49.2258476075473,45.57929025883732,51.97529741447768,55.50305575329719,3.74,7.0,-0.78,3.78
EZPW,2007-03-22,15.550000190734863,15.630000114440918,15.270000457763672,15.479999542236328,264200.0,39.83722566388962,48.97386371268874,45.23476929500252,49.72819179120204,55.4162254348857,3.75,5.0,-0.77,3.95
EZPW,2007-03-23,15.420000076293944,15.699999809265137,15.420000076293944,15.59000015258789,254400.0,39.62491605826797,48.99689284936999,45.15150451155367,49.718223438060534,55.41612080801487,3.76,4.0,-0.77,4.0
EZPW,2007-03-26,15.520000457763672,15.739999771118164,15.050000190734863,15.170000076293944,372700.0,39.39861993716261,49.299443355238324,45.22854374444015,49.81750314141672,55.48897040423568,3.76,6.0,-0.77,3.96
EZPW,2007-03-27,15.06999969482422,15.09000015258789,14.649999618530272,14.920000076293944,389800.0,38.70621932796115,49.16265161771717,45.26333606513658,49.7589201202822,55.51732415815106,3.76,9.0,-0.79,3.93
EZPW,2007-03-28,14.8100004196167,14.8100004196167,14.529999732971191,14.609999656677246,274700.0,39.04997271783441,49.27919731760626,45.28233197709938,49.72069983679019,55.52954480509369,3.75,10.0,-0.82,3.92
EZPW,2007-03-29,14.729999542236328,15.010000228881836,14.359999656677246,14.609999656677246,261200.0,38.99508140662728,49.08664876897538,44.99721301551009,49.70395240397542,55.5010758904806,3.74,3.0,-0.82,4.09
EZPW,2007-03-30,14.619999885559082,14.890000343322754,14.449999809265137,14.729999542236328,301000.0,38.97455168078764,48.802713126528765,44.93398531082766,49.708509453694056,55.373387187733414,3.74,1.0,-0.8,4.13
EZPW,2007-04-02,14.699999809265137,14.779999732971191,14.359999656677246,14.520000457763672,356300.0,38.868279329895046,48.853994727926214,44.86179759575578,49.38823083507114,55.39497808977279,3.74,1.0,-0.81,4.17
EZPW,2007-04-03,14.5,14.75,14.470000267028809,14.729999542236328,436900.0,38.838499609746385,48.93507560974553,44.10600569374067,49.21772333038386,55.39504575793187,3.75,1.0,-0.84,4.52
EZPW,2007-04-04,14.739999771118164,14.800000190734863,14.5600004196167,14.579999923706056,216600.0,38.87895315424733,48.96169077980755,43.91746090354141,49.234093738804354,55.36467159634058,3.76,1.0,-0.88,4.64
EZPW,2007-04-05,14.640000343322754,14.649999618530272,14.31999969482422,14.40999984741211,245000.0,38.636352030247615,48.811691789304575,43.938540255660804,48.7497756194826,55.37440880778016,3.76,2.0,-0.93,4.62
EZPW,2007-04-09,14.399999618530272,14.609999656677246,14.199999809265137,14.520000457763672,372600.0,38.74713594115106,48.74375742407621,43.793013781387685,48.37402345556626,55.32186644213874,3.76,1.0,-0.95,4.71
EZPW,2007-04-10,14.649999618530272,14.6899995803833,14.40999984741211,14.5,234500.0,38.68131676650573,48.28544691327757,41.696049077267695,47.87741990783436,55.22943809903824,3.78,1.0,-0.96,5.33
EZPW,2007-04-11,14.550000190734863,14.56999969482422,14.34000015258789,14.470000267028809,321800.0,35.884909892566114,48.27458228633426,41.68017950533462,47.530686280919916,55.21582952854743,3.78,1.0,-0.98,5.34
EZPW,2007-04-12,14.40999984741211,15.239999771118164,14.40999984741211,15.210000038146973,833700.0,38.4370746576044,44.319776674612186,42.43390730623687,47.125015307094316,55.33651273019981,3.78,3.0,-0.97,4.88
EZPW,2007-04-13,15.239999771118164,15.619999885559082,15.149999618530272,15.479999542236328,485300.0,38.74449094179365,44.42821619982736,42.36251529710028,47.1573819221141,54.84413150932848,3.77,3.0,-0.97,4.93
EZPW,2007-04-16,15.59000015258789,16.0,15.5,15.979999542236328,558200.0,37.38967832715376,41.81226943345909,42.489927865637526,47.23950348151399,54.77934589125753,3.77,5.0,-0.96,4.84
EZPW,2007-04-17,16.0,16.209999084472656,15.949999809265137,16.15999984741211,452800.0,37.16740044202598,41.84698593657278,42.52122732638902,47.16540304379478,54.6582697259239,3.75,6.0,-0.95,4.82
EZPW,2007-04-18,16.149999618530273,16.579999923706055,16.049999237060547,16.479999542236328,710800.0,36.860616919682855,41.954987624919454,42.61664995459099,47.01647214596152,54.59961322568153,3.74,7.0,-0.97,4.75
EZPW,2007-04-19,16.309999465942383,16.549999237060547,16.049999237060547,16.329999923706055,612800.0,36.6170525851371,41.010256065276735,42.61082757060809,46.98876312947663,52.901627979638924,3.72,7.0,-0.96,4.75
EZPW,2007-04-20,16.530000686645508,16.729999542236328,16.290000915527344,16.68000030517578,469300.0,35.60354149667845,33.607820688201066,42.72970230895104,46.57905090465744,52.90962046595409,3.76,9.0,-0.96,4.67
EZPW,2007-04-23,16.649999618530273,16.889999389648438,15.970000267028809,16.09000015258789,773200.0,36.310583856411064,34.41279290111237,43.04423863730275,46.73020438895591,53.03315284304604,3.79,10.0,-0.96,4.49
EZPW,2007-04-24,16.1200008392334,16.469999313354492,15.960000038146973,16.399999618530273,623400.0,35.146185864080934,34.62380324574904,42.99814027795743,46.777311297946106,52.909743347334604,3.81,10.0,-0.94,4.51
EZPW,2007-04-25,15.520000457763672,15.6899995803833,14.899999618530272,15.199999809265137,1721500.0,41.39102149470906,37.94691953870086,44.646512885247326,47.59480451608949,53.424260459296654,3.81,16.0,-0.93,4.02
EZPW,2007-04-26,15.25,15.68000030517578,15.170000076293944,15.56999969482422,779000.0,41.84147951412691,38.20480016079424,44.73127692718919,47.672717108145186,52.75457580032479,3.81,17.0,-0.93,3.97
EZPW,2007-04-27,15.420000076293944,15.449999809265137,15.100000381469728,15.3100004196167,510000.0,41.64291385035138,38.299886804315534,44.7227927263418,47.623438345874895,50.105872072052236,3.8,17.0,-0.93,3.97
EZPW,2007-04-30,15.300000190734863,15.449999809265137,15.100000381469728,15.149999618530272,541600.0,40.5850558749035,38.104148433169435,44.73661612147517,47.62597895320761,50.101577310058744,3.8,19.0,-0.95,3.96
EZPW,2007-05-01,15.149999618530272,15.1899995803833,14.699999809265137,14.979999542236328,637300.0,38.68210151989799,38.151882062625674,44.08751927636491,47.61380041590317,49.90878471555222,3.8,15.0,-0.95,4.28
EZPW,2007-05-02,15.029999732971191,15.43000030517578,15.029999732971191,15.399999618530272,595000.0,39.36585429015632,38.620454947251744,44.05544427540316,47.62713391939017,49.6890213038788,3.8,15.0,-0.93,4.3
EZPW,2007-05-03,15.5,15.520000457763672,14.869999885559082,15.020000457763672,569200.0,38.49072287559795,38.91744688619732,44.20939061949587,47.64593447266237,49.74526048921276,3.79,18.0,-0.92,4.2
EZPW,2007-05-04,15.170000076293944,15.170000076293944,14.770000457763672,14.9399995803833,329500.0,38.50217133988105,38.87171336857588,44.12413600408032,47.58280348054024,49.70411817710948,3.8,18.0,-0.91,4.25
EZPW,2007-05-07,14.84000015258789,14.869999885559082,14.619999885559082,14.710000038146973,466800.0,38.63741734135465,38.80175864109344,44.12733339561956,47.60606134647645,49.5554652458133,3.81,19.0,-0.91,4.25
EZPW,2007-05-08,14.579999923706056,14.68000030517578,14.420000076293944,14.65999984741211,449900.0,37.887178979554214,38.32851290659685,44.10113526501473,47.29776084194369,49.47200844254071,3.82,17.0,-0.91,4.27
EZPW,2007-05-09,14.529999732971191,14.529999732971191,14.260000228881836,14.489999771118164,418800.0,37.7382531918868,37.90319524679194,44.131682803210424,47.30768099550203,49.48175227642106,3.83,21.0,-0.92,4.25
EZPW,2007-05-10,14.40999984741211,14.449999809265137,14.100000381469728,14.170000076293944,539600.0,37.80174334649466,38.11146418463438,44.1977511625222,47.331512323092475,49.53066428621256,3.85,22.0,-0.94,4.21
EZPW,2007-05-11,14.09000015258789,14.279999732971191,14.050000190734863,14.149999618530272,371500.0,37.80065037963695,38.07872601510323,44.19739861713776,47.22791581469736,49.51942760561068,3.87,22.0,-0.95,4.21
EZPW,2007-05-14,14.100000381469728,14.239999771118164,13.970000267028809,14.170000076293944,490300.0,37.70757465857651,38.02133097304324,44.061417463256106,47.22754855772277,49.44681307114864,3.89,16.0,-0.98,4.29
EZPW,2007-05-15,14.1899995803833,14.300000190734863,13.720000267028809,13.729999542236328,523400.0,38.5446994916375,38.38223394811774,44.051968753765706,47.374667852565864,49.363023534948866,3.91,15.0,-0.96,4.3
EZPW,2007-05-16,13.68000030517578,13.779999732971191,13.18000030517578,13.359999656677246,854500.0,38.91127655765999,38.5694837411949,44.07823441148696,47.218226760896556,49.3301403810138,3.92,18.0,-0.9,4.28
EZPW,2007-05-17,13.34000015258789,13.729999542236328,13.34000015258789,13.4399995803833,545700.0,38.94207263106476,38.589946832650426,44.06383245650235,47.20946105780566,49.3010469100671,3.94,18.0,-0.89,4.29
EZPW,2007-05-18,13.479999542236328,13.720000267028809,13.479999542236328,13.539999961853027,646100.0,38.952200371867576,38.465888572819814,43.898589726923014,47.05064928039956,49.20441661452963,3.96,13.0,-0.89,4.39
EZPW,2007-05-21,13.56999969482422,14.390000343322754,13.520000457763672,14.390000343322754,666600.0,42.95782119973427,40.58637004729491,45.00708194756503,47.5727236423703,49.561773118768606,3.97,39.0,-0.89,3.93
EZPW,2007-05-22,14.4399995803833,15.289999961853027,14.43000030517578,14.989999771118164,764400.0,44.57856763375686,41.448972270510936,45.49592872137402,47.80753408226586,49.55991040266414,3.97,49.0,-0.87,3.68
EZPW,2007-05-23,15.0600004196167,15.18000030517578,14.84000015258789,15.010000228881836,478000.0,44.5683902477491,40.1343601975955,45.350286344028184,47.78097777415049,49.45129683792977,3.98,48.0,-0.82,3.76
EZPW,2007-05-24,15.0,15.0,14.449999809265137,14.609999656677246,769600.0,42.810901798283915,40.372920140609615,45.515520913461785,47.761015156567716,49.371315608554845,3.99,51.0,-0.78,3.68
EZPW,2007-05-25,14.619999885559082,14.93000030517578,14.579999923706056,14.800000190734863,442000.0,42.65235768869105,40.462319336344606,45.435192859034025,47.70334641805208,49.37654759670042,3.99,49.0,-0.74,3.72
EZPW,2007-05-29,14.8100004196167,15.1899995803833,14.8100004196167,14.960000038146973,313500.0,41.64975045266999,39.53478708102597,45.27656005136048,47.265174527029515,49.31813764641112,4.0,47.0,-0.68,3.8
EZPW,2007-05-30,14.84000015258789,15.0,14.670000076293944,15.0,249400.0,41.484314121391876,39.45570809093761,45.2674126455129,47.2283793001394,49.13542999805897,4.01,47.0,-0.62,3.81
EZPW,2007-05-31,15.0,15.100000381469728,14.720000267028809,15.029999732971191,606900.0,40.98031996394368,39.0952215995138,45.24150372005561,46.83289055874744,49.13114201853316,4.01,45.0,-0.55,3.82
EZPW,2007-06-01,15.06999969482422,15.130000114440918,14.949999809265137,15.050000190734863,274200.0,40.95785081269231,38.95367729806772,45.24163292030914,46.746780320661856,49.101369129587766,4.02,46.0,-0.48,3.82
EZPW,2007-06-04,14.979999542236328,15.039999961853027,14.630000114440918,14.720000267028809,345200.0,40.68437853149273,38.46077494341785,45.23338431229992,46.784717269569256,49.15756735276957,4.02,44.0,-0.44,3.83
EZPW,2007-06-05,14.65999984741211,15.050000190734863,14.619999885559082,14.970000267028809,333500.0,39.96687857696938,37.99837116670597,45.244568175845686,46.669522836904214,49.16025264469537,4.03,48.0,-0.41,3.82
EZPW,2007-06-06,14.81999969482422,14.84000015258789,14.5,14.5600004196167,339300.0,40.084620991553926,37.83772024241344,45.17098704696609,46.78941519279544,49.228576066860604,4.04,42.0,-0.34,3.86
EZPW,2007-06-07,14.5,14.550000190734863,13.760000228881836,13.800000190734863,508300.0,36.99679820587459,39.11538350750462,45.92658613155415,46.662612301825654,49.497072597415944,4.04,61.0,-0.32,3.53
EZPW,2007-06-08,14.0,14.369999885559082,13.899999618530272,14.289999961853027,311500.0,37.815554384097105,39.74043312322125,43.13697740500907,46.79358172084623,49.596522385970616,4.05,12.0,-0.33,3.09
EZPW,2007-06-11,14.279999732971191,14.279999732971191,13.960000038146973,14.149999618530272,227400.0,37.64480871573165,39.44900500523897,43.14301230031559,46.769107462551816,49.59337557659996,4.06,13.0,-0.36,3.1
EZPW,2007-06-12,14.0600004196167,14.220000267028809,13.8100004196167,13.84000015258789,228200.0,38.00620892985258,39.148166410265695,41.52166202946088,46.60026020921942,49.64320953698451,4.08,1.0,-0.36,3.31
EZPW,2007-06-13,13.899999618530272,14.140000343322754,13.6899995803833,14.100000381469728,330500.0,38.4263154686364,38.24948545277213,41.62384569184368,46.482408921033965,49.51692155664879,4.09,2.0,-0.36,3.23
EZPW,2007-06-14,14.100000381469728,14.220000267028809,13.8100004196167,13.989999771118164,445700.0,37.40826706945746,38.21699835163543,41.60900624524351,46.433941408444355,49.35249608114945,4.1,2.0,-0.36,3.26
EZPW,2007-06-15,14.199999809265137,14.350000381469728,13.890000343322754,14.010000228881836,450800.0,36.850832894421394,37.37107297277876,40.927146230406954,46.330676979064016,49.12248670782125,4.12,1.0,-0.38,3.63
EZPW,2007-06-18,14.06999969482422,14.15999984741211,13.75,13.850000381469728,325300.0,36.93754357849769,37.42228641199583,36.406358463319236,46.3429533400409,48.7618281060155,4.17,1.0,-0.34,0.63
EZPW,2007-06-19,13.760000228881836,14.020000457763672,13.760000228881836,14.0,418600.0,36.91996726842234,37.46754878322559,36.44161684767847,46.359211974532776,48.73001403665848,4.21,2.0,-0.28,0.62
EZPW,2007-06-20,14.0,14.0,13.329999923706056,13.329999923706056,652100.0,39.39475763973516,38.35383563799423,37.19913609572136,46.72749730844794,48.98486385180265,4.23,3.0,-0.2,0.49
EZPW,2007-06-21,13.260000228881836,13.670000076293944,13.119999885559082,13.510000228881836,472100.0,39.59486331746461,38.36395779270772,37.26103496546395,46.7524829838421,48.98648966571604,4.24,4.0,-0.14,0.47
EZPW,2007-06-22,13.460000038146973,13.59000015258789,13.25,13.390000343322754,454800.0,39.19507481771739,38.18332759066794,37.20860538067362,46.15083185144879,48.80512536672818,4.25,4.0,-0.06,0.48
EZPW,2007-06-25,13.300000190734863,13.720000267028809,13.199999809265137,13.289999961853027,347700.0,39.22831819054575,38.202042421498504,37.187694233018156,46.143976119981275,48.80073979346521,4.26,3.0,0.0,0.49
EZPW,2007-06-26,13.350000381469728,13.640000343322754,13.279999732971191,13.350000381469728,213100.0,39.262530227936146,38.169354446079694,37.04804955509214,46.14291684853023,48.45748213111074,4.27,3.0,-0.01,0.53
EZPW,2007-06-27,13.270000457763672,13.529999732971191,13.239999771118164,13.460000038146973,341300.0,38.34167861899972,38.128296008667434,37.08650796242773,46.13534568169494,48.299177122186606,4.28,4.0,-0.05,0.52
EZPW,2007-06-28,13.489999771118164,13.539999961853027,12.8100004196167,12.81999969482422,562800.0,40.09580565134863,39.200590864497755,37.80381527616543,46.50234189318404,48.39418002169725,4.28,9.0,-0.01,0.4
EZPW,2007-06-29,12.890000343322754,13.460000038146973,12.84000015258789,13.239999771118164,540400.0,41.220820321252475,39.795854709283915,38.209847035422065,46.639537436385574,48.4441351556101,4.27,10.0,-0.06,0.31
EZPW,2007-07-02,12.489999771118164,12.75,12.399999618530272,12.56999969482422,1510400.0,43.74195143056737,41.0651496460637,38.97318863692588,46.933611044441484,48.52374335567788,4.24,11.0,-0.06,0.21
EZPW,2007-07-03,12.529999732971191,12.880000114440918,12.449999809265137,12.859999656677246,553600.0,40.19753177966733,41.33871413831741,39.09457083549429,46.77174214086436,48.54216629058618,4.22,12.0,-0.09,0.19
EZPW,2007-07-05,12.770000457763672,12.829999923706056,12.270000457763672,12.609999656677246,797900.0,38.135876570252826,41.49550597627585,38.92346726524269,43.02769926842647,46.84358744242157,4.18,11.0,-0.02,0.23
EZPW,2007-07-06,12.579999923706056,12.65999984741211,12.390000343322754,12.550000190734863,460600.0,38.07816829197276,41.49847812236687,38.6590619073661,42.3451015487579,46.83093190618873,4.15,11.0,0.0,0.31
EZPW,2007-07-09,12.460000038146973,12.609999656677246,12.350000381469728,12.380000114440918,428900.0,37.63059426642235,40.100811070729925,38.683876529677086,42.35749776356947,46.84387171909209,4.12,12.0,0.04,0.3
EZPW,2007-07-10,12.369999885559082,12.649999618530272,11.75,11.84000015258789,973700.0,38.85386254406242,40.728657568233075,39.25035906667321,42.65196733694883,46.981081599481236,4.08,16.0,0.27,0.19
EZPW,2007-07-11,11.789999961853027,12.279999732971191,11.75,12.279999732971191,668200.0,40.578548230629465,40.9182757669199,39.696681517351564,42.81482913332124,47.04620148314571,4.04,17.0,0.23,0.12
EZPW,2007-07-12,12.300000190734863,12.869999885559082,12.279999732971191,12.81999969482422,828900.0,42.99267835156862,41.94356294658288,40.26960923833777,42.96402437583457,47.236962857935374,3.99,18.0,0.15,0.05
EZPW,2007-07-13,12.829999923706056,12.850000381469728,12.600000381469728,12.739999771118164,380300.0,42.93854147816196,41.65945554918709,40.180599515645156,42.768839328439235,47.23793690923351,3.93,18.0,0.05,0.08
EZPW,2007-07-16,12.65999984741211,12.710000038146973,12.329999923706056,12.510000228881836,696400.0,43.04160626052314,41.746034636640495,40.25342771181386,42.81427087943038,47.01596658690223,3.88,19.0,-0.03,0.06
EZPW,2007-07-17,12.489999771118164,13.140000343322754,12.489999771118164,12.890000343322754,763300.0,43.995446690818966,42.01215431970051,40.47678164414463,42.7503474626545,46.97040876027435,3.82,21.0,-0.1,0.01
EZPW,2007-07-18,12.81999969482422,12.869999885559082,12.350000381469728,12.6899995803833,762300.0,43.636785492303545,41.56025005230799,40.53580518255435,42.721743985322966,46.995461176514226,3.75,22.0,-0.16,-0.01
EZPW,2007-07-19,12.75,13.149999618530272,12.729999542236328,13.0,545000.0,43.92783266391858,41.6925512115681,40.72748285045326,42.75470815453953,46.673817042178065,3.68,23.0,-0.22,-0.04
EZPW,2007-07-20,12.970000267028809,13.100000381469728,12.949999809265137,13.0,920900.0,41.3132825895442,38.89319851138872,39.98063298954966,42.727410020027264,46.38299554754723,3.59,18.0,-0.3,0.05
EZPW,2007-07-23,13.149999618530272,13.149999618530272,12.699999809265137,12.800000190734863,552500.0,39.9636785062551,38.57879902011003,39.93800353865738,42.70681469201604,46.04532352043807,3.52,18.0,-0.38,0.06
EZPW,2007-07-24,12.65999984741211,12.8100004196167,12.399999618530272,12.8100004196167,1445800.0,39.939668340043575,38.482869667174874,39.937084785833385,42.54720293942154,45.794345869943434,3.45,18.0,-0.44,0.06
EZPW,2007-07-25,13.300000190734863,13.399999618530272,12.369999885559082,13.06999969482422,1516000.0,40.084906685239936,38.73708768359552,39.53272761428256,42.574695032413864,45.259237193250584,3.36,17.0,-0.5,0.12
EZPW,2007-07-26,12.859999656677246,13.010000228881836,12.470000267028809,12.489999771118164,874400.0,41.50478259375391,39.68785160854791,40.127797611090756,42.82184363167757,45.47308751055865,3.26,22.0,-0.57,0.03
EZPW,2007-07-27,12.489999771118164,12.600000381469728,12.199999809265137,12.390000343322754,1165000.0,41.506464745948854,39.1801454339539,39.892679283468546,42.344041136642595,45.427049866629844,3.15,19.0,-0.63,0.08
EZPW,2007-07-30,12.40999984741211,12.720000267028809,12.100000381469728,12.369999885559082,493500.0,41.48092803526527,38.92787994783675,39.83155158351581,42.21435072847982,45.36640489137329,3.03,19.0,-0.69,0.1
EZPW,2007-07-31,12.5,12.529999732971191,12.020000457763672,12.039999961853027,741100.0,41.96211231614424,39.23083461287156,39.53365507197214,42.317206741415134,45.30650974405101,2.9,18.0,-0.72,0.13
EZPW,2007-08-01,12.0,12.350000381469728,11.65999984741211,11.869999885559082,764700.0,41.78781163451318,39.214933286562385,39.17139924176075,42.24291394425546,45.28930746575821,2.77,16.0,-0.71,0.2
EZPW,2007-08-02,11.920000076293944,12.329999923706056,11.90999984741211,12.18000030517578,926200.0,40.62411999462421,39.67382207385655,39.12824636475124,41.20076887403409,45.03761830598037,2.77,16.0,-0.76,0.21
EZPW,2007-08-03,12.18000030517578,12.18000030517578,11.34000015258789,11.369999885559082,898100.0,44.53811656016039,41.869675966002816,40.407542827621704,41.96038440850594,45.520496054843676,2.76,31.0,-0.7,0.29
EZPW,2007-08-06,11.350000381469728,11.470000267028809,10.579999923706056,11.1899995803833,1195500.0,44.628272038869525,41.77101085844171,40.417626000645676,41.99519154022888,45.54503838113082,2.76,32.0,-0.64,0.28
EZPW,2007-08-07,11.140000343322754,11.15999984741211,10.460000038146973,10.550000190734863,1222200.0,47.19227882958127,43.257445207474085,41.1549319555921,42.43201377070696,45.87404524802308,2.75,37.0,-0.41,0.23
EZPW,2007-08-08,10.619999885559082,11.539999961853027,10.25,10.729999542236328,2463200.0,47.606460626444296,43.47016956592913,41.01432066696449,42.415833047836934,45.90788002946661,2.73,37.0,-0.35,0.28
EZPW,2007-08-09,10.550000190734863,10.789999961853027,10.0600004196167,10.460000038146973,1866600.0,47.65536350337401,43.32747563199138,40.47046205528782,42.508066107110835,45.91321238954187,2.72,33.0,-0.25,0.32
EZPW,2007-08-10,10.25,11.600000381469728,10.229999542236328,11.43000030517578,1093700.0,53.79825846603513,47.081392548150376,43.024189276541485,43.830010737035856,46.7649567963431,2.7,53.0,-0.33,0.95
EZPW,2007-08-13,11.529999732971191,12.079999923706056,11.43000030517578,11.43000030517578,817100.0,52.72106422515455,47.0508617974322,42.54464105892016,43.81850013657374,46.73478074832774,2.68,49.0,-0.39,1.09
EZPW,2007-08-14,11.4399995803833,11.630000114440918,11.1899995803833,11.390000343322754,440400.0,50.80051177015801,47.0038118177596,42.544507093779146,43.81468921206341,46.67776317278923,2.66,49.0,-0.44,1.09
EZPW,2007-08-15,11.420000076293944,11.56999969482422,11.039999961853027,11.210000038146973,606800.0,50.30970521595243,45.15254369974452,42.561591185916456,43.78490263872025,46.65123088761056,2.65,51.0,-0.48,1.08
EZPW,2007-08-16,11.1899995803833,11.579999923706056,10.880000114440918,11.5,1413400.0,50.83586676284758,44.60640425274829,42.62947644859573,43.839832720621146,46.67815549403843,2.63,54.0,-0.54,1.06
EZPW,2007-08-17,12.15999984741211,12.529999732971191,11.8100004196167,12.31999969482422,1245300.0,54.937691933433875,47.0586957908978,44.058994783167336,44.58572564126931,47.168251941020245,2.62,67.0,-0.57,0.98
EZPW,2007-08-20,12.399999618530272,12.5,11.880000114440918,11.9399995803833,541500.0,55.5380825598597,47.15990080587538,44.203213666602096,44.67771938862191,47.03876656872872,2.61,79.0,-0.62,0.94
EZPW,2007-08-21,12.0,12.600000381469728,11.8100004196167,12.56999969482422,476100.0,55.98936764149804,48.372078331460216,45.00925843183765,45.05690429746377,47.31239274140911,2.61,88.0,-0.64,0.78
EZPW,2007-08-22,12.699999809265137,13.170000076293944,12.579999923706056,12.859999656677246,464400.0,55.39424029177833,48.57817931061747,45.149064900407666,45.13547237424841,47.3243194743027,2.61,88.0,-0.64,0.74
EZPW,2007-08-23,12.960000038146973,13.0,12.359999656677246,12.520000457763672,434800.0,54.53918769061444,48.8183986468218,45.28317076284974,44.854759506133504,47.3227751044016,2.61,95.0,-0.66,0.7
EZPW,2007-08-24,12.529999732971191,12.739999771118164,12.40999984741211,12.720000267028809,252700.0,54.72257516026755,48.96141703783855,45.297044704582575,44.75050341355622,47.34905973089119,2.63,95.0,-0.66,0.7
EZPW,2007-08-27,12.649999618530272,12.649999618530272,12.479999542236328,12.520000457763672,195700.0,54.65847954183799,49.02633280613301,45.3334486965954,44.77726193285647,47.3711765785826,2.64,95.0,-0.66,0.69
EZPW,2007-08-28,12.449999809265137,12.479999542236328,12.029999732971191,12.050000190734863,376900.0,54.989172136976514,49.40361420596865,45.67986118582612,44.941199914144676,47.33708573628167,2.66,99.0,-0.69,0.61
EZPW,2007-08-29,12.170000076293944,12.350000381469728,12.0,12.229999542236328,290600.0,55.053323050868954,49.37019757755441,45.73202537242586,44.95092711566236,47.350179387424234,2.68,99.0,-0.71,0.59
EZPW,2007-08-30,12.100000381469728,12.229999542236328,11.850000381469728,12.010000228881836,234100.0,54.7234767433216,49.206238543774404,45.80633016552622,44.97957097606236,47.26250205885487,2.7,99.0,-0.72,0.58
EZPW,2007-08-31,12.199999809265137,12.289999961853027,11.960000038146973,12.170000076293944,220100.0,54.91305801249089,48.17805083950421,45.869133074771355,45.014442326271045,47.263855543069106,2.73,99.0,-0.73,0.55
EZPW,2007-09-04,12.06999969482422,12.470000267028809,12.010000228881836,12.390000343322754,199900.0,55.06346876509029,47.74508645076633,45.22998155521119,45.04206026661887,47.29696877209358,2.74,82.0,-0.7,0.66
EZPW,2007-09-05,12.239999771118164,12.350000381469728,12.170000076293944,12.239999771118164,331000.0,55.15336603576484,47.76308036217724,45.1476753552604,45.05964620074969,47.28992395589143,2.76,79.0,-0.66,0.69
EZPW,2007-09-06,12.260000228881836,12.369999885559082,12.029999732971191,12.369999885559082,277400.0,54.89748276926992,47.65619641130319,44.864002094608935,45.00906072521468,47.20197282601195,2.77,76.0,-0.62,0.77
EZPW,2007-09-07,12.220000267028809,12.220000267028809,11.880000114440918,12.029999732971191,323400.0,53.915602654873354,47.754852119974174,44.98750354460604,44.96932667300949,47.22832051033611,2.78,76.0,-0.59,0.74
EZPW,2007-09-10,11.960000038146973,12.15999984741211,11.59000015258789,11.739999771118164,332600.0,54.301808400658246,47.952032748631595,44.96820627231065,44.96151214805574,46.97710684186769,2.8,75.0,-0.62,0.76
EZPW,2007-09-11,11.81999969482422,12.25,11.760000228881836,11.989999771118164,348500.0,54.70495944752168,48.19650335457818,45.125352848878265,45.02479960120068,46.995013089794824,2.81,78.0,-0.63,0.7
EZPW,2007-09-12,11.949999809265137,12.300000190734863,11.800000190734863,11.869999885559082,405400.0,54.222915458474105,48.18614323983742,44.96954043425988,44.93419547916127,46.73529140592256,2.82,74.0,-0.76,0.76
EZPW,2007-09-13,11.9399995803833,12.09000015258789,11.850000381469728,11.979999542236328,351800.0,54.132115615067136,48.16887871186065,44.70712765578591,44.950819508223596,46.67674667094411,2.83,68.0,-0.79,0.82
EZPW,2007-09-14,11.890000343322754,12.0,11.779999732971191,11.949999809265137,339700.0,53.593552900091424,47.18656038155889,44.567439573099094,44.948994328110686,46.643003549980264,2.84,66.0,-0.93,0.87
EZPW,2007-09-17,11.970000267028809,11.970000267028809,11.779999732971191,11.84000015258789,489700.0,49.643506936875035,47.102531366522165,43.02422486407254,44.86888116420766,46.549787919468415,2.83,48.0,-0.92,0.88
EZPW,2007-09-18,11.880000114440918,12.859999656677246,11.880000114440918,12.829999923706056,453500.0,54.34403615147693,50.01769714260551,44.797905309770556,45.89644359680762,47.2380534292582,2.83,71.0,-0.9,1.0
EZPW,2007-09-19,12.800000190734863,13.579999923706056,12.539999961853027,13.56999969482422,842100.0,52.87466863873613,51.328982353518114,45.66733970779101,46.32442558812161,47.16270011752891,2.84,95.0,-0.87,0.82
EZPW,2007-09-20,13.489999771118164,13.5600004196167,13.149999618530272,13.520000457763672,885900.0,52.92323440038148,51.32811345284859,45.64482497295532,46.21782003050098,47.131361929343726,2.85,94.0,-0.83,0.82
EZPW,2007-09-21,13.539999961853027,13.68000030517578,13.25,13.31999969482422,605500.0,52.433185208516456,51.39282214680989,45.668910360916264,46.23975852420766,47.125386803343055,2.86,95.0,-0.78,0.81
EZPW,2007-09-24,13.289999961853027,13.59000015258789,13.25,13.43000030517578,447800.0,46.53615005748909,50.41116325637683,45.46043041817223,46.23853670975936,46.960923859935086,2.87,90.0,-0.76,0.89
EZPW,2007-09-25,13.31999969482422,13.529999732971191,13.199999809265137,13.369999885559082,295400.0,46.599143116624575,49.992271763416774,45.30555444374095,46.23943172436002,46.848000730520354,2.88,86.0,-0.72,0.92
EZPW,2007-09-26,13.479999542236328,13.59000015258789,13.359999656677246,13.399999618530272,354600.0,46.53529460309997,48.799786745786186,45.30374898074593,46.1687606857195,46.804540838210016,2.89,85.0,-0.67,0.92
EZPW,2007-09-27,13.40999984741211,13.5600004196167,13.279999732971191,13.5600004196167,376300.0,46.12282703780383,48.64285327056975,45.29033734397985,46.15413296590254,46.74412436022609,2.9,83.0,-0.62,0.9
EZPW,2007-09-28,13.579999923706056,13.619999885559082,13.3100004196167,13.470000267028809,352600.0,45.90186996060344,48.48155836995314,45.29802215829501,46.00672268578593,46.74212936567697,2.91,84.0,-0.57,0.9
EZPW,2007-10-01,13.460000038146973,13.850000381469728,13.31999969482422,13.81999969482422,590000.0,42.262314385982656,48.72451793939754,45.458233978452995,46.10959718762223,46.81151620892009,2.92,89.0,-0.54,0.83
EZPW,2007-10-02,13.880000114440918,14.399999618530272,13.760000228881836,14.300000190734863,721800.0,41.78651128866919,49.06874353517643,45.65061986144751,44.56931774992791,46.93374272777366,2.93,93.0,-0.54,0.75
EZPW,2007-10-03,14.239999771118164,14.510000228881836,13.899999618530272,14.15999984741211,519700.0,39.722972915219806,48.1552184426622,45.677273343958305,44.57314943779307,46.94413439316877,2.95,95.0,-0.54,0.75
EZPW,2007-10-04,14.220000267028809,14.220000267028809,13.720000267028809,13.779999732971191,542100.0,40.302285956001825,48.03127555902043,45.88028541618792,43.75302892810827,46.590099223090334,2.96,99.0,-0.52,0.7
EZPW,2007-10-05,13.979999542236328,14.220000267028809,13.880000114440918,13.989999771118164,412900.0,39.49552850660367,47.34656961085251,45.66841751414823,43.78887069226594,46.60142671802416,2.97,92.0,-0.54,0.73
EZPW,2007-10-08,14.0,14.15999984741211,13.800000190734863,13.93000030517578,272700.0,39.38854480576926,47.33462053771434,45.46123319096739,43.77302628484701,46.601367324364126,2.98,86.0,-0.56,0.78
EZPW,2007-10-09,13.9399995803833,14.75,13.9399995803833,14.75,787000.0,41.952573843259884,48.50248336229959,46.33936782090656,43.942937045162815,46.93268955891572,3.0,100.0,-0.62,0.62
EZPW,2007-10-10,14.699999809265137,14.729999542236328,14.350000381469728,14.449999809265137,666600.0,40.64186093679202,48.3973529923657,46.45224775063668,41.76156254377481,46.9806922270077,3.03,100.0,-0.66,0.6
EZPW,2007-10-11,14.550000190734863,14.720000267028809,13.899999618530272,14.140000343322754,428400.0,41.32896862761217,48.50675288399548,45.56776599175819,41.82920561412487,47.02262607538924,3.03,86.0,-0.65,0.74
EZPW,2007-10-12,14.130000114440918,14.390000343322754,14.100000381469728,14.390000343322754,239800.0,40.89573298689632,48.395572543511385,45.18204483349822,41.87991673656897,46.96634601096986,3.03,65.0,-0.65,0.84
EZPW,2007-10-15,14.449999809265137,14.449999809265137,13.850000381469728,13.979999542236328,379900.0,42.05757639279299,48.799641860541655,45.4068143046434,42.005889038449865,46.89383044029253,3.03,80.0,-0.64,0.79
EZPW,2007-10-16,13.899999618530272,14.130000114440918,13.890000343322754,13.989999771118164,182600.0,41.88020649257906,48.675397235834765,45.21093668079645,41.977851321722184,44.23523745503889,3.03,66.0,-0.61,0.83
EZPW,2007-10-17,14.18000030517578,14.18000030517578,13.43000030517578,13.670000076293944,436800.0,42.366826441996935,48.93625587305267,45.302106942225215,42.04832466439748,43.83042719319066,3.02,78.0,-0.58,0.83
EZPW,2007-10-18,13.529999732971191,13.649999618530272,13.210000038146973,13.25,364100.0,43.492003747018806,49.21360173995855,45.519020774174926,42.12999024027945,43.92781746429766,3.03,85.0,-0.54,0.8
EZPW,2007-10-19,13.25,13.289999961853027,12.890000343322754,12.960000038146973,397200.0,43.176733215315906,48.518613742523456,45.635255661140185,42.20131627777233,43.97044599503196,3.03,86.0,-0.5,0.78
EZPW,2007-10-22,12.979999542236328,13.399999618530272,12.75,13.300000190734863,391700.0,42.91546898911618,48.75792150206188,45.83861305764928,42.32030214083664,43.99766820214172,3.04,95.0,-0.48,0.7
EZPW,2007-10-23,13.4399995803833,13.630000114440918,13.0,13.369999885559082,176600.0,42.61761070224785,48.76139994231813,45.84839080582828,42.32699805665523,43.88205430807809,3.04,95.0,-0.49,0.7
EZPW,2007-10-24,13.1899995803833,13.43000030517578,12.859999656677246,13.199999809265137,271700.0,42.70133851546017,48.4945230456568,45.76323378786377,42.33526378021784,43.76293819960041,3.05,92.0,-0.45,0.72
EZPW,2007-10-25,13.220000267028809,13.369999885559082,12.779999732971191,12.93000030517578,285800.0,43.23108656177179,48.60184143867815,45.776486213541375,42.34174987319504,43.80632594663536,3.05,92.0,-0.46,0.74
EZPW,2007-10-26,13.100000381469728,13.279999732971191,12.970000267028809,13.260000228881836,385800.0,43.69322095203896,48.58958556682042,45.77401012842465,42.309805161719694,43.73184884281548,3.06,91.0,-0.42,0.7
EZPW,2007-10-29,13.279999732971191,13.4399995803833,13.0,13.050000190734863,262700.0,43.905899149824464,46.48846497207261,45.055775722753836,42.19912540318951,43.716215040725814,3.05,61.0,-0.39,0.8
EZPW,2007-10-30,12.970000267028809,13.100000381469728,12.829999923706056,12.9399995803833,239000.0,37.42748094483946,46.388049199236505,44.71181473903864,42.19599715073823,43.67215058232404,3.06,54.0,-0.34,0.92
EZPW,2007-10-31,13.039999961853027,13.300000190734863,12.920000076293944,13.15999984741211,333700.0,33.908076130798065,44.67756546153936,44.77813255348293,42.237709072497005,43.6889125842684,3.06,54.0,-0.29,0.88
EZPW,2007-11-01,12.979999542236328,13.149999618530272,12.300000190734863,12.399999618530272,454000.0,37.90944059387816,46.42076811182412,45.61719876996215,42.7861624921526,44.0448896867957,3.07,81.0,-0.26,0.8
EZPW,2007-11-02,12.579999923706056,12.850000381469728,12.039999961853027,12.31999969482422,533300.0,37.75556659660321,46.0951551520455,45.51499227632043,42.754756020939574,43.93742956677657,3.09,78.0,-0.23,0.85
EZPW,2007-11-05,12.119999885559082,12.449999809265137,11.9399995803833,12.140000343322754,316100.0,37.76945480794472,42.59792726553422,45.55306791126958,42.731219407749975,43.930150892449795,3.1,79.0,-0.2,0.84
EZPW,2007-11-06,12.25,12.5,12.119999885559082,12.489999771118164,218800.0,38.87286615611938,42.96596274356408,45.79690915779967,42.868624839785625,43.97006415174986,3.1,93.0,-0.15,0.75
EZPW,2007-11-07,12.300000190734863,12.40999984741211,11.869999885559082,11.970000267028809,320100.0,40.55048179978951,43.893396330668274,46.23818331214359,43.10058239592111,43.83572062892808,3.05,98.0,-0.14,0.67
EZPW,2007-11-08,12.0,12.420000076293944,11.75,12.40999984741211,603700.0,41.946120826327906,44.33785654498279,46.58223328872553,43.32885107109514,43.905995584571215,3.0,100.0,-0.08,0.58
EZPW,2007-11-09,12.899999618530272,13.720000267028809,12.31999969482422,13.140000343322754,653300.0,45.39261120151474,45.52183162560475,46.85613074310608,43.863755350451356,44.28386697225123,2.97,100.0,-0.07,0.51
EZPW,2007-11-12,13.109999656677246,13.640000343322754,12.920000076293944,13.079999923706056,521600.0,44.700556998793054,43.365959698537424,46.81064822618782,43.4734494055265,44.2213204864992,2.93,99.0,-0.04,0.53
EZPW,2007-11-13,13.229999542236328,13.449999809265137,13.029999732971191,13.300000190734863,383700.0,43.75576657121231,42.95151656071304,46.867334884333566,43.4717627659561,43.44905162488266,2.89,100.0,-0.03,0.5
EZPW,2007-11-14,13.359999656677246,13.369999885559082,12.899999618530272,13.0,302400.0,44.107244826243516,41.97161402262361,46.99205990197039,43.55036441167119,43.49983937040978,2.84,100.0,-0.01,0.47
EZPW,2007-11-15,12.920000076293944,13.149999618530272,12.720000267028809,12.84000015258789,603100.0,43.602458314239186,41.794141740438256,47.02529885575611,43.287663111854634,43.5158803443316,2.79,100.0,0.01,0.48
EZPW,2007-11-16,12.880000114440918,12.949999809265137,12.369999885559082,12.770000457763672,326700.0,43.29246356250096,41.43773437381316,47.01177162607443,43.272852969667944,43.45157255392584,2.73,99.0,0.05,0.49
EZPW,2007-11-19,12.770000457763672,12.770000457763672,12.09000015258789,12.520000457763672,396700.0,43.562919481157884,41.51088834034922,46.47805316968136,43.2110024656417,43.43500512421786,2.68,93.0,0.05,0.56
EZPW,2007-11-20,12.550000190734863,12.699999809265137,12.06999969482422,12.199999809265137,488600.0,40.00400612852345,41.7224207113663,46.36012351087197,43.27904523739109,43.50801673045688,2.64,91.0,0.05,0.63
EZPW,2007-11-21,12.149999618530272,12.279999732971191,11.93000030517578,11.979999542236328,478400.0,39.93711716298877,41.143961015610216,45.71829741963004,43.08061285996669,43.53661122880184,2.6,78.0,0.01,0.71
EZPW,2007-11-23,12.130000114440918,12.739999771118164,12.119999885559082,12.68000030517578,237800.0,43.60861380001087,42.664597088163866,46.47089571699513,43.434236571474585,43.90679915276123,2.57,92.0,0.02,0.59
EZPW,2007-11-26,12.670000076293944,12.670000076293944,11.989999771118164,12.029999732971191,295000.0,45.35533939617814,43.879334861001844,47.11376660665802,43.703316809090396,44.211223093212205,2.54,100.0,-0.01,0.52
EZPW,2007-11-27,12.09000015258789,12.399999618530272,11.979999542236328,12.329999923706056,353400.0,45.65608035129177,44.08752824648348,47.27638578395445,43.729908041272225,44.2437124684695,2.5,100.0,-0.02,0.45
EZPW,2007-11-28,12.510000228881836,12.68000030517578,12.420000076293944,12.609999656677246,340300.0,46.28926784101135,44.17508002307473,47.361904202499474,43.79961623113806,44.25653175550514,2.46,100.0,-0.02,0.41
EZPW,2007-11-29,12.600000381469728,12.649999618530272,12.229999542236328,12.420000076293944,270100.0,46.05217971307219,44.215545312478156,46.881671235131456,43.72959144627704,44.25560505295498,2.42,94.0,0.03,0.47
EZPW,2007-11-30,12.649999618530272,12.890000343322754,12.5,12.5600004196167,328900.0,45.44724008395314,44.222164895755824,46.558051043217134,43.59155038449822,44.237271215663206,2.39,89.0,0.04,0.57
EZPW,2007-12-03,12.529999732971191,12.5600004196167,12.140000343322754,12.279999732971191,225000.0,45.46355891514143,44.090777479758344,46.18557480118175,43.3409719308505,44.2514847850003,2.36,82.0,0.03,0.69
EZPW,2007-12-04,12.119999885559082,12.220000267028809,11.90999984741211,11.989999771118164,352600.0,45.11721227144727,44.07884472840834,46.32691281033703,43.408067532513975,44.303182790673496,2.33,83.0,-0.01,0.66
EZPW,2007-12-05,12.220000267028809,12.300000190734863,11.75,11.949999809265137,246100.0,45.041807007040795,43.87215325484215,46.24307256877192,43.164971807625825,44.02757162933321,2.29,82.0,-0.04,0.67
EZPW,2007-12-06,11.899999618530272,12.119999885559082,11.880000114440918,11.949999809265137,671900.0,44.97092667341097,43.82259851734149,45.985908374812794,43.16435907883883,43.9190520015922,2.26,79.0,-0.07,0.77
EZPW,2007-12-07,12.010000228881836,12.050000190734863,11.8100004196167,11.880000114440918,306500.0,44.678410517378566,43.797741266325716,45.93157841467656,43.15558241362601,43.917355224534504,2.23,78.0,-0.11,0.78
EZPW,2007-12-10,11.880000114440918,12.420000076293944,11.859999656677246,12.300000190734863,443800.0,45.27999369747319,44.37326605259757,46.10786894988721,43.257769197415755,44.03042899323939,2.2,79.0,-0.1,0.73
EZPW,2007-12-11,12.34000015258789,12.460000038146973,11.75,11.869999885559082,396800.0,46.13579989084935,44.944507013010465,46.441829856496554,43.41110436157528,44.141906462403604,2.15,85.0,-0.13,0.67
EZPW,2007-12-12,12.210000038146973,12.390000343322754,11.739999771118164,12.020000457763672,451400.0,46.3276475702676,41.81260622649445,46.430998181882885,43.37798955410064,44.15308328024883,2.1,84.0,-0.15,0.65
EZPW,2007-12-13,11.920000076293944,12.170000076293944,11.710000038146973,11.9399995803833,456800.0,45.975734976117224,40.09069995547606,46.44033040711299,43.38283604063791,44.156128292907,2.05,84.0,-0.17,0.66
EZPW,2007-12-14,11.8100004196167,12.25,11.529999732971191,11.59000015258789,383800.0,43.559111783070705,40.487740281848744,46.54611747687726,43.500342126958095,44.22389077384218,1.98,88.0,-0.2,0.67
EZPW,2007-12-17,11.550000190734863,11.9399995803833,11.34000015258789,11.609999656677246,297600.0,43.55487614503968,40.41468427205995,46.00531132933885,43.47415105395459,44.224803349190545,1.92,74.0,-0.24,0.75
EZPW,2007-12-18,11.739999771118164,11.899999618530272,11.31999969482422,11.789999961853027,425800.0,43.66346322625755,40.52075576437033,46.06083378412021,43.47950272862186,44.20195595921002,1.86,74.0,-0.27,0.71
EZPW,2007-12-19,11.789999961853027,11.960000038146973,11.59000015258789,11.760000228881836,292600.0,42.76490259153381,40.51799288867671,46.061648045991994,43.46661640990284,44.09644540142953,1.78,74.0,-0.3,0.71
EZPW,2007-12-20,11.859999656677246,11.869999885559082,11.130000114440918,11.220000267028809,630100.0,43.15181592251217,41.534865602621494,46.46173077554624,43.78622521411157,44.26721146062924,1.69,85.0,-0.35,0.66
EZPW,2007-12-21,11.420000076293944,11.720000267028809,11.18000030517578,11.34000015258789,797500.0,41.800164915930495,41.516852722389736,46.44525079529567,43.79646901393915,44.270504121347045,1.58,83.0,-0.38,0.65
EZPW,2007-12-24,11.3100004196167,11.5600004196167,11.3100004196167,11.5600004196167,225900.0,38.35944890795448,41.75684021948116,46.362449695932995,43.86416221152325,44.24612052363655,1.46,79.0,-0.41,0.67
EZPW,2007-12-26,11.5,11.579999923706056,11.31999969482422,11.529999732971191,320000.0,38.3623602575646,41.34124632311276,45.05270934838536,43.864344124282006,44.24515735980223,1.37,23.0,-0.4,0.71
EZPW,2007-12-27,11.5,11.550000190734863,11.050000190734863,11.050000190734863,432800.0,39.3853163604381,41.38330534508555,45.489543049669486,43.71000652901411,44.4352445275261,1.28,42.0,-0.4,0.64
EZPW,2007-12-28,11.199999809265137,11.380000114440918,10.979999542236328,11.06999969482422,246600.0,39.127192670942236,41.38552905698756,44.50327944335235,43.651384667464114,44.37353220454641,1.21,11.0,-0.46,0.71
EZPW,2007-12-31,11.029999732971191,11.369999885559082,10.949999809265137,11.289999961853027,332400.0,39.72573592132109,41.383122969983404,44.531385769405,43.54333270732592,44.414531552643716,1.12,11.0,-0.5,0.7
EZPW,2008-01-02,11.260000228881836,11.489999771118164,10.720000267028809,10.850000381469728,446600.0,41.035324780750734,41.863737280364354,44.80015563249143,43.74391790241446,44.526700731551756,1.0,16.0,-0.59,0.66
EZPW,2008-01-03,10.869999885559082,11.020000457763672,10.800000190734863,10.859999656677246,370200.0,40.84476180704044,41.877070773086466,42.50363082330008,43.668495824735174,44.4441483197989,1.02,1.0,-0.57,0.38
EZPW,2008-01-04,10.739999771118164,10.789999961853027,10.329999923706056,10.399999618530272,732500.0,41.9238837614969,40.634437020959176,43.042260688402685,43.92964457744589,44.63421368798714,1.0,6.0,-0.46,0.31
EZPW,2008-01-07,10.43000030517578,10.960000038146973,10.25,10.800000190734863,606200.0,43.53472052930828,41.47937951240601,43.475615320057145,44.09852762036247,44.799736658516366,0.98,6.0,-0.45,0.19
EZPW,2008-01-08,10.829999923706056,11.170000076293944,10.6899995803833,10.729999542236328,564400.0,39.61187191447165,41.33263738343454,43.41634463106157,43.91987901152362,44.80142816735322,0.96,5.0,-0.43,0.2
EZPW,2008-01-09,10.68000030517578,11.25,10.630000114440918,11.239999771118164,649000.0,39.78999486630495,42.404341614545366,43.85903104054484,44.225103505634046,45.00799290383555,0.93,6.0,-0.44,0.13
EZPW,2008-01-10,11.09000015258789,11.489999771118164,10.960000038146973,11.40999984741211,566100.0,39.31982816322546,42.26274329343719,42.51150208820171,43.3875174143899,45.0104333411992,0.96,2.0,-0.49,0.13
EZPW,2008-01-11,11.34000015258789,11.369999885559082,11.0,11.029999732971191,451200.0,39.59084118080025,42.71141765847078,42.559897743921226,43.44679423998839,45.01335407108787,1.0,3.0,-0.52,0.12
EZPW,2008-01-14,11.300000190734863,11.300000190734863,10.84000015258789,11.149999618530272,499400.0,39.696188298161864,42.627107809166695,41.77281213596985,43.436295450588716,45.027138494562664,1.07,1.0,-0.57,0.23
EZPW,2008-01-15,10.970000267028809,11.130000114440918,10.649999618530272,10.699999809265137,527500.0,40.88567366296493,42.95338597125171,42.07107495542582,43.67441040574769,43.97266180462219,1.12,2.0,-0.6,0.23
EZPW,2008-01-16,10.649999618530272,11.43000030517578,10.460000038146973,11.010000228881836,1221500.0,41.69215108579151,43.272541744293456,42.15288173692057,43.80853921218553,44.06334028588192,1.17,3.0,-0.65,0.18
EZPW,2008-01-17,11.029999732971191,11.18000030517578,10.390000343322754,10.65999984741211,440400.0,42.11617234226954,43.27264865281366,42.34733572218088,43.81720583120176,43.518423872581586,1.21,4.0,-0.68,0.16
EZPW,2008-01-18,10.699999809265137,11.199999809265137,10.630000114440918,10.90999984741211,433500.0,42.84303392659134,43.58575011844664,42.47004809764595,43.83280560716199,43.58464589943827,1.25,5.0,-0.72,0.11
EZPW,2008-01-22,10.470000267028809,11.600000381469728,10.0,11.079999923706056,614000.0,43.17132298051198,43.70980120439618,42.13732411788819,43.878075030281586,43.599116911315306,1.29,3.0,-0.76,0.14
EZPW,2008-01-23,10.649999618530272,11.449999809265137,10.25,11.420000076293944,797300.0,44.18347043148069,44.06998774662084,42.35337975468669,44.008322938048096,43.44610635516897,1.32,6.0,-0.78,0.09
EZPW,2008-01-24,11.449999809265137,11.699999809265137,11.289999961853027,11.649999618530272,793200.0,43.33379212209959,43.943924369348856,42.385158640756444,44.08002536183466,41.862831456015456,1.36,7.0,-0.79,0.06
EZPW,2008-01-25,12.93000030517578,12.960000038146973,12.449999809265137,12.550000190734863,1293400.0,47.41858220894511,46.5568812415202,43.965823874662945,44.962280493452454,42.53687284507954,1.36,17.0,-0.8,0.14
EZPW,2008-01-28,12.600000381469728,13.09000015258789,12.350000381469728,12.960000038146973,737000.0,48.1371673259037,47.00752319267749,44.168479199919595,45.05693552887545,42.66202486860918,1.37,18.0,-0.81,0.09
EZPW,2008-01-29,13.010000228881836,13.359999656677246,12.869999885559082,13.25,883700.0,48.38282814440147,47.100465506784886,44.254475597822264,45.136229819611714,42.71950350735495,1.37,19.0,-0.84,0.05
EZPW,2008-01-30,13.130000114440918,13.630000114440918,12.989999771118164,13.18000030517578,617200.0,47.43353124598939,45.452164805953814,44.23695139030623,45.13949127448768,42.701937991690656,1.37,19.0,-0.86,0.06
EZPW,2008-01-31,12.9399995803833,13.3100004196167,12.699999809265137,13.199999809265137,440700.0,47.434544625977914,45.42542081093905,44.00028674842169,44.987632276292146,42.69487467882109,1.38,18.0,-0.88,0.1
EZPW,2008-02-01,13.279999732971191,13.460000038146973,12.829999923706056,13.449999809265137,307000.0,47.51329561989222,45.44409095450237,43.901199375561795,44.92721189089293,42.69401632771477,1.38,17.0,-0.9,0.1
EZPW,2008-02-04,13.449999809265137,13.5,12.920000076293944,13.029999732971191,334500.0,48.623105247946405,45.605357720162345,44.09736777172316,45.078267108316545,42.80479582363779,1.39,20.0,-0.9,0.09
EZPW,2008-02-05,12.75,13.020000457763672,12.199999809265137,12.630000114440918,330900.0,47.39780292165297,45.20351453610472,44.356837606980605,45.21790854610389,42.90654961663618,1.39,24.0,-0.89,0.05
EZPW,2008-02-06,12.699999809265137,13.039999961853027,12.640000343322754,12.710000038146973,376100.0,47.361301516085476,44.621132233155244,44.34487310249278,44.634129752374015,42.912655369160454,1.39,24.0,-0.88,0.05
EZPW,2008-02-07,12.65999984741211,12.989999771118164,12.510000228881836,12.699999809265137,368100.0,47.14998591686498,43.024514450238094,44.34265403911255,44.35964121683793,42.903566034843884,1.4,24.0,-0.87,0.05
EZPW,2008-02-08,12.68000030517578,12.850000381469728,12.369999885559082,12.520000457763672,225600.0,47.39417145471955,43.108933008943644,44.37826255890732,44.38690756834616,42.88376504640038,1.38,26.0,-0.85,0.05
EZPW,2008-02-11,12.59000015258789,12.649999618530272,12.119999885559082,12.170000076293944,394900.0,46.38538813011645,43.319567476046764,42.729777851481195,44.398266943447986,42.86530333425896,1.4,12.0,-0.85,-0.19
EZPW,2008-02-12,12.25,12.56999969482422,12.0600004196167,12.25,372500.0,46.39323420952589,43.119426789650795,41.77236720610546,44.37651251941308,42.768071169008294,1.44,1.0,-0.82,-0.13
EZPW,2008-02-13,12.399999618530272,12.90999984741211,12.390000343322754,12.670000076293944,547100.0,46.99606124979662,43.63096383987434,42.13198041539645,44.54530251227462,42.899386940126035,1.47,4.0,-0.79,-0.21
EZPW,2008-02-14,12.649999618530272,12.739999771118164,12.1899995803833,12.279999732971191,297300.0,46.372142010426806,44.08142916372454,42.35236662483518,44.68750530330459,42.99963684441232,1.5,8.0,-0.76,-0.24
EZPW,2008-02-15,12.199999809265137,12.380000114440918,11.960000038146973,12.100000381469728,301000.0,46.6882003343143,44.00057166297747,42.38473112722618,44.71509794546054,43.01027361656129,1.52,10.0,-0.73,-0.24
EZPW,2008-02-19,12.239999771118164,12.31999969482422,11.899999618530272,12.149999618530272,257900.0,44.52292015219173,43.69165543962614,42.388981426898674,44.71854913314813,42.988934345751446,1.55,12.0,-0.7,-0.25
EZPW,2008-02-20,12.079999923706056,12.270000457763672,12.010000228881836,12.1899995803833,292300.0,43.4403302939664,43.532463756120386,42.39131407147633,44.65178951869927,42.95190821630599,1.57,13.0,-0.67,-0.25
EZPW,2008-02-21,12.25,12.399999618530272,11.800000190734863,11.81999969482422,238000.0,44.511666975259196,42.362953162285535,42.603985196310155,44.739028448957136,43.05044071130728,1.59,18.0,-0.63,-0.27
EZPW,2008-02-22,11.859999656677246,12.140000343322754,11.56999969482422,11.760000228881836,477600.0,42.630482188934025,40.99507420578507,42.59975495621099,44.63055443149288,43.02004510618049,1.6,18.0,-0.6,-0.27
EZPW,2008-02-25,11.739999771118164,12.079999923706056,11.600000381469728,12.050000190734863,284200.0,42.972576681432415,40.98804733723554,42.57940667019087,44.29345283599213,43.09524204779898,1.62,18.0,-0.53,-0.27
EZPW,2008-02-26,11.970000267028809,12.020000457763672,11.600000381469728,11.8100004196167,744400.0,42.15711873045731,40.903402696243596,42.29775183985806,44.14822128041004,43.128889485646155,1.64,7.0,-0.48,-0.2
EZPW,2008-02-27,11.8100004196167,12.420000076293944,11.8100004196167,12.359999656677246,612900.0,43.93031188078087,41.89011945050888,42.941683429176244,44.47787436585755,43.096894913564356,1.65,23.0,-0.41,-0.3
EZPW,2008-02-28,12.260000228881836,12.260000228881836,11.9399995803833,12.079999923706056,493900.0,42.616288261341666,42.08061115401667,42.881340167585385,44.48313117781054,43.11759427306497,1.66,23.0,-0.33,-0.29
EZPW,2008-02-29,11.960000038146973,12.140000343322754,11.609999656677246,11.729999542236328,368500.0,43.02774403179138,42.25608042593468,43.02907787965146,44.55154730900707,43.21162165232503,1.67,25.0,-0.26,-0.29
EZPW,2008-03-03,11.770000457763672,12.010000228881836,11.59000015258789,11.630000114440918,414200.0,41.91325108814386,42.01362893034729,43.04079606428177,44.55320089498001,43.01589020876968,1.67,26.0,-0.18,-0.29
EZPW,2008-03-04,11.489999771118164,11.75,11.3100004196167,11.56999969482422,438000.0,41.525001058014716,42.02057758411738,41.990389760854356,44.55492622660352,43.00526611661573,1.69,3.0,-0.35,-0.24
EZPW,2008-03-05,11.649999618530272,11.729999542236328,11.390000343322754,11.4399995803833,611600.0,41.49310536433539,42.07816093886383,41.9143930758097,44.5543173014159,42.92984929112179,1.7,3.0,-0.46,-0.23
EZPW,2008-03-06,11.399999618530272,11.5,11.0600004196167,11.109999656677246,275700.0,41.44288086272009,42.47173912683101,42.02066873611608,44.65638084327234,42.99939706289074,1.72,5.0,-0.51,-0.24
EZPW,2008-03-07,11.100000381469728,11.130000114440918,10.859999656677246,10.9399995803833,701600.0,41.16266110415751,41.90311286096043,41.9481738937387,44.32617749121298,42.84584611538842,1.74,4.0,-0.73,-0.21
EZPW,2008-03-10,11.0,11.15999984741211,10.510000228881836,10.630000114440918,387100.0,34.87940295176846,41.69155463995107,41.94563668238108,44.412476569324426,42.79408653476271,1.76,4.0,-0.81,-0.21
EZPW,2008-03-11,10.949999809265137,11.0,10.510000228881836,10.949999809265137,678000.0,34.65257026587399,42.0891997201369,42.256815466120266,44.55403564550501,42.79228000423522,1.78,12.0,-0.93,-0.28
EZPW,2008-03-12,10.949999809265137,11.600000381469728,10.81999969482422,11.390000343322754,610800.0,36.181602445444724,42.90096295751551,42.64178101235262,44.80429689180383,42.926643835362626,1.78,28.0,-0.97,-0.35
EZPW,2008-03-13,11.25,11.40999984741211,11.029999732971191,11.239999771118164,520100.0,36.25994197327251,42.55709891865003,42.42160098499841,44.82365745154894,42.931027334043065,1.79,21.0,-0.97,-0.32
EZPW,2008-03-14,11.3100004196167,11.630000114440918,10.8100004196167,10.970000267028809,353300.0,36.60871270571789,42.83236367169348,42.44986215406849,44.895182338100774,42.917929809437545,1.8,22.0,-0.98,-0.32
EZPW,2008-03-17,10.970000267028809,11.539999961853027,10.699999809265137,11.449999809265137,439300.0,38.640614649534996,43.6407504163929,42.81317853219592,44.83592121634279,43.02720576131904,1.8,32.0,-0.97,-0.36
EZPW,2008-03-18,11.75,12.350000381469728,11.699999809265137,12.3100004196167,522400.0,43.89900993973315,46.12356441687629,44.38185232030884,45.49784993551007,43.41854069305476,1.8,52.0,-0.95,-0.25
EZPW,2008-03-19,12.479999542236328,12.489999771118164,11.81999969482422,11.90999984741211,433300.0,44.009642799652354,45.59131710228844,44.636328432494935,45.250853263568295,43.5254849670178,1.79,55.0,-0.91,-0.29
EZPW,2008-03-20,12.050000190734863,12.43000030517578,11.93000030517578,12.380000114440918,736900.0,45.51405829193641,46.20358106835737,44.96522807974301,45.40395486457682,43.537472872465734,1.79,59.0,-0.88,-0.36
EZPW,2008-03-24,12.5,12.970000267028809,12.5,12.90999984741211,605100.0,47.174173692177746,46.806568569185465,45.28503453232569,45.61691225357944,43.74642840440758,1.79,62.0,-0.89,-0.4
EZPW,2008-03-25,12.890000343322754,13.029999732971191,12.56999969482422,13.029999732971191,465800.0,47.024423494408786,46.821567228103774,45.2394509299806,45.62587671450126,43.75085457722389,1.79,61.0,-0.89,-0.4
EZPW,2008-03-26,13.0,13.0,12.5,12.75,610200.0,46.698858899402985,46.165542886264404,45.351303362095685,45.67042541896119,43.72031103614199,1.79,62.0,-0.88,-0.42
EZPW,2008-03-27,12.800000190734863,12.850000381469728,12.4399995803833,12.670000076293944,359800.0,46.727748483479836,46.199717447839696,45.279176458419585,45.36576020594155,43.69473358513901,1.79,60.0,-0.87,-0.39
EZPW,2008-03-28,12.68000030517578,12.729999542236328,12.260000228881836,12.390000343322754,353300.0,46.15161468497015,46.3252007806051,44.42083654404529,45.240380753317396,43.701257744869224,1.79,53.0,-0.87,-0.41
EZPW,2008-03-31,12.43000030517578,12.489999771118164,12.100000381469728,12.3100004196167,407400.0,45.27808719337339,45.553581082206826,44.42085596457061,44.95650886566272,43.70508517224773,1.78,54.0,-0.87,-0.41
EZPW,2008-04-01,12.5,12.899999618530272,12.460000038146973,12.899999618530272,352100.0,47.00799247432113,46.4645509497647,44.972748172521314,45.29357102299528,43.95377787966819,1.78,60.0,-0.91,-0.49
EZPW,2008-04-02,13.0,13.359999656677246,12.890000343322754,13.010000228881836,539700.0,47.04108533684963,45.468996551635634,44.76980180147686,45.2519833481502,43.940972944992694,1.78,58.0,-0.93,-0.44
EZPW,2008-04-03,12.949999809265137,13.109999656677246,12.579999923706056,13.0,360300.0,47.04822561011666,44.920369357853914,44.23808800108802,45.113844229599145,43.915868277476385,1.77,47.0,-0.97,-0.4
EZPW,2008-04-04,13.039999961853027,13.550000190734863,12.9399995803833,13.390000343322754,459200.0,46.62444075524247,45.19853185823689,44.11736365091574,45.20947875224132,44.00746279437042,1.75,45.0,-0.97,-0.38
EZPW,2008-04-07,13.449999809265137,13.710000038146973,13.359999656677246,13.630000114440918,408900.0,46.70104557297105,44.415592409817805,43.27056942519554,45.168459582480516,44.02964627998264,1.74,38.0,-0.91,-0.34
EZPW,2008-04-08,13.579999923706056,13.600000381469728,13.3100004196167,13.529999732971191,245800.0,46.457905980396966,44.39844086978343,43.28093429602119,45.17746580918968,44.02838019673064,1.72,39.0,-0.88,-0.34
EZPW,2008-04-09,13.579999923706056,13.720000267028809,13.199999809265137,13.25,507700.0,46.49406795826839,44.01856256716641,43.331011440264014,45.20848716271234,44.07657607647991,1.7,40.0,-0.88,-0.33
EZPW,2008-04-10,13.329999923706056,13.550000190734863,13.100000381469728,13.1899995803833,363800.0,44.82797907359565,44.01539251322307,43.18334822748574,45.211892917833055,44.0782297404349,1.68,38.0,-0.88,-0.31
EZPW,2008-04-11,13.100000381469728,13.3100004196167,12.81999969482422,12.960000038146973,272100.0,44.59513022354366,43.26711271799324,43.22969180038737,45.19788778035031,43.82171977730796,1.66,39.0,-0.89,-0.31
EZPW,2008-04-14,12.93000030517578,13.010000228881836,12.579999923706056,12.710000038146973,426300.0,44.07096966693466,43.18416679195066,43.33266458891082,44.93513217343178,43.82369558463992,1.64,43.0,-0.88,-0.33
EZPW,2008-04-15,12.770000457763672,13.390000343322754,12.520000457763672,13.0,272200.0,44.3039046351024,42.7630214024134,43.36323761550746,45.00294334972052,43.764507766431684,1.62,44.0,-0.91,-0.36
EZPW,2008-04-16,13.149999618530272,13.479999542236328,13.0,13.460000038146973,474100.0,45.11309261630183,43.0580812586796,43.496969887700146,45.18709824781229,43.89279855477198,1.61,47.0,-0.94,-0.41
EZPW,2008-04-17,13.619999885559082,13.770000457763672,13.210000038146973,13.699999809265137,360100.0,44.98234201202141,43.0866979278232,43.467063954061466,45.11353389565025,43.88422454431443,1.6,46.0,-0.93,-0.42
EZPW,2008-04-18,13.949999809265137,14.229999542236328,13.789999961853027,14.039999961853027,423900.0,44.007188635928905,42.95132005998417,42.7145863927978,45.165746653573784,43.948489432476954,1.59,31.0,-0.82,-0.4
EZPW,2008-04-21,14.010000228881836,14.100000381469728,13.609999656677246,13.68000030517578,297200.0,44.593640311187734,43.22792619956103,42.06733920700279,45.180040673825026,43.966715161456335,1.57,8.0,-0.86,-0.41
EZPW,2008-04-22,13.6899995803833,13.779999732971191,13.380000114440918,13.619999885559082,469700.0,43.41914950828246,40.57786056107918,41.9093525796496,44.42231266537009,43.82584946083713,1.54,3.0,-0.9,-0.36
EZPW,2008-04-23,13.649999618530272,14.079999923706056,13.520000457763672,14.079999923706056,634300.0,43.58339076344656,40.61307605786126,42.08406742777152,44.53887516530327,43.912476246158924,1.51,11.0,-0.85,-0.39
EZPW,2008-04-24,14.079999923706056,14.880000114440918,14.079999923706056,14.699999809265137,727800.0,43.82443057863452,41.29202245070607,42.524502799251856,44.232836577896514,43.47254951699563,1.49,29.0,-0.57,-0.47
EZPW,2008-04-25,13.699999809265137,13.960000038146973,12.390000343322754,12.869999885559082,2136300.0,59.80489572085307,49.659355112426226,47.56186397461164,46.98266640718558,45.388455844169975,1.51,100.0,-0.59,2.66
EZPW,2008-04-28,13.029999732971191,13.25,12.760000228881836,13.0,1052400.0,59.19163793102765,49.70417490321813,47.44563955367519,46.888588372319724,45.37243910578715,1.53,99.0,-0.64,2.74
EZPW,2008-04-29,12.949999809265137,12.960000038146973,12.579999923706056,12.760000228881836,659500.0,58.514636372412674,49.68391895559818,47.38384600795558,45.77615089063238,45.39744135643296,1.56,98.0,-0.66,2.77
EZPW,2008-04-30,12.829999923706056,12.899999618530272,11.899999618530272,12.140000343322754,1390900.0,56.72045401596326,50.297940147475565,48.05226055112332,46.16326900457596,45.65053920351387,1.59,100.0,-0.66,2.5
EZPW,2008-05-01,12.15999984741211,12.56999969482422,11.960000038146973,12.31999969482422,764000.0,56.02189400268755,50.00735992054193,48.10780028380158,46.19227514249029,45.58779174606236,1.64,100.0,-0.67,2.48
EZPW,2008-05-02,12.390000343322754,12.5600004196167,12.039999961853027,12.130000114440918,509800.0,55.05801977836657,50.08230537812164,48.163855415712256,46.190365730925926,45.54743729991711,1.68,100.0,-0.67,2.45
EZPW,2008-05-05,12.170000076293944,12.3100004196167,11.949999809265137,12.18000030517578,346100.0,53.58681065304215,50.09233856409703,47.84922289159545,46.095909781716834,45.547886959603815,1.71,97.0,-0.66,2.55
EZPW,2008-05-06,12.170000076293944,12.31999969482422,11.960000038146973,12.270000457763672,245900.0,53.55529571228838,50.03807346956977,47.523042494021375,45.37692515493002,45.531187048129055,1.73,95.0,-0.67,2.72
EZPW,2008-05-07,12.270000457763672,12.329999923706056,12.0,12.0600004196167,400600.0,53.42803860634531,49.82400525212505,47.56351594089619,45.270693551970545,45.5604728151046,1.75,96.0,-0.67,2.68
EZPW,2008-05-08,12.100000381469728,12.239999771118164,11.6899995803833,11.890000343322754,968400.0,53.53408221242749,49.88618451732884,47.60547619561376,44.886718065273406,45.56725322617135,1.77,96.0,-0.67,2.65
EZPW,2008-05-09,11.84000015258789,12.270000457763672,11.81999969482422,12.18000030517578,489300.0,53.70111270383203,49.642929949510396,47.51745524296446,44.89632104907859,45.5833681567088,1.79,92.0,-0.66,2.73
EZPW,2008-05-12,12.229999542236328,12.25,11.93000030517578,12.229999542236328,515400.0,53.68747377160443,49.23902656812416,47.52050789745141,44.788352936352055,45.58571196789609,1.81,92.0,-0.65,2.73
EZPW,2008-05-13,12.220000267028809,12.289999961853027,11.970000267028809,12.130000114440918,426800.0,51.83536313913878,49.17372374018358,47.48023483778718,44.757972638472424,45.59164796263523,1.83,90.0,-0.64,2.73
EZPW,2008-05-14,12.149999618530272,12.40999984741211,11.920000076293944,12.100000381469728,429200.0,51.73890223541484,49.168922832152084,47.48012763527795,44.72037396225057,45.48622315346208,1.86,89.0,-0.64,2.73
EZPW,2008-05-15,12.06999969482422,12.539999961853027,12.0,12.470000267028809,421100.0,52.591919804487745,49.55316451910684,47.10179314460107,44.632637147347296,45.5088940392519,1.87,86.0,-0.61,2.92
EZPW,2008-05-16,12.520000457763672,12.56999969482422,12.029999732971191,12.130000114440918,377100.0,52.27925836020801,49.47188846214209,47.295198984649915,44.71937230644529,45.58666804333003,1.88,86.0,-0.59,2.8
EZPW,2008-05-19,12.100000381469728,12.4399995803833,12.0600004196167,12.130000114440918,529300.0,51.90964889092149,49.45862491953344,47.20172466957022,44.66744863118914,45.57992791817158,1.89,85.0,-0.57,2.83
EZPW,2008-05-20,12.109999656677246,12.260000228881836,11.890000343322754,12.18000030517578,368000.0,51.94940393962094,49.21516389711446,47.20260284424812,44.642593234567826,45.164764987447455,1.91,85.0,-0.55,2.84
EZPW,2008-05-21,12.270000457763672,12.470000267028809,12.0600004196167,12.0600004196167,590800.0,51.72632244997815,49.07954858316728,46.726596435632885,44.606787772171586,44.981216313910785,1.93,82.0,-0.5,3.06
EZPW,2008-05-22,12.06999969482422,12.260000228881836,11.960000038146973,12.079999923706056,355800.0,51.742896712226106,48.1701233741555,46.726525650882245,44.584290145155556,44.98138659364248,1.95,81.0,-0.45,3.06
EZPW,2008-05-23,12.0,12.380000114440918,12.0,12.359999656677246,336500.0,52.076276607880104,48.1701233741555,46.76248149571211,44.64966944437821,44.96706086589516,1.96,82.0,-0.41,3.05
EZPW,2008-05-27,12.350000381469728,12.649999618530272,12.300000190734863,12.460000038146973,408500.0,51.86498297530528,47.791116956072244,46.31816485867945,44.5362224558194,44.95493923675607,1.98,79.0,-0.35,3.28
EZPW,2008-05-28,12.31999969482422,12.489999771118164,11.899999618530272,12.0600004196167,539600.0,52.183247553887114,48.249253673220686,46.63183645552007,44.610771039636134,45.05335678452447,1.98,79.0,-0.29,3.1
EZPW,2008-05-29,12.0,12.449999809265137,12.0,12.399999618530272,329800.0,51.78818139547599,48.55289847602303,46.27572982329571,44.66229212962388,45.14310751951993,1.99,77.0,-0.26,3.31
EZPW,2008-05-30,12.460000038146973,12.649999618530272,12.260000228881836,12.630000114440918,371300.0,51.8127200566772,48.60867091060068,45.99373242142545,44.697184476156366,45.18283957965312,2.0,76.0,-0.2,3.42
EZPW,2008-06-02,12.579999923706056,12.720000267028809,12.220000267028809,12.359999656677246,260100.0,51.42978836959542,48.425544745446395,46.12352301726407,44.7597977733774,45.23074835965825,2.01,76.0,-0.14,3.34
EZPW,2008-06-03,12.380000114440918,12.5,11.9399995803833,12.029999732971191,441600.0,51.470620719738804,48.66033738957152,45.77173168624948,44.87464673024347,45.256607179651134,2.01,74.0,-0.08,3.42
EZPW,2008-06-04,11.949999809265137,12.359999656677246,11.949999809265137,12.100000381469728,495500.0,51.55349543104288,48.254034980205155,45.72164957854685,44.866139393935185,45.22685683531195,2.01,73.0,-0.03,3.44
EZPW,2008-06-05,12.109999656677246,12.329999923706056,11.859999656677246,12.329999923706056,414700.0,50.815727004264865,48.040994052433945,45.47536688056339,43.89865698959773,45.1883789819975,2.0,72.0,0.05,3.61
EZPW,2008-06-06,12.449999809265137,12.949999809265137,12.210000038146973,12.850000381469728,785900.0,50.673231229583905,48.106160702358785,45.896603343746975,43.666212879330395,45.06845526750188,1.99,74.0,0.11,3.43
EZPW,2008-06-09,13.06999969482422,13.460000038146973,12.90999984741211,13.140000343322754,797600.0,33.56020285250988,48.17633975461657,45.50123368743947,43.74616515359661,44.98739519487253,1.98,71.0,0.13,3.67
EZPW,2008-06-10,13.079999923706056,13.460000038146973,13.050000190734863,13.380000114440918,491800.0,33.83522163033576,47.94777895767427,45.376255129996245,43.76384549957527,45.01485771031664,1.97,69.0,0.14,3.73
EZPW,2008-06-11,13.34000015258789,13.4399995803833,13.109999656677246,13.199999809265137,322600.0,33.61049823509587,47.35152622433293,45.11271194292613,43.78221963860377,44.9809750279294,1.96,64.0,0.13,3.88
EZPW,2008-06-12,13.399999618530272,13.9399995803833,13.399999618530272,13.800000190734863,651200.0,32.2727749740594,45.909126526150054,45.49006356932363,44.09493702658324,45.163254110201585,1.96,70.0,0.1,3.72
EZPW,2008-06-13,13.800000190734863,13.979999542236328,13.539999961853027,13.979999542236328,570800.0,32.22729437940623,45.37868855575128,45.47343260168029,44.12023306297093,45.175304616190076,1.94,68.0,0.09,3.73
EZPW,2008-06-16,13.960000038146973,14.380000114440918,13.890000343322754,14.229999542236328,467300.0,31.895793462264233,44.86797297292015,45.32125708058897,44.14739959415729,45.209867981999324,1.93,65.0,0.09,3.8
EZPW,2008-06-17,14.210000038146973,14.210000038146973,13.5600004196167,13.779999732971191,729100.0,33.69456587199476,44.64260836882061,45.55569880545598,44.306288473240485,45.30985998859839,1.92,71.0,0.04,3.63
EZPW,2008-06-18,13.739999771118164,13.760000228881836,13.420000076293944,13.529999732971191,341100.0,34.2956090003626,44.78439572404677,44.143368747060684,44.25503418780715,45.33363503289255,1.92,44.0,-0.04,3.94
EZPW,2008-06-19,13.479999542236328,13.779999732971191,13.18000030517578,13.529999732971191,340400.0,33.75875234206215,44.54195951388357,43.855432585273554,44.0669065335633,45.06695972764639,1.92,40.0,-0.09,4.07
EZPW,2008-06-20,13.479999542236328,13.520000457763672,13.260000228881836,13.479999542236328,474500.0,33.40688787009508,44.5270207254787,43.721598695164744,44.05420185689551,45.048538865842026,1.92,40.0,-0.12,4.12
EZPW,2008-06-23,13.59000015258789,13.640000343322754,13.149999618530272,13.270000457763672,198300.0,33.33664138506649,44.39861551107907,43.785874707933395,43.976172736764745,45.06710250144575,1.93,41.0,-0.13,4.07
EZPW,2008-06-24,13.3100004196167,13.699999809265137,13.279999732971191,13.600000381469728,773900.0,33.925352561188085,44.626204996805555,43.95780002290345,44.03665161895168,45.1278129105614,1.93,44.0,-0.17,3.99
EZPW,2008-06-25,13.609999656677246,13.970000267028809,13.529999732971191,13.800000190734863,375100.0,33.88296296456939,43.712960273545534,43.91823594529064,44.06838642960801,45.149007866618135,1.93,43.0,-0.19,4.01
EZPW,2008-06-26,13.59000015258789,13.75,13.0,13.15999984741211,641900.0,37.03023023828985,44.80181215900548,44.280188126913124,43.894183140397644,45.39185062401897,1.93,48.0,-0.2,3.83
EZPW,2008-06-27,13.140000343322754,13.3100004196167,12.869999885559082,12.949999809265137,799700.0,36.485377173519666,44.925631719349994,44.07314041881734,43.86884781634695,45.15758295226117,1.93,45.0,-0.22,3.96
EZPW,2008-06-30,12.949999809265137,13.579999923706056,12.75,12.75,425600.0,35.81567064324005,44.60542673498594,44.133322733951424,43.8334023255674,45.06832388033887,1.93,47.0,-0.22,3.9
EZPW,2008-07-01,12.59000015258789,13.0600004196167,12.31999969482422,13.029999732971191,538000.0,36.27847853638071,44.683157916099084,44.267157564054855,43.86060789958164,44.81988998721199,1.93,50.0,-0.23,3.85
EZPW,2008-07-02,13.039999961853027,13.260000228881836,12.760000228881836,12.869999885559082,347200.0,36.52349423312532,44.72640176164673,44.25216706275205,43.75356689930666,44.7792755491405,1.93,50.0,-0.24,3.86
EZPW,2008-07-03,12.890000343322754,13.210000038146973,12.789999961853027,13.010000228881836,228100.0,36.43845453625928,44.59052729338255,44.04350181118165,43.773715237132535,44.74874954810172,1.92,44.0,-0.25,4.02
EZPW,2008-07-07,13.140000343322754,14.25,13.010000228881836,14.119999885559082,1083800.0,43.082999855047746,47.651659281037816,45.88424821568998,44.758260575018475,45.48634922356114,1.9,73.0,-0.31,3.65
EZPW,2008-07-08,14.40999984741211,15.56999969482422,14.289999961853027,15.470000267028809,1859900.0,49.5948552746686,50.9369370815672,47.787615858962816,45.88219727015439,46.3618825718665,1.91,96.0,0.3,3.48
EZPW,2008-07-09,15.920000076293944,15.989999771118164,15.369999885559082,15.40999984741211,2075100.0,49.70347952317173,50.74354954152637,47.49931376690881,45.804213745000354,46.13910783127298,1.92,89.0,0.54,3.63
EZPW,2008-07-10,15.449999809265137,16.420000076293945,15.119999885559082,16.09000015258789,1099700.0,49.29482411388192,51.252830517949796,47.85963894582625,45.981995841455344,46.19554663599973,1.93,97.0,1.19,3.49
EZPW,2008-07-11,15.920000076293944,16.489999771118164,15.489999771118164,16.360000610351562,712200.0,49.04239326986073,50.914698339543264,47.9093459792956,46.01635873947117,46.02994653328171,1.94,97.0,1.66,3.47
EZPW,2008-07-14,16.670000076293945,16.670000076293945,15.789999961853027,16.1299991607666,1107300.0,49.42061600042463,50.94751186774785,47.98643517773803,46.02243975235337,46.049171223362166,1.95,97.0,1.63,3.42
EZPW,2008-07-15,16.010000228881836,16.309999465942383,15.529999732971191,15.640000343322754,867400.0,49.97360305194221,51.19879594533412,47.986901939951984,46.10597555927833,46.11918860495102,1.96,97.0,1.4,3.42
EZPW,2008-07-16,15.670000076293944,16.780000686645508,15.5,16.75,1203700.0,51.82062424914684,52.6537065295464,49.09045716881603,46.707263747418295,46.52358121210307,1.99,100.0,1.6,3.1
EZPW,2008-07-17,16.850000381469727,17.799999237060547,16.5,17.75,1287600.0,53.541485755976026,53.80013729213432,49.73948020818854,47.14009480271058,46.84010069176339,2.03,100.0,2.32,2.89
EZPW,2008-07-18,17.690000534057617,17.940000534057617,17.290000915527344,17.479999542236328,774300.0,54.117847464338844,53.609633248814724,49.686455635808265,47.16793440879115,46.81344713601332,2.06,99.0,2.33,2.91
EZPW,2008-07-21,17.59000015258789,17.75,16.559999465942383,16.780000686645508,1082500.0,55.42746229626668,53.72951275145825,49.737970117276795,47.40024267622576,47.00176980276858,2.1,99.0,1.97,2.87
EZPW,2008-07-22,16.700000762939453,17.40999984741211,16.670000076293945,17.350000381469727,930700.0,55.752975991956774,46.13603364771842,49.792888719229815,46.99436909829154,47.08360914731727,2.13,100.0,1.76,2.86
EZPW,2008-07-23,17.690000534057617,18.89999961853028,17.239999771118164,18.790000915527344,2415800.0,59.3473905660703,48.607198142569764,50.95097594095436,47.87764574294287,47.733888803573436,2.19,100.0,2.18,2.68
EZPW,2008-07-24,18.989999771118164,18.989999771118164,17.0,17.219999313354492,1563100.0,65.55140881038301,52.01574492023276,52.96437620260078,48.997721463783186,48.515185769859656,2.31,100.0,1.84,2.42
EZPW,2008-07-25,17.420000076293945,17.8700008392334,16.700000762939453,17.84000015258789,859900.0,65.17476289041703,51.10373150803195,53.17774137161874,49.057456751927454,48.410376443300166,2.41,100.0,1.6,2.36
EZPW,2008-07-28,17.799999237060547,18.209999084472656,17.5,17.920000076293945,699100.0,65.17138087682316,51.07576192100075,53.11865049189707,48.77154592601742,48.40201520849529,2.49,99.0,1.37,2.39
EZPW,2008-07-29,17.920000076293945,18.25,17.0,18.15999984741211,788100.0,65.12826878067473,50.891994497793725,52.85924003500476,48.62311945250076,48.41547588910912,2.57,97.0,1.2,2.5
EZPW,2008-07-30,18.3799991607666,18.5,17.639999389648438,17.959999084472656,753900.0,64.27738215873103,51.020312785860675,52.82117800587145,48.20413814795395,48.34718615329882,2.63,96.0,1.0,2.52
EZPW,2008-07-31,17.65999984741211,18.39999961853028,17.6299991607666,17.979999542236328,524500.0,63.80956216946424,51.031731389293476,52.548195559327425,48.19834896045448,48.32116171268058,2.68,95.0,0.81,2.64
EZPW,2008-08-01,18.09000015258789,18.13999938964844,17.510000228881836,18.020000457763672,423100.0,63.78412316501909,50.80206010989111,52.40416575861796,48.165722627715695,48.26042385703412,2.73,94.0,0.62,2.69
EZPW,2008-08-04,18.049999237060547,18.059999465942383,16.899999618530273,17.260000228881836,796900.0,65.49403785655336,51.647598310215834,52.66061089214495,48.37024408188397,47.9513786739209,2.78,95.0,0.42,2.57
EZPW,2008-08-05,17.010000228881836,18.049999237060547,17.010000228881836,17.75,771600.0,65.33026414400908,51.711363062006384,52.72050673200789,48.44209011357019,47.99069720161799,2.83,95.0,0.24,2.56
EZPW,2008-08-06,17.739999771118164,17.989999771118164,17.190000534057617,17.889999389648438,569900.0,65.17913732251928,51.71033407987583,52.51883180330786,48.43960762330802,47.605370864756544,2.87,92.0,0.07,2.66
EZPW,2008-08-07,17.760000228881836,18.479999542236328,17.43000030517578,17.5,1044400.0,65.77477924863953,51.953658383117784,52.33535428242132,48.45462733065988,47.64298709258556,2.91,90.0,-0.09,2.69
EZPW,2008-08-08,17.329999923706055,17.959999084472656,16.889999389648438,17.100000381469727,593400.0,64.35513960020572,52.27070518482372,51.35562390438623,48.43340297833814,47.629916079531284,2.94,89.0,-0.25,2.89
EZPW,2008-08-11,17.059999465942383,17.799999237060547,15.1899995803833,15.43000030517578,2582700.0,71.73928050857053,56.54561192357554,53.748198018320146,49.93710199936581,47.97617457985473,3.02,100.0,-0.3,2.82
EZPW,2008-08-12,15.399999618530272,15.529999732971191,13.859999656677246,14.65999984741211,1938400.0,73.38715015629114,57.30129963534447,54.103930256660945,49.885563600064934,48.26119036973801,3.1,100.0,-0.33,2.65
EZPW,2008-08-13,14.5,15.239999771118164,14.170000076293944,15.199999809265137,1020800.0,73.79755701415525,57.6943523008296,54.002750989248504,49.652532466786994,48.38704689166924,3.18,99.0,-0.38,2.68
EZPW,2008-08-14,14.960000038146973,15.039999961853027,14.6899995803833,14.970000267028809,750800.0,73.86184455854334,57.8255753176049,54.054783410151174,49.6129002937113,48.3846774394879,3.26,99.0,-0.42,2.65
EZPW,2008-08-15,15.06999969482422,15.380000114440918,14.899999618530272,15.210000038146973,969100.0,73.91112281314547,57.813171242452675,53.975251410302185,49.57921043172859,48.3454839149985,3.33,97.0,-0.46,2.7
EZPW,2008-08-18,15.100000381469728,15.100000381469728,14.3100004196167,14.460000038146973,592900.0,71.9139448042469,58.87930767280301,54.597474796694264,49.91784233057052,48.13960166174155,3.41,100.0,-0.48,2.47
EZPW,2008-08-19,14.460000038146973,14.489999771118164,14.06999969482422,14.420000076293944,510300.0,66.59657600101173,58.74334633266608,54.469743182845455,49.904382854825094,48.03380690042237,3.48,99.0,-0.49,2.53
EZPW,2008-08-20,14.43000030517578,15.06999969482422,14.100000381469728,14.699999809265137,598400.0,66.88643223529617,58.83249983070941,54.5265528403989,49.874436294851975,47.80018974887175,3.54,99.0,-0.5,2.53
EZPW,2008-08-21,14.510000228881836,14.970000267028809,14.420000076293944,14.630000114440918,461400.0,65.52846767816028,58.392234799558786,54.05478216324631,49.791289353591964,47.751204306157845,3.59,95.0,-0.52,2.66
EZPW,2008-08-22,14.68000030517578,15.0600004196167,14.550000190734863,14.880000114440918,257800.0,65.53647110400249,58.23918933332121,54.10020651999344,49.82362285321244,47.70038057420141,3.65,96.0,-0.54,2.64
EZPW,2008-08-25,14.56999969482422,14.770000457763672,14.289999961853027,14.470000267028809,605400.0,65.85838019534424,58.49116471336788,54.298791070687045,49.94277914201059,47.7615808745309,3.69,97.0,-0.55,2.55
EZPW,2008-08-26,14.31999969482422,14.640000343322754,14.260000228881836,14.479999542236328,323100.0,65.35773215736428,58.28052393333852,54.10631090061507,49.93598007414973,47.73333189827813,3.73,96.0,-0.57,2.6
EZPW,2008-08-27,14.449999809265137,14.859999656677246,14.449999809265137,14.8100004196167,358800.0,62.29396615523832,58.08699819554356,54.14969404216041,49.8409853577811,47.62371917215519,3.76,96.0,-0.59,2.59
EZPW,2008-08-28,14.880000114440918,15.68000030517578,14.84000015258789,15.600000381469728,467200.0,61.795074784973835,58.93073486096656,54.73710077196811,50.0117469090403,47.87755958764869,3.79,100.0,-0.64,2.44
EZPW,2008-08-29,15.65999984741211,15.65999984741211,14.880000114440918,15.59000015258789,369500.0,61.71394529416684,58.859818657707144,54.62101728852876,49.995110483352576,47.839365224922986,3.82,99.0,-0.68,2.5
EZPW,2008-09-02,15.699999809265137,16.260000228881836,15.5,15.989999771118164,741800.0,61.2407252010565,58.51633451760219,54.74091301229584,50.06532062503619,47.88562066421604,3.85,100.0,-0.74,2.47
EZPW,2008-09-03,15.920000076293944,16.5,15.920000076293944,16.40999984741211,542000.0,60.90668126294724,58.57019416050435,54.78188468399402,50.00752529852765,47.92058392656669,3.87,100.0,-0.81,2.49
EZPW,2008-09-04,16.200000762939453,16.309999465942383,15.449999809265137,15.479999542236328,467500.0,57.90684981383569,59.848838119312234,55.51868483106279,50.51351593152539,48.27022962396406,3.91,100.0,-0.84,2.27
EZPW,2008-09-05,15.3100004196167,15.75,15.18000030517578,15.619999885559082,375100.0,52.724821389039164,59.7701292217775,55.43235664792922,50.49463527181941,48.26735329001621,3.94,99.0,-0.87,2.29
EZPW,2008-09-08,16.139999389648438,17.15999984741211,16.139999389648438,17.110000610351562,924900.0,58.438193886193964,61.88617992266985,56.984184400151946,51.59143104339111,49.01536414019772,3.99,100.0,-0.95,2.15
EZPW,2008-09-09,16.8700008392334,17.43000030517578,16.15999984741211,16.18000030517578,636100.0,60.49405315772167,63.03832920646742,57.67459434659498,51.72093690726513,49.28214928891952,4.06,100.0,-0.99,1.93
EZPW,2008-09-10,16.639999389648438,16.989999771118164,16.200000762939453,16.799999237060547,584100.0,61.479166671924915,63.37498422728661,57.84376824013039,51.88224504505703,49.37646505593099,4.11,100.0,-1.06,1.89
EZPW,2008-09-11,16.489999771118164,16.809999465942383,16.100000381469727,16.540000915527344,610500.0,61.547309625412424,63.07591529051142,57.74030987208452,51.88487217897795,49.3924032985775,4.15,99.0,-1.11,1.93
EZPW,2008-09-12,16.459999084472656,16.760000228881836,16.15999984741211,16.389999389648438,293300.0,61.562936828351866,62.971004991143886,57.758239977427,51.89869897633513,49.39696167916024,4.17,99.0,-1.15,1.92
EZPW,2008-09-15,15.90999984741211,16.030000686645508,15.350000381469728,15.5600004196167,373100.0,63.14009308597049,63.97626904794785,58.16232003222469,52.02454320340413,49.68147174570744,4.2,100.0,-1.17,1.79
EZPW,2008-09-16,15.100000381469728,16.360000610351562,14.5,16.350000381469727,619600.0,63.97152238059009,64.68790414650391,58.2896365283504,52.32880076914558,49.90631814589254,4.23,100.0,-1.2,1.76
EZPW,2008-09-17,16.209999084472656,16.979999542236328,15.43000030517578,15.890000343322754,1027400.0,63.781135899755604,64.9013924432968,54.406489424605034,52.412561983554106,49.35992648062298,4.26,84.0,-1.22,0.88
EZPW,2008-09-18,16.15999984741211,16.559999465942383,14.720000267028809,15.399999618530272,841800.0,64.1744003068491,65.11863746110063,54.64862748464143,52.327675078803395,49.15148102920448,4.28,88.0,-1.22,0.83
EZPW,2008-09-19,16.40999984741211,16.979999542236328,15.020000457763672,16.540000915527344,1125700.0,67.63988638297272,66.60939909010598,55.656279180018345,52.96906813611509,49.658359065656136,4.31,93.0,-1.24,0.71
EZPW,2008-09-22,16.520000457763672,16.6200008392334,15.130000114440918,16.049999237060547,530200.0,67.85920287377434,66.13939165332513,55.27009604889543,52.83180970620043,49.729639241328215,4.34,90.0,-1.25,0.76
EZPW,2008-09-23,16.079999923706055,16.520000457763672,16.030000686645508,16.350000381469727,620200.0,60.98286408718583,66.08616803756894,55.29426154264825,52.699638979439186,49.7558438681876,4.37,90.0,-1.26,0.76
EZPW,2008-09-24,16.520000457763672,16.950000762939453,16.110000610351562,16.290000915527344,592800.0,58.90576855827815,65.98155308536394,55.22594692029197,52.69405085570058,49.75505825459757,4.4,88.0,-1.26,0.77
EZPW,2008-09-25,16.420000076293945,16.559999465942383,16.1200008392334,16.3799991607666,398400.0,58.09329157895039,65.88000666883386,55.2271410442021,52.43354046847127,49.75709276246622,4.43,88.0,-1.26,0.77
EZPW,2008-09-26,16.200000762939453,17.1299991607666,15.93000030517578,17.09000015258789,602000.0,58.961584634230526,66.26140693730018,55.57774887095091,52.62867772995292,49.91897871004745,4.45,92.0,-1.27,0.69
EZPW,2008-09-29,17.030000686645508,17.68000030517578,15.869999885559082,17.479999542236328,1164100.0,59.10575559026401,66.35118602429272,55.5620211266797,52.50693529385938,49.959963790144265,4.48,91.0,-1.27,0.7
EZPW,2008-09-30,17.770000457763672,19.25,17.56999969482422,18.799999237060547,1714800.0,59.90266011331824,65.92638091563406,56.55569219952821,53.15239130713151,50.4136178935585,4.51,93.0,-1.24,0.58
EZPW,2008-10-01,18.790000915527344,18.799999237060547,17.799999237060547,18.280000686645508,685700.0,60.76689048821011,63.73603443883547,56.703284219404104,53.02143950445684,50.3894731487849,4.55,93.0,-1.24,0.55
EZPW,2008-10-02,19.07999992370605,19.09000015258789,17.329999923706055,17.510000228881836,623400.0,62.415881927674455,64.41237052612331,57.19401141743437,53.211466902874484,50.57002161193407,4.59,94.0,-1.24,0.46
EZPW,2008-10-03,17.93000030517578,18.0,16.860000610351562,16.940000534057617,785900.0,63.366484633980846,64.23257511575729,57.46048041308164,53.21882881477165,50.606244901011785,4.63,94.0,-1.23,0.41
EZPW,2008-10-06,16.649999618530273,16.739999771118164,14.5,15.989999771118164,1002700.0,65.78048121396549,65.25166286623487,58.26623124498514,53.63693920713566,50.922728659009245,4.68,99.0,-1.21,0.31
EZPW,2008-10-07,16.079999923706055,16.239999771118164,15.039999961853027,15.050000190734863,459000.0,67.74006320348995,66.3547223162658,58.958223651704486,54.12325117361605,51.286101255437664,4.74,100.0,-1.17,0.24
EZPW,2008-10-08,14.699999809265137,15.279999732971191,13.699999809265137,13.880000114440918,774700.0,71.81288720125536,68.08316124329168,60.23050120995445,54.89106661832719,51.60682572828157,4.81,100.0,-1.16,0.21
EZPW,2008-10-09,14.1899995803833,14.880000114440918,11.869999885559082,12.039999961853027,947900.0,82.16712727224169,72.32500030851479,64.39828975871738,57.402568491736275,53.48739604313826,4.98,100.0,-1.15,1.0
EZPW,2008-10-10,11.550000190734863,12.59000015258789,11.0,12.56999969482422,1404500.0,81.65244464040475,71.82884445493562,64.75884379728362,56.95003837642913,53.6244879379373,5.15,100.0,-1.16,0.94
EZPW,2008-10-13,13.380000114440918,14.06999969482422,13.0,14.06999969482422,527700.0,88.74691444202817,75.78516029370738,67.14838114963554,58.37073396842175,54.77795772711759,5.36,100.0,-1.14,0.93
EZPW,2008-10-14,14.470000267028809,14.6899995803833,13.59000015258789,13.770000457763672,711000.0,88.4668150738634,75.48238649154416,67.24837090726047,58.371224105826556,54.74404552630418,5.57,100.0,-1.13,0.91
EZPW,2008-10-15,13.630000114440918,13.6899995803833,12.93000030517578,13.140000343322754,511700.0,88.77052584465555,75.60712476849969,67.58857469288387,58.63272039997277,54.94339878548843,5.76,100.0,-1.13,0.83
EZPW,2008-10-16,13.31999969482422,14.06999969482422,12.670000076293944,13.970000267028809,840200.0,89.57105896920422,74.81706799774298,68.26187139638837,59.07901604381169,55.23772097280316,5.96,100.0,-1.11,0.73
EZPW,2008-10-17,13.5,15.220000267028809,12.5600004196167,13.520000457763672,609300.0,89.8844750519643,73.0691430738547,68.26329428772175,59.16684920354399,55.24666984043869,6.15,100.0,-1.12,0.73
EZPW,2008-10-20,14.050000190734863,15.100000381469728,14.010000228881836,15.100000381469728,677100.0,91.83964727421301,76.34970933098847,70.31779764145513,60.4716795805595,56.29393481541028,6.37,100.0,-1.09,0.69
EZPW,2008-10-21,14.93000030517578,16.420000076293945,14.760000228881836,15.5600004196167,670800.0,91.0064632286754,76.6321348654122,70.41105427803082,60.44924798614909,56.31398190800163,6.58,100.0,-1.05,0.67
EZPW,2008-10-22,15.029999732971191,15.220000267028809,14.199999809265137,14.539999961853027,441900.0,92.21018825916299,77.71921137399958,71.18429326189846,60.993891649323984,56.726012067954926,6.79,100.0,-1.03,0.57
EZPW,2008-10-23,14.350000381469728,14.4399995803833,12.4399995803833,13.220000267028809,766100.0,95.83178037615542,79.93910652618777,72.68821437462124,62.04073933842199,57.510136711417104,7.03,100.0,-1.05,0.48
EZPW,2008-10-24,12.050000190734863,14.18000030517578,11.739999771118164,13.619999885559082,563000.0,96.43576339504449,80.25018061521591,72.82882379538388,62.114934610078045,57.54946535334574,7.25,100.0,-1.07,0.46
EZPW,2008-10-27,13.489999771118164,14.050000190734863,13.09000015258789,13.210000038146973,374000.0,95.74960893002071,80.4117768675136,72.94619505130778,62.12993139854844,57.57647949215805,7.45,100.0,-1.09,0.43
EZPW,2008-10-28,13.470000267028809,15.449999809265137,13.119999885559082,15.399999618530272,590400.0,105.19868701410189,86.31984534380021,76.61275094504984,64.70863690025175,59.56201254561293,7.74,100.0,-1.06,0.82
EZPW,2008-10-29,15.40999984741211,15.81999969482422,14.260000228881836,14.779999732971191,597000.0,105.53633229055153,86.45897602069759,76.84164598920378,64.78596488131804,59.70138427892366,8.02,100.0,-1.03,0.79
EZPW,2008-10-30,15.199999809265137,16.700000762939453,14.75,16.639999389648438,547900.0,110.77641887992391,89.9598350750168,79.0276241548457,66.1505862750001,60.835654638982184,8.33,100.0,-1.01,0.68
EZPW,2008-10-31,16.639999389648438,16.729999542236328,15.369999885559082,15.84000015258789,655600.0,109.77773234211215,90.40118952190703,79.41115215860091,66.39694173097494,60.742313085445545,8.62,100.0,-0.98,0.63
EZPW,2008-11-03,15.979999542236328,16.350000381469727,15.630000114440918,15.899999618530272,413600.0,109.4484629889135,90.29646722829492,79.11732860004399,66.39676307190597,60.73835098641117,8.89,99.0,-0.95,0.69
EZPW,2008-11-04,16.200000762939453,16.5,15.279999732971191,15.59000015258789,596500.0,109.43740017281756,87.87855205297912,79.16582574677096,66.443669854526,60.753309783084084,9.14,99.0,-0.92,0.69
EZPW,2008-11-05,15.670000076293944,15.960000038146973,14.5,14.539999961853027,450800.0,111.20696894730891,88.4216862102867,79.9117684864429,66.86710436316628,61.1002256341456,9.38,100.0,-0.91,0.61
EZPW,2008-11-06,14.84000015258789,15.0,14.229999542236328,14.4399995803833,379700.0,111.17496921363244,88.10628266082244,79.75198917225302,66.86982901693587,60.951441442776535,9.61,99.0,-0.89,0.63
EZPW,2008-11-07,14.579999923706056,15.5,14.579999923706056,15.260000228881836,427100.0,111.70220124394636,88.79582470461519,80.16465831119773,67.12005300062249,61.09273768622548,9.81,100.0,-0.85,0.55
EZPW,2008-11-10,15.859999656677246,16.200000762939453,15.079999923706056,15.4399995803833,438200.0,111.52416233365847,88.76862556178673,80.18178955044912,67.0826634728167,60.84051514728554,9.99,100.0,-0.8,0.55
EZPW,2008-11-11,15.170000076293944,15.979999542236328,14.989999771118164,15.699999809265137,374300.0,109.32471369323527,88.19244087518702,80.21465771000939,66.90279101533268,60.859397293190256,10.15,100.0,-0.75,0.54
EZPW,2008-11-12,15.460000038146973,16.09000015258789,15.40999984741211,15.449999809265137,820800.0,109.1696987537777,88.26105653518684,80.21659301722994,66.87270302812787,60.861263193076056,10.3,100.0,-0.69,0.54
EZPW,2008-11-13,15.5600004196167,16.850000381469727,14.970000267028809,16.770000457763672,853800.0,111.43462635872329,89.73473764867796,81.148883231962,67.44740747951599,61.35680865709864,10.46,100.0,-0.66,0.43
EZPW,2008-11-14,16.8700008392334,16.90999984741211,15.31999969482422,15.350000381469728,435600.0,113.92977422211908,91.63193708214278,82.38485981135368,68.28099372725572,61.992124845673445,10.63,100.0,-0.61,0.34
EZPW,2008-11-17,15.109999656677246,15.119999885559082,14.25,14.550000190734863,527200.0,113.76219044715923,92.23772832027073,82.48095172200935,68.58692242049818,62.226024104946895,10.78,100.0,-0.57,0.33
EZPW,2008-11-18,14.470000267028809,14.979999542236328,13.850000381469728,14.550000190734863,442900.0,112.45160624821303,92.05862832749123,82.43562658591175,68.57079084959128,62.19270299433109,10.92,99.0,-0.53,0.33
EZPW,2008-11-19,14.5600004196167,15.0600004196167,13.68000030517578,13.710000038146973,604300.0,111.29411314066276,92.8638908297455,82.95535017258557,68.85302407022304,62.42644751087316,11.06,100.0,-0.54,0.28
EZPW,2008-11-20,13.420000076293944,14.25,13.029999732971191,13.380000114440918,573600.0,103.19238160475608,92.85555402960219,82.9810301163224,68.89148483184287,62.44799789500936,11.18,100.0,-0.55,0.28
EZPW,2008-11-21,13.5600004196167,15.020000457763672,13.18000030517578,15.0,759600.0,107.53711196323741,95.24153156524987,84.90383653765107,70.08700750823903,63.22877666297011,11.32,100.0,-0.51,0.18
EZPW,2008-11-24,15.109999656677246,16.049999237060547,14.770000457763672,15.890000343322754,613200.0,103.90487778898081,95.98787325574263,85.35831620728754,70.32075546982745,63.25718821073297,11.46,100.0,-0.45,0.11
EZPW,2008-11-25,16.1299991607666,16.309999465942383,15.75,15.970000267028809,750000.0,103.62083844720178,95.85193759244984,84.39415924874694,70.18135787956405,63.214342914622016,11.59,98.0,-0.4,0.22
EZPW,2008-11-26,15.720000267028809,16.690000534057617,15.300000190734863,16.610000610351562,465700.0,102.88550157043166,96.04542109488182,83.37875155961785,70.29715848352026,63.29402351370912,11.71,97.0,-0.41,0.3
EZPW,2008-11-28,16.540000915527344,16.600000381469727,16.0,16.489999771118164,252400.0,101.70245606118668,95.28298195576075,83.38518449541667,70.23562134233488,63.27851534597052,11.81,97.0,-0.41,0.3
EZPW,2008-12-01,16.270000457763672,16.469999313354492,15.140000343322754,15.220000267028809,718900.0,104.1508681448588,96.70619641395669,84.08033207200508,70.74111226290675,63.789700710937026,11.92,97.0,-0.42,0.27
EZPW,2008-12-02,15.539999961853027,16.34000015258789,15.09000015258789,16.18000030517578,657300.0,100.68669615637842,95.68478752423452,84.60756198193872,70.59480147391174,64.03142660673531,12.03,98.0,-0.42,0.2
EZPW,2008-12-03,15.800000190734863,16.979999542236328,15.75,16.850000381469727,699400.0,100.98546921037746,95.36006346162787,84.82209988964942,70.62484947804357,64.10331831599716,12.12,98.0,-0.44,0.16
EZPW,2008-12-04,16.690000534057617,17.43000030517578,15.329999923706056,15.670000076293944,898400.0,101.28577174573363,96.20815333104069,85.47059951004269,71.03562992042343,64.5269828726369,12.22,100.0,-0.44,0.1
EZPW,2008-12-05,15.539999961853027,17.0,15.43000030517578,16.940000534057617,565700.0,99.1846341233283,97.50924950121339,85.67442491191403,71.45201129947081,64.98291274457516,12.33,100.0,-0.44,0.09
EZPW,2008-12-08,17.440000534057617,17.799999237060547,16.790000915527344,17.5,809900.0,99.23897896829212,97.70894060123575,85.33124562448847,71.54051161137865,65.05325314135038,12.42,97.0,-0.44,0.13
EZPW,2008-12-09,17.290000915527344,17.979999542236328,16.5,16.59000015258789,529400.0,100.23293260848753,97.74261256453467,85.71688404358713,71.78391489239219,65.19852681470906,12.51,100.0,-0.4,0.09
EZPW,2008-12-10,16.799999237060547,17.350000381469727,16.420000076293945,16.770000457763672,570200.0,90.2298866454418,97.24351486257696,85.48991888081386,71.7863895986341,65.100785968754,12.59,98.0,-0.4,0.11
EZPW,2008-12-11,16.670000076293945,17.489999771118164,16.170000076293945,16.350000381469727,594400.0,89.67786062497058,97.20530612526957,85.4142867260642,71.80141625918996,65.14579636608072,12.65,96.0,-0.36,0.13
EZPW,2008-12-12,15.760000228881836,17.149999618530273,14.600000381469728,16.8700008392334,533300.0,83.27868954595355,97.17766344795122,84.59711124329597,71.88116524538,65.21027489652357,12.7,90.0,-0.37,0.21
EZPW,2008-12-15,16.899999618530273,17.399999618530273,16.5,16.940000534057617,523700.0,81.93513486863259,96.08283242611473,83.46380772026853,71.6815847955696,65.13590541018979,12.76,87.0,-0.36,0.3
EZPW,2008-12-16,17.299999237060547,17.5,16.739999771118164,17.459999084472656,621800.0,82.33616324972614,96.0608491035423,83.41210390824165,71.75751127058346,65.19922980721962,12.8,86.0,-0.35,0.31
EZPW,2008-12-17,17.299999237060547,18.21999931335449,17.010000228881836,17.559999465942383,532900.0,82.05333510463842,95.99921956413621,83.41410490956892,71.75855202085718,65.18589907224126,12.84,86.0,-0.35,0.31
EZPW,2008-12-18,17.5,17.559999465942383,16.030000686645508,16.25,1106700.0,82.69110974774148,97.34289006514825,84.28152936860455,72.28937154671428,65.66309412839199,12.88,88.0,-0.3,0.24
EZPW,2008-12-19,16.5,16.979999542236328,15.850000381469728,16.0,1130500.0,82.824489177311,97.38696470068983,84.29779096933773,72.28841661488713,65.50588004976535,12.92,88.0,-0.24,0.23
EZPW,2008-12-22,16.100000381469727,16.110000610351562,15.079999923706056,15.289999961853027,759500.0,82.48818900675731,97.40065868536698,84.588663163599,72.48928578446838,65.66603153923786,12.94,89.0,-0.18,0.2
EZPW,2008-12-23,15.5,15.649999618530272,14.729999542236328,14.93000030517578,632300.0,82.69477785350699,97.36789662126036,84.6595822005766,72.50232619761029,65.68844442217434,12.96,91.0,-0.14,0.2
EZPW,2008-12-24,14.93000030517578,14.979999542236328,14.649999618530272,14.8100004196167,337700.0,82.54245226189501,96.09430430190667,84.40782063410973,72.50709695780405,65.69374484506226,12.96,87.0,-0.12,0.23
EZPW,2008-12-26,14.9399995803833,14.9399995803833,14.609999656677246,14.729999542236328,435300.0,82.44200470406275,95.96398657895759,84.27687353154583,72.47829605084384,65.55161701473241,12.96,83.0,-0.08,0.25
EZPW,2008-12-29,14.850000381469728,14.890000343322754,14.079999923706056,14.25,696600.0,78.97978939512427,95.81146106477073,84.4075764480198,72.54979134930508,65.64108850746388,12.95,86.0,-0.07,0.25
EZPW,2008-12-30,14.25,14.829999923706056,14.100000381469728,14.8100004196167,1245100.0,75.89318334550744,95.98893541469803,84.59417798937925,72.64239798648984,65.72204891550597,12.94,88.0,-0.02,0.21
EZPW,2008-12-31,14.8100004196167,15.359999656677246,14.699999809265137,15.210000038146973,1222500.0,74.63618708793348,95.4621126187094,84.64185269743507,72.59514203110325,65.64328993169404,12.9,90.0,0.04,0.19
EZPW,2009-01-02,15.260000228881836,16.030000686645508,15.100000381469728,15.729999542236328,711600.0,75.21201635968316,94.8941220194238,83.23215089821304,72.67215423532816,65.72256965457593,12.87,73.0,0.04,0.23
EZPW,2009-01-05,15.800000190734863,16.399999618530273,15.68000030517578,16.09000015258789,925200.0,73.05790130120681,93.44984292757368,82.89637998596842,72.66381894337465,65.60237467189648,12.83,70.0,0.07,0.26
EZPW,2009-01-06,16.1299991607666,17.010000228881836,16.049999237060547,16.790000915527344,791100.0,73.2693342857402,88.78795899346834,82.97199308257024,72.76148460179847,65.63085848701995,12.79,71.0,0.03,0.25
EZPW,2009-01-07,16.06999969482422,16.170000076293945,13.949999809265137,14.18000030517578,2226300.0,82.78826329069211,95.34992976670861,87.21691873176945,75.49153114401362,67.81022545947461,12.78,100.0,-0.02,0.59
EZPW,2009-01-08,14.0,14.0,13.239999771118164,13.789999961853027,1258100.0,81.14024861907929,92.69347117908895,87.28375051180028,75.46178945798366,67.7186697565063,12.77,100.0,-0.1,0.58
EZPW,2009-01-09,13.789999961853027,13.970000267028809,13.5,13.710000038146973,888700.0,81.08790397968073,92.59567704535391,86.92496933434637,75.28923976002784,67.70685185692517,12.76,98.0,-0.15,0.63
EZPW,2009-01-12,14.15999984741211,14.550000190734863,13.920000076293944,14.09000015258789,1018200.0,80.59192093967252,92.24291621582103,87.03658452438576,73.68781953538969,67.6694828968679,12.73,98.0,-0.17,0.61
EZPW,2009-01-13,13.979999542236328,14.300000190734863,13.630000114440918,13.859999656677246,907500.0,80.65361355912731,91.45221266264531,87.01783168042692,73.70621937624549,67.6846032238766,12.7,97.0,-0.22,0.62
EZPW,2009-01-14,13.5600004196167,13.8100004196167,13.289999961853027,13.600000381469728,750300.0,77.64525004250362,91.2855686182034,87.06420690085548,73.70732743619668,67.58225979304552,12.65,98.0,-0.27,0.61
EZPW,2009-01-15,13.619999885559082,14.369999885559082,13.510000228881836,14.1899995803833,786100.0,76.46698805190618,88.80092898943288,87.29008179130858,73.6318281225171,67.65357233874525,12.6,100.0,-0.31,0.58
EZPW,2009-01-16,14.31999969482422,14.31999969482422,13.510000228881836,14.050000190734863,674100.0,75.2789080192936,88.58144856994488,87.19255797804585,73.62427738047161,67.57989429188123,12.54,97.0,-0.34,0.59
EZPW,2009-01-20,14.0,14.510000228881836,13.710000038146973,13.93000030517578,1081700.0,72.60023160268521,87.5190604559124,87.20230498355829,73.60721670042467,67.55030862864474,12.47,97.0,-0.37,0.59
EZPW,2009-01-21,14.039999961853027,14.420000076293944,12.350000381469728,13.260000228881836,2392000.0,69.43037208479204,85.89406762849914,87.46677116925385,73.84391588868195,67.72098924744647,12.39,100.0,-0.43,0.55
EZPW,2009-01-22,12.9399995803833,13.329999923706056,12.399999618530272,12.489999771118164,1176900.0,69.88506530623597,86.52956955971082,87.54037169854489,74.18278001927405,67.92538385265864,12.32,100.0,-0.46,0.55
EZPW,2009-01-23,13.4399995803833,14.649999618530272,12.8100004196167,14.149999618530272,1732500.0,79.02802525876493,90.08070192994848,89.83244194476839,75.60513780533687,69.02909750338124,12.25,100.0,-0.5,0.45
EZPW,2009-01-26,14.210000038146973,14.609999656677246,13.90999984741211,14.43000030517578,981200.0,79.2247576682148,84.41737522504886,89.79428002275894,75.61594321382265,68.6586103921715,12.18,99.0,-0.52,0.45
EZPW,2009-01-27,14.5,14.68000030517578,14.420000076293944,14.649999618530272,1015200.0,79.19002184192958,84.0648918993645,89.72811833329472,75.58494670254682,68.60106120814197,12.1,98.0,-0.52,0.46
EZPW,2009-01-28,14.68000030517578,14.68000030517578,14.350000381469728,14.65999984741211,814500.0,78.50938420513918,80.3457306885757,89.25820549900148,75.5840734557478,68.56664350678494,12.02,97.0,-0.53,0.52
EZPW,2009-01-29,14.140000343322754,14.43000030517578,14.0,14.0600004196167,519700.0,79.18655206381042,80.17259660358036,89.48380412099517,75.74596834936294,68.69407890996206,11.93,97.0,-0.57,0.49
EZPW,2009-01-30,14.149999618530272,14.289999961853027,13.5,13.56999969482422,407600.0,78.84781909702518,80.45508191723678,88.41503137187617,75.86670476827597,68.78678993814327,11.84,95.0,-0.57,0.6
EZPW,2009-02-02,13.31999969482422,13.970000267028809,13.149999618530272,13.920000076293944,478400.0,79.3612538235881,80.57850286194257,88.10298456074894,75.84323221543568,68.80830083916105,11.75,94.0,-0.6,0.64
EZPW,2009-02-03,13.949999809265137,13.989999771118164,13.380000114440918,13.579999923706056,526000.0,76.75931018776667,79.48066774503754,87.9542273023744,75.82872413104835,68.77932727849483,11.65,93.0,-0.6,0.67
EZPW,2009-02-04,13.539999961853027,13.609999656677246,13.119999885559082,13.260000228881836,319400.0,76.88719247852882,79.60890365295896,87.9961209115945,75.8839740347238,68.74967847044498,11.54,93.0,-0.62,0.66
EZPW,2009-02-05,13.220000267028809,13.760000228881836,13.170000076293944,13.529999732971191,407100.0,76.33349604731708,78.86380131254566,88.06033507375616,75.91848198535321,68.7759848593218,11.42,93.0,-0.63,0.65
EZPW,2009-02-06,13.449999809265137,13.979999542236328,13.359999656677246,13.869999885559082,450900.0,76.54152740450667,79.0066834789594,87.79267289794858,75.96211189000493,68.81976795341053,11.3,90.0,-0.65,0.68
EZPW,2009-02-09,13.800000190734863,14.329999923706056,13.609999656677246,14.010000228881836,392400.0,76.60605989828781,78.9519201388181,87.43558610108566,75.96996019662538,68.8108498414096,11.17,87.0,-0.64,0.73
EZPW,2009-02-10,13.81999969482422,14.260000228881836,13.68000030517578,13.739999771118164,401700.0,76.77081024662945,78.98110239428433,87.37610412221622,75.96193979263583,68.7792195059134,10.95,86.0,-0.65,0.74
EZPW,2009-02-11,13.770000457763672,13.970000267028809,13.460000038146973,13.710000038146973,268600.0,76.21350031768182,77.019780565909,87.24489709534757,75.957427668556,68.77702697683247,10.72,83.0,-0.68,0.76
EZPW,2009-02-12,13.539999961853027,13.949999809265137,13.369999885559082,13.869999885559082,527000.0,75.3853752915544,75.00015526407148,86.4917951221116,75.86582186689694,68.70516928717207,10.5,75.0,-0.65,0.87
EZPW,2009-02-13,13.920000076293944,14.229999542236328,13.649999618530272,13.710000038146973,336600.0,74.92773179387804,74.25099041412344,86.38753015168497,75.81145508690268,68.64241179736652,10.24,74.0,-0.65,0.88
EZPW,2009-02-17,13.390000343322754,13.479999542236328,13.109999656677246,13.109999656677246,579100.0,75.00038537079388,74.78990152302319,86.5965107841381,75.97035176476862,68.77444660094424,9.98,75.0,-0.64,0.86
EZPW,2009-02-18,13.119999885559082,13.300000190734863,12.59000015258789,12.899999618530272,600200.0,74.55159162368332,73.88317041799982,86.62451891535368,75.95101728022485,68.79305830413242,9.69,75.0,-0.63,0.85
EZPW,2009-02-19,12.970000267028809,13.220000267028809,12.5,12.739999771118164,331500.0,73.03842945085614,73.76280173014477,86.63013478644768,75.89680913675949,68.80411058283697,9.39,75.0,-0.61,0.85
EZPW,2009-02-20,12.529999732971191,12.800000190734863,11.699999809265137,12.289999961853027,1482800.0,55.928597266075066,70.08371273946656,86.4885657307108,76.01510033250766,68.82926354488258,9.07,71.0,-0.55,0.89
EZPW,2009-02-23,12.300000190734863,12.729999542236328,12.270000457763672,12.350000381469728,620400.0,55.556461183591296,68.94841043270375,86.39945929271062,75.98458113346774,68.82885109171112,8.73,70.0,-0.5,0.9
EZPW,2009-02-24,12.550000190734863,13.010000228881836,12.229999542236328,12.960000038146973,608700.0,57.54669329081943,69.75853745804848,85.93384937296544,76.0417708710648,68.95413799944865,8.4,68.0,-0.73,0.96
EZPW,2009-02-25,12.899999618530272,12.989999771118164,12.31999969482422,12.710000038146973,403500.0,57.07917261572257,69.25735177301894,85.88283945022765,76.03025555822445,68.95226776957803,8.04,67.0,-0.86,0.97
EZPW,2009-02-26,12.859999656677246,13.119999885559082,10.75,11.229999542236328,1906600.0,66.84941219983429,73.44986872641094,87.76244020978261,77.3915003599498,69.90949636904736,7.68,89.0,-0.69,0.87
EZPW,2009-02-27,10.890000343322754,11.119999885559082,9.920000076293944,10.279999732971191,3006900.0,70.8373636996178,73.82190546219948,88.65635586922139,78.06637675240185,70.42607235752061,7.31,95.0,-0.19,0.77
EZPW,2009-03-02,10.039999961853027,10.279999732971191,9.5,9.630000114440918,1101600.0,70.87692356549462,73.41695155648607,88.77956503209589,78.23917097953053,70.66450762521066,6.94,95.0,0.39,0.76
EZPW,2009-03-03,9.789999961853027,10.149999618530272,9.520000457763672,9.850000381469728,641800.0,71.61889465084897,72.99319555341248,88.43684560250136,78.27337601269907,70.69872905722076,6.55,93.0,0.55,0.8
EZPW,2009-03-04,10.0,10.619999885559082,9.989999771118164,10.489999771118164,775800.0,74.83029227744157,73.23017425565814,88.21005272753655,78.61555252528488,70.98270594041651,6.17,91.0,0.47,0.81
EZPW,2009-03-05,10.31999969482422,10.399999618530272,9.949999809265137,9.979999542236328,710400.0,74.85574039298085,71.58726759556684,85.67625623441387,78.73987938907868,71.14661712137918,5.88,60.0,0.57,0.82
EZPW,2009-03-06,10.020000457763672,10.170000076293944,9.739999771118164,9.90999984741211,638100.0,73.31794007718486,71.0686894569013,85.37574164818409,78.71788701498069,71.09120214853483,5.58,55.0,0.6,0.88
EZPW,2009-03-09,9.779999732971191,10.039999961853027,9.539999961853027,9.579999923706056,515200.0,61.939446064779865,70.66464244750233,83.4955601232792,78.8093499811526,71.15409713934741,5.34,37.0,0.56,1.03
EZPW,2009-03-10,9.770000457763672,10.34000015258789,9.550000190734863,10.3100004196167,488400.0,66.21948461730256,72.56061865212301,84.34008815608168,79.31169010476289,71.4801988706349,5.08,41.0,0.42,0.9
EZPW,2009-03-11,10.34000015258789,10.81999969482422,10.199999809265137,10.460000038146973,594200.0,66.19604322078989,72.61487806740875,84.08808646227375,79.31584839608261,71.43273367670054,4.81,37.0,0.3,0.93
EZPW,2009-03-12,10.649999618530272,11.140000343322754,10.460000038146973,10.90999984741211,875100.0,67.91130998281318,72.89461123164276,83.77443150524464,79.42365034213958,71.44840974568025,4.55,35.0,0.15,0.98
EZPW,2009-03-13,11.0,11.260000228881836,10.90999984741211,11.170000076293944,511900.0,67.88125647752713,73.1324891385397,83.73329705633947,79.45581936587325,71.47553474954753,4.26,34.0,0.03,0.98
EZPW,2009-03-16,11.239999771118164,11.479999542236328,10.899999618530272,10.989999771118164,618800.0,67.42415227059382,72.74264583474023,81.79623834025129,79.28526737918267,71.45255610589696,4.04,19.0,-0.1,1.14
EZPW,2009-03-17,10.949999809265137,11.039999961853027,10.65999984741211,10.850000381469728,550700.0,66.73029489937953,72.695677557262,81.6363384947227,79.27746159765347,71.3343499958065,3.8,18.0,-0.21,1.18
EZPW,2009-03-18,10.84000015258789,11.289999961853027,10.720000267028809,11.270000457763672,871200.0,67.85469894678684,71.82763480236389,81.24508939643708,79.3918750814828,71.0648816765837,3.57,17.0,-0.32,1.23
EZPW,2009-03-19,11.380000114440918,11.579999923706056,11.300000190734863,11.4399995803833,523900.0,67.91089365027452,71.92866539190955,79.91936194536298,79.3690629306872,71.00533766260949,3.4,11.0,-0.39,1.39
EZPW,2009-03-20,11.489999771118164,11.579999923706056,10.899999618530272,10.9399995803833,662900.0,68.4287189202385,71.91227498366976,80.05265531145298,79.52783301417475,71.03678946492026,3.22,11.0,-0.48,1.37
EZPW,2009-03-23,11.260000228881836,11.300000190734863,10.579999923706056,10.989999771118164,842900.0,67.85752973607893,71.83990620403374,79.9298482029525,79.51829261090707,70.91098431252249,3.03,10.0,-0.55,1.39
EZPW,2009-03-24,10.869999885559082,11.050000190734863,10.630000114440918,10.880000114440918,529100.0,67.64907927704978,71.84456851790438,75.96257219736346,78.9121344062633,70.91023619375733,3.05,1.0,-0.63,1.23
EZPW,2009-03-25,11.369999885559082,11.5,10.90999984741211,11.5,551700.0,70.02735981750175,72.90852064595288,76.2903183168847,78.43100815679763,71.10015634241785,3.06,2.0,-0.7,1.19
EZPW,2009-03-26,11.670000076293944,12.350000381469728,11.510000228881836,12.34000015258789,448200.0,73.45021450721198,74.2289267099084,74.71514986513006,78.89358997799984,71.4501924792292,3.17,1.0,-0.71,1.15
EZPW,2009-03-27,12.15999984741211,12.4399995803833,11.960000038146973,12.0600004196167,313200.0,73.51515745942785,73.84904101294153,74.4163818329695,78.75737251819591,71.4521074290586,3.29,1.0,-0.74,1.22
EZPW,2009-03-30,11.760000228881836,11.800000190734863,11.300000190734863,11.699999809265137,416300.0,73.86760899992693,73.78079997914983,74.53713855631675,78.8001589919545,71.51314048072041,3.4,2.0,-0.77,1.18
EZPW,2009-03-31,11.800000190734863,11.800000190734863,11.31999969482422,11.56999969482422,519600.0,72.94399659056288,73.36560787922326,74.50104817999689,78.79439256687127,71.36532639186173,3.51,2.0,-0.8,1.19
EZPW,2009-04-01,11.399999618530272,11.800000190734863,11.3100004196167,11.649999618530272,386700.0,72.92073756207374,73.1820457133853,73.74278847195617,78.72532689600476,71.36349686578721,3.64,1.0,-0.85,1.34
EZPW,2009-04-02,11.899999618530272,12.390000343322754,11.609999656677246,12.170000076293944,693000.0,74.11895571197414,73.21267235230225,74.09709183354677,78.46744582879083,71.49964847310585,3.75,2.0,-0.88,1.28
EZPW,2009-04-03,12.199999809265137,12.460000038146973,12.100000381469728,12.449999809265137,414200.0,73.70069703319079,64.9975342968923,73.63965458590701,78.1999235153999,71.4743643119145,3.88,1.0,-0.88,1.36
EZPW,2009-04-06,12.289999961853027,12.369999885559082,11.670000076293944,11.970000267028809,504300.0,74.57690396510708,65.23246165238386,73.84236737097201,78.3090479830719,71.55749594610312,4.0,3.0,-0.89,1.3
EZPW,2009-04-07,11.859999656677246,11.970000267028809,11.479999542236328,11.510000228881836,416100.0,73.85952254389674,65.66506991705798,74.00438162335176,78.29757573386634,71.65876616128344,4.11,4.0,-0.91,1.26
EZPW,2009-04-08,11.539999961853027,11.789999961853027,11.399999618530272,11.68000030517578,267300.0,73.89877970170619,65.46667699276126,74.02820960869747,78.20929881156121,71.64603568232208,4.22,5.0,-0.92,1.26
EZPW,2009-04-09,12.199999809265137,12.779999732971191,12.1899995803833,12.720000267028809,606700.0,68.82707232111913,67.8592608077107,74.1266507369846,78.29410166045399,72.15660406616892,4.32,7.0,-0.88,1.25
EZPW,2009-04-13,12.579999923706056,12.9399995803833,12.5,12.920000076293944,344900.0,63.032193824574776,67.84783810927831,72.8943451431604,77.66378104043898,72.15236876403239,4.46,1.0,-0.86,1.45
EZPW,2009-04-14,12.710000038146973,12.899999618530272,12.43000030517578,12.640000343322754,456500.0,59.84236938803147,67.37321799391698,72.49414031729997,77.57561636209086,72.15936427214407,4.6,1.0,-0.86,1.54
EZPW,2009-04-15,12.600000381469728,13.050000190734863,12.529999732971191,12.960000038146973,324700.0,59.89381450531114,67.57611646644166,72.6150337220445,77.63741145878438,72.16744623365328,4.74,2.0,-0.86,1.52
EZPW,2009-04-16,13.020000457763672,13.149999618530272,12.779999732971191,12.960000038146973,423900.0,57.71916945425796,67.55977203370486,72.01066123961603,77.61692902137646,72.08289544579678,4.88,1.0,-0.86,1.66
EZPW,2009-04-17,13.029999732971191,13.140000343322754,12.829999923706056,13.010000228881836,289300.0,55.161829906640214,66.817858486415,71.91250051820747,77.61211256121754,72.06183043144206,5.02,1.0,-0.86,1.69
EZPW,2009-04-20,12.670000076293944,12.729999542236328,12.5,12.550000190734863,465500.0,56.508193594860025,66.0859639937017,69.74245688644137,77.71670425535787,72.10748004800658,5.2,1.0,-0.85,1.76
EZPW,2009-04-21,12.460000038146973,13.109999656677246,12.279999732971191,13.100000381469728,561800.0,55.95789093213506,61.45423289931629,69.46132434888746,77.89655972868836,72.1914911974048,5.38,1.0,-0.8,1.81
EZPW,2009-04-22,12.869999885559082,13.859999656677246,12.600000381469728,13.25,663100.0,52.68071859680094,61.358052657802375,69.48487837481129,77.75630914564701,72.19946940385725,5.55,2.0,-0.75,1.81
EZPW,2009-04-23,13.220000267028809,13.609999656677246,12.510000228881836,13.25,703100.0,52.7021566289111,61.26198807220909,69.17167115989061,77.67748782668352,72.12190730242209,5.73,1.0,-0.69,1.87
EZPW,2009-04-24,13.0,13.0,11.460000038146973,12.529999732971191,2117800.0,54.781515945189284,62.25736029476605,69.68964224125553,77.93354986187916,72.20386320060952,5.88,4.0,-0.63,1.73
EZPW,2009-04-27,12.25,12.520000457763672,12.039999961853027,12.0600004196167,718500.0,55.841935519943576,62.16596338218115,68.81692676657009,78.01572877668593,71.07364816918803,6.04,1.0,-0.6,1.89
EZPW,2009-04-28,12.010000228881836,12.239999771118164,11.880000114440918,12.109999656677246,444100.0,55.55734718793224,61.79911083120441,68.06900715161468,77.97882724352391,71.06749735058854,6.21,1.0,-0.54,2.04
EZPW,2009-04-29,12.149999618530272,12.710000038146973,12.0,12.640000343322754,480800.0,56.493490287625626,62.22862327642776,68.10668425350357,77.22729240720068,71.17388042137853,6.37,2.0,-0.47,2.03
EZPW,2009-04-30,12.699999809265137,12.84000015258789,12.350000381469728,12.390000343322754,414800.0,56.05702379282932,62.16079692208517,67.24210885584164,77.03037243679596,71.02679881556789,6.54,1.0,-0.4,2.24
EZPW,2009-05-01,12.300000190734863,12.579999923706056,12.170000076293944,12.329999923706056,726700.0,55.98842105002406,61.991181521417275,65.99903269345495,76.90499241627889,71.01326924562228,6.72,1.0,-0.32,2.46
EZPW,2009-05-04,12.399999618530272,12.640000343322754,12.210000038146973,12.5,450900.0,54.24235845110954,61.91010950363217,65.80718298587868,76.9066094768315,71.00919508457385,6.9,1.0,-0.29,2.51
EZPW,2009-05-05,12.5,12.630000114440918,12.399999618530272,12.56999969482422,530400.0,54.243362214469215,61.688350370809054,65.33000926473164,76.8843603788671,71.01017803139403,7.08,1.0,-0.2,2.68
EZPW,2009-05-06,12.739999771118164,12.789999961853027,12.600000381469728,12.760000228881836,313900.0,54.145960272556614,61.73681972790711,65.35568168341442,76.68112134810889,71.02210484026429,7.25,2.0,-0.11,2.67
EZPW,2009-05-07,12.949999809265137,13.029999732971191,12.6899995803833,12.8100004196167,455900.0,52.020104158684354,61.63306096837662,65.26280506142122,76.68265046945547,71.00152812537836,7.42,1.0,0.0,2.72
EZPW,2009-05-08,13.010000228881836,13.25,12.90999984741211,13.140000343322754,435100.0,48.5046704250528,61.87305435416282,65.19210624069218,76.70881094160988,71.03122960170684,7.58,1.0,0.09,2.74
EZPW,2009-05-11,13.050000190734863,13.050000190734863,12.5,12.539999961853027,374700.0,50.037588840956694,62.5289883933596,65.55948385354893,76.90122975704622,71.1470365499297,7.73,5.0,0.15,2.6
EZPW,2009-05-12,12.510000228881836,12.520000457763672,12.170000076293944,12.289999961853027,292200.0,49.56403114636224,62.61124713172329,65.39679516795503,76.90555728625809,71.17469042401356,7.87,5.0,0.06,2.63
EZPW,2009-05-13,12.0600004196167,12.130000114440918,11.829999923706056,11.84000015258789,498500.0,50.71614293867592,62.411425330076,65.59854996445367,76.9595781542364,71.26785714972948,8.01,7.0,-0.21,2.54
EZPW,2009-05-14,11.920000076293944,12.079999923706056,11.760000228881836,11.81999969482422,233500.0,50.68710965514738,62.3387450303383,64.52897533860987,76.95930758020273,71.26763702806981,8.16,1.0,-0.21,2.84
EZPW,2009-05-15,11.789999961853027,12.0,11.670000076293944,11.68000030517578,387600.0,49.10737968460588,62.33458032742541,64.51404442992708,76.91812676482324,71.2126683161932,8.29,1.0,-0.19,2.85
EZPW,2009-05-18,11.869999885559082,12.0,11.699999809265137,11.989999771118164,301500.0,49.26445134399424,62.165995455024934,64.32146420868821,76.72697135649868,71.20832902880808,8.43,1.0,-0.12,2.95
EZPW,2009-05-19,12.100000381469728,12.100000381469728,11.739999771118164,11.770000457763672,332300.0,48.225960004298024,62.26583109439745,64.28203290019275,76.75343297686953,71.23228567713029,8.55,1.0,-0.06,2.96
EZPW,2009-05-20,11.880000114440918,12.010000228881836,11.670000076293944,11.6899995803833,442600.0,46.86649046744999,61.4314097123099,64.27952224193925,76.68907557724472,71.23415354940414,8.68,1.0,0.01,2.96
EZPW,2009-05-21,11.65999984741211,11.760000228881836,11.5,11.649999618530272,318700.0,46.68497854156217,61.3211853488133,64.27789484819777,76.61860235073203,71.22820985169342,8.79,1.0,0.08,2.97
EZPW,2009-05-22,11.720000267028809,11.920000076293944,11.40999984741211,11.479999542236328,346900.0,39.18646616851175,55.85647475797497,64.11961393815484,76.3395225902188,71.24285244473556,8.9,1.0,0.12,3.03
EZPW,2009-05-26,11.420000076293944,12.050000190734863,11.420000076293944,11.989999771118164,529100.0,41.14505464790912,53.38956919193548,64.203838827735,76.51600367403611,71.33938469092436,9.01,2.0,0.22,3.01
EZPW,2009-05-27,11.649999618530272,12.390000343322754,11.649999618530272,11.789999961853027,492800.0,40.96236884946123,51.652795058392876,64.07886244698771,75.73928762725602,71.35412948967657,9.11,1.0,0.32,3.03
EZPW,2009-05-28,12.0,12.239999771118164,11.630000114440918,11.9399995803833,422400.0,40.3987844395085,51.53484423955399,63.863697350180395,75.48737013884666,71.29126917660645,9.21,1.0,0.39,3.09
EZPW,2009-05-29,12.010000228881836,12.199999809265137,11.850000381469728,12.149999618530272,431300.0,40.815142093898416,50.10548019909301,63.816456534127,75.3772232799653,71.25815052749593,9.32,1.0,0.32,3.11
EZPW,2009-06-01,12.300000190734863,12.8100004196167,12.289999961853027,12.699999809265137,722700.0,42.956863516237426,49.62050233859939,63.847561804466515,75.55560798191098,71.37245344185615,9.41,2.0,-0.49,3.1
EZPW,2009-06-02,12.609999656677246,12.699999809265137,12.470000267028809,12.600000381469728,537700.0,41.71040783716233,49.62906453828811,58.032780760441305,75.55402618959526,71.3439042600724,9.58,1.0,-0.45,1.55
EZPW,2009-06-03,12.550000190734863,13.0,12.550000190734863,12.989999771118164,312900.0,40.74899652754064,49.282796654358904,58.088736726202036,75.40777221262282,71.35621240801629,9.72,2.0,-0.41,1.52
EZPW,2009-06-04,13.010000228881836,13.130000114440918,12.90999984741211,13.039999961853027,385200.0,40.61977268836708,47.178434918575476,58.08687889098323,75.17019054036078,71.3549654571826,9.87,2.0,-0.39,1.52
EZPW,2009-06-05,13.119999885559082,13.300000190734863,12.960000038146973,13.100000381469728,414600.0,40.64678425846138,47.12769957742691,57.92135623254494,75.10309683831483,71.33203865654183,10.0,1.0,-0.35,1.58
EZPW,2009-06-08,13.020000457763672,13.050000190734863,12.880000114440918,12.93000030517578,640400.0,37.326141765066396,46.5622339690775,57.900383778159814,75.03059660113182,71.22489339342243,10.12,1.0,-0.31,1.58
EZPW,2009-06-09,13.029999732971191,13.199999809265137,12.970000267028809,13.109999656677246,215400.0,35.57402601957183,46.41980732852134,57.871205902877776,74.55634232148843,71.20326737907222,10.24,1.0,-0.29,1.59
EZPW,2009-06-10,13.199999809265137,13.199999809265137,12.800000190734863,12.970000267028809,399800.0,35.78536701135372,46.337577673284635,57.48381367162163,74.48632477555445,71.18802572970566,10.35,1.0,-0.24,1.7
EZPW,2009-06-11,12.800000190734863,13.199999809265137,12.800000190734863,12.890000343322754,217700.0,33.71945662095363,46.26218628064292,57.471975305234416,74.45167621262345,71.17790146233848,10.45,1.0,-0.2,1.7
EZPW,2009-06-12,11.600000381469728,11.630000114440918,10.789999961853027,10.989999771118164,3524900.0,57.19721888840513,56.439342459707284,62.73782952248763,76.76698582692843,72.79917569201369,10.46,9.0,-0.22,2.88
EZPW,2009-06-15,11.020000457763672,11.029999732971191,10.449999809265137,10.640000343322754,1095400.0,57.78578765093884,56.721036046024444,62.472554695046014,76.8442965743678,72.8535970473417,10.47,9.0,-0.28,2.97
EZPW,2009-06-16,10.8100004196167,10.859999656677246,10.300000190734863,10.359999656677246,1102700.0,57.84044579391103,56.24923791538375,61.913330660538044,76.71162470003175,72.87378504929573,10.48,9.0,-0.37,3.16
EZPW,2009-06-17,10.369999885559082,10.4399995803833,10.109999656677246,10.199999809265137,1606200.0,57.78889909344075,56.316841861287145,58.52080560609103,76.66692398017962,72.82212364995311,10.5,9.0,-0.41,3.15
EZPW,2009-06-18,10.220000267028809,10.5,10.18000030517578,10.40999984741211,678500.0,57.98717280578152,56.458626076095555,58.52873952043589,76.18675033841255,72.8336021278125,10.5,10.0,-0.46,3.15
EZPW,2009-06-19,10.59000015258789,11.09000015258789,10.420000076293944,10.880000114440918,1257100.0,59.77795384198481,56.025713435901636,58.94094103630868,76.33522565338569,72.97366994720545,10.5,11.0,-0.54,3.03
EZPW,2009-06-22,10.8100004196167,10.890000343322754,10.640000343322754,10.779999732971191,582000.0,59.0619846474886,54.03168389303722,58.946297862752864,76.18955073453837,72.97792544593162,10.49,12.0,-0.65,3.02
EZPW,2009-06-23,10.880000114440918,10.970000267028809,10.31999969482422,10.529999732971191,506300.0,58.064330257011434,54.04017010022451,58.71125740726766,76.14396307745692,72.99787317189978,10.47,11.0,-0.71,3.12
EZPW,2009-06-24,10.579999923706056,10.670000076293944,10.40999984741211,10.510000228881836,324000.0,57.914026547281594,53.7231703742026,58.47844546110641,75.86150373519165,72.95308251507448,10.47,9.0,-0.75,3.25
EZPW,2009-06-25,10.489999771118164,10.770000457763672,10.369999885559082,10.600000381469728,547000.0,57.226692905865576,53.7278733404003,58.33349013527632,75.55447598698161,72.94255484296667,10.46,9.0,-0.79,3.29
EZPW,2009-06-26,10.609999656677246,10.699999809265137,10.489999771118164,10.550000190734863,919300.0,57.22425352543164,53.70350717004323,58.227760914734574,74.96874130102917,72.79441629602222,10.45,9.0,-0.82,3.35
EZPW,2009-06-29,10.539999961853027,10.84000015258789,10.5,10.699999809265137,335200.0,57.40015370370743,52.97489389241555,58.18577031977426,73.097083201702,72.79372115565441,10.42,9.0,-0.84,3.41
EZPW,2009-06-30,10.739999771118164,10.8100004196167,10.520000457763672,10.779999732971191,595800.0,56.828144433787905,52.76020534943194,58.09668264261448,72.91832408901074,72.78309955900451,10.39,9.0,-0.86,3.43
EZPW,2009-07-01,10.84000015258789,10.869999885559082,10.510000228881836,10.550000190734863,665100.0,56.90473506049517,52.35356386876886,58.01268297103802,71.69434899472104,72.77814224800447,10.36,6.0,-0.9,3.42
EZPW,2009-07-02,10.510000228881836,10.529999732971191,10.260000228881836,10.359999656677246,442500.0,57.054680842035964,51.89292813157726,58.0273914685116,71.68222422205311,72.789711576357,10.32,7.0,-0.97,3.39
EZPW,2009-07-06,10.350000381469728,10.529999732971191,10.260000228881836,10.420000076293944,503400.0,57.125364354357025,51.80473574751413,57.983642956898386,71.4846825205268,72.78333241105737,10.28,6.0,-1.01,3.43
EZPW,2009-07-07,10.470000267028809,10.470000267028809,10.18000030517578,10.210000038146973,429800.0,57.24332539404767,48.637013124957065,58.050747194297415,71.13083921497707,72.33290982338521,10.23,10.0,-1.06,3.38
EZPW,2009-07-08,10.229999542236328,10.300000190734863,10.09000015258789,10.1899995803833,501400.0,55.46281754053103,48.4727988398759,58.00412214801563,71.03515709450903,71.73300529560731,10.18,7.0,-1.14,3.39
EZPW,2009-07-09,10.220000267028809,10.3100004196167,10.050000190734863,10.09000015258789,313400.0,55.37513463149786,48.34491416646429,57.998271870742336,69.77771251455665,71.73735895194142,10.13,7.0,-1.2,3.4
EZPW,2009-07-10,10.06999969482422,10.300000190734863,10.0,10.260000228881836,496900.0,55.50129912286672,48.163752059658194,57.69368542043476,69.70888596467847,71.61989668846844,10.06,3.0,-1.23,3.58
EZPW,2009-07-13,10.270000457763672,10.350000381469728,10.029999732971191,10.350000381469728,495500.0,55.25164498367261,48.227124393787705,57.67853036851618,69.28358192269472,71.60383383836292,9.99,3.0,-1.25,3.61
EZPW,2009-07-14,10.3100004196167,10.3100004196167,10.140000343322754,10.289999961853027,390200.0,53.21245860330037,48.202750878098314,57.65799595416775,68.39078444054782,71.59425550564566,9.91,3.0,-1.27,3.62
EZPW,2009-07-15,10.4399995803833,10.710000038146973,10.359999656677246,10.670000076293944,901100.0,54.668096365063555,48.42250376376935,57.71937498667541,68.4364924418992,71.63525685880792,9.82,6.0,-1.29,3.68
EZPW,2009-07-16,10.59000015258789,10.84000015258789,10.4399995803833,10.800000190734863,717400.0,53.86952120448034,47.58823088630215,57.750871466417344,68.36631409507947,71.30241407066964,9.73,7.0,-1.3,3.67
EZPW,2009-07-17,10.829999923706056,10.850000381469728,10.529999732971191,10.529999732971191,328000.0,54.061917310524365,47.70150447646019,57.322922887197066,65.90595200589429,71.08812150296117,9.64,1.0,-1.3,3.76
EZPW,2009-07-20,10.539999961853027,10.699999809265137,10.479999542236328,10.5600004196167,560200.0,54.03139863066645,47.714821286696726,57.259921201587595,65.74494397296692,71.07732656649556,9.54,1.0,-1.29,3.81
EZPW,2009-07-21,10.640000343322754,11.300000190734863,10.600000381469728,11.229999542236328,801900.0,57.536123740808506,48.30234159274805,54.71411182949084,64.61125156743876,71.25238753998917,9.42,1.0,-1.29,3.84
EZPW,2009-07-22,11.149999618530272,11.550000190734863,11.09000015258789,11.529999732971191,906200.0,57.99980084661055,48.036197062307366,53.00103549583767,64.45484334202686,71.22113631480175,9.3,1.0,-1.27,4.37
EZPW,2009-07-23,11.489999771118164,12.140000343322754,11.449999809265137,11.8100004196167,965300.0,58.53489583898428,48.2941553830307,52.037676883300165,64.52366279582573,70.79877189670347,9.17,1.0,-1.27,4.85
EZPW,2009-07-24,11.760000228881836,12.130000114440918,11.350000381469728,12.079999923706056,514900.0,58.99690411492482,47.69451675639939,52.03784041880098,64.55126837240081,70.31888358786183,9.04,2.0,-1.27,4.85
EZPW,2009-07-27,12.010000228881836,12.029999732971191,11.720000267028809,12.020000457763672,488800.0,35.524815709735606,47.535127952045585,51.12317704895104,64.03925476002038,70.22270413059168,8.9,1.0,-1.24,5.22
EZPW,2009-07-28,11.949999809265137,12.420000076293944,11.949999809265137,12.350000381469728,665800.0,34.54910142533688,47.85985381626621,50.61803375406934,64.12179185346992,70.27860938174616,8.82,1.0,-1.23,5.57
EZPW,2009-07-29,12.300000190734863,12.550000190734863,12.210000038146973,12.479999542236328,789200.0,33.246154170294254,47.82509882389889,50.613613119092015,63.7883086672408,70.27319847751076,8.74,1.0,-1.23,5.59
EZPW,2009-07-30,12.56999969482422,12.880000114440918,12.380000114440918,12.630000114440918,570700.0,32.631192279640345,47.87473991066171,50.30172733674361,63.788940890496924,70.27937985214635,8.68,1.0,-1.31,5.85
EZPW,2009-07-31,12.59000015258789,12.859999656677246,12.59000015258789,12.649999618530272,418400.0,32.42173244045022,47.77496536012227,49.00865987111782,63.754571868554564,70.27956378211195,8.62,1.0,-1.3,6.43
EZPW,2009-08-03,12.760000228881836,12.8100004196167,12.369999885559082,12.75,441700.0,30.401592983825367,47.79623320047027,48.97743828935459,63.73895656884028,70.28475692253498,8.55,1.0,-1.28,6.45
EZPW,2009-08-04,12.630000114440918,12.729999542236328,12.470000267028809,12.5600004196167,324700.0,30.686327223779745,47.59245020197867,48.62400014221632,62.9885401638071,70.17343408859388,8.47,1.0,-1.27,6.61
EZPW,2009-08-05,12.529999732971191,12.529999732971191,12.210000038146973,12.489999771118164,312000.0,29.660936785804054,46.631698222691085,48.50610614035158,62.13696222125179,70.11320244557582,8.39,1.0,-1.26,6.66
EZPW,2009-08-06,12.5,12.630000114440918,12.149999618530272,12.210000038146973,302100.0,30.71512415438954,46.681177368298506,48.57534785159371,61.87752042633944,70.13922239594376,8.33,2.0,-1.24,6.6
EZPW,2009-08-07,12.399999618530272,12.5,12.220000267028809,12.449999809265137,350600.0,30.986749930431106,46.19651204783345,48.61100272383069,61.92467993719117,70.14008763615402,8.26,3.0,-1.21,6.62
EZPW,2009-08-10,12.350000381469728,12.65999984741211,12.350000381469728,12.579999923706056,402200.0,30.868494745627196,46.23458277219644,48.278342724941666,61.54448767086059,70.11570335164755,8.19,1.0,-1.2,6.82
EZPW,2009-08-11,12.529999732971191,12.81999969482422,12.350000381469728,12.489999771118164,434500.0,30.9906896589774,46.1880805538791,48.24437978361559,61.484149609592166,69.37345764771034,8.14,1.0,-1.19,6.82
EZPW,2009-08-12,12.539999961853027,12.75,12.510000228881836,12.579999923706056,283400.0,30.989059105261568,45.910681058487405,47.69686116347451,59.95903733640466,69.19343922509412,8.08,1.0,-1.16,7.3
EZPW,2009-08-13,12.600000381469728,12.729999542236328,12.40999984741211,12.5,398300.0,30.152734530553076,45.759651550617896,47.7100065145029,59.55504981923199,69.0971265604641,8.01,2.0,-1.12,7.27
EZPW,2009-08-14,12.460000038146973,12.520000457763672,12.100000381469728,12.25,383600.0,30.297449102117223,45.939207579300785,47.79850166262571,59.591931678876755,69.10932224202857,8.01,3.0,-1.07,7.18
EZPW,2009-08-17,12.149999618530272,12.170000076293944,11.859999656677246,12.020000457763672,497600.0,31.120574001752676,46.10982662664441,47.103516191024745,59.42927342112103,69.1126627080706,8.0,1.0,-1.06,7.56
EZPW,2009-08-18,12.039999961853027,12.260000228881836,12.0,12.229999542236328,284900.0,30.384958820519227,46.12531094518664,45.82949594299043,59.46862583992378,68.95643237597426,8.03,1.0,-1.05,8.33
EZPW,2009-08-19,12.15999984741211,12.40999984741211,12.109999656677246,12.40999984741211,290800.0,30.386440013496667,45.364874619609296,45.74034896792484,58.760748779507445,68.97300689850432,8.06,1.0,-1.06,8.49
EZPW,2009-08-20,12.350000381469728,12.5,12.289999961853027,12.380000114440918,384500.0,30.11205934417398,45.22480528100746,45.47907963342517,58.29143962604796,68.94449691402131,8.09,1.0,-1.05,8.8
EZPW,2009-08-21,12.520000457763672,13.079999923706056,12.390000343322754,12.770000457763672,696700.0,30.798169640458294,45.585395722780554,45.694530803641584,58.20524843385034,69.01602876150444,8.1,2.0,-1.05,8.67
EZPW,2009-08-24,12.829999923706056,13.359999656677246,12.81999969482422,13.229999542236328,401800.0,31.85704789788671,46.00637669395581,46.0110917464001,57.749844932358954,69.08754817600463,8.1,5.0,-1.04,8.43
EZPW,2009-08-25,13.329999923706056,13.449999809265137,13.15999984741211,13.239999771118164,431400.0,31.662523783374564,45.131144807896554,45.50611138730149,56.98285767859312,69.03255153535522,8.1,2.0,-1.05,8.81
EZPW,2009-08-26,13.1899995803833,13.539999961853027,13.149999618530272,13.399999618530272,381700.0,30.56944687775608,45.15363656118308,45.40638442527527,56.86266394876887,69.04355203078437,8.1,1.0,-1.06,8.89
EZPW,2009-08-27,13.399999618530272,13.489999771118164,13.270000457763672,13.40999984741211,198500.0,30.600975229445993,44.73436060289018,44.949940268770234,56.52659604757581,69.00555049967171,8.1,1.0,-1.06,9.42
EZPW,2009-08-28,13.479999542236328,13.529999732971191,13.229999542236328,13.460000038146973,340500.0,29.035609205017188,44.733987656596554,44.48382198627531,56.51170067361164,68.8063655926545,8.08,1.0,-1.05,10.01
EZPW,2009-08-31,13.31999969482422,13.369999885559082,13.0,13.369999885559082,329800.0,29.31889231232015,44.75009579428793,44.45301686779924,56.44256905573415,68.8090902890632,8.06,1.0,-1.05,9.99
EZPW,2009-09-01,13.260000228881836,13.579999923706056,12.529999732971191,12.670000076293944,823100.0,30.019102293356102,46.03047536951002,43.233414239800474,56.65184780558875,68.96422148251236,8.05,1.0,-1.05,10.36
EZPW,2009-09-02,12.600000381469728,12.789999961853027,12.4399995803833,12.529999732971191,409400.0,29.55677068356039,45.98641575978418,43.19537222207363,56.658868004915306,68.91888558647213,8.05,1.0,-1.04,10.33
EZPW,2009-09-03,12.529999732971191,12.59000015258789,12.140000343322754,12.520000457763672,317600.0,28.87550320582764,45.93935468159818,43.05639181314182,56.53165180024155,68.67860376826341,8.05,1.0,-1.04,10.56
EZPW,2009-09-04,12.460000038146973,12.640000343322754,12.3100004196167,12.630000114440918,200900.0,28.287333767667803,45.96356810472153,42.89223413712855,56.53850887399023,68.67824042970229,8.03,1.0,-1.03,10.71
EZPW,2009-09-08,12.789999961853027,12.890000343322754,12.59000015258789,12.890000343322754,459000.0,28.73495187054271,32.03808644347361,43.01714551673335,55.87594928091302,68.08913049368135,8.02,2.0,-1.03,10.62
EZPW,2009-09-09,12.949999809265137,12.970000267028809,12.75,12.90999984741211,303100.0,27.75989023356626,31.197463170775404,43.0133802516732,55.851290404740126,67.86722579485928,8.0,2.0,-1.03,10.61
EZPW,2009-09-10,12.890000343322754,13.109999656677246,12.770000457763672,13.09000015258789,268100.0,27.87191326451296,30.63936676026899,42.68032038123836,55.63070536161289,67.77344035259523,8.01,1.0,-1.04,11.16
EZPW,2009-09-11,13.09000015258789,13.149999618530272,12.949999809265137,12.979999542236328,287800.0,27.839897942792298,30.480426915120546,42.154765945937235,55.571046559357114,67.76173038874715,8.03,1.0,-1.04,11.65
EZPW,2009-09-14,12.9399995803833,13.06999969482422,12.760000228881836,13.010000228881836,265500.0,27.842215410091743,30.29049082706229,42.116468535085104,55.56544082427241,67.75756527445319,8.04,1.0,-1.04,11.67
EZPW,2009-09-15,12.989999771118164,13.239999771118164,12.760000228881836,13.170000076293944,320900.0,27.964663831317583,29.155036815585657,42.162491890324176,55.58364680495629,67.57581420922676,8.04,3.0,-1.04,11.65
EZPW,2009-09-16,13.170000076293944,13.380000114440918,13.119999885559082,13.380000114440918,239500.0,27.850270218503553,29.151386505785275,41.27345731225068,55.4822780352086,67.40835066666901,8.04,1.0,-1.04,12.98
EZPW,2009-09-17,13.359999656677246,13.420000076293944,13.0600004196167,13.1899995803833,228300.0,28.172157856948367,28.846940158626516,40.872412082223406,55.31280706952675,67.36454663891178,8.05,1.0,-1.06,13.65
EZPW,2009-09-18,13.220000267028809,13.449999809265137,13.0,13.25,391900.0,27.20384020672071,28.823200493337335,40.87327191184653,55.22099869095508,67.29650643576882,8.07,2.0,-1.07,13.65
EZPW,2009-09-21,13.109999656677246,13.279999732971191,13.109999656677246,13.220000267028809,206400.0,26.767395016496998,28.833453682552822,40.318709650187174,55.069470187997304,66.90716776652663,8.08,1.0,-1.08,14.34
EZPW,2009-09-22,13.260000228881836,13.34000015258789,13.010000228881836,13.25,231800.0,26.64949691067726,28.781906871563212,40.18627935827986,54.999310643182206,66.8436722025951,8.1,1.0,-1.09,14.65
EZPW,2009-09-23,13.239999771118164,13.380000114440918,13.0,13.010000228881836,135200.0,27.161193890751473,29.05029788307038,40.289640346172824,54.790128743978585,66.83840077407794,8.14,2.0,-1.1,14.42
EZPW,2009-09-24,13.020000457763672,13.09000015258789,12.8100004196167,12.949999809265137,206100.0,27.15682315534778,29.081237345327803,40.242282295830385,51.037719772048376,66.83886133800705,8.16,2.0,-1.11,14.43
EZPW,2009-09-25,13.579999923706056,13.899999618530272,13.300000190734863,13.5600004196167,1316600.0,30.0216798832598,29.92390118944569,40.88314554280809,51.228383296770616,67.0005575251722,8.18,7.0,-1.11,13.61
EZPW,2009-09-28,13.65999984741211,13.859999656677246,13.5600004196167,13.779999732971191,490300.0,29.451839284515497,29.6532343371067,40.89319293022211,51.25950886493788,66.88179222184519,8.18,8.0,-1.1,13.59
EZPW,2009-09-29,13.75,13.880000114440918,13.5600004196167,13.65999984741211,390300.0,28.906386496028325,29.78094908455825,40.91779475637002,51.16657235935651,66.84500346455303,8.19,9.0,-1.11,13.51
EZPW,2009-09-30,13.630000114440918,13.899999618530272,13.510000228881836,13.65999984741211,284900.0,28.66140248171264,29.34378420309114,40.724264854640055,51.12986658914733,66.43345665695476,8.18,5.0,-1.1,13.73
EZPW,2009-10-01,13.5600004196167,13.949999809265137,13.170000076293944,13.170000076293944,551800.0,30.725749908713386,30.518316530513285,40.45494982620107,51.26341048964268,66.47318509310917,8.17,5.0,-1.11,14.14
EZPW,2009-10-02,13.170000076293944,13.699999809265137,13.170000076293944,13.210000038146973,650800.0,30.69850280782057,30.37726873892421,40.32120769219984,51.013300695320474,66.34230440300857,8.16,5.0,-1.13,14.45
EZPW,2009-10-05,13.420000076293944,13.760000228881836,13.399999618530272,13.56999969482422,6107100.0,30.38296879410082,30.622773320385992,40.06712904179213,51.102411176225125,66.32320016281103,8.13,1.0,-1.13,15.09
EZPW,2009-10-06,13.640000343322754,14.4399995803833,13.550000190734863,14.289999961853027,1247900.0,32.24967887762828,32.09729163164488,40.85221075917596,51.45961127671777,66.28435438070932,8.11,9.0,-1.08,14.08
EZPW,2009-10-07,14.289999961853027,14.359999656677246,14.199999809265137,14.229999542236328,739500.0,32.305963367944635,32.07505159423634,40.80417074324089,51.125286675340256,66.00999482635237,8.08,9.0,-1.05,14.18
EZPW,2009-10-08,14.270000457763672,14.68000030517578,14.199999809265137,14.460000038146973,586200.0,32.430690199189065,31.506619774636384,40.68234589533338,50.65315645711536,65.53016674844469,8.05,8.0,-1.01,14.35
EZPW,2009-10-09,14.420000076293944,14.420000076293944,14.229999542236328,14.34000015258789,401100.0,32.58069092072448,31.589849524518176,40.58440027558609,48.46816588157607,63.958530775873655,8.01,8.0,-0.99,14.55
EZPW,2009-10-12,14.489999771118164,14.56999969482422,14.399999618530272,14.43000030517578,271700.0,32.599019789421746,30.9638211389697,40.565349621630354,48.41820614945398,63.81938581849859,7.96,8.0,-0.97,14.63
EZPW,2009-10-13,14.329999923706056,14.399999618530272,13.93000030517578,14.119999885559082,462600.0,33.24403904599442,31.45068868143573,40.73241143102974,48.45238017992623,62.855519401511195,7.91,12.0,-0.97,14.28
EZPW,2009-10-14,14.199999809265137,14.270000457763672,14.020000457763672,14.130000114440918,268900.0,28.776520849867378,29.155759952624233,40.645701695956845,48.45238687413093,62.818243423384615,7.85,10.0,-0.96,14.48
EZPW,2009-10-15,14.09000015258789,14.239999771118164,13.979999542236328,14.15999984741211,321600.0,28.440875097422364,28.776278473346544,40.1002705051128,48.19973483391139,62.6415328719151,7.79,2.0,-0.97,15.22
EZPW,2009-10-16,14.020000457763672,14.170000076293944,13.829999923706056,14.06999969482422,403500.0,28.569608383954993,28.52100987875793,40.0118956640863,48.020555816025514,62.345199976961126,7.73,1.0,-0.98,15.42
EZPW,2009-10-19,14.149999618530272,14.43000030517578,13.989999771118164,14.25,389400.0,28.651164972859206,28.30057066164021,40.01237934857284,47.949753243106755,62.27098088875107,7.66,2.0,-0.99,15.42
EZPW,2009-10-20,14.289999961853027,14.56999969482422,14.079999923706056,14.270000457763672,711500.0,28.234761391845776,28.256279730068073,39.9334570225965,47.85863049389518,61.27833180313213,7.58,1.0,-1.0,15.5
EZPW,2009-10-21,14.199999809265137,14.390000343322754,13.880000114440918,13.920000076293944,569600.0,29.395714686580227,28.35823276699398,39.55916474684545,47.865773531358016,61.252078973406356,7.5,1.0,-1.02,15.86
EZPW,2009-10-22,13.920000076293944,14.300000190734863,13.869999885559082,14.260000228881836,485800.0,29.88740479625302,28.669125828375506,39.703939776648916,47.89132384622137,60.926113527902224,7.51,2.0,-1.04,15.72
EZPW,2009-10-23,14.329999923706056,14.350000381469728,14.0,14.0600004196167,356900.0,30.118611363754553,28.78903008604543,39.49851192057874,47.83217774980749,60.19068875427106,7.51,1.0,-1.05,15.91
EZPW,2009-10-26,14.109999656677246,14.420000076293944,13.869999885559082,13.93000030517578,323400.0,30.31741992398642,28.87841461208655,39.527691693151915,47.830156996550926,60.12483271717175,7.5,2.0,-1.07,15.8
EZPW,2009-10-27,13.93000030517578,14.119999885559082,13.760000228881836,13.800000190734863,259700.0,30.347990910668504,28.9348406208145,39.55451371682575,47.78735501914781,60.05366551572088,7.5,3.0,-1.08,15.7
EZPW,2009-10-28,13.800000190734863,13.84000015258789,13.479999542236328,13.5,349700.0,30.778642813345808,29.13726016579905,39.65764807883455,47.85757717279563,58.08997600949315,7.49,5.0,-1.09,15.48
EZPW,2009-10-29,13.649999618530272,13.8100004196167,13.3100004196167,13.40999984741211,469800.0,30.543025509055038,29.149082662966038,39.61497422658576,47.84362025818307,57.95045345738008,7.47,5.0,-1.09,15.48
EZPW,2009-10-30,13.369999885559082,13.489999771118164,12.949999809265137,12.970000267028809,465300.0,32.05110868038748,29.601535319168836,39.93586539796337,47.98576851019224,56.800253440671774,7.45,9.0,-1.09,14.84
EZPW,2009-11-02,13.09000015258789,13.329999923706056,12.75,13.140000343322754,375000.0,32.29205881693768,29.45903233913137,39.976510534312304,47.71864277775223,56.60989685580908,7.43,10.0,-1.1,14.84
EZPW,2009-11-03,13.020000457763672,13.270000457763672,12.81999969482422,13.149999618530272,397700.0,32.285001974452896,29.392582477014667,30.704065714695655,47.67994974360007,56.608280250928324,7.47,1.0,-1.05,0.75
EZPW,2009-11-04,13.170000076293944,13.300000190734863,13.06999969482422,13.079999923706056,336900.0,31.872321376825052,29.373800275808176,30.23484792940635,47.66088868178739,56.578266109253796,7.5,1.0,-0.98,0.86
EZPW,2009-11-05,13.220000267028809,13.81999969482422,13.039999961853027,13.779999732971191,344300.0,35.20046988013835,31.181951107600657,30.908952313618833,47.860721125928265,56.39760345837327,7.52,3.0,-0.92,0.86
EZPW,2009-11-06,13.970000267028809,14.739999771118164,13.8100004196167,14.279999732971191,752900.0,34.187491820432726,31.908087839647536,31.19981773968602,48.03721287189467,56.50730290359378,7.59,4.0,-0.87,0.75
EZPW,2009-11-09,14.489999771118164,14.960000038146973,14.399999618530272,14.760000228881836,725000.0,35.14737565089891,32.175502949786434,31.439882878632275,47.85984736365862,56.33277441105056,7.63,5.0,-0.8,0.67
EZPW,2009-11-10,14.770000457763672,14.899999618530272,14.539999961853027,14.850000381469728,422100.0,35.00520712380656,31.84976905897065,30.759859245148235,47.80348029739564,56.32366866201819,7.68,3.0,-0.72,0.83
EZPW,2009-11-11,14.899999618530272,14.9399995803833,14.600000381469728,14.8100004196167,339700.0,35.03256752680279,31.743441076430575,30.71054884705781,45.44678364801435,56.29878994882348,7.71,3.0,-0.65,0.85
EZPW,2009-11-12,14.739999771118164,14.770000457763672,14.229999542236328,14.399999618530272,368700.0,34.28765928195655,32.288204422869725,30.820869311754905,44.31280464716371,56.34552696812648,7.74,5.0,-0.58,0.83
EZPW,2009-11-13,14.399999618530272,14.520000457763672,14.270000457763672,14.43000030517578,281400.0,34.28863206133347,32.27220704232663,30.81080401858803,43.585721733166636,55.7376012493912,7.76,5.0,-0.51,0.83
EZPW,2009-11-16,14.56999969482422,15.34000015258789,14.56999969482422,15.260000228881836,710700.0,36.9779981895463,33.5874820871782,31.91939527670742,43.98145310065294,55.320772869094725,7.75,10.0,-0.41,0.77
EZPW,2009-11-17,15.100000381469728,15.210000038146973,14.970000267028809,15.100000381469728,310600.0,34.29101908014546,33.00790136947491,31.97149111310943,43.413741229291425,55.069837378673135,7.74,11.0,-0.32,0.75
EZPW,2009-11-18,15.149999618530272,15.229999542236328,14.949999809265137,15.06999969482422,244100.0,34.263045870901095,33.01783319222598,31.938654030891538,42.97596085968777,55.07024987241048,7.71,11.0,-0.24,0.78
EZPW,2009-11-19,14.970000267028809,15.010000228881836,14.640000343322754,14.779999732971191,313900.0,34.533551120376146,33.245041653109894,32.13687186198809,43.03879739726675,54.77996819214955,7.68,13.0,-0.17,0.73
EZPW,2009-11-20,14.649999618530272,14.800000190734863,14.550000190734863,14.720000267028809,280800.0,34.45832072998227,33.26516274144888,31.913491830794943,42.83096097014244,54.72580000474425,7.64,10.0,-0.08,0.8
EZPW,2009-11-23,14.93000030517578,15.270000457763672,14.93000030517578,15.239999771118164,356100.0,35.805675401189056,33.95084879492233,32.1101505161279,42.166572189131635,53.630457103336205,7.6,14.0,-0.01,0.7
EZPW,2009-11-24,15.289999961853027,15.289999961853027,14.829999923706056,15.039999961853027,217500.0,35.402346104151356,34.04865405967301,32.2225646312142,42.18021073897937,53.33396452675482,7.54,16.0,0.07,0.67
EZPW,2009-11-25,15.100000381469728,15.149999618530272,14.93000030517578,15.050000190734863,140800.0,35.402496678381354,32.00903961054473,31.99552215354305,41.90965677263799,53.331446225805436,7.47,14.0,0.11,0.74
EZPW,2009-11-27,14.649999618530272,14.949999809265137,14.649999618530272,14.6899995803833,122700.0,36.21458514913186,32.36402920151709,32.2924991123954,41.94147908440472,53.23689000934155,7.39,18.0,0.13,0.66
EZPW,2009-11-30,14.670000076293944,14.81999969482422,14.390000343322754,14.770000457763672,289100.0,36.16087982553837,32.3608540725522,32.220699737526296,41.89059182909516,53.23581961386308,7.3,17.0,0.1,0.68
EZPW,2009-12-01,14.920000076293944,15.270000457763672,14.81999969482422,15.210000038146973,333600.0,36.91833668803629,32.796505710759796,32.4115428941264,41.98273104684532,52.71338810003397,7.2,20.0,0.05,0.6
EZPW,2009-12-02,15.279999732971191,15.670000076293944,15.229999542236328,15.649999618530272,402800.0,37.69737030312034,33.02136416637766,32.637445210047005,41.88299403296198,52.43339432170846,7.09,21.0,0.01,0.51
EZPW,2009-12-03,15.65999984741211,15.829999923706056,15.4399995803833,15.4399995803833,392100.0,37.107108130609326,33.19791244194747,32.71991354717537,41.892698569406164,52.2905764493823,6.97,22.0,-0.13,0.49
EZPW,2009-12-04,15.739999771118164,15.899999618530272,15.43000030517578,15.619999885559082,410300.0,36.67535352194295,33.169589957333976,32.33389240527815,41.543769855109346,51.79802704471944,6.85,20.0,-0.18,0.61
EZPW,2009-12-07,15.65999984741211,15.949999809265137,15.539999961853027,15.75,291300.0,36.33775292449046,33.101460417337265,32.31460950716532,41.549373058622066,51.21076116629997,6.71,20.0,-0.23,0.62
EZPW,2009-12-08,15.619999885559082,15.6899995803833,15.420000076293944,15.5,233500.0,36.59867768806205,33.334925692810195,32.13444648125099,41.579581590368804,51.128438677137126,6.57,16.0,-0.45,0.66
EZPW,2009-12-09,15.539999961853027,15.600000381469728,15.4399995803833,15.539999961853027,250000.0,36.394942487737445,33.2784957058896,32.13469110488289,41.09040598489648,50.85243727772433,6.41,17.0,-0.77,0.66
EZPW,2009-12-10,15.640000343322754,15.960000038146973,15.550000190734863,15.65999984741211,259900.0,35.56395190003639,33.183796263068096,30.78424294271131,40.27323683169946,50.846619597245066,6.33,5.0,-0.88,0.57
EZPW,2009-12-11,15.739999771118164,16.18000030517578,15.699999809265137,16.040000915527344,332300.0,35.801802792964864,33.27705266006635,30.741062733403236,40.257781637151034,50.84155341070237,6.28,4.0,-0.87,0.59
EZPW,2009-12-14,16.170000076293945,16.5,15.989999771118164,16.479999542236328,294000.0,34.284531341452904,33.632244453052024,30.797427411514594,40.19020758316419,50.81699871971599,6.23,7.0,-0.72,0.57
EZPW,2009-12-15,16.399999618530273,16.549999237060547,16.139999389648438,16.15999984741211,325900.0,35.16099199851166,33.94853151158801,30.85399823892574,40.24120527386656,50.852617589718875,6.18,10.0,-0.72,0.58
EZPW,2009-12-16,16.260000228881836,16.520000457763672,16.190000534057617,16.420000076293945,405100.0,35.206477797845075,34.045789135481876,30.89674926002087,40.27148070483671,50.78687678565908,6.14,11.0,-0.67,0.55
EZPW,2009-12-17,16.3799991607666,16.450000762939453,16.15999984741211,16.360000610351562,493200.0,35.15707475918093,33.775734992348966,30.674414773150545,39.96875072084184,50.784491499698014,6.1,2.0,-0.66,0.65
EZPW,2009-12-18,16.440000534057617,16.6200008392334,16.260000228881836,16.610000610351562,753800.0,32.61574448914127,33.807948481662066,30.71327954508846,39.92243831214661,50.21159908716516,6.06,5.0,-0.62,0.63
EZPW,2009-12-21,16.670000076293945,16.989999771118164,16.6299991607666,16.979999542236328,363700.0,31.77684313388091,32.8833136446388,30.83072421208498,39.69648448090083,50.23487546309684,6.01,12.0,-0.51,0.57
EZPW,2009-12-22,16.959999084472656,17.030000686645508,16.799999237060547,16.93000030517578,428000.0,30.78820550413715,32.80945579766527,30.844264965341832,39.39834454255476,50.02672176847239,5.98,13.0,-0.47,0.57
EZPW,2009-12-23,17.049999237060547,17.34000015258789,16.8700008392334,17.049999237060547,323800.0,30.793709958753713,32.71867929565075,30.84121349378957,39.37460652252116,49.97184562232958,5.94,13.0,-0.44,0.57
EZPW,2009-12-24,17.239999771118164,17.280000686645508,17.040000915527344,17.149999618530273,109800.0,30.717124806679752,32.71242347699055,30.710186985243926,38.11325235702562,49.967188233338334,5.91,4.0,-0.42,0.61
EZPW,2009-12-28,17.149999618530273,17.719999313354492,17.149999618530273,17.350000381469727,270700.0,29.128403479621678,31.64820605686762,30.707367085934916,38.09556505079305,49.975640428737734,5.87,4.0,-0.38,0.61
EZPW,2009-12-29,17.43000030517578,17.450000762939453,17.329999923706055,17.3700008392334,217100.0,29.14109535597688,31.654515033771712,30.426303875418725,37.99246430959769,49.860452625553165,5.83,2.0,-0.37,0.69
EZPW,2009-12-30,17.399999618530273,17.489999771118164,17.209999084472656,17.260000228881836,263800.0,25.230814112383694,31.385095307059768,30.357964386339965,37.90353441024264,49.72103178612271,5.78,2.0,-0.4,0.74
EZPW,2009-12-31,17.309999465942383,17.420000076293945,17.18000030517578,17.200000762939453,214000.0,24.956238553733474,29.801234374483283,30.354994937255032,37.9078324492154,49.65383548893244,5.74,2.0,-0.46,0.75
EZPW,2010-01-04,17.469999313354492,17.540000915527344,17.309999465942383,17.459999084472656,324100.0,25.067425582625226,29.86033045954813,30.367504662458362,37.94022160073408,49.56395928397024,5.69,4.0,-0.48,0.73
EZPW,2010-01-05,17.489999771118164,17.600000381469727,16.5,16.8700008392334,770600.0,26.652350218715554,30.72462702141825,30.9451031783937,37.918050106703696,49.63520537287641,5.63,24.0,-0.56,0.62
EZPW,2010-01-06,17.020000457763672,17.479999542236328,16.43000030517578,16.829999923706055,689400.0,26.610026360055265,30.65850765024371,30.920938262568885,37.601764132809386,49.452924101453576,5.57,24.0,-0.64,0.63
EZPW,2010-01-07,16.899999618530273,17.020000457763672,16.520000457763672,17.020000457763672,179300.0,25.1186218171335,30.700237202403745,30.723162015135003,37.60117338967066,46.464479678634774,5.51,12.0,-0.71,0.69
EZPW,2010-01-08,17.059999465942383,17.40999984741211,17.020000457763672,17.219999313354492,317300.0,24.696470828743685,30.324006179693125,30.542984955718776,37.6204910047172,46.3882657813185,5.45,6.0,-0.77,0.74
EZPW,2010-01-11,17.299999237060547,17.709999084472656,17.25,17.690000534057617,416100.0,25.50089444879661,30.701735091751694,30.690613227836565,37.116462800450314,46.456314228511864,5.41,8.0,-0.79,0.68
EZPW,2010-01-12,17.68000030517578,18.09000015258789,17.5,17.860000610351562,407400.0,23.92446546959319,30.72280477606241,30.655343707217796,36.818270888816144,46.3891307968572,5.37,7.0,-0.8,0.7
EZPW,2010-01-13,17.969999313354492,18.239999771118164,17.850000381469727,17.959999084472656,433600.0,23.923907836172802,30.650141434781176,30.64139033819578,36.819749898939044,46.35848461218057,5.32,7.0,-0.81,0.71
EZPW,2010-01-14,18.040000915527344,18.3700008392334,18.0,18.229999542236328,460700.0,23.077442124692052,30.680085496580734,30.38185709447584,36.53296241584871,46.33572316360712,5.27,5.0,-0.79,0.8
EZPW,2010-01-15,18.31999969482422,18.36000061035156,17.670000076293945,17.90999984741211,415200.0,23.053498455902353,31.000340970492086,30.134160852276327,36.51471101590473,46.18767953063278,5.22,1.0,-0.84,0.88
EZPW,2010-01-19,18.1200008392334,18.200000762939453,17.90999984741211,18.15999984741211,375800.0,22.55535556816787,30.484537335956652,30.18078571639156,36.53206051661945,46.192860520872614,5.17,2.0,-0.86,0.85
EZPW,2010-01-20,18.020000457763672,18.170000076293945,17.709999084472656,18.11000061035156,297200.0,22.596926253116457,30.23943057032431,30.161576836183073,36.51073609388038,46.18438739409774,5.11,2.0,-0.9,0.87
EZPW,2010-01-21,18.07999992370605,18.309999465942383,17.649999618530273,18.25,735200.0,22.589981106081066,30.01115070715442,30.16848152005338,36.51447110255771,45.9116244934468,5.06,3.0,-0.93,0.86
EZPW,2010-01-22,18.700000762939453,18.700000762939453,17.850000381469727,18.040000915527344,1104700.0,22.268033846773207,30.059097907742427,30.25779682233878,36.517372622603474,45.51889665198257,5.01,6.0,-0.98,0.83
EZPW,2010-01-25,18.100000381469727,18.200000762939453,17.520000457763672,17.59000015258789,452700.0,23.9367214293072,30.54041942319836,30.55012295884529,36.657881945518,43.88096141532149,4.95,13.0,-1.04,0.74
EZPW,2010-01-26,17.600000381469727,18.09000015258789,17.469999313354492,17.639999389648438,710600.0,23.91528746267151,30.05687824419895,29.175003647309854,36.549787675090464,43.84112422590118,4.92,1.0,-1.09,0.52
EZPW,2010-01-27,17.530000686645508,18.239999771118164,17.530000686645508,18.239999771118164,392100.0,24.746973081092804,30.542720647400806,29.47038173956948,36.28619491708868,43.93940497233528,4.89,2.0,-1.12,0.4
EZPW,2010-01-28,18.270000457763672,18.530000686645508,18.0,18.299999237060547,389100.0,23.78610802565749,29.474984059116522,29.46145063838168,36.18998551688068,43.940063811017424,4.86,2.0,-1.15,0.4
EZPW,2010-01-29,18.34000015258789,18.540000915527344,18.06999969482422,18.15999984741211,448400.0,23.018291063403986,29.56167249073871,29.5065450233282,35.90324073157692,43.73945161657532,4.82,4.0,-1.19,0.4
EZPW,2010-02-01,18.25,18.489999771118164,17.719999313354492,18.06999969482422,586700.0,22.863239584661414,29.623264670546984,29.414579580103624,35.91056139329534,43.59008287190103,4.78,2.0,-1.23,0.46
EZPW,2010-02-02,18.1299991607666,18.13999938964844,17.770000457763672,17.8700008392334,367900.0,23.158338539964774,29.735651326596706,29.503373694252065,35.90628731166349,43.53860475540765,4.74,5.0,-1.27,0.43
EZPW,2010-02-03,17.850000381469727,18.15999984741211,17.790000915527344,17.959999084472656,390000.0,22.87804418223991,28.081091100294486,29.45592868094744,35.79566835423496,43.46373948086571,4.69,3.0,-1.3,0.47
EZPW,2010-02-04,17.860000610351562,18.07999992370605,17.420000076293945,17.440000534057617,477000.0,23.913500373383805,28.154484139086318,29.850833818388505,35.907263450906534,43.49915225999553,4.65,8.0,-1.33,0.4
EZPW,2010-02-05,17.420000076293945,17.579999923706055,16.770000457763672,17.489999771118164,689100.0,23.891718552703466,27.464259981474203,29.8506586781133,35.89135240553358,43.457390834503535,4.6,8.0,-1.36,0.39
EZPW,2010-02-08,17.530000686645508,17.959999084472656,17.459999084472656,17.75,454100.0,24.16151942129998,27.565510282713607,29.87336869616325,35.91542019620804,43.41369014452226,4.55,10.0,-1.38,0.38
EZPW,2010-02-09,17.959999084472656,17.989999771118164,17.68000030517578,17.75,300700.0,24.12615343317363,27.547348734849926,29.805834968985096,35.85931116173786,43.404253177942145,4.51,8.0,-1.4,0.43
EZPW,2010-02-10,17.639999389648438,17.790000915527344,17.5,17.739999771118164,295800.0,23.925117166395466,26.78757295422195,29.684412747972218,35.52669169637818,43.35619726153979,4.48,8.0,-1.42,0.46
EZPW,2010-02-11,17.68000030517578,18.049999237060547,17.559999465942383,18.0,207600.0,24.257912945757965,26.88154406421913,29.740422055864453,35.484408981464156,43.37609236401959,4.44,9.0,-1.43,0.43
EZPW,2010-02-12,17.84000015258789,18.0,17.739999771118164,17.940000534057617,233900.0,24.192138358303506,24.610096093697713,29.745800146377228,35.469534521522114,43.36543496052031,4.41,10.0,-1.45,0.43
EZPW,2010-02-16,18.11000061035156,18.270000457763672,17.850000381469727,18.0,404000.0,24.15601086762262,24.45513311957598,29.745565636302175,35.42382678719331,43.347503326297705,4.38,10.0,-1.46,0.43
EZPW,2010-02-17,18.100000381469727,18.309999465942383,18.0,18.309999465942383,297400.0,24.26379475961543,24.603074725970956,29.62908871258156,35.11370322070452,43.131593196318,4.34,8.0,-1.47,0.43
EZPW,2010-02-18,18.32999992370605,18.86000061035156,18.239999771118164,18.84000015258789,552200.0,22.97858076684917,24.678446008587702,29.866651694338803,35.233027955091515,43.18127218102858,4.3,16.0,-1.46,0.33
EZPW,2010-02-19,18.86000061035156,19.36000061035156,18.6200008392334,18.68000030517578,661500.0,23.1878134181615,24.757891809032493,29.147804115600184,35.09479393027944,43.17023066206946,4.25,1.0,-1.45,0.42
EZPW,2010-02-22,18.8700008392334,19.799999237060547,18.729999542236328,19.600000381469727,835200.0,26.483427887080946,25.60346772040759,29.93925414889118,35.51491672747144,43.25559814079807,4.19,19.0,-1.37,0.37
EZPW,2010-02-23,19.6299991607666,19.940000534057617,19.39999961853028,19.63999938964844,570300.0,26.41002531234498,25.350216245548452,29.875633327841626,35.51384655957905,43.254541418476286,4.13,19.0,-1.3,0.38
EZPW,2010-02-24,19.6299991607666,19.940000534057617,19.520000457763672,19.86000061035156,705100.0,25.62356195452063,25.374333566206126,29.893499935945083,35.48238126608457,43.01372569603335,4.07,20.0,-1.23,0.37
EZPW,2010-02-25,19.76000022888184,19.96999931335449,19.559999465942383,19.96999931335449,437500.0,25.572067243952585,24.652655987934722,29.18848191126513,35.45828516968554,42.96280212591845,4.01,3.0,-1.17,0.42
EZPW,2010-02-26,19.979999542236328,19.989999771118164,19.61000061035156,19.729999542236328,471100.0,25.970243615807682,24.90339618098449,29.301900953491185,35.46567814037429,41.0959252074169,3.95,4.0,-1.14,0.39
EZPW,2010-03-01,19.84000015258789,20.07999992370605,19.790000915527344,20.059999465942383,765200.0,26.04034757731231,24.50046334027993,29.14240522490307,35.49103947055209,40.10047404461286,3.89,1.0,-1.1,0.46
EZPW,2010-03-02,20.100000381469727,20.600000381469727,20.0,20.450000762939453,818700.0,25.66364754973018,24.185976710022715,28.22891880777732,29.865865154036165,39.549301985188876,3.83,1.0,-1.03,0.43
EZPW,2010-03-03,20.6299991607666,20.6299991607666,19.8799991607666,19.920000076293945,534200.0,26.981547824653713,24.725635166844516,28.598469247039375,29.771360859653974,39.607871112831425,3.75,2.0,-1.02,0.35
EZPW,2010-03-04,19.940000534057617,20.350000381469727,19.940000534057617,20.239999771118164,310700.0,27.173206795133765,24.796712696744535,28.597376542402365,29.590129323177383,39.16755612672493,3.67,2.0,-1.0,0.35
EZPW,2010-03-05,20.3799991607666,20.88999938964844,20.350000381469727,20.81999969482422,609600.0,28.073686299348598,25.266351818251586,28.8055037749903,29.64224422177319,38.89525006916085,3.59,4.0,-0.94,0.26
EZPW,2010-03-08,21.0,21.25,20.96999931335449,20.989999771118164,449400.0,27.678044658424696,24.905328829528152,28.81123152420246,29.582123310655202,38.88584514591123,3.5,5.0,-0.88,0.25
EZPW,2010-03-09,21.059999465942383,21.440000534057617,20.690000534057617,21.40999984741211,764400.0,26.444296562623364,25.081972493426253,28.630601387269827,29.254045285678664,38.74544664846403,3.4,4.0,-0.79,0.27
EZPW,2010-03-10,21.530000686645508,21.88999938964844,21.5,21.84000015258789,585100.0,26.69665955158208,25.254673542455325,28.733362829376535,29.27483416806183,38.135971946224664,3.29,5.0,-0.67,0.22
EZPW,2010-03-11,21.799999237060547,22.0,21.38999938964844,21.520000457763672,520000.0,26.21719399744668,25.2948205607766,28.891298206129946,29.178157407878896,38.15963659508533,3.19,8.0,-0.64,0.17
EZPW,2010-03-12,21.709999084472656,21.96999931335449,21.559999465942383,21.96999931335449,515700.0,26.571850224484223,25.0893668501934,28.958919417028294,29.236572991341514,37.998137190854706,3.09,9.0,-0.57,0.13
EZPW,2010-03-15,22.01000022888184,22.190000534057617,20.1200008392334,20.39999961853028,1897300.0,35.159686539849325,29.46279436717523,31.49949592154942,30.661778831404053,38.711097959874394,2.97,73.0,-0.61,1.68
EZPW,2010-03-16,20.25,20.540000915527344,19.729999542236328,20.489999771118164,862100.0,35.05958219742702,29.355444401877484,31.497798029227546,30.645737656186878,38.666341087302534,2.84,73.0,-0.64,1.68
EZPW,2010-03-17,20.6299991607666,21.040000915527344,20.540000915527344,20.690000534057617,561000.0,34.78756964527416,29.34034670965366,31.179312696357663,30.629061230323835,38.642518269182126,2.71,71.0,-0.66,1.86
EZPW,2010-03-18,20.709999084472656,21.0,20.26000022888184,20.729999542236328,377100.0,34.79803580939758,29.248783942672972,31.01249805041884,30.62641845094313,38.47859467222475,2.58,71.0,-0.69,1.93
EZPW,2010-03-19,20.84000015258789,21.1200008392334,20.34000015258789,20.43000030517578,524600.0,33.78495745775636,29.23065664774503,31.019222932957952,30.556544186956124,38.4952655436017,2.43,72.0,-0.7,1.93
EZPW,2010-03-22,20.25,20.81999969482422,20.11000061035156,20.770000457763672,540800.0,33.931384155328004,29.330921785481056,31.0137695861507,30.482925519394644,38.23077346272358,2.28,72.0,-0.72,1.95
EZPW,2010-03-23,20.84000015258789,20.90999984741211,20.450000762939453,20.670000076293945,410100.0,33.95334228366308,29.368806789759404,30.972220891274056,30.499374050170697,38.23732596883927,2.11,71.0,-0.73,1.98
EZPW,2010-03-24,20.63999938964844,21.540000915527344,20.540000915527344,21.09000015258789,742700.0,34.191687805032224,29.568447413688446,30.792416133026894,30.42380842414378,38.256823057197195,1.91,60.0,-0.74,2.1
EZPW,2010-03-25,21.32999992370605,21.549999237060547,21.030000686645508,21.040000915527344,444600.0,34.22472573621452,29.54260733773429,30.760243403244203,30.4249918197045,37.8908828775855,1.69,59.0,-0.76,2.12
EZPW,2010-03-26,21.059999465942383,21.309999465942383,20.88999938964844,20.920000076293945,259000.0,34.27275742247436,29.59660994210766,30.202010578090636,30.40230879546443,37.27714609667284,1.41,38.0,-0.81,2.38
EZPW,2010-03-29,21.06999969482422,21.26000022888184,21.0,21.21999931335449,401100.0,34.27925048233202,29.61656707172775,30.211075789126262,30.38923598821989,37.21172997698399,1.05,39.0,-0.86,2.37
EZPW,2010-03-30,21.25,21.25,20.690000534057617,20.790000915527344,383100.0,35.10036937922239,29.98857199031147,30.470122681540712,30.52188016728829,37.138298273539476,1.05,47.0,-0.92,2.2
EZPW,2010-03-31,20.75,20.809999465942383,20.5,20.600000381469727,470300.0,35.127560803604574,29.990185173094698,30.5080543718123,30.539522495995076,37.131585651956705,1.05,47.0,-1.01,2.18
EZPW,2010-04-01,20.61000061035156,20.950000762939453,20.459999084472656,20.950000762939453,364300.0,34.57511402222361,29.10557329486803,29.60785034275075,30.33518742334764,37.157314769887556,1.05,21.0,-1.05,2.36
EZPW,2010-04-05,20.940000534057617,21.489999771118164,20.93000030517578,21.479999542236328,489300.0,34.92125702893952,29.40381215819199,29.36701267369038,30.423258489569342,36.995239448445396,1.06,15.0,-1.07,2.46
EZPW,2010-04-06,21.459999084472656,21.690000534057617,21.26000022888184,21.68000030517578,372500.0,32.452284226270386,29.386178562649718,29.01011092132657,30.231547573386237,36.944801149718565,1.06,10.0,-1.08,2.64
EZPW,2010-04-07,21.6299991607666,21.6299991607666,20.959999084472656,21.07999992370605,357500.0,33.707568247564055,30.065451959376325,29.446256208782078,30.468648676319926,36.83482303715741,1.07,18.0,-1.1,2.36
EZPW,2010-04-08,21.190000534057617,21.21999931335449,20.959999084472656,21.13999938964844,267400.0,33.605372127708435,29.661891199921197,29.42969063612991,29.685910462226655,36.599208169972634,1.07,18.0,-1.11,2.38
EZPW,2010-04-09,21.15999984741211,21.170000076293945,20.709999084472656,20.959999084472656,345600.0,33.727479493839056,29.72213959045289,29.056346902104114,29.594886403444875,36.59482138925361,1.08,11.0,-1.14,2.59
EZPW,2010-04-12,21.0,21.59000015258789,20.959999084472656,21.57999992370605,345700.0,34.38308631322266,30.20934191302946,29.33312580630107,29.6518362210468,35.73732620486597,1.08,17.0,-1.16,2.45
EZPW,2010-04-13,21.489999771118164,21.65999984741211,21.229999542236328,21.65999984741211,396000.0,34.142166732746794,30.108522476478583,28.12780168904279,29.563242861145582,35.71198627661028,1.1,1.0,-1.16,2.6
EZPW,2010-04-14,21.709999084472656,21.799999237060547,21.43000030517578,21.799999237060547,344000.0,33.797884742069016,29.80867882384311,28.0410483446914,29.549402503182055,35.63346360297958,1.11,1.0,-1.16,2.7
EZPW,2010-04-15,21.799999237060547,22.229999542236328,21.799999237060547,22.059999465942383,385900.0,32.806582758395706,29.781071119154678,28.056028452613223,29.431599004600052,35.57307207103538,1.12,2.0,-1.16,2.71
EZPW,2010-04-16,22.07999992370605,22.209999084472656,21.32999992370605,21.38999938964844,497500.0,34.03201384816929,30.568532057912947,28.353560644343034,29.69314531995274,35.72482650091922,1.12,5.0,-1.18,2.57
EZPW,2010-04-19,21.3799991607666,22.13999938964844,21.3700008392334,21.950000762939453,476400.0,33.87632975149833,30.91755605824501,28.542031767324094,29.79747939768102,35.80394662527521,1.12,6.0,-1.2,2.5
EZPW,2010-04-20,21.96999931335449,22.959999084472656,21.96999931335449,22.700000762939453,854800.0,35.075253095442704,31.385716702309736,28.51192074184609,30.01496486743956,35.737266913731354,1.12,6.0,-1.17,2.51
EZPW,2010-04-21,22.89999961853028,22.90999984741211,22.299999237060547,22.65999984741211,494900.0,34.711327551780705,30.819815755953535,28.393864487335318,30.0157171439635,35.506937389173856,1.11,6.0,-1.16,2.62
EZPW,2010-04-22,22.51000022888184,23.13999938964844,22.299999237060547,23.040000915527344,576000.0,34.5772868747639,30.922829034324522,28.457757338901313,29.9789680811141,35.52446839974378,1.11,7.0,-1.13,2.6
EZPW,2010-04-23,23.26000022888184,23.75,22.90999984741211,23.309999465942383,700600.0,34.325607042364304,30.367482439911935,28.111850443733648,29.97582928525407,35.53634230906992,1.1,3.0,-1.12,2.89
EZPW,2010-04-26,23.36000061035156,23.5,23.11000061035156,23.34000015258789,379600.0,33.89789039588605,30.37250058027051,28.116495510237378,29.815317330156937,35.05430634964941,1.1,4.0,-1.13,2.88
EZPW,2010-04-27,23.32999992370605,23.700000762939453,22.09000015258789,22.14999961853028,763500.0,30.005498196602797,32.418882889890014,29.251345011368596,30.48025911123465,35.246492040017955,1.07,26.0,-1.16,2.72
EZPW,2010-04-28,22.15999984741211,22.450000762939453,22.06999969482422,22.38999938964844,383300.0,30.092876339303036,32.40773807054713,29.003638176320017,30.481586131161098,35.256006632255385,1.04,20.0,-1.18,2.84
EZPW,2010-04-29,22.5,22.690000534057617,22.350000381469727,22.540000915527344,330200.0,30.046457371456775,32.26785997139021,28.877605117113998,30.459224548752484,35.024717435965194,1.01,18.0,-1.21,2.98
EZPW,2010-04-30,22.57999992370605,22.600000381469727,20.68000030517578,20.739999771118164,1135800.0,39.05923243850696,36.87302304907058,31.981067818221316,32.12888225275295,35.98644134773315,1.0,97.0,-1.21,4.23
EZPW,2010-05-03,20.799999237060547,21.57999992370605,20.670000076293945,21.350000381469727,661900.0,39.68067651593616,36.66408736587053,32.23867794761717,32.2592311261824,36.0803104487266,1.0,100.0,-1.23,4.09
EZPW,2010-05-04,21.049999237060547,21.520000457763672,20.75,21.07999992370605,492700.0,39.62250387158135,36.81223252361856,32.193619077886666,32.195682416962455,36.09238797972805,1.0,99.0,-1.25,4.13
EZPW,2010-05-05,20.76000022888184,20.93000030517578,19.239999771118164,19.270000457763672,1335900.0,47.483234264177284,41.35319335596407,35.40760984386329,33.92034597550019,37.24074324715518,1.12,100.0,-1.26,4.64
EZPW,2010-05-06,19.200000762939453,19.88999938964844,10.06999969482422,18.96999931335449,1237000.0,47.144758425315565,41.500150476157465,35.50889079069345,33.943845562095724,37.25711278082578,1.25,100.0,-1.28,4.49
EZPW,2010-05-07,18.770000457763672,18.770000457763672,17.239999771118164,18.299999237060547,1392000.0,48.068845742586994,42.18923438830871,35.83429585695488,34.21482397809397,37.44484471089817,1.38,100.0,-1.28,4.12
EZPW,2010-05-10,18.700000762939453,19.540000915527344,18.700000762939453,19.299999237060547,601300.0,50.90497514703741,43.46284291663222,36.545594153412395,34.739041795666566,37.7255990974402,1.52,100.0,-1.26,3.89
EZPW,2010-05-11,19.0,19.450000762939453,18.799999237060547,18.950000762939453,535000.0,50.83840410212681,43.636843792687976,36.52688480867283,34.658446327784624,37.46664097274763,1.65,99.0,-1.26,3.91
EZPW,2010-05-12,18.940000534057617,19.06999969482422,18.809999465942383,19.020000457763672,808900.0,50.63052712695645,43.63772906812623,36.45588435103518,34.433231619220805,37.40331355491287,1.77,98.0,-1.25,3.93
EZPW,2010-05-13,18.90999984741211,19.26000022888184,18.799999237060547,19.09000015258789,425100.0,50.63048406953216,43.512043636317884,36.44820114228502,34.433458034024426,37.197857173852114,1.87,97.0,-1.25,3.95
EZPW,2010-05-14,18.940000534057617,18.959999084472656,18.3700008392334,18.600000381469727,511900.0,50.727909965053506,43.45712772719868,36.64193317747147,34.57186276496306,37.30070022581367,1.98,100.0,-1.24,3.73
EZPW,2010-05-17,18.6299991607666,19.040000915527344,18.299999237060547,18.979999542236328,579100.0,50.51017757949007,43.621339247388725,36.61681188383493,34.64008265941059,37.32051981771469,2.07,99.0,-1.22,3.74
EZPW,2010-05-18,18.93000030517578,19.059999465942383,18.010000228881836,18.14999961853028,664900.0,51.676129304202966,43.42207357249549,37.32811624808045,35.076168307022705,37.530643213495715,2.19,100.0,-1.22,3.29
EZPW,2010-05-19,18.030000686645508,18.950000762939453,18.030000686645508,18.920000076293945,802500.0,53.00586916773191,44.29724122134116,37.87527981467196,35.37751579512348,37.68699833078708,2.31,100.0,-1.2,3.09
EZPW,2010-05-20,18.459999084472656,18.559999465942383,17.760000228881836,17.760000228881836,1517100.0,55.70205797441346,46.04379822862635,39.21749283491927,35.60508821356202,38.236663062775925,2.47,100.0,-1.2,2.62
EZPW,2010-05-21,17.450000762939453,18.14999961853028,17.010000228881836,18.040000915527344,1036900.0,56.03883652216185,46.15969053990275,39.25229117112042,35.6084233388352,38.25873999517029,2.61,100.0,-1.19,2.61
EZPW,2010-05-24,18.09000015258789,18.31999969482422,17.780000686645508,17.850000381469727,285100.0,55.110228965497065,46.14625888223891,39.29071392365127,35.63817794663809,38.2432128210976,2.75,100.0,-1.19,2.57
EZPW,2010-05-25,17.469999313354492,17.920000076293945,16.969999313354492,17.8700008392334,673500.0,55.0744996528679,45.993514493098964,39.27654348061817,35.62918408929936,38.01322309110225,2.88,99.0,-1.19,2.59
EZPW,2010-05-26,18.049999237060547,18.450000762939453,17.979999542236328,18.170000076293945,729500.0,55.360177486956196,45.945317223615845,39.35650407077099,35.60472786539792,37.99787131986703,3.0,100.0,-1.18,2.59
EZPW,2010-05-27,18.59000015258789,18.739999771118164,18.229999542236328,18.530000686645508,560100.0,55.623725112607744,45.87139505481498,39.40644896163768,35.666311719066485,38.02440845911341,3.12,100.0,-1.17,2.57
EZPW,2010-05-28,18.299999237060547,18.64999961853028,18.200000762939453,18.309999465942383,374600.0,55.15242634656822,45.782153780369036,39.059096004534695,35.67633497204829,38.016185722686764,3.22,94.0,-1.17,2.78
EZPW,2010-06-01,18.21999931335449,18.450000762939453,17.860000610351562,17.860000610351562,449800.0,54.62980277097105,45.593496129637224,39.26882541467156,35.79605633047553,37.86604696733503,3.32,96.0,-1.18,2.62
EZPW,2010-06-02,17.8799991607666,18.459999084472656,17.809999465942383,18.459999084472656,424300.0,54.594286146862636,46.125617474219446,39.570738952787536,35.9867356708567,37.98674038827971,3.42,100.0,-1.18,2.52
EZPW,2010-06-03,18.46999931335449,18.59000015258789,18.14999961853028,18.36000061035156,251600.0,54.57469284359778,45.90204733677495,39.544323338395166,35.97636756246275,37.88140783564089,3.52,99.0,-1.18,2.5
EZPW,2010-06-04,18.0,18.1200008392334,17.700000762939453,17.809999465942383,498300.0,54.50675088975064,46.00882671218733,39.621667067126104,36.13909530486881,38.01365185458192,3.61,100.0,-1.18,2.36
EZPW,2010-06-07,17.559999465942383,18.39999961853028,17.559999465942383,17.780000686645508,602400.0,54.21282825615484,45.94892055993359,39.593269380676176,36.09179461496323,38.01327414758464,3.7,99.0,-1.18,2.36
EZPW,2010-06-08,17.899999618530273,17.93000030517578,17.329999923706055,17.6299991607666,360200.0,54.1252182147762,45.68963619586255,39.60527957323931,36.11000814993312,37.998738857854306,3.79,99.0,-1.18,2.33
EZPW,2010-06-09,17.729999542236328,18.170000076293945,17.479999542236328,17.799999237060547,387100.0,52.812091600977084,43.33506202096824,39.56257471079183,36.11946633383975,37.98701837787586,3.87,96.0,-1.19,2.34
EZPW,2010-06-10,18.09000015258789,18.290000915527344,17.829999923706055,18.290000915527344,346500.0,53.50771545831944,43.73380927713343,39.69910086668085,36.24526119321778,38.05626938389299,3.94,100.0,-1.18,2.36
EZPW,2010-06-11,18.100000381469727,18.64999961853028,18.07999992370605,18.64999961853028,331700.0,53.914326645243534,43.890277244172374,39.75839293726722,36.226336737213984,38.09173290249342,4.02,100.0,-1.17,2.34
EZPW,2010-06-14,18.76000022888184,18.82999992370605,18.5,18.6200008392334,430700.0,48.73749682980416,43.883658916486226,39.75658937967283,36.22033559159585,34.49723997939081,4.09,99.0,-1.17,2.34
EZPW,2010-06-15,18.65999984741211,19.170000076293945,18.520000457763672,19.1200008392334,367300.0,48.598049273100415,44.1788077228714,39.95741218900547,35.9590209809823,34.409031775382196,4.16,100.0,-1.16,2.28
EZPW,2010-06-16,19.030000686645508,19.229999542236328,18.93000030517578,18.979999542236328,223600.0,48.53598173189042,44.04296221309158,39.93063193035482,35.93580611391455,34.29965426172861,4.23,99.0,-1.14,2.3
EZPW,2010-06-17,19.1299991607666,19.209999084472656,18.700000762939453,18.86000061035156,203200.0,41.10284970098685,44.04894566410636,39.73230424179159,35.927018506075285,34.263532929174254,4.29,96.0,-1.13,2.43
EZPW,2010-06-18,18.96999931335449,18.989999771118164,18.56999969482422,18.64999961853028,533600.0,40.981050619383275,43.858846998918175,39.77549889410961,35.95929538279824,34.24303694813919,4.34,98.0,-1.12,2.39
EZPW,2010-06-21,18.84000015258789,19.200000762939453,18.71999931335449,18.90999984741211,303200.0,39.76773837169901,43.97950103324691,39.48353479616243,35.69776532020663,34.00446447038014,4.39,87.0,-1.11,2.48
EZPW,2010-06-22,19.020000457763672,19.26000022888184,18.809999465942383,18.920000076293945,443500.0,36.57172100939476,43.97422906058695,39.48076465842435,35.697984653645236,33.98553541028986,4.43,86.0,-1.1,2.47
EZPW,2010-06-23,18.90999984741211,19.049999237060547,18.64999961853028,18.76000022888184,280300.0,36.269893377071035,43.86951581274549,39.48517519166451,35.59598599031711,33.90476504751844,4.47,87.0,-1.09,2.47
EZPW,2010-06-24,18.64999961853028,18.86000061035156,18.549999237060547,18.549999237060547,306500.0,36.38428873255684,43.74474324884729,39.51924176451566,35.129905697000666,33.92928153137185,4.51,87.0,-1.08,2.44
EZPW,2010-06-25,18.56999969482422,19.1200008392334,18.38999938964844,19.040000915527344,611200.0,37.19551932575777,44.08938208266012,39.687173429276896,35.24377125451484,34.007122357703814,4.55,93.0,-1.06,2.43
EZPW,2010-06-28,19.059999465942383,19.270000457763672,18.75,19.09000015258789,285300.0,36.37870102714194,43.93523726714405,39.68224371914083,35.20224087526411,33.99976145492411,4.59,92.0,-1.04,2.43
EZPW,2010-06-29,18.739999771118164,18.8799991607666,18.479999542236328,18.6200008392334,495200.0,36.64373717944026,43.83842031288523,39.60280689887575,35.32234617041804,34.08820948987987,4.62,89.0,-1.03,2.47
EZPW,2010-06-30,18.68000030517578,18.8799991607666,18.3700008392334,18.549999237060547,335900.0,34.20433497126514,43.77181466931078,39.607380508135165,35.323057996978044,34.089316070520425,4.65,90.0,-1.03,2.45
EZPW,2010-07-01,18.729999542236328,18.920000076293945,18.25,18.6299991607666,499800.0,31.97217135902321,43.469064037110556,39.546917089722164,35.21738373218896,34.006648427655165,4.68,84.0,-1.02,2.47
EZPW,2010-07-02,18.75,18.75,18.39999961853028,18.549999237060547,247600.0,25.90694580426328,43.45931646380243,39.55415708978619,35.22404144588039,33.95122897836181,4.71,84.0,-1.01,2.45
EZPW,2010-07-06,18.739999771118164,19.09000015258789,18.51000022888184,18.6299991607666,591800.0,25.573466308891035,43.45865059520144,39.55855657832534,35.225519107185896,33.95004086085216,4.73,84.0,-1.0,2.46
EZPW,2010-07-07,18.75,19.31999969482422,18.700000762939453,19.290000915527344,280400.0,27.113534754222417,43.64690224174506,39.871444143362005,35.432007950733905,34.02846223627119,4.76,98.0,-0.98,2.36
EZPW,2010-07-08,19.38999938964844,19.450000762939453,19.07999992370605,19.350000381469727,255500.0,27.11031116076392,43.643830744634094,39.86798381796947,35.40840184635353,34.02552876463948,4.79,97.0,-0.96,2.38
EZPW,2010-07-09,19.3700008392334,19.690000534057617,19.290000915527344,19.68000030517578,187000.0,27.12216680979828,43.7815923001762,39.9484895473906,35.45408487370818,34.032845860955014,4.81,99.0,-0.94,2.36
EZPW,2010-07-12,19.670000076293945,19.75,19.40999984741211,19.64999961853028,252400.0,26.661777038308713,43.69035118559918,39.86572543843105,35.314712276665546,34.00606748747948,4.83,95.0,-0.92,2.37
EZPW,2010-07-13,19.809999465942383,20.6200008392334,19.76000022888184,20.600000381469727,484300.0,29.358303872868458,44.40660794808898,40.30547340995466,35.62339756635772,34.292500381266564,4.85,100.0,-0.92,2.27
EZPW,2010-07-14,20.56999969482422,20.799999237060547,20.40999984741211,20.68000030517578,270700.0,28.06028635614543,44.07426569923203,40.27975717114144,35.57201522979299,34.28194642657192,4.86,99.0,-0.92,2.31
EZPW,2010-07-15,20.63999938964844,20.71999931335449,20.31999969482422,20.65999984741211,287400.0,26.797769149234497,43.4808431828995,39.56736662705893,35.54798200683156,34.118527038032546,4.88,79.0,-0.94,2.47
EZPW,2010-07-16,20.51000022888184,20.549999237060547,19.8799991607666,19.96999931335449,470800.0,28.84573984238844,43.98497496326096,39.94342067856124,35.77896624284021,34.300545444767096,4.89,96.0,-0.94,2.24
EZPW,2010-07-19,19.96999931335449,20.0,19.46999931335449,19.790000915527344,224900.0,27.333048871191007,43.83235826485855,39.93084727264754,35.68931970299001,34.206840064696976,4.9,95.0,-0.94,2.21
EZPW,2010-07-20,19.51000022888184,20.1200008392334,19.39999961853028,20.11000061035156,320400.0,27.522196548108642,43.90221299690597,40.00295085793189,35.71161694435535,34.23360212267496,4.9,98.0,-0.94,2.19
EZPW,2010-07-21,20.18000030517578,20.5,19.729999542236328,19.780000686645508,290000.0,27.939110083484763,43.989219236805035,40.043655079314696,35.5305032113682,33.77069260935891,4.9,98.0,-0.94,2.16
EZPW,2010-07-22,20.100000381469727,20.299999237060547,19.51000022888184,20.15999984741211,491500.0,28.240246755635233,42.97369158405554,40.07122688170084,35.563011527815576,33.726040016940836,4.9,98.0,-0.94,2.16
EZPW,2010-07-23,20.020000457763672,20.239999771118164,19.61000061035156,20.170000076293945,323400.0,27.39745783091973,42.89912430497111,39.952845151775215,35.56319484197539,33.655493000566,4.88,94.0,-0.94,2.18
EZPW,2010-07-26,20.309999465942383,20.690000534057617,20.09000015258789,20.489999771118164,463200.0,27.22539422663159,43.01513772441146,39.809936409739024,35.586271340117435,33.62053848772975,4.87,86.0,-0.94,2.32
EZPW,2010-07-27,20.65999984741211,20.75,20.229999542236328,20.31999969482422,353500.0,27.396375625084467,39.54219502357619,39.753386149670675,35.114890187396455,33.62929165807911,4.84,82.0,-0.95,2.31
EZPW,2010-07-28,20.190000534057617,20.43000030517578,19.89999961853028,19.989999771118164,337100.0,27.004001041112225,39.19642778591912,39.57801882569936,34.95560405748797,33.58569549147528,4.82,72.0,-0.93,2.3
EZPW,2010-07-29,20.100000381469727,20.100000381469727,19.559999465942383,19.71999931335449,370700.0,27.241333116271534,39.20788153221433,39.60900450693296,34.805096076236026,33.61034515867685,4.8,76.0,-0.9,2.25
EZPW,2010-07-30,19.51000022888184,20.059999465942383,19.51000022888184,19.89999961853028,448100.0,27.233452639702872,34.626200638383445,39.504600817668745,34.812351160458896,33.602902447916854,4.77,62.0,-0.86,2.28
EZPW,2010-08-02,20.190000534057617,20.43000030517578,19.76000022888184,20.209999084472656,420200.0,27.224676723629766,34.59113293464914,39.45200505367465,34.84686770983921,33.63061894519214,4.74,58.0,-0.8,2.3
EZPW,2010-08-03,20.06999969482422,20.1200008392334,19.56999969482422,19.63999938964844,267900.0,28.46378047478591,34.28673254753553,39.63777834787739,34.85336273171495,33.762738407065044,4.71,77.0,-0.74,2.19
EZPW,2010-08-04,19.71999931335449,19.780000686645508,19.39999961853028,19.61000061035156,235200.0,28.474632951407834,32.52923072105835,39.48608774480184,34.85545909417005,33.7225632412361,4.67,60.0,-0.66,2.23
EZPW,2010-08-05,19.459999084472656,19.600000381469727,19.290000915527344,19.31999969482422,180500.0,28.723453576068565,32.453674101252055,37.781042517859845,34.30745965909857,33.75578946871814,4.66,46.0,-0.65,2.43
EZPW,2010-08-06,19.11000061035156,19.57999992370605,18.64999961853028,19.530000686645508,318100.0,28.618351750873583,32.517996401533914,37.81608094838692,34.29664136385174,33.67873377979271,4.64,46.0,-0.63,2.42
EZPW,2010-08-09,19.709999084472656,20.209999084472656,19.530000686645508,20.15999984741211,263400.0,29.081681521319485,33.14027013374397,38.127766175738664,34.48112209765001,33.76547393718942,4.62,47.0,-0.62,2.31
EZPW,2010-08-10,19.920000076293945,20.01000022888184,19.46999931335449,19.489999771118164,211800.0,30.864738204281245,33.4477536950676,38.49562390147446,34.64610604388781,33.942779513548935,4.6,47.0,-0.59,2.1
EZPW,2010-08-11,19.07999992370605,19.290000915527344,18.309999465942383,18.36000061035156,555800.0,34.77490014933383,35.41778366525889,39.5647809284852,35.39078148522564,34.48380959007964,4.59,67.0,-0.59,1.82
EZPW,2010-08-12,18.270000457763672,18.61000061035156,18.25,18.489999771118164,634000.0,34.82713147986187,34.22988948682611,39.48630145673114,35.172958812347254,34.48360727619298,4.57,59.0,-0.57,1.84
EZPW,2010-08-13,18.489999771118164,18.64999961853028,18.299999237060547,18.32999992370605,235300.0,34.8876829928506,33.17691684557936,39.500192021622965,35.1511787124817,34.48970298961755,4.55,59.0,-0.56,1.83
EZPW,2010-08-16,18.26000022888184,18.51000022888184,18.21999931335449,18.36000061035156,221400.0,34.874488163783184,30.492075513500765,39.355000878358155,35.15119748802348,34.420685428995235,4.53,50.0,-0.51,1.87
EZPW,2010-08-17,18.450000762939453,18.93000030517578,18.32999992370605,18.82999992370605,219400.0,35.638709166808624,30.758461404316712,39.581472006207136,35.13714314032066,34.439618890001945,4.5,70.0,-0.46,1.81
EZPW,2010-08-18,18.76000022888184,19.209999084472656,18.6200008392334,18.790000915527344,234100.0,34.110479155083475,30.674427636819214,39.57492867284924,35.136252932383705,34.40641613746919,4.47,68.0,-0.41,1.82
EZPW,2010-08-19,18.700000762939453,18.780000686645508,18.32999992370605,18.56999969482422,370500.0,34.2320639856581,30.783363349474325,39.534172399811645,35.011343719317416,34.40822681471149,4.43,59.0,-0.34,1.8
EZPW,2010-08-20,18.479999542236328,18.799999237060547,18.40999984741211,18.709999084472656,231200.0,33.90266112752426,30.63701611257285,39.43880956207869,34.86775600871853,34.41091037217248,4.4,49.0,-0.29,1.88
EZPW,2010-08-23,18.790000915527344,18.89999961853028,18.59000015258789,18.59000015258789,290400.0,33.930496427526634,30.406542117278168,39.426810624521984,34.836365580597764,34.29350341217079,4.36,48.0,-0.25,1.89
EZPW,2010-08-24,18.3799991607666,18.5,18.200000762939453,18.39999961853028,312500.0,30.638291494129604,30.380303977189303,39.34882488103522,34.839122183174595,34.14401883260873,4.3,44.0,-0.19,1.89
EZPW,2010-08-25,18.309999465942383,18.530000686645508,18.200000762939453,18.3799991607666,244800.0,30.564412993877394,29.93320907589786,39.12258054667463,34.82882915036251,34.144816234098016,4.24,38.0,-0.08,1.95
EZPW,2010-08-26,18.43000030517578,18.479999542236328,18.020000457763672,18.059999465942383,226400.0,30.80218140303555,29.373186749694447,39.16541630319061,34.83997068235738,34.17974631058276,4.17,38.0,0.04,1.89
EZPW,2010-08-27,18.209999084472656,18.6299991607666,17.920000076293945,18.600000381469727,261600.0,31.011377955708557,29.980326797963052,39.24898680666758,35.003582092592666,34.29647884477154,4.1,39.0,0.15,1.94
EZPW,2010-08-30,18.46999931335449,18.75,18.200000762939453,18.209999084472656,312000.0,31.435316211336435,29.635429806949137,39.37041103757667,35.0925399541897,34.36920832448215,4.03,46.0,0.25,1.85
EZPW,2010-08-31,18.13999938964844,18.440000534057617,17.8799991607666,17.979999542236328,382000.0,31.042026481875855,29.753994435564323,39.39492610549239,35.020402190023624,34.38830893487745,3.95,46.0,0.34,1.84
EZPW,2010-09-01,18.32999992370605,18.700000762939453,18.059999465942383,18.57999992370605,422400.0,32.533252274991135,30.436585954997632,39.472023610778045,35.08821199498314,34.0880730503602,3.87,50.0,0.51,1.82
EZPW,2010-09-02,18.63999938964844,19.200000762939453,18.57999992370605,19.15999984741211,258500.0,33.36019694793856,30.998584469321717,39.794699619906055,35.184217559758785,34.18913973253689,3.76,85.0,0.71,1.73
EZPW,2010-09-03,19.299999237060547,19.479999542236328,19.1200008392334,19.32999992370605,322900.0,33.49504408133287,30.56842708576794,39.80823542072759,35.15148763839673,34.19568179026526,3.63,85.0,0.94,1.72
EZPW,2010-09-07,19.200000762939453,19.3799991607666,18.770000457763672,18.81999969482422,230900.0,33.864705362221144,30.835955153408847,39.95715112759443,35.29944308462458,34.30644418968857,3.51,94.0,1.22,1.61
EZPW,2010-09-08,18.81999969482422,19.059999465942383,18.6200008392334,18.700000762939453,280800.0,33.84204753359235,30.863223516312484,39.68912062278623,35.2679017258762,34.26363224526948,3.38,76.0,1.45,1.75
EZPW,2010-09-09,18.790000915527344,18.96999931335449,18.489999771118164,18.700000762939453,312700.0,33.60196568713438,30.367896519748065,39.449803951536836,35.17615925823635,34.263949432684896,3.24,44.0,1.79,1.82
EZPW,2010-09-10,18.700000762939453,18.770000457763672,18.299999237060547,18.489999771118164,198700.0,33.54073793632759,30.41733189008426,39.072050023728345,35.201645429090824,34.26501023702991,3.09,27.0,2.14,1.9
EZPW,2010-09-13,18.540000915527344,19.049999237060547,18.420000076293945,19.0,336700.0,34.46663110393538,30.912209888296637,39.34720582002515,35.33506068120353,34.34788240947688,2.93,35.0,2.56,1.82
EZPW,2010-09-14,18.96999931335449,19.280000686645508,18.770000457763672,19.100000381469727,222300.0,34.15466375909711,30.838626414059352,39.25315524765453,35.3338803810261,34.34982598159108,2.76,31.0,2.85,1.85
EZPW,2010-09-15,19.06999969482422,19.290000915527344,18.81999969482422,18.8799991607666,278600.0,33.34384488463881,30.805349383496853,39.2226421714008,35.338768618332345,34.3578795895746,2.56,28.0,2.76,1.83
EZPW,2010-09-16,18.850000381469727,18.920000076293945,18.540000915527344,18.6299991607666,178900.0,33.525332780584684,30.92537726508602,39.25905937164766,35.37635449081992,34.35895788452426,2.33,31.0,1.95,1.8
EZPW,2010-09-17,18.82999992370605,18.989999771118164,18.46999931335449,18.46999931335449,338500.0,33.3597516334528,30.926899306898132,38.444607146067995,35.38347260092131,34.33773804877349,2.13,20.0,2.08,2.09
EZPW,2010-09-20,18.40999984741211,19.049999237060547,18.1299991607666,19.030000686645508,252200.0,34.41158819306093,31.446370646653033,38.722267934972656,35.551918183101286,34.45468640179444,1.89,21.0,1.73,2.0
EZPW,2010-09-21,19.01000022888184,19.40999984741211,18.920000076293945,18.93000030517578,286300.0,33.00680398389259,31.007523274182695,38.70349596622319,35.51688708763464,34.45923346653509,1.6,20.0,0.14,1.99
EZPW,2010-09-22,18.81999969482422,19.14999961853028,18.530000686645508,18.65999984741211,201700.0,31.8450599154329,31.139072732259475,36.493935737364446,35.319037651291566,34.495274357512315,1.46,8.0,0.28,1.77
EZPW,2010-09-23,18.57999992370605,18.799999237060547,18.170000076293945,18.21999931335449,200100.0,27.548423626009967,31.10392494734612,36.35049012333947,35.435493890491706,34.531684047471956,1.32,5.0,-0.01,1.77
EZPW,2010-09-24,18.540000915527344,19.56999969482422,18.540000915527344,19.56999969482422,320500.0,34.48749933569823,34.40004477912583,38.108736185170756,36.39773374851561,35.23129464690062,1.13,16.0,-0.24,1.86
EZPW,2010-09-27,19.559999465942383,19.739999771118164,19.34000015258789,19.63999938964844,268900.0,34.3433260510354,34.39726842776478,35.33781641392469,36.37616192232543,34.948912944404036,1.13,1.0,-0.29,0.92
EZPW,2010-09-28,19.75,19.959999084472656,19.489999771118164,19.920000076293945,287500.0,34.513533815200894,34.486375779435726,35.31401288412738,36.27792520242369,34.94130802144724,1.14,1.0,-0.38,0.92
EZPW,2010-09-29,19.799999237060547,20.100000381469727,19.799999237060547,19.90999984741211,210100.0,33.851728655196396,34.48189327884435,34.82775102303776,36.26268979862251,34.926847983409495,1.17,1.0,-0.45,1.06
EZPW,2010-09-30,20.049999237060547,20.21999931335449,19.68000030517578,20.040000915527344,342100.0,33.85589388024248,33.780926475725394,33.81488555047617,36.26464275834766,34.93011454454577,1.26,1.0,-0.52,1.2
EZPW,2010-10-01,20.15999984741211,20.18000030517578,19.780000686645508,19.84000015258789,155400.0,33.797183861663655,33.847106387769436,33.72396805706957,36.246173869264425,34.74029216316094,1.34,1.0,-0.59,1.24
EZPW,2010-10-04,19.850000381469727,19.850000381469727,19.25,19.270000457763672,195400.0,34.947751169482174,34.20287927255022,34.04530732755752,36.35208643650793,34.87601636237586,1.41,3.0,-0.6,1.12
EZPW,2010-10-05,19.520000457763672,20.14999961853028,19.229999542236328,20.1200008392334,268700.0,36.93310784471006,35.34453830906284,34.720412011417245,36.66874572828403,35.03261984908608,1.45,4.0,-0.68,0.95
EZPW,2010-10-06,20.100000381469727,20.76000022888184,20.049999237060547,20.71999931335449,463000.0,37.51253998198968,34.51492585343445,34.756473811192436,36.824584312606405,34.78218202837365,1.49,5.0,-0.69,0.93
EZPW,2010-10-07,20.81999969482422,20.89999961853028,20.61000061035156,20.61000061035156,247200.0,37.58206560573718,34.52339012324138,34.63466536891466,36.82220867998263,34.78419007948954,1.54,4.0,-0.74,0.99
EZPW,2010-10-08,20.600000381469727,21.040000915527344,20.5,21.01000022888184,361600.0,37.27452968515253,34.747853704815384,33.97569282693195,36.85825655414257,34.79905027723812,1.61,3.0,-0.66,1.09
EZPW,2010-10-11,21.13999938964844,21.32999992370605,20.89999961853028,21.100000381469727,342300.0,36.548459613809044,34.01404058937718,33.36604767400468,36.72917622370237,34.786181988819685,1.7,1.0,-0.62,1.26
EZPW,2010-10-12,21.11000061035156,21.11000061035156,20.600000381469727,20.780000686645508,225300.0,36.230445001166196,34.115814577380924,31.84474559743456,36.77902703957926,34.8234766054587,1.84,1.0,-0.65,1.02
EZPW,2010-10-13,20.979999542236328,21.5,20.81999969482422,21.32999992370605,309100.0,36.3845857597414,34.36967123078368,32.00569353471429,36.69792379411105,34.83259380734651,1.96,2.0,-0.54,0.95
EZPW,2010-10-14,21.40999984741211,21.46999931335449,21.209999084472656,21.39999961853028,312600.0,35.46625893733384,34.177446754613044,31.946090471461176,36.6979166998688,34.83285297410338,2.07,2.0,-0.46,0.97
EZPW,2010-10-15,21.549999237060547,21.690000534057617,21.13999938964844,21.200000762939453,265000.0,34.80796117135008,34.044199529135504,31.995427322021065,36.70408222446767,34.85029545737219,2.17,3.0,-0.47,0.96
EZPW,2010-10-18,21.25,21.40999984741211,21.040000915527344,21.39999961853028,130700.0,34.815915692930815,34.089140917830036,31.929834641846277,36.711301006418594,34.8497228944164,2.27,2.0,-0.46,0.99
EZPW,2010-10-19,21.1200008392334,21.700000762939453,21.100000381469727,21.309999465942383,213200.0,33.71680213884178,33.96533371545686,31.812094610912094,36.68840557349301,34.83695278416892,2.36,1.0,-0.51,1.06
EZPW,2010-10-20,21.459999084472656,21.950000762939453,21.34000015258789,21.780000686645508,249600.0,33.941274686568754,34.18589933043306,31.902979898005267,36.76818608875686,34.895566973087774,2.45,3.0,-0.42,1.0
EZPW,2010-10-21,21.82999992370605,21.920000076293945,21.239999771118164,21.559999465942383,180000.0,34.1999335493987,34.07323498546481,31.67499928270352,36.6140556169307,34.81437883926145,2.54,1.0,-0.44,1.07
EZPW,2010-10-22,21.59000015258789,21.90999984741211,21.38999938964844,21.61000061035156,172300.0,33.87124575419194,33.932615692870286,31.27867289036825,36.61375878583095,34.741758440603874,2.63,1.0,-0.47,1.24
EZPW,2010-10-25,21.739999771118164,21.950000762939453,21.09000015258789,21.170000076293945,290100.0,34.00365315144293,34.19369473659287,31.456826363235656,36.66784198007279,34.77710819058143,2.71,2.0,-0.56,1.17
EZPW,2010-10-26,21.0,21.3700008392334,20.850000381469727,21.309999465942383,240200.0,34.01151621059111,34.08201437066548,31.049316177903908,36.673658186798555,34.763331628150155,2.79,1.0,-0.62,1.29
EZPW,2010-10-27,21.1200008392334,21.3700008392334,20.8799991607666,21.229999542236328,134500.0,33.781792607849994,33.53974283848548,31.05698393561716,36.677547887724046,34.74992306638695,2.87,2.0,-0.7,1.29
EZPW,2010-10-28,21.440000534057617,21.540000915527344,21.01000022888184,21.15999984741211,115800.0,33.46058901957657,33.54809700015531,31.024397346259914,36.645495869622664,34.67220465923697,2.95,1.0,-0.78,1.31
EZPW,2010-10-29,21.1299991607666,21.559999465942383,21.1200008392334,21.479999542236328,171100.0,33.37168923135369,33.492391042510924,31.070778680444437,36.679920163862505,34.68686549336587,3.02,4.0,-0.85,1.28
EZPW,2010-11-01,21.57999992370605,21.82999992370605,20.920000076293945,21.170000076293945,331700.0,32.97930537281269,33.6027057731983,30.911928889100793,36.72483240459135,34.54569748244381,3.09,1.0,-0.91,1.37
EZPW,2010-11-02,21.32999992370605,21.71999931335449,21.09000015258789,21.3700008392334,248700.0,32.91237142774647,33.0465659804192,30.803446626707327,36.688462612405026,34.53594042738944,3.16,1.0,-0.97,1.44
EZPW,2010-11-03,21.3700008392334,22.32999992370605,21.309999465942383,22.14999961853028,357300.0,33.68078858676599,32.999123996090916,31.28172860207291,36.776245002525066,34.70186692679931,3.21,8.0,-0.91,1.24
EZPW,2010-11-04,22.38999938964844,22.729999542236328,22.21999931335449,22.3799991607666,524100.0,32.509078728399196,30.41181511603202,31.060451717846902,36.77587751531696,34.70366282184204,3.27,6.0,-0.82,1.35
EZPW,2010-11-05,22.89999961853028,24.540000915527344,22.8799991607666,24.46999931335449,1183900.0,35.82456410441202,35.1456314912013,34.002241556143176,37.82651424963435,35.43217324014062,3.27,23.0,1.02,2.72
EZPW,2010-11-08,24.61000061035156,25.280000686645508,24.1200008392334,25.020000457763672,616300.0,36.05641596164471,35.2147163009788,34.11453848564505,37.90790912427725,35.330609404387936,3.28,25.0,2.36,2.61
EZPW,2010-11-09,25.030000686645508,25.229999542236328,24.850000381469727,24.959999084472656,557500.0,36.13282070898621,35.24180268055145,34.05101657931362,37.892509454500136,35.19759411099933,3.29,25.0,2.7,2.63
EZPW,2010-11-10,24.90999984741211,25.64999961853028,24.530000686645508,25.309999465942383,386300.0,36.096463499140434,35.04067375072569,34.051675069103375,37.91881757907874,35.21527384327502,3.29,26.0,2.86,2.63
EZPW,2010-11-11,25.040000915527344,25.549999237060547,24.690000534057617,25.51000022888184,307100.0,36.0937326933641,35.01458335345312,34.05852433825509,37.89300383215837,35.21662977200535,3.3,27.0,2.82,2.62
EZPW,2010-11-12,25.229999542236328,25.57999992370605,25.18000030517578,25.190000534057617,395700.0,36.214202596310656,35.03241928804083,34.10025689250351,37.886103499958644,35.11721416882329,3.3,28.0,2.52,2.6
EZPW,2010-11-15,25.25,25.32999992370605,24.89999961853028,25.190000534057617,322200.0,34.566577744498986,35.04398934065271,34.027643444600066,37.82583865395234,35.11791293226058,3.31,24.0,2.21,2.63
EZPW,2010-11-16,24.940000534057617,25.049999237060547,24.3799991607666,25.020000457763672,512100.0,33.27465957806765,35.048740078228214,33.861277298940635,37.697046195797064,34.7124405080799,3.31,22.0,1.85,2.78
EZPW,2010-11-17,25.0,25.0,24.26000022888184,24.5,277000.0,33.56737358873528,35.315752594608426,34.07025137990343,37.74800815341594,34.76599679930212,3.31,30.0,1.51,2.69
EZPW,2010-11-18,24.709999084472656,25.040000915527344,24.43000030517578,24.56999969482422,204200.0,33.41980115811283,35.297055097929075,33.78529122473871,37.60980372038367,34.76390214931482,3.32,21.0,1.21,2.81
EZPW,2010-11-19,24.6299991607666,24.700000762939453,24.3700008392334,24.6200008392334,165000.0,33.19307091900317,34.99301620312622,33.769257069147734,37.60026080645376,34.69762663006304,3.32,21.0,0.95,2.81
EZPW,2010-11-22,24.600000381469727,24.81999969482422,24.170000076293945,24.71999931335449,230800.0,33.19371779747057,34.62496271245561,33.769002957765515,37.534767955403616,34.69281322377417,3.32,21.0,0.71,2.81
EZPW,2010-11-23,24.43000030517578,24.690000534057617,24.280000686645508,24.61000061035156,146700.0,32.75654105652534,34.25759520244001,33.76985243604571,37.47096399072411,34.54341874227259,3.32,23.0,0.5,2.81
EZPW,2010-11-24,24.76000022888184,24.950000762939453,24.63999938964844,24.950000762939453,151900.0,32.27627071999834,34.10120048088924,33.813397644796694,37.457454866607684,34.53011144496498,3.32,25.0,0.31,2.77
EZPW,2010-11-26,24.8700008392334,26.13999938964844,24.71999931335449,25.89999961853028,279400.0,33.58339506661217,34.269224214366716,33.877121817634844,37.63354150379645,34.71037704872387,3.31,28.0,0.19,2.74
EZPW,2010-11-29,25.71999931335449,25.93000030517578,25.15999984741211,25.40999984741211,292900.0,34.0932160600302,34.2257882715679,34.057387010835264,36.63843690442498,34.675146063251475,3.31,35.0,0.03,2.66
EZPW,2010-11-30,25.209999084472656,25.479999542236328,25.040000915527344,25.15999984741211,363900.0,34.38507629862587,34.34417716680118,34.038934801534566,36.65997048493018,34.69453283924276,3.3,32.0,-0.13,2.72
EZPW,2010-12-01,25.64999961853028,26.420000076293945,25.61000061035156,26.26000022888184,417900.0,35.9086279626278,34.60724384311653,34.628856134228336,36.976423675052004,34.826221300296844,3.28,41.0,-0.21,2.39
EZPW,2010-12-02,26.3700008392334,27.670000076293945,26.100000381469727,27.270000457763672,757100.0,36.767368776987276,35.13444963523545,34.35181651401856,37.22660085032942,34.908394856163824,3.27,41.0,-0.16,2.47
EZPW,2010-12-03,27.270000457763672,27.299999237060547,26.309999465942383,26.61000061035156,399300.0,37.59163576138851,35.676319781349754,34.62356423613155,37.30544965897565,34.97530133167477,3.25,42.0,-0.25,2.36
EZPW,2010-12-06,26.600000381469727,27.06999969482422,26.549999237060547,26.75,491400.0,37.56939465584032,35.49684437888844,34.621679893855394,37.26532544576759,34.963879816853286,3.23,42.0,-0.33,2.36
EZPW,2010-12-07,27.059999465942383,27.059999465942383,26.64999961853028,26.799999237060547,506400.0,36.68508239267583,35.23380953720414,34.122411076401896,37.25798188656284,34.95842986263107,3.22,41.0,-0.42,2.53
EZPW,2010-12-08,26.850000381469727,27.8700008392334,26.799999237060547,27.530000686645508,450900.0,37.09284678358324,35.498867144537385,34.27721006592247,37.31421027069098,34.998334843132156,3.2,42.0,-0.46,2.39
EZPW,2010-12-09,27.790000915527344,27.790000915527344,27.14999961853028,27.38999938964844,260800.0,37.13337434096097,35.385600998779346,34.24146747768238,37.31956477864757,35.00609526488899,3.18,42.0,-0.52,2.44
EZPW,2010-12-10,27.3700008392334,27.959999084472656,27.290000915527344,27.76000022888184,253000.0,36.987803642448604,35.1790110164744,34.13430791696499,37.336387784638156,35.01971431298125,3.16,42.0,-0.57,2.46
EZPW,2010-12-13,27.950000762939453,28.270000457763672,27.729999542236328,27.76000022888184,345200.0,37.03342178191887,35.06329395136762,34.04592358338069,37.306379281253356,34.95253652447941,3.14,34.0,-0.63,2.54
EZPW,2010-12-14,27.8799991607666,28.06999969482422,27.549999237060547,27.59000015258789,210700.0,36.65669262862207,34.82682477744453,34.07563744667581,37.226049148353,34.87281682593129,3.12,40.0,-0.71,2.53
EZPW,2010-12-15,27.59000015258789,27.88999938964844,27.32999992370605,27.459999084472656,307900.0,36.86550620548357,34.819334236922536,34.0377286465252,37.21165423899015,34.811737280065074,3.1,32.0,-0.79,2.59
EZPW,2010-12-16,27.43000030517578,27.93000030517578,27.100000381469727,27.280000686645508,306600.0,36.16019256186609,34.65905692786044,34.02409003902531,37.17970436513789,34.79461836990147,3.08,31.0,-0.88,2.6
EZPW,2010-12-17,27.270000457763672,27.96999931335449,26.89999961853028,27.93000030517578,953600.0,36.469340677042325,34.25461406056505,34.03728666305222,37.16730309100189,34.85638816148243,3.06,33.0,-0.94,2.53
EZPW,2010-12-20,28.0,28.09000015258789,27.26000022888184,27.309999465942383,541600.0,28.078198269211935,32.05508809764712,34.17812135103204,37.2628193151943,34.917972241591876,3.03,48.0,-1.02,2.47
EZPW,2010-12-21,27.5,28.290000915527344,27.350000381469727,28.280000686645508,380500.0,29.03062903137795,32.61056530665994,34.53405067460715,37.30943589296024,35.015784280981514,3.01,52.0,-1.06,2.25
EZPW,2010-12-22,28.350000381469727,28.75,28.0,28.01000022888184,435000.0,29.244263631143046,32.72226667710323,34.54248514862301,37.33276545651753,35.03155901317644,2.99,53.0,-1.12,2.28
EZPW,2010-12-23,28.059999465942383,28.43000030517578,28.0,28.09000015258789,235000.0,29.088212703335813,32.70241164826794,34.16250260604197,37.31364845268022,35.027977068927505,2.96,48.0,-1.17,2.42
EZPW,2010-12-27,28.209999084472656,28.209999084472656,27.15999984741211,27.540000915527344,339100.0,29.819370942878614,33.11687105769949,34.354175749302016,37.25457360456371,35.09322874800243,2.94,53.0,-1.23,2.34
EZPW,2010-12-28,27.61000061035156,27.64999961853028,27.39999961853028,27.479999542236328,244300.0,29.509548012756348,33.00055746652295,34.240915158195854,37.25586021860041,35.081977466661215,2.93,50.0,-1.28,2.39
EZPW,2010-12-29,27.5,27.64999961853028,27.489999771118164,27.559999465942383,158000.0,29.496744902640376,32.21029938782456,34.221076761281125,37.25136740921329,35.08207850776486,2.92,50.0,-1.33,2.41
EZPW,2010-12-30,27.63999938964844,27.64999961853028,27.350000381469727,27.440000534057617,122600.0,29.435638981698485,31.326348707195162,33.93978595738737,37.23610872374932,35.07798264259542,2.91,29.0,-1.38,2.63
EZPW,2010-12-31,27.40999984741211,27.51000022888184,27.1299991607666,27.1299991607666,246600.0,28.87764654400904,31.09327206443819,33.50323521479313,37.07099127789583,35.09882838719309,2.9,20.0,-1.42,2.79
EZPW,2011-01-03,27.540000915527344,28.06999969482422,27.40999984741211,27.90999984741211,457200.0,29.76720471122497,31.403352507983012,32.176227234487165,37.09545874955715,35.174460286437096,2.88,19.0,-1.45,2.64
EZPW,2011-01-04,28.36000061035156,28.36000061035156,26.96999931335449,27.489999771118164,510600.0,30.29102439532554,31.531106126387197,32.3188216815705,36.94677783865223,35.02790646364472,2.86,20.0,-1.48,2.61
EZPW,2011-01-05,27.31999969482422,28.07999992370605,27.239999771118164,27.959999084472656,272900.0,30.534736896161586,31.634451071381076,32.31956224451369,36.992953609386966,35.05732707242496,2.84,21.0,-1.5,2.54
EZPW,2011-01-06,28.1299991607666,28.14999961853028,27.729999542236328,28.06999969482422,475800.0,30.426869359706977,31.360180856316916,32.316940444361585,36.94870752153673,35.04566752120923,2.82,20.0,-1.52,2.54
EZPW,2011-01-07,28.040000915527344,28.270000457763672,27.540000915527344,27.84000015258789,267000.0,30.50652481886876,31.162007958128285,32.199372203080564,36.94363510372233,35.046913637403854,2.8,20.0,-1.54,2.69
EZPW,2011-01-10,27.89999961853028,27.89999961853028,27.3700008392334,27.68000030517578,333700.0,28.882266375137398,31.231413255744894,32.22189865625761,36.95224652058018,34.96495972722795,2.77,21.0,-1.56,2.69
EZPW,2011-01-11,27.88999938964844,28.229999542236328,27.739999771118164,28.06999969482422,278800.0,28.347499404606815,31.16154135522582,32.162895100767955,36.435658518423296,34.9776597259266,2.74,19.0,-1.57,2.66
EZPW,2011-01-12,28.21999931335449,28.21999931335449,27.770000457763672,27.850000381469727,215900.0,28.27170631042427,31.250684715727182,32.21438142350965,36.4342886389381,34.98889388769328,2.71,22.0,-1.58,2.66
EZPW,2011-01-13,27.84000015258789,28.6299991607666,27.809999465942383,28.559999465942383,366300.0,26.546371732096404,31.484553817052642,32.34484370288867,36.538930741215424,35.04265046006659,2.68,27.0,-1.58,2.5
EZPW,2011-01-14,28.6299991607666,29.940000534057617,28.559999465942383,29.6299991607666,840300.0,26.437791756552148,31.973912783500243,32.66630972500029,35.37020390422979,35.1618100922023,2.64,28.0,-1.56,2.24
EZPW,2011-01-18,29.93000030517578,29.93000030517578,29.11000061035156,29.38999938964844,603700.0,25.375157275054306,31.935339706285653,32.71754176774023,35.24367237179444,35.15609108973455,2.61,29.0,-1.55,2.22
EZPW,2011-01-19,29.420000076293945,29.6200008392334,28.020000457763672,28.43000030517578,617500.0,27.480819867682264,32.88638417852768,33.080734169247535,35.44508067687448,35.32815215154341,2.57,30.0,-1.55,2.13
EZPW,2011-01-20,28.030000686645508,28.64999961853028,27.350000381469727,28.520000457763672,650100.0,27.482709663508786,32.46841635480341,32.838907245485714,33.73434162962937,35.32344228934915,2.53,30.0,-1.55,2.32
EZPW,2011-01-21,29.06999969482422,29.600000381469727,27.86000061035156,28.01000022888184,655500.0,27.040227413563862,32.806547765994495,32.780541320186416,33.7530341055221,35.35389821547399,2.48,30.0,-1.55,2.34
EZPW,2011-01-24,28.13999938964844,28.280000686645508,26.81999969482422,26.84000015258789,916100.0,29.77903716975372,34.16858049176577,33.51316051710445,33.86887742306748,35.52981918303797,2.43,35.0,-1.55,2.19
EZPW,2011-01-25,26.739999771118164,26.739999771118164,25.559999465942383,26.559999465942383,1059700.0,29.60131439893591,34.26492358588921,33.26950329150474,33.35111386860653,35.550427799563394,2.37,33.0,-1.54,2.4
EZPW,2011-01-26,26.700000762939453,28.040000915527344,26.59000015258789,28.040000915527344,657100.0,33.72115164995935,35.7249025973666,33.95942813564769,33.83701812316553,35.79703149646774,2.3,47.0,-1.53,2.22
EZPW,2011-01-27,27.850000381469727,28.549999237060547,27.51000022888184,28.36000061035156,399200.0,33.810113120499274,35.530884156763605,33.97124155194366,33.853967612963714,35.80967912874961,2.23,48.0,-1.51,2.21
EZPW,2011-01-28,28.489999771118164,28.559999465942383,27.21999931335449,27.21999931335449,407000.0,35.90860295601284,36.73889704936758,34.37194560348821,34.23792856555816,36.05219257929384,2.15,76.0,-1.49,2.14
EZPW,2011-01-31,27.3700008392334,27.459999084472656,26.89999961853028,26.89999961853028,393400.0,36.02047933888513,36.27165548375011,34.42326786064038,34.115728383436114,36.0712639995598,2.07,77.0,-1.47,2.12
EZPW,2011-02-01,26.979999542236328,27.86000061035156,26.979999542236328,27.729999542236328,368000.0,36.46859327575335,36.66992174952152,34.67863264156384,34.213019663898294,36.163226605226384,2.0,84.0,-1.45,1.94
EZPW,2011-02-02,27.559999465942383,28.049999237060547,27.559999465942383,27.989999771118164,257100.0,35.94626423652698,32.05927004624085,34.602493389047794,33.766468162613975,36.16971666481222,1.93,80.0,-1.43,1.95
EZPW,2011-02-03,27.920000076293945,27.979999542236328,27.170000076293945,27.479999542236328,261700.0,34.857310082004545,32.05830169570206,34.58599076212092,33.53224968289801,36.09132007345159,1.85,80.0,-1.4,2.04
EZPW,2011-02-04,27.420000076293945,27.459999084472656,27.11000061035156,27.290000915527344,202400.0,34.808602772868525,32.09572621491677,34.626094489503124,32.637317467067426,36.10174029412613,1.77,84.0,-1.36,2.04
EZPW,2011-02-07,27.280000686645508,27.959999084472656,27.170000076293945,27.59000015258789,207200.0,34.96210479078883,32.052031262176136,34.55969960406746,32.61513623041159,36.08995057113466,1.68,80.0,-1.33,2.03
EZPW,2011-02-08,27.65999984741211,28.07999992370605,27.39999961853028,28.07999992370605,185800.0,34.85889962332796,32.197214549770685,34.518411153502996,32.62814746577099,36.12429803236813,1.59,78.0,-1.3,2.0
EZPW,2011-02-09,27.8700008392334,27.8799991607666,27.39999961853028,27.46999931335449,205400.0,35.46460586610646,32.42949217934966,34.70801440477484,32.75612243287773,36.20177582918946,1.51,90.0,-1.28,1.93
EZPW,2011-02-10,27.36000061035156,27.700000762939453,27.36000061035156,27.51000022888184,164300.0,35.45671687501925,32.42809562279242,34.46051632976351,32.712307934004414,36.17891445259524,1.43,78.0,-1.24,2.1
EZPW,2011-02-11,27.34000015258789,28.0,27.34000015258789,27.96999931335449,248700.0,35.75429400210988,32.527689465880826,34.49056555526475,32.69164862530124,36.205989273024954,1.33,79.0,-1.21,2.05
EZPW,2011-02-14,28.26000022888184,28.479999542236328,27.799999237060547,28.1299991607666,266100.0,35.5983787668109,32.1846921035537,34.36688620273885,32.65015550799447,36.20779583531938,1.3,76.0,-1.19,2.08
EZPW,2011-02-15,27.88999938964844,28.0,27.459999084472656,27.459999084472656,339300.0,35.36884125033423,32.636064923246366,34.37195968763691,32.641142056868574,36.26718674854886,1.28,78.0,-1.21,2.08
EZPW,2011-02-16,27.59000015258789,27.8799991607666,27.43000030517578,27.86000061035156,179100.0,35.34681898252163,32.73822200144239,32.676979702111055,32.46907732963441,36.18950491020356,1.19,29.0,-1.17,2.14
EZPW,2011-02-17,27.690000534057617,28.209999084472656,27.61000061035156,28.1299991607666,280600.0,35.112941785603255,32.77279337505918,32.69138529498149,32.46762579731319,36.18430855883897,1.18,30.0,-1.12,2.12
EZPW,2011-02-18,28.350000381469727,28.450000762939453,27.940000534057617,27.940000534057617,390800.0,35.15130440743858,32.79620136048401,32.688103030663214,32.25134553074378,35.891914678147906,1.16,30.0,-1.06,2.15
EZPW,2011-02-22,27.6299991607666,28.11000061035156,27.520000457763672,27.850000381469727,359300.0,35.08131365076459,32.723873456511164,32.699204540909484,32.25467654013831,35.89484577096378,1.16,32.0,-0.99,2.15
EZPW,2011-02-23,27.96999931335449,28.040000915527344,27.229999542236328,27.38999938964844,551700.0,35.377890234820505,32.084804561310676,32.8487693282507,32.30832610205094,35.92661726465406,1.16,36.0,-0.92,2.1
EZPW,2011-02-24,27.309999465942383,28.239999771118164,27.200000762939453,28.13999938964844,453500.0,36.031953377330595,32.24648738295427,32.99719331508375,32.42809064285257,36.016292385674845,1.16,37.0,-0.86,1.97
EZPW,2011-02-25,28.18000030517578,28.71999931335449,28.18000030517578,28.549999237060547,274200.0,36.18475351445824,32.258903427263,32.62309100167143,32.32709817532017,36.01461480685225,1.16,28.0,-0.86,2.06
EZPW,2011-02-28,28.670000076293945,29.020000457763672,28.489999771118164,28.68000030517578,257800.0,35.465396565164504,31.13117700451745,32.01115342482307,32.264639963874764,35.9839707361422,1.16,19.0,-0.79,2.38
EZPW,2011-03-01,28.64999961853028,28.790000915527344,28.309999465942383,28.3700008392334,285500.0,33.83912660731816,30.294843388795506,31.82126142381683,32.299377378417255,35.96013647867983,1.16,13.0,-0.7,2.55
EZPW,2011-03-02,28.26000022888184,28.989999771118164,28.11000061035156,28.82999992370605,226400.0,34.14991739896164,29.995528376737084,31.857736597869664,32.21310219398752,35.883564695908795,1.16,15.0,-0.61,2.49
EZPW,2011-03-03,28.989999771118164,29.68000030517578,28.799999237060547,29.38999938964844,281200.0,33.17256147188266,30.20973098576643,31.857937616602676,32.25477714188704,35.8984456446137,1.16,16.0,-0.5,2.49
EZPW,2011-03-04,29.5,29.68000030517578,28.57999992370605,28.959999084472656,236100.0,33.48049269672136,30.393854819235543,31.986711618831087,32.30218909670775,35.83391247092584,1.17,20.0,-0.39,2.44
EZPW,2011-03-07,29.1299991607666,29.190000534057617,28.09000015258789,28.43000030517578,207500.0,33.50125746276056,30.183612868192494,32.03748748390795,32.35665481932828,35.881776502095484,1.17,23.0,-0.27,2.42
EZPW,2011-03-08,28.600000381469727,29.32999992370605,28.3700008392334,29.09000015258789,471200.0,31.492371354516912,30.50559310245019,31.983430463174837,32.42009320726985,35.899479921074516,1.17,19.0,-0.13,2.45
EZPW,2011-03-09,28.950000762939453,29.190000534057617,28.309999465942383,28.46999931335449,276000.0,32.05223803717289,30.738444510912128,32.22180141815352,32.54291854763842,35.9222219556286,1.17,27.0,0.03,2.36
EZPW,2011-03-10,28.059999465942383,28.299999237060547,27.43000030517578,27.64999961853028,412600.0,29.316410626750166,31.333295615661115,32.5656826071375,32.73136284738077,36.01514966053727,1.16,32.0,0.2,2.23
EZPW,2011-03-11,27.309999465942383,27.790000915527344,27.15999984741211,27.59000015258789,224000.0,29.104054174079717,31.310965004003542,32.55655141811219,32.69658686897884,35.96212330974986,1.16,31.0,0.4,2.25
EZPW,2011-03-14,27.299999237060547,27.76000022888184,26.89999961853028,27.459999084472656,225300.0,26.54590292522358,31.310965004003542,32.559337273649916,32.58295715860237,35.16895683962744,1.15,31.0,0.61,2.25
EZPW,2011-03-15,26.540000915527344,27.709999084472656,26.15999984741211,27.3700008392334,285300.0,26.32153801148029,31.288684833806315,32.42452323094886,32.58894790977079,35.17028292727831,1.14,29.0,0.87,2.38
EZPW,2011-03-16,27.270000457763672,27.450000762939453,26.90999984741211,26.90999984741211,261400.0,25.21509534277641,31.090058346076628,32.50873186029664,32.50970463969258,35.20614433778019,1.14,29.0,1.13,2.34
EZPW,2011-03-17,27.280000686645508,27.420000076293945,26.989999771118164,27.0,162600.0,25.061031128093475,30.76420719578167,32.50921699952462,32.50268996194035,35.20678225939214,1.12,29.0,1.43,2.34
EZPW,2011-03-18,27.229999542236328,27.59000015258789,27.059999465942383,27.57999992370605,260800.0,25.33067597789829,30.221632611306138,32.4405525086087,32.58076074879345,35.229443939675285,1.11,27.0,1.71,2.3
EZPW,2011-03-21,27.8799991607666,29.100000381469727,27.8700008392334,29.07999992370605,368200.0,29.487789904881623,32.07270796276776,33.40487625012377,33.12039187652616,35.57545705342087,1.08,45.0,1.96,1.97
EZPW,2011-03-22,29.200000762939453,29.540000915527344,28.90999984741211,28.90999984741211,372900.0,29.453260020172333,32.09658121582633,33.41754367825666,33.13443031909089,35.57741103393218,1.06,45.0,2.19,1.97
EZPW,2011-03-23,29.0,30.61000061035156,28.96999931335449,30.190000534057617,622000.0,31.540161760866642,32.988428991386485,34.00511121207563,33.26650830002019,35.77557237263028,1.04,58.0,2.23,1.68
EZPW,2011-03-24,30.780000686645508,31.76000022888184,30.459999084472656,30.65999984741211,893000.0,30.884390968441995,33.10134532741028,34.008942075373604,33.3017682214631,35.800962552503975,1.01,58.0,2.25,1.68
EZPW,2011-03-25,31.059999465942383,31.799999237060547,30.940000534057617,31.18000030517578,637500.0,31.10913775075963,33.24323244484419,33.948464060589686,33.301208960809404,35.826299656864144,0.98,53.0,1.91,1.66
EZPW,2011-03-28,31.440000534057617,31.6200008392334,31.030000686645508,31.31999969482422,246800.0,30.88660569385634,33.21967687710755,33.93704055250799,33.298426220979856,35.80497656136157,0.95,51.0,1.34,1.68
EZPW,2011-03-29,31.200000762939453,31.64999961853028,30.93000030517578,31.100000381469727,192500.0,31.038031711430534,33.156150389820176,33.5880027261378,32.89116995236061,35.74722279837522,0.92,43.0,0.96,1.89
EZPW,2011-03-30,31.450000762939453,31.739999771118164,31.38999938964844,31.5,331000.0,30.027758563677764,32.78481009553462,33.603126846459546,32.91408402993757,35.74819484021331,0.89,43.0,0.54,1.87
EZPW,2011-03-31,31.489999771118164,31.600000381469727,31.21999931335449,31.38999938964844,252200.0,29.965023160412553,32.61043159425588,30.668202711636468,32.91902346670593,35.719442761250065,0.93,1.0,0.6,0.1
EZPW,2011-04-01,31.56999969482422,31.75,30.84000015258789,31.09000015258789,277600.0,30.16723845039931,32.55177477731043,30.56284533793603,32.66612324729417,35.65956403865276,0.97,1.0,0.59,0.16
EZPW,2011-04-04,31.3700008392334,32.130001068115234,31.190000534057617,31.96999931335449,322300.0,30.824955608415706,32.987902837579114,30.825080886371424,32.77533846047771,35.74913507508115,1.01,3.0,0.7,0.06
EZPW,2011-04-05,31.959999084472656,32.869998931884766,31.86000061035156,32.61000061035156,440500.0,31.046487425259983,33.11095906157212,30.89495797255956,32.80010316416726,35.671607460239876,1.03,4.0,0.9,0.03
EZPW,2011-04-06,32.869998931884766,33.08000183105469,32.02000045776367,32.029998779296875,383900.0,31.127825820677447,33.336314474326656,31.05286601392343,32.812077248639746,35.725640680299556,1.06,5.0,0.87,0.0
EZPW,2011-04-07,32.09000015258789,32.5,32.0,32.0099983215332,253800.0,30.46975810375292,33.25433429563135,30.964613024892763,32.756552356300816,35.71171029462787,1.08,5.0,0.82,0.03
EZPW,2011-04-08,32.29999923706055,32.33000183105469,29.25,29.34000015258789,1094600.0,40.1913051582758,37.91513738943313,34.06748390678696,34.43134701113014,36.692486162848525,1.08,70.0,0.86,2.09
EZPW,2011-04-11,29.13999938964844,29.25,28.5,28.940000534057617,835700.0,40.39608367437793,37.68749298211534,34.12843967642475,34.44331336586401,36.7220283208499,1.08,73.0,0.93,2.05
EZPW,2011-04-12,28.6200008392334,29.299999237060547,28.520000457763672,28.979999542236328,324400.0,40.257560742834144,36.911011789653216,33.93795543208316,34.42178872889474,36.71819194835303,1.08,57.0,1.0,2.16
EZPW,2011-04-13,29.049999237060547,29.1200008392334,28.030000686645508,28.36000061035156,464300.0,40.48901128561584,37.13513103405439,34.13828925437761,34.46678266402156,36.772609316633684,1.08,74.0,1.1,2.04
EZPW,2011-04-14,28.06999969482422,28.520000457763672,28.059999465942383,28.46999931335449,249500.0,40.079355455558456,36.5165286575082,34.14035652066706,34.41782950971881,36.634435766089936,1.09,74.0,1.19,2.04
EZPW,2011-04-15,28.31999969482422,29.0,28.11000061035156,28.90999984741211,243900.0,40.13524700864873,36.64623690099481,34.20915050811353,34.44377966247695,36.57831060552944,1.09,76.0,1.25,2.01
EZPW,2011-04-18,28.36000061035156,28.709999084472656,28.1299991607666,28.299999237060547,318000.0,40.25741579898596,36.72221311872173,34.389070178504255,34.51747000614645,36.50056012269476,1.09,85.0,1.31,1.91
EZPW,2011-04-19,28.290000915527344,29.01000022888184,27.780000686645508,28.989999771118164,475700.0,40.315557838031324,35.935973669960504,34.52277668464618,34.42542242528322,36.57327990840982,1.1,89.0,1.35,1.85
EZPW,2011-04-20,29.40999984741211,29.479999542236328,28.799999237060547,29.299999237060547,310500.0,39.90597375780958,35.90117042461928,34.07369202264885,34.43714605169582,36.552429552069896,1.1,65.0,1.37,2.01
EZPW,2011-04-21,29.450000762939453,30.01000022888184,29.14999961853028,30.0,373800.0,39.367810159464206,34.5068631623088,34.09945837740544,34.46889592263976,36.60709057932372,1.1,66.0,1.3,2.03
EZPW,2011-04-25,31.489999771118164,31.88999938964844,30.200000762939453,30.440000534057617,570100.0,39.485673336166904,34.55375712359406,34.10956017993564,34.48455812000607,36.63218547879089,1.1,66.0,1.13,2.04
EZPW,2011-04-26,30.670000076293945,30.780000686645508,30.07999992370605,30.26000022888184,323800.0,39.508482280761385,33.453775712134856,33.49430394171027,34.32191981929977,36.245107784280314,1.09,46.0,1.0,2.24
EZPW,2011-04-27,30.3700008392334,30.63999938964844,30.049999237060547,30.51000022888184,384900.0,39.484274456514825,33.35812268250666,33.00370141522402,34.05960520288646,36.23926826540873,1.09,42.0,0.81,2.43
EZPW,2011-04-28,30.479999542236328,31.0,30.34000015258789,30.940000534057617,379700.0,39.10013516334933,32.93076367547868,32.80813123898321,33.27160154962529,36.25770088051393,1.08,39.0,0.63,2.58
EZPW,2011-04-29,31.100000381469727,31.8799991607666,31.100000381469727,31.489999771118164,265000.0,39.27714765989362,33.05502434137318,32.90268778007313,33.313635959284795,35.28800782992807,1.07,42.0,0.44,2.53
EZPW,2011-05-02,31.8700008392334,31.8799991607666,31.020000457763672,31.06999969482422,286000.0,39.325947944780445,32.93998278027412,32.98936286968105,33.34165397630342,35.2130236811326,1.07,43.0,0.27,2.46
EZPW,2011-05-03,31.020000457763672,31.11000061035156,30.420000076293945,30.670000076293945,318000.0,36.74659933527312,33.033080349941436,32.81435357611397,33.3943102022925,35.21396627936076,1.07,40.0,0.12,2.52
EZPW,2011-05-04,30.65999984741211,30.700000762939453,29.540000915527344,29.81999969482422,256200.0,37.70137880357821,33.544348277342706,33.12639104982575,33.48682769430592,34.13272853603704,1.06,48.0,0.05,2.33
EZPW,2011-05-05,29.5,30.26000022888184,29.020000457763672,29.65999984741211,296600.0,35.53429871079663,33.39745831707836,33.07922342199624,33.49544131413063,34.09543932368774,1.06,47.0,-0.01,2.34
EZPW,2011-05-06,30.059999465942383,30.26000022888184,29.559999465942383,29.6200008392334,203000.0,35.20747790805898,33.05988041220827,33.08060455027786,33.4554082234772,33.885925644646285,1.06,48.0,-0.06,2.34
EZPW,2011-05-09,29.530000686645508,30.600000381469727,29.21999931335449,30.43000030517578,237000.0,35.77667168516071,33.47763405527455,33.32447735301457,33.57477944512381,33.587543551232834,1.05,52.0,-0.16,2.24
EZPW,2011-05-10,30.670000076293945,31.059999465942383,30.46999931335449,31.049999237060547,298600.0,36.26399815190163,33.55381203529383,33.45009834884681,33.62039391451439,33.57663089646265,1.05,55.0,-0.29,2.19
EZPW,2011-05-11,30.8700008392334,31.059999465942383,30.200000762939453,30.350000381469727,166800.0,36.80260931220872,33.916627874012526,33.645073782762566,33.72177406856215,33.66731494688482,1.05,61.0,-0.36,2.07
EZPW,2011-05-12,30.190000534057617,31.170000076293945,30.0,31.09000015258789,243300.0,37.308124767548975,33.81475801728797,33.65440390860008,33.81258147311156,33.74021416868041,1.04,62.0,-0.48,2.07
EZPW,2011-05-13,31.059999465942383,31.18000030517578,30.1200008392334,30.1299991607666,246000.0,38.36604698190662,34.39663927455435,33.842264802193604,33.969357350123694,33.7890148471987,1.04,63.0,-0.53,1.99
EZPW,2011-05-16,30.020000457763672,30.64999961853028,29.86000061035156,29.8700008392334,217000.0,38.34953154396658,34.41173227281477,33.435010060307576,33.84809475675403,33.755330372381934,1.03,55.0,-0.58,2.13
EZPW,2011-05-17,29.549999237060547,30.100000381469727,29.46999931335449,29.809999465942383,212500.0,37.33372851059722,34.37956894822952,33.39812012130468,33.73393969554284,33.43311306577131,1.02,53.0,-0.61,2.15
EZPW,2011-05-18,29.86000061035156,30.43000030517578,29.739999771118164,30.3799991607666,177700.0,37.28917425593716,34.560649056109746,33.52287382496123,33.73775381912106,33.24028098118552,1.02,61.0,-0.68,2.1
EZPW,2011-05-19,30.690000534057617,31.21999931335449,30.40999984741211,31.059999465942383,340800.0,37.64135412785104,34.60703396520458,33.528851156858494,33.627861049242355,32.651663554869614,1.01,62.0,-0.75,2.13
EZPW,2011-05-20,30.809999465942383,31.31999969482422,30.809999465942383,30.959999084472656,240300.0,37.646493749513624,34.22987165420586,33.53194164773372,33.47113342277972,32.62828506742559,1.01,63.0,-0.82,2.13
EZPW,2011-05-23,30.450000762939453,30.6200008392334,29.90999984741211,30.26000022888184,198000.0,28.35465494865737,34.48434547059955,33.74736181127659,33.59884418777785,32.69943229263078,1.0,68.0,-0.85,1.99
EZPW,2011-05-24,30.3799991607666,30.530000686645508,29.799999237060547,29.93000030517578,225500.0,28.240835109774025,34.562079554989296,33.7899898518639,33.45721079792256,32.72537128645973,1.0,69.0,-0.86,1.96
EZPW,2011-05-25,30.0,30.790000915527344,29.780000686645508,30.59000015258789,260800.0,28.870926147834535,34.742884475984546,33.89455164128262,33.517120361297245,32.75256358237805,1.01,70.0,-0.9,1.94
EZPW,2011-05-26,30.56999969482422,31.100000381469727,30.209999084472656,31.059999465942383,259200.0,28.24188795574645,34.72805344445625,33.69071317465485,33.54815039523514,32.73195397895955,1.0,66.0,-0.95,2.02
EZPW,2011-05-27,31.1200008392334,31.309999465942383,30.950000762939453,31.209999084472656,251200.0,28.2456660456136,34.53408510742166,33.5948416019938,33.50687280196553,32.70291376533654,1.0,62.0,-1.0,2.1
EZPW,2011-05-31,31.6299991607666,32.810001373291016,31.57999992370605,32.790000915527344,596000.0,31.1099159407899,35.76424769692573,34.365905865112296,33.83443160333408,32.92983844861092,1.0,85.0,-0.91,1.93
EZPW,2011-06-01,33.2400016784668,33.310001373291016,31.700000762939453,31.729999542236328,708800.0,32.09630116213495,36.235746929020884,34.79583156007169,34.09871832558414,32.97380127995728,1.01,100.0,-0.97,1.72
EZPW,2011-06-02,31.459999084472656,32.08000183105469,31.040000915527344,31.809999465942383,431900.0,31.515816290966274,35.968068354773415,34.76331908311808,34.055645525272894,32.96503273254771,1.02,99.0,-1.01,1.75
EZPW,2011-06-03,31.21999931335449,31.700000762939453,31.040000915527344,31.190000534057617,264000.0,32.10488827161593,35.919168740328814,34.90558451886533,34.106524400200996,32.87584757856542,1.03,100.0,-1.04,1.67
EZPW,2011-06-06,31.09000015258789,31.14999961853028,30.36000061035156,30.420000076293945,393600.0,32.36266710202002,35.774755521988375,35.089960570864704,34.23891562206747,32.986141255968334,1.04,100.0,-1.05,1.56
EZPW,2011-06-07,30.59000015258789,31.75,30.170000076293945,31.459999084472656,391600.0,33.534059620267634,36.36100371149198,35.445152842927,34.2835125299794,33.1185600631235,1.05,100.0,-1.08,1.45
EZPW,2011-06-08,31.25,32.470001220703125,31.11000061035156,31.75,626200.0,33.54470908448009,36.35974436969491,35.260432348152,34.27829627979805,33.11765616436184,1.06,99.0,-1.12,1.52
EZPW,2011-06-09,31.959999084472656,32.619998931884766,31.799999237060547,32.22999954223633,301300.0,33.718087273348054,36.43033883256244,34.86614044359714,34.246496032588475,33.04829965120714,1.07,96.0,-1.15,1.65
EZPW,2011-06-10,31.979999542236328,32.220001220703125,31.07999992370605,31.229999542236328,350800.0,34.85216778625185,36.88588997585687,35.215241633873354,34.34300038059105,33.17451693881599,1.08,98.0,-1.19,1.49
EZPW,2011-06-13,31.299999237060547,31.690000534057617,31.0,31.18000030517578,309400.0,34.46572939085183,36.8948825100279,34.79761575969994,33.36604891271656,33.17450862180012,1.09,94.0,-1.21,1.68
EZPW,2011-06-14,31.61000061035156,32.119998931884766,31.18000030517578,31.530000686645508,423200.0,34.39048136291241,36.73221521346622,34.833878384654334,33.381286414694266,33.09637280805986,1.1,94.0,-1.24,1.66
EZPW,2011-06-15,31.21999931335449,31.780000686645508,30.96999931335449,31.200000762939453,329300.0,34.31486263378593,35.26211461078651,34.749540658302834,33.389028512210686,33.106873505286615,1.11,90.0,-1.25,1.71
EZPW,2011-06-16,31.200000762939453,31.700000762939453,30.549999237060547,30.82999992370605,294200.0,33.44953722891053,35.33566046873965,34.101069105637315,33.430811783419884,33.12567183618303,1.11,68.0,-1.25,1.93
EZPW,2011-06-17,31.1200008392334,31.1200008392334,30.21999931335449,30.31999969482422,436100.0,33.79860455319056,34.39850974929847,34.17006500911286,33.50349400512294,33.152050311105896,1.11,72.0,-1.26,1.89
EZPW,2011-06-20,30.26000022888184,30.979999542236328,30.049999237060547,30.64999961853028,514400.0,33.91737989053339,34.323209406986095,33.13871801425315,33.486305237876216,33.1425269495311,1.11,37.0,-1.25,2.06
EZPW,2011-06-21,31.0,31.940000534057617,30.709999084472656,31.39999961853028,515200.0,33.741034057945384,34.50984406360934,33.30391100536569,33.37284944082357,33.21685956233695,1.11,38.0,-1.25,1.98
EZPW,2011-06-22,31.209999084472656,31.809999465942383,31.13999938964844,31.170000076293945,190800.0,33.32584008125891,34.53113673852796,32.644215596067816,33.044455137127386,33.2134337248447,1.11,23.0,-1.24,2.26
EZPW,2011-06-23,30.89999961853028,31.8700008392334,30.420000076293945,31.8700008392334,458200.0,33.18760544853079,34.79849130226842,32.74137468634458,32.97288419211961,33.24775794359126,1.11,28.0,-1.25,2.24
EZPW,2011-06-24,31.84000015258789,32.29999923706055,31.63999938964844,32.06999969482422,512700.0,32.53487669872773,34.72502947805465,32.42563918909952,32.963204187118976,33.163541452971906,1.1,16.0,-1.23,2.38
EZPW,2011-06-27,32.79999923706055,34.439998626708984,32.529998779296875,34.31999969482422,969000.0,36.41772023769783,37.36638338902943,34.07406193502021,33.80170637224539,33.8088084674028,1.1,69.0,-0.86,2.37
EZPW,2011-06-28,34.68000030517578,35.650001525878906,34.61000061035156,34.9900016784668,927200.0,36.452900298912915,37.47000260247304,34.0245749956801,33.8583359530873,33.74022409141414,1.09,67.0,-0.35,2.42
EZPW,2011-06-29,35.31999969482422,35.7400016784668,35.0,35.349998474121094,510900.0,36.41302620172352,37.12078308726803,34.01361422171556,33.80095069808492,33.743155832094395,1.09,67.0,0.1,2.43
EZPW,2011-06-30,35.5,35.97999954223633,35.41999816894531,35.58000183105469,363600.0,36.19722746025979,36.942524800532944,33.99315918292744,33.69110934615023,33.74499387432353,1.08,65.0,0.42,2.44
EZPW,2011-07-01,35.619998931884766,35.95000076293945,35.36000061035156,35.83000183105469,488200.0,35.84840131347747,36.73621082867283,33.91516478817028,33.69466809009788,33.74082044942403,1.08,62.0,0.63,2.48
EZPW,2011-07-05,36.09999847412109,37.650001525878906,36.08000183105469,37.08000183105469,878100.0,36.75953657131115,37.327182104899265,34.06034960235538,33.86700307336952,33.88885560671989,1.07,71.0,1.2,2.46
EZPW,2011-07-06,38.650001525878906,38.65999984741211,36.68999862670898,37.38999938964844,589800.0,35.72706275348945,32.339120400330366,34.069878434954845,33.86445727482108,33.74028718191538,1.07,73.0,1.55,2.46
EZPW,2011-07-07,38.380001068115234,38.43000030517578,37.560001373291016,38.06999969482422,563400.0,35.44343257519712,32.24852804466965,34.08518584054869,33.899038638026944,33.775374729118425,1.07,76.0,1.87,2.45
EZPW,2011-07-08,37.40999984741211,37.900001525878906,37.220001220703125,37.619998931884766,402200.0,35.649126069896276,32.41883647192452,34.16509063469329,33.87337716435628,33.77638885557089,1.06,83.0,1.79,2.39
EZPW,2011-07-11,37.5,38.060001373291016,36.58000183105469,36.72999954223633,594600.0,36.646738361550305,32.50145492533109,34.16179416601877,33.98806432135275,33.87791874008405,1.06,83.0,1.57,2.39
EZPW,2011-07-12,36.470001220703125,37.27999877929688,36.40999984741211,36.63999938964844,315900.0,36.72055438257712,32.530935271628394,34.12168998432029,33.99402038060767,33.58229913640922,1.06,79.0,1.33,2.4
EZPW,2011-07-13,36.97999954223633,38.0099983215332,36.84999847412109,37.83000183105469,416900.0,35.22143664185655,32.949657747639414,34.41927149358007,34.050891897715886,33.71284947773682,1.07,88.0,1.2,2.27
EZPW,2011-07-14,38.04999923706055,38.5,36.470001220703125,36.54999923706055,483800.0,35.368875407911496,33.492580831843846,34.89486039070921,34.338382914307815,33.91176169955041,1.07,95.0,0.98,2.05
EZPW,2011-07-15,36.70000076293945,37.130001068115234,36.2400016784668,36.75,319500.0,35.363276401929255,33.238212274531506,34.884633475996004,34.330162230040536,33.71747371407801,1.08,94.0,0.78,2.06
EZPW,2011-07-18,36.52000045776367,36.58000183105469,35.560001373291016,36.27000045776367,455100.0,35.01893613881197,33.390988942344094,34.839321454604786,34.37553381269766,33.7339383439221,1.09,92.0,0.61,2.09
EZPW,2011-07-19,36.869998931884766,37.380001068115234,36.59000015258789,37.0099983215332,371800.0,34.088885038390956,33.31067704260388,34.73541211226726,34.40652725094389,33.75336346969142,1.09,86.0,0.44,2.13
EZPW,2011-07-20,37.5099983215332,37.75,36.52000045776367,37.0,279100.0,33.15157040902553,33.23893400135024,34.68753233816445,34.34537663565375,33.70074342270371,1.1,85.0,0.27,2.15
EZPW,2011-07-21,36.959999084472656,37.90999984741211,36.619998931884766,37.810001373291016,649300.0,33.470649845654826,33.39383418676583,34.81815294745717,34.407565500790476,33.71471004678662,1.1,90.0,0.14,2.09
EZPW,2011-07-22,36.810001373291016,36.88999938964844,33.33000183105469,34.2400016784668,2172400.0,45.09167389845222,39.47456335842004,38.34215443037882,36.261459408490985,35.21412753373838,1.18,100.0,0.07,3.56
EZPW,2011-07-25,34.0099983215332,35.27000045776367,33.70000076293945,33.810001373291016,829300.0,44.19461372313227,39.50399475964743,38.34241887517543,36.29274380980999,35.218110973967995,1.26,100.0,0.01,3.52
EZPW,2011-07-26,33.7400016784668,33.7400016784668,32.63999938964844,32.7400016784668,783000.0,45.32280036894314,39.949974413584634,38.60754332723569,35.01700135522872,35.368488054618666,1.34,100.0,-0.01,3.3
EZPW,2011-07-27,32.4900016784668,32.7400016784668,31.61000061035156,32.119998931884766,876000.0,45.61797767302355,40.05252227873177,38.659447666041615,35.01614018286131,35.38378495313268,1.42,100.0,-0.01,3.26
EZPW,2011-07-28,31.89999961853028,32.709999084472656,31.59000015258789,32.380001068115234,604900.0,45.541545813232666,39.981246944290724,38.54795908624355,35.022086661394276,35.35492792744016,1.49,98.0,0.0,3.37
EZPW,2011-07-29,32.20000076293945,33.540000915527344,31.6200008392334,33.279998779296875,628200.0,45.97860693052365,39.879574242738464,38.61825817186125,35.12598218496885,35.43939126228031,1.55,99.0,-0.03,3.34
EZPW,2011-08-01,33.93000030517578,34.189998626708984,32.29999923706055,32.869998931884766,662900.0,45.83945536025121,39.95959350910982,38.50739283636557,35.15624489736132,35.44297815387187,1.6,96.0,-0.03,3.42
EZPW,2011-08-02,32.61000061035156,33.20000076293945,31.89999961853028,31.96999931335449,577600.0,46.60243760501635,40.41013798591308,38.478434064832626,35.28670216091254,35.435753081199415,1.66,95.0,0.01,3.43
EZPW,2011-08-03,31.76000022888184,32.459999084472656,31.3799991607666,32.040000915527344,547100.0,46.101924914942835,40.054363685495375,38.474205745325776,35.286495660773184,35.434056461345236,1.71,94.0,0.04,3.44
EZPW,2011-08-04,31.690000534057617,31.979999542236328,30.809999465942383,30.82999992370605,743400.0,47.43736284390298,40.64642213442312,38.98334685628867,35.58750186068154,35.62476484215594,1.77,100.0,0.08,3.14
EZPW,2011-08-05,30.190000534057617,30.68000030517578,28.14999961853028,29.86000061035156,1158700.0,47.79439948380894,40.90748083352117,39.330930321218645,35.70709751592875,35.773329542657436,1.84,100.0,0.11,2.92
EZPW,2011-08-08,27.170000076293945,29.15999984741211,27.100000381469727,27.200000762939453,1334200.0,54.50771648147344,44.80992729838387,41.98931120884757,37.4124522710195,36.886577986492,1.98,100.0,0.11,3.07
EZPW,2011-08-09,27.84000015258789,29.6299991607666,27.26000022888184,29.59000015258789,881100.0,56.59315954943007,47.76347631201796,44.059720838535945,38.69952701361164,37.64293687574451,2.2,100.0,0.13,2.94
EZPW,2011-08-10,28.89999961853028,29.489999771118164,27.799999237060547,28.270000457763672,729600.0,57.29949819632475,48.63298897459921,44.55055320067638,39.08934842617417,37.438046797684926,2.41,100.0,0.13,2.69
EZPW,2011-08-11,28.489999771118164,30.71999931335449,28.34000015258789,30.34000015258789,571800.0,61.417744080311145,50.79586292847773,45.16820901263695,39.94972525193117,38.06434178388165,2.63,100.0,0.15,2.66
EZPW,2011-08-12,30.63999938964844,31.82999992370605,30.36000061035156,31.31999969482422,623200.0,62.26436252316393,51.064875769563066,45.42953233946518,40.08666067099379,38.1656822055935,2.84,100.0,0.18,2.58
EZPW,2011-08-15,31.540000915527344,32.689998626708984,31.32999992370605,32.029998779296875,529200.0,62.66541212148381,51.06996822242612,45.05106125699193,39.93581392008108,38.219536917403055,3.02,98.0,0.17,2.7
EZPW,2011-08-16,31.32999992370605,31.950000762939453,31.0,31.56999969482422,422000.0,61.67979889175646,51.156987217333935,45.05022995009625,39.90643458207635,38.18531864092743,3.18,97.0,0.17,2.68
EZPW,2011-08-17,31.940000534057617,32.599998474121094,31.64999961853028,31.86000061035156,376500.0,61.69603777464705,50.95734739473157,44.995012333541176,39.89548641763954,38.189573081414416,3.33,96.0,0.17,2.7
EZPW,2011-08-18,30.850000381469727,30.90999984741211,29.39999961853028,29.6299991607666,477700.0,64.24927051746958,53.087040942864405,46.44789848000981,40.53664817563675,38.88863957504642,3.52,100.0,0.15,2.34
EZPW,2011-08-19,29.01000022888184,30.56999969482422,28.8799991607666,29.520000457763672,481800.0,64.25383925833307,52.89304427793861,46.43905461515293,40.29902147441763,38.88845442218003,3.68,99.0,0.14,2.35
EZPW,2011-08-22,30.489999771118164,31.0,29.3700008392334,29.8799991607666,493600.0,64.33040868672678,52.856920951738715,46.434371808104366,40.21280915146414,38.893230920805856,3.84,98.0,0.13,2.35
EZPW,2011-08-23,30.13999938964844,32.130001068115234,29.940000534057617,32.029998779296875,541900.0,68.03263609069293,54.769183032113425,47.74242402763764,41.02638461495045,39.45664102908399,4.0,100.0,0.12,2.13
EZPW,2011-08-24,31.850000381469727,33.09000015258789,31.68000030517578,32.5099983215332,480200.0,67.41468028214513,53.90149149288489,47.77258245932845,41.05910750512549,39.475572852666055,4.14,100.0,0.1,2.14
EZPW,2011-08-25,32.790000915527344,32.95000076293945,31.43000030517578,31.68000030517578,385500.0,67.13571992264171,53.73887655524254,47.74830624754325,41.066707675855255,39.52610860928152,4.28,99.0,0.1,2.11
EZPW,2011-08-26,31.479999542236328,32.689998626708984,30.8799991607666,32.439998626708984,255100.0,67.58406865248251,53.95672540864428,47.79351446907821,41.15000592821075,39.490471883611235,4.41,100.0,0.11,2.1
EZPW,2011-08-29,33.0,34.11000061035156,32.77000045776367,34.060001373291016,557700.0,69.22840266911201,54.68975104480833,48.327179827876556,41.51130435793104,39.6930397556141,4.54,100.0,0.04,1.98
EZPW,2011-08-30,33.79999923706055,34.099998474121094,33.25,33.880001068115234,670200.0,68.90860567732437,54.43100319800366,48.335926011615264,41.51808038980908,39.67146596956222,4.66,100.0,-0.02,1.97
EZPW,2011-08-31,34.11000061035156,34.40999984741211,33.11000061035156,33.54999923706055,567700.0,68.93170711044975,54.072862457272855,46.281220453296655,41.52928032045693,39.57332198814094,4.75,91.0,-0.05,2.11
EZPW,2011-09-01,33.599998474121094,34.18000030517578,32.310001373291016,32.5099983215332,593200.0,68.9831576400025,54.45343557393415,46.51372890811546,41.702391112801564,39.6142950048684,4.85,94.0,-0.04,2.02
EZPW,2011-09-02,31.809999465942383,32.5099983215332,31.5,31.64999961853028,362700.0,63.36026341219744,54.648174079861846,46.72516507692381,41.82226146884966,39.713676548919025,4.94,94.0,-0.01,1.93
EZPW,2011-09-06,30.6299991607666,33.08000183105469,30.239999771118164,33.0,604500.0,64.56367742351019,54.92342176075139,47.03061665172676,42.01675779378265,39.80748782826309,5.03,94.0,-0.0,1.86
EZPW,2011-09-07,33.7400016784668,33.790000915527344,33.06999969482422,33.4900016784668,599200.0,64.01324278814837,54.99344502253949,47.07609762559438,41.955851030696444,39.817619929597846,5.12,94.0,-0.01,1.85
EZPW,2011-09-08,33.310001373291016,33.66999816894531,32.900001525878906,33.08000183105469,409400.0,63.85993274868925,55.02212742281565,47.07574407261223,41.79249494524927,39.84384698490028,5.21,93.0,-0.0,1.83
EZPW,2011-09-09,32.70000076293945,33.0,31.950000762939453,32.22999954223633,456700.0,64.29444767158773,55.249773189469195,47.139315170365734,41.89556948915408,39.921373486365496,5.29,94.0,0.03,1.81
EZPW,2011-09-12,31.729999542236328,32.70000076293945,31.34000015258789,32.11000061035156,270100.0,63.765388067798725,55.19624858861912,47.00364773972226,41.89822450986696,39.84664008236057,5.37,90.0,0.06,1.85
EZPW,2011-09-13,32.2599983215332,32.650001525878906,32.099998474121094,32.540000915527344,342200.0,63.808024153037366,55.13549903265778,47.01943152521343,41.852957711021524,39.861201857051164,5.44,90.0,0.08,1.84
EZPW,2011-09-14,32.75,33.5099983215332,32.02000045776367,33.189998626708984,510900.0,63.519394348308666,55.23285874084106,46.97654975007839,41.91061362764964,39.87636745520082,5.51,88.0,0.07,1.86
EZPW,2011-09-15,33.5,33.5,32.459999084472656,33.02000045776367,358500.0,63.54543649471073,55.04128625936848,46.935973375848114,41.916395832190894,39.85265884508914,5.57,87.0,0.06,1.87
EZPW,2011-09-16,33.2599983215332,33.45000076293945,32.75,33.13999938964844,1283800.0,62.43310128304124,55.01749313433446,46.925537349659244,41.91265322114072,39.83785664317882,5.62,86.0,0.06,1.88
EZPW,2011-09-19,32.58000183105469,33.83000183105469,32.0099983215332,33.40999984741211,683600.0,61.590388562378784,54.861259978656065,46.925090089841014,41.89481377298014,39.74611010452882,5.67,85.0,0.04,1.88
EZPW,2011-09-20,33.75,33.93000030517578,32.70000076293945,32.75,550400.0,54.846875443010745,55.0123757217638,46.99348365307973,41.84327339434353,39.80102133404098,5.71,88.0,0.03,1.84
EZPW,2011-09-21,32.709999084472656,33.7400016784668,32.45000076293945,32.5,669100.0,49.71233212372723,53.20420787997752,46.931315471210056,41.812169035464116,39.77869145887954,5.74,85.0,0.03,1.85
EZPW,2011-09-22,31.38999938964844,32.06999969482422,30.5,31.290000915527344,756500.0,49.10282318698617,53.567055475591076,47.2741304598294,42.01999326123963,39.896052384741935,5.78,94.0,0.03,1.73
EZPW,2011-09-23,30.940000534057617,31.46999931335449,29.3799991607666,29.76000022888184,737300.0,47.16267724477872,54.406837111302956,47.89913956419478,42.44489705819112,39.626824450538635,5.82,98.0,0.01,1.56
EZPW,2011-09-26,29.93000030517578,30.18000030517578,28.76000022888184,29.82999992370605,581800.0,46.16468213695569,54.38306182581426,47.69267944122207,42.43334215811526,39.626422557291605,5.86,93.0,0.01,1.64
EZPW,2011-09-27,30.459999084472656,30.51000022888184,29.5,29.8700008392334,460100.0,45.61175615373874,54.35123208990077,47.68530154187906,42.4271783339036,39.60656195289648,5.9,92.0,0.02,1.64
EZPW,2011-09-28,29.8799991607666,30.059999465942383,28.15999984741211,28.190000534057617,661300.0,48.27432478278034,54.92748944944885,48.56467632891729,42.95272904038987,40.050486017643614,5.94,100.0,0.01,1.43
EZPW,2011-09-29,28.82999992370605,29.14999961853028,28.25,29.09000015258789,374500.0,49.215335195144064,55.36144288895004,48.63381223761786,43.10246982079268,40.159892566593555,5.98,100.0,-0.02,1.41
EZPW,2011-09-30,28.520000457763672,29.26000022888184,28.270000457763672,28.540000915527344,396400.0,44.901530717535934,55.247932105541395,48.60940389821662,43.060175642314846,40.19615121552818,6.02,99.0,-0.06,1.4
EZPW,2011-10-03,28.299999237060547,28.96999931335449,27.07999992370605,27.1299991607666,660300.0,47.13215147157042,56.02645990957252,49.12830370681975,43.25120164683937,40.41753749194738,6.07,100.0,-0.05,1.28
EZPW,2011-10-04,27.0,29.450000762939453,27.0,29.32999992370605,664800.0,52.50335256290495,58.43101166334751,50.55596477825406,44.2259011261333,40.92567245593155,6.13,100.0,-0.08,1.2
EZPW,2011-10-05,29.290000915527344,29.64999961853028,28.780000686645508,29.39999961853028,351500.0,48.13832937543158,58.444003083254906,50.31620457431431,44.04992790533703,40.82989563290729,6.19,99.0,-0.1,1.28
EZPW,2011-10-06,29.38999938964844,30.39999961853028,29.059999465942383,30.34000015258789,425300.0,48.903823271587065,58.4313375755274,50.548120673582176,44.20394556018104,40.93483411101684,6.24,99.0,-0.09,1.22
EZPW,2011-10-07,30.459999084472656,30.46999931335449,29.299999237060547,29.3799991607666,258600.0,49.20025668098587,58.382186359922436,50.80681968046758,44.31794456106963,41.03423055785365,6.29,100.0,-0.1,1.14
EZPW,2011-10-10,29.8799991607666,30.5,29.64999961853028,30.459999084472656,318500.0,49.90031265806261,58.92138133306669,51.04337507051022,44.223557905890885,41.180312019579006,6.34,100.0,-0.1,1.08
EZPW,2011-10-11,30.100000381469727,30.59000015258789,29.75,30.290000915527344,273000.0,47.51877668587105,58.88685515179285,50.92731715013018,44.20992082320513,41.152166216204876,6.39,99.0,-0.11,1.11
EZPW,2011-10-12,30.61000061035156,31.040000915527344,30.15999984741211,30.799999237060547,524800.0,47.88910550518398,58.83230052043954,50.995852516435235,43.79163349796059,41.106297892462095,6.43,99.0,-0.11,1.09
EZPW,2011-10-13,30.38999938964844,30.729999542236328,29.049999237060547,29.299999237060547,600100.0,49.74757233585262,59.60674977839029,51.482594266032024,44.17684473313487,41.42573171263165,6.47,100.0,-0.13,0.99
EZPW,2011-10-14,29.64999961853028,30.11000061035156,28.059999465942383,28.850000381469727,916300.0,49.20665397063571,59.4125282987656,51.51131263123072,43.94413701702803,41.4458933694183,6.51,100.0,-0.15,0.98
EZPW,2011-10-17,28.56999969482422,28.940000534057617,27.40999984741211,27.64999961853028,931500.0,50.041196785371426,56.624626592387116,51.81692016478428,44.212371048619666,41.667304768930904,6.56,100.0,-0.18,0.9
EZPW,2011-10-18,27.65999984741211,28.350000381469727,27.270000457763672,28.209999084472656,647500.0,48.673233861184755,56.79688567401138,51.86087228916525,44.129684347012684,41.707354625391076,6.59,100.0,-0.22,0.89
EZPW,2011-10-19,28.06999969482422,28.420000076293945,26.770000457763672,26.96999931335449,594700.0,49.61087830012534,57.136710787403025,52.3194452656209,44.436077330405524,41.90855115554644,6.63,100.0,-0.25,0.78
EZPW,2011-10-20,27.0,27.61000061035156,26.39999961853028,27.209999084472656,542100.0,49.80099452989856,57.092111021038995,51.708906403890055,44.396053523441815,41.901571234738405,6.66,97.0,-0.28,0.9
EZPW,2011-10-21,27.25,27.25,25.299999237060547,25.56999969482422,1604500.0,52.08062247926899,58.32403861300555,52.361154629387016,44.99347352763367,42.37353526291617,6.7,100.0,-0.23,0.81
EZPW,2011-10-24,25.57999992370605,26.65999984741211,25.56999969482422,26.59000015258789,925200.0,53.81703189330138,58.64107950715527,52.76509756283496,45.216088438966764,42.4933745142482,6.74,100.0,-0.27,0.73
EZPW,2011-10-25,26.450000762939453,26.950000762939453,25.709999084472656,25.84000015258789,524300.0,53.86223145522134,58.837142867880765,52.8611040919955,45.290423570682705,42.5917777113441,6.78,100.0,-0.28,0.7
EZPW,2011-10-26,26.200000762939453,26.559999465942383,25.81999969482422,26.440000534057617,434900.0,54.010606212086685,58.88071585650785,52.87543038504303,45.30204858891726,42.647025384606316,6.81,100.0,-0.32,0.7
EZPW,2011-10-27,27.40999984741211,27.850000381469727,27.26000022888184,27.670000076293945,730300.0,56.15834573268239,59.711095946879645,53.10824444032186,45.623079349444154,42.87738169195682,6.85,100.0,-0.38,0.67
EZPW,2011-10-28,27.670000076293945,27.989999771118164,27.39999961853028,27.530000686645508,345400.0,56.0867540125429,59.240165336816766,53.08497498885881,45.58441796762842,42.85883185378878,6.88,99.0,-0.43,0.67
EZPW,2011-10-31,27.09000015258789,28.0,26.709999084472656,27.780000686645508,490200.0,56.10789717652622,58.946159576413,53.04640955264901,45.592093642682165,42.83794917582772,6.9,98.0,-0.48,0.68
EZPW,2011-11-01,26.799999237060547,27.200000762939453,26.11000061035156,26.209999084472656,617800.0,57.98706115374931,57.00974336099783,53.59650232061609,46.021152234003225,43.23727601663456,6.93,100.0,-0.52,0.6
EZPW,2011-11-02,26.63999938964844,27.200000762939453,26.280000686645508,27.1200008392334,374000.0,59.224117573100656,54.70359890537261,53.89837002203418,46.1683315086702,43.22363049064966,6.96,100.0,-0.57,0.54
EZPW,2011-11-03,27.450000762939453,28.190000534057617,26.940000534057617,27.940000534057617,284300.0,59.30620993558803,54.283904631268086,54.0895858750217,46.289850276806085,43.310396468149655,6.98,100.0,-0.61,0.5
EZPW,2011-11-04,27.700000762939453,28.34000015258789,27.549999237060547,28.1299991607666,311900.0,57.712808098242796,52.26320050322669,54.083481867463725,46.289850276806085,42.39589622964192,6.99,99.0,-0.64,0.51
EZPW,2011-11-07,27.950000762939453,28.75,27.600000381469727,27.790000915527344,494400.0,57.773641760373806,51.85061350140393,54.084675745707024,46.31078394907954,42.35883716112018,6.99,99.0,-0.68,0.51
EZPW,2011-11-08,27.89999961853028,28.709999084472656,27.299999237060547,28.420000076293945,770800.0,58.21225889896054,51.850629276016946,54.15291336605754,46.343843769885154,42.414928961629535,6.99,100.0,-0.7,0.5
EZPW,2011-11-09,29.0,30.0,28.59000015258789,29.030000686645508,1032500.0,56.04771950909484,51.99984530477705,54.23421911151597,46.301815452671725,42.44442924823016,6.96,100.0,-0.72,0.48
EZPW,2011-11-10,29.86000061035156,29.8700008392334,28.799999237060547,29.229999542236328,405600.0,55.33578220952589,51.98221089846885,54.10285508487333,46.27751739648274,42.44280610366509,6.93,98.0,-0.73,0.51
EZPW,2011-11-11,29.479999542236328,29.950000762939453,29.420000076293945,29.780000686645508,302500.0,55.27578859488674,49.973573061439076,54.17900315300152,46.32648094344645,42.46060249415952,6.89,99.0,-0.74,0.5
EZPW,2011-11-14,29.950000762939453,29.96999931335449,29.0,29.26000022888184,332700.0,53.36664159450461,50.09973612060745,54.12374101030534,46.3560662499949,42.499892106558455,6.83,97.0,-0.75,0.5
EZPW,2011-11-15,29.100000381469727,29.89999961853028,28.920000076293945,29.6200008392334,292000.0,48.46623638574047,50.100861313205655,54.15201025800715,46.339674764426356,42.509300498999195,6.77,97.0,-0.75,0.5
EZPW,2011-11-16,29.290000915527344,29.57999992370605,28.76000022888184,28.790000915527344,378700.0,49.16994824841146,48.27365038962238,53.19507826787695,46.40637125979048,42.55372769981995,6.71,89.0,-0.73,0.55
EZPW,2011-11-17,28.6299991607666,28.809999465942383,27.520000457763672,27.850000381469727,491700.0,49.06523685064054,48.56970685628464,53.318375099971234,46.53944404453123,42.68738457415311,6.65,89.0,-0.69,0.51
EZPW,2011-11-18,27.950000762939453,28.26000022888184,27.13999938964844,27.440000534057617,451200.0,48.41901901465054,48.39614532219694,53.317058114029045,46.52133692231629,42.714596498459315,6.58,88.0,-0.65,0.51
EZPW,2011-11-21,26.90999984741211,26.959999084472656,26.46999931335449,26.770000457763672,505200.0,47.42860587380669,48.29810535189678,53.412740918945914,46.52935519450715,42.78694357933358,6.51,89.0,-0.61,0.48
EZPW,2011-11-22,26.799999237060547,27.700000762939453,26.780000686645508,27.299999237060547,324900.0,47.92872173023642,47.31936431715166,53.509263830584665,46.52161101416449,42.827629111505765,6.43,89.0,-0.55,0.46
EZPW,2011-11-23,27.13999938964844,27.530000686645508,26.950000762939453,27.290000915527344,480700.0,47.558713637219974,47.32298659925286,53.180899577715145,46.39355703927164,42.80683995970277,6.34,84.0,-0.49,0.52
EZPW,2011-11-25,27.190000534057617,27.21999931335449,26.43000030517578,26.489999771118164,149900.0,46.2072375225453,47.610411965387364,53.31665231140866,46.52571693286799,42.750357934087646,6.25,85.0,-0.44,0.49
EZPW,2011-11-28,27.25,27.68000030517578,27.040000915527344,27.64999961853028,313800.0,47.938737122497095,48.20714811384417,53.71548349900607,46.80078552702591,42.919784307222265,6.15,90.0,-0.44,0.42
EZPW,2011-11-29,27.84000015258789,27.84000015258789,27.059999465942383,27.64999961853028,337600.0,46.33043979135493,47.94683234489572,53.69966535238022,46.79911776144142,42.90752773712574,6.05,89.0,-0.42,0.42
EZPW,2011-11-30,28.06999969482422,29.09000015258789,28.030000686645508,29.09000015258789,535100.0,48.29921492744224,48.33365200624768,54.267501964343666,47.13737969267482,42.994031456492706,5.95,100.0,-0.34,0.35
EZPW,2011-12-01,28.920000076293945,29.700000762939453,28.57999992370605,29.209999084472656,251800.0,46.2925000494665,48.22446430153901,54.277149159915,47.13814451626084,42.83206708035802,5.83,100.0,-0.25,0.35
EZPW,2011-12-02,29.549999237060547,29.670000076293945,28.440000534057617,28.59000015258789,288700.0,46.770943107830874,48.34190172353346,54.08171946331771,47.14348198714684,42.815459412101156,5.71,89.0,-0.29,0.38
EZPW,2011-12-05,29.01000022888184,29.34000015258789,28.56999969482422,29.270000457763672,365100.0,43.057106562923856,48.37497110761398,54.00131662854319,46.807037718842054,42.875596829831366,5.6,88.0,-0.22,0.41
EZPW,2011-12-06,29.239999771118164,29.239999771118164,28.6299991607666,28.770000457763672,256700.0,42.20989201823865,48.47929591062635,54.03928618595759,46.84651219373406,42.91135967830218,5.47,88.0,-0.19,0.39
EZPW,2011-12-07,28.690000534057617,29.07999992370605,28.26000022888184,28.96999931335449,650800.0,41.16829581588568,48.41185664674467,54.03207874195436,46.56948244800858,42.83354233917879,5.33,87.0,-0.13,0.4
EZPW,2011-12-08,28.68000030517578,28.90999984741211,27.770000457763672,27.790000915527344,373500.0,42.778427041207365,48.86744251168732,54.26840623728876,46.78760157078477,43.033802731283046,5.18,99.0,-0.23,0.35
EZPW,2011-12-09,28.1200008392334,29.36000061035156,27.989999771118164,29.18000030517578,409600.0,43.08518569610107,50.002127872558845,54.88387722257389,47.10674987051446,43.28886875540077,5.03,100.0,-0.39,0.25
EZPW,2011-12-12,28.850000381469727,28.850000381469727,28.32999992370605,28.63999938964844,368400.0,43.45191469807753,50.1026241350859,54.807794450146616,47.15287163209003,43.33000746789716,4.86,99.0,-1.13,0.27
EZPW,2011-12-13,29.170000076293945,29.209999084472656,28.39999961853028,28.540000915527344,387800.0,43.410209512865535,50.05471630750166,52.58348060603313,47.14779643557749,43.32697403015799,4.75,65.0,-1.12,0.11
EZPW,2011-12-14,28.38999938964844,28.38999938964844,26.86000061035156,26.920000076293945,596700.0,43.44121845232783,51.23125278269589,53.32074749479783,47.61656735330169,43.71861965843062,4.64,76.0,-1.12,0.03
EZPW,2011-12-15,27.34000015258789,27.3700008392334,26.309999465942383,26.40999984741211,598400.0,42.634902415661905,51.32704524522228,53.174785186827435,47.66458103625363,43.75534544882683,4.53,70.0,-1.09,0.05
EZPW,2011-12-16,26.56999969482422,26.88999938964844,26.200000762939453,26.51000022888184,679000.0,41.664310289538584,50.839704137551024,53.1129754786852,47.65671710620696,43.69256321591465,4.42,69.0,-1.08,0.06
EZPW,2011-12-19,26.6200008392334,26.799999237060547,25.690000534057617,25.75,389400.0,42.31788510146359,50.18082257242703,53.26244926053175,47.649040987145916,43.73151931918504,4.29,72.0,-1.04,0.04
EZPW,2011-12-20,26.229999542236328,26.350000381469727,26.09000015258789,26.229999542236328,377400.0,42.668062201680875,50.3545950423849,53.15426058294786,47.640911486826425,43.62972266717126,4.15,68.0,-1.01,0.06
EZPW,2011-12-21,26.729999542236328,26.739999771118164,25.5,26.100000381469727,637700.0,42.04407372217454,50.3525514847746,53.13170804942667,47.601457046544496,43.62228149125693,4.01,67.0,-0.97,0.06
EZPW,2011-12-22,26.239999771118164,26.75,26.170000076293945,26.690000534057617,334200.0,42.10086107018519,49.238469269004526,53.11613037673507,47.68251786551653,43.67989398161459,3.85,66.0,-0.95,0.06
EZPW,2011-12-23,26.770000457763672,27.09000015258789,26.6299991607666,26.979999542236328,174600.0,42.19488768715744,48.83975962359367,53.150235316062776,46.588689539765646,43.64936715474397,3.67,67.0,-0.92,0.05
EZPW,2011-12-27,26.989999771118164,27.65999984741211,26.770000457763672,27.43000030517578,307600.0,42.10701861950532,48.829940170384646,52.89833307168602,46.60504996240746,43.68046797462478,3.5,60.0,-0.9,0.1
EZPW,2011-12-28,27.479999542236328,27.489999771118164,26.530000686645508,26.57999992370605,255600.0,42.7198118114754,48.14417381629559,52.8911252058464,46.75033445480858,43.7926322012322,3.32,59.0,-0.92,0.1
EZPW,2011-12-29,26.57999992370605,27.09000015258789,26.5,26.920000076293945,216700.0,42.73516688367708,45.389015633494914,50.82725970389893,46.70820073343386,43.809395150421935,3.21,44.0,-0.92,-0.09
EZPW,2011-12-30,26.920000076293945,26.950000762939453,26.36000061035156,26.3700008392334,352300.0,42.3941012648812,45.55141879741144,49.095400961079235,46.767479263844294,43.84321597107456,3.14,38.0,-0.94,-0.22
EZPW,2012-01-03,27.09000015258789,27.71999931335449,27.09000015258789,27.18000030517578,492800.0,42.44593881727158,45.514075501384355,48.82245022959168,46.87145515362297,43.856073036545645,3.09,37.0,-0.95,-0.2
EZPW,2012-01-04,27.1200008392334,27.21999931335449,25.71999931335449,25.950000762939453,744100.0,44.28984903668339,46.00668992026601,48.01338987581115,47.12146854899847,44.07350524717739,3.05,31.0,-0.95,-0.28
EZPW,2012-01-05,25.989999771118164,26.299999237060547,25.32999992370605,26.190000534057617,682600.0,43.85765340792656,45.37955520068607,47.7471658118157,47.045056976430764,44.04998778559298,3.02,26.0,-0.92,-0.23
EZPW,2012-01-06,26.100000381469727,26.540000915527344,25.479999542236328,25.82999992370605,790900.0,43.58048018749587,45.43487094844976,47.62605908295883,47.05216139697724,44.06886496471886,2.98,22.0,-0.88,-0.21
EZPW,2012-01-09,25.84000015258789,26.600000381469727,25.75,26.299999237060547,461100.0,43.95931313456087,45.45997970213201,47.69153385238552,47.016206104059734,44.099845532511196,2.94,23.0,-0.84,-0.22
EZPW,2012-01-10,26.530000686645508,27.0,26.34000015258789,26.57999992370605,465300.0,43.233825185733025,44.45146395974361,47.700552863632126,47.0003722063855,44.109549150773724,2.89,24.0,-0.78,-0.22
EZPW,2012-01-11,26.420000076293945,26.739999771118164,26.3799991607666,26.520000457763672,301100.0,41.29142921264593,44.357954357625964,46.33214814152896,46.9966860254804,44.08713215482544,2.9,2.0,-0.78,-0.24
EZPW,2012-01-12,26.540000915527344,26.790000915527344,26.38999938964844,26.729999542236328,282700.0,41.37770339946793,43.55946443127039,46.35213357027684,46.99578940182165,44.08786270209949,2.9,3.0,-0.78,-0.25
EZPW,2012-01-13,26.489999771118164,27.350000381469727,26.46999931335449,27.299999237060547,407500.0,38.96746647664818,43.58120173766197,46.43863083925452,47.034642859939005,44.06623351916836,2.9,4.0,-0.77,-0.26
EZPW,2012-01-17,27.309999465942383,27.489999771118164,27.01000022888184,27.049999237060547,403300.0,38.97348459717835,42.63086252740138,45.062332770931384,46.99464768203183,43.918690514511574,2.94,1.0,-0.69,-0.31
EZPW,2012-01-18,26.81999969482422,26.84000015258789,26.520000457763672,26.799999237060547,614400.0,38.618836146859294,42.63288062757846,44.99943658557453,46.9815876256375,43.92088861707887,2.98,1.0,-0.59,-0.3
EZPW,2012-01-19,26.86000061035156,27.39999961853028,26.68000030517578,27.15999984741211,612800.0,38.14140828872787,40.714649218377524,44.89899720238837,46.98900433183723,43.817978277084976,3.02,1.0,-0.51,-0.27
EZPW,2012-01-20,26.5,26.809999465942383,25.76000022888184,26.690000534057617,987300.0,38.149064490801685,40.09898530231211,44.78519590028812,46.918325655750394,43.850681674734346,3.07,1.0,-0.39,-0.25
EZPW,2012-01-23,26.780000686645508,27.07999992370605,26.36000061035156,26.979999542236328,435300.0,38.248819194979724,39.706867509199945,44.09200706036207,46.93427587334349,43.82813333539704,3.13,1.0,-0.34,-0.19
EZPW,2012-01-24,26.770000457763672,27.020000457763672,26.68000030517578,27.0,311300.0,36.40072110653179,39.4356171657069,44.09208094130545,46.93441137730673,43.619799942620645,3.19,2.0,-0.27,-0.19
EZPW,2012-01-25,27.020000457763672,27.020000457763672,26.600000381469727,26.75,652500.0,33.25721207198552,38.3412580975249,44.090040364875584,46.83141570709044,43.617094891048964,3.23,1.0,-0.19,-0.19
EZPW,2012-01-26,26.790000915527344,27.229999542236328,26.6200008392334,27.13999938964844,438700.0,33.278273455934304,38.452182445419666,43.91795548503319,46.800493697192934,43.301182849664706,3.27,1.0,-0.04,-0.15
EZPW,2012-01-27,27.01000022888184,27.479999542236328,27.0,27.420000076293945,241200.0,33.45557075060188,38.465612668873064,43.77477092338034,46.74462674817813,43.298434834994346,3.32,1.0,0.11,-0.12
EZPW,2012-01-30,27.0,27.38999938964844,26.600000381469727,26.89999961853028,385300.0,29.309179206748624,36.747086416381144,43.31002193828227,46.70351569796845,43.1459706072157,3.38,1.0,0.27,-0.07
EZPW,2012-01-31,27.170000076293945,27.209999084472656,26.700000762939453,26.81999969482422,297600.0,28.76322860070361,36.0744389372253,43.22650121765035,46.56257600134238,43.13078966301776,3.44,1.0,0.37,-0.05
EZPW,2012-02-01,27.01000022888184,28.799999237060547,26.799999237060547,28.709999084472656,880000.0,34.804072336551314,38.224273556259405,44.61114706239418,47.257139227179344,43.56034260683333,3.48,8.0,0.5,-0.0
EZPW,2012-02-02,28.950000762939453,29.209999084472656,28.38999938964844,29.059999465942383,605100.0,33.56505570683851,38.27763745710358,44.486226790388024,47.27916304246613,43.56713354901817,3.51,8.0,0.68,0.02
EZPW,2012-02-03,29.540000915527344,29.6299991607666,29.21999931335449,29.57999992370605,489500.0,33.53830660250679,38.34418215685425,44.5835318341508,47.272531944690066,43.56257915922867,3.54,9.0,0.84,0.0
EZPW,2012-02-06,29.739999771118164,29.989999771118164,29.14999961853028,29.950000762939453,484000.0,33.51281463893952,38.160576239651235,44.576716999249264,47.22204248055374,43.57336164378184,3.58,9.0,0.95,0.0
EZPW,2012-02-07,29.76000022888184,30.020000457763672,29.739999771118164,29.920000076293945,409800.0,33.118149872645134,37.92515995526044,44.45407066666942,47.2207719070817,43.560654652529394,3.61,8.0,0.93,0.03
EZPW,2012-02-08,29.89999961853028,29.979999542236328,29.479999542236328,29.82999992370605,332400.0,33.10656174413481,37.908405944331875,44.45036691646847,47.14489774802518,43.52730846550001,3.64,8.0,0.89,0.03
EZPW,2012-02-09,29.81999969482422,30.0,29.549999237060547,29.89999961853028,367900.0,32.86975096313651,37.71898317130917,44.44742047629327,47.127931298751776,43.47065802620366,3.67,8.0,0.67,0.03
EZPW,2012-02-10,29.5,30.0,29.34000015258789,29.89999961853028,331400.0,31.236568504389123,37.53859311861288,44.423591401711846,47.05638621094958,43.470525590012635,3.71,8.0,0.04,0.04
EZPW,2012-02-13,30.0,30.280000686645508,29.89999961853028,30.1200008392334,363600.0,31.14384076094026,37.485841735271066,44.34007677552781,47.02928751665444,43.44563603578246,3.74,8.0,-0.47,0.06
EZPW,2012-02-14,29.989999771118164,30.31999969482422,29.75,30.1200008392334,293600.0,30.302561805530377,37.005858712243125,44.32673409134536,47.02554781509459,43.44224889372803,3.77,8.0,-1.06,0.07
EZPW,2012-02-15,30.21999931335449,30.420000076293945,30.0,30.3700008392334,420200.0,29.328827122922775,36.351029143555714,43.94542930307622,46.66549013539701,43.38044076846457,3.81,5.0,-1.19,0.14
EZPW,2012-02-16,30.739999771118164,31.36000061035156,30.56999969482422,31.15999984741211,420200.0,25.88115794755877,36.524027426545224,43.40160641932997,46.60669127958101,43.43142553015819,3.87,3.0,-1.09,0.21
EZPW,2012-02-17,31.31999969482422,31.32999992370605,30.8700008392334,30.940000534057617,220800.0,26.14060190479443,36.147411050826896,43.416989284827174,46.61294581937536,43.42806619033252,3.92,4.0,-1.04,0.2
EZPW,2012-02-21,30.809999465942383,31.450000762939453,30.739999771118164,31.209999084472656,333800.0,25.49549121975023,35.99456406576109,43.4368559750021,46.56646185585224,43.430022654554875,3.97,5.0,-0.96,0.2
EZPW,2012-02-22,31.059999465942383,31.239999771118164,30.88999938964844,31.01000022888184,288800.0,25.50360076962071,36.03466828060295,42.4345621598604,46.47785957829801,43.433916816103604,4.04,1.0,-0.98,0.28
EZPW,2012-02-23,30.979999542236328,31.21999931335449,30.76000022888184,31.040000915527344,273400.0,25.488920932735976,35.41843933931486,42.15231405209557,46.306693902488966,43.40007240908467,4.11,1.0,-0.98,0.35
EZPW,2012-02-24,31.049999237060547,31.200000762939453,30.8700008392334,31.1200008392334,194900.0,25.404833848767034,34.41263896316543,42.03423639544117,46.29471409027957,43.31888678608588,4.19,1.0,-1.0,0.38
EZPW,2012-02-27,30.8799991607666,31.100000381469727,30.59000015258789,31.049999237060547,197900.0,25.486032547230547,34.421239961005085,41.21810326239763,46.2604027466619,43.29664131508169,4.28,1.0,-1.04,0.5
EZPW,2012-02-28,31.01000022888184,31.59000015258789,31.0,31.530000686645508,283300.0,25.223054503459004,33.011228465122656,39.41418012361352,46.14600862726429,43.320639565326275,4.4,1.0,-1.01,0.23
EZPW,2012-02-29,31.63999938964844,31.729999542236328,31.39999961853028,31.5,563700.0,24.936858146191298,33.009378075194086,39.41416007097212,46.14574434574756,43.30614684245512,4.52,1.0,-0.99,0.23
EZPW,2012-03-01,31.530000686645508,31.850000381469727,31.13999938964844,31.459999084472656,359900.0,24.642208034337482,32.67368734628119,39.10474866578804,46.12706382049435,43.27786913951653,4.64,1.0,-0.96,0.3
EZPW,2012-03-02,31.32999992370605,31.729999542236328,31.26000022888184,31.350000381469727,364400.0,24.650680184993988,32.36746957061132,38.76133315391977,46.11202520272421,43.23793450058928,4.76,1.0,-0.98,0.4
EZPW,2012-03-05,31.18000030517578,31.18000030517578,30.809999465942383,30.950000762939453,280800.0,24.322999611535664,32.27341997984871,38.398863682059655,46.115478031895364,43.23174307041596,4.88,1.0,-0.98,0.46
EZPW,2012-03-06,30.5,30.8700008392334,29.59000015258789,29.8799991607666,507800.0,26.87667279480542,33.09853810041653,38.79694526176641,46.26155955181741,43.33663577698822,4.99,3.0,-0.97,0.35
EZPW,2012-03-07,29.8700008392334,30.46999931335449,29.8700008392334,30.07999992370605,226100.0,26.880586615683743,31.933855699101077,38.718783287958324,46.25038230026616,43.281369958010664,5.09,2.0,-0.96,0.37
EZPW,2012-03-08,30.309999465942383,30.6299991607666,29.959999084472656,30.600000381469727,216700.0,26.870077530433267,30.55206165132283,37.98464635968607,46.20585567052496,43.259724849122875,5.2,1.0,-1.0,0.47
EZPW,2012-03-09,30.709999084472656,31.51000022888184,30.5,31.3700008392334,191100.0,27.369132694331437,30.669393210829003,38.09398441591476,46.29216039070607,43.227330584559624,5.31,2.0,-1.03,0.46
EZPW,2012-03-12,31.3700008392334,31.75,31.11000061035156,31.56999969482422,208700.0,27.325081631951726,30.667049642619943,37.46394444243853,46.22320796014025,43.230447207040825,5.42,1.0,-1.07,0.6
EZPW,2012-03-13,31.850000381469727,32.02000045776367,31.32999992370605,32.0,271500.0,26.47525682739671,28.078523006154466,37.39520978736011,46.24518631729103,43.246686411321505,5.52,1.0,-1.08,0.62
EZPW,2012-03-14,31.950000762939453,32.029998779296875,31.5,31.63999938964844,205300.0,26.82299813900756,27.861780952508425,36.71211071371251,45.55407199248968,43.26139323449887,5.63,1.0,-1.12,0.75
EZPW,2012-03-15,31.790000915527344,31.790000915527344,31.350000381469727,31.530000686645508,207800.0,19.268023032489488,27.892961928188132,36.70224157372867,45.49451378518496,43.227569777150705,5.74,1.0,-1.16,0.75
EZPW,2012-03-16,31.540000915527344,31.56999969482422,31.040000915527344,31.059999465942383,316500.0,19.76599162679456,27.347751028162566,35.35994338381368,45.508131290809054,43.254985784931606,5.86,1.0,-1.21,0.68
EZPW,2012-03-19,31.059999465942383,32.33000183105469,31.0,32.15999984741211,532900.0,21.475269219621474,27.937678561446962,35.25100234216333,45.694202138146736,43.34120925720828,5.98,1.0,-1.21,0.69
EZPW,2012-03-20,32.0,32.150001525878906,31.530000686645508,31.76000022888184,412100.0,21.717596115212327,28.07667531914201,34.98797689925065,45.70707670319792,43.040733215461934,6.09,1.0,-1.24,0.77
EZPW,2012-03-21,31.88999938964844,32.04999923706055,31.56999969482422,31.799999237060547,311900.0,21.700715078204496,27.795733995241058,34.82736575748972,45.51807779810611,43.03630379470783,6.2,1.0,-1.26,0.83
EZPW,2012-03-22,31.51000022888184,32.0,31.39999961853028,31.979999542236328,230300.0,21.67089443968518,27.75326895824262,34.12426750741289,45.511571445115564,42.82322990808674,6.31,1.0,-1.29,0.97
EZPW,2012-03-23,31.86000061035156,32.400001525878906,31.86000061035156,32.2400016784668,193700.0,21.735505638847094,27.62880263725605,34.12425713804782,45.46869974814567,42.803305104217685,6.42,1.0,-1.3,0.97
EZPW,2012-03-26,32.52000045776367,32.95000076293945,32.43000030517578,32.91999816894531,274300.0,22.358807882476704,26.93775611203519,34.24159978478441,45.52266782305824,42.82102550139935,6.52,3.0,-1.26,0.93
EZPW,2012-03-27,32.790000915527344,33.0,32.5099983215332,32.70000076293945,287800.0,22.50347756894138,26.950096177633643,32.89925849604639,45.44461425204741,42.824450106416116,6.63,1.0,-1.25,0.89
EZPW,2012-03-28,32.61000061035156,32.970001220703125,32.38999938964844,32.54999923706055,252700.0,22.59139763286558,26.54023631556801,32.515036849959465,45.446523416910686,42.821002248768906,6.74,1.0,-1.26,1.02
EZPW,2012-03-29,32.349998474121094,32.65999984741211,32.0,32.54999923706055,177500.0,22.53777856838341,25.95585566153522,32.205327860902,45.280602686613136,42.802317841144216,6.84,1.0,-1.28,1.14
EZPW,2012-03-30,32.86000061035156,32.86000061035156,32.15999984741211,32.459999084472656,305200.0,21.456781771250863,23.87274587999029,32.201368332705236,45.104618291134805,42.80175922905832,6.94,1.0,-1.3,1.15
EZPW,2012-04-02,32.34000015258789,33.380001068115234,32.18000030517578,33.209999084472656,272500.0,22.17410798755682,24.16808183880484,32.30452875098347,45.18464507052451,42.85060904211479,7.02,3.0,-1.29,1.1
EZPW,2012-04-03,33.27000045776367,33.27000045776367,32.59000015258789,32.79999923706055,156500.0,22.49241559540402,24.12517032487292,32.21134300322931,45.18188465285491,42.77907835989943,7.1,3.0,-1.31,1.14
EZPW,2012-04-04,32.56999969482422,32.56999969482422,31.940000534057617,31.959999084472656,263000.0,23.776424729828033,24.707557063313583,32.34345841519286,45.21330575007262,42.81206118664839,7.17,5.0,-1.34,1.11
EZPW,2012-04-05,31.88999938964844,32.040000915527344,31.540000915527344,31.75,141900.0,23.87822240427362,24.740402830205994,32.35148128069948,45.21842114856101,42.779534083449974,7.23,6.0,-1.38,1.11
EZPW,2012-04-09,31.049999237060547,31.32999992370605,30.56999969482422,31.1299991607666,185800.0,24.594101662433626,25.153166159959312,32.38692193507563,45.193518880658736,42.82477451339898,7.28,7.0,-1.4,1.1
EZPW,2012-04-10,31.01000022888184,31.1200008392334,30.32999992370605,30.38999938964844,277900.0,25.561466110357767,25.715939882948174,32.494337344252685,43.748892214583314,41.995164712198594,7.33,8.0,-1.41,1.06
EZPW,2012-04-11,30.690000534057617,30.959999084472656,29.93000030517578,30.200000762939453,492800.0,25.145844895530306,25.46450661675984,32.45530152413807,43.73084028221154,41.977063201668386,7.37,8.0,-1.42,1.09
EZPW,2012-04-12,30.200000762939453,30.88999938964844,30.18000030517578,30.75,207100.0,25.77281116950462,25.579169382471452,32.250077657196115,43.62455746935103,42.01496536461058,7.42,4.0,-1.43,1.14
EZPW,2012-04-13,30.61000061035156,31.200000762939453,30.61000061035156,30.739999771118164,201700.0,25.772777777482602,25.473977549239663,31.790631237717786,43.567353085415384,41.95764674471444,7.46,1.0,-1.44,1.29
EZPW,2012-04-16,30.989999771118164,31.59000015258789,30.8799991607666,31.18000030517578,274900.0,26.11874408302932,25.490699758330994,31.75707917974015,43.58993090887507,41.979172229981856,7.5,1.0,-1.44,1.3
EZPW,2012-04-17,31.39999961853028,31.8700008392334,31.01000022888184,31.450000762939453,365600.0,25.954988771451852,25.185843040251793,31.502347413142346,43.47882968144904,41.96048879037132,7.54,1.0,-1.44,1.4
EZPW,2012-04-18,31.38999938964844,31.38999938964844,30.84000015258789,30.920000076293945,298300.0,24.25998299041226,25.448415105020782,31.506004301712036,43.50022436722703,41.940277621578964,7.57,2.0,-1.43,1.41
EZPW,2012-04-19,30.82999992370605,31.280000686645508,30.11000061035156,30.34000015258789,524500.0,24.880014252201246,25.815830331384763,31.667677442426466,43.43437859163529,41.91647396396861,7.6,3.0,-1.41,1.34
EZPW,2012-04-20,28.3799991607666,28.61000061035156,25.459999084472656,26.209999084472656,3670600.0,48.834489892595265,39.83295878293363,39.09157920220085,46.74366174146434,44.38928515022577,7.54,35.0,-1.41,11.55
EZPW,2012-04-23,26.01000022888184,26.14999961853028,25.5,25.770000457763672,923200.0,48.098906409732855,39.854043056688404,38.567577524120665,46.57018529067167,44.35385357498012,7.47,32.0,-1.41,12.06
EZPW,2012-04-24,25.8700008392334,26.520000457763672,25.6200008392334,26.32999992370605,718000.0,48.64916336337313,40.05400597185199,38.72822146039931,46.49921178101945,44.3830825814111,7.4,34.0,-1.42,11.89
EZPW,2012-04-25,26.63999938964844,27.11000061035156,26.600000381469727,26.940000534057617,567400.0,49.05121312680919,40.15271401308257,38.035873342853705,45.25743708134159,44.441776226584,7.33,30.0,-1.45,12.7
EZPW,2012-04-26,26.89999961853028,27.21999931335449,26.89999961853028,27.100000381469727,501600.0,49.13523229033707,40.16570697720036,38.042851875784066,44.13928540641714,44.437847478184,7.25,31.0,-1.47,12.69
EZPW,2012-04-27,27.200000762939453,27.40999984741211,26.940000534057617,27.11000061035156,451000.0,49.159352365622944,37.58934537113085,37.89799018614596,43.81125972742129,44.414198942830204,7.16,29.0,-1.49,13.01
EZPW,2012-04-30,26.700000762939453,27.06999969482422,26.5,26.790000915527344,613300.0,49.1122793180215,37.55451085132399,37.74262739258351,43.01204311418987,44.3911511893217,7.08,29.0,-1.52,13.13
EZPW,2012-05-01,26.850000381469727,27.270000457763672,26.739999771118164,26.89999961853028,474000.0,47.7408234545481,37.36189669337538,37.65928964416309,42.84210331588573,44.375063294346226,6.99,29.0,-1.54,13.35
EZPW,2012-05-02,26.600000381469727,26.920000076293945,26.100000381469727,26.5,291200.0,47.77561284091241,37.345096387112555,37.707318709114276,42.78472002457274,44.38119566430786,6.89,30.0,-1.56,13.19
EZPW,2012-05-03,26.46999931335449,26.46999931335449,25.8700008392334,25.96999931335449,178600.0,47.89564811320096,37.52916472349371,37.27018949827632,42.815414341620276,44.33900165927929,6.79,27.0,-1.57,13.96
EZPW,2012-05-04,25.86000061035156,25.93000030517578,25.3799991607666,25.43000030517578,265500.0,47.91928708838739,37.72333151499792,36.5516176875296,42.862643124975065,44.383638332840185,6.67,25.0,-1.58,14.82
EZPW,2012-05-07,25.36000061035156,25.90999984741211,25.26000022888184,25.31999969482422,322400.0,47.69947533274235,37.71032368204276,36.44955115452155,42.01646359586071,44.38514143437905,6.55,25.0,-1.58,15.08
EZPW,2012-05-08,25.209999084472656,25.350000381469727,24.65999984741211,24.989999771118164,432300.0,46.9192329692628,37.76495021690784,36.496741764049226,42.04013975716162,44.31586310135546,6.47,26.0,-1.58,14.94
EZPW,2012-05-09,25.01000022888184,25.3700008392334,24.780000686645508,24.850000381469727,408900.0,46.92528780166854,37.70699714391663,35.337692177555155,42.01502515634394,44.26846485531702,6.37,24.0,-1.56,17.22
EZPW,2012-05-10,25.09000015258789,25.51000022888184,24.88999938964844,25.100000381469727,208000.0,47.23839307403564,37.79903651619143,35.25566178286506,41.19116795991121,44.226941092769636,6.28,24.0,-1.55,17.54
EZPW,2012-05-11,24.959999084472656,25.32999992370605,24.90999984741211,25.209999084472656,336800.0,47.325005253464894,37.757704957923124,35.25762519893946,41.15163978185488,44.1596440600224,6.17,25.0,-1.54,17.54
EZPW,2012-05-14,24.950000762939453,25.21999931335449,24.729999542236328,24.729999542236328,522200.0,47.391552432228096,37.41552583616204,35.08843173824158,41.10358228263552,44.09200097495331,6.06,23.0,-1.52,17.96
EZPW,2012-05-15,24.790000915527344,25.11000061035156,24.530000686645508,24.6299991607666,292000.0,46.44968536787986,37.40949327594089,34.96198878459752,40.996194178613955,44.08613222594149,5.95,22.0,-1.5,18.15
EZPW,2012-05-16,24.729999542236328,24.81999969482422,24.15999984741211,24.190000534057617,307500.0,46.50382657548832,37.42914755149015,35.06453316998061,40.603020529885725,44.119750092341974,5.82,24.0,-1.46,17.84
EZPW,2012-05-17,24.200000762939453,24.209999084472656,23.76000022888184,23.8799991607666,377500.0,46.27195305325047,37.46871741875794,34.919288058831505,40.62192490348181,44.09138770685685,5.69,22.0,-1.41,18.01
EZPW,2012-05-18,23.8700008392334,24.11000061035156,23.729999542236328,23.770000457763672,548000.0,46.28707595474059,37.45231661708285,34.87108262092526,40.61247275221837,44.03184156061803,5.55,22.0,-1.38,18.05
EZPW,2012-05-21,23.920000076293945,23.96999931335449,23.770000457763672,23.88999938964844,328200.0,46.37500781654045,37.47541898701999,34.76920047673452,40.467703199033025,44.035515201567115,5.41,21.0,-1.36,18.24
EZPW,2012-05-22,23.89999961853028,24.280000686645508,23.81999969482422,23.950000762939453,348500.0,46.2556791662085,37.49979925310446,34.437360518246074,40.36025921541853,43.98223999152253,5.26,21.0,-1.35,19.2
EZPW,2012-05-23,23.770000457763672,23.8799991607666,23.059999465942383,23.82999992370605,359000.0,46.26100335441242,37.27517112218018,34.37209683632657,40.03163733094826,43.97263794941439,5.15,21.0,-1.34,19.28
EZPW,2012-05-24,23.809999465942383,24.0,23.600000381469727,23.940000534057617,221700.0,45.76731277838994,37.31620268626926,34.24236176850812,39.99059881799618,43.91702454554753,5.07,21.0,-1.34,19.74
EZPW,2012-05-25,24.0,24.13999938964844,23.799999237060547,24.07999992370605,224600.0,45.89564566912442,37.37139340953771,33.893238699038,39.98146778882984,43.89219484427394,4.99,18.0,-1.35,20.52
EZPW,2012-05-29,24.25,24.96999931335449,24.14999961853028,24.39999961853028,191300.0,45.85379148867614,37.54597207682062,33.18682792770383,39.915660404801756,43.9113734396291,4.94,18.0,-1.36,22.71
EZPW,2012-05-30,24.209999084472656,24.3700008392334,23.770000457763672,23.799999237060547,241500.0,45.816039154769214,37.74556926002423,33.37097383821594,40.01042883866604,43.68374351774972,4.88,19.0,-1.35,21.97
EZPW,2012-05-31,23.76000022888184,23.920000076293945,23.299999237060547,23.600000381469727,325400.0,45.75807187941906,37.20739531006403,33.328874733512684,39.978622177770525,43.57456524245435,4.82,19.0,-1.34,22.12
EZPW,2012-06-01,22.88999938964844,23.440000534057617,22.36000061035156,22.39999961853028,635000.0,47.371433178398796,38.4261876727527,34.166886013316216,40.33735177219357,43.870395696875896,4.74,24.0,-1.28,19.7
EZPW,2012-06-04,22.440000534057617,22.600000381469727,21.90999984741211,22.34000015258789,333900.0,24.01710151975395,38.15406729100944,34.11121667966188,40.335869732557775,43.832154172822655,4.66,22.0,-1.24,19.78
EZPW,2012-06-05,22.309999465942383,22.8700008392334,22.209999084472656,22.63999938964844,250600.0,24.346210620422315,37.8378371408919,34.19492102729222,40.37187672678722,43.79191214622683,4.6,26.0,-1.23,19.64
EZPW,2012-06-06,22.799999237060547,23.020000457763672,22.56999969482422,22.86000061035156,329400.0,23.48247007213637,37.88802792382993,34.20865874159678,40.3778482522358,43.66621411199231,4.54,27.0,-1.24,19.61
EZPW,2012-06-07,23.15999984741211,23.15999984741211,22.68000030517578,22.709999084472656,330900.0,21.97616257705136,37.682954048716624,34.02357271408487,40.32562351811929,43.65681151179122,4.47,22.0,-1.26,19.95
EZPW,2012-06-08,22.63999938964844,22.799999237060547,22.3799991607666,22.700000762939453,192700.0,21.760266752296427,37.67984604148864,34.00375639709844,40.320484921587514,43.626102093935174,4.43,22.0,-1.28,20.05
EZPW,2012-06-11,22.86000061035156,22.86000061035156,22.040000915527344,22.059999465942383,393300.0,22.6364335176658,37.97188149506895,34.24998419543236,40.21824616840074,43.606832414917534,4.38,32.0,-1.28,19.32
EZPW,2012-06-12,22.239999771118164,22.6200008392334,22.06999969482422,22.61000061035156,342100.0,24.343048375714467,38.434019576806726,34.42458347201427,39.92883658208722,43.68429759587967,4.32,34.0,-1.3,18.94
EZPW,2012-06-13,22.600000381469727,22.84000015258789,22.36000061035156,22.39999961853028,317100.0,24.18619946594582,37.520939713345925,34.35481642785791,39.936792733723266,43.673785211483164,4.27,33.0,-1.32,19.16
EZPW,2012-06-14,22.3799991607666,22.8799991607666,22.25,22.3700008392334,296900.0,24.073898790651903,37.508299951584846,34.295847960859824,39.93528213631709,43.66409157114605,4.22,33.0,-1.34,19.25
EZPW,2012-06-15,22.290000915527344,22.51000022888184,22.200000762939453,22.5,419400.0,23.88643481368687,37.55646086322178,34.31503213189578,39.3787652681551,43.65682597695189,4.17,34.0,-1.37,19.23
EZPW,2012-06-18,22.31999969482422,22.56999969482422,22.13999938964844,22.21999931335449,216000.0,23.508871561124984,37.505224858097854,34.33669820531941,39.208280186156244,43.6440485800577,4.12,35.0,-1.39,19.15
EZPW,2012-06-19,22.350000381469727,23.059999465942383,22.26000022888184,22.71999931335449,302200.0,24.754803985439143,37.844253118415025,34.4528693939897,39.252257625065845,43.69068437910355,4.07,40.0,-1.43,18.91
EZPW,2012-06-20,22.65999984741211,22.790000915527344,22.420000076293945,22.68000030517578,232900.0,24.594098175387607,37.444227001799455,34.39872733934138,38.80980357058825,43.61643979936869,4.02,38.0,-1.46,18.98
EZPW,2012-06-21,22.6299991607666,22.89999961853028,22.11000061035156,22.420000076293945,312500.0,24.703363149739445,37.46000523015614,34.32267922115443,37.67426210703449,43.624269573742716,3.97,35.0,-1.49,19.22
EZPW,2012-06-22,22.51000022888184,22.64999961853028,22.280000686645508,22.3799991607666,871300.0,24.380137299321884,37.46986367378947,34.32217831203951,37.6714525667517,43.560347926207896,3.93,35.0,-1.52,19.22
EZPW,2012-06-25,22.100000381469727,22.36000061035156,22.100000381469727,22.270000457763672,204600.0,24.25714250077186,37.44839714920501,32.44232430806061,37.46836678361462,43.55496247857146,3.86,14.0,-1.55,22.93
EZPW,2012-06-26,22.309999465942383,22.3799991607666,22.020000457763672,22.239999771118164,127500.0,23.840505443461605,37.45529213975986,32.35777978409803,37.29297247810869,42.99641273860326,3.8,13.0,-1.58,23.1
EZPW,2012-06-27,22.31999969482422,22.940000534057617,22.31999969482422,22.850000381469727,237800.0,25.4340180502116,37.60508305312956,32.540795841347034,37.179648374710176,43.041306738317395,3.73,19.0,-1.61,22.62
EZPW,2012-06-28,22.71999931335449,22.799999237060547,22.39999961853028,22.799999237060547,128800.0,25.00451998671162,37.591597806992574,32.45175097950982,37.176674076781055,43.02467037447298,3.65,16.0,-1.63,22.8
EZPW,2012-06-29,23.290000915527344,23.46999931335449,23.100000381469727,23.459999084472656,336400.0,26.282381483350214,38.016529903136174,32.82831818697707,37.28484282112463,43.12339028631338,3.57,21.0,-1.66,21.88
EZPW,2012-07-02,23.46999931335449,23.51000022888184,22.729999542236328,23.3799991607666,500300.0,26.268697824227182,38.01696722873712,32.82856208565286,36.83805122782927,43.114982039710206,3.48,22.0,-1.67,21.88
EZPW,2012-07-03,23.46999931335449,24.14999961853028,23.43000030517578,24.14999961853028,200100.0,27.920140914578685,38.656187048001435,33.283627069897086,37.01300598512121,43.09956546704368,3.38,25.0,-1.69,20.81
EZPW,2012-07-05,24.030000686645508,24.170000076293945,23.82999992370605,23.850000381469727,795200.0,28.157664069092657,38.47513014587792,33.32233922267487,36.70852943188927,43.10123640305363,3.28,26.0,-1.7,20.62
EZPW,2012-07-06,23.559999465942383,23.729999542236328,23.489999771118164,23.549999237060547,131300.0,28.35897700408924,38.51320637330296,33.32696640202575,36.65067452525301,43.06886670169256,3.17,27.0,-1.7,20.48
EZPW,2012-07-09,23.459999084472656,23.690000534057617,23.309999465942383,23.600000381469727,313000.0,28.33004405156024,38.25867410841319,33.33265270665774,36.277329032882975,43.059044642254,3.05,29.0,-1.71,20.48
EZPW,2012-07-10,23.84000015258789,23.84000015258789,23.290000915527344,23.3700008392334,285400.0,28.389605432929265,38.2646964156268,33.30829021543777,36.274967029168465,43.00938243486902,2.94,26.0,-1.71,20.44
EZPW,2012-07-11,23.34000015258789,23.489999771118164,23.049999237060547,23.40999984741211,306800.0,28.083886171962842,38.08798262170147,33.00586350643273,35.53464102354538,43.01075697533012,2.83,24.0,-1.7,21.12
EZPW,2012-07-12,23.26000022888184,23.559999465942383,23.100000381469727,23.459999084472656,213000.0,27.19565492673153,38.01362755760472,33.00826446250074,35.222398678056614,42.8790666838495,2.72,25.0,-1.69,21.17
EZPW,2012-07-13,23.51000022888184,24.1299991607666,23.420000076293945,24.030000686645508,271400.0,27.98480537805342,38.382632653497346,33.23239056415142,35.18551153417589,42.83215277665901,2.59,27.0,-1.67,20.65
EZPW,2012-07-16,24.1299991607666,24.46999931335449,23.940000534057617,24.350000381469727,314300.0,23.29096336828733,38.42126593594974,33.32134873740743,35.11336216481857,42.852171570415955,2.49,30.0,-1.65,20.52
EZPW,2012-07-17,24.440000534057617,24.65999984741211,24.209999084472656,24.489999771118164,236100.0,23.24705563711286,24.376942175996945,33.34225476508998,34.69391267477632,42.84283159890542,2.39,35.0,-1.63,20.49
EZPW,2012-07-18,24.51000022888184,25.3700008392334,24.459999084472656,25.290000915527344,320600.0,24.570613316754123,25.082927490411848,33.78140980018164,34.906361605106426,42.920328305154314,2.28,37.0,-1.59,19.53
EZPW,2012-07-19,25.34000015258789,25.43000030517578,25.06999969482422,25.1299991607666,453000.0,24.670160827050978,24.694871932624647,33.78821098562788,34.894811836203075,42.92286603974765,2.19,38.0,-1.56,19.49
EZPW,2012-07-20,24.90999984741211,24.979999542236328,24.540000915527344,24.75,559200.0,25.090910422849728,24.367589369623847,33.734721205062066,34.260757826591835,42.88127153087397,2.14,37.0,-1.52,19.45
EZPW,2012-07-23,24.450000762939453,24.51000022888184,23.86000061035156,24.299999237060547,235200.0,25.822271420878483,24.562437588819222,33.828350561320754,34.08011208026419,41.78391975523022,2.08,40.0,-1.48,19.11
EZPW,2012-07-24,24.46999931335449,24.46999931335449,23.25,23.729999542236328,335600.0,25.351294827900496,24.964283001924617,33.99354425752543,33.996333314913365,41.82870786677428,2.04,42.0,-1.43,18.57
EZPW,2012-07-25,22.56999969482422,23.14999961853028,22.190000534057617,22.790000915527344,1312700.0,27.334749347094263,26.095538166775977,34.51356042916284,34.30339201904376,41.89777125275696,1.99,65.0,-1.38,17.2
EZPW,2012-07-26,22.89999961853028,23.059999465942383,21.979999542236328,22.11000061035156,753600.0,28.619020441093955,26.658826291456645,34.7481643669499,34.45194126936528,41.95996215109661,1.95,66.0,-1.33,16.59
EZPW,2012-07-27,22.15999984741211,22.63999938964844,22.01000022888184,22.520000457763672,334600.0,29.130580634601184,26.908107890074728,34.53923533010374,34.41610985253043,41.99616504218287,1.9,66.0,-1.29,17.31
EZPW,2012-07-30,22.3799991607666,22.600000381469727,22.25,22.520000457763672,239600.0,29.082643522015395,26.66465464510268,34.50875547257218,34.31196789853631,41.896402730657336,1.85,65.0,-1.24,17.35
EZPW,2012-07-31,22.51000022888184,22.799999237060547,22.43000030517578,22.5,260800.0,28.840773045977073,26.381336234094523,34.36069484930444,34.29789967478107,41.88229390656903,1.82,60.0,-1.18,17.6
EZPW,2012-08-01,22.559999465942383,22.770000457763672,21.81999969482422,21.82999992370605,261500.0,29.393884078752837,27.00397198517412,34.333703889091524,34.382145514826554,41.89855091066029,1.78,58.0,-1.1,17.37
EZPW,2012-08-02,21.71999931335449,22.030000686645508,21.38999938964844,21.89999961853028,241300.0,29.422761826418416,26.936180906663083,34.314011278286486,34.33489414828427,41.89957316863449,1.75,55.0,-1.02,17.4
EZPW,2012-08-03,22.13999938964844,22.6299991607666,22.059999465942383,22.489999771118164,137400.0,30.31628883745735,27.562802601096987,34.54227982489581,34.45814249481042,41.82815803651708,1.72,71.0,-0.93,16.96
EZPW,2012-08-06,22.40999984741211,22.809999465942383,22.350000381469727,22.530000686645508,122600.0,30.31457668384487,27.465345985125346,34.52966751295411,34.311299508167096,41.7153298040075,1.7,70.0,-0.84,17.06
EZPW,2012-08-07,22.600000381469727,23.209999084472656,22.520000457763672,23.020000457763672,191100.0,30.887565952646035,27.85189416074915,34.755361908106266,34.20721454898217,40.736558386953014,1.69,74.0,-0.73,16.69
EZPW,2012-08-08,23.0,23.36000061035156,22.81999969482422,23.1299991607666,172400.0,30.89622627338381,27.633472775021723,34.72522216989933,34.174707424708764,39.839374123312766,1.68,73.0,-0.61,16.85
EZPW,2012-08-09,23.020000457763672,23.38999938964844,22.809999465942383,23.01000022888184,136800.0,29.960360520898554,27.639695573181466,34.194847785042434,34.061423520418636,39.588723417169184,1.68,49.0,-0.49,17.8
EZPW,2012-08-10,23.0,23.200000762939453,22.75,23.1299991607666,205000.0,29.984999037179545,27.44259191249781,34.18960122028552,33.98224989335345,38.93788054550114,1.68,49.0,-0.34,17.91
EZPW,2012-08-13,23.020000457763672,23.15999984741211,22.68000030517578,23.020000457763672,167100.0,28.80751615775366,27.339212452647793,34.18311046835159,33.98522797582639,38.79944384346729,1.68,49.0,-0.18,17.89
EZPW,2012-08-14,23.170000076293945,23.21999931335449,22.549999237060547,22.63999938964844,247600.0,29.171507802247064,27.524985775972578,34.21890874588721,33.86397856801786,38.7571231756587,1.68,53.0,-0.02,17.68
EZPW,2012-08-15,22.68000030517578,23.190000534057617,22.530000686645508,23.100000381469727,173100.0,28.145465317977013,27.833546449557712,34.37498642905599,33.55601679103998,38.79412429519674,1.68,66.0,0.17,17.39
EZPW,2012-08-16,23.1200008392334,23.459999084472656,22.950000762939453,23.350000381469727,206400.0,28.161700753567224,27.923706610677584,34.23095430263607,33.58468702722304,38.7988166585389,1.68,53.0,0.35,17.67
EZPW,2012-08-17,23.270000457763672,23.489999771118164,23.11000061035156,23.39999961853028,147900.0,27.94167119385973,27.91188515638483,34.23823722628066,33.01876344510915,38.133402835713795,1.67,53.0,0.55,17.7
EZPW,2012-08-20,23.350000381469727,23.38999938964844,22.729999542236328,22.920000076293945,221400.0,28.55375116592712,28.20286693954504,34.34879153015144,33.093106108501416,38.183752524539635,1.66,62.0,0.77,17.35
EZPW,2012-08-21,23.059999465942383,23.63999938964844,23.040000915527344,23.32999992370605,187800.0,28.926914184641678,28.425573998593617,34.50981693037112,33.08271007727811,38.207221878145624,1.65,71.0,1.0,17.07
EZPW,2012-08-22,23.26000022888184,23.420000076293945,22.96999931335449,23.170000076293945,110400.0,28.9884189329474,28.30901561009112,34.51428935635272,32.95929343477139,37.55072821158119,1.64,72.0,1.26,17.04
EZPW,2012-08-23,23.040000915527344,23.170000076293945,22.770000457763672,22.790000915527344,146100.0,29.352528577352643,28.056540558118208,34.31852944984871,32.95467622001537,37.546390625944134,1.63,55.0,1.38,17.27
EZPW,2012-08-24,22.700000762939453,23.420000076293945,22.670000076293945,23.14999961853028,176200.0,28.831191333436113,28.20805305783593,34.427759034220834,33.0016057566601,37.50452512320329,1.61,66.0,1.53,17.17
EZPW,2012-08-27,23.190000534057617,23.309999465942383,22.920000076293945,23.049999237060547,142800.0,28.512653052350423,26.074056943196766,34.23930958421279,32.65307267674196,37.42195957586657,1.6,48.0,1.78,17.72
EZPW,2012-08-28,23.13999938964844,23.40999984741211,23.049999237060547,23.25,209100.0,28.591966289975296,26.118668404754764,34.28701220484604,32.131546783926105,37.09655613664789,1.59,50.0,2.07,17.69
EZPW,2012-08-29,23.229999542236328,23.36000061035156,23.0,23.309999465942383,172900.0,26.774234932564777,25.98841481883472,34.194726118438844,32.06770602788408,37.09685193258132,1.58,40.0,2.45,18.03
EZPW,2012-08-30,23.13999938964844,23.15999984741211,22.690000534057617,22.709999084472656,141800.0,27.604425096534502,26.47683434795975,34.22801804594682,32.20204592726149,37.16915217017004,1.56,44.0,2.94,17.94
EZPW,2012-08-31,22.920000076293945,22.979999542236328,22.5,22.64999961853028,242600.0,27.374535830176438,26.44799397721887,34.22380123138242,31.476107427943102,37.04760027254763,1.55,43.0,3.5,17.97
EZPW,2012-09-04,22.61000061035156,23.11000061035156,22.299999237060547,22.979999542236328,229200.0,27.423058623021657,26.614324114631266,34.17271840188501,31.4540893046451,36.99364418970511,1.54,35.0,4.1,18.07
EZPW,2012-09-05,22.940000534057617,22.940000534057617,22.21999931335449,22.43000030517578,213700.0,27.45727167634272,26.426567397787338,34.33686971653097,31.571341970389277,36.81098134457654,1.51,58.0,4.73,17.55
EZPW,2012-09-06,22.549999237060547,23.209999084472656,22.459999084472656,22.82999992370605,202700.0,25.46136246340776,26.190377814399383,34.3858261995058,31.46884967381715,36.825182932158015,1.49,63.0,5.14,17.46
EZPW,2012-09-07,22.96999931335449,23.450000762939453,22.729999542236328,23.440000534057617,284100.0,24.881507489303058,26.655485089372092,34.654396003348694,31.550256778891978,36.91440028125611,1.46,75.0,4.68,16.96
EZPW,2012-09-10,23.440000534057617,24.280000686645508,23.440000534057617,24.1299991607666,258800.0,25.670323615672114,27.27217075488625,34.94775342787803,31.740007734884845,36.95551755428809,1.43,81.0,3.32,16.57
EZPW,2012-09-11,24.059999465942383,24.209999084472656,23.76000022888184,23.8799991607666,141300.0,25.927641019465757,27.359287560247104,34.87170803011456,31.64544413475011,36.966249435184636,1.4,79.0,0.41,16.78
EZPW,2012-09-12,23.90999984741211,24.170000076293945,23.6200008392334,23.770000457763672,114000.0,25.98562168030495,27.240204774273742,26.148135177355076,31.6196624486765,36.939211529949226,1.56,1.0,0.61,0.11
EZPW,2012-09-13,23.809999465942383,24.5,23.489999771118164,24.38999938964844,255500.0,25.031393014085136,27.365164342132854,26.362190597122993,31.709000320270448,36.97813324427691,1.71,2.0,0.76,0.08
EZPW,2012-09-14,24.0,24.979999542236328,23.86000061035156,24.89999961853028,359300.0,25.51021689765533,27.647512671697143,26.345391502582167,31.595661669714083,37.040853159980585,1.83,2.0,0.88,0.08
EZPW,2012-09-17,24.82999992370605,24.88999938964844,24.11000061035156,24.309999465942383,244500.0,25.875262519482867,28.01450972305056,26.333863954286596,31.680071997419113,37.108149525088336,1.95,2.0,0.97,0.07
EZPW,2012-09-18,24.350000381469727,24.350000381469727,24.0,24.18000030517578,141400.0,25.977369252419756,28.041174903607992,26.318988665798766,31.595226209946,37.0985500666459,2.06,2.0,0.92,0.07
EZPW,2012-09-19,24.3799991607666,24.3799991607666,23.8700008392334,24.200000762939453,149100.0,25.335506176817425,28.011470520781735,26.319757249360244,31.38335432352394,37.05172894013827,2.16,3.0,0.69,0.07
EZPW,2012-09-20,24.1200008392334,24.6299991607666,24.11000061035156,24.520000457763672,152400.0,25.539812456758128,28.1082233558141,26.35943712349596,30.95086037091816,37.07368083384406,2.25,6.0,0.47,0.06
EZPW,2012-09-21,24.86000061035156,24.93000030517578,24.459999084472656,24.520000457763672,532100.0,25.457691734797795,27.605043411969675,26.34774326114688,30.930152900439822,36.889013621025775,2.34,6.0,-0.13,0.07
EZPW,2012-09-24,24.350000381469727,24.350000381469727,24.040000915527344,24.200000762939453,157300.0,25.816983734433112,27.752802865978033,26.32430714145234,30.925943382812203,36.578168288886566,2.41,4.0,-0.6,0.08
EZPW,2012-09-25,24.25,24.280000686645508,23.200000762939453,23.229999542236328,243500.0,28.5595162116395,28.44948294981152,26.90931559676058,31.217352638035333,36.79566570314979,2.47,10.0,-0.79,0.1
EZPW,2012-09-26,23.209999084472656,23.209999084472656,22.290000915527344,22.38999938964844,268000.0,30.15499039939376,29.420198032333623,27.32103633640117,31.47926510735028,36.96894623584504,2.53,11.0,-0.82,0.08
EZPW,2012-09-27,22.5,23.07999992370605,22.31999969482422,23.07999992370605,187400.0,30.896182328428278,29.32439404006771,27.773234425456206,31.69595638312223,36.66095506614783,2.57,12.0,-0.81,0.01
EZPW,2012-09-28,22.950000762939453,23.049999237060547,22.82999992370605,22.93000030517578,174000.0,30.77738635318454,29.247606106803552,27.719198862629714,31.68638550939499,36.522244501713544,2.6,12.0,-0.76,0.04
EZPW,2012-10-01,23.14999961853028,23.25,22.959999084472656,23.1299991607666,186500.0,30.886366017800203,29.20052699687199,27.749678345058886,31.599225455098605,36.48930509768291,2.65,13.0,-0.68,0.03
EZPW,2012-10-02,23.25,23.31999969482422,23.0,23.21999931335449,241100.0,30.296042012476263,29.20900123292987,27.706401378830915,31.58888583823924,36.14751082759221,2.69,12.0,-0.65,0.05
EZPW,2012-10-03,23.25,23.450000762939453,22.600000381469727,22.770000457763672,202600.0,30.374225930505222,29.413146720859434,27.85339842011158,31.650937585475862,35.325096132202326,2.73,16.0,-0.67,-0.02
EZPW,2012-10-04,22.81999969482422,22.979999542236328,22.43000030517578,22.709999084472656,271000.0,30.325375225458153,29.413112114738187,27.7014768464036,31.606105532294553,35.3238297107976,2.77,12.0,-0.61,0.05
EZPW,2012-10-05,22.76000022888184,22.89999961853028,21.780000686645508,21.90999984741211,462400.0,31.690637466818462,30.28528247070067,28.24983824331142,31.8154080093631,35.34366574647737,2.8,18.0,-0.55,-0.05
EZPW,2012-10-08,21.850000381469727,21.850000381469727,19.71999931335449,20.38999938964844,1870100.0,37.28223135517914,33.128503473316606,30.288926963378383,32.86736914517174,35.911023806777244,2.8,19.0,0.41,1.07
EZPW,2012-10-09,20.39999961853028,20.420000076293945,19.64999961853028,20.020000457763672,735000.0,37.50502803217501,33.10985282704197,30.351973186071763,32.925892090630995,35.75168191472526,2.8,20.0,1.3,1.04
EZPW,2012-10-10,20.0,20.09000015258789,19.040000915527344,19.290000915527344,811100.0,38.42634789014869,33.77170911687927,30.864729254649554,33.18067442939489,35.925284336982145,2.8,21.0,2.6,0.84
EZPW,2012-10-11,19.36000061035156,19.739999771118164,19.21999931335449,19.6200008392334,648400.0,38.93546821126688,33.21690466296575,30.992610899925065,33.19917569050892,35.9266664512797,2.8,22.0,2.67,0.8
EZPW,2012-10-12,19.530000686645508,19.559999465942383,18.450000762939453,18.940000534057617,753200.0,39.44073199412259,33.819141457926044,31.430905152327853,33.402769742450815,35.75903400935267,2.79,23.0,3.08,0.63
EZPW,2012-10-15,18.940000534057617,18.940000534057617,18.600000381469727,18.700000762939453,634000.0,39.473665913487025,33.78994276074047,31.471581409075363,33.365259326488605,35.749554373409076,2.79,24.0,3.23,0.6
EZPW,2012-10-16,18.709999084472656,19.0,18.709999084472656,18.790000915527344,597500.0,39.12792961649905,33.722712358093446,31.47271035705186,33.37480979277957,35.52021392272265,2.79,25.0,3.04,0.6
EZPW,2012-10-17,18.770000457763672,19.059999465942383,18.489999771118164,19.030000686645508,608300.0,39.154826747047935,33.65158802906475,31.53728644060465,32.365677719375014,35.48292293659527,2.78,26.0,2.69,0.59
EZPW,2012-10-18,19.030000686645508,19.790000915527344,19.030000686645508,19.6299991607666,470500.0,40.02369790845339,33.505721472340696,31.886509121060865,32.56110374740712,35.36353048861901,2.78,27.0,2.33,0.52
EZPW,2012-10-19,19.530000686645508,19.600000381469727,19.0,19.209999084472656,360600.0,39.1594477568534,33.244672157033676,31.831379831103558,32.55527068480031,35.40732827724918,2.78,27.0,1.97,0.54
EZPW,2012-10-22,19.11000061035156,19.440000534057617,19.11000061035156,19.40999984741211,284000.0,38.041160592874256,33.07144434979878,31.876558651928132,32.54289645496562,34.896414530645735,2.78,28.0,1.63,0.55
EZPW,2012-10-23,19.239999771118164,19.479999542236328,19.209999084472656,19.36000061035156,276400.0,38.05239996228102,33.06741748688851,30.842702491378652,32.54247119186128,34.66237762753956,2.78,21.0,1.34,0.64
EZPW,2012-10-24,19.489999771118164,19.559999465942383,19.31999969482422,19.5,206500.0,38.27022809025167,33.12602465333478,30.872641379352338,32.56229693055979,34.56352661378459,2.78,23.0,1.08,0.64
EZPW,2012-10-25,19.600000381469727,19.93000030517578,19.51000022888184,19.93000030517578,243600.0,37.997069089487674,32.974168486523304,31.00433435656498,32.68315214851596,34.55572491516151,2.78,25.0,0.84,0.6
EZPW,2012-10-26,19.8700008392334,20.01000022888184,19.700000762939453,19.88999938964844,178700.0,37.13299116210602,32.959605361717024,30.954777619421968,32.68206642915475,34.237716275009696,2.77,24.0,0.62,0.61
EZPW,2012-10-31,19.56999969482422,19.8700008392334,19.530000686645508,19.65999984741211,140900.0,36.82763721848967,32.49078344538029,30.986680928337414,32.68069946788864,34.251231167610484,2.77,25.0,0.41,0.59
EZPW,2012-11-01,19.729999542236328,19.950000762939453,19.51000022888184,19.8700008392334,219500.0,37.1820941549853,32.58797755013072,31.045519686508953,32.71570881059868,34.25641815762624,2.77,28.0,0.23,0.58
EZPW,2012-11-02,19.89999961853028,20.040000915527344,19.56999969482422,19.739999771118164,220700.0,37.116427302750864,32.225150818245815,30.748526051727072,32.695261551335996,33.78206875766565,2.77,21.0,0.08,0.7
EZPW,2012-11-05,19.799999237060547,20.63999938964844,19.799999237060547,20.3700008392334,424700.0,38.32757245068296,32.93891576260876,30.911653316512037,32.771558678314406,33.754708765275254,2.76,25.0,-0.04,0.68
EZPW,2012-11-06,20.5,20.989999771118164,20.32999992370605,20.75,433600.0,38.95578481195508,33.200801609689115,31.036914100949343,32.85919438784589,33.66955218591674,2.75,30.0,-0.14,0.66
EZPW,2012-11-07,18.940000534057617,19.14999961853028,17.020000457763672,17.809999465942383,1573700.0,57.78833067943282,45.35597818016239,39.31549278478088,37.35197462056794,36.91540045110648,2.84,100.0,-0.07,12.29
EZPW,2012-11-08,17.600000381469727,17.93000030517578,17.520000457763672,17.559999465942383,813300.0,57.069353036890305,45.40022750218628,39.33860700213721,37.37272484795351,36.92148978072174,2.92,100.0,-0.01,12.17
EZPW,2012-11-09,17.530000686645508,18.239999771118164,17.5,17.90999984741211,477300.0,57.055343667215965,45.596754926700186,39.462069019170535,37.467757440724924,36.904787677204325,3.0,100.0,-0.08,12.11
EZPW,2012-11-12,18.030000686645508,18.030000686645508,17.299999237060547,17.31999969482422,286000.0,56.37708539113709,45.71405340198395,39.5765167739023,37.63418230644136,36.96711684256332,3.08,100.0,-0.08,11.74
EZPW,2012-11-13,17.290000915527344,17.299999237060547,16.920000076293945,17.239999771118164,278100.0,56.3886351560223,45.598913771426666,39.57737932075185,37.63434124131157,36.95715518135603,3.16,100.0,-0.11,11.73
EZPW,2012-11-14,17.25,17.280000686645508,16.799999237060547,16.8700008392334,326800.0,56.22416657442783,45.699789450724566,39.66762542340922,37.63164946230446,36.950051370033044,3.23,100.0,-0.1,11.56
EZPW,2012-11-15,16.899999618530273,17.0,16.649999618530273,16.940000534057617,335500.0,56.22994271071068,45.62892892492118,39.68280436883942,37.64127857637978,36.92328941801832,3.31,100.0,-0.16,11.56
EZPW,2012-11-16,16.8799991607666,17.0,16.56999969482422,16.90999984741211,212300.0,56.21737964624454,45.3876741316906,39.68162921677034,37.64091705362589,36.89501320587526,3.38,99.0,-0.23,11.57
EZPW,2012-11-19,17.079999923706055,17.850000381469727,17.040000915527344,17.829999923706055,591500.0,59.081097324565214,46.93367674736497,40.655744324801496,38.22843170842707,37.21130634478451,3.48,100.0,-0.36,10.63
EZPW,2012-11-20,17.760000228881836,17.809999465942383,17.399999618530273,17.56999969482422,349200.0,58.5315661161456,46.91474376698659,40.430238382563154,38.235663101522796,37.100910221716745,3.56,99.0,-0.48,10.78
EZPW,2012-11-21,17.65999984741211,18.14999961853028,17.25,18.06999969482422,131700.0,56.07182250245628,47.20815798108258,40.722695709906716,38.22187576561341,37.197785827060834,3.65,100.0,-0.6,10.51
EZPW,2012-11-23,18.18000030517578,18.239999771118164,18.010000228881836,18.11000061035156,99700.0,55.932767343649616,47.22599902365901,40.42823038858682,38.20996797375899,37.12757481163762,3.73,97.0,-0.71,10.8
EZPW,2012-11-26,18.07999992370605,18.71999931335449,18.010000228881836,18.709999084472656,426400.0,55.92240527742931,47.752484270244175,40.811780923483184,38.36704263787225,37.224476583787066,3.81,100.0,-0.8,10.44
EZPW,2012-11-27,18.64999961853028,18.940000534057617,18.59000015258789,18.76000022888184,361200.0,55.675953757292305,47.75299558279055,40.44079458756986,38.23205047849106,37.22664141907679,3.89,97.0,-0.88,10.8
EZPW,2012-11-28,18.6299991607666,18.82999992370605,18.280000686645508,18.729999542236328,432500.0,54.74829672974769,47.52424878130837,40.409366398761705,38.216650501564295,37.11832430407175,3.95,94.0,-0.95,10.88
EZPW,2012-11-29,18.940000534057617,19.31999969482422,18.56999969482422,19.299999237060547,1862100.0,55.30651394263965,48.00867539560551,40.70008876295492,38.36548276771992,36.98633483561003,4.03,98.0,-1.0,10.66
EZPW,2012-11-30,19.350000381469727,19.350000381469727,19.13999938964844,19.21999931335449,356100.0,55.31466913302589,47.87634413103449,40.69614387887579,38.35248924816472,36.987058613453755,4.09,97.0,-1.06,10.64
EZPW,2012-12-03,19.34000015258789,19.40999984741211,18.989999771118164,19.09000015258789,221700.0,55.23741195511359,47.67877768990959,40.684383635662385,38.3553468722005,36.6173149210859,4.16,96.0,-1.11,10.67
EZPW,2012-12-04,19.020000457763672,19.299999237060547,18.670000076293945,18.90999984741211,419100.0,54.50889399498416,47.507864098947174,40.69699802910831,38.33606009614043,36.62096672357894,4.22,97.0,-1.16,10.61
EZPW,2012-12-05,18.959999084472656,19.290000915527344,18.700000762939453,19.100000381469727,256000.0,54.251324235464814,47.190963213423245,40.73711871053292,38.10557948468063,36.58589706575899,4.29,99.0,-1.2,10.59
EZPW,2012-12-06,19.11000061035156,19.15999984741211,18.799999237060547,18.89999961853028,331700.0,54.23610247626897,46.72398505462404,40.54313347723471,38.0992347023912,36.50962853576489,4.34,92.0,-1.23,10.72
EZPW,2012-12-07,19.020000457763672,19.209999084472656,18.850000381469727,19.170000076293945,113900.0,54.408018900308505,46.8531426065555,40.55279648949929,38.14968414323152,36.51093086158075,4.4,92.0,-1.25,10.71
EZPW,2012-12-10,19.15999984741211,19.290000915527344,19.0,19.18000030517578,743200.0,54.362059012869125,46.86050125903017,40.534653157688474,38.13851167892602,36.501508284712294,4.45,90.0,-1.28,10.72
EZPW,2012-12-11,19.290000915527344,19.88999938964844,19.239999771118164,19.68000030517578,397600.0,54.51397871012604,46.86012541284644,40.40801029553005,38.26660313977519,36.38240303117333,4.5,85.0,-1.3,10.85
EZPW,2012-12-12,19.780000686645508,19.809999465942383,19.290000915527344,19.39999961853028,361000.0,54.66192638432542,46.63450529748662,40.44716776710959,38.187374995540694,36.05453706756745,4.55,89.0,-1.33,10.77
EZPW,2012-12-13,19.350000381469727,19.479999542236328,19.15999984741211,19.350000381469727,337000.0,54.56940671576058,46.451898124955484,40.39628687843182,38.18476474242564,36.013980283696576,4.6,83.0,-1.35,10.88
EZPW,2012-12-14,18.770000457763672,18.96999931335449,18.190000534057617,18.6200008392334,576400.0,55.542979836933824,46.99132615155739,40.72236861673632,38.4152315946465,36.20208107225937,4.65,97.0,-1.37,10.41
EZPW,2012-12-17,18.65999984741211,19.25,18.65999984741211,19.25,239800.0,56.46139781929366,47.61058482553031,40.97625405614846,38.654083067680226,35.919460442101695,4.7,100.0,-1.38,10.3
EZPW,2012-12-18,19.100000381469727,19.56999969482422,19.100000381469727,19.549999237060547,403900.0,55.85557102536245,47.648356072493726,40.60436985507986,38.7152294799173,35.91395722740917,4.75,90.0,-1.39,10.93
EZPW,2012-12-19,19.600000381469727,19.850000381469727,19.520000457763672,19.729999542236328,958900.0,55.632624610294876,47.71634347356865,40.37548741651646,38.62132060720938,35.92548075326918,4.79,79.0,-1.4,11.38
EZPW,2012-12-20,19.739999771118164,19.850000381469727,19.57999992370605,19.82999992370605,374400.0,32.29018826302308,47.707068243957075,40.266858374166524,38.61597390815932,35.82121526533283,4.82,78.0,-1.4,11.48
EZPW,2012-12-21,19.479999542236328,19.940000534057617,19.450000762939453,19.88999938964844,1108900.0,31.85204082349346,47.073974970701535,40.272143443586515,38.52351055886313,35.77003414410099,4.86,78.0,-1.4,11.48
EZPW,2012-12-24,19.850000381469727,19.989999771118164,19.709999084472656,19.989999771118164,87300.0,31.51015045885276,46.5520986574494,40.284364413479544,38.53120427500988,35.773120489429964,4.9,78.0,-1.39,11.49
EZPW,2012-12-26,20.0,20.059999465942383,19.809999465942383,19.86000061035156,185700.0,29.661571850035877,46.07219416928338,40.02419375548679,38.480115232517456,35.6998577381212,4.93,75.0,-1.4,11.94
EZPW,2012-12-27,19.81999969482422,19.920000076293945,19.520000457763672,19.64999961853028,227400.0,29.87338156653524,46.09519022577778,40.04793375852864,38.40692143902299,35.691997068311096,4.96,75.0,-1.4,11.85
EZPW,2012-12-28,19.489999771118164,19.799999237060547,19.46999931335449,19.600000381469727,200100.0,28.922416034227936,46.03546669158756,39.801875113685504,38.40419458638753,35.64744023589857,4.99,73.0,-1.39,12.1
EZPW,2012-12-31,19.57999992370605,19.89999961853028,19.36000061035156,19.88999938964844,333700.0,29.056414991956135,46.15515229331486,39.880591273303644,38.38105364798826,35.55431051487305,5.02,73.0,-1.38,12.03
EZPW,2013-01-02,20.299999237060547,20.299999237060547,20.07999992370605,20.190000534057617,559000.0,29.104871793329636,46.15490572794986,39.798951905617194,38.43543933864865,35.56387305685233,5.05,71.0,-1.36,12.12
EZPW,2013-01-03,20.15999984741211,20.299999237060547,20.049999237060547,20.06999969482422,282500.0,25.627473102826393,46.161878934743676,39.793680099909174,38.387254753944426,35.513317330248114,5.07,70.0,-1.33,12.09
EZPW,2013-01-04,20.18000030517578,20.5,20.07999992370605,20.309999465942383,299600.0,25.10038359142409,45.703403524072925,39.844765570351875,38.40245093544667,35.397904786203036,5.1,72.0,-1.3,12.08
EZPW,2013-01-07,20.270000457763672,20.459999084472656,20.200000762939453,20.290000915527344,141900.0,24.15852869539749,43.268044094157354,39.831375738126255,38.36366028725911,35.10641599963918,5.12,71.0,-1.27,12.07
EZPW,2013-01-08,20.21999931335449,20.3799991607666,20.01000022888184,20.34000015258789,202500.0,24.157152518255867,43.1033274593801,39.83193453612653,38.31685996995242,35.09325187271793,5.15,71.0,-1.23,12.1
EZPW,2013-01-09,20.39999961853028,21.049999237060547,20.350000381469727,20.790000915527344,332200.0,23.23224331761593,42.60991824136566,39.92204175939791,34.37730364890556,35.14383712599924,5.17,73.0,-1.2,12.11
EZPW,2013-01-10,20.89999961853028,20.89999961853028,20.559999465942383,20.76000022888184,216700.0,23.27578267885259,42.48677398190648,39.78027100274228,34.32689409220645,35.092643866392706,5.2,65.0,-1.16,12.24
EZPW,2013-01-11,20.81999969482422,20.82999992370605,20.450000762939453,20.51000022888184,373000.0,23.667383559272643,41.90476036270336,39.77284934628678,34.24427948654178,35.09120801872771,5.22,64.0,-1.11,12.17
EZPW,2013-01-14,20.459999084472656,20.780000686645508,20.43000030517578,20.65999984741211,450900.0,22.29589176848862,41.81833087569221,39.79255964422329,34.13801556307582,35.100830249162385,5.24,65.0,-1.06,12.16
EZPW,2013-01-15,20.59000015258789,20.64999961853028,20.420000076293945,20.540000915527344,283400.0,22.34295192572078,41.840950803661094,39.67701105937485,34.130480374311304,35.09279223390548,5.26,60.0,-1.02,12.39
EZPW,2013-01-16,20.43000030517578,20.440000534057617,20.1200008392334,20.1299991607666,333600.0,23.133560582991198,42.006504841231674,39.67532411862958,34.20070357785236,35.07394952254141,5.28,59.0,-0.96,12.25
EZPW,2013-01-17,20.290000915527344,20.709999084472656,20.25,20.5,386400.0,23.355094260588853,41.694924923754414,39.788121460718706,34.2593603737075,35.11834837866407,5.3,64.0,-0.9,12.17
EZPW,2013-01-18,20.5,20.61000061035156,20.36000061035156,20.489999771118164,180900.0,23.267604410271698,41.435180321056215,39.71240048025945,34.25313358089494,35.10878071797072,5.32,61.0,-0.84,12.35
EZPW,2013-01-22,20.5,20.739999771118164,20.06999969482422,20.68000030517578,434800.0,23.02140785701087,41.425036331498845,39.65641453965244,34.238892521334364,35.09423878581611,5.33,55.0,-0.77,12.41
EZPW,2013-01-23,20.89999961853028,23.600000381469727,20.88999938964844,23.1299991607666,1162300.0,39.02746584327305,47.238770597906544,43.525676801747416,36.698744457489475,36.83133505759732,5.39,100.0,-0.78,10.77
EZPW,2013-01-24,23.31999969482422,24.059999465942383,23.280000686645508,23.309999465942383,537400.0,38.99133566672611,47.240999015933305,43.52143895786414,36.631740316616686,36.82312884558783,5.45,99.0,-0.78,10.77
EZPW,2013-01-25,23.489999771118164,23.549999237060547,23.190000534057617,23.46999931335449,317400.0,38.56360992537467,47.0854002928316,43.53306152485319,36.6390638840098,36.830377141848224,5.51,100.0,-0.78,10.77
EZPW,2013-01-28,23.489999771118164,23.59000015258789,22.68000030517578,22.790000915527344,411600.0,39.48598149862107,47.53552094370039,43.58704218705596,36.76892245888032,36.932994559343705,5.57,100.0,-0.78,10.7
EZPW,2013-01-29,22.700000762939453,22.780000686645508,22.239999771118164,22.700000762939453,516200.0,39.512063808388405,47.46564558611418,43.5895923318717,36.766200279130054,36.90326679218987,5.62,100.0,-0.78,10.69
EZPW,2013-01-30,22.600000381469727,22.65999984741211,22.100000381469727,22.25,349000.0,38.07227020488025,47.65390615934792,43.64250381125252,36.81699826509678,36.93712071351267,5.67,100.0,-0.76,10.57
EZPW,2013-01-31,22.14999961853028,22.39999961853028,22.040000915527344,22.200000762939453,390100.0,37.23873117339429,47.629428407738416,43.47524947600447,36.812567499921514,36.89161376037143,5.72,94.0,-0.75,10.81
EZPW,2013-02-01,22.3799991607666,22.3799991607666,21.86000061035156,21.90999984741211,481000.0,37.446359891401656,47.326837636422944,43.429732735300306,36.77654972537282,36.911763042277826,5.76,93.0,-0.72,10.81
EZPW,2013-02-04,21.700000762939453,21.700000762939453,20.809999465942383,21.07999992370605,766800.0,39.36319535290377,47.88049587820786,43.63450209688222,37.04769056688511,36.4516227470379,5.81,99.0,-0.65,10.47
EZPW,2013-02-05,21.25,21.299999237060547,20.440000534057617,21.239999771118164,700400.0,39.38565141528488,35.721554868690845,43.39037231137406,37.004507951634444,36.43772441088033,5.85,91.0,-0.58,10.73
EZPW,2013-02-06,21.18000030517578,21.559999465942383,20.8799991607666,21.5,574900.0,39.48946826620181,35.591127070932885,43.41737306584139,37.00724673790497,36.41284788847746,5.9,91.0,-0.51,10.73
EZPW,2013-02-07,21.549999237060547,21.549999237060547,20.959999084472656,21.229999542236328,461000.0,39.726164022693936,35.57383685826218,43.45280182806191,37.031714887044835,36.404466851126266,5.85,92.0,-0.43,10.67
EZPW,2013-02-08,21.13999938964844,21.36000061035156,20.90999984741211,21.32999992370605,433800.0,39.6498424967017,34.75958631878808,43.249367623737214,37.03101206306383,36.40950247477882,5.8,88.0,-0.37,10.89
EZPW,2013-02-11,21.26000022888184,21.420000076293945,21.13999938964844,21.299999237060547,375200.0,39.47658600097233,34.733776776442724,43.10480397996408,37.02923889079288,36.40911728182841,5.74,87.0,-0.37,11.03
EZPW,2013-02-12,21.280000686645508,21.51000022888184,21.190000534057617,21.5,255600.0,39.49001948153918,34.35156722043143,42.98810026404576,37.04438433357322,36.422953819414076,5.67,86.0,-0.33,11.24
EZPW,2013-02-13,21.6200008392334,21.86000061035156,21.479999542236328,21.780000686645508,694300.0,39.44861034791122,34.39993874588638,43.041443009813094,37.07389284699435,36.45059438891477,5.6,86.0,-0.3,11.2
EZPW,2013-02-14,21.729999542236328,22.229999542236328,21.729999542236328,22.09000015258789,340100.0,39.42731520093161,34.43663254030165,43.10795405863719,37.10692985963059,36.4730241797436,5.52,87.0,-0.3,11.14
EZPW,2013-02-15,22.25,22.459999084472656,21.950000762939453,22.059999465942383,431500.0,39.35894305085343,32.9341195828871,43.04908138345729,37.071332033980774,36.47281708085341,5.43,85.0,-0.37,11.19
EZPW,2013-02-19,22.170000076293945,22.40999984741211,22.049999237060547,22.3700008392334,337000.0,39.40335820554062,32.77943678194264,43.1147523350248,36.997201682931156,36.492128270728166,5.34,87.0,-0.5,11.13
EZPW,2013-02-20,22.459999084472656,22.64999961853028,21.84000015258789,21.86000061035156,698200.0,40.12108928979599,32.852662251614376,43.21503173200442,37.08260614797421,36.45699363786121,5.25,87.0,-0.57,10.98
EZPW,2013-02-21,21.799999237060547,21.979999542236328,21.40999984741211,21.6299991607666,241600.0,40.29931114714667,32.97298171061989,42.76827501913091,36.58849311737462,36.46412618069622,5.15,80.0,-0.55,11.58
EZPW,2013-02-22,21.799999237060547,21.86000061035156,21.46999931335449,21.670000076293945,251000.0,39.858433064746364,32.3896629306944,42.375802137073634,36.588082635006614,36.45149983198,5.06,79.0,-0.53,12.17
EZPW,2013-02-25,21.81999969482422,21.84000015258789,20.979999542236328,21.01000022888184,262000.0,40.94153217450696,33.10392494313659,42.36313201986866,36.73264152645616,36.56727644180623,4.96,78.0,-0.48,12.07
EZPW,2013-02-26,21.01000022888184,21.07999992370605,20.65999984741211,20.81999969482422,341200.0,40.87038685599199,33.173067599305575,42.37368441093549,36.7271767862461,36.57415828231877,4.86,78.0,-0.42,12.05
EZPW,2013-02-27,20.809999465942383,21.030000686645508,20.75,20.81999969482422,221100.0,40.81977347982076,32.64876785218109,42.3457605180852,36.72013378067941,36.57212548000277,4.76,76.0,-0.37,12.07
EZPW,2013-02-28,20.82999992370605,21.020000457763672,20.64999961853028,20.68000030517578,205000.0,40.832580915851864,32.67146400801396,42.347846343187754,36.727612642029925,36.57569838408234,4.64,76.0,-0.33,12.05
EZPW,2013-03-01,20.450000762939453,21.020000457763672,20.34000015258789,20.979999542236328,219900.0,40.56077186375029,32.7381845944534,42.31526016685999,36.617011008975986,36.57145242693604,4.52,74.0,-0.27,12.16
EZPW,2013-03-04,20.86000061035156,21.13999938964844,20.51000022888184,21.01000022888184,233700.0,40.2458966295207,32.65719573142983,42.3157338301591,36.49756423877667,36.5726618118529,4.39,74.0,-0.22,12.17
EZPW,2013-03-05,21.1200008392334,21.290000915527344,20.86000061035156,21.190000534057617,270700.0,40.30528467248076,32.64276557458126,41.9641946538994,36.49727400341596,36.58669850527584,4.26,72.0,-0.19,12.74
EZPW,2013-03-06,21.25,21.450000762939453,21.040000915527344,21.40999984741211,168200.0,40.325746543388526,32.588051776779764,40.39556818831744,36.5187394305923,36.60549576246089,4.17,50.0,-0.23,14.86
EZPW,2013-03-07,21.36000061035156,21.600000381469727,21.32999992370605,21.59000015258789,224700.0,23.07973987830067,32.5175177935375,40.30143123895879,36.52601247359366,36.60105431083515,4.07,48.0,-0.28,15.08
EZPW,2013-03-08,21.75,21.920000076293945,21.3799991607666,21.690000534057617,194000.0,22.97890440982432,32.52051027706129,39.844432628368835,36.50109972658757,36.44862784945596,3.98,39.0,-0.31,15.97
EZPW,2013-03-11,21.540000915527344,21.59000015258789,21.3700008392334,21.39999961853028,207600.0,23.02266464559015,32.2924804235712,39.83023115065294,36.43727552168576,36.46017970652086,3.89,36.0,-0.34,15.93
EZPW,2013-03-12,21.36000061035156,21.36000061035156,21.1200008392334,21.270000457763672,132500.0,21.657502113748745,32.16502094733866,39.42353039386053,36.443271111620945,36.4158802757755,3.8,18.0,-0.34,16.74
EZPW,2013-03-13,21.32999992370605,21.32999992370605,21.030000686645508,21.1200008392334,105500.0,21.697079887570254,32.20276598337874,39.382821599838195,36.42785604493978,36.32426765512737,3.71,17.0,-0.31,16.84
EZPW,2013-03-14,21.170000076293945,21.46999931335449,20.950000762939453,21.1299991607666,288200.0,21.054540647287975,31.11160877293308,39.37878771516088,36.42756736365039,36.31614469885134,3.62,16.0,-0.28,16.83
EZPW,2013-03-15,21.200000762939453,21.8700008392334,21.030000686645508,21.43000030517578,473000.0,21.546279684026075,30.533935956353275,39.38988834221572,36.46322434067357,36.31856975903376,3.52,17.0,-0.28,16.82
EZPW,2013-03-18,21.299999237060547,21.59000015258789,21.15999984741211,21.239999771118164,130200.0,21.375806924851382,30.476122233626512,39.12879891312638,36.4774968107573,36.31289524361564,3.43,12.0,-0.28,17.23
EZPW,2013-03-19,21.350000381469727,21.40999984741211,20.64999961853028,20.88999938964844,190900.0,18.811587329459968,30.652377786141606,39.063741696176784,36.383008660754406,36.34353399325124,3.33,11.0,-0.26,17.37
EZPW,2013-03-20,21.100000381469727,21.100000381469727,20.68000030517578,20.88999938964844,140100.0,18.664008588814703,30.640978937113523,39.03408764926232,36.38249737359546,36.31902429871812,3.23,10.0,-0.24,17.41
EZPW,2013-03-21,20.729999542236328,21.0,20.57999992370605,20.600000381469727,115400.0,18.653868760637263,30.787682642369273,39.100620240375434,36.25258536123708,36.15572533193417,3.09,11.0,-0.22,17.24
EZPW,2013-03-22,20.739999771118164,20.809999465942383,20.520000457763672,20.71999931335449,83200.0,18.45545965400608,30.7929868145419,39.09526026643121,36.259365022181576,36.14746852449259,2.95,10.0,-0.2,17.25
EZPW,2013-03-25,20.88999938964844,21.13999938964844,20.61000061035156,20.770000457763672,183700.0,18.407939672972297,30.759143529082312,38.94843819884987,36.04725268199113,36.14859669335013,2.8,7.0,-0.19,17.51
EZPW,2013-03-26,20.8700008392334,21.459999084472656,20.850000381469727,21.38999938964844,368300.0,20.39263211269415,31.217874536328228,39.21720208556062,36.19718070948619,36.274944883113655,2.64,12.0,-0.2,17.04
EZPW,2013-03-27,21.229999542236328,21.65999984741211,21.190000534057617,21.3700008392334,201100.0,20.206196559298395,31.21088274939859,39.16813418784619,36.168788293044926,36.261955561474934,2.46,11.0,-0.2,17.17
EZPW,2013-03-28,21.420000076293945,21.43000030517578,21.100000381469727,21.299999237060547,136100.0,19.832937059227234,31.102204083842654,39.14184980926798,36.16884171408245,36.19183514601493,2.27,10.0,-0.21,17.19
EZPW,2013-04-01,21.25,21.350000381469727,20.6200008392334,20.850000381469727,289800.0,20.183679241518053,31.30259041376931,39.2818188750268,36.23614175801957,36.24166861180464,2.05,12.0,-0.19,16.87
EZPW,2013-04-02,20.0,20.170000076293945,19.350000381469727,19.57999992370605,1002200.0,26.8121803423229,33.87223029821871,40.23475304857772,36.97487095176199,36.751533193022695,1.8,44.0,-0.21,15.22
EZPW,2013-04-03,19.64999961853028,19.64999961853028,19.040000915527344,19.1299991607666,467800.0,26.818533576471754,34.09204149774695,40.28171613965556,37.06653405954615,36.81222056652663,1.51,46.0,-0.26,15.04
EZPW,2013-04-04,19.11000061035156,19.36000061035156,18.709999084472656,19.25,396900.0,26.466897509781333,34.124413508084025,32.086665280548345,36.95637841130948,36.821652277471564,1.74,1.0,-0.19,8.74
EZPW,2013-04-05,18.8799991607666,19.1299991607666,18.709999084472656,19.049999237060547,266900.0,26.46415104711803,34.172948939917326,32.04830899189346,36.932109205380975,36.74589299010644,1.94,1.0,-0.14,8.78
EZPW,2013-04-08,19.07999992370605,19.43000030517578,19.01000022888184,19.39999961853028,283700.0,27.205122295853734,34.07553718668744,32.026233095328685,36.995284385830736,36.78801604969459,2.12,1.0,-0.06,8.81
EZPW,2013-04-09,19.479999542236328,19.540000915527344,19.14999961853028,19.14999961853028,229300.0,26.11864401938781,34.161505089304995,31.630012111098242,36.805837683475964,36.726364711289314,2.3,1.0,-0.02,9.27
EZPW,2013-04-10,19.270000457763672,19.81999969482422,19.270000457763672,19.780000686645508,233100.0,27.988197930750015,34.77345878032411,32.00533230512355,37.01918098863909,36.884118034270976,2.45,2.0,0.04,8.66
EZPW,2013-04-11,19.780000686645508,20.229999542236328,19.6200008392334,20.09000015258789,267300.0,28.430074177818614,34.89458720784855,31.867799073110287,37.03558580887151,36.88145760306699,2.6,2.0,-0.01,8.74
EZPW,2013-04-12,20.049999237060547,20.100000381469727,19.13999938964844,19.270000457763672,419900.0,30.732138782830067,35.88891427517794,32.60160751560966,37.28993673885035,37.030245428079986,2.71,7.0,-0.14,8.03
EZPW,2013-04-15,19.15999984741211,19.15999984741211,17.760000228881836,18.010000228881836,1011900.0,35.64763450495452,38.21054443455519,34.38603424407153,38.01633015862995,37.60820623445309,2.78,8.0,-0.39,7.06
EZPW,2013-04-16,18.25,18.309999465942383,17.950000762939453,18.200000762939453,527000.0,35.88767206230098,38.069871549367384,33.38661197993035,37.7595963444899,37.57524733054582,2.86,8.0,-0.42,7.99
EZPW,2013-04-17,18.020000457763672,18.13999938964844,17.559999465942383,17.860000610351562,350400.0,35.88244577638425,38.224883572988524,33.44046426926228,37.65989346826589,37.61223731771175,2.94,9.0,-0.47,7.93
EZPW,2013-04-18,17.850000381469727,18.100000381469727,17.739999771118164,18.040000915527344,315600.0,35.87087678316935,38.235501548856924,33.1790536372852,37.611785338147605,37.59628132327418,3.02,8.0,-0.46,8.27
EZPW,2013-04-19,18.1299991607666,18.190000534057617,17.389999389648438,17.75,584000.0,35.73955408546756,30.018790729008643,33.27624531683066,37.6531672155651,37.6066980864076,3.09,9.0,-0.43,8.18
EZPW,2013-04-22,17.690000534057617,17.899999618530273,17.360000610351562,17.739999771118164,383300.0,35.63043064693963,29.923086454234422,32.858119919658776,37.65323955563096,37.577986355172285,3.17,8.0,-0.38,8.75
EZPW,2013-04-23,17.8799991607666,17.90999984741211,17.1299991607666,17.190000534057617,687600.0,36.30469007410079,30.328340429687177,33.218964487039386,37.6671963104481,37.65502694721987,3.24,10.0,-0.25,8.35
EZPW,2013-04-24,17.059999465942383,17.170000076293945,16.75,17.0,799500.0,36.31932680073895,29.933802198569964,33.25857029626994,37.68104771243568,34.77884334883669,3.31,11.0,-0.11,8.32
EZPW,2013-04-25,17.020000457763672,17.610000610351562,17.020000457763672,17.329999923706055,409800.0,37.13491249524196,30.338804361444343,33.04701105437215,37.61409335570202,34.807994393522534,3.37,9.0,-0.12,8.59
EZPW,2013-04-26,17.299999237060547,17.40999984741211,17.010000228881836,17.040000915527344,682100.0,37.18843124757757,30.276809724325222,33.13874312384045,37.65630280908784,34.76411622164316,3.44,10.0,-0.09,8.48
EZPW,2013-04-29,17.149999618530273,17.299999237060547,16.649999618530273,16.770000457763672,937700.0,36.71214400562965,30.364765036553443,33.21013397967016,37.59419892261774,34.704904233079965,3.49,12.0,-0.04,8.4
EZPW,2013-04-30,16.75,17.06999969482422,16.729999542236328,16.899999618530273,586700.0,36.99850697634362,30.417196935982147,33.21453402631825,37.603046217838994,34.709434967261735,3.55,13.0,-0.03,8.37
EZPW,2013-05-01,17.5,18.270000457763672,17.25,18.030000686645508,894000.0,42.39647378501102,32.72657531408724,34.780195472755665,38.41397831955288,35.34201698289002,3.57,20.0,-0.09,7.19
EZPW,2013-05-02,18.65999984741211,19.489999771118164,18.56999969482422,19.26000022888184,665800.0,47.11241299131486,35.56927382624293,36.31052891826943,39.22493286992095,35.967435589210865,3.59,21.0,-0.07,6.16
EZPW,2013-05-03,19.600000381469727,19.75,19.059999465942383,19.57999992370605,643500.0,47.30581543111289,35.65158723773044,36.334849415383154,39.276854611788096,36.00740794376884,3.6,22.0,-0.05,6.14
EZPW,2013-05-06,19.540000915527344,19.799999237060547,19.209999084472656,19.350000381469727,350100.0,47.338743894566974,35.64107995336807,36.38492211291685,39.25374929806733,35.9966875768069,3.61,23.0,-0.03,6.11
EZPW,2013-05-07,19.36000061035156,19.36000061035156,18.84000015258789,19.229999542236328,339200.0,47.33052394740968,35.62961989539503,36.1645295813429,39.17913539246049,35.94989330849895,3.62,21.0,-0.06,6.37
EZPW,2013-05-08,19.11000061035156,19.270000457763672,18.770000457763672,19.200000762939453,349400.0,46.353066051324085,35.6295748735854,36.094558370150835,39.15408398754423,35.89480632202763,3.63,21.0,-0.07,6.42
EZPW,2013-05-09,19.1299991607666,19.299999237060547,18.979999542236328,19.06999969482422,231200.0,46.35489540989274,35.56876178868647,36.10811259141738,39.157987851647874,35.89786289555177,3.64,22.0,-0.09,6.42
EZPW,2013-05-10,19.059999465942383,19.100000381469727,18.549999237060547,18.96999931335449,274900.0,46.35652829226948,35.43760116020533,35.59243164950019,39.09176342489577,35.880096127966496,3.65,21.0,-0.07,6.82
EZPW,2013-05-13,18.8799991607666,18.940000534057617,18.549999237060547,18.65999984741211,400100.0,46.217974701258505,35.38645101418338,35.29007853945475,39.06991984707061,35.91026096650468,3.67,21.0,-0.1,7.21
EZPW,2013-05-14,18.63999938964844,18.979999542236328,18.559999465942383,18.90999984741211,316300.0,42.900468518398924,35.53952564920863,35.26720307760367,39.101905429400716,35.92205397421163,3.68,21.0,-0.14,7.24
EZPW,2013-05-15,18.770000457763672,19.040000915527344,18.68000030517578,19.0,250300.0,42.41237265732419,35.406542890626234,35.24388639813478,39.06491576186577,35.92265005808672,3.7,21.0,-0.18,7.28
EZPW,2013-05-16,18.89999961853028,19.15999984741211,18.780000686645508,18.90999984741211,193900.0,42.38614442170237,35.155195412467904,35.239780789542976,39.0168329913376,35.878555806740074,3.72,21.0,-0.23,7.31
EZPW,2013-05-17,18.920000076293945,19.020000457763672,18.739999771118164,19.020000457763672,210800.0,42.319532766571236,35.15302839584366,35.24955911948331,39.02352581435756,35.88384700034663,3.73,23.0,-0.27,7.29
EZPW,2013-05-20,19.020000457763672,19.14999961853028,18.81999969482422,19.100000381469727,260100.0,41.98779399267869,35.16771671129211,35.24657225444973,39.01150754869934,35.84694014999573,3.74,23.0,-0.3,7.29
EZPW,2013-05-21,19.049999237060547,19.14999961853028,18.940000534057617,19.06999969482422,322800.0,41.82372199659204,34.65076043718956,35.23363137476922,39.00910195454779,35.826886442441506,3.76,21.0,-0.34,7.3
EZPW,2013-05-22,19.030000686645508,19.1200008392334,18.420000076293945,18.559999465942383,255800.0,41.356314796454754,35.01169650905492,35.451761463342145,39.018575559186566,35.92083092540293,3.77,28.0,-0.39,7.1
EZPW,2013-05-23,18.420000076293945,18.920000076293945,18.39999961853028,18.809999465942383,268400.0,41.28041733988065,35.150059715676214,35.51925205796328,39.05581639488944,35.94454882586809,3.78,29.0,-0.43,6.99
EZPW,2013-05-24,18.46999931335449,18.959999084472656,18.21999931335449,18.8700008392334,210500.0,39.56422590166409,35.147986645713104,35.4416386084666,39.01559208073403,35.945265572547264,3.79,28.0,-0.47,7.1
EZPW,2013-05-28,19.190000534057617,19.59000015258789,18.82999992370605,19.57999992370605,370100.0,35.602724086556684,35.87988401816668,35.85521292160874,39.17592326921665,36.1418337481649,3.8,32.0,-0.48,6.68
EZPW,2013-05-29,19.5,19.5,19.07999992370605,19.3700008392334,178400.0,35.73623938865459,35.92962991831496,35.88272876250605,39.132121895458795,36.15157379637529,3.81,33.0,-0.5,6.66
EZPW,2013-05-30,19.40999984741211,19.850000381469727,19.309999465942383,19.739999771118164,219100.0,35.48967581396648,36.11436289449359,35.96110689300803,39.06889978119985,36.19949666452332,3.81,34.0,-0.51,6.56
EZPW,2013-05-31,19.540000915527344,19.739999771118164,19.1299991607666,19.1299991607666,252000.0,36.81632205713621,36.55578040875418,36.29849335257606,39.07034722768154,36.300972632258805,3.82,38.0,-0.55,6.31
EZPW,2013-06-03,19.18000030517578,19.36000061035156,18.76000022888184,19.25,350300.0,36.42695837243203,36.53297980111745,36.31159312089715,39.06532025477149,36.228371952372946,3.82,40.0,-0.57,6.28
EZPW,2013-06-04,19.239999771118164,19.39999961853028,18.88999938964844,19.11000061035156,158500.0,36.531625354115235,36.523609987594085,36.1478068549923,39.069914703095115,36.22615202145173,3.83,37.0,-0.6,6.5
EZPW,2013-06-05,19.11000061035156,19.270000457763672,18.8700008392334,18.979999542236328,123300.0,35.21398043932283,36.46080628002166,36.16018064397449,38.94336114539267,35.862802528941764,3.83,38.0,-0.62,6.5
EZPW,2013-06-06,18.950000762939453,19.229999542236328,18.799999237060547,19.229999542236328,177600.0,35.051191892647125,36.580506313960086,36.182447538230946,38.892979417818054,35.88851940252834,3.83,40.0,-0.64,6.43
EZPW,2013-06-07,19.40999984741211,19.40999984741211,18.979999542236328,19.15999984741211,171700.0,34.820092948565204,36.565642969636436,36.163065511182744,38.80135360945763,35.86249377891288,3.84,39.0,-0.66,6.47
EZPW,2013-06-10,19.11000061035156,19.3700008392334,18.940000534057617,19.25,303100.0,34.2886971359267,36.58614834227002,36.16404017874529,38.804841922271784,35.851537967981145,3.84,40.0,-0.68,6.45
EZPW,2013-06-11,19.0,19.25,18.850000381469727,19.14999961853028,149900.0,33.88162884645851,36.447072091537,36.03632464554333,38.80682835872828,35.84952925503785,3.84,35.0,-0.7,6.55
EZPW,2013-06-12,19.280000686645508,19.600000381469727,18.84000015258789,18.89999961853028,161800.0,34.242769995584645,36.49227354287972,35.9655536227977,38.793755713340836,35.87117941319048,3.84,35.0,-0.72,6.68
EZPW,2013-06-13,18.8700008392334,19.290000915527344,18.690000534057617,19.280000686645508,137100.0,29.43130720142994,36.63248898767689,36.11564198959077,38.87561990137691,35.82070210961231,3.85,39.0,-0.73,6.49
EZPW,2013-06-14,19.26000022888184,19.299999237060547,18.6299991607666,18.8799991607666,168000.0,23.190857384530382,36.851132822971074,36.224184192702786,38.92008625479327,35.78931055946259,3.85,46.0,-0.75,6.44
EZPW,2013-06-17,19.100000381469727,19.229999542236328,18.809999465942383,19.170000076293945,193800.0,23.114178753649455,36.92133345720016,31.498381726257392,38.68357159337538,35.814276385263035,3.86,1.0,-0.75,2.83
EZPW,2013-06-18,19.239999771118164,19.530000686645508,19.1299991607666,19.299999237060547,216000.0,22.96474533531913,36.9295487940211,31.491044248666928,38.4594129996136,35.82179260154569,3.88,1.0,-0.77,2.83
EZPW,2013-06-19,19.25,19.309999465942383,19.0,19.11000061035156,104100.0,23.074394979298358,36.964477252738234,31.48502339974641,38.294559432472404,35.82809043840421,3.89,1.0,-0.87,2.84
EZPW,2013-06-20,18.81999969482422,18.88999938964844,18.25,18.3799991607666,359500.0,25.663856622266934,37.18573916963488,31.73161935447233,38.55115709228322,36.01300393541906,3.89,5.0,-0.9,2.74
EZPW,2013-06-21,18.420000076293945,18.65999984741211,17.940000534057617,18.39999961853028,888900.0,25.62300413451155,37.19174959439863,31.734414179643032,38.53413124089454,35.939378154696286,3.88,6.0,-0.94,2.74
EZPW,2013-06-24,18.34000015258789,18.57999992370605,18.100000381469727,18.3799991607666,374700.0,25.593997269278805,37.19248353293902,31.6042906582312,38.52925860164178,35.93926712055258,3.88,4.0,-0.95,2.83
EZPW,2013-06-25,18.59000015258789,18.59000015258789,18.40999984741211,18.5,194200.0,25.255080770952,37.025815347577556,31.63246298556837,38.47867636287843,35.93063544941074,3.87,6.0,-0.95,2.81
EZPW,2013-06-26,17.700000762939453,17.889999389648438,17.049999237060547,17.350000381469727,404100.0,30.969080026370854,37.12026645747173,33.10068875987655,39.19440169452123,36.48589498220657,3.84,17.0,-0.95,2.64
EZPW,2013-06-27,17.450000762939453,17.5,17.06999969482422,17.100000381469727,232600.0,31.06039384450416,36.949577428658955,32.64614735082072,39.011847434087386,36.50881582284203,3.81,15.0,-0.95,2.87
EZPW,2013-06-28,17.0,17.239999771118164,16.829999923706055,16.90999984741211,1636300.0,31.138339295954353,36.95854317175362,32.64059297764834,38.11786759315391,36.52284407345934,3.78,15.0,-0.94,2.86
EZPW,2013-07-01,15.829999923706056,17.540000915527344,15.56999969482422,17.459999084472656,625100.0,32.72121134820359,37.571032298541944,33.013940352945994,38.26157729082781,36.564461275946805,3.74,18.0,-0.95,2.68
EZPW,2013-07-02,17.59000015258789,17.93000030517578,17.200000762939453,17.420000076293945,374500.0,32.65369744733288,37.347116911202384,32.97055716081317,38.01642925073496,36.564494450662906,3.7,18.0,-0.95,2.71
EZPW,2013-07-03,17.799999237060547,18.850000381469727,17.780000686645508,18.68000030517578,289200.0,38.899199209620456,40.04661973506093,34.87280537945223,38.864897094760906,37.12906074334525,3.64,33.0,-0.93,2.71
EZPW,2013-07-05,18.959999084472656,18.959999084472656,18.270000457763672,18.420000076293945,210800.0,38.30712777978002,39.54996495784672,34.93094463832741,38.6763191962752,37.151386272327805,3.59,34.0,-0.9,2.68
EZPW,2013-07-08,18.420000076293945,18.61000061035156,18.1299991607666,18.299999237060547,212900.0,38.125704278162004,39.4094931069933,34.896936666603516,38.65480079258404,37.004222660988,3.53,34.0,-0.87,2.7
EZPW,2013-07-09,18.39999961853028,18.739999771118164,18.209999084472656,18.709999084472656,201800.0,38.695310991423895,38.80055876052283,35.02521476790829,38.740363055926814,37.059287687817005,3.47,36.0,-0.83,2.63
EZPW,2013-07-10,18.68000030517578,19.0,18.530000686645508,18.8799991607666,192200.0,37.178785892383885,36.231210244131574,34.97661789253269,38.72591206928096,37.05407448894448,3.41,36.0,-0.8,2.66
EZPW,2013-07-11,19.040000915527344,19.040000915527344,18.46999931335449,18.729999542236328,265200.0,37.12487282479706,36.21756389603614,34.9913735501276,38.55980515064131,37.05963004808437,3.34,37.0,-0.77,2.65
EZPW,2013-07-12,18.709999084472656,19.01000022888184,18.709999084472656,18.88999938964844,125500.0,36.75719095518253,36.027233657004295,34.940228446141155,38.489505193206014,37.060805677844,3.27,36.0,-0.78,2.68
EZPW,2013-07-15,18.76000022888184,18.920000076293945,18.450000762939453,18.479999542236328,227900.0,36.18653970713663,36.27750965224831,34.9232581790212,38.55572888536536,37.119872771155556,3.19,35.0,-0.76,2.69
EZPW,2013-07-16,18.459999084472656,18.520000457763672,17.8799991607666,18.290000915527344,246200.0,36.21090346315881,36.18253421267569,34.9217049271701,38.57317582677778,37.130451251396615,3.12,35.0,-0.72,2.69
EZPW,2013-07-17,18.40999984741211,18.64999961853028,18.309999465942383,18.6299991607666,113600.0,36.63038155936383,36.36737014459875,35.063071728988085,38.626737613988674,37.09687764874944,3.06,42.0,-0.68,2.6
EZPW,2013-07-18,18.65999984741211,18.8799991607666,18.549999237060547,18.739999771118164,135700.0,36.635406311232096,35.75053808280376,34.76258632617278,38.54453988999734,37.075844814420066,2.99,32.0,-0.62,2.76
EZPW,2013-07-19,18.65999984741211,18.850000381469727,18.309999465942383,18.56999969482422,234400.0,36.488704256901464,35.72286120433308,34.76275192398938,38.55802764357284,37.078342552348346,2.92,33.0,-0.57,2.76
EZPW,2013-07-22,18.5,19.280000686645508,18.5,19.170000076293945,282000.0,37.705051329121545,36.0808979387417,35.15369591983561,38.72172171933572,37.07525278309356,2.84,45.0,-0.5,2.55
EZPW,2013-07-23,19.190000534057617,19.26000022888184,18.940000534057617,19.200000762939453,210100.0,37.682306411727204,35.873122233360924,35.14281720122528,38.70109387259279,37.07245128540092,2.76,45.0,-0.43,2.55
EZPW,2013-07-24,19.309999465942383,19.440000534057617,18.82999992370605,18.940000534057617,153000.0,37.860529716897084,35.82629746263409,35.11708007127605,38.726518733131215,37.06664773540029,2.68,45.0,-0.35,2.57
EZPW,2013-07-25,18.770000457763672,18.799999237060547,18.18000030517578,18.6299991607666,233900.0,37.97147590556227,36.0053930889195,35.20048512569995,38.590060956451815,37.058461858625975,2.59,48.0,-0.26,2.53
EZPW,2013-07-26,18.459999084472656,18.59000015258789,17.90999984741211,18.170000076293945,220600.0,38.10682184318168,33.9246134532101,35.36656326535144,38.631954695246435,37.06645017435251,2.5,56.0,-0.18,2.45
EZPW,2013-07-29,18.09000015258789,18.14999961853028,17.780000686645508,17.969999313354492,179600.0,37.78487362803653,31.092084453089996,35.346925805458646,34.15975327538753,36.86923271007134,2.45,56.0,-0.1,2.47
EZPW,2013-07-30,17.969999313354492,18.270000457763672,17.469999313354492,18.21999931335449,368300.0,37.731661167367584,31.03232909825364,35.39714426461402,34.15644117567382,36.7804552719627,2.4,58.0,-0.03,2.44
EZPW,2013-07-31,18.309999465942383,18.549999237060547,17.959999084472656,18.07999992370605,222300.0,37.68303852043468,30.9837328870806,35.39525868712878,34.089825293247344,36.736636602974116,2.36,58.0,0.01,2.44
EZPW,2013-08-01,18.18000030517578,18.559999465942383,18.049999237060547,18.520000457763672,216500.0,38.3568518303061,31.389585847459365,35.58155376416248,33.9722660356855,36.82095565923639,2.31,63.0,0.11,2.33
EZPW,2013-08-02,18.39999961853028,18.56999969482422,18.3799991607666,18.530000686645508,222000.0,36.63479836949609,31.38986830224174,35.57507841179524,33.96705693683623,36.821188875926026,2.27,63.0,0.22,2.33
EZPW,2013-08-05,18.46999931335449,18.46999931335449,17.899999618530273,18.030000686645508,276200.0,37.49695177046461,31.842903741976937,35.80264233276663,34.02542879630592,36.799202571903415,2.23,66.0,0.32,2.22
EZPW,2013-08-06,17.93000030517578,18.059999465942383,17.799999237060547,17.950000762939453,230800.0,37.51278428087776,31.83863581100526,35.80397291022005,34.02720059954676,36.798886722142974,2.19,67.0,0.43,2.22
EZPW,2013-08-07,17.899999618530273,18.010000228881836,17.829999923706055,17.8799991607666,193000.0,37.45815215559183,31.68015367197487,35.71661115925987,34.02998790665649,36.69735347500711,2.15,66.0,0.47,2.28
EZPW,2013-08-08,17.90999984741211,17.989999771118164,17.639999389648438,17.860000610351562,147600.0,32.345687010131044,31.545129109357134,35.69862566931495,33.44830377498537,36.69636701795614,2.11,66.0,0.53,2.29
EZPW,2013-08-09,17.84000015258789,17.899999618530273,17.549999237060547,17.65999984741211,114500.0,32.22393077677275,31.592157059644165,35.65189583096541,33.42954927180731,36.641499264754316,2.07,66.0,0.62,2.31
EZPW,2013-08-12,17.600000381469727,18.010000228881836,17.579999923706055,18.010000228881836,249700.0,32.442315470655345,31.86952359622341,35.81119044340474,33.34476259128923,36.695273190964166,2.04,71.0,0.74,2.22
EZPW,2013-08-13,17.959999084472656,18.1299991607666,17.709999084472656,18.100000381469727,116500.0,31.19921093893457,31.862734171114106,35.76926111453901,33.348988219724276,36.697681869932566,1.99,69.0,0.9,2.24
EZPW,2013-08-14,18.100000381469727,18.170000076293945,17.84000015258789,18.11000061035156,229700.0,31.182418381883025,31.846941098925637,35.7524243602042,33.122804646010884,36.69279908853034,1.95,69.0,1.06,2.25
EZPW,2013-08-15,17.950000762939453,18.0,17.709999084472656,17.790000915527344,130900.0,23.950943834163755,32.03556232281509,35.8425272122667,33.186699327976875,36.729591421212845,1.91,74.0,1.2,2.2
EZPW,2013-08-16,17.700000762939453,18.020000457763672,17.700000762939453,17.770000457763672,173400.0,23.66115679375333,31.575862421496698,35.4971993476526,33.18648365056071,36.69609045012358,1.86,62.0,1.03,2.38
EZPW,2013-08-19,17.690000534057617,17.899999618530273,17.309999465942383,17.350000381469727,167800.0,24.522659894891614,31.788756474481588,35.66914833860803,33.107010000572956,36.706375747142786,1.81,68.0,0.58,2.3
EZPW,2013-08-20,17.34000015258789,17.59000015258789,17.1200008392334,17.40999984741211,235900.0,23.51480263191809,31.790431894779264,35.67940983051834,33.107721124477585,36.68985466772863,1.76,69.0,-0.13,2.29
EZPW,2013-08-21,17.360000610351562,17.450000762939453,17.020000457763672,17.18000030517578,171800.0,23.46140638955409,30.860359139265174,35.59110024424446,33.13394849427886,36.70837144962652,1.7,66.0,-0.61,2.33
EZPW,2013-08-22,17.18000030517578,17.520000457763672,17.079999923706055,17.450000762939453,129500.0,24.027353907038577,31.019297081872825,34.32998070097147,33.17201442928242,36.69434166793895,1.61,31.0,-0.66,2.46
EZPW,2013-08-23,17.440000534057617,17.579999923706055,17.209999084472656,17.399999618530273,161600.0,23.805507021272494,30.719376627354784,34.14799541898874,33.14991218401055,36.64610196981004,1.51,31.0,-0.73,2.55
EZPW,2013-08-26,17.389999389648438,17.389999389648438,17.170000076293945,17.18000030517578,224900.0,23.303876989831483,30.192995827238523,34.17899979982681,33.160272221012605,36.65990925561794,1.48,31.0,-0.78,2.55
EZPW,2013-08-27,17.040000915527344,17.190000534057617,16.93000030517578,17.020000457763672,337400.0,23.276770615472724,30.184819425299857,34.1718995144687,33.13018082949032,36.636751409517814,1.46,30.0,-0.83,2.55
EZPW,2013-08-28,17.030000686645508,17.09000015258789,16.90999984741211,16.93000030517578,167400.0,22.433290175405553,30.17276244517701,34.036862190856596,33.1344199297288,36.600029588957945,1.44,28.0,-0.85,2.65
EZPW,2013-08-29,17.0,17.299999237060547,16.940000534057617,17.06999969482422,265700.0,22.52598143868098,30.228099574623496,34.01922762014637,33.00235321848319,36.61095320359486,1.41,27.0,-0.9,2.65
EZPW,2013-08-30,17.040000915527344,17.100000381469727,16.8700008392334,16.979999542236328,263000.0,22.464606576264483,30.076621856372675,33.59739003745268,32.96744955904177,36.599892150500565,1.39,26.0,-0.94,2.9
EZPW,2013-09-03,17.200000762939453,17.25,16.940000534057617,17.049999237060547,194600.0,20.04206081819152,30.101330549047738,33.49832555627002,32.97170409604221,36.60182683900109,1.36,25.0,-1.07,2.97
EZPW,2013-09-04,17.079999923706055,17.549999237060547,17.049999237060547,17.40999984741211,201600.0,21.247381975879325,30.435255695603974,33.06472155857978,32.762158053587385,36.58322414942677,1.35,14.0,-1.1,3.11
EZPW,2013-09-05,17.360000610351562,17.520000457763672,17.059999465942383,17.399999618530273,149300.0,21.029424211411328,30.427089261962387,31.292276926331873,32.51662261891495,36.582906148078315,1.4,1.0,-1.13,3.17
EZPW,2013-09-06,17.530000686645508,17.530000686645508,16.90999984741211,17.290000915527344,102400.0,20.658132455905477,30.348720205448455,31.257950195545238,32.46765215898685,36.55349332089296,1.43,1.0,-1.18,3.22
EZPW,2013-09-09,17.299999237060547,17.56999969482422,17.15999984741211,17.520000457763672,160200.0,19.99781562067119,30.177777090663703,31.193396263672955,32.48847344837317,36.50770014675501,1.47,1.0,-1.2,3.21
EZPW,2013-09-10,17.559999465942383,17.809999465942383,17.420000076293945,17.809999465942383,244800.0,20.403420346480328,30.125340221129836,31.26309018927303,32.54437606909154,36.50145655210196,1.5,3.0,-1.21,3.15
EZPW,2013-09-11,17.709999084472656,17.860000610351562,17.610000610351562,17.6299991607666,141700.0,20.143777514108393,29.99082380563383,31.198594707070303,32.56110475510124,36.40928103458734,1.53,2.0,-1.22,3.19
EZPW,2013-09-12,17.600000381469727,17.790000915527344,17.600000381469727,17.649999618530273,166300.0,20.05426951214496,29.947626100845724,31.199071758729236,32.554802310164966,36.28408108518133,1.56,3.0,-1.22,3.19
EZPW,2013-09-13,17.709999084472656,17.84000015258789,17.5,17.579999923706055,128400.0,18.631293799883217,29.901212855283493,30.796342159775364,32.54976722771493,36.27344709756542,1.6,1.0,-1.21,3.4
EZPW,2013-09-16,17.84000015258789,17.8799991607666,17.6200008392334,17.709999084472656,151800.0,18.808025922659983,28.90644690212383,30.762865282987846,32.54195124146775,36.28196070920083,1.64,1.0,-1.19,3.39
EZPW,2013-09-17,17.690000534057617,17.809999465942383,17.549999237060547,17.809999465942383,177100.0,17.232950789321393,28.932884402013098,30.626594416871534,32.54936713229489,36.1877689382652,1.68,1.0,-1.17,3.52
EZPW,2013-09-18,17.770000457763672,18.07999992370605,17.760000228881836,18.07999992370605,260300.0,17.754281801482634,29.108317714049836,30.590824580900467,32.55175666170093,36.157779823880446,1.72,1.0,-1.13,3.5
EZPW,2013-09-19,18.15999984741211,18.15999984741211,17.799999237060547,18.040000915527344,137800.0,17.72667409959316,29.07638759476614,30.47895610115205,32.50001895284224,36.085969138845805,1.76,1.0,-1.13,3.56
EZPW,2013-09-20,18.030000686645508,18.1200008392334,17.75,18.0,883000.0,17.737182083174698,25.869127049734793,30.461757547074463,32.494385755503316,36.08368446372506,1.8,1.0,-1.12,3.6
EZPW,2013-09-23,17.979999542236328,18.07999992370605,17.809999465942383,18.0,188700.0,17.398583440308805,25.676919498046768,28.675734799808605,32.460473112878404,36.083319537641565,1.89,1.0,-1.12,3.86
EZPW,2013-09-24,18.049999237060547,18.15999984741211,17.90999984741211,18.049999237060547,405700.0,16.460590952243546,25.556673060724105,26.656426093832692,32.46300766964377,36.05692702854125,2.04,1.0,-1.11,3.78
EZPW,2013-09-25,18.030000686645508,18.030000686645508,17.40999984741211,17.420000076293945,207300.0,19.345146545013403,25.813198474433648,27.08088595499099,32.72189352128329,36.21955586389675,2.15,2.0,-1.14,3.56
EZPW,2013-09-26,17.450000762939453,17.59000015258789,17.200000762939453,17.389999389648438,237300.0,19.337695112579244,25.8113360881771,27.02722031426621,32.60992016306405,36.200265415585726,2.25,2.0,-1.16,3.6
EZPW,2013-09-27,17.290000915527344,17.290000915527344,16.850000381469727,16.899999618530273,363500.0,20.358113784393073,22.038171233782187,27.366707749631875,32.77289362078632,36.085703299489786,2.34,4.0,-1.16,3.36
EZPW,2013-09-30,16.770000457763672,16.889999389648438,16.610000610351562,16.8700008392334,343000.0,20.357360239893065,21.887508890615916,27.36678314938441,32.74698237517543,35.90864339111779,2.43,5.0,-1.15,3.36
EZPW,2013-10-01,16.899999618530273,17.030000686645508,16.809999465942383,17.020000457763672,322000.0,19.449222426634233,21.962299206849455,27.399429706759086,32.75313969283733,35.783583922180284,2.5,6.0,-1.16,3.32
EZPW,2013-10-02,17.209999084472656,17.209999084472656,16.600000381469727,16.6200008392334,366200.0,20.52332781487546,21.892614352952652,27.62720171740452,32.85853672360414,35.850882134432425,2.57,7.0,-1.12,3.15
EZPW,2013-10-03,16.6200008392334,16.700000762939453,15.93000030517578,16.09000015258789,518800.0,22.156495477802352,22.637132893040217,27.963376718126064,32.98983805801037,35.971553613928236,2.63,8.0,-0.89,2.96
EZPW,2013-10-04,16.06999969482422,16.18000030517578,15.9399995803833,16.040000915527344,257500.0,21.505930630446883,22.61031796910167,27.86361495295398,32.90915739394611,35.96796132169164,2.69,8.0,-0.72,3.05
EZPW,2013-10-07,15.93000030517578,15.979999542236328,15.68000030517578,15.869999885559082,310700.0,21.625896152116315,22.549817690085387,27.88092376973377,32.9273342628014,35.93394732612152,2.75,9.0,-0.53,3.04
EZPW,2013-10-08,15.90999984741211,15.989999771118164,15.800000190734863,15.800000190734863,202000.0,21.436793418152476,22.201118260085824,27.88009070389701,32.9047853629003,35.934989604998606,2.8,9.0,-0.4,3.04
EZPW,2013-10-09,15.8100004196167,15.850000381469728,15.630000114440918,15.760000228881836,332800.0,21.346221657853526,22.142694479914425,27.853662931821493,30.008127156061263,35.76863112633203,2.85,8.0,-0.31,3.07
EZPW,2013-10-10,15.90999984741211,16.020000457763672,15.779999732971191,15.890000343322754,267600.0,21.554028659261995,21.827838968908296,27.883262750031147,30.010323483130925,35.071640252750235,2.89,12.0,-0.3,3.04
EZPW,2013-10-11,15.8100004196167,16.079999923706055,15.699999809265137,16.079999923706055,425400.0,21.731591837331653,21.96228202603017,27.968272942871586,30.0374802116546,35.05189245909399,2.94,14.0,-0.35,2.97
EZPW,2013-10-14,15.989999771118164,16.040000915527344,15.899999618530272,16.020000457763672,296200.0,21.715822286665446,21.921280707234782,27.67246352277987,29.86208112273541,34.86347589389689,2.98,8.0,-0.42,3.17
EZPW,2013-10-15,16.0,16.09000015258789,15.630000114440918,15.859999656677246,263000.0,21.760291681618224,20.77527495016351,27.602154114334404,29.876475153331572,34.83039041259727,3.02,7.0,-0.45,3.24
EZPW,2013-10-16,15.920000076293944,15.989999771118164,15.5600004196167,15.899999618530272,512700.0,20.67472195558829,20.785468679732443,27.599353086321177,29.803916981265864,34.65994619232566,3.06,7.0,-0.5,3.24
EZPW,2013-10-17,15.789999961853027,15.93000030517578,15.789999961853027,15.920000076293944,363800.0,20.700380102530765,20.688255928709676,26.89989889472545,29.80617095338891,34.639319672710464,3.11,2.0,-0.54,3.65
EZPW,2013-10-18,16.040000915527344,16.350000381469727,15.899999618530272,16.18000030517578,595100.0,21.399807313412516,20.854412026811055,27.01818179675561,29.851757720715533,34.676026305442925,3.15,3.0,-0.59,3.54
EZPW,2013-10-21,16.18000030517578,16.280000686645508,16.09000015258789,16.1200008392334,283500.0,20.89589798610006,20.316222536722183,26.814473097340887,29.527710308956777,34.65172274043666,3.19,2.0,-0.66,3.73
EZPW,2013-10-22,16.15999984741211,16.170000076293945,16.0,16.1200008392334,204900.0,20.11261445312769,20.231551455892053,26.399289008935174,29.508625339182633,34.50533878934735,3.23,1.0,-0.71,4.04
EZPW,2013-10-23,16.030000686645508,16.1299991607666,16.020000457763672,16.040000915527344,184300.0,20.01542425188216,19.976530124521656,26.373214207007106,29.4662663686933,34.44446120234224,3.27,1.0,-0.76,4.08
EZPW,2013-10-24,16.010000228881836,16.06999969482422,15.770000457763672,15.81999969482422,383800.0,20.205200093234204,20.08816748178496,26.42782252927207,29.472763092591954,34.45124454353294,3.31,3.0,-0.79,4.02
EZPW,2013-10-25,15.880000114440918,15.880000114440918,15.449999809265137,15.739999771118164,289300.0,20.209228436552674,19.333897728873797,26.420941316392387,29.46587463581571,34.45342757884795,3.34,3.0,-0.81,4.03
EZPW,2013-10-28,15.720000267028809,15.989999771118164,15.579999923706056,15.90999984741211,220600.0,20.392473022884626,19.519342911849126,26.38977520735851,29.502552605387677,34.46351566318495,3.37,2.0,-0.85,4.06
EZPW,2013-10-29,15.979999542236328,16.100000381469727,15.899999618530272,15.949999809265137,339100.0,20.289913589743147,18.845746717253686,26.39747501135889,29.477858018717708,34.39030401469421,3.4,3.0,-0.89,4.05
EZPW,2013-10-30,15.989999771118164,16.299999237060547,15.859999656677246,15.90999984741211,294200.0,19.504978114429708,18.83937437015776,26.376942788835635,29.42678282610438,34.39050548937196,3.42,2.0,-0.93,4.07
EZPW,2013-10-31,15.890000343322754,15.90999984741211,15.579999923706056,15.729999542236328,268800.0,19.601970385885643,18.933477150361878,26.414764054036073,29.387787871792902,34.38972174509912,3.44,6.0,-0.96,4.04
EZPW,2013-11-01,15.729999542236328,15.770000457763672,15.460000038146973,15.520000457763672,325300.0,19.75435812500642,19.073096924602375,26.418029784139353,29.419483771878475,34.39305765572988,3.46,7.0,-0.97,4.04
EZPW,2013-11-04,15.529999732971191,15.710000038146973,15.449999809265137,15.710000038146973,240100.0,20.325381398038047,19.2089524161512,26.283127896746215,29.40663751037792,34.41353103086336,3.48,1.0,-1.0,4.16
EZPW,2013-11-05,15.609999656677246,15.649999618530272,15.40999984741211,15.460000038146973,377500.0,20.468413282586933,18.88591376786367,26.2044228879842,29.347394155233925,34.293035416106285,3.49,1.0,-1.01,4.23
EZPW,2013-11-06,15.470000267028809,15.699999809265137,15.4399995803833,15.520000457763672,175000.0,18.478113403836737,18.86835570390268,26.075837964011168,29.337218797743613,34.2403786559027,3.54,1.0,-1.04,4.37
EZPW,2013-11-07,14.739999771118164,14.800000190734863,13.199999809265137,13.579999923706056,2289800.0,41.85804897298297,32.79369854549684,33.355097962187116,33.21422690032261,33.428804122876386,3.54,57.0,-0.13,14.76
EZPW,2013-11-08,13.59000015258789,13.789999961853027,11.300000190734863,11.34000015258789,2663200.0,64.96778665941359,48.62498928808103,43.581230853828515,39.17292218333563,37.90814494919601,3.74,100.0,3.91,19.73
EZPW,2013-11-11,11.34000015258789,12.06999969482422,11.34000015258789,11.960000038146973,1613800.0,67.71369404237004,50.180754677723996,44.21724112625058,39.73606877344864,38.245106158346395,3.94,100.0,4.16,19.06
EZPW,2013-11-12,11.979999542236328,12.0,11.739999771118164,11.789999961853027,623400.0,67.44200042900205,50.07767106307883,44.237101970888354,39.756547327345245,38.13243872117639,4.13,100.0,4.07,18.95
EZPW,2013-11-13,11.800000190734863,11.84000015258789,11.640000343322754,11.789999961853027,313700.0,67.44048016107962,50.05353884434869,44.239543635914536,39.755990648562126,38.13146628070817,4.31,100.0,3.74,18.95
EZPW,2013-11-14,11.789999961853027,12.119999885559082,11.630000114440918,12.050000190734863,479200.0,67.80582616243244,50.36599388432032,44.40237219467093,39.81160719444325,38.148420849117024,4.48,100.0,3.28,18.71
EZPW,2013-11-15,12.039999961853027,12.119999885559082,11.649999618530272,11.800000190734863,364400.0,67.85393327809668,50.25642389384488,43.438134776004205,39.864038510161585,38.194823377488156,4.62,95.0,2.85,20.68
EZPW,2013-11-18,11.869999885559082,12.300000190734863,11.869999885559082,12.239999771118164,496400.0,69.19783787397316,51.02433841645363,43.87474384318114,40.11804874969799,38.38380170286737,4.76,96.0,2.38,20.05
EZPW,2013-11-19,12.279999732971191,12.3100004196167,11.970000267028809,12.130000114440918,353200.0,69.18620788297682,51.00872741666452,43.866318085554255,40.0925460626463,38.00272030895163,4.89,95.0,1.99,20.08
EZPW,2013-11-20,12.140000343322754,12.15999984741211,11.800000190734863,11.84000015258789,289400.0,69.30023980089912,51.143419019840884,43.620763795268395,40.14587428012123,38.04765013616223,5.01,94.0,1.65,20.3
EZPW,2013-11-21,11.829999923706056,12.289999961853027,11.6899995803833,12.140000343322754,489300.0,69.84334941385384,51.53837576241935,43.86098595122467,40.27517414346658,38.025105918918314,5.14,94.0,1.32,19.94
EZPW,2013-11-22,12.15999984741211,12.15999984741211,11.75,11.9399995803833,584900.0,69.59168795276133,51.50620426201653,42.29512676540886,40.288173709581656,38.05285024842205,5.22,90.0,1.06,22.43
EZPW,2013-11-25,11.970000267028809,11.970000267028809,11.65999984741211,11.789999961853027,645600.0,69.57077355548064,51.524171283036466,42.287798818709206,40.30214940434299,37.912730795862956,5.3,89.0,0.82,22.45
EZPW,2013-11-26,11.779999732971191,11.850000381469728,11.68000030517578,11.75,365800.0,69.59888661495492,51.48367528274639,42.286814697957006,40.29961782998668,37.91035309923471,5.38,88.0,0.6,22.47
EZPW,2013-11-27,11.729999542236328,11.8100004196167,11.649999618530272,11.710000038146973,442800.0,69.52740500892845,51.177289959211535,42.071855761362606,40.29717586704975,37.910662220189835,5.45,87.0,0.41,22.83
EZPW,2013-11-29,11.760000228881836,11.770000457763672,11.640000343322754,11.68000030517578,234500.0,69.48150281890068,51.16888828923424,42.01573410369326,40.24421306888237,37.77567049693242,5.52,86.0,0.24,22.9
EZPW,2013-12-02,11.670000076293944,11.710000038146973,11.380000114440918,11.479999542236328,497400.0,69.04708778686192,51.21514531733826,42.05949653135029,40.272572505491844,37.805968256252406,5.59,86.0,0.08,22.74
EZPW,2013-12-03,11.420000076293944,11.449999809265137,10.739999771118164,10.890000343322754,1000300.0,70.02662280545361,51.89283338319343,42.682489819142894,40.664514943584166,38.14190953740049,5.67,90.0,-0.03,21.03
EZPW,2013-12-04,10.890000343322754,11.380000114440918,10.890000343322754,11.220000267028809,416200.0,71.03815109467934,52.233961885403424,42.96584657484747,40.85488399643718,38.26942638214181,5.75,90.0,-0.16,20.71
EZPW,2013-12-05,11.260000228881836,11.260000228881836,10.880000114440918,11.079999923706056,359300.0,71.00624838423643,52.24109176604633,42.97432800242139,40.850068440588785,38.26447501505184,5.82,90.0,-0.29,20.68
EZPW,2013-12-06,11.149999618530272,11.329999923706056,10.949999809265137,11.010000228881836,428400.0,71.02575011486455,52.20930905811788,42.8101277355116,40.83661149094463,38.257572950212534,5.9,88.0,-0.4,20.9
EZPW,2013-12-09,10.640000343322754,10.770000457763672,9.850000381469728,10.329999923706056,1140900.0,72.54239301355783,53.44176010362472,43.76525839558268,41.44729920328444,38.71471144635502,5.98,93.0,-0.47,18.73
EZPW,2013-12-10,10.399999618530272,10.760000228881836,10.260000228881836,10.3100004196167,523100.0,72.25851814013589,53.355016253451545,43.76690582531721,41.25832208398222,38.71359512234389,6.07,93.0,-0.54,18.76
EZPW,2013-12-11,10.300000190734863,10.390000343322754,10.020000457763672,10.119999885559082,579200.0,72.08648112998813,53.30195965379971,43.39199137759772,41.292452115964046,38.643183558661214,6.14,88.0,-0.6,19.23
EZPW,2013-12-12,10.140000343322754,10.220000267028809,9.989999771118164,10.119999885559082,544000.0,72.1284439280711,53.09575845494771,43.38540626413997,41.295251975485044,38.626224738877575,6.22,87.0,-0.67,19.23
EZPW,2013-12-13,10.100000381469728,10.5,10.06999969482422,10.3100004196167,374100.0,72.78254456406168,53.391166072108085,43.55012428207946,41.33129387616232,38.68426634754607,6.29,89.0,-0.75,19.07
EZPW,2013-12-16,10.390000343322754,10.65999984741211,10.31999969482422,10.619999885559082,591600.0,73.87750714109067,53.9679035335185,43.88348454149777,40.921223615847374,38.647983585586445,6.37,96.0,-0.85,18.67
EZPW,2013-12-17,10.619999885559082,10.75,10.43000030517578,10.479999542236328,517400.0,73.50196718822376,53.94406496577089,43.79102227275255,40.87006628916785,38.49869739995184,6.44,92.0,-0.93,18.91
EZPW,2013-12-18,10.520000457763672,10.729999542236328,10.420000076293944,10.579999923706056,894900.0,73.79714698974001,54.024353432469695,43.846148636520574,40.88258800014494,38.475494909705894,6.51,92.0,-1.01,18.9
EZPW,2013-12-19,10.529999732971191,10.6899995803833,10.470000267028809,10.59000015258789,410000.0,73.74505124739119,53.77314379506786,43.75082993970555,40.87687744587648,38.45938729481503,6.58,88.0,-1.09,19.03
EZPW,2013-12-20,10.640000343322754,11.130000114440918,10.600000381469728,11.079999923706056,1252600.0,66.1056167168878,54.868122379817954,44.48156535254124,41.20048888553841,38.747075623151176,6.66,100.0,-1.16,17.98
EZPW,2013-12-23,11.100000381469728,11.239999771118164,10.859999656677246,10.880000114440918,625100.0,41.11052375598266,54.73908018661871,44.28712414197405,41.22282576864562,38.77592778208432,6.73,98.0,-1.23,18.13
EZPW,2013-12-24,10.899999618530272,11.06999969482422,10.899999618530272,10.93000030517578,266000.0,37.77762044370696,54.782204721446305,44.30539875378448,41.01645568524814,38.775126728666855,6.8,98.0,-1.3,18.11
EZPW,2013-12-26,10.949999809265137,11.079999923706056,10.90999984741211,11.0,391100.0,37.71523374334251,54.753576476157505,44.20109234282986,40.97147498537058,38.78281277041812,6.87,93.0,-1.36,18.48
EZPW,2013-12-27,11.0600004196167,11.229999542236328,10.970000267028809,11.210000038146973,392300.0,38.21096112711959,54.90268993502255,44.36297417039467,40.80035696608917,38.831925669402736,6.93,98.0,-1.41,18.28
EZPW,2013-12-30,11.220000267028809,11.449999809265137,11.210000038146973,11.3100004196167,436800.0,37.700424326937394,54.72429680821399,44.415267064885995,40.09274562360455,38.84779385515859,7.0,99.0,-1.46,18.25
EZPW,2013-12-31,11.359999656677246,11.729999542236328,11.279999732971191,11.6899995803833,490100.0,38.5928096841989,55.300955473236016,44.81239837226692,40.284656283722924,38.97101937792123,7.07,100.0,-1.5,17.7
EZPW,2014-01-02,11.6899995803833,11.699999809265137,11.300000190734863,11.5,622900.0,37.219122900303475,55.33724606286573,44.840222030657,40.271552726248515,38.95919800809561,7.14,100.0,-1.54,17.62
EZPW,2014-01-03,11.529999732971191,11.920000076293944,11.369999885559082,11.75,420600.0,37.771721621952615,55.61062456956898,44.86674735239437,40.344439043347165,39.02957490672937,7.21,100.0,-1.57,17.58
EZPW,2014-01-06,11.800000190734863,11.800000190734863,11.4399995803833,11.529999732971191,501900.0,37.520123994175556,55.68154407271664,44.901532139907225,40.35869655906005,39.04003783377,7.27,100.0,-1.6,17.41
EZPW,2014-01-07,11.600000381469728,11.619999885559082,11.1899995803833,11.380000114440918,568800.0,36.8535841242176,55.63336232862726,44.91463156881916,40.377914850981476,39.05488775089719,7.34,100.0,-1.63,17.32
EZPW,2014-01-08,11.40999984741211,11.600000381469728,11.329999923706056,11.579999923706056,546500.0,37.01316109999161,55.71902735091423,44.999792546205505,40.297582703460556,39.101806118177855,7.4,100.0,-1.65,17.33
EZPW,2014-01-09,11.539999961853027,11.579999923706056,10.93000030517578,10.970000267028809,437900.0,39.977748775101254,56.601587500882445,45.68581891308172,40.75023387279263,39.36881391453026,7.47,100.0,-1.68,16.0
EZPW,2014-01-10,10.970000267028809,11.1899995803833,10.920000076293944,11.100000381469728,518300.0,40.18642347922908,56.71673699199105,45.657482185191526,40.704020123141795,39.394704028371144,7.54,99.0,-1.69,16.2
EZPW,2014-01-13,11.09000015258789,11.18000030517578,10.869999885559082,10.9399995803833,384600.0,40.3514199306094,56.715590868931464,45.667272577318684,40.69323818259639,39.40133725889676,7.61,99.0,-1.71,16.11
EZPW,2014-01-14,10.989999771118164,11.0600004196167,10.65999984741211,10.989999771118164,575000.0,40.39966180447112,56.73825267102468,45.66913882883708,40.66978261943694,39.39548433086809,7.67,99.0,-1.72,16.18
EZPW,2014-01-15,11.010000228881836,11.100000381469728,10.90999984741211,10.989999771118164,324900.0,40.142734823891615,56.562233309239886,45.56173849100191,40.653125486568186,39.39486179134609,7.73,96.0,-1.72,16.29
EZPW,2014-01-16,10.93000030517578,11.0,10.739999771118164,10.779999732971191,271100.0,37.511303731873454,56.62017230324026,45.62020206014229,39.90907045201016,39.391038015397314,7.79,96.0,-1.73,16.12
EZPW,2014-01-17,10.800000190734863,10.800000190734863,10.260000228881836,10.399999618530272,605400.0,37.75158187269481,56.91551487311281,45.87026542503365,39.249760060657835,39.477137796350256,7.85,100.0,-1.72,15.62
EZPW,2014-01-21,10.40999984741211,10.529999732971191,10.15999984741211,10.4399995803833,423600.0,37.67216352239405,56.95956663507044,45.88633132856458,39.18797775089924,39.48193486176732,7.91,100.0,-1.72,15.65
EZPW,2014-01-22,10.479999542236328,10.479999542236328,10.350000381469728,10.380000114440918,232500.0,37.66676463913822,56.943290741462505,45.88649602935656,39.1764235464852,39.4650073840224,7.96,100.0,-1.71,15.65
EZPW,2014-01-23,10.329999923706056,10.479999542236328,10.06999969482422,10.260000228881836,586600.0,32.9740114848816,56.949542673227846,45.850174646769204,39.1870106583169,37.75699009876502,8.02,97.0,-1.7,15.62
EZPW,2014-01-24,10.15999984741211,10.34000015258789,10.0600004196167,10.100000381469728,514600.0,33.27661299308182,56.85290266725617,45.88119817135012,39.21298942419626,37.761423424403425,8.07,98.0,-1.68,15.53
EZPW,2014-01-27,10.100000381469728,10.270000457763672,9.859999656677246,9.93000030517578,776200.0,33.20381509312935,56.845524939497786,45.894417521900635,39.243269744863994,37.77219325709625,8.11,100.0,-1.66,15.42
EZPW,2014-01-28,9.93000030517578,10.0,9.220000267028809,9.350000381469728,1159500.0,37.418499349827925,57.83227700288991,46.512334169073746,39.80949049975886,38.108764212386056,8.16,100.0,-1.63,14.25
EZPW,2014-01-29,11.15999984741211,11.880000114440918,10.710000038146973,11.25,4561400.0,65.87819339502455,70.15618926790263,55.53788566361762,45.62761073190088,42.51699661079974,8.35,100.0,-1.61,14.62
EZPW,2014-01-30,11.140000343322754,11.720000267028809,11.010000228881836,11.289999961853027,989000.0,65.39097560966766,70.161357283159,55.55110005299774,45.59366971708828,42.48638268028172,8.53,100.0,-1.58,14.6
EZPW,2014-01-31,11.119999885559082,11.25,10.970000267028809,10.979999542236328,653100.0,65.82238536662707,70.21492353221153,55.6046200430388,45.68003935464285,42.560721177263936,8.7,100.0,-1.55,14.53
EZPW,2014-02-03,11.350000381469728,11.369999885559082,10.920000076293944,11.0,824300.0,65.77947360368867,70.20091445462829,55.511899992327805,45.68320530744756,42.550477472074846,8.86,97.0,-1.52,14.64
EZPW,2014-02-04,11.06999969482422,11.300000190734863,10.970000267028809,11.079999923706056,800500.0,65.8018871550782,70.22390407745486,55.53803677167826,45.68745205960548,42.409096269326085,9.01,98.0,-1.48,14.61
EZPW,2014-02-05,11.0600004196167,11.149999618530272,10.81999969482422,10.979999542236328,767600.0,64.53633312123213,64.97703782777363,55.53462688469999,45.68498226216167,42.401880603471966,9.15,96.0,-1.44,14.61
EZPW,2014-02-06,11.029999732971191,11.40999984741211,10.90999984741211,11.3100004196167,464400.0,64.87055423275991,53.88619621151838,55.801807998626984,45.8481401694161,42.49872859040929,9.28,100.0,-1.4,14.29
EZPW,2014-02-07,11.380000114440918,11.4399995803833,11.079999923706056,11.329999923706056,412700.0,64.86326436041226,52.73279967524754,55.778794617456164,45.76073943410863,42.48880810249027,9.41,99.0,-1.35,14.32
EZPW,2014-02-10,11.369999885559082,12.489999771118164,11.3100004196167,12.109999656677246,1359800.0,67.57105295032898,54.432446780465895,56.8876906949929,46.45226782930404,43.040944672210095,9.54,100.0,-1.31,13.18
EZPW,2014-02-11,12.229999542236328,12.869999885559082,12.100000381469728,12.619999885559082,1177900.0,68.3282709979105,55.070760482419246,57.26022231934691,46.73473732357841,43.26013423778658,9.67,100.0,-1.27,12.79
EZPW,2014-02-12,12.609999656677246,12.800000190734863,12.149999618530272,12.43000030517578,746900.0,68.53267676453363,54.99912449085319,57.289196714159615,46.52610627389382,43.26460770334484,9.79,100.0,-1.25,12.75
EZPW,2014-02-13,12.359999656677246,13.390000343322754,12.25,13.3100004196167,762400.0,70.60773959010078,56.53618692229349,58.42216229486993,47.26574490271986,43.81118737273382,9.93,100.0,-1.23,11.72
EZPW,2014-02-14,13.34000015258789,13.550000190734863,12.960000038146973,13.149999618530272,575300.0,70.50920501447462,56.14270487941384,58.43779923669252,47.21412757904084,43.792998126148355,10.03,100.0,-1.22,11.71
EZPW,2014-02-18,13.149999618530272,13.239999771118164,12.84000015258789,13.109999656677246,434400.0,70.35259395594183,56.10956008458666,58.430111066809495,47.08685164197611,43.793052692494044,10.1,99.0,-1.24,11.71
EZPW,2014-02-19,13.010000228881836,13.050000190734863,12.720000267028809,12.729999542236328,404600.0,70.71050187855315,56.220848576322055,58.35202540806401,47.18679307371332,43.84848162635463,10.17,97.0,-1.2,11.79
EZPW,2014-02-20,12.699999809265137,12.829999923706056,12.010000228881836,12.18000030517578,1195600.0,71.8999564607144,56.75463755205269,58.7137142668969,47.44274171909319,43.999634700563085,10.23,100.0,-1.17,11.44
EZPW,2014-02-21,12.220000267028809,12.619999885559082,12.149999618530272,12.550000190734863,626300.0,72.21961570477455,56.97185823993103,58.81357528142964,47.59463152732207,44.109610604697494,10.28,100.0,-1.12,11.35
EZPW,2014-02-24,12.609999656677246,13.260000228881836,12.5,12.9399995803833,745400.0,70.58550182110015,57.22383581930948,59.054496570770276,47.71930634441943,44.229405113386264,10.33,100.0,-1.07,11.13
EZPW,2014-02-25,12.920000076293944,13.09000015258789,12.579999923706056,12.6899995803833,403800.0,70.9255067356161,57.37839573626413,59.085471375285906,47.76296201466766,44.16922622127733,10.37,100.0,-1.02,11.1
EZPW,2014-02-26,12.710000038146973,12.859999656677246,12.100000381469728,12.31999969482422,633700.0,71.40885074885847,57.719686950726114,59.144796170499035,47.86457030681831,44.249770352644084,10.41,100.0,-0.95,11.04
EZPW,2014-02-27,12.329999923706056,12.600000381469728,12.149999618530272,12.550000190734863,387400.0,71.53315976043841,57.827810661626934,59.05234062288901,47.92768171500795,44.29714194525453,10.43,97.0,-0.87,11.14
EZPW,2014-02-28,12.56999969482422,12.84000015258789,12.460000038146973,12.640000343322754,572100.0,71.52473293101747,57.71111941182444,59.072014934720706,47.923473310876346,44.304007311008085,10.45,98.0,-0.77,11.12
EZPW,2014-03-03,12.5,12.520000457763672,12.109999656677246,12.270000457763672,461500.0,71.89065293516616,56.972228880671075,59.21720060375518,47.96031351820775,44.360072818506694,10.46,100.0,-0.66,10.98
EZPW,2014-03-04,12.40999984741211,12.989999771118164,12.40999984741211,12.720000267028809,449100.0,71.41556251644988,57.11485408278259,59.53219527559925,48.12527229814616,44.5224793222685,10.47,100.0,-0.56,10.7
EZPW,2014-03-05,12.670000076293944,12.989999771118164,12.5600004196167,12.890000343322754,437100.0,71.43494253197804,57.077237752133726,59.58260689585592,48.115799590266654,44.53626582652163,10.47,100.0,-0.45,10.66
EZPW,2014-03-06,12.899999618530272,13.079999923706056,12.75,12.81999969482422,345400.0,71.43005045193192,57.07161477247694,59.562392177389455,48.10545970788386,44.52045506966429,10.45,99.0,-0.33,10.68
EZPW,2014-03-07,12.850000381469728,13.40999984741211,12.850000381469728,13.050000190734863,506400.0,71.27063180277572,55.44980787351853,59.60508548420087,48.15516393103136,44.55247110422692,10.43,100.0,-0.22,10.64
EZPW,2014-03-10,13.039999961853027,13.210000038146973,12.710000038146973,12.899999618530272,417200.0,71.16044136083609,55.52806269015904,59.62353168925664,47.968949691249954,44.55772184407223,10.4,100.0,-0.09,10.62
EZPW,2014-03-11,12.93000030517578,13.079999923706056,12.739999771118164,12.81999969482422,243900.0,70.8981867039648,55.37311403828684,59.61378260011635,47.97019260093931,44.545007753945136,10.35,99.0,0.05,10.63
EZPW,2014-03-12,12.739999771118164,12.880000114440918,12.729999542236328,12.800000190734863,263700.0,67.93605949264901,55.37878479069317,59.60920543493013,47.97009746454739,44.543166067061264,10.29,98.0,0.2,10.63
EZPW,2014-03-13,12.84000015258789,13.109999656677246,12.140000343322754,12.289999961853027,672500.0,45.25774618620548,56.035378594028664,59.91846819470153,48.17638723752581,44.707768157356035,10.22,100.0,0.38,10.36
EZPW,2014-03-14,12.210000038146973,12.479999542236328,12.06999969482422,12.119999885559082,502100.0,45.52028049686568,55.85972064294559,59.86886403284339,47.63115551529968,44.72248385638226,10.13,99.0,0.56,10.4
EZPW,2014-03-17,12.109999656677246,12.239999771118164,12.020000457763672,12.1899995803833,359800.0,44.61545544826546,55.770656060421075,59.88442549002239,47.616527377291455,44.699731168353544,10.03,99.0,0.75,10.39
EZPW,2014-03-18,12.220000267028809,12.5600004196167,12.220000267028809,12.4399995803833,397900.0,44.87630168861516,55.87225554132312,59.995152753452274,47.67564528234481,44.751385129282454,9.91,100.0,0.93,10.29
EZPW,2014-03-19,12.470000267028809,12.59000015258789,12.239999771118164,12.270000457763672,378400.0,45.16042722975367,55.973154886835594,60.02023874288264,47.527342686450574,44.74300998217837,9.78,100.0,1.13,10.27
EZPW,2014-03-20,12.220000267028809,12.359999656677246,12.149999618530272,12.210000038146973,270900.0,45.07658311607227,55.275288425477584,59.99483788229361,47.52860270798114,44.743372653476634,9.63,98.0,1.38,10.29
EZPW,2014-03-21,12.220000267028809,12.40999984741211,12.15999984741211,12.229999542236328,784300.0,44.394543034006496,55.12054688906885,59.997228270351954,46.75675016332143,44.72910404705395,9.47,99.0,1.64,10.29
EZPW,2014-03-24,12.229999542236328,12.529999732971191,10.890000343322754,11.369999885559082,1262500.0,49.50009933913748,57.21083877871448,60.987943076843955,47.4773593777363,45.279270580554936,9.31,100.0,1.89,9.55
EZPW,2014-03-25,11.470000267028809,11.6899995803833,11.170000076293944,11.18000030517578,403000.0,45.51159191554568,57.30959871410688,61.017949386700096,47.50483529799291,45.299771535552644,9.13,100.0,2.09,9.52
EZPW,2014-03-26,11.25,11.520000457763672,10.579999923706056,10.699999809265137,814900.0,45.05962756230712,57.87926740224578,61.35248745709935,47.6600111857212,45.374941632385635,8.94,100.0,2.2,9.26
EZPW,2014-03-27,10.699999809265137,11.0600004196167,10.550000190734863,10.800000190734863,356500.0,45.16143768676139,57.88233440305547,61.37672833151049,47.66094468573197,45.39059626405591,8.73,100.0,2.3,9.24
EZPW,2014-03-28,10.789999961853027,11.130000114440918,10.6899995803833,10.84000015258789,251800.0,39.61491180845018,57.46096916363342,61.36821980763813,47.664154057464664,45.39507531650576,8.5,99.0,2.38,9.25
EZPW,2014-03-31,10.9399995803833,11.0600004196167,10.760000228881836,10.789999961853027,352500.0,39.58801659812968,57.379199717119576,61.31634461686425,47.64469770528757,45.35679701514999,8.24,97.0,1.97,9.29
EZPW,2014-04-01,10.800000190734863,11.300000190734863,10.800000190734863,11.1899995803833,486700.0,41.49985855647368,57.7096593151995,61.6133205873051,47.819836433133744,45.11879998475435,7.97,100.0,1.31,9.07
EZPW,2014-04-02,11.279999732971191,11.5600004196167,11.220000267028809,11.539999961853027,572800.0,42.121487585345335,57.94271421938294,61.840203874514884,47.97585636650098,45.18954694957607,7.66,100.0,-0.68,8.91
EZPW,2014-04-03,11.600000381469728,11.640000343322754,11.15999984741211,11.15999984741211,437300.0,41.32651894203121,58.28935571271704,58.40738033839349,48.049356953713044,45.291227456304405,7.5,67.0,-0.73,10.32
EZPW,2014-04-04,11.239999771118164,11.399999618530272,10.81999969482422,10.93000030517578,393700.0,40.42985801625466,58.31897705204925,51.037166085478844,48.08493568066986,45.32216743103913,7.46,54.0,-0.75,9.82
EZPW,2014-04-07,10.84000015258789,10.880000114440918,10.539999961853027,10.630000114440918,727500.0,39.545227381702865,57.53935034031279,50.48949085714859,48.169393512667185,45.34782542098234,7.43,53.0,-0.77,10.5
EZPW,2014-04-08,10.84000015258789,10.869999885559082,10.5,10.630000114440918,515100.0,39.393829140703374,57.48236302135924,50.445800798888875,47.99167341380618,45.33598248963488,7.4,52.0,-0.79,10.51
EZPW,2014-04-09,10.68000030517578,10.800000190734863,10.520000457763672,10.739999771118164,319600.0,39.00408267498736,57.45289214502497,50.47764298772447,48.01518239001032,45.219924856005356,7.36,52.0,-0.81,10.45
EZPW,2014-04-10,10.989999771118164,11.470000267028809,10.720000267028809,11.220000267028809,901800.0,40.93802200449334,58.150970795813286,50.847422849596725,48.3188239591217,45.41966526518452,7.33,53.0,-0.79,10.05
EZPW,2014-04-11,11.09000015258789,11.260000228881836,10.899999618530272,11.109999656677246,456700.0,40.84178665998848,58.18851111980852,50.76529686083676,48.298885683117,45.25397086435754,7.29,52.0,-0.79,10.11
EZPW,2014-04-14,11.25,11.34000015258789,11.010000228881836,11.15999984741211,360800.0,40.19054553581806,58.052520174043465,50.420876371572845,48.2346673140549,44.77914151451182,7.25,48.0,-0.76,10.53
EZPW,2014-04-15,11.229999542236328,11.239999771118164,10.90999984741211,11.050000190734863,425200.0,38.467370575754025,57.59789081131574,50.42466075639571,48.232026273701464,44.76892180498198,7.21,48.0,-0.73,10.53
EZPW,2014-04-16,11.100000381469728,11.170000076293944,11.0,11.020000457763672,338500.0,38.095695868038604,57.599814827613635,50.28749306990032,48.191969810423124,44.73691397419483,7.17,46.0,-0.72,10.62
EZPW,2014-04-17,11.039999961853027,11.140000343322754,10.960000038146973,11.0,290100.0,38.10838462278419,57.58598626029248,50.118007124876584,48.18854497642391,44.720841883797675,7.13,45.0,-0.69,10.87
EZPW,2014-04-21,11.050000190734863,11.1899995803833,10.979999542236328,11.079999923706056,280100.0,37.67850785530865,57.53955986910356,50.07174766822594,48.09789905183122,44.70734398991979,7.07,44.0,-0.67,10.86
EZPW,2014-04-22,11.06999969482422,11.210000038146973,11.020000457763672,11.140000343322754,308200.0,37.760255258568804,57.43575604149432,50.04455735476211,48.10616539503594,44.713071647734246,7.0,43.0,-0.66,10.84
EZPW,2014-04-23,11.15999984741211,11.369999885559082,11.0,11.0,355800.0,37.82581868165323,57.382689578921365,50.079400101242946,48.03201761228742,44.62724382585344,6.94,44.0,-0.65,10.83
EZPW,2014-04-24,11.010000228881836,11.25,10.970000267028809,11.0,267800.0,37.841227442708245,55.91706428475752,50.077558458716844,48.03268158376248,44.61772175383655,6.87,43.0,-0.64,10.82
EZPW,2014-04-25,10.989999771118164,11.170000076293944,10.899999618530272,11.119999885559082,348000.0,36.55229171445462,41.0946347639169,50.10960294043423,48.05927869641847,44.586081526675756,6.8,44.0,-0.63,10.75
EZPW,2014-04-28,11.140000343322754,11.15999984741211,10.90999984741211,11.039999961853027,624500.0,36.43485227691809,41.11200352748804,50.04929224768044,48.06198482253494,44.56366818598174,6.73,40.0,-0.63,10.79
EZPW,2014-04-29,11.109999656677246,11.220000267028809,11.0,11.079999923706056,376100.0,36.39480073920551,40.71786743588009,49.34285959676378,48.05679286596848,44.543830338013784,6.67,38.0,-0.63,11.37
EZPW,2014-04-30,10.970000267028809,11.039999961853027,9.800000190734863,10.43000030517578,1528000.0,39.27857393990669,42.56702855317342,50.037831561939925,48.46799051894969,44.920058124607934,6.61,38.0,-0.65,10.94
EZPW,2014-05-01,10.380000114440918,10.699999809265137,10.220000267028809,10.600000381469728,534500.0,39.71181078657426,42.67895249773758,50.07277494266088,48.512081227969304,44.4569072862335,6.55,41.0,-0.67,10.83
EZPW,2014-05-02,10.619999885559082,10.970000267028809,10.619999885559082,10.760000228881836,387300.0,40.12668162646148,42.762990320991,50.12323347754695,48.55686275302049,43.96228523592082,6.48,45.0,-0.68,10.72
EZPW,2014-05-05,10.710000038146973,10.75,10.470000267028809,10.56999969482422,370100.0,40.27600735425998,42.44772863254393,49.16262324401474,48.556811038082046,43.948894272943,6.43,34.0,-0.67,11.52
EZPW,2014-05-06,10.520000457763672,10.609999656677246,10.380000114440918,10.40999984741211,318000.0,34.92123885691056,42.5413613464141,49.22296731993877,48.57834122983656,43.95759330914523,6.38,34.0,-0.66,11.49
EZPW,2014-05-07,10.449999809265137,10.449999809265137,10.229999542236328,10.369999885559082,380300.0,34.67359586087373,40.1130310273405,49.13596450494551,48.51449920152479,43.95619607199404,6.32,32.0,-0.66,11.55
EZPW,2014-05-08,10.369999885559082,10.81999969482422,10.31999969482422,10.4399995803833,282100.0,32.457451585438804,39.11309366002318,49.146718831962524,48.52204526209392,43.96569382588486,6.26,32.0,-0.66,11.52
EZPW,2014-05-09,10.399999618530272,10.770000457763672,10.270000457763672,10.68000030517578,251900.0,33.04915161160979,39.38627627175602,49.190167054373404,48.59991764762168,44.03525476608404,6.2,33.0,-0.64,11.46
EZPW,2014-05-12,10.699999809265137,11.3100004196167,10.699999809265137,11.199999809265137,684800.0,35.843086426774775,37.98882330533923,49.542512630168424,48.91465136397685,44.31529643577144,6.15,35.0,-0.63,11.05
EZPW,2014-05-13,11.15999984741211,11.210000038146973,10.869999885559082,11.079999923706056,338800.0,35.97230921578214,37.97608850300714,49.52638099825069,48.92451097146247,44.30037397652177,6.09,34.0,-0.6,11.06
EZPW,2014-05-14,11.039999961853027,11.079999923706056,10.600000381469728,10.600000381469728,404100.0,36.64485650036443,38.913931123971466,50.01280999141062,49.15928288211567,44.473729756509314,6.03,35.0,-0.6,10.7
EZPW,2014-05-15,10.539999961853027,10.579999923706056,10.300000190734863,10.470000267028809,376200.0,35.42208056074866,38.58501314830954,50.0509979023701,49.16625145533667,44.4793810256599,5.97,38.0,-0.61,10.69
EZPW,2014-05-16,10.449999809265137,10.609999656677246,10.31999969482422,10.59000015258789,343200.0,34.468116041290955,37.73987288226742,49.556466136125664,49.19349742137219,44.49998981278228,5.92,33.0,-0.63,11.29
EZPW,2014-05-19,10.529999732971191,10.68000030517578,10.5,10.59000015258789,290900.0,33.991698111818756,37.14095978534229,49.474563803285854,49.17759348103524,44.493168382367024,5.86,30.0,-0.64,11.33
EZPW,2014-05-20,10.550000190734863,10.56999969482422,10.31999969482422,10.460000038146973,390800.0,33.219347351277236,36.527641038037764,49.50530114234977,49.19002518420223,44.49959327718578,5.81,30.0,-0.66,11.34
EZPW,2014-05-21,10.449999809265137,12.479999542236328,10.449999809265137,12.449999809265137,1355800.0,60.56167878137884,51.43475230334402,56.73116533706566,53.45158897640139,47.874033284424264,5.75,62.0,-0.72,10.67
EZPW,2014-05-22,12.3100004196167,12.970000267028809,12.270000457763672,12.890000343322754,760600.0,61.14920096712925,51.560262994657926,56.91191196151794,53.559066342087114,47.94376735444488,5.69,63.0,-0.8,10.46
EZPW,2014-05-23,13.029999732971191,13.079999923706056,12.40999984741211,12.479999542236328,507900.0,61.05358717512438,51.86434374144755,57.14938355383341,53.68153476245856,48.01965207393694,5.63,63.0,-0.86,10.35
EZPW,2014-05-27,12.510000228881836,12.609999656677246,12.289999961853027,12.609999656677246,382400.0,60.949074686807435,51.88770752769432,56.93850477637542,53.69822512859862,48.03223817027551,5.58,62.0,-0.92,10.6
EZPW,2014-05-28,12.539999961853027,12.699999809265137,12.43000030517578,12.489999771118164,315300.0,61.07962028226771,51.558894715793905,56.896488148784115,53.67646521511412,47.88254203253399,5.52,60.0,-0.97,10.63
EZPW,2014-05-29,12.56999969482422,12.56999969482422,12.350000381469728,12.479999542236328,237800.0,60.959584667578326,51.01865085346302,56.800217413225276,53.63248081659334,47.87411102619015,5.45,58.0,-1.01,10.78
EZPW,2014-05-30,12.479999542236328,12.510000228881836,12.06999969482422,12.220000267028809,383300.0,61.36690802683016,51.11297470637142,56.82005470878922,53.67136107045788,47.8677575353269,5.39,58.0,-1.04,10.76
EZPW,2014-06-02,12.199999809265137,12.399999618530272,12.029999732971191,12.289999961853027,243300.0,61.34960152569753,51.12164405553402,56.78325245063144,53.67790108243226,47.78201081427153,5.32,56.0,-1.08,10.75
EZPW,2014-06-03,12.210000038146973,12.239999771118164,11.859999656677246,11.899999618530272,355900.0,62.21276204351265,51.376499268741085,56.959627586510294,53.79657448564977,47.87224629333216,5.25,62.0,-1.09,10.72
EZPW,2014-06-04,11.829999923706056,12.109999656677246,11.829999923706056,12.079999923706056,209200.0,62.315609056960334,51.44365990042885,56.33309991249493,53.82325123585642,47.89900981989762,5.18,53.0,-1.11,11.09
EZPW,2014-06-05,12.15999984741211,12.4399995803833,11.920000076293944,12.34000015258789,240500.0,62.36566137321101,51.635256315481904,56.399808036897525,53.88690296496909,47.952021113064596,5.11,53.0,-1.13,11.0
EZPW,2014-06-06,12.43000030517578,12.779999732971191,12.350000381469728,12.68000030517578,281700.0,62.71707060149482,51.94826671183262,56.495008461038765,53.96013615071278,48.01634782586353,5.04,53.0,-1.17,10.79
EZPW,2014-06-09,12.649999618530272,12.850000381469728,12.489999771118164,12.760000228881836,179500.0,62.69237127313111,51.27145612608379,56.49807832622865,53.96897626067424,48.022484798929085,4.96,53.0,-1.2,10.78
EZPW,2014-06-10,12.739999771118164,12.829999923706056,12.640000343322754,12.670000076293944,167200.0,62.69006194231993,51.20757712242499,56.51401189176938,53.9724130117414,48.021401406520944,4.88,53.0,-1.23,10.79
EZPW,2014-06-11,12.640000343322754,12.960000038146973,12.510000228881836,12.68000030517578,219500.0,62.699234749982644,51.196898653956325,56.41646488708268,53.972895199366256,48.020697008126376,4.8,50.0,-1.24,10.82
EZPW,2014-06-12,12.710000038146973,12.760000228881836,12.130000114440918,12.380000114440918,343800.0,60.25799718055386,51.27470182386752,56.24593677774135,54.032546805908495,48.058817825011644,4.72,47.0,-1.24,10.95
EZPW,2014-06-13,12.359999656677246,12.460000038146973,12.050000190734863,12.300000190734863,276400.0,60.27410875977367,51.21343489331605,56.26001059861074,53.88864590745405,48.012249697483036,4.63,47.0,-1.22,10.96
EZPW,2014-06-16,12.260000228881836,12.5,12.09000015258789,12.43000030517578,181900.0,60.22343376765967,51.24732220874664,56.264827310626345,53.90876520283808,47.989174778675526,4.54,47.0,-1.21,10.91
EZPW,2014-06-17,12.390000343322754,12.649999618530272,11.720000267028809,11.899999618530272,1137100.0,61.513271312371764,52.02851949142823,56.68590775160401,54.042391800865396,48.14139861949855,4.44,53.0,-1.18,10.62
EZPW,2014-06-18,11.800000190734863,11.84000015258789,11.43000030517578,11.609999656677246,9026600.0,61.82854265765967,50.06110175534443,56.77282234637758,54.10921984046189,48.18727350844474,4.34,54.0,-1.15,10.56
EZPW,2014-06-19,11.609999656677246,11.75,11.5,11.579999923706056,1902400.0,61.81633981687499,49.9369733421632,56.70022759489449,54.093621021817384,48.18082204722876,4.24,52.0,-1.15,10.59
EZPW,2014-06-20,11.630000114440918,11.710000038146973,11.449999809265137,11.600000381469728,1159300.0,61.81190144563611,49.069491219914575,55.82984390055257,54.03410842613938,48.03903254718801,4.14,41.0,-1.45,11.18
EZPW,2014-06-23,11.65999984741211,11.760000228881836,11.329999923706056,11.550000190734863,1026600.0,61.57786893660082,49.05456231443217,47.51843177375249,53.91362586174089,48.03878268976495,4.22,1.0,-1.44,10.29
EZPW,2014-06-24,11.770000457763672,11.90999984741211,11.300000190734863,11.449999809265137,1159900.0,60.152798004790796,49.092477091180804,47.536631796982945,53.919525641432465,48.043598251499425,4.29,2.0,-1.44,10.3
EZPW,2014-06-25,11.34000015258789,11.65999984741211,11.239999771118164,11.600000381469728,1311700.0,60.152431756659006,49.14058908579814,47.366591760250586,53.937983953340996,48.05940736346543,4.37,1.0,-1.42,10.38
EZPW,2014-06-26,11.630000114440918,11.65999984741211,11.420000076293944,11.529999732971191,296200.0,58.62309313194606,48.60926600131237,47.3777021045637,53.939471158509,47.65237842461344,4.44,2.0,-1.4,10.39
EZPW,2014-06-27,11.470000267028809,11.56999969482422,11.390000343322754,11.470000267028809,786300.0,58.49942927339353,48.20912626472675,47.37364210779555,53.940954255156804,47.63619171245173,4.51,2.0,-1.39,10.42
EZPW,2014-06-30,11.489999771118164,11.609999656677246,11.329999923706056,11.550000190734863,626400.0,58.45842800856682,47.722992570630716,47.36086980975756,53.93786818679453,47.63404234355377,4.57,1.0,-1.37,10.4
EZPW,2014-07-01,11.5600004196167,11.800000190734863,11.510000228881836,11.670000076293944,918700.0,58.490733278087326,47.55322630623681,47.15774802903935,53.93265319805794,47.53011737247784,4.64,1.0,-1.37,10.67
EZPW,2014-07-02,11.720000267028809,11.829999923706056,11.600000381469728,11.649999618530272,339700.0,58.32540372598224,47.17446660068533,47.158255897455994,53.93215071129179,47.53006768854925,4.7,2.0,-1.36,10.68
EZPW,2014-07-03,11.729999542236328,11.859999656677246,11.56999969482422,11.739999771118164,706400.0,28.193157304167254,47.19018715463068,45.96229117312022,53.93469338077116,46.9956730392,4.78,1.0,-1.35,12.05
EZPW,2014-07-07,11.729999542236328,11.739999771118164,11.59000015258789,11.68000030517578,566100.0,25.964543260219642,47.17541070356886,45.48192146974608,53.93391559338644,46.98095769044742,4.86,1.0,-1.33,12.78
EZPW,2014-07-08,11.630000114440918,11.699999809265137,11.5600004196167,11.59000015258789,762000.0,24.51226815177652,46.37548115137434,45.437312841066955,53.937437733077054,46.98232257047143,4.94,1.0,-1.31,12.82
EZPW,2014-07-09,11.600000381469728,11.739999771118164,11.510000228881836,11.579999923706056,340100.0,24.215861029633196,46.32600062439185,44.065628768224705,53.895204681520525,46.92076575452464,5.04,1.0,-1.32,14.72
EZPW,2014-07-10,11.359999656677246,11.56999969482422,11.289999961853027,11.3100004196167,726200.0,24.886396884967255,46.58438878933027,44.17437722889855,53.956126802664905,46.95779811321994,5.12,2.0,-1.33,14.59
EZPW,2014-07-11,11.25,11.350000381469728,10.970000267028809,11.199999809265137,824400.0,24.94365512965268,46.58317148712444,44.193247286422185,53.96349840844953,46.960425224849715,5.2,3.0,-1.33,14.58
EZPW,2014-07-14,11.1899995803833,11.300000190734863,11.0,11.109999656677246,576100.0,24.433134892578565,46.61050171849817,43.980365299752,53.96712142312089,46.95230143794522,5.28,1.0,-1.31,14.84
EZPW,2014-07-15,11.119999885559082,11.220000267028809,10.979999542236328,11.100000381469728,447600.0,24.29894929804311,46.60924100563237,43.44147841908853,53.94909627419725,46.91017694192258,5.36,1.0,-1.3,15.53
EZPW,2014-07-16,11.170000076293944,11.170000076293944,10.989999771118164,11.09000015258789,386100.0,22.71107122156116,46.5861669804883,43.15887387025576,53.9479773959335,46.902880301255834,5.44,1.0,-1.28,16.11
EZPW,2014-07-17,11.039999961853027,11.199999809265137,10.989999771118164,11.0600004196167,696000.0,22.106522611322287,46.575768416817134,42.85623297199116,53.92691306178455,46.85816724757842,5.52,1.0,-1.26,16.76
EZPW,2014-07-18,11.020000457763672,11.149999618530272,10.970000267028809,11.119999885559082,427400.0,21.047285914556507,46.51530905631636,42.7732072240419,53.931433459775576,46.85737855775842,5.59,1.0,-1.23,16.82
EZPW,2014-07-21,10.199999809265137,10.279999732971191,9.5,9.760000228881836,4699400.0,41.11639049321486,53.669758045798396,47.23423172710636,56.03207749094139,48.5798817369383,5.59,14.0,-1.07,14.09
EZPW,2014-07-22,9.760000228881836,9.829999923706056,9.43000030517578,9.529999732971191,2209700.0,41.08787628194339,53.78605944818665,47.237299837930685,56.07862592935867,48.503473675100246,5.59,15.0,-0.85,14.15
EZPW,2014-07-23,9.520000457763672,9.720000267028809,9.489999771118164,9.65999984741211,1330900.0,41.63480099706882,53.87773077326222,47.28236932492918,56.09734648159195,48.52903445077512,5.59,16.0,-0.75,14.07
EZPW,2014-07-24,9.68000030517578,9.979999542236328,9.670000076293944,9.770000457763672,1096900.0,41.961581386712474,53.93653645091627,47.13392465945662,56.0942964573347,48.536885395077896,5.58,12.0,-0.72,14.22
EZPW,2014-07-25,9.75,9.75,9.489999771118164,9.550000190734863,384400.0,41.92602698888852,52.734609796893686,46.84109811697464,56.12259900824167,48.5589366577208,5.57,12.0,-0.63,14.72
EZPW,2014-07-28,9.5600004196167,9.6899995803833,9.420000076293944,9.510000228881836,858000.0,41.94153038532834,52.60870548171711,46.76989203269811,56.117463090158424,48.50734119153778,5.56,12.0,-0.56,14.86
EZPW,2014-07-29,9.539999961853027,9.84000015258789,9.479999542236328,9.739999771118164,716700.0,42.64431940589797,52.76174621462088,46.96305042782957,54.00285868923304,48.57181082883307,5.54,14.0,-0.55,14.52
EZPW,2014-07-30,9.779999732971191,10.3100004196167,9.75,9.949999809265137,1191300.0,42.10201138962258,52.85962685136444,47.00590984168495,49.7247916644744,48.60285247916229,5.52,15.0,-0.58,14.46
EZPW,2014-07-31,9.699999809265137,9.949999809265137,9.65999984741211,9.789999961853027,1154500.0,41.84599233091757,52.87101961663794,47.03398052305468,49.3413136771982,48.61960399947961,5.5,16.0,-0.6,14.42
EZPW,2014-08-01,9.770000457763672,9.800000190734863,9.289999961853027,9.3100004196167,1022800.0,43.777072442508945,53.82439075772459,47.632563465725276,49.65916532314346,48.780963087359005,5.46,29.0,-0.53,13.69
EZPW,2014-08-04,9.350000381469728,9.550000190734863,9.3100004196167,9.510000228881836,864800.0,44.48606728466231,54.004699753645966,47.78997798340523,49.73070074232299,48.83884931046714,5.43,30.0,-0.53,13.45
EZPW,2014-08-05,9.5,9.720000267028809,9.390000343322754,9.510000228881836,367000.0,44.523095621683,53.76854846977115,47.40812298178842,49.655549632848995,48.77648064440739,5.39,27.0,-0.54,13.89
EZPW,2014-08-06,9.4399995803833,9.699999809265137,9.4399995803833,9.59000015258789,429900.0,44.723708331371,52.82005215297653,47.40425340009659,49.61343384271999,48.78829948555829,5.34,27.0,-0.57,13.87
EZPW,2014-08-07,9.649999618530272,9.720000267028809,9.479999542236328,9.649999618530272,555600.0,44.517141096966576,52.82248996476844,47.40639334273416,49.41775412636127,48.79588134561775,5.3,28.0,-0.6,13.86
EZPW,2014-08-08,9.65999984741211,9.81999969482422,9.539999961853027,9.699999809265137,412600.0,44.637563606455934,52.11113091307272,47.28315551505551,49.41513206574291,48.801649458989345,5.24,23.0,-0.61,14.06
EZPW,2014-08-11,9.739999771118164,9.859999656677246,9.68000030517578,9.75,330000.0,44.74934792344409,52.07865060122289,47.263658006742475,49.345137820614376,48.79938788970584,5.19,22.0,-0.63,14.06
EZPW,2014-08-12,9.739999771118164,9.789999961853027,9.600000381469728,9.699999809265137,418600.0,44.59595184994343,52.01822421987057,47.26400893092094,49.24949481111692,48.75020196806966,5.13,23.0,-0.65,14.06
EZPW,2014-08-13,9.710000038146973,9.869999885559082,9.649999618530272,9.779999732971191,452300.0,44.53334149840733,52.05531330577563,47.289482206931986,49.22804838367348,48.75621833467914,5.07,26.0,-0.65,14.01
EZPW,2014-08-14,9.829999923706056,9.979999542236328,9.720000267028809,9.800000190734863,595100.0,44.57725099653456,52.008660892149514,45.914872078589184,49.2102726328336,48.75736550370775,4.99,11.0,-0.7,15.64
EZPW,2014-08-15,9.970000267028809,10.220000267028809,9.789999961853027,10.039999961853027,1353700.0,45.261380311832546,37.47562002936672,46.02742387579391,49.29977570484573,48.80525320216265,4.91,13.0,-0.74,15.4
EZPW,2014-08-18,10.149999618530272,10.420000076293944,10.100000381469728,10.40999984741211,496900.0,46.82534944518238,37.540450751262654,45.886772497773705,49.49337299853329,48.95645635945605,4.82,11.0,-0.75,15.46
EZPW,2014-08-19,10.489999771118164,10.789999961853027,10.43000030517578,10.75,805900.0,47.949502381937585,37.75483847149671,46.1505371174508,49.6446114904597,49.026770141582446,4.71,15.0,-0.76,15.02
EZPW,2014-08-20,10.81999969482422,10.960000038146973,10.619999885559082,10.739999771118164,510200.0,47.94930523420577,37.661492216988876,46.146829363234154,49.60434634166664,49.02392573352834,4.6,15.0,-0.76,15.04
EZPW,2014-08-21,10.720000267028809,10.789999961853027,10.600000381469728,10.699999809265137,272300.0,47.534216203871345,37.63490179708974,46.14481763728639,49.213004210318424,49.01095866035068,4.49,15.0,-0.76,15.04
EZPW,2014-08-22,10.699999809265137,10.800000190734863,10.520000457763672,10.579999923706056,231000.0,47.558012096199434,37.67500274915803,45.80472117047045,49.10110470008032,48.98843909564024,4.36,11.0,-0.77,15.63
EZPW,2014-08-25,10.59000015258789,10.710000038146973,10.380000114440918,10.5,302900.0,47.55282459891197,37.496286592227726,45.540344970406146,49.08720474374372,48.991568607004574,4.21,11.0,-0.77,16.12
EZPW,2014-08-26,10.5,10.640000343322754,10.40999984741211,10.59000015258789,368700.0,47.64828887412296,37.527234661945684,45.26378453057381,49.092988362455124,48.99099133787155,4.15,9.0,-0.77,16.5
EZPW,2014-08-27,10.579999923706056,10.699999809265137,10.43000030517578,10.479999542236328,329300.0,47.71686982076743,37.05154853459648,45.17517387026135,48.52360945072045,48.99276460929862,4.17,9.0,-0.78,16.63
EZPW,2014-08-28,10.40999984741211,10.640000343322754,10.34000015258789,10.510000228881836,294700.0,47.73580447227674,36.8949270875734,44.96337496846456,48.52412003594957,48.993912480389085,4.19,9.0,-0.79,16.94
EZPW,2014-08-29,10.520000457763672,10.65999984741211,10.43000030517578,10.630000114440918,346100.0,47.84367663586981,36.6787571601487,45.00020829805649,48.490965345915846,49.00137392269174,4.22,10.0,-0.79,16.86
EZPW,2014-09-02,10.640000343322754,10.789999961853027,10.489999771118164,10.68000030517578,541400.0,28.187026766682088,36.18815817704055,44.97636616271446,48.493772015449494,49.00456927094004,4.24,10.0,-0.79,16.91
EZPW,2014-09-03,10.739999771118164,10.90999984741211,10.670000076293944,10.739999771118164,398000.0,27.017325723258416,36.181010767067725,44.43571335246988,48.449078457187376,49.00661053341913,4.27,9.0,-0.79,17.9
EZPW,2014-09-04,10.779999732971191,10.779999732971191,10.260000228881836,10.399999618530272,659400.0,28.80127561783245,36.66772294918207,44.69653497257769,48.47291215505121,49.046795634680834,4.29,10.0,-0.8,17.48
EZPW,2014-09-05,10.300000190734863,10.380000114440918,10.220000267028809,10.289999961853027,325400.0,28.91694643370129,36.688159287877426,44.71664497006979,48.46384066453965,49.05408258590239,4.32,11.0,-0.81,17.47
EZPW,2014-09-08,10.229999542236328,10.270000457763672,10.029999732971191,10.119999885559082,482800.0,28.518148418516652,36.544712342160906,44.76443032377371,48.48971806535162,49.0739176749048,4.34,12.0,-0.84,17.4
EZPW,2014-09-09,10.119999885559082,10.260000228881836,10.09000015258789,10.199999809265137,591800.0,28.507287658246366,36.610687702038526,44.78492862936605,48.49904614631404,49.0600606094801,4.36,13.0,-0.85,17.34
EZPW,2014-09-10,10.18000030517578,10.260000228881836,10.029999732971191,10.149999618530272,315000.0,27.828504300602187,36.50165895281342,44.78946449333348,48.19962637603096,49.025386332369486,4.38,14.0,-0.87,17.34
EZPW,2014-09-11,10.119999885559082,10.350000381469728,10.09000015258789,10.34000015258789,447200.0,27.666171334855534,35.79299532397325,44.87699896963447,48.20553507341055,49.06280749463615,4.4,15.0,-0.88,17.16
EZPW,2014-09-12,10.369999885559082,10.390000343322754,10.09000015258789,10.199999809265137,297500.0,27.534261973786556,35.56964338973827,44.91292734563842,48.22782257252261,49.07520204164285,4.42,16.0,-0.89,17.13
EZPW,2014-09-15,10.170000076293944,10.43000030517578,10.06999969482422,10.380000114440918,382000.0,23.14531395687429,35.79662826063969,44.96677084594023,48.26766702738178,49.11424252822263,4.44,18.0,-0.9,16.98
EZPW,2014-09-16,10.329999923706056,10.630000114440918,10.3100004196167,10.449999809265137,501200.0,22.559299770024705,35.832403029511575,44.9816333520048,48.22081161153505,49.11303519477611,4.45,20.0,-0.9,16.94
EZPW,2014-09-17,10.5,10.890000343322754,10.5,10.880000114440918,666300.0,24.96980445967642,36.84878339765436,45.412439016613064,48.44890195212134,49.29003496094093,4.47,24.0,-0.9,16.19
EZPW,2014-09-18,10.949999809265137,10.989999771118164,10.670000076293944,10.6899995803833,501200.0,25.742444994087094,36.97356152175319,45.48318548234575,48.32994315324311,49.285145513381565,4.48,27.0,-0.9,16.09
EZPW,2014-09-19,10.699999809265137,10.869999885559082,10.460000038146973,10.479999542236328,1178600.0,26.606999592385073,37.04915960973374,45.58379160379945,48.34765144428002,49.317115601366226,4.49,29.0,-0.89,15.96
EZPW,2014-09-22,10.43000030517578,10.43000030517578,10.239999771118164,10.300000190734863,420600.0,27.22093259286377,37.17761807512827,44.64569905984537,48.31694757418996,49.34044037085135,4.51,10.0,-0.9,17.31
EZPW,2014-09-23,10.260000228881836,10.380000114440918,10.09000015258789,10.119999885559082,297700.0,27.786819644446588,37.31199932761904,44.6541162178195,48.31045413532489,49.363986039132925,4.52,11.0,-0.91,17.36
EZPW,2014-09-24,10.170000076293944,10.1899995803833,10.029999732971191,10.18000030517578,351900.0,27.750821981897893,37.30185559168752,44.59743814478212,48.29427927751225,49.368211195443266,4.54,10.0,-0.92,17.49
EZPW,2014-09-25,10.119999885559082,10.18000030517578,9.760000228881836,9.93000030517578,404600.0,28.706361651231994,37.497494193990114,44.68084379719599,48.33105765823883,49.30758228719793,4.56,13.0,-0.94,17.35
EZPW,2014-09-26,9.949999809265137,10.039999961853027,9.880000114440918,9.960000038146973,215500.0,28.712273650957705,37.515288516989514,44.622677705675855,47.915658730899665,49.31034983127158,4.57,11.0,-0.95,17.42
EZPW,2014-09-29,9.880000114440918,9.989999771118164,9.779999732971191,9.93000030517578,454300.0,27.833894576440237,37.45375821429811,44.621253806165775,47.894090175908794,49.23930882945825,4.59,11.0,-0.97,17.42
EZPW,2014-09-30,9.960000038146973,9.989999771118164,9.869999885559082,9.90999984741211,633300.0,25.58523478872376,37.45090459147122,44.60712099451566,47.86584228907489,49.23929836865034,4.61,11.0,-0.98,17.46
EZPW,2014-10-01,9.899999618530272,10.239999771118164,9.789999961853027,9.920000076293944,480000.0,23.521322565190484,37.4439499014621,44.4519487492331,47.862349780070446,49.22801072061527,4.62,10.0,-1.0,17.79
EZPW,2014-10-02,9.93000030517578,10.119999885559082,9.789999961853027,10.039999961853027,325800.0,23.901573144232685,37.56234062507168,43.82316029726475,47.885502223753626,49.20019535671841,4.64,5.0,-1.0,18.99
EZPW,2014-10-03,10.140000343322754,10.140000343322754,9.760000228881836,9.789999961853027,347900.0,24.8113147850701,37.602954842651194,43.96411458429409,47.923333175287006,49.16080232439014,4.66,6.0,-1.01,18.75
EZPW,2014-10-06,9.8100004196167,10.489999771118164,9.75,9.949999809265137,547100.0,25.285371157174335,37.7622245177227,43.50272495542613,47.77852644249612,49.19426597269768,4.69,5.0,-1.02,19.49
EZPW,2014-10-07,8.430000305175781,9.359999656677246,8.25,8.960000038146973,3544400.0,39.07463415819332,43.23623904846833,46.50845726495058,49.351126144757075,50.25209895098961,4.69,49.0,-1.01,15.95
EZPW,2014-10-08,9.010000228881836,9.100000381469728,8.6899995803833,9.010000228881836,1015900.0,38.992737550744685,43.27366869657618,46.47631698441039,49.3534478320995,50.257726144709125,4.69,49.0,-1.0,16.01
EZPW,2014-10-09,8.979999542236328,9.100000381469728,8.720000267028809,8.720000267028809,1606500.0,39.77035200026599,43.68205281109063,46.736807282735896,49.48157092896963,50.35010808454249,4.69,51.0,-0.97,15.64
EZPW,2014-10-10,8.65999984741211,8.850000381469727,8.569999694824219,8.649999618530273,674100.0,39.68175538447284,43.6890255093975,46.717439102748806,49.45758600956311,50.34212945524364,4.69,51.0,-0.95,15.66
EZPW,2014-10-13,8.619999885559082,8.8100004196167,8.609999656677246,8.720000267028809,464100.0,39.56437446169977,43.717017839820976,37.26908239090793,49.431453954479196,50.33267099915083,4.73,1.0,-0.89,10.12
EZPW,2014-10-14,8.850000381469727,9.039999961853027,8.680000305175781,8.949999809265137,585000.0,40.564650446394715,35.35525045012552,37.06664872470055,49.02232728244894,50.41288252966508,4.76,1.0,-0.89,10.32
EZPW,2014-10-15,8.890000343322754,9.479999542236328,8.800000190734863,9.390000343322754,869400.0,43.37161302116033,36.45908705698183,37.67281402613186,44.174935766124705,50.656972228336016,4.77,3.0,-0.86,9.99
EZPW,2014-10-16,9.350000381469728,9.59000015258789,9.100000381469728,9.550000190734863,447700.0,42.97889867764652,36.51958010563322,37.74532040283174,44.22250417164355,50.69046682255885,4.78,4.0,-0.83,9.92
EZPW,2014-10-17,9.68000030517578,9.68000030517578,9.119999885559082,9.170000076293944,367800.0,44.30822958222247,37.3611508292655,38.20615716725658,44.35741556054851,50.83591052096894,4.77,5.0,-0.81,9.26
EZPW,2014-10-20,9.140000343322754,10.3100004196167,9.079999923706056,9.93000030517578,1197500.0,50.27363834219305,40.57416701204171,40.39897213174836,45.37076622902577,51.458077193451416,4.71,6.0,-0.76,8.14
EZPW,2014-10-21,9.970000267028809,10.010000228881836,9.75,9.899999618530272,436200.0,50.21260537307061,40.568898892593104,40.28700059567002,45.36213599041098,51.45788426055194,4.65,6.0,-0.69,8.31
EZPW,2014-10-22,9.880000114440918,9.970000267028809,9.649999618530272,9.68000030517578,365900.0,50.588167985815126,40.5479610404816,40.39608881761985,45.42494740863155,51.49845745304923,4.59,7.0,-0.63,8.12
EZPW,2014-10-23,9.75,10.100000381469728,9.739999771118164,9.890000343322754,611300.0,50.695925859088895,40.550923255195215,40.28513302341466,45.35857267522768,51.551079002749155,4.51,6.0,-0.56,8.36
EZPW,2014-10-24,9.93000030517578,10.489999771118164,9.93000030517578,10.470000267028809,590200.0,53.29082994290886,42.055798348678714,41.27144961738421,45.869384636410295,51.87229443859698,4.43,10.0,-0.47,7.67
EZPW,2014-10-27,10.390000343322754,10.399999618530272,10.0600004196167,10.170000076293944,444100.0,53.73575003413951,41.164258893965425,41.3399292214382,45.29458922579563,51.943718654150416,4.34,11.0,-0.38,7.5
EZPW,2014-10-28,9.890000343322754,10.460000038146973,9.81999969482422,10.4399995803833,519000.0,54.262995439815306,41.2781423643885,41.322691597272765,45.13180900932599,52.003968600858144,4.24,11.0,-0.34,7.51
EZPW,2014-10-29,10.5,10.760000228881836,10.399999618530272,10.649999618530272,488000.0,53.25711094434589,41.447528501895086,41.44821931164014,45.16822563616269,52.047129050871334,4.13,13.0,-0.36,7.42
EZPW,2014-10-30,10.649999618530272,10.93000030517578,10.649999618530272,10.920000076293944,751800.0,53.51472884718985,41.69879655770627,41.657260198519765,44.518831859180054,52.11515813582871,4.01,14.0,-0.41,7.29
EZPW,2014-10-31,11.0,11.329999923706056,10.920000076293944,11.279999732971191,718600.0,53.913620053360354,42.151276739105164,42.00274537610101,44.675515642238764,52.21579932517136,3.88,15.0,-0.54,7.05
EZPW,2014-11-03,11.279999732971191,11.279999732971191,10.75,10.760000228881836,505200.0,55.53645497847093,43.36370196094681,42.48309283883477,45.010193212115745,52.40323789680566,3.74,16.0,-0.57,6.64
EZPW,2014-11-04,10.75,10.829999923706056,10.550000190734863,10.829999923706056,532800.0,55.25535165181811,43.36909002176038,42.49349030496835,44.89251365093844,52.39148647185525,3.59,17.0,-0.59,6.66
EZPW,2014-11-05,10.890000343322754,11.039999961853027,10.739999771118164,10.890000343322754,288600.0,55.25324602089555,43.3517746419478,42.46563852509869,44.60234569873428,52.375676466638765,3.43,16.0,-0.73,6.67
EZPW,2014-11-06,10.9399995803833,11.100000381469728,10.869999885559082,11.0600004196167,714600.0,54.76832705118147,43.42242228655889,42.00232889405156,44.49573757340587,52.40027481451979,3.24,15.0,-0.73,7.17
EZPW,2014-11-07,10.789999961853027,11.050000190734863,10.239999771118164,10.880000114440918,660400.0,55.07459351931403,43.58689416469941,41.902814932668505,44.37763445257917,50.71578131077774,3.03,15.0,-0.7,7.28
EZPW,2014-11-10,10.829999923706056,11.020000457763672,10.75,10.989999771118164,609600.0,55.081990559331075,43.37163073445582,41.9360076229375,44.34156624981404,47.42137926419607,2.8,16.0,-0.67,7.27
EZPW,2014-11-11,11.020000457763672,11.149999618530272,10.859999656677246,10.9399995803833,378400.0,55.1085769436577,42.77978418502059,41.93929932101209,44.21147673683886,47.11973889026879,2.58,17.0,-0.65,7.25
EZPW,2014-11-12,10.869999885559082,11.279999732971191,10.84000015258789,11.279999732971191,614900.0,55.66660651722387,42.73297569979079,42.22563256750757,44.30844876689837,47.20015973805873,2.57,20.0,-0.64,7.07
EZPW,2014-11-13,11.359999656677246,11.6899995803833,11.109999656677246,11.18000030517578,600700.0,55.744114283095506,42.778009724857455,42.22671129415802,44.30968386882548,47.20822645246506,2.56,21.0,-0.63,7.07
EZPW,2014-11-14,11.15999984741211,11.15999984741211,10.890000343322754,10.970000267028809,540700.0,55.49225519115397,42.95842942842166,42.276316160990866,44.22874111153388,47.19333389493107,2.56,22.0,-0.61,6.96
EZPW,2014-11-17,10.970000267028809,10.979999542236328,10.68000030517578,10.770000457763672,482700.0,55.725408343046055,43.06588476765323,42.36250943650221,44.06244325920027,47.18279157113516,2.55,23.0,-0.57,6.85
EZPW,2014-11-18,10.800000190734863,10.84000015258789,10.520000457763672,10.800000190734863,337800.0,45.48276290086771,43.03720303091531,42.35974093725292,44.03231338802222,47.03770418111321,2.54,23.0,-0.53,6.87
EZPW,2014-11-19,10.75,10.8100004196167,10.5,10.68000030517578,319300.0,45.76175783728232,43.068964608635824,42.375190993637524,44.04569962155038,47.04210050436759,2.53,25.0,-0.49,6.82
EZPW,2014-11-20,10.640000343322754,10.90999984741211,10.640000343322754,10.890000343322754,268400.0,44.43852286575032,43.19116071618076,42.46094491537906,44.05630800725169,47.02397439361617,2.52,26.0,-0.48,6.76
EZPW,2014-11-21,10.989999771118164,11.010000228881836,10.800000190734863,10.9399995803833,312100.0,44.206609639708475,43.19638165595014,42.46884408392946,44.04325802497694,46.95770359780514,2.5,28.0,-0.48,6.77
EZPW,2014-11-24,10.920000076293944,11.029999732971191,10.850000381469728,10.9399995803833,390400.0,44.264630759302314,43.139061386311425,42.44801287138842,44.03885903460035,46.929545115308905,2.5,26.0,-0.5,6.77
EZPW,2014-11-25,10.979999542236328,11.010000228881836,10.81999969482422,10.989999771118164,373800.0,43.922057155020426,43.138516472957164,42.4501930023739,44.043483481849094,46.91582260816796,2.51,27.0,-0.53,6.79
EZPW,2014-11-26,10.960000038146973,11.020000457763672,10.899999618530272,10.960000038146973,216300.0,42.2201404193068,43.130039956434565,42.436242569273354,43.78871816201279,46.915425782646295,2.51,26.0,-0.55,6.81
EZPW,2014-11-28,10.399999618530272,11.100000381469728,10.399999618530272,10.890000343322754,489200.0,42.1971562696376,42.62084803652477,42.44637967874665,43.76561138191219,46.91839319806334,2.51,27.0,-0.57,6.79
EZPW,2014-12-01,10.829999923706056,10.84000015258789,10.520000457763672,10.65999984741211,415800.0,40.757945284229876,42.79942453737249,42.41692347139202,43.82768235519527,46.96511227209273,2.52,26.0,-0.54,6.82
EZPW,2014-12-02,10.710000038146973,10.720000267028809,10.359999656677246,10.43000030517578,381500.0,34.789532794028425,42.90103273021752,42.52616521596772,43.82624033061683,46.9837156813214,2.52,36.0,-0.51,6.7
EZPW,2014-12-03,10.399999618530272,10.68000030517578,10.359999656677246,10.399999618530272,318700.0,34.78786623365049,42.878718521860954,42.51129515639063,43.80047217181027,46.68925375245327,2.53,36.0,-0.47,6.72
EZPW,2014-12-04,10.369999885559082,10.649999618530272,10.170000076293944,10.529999732971191,477100.0,34.15015507067873,42.935429760910026,42.56196006464451,43.82625049975192,46.609143033905255,2.53,38.0,-0.44,6.71
EZPW,2014-12-05,10.859999656677246,11.09000015258789,10.489999771118164,10.579999923706056,811300.0,33.69719195258132,42.78206629713588,42.57010926807969,43.83023480999333,46.59538796630508,2.54,39.0,-0.41,6.71
EZPW,2014-12-08,10.510000228881836,10.93000030517578,10.489999771118164,10.670000076293944,411200.0,29.523660753895182,42.71255795306202,42.59213508045493,42.99513040238277,46.59928156163541,2.54,40.0,-0.38,6.71
EZPW,2014-12-09,10.609999656677246,11.100000381469728,10.529999732971191,11.079999923706056,499100.0,30.025149951901202,43.24845761397714,43.00998345542178,43.18457951953506,46.31204573875512,2.54,41.0,-0.38,6.45
EZPW,2014-12-10,11.06999969482422,11.09000015258789,10.670000076293944,10.68000030517578,312500.0,31.290674603584794,43.919678872097286,38.06606788101728,43.09102627007628,46.4595241313478,2.58,5.0,-0.35,3.59
EZPW,2014-12-11,10.770000457763672,11.100000381469728,10.710000038146973,10.93000030517578,292800.0,31.475552191093687,43.38982042930451,38.01921258300255,43.16415963240343,46.47797637313317,2.63,5.0,-0.3,3.66
EZPW,2014-12-12,10.8100004196167,11.210000038146973,10.789999961853027,11.130000114440918,566200.0,31.075945382311154,43.38571340527808,38.063525621845876,43.2150190587215,46.51213861592678,2.67,6.0,-0.27,3.64
EZPW,2014-12-15,11.140000343322754,11.239999771118164,10.729999542236328,10.869999885559082,654500.0,30.330304751865654,43.469297181835856,38.236118219526524,43.30303843373724,46.53777023530362,2.7,9.0,-0.24,3.5
EZPW,2014-12-16,10.869999885559082,11.18000030517578,10.65999984741211,10.989999771118164,569700.0,27.194133426818716,43.35741955499344,38.07547701399213,43.10655582568737,46.45673057583363,2.74,8.0,-0.18,3.63
EZPW,2014-12-17,11.010000228881836,11.3100004196167,10.829999923706056,11.300000190734863,369300.0,28.269672306481137,43.519809184139675,38.29412472136518,43.07790000926362,46.519340867912355,2.77,11.0,-0.12,3.52
EZPW,2014-12-18,11.479999542236328,11.5600004196167,11.34000015258789,11.449999809265137,554400.0,28.45306893669325,43.574402695551925,38.17382728640454,42.92264146938031,46.52812900781839,2.8,9.0,-0.08,3.59
EZPW,2014-12-19,11.4399995803833,11.989999771118164,11.369999885559082,11.899999618530272,1172100.0,30.159852303248474,43.84421590946753,38.49663260924779,43.08891000382335,46.68494296184735,2.82,13.0,0.02,3.43
EZPW,2014-12-22,11.829999923706056,11.850000381469728,11.56999969482422,11.710000038146973,592700.0,30.14295398776788,44.018810901985034,38.49525759100124,43.00267142149906,46.49692946676528,2.83,13.0,0.05,3.43
EZPW,2014-12-23,11.729999542236328,11.84000015258789,11.600000381469728,11.68000030517578,264100.0,30.088057125288874,44.01640523413855,37.58712794091146,43.00419395912725,46.46095734158086,2.85,3.0,0.13,3.88
EZPW,2014-12-24,11.65999984741211,11.6899995803833,11.18000030517578,11.479999542236328,161400.0,30.55196340883748,44.19696247610895,37.589311683059925,43.03969161963434,46.49203168107978,2.87,4.0,0.17,3.85
EZPW,2014-12-26,11.539999961853027,11.90999984741211,11.40999984741211,11.6899995803833,254400.0,29.725631585833,44.312192118546115,37.67624915990613,42.78251478731476,46.522548496424406,2.88,6.0,0.22,3.8
EZPW,2014-12-29,11.65999984741211,11.970000267028809,11.479999542236328,11.859999656677246,325200.0,29.806540301509287,44.336551938787764,37.714363645418025,42.798475278157134,46.506673354322764,2.89,7.0,0.27,3.78
EZPW,2014-12-30,11.859999656677246,11.979999542236328,11.8100004196167,11.920000076293944,275900.0,29.146456999307784,43.95259314105666,37.711532327494616,42.79928060494264,46.50108698184058,2.9,7.0,0.31,3.78
EZPW,2014-12-31,11.93000030517578,12.079999923706056,11.739999771118164,11.75,318600.0,28.914326007645457,44.015028472536635,37.79861959575407,42.817593711208325,46.40654490569439,2.91,10.0,0.32,3.7
EZPW,2015-01-02,11.850000381469728,11.93000030517578,11.5,11.65999984741211,246600.0,29.076939722373606,37.96073222703679,37.8256279582199,42.826632323526624,46.38381703897825,2.91,11.0,0.32,3.68
EZPW,2015-01-05,11.550000190734863,11.829999923706056,11.40999984741211,11.489999771118164,271700.0,29.238475231371975,38.16032576918175,37.90042554285197,42.86270522118113,46.35696547012794,2.91,12.0,0.35,3.62
EZPW,2015-01-06,11.56999969482422,11.56999969482422,11.149999618530272,11.25,385700.0,29.54786760283935,37.75464081637566,38.05754100468096,42.928728651719865,46.36648638504653,2.9,14.0,0.39,3.5
EZPW,2015-01-07,11.300000190734863,11.479999542236328,11.220000267028809,11.420000076293944,428100.0,29.808098615915497,37.729357477232526,38.11862719247631,42.96046854375676,46.37252900376229,2.9,18.0,0.43,3.46
EZPW,2015-01-08,11.470000267028809,11.989999771118164,11.380000114440918,11.949999809265137,621500.0,32.405382040638116,38.637864386602686,38.584340370230194,43.26470163779866,46.56164766596037,2.9,25.0,0.4,3.27
EZPW,2015-01-09,11.890000343322754,11.890000343322754,11.40999984741211,11.510000228881836,295100.0,34.452783853455784,39.36600582771225,38.68319494446262,43.49739975917753,46.3968006046393,2.9,26.0,0.35,3.19
EZPW,2015-01-12,11.5600004196167,11.619999885559082,11.399999618530272,11.579999923706056,286800.0,34.452279146883654,38.29678297585746,38.36917410894877,43.484665772227196,46.3859825255187,2.9,23.0,0.29,3.35
EZPW,2015-01-13,11.68000030517578,12.050000190734863,11.649999618530272,11.869999885559082,577800.0,34.98313129166649,38.44734989098341,38.556520872421295,43.571927968729,46.42727099504299,2.89,26.0,0.22,3.25
EZPW,2015-01-14,11.6899995803833,12.109999656677246,11.619999885559082,12.06999969482422,297700.0,34.428061221256634,37.411517141687625,38.629134923749575,43.6130407150768,46.45428757954407,2.88,28.0,0.16,3.22
EZPW,2015-01-15,12.100000381469728,12.260000228881836,11.90999984741211,12.039999961853027,676700.0,33.60802405173977,34.00622317605037,38.58200486556038,43.00804470312231,46.4551542016295,2.87,27.0,0.1,3.25
EZPW,2015-01-16,12.010000228881836,12.09000015258789,11.920000076293944,12.079999923706056,313900.0,33.53310841005756,33.98137052668169,38.55692685620509,42.970250654285,46.41411348566994,2.86,27.0,0.04,3.28
EZPW,2015-01-20,12.140000343322754,12.210000038146973,11.81999969482422,11.81999969482422,318200.0,34.328783956031394,33.95851466087125,38.71383791644301,43.018520166957444,46.32447451472136,2.86,32.0,-0.02,3.16
EZPW,2015-01-21,11.8100004196167,12.050000190734863,11.40999984741211,11.579999923706056,703500.0,35.0448257513608,34.09049499942445,38.82312508675219,43.03589045325671,46.37088011801996,2.85,33.0,-0.05,3.09
EZPW,2015-01-22,11.59000015258789,12.050000190734863,11.420000076293944,11.9399995803833,341200.0,35.92134387590028,32.6940497210188,39.10598365743197,43.14148935359612,46.46484432047798,2.84,34.0,-0.1,2.96
EZPW,2015-01-23,11.960000038146973,12.229999542236328,11.960000038146973,12.229999542236328,374900.0,35.00329292996376,32.33369910810573,39.240213951990995,43.22532876831849,46.50761383431997,2.83,35.0,-0.15,2.89
EZPW,2015-01-26,12.1899995803833,12.350000381469728,12.0,12.25,346300.0,32.88984996970929,31.973112361002514,39.23668902089625,43.21988981631777,46.478488700265444,2.81,35.0,-0.19,2.89
EZPW,2015-01-27,12.09000015258789,12.18000030517578,11.56999969482422,11.619999885559082,391200.0,36.34677672933393,33.72229314209626,40.160761824626896,43.60475032492178,46.75301327271614,2.8,37.0,-0.23,2.54
EZPW,2015-01-28,10.710000038146973,11.119999885559082,10.220000267028809,10.34000015258789,2016900.0,49.71181302028398,41.17615883271129,43.98663784604005,45.40229413995705,47.82059312803508,2.79,77.0,-0.23,4.01
EZPW,2015-01-29,10.399999618530272,10.579999923706056,9.949999809265137,10.460000038146973,1146600.0,49.45402788585395,40.67300455745174,43.99176563154794,45.407586997737624,44.09937964429119,2.79,78.0,-0.22,4.03
EZPW,2015-01-30,10.3100004196167,10.539999961853027,10.260000228881836,10.3100004196167,640300.0,49.455243204318606,39.63360184723396,43.971607393374065,45.137261265373425,44.12035995054077,2.78,77.0,-0.2,4.05
EZPW,2015-02-02,10.3100004196167,10.380000114440918,9.81999969482422,10.0,738000.0,49.27598640886414,40.07004873184616,44.22258283405133,45.257542714695646,44.13797990819447,2.77,80.0,-0.22,3.85
EZPW,2015-02-03,9.949999809265137,10.40999984741211,9.949999809265137,10.369999885559082,764200.0,50.423719107533415,40.78610896559291,44.59377925072014,45.443708983664536,44.28984458214866,2.77,82.0,-0.2,3.71
EZPW,2015-02-04,10.34000015258789,10.630000114440918,10.279999732971191,10.31999969482422,348200.0,48.83752028182842,40.65152308503366,44.50348831196709,45.447132614443206,44.28583399812632,2.76,82.0,-0.21,3.73
EZPW,2015-02-05,10.369999885559082,10.390000343322754,10.109999656677246,10.260000228881836,399300.0,48.72075840742765,40.53963097308913,44.45995634968927,45.429018113826146,44.280572381077185,2.76,82.0,-0.2,3.77
EZPW,2015-02-06,10.260000228881836,10.539999961853027,10.199999809265137,10.510000228881836,762800.0,49.41506102247346,40.80349392196136,44.53785414137425,40.53039920799884,44.246504644221005,2.75,84.0,-0.19,3.73
EZPW,2015-02-09,10.5,10.619999885559082,10.15999984741211,10.270000457763672,313600.0,49.58460695157305,41.05368716896636,44.67679653687588,40.391208258485264,44.30473185905624,2.75,92.0,-0.21,3.62
EZPW,2015-02-10,10.34000015258789,10.34000015258789,9.989999771118164,10.0600004196167,474300.0,49.373924396154294,40.70803791111129,44.3170901967128,40.288369337997004,43.83727176124862,2.74,81.0,-0.25,3.71
EZPW,2015-02-11,10.06999969482422,10.149999618530272,9.90999984741211,9.920000076293944,182900.0,49.088102190485294,40.758985404349055,44.28593055779707,40.29314326903985,43.653812085631735,2.72,81.0,-0.3,3.73
EZPW,2015-02-12,10.010000228881836,10.270000457763672,10.0,10.25,204900.0,50.268367910217904,41.21377489076827,44.49472717527238,40.481773764842536,43.75984417807236,2.71,85.0,-0.32,3.69
EZPW,2015-02-13,10.260000228881836,10.350000381469728,9.9399995803833,9.960000038146973,316300.0,50.6697816497917,41.45149969895735,44.64243256551297,40.613274950676676,43.29377094422397,2.71,93.0,-0.35,3.6
EZPW,2015-02-17,9.920000076293944,10.1899995803833,9.920000076293944,10.140000343322754,165700.0,51.11534674292793,41.630753486870354,44.64847745263169,40.607515669995294,43.32159129726625,2.71,94.0,-0.35,3.64
EZPW,2015-02-18,10.119999885559082,10.140000343322754,9.890000343322754,10.010000228881836,194700.0,51.08753593143509,41.650226560899924,44.68516509728558,40.623694837228655,43.3374051112974,2.71,96.0,-0.36,3.6
EZPW,2015-02-19,9.960000038146973,10.420000076293944,9.960000038146973,10.359999656677246,288000.0,52.05049494007501,42.07387496433323,44.8409048343491,40.67018530609147,43.38792298137515,2.71,96.0,-0.32,3.6
EZPW,2015-02-20,10.359999656677246,10.43000030517578,10.229999542236328,10.369999885559082,394600.0,51.79302711554434,42.06053135600024,44.83906801728637,40.62738106426866,43.16939583350141,2.71,95.0,-0.29,3.6
EZPW,2015-02-23,10.380000114440918,10.449999809265137,10.229999542236328,10.43000030517578,284900.0,49.79872387250743,42.08236887033138,44.84370142779333,40.54971136158414,43.06514872569204,2.71,96.0,-0.25,3.61
EZPW,2015-02-24,10.4399995803833,10.56999969482422,10.170000076293944,10.1899995803833,364700.0,49.146122241043734,42.31714508740892,45.00072761975839,40.49668941648728,43.00855021830503,2.72,96.0,-0.22,3.49
EZPW,2015-02-25,10.149999618530272,10.399999618530272,10.149999618530272,10.31999969482422,312100.0,49.30164025988225,42.411965087696856,45.043646432527105,40.52039808463729,42.98952335104425,2.73,96.0,-0.18,3.48
EZPW,2015-02-26,10.31999969482422,10.399999618530272,10.279999732971191,10.3100004196167,127300.0,48.564413921172736,42.39700722627569,45.00546943445263,40.514323716428486,42.89238422995885,2.74,95.0,-0.16,3.49
EZPW,2015-02-27,10.359999656677246,10.579999923706056,10.270000457763672,10.4399995803833,262600.0,48.41925306905739,42.26786306643372,44.86013198861634,40.546020926399194,42.86970862195158,2.75,93.0,-0.09,3.62
EZPW,2015-03-02,10.449999809265137,10.460000038146973,9.859999656677246,10.149999618530272,374800.0,48.88099369599567,42.42557944454302,45.02103662895484,40.58264751639435,42.949961250736656,2.77,95.0,-0.07,3.47
EZPW,2015-03-03,10.100000381469728,10.199999809265137,9.989999771118164,10.109999656677246,269400.0,48.809941586405465,42.42875391777759,41.762413302972426,40.57902564233982,42.85344936804509,2.72,47.0,-0.03,3.24
EZPW,2015-03-04,10.09000015258789,10.100000381469728,9.729999542236328,10.0,438100.0,48.605452136714746,42.39564258137576,41.80074913213343,40.572060169370104,42.70576647568337,2.67,48.0,0.0,3.2
EZPW,2015-03-05,10.0,10.229999542236328,9.880000114440918,10.1899995803833,302500.0,48.890977423305294,42.57296538059248,41.54111322468836,40.325762317337926,42.727914093207204,2.61,46.0,-0.06,3.38
EZPW,2015-03-06,10.130000114440918,10.359999656677246,10.020000457763672,10.109999656677246,262500.0,47.764754904851316,42.555626311843724,41.54007272783069,40.235032340059135,42.73119203534836,2.55,46.0,-0.27,3.38
EZPW,2015-03-09,10.140000343322754,10.289999961853027,10.119999885559082,10.289999961853027,234300.0,47.45791756949888,41.97300798316341,41.60609125368937,40.29334816428845,42.73060386861135,2.52,47.0,-0.52,3.35
EZPW,2015-03-10,10.149999618530272,10.390000343322754,10.149999618530272,10.18000030517578,219400.0,47.42601049773568,41.36642634619188,41.46697579078458,40.30999296557584,42.72865209429479,2.49,44.0,-0.71,3.39
EZPW,2015-03-11,10.25,10.350000381469728,10.18000030517578,10.289999961853027,357300.0,45.535380040092086,41.137479454931196,40.81557960025085,40.330497179520385,42.741286458936735,2.46,39.0,-0.73,3.66
EZPW,2015-03-12,10.369999885559082,10.710000038146973,10.369999885559082,10.600000381469728,359900.0,31.740258801670805,41.43397726355404,40.99308351460461,40.47796303587867,42.85027985486382,2.43,39.0,-0.72,3.57
EZPW,2015-03-13,10.600000381469728,10.640000343322754,10.460000038146973,10.609999656677246,218100.0,31.57770031297455,41.16096887292529,40.44556270466834,40.44670663410434,42.66279405461183,2.41,37.0,-0.89,3.91
EZPW,2015-03-16,10.68000030517578,10.68000030517578,10.4399995803833,10.5600004196167,225800.0,31.303116136113747,41.10125448291529,38.46408250281227,40.44444125542233,42.64381037348985,2.43,19.0,-0.87,4.19
EZPW,2015-03-17,10.59000015258789,10.739999771118164,10.479999542236328,10.6899995803833,308700.0,30.011171321562646,40.76271836221191,38.50358492633412,40.4684230656742,42.65834064918751,2.44,22.0,-0.84,4.18
EZPW,2015-03-18,10.630000114440918,10.699999809265137,10.539999961853027,10.649999618530272,284700.0,28.249370300163463,40.659928532828374,38.33024274288973,40.46089698358053,42.608246472071556,2.46,18.0,-0.85,4.34
EZPW,2015-03-19,10.630000114440918,10.760000228881836,10.4399995803833,10.489999771118164,179700.0,28.58656181650265,39.89936396014138,38.27209883761885,40.47755026671951,42.612735651505865,2.48,17.0,-0.84,4.31
EZPW,2015-03-20,10.5600004196167,10.56999969482422,10.420000076293944,10.479999542236328,472800.0,28.526928365154713,39.793075867113785,37.18853405912322,40.47735309105151,42.61058327013704,2.51,1.0,-0.84,4.74
EZPW,2015-03-23,10.5,10.649999618530272,10.489999771118164,10.539999961853027,258300.0,27.70442170280991,39.82283811597774,36.90499137138127,40.47231140262581,42.614681099505226,2.55,1.0,-0.82,5.03
EZPW,2015-03-24,10.56999969482422,10.56999969482422,10.4399995803833,10.5,350000.0,26.851899447459438,39.6935116922036,36.676790654795646,40.470533450047995,41.99296479685827,2.59,1.0,-0.82,5.14
EZPW,2015-03-25,10.520000457763672,10.550000190734863,10.029999732971191,10.050000190734863,490200.0,29.19037707821649,40.40905439543986,37.18981672746087,40.78394915834892,42.185556581899235,2.62,4.0,-0.84,4.69
EZPW,2015-03-26,9.989999771118164,9.989999771118164,9.380000114440918,9.460000038146973,1141400.0,33.860750310803105,41.954748350749824,38.15639813155337,41.39132865495636,42.38966910992903,2.63,19.0,-0.77,4.14
EZPW,2015-03-27,9.5,9.760000228881836,9.420000076293944,9.470000267028809,351000.0,32.27961280856063,41.9269039488533,37.77057635534823,41.30561885066702,42.37856554487684,2.65,10.0,-0.7,4.33
EZPW,2015-03-30,9.550000190734863,9.550000190734863,9.100000381469728,9.15999984741211,642300.0,32.626548693352525,42.307373939517554,37.40728385866982,41.46936483082613,42.5027699692828,2.67,5.0,-0.56,4.54
EZPW,2015-03-31,9.100000381469728,9.399999618530272,9.079999923706056,9.130000114440918,468900.0,32.030770685040146,42.301269786251666,37.38561085294679,41.461935320208724,42.50172759784914,2.69,5.0,-0.46,4.53
EZPW,2015-04-01,9.109999656677246,9.369999885559082,9.06999969482422,9.300000190734863,216800.0,32.515954356538785,42.490926982747986,37.50535206397428,41.526341657388166,42.38229882231055,2.71,7.0,-0.47,4.47
EZPW,2015-04-02,9.210000038146973,9.579999923706056,9.1899995803833,9.520000457763672,389300.0,31.577213540757164,42.682321055090405,37.617503979489115,41.62628182606924,42.33334990166679,2.73,10.0,-0.51,4.41
EZPW,2015-04-06,9.5,9.59000015258789,9.420000076293944,9.539999961853027,310400.0,31.590724601736753,42.53440893832919,37.54544790498018,41.627142876280324,42.20658553342219,2.75,8.0,-0.56,4.5
EZPW,2015-04-07,9.520000457763672,9.75,9.520000457763672,9.68000030517578,307500.0,31.89910133324393,41.49432184319616,37.58701659784248,41.66053449220119,42.184893121944214,2.76,9.0,-0.61,4.48
EZPW,2015-04-08,9.699999809265137,9.869999885559082,9.6899995803833,9.800000190734863,375100.0,31.549483644781084,41.004023665166685,37.644874644774816,38.72541545760705,42.11456930323136,2.78,13.0,-0.65,4.47
EZPW,2015-04-09,9.789999961853027,9.880000114440918,9.56999969482422,9.600000381469728,202200.0,31.742890825637616,41.12544478740857,37.42429594188309,38.69927453924458,42.163431068676196,2.79,7.0,-0.67,4.51
EZPW,2015-04-10,9.539999961853027,9.699999809265137,9.369999885559082,9.470000267028809,273700.0,31.90473525094805,40.76541580301048,37.45527104232626,38.69935146751059,42.170369190180104,2.81,8.0,-0.68,4.47
EZPW,2015-04-13,9.449999809265137,9.539999961853027,9.31999969482422,9.34000015258789,268000.0,31.715705423703866,40.590306085563135,37.40368799967577,38.709135230554985,41.956600107117886,2.82,6.0,-0.71,4.52
EZPW,2015-04-14,9.40999984741211,9.489999771118164,9.300000190734863,9.399999618530272,374100.0,30.972984749326514,40.647873769309214,37.3274228010444,38.623964810525635,41.95259728102885,2.83,5.0,-0.74,4.64
EZPW,2015-04-15,9.470000267028809,9.510000228881836,9.380000114440918,9.449999809265137,510500.0,31.052916336552443,40.665461231046294,37.336699009566395,38.626096417758276,41.95368116963835,2.84,6.0,-0.78,4.63
EZPW,2015-04-16,9.4399995803833,9.579999923706056,9.380000114440918,9.420000076293944,475200.0,30.94548090322023,40.49864040189629,37.304634744737136,38.52263982954492,41.94419032684063,2.85,5.0,-0.81,4.68
EZPW,2015-04-17,9.369999885559082,9.369999885559082,9.130000114440918,9.15999984741211,321400.0,31.18272241897826,40.659204173900925,37.394094842574475,38.57678560608649,42.032833787955035,2.86,9.0,-0.83,4.51
EZPW,2015-04-20,9.25,9.34000015258789,9.149999618530272,9.300000190734863,285900.0,31.617194215029006,40.219903354295916,37.47725456257764,38.575079464039845,42.06274612190674,2.87,14.0,-0.85,4.47
EZPW,2015-04-21,9.34000015258789,9.350000381469728,9.210000038146973,9.239999771118164,164800.0,31.030156282178073,39.79109562193457,37.48419899160493,38.12149465008369,42.05920837207476,2.87,15.0,-0.87,4.45
EZPW,2015-04-22,9.239999771118164,9.260000228881836,9.109999656677246,9.210000038146973,190200.0,30.955824667380245,39.770613935922164,37.47156111688275,38.038944391779076,42.05546543674071,2.88,14.0,-0.88,4.45
EZPW,2015-04-23,9.170000076293944,9.380000114440918,9.170000076293944,9.369999885559082,267400.0,31.267199735837618,38.73307898420105,37.59218456025701,38.094626961808416,42.07673731983527,2.88,22.0,-0.9,4.4
EZPW,2015-04-24,9.399999618530272,9.4399995803833,9.199999809265137,9.220000267028809,222200.0,29.879288194338905,30.874324414252335,37.65575717188025,38.128404987121925,42.10522466948256,2.88,25.0,-0.92,4.33
EZPW,2015-04-27,9.1899995803833,9.479999542236328,9.109999656677246,9.149999618530272,575900.0,29.84308040381315,30.76734458630553,37.53599278158687,38.130631002535594,42.09486638404192,2.89,18.0,-0.94,4.45
EZPW,2015-04-28,9.140000343322754,9.380000114440918,9.140000343322754,9.300000190734863,399200.0,30.469128339766538,30.889963744346037,37.49882984402151,38.17556919412691,42.124242892001895,2.89,17.0,-0.97,4.55
EZPW,2015-04-29,9.25,9.350000381469728,9.130000114440918,9.18000030517578,246900.0,30.159698431111927,30.396395672432064,37.545017789993516,38.19988669778998,42.13995742797795,2.89,20.0,-1.0,4.5
EZPW,2015-04-30,9.140000343322754,9.34000015258789,9.119999885559082,9.199999809265137,358000.0,30.231159728185425,29.37298286298531,37.48523948090267,38.196735955026305,41.71225164726678,2.89,17.0,-1.02,4.52
EZPW,2015-05-01,9.149999618530272,9.149999618530272,7.679999828338623,8.40999984741211,1450800.0,38.92352529294803,34.4448962273366,40.01230917587771,39.622724918013034,42.62288381089299,2.87,65.0,-0.94,4.13
EZPW,2015-05-04,8.40999984741211,8.680000305175781,8.390000343322754,8.640000343322754,451000.0,40.146297904359955,34.99838159958213,40.24630238288237,39.7578968138737,42.68467172928818,2.86,67.0,-0.93,4.02
EZPW,2015-05-05,8.579999923706055,8.75,8.489999771118164,8.6899995803833,432400.0,40.14791486644392,34.59533542237783,39.75843011417256,39.655117226009565,42.65582075681177,2.84,65.0,-0.92,4.23
EZPW,2015-05-06,8.729999542236328,8.90999984741211,8.550000190734863,8.899999618530273,339200.0,41.09592734417896,34.77852872802243,39.59038469401335,39.51995960089054,42.70195994932184,2.84,64.0,-0.95,4.47
EZPW,2015-05-07,8.869999885559082,8.890000343322754,8.510000228881836,8.640000343322754,338700.0,40.1436260486761,35.02814565153415,39.6300032916536,39.46958020864202,42.79936130731771,2.83,64.0,-0.95,4.32
EZPW,2015-05-08,8.75,9.210000038146973,8.670000076293945,9.020000457763672,531000.0,38.9108115833194,36.162872929896245,40.15156387377749,39.81543024690851,43.01634861561016,2.83,66.0,-0.95,4.1
EZPW,2015-05-11,9.029999732971191,9.220000267028809,8.789999961853027,8.800000190734863,480900.0,39.470398481522345,35.74819803166835,40.16631625260768,39.9130268080654,43.019756411165304,2.82,67.0,-0.96,4.09
EZPW,2015-05-12,8.8100004196167,9.15999984741211,8.6899995803833,9.09000015258789,350600.0,39.603403995073506,36.03145764581219,40.48719936238881,40.09047102710276,42.875636373234386,2.81,69.0,-0.97,3.95
EZPW,2015-05-13,9.210000038146973,9.220000267028809,9.039999961853027,9.050000190734863,265900.0,39.612253979196,35.806915983864194,40.20738152379655,40.08470207871697,42.86554169205254,2.81,66.0,-0.96,4.05
EZPW,2015-05-14,9.06999969482422,9.380000114440918,9.039999961853027,9.300000190734863,291200.0,40.05376096906302,36.22282001561559,40.40603228692141,40.20720270555837,42.73367856459112,2.8,67.0,-0.92,3.96
EZPW,2015-05-15,9.270000457763672,9.31999969482422,9.06999969482422,9.119999885559082,223000.0,39.80777319656962,35.640482011447894,39.96918313351391,40.25258486180536,42.75975243768475,2.8,60.0,-0.88,4.08
EZPW,2015-05-18,9.100000381469728,9.25,9.079999923706056,9.170000076293944,189300.0,39.84568523856397,35.66908772174177,39.93125069187876,40.2570812458913,42.74723444207095,2.8,59.0,-0.83,4.15
EZPW,2015-05-19,9.149999618530272,9.149999618530272,8.920000076293945,9.0,319600.0,39.86011940651701,35.792529730766205,40.014675442158534,40.286916073280906,42.78566394362761,2.79,61.0,-0.78,4.06
EZPW,2015-05-20,9.039999961853027,9.050000190734863,8.899999618530273,8.989999771118164,167100.0,39.617619170806734,35.529074473484975,39.9460918424687,40.28137561455585,42.7695498269224,2.77,58.0,-0.73,4.14
EZPW,2015-05-21,8.699999809265137,8.699999809265137,8.25,8.329999923706055,1090400.0,44.73319644337877,38.500442881134305,41.48859454592932,41.246431376967266,39.718417006783156,2.77,72.0,-0.66,3.58
EZPW,2015-05-22,8.34000015258789,8.399999618530273,8.149999618530273,8.1899995803833,331800.0,44.800811685926554,38.593509761222414,41.44447918186902,41.12578801631357,39.579857032547935,2.76,70.0,-0.57,3.55
EZPW,2015-05-26,8.15999984741211,8.180000305175781,7.769999980926514,7.869999885559082,500900.0,45.87679426266557,39.13409517860453,41.814516400479334,41.36354565974199,39.645282371955595,2.75,77.0,-0.46,3.27
EZPW,2015-05-27,7.960000038146973,8.0,7.71999979019165,7.840000152587891,1553000.0,45.737737338581056,38.827561634289594,41.782452421351614,41.3251362890624,39.62685534586874,2.75,75.0,-0.35,3.31
EZPW,2015-05-28,7.840000152587891,7.960000038146973,7.840000152587891,7.900000095367432,418800.0,45.79266297405798,38.90444149314803,41.81916426941329,41.3243550680543,39.630699322463926,2.74,77.0,-0.28,3.32
EZPW,2015-05-29,7.860000133514404,8.010000228881836,7.849999904632568,7.940000057220459,322000.0,45.89827227551025,38.92257344040228,41.806860614120076,41.32931148703392,39.636525973392665,2.74,75.0,-0.23,3.36
EZPW,2015-06-01,8.039999961853027,8.119999885559082,7.730000019073486,7.75,358000.0,45.751991646559674,38.85147782646371,41.84275197720243,41.349032937581626,39.653237516021996,2.73,77.0,-0.18,3.34
EZPW,2015-06-02,7.699999809265137,7.849999904632568,7.579999923706055,7.75,976100.0,45.36405534426781,38.85628930596175,41.73951732383297,41.32464854050178,39.646476801076744,2.73,70.0,-0.13,3.37
EZPW,2015-06-03,7.849999904632568,7.900000095367432,7.650000095367432,7.769999980926514,417800.0,45.43297932446585,38.612531394146835,41.00073895726312,41.26564763813463,39.53100683375063,2.72,63.0,-0.09,3.61
EZPW,2015-06-04,7.78000020980835,7.820000171661377,7.639999866485596,7.710000038146973,495800.0,45.42997774514654,38.597309237007266,40.65787751420405,41.26004945443934,39.499963706441385,2.72,60.0,-0.05,3.87
EZPW,2015-06-05,7.699999809265137,7.800000190734863,7.590000152587891,7.739999771118164,329100.0,45.00181150875394,38.506018220930954,40.64560557624945,40.961871675916726,39.43616014927012,2.71,59.0,-0.01,3.88
EZPW,2015-06-08,7.699999809265137,7.809999942779541,7.610000133514404,7.619999885559082,343500.0,44.99238562030084,37.890401215316146,40.42294118373599,40.95178093953313,39.35201511402809,2.7,56.0,0.02,3.92
EZPW,2015-06-09,7.610000133514404,7.710000038146973,7.440000057220459,7.440000057220459,443900.0,45.27889190613597,38.0517593793191,40.396408428676814,40.979696528096845,39.40380564269637,2.7,54.0,0.03,3.85
EZPW,2015-06-10,7.53000020980835,7.610000133514404,7.380000114440918,7.400000095367432,580400.0,44.74841201113154,38.0511124461888,40.39473812825372,40.94078094874369,39.40204397552062,2.69,53.0,0.02,3.85
EZPW,2015-06-11,7.400000095367432,7.400000095367432,7.210000038146973,7.239999771118164,468800.0,44.9144784288154,37.997536959045696,40.46254258779688,40.96679442377462,39.45023535134726,2.68,57.0,0.0,3.75
EZPW,2015-06-12,7.230000019073486,7.320000171661377,7.110000133514404,7.230000019073486,958700.0,44.85681975578738,38.007936316774824,40.378459736590145,40.956403013659695,39.3899934061075,2.68,51.0,-0.0,3.85
EZPW,2015-06-15,7.210000038146973,7.519999980926514,7.099999904632568,7.429999828338623,930400.0,38.73113492777044,38.5840803293637,40.62070301298294,41.00956129205974,39.49717427328541,2.67,58.0,-0.02,3.81
EZPW,2015-06-16,7.389999866485596,7.460000038146973,7.210000038146973,7.289999961853027,495900.0,37.80391950224239,38.66578373319597,40.293350928954986,41.05742708854335,39.5136536229108,2.67,49.0,-0.1,3.89
EZPW,2015-06-17,7.300000190734863,7.409999847412109,7.179999828338623,7.210000038146973,442800.0,37.67579689307266,38.60051128312795,40.03601485664672,41.0719121599295,39.304320297652275,2.66,43.0,-0.31,3.97
EZPW,2015-06-18,7.269999980926514,7.440000057220459,7.170000076293945,7.400000095367432,315000.0,37.828626797253676,39.16330138205331,40.32918255723799,41.20329597693574,39.33741702499948,2.66,49.0,-0.63,3.85
EZPW,2015-06-19,7.449999809265137,7.989999771118164,7.409999847412109,7.949999809265137,1256100.0,43.35728399760785,41.46541143080199,41.404274567770834,42.10574701301118,40.01765964131852,2.66,63.0,-0.78,4.0
EZPW,2015-06-22,7.960000038146973,8.09000015258789,7.900000095367432,8.050000190734863,495500.0,41.41280289851858,39.87837999070806,37.313524690093054,42.10789417657204,40.04085710288332,2.66,6.0,-0.85,2.28
EZPW,2015-06-23,8.079999923706055,8.270000457763672,8.0600004196167,8.170000076293945,532700.0,41.26224733109235,40.032637398802926,37.348304516374434,42.053099553774175,40.07272139436219,2.65,9.0,-0.89,2.26
EZPW,2015-06-24,8.199999809265137,8.34000015258789,8.15999984741211,8.239999771118164,519600.0,40.07008841724083,39.57212303147152,37.33890262171207,42.01864113091191,40.078148617996156,2.65,9.0,-0.93,2.29
EZPW,2015-06-25,8.199999809265137,8.199999809265137,7.739999771118164,7.820000171661377,373800.0,42.518927619412736,40.90589063405941,37.91477371111958,40.63005993650033,40.37515309746071,2.63,32.0,-0.99,2.13
EZPW,2015-06-26,7.820000171661377,7.860000133514404,7.5,7.659999847412109,1306400.0,41.63248721047626,40.83248479358373,37.50792886882148,40.69115209540427,40.41791543623009,2.61,23.0,-1.04,2.23
EZPW,2015-06-29,7.599999904632568,7.659999847412109,7.369999885559082,7.389999866485596,490300.0,42.34179966161098,40.98869457725175,37.868109377324764,40.727737176318236,40.56138488398072,2.58,33.0,-1.08,2.04
EZPW,2015-06-30,7.460000038146973,7.559999942779541,7.329999923706055,7.429999828338623,402900.0,42.340027466858416,41.015991959887124,37.891252348256714,40.72564872702676,40.55834080613399,2.56,34.0,-1.12,2.04
EZPW,2015-07-01,7.510000228881836,7.579999923706055,7.230000019073486,7.320000171661377,236800.0,42.26308748351545,40.885656045116995,37.68108592143975,40.74565270815928,40.56139736055992,2.53,32.0,-1.15,2.1
EZPW,2015-07-02,7.300000190734863,7.360000133514404,7.179999828338623,7.25,355600.0,42.23392837418064,40.74346400303752,37.56420567545233,40.63115787385419,40.56881264599032,2.5,27.0,-1.17,2.17
EZPW,2015-07-06,7.230000019073486,7.340000152587891,7.110000133514404,7.179999828338623,374500.0,36.83438408079713,40.62623267921691,37.476830934152936,40.21976655820446,40.56487955945227,2.47,18.0,-1.19,2.23
EZPW,2015-07-07,7.199999809265137,7.230000019073486,7.010000228881836,7.210000038146973,491000.0,36.74510076765648,40.62549135965373,37.45656325519352,40.16601318738535,40.5682276248147,2.44,17.0,-1.22,2.25
EZPW,2015-07-08,7.139999866485596,7.239999771118164,7.0,7.059999942779541,719600.0,35.545093433758154,40.72242891863034,37.114945314805595,39.96438085389706,40.609114486363076,2.41,3.0,-1.23,2.34
EZPW,2015-07-09,7.150000095367432,7.179999828338623,6.980000019073486,7.039999961853027,706200.0,35.54575628874937,40.6591453581758,36.8984452181671,38.78281120284125,40.60905547890869,2.38,2.0,-1.24,2.48
EZPW,2015-07-10,7.03000020980835,7.239999771118164,7.0,7.150000095367432,336700.0,35.83394816474698,40.82101243627779,36.86490952862692,38.837247405254665,40.58830095300331,2.34,2.0,-1.26,2.5
EZPW,2015-07-13,7.150000095367432,7.230000019073486,7.130000114440918,7.199999809265137,304700.0,35.877192219009565,40.889531337085636,36.8707680954426,38.77288328035319,40.58989141496919,2.3,3.0,-1.27,2.51
EZPW,2015-07-14,7.190000057220459,7.28000020980835,7.050000190734863,7.059999942779541,403700.0,35.66845925731522,40.71988501787344,36.46096013306705,38.73299506565161,40.624428862337275,2.26,1.0,-1.28,2.63
EZPW,2015-07-15,7.03000020980835,7.070000171661377,6.929999828338623,7.059999942779541,555100.0,35.66845925731522,40.5277039326251,36.45804867788934,38.09543409189936,40.624728655841224,2.21,1.0,-1.28,2.63
EZPW,2015-07-16,7.059999942779541,7.090000152587891,6.71999979019165,6.739999771118164,425200.0,37.75226675958992,41.42234117051524,37.04333924913408,38.32183914480872,40.86856481097602,2.15,8.0,-1.27,2.34
EZPW,2015-07-17,6.71999979019165,6.71999979019165,6.099999904632568,6.480000019073486,974900.0,39.05865719048803,42.003843466314976,37.33861151337474,38.42045599864585,41.03896301772018,2.08,16.0,-1.23,2.21
EZPW,2015-07-20,6.340000152587891,6.429999828338623,6.239999771118164,6.380000114440918,620800.0,39.0464303348244,41.770966563202784,37.276394549970256,38.356336718023925,41.05387349988776,2.01,12.0,-1.18,2.21
EZPW,2015-07-21,6.420000076293945,6.46999979019165,6.230000019073486,6.360000133514404,304600.0,38.95881962134361,41.72653159193519,37.27229584664183,38.212597619864304,38.982717924952645,1.93,12.0,-1.14,2.21
EZPW,2015-07-22,6.230000019073486,6.329999923706055,6.179999828338623,6.190000057220459,469400.0,39.09666744093631,41.945326077828746,37.33320130153703,38.08431431851873,39.00257730437464,1.84,17.0,-1.1,2.15
EZPW,2015-07-23,6.230000019073486,6.269999980926514,6.050000190734863,6.079999923706055,453800.0,39.244670935506164,41.73718002791331,37.2081876581918,37.76589804530922,39.005947594324795,1.75,12.0,-1.05,2.22
EZPW,2015-07-24,6.099999904632568,6.199999809265137,6.0,6.03000020980835,404700.0,38.98069628599576,41.71985735075846,37.21100837037185,37.75311524655166,38.98876422395185,1.73,13.0,-1.0,2.21
EZPW,2015-07-27,5.949999809265137,6.119999885559082,5.289999961853027,6.019999980926514,184900.0,38.97786171795053,41.691198958240975,37.203526518789715,37.73916559830742,38.93247660123303,1.71,12.0,-0.98,2.23
EZPW,2015-07-28,6.170000076293945,6.320000171661377,5.949999809265137,6.309999942779541,406200.0,40.825966890553225,39.46774344508543,37.927824038831574,38.14286025087378,39.23728098655505,1.69,54.0,-0.98,2.08
EZPW,2015-07-29,6.289999961853027,6.480000019073486,6.239999771118164,6.289999961853027,361000.0,40.625914805236164,38.91089986491968,37.92542607370941,38.11006699666672,39.15377154538225,1.67,54.0,-0.98,2.08
EZPW,2015-07-30,6.380000114440918,6.46999979019165,6.03000020980835,6.340000152587891,418600.0,40.74911664252349,38.93945148043653,37.81046752299169,38.10054083170738,39.09736889058293,1.65,51.0,-0.98,2.13
EZPW,2015-07-31,6.360000133514404,7.119999885559082,6.360000133514404,7.090000152587891,494200.0,52.254741498586746,45.38527209025411,42.08662019957688,40.45121007380411,40.68679566038822,1.66,100.0,-0.97,4.08
EZPW,2015-08-03,7.070000171661377,7.079999923706055,6.619999885559082,6.78000020980835,475900.0,48.882736709026055,45.85427678424182,42.52325391492515,40.567225898812445,40.62328534225833,1.69,100.0,-0.97,3.88
EZPW,2015-08-04,6.789999961853027,7.130000114440918,6.610000133514404,6.650000095367432,200200.0,48.7461942337174,44.890826295474554,42.241147774647175,40.60811717451594,40.60033027256672,1.71,99.0,-0.98,4.07
EZPW,2015-08-05,6.639999866485596,6.75,6.409999847412109,6.429999828338623,202100.0,48.93983199014173,45.09483613071957,42.48044344049614,40.72690954243339,40.72770498968352,1.74,99.0,-1.0,3.95
EZPW,2015-08-06,6.400000095367432,6.690000057220459,6.230000019073486,6.349999904632568,165100.0,48.70228543239578,44.42771968051291,42.497138141329344,40.70147740430622,40.730161250184516,1.78,99.0,-1.02,3.95
EZPW,2015-08-07,6.329999923706055,6.400000095367432,6.130000114440918,6.159999847412109,1182300.0,47.39188380575889,44.706429028264225,42.593308777178166,40.82482987600882,40.82357527051016,1.82,100.0,-1.05,3.92
EZPW,2015-08-10,6.150000095367432,6.289999961853027,6.110000133514404,6.119999885559082,398700.0,47.23909831689987,44.15266879896946,42.59265686648411,40.81561132006884,40.82032529194028,1.86,99.0,-1.09,3.93
EZPW,2015-08-11,5.96999979019165,6.090000152587891,5.849999904632568,6.03000020980835,494000.0,46.52762306551262,44.105770186766605,42.590838250974855,40.750310813766106,40.83489834876094,1.9,98.0,-1.12,3.93
EZPW,2015-08-12,6.019999980926514,6.110000133514404,5.860000133514404,6.059999942779541,310900.0,46.51789142411039,44.09984804984472,42.617391361932356,40.75137364954614,40.83936340290423,1.92,100.0,-1.16,3.9
EZPW,2015-08-13,6.03000020980835,6.099999904632568,5.760000228881836,5.769999980926514,188100.0,48.061216423751254,44.877731025419756,43.134596425457076,41.10728657852997,41.09796230624766,1.96,100.0,-1.21,3.69
EZPW,2015-08-14,5.78000020980835,6.119999885559082,5.78000020980835,6.119999885559082,322500.0,51.80777333787374,46.87747488159495,44.34784941418705,41.755791008734704,41.546124862813976,2.01,100.0,-1.29,3.23
EZPW,2015-08-17,6.130000114440918,6.199999809265137,5.989999771118164,6.139999866485596,363300.0,51.85585597171818,44.594382114107404,43.93784493631995,41.76286666954,41.46694429901354,2.06,99.0,-1.32,3.39
EZPW,2015-08-18,6.159999847412109,6.179999828338623,6.039999961853027,6.079999923706055,196700.0,51.79431089017612,44.53725674940586,43.03344716387004,41.768486290826836,41.29696497924226,2.09,97.0,-1.33,3.72
EZPW,2015-08-19,6.079999923706055,6.130000114440918,5.900000095367432,6.070000171661377,653300.0,51.599667576538366,43.94317768977875,43.02682933369685,41.713250205703176,41.153409846707554,2.12,96.0,-1.33,3.72
EZPW,2015-08-20,5.989999771118164,6.199999809265137,5.860000133514404,6.050000190734863,291500.0,51.59812585288511,43.94356311261666,42.77789453316711,41.653985432021145,41.1533189474047,2.14,95.0,-1.33,3.84
EZPW,2015-08-21,5.889999866485596,6.150000095367432,5.889999866485596,6.079999923706055,476400.0,51.322630322300114,43.91589739687724,42.802069016380706,41.664663016831135,41.15938961824187,2.16,95.0,-1.33,3.82
EZPW,2015-08-24,6.050000190734863,6.309999942779541,5.860000133514404,6.150000095367432,588000.0,51.4327492233109,43.993970023993555,42.722682438400966,41.65974683015717,41.17204033151627,2.18,93.0,-1.33,3.87
EZPW,2015-08-25,6.289999961853027,6.360000133514404,5.579999923706055,5.650000095367432,761900.0,56.25698089235042,46.82826968245186,44.3687752192108,42.75849194009353,41.99017180766798,2.22,100.0,-1.3,3.66
EZPW,2015-08-26,5.730000019073486,6.340000152587891,5.519999980926514,5.78000020980835,663800.0,56.9005785883994,47.16838463643026,44.57605349503656,42.8479722798834,42.05154436460493,2.27,100.0,-1.29,3.53
EZPW,2015-08-27,5.789999961853027,5.940000057220459,5.639999866485596,5.75,469900.0,55.64058792861765,47.14273214685995,44.46535681642832,42.56825181169839,42.044753243058935,2.31,99.0,-1.28,3.61
EZPW,2015-08-28,5.699999809265137,5.989999771118164,5.630000114440918,5.829999923706055,346900.0,54.94287745270733,47.29628971369451,44.48100728890402,42.43466806158773,42.07273866180757,2.35,99.0,-1.29,3.6
EZPW,2015-08-31,5.840000152587891,6.340000152587891,5.71999979019165,6.320000171661377,398600.0,59.96458286510824,50.40673522011354,46.4510093663466,43.47464502112572,42.86343579911548,2.44,100.0,-1.29,3.23
EZPW,2015-09-01,6.289999961853027,6.46999979019165,6.090000152587891,6.130000114440918,501800.0,60.59858625565041,50.65323223153524,46.61560191050454,43.522162098843204,42.95228858043011,2.52,100.0,-1.28,3.16
EZPW,2015-09-02,6.190000057220459,6.300000190734863,6.019999980926514,6.179999828338623,392200.0,60.15030427004165,50.53069791863797,46.632256509197404,43.475580239189654,42.9576281387303,2.59,100.0,-1.27,3.13
EZPW,2015-09-03,6.079999923706055,6.199999809265137,5.96999979019165,6.0,359100.0,60.54374168839202,50.81956355219859,46.77471129939021,43.55479588572938,42.940128735167754,2.67,100.0,-1.25,3.09
EZPW,2015-09-04,5.900000095367432,6.039999961853027,5.849999904632568,5.900000095367432,196700.0,60.690180438217,50.75209682735535,46.78855903152851,43.424913559821235,42.956762308162006,2.73,100.0,-1.24,3.1
EZPW,2015-09-08,6.019999980926514,6.179999828338623,5.949999809265137,6.099999904632568,238100.0,61.48576346883642,51.3071021726019,47.176451147144725,43.59973373487991,43.07865866439771,2.81,100.0,-1.22,2.9
EZPW,2015-09-09,6.130000114440918,6.21999979019165,5.940000057220459,5.980000019073486,203000.0,60.121529414296006,51.034149480057046,47.09038874944897,43.3538103776501,43.10408146396556,2.87,99.0,-1.19,2.94
EZPW,2015-09-10,5.960000038146973,6.03000020980835,5.920000076293945,6.0,172600.0,60.13813477750022,50.95155797064687,47.00349301896667,43.33734078802764,43.10660913924451,2.93,98.0,-1.17,2.99
EZPW,2015-09-11,6.0,6.050000190734863,5.949999809265137,6.039999961853027,230100.0,60.121803890330064,50.96494448061439,47.03475903035623,43.35447739517621,43.065827339138366,2.99,98.0,-1.14,2.96
EZPW,2015-09-14,6.079999923706055,6.199999809265137,5.989999771118164,6.139999866485596,345900.0,49.98653023646181,50.76969055401893,47.14893689953336,43.38886881459758,43.09011810640866,3.04,99.0,-1.1,2.89
EZPW,2015-09-15,6.150000095367432,6.239999771118164,6.130000114440918,6.21999979019165,162000.0,48.76417148518439,48.447117093347025,47.10466310180475,43.356863496589746,43.071842953704866,3.09,98.0,-1.08,2.92
EZPW,2015-09-16,6.239999771118164,6.289999961853027,6.079999923706055,6.150000095367432,297600.0,48.58326619301647,48.344542024238706,47.079508410748,43.31388335744755,43.07281161317329,3.14,96.0,-1.04,2.93
EZPW,2015-09-17,6.119999885559082,6.210000038146973,6.050000190734863,6.150000095367432,359900.0,47.68583647196231,48.18729872939574,47.08033461736541,43.3037366036071,42.86226347058912,3.18,96.0,-0.99,2.92
EZPW,2015-09-18,6.150000095367432,6.289999961853027,6.079999923706055,6.099999904632568,956200.0,47.61489252926634,48.11241181584201,46.97267249087502,43.288402969031225,42.83868258285466,3.22,92.0,-0.97,2.99
EZPW,2015-09-21,6.130000114440918,6.25,6.03000020980835,6.099999904632568,362700.0,46.812211662693485,47.09940768942804,46.95619227697748,43.287843148766456,42.80271007891489,3.26,91.0,-0.93,2.99
EZPW,2015-09-22,6.039999961853027,6.429999828338623,6.039999961853027,6.230000019073486,464500.0,47.177273749274754,47.25062279718293,47.1160997674249,43.36572799373653,42.83830967548179,3.29,98.0,-0.89,2.9
EZPW,2015-09-23,6.230000019073486,6.269999980926514,5.96999979019165,6.059999942779541,575700.0,47.68631278849328,47.0391854418481,45.227996378793875,43.410344919427246,42.88681529083156,3.31,84.0,-0.82,3.04
EZPW,2015-09-24,6.050000190734863,6.579999923706055,5.96999979019165,6.570000171661377,458800.0,53.10721784034832,50.075670711485174,46.91997037424038,44.488668978998916,43.67285095854692,3.36,89.0,-0.74,2.81
EZPW,2015-09-25,6.590000152587891,6.590000152587891,6.260000228881836,6.46999979019165,466700.0,51.11549824587165,50.08037932595334,46.94217301007908,44.13663988382316,43.632573635933994,3.4,89.0,-0.64,2.83
EZPW,2015-09-28,6.46999979019165,6.46999979019165,6.099999904632568,6.099999904632568,281200.0,51.48507420765161,51.39868393563739,47.57257364502136,44.440543955425625,44.00295138207769,3.45,100.0,-0.55,2.73
EZPW,2015-09-29,6.099999904632568,6.170000076293945,6.019999980926514,6.099999904632568,280900.0,51.4751897981206,51.38212631671131,47.394644484686744,44.42791161269893,44.003248245075675,3.49,99.0,-0.45,2.78
EZPW,2015-09-30,6.099999904632568,6.190000057220459,5.96999979019165,6.170000076293945,295500.0,51.49880446699371,51.444961666884495,46.86735362617045,44.33631833140463,44.023473810595235,3.53,85.0,-0.36,3.01
EZPW,2015-10-01,6.150000095367432,6.369999885559082,6.119999885559082,6.269999980926514,476500.0,51.690757121586984,51.439225295798444,46.851541594766196,44.33230291367168,44.05917720546553,3.56,84.0,-0.25,2.97
EZPW,2015-10-02,6.230000019073486,6.239999771118164,5.929999828338623,6.010000228881836,261700.0,53.195553109963086,52.10060375244135,46.90028948500623,44.56802793792218,44.222867220132606,3.6,85.0,-0.18,3.04
EZPW,2015-10-05,6.039999961853027,6.5,6.039999961853027,6.449999809265137,294600.0,57.02159442290981,54.10809744795334,48.37967328873638,45.424653887880226,44.754361054320555,3.65,100.0,-0.1,2.62
EZPW,2015-10-06,6.429999828338623,6.619999885559082,6.340000152587891,6.460000038146973,186500.0,56.9507440804084,54.082332388431496,48.136819140167994,45.3763512521502,44.71959754715851,3.71,99.0,-0.18,2.75
EZPW,2015-10-07,6.539999961853027,6.840000152587891,6.489999771118164,6.71999979019165,496900.0,51.70821459472257,54.6037642913372,48.55019898930931,45.611350038744945,43.695967843441906,3.76,100.0,-0.24,2.53
EZPW,2015-10-08,6.650000095367432,7.139999866485596,6.409999847412109,7.0,405600.0,52.483090571744505,55.26689842044753,49.030170365627725,45.73315657640906,43.89209650313693,3.82,100.0,-0.45,2.32
EZPW,2015-10-09,6.96999979019165,7.079999923706055,6.760000228881836,6.829999923706055,215500.0,53.15129459692381,54.66512223270813,49.087820262248755,45.69114635749564,43.840616762563485,3.87,100.0,-0.66,2.31
EZPW,2015-10-12,6.829999923706055,6.869999885559082,6.699999809265137,6.800000190734863,113300.0,53.172923582732146,54.05066343571796,49.087788591857844,45.687669774343654,43.83620281401467,3.93,99.0,-1.04,2.31
EZPW,2015-10-13,6.75,6.989999771118164,6.75,6.900000095367432,258200.0,48.23085572014044,54.014163079152844,47.72688714768918,45.353815382700674,43.85457631250208,3.96,94.0,-1.06,2.46
EZPW,2015-10-14,6.940000057220459,6.989999771118164,6.730000019073486,6.75,137500.0,47.77728921525171,54.217991918020594,47.773954028820846,43.34784061309728,43.82101750192391,4.0,94.0,-1.04,2.45
EZPW,2015-10-15,6.730000019073486,6.880000114440918,6.639999866485596,6.849999904632568,185100.0,47.87409005008886,53.969342487316716,47.455611692591056,43.36376548974542,43.57220005863818,4.03,91.0,-0.98,2.5
EZPW,2015-10-16,6.849999904632568,6.869999885559082,6.570000171661377,6.599999904632568,196500.0,48.378673043724916,54.41057327894426,47.79339241898881,43.53611316356608,43.68149424035915,4.06,94.0,-0.9,2.41
EZPW,2015-10-19,6.579999923706055,6.71999979019165,6.550000190734863,6.610000133514404,181400.0,48.0110470848968,54.37358047505302,47.772818148272144,43.41036127453719,43.505319153068584,4.1,92.0,-0.83,2.43
EZPW,2015-10-20,6.559999942779541,6.650000095367432,6.269999980926514,6.320000171661377,337700.0,49.164647298633554,55.19655806403877,48.24586756360997,43.45617411417197,42.95818282155926,4.13,95.0,-0.76,2.31
EZPW,2015-10-21,6.320000171661377,6.5,6.230000019073486,6.349999904632568,300500.0,48.76480184829908,54.35741040823151,48.12953995778484,43.46446774838248,42.962957716703784,4.17,93.0,-0.66,2.33
EZPW,2015-10-22,6.369999885559082,6.5,6.230000019073486,6.360000133514404,231800.0,48.76327764998826,54.35388309984206,48.13184629726249,43.46578377410408,42.913844571459364,4.2,93.0,-0.56,2.33
EZPW,2015-10-23,6.400000095367432,6.639999866485596,6.159999847412109,6.590000152587891,377100.0,49.714399434119784,54.814166155109504,48.494009513255456,43.585873305271996,43.01286696315547,4.24,96.0,-0.45,2.16
EZPW,2015-10-26,6.559999942779541,6.659999847412109,6.46999979019165,6.539999961853027,199100.0,49.63459655380469,49.69471802657745,48.49357927696053,43.52176953310703,42.61249893425029,4.27,95.0,-0.33,2.16
EZPW,2015-10-27,6.570000171661377,6.639999866485596,6.230000019073486,6.309999942779541,280200.0,50.70848451931892,49.39539148758708,48.78671614303777,43.64737452796162,42.66091972619891,4.3,97.0,-0.2,2.09
EZPW,2015-10-28,6.309999942779541,6.789999961853027,6.309999942779541,6.690000057220459,773200.0,53.26782173843474,50.730718017325906,49.67176382667723,44.21933695845998,42.995120494644226,4.34,100.0,-0.07,1.8
EZPW,2015-10-29,6.650000095367432,6.809999942779541,6.329999923706055,6.650000095367432,235900.0,53.323594354405465,50.25952761465654,49.54551496347131,44.02585814789055,42.941982302671185,4.38,99.0,0.06,1.83
EZPW,2015-10-30,6.679999828338623,6.769999980926514,6.389999866485596,6.659999847412109,275600.0,53.227470239676364,50.1857564406386,49.54248309368279,43.91678664167558,42.85835154937876,4.42,98.0,0.19,1.82
EZPW,2015-11-02,6.650000095367432,6.909999847412109,6.650000095367432,6.840000152587891,256300.0,53.65943577417029,50.03382124735815,49.62259485823231,43.98551502908582,42.81574125146063,4.45,99.0,0.27,1.75
EZPW,2015-11-03,6.849999904632568,6.989999771118164,6.730000019073486,6.78000020980835,221500.0,53.5227172731099,50.05221931006014,49.63970465420979,43.97414158786553,42.58022259713188,4.49,99.0,0.36,1.75
EZPW,2015-11-04,6.809999942779541,6.929999828338623,6.650000095367432,6.690000057220459,217400.0,52.972468257174654,50.03263118560973,49.47668842998653,43.778120662816995,42.587556348315196,4.52,95.0,0.51,1.84
EZPW,2015-11-05,6.670000076293945,6.78000020980835,6.559999942779541,6.639999866485596,116100.0,47.66139117970995,50.06344653271607,49.40390778122608,43.780340705081834,42.58464225256254,4.54,94.0,0.65,1.86
EZPW,2015-11-06,6.639999866485596,6.869999885559082,6.300000190734863,6.800000190734863,225600.0,47.89143061864124,49.138552541384286,49.532068276078014,43.88010863493592,42.62698798250629,4.56,95.0,0.75,1.78
EZPW,2015-11-09,6.78000020980835,6.800000190734863,6.46999979019165,6.510000228881836,123000.0,46.39209887493313,48.621909487773884,49.81212118608374,44.08157303494204,42.80589724015289,4.59,100.0,0.95,1.77
EZPW,2015-11-10,6.579999923706055,6.900000095367432,6.460000038146973,6.519999980926514,281600.0,46.3879975526389,48.619809580140064,48.42156939569644,44.04730610693196,42.790194844138576,4.61,84.0,1.15,2.08
EZPW,2015-11-11,6.53000020980835,7.03000020980835,6.199999809265137,6.21999979019165,285400.0,48.43548124678232,49.56546789007694,48.88996699391142,44.36111731861645,43.02588382997572,4.58,88.0,1.24,1.99
EZPW,2015-11-12,6.210000038146973,6.28000020980835,5.639999866485596,5.670000076293945,444600.0,55.12915259168285,53.10152898574946,50.85074686739102,45.57622731632463,43.837527363116614,4.58,100.0,0.93,1.97
EZPW,2015-11-13,5.610000133514404,5.78000020980835,5.449999809265137,5.489999771118164,513300.0,54.58374377238921,53.482262733953334,51.014004632357725,45.61009012563454,43.932675703300696,4.58,100.0,-0.0,1.94
EZPW,2015-11-16,5.440000057220459,5.690000057220459,5.400000095367432,5.670000076293945,443100.0,51.10404173526136,53.91666377083174,50.743639503499,45.80492583833975,44.04222282003853,4.58,98.0,-0.31,1.95
EZPW,2015-11-17,5.670000076293945,5.78000020980835,5.570000171661377,5.579999923706055,552500.0,51.18266361031203,53.9358850777069,50.708131391815925,45.82085458397535,44.03424413108728,4.57,97.0,-0.5,1.96
EZPW,2015-11-18,5.579999923706055,5.849999904632568,5.53000020980835,5.849999904632568,310500.0,51.81533712634507,51.99234129684217,51.059015593546796,46.13598456040323,44.31258991794285,4.56,100.0,-0.51,1.81
EZPW,2015-11-19,5.809999942779541,5.849999904632568,5.5,5.619999885559082,374600.0,50.94943802371545,52.441556738302886,51.39349933062739,46.3403142051302,44.46411409273086,4.56,100.0,-0.58,1.74
EZPW,2015-11-20,5.670000076293945,5.769999980926514,5.650000095367432,5.710000038146973,407800.0,51.107659631946824,52.53824680037514,51.44113599153635,46.32959974319002,44.447732810673976,4.55,100.0,-0.61,1.7
EZPW,2015-11-23,5.659999847412109,5.800000190734863,5.630000114440918,5.75,224200.0,51.24430627134261,52.47945633552968,51.450057939285564,46.33681457529814,44.45225279807968,4.53,100.0,-0.62,1.69
EZPW,2015-11-24,5.710000038146973,5.789999961853027,5.650000095367432,5.710000038146973,149000.0,50.88592531279228,49.70714989016888,51.4419293878567,46.3093037313654,44.453709736201894,4.51,99.0,-0.62,1.69
EZPW,2015-11-25,5.679999828338623,5.78000020980835,5.650000095367432,5.730000019073486,288700.0,50.739729076066084,49.35198921987795,51.43988861023732,46.15035192718829,44.45212193877562,4.48,97.0,-0.65,1.69
EZPW,2015-11-27,5.690000057220459,5.829999923706055,5.690000057220459,5.78000020980835,172100.0,50.561546369108925,49.356644536292585,51.38076588282332,46.16974915730332,44.46640866990118,4.44,95.0,-0.62,1.69
EZPW,2015-11-30,5.78000020980835,5.860000133514404,5.699999809265137,5.789999961853027,374900.0,49.70424418295856,49.001750636241894,51.383985248238005,46.173406367266665,44.46674586764447,4.39,95.0,-0.6,1.69
EZPW,2015-12-01,5.800000190734863,5.889999866485596,5.679999828338623,5.739999771118164,232700.0,49.68723588704852,48.915077132791815,51.31817546673102,46.14038645417987,44.430882607764325,4.34,93.0,-0.62,1.72
EZPW,2015-12-02,5.760000228881836,5.800000190734863,5.409999847412109,5.449999809265137,304000.0,50.21577975720102,49.51281055646618,51.89679815585363,46.49426880768062,44.66311791274781,4.28,100.0,-0.67,1.61
EZPW,2015-12-03,5.449999809265137,5.539999961853027,5.360000133514404,5.380000114440918,372600.0,50.18106580042782,49.4254483059934,51.85225642722221,46.48736384434444,44.675104387856955,4.21,99.0,-0.63,1.62
EZPW,2015-12-04,5.369999885559082,5.380000114440918,5.190000057220459,5.260000228881836,435400.0,50.37142419401776,49.5959306155122,51.94572462112217,46.53958158079444,44.69382894566306,4.14,100.0,-0.53,1.6
EZPW,2015-12-07,5.28000020980835,5.28000020980835,5.059999942779541,5.099999904632568,268900.0,49.24117879423154,49.905813859881235,51.673403501165126,46.635355227917294,44.77580051505009,4.06,97.0,-0.28,1.66
EZPW,2015-12-08,5.059999942779541,5.21999979019165,4.989999771118164,5.170000076293945,329100.0,49.65928397414134,49.863149924138845,51.403138635490876,46.68217062621947,44.79192738692336,3.99,92.0,-0.23,1.71
EZPW,2015-12-09,5.130000114440918,5.300000190734863,5.079999923706055,5.139999866485596,162200.0,48.94723953499637,49.75719290764686,51.36227043080661,46.4412225389082,44.60711441920482,3.91,88.0,-0.21,1.72
EZPW,2015-12-10,5.119999885559082,5.159999847412109,5.059999942779541,5.130000114440918,147800.0,44.906970042447995,49.728774387471525,51.36204094619383,45.947617203028415,44.47855950885852,3.81,87.0,-0.21,1.72
EZPW,2015-12-11,4.989999771118164,5.090000152587891,4.75,4.849999904632568,381500.0,46.934751865168664,50.89960457721041,51.92466695451151,46.36580437460091,44.71815434652541,3.72,99.0,-0.02,1.6
EZPW,2015-12-14,4.809999942779541,5.050000190734863,4.769999980926514,4.860000133514404,912900.0,46.94743173156173,50.90664642603079,51.869802284866516,46.23693511457638,44.66994406091438,3.62,97.0,0.05,1.61
EZPW,2015-12-15,4.860000133514404,4.949999809265137,4.710000038146973,4.71999979019165,451500.0,45.88487834720452,51.16554874919053,52.038305670282156,46.3368686776645,44.69901189876213,3.51,100.0,0.18,1.57
EZPW,2015-12-16,4.78000020980835,4.949999809265137,4.679999828338623,4.800000190734863,629900.0,46.65166767117072,51.08237746527573,52.12793430029707,46.32624561219848,44.7215114183599,3.39,100.0,0.16,1.53
EZPW,2015-12-17,4.789999961853027,5.170000076293945,4.789999961853027,5.0,667600.0,49.046633681783014,51.671847317177544,51.98718181584937,46.515226463908796,44.83109720304501,3.29,98.0,0.03,1.56
EZPW,2015-12-18,4.949999809265137,5.050000190734863,4.690000057220459,4.960000038146973,1313700.0,49.044804012707544,48.62016742424925,51.99491612181284,46.51326748761579,44.80326530969022,3.17,98.0,-0.08,1.56
EZPW,2015-12-21,4.989999771118164,5.389999866485596,4.880000114440918,5.309999942779541,535300.0,53.192330237280615,50.80272401705229,53.16565166636109,47.235702228622,45.17778958226678,3.05,100.0,-0.18,1.34
EZPW,2015-12-22,5.289999961853027,5.309999942779541,5.079999923706055,5.210000038146973,288800.0,52.2420433961935,49.58152710777988,50.014239023909646,47.23498097332136,45.18708736153083,3.0,73.0,-0.27,0.84
EZPW,2015-12-23,5.28000020980835,5.480000019073486,5.269999980926514,5.389999866485596,374500.0,53.554451837748154,50.14387073662958,49.906666990302426,47.39790043476617,45.339756338681276,2.96,72.0,-0.31,0.84
EZPW,2015-12-24,5.309999942779541,5.440000057220459,5.119999885559082,5.25,250600.0,52.508314259105674,50.30675285001498,49.97939009203533,47.46089714124606,45.37721294939047,2.9,72.0,-0.38,0.82
EZPW,2015-12-28,5.210000038146973,5.239999771118164,4.920000076293945,4.929999828338623,286400.0,48.81192595897671,51.63393743555934,50.656353760882766,47.9667687284445,45.71857595984701,2.86,73.0,-0.45,0.75
EZPW,2015-12-29,4.940000057220459,5.0,4.769999980926514,4.989999771118164,1033500.0,48.323069266870185,51.10999559723039,50.685066520348,47.98812688806261,45.70999195594169,2.81,73.0,-0.53,0.73
EZPW,2015-12-30,4.980000019073486,4.980000019073486,4.75,4.820000171661377,401100.0,47.948800000042816,49.137959921035524,50.74975718473914,48.11750506329437,45.80838386384761,2.76,75.0,-0.59,0.72
EZPW,2015-12-31,4.71999979019165,5.079999923706055,4.690000057220459,4.989999771118164,789600.0,49.20849056807096,49.78659767461713,51.085716580287574,48.33155634476648,45.954761683204765,2.71,78.0,-0.67,0.64
EZPW,2016-01-04,4.929999828338623,5.150000095367432,4.599999904632568,4.849999904632568,583900.0,47.246187208949756,49.17867763525503,51.21827667740252,48.334923986050796,46.021109425639146,2.66,78.0,-0.74,0.6
EZPW,2016-01-05,4.880000114440918,4.940000057220459,4.760000228881836,4.869999885559082,495800.0,46.21943912127756,48.27097668714268,51.215445750573494,48.29239365361254,46.01355175527367,2.61,77.0,-0.8,0.61
EZPW,2016-01-06,4.789999961853027,4.860000133514404,4.559999942779541,4.730000019073486,700700.0,46.31380509701869,48.35522281107437,50.848592067565015,48.386014674138366,46.05172632184742,2.56,72.0,-0.84,0.67
EZPW,2016-01-07,4.630000114440918,4.71999979019165,4.559999942779541,4.599999904632568,922800.0,46.54774190172288,48.55827641770243,50.06373748619538,48.47025758996222,46.078933425448064,2.52,66.0,-0.85,0.77
EZPW,2016-01-08,4.53000020980835,4.579999923706055,4.039999961853027,4.039999961853027,1822700.0,58.5172786396715,54.52829552645797,53.95547143336768,50.64350135663894,47.517082227684796,2.53,100.0,-0.55,1.72
EZPW,2016-01-11,4.03000020980835,4.050000190734863,3.539999961853028,3.650000095367432,985200.0,63.84613682456243,57.686766528683066,56.11940023994261,51.90741134608109,48.38923431773803,2.56,100.0,0.01,1.57
EZPW,2016-01-12,3.650000095367432,3.809999942779541,3.240000009536743,3.390000104904175,933400.0,65.64125770372704,58.89499995511507,57.16836821466068,52.54036248542724,48.87128334054073,2.62,100.0,0.59,1.34
EZPW,2016-01-13,3.440000057220459,3.5899999141693115,3.259999990463257,3.259999990463257,966300.0,65.6531905633935,58.931822019744516,57.410119977494055,52.62560814772247,48.8998978532444,2.67,100.0,0.95,1.26
EZPW,2016-01-14,3.2699999809265137,3.559999942779541,3.1600000858306885,3.380000114440918,831400.0,67.53282910047443,59.687525618935176,57.77659737648754,52.85210211832968,49.025533718707095,2.72,100.0,0.96,1.19
EZPW,2016-01-15,3.400000095367432,3.5,3.220000028610229,3.400000095367432,920700.0,67.06448558028222,59.36966144779623,57.740968926822944,52.86160144080403,49.037110309469,2.76,99.0,0.88,1.19
EZPW,2016-01-19,3.5,3.5,2.930000066757202,3.069999933242798,1150900.0,71.56926352384009,62.18204956599972,58.404033452116366,53.157206836101835,49.98118900082671,2.85,100.0,0.93,1.26
EZPW,2016-01-20,3.0199999809265137,3.289999961853028,2.950000047683716,3.1600000858306885,945300.0,72.87004272731288,62.68891348137201,58.48939903962681,53.17419544499753,50.07169942582795,2.94,100.0,0.83,1.24
EZPW,2016-01-21,3.150000095367432,3.3299999237060547,3.150000095367432,3.289999961853028,514000.0,74.59134874906191,62.850393833932905,58.95047268402478,53.43454013901783,50.254504087434505,3.02,100.0,0.66,1.16
EZPW,2016-01-22,3.3399999141693115,3.400000095367432,3.1700000762939453,3.3399999141693115,490000.0,74.64026247036169,63.083237446062846,58.961420299945374,53.3768073282211,50.16794249288129,3.1,100.0,0.48,1.15
EZPW,2016-01-25,3.3299999237060547,3.3399999141693115,3.150000095367432,3.150000095367432,378700.0,75.66197887800566,63.63262762174152,57.909844946007695,53.670298305304755,50.36692323029468,3.18,96.0,0.34,1.1
EZPW,2016-01-26,3.130000114440918,3.299999952316284,3.109999895095825,3.299999952316284,432800.0,77.73761675768057,63.11539197334767,58.401368561975985,53.716240689793494,50.629030753741624,3.26,96.0,0.17,1.05
EZPW,2016-01-27,3.220000028610229,3.3499999046325684,3.200000047683716,3.25,865900.0,76.74139102750371,63.107717639766925,58.373451006175095,53.68060862452274,50.41346711729836,3.33,95.0,0.02,1.05
EZPW,2016-01-28,3.299999952316284,3.3399999141693115,2.990000009536743,3.0,817300.0,78.96628348711336,64.56221649689442,59.42337005740463,54.20785543144277,49.72685439702451,3.43,100.0,-0.08,0.89
EZPW,2016-01-29,3.059999942779541,3.3299999237060547,2.9600000381469727,3.039999961853028,1100500.0,79.3105113312625,64.26528704266215,59.487704585476166,54.25610355035643,49.732814696376224,3.52,100.0,-0.2,0.89
EZPW,2016-02-01,3.0299999713897705,3.1600000858306885,2.950000047683716,3.119999885559082,445300.0,79.67035363988496,64.76751464849876,59.37318529392132,54.24529889723946,49.819143504110926,3.6,98.0,-0.33,0.91
EZPW,2016-02-02,3.0799999237060547,3.2100000381469727,2.9100000858306885,2.9800000190734863,499800.0,78.40584060514591,65.1191893984743,59.66335869621842,54.42691069815916,49.92270263636553,3.69,100.0,-0.43,0.83
EZPW,2016-02-03,2.990000009536743,3.0999999046325684,2.8299999237060547,2.9600000381469727,651300.0,78.42000457370261,65.12238957845797,59.640501327955384,54.409187118007,49.751889475055215,3.77,99.0,-0.53,0.83
EZPW,2016-02-04,2.940000057220459,3.25,2.940000057220459,3.069999933242798,549600.0,75.91888032384074,65.48316239776011,60.002199268253584,54.623246102736665,49.924371619259624,3.85,100.0,-0.63,0.77
EZPW,2016-02-05,3.0799999237060547,3.200000047683716,3.0,3.119999885559082,637100.0,76.57016641725671,65.44583902733032,59.999604347860725,54.683066313417875,49.96825655704048,3.92,99.0,-0.73,0.77
EZPW,2016-02-08,3.0299999713897705,3.0999999046325684,2.799999952316284,2.890000104904175,504100.0,76.86709941177166,66.6886713705323,60.92665661461156,54.68900480897466,50.397720109786924,4.01,100.0,-0.8,0.61
EZPW,2016-02-09,2.700000047683716,2.950000047683716,2.549999952316284,2.650000095367432,680700.0,79.20185543638483,68.01960722957524,62.20338415505344,55.50431847889765,51.02285848349837,4.13,100.0,-0.86,0.45
EZPW,2016-02-10,2.799999952316284,2.799999952316284,2.5999999046325684,2.609999895095825,375400.0,78.30459324302441,66.0316612446968,62.1978431965893,55.3708015186563,51.00937585594201,4.23,99.0,-0.91,0.44
EZPW,2016-02-11,2.5899999141693115,2.5899999141693115,2.470000028610229,2.490000009536743,449600.0,77.99537103224856,66.28602889634176,62.497241883766364,55.581430841506055,51.1725447803712,4.34,100.0,-0.95,0.37
EZPW,2016-02-12,2.5,2.5299999713897705,2.440000057220459,2.4800000190734863,591600.0,78.10855049204658,65.637596993973,62.48582012913029,55.55722035974061,51.02880340561063,4.43,99.0,-0.99,0.37
EZPW,2016-02-16,2.509999990463257,2.680000066757202,2.4800000190734863,2.650000095367432,734400.0,80.60661286519002,67.65491502907727,63.44484865291691,56.20443430020604,51.4799417307841,4.55,100.0,-1.05,0.31
EZPW,2016-02-17,2.7300000190734863,2.930000066757202,2.509999990463257,2.880000114440918,710500.0,86.03702327187952,69.38961805762986,65.01712876300174,57.14670268704397,52.18461662398366,4.67,100.0,-1.11,0.29
EZPW,2016-02-18,2.900000095367432,2.900000095367432,2.789999961853028,2.819999933242798,376600.0,85.7996963085892,69.16721652161264,63.490887338234494,57.17246787714774,52.20337815178902,4.76,99.0,-1.16,0.34
EZPW,2016-02-19,2.759999990463257,2.9600000381469727,2.7100000381469727,2.9200000762939453,1336300.0,87.08569941249839,69.59559101655769,63.85124376400887,57.364747982096006,52.20703061176335,4.85,99.0,-1.21,0.3
EZPW,2016-02-22,3.0,3.049999952316284,2.9200000762939453,2.9600000381469727,667400.0,87.42666771244393,69.68260576837918,63.4148894753425,57.408260275036625,52.23688712586434,4.94,96.0,-1.26,0.39
EZPW,2016-02-23,2.940000057220459,2.9800000190734863,2.799999952316284,2.859999895095825,210800.0,80.61722618318625,69.83987441162154,63.54967617590363,57.500276585137776,52.308152642954354,5.02,98.0,-1.3,0.35
EZPW,2016-02-24,2.8299999237060547,2.8499999046325684,2.680000066757202,2.799999952316284,289500.0,76.05717460496462,69.79641498672186,63.51254520935798,57.51784322813789,52.30133003301168,5.08,97.0,-1.34,0.34
EZPW,2016-02-25,2.7799999713897705,2.890000104904175,2.690000057220459,2.7799999713897705,151600.0,73.51339028067864,69.67183804582682,63.39624742788341,57.47677455253692,52.27115066186362,5.14,93.0,-1.37,0.36
EZPW,2016-02-26,2.7699999809265137,2.9100000858306885,2.759999990463257,2.869999885559082,149100.0,73.6649831014794,70.20078494682306,63.47120175511651,57.64624413508934,52.40079898394359,5.19,95.0,-1.4,0.38
EZPW,2016-02-29,2.900000095367432,3.0899999141693115,2.8299999237060547,2.900000095367432,372000.0,72.81105528351492,70.3445354448687,62.29506547665123,57.64185135355273,52.39404267207573,5.24,89.0,-1.42,0.45
EZPW,2016-03-01,2.9100000858306885,2.950000047683716,2.7699999809265137,2.789999961853028,159700.0,73.36935633963083,70.07213719005817,62.465172254771936,57.77683197382621,52.450975460256174,5.28,89.0,-1.44,0.39
EZPW,2016-03-02,2.819999933242798,3.0799999237060547,2.819999933242798,3.0199999809265137,293100.0,71.65894944411978,72.47607023995235,63.54985752443636,58.51107029699136,53.12467505751927,5.33,98.0,-1.45,0.4
EZPW,2016-03-03,3.0,3.319999933242798,3.0,3.130000114440918,326300.0,71.9318798641833,73.01540998985362,63.45616705735237,58.68519836398717,53.275609764767296,5.39,93.0,-1.47,0.41
EZPW,2016-03-04,3.119999885559082,3.3299999237060547,3.119999885559082,3.130000114440918,285700.0,70.89445123866669,72.88788550156727,63.41308554067513,58.68294591840314,53.225724753012315,5.44,90.0,-1.48,0.43
EZPW,2016-03-07,3.0999999046325684,3.400000095367432,3.069999933242798,3.220000028610229,383600.0,71.26996446556018,73.1375794672363,63.67039224058595,58.70077906792852,53.32708174357358,5.5,98.0,-1.48,0.39
EZPW,2016-03-08,3.200000047683716,3.289999961853028,2.940000057220459,2.9800000190734863,304000.0,72.78496736665087,74.51156328494926,64.52924854106499,58.623678798738524,53.77598524757946,5.54,99.0,-1.49,0.26
EZPW,2016-03-09,3.0,3.069999933242798,2.950000047683716,3.0199999809265137,524500.0,71.49259107851724,74.63978867066794,64.5835051771928,58.62735398340195,53.80368560830073,5.59,99.0,-1.49,0.27
EZPW,2016-03-10,3.009999990463257,3.0799999237060547,2.809999942779541,2.8399999141693115,336500.0,73.41112973697204,74.79175597277747,65.03069880853909,58.94999111171446,54.077659508449635,5.63,100.0,-1.5,0.18
EZPW,2016-03-11,2.900000095367432,2.9600000381469727,2.75,2.890000104904175,415500.0,70.05398716240022,74.95461893233688,65.00220995775548,58.9901109737697,54.01246052459795,5.67,98.0,-1.49,0.2
EZPW,2016-03-14,2.869999885559082,2.9600000381469727,2.789999961853028,2.940000057220459,227500.0,70.13333847874601,75.01375215583401,65.10937708829586,58.791599844171486,54.05514884987986,5.7,100.0,-1.49,0.19
EZPW,2016-03-15,2.930000066757202,2.970000028610229,2.680000066757202,2.75,187600.0,72.14564041458658,75.79118897473222,65.51668437328202,59.211873709398354,54.40629034308038,5.75,100.0,-1.47,0.14
EZPW,2016-03-16,2.7300000190734863,2.8399999141693115,2.7100000381469727,2.799999952316284,157400.0,71.30894495318508,75.28971247162147,65.61791962660448,59.168393393555704,54.428114852460695,5.79,100.0,-1.46,0.13
EZPW,2016-03-17,2.7799999713897705,2.900000095367432,2.7699999809265137,2.880000114440918,203500.0,71.82656665305002,75.68774153317548,65.85405415843599,59.288090233617844,54.53084452967474,5.82,100.0,-1.43,0.1
EZPW,2016-03-18,2.900000095367432,3.0799999237060547,2.8499999046325684,3.009999990463257,1863700.0,72.20655782226235,74.79499776311161,66.01293674741893,59.564002520235384,54.74413277240821,5.86,100.0,-1.41,0.08
EZPW,2016-03-21,2.970000028610229,2.9800000190734863,2.7799999713897705,2.9600000381469727,257500.0,72.17056488010047,74.78409969060765,66.0280868301361,59.57788141207318,54.75533370409268,5.89,100.0,-1.39,0.08
EZPW,2016-03-22,2.9200000762939453,3.0299999713897705,2.8399999141693115,2.970000028610229,213800.0,68.59948741807484,74.28714780184335,65.89985451020375,59.58336730235902,54.75123734249031,5.92,98.0,-1.36,0.12
EZPW,2016-03-23,2.950000047683716,2.9600000381469727,2.809999942779541,2.819999933242798,257800.0,65.39951844620245,74.71016237979691,65.41175152649956,59.831159653262525,54.950701983957536,5.95,94.0,-1.34,0.11
EZPW,2016-03-24,2.8299999237060547,3.0199999809265137,2.75,2.9800000190734863,404600.0,66.9472325071337,75.08205308728137,66.1910858155378,60.22588619407805,55.14410409438335,5.99,100.0,-1.31,0.04
EZPW,2016-03-28,2.9600000381469727,3.049999952316284,2.880000114440918,3.039999961853028,276300.0,65.26480708354013,75.19049423063532,66.32316930980339,60.29651787093129,54.91490330849582,6.02,100.0,-1.29,0.03
EZPW,2016-03-29,3.0,3.039999961853028,2.869999885559082,2.990000009536743,328000.0,65.54427221990122,75.01042606543027,66.10533432352003,60.26493452464832,54.92530011439109,6.04,98.0,-1.3,0.04
EZPW,2016-03-30,3.009999990463257,3.049999952316284,2.9800000190734863,3.0199999809265137,262100.0,63.044086610032004,74.58079023463941,66.16875353135103,60.27430854132301,54.86863937428929,6.06,98.0,-1.3,0.04
EZPW,2016-03-31,3.0,3.049999952316284,2.930000066757202,2.970000028610229,466200.0,58.68176711407228,74.48437081044699,66.17762856001687,60.26513929624938,54.88227991876905,6.08,98.0,-1.31,0.04
EZPW,2016-04-01,2.950000047683716,3.0199999809265137,2.940000057220459,2.9800000190734863,270900.0,58.30896989023254,74.4792183721443,66.20267741367815,60.270228753086975,54.839783487079174,6.09,99.0,-1.32,0.04
EZPW,2016-04-04,3.009999990463257,3.5,3.0,3.200000047683716,872700.0,60.99024816146984,76.0955850122839,67.20320734599164,60.73236562182601,55.29102192023152,6.11,100.0,-1.38,-0.0
EZPW,2016-04-05,3.200000047683716,3.2100000381469727,3.069999933242798,3.140000104904175,312700.0,61.22947733015237,76.01042370419802,66.98019386250337,60.613715923607046,55.30646992414546,6.12,99.0,-1.4,0.04
EZPW,2016-04-06,3.130000114440918,3.4100000858306885,3.109999895095825,3.400000095367432,491800.0,64.1856450300773,73.5578992387936,68.37242385671584,61.39856492833415,55.90884581913167,6.14,100.0,-1.45,-0.01
EZPW,2016-04-07,3.400000095367432,4.050000190734863,3.390000104904175,4.03000020980835,989100.0,79.33681837315379,78.86075484926145,73.57873751031885,64.73919131790605,58.53674129527503,6.26,100.0,-1.45,1.33
EZPW,2016-04-08,3.930000066757202,4.050000190734863,3.640000104904175,3.839999914169312,697600.0,81.08263067995999,77.98280878043387,72.55555562400939,64.90081225467405,58.68311213084988,6.37,99.0,-1.41,1.43
EZPW,2016-04-11,3.829999923706055,4.0,3.660000085830689,3.700000047683716,447900.0,81.98397342025798,77.93955421214929,72.60821569335033,65.00418794830625,58.77032884457727,6.48,99.0,-1.35,1.42
EZPW,2016-04-12,3.700000047683716,3.7899999618530273,3.619999885559082,3.680000066757202,631200.0,82.07972852935629,77.6291135703239,72.37594601894116,65.00167598177441,58.76184671441153,6.56,97.0,-1.29,1.48
EZPW,2016-04-13,3.7100000381469727,4.21999979019165,3.7100000381469727,4.0,832800.0,83.66434553251766,79.42349824114021,73.67557302625977,65.79560281012459,59.395468502849155,6.67,100.0,-1.23,1.28
EZPW,2016-04-14,4.019999980926514,4.139999866485596,3.990000009536743,4.03000020980835,427000.0,81.20413525884169,76.36327616836604,73.24978375683088,65.54411696903658,59.39904886018497,6.77,98.0,-1.2,1.38
EZPW,2016-04-15,3.990000009536743,4.159999847412109,3.9600000381469727,4.130000114440918,258900.0,80.95404034718304,76.30881572035746,73.15100386519254,65.62186553945136,59.46450374815058,6.85,97.0,-1.15,1.39
EZPW,2016-04-18,4.090000152587891,4.389999866485596,4.079999923706055,4.28000020980835,634500.0,81.25988460750003,76.22157652101052,73.3487924453307,65.76496839175167,59.53958174990683,6.94,98.0,-1.11,1.34
EZPW,2016-04-19,4.349999904632568,4.599999904632568,4.340000152587891,4.400000095367432,567300.0,81.24678301122812,76.34035405920046,73.49280460926082,64.45216338464259,59.590930722678316,7.02,98.0,-1.1,1.31
EZPW,2016-04-20,4.449999809265137,4.75,4.380000114440918,4.550000190734863,658800.0,77.07737947481705,75.41325922417381,73.71334486605598,64.39814953560371,59.7014427578325,7.09,100.0,-1.09,1.25
EZPW,2016-04-21,4.579999923706055,4.730000019073486,4.429999828338623,4.510000228881836,437400.0,77.36384092487755,74.9990262441526,73.71476754466227,64.37072981018387,59.70446207525511,7.16,100.0,-1.09,1.25
EZPW,2016-04-22,4.559999942779541,4.900000095367432,4.559999942779541,4.820000171661377,1285300.0,75.47445784882562,75.91137670843742,74.50252859873278,64.77011971906931,60.072603646784785,7.23,100.0,-1.14,1.12
EZPW,2016-04-25,4.829999923706055,4.829999923706055,4.550000190734863,4.659999847412109,357100.0,76.9304251164034,74.22984240187638,74.67233628909875,64.86919969896182,60.13816671292895,7.3,100.0,-1.2,1.08
EZPW,2016-04-26,4.670000076293945,4.71999979019165,4.599999904632568,4.670000076293945,303500.0,77.03253412948845,74.22698759971514,74.6681045348865,64.78099632784384,60.138084588311536,7.36,99.0,-1.26,1.08
EZPW,2016-04-27,4.630000114440918,4.820000171661377,4.619999885559082,4.789999961853027,295900.0,73.00937117065097,74.22054785473496,74.36321163830488,64.85633250247956,60.173767262983155,7.41,97.0,-1.29,1.13
EZPW,2016-04-28,4.840000152587891,5.179999828338623,4.809999942779541,4.869999885559082,1329000.0,73.01141874217247,73.4130458379206,74.39310164406496,64.87096392817875,60.19527207324721,7.46,97.0,-1.31,1.12
EZPW,2016-04-29,4.880000114440918,5.099999904632568,4.78000020980835,4.949999809265137,689800.0,72.95512001017556,73.36482198989533,74.36211956484358,64.89993365873558,60.222867726017235,7.5,95.0,-1.32,1.12
EZPW,2016-05-02,5.019999980926514,5.059999942779541,4.849999904632568,4.980000019073486,354200.0,72.60578572697735,73.13493814645925,74.21023976543202,64.65421446403978,59.58689314093041,7.53,94.0,-1.32,1.15
EZPW,2016-05-03,4.900000095367432,5.0,4.699999809265137,4.869999885559082,340100.0,72.84758461240666,73.37803375072112,74.25875821705382,64.31158900561054,59.54949058937934,7.54,94.0,-1.33,1.14
EZPW,2016-05-04,4.800000190734863,4.960000038146973,4.760000228881836,4.840000152587891,256200.0,73.05057980042639,71.3256729755679,74.25942365545957,64.31192541798993,59.545271199392694,7.55,94.0,-1.33,1.14
EZPW,2016-05-05,4.869999885559082,4.909999847412109,4.639999866485596,4.639999866485596,250300.0,72.32047748622416,69.341921841653,74.55234410654563,64.48604997956929,59.61995530144462,7.56,98.0,-1.33,1.09
EZPW,2016-05-06,4.630000114440918,4.860000133514404,4.590000152587891,4.860000133514404,447600.0,71.95426676933859,69.55795513592552,74.39792987493084,64.73385116809925,59.75760513964485,7.57,96.0,-1.33,1.11
EZPW,2016-05-09,4.869999885559082,4.900000095367432,4.670000076293945,4.760000228881836,357000.0,72.73951917300899,68.83604088517129,74.47038260941562,64.77477400001573,59.61226904546281,7.57,96.0,-1.33,1.09
EZPW,2016-05-10,4.590000152587891,5.920000076293945,4.400000095367432,5.429999828338623,2185700.0,79.53184023577752,73.07620511287651,77.20524798063393,66.65641806652543,61.06233558291601,7.61,100.0,-1.29,1.06
EZPW,2016-05-11,5.409999847412109,6.170000076293945,5.409999847412109,5.849999904632568,1474800.0,81.01797597865144,73.35023141262721,78.03707674134101,67.2322867783326,61.44371441827358,7.65,100.0,-1.15,0.93
EZPW,2016-05-12,5.889999866485596,5.96999979019165,5.420000076293945,5.559999942779541,1079200.0,83.01655533203717,73.02843264365319,78.23210132569321,66.74968335438403,61.639045014587005,7.69,100.0,-1.11,0.92
EZPW,2016-05-13,5.559999942779541,6.019999980926514,5.510000228881836,5.690000057220459,867200.0,82.85113078106292,72.7618308915529,78.29614590320976,66.751450499198,61.620764092217215,7.73,100.0,-1.05,0.9
EZPW,2016-05-16,5.730000019073486,6.0,5.699999809265137,5.809999942779541,607600.0,81.50239476637891,72.62817907096144,77.62579693783869,66.79459392620615,61.637436278040134,7.76,97.0,-0.97,1.01
EZPW,2016-05-17,5.809999942779541,6.130000114440918,5.690000057220459,5.909999847412109,888200.0,80.67650625992087,72.63599134447394,77.60149825524174,66.80511848418195,61.66205129929858,7.72,96.0,-0.88,1.01
EZPW,2016-05-18,5.920000076293945,6.159999847412109,5.860000133514404,5.920000076293945,377200.0,78.90952859152802,72.03636314242733,77.42419351791362,66.11319798687092,61.6394294162282,7.67,95.0,-0.8,1.05
EZPW,2016-05-19,5.880000114440918,6.139999866485596,5.849999904632568,6.03000020980835,415600.0,64.54101308451747,71.71029976723872,77.34894202501283,66.05242362985561,61.67208665934402,7.62,94.0,-0.71,1.05
EZPW,2016-05-20,6.090000152587891,6.420000076293945,6.03000020980835,6.269999980926514,798700.0,62.20366402237511,71.78620341589571,76.88386303135488,66.20757960797185,61.34743246015542,7.55,92.0,-0.58,1.11
EZPW,2016-05-23,6.269999980926514,6.690000057220459,6.269999980926514,6.570000171661377,710700.0,60.66820391187293,72.01261540316138,77.19106590983881,66.34205077368308,61.51287800253152,7.49,92.0,-0.37,1.05
EZPW,2016-05-24,6.670000076293945,6.840000152587891,6.510000228881836,6.699999809265137,814500.0,60.219793743524576,72.01870259513986,77.0019701507311,66.34813710369984,61.421850015478505,7.41,91.0,-0.2,1.08
EZPW,2016-05-25,6.809999942779541,6.940000057220459,6.710000038146973,6.730000019073486,972600.0,57.270397685623294,71.21042941709791,76.83787805258781,66.23609282866502,61.423132047575855,7.33,89.0,-0.09,1.12
EZPW,2016-05-26,6.75,6.760000228881836,6.409999847412109,6.579999923706055,543800.0,58.36990809684372,70.31927804131038,76.78195659451073,66.2484410266463,61.45661359775036,7.24,88.0,-0.08,1.13
EZPW,2016-05-27,6.599999904632568,6.800000190734863,6.579999923706055,6.650000095367432,318600.0,58.34011412525308,70.15980215368852,76.7911014335335,66.25830555907149,61.4643222105905,7.13,88.0,-0.08,1.12
EZPW,2016-05-31,6.840000152587891,6.880000114440918,6.630000114440918,6.78000020980835,508400.0,58.049916451901005,70.12395213227715,76.65807985873437,66.29178729293317,61.45141473313473,7.01,86.0,-0.1,1.15
EZPW,2016-06-01,6.679999828338623,6.820000171661377,6.409999847412109,6.78000020980835,533600.0,58.093259771213276,70.09756366613293,76.4943475029072,66.26523060763063,61.45141473313473,6.85,85.0,-0.15,1.18
EZPW,2016-06-02,6.579999923706055,6.900000095367432,6.579999923706055,6.849999904632568,459600.0,57.81882065847989,67.55318613365766,73.43347526125041,66.2589451871637,61.46013784661262,6.74,67.0,-0.24,1.17
EZPW,2016-06-03,6.840000152587891,6.869999885559082,6.610000133514404,6.769999980926514,521900.0,57.92342245274404,67.75697294536481,71.46661490839814,66.26004713272405,61.46616964044844,6.65,60.0,-0.35,1.3
EZPW,2016-06-06,6.789999961853027,7.150000095367432,6.739999771118164,7.130000114440918,1206000.0,56.90570316956766,66.3705848208196,70.66289330694502,66.53717408299511,61.687060865690505,6.57,59.0,-0.42,1.36
EZPW,2016-06-07,7.130000114440918,7.239999771118164,6.989999771118164,7.070000171661377,471300.0,55.5533551761098,66.54746520408783,70.31572186308325,66.53772913744237,61.67336641497597,6.48,58.0,-0.5,1.43
EZPW,2016-06-08,7.099999904632568,7.130000114440918,6.949999809265137,6.960000038146973,373200.0,56.11832679066311,66.83975756237639,70.26407643177404,66.5663120543399,61.64723652151493,6.4,57.0,-0.6,1.46
EZPW,2016-06-09,6.96999979019165,7.050000190734863,6.690000057220459,6.690000057220459,392400.0,58.02804326453695,65.64923545120281,70.65546107619075,66.69194604890805,61.77036989392563,6.32,58.0,-0.72,1.39
EZPW,2016-06-10,6.679999828338623,6.869999885559082,6.5,6.590000152587891,264200.0,58.493001796621726,65.92975418011392,68.56173099835536,66.63392512220567,61.750396734215215,6.24,55.0,-0.82,1.49
EZPW,2016-06-13,6.53000020980835,6.730000019073486,6.489999771118164,6.510000228881836,227200.0,58.812593778656385,66.085252865283,68.5478853410332,65.96061357780631,61.76167247362394,6.16,54.0,-0.92,1.52
EZPW,2016-06-14,6.5,6.679999828338623,6.28000020980835,6.340000152587891,300200.0,59.70857689158006,66.27480829546964,68.54705200991178,66.01001561449908,61.75349439036465,6.08,53.0,-1.01,1.55
EZPW,2016-06-15,6.420000076293945,6.670000076293945,6.340000152587891,6.389999866485596,419200.0,59.0106247987509,66.00358498777553,68.53377686375475,65.64476488224913,61.73161023295815,6.0,52.0,-1.09,1.56
EZPW,2016-06-16,6.300000190734863,6.579999923706055,6.260000228881836,6.579999923706055,543200.0,59.11057300912106,66.05884233179424,67.82646855434122,65.73462969384336,61.79439539077114,5.9,50.0,-1.16,1.65
EZPW,2016-06-17,6.590000152587891,6.920000076293945,6.579999923706055,6.849999904632568,682100.0,57.56326912427097,64.86799866566585,67.74114124346686,65.89058519820206,61.87152855141025,5.81,49.0,-1.22,1.67
EZPW,2016-06-20,6.949999809265137,7.21999979019165,6.929999828338623,7.159999847412109,439300.0,57.462466615861544,64.61556667519173,67.89522082087272,66.06805032931423,61.61131321233378,5.71,50.0,-1.26,1.6
EZPW,2016-06-21,6.989999771118164,7.230000019073486,6.949999809265137,7.210000038146973,367100.0,56.604438661254534,64.62461503507957,66.4153583889809,65.87263158022502,61.60214207962945,5.63,45.0,-1.3,1.77
EZPW,2016-06-22,7.199999809265137,7.199999809265137,6.920000076293945,6.989999771118164,558100.0,45.772814696120726,64.98593919202563,66.710011262998,65.45630726244765,61.65858623684007,5.55,45.0,-1.35,1.72
EZPW,2016-06-23,7.110000133514404,7.5,7.03000020980835,7.480000019073486,620500.0,44.960549984353435,65.8996053285987,67.31822884762526,65.9389352082206,62.03010113358637,5.47,47.0,-1.36,1.57
EZPW,2016-06-24,7.099999904632568,7.5,6.949999809265137,7.5,1130400.0,41.38773309782954,65.61924322561842,66.75364372996759,65.77888430541611,61.811246067951394,5.39,44.0,-1.38,1.67
EZPW,2016-06-27,7.449999809265137,7.449999809265137,6.659999847412109,6.849999904632568,677300.0,50.40270042971491,69.0950010026792,68.5691294768571,66.48312151820296,62.43733685035651,5.3,55.0,-1.42,1.52
EZPW,2016-06-28,6.78000020980835,7.099999904632568,6.78000020980835,7.010000228881836,399200.0,50.46294390229741,68.08517594662032,68.46227680095176,66.47544572026393,62.37973922360188,5.21,50.0,-1.46,1.55
EZPW,2016-06-29,7.119999885559082,7.380000114440918,7.090000152587891,7.340000152587891,499600.0,51.68351668483081,68.08214995556851,68.71340670972823,66.69407206143973,62.54829944967859,5.12,55.0,-1.48,1.48
EZPW,2016-06-30,7.389999866485596,7.590000152587891,7.03000020980835,7.559999942779541,598400.0,52.053140166775854,66.78931387204,67.41949991617385,66.76212482557622,62.60013548451351,5.05,44.0,-1.49,1.62
EZPW,2016-07-01,7.519999980926514,7.730000019073486,7.480000019073486,7.599999904632568,440000.0,51.96730909589503,58.27384548133636,65.63226054904715,66.71075606359878,62.59458815501634,5.01,27.0,-1.5,1.78
EZPW,2016-07-05,7.610000133514404,7.659999847412109,7.260000228881836,7.400000095367432,505100.0,52.01538944620603,57.50421448147974,65.7717348110444,66.76770432498185,62.64447262419793,4.97,27.0,-1.51,1.75
EZPW,2016-07-06,7.340000152587891,7.670000076293945,7.190000057220459,7.639999866485596,633400.0,51.16540518200643,56.77534456637975,65.20712509276262,66.72031243201147,62.72388619222574,4.94,22.0,-1.52,1.83
EZPW,2016-07-07,8.829999923706055,9.34000015258789,8.539999961853027,8.899999618530273,2281500.0,66.64766498101545,63.53376297890186,68.91339042963862,69.09694800470236,64.5120500407005,4.89,55.0,-1.39,1.91
EZPW,2016-07-08,8.880000114440918,9.18000030517578,8.850000381469727,8.970000267028809,1648800.0,66.63287062628109,61.91230188688179,68.38045687976071,68.87848791508976,64.51463835919445,4.85,47.0,-1.29,2.08
EZPW,2016-07-11,9.0,9.270000457763672,8.899999618530273,9.239999771118164,761800.0,66.16226817493923,61.98754389937543,67.48679231803999,68.95577139549493,64.56217092238174,4.83,42.0,-1.17,2.32
EZPW,2016-07-12,9.380000114440918,9.729999542236328,9.380000114440918,9.65999984741211,819900.0,66.8541804427835,62.268379696701196,67.47972837165106,69.13770282648896,64.70550850034591,4.79,41.0,-1.02,2.27
EZPW,2016-07-13,9.75,9.75,9.3100004196167,9.4399995803833,698200.0,67.59830170386448,62.56383658611043,67.61319636819269,69.08898113644831,64.71738148427015,4.76,42.0,-0.96,2.27
EZPW,2016-07-14,9.520000457763672,9.59000015258789,9.270000457763672,9.5,811100.0,67.53335524209444,62.50577713657329,67.61792175427968,69.08137394329009,64.71934976071631,4.72,42.0,-0.92,2.28
EZPW,2016-07-15,9.600000381469728,9.800000190734863,9.460000038146973,9.800000190734863,831400.0,67.7764306787954,62.47336322278637,67.28129671276115,69.01842723739871,64.6113439831928,4.68,36.0,-0.86,2.32
EZPW,2016-07-18,9.760000228881836,9.829999923706056,9.579999923706056,9.640000343322754,397100.0,67.9331599434282,62.605584455490884,67.22536397436008,68.73089794945619,64.5066318142707,4.64,35.0,-0.84,2.33
EZPW,2016-07-19,9.520000457763672,9.770000457763672,9.34000015258789,9.56999969482422,567500.0,67.06082948366227,61.71612677673423,67.22625031792697,68.73319007557492,64.48989158136801,4.6,35.0,-0.85,2.33
EZPW,2016-07-20,9.630000114440918,9.630000114440918,9.3100004196167,9.31999969482422,451500.0,67.6876704503416,61.50591567191501,67.4329933393671,68.81581023166802,64.54931496457674,4.56,38.0,-0.88,2.32
EZPW,2016-07-21,9.380000114440918,9.520000457763672,9.130000114440918,9.149999618530272,452500.0,67.77938950425533,61.78379426190026,67.60284669284422,68.79378440635725,64.516503565221,4.5,40.0,-0.91,2.29
EZPW,2016-07-22,9.109999656677246,9.31999969482422,8.960000038146973,9.270000457763672,418100.0,66.19213898736525,61.714703007406456,67.12288380120748,68.79571670453059,64.49692691329173,4.44,30.0,-0.94,2.38
EZPW,2016-07-25,9.229999542236328,9.239999771118164,8.970000267028809,9.050000190734863,246900.0,66.54708088662699,62.11765105974648,66.48932425070934,68.84018268973105,64.54053544418764,4.41,26.0,-0.97,2.61
EZPW,2016-07-26,9.06999969482422,9.34000015258789,8.960000038146973,9.149999618530272,377700.0,66.19551625640074,62.10540298412136,66.37030098016298,68.84023404183846,64.54649387857,4.37,24.0,-1.0,2.67
EZPW,2016-07-27,9.149999618530272,9.420000076293944,9.029999732971191,9.25,283000.0,65.21975819550921,62.09934836690141,66.34800798618895,68.7989499503078,64.3922909709766,4.33,23.0,-1.02,2.67
EZPW,2016-07-28,9.119999885559082,9.3100004196167,9.09000015258789,9.119999885559082,229200.0,65.66903761996645,61.93800044858618,66.40547989742535,68.61406647322583,64.40968122137585,4.3,24.0,-1.05,2.69
EZPW,2016-07-29,8.930000305175781,9.199999809265137,8.920000076293945,9.0600004196167,276600.0,65.66474145468213,61.94289535966699,64.95569842844272,68.6213827310977,64.41146194855605,4.29,2.0,-1.07,2.92
EZPW,2016-08-01,9.079999923706056,9.270000457763672,8.9399995803833,9.039999961853027,230700.0,65.15480398582324,61.02648600723661,64.98906908413855,68.37585592762198,63.45160102393639,4.29,2.0,-1.08,2.92
EZPW,2016-08-02,9.0600004196167,9.1899995803833,8.960000038146973,9.09000015258789,289100.0,64.30765605400106,60.59240083444276,63.950797151877595,67.44278350252546,63.28720544095895,4.3,1.0,-1.1,3.14
EZPW,2016-08-03,9.079999923706056,9.289999961853027,9.0,9.289999961853027,759300.0,64.43075004530354,60.28252801056967,63.96444242541285,67.35226956021292,63.28692231502685,4.32,2.0,-1.11,3.13
EZPW,2016-08-04,9.399999618530272,9.760000228881836,9.140000343322754,9.270000457763672,437200.0,63.431330239638626,54.84632517762058,63.99579412234393,67.2642595323355,63.19050323018004,4.33,3.0,-1.12,3.14
EZPW,2016-08-05,9.300000190734863,9.449999809265137,9.210000038146973,9.270000457763672,385700.0,61.00944848285356,53.139646957031076,62.78258948826421,67.22816382714852,63.17511258836325,4.37,1.0,-1.13,3.39
EZPW,2016-08-08,9.31999969482422,9.609999656677246,9.300000190734863,9.359999656677246,252200.0,60.99847164871102,51.721705987441105,62.776727374508944,67.02522003796206,63.09909788358509,4.41,1.0,-1.14,3.4
EZPW,2016-08-09,9.229999542236328,9.619999885559082,9.229999542236328,9.300000190734863,352700.0,53.68083033981449,51.72399753293997,62.791109515794204,66.8412172454807,63.098989385648395,4.45,3.0,-1.15,3.44
EZPW,2016-08-10,9.279999732971191,9.359999656677246,9.109999656677246,9.15999984741211,608200.0,54.02616312687378,51.873680716260864,62.717361195692746,66.85660255956536,63.099925236976816,4.5,1.0,-1.15,3.54
EZPW,2016-08-11,9.260000228881836,9.470000267028809,8.829999923706055,9.199999809265137,391600.0,52.87822211946593,51.83987876521227,62.56784936519807,66.85491722885098,63.099636037093866,4.54,1.0,-1.15,3.57
EZPW,2016-08-12,9.1899995803833,9.300000190734863,9.010000228881836,9.0600004196167,584000.0,52.85477287649356,52.036670024440554,62.69882290087306,66.87909202627473,62.91753028111571,4.58,2.0,-1.15,3.54
EZPW,2016-08-15,9.06999969482422,9.68000030517578,9.06999969482422,9.640000343322754,632700.0,55.28951372572071,53.197763411723066,62.39252685651518,67.24843194322962,62.947128072758204,4.63,1.0,-1.16,3.48
EZPW,2016-08-16,9.59000015258789,9.59000015258789,9.279999732971191,9.300000190734863,397600.0,55.85376805574015,53.53565004585275,62.4741041176427,67.40113594506579,63.05977571709642,4.67,2.0,-1.17,3.57
EZPW,2016-08-17,9.670000076293944,10.210000038146973,9.550000190734863,9.960000038146973,987400.0,58.19966308506426,54.41469027504784,63.11718925716586,67.85078351945337,63.402877724461305,4.71,9.0,-1.16,3.29
EZPW,2016-08-18,9.989999771118164,10.100000381469728,9.899999618530272,10.079999923706056,644300.0,39.15979215338385,54.36136561739758,62.95210389315232,67.84470182214216,63.4097356049237,4.75,9.0,-1.17,3.32
EZPW,2016-08-19,10.039999961853027,10.18000030517578,9.9399995803833,10.149999618530272,341700.0,39.1532145518256,54.35918050475246,62.95666838978307,67.52994035988064,63.40937486561965,4.78,10.0,-1.17,3.32
EZPW,2016-08-22,10.140000343322754,10.329999923706056,9.960000038146973,10.3100004196167,262700.0,38.56517658968872,54.03974938337942,62.78895661576448,67.51697143937032,63.42329041705316,4.82,8.0,-1.18,3.34
EZPW,2016-08-23,10.359999656677246,10.489999771118164,10.119999885559082,10.34000015258789,439400.0,36.574235536444135,54.043855945588994,62.79067686032569,67.44520336647754,63.416397017407576,4.86,9.0,-1.2,3.34
EZPW,2016-08-24,10.300000190734863,10.43000030517578,9.869999885559082,9.920000076293944,323100.0,38.04278972777599,54.897766836867724,62.653344567677316,67.53324153510304,62.967002218256226,4.91,4.0,-1.22,3.53
EZPW,2016-08-25,9.920000076293944,10.229999542236328,9.920000076293944,10.100000381469728,277000.0,38.316134787955406,54.93271164987379,62.473566688432754,67.54421317870971,62.95321602680997,4.96,2.0,-1.26,3.55
EZPW,2016-08-26,10.140000343322754,10.15999984741211,9.899999618530272,9.970000267028809,252000.0,37.53293264292081,55.073226823172405,61.635780307596335,67.56367434977828,62.96715658628944,5.02,1.0,-1.28,3.94
EZPW,2016-08-29,10.010000228881836,10.170000076293944,9.989999771118164,10.15999984741211,259900.0,37.536697653954285,55.00321986661139,56.11980001884695,67.5841818242044,62.978575974095385,5.19,1.0,-1.27,3.05
EZPW,2016-08-30,10.130000114440918,10.4399995803833,10.119999885559082,10.279999732971191,295900.0,37.54368002722129,54.2089223815279,55.35696678656772,67.21307820904929,62.4912780079048,5.37,1.0,-1.27,3.25
EZPW,2016-08-31,10.31999969482422,10.420000076293944,10.100000381469728,10.350000381469728,675000.0,36.54655086198417,54.124129412277064,54.84472297345929,67.21331231405267,62.40805954148006,5.56,1.0,-1.29,3.4
EZPW,2016-09-01,10.34000015258789,10.390000343322754,10.020000457763672,10.170000076293944,331700.0,36.50236530104511,54.15786412915552,54.96674146283749,67.14567843253305,62.435876650942305,5.73,2.0,-1.31,3.36
EZPW,2016-09-02,10.170000076293944,10.600000381469728,10.170000076293944,10.539999961853027,406500.0,37.59312512707021,53.62889786091708,53.860517620540726,67.23274875295809,62.44618667385168,5.91,1.0,-1.31,3.73
EZPW,2016-09-06,10.479999542236328,10.619999885559082,10.329999923706056,10.489999771118164,392700.0,36.737917780859455,53.484498809543645,53.908280960317825,67.1010109861156,62.42091282045853,6.08,2.0,-1.32,3.73
EZPW,2016-09-07,10.489999771118164,10.5600004196167,10.40999984741211,10.470000267028809,533500.0,36.7430000829686,53.36177622446131,53.88498723637467,67.08931321046843,62.34433515628406,6.24,2.0,-1.32,3.77
EZPW,2016-09-08,10.510000228881836,10.550000190734863,10.369999885559082,10.380000114440918,314300.0,36.88334936378443,52.99500079051861,53.791965294832465,66.67148436062892,62.314625778822965,6.39,1.0,-1.32,3.87
EZPW,2016-09-09,10.300000190734863,10.329999923706056,9.81999969482422,9.850000381469728,557200.0,40.03698691967949,54.432229543465446,54.57570243405282,66.94835262394436,62.55320421596543,6.51,5.0,-1.32,3.68
EZPW,2016-09-12,9.699999809265137,10.34000015258789,9.550000190734863,10.270000457763672,493500.0,41.501050769097944,54.70725731152751,54.689012007114144,67.00451805584812,62.677977622188116,6.62,6.0,-1.32,3.62
EZPW,2016-09-13,10.1899995803833,10.270000457763672,9.850000381469728,9.970000267028809,626000.0,42.61492142977874,54.79194954151511,54.952640746446654,67.02658618109353,62.741611524826766,6.72,8.0,-1.31,3.53
EZPW,2016-09-14,10.010000228881836,10.039999961853027,9.75,9.869999885559082,478000.0,42.78272144088871,54.31168888169524,54.215476367936375,66.57926081267175,62.743253928695964,6.82,5.0,-1.3,3.9
EZPW,2016-09-15,9.90999984741211,10.25,9.880000114440918,10.210000038146973,514300.0,43.38983652983756,54.62481083269816,53.978388340161196,66.66697002090358,62.810843697717814,6.92,5.0,-1.29,3.92
EZPW,2016-09-16,10.229999542236328,10.260000228881836,10.050000190734863,10.0600004196167,692600.0,43.677952487052515,54.25869471263505,54.09083225356935,66.54622007361654,62.83303611414684,7.0,6.0,-1.28,3.88
EZPW,2016-09-19,10.140000343322754,10.3100004196167,9.869999885559082,10.020000457763672,635000.0,43.71480783825734,52.746019826308995,54.04707399510442,66.4532905638637,62.82767030375819,7.08,6.0,-1.27,3.94
EZPW,2016-09-20,10.119999885559082,10.220000267028809,9.800000190734863,9.979999542236328,350700.0,43.702171402713866,52.77562116862759,54.05671926152809,66.34870418178883,62.83020252122146,7.16,7.0,-1.25,3.96
EZPW,2016-09-21,10.029999732971191,10.1899995803833,9.800000190734863,9.989999771118164,366400.0,43.62856561601635,48.89820179722481,54.04556298190948,66.34965680333335,62.80088914202469,7.23,6.0,-1.23,3.99
EZPW,2016-09-22,10.0600004196167,10.0600004196167,9.869999885559082,9.899999618530272,643700.0,43.450322509024524,48.870162561424806,54.105595537999044,66.2507299587925,62.74053540283132,7.29,10.0,-1.21,3.98
EZPW,2016-09-23,9.899999618530272,10.260000228881836,9.779999732971191,10.119999885559082,472900.0,43.8112762822093,48.26943481250079,53.95379068283728,66.17455863604465,62.272260429823945,7.35,5.0,-1.21,3.99
EZPW,2016-09-26,10.020000457763672,10.06999969482422,9.869999885559082,9.9399995803833,412200.0,43.91361478447983,48.23431780838376,54.06093409115815,64.2775107832942,62.27997886052476,7.4,10.0,-1.21,3.96
EZPW,2016-09-27,9.899999618530272,9.979999542236328,9.720000267028809,9.829999923706056,352600.0,40.352966827083605,48.34097783751543,53.56095279168795,63.04669469441478,61.99595781048257,7.45,1.0,-1.26,4.13
EZPW,2016-09-28,9.890000343322754,10.420000076293944,9.539999961853027,10.350000381469728,914800.0,41.414765347961904,48.85651941268891,53.66363364709923,62.567916961322844,62.19413580963836,7.49,2.0,-1.3,4.08
EZPW,2016-09-29,10.380000114440918,10.920000076293944,10.3100004196167,10.800000190734863,1052700.0,38.44800618570399,49.14924606412524,53.75395163712455,62.481509717185446,62.318840596960136,7.53,3.0,-1.38,3.96
EZPW,2016-09-30,10.949999809265137,11.119999885559082,10.710000038146973,11.0600004196167,1083000.0,38.846059448804276,38.68055249284148,50.04483965007716,62.416453628747306,62.340821467512974,7.58,1.0,-1.37,3.96
EZPW,2016-10-03,11.09000015258789,11.329999923706056,10.989999771118164,11.140000343322754,561200.0,38.848604143744225,38.677847968302885,48.86449352151162,62.41644299912916,62.181608478868746,7.64,1.0,-1.33,4.5
EZPW,2016-10-04,11.09000015258789,11.119999885559082,10.670000076293944,10.739999771118164,390300.0,40.30389861897948,39.151364323481594,48.4895933303361,61.28119732394111,61.92472096160307,7.68,1.0,-1.32,4.63
EZPW,2016-10-05,10.869999885559082,11.029999732971191,10.81999969482422,10.850000381469728,338600.0,40.38335931057711,38.20169991836732,48.420815058894256,61.22687189561228,61.930085046026285,7.72,1.0,-1.31,4.69
EZPW,2016-10-06,10.789999961853027,10.789999961853027,10.460000038146973,10.5600004196167,220200.0,39.250063617340295,38.32373994910188,48.655374139431245,61.22771197792481,61.8841303305109,7.75,3.0,-1.3,4.61
EZPW,2016-10-07,10.539999961853027,10.65999984741211,10.34000015258789,10.460000038146973,476700.0,39.09096680022458,38.38245145788666,48.68410629739933,61.24821846360412,61.770022429089735,7.77,4.0,-1.28,4.63
EZPW,2016-10-10,10.56999969482422,10.68000030517578,10.460000038146973,10.649999618530272,213300.0,39.1487207529973,38.045222975921085,48.718678366227195,60.77403066460947,61.7356083576011,7.78,5.0,-1.26,4.59
EZPW,2016-10-11,10.600000381469728,10.739999771118164,10.06999969482422,10.609999656677246,256000.0,38.85941765327961,37.87943323434719,48.70057358000413,60.60197211982037,61.735000705660816,7.79,5.0,-1.24,4.63
EZPW,2016-10-12,10.619999885559082,10.960000038146973,10.510000228881836,10.93000030517578,351900.0,39.61503474426545,38.2657756339848,48.560310355187035,60.608349519529284,61.7850329018278,7.79,3.0,-1.2,4.72
EZPW,2016-10-13,10.93000030517578,11.020000457763672,10.779999732971191,10.93000030517578,384100.0,39.59325709009015,37.79993623114386,48.116191675779405,59.7284555989816,61.73909203367083,7.79,1.0,-1.14,5.03
EZPW,2016-10-14,10.970000267028809,10.989999771118164,10.649999618530272,10.899999618530272,273600.0,39.194741863085916,37.562696390493464,48.075464798223486,59.735580183035644,61.727450971801886,7.78,1.0,-1.08,5.09
EZPW,2016-10-17,10.859999656677246,10.93000030517578,10.65999984741211,10.800000190734863,188800.0,38.0110521601636,37.58355796541517,48.12740521816135,59.724106388146105,61.613205285646785,7.76,3.0,-1.02,5.07
EZPW,2016-10-18,10.949999809265137,11.0,10.84000015258789,10.890000343322754,341300.0,38.03318840684125,37.18941823558513,47.93119841798657,59.392818320184794,61.61645414994824,7.73,1.0,-0.95,5.16
EZPW,2016-10-19,10.960000038146973,10.960000038146973,10.619999885559082,10.920000076293944,157900.0,38.023566367683756,37.152936123740396,47.92426254387807,59.37209126129521,61.43671930066199,7.69,1.0,-0.88,5.17
EZPW,2016-10-20,10.8100004196167,10.979999542236328,10.8100004196167,10.949999809265137,186400.0,37.90541862999305,37.11623205058329,47.86973041805908,59.27232994052596,61.43620711347075,7.65,1.0,-0.8,5.23
EZPW,2016-10-21,10.8100004196167,10.979999542236328,10.640000343322754,10.859999656677246,158300.0,34.41997440872962,37.020608005675136,47.90868052507281,59.2899855280052,61.4450107436579,7.6,2.0,-0.71,5.22
EZPW,2016-10-24,10.90999984741211,11.020000457763672,10.779999732971191,10.81999969482422,225100.0,32.46734020304227,36.993465572675476,47.91869780456999,58.4662676031654,61.35606052620163,7.59,3.0,-0.61,5.23
EZPW,2016-10-25,10.81999969482422,10.880000114440918,10.630000114440918,10.649999618530272,566500.0,31.540774977669212,37.17971954598583,47.9585222652221,57.45426750442102,61.37445536483862,7.61,6.0,-0.51,5.21
EZPW,2016-10-26,10.550000190734863,10.649999618530272,10.31999969482422,10.43000030517578,690100.0,32.056809871440095,37.487385880974,47.520550222905314,57.48999937498841,61.30041399738839,7.64,1.0,-0.39,5.57
EZPW,2016-10-27,10.56999969482422,10.640000343322754,10.170000076293944,10.220000267028809,672700.0,31.188691592764407,37.546297366267424,47.635929019447154,57.21790199291596,61.077571017467136,7.66,2.0,-0.25,5.51
EZPW,2016-10-28,10.260000228881836,10.43000030517578,9.949999809265137,9.989999771118164,474400.0,31.600365874071567,37.87020452415419,47.722389435715904,57.31549347734205,61.121724477297946,7.68,3.0,-0.1,5.46
EZPW,2016-10-31,9.949999809265137,10.199999809265137,9.699999809265137,9.75,608200.0,32.35070864100387,38.23058947404407,47.4317017681723,57.014149155073554,61.17671220816966,7.69,1.0,0.06,5.61
EZPW,2016-11-01,9.850000381469728,9.949999809265137,9.649999618530272,9.75,304800.0,32.33828350390485,38.1866308527647,47.33969958869396,56.298376279419045,61.124719995547785,7.73,1.0,0.21,5.65
EZPW,2016-11-02,9.649999618530272,9.800000190734863,9.550000190734863,9.649999618530272,345200.0,32.45018909795414,38.225733437546424,47.324143695917336,56.237930127357075,61.127418965093504,7.75,1.0,0.35,5.66
EZPW,2016-11-03,9.649999618530272,9.699999809265137,9.550000190734863,9.550000190734863,185000.0,32.48149177024986,38.154269641358425,47.12996474773445,56.17550490918938,61.1209837081785,7.78,1.0,0.43,5.77
EZPW,2016-11-04,9.600000381469728,9.75,9.350000381469728,9.600000381469728,204000.0,31.79830259999705,38.15822593310047,47.12647244045556,56.16950822917962,61.11559606492397,7.8,1.0,0.49,5.77
EZPW,2016-11-07,9.800000190734863,9.899999618530272,9.649999618530272,9.800000190734863,497700.0,32.055666718356235,38.223909922201464,47.028214995128536,55.98226674750124,61.10471195568756,7.82,1.0,0.57,5.86
EZPW,2016-11-08,9.75,9.800000190734863,9.5,9.600000381469728,250600.0,32.44547183881235,36.320000889680124,46.82633629368115,55.97819806644122,60.97781558103381,7.84,1.0,0.7,6.09
EZPW,2016-11-09,9.600000381469728,10.06999969482422,9.460000038146973,10.0,418000.0,31.061449423411048,36.48991716285741,46.7530202404411,56.096933191119234,61.104202970818896,7.86,1.0,0.92,6.14
EZPW,2016-11-10,10.100000381469728,10.699999809265137,10.100000381469728,10.550000190734863,772200.0,32.532359861356674,35.41980309983032,47.42473920146731,56.28990627018149,61.12604711782913,7.88,8.0,1.13,5.64
EZPW,2016-11-11,10.5,11.0,10.5,10.949999809265137,795700.0,33.627618536135856,36.125678165709324,47.38683583151333,56.40044965985533,60.48229784798487,7.89,8.0,1.24,5.56
EZPW,2016-11-14,11.199999809265137,11.25,10.649999618530272,11.100000381469728,582700.0,33.802969534162955,36.195385037850016,46.31420071159601,56.13811136807417,60.39063324269159,7.9,1.0,1.45,6.24
EZPW,2016-11-15,11.100000381469728,11.229999542236328,10.93000030517578,11.149999618530272,560300.0,32.002707898249625,36.08117815776415,46.31382579240594,55.48994454753009,60.318398105678504,7.91,1.0,1.66,6.24
EZPW,2016-11-16,11.149999618530272,11.300000190734863,10.949999809265137,11.100000381469728,344600.0,31.929107171477632,36.09902734848337,43.78367965886374,55.40307101125175,60.29358468733393,7.94,1.0,1.49,6.93
EZPW,2016-11-17,11.199999809265137,11.399999618530272,10.75,11.0,315100.0,30.975504136268654,35.05956328573988,43.73968617440455,55.42958535530883,60.13884337089783,7.95,1.0,1.25,7.05
EZPW,2016-11-18,11.050000190734863,11.350000381469728,11.0,11.25,339900.0,31.38425983492502,35.16044508610045,43.32905322658065,55.40205450080731,60.01911177454633,7.96,1.0,1.1,7.45
EZPW,2016-11-21,11.899999618530272,11.899999618530272,11.130000114440918,11.350000381469728,322700.0,31.10041620477385,35.05349781513278,43.146117248296704,54.48442610137785,60.007775664121475,7.99,1.0,0.97,7.67
EZPW,2016-11-22,11.350000381469728,11.600000381469728,11.300000190734863,11.600000381469728,260200.0,31.55853293764152,35.117776223463565,43.237446174577286,54.50650037281799,60.03657569768408,8.03,2.0,0.74,7.54
EZPW,2016-11-23,11.600000381469728,11.68000030517578,11.449999809265137,11.649999618530272,377700.0,30.530087452315087,35.06457442674372,42.952689627260945,53.88760080848905,60.028750824225966,8.07,1.0,-0.06,7.72
EZPW,2016-11-25,11.649999618530272,11.729999542236328,11.399999618530272,11.449999809265137,85000.0,31.043099396649083,35.27384877869955,42.864821483827605,53.957289813584964,60.062501155413884,8.1,1.0,-0.92,7.94
EZPW,2016-11-28,11.449999809265137,11.550000190734863,11.0600004196167,11.25,244500.0,31.51768657009315,35.27565073272288,35.774550000878115,54.027889157602246,60.09398862511597,8.22,1.0,-0.95,0.39
EZPW,2016-11-29,11.350000381469728,11.800000190734863,11.050000190734863,11.199999809265137,349700.0,31.41288904060362,34.5731177609419,35.77972311415521,53.32037332677595,60.098113518281984,8.33,2.0,-0.98,0.4
EZPW,2016-11-30,11.199999809265137,11.699999809265137,11.050000190734863,11.649999618530272,469800.0,33.26073287118465,35.43174166707065,36.00244906261836,53.43787597853248,60.19957219278965,8.43,3.0,-0.94,0.36
EZPW,2016-12-01,11.75,11.899999618530272,11.5,11.600000381469728,347600.0,33.31423330882334,35.445678116707036,35.37650826232785,53.40275000226807,59.95346523693266,8.54,1.0,-0.94,0.52
EZPW,2016-12-02,11.649999618530272,11.649999618530272,11.199999809265137,11.300000190734863,310600.0,34.300832761412956,35.84523891410984,35.43665071742777,53.37624020830922,60.003543566673265,8.63,2.0,-0.96,0.51
EZPW,2016-12-05,11.5,11.699999809265137,11.350000381469728,11.350000381469728,310200.0,34.19865726659478,34.04740975573045,35.43170177273005,53.30039774181212,59.94904845305386,8.7,2.0,-0.98,0.51
EZPW,2016-12-06,11.449999809265137,11.850000381469728,11.399999618530272,11.75,425500.0,35.4761125272872,33.72529308831874,35.51072849846098,53.39486490591202,59.93467664805217,8.77,4.0,-0.97,0.5
EZPW,2016-12-07,11.649999618530272,11.949999809265137,11.550000190734863,11.800000190734863,374900.0,35.036654359035346,33.065261967852784,35.391398579501285,52.92584526511581,59.925799167873016,8.83,2.0,-0.95,0.52
EZPW,2016-12-08,11.300000190734863,12.0,11.050000190734863,11.75,656400.0,34.35978645574512,32.989652372617,35.37432171410125,52.64554945326445,59.92360844416377,8.87,1.0,-0.95,0.52
EZPW,2016-12-09,11.850000381469728,11.850000381469728,11.600000381469728,11.75,620200.0,33.60663370723654,32.35608169236107,35.079380901567205,52.63275080805906,59.92221900424739,8.91,1.0,-0.94,0.58
EZPW,2016-12-12,11.350000381469728,11.550000190734863,10.800000190734863,10.949999809265137,1161700.0,39.35019131096681,35.48049397252668,36.79615008776162,53.362083810232576,60.08249561766935,8.9,11.0,-0.93,0.97
EZPW,2016-12-13,10.949999809265137,11.149999618530272,10.5,10.550000190734863,599800.0,40.29596532281024,36.33953082405687,37.2671017583021,53.61915822335981,60.2183885350892,8.88,12.0,-0.89,0.87
EZPW,2016-12-14,10.649999618530272,10.800000190734863,10.449999809265137,10.5,314700.0,40.34638548020391,36.344142451998316,37.0589190706013,53.563604675278334,60.13624033345217,8.87,12.0,-0.86,0.93
EZPW,2016-12-15,10.600000381469728,10.75,10.350000381469728,10.399999618530272,421200.0,40.326584655669805,36.40673123077548,37.068428708295045,53.59786478664474,60.13404592412164,8.85,13.0,-0.81,0.94
EZPW,2016-12-16,10.399999618530272,10.75,10.199999809265137,10.399999618530272,1495800.0,40.1493896782129,36.35072836340385,37.037001198345955,53.05503124334619,60.01517612620596,8.81,12.0,-0.77,0.96
EZPW,2016-12-19,10.399999618530272,10.600000381469728,10.18000030517578,10.300000190734863,513000.0,40.30416829630034,36.14189504980304,36.99653075810702,53.00369476138378,60.01837942457582,8.77,12.0,-0.73,0.97
EZPW,2016-12-20,10.25,10.729999542236328,10.25,10.600000381469728,184400.0,40.68930364613678,36.40007171692697,37.230512838786176,52.3559513648353,59.71632293343243,8.74,16.0,-0.7,0.87
EZPW,2016-12-21,10.550000190734863,10.699999809265137,10.460000038146973,10.649999618530272,125600.0,40.09025978140934,36.31795971358834,37.22882706654682,48.599407204545,59.67666046619383,8.7,16.0,-0.68,0.87
EZPW,2016-12-22,10.649999618530272,10.649999618530272,10.369999885559082,10.5,145500.0,38.78423823191564,34.907278649666715,37.307877031496645,48.235091180609366,59.618722770806265,8.67,19.0,-0.65,0.85
EZPW,2016-12-23,10.5,10.649999618530272,10.449999809265137,10.600000381469728,103900.0,35.63363533474273,33.83621562807785,37.18832420875545,47.96837451519311,59.551553601321494,8.64,16.0,-0.61,0.9
EZPW,2016-12-27,10.600000381469728,10.949999809265137,10.5,10.899999618530272,123300.0,34.88702991998097,33.97181266257896,37.422327902606604,48.02023231714313,59.237552846261224,8.59,21.0,-0.58,0.81
EZPW,2016-12-28,10.899999618530272,10.949999809265137,10.43000030517578,10.75,260100.0,34.8538641854961,34.048699361710334,37.50216151950928,47.186270647820045,59.25504446809426,8.55,22.0,-0.54,0.78
EZPW,2016-12-29,10.800000190734863,10.93000030517578,10.56999969482422,10.899999618530272,175000.0,35.088546148431725,33.333932966190936,37.53135725836203,47.196088817765194,59.14359564822054,8.5,23.0,-0.51,0.77
EZPW,2016-12-30,10.899999618530272,10.949999809265137,10.649999618530272,10.649999618530272,300300.0,35.67579286587904,33.609823582913286,37.715820637756934,47.26352008653315,59.117989423537395,8.44,24.0,-0.46,0.71
EZPW,2017-01-03,10.800000190734863,10.979999542236328,10.399999618530272,10.649999618530272,321300.0,35.60305924907403,33.14311925622888,37.623415512952064,47.128644063815564,59.0343542962239,8.38,24.0,-0.46,0.74
EZPW,2017-01-04,10.699999809265137,10.949999809265137,10.5,10.949999809265137,375900.0,35.93972101691435,33.55770828670963,37.85161493238567,47.12951065967792,59.08576195469346,8.31,26.0,-0.49,0.66
EZPW,2017-01-05,10.800000190734863,10.899999618530272,10.449999809265137,10.699999809265137,398000.0,36.37652878049795,33.712585174039255,37.96063539951206,47.1243422306603,59.05545746141828,8.22,27.0,-0.61,0.63
EZPW,2017-01-06,10.699999809265137,10.800000190734863,10.550000190734863,10.600000381469728,104300.0,35.72390637491068,33.75965551134113,36.74227243508209,47.12665915887694,58.98659954498252,8.15,11.0,-0.56,0.68
EZPW,2017-01-09,10.5,10.649999618530272,10.350000381469728,10.350000381469728,202500.0,36.153585837724314,33.529352147757216,36.48366520983873,46.6708276920208,57.519231336157176,8.08,11.0,-0.6,0.72
EZPW,2017-01-10,10.300000190734863,10.649999618530272,10.199999809265137,10.649999618530272,260600.0,37.1123310224976,34.06942563210638,35.12766417895249,46.53881033091944,56.59297174362122,7.99,2.0,-0.57,0.47
EZPW,2017-01-11,10.600000381469728,10.649999618530272,10.449999809265137,10.600000381469728,232700.0,36.84022876503597,34.077468932216135,35.09079056195738,46.5509381801565,56.05414062183232,7.91,2.0,-0.55,0.49
EZPW,2017-01-12,10.350000381469728,10.399999618530272,9.649999618530272,9.800000190734863,929100.0,43.00211259674539,37.609714067438134,37.24538939261573,47.50883938580569,56.498258989020876,7.78,23.0,-0.57,1.01
EZPW,2017-01-13,9.800000190734863,10.050000190734863,9.699999809265137,9.800000190734863,325900.0,40.98014059240321,37.55465309536425,37.157104113349035,47.48747978416078,56.40968229539831,7.65,20.0,-0.61,1.04
EZPW,2017-01-17,9.75,9.75,9.5,9.600000381469728,371100.0,41.20182658310697,37.73976686420368,37.289531387193804,47.55249534233244,56.46408273043557,7.5,26.0,-0.64,0.98
EZPW,2017-01-18,9.699999809265137,9.800000190734863,9.550000190734863,9.800000190734863,434500.0,41.47113806062394,38.01551022749125,36.86363831985998,47.593952010892906,55.47122021738898,7.35,16.0,-0.65,1.1
EZPW,2017-01-19,9.800000190734863,9.850000381469728,9.479999542236328,9.5,297700.0,42.06200464796608,38.46527188442795,37.07269257798742,47.67273977057629,55.53182244736268,7.19,21.0,-0.65,1.01
EZPW,2017-01-20,9.550000190734863,9.699999809265137,9.399999618530272,9.649999618530272,240300.0,40.813007872599286,38.63804529416612,37.10853809428264,47.679000585367156,55.4262294141607,7.04,22.0,-0.66,1.01
EZPW,2017-01-23,9.600000381469728,9.75,9.449999809265137,9.699999809265137,209200.0,40.83508854168175,38.55432143245371,36.991574992239826,47.363521207876246,55.415676417249706,6.99,17.0,-0.69,1.05
EZPW,2017-01-24,9.699999809265137,10.050000190734863,9.5,9.949999809265137,309700.0,41.87317136848298,38.731351979968956,37.17022072393332,47.165480709097245,55.09574117244084,6.94,25.0,-0.72,0.99
EZPW,2017-01-25,9.949999809265137,10.100000381469728,9.800000190734863,10.050000190734863,189400.0,42.087950948354816,38.57588276628856,37.18937066738329,47.07844245192006,54.93733891642422,6.9,27.0,-0.74,0.99
EZPW,2017-01-26,9.949999809265137,10.050000190734863,9.5,9.800000190734863,356200.0,37.80942326496881,38.63948540816715,37.29929030512853,44.694233007627815,54.98198187968724,6.85,33.0,-0.76,0.95
EZPW,2017-01-27,9.75,9.899999618530272,9.449999809265137,9.699999809265137,243900.0,36.51818468044437,38.373035032179224,36.878216469658625,43.91103464410418,54.34537160200005,6.82,17.0,-0.8,1.05
EZPW,2017-01-30,9.550000190734863,9.75,9.449999809265137,9.600000381469728,249100.0,36.580404365188265,38.430771261627775,36.90414144238973,43.47375529018091,54.35918976839108,6.78,18.0,-0.84,1.04
EZPW,2017-01-31,9.600000381469728,10.029999732971191,9.600000381469728,9.899999618530272,423000.0,37.7978625109327,38.89130330466527,37.244177988131625,43.53296191417939,54.38026889795344,6.73,32.0,-0.87,0.94
EZPW,2017-02-01,10.0,10.149999618530272,9.81999969482422,9.949999809265137,321000.0,37.84505579847552,38.83619606858082,37.23197126320979,43.48213452182105,54.14348086720603,6.68,32.0,-0.89,0.95
EZPW,2017-02-02,9.949999809265137,10.050000190734863,9.75,9.899999618530272,321500.0,37.781803719051304,38.84190836675501,36.295973363556655,43.46004262069613,54.14012360282624,6.63,13.0,-0.89,1.11
EZPW,2017-02-03,9.100000381469728,10.550000190734863,9.010000228881836,9.75,416600.0,36.883605804471,38.74462610644333,35.75289615685974,43.512786692645854,54.08325587896579,6.57,10.0,-0.92,1.22
EZPW,2017-02-06,9.75,9.979999542236328,9.43000030517578,9.5,426700.0,37.41021351019771,38.881181774361,35.681448718355306,43.6050428366138,54.15681840502571,6.5,10.0,-0.92,1.25
EZPW,2017-02-07,9.550000190734863,9.550000190734863,9.199999809265137,9.300000190734863,358700.0,37.63694644908669,38.16065650110957,35.80217642854181,43.4779445830658,53.606017439797746,6.43,14.0,-0.9,1.19
EZPW,2017-02-08,9.300000190734863,9.350000381469728,9.050000190734863,9.25,310600.0,37.418752265943674,36.42083658615054,35.380182518066704,43.16237455061938,52.826117739898734,6.37,6.0,-0.9,1.32
EZPW,2017-02-09,9.199999809265137,9.399999618530272,9.100000381469728,9.25,346200.0,36.16901994486984,35.48767062899693,35.31104193097779,43.1115334351881,52.78969623165823,6.31,4.0,-0.9,1.36
EZPW,2017-02-10,9.350000381469728,9.550000190734863,9.25,9.550000190734863,199600.0,37.649618008554484,36.04358651174947,35.68757824337734,43.25761793650711,52.597780554764306,6.23,13.0,-0.92,1.24
EZPW,2017-02-13,9.5,9.609999656677246,9.149999618530272,9.199999809265137,282300.0,38.461088996050634,36.709928085965885,36.16053077515088,43.41069244180187,52.76253027077599,6.14,19.0,-0.91,1.08
EZPW,2017-02-14,9.149999618530272,9.199999809265137,9.0,9.100000381469728,231400.0,38.13753601873716,36.74325968181559,36.19486590270411,43.424473206303766,52.42880834931963,6.04,20.0,-0.9,1.06
EZPW,2017-02-15,9.100000381469728,9.199999809265137,8.949999809265137,9.149999618530272,256400.0,38.235929311508,36.76697921380499,36.18541537685081,43.376223183262155,51.83564772679874,5.94,20.0,-0.89,1.07
EZPW,2017-02-16,9.199999809265137,9.199999809265137,8.899999618530273,9.050000190734863,484900.0,36.97260579229686,36.41192359041752,36.035577517592785,43.40164367018679,51.79542044471746,5.83,19.0,-0.89,1.11
EZPW,2017-02-17,9.050000190734863,9.149999618530272,8.949999809265137,9.149999618530272,298700.0,36.951056593743125,36.44585783157974,35.98431995204019,43.40374396340099,51.710546143901496,5.72,18.0,-0.91,1.15
EZPW,2017-02-21,9.050000190734863,9.130000114440918,8.930000305175781,9.050000190734863,258300.0,36.96965621245678,36.088284169394605,35.98331400538311,43.400550786415174,51.72570668558176,5.6,18.0,-0.9,1.15
EZPW,2017-02-22,9.0,9.149999618530272,8.850000381469727,9.0,212400.0,36.54768360106838,36.04633177074042,34.995872781761626,42.995308858023186,51.588741607695034,5.49,1.0,-0.93,1.27
EZPW,2017-02-23,8.949999809265137,9.050000190734863,8.75,9.0,300400.0,35.203530365937816,35.95385601040053,34.27995860386057,42.979968729345714,51.526016345502946,5.37,1.0,-0.95,1.44
EZPW,2017-02-24,8.899999618530273,9.029999732971191,8.75,8.949999809265137,182400.0,35.202489896942,35.84368642769303,34.037567844058195,42.940228232087144,51.522590450194436,5.33,1.0,-0.96,1.53
EZPW,2017-02-27,8.899999618530273,9.149999618530272,8.8100004196167,9.050000190734863,193800.0,27.918021911726377,35.97348656738846,34.07041640010948,42.67749326500022,51.45426218872804,5.3,2.0,-0.97,1.51
EZPW,2017-02-28,9.0,9.149999618530272,8.699999809265137,8.800000190734863,504100.0,28.85156392278559,35.1801198373355,33.876505691869944,42.776417424669525,51.55376123492572,5.28,1.0,-0.97,1.57
EZPW,2017-03-01,8.899999618530273,9.18000030517578,8.899999618530273,9.149999618530272,223000.0,30.895478886801325,36.301298719279636,34.44424372672736,42.972257623845714,51.487275751666374,5.25,5.0,-1.0,1.42
EZPW,2017-03-02,9.100000381469728,9.350000381469728,8.949999809265137,9.0,168600.0,30.44665200062664,36.10166463675413,34.28652389860143,42.89600968860786,50.98409511063415,5.21,5.0,-1.04,1.49
EZPW,2017-03-03,9.0,9.100000381469728,8.800000190734863,9.0,266600.0,29.249618054176196,36.07011557216444,34.2638659357235,42.890844946137044,50.88800897377723,5.16,4.0,-1.07,1.51
EZPW,2017-03-06,8.899999618530273,8.949999809265137,8.550000190734863,8.75,319100.0,29.73008107979097,35.49871551259732,34.37860165962262,42.91306623390383,50.989177915076986,5.11,7.0,-1.08,1.44
EZPW,2017-03-07,8.699999809265137,8.75,8.5,8.550000190734863,267200.0,30.16043807121951,35.63992267928186,34.54135002814951,42.76448810037331,51.00300332651979,5.05,9.0,-1.06,1.36
EZPW,2017-03-08,8.550000190734863,8.649999618530273,8.300000190734863,8.449999809265137,387900.0,28.882461225795176,35.66310333251885,34.19293446524182,42.48372880320018,50.37038553792789,5.0,4.0,-1.03,1.47
EZPW,2017-03-09,8.5,8.600000381469727,8.300000190734863,8.399999618530273,332700.0,28.50872514446091,35.64478295554983,34.194543734948155,42.48531984154166,50.37191511232712,4.95,5.0,-0.99,1.47
EZPW,2017-03-10,8.399999618530273,8.5,8.25,8.350000381469727,418100.0,27.921372945680133,32.97842858462637,34.19864524536769,42.324204871706364,49.951252201882404,4.89,6.0,-0.97,1.46
EZPW,2017-03-13,8.300000190734863,8.399999618530273,8.25,8.25,314600.0,27.953616035895617,32.30927017584075,34.215404643804995,41.599025112243034,49.96025821503116,4.83,7.0,-0.94,1.46
EZPW,2017-03-14,8.25,8.399999618530273,8.0,8.199999809265137,375200.0,27.91503638225731,32.311562298024924,34.17392986415674,41.60561118338753,49.95362565291773,4.77,4.0,-0.91,1.47
EZPW,2017-03-15,8.199999809265137,8.199999809265137,7.949999809265137,8.0,614000.0,26.27531854967289,32.56811256864655,34.33700002942025,40.28215377303373,49.52940089115091,4.7,12.0,-0.85,1.39
EZPW,2017-03-16,8.050000190734863,8.25,7.909999847412109,8.149999618530273,457800.0,27.098990064699898,32.89550506796189,34.49733411005412,40.25062486479074,49.530990623646815,4.62,15.0,-0.85,1.32
EZPW,2017-03-17,8.100000381469727,8.25,8.100000381469727,8.100000381469727,943700.0,27.095144265858647,32.877854905284835,34.49073327528351,39.898264565238335,49.48339889529519,4.54,15.0,-0.84,1.33
EZPW,2017-03-20,8.100000381469727,8.350000381469727,7.949999809265137,8.199999809265137,322300.0,27.50982125641134,32.347506146042974,34.5747592866768,39.77380232325818,49.32681750640972,4.46,18.0,-0.86,1.29
EZPW,2017-03-21,8.300000190734863,8.300000190734863,7.900000095367432,8.050000190734863,266000.0,27.113642093752834,32.42103569304391,34.60251317262321,39.83239256941519,49.33433317662754,4.36,19.0,-0.87,1.28
EZPW,2017-03-22,8.0,8.100000381469727,7.800000190734863,7.900000095367432,301800.0,26.998199178919148,32.49281126112486,34.57660879142407,39.76823307197393,49.38687050714128,4.28,19.0,-0.88,1.29
EZPW,2017-03-23,7.900000095367432,8.229999542236328,7.900000095367432,8.149999618530273,272500.0,29.006821420147695,33.19411152278879,34.87587686795238,39.759817456452176,49.14366505430808,4.18,21.0,-0.92,1.21
EZPW,2017-03-24,8.100000381469727,8.199999809265137,7.949999809265137,7.949999809265137,319200.0,29.580868034311848,32.76012144716321,34.908608726125664,35.50770927957173,48.96155178559621,4.07,22.0,-0.94,1.2
EZPW,2017-03-27,7.849999904632568,8.050000190734863,7.75,8.0,233800.0,27.667863570931118,32.7941757390109,34.75454049681277,35.502941873628444,48.93566800693275,3.96,21.0,-0.98,1.28
EZPW,2017-03-28,7.949999809265137,8.130000114440918,7.900000095367432,8.050000190734863,273100.0,26.209579490477562,32.64452658008503,34.77763418295407,35.329329243148614,48.89323422993772,3.85,22.0,-1.01,1.27
EZPW,2017-03-29,8.0,8.399999618530273,7.949999809265137,8.350000381469727,272600.0,28.690016233038172,33.512816256812684,35.28273395807729,35.19967166362446,48.99858236118407,3.72,29.0,-1.05,1.14
EZPW,2017-03-30,8.350000381469727,8.350000381469727,8.0,8.050000190734863,231000.0,30.178731598707625,34.15645983998461,35.69433047447323,35.356322592284016,49.12331860693269,3.59,40.0,-1.09,1.0
EZPW,2017-03-31,8.050000190734863,8.25,7.949999809265137,8.149999618530273,527800.0,30.483501518148763,33.673329704305374,35.7474139757887,35.38074465591558,49.13044075585246,3.46,41.0,-1.12,0.98
EZPW,2017-04-03,8.149999618530273,8.149999618530273,7.949999809265137,8.149999618530273,342700.0,30.194904134955085,33.47299159898098,35.570049641410876,35.17623778261242,48.66592702700894,3.31,38.0,-1.16,1.04
EZPW,2017-04-04,8.149999618530273,8.25,8.050000190734863,8.100000381469727,264600.0,30.12811862383006,33.459521559504836,35.44960795595681,35.13367278848021,48.62301531398593,3.17,37.0,-1.19,1.1
EZPW,2017-04-05,8.149999618530273,8.199999809265137,7.75,7.849999904632568,527100.0,31.175819297616485,33.67911202483455,35.09567329655883,35.309540867306744,48.14988296919817,3.01,28.0,-1.22,1.12
EZPW,2017-04-06,7.800000190734863,7.949999809265137,7.650000095367432,7.849999904632568,477400.0,31.175819297616485,32.97852186296043,33.932433245476226,35.180459549627244,45.14945282978813,2.83,2.0,-1.23,1.19
EZPW,2017-04-07,8.100000381469727,8.399999618530273,8.0,8.350000381469727,555300.0,36.61618011576408,35.71004513079247,34.881973486251304,35.89180008517887,45.24387744367972,2.62,25.0,-1.23,1.42
EZPW,2017-04-10,8.350000381469727,8.800000190734863,8.300000190734863,8.649999618530273,452700.0,38.030402571375056,33.088436381913326,35.307624531844006,36.106115654519456,45.17716654940056,2.43,33.0,-1.22,1.3
EZPW,2017-04-11,8.649999618530273,8.899999618530273,8.649999618530273,8.699999809265137,357500.0,37.2363908152879,33.12497821589773,35.31459419785189,36.00348227915007,45.169162087596035,2.22,35.0,-1.2,1.29
EZPW,2017-04-12,8.699999809265137,8.899999618530273,8.5,8.550000190734863,344900.0,35.60481921729217,33.05395356784471,35.392572898980504,36.03568808601147,44.497105072402775,2.1,40.0,-1.19,1.26
EZPW,2017-04-13,8.550000190734863,8.699999809265137,8.399999618530273,8.449999809265137,201900.0,35.465410544741374,32.77543973447514,35.407768454986574,36.03575812523721,44.51933405415635,1.96,41.0,-1.17,1.25
EZPW,2017-04-17,8.5,8.630000114440918,8.399999618530273,8.449999809265137,204200.0,35.465410544741374,32.23066354835639,35.181088305208505,35.99916935314223,44.467531865418955,1.82,32.0,-1.14,1.33
EZPW,2017-04-18,8.449999809265137,8.699999809265137,8.449999809265137,8.699999809265137,273500.0,35.69493285367608,32.66133424600842,35.499413374004384,36.16105083724167,44.42396072937804,1.68,46.0,-1.1,1.23
EZPW,2017-04-19,8.800000190734863,8.800000190734863,8.5,8.699999809265137,235900.0,35.02696693849557,32.6318933281283,35.28534109918439,36.16028862184607,44.35475470831054,1.51,34.0,-1.07,1.31
EZPW,2017-04-20,8.75,8.899999618530273,8.699999809265137,8.850000381469727,287000.0,35.1416254683989,32.37778577400449,35.409812466999476,36.21202941507814,44.2705010524584,1.34,44.0,-1.04,1.26
EZPW,2017-04-21,8.850000381469727,8.949999809265137,8.75,8.800000190734863,176600.0,35.13673850127578,32.28982936038132,35.33603036180319,36.12369202617145,44.26340023038129,1.14,38.0,-0.99,1.3
EZPW,2017-04-24,9.0,9.25,8.869999885559082,9.199999809265137,355900.0,37.178547987619304,33.3113176549391,36.032842250136646,36.50888676292689,43.99855701821135,1.14,62.0,-0.93,1.17
EZPW,2017-04-25,9.25,9.5,9.050000190734863,9.449999809265137,255100.0,37.495304877327904,33.7373681393548,36.31957629181465,36.646888167547196,43.91334969987989,1.14,67.0,-0.86,1.07
EZPW,2017-04-26,9.399999618530272,9.449999809265137,9.199999809265137,9.350000381469728,265900.0,37.630409104590676,33.74087920281409,35.74253162314503,36.65108902485743,43.93388165091092,1.14,55.0,-0.82,1.21
EZPW,2017-04-27,9.399999618530272,9.479999542236328,9.199999809265137,9.300000190734863,165300.0,36.739402203045245,33.12015391967012,35.74451636123541,36.648669289871755,43.88250610103264,1.14,55.0,-0.77,1.21
EZPW,2017-04-28,9.300000190734863,9.300000190734863,9.0,9.050000190734863,174600.0,37.659159167829934,33.525511312769176,35.76279128128844,36.74681160116927,43.96151418171907,1.14,57.0,-0.7,1.21
EZPW,2017-05-01,9.100000381469728,9.100000381469728,8.800000190734863,8.899999618530273,190200.0,38.01684205819344,33.66205732176846,35.82024078250249,36.795637949363574,43.98113513008811,1.14,58.0,-0.63,1.18
EZPW,2017-05-02,8.949999809265137,9.050000190734863,8.800000190734863,8.949999809265137,198100.0,37.9266974593208,33.57636980600421,35.34889245467497,36.75764891252706,43.98078400611307,1.14,39.0,-0.65,1.32
EZPW,2017-05-03,8.850000381469727,8.850000381469727,8.649999618530273,8.649999618530273,397500.0,38.94924774892583,33.86984314611437,35.678940793566696,36.22672162364741,44.06262289459403,1.14,48.0,-0.72,1.19
EZPW,2017-05-04,8.899999618530273,9.899999618530272,8.5,8.800000190734863,605300.0,38.64244239236262,33.83097042535852,35.82351252969844,36.042547173756965,44.07955763917653,1.14,58.0,-0.84,1.13
EZPW,2017-05-05,8.800000190734863,9.050000190734863,8.75,9.0,257800.0,38.18358820808619,34.154115392185865,36.046612746918505,35.20555562839742,43.8970461824446,1.13,62.0,-1.04,1.05
EZPW,2017-05-08,9.0,9.029999732971191,8.699999809265137,8.899999618530273,228700.0,37.50723054864716,34.22442361662306,34.39665060632072,35.196030637130036,43.69854563504071,1.14,15.0,-1.01,0.89
EZPW,2017-05-09,8.949999809265137,8.970000267028809,8.699999809265137,8.850000381469727,238700.0,37.596649381951266,33.55724589051445,33.937670621106186,35.189150938294965,43.644036540142004,1.14,3.0,-0.95,1.03
EZPW,2017-05-10,8.75,8.880000114440918,8.600000381469727,8.800000190734863,257800.0,37.67589638121064,32.72053693296902,33.94003619734922,35.13960744767292,41.67784803677967,1.15,4.0,-0.89,1.03
EZPW,2017-05-11,8.800000190734863,8.949999809265137,8.6899995803833,8.75,222200.0,36.36758145501832,32.668489785411026,33.9229391445776,35.14130521003966,41.04230384438314,1.16,2.0,-0.82,1.03
EZPW,2017-05-12,8.699999809265137,8.729999542236328,8.649999618530273,8.699999809265137,237700.0,34.61206945183392,32.65938043456433,33.92770837713853,34.81378364630183,40.71017608762834,1.16,3.0,-0.75,1.03
EZPW,2017-05-15,8.649999618530273,8.800000190734863,8.5,8.550000190734863,202200.0,34.95497221648771,32.770527735447786,33.9955124959657,34.79771939958823,40.69854818217405,1.17,7.0,-0.68,1.01
EZPW,2017-05-16,8.550000190734863,8.699999809265137,8.5,8.649999618530273,200100.0,35.07107288431479,32.78072749430429,33.71144425673131,34.79964732330702,40.66512941571679,1.17,1.0,-0.6,1.1
EZPW,2017-05-17,8.449999809265137,8.649999618530273,8.399999618530273,8.399999618530273,303600.0,36.16445498941091,33.23324396993768,33.97019773275003,34.88344179253423,40.75229706857345,1.17,8.0,-0.52,1.01
EZPW,2017-05-18,8.399999618530273,8.550000190734863,8.399999618530273,8.449999809265137,449200.0,34.83732526024164,33.25305721309058,33.94226225329197,34.860206090337655,40.7548159212613,1.17,8.0,-0.43,1.02
EZPW,2017-05-19,8.449999809265137,8.600000381469727,8.399999618530273,8.5,220600.0,34.84315889630058,33.28298924532228,33.91573550171184,34.85754409655319,40.721615405122854,1.17,3.0,-0.33,1.03
EZPW,2017-05-22,8.5,8.600000381469727,8.399999618530273,8.5,223000.0,30.00229115127022,33.26955068913834,33.57253972245723,34.80274989607933,40.54581860373136,1.17,1.0,-0.28,1.16
EZPW,2017-05-23,8.550000190734863,8.649999618530273,8.449999809265137,8.649999618530273,119400.0,28.624815302348473,33.39310903369925,33.67099775307321,34.59802761045904,40.320958657017385,1.17,2.0,-0.19,1.12
EZPW,2017-05-24,8.600000381469727,8.699999809265137,8.449999809265137,8.449999809265137,232700.0,29.352733406861976,33.245114496688586,33.73874514315479,34.6959052965202,40.35204872554902,1.16,4.0,-0.18,1.09
EZPW,2017-05-25,8.5,8.75,8.399999618530273,8.649999618530273,258000.0,29.747639020395724,32.596987032663094,33.823290368245026,34.81758680162871,40.41308317122618,1.15,5.0,-0.08,1.06
EZPW,2017-05-26,8.600000381469727,8.699999809265137,8.479999542236328,8.699999809265137,268700.0,29.558593833089354,32.46140292059871,33.84468137119505,34.81517759370452,40.34664685192868,1.13,6.0,0.0,1.05
EZPW,2017-05-30,8.649999618530273,8.649999618530273,8.5,8.5,239700.0,30.38211129985802,32.79233349163793,33.67000667340434,34.37703642192867,40.40872954754322,1.12,2.0,-0.14,1.11
EZPW,2017-05-31,8.550000190734863,8.550000190734863,8.350000381469727,8.5,244900.0,29.115897717383525,32.298121152266894,33.51020369181822,34.001995793953476,40.36664466891218,1.1,1.0,-0.18,1.17
EZPW,2017-06-01,8.5,8.699999809265137,8.5,8.649999618530273,267600.0,29.59386915737115,32.15439420381086,33.63695952846047,33.90119902648834,40.40063059466911,1.1,3.0,-0.21,1.12
EZPW,2017-06-02,8.550000190734863,9.029999732971191,8.550000190734863,8.949999809265137,368100.0,30.840631828415965,32.79307705993749,33.93636845271255,34.132889428849495,40.52575978357814,1.1,15.0,-0.16,1.04
EZPW,2017-06-05,8.899999618530273,8.930000305175781,8.569999694824219,8.649999618530273,205300.0,32.386334316861934,33.54505606068,33.983049712707334,34.115529417771086,40.65806667667389,1.1,20.0,-0.38,1.03
EZPW,2017-06-06,8.550000190734863,8.699999809265137,8.449999809265137,8.600000381469727,147400.0,29.45798486168866,33.54365166348662,33.98563733299396,34.080577454230074,40.34177187381655,1.11,21.0,-0.74,1.03
EZPW,2017-06-07,8.600000381469727,8.75,8.5,8.699999809265137,268800.0,28.46558820352329,33.515615078504425,31.76793979881203,34.11020747528378,40.34561369032584,1.14,1.0,-0.66,0.02
EZPW,2017-06-08,8.75,9.149999618530272,8.699999809265137,9.050000190734863,332600.0,30.860363827839837,34.39834008962127,32.41597009894168,34.4382654542063,40.495506315471474,1.15,2.0,-0.6,-0.1
EZPW,2017-06-09,9.100000381469728,9.449999809265137,9.100000381469728,9.300000190734863,399800.0,31.89778486358607,34.34682288838384,32.56118983603718,34.59452884217866,40.37385872780453,1.16,3.0,-0.57,-0.17
EZPW,2017-06-12,9.300000190734863,9.5,9.199999809265137,9.199999809265137,188100.0,31.021246092113174,34.287641613615676,32.42876133926115,34.60135662953919,40.35879592766584,1.17,3.0,-0.53,-0.1
EZPW,2017-06-13,9.300000190734863,9.31999969482422,9.050000190734863,9.050000190734863,191600.0,31.00805529721999,34.456728934917216,32.160764112641914,34.54998282510169,40.375231942229206,1.18,2.0,-0.47,-0.07
EZPW,2017-06-14,9.100000381469728,9.130000114440918,8.800000190734863,9.050000190734863,207200.0,30.97133710404791,34.38991016460473,32.05648209669298,34.488483304797384,40.27911755022304,1.2,2.0,-0.4,-0.02
EZPW,2017-06-15,9.0,9.149999618530272,8.880000114440918,8.949999809265137,154300.0,29.42673259052268,34.239017061136806,32.08553194432044,34.48841069027805,40.293309712707845,1.21,3.0,-0.31,-0.01
EZPW,2017-06-16,8.850000381469727,9.050000190734863,8.75,9.050000190734863,396500.0,29.1902362269297,34.019412713815164,31.86693792558435,33.95672885811386,40.20753747270045,1.22,2.0,-0.29,0.06
EZPW,2017-06-19,9.050000190734863,9.100000381469728,8.899999618530273,9.0,274800.0,28.515344552746,33.51589299313712,31.826498003763387,33.567850377673,40.02245401854914,1.23,2.0,-0.35,0.09
EZPW,2017-06-20,9.0,9.0,8.75,8.949999809265137,191000.0,28.370450749091848,33.095117444967904,31.60012703966387,33.44197593628124,39.79226943557847,1.24,1.0,-0.3,0.14
EZPW,2017-06-21,8.899999618530273,8.979999542236328,8.649999618530273,8.75,325500.0,29.089927318269638,33.46191229680643,31.753461778789966,33.52265615177843,39.85670734961582,1.25,2.0,-0.22,0.1
EZPW,2017-06-22,8.800000190734863,9.0,8.75,9.0,140500.0,30.187854933348255,33.89388835064355,32.052980719982436,33.4400026131857,39.822501941849836,1.26,6.0,-0.15,-0.01
EZPW,2017-06-23,8.949999809265137,9.100000381469728,8.800000190734863,9.100000381469728,370600.0,30.267184803447776,33.172586169894245,31.71201553062148,33.44420123715271,39.26811392908503,1.26,2.0,-0.21,0.08
EZPW,2017-06-26,9.100000381469728,9.199999809265137,8.899999618530273,9.149999618530272,144500.0,30.215006664006715,32.219700395740944,31.714177169508563,33.30791994159539,39.27047775437306,1.26,3.0,-0.4,0.08
EZPW,2017-06-27,9.199999809265137,9.199999809265137,9.0,9.100000381469728,237300.0,29.75534657100524,32.18548897872942,31.7157430015781,33.296469343278346,38.188004139119144,1.28,4.0,-0.62,0.08
EZPW,2017-06-28,8.300000190734863,8.319999694824219,7.679999828338623,7.699999809265137,3383700.0,57.19016566844737,47.267609013514786,41.20608847828479,38.60394336383053,41.66553619615399,1.44,100.0,-0.68,14.69
EZPW,2017-06-29,7.75,7.75,7.550000190734863,7.650000095367432,2358700.0,56.68800696952439,47.26936483966732,41.037658159000415,38.60728413746031,41.41836107360676,1.58,99.0,-0.61,15.04
EZPW,2017-06-30,7.599999904632568,7.989999771118164,7.599999904632568,7.699999809265137,3110500.0,56.69630209600912,46.864555450434096,40.94525042739394,38.437747824909316,41.318339347486685,1.7,98.0,-0.6,15.3
EZPW,2017-07-03,7.699999809265137,7.800000190734863,7.650000095367432,7.699999809265137,446500.0,56.64069691747097,46.864555450434096,40.942453800142324,38.437747824909316,41.3150358854517,1.82,97.0,-0.6,15.32
EZPW,2017-07-05,7.699999809265137,7.800000190734863,7.599999904632568,7.699999809265137,2219900.0,56.64069691747097,45.04468257474928,40.942453800142324,38.43831573521585,41.2278522762597,1.92,96.5,-0.62,15.32
EZPW,2017-07-06,7.699999809265137,8.0,7.650000095367432,7.849999904632568,1458000.0,56.70047759599331,44.60579749278973,40.72601992205237,38.5101919040376,41.14946706380514,2.01,95.0,-0.71,15.64
EZPW,2017-07-07,7.900000095367432,7.949999809265137,7.699999809265137,7.849999904632568,511200.0,56.38225279177341,44.58069373593535,40.32981137178269,38.49215210631268,38.19319679477115,2.08,94.0,-0.76,16.49
EZPW,2017-07-10,7.849999904632568,7.900000095367432,7.75,7.75,458000.0,55.914572448255875,44.52183603292508,40.34208144575231,38.51021922126562,38.20380454282421,2.15,94.0,-0.81,16.46
EZPW,2017-07-11,7.800000190734863,7.800000190734863,7.599999904632568,7.650000095367432,252100.0,55.90399333109316,44.534414606587404,40.366027552336966,38.52846260482088,38.102820924296275,2.22,94.0,-0.82,16.35
EZPW,2017-07-12,7.599999904632568,7.75,7.579999923706055,7.599999904632568,562200.0,55.62038484789876,44.544264636380134,40.34644715131765,38.52510563228639,37.83579214125523,2.28,93.0,-0.83,16.4
EZPW,2017-07-13,7.599999904632568,7.75,7.599999904632568,7.650000095367432,642000.0,55.691029055277355,44.11285272915879,40.31696306332112,38.53779149122322,37.77805026074651,2.35,90.0,-0.86,16.44
EZPW,2017-07-14,7.599999904632568,7.699999809265137,7.599999904632568,7.699999809265137,344300.0,55.42145389218383,44.14656518175472,40.311058617767095,38.51494792287249,37.77839516348399,2.4,89.0,-0.9,16.52
EZPW,2017-07-17,7.650000095367432,7.75,7.599999904632568,7.599999904632568,521900.0,54.28760554256006,44.02095449192524,40.34744018397946,38.47159961035811,37.661665369367306,2.46,93.0,-0.92,16.42
EZPW,2017-07-18,7.650000095367432,7.849999904632568,7.579999923706055,7.849999904632568,450300.0,54.65634660660045,44.59181166563609,40.70748177805197,38.61837986755207,37.776864534592534,2.53,94.0,-0.96,15.89
EZPW,2017-07-19,7.800000190734863,8.050000190734863,7.75,8.0,553500.0,55.02415861541399,43.757516777174054,40.82867819054392,38.609760494678966,37.82270357771047,2.59,95.0,-0.99,15.77
EZPW,2017-07-20,8.0,8.100000381469727,7.849999904632568,7.900000095367432,343500.0,54.93625453815486,43.380096483260765,40.82119204531453,38.535871382947064,37.75316271827266,2.65,94.0,-1.01,15.69
EZPW,2017-07-21,8.0,8.050000190734863,7.900000095367432,8.0,365500.0,53.660590792243646,43.46602256488024,40.65478223130265,38.569969375759285,37.734035279686864,2.7,91.0,-1.04,16.14
EZPW,2017-07-24,7.949999809265137,8.0,7.849999904632568,7.900000095367432,387500.0,52.87376130966863,43.51075679558024,40.18629529323968,38.57853229379565,37.72852128592622,2.74,83.0,-1.06,16.78
EZPW,2017-07-25,7.949999809265137,8.100000381469727,7.900000095367432,7.949999809265137,396300.0,52.95535413836462,43.24539484573323,40.13193314668529,38.57249772136382,37.66163604174762,2.78,82.0,-1.06,16.98
EZPW,2017-07-26,7.949999809265137,8.100000381469727,7.900000095367432,8.0,308200.0,52.93316768342542,43.171476166358175,40.14920399797092,38.57508314112241,37.65011889643459,2.82,82.0,-1.07,16.97
EZPW,2017-07-27,8.0,8.050000190734863,7.900000095367432,7.949999809265137,309100.0,52.92204608107173,43.15335981822629,39.92429868298142,38.493916548303645,37.637013120693794,2.85,80.0,-1.08,17.5
EZPW,2017-07-28,7.949999809265137,8.149999618530273,7.949999809265137,8.0,275400.0,52.9679529452457,42.66018536189077,39.78135056065463,38.434008385795124,37.61858562357007,2.88,79.0,-1.11,17.91
EZPW,2017-07-31,8.050000190734863,8.050000190734863,7.800000190734863,7.800000190734863,649200.0,53.13238891295457,42.762485176527214,39.93548829455906,38.21659585038895,37.69544576186304,2.91,80.0,-1.14,17.54
EZPW,2017-08-01,8.300000190734863,8.5,8.0600004196167,8.399999618530273,2373100.0,57.860409570139325,45.26148607764606,41.65781313439458,38.70703964061331,38.42804679998217,2.97,100.0,-1.14,15.29
EZPW,2017-08-02,8.449999809265137,8.550000190734863,8.350000381469727,8.449999809265137,1715300.0,57.89996414093452,45.235454193845754,41.657251677462355,38.445325032504755,38.42870534611544,3.02,99.0,-1.14,15.33
EZPW,2017-08-03,8.399999618530273,8.5,8.279999732971191,8.399999618530273,446100.0,57.58323906731193,45.23685174282893,41.62308880852495,38.407170236496164,38.36889220257728,3.07,98.0,-1.14,15.41
EZPW,2017-08-04,8.800000190734863,8.880000114440918,8.649999618530273,8.75,1244700.0,58.25980167265925,46.02275454269261,42.10664009700458,38.72683085269139,38.5892124944218,3.13,100.0,-1.14,14.78
EZPW,2017-08-07,8.899999618530273,8.899999618530273,8.649999618530273,8.850000381469727,1497300.0,58.26548598410313,46.066842785691854,41.94297800765545,38.754130882012575,38.60661800889904,3.19,99.0,-1.13,15.17
EZPW,2017-08-08,8.850000381469727,9.100000381469728,8.800000190734863,9.050000190734863,730100.0,58.630641128522996,46.27165611788831,41.987427783211665,38.84322031772128,38.65990281533499,3.24,99.0,-1.15,15.11
EZPW,2017-08-09,9.050000190734863,9.050000190734863,8.75,8.800000190734863,524400.0,59.162726409336805,46.499252335398666,42.22557444654594,38.87149486186822,38.75532182881666,3.29,100.0,-1.14,14.65
EZPW,2017-08-10,8.800000190734863,9.0,8.75,8.899999618530273,968100.0,32.074759117969876,46.495937417553534,42.2191612877263,38.88163704103961,38.74320008397007,3.34,99.0,-1.14,14.66
EZPW,2017-08-11,8.850000381469727,9.100000381469728,8.8100004196167,9.0,886700.0,31.940630809646624,46.126532839086835,42.13668104738441,38.81293554735582,38.757091394732704,3.39,98.0,-1.14,14.89
EZPW,2017-08-14,9.100000381469728,9.149999618530272,9.0,9.100000381469728,924900.0,31.981190694081572,46.161095121915146,42.043782227154026,38.835123719422825,38.7426856825214,3.43,96.0,-1.12,15.15
EZPW,2017-08-15,9.199999809265137,9.199999809265137,8.979999542236328,9.0,421200.0,32.307067243048046,46.21859994615177,41.81704655685483,38.80597098479661,38.25410342855244,3.47,93.0,-1.11,15.38
EZPW,2017-08-16,9.0,9.199999809265137,8.949999809265137,8.949999809265137,713400.0,32.42512187267508,46.2376025378369,41.62539721103653,38.760949943560234,38.09032853667103,3.51,90.0,-1.08,15.78
EZPW,2017-08-17,8.949999809265137,9.0,8.75,8.75,471400.0,33.08853171513377,46.35149640138832,41.78759693543628,38.841311028758206,37.52593209552189,3.54,92.0,-1.04,15.4
EZPW,2017-08-18,8.649999618530273,8.880000114440918,8.15999984741211,8.800000190734863,558400.0,33.075600919727584,46.10202199382289,41.785951988835215,38.54696642011966,37.51020104744028,3.57,91.0,-1.0,15.4
EZPW,2017-08-21,8.699999809265137,8.880000114440918,8.649999618530273,8.800000190734863,350800.0,32.72233889007371,45.85832034179273,41.39210126763811,38.546017911896904,37.50276737407424,3.6,86.0,-0.99,15.95
EZPW,2017-08-22,8.899999618530273,8.949999809265137,8.800000190734863,8.850000381469727,258700.0,32.31325968199823,45.85782496237767,40.96902780804913,38.443198238819704,37.47274201819961,3.62,83.0,-0.95,16.85
EZPW,2017-08-23,8.850000381469727,8.949999809265137,8.850000381469727,8.899999618530273,321200.0,32.131711352898215,45.605881359303154,40.93533548725802,38.44604492343136,37.47630167796437,3.65,79.0,-0.91,16.89
EZPW,2017-08-24,9.0,9.149999618530272,8.979999542236328,9.0,208200.0,32.17568486773928,45.65532087413461,40.967633502161554,38.23652728250207,37.26904405217943,3.67,82.0,-0.88,16.87
EZPW,2017-08-25,9.0,9.149999618530272,8.949999809265137,9.050000190734863,279700.0,32.174036438731854,45.53592097281778,40.95777021417039,38.23956224641609,37.2282224458359,3.69,81.0,-0.84,16.93
EZPW,2017-08-28,9.050000190734863,9.149999618530272,8.899999618530273,9.0,892500.0,31.87121024497358,45.01793785160332,40.64080719842422,38.241189249618316,37.210568429244304,3.7,71.0,-0.77,17.63
EZPW,2017-08-29,9.0,9.100000381469728,8.949999809265137,9.050000190734863,436600.0,30.84811677923634,44.461715023724665,40.64557916172997,38.2498279158353,37.16504781881172,3.71,71.0,-0.69,17.64
EZPW,2017-08-30,9.100000381469728,9.100000381469728,8.949999809265137,9.050000190734863,382400.0,30.57833000066596,44.44110401053792,39.47797615241471,37.356935691914046,37.1448899606917,3.71,56.0,-0.67,19.57
EZPW,2017-08-31,9.100000381469728,9.25,9.0,9.050000190734863,285600.0,30.19669074631213,44.38521789351114,39.088688510829996,37.10856355934925,37.1377130286033,3.71,55.0,-0.68,20.28
EZPW,2017-09-01,9.0,9.229999542236328,9.0,9.199999809265137,176700.0,30.30661522434206,43.77282022122278,39.16227609865084,37.16188007050528,37.13690798365036,3.71,55.0,-0.7,20.15
EZPW,2017-09-05,9.149999618530272,9.25,8.949999809265137,9.100000381469728,286500.0,30.228748910863914,43.46610126219251,39.10026204586367,37.166778326023945,36.973891404709306,3.71,54.0,-0.7,20.33
EZPW,2017-09-06,9.199999809265137,9.199999809265137,9.0,9.050000190734863,209200.0,30.36830127032717,43.42522994255521,39.0624050153735,37.17094724163673,36.97482320744138,3.71,52.0,-0.69,20.45
EZPW,2017-09-07,9.100000381469728,9.199999809265137,8.850000381469727,9.149999618530272,383200.0,30.425383186669425,43.3528870579873,39.096430196204444,37.18172891415583,36.99268186079013,3.71,53.0,-0.68,20.41
EZPW,2017-09-08,9.149999618530272,9.199999809265137,9.0,9.199999809265137,330500.0,30.25479257897513,43.36628746083145,38.83896524709496,37.02460965759419,36.98853487463628,3.71,50.0,-0.69,20.91
EZPW,2017-09-11,9.25,9.300000190734863,9.06999969482422,9.149999618530272,278700.0,30.39792431910435,43.3182965965747,38.850593996627204,37.02289799312758,36.62289851967632,3.7,50.0,-0.7,20.86
EZPW,2017-09-12,9.25,9.300000190734863,9.149999618530272,9.25,268300.0,29.097263946644063,43.315766141229496,38.79545981188938,37.01447823393592,36.3964110896717,3.7,48.0,-0.72,20.96
EZPW,2017-09-13,9.25,9.449999809265137,9.25,9.399999618530272,613900.0,20.96330730972494,43.41648151788829,38.86190052910977,37.04830917947989,36.31487830763871,3.7,50.0,-0.73,20.9
EZPW,2017-09-14,9.449999809265137,9.56999969482422,9.300000190734863,9.350000381469728,541100.0,21.115059428185265,43.41503598738702,38.232382787234684,36.89581301791881,36.30505558870404,3.69,46.0,-0.73,22.15
EZPW,2017-09-15,9.350000381469728,9.5,9.350000381469728,9.399999618530272,510800.0,20.93519393999709,43.150560021483905,38.00264063539374,36.870446747658,36.147906727760386,3.69,45.0,-0.74,22.64
EZPW,2017-09-18,9.399999618530272,9.550000190734863,9.390000343322754,9.399999618530272,237200.0,17.75519991711229,42.78298478268273,37.96471810276525,36.82961711654992,36.11870234703808,3.69,44.0,-0.74,22.79
EZPW,2017-09-19,9.399999618530272,9.5,9.350000381469728,9.449999809265137,637200.0,17.574981206894886,42.739945289846624,37.96375175749255,36.74009006436612,36.12105544847158,3.69,43.0,-0.73,22.85
EZPW,2017-09-20,9.5,9.800000190734863,9.5,9.699999809265137,677100.0,17.979370789742394,43.04799132511196,37.92809794187633,36.876382376986946,36.214906924311514,3.68,42.0,-0.7,23.23
EZPW,2017-09-21,9.699999809265137,9.699999809265137,9.5,9.699999809265137,423700.0,15.54150354695692,43.02755454375495,37.8255045700367,36.72243158800588,36.21473598026059,3.68,41.0,-0.68,23.6
EZPW,2017-09-22,9.649999618530272,9.899999618530272,9.630000114440918,9.850000381469728,275400.0,15.76631832990994,25.08385612265862,37.88816468537763,36.67364242279608,36.23648243251555,3.67,41.0,-0.64,23.48
EZPW,2017-09-25,9.800000190734863,10.050000190734863,9.800000190734863,10.0,1327700.0,15.975521295759737,25.08441058793272,37.5329436781513,36.70423521867996,36.20112345461219,3.67,39.0,-0.55,24.72
EZPW,2017-09-26,9.949999809265137,10.100000381469728,9.850000381469728,9.850000381469728,984500.0,16.68660240673729,25.398562324389417,37.53840524678736,36.63974193655716,36.18816600063125,3.66,39.0,-0.55,24.52
EZPW,2017-09-27,9.850000381469728,10.050000190734863,9.850000381469728,10.0,385500.0,16.543734450577713,25.48297262906416,37.44995959774523,36.52497917310228,36.20255490710248,3.66,37.0,-0.52,24.74
EZPW,2017-09-28,10.0,10.350000381469728,10.0,10.25,846200.0,17.402769197740803,25.803137737689763,37.58444748169424,36.64107240088214,35.917642426906994,3.64,39.0,-0.4,24.55
EZPW,2017-09-29,10.25,10.350000381469728,9.399999618530272,9.5,1204900.0,28.176079508180084,30.477161446059736,39.52912835540119,36.56741151101204,36.458314640001845,3.63,56.0,-0.45,20.12
EZPW,2017-10-02,9.600000381469728,9.779999732971191,9.43000030517578,9.699999809265137,601900.0,28.65159143345534,30.682714086719326,39.64402515151288,36.6517901974039,36.43973632180268,3.61,56.0,-0.51,19.98
EZPW,2017-10-03,9.649999618530272,9.729999542236328,9.0,9.449999809265137,1217900.0,29.881657627528664,31.103173468730372,39.86330189842895,36.70089310524609,36.521026617394284,3.6,57.0,-0.55,19.4
EZPW,2017-10-04,9.5,9.5,9.149999618530272,9.350000381469728,453500.0,30.098494503074168,31.054308291531648,39.89127521382595,36.638913973750036,36.356703643212676,3.58,57.0,-0.58,19.31
EZPW,2017-10-05,9.399999618530272,9.600000381469728,9.300000190734863,9.5,348100.0,30.357743485268486,31.089747118867493,39.85671929780755,36.503979043971555,36.378185928259214,3.56,55.0,-0.61,19.55
EZPW,2017-10-06,9.449999809265137,9.5,9.300000190734863,9.399999618530272,203400.0,30.452034358996986,31.221063097527406,39.8626712960631,36.47749917551458,36.29451380443137,3.54,55.0,-0.64,19.43
EZPW,2017-10-09,9.550000190734863,10.029999732971191,9.5,10.0,540400.0,35.1278310452531,33.43723579777257,40.72610179282815,37.20366509595079,36.81412663450187,3.53,74.0,-0.64,18.28
EZPW,2017-10-10,10.100000381469728,10.1899995803833,9.800000190734863,9.899999618530272,498900.0,35.25087123769762,33.37564371310723,40.7632654925565,37.101067508398444,36.78190801198623,3.51,74.0,-0.66,18.13
EZPW,2017-10-11,9.949999809265137,10.100000381469728,9.880000114440918,9.899999618530272,761700.0,35.255167050492716,32.872929566249795,40.75812333524597,37.081877688906815,36.78026546116106,3.5,73.0,-0.68,18.12
EZPW,2017-10-12,9.899999618530272,9.899999618530272,9.649999618530272,9.649999618530272,314600.0,36.210200815027115,33.26499204199291,40.984083600696124,37.085590661730436,36.743219180014236,3.48,83.0,-0.7,17.56
EZPW,2017-10-13,9.75,9.800000190734863,9.279999732971191,9.600000381469728,339000.0,36.268129437746694,33.150324841143245,40.913656452543314,37.07088033080952,36.746189640834665,3.45,75.0,-0.73,17.61
EZPW,2017-10-16,9.699999809265137,9.850000381469728,9.449999809265137,9.75,529600.0,36.236722754605026,33.190888939918395,40.78808710158789,37.095984455412555,36.78036705057967,3.43,72.0,-0.74,18.02
EZPW,2017-10-17,9.800000190734863,9.899999618530272,9.68000030517578,9.850000381469728,325100.0,36.1021722468014,33.05356381113919,40.660861738073386,36.935947852305276,36.78512573788566,3.41,66.0,-0.77,18.22
EZPW,2017-10-18,9.800000190734863,10.100000381469728,9.699999809265137,9.949999809265137,424000.0,36.079455167308225,33.075589750678134,40.67880983301852,36.95058001701029,36.78982869810671,3.38,66.0,-0.79,18.2
EZPW,2017-10-19,9.899999618530272,10.0,9.699999809265137,9.800000190734863,310800.0,36.38237605471756,33.29713644864731,40.57466198012767,36.98957163127106,36.81834095821769,3.35,61.0,-0.8,18.45
EZPW,2017-10-20,9.800000190734863,10.0,9.800000190734863,9.949999809265137,220000.0,36.5650069313159,33.321876281866345,40.63271204360593,36.98879662001319,36.850134437685576,3.31,61.0,-0.81,18.4
EZPW,2017-10-23,10.0,10.149999618530272,9.93000030517578,10.050000190734863,752600.0,36.54317076036438,33.342736141996774,40.575362211666295,36.87634070087597,36.85618768167629,3.28,60.0,-0.82,18.48
EZPW,2017-10-24,10.149999618530272,10.199999809265137,9.979999542236328,10.100000381469728,407600.0,36.474456933732085,32.786039404841354,40.2418553459967,36.79066178145458,36.858372189067836,3.25,51.0,-0.84,19.04
EZPW,2017-10-25,10.050000190734863,10.149999618530272,9.880000114440918,10.050000190734863,325000.0,36.32460822429678,29.428619641550917,39.85519162741972,36.78973851120246,36.82830330580176,3.21,41.0,-0.86,20.01
EZPW,2017-10-26,10.100000381469728,10.25,10.050000190734863,10.25,534600.0,36.59552071580931,29.62216806119229,39.94185094823689,36.86007634663173,36.82349470796852,3.17,47.0,-0.85,19.93
EZPW,2017-10-27,10.25,10.449999809265137,10.100000381469728,10.449999809265137,417100.0,36.894366341558126,29.740870516677127,40.00932145296234,36.73921968818419,36.817899698202055,3.09,47.0,-0.83,19.81
EZPW,2017-10-30,10.350000381469728,10.449999809265137,10.149999618530272,10.300000190734863,498500.0,37.25080448221202,28.935828133798204,39.63278814030692,36.50648349985122,36.77549724046679,3.02,36.0,-0.85,20.38
EZPW,2017-10-31,10.350000381469728,10.449999809265137,10.199999809265137,10.25,382600.0,37.31383776707923,28.919871365135553,39.424768279076496,36.486506794929305,36.69707946392398,2.94,33.0,-0.87,20.71
EZPW,2017-11-01,10.350000381469728,10.399999618530272,10.050000190734863,10.149999618530272,282600.0,36.80490310986676,28.724913928181834,39.41743092720688,36.50290286074405,36.710705533691915,2.86,32.0,-0.9,20.73
EZPW,2017-11-02,10.199999809265137,10.300000190734863,10.130000114440918,10.229999542236328,232200.0,36.847196210327596,28.06177616157461,39.332668904694316,36.486931096777354,36.70362822270684,2.77,31.0,-0.92,21.06
EZPW,2017-11-03,10.149999618530272,10.149999618530272,10.029999732971191,10.100000381469728,297400.0,36.84892790599428,28.173512041811943,39.39515868140669,36.50082656859426,36.71130417792608,2.67,31.0,-0.95,20.84
EZPW,2017-11-06,10.149999618530272,10.279999732971191,10.050000190734863,10.149999618530272,144900.0,36.62364118397798,28.11674212620806,39.350910660533835,36.47859134245739,36.71092714947721,2.57,30.0,-0.98,21.03
EZPW,2017-11-07,10.100000381469728,10.199999809265137,9.800000190734863,9.850000381469728,284400.0,37.42061485806346,28.802965816201255,39.62912022986633,36.6513283045858,36.77748602581723,2.45,35.0,-0.99,20.19
EZPW,2017-11-08,9.850000381469728,9.949999809265137,9.649999618530272,9.800000190734863,221900.0,37.16882732624771,28.719410053729145,39.62733412851678,36.65725428706023,36.7227329016073,2.32,34.0,-1.01,20.19
EZPW,2017-11-09,9.800000190734863,10.050000190734863,9.75,10.0,439900.0,36.92453850079999,28.936377246901895,39.73208221814249,36.724216400951335,36.550555199684084,2.17,37.0,-1.02,20.08
EZPW,2017-11-10,10.0,10.149999618530272,9.850000381469728,9.899999618530272,201700.0,29.45012290577666,28.595786126602356,39.591157698049685,36.72443589913833,36.166500198231844,2.02,32.0,-1.03,20.46
EZPW,2017-11-13,9.899999618530272,9.899999618530272,9.699999809265137,9.75,337100.0,29.235202743620363,28.80383712960789,39.439101989545456,36.615931864187786,36.00106457279134,1.86,29.0,-1.04,20.6
EZPW,2017-11-14,9.75,9.899999618530272,9.75,9.800000190734863,239000.0,28.17748892674731,28.809952560167694,39.411085306845514,36.3336366294673,35.977762726667386,1.67,26.0,-1.05,20.64
EZPW,2017-11-15,9.75,10.100000381469728,9.630000114440918,10.0,388600.0,28.466653956917305,29.046463495369956,39.52528290536009,36.352894007741895,36.03387910667721,1.45,30.0,-1.06,20.44
EZPW,2017-11-16,11.0,11.25,10.5,11.0,1791300.0,39.09654407750105,34.770890530519694,42.25600289809067,38.04127394468112,37.281479135139044,1.2,100.0,-0.98,16.87
EZPW,2017-11-17,11.0,11.229999542236328,10.850000381469728,11.149999618530272,1630300.0,38.891816639459726,34.796533430106265,32.46753607069678,37.90914305660346,37.29509533603895,1.42,1.0,-0.82,6.15
EZPW,2017-11-20,11.100000381469728,11.5,11.100000381469728,11.399999618530272,847900.0,35.45857574144273,35.00311931491778,32.55701941812097,37.876382758297616,37.29330276063253,1.6,2.0,-0.62,6.01
EZPW,2017-11-21,11.350000381469728,11.699999809265137,11.199999809265137,11.550000190734863,792100.0,35.27438297293198,34.99774509591631,32.58659623602123,37.86702439637771,37.30569119155545,1.76,3.0,-0.41,5.97
EZPW,2017-11-22,11.600000381469728,11.949999809265137,11.600000381469728,11.949999809265137,762500.0,36.21111216063337,35.529376584861204,32.92519273098973,38.04805494502848,37.397367527146045,1.89,4.0,-0.06,5.6
EZPW,2017-11-24,11.899999618530272,11.949999809265137,11.649999618530272,11.800000190734863,248500.0,35.407140782317185,35.69365653453831,33.0290113855842,38.07575191737643,37.41668099722942,2.0,5.0,0.08,5.51
EZPW,2017-11-27,11.850000381469728,11.949999809265137,11.699999809265137,11.850000381469728,634100.0,35.23686991620495,35.68179803189754,32.94103713189468,38.040369238571316,37.37828952202808,2.11,5.0,0.18,5.62
EZPW,2017-11-28,11.949999809265137,12.0,11.850000381469728,11.899999618530272,548100.0,35.152471968613874,35.59483705926511,32.934418854853966,38.029040112586365,37.33789249588354,2.21,5.0,0.24,5.62
EZPW,2017-11-29,11.899999618530272,12.050000190734863,11.899999618530272,12.050000190734863,602000.0,35.17934988574033,35.49095032629682,32.84743720871952,37.91512357495469,37.35514500526205,2.31,4.0,0.3,5.67
EZPW,2017-11-30,12.050000190734863,12.149999618530272,11.93000030517578,12.050000190734863,501700.0,35.21677838493838,35.44131434374742,32.736824201679084,37.866367304683806,37.14828690650787,2.41,4.0,0.32,5.77
EZPW,2017-12-01,12.100000381469728,12.199999809265137,11.850000381469728,12.100000381469728,428200.0,34.62851526386172,35.417782344952236,32.68849685363947,37.854088737374724,37.14776029131993,2.5,4.0,0.32,5.8
EZPW,2017-12-04,12.199999809265137,12.25,11.949999809265137,12.149999618530272,348000.0,34.550284649672726,35.41755821805751,32.68716615286104,37.83593714749817,37.055299199021874,2.58,4.0,0.3,5.81
EZPW,2017-12-05,12.25,12.25,11.899999618530272,12.050000190734863,327100.0,34.80139581733368,35.45646907306988,32.74956859962992,37.77678996845085,37.06281291252227,2.66,7.0,0.25,5.76
EZPW,2017-12-06,12.050000190734863,12.5,12.050000190734863,12.350000381469728,600300.0,35.21069465089248,35.67116121121348,32.78154679957084,37.785351720002716,36.982746027610546,2.73,8.0,0.22,5.68
EZPW,2017-12-07,12.399999618530272,12.399999618530272,12.050000190734863,12.050000190734863,215900.0,36.22093299863201,36.09390610982206,32.81175545104122,37.76552106363086,37.063395042089056,2.8,9.0,0.14,5.73
EZPW,2017-12-08,12.149999618530272,12.25,12.029999732971191,12.199999809265137,241100.0,36.04260437453073,36.07781676560515,32.75373291719723,37.64722486678869,37.08115476825943,2.86,8.0,0.06,5.8
EZPW,2017-12-11,12.300000190734863,12.3100004196167,12.100000381469728,12.25,422500.0,35.81579673290215,36.077393352066665,32.64281749100279,37.644937179169595,37.0832451647868,2.93,4.0,-0.01,5.9
EZPW,2017-12-12,12.300000190734863,12.399999618530272,12.25,12.300000190734863,676400.0,35.32694138555462,36.065765231686484,32.6163967100849,37.6426856282608,36.39978412029725,2.99,4.0,-0.09,5.94
EZPW,2017-12-13,12.300000190734863,12.40999984741211,12.149999618530272,12.25,333300.0,35.30665622144064,36.10780684960957,32.532185732821326,37.4289292598016,36.20575152737123,3.05,2.0,-0.18,6.01
EZPW,2017-12-14,12.199999809265137,12.25,11.649999618530272,11.899999618530272,914100.0,36.46872731739444,36.451877813011485,32.9588246491184,37.32889424499249,36.32259973848971,3.1,18.0,-0.28,5.67
EZPW,2017-12-15,11.899999618530272,12.449999809265137,11.880000114440918,12.25,1042800.0,37.10604252567545,36.818404734292386,33.194517109087315,37.444506180703016,36.4198346603509,3.14,20.0,-0.37,5.42
EZPW,2017-12-18,12.399999618530272,12.5,12.229999542236328,12.350000381469728,997100.0,36.678109054294254,36.752151520529864,33.156923849666796,37.449942382759225,36.427452419896554,3.18,20.0,-0.46,5.44
EZPW,2017-12-19,12.149999618530272,12.449999809265137,12.010000228881836,12.149999618530272,636500.0,37.27995534613961,36.90218173238839,33.31821817291993,37.501616035433635,36.452542684701434,3.22,22.0,-0.56,5.31
EZPW,2017-12-20,12.199999809265137,12.399999618530272,12.199999809265137,12.25,369700.0,35.68456725075112,36.71558968215453,32.98608613946809,37.29409573421364,36.35161762261004,3.27,19.0,-0.68,5.56
EZPW,2017-12-21,12.350000381469728,12.449999809265137,12.25,12.300000190734863,681500.0,35.50721562809787,36.637789360501884,31.0411679643186,37.29340849626536,36.35095089980928,3.33,1.0,-0.77,6.35
EZPW,2017-12-22,12.25,12.350000381469728,12.199999809265137,12.25,161900.0,35.45398081063949,36.398942122167135,31.064408799002912,36.628392533917264,36.323794491200914,3.39,2.0,-0.86,6.33
EZPW,2017-12-26,12.25,12.380000114440918,12.100000381469728,12.300000190734863,217600.0,35.10650478202955,32.466899062484714,31.02588774505397,36.41604053492286,36.3145674154406,3.44,1.0,-0.94,6.36
EZPW,2017-12-27,12.300000190734863,12.399999618530272,12.100000381469728,12.199999809265137,219300.0,34.769569275943866,32.380116250544184,30.508741544006597,36.43281841894495,36.2211617656182,3.5,1.0,-1.02,6.92
EZPW,2017-12-28,12.199999809265137,12.300000190734863,12.0,12.0,234100.0,35.45620021841336,32.05974654993635,30.642660773192652,36.42653902472719,36.232740864307154,3.55,2.0,-1.09,6.79
EZPW,2017-12-29,12.100000381469728,12.300000190734863,12.0,12.199999809265137,391000.0,35.35092333024566,32.01402029444094,30.563188772120814,36.43113598591741,36.24366216552755,3.6,2.0,-1.16,6.89
EZPW,2018-01-02,12.300000190734863,12.350000381469728,12.0,12.100000381469728,403400.0,23.546238400063462,32.026601733329436,30.211757383534998,36.45063611632896,36.176437117120685,3.65,1.0,-1.22,7.27
EZPW,2018-01-03,12.149999618530272,12.199999809265137,12.0,12.199999809265137,368400.0,23.392801220852533,31.891726415850997,30.194697326870042,36.31494971005257,36.18464169003383,3.69,1.0,-1.28,7.29
EZPW,2018-01-04,12.300000190734863,12.399999618530272,12.050000190734863,12.050000190734863,1178600.0,23.072732044603462,29.727600443907605,30.266761991246327,36.353439332959894,36.103844018825086,3.73,3.0,-1.33,7.23
EZPW,2018-01-05,12.100000381469728,12.100000381469728,11.949999809265137,12.100000381469728,408900.0,22.83922031646944,29.601303728002126,30.23937315636591,36.309047046366146,36.02869724504801,3.77,3.0,-1.38,7.28
EZPW,2018-01-08,12.149999618530272,12.149999618530272,11.800000190734863,11.899999618530272,702700.0,21.24296310336485,29.877521413438142,30.318139180549725,36.36391901333138,36.05606797614288,3.8,5.0,-1.42,7.18
EZPW,2018-01-09,11.899999618530272,12.050000190734863,11.800000190734863,12.0,1519900.0,21.040821295072085,29.291694723124383,30.30099816875748,36.015331580508224,35.981735673824474,3.83,5.0,-1.46,7.19
EZPW,2018-01-10,12.0,12.149999618530272,11.880000114440918,11.949999809265137,275600.0,21.054480584761926,29.279316521592396,30.045902866963477,35.89487846105271,35.874876117474095,3.87,1.0,-1.5,7.48
EZPW,2018-01-11,11.949999809265137,12.149999618530272,11.899999618530272,12.100000381469728,703000.0,21.323043708118508,29.23346777293363,30.07995736144103,35.89079684724258,35.89118621518337,3.89,2.0,-1.54,7.43
EZPW,2018-01-12,12.199999809265137,12.300000190734863,11.949999809265137,12.050000190734863,1244000.0,21.05545037084256,29.24285016862734,30.09829292851393,35.88783307629718,35.00745753436024,3.92,3.0,-1.58,7.41
EZPW,2018-01-16,12.149999618530272,12.300000190734863,12.0,12.100000381469728,533500.0,21.0896249138556,29.20965737868081,30.09601298703769,35.72639372548949,35.008932463017814,3.95,3.0,-1.61,7.41
EZPW,2018-01-17,12.199999809265137,12.329999923706056,12.100000381469728,12.300000190734863,250000.0,21.584891338884066,29.074399559042824,30.167205619651867,35.70204913132449,34.97683225230993,3.98,5.0,-1.64,7.3
EZPW,2018-01-18,12.300000190734863,12.300000190734863,11.850000381469728,11.850000381469728,405700.0,24.16838174402024,30.16306762174952,30.81598582595918,35.99690813194101,35.12928856474773,3.99,15.0,-1.66,6.7
EZPW,2018-01-19,11.850000381469728,12.100000381469728,11.850000381469728,12.100000381469728,625400.0,24.85583011480715,30.354007032741574,30.947224899577634,35.81758104039476,35.04060652510867,4.0,16.0,-1.68,6.53
EZPW,2018-01-22,12.0,12.020000457763672,11.75,11.75,391700.0,25.15937248570575,31.06997384998248,31.340970583043564,35.9602741323656,35.13996250122889,4.0,20.0,-1.7,6.16
EZPW,2018-01-23,11.800000190734863,11.949999809265137,11.649999618530272,11.850000381469728,366700.0,24.352788207893607,31.053750480239927,31.35128021530365,35.883982825878505,35.14566211649189,4.0,21.0,-1.71,6.14
EZPW,2018-01-24,11.850000381469728,11.949999809265137,11.699999809265137,11.850000381469728,560100.0,24.044045834531914,30.856062776967224,31.35128021530365,35.852643734674416,35.05847366031199,4.02,21.5,-1.73,6.14
EZPW,2018-01-25,11.850000381469728,12.0,11.800000190734863,12.0,492000.0,24.32353651152875,30.728904548666332,31.387319592725692,35.86573921419166,35.06629362529339,4.03,23.0,-1.74,6.09
EZPW,2018-01-26,12.0,12.050000190734863,11.850000381469728,12.0,329700.0,24.282874881960428,30.534268955334664,31.314176329856075,35.85564054253856,34.96988644014636,4.04,20.0,-1.75,6.19
EZPW,2018-01-29,11.949999809265137,11.949999809265137,11.699999809265137,11.800000190734863,336900.0,24.707720280839222,30.755339567039208,31.39289649846199,35.91205897360408,34.99681186827993,4.05,25.0,-1.75,6.11
EZPW,2018-01-30,11.800000190734863,11.899999618530272,11.699999809265137,11.800000190734863,230000.0,23.265964557377075,30.655365395467726,31.36884953841979,35.90185230604463,34.979030926582865,4.06,24.0,-1.76,6.13
EZPW,2018-01-31,11.850000381469728,12.050000190734863,11.699999809265137,11.800000190734863,459300.0,21.550793948483555,30.639167403033053,31.343013629813193,35.83060071131328,34.84959359387491,4.07,22.0,-1.77,6.17
EZPW,2018-02-01,12.5,13.550000190734863,12.40999984741211,13.5,6390500.0,44.876244656772414,40.743791609658935,37.706208309389446,39.10970541384929,37.33128845357094,4.06,55.0,-1.63,10.7
EZPW,2018-02-02,13.600000381469728,13.75,12.699999809265137,13.0,1023600.0,46.08903752117168,41.667550807334145,38.25305999412079,39.21852303087049,37.5289597582274,4.06,63.0,-1.61,10.12
EZPW,2018-02-05,13.050000190734863,13.350000381469728,12.800000190734863,12.899999618530272,1015000.0,46.14157123649534,41.13492391913552,38.275880690683024,39.23460898722316,37.50353607971061,4.05,64.0,-1.6,10.14
EZPW,2018-02-06,12.699999809265137,13.279999732971191,12.5,13.100000381469728,663400.0,46.3078007867121,41.14515665179035,38.27009251001915,39.26273116126037,37.43162669760139,4.05,64.0,-1.57,10.15
EZPW,2018-02-07,13.100000381469728,13.350000381469728,13.0,13.199999809265137,504700.0,46.29619704597925,41.02503868103556,38.250742262997726,39.26648873227049,37.36829223424137,4.05,62.0,-1.53,10.14
EZPW,2018-02-08,13.199999809265137,13.399999618530272,13.100000381469728,13.199999809265137,1036600.0,46.29914152744132,40.92303669588019,38.253422117030524,39.22664338621233,37.36235945767352,4.05,63.0,-1.5,10.15
EZPW,2018-02-09,13.199999809265137,13.300000190734863,12.600000381469728,13.149999618530272,944400.0,46.230173569269574,40.74998950408592,38.26673743188632,39.113969720182894,37.36572575786858,4.05,63.0,-1.48,10.14
EZPW,2018-02-12,13.149999618530272,13.25,12.649999618530272,12.699999809265137,634600.0,47.17857952660571,41.5584190734653,38.741916760315526,39.28141277316737,37.41437291346191,4.06,65.0,-1.47,9.69
EZPW,2018-02-13,12.649999618530272,12.949999809265137,12.649999618530272,12.75,551700.0,46.979749465911894,41.42639455524581,38.56406502075384,39.27962576153073,37.2154340832098,4.06,64.0,-1.45,9.98
EZPW,2018-02-14,12.699999809265137,12.850000381469728,12.699999809265137,12.850000381469728,281100.0,46.92196303829622,36.81809137079313,38.56990804592645,39.16887297843999,37.20081747593002,4.07,64.0,-1.43,9.95
EZPW,2018-02-15,12.899999618530272,13.100000381469728,12.699999809265137,12.850000381469728,505500.0,46.887689092714965,36.7505583081942,38.51987255013988,39.16887297843999,37.19877485880791,4.07,62.0,-1.41,10.06
EZPW,2018-02-16,12.850000381469728,13.199999809265137,12.850000381469728,13.050000190734863,430200.0,46.85379110229403,36.6212812392513,38.52263008096808,39.1584307586851,37.20467871116895,4.08,62.0,-1.38,10.05
EZPW,2018-02-20,12.949999809265137,13.050000190734863,12.649999618530272,12.800000190734863,325500.0,47.28158870332854,36.814272209018014,38.57811709726119,39.05764194674133,37.25023632426976,4.08,64.0,-1.35,10.0
EZPW,2018-02-21,12.75,13.300000190734863,12.75,13.199999809265137,465400.0,47.6625323630006,36.697377916775054,38.78670918869996,38.9680092893216,37.34551980059001,4.09,65.0,-1.32,9.69
EZPW,2018-02-22,13.25,13.4399995803833,13.050000190734863,13.100000381469728,282500.0,47.74423059406582,36.628163862560555,38.660831709275755,38.9739146352559,37.34999601189073,4.1,63.0,-1.29,9.94
EZPW,2018-02-23,13.199999809265137,13.199999809265137,13.0,13.149999618530272,317800.0,47.697127535269395,36.627049911648484,36.5577810567155,38.95888006015469,37.350413334462544,4.08,51.0,-1.25,11.47
EZPW,2018-02-26,13.149999618530272,13.199999809265137,13.010000228881836,13.149999618530272,148300.0,47.623089258026035,36.625059245289535,36.45216837503049,38.7081454268839,37.34397148293452,4.06,51.0,-1.21,11.73
EZPW,2018-02-27,13.199999809265137,13.25,12.800000190734863,12.850000381469728,341700.0,48.17508974274277,36.89988807681793,36.39354956565352,38.70540329839253,37.41231645283424,4.04,51.0,-1.17,11.8
EZPW,2018-02-28,12.850000381469728,13.100000381469728,12.850000381469728,13.0,363900.0,48.250514643582484,36.96209605763784,36.35150462359801,38.69348707998538,37.3093264455066,4.02,51.0,-1.15,11.77
EZPW,2018-03-01,12.949999809265137,13.050000190734863,12.699999809265137,12.800000190734863,578600.0,48.33173415353382,37.11575064744906,36.415976759264346,38.68740213331869,37.15781595921694,3.99,53.0,-1.11,11.8
EZPW,2018-03-02,12.699999809265137,13.199999809265137,12.600000381469728,13.199999809265137,702400.0,47.62781093269735,37.61192647302573,36.61507025409592,38.83687504353048,37.23053231343118,3.97,56.0,-1.08,11.33
EZPW,2018-03-05,13.050000190734863,13.649999618530272,12.850000381469728,13.600000381469728,726000.0,47.98053521828823,38.00358020741529,35.65343916193695,38.94305333607548,37.33782964210103,3.93,51.0,-1.01,12.63
EZPW,2018-03-06,13.600000381469728,13.68000030517578,13.199999809265137,13.600000381469728,410400.0,46.956346263194646,37.712712832015924,35.594909549897515,38.92994844848431,37.21810841784801,3.9,51.0,-0.94,12.69
EZPW,2018-03-07,13.5,13.75,13.3100004196167,13.550000190734863,564100.0,47.00751657674647,37.33386507990315,35.60807315220964,38.92532828916016,37.138361382759506,3.86,52.0,-0.87,12.68
EZPW,2018-03-08,13.699999809265137,13.699999809265137,13.399999618530272,13.550000190734863,223400.0,47.00751657674647,37.27248303066061,35.313311746997975,38.91510307917394,37.11375866262703,3.81,51.0,-0.81,13.07
EZPW,2018-03-09,13.600000381469728,13.649999618530272,13.350000381469728,13.550000190734863,512100.0,46.96028066270011,37.2709367663098,35.290771712711354,38.803204549254744,37.10596655866833,3.77,51.0,-0.76,13.08
EZPW,2018-03-12,13.600000381469728,14.050000190734863,13.550000190734863,13.850000381469728,520900.0,47.224350684856354,37.4981435754495,35.36091551912132,38.75169012116133,37.15126927724373,3.73,53.0,-0.69,12.93
EZPW,2018-03-13,14.0,14.300000190734863,13.649999618530272,13.699999809265137,421600.0,47.019999749727006,37.57107332663232,35.41777020418066,38.76964821336402,37.14704740209488,3.69,54.0,-0.63,12.93
EZPW,2018-03-14,13.75,13.850000381469728,13.279999732971191,13.350000381469728,1648700.0,47.848946151127066,37.46731561078667,35.701304033109935,38.910431527153676,37.24299662125568,3.64,58.0,-0.56,12.61
EZPW,2018-03-15,13.300000190734863,13.350000381469728,13.100000381469728,13.100000381469728,418000.0,48.30172170241633,37.27439705901047,35.754141241365595,38.97960086832813,37.2059275362295,3.6,59.0,-0.49,12.54
EZPW,2018-03-16,13.199999809265137,13.350000381469728,13.050000190734863,13.25,790700.0,28.299451588571067,37.30650769755932,35.72594673622869,33.401981974693726,37.18061898134161,3.55,59.0,-0.4,12.61
EZPW,2018-03-19,13.25,13.25,13.0,13.199999809265137,265400.0,26.051264031914346,37.143395623829015,35.72286010434025,33.3925656776149,37.17619699187208,3.51,59.0,-0.31,12.68
EZPW,2018-03-20,13.149999618530272,13.300000190734863,13.100000381469728,13.149999618530272,161000.0,25.968177155935358,37.13071622124173,35.735955190462256,33.399702825430275,37.166080542907686,3.47,61.0,-0.21,12.69
EZPW,2018-03-21,13.199999809265137,13.5,13.149999618530272,13.399999618530272,372500.0,26.156847225993644,37.3026217784501,35.80668755282777,33.45039609770538,37.148317815829316,3.43,63.0,-0.11,12.46
EZPW,2018-03-22,13.300000190734863,13.399999618530272,13.079999923706056,13.100000381469728,519100.0,26.92625185214031,37.61241066073871,35.930916238713564,33.586735524820796,37.17186809532675,3.39,64.0,0.02,12.45
EZPW,2018-03-23,13.149999618530272,13.5,12.899999618530272,12.949999809265137,406000.0,27.12298961010702,37.695697637638744,35.89583788107002,33.57353760141492,37.08074089422554,3.35,64.0,0.16,12.65
EZPW,2018-03-26,13.050000190734863,13.550000190734863,12.899999618530272,13.550000190734863,515600.0,30.184603404257842,38.72698156135629,36.44133596734736,33.94633385866969,37.236995985678675,3.32,69.0,0.28,11.6
EZPW,2018-03-27,13.550000190734863,13.550000190734863,12.899999618530272,12.949999809265137,576400.0,31.392717252464852,39.7420574922179,37.21303360505745,34.37452046512765,37.53502687420553,3.3,73.0,0.46,10.76
EZPW,2018-03-28,12.949999809265137,13.199999809265137,12.8100004196167,13.0,450000.0,31.392037640483927,39.61888916153384,37.16272316060883,34.322988609780424,37.53303330492417,3.27,73.0,0.64,10.78
EZPW,2018-03-29,13.100000381469728,13.350000381469728,13.050000190734863,13.199999809265137,473600.0,31.61347463391743,39.67620343441089,37.20865500489732,34.335058933230044,37.395504543316164,3.25,74.0,0.84,10.68
EZPW,2018-04-02,13.149999618530272,13.25,12.699999809265137,12.800000190734863,458300.0,32.9202258192393,40.193284426697815,37.5056602446557,34.56495504856083,37.33999921666703,3.22,76.0,1.06,10.36
EZPW,2018-04-03,12.850000381469728,13.0,12.779999732971191,12.899999618530272,334900.0,32.679252768081355,40.12334935546515,37.513335173436666,34.56716711818494,37.32989591512327,3.2,77.0,1.32,10.34
EZPW,2018-04-04,12.75,13.100000381469728,12.75,13.050000190734863,182800.0,32.34715796802528,40.17586509288552,37.17831678270711,34.530120791825915,37.34212967645396,3.17,74.0,1.5,10.63
EZPW,2018-04-05,13.100000381469728,13.229999542236328,12.949999809265137,13.149999618530272,125500.0,31.1474317138978,40.02110223963508,37.1643375164933,34.35762237468833,37.33784580715561,3.14,74.0,1.61,10.6
EZPW,2018-04-06,13.100000381469728,13.25,12.75,12.850000381469728,235500.0,31.78653473579951,40.31393534791185,37.28749826928816,34.4405606255762,37.272938554970246,3.11,78.0,1.81,10.6
EZPW,2018-04-09,12.949999809265137,13.130000114440918,12.880000114440918,12.949999809265137,225400.0,31.854977969264443,40.320862968863864,37.24194803308848,34.398128387376296,37.27691590981145,3.08,78.0,1.86,10.6
EZPW,2018-04-10,13.100000381469728,13.300000190734863,12.93000030517578,13.25,336900.0,32.570388958734995,40.50008977671091,37.266481657256904,34.46130001841907,36.85164137881846,3.05,79.0,1.42,10.42
EZPW,2018-04-11,13.25,13.550000190734863,13.25,13.550000190734863,428800.0,32.40563588865219,40.70632183154532,37.39132065035445,34.489928332702476,36.75643487546349,3.03,81.0,0.41,10.19
EZPW,2018-04-12,13.550000190734863,13.649999618530272,13.399999618530272,13.5,199400.0,32.30530610770007,40.720037574166504,37.30772425219865,34.49672159244728,36.758318297776064,3.0,81.0,-0.99,10.39
EZPW,2018-04-13,13.5,13.579999923706056,13.300000190734863,13.399999618530272,164700.0,32.02491937287768,40.6486602712675,34.279058771304534,34.5162150879097,36.71974497351463,2.89,51.0,-1.17,12.77
EZPW,2018-04-16,13.449999809265137,13.550000190734863,13.300000190734863,13.350000381469728,171100.0,30.825908964624592,39.85833918099232,34.24033415577194,34.50808171130006,36.698779172711035,2.88,50.0,-1.32,12.91
EZPW,2018-04-17,13.449999809265137,13.550000190734863,13.300000190734863,13.350000381469728,173200.0,29.532474413472876,39.66488005703849,34.08507940341338,34.50738459116795,36.698779172711035,2.88,49.0,-1.39,13.28
EZPW,2018-04-18,13.399999618530272,13.600000381469728,13.350000381469728,13.399999618530272,209300.0,29.55913917948292,39.13681018947564,34.037138725420775,34.344415573274986,36.59653429144599,2.87,48.0,-1.43,13.41
EZPW,2018-04-19,13.399999618530272,13.489999771118164,13.25,13.350000381469728,185000.0,29.55965921320731,39.13307871905158,33.64330751506435,33.294650529052724,36.60020119851845,2.87,47.0,-1.44,14.3
EZPW,2018-04-20,13.300000190734863,13.449999809265137,12.8100004196167,13.25,246200.0,29.628947677399005,39.17969038755684,33.59991992250478,33.31357985992763,36.579011724186394,2.87,46.0,-1.44,14.36
EZPW,2018-04-23,13.350000381469728,13.350000381469728,13.18000030517578,13.350000381469728,237700.0,29.72538553728981,39.134267977968626,33.61162956381475,33.3036607769229,36.57647444603388,2.86,46.0,-1.45,14.33
EZPW,2018-04-24,13.350000381469728,13.600000381469728,13.199999809265137,13.300000190734863,203900.0,28.966101031538965,39.14909764648654,33.61719523967468,32.999188386629044,36.32698406429755,2.86,46.0,-1.44,14.35
EZPW,2018-04-25,13.149999618530272,13.199999809265137,13.029999732971191,13.100000381469728,337400.0,29.114035569330525,39.1171055945644,33.665082780802905,33.04606106828204,36.275333214528594,2.86,47.0,-1.42,14.37
EZPW,2018-04-26,13.100000381469728,13.300000190734863,13.0,13.199999809265137,197300.0,28.282383458849086,39.13368419325107,33.6819187287637,32.96533126153417,36.26094508607239,2.85,47.0,-1.41,14.31
EZPW,2018-04-27,13.199999809265137,13.399999618530272,13.149999618530272,13.350000381469728,363300.0,27.915389743141926,39.17912892793968,33.71854106053686,32.78751261683529,36.268174857026075,2.85,47.0,-1.4,14.2
EZPW,2018-04-30,13.350000381469728,13.75,13.350000381469728,13.699999809265137,506100.0,28.705533088840756,28.294784307639404,33.94621997947381,32.88898247906554,36.23543537130045,2.85,47.0,-1.37,13.67
EZPW,2018-05-01,13.649999618530272,13.899999618530272,13.350000381469728,13.699999809265137,377500.0,28.67041391402142,27.16532361644322,33.91289904133734,32.87357186683335,36.18893345663989,2.84,46.0,-1.34,13.7
EZPW,2018-05-02,13.75,14.100000381469728,13.600000381469728,13.949999809265137,767600.0,29.035480602889034,27.330834679049925,33.81464043429635,32.91033973036543,36.22391237579655,2.84,45.0,-1.29,13.91
EZPW,2018-05-03,13.699999809265137,14.649999618530272,13.609999656677246,14.600000381469728,1112600.0,31.325145534523173,28.660867393568378,34.28162292024258,33.26467463563808,36.30779254257487,2.83,51.0,-0.85,12.88
EZPW,2018-05-04,14.649999618530272,14.949999809265137,14.5,14.800000190734863,963900.0,30.51203841691287,28.738997659275157,34.29176085719263,33.27503103114795,36.29457008748357,2.83,51.0,-0.38,12.86
EZPW,2018-05-07,14.800000190734863,15.100000381469728,14.800000190734863,14.949999809265137,732700.0,30.19397477674715,28.784689167984133,34.31455705675739,33.148360230408166,36.24573679478275,2.82,51.0,0.02,12.79
EZPW,2018-05-08,14.75,14.850000381469728,14.399999618530272,14.699999809265137,506600.0,28.26062328348049,29.022141692263027,34.442952300358584,33.22967074311879,36.27098085169335,2.81,51.0,0.07,12.65
EZPW,2018-05-09,14.149999618530272,14.300000190734863,13.229999542236328,13.25,3159700.0,39.68980160295668,35.47813750017708,38.30061463617444,35.546215006470035,37.7767902511908,2.83,92.0,0.08,11.11
EZPW,2018-05-10,13.149999618530272,13.149999618530272,12.800000190734863,13.100000381469728,2012600.0,39.83218567542231,35.55745696110653,38.0534576028246,35.580544803615055,37.79216363240856,2.85,85.0,0.14,11.43
EZPW,2018-05-11,13.149999618530272,13.300000190734863,12.93000030517578,13.050000190734863,2338400.0,39.59053365648702,35.53452761931485,37.79391141145322,35.585213930575094,37.78900547886529,2.86,84.0,0.18,11.86
EZPW,2018-05-14,13.100000381469728,13.100000381469728,12.649999618530272,12.800000190734863,1547600.0,38.96176712497631,35.76090441229926,37.90664470684754,35.65909984398727,37.83994996109781,2.88,84.0,0.21,11.73
EZPW,2018-05-15,12.850000381469728,13.0,12.75,12.949999809265137,1010400.0,39.044953749487185,35.69902814102194,37.85332771831993,35.67507018239593,37.805564155218676,2.89,83.0,0.26,11.77
EZPW,2018-05-16,12.850000381469728,13.25,12.850000381469728,13.149999618530272,919400.0,39.15583768616658,35.60893716507967,37.90644681207333,35.69848231566258,37.817172383456395,2.9,83.0,0.3,11.68
EZPW,2018-05-17,13.100000381469728,13.300000190734863,13.050000190734863,13.100000381469728,726900.0,39.10887146197449,35.05209768169261,37.909292473797244,35.70296311349499,37.6931193158132,2.89,84.0,0.34,11.69
EZPW,2018-05-18,13.149999618530272,13.449999809265137,13.050000190734863,13.350000381469728,1441900.0,38.85999210532599,35.23109618428789,38.01206693956018,35.757671165236246,37.72982378424748,2.88,84.0,0.37,11.5
EZPW,2018-05-21,13.350000381469728,13.5,13.149999618530272,13.25,672600.0,38.890759641336466,35.25958711056323,38.03166027242284,35.775127354467756,37.7390985778511,2.87,84.0,0.41,11.48
EZPW,2018-05-22,13.199999809265137,13.300000190734863,13.079999923706056,13.100000381469728,485600.0,38.46196033109548,35.338442662324844,38.05430096325145,35.76980533851441,37.761601431208845,2.85,85.0,0.48,11.45
EZPW,2018-05-23,12.949999809265137,13.050000190734863,12.699999809265137,12.75,902700.0,38.58938472150452,35.45911119741467,38.21252483008683,35.902571095526774,37.837632113299044,2.83,85.0,0.57,11.25
EZPW,2018-05-24,12.800000190734863,12.800000190734863,12.300000190734863,12.399999618530272,1027900.0,39.307521604236214,35.8209710159275,38.39052339317632,36.06401971908525,37.86961212671264,2.81,92.0,0.6,11.07
EZPW,2018-05-25,12.399999618530272,12.800000190734863,12.350000381469728,12.649999618530272,907900.0,39.82731483842399,35.93582079940346,38.49433992780718,36.111969949740846,37.85126240756499,2.78,92.0,0.68,10.88
EZPW,2018-05-29,12.5,12.550000190734863,12.25,12.300000190734863,416700.0,40.541112384258525,35.79264396209673,38.737771063734286,36.28152678439405,37.96402420899969,2.75,98.0,0.69,10.6
EZPW,2018-05-30,12.399999618530272,12.479999542236328,12.199999809265137,12.350000381469728,512600.0,40.58188542930651,35.22334661092235,38.69109835618635,36.27290837748003,37.8842798331704,2.72,97.0,0.74,10.64
EZPW,2018-05-31,12.350000381469728,12.449999809265137,12.199999809265137,12.399999618530272,771600.0,40.58607648248819,35.240947464183655,38.69084422025156,36.25751070159684,37.884846957850115,2.69,96.0,0.79,10.64
EZPW,2018-06-01,12.399999618530272,13.0,12.399999618530272,13.0,653400.0,43.074590448604134,36.62738773380062,39.305333456759186,36.618216201429036,38.127102254439585,2.66,100.0,0.92,9.85
EZPW,2018-06-04,13.0,13.199999809265137,12.850000381469728,13.199999809265137,842300.0,43.275466238923734,36.77303689073468,39.35400100464422,36.64282800227491,38.01240202302334,2.63,100.0,1.04,9.78
EZPW,2018-06-05,13.149999618530272,13.149999618530272,12.899999618530272,13.050000190734863,359200.0,43.33299545151456,36.84177291604783,39.394884230231206,36.67447906013949,37.866361790766035,2.59,100.0,1.19,9.74
EZPW,2018-06-06,13.100000381469728,13.229999542236328,13.0,13.100000381469728,275800.0,43.34313132870491,36.55486490441571,39.35399586188022,36.67459469788402,37.859633327244886,2.54,98.0,1.33,9.8
EZPW,2018-06-07,13.050000190734863,13.199999809265137,12.949999809265137,13.199999809265137,353000.0,43.176385272436924,36.536088885556055,39.36067367304049,36.678658878915556,37.85132282862879,2.5,99.0,1.48,9.78
EZPW,2018-06-08,13.25,13.449999809265137,13.050000190734863,13.300000190734863,325900.0,43.17554040626722,36.18959330035006,39.3715006428329,36.57145105050581,37.66556739095034,2.45,99.0,1.62,9.76
EZPW,2018-06-11,13.399999618530272,13.399999618530272,13.100000381469728,13.199999809265137,243600.0,43.10193853522658,36.011451053040176,39.31577921516399,36.58744479075194,37.58764507688616,2.39,95.0,1.75,9.86
EZPW,2018-06-12,13.300000190734863,13.350000381469728,13.100000381469728,13.300000190734863,487400.0,42.454150883124726,35.96876496751126,38.85482608545202,36.558156942223505,37.5726470998948,2.34,93.0,1.96,10.36
EZPW,2018-06-13,13.399999618530272,13.449999809265137,12.800000190734863,12.800000190734863,585700.0,43.80773084106395,36.812944860950125,39.224548429390005,36.82718031372369,37.74064232541811,2.29,93.0,2.14,10.01
EZPW,2018-06-14,12.899999618530272,12.949999809265137,12.699999809265137,12.899999618530272,371600.0,43.49253289917956,36.845301028019946,38.945629749051726,36.78250842828287,37.74581726740834,2.25,92.0,2.38,10.31
EZPW,2018-06-15,12.800000190734863,12.800000190734863,12.550000190734863,12.600000381469728,536800.0,41.40472744837495,36.92750585452212,39.11889950361823,36.86523912379125,37.80754813719439,2.21,92.0,2.57,10.13
EZPW,2018-06-18,12.5,12.699999809265137,12.0600004196167,12.649999618530272,498200.0,41.12331737690744,36.66389001378973,39.122369716996715,36.76137523407456,37.79578680017223,2.16,92.0,2.78,10.12
EZPW,2018-06-19,12.600000381469728,12.899999618530272,12.5,12.850000381469728,471400.0,41.336149862145504,36.74116434841725,39.14958588400683,35.63570201745917,37.81665600424334,2.11,92.0,3.05,10.08
EZPW,2018-06-20,12.899999618530272,13.229999542236328,12.550000190734863,13.100000381469728,471500.0,41.76277690009597,35.740574705832614,39.260346428558094,35.62433326316553,37.85215912408438,2.05,93.0,3.37,9.91
EZPW,2018-06-21,13.100000381469728,13.100000381469728,12.5,12.550000190734863,622700.0,31.571506533963127,35.615495047231,39.7744179982537,35.863085983887245,38.035875359770074,2.0,100.0,3.56,9.38
EZPW,2018-06-22,12.649999618530272,12.699999809265137,12.050000190734863,12.199999809265137,1318500.0,32.386334861192694,36.05314098650555,40.03813576932228,36.00818462666365,38.05637683969309,1.94,100.0,3.57,9.1
EZPW,2018-06-25,12.199999809265137,12.5,12.0,12.350000381469728,506000.0,32.65655095409119,35.999571325879295,40.08251610619366,35.98997633250866,38.059595446569475,1.88,100.0,3.62,9.04
EZPW,2018-06-26,12.449999809265137,12.899999618530272,12.279999732971191,12.75,503200.0,33.63015045499508,36.08413581258004,34.220911262032025,36.14031390167815,38.1806504548345,1.9,13.0,3.67,4.19
EZPW,2018-06-27,12.699999809265137,12.850000381469728,11.75,11.75,1112100.0,40.8847074416553,39.7268956859965,36.095152331767025,36.76106552251802,39.06689814543128,1.9,35.0,3.42,4.29
EZPW,2018-06-28,12.5,12.5,12.050000190734863,12.100000381469728,790900.0,41.63347638863282,40.14294553023128,36.39822606296447,36.89129475346831,35.343358776826825,1.9,38.0,3.15,4.16
EZPW,2018-06-29,12.199999809265137,12.399999618530272,11.93000030517578,12.050000190734863,1051400.0,41.634303310445034,40.10403740143495,36.31127695598829,36.8963095175615,35.338553187444724,1.89,36.0,2.87,4.18
EZPW,2018-07-02,12.050000190734863,12.350000381469728,11.949999809265137,12.050000190734863,714200.0,41.13607309502559,39.850684795867785,36.28634246195917,36.75990468284762,35.335837465303996,1.89,36.0,2.63,4.18
EZPW,2018-07-03,12.050000190734863,12.100000381469728,11.699999809265137,11.699999809265137,537400.0,41.81308049402283,40.22718068107522,36.56809045322344,36.93155408119213,35.47339153496344,1.89,45.0,2.42,3.93
EZPW,2018-07-05,11.75,11.949999809265137,11.649999618530272,11.800000190734863,481200.0,41.91129410949447,39.958610811846555,36.59808082536724,36.902410352794185,35.479601411301275,1.88,46.0,2.19,3.93
EZPW,2018-07-06,11.800000190734863,12.149999618530272,11.75,12.149999618530272,343600.0,42.331771662483426,40.16052323254725,36.50744372958902,37.03719397246809,35.54294333610985,1.87,44.0,2.05,4.12
EZPW,2018-07-09,12.199999809265137,12.550000190734863,12.050000190734863,12.5,869500.0,42.44150477251825,40.632284836383796,36.78762648070721,37.162413558829044,35.64235775637905,1.87,49.0,1.99,3.98
EZPW,2018-07-10,12.5,12.550000190734863,12.329999923706056,12.399999618530272,299400.0,42.08679203713331,40.63633114239271,36.785790775013766,37.12742088066507,35.625787520035,1.86,49.0,1.9,3.95
EZPW,2018-07-11,12.199999809265137,12.630000114440918,12.199999809265137,12.550000190734863,484500.0,41.417799803505886,40.72411527754578,36.83824222920212,37.1126418455192,35.608893801864085,1.85,51.0,1.85,3.93
EZPW,2018-07-12,12.550000190734863,12.649999618530272,12.199999809265137,12.199999809265137,361600.0,42.24054648773876,41.10433295627984,37.01805197376068,37.26229867123572,35.72718768473774,1.84,52.0,1.7,3.73
EZPW,2018-07-13,12.25,12.300000190734863,12.010000228881836,12.100000381469728,185500.0,42.277970753940885,41.11235406722274,36.91728924390585,37.275626056524175,35.73834496931938,1.83,52.0,1.56,3.82
EZPW,2018-07-16,12.100000381469728,12.149999618530272,11.699999809265137,11.850000381469728,862100.0,40.10193780872191,41.29826210466101,36.71131517077632,37.35895930987952,35.80712436081935,1.82,49.0,1.4,3.84
EZPW,2018-07-17,11.949999809265137,12.050000190734863,11.609999656677246,11.75,478700.0,39.74643608562375,41.304195057551425,36.715511735909494,37.30818479482254,35.79101630684195,1.81,50.0,1.24,3.83
EZPW,2018-07-18,11.800000190734863,11.899999618530272,11.600000381469728,11.649999618530272,504400.0,39.70762786199466,41.277236320517915,36.72595681193196,37.25864469405813,35.67305884219761,1.81,50.0,1.11,3.8
EZPW,2018-07-19,11.649999618530272,12.229999542236328,11.5,12.199999809265137,609900.0,42.225173194593054,42.44997128913434,37.486860898834955,37.60191824582289,35.9089031488689,1.81,65.0,1.02,3.51
EZPW,2018-07-20,12.149999618530272,12.350000381469728,12.100000381469728,12.25,315300.0,42.16525537468657,42.36756190190075,37.32268722091556,37.59737941460853,35.88115322256941,1.81,63.0,0.94,3.67
EZPW,2018-07-23,12.25,12.399999618530272,12.100000381469728,12.25,343900.0,42.065763403101776,42.32933742834745,37.27247985181864,37.57564204550003,35.86505211440613,1.81,60.0,0.86,3.68
EZPW,2018-07-24,12.199999809265137,12.43000030517578,12.100000381469728,12.350000381469728,618900.0,42.1554217566566,42.29418825161011,37.22061711666784,37.576368760461534,35.842110136078695,1.81,57.0,0.81,3.76
EZPW,2018-07-25,12.399999618530272,12.399999618530272,12.050000190734863,12.25,388700.0,42.08463727504267,41.93354487883969,36.903389166781196,37.55625734025445,35.852846428995036,1.81,49.0,0.75,3.89
EZPW,2018-07-26,12.199999809265137,12.350000381469728,11.949999809265137,12.050000190734863,409900.0,40.940193850573976,42.03785476251768,36.657405962566465,37.61055933438345,35.895890855788466,1.81,42.0,0.73,3.95
EZPW,2018-07-27,12.100000381469728,12.100000381469728,11.550000190734863,11.550000190734863,572000.0,42.4507817106232,42.617772869773916,37.234579392533185,37.78209397852098,36.15630667502455,1.81,57.0,0.7,3.55
EZPW,2018-07-30,11.5,11.649999618530272,11.300000190734863,11.300000190734863,341700.0,42.386481813082554,41.554543259135386,37.37190745737098,37.87161995261391,36.22841103739013,1.8,63.0,0.71,3.43
EZPW,2018-07-31,11.399999618530272,11.600000381469728,11.199999809265137,11.449999809265137,502800.0,42.613798265844785,41.54693861698851,37.446771422654344,37.83006991319209,36.14816099768582,1.8,64.0,0.66,3.4
EZPW,2018-08-01,11.399999618530272,11.600000381469728,11.25,11.350000381469728,401700.0,42.25381285208707,41.44814311552693,37.46261788557892,37.82523254806698,35.42011905014763,1.79,64.0,0.62,3.38
EZPW,2018-08-02,10.949999809265137,11.75,10.75,10.949999809265137,904700.0,42.62061629571712,41.86964876180728,37.65563051791485,38.026258859582406,35.6102260678776,1.79,67.0,0.73,3.18
EZPW,2018-08-03,10.800000190734863,11.149999618530272,10.800000190734863,11.050000190734863,703700.0,41.35209056605371,36.52716822787795,37.67386435883407,38.03574769814729,35.61242823598753,1.78,67.0,0.73,3.2
EZPW,2018-08-06,11.0,11.550000190734863,11.0,11.399999618530272,646300.0,41.93542623569863,37.147588718727754,37.847578681621755,38.13719622994632,35.517370693142425,1.78,68.0,0.63,3.21
EZPW,2018-08-07,11.399999618530272,11.649999618530272,11.350000381469728,11.5,365200.0,41.84288164526107,37.214910917850005,37.77977637528776,36.45299600748485,35.51067586650125,1.78,66.0,0.52,3.3
EZPW,2018-08-08,11.5,11.729999542236328,11.229999542236328,11.699999809265137,486700.0,41.0085934276292,37.246468480848485,37.84123047766442,36.47460377034342,35.48357860872882,1.78,67.0,0.45,3.28
EZPW,2018-08-09,11.699999809265137,11.899999618530272,11.449999809265137,11.850000381469728,1115600.0,33.72357970082634,37.26354423749249,37.90385949735663,36.4118594968722,35.38269311493591,1.77,69.0,0.4,3.27
EZPW,2018-08-10,11.75,11.899999618530272,11.5,11.550000190734863,386100.0,33.36901004287405,37.41993399417859,38.101860042027816,36.50742338771833,35.46937011182607,1.77,76.0,0.32,3.11
EZPW,2018-08-13,11.600000381469728,11.829999923706056,11.449999809265137,11.699999809265137,791600.0,33.618756084541594,37.54505560218174,38.033683009232746,36.315047636854096,35.47475668390415,1.77,73.0,0.29,3.14
EZPW,2018-08-14,11.699999809265137,11.75,11.380000114440918,11.399999618530272,332500.0,34.386949860051466,37.610245988523324,38.08481141810243,36.41397056631984,35.562987313659754,1.77,75.0,0.21,3.1
EZPW,2018-08-15,11.399999618530272,11.5,11.300000190734863,11.350000381469728,454700.0,33.3897882544926,37.598356372985904,38.05337873723494,36.4135306271254,35.54677112349414,1.77,72.0,0.13,3.14
EZPW,2018-08-16,11.449999809265137,11.630000114440918,11.300000190734863,11.399999618530272,308700.0,33.30900267347613,37.579587076393615,37.32514343633483,36.413855624313896,35.54246917999208,1.77,50.0,0.11,3.39
EZPW,2018-08-17,11.300000190734863,11.359999656677246,11.149999618530272,11.25,371700.0,32.19908774229666,37.29606268745832,36.71478481934054,36.41434765640324,35.492488683457545,1.77,29.0,0.04,3.76
EZPW,2018-08-20,11.300000190734863,11.5,11.149999618530272,11.149999618530272,248900.0,30.869812961385552,36.93810663409436,36.72423361920946,36.42835247645598,35.50317656628093,1.77,31.0,-0.02,3.73
EZPW,2018-08-21,11.199999809265137,11.399999618530272,11.130000114440918,11.300000190734863,692000.0,31.236142917722788,36.79679726246293,36.703295049672455,36.46097714739208,35.52477012886381,1.77,28.0,-0.07,3.74
EZPW,2018-08-22,11.25,11.43000030517578,11.199999809265137,11.399999618530272,336500.0,31.114611606721194,36.45066922643302,36.4381394322959,36.47334276241872,35.53031534740477,1.77,24.0,-0.13,3.99
EZPW,2018-08-23,11.300000190734863,11.399999618530272,11.199999809265137,11.199999809265137,429000.0,30.518696145780027,36.58740560322574,36.50346290609284,36.51920749586029,35.57638174155638,1.77,25.0,-0.18,3.89
EZPW,2018-08-24,11.25,11.25,11.100000381469728,11.149999618530272,253600.0,30.48055285090181,36.572661517943175,36.4471021035844,36.400852496004106,35.56547992208993,1.77,25.0,-0.23,3.9
EZPW,2018-08-27,11.149999618530272,11.25,11.0,11.050000190734863,294600.0,30.057524904962907,35.14104132448392,36.435837757387105,36.30263372671801,35.57597454110143,1.77,24.0,-0.26,3.88
EZPW,2018-08-28,11.100000381469728,11.140000343322754,11.029999732971191,11.050000190734863,238400.0,30.007290153156664,34.94621999360186,36.27564023553921,36.27046939266963,35.57038709422349,1.77,21.0,-0.3,4.04
EZPW,2018-08-29,11.0,11.100000381469728,11.0,11.050000190734863,223700.0,29.948608058495886,34.90643702558605,36.24612505749615,36.26633147110776,35.567311427531386,1.77,21.0,-0.34,4.05
EZPW,2018-08-30,11.050000190734863,11.25,11.0,11.149999618530272,275700.0,26.527302193500578,34.96441379582079,36.07388977446851,36.27993279470533,35.57670496696741,1.78,20.0,-0.35,4.14
EZPW,2018-08-31,11.100000381469728,11.25,11.100000381469728,11.100000381469728,226500.0,26.444477730805215,34.900178794817826,35.86829424723034,36.280543315308286,35.58059379331522,1.78,20.0,-0.34,4.23
EZPW,2018-09-04,11.100000381469728,11.100000381469728,10.850000381469728,10.850000381469728,297900.0,27.01649637239717,35.065906690315735,36.01896006343028,36.21942167052145,35.62376088961178,1.78,21.0,-0.32,4.08
EZPW,2018-09-05,10.899999618530272,10.949999809265137,10.800000190734863,10.949999809265137,555800.0,27.059049111872408,35.14865461791076,36.05382622438538,36.067780941325175,35.61485417475356,1.76,21.0,-0.31,4.09
EZPW,2018-09-06,10.899999618530272,10.93000030517578,10.579999923706056,10.699999809265137,568400.0,27.59927828907516,35.31227358077378,36.20794434614989,36.15023530450347,35.689150188823554,1.74,23.0,-0.3,3.94
EZPW,2018-09-07,10.699999809265137,10.75,10.600000381469728,10.649999618530272,325800.0,27.366186052673687,34.565726443725325,36.20829268185279,36.10604016920422,35.67804175996548,1.72,23.0,-0.28,3.93
EZPW,2018-09-10,10.699999809265137,10.850000381469728,10.649999618530272,10.800000190734863,324200.0,25.317308190327974,34.67210392019017,36.28796208384698,36.132684623123055,35.69989202706827,1.7,26.0,-0.27,3.89
EZPW,2018-09-11,10.75,10.949999809265137,10.600000381469728,10.850000381469728,246200.0,24.68770280965242,34.437975330750284,36.302940865767056,36.13375701442707,35.69685761008689,1.66,26.0,-0.25,3.9
EZPW,2018-09-12,10.75,10.899999618530272,10.550000190734863,10.75,317900.0,24.394224104515224,34.43874838773299,36.31063690106874,36.14578753694411,35.69590150659005,1.63,26.0,-0.24,3.89
EZPW,2018-09-13,10.800000190734863,10.93000030517578,10.649999618530272,10.899999618530272,290800.0,24.735882305772055,34.39901556783837,36.3672306232672,36.1825929549189,35.6868849733028,1.59,27.0,-0.22,3.86
EZPW,2018-09-14,10.850000381469728,11.199999809265137,10.850000381469728,11.100000381469728,499700.0,23.08545208444871,34.37004143980193,36.50717664607035,36.24003035363145,35.72517187732112,1.55,32.0,-0.18,3.8
EZPW,2018-09-17,11.149999618530272,11.199999809265137,10.899999618530272,11.0,252000.0,23.09436882085313,33.36747186195452,36.46322983424752,36.20431703509198,35.73531848089429,1.51,30.0,-0.17,3.85
EZPW,2018-09-18,11.100000381469728,11.100000381469728,10.649999618530272,10.649999618530272,316800.0,22.942453849248775,33.51274762315108,36.752568198913,36.342457405573924,35.886958237578206,1.47,42.0,-0.15,3.59
EZPW,2018-09-19,10.649999618530272,10.899999618530272,10.550000190734863,10.600000381469728,560700.0,22.711904948626252,33.37953795285383,36.69128800218053,36.334642530826734,35.88745100692304,1.42,35.0,-0.11,3.6
EZPW,2018-09-20,10.600000381469728,11.050000190734863,10.600000381469728,10.949999809265137,382300.0,24.253319940566843,33.406638923389885,36.8351657082134,36.53170512400407,35.93882536366672,1.38,44.0,-0.03,3.54
EZPW,2018-09-21,10.899999618530272,11.25,10.850000381469728,10.899999618530272,578200.0,23.8417207735278,29.059060992023166,36.835244443017665,36.50798220888408,35.94235430002723,1.34,44.0,0.06,3.53
EZPW,2018-09-24,10.800000190734863,10.890000343322754,10.399999618530272,10.449999809265137,480500.0,25.63132209151222,29.534154164068415,37.22662200518625,36.83370364731238,36.16265214958762,1.29,49.0,0.14,3.23
EZPW,2018-09-25,10.399999618530272,10.75,10.399999618530272,10.699999809265137,329100.0,26.399963065696735,30.010937907663866,36.65939408802119,36.898197455625684,36.2079082594348,1.26,31.0,0.11,3.4
EZPW,2018-09-26,10.75,11.029999732971191,10.699999809265137,10.949999809265137,449900.0,26.51607028122446,30.44612907048251,36.80021057800424,36.98957289695501,36.24652434054069,1.22,41.0,-0.09,3.34
EZPW,2018-09-27,10.899999618530272,10.949999809265137,10.5,10.5,315000.0,29.010237554035452,31.03642806230127,37.25344863208135,37.31114770674165,36.46298118580839,1.18,50.0,-0.68,3.02
EZPW,2018-09-28,10.5,10.899999618530272,10.449999809265137,10.699999809265137,532900.0,29.610329790335545,31.25526826355049,37.35967472706703,37.350627621039855,36.4283285252617,1.14,53.0,-1.29,3.02
EZPW,2018-10-01,10.779999732971191,10.869999885559082,10.5,10.510000228881836,548400.0,29.79333434191569,30.756462325295175,33.784740172238195,37.40410826697044,35.66432613525519,1.19,1.0,-1.28,0.96
EZPW,2018-10-02,10.460000038146973,10.5,10.329999923706056,10.369999885559082,445300.0,29.908485960755378,30.154880134497887,33.800101159039436,37.429375702990555,35.631737931682636,1.25,2.0,-1.25,0.95
EZPW,2018-10-03,10.43000030517578,10.670000076293944,10.329999923706056,10.630000114440918,301400.0,30.605540857939566,30.670991094617285,34.071642033120995,37.496720497371314,35.61682727450858,1.29,3.0,-1.23,0.88
EZPW,2018-10-04,10.59000015258789,10.640000343322754,10.399999618530272,10.4399995803833,425100.0,30.767291965083093,30.678871416088004,34.05538169705141,37.301967434139485,35.647652369066975,1.33,3.0,-1.21,0.89
EZPW,2018-10-05,10.489999771118164,10.600000381469728,10.399999618530272,10.520000457763672,385200.0,30.586251214403777,30.298620355391602,34.020234779595945,37.22693483094153,35.62116103361242,1.37,3.0,-1.19,0.9
EZPW,2018-10-08,10.529999732971191,10.710000038146973,10.5,10.649999618530272,251800.0,30.856978936773473,30.42339346896179,33.984004301334714,37.102759651262964,35.62373638168202,1.41,3.0,-1.17,0.91
EZPW,2018-10-09,10.65999984741211,10.770000457763672,10.600000381469728,10.649999618530272,312600.0,30.77758581938278,30.17365999105801,33.98453170013349,37.08729916480238,35.086683700426896,1.44,4.0,-1.15,0.91
EZPW,2018-10-10,10.65999984741211,10.779999732971191,10.56999969482422,10.619999885559082,499300.0,30.77865613905083,30.14230810089375,33.81780872216399,37.08816588505791,35.07282107522255,1.48,3.0,-1.15,0.96
EZPW,2018-10-11,10.56999969482422,10.8100004196167,10.460000038146973,10.470000267028809,591900.0,31.000841599436825,30.21987597106174,33.860941693978894,37.08958844035368,35.1027897103693,1.51,4.0,-1.13,0.94
EZPW,2018-10-12,10.579999923706056,10.640000343322754,10.289999961853027,10.5,594100.0,30.865532890189602,28.544528725139006,33.83974669201223,37.0919563520796,35.00801561012173,1.54,4.0,-1.11,0.96
EZPW,2018-10-15,10.489999771118164,10.619999885559082,10.270000457763672,10.470000267028809,723000.0,30.857702654504376,28.51150293926723,33.60427859682729,37.043592797247996,35.005092581657074,1.58,1.0,-1.08,1.07
EZPW,2018-10-16,10.5600004196167,10.579999923706056,10.31999969482422,10.489999771118164,307000.0,30.232640168751807,28.52166461761798,33.352311328616445,37.04476279241846,34.97236512966766,1.61,1.0,-1.06,1.21
EZPW,2018-10-17,10.5,10.550000190734863,10.289999961853027,10.3100004196167,534400.0,30.42239425106179,28.589844677593245,33.26158290116859,37.09703244963718,35.002267866628586,1.65,1.0,-1.02,1.2
EZPW,2018-10-18,10.279999732971191,10.34000015258789,10.170000076293944,10.18000030517578,497000.0,29.941265098866648,28.63994917920879,33.044406124814905,33.44593382483013,35.01161480782649,1.68,1.0,-0.99,1.31
EZPW,2018-10-19,10.149999618530272,10.34000015258789,10.100000381469728,10.239999771118164,302100.0,30.004976282180294,28.560103073111154,33.054005915291675,33.17893368042633,34.98267073706688,1.72,2.0,-0.97,1.3
EZPW,2018-10-22,10.229999542236328,10.300000190734863,10.09000015258789,10.119999885559082,371600.0,29.792431877568,27.4103420004212,33.077414450675704,33.19345302367844,34.97043274131256,1.75,3.0,-0.93,1.28
EZPW,2018-10-23,10.039999961853027,10.220000267028809,10.0,10.100000381469728,343600.0,29.723116337174275,27.101749386306746,32.119616196326774,33.13374927318509,34.956786165620294,1.79,1.0,-0.88,1.38
EZPW,2018-10-24,10.119999885559082,10.15999984741211,9.920000076293944,9.9399995803833,315700.0,29.9208469714059,27.06849320478944,32.06189175190584,33.16049722992149,34.98972033224233,1.82,1.0,-0.83,1.37
EZPW,2018-10-25,9.979999542236328,10.18000030517578,9.899999618530272,10.079999923706056,330600.0,29.92705277443032,27.239411033559975,32.14226312649725,33.211109105236915,35.01438291542852,1.86,3.0,-0.79,1.36
EZPW,2018-10-26,10.029999732971191,10.18000030517578,9.890000343322754,10.119999885559082,257500.0,29.346788471589264,26.330118697843297,32.14296184873219,33.21623480907975,34.960835028903375,1.89,4.0,-0.75,1.36
EZPW,2018-10-29,10.199999809265137,10.289999961853027,9.920000076293944,9.989999771118164,318700.0,29.43674764817143,26.345180285940415,32.14261401307977,33.00700387884795,34.930142614307144,1.91,4.0,-0.74,1.34
EZPW,2018-10-30,10.0,10.3100004196167,9.970000267028809,10.199999809265137,376500.0,28.891869699799972,25.873812008210813,32.319488022738476,33.10511790587554,34.963381932738486,1.93,6.0,-0.77,1.28
EZPW,2018-10-31,10.270000457763672,10.359999656677246,9.670000076293944,9.9399995803833,523900.0,29.73513681954023,26.236439440740117,32.51947771413753,33.21465314171409,35.05510246789246,1.94,7.0,-0.8,1.17
EZPW,2018-11-01,10.020000457763672,10.18000030517578,9.90999984741211,10.130000114440918,326000.0,28.601590298279785,26.29287488482945,32.66195883899904,33.30154410280209,35.093190058347076,1.96,8.0,-0.89,1.12
EZPW,2018-11-02,10.1899995803833,10.25,10.0600004196167,10.100000381469728,183600.0,28.595699741342905,26.10291579032361,32.15950356068073,33.242250219389305,35.0855401053938,1.98,6.0,-0.87,1.33
EZPW,2018-11-05,10.130000114440918,10.289999961853027,9.90999984741211,9.960000038146973,219900.0,26.274195420840098,25.771310630288248,32.17000454474488,33.207474351695346,35.089996949302424,1.99,7.0,-0.87,1.3
EZPW,2018-11-06,9.979999542236328,10.050000190734863,9.84000015258789,9.93000030517578,339200.0,25.1610720531951,25.571474800352835,31.994393045068183,32.98664414749722,35.08764805873046,2.01,1.0,-0.83,1.41
EZPW,2018-11-07,9.93000030517578,10.050000190734863,9.800000190734863,9.829999923706056,371800.0,24.042934783897195,25.159106364705323,32.00143756173893,32.99445787120007,34.97360994028406,2.02,2.0,-0.8,1.39
EZPW,2018-11-08,9.81999969482422,9.859999656677246,9.270000457763672,9.399999618530272,658700.0,24.436502100092518,26.607189015716614,32.558698613055945,33.38010883368409,35.25494491724576,2.03,12.0,-0.73,1.2
EZPW,2018-11-09,9.369999885559082,9.550000190734863,9.210000038146973,9.40999984741211,1214600.0,23.536586915828025,26.5756154896441,32.36765666193428,33.38118228954836,35.1958321073339,2.02,11.0,-0.81,1.26
EZPW,2018-11-12,9.4399995803833,9.460000038146973,9.130000114440918,9.18000030517578,369200.0,23.959766175692216,26.86427927581751,31.927986416290956,33.3966869045472,35.26755668884892,2.02,1.0,-0.68,1.38
EZPW,2018-11-13,9.15999984741211,9.270000457763672,9.029999732971191,9.119999885559082,533900.0,23.820479984944917,26.84778484650674,31.677517852189112,33.36265235503777,35.24118923235501,2.01,1.0,-0.57,1.52
EZPW,2018-11-14,9.210000038146973,9.210000038146973,8.90999984741211,9.109999656677246,1840300.0,22.20480993518296,26.62595055296695,31.58602196224641,33.32389583473344,35.237142534176,2.0,1.0,-0.48,1.55
EZPW,2018-11-15,10.300000190734863,10.81999969482422,9.5600004196167,9.859999656677246,2812600.0,32.6829264001314,31.480170721924093,33.73251130364691,34.46237007856025,36.0638554640586,2.0,24.0,-0.54,2.7
EZPW,2018-11-16,9.760000228881836,10.119999885559082,9.460000038146973,9.90999984741211,1046400.0,32.626081047040024,31.353579936539294,31.275452215389045,34.26790118490068,34.77399052269148,2.05,1.0,-0.56,1.95
EZPW,2018-11-19,9.850000381469728,9.93000030517578,9.1899995803833,9.380000114440918,800800.0,35.74225442543054,33.17555797301892,32.00006394907165,34.840537635895295,35.17049073195077,2.08,6.0,-0.55,2.02
EZPW,2018-11-20,9.359999656677246,9.630000114440918,9.140000343322754,9.510000228881836,447500.0,36.104676413001,33.323839335756915,32.10341733849679,34.89024602184348,35.12563790564412,2.1,9.0,-0.55,1.95
EZPW,2018-11-21,9.510000228881836,9.789999961853027,9.40999984741211,9.600000381469728,276700.0,36.30647066604649,33.40983867381487,32.15587559080285,34.91551263462204,35.11313551868508,2.12,14.0,-0.56,1.91
EZPW,2018-11-23,9.539999961853027,9.600000381469728,9.510000228881836,9.550000190734863,115800.0,36.1659725754181,33.41132742947755,31.862764192765624,34.91694837487113,34.94178978283319,2.15,4.0,-0.58,2.04
EZPW,2018-11-26,9.600000381469728,9.649999618530272,9.18000030517578,9.199999809265137,525400.0,37.4474307558981,34.07696267095696,32.304858692938495,35.050712047742074,35.112072608231955,2.16,18.0,-0.56,1.89
EZPW,2018-11-27,9.239999771118164,9.34000015258789,9.09000015258789,9.119999885559082,579900.0,37.465057771521096,34.09488987141394,31.91583795011444,35.04417855947677,35.116665399705774,2.19,5.0,-0.54,2.1
EZPW,2018-11-28,9.130000114440918,9.479999542236328,9.079999923706056,9.470000267028809,1640500.0,39.38831917872864,34.85939821407778,32.179514552401,35.24713058766073,35.32554535041248,2.2,19.0,-0.56,2.03
EZPW,2018-11-29,9.4399995803833,9.630000114440918,9.199999809265137,9.619999885559082,543300.0,39.538333893830305,34.97667303693671,32.30136215037255,35.25013275454193,35.33915682757536,2.21,20.0,-0.58,1.94
EZPW,2018-11-30,9.550000190734863,9.710000038146973,9.279999732971191,9.520000457763672,712400.0,39.49253594957561,34.74861163849352,32.24041200857686,35.23055891285078,35.35195006066684,2.22,20.0,-0.65,2.0
EZPW,2018-12-03,9.649999618530272,9.729999542236328,9.15999984741211,9.369999885559082,635600.0,39.60754037325626,34.861871786360915,32.050053402936356,35.269034156295916,35.37977712514726,2.24,10.0,-0.66,2.08
EZPW,2018-12-04,9.34000015258789,9.5,8.84000015258789,8.970000267028809,618400.0,41.26455543660871,35.713084366462446,32.6933570863419,35.61233426409539,35.631495912106445,2.24,29.0,-0.63,1.88
EZPW,2018-12-06,8.890000343322754,9.039999961853027,8.760000228881836,8.90999984741211,751800.0,41.26699757895217,35.68403972510074,32.573221700939946,35.52885682354117,35.628744769225335,2.25,28.0,-0.61,1.93
EZPW,2018-12-07,8.90999984741211,9.100000381469728,8.720000267028809,8.729999542236328,522600.0,41.39709765737795,35.83662565415722,32.68057997980874,35.51180297854908,35.58587710857047,2.25,30.0,-0.55,1.88
EZPW,2018-12-10,8.739999771118164,8.789999961853027,8.59000015258789,8.6899995803833,755900.0,41.03149875024736,35.65464404061588,32.669431731389224,35.4958265214859,35.51100918707583,2.25,30.0,-0.52,1.89
EZPW,2018-12-11,8.779999732971191,8.859999656677246,8.569999694824219,8.699999809265137,393800.0,40.986550646214084,35.376382843731065,31.716429158472593,35.04550593464156,35.485365715445646,2.26,4.0,-0.51,2.16
EZPW,2018-12-12,8.720000267028809,9.020000457763672,8.720000267028809,9.010000228881836,590200.0,42.51148139279279,36.25257883546695,32.276751362370725,34.95180000843792,35.667149079732354,2.26,23.0,-0.56,1.91
EZPW,2018-12-13,9.039999961853027,9.289999961853027,8.65999984741211,8.680000305175781,677200.0,42.96581209345956,36.43660980352691,32.726735877973454,35.19306449291342,35.84516879285889,2.25,35.0,-0.59,1.75
EZPW,2018-12-14,8.5600004196167,8.65999984741211,8.300000190734863,8.329999923706055,768500.0,43.82133314704904,37.248800202312474,33.21466117848625,35.43027462682944,36.06427752102506,2.24,39.0,-0.59,1.61
EZPW,2018-12-17,8.329999923706055,8.460000038146973,8.239999771118164,8.279999732971191,800500.0,43.18514250571091,36.46478193210429,33.20957130469686,35.27348170958006,35.96170905374756,2.24,39.0,-0.58,1.61
EZPW,2018-12-18,8.289999961853027,8.4399995803833,8.010000228881836,8.069999694824219,2233400.0,43.51433662863706,36.71858788566317,33.33039226195135,35.359418758654485,35.912877442457905,2.23,42.0,-0.5,1.56
EZPW,2018-12-19,8.0,8.199999809265137,7.949999809265137,7.96999979019165,612800.0,43.497203983602134,35.93123591858098,32.78769961261341,35.33818560752241,35.915597175808195,2.22,36.0,-0.4,1.73
EZPW,2018-12-20,7.96999979019165,8.130000114440918,7.909999847412109,8.079999923706055,444700.0,43.91272894888033,35.655347754357244,32.772344750442336,35.37057825011386,35.918691827773756,2.21,36.0,-0.4,1.71
EZPW,2018-12-21,8.140000343322754,8.140000343322754,7.639999866485596,7.699999809265137,825800.0,45.51296555207893,36.27011656481147,33.42501754915001,35.6971625284792,36.20519950557146,2.19,46.0,-0.29,1.59
EZPW,2018-12-24,7.71999979019165,7.829999923706055,7.570000171661377,7.670000076293945,294500.0,44.179533712194626,35.48247905404631,33.41613921533425,35.67508389106216,36.20090090918487,2.18,46.0,-0.23,1.59
EZPW,2018-12-26,7.71999979019165,7.880000114440918,7.449999809265137,7.869999885559082,659900.0,45.12899361166205,35.70912155928166,33.34765406307255,35.70557732080291,36.30534159958111,2.15,45.0,-0.29,1.58
EZPW,2018-12-27,7.78000020980835,7.889999866485596,7.639999866485596,7.730000019073486,478300.0,44.92564364955897,35.70962217539388,33.36810355160289,35.62236078207889,36.33662142228564,2.13,47.0,-0.32,1.58
EZPW,2018-12-28,7.760000228881836,7.940000057220459,7.519999980926514,7.820000171661377,522000.0,45.203184807939714,35.82881070361715,32.991291377979785,35.66467826331861,36.3557609202805,2.1,38.0,-0.37,1.73
EZPW,2018-12-31,7.880000114440918,7.889999866485596,7.670000076293945,7.730000019073486,533600.0,45.224040633063815,35.32270575810697,32.952880566321525,35.67523634426355,36.338934661102826,2.08,38.0,-0.42,1.76
EZPW,2019-01-02,7.679999828338623,8.170000076293945,7.639999866485596,8.100000381469727,775000.0,40.712027696544276,36.79087664505055,33.759694958788074,36.15864132426812,36.616192661727624,2.05,54.0,-0.5,1.62
EZPW,2019-01-03,8.029999732971191,8.140000343322754,7.809999942779541,8.09000015258789,963900.0,40.59673773270082,36.71354380842933,33.65945910810987,36.157601620155,36.6102051563052,2.01,53.0,-0.59,1.68
EZPW,2019-01-04,8.140000343322754,8.4399995803833,8.140000343322754,8.420000076293945,790800.0,40.12446793494564,37.67662289839893,34.18430122597703,36.502276542931604,36.832783027527796,1.97,66.0,-0.66,1.51
EZPW,2019-01-07,8.329999923706055,8.420000076293945,7.670000076293945,7.929999828338623,1256600.0,42.942224262349036,39.37581131796911,35.25276677625206,37.1280869598123,37.27884770092266,1.94,67.0,-0.74,1.45
EZPW,2019-01-08,7.949999809265137,7.989999771118164,7.739999771118164,7.96999979019165,692700.0,42.82348268052281,39.42650068577752,35.10159341491599,37.135772230621896,37.28034556799691,1.9,67.0,-0.81,1.51
EZPW,2019-01-09,8.010000228881836,8.40999984741211,7.980000019073486,8.239999771118164,632300.0,44.33026541277991,40.137694726807794,35.58641496576174,37.36167666318749,37.41312844299468,1.86,69.0,-0.87,1.32
EZPW,2019-01-10,8.25,8.6899995803833,8.210000038146973,8.510000228881836,593500.0,44.495038009724745,40.798152091694874,36.00977415878023,37.58918336004708,37.55199345494496,1.84,71.0,-0.93,1.17
EZPW,2019-01-11,8.449999809265137,8.609999656677246,8.390000343322754,8.579999923706055,324500.0,44.56260882011514,40.8683946623088,36.01416685823949,37.57987896522759,37.56306030596144,1.83,72.0,-0.98,1.16
EZPW,2019-01-14,8.550000190734863,8.720000267028809,8.4399995803833,8.630000114440918,257600.0,43.02700394927573,40.897523485708454,36.02538092497033,37.573787321369814,37.544407562203425,1.82,74.0,-1.02,1.15
EZPW,2019-01-15,8.640000343322754,8.779999732971191,8.619999885559082,8.770000457763672,439000.0,43.04146385708649,40.97999824812305,36.058678718233374,37.60258664992226,37.58375841079458,1.82,76.0,-1.05,1.14
EZPW,2019-01-16,8.800000190734863,9.029999732971191,8.800000190734863,8.930000305175781,401600.0,43.409845663560326,41.144344695772695,36.1627832624145,37.53145445982466,37.62969077872078,1.81,78.0,-1.08,1.09
EZPW,2019-01-17,8.920000076293945,9.039999961853027,8.8100004196167,8.949999809265137,627700.0,43.22841707626772,41.12064662791509,36.087079967055274,37.53438293303452,37.58982488001785,1.81,78.0,-1.09,1.12
EZPW,2019-01-18,9.039999961853027,9.260000228881836,9.0,9.25,571000.0,42.439548622451525,41.69598874899331,36.515141145124055,37.689566883691015,37.57052738130405,1.81,91.0,-1.09,0.98
EZPW,2019-01-22,9.25,9.25,8.989999771118164,9.0600004196167,437200.0,42.855112977767085,41.88236277127033,36.62105695358287,37.31974997807256,37.557985485427196,1.81,91.0,-1.1,0.94
EZPW,2019-01-23,9.109999656677246,9.170000076293944,9.020000457763672,9.0600004196167,423100.0,42.39322957746386,41.77954156602456,36.62105695358287,37.27100336496858,37.4512321393665,1.81,90.5,-1.1,0.94
EZPW,2019-01-24,9.0600004196167,9.210000038146973,9.010000228881836,9.199999809265137,279800.0,42.54824110392795,41.801852612573086,36.72298239374063,37.30157286223872,37.47498808987318,1.82,93.0,-1.1,0.89
EZPW,2019-01-25,9.229999542236328,9.390000343322754,9.210000038146973,9.390000343322754,470000.0,42.88470158407317,42.0300264757745,36.85351200610846,37.36322883141873,37.536192255784606,1.83,97.0,-1.09,0.84
EZPW,2019-01-28,9.31999969482422,9.34000015258789,9.0,9.0600004196167,570400.0,43.134459622807064,42.55872197185296,37.24597116303556,35.589456863510776,37.67277307268816,1.85,98.0,-1.09,0.74
EZPW,2019-01-29,9.029999732971191,9.229999542236328,9.010000228881836,9.100000381469728,429600.0,41.65216811111851,42.32158546389526,37.110236399383375,35.58057323424481,37.67665784294961,1.87,96.0,-1.09,0.78
EZPW,2019-01-30,9.149999618530272,9.630000114440918,9.100000381469728,9.5,687800.0,41.29087938053606,43.005682244444,37.747443847136815,35.97667137413042,37.900517603971714,1.89,100.0,-1.07,0.65
EZPW,2019-01-31,9.93000030517578,10.109999656677246,9.260000228881836,9.31999969482422,883800.0,41.75006220932118,42.96883235725259,37.69468237908019,35.97520978838648,37.944407120266405,1.91,99.0,-1.05,0.67
EZPW,2019-02-01,9.489999771118164,10.010000228881836,9.489999771118164,9.760000228881836,562500.0,42.50252513316755,44.056139742115064,38.43711318736374,36.38517466519951,38.23512614743923,1.95,100.0,-1.03,0.53
EZPW,2019-02-04,9.850000381469728,10.220000267028809,9.850000381469728,10.0600004196167,708500.0,42.6641110212885,44.41321182028358,38.68357710504825,36.52562874935018,35.87825330756837,1.99,100.0,-1.01,0.46
EZPW,2019-02-05,10.039999961853027,10.210000038146973,10.010000228881836,10.130000114440918,1244200.0,42.62724875124193,44.42956647994294,38.69343962297241,36.53813459456032,35.698728344866815,2.03,100.0,-0.99,0.46
EZPW,2019-02-06,10.140000343322754,10.170000076293944,10.0,10.050000190734863,488800.0,39.54108647677297,44.40979681966961,38.68651111221054,36.465788263615096,35.6991254881768,2.07,99.0,-0.97,0.46
EZPW,2019-02-07,10.050000190734863,10.170000076293944,10.0,10.130000114440918,555700.0,39.356994950425175,43.426119179068365,38.64125336866047,36.47616055233071,35.67256308398332,2.11,97.0,-0.96,0.48
EZPW,2019-02-08,10.039999961853027,10.149999618530272,9.949999809265137,10.079999923706056,333200.0,39.246028499186245,43.444673496331966,38.52733505105124,36.45952829245005,35.66417709318436,2.14,96.0,-0.95,0.52
EZPW,2019-02-11,10.09000015258789,10.1899995803833,10.050000190734863,10.149999618530272,423300.0,38.45735304640856,43.1221047264077,38.52542878158013,36.34487778655633,35.67297504729427,2.17,95.0,-0.95,0.52
EZPW,2019-02-12,10.220000267028809,10.289999961853027,10.130000114440918,10.1899995803833,246500.0,38.47801872090391,43.090154920145565,38.198661813063566,36.21208074877257,35.67535951589467,2.19,93.0,-0.94,0.6
EZPW,2019-02-13,10.199999809265137,10.270000457763672,10.130000114440918,10.170000076293944,407500.0,38.134532848496846,43.09305474757302,38.19335058794188,36.125463643588255,35.51369003606927,2.22,92.0,-0.93,0.6
EZPW,2019-02-14,10.119999885559082,10.15999984741211,9.90999984741211,9.920000076293944,552300.0,37.644457386684294,40.308034508238215,38.02092567512367,36.09424610990219,35.591338620400734,2.23,91.0,-0.92,0.65
EZPW,2019-02-15,9.979999542236328,10.09000015258789,9.9399995803833,10.020000457763672,391100.0,37.578174329406494,40.347011501234974,38.05652067240356,36.1133963068946,35.597539290371124,2.25,91.0,-0.91,0.64
EZPW,2019-02-19,9.989999771118164,10.170000076293944,9.880000114440918,10.130000114440918,476100.0,36.292568528930616,38.7273889399845,37.51858727522983,36.13650546907293,35.617317241721324,2.26,87.0,-0.9,0.74
EZPW,2019-02-20,10.130000114440918,10.31999969482422,10.050000190734863,10.239999771118164,310200.0,30.407560658729977,38.69133412044411,37.36496856614255,35.70431291656975,35.59888694903266,2.26,86.0,-0.89,0.8
EZPW,2019-02-21,10.170000076293944,10.270000457763672,10.010000228881836,10.239999771118164,309300.0,30.49259190636492,38.65434645170598,37.17405914392335,35.6500802998314,35.55113465068927,2.27,82.0,-0.9,0.87
EZPW,2019-02-22,10.300000190734863,10.399999618530272,10.270000457763672,10.350000381469728,257500.0,29.574342287473836,38.6811116970939,36.620796796065505,35.65861423580342,35.428089526532595,2.26,77.0,-0.9,0.99
EZPW,2019-02-25,10.420000076293944,10.489999771118164,10.300000190734863,10.3100004196167,233600.0,28.801617793832946,37.85094303506563,36.49799868954092,35.654709142863325,35.42303276120183,2.25,76.0,-0.9,1.04
EZPW,2019-02-26,10.25,10.289999961853027,9.949999809265137,9.960000038146973,312000.0,31.137766490827758,38.5239462234808,36.79553271541962,35.8541390428943,35.57851774807073,2.26,81.0,-0.88,0.96
EZPW,2019-02-27,9.899999618530272,9.9399995803833,9.68000030517578,9.789999961853027,440500.0,31.792133106782227,37.95943596603403,36.834358877463124,35.88524699634802,35.614794185481344,2.28,81.0,-0.86,0.95
EZPW,2019-02-28,9.800000190734863,9.880000114440918,9.670000076293944,9.770000457763672,483600.0,31.63697962091713,37.83073564402847,36.61009248659772,35.87853494059041,35.5469452594733,2.29,75.0,-0.85,1.04
EZPW,2019-03-01,9.81999969482422,10.029999732971191,9.770000457763672,9.93000030517578,445600.0,31.568372724631637,37.90350805803988,36.604762912671845,35.92472088618578,35.56659501655474,2.3,74.0,-0.83,1.03
EZPW,2019-03-04,9.93000030517578,10.0,9.779999732971191,9.800000190734863,352200.0,31.937571865959647,37.85700142187484,36.636115281340544,35.685551492693826,35.55787631266084,2.31,78.0,-0.81,1.03
EZPW,2019-03-05,9.829999923706056,9.850000381469728,9.649999618530272,9.8100004196167,302700.0,30.65088097357897,36.710084116002626,36.57804215462308,35.66979914384673,35.41465764009852,2.32,72.0,-0.8,1.05
EZPW,2019-03-06,9.8100004196167,9.8100004196167,9.640000343322754,9.65999984741211,472000.0,30.344272623679817,36.83614971001904,36.65094628458036,35.612146808313014,35.30555342107395,2.33,78.0,-0.79,1.03
EZPW,2019-03-07,9.65999984741211,9.65999984741211,9.510000228881836,9.56999969482422,201900.0,30.522320179455566,36.6264328373994,36.67402199060689,35.61839660467739,35.31434758869778,2.34,78.0,-0.77,1.02
EZPW,2019-03-08,9.5,9.739999771118164,9.43000030517578,9.670000076293944,391000.0,30.365529370160406,36.648191944182074,36.656981981051906,35.5878359518646,35.33324463353712,2.35,77.0,-0.75,1.02
EZPW,2019-03-11,9.699999809265137,9.81999969482422,9.640000343322754,9.729999542236328,200900.0,29.876494172324357,36.659017467994005,36.66921819343687,35.51352744770862,35.341010999751795,2.36,77.0,-0.73,1.01
EZPW,2019-03-12,9.720000267028809,9.729999542236328,9.579999923706056,9.65999984741211,222900.0,27.886683762038327,36.044556339346585,36.68209801400016,35.179610075593274,35.34569061137915,2.36,78.0,-0.72,1.01
EZPW,2019-03-13,9.699999809265137,9.720000267028809,9.470000267028809,9.550000190734863,214200.0,28.15209502034421,35.24632604459841,36.71823897597232,35.05503477323611,35.282806593180304,2.37,78.0,-0.7,1.0
EZPW,2019-03-14,9.5600004196167,9.720000267028809,9.5,9.550000190734863,362800.0,25.26672330929597,34.104938854493945,36.624508864637164,35.01818567070555,35.27043733476643,2.37,71.0,-0.68,1.03
EZPW,2019-03-15,9.539999961853027,9.609999656677246,9.40999984741211,9.600000381469728,1592200.0,24.62764747756669,34.06590277097051,36.58642764718144,34.80267019044917,35.1910377383604,2.38,65.0,-0.66,1.04
EZPW,2019-03-18,9.600000381469728,9.720000267028809,9.579999923706056,9.609999656677246,477800.0,20.58022879250808,33.55899700487249,36.57273396373522,33.47323884520254,35.147408501109325,2.38,63.0,-0.65,1.05
EZPW,2019-03-19,9.65999984741211,9.670000076293944,9.329999923706056,9.4399995803833,406300.0,18.988304951518405,33.68217505254857,36.63238137311645,33.33398678794555,35.163638879500674,2.38,71.0,-0.63,1.03
EZPW,2019-03-20,9.4399995803833,9.470000267028809,9.25,9.359999656677246,366500.0,18.875623483976366,33.68323673625347,36.65287554633806,33.34309237380279,35.17010834158778,2.37,73.0,-0.62,1.02
EZPW,2019-03-21,9.34000015258789,9.6899995803833,9.34000015258789,9.5,374600.0,19.465568521694102,32.075557566896265,36.65385690291513,33.39811913763373,35.20655748883709,2.36,73.0,-0.61,1.01
EZPW,2019-03-22,9.4399995803833,9.4399995803833,9.079999923706056,9.109999656677246,294500.0,22.420786706238896,33.370427633087836,37.16410683352636,33.57776567344156,35.381661416178666,2.36,83.0,-0.6,0.9
EZPW,2019-03-25,9.109999656677246,9.329999923706056,9.06999969482422,9.260000228881836,329500.0,23.141133297473612,33.14992614273526,37.25800536350638,33.62295066402267,35.36283860035496,2.35,85.0,-0.59,0.87
EZPW,2019-03-26,9.31999969482422,9.390000343322754,9.199999809265137,9.289999961853027,245600.0,23.030595927887553,32.86911946963573,37.21336506431828,33.43027982391818,35.35113702355701,2.35,83.0,-0.57,0.88
EZPW,2019-03-27,9.229999542236328,9.289999961853027,9.0600004196167,9.220000267028809,230800.0,22.97293498546162,32.89145104618449,37.06778667899204,33.247909082733344,35.045296061910264,2.34,79.0,-0.55,0.94
EZPW,2019-03-28,9.220000267028809,9.380000114440918,9.1899995803833,9.359999656677246,221100.0,23.58360660851512,32.84922203168617,36.93925004444558,33.29820744234769,34.80754603341792,2.33,78.0,-0.54,0.97
EZPW,2019-03-29,9.43000030517578,9.5600004196167,9.270000457763672,9.31999969482422,723200.0,22.641285258370804,31.59957850690642,36.81034554487307,33.26041424536213,34.804988150097756,2.33,75.0,-0.52,1.03
EZPW,2019-04-01,9.380000114440918,9.5,9.300000190734863,9.369999885559082,444800.0,22.46371214342206,31.59659068692736,36.8217540359866,33.11906275192748,34.77164783831481,2.31,75.0,-0.49,1.02
EZPW,2019-04-02,9.43000030517578,9.56999969482422,9.390000343322754,9.5,261400.0,22.623991860378872,30.71107182765735,36.831756012804604,33.15813905781139,34.67858700707011,2.3,75.0,-0.47,1.01
EZPW,2019-04-03,9.56999969482422,9.649999618530272,9.470000267028809,9.529999732971191,520800.0,22.35080972148415,27.863495445299446,36.83393116690167,33.080658876354995,34.66966031267214,2.28,75.0,-0.45,1.01
EZPW,2019-04-04,9.539999961853027,9.880000114440918,9.539999961853027,9.829999923706056,429600.0,24.354769417543977,28.443811880154186,37.135074973050834,33.287631042021296,34.79571798601044,2.26,80.0,-0.45,0.91
EZPW,2019-04-05,9.8100004196167,9.960000038146973,9.800000190734863,9.920000076293944,365500.0,24.291418132239535,27.784905300905688,36.4618033534877,33.296784108006705,34.79977370390734,2.25,47.0,-0.47,1.05
EZPW,2019-04-08,9.890000343322754,9.949999809265137,9.770000457763672,9.949999809265137,233300.0,24.312938337329005,27.112769928398627,36.463842652120064,32.827076721111744,34.73222842460702,2.23,47.0,-0.49,1.05
EZPW,2019-04-09,9.9399995803833,10.5,9.90999984741211,10.3100004196167,1029900.0,24.442589425345197,27.920792721412063,36.65435407686798,33.107264300507325,34.91335697329534,2.21,63.0,-0.51,1.0
EZPW,2019-04-10,10.270000457763672,10.5,10.1899995803833,10.460000038146973,591400.0,24.09517997505137,28.01301211856297,36.69338270940005,33.157221790385364,34.8656683999008,2.18,67.0,-0.53,0.98
EZPW,2019-04-11,10.479999542236328,10.550000190734863,10.270000457763672,10.289999961853027,344100.0,24.666773967908743,28.165188413445602,36.79966999458465,33.19032945681099,34.82079053883524,2.14,70.0,-0.54,0.94
EZPW,2019-04-12,10.529999732971191,10.720000267028809,10.420000076293944,10.640000343322754,594200.0,26.013689215226044,28.695570703699136,35.00965186656105,33.42856978194094,34.99059979946456,2.14,33.0,-0.54,0.24
EZPW,2019-04-15,10.6899995803833,10.699999809265137,10.460000038146973,10.539999961853027,207500.0,25.84250725533328,28.807065602578437,35.04001663047486,33.39252386537888,34.99491503374974,2.09,33.0,-0.55,0.22
EZPW,2019-04-16,10.609999656677246,10.739999771118164,10.609999656677246,10.710000038146973,451600.0,26.13472507043922,28.25064110022653,33.96925175485202,33.08075691039269,35.03478495404034,2.07,30.0,-0.57,0.21
EZPW,2019-04-17,10.760000228881836,10.960000038146973,10.710000038146973,10.75,420200.0,25.550113109797135,27.834500167863098,33.91302502819785,32.98548045611226,35.03770221172098,2.04,29.0,-0.58,0.23
EZPW,2019-04-18,10.720000267028809,10.779999732971191,10.56999969482422,10.760000228881836,248200.0,25.270331577638128,27.831084975096097,33.88758249977936,32.946904649850374,35.03512759981584,2.02,28.0,-0.6,0.23
EZPW,2019-04-22,10.760000228881836,10.859999656677246,10.68000030517578,10.739999771118164,266300.0,25.246516504287914,27.724956909311338,33.8757162867888,32.93216426663,35.03408776032237,1.99,27.0,-0.62,0.24
EZPW,2019-04-23,10.68000030517578,10.6899995803833,10.470000267028809,10.56999969482422,360600.0,25.850033142823676,27.726803418310332,33.423990443719646,32.71284487396478,35.06032665097651,1.98,23.0,-0.65,0.32
EZPW,2019-04-24,10.56999969482422,10.699999809265137,10.460000038146973,10.640000343322754,238000.0,25.696244373411638,26.599773217674638,33.394416458647974,32.70421759126649,35.05823424968832,1.95,21.0,-0.67,0.34
EZPW,2019-04-25,10.649999618530272,10.899999618530272,10.479999542236328,10.760000228881836,433900.0,25.409692704541527,26.655200247734996,32.92697961268709,32.51919483785433,35.07795444762283,1.94,13.0,-0.7,0.42
EZPW,2019-04-26,10.710000038146973,11.029999732971191,10.65999984741211,11.010000228881836,437300.0,25.9633075376697,25.66108019384347,33.02791207640748,32.618459545396284,35.12890967521551,1.93,15.0,-0.7,0.39
EZPW,2019-04-29,11.09000015258789,11.229999542236328,11.010000228881836,11.210000038146973,700600.0,26.246512787060933,25.454352052173988,33.07796998675499,32.62432170921327,35.16892264839446,1.92,15.0,-0.69,0.39
EZPW,2019-04-30,11.18000030517578,11.210000038146973,10.779999732971191,10.869999885559082,567400.0,28.229034900390925,24.770190437758167,33.362591639498774,32.786839307072626,35.277136591282,1.89,19.0,-0.72,0.32
EZPW,2019-05-01,10.90999984741211,11.25,10.670000076293944,10.720000267028809,856700.0,27.98407852077428,24.249663690396506,32.665821723656435,32.68923418536488,35.19909709820296,1.89,4.0,-0.74,0.39
EZPW,2019-05-02,10.75,10.960000038146973,10.6899995803833,10.829999923706056,205000.0,27.768088882599606,24.29279920381064,32.66426373566819,32.675331647227864,35.21673147476658,1.89,3.0,-0.75,0.4
EZPW,2019-05-03,10.81999969482422,10.989999771118164,10.800000190734863,10.880000114440918,384900.0,27.606281211843932,24.22925842949953,32.46917495183388,32.53880045784727,35.169422578696505,1.9,3.0,-0.74,0.49
EZPW,2019-05-06,10.56999969482422,10.869999885559082,10.479999542236328,10.800000190734863,312400.0,24.156772023377936,24.254092275750782,32.48703356614004,32.5460569355428,34.863332869512945,1.9,4.0,-0.73,0.48
EZPW,2019-05-07,10.65999984741211,10.800000190734863,10.600000381469728,10.710000038146973,373700.0,24.27016388754291,24.300407657974173,32.529778273601515,32.55530327568564,34.8389070578092,1.88,4.0,-0.72,0.46
EZPW,2019-05-08,10.6899995803833,10.760000228881836,10.489999771118164,10.489999771118164,567600.0,25.37944730065474,24.672001146174903,32.29641144841936,32.60927712367439,34.87435811831927,1.88,1.0,-0.71,0.47
EZPW,2019-05-09,10.020000457763672,10.229999542236328,9.289999961853027,9.710000038146973,1218100.0,34.538442849486756,29.362467350556315,34.092079391400155,33.840469001464626,35.6574465511718,1.87,30.0,-0.66,1.48
EZPW,2019-05-10,9.600000381469728,9.630000114440918,9.31999969482422,9.40999984741211,689600.0,35.58706063935153,30.02365971054544,33.817722267603635,33.99124328567754,34.28191116248128,1.86,25.0,-0.59,1.54
EZPW,2019-05-13,9.270000457763672,9.390000343322754,9.09000015258789,9.149999618530272,460600.0,36.49884380742327,30.135359162615405,34.11658560292284,34.12042827684723,34.37099632080389,1.85,30.0,-0.52,1.39
EZPW,2019-05-14,9.15999984741211,9.270000457763672,9.100000381469728,9.170000076293944,283400.0,36.46540044785993,30.051621855498052,33.84743065059167,34.06630717627606,34.372034800064945,1.84,24.0,-0.45,1.54
EZPW,2019-05-15,9.100000381469728,9.220000267028809,9.0600004196167,9.140000343322754,233000.0,36.21031025308301,29.942145875662657,33.78379561841313,34.06493744606189,34.3253492164559,1.83,22.0,-0.37,1.58
EZPW,2019-05-16,9.149999618530272,9.279999732971191,9.149999618530272,9.210000038146973,205500.0,36.28118841326555,29.892552570505547,33.74104650331542,34.06746999507194,34.31242743793546,1.81,20.0,-0.29,1.6
EZPW,2019-05-17,9.149999618530272,9.220000267028809,9.06999969482422,9.140000343322754,320900.0,35.01346843452075,29.91417589411765,32.82914193386433,34.07623885985523,34.27717175596277,1.82,7.0,-0.26,1.84
EZPW,2019-05-20,9.140000343322754,9.229999542236328,9.039999961853027,9.0600004196167,224400.0,34.88499796361842,29.83054555215727,32.85958689572398,34.088283848876955,34.284243613824664,1.83,8.0,-0.26,1.82
EZPW,2019-05-21,9.100000381469728,9.140000343322754,9.0,9.0,267200.0,34.851969426160565,29.842517929753043,32.657137240239294,34.07322513880594,34.22700746505182,1.84,5.0,-0.23,1.88
EZPW,2019-05-22,8.960000038146973,9.130000114440918,8.850000381469727,9.109999656677246,267700.0,33.204361426624686,29.21321887851316,32.55392472740721,34.10738799540569,34.24915439988755,1.85,5.0,-0.26,1.97
EZPW,2019-05-23,9.029999732971191,9.050000190734863,8.899999618530273,8.920000076293945,361900.0,33.07392206613082,29.312559430823764,32.71259662789635,34.092736251898096,34.29096245344543,1.86,9.0,-0.3,1.85
EZPW,2019-05-24,8.960000038146973,9.100000381469728,8.949999809265137,9.0600004196167,180700.0,33.438826144854126,29.521511871376347,32.72414783644038,34.12824190810588,34.237051660467586,1.86,10.0,-0.42,1.88
EZPW,2019-05-28,9.039999961853027,9.15999984741211,8.9399995803833,8.949999809265137,455400.0,31.53076504669493,29.376680219432178,31.982874891977612,34.053507785915045,34.15129172996734,1.89,1.0,-0.44,2.0
EZPW,2019-05-29,8.899999618530273,9.050000190734863,8.829999923706055,8.989999771118164,521500.0,31.647101905903423,29.30544305492572,31.985528925284466,34.05673754816891,34.08955696565407,1.92,2.0,-0.47,2.01
EZPW,2019-05-30,8.9399995803833,9.130000114440918,8.890000343322754,8.930000305175781,200800.0,30.996491225234546,29.320465525037353,31.392335734600312,34.017011439845085,33.98834268914293,1.96,1.0,-0.46,2.17
EZPW,2019-05-31,8.8100004196167,8.829999923706055,8.6899995803833,8.779999732971191,292600.0,31.008245943063663,29.353006127354085,29.991997866259535,34.061989550006075,34.02014172869335,2.04,1.0,-0.63,2.19
EZPW,2019-06-03,8.779999732971191,9.039999961853027,8.75,9.020000457763672,277700.0,32.45311618811545,29.88177840761381,30.26761193884061,34.21034633928862,34.13371087034188,2.11,2.0,-0.83,2.07
EZPW,2019-06-04,9.109999656677246,9.279999732971191,9.029999732971191,9.25,935100.0,33.667615034680324,30.273328751453256,30.07505451044888,34.305549518708595,33.889214627843764,2.18,2.0,-0.91,2.13
EZPW,2019-06-05,9.25,9.329999923706056,9.029999732971191,9.109999656677246,213900.0,33.64827120895839,30.382432954532028,29.768945979648702,34.27163674980952,33.87637964580741,2.26,1.0,-0.94,2.2
EZPW,2019-06-06,9.109999656677246,9.15999984741211,8.899999618530273,9.029999732971191,159200.0,33.484505965719684,30.3979718245509,29.78218701021083,34.27089769553259,33.86968609328809,2.33,2.0,-0.96,2.17
EZPW,2019-06-07,9.039999961853027,9.199999809265137,8.789999961853027,9.109999656677246,144000.0,33.38787503159239,30.387687553378957,29.79964640297669,34.0882351820618,33.881196852531694,2.39,3.0,-0.97,2.17
EZPW,2019-06-10,9.149999618530272,9.43000030517578,9.020000457763672,9.170000076293944,177200.0,32.49699570711585,30.424699857666234,29.71133646545752,34.0964533157971,33.878568750412725,2.46,1.0,-0.97,2.21
EZPW,2019-06-11,9.25,9.300000190734863,8.9399995803833,9.170000076293944,387800.0,31.74718011764815,30.400269206475194,29.576518905385505,33.86580042507476,33.86686000256675,2.52,1.0,-0.97,2.28
EZPW,2019-06-12,9.109999656677246,9.369999885559082,9.029999732971191,9.359999656677246,226300.0,31.844593077600603,30.70983558192791,29.74923536505571,33.95828919939824,33.932502119990914,2.58,3.0,-0.95,2.19
EZPW,2019-06-13,9.380000114440918,9.520000457763672,9.329999923706056,9.369999885559082,283800.0,31.776010177992863,30.4957632020202,29.288986719939125,33.601202284982676,33.921602466119765,2.64,1.0,-0.95,2.38
EZPW,2019-06-14,9.399999618530272,9.449999809265137,9.25,9.270000457763672,161300.0,31.51294722812768,30.525204111245774,29.149947554934275,33.49796798830055,33.73171726310173,2.7,1.0,-0.94,2.48
EZPW,2019-06-17,9.270000457763672,9.31999969482422,9.0600004196167,9.119999885559082,232300.0,31.53143032265746,30.53884133370798,29.268008889570773,33.42671427855792,33.75277828301724,2.76,2.0,-0.94,2.38
EZPW,2019-06-18,9.119999885559082,9.520000457763672,9.119999885559082,9.140000343322754,176800.0,31.613816271207117,29.30785790934291,29.16767545220347,33.071615256460774,33.6812064123985,2.81,2.0,-0.94,2.43
EZPW,2019-06-19,9.1899995803833,9.289999961853027,8.970000267028809,9.079999923706056,153800.0,31.60429221169516,29.14008965685354,28.999048312567705,32.995868118437244,33.68126321780025,2.87,1.0,-0.95,2.51
EZPW,2019-06-20,9.199999809265137,9.229999542236328,9.06999969482422,9.119999885559082,176100.0,31.38948632709572,29.147122045319108,28.44525044557465,32.93955429252353,33.64294220876238,2.93,1.0,-0.95,2.84
EZPW,2019-06-21,9.09000015258789,9.229999542236328,9.0600004196167,9.109999656677246,336200.0,22.61807413239715,29.10846976916123,28.437294339680818,32.90533117331328,33.5791484455394,2.98,1.0,-0.95,2.84
EZPW,2019-06-24,9.109999656677246,9.5600004196167,9.109999656677246,9.40999984741211,320700.0,22.9999519530113,29.707288298744743,28.07623769526152,33.000863916884995,33.49002815727707,3.04,1.0,-0.95,2.89
EZPW,2019-06-25,9.399999618530272,9.640000343322754,9.350000381469728,9.56999969482422,384900.0,21.900814725830813,29.889841067743,28.03642703585619,33.0007540117655,33.42691215247701,3.09,1.0,-0.95,2.97
EZPW,2019-06-26,9.630000114440918,9.710000038146973,9.380000114440918,9.380000114440918,181500.0,22.771143478417287,30.16378524445924,27.23762353665916,33.06741563406588,33.45490554264039,3.14,1.0,-0.95,3.06
EZPW,2019-06-27,9.380000114440918,9.59000015258789,9.359999656677246,9.56999969482422,357100.0,23.407253776740276,30.313091338818722,26.99185936310377,33.12290083391213,33.35869725815328,3.2,1.0,-0.93,3.18
EZPW,2019-06-28,9.600000381469728,9.6899995803833,9.420000076293944,9.470000267028809,899600.0,23.586150396685873,30.383904885800877,27.01156211866004,33.14356064827481,32.378340187638,3.24,2.0,-0.9,3.12
EZPW,2019-07-01,9.579999923706056,9.630000114440918,9.470000267028809,9.579999923706056,206500.0,23.636404436273022,29.789315869554567,27.05532668219881,33.173920835347346,32.260307117826976,3.29,3.0,-0.88,3.13
EZPW,2019-07-02,9.609999656677246,9.65999984741211,9.529999732971191,9.579999923706056,161400.0,23.438116957707745,29.723089850909272,27.021865286873243,33.13417881609739,32.258822630345755,3.33,3.0,-0.84,3.14
EZPW,2019-07-03,9.619999885559082,9.880000114440918,9.619999885559082,9.800000190734863,297500.0,24.048303607504835,30.09638761559107,27.263001754073983,33.24546512879113,32.34504169059344,3.36,6.0,-0.82,3.02
EZPW,2019-07-05,9.779999732971191,9.859999656677246,9.739999771118164,9.760000228881836,220800.0,23.96242041152709,29.164659006804666,27.244985426236234,33.24707236172838,32.218615632371176,3.38,6.0,-0.79,3.01
EZPW,2019-07-08,9.770000457763672,9.84000015258789,9.670000076293944,9.68000030517578,121600.0,23.14897801470295,29.024537922549875,27.264252954031896,33.258845644977264,32.213957904059164,3.41,8.0,-0.74,2.97
EZPW,2019-07-09,9.65999984741211,9.6899995803833,9.59000015258789,9.609999656677246,325100.0,22.993098397625165,28.881714210092156,27.284364914698568,33.20833361489795,32.07898682603273,3.43,9.0,-0.7,2.94
EZPW,2019-07-10,9.649999618530272,9.720000267028809,9.5,9.619999885559082,232800.0,22.60033154729815,27.97343087569329,27.005038643062917,33.17646842358571,31.944228105261395,3.46,2.0,-0.68,3.2
EZPW,2019-07-11,9.649999618530272,9.720000267028809,9.460000038146973,9.5600004196167,141200.0,22.728776431308965,27.943265465074635,26.97008522741568,33.17565453862799,31.940818713665976,3.49,1.0,-0.65,3.2
EZPW,2019-07-12,9.56999969482422,9.670000076293944,9.510000228881836,9.619999885559082,185600.0,22.60538074386926,27.7514297503617,26.930103238986298,33.157010775062915,31.922350243636327,3.51,1.0,-0.61,3.22
EZPW,2019-07-15,9.609999656677246,9.850000381469728,9.59000015258789,9.84000015258789,239800.0,22.55905140526543,28.1783212873149,27.121039172275957,33.266766718042035,31.892201429258343,3.54,8.0,-0.56,3.1
EZPW,2019-07-16,9.850000381469728,10.050000190734863,9.81999969482422,9.960000038146973,287700.0,21.625110395635676,28.31212758785817,27.193734798373185,33.24468801355316,31.909867703732896,3.56,9.0,-0.52,3.07
EZPW,2019-07-17,9.960000038146973,9.960000038146973,9.649999618530272,9.65999984741211,241800.0,22.73431745547503,28.941880704687,27.55695837394979,33.398832619106834,31.985934672341997,3.58,15.0,-0.44,2.76
EZPW,2019-07-18,9.649999618530272,9.710000038146973,9.630000114440918,9.640000343322754,116300.0,22.208042303152734,28.790627870965245,27.553148799057098,33.39578815051606,31.976939893179274,3.6,15.0,-0.36,2.77
EZPW,2019-07-19,9.600000381469728,9.760000228881836,9.529999732971191,9.6899995803833,204900.0,21.99115555997694,28.774880464931236,27.02686576952809,33.36785982715397,31.972938974422387,3.62,7.0,-0.33,3.15
EZPW,2019-07-22,9.68000030517578,9.729999542236328,9.609999656677246,9.6899995803833,161500.0,21.914143040331325,28.653772246937997,26.890011899486225,33.274440200355684,31.62503107587194,3.63,1.0,-0.33,3.3
EZPW,2019-07-23,9.6899995803833,9.779999732971191,9.609999656677246,9.760000228881836,360200.0,21.92622954592768,28.252262764923874,26.91303969881454,33.14681529208605,31.631495144058636,3.65,2.0,-0.33,3.3
EZPW,2019-07-24,9.710000038146973,10.0,9.710000038146973,9.979999542236328,242900.0,22.681374207064326,28.39530284678588,27.022889775567236,33.17631637770312,31.716301839745693,3.67,9.0,-0.33,3.23
EZPW,2019-07-25,9.989999771118164,10.0,9.640000343322754,9.710000038146973,109300.0,23.666724859043413,28.256950372904782,27.293743347550244,33.33212061601794,31.814798374906506,3.68,19.0,-0.33,3.02
EZPW,2019-07-26,9.720000267028809,9.859999656677246,9.699999809265137,9.84000015258789,137300.0,23.923836483064868,28.31264345749687,27.37596605163978,33.32997440334911,31.83843482599682,3.68,20.0,-0.33,2.98
EZPW,2019-07-29,9.81999969482422,9.899999618530272,9.630000114440918,9.729999542236328,268300.0,23.947283418067787,28.277353905322144,27.324091038383745,33.35442101153544,31.817043569394688,3.68,20.0,-0.33,3.03
EZPW,2019-07-30,9.68000030517578,10.050000190734863,9.65999984741211,10.039999961853027,267000.0,24.816564717467685,29.05661308500123,27.728005801040577,33.53983694520363,31.705021170877167,3.68,24.0,-0.37,2.87
EZPW,2019-07-31,10.06999969482422,10.199999809265137,9.829999923706056,9.850000381469728,345600.0,25.645808134110524,29.25939315282622,27.854654318338394,33.1927263492412,31.687477718830596,3.67,25.0,-0.39,2.72
EZPW,2019-08-01,9.43000030517578,9.760000228881836,8.630000114440918,8.960000038146973,1028300.0,38.06511988465597,34.92208455880294,31.64725973792682,35.042580150687286,33.02645330572578,3.64,45.0,-0.4,5.35
EZPW,2019-08-02,8.890000343322754,8.979999542236328,8.539999961853027,8.670000076293945,329900.0,39.17188333831622,35.273187702361504,32.0395219079998,35.13593091725153,33.17148747131687,3.6,48.0,-0.41,4.94
EZPW,2019-08-05,8.550000190734863,8.640000343322754,8.369999885559082,8.600000381469727,538800.0,39.215371001289746,31.739099544118414,32.016347062303744,35.14028180073417,32.994678907338916,3.57,48.0,-0.43,4.97
EZPW,2019-08-06,8.5600004196167,8.6899995803833,8.449999809265137,8.529999732971191,390500.0,37.86975613468875,31.173448947300493,32.03582047105739,35.152438619605476,32.987050731681464,3.53,49.0,-0.44,4.93
EZPW,2019-08-07,8.449999809265137,8.779999732971191,8.4399995803833,8.720000267028809,315900.0,38.137279477772765,31.051473478374785,32.23116229946338,33.96423735586016,32.90992950689579,3.5,51.0,-0.46,4.8
EZPW,2019-08-08,8.800000190734863,8.970000267028809,8.710000038146973,8.84000015258789,393300.0,38.08696302165222,31.187533647767722,32.31335148484903,33.999981759183356,32.92836946070615,3.46,53.0,-0.49,4.76
EZPW,2019-08-09,8.850000381469727,8.899999618530273,8.59000015258789,8.65999984741211,193700.0,37.86440471276833,31.45098579573781,32.35272664997589,33.46561395082993,32.93466719762201,3.43,54.0,-0.51,4.72
EZPW,2019-08-12,8.59000015258789,8.59000015258789,8.279999732971191,8.300000190734863,256400.0,39.48830280002974,32.52761098126117,32.99939869431621,33.78920674053143,33.161995080574954,3.39,67.0,-0.5,4.2
EZPW,2019-08-13,8.260000228881836,8.479999542236328,8.25,8.3100004196167,161400.0,39.23837180116888,32.509599675610424,32.9014348048557,33.76835350431255,33.073613525668165,3.36,66.0,-0.5,4.25
EZPW,2019-08-14,8.170000076293945,8.260000228881836,8.079999923706055,8.100000381469727,583200.0,39.66854149582068,32.8492964499553,32.488394685455944,33.89171789145083,33.1315670234271,3.31,57.0,-0.45,4.53
EZPW,2019-08-15,8.1899995803833,8.289999961853027,8.109999656677246,8.149999618530273,244800.0,38.92562344453466,32.874492579231074,32.38881608171591,33.62331851498369,33.04855620664655,3.26,55.0,-0.45,4.59
EZPW,2019-08-16,8.180000305175781,8.319999694824219,7.96999979019165,8.239999771118164,385200.0,39.23864733751938,32.854452377256,32.43959994771327,33.637703180765385,33.07001405631211,3.2,56.0,-0.47,4.56
EZPW,2019-08-19,8.350000381469727,8.350000381469727,8.109999656677246,8.149999618530273,354500.0,39.26251490640229,32.66439720825381,32.4612064206191,33.35071394822678,33.079313780236866,3.15,57.0,-0.49,4.54
EZPW,2019-08-20,8.109999656677246,8.199999809265137,8.020000457763672,8.119999885559082,216700.0,39.26411533137218,32.47222323083555,32.357804797144624,33.29413783108339,33.05855606120036,3.1,55.0,-0.51,4.58
EZPW,2019-08-21,8.199999809265137,8.270000457763672,7.96999979019165,8.149999618530273,326800.0,39.310587498843745,32.41840112255108,32.36459974384543,33.279319606801735,33.05337652637479,3.05,56.0,-0.54,4.59
EZPW,2019-08-22,8.130000114440918,8.220000267028809,8.0,8.140000343322754,243800.0,39.32949909781299,32.39423708431775,32.34681941219427,33.23135155957406,33.02082783536549,3.0,54.0,-0.57,4.59
EZPW,2019-08-23,8.109999656677246,8.1899995803833,7.860000133514404,7.909999847412109,420000.0,39.73332750158557,32.849825206891516,32.54069648921141,33.00613055190137,33.118098584883235,2.95,65.0,-0.58,4.33
EZPW,2019-08-26,7.96999979019165,7.980000019073486,7.849999904632568,7.920000076293945,296800.0,38.8448592262988,32.7082543737762,32.534711178207964,32.999165053120976,33.07895367405902,2.9,65.0,-0.6,4.33
EZPW,2019-08-27,7.949999809265137,8.020000457763672,7.71999979019165,7.989999771118164,445000.0,38.71272486918636,32.23619791370864,32.152905887011286,32.933911096828474,33.09309706277255,2.83,51.0,-0.63,4.55
EZPW,2019-08-28,7.96999979019165,8.100000381469727,7.880000114440918,7.980000019073486,201000.0,38.111528873455335,31.73484321460116,32.10317444307924,32.93042771633354,33.08409788549126,2.78,51.0,-0.65,4.57
EZPW,2019-08-29,8.020000457763672,8.1899995803833,7.940000057220459,8.0600004196167,229400.0,38.388487540751356,31.721713407267714,32.150782587901155,32.95310098515226,33.10304050771823,2.73,52.0,-0.67,4.54
EZPW,2019-08-30,8.100000381469727,8.289999961853027,7.840000152587891,7.869999885559082,194600.0,38.577949785506895,32.0073225758206,31.760603083230997,32.79765589307275,33.17984962475493,2.67,46.0,-0.66,4.63
EZPW,2019-09-03,7.809999942779541,7.900000095367432,7.690000057220459,7.820000171661377,231500.0,38.5225807858554,31.933402560095082,31.646277309647104,32.51517882231314,33.16730315400837,2.6,45.0,-0.63,4.68
EZPW,2019-09-04,7.889999866485596,7.949999809265137,7.760000228881836,7.860000133514404,132200.0,38.45949560052222,31.91698488799006,31.597142331528172,32.16119703501766,33.17221947891307,2.53,45.0,-0.62,4.79
EZPW,2019-09-05,7.980000019073486,8.029999732971191,7.840000152587891,7.860000133514404,279500.0,37.504124371822705,31.91698488799006,31.064928935204712,32.15406921912149,33.10274930021738,2.5,44.0,-0.6,5.11
EZPW,2019-09-06,7.860000133514404,7.909999847412109,7.820000171661377,7.840000152587891,194500.0,37.07265174622887,31.552641020983284,31.047966011229246,32.01298470252407,33.08633493844792,2.46,44.0,-0.57,5.15
EZPW,2019-09-09,7.900000095367432,7.929999828338623,7.809999942779541,7.849999904632568,491400.0,36.65831935924987,31.55379537688967,30.906749098004973,31.979878613176332,33.015021060733766,2.44,44.0,-0.55,5.24
EZPW,2019-09-10,7.889999866485596,8.130000114440918,7.860000133514404,8.010000228881836,607400.0,37.50324368340565,31.862552523349425,31.10898925289543,32.02828555206551,33.082438521421444,2.42,47.0,-0.52,5.1
EZPW,2019-09-11,8.0600004196167,8.220000267028809,7.940000057220459,8.149999618530273,889100.0,36.47900771662955,31.982338456738585,31.26942521189877,31.577252609182928,33.09944727060676,2.39,48.0,-0.49,5.0
EZPW,2019-09-12,8.170000076293945,8.329999923706055,8.119999885559082,8.260000228881836,784500.0,36.753737802199396,32.12550722599153,31.37457631184689,31.61109840977425,33.12639179006123,2.37,49.0,-0.45,4.94
EZPW,2019-09-13,8.3100004196167,8.460000038146973,8.289999961853027,8.350000381469727,579200.0,25.633898625259505,32.21035022612788,31.373106418984275,31.49193186433859,33.13754346877118,2.36,49.0,-0.4,5.03
EZPW,2019-09-16,8.34000015258789,8.529999732971191,8.3100004196167,8.350000381469727,494800.0,23.944402127868624,32.189177435488006,31.342613620085825,31.416790527860417,33.10411405309436,2.34,49.0,-0.34,5.04
EZPW,2019-09-17,8.3100004196167,8.380000114440918,8.239999771118164,8.3100004196167,285600.0,23.881287832192832,32.19629740530826,31.268246507172147,31.394738189241423,33.04974409286399,2.33,48.0,-0.29,5.06
EZPW,2019-09-18,8.329999923706055,8.329999923706055,8.15999984741211,8.25,234800.0,23.85908996104381,31.42768505406341,31.00652614032084,31.375783447193818,33.04590735469906,2.32,45.0,-0.29,5.21
EZPW,2019-09-19,7.840000152587891,7.869999885559082,7.199999809265137,7.300000190734863,1990800.0,41.70564927176837,39.68565403815243,36.17313796148306,34.115325393216516,35.06298396221194,2.37,100.0,-0.38,8.55
EZPW,2019-09-20,7.28000020980835,7.28000020980835,6.739999771118164,7.079999923706055,1553200.0,41.87169279640293,39.92023317743364,36.16943790031064,34.299730545091634,35.182178911579584,2.42,99.0,-0.31,8.55
EZPW,2019-09-23,7.039999961853027,7.099999904632568,6.820000171661377,6.889999866485596,513100.0,42.096441131392496,39.84393891492293,36.32079251391976,34.09737503255148,35.107815329923284,2.48,100.0,-0.17,8.32
EZPW,2019-09-24,6.889999866485596,6.929999828338623,6.590000152587891,6.639999866485596,537400.0,41.72949888946688,40.35215899180991,36.607874112115866,33.64421048579977,35.28208403435664,2.54,100.0,0.02,7.83
EZPW,2019-09-25,6.659999847412109,6.789999961853027,6.630000114440918,6.75,898400.0,42.233819939882075,40.45468358439221,36.73387340976825,33.69990377073183,35.0979620578946,2.61,100.0,0.03,7.73
EZPW,2019-09-26,6.760000228881836,6.829999923706055,6.710000038146973,6.739999771118164,555000.0,41.88457185734183,40.446689194267485,36.73515247479453,33.452792569892424,35.00538951272662,2.67,100.0,0.01,7.75
EZPW,2019-09-27,6.78000020980835,6.78000020980835,6.559999942779541,6.630000114440918,629300.0,41.82106142331804,40.05978003797303,36.77803003257541,33.2648542651461,34.94598016728595,2.73,100.0,0.01,7.67
EZPW,2019-09-30,6.619999885559082,6.650000095367432,6.449999809265137,6.460000038146973,574500.0,41.82107141958238,40.253858207752266,36.84496433274017,33.37183229494379,34.79862951605688,2.8,100.0,0.07,7.58
EZPW,2019-10-01,6.480000019073486,6.550000190734863,6.300000190734863,6.329999923706055,419000.0,41.964298693577305,40.3474783373623,35.061847659133946,33.43363742984746,34.784207344675174,2.81,92.0,0.13,8.95
EZPW,2019-10-02,6.300000190734863,6.409999847412109,6.21999979019165,6.260000228881836,417900.0,41.94668984561076,40.355970775420836,34.8097597386842,33.38451666506242,34.75977836956402,2.82,91.0,0.14,9.35
EZPW,2019-10-03,6.25,6.309999942779541,6.039999961853027,6.079999923706055,686000.0,42.18595424841337,40.568783659049046,34.83048501253009,33.45505750590929,34.84712222728755,2.83,91.0,0.16,9.32
EZPW,2019-10-04,6.130000114440918,6.179999828338623,6.010000228881836,6.110000133514404,470000.0,42.331530145405424,40.64975656264423,34.84574583476225,33.46150600447513,34.749802841520264,2.85,91.0,0.11,9.31
EZPW,2019-10-07,6.079999923706055,6.28000020980835,6.079999923706055,6.190000057220459,593300.0,42.42044319010635,40.77044451138928,34.95080206978872,33.24948395273644,34.74641376127967,2.86,91.0,0.02,9.23
EZPW,2019-10-08,5.610000133514404,5.769999980926514,5.320000171661377,5.429999828338623,2010300.0,55.244573217505376,47.54054620443366,40.304838068520645,36.512573837891445,37.04688604483772,3.0,100.0,0.2,9.75
EZPW,2019-10-09,5.440000057220459,5.650000095367432,5.420000076293945,5.539999961853027,902800.0,55.71742185439709,47.72502822530677,40.5029397763418,36.6115434674581,37.08642382645962,3.14,100.0,0.21,9.62
EZPW,2019-10-10,5.579999923706055,5.679999828338623,5.559999942779541,5.570000171661377,632400.0,55.86425185510803,47.62460925697455,40.53183041198267,36.56136397053212,37.09414700732938,3.28,100.0,0.15,9.64
EZPW,2019-10-11,5.599999904632568,5.860000133514404,5.599999904632568,5.75,708600.0,56.95748923161938,48.34112488889867,40.946304639482214,36.68750511320993,37.253081977845895,3.42,100.0,0.03,9.32
EZPW,2019-10-14,5.75,5.889999866485596,5.650000095367432,5.829999923706055,519800.0,57.27901789200857,48.4786696816701,40.96441087660499,36.527440216983656,37.26951676861182,3.56,100.0,-0.1,9.31
EZPW,2019-10-15,5.829999923706055,5.949999809265137,5.800000190734863,5.909999847412109,518100.0,57.6810636068927,48.660469514776565,40.97661677745818,36.568087644788704,37.300097317367886,3.68,100.0,-0.24,9.43
EZPW,2019-10-16,5.900000095367432,5.940000057220459,5.849999904632568,5.860000133514404,328000.0,57.51973414843121,48.553970187091956,40.860195466800626,36.17325048996015,37.30523389006593,3.8,97.0,-0.36,9.48
EZPW,2019-10-17,5.869999885559082,5.880000114440918,5.769999980926514,5.809999942779541,347600.0,57.44659491035085,48.12806373415053,40.846441620380816,36.127213740265915,37.30807196496828,3.92,96.0,-0.47,9.51
EZPW,2019-10-18,5.769999980926514,5.869999885559082,5.760000228881836,5.789999961853027,345600.0,57.43693574220507,47.986969848627304,40.822456846023215,35.65848923967118,37.27799405316451,4.03,95.0,-0.57,9.5
EZPW,2019-10-21,5.869999885559082,5.949999809265137,5.809999942779541,5.820000171661377,360100.0,57.51498740823029,47.857107485941434,40.84890552584932,35.45278986875903,37.27074816575385,4.13,96.0,-0.67,9.52
EZPW,2019-10-22,5.820000171661377,5.829999923706055,5.630000114440918,5.650000095367432,690800.0,57.05621600967491,48.0462269485603,40.9986359227763,35.57189136250567,37.362444516827075,4.23,100.0,-0.76,9.3
EZPW,2019-10-23,5.650000095367432,5.730000019073486,5.300000190734863,5.329999923706055,1274400.0,57.92429230227243,48.337410376220575,41.56823638232819,36.159821354163896,37.767662189839704,4.34,100.0,-0.81,8.48
EZPW,2019-10-24,5.349999904632568,5.409999847412109,5.119999885559082,5.199999809265137,1050300.0,57.39907390443073,48.3931581210588,41.39215396401193,36.220325859279896,37.83249353947717,4.44,99.0,-0.84,8.47
EZPW,2019-10-25,5.199999809265137,5.289999961853027,5.190000057220459,5.269999980926514,696900.0,57.5044593662951,45.348190307212974,41.47439557968492,36.27629075284092,37.8424419138347,4.53,99.0,-0.9,8.49
EZPW,2019-10-28,5.300000190734863,5.400000095367432,5.300000190734863,5.320000171661377,237000.0,57.78779857989379,45.218928368532026,41.538163880855755,36.287818762515535,37.82527162006685,4.62,99.0,-0.95,8.49
EZPW,2019-10-29,5.320000171661377,5.340000152587891,5.230000019073486,5.340000152587891,265300.0,57.972206093433066,45.28456575262799,41.50211491922936,36.2872974680633,37.824918591420506,4.71,98.0,-1.01,8.51
EZPW,2019-10-30,5.309999942779541,5.389999866485596,5.210000038146973,5.360000133514404,358200.0,58.18264765579237,45.34772402262698,41.48389733563906,36.297166042646595,37.81566420743579,4.79,97.0,-1.07,8.52
EZPW,2019-10-31,5.329999923706055,5.340000152587891,5.170000076293945,5.260000228881836,313000.0,48.4048786124462,44.9735120062417,41.529547680275634,36.25410714574226,37.7784522550559,4.86,98.0,-1.11,8.4
EZPW,2019-11-01,5.340000152587891,5.449999809265137,5.320000171661377,5.340000152587891,420900.0,48.60219464107727,45.00439244442996,41.451879340370304,36.2857025206425,37.74781754878154,4.93,94.0,-1.16,8.46
EZPW,2019-11-04,5.360000133514404,5.519999980926514,5.309999942779541,5.510000228881836,430400.0,49.68843785610779,45.65745592181996,41.852653086839595,36.47983551923092,37.838694627341646,5.01,100.0,-1.21,8.17
EZPW,2019-11-05,5.519999980926514,5.639999866485596,5.389999866485596,5.440000057220459,407500.0,48.929075655590175,45.089472645082594,41.860702277340955,36.45747516552771,37.85286542070274,5.07,100.0,-1.25,8.16
EZPW,2019-11-06,5.389999866485596,5.5,5.21999979019165,5.230000019073486,499400.0,49.31346731402025,45.53700667159845,42.17348826264026,36.700815861266236,38.01532292697707,5.14,100.0,-1.28,7.78
EZPW,2019-11-07,5.309999942779541,5.400000095367432,5.260000228881836,5.340000152587891,482300.0,50.0078896201185,45.751549129509606,42.363813290044014,36.77632952517935,38.087053436714676,5.21,100.0,-1.31,7.66
EZPW,2019-11-08,5.320000171661377,5.320000171661377,5.159999847412109,5.199999809265137,286200.0,50.24596488666252,45.84279383870541,42.496895544347,36.87593135781807,38.15570280234704,5.27,100.0,-1.34,7.46
EZPW,2019-11-11,5.130000114440918,5.230000019073486,5.090000152587891,5.110000133514404,421000.0,50.042876661727334,45.72371184630712,42.50799931539751,36.73062106748422,37.949773042818144,5.32,100.0,-1.36,7.38
EZPW,2019-11-12,5.050000190734863,5.369999885559082,5.050000190734863,5.329999923706055,488400.0,51.92609341384286,46.8564911307204,43.17874909865257,37.093150488052814,38.209170539407125,5.39,100.0,-1.39,6.98
EZPW,2019-11-13,5.329999923706055,5.449999809265137,5.269999980926514,5.380000114440918,391200.0,52.07989520961137,46.972628948414034,42.81907329449401,37.123344583987226,38.15973718163982,5.43,99.0,-1.41,7.2
EZPW,2019-11-14,5.349999904632568,5.429999828338623,5.150000095367432,5.159999847412109,447800.0,52.70988913037353,47.45737679554175,43.04710219816539,37.32684879985263,38.362581132719306,5.48,99.0,-1.42,6.83
EZPW,2019-11-15,5.210000038146973,5.210000038146973,5.079999923706055,5.179999828338623,1466700.0,52.69272157662389,47.49816097826072,43.01830509266039,37.31999861206994,38.36730581376929,5.51,98.0,-1.43,6.93
EZPW,2019-11-18,5.289999961853027,5.289999961853027,5.039999961853027,5.090000152587891,412700.0,52.50336518109302,47.341149405175784,42.85368641537379,37.35258817296532,37.51767771181727,5.53,97.0,-1.43,6.96
EZPW,2019-11-19,5.179999828338623,5.179999828338623,4.829999923706055,4.889999866485596,556400.0,38.52528172508451,47.77633432071983,43.18333999767315,37.575452153102006,37.69605007463439,5.56,100.0,-1.43,6.59
EZPW,2019-11-20,4.869999885559082,4.96999979019165,4.769999980926514,4.869999885559082,1263700.0,37.87293091709172,47.65516982407399,43.08719438606025,37.56961244347813,37.330808438984334,5.57,98.0,-1.42,6.63
EZPW,2019-11-21,4.900000095367432,5.0,4.829999923706055,4.960000038146973,534100.0,38.342160742725575,47.945682691631845,43.25810725192292,37.62322309820176,37.353587437838506,5.59,100.0,-1.42,6.54
EZPW,2019-11-22,4.960000038146973,5.130000114440918,4.949999809265137,5.050000190734863,360800.0,37.422993407159325,48.10120399665061,43.1831548361648,37.69272968913746,37.39100925866959,5.6,98.0,-1.41,6.59
EZPW,2019-11-25,5.039999961853027,5.309999942779541,5.039999961853027,5.269999980926514,431200.0,39.51162904888753,49.07340384248978,43.884639195620146,38.08579531809173,37.662028215783444,5.61,100.0,-1.41,6.22
EZPW,2019-11-26,5.28000020980835,5.340000152587891,5.179999828338623,5.179999828338623,414500.0,39.37008490951891,49.12084422275962,43.918644531533765,38.10916815489132,37.52795436523692,5.63,100.0,-1.4,6.17
EZPW,2019-11-27,5.210000038146973,5.269999980926514,5.079999923706055,5.090000152587891,201900.0,39.53848617608068,49.10429967176691,43.954868510798946,38.143575255314396,37.55343199832611,5.63,100.0,-1.39,6.11
EZPW,2019-11-29,5.090000152587891,5.119999885559082,5.039999961853027,5.119999885559082,97800.0,39.63705918122099,49.156058032438644,43.98227851017451,38.14576006660191,37.34770664553443,5.63,100.0,-1.37,6.1
EZPW,2019-12-02,5.130000114440918,5.179999828338623,5.010000228881836,5.099999904632568,434600.0,39.63650705827202,49.15139939915645,43.98391894611262,38.14197520205831,37.30346117526659,5.63,100.0,-1.35,6.11
EZPW,2019-12-03,4.989999771118164,5.199999809265137,4.900000095367432,5.190000057220459,2245200.0,40.04926186262255,49.38221074232465,44.101479043324005,38.18426946281756,37.34844199391358,5.62,100.0,-1.33,6.04
EZPW,2019-12-04,5.239999771118164,5.389999866485596,5.199999809265137,5.21999979019165,1299800.0,39.374272559577655,49.13240848300205,43.90223711795513,38.194321670329,37.33275956105418,5.6,95.0,-1.31,6.15
EZPW,2019-12-05,5.21999979019165,5.329999923706055,5.179999828338623,5.230000019073486,759900.0,35.67024908889428,48.90563621479224,43.822811545609866,38.1386977124862,37.10394412950706,5.58,93.0,-1.3,6.19
EZPW,2019-12-06,5.800000190734863,6.429999828338623,5.699999809265137,6.190000057220459,3827400.0,60.0027809963841,60.64612677987464,51.71798522630351,42.96314248369168,40.83740863029615,5.72,100.0,-1.27,10.14
EZPW,2019-12-09,6.110000133514404,6.409999847412109,6.090000152587891,6.329999923706055,804100.0,60.15769140496722,60.81892313191351,51.89179073586473,43.005587260422814,40.86199421681291,5.86,100.0,-1.23,9.97
EZPW,2019-12-10,6.300000190734863,6.400000095367432,6.119999885559082,6.170000076293945,680700.0,60.8424463751472,60.962073505563716,51.980086849510585,43.090366000660254,40.93306145274715,5.97,100.0,-1.19,9.89
EZPW,2019-12-11,6.239999771118164,6.269999980926514,6.159999847412109,6.170000076293945,648100.0,60.85853326346299,60.97082608051908,51.980086849510585,43.086587047015705,40.932515213968685,6.07,99.5,-1.15,9.89
EZPW,2019-12-12,6.170000076293945,6.369999885559082,6.139999866485596,6.289999961853027,673300.0,61.000798614225495,61.17012256769204,52.0844542330788,43.113132245521356,40.82214456281266,6.15,100.0,-1.12,9.78
EZPW,2019-12-13,6.28000020980835,6.360000133514404,6.110000133514404,6.340000152587891,1023700.0,60.57109216632332,56.06628002404299,51.946811878660135,43.12903271842365,40.67323599774589,6.23,97.0,-1.13,9.92
EZPW,2019-12-16,6.449999809265137,6.949999809265137,6.449999809265137,6.599999904632568,1614500.0,61.32248978863435,56.418690430771576,52.29622131069491,43.41031952383917,40.6853135916976,6.31,100.0,-1.11,9.59
EZPW,2019-12-17,6.599999904632568,6.960000038146973,6.559999942779541,6.920000076293945,1210400.0,62.04441536229399,57.01493280920158,52.85688022660619,43.761781870763734,40.967220620971254,6.39,100.0,-1.13,9.11
EZPW,2019-12-18,6.960000038146973,7.010000228881836,6.800000190734863,6.880000114440918,2550000.0,61.87777186624871,56.50584498934401,52.8436992618423,43.760448271091484,40.89368426264339,6.46,99.0,-1.16,9.12
EZPW,2019-12-19,6.869999885559082,6.909999847412109,6.71999979019165,6.820000171661377,675100.0,60.46896824093696,56.44004395764012,52.55360808163477,43.593383711127956,40.88458587627706,6.51,98.0,-1.3,9.39
EZPW,2019-12-20,6.820000171661377,6.960000038146973,6.800000190734863,6.889999866485596,1664700.0,60.36463728826802,56.4762727328864,52.543291787319404,43.5975273196112,40.873780994762456,6.57,97.0,-1.45,9.39
EZPW,2019-12-23,6.929999828338623,6.949999809265137,6.659999847412109,6.690000057220459,544100.0,60.51612915119762,56.70408816198047,50.64965843855618,43.713818479762104,40.697714705280134,6.62,89.0,-1.45,10.64
EZPW,2019-12-24,6.690000057220459,6.789999961853027,6.659999847412109,6.710000038146973,241400.0,60.04529179898235,56.4441924967267,50.4288587901012,43.487182152239875,40.697859140061574,6.68,88.0,-1.42,10.86
EZPW,2019-12-26,6.710000038146973,6.760000228881836,6.630000114440918,6.710000038146973,272000.0,59.26560724037461,56.27523507650363,50.42259328856096,43.44204259089416,40.612343717071774,6.73,87.0,-1.39,10.86
EZPW,2019-12-27,6.75,6.829999923706055,6.679999828338623,6.690000057220459,320000.0,59.343127939766795,56.22525091785068,50.414412856534994,43.41051862303092,40.57583724178305,6.77,86.0,-1.35,10.87
EZPW,2019-12-30,6.699999809265137,6.849999904632568,6.639999866485596,6.809999942779541,319200.0,57.55147958373746,55.96794853157099,50.36639999402509,43.26774742815575,40.59921655854191,6.81,85.0,-1.34,10.92
EZPW,2019-12-31,6.78000020980835,6.900000095367432,6.739999771118164,6.820000171661377,312800.0,57.57518678924125,55.96443203656438,50.30408157843459,43.26228351096317,40.584598580447185,6.85,84.0,-1.34,11.0
EZPW,2020-01-02,6.880000114440918,6.900000095367432,6.579999923706055,6.590000152587891,484200.0,58.44995527879049,56.39920146193737,50.47597162345252,43.37010792034688,40.44634996859154,6.88,88.0,-1.33,10.82
EZPW,2020-01-03,6.53000020980835,6.670000076293945,6.480000019073486,6.630000114440918,493400.0,56.61053498284685,49.23324433541277,50.09005840994277,43.37582560050367,40.452159848769,6.91,82.0,-1.29,11.2
EZPW,2020-01-06,6.539999961853027,6.690000057220459,6.510000228881836,6.610000133514404,288600.0,56.587836300555104,49.12538609000423,50.08714005026794,43.37370928040046,40.245057982998716,6.93,81.0,-1.25,11.21
EZPW,2020-01-07,6.610000133514404,6.71999979019165,6.539999961853027,6.559999942779541,273300.0,56.76227459418875,49.16977701461242,49.95526211428117,43.377437754314606,39.81272035357908,6.94,80.0,-1.2,11.35
EZPW,2020-01-08,6.550000190734863,6.599999904632568,6.480000019073486,6.519999980926514,252500.0,56.87228060413456,48.8248765424619,49.94157518681148,43.35084776940952,39.812067134063255,6.95,79.0,-1.15,11.37
EZPW,2020-01-09,6.519999980926514,6.550000190734863,6.389999866485596,6.389999866485596,382800.0,56.50840483539481,48.972383050178095,49.97633101814553,43.3856680968171,39.71095859065776,6.95,80.0,-1.09,11.35
EZPW,2020-01-10,6.400000095367432,6.440000057220459,6.300000190734863,6.329999923706055,338100.0,56.26967851108445,48.95707415988337,49.970279049302384,43.36032923695773,39.579079973060246,6.95,79.0,-1.03,11.35
EZPW,2020-01-13,6.329999923706055,6.369999885559082,6.190000057220459,6.199999809265137,281100.0,56.397820436999154,49.12427836731407,50.05371123695559,43.300988829507425,39.61612200677144,6.95,80.0,-0.97,11.27
EZPW,2020-01-14,6.199999809265137,6.300000190734863,6.130000114440918,6.159999847412109,413900.0,56.52454881099042,49.10882106684939,50.04670320835677,43.22912868480065,39.61306301245241,6.94,79.0,-0.9,11.28
EZPW,2020-01-15,6.130000114440918,6.239999771118164,6.130000114440918,6.179999828338623,276200.0,56.45168596376659,49.10222216325582,50.055303762891626,43.11204288352956,39.57712055274222,6.92,80.0,-0.83,11.27
EZPW,2020-01-16,6.190000057220459,6.360000133514404,6.159999847412109,6.25,305400.0,56.37415212475661,49.13973714686397,49.930393437394486,43.126426993410305,39.54931651279585,6.91,73.0,-0.74,11.39
EZPW,2020-01-17,6.300000190734863,6.429999828338623,6.28000020980835,6.349999904632568,547100.0,56.44353426682112,48.80415598948236,50.01114631988983,43.15604465249731,39.585454017815195,6.88,77.0,-0.66,11.29
EZPW,2020-01-21,6.300000190734863,6.429999828338623,6.269999980926514,6.380000114440918,447500.0,56.42946135714361,47.16241893226613,49.99245345833349,43.15631111381941,39.439994064224635,6.85,76.0,-0.57,11.31
EZPW,2020-01-22,6.360000133514404,6.449999809265137,6.340000152587891,6.380000114440918,609200.0,28.778059288737623,46.81341260692381,49.993485024788974,43.15451694511329,39.39271066659694,6.81,76.0,-0.47,11.31
EZPW,2020-01-23,6.389999866485596,6.519999980926514,6.320000171661377,6.480000019073486,432000.0,28.40401696793991,46.83536323084428,50.03598713112582,43.20482033927659,39.42891103599481,6.77,77.0,-0.38,11.26
EZPW,2020-01-24,6.46999979019165,6.559999942779541,6.369999885559082,6.400000095367432,281700.0,27.585361489939235,46.930032068884344,49.94275685308584,43.16727683029486,39.40882697584041,6.72,70.0,-0.27,11.36
EZPW,2020-01-27,6.28000020980835,6.349999904632568,6.199999809265137,6.199999809265137,336400.0,29.195105294928997,47.469189238150655,50.16042081769807,42.390008954578626,39.4634334329322,6.66,82.0,-0.15,11.13
EZPW,2020-01-28,6.239999771118164,6.360000133514404,6.190000057220459,6.360000133514404,362700.0,29.601319467037673,47.70216452950314,50.341159970460936,42.37834046318073,39.406935006065154,6.6,83.0,-0.02,10.93
EZPW,2020-01-29,6.400000095367432,6.429999828338623,6.28000020980835,6.320000171661377,262400.0,29.573220458775793,47.5277377000696,50.34436743607371,42.26967279827526,39.40564257584306,6.52,83.0,0.12,10.92
EZPW,2020-01-30,6.289999961853027,6.420000076293945,6.21999979019165,6.409999847412109,410000.0,27.3704689861699,47.517814974754714,50.41092352255758,42.310209310033464,39.18368704777477,6.43,84.0,0.26,10.84
EZPW,2020-01-31,6.380000114440918,6.460000038146973,6.210000038146973,6.21999979019165,770700.0,24.546930726632294,47.6230047236716,50.604345568141426,42.44043571492325,39.24829785220445,6.33,88.0,0.42,10.65
EZPW,2020-02-03,6.239999771118164,6.960000038146973,6.239999771118164,6.71999979019165,2333100.0,33.918262570385934,49.94974150395752,52.04369496986483,43.45512756686103,39.74984277846188,6.25,94.0,0.53,9.53
EZPW,2020-02-04,5.949999809265137,5.980000019073486,4.909999847412109,5.010000228881836,3988300.0,91.44986977126386,78.37323547616793,69.59506136615687,55.506886101130526,49.22180552215811,6.62,100.0,0.6,20.19
EZPW,2020-02-05,5.059999942779541,5.070000171661377,4.769999980926514,4.940000057220459,2015800.0,91.24761830875416,78.28994198181265,69.54809977407146,55.51769903101346,49.225062293448744,6.95,99.0,0.58,20.19
EZPW,2020-02-06,5.0,5.150000095367432,4.929999828338623,5.03000020980835,748500.0,91.45538248396596,78.2088256465108,69.59972627242263,55.57407669083905,49.26670517356862,7.25,100.0,0.42,20.14
EZPW,2020-02-07,5.019999980926514,5.079999923706055,4.920000076293945,4.949999809265137,949600.0,91.39573857579741,78.19619961842076,69.6165388703528,55.564307589191664,49.27284619108953,7.51,100.0,0.08,20.08
EZPW,2020-02-10,4.920000076293945,5.139999866485596,4.800000190734863,4.820000171661377,660900.0,91.46461005953223,77.86223547808673,69.69919220780505,55.59297603112602,49.32974407745422,7.75,100.0,-0.5,19.92
EZPW,2020-02-11,4.880000114440918,4.929999828338623,4.789999961853027,4.809999942779541,690600.0,91.47192771196967,77.82840763780469,69.70062578185244,55.5472918059696,49.31991460611245,7.96,100.0,-1.36,19.93
EZPW,2020-02-12,4.880000114440918,4.989999771118164,4.820000171661377,4.929999828338623,314700.0,91.68094531066306,77.56409464418316,67.28693858707982,55.63716119146278,49.392410848242704,8.16,94.0,-1.44,23.19
EZPW,2020-02-13,4.880000114440918,5.0,4.849999904632568,4.869999885559082,366900.0,91.60802806992436,77.5933176996235,67.16469118290753,55.63941658628973,49.40119337875645,8.34,93.0,-1.47,23.42
EZPW,2020-02-14,4.800000190734863,4.960000038146973,4.78000020980835,4.909999847412109,313200.0,91.5053783842241,77.538686756916,67.08490299130476,55.65487040652568,49.36422753825699,8.51,92.0,-1.48,23.64
EZPW,2020-02-18,4.849999904632568,5.0,4.840000152587891,4.889999866485596,472600.0,91.39982265211599,77.1054508967802,66.86877802717322,55.631370071484824,49.347597973210014,8.66,91.0,-1.48,24.07
EZPW,2020-02-19,4.909999847412109,4.940000057220459,4.829999923706055,4.880000114440918,537500.0,91.4068578913903,77.10193983822249,66.79598579912685,55.51528947255287,49.32831697323612,8.8,90.0,-1.48,24.14
EZPW,2020-02-20,4.869999885559082,5.119999885559082,4.869999885559082,5.070000171661377,726000.0,92.47374850797283,77.41033430323017,67.11881656460473,55.63091045585256,49.48053465138338,8.93,92.0,-1.47,23.74
EZPW,2020-02-21,5.070000171661377,5.150000095367432,4.829999923706055,4.869999885559082,409100.0,92.92245432046214,77.76334745207787,67.34747389830865,55.78465729026675,49.62123663757354,9.06,94.0,-1.46,23.32
EZPW,2020-02-24,4.769999980926514,4.889999866485596,4.679999828338623,4.820000171661377,560800.0,92.87039133758358,77.26117141948782,67.25782335289809,55.786960755706595,49.607748053934344,9.17,92.0,-1.45,23.5
EZPW,2020-02-25,4.809999942779541,4.820000171661377,4.639999866485596,4.769999980926514,832400.0,92.87087070792218,77.21457592328329,67.21096802720339,55.77366233539921,49.61319307269969,9.25,91.0,-1.44,23.6
EZPW,2020-02-26,4.809999942779541,4.829999923706055,4.659999847412109,4.679999828338623,1102900.0,92.85414669980538,77.22879469005443,67.24763490028946,55.79031440871407,49.53864851674415,9.31,91.0,-1.43,23.52
EZPW,2020-02-27,4.639999866485596,5.050000190734863,4.539999961853027,4.789999961853027,1100100.0,93.3327197185048,77.38039659136248,67.24119096892213,55.87987116495632,49.5871966251218,9.36,90.0,-1.43,23.67
EZPW,2020-02-28,4.739999771118164,4.949999809265137,4.679999828338623,4.800000190734863,871300.0,93.320807669741,77.38088084869325,67.2348523154175,55.81041408586219,49.58957895601224,9.39,89.0,-1.43,23.67
EZPW,2020-03-02,4.809999942779541,4.909999847412109,4.659999847412109,4.809999942779541,664200.0,93.19034077308717,77.28787763898794,67.19341863356205,55.81176411139067,49.555126964977966,9.42,87.0,-1.42,23.71
EZPW,2020-03-03,4.849999904632568,5.010000228881836,4.619999885559082,4.699999809265137,613500.0,92.98099543522184,77.40241653951769,64.05208505951452,55.85303124646165,49.585899913645804,9.46,81.0,-1.43,28.62
EZPW,2020-03-04,4.699999809265137,4.75,4.559999942779541,4.650000095367432,594400.0,92.87587758808424,77.42006443808944,63.97532417375148,55.839226752300554,49.59040287534655,9.5,80.0,-1.43,28.68
EZPW,2020-03-05,4.599999904632568,4.670000076293945,4.539999961853027,4.599999904632568,716100.0,92.82207002188582,68.79624699321408,63.98095405610732,55.84096998387595,49.58094795446229,9.53,80.0,-1.44,28.62
EZPW,2020-03-06,4.5,4.75,4.380000114440918,4.650000095367432,1143500.0,92.71474788771084,68.64089528080949,63.78582898155126,55.86674744833079,49.59577043844604,9.55,78.0,-1.44,28.94
EZPW,2020-03-09,4.429999828338623,4.570000171661377,4.329999923706055,4.480000019073486,802400.0,93.02498689030449,68.83033923343773,63.97576029038565,55.99870788179726,49.696598429703585,9.58,79.0,-1.44,28.42
EZPW,2020-03-10,4.53000020980835,4.710000038146973,4.349999904632568,4.440000057220459,905900.0,92.83649063292707,68.82519102067917,63.9300964400767,56.00080921503328,49.691419040021586,9.59,77.0,-1.42,28.44
EZPW,2020-03-11,4.369999885559082,4.460000038146973,4.179999828338623,4.239999771118164,531600.0,92.70129476837451,69.12408996406228,64.29200493403474,56.05277045577909,49.87536597473735,9.61,81.0,-1.39,27.64
EZPW,2020-03-12,3.9700000286102295,4.190000057220459,3.799999952316284,3.829999923706055,1370900.0,96.1165374864941,71.7433477699744,66.1612340824097,57.16320493609673,50.83136226762052,9.64,81.0,-1.25,24.39
EZPW,2020-03-13,3.829999923706055,4.269999980926514,3.829999923706055,4.269999980926514,754600.0,102.45616444124957,75.02726798447216,68.54661652799882,58.699384602599324,52.057738822593336,9.71,94.0,-1.25,21.49
EZPW,2020-03-16,3.940000057220459,4.289999961853027,3.609999895095825,3.700000047683716,892800.0,109.08267768718258,79.15898428817792,72.0548629531689,60.88333966176776,53.90216585867187,9.83,100.0,-1.12,17.69
EZPW,2020-03-17,3.7200000286102295,4.0,3.509999990463257,3.990000009536743,850800.0,108.94371508878697,81.09030979621218,73.04721804235297,61.62458124294557,54.47964802116366,9.96,100.0,-1.11,16.88
EZPW,2020-03-18,3.819999933242798,3.930000066757202,3.549999952316284,3.640000104904175,561200.0,74.82960652543244,82.84343214154597,73.87620564333255,62.44647041844724,55.17297953704653,10.1,100.0,-1.03,16.05
EZPW,2020-03-19,3.569999933242798,3.650000095367432,3.4200000762939453,3.5899999141693115,707700.0,74.82868845812754,82.73359323265404,73.81816756067595,62.45115156058695,55.180123607319956,10.22,99.0,-0.96,16.13
EZPW,2020-03-20,3.609999895095825,3.950000047683716,3.549999952316284,3.839999914169312,1667200.0,77.77464660772108,84.16954834960958,74.62818227077925,62.95542654551182,55.60603156818824,10.35,100.0,-0.98,15.46
EZPW,2020-03-23,3.900000095367432,4.010000228881836,3.569999933242798,3.759999990463257,909900.0,77.82770269027924,84.16444292944732,74.65404869003555,62.98318617412561,55.50069725995657,10.47,100.0,-0.99,15.38
EZPW,2020-03-24,3.859999895095825,3.9800000190734863,3.5,3.680000066757202,1353400.0,77.74223542711768,84.17449273236046,74.69950860172611,63.011465829229195,55.49385626409187,10.58,100.0,-0.99,15.29
EZPW,2020-03-25,3.7300000190734863,3.890000104904175,3.4100000858306885,3.5,1019600.0,78.61410463501181,84.56042567013056,75.051488388855,63.23351283896649,55.68369985806261,10.68,100.0,-0.98,14.87
EZPW,2020-03-26,3.4800000190734863,3.9800000190734863,3.4100000858306885,3.799999952316284,1282400.0,82.53226988185371,86.50045188484955,76.25732119801175,64.07798025616145,56.34415942942671,10.79,100.0,-1.01,14.03
EZPW,2020-03-27,3.7699999809265137,4.239999771118164,3.609999895095825,4.150000095367432,953700.0,87.15097830809555,88.77174505201573,77.57389037424038,65.02105991139896,57.05495851452006,10.92,100.0,-1.06,13.13
EZPW,2020-03-30,4.179999828338623,4.300000190734863,3.799999952316284,4.230000019073486,766000.0,87.35518356134028,88.7776014297081,77.4621118431159,65.06905869020602,57.09848980514419,11.04,99.0,-1.1,13.2
EZPW,2020-03-31,4.21999979019165,4.460000038146973,4.0,4.170000076293945,960400.0,87.39623011996905,88.74392232020503,77.46747805309934,64.99853062078846,57.10295749278429,11.14,99.0,-1.13,13.2
EZPW,2020-04-01,4.010000228881836,4.179999828338623,3.7699999809265137,3.9800000190734863,687300.0,88.20326606756834,89.09453199993233,77.56365441558862,65.1551719917282,57.24188316876467,11.24,99.0,-1.17,13.11
EZPW,2020-04-02,3.869999885559082,4.320000171661377,3.759999990463257,4.289999961853027,875100.0,90.4513492745439,90.72187890996196,78.45432219449296,65.76858934848153,57.77361176012828,11.34,100.0,-1.2,12.53
EZPW,2020-04-03,4.230000019073486,4.440000057220459,4.159999847412109,4.309999942779541,650800.0,89.88983097118137,90.75358754822776,78.36387408811221,65.77690786138822,57.67720252218411,11.43,99.0,-1.23,12.64
EZPW,2020-04-06,4.489999771118164,4.71999979019165,4.400000095367432,4.570000171661377,770200.0,91.67377692665333,91.69195707200963,78.90670958212665,66.18934584627146,57.9950442270871,11.52,100.0,-1.24,12.34
EZPW,2020-04-07,4.71999979019165,4.820000171661377,4.360000133514404,4.389999866485596,802700.0,92.3211976333173,91.96322047822338,78.83994971632264,66.32429299273056,58.11026642653856,11.61,99.0,-1.27,12.28
EZPW,2020-04-08,4.440000057220459,4.690000057220459,4.360000133514404,4.659999847412109,549100.0,93.92096692674093,92.88867611269127,79.42623511276659,66.7429437637432,58.32184729527137,11.69,100.0,-1.28,11.92
EZPW,2020-04-09,4.809999942779541,5.079999923706055,4.75,4.949999809265137,580600.0,95.33043782868222,93.84127997403854,79.76055085780057,67.1060951889663,58.64092787621817,11.76,100.0,-1.28,11.82
EZPW,2020-04-13,5.150000095367432,5.150000095367432,4.760000228881836,4.789999961853027,593600.0,95.8354927515837,94.01957936920725,79.92324378879255,67.13597233697195,58.70186473272644,11.83,100.0,-1.29,11.66
EZPW,2020-04-14,4.869999885559082,5.019999980926514,4.75,4.849999904632568,631400.0,95.9027878759022,94.02824241062166,79.90504005767428,67.132973371891,58.60832213551949,11.88,99.0,-1.3,11.71
EZPW,2020-04-15,4.679999828338623,4.829999923706055,4.570000171661377,4.75,570300.0,95.8562950492934,93.99401678853968,79.72039559687359,67.15727022758966,58.63173020647125,11.93,97.0,-1.3,11.87
EZPW,2020-04-16,4.820000171661377,4.980000019073486,4.71999979019165,4.860000133514404,961300.0,96.01409912656716,94.14665136896086,79.80268837996259,67.10196748155258,58.658397038304976,11.96,98.0,-1.3,11.84
EZPW,2020-04-17,5.0,5.289999961853027,4.940000057220459,4.949999809265137,604200.0,96.0618729373903,94.25943996627488,79.80290634515022,67.12984588215656,58.693784527266544,11.98,98.0,-1.3,11.84
EZPW,2020-04-20,4.829999923706055,4.96999979019165,4.710000038146973,4.889999866485596,281800.0,96.11915092736616,94.18221473750724,79.7734008225354,66.26160214664895,58.69946263016341,11.99,96.0,-1.3,11.82
EZPW,2020-04-21,4.760000228881836,4.909999847412109,4.659999847412109,4.860000133514404,356900.0,95.44517399731109,94.16899941008292,79.47998713119605,66.16926100389247,58.700100825542314,11.99,93.0,-1.31,11.97
EZPW,2020-04-22,4.900000095367432,4.929999828338623,4.610000133514404,4.710000038146973,659200.0,95.90257440014183,94.16412914438192,79.58580687224129,66.25055440662754,58.75399184763276,11.99,93.0,-1.32,11.88
EZPW,2020-04-23,4.71999979019165,5.010000228881836,4.650000095367432,4.889999866485596,668600.0,95.32102296780849,94.36013802902357,79.77329555741191,66.423913917365,58.88691155142413,11.97,95.0,-1.32,11.81
EZPW,2020-04-24,4.920000076293945,5.210000038146973,4.869999885559082,5.150000095367432,542700.0,90.69444410900324,95.05842323033134,80.19733397519613,66.67539062248115,59.125275779323275,11.96,100.0,-1.32,11.57
EZPW,2020-04-27,5.179999828338623,5.190000057220459,4.840000152587891,5.099999904632568,683900.0,85.84116004188013,94.99609455172441,80.21006168038495,66.65092176890597,59.07193389601698,11.93,100.0,-1.32,11.56
EZPW,2020-04-28,5.210000038146973,5.389999866485596,5.059999942779541,5.360000133514404,1013500.0,74.11551811946381,95.46011472975755,80.55144087601293,66.9093146484185,59.270291389373284,11.9,100.0,-1.32,11.36
EZPW,2020-04-29,5.5,5.800000190734863,5.460000038146973,5.650000095367432,835700.0,72.71151706501887,94.71131577220493,80.97549311683338,67.05964265918402,59.463846606851725,11.86,100.0,-1.33,11.13
EZPW,2020-04-30,5.53000020980835,5.699999809265137,5.420000076293945,5.599999904632568,517000.0,66.1392381962278,72.82228325069077,80.98983976626094,67.06319750480164,59.456402817141154,11.8,100.0,-1.33,11.11
EZPW,2020-05-01,5.489999771118164,5.5,5.090000152587891,5.179999828338623,339500.0,70.95111405834176,74.57514859763499,77.35802099032763,67.60450629327053,59.91801027511151,11.81,76.0,-1.31,12.13
EZPW,2020-05-04,5.130000114440918,5.429999828338623,5.010000228881836,5.400000095367432,384000.0,69.59387815366908,74.96292123977662,77.57073232337056,67.79802637639875,60.07864473063016,11.81,79.0,-1.28,12.01
EZPW,2020-05-05,5.449999809265137,5.559999942779541,5.210000038146973,5.25,377600.0,69.91182261716132,75.1230905768989,77.59204855425483,67.8484040788473,60.130579522026714,11.81,80.0,-1.25,11.99
EZPW,2020-05-06,5.269999980926514,5.380000114440918,5.190000057220459,5.210000038146973,329000.0,69.4636613413115,74.92583189258372,77.59749589205069,67.84368539649897,60.129960686202956,11.8,80.0,-1.23,11.97
EZPW,2020-05-07,5.28000020980835,5.380000114440918,5.170000076293945,5.199999809265137,450900.0,67.10516298649567,74.9255394008423,77.52472377745,67.84356676067353,60.10317346081469,11.78,75.0,-1.19,11.99
EZPW,2020-05-08,5.289999961853027,5.550000190734863,5.170000076293945,5.519999980926514,363500.0,65.38728424060552,75.73281137719509,78.12556209675886,68.23801825480807,59.95974769683946,11.77,80.0,-1.16,11.64
EZPW,2020-05-11,5.449999809265137,5.46999979019165,5.150000095367432,5.239999771118164,615600.0,63.8958256957727,76.48579516922952,78.24828900077688,68.49274404751071,60.09610844516964,11.75,80.0,-1.12,11.4
EZPW,2020-05-12,5.050000190734863,5.210000038146973,4.789999961853027,4.860000133514404,623700.0,68.15564241901949,78.0578775787842,78.68777175059073,68.96445994910682,60.48361363973767,11.74,82.0,-1.08,10.92
EZPW,2020-05-13,4.75,4.829999923706055,4.489999771118164,4.599999904632568,937800.0,70.12904776862061,78.85971266834515,79.11002378276373,69.23944199810846,60.708798903104565,11.73,84.0,-1.04,10.56
EZPW,2020-05-14,4.550000190734863,4.630000114440918,4.340000152587891,4.610000133514404,513700.0,68.51910116055731,78.86210277179822,79.11240547745746,69.22795587062994,60.710757920518475,11.71,84.0,-1.0,10.58
EZPW,2020-05-15,4.630000114440918,4.900000095367432,4.539999961853027,4.820000171661377,547000.0,66.34519753060242,79.00734169859899,79.4554882350519,69.45645988481846,60.88590412413919,11.69,85.0,-0.96,10.4
EZPW,2020-05-18,5.019999980926514,5.110000133514404,4.909999847412109,5.090000152587891,525600.0,67.94929161292433,79.37435521915347,79.8760418425548,69.77089209159524,61.15051902141296,11.64,93.0,-0.9,10.27
EZPW,2020-05-19,5.110000133514404,5.119999885559082,4.849999904632568,4.860000133514404,446100.0,67.63083632255564,79.92747927770326,80.16802752710348,69.91721865765948,61.30475863754988,11.58,95.0,-0.84,10.01
EZPW,2020-05-20,4.940000057220459,5.150000095367432,4.880000114440918,5.139999866485596,450000.0,68.1554857044097,80.70841007898998,80.71666072344298,70.25964338670076,61.581529195660536,11.52,98.0,-0.77,9.76
EZPW,2020-05-21,5.159999847412109,5.300000190734863,5.090000152587891,5.28000020980835,390500.0,66.52234588126194,80.7639125240572,80.85270266922734,70.33924775251543,61.633611836353396,11.45,98.0,-0.71,9.72
EZPW,2020-05-22,5.300000190734863,5.300000190734863,4.949999809265137,5.190000057220459,340000.0,64.5978970392594,80.7351242347634,80.8214882734727,70.36105396835424,61.622868472413515,11.37,97.0,-0.66,9.69
EZPW,2020-05-26,5.380000114440918,5.389999866485596,5.230000019073486,5.300000190734863,618300.0,63.985474991643486,80.83533644943309,80.9064626560146,70.41493428588602,61.64082348602865,11.28,98.0,-0.62,9.66
EZPW,2020-05-27,5.400000095367432,5.440000057220459,5.239999771118164,5.349999904632568,406400.0,63.953909250165516,80.8508705474081,80.76673434322413,70.42707700164246,61.643187422033044,11.19,95.0,-0.55,9.81
EZPW,2020-05-28,5.389999866485596,5.409999847412109,5.21999979019165,5.260000228881836,342600.0,63.8369269725636,80.77954863498084,80.79035990479554,70.39856637527294,61.6577321410718,11.08,95.0,-0.49,9.76
EZPW,2020-05-29,5.21999979019165,5.25,5.019999980926514,5.159999847412109,367900.0,63.88551555927866,80.85478839564519,80.8347428824519,70.38757969552383,61.679694505863715,10.96,96.0,-0.41,9.71
EZPW,2020-06-01,5.170000076293945,5.420000076293945,5.130000114440918,5.21999979019165,381500.0,63.764707989096166,80.83651582602023,80.86106342584277,70.38203100697127,61.6770516766194,10.83,97.0,-0.34,9.72
EZPW,2020-06-02,5.269999980926514,5.480000019073486,5.159999847412109,5.409999847412109,596800.0,64.36360275151877,81.11233759944047,81.08340772705529,70.51036456368502,61.72479743088909,10.69,100.0,-0.27,9.65
EZPW,2020-06-03,5.489999771118164,5.789999961853027,5.429999828338623,5.639999866485596,847000.0,65.23360454164279,81.07141592733258,81.32168567516571,70.70223983361016,61.819485048895764,10.54,100.0,-0.22,9.6
EZPW,2020-06-04,5.730000019073486,6.340000152587891,5.699999809265137,6.260000228881836,1211500.0,70.32061210406933,83.59115651396425,83.01670970825995,71.81494150094369,62.710981628777375,10.4,100.0,-0.22,8.92
EZPW,2020-06-05,6.269999980926514,6.610000133514404,6.269999980926514,6.449999809265137,727300.0,70.09146128902968,83.02801937246166,83.08551881364458,71.90807063846863,62.78502704260015,10.24,100.0,-0.22,8.95
EZPW,2020-06-08,6.550000190734863,6.650000095367432,6.360000133514404,6.650000095367432,1100300.0,69.23469587716801,80.00188181635887,83.21526196639124,70.549634009743,62.85780835523591,10.08,100.0,-0.19,8.93
EZPW,2020-06-09,6.550000190734863,6.840000152587891,6.349999904632568,6.699999809265137,753600.0,69.01917420285727,77.26458544034142,83.22121389187917,70.46488684393731,62.85903222875916,9.9,100.0,-0.16,8.93
EZPW,2020-06-10,6.699999809265137,6.71999979019165,6.409999847412109,6.559999942779541,813600.0,68.44702505169104,70.87336615284927,83.27638884184766,70.4358567294786,62.89029425987059,9.71,100.0,-0.16,8.85
EZPW,2020-06-11,6.260000228881836,6.480000019073486,6.139999866485596,6.360000133514404,940800.0,67.85775410887564,69.99631130542427,83.3878973058484,70.39544598783823,62.921475909085046,9.5,100.0,-0.16,8.73
EZPW,2020-06-12,6.5,6.630000114440918,6.179999828338623,6.320000171661377,673400.0,67.8194613316835,66.92700891247232,83.39044952034664,70.37105165958803,62.92273847074805,9.27,100.0,-0.16,8.71
EZPW,2020-06-15,6.179999828338623,6.510000228881836,6.130000114440918,6.409999847412109,424300.0,63.242315403668194,66.76124507452731,83.42106194354626,70.39183567735742,62.93550872866669,9.03,100.0,-0.16,8.71
EZPW,2020-06-16,6.570000171661377,6.579999923706055,6.21999979019165,6.329999923706055,487400.0,62.6203193822664,65.81501450851225,83.40741937661967,70.38073978227682,62.927733895596425,8.77,99.0,-0.16,8.68
EZPW,2020-06-17,6.340000152587891,6.349999904632568,6.170000076293945,6.190000057220459,469600.0,62.372805749024565,65.84057236666663,83.45932016239351,70.36346088564261,62.96137629219341,8.48,100.0,-0.15,8.64
EZPW,2020-06-18,6.159999847412109,6.25,6.039999961853027,6.179999828338623,418700.0,62.28684253487843,65.58154935122124,83.30754825359672,70.32306078852655,62.95934380025548,8.18,95.0,-0.15,8.77
EZPW,2020-06-19,6.21999979019165,6.28000020980835,6.079999923706055,6.090000152587891,716400.0,62.53135558313427,64.61910534465633,83.23836037952897,70.3321232050466,62.97020481903273,7.86,93.0,-0.14,8.75
EZPW,2020-06-22,6.03000020980835,6.090000152587891,5.860000133514404,6.070000171661377,404300.0,60.393482699913534,62.844764851607785,83.23431508964634,70.24838375651011,62.970409819229666,7.5,92.0,-0.12,8.76
EZPW,2020-06-23,6.139999866485596,6.170000076293945,5.96999979019165,6.010000228881836,492500.0,58.242191978544156,60.66831359890177,83.21497187085416,70.25569382517465,62.88308739318838,7.12,89.0,-0.11,8.74
EZPW,2020-06-24,5.940000057220459,6.119999885559082,5.820000171661377,6.059999942779541,392400.0,53.094504006992906,60.61039685007545,83.09221946904451,70.24551706018791,62.86341183275129,6.7,88.0,-0.1,8.86
EZPW,2020-06-25,6.010000228881836,6.260000228881836,5.989999771118164,6.239999771118164,796500.0,50.025156635536696,60.645299296932265,82.29659774184154,68.58160108231436,62.913207466588275,6.29,85.0,-0.15,9.2
EZPW,2020-06-26,6.190000057220459,6.190000057220459,5.849999904632568,5.940000057220459,1181900.0,52.87972329843227,60.746699407722936,68.07022995003472,68.79739901331854,63.05524806799752,6.31,22.0,-0.23,0.88
EZPW,2020-06-29,5.980000019073486,6.340000152587891,5.980000019073486,6.269999980926514,378600.0,53.51270279707572,59.886211905812324,68.52618987330497,69.08769690422145,63.29686676340508,6.32,23.0,-0.32,0.81
EZPW,2020-06-30,6.25,6.380000114440918,6.21999979019165,6.300000190734863,316200.0,51.73058892662279,59.88607133464053,68.48129895940687,68.99009579488391,63.28632256511546,6.33,23.0,-0.41,0.82
EZPW,2020-07-01,6.309999942779541,6.440000057220459,5.909999847412109,5.96999979019165,389200.0,52.44981957155884,60.126367448888786,68.99851790605042,69.26981278998898,63.50046593345202,6.34,26.0,-0.48,0.73
EZPW,2020-07-02,6.0,6.139999866485596,5.889999866485596,5.920000076293945,563200.0,50.48992902341235,59.4678440210225,68.86760043676536,69.25844104788865,63.455753148001726,6.35,26.0,-0.53,0.76
EZPW,2020-07-06,6.03000020980835,6.179999828338623,5.920000076293945,6.079999923706055,656900.0,50.48214884095863,58.548459499994806,68.97478677888819,69.32259190693357,63.52009593074366,6.36,27.0,-0.59,0.74
EZPW,2020-07-07,6.03000020980835,6.079999923706055,5.929999828338623,5.989999771118164,707100.0,50.40050748619468,57.49974929227633,68.93508496272555,69.33795871147284,63.530320354428326,6.34,26.0,-0.65,0.74
EZPW,2020-07-08,6.070000171661377,6.070000171661377,5.829999923706055,5.880000114440918,490100.0,50.597716183350336,57.19045302074842,68.97526517786109,69.37200894106891,63.54986553143831,6.31,27.0,-0.69,0.73
EZPW,2020-07-09,5.960000038146973,5.980000019073486,5.679999828338623,5.710000038146973,578800.0,51.44136832077263,57.5486404112288,69.14502252144462,69.45651099268717,63.60809716526149,6.29,28.0,-0.71,0.69
EZPW,2020-07-10,5.679999828338623,5.699999809265137,5.25,5.559999942779541,1054900.0,51.82814968634357,57.661915051809764,69.28384921716498,69.43932617613055,63.654136226398506,6.26,28.0,-0.73,0.66
EZPW,2020-07-13,5.630000114440918,5.630000114440918,5.329999923706055,5.380000114440918,495900.0,52.46062530405784,57.95741318943739,69.49452245467062,69.20421474167587,63.722657943451146,6.22,28.0,-0.73,0.62
EZPW,2020-07-14,5.389999866485596,5.579999923706055,5.309999942779541,5.53000020980835,742200.0,52.93038105536871,58.09988692049688,69.36933164621404,69.21702413399215,63.7437189503432,6.19,27.0,-0.74,0.64
EZPW,2020-07-15,5.630000114440918,5.940000057220459,5.550000190734863,5.900000095367432,503400.0,55.16251954422887,59.43097173415016,69.78674848366835,69.61916560436667,64.07967663865406,6.16,28.0,-0.78,0.6
EZPW,2020-07-16,5.849999904632568,5.869999885559082,5.630000114440918,5.679999828338623,367900.0,55.130637991778094,59.99911705635621,70.04817349125783,69.76077009051644,64.11708789059269,6.13,28.0,-0.79,0.55
EZPW,2020-07-17,5.659999847412109,5.820000171661377,5.590000152587891,5.599999904632568,267400.0,45.56124322860322,59.68658105752371,70.06718734017298,69.78078503110675,64.12846113966486,6.09,28.0,-0.79,0.55
EZPW,2020-07-20,5.539999961853027,5.650000095367432,5.489999771118164,5.519999980926514,301900.0,44.518142689050386,59.347482392502094,70.03612548230589,69.80103872674496,64.135852432789,6.06,26.0,-0.78,0.55
EZPW,2020-07-21,5.599999904632568,5.849999904632568,5.53000020980835,5.78000020980835,540300.0,45.806011052325424,59.151931165760985,70.30785571919817,69.97419045284362,64.31683351488367,6.02,28.0,-0.79,0.51
EZPW,2020-07-22,5.820000171661377,6.0,5.739999771118164,5.980000019073486,580900.0,47.04652215742259,59.46219888050807,70.49272940562052,70.06542053935088,64.41139608307999,5.98,28.0,-0.81,0.48
EZPW,2020-07-23,5.860000133514404,5.96999979019165,5.599999904632568,5.809999942779541,766400.0,47.34598916190505,58.983791582798304,70.664723100058,70.055894143595,64.42119263760945,5.93,28.0,-0.82,0.45
EZPW,2020-07-24,5.800000190734863,5.829999923706055,5.659999847412109,5.670000076293945,321700.0,47.058829960345136,58.22826662377151,70.67633262348738,70.09984557130642,64.40994815631873,5.83,28.0,-0.81,0.44
EZPW,2020-07-27,5.710000038146973,5.789999961853027,5.590000152587891,5.659999847412109,218200.0,47.056438843023265,58.1998052649414,70.65011211416035,69.94182813834469,64.39132010887799,5.73,26.0,-0.8,0.45
EZPW,2020-07-28,5.639999866485596,5.710000038146973,5.590000152587891,5.590000152587891,286000.0,46.81194678844186,55.94800554758187,70.65810744452382,69.91612751619033,64.39312894787922,5.62,26.0,-0.77,0.45
EZPW,2020-07-29,5.619999885559082,5.880000114440918,5.550000190734863,5.860000133514404,677700.0,49.07167859242933,56.13104327697348,71.00905480074573,70.06211462434217,64.49516627600474,5.5,28.0,-0.76,0.39
EZPW,2020-07-30,5.78000020980835,5.989999771118164,5.699999809265137,5.909999847412109,412200.0,48.8044175182374,55.80910570805059,70.73115543205623,70.03489816094503,64.48131703339827,5.38,27.0,-0.73,0.45
EZPW,2020-07-31,5.849999904632568,5.960000038146973,5.630000114440918,5.71999979019165,272900.0,49.631720710413376,56.22756331246123,70.93115994632495,69.97263923250362,63.881855011008156,5.26,27.0,-0.69,0.41
EZPW,2020-08-03,5.730000019073486,5.75,5.650000095367432,5.690000057220459,265200.0,49.507272332426425,56.24053762179043,70.51359860576015,69.96768339780735,63.80641776486565,5.14,21.0,-0.62,0.48
EZPW,2020-08-04,5.659999847412109,5.900000095367432,5.590000152587891,5.889999866485596,2092200.0,50.640666133329134,55.357202325805574,68.65968642513295,69.90430936815042,63.905709015807844,5.1,5.0,-0.56,0.53
EZPW,2020-08-05,5.489999771118164,6.059999942779541,5.28000020980835,5.940000057220459,1303500.0,50.639297818094974,54.254333352548024,66.590930906446,69.90930711993286,63.90991200576164,5.13,1.0,-0.49,0.58
EZPW,2020-08-06,5.949999809265137,6.090000152587891,5.880000114440918,5.920000076293945,560200.0,50.57842806937371,51.82112909565954,62.31837659970954,69.87723323105067,63.86673894146019,5.31,1.0,-0.42,-0.35
EZPW,2020-08-07,5.920000076293945,6.019999980926514,5.849999904632568,5.980000019073486,353800.0,49.88888392356374,50.392085247975594,61.284464764638415,69.71553170151982,63.85917873546089,5.52,1.0,-0.34,-0.28
EZPW,2020-08-10,6.019999980926514,6.110000133514404,5.980000019073486,6.039999961853027,700100.0,47.86489377822336,50.40294080057052,59.33102260515505,69.7206088095929,63.84090231219469,5.78,1.0,-0.29,-0.38
EZPW,2020-08-11,6.110000133514404,6.190000057220459,5.920000076293945,5.960000038146973,464100.0,45.230911164799934,49.831450879558076,59.32703786475104,69.71178442556247,63.71929445829463,6.02,1.0,-0.28,-0.38
EZPW,2020-08-12,6.039999961853027,6.090000152587891,5.739999771118164,5.78000020980835,298600.0,45.951376066713365,49.16338076464003,58.74622785825944,69.78275452769384,63.78631818344706,6.27,1.0,-0.2,-0.31
EZPW,2020-08-13,5.760000228881836,5.849999904632568,5.650000095367432,5.670000076293945,200600.0,43.656207819188545,48.332955563069156,58.726917524860966,69.64365423524934,63.765246401127804,6.51,1.0,-0.14,-0.31
EZPW,2020-08-14,5.670000076293945,5.760000228881836,5.599999904632568,5.739999771118164,319600.0,43.79199086805524,47.08215347685187,58.59655563204377,69.62596745660761,63.77546803818418,6.74,1.0,-0.15,-0.3
EZPW,2020-08-17,5.760000228881836,5.760000228881836,5.510000228881836,5.579999923706055,208400.0,43.66712232741517,47.18605240514657,58.17910522205626,69.6768649784591,63.81978960981157,6.96,1.0,-0.41,-0.27
EZPW,2020-08-18,5.599999904632568,5.599999904632568,5.409999847412109,5.46999979019165,297400.0,43.81075041398596,47.233875556846115,56.95916593878344,69.71570045420971,63.83928314199672,7.21,1.0,-0.52,-0.22
EZPW,2020-08-19,5.5,5.539999961853027,5.409999847412109,5.5,228600.0,43.62440863777379,47.05866203390357,55.3271540783139,69.71642881219898,63.842818606682926,7.48,1.0,-0.49,-0.21
EZPW,2020-08-20,5.460000038146973,5.53000020980835,5.420000076293945,5.480000019073486,233900.0,42.86586471494435,47.0306832069912,55.27458999913081,69.6884057154742,63.840993801110294,7.74,1.0,-0.44,-0.19
EZPW,2020-08-21,5.489999771118164,5.539999961853027,5.429999828338623,5.440000057220459,436000.0,42.23839569147657,46.920019864387626,55.231529127218195,69.69117399432957,63.84357330124738,7.98,1.0,-0.43,-0.19
EZPW,2020-08-24,5.510000228881836,5.690000057220459,5.429999828338623,5.550000190734863,348200.0,41.51347812013436,46.9030469457549,54.72854203158827,69.73024839494343,63.82198791464315,8.23,1.0,-0.61,-0.15
EZPW,2020-08-25,5.610000133514404,5.659999847412109,5.400000095367432,5.400000095367432,304300.0,41.521725590073416,47.21453424907363,53.719524885866576,66.87203303564706,63.87429138574361,8.48,1.0,-0.63,-0.1
EZPW,2020-08-26,5.449999809265137,5.449999809265137,5.349999904632568,5.420000076293945,203200.0,36.627051645189695,46.64780890651035,53.71867581735879,66.81761243787977,63.868052700409685,8.72,1.0,-0.67,-0.1
EZPW,2020-08-27,5.369999885559082,5.5,5.349999904632568,5.420000076293945,286800.0,35.07923087096062,45.83507126185769,52.955829943705105,66.7528001381484,63.86823212147482,8.95,1.0,-0.63,0.01
EZPW,2020-08-28,5.449999809265137,5.610000133514404,5.380000114440918,5.610000133514404,267300.0,36.36725119880008,40.98199039748434,52.77817045535884,66.8823953617888,63.95937353513178,9.18,1.0,-0.68,0.01
EZPW,2020-08-31,5.570000171661377,5.630000114440918,5.380000114440918,5.380000114440918,309400.0,38.14402107201087,41.247095303194456,52.43582047873739,67.01866019303584,64.04802460186473,9.4,1.0,-0.64,0.06
EZPW,2020-09-01,5.340000152587891,5.449999809265137,5.150000095367432,5.449999809265137,246200.0,35.73945770735632,40.7904829389234,51.61288340147242,67.0305256966696,64.06238781267646,9.63,1.0,-0.6,0.16
EZPW,2020-09-02,5.449999809265137,5.670000076293945,5.380000114440918,5.639999866485596,366100.0,35.76153484194688,41.45721948653942,51.59327343582852,66.98313480971117,64.15858080185927,9.83,1.0,-0.54,0.15
EZPW,2020-09-03,5.659999847412109,5.679999828338623,5.53000020980835,5.599999904632568,320100.0,34.88571379325053,41.29299781655803,51.58236710489804,66.74072116414801,64.16106172489067,10.03,1.0,-0.48,0.15
EZPW,2020-09-04,5.639999866485596,5.820000171661377,5.550000190734863,5.599999904632568,580300.0,34.18761828136954,40.87123654586569,51.45926810118356,66.73859482559436,64.16108818780899,10.22,1.0,-0.42,0.18
EZPW,2020-09-08,5.559999942779541,5.579999923706055,5.420000076293945,5.440000057220459,212400.0,35.17717977890734,41.233147181762206,51.57292466599086,66.81396659839699,64.22006950943559,10.4,2.0,-0.37,0.17
EZPW,2020-09-09,5.489999771118164,5.489999771118164,5.289999961853027,5.360000133514404,352300.0,35.24895009598586,41.16101679818576,51.55973943413531,66.81911436060444,64.19705731883496,10.56,2.0,-0.32,0.18
EZPW,2020-09-10,5.380000114440918,5.449999809265137,5.269999980926514,5.329999923706055,228400.0,32.1085743130548,41.11657590504096,51.52810129103802,66.73764793461642,64.17015615455959,10.72,2.0,-0.27,0.19
EZPW,2020-09-11,5.349999904632568,5.349999904632568,5.210000038146973,5.210000038146973,275900.0,32.39974616295023,41.124887944529306,51.65306326215692,66.78413536556205,64.18671235327623,10.86,8.0,-0.23,0.17
EZPW,2020-09-14,5.25,5.320000171661377,5.179999828338623,5.289999961853027,234400.0,31.709266317415462,41.291604558074454,51.4463763385986,66.81298347175716,64.19694033147636,11.0,1.0,-0.22,0.19
EZPW,2020-09-15,5.309999942779541,5.340000152587891,5.179999828338623,5.179999828338623,399400.0,32.14953641789853,41.39119682086462,51.23234736700304,66.85334434474768,64.22537232122731,11.14,1.0,-0.2,0.25
EZPW,2020-09-16,5.199999809265137,5.320000171661377,5.150000095367432,5.21999979019165,237200.0,30.304036048780368,41.4456383675403,50.58404595997299,66.82321086185394,64.23184678323683,11.27,1.0,-0.19,0.37
EZPW,2020-09-17,5.179999828338623,5.25,5.110000133514404,5.150000095367432,342400.0,30.186246610954814,41.479342926381044,50.60617094793377,66.83739305190095,64.2401712404445,11.39,2.0,-0.18,0.37
EZPW,2020-09-18,5.210000038146973,5.260000228881836,5.090000152587891,5.179999828338623,812400.0,30.339723079405168,41.45474789864493,49.98635869970933,66.7291524550797,63.09541539068482,11.51,1.0,-0.21,0.49
EZPW,2020-09-21,5.099999904632568,5.110000133514404,4.880000114440918,5.03000020980835,481900.0,30.84885021496879,41.270221593258576,49.46515344307266,66.80559674141297,63.08987711806216,11.63,1.0,-0.27,0.6
EZPW,2020-09-22,5.039999961853027,5.199999809265137,4.989999771118164,5.190000057220459,291500.0,32.376786669643586,40.76189511552232,49.716366230628076,66.918269087135,63.12056111608748,11.73,2.0,-0.31,0.52
EZPW,2020-09-23,5.170000076293945,5.230000019073486,4.960000038146973,4.989999771118164,384000.0,33.797007312196115,39.73018662640194,48.553375517079814,67.06494078761784,63.13432316046945,11.87,1.0,-0.33,0.46
EZPW,2020-09-24,5.0,5.0,4.900000095367432,4.900000095367432,378000.0,33.19155950465069,39.79722344027348,48.1640631356696,67.0918379190485,63.13257566007285,12.01,1.0,-0.38,0.57
EZPW,2020-09-25,4.869999885559082,4.940000057220459,4.800000190734863,4.900000095367432,276900.0,32.968367038603006,38.436564521424636,47.96631880245617,67.05574100056603,63.13269987008425,12.15,1.0,-0.41,0.61
EZPW,2020-09-28,4.949999809265137,5.199999809265137,4.909999847412109,5.130000114440918,243000.0,35.80236587710233,39.716303210932494,48.51791771427626,67.28223381134234,63.28959400244092,12.26,3.0,-0.42,0.46
EZPW,2020-09-29,5.110000133514404,5.150000095367432,5.03000020980835,5.050000190734863,209500.0,35.23550677834342,39.34002375033469,48.58009318997512,67.26424182612264,63.25728603043338,12.37,5.0,-0.44,0.46
EZPW,2020-09-30,5.050000190734863,5.210000038146973,5.010000228881836,5.03000020980835,349000.0,34.884708976206014,39.263440876160175,47.61999519076878,67.26209936955934,63.22818591653729,12.48,1.0,-0.49,0.62
EZPW,2020-10-01,5.039999961853027,5.170000076293945,4.96999979019165,5.010000228881836,222700.0,34.79757495077534,39.12915369301592,46.912431458096705,67.26092782107945,63.220645873596695,12.6,1.0,-0.51,0.72
EZPW,2020-10-02,4.920000076293945,5.070000171661377,4.889999866485596,5.0,233000.0,34.798653096591096,38.732408015870625,45.35329117278365,67.2447285569148,63.156923979618526,12.72,1.0,-0.51,0.7
EZPW,2020-10-05,5.059999942779541,5.230000019073486,4.989999771118164,5.130000114440918,311000.0,35.74773664277026,38.80733503016015,44.65332610230538,67.28979058525468,63.2097661335163,12.84,1.0,-0.57,0.71
EZPW,2020-10-06,5.170000076293945,5.420000076293945,5.170000076293945,5.309999942779541,640900.0,36.752320959063084,38.92347990938615,44.966794992053266,67.41862190462813,63.292944031379804,12.95,2.0,-0.63,0.59
EZPW,2020-10-07,5.349999904632568,5.510000228881836,5.349999904632568,5.409999847412109,390600.0,36.35103808738206,38.69605754702995,44.52027545271048,67.45872541397577,61.952761587527874,13.05,1.0,-0.61,0.71
EZPW,2020-10-08,5.46999979019165,5.5,5.239999771118164,5.300000190734863,282300.0,36.816262097123776,36.44737469372926,43.81959948393067,67.4698610551724,61.95373669780447,13.15,1.0,-0.59,0.89
EZPW,2020-10-09,5.320000171661377,5.340000152587891,5.079999923706055,5.090000152587891,358300.0,38.56801472942226,36.55364841841752,43.67162428544169,67.61714680031508,62.081699515251834,13.23,1.0,-0.6,0.9
EZPW,2020-10-12,5.099999904632568,5.210000038146973,5.070000171661377,5.110000133514404,579400.0,37.03859903875524,36.48048943208124,42.7582821621566,67.5224614695442,61.99923294137365,13.31,1.0,-0.61,1.11
EZPW,2020-10-13,5.070000171661377,5.210000038146973,4.909999847412109,4.980000019073486,319200.0,35.850153019640146,36.72561753143847,42.730898198577734,67.51101320929837,62.03402815518522,13.38,1.0,-0.62,1.18
EZPW,2020-10-14,5.010000228881836,5.050000190734863,4.909999847412109,4.909999847412109,298100.0,35.6914451180912,35.432344179185705,42.703568684903686,67.52549613727402,62.032153447682106,13.44,1.0,-0.63,1.19
EZPW,2020-10-15,4.929999828338623,5.269999980926514,4.849999904632568,5.210000038146973,1026800.0,38.610683013945064,36.90083107227514,43.61920332601125,67.88238103944504,62.316881760159006,13.48,4.0,-0.64,1.03
EZPW,2020-10-16,5.170000076293945,5.300000190734863,5.110000133514404,5.239999771118164,350500.0,38.66104172784459,36.5169712709973,43.60269032002023,67.79968373130241,62.31463242925269,13.5,4.0,-0.65,1.04
EZPW,2020-10-19,5.269999980926514,5.349999904632568,5.130000114440918,5.139999866485596,463400.0,38.96724361667457,36.39602000767879,43.62674553456516,67.1903478829399,62.342452656582736,13.51,6.0,-0.66,1.03
EZPW,2020-10-20,5.179999828338623,5.210000038146973,5.099999904632568,5.170000076293945,293800.0,38.23802000054772,36.42804631476322,43.530580467369525,57.50282326070844,62.34307864532095,13.52,4.0,-0.66,1.04
EZPW,2020-10-21,5.150000095367432,5.210000038146973,4.96999979019165,5.019999980926514,289400.0,38.903323919214145,36.81055193424248,43.740002099553834,57.58514247406686,62.34213304839885,13.51,9.0,-0.67,1.02
EZPW,2020-10-22,5.019999980926514,5.039999961853027,4.940000057220459,4.949999809265137,185800.0,39.04433403728385,35.44521386441629,43.405645404778234,57.56939883820805,62.086478524153335,13.49,4.0,-0.7,1.18
EZPW,2020-10-23,4.960000038146973,5.019999980926514,4.900000095367432,4.960000038146973,120700.0,38.58233913748747,35.381741851799184,42.87000462053097,57.53863169833904,62.03852957073765,13.46,4.0,-0.73,1.38
EZPW,2020-10-26,4.900000095367432,4.929999828338623,4.789999961853027,4.860000133514404,185100.0,38.608944922198255,35.027728367775154,39.489239164447255,57.50267625639043,62.05623570374023,13.45,1.0,-0.69,-0.13
EZPW,2020-10-27,4.889999866485596,4.889999866485596,4.789999961853027,4.809999942779541,174900.0,38.29471970985479,35.05896495519263,39.16334530650523,57.51528474053437,62.05651916007682,13.42,1.0,-0.66,-0.03
EZPW,2020-10-28,4.739999771118164,4.789999961853027,4.679999828338623,4.690000057220459,435900.0,38.72356246597974,34.47561008076851,38.95063392510501,57.51739398922746,62.10484705073799,13.39,1.0,-0.7,0.06
EZPW,2020-10-29,4.670000076293945,4.670000076293945,4.550000190734863,4.579999923706055,260500.0,39.063706973256956,34.617871823344025,39.04181083958479,57.567089017276,62.14670402239789,13.33,2.0,-0.79,0.06
EZPW,2020-10-30,4.590000152587891,4.650000095367432,4.449999809265137,4.460000038146973,415400.0,39.487657703747274,34.91499695148117,39.11260310105249,57.641337397806026,62.174191094676786,13.26,3.0,-0.74,0.05
EZPW,2020-11-02,4.46999979019165,4.559999942779541,4.409999847412109,4.429999828338623,267000.0,38.81160471307135,34.78032011402824,38.87364046336824,57.64451285516794,62.15700808731235,13.17,1.0,-0.63,0.09
EZPW,2020-11-03,4.46999979019165,4.739999771118164,4.46999979019165,4.650000095367432,227400.0,40.46028984828733,36.3473933614827,39.73994426158786,57.93516463683006,62.26926424858321,13.06,7.0,-0.64,-0.04
EZPW,2020-11-04,4.619999885559082,4.75,4.570000171661377,4.710000038146973,200600.0,39.27372947150128,36.46658572632096,39.725951250770436,57.775570776130536,62.271907044396016,12.93,7.0,-0.7,-0.03
EZPW,2020-11-05,4.710000038146973,4.820000171661377,4.710000038146973,4.800000190734863,200400.0,39.41066730331235,36.32926107253912,39.84900818459439,57.625204251024165,62.18007184726291,12.78,9.0,-0.74,-0.09
EZPW,2020-11-06,4.820000171661377,4.820000171661377,4.739999771118164,4.789999961853027,199200.0,39.4121420356503,36.17393690074705,39.72497546858967,57.612840540290364,62.14400942483355,12.61,7.0,-0.76,-0.08
EZPW,2020-11-09,4.920000076293945,5.170000076293945,4.860000133514404,5.099999904632568,445800.0,41.39562015236,38.47584900181803,41.05425852663061,58.07516719243522,62.407768978016385,12.41,11.0,-0.75,-0.09
EZPW,2020-11-10,5.159999847412109,5.170000076293945,5.070000171661377,5.139999866485596,356100.0,41.1901725017285,38.131459901615294,41.03166380237472,58.03566792163038,62.388265786828555,12.2,11.0,-0.73,-0.11
EZPW,2020-11-11,5.139999866485596,5.150000095367432,4.929999828338623,5.110000133514404,335300.0,41.211916835526,37.947901311044205,41.03621738290278,57.977434786507864,62.24734351469016,11.97,12.0,-0.71,-0.1
EZPW,2020-11-12,5.079999923706055,5.079999923706055,4.809999942779541,4.900000095367432,299300.0,43.0041943918499,38.8301633708772,41.51163843199972,58.19284495601944,62.37996006788129,11.71,14.0,-0.71,-0.15
EZPW,2020-11-13,4.909999847412109,5.150000095367432,4.909999847412109,5.130000114440918,171500.0,45.07074486002867,40.043507143629455,42.17315770640581,58.44379326889645,62.411771417302454,11.43,15.0,-0.67,-0.25
EZPW,2020-11-16,5.179999828338623,5.239999771118164,5.070000171661377,5.139999866485596,296700.0,44.45614136363955,40.02701863872426,41.88503327215076,58.3771672337958,62.410864426304194,11.15,15.0,-0.67,-0.17
EZPW,2020-11-17,5.079999923706055,5.110000133514404,4.909999847412109,5.099999904632568,328300.0,43.28511845590086,39.810212215581096,41.204015850391215,58.37038244403712,62.39107928273104,11.13,14.0,-0.63,-0.13
EZPW,2020-11-18,5.139999866485596,5.289999961853027,5.079999923706055,5.139999866485596,641800.0,42.96255943370218,39.48103779084974,40.25890361760996,58.36111014518046,62.26578602530392,11.12,11.0,-0.66,-0.05
EZPW,2020-11-19,5.150000095367432,5.239999771118164,5.03000020980835,5.239999771118164,451400.0,42.99524834769791,39.68561042713205,40.38641917083821,58.39048003852688,62.29343777838853,11.09,12.0,-0.73,-0.09
EZPW,2020-11-20,5.199999809265137,5.449999809265137,5.139999866485596,5.380000114440918,304600.0,41.93390739482529,40.06762530577785,39.76126285442775,58.29410055002852,62.322035154590395,11.06,10.0,-0.68,-0.17
EZPW,2020-11-23,5.400000095367432,5.550000190734863,5.320000171661377,5.429999828338623,476800.0,41.985230099563104,39.46703256766259,39.77677691095792,58.290023262552445,62.30330768642709,11.02,11.0,-0.63,-0.19
EZPW,2020-11-24,5.46999979019165,5.559999942779541,5.46999979019165,5.510000228881836,546100.0,41.28803302125383,38.6300870275551,39.610190183123265,58.039904269819196,62.17495089977304,10.97,7.0,-0.61,-0.14
EZPW,2020-11-25,5.46999979019165,5.489999771118164,5.170000076293945,5.269999980926514,288800.0,43.29844958780299,39.61640376449711,40.150743719318164,56.99428563860097,62.31151443493492,10.91,14.0,-0.57,-0.18
EZPW,2020-11-27,5.25,5.429999828338623,5.190000057220459,5.420000076293945,188500.0,40.58999767067709,39.403306965127335,40.322114349689734,55.64586847916676,62.34904387125834,10.84,16.0,-0.52,-0.25
EZPW,2020-11-30,5.360000133514404,5.420000076293945,5.050000190734863,5.090000152587891,1408800.0,44.60566333801912,41.3961129475391,41.26422677803256,53.47420714760356,62.66442837181367,10.75,22.0,-0.5,-0.16
EZPW,2020-12-01,5.190000057220459,5.409999847412109,5.150000095367432,5.239999771118164,463900.0,45.07849609137294,41.86902100707014,41.33567026895208,52.852175792859754,62.73051773336089,10.65,23.0,-0.48,-0.2
EZPW,2020-12-02,5.21999979019165,5.300000190734863,5.159999847412109,5.25,375300.0,45.05370231307078,41.467138649026026,41.01102006206741,51.67264056677227,62.70650682956484,10.54,18.0,-0.48,-0.16
EZPW,2020-12-03,5.289999961853027,5.440000057220459,5.260000228881836,5.380000114440918,404700.0,44.646246093525335,41.67245570930181,40.96149371069704,51.70573616645656,62.75148074951959,10.42,18.0,-0.47,-0.15
EZPW,2020-12-04,5.389999866485596,5.449999809265137,5.170000076293945,5.380000114440918,296000.0,44.38408487067455,41.655681654431135,39.61189196808808,51.12324471282301,62.751223236842876,10.3,8.0,-0.41,-0.18
EZPW,2020-12-07,5.380000114440918,5.409999847412109,5.210000038146973,5.380000114440918,189800.0,44.390935738172885,41.38086977195298,39.16325734309418,51.05096316387168,60.43037314517642,10.16,5.0,-0.36,-0.12
EZPW,2020-12-08,5.320000171661377,5.46999979019165,5.269999980926514,5.429999828338623,307700.0,43.88002984051996,41.308130344551024,39.13214872087881,50.9813350457924,60.394650752904866,10.02,5.0,-0.34,-0.13
EZPW,2020-12-09,5.489999771118164,5.489999771118164,5.289999961853027,5.349999904632568,249000.0,44.02431706389612,41.19047086167401,39.13637149048172,50.64133858133894,60.359523500229216,9.86,6.0,-0.32,-0.13
EZPW,2020-12-10,5.340000152587891,5.360000133514404,5.210000038146973,5.25,335400.0,43.69840841415414,41.35278333287885,38.5316762077384,49.80217294147981,60.38723267453544,9.7,1.0,-0.25,-0.05
EZPW,2020-12-11,5.210000038146973,5.25,5.03000020980835,5.099999904632568,574600.0,44.011065407363276,41.69068485820547,38.373546629907366,48.8635482213632,60.42032338729976,9.51,1.0,-0.21,0.01
EZPW,2020-12-14,5.119999885559082,5.150000095367432,4.980000019073486,4.980000019073486,465900.0,43.854948137978354,41.95058600957315,38.290858421612455,48.90536694959953,60.457487624169126,9.31,1.0,-0.16,0.02
EZPW,2020-12-15,4.960000038146973,5.059999942779541,4.460000038146973,4.940000057220459,1300900.0,43.883766430698515,41.55262190889252,38.13023443075512,48.88369306109336,60.32016431273182,9.1,1.0,-0.14,0.05
EZPW,2020-12-16,4.920000076293945,4.96999979019165,4.690000057220459,4.690000057220459,937600.0,44.611607003460904,42.34218586884438,38.96570289347354,48.96025087926625,60.33580575504418,8.85,7.0,-0.16,0.0
EZPW,2020-12-17,4.75,4.75,4.539999961853027,4.579999923706055,1103400.0,44.975584401961164,41.86921459153991,39.08464186021819,48.24529746048755,60.37514873012652,8.59,9.0,-0.17,-0.02
EZPW,2020-12-18,4.590000152587891,4.760000228881836,4.570000171661377,4.590000152587891,1196300.0,44.593231602079506,41.728618956817385,38.28855615621627,48.243092111207545,60.37206319023435,8.31,2.0,-0.15,0.08
EZPW,2020-12-21,4.510000228881836,4.949999809265137,4.340000152587891,4.820000171661377,2140100.0,46.92119374774956,42.96781252599294,39.110565751249545,48.09195505773308,60.57145679922583,8.0,11.0,-0.13,-0.0
EZPW,2020-12-22,5.130000114440918,5.130000114440918,4.699999809265137,4.78000020980835,1324700.0,43.056443921479406,41.90426257545986,38.8149421580754,47.861636037265754,60.510084982645694,7.67,6.0,-0.11,0.05
EZPW,2020-12-23,4.920000076293945,4.920000076293945,4.739999771118164,4.829999923706055,530700.0,43.11515904237916,41.859086974447834,38.85899304257941,47.35582244713831,60.51995242123992,7.31,7.0,-0.07,0.03
EZPW,2020-12-24,4.880000114440918,4.909999847412109,4.71999979019165,4.75,401200.0,43.31199718939034,41.98216495076347,38.49416357572117,46.8524946905109,60.53938091911056,7.0,5.0,-0.05,0.12
EZPW,2020-12-28,4.820000171661377,4.960000038146973,4.730000019073486,4.78000020980835,560400.0,41.71363625119734,42.003337224553405,38.480557766114174,46.69741201799945,60.54401037981152,6.72,5.0,-0.05,0.13
EZPW,2020-12-29,4.789999961853027,4.809999942779541,4.71999979019165,4.760000228881836,489300.0,39.29714302458922,42.00845658366408,38.481429087144406,46.67640872951777,60.514235372463396,6.55,6.0,-0.06,0.13
EZPW,2020-12-30,4.78000020980835,4.789999961853027,4.679999828338623,4.75,541800.0,39.27488017501977,41.644512243630196,38.43115403506536,46.611866248260654,60.51357757516867,6.38,5.0,-0.14,0.15
EZPW,2020-12-31,4.75,4.840000152587891,4.639999866485596,4.789999961853027,362900.0,39.36962978596719,41.02593312615716,38.41898784634913,46.54310715414754,60.43129109926323,6.26,5.0,-0.39,0.16
EZPW,2021-01-04,4.860000133514404,4.860000133514404,4.659999847412109,4.789999961853027,414000.0,39.26383810358846,40.80777015006289,38.37996804455628,46.49142799437898,60.42696415296521,6.12,5.0,-0.61,0.16
EZPW,2021-01-05,4.760000228881836,5.070000171661377,4.75,4.980000019073486,504200.0,40.59285642447662,41.468861251375074,38.65369479738354,46.698182627837056,60.56016990602786,5.99,12.0,-0.64,0.1
EZPW,2021-01-06,5.039999961853027,5.300000190734863,5.039999961853027,5.099999904632568,1513200.0,40.44578125685425,40.94908102135599,38.75478708777596,46.77620127041528,60.60789240407624,5.85,13.0,-0.61,0.05
EZPW,2021-01-07,5.130000114440918,5.230000019073486,4.980000019073486,5.010000228881836,899900.0,40.56444347739151,41.102735150233485,38.78553871719327,46.67464488576387,60.62906724202249,5.7,14.0,-0.64,0.06
EZPW,2021-01-08,5.050000190734863,5.050000190734863,4.789999961853027,4.920000076293945,905500.0,40.460581981774084,40.930183553267135,38.63955195237147,46.5149633349461,60.623036865464464,5.54,12.0,-0.63,0.09
EZPW,2021-01-11,4.880000114440918,4.920000076293945,4.739999771118164,4.78000020980835,565200.0,39.32811005894496,41.25417743469969,38.775542443033544,46.22943291208652,60.68118295776171,5.41,15.0,-0.65,0.06
EZPW,2021-01-12,4.800000190734863,4.829999923706055,4.699999809265137,4.78000020980835,581500.0,38.21133473779821,39.33079841364947,38.76078089489174,46.21608797621488,60.64923759358928,5.31,15.0,-0.66,0.07
EZPW,2021-01-13,4.769999980926514,4.820000171661377,4.650000095367432,4.690000057220459,314500.0,34.27727078530564,39.46472250681452,38.85999923324059,45.881802784763785,60.673476768521816,5.2,20.0,-0.68,0.05
EZPW,2021-01-14,4.730000019073486,4.840000152587891,4.710000038146973,4.789999961853027,549900.0,33.70994389319528,39.570586829826574,39.014236120582126,45.51462996722654,60.71251452476803,5.08,24.0,-0.68,-0.01
EZPW,2021-01-15,4.769999980926514,4.789999961853027,4.650000095367432,4.679999828338623,459700.0,34.17658631119379,39.79849646036996,39.01756516239763,45.581588189530954,60.74048854953301,4.97,25.0,-0.69,0.01
EZPW,2021-01-19,4.739999771118164,4.760000228881836,4.639999866485596,4.710000038146973,381700.0,33.2658837168674,39.40563660405866,38.81936518973077,44.65982632773056,60.72120740790522,4.87,19.0,-0.71,0.05
EZPW,2021-01-20,4.699999809265137,4.730000019073486,4.579999923706055,4.659999847412109,363600.0,33.286090230960546,39.364255520579974,38.83866528579181,44.39320006213678,60.72569343458424,4.77,20.0,-0.71,0.05
EZPW,2021-01-21,4.690000057220459,4.710000038146973,4.590000152587891,4.670000076293945,315200.0,33.31867368553267,39.3646756343735,38.84227852836615,44.27499808982017,60.72651362490132,4.68,21.0,-0.72,0.05
EZPW,2021-01-22,4.610000133514404,4.760000228881836,4.579999923706055,4.739999771118164,341500.0,33.56269994498594,39.28680474607331,38.5039871781118,44.30509059339017,60.72467894282029,4.58,11.0,-0.74,0.12
EZPW,2021-01-25,4.739999771118164,4.829999923706055,4.630000114440918,4.78000020980835,475300.0,33.618211958695014,39.27236425999298,37.992311343081816,44.31735130505483,60.721889794226215,4.5,1.0,-0.73,0.18
EZPW,2021-01-26,4.809999942779541,4.829999923706055,4.679999828338623,4.78000020980835,302800.0,33.32461858329958,38.920772612092485,37.9254693250249,43.735038063452215,60.64425851270744,4.42,1.0,-0.7,0.21
EZPW,2021-01-27,4.739999771118164,4.75,4.510000228881836,4.599999904632568,1064700.0,34.061432352591964,39.42005885299038,37.944136213283755,43.5389349947585,60.7002018154899,4.34,2.0,-0.79,0.24
EZPW,2021-01-28,4.639999866485596,4.639999866485596,4.510000228881836,4.559999942779541,504500.0,33.554398594029976,39.07370357842674,37.95051005066313,42.637233750504166,60.702700488814365,4.26,3.0,-0.86,0.24
EZPW,2021-01-29,4.550000190734863,4.570000171661377,4.46999979019165,4.489999771118164,605000.0,33.720966064323385,39.18228754038228,38.008605221945245,42.17837824797226,60.69932615239424,4.17,5.0,-0.93,0.23
EZPW,2021-02-01,4.590000152587891,4.71999979019165,4.510000228881836,4.639999866485596,643900.0,31.97925813042442,38.48592137320988,38.167204819519824,42.357934971648476,60.72716198777949,4.07,7.0,-0.95,0.17
EZPW,2021-02-02,4.679999828338623,4.789999961853027,4.579999923706055,4.679999828338623,528200.0,31.290725773925587,38.43522957584811,38.14157228477469,42.03844834664561,60.22221688836551,3.97,7.0,-0.95,0.17
EZPW,2021-02-03,4.679999828338623,4.849999904632568,4.679999828338623,4.789999961853027,630800.0,31.963731228658798,38.53626579403228,38.33401797101541,41.62676146271942,52.64520261482121,3.85,11.0,-0.93,0.1
EZPW,2021-02-04,5.019999980926514,5.199999809265137,4.900000095367432,5.190000057220459,1090800.0,36.909847835347904,41.8930667853563,40.285689585116295,42.346157548656834,53.236217599569244,3.72,57.0,-0.92,0.53
EZPW,2021-02-05,5.289999961853027,5.300000190734863,4.800000190734863,5.199999809265137,826600.0,36.76852279280663,39.8939980467355,40.21254979382965,41.825876702768554,53.206319604600985,3.58,56.0,-0.91,0.56
EZPW,2021-02-08,5.199999809265137,5.210000038146973,5.050000190734863,5.150000095367432,483700.0,36.86802258702319,39.91462232203944,40.10301929558505,41.71946011016797,53.19069977738453,3.43,55.0,-0.9,0.59
EZPW,2021-02-09,5.139999866485596,5.199999809265137,5.059999942779541,5.139999866485596,426800.0,36.45852484598787,39.89803523130819,40.084785074014206,41.670692128531606,53.12320888567976,3.3,55.0,-0.89,0.6
EZPW,2021-02-10,5.150000095367432,5.179999828338623,4.96999979019165,5.059999942779541,366500.0,36.8213404483966,39.06964760680253,40.10480817194859,41.636012551524274,53.146635216479034,3.16,57.0,-0.87,0.6
EZPW,2021-02-11,5.059999942779541,5.150000095367432,4.96999979019165,5.050000190734863,432400.0,36.79509398677162,37.91165529000875,40.094278744648065,41.6206547219262,53.09036590335511,3.03,56.0,-0.85,0.61
EZPW,2021-02-12,5.039999961853027,5.039999961853027,4.96999979019165,4.989999771118164,252000.0,37.00002863872258,37.98400829357783,39.866733028667355,41.59665023374816,53.089691073649824,2.9,55.0,-0.85,0.66
EZPW,2021-02-16,5.010000228881836,5.199999809265137,5.010000228881836,5.159999847412109,351500.0,38.09746075360154,38.58290220906455,39.91205629019123,41.726629146438846,53.18868795426833,2.76,56.0,-0.85,0.65
EZPW,2021-02-17,5.139999866485596,5.190000057220459,5.0,5.010000228881836,282400.0,39.20760695940792,39.02351997027995,39.69659234499541,41.849135930811606,53.2698942267552,2.64,49.0,-0.85,0.68
EZPW,2021-02-18,5.0,5.0,4.809999942779541,4.889999866485596,396800.0,38.23216761059172,39.1043072985572,39.7787803526961,41.72485247218874,53.325076551263216,2.53,55.0,-0.85,0.66
EZPW,2021-02-19,4.889999866485596,4.96999979019165,4.800000190734863,4.860000133514404,562100.0,37.549396525500335,38.692593214062214,39.7906933171572,41.426540008453216,53.190466211163276,2.42,56.0,-0.85,0.66
EZPW,2021-02-22,4.849999904632568,5.0,4.800000190734863,4.960000038146973,426300.0,37.74779842198262,38.8934508598052,39.24318574023256,39.57719921900199,53.07716764591177,2.28,46.0,-0.84,0.77
EZPW,2021-02-23,4.920000076293945,4.989999771118164,4.840000152587891,4.960000038146973,377600.0,37.36901524277215,38.749538267320126,39.16562512679071,39.40317386842187,53.06691217264009,2.12,46.0,-0.83,0.79
EZPW,2021-02-24,4.940000057220459,5.239999771118164,4.869999885559082,5.230000019073486,449300.0,39.3053914067144,39.30202951055586,40.05942372372548,39.748206798031056,53.318929547355275,1.99,62.0,-0.86,0.62
EZPW,2021-02-25,5.210000038146973,5.28000020980835,4.980000019073486,5.0,520400.0,41.69236229041531,39.909973384342685,40.696730000512474,40.06766910145199,53.476494553097076,1.87,73.0,-0.86,0.52
EZPW,2021-02-26,4.96999979019165,5.03000020980835,4.789999961853027,4.800000190734863,483500.0,43.08099602292906,38.69907903138737,41.20821902937537,40.26994167887788,53.58377902629804,1.79,80.0,-0.88,0.44
EZPW,2021-03-01,4.880000114440918,4.96999979019165,4.869999885559082,4.940000057220459,290300.0,43.4501804421822,38.68937638908416,41.260725686145086,40.279608613454194,53.660443073378914,1.74,81.0,-0.86,0.42
EZPW,2021-03-02,4.940000057220459,4.96999979019165,4.849999904632568,4.909999847412109,199900.0,42.899043842220564,38.69858591655074,40.88912205525079,40.27924354528846,53.663658673694044,1.67,74.0,-0.81,0.54
EZPW,2021-03-03,4.940000057220459,5.090000152587891,4.940000057220459,4.989999771118164,288800.0,43.08695336005829,38.50119983436653,40.860832571121996,40.29093619776553,53.6368472342083,1.6,74.0,-0.77,0.55
EZPW,2021-03-04,4.96999979019165,5.110000133514404,4.960000038146973,5.050000190734863,490200.0,43.011048084561445,38.595635668557485,40.78689506573356,40.29966990306286,53.63831426600719,1.56,74.0,-0.72,0.55
EZPW,2021-03-05,5.139999866485596,5.21999979019165,5.039999961853027,5.199999809265137,592900.0,43.69482592059716,39.092768331425646,40.54936974614531,40.381916495954,53.70446370340277,1.51,73.0,-0.74,0.55
EZPW,2021-03-08,5.25,5.300000190734863,5.150000095367432,5.28000020980835,600600.0,43.7037208932217,39.176666974455166,40.615724386593996,40.42749028795852,53.71491353612517,1.49,74.0,-0.78,0.52
EZPW,2021-03-09,5.309999942779541,5.349999904632568,5.179999828338623,5.190000057220459,349900.0,44.08700068233982,39.21643598121989,40.49809515015678,40.440707141831076,53.61076310540823,1.46,73.0,-0.81,0.54
EZPW,2021-03-10,5.199999809265137,5.300000190734863,5.159999847412109,5.28000020980835,392200.0,44.275231529614004,39.19158746147164,40.51677860077725,40.496163106414265,53.627791238490516,1.43,74.0,-0.86,0.52
EZPW,2021-03-11,5.28000020980835,5.420000076293945,5.260000228881836,5.409999847412109,373300.0,42.85026476130873,39.02439762626877,39.59952197962839,40.589827379207286,53.47318301155671,1.38,49.0,-0.86,0.57
EZPW,2021-03-12,5.440000057220459,5.619999885559082,5.190000057220459,5.590000152587891,607800.0,43.34359450931895,39.20992655180221,39.923034842070834,40.767692275752985,52.56394883561399,1.33,63.0,-0.75,0.47
EZPW,2021-03-15,5.619999885559082,5.730000019073486,5.5,5.690000057220459,527800.0,42.928158383012786,39.28550868569723,39.88526511751034,40.672017828936625,51.47623336480795,1.27,62.0,-0.56,0.46
EZPW,2021-03-16,5.670000076293945,5.690000057220459,5.46999979019165,5.599999904632568,452100.0,42.7918864410492,37.82657667509912,39.96809460741398,40.298997067554396,49.423510671054586,1.21,65.0,-0.54,0.45
EZPW,2021-03-17,5.610000133514404,5.679999828338623,5.570000171661377,5.670000076293945,354900.0,42.8243867900252,37.46095457345243,39.71349678042859,39.80587626178057,48.87729022524338,1.13,53.0,-0.51,0.5
EZPW,2021-03-18,5.590000152587891,5.78000020980835,5.539999961853027,5.579999923706055,370300.0,42.99334177761289,37.67420396751929,39.73385876180008,39.84257266265403,48.006106511966856,1.07,56.0,-0.57,0.49
EZPW,2021-03-19,5.590000152587891,5.75,5.539999961853027,5.539999961853027,1277700.0,36.73041525376992,36.50760916866905,39.75592507209443,39.34617406529749,47.98913914284489,1.02,58.0,-0.64,0.49
EZPW,2021-03-22,5.460000038146973,5.579999923706055,5.420000076293945,5.429999828338623,324800.0,37.2915990224523,36.73206423093373,39.751667591144816,39.403570082808024,47.583730569371546,1.02,57.0,-0.71,0.49
EZPW,2021-03-23,5.409999847412109,5.440000057220459,5.190000057220459,5.239999771118164,578600.0,38.69555925789331,37.49201385365982,40.137630134337556,39.48852556886543,47.67485330609394,1.02,73.0,-0.74,0.41
EZPW,2021-03-24,5.300000190734863,5.420000076293945,5.119999885559082,5.119999885559082,349400.0,39.29989535126166,37.64811718328357,40.10425259444313,39.542018296843935,47.68312452240445,1.02,71.0,-0.72,0.42
EZPW,2021-03-25,5.090000152587891,5.179999828338623,5.03000020980835,5.090000152587891,305500.0,39.06459939726895,37.66108255487927,39.9250965889,39.49074943112725,47.40816123505516,1.02,65.0,-0.68,0.46
EZPW,2021-03-26,5.150000095367432,5.210000038146973,5.059999942779541,5.159999847412109,263700.0,39.25137641958982,37.732620618862526,39.72714619037199,39.380887962617486,46.72649641310181,1.01,51.0,-0.68,0.5
EZPW,2021-03-29,5.110000133514404,5.210000038146973,5.059999942779541,5.070000171661377,368800.0,39.443283567719234,37.92617323803316,39.821384370763184,39.31123027116281,45.941998796595165,1.01,59.0,-0.7,0.47
EZPW,2021-03-30,5.050000190734863,5.139999866485596,5.050000190734863,5.059999942779541,235400.0,38.18653034135113,37.90043270127186,39.100687149976466,39.12226867169923,45.906041506317486,1.01,37.0,-0.67,0.62
EZPW,2021-03-31,5.070000171661377,5.090000152587891,4.960000038146973,4.96999979019165,414500.0,37.56990127593435,38.09686885825607,39.165812145893554,39.0364261333753,45.91950592029403,1.01,43.0,-0.63,0.61
EZPW,2021-04-01,4.960000038146973,5.150000095367432,4.909999847412109,5.139999866485596,289700.0,38.101253691345896,37.88553041241825,39.41037937598744,38.47235118090189,45.7902251051041,1.01,45.0,-0.62,0.54
EZPW,2021-04-05,5.190000057220459,5.320000171661377,5.139999866485596,5.28000020980835,419100.0,38.7100632251655,37.97102123350024,39.62609250287107,38.35399069709112,45.259278244878686,1.01,49.0,-0.63,0.47
EZPW,2021-04-06,5.28000020980835,5.400000095367432,5.269999980926514,5.300000190734863,266100.0,38.35142388514334,37.78189498984267,38.37352618558164,38.32202006437855,45.25862294665001,1.01,12.0,-0.67,0.52
EZPW,2021-04-07,5.309999942779541,5.380000114440918,5.170000076293945,5.239999771118164,419100.0,38.54988227320854,37.661657843076185,38.399942940503564,38.30812729436784,44.90161045106568,1.01,15.0,-0.69,0.52
EZPW,2021-04-08,5.239999771118164,5.349999904632568,5.239999771118164,5.289999961853027,549400.0,35.47034649925454,37.17752963892738,38.41573349929331,37.92832048923619,44.72368821562489,1.0,16.0,-0.72,0.51
EZPW,2021-04-09,5.300000190734863,5.400000095367432,5.300000190734863,5.369999885559082,284600.0,32.97847168183015,37.275520980090526,37.879381375938756,37.751118938194544,44.35412201428619,0.99,1.0,-0.76,0.59
EZPW,2021-04-12,5.369999885559082,5.409999847412109,5.309999942779541,5.349999904632568,233900.0,30.408187787375436,37.03956859509063,37.19314009628212,37.603281312894964,43.947644098038744,0.98,1.0,-0.79,0.74
EZPW,2021-04-13,5.320000171661377,5.360000133514404,5.199999809265137,5.210000038146973,344500.0,30.656480393828982,37.286212443460734,37.437058537535165,37.623159724929074,43.90415689072207,0.97,2.0,-0.8,0.67
EZPW,2021-04-14,5.21999979019165,5.289999961853027,5.179999828338623,5.199999809265137,265900.0,30.58725667155841,36.93903747121501,37.41689823045125,37.62323986355872,43.88786039746306,0.97,2.0,-0.82,0.67
EZPW,2021-04-15,5.199999809265137,5.230000019073486,5.130000114440918,5.21999979019165,182700.0,30.29553505414147,36.92906727092325,37.40161766787152,37.59960847500531,43.83803281747641,0.99,2.0,-0.83,0.68
EZPW,2021-04-16,5.25,5.300000190734863,5.21999979019165,5.230000019073486,196400.0,30.13390628164648,36.83873514531691,37.277117536150776,37.17273970609264,43.77999461064309,1.0,2.0,-0.82,0.73
EZPW,2021-04-19,5.239999771118164,5.239999771118164,5.059999942779541,5.119999885559082,246700.0,29.592648719352592,37.143645439208825,37.18555114377693,37.23652849197718,43.79512796314493,1.02,1.0,-0.78,0.78
EZPW,2021-04-20,5.090000152587891,5.179999828338623,5.03000020980835,5.090000152587891,248100.0,29.24510632521895,37.068620766367154,37.16216159062719,37.04805053516974,43.781824849781735,1.04,1.0,-0.73,0.79
EZPW,2021-04-21,5.070000171661377,5.139999866485596,5.010000228881836,5.119999885559082,186200.0,28.912774054587242,37.051223278738135,37.09653493031051,37.05197010836853,43.78093771922328,1.06,1.0,-0.67,0.82
EZPW,2021-04-22,5.150000095367432,5.170000076293945,4.989999771118164,4.989999771118164,283300.0,29.30924145345574,37.457840767692325,36.64858280399835,36.9334577507984,43.74378722693414,1.09,1.0,-0.64,0.88
EZPW,2021-04-23,5.0,5.110000133514404,4.989999771118164,5.059999942779541,265100.0,28.649132046460934,36.65103251957124,36.435763536832575,36.9587080532165,43.6054101508818,1.12,1.0,-0.58,0.96
EZPW,2021-04-26,5.099999904632568,5.139999866485596,5.070000171661377,5.099999904632568,141900.0,26.863553349891532,36.60926756028739,35.06990695289662,36.972030133031964,43.3030376502239,1.17,1.0,-0.58,0.9
EZPW,2021-04-27,5.099999904632568,5.179999828338623,5.090000152587891,5.159999847412109,186700.0,26.512371462933437,36.482948650551236,34.81162924108619,36.97921927308945,43.30784229094464,1.22,1.0,-0.57,1.01
EZPW,2021-04-28,5.170000076293945,5.260000228881836,5.119999885559082,5.210000038146973,195400.0,26.48573070094336,35.95924390388088,34.844934565721516,36.977842332954324,43.030842999511286,1.27,2.0,-0.56,0.99
EZPW,2021-04-29,5.789999961853027,5.940000057220459,5.590000152587891,5.639999866485596,1185700.0,35.34970932921955,39.285050638379545,36.85749937058455,38.14274351604908,43.439071042553685,1.27,6.0,-0.52,1.49
EZPW,2021-04-30,5.650000095367432,5.760000228881836,5.559999942779541,5.630000114440918,656500.0,35.0354116946759,39.07165503531988,36.85915429811309,37.971798436988365,43.43029138388999,1.29,7.0,-0.51,1.49
EZPW,2021-05-03,5.699999809265137,5.889999866485596,5.679999828338623,5.699999809265137,802900.0,35.13022916750947,35.64687455932899,36.90744168640398,37.932324730421065,42.73567041099389,1.3,8.0,-0.46,1.45
EZPW,2021-05-04,5.710000038146973,5.800000190734863,5.670000076293945,5.769999980926514,366900.0,34.695705543406724,35.71354905891791,36.92809442711259,37.93203426417903,42.5517733671699,1.32,9.0,-0.35,1.44
EZPW,2021-05-05,5.860000133514404,5.96999979019165,5.849999904632568,5.909999847412109,670400.0,33.35032585171607,35.91980249712927,37.02867197519964,37.88697560662375,42.521434713242535,1.33,10.0,-0.12,1.35
EZPW,2021-05-06,5.920000076293945,6.650000095367432,5.920000076293945,6.650000095367432,1348000.0,46.03129766088623,43.02049085079664,41.286973415796325,40.28703081479765,44.10665844086018,1.35,100.0,3.28,3.71
EZPW,2021-05-07,6.550000190734863,6.550000190734863,6.380000114440918,6.489999771118164,732300.0,46.84463588099948,43.228595895705766,41.20388607314594,40.395738693537176,44.17840435000274,1.37,97.0,3.53,3.74
EZPW,2021-05-10,6.460000038146973,6.730000019073486,6.360000133514404,6.539999961853027,659600.0,46.81502278528144,43.21542769028176,40.99649391797519,40.399938648915175,43.78730225099181,1.39,96.0,3.47,3.8
EZPW,2021-05-11,6.429999828338623,6.579999923706055,6.289999961853027,6.550000190734863,392000.0,46.23450941157587,43.08688380131521,40.9604962846544,40.38788532740436,43.466150835314274,1.4,95.0,3.21,3.81
EZPW,2021-05-12,6.559999942779541,6.690000057220459,6.5,6.610000133514404,393800.0,46.127007111719976,42.67453023185706,40.01888287831039,40.33630195059815,42.79550776809939,1.4,77.0,2.99,4.11
EZPW,2021-05-13,6.599999904632568,6.730000019073486,6.559999942779541,6.679999828338623,1140700.0,45.41934937379193,42.112079888814094,39.795881902278545,40.210213671162656,42.43161842610898,1.41,69.0,2.79,4.18
EZPW,2021-05-14,6.690000057220459,6.96999979019165,6.650000095367432,6.949999809265137,597400.0,45.72401274540637,42.2648749266704,40.19955919353376,40.46573577811932,42.602683194878445,1.41,84.0,2.89,3.86
EZPW,2021-05-17,6.949999809265137,7.269999980926514,6.949999809265137,7.239999771118164,591100.0,46.34760426976804,42.78976639659982,39.992085464032215,40.73428173343472,42.567163096377044,1.41,75.0,3.19,3.96
EZPW,2021-05-18,7.21999979019165,7.25,7.050000190734863,7.199999809265137,321600.0,46.543747213004394,42.76425008759206,39.97249025122419,40.55474347349279,42.24037534113127,1.42,74.0,3.03,3.97
EZPW,2021-05-19,6.909999847412109,7.21999979019165,6.71999979019165,7.150000095367432,511800.0,46.382975754691834,42.831275437973474,39.99782914778214,40.23980874178008,41.977663385810196,1.42,75.0,2.69,3.99
EZPW,2021-05-20,7.110000133514404,7.239999771118164,6.980000019073486,7.199999809265137,233600.0,46.392849390033,41.701928210856465,39.863420450464496,40.22232660929736,41.62359171184329,1.42,66.0,2.38,4.03
EZPW,2021-05-21,7.25,7.349999904632568,7.239999771118164,7.289999961853027,310400.0,46.37596456000492,40.38298675733268,39.883637900612015,40.054836414166154,41.55962078605322,1.42,67.0,2.1,4.0
EZPW,2021-05-24,7.300000190734863,7.329999923706055,7.190000057220459,7.289999961853027,246700.0,46.291169804025564,39.19831760399856,39.86667386701786,40.04231604401583,41.51843961377709,1.43,65.0,1.81,4.0
EZPW,2021-05-25,7.260000228881836,7.320000171661377,7.059999942779541,7.070000171661377,237800.0,46.59093060662426,39.6753929143533,40.238373781003055,40.221849666565774,41.59426903089517,1.43,85.0,1.47,3.84
EZPW,2021-05-26,7.070000171661377,7.159999847412109,7.03000020980835,7.090000152587891,315600.0,46.50407063307459,39.601582319556414,40.232547983434266,40.06046516499961,41.58638205031263,1.43,84.0,1.17,3.86
EZPW,2021-05-27,7.170000076293945,7.429999828338623,7.170000076293945,7.380000114440918,470900.0,47.24495842612697,40.1602585182493,40.634379319021036,40.272381898032286,41.72843572785839,1.44,90.0,0.95,3.55
EZPW,2021-05-28,7.360000133514404,7.400000095367432,7.28000020980835,7.349999904632568,206400.0,47.3826583926362,40.201981241732646,40.27461019427887,40.268817045811176,41.681084747649,1.44,84.0,0.73,3.84
EZPW,2021-06-01,7.440000057220459,7.619999885559082,7.360000133514404,7.579999923706055,380300.0,46.66748700709151,40.24092454691673,40.37796605696934,40.307888001914804,41.772547132566935,1.45,85.0,0.58,3.77
EZPW,2021-06-02,7.639999866485596,7.679999828338623,7.400000095367432,7.460000038146973,302400.0,47.112648813170765,40.45135427270337,40.35368093963872,40.3335503423645,41.66653305894234,1.45,84.0,0.39,3.78
EZPW,2021-06-03,7.389999866485596,7.550000190734863,7.269999980926514,7.5,308400.0,47.11959641290054,40.16784178431267,40.19807052577091,40.24313388552353,41.471193386829256,1.46,77.0,0.22,3.83
EZPW,2021-06-04,7.519999980926514,7.519999980926514,7.400000095367432,7.440000057220459,142400.0,46.13421375687041,40.203923352651216,39.896514004401354,40.255136863129636,40.166474321625564,1.46,61.0,0.05,3.96
EZPW,2021-06-07,7.449999809265137,7.489999771118164,7.090000152587891,7.119999885559082,863300.0,49.02762876914442,41.27542347297805,40.62437047465358,40.579993528015294,40.30599967208582,1.46,89.0,-0.12,3.69
EZPW,2021-06-08,7.010000228881836,7.099999904632568,6.889999866485596,7.050000190734863,518400.0,49.406661406493605,40.956609339326455,40.518570423545334,40.60062592276753,40.205033924760826,1.47,86.0,-0.28,3.74
EZPW,2021-06-09,6.980000019073486,7.050000190734863,6.900000095367432,6.960000038146973,337300.0,49.87753877305856,40.993943245545324,40.513908360905795,40.46924603374854,40.21960881367958,1.48,84.0,-0.41,3.81
EZPW,2021-06-10,7.039999961853027,7.090000152587891,6.880000114440918,6.929999828338623,412800.0,50.049478515203646,40.82906565157554,40.30414673665369,40.32281122114676,40.16547117192874,1.48,80.0,-0.53,3.9
EZPW,2021-06-11,6.920000076293945,7.190000057220459,6.889999866485596,7.150000095367432,611800.0,46.000470668338004,41.18463090671219,40.5354269425864,40.17907817829328,40.16242324380322,1.48,86.0,-0.65,3.71
EZPW,2021-06-14,7.119999885559082,7.400000095367432,7.039999961853027,7.210000038146973,655400.0,45.90879451707993,40.9848371249887,40.47052107104558,40.11394414232397,40.164366238957385,1.49,81.0,-0.76,3.71
EZPW,2021-06-15,7.230000019073486,7.300000190734863,7.119999885559082,7.210000038146973,382000.0,45.95230126342504,40.92535121786517,40.47494590826466,40.11394414232397,40.14111889586122,1.49,81.0,-0.86,3.71
EZPW,2021-06-16,7.159999847412109,7.199999809265137,7.050000190734863,7.050000190734863,567700.0,46.75597727051681,40.98909654073512,40.660827495797136,39.87930172211866,40.185454582376885,1.5,90.0,-0.95,3.67
EZPW,2021-06-17,7.059999942779541,7.21999979019165,6.880000114440918,6.900000095367432,388700.0,47.15046207020609,40.500478782532944,40.854567201648265,39.92089116427264,40.180655063479364,1.5,92.0,-1.03,3.61
EZPW,2021-06-18,6.809999942779541,6.849999904632568,6.369999885559082,6.440000057220459,1744400.0,38.65147407533641,42.861802739886535,42.44927922745665,40.783728862373145,40.77561411944906,1.52,100.0,-1.07,3.33
EZPW,2021-06-21,6.440000057220459,6.789999961853027,6.440000057220459,6.75,521300.0,40.41010804108732,43.712721583355034,42.49569777704594,41.13431217101926,41.01618024631929,1.55,100.0,-1.13,3.19
EZPW,2021-06-22,6.800000190734863,6.800000190734863,6.599999904632568,6.679999828338623,295500.0,40.50273328233107,43.78059686336637,42.50927294061279,41.15692789216852,41.02884248292513,1.57,100.0,-1.19,3.18
EZPW,2021-06-23,6.71999979019165,6.820000171661377,6.710000038146973,6.730000019073486,272800.0,40.549617198821785,43.54579364995123,42.400140461664996,41.06336113503473,41.02180804396988,1.59,97.0,-1.25,3.21
EZPW,2021-06-24,6.739999771118164,6.769999980926514,6.579999923706055,6.659999847412109,233600.0,40.60184858376875,43.63608409371675,42.2079852962503,40.899217645906496,41.02867447633617,1.61,96.0,-1.3,3.38
EZPW,2021-06-25,6.690000057220459,6.690000057220459,6.289999961853027,6.380000114440918,707900.0,42.34647768270899,44.48013913490153,42.84160743737285,41.178919714878134,41.153464402224486,1.64,100.0,-1.32,3.17
EZPW,2021-06-28,6.320000171661377,6.389999866485596,6.25,6.360000133514404,457700.0,40.50888677691785,44.076084523836975,42.7305347424622,41.10266204955041,40.85544302292687,1.66,99.0,-1.34,3.27
EZPW,2021-06-29,6.349999904632568,6.369999885559082,6.159999847412109,6.190000057220459,315500.0,38.87446617224619,44.243635241677,41.15094813074431,40.94334829532513,40.58777195289135,1.67,89.0,-1.36,3.64
EZPW,2021-06-30,6.199999809265137,6.210000038146973,5.96999979019165,6.03000020980835,366200.0,39.346853473207375,44.63548242223874,41.389418046338044,41.06880709683302,40.66883414854944,1.67,93.0,-1.36,3.54
EZPW,2021-07-01,6.110000133514404,6.21999979019165,6.0,6.170000076293945,394400.0,40.2228224703768,44.745300959134205,41.48960449941817,41.027635522047575,40.37590100959099,1.68,93.0,-1.37,3.44
EZPW,2021-07-02,6.150000095367432,6.150000095367432,5.96999979019165,5.980000019073486,223000.0,40.76481140728056,45.259000096297505,41.81714530841083,41.16758217320492,40.48906894974107,1.7,93.0,-1.37,3.31
EZPW,2021-07-06,5.940000057220459,6.099999904632568,5.920000076293945,5.980000019073486,379400.0,40.42959255723113,45.17979801514029,41.72695328356962,40.58087990504177,40.4007119172263,1.71,92.0,-1.37,3.34
EZPW,2021-07-07,5.820000171661377,5.929999828338623,5.800000190734863,5.820000171661377,269100.0,40.80703159543104,45.5546685073309,41.97306761947461,40.710225603424135,40.46414370901349,1.72,93.0,-1.36,3.24
EZPW,2021-07-08,5.730000019073486,5.820000171661377,5.659999847412109,5.789999961853027,225800.0,40.21560371299267,45.20456407209229,41.93184882330365,40.647565007479194,40.425111275379535,1.74,92.0,-1.35,3.25
EZPW,2021-07-09,5.849999904632568,6.070000171661377,5.829999923706055,6.059999942779541,326300.0,42.91019527829134,46.07902568144937,42.209454254319375,40.98936859060805,40.57428523694981,1.75,94.0,-1.35,3.13
EZPW,2021-07-12,6.019999980926514,6.239999771118164,6.019999980926514,6.199999809265137,346500.0,41.5982849453919,46.265863842041014,42.04500218348836,40.91155393069856,40.54704581401726,1.77,92.0,-1.35,3.14
EZPW,2021-07-13,6.199999809265137,6.199999809265137,6.079999923706055,6.110000133514404,327500.0,41.67236332438553,46.40433401762192,41.91892574134311,40.91464852872086,40.437159786887314,1.78,89.0,-1.35,3.19
EZPW,2021-07-14,6.110000133514404,6.159999847412109,6.010000228881836,6.010000228881836,276500.0,40.25687161719853,46.310095394367664,42.00369293801599,40.967889338575965,40.381611489939,1.8,91.0,-1.34,3.16
EZPW,2021-07-15,6.010000228881836,6.079999923706055,5.949999809265137,6.010000228881836,195700.0,40.23934983932683,46.27941683445779,41.90283530341986,40.88867494713316,39.86007340154379,1.81,87.0,-1.33,3.24
EZPW,2021-07-16,6.079999923706055,6.099999904632568,5.909999847412109,5.920000076293945,253000.0,40.121143244191664,46.41852447129771,41.9888025317639,40.91135669144453,39.705894232053055,1.82,90.0,-1.32,3.21
EZPW,2021-07-19,5.769999980926514,5.909999847412109,5.710000038146973,5.760000228881836,406200.0,40.517967334655545,46.46328800395001,41.42762735233262,40.93153537243825,39.77576569216565,1.82,82.0,-1.31,3.53
EZPW,2021-07-20,5.769999980926514,5.889999866485596,5.699999809265137,5.78000020980835,267700.0,39.22505321373462,46.401740889120994,40.76876322560301,40.82520624144594,39.75048148911872,1.82,69.0,-1.3,3.78
EZPW,2021-07-21,5.820000171661377,5.980000019073486,5.820000171661377,5.880000114440918,209300.0,39.827450778653564,46.48894042218418,40.27442190808087,40.73297835778975,39.520365057070634,1.82,53.0,-1.3,3.95
EZPW,2021-07-22,5.869999885559082,5.869999885559082,5.690000057220459,5.699999809265137,341300.0,40.44423459937326,46.94711298318123,40.3839840671827,40.90414080697739,39.49514633603286,1.82,58.0,-1.29,3.99
EZPW,2021-07-23,5.730000019073486,5.75,5.590000152587891,5.679999828338623,278100.0,40.44894838606791,46.92897295188024,40.373837560919974,40.52270467831459,39.39176616815653,1.81,57.0,-1.28,3.99
EZPW,2021-07-26,5.699999809265137,5.929999828338623,5.699999809265137,5.800000190734863,159500.0,39.71138083293296,44.23945674713636,40.42482123783035,40.56686881905808,39.3716444208202,1.81,60.0,-1.26,3.95
EZPW,2021-07-27,5.739999771118164,5.78000020980835,5.71999979019165,5.739999771118164,415600.0,39.4533562587746,44.29338767228355,40.43348492491466,40.53439373467542,39.38519236893215,1.81,61.0,-1.25,3.98
EZPW,2021-07-28,5.75,5.860000133514404,5.730000019073486,5.789999961853027,144400.0,39.67798162268686,44.25705991823702,40.202092046278324,40.54287624312938,39.37451436477085,1.81,51.0,-1.24,4.16
EZPW,2021-07-29,5.820000171661377,5.889999866485596,5.800000190734863,5.829999923706055,132700.0,39.616544338142,44.209127630655146,40.14874959551734,39.88032918804079,39.096514086159374,1.81,49.0,-1.23,4.21
EZPW,2021-07-30,5.769999980926514,5.840000152587891,5.71999979019165,5.71999979019165,262700.0,39.54107535303249,44.09889078196703,40.17121831216678,39.93989361582251,39.13328502976181,1.81,50.0,-1.22,4.2
EZPW,2021-08-02,5.730000019073486,5.809999942779541,5.630000114440918,5.639999866485596,240000.0,34.900309544910385,36.60873252910333,40.15659161876096,39.97046287749971,39.022043835945766,1.81,50.0,-1.21,4.27
EZPW,2021-08-03,5.630000114440918,5.679999828338623,5.559999942779541,5.599999904632568,392700.0,31.30945205557521,36.343640935973795,39.99482976421515,39.660137838841166,39.02497483617538,1.81,44.0,-1.2,4.43
EZPW,2021-08-04,5.519999980926514,5.679999828338623,5.510000228881836,5.639999866485596,515400.0,31.517138239992605,36.33718433764896,39.67228648899319,39.30279581596599,38.876867575729094,1.81,27.0,-1.2,4.7
EZPW,2021-08-05,5.579999923706055,6.0,5.5,5.940000057220459,573900.0,35.49202725233565,37.99749560242354,40.42034353788407,39.7685072133714,39.21394888416171,1.81,63.0,-1.2,4.25
EZPW,2021-08-06,6.0,6.139999866485596,5.96999979019165,6.0,507000.0,35.673196688256844,38.00923014469152,40.36290045624982,39.770186913875335,39.22533008888226,1.81,59.0,-1.19,4.24
EZPW,2021-08-09,5.96999979019165,6.110000133514404,5.880000114440918,6.050000190734863,283800.0,33.78800750808855,37.98146475154988,40.337689279717615,39.771417985105685,39.22115257672351,1.81,57.0,-1.19,4.27
EZPW,2021-08-10,6.03000020980835,6.090000152587891,5.989999771118164,6.039999961853027,192400.0,33.785518779126605,36.994795528348156,40.2511616874409,39.71242412488612,39.208813051013365,1.81,53.0,-1.18,4.3
EZPW,2021-08-11,6.070000171661377,6.289999961853027,6.03000020980835,6.289999961853027,304500.0,35.036904850387494,36.97876000203607,40.72102631197986,39.8762461929219,39.39472920465126,1.81,73.0,-1.18,3.95
EZPW,2021-08-12,6.230000019073486,6.230000019073486,6.110000133514404,6.210000038146973,172000.0,34.357899033826435,37.03544766123959,40.64052052700086,39.896339345509645,39.294506551390576,1.81,71.0,-1.17,3.98
EZPW,2021-08-13,6.239999771118164,6.300000190734863,6.150000095367432,6.159999847412109,154300.0,33.806312874498076,37.04194615490316,40.236165615963735,39.875593929812545,39.254797085845766,1.81,49.0,-1.15,4.17
EZPW,2021-08-16,6.130000114440918,6.309999942779541,6.079999923706055,6.289999961853027,243700.0,32.990337701705066,37.302485822182774,40.153055779057276,39.58290107273299,39.29054121284708,1.81,42.0,-1.13,4.15
EZPW,2021-08-17,6.210000038146973,6.260000228881836,6.159999847412109,6.21999979019165,157100.0,33.198786152900865,37.219536705984815,40.188636311648224,39.477160548114924,39.202600673813606,1.81,44.0,-1.11,4.13
EZPW,2021-08-18,6.199999809265137,6.300000190734863,6.179999828338623,6.199999809265137,144300.0,32.12545632373705,37.2156111455248,40.15335654589017,38.748896389482894,39.15115061875781,1.81,41.0,-1.09,4.19
EZPW,2021-08-19,6.150000095367432,6.25,6.150000095367432,6.170000076293945,282200.0,32.11933677513586,36.76103887195738,40.047187538801396,38.61202968925564,39.15159277559357,1.81,38.0,-1.07,4.24
EZPW,2021-08-20,6.130000114440918,6.340000152587891,6.130000114440918,6.309999942779541,199500.0,30.030915572370397,37.0953214771087,40.173376355757135,38.695828495015405,39.21099545498436,1.81,43.0,-1.05,4.11
EZPW,2021-08-23,6.320000171661377,6.409999847412109,6.320000171661377,6.369999885559082,192200.0,29.443573725616247,36.13167543358488,40.05882581879068,38.608532253234195,39.213041358262586,1.81,37.0,-1.03,4.14
EZPW,2021-08-24,6.380000114440918,6.570000171661377,6.349999904632568,6.559999942779541,331300.0,30.181127256505913,36.71376166122069,39.98043869380495,38.754818337149004,39.27073383778438,1.81,31.0,-1.02,4.19
EZPW,2021-08-25,6.599999904632568,6.639999866485596,6.5,6.599999904632568,163500.0,29.659319074483925,36.1176812472638,39.79278949591746,38.7590601379588,39.1731278971656,1.81,24.0,-1.0,4.36
EZPW,2021-08-26,6.610000133514404,6.71999979019165,6.53000020980835,6.650000095367432,306800.0,29.670955143996693,36.059435497610146,39.801013481683796,38.754562706893225,39.17788224214491,1.8,25.0,-0.99,4.34
EZPW,2021-08-27,6.659999847412109,6.78000020980835,6.659999847412109,6.769999980926514,221200.0,29.42614873619925,36.25827179443632,39.81662149016693,38.7581758482042,39.21496472541312,1.79,25.0,-0.98,4.28
EZPW,2021-08-30,6.760000228881836,6.889999866485596,6.710000038146973,6.869999885559082,341600.0,27.955884449876834,36.387250879433864,39.84795961782505,38.715478580893276,39.094609486534644,1.79,25.0,-0.97,4.25
EZPW,2021-08-31,6.880000114440918,6.949999809265137,6.78000020980835,6.889999866485596,611600.0,27.9605396997957,35.293006148783476,39.798408360864705,38.54550978348739,38.8597004854862,1.77,22.0,-0.96,4.31
EZPW,2021-09-01,6.920000076293945,6.920000076293945,6.78000020980835,6.809999942779541,241700.0,28.195925896734597,35.31524236929493,39.850009134159606,38.45923275671224,38.86166320136883,1.75,25.0,-0.94,4.28
EZPW,2021-09-02,6.800000190734863,6.929999828338623,6.78000020980835,6.869999885559082,243800.0,26.061253915276094,35.27230671379946,39.590807511315035,38.45040781744328,38.72516023560376,1.73,17.0,-0.92,4.39
EZPW,2021-09-03,6.889999866485596,6.889999866485596,6.78000020980835,6.889999866485596,205500.0,25.918806691824376,35.26749639460738,39.58367592842138,37.91463337411707,38.71760185370567,1.71,16.0,-0.9,4.39
EZPW,2021-09-07,6.889999866485596,6.909999847412109,6.809999942779541,6.840000152587891,150300.0,25.838894862230166,34.68385214664718,39.61571011544061,37.806418228340455,38.72600505370032,1.69,17.0,-0.87,4.39
EZPW,2021-09-08,6.829999923706055,6.829999923706055,6.570000171661377,6.590000152587891,179400.0,28.32453961740252,35.42380424282822,40.119798025784334,38.09367051175314,38.79839157978664,1.67,37.0,-0.83,4.15
EZPW,2021-09-09,6.570000171661377,6.679999828338623,6.510000228881836,6.639999866485596,216900.0,28.312462562259316,35.471299171995874,39.94932515632069,37.689273973532224,38.77271394273604,1.64,28.0,-0.8,4.22
EZPW,2021-09-10,6.670000076293945,6.760000228881836,6.579999923706055,6.650000095367432,188700.0,28.317110389425963,35.202260777857525,39.92663816918206,37.670081483314185,38.767335801990434,1.61,27.0,-0.78,4.22
EZPW,2021-09-13,6.670000076293945,6.880000114440918,6.599999904632568,6.860000133514404,235200.0,28.439760564641713,35.540613730331984,40.1779657906928,37.815568107174755,38.81159453486931,1.58,43.0,-0.78,4.02
EZPW,2021-09-14,6.889999866485596,6.900000095367432,6.739999771118164,6.78000020980835,366400.0,28.3027147384805,32.6166060508945,39.985016968853806,37.7856115624926,38.80660087657085,1.54,29.0,-0.84,4.11
EZPW,2021-09-15,6.760000228881836,6.869999885559082,6.71999979019165,6.75,221800.0,28.204051572539036,31.179491408102844,39.964266415817576,37.789674804321834,38.74761671922805,1.49,26.0,-0.9,4.16
EZPW,2021-09-16,6.989999771118164,7.320000171661377,6.960000038146973,7.110000133514404,707100.0,31.166116906598972,32.86431039285541,40.7102511983845,38.243205215817675,39.07528085098622,1.4,72.0,-0.99,3.72
EZPW,2021-09-17,7.099999904632568,7.150000095367432,7.0,7.079999923706055,1317200.0,28.383112741673177,32.85410234530207,40.70536369441069,38.247421139017675,39.05118972915966,1.28,71.0,-1.1,3.74
EZPW,2021-09-20,6.940000057220459,7.010000228881836,6.78000020980835,7.0,377000.0,28.783612809824653,32.86796718970279,40.75680721283754,38.273956415490495,39.068874473083554,1.16,73.0,-1.2,3.74
EZPW,2021-09-21,7.019999980926514,7.349999904632568,7.019999980926514,7.309999942779541,455900.0,30.83571474261728,32.71534541551775,39.41961692573141,38.58254516871262,39.17403237383695,1.1,5.0,-1.21,3.92
EZPW,2021-09-22,7.360000133514404,7.429999828338623,7.25,7.300000190734863,431600.0,30.829422537301003,32.704854599428785,39.41852520532071,38.33891321780969,39.06033849965364,1.05,4.0,-1.22,3.92
EZPW,2021-09-23,7.320000171661377,7.599999904632568,7.210000038146973,7.559999942779541,462200.0,30.330870206008935,32.7969146331224,39.72386153913393,38.450674387684245,38.99054306927744,0.98,9.0,-1.19,3.7
EZPW,2021-09-24,7.559999942779541,7.710000038146973,7.53000020980835,7.659999847412109,572300.0,29.852011139129203,32.27110914138753,39.729758401698305,38.398466782908535,38.956304852942054,0.92,9.0,-1.15,3.7
EZPW,2021-09-27,7.71999979019165,8.029999732971191,7.71999979019165,7.96999979019165,699900.0,30.94458463272904,32.86721954857851,40.01949338056668,38.572968316283244,39.139755130430515,0.85,30.0,-0.98,3.53
EZPW,2021-09-28,8.050000190734863,8.119999885559082,7.829999923706055,7.889999866485596,387800.0,31.176179818842154,32.16787819613284,35.56987974474786,38.42043572802885,38.908375375094856,0.98,1.0,-0.94,0.38
EZPW,2021-09-29,7.650000095367432,7.940000057220459,7.650000095367432,7.690000057220459,414400.0,32.198820247396,32.750447307298394,35.595127391808916,38.566459033330005,38.96585145887783,1.1,2.0,-0.97,0.37
EZPW,2021-09-30,7.739999771118164,7.739999771118164,7.510000228881836,7.570000171661377,241400.0,32.745621862873925,32.36619118453197,35.68882388773222,38.54248077903875,39.00065993806616,1.2,3.0,-1.02,0.35
EZPW,2021-10-01,7.579999923706055,7.960000038146973,7.570000171661377,7.579999923706055,398200.0,32.60576599206973,32.31169473449684,35.688829447764554,38.48027360261365,38.996611721352,1.28,4.0,-1.06,0.35
EZPW,2021-10-04,7.619999885559082,7.670000076293945,7.46999979019165,7.590000152587891,307200.0,32.302168375437155,31.160458151418013,35.667698950054586,38.358148351634966,38.99491292263363,1.37,3.0,-1.1,0.35
EZPW,2021-10-05,7.619999885559082,7.730000019073486,7.539999961853027,7.630000114440918,296500.0,32.28774947184592,30.907757579980267,35.643059210321276,38.356841969344444,38.92207960755433,1.44,3.0,-1.13,0.36
EZPW,2021-10-06,7.590000152587891,7.75,7.53000020980835,7.559999942779541,223900.0,31.794120623159706,30.79232257715805,35.14718234681758,38.350093460754806,38.796225725366384,1.53,1.0,-1.16,0.48
EZPW,2021-10-07,7.659999847412109,7.909999847412109,7.659999847412109,7.730000019073486,848100.0,32.196101069909716,30.738321073595742,34.72872010588226,38.41971396353947,38.813862006733,1.63,1.0,-1.16,0.54
EZPW,2021-10-08,7.760000228881836,8.25,7.739999771118164,8.239999771118164,1222000.0,36.408519886270945,33.066585893596766,36.13404574367455,39.0688549815079,39.250199460059505,1.68,9.0,-1.02,0.6
EZPW,2021-10-11,8.3100004196167,8.789999961853027,8.289999961853027,8.319999694824219,466700.0,36.2755388129261,32.804061945207,36.133041613081865,39.07155621152999,39.0287578838377,1.73,9.0,-0.89,0.59
EZPW,2021-10-12,8.3100004196167,8.5,8.260000228881836,8.390000343322754,514100.0,36.20390761221724,32.074824858120515,36.13914957753311,39.07483725564322,39.033562644867594,1.77,11.0,-0.77,0.59
EZPW,2021-10-13,8.390000343322754,8.489999771118164,8.130000114440918,8.199999809265137,242700.0,37.196008280863566,32.623901411171445,36.30288536149719,38.88581674531447,39.014181659954176,1.81,12.0,-0.76,0.55
EZPW,2021-10-14,8.260000228881836,8.260000228881836,7.980000019073486,8.0,346700.0,37.91181061253269,33.12678232314701,36.53413796680044,39.000511510593164,39.07211631751645,1.84,13.0,-0.78,0.49
EZPW,2021-10-15,8.09000015258789,8.109999656677246,7.940000057220459,8.0,446300.0,37.92861802679937,32.27662794378831,36.18221483081665,38.9395907238738,38.64563275754582,1.88,12.0,-0.83,0.58
EZPW,2021-10-18,8.010000228881836,8.130000114440918,7.920000076293945,8.010000228881836,189100.0,37.939896912136916,32.23358923403903,36.18131794420512,38.78000468915946,38.64352904343731,1.92,12.0,-0.88,0.58
EZPW,2021-10-19,8.069999694824219,8.069999694824219,7.880000114440918,7.909999847412109,183400.0,38.11911809055429,32.29022831204211,35.703817923315405,38.818094732697205,38.61283320591604,1.96,9.0,-0.9,0.7
EZPW,2021-10-20,7.889999866485596,7.940000057220459,7.71999979019165,7.869999885559082,271200.0,36.12130837415704,32.19881543917001,35.70755419141665,38.7539490878117,38.616553570433446,2.01,10.0,-0.93,0.7
EZPW,2021-10-21,7.909999847412109,8.050000190734863,7.760000228881836,7.809999942779541,270400.0,36.32968221663631,32.29858348464559,35.40218741688067,37.661041802708105,38.5016166027703,2.05,3.0,-0.94,0.82
EZPW,2021-10-22,7.829999923706055,7.829999923706055,7.610000133514404,7.639999866485596,344500.0,37.17848336113738,32.765478503907794,35.48582624668381,37.77043064554608,38.54264200738896,2.1,4.0,-0.95,0.79
EZPW,2021-10-25,7.650000095367432,7.650000095367432,7.389999866485596,7.650000095367432,2359300.0,36.32859731465706,32.404030792581175,35.4768146341254,37.74447889223237,38.54265268274301,2.14,4.0,-0.96,0.8
EZPW,2021-10-26,7.659999847412109,7.849999904632568,7.659999847412109,7.710000038146973,598900.0,36.05089999985315,32.167525919443804,35.47241398897179,37.74705860658707,38.48349651835054,2.18,4.0,-0.98,0.79
EZPW,2021-10-27,7.650000095367432,7.650000095367432,7.349999904632568,7.380000114440918,310700.0,38.588063367490314,33.61051513182895,35.46547783020247,38.079312891062806,38.73372830106131,2.22,4.0,-1.0,0.79
EZPW,2021-10-28,7.400000095367432,7.489999771118164,7.300000190734863,7.340000152587891,361000.0,35.736922350976855,33.66875346174419,35.43982234607139,38.08671598867587,38.645799715493304,2.25,4.0,-1.02,0.8
EZPW,2021-10-29,7.320000171661377,7.53000020980835,7.320000171661377,7.460000038146973,455300.0,35.964486651062415,32.28859902629904,35.46352414844818,38.08646941508759,38.58747719871198,2.29,5.0,-1.05,0.78
EZPW,2021-11-01,7.519999980926514,7.650000095367432,7.460000038146973,7.610000133514404,419000.0,36.11589510795656,32.43300846582886,35.584682180402304,37.9631302869095,38.522762211789484,2.32,11.0,-1.09,0.72
EZPW,2021-11-02,7.46999979019165,7.539999961853027,7.320000171661377,7.46999979019165,326200.0,34.496527850940076,32.74543074921341,35.38256650247136,37.856667999056704,38.56818666506447,2.35,3.0,-1.11,0.8
EZPW,2021-11-03,7.460000038146973,7.679999828338623,7.460000038146973,7.599999904632568,269800.0,34.81916533429844,32.84707829708027,35.46134787231709,37.766597165010126,38.3167013686544,2.38,6.0,-1.14,0.76
EZPW,2021-11-04,7.639999866485596,7.670000076293945,7.449999809265137,7.599999904632568,241500.0,33.32510931594946,31.949489740474668,35.46134787231709,37.75387793173364,38.30162772127024,2.41,6.5,-1.16,0.76
EZPW,2021-11-05,7.679999828338623,7.860000133514404,7.679999828338623,7.800000190734863,152800.0,33.9605595986551,32.110373449821395,35.496023485129605,37.79708393910364,38.339551448541506,2.43,13.0,-1.2,0.73
EZPW,2021-11-08,7.800000190734863,7.880000114440918,7.739999771118164,7.800000190734863,179900.0,31.877204238879887,32.02521541157346,35.31246122229485,37.79708393910364,38.337927458792755,2.46,3.0,-1.24,0.79
EZPW,2021-11-09,7.730000019073486,7.940000057220459,7.690000057220459,7.909999847412109,1210500.0,32.026265468638066,31.900475093122903,33.52408165616694,37.342596018389,37.86926421002805,2.5,1.0,-1.28,0.34
EZPW,2021-11-10,7.949999809265137,8.010000228881836,7.840000152587891,7.949999809265137,392500.0,31.103448320995724,31.7473295389934,32.744369963297835,36.91775256579429,37.865820196580145,2.56,1.0,-1.32,0.47
EZPW,2021-11-11,7.929999828338623,8.069999694824219,7.889999866485596,8.029999732971191,178900.0,30.78577334944846,31.733006543285768,32.71346331957667,36.56476199845075,37.867155298343775,2.61,1.0,-1.36,0.47
EZPW,2021-11-12,8.0600004196167,8.15999984741211,8.0600004196167,8.109999656677246,179700.0,30.870722721588535,31.695184993785336,32.72651823641936,36.44472123644589,37.61984082422388,2.65,2.0,-1.39,0.46
EZPW,2021-11-15,8.149999618530273,8.180000305175781,8.050000190734863,8.100000381469727,300800.0,30.886293001824804,31.495443425614273,32.67083830973257,36.43265318690036,37.36235602058062,2.7,1.0,-1.42,0.47
EZPW,2021-11-16,8.109999656677246,8.1899995803833,7.800000190734863,7.800000190734863,426000.0,32.95717955469538,32.62162675031595,32.498526847812265,36.71112229360577,37.57112382621347,2.74,1.0,-1.44,0.45
EZPW,2021-11-17,7.800000190734863,7.960000038146973,7.78000020980835,7.829999923706055,242300.0,32.831604695938296,32.16841188021606,32.489261185626,36.6942027596333,37.559711016809594,2.77,1.0,-1.46,0.45
EZPW,2021-11-18,8.100000381469727,8.800000190734863,7.949999809265137,8.680000305175781,714300.0,43.846724155414854,38.15426653420478,35.90452386884678,38.45051432851573,38.89908489205406,2.77,31.0,-1.39,3.07
EZPW,2021-11-19,8.550000190734863,8.550000190734863,8.039999961853027,8.100000381469727,371500.0,44.960925946529805,41.02833807856203,37.42120172854379,39.35355059624743,39.50708401557148,2.76,39.0,-1.4,3.08
EZPW,2021-11-22,8.180000305175781,8.229999542236328,8.0600004196167,8.109999656677246,298100.0,44.86048027357372,40.91707343538229,37.284298224302965,39.28488434845656,39.429585173643545,2.74,39.0,-1.4,3.2
EZPW,2021-11-23,8.020000457763672,8.220000267028809,8.020000457763672,8.15999984741211,268600.0,44.8252225459706,40.85064759489814,36.88647551903833,39.24836893394347,39.42478199451731,2.72,39.0,-1.4,3.37
EZPW,2021-11-24,8.119999885559082,8.130000114440918,7.909999847412109,7.920000076293945,223100.0,45.16513279459078,41.39735779275078,37.253108745755036,39.34605084061131,39.528192956737996,2.7,40.0,-1.39,3.2
EZPW,2021-11-26,7.75,7.75,7.340000152587891,7.570000171661377,827800.0,46.46589767435913,42.438415275732474,37.7302935338659,39.57222821118046,39.535999377759,2.68,43.0,-1.37,3.06
EZPW,2021-11-29,7.619999885559082,7.639999866485596,7.360000133514404,7.420000076293945,305900.0,46.75811257263994,42.64489937222143,37.88168603877883,39.60875220501194,39.50321619614224,2.65,44.0,-1.34,2.99
EZPW,2021-11-30,7.349999904632568,7.449999809265137,7.230000019073486,7.400000095367432,454200.0,46.744538542692666,42.651259971947155,37.253639399831656,39.55772240377676,38.978333432120735,2.62,41.0,-1.31,3.34
EZPW,2021-12-01,7.579999923706055,7.579999923706055,7.150000095367432,7.159999847412109,495300.0,47.48921084347232,43.19068065643873,37.511441964112926,39.74622083338938,39.03140990180072,2.59,44.0,-1.28,3.28
EZPW,2021-12-02,7.110000133514404,7.25,6.920000076293945,7.159999847412109,302500.0,47.49571556318752,42.4594920072024,37.42378365097029,39.6932474316112,39.03154807991907,2.56,44.0,-1.24,3.32
EZPW,2021-12-03,7.130000114440918,7.199999809265137,7.03000020980835,7.119999885559082,241800.0,47.482542759739516,42.463394375908955,37.329567071412505,39.688849810334894,38.96764285160314,2.53,43.0,-1.19,3.36
EZPW,2021-12-06,7.119999885559082,7.389999866485596,7.059999942779541,7.239999771118164,219800.0,47.4677261556891,42.58284075554599,37.40446322396514,39.64752206263496,38.99868467706618,2.5,44.0,-1.14,3.3
EZPW,2021-12-07,7.239999771118164,7.369999885559082,7.03000020980835,7.179999828338623,304800.0,47.49511050265499,42.173853600318715,37.34178203568465,39.41769274454121,39.01008621763028,2.47,44.0,-1.09,3.33
EZPW,2021-12-08,7.21999979019165,7.230000019073486,7.150000095367432,7.210000038146973,156800.0,47.44065679185463,42.09854250823793,37.045750236946944,39.30697122518763,39.00279516574888,2.45,40.0,-1.04,3.47
EZPW,2021-12-09,7.150000095367432,7.21999979019165,7.079999923706055,7.090000152587891,310100.0,46.01278724619932,42.242766759330195,37.16802881925626,39.35850883418383,39.01125546635845,2.43,41.0,-0.98,3.41
EZPW,2021-12-10,7.099999904632568,7.179999828338623,6.949999809265137,6.960000038146973,259800.0,46.26919852787716,41.05070149977339,37.230029321411365,39.40651757021797,39.00940731412416,2.42,42.0,-0.92,3.42
EZPW,2021-12-13,6.960000038146973,6.989999771118164,6.880000114440918,6.900000095367432,266700.0,45.98965465649578,41.0785803495673,36.896128916253325,39.35918712998714,38.90471707004922,2.4,40.0,-0.88,3.58
EZPW,2021-12-14,6.889999866485596,7.099999904632568,6.880000114440918,6.900000095367432,210700.0,45.502330797528764,41.01534952950068,36.88719045482263,39.35727694312657,38.82381833820505,2.39,40.0,-0.83,3.58
EZPW,2021-12-15,6.900000095367432,7.019999980926514,6.659999847412109,7.019999980926514,420300.0,45.63921871766837,40.1713151133341,36.84379945255014,39.32991243482682,38.84504456581048,2.38,39.0,-0.78,3.62
EZPW,2021-12-16,7.099999904632568,7.119999885559082,6.800000190734863,6.820000171661377,300700.0,45.90078798456012,40.585840661015446,37.11724259693068,39.31603320975483,38.59509721120263,2.36,44.0,-0.74,3.48
EZPW,2021-12-17,6.900000095367432,7.320000171661377,6.630000114440918,7.230000019073486,1818200.0,49.29291841746819,41.74137457167476,38.17770102162562,39.775535759524615,38.92846358331151,2.35,58.0,-0.67,3.04
EZPW,2021-12-20,7.190000057220459,7.199999809265137,6.929999828338623,7.050000190734863,479400.0,49.030644516902626,41.93603475747463,38.41713905400706,39.902381149374,39.02211635386122,2.34,59.0,-0.61,2.94
EZPW,2021-12-21,7.150000095367432,7.329999923706055,7.139999866485596,7.190000057220459,195000.0,49.47725985563135,41.2949418885895,38.371301077573875,39.92940464628154,38.7759155173805,2.32,59.0,-0.57,2.92
EZPW,2021-12-22,7.170000076293945,7.25,7.059999942779541,7.090000152587891,298300.0,49.32055967790882,41.3366466789425,38.37044610018206,39.96209672499327,38.79463012564053,2.31,59.0,-0.58,2.92
EZPW,2021-12-23,7.159999847412109,7.159999847412109,6.940000057220459,7.099999904632568,413900.0,49.27612556907361,41.03957836788212,38.34110707824678,39.930364990824636,38.78447532011972,2.3,59.0,-0.64,2.93
EZPW,2021-12-27,7.119999885559082,7.25,7.019999980926514,7.25,206600.0,49.64070131805023,41.17716399568567,38.44687892654224,39.99084537561563,38.78933347348757,2.29,63.0,-0.72,2.85
EZPW,2021-12-28,7.25,7.460000038146973,7.239999771118164,7.429999828338623,286300.0,50.159283712743054,41.499600357407886,37.7942532895538,39.940029377128425,38.8538982029396,2.27,57.0,-0.71,3.12
EZPW,2021-12-29,7.420000076293945,7.5,7.079999923706055,7.340000152587891,158500.0,50.22771456470289,41.56888370270224,37.84207873372994,39.97257360631971,38.87439336861131,2.25,58.0,-0.68,3.11
EZPW,2021-12-30,7.329999923706055,7.429999828338623,7.25,7.309999942779541,254400.0,49.15725472510205,41.55719301486091,37.84084651264067,39.978221545011046,38.876870531224576,2.24,58.0,-0.66,3.13
EZPW,2021-12-31,7.260000228881836,7.380000114440918,7.21999979019165,7.369999885559082,383500.0,49.219273466029954,41.55805140667195,37.849566572071105,39.98517865186707,38.8765119274288,2.22,60.0,-0.65,3.11
EZPW,2022-01-03,7.369999885559082,7.630000114440918,7.239999771118164,7.260000228881836,456100.0,37.91338575537441,41.391650993484944,37.434238994760406,39.941208060345566,38.91221975968749,2.19,55.0,-0.59,3.39
EZPW,2022-01-04,7.269999980926514,7.429999828338623,7.260000228881836,7.309999942779541,177900.0,32.98252496219135,39.16015416784827,37.37400994265176,39.934552115369,38.735803036210434,2.17,52.0,-0.55,3.4
EZPW,2022-01-05,7.360000133514404,7.460000038146973,7.139999866485596,7.230000019073486,167100.0,33.0231445200557,39.12639637427354,37.39619912902089,39.96148842855264,38.69111769540947,2.15,53.0,-0.53,3.39
EZPW,2022-01-06,7.21999979019165,7.329999923706055,7.03000020980835,7.309999942779541,145800.0,33.18029475031957,39.1608074811427,37.29928563933934,39.84000028460564,38.65490254644994,2.13,50.0,-0.48,3.47
EZPW,2022-01-07,7.360000133514404,7.409999847412109,7.300000190734863,7.329999923706055,194000.0,32.27735884258935,38.936340252248684,37.244115537267696,39.81529453076638,38.604818585268205,2.11,47.0,-0.47,3.49
EZPW,2022-01-10,7.349999904632568,7.420000076293945,7.289999961853027,7.349999904632568,275200.0,29.661334289316386,38.65431728233673,37.236314250535365,39.80936805217886,38.483716285797364,2.09,47.0,-0.48,3.48
EZPW,2022-01-11,7.329999923706055,7.440000057220459,7.210000038146973,7.349999904632568,168400.0,29.107501073408798,38.65431728233673,37.22254827907518,39.79343981902977,38.483716285797364,2.07,46.0,-0.55,3.49
EZPW,2022-01-12,7.369999885559082,7.389999866485596,7.210000038146973,7.210000038146973,182300.0,29.61506908699659,38.82160211292971,37.22080826645994,39.86161134187106,38.48492979590157,2.05,46.0,-0.58,3.54
EZPW,2022-01-13,7.21999979019165,7.329999923706055,5.820000171661377,6.300000190734863,3139500.0,48.155190549077616,47.42237486776703,43.02275591138014,41.99969576008378,40.78914781602072,2.11,100.0,-0.54,7.03
EZPW,2022-01-14,6.309999942779541,6.440000057220459,6.139999866485596,6.190000057220459,764500.0,48.290038873036,47.50641552065919,42.8490361329307,42.05416481484343,40.75937731345628,2.17,99.0,-0.4,7.14
EZPW,2022-01-18,6.190000057220459,6.340000152587891,6.139999866485596,6.289999961853027,426200.0,48.666242482942614,47.6762379820678,42.91742730809365,42.07093369583838,40.78329376682806,2.23,99.0,-0.33,7.09
EZPW,2022-01-19,6.289999961853027,6.289999961853027,6.019999980926514,6.039999961853027,520500.0,49.36031532502215,48.13140119418745,43.36540125847038,42.327510019281604,40.97927550118455,2.3,100.0,-0.13,6.68
EZPW,2022-01-20,6.070000171661377,6.340000152587891,5.929999828338623,6.110000133514404,607200.0,49.615047633956635,48.224195005630044,43.30674707196474,42.25485737451453,40.992567187517245,2.36,99.0,-0.05,6.73
EZPW,2022-01-21,6.03000020980835,6.110000133514404,5.929999828338623,6.010000228881836,496600.0,49.63106894373853,48.232717952249125,43.30194628233217,39.90818898085148,41.006523924288295,2.42,98.0,0.04,6.71
EZPW,2022-01-24,5.900000095367432,6.159999847412109,5.849999904632568,6.119999885559082,358700.0,50.00646099403435,47.72769365736999,43.40731421300671,39.86823083051368,41.035848093545155,2.48,100.0,0.03,6.63
EZPW,2022-01-25,6.050000190734863,6.230000019073486,5.940000057220459,6.110000133514404,289600.0,49.84650103889407,47.72617541885216,43.37477751143691,39.85714488937935,41.03656626150185,2.54,99.0,0.02,6.66
EZPW,2022-01-26,6.170000076293945,6.300000190734863,5.900000095367432,5.929999828338623,250700.0,50.383746762652024,47.86637572385171,43.58505432340635,40.00919588951615,40.96359398721782,2.61,100.0,0.05,6.46
EZPW,2022-01-27,5.929999828338623,6.010000228881836,5.789999961853027,5.809999942779541,776100.0,50.55380220911951,47.72596709190722,43.68286214275827,40.061463401634725,41.00826498029161,2.67,100.0,0.1,6.36
EZPW,2022-01-28,5.78000020980835,5.949999809265137,5.78000020980835,5.940000057220459,266100.0,50.766167725796954,47.94178764205274,43.83650548411021,40.130733364423335,41.02937014419484,2.74,100.0,0.07,6.26
EZPW,2022-01-31,5.900000095367432,5.980000019073486,5.809999942779541,5.96999979019165,317500.0,50.36192938813243,47.77753234708428,43.46925656502923,39.84973038982705,40.907355061550746,2.79,97.0,0.05,6.58
EZPW,2022-02-01,5.989999771118164,6.289999961853027,5.889999866485596,6.269999980926514,374700.0,49.412465995728155,48.994967348294786,44.16967445478874,39.98131325588106,41.181660881871466,2.85,100.0,0.01,6.12
EZPW,2022-02-02,6.28000020980835,6.380000114440918,6.25,6.289999961853027,393000.0,49.074842524338855,48.636501886537886,44.17249115890863,39.980075663068995,41.122540097517756,2.92,100.0,-0.04,6.12
EZPW,2022-02-03,6.53000020980835,7.0,6.429999828338623,6.699999809265137,501500.0,52.3879334337562,50.520560153580576,45.041647018542086,40.68115928684319,40.8273631559133,3.0,100.0,-0.07,5.7
EZPW,2022-02-04,6.639999866485596,6.789999961853027,6.409999847412109,6.510000228881836,393200.0,52.84598051348901,50.68273360137372,45.23311786354415,40.81005871529784,40.93571007728686,3.08,100.0,-0.11,5.55
EZPW,2022-02-07,6.449999809265137,6.46999979019165,6.289999961853027,6.320000171661377,263700.0,53.391329253596695,50.9377825978761,45.46630229744534,40.92479965073359,41.035900361496495,3.17,100.0,-0.17,5.37
EZPW,2022-02-08,6.349999904632568,6.420000076293945,6.239999771118164,6.349999904632568,1476900.0,52.9428132782384,50.88801303851158,44.68649376326195,40.929927349854154,41.03683229951948,3.23,97.0,-0.26,5.82
EZPW,2022-02-09,6.349999904632568,6.5,6.349999904632568,6.420000076293945,271600.0,52.44212913609411,50.90065081291818,44.72474347750745,40.798220087266785,41.01561460419899,3.29,97.0,-0.35,5.8
EZPW,2022-02-10,6.380000114440918,6.570000171661377,6.309999942779541,6.349999904632568,901900.0,52.428491361580775,50.91797897270358,44.7224218849407,40.81484618410271,41.03188155750467,3.35,96.0,-0.42,5.8
EZPW,2022-02-11,6.349999904632568,6.429999828338623,6.28000020980835,6.360000133514404,227000.0,52.46112379379444,50.44238633750351,44.15704718071029,40.52754276023821,41.01160446163451,3.4,92.0,-0.52,6.17
EZPW,2022-02-14,6.360000133514404,6.380000114440918,6.21999979019165,6.230000019073486,203500.0,52.51447347211783,50.541848516538266,44.262765047281086,40.593661557246094,40.937709275117626,3.45,94.0,-0.61,6.07
EZPW,2022-02-15,6.460000038146973,6.460000038146973,6.239999771118164,6.369999885559082,244700.0,53.04041945983863,45.72705057625569,44.03992680913115,40.51177454943254,40.880724553669765,3.5,90.0,-0.68,6.22
EZPW,2022-02-16,6.360000133514404,6.409999847412109,6.210000038146973,6.21999979019165,219400.0,53.221746909198565,43.9254201841355,44.11351862851511,40.56345838736506,40.87818294953894,3.55,90.0,-0.76,6.14
EZPW,2022-02-17,6.150000095367432,6.230000019073486,6.03000020980835,6.150000095367432,397800.0,53.22470241966909,43.93195975726953,43.62490618724318,40.57461344985944,40.8904584315689,3.59,86.0,-0.81,6.47
EZPW,2022-02-18,6.099999904632568,6.230000019073486,6.090000152587891,6.190000057220459,299000.0,53.1196936786,43.93553484562537,43.63173973545796,40.57606188811267,40.8477604135697,3.62,86.0,-0.86,6.48
EZPW,2022-02-22,6.170000076293945,6.349999904632568,6.090000152587891,6.300000190734863,309300.0,53.494967178291795,43.84732715012903,43.58574565675931,40.31191210687333,40.881919389673776,3.64,84.0,-0.91,6.54
EZPW,2022-02-23,6.320000171661377,6.449999809265137,6.099999904632568,6.21999979019165,976600.0,53.48795408417478,43.03630038696848,43.564608141233876,40.32268768314579,40.569007985547714,3.67,82.0,-0.96,6.56
EZPW,2022-02-24,5.929999828338623,6.130000114440918,5.929999828338623,6.070000171661377,298400.0,53.73463299774792,43.118712258284084,43.70649503384148,40.39489432386868,40.388361404854436,3.7,87.0,-1.01,6.43
EZPW,2022-02-25,6.050000190734863,6.130000114440918,6.010000228881836,6.03000020980835,221500.0,53.596625853361346,43.12365613546808,43.70827487679897,40.39864764598337,40.179007664429726,3.72,87.0,-1.05,6.42
EZPW,2022-02-28,5.980000019073486,6.079999923706055,5.929999828338623,5.989999771118164,281100.0,37.145612294492594,42.68829144393083,43.69675281272677,40.2242034076908,40.08856251864214,3.74,85.0,-1.09,6.42
EZPW,2022-03-01,5.96999979019165,6.039999961853027,5.78000020980835,5.840000152587891,424900.0,37.500466785935274,42.928554182446156,43.835601526313624,40.311727492591494,40.16788053594245,3.76,87.0,-1.11,6.3
EZPW,2022-03-02,5.849999904632568,6.039999961853027,5.820000171661377,6.039999961853027,358000.0,38.568718622336185,43.59182549705802,44.03753321994089,40.5218430291595,40.273637722585114,3.78,88.0,-1.14,6.16
EZPW,2022-03-03,6.070000171661377,6.289999961853027,5.789999961853027,5.820000171661377,238900.0,38.27555545466555,43.95964872500524,43.071544145976304,40.66802364709514,40.43518140674042,3.79,70.0,-1.14,6.6
EZPW,2022-03-04,5.78000020980835,5.869999885559082,5.650000095367432,5.690000057220459,552200.0,38.563215011747545,44.121527317667706,43.12537133167744,40.67589432488808,40.39808103361434,3.8,70.0,-1.14,6.53
EZPW,2022-03-07,5.639999866485596,5.679999828338623,5.550000190734863,5.559999942779541,375500.0,38.820384191006696,44.263055273580164,43.188705721421194,39.95316228376469,40.43815513761219,3.81,70.0,-1.14,6.46
EZPW,2022-03-08,5.559999942779541,5.769999980926514,5.510000228881836,5.699999809265137,553700.0,39.180078406499916,44.58448131761183,43.32523190139488,39.66480589291727,40.47520223793259,3.83,72.0,-1.14,6.38
EZPW,2022-03-09,5.789999961853027,5.909999847412109,5.789999961853027,5.860000133514404,320200.0,40.13760211694866,44.9300953889857,43.47484141581725,39.792592458492884,40.532529781351236,3.84,76.0,-1.15,6.29
EZPW,2022-03-10,5.78000020980835,5.880000114440918,5.650000095367432,5.699999809265137,348000.0,40.005566253235315,45.2031810302411,43.646160541037105,39.90789681978656,40.55816537921182,3.85,81.0,-1.15,6.14
EZPW,2022-03-11,5.730000019073486,5.760000228881836,5.590000152587891,5.599999904632568,231300.0,39.89933752705975,45.2953709379447,43.698518107609324,39.94144712051689,40.46557963284103,3.86,83.0,-1.15,6.08
EZPW,2022-03-14,5.599999904632568,5.679999828338623,5.519999980926514,5.630000114440918,336700.0,39.33815898573203,45.128209329360644,43.69726270223745,39.634284391964925,40.43005067115699,3.87,82.0,-1.14,6.1
EZPW,2022-03-15,5.659999847412109,5.880000114440918,5.659999847412109,5.690000057220459,523700.0,39.45488951489374,44.910711338844756,43.752795320608165,39.655690800564194,40.41236762103677,3.88,85.0,-1.14,6.06
EZPW,2022-03-16,5.690000057220459,5.96999979019165,5.630000114440918,5.940000057220459,337900.0,38.81595796083211,44.1161831263307,44.35752425213634,39.86358318952368,40.62138256320949,3.88,94.0,-1.14,5.68
EZPW,2022-03-17,5.900000095367432,5.96999979019165,5.889999866485596,5.949999809265137,163100.0,38.80162245986119,43.88872571520908,44.254849006224795,39.744295660120194,40.58912178933639,3.89,92.0,-1.14,5.78
EZPW,2022-03-18,5.889999866485596,5.96999979019165,5.880000114440918,5.96999979019165,439200.0,33.62207502989153,43.658430433462684,44.26052745511339,39.651991110143584,40.58339342079648,3.89,92.0,-1.14,5.77
EZPW,2022-03-21,5.989999771118164,6.289999961853027,5.96999979019165,6.210000038146973,442700.0,35.008848732914814,44.45381918590156,44.72939016068127,39.7536259291406,40.719467334166055,3.9,97.0,-1.12,5.48
EZPW,2022-03-22,6.239999771118164,6.309999942779541,6.090000152587891,6.130000114440918,190900.0,34.17217331472303,44.501443442234006,44.26553197512199,39.78418038522383,40.58033408449916,3.89,92.0,-1.11,5.81
EZPW,2022-03-23,6.119999885559082,6.130000114440918,6.010000228881836,6.019999980926514,127400.0,34.47796007020588,44.34490724078729,44.33726880082707,39.711472663291325,40.55370063068807,3.89,92.0,-1.11,5.75
EZPW,2022-03-24,6.050000190734863,6.139999866485596,6.03000020980835,6.090000152587891,135500.0,34.49757869370367,44.078788520423615,44.29476410379334,39.72903665139089,40.56304559790394,3.89,91.0,-1.1,5.77
EZPW,2022-03-25,6.099999904632568,6.230000019073486,6.03000020980835,6.119999885559082,247700.0,34.43632202837183,44.0710927869516,44.16952109779908,39.36601958598684,40.54444484195386,3.88,84.0,-1.07,5.86
EZPW,2022-03-28,6.070000171661377,6.110000133514404,6.010000228881836,6.059999942779541,197900.0,34.51463182651226,44.092825762104894,44.108828511940885,39.28960486264433,40.51679236700837,3.87,81.0,-1.04,5.91
EZPW,2022-03-29,6.099999904632568,6.25,6.090000152587891,6.239999771118164,306800.0,35.148282995914535,44.53349875421629,44.28388912628458,39.404702610894034,40.61637640705449,3.86,90.0,-1.0,5.8
EZPW,2022-03-30,6.239999771118164,6.289999961853027,6.079999923706055,6.110000133514404,312300.0,35.01399829111313,44.62123213057151,44.38602610003608,39.43539409190196,40.63198208625822,3.84,93.0,-0.96,5.7
EZPW,2022-03-31,6.090000152587891,6.190000057220459,5.980000019073486,6.039999961853027,293500.0,34.506607510747955,44.6089505348995,44.17918470884722,39.45933218703358,40.516611058770174,3.83,84.0,-0.9,5.84
EZPW,2022-04-01,6.059999942779541,6.230000019073486,6.050000190734863,6.179999828338623,234000.0,35.03755946793783,44.89554027978404,44.36231523031733,39.51054632702296,40.49280416099724,3.81,92.0,-0.83,5.71
EZPW,2022-04-04,6.210000038146973,6.21999979019165,5.929999828338623,5.949999809265137,245600.0,36.66762765022921,45.378855660518866,44.64075671277906,39.633670127576494,40.67455429993828,3.76,93.0,-0.76,5.49
EZPW,2022-04-05,6.260000228881836,6.579999923706055,6.199999809265137,6.360000133514404,821900.0,41.32418308690629,47.58577997428002,45.968941014572046,40.40470782341194,41.19148318963471,3.7,100.0,-0.68,4.91
EZPW,2022-04-06,6.369999885559082,6.739999771118164,6.360000133514404,6.71999979019165,703100.0,44.043995049489055,49.012246605313244,46.8226422273335,40.87050225883092,41.538937805545395,3.66,100.0,-0.59,4.5
EZPW,2022-04-07,6.71999979019165,6.78000020980835,6.590000152587891,6.760000228881836,553800.0,43.30002305136465,49.035057026672476,46.80160367580962,40.698953684854835,41.51800619798259,3.6,99.0,-0.53,4.52
EZPW,2022-04-08,6.78000020980835,6.909999847412109,6.739999771118164,6.869999885559082,348900.0,43.336389191189916,49.02133685021316,46.88834504035777,40.735048387784516,41.54323731933572,3.54,100.0,-0.47,4.47
EZPW,2022-04-11,6.909999847412109,7.059999942779541,6.869999885559082,6.989999771118164,682800.0,43.36443314001266,40.4026913303359,46.623370394965676,40.71262686926085,41.48303017953601,3.47,97.0,-0.39,4.63
EZPW,2022-04-12,6.989999771118164,7.179999828338623,6.96999979019165,7.079999923706055,425900.0,42.43191171482028,40.26112433511928,46.66914556922507,40.71339741317793,41.4981293326571,3.38,97.0,-0.32,4.61
EZPW,2022-04-13,7.090000152587891,7.260000228881836,7.039999961853027,7.090000152587891,458100.0,41.65429570376675,40.15864317942114,43.58741041054624,40.70361134133046,41.49730407878981,3.34,55.0,-0.83,4.77
EZPW,2022-04-14,7.059999942779541,7.239999771118164,7.050000190734863,7.139999866485596,242100.0,39.66263158291258,39.17712817464459,42.258097207245264,40.70389908901269,41.501319037521,3.31,37.0,-0.92,5.47
EZPW,2022-04-18,7.110000133514404,7.199999809265137,7.010000228881836,7.130000114440918,248500.0,38.762860885090284,39.14358060670759,42.256206956006956,40.63426039425569,41.4407340710138,3.28,36.0,-1.06,5.47
EZPW,2022-04-19,7.139999866485596,7.269999980926514,7.079999923706055,7.159999847412109,239800.0,37.68049515020507,38.94209344838874,42.24861542437858,40.59485380837104,41.43542951434362,3.24,35.0,-1.33,5.47
EZPW,2022-04-20,7.230000019073486,7.269999980926514,7.059999942779541,7.110000133514404,221600.0,37.60462704694705,38.86324063833699,42.01069053680839,40.59453448770585,41.44134222496717,3.21,34.0,-1.47,5.68
EZPW,2022-04-21,7.139999866485596,7.28000020980835,7.079999923706055,7.170000076293945,319300.0,37.1114556120818,38.87208134390206,41.43558911427772,40.597402189448566,41.35835965330702,3.18,33.0,-1.49,6.15
EZPW,2022-04-22,7.090000152587891,7.329999923706055,7.010000228881836,7.03000020980835,259600.0,36.53711298146352,38.56244022347243,41.43208570840324,40.22557829222619,41.39318993728377,3.16,32.0,-1.49,6.16
EZPW,2022-04-25,6.960000038146973,7.099999904632568,6.869999885559082,7.059999942779541,247000.0,35.794412403797104,38.25658684842559,41.437576910955734,40.21293851563535,41.38900778419704,3.12,33.0,-1.49,6.16
EZPW,2022-04-26,7.119999885559082,7.119999885559082,6.880000114440918,6.920000076293945,252800.0,36.685256493880026,38.34341091577298,41.229624584985935,40.279234777294015,41.43049878878012,3.09,30.0,-1.48,6.34
EZPW,2022-04-27,6.940000057220459,6.980000019073486,6.829999923706055,6.909999847412109,221000.0,36.745097813507385,38.348432375761995,41.22995931827384,40.2790676626617,41.42255440082358,3.05,30.0,-1.47,6.34
EZPW,2022-04-28,6.96999979019165,7.329999923706055,6.960000038146973,7.309999942779541,449400.0,38.0692371169176,38.75098633732543,42.18842423370055,40.539832965203324,41.04846410334481,3.02,34.0,-1.47,5.8
EZPW,2022-04-29,7.309999942779541,7.360000133514404,6.96999979019165,7.0,382300.0,40.74852759108602,39.875203401038505,42.66658458048776,40.84423782210549,41.286647143034905,2.98,37.0,-1.46,5.41
EZPW,2022-05-02,6.900000095367432,7.0,6.769999980926514,6.860000133514404,383700.0,41.41863200204294,38.01181620361041,42.764752463590305,40.905906918129986,41.32402256915012,2.94,37.0,-1.44,5.32
EZPW,2022-05-03,6.820000171661377,7.050000190734863,6.789999961853027,7.019999980926514,251100.0,40.48576685722824,37.796838878947895,42.921555091488074,40.92187119781184,41.36847926570686,2.89,39.0,-1.44,5.23
EZPW,2022-05-04,7.03000020980835,7.230000019073486,6.989999771118164,7.179999828338623,388400.0,40.493885696532274,37.48709896042568,42.99021356495698,40.97948386296071,41.36063555872146,2.84,39.0,-1.44,5.22
EZPW,2022-05-05,7.380000114440918,8.239999771118164,7.25,7.789999961853027,1151600.0,45.486336400939706,40.867667103861955,44.78279170841886,42.07509193090617,40.47521712931469,2.81,91.0,-1.34,4.76
EZPW,2022-05-06,7.730000019073486,7.840000152587891,7.539999961853027,7.650000095367432,513600.0,46.12764230097591,41.072428922857696,44.860702573397404,42.13161365084543,40.44144189221885,2.76,91.0,-1.32,4.7
EZPW,2022-05-09,7.630000114440918,7.739999771118164,7.400000095367432,7.440000057220459,412500.0,47.25617818010066,41.45974755931802,45.0940036450831,42.194624092215946,40.535324688996745,2.71,92.0,-1.34,4.53
EZPW,2022-05-10,7.429999828338623,7.53000020980835,6.989999771118164,7.070000171661377,327300.0,49.92476903030971,42.893298735178135,45.75553057348333,42.626635028036574,40.86126678950544,2.67,94.0,-1.34,4.16
EZPW,2022-05-11,7.070000171661377,7.110000133514404,6.800000190734863,6.929999828338623,304700.0,49.89752057823581,42.878965264431564,45.6336873260193,42.55719818565962,40.90193176544576,2.62,93.0,-1.35,4.24
EZPW,2022-05-12,6.840000152587891,7.039999961853027,6.78000020980835,7.03000020980835,238000.0,49.436430038934,42.74846766714571,44.72996389558185,42.58413393690007,40.91332082096802,2.59,86.0,-1.34,4.62
EZPW,2022-05-13,7.050000190734863,7.210000038146973,7.050000190734863,7.179999828338623,263000.0,49.41208203866061,42.59659766947946,44.67719669155552,42.64661177427617,40.77589702483111,2.55,81.0,-1.34,4.69
EZPW,2022-05-16,7.179999828338623,7.28000020980835,7.099999904632568,7.179999828338623,211800.0,49.16663292930802,42.504060329245625,44.56786145210479,42.59601100712296,40.57012818777165,2.52,79.0,-1.34,4.75
EZPW,2022-05-17,7.289999961853027,7.400000095367432,7.269999980926514,7.349999904632568,156400.0,47.70498769573613,42.71130646440411,44.664419582626785,42.649926527584455,40.633862982002135,2.48,80.0,-1.35,4.71
EZPW,2022-05-18,7.309999942779541,7.480000019073486,7.239999771118164,7.269999980926514,361800.0,44.47295710673619,42.69101013652354,44.700069262610526,42.669834227478546,40.64273189094711,2.44,82.0,-1.36,4.68
EZPW,2022-05-19,7.199999809265137,7.369999885559082,7.130000114440918,7.179999828338623,251200.0,42.03565176576408,42.686162053741086,44.62105698806518,42.673007714008044,40.65602986657637,2.4,77.0,-1.36,4.7
EZPW,2022-05-20,7.260000228881836,7.329999923706055,7.039999961853027,7.159999847412109,287100.0,42.04446870820098,42.33482294649079,44.44774991967455,42.66259567158031,40.63777734573989,2.34,75.0,-1.35,4.8
EZPW,2022-05-23,7.289999961853027,7.289999961853027,7.139999866485596,7.239999771118164,215700.0,41.921683703563225,42.32319180418058,44.44395767209896,42.680884004086145,40.65316063159341,2.28,74.0,-1.35,4.82
EZPW,2022-05-24,7.230000019073486,7.269999980926514,7.059999942779541,7.239999771118164,256200.0,41.66250813515384,42.2799726814925,44.439427687246805,42.67142435950102,40.53679188778499,2.21,73.0,-1.35,4.83
EZPW,2022-05-25,7.260000228881836,7.389999866485596,7.210000038146973,7.309999942779541,213100.0,41.59572014402758,41.878028164643005,44.446879386889165,42.45053100157292,40.5470862778382,2.15,74.0,-1.35,4.82
EZPW,2022-05-26,7.360000133514404,7.949999809265137,7.360000133514404,7.889999866485596,1031800.0,46.973074766552,44.038616853274995,46.0045326607272,43.380063001244274,41.0648342646499,2.07,95.0,-1.23,4.35
EZPW,2022-05-27,7.949999809265137,7.96999979019165,7.789999961853027,7.809999942779541,431700.0,47.12758159546044,43.292974439512385,46.027275958577846,43.400057737245206,41.07587915909367,1.99,95.0,-1.17,4.33
EZPW,2022-05-31,7.659999847412109,7.820000171661377,7.570000171661377,7.579999923706055,300200.0,48.0721768452036,43.51630311929777,46.24626711364561,43.40251966725615,41.07083237176518,1.91,95.0,-1.17,4.19
EZPW,2022-06-01,7.639999866485596,7.880000114440918,7.610000133514404,7.78000020980835,443300.0,48.57172513487099,43.336251939498396,46.39482527957895,43.48205065710707,41.1217197067107,1.82,95.0,-1.13,4.12
EZPW,2022-06-02,7.789999961853027,8.149999618530273,7.78000020980835,8.0600004196167,499700.0,49.37607979520799,43.58803750680414,46.720504072968225,43.66956991753228,41.26891765186444,1.72,97.0,-1.0,3.96
EZPW,2022-06-03,7.989999771118164,8.069999694824219,7.730000019073486,7.760000228881836,264200.0,50.836309015549006,44.24857220164669,47.125197491799156,43.48724234686715,41.437385228343324,1.61,100.0,-0.99,3.73
EZPW,2022-06-06,7.849999904632568,8.050000190734863,7.769999980926514,7.869999885559082,267700.0,50.48731308615078,43.76902080027178,47.17401839141273,43.51322911805037,41.22271823609383,1.5,100.0,-0.96,3.71
EZPW,2022-06-07,7.929999828338623,7.960000038146973,7.78000020980835,7.960000038146973,281200.0,50.53544655290361,43.519145601812056,47.09524044536897,43.50846806773622,41.22430124317899,1.36,98.0,-0.93,3.77
EZPW,2022-06-08,7.869999885559082,7.929999828338623,7.769999980926514,7.809999942779541,189500.0,50.49473668618073,43.81702835428672,41.88748878988411,43.27350098169191,41.248969300646216,1.37,6.0,-0.98,0.51
EZPW,2022-06-09,7.920000076293945,7.920000076293945,7.639999866485596,7.710000038146973,187900.0,50.71101577121359,43.96336286113895,41.837402417123776,43.30145820997482,41.26782237579675,1.39,6.0,-1.04,0.52
EZPW,2022-06-10,7.639999866485596,7.75,7.539999961853027,7.670000076293945,295200.0,48.237412658244324,43.29154102182998,41.79446963094014,43.10883598157958,41.15526115037268,1.4,6.0,-1.1,0.55
EZPW,2022-06-13,7.409999847412109,7.550000190734863,7.260000228881836,7.369999885559082,291400.0,47.968942332200726,44.22591931861047,41.77754545172234,43.338804691299686,41.342644483873656,1.42,6.0,-1.13,0.55
EZPW,2022-06-14,7.400000095367432,7.480000019073486,7.289999961853027,7.460000038146973,273400.0,47.599109134554325,44.26073374497172,41.78123098428483,43.10385975640689,41.36020152003327,1.43,7.0,-1.16,0.55
EZPW,2022-06-15,7.429999828338623,7.599999904632568,7.420000076293945,7.519999980926514,296500.0,47.24100339362303,43.64243107293798,41.68607534152689,43.09959326989315,41.30538340402544,1.45,6.0,-1.19,0.56
EZPW,2022-06-16,7.420000076293945,7.460000038146973,7.059999942779541,7.150000095367432,515100.0,49.21831923995123,44.89346211267002,42.43561242860799,43.40388617060418,41.55916044665028,1.46,17.0,-1.2,0.53
EZPW,2022-06-17,7.150000095367432,7.46999979019165,7.150000095367432,7.380000114440918,522400.0,43.856107162102056,45.07288560153147,42.700243257754465,43.53035184206956,41.09439411366942,1.47,19.0,-1.22,0.42
EZPW,2022-06-21,7.389999866485596,7.590000152587891,7.329999923706055,7.380000114440918,327200.0,43.58333115001794,45.045686505765204,42.3963174348837,43.53000818528303,40.828671038258626,1.47,17.0,-1.23,0.48
EZPW,2022-06-22,7.25,7.539999961853027,7.25,7.519999980926514,234900.0,43.20043925758984,45.15786914179086,42.320649157537495,43.58736253892278,40.85576137955129,1.48,17.0,-1.23,0.46
EZPW,2022-06-23,7.539999961853027,7.730000019073486,7.440000057220459,7.71999979019165,312500.0,40.962924348336216,45.310026843062985,42.37410646509136,43.69398833306729,40.93116950102092,1.49,18.0,-1.24,0.44
EZPW,2022-06-24,7.760000228881836,7.900000095367432,7.639999866485596,7.710000038146973,502900.0,40.40794721973018,45.014971309994486,42.37684045355914,43.68034945363198,40.9167011007404,1.5,19.0,-1.24,0.45
EZPW,2022-06-27,7.710000038146973,7.769999980926514,7.599999904632568,7.71999979019165,192700.0,40.282395019801896,44.725842659716214,41.71672228280079,43.601201342574356,40.682643184039044,1.52,7.0,-1.26,0.61
EZPW,2022-06-28,7.849999904632568,7.909999847412109,7.53000020980835,7.599999904632568,372000.0,40.265308279284845,44.79486637053365,41.81124269086392,42.971384247359524,40.71396034616146,1.53,11.0,-1.27,0.6
EZPW,2022-06-29,7.650000095367432,7.650000095367432,7.239999771118164,7.289999961853027,235400.0,42.19821704552439,45.56728953655498,41.20829573329522,43.229462505706884,40.83952547772942,1.56,1.0,-1.28,0.67
EZPW,2022-06-30,7.21999979019165,7.539999961853027,7.199999809265137,7.510000228881836,284300.0,42.53523832109295,45.09461841889863,41.18463865150257,43.36644959004658,40.85343413309394,1.57,1.0,-1.29,0.62
EZPW,2022-07-01,7.480000019073486,7.679999828338623,7.340000152587891,7.639999866485596,236500.0,42.64549826560742,43.256223999854846,40.95581292362291,43.33563811806309,40.82611013580515,1.59,1.0,-1.3,0.64
EZPW,2022-07-05,7.599999904632568,7.630000114440918,7.389999866485596,7.579999923706055,397000.0,42.53446408580039,41.92712975572622,40.982535508171466,43.248499937220146,40.70814350839794,1.62,2.0,-1.3,0.64
EZPW,2022-07-06,7.539999961853027,7.579999923706055,7.099999904632568,7.329999923706055,487400.0,43.73970882938157,42.54503062861458,41.3357782955679,43.42691216143961,40.85381621195487,1.63,7.0,-1.29,0.59
EZPW,2022-07-07,7.380000114440918,7.590000152587891,7.199999809265137,7.429999828338623,251000.0,43.7954376416861,42.50985550182093,41.33344381895864,43.45821115338263,40.77704957167651,1.65,7.0,-1.28,0.57
EZPW,2022-07-08,7.480000019073486,7.519999980926514,7.25,7.329999923706055,287400.0,43.99428594544481,42.48397478689328,41.403084804162965,43.46225251457082,40.79832566247188,1.66,9.0,-1.26,0.56
EZPW,2022-07-11,7.090000152587891,7.369999885559082,7.090000152587891,7.170000076293945,414400.0,44.37495070443961,42.66372776889106,41.42293036327604,43.53432703124844,40.61559602523212,1.68,10.0,-1.23,0.56
EZPW,2022-07-12,7.159999847412109,7.329999923706055,7.150000095367432,7.190000057220459,260400.0,37.93819550084514,42.666309017109064,41.28898089810173,43.52775996919041,40.555148696547974,1.7,7.0,-1.21,0.61
EZPW,2022-07-13,7.170000076293945,7.420000076293945,7.090000152587891,7.389999866485596,352000.0,38.882446444805275,43.00875588204304,41.29960626761758,43.57629579083537,40.614825884350395,1.71,8.0,-1.17,0.57
EZPW,2022-07-14,7.239999771118164,7.340000152587891,7.099999904632568,7.239999771118164,437400.0,38.386102748668364,43.22391206612932,41.399104314649364,43.642168415577885,40.633878200076964,1.73,11.0,-1.13,0.55
EZPW,2022-07-15,7.420000076293945,7.53000020980835,7.25,7.340000152587891,215200.0,37.77817438259416,43.30495254255032,41.43659755724656,43.66322151678278,40.6545235705554,1.74,16.0,-1.08,0.53
EZPW,2022-07-18,7.340000152587891,7.5,7.260000228881836,7.269999980926514,203700.0,36.132134805936076,43.32700979565941,41.395678971812174,43.37051222677356,40.63665397086524,1.75,11.0,-1.04,0.56
EZPW,2022-07-19,7.380000114440918,7.619999885559082,7.380000114440918,7.489999771118164,286200.0,35.84591025835308,43.71693723347064,41.57525157666353,43.509580798683274,40.640584581647126,1.76,19.0,-0.99,0.48
EZPW,2022-07-20,7.440000057220459,7.550000190734863,7.409999847412109,7.510000228881836,255100.0,35.57545847246587,43.509977091526345,41.36140806396135,43.46849450236875,40.64018446678702,1.78,11.0,-0.92,0.52
EZPW,2022-07-21,7.409999847412109,7.460000038146973,7.230000019073486,7.460000038146973,267000.0,35.389477863178115,43.53381418577527,41.36177789214967,43.41118816699825,40.61518448310489,1.79,12.0,-0.85,0.52
EZPW,2022-07-22,7.5,7.559999942779541,7.320000171661377,7.46999979019165,192500.0,35.036750150997364,43.314352608418865,41.33802483210145,43.35589520286456,40.487646605771374,1.8,11.0,-0.76,0.52
EZPW,2022-07-25,7.559999942779541,7.570000171661377,7.369999885559082,7.489999771118164,226700.0,34.886605804428065,43.31152827858762,41.10099298030753,43.30850884462816,40.48533540303808,1.82,3.0,-0.67,0.57
EZPW,2022-07-26,7.489999771118164,7.519999980926514,7.369999885559082,7.420000076293945,154700.0,34.951857466292196,41.819411646742566,40.83695142285283,43.322509792411154,40.44985077002043,1.84,1.0,-0.56,0.68
EZPW,2022-07-27,7.5,7.599999904632568,7.369999885559082,7.590000152587891,210300.0,33.594108286403745,41.06184340396208,40.478469469320196,43.29609258098612,40.49153452693714,1.86,1.0,-0.45,0.71
EZPW,2022-07-28,7.639999866485596,7.889999866485596,7.5,7.869999885559082,297600.0,34.98593698605729,41.42375343659998,40.62131004297996,43.50953062289164,40.636699793710726,1.88,2.0,-0.36,0.63
EZPW,2022-07-29,7.840000152587891,8.09000015258789,7.840000152587891,8.039999961853027,352500.0,35.4043636521847,41.38910396976686,40.50025296787945,43.551505377152445,40.68277589119339,1.9,2.0,-0.31,0.64
EZPW,2022-08-01,8.039999961853027,8.210000038146973,7.929999828338623,8.130000114440918,181000.0,31.752068792039072,41.21611907771482,40.37591335383362,43.56720727363818,40.64333101810525,1.92,1.0,-0.22,0.69
EZPW,2022-08-02,8.180000305175781,8.420000076293945,8.039999961853027,8.319999694824219,396400.0,31.20283584904583,38.01944717690818,40.31270215439045,43.636499069200575,40.67123973393837,1.95,1.0,-0.1,0.71
EZPW,2022-08-03,8.3100004196167,8.59000015258789,8.260000228881836,8.40999984741211,490900.0,31.238891240811164,37.85595541967328,40.01645740648604,43.639265429126176,40.672310508164536,1.97,1.0,-0.0,0.77
EZPW,2022-08-04,9.0,9.539999961853027,8.640000343322754,8.75,993200.0,32.62880943939882,38.140938727768244,40.26332429840245,43.88751647738849,40.84608033001676,2.0,2.0,0.14,0.67
EZPW,2022-08-05,8.789999961853027,8.850000381469727,8.5600004196167,8.739999771118164,621400.0,32.042926073495224,36.47415161582881,40.27288099841085,43.652420327207984,40.536301924979625,2.02,3.0,0.22,0.67
EZPW,2022-08-08,8.829999923706055,9.170000076293944,8.779999732971191,9.130000114440918,531900.0,33.97120018675779,37.048290846763685,40.741586241454684,43.946831492142806,40.74595104941031,2.03,9.0,0.54,0.54
EZPW,2022-08-09,9.170000076293944,9.260000228881836,9.050000190734863,9.239999771118164,355600.0,33.99368253663134,37.02504111144219,40.29500900734567,42.25347013768784,40.753619787293836,2.05,4.0,0.88,0.67
EZPW,2022-08-10,9.300000190734863,9.56999969482422,9.18000030517578,9.510000228881836,728100.0,33.975025628579516,37.20500534182029,40.47770179768498,41.569138302209446,40.84230660987526,2.06,7.0,1.32,0.6
EZPW,2022-08-11,9.5,9.600000381469728,9.18000030517578,9.210000038146973,530700.0,32.865781771568706,37.949856992390636,40.89554776589232,41.751474403710276,40.7959753590859,2.07,13.0,1.35,0.51
EZPW,2022-08-12,9.229999542236328,9.489999771118164,9.130000114440918,9.449999809265137,340800.0,32.653176100866105,38.00315999876923,40.65368119881882,41.851532649755505,40.842147161575596,2.07,11.0,1.43,0.57
EZPW,2022-08-15,9.43000030517578,9.56999969482422,9.25,9.510000228881836,304200.0,32.52993585747125,37.87403702914801,40.561595259112586,41.69694458184663,40.833032709160335,2.08,10.0,1.46,0.59
EZPW,2022-08-16,9.479999542236328,9.619999885559082,9.350000381469728,9.520000457763672,380800.0,32.26958592334203,37.71692957833936,40.404806667235086,41.33279457497678,40.78773526891257,2.09,7.0,1.44,0.63
EZPW,2022-08-17,9.449999809265137,9.479999542236328,9.270000457763672,9.3100004196167,258000.0,31.170963363696707,38.09268659199365,40.61306398486307,41.350296845258526,40.8379643654319,2.1,12.0,1.31,0.59
EZPW,2022-08-18,9.34000015258789,9.510000228881836,9.289999961853027,9.4399995803833,294600.0,31.17602065606906,38.11767346608417,40.64167808866376,41.37441367246916,40.85345723838872,2.11,14.0,1.2,0.57
EZPW,2022-08-19,9.329999923706056,9.390000343322754,9.15999984741211,9.270000457763672,384800.0,31.480709261169782,38.38869681163312,40.73695401416859,41.23841940859554,40.896497686781196,2.12,16.0,1.05,0.55
EZPW,2022-08-22,9.170000076293944,9.229999542236328,9.010000228881836,9.130000114440918,232400.0,30.973801613676923,38.573701582393255,40.653528293213,41.285156448060725,40.87736890209793,2.12,15.0,0.9,0.6
EZPW,2022-08-23,9.119999885559082,9.270000457763672,9.0,9.0600004196167,340300.0,31.27628234617409,35.539214940351705,40.50063350045349,41.29086490215588,40.87967986516588,2.13,11.0,0.75,0.63
EZPW,2022-08-24,9.010000228881836,9.210000038146973,8.960000038146973,9.15999984741211,204800.0,30.733082322782668,35.48605475883198,40.43942973254335,41.266365368987415,40.79446684613543,2.14,8.0,0.58,0.64
EZPW,2022-08-25,9.15999984741211,9.470000267028809,9.130000114440918,9.40999984741211,239900.0,30.09097136110079,35.16914202563758,40.49176855017541,41.36122865867986,40.87205642459188,2.14,11.0,0.43,0.63
EZPW,2022-08-26,9.3100004196167,9.43000030517578,9.06999969482422,9.079999923706056,212500.0,32.677666627743974,35.75790500899621,40.434255286429234,41.59339163546781,41.03529775922177,2.14,8.0,0.23,0.63
EZPW,2022-08-29,9.0,9.0600004196167,8.899999618530273,8.989999771118164,216400.0,32.69464161254013,35.18491336431804,39.23535071887601,41.559496850344914,41.01634880562357,2.14,1.0,0.08,0.71
EZPW,2022-08-30,9.039999961853027,9.050000190734863,8.859999656677246,8.9399995803833,200600.0,32.16083341197469,34.23563261521756,38.376878853226124,41.50078467634278,40.999215182676224,2.14,1.0,-0.07,0.87
EZPW,2022-08-31,8.930000305175781,8.979999542236328,8.579999923706055,8.75,456800.0,33.11901296304624,34.49046928218184,38.56718277191387,41.57217586689992,41.06058943539367,2.13,2.0,-0.18,0.82
EZPW,2022-09-01,8.699999809265137,8.720000267028809,8.4399995803833,8.520000457763672,286600.0,34.22225593862814,34.915373859757935,38.781574402354856,41.70334739401314,41.1339549451676,2.11,3.0,-0.25,0.78
EZPW,2022-09-02,8.529999732971191,8.550000190734863,8.300000190734863,8.350000381469727,236900.0,34.950124048927364,34.94401370266966,38.86472178916181,41.735202464302326,41.17998393896381,2.09,4.0,-0.3,0.78
EZPW,2022-09-06,8.329999923706055,8.510000228881836,8.300000190734863,8.4399995803833,379900.0,35.007115446155005,34.87486439261597,38.851158378332975,41.59910697627589,41.19145836014462,2.07,4.0,-0.37,0.78
EZPW,2022-09-07,8.399999618530273,8.520000457763672,8.369999885559082,8.449999809265137,225400.0,34.789654184397214,34.846935981803234,38.85122660646573,41.03870600959228,41.18346731250549,2.09,5.0,-0.43,0.78
EZPW,2022-09-08,8.359999656677246,8.470000267028809,8.279999732971191,8.420000076293945,207900.0,34.417668184207784,33.77726693716885,38.85099418952412,40.92481275609786,41.00821051587168,2.11,4.0,-0.48,0.79
EZPW,2022-09-09,8.449999809265137,8.609999656677246,8.40999984741211,8.550000190734863,204300.0,33.199965428205545,33.82346539460727,38.90822663186001,40.9001327234276,41.028070602376744,2.14,8.0,-0.54,0.76
EZPW,2022-09-12,8.579999923706055,8.680000305175781,8.510000228881836,8.59000015258789,131500.0,32.73613278618638,33.80617672299767,38.90902839338615,40.86358561561049,41.029677678528195,2.16,9.0,-0.61,0.76
EZPW,2022-09-13,8.449999809265137,8.479999542236328,8.350000381469727,8.369999885559082,301700.0,33.60967564540743,32.52402649958774,39.13388629418304,40.98833835349013,41.00636078706621,2.18,10.0,-0.64,0.7
EZPW,2022-09-14,8.430000305175781,8.430000305175781,8.239999771118164,8.319999694824219,244400.0,32.99708324314678,31.999466840572744,39.13719760855886,40.9271504716728,40.992783302666396,2.2,11.0,-0.67,0.71
EZPW,2022-09-15,8.25,8.380000114440918,8.180000305175781,8.260000228881836,213700.0,32.899270410089734,32.05310183876327,39.015011196765634,40.840015717760195,40.99734330860565,2.22,10.0,-0.69,0.74
EZPW,2022-09-16,8.260000228881836,8.260000228881836,8.069999694824219,8.140000343322754,474600.0,30.8268529619042,32.031710514495835,39.09758250310683,40.85181875696604,40.70283998391023,2.23,11.0,-0.69,0.73
EZPW,2022-09-19,8.020000457763672,8.319999694824219,7.670000076293945,8.300000190734863,175900.0,31.47226473490814,31.83581543241013,39.048622605747084,40.90897792779535,40.74393179692607,2.25,11.0,-0.7,0.71
EZPW,2022-09-20,8.210000038146973,8.239999771118164,7.989999771118164,8.15999984741211,194100.0,28.657067104922433,32.050782655939145,39.159764590659655,40.952760387945105,40.76453312604089,2.27,15.0,-0.71,0.69
EZPW,2022-09-21,8.25,8.390000343322754,8.100000381469727,8.119999885559082,195400.0,28.26739852190657,32.07314127144754,38.18010972634946,40.91595864220168,40.541755417683646,2.29,1.0,-0.71,0.84
EZPW,2022-09-22,8.079999923706055,8.180000305175781,7.989999771118164,8.130000114440918,214200.0,26.53774287973801,31.888085231014163,37.51096118775221,40.90928966325639,40.54143917506296,2.33,1.0,-0.71,0.96
EZPW,2022-09-23,8.029999732971191,8.079999923706055,7.900000095367432,8.0600004196167,350000.0,25.320725543215627,30.692464250370872,37.385452057309806,40.90083486780322,40.40248847318965,2.37,1.0,-0.7,1.0
EZPW,2022-09-26,8.079999923706055,8.229999542236328,7.989999771118164,8.029999732971191,239900.0,23.655258970499077,30.14715491871322,37.235880075707634,40.88523908883977,40.38368184257963,2.41,1.0,-0.69,1.08
EZPW,2022-09-27,8.069999694824219,8.130000114440918,7.699999809265137,7.800000190734863,266800.0,24.340623481667766,30.581479802059246,37.388945607004786,41.03383036025296,40.293783942301864,2.44,3.0,-0.67,1.07
EZPW,2022-09-28,7.829999923706055,8.079999923706055,7.820000171661377,7.96999979019165,378800.0,25.594884857907306,30.837329937079204,35.24389043020312,41.10966192617542,40.33917264255624,2.5,1.0,-0.68,0.4
EZPW,2022-09-29,7.829999923706055,7.900000095367432,7.619999885559082,7.900000095367432,621400.0,25.139224963730243,30.066979033595214,35.1512549959741,41.124269821850035,40.266447827334936,2.56,1.0,-0.68,0.43
EZPW,2022-09-30,7.909999847412109,8.029999732971191,7.690000057220459,7.710000038146973,763600.0,25.0237607758938,30.405796495341097,35.084394875418035,41.16306674311452,40.30966506114028,2.61,1.0,-0.67,0.44
EZPW,2022-10-03,7.769999980926514,8.0,7.610000133514404,7.909999847412109,513900.0,26.46272466650228,30.684337575945147,34.32914446399135,37.99557057396352,40.390311458312766,2.66,1.0,-0.65,0.41
EZPW,2022-10-04,8.0,8.1899995803833,7.989999771118164,8.09000015258789,311300.0,27.47169965916777,30.595797292588404,34.32646421124489,38.01143360841696,40.451861759730654,2.71,1.0,-0.64,0.39
EZPW,2022-10-05,7.940000057220459,8.029999732971191,7.860000133514404,8.0,221500.0,27.530735115540207,30.714484498845696,34.32363083579617,38.001274897214024,40.46486225058896,2.77,1.0,-0.63,0.41
EZPW,2022-10-06,7.96999979019165,8.039999961853027,7.880000114440918,7.940000057220459,190500.0,27.167347225545647,30.30003461654304,34.203565844325716,37.68832848441569,40.46127459240096,2.82,1.0,-0.61,0.46
EZPW,2022-10-07,7.929999828338623,7.929999828338623,7.75,7.889999866485596,281300.0,25.45191707765579,30.00403201611625,34.222991357573946,37.68077828080497,40.40581208001876,2.88,2.0,-0.59,0.45
EZPW,2022-10-10,7.949999809265137,8.15999984741211,7.78000020980835,7.789999961853027,403900.0,23.93926543934449,30.03157086591535,34.100123723858324,37.65829076251902,39.91453819305366,2.92,1.0,-0.58,0.51
EZPW,2022-10-11,7.820000171661377,7.900000095367432,7.760000228881836,7.900000095367432,595400.0,24.51886356146243,30.06617166764513,34.11563887353394,37.635745305657345,39.92775781583573,2.97,2.0,-0.56,0.49
EZPW,2022-10-12,7.880000114440918,8.149999618530273,7.789999961853027,8.09000015258789,674800.0,25.826918895966312,29.846726038864347,34.2408768798788,37.726628342934006,39.99057238279784,3.01,5.0,-0.55,0.44
EZPW,2022-10-13,8.0,8.289999961853027,7.909999847412109,8.239999771118164,486100.0,25.97544737473017,30.050633779978053,34.34285035606353,37.59201915373346,39.96771695690836,3.04,9.0,-0.54,0.39
EZPW,2022-10-14,8.300000190734863,8.3100004196167,7.940000057220459,8.0,319800.0,26.22878242676557,30.677384495831284,34.65568832526241,37.68340523991443,40.00087288773102,3.06,10.0,-0.52,0.33
EZPW,2022-10-17,8.130000114440918,8.25,8.0600004196167,8.15999984741211,408700.0,26.3946730480208,30.914312737632148,34.78350791365028,37.66672172600587,40.04985973574375,3.08,11.0,-0.5,0.28
EZPW,2022-10-18,8.239999771118164,8.34000015258789,8.039999961853027,8.289999961853027,492600.0,26.627119327308257,31.052942539300073,34.83544972425319,37.701429497700886,40.08057355522778,3.1,12.0,-0.5,0.26
EZPW,2022-10-19,8.279999732971191,8.3100004196167,8.130000114440918,8.25,379600.0,26.649278364512497,30.99751809420988,32.69911715015343,37.288390092636995,40.06343889091672,3.13,1.0,-0.51,-0.64
EZPW,2022-10-20,8.239999771118164,8.399999618530273,8.180000305175781,8.319999694824219,349700.0,26.768199301055194,30.724236202896265,32.67864464082864,37.29689099207532,40.06850608237119,3.15,1.0,-0.53,-0.63
EZPW,2022-10-21,8.390000343322754,8.569999694824219,8.300000190734863,8.539999961853027,392200.0,27.49066293447268,30.302965333270613,32.5559044825073,36.68820643291985,40.14400109442802,3.16,1.0,-0.56,-0.6
EZPW,2022-10-24,8.5600004196167,8.640000343322754,8.5,8.59000015258789,320400.0,27.510158924224182,30.03086764246757,32.32046768809228,36.516379483426824,40.08480120418349,3.17,1.0,-0.6,-0.56
EZPW,2022-10-25,8.579999923706055,8.90999984741211,8.579999923706055,8.880000114440918,470400.0,27.999629045836734,30.67932399402536,32.263915575871394,36.51823088879917,40.21820377250207,3.17,1.0,-0.67,-0.57
EZPW,2022-10-26,8.930000305175781,8.930000305175781,8.710000038146973,8.710000038146973,291200.0,28.589905056714297,30.633883081482168,31.825179111075546,36.60273999277285,40.26084348692372,3.16,1.0,-0.72,-0.56
EZPW,2022-10-27,8.779999732971191,9.229999542236328,8.779999732971191,9.149999618530272,1128200.0,31.616863137342342,32.150531533833245,32.66856825938922,37.01690745698874,40.30953528974717,3.12,5.0,-0.8,-0.49
EZPW,2022-10-28,9.199999809265137,9.539999961853027,9.130000114440918,9.489999771118164,456000.0,32.53942562111889,31.99679236003409,33.10196947496294,37.20878075047006,40.46156701872525,3.07,8.0,-0.85,-0.54
EZPW,2022-10-31,9.449999809265137,9.720000267028809,9.390000343322754,9.65999984741211,399800.0,32.477600167301055,32.1677599389446,33.029020304654736,37.25398069779776,40.46766053984206,3.11,8.0,-0.87,-0.52
EZPW,2022-11-01,9.789999961853027,9.789999961853027,9.40999984741211,9.600000381469728,330200.0,31.987615723463854,30.98966045171853,32.968855532274006,37.167754380140636,40.4296097138435,3.15,8.0,-0.91,-0.5
EZPW,2022-11-02,9.539999961853027,9.649999618530272,9.289999961853027,9.350000381469728,325100.0,33.173674923533106,31.39531183932868,33.26003736752704,37.24774186919854,40.474985494652216,3.19,11.0,-0.97,-0.56
EZPW,2022-11-03,9.199999809265137,9.199999809265137,9.050000190734863,9.09000015258789,354800.0,34.511036500403286,31.35044952796712,32.93537057967669,37.29420401047617,40.54567153590789,3.22,8.0,-1.0,-0.58
EZPW,2022-11-04,9.199999809265137,9.270000457763672,9.100000381469728,9.1899995803833,279300.0,34.36769897723518,30.749434022309913,32.92663086337982,37.274385387668744,40.55850655427676,3.25,8.0,-1.04,-0.58
EZPW,2022-11-07,9.260000228881836,9.3100004196167,8.930000305175781,9.300000190734863,302400.0,34.34599280165242,30.383060534832957,32.95021469627753,37.288586457711475,40.49499810366737,3.29,10.0,-1.08,-0.58
EZPW,2022-11-08,9.3100004196167,9.460000038146973,9.18000030517578,9.4399995803833,329300.0,32.90324741955607,30.513901069155676,31.9130266502223,37.27443077517598,40.51996979178132,3.32,2.0,-1.11,-0.74
EZPW,2022-11-09,9.380000114440918,9.539999961853027,9.210000038146973,9.239999771118164,223600.0,33.52962481139418,30.822742928051255,31.802319532174135,37.33738074354512,40.5584947150137,3.36,1.0,-1.14,-0.73
EZPW,2022-11-10,9.520000457763672,9.739999771118164,9.390000343322754,9.729999542236328,555000.0,35.87576630441256,32.28125128231194,32.75299515922516,37.65788735545429,40.876378559065394,3.37,10.0,-1.13,-0.66
EZPW,2022-11-11,9.800000190734863,9.899999618530272,9.59000015258789,9.649999618530272,258600.0,34.94745913980257,32.21519637498785,32.69747125914486,37.66406542641261,40.87587241128844,3.39,9.0,-1.14,-0.64
EZPW,2022-11-14,9.670000076293944,9.880000114440918,9.59000015258789,9.800000190734863,370300.0,34.61141457558708,32.12506197276139,32.54209105008128,37.67818249046983,40.89201653522733,3.4,6.0,-1.14,-0.61
EZPW,2022-11-15,9.880000114440918,10.020000457763672,9.640000343322754,9.850000381469728,1815800.0,34.30654126601582,31.958310776810944,32.53948811132281,37.530496957542816,40.89382348362958,3.41,6.0,-1.13,-0.61
EZPW,2022-11-16,9.880000114440918,9.90999984741211,9.649999618530272,9.779999732971191,783900.0,34.14398283791466,31.951758379075535,32.57457958567305,37.36974241491556,40.718558471586576,3.43,9.0,-1.14,-0.62
EZPW,2022-11-17,9.170000076293944,9.899999618530272,7.050000190734863,9.40999984741211,1703700.0,36.37948834073422,32.908108066192284,33.09592892347688,37.39205911842122,40.908175215068454,3.44,20.0,-1.16,-0.61
EZPW,2022-11-18,9.619999885559082,9.800000190734863,9.399999618530272,9.619999885559082,599200.0,36.49741699547108,32.75593731313355,32.49049721908381,37.34069214223554,39.65677279544492,3.45,6.0,-1.17,-0.65
EZPW,2022-11-21,9.529999732971191,10.0,9.5,9.920000076293944,478400.0,36.66715232672353,32.45876779529381,32.51148928977943,37.35552932226039,39.15218761912131,3.47,7.0,-1.16,-0.66
EZPW,2022-11-22,9.9399995803833,10.270000457763672,9.75,10.09000015258789,627900.0,36.719203013687405,32.523113460389595,32.509584723884245,37.30284838229857,39.18562076302487,3.49,7.0,-1.12,-0.66
EZPW,2022-11-23,10.1899995803833,10.1899995803833,9.920000076293944,10.029999732971191,317500.0,36.63183608235112,32.527022232395744,32.49497502048753,37.20391552720444,39.187953439940685,3.5,7.0,-1.1,-0.65
EZPW,2022-11-25,9.979999542236328,10.119999885559082,9.90999984741211,10.09000015258789,198100.0,36.47818310230391,32.16806805450606,31.97137537121652,37.02601388485874,39.070005990620885,3.52,4.0,-1.08,-0.61
EZPW,2022-11-28,10.09000015258789,10.170000076293944,9.989999771118164,10.039999961853027,316600.0,35.018183641250985,31.635459231007328,31.95385248860517,36.95555123264726,38.798998825313745,3.53,4.0,-1.07,-0.6
EZPW,2022-11-29,10.020000457763672,10.119999885559082,9.970000267028809,10.079999923706056,391600.0,34.83777190008018,31.27415657583371,31.843571266158566,36.95481193318664,38.741924860801745,3.54,3.0,-1.06,-0.58
EZPW,2022-11-30,10.079999923706056,10.15999984741211,9.9399995803833,10.020000457763672,1674600.0,34.93339210985354,31.288373424967673,31.62032305374017,36.960331617731725,38.746624021700725,3.55,1.0,-1.09,-0.54
EZPW,2022-12-01,10.010000228881836,10.149999618530272,9.960000038146973,10.0600004196167,645900.0,34.7818598953088,31.28722968087888,31.62035395005825,36.65507755294455,38.595333550452985,3.56,2.0,-1.11,-0.54
EZPW,2022-12-02,9.9399995803833,10.18000030517578,9.90999984741211,10.170000076293944,286500.0,34.80009718997428,31.299683801091753,31.407928847772315,36.66681901240866,38.60683565288852,3.57,1.0,-1.11,-0.49
EZPW,2022-12-05,10.170000076293944,10.359999656677246,10.06999969482422,10.350000381469728,280500.0,34.47234563243003,31.339901972377604,31.257555817860766,36.70728712805489,38.634108906839145,3.58,1.0,-1.1,-0.47
EZPW,2022-12-06,10.380000114440918,10.68000030517578,10.350000381469728,10.5600004196167,482200.0,34.698509101061084,31.52980813937585,31.32644530407001,36.50848502478918,38.6489287807178,3.59,2.0,-1.04,-0.49
EZPW,2022-12-07,9.43000030517578,9.479999542236328,8.199999809265137,8.640000343322754,4429100.0,68.76564290751648,52.10528565344779,45.056862417561746,43.70637403034987,43.60787835477764,3.66,100.0,-1.04,23.99
EZPW,2022-12-08,8.859999656677246,8.859999656677246,8.170000076293945,8.260000228881836,3913100.0,69.75716955118398,52.91988949204322,45.43283011311271,43.99429237565282,43.845318710757915,3.73,100.0,-1.03,22.8
EZPW,2022-12-09,8.180000305175781,8.3100004196167,7.940000057220459,8.010000228881836,1464300.0,68.51248248194918,53.272755510705615,45.709786109911995,44.14597317446524,43.92277932299882,3.81,100.0,-1.03,22.04
EZPW,2022-12-12,8.0,8.420000076293945,7.909999847412109,8.369999885559082,882600.0,68.93360014990529,53.95841233392801,46.207481958136256,44.42908416904321,44.09550976818321,3.9,100.0,-1.02,21.26
EZPW,2022-12-13,8.569999694824219,8.600000381469727,8.300000190734863,8.40999984741211,942400.0,68.67667502392663,53.82124969333968,46.211042326296536,44.40905593632326,44.087243661053975,3.99,100.0,-1.02,21.26
EZPW,2022-12-14,8.399999618530273,8.479999542236328,8.270000457763672,8.420000076293945,665300.0,68.69520611312264,53.701489978821904,46.21042600129071,44.28882969189487,44.08719129899335,4.08,99.0,-1.02,21.26
EZPW,2022-12-15,8.399999618530273,8.399999618530273,8.180000305175781,8.25,638300.0,68.55017792862384,53.86193929203634,46.307385047066745,44.284155203566165,44.10683896649191,4.17,100.0,-1.04,21.01
EZPW,2022-12-16,8.210000038146973,8.460000038146973,8.100000381469727,8.4399995803833,1710800.0,68.58934725781609,54.05894592756708,46.30877162403122,44.32621126454045,44.06199656429221,4.26,100.0,-1.04,21.01
EZPW,2022-12-19,8.470000267028809,8.640000343322754,8.460000038146973,8.5,747900.0,68.53288529601517,54.03984513064907,45.97535186886573,44.25987387789547,43.6865211652884,4.34,95.0,-1.02,21.56
EZPW,2022-12-20,8.510000228881836,8.670000076293945,8.140000343322754,8.180000305175781,676800.0,69.15463324194684,54.62942507058449,46.271204993533715,44.26554841274948,43.78444672815986,4.43,98.0,-1.01,20.7
EZPW,2022-12-21,8.229999542236328,8.489999771118164,8.180000305175781,8.319999694824219,568500.0,69.20610106608581,54.38641192941917,46.315662492842975,43.626350882462766,43.773493515986075,4.51,100.0,-1.01,20.63
EZPW,2022-12-22,8.279999732971191,8.34000015258789,8.109999656677246,8.210000038146973,947800.0,69.07075347204399,54.29485168574926,46.21856755413848,43.192365923792885,43.771218838254576,4.59,96.0,-1.01,20.67
EZPW,2022-12-23,8.1899995803833,8.399999618530273,8.1899995803833,8.329999923706055,353300.0,67.28750546809732,54.33440075028588,46.24489981976569,43.217756254944526,43.79330598330459,4.67,96.0,-1.01,20.63
EZPW,2022-12-27,8.350000381469727,8.529999732971191,8.239999771118164,8.479999542236328,303200.0,67.60829215871192,54.18548645469683,45.89651113460595,43.22655095389648,43.78015234844709,4.75,90.0,-1.02,21.22
EZPW,2022-12-28,8.460000038146973,8.5,8.069999694824219,8.119999885559082,356900.0,68.26190038238197,54.72105076845166,46.40290884788112,43.50307055155517,43.93428017438292,4.82,100.0,-1.03,20.05
EZPW,2022-12-29,8.149999618530273,8.319999694824219,8.149999618530273,8.229999542236328,299300.0,68.42574030805012,54.596530820376344,45.912567857203996,43.505705218046856,43.935634645638046,4.89,89.0,-1.03,20.85
EZPW,2022-12-30,8.220000267028809,8.289999961853027,8.119999885559082,8.149999618530273,580000.0,68.4338296922009,54.58456651564869,45.88542871716318,43.52372974328501,43.94519298287095,4.95,87.0,-1.01,20.81
EZPW,2023-01-03,8.260000228881836,8.489999771118164,8.210000038146973,8.329999923706055,488900.0,68.18098781920855,54.73615322461644,45.782609611790534,43.588968789362674,43.99061803026187,5.02,86.0,-0.97,20.99
EZPW,2023-01-04,8.649999618530273,8.850000381469727,8.630000114440918,8.720000267028809,1049700.0,69.30616302262733,55.48223257544627,46.118239593998155,43.9105180213686,44.19483088455761,5.08,90.0,-0.95,20.7
EZPW,2023-01-05,8.6899995803833,8.720000267028809,8.529999732971191,8.680000305175781,634000.0,68.55315258835677,55.41681041528213,45.92937066646587,43.914165672071654,44.1937153375274,5.14,88.0,-0.9,20.94
EZPW,2023-01-06,8.770000457763672,8.989999771118164,8.720000267028809,8.899999618530273,597300.0,68.81072140820443,55.56619264243972,46.09939731983697,43.99474219971374,44.24492715461918,5.2,89.0,-0.85,20.68
EZPW,2023-01-09,8.970000267028809,9.09000015258789,8.8100004196167,8.819999694824219,361700.0,68.82334905870371,55.423451298981185,46.11762740755975,44.00317639258216,44.24400653925631,5.26,89.0,-0.79,20.6
EZPW,2023-01-10,8.890000343322754,9.15999984741211,8.880000114440918,9.09000015258789,920200.0,69.49021012172896,55.62939101808598,46.24557681922211,44.06580489698324,44.34123632076333,5.32,95.0,-0.77,20.58
EZPW,2023-01-11,9.130000114440918,9.170000076293944,8.960000038146973,9.0,1071100.0,69.51448686959412,55.30393574626329,46.215199379462,44.08502173772489,44.35398156746629,5.38,92.0,-0.72,20.54
EZPW,2023-01-12,9.0600004196167,9.06999969482422,8.800000190734863,8.869999885559082,412300.0,69.54534949790374,55.278735689986505,46.18345886376897,44.0523692201235,44.380484919094485,5.44,88.0,-0.69,20.62
EZPW,2023-01-13,8.779999732971191,8.829999923706055,8.640000343322754,8.729999542236328,453800.0,69.62617018084771,55.30759636956425,46.18922283460313,44.09864450116965,44.366713438552885,5.5,88.0,-0.67,20.6
EZPW,2023-01-17,8.720000267028809,8.8100004196167,8.609999656677246,8.609999656677246,325100.0,69.62700385034819,55.37796273914437,46.22405379402383,43.64613794523214,42.250936416086674,5.56,93.0,-0.64,20.5
EZPW,2023-01-18,8.649999618530273,8.680000305175781,8.449999809265137,8.5,332600.0,69.49085445112011,55.42295387174645,46.228147906268084,43.359249560969396,42.23229976372483,5.61,93.0,-0.61,20.39
EZPW,2023-01-19,8.4399995803833,8.550000190734863,8.359999656677246,8.510000228881836,276600.0,69.17056139484696,55.163277054200655,46.01599584691822,43.28525101896648,42.20626663673232,5.66,81.0,-0.54,20.7
EZPW,2023-01-20,8.609999656677246,8.720000267028809,8.479999542236328,8.630000114440918,332100.0,68.98939856705887,55.2258958170945,45.73771292569286,43.23411365407867,42.0165498368958,5.71,74.0,-0.51,21.49
EZPW,2023-01-23,8.59000015258789,9.119999885559082,8.430000305175781,9.06999969482422,1232100.0,39.82917144671299,55.75059641456661,46.40038140803614,43.542114460545115,42.28167386592482,5.77,99.0,-0.52,20.47
EZPW,2023-01-24,9.079999923706056,9.210000038146973,8.930000305175781,9.18000030517578,792600.0,37.386204834376436,55.64827031749441,46.42999113471748,42.50314829432862,42.255574243088354,5.83,100.0,-0.54,20.48
EZPW,2023-01-25,9.09000015258789,9.399999618530272,9.039999961853027,9.279999732971191,1524100.0,35.99185602664137,54.770730993559326,46.328002422205415,42.458572356385325,42.23332455655082,5.88,97.0,-0.59,20.83
EZPW,2023-01-26,9.300000190734863,9.31999969482422,9.029999732971191,9.06999969482422,432100.0,34.88613279499143,54.44298159995663,46.27572778910407,42.415179036129985,42.30335622859438,5.94,93.0,-0.62,20.95
EZPW,2023-01-27,9.06999969482422,9.25,8.989999771118164,9.039999961853027,274600.0,34.922652411660394,54.30809113411015,46.160305186238624,41.96324185973851,42.188170351183516,5.99,80.0,-0.64,21.26
EZPW,2023-01-30,9.029999732971191,9.09000015258789,8.869999885559082,8.869999885559082,286000.0,35.46900391744582,54.422275593574184,46.23849363478824,41.95612836335821,42.18074166717749,6.04,89.0,-0.65,20.97
EZPW,2023-01-31,8.859999656677246,9.199999809265137,8.8100004196167,9.109999656677246,359700.0,35.5416431791223,54.46522619596826,46.42515353135871,42.03536651420797,42.20545003524705,6.09,99.0,-0.67,20.7
EZPW,2023-02-01,9.020000457763672,9.18000030517578,8.880000114440918,9.029999732971191,716100.0,35.21611606373702,54.18730676236163,46.44510415074946,41.987325864255766,42.21718705386769,6.14,100.0,-0.69,20.64
EZPW,2023-02-02,9.59000015258789,9.65999984741211,9.0,9.029999732971191,1040300.0,35.19150162317296,54.138369282300744,46.38596889954904,41.987325864255766,41.94850515970209,6.19,95.0,-0.71,20.69
EZPW,2023-02-03,9.380000114440918,9.729999542236328,9.149999618530272,9.34000015258789,1548400.0,34.19271785901378,54.53242516285314,46.68062223790961,42.081899871474285,42.07241587564163,6.24,100.0,-0.75,20.24
EZPW,2023-02-06,9.300000190734863,9.359999656677246,9.130000114440918,9.3100004196167,465900.0,34.049155847179605,54.44784948251451,46.48773523995527,42.06009466668603,41.61818835146829,6.28,99.0,-0.79,20.72
EZPW,2023-02-07,9.25,9.369999885559082,8.9399995803833,9.06999969482422,763900.0,34.800723928141274,54.534458039934734,46.67489118853197,42.15428232308753,41.59979537497646,6.33,99.0,-0.8,20.26
EZPW,2023-02-08,9.100000381469728,9.260000228881836,9.020000457763672,9.140000343322754,410700.0,34.666014439887086,53.478512495061445,46.66909167843164,42.15820861245804,41.488390366486975,6.38,98.0,-0.81,20.34
EZPW,2023-02-09,9.140000343322754,9.260000228881836,9.06999969482422,9.09000015258789,487900.0,34.46209258520198,53.46556380298666,46.613579079258336,42.14988015081896,41.492888613698135,6.42,97.0,-0.81,20.49
EZPW,2023-02-10,9.079999923706056,9.170000076293944,8.90999984741211,8.930000305175781,859600.0,32.23820415630549,53.462755797936055,46.6148864569332,42.20970988848779,41.52598432578066,6.46,97.0,-0.8,20.33
EZPW,2023-02-13,8.920000076293945,9.289999961853027,8.880000114440918,9.270000457763672,452300.0,33.61657303831796,54.04006772037927,46.88651583077104,42.41512434030857,41.663596864959096,6.51,100.0,-0.81,20.04
EZPW,2023-02-14,9.1899995803833,9.239999771118164,8.970000267028809,9.0,806700.0,34.788144844429006,54.34315965172202,47.13190594740017,41.62125348953392,41.77921019890713,6.55,100.0,-0.8,19.48
EZPW,2023-02-15,8.960000038146973,9.130000114440918,8.930000305175781,9.09000015258789,408200.0,34.406039716777364,53.83256225405986,47.15317732344851,41.61506958253065,41.72925169062699,6.6,100.0,-0.79,19.47
EZPW,2023-02-16,9.079999923706056,9.170000076293944,8.9399995803833,9.109999656677246,398200.0,31.918729703755755,53.62913559142811,47.12743902462233,41.454318499566085,41.67742136661353,6.64,98.0,-0.77,19.56
EZPW,2023-02-17,9.130000114440918,9.220000267028809,9.079999923706056,9.119999885559082,606600.0,31.867469472009745,53.22533871355857,47.12075296241072,41.34728216954823,41.60027721366173,6.67,97.0,-0.75,19.6
EZPW,2023-02-21,9.0,9.079999923706056,8.869999885559082,8.9399995803833,665300.0,31.664663658455357,53.218287573752654,46.99330494539671,41.215624813096056,41.63587885578192,6.71,96.0,-0.72,19.87
EZPW,2023-02-22,8.979999542236328,9.0600004196167,8.930000305175781,8.9399995803833,790900.0,31.545134701323,53.21342866644172,46.88194513983925,40.96028478074401,41.63311191908328,6.73,94.0,-0.69,20.0
EZPW,2023-02-23,8.9399995803833,9.039999961853027,8.829999923706055,8.880000114440918,1009800.0,30.314607047125175,53.19672715993955,46.871813945344584,40.939235308124964,41.609443128854416,6.75,93.0,-0.66,20.03
EZPW,2023-02-24,8.800000190734863,8.949999809265137,8.649999618530273,8.880000114440918,415300.0,30.18993800910497,53.19514679565599,46.6934785319725,40.91949837273931,41.58545390350377,6.76,92.0,-0.64,20.48
EZPW,2023-02-27,8.920000076293945,9.020000457763672,8.819999694824219,8.869999885559082,294900.0,29.89429512890476,53.18074918848915,46.53342856668028,40.85335806182482,41.50539407779312,6.77,86.0,-0.6,20.68
EZPW,2023-02-28,8.899999618530273,9.0,8.819999694824219,8.819999694824219,519200.0,29.565969344144,53.17981104322678,46.419025504956885,40.828429936672975,41.503622558648885,6.77,81.0,-0.57,20.79
EZPW,2023-03-01,8.779999732971191,8.930000305175781,8.770000457763672,8.869999885559082,412200.0,29.291931188411784,53.189099890838634,46.38470406926006,40.82636497509663,41.49756349015422,6.77,77.0,-0.53,20.93
EZPW,2023-03-02,8.779999732971191,8.930000305175781,8.729999542236328,8.899999618530273,340100.0,29.001375414852205,53.13315236750314,46.36577367850007,40.53900178819964,41.40982004176878,6.76,76.0,-0.49,21.02
EZPW,2023-03-03,8.9399995803833,9.149999618530272,8.90999984741211,9.0600004196167,345000.0,29.38216831947479,53.137529285242714,46.42520608455768,40.56643939223497,41.317053274757406,6.75,82.0,-0.46,21.01
EZPW,2023-03-06,9.100000381469728,9.100000381469728,8.770000457763672,8.880000114440918,484800.0,29.837333420832884,53.05474702432284,46.4963469439759,40.63488390068951,41.191726717998804,6.74,85.0,-0.44,20.83
EZPW,2023-03-07,8.890000343322754,8.979999542236328,8.760000228881836,8.920000076293945,604400.0,26.051806570678547,33.41204523744225,46.454621165550975,40.17431931519756,41.12051420120378,6.73,83.0,-0.41,20.87
EZPW,2023-03-08,8.899999618530273,8.970000267028809,8.729999542236328,8.869999885559082,758100.0,25.81088125322724,32.068950868332955,46.32554102929527,40.018613861582466,41.051335463862316,6.72,71.0,-0.37,21.01
EZPW,2023-03-09,8.850000381469727,8.979999542236328,8.699999809265137,8.720000267028809,397900.0,25.951408292268674,31.606598991158215,46.327201448329944,40.075585507614186,41.029429210809475,6.7,71.0,-0.34,20.85
EZPW,2023-03-10,8.649999618530273,8.739999771118164,8.529999732971191,8.5600004196167,524800.0,25.676270024821097,30.591661675396537,46.17737470058674,40.084583270340715,40.99564766030165,6.69,52.0,-0.31,21.2
EZPW,2023-03-13,8.319999694824219,8.550000190734863,8.270000457763672,8.289999961853027,536400.0,27.121070650514273,31.28841721670379,46.36396409368194,40.1553388848452,41.029173323384,6.67,72.0,-0.31,20.6
EZPW,2023-03-14,8.5,8.609999656677246,8.369999885559082,8.470000267028809,532700.0,27.566095416708652,31.602764224644503,46.421431137851485,40.23219002114878,41.0323018099254,6.66,78.0,-0.3,20.51
EZPW,2023-03-15,8.289999961853027,8.319999694824219,8.130000114440918,8.220000267028809,1691600.0,27.413639322834584,31.926792922494474,46.66172250524141,40.39338537514668,41.152028047111884,6.61,88.0,-0.3,19.93
EZPW,2023-03-16,8.180000305175781,8.489999771118164,8.119999885559082,8.3100004196167,773500.0,27.67063731032509,31.655641901046632,46.674625298055744,40.3673625515469,41.15267886702893,6.57,89.0,-0.3,19.92
EZPW,2023-03-17,8.25,8.350000381469727,8.09000015258789,8.229999542236328,1675900.0,27.72847549950234,31.675906620225682,46.510394362408434,40.07367266126573,40.95606051565666,6.52,83.0,-0.32,20.09
EZPW,2023-03-20,8.270000457763672,8.399999618530273,8.210000038146973,8.210000038146973,933000.0,25.438926931307225,30.683094071262655,46.50082679768387,39.925767288225025,40.957736312808905,6.46,82.0,-0.35,20.07
EZPW,2023-03-21,8.380000114440918,8.479999542236328,8.319999694824219,8.329999923706055,689700.0,26.01670835535875,30.629295335248045,46.250461609133545,39.91141426152963,40.9786032140212,6.39,58.0,-0.38,20.48
EZPW,2023-03-22,8.34000015258789,8.449999809265137,8.130000114440918,8.130000114440918,580200.0,25.885890034064474,30.91515457009117,46.30831413943653,40.007019059148774,40.87919435445659,6.32,61.0,-0.41,20.34
EZPW,2023-03-23,8.039999961853027,8.319999694824219,8.020000457763672,8.140000343322754,395300.0,25.70718995373233,30.765360394099783,45.611434132336186,39.802921029807194,40.854902391095216,6.25,30.0,-0.44,21.49
EZPW,2023-03-24,8.09000015258789,8.40999984741211,8.029999732971191,8.369999885559082,435200.0,27.29237881264205,31.085711788871023,45.450518656097124,39.904473260829434,40.89624564934313,6.18,29.0,-0.41,21.78
EZPW,2023-03-27,8.4399995803833,8.569999694824219,8.319999694824219,8.520000457763672,460800.0,27.535660524124644,29.96490484034906,45.45059830945174,39.91946462011465,40.91655292411213,6.11,29.0,-0.34,21.78
EZPW,2023-03-28,8.5,8.609999656677246,8.479999542236328,8.520000457763672,266000.0,24.95317630586497,29.848860476910964,45.4440007142887,39.82648632306841,40.915185183178664,6.03,27.0,-0.28,21.82
EZPW,2023-03-29,8.569999694824219,8.649999618530273,8.4399995803833,8.520000457763672,281200.0,23.635847003290987,29.771287716510724,45.26433678234686,39.826051006089564,40.900051756425796,5.96,25.0,-0.24,22.33
EZPW,2023-03-30,8.600000381469727,8.630000114440918,8.40999984741211,8.5,334500.0,23.370619510738127,29.449870354100348,45.05340741369941,39.70284569554182,40.80547288885396,5.87,23.0,-0.24,22.93
EZPW,2023-03-31,8.5,8.680000305175781,8.489999771118164,8.600000381469727,661300.0,23.687228032859593,27.9976834869981,45.05852065715687,39.64259919861999,40.75733874502917,5.78,24.0,-0.22,22.92
EZPW,2023-04-03,8.630000114440918,8.65999984741211,8.399999618530273,8.539999961853027,376000.0,23.713854248210822,28.018020874879706,45.024270269064246,39.62449883234722,40.74550012273615,5.69,21.0,-0.19,22.91
EZPW,2023-04-04,8.619999885559082,8.649999618530273,8.4399995803833,8.529999732971191,316000.0,23.109698313526845,27.51753138431326,44.9529946711181,39.60584221477008,40.688814623410764,5.57,20.0,-0.12,22.99
EZPW,2023-04-05,8.460000038146973,8.670000076293945,8.430000305175781,8.65999984741211,328400.0,23.609086858761337,27.650472745726702,44.90510439700723,39.49280128704521,40.52110720147796,5.44,19.0,-0.09,23.28
EZPW,2023-04-06,8.699999809265137,8.800000190734863,8.649999618530273,8.710000038146973,281400.0,23.625819048034966,26.945699880217326,44.12818399753338,39.49654332796218,39.992297133801806,5.33,18.0,0.04,24.81
EZPW,2023-04-10,8.760000228881836,8.850000381469727,8.710000038146973,8.789999961853027,520600.0,23.795481547528897,26.950205660586242,44.14287354840014,39.49859582881467,39.6339883812378,5.21,18.0,0.17,24.86
EZPW,2023-04-11,8.850000381469727,8.90999984741211,8.739999771118164,8.800000190734863,537300.0,23.798019034841765,26.789531119223316,44.0663050729119,39.49857219548962,39.63097439716676,5.08,16.0,0.33,24.98
EZPW,2023-04-12,8.829999923706055,9.010000228881836,8.829999923706055,8.949999809265137,290500.0,24.24776886238967,26.808083864277922,44.14819742754684,39.543365611803196,39.633955791687065,4.95,18.0,0.5,24.84
EZPW,2023-04-13,8.979999542236328,9.06999969482422,8.880000114440918,9.0600004196167,281200.0,24.44306274743941,26.748043055541316,44.186145424015,39.54616232439208,39.616215686996014,4.81,18.0,0.66,24.84
EZPW,2023-04-14,9.109999656677246,9.18000030517578,9.0,9.06999969482422,246700.0,24.430361231972004,26.5950520892654,43.76904964249591,39.463005851813065,39.59860745040836,4.67,13.0,0.74,26.1
EZPW,2023-04-17,9.079999923706056,9.079999923706056,8.960000038146973,9.010000228881836,260500.0,23.958942774696563,26.64203067540649,43.631449388723134,39.24951094470598,39.60591186189967,4.52,12.0,0.89,26.31
EZPW,2023-04-18,9.010000228881836,9.18000030517578,8.949999809265137,9.170000076293944,324000.0,23.728847209683657,26.727422882131833,43.44082296616092,39.22416208291444,39.63630626516007,4.36,11.0,1.08,26.73
EZPW,2023-04-19,9.15999984741211,9.220000267028809,9.100000381469728,9.18000030517578,513000.0,23.706673583109133,24.724579305099724,43.348415910115214,39.2046649547033,39.63557819173194,4.18,10.0,1.29,26.9
EZPW,2023-04-20,9.140000343322754,9.170000076293944,8.770000457763672,8.949999809265137,332000.0,24.846820015686102,25.144421647382458,43.514803662299215,39.233835154368556,39.72186583841315,4.0,11.0,1.57,26.34
EZPW,2023-04-21,8.930000305175781,8.9399995803833,8.6899995803833,8.6899995803833,365700.0,25.841992616520038,25.724232840572608,43.73076496382615,39.372990506154956,39.83012355304276,3.79,12.0,1.89,25.58
EZPW,2023-04-24,8.680000305175781,8.779999732971191,8.640000343322754,8.720000267028809,465800.0,25.260248560127234,25.33446560072213,43.73414894623103,39.09436930700367,39.82370258752162,3.55,12.0,2.26,25.62
EZPW,2023-04-25,8.680000305175781,8.890000343322754,8.649999618530273,8.779999732971191,389800.0,23.331208728156053,25.374609736342567,43.74556951446246,39.10259007078149,39.7750288835464,3.3,12.0,2.66,25.6
EZPW,2023-04-26,8.710000038146973,8.729999542236328,8.640000343322754,8.710000038146973,346500.0,22.740020198047823,25.131339636350337,43.7521940979564,38.76741426140301,39.78348108864443,3.0,12.0,3.13,25.58
EZPW,2023-04-27,8.800000190734863,8.899999618530273,8.739999771118164,8.75,469200.0,20.781854685011798,24.5176573959904,43.75417003853896,38.744419003620244,39.72999422658037,2.67,12.0,3.64,25.57
EZPW,2023-04-28,8.75,8.760000228881836,8.600000381469727,8.609999656677246,462800.0,21.256851984284992,24.666715657024188,43.77140146036698,38.63383256800348,39.76593169530723,2.28,13.0,4.09,25.38
EZPW,2023-05-01,8.649999618530273,8.90999984741211,8.640000343322754,8.779999732971191,420900.0,21.643997259203978,25.016567106460435,43.794984144427005,38.52381527088033,39.42034837534953,1.77,13.0,3.77,25.33
EZPW,2023-05-02,8.720000267028809,8.800000190734863,8.520000457763672,8.729999542236328,472000.0,21.7250960968488,23.997347302619918,43.66039998862086,38.404616820087696,39.1769478604944,1.05,5.0,-0.98,25.54
EZPW,2023-05-03,8.770000457763672,8.819999694824219,8.619999885559082,8.739999771118164,465100.0,21.40174795658433,23.997760247391593,29.840022140439842,38.396649890316134,39.11974981155791,1.91,1.0,-0.98,0.13
EZPW,2023-05-04,8.819999694824219,8.819999694824219,8.40999984741211,8.600000381469727,1188900.0,20.66177726620782,23.637308334951577,29.072130522612028,38.44096576235525,39.09387765485492,2.52,1.0,-0.93,0.1
EZPW,2023-05-05,8.710000038146973,9.489999771118164,8.680000305175781,9.18000030517578,1192800.0,27.64396811210046,27.20536057714954,30.417957247790252,39.13389954719892,39.56302897702594,2.94,3.0,-0.99,0.74
EZPW,2023-05-08,9.199999809265137,9.31999969482422,8.989999771118164,9.010000228881836,591300.0,27.445134567659636,27.454102107166246,29.80432845350387,39.160175746172186,38.77561582111856,3.32,2.0,-0.96,0.86
EZPW,2023-05-09,8.979999542236328,9.260000228881836,8.970000267028809,9.100000381469728,920100.0,27.15815700321813,27.28149449283734,29.833425688527598,39.12038055296229,38.74121056711666,3.65,3.0,-0.94,0.84
EZPW,2023-05-10,9.15999984741211,9.199999809265137,8.960000038146973,8.979999542236328,350500.0,27.52148568965881,26.300232135451008,29.916720696763644,39.110485642701235,38.6608603951605,3.95,5.0,-0.91,0.82
EZPW,2023-05-11,8.949999809265137,9.0,8.829999923706055,8.869999885559082,470400.0,27.81989968114853,25.718483691752713,29.799430385698894,39.12698616849157,38.33305999341863,4.22,2.0,-0.84,0.85
EZPW,2023-05-12,8.920000076293945,8.979999542236328,8.739999771118164,8.75,297200.0,28.13982477837156,25.77309107521975,29.673854944312495,39.1370388758817,38.303434257586204,4.48,2.0,-0.8,0.94
EZPW,2023-05-15,8.8100004196167,8.8100004196167,8.720000267028809,8.75,487700.0,27.95586315617945,25.766707229062263,29.654302007444837,39.003215260000815,38.27989443514292,4.71,2.0,-0.76,0.96
EZPW,2023-05-16,8.720000267028809,8.779999732971191,8.640000343322754,8.739999771118164,266700.0,27.86930767795305,25.76422808766302,29.00043568909195,38.77663730487185,38.22638700459281,4.95,1.0,-0.7,1.07
EZPW,2023-05-17,8.779999732971191,8.850000381469727,8.630000114440918,8.779999732971191,359100.0,27.884153043058756,25.470976823003745,28.88952297835179,38.763312457080765,38.228178498190765,5.18,1.0,-0.62,1.15
EZPW,2023-05-18,8.779999732971191,8.850000381469727,8.75,8.800000190734863,365400.0,27.563890456552585,25.476393175637646,28.80518339218573,38.75891604231604,38.16108772672981,5.39,1.0,-0.54,1.17
EZPW,2023-05-19,8.90999984741211,8.90999984741211,8.699999809265137,8.800000190734863,553000.0,27.519571299616402,25.44069230553232,28.719994247981013,38.6752356461172,38.143208417118736,5.59,1.0,-0.45,1.24
EZPW,2023-05-22,8.800000190734863,8.850000381469727,8.65999984741211,8.760000228881836,357400.0,27.425147117532138,25.456666188344375,28.5964512159355,38.54891819776848,38.12390410029774,5.78,1.0,-0.39,1.33
EZPW,2023-05-23,8.739999771118164,8.75,8.649999618530273,8.720000267028809,435000.0,27.45248163556817,25.471689407417173,27.737404857510807,38.47737647208728,38.126007358941116,5.98,1.0,-0.35,1.42
EZPW,2023-05-24,8.670000076293945,8.720000267028809,8.470000267028809,8.479999542236328,359800.0,28.076898416100104,26.07331064302419,28.02939932552684,38.60053529905889,38.21943481583999,6.17,2.0,-0.33,1.38
EZPW,2023-05-25,8.449999809265137,8.550000190734863,8.449999809265137,8.479999542236328,383700.0,27.768610488879418,26.040612475449283,27.98294793173266,38.60028951374922,38.21943481583999,6.34,2.0,-0.37,1.39
EZPW,2023-05-26,8.460000038146973,8.5,8.239999771118164,8.260000228881836,670100.0,28.607000497564073,26.54454322220759,28.08679872475819,38.72342569754794,38.30317957810945,6.51,4.0,-0.36,1.44
EZPW,2023-05-30,8.289999961853027,8.630000114440918,8.239999771118164,8.579999923706055,1155500.0,30.959555917510727,27.470235328901747,27.79033158825724,38.94310698258922,37.72827937557242,6.67,2.0,-0.39,1.4
EZPW,2023-05-31,8.579999923706055,8.680000305175781,8.260000228881836,8.34000015258789,876300.0,31.34274052154687,27.76867641849788,28.14094775922283,39.08354000434062,37.82287169475346,6.81,6.0,-0.47,1.29
EZPW,2023-06-01,8.329999923706055,8.470000267028809,8.25,8.289999961853027,518800.0,31.326603698877005,27.762634991058416,27.856950698414547,38.96943172124626,37.70695214403361,6.95,3.0,-0.55,1.47
EZPW,2023-06-02,8.380000114440918,8.510000228881836,8.319999694824219,8.460000038146973,440800.0,31.339367836208282,28.093394986949605,28.022567804545766,39.03713204872576,37.67202424771972,7.08,5.0,-0.61,1.34
EZPW,2023-06-05,8.460000038146973,8.460000038146973,8.25,8.359999656677246,571600.0,30.393439406463322,27.985396861762386,27.647385524274913,39.053312346183446,37.52700791572429,7.21,1.0,-0.66,1.56
EZPW,2023-06-06,8.34000015258789,8.539999961853027,8.289999961853027,8.529999732971191,786300.0,30.99806345485665,28.055302514530013,27.806923176288368,39.08569344389166,37.38444218953087,7.34,4.0,-0.68,1.42
EZPW,2023-06-07,8.609999656677246,8.75,8.520000457763672,8.710000038146973,1236200.0,31.558007581610386,27.570296035803388,27.921038780928896,39.095854977360524,37.415670038613925,7.45,6.0,-0.68,1.31
EZPW,2023-06-08,8.800000190734863,8.880000114440918,8.569999694824219,8.789999961853027,581500.0,31.583975070971533,27.289988808259363,27.8449600058426,39.05557445737184,37.409775352000835,7.55,5.0,-0.68,1.31
EZPW,2023-06-09,8.760000228881836,8.789999961853027,8.59000015258789,8.600000381469727,369000.0,32.19619505777087,26.95043249353705,27.97556552841531,39.13943436981472,37.42558067534204,7.65,8.0,-0.68,1.26
EZPW,2023-06-12,8.569999694824219,8.699999809265137,8.550000190734863,8.65999984741211,573100.0,31.921111272624074,26.89921722693062,27.920709997433455,39.14716499773168,37.40754033709863,7.75,7.0,-0.65,1.26
EZPW,2023-06-13,8.670000076293945,8.770000457763672,8.579999923706055,8.720000267028809,511500.0,31.461749422196917,26.840970633689725,27.94068016917422,39.140087004692944,37.40873075336435,7.84,9.0,-0.61,1.24
EZPW,2023-06-14,8.720000267028809,8.789999961853027,8.600000381469727,8.609999656677246,472600.0,31.632154854016004,26.97848072374241,27.927458166379832,39.167890099692286,37.21210707700756,7.92,9.0,-0.61,1.29
EZPW,2023-06-15,8.569999694824219,8.579999923706055,8.430000305175781,8.5,680100.0,31.8301001341046,26.967151219730905,26.835335206901973,39.043110430597984,37.218362774700104,8.02,1.0,-0.63,1.35
EZPW,2023-06-16,8.569999694824219,8.59000015258789,8.289999961853027,8.34000015258789,1157200.0,31.959219989912054,26.781568624065482,26.913866689348847,39.02973794254726,37.26177134827589,8.11,2.0,-0.65,1.35
EZPW,2023-06-20,8.289999961853027,8.380000114440918,8.239999771118164,8.260000228881836,677100.0,25.09491745992815,26.86012752146488,26.881708392998664,39.03253129817752,36.92441103119473,8.19,2.0,-0.69,1.4
EZPW,2023-06-21,8.210000038146973,8.380000114440918,8.210000038146973,8.300000190734863,1414500.0,24.78324855323618,26.256518004044082,26.670803174109416,38.92625767741871,36.794863404813874,8.27,1.0,-0.72,1.47
EZPW,2023-06-22,8.270000457763672,8.770000457763672,8.25,8.649999618530273,1489900.0,27.675520820993942,27.36205768292747,27.49520262603032,39.113136774161624,37.020741657780825,8.34,5.0,-0.69,1.24
EZPW,2023-06-23,8.569999694824219,8.869999885559082,8.510000228881836,8.680000305175781,8263300.0,27.49126167781232,27.369892730326107,27.34031822568015,39.02712514955178,36.976947134796234,8.4,5.0,-0.69,1.29
EZPW,2023-06-26,8.699999809265137,8.800000190734863,8.239999771118164,8.25,1315200.0,30.903513042461704,29.306645116003022,28.1545152630486,39.471645698993065,37.241636442749936,8.44,23.0,-0.71,1.51
EZPW,2023-06-27,8.260000228881836,8.380000114440918,8.020000457763672,8.109999656677246,924900.0,31.029950085901465,29.501240913089056,28.243879064044204,39.51424945624953,37.28186388593093,8.48,24.0,-0.69,1.47
EZPW,2023-06-28,8.140000343322754,8.220000267028809,8.079999923706055,8.130000114440918,634500.0,31.0556153162395,29.39492023326134,28.24897048249793,39.50777623168127,37.28239076909251,8.51,25.0,-0.69,1.46
EZPW,2023-06-29,8.130000114440918,8.3100004196167,8.109999656677246,8.3100004196167,486200.0,31.84778732188206,29.73496669278638,27.938157638558042,39.56095057564543,37.31107279956738,8.55,16.0,-0.76,1.55
EZPW,2023-06-30,8.40999984741211,8.529999732971191,8.270000457763672,8.380000114440918,789300.0,31.932096452747455,29.78962032164621,27.977210883963068,39.53916897495435,37.08038426389259,8.58,19.0,-0.82,1.51
EZPW,2023-07-03,8.399999618530273,8.4399995803833,8.289999961853027,8.359999656677246,257300.0,31.9120969688932,29.618120816468984,27.688178951832583,39.441886521187435,36.965560398143175,8.6,8.0,-0.83,1.64
EZPW,2023-07-05,8.380000114440918,8.380000114440918,8.229999542236328,8.270000457763672,533600.0,32.01572564599043,29.66131068668315,27.699410944938563,39.40359640876083,36.94427783722172,8.62,9.0,-0.85,1.65
EZPW,2023-07-06,8.15999984741211,8.3100004196167,8.039999961853027,8.289999961853027,636500.0,32.03245097457009,29.59634115576877,27.695240917671892,39.24699957483038,36.93568557481702,8.64,9.0,-0.86,1.64
EZPW,2023-07-07,8.239999771118164,8.569999694824219,8.239999771118164,8.470000267028809,754500.0,32.7217188936819,29.94992035036585,27.7883503816177,39.25929994931343,36.838454207894436,8.66,12.0,-0.85,1.56
EZPW,2023-07-10,8.479999542236328,8.680000305175781,8.470000267028809,8.680000305175781,480000.0,32.496539311706414,30.179251735752338,27.414037423696254,39.32128253330532,36.893352932286035,8.67,6.0,-0.88,1.63
EZPW,2023-07-11,8.680000305175781,8.760000228881836,8.489999771118164,8.609999656677246,750700.0,32.59794630802263,30.10040725358899,27.0473542883582,39.329118703612984,36.87635536426631,8.67,5.0,-0.84,1.78
EZPW,2023-07-12,8.640000343322754,8.729999542236328,8.470000267028809,8.710000038146973,531200.0,31.728415856715014,30.205262221055374,27.064159799594243,39.33993392436925,36.82170570071411,8.68,6.0,-0.8,1.77
EZPW,2023-07-13,8.699999809265137,8.779999732971191,8.619999885559082,8.739999771118164,415300.0,29.821834687343053,30.190892709921798,27.06793878200571,39.22154675676627,36.82212197978242,8.68,7.0,-0.76,1.77
EZPW,2023-07-14,8.739999771118164,8.789999961853027,8.569999694824219,8.770000457763672,361800.0,28.532219351139616,29.96666015100381,27.073776171855908,39.21764321950251,36.725732725066614,8.67,8.0,-0.74,1.76
EZPW,2023-07-17,8.720000267028809,8.880000114440918,8.720000267028809,8.779999732971191,507900.0,28.43988173214308,29.966791413610807,26.892642462696852,39.01980553686937,36.66410476275899,8.66,4.0,-0.71,1.86
EZPW,2023-07-18,8.779999732971191,9.109999656677246,8.770000457763672,9.06999969482422,994200.0,29.330753161179896,30.280341648409483,27.388385962800797,39.14119436906619,36.77861600544807,8.64,11.0,-0.72,1.62
EZPW,2023-07-19,9.06999969482422,9.260000228881836,9.010000228881836,9.25,925500.0,29.42720060937663,29.893512441068903,27.539574741769187,38.77366065008871,36.811612067703045,8.62,14.0,-0.66,1.51
EZPW,2023-07-20,9.239999771118164,9.25,9.029999732971191,9.199999809265137,579800.0,29.092629444891028,29.918253900323887,27.55505629000034,38.53575248135482,36.702768672185094,8.6,15.0,-0.65,1.5
EZPW,2023-07-21,9.210000038146973,9.270000457763672,9.039999961853027,9.25,438400.0,28.585326413013924,29.907466094060958,27.56569775957132,38.48256722135141,36.705195244527744,8.57,16.0,-0.63,1.49
EZPW,2023-07-24,9.260000228881836,9.40999984741211,9.220000267028809,9.329999923706056,458500.0,28.574207497723563,29.8907519978512,27.57871441631915,38.49011481318549,36.70564869008176,8.54,17.0,-0.57,1.47
EZPW,2023-07-25,9.300000190734863,9.34000015258789,9.119999885559082,9.210000038146973,642900.0,28.040064329384045,30.020245030912672,27.64926494854264,38.39390403741126,36.73166949761765,8.51,19.0,-0.6,1.45
EZPW,2023-07-26,9.229999542236328,9.279999732971191,9.15999984741211,9.239999771118164,312000.0,28.007021728155156,29.81398597010595,27.648928271461866,38.24971746332815,36.73200625515615,8.47,19.0,-0.62,1.45
EZPW,2023-07-27,9.229999542236328,9.31999969482422,9.100000381469728,9.109999656677246,265100.0,28.360613487210763,29.727119376888776,27.601493217368006,38.264827901357336,36.74846689081621,8.42,18.0,-0.62,1.5
EZPW,2023-07-28,9.140000343322754,9.289999961853027,9.0600004196167,9.06999969482422,202700.0,28.101617051087818,29.71641845695443,27.422220742310248,38.24177651897483,36.68658567961629,8.38,13.0,-0.66,1.58
EZPW,2023-07-31,9.06999969482422,9.15999984741211,9.029999732971191,9.0600004196167,221900.0,27.775803958601518,29.718347786469977,27.41436386407023,38.19979936941563,36.513234693424025,8.33,13.0,-0.68,1.59
EZPW,2023-08-01,9.029999732971191,9.06999969482422,8.970000267028809,9.050000190734863,383400.0,27.068032780989682,29.515482081744647,27.399508891539654,38.11672034319358,36.45374050343786,8.27,12.0,-0.72,1.6
EZPW,2023-08-02,8.989999771118164,9.0,8.800000190734863,8.84000015258789,330800.0,27.90159904353276,26.713531217694424,27.521166648845785,37.71431749308623,36.5163492948043,8.21,17.0,-0.73,1.55
EZPW,2023-08-03,8.960000038146973,9.43000030517578,8.899999618530273,9.420000076293944,666500.0,33.08053546756843,29.508984036490975,29.14094096164184,38.45695568741755,36.99047755818433,8.14,56.0,-0.68,1.94
EZPW,2023-08-04,9.420000076293944,9.43000030517578,9.100000381469728,9.229999542236328,585900.0,31.880465029945317,29.75836655314692,28.86194223858798,38.486331879186565,37.03472748510397,8.06,53.0,-0.7,2.03
EZPW,2023-08-07,9.239999771118164,9.369999885559082,9.239999771118164,9.3100004196167,354100.0,31.933901388045307,29.67205922352707,28.702318263349568,38.49563454032806,36.833960023217,7.97,51.0,-0.73,2.14
EZPW,2023-08-08,9.279999732971191,9.350000381469728,9.199999809265137,9.210000038146973,381700.0,28.01266036096629,29.645304382452114,28.33597281208308,38.50722329464409,36.85026984842563,7.88,50.0,-0.76,2.29
EZPW,2023-08-09,9.260000228881836,9.260000228881836,9.029999732971191,9.130000114440918,286900.0,27.57377108854982,29.561648897087416,28.335206248030147,38.25112823491511,36.60166447358503,7.79,50.0,-0.77,2.33
EZPW,2023-08-10,9.25,9.279999732971191,9.020000457763672,9.039999961853027,347300.0,27.863231908634468,29.641399127382606,28.337450509533785,38.176449006247765,36.59519192856301,7.69,52.0,-0.77,2.32
EZPW,2023-08-11,9.06999969482422,9.140000343322754,9.039999961853027,9.0600004196167,215300.0,27.314668503113964,29.64121481888026,28.33297308942208,37.99859479286441,36.480870917826266,7.58,50.0,-0.77,2.32
EZPW,2023-08-14,9.0600004196167,9.0600004196167,8.829999923706055,8.84000015258789,370500.0,28.387374209338915,30.073390070117895,28.53684107297838,38.047481461441954,36.4229595386793,7.48,54.0,-0.74,2.27
EZPW,2023-08-15,8.829999923706055,8.890000343322754,8.779999732971191,8.829999923706055,350500.0,28.37365414102897,30.07103512217895,28.25796409937723,38.042426735376154,36.33021207253214,7.37,50.0,-0.72,2.4
EZPW,2023-08-16,8.770000457763672,8.850000381469727,8.600000381469727,8.609999656677246,252000.0,29.226103540531977,30.514360025896508,28.55893101777005,38.14432556377413,36.40965606647725,7.26,56.0,-0.71,2.26
EZPW,2023-08-17,8.609999656677246,8.6899995803833,8.5600004196167,8.630000114440918,331400.0,29.225813129511835,30.506550618987266,28.223234789312336,38.14308077504307,36.41038320541026,7.15,48.0,-0.67,2.5
EZPW,2023-08-18,8.630000114440918,8.670000076293945,8.579999923706055,8.609999656677246,227200.0,28.60807213882121,30.49638244387003,28.08677656705669,38.139162012395374,36.34439642060388,7.04,45.0,-0.66,2.64
EZPW,2023-08-21,8.600000381469727,8.6899995803833,8.529999732971191,8.550000190734863,282000.0,27.760918715174622,29.98193034936037,28.109371192601877,38.141277448190614,36.32255935109456,6.92,47.0,-0.65,2.63
EZPW,2023-08-22,8.539999961853027,8.65999984741211,8.539999961853027,8.59000015258789,284800.0,27.703936907998816,29.99627462228386,28.11898612631704,38.14259040817255,36.28210182291811,6.8,48.0,-0.64,2.62
EZPW,2023-08-23,8.579999923706055,8.739999771118164,8.5600004196167,8.6899995803833,239400.0,27.7049086369192,29.568085653952703,28.17515451148221,38.145712666482666,36.27044087782973,6.67,51.0,-0.62,2.55
EZPW,2023-08-24,8.640000343322754,8.760000228881836,8.569999694824219,8.649999618530273,423300.0,27.714422940855798,28.552776887192376,28.124986155765736,38.08514440887147,36.26535000771728,6.54,49.0,-0.61,2.62
EZPW,2023-08-25,8.649999618530273,8.710000038146973,8.609999656677246,8.699999809265137,271200.0,27.7503143574943,27.947756715639667,28.116429273075788,38.01115118435195,36.25298712321682,6.4,48.0,-0.59,2.6
EZPW,2023-08-28,8.680000305175781,8.779999732971191,8.65999984741211,8.699999809265137,229600.0,27.74726019070817,27.913171291947403,28.115604726800235,29.679423723057802,36.150522043581724,6.26,48.0,-0.57,2.6
EZPW,2023-08-29,8.729999542236328,8.800000190734863,8.670000076293945,8.699999809265137,219600.0,25.94932647241368,27.616066921284787,28.013524135741584,29.192135187858838,35.97551724331823,6.11,43.0,-0.57,2.7
EZPW,2023-08-30,8.65999984741211,8.680000305175781,8.460000038146973,8.479999542236328,308200.0,26.07602779261618,28.018561214470644,28.2919652990024,29.121721936375312,36.052249833337044,5.96,60.0,-0.6,2.58
EZPW,2023-08-31,8.5,8.5,8.359999656677246,8.40999984741211,332600.0,26.11337774367962,27.760887334583366,28.279701840529682,28.672020548424413,36.05730590114545,5.81,60.0,-0.64,2.62
EZPW,2023-09-01,8.40999984741211,8.479999542236328,8.390000343322754,8.40999984741211,273000.0,26.008681937674886,27.410026205125465,28.278661862152703,28.666470731384763,35.99420025612955,5.66,60.0,-0.67,2.63
EZPW,2023-09-05,8.380000114440918,8.380000114440918,8.180000305175781,8.210000038146973,458100.0,26.442942442463018,27.749582860543224,28.386335387610984,28.807155257093655,35.976139198033245,5.49,67.0,-0.69,2.64
EZPW,2023-09-06,8.210000038146973,8.270000457763672,8.149999618530273,8.220000267028809,235800.0,26.357298283386143,27.414770574159174,28.310940840361955,28.706533282379365,35.92024556122749,5.31,63.0,-0.69,2.72
EZPW,2023-09-07,8.1899995803833,8.239999771118164,8.069999694824219,8.15999984741211,332400.0,26.289907187300066,27.39951970688321,28.32682422317456,28.590804422569597,35.9111883475213,5.13,64.0,-0.67,2.72
EZPW,2023-09-08,8.149999618530273,8.1899995803833,8.09000015258789,8.15999984741211,241900.0,26.14067001929462,27.351031640785774,28.313136360635937,28.57772417328682,35.910947231738405,4.94,64.0,-0.67,2.72
EZPW,2023-09-11,8.15999984741211,8.329999923706055,8.09000015258789,8.119999885559082,380000.0,26.14233911815352,27.256539747891175,28.161972165381837,28.22093777297521,35.91250089815509,4.75,55.0,-0.64,2.88
EZPW,2023-09-12,8.079999923706055,8.15999984741211,7.989999771118164,8.050000190734863,935400.0,26.169109392979507,27.19185396914271,28.18415990511373,28.16631849437399,35.88887384303617,4.55,57.0,-0.59,2.88
EZPW,2023-09-13,8.079999923706055,8.100000381469727,8.010000228881836,8.010000228881836,344900.0,26.15672635720715,26.943996184307885,27.92575892853513,28.128892714030158,35.88860033036768,4.32,37.0,-0.56,3.02
EZPW,2023-09-14,8.020000457763672,8.140000343322754,8.010000228881836,8.020000457763672,233300.0,25.536758962402594,26.881568701474944,27.55468039236127,28.075387057366992,35.79624404837124,4.08,19.0,-0.59,3.21
EZPW,2023-09-15,8.020000457763672,8.050000190734863,7.900000095367432,7.960000038146973,1255900.0,15.855831024467957,26.896172421173723,27.566563985282304,28.006007341316057,35.79904425477587,3.8,22.0,-0.59,3.22
EZPW,2023-09-18,7.949999809265137,7.980000019073486,7.849999904632568,7.880000114440918,355200.0,15.294242646925065,25.494184908774454,27.576353705884248,27.559438331019116,35.80586011941798,3.5,23.0,-0.57,3.25
EZPW,2023-09-19,7.880000114440918,7.949999809265137,7.869999885559082,7.869999885559082,265900.0,14.772576085444241,25.472853492968877,27.554030990928073,27.51200258726594,35.7766496360575,3.17,19.0,-0.56,3.26
EZPW,2023-09-20,7.880000114440918,7.96999979019165,7.869999885559082,7.869999885559082,471400.0,14.773935909033018,23.32069405809987,27.53994067881507,27.488686560367654,35.72250220292567,2.78,19.0,-0.57,3.28
EZPW,2023-09-21,7.860000133514404,7.900000095367432,7.820000171661377,7.829999923706055,327000.0,14.736982872291527,23.09017195235415,27.44178298597572,27.369157789254444,35.6860938495565,2.32,16.0,-0.58,3.34
EZPW,2023-09-22,7.820000171661377,7.889999866485596,7.75,7.760000228881836,336800.0,14.7132637323455,23.14466835203821,27.272453334231656,26.832213897240926,35.6938435154189,1.72,10.0,-0.56,3.55
EZPW,2023-09-25,7.710000038146973,7.929999828338623,7.710000038146973,7.840000152587891,354300.0,15.235688900089043,22.777567519553322,27.323491016058078,26.858980367539136,35.708833227840046,0.74,11.0,-0.6,3.46
EZPW,2023-09-26,7.800000190734863,7.849999904632568,7.760000228881836,7.769999980926514,202000.0,14.106070838265486,22.75070743908227,27.349728309800124,26.703665630517126,35.70961597641858,0.72,13.0,-0.62,3.46
EZPW,2023-09-27,7.78000020980835,8.020000457763672,7.78000020980835,7.980000019073486,553400.0,16.709571776691952,23.457470407533233,27.59657576979645,26.881384951764208,35.808229343581814,0.72,31.0,-0.68,3.19
EZPW,2023-09-28,8.029999732971191,8.130000114440918,8.0,8.0600004196167,446100.0,15.79848333601367,23.46419895478336,25.549862534691908,26.66199408866086,35.7030545790785,0.72,1.0,-0.69,2.63
EZPW,2023-09-29,8.039999961853027,8.319999694824219,8.039999961853027,8.25,1045300.0,17.40820662236292,23.957478356635594,25.691496000291703,26.788985233579048,35.713955517907856,0.73,2.0,-0.68,2.47
EZPW,2023-10-02,8.260000228881836,8.34000015258789,8.140000343322754,8.3100004196167,475600.0,17.588958645674545,23.5850263554193,25.666170023669014,26.75197545477183,35.70963461736187,0.74,2.0,-0.65,2.5
EZPW,2023-10-03,8.279999732971191,8.329999923706055,8.199999809265137,8.279999732971191,299100.0,17.519114678825538,23.01885259998457,25.593407907897177,26.69087061233959,35.62665366158549,0.74,2.0,-0.64,2.54
EZPW,2023-10-04,8.15999984741211,8.380000114440918,8.149999618530273,8.350000381469727,285200.0,17.659036286461227,23.04364254302121,25.56770201421256,26.66174870081649,35.54534156803926,0.75,2.0,-0.62,2.53
EZPW,2023-10-05,8.350000381469727,8.380000114440918,8.3100004196167,8.359999656677246,236200.0,17.27164834612524,22.909541423896805,25.483740111899472,26.619417813219894,35.47501070215755,0.76,1.0,-0.62,2.58
EZPW,2023-10-06,8.380000114440918,8.510000228881836,8.369999885559082,8.380000114440918,306500.0,17.273823144241607,22.90248867247751,25.487651251066058,26.62061916182661,35.457500323123135,0.77,2.0,-0.62,2.57
EZPW,2023-10-09,8.300000190734863,8.380000114440918,8.289999961853027,8.329999923706055,274800.0,17.20617088796157,22.911252638415842,25.50267171181827,26.576716391703485,35.45446499283941,0.79,3.0,-0.61,2.56
EZPW,2023-10-10,8.380000114440918,8.460000038146973,8.34000015258789,8.350000381469727,214700.0,17.23772533603832,22.917390423163663,25.494071704411464,25.906609783572843,35.44911630968179,0.81,3.0,-0.6,2.57
EZPW,2023-10-11,8.380000114440918,8.420000076293945,8.300000190734863,8.369999885559082,158000.0,17.268149003851313,21.852941437057027,25.4944027030205,25.86609346307232,35.42578610260786,0.83,4.0,-0.58,2.57
EZPW,2023-10-12,8.350000381469727,8.369999885559082,8.260000228881836,8.289999961853027,213400.0,15.875865231650844,21.471881761176125,25.53515126236472,25.85290660757604,35.412587077385524,0.85,6.0,-0.57,2.55
EZPW,2023-10-13,8.289999961853027,8.3100004196167,8.0,8.0600004196167,509800.0,17.63854647317872,22.12891401315024,25.899972970839833,25.92387442335149,35.4460244449302,0.86,12.0,-0.59,2.36
EZPW,2023-10-16,8.100000381469727,8.149999618530273,8.020000457763672,8.020000457763672,437400.0,17.662738891054946,22.078416240389085,25.901516308177786,25.92701853740535,35.40129850537805,0.88,13.0,-0.61,2.36
EZPW,2023-10-17,8.0,8.319999694824219,8.0,8.229999542236328,426600.0,18.06106634262137,22.718152794548583,25.87706249924684,26.023534126254816,35.37208819236471,0.89,12.0,-0.62,2.3
EZPW,2023-10-18,8.199999809265137,8.229999542236328,8.020000457763672,8.029999732971191,244200.0,19.419036275390177,23.078754940228606,26.16293993699542,25.9789051691999,35.40262324888554,0.9,15.0,-0.66,2.15
EZPW,2023-10-19,8.010000228881836,8.010000228881836,7.809999942779541,7.849999904632568,788300.0,20.355261741186837,23.422028444548975,26.078569225475125,26.091294984042086,35.438531722716085,0.91,15.0,-0.68,2.18
EZPW,2023-10-20,7.869999885559082,8.050000190734863,7.820000171661377,7.980000019073486,301900.0,20.992456351519632,23.621470084691374,25.485416798123467,26.170448024080393,35.474463467321264,0.93,2.0,-0.71,2.38
EZPW,2023-10-23,7.980000019073486,8.109999656677246,7.920000076293945,7.940000057220459,409600.0,20.9943992940144,23.624294176050462,25.10744690630912,25.852286051589346,35.46732894501125,0.96,1.0,-0.74,2.59
EZPW,2023-10-24,8.010000228881836,8.029999732971191,7.869999885559082,7.869999885559082,263400.0,21.00093332820923,23.662062753830323,25.12740186355939,25.867996138994492,35.379389682856086,0.98,2.0,-0.77,2.57
EZPW,2023-10-25,7.800000190734863,7.880000114440918,7.699999809265137,7.699999809265137,309500.0,21.84700245102043,23.994734547561205,25.129052082243415,25.814246778390594,35.43919080869299,1.01,3.0,-0.78,2.63
EZPW,2023-10-26,7.809999942779541,8.010000228881836,7.710000038146973,8.010000228881836,452200.0,24.840332833102817,25.107822500108146,25.87114409350772,26.233776123855684,35.50439937306387,1.02,16.0,-0.81,2.31
EZPW,2023-10-27,7.989999771118164,8.09000015258789,7.900000095367432,8.020000457763672,394000.0,24.74102438682967,21.12994033002999,25.661999928533202,26.228700919384806,35.453898386724994,1.03,14.0,-0.83,2.49
EZPW,2023-10-30,8.0600004196167,8.170000076293945,8.0,8.140000343322754,240300.0,24.89036281532418,21.103281839592118,25.55101114211072,26.21385021250415,35.13596202952769,1.04,12.0,-0.83,2.58
EZPW,2023-10-31,8.140000343322754,8.239999771118164,8.109999656677246,8.199999809265137,211700.0,24.944775484492986,21.076992840177503,25.53500307622701,25.84109931593794,34.94864064977685,1.06,10.0,-0.8,2.59
EZPW,2023-11-01,8.210000038146973,8.25,8.119999885559082,8.140000343322754,251200.0,25.07029592052327,21.028029250997633,25.33206519679586,25.62437905098669,34.906542252956925,1.07,4.0,-0.8,2.72
EZPW,2023-11-02,8.170000076293945,8.449999809265137,8.149999618530273,8.380000114440918,506500.0,26.259892225472747,21.92300106123093,25.73849145464279,25.833573082963973,35.02835817626665,1.08,20.0,-0.79,2.44
EZPW,2023-11-03,8.5,8.5600004196167,8.430000305175781,8.489999771118164,452900.0,26.21617646832583,22.048035036624817,25.800747369457344,25.881045420677033,34.958090023305644,1.09,21.0,-0.76,2.38
EZPW,2023-11-06,8.539999961853027,8.550000190734863,8.449999809265137,8.5,242100.0,26.129624326791912,22.04253549171987,25.724527298248713,25.88111199617547,34.84664324419485,1.09,20.0,-0.76,2.42
EZPW,2023-11-07,8.430000305175781,8.460000038146973,8.300000190734863,8.3100004196167,164000.0,26.944821721542432,21.95604393776116,25.89331037063753,25.91143334359815,34.89976222324363,1.1,25.0,-0.75,2.33
EZPW,2023-11-08,8.329999923706055,8.329999923706055,8.210000038146973,8.239999771118164,130200.0,26.087162495634388,22.008780159365447,25.752401520716244,25.928893673706888,34.88711335490346,1.11,22.0,-0.76,2.41
EZPW,2023-11-09,8.260000228881836,8.319999694824219,8.220000267028809,8.279999732971191,184100.0,25.977071919678064,21.459618880785168,25.718745417775686,25.925594423229487,34.856897404875085,1.12,20.0,-0.75,2.42
EZPW,2023-11-10,8.289999961853027,8.300000190734863,8.15999984741211,8.220000267028809,231800.0,25.18517213636938,21.492909311915508,25.732931576136597,25.938337427369586,34.800433914752624,1.13,22.0,-0.76,2.42
EZPW,2023-11-13,8.239999771118164,8.319999694824219,8.210000038146973,8.25,224800.0,25.11512318122213,21.50976466964704,24.870653963841566,25.942670477811326,34.40723131739294,1.15,1.0,-0.74,2.77
EZPW,2023-11-14,8.390000343322754,8.609999656677246,8.380000114440918,8.520000457763672,339000.0,26.7868564043057,22.49811691061885,25.39929746883264,26.22001194080309,34.55505364780844,1.16,6.0,-0.72,2.44
EZPW,2023-11-15,8.479999542236328,8.680000305175781,8.479999542236328,8.609999656677246,430200.0,26.844240833565802,22.58220063610188,24.1215257083126,26.241532671072854,34.535805971380135,1.2,1.0,-0.74,2.27
EZPW,2023-11-16,8.710000038146973,8.850000381469727,8.069999694824219,8.319999694824219,715300.0,28.725466030950813,23.516573266653328,24.588010286816434,26.546145410887956,34.69553161717349,1.21,2.0,-0.72,2.16
EZPW,2023-11-17,8.40999984741211,8.420000076293945,8.130000114440918,8.239999771118164,609700.0,28.844630199245774,23.57491166876546,24.635592965868227,26.480064258188722,34.70118422765058,1.23,3.0,-0.72,2.15
EZPW,2023-11-20,8.220000267028809,8.510000228881836,8.220000267028809,8.390000343322754,418100.0,29.28914573132209,23.8537123209361,24.556311085745026,26.46805776620345,34.54202944141697,1.25,2.0,-0.72,2.2
EZPW,2023-11-21,8.34000015258789,8.40999984741211,8.260000228881836,8.289999961853027,342200.0,29.493158065350023,23.967034156558896,24.594201625785534,26.497739037478286,34.486907863612785,1.27,4.0,-0.72,2.21
EZPW,2023-11-22,8.25,8.40999984741211,8.239999771118164,8.279999732971191,361100.0,29.48368643713225,23.966580075033576,24.59212557079219,26.49065681636141,34.34348066377164,1.29,4.0,-0.72,2.21
EZPW,2023-11-24,8.289999961853027,8.329999923706055,8.220000267028809,8.239999771118164,106500.0,29.386105542448497,23.42083352555967,24.543993483890517,26.421764839648915,34.29982445407567,1.31,2.0,-0.72,2.24
EZPW,2023-11-27,8.149999618530273,8.199999809265137,8.029999732971191,8.109999656677246,440700.0,28.578341120593237,23.580707319596335,24.669353201030017,26.398188151954944,34.329221576144406,1.32,8.0,-0.73,2.18
EZPW,2023-11-28,8.119999885559082,8.149999618530273,7.71999979019165,8.109999656677246,808600.0,28.53630655694704,23.580707319596335,24.422824668228184,26.126486794445782,34.32252778262925,1.34,2.0,-0.74,2.41
EZPW,2023-11-29,8.170000076293945,8.199999809265137,8.069999694824219,8.069999694824219,472900.0,27.525161384782376,23.08852216228934,24.103056889320133,26.005696057058902,34.32249984292933,1.37,1.0,-0.73,2.69
EZPW,2023-11-30,8.0600004196167,8.25,8.0600004196167,8.199999809265137,500600.0,26.964401546046528,23.326610975965103,24.21847797457586,25.834807061427956,34.36047810095044,1.39,3.0,-0.71,2.54
EZPW,2023-12-01,8.15999984741211,8.449999809265137,8.15999984741211,8.380000114440918,435900.0,26.68884241532881,23.695504497549187,24.400167654210637,25.930687468653545,34.4302641717765,1.41,4.0,-0.68,2.4
EZPW,2023-12-04,8.350000381469727,8.760000228881836,8.350000381469727,8.760000228881836,607700.0,29.102026821476386,25.345620699460262,25.4068545744012,26.42862522990338,34.720879708256106,1.41,19.0,-0.69,2.11
EZPW,2023-12-05,8.75,8.84000015258789,8.649999618530273,8.6899995803833,499900.0,29.18768072515058,25.38553943767749,25.43280966896547,26.445173939355126,34.70988018692604,1.42,20.0,-0.67,2.12
EZPW,2023-12-06,8.710000038146973,8.850000381469727,8.470000267028809,8.470000267028809,317400.0,30.169607770778384,25.898713700166542,25.753142786172695,26.568225680873265,34.751568053759335,1.42,41.0,-0.63,1.99
EZPW,2023-12-07,8.4399995803833,8.670000076293945,8.4399995803833,8.670000076293945,237300.0,29.848882637281367,26.274057490622255,25.49549706422343,26.55037054603926,34.77269884342445,1.42,26.0,-0.57,2.09
EZPW,2023-12-08,8.680000305175781,8.739999771118164,8.609999656677246,8.6899995803833,189400.0,27.885197529505735,26.274825899186048,25.29527007484942,26.551172078139068,28.398069187337793,1.43,17.0,-0.51,2.27
EZPW,2023-12-11,8.699999809265137,8.720000267028809,8.609999656677246,8.670000076293945,232200.0,27.92042815295136,26.22156936497329,25.285067343033003,26.350460204472366,28.037486523449463,1.43,17.0,-0.44,2.27
EZPW,2023-12-12,8.649999618530273,8.75,8.619999885559082,8.65999984741211,245000.0,27.694454613246233,26.117509285125802,25.266799580455277,26.267849943642517,27.865420701660128,1.43,17.0,-0.38,2.3
EZPW,2023-12-13,8.65999984741211,8.970000267028809,8.65999984741211,8.899999618530273,662700.0,28.61648070897214,26.637317555170704,25.614144288258828,26.46492487733074,27.65270562879816,1.43,37.0,-0.4,2.06
EZPW,2023-12-14,8.989999771118164,9.0,8.800000190734863,8.90999984741211,408800.0,28.462261162162267,26.634620466212915,25.53700146273102,26.465113625845277,27.649120901477097,1.43,33.0,-0.4,2.09
EZPW,2023-12-15,8.989999771118164,8.989999771118164,8.710000038146973,8.720000267028809,1079400.0,28.216728733076913,27.034316786627947,25.751135495903622,26.588927236879538,27.734607124081954,1.43,46.0,-0.37,2.01
EZPW,2023-12-18,8.760000228881836,8.890000343322754,8.670000076293945,8.84000015258789,354400.0,28.239909771955258,27.047221291665224,25.756342710196968,26.602008505549417,27.6905373072905,1.43,49.0,-0.35,1.94
EZPW,2023-12-19,8.9399995803833,9.0,8.8100004196167,8.920000076293945,388700.0,28.326918800184437,27.032499402426424,25.789956897183053,26.608841207093505,27.612387745287393,1.43,50.0,-0.33,1.89
EZPW,2023-12-20,8.880000114440918,9.06999969482422,8.850000381469727,8.920000076293945,452100.0,27.389942319323435,26.93724563505433,25.789531983709995,26.608326087354772,27.60379255603802,1.42,50.0,-0.32,1.89
EZPW,2023-12-21,8.9399995803833,9.050000190734863,8.899999618530273,8.949999809265137,578200.0,27.197729742003098,26.45589167940153,25.79508043809982,26.552069913773344,27.332553824242154,1.42,52.0,-0.31,1.87
EZPW,2023-12-22,9.0,9.029999732971191,8.850000381469727,8.880000114440918,207000.0,27.361427815859525,26.476080609378105,25.552904608695332,26.560674036108516,27.293764391201297,1.42,36.0,-0.32,1.98
EZPW,2023-12-26,8.859999656677246,8.960000038146973,8.859999656677246,8.9399995803833,116100.0,27.235035949616215,26.111728964766318,23.465275909109646,26.550664651275536,27.2673133674887,1.43,1.0,-0.55,0.59
EZPW,2023-12-27,8.9399995803833,8.970000267028809,8.869999885559082,8.869999885559082,369700.0,27.407585716860694,26.14926238474669,23.279111828198666,26.567028254064784,27.242333234832795,1.44,1.0,-0.61,0.65
EZPW,2023-12-28,8.829999923706055,8.859999656677246,8.720000267028809,8.760000228881836,160000.0,26.22146704659219,26.28009357038389,23.311887060995033,26.53198924624618,27.214434656974912,1.45,2.0,-0.78,0.66
EZPW,2023-12-29,8.75,8.829999923706055,8.65999984741211,8.739999771118164,604800.0,26.076989602216866,26.241505145290905,23.256266234723256,26.4925292234928,26.862814736388792,1.46,1.0,-0.88,0.68
EZPW,2024-01-02,8.729999542236328,8.770000457763672,8.65999984741211,8.720000267028809,292000.0,23.931616200338887,26.248763503486046,23.220920734165453,26.49322307205775,26.831476773508328,1.48,1.0,-0.95,0.7
EZPW,2024-01-03,8.699999809265137,8.800000190734863,8.649999618530273,8.710000038146973,249500.0,23.710726074542613,26.249063772326984,23.171791760133424,26.482459753051657,26.813070017223122,1.49,1.0,-0.97,0.72
EZPW,2024-01-04,8.699999809265137,8.8100004196167,8.6899995803833,8.699999809265137,285400.0,23.21922820437762,26.21559598921193,23.168399702899663,26.39792555091945,26.725706080030243,1.5,1.0,-1.02,0.72
EZPW,2024-01-05,8.699999809265137,8.800000190734863,8.579999923706055,8.579999923706055,246000.0,23.31931858994037,26.383142017031087,22.945475515898973,26.446336360451074,26.36750976105858,1.51,1.0,-0.99,0.78
EZPW,2024-01-08,8.569999694824219,8.640000343322754,8.550000190734863,8.640000343322754,295500.0,23.36796610467293,26.414162977455703,22.974002562612498,26.292368104380003,26.372912086349174,1.53,2.0,-0.98,0.75
EZPW,2024-01-09,8.529999732971191,8.550000190734863,8.479999542236328,8.5,318700.0,23.86768007497822,26.560110495782624,22.769988122838473,26.131768133210187,26.302789245068304,1.54,1.0,-0.96,0.8
EZPW,2024-01-10,8.5,8.600000381469727,8.460000038146973,8.569999694824219,224000.0,23.39904291901901,25.92807845563092,22.805201646382013,26.146964252703995,26.301042046256406,1.55,2.0,-0.95,0.77
EZPW,2024-01-11,8.569999694824219,8.569999694824219,8.489999771118164,8.510000228881836,206400.0,23.535228418780182,25.95173357220767,22.8292421254416,26.146585634853242,26.133729604630872,1.56,3.0,-0.94,0.76
EZPW,2024-01-12,8.579999923706055,8.600000381469727,8.479999542236328,8.539999961853027,211700.0,23.458276967051756,25.436514461091946,22.80962813795843,26.13354468179205,26.118301028440015,1.57,3.0,-0.94,0.76
EZPW,2024-01-16,8.470000267028809,8.569999694824219,8.4399995803833,8.5600004196167,355900.0,23.076154020309616,24.889043832017876,22.80046331941459,26.12922367626837,26.07977043406876,1.58,2.0,-0.94,0.77
EZPW,2024-01-17,8.520000457763672,8.539999961853027,8.470000267028809,8.520000457763672,511000.0,22.315838081589394,24.425021257518893,22.735729890102856,26.06552664426752,26.035750203705653,1.59,1.0,-0.91,0.83
EZPW,2024-01-18,8.550000190734863,8.600000381469727,8.390000343322754,8.420000076293945,191100.0,18.315628390084512,24.366727764135078,22.799875401645952,25.997380066449566,26.025760247895285,1.59,3.0,-0.88,0.8
EZPW,2024-01-19,8.449999809265137,8.449999809265137,8.260000228881836,8.420000076293945,462800.0,18.207751919765624,24.33632881437848,22.77940235302833,25.989217821304166,25.994164224653225,1.59,3.0,-0.85,0.82
EZPW,2024-01-22,8.489999771118164,8.670000076293945,8.489999771118164,8.649999618530273,273000.0,18.414679690018602,24.819818068417614,23.187325171315763,26.18662764407232,26.133643190421456,1.59,13.0,-0.84,0.64
EZPW,2024-01-23,8.699999809265137,8.729999542236328,8.640000343322754,8.649999618530273,317600.0,17.118280662897785,24.33879649352276,23.187325171315763,26.116551301032725,26.096152500417563,1.58,13.5,-0.83,0.64
EZPW,2024-01-24,8.710000038146973,8.760000228881836,8.649999618530273,8.6899995803833,213600.0,17.159233492794534,23.057604541181636,22.833126501614228,24.943431766479556,25.61880439225738,1.58,9.0,-0.86,0.73
EZPW,2024-01-25,8.739999771118164,8.789999961853027,8.710000038146973,8.729999542236328,340000.0,17.195141467368373,23.067107846399594,22.802126261620938,24.853776788098244,25.593909281931232,1.57,6.0,-0.9,0.73
EZPW,2024-01-26,8.760000228881836,8.800000190734863,8.199999809265137,8.649999618530273,222800.0,17.408493153258387,22.995296575871247,22.852739699453892,24.847320848134487,25.585627354931795,1.56,11.0,-0.93,0.71
EZPW,2024-01-29,8.640000343322754,8.779999732971191,8.59000015258789,8.779999732971191,574100.0,16.0288921634037,23.136297776854473,22.63229665797796,24.863682771843916,25.529456727992482,1.55,1.0,-0.97,0.72
EZPW,2024-01-30,8.770000457763672,8.770000457763672,8.619999885559082,8.630000114440918,236600.0,16.739155022935172,23.37862127614734,22.809763947329888,24.90432322696285,25.58476892712426,1.54,10.0,-0.98,0.66
EZPW,2024-01-31,8.539999961853027,8.760000228881836,8.539999961853027,8.600000381469727,483200.0,15.597319094219001,22.648805934088287,22.784398227854048,24.855975307372557,25.51727799712565,1.52,5.0,-0.98,0.67
EZPW,2024-02-01,9.229999542236328,9.899999618530272,9.210000038146973,9.59000015258789,2716700.0,35.214007937642364,31.66529760161389,28.555030261125324,28.00575059571037,27.62428657032312,1.53,100.0,0.08,11.38
EZPW,2024-02-02,10.0,10.239999771118164,9.6899995803833,10.0600004196167,1569100.0,37.53947858327778,33.02673684966246,29.461866582811048,28.5594518564202,28.016856242657635,1.56,100.0,2.55,9.83
EZPW,2024-02-05,10.270000457763672,10.34000015258789,9.90999984741211,10.3100004196167,1094000.0,37.983214363266384,32.890406763304696,29.62311922869043,28.694265927214147,28.120429930022283,1.59,100.0,4.36,9.42
EZPW,2024-02-06,10.289999961853027,10.34000015258789,10.0,10.039999961853027,814800.0,39.056768618692885,33.37842106690285,29.956976172236605,28.87665662284009,28.05142113008998,1.64,100.0,4.07,9.02
EZPW,2024-02-07,10.050000190734863,10.100000381469728,9.920000076293944,10.039999961853027,629200.0,38.91873097325656,33.38357190250629,29.958702899573318,28.87665662284009,28.04923130927241,1.69,100.0,3.68,9.03
EZPW,2024-02-08,10.039999961853027,10.25,9.970000267028809,10.0,683700.0,38.97957944242545,33.34631216316549,29.934740342269432,28.875280102391017,27.927024333263955,1.74,98.0,3.25,9.05
EZPW,2024-02-09,10.0,10.239999771118164,9.960000038146973,10.1899995803833,732800.0,39.05687709768112,33.49836856355867,29.98227092063547,28.947311612013966,27.978391639580096,1.79,100.0,2.99,8.85
EZPW,2024-02-12,10.1899995803833,10.56999969482422,10.1899995803833,10.449999809265137,892100.0,39.1494595398753,33.27209168338302,30.189601308073026,28.886041497239525,28.08127828468005,1.85,100.0,2.95,8.44
EZPW,2024-02-13,10.25,10.510000228881836,10.100000381469728,10.420000076293944,769600.0,39.160508832707066,33.26307259348278,30.199922217156022,28.889670221998507,28.023218708164162,1.9,100.0,2.72,8.44
EZPW,2024-02-14,10.449999809265137,10.779999732971191,10.4399995803833,10.75,715700.0,39.75208398864965,32.81749692088658,30.505754092402743,28.921640484610204,27.948464070834294,1.96,100.0,2.78,7.89
EZPW,2024-02-15,10.869999885559082,10.989999771118164,10.6899995803833,10.869999885559082,1277100.0,39.69303904980251,32.71670307998284,30.468710243172982,28.616597876276835,27.80352565668098,2.02,99.0,2.78,7.87
EZPW,2024-02-16,10.899999618530272,10.899999618530272,10.649999618530272,10.68000030517578,1377200.0,40.28414872923465,32.907851113640604,30.629512632039752,28.487707837471067,27.84867188469694,2.07,100.0,2.46,7.76
EZPW,2024-02-20,10.6899995803833,10.960000038146973,10.600000381469728,10.960000038146973,677500.0,40.15503873371511,33.03572446260992,30.779443917892756,28.620899913127936,27.962432635871586,2.14,100.0,2.31,7.44
EZPW,2024-02-21,10.9399995803833,11.050000190734863,10.489999771118164,10.619999885559082,993000.0,41.77069553115074,33.83942399569211,31.046361511793926,28.799108641714405,28.147717808150606,2.2,100.0,1.94,7.37
EZPW,2024-02-22,10.649999618530272,10.729999542236328,10.460000038146973,10.630000114440918,702700.0,41.23299530162651,33.79451801498383,31.02676149103048,28.756586968575483,28.072098126306816,2.27,99.0,1.59,7.43
EZPW,2024-02-23,10.6899995803833,10.800000190734863,10.59000015258789,10.710000038146973,324700.0,41.23239078403774,33.53795692942029,30.86154966134848,28.679080743347225,28.080267182435232,2.33,98.0,1.28,7.7
EZPW,2024-02-26,10.75,10.84000015258789,10.550000190734863,10.550000190734863,403400.0,41.54138154889389,33.767876029018524,30.979050177627553,28.64818273011745,28.114725016477575,2.39,98.0,0.97,7.63
EZPW,2024-02-27,10.609999656677246,10.75,10.520000457763672,10.630000114440918,366400.0,41.52708524775635,33.717518040115216,30.974701670850894,28.64249249776096,28.123028152006334,2.45,97.0,0.71,7.59
EZPW,2024-02-28,10.630000114440918,10.720000267028809,10.579999923706056,10.59000015258789,684700.0,41.628093559901735,33.67551430172453,30.975834709792068,28.518529458941792,28.126007003537,2.51,97.0,0.47,7.63
EZPW,2024-02-29,10.609999656677246,10.760000228881836,10.449999809265137,10.489999771118164,702700.0,41.769242559226235,33.591905620626214,31.03257726032509,28.53782515577223,28.13731995501798,2.57,99.0,0.25,7.6
EZPW,2024-03-01,10.520000457763672,10.529999732971191,10.18000030517578,10.229999542236328,946100.0,42.4593618786744,33.016482309228536,31.3351737876274,28.696407454384516,28.25065079697256,2.63,100.0,0.07,7.33
EZPW,2024-03-04,10.229999542236328,10.4399995803833,10.229999542236328,10.270000457763672,460500.0,42.42257234800656,32.9431955454683,31.31038529992359,28.652977903320426,28.251225207877305,2.68,99.0,-0.1,7.33
EZPW,2024-03-05,10.260000228881836,10.5,10.239999771118164,10.4399995803833,266800.0,42.092546947518706,32.51798362459849,31.39284005671909,28.663316759725188,28.24298606266697,2.74,100.0,-0.26,7.17
EZPW,2024-03-06,10.4399995803833,10.479999542236328,10.350000381469728,10.390000343322754,377200.0,42.17759204925521,32.29479052377513,31.412675902858116,28.571907520684235,28.172198448650743,2.79,100.0,-0.41,7.17
EZPW,2024-03-07,10.4399995803833,10.579999923706056,10.380000114440918,10.449999809265137,419400.0,42.175369143732155,32.2992947561484,31.36082837332388,28.54759011344441,28.174225262584983,2.84,98.0,-0.54,7.18
EZPW,2024-03-08,10.539999961853027,10.739999771118164,10.520000457763672,10.600000381469728,315900.0,42.2372921780797,32.35971264260979,31.033313826755954,28.58570296701648,28.200046586700683,2.89,94.0,-0.66,7.41
EZPW,2024-03-11,10.609999656677246,10.68000030517578,10.460000038146973,10.59000015258789,203600.0,42.03824634598416,32.3584915447007,31.014397556446305,28.188905418328584,28.144128847575644,2.93,91.0,-0.76,7.42
EZPW,2024-03-12,10.59000015258789,10.699999809265137,10.449999809265137,10.65999984741211,256500.0,41.966798410254995,31.978817303162494,30.799719749336006,28.1949814706065,28.083282374502495,2.97,86.0,-0.86,7.76
EZPW,2024-03-13,10.649999618530272,10.699999809265137,10.579999923706056,10.600000381469728,231800.0,41.53028602284737,32.02588999570936,30.51949381404683,27.52183776631153,27.89602256637178,3.0,83.0,-0.95,8.05
EZPW,2024-03-14,10.600000381469728,10.600000381469728,10.329999923706056,10.449999809265137,589100.0,41.87903581297899,31.822082679755393,30.369701879698578,27.496803955888943,27.861152879710282,3.03,80.0,-1.04,8.21
EZPW,2024-03-15,10.420000076293944,10.510000228881836,10.3100004196167,10.449999809265137,419800.0,28.47482119576371,31.74988128052455,30.2948060087933,27.49701828954663,27.689251040274154,3.05,79.0,-1.12,8.38
EZPW,2024-03-18,10.40999984741211,10.470000267028809,10.289999961853027,10.289999961853027,363400.0,25.543230395794613,31.939833676194223,30.407123449173916,27.459846406495487,27.719488371893743,3.07,80.0,-1.18,8.27
EZPW,2024-03-19,10.300000190734863,10.539999961853027,10.300000190734863,10.43000030517578,373400.0,24.84064264237588,32.01677910391283,30.40009718003172,27.485453671696767,27.728103351027954,3.1,79.0,-1.25,8.19
EZPW,2024-03-20,10.449999809265137,10.699999809265137,10.350000381469728,10.640000343322754,281900.0,24.104407958068848,32.21302006768471,30.260679615923504,27.571015992871445,27.79092832867347,3.12,76.0,-1.33,8.21
EZPW,2024-03-21,10.699999809265137,10.81999969482422,10.699999809265137,10.710000038146973,429900.0,24.133575858809316,32.14320624450467,29.70337025492561,27.539746332397268,27.76355963713127,3.13,69.0,-1.39,9.06
EZPW,2024-03-22,10.850000381469728,10.920000076293944,10.75,10.779999732971191,457200.0,24.093170749613417,32.142185284013436,29.70765767728175,27.546068400071018,27.65242737419046,3.15,69.0,-1.44,9.03
EZPW,2024-03-25,10.779999732971191,10.850000381469728,10.760000228881836,10.779999732971191,336000.0,23.597891375351317,32.06777622539634,29.64979466549254,27.443330674649367,27.65265164376875,3.16,67.0,-1.49,9.19
EZPW,2024-03-26,10.800000190734863,11.220000267028809,10.760000228881836,11.079999923706056,623100.0,23.799619318609572,32.27462755900225,29.89880098731289,27.480668953352044,27.64865676363422,3.18,69.0,-1.5,8.74
EZPW,2024-03-27,11.270000457763672,11.270000457763672,11.06999969482422,11.100000381469728,400100.0,23.75576425813146,32.251939431819586,29.85339522601388,27.45767947692064,27.598184083995537,3.19,68.0,-1.52,8.77
EZPW,2024-03-28,11.109999656677246,11.380000114440918,10.960000038146973,11.329999923706056,757900.0,22.80331258441105,32.400608394882,29.69462019471955,27.524644580538617,27.666471371489,3.2,65.0,-1.51,9.03
EZPW,2024-04-01,11.380000114440918,11.399999618530272,11.029999732971191,11.109999656677246,550800.0,23.437378452830764,32.753700936684226,29.865872971966574,27.636192394892245,27.74389879812407,3.22,68.0,-1.54,8.91
EZPW,2024-04-02,11.0,11.029999732971191,10.84000015258789,10.90999984741211,464900.0,23.474071642754087,33.053494711112776,30.048099016738455,27.73109285192732,27.808381818837123,3.23,73.0,-1.57,8.71
EZPW,2024-04-03,10.960000038146973,11.020000457763672,10.880000114440918,10.920000076293944,301900.0,22.230221751963022,32.85426296841738,29.77869973940483,27.731113774473737,27.787602815144762,3.24,65.0,-1.6,9.01
EZPW,2024-04-04,10.949999809265137,11.09000015258789,10.6899995803833,10.710000038146973,272400.0,20.98772949278002,33.196350037038016,29.93393764160595,27.586540095790046,27.85093435749413,3.26,68.0,-1.63,8.83
EZPW,2024-04-05,10.710000038146973,10.770000457763672,10.640000343322754,10.640000343322754,346800.0,21.079563644574677,33.00571084682619,29.96709384813448,27.51024476063107,27.860159275639173,3.27,71.0,-1.65,8.82
EZPW,2024-04-08,10.609999656677246,10.869999885559082,10.600000381469728,10.829999923706056,394700.0,21.594639354008212,33.117724198702014,30.021787095918683,27.572852902631627,27.87456201903907,3.28,72.0,-1.68,8.64
EZPW,2024-04-09,10.829999923706056,10.850000381469728,10.68000030517578,10.720000267028809,414400.0,21.338153714062585,33.16896647693569,30.091834334454358,27.598832559980867,27.892277100423556,3.29,73.0,-1.69,8.59
EZPW,2024-04-10,10.670000076293944,11.149999618530272,10.630000114440918,11.050000190734863,1048100.0,22.94839619857583,33.60943649260503,30.046140128640914,27.803873740563844,28.035706460973998,3.3,71.0,-1.7,8.65
EZPW,2024-04-11,11.140000343322754,11.300000190734863,11.010000228881836,11.260000228881836,716900.0,23.444418236228678,33.738063375236635,30.13076480757825,27.834620018995963,28.09290397084483,3.3,73.0,-1.7,8.49
EZPW,2024-04-12,11.220000267028809,11.289999961853027,10.699999809265137,10.850000381469728,639200.0,25.86449481057932,34.756063472251356,30.222285765216323,28.19799065284713,28.30371321074981,3.3,75.0,-1.71,8.42
EZPW,2024-04-15,10.869999885559082,11.100000381469728,10.739999771118164,10.81999969482422,468600.0,24.679809066160583,34.629305727241494,30.170543153694705,28.14447693734185,28.282501593911103,3.3,72.0,-1.72,8.47
EZPW,2024-04-16,10.949999809265137,11.279999732971191,10.81999969482422,11.260000228881836,728500.0,27.026097537795028,35.37920776649355,30.647575447734322,28.510751255191735,28.552257414330263,3.31,84.0,-1.7,7.82
EZPW,2024-04-17,11.350000381469728,11.350000381469728,10.960000038146973,11.0600004196167,451300.0,27.382295468961072,35.37683894014697,30.73547091020577,28.59920261002481,28.60425092868114,3.32,84.0,-1.7,7.73
EZPW,2024-04-18,11.050000190734863,11.0600004196167,10.93000030517578,10.960000038146973,616500.0,27.50152807056975,35.47060468727428,30.787531106107885,28.623462005792792,28.57145818724169,3.32,85.0,-1.7,7.69
EZPW,2024-04-19,10.899999618530272,11.239999771118164,10.899999618530272,11.199999809265137,823300.0,28.081548632496794,35.655912655683366,30.907224668881767,28.57685856623691,28.6481768609583,3.33,87.0,-1.69,7.44
EZPW,2024-04-22,11.260000228881836,11.279999732971191,11.149999618530272,11.15999984741211,367900.0,27.89755471423996,35.69165297056624,30.776303208631443,27.606089418906386,28.53100605551132,3.33,82.0,-1.69,7.56
EZPW,2024-04-23,11.18000030517578,11.5,11.18000030517578,11.470000267028809,760600.0,28.85567636614439,35.89688468795304,31.01041284517582,27.66540205161401,28.490357943244575,3.33,90.0,-1.68,7.18
EZPW,2024-04-24,11.460000038146973,11.520000457763672,11.359999656677246,11.5,481800.0,28.831651615956645,35.8358642376685,30.98143110646636,27.651829880245355,28.489790677240954,3.33,89.0,-1.67,7.19
EZPW,2024-04-25,11.31999969482422,11.420000076293944,10.9399995803833,11.06999969482422,521400.0,31.07897375878106,36.62329083074673,31.61207184054449,28.004837981541364,28.752170897339123,3.33,100.0,-1.67,6.76
EZPW,2024-04-26,11.18000030517578,11.399999618530272,11.119999885559082,11.359999656677246,393100.0,31.48999707126057,36.85505758617376,31.68131603106107,28.13405759190262,28.845915585610115,3.34,100.0,-1.65,6.67
EZPW,2024-04-29,11.43000030517578,11.470000267028809,11.029999732971191,11.18000030517578,520000.0,31.949555142497026,30.008543517810583,31.121592461117636,28.176930228887187,28.8938651978486,3.35,93.0,-1.63,7.39
EZPW,2024-04-30,11.15999984741211,11.15999984741211,10.970000267028809,10.979999542236328,681700.0,32.0843745251746,28.77416121131154,31.247862496776957,28.268342484989272,28.905921222008363,3.35,93.0,-1.61,7.26
EZPW,2024-05-01,10.899999618530272,11.09000015258789,10.770000457763672,11.029999732971191,673000.0,31.91349797975726,28.37789411292758,30.92556937786845,28.10587958366682,28.847933492344936,3.36,81.0,-1.58,7.55
EZPW,2024-05-02,10.6899995803833,10.6899995803833,9.800000190734863,10.539999961853027,1342300.0,34.23708363755235,29.410621938979713,31.672237424394538,28.642157218460884,29.21072606256131,3.37,99.0,-1.54,7.12
EZPW,2024-05-03,10.539999961853027,10.539999961853027,10.289999961853027,10.43000030517578,936900.0,34.29622808615714,29.501413355822937,31.733700342525196,28.505008733408083,29.232305794143755,3.38,100.0,-1.5,7.08
EZPW,2024-05-06,10.449999809265137,10.520000457763672,10.300000190734863,10.31999969482422,563900.0,34.33418261839356,29.57670903074358,31.788482085498792,28.53799050423807,29.205462658781617,3.38,100.0,-1.46,7.04
EZPW,2024-05-07,10.329999923706056,10.6899995803833,10.329999923706056,10.380000114440918,1015600.0,34.39656415834927,29.35216342257691,31.791513438461504,28.540882998379914,28.482531471233585,3.39,100.0,-1.41,7.01
EZPW,2024-05-08,10.300000190734863,10.460000038146973,10.170000076293944,10.34000015258789,580900.0,33.30538154970979,28.90045234215303,31.53866786697204,28.53087910889996,28.420809939342504,3.39,94.0,-1.36,7.41
EZPW,2024-05-09,10.300000190734863,10.369999885559082,10.199999809265137,10.329999923706056,533100.0,33.285361709325656,28.895488598669505,31.541049474276928,28.52862809438783,28.405543700637274,3.4,94.0,-1.31,7.41
EZPW,2024-05-10,10.3100004196167,10.390000343322754,10.149999618530272,10.260000228881836,661000.0,32.58602585523065,28.176362474761834,31.35317777964627,28.515807695067718,28.381381507282562,3.4,89.0,-1.24,7.6
EZPW,2024-05-13,10.270000457763672,10.470000267028809,10.270000457763672,10.3100004196167,399000.0,32.2927196650809,28.09290464110336,31.2982061150663,28.511947960189737,28.355259242347387,3.4,86.0,-1.18,7.7
EZPW,2024-05-14,10.369999885559082,10.380000114440918,10.260000228881836,10.34000015258789,476000.0,31.979901394081857,27.884349202347174,31.276111061968226,28.50719543376638,28.320200639086696,3.4,85.0,-1.11,7.75
EZPW,2024-05-15,10.359999656677246,10.390000343322754,10.109999656677246,10.210000038146973,633700.0,32.1216497972138,27.439687373419634,31.35571135583447,28.55246208437246,28.35141768080443,3.4,89.0,-1.04,7.68
EZPW,2024-05-16,10.220000267028809,10.270000457763672,10.149999618530272,10.15999984741211,570000.0,31.720184586782064,26.715730937520878,31.36970197929225,28.56052165724116,28.356259566774195,3.4,90.0,-0.97,7.69
EZPW,2024-05-17,10.199999809265137,10.260000228881836,10.039999961853027,10.229999542236328,1071000.0,31.782195695864036,26.75919589351191,31.347784636675115,28.394736150392518,28.360423753653112,3.39,86.0,-0.88,7.67
EZPW,2024-05-20,10.18000030517578,10.260000228881836,10.010000228881836,10.010000228881836,427900.0,31.787910336214985,27.04875271793266,31.55003761861444,28.501369780495967,28.447780840210267,3.36,94.0,-0.81,7.51
EZPW,2024-05-21,10.039999961853027,10.1899995803833,10.010000228881836,10.050000190734863,362700.0,31.75985760508684,26.911180674150316,31.520139231579424,28.503369868350486,28.449856584536636,3.33,91.0,-0.72,7.51
EZPW,2024-05-22,10.0,10.140000343322754,9.93000030517578,9.970000267028809,572800.0,30.26191239501874,26.893411422238355,31.478417798100633,28.367545934969613,28.458094228257387,3.29,90.0,-0.62,7.55
EZPW,2024-05-23,10.0,10.100000381469728,9.899999618530272,9.979999542236328,556200.0,29.55558056699657,26.890718704402474,31.473227211983147,28.367542583502875,28.453543979448387,3.25,89.0,-0.52,7.55
EZPW,2024-05-24,9.979999542236328,10.210000038146973,9.979999542236328,10.199999809265137,374600.0,28.747546466627615,27.230847430368048,31.63474932281407,28.455312660541782,28.388807067560034,3.2,95.0,-0.39,7.27
EZPW,2024-05-28,10.170000076293944,10.380000114440918,10.170000076293944,10.239999771118164,555200.0,28.79841392586918,26.75495875766467,31.633894966815845,28.456680475010526,28.390490631065173,3.16,94.0,-0.26,7.26
EZPW,2024-05-29,10.229999542236328,10.329999923706056,10.130000114440918,10.199999809265137,341700.0,25.94402317987775,26.754420050591186,31.64309569581734,28.453870890028515,28.2644773060849,3.11,95.0,-0.11,7.25
EZPW,2024-05-30,10.229999542236328,10.399999618530272,10.210000038146973,10.289999961853027,383900.0,25.789902581103092,26.598254586002678,31.565370206043795,28.44306349606354,28.028701340758715,3.05,91.0,0.05,7.28
EZPW,2024-05-31,10.300000190734863,10.5600004196167,10.270000457763672,10.489999771118164,479900.0,26.45126979629233,26.87738328109231,31.676397247057274,28.511381114807598,27.936847825864636,2.99,96.0,0.24,7.11
EZPW,2024-06-03,10.5600004196167,10.579999923706056,10.300000190734863,10.31999969482422,314700.0,25.850764455569823,27.061658517167984,31.676429722183652,28.58938564765233,27.981584019499202,2.92,96.0,0.43,7.11
EZPW,2024-06-04,10.239999771118164,10.380000114440918,10.210000038146973,10.25,410700.0,25.87690828149478,26.92480588770764,31.690504976911036,28.58642014887324,27.923841178682828,2.84,97.0,0.63,7.13
EZPW,2024-06-05,10.31999969482422,10.460000038146973,10.229999542236328,10.359999656677246,248200.0,24.601439788214932,27.02282790564726,31.689734167338045,28.5743882010007,27.912362358458964,2.76,96.0,0.86,7.08
EZPW,2024-06-06,10.359999656677246,10.479999542236328,10.329999923706056,10.420000076293944,352700.0,24.685456236720377,27.014400197391915,31.694569113391495,28.57686203830525,27.84965431060376,2.68,97.0,1.11,7.07
EZPW,2024-06-07,10.369999885559082,10.5,10.359999656677246,10.479999542236328,348100.0,22.483861085189936,27.020398758905973,31.700125825532677,28.580526413107975,27.78107974738911,2.59,97.0,1.39,7.05
EZPW,2024-06-10,10.420000076293944,10.449999809265137,10.029999732971191,10.270000457763672,659900.0,21.499632247452112,27.180941228330525,31.879617535910587,28.686403034271322,27.847107872187816,2.49,100.0,1.67,6.89
EZPW,2024-06-11,10.1899995803833,10.239999771118164,10.0600004196167,10.199999809265137,420000.0,21.19496654244208,27.213948835086832,31.835103120582207,28.67650172182016,27.765834973735863,2.39,99.0,1.9,6.93
EZPW,2024-06-12,10.270000457763672,10.40999984741211,10.25,10.300000190734863,416200.0,21.017175961718195,27.109277412818493,31.857807476949517,28.67441677035722,27.773611509170117,2.28,99.0,2.11,6.87
EZPW,2024-06-13,10.31999969482422,10.359999656677246,10.149999618530272,10.170000076293944,403600.0,21.135251527726943,27.084140756901103,31.6892347726128,28.69702618405067,27.798745485412034,2.17,90.0,2.42,7.18
EZPW,2024-06-14,10.100000381469728,10.1899995803833,10.010000228881836,10.029999732971191,350600.0,17.202449180470023,26.884145934271693,31.783518354458995,28.597028644736195,27.804595909109885,2.05,95.0,2.68,7.1
EZPW,2024-06-17,10.0,10.229999542236328,9.899999618530272,10.210000038146973,369300.0,17.879061698754946,27.116195367804924,31.885210505460844,28.645402659009267,27.824483406843452,1.91,100.0,3.0,6.94
EZPW,2024-06-18,10.199999809265137,10.399999618530272,10.170000076293944,10.31999969482422,409400.0,17.921707452835445,27.178181590277212,31.914585961224034,28.547962305819237,27.771568982928528,1.76,100.0,3.36,6.89
EZPW,2024-06-20,10.329999923706056,10.460000038146973,10.170000076293944,10.18000030517578,438400.0,18.25875770578623,27.30642849749089,31.96101563280458,28.593202171852305,27.789709156645092,1.58,100.0,3.47,6.84
EZPW,2024-06-21,10.170000076293944,10.260000228881836,10.079999923706056,10.109999656677246,1038300.0,18.326340311002916,26.680565949015307,31.917738925930756,28.603509012241226,27.797509020078014,1.36,99.0,3.55,6.96
EZPW,2024-06-24,10.100000381469728,10.34000015258789,10.100000381469728,10.270000457763672,560500.0,18.935828283343767,26.90575935689474,31.856218298486205,28.64266675878261,27.53952132721108,1.11,94.0,2.72,6.93
EZPW,2024-06-25,10.300000190734863,10.350000381469728,10.149999618530272,10.149999618530272,229800.0,19.1393318855778,26.59970213587815,31.917730404500468,28.683324983757323,27.566115398050584,0.76,98.0,-0.37,6.88
EZPW,2024-06-26,10.220000267028809,10.40999984741211,10.220000267028809,10.329999923706056,421200.0,19.784783875428385,26.630028885994466,27.018411519442054,28.749330528412255,27.129992609769854,0.82,1.0,-0.5,0.13
EZPW,2024-06-27,10.329999923706056,10.350000381469728,10.140000343322754,10.220000267028809,338600.0,20.006988220259274,26.470596827787613,25.999666745933776,28.77127189042158,27.094827491919915,0.95,1.0,-0.48,-0.07
EZPW,2024-06-28,10.270000457763672,10.479999542236328,10.220000267028809,10.470000267028809,314000.0,20.873082315067457,26.97000298248895,25.99066875664619,28.89972893137237,27.194006517355323,1.06,1.0,-0.48,-0.07
EZPW,2024-07-01,10.529999732971191,10.56999969482422,10.31999969482422,10.34000015258789,461600.0,21.168243848094072,26.801571604249542,25.717745154690107,28.94513691483131,27.146135816165483,1.17,1.0,-0.45,-0.02
EZPW,2024-07-02,10.34000015258789,10.4399995803833,10.260000228881836,10.329999923706056,553900.0,21.0878760474671,26.772844693251415,25.718485827406685,28.9178881277238,27.136232284231426,1.27,2.0,-0.43,-0.02
EZPW,2024-07-03,10.329999923706056,10.399999618530272,10.15999984741211,10.25,215200.0,20.1873615326048,26.541515545611404,25.74149624834533,28.72658982743883,27.147987675604195,1.37,3.0,-0.41,-0.03
EZPW,2024-07-05,10.149999618530272,10.25,10.010000228881836,10.06999969482422,299000.0,20.8575722959833,26.697921672464297,25.723854107122122,28.80544977932421,27.18636624681265,1.45,3.0,-0.42,-0.03
EZPW,2024-07-08,10.09000015258789,10.140000343322754,9.90999984741211,9.989999771118164,403200.0,20.857037788575973,25.91869392848422,25.4302472207966,28.676800022107813,27.199952342400575,1.54,1.0,-0.45,0.04
EZPW,2024-07-09,10.029999732971191,10.029999732971191,9.649999618530272,9.710000038146973,626100.0,22.427403432298824,26.130147252114433,25.81291880482247,28.728569216665555,27.275654277814294,1.62,6.0,-0.41,-0.05
EZPW,2024-07-10,9.75,9.899999618530272,9.710000038146973,9.8100004196167,467100.0,21.646548694062286,25.236729509413315,25.364754518863542,28.60961198343545,27.187134913020593,1.7,1.0,-0.4,-0.0
EZPW,2024-07-11,9.800000190734863,10.140000343322754,9.800000190734863,10.130000114440918,349800.0,23.68206056972709,26.166958773525618,25.83267166352657,28.786310271060383,27.356355822302568,1.76,8.0,-0.37,-0.04
EZPW,2024-07-12,10.149999618530272,10.229999542236328,10.0600004196167,10.109999656677246,390700.0,23.663444856143986,24.735456279267943,25.690675529776957,28.779100840591337,27.33566462178438,1.83,3.0,-0.37,0.01
EZPW,2024-07-15,10.229999542236328,10.260000228881836,10.130000114440918,10.130000114440918,245100.0,23.518249956470157,24.51655290194505,25.342638325036827,28.75359356860889,27.334526867524715,1.89,1.0,-0.32,0.1
EZPW,2024-07-16,10.130000114440918,10.3100004196167,10.130000114440918,10.220000267028809,261200.0,22.944465965231952,24.55387238839033,24.903126431013575,28.633400720699477,27.345549587955137,1.97,1.0,-0.31,0.18
EZPW,2024-07-17,10.199999809265137,10.369999885559082,10.15999984741211,10.25,559200.0,22.4907354426783,24.106108012929344,24.90782467660717,28.27673424550256,27.3464866144696,2.04,2.0,-0.31,0.18
EZPW,2024-07-18,10.25,10.359999656677246,10.140000343322754,10.289999961853027,480800.0,22.432485297611205,24.12693265877026,24.88543475594471,28.27830780653463,27.160650822809014,2.11,1.0,-0.28,0.19
EZPW,2024-07-19,10.25,10.25,9.989999771118164,10.0,859500.0,23.680189379439103,24.005206926830603,25.179317663140306,28.45362306056005,27.24740682990078,2.17,4.0,-0.3,0.13
EZPW,2024-07-22,10.0,10.109999656677246,9.90999984741211,10.100000381469728,521300.0,23.817264573272823,24.11601134835767,25.201775743658544,28.463289158262395,27.25830851563623,2.22,5.0,-0.3,0.12
EZPW,2024-07-23,10.079999923706056,10.170000076293944,10.010000228881836,10.079999923706056,384000.0,23.73121236499171,22.92312009085154,25.197489223938135,28.447808874864165,27.2545914219886,2.27,5.0,-0.31,0.13
EZPW,2024-07-24,10.06999969482422,10.15999984741211,9.979999542236328,10.050000190734863,431800.0,23.051407959800937,22.20017162730213,25.159510451138388,28.2578655781263,27.243924797545944,2.32,4.0,-0.33,0.15
EZPW,2024-07-25,10.130000114440918,10.399999618530272,10.06999969482422,10.34000015258789,557100.0,24.463098634093488,22.866136619294533,25.25874681211231,28.408606441932925,27.356173743984602,2.36,8.0,-0.32,0.15
EZPW,2024-07-26,10.4399995803833,10.4399995803833,10.109999656677246,10.31999969482422,659800.0,24.311009751074735,22.598897042030142,25.253418748970685,28.410868182712978,27.355775837502822,2.4,8.0,-0.32,0.16
EZPW,2024-07-29,10.3100004196167,10.350000381469728,10.029999732971191,10.119999885559082,416600.0,24.702768639561672,22.883278410222893,25.305778138114576,28.377484305136246,27.390041290077615,2.44,10.0,-0.33,0.13
EZPW,2024-07-30,10.170000076293944,10.43000030517578,10.170000076293944,10.380000114440918,379000.0,25.418697933311922,21.634336739814472,25.620736325848974,28.49914538396569,27.499015716752545,2.47,14.0,-0.33,0.05
EZPW,2024-07-31,10.460000038146973,10.640000343322754,10.260000228881836,10.420000076293944,406400.0,24.94214420387158,21.543935133381588,25.61157626288711,28.497636878645,27.500508892858832,2.5,14.0,-0.33,0.05
EZPW,2024-08-01,10.579999923706056,10.9399995803833,10.34000015258789,10.489999771118164,623000.0,24.828503721718246,21.47242443163628,25.532292181571904,28.486562319232494,27.506843940172192,2.53,14.0,-0.32,0.09
EZPW,2024-08-02,10.640000343322754,11.420000076293944,10.609999656677246,11.06999969482422,947600.0,28.850275413123015,24.09508392588103,26.928129085657993,29.154072401533586,27.910971097692773,2.54,26.0,-0.42,0.5
EZPW,2024-08-05,10.899999618530272,11.270000457763672,10.6899995803833,11.140000343322754,578100.0,28.71825459591119,24.096235893086774,26.92651332065304,28.93196009491284,27.1987523341382,2.55,26.0,-0.5,0.51
EZPW,2024-08-06,11.050000190734863,11.220000267028809,10.789999961853027,10.850000381469728,498200.0,29.70341756387735,24.749583421116693,27.245031303238186,29.098787570730124,27.25193115180453,2.55,29.0,-0.55,0.41
EZPW,2024-08-07,10.899999618530272,11.270000457763672,10.890000343322754,11.210000038146973,510300.0,30.70886554941412,25.538385283898755,27.62472601837344,29.024862270039538,27.42780560770437,2.56,30.0,-0.65,0.33
EZPW,2024-08-08,11.31999969482422,11.65999984741211,11.289999961853027,11.34000015258789,739100.0,30.514088767206765,25.61260412509869,27.67785307383745,29.01683188462917,27.424406153469604,2.56,31.0,-0.73,0.3
EZPW,2024-08-09,11.520000457763672,11.59000015258789,11.399999618530272,11.420000076293944,523900.0,30.248127059824597,25.635609173753025,27.57170077723638,28.959126668033313,27.414576917277888,2.57,30.0,-0.79,0.33
EZPW,2024-08-12,11.56999969482422,11.579999923706056,11.4399995803833,11.479999542236328,610000.0,29.626296257918355,25.470794319859763,27.507645050434142,28.91607253258951,27.396535564489522,2.57,30.0,-0.83,0.36
EZPW,2024-08-13,11.5,11.75,11.420000076293944,11.59000015258789,565300.0,29.306926114190578,25.476587892871038,27.374270541856298,28.928237064466,27.409716046498485,2.58,30.0,-0.82,0.42
EZPW,2024-08-14,11.6899995803833,11.710000038146973,11.3100004196167,11.350000381469728,384000.0,30.14801651910983,25.892178638030927,27.575455619415624,29.04311796761417,27.37789674110576,2.59,33.0,-0.88,0.35
EZPW,2024-08-15,11.489999771118164,11.579999923706056,11.350000381469728,11.399999618530272,333800.0,29.971011051130446,25.4301276242695,27.565897732635204,28.968353862216844,27.37917182962469,2.59,32.0,-0.94,0.36
EZPW,2024-08-16,11.43000030517578,11.8100004196167,11.399999618530272,11.800000190734863,957900.0,30.565990939824832,26.27738883081891,28.086781440753278,29.222915897771546,27.455610401683582,2.59,37.0,-0.81,0.24
EZPW,2024-08-19,11.81999969482422,12.010000228881836,11.649999618530272,12.0,594600.0,30.47551868226737,26.338805432992434,27.880813845851954,29.26257856841899,27.499461008604687,2.6,37.0,-0.52,0.29
EZPW,2024-08-20,11.970000267028809,12.0,11.6899995803833,11.729999542236328,509500.0,29.956909200207253,26.864039917330302,28.129757265164578,29.364618262604917,27.602281659532483,2.6,39.0,-0.51,0.22
EZPW,2024-08-21,11.739999771118164,12.010000228881836,11.609999656677246,11.699999809265137,353400.0,30.040145323379985,26.58630789911416,27.95096525182043,29.275395014966517,27.592586628159026,2.6,38.0,-0.49,0.3
EZPW,2024-08-22,11.6899995803833,11.81999969482422,11.56999969482422,11.75,181300.0,28.993494006379546,26.587321245632072,27.774028150551246,28.83718817526722,27.592114116386,2.6,37.0,-0.49,0.35
EZPW,2024-08-23,11.710000038146973,11.859999656677246,11.619999885559082,11.850000381469728,527400.0,28.93485865289253,26.585024793515004,27.638462957697314,28.825495680465796,27.5822018604978,2.61,36.0,-0.51,0.39
EZPW,2024-08-26,11.93000030517578,12.0,11.770000457763672,11.800000190734863,264500.0,29.05231171434685,26.58737285445727,27.65010109665399,28.6501181890715,27.58140917205192,2.61,37.0,-0.56,0.39
EZPW,2024-08-27,11.75,11.949999809265137,11.670000076293944,11.760000228881836,272500.0,29.131205875705586,26.374292229450568,27.468638447270592,28.542148133975974,27.581509389764957,2.62,31.0,-0.64,0.46
EZPW,2024-08-28,11.670000076293944,11.84000015258789,11.670000076293944,11.760000228881836,418800.0,29.158858029265783,26.102736147064565,27.442820769362093,28.542756236578082,27.581509389764957,2.62,31.0,-0.73,0.47
EZPW,2024-08-29,11.789999961853027,11.859999656677246,11.68000030517578,11.800000190734863,487200.0,29.160237725858636,26.036427320824657,27.31491154599321,28.53952081110637,27.582121332895614,2.63,30.0,-0.79,0.53
EZPW,2024-08-30,11.829999923706056,12.229999542236328,11.829999923706056,12.220000267028809,454900.0,28.69625347525072,26.832481494641574,27.78659685810713,28.807327114838266,27.655929970911163,2.63,43.0,-0.71,0.42
EZPW,2024-09-03,12.119999885559082,12.210000038146973,11.899999618530272,11.90999984741211,352800.0,30.165654000706056,27.449082083863903,27.720720433458613,28.83181685609038,27.772005491467045,2.63,42.0,-0.75,0.45
EZPW,2024-09-04,11.880000114440918,12.029999732971191,11.81999969482422,11.890000343322754,258500.0,30.15928447081575,27.450643385390595,27.57106985375102,28.834403437094068,27.773352891038382,2.63,36.0,-0.78,0.52
EZPW,2024-09-05,11.890000343322754,12.0,11.649999618530272,11.869999885559082,742600.0,30.12990165273805,27.06618908040651,26.905680973166813,28.705296291469047,27.657439556194852,2.64,26.0,-0.85,0.61
EZPW,2024-09-06,11.84000015258789,11.949999809265137,11.479999542236328,11.529999732971191,689500.0,30.931438886579,27.76480085558643,27.317502852364058,28.899360329098993,27.825376982195856,2.64,32.0,-0.93,0.5
EZPW,2024-09-09,11.529999732971191,11.600000381469728,11.18000030517578,11.1899995803833,562200.0,32.39871426193155,28.47611435171775,27.011587669569657,29.122893330716,27.98743894063494,2.64,29.0,-0.92,0.5
EZPW,2024-09-10,11.220000267028809,11.329999923706056,10.93000030517578,11.100000381469728,468500.0,31.87931406490571,28.394056146249497,26.890830702405953,29.143477253219874,28.002714821391077,2.64,26.0,-0.92,0.55
EZPW,2024-09-11,11.09000015258789,11.100000381469728,10.81999969482422,10.880000114440918,399400.0,31.836039625638783,28.563484871058996,27.040850329990757,29.250337981170443,28.076580600704638,2.64,32.0,-0.92,0.49
EZPW,2024-09-12,10.970000267028809,11.15999984741211,10.920000076293944,10.970000267028809,414600.0,31.888750457539413,28.395407513149767,26.849494761328437,29.243084785253004,28.068092913381886,2.64,26.0,-0.89,0.57
EZPW,2024-09-13,10.979999542236328,11.15999984741211,10.970000267028809,11.0,492300.0,31.855625980648878,28.32814430477554,26.848014589402485,29.236205384817854,28.06155793702662,2.64,26.0,-0.87,0.57
EZPW,2024-09-16,11.0,11.119999885559082,10.779999732971191,10.800000190734863,378200.0,28.233498860230632,28.448314135554103,26.634718894683107,29.307974787018743,28.129979295200343,2.64,26.0,-0.8,0.65
EZPW,2024-09-17,10.8100004196167,11.18000030517578,10.8100004196167,11.170000076293944,517100.0,29.900254959241813,29.174473438011432,27.181325969542097,29.51527511606258,28.30331048147719,2.63,36.0,-0.76,0.51
EZPW,2024-09-18,11.1899995803833,11.1899995803833,10.880000114440918,10.90999984741211,294900.0,29.693434143511194,29.475180735411588,26.76078205137593,29.659063266923237,28.389749895365508,2.62,27.0,-0.74,0.5
EZPW,2024-09-19,10.970000267028809,10.979999542236328,10.800000190734863,10.850000381469728,339000.0,28.084895287879796,29.387416200308103,26.446331441532188,29.66690597482672,28.396766769624854,2.61,26.0,-0.68,0.63
EZPW,2024-09-20,10.84000015258789,10.979999542236328,10.760000228881836,10.770000457763672,782700.0,27.881007869753223,29.235061626345676,26.353193428111947,29.683135408195334,28.409741321230918,2.61,26.0,-0.63,0.67
EZPW,2024-09-23,10.800000190734863,11.050000190734863,10.779999732971191,11.020000457763672,332900.0,28.68511356937961,29.486946147930222,26.45661406597019,29.793248402899724,28.48520996540817,2.6,28.0,-0.64,0.61
EZPW,2024-09-24,10.90999984741211,10.9399995803833,10.630000114440918,10.729999542236328,539300.0,29.541676631651985,29.63992514751135,26.783204810108526,29.92313573088242,28.604319282082148,2.6,31.0,-0.61,0.52
EZPW,2024-09-25,10.800000190734863,10.800000190734863,10.600000381469728,10.640000343322754,499500.0,29.377026909646396,29.575901643907354,25.82160953764239,29.9370843586454,28.606496869883312,2.59,23.0,-0.61,0.42
EZPW,2024-09-26,10.65999984741211,10.75,10.5600004196167,10.68000030517578,315500.0,28.924861700447874,29.581874559606796,25.77192507817575,29.86610431600562,28.589324149763602,2.58,22.0,-0.62,0.43
EZPW,2024-09-27,10.729999542236328,10.899999618530272,10.6899995803833,10.81999969482422,387900.0,29.198161536814986,29.638747614274237,25.7918783981773,29.887304635859124,28.50000777465162,2.57,23.0,-0.64,0.39
EZPW,2024-09-30,10.829999923706056,11.300000190734863,10.829999923706056,11.210000038146973,967000.0,29.29881126298773,30.20762755071565,26.369408250612448,30.141664412095608,28.69141429808215,2.55,30.0,-0.7,0.27
EZPW,2024-10-01,11.210000038146973,11.31999969482422,11.15999984741211,11.229999542236328,733700.0,28.79290920559907,30.139034435778623,26.359400405485054,30.140752193256144,28.60639743486621,2.53,30.0,-0.76,0.27
EZPW,2024-10-02,11.260000228881836,11.3100004196167,10.890000343322754,11.100000381469728,440700.0,28.279359233986558,29.60805736266307,26.432269324384883,30.180791451146654,28.628828959718355,2.52,32.0,-0.79,0.25
EZPW,2024-10-03,11.100000381469728,11.119999885559082,10.859999656677246,10.949999809265137,342100.0,28.48425213387802,29.735467163882873,26.503535375266456,30.2247220551022,28.662928718588383,2.5,35.0,-0.81,0.23
EZPW,2024-10-04,11.100000381469728,11.489999771118164,11.100000381469728,11.399999618530272,407700.0,30.996475569769068,30.1353762858161,27.232886445315163,30.53112717225439,28.920348118408945,2.48,49.0,-0.88,0.15
EZPW,2024-10-07,11.5,11.5,11.210000038146973,11.329999923706056,392000.0,30.89746317033785,30.170935577762865,27.254792847397123,30.544602917971247,28.929800728187782,2.46,51.0,-0.94,0.15
EZPW,2024-10-08,11.329999923706056,11.329999923706056,11.020000457763672,11.18000030517578,594500.0,31.079403099564118,30.33184494574192,27.263558976151568,30.4465452299959,28.966018583099824,2.44,52.0,-0.97,0.14
EZPW,2024-10-09,11.239999771118164,11.3100004196167,11.130000114440918,11.260000228881836,423500.0,31.181970735600945,30.316484794648396,27.265162772876174,30.453533544895645,28.963304032312244,2.41,53.0,-1.0,0.13
EZPW,2024-10-10,11.279999732971191,11.380000114440918,11.199999809265137,11.380000114440918,349000.0,31.375517865279466,30.371401573976275,27.291950977714553,30.470483135975535,28.97833355939692,2.39,54.0,-1.05,0.12
EZPW,2024-10-11,11.43000030517578,11.539999961853027,11.329999923706056,11.34000015258789,263100.0,31.353530388412835,30.386982356877258,27.056665837683802,30.474006924118623,28.981982672452855,2.36,48.0,-1.07,0.17
EZPW,2024-10-14,11.350000381469728,11.350000381469728,11.1899995803833,11.260000228881836,412500.0,29.432915782016906,29.78756392665111,27.085159782217993,30.46457320197976,28.97362893867854,2.33,49.0,-1.09,0.17
EZPW,2024-10-15,11.300000190734863,11.59000015258789,11.260000228881836,11.4399995803833,1251100.0,29.077003172381964,29.879585826587775,27.145111507561015,30.470633765180104,28.859967453626638,2.3,50.0,-1.12,0.12
EZPW,2024-10-16,11.239999771118164,11.770000457763672,11.239999771118164,11.649999618530272,408800.0,29.62212596152774,30.048075463758302,27.275911238693524,30.452798803426024,28.901616451644514,2.27,57.0,-1.16,0.06
EZPW,2024-10-17,11.68000030517578,11.93000030517578,11.579999923706056,11.800000190734863,312300.0,29.875568841426002,30.100998544628766,27.142742121585872,30.474937019673643,28.820490987355203,2.24,50.0,-1.2,0.11
EZPW,2024-10-18,11.779999732971191,11.880000114440918,11.59000015258789,11.600000381469728,332200.0,29.061063415751747,29.881749207719178,27.29877087978795,27.761377095744532,28.762133543822376,2.2,60.0,-1.23,0.07
EZPW,2024-10-21,11.630000114440918,11.6899995803833,11.479999542236328,11.489999771118164,282100.0,27.796781006209077,29.963948283080484,27.340303982471426,27.224871334392493,28.681344003898168,2.16,63.0,-1.25,0.06
EZPW,2024-10-22,11.479999542236328,11.739999771118164,11.449999809265137,11.710000038146973,357400.0,28.142310701617312,29.831104618826483,27.459797804151354,27.16410026086772,28.695732101283383,2.12,66.0,-1.28,0.01
EZPW,2024-10-23,11.699999809265137,11.859999656677246,11.420000076293944,11.550000190734863,513100.0,27.776945113368036,29.623187155636277,27.410234712808762,27.025385630780992,28.729003125394314,2.08,65.0,-1.31,0.06
EZPW,2024-10-24,11.579999923706056,11.699999809265137,11.399999618530272,11.420000076293944,482900.0,27.97244571380292,29.74081695804136,27.34108251662748,27.063135423452856,28.738963810654074,2.04,64.0,-1.31,0.07
EZPW,2024-10-25,11.470000267028809,11.59000015258789,11.359999656677246,11.56999969482422,311400.0,28.176147388996576,29.816387114260962,27.37820424890035,27.096498308479628,28.666467333599428,1.99,66.0,-1.32,0.04
EZPW,2024-10-28,11.619999885559082,11.880000114440918,11.5,11.869999885559082,1116900.0,28.339445005186057,28.225409882244463,27.611025984206634,27.17167792094857,28.5157243974954,1.94,76.0,-1.33,-0.04
EZPW,2024-10-29,11.880000114440918,11.90999984741211,11.630000114440918,11.75,547600.0,27.05402408208949,28.298923017702066,27.662016057523985,27.047421923550598,28.539793972770987,1.89,80.0,-1.35,-0.04
EZPW,2024-10-30,11.729999542236328,11.859999656677246,11.59000015258789,11.649999618530272,270700.0,26.1727975874545,27.796631006666278,27.69529534127467,27.066153107843576,28.52593549042987,1.84,82.0,-1.36,-0.04
EZPW,2024-10-31,11.640000343322754,11.640000343322754,11.369999885559082,11.489999771118164,516900.0,26.494372847739218,27.175052846463803,27.58826119420195,26.873974905307158,28.560366906042074,1.78,76.0,-1.35,-0.02
EZPW,2024-11-01,11.619999885559082,11.760000228881836,11.359999656677246,11.5600004196167,466700.0,26.370413964332318,27.10260925849215,27.569551090493544,26.852288459245056,28.55093032374483,1.72,73.0,-1.33,-0.03
EZPW,2024-11-04,11.479999542236328,11.640000343322754,11.43000030517578,11.529999732971191,358800.0,25.66735309073222,27.072614469326634,27.542286815375057,26.769392759759064,28.418147621870173,1.65,72.0,-1.32,-0.0
EZPW,2024-11-05,11.520000457763672,11.75,11.479999542236328,11.489999771118164,343500.0,24.298663566037916,27.061676694899482,27.46318959543506,26.601237776616514,28.397429279690634,1.59,70.0,-1.29,0.02
EZPW,2024-11-06,11.859999656677246,11.90999984741211,11.56999969482422,11.800000190734863,457300.0,25.067857072914805,27.540758302816055,27.648590240046083,26.512811804271898,28.510990505017496,1.52,83.0,-1.27,-0.06
EZPW,2024-11-07,11.789999961853027,11.789999961853027,11.619999885559082,11.699999809265137,524000.0,25.305804794340993,27.24809291918209,27.57235463067081,26.534604323699266,28.427038801761274,1.44,78.0,-1.25,-0.01
EZPW,2024-11-08,11.699999809265137,11.789999961853027,11.640000343322754,11.720000267028809,324900.0,25.12980921539118,27.237272399442812,27.531617809890584,26.522049752156263,28.40996435233429,1.35,73.0,-1.22,0.02
EZPW,2024-11-11,11.84000015258789,12.029999732971191,11.760000228881836,11.770000457763672,314900.0,23.145929792674362,26.31324423574688,27.431013811595477,26.460977055528655,28.409311982730518,1.25,68.0,-1.19,0.03
EZPW,2024-11-12,11.729999542236328,11.859999656677246,11.6899995803833,11.770000457763672,244100.0,23.150640278167213,26.077952982428442,27.399392193734904,26.448151911629914,28.396338782849313,1.15,67.0,-1.15,0.04
EZPW,2024-11-13,11.8100004196167,12.09000015258789,11.760000228881836,11.850000381469728,566600.0,22.850934475645666,25.69226864875721,27.31829931950564,26.45324028149984,28.40052036063924,1.03,63.0,-1.11,0.08
EZPW,2024-11-14,11.550000190734863,12.1899995803833,11.09000015258789,12.020000457763672,1010200.0,22.603425663013528,25.84635334063656,27.310651701649135,26.474546966650188,28.261637240659297,0.9,61.0,-1.06,0.06
EZPW,2024-11-15,11.949999809265137,12.029999732971191,11.539999961853027,11.920000076293944,759000.0,19.885916059520465,25.896133272486843,27.236811847557274,26.31801272196767,28.263322282949982,0.9,53.0,-1.01,0.11
EZPW,2024-11-18,11.989999771118164,12.109999656677246,11.920000076293944,12.0600004196167,510800.0,19.961728240065234,25.94788623122553,27.214669526782675,26.346768022192812,28.05572641724008,0.9,51.0,-0.96,0.1
EZPW,2024-11-19,11.949999809265137,12.079999923706056,11.84000015258789,12.039999961853027,764200.0,19.459193931233308,25.93410664635531,26.978660897050393,26.283553498744183,28.035244698153537,0.89,43.0,-0.91,0.2
EZPW,2024-11-20,12.0,12.380000114440918,11.970000267028809,12.09000015258789,552800.0,19.41625578412503,25.933807554270178,26.889733982450508,26.278065868951987,27.98735644012983,0.89,38.0,-0.86,0.22
EZPW,2024-11-21,12.06999969482422,12.18000030517578,11.989999771118164,12.09000015258789,402100.0,19.268316792712813,25.933807554270178,26.887854148240393,26.271731291622856,27.95521179848976,0.88,37.0,-0.79,0.22
EZPW,2024-11-22,12.119999885559082,12.640000343322754,12.119999885559082,12.600000381469728,1526000.0,22.293385785788015,27.248289248960013,27.57405322340849,26.659031958451784,28.23594434157543,0.88,83.0,-0.66,0.14
EZPW,2024-11-25,12.710000038146973,12.850000381469728,12.59000015258789,12.619999885559082,676900.0,22.07603892267741,26.318354033549955,27.39122317390911,26.658168639372576,28.228383770722242,0.87,67.0,-0.53,0.18
EZPW,2024-11-26,12.5600004196167,12.5600004196167,12.34000015258789,12.539999961853027,455200.0,21.960341128959872,25.78815803509456,27.37704661708574,26.66380135029458,28.184764046647214,0.86,65.0,-0.46,0.19
EZPW,2024-11-27,12.579999923706056,12.760000228881836,12.579999923706056,12.649999618530272,511600.0,21.56159988387481,25.832632484045792,26.948473568547566,26.668373605338203,28.192913940076238,0.85,39.0,-0.45,0.24
EZPW,2024-11-29,12.729999542236328,12.81999969482422,12.600000381469728,12.800000190734863,234500.0,21.522818890802007,25.919517576661722,26.96065332454513,26.636922075392977,28.20259195081801,0.84,39.0,-0.39,0.24
EZPW,2024-12-02,12.800000190734863,12.800000190734863,12.470000267028809,12.649999618530272,424000.0,21.15021530054993,25.290607670478497,26.6390820694571,26.680424368231492,28.199419390605723,0.83,27.0,-0.34,0.35
EZPW,2024-12-03,12.59000015258789,12.619999885559082,12.460000038146973,12.56999969482422,229200.0,21.007442866500543,24.485882656958935,26.66561308137883,26.622962732563327,28.1392169654623,0.82,27.0,-0.31,0.34
EZPW,2024-12-04,12.579999923706056,12.739999771118164,12.4399995803833,12.640000343322754,274300.0,20.47422771456196,24.40700081116667,26.67097046394973,26.587395435265464,27.813176159295157,0.81,27.0,-0.28,0.34
EZPW,2024-12-05,12.640000343322754,12.729999542236328,12.40999984741211,12.510000228881836,447300.0,20.260452531138945,24.110000306125094,26.723356736308723,26.526180939773074,27.82205872433981,0.78,27.0,-0.26,0.34
EZPW,2024-12-06,12.609999656677246,12.609999656677246,12.119999885559082,12.260000228881836,545900.0,20.94362581498663,24.512700773887993,26.954313491495608,26.634395894164708,27.774034785414404,0.75,38.0,-0.22,0.28
EZPW,2024-12-09,12.210000038146973,12.390000343322754,12.09000015258789,12.109999656677246,295200.0,21.108565532429868,24.682920725188374,27.0447193829972,26.670158594351733,27.720928867620902,0.72,42.0,-0.17,0.26
EZPW,2024-12-10,12.079999923706056,12.220000267028809,12.029999732971191,12.170000076293944,867800.0,19.873957703941883,24.33793542800966,26.611462953431374,26.674883257721856,27.72311880639248,0.7,20.0,-0.19,0.32
EZPW,2024-12-11,12.25,12.359999656677246,12.109999656677246,12.300000190734863,450900.0,19.787772349949716,23.49965987845725,26.616834616759384,26.51091357453582,27.73621916510058,0.68,20.0,-0.2,0.32
EZPW,2024-12-12,12.300000190734863,12.460000038146973,12.239999771118164,12.279999732971191,258900.0,19.582275967945055,22.919535059142362,26.615552847883343,26.511793070429967,27.736695013146207,0.65,19.0,-0.24,0.32
EZPW,2024-12-13,12.34000015258789,12.34000015258789,12.06999969482422,12.199999809265137,273600.0,19.18801932621638,22.93473375282885,26.63837485481464,26.41827474758452,27.625123447484867,0.63,21.0,-0.32,0.31
EZPW,2024-12-16,12.199999809265137,12.43000030517578,11.949999809265137,11.989999771118164,317300.0,19.942944589021096,23.1976705411476,26.470076144445372,26.39564527376747,27.687767523855427,0.6,15.0,-0.29,0.41
EZPW,2024-12-17,11.989999771118164,12.06999969482422,11.880000114440918,12.0,353000.0,19.9106589738898,22.77500373782516,26.46462693191914,26.3028390782153,27.59357084998262,0.58,14.0,-0.28,0.41
EZPW,2024-12-18,12.06999969482422,12.1899995803833,11.68000030517578,11.699999809265137,313300.0,21.325070132457054,22.705439607402987,26.596555748633765,26.47996413449437,27.69289466730085,0.55,16.0,-0.4,0.39
EZPW,2024-12-19,11.8100004196167,11.869999885559082,11.5600004196167,11.739999771118164,523200.0,19.87604706270447,22.615174523751275,26.320944930122586,26.377205339396564,27.682525847827577,0.54,6.0,-0.41,0.53
EZPW,2024-12-20,11.649999618530272,11.850000381469728,11.579999923706056,11.779999732971191,1333000.0,19.74105421166201,22.61388843260129,26.319914791167538,26.365956950074505,27.683270720347608,0.52,5.0,-0.43,0.53
EZPW,2024-12-23,11.779999732971191,11.84000015258789,11.65999984741211,11.739999771118164,326400.0,19.763277472195245,22.510844839301324,26.31531792117481,26.291012866539067,27.685996594374913,0.5,4.0,-0.43,0.54
EZPW,2024-12-24,11.739999771118164,11.899999618530272,11.710000038146973,11.880000114440918,170700.0,20.02452518776266,21.483183763140893,24.986165872418336,26.294714166493765,27.692323227076443,0.54,1.0,-0.4,0.12
EZPW,2024-12-26,11.81999969482422,12.3100004196167,11.779999732971191,12.289999961853027,271400.0,22.26781156852087,22.52042579837322,25.52280017832047,26.355616617132927,27.88023241138192,0.57,2.0,-0.43,0.02
EZPW,2024-12-27,12.300000190734863,12.40999984741211,12.149999618530272,12.329999923706056,290400.0,22.217837571180763,22.355303186075297,25.144915906650905,26.268187225653396,27.865863215017967,0.6,2.0,-0.43,0.08
EZPW,2024-12-30,12.229999542236328,12.390000343322754,12.029999732971191,12.260000228881836,297100.0,21.960261126087197,22.181276656492095,24.659540517183327,25.89560761350563,27.84041009603346,0.64,1.0,-0.45,0.21
EZPW,2024-12-31,12.239999771118164,12.399999618530272,12.199999809265137,12.220000267028809,314100.0,21.82793480676233,20.708519019667797,24.608932789033883,25.896610407396015,27.84186542464934,0.68,1.0,-0.48,0.25
EZPW,2025-01-02,12.220000267028809,12.289999961853027,12.109999656677246,12.119999885559082,244800.0,21.730083413612427,20.743837103972453,24.6288699834332,25.494138280590604,27.85590648388344,0.72,2.0,-0.49,0.26
EZPW,2025-01-03,12.170000076293944,12.199999809265137,12.029999732971191,12.119999885559082,399300.0,21.723292467563134,20.525952165712816,24.617757674799194,25.40074681805626,27.85512791690225,0.76,2.0,-0.51,0.27
EZPW,2025-01-06,12.199999809265137,12.279999732971191,12.050000190734863,12.100000381469728,250600.0,21.697259506284006,20.499127431345777,24.577747575458154,25.376450262357597,27.855618964161337,0.79,1.0,-0.53,0.31
EZPW,2025-01-07,12.100000381469728,12.170000076293944,11.960000038146973,12.15999984741211,763100.0,21.744023974772897,20.42096644973138,24.347599799209096,25.257469757379862,27.816095330872166,0.83,1.0,-0.53,0.36
EZPW,2025-01-08,12.119999885559082,12.149999618530272,11.859999656677246,11.890000343322754,291800.0,18.93722759761843,20.9655177396156,24.615166747174143,25.398279187534772,27.91223065357571,0.86,4.0,-0.52,0.3
EZPW,2025-01-10,11.850000381469728,11.880000114440918,11.6899995803833,11.81999969482422,283300.0,18.940706652727048,20.948057955789192,24.020219507838636,25.203931816738624,27.865632980104326,0.89,1.0,-0.52,0.43
EZPW,2025-01-13,11.8100004196167,12.359999656677246,11.75,12.170000076293944,495500.0,20.95365952428505,21.526768022696984,24.318843669344496,25.435211079252863,27.99640391935484,0.92,2.0,-0.53,0.37
EZPW,2025-01-14,12.199999809265137,12.449999809265137,12.010000228881836,12.130000114440918,815100.0,20.757266003716325,21.243715307677974,24.047115176874534,25.02507444594438,27.987622004621908,0.95,2.0,-0.55,0.44
EZPW,2025-01-15,12.220000267028809,12.289999961853027,12.0600004196167,12.140000343322754,596400.0,20.39200726259368,21.093122257799262,24.042741367921774,24.84267666237654,27.986877216519385,0.98,2.0,-0.58,0.44
EZPW,2025-01-16,12.1899995803833,12.260000228881836,12.079999923706056,12.239999771118164,293300.0,20.36124566436873,20.82868807202712,24.067104881488955,24.78341765954625,27.995004468479923,1.01,4.0,-0.6,0.42
EZPW,2025-01-17,12.239999771118164,12.460000038146973,12.239999771118164,12.300000190734863,269900.0,20.370062887872354,20.729873233839573,24.043239380538033,24.690097874928867,27.990420436188067,1.04,3.0,-0.64,0.44
EZPW,2025-01-21,12.300000190734863,12.510000228881836,12.300000190734863,12.470000267028809,444200.0,20.723583546654602,20.564529879443857,24.124584577915478,24.73445424378872,27.985403348195586,1.06,6.0,-0.68,0.37
EZPW,2025-01-22,12.510000228881836,12.760000228881836,12.329999923706056,12.399999618530272,294500.0,20.572764186950664,20.38122578371737,24.13649235446736,24.130499361803448,27.994210991790506,1.09,7.0,-0.71,0.37
EZPW,2025-01-23,12.399999618530272,12.510000228881836,12.289999961853027,12.399999618530272,185300.0,19.689632039810384,20.215991402605145,24.13649235446736,24.092657565825046,27.878064357831455,1.11,7.5,-0.75,0.37
EZPW,2025-01-24,12.380000114440918,12.470000267028809,12.270000457763672,12.460000038146973,228900.0,19.35354045095754,20.082928366548515,24.14188765075192,24.057543356383725,27.879758969316278,1.13,9.0,-0.78,0.36
EZPW,2025-01-27,12.5,12.649999618530272,12.329999923706056,12.359999656677246,373600.0,19.486805782043636,19.515465056732843,23.53865395211119,24.074878926046004,27.894108330057758,1.16,1.0,-0.79,0.48
EZPW,2025-01-28,12.289999961853027,12.5,12.270000457763672,12.479999542236328,316000.0,19.445330898904903,19.468165958229317,23.218838891784664,24.08984343340221,27.904541717352554,1.2,1.0,-0.82,0.52
EZPW,2025-01-29,12.40999984741211,12.550000190734863,12.31999969482422,12.420000076293944,509800.0,19.49738618422974,19.404933852327012,23.23157241779989,24.098682876302526,27.891218250120826,1.23,2.0,-0.85,0.52
EZPW,2025-01-30,12.609999656677246,12.619999885559082,12.1899995803833,12.229999542236328,702000.0,19.935957401009897,19.45961853623953,23.365362793234993,24.159553026005373,27.90895429372223,1.27,3.0,-0.87,0.48
EZPW,2025-01-31,12.300000190734863,12.329999923706056,11.859999656677246,12.010000228881836,681500.0,19.99719062582333,19.82195199650182,23.078834206184414,24.260687824135648,27.915246261310273,1.3,1.0,-0.86,0.49
EZPW,2025-02-03,11.699999809265137,12.020000457763672,11.600000381469728,11.93000030517578,705000.0,20.09023678921605,19.868050223516832,22.59079847400967,24.275763695660302,27.922599747862865,1.35,1.0,-0.8,0.54
EZPW,2025-02-04,11.93000030517578,12.149999618530272,11.829999923706056,12.06999969482422,609800.0,18.89541626547225,19.97845801871148,22.61429080141765,24.256646935177336,25.76830277075734,1.4,2.0,-0.74,0.49
EZPW,2025-02-05,12.06999969482422,12.40999984741211,12.0600004196167,12.239999771118164,1244300.0,19.255959686864742,19.442064420032455,22.459735088673398,24.295616130284706,25.368491323019825,1.45,1.0,-0.68,0.48
EZPW,2025-02-06,12.699999809265137,12.850000381469728,12.199999809265137,12.359999656677246,1547100.0,19.401167914129015,19.43645887368627,22.473171443212607,24.30778513684612,25.27229309146935,1.49,2.0,-0.62,0.47
EZPW,2025-02-07,12.479999542236328,13.5600004196167,12.4399995803833,13.43000030517578,1771800.0,30.474576565572637,25.71020085287733,25.957664808255515,26.025013184643882,26.4341480596307,1.49,33.0,-0.18,5.03
EZPW,2025-02-10,13.40999984741211,13.510000228881836,13.0600004196167,13.40999984741211,850800.0,30.439490128382353,25.718206785169627,25.758516970552698,26.026105964876617,26.43522161485594,1.49,30.0,0.08,5.19
EZPW,2025-02-11,13.510000228881836,14.06999969482422,13.489999771118164,13.960000038146973,1094400.0,31.02274824405342,26.86669374313675,25.98106382826063,26.397898501306678,26.716758838318334,1.48,35.0,0.92,5.04
EZPW,2025-02-12,13.989999771118164,14.100000381469728,13.699999809265137,13.899999618530272,732100.0,31.121017970151925,26.89342889111494,25.672745682068545,26.40782962755115,26.664738919037127,1.48,30.0,1.28,5.29
EZPW,2025-02-13,14.020000457763672,14.449999809265137,13.9399995803833,14.380000114440918,683100.0,32.15242537392941,27.551154335473516,26.12262088248834,26.575652200590604,26.757934458092574,1.48,37.0,2.11,4.72
EZPW,2025-02-14,14.350000381469728,14.5,14.010000228881836,14.050000190734863,415400.0,33.120460200617,27.97752274357901,26.39925993192,26.74018460345317,26.86663891617246,1.48,43.0,2.12,4.51
EZPW,2025-02-18,14.079999923706056,14.229999542236328,13.979999542236328,14.0,674700.0,32.990585843333456,27.94393353052973,26.215454123275677,26.739174941204976,26.701374854700653,1.48,38.0,1.99,4.8
EZPW,2025-02-19,14.109999656677246,14.40999984741211,14.0,14.109999656677246,360700.0,32.96947151791596,27.95144628075217,25.81084865293176,26.735869998670037,26.691003429807502,1.48,34.0,1.9,5.06
EZPW,2025-02-20,14.079999923706056,14.09000015258789,13.779999732971191,13.84000015258789,757600.0,33.67260069078743,28.309044068643534,25.988170471805606,26.770015170929724,26.703380077111593,1.48,37.0,1.71,4.92
EZPW,2025-02-21,13.81999969482422,13.93000030517578,13.489999771118164,13.600000381469728,728600.0,34.26830021301862,28.594076747630304,26.18291441050051,26.78121581326928,26.650318556541887,1.48,38.0,1.52,4.79
EZPW,2025-02-24,13.550000190734863,13.5600004196167,13.25,13.399999618530272,531500.0,33.829798081312,27.59060243885009,26.268666145643003,26.83304193317591,26.49857382279213,1.48,39.0,1.36,4.8
EZPW,2025-02-25,13.43000030517578,13.579999923706056,13.15999984741211,13.550000190734863,340800.0,33.75726920342548,27.668126506477346,25.76380578580592,26.835300726267135,26.518233429779297,1.48,32.0,1.14,5.35
EZPW,2025-02-26,13.539999961853027,13.630000114440918,13.380000114440918,13.40999984741211,425500.0,33.19196169235714,27.727264026500254,25.83747715382029,26.86709135044089,26.534286957626712,1.48,34.0,0.97,5.31
EZPW,2025-02-27,13.420000076293944,13.710000038146973,13.34000015258789,13.520000457763672,366700.0,33.16234309070487,27.720885130344275,25.766910670642577,26.87414744823528,26.495778999782576,1.48,33.0,0.8,5.31
EZPW,2025-02-28,13.489999771118164,13.760000228881836,13.399999618530272,13.760000228881836,632700.0,33.39506779557428,27.841738600752297,25.7628035693846,26.81773570976037,26.53976845614222,1.48,32.0,0.63,5.19
EZPW,2025-03-03,13.75,13.850000381469728,13.5,13.539999961853027,615300.0,33.88054713876293,27.941998653750964,25.19515692701389,26.8813586471495,26.590836306387416,1.48,29.0,0.46,5.87
EZPW,2025-03-04,13.390000343322754,13.5,13.25,13.279999732971191,685300.0,34.510449886534104,28.217633881377296,25.38727572307844,26.977489394951682,26.648323515060596,1.47,30.0,0.34,5.69
EZPW,2025-03-05,13.279999732971191,13.359999656677246,13.170000076293944,13.289999961853027,666400.0,34.34998825879874,28.201080713200344,25.27485000722125,26.92531632679982,26.519847442568867,1.47,30.0,0.24,5.78
EZPW,2025-03-06,13.239999771118164,13.550000190734863,13.1899995803833,13.34000015258789,559000.0,34.27354559363216,28.110333149463084,25.262166368877054,26.864558540947186,26.519691765279408,1.46,30.0,0.13,5.81
EZPW,2025-03-07,13.260000228881836,13.489999771118164,13.15999984741211,13.34000015258789,488300.0,34.27354559363216,27.760580975412356,25.22305990478805,26.795880030776992,26.4748820135084,1.46,30.0,0.02,5.91
EZPW,2025-03-10,13.229999542236328,13.529999732971191,13.119999885559082,13.18000030517578,539400.0,34.51996299232388,27.755477461199057,25.30347955199121,26.820974330786907,26.500747285465604,1.46,33.0,-0.05,5.84
EZPW,2025-03-11,13.09000015258789,13.56999969482422,13.09000015258789,13.460000038146973,526800.0,34.82058479374592,28.03704445350829,25.45362147901279,26.86146913789341,26.572446490996594,1.45,35.0,-0.16,5.54
EZPW,2025-03-12,13.550000190734863,13.56999969482422,13.279999732971191,13.359999656677246,425000.0,34.88265601076111,28.03551175493011,25.394490296890055,26.864017809907597,26.552457345950714,1.45,35.0,-0.25,5.71
EZPW,2025-03-13,13.350000381469728,13.460000038146973,13.140000343322754,13.140000343322754,415500.0,35.256036513252106,28.27110359233489,25.414866546254363,26.89633224142016,26.609603224869495,1.44,36.0,-0.32,5.83
EZPW,2025-03-14,13.199999809265137,13.539999961853027,13.199999809265137,13.449999809265137,504200.0,35.39200324044381,28.585712654154662,25.591339372331372,26.975442732968574,26.69822890753385,1.44,39.0,-0.42,5.58
EZPW,2025-03-17,14.119999885559082,14.1899995803833,13.619999885559082,13.8100004196167,418100.0,35.41590183934183,28.751044624638755,25.726582595175056,27.06938060153409,26.811294357176724,1.43,41.0,-0.52,5.26
EZPW,2025-03-18,13.739999771118164,14.039999961853027,13.739999771118164,13.949999809265137,343800.0,35.28262155771954,28.79263192230926,25.696236514699972,27.04795754828134,26.78228882826015,1.42,41.0,-0.6,5.22
EZPW,2025-03-19,13.9399995803833,14.31999969482422,13.890000343322754,14.199999809265137,385500.0,35.4234456780588,28.36471387843132,25.67663871045373,26.98369273359267,26.83350862222949,1.41,41.0,-0.65,5.25
EZPW,2025-03-20,14.100000381469728,14.15999984741211,13.880000114440918,13.880000114440918,468100.0,36.24466569078033,28.861488327390113,25.85656720237011,27.08723943307792,26.88941595546554,1.4,50.0,-0.73,5.1
EZPW,2025-03-21,13.880000114440918,14.359999656677246,13.770000457763672,14.25,1526300.0,36.77901962274006,29.261205445397735,26.058347823604223,27.242147733087368,26.978588388381624,1.39,54.0,-0.77,4.76
EZPW,2025-03-24,14.359999656677246,14.9399995803833,14.279999732971191,14.890000343322754,1188900.0,30.809313302364398,30.393079117371858,26.83485255942862,27.67028975390388,27.250925037812856,1.39,74.0,-0.54,4.17
EZPW,2025-03-25,14.899999618530272,15.0,14.619999885559082,14.880000114440918,775100.0,30.79884277136295,30.362534628260303,26.582680276812116,27.571976487294002,27.246600655403952,1.38,65.0,-0.43,4.5
EZPW,2025-03-26,14.920000076293944,15.289999961853027,14.850000381469728,14.989999771118164,915700.0,28.801862349660567,29.71604323830724,26.519746881468166,27.552251139092338,27.248366270080844,1.37,65.0,-0.33,4.51
EZPW,2025-03-27,14.989999771118164,15.350000381469728,14.93000030517578,15.0,785200.0,28.73761918351597,29.72098071679625,26.462895116708868,27.310111170703006,27.24812639993146,1.35,63.0,-0.29,4.54
EZPW,2025-03-28,15.039999961853027,15.039999961853027,14.31999969482422,14.68000030517578,723900.0,27.958379675847596,30.10088990065647,26.61265748077038,27.440765657760647,27.21688746242894,1.34,70.0,-0.36,4.43
EZPW,2025-03-31,14.15999984741211,14.970000267028809,14.100000381469728,14.720000267028809,924700.0,27.02642842128626,30.07261363713703,26.60635808401243,27.20991108810948,27.21727470052488,1.33,69.0,-0.44,4.45
EZPW,2025-04-01,14.720000267028809,16.350000381469727,14.670000076293944,15.520000457763672,5944000.0,30.793099302231315,31.658201568255528,27.77415892207556,27.862328488353793,27.638843271774878,1.34,100.0,-0.23,3.79
EZPW,2025-04-02,15.510000228881836,15.770000457763672,15.25,15.31999969482422,4012700.0,31.123563330395587,31.841382781041055,27.870994030238133,27.921450112679054,27.59648937239767,1.34,100.0,-0.22,3.74
EZPW,2025-04-03,15.09000015258789,15.90999984741211,15.039999961853027,15.779999732971191,1768300.0,31.33775568537591,32.24942360509223,27.9391058254867,28.09718670643255,27.671769844234777,1.35,100.0,-0.05,3.68
EZPW,2025-04-04,15.699999809265137,15.899999618530272,15.1899995803833,15.229999542236328,2731500.0,32.82616946804489,33.26942123910741,28.541036273455607,28.45247987135616,27.91722733871292,1.36,100.0,-0.15,3.42
EZPW,2025-04-07,15.130000114440918,15.890000343322754,14.670000076293944,15.5,1981300.0,32.57363178080324,32.93235468389922,28.63884264525594,28.50992115228111,27.88639892633103,1.38,100.0,-0.2,3.29
EZPW,2025-04-08,16.1299991607666,16.1299991607666,15.140000343322754,15.25,1333600.0,33.078366170472265,33.138751688315566,28.796962623603754,28.358963563254726,27.931275961184554,1.41,100.0,-0.3,3.23
EZPW,2025-04-09,15.140000343322754,15.770000457763672,15.0600004196167,15.130000114440918,1851800.0,32.992548372437305,32.81683067943047,28.84232176607234,28.370212051314613,27.898847226761298,1.43,100.0,-0.41,3.21
EZPW,2025-04-10,15.050000190734863,15.630000114440918,15.0,15.489999771118164,1565400.0,33.456670444565496,33.03450948301952,29.027146474983862,28.476930471771,27.96260276383497,1.46,100.0,-0.48,3.03
EZPW,2025-04-11,15.56999969482422,15.760000228881836,15.25,15.65999984741211,1044400.0,33.2856211011948,33.05681577461802,28.998179804293283,28.48751956875832,27.828549938408447,1.49,99.0,-0.53,3.06
EZPW,2025-04-14,15.829999923706056,15.890000343322754,15.550000190734863,15.59000015258789,947800.0,32.83276655181779,33.094093280993455,28.967277068799696,28.33069534798375,27.77943837467895,1.51,98.0,-0.59,3.07
EZPW,2025-04-15,15.619999885559082,15.920000076293944,15.619999885559082,15.760000228881836,1111300.0,32.065601772987094,33.123180799060734,28.96100914241665,28.344271257284916,27.526916156332437,1.54,97.0,-0.64,3.08
EZPW,2025-04-16,15.760000228881836,16.059999465942383,15.720000267028809,15.800000190734863,1292100.0,32.04582827908235,33.06406467611274,28.952678598091335,28.224000187057086,27.52380365724982,1.57,96.0,-0.69,3.07
EZPW,2025-04-17,15.8100004196167,16.010000228881836,15.800000190734863,15.93000030517578,1171500.0,32.0474423992651,33.014429173256545,28.964893278561682,28.100780182199074,27.261647893817575,1.59,97.0,-0.73,3.05
EZPW,2025-04-21,15.93000030517578,16.1200008392334,15.550000190734863,15.760000228881836,4173800.0,32.36875827009967,33.145343888781845,29.040875498742064,28.142958144944284,27.219985634411977,1.62,100.0,-0.8,3.02
EZPW,2025-04-22,16.020000457763672,16.110000610351562,15.81999969482422,16.049999237060547,1314800.0,32.125576912004306,33.27332612807491,28.484369268347994,28.201389561769506,27.251362160619635,1.63,89.0,-0.84,3.36
EZPW,2025-04-23,16.100000381469727,16.25,15.90999984741211,16.020000457763672,1176300.0,31.914965514878702,33.19989103200816,28.492230813029014,27.532824837163332,27.178193284693243,1.65,89.0,-0.89,3.36
EZPW,2025-04-24,16.100000381469727,16.489999771118164,16.040000915527344,16.3799991607666,2124300.0,32.00247887581735,33.38545371835665,28.629874764757258,27.631677065790278,27.25291970231153,1.66,90.0,-0.89,3.17
EZPW,2025-04-25,16.3700008392334,16.600000381469727,16.270000457763672,16.31999969482422,5025100.0,31.394533286870598,33.37252941678931,28.630728074806612,27.431633167617985,27.13358361266913,1.68,90.0,-0.92,3.21
EZPW,2025-04-28,16.3799991607666,16.5,16.270000457763672,16.299999237060547,2146300.0,31.105794349351374,33.135763125305644,28.598328545393176,27.195387149691292,27.13457621855641,1.7,88.0,-0.96,3.27
EZPW,2025-04-29,16.139999389648438,16.299999237060547,15.869999885559082,15.93000030517578,3687100.0,31.633298636380164,33.292239055348496,28.79392601247586,27.33251336396238,26.954922004427058,1.72,91.0,-1.03,3.17
EZPW,2025-04-30,15.979999542236328,16.40999984741211,15.850000381469728,16.3700008392334,2911000.0,32.2689322760228,33.52176183536146,29.02985390361496,27.49026952296465,26.96788552251607,1.75,99.0,-1.07,2.92
EZPW,2025-05-01,16.40999984741211,16.479999542236328,15.380000114440918,15.670000076293944,2864100.0,35.012133767664224,34.96039682254225,29.94275942096629,28.014026587123148,27.288411325870225,1.79,100.0,-1.13,2.7
EZPW,2025-05-02,15.539999961853027,15.829999923706056,15.289999961853027,15.649999618530272,1912600.0,34.16471418963474,34.92063015585447,29.88106053977792,28.00081260465335,27.220211261837928,1.83,99.0,-1.19,2.72
EZPW,2025-05-05,15.670000076293944,15.800000190734863,15.34000015258789,15.5,1940200.0,33.71042766069679,35.01232041889727,29.725990803019688,27.904239737339605,27.240707460814527,1.86,98.0,-1.23,2.8
EZPW,2025-05-06,15.380000114440918,15.399999618530272,14.720000267028809,14.739999771118164,1420600.0,34.76339996477773,32.70642433690112,30.794172222156863,28.57253456620363,27.328218173917524,1.92,100.0,-1.25,2.64
EZPW,2025-05-07,14.829999923706056,14.859999656677246,14.619999885559082,14.65999984741211,720300.0,34.79486575937857,32.73213842598199,30.812736300749776,28.311546208909554,27.310947781397665,1.98,100.0,-1.26,2.64
EZPW,2025-05-08,14.699999809265137,14.859999656677246,14.529999732971191,14.800000190734863,1131300.0,34.84235927621576,31.772105084119406,30.805134229937835,28.26804475598496,27.29660530667337,2.03,99.0,-1.28,2.65
EZPW,2025-05-09,14.890000343322754,14.979999542236328,14.699999809265137,14.84000015258789,631600.0,34.85287065481221,31.75480418880404,30.800357444030784,28.124869348630842,27.293387711183613,2.08,98.0,-1.29,2.65
EZPW,2025-05-12,15.050000190734863,15.050000190734863,14.5600004196167,14.59000015258789,1364300.0,34.635550314233605,31.21484815515172,30.91766740724654,28.204507412504675,27.350401630627058,2.13,100.0,-1.29,2.59
EZPW,2025-05-13,14.520000457763672,14.649999618530272,14.0600004196167,14.170000076293944,1530300.0,35.62339065927643,31.430639648603396,31.160694875214855,28.430929490768758,27.519882845376074,2.18,100.0,-1.27,2.49
EZPW,2025-05-14,14.149999618530272,14.279999732971191,13.899999618530272,13.979999542236328,3048100.0,31.844169796770977,31.54640671785961,31.253424334055435,28.46889727565454,27.54771001361303,2.24,100.0,-1.25,2.45
EZPW,2025-05-15,13.960000038146973,14.079999923706056,13.579999923706056,13.6899995803833,2580400.0,32.13397751728281,31.79117773237625,31.165715971918907,28.58012054651704,27.63441089246184,2.29,99.0,-1.24,2.48
EZPW,2025-05-16,13.729999542236328,14.050000190734863,13.729999542236328,13.960000038146973,1175500.0,31.3502781599928,31.806036392992524,31.29472397288283,28.66107232099886,27.695105594191077,2.34,100.0,-1.22,2.38
EZPW,2025-05-19,13.899999618530272,13.989999771118164,13.81999969482422,13.899999618530272,665300.0,29.906544988284146,31.60791477400832,31.30817892927029,28.66761849613758,27.665783851045866,2.39,100.0,-1.2,2.38
EZPW,2025-05-20,13.850000381469728,13.880000114440918,13.649999618530272,13.710000038146973,638900.0,29.404002953911068,31.587068785713857,31.393869454639017,28.71867958312736,27.699639144738242,2.44,100.0,-1.18,2.34
EZPW,2025-05-21,13.6899995803833,13.729999542236328,13.40999984741211,13.43000030517578,769700.0,29.588065363846788,31.795472033368142,31.54572904045941,28.541186560034966,27.779452731786975,2.48,100.0,-1.16,2.3
EZPW,2025-05-22,13.40999984741211,13.479999542236328,13.119999885559082,13.140000343322754,914300.0,30.010381820029608,32.038429709674446,31.315322284636622,28.494818551131967,27.78019706826555,2.52,98.0,-1.14,2.49
EZPW,2025-05-23,13.109999656677246,13.510000228881836,12.949999809265137,13.399999618530272,841900.0,29.71001650563661,32.25284286160681,31.45677149914235,28.58246369791465,27.840367288186744,2.56,99.0,-1.12,2.37
EZPW,2025-05-27,13.40999984741211,13.539999961853027,13.3100004196167,13.369999885559082,782000.0,29.346563620734383,32.042229675854024,31.443313507484472,28.58318485136005,27.827361922284354,2.59,98.0,-1.1,2.37
EZPW,2025-05-28,13.369999885559082,13.380000114440918,13.06999969482422,13.109999656677246,605800.0,29.63849695727989,32.12363718147627,31.60507709547165,28.466736148681964,27.90500899051428,2.63,100.0,-1.08,2.3
EZPW,2025-05-29,13.210000038146973,13.489999771118164,12.920000076293944,13.420000076293944,1079500.0,30.459797797144926,32.24691113609598,31.775476839812296,28.35733930036744,27.91712282850608,2.66,100.0,-1.05,2.16
EZPW,2025-05-30,13.420000076293944,13.600000381469728,13.329999923706056,13.449999809265137,1128000.0,30.453125223311584,32.24947101877042,31.775631426049568,28.337069232654926,27.915921000497846,2.69,100.0,-1.03,2.15
EZPW,2025-06-02,13.510000228881836,13.510000228881836,13.220000267028809,13.25,665300.0,30.296635606485427,32.38953443587931,31.874690209595087,28.290529685460804,27.957715326244347,2.72,100.0,-1.01,2.11
EZPW,2025-06-03,13.25,13.5,12.960000038146973,13.3100004196167,1034800.0,30.417994571623584,32.40343880125473,31.87338150334547,28.28072878819969,27.949100160212954,2.75,99.0,-0.98,2.12
EZPW,2025-06-04,13.25,13.3100004196167,13.100000381469728,13.130000114440918,641700.0,29.63716446939515,32.42955214553689,31.73911223169456,28.33334004147129,27.92712109645571,2.77,96.0,-0.97,2.17
EZPW,2025-06-05,13.100000381469728,13.119999885559082,12.960000038146973,13.020000457763672,661200.0,29.605291260390814,32.17216021727401,31.755479284270784,28.26219687533886,27.889250255535515,2.79,96.0,-0.97,2.17
EZPW,2025-06-06,13.140000343322754,13.279999732971191,13.050000190734863,13.239999771118164,623300.0,29.17706862043347,32.332534997153964,31.534967444220392,28.057125601473658,27.923208056883592,2.8,92.0,-0.95,2.29
EZPW,2025-06-09,13.239999771118164,13.880000114440918,13.229999542236328,13.710000038146973,1160900.0,31.608453045690315,32.92968741206551,31.986610073757248,28.190474651941173,28.111583994741103,2.82,100.0,-0.93,2.03
EZPW,2025-06-10,13.729999542236328,13.890000343322754,13.529999732971191,13.739999771118164,774900.0,31.66685435354551,32.59300994116405,31.986906638559038,28.179108767651694,28.107897748560156,2.83,100.0,-0.9,2.03
EZPW,2025-06-11,13.789999961853027,13.949999809265137,13.68000030517578,13.710000038146973,777800.0,31.25228238402234,32.14023758225091,31.971833631323772,28.163160866758574,28.105926676296892,2.84,98.0,-0.87,2.05
EZPW,2025-06-12,13.609999656677246,13.65999984741211,13.350000381469728,13.40999984741211,546500.0,30.079035860298077,32.38032345458658,32.17800024784768,28.18127968594839,28.120887759182505,2.85,100.0,-0.85,1.98
EZPW,2025-06-13,13.380000114440918,13.40999984741211,13.149999618530272,13.170000076293944,400000.0,28.193067008912344,32.34211536184867,32.2501188648702,28.08012359167836,28.174855905118747,2.86,100.0,-0.83,1.99
EZPW,2025-06-16,13.199999809265137,13.479999542236328,13.199999809265137,13.31999969482422,1233700.0,28.602123248616103,32.12677964307581,32.27977239626457,28.082676749471165,28.18017963550814,2.87,100.0,-0.81,1.94
EZPW,2025-06-17,13.239999771118164,13.34000015258789,12.850000381469728,13.300000190734863,983100.0,28.59400430325324,31.630428574779827,32.28150167199581,28.082962736025728,28.14766404271015,2.88,100.0,-0.79,1.94
EZPW,2025-06-18,13.289999961853027,13.399999618530272,13.210000038146973,13.260000228881836,690900.0,25.183494494467507,30.203526528574887,32.2799808348209,28.05214663172316,28.11078643178963,2.88,99.0,-0.78,1.96
EZPW,2025-06-20,13.260000228881836,13.609999656677246,13.1899995803833,13.25,1670500.0,25.18916567891452,30.20338401190954,32.250796234566074,27.754762135381604,28.061439426774598,2.88,97.0,-0.76,1.96
EZPW,2025-06-23,13.199999809265137,13.220000267028809,12.890000343322754,13.18000030517578,1256900.0,24.8953135870865,30.14830215187289,32.232349955229914,27.764335561865405,28.051657597710765,2.86,95.0,-0.74,2.0
EZPW,2025-06-24,13.260000228881836,13.670000076293944,13.140000343322754,13.31999969482422,862300.0,25.178343271833125,30.255800102702214,32.25968540249837,27.74755116221722,28.029409186982296,2.84,97.0,-0.73,1.96
EZPW,2025-06-25,13.359999656677246,13.520000457763672,13.289999961853027,13.43000030517578,975400.0,25.073614424879292,30.04741184783558,32.17724902303915,27.70582802381022,28.02705432246637,2.82,92.0,-0.72,1.97
EZPW,2025-06-26,13.4399995803833,13.710000038146973,13.300000190734863,13.619999885559082,588700.0,24.228853367310986,30.20436917018782,32.0969346494547,27.355809953812532,28.018906316759512,2.79,91.0,-0.73,1.97
EZPW,2025-06-27,13.609999656677246,13.68000030517578,13.43000030517578,13.619999885559082,555900.0,23.953496498503355,28.01484387221322,32.07236846739166,27.342857752071087,27.98932451564103,2.75,90.0,-0.77,1.97
EZPW,2025-06-30,13.75,13.890000343322754,13.609999656677246,13.880000114440918,776700.0,23.8344297073637,28.251062615201672,32.152327927345524,27.37070874703476,27.997475679847717,2.71,91.0,-0.81,1.92
EZPW,2025-07-01,13.8100004196167,13.920000076293944,13.640000343322754,13.770000457763672,838200.0,23.247403600233714,27.516632670175017,32.122308016571445,27.38291330959409,27.987114150136232,2.65,90.0,-0.84,1.97
EZPW,2025-07-02,13.800000190734863,13.890000343322754,13.630000114440918,13.869999885559082,839500.0,23.321873057106682,26.695183493033014,32.10766406159072,27.369399305214547,27.898586319084394,2.59,89.0,-0.85,1.98
EZPW,2025-07-03,13.920000076293944,14.079999923706056,13.770000457763672,14.029999732971191,377000.0,23.180856805242524,26.537194355740816,29.354414171710108,27.391238241505782,27.884131304591985,2.58,57.0,-0.85,0.22
EZPW,2025-07-07,13.979999542236328,14.25,13.9399995803833,14.039999961853027,796600.0,22.276088954023688,26.365772019606,29.352815292492906,27.373659819495572,27.88331952318228,2.56,56.0,-0.84,0.22
EZPW,2025-07-08,14.029999732971191,14.170000076293944,13.56999969482422,13.65999984741211,891100.0,22.838300946424074,26.871426272543726,28.983478596377733,27.52677398742306,28.016009578275774,2.54,51.0,-0.85,0.23
EZPW,2025-07-09,13.779999732971191,13.779999732971191,13.34000015258789,13.390000343322754,400700.0,22.96129978586322,26.604618705433143,29.145824415004228,27.561214042909242,28.032087349353674,2.52,55.0,-0.85,0.18
EZPW,2025-07-10,13.770000457763672,14.239999771118164,13.5600004196167,13.81999969482422,1320000.0,24.706900991668,27.374771476409997,29.077941678160908,27.765888121321304,28.18206616003748,2.5,54.0,-0.84,0.18
EZPW,2025-07-11,13.84000015258789,14.300000190734863,13.8100004196167,14.1899995803833,707600.0,24.951945180441534,27.984910023510984,29.153942707994407,27.84661995244189,28.13512226574824,2.48,55.0,-0.85,0.15
EZPW,2025-07-14,14.210000038146973,14.260000228881836,14.0,14.199999809265137,539700.0,24.167882897878393,27.869711052726938,29.148161093339336,27.817842985952545,28.121538071041947,2.47,54.0,-0.85,0.15
EZPW,2025-07-15,14.149999618530272,14.1899995803833,13.93000030517578,13.949999809265137,579400.0,24.828526048201642,28.04668894922181,29.259276782564264,27.826626595408822,28.01810731877488,2.44,55.0,-0.85,0.12
EZPW,2025-07-16,14.010000228881836,14.220000267028809,13.869999885559082,14.220000267028809,581400.0,24.865352450284597,28.30733392333677,29.254125340121533,27.853970860827026,28.073255367678918,2.42,54.0,-0.85,0.11
EZPW,2025-07-17,14.3100004196167,14.369999885559082,14.0600004196167,14.229999542236328,851600.0,24.861098281997364,28.25181022786591,29.11514878489897,27.814465312681868,28.073260608567708,2.4,50.0,-0.85,0.16
EZPW,2025-07-18,14.229999542236328,14.300000190734863,13.960000038146973,13.979999542236328,552300.0,25.115847615337334,28.1288886586963,29.157618798190676,27.868529777609353,28.127708654038464,2.38,53.0,-0.85,0.14
EZPW,2025-07-21,13.979999542236328,14.029999732971191,13.8100004196167,13.899999618530272,463600.0,25.03047766098005,28.137528715596865,29.12288208992991,27.72623254973488,28.135846006774933,2.36,49.0,-0.84,0.16
EZPW,2025-07-22,13.899999618530272,14.09000015258789,13.859999656677246,13.93000030517578,434000.0,24.64641870659541,27.68543017899606,29.074250143910813,27.695484595923777,28.134716652931434,2.33,46.0,-0.84,0.18
EZPW,2025-07-23,13.979999542236328,14.289999961853027,13.920000076293944,14.25,444100.0,23.445381444938842,28.169669403628244,29.26445218120047,27.791453707735926,28.056966526049266,2.31,55.0,-0.84,0.12
EZPW,2025-07-24,14.199999809265137,14.229999542236328,13.369999885559082,13.5,768400.0,28.402740817378856,30.102035447110964,30.38994610807787,28.495055998658387,28.58656662020006,2.28,60.0,-0.84,0.33
EZPW,2025-07-25,13.539999961853027,13.6899995803833,13.380000114440918,13.390000343322754,392500.0,28.485100050710248,29.83762839050353,30.310084462425362,28.50850391867441,28.600107955704747,2.24,59.0,-0.84,0.36
EZPW,2025-07-28,13.359999656677246,13.510000228881836,13.279999732971191,13.3100004196167,560900.0,27.810758105909294,29.173685778117626,30.167469953499744,28.51705456729066,28.60603609454585,2.2,58.0,-0.84,0.42
EZPW,2025-07-29,13.380000114440918,13.449999809265137,13.079999923706056,13.130000114440918,433300.0,27.592463183720017,28.029749087112016,30.244750080192862,28.563649700955168,28.511630516628745,2.16,58.0,-0.85,0.38
EZPW,2025-07-30,13.170000076293944,13.670000076293944,13.15999984741211,13.31999969482422,1275300.0,27.715733016573036,28.25204418972369,30.326173234098768,28.443873994551815,28.54166860169739,2.12,59.0,-0.85,0.35
EZPW,2025-07-31,14.31999969482422,15.220000267028809,14.210000038146973,14.31999969482422,1451900.0,34.749406621335524,32.12598085505014,32.431308331178634,29.66081975048508,29.345997115428098,2.09,100.0,-0.84,1.12
EZPW,2025-08-01,14.210000038146973,14.279999732971191,13.739999771118164,13.970000267028809,1027900.0,35.60724435830534,30.865639280604206,32.620336372470334,29.818196296326743,29.36257069550536,2.06,100.0,-0.83,1.06
EZPW,2025-08-04,13.960000038146973,14.779999732971191,13.960000038146973,14.739999771118164,1606800.0,38.63875404123582,32.80855938431311,33.53913021653754,30.460591153461568,29.826752753111315,2.05,100.0,-0.85,1.01
EZPW,2025-08-05,14.779999732971191,14.8100004196167,14.550000190734863,14.68000030517578,696000.0,38.61611698867581,32.76015349005862,33.52196409866169,30.46677030003776,29.826922111204457,2.04,99.0,-0.86,1.01
EZPW,2025-08-06,14.859999656677246,15.390000343322754,14.8100004196167,15.359999656677246,1211300.0,40.42899504937066,34.0542667408686,34.13138611567747,30.903017026710806,29.68802232555453,2.03,100.0,-0.91,0.87
EZPW,2025-08-07,15.479999542236328,15.489999771118164,15.119999885559082,15.279999732971191,665200.0,40.516316852958795,33.87998138824617,33.96860290486431,30.875302794827224,29.69089103645771,2.02,99.0,-0.96,0.95
EZPW,2025-08-08,15.3100004196167,15.529999732971191,15.229999542236328,15.279999732971191,589700.0,40.42714091974963,33.29989607502934,33.72898278349367,30.854216632628166,29.561323862008887,2.0,98.0,-1.01,1.06
EZPW,2025-08-11,15.300000190734863,15.6899995803833,15.220000267028809,15.600000381469728,692900.0,40.701712267550214,33.39069763267377,33.84394342325633,30.915254111240753,29.458568285228743,1.98,98.0,-1.07,1.01
EZPW,2025-08-12,15.760000228881836,15.850000381469728,15.56999969482422,15.81999969482422,642800.0,40.57568746898178,33.13937801394767,33.80212603112652,30.948751933258777,29.46822137497092,1.96,97.0,-1.13,1.03
EZPW,2025-08-13,15.970000267028809,16.170000076293945,15.81999969482422,15.949999809265137,723000.0,40.41927590904704,32.97016016864723,33.60232837306392,30.95726968192772,29.470691657673107,1.94,95.0,-1.19,1.08
EZPW,2025-08-14,15.880000114440918,16.040000915527344,15.760000228881836,15.899999618530272,546900.0,40.4789654910696,32.961152884502475,33.37084578681588,30.961696331468353,29.471430848816965,1.91,92.0,-1.24,1.2
EZPW,2025-08-15,15.899999618530272,16.079999923706055,15.68000030517578,16.06999969482422,1023400.0,40.46729477176084,32.8341930661325,32.6946090633856,30.617412133581958,29.47472119224678,1.88,91.0,-1.27,1.39
EZPW,2025-08-18,16.100000381469727,16.34000015258789,15.949999809265137,15.970000267028809,706700.0,40.57429194575286,32.529380971503166,32.7127830964313,30.630575398309002,29.40005946464591,1.85,91.0,-1.31,1.39
EZPW,2025-08-19,15.920000076293944,15.9399995803833,15.539999961853027,15.56999969482422,744500.0,40.437660094807285,32.651979844766146,32.9549535308783,30.77974863146397,29.51955357490805,1.82,91.0,-1.33,1.31
EZPW,2025-08-20,15.510000228881836,15.729999542236328,15.420000076293944,15.640000343322754,602700.0,39.7750202866242,32.46692257013354,32.96137630217425,30.769217857595766,29.33214991909534,1.79,91.0,-1.36,1.3
EZPW,2025-08-21,15.640000343322754,15.890000343322754,15.619999885559082,15.850000381469728,457200.0,39.06616620710679,32.52511988331971,32.834302807550245,30.777286049559432,29.31556631872454,1.75,89.0,-1.4,1.33
EZPW,2025-08-22,15.970000267028809,16.06999969482422,15.789999961853027,16.0,546500.0,38.54708667041913,32.21118523199307,32.861655781205954,30.7536979714273,29.229078867594726,1.71,89.0,-1.44,1.31
EZPW,2025-08-25,16.0,16.280000686645508,15.960000038146973,16.219999313354492,632400.0,38.63349566581671,32.01382487831489,31.85305716818255,30.774705970040205,29.25293075506338,1.68,64.0,-1.43,1.44
EZPW,2025-08-26,16.239999771118164,16.639999389648438,16.200000762939453,16.530000686645508,518500.0,38.26359683881094,32.175719621206625,31.913677780247575,30.84066697832287,29.304598673421616,1.66,66.0,-1.42,1.4
EZPW,2025-08-27,16.5,16.65999984741211,16.31999969482422,16.399999618530273,437800.0,38.23705498006913,32.034936589865666,31.605129504171547,30.82883059520178,29.310388720994883,1.63,58.0,-1.4,1.55
EZPW,2025-08-28,16.3700008392334,16.649999618530273,16.360000610351562,16.520000457763672,414100.0,38.22406603482119,32.04353492968839,31.094959602479737,30.727928188004107,29.311251666046157,1.61,45.0,-1.4,1.71
EZPW,2025-08-29,16.6299991607666,16.670000076293945,16.440000534057617,16.670000076293945,402600.0,37.625372779484394,31.859458581959238,31.007263107178957,30.695124667025564,29.31747691414497,1.6,44.0,-1.38,1.76
EZPW,2025-09-02,16.520000457763672,16.799999237060547,16.309999465942383,16.649999618530273,642500.0,37.52659724070973,31.773814374905523,30.889174398796644,30.694807531804653,29.31829191000981,1.58,42.0,-1.38,1.82
EZPW,2025-09-03,16.65999984741211,16.8700008392334,16.5,16.65999984741211,607000.0,37.54321072257932,31.671274395077493,30.85714161728258,30.67687290251953,29.317694844660995,1.57,41.0,-1.38,1.84
EZPW,2025-09-04,16.75,16.920000076293945,16.75,16.899999618530273,594900.0,37.295554098057465,31.08481112972235,30.720113556477457,30.710541816987863,29.152210554990905,1.55,36.0,-1.36,1.91
EZPW,2025-09-05,16.90999984741211,16.93000030517578,16.65999984741211,16.729999542236328,554000.0,33.117821511198564,31.20867845117598,30.726447289231068,30.727064765929747,29.048860698729257,1.54,36.0,-1.35,1.92
EZPW,2025-09-08,16.829999923706055,17.229999542236328,16.739999771118164,17.079999923706055,957800.0,33.01379861297349,31.389453351439844,30.878905297406472,30.723765489516495,29.111608789103567,1.52,41.0,-1.31,1.82
EZPW,2025-09-09,17.049999237060547,17.200000762939453,16.959999084472656,17.049999237060547,785057.0,32.87911541180618,30.94921237701458,30.84050362034611,30.72664014111813,29.111689910222115,1.51,39.0,-1.28,1.85
EZPW,2025-09-10,17.260000228881836,17.260000228881836,16.639999389648438,16.790000915527344,516044.0,32.98405437257717,30.87205728707021,30.945423025333557,30.624699698411135,28.999637819110834,1.49,43.0,-1.29,1.8
EZPW,2025-09-11,16.790000915527344,17.03499984741211,16.510000228881836,16.989999771118164,650419.0,32.95110187529151,30.877436437103505,30.97358618943653,30.64637844588811,28.845648512773842,1.48,43.0,-1.27,1.78
EZPW,2025-09-12,16.940000534057617,17.15999984741211,16.809999465942383,17.040000915527344,370990.0,26.741273547426836,30.85669563686754,30.9217872771246,30.646140842485337,28.82936181999784,1.46,41.0,-1.27,1.81
EZPW,2025-09-15,17.1299991607666,17.52899932861328,17.049999237060547,17.270000457763672,838205.0,25.196330674395178,30.877843993694558,30.8618806300471,30.668566976364918,28.770248363072138,1.44,37.0,-1.23,1.84
EZPW,2025-09-16,17.25,17.334999084472656,17.049999237060547,17.15999984741211,546781.0,21.2504195409553,30.93958875246879,30.879916460126744,30.663216975445245,28.774742031884053,1.41,38.0,-1.22,1.83
EZPW,2025-09-17,17.209999084472656,17.489999771118164,17.049999237060547,17.06999969482422,1073022.0,21.297240584650325,30.93908003924744,30.699699514341518,30.439269481868404,28.78316897832583,1.39,27.0,-1.21,1.95
EZPW,2025-09-18,17.040000915527344,17.899999618530273,17.030000686645508,17.889999389648438,1556400.0,21.569925413137618,32.12722945469043,31.566610850008686,30.903061351378813,29.064366791303854,1.36,56.0,-1.08,1.69
EZPW,2025-09-19,17.959999084472656,18.038000106811523,17.65999984741211,17.719999313354492,2610435.0,21.78487792618414,32.255270740541576,31.608616951024903,30.920050849406046,28.912359376968787,1.33,58.0,-1.02,1.67
,2025-09-22,17.639999389648438,18.34000015258789,17.450000762939453,18.030000686645508,819400.0,22.021858014519516,32.30343879188856,31.483550014294735,30.96631864867624,28.841030502176103,1.31,52.0,-0.94,1.7
,2025-09-23,18.030000686645508,18.350000381469727,17.899999618530273,17.959999084472656,780800.0,21.697774576376556,32.337304066900344,31.215681756259333,30.950131685418192,28.837241650457074,1.29,44.0,-0.89,1.86
,2025-09-24,17.989999771118164,18.229900360107422,17.954999923706055,18.09000015258789,543682.0,21.533258885516954,32.204960092655995,30.398432527294617,30.954728075362297,28.8264384250827,1.28,22.0,-0.86,2.05
