Ticker,Date,High,Low,Close,Realised_Vol_Close_30,Realised_Vol_Close_60,Realised_Vol_Close_100,Realised_Vol_Close_180,Realised_Vol_Close_252
ABR,2005-04-08,4.615865649504736,4.565181510237099,4.5688018798828125,22.211339122776938,20.585314371628925,20.25750090457076,21.28129000012449,21.068345489616195
ABR,2005-04-11,4.614056046765201,4.547080926157553,4.5615620613098145,21.6226908157515,20.590786769954413,20.210002984870204,21.28503158662562,21.06523628092238
ABR,2005-04-12,4.615866295458257,4.545270803774826,4.61405611038208,21.816678163608948,20.695469740792642,19.883974349265706,21.25729713464884,20.56389723395984
ABR,2005-04-13,4.624917719684163,4.523549753719849,4.6158671379089355,20.26395537611346,20.685915622790432,19.837131242647988,21.12567729602726,20.563302835925803
ABR,2005-04-14,4.61586732030291,4.561563136990612,4.565183162689209,20.011514554920055,20.78382519341017,19.86442688085939,21.05488277008538,20.593231195914253
ABR,2005-04-15,4.614054871287326,4.538028844791991,4.570611476898193,18.0889866535256,20.768705418369027,19.802709096396068,20.573607518112254,20.579640738552456
ABR,2005-04-18,4.724474830807213,4.588714061791244,4.704563140869141,20.177237684796875,21.518942066005874,19.059545020491573,20.68588563168786,20.754525940086296
ABR,2005-04-19,4.73352507547671,4.695512228567371,4.709993362426758,20.162749930960448,21.475779363707858,19.05410715710034,20.684799554083355,20.754360577152383
ABR,2005-04-20,4.724476155227876,4.686462949713202,4.706374645233154,20.161517800088063,20.89685768722221,19.04298572033678,20.656002620645996,20.738593507199855
ABR,2005-04-21,4.724474942485921,4.661119846396029,4.702753067016602,20.158596977039984,20.83826617797036,19.028608425216778,20.61866718865285,20.62350809735812
ABR,2005-04-22,4.740767479697367,4.681032738395095,4.706374645233154,20.09810155671229,20.833699572546788,18.96905089792032,20.611986782597274,20.591439406415006
ABR,2005-04-25,4.758866771681493,4.706372451689089,4.72447395324707,19.87872440489604,20.755490425558285,18.933700643878453,20.559020925141606,20.589161055286965
ABR,2005-04-26,4.733526289018756,4.700943643167504,4.7136149406433105,19.834834922671778,20.715071075255384,18.90593811782711,20.540160585333393,20.59199715433106
ABR,2005-04-27,4.780185822602465,4.685876506252414,4.704368591308594,19.794307441596377,20.665543739170676,18.9053515641529,20.161679009962256,20.562986837238576
ABR,2005-04-28,4.704368106173228,4.650741100311279,4.650741100311279,20.07451746429275,20.78803181421617,19.010206593769745,20.10754842817908,20.570608999400015
ABR,2005-04-29,4.658137339265151,4.513899536721102,4.530542373657227,21.44479367730991,21.52819334341343,19.489655038374718,20.35067532353847,20.753510317182645
ABR,2005-05-02,4.713613986968994,4.484313072199918,4.713613986968994,24.422471803440672,22.956996107588523,19.92122261425472,20.820920190740523,21.09070139049713
ABR,2005-05-03,4.770938092685409,4.648890863759067,4.7154622077941895,24.414971715913953,22.949275739237606,19.902056953328778,20.817726652723703,21.090927771601137
ABR,2005-05-04,4.807923656565599,4.743201536801164,4.789431571960449,24.73639047108461,23.119389565055222,20.022485144665918,20.483735494493445,21.131242769960306
ABR,2005-05-05,4.8079230393659245,4.765391497128937,4.7931294441223145,22.609647902315263,23.024664515295694,19.952070366884517,20.46059588893526,21.114947713867362
ABR,2005-05-06,4.807922354228221,4.761692331591411,4.798676490783691,22.606264858069075,22.974402329740045,19.89966708404591,20.460705149837175,21.02592883081904
ABR,2005-05-09,4.885587613790084,4.828262498471534,4.865246295928955,19.869424677869514,23.088514733856435,19.98695895820154,20.50392731616844,20.732157131143083
ABR,2005-05-10,4.918875694274902,4.844907710324104,4.918875694274902,19.868677806254674,22.515677179360054,20.04213081902035,20.531961470639132,20.745588805451856
ABR,2005-05-11,4.929970734771128,4.891137676005023,4.898534297943115,19.793348393209897,21.85730216881208,20.033215026896436,20.486632784942387,20.718323649293225
ABR,2005-05-12,4.905931883965378,4.828265404047209,4.831963539123535,20.082697147665286,22.065906788389302,19.649216299698775,20.518439307109805,20.75982065383484
ABR,2005-05-13,4.900385590170777,4.8190205985948005,4.84490966796875,20.036465291693553,21.76500817677497,19.514717517969455,20.514107317045124,20.759526811821598
ABR,2005-05-16,4.918874446771466,4.872644424438477,4.872644424438477,20.042021382453925,21.784922408287134,19.52715801915977,20.510536013759022,20.757216720490245
ABR,2005-05-17,4.9003838819279615,4.835661760115777,4.880042552947998,19.29960226962448,21.41250864091246,19.52555335727849,20.510527024042428,20.64102514126936
ABR,2005-05-18,4.89668347057283,4.863397800848914,4.870794773101807,19.296799260050534,21.368398219419895,19.468184322001385,20.440167762084403,20.642356447147204
ABR,2005-05-19,4.896684978188111,4.865248541848615,4.8689470291137695,19.27547523487346,21.36900389419565,19.40575883029449,20.422662124019634,20.637830670663366
ABR,2005-05-20,4.900384560233102,4.863400384733353,4.887440204620361,19.040277747019008,20.59495423167386,19.373954299816575,20.42325460909949,20.63460022940419
ABR,2005-05-23,4.94661419347846,4.878193580284035,4.917026996612549,19.035076330350993,20.26396858544483,19.36097721767254,20.429586125297618,20.638652484398445
ABR,2005-05-24,4.942915156793723,4.904082097484742,4.918875694274902,18.852730947212017,20.25004653373286,19.325832061055717,20.43001225502417,20.56793627248254
ABR,2005-05-25,4.94661302595119,4.909628862244406,4.922573566436768,18.850138281731017,19.498506896065994,19.26393232292601,20.38196451078597,20.562757095731317
ABR,2005-05-26,4.9281202049401625,4.9207235849324835,4.926270961761475,18.438711794861188,19.298918724529777,19.21008088693178,19.707362819977146,20.553363347563497
ABR,2005-05-27,4.928119659423828,4.9096275823909945,4.928119659423828,18.44538673008,18.466658655211805,19.076961789973996,19.66945628494935,20.553764324018804
ABR,2005-05-31,4.963254570515508,4.918873797260928,4.928119659423828,16.67068217709031,18.457027702328578,19.042729923232233,19.661404272656373,20.552638490795967
ABR,2005-06-01,5.127835317669735,4.931820071081236,5.044621467590332,17.827862039388126,19.026221329851854,19.329989442435906,19.8221214939097,20.64646640446698
ABR,2005-06-02,5.211048901543969,5.05756522007234,5.0668110847473145,17.81368738457669,19.034545765842633,19.312559553158675,19.72505723479889,20.54749923187975
ABR,2005-06-03,5.131534709628846,5.039074624770668,5.055717468261719,17.840838207256958,19.036558339516663,19.308400634090642,19.658247479917062,20.539502823681737
ABR,2005-06-06,5.131533956091867,5.064962591903297,5.103796005249023,17.948927490879544,19.061656478084895,19.336947066867864,19.610459379465272,20.528806089403897
ABR,2005-06-07,5.18700931974143,5.111192097371978,5.168517589569092,18.175384935599055,19.032931200088694,19.4080760579207,19.58914591300448,20.55435939212363
ABR,2005-06-08,5.185161048089944,5.1407799027964325,5.142629146575928,18.26115576783442,19.03328402981453,19.438539675909475,19.601183679696454,20.518565178837907
ABR,2005-06-09,5.185161455283857,5.094550266508771,5.1666693687438965,18.208604063852643,19.000439235150985,19.43875798714794,19.599838139923097,20.514589159416516
ABR,2005-06-10,5.194406488192756,5.11489077573292,5.122287750244141,18.02870283509171,19.103785207645394,19.467584632976433,19.63571609705753,20.504825717290082
ABR,2005-06-13,5.209199756923853,5.140779157826368,5.159271240234375,15.749577840742452,19.137885854822077,19.472228726298045,19.645629493316594,20.449575767042287
ABR,2005-06-14,5.198104788533914,5.164819109844627,5.17776346206665,11.669192024896887,19.096086075993533,19.4710713225086,19.645250734873727,20.449841388055646
ABR,2005-06-15,5.22399349297796,5.161120622722008,5.17776346206665,11.677736745767119,19.087051804277152,19.44714888096382,19.620485787214932,20.445852240170606
ABR,2005-06-16,5.223992323007,5.168516439420725,5.183310031890869,11.075281673764364,19.057070101923316,19.07611033029275,19.14432417304337,20.365309118518894
ABR,2005-06-17,5.2591288474116995,5.1814623749899615,5.251731872558594,11.465705015554772,17.795542434099985,19.1145208014656,19.169830518056084,20.307363756456752
ABR,2005-06-20,5.399669447806436,5.264677447080833,5.320153713226318,11.801012611352126,17.917961784512784,19.189002395585025,18.934676101679887,20.231594490342424
ABR,2005-06-21,5.358984781229218,5.2887152935965425,5.29056453704834,11.659960180056407,16.16439401422718,19.166348344417468,18.92020250934891,20.244315986875204
ABR,2005-06-22,5.355287819169082,5.259129601245783,5.329399108886719,11.484445072484753,16.1282017070834,19.15445992082277,18.826836602103086,20.23018580900433
ABR,2005-06-23,5.371928378902394,5.285016065106096,5.307206630706787,11.48593878888272,16.0571238529924,19.13396580667717,18.73029125763363,20.202879464115007
ABR,2005-06-24,5.334945098870763,5.185159912604602,5.242485046386719,11.317160774881103,16.162245595616525,19.245113966333992,18.79144280780097,20.208501336371828
ABR,2005-06-27,5.307206665796272,5.205500405789016,5.220293998718262,11.495597886322875,16.195839224140272,19.26631856302932,18.773268303423706,20.162867214977826
ABR,2005-06-28,5.307205371589057,5.223991211212608,5.260975360870361,11.560853236585526,16.221686020717513,19.288445109406545,18.777502762639937,20.171878922670803
ABR,2005-06-29,5.314605707922293,5.264677176767102,5.305359840393066,11.678664062939376,15.82609650822886,19.307066248346327,18.788357438122468,20.169576262230173
ABR,2005-06-30,5.327547600408089,5.283166821913783,5.307206630706787,11.618423187380056,15.814827804173673,19.297751541787715,18.75787159935028,20.15829923539942
ABR,2005-07-01,5.353438377380371,5.286867011834723,5.353438377380371,11.695074732800089,15.841825263568998,19.252923870366708,18.697513454619624,20.037291492147695
ABR,2005-07-05,5.45514399088982,5.353438057566266,5.444048881530762,12.344058464435445,15.945354769847512,19.350523439685002,18.779933799491296,20.093517117159156
ABR,2005-07-06,5.473636630041596,5.421858859936596,5.451446056365967,12.338148882283075,15.921209859797889,19.343150825162738,18.7800356410047,20.09170723334813
ABR,2005-07-07,5.466240945285068,5.384876312245851,5.445899963378906,12.3747779767847,15.842605850281183,18.899445681793573,18.702876342041368,20.083860421460237
ABR,2005-07-08,5.730673611793672,5.4421983668787,5.6400628089904785,15.365967705230679,17.157243737819535,19.165933960814094,19.092463971181743,20.35686951938113
ABR,2005-07-11,5.621570800722973,5.475484109515566,5.479182243347168,18.157311096767106,18.160760212229103,19.785657031847485,19.4291191906957,20.589172189330704
ABR,2005-07-12,5.555000302852071,5.427405327524459,5.532809734344482,18.217968245738327,18.20798765693504,19.645182339504878,19.39580278876664,20.598807574834574
ABR,2005-07-13,5.540206136902283,5.486579490243273,5.50692081451416,18.354476821509174,17.468885607994192,19.671492207175568,19.409678313371487,20.607223451484963
ABR,2005-07-14,5.506920992016917,5.42740528843911,5.429254531860352,18.084773104254428,17.80441953576753,19.60932440169926,19.47500933600222,20.527774581132906
ABR,2005-07-15,5.451447343577275,5.3941221810479885,5.445899963378906,18.076490178587445,17.79289278973617,19.56995867280081,19.47276141260904,20.505560108410126
ABR,2005-07-18,5.501372474655615,5.4070631899081,5.497673988342285,18.13442641834884,17.8377458928594,19.610889779343967,19.48448940538138,20.511264368511036
ABR,2005-07-19,5.547606127731816,5.486582474435058,5.534661769866943,18.063711671691276,17.85316221511223,19.087914215245412,19.49177687347832,20.507906297523597
ABR,2005-07-20,5.567944454684766,5.527261805996386,5.547603130340576,17.818183462841,17.851732781182335,18.842315777897525,19.32445983174656,20.224334340244717
ABR,2005-07-21,5.582738048924057,5.510618968388796,5.547603130340576,17.696455725325446,17.830542599759845,18.838482795215413,19.325557881358808,20.209686293629055
ABR,2005-07-22,5.56239802199878,5.516167985129539,5.529112339019775,17.76433717404478,17.848172866470176,18.404512855286963,19.20410219679157,20.216777151695524
ABR,2005-07-25,5.577192917875822,5.4791850899254415,5.523566246032715,17.493689187989446,17.621071023188783,18.298535906436722,19.15335538858202,20.174622815116614
ABR,2005-07-26,5.575342655181885,5.492128796273026,5.575342655181885,17.55419153974871,16.593375942000456,17.86110362977846,18.891728078297902,20.090005958413013
ABR,2005-07-27,5.630816459655762,5.510618127996771,5.630816459655762,17.680455180339973,14.854388590605993,17.900102316136742,18.79150599458935,20.007642421453355
ABR,2005-07-28,5.706634307103563,5.630817095539273,5.6678009033203125,17.692299050884284,14.862434514852518,17.89466430597807,18.783373005154814,19.658530646158727
ABR,2005-07-29,5.74546799083195,5.673349257916662,5.695539474487305,17.690400709015243,14.638274165412978,17.89497234036654,18.78506298799552,19.55432337892924
ABR,2005-08-01,5.739918887188534,5.658553961243993,5.680744171142578,17.505942463916526,14.675372639899276,17.89898545032196,18.69664713206467,19.55893253581895
ABR,2005-08-02,5.751017635476715,5.701089102514032,5.739922523498535,17.38923918406119,14.751588388206041,17.90820873627083,18.721351082166233,19.553744557734515
ABR,2005-08-03,5.769506454467773,5.70478435797493,5.769506454467773,17.231687001842808,14.586984932843633,17.79539847478557,18.688148484696157,19.524622552377526
ABR,2005-08-04,5.76211122775909,5.656706809997559,5.656706809997559,18.374532624381406,15.201308730680324,18.09460344616833,18.64913743863838,19.6417676645245
ABR,2005-08-05,5.686295674429733,5.0538686292141355,5.233241081237793,29.52881440355904,22.354942582210022,22.057754224127766,20.88425018750097,21.169693609026265
ABR,2005-08-08,5.23508772189842,4.996540985890818,5.048318386077881,31.10913920489451,23.425843760057187,22.826539611884115,21.31642256910231,21.48675068145129
ABR,2005-08-09,5.131531618877419,4.933667212888963,4.974349498748779,31.34529147960793,23.635590970549934,22.95957352978474,21.369901483129308,21.284635901841675
ABR,2005-08-10,5.168518476969271,5.039074227295316,5.094550132751465,32.10270236588104,24.097354237817754,23.237392573082392,20.905795037224827,21.326038183109862
ABR,2005-08-11,5.255051855628025,5.094548941715972,5.2116217613220215,32.73190612788366,24.51462930771216,23.489808446659634,21.056023584844457,21.411000883696968
ABR,2005-08-12,5.230505642626889,5.1228739995093795,5.136092185974121,32.98023276968164,24.71821165057652,23.603087096617802,21.13313356578913,21.459729964907105
ABR,2005-08-15,5.19274011590228,5.053008243275233,5.136092185974121,32.85261160069247,24.717505664989282,22.980215157810377,21.124498300730696,21.457963208901436
ABR,2005-08-16,5.141755588486709,5.096437182863225,5.122872829437256,32.39842115355722,24.720039232764368,22.987942701969818,21.098904354605967,21.183346020306885
ABR,2005-08-17,5.1832977598636045,5.098325523737837,5.139867305755615,32.42110254372569,24.701622494258242,22.22527027837387,21.08022589572091,21.16880597625579
ABR,2005-08-18,5.202179459615052,5.088883640220824,5.1323137283325195,32.420222584371594,24.705679531717024,22.21672244673275,21.064494177868102,21.170968344335154
ABR,2005-08-19,5.134201493455223,5.083218164060011,5.117207050323486,30.46235220146858,24.717030456632873,22.144878180113757,21.066529071975623,21.170991786281558
ABR,2005-08-22,5.15497350692749,5.107766788511822,5.15497350692749,29.606041382908998,24.755229388580297,22.058163348110412,21.079594384374133,21.17855968464913
ABR,2005-08-23,5.198403887406251,5.136091034393156,5.158750057220459,29.409232976271998,24.755102740798876,22.051608547184617,21.07851702120627,21.136894496880988
ABR,2005-08-24,5.255052299170879,5.130426581416527,5.213510513305664,29.63427770398287,24.835666389737927,22.091086332727293,20.828305651439074,21.123105906271558
ABR,2005-08-25,5.34380390824948,5.171971368595591,5.294709205627441,29.803916213764687,24.582182969787215,21.98983704910164,20.885225580431474,21.16534915125937
ABR,2005-08-26,5.306034505390249,5.132313790674657,5.166302680969238,30.555078723275003,25.111800291108562,22.36049564837726,21.105262162949366,21.319400149092687
ABR,2005-08-29,5.353243139003377,5.173857424794439,5.290930271148682,31.288935085349305,25.562922484244076,22.64304997212892,21.23670871677929,21.436430124383048
ABR,2005-08-30,5.340022639215845,5.296592196570342,5.317363262176514,31.254720440007656,25.514179535147928,22.5967258163038,21.214262888963937,21.387230080513202
ABR,2005-08-31,5.417442153226617,5.2852632208513,5.370235443115234,31.40825802737745,25.466154941562635,22.630059170616214,21.233997882052495,21.39106487345878
ABR,2005-09-01,5.383454765147881,5.292817942903902,5.311700344085693,31.535778745630765,25.551458610973494,22.66226026346453,21.284573692926077,21.42720366785221
ABR,2005-09-02,5.334359645843506,5.2909295475543745,5.334359645843506,31.573031141580355,25.54878871421168,22.66615458592853,21.270405540025614,21.42876249682604
ABR,2005-09-06,5.470313781303042,5.317364131789237,5.445766448974609,32.203037626864514,25.804388029834747,22.78014737865811,21.120336960296424,21.513860099402162
ABR,2005-09-07,5.4552086212186275,5.391007451166762,5.408001899719238,32.118097013295774,25.822771204105454,22.822061146035686,21.072415833175636,21.4988561880826
ABR,2005-09-08,5.494862398815893,5.400448956774928,5.44765567779541,32.05018817540034,25.85127892187518,22.420873955523305,21.084193123309785,21.051625165862422
ABR,2005-09-09,5.462762109663565,5.3589071017044905,5.3834547996521,32.11225122371895,25.981705335030437,22.520374975736537,21.141242431239483,21.068627534525902
ABR,2005-09-12,5.474090404786997,5.326805330340487,5.445766448974609,32.28749725091599,26.076814899863393,22.575424023224773,21.143636362686326,21.086560471940928
ABR,2005-09-13,5.479757359004758,5.394785100101312,5.458986282348633,32.30538458874903,25.95334744141718,22.573090738879742,21.110893853632124,21.081412034076095
ABR,2005-09-14,5.457096877936027,5.428772917355477,5.44765567779541,32.11482443770217,25.831593368021366,22.579932045801495,21.096729587302498,21.019293391090404
ABR,2005-09-15,5.438214455772264,5.419332054316478,5.436326503753662,32.04846778162226,25.806998860871865,22.583634477153577,21.086286886224915,20.972649122108123
ABR,2005-09-16,5.438212143239359,5.4193297498130795,5.432547569274902,31.6035234621785,25.76822698855523,22.578367632059955,21.069615022053796,20.929031095388208
ABR,2005-09-19,5.453319335783881,5.409889246194311,5.445766448974609,21.75593104007326,25.754588178587795,22.572382322017717,21.038457023890448,20.88915294481683
ABR,2005-09-20,5.4854214546282085,5.309812735241299,5.355131149291992,19.489467196131713,25.866012068300005,22.665515973164535,21.11965908239685,20.96692097427371
ABR,2005-09-21,5.385342201321046,5.313587791930391,5.362682819366455,18.83600962296102,25.849043869239637,22.229446079357896,21.053850375547885,20.964826341744665
ABR,2005-09-22,5.38723130473378,5.324918445401073,5.334359645843506,17.830616631710804,25.829749022506203,21.4070165541775,21.05135645055719,20.973868019885682
ABR,2005-09-23,5.383454605918053,5.296594050384332,5.338136196136475,16.660783245780696,25.773869349792594,21.406757973536042,21.039826674027896,20.973840988958234
ABR,2005-09-26,5.383455467434343,5.3249192237854,5.3249192237854,16.046401851577706,25.77923109502023,21.29073703990864,21.031409008829126,20.977099401148124
ABR,2005-09-27,5.430661393305649,5.31358856317192,5.35324239730835,16.085439293865516,25.74034817858848,21.3013342157441,21.030977511275147,20.96138125572436
ABR,2005-09-28,5.4023381143021485,5.33624862249871,5.379678726196289,16.072023172400336,25.523895735529877,21.309969474703504,21.031471131511584,20.641315098839595
ABR,2005-09-29,5.400449275970459,5.3343597906038,5.400449275970459,16.077712546281223,25.535516031083166,21.218236410702055,21.032542928471543,20.626631110333257
ABR,2005-09-30,5.409890160904396,5.287152758192384,5.30603551864624,17.00619009721086,25.785378306175126,21.363144491793935,21.15201382971704,20.52139406494553
ABR,2005-10-03,5.415557384490967,5.273937161508082,5.415557384490967,17.850384541846914,25.091903068701455,21.574764394122138,21.26987664541473,20.591496564701757
ABR,2005-10-04,5.49486349834773,5.368349446290805,5.458986282348633,17.868189495861927,24.44836913778526,21.47328749365707,21.264891292155045,20.536725054693715
ABR,2005-10-05,5.453320253816301,5.334359475314513,5.44765567779541,17.902811607777995,24.365830480762636,21.47834331329643,21.263793256942456,20.47129237125753
ABR,2005-10-06,5.494862650134468,5.400449203775315,5.453320503234863,17.710410213431256,24.349608480963326,21.46603099528574,21.26316928370691,20.463884787218625
ABR,2005-10-07,5.55528472816716,5.438211948265319,5.511854648590088,17.435238851075017,24.270575100765143,21.519457299467952,21.27544205095361,20.462880613913207
ABR,2005-10-10,5.542069464572694,5.4061138690752175,5.436326503753662,16.288510901312968,24.432598868911967,21.645851920922134,21.1566940333004,20.512228508181533
ABR,2005-10-11,5.46276178930046,5.2871527302765955,5.289041042327881,17.000449302034284,24.98573625457441,22.11493879578969,21.408232235061146,20.71053795819644
ABR,2005-10-12,5.321141198084998,5.132314330077205,5.1814093589782715,17.934500503700786,25.266385567318007,22.36827082106443,21.560120228566838,20.807382945919603
ABR,2005-10-13,5.198402643028766,5.053005900749943,5.117207050323486,17.940025105231392,25.36239557845232,22.44621394693058,21.595374381553743,20.806884658675777
ABR,2005-10-14,5.279598608910035,5.128537271377319,5.266380786895752,19.740555097330887,26.10044622093095,22.892472765725884,21.824681193453554,20.98795079751202
ABR,2005-10-17,5.306036597042946,5.226729275145325,5.28148889541626,19.71682705602217,26.106316608931778,22.895092246639514,21.80805980415186,20.98828658580108
ABR,2005-10-18,5.298481815454249,5.16063828824664,5.1814093589782715,19.40480706831636,26.376363624390276,23.110577624109887,21.92394695892033,21.04152331598651
ABR,2005-10-19,5.236167251395282,5.12098314447914,5.226726055145264,19.563568482086076,26.366197606911097,23.147214303391404,21.942331943995498,21.04854081141641
ABR,2005-10-20,5.258829255025268,5.056784528959351,5.092661380767822,20.663546276336003,26.75094244577277,23.528422481548837,22.173963208410857,21.216417249208412
ABR,2005-10-21,5.23050500884287,5.071890392072965,5.192739486694336,21.379042282696826,27.049705325796925,23.43911168637925,22.28041966821566,21.264230503610946
ABR,2005-10-24,5.300369936267005,5.234280462815169,5.277710914611816,21.664947320478046,27.26249466796183,23.5668706385025,22.349994868490946,21.31274677360928
ABR,2005-10-25,5.376307185138605,5.219715813965168,5.374373912811279,22.35224507731487,27.549386870566845,23.730411148295595,22.41176889899847,21.360942713869736
ABR,2005-10-26,5.362773500298447,5.277711379763821,5.312509536743164,22.578188926003786,27.532383128992024,23.76565251461136,22.449052769375534,21.39821723584566
ABR,2005-10-27,5.314443205311337,5.190716743469238,5.190716743469238,23.4899135167491,27.86009368152621,23.976244225696867,22.626744160592356,21.53611094643782
ABR,2005-10-28,5.198449340837348,5.101787952610643,5.113387584686279,23.80932020310492,27.746221489332683,24.082140872262645,22.47291800566259,21.59780663316716
ABR,2005-10-31,5.206182192191718,5.08632191399705,5.0959882736206055,23.774636042395286,22.770665890520878,24.07595382899541,22.239161361503815,21.48563472475401
ABR,2005-11-01,5.1926503247572136,5.030259149551855,5.132719993591309,23.51152013271595,21.580870576006014,24.06485641260357,22.251527505183777,21.49304662085622
ABR,2005-11-02,5.285446643829346,5.084390706818565,5.285446643829346,25.13822402904491,22.152324756331133,24.485439281535033,22.408955063525294,21.599318667390303
ABR,2005-11-03,5.341508182285986,5.258379697663193,5.314443111419678,25.152806047882915,21.65646441607319,24.4938486219881,22.414713358041272,21.57299695456488
ABR,2005-11-04,5.355041816448732,5.219715706201758,5.29704475402832,25.167877958014095,21.177758371993217,24.500267117480963,22.301102816161904,21.412197077306367
ABR,2005-11-07,5.0263916747320625,4.746073529993832,4.89106559753418,34.127013096208074,26.635621073874965,27.592680485353917,24.230775284077534,22.82067069325561
ABR,2005-11-08,5.171384550008544,4.8620680171958215,5.1249871253967285,36.9768258948974,28.361504552087652,28.517357735944728,24.847343536123145,23.260241943454645
ABR,2005-11-09,5.235178425397866,5.057321536020175,5.206180095672607,37.269734644324416,28.538782159523336,28.553392106950064,24.697430307590203,23.305064397762614
ABR,2005-11-10,5.4304372787532955,5.146252906107554,5.39370584487915,38.725470178935076,29.42801347493867,29.093002939429162,24.943645164180907,23.49116310789901
ABR,2005-11-11,5.411104193380795,5.258379399494463,5.372439861297607,38.38676466201491,29.44058431149928,29.077774955261916,24.945440315403967,23.497040149273904
ABR,2005-11-14,5.3937066436403756,5.2197161781166255,5.258380889892578,38.408613672465094,29.78265169500093,29.270975550539635,24.88273661613917,23.591240425890483
ABR,2005-11-15,5.413038197904172,5.223581949473678,5.39370584487915,39.08804830496522,30.188439829844633,29.48233752307206,25.00281950139988,23.58051106678148
ABR,2005-11-16,5.432369243297237,5.1907158104880535,5.289310455322266,39.479028995470166,30.473744878093623,29.64179060916818,24.911715354087306,23.658516451823306
ABR,2005-11-17,5.33184291773377,5.264179862610283,5.29704475402832,39.481096319267586,30.401364759179412,29.617363813885323,24.9092530524208,23.63494438250705
ABR,2005-11-18,5.3357081756854665,5.268045136877871,5.291244029998779,39.32647846708048,30.236935727787102,29.5877053132449,24.903910946473022,23.613658940859963
ABR,2005-11-21,5.314440440280098,5.2293783576533315,5.268043041229248,39.16217746995456,29.817486336919195,29.595753382026274,24.90956537001577,23.208918293926935
ABR,2005-11-22,5.29704354645532,5.22551433179759,5.275778293609619,38.35561172350427,29.41378478416057,29.563628585861125,24.90820129442248,23.20654779598965
ABR,2005-11-23,5.29510809849214,5.217779100074057,5.268043041229248,37.86594797723532,29.396359969499336,29.439288980769312,24.897080472823603,23.202311800788504
ABR,2005-11-25,5.3163760805706275,5.231313960036002,5.312509536743164,37.72523396071453,29.37619736180502,29.470806652458453,24.875845862999324,23.207609214182416
ABR,2005-11-28,5.316377588822489,5.2506478000437795,5.258380889892578,36.94070459359346,29.36530194583684,29.51319885475679,24.90034882427847,23.21420141597713
ABR,2005-11-29,5.275778804640494,5.233247557361561,5.244846820831299,36.937054301669804,29.354714325770043,28.964251258439393,24.89541668461674,23.202913481402756
ABR,2005-11-30,5.239046862465852,5.184916356996875,5.215847969055176,36.54075674600766,29.045541025927673,28.62024562922593,24.904326820827617,23.199381070410542
ABR,2005-12-01,5.23324728012085,5.184916588034423,5.23324728012085,36.46538067762151,29.027665844471056,28.579972511502433,24.906388436298197,23.198833295394294
ABR,2005-12-02,5.28544296068791,5.14238419845901,5.25451135635376,35.63214702757171,28.997732845657936,28.581494068211548,24.901658034266767,23.20103667495487
ABR,2005-12-05,5.24097923883107,5.190715285641017,5.235179424285889,35.22164090795125,28.910522589155313,28.501496388882714,24.905622403415446,23.204562710400822
ABR,2005-12-06,5.254512998700928,5.194583042663569,5.208115577697754,34.92402011374975,28.81747738446955,28.506323722192334,24.903754735139184,23.03581221623524
ABR,2005-12-07,5.22744577232206,5.1307844262545705,5.155916213989258,34.57459494778852,28.872560758836784,28.50216254848411,24.620586605425956,23.054259963967173
ABR,2005-12-08,5.188782419737788,5.123052658022936,5.142385005950928,34.442331679079295,28.87369698535116,28.47942136074721,24.62375905493975,23.05494602525603
ABR,2005-12-09,5.200384016077589,5.140454042451536,5.157853126525879,33.812253828829824,28.8840729739188,28.481451843497336,24.246866211170033,23.029122040201507
ABR,2005-12-12,5.175250061811901,5.084388134097959,5.140451908111572,33.53684695046065,28.888591948376817,28.48430395208673,24.247011008045728,23.017246617649683
ABR,2005-12-13,5.152050934225801,5.094054259865996,5.123052597045898,33.53668039953271,28.884378728357284,28.48442450323127,24.205052295261257,23.019215462903286
ABR,2005-12-14,5.132720768820542,5.036059357967168,5.070857524871826,33.600515628247656,28.762718432911132,28.52412620709076,24.18071830806381,23.045688074146085
ABR,2005-12-15,5.055389912008599,4.912331119183665,4.937463283538818,33.211904496175784,29.2373462324162,28.76809225801353,24.394349408625526,23.19529281395367
ABR,2005-12-16,4.943261582007081,4.784737020526442,4.879465103149414,33.23967326054849,29.305134186966885,28.761060561035496,24.43161902799851,23.03971017920637
ABR,2005-12-19,4.929730989422222,4.8524019496094475,4.904599189758301,33.319571175160014,29.33334551661541,28.751979181554326,24.318916280907942,23.002982936628424
ABR,2005-12-20,5.0360573668508435,4.889132404929676,5.022524833679199,24.937111864395966,29.782007977915832,29.012723097593597,24.46744638771349,23.11966684200849
ABR,2005-12-21,5.084388430219155,4.9761277880836925,5.008992671966553,20.817182147345775,29.755086453364036,29.01284133838851,24.468629844619446,23.120966214273576
ABR,2005-12-22,5.088256359100342,4.989661680611006,5.088256359100342,20.81594381037924,29.92982041996048,29.079552465068964,24.51241536585049,23.146217279096113
ABR,2005-12-23,5.123052597045898,5.055389564470218,5.123052597045898,17.95472393114767,29.95617427852803,29.090066650850215,24.522030286653628,23.135468127111537
ABR,2005-12-27,5.124987225494334,4.949063515463285,5.001260757446289,19.08276091366601,30.138023587141433,29.16810599909262,24.66136321207993,23.25363585728983
ABR,2005-12-28,4.993527134659321,4.9007322935497255,4.981927871704102,18.21642734098301,29.810149545093793,26.46295610969105,24.66666164974633,23.24662514702046
ABR,2005-12-29,4.9877272853976535,4.94326313708895,4.952929496765137,16.3122972322135,29.75898044458391,25.859911150043757,24.640282323767458,23.241428583501555
ABR,2005-12-30,5.039925547783362,4.902666531035196,5.010927200317383,16.0392965464389,29.882562167050118,25.820881558565457,24.67569269536147,23.25052804575075
ABR,2006-01-03,5.11145435839085,4.9587291866343834,5.107587814331055,17.129504785870473,30.173340104246936,25.719845862156294,24.54415340508551,23.309163027262628
ABR,2006-01-04,5.126918792724609,5.051522678688122,5.126918792724609,17.1905529535708,30.09143004218447,25.46895681546545,24.54716596038255,23.271886401022787
ABR,2006-01-05,5.171383563509002,5.090187993743804,5.134652137756348,17.175918813268893,29.98117301596463,25.364721318470835,24.54702471578383,23.26266192857439
ABR,2006-01-06,5.167516974885659,5.055389795592312,5.140451908111572,17.172223226003307,29.469390031307107,25.365357554324486,24.546687596091953,23.25643951123201
ABR,2006-01-09,5.246779814907622,5.134652624016469,5.23324728012085,18.009477980560714,29.40356008126755,25.519884415368633,24.632834216503106,23.309629143920603
ABR,2006-01-10,5.324110279019136,5.181051077427202,5.306711196899414,18.308811107029825,29.416983992257485,25.60835488244117,24.680544886544,23.343407966724186
ABR,2006-01-11,5.310573898175757,5.15398263028742,5.268043041229248,18.186260233206532,28.867255753856604,25.635532831891222,24.69609024188876,23.355932802577055
ABR,2006-01-12,5.36664243813734,5.213917207428393,5.219717025756836,18.37079274981365,28.92225815752732,25.674783572715796,24.721656490432732,23.37735211202359
ABR,2006-01-13,5.27577983855604,5.159786074925096,5.229382038116455,18.307363971236235,28.653952629934338,25.65059788807974,24.680510171429322,23.377536182366534
ABR,2006-01-17,5.300909080381113,5.049589687928574,5.152050495147705,18.78282617301547,28.761146961111848,25.761235643801665,24.543485036079492,23.427290949172292
ABR,2006-01-18,5.256446211941629,5.140452476362639,5.188783168792725,18.867986411153854,28.291677368443985,25.73096669426488,24.115816700665796,23.42514039745775
ABR,2006-01-19,5.299942501922638,5.204662351699911,5.250317573547363,19.16592852181597,28.113018262508955,25.681287934775714,24.1525521659357,23.448384152480674
ABR,2006-01-20,5.284064304506904,5.180844328151885,5.188784122467041,19.418028216319332,28.016187231821384,25.450679662771837,24.130748125599784,23.482389355592932
ABR,2006-01-23,5.28009314752582,5.160993228079272,5.226498126983643,19.295193113361066,27.7979970834882,25.1907843816186,24.144122638061965,23.478968671238057
ABR,2006-01-24,5.280092245899977,5.1649624317697365,5.230467319488525,19.2731541318389,27.70216022555126,25.1779116008985,24.144011829037247,23.347232291218962
ABR,2006-01-25,5.276122093200684,5.196722287683108,5.276122093200684,19.405683895508137,27.34308066669751,25.166395274056296,24.112049931369427,23.349378400769957
ABR,2006-01-26,5.276123851522404,5.182829096273848,5.208633899688721,19.77310508981005,27.295556719309484,25.189094174442673,24.130688489331106,23.3887565288926
ABR,2006-01-27,5.240394762176966,5.1828300157582,5.2066497802734375,19.741666708256957,27.285001771266348,25.178982610091243,24.124999824361243,23.374234903082847
ABR,2006-01-30,5.224513478403093,5.182828711685735,5.214588642120361,19.47609933890128,27.249175256030654,24.95667610705307,24.067598031111288,23.36040660646815
ABR,2006-01-31,5.224513478403093,5.178858625729347,5.214588642120361,17.640561759916242,26.56774088286116,24.93480280028501,24.06615509380087,23.34990757227815
ABR,2006-02-01,5.220542113611405,5.1649624382698445,5.180842399597168,17.34801625697169,26.571319444590213,24.922971353363433,24.07162719350747,23.349904755955354
ABR,2006-02-02,5.2006928962519945,4.9624930771075615,5.027997970581055,19.62650932119021,27.247105325200234,25.295407183329054,24.336390174322837,23.549949080683483
ABR,2006-02-03,5.004178610677121,4.922793741922237,4.952569007873535,18.900224772364457,21.963884162553786,25.32184778908914,24.402333364408793,23.602195945637494
ABR,2006-02-06,5.061742999861332,4.960508094431123,5.031968116760254,19.4698904641374,19.996699588315916,25.45762308773631,24.47386231756478,23.651208392060617
ABR,2006-02-07,5.081594488414123,4.964479586895439,4.9803595542907715,19.12123591188245,19.816497990026797,25.501516776801168,24.5014467910962,23.674827918921736
ABR,2006-02-08,5.035937940816253,4.954552709271135,5.002192974090576,19.050667009875948,18.36804223539731,25.514471625491225,24.496574113370535,23.660764150916382
ABR,2006-02-09,5.075639702546902,4.9565397497085195,4.964479923248291,17.86317460882637,18.40562948185739,25.536847712450445,24.51331990895465,23.667031608404727
ABR,2006-02-10,5.121293028685828,4.964478434387595,5.061743259429932,18.706364026357676,18.400642896016414,25.734565376693723,24.61992197256769,23.735765328491638
ABR,2006-02-13,5.190767504090638,5.061742764252883,5.160992622375488,19.379338740402925,18.076537192076923,25.8013528217582,24.725134286143017,23.648768283734555
ABR,2006-02-14,5.325748050736855,5.170918116026146,5.236423015594482,19.52866141206531,17.909502487695068,25.907929925552846,24.782567499369197,23.5267774412964
ABR,2006-02-15,5.299942976001917,5.1907678966457205,5.256272792816162,18.81802890519716,17.924840437887195,25.90290622590825,24.785886134923285,23.528308893662718
ABR,2006-02-16,5.379342464604306,5.274137477157476,5.373387336730957,19.77559664841285,18.489538739613465,26.14101830666322,24.769014630116434,23.557419673922087
ABR,2006-02-17,5.379342743499107,5.315822890656166,5.347582817077637,19.861876240632547,18.494244384772067,26.149430274851724,24.771826535853204,23.562633362023405
ABR,2006-02-21,5.4071306872818905,5.3138359834788815,5.3495659828186035,19.86383948583528,18.492526419945797,26.13588215769418,24.770053620735332,23.480873025188185
ABR,2006-02-22,5.373387858555087,5.325747966766357,5.325747966766357,19.29259230114552,18.51445090192742,26.133268836251734,24.752426660681557,23.475587197857987
ABR,2006-02-23,5.3495671747784295,5.299942248773465,5.327732086181641,18.87255512889368,18.435071722493912,26.12570280389555,24.708678244063215,23.475497372257426
ABR,2006-02-24,5.319791656119418,5.2364217693640365,5.2483320236206055,19.264526303015973,18.57431652083911,26.084277109663763,24.766459015632176,23.366001951762897
ABR,2006-02-27,5.30986787238211,5.224512926379591,5.260242938995361,19.080246721808987,18.57249408818424,25.87875550609477,24.761882008344728,23.299048776242163
ABR,2006-02-28,5.280092122150161,5.210617151080791,5.222527027130127,19.19443150793491,18.596804616254232,25.867363533762983,24.755358902391457,23.307518815128038
ABR,2006-03-01,5.434921183764899,5.214586791879795,5.417056560516357,21.402722667848998,20.04109297042657,26.52444020432271,25.115165864490503,23.4287517411688
ABR,2006-03-02,5.423012221408189,5.272152390678394,5.31383752822876,22.169721292025027,20.43305863043978,26.697877851718893,25.217755077768377,23.471960655860073
ABR,2006-03-03,5.35750951282811,5.234439849853516,5.234439849853516,22.37697499043709,20.65670285439953,26.742030016376322,25.281795101292037,23.364123222945445
ABR,2006-03-06,5.32574788986123,5.1014433552689535,5.270167827606201,22.18102021007587,20.67434398967996,26.681485790813642,25.294112474102636,23.37129764605125
ABR,2006-03-07,5.317807749843603,5.218557888549992,5.228482723236084,22.21758364231706,20.63368007210611,26.353654511063233,25.264180627652543,23.38173122102601
ABR,2006-03-08,5.3396430479717045,5.224513211378407,5.292003154754639,22.491034192121422,20.766215138233463,26.21807294644296,25.25811188488817,23.410489047085886
ABR,2006-03-09,5.359493477826771,5.290018486651812,5.329718589782715,22.444736313116618,20.804450981735528,26.161155606761582,25.26345692972795,23.419017679250132
ABR,2006-03-10,5.3495693469422605,5.260244292420111,5.2999444007873535,22.170085730061952,20.827338951052237,25.779815322081085,25.257333955846512,23.417821810129706
ABR,2006-03-13,5.345598176601919,5.280093276102426,5.292003154754639,22.176664599933133,20.815817848446788,25.777053532739387,25.253142210778744,23.390292771808756
ABR,2006-03-14,5.3197935676270465,5.212603891059385,5.297958850860596,22.17543187090235,20.69435212753257,25.59389680914712,25.211335986097,23.38398090633797
ABR,2006-03-15,5.349567537955312,5.260242513638932,5.31383752822876,22.186191496379408,19.894966074143955,25.561724039361533,25.20849499707925,23.37967785163858
ABR,2006-03-16,5.349568633315076,5.280093642244443,5.3356733322143555,22.103016963993053,19.71596830012145,25.222201216226882,25.196542291668422,23.38113491771564
ABR,2006-03-17,5.379344290401698,5.262229386066495,5.309869289398193,20.163210667127984,19.7432386582698,25.05082564127215,25.18369440456268,23.387307798306598
ABR,2006-03-20,5.34758491490659,5.260244893680429,5.321779727935791,19.513601260423,19.18336344605524,24.921371576682088,25.185053132887713,23.38217021351086
ABR,2006-03-21,5.347584896865708,5.232455024159407,5.262229919433594,19.46736839879376,19.332663317522776,24.81567002678913,25.198968502643904,23.41097056692367
ABR,2006-03-22,5.284060892766778,5.21855602287582,5.280090808868408,19.148030275133,19.091105933547148,24.7548246575989,25.12237505938752,23.403696398329078
ABR,2006-03-23,5.405148991741418,5.309869186916935,5.399194240570068,20.030466807515936,19.564044522564163,24.726300258695186,25.262198010331204,23.267047365316824
ABR,2006-03-24,5.428967517330455,5.347582660925887,5.3813276290893555,19.881230016801485,18.884861075444633,24.610275469317585,25.264893863966464,23.270496734641966
ABR,2006-03-27,5.409117346754718,5.359492416967977,5.373387336730957,19.2673228534814,18.863626286172913,24.604354320098484,24.917777929093194,22.987554373622054
ABR,2006-03-28,5.39919140452183,5.347581442699138,5.357506275177002,18.58819428440012,18.82655557112117,24.587227007139518,24.685476489491812,22.986929122162078
ABR,2006-03-29,5.426981238346323,5.347581442699138,5.357506275177002,18.15923570943276,18.704421882527743,24.14680754275954,24.657566239053743,22.95108501719521
ABR,2006-03-30,5.419041312626286,5.3694163907941475,5.3793416023254395,18.163525258797723,18.33687505623822,24.13993925189047,24.65678200405953,22.908635942482
ABR,2006-03-31,5.4170564058684585,5.3297164413525095,5.357506275177002,17.049353010257587,18.35410741463977,24.143089627086177,24.604444381075186,22.912011759084407
ABR,2006-04-03,5.369417529862281,5.3297178111395365,5.347582817077637,16.999730267350504,18.36097830238426,20.472782372618138,24.602500487268482,22.908916856550178
ABR,2006-04-04,5.369418223315015,5.319793284546455,5.323763370513916,17.048253122710733,18.39085609993846,19.124447141922722,24.581462683050706,22.826069868755184
ABR,2006-04-05,5.3753735246001355,5.282078773023186,5.284063816070557,17.136800170587463,18.103936637817156,19.005105327039715,24.58285897978017,22.83404840571439
ABR,2006-04-06,5.3178077390072565,5.2661977658067665,5.278107643127441,17.137490524466557,17.87602444035894,18.14632582947429,24.581131623522182,22.83328368486945
ABR,2006-04-07,5.309866028151325,5.160991279698484,5.172901153564453,17.57766365726393,18.285691610161496,18.411012424684163,24.69312572184405,22.90987229886299
ABR,2006-04-10,5.222529130216525,5.151069466535927,5.190769195556641,17.597043968492862,18.206077938956582,18.107140126698102,24.694767933237433,22.910817349760972
ABR,2006-04-11,5.200690732062753,5.113350784240577,5.157020568847656,17.575672566912484,18.248731857697187,17.66485372006124,24.70545457484427,22.895204423397836
ABR,2006-04-12,5.180840692292984,5.137170529077887,5.157020568847656,13.643166667382307,17.990926594430036,17.397491215279004,24.678471465781445,22.8952464949686
ABR,2006-04-13,5.160992881813799,5.071667853569903,5.083578109741211,13.159712789981636,18.16609918907325,17.53818657631965,24.702260044428424,22.914247283204727
ABR,2006-04-17,5.121292437802928,4.9624928190370055,4.998222827911377,13.338187679580976,18.300063705152546,17.733031044651167,24.763202787523024,22.97976160147987
ABR,2006-04-18,5.111367766464077,5.008147821673405,5.071667671203613,13.938577938396982,18.422736600458105,17.884185638352772,24.82055257484842,22.845619977437995
ABR,2006-04-19,5.159007643658834,5.071667661419212,5.121292591094971,14.144599471730693,18.47385638576573,17.953975546187888,24.84977613790433,22.86496379309109
ABR,2006-04-20,5.137173084540717,5.065713435873501,5.0676984786987305,13.886138943311801,18.58947752665757,18.02636202238929,24.843201009233887,22.890457311382736
ABR,2006-04-21,5.2324526413783765,5.121292527683181,5.160992622375488,14.825492627819193,18.892357049357262,18.215146587546418,24.93470107146017,22.96043671334738
ABR,2006-04-24,5.250319162277078,5.151069275493831,5.164964199066162,14.771232592985886,18.712660710383222,18.145750204331694,24.83110909325318,22.960436615323534
ABR,2006-04-25,5.222528484800552,5.1609936663277205,5.1669487953186035,14.774234018813587,18.712897414933888,18.141878063240327,23.06475136355216,22.957794596259053
ABR,2006-04-26,5.216573467781136,5.085563665543985,5.143128395080566,14.803102677076785,18.73209876832182,18.135478745604345,22.672634306826538,22.96166094994792
ABR,2006-04-27,5.24317165013199,5.106375491103026,5.204378604888916,15.225835013201525,18.8947263782485,18.22699340132153,22.64556155656466,22.989189135709136
ABR,2006-04-28,5.316675245190667,5.175795497509668,5.288090705871582,15.922095199598104,19.12562670542477,18.39248574276288,22.548419551891975,23.01062457655065
ABR,2006-05-01,5.296258872746555,5.118627817649345,5.139045238494873,17.878311187926915,19.035727303598,18.93849955021923,22.644313280970923,23.039874593626564
ABR,2006-05-02,5.181921454385649,5.018582867029645,5.063500881195068,18.28068488164159,19.0251906388127,19.064391952722357,22.64622833930226,22.753275987614032
ABR,2006-05-03,5.141088505683438,5.053293843269349,5.104337215423584,18.255612958052183,18.817901325451306,19.04433310809126,22.666557675691696,22.766464098283897
ABR,2006-05-04,5.206420069576894,5.124750813038105,5.181919097900391,18.80721205454503,18.929289582572395,19.191505982056604,22.734898491303067,22.763286751637086
ABR,2006-05-05,5.308508144770019,5.17375373840332,5.17375373840332,17.50544679094864,18.918717873480727,19.187498635147847,22.73242391511411,22.764022762383757
ABR,2006-05-08,5.173754875905031,5.006332721453933,5.034916877746582,19.032280440731807,19.691197225568384,19.662059944461923,22.95918255298835,22.929383079842182
ABR,2006-05-09,5.092085334309421,5.043083758985493,5.053292274475098,19.107300198364797,19.2969006744054,19.664777628283755,22.96094336308301,22.89145889365913
ABR,2006-05-10,5.1982532589428825,5.057373929055413,5.167627334594727,20.37108919599354,19.43314469169072,19.918159325423225,23.09768178740312,22.973863403058875
ABR,2006-05-11,5.196214310793246,5.010416507720947,5.010416507720947,22.10653726559166,20.19994808234188,20.074248744568656,23.38517854799798,23.1794183000906
ABR,2006-05-12,5.05533434560339,4.951205846027508,5.000207424163818,22.026013054518607,20.179550098501753,19.985746540060354,23.35135074317368,23.139168297922776
ABR,2006-05-15,5.012457279213145,4.957330752065974,5.002248764038086,22.035404943258328,19.611467156003453,19.970366833028628,23.276799211359773,23.13778042804546
ABR,2006-05-16,5.018581832750815,4.938954336503921,4.979788780212402,22.04423002037805,19.60909804328755,19.622488651740067,23.103154249316706,23.135576696511517
ABR,2006-05-17,4.961413975430726,4.840951625864418,4.930788040161133,22.144730461078442,19.68684072992881,19.67997519012321,22.953219828975026,23.156600260023982
ABR,2006-05-18,4.996123801915042,4.842993726043266,4.879745006561279,22.217285761607382,19.76439220785023,19.580614761826,22.97470041531133,23.179371749158626
ABR,2006-05-19,4.928746174811132,4.859327181692956,4.883828163146973,22.23629169491975,19.766455622293737,19.547365973827006,22.942110095486235,23.179486970260125
ABR,2006-05-22,4.891995902808144,4.767450357322607,4.849119663238525,21.656529593816202,19.60070866004421,19.209314554656626,22.92206855388505,23.187344364532056
ABR,2006-05-23,4.924663554996723,4.849119210681152,4.887912273406982,21.797303807008163,19.67991651025028,19.245326417972077,22.93712646772244,23.193225890978418
ABR,2006-05-24,4.900161137242162,4.800116227421713,4.851159572601318,21.817775978082075,19.684606459312864,19.260005525814876,22.813394568593765,23.205386800940673
ABR,2006-05-25,4.9879577590008894,4.851161523334305,4.97162389755249,23.13531574656328,18.833181167538523,19.56800636198839,22.994161641958684,23.3351369964478
ABR,2006-05-26,5.057374716855909,4.951204465776111,4.96549654006958,22.79867865677958,18.463863584013048,19.325283202197685,22.97571340967225,23.335373116123534
ABR,2006-05-30,4.945079030329576,4.871576879725301,4.8817853927612305,22.80295507171663,18.530799673947726,19.494955361962514,23.019509937056842,23.397424452881925
ABR,2006-05-31,5.04308394054755,4.889953866111045,4.994081974029541,23.395517767812883,19.102561933923752,19.838751816496956,23.140375645452053,23.50805915941021
ABR,2006-06-01,5.063500057429846,4.969580482337108,4.992039680480957,23.193136761147095,19.04621251798012,19.83747860341029,23.137795317993,23.391283835238312
ABR,2006-06-02,5.043084353970311,4.961414662698443,5.022666931152344,23.091500017969473,18.91321865730686,19.649917678771413,23.15022338636978,23.395206414853984
ABR,2006-06-05,5.094125112943958,5.004288732113821,5.012455463409424,22.414742570979296,18.841277787494658,19.516123264545413,23.150177776160117,23.395066583997167
ABR,2006-06-06,5.06145968890665,4.920579908371056,5.000207424163818,22.41239378302124,18.81960638371271,19.488594216506666,23.15136521958384,23.376826775014507
ABR,2006-06-07,5.087998791780642,4.9062846743908715,4.934868812561035,22.67737323289848,18.984427785061637,19.54325398365237,23.197350653089956,23.378414148336383
ABR,2006-06-08,4.973665678912288,4.873620728862094,4.97162389755249,22.803034561226728,19.060544556100602,19.580717806092597,23.135554336426996,23.385671033189347
ABR,2006-06-09,5.022665901431997,4.881786141243392,4.902203559875488,22.758506280007172,19.22541625439141,19.56550899854517,23.190754196825264,23.422040908243325
ABR,2006-06-12,4.943037971490412,4.883827886264044,4.9001617431640625,22.122126303734355,19.193037024413385,19.527520708098564,23.1837311570275,23.406798149694794
ABR,2006-06-13,4.9226198095319464,4.79807393593898,4.812366008758545,21.238712265933138,19.483356186269614,19.621645746302523,23.276659548136514,23.46327988968753
ABR,2006-06-14,4.90016302811472,4.74907471481278,4.849119663238525,21.074377279467175,19.559920996654732,19.588491793804696,23.295642321969158,23.47338622081351
ABR,2006-06-15,4.965497899339846,4.849119103172494,4.961414337158203,22.071513088480383,20.08133155774237,19.904580377818437,23.45000572617598,23.5872992705909
ABR,2006-06-16,4.985915046678355,4.838910321091267,4.8613691329956055,22.22527417865634,20.44750545378108,20.151101359555433,23.559547558549113,23.67327906358361
ABR,2006-06-19,4.865451334087724,4.777656723715343,4.828700065612793,22.264529399728,19.86887263540314,20.116312190549007,23.564944289193985,23.643959226022798
ABR,2006-06-20,4.8695372805905555,4.818493913685896,4.822577476501465,20.97555307026147,19.866904332043873,20.024424224469055,23.477979256641937,23.60651582124635
ABR,2006-06-21,4.879743314751373,4.818491461410685,4.855242729187012,21.060110170563906,19.94449915986548,20.05992227638287,23.361537823996155,23.61150590832222
ABR,2006-06-22,4.910369707411198,4.842992506570494,4.896077632904053,20.05779197903553,20.048686993342642,20.108672608026037,23.36359230897292,23.615200057874443
ABR,2006-06-23,4.967539732302575,4.889953997190818,4.9593729972839355,18.489122775929136,20.261455477005004,20.22198436513614,23.417004085949987,23.648737849551544
ABR,2006-06-26,5.0226659056710155,4.947121573497464,5.018582344055176,18.8146372590373,20.412015739770137,20.29345386643872,23.462176673288734,23.648944668188985
ABR,2006-06-27,5.043084410593749,4.898121057445499,4.908329963684082,19.896070223771176,20.85646391117236,20.04166900122069,23.564886371916522,23.748067648267927
ABR,2006-06-28,4.957331621977524,4.900162914447517,4.955289840698242,20.07343107685883,20.97722367836201,19.95766067305916,23.543165844748085,23.75467347437609
ABR,2006-06-29,5.061459398410704,4.926704579482523,5.053292274475098,20.642192351696142,21.395596215538223,20.040651182995227,23.442871314011285,23.82173365868015
ABR,2006-06-30,5.1145429611206055,5.002247759036607,5.1145429611206055,20.607079208304384,21.511785195587166,20.060956491934522,23.362581205000577,23.85311405223002
ABR,2006-07-03,5.132920265197754,5.063501262979826,5.132920265197754,20.61402747125626,21.52800696343873,20.05723988002949,23.31984542012683,23.839650005993036
ABR,2006-07-05,5.190088186722169,5.092085041705812,5.143128395080566,20.444854833269787,21.13857706620289,20.01965969125043,23.06953818894394,23.779864710568866
ABR,2006-07-06,5.204380735975999,5.134961737927899,5.179880142211914,20.42468154335115,21.178235411182147,19.8160926554337,23.082811213471977,23.790696914853246
ABR,2006-07-07,5.194171530733148,5.106376904299846,5.130877494812012,20.511349923574823,21.226023716465992,19.634313056480025,22.999078286526355,23.808748859493264
ABR,2006-07-10,5.186005407448519,5.114544624055953,5.132920265197754,19.354508062785943,21.22624832173554,19.495090787825646,22.97551204545497,23.544095967913744
ABR,2006-07-11,5.175796907488463,5.092085826211418,5.1288371086120605,19.350410732844068,21.017916746567998,19.48482532221502,22.768382752307176,23.368832427987552
ABR,2006-07-12,5.149255242724503,5.085961570293658,5.104337215423584,18.670530613712245,20.741921938758587,19.166716108120944,22.657694924215523,23.35155635291828
ABR,2006-07-13,5.149251948931366,5.092083657922358,5.108417510986328,17.549112328992866,20.529078525988226,19.155368969267784,22.574569370167,23.34769364830863
ABR,2006-07-14,5.194168957528887,5.073706677136767,5.112499713897705,17.545644502106875,20.431732761240372,19.15596058297338,22.469326778961815,23.30614764059576
ABR,2006-07-17,5.167629683210898,5.073710087267428,5.165587902069092,17.69854995996545,20.421271828145525,19.22098057529242,22.463739521025637,23.327807106131974
ABR,2006-07-18,5.224796295166016,5.112501103333144,5.224796295166016,17.929300314297265,20.21177241307073,19.310340885920933,22.336825703830225,23.336661589661478
ABR,2006-07-19,5.3085073479593285,5.165585840511589,5.2982988357543945,18.253001185599217,20.407625162657546,19.292279122471665,22.325193389250938,23.369533798645428
ABR,2006-07-20,5.298302193637432,5.208465749465588,5.2615509033203125,17.892981247986025,20.46367451537013,19.32141588556936,22.337220352077058,23.378000735455345
ABR,2006-07-21,5.269716099307101,5.116586027386891,5.1757965087890625,18.60236907767014,20.72653561834037,19.46412140297889,22.407615826093135,23.434203640151217
ABR,2006-07-24,5.230923652648926,5.147212184797557,5.230923652648926,18.196430760155323,20.69800183449541,18.637980163668114,22.171487621854283,23.45732734439297
ABR,2006-07-25,5.286049923270002,5.190088552359819,5.253382205963135,18.18951602255117,20.452465045832092,18.40375817596581,22.16776546766094,23.461513521371135
ABR,2006-07-26,5.141086233825393,4.877702362973074,5.1165852546691895,19.133692120877065,20.32591332573267,18.723010708795442,22.38248413009252,23.5873786473773
ABR,2006-07-27,5.230920735603985,5.104333103293239,5.155376434326172,19.132297257521323,20.149330593438616,18.730561181047737,20.30129765479579,23.578310795531603
ABR,2006-07-28,5.2656338450147215,5.1696720673072,5.210506916046143,18.282393605129887,20.199031646659684,18.767771473889212,19.57560554531151,23.59386542144226
ABR,2006-07-31,5.298302193637432,5.179881585632284,5.2615509033203125,17.183423299671407,20.061829478105324,18.73315378752269,19.521185321709467,23.6096805716125
ABR,2006-08-01,5.25746382266789,5.183961291209183,5.251338481903076,17.01119695976842,20.06339583350464,18.70016033722761,19.06446999356165,23.609132286884957
ABR,2006-08-02,5.298300544702969,5.257465703852541,5.281966686248779,16.987964676057267,19.258902305364586,18.7032337249936,19.072069474469313,23.592860674329973
ABR,2006-08-03,5.300755161339992,5.1963684876738805,5.23394775390625,17.306654743060054,19.356032705877197,18.757631595369375,18.932935623809666,23.602805770466507
ABR,2006-08-04,5.365476667116908,5.2610899646298375,5.34459924697876,18.042813612175664,19.28834870413624,19.05174111050361,18.85532837882442,23.61826397253899
ABR,2006-08-07,5.355035079413101,5.284052125370535,5.342508792877197,17.816642350123928,18.14262181890931,19.046179410296208,18.712199394530657,22.296824275211478
ABR,2006-08-08,5.338334427572361,5.229772191390752,5.23394775390625,18.781454119516088,18.66613235362071,19.3124327223719,18.869191219295974,22.098661510035264
ABR,2006-08-09,5.271525157023276,5.125383706260075,5.142085552215576,18.329038899967593,19.046101487662607,19.49832695103346,18.983962877742897,22.12056599616195
ABR,2006-08-10,5.167140007019043,5.058577777969392,5.167140007019043,18.20223640040026,19.038600264804415,19.51152027073522,18.986476322322403,21.997017310583587
ABR,2006-08-11,5.188018909141263,5.033526645705162,5.096158504486084,17.874243769313996,19.14837294317478,19.552648158163496,19.0547897446098,21.922483453956264
ABR,2006-08-14,5.219333462993406,5.089893817901611,5.089893817901611,17.52556910409777,19.016019645219174,19.54409070918432,19.05458699617361,21.874358115899312
ABR,2006-08-15,5.208894781110982,5.146262542727988,5.18801736831665,18.369759432514858,19.386045200258707,19.455696933284745,19.164139272349402,21.957853835046954
ABR,2006-08-16,5.259000388653851,5.213070000378639,5.252737045288086,18.695008989251782,19.44889220640544,19.5553881342628,19.183206989038155,21.990972533831652
ABR,2006-08-17,5.25691265949766,5.177578568894532,5.2318596839904785,18.64068694113844,19.428939654019274,19.563459966082817,19.186579204916377,21.992371741640852
ABR,2006-08-18,5.290316890333443,5.225597261257125,5.256913185119629,18.444248391992048,19.35778963792125,19.574901706259514,19.183561153784385,21.99685067479054
ABR,2006-08-21,5.250649504884684,5.1692280284145955,5.229772090911865,18.525617538136267,18.786682255918645,19.590866245989023,19.189446782915613,22.00107428784407
ABR,2006-08-22,5.281963989735459,5.1984547547671855,5.27570104598999,18.6679007521288,18.850732102400496,19.63107105399362,19.21141579499532,22.006124891920116
ABR,2006-08-23,5.275702790582894,5.152526478945909,5.156702041625977,19.842739179485452,19.123590188776575,19.948224164457788,19.395831512010187,22.12489927687554
ABR,2006-08-24,5.2339478198928155,5.146262996979661,5.223509311676025,20.17277853123103,18.74560428031681,20.057243491755415,19.446591601317166,22.137189941198308
ABR,2006-08-25,5.254825133420818,5.175491437170422,5.219333648681641,20.177711442965485,18.746805743960177,20.046006767895697,19.40977579366987,22.082925174198433
ABR,2006-08-28,5.271526985168457,5.171315874682623,5.219333648681641,19.969856056072285,18.713789660910606,20.01193451761356,19.407127874595556,21.94557360292753
ABR,2006-08-29,5.271529711099803,5.22559969459407,5.2360382080078125,19.71528484423519,18.712552795173583,20.018177283776488,19.407547888591882,21.817560991060574
ABR,2006-08-30,5.323720338329191,5.223509227529496,5.269439220428467,19.36941568868697,18.735760978779282,19.783004685214713,19.4172872027317,21.82117436579185
ABR,2006-08-31,5.277791168166809,5.242299677783826,5.250650405883789,19.291126875932793,18.53114651343528,19.784916765087505,19.417763275932746,21.80119169225547
ABR,2006-09-01,5.2694389481494825,5.221421176481216,5.2318596839904785,18.694279090281274,18.506382774756066,19.765315956652923,19.383628308758936,21.77673355122178
ABR,2006-09-05,5.2944927097529435,5.198456753953999,5.284053802490234,18.663480892441026,18.332960155758084,19.82619813080355,19.152647659939255,21.79539149631183
ABR,2006-09-06,5.2443862115526825,5.208894729614258,5.208894729614258,19.095830281150764,18.60654415266606,19.825865754739713,19.17742780640226,21.742469765825142
ABR,2006-09-07,5.2172450131438355,5.167139466105414,5.177577972412109,17.524829006965774,18.238538117207128,19.660282969581182,19.183806886070215,21.739759940978523
ABR,2006-09-08,5.217247575824133,5.16714200417416,5.210984230041504,17.48800059964172,18.222516021899683,19.552304296410636,18.99412584929235,21.736915994772257
ABR,2006-09-11,5.256912984216948,5.1671403805593075,5.248561859130859,17.339682849511938,17.70065166758093,19.525033726357954,19.008855969804074,21.71759176018076
ABR,2006-09-12,5.359211184096241,5.26108786624814,5.332070827484131,17.711562466631808,17.389805545385542,19.60224023299223,19.009832935767673,21.744742464377776
ABR,2006-09-13,5.3759123388292265,5.294490881316726,5.35921049118042,17.746185574866466,17.31789938398358,19.4095329188723,19.00250544085308,21.749431416740293
ABR,2006-09-14,5.375915119129133,5.294493619507301,5.365476608276367,17.68026417272689,17.307029214316383,19.409841884587337,18.781290149616908,21.74885021470759
ABR,2006-09-15,5.398878574371338,5.323720046292663,5.398878574371338,17.510439358084174,17.300705617709607,19.43185725859808,18.78694023156985,21.756906039760175
ABR,2006-09-18,5.4134932989086275,5.365475521585274,5.3863525390625,16.48224557159245,17.265105257510367,19.420046365837525,18.774987435630734,21.758016304188967
ABR,2006-09-19,5.375914118085759,5.296580415047859,5.340422630310059,16.679290907985443,17.226480557985067,19.385852946475477,18.757872529226645,21.773285479509735
ABR,2006-09-20,5.4072300216391245,5.34042260919689,5.375914096832275,15.598511744196736,17.12140881266013,19.249602856839854,18.63996723861926,21.71872568477306
ABR,2006-09-21,5.39679285875786,5.336248377254752,5.382178783416748,14.56806082721632,16.414809940625084,18.68958832523773,18.635637013026376,21.71858189387291
ABR,2006-09-22,5.386351737503439,5.346685091636755,5.369649887084961,14.573905284434016,16.34810670239836,18.534378248502158,18.63758211986987,21.713327247976014
ABR,2006-09-25,5.417669610080441,5.325809207317467,5.384265899658203,13.854069682881349,15.903463574285226,18.499203781457684,18.63958761080036,21.714891629285667
ABR,2006-09-26,5.41557990856463,5.338333606719971,5.338333606719971,14.154988421494007,15.856067041878804,18.406443239371022,18.549888392818158,21.73049582639529
ABR,2006-09-27,5.438546304063326,5.319545543050126,5.407230377197266,13.586300430883046,16.039484970950664,18.510776102349848,18.538633403739635,21.76187296894617
ABR,2006-09-28,5.415581684783783,5.321633502835446,5.355037212371826,13.53845745984145,16.18282126412035,18.048211968944187,18.554216824995326,21.778043258017565
ABR,2006-09-29,5.413493769424648,5.336247444152832,5.336247444152832,13.52524934435014,16.148584265606768,18.053426722419076,18.52619995146419,21.7773567352862
ABR,2006-10-02,5.344597298419735,5.233947290771432,5.244386196136475,14.431380106526278,16.43427185537662,17.93208175792759,18.640126714121262,21.775162080444147
ABR,2006-10-03,5.336246988040906,5.094069921483109,5.300755500793457,14.675107153612323,16.569985933771733,17.30378270831241,18.597741492941314,21.704874218208385
ABR,2006-10-04,5.415580648961641,5.281965438168678,5.411405086517334,15.635270075827309,17.07210587321147,17.589690094626874,18.737648290666346,21.78902044608077
ABR,2006-10-05,5.442720101554362,5.3967901169306804,5.43645715713501,13.959594140615856,17.047211263462415,17.600058777584433,18.694549586944984,21.7930066425574
ABR,2006-10-06,5.463598748142851,5.371738359910104,5.428107261657715,13.582559263900459,17.055404766943905,17.58348478797448,18.64131706109354,21.793286286408435
ABR,2006-10-09,5.532493779516113,5.386352275115393,5.5304059982299805,14.466872000412293,17.434932554085517,17.722930221434254,18.750389717235517,21.847269160425924
ABR,2006-10-10,5.5596345304941535,5.463598973805227,5.536669731140137,14.457468338103258,17.333269541553523,17.62585119206733,18.75056620759641,21.803482129328557
ABR,2006-10-11,5.563808968605953,5.490738226042686,5.54293155670166,14.454615270201657,17.20139515580947,17.625731869938928,18.724348265632756,21.627672163161698
ABR,2006-10-12,5.605564971011065,5.557547192277687,5.601389408111572,14.614154315262093,17.103728233324592,17.634012225021582,18.69744615024333,21.551401220236457
ABR,2006-10-13,5.672372942886577,5.582600322729677,5.641057014465332,14.584350334168485,17.06884570587161,17.626019155435756,18.713754638018596,21.52360654697302
ABR,2006-10-16,5.720389157774357,5.645231029812995,5.6723713874816895,14.498923431246002,16.691286850524474,17.578638073599333,18.72302882607963,21.34109592628353
ABR,2006-10-17,5.6389689332037145,5.526231119032793,5.628530025482178,14.637750648298088,16.689225728205457,17.24909268384198,18.74824674177975,21.354689529073912
ABR,2006-10-18,5.699512993143358,5.641056702840595,5.674460411071777,13.874238768307956,16.737864448042256,17.278891633996363,18.75211419325911,21.28012135693583
ABR,2006-10-19,5.672371644942936,5.609739802431773,5.613914966583252,14.19856640026613,15.919907349324905,17.137516289687497,18.448161796898933,21.29232893872484
ABR,2006-10-20,5.7036871910095215,5.6160023783396795,5.7036871910095215,14.669563064006036,16.143416223154013,16.953243012233653,18.440502806711166,21.184975630329976
ABR,2006-10-23,5.718301703041599,5.657757641000639,5.68907356262207,14.700662008075962,16.05721229550969,16.962322550424254,18.356602319306685,21.10086445829188
ABR,2006-10-24,5.730828938317841,5.6848985438905695,5.718302249908447,14.191068991922446,15.983109577301235,16.955893104232437,18.31729834526209,21.04616440947929
ABR,2006-10-25,5.828953643770242,5.718303592725072,5.824778079986572,14.926077917696212,16.343906997323295,17.163951174191048,18.43165913064221,21.048731710558254
ABR,2006-10-26,5.845653964394835,5.78093433557175,5.820600986480713,14.953718317859058,16.328941038174616,17.156019014544377,18.40543925352336,21.01509328284517
ABR,2006-10-27,5.845653984507179,5.7704954487098,5.785109519958496,15.129100609841839,16.255650138268177,17.038792346017402,18.291287077980954,20.891946998584135
ABR,2006-10-30,5.851918846376745,5.803900659271903,5.824778079986572,15.118557051276364,15.792830740947378,17.03393458116101,18.170604384596356,20.844008911747174
ABR,2006-10-31,5.876969561474482,5.774670670568093,5.803898811340332,14.865827087676323,15.822212230356595,16.869435872702223,18.10263653497066,20.84436195727907
ABR,2006-11-01,5.9208105120183045,5.793458680270148,5.8414764404296875,14.862079553529234,15.17957158572448,16.88286301943393,18.1120606592657,20.842150334897827
ABR,2006-11-02,5.9082865715026855,5.820601734834988,5.9082865715026855,15.059502241390705,14.74458666758564,16.64774846151406,17.97771637949989,20.66964287155685
ABR,2006-11-03,5.939602731599377,5.820601572285099,5.874882698059082,15.194796715997978,14.824649882182502,16.66836301500309,17.981581166181392,20.672452791553507
ABR,2006-11-06,5.87701511193256,5.796011817225732,5.800274848937988,15.86859776784227,14.777753701743782,16.486724774306744,18.050344002621358,20.711220377072845
ABR,2006-11-07,5.996388838705736,5.832250521916589,5.947360515594482,16.79777658214583,15.484518722535382,16.5249999759874,18.27352737776017,19.241086364124037
ABR,2006-11-08,5.970809277760389,5.819460456819845,5.964414119720459,16.569084621728923,15.09827232635154,16.46564551994067,18.275441807771582,18.681431318890805
ABR,2006-11-09,5.964411884596781,5.832248587303344,5.855696678161621,17.33458504577517,15.53338438335837,16.776699391437408,18.32049856176872,18.7157383140948
ABR,2006-11-10,5.968674659729004,5.845037843755108,5.968674659729004,17.831171210421537,15.882514799315892,16.98037670161227,18.4499007451939,18.480136409182997
ABR,2006-11-13,6.08378489908358,5.958016367071433,6.053941249847412,16.90797615010664,16.063796546112783,17.0601872909985,18.49443524459949,18.52617945698888
ABR,2006-11-14,6.096578121185303,6.015574409052508,6.096578121185303,16.829818105165263,16.01399888754823,16.991909368820505,18.01452771818787,18.406175619610636
ABR,2006-11-15,6.117891523803922,6.051809477685174,6.1008381843566895,16.162225185533753,15.966027129315638,16.92023127240426,17.85832905305047,18.236691953026174
ABR,2006-11-16,6.145605821785182,6.011310763846476,6.0667338371276855,16.398005787285467,15.17411998762147,16.517030650667774,17.775280057984467,18.13594920948819
ABR,2006-11-17,6.120023727416992,6.030493987208565,6.120023727416992,16.385819967357765,15.07933628201387,16.508631412766768,17.78597144002714,18.154266986506396
ABR,2006-11-20,6.132815913072893,6.032627142839002,6.0667338371276855,16.177997113391864,15.243781092224488,16.357239763761815,17.791811013759176,18.177429875932184
ABR,2006-11-21,6.075257750504201,6.007044395201049,6.017702579498291,16.493905496428276,15.390801751416827,16.349718985203356,17.772462420450736,18.191376989815996
ABR,2006-11-22,6.045416126769592,5.979334065377457,6.004914283752441,16.549100125458796,15.417277515894442,16.35743845935256,17.759307164404373,18.193064973033152
ABR,2006-11-24,6.1242878619957875,5.970807767123534,6.122156143188477,17.101736890469628,15.788713294914292,16.598794887182684,17.88018128016421,18.289011447579743
ABR,2006-11-27,6.1200253009830465,6.011310472324966,6.073128700256348,17.345742915206383,15.888353217329612,16.648167083225353,17.908757016662705,18.29245216369672
ABR,2006-11-28,6.047545234184914,5.972936736606267,6.021965026855469,17.602503886539083,15.998158267859102,16.631256865474008,17.941925052675494,18.282787388469867
ABR,2006-11-29,6.075258151986309,5.989991452222538,6.007044792175293,17.41385042898582,15.948980317128965,16.642833189738333,17.943816547695818,18.282624991429696
ABR,2006-11-30,6.06033923237011,5.992125842145959,6.019837379455566,17.32206021703311,15.575646809609612,16.63871313103557,17.94004077458525,18.273092227179692
ABR,2006-12-01,6.032624200147897,5.981464183670533,6.017702579498291,16.917547417420923,15.487440592871977,16.610231711035734,17.92845773519558,18.271216823332548
ABR,2006-12-04,6.256449867099281,6.043282923801749,6.224474906921387,18.851266461851303,16.746764647909348,17.3751067805996,18.35024532527921,18.56784713721795
ABR,2006-12-05,6.307613121861186,6.190371405510828,6.194634437561035,18.918892362910125,16.797826406501642,17.407518911554394,18.30608255336311,18.570823024928956
ABR,2006-12-06,6.207422712257712,6.117892563301657,6.130682468414307,19.286005700284548,16.787182826848447,17.463143198091505,18.352208705677672,18.594502888434146
ABR,2006-12-07,6.1818419784891105,6.075258496101368,6.134945392608643,18.67255843338443,16.78053175134303,17.394581115129185,18.17343588235808,18.563326330738843
ABR,2006-12-08,6.18823861161781,6.075259946936191,6.1114983558654785,18.729684137858943,16.825525691110943,17.301775996562245,18.17514203310852,18.565870577304555
ABR,2006-12-11,6.177578584516726,6.111496938820831,6.149867057800293,18.628321850709302,16.826066421137796,17.265864824398893,18.18510066401545,18.57280346312408
ABR,2006-12-12,6.175446872804513,6.122155131182364,6.1690521240234375,18.57624001605228,16.800926356164215,17.02450662412224,18.181858825448348,18.569842822491395
ABR,2006-12-13,6.235134946743209,6.105102942533372,6.1136298179626465,18.781778338655617,16.813869815024283,17.050077581644548,18.218652211583674,18.590909987155044
ABR,2006-12-14,6.211686344235087,6.0880494986206655,6.1562628746032715,18.793147544606086,16.817614249842855,17.066160079446803,18.22926454123337,18.568791555053867
ABR,2006-12-15,6.164788499745511,5.962279725102759,5.97080659866333,20.758245341164432,18.11479905711424,17.25352220416235,18.594344852207882,18.631120978201114
ABR,2006-12-18,6.126419580803098,5.949490985634219,6.122156143188477,21.86228867250689,18.71100236276535,17.62755034872383,18.81516820052119,18.74555925510161
ABR,2006-12-19,6.23939847665408,6.060338155831437,6.220213413238525,21.828350914289025,18.920551913164317,17.71470498533777,18.88971902053279,18.80071622122306
ABR,2006-12-20,6.256450903935022,6.181842380099827,6.235134124755859,20.740456395825326,18.781882218408562,17.66881537039627,18.864394876808834,18.661278497259875
ABR,2006-12-21,6.303347518188089,6.181842404937544,6.192500591278076,20.87900358578671,18.756926852619635,17.71180838695655,18.88534020066516,18.673883161783476
ABR,2006-12-22,6.190368680671319,6.109365008614807,6.166920185089111,20.10788877016358,18.639756527513725,17.72268876758622,18.728870423078796,18.620706991291687
ABR,2006-12-26,6.339585439140772,6.166920312727859,6.311873912811279,20.450230390384654,19.080948031724642,17.96917893778503,18.911046437447794,18.74623685136351
ABR,2006-12-27,6.337455749511719,6.275637521794497,6.337455749511719,20.127990258164395,18.613390884004716,17.71167250301506,18.892512035278592,18.581569721386476
ABR,2006-12-28,6.418457937995848,6.30761101012341,6.3843512535095215,20.13665287782179,18.568374700411606,17.73116448467574,18.906354972806128,18.586355600103268
ABR,2006-12-29,6.516516576452387,6.384353234700902,6.414196491241455,20.155085658086602,18.208168031291784,17.37162144349301,18.820122593056443,18.577322375905773
ABR,2007-01-03,6.501593041348818,6.303347680280519,6.371561050415039,20.190767707950307,18.30757830095687,17.13915710943061,18.719110734650304,18.5625056825569
ABR,2007-01-04,6.435510635375977,6.320400281831312,6.435510635375977,20.23191489543003,18.347418712884853,17.179111001611677,18.68118158341541,18.495246338205614
ABR,2007-01-05,6.405668386787169,6.245793131809947,6.3012166023254395,21.08273803198488,18.688096057514826,17.388768450139047,18.84109160122555,18.623347775046923
ABR,2007-01-08,6.3907470311619,6.25645199020863,6.37582540512085,21.10178562719601,18.789653584887645,17.447340163702833,18.8312883556939,18.655413620941943
ABR,2007-01-09,6.431250023509879,6.275638171958757,6.382221698760986,21.069002121349186,18.790026212492723,17.237917513747632,18.722784539830627,18.6553995685225
ABR,2007-01-10,6.4269844058255545,6.320400915159845,6.3843512535095215,20.422667938813447,18.717219844652742,17.16017221224122,18.72299001499335,18.5769171537188
ABR,2007-01-11,6.544227153004971,6.399273525949851,6.501593589782715,20.78160043360304,18.978610850252288,17.325379142998823,18.83068833387877,18.612019876510207
ABR,2007-01-12,6.512248899654754,6.4696157618550805,6.482405662536621,20.59496350325146,18.99781481415708,17.339272206489937,18.82437637173154,18.598030566738736
ABR,2007-01-16,6.533569813532311,6.4269862915935,6.476014614105225,20.568374651667824,18.89622889131745,17.307271600051934,18.784278314849402,18.571620972054053
ABR,2007-01-17,6.516515178267905,6.412063396203284,6.505856990814209,20.57688381929455,18.863856630130734,17.279477826436818,18.706693520420174,18.575129811277975
ABR,2007-01-18,6.520779388539744,6.382220902304747,6.499462604522705,20.585501290077385,18.681732359445217,16.819789862426664,18.37095834924564,18.508561082071164
ABR,2007-01-19,6.659337260797971,6.435512065714863,6.642283916473389,19.25086827163884,18.899426431798663,17.019102126576907,18.428486011811188,18.615161038235303
ABR,2007-01-22,6.65507322663816,6.571938231329421,6.616703510284424,19.223005348865865,18.91619480941951,17.04066733729306,18.42292371937717,18.589686291274496
ABR,2007-01-23,6.7232859514178225,6.608175600633705,6.678520679473877,18.94849558178481,18.960066364783252,17.07162721288685,18.375261639322737,18.56455916926789
ABR,2007-01-24,6.706234262852603,6.6124410666697,6.650811195373535,19.04845342171146,18.716759415133772,17.103498055904982,18.383701791320238,18.561086394253678
ABR,2007-01-25,6.723288014795485,6.586860845339202,6.650811195373535,18.966706562959,18.712543525595105,17.09574128536555,18.067021722428947,18.561322610705748
ABR,2007-01-26,6.672124480304345,6.578331327584734,6.64867639541626,18.958882745845777,18.639793029699238,17.07495855011148,18.06663368556093,18.545476646074338
ABR,2007-01-29,6.721157073974609,6.646548526921662,6.721157073974609,19.108832683930714,18.699277962882523,17.10066046707109,17.93029575897588,18.520034654011724
ABR,2007-01-30,6.776576995849609,6.7041002060962915,6.776576995849609,18.828458326244878,18.694596651986465,17.083872982179237,17.529404577729334,18.533476461127872
ABR,2007-01-31,6.851188104761849,6.774448251663477,6.802159786224365,18.799366748551037,18.678938230638206,16.87071784523349,17.52553539966537,18.53541639663706
ABR,2007-02-01,6.9238175514159295,6.73046309773969,6.915127277374268,16.18874340163245,18.810709253553075,16.95332735571824,17.6115868532154,18.599081735045583
ABR,2007-02-02,6.956411093880319,6.8673377820048565,6.904270648956299,15.113502424343222,18.752200691452842,16.958416916476352,17.600244934790215,18.58536443218078
ABR,2007-02-05,6.925993816422526,6.817367812678052,6.88037109375,14.829672075655848,18.519695771911174,16.972826650434218,17.55647552646737,18.3275598816998
ABR,2007-02-06,7.158450603485107,6.884713147036384,7.158450603485107,18.167732944055746,19.481997485350753,17.83993956713737,18.055545724420316,18.65151451165631
ABR,2007-02-07,7.169314983109658,6.980306001968723,7.1367268562316895,17.991077506183537,19.522433144949932,17.861768586826525,18.06527255899708,18.600371630471866
ABR,2007-02-08,7.128036500323167,6.86733400472342,7.010720252990723,18.98592725868021,19.4955448913211,18.159347194818892,18.185991281641492,18.6627836445227
ABR,2007-02-09,7.23014389823077,6.9976844015839506,7.06720495223999,18.159986376809997,19.234930168281796,18.170640711703122,18.186251541393126,18.672276445776895
ABR,2007-02-12,7.104137972332192,6.826055364673189,7.0346174240112305,18.321489758079295,19.146090037106664,18.190447341803488,18.167803708284055,18.66043633434632
ABR,2007-02-13,7.173659801483154,6.999858399649161,7.173659801483154,18.879500565891703,19.443140784812936,18.296211100096784,18.090831341152594,18.66209459865693
ABR,2007-02-14,7.180178529849528,7.038965225219727,7.038965225219727,20.00248221658588,19.94085708330623,18.613335932209647,18.256689676335196,18.684294346104103
ABR,2007-02-15,7.290975573328634,7.043307659851853,7.193212032318115,20.481079095304448,20.25534806647859,18.853661632922794,18.265371008710627,18.749063148545986
ABR,2007-02-16,7.475636935462934,7.154104262069382,7.397426128387451,21.571153965068316,20.869918291187282,19.24990219052535,18.359041608428104,18.937154709354775
ABR,2007-02-20,7.484328856635144,7.31269963985991,7.393082618713379,20.222221196431782,20.7376992171355,19.25917406286377,18.35940809846045,18.823909131701093
ABR,2007-02-21,7.427845143442009,7.280113725857415,7.349635124206543,20.380549121122286,20.690450909628378,19.222340469956123,18.378160154020318,18.82772183314706
ABR,2007-02-22,7.37353198811718,7.262733841686147,7.332254409790039,20.45748825498719,20.69321732019011,19.17991863359086,18.379259260108753,18.831014318216273
ABR,2007-02-23,7.314873113430548,7.191039562225342,7.191039562225342,21.59007748276999,20.936802074979983,19.405889507444396,18.54794151758134,18.93598994536101
ABR,2007-02-26,7.169315372021878,6.806504547226366,6.993340969085693,23.03252994317211,21.749631179760904,19.98902591000494,18.797638785621174,19.157684635311348
ABR,2007-02-27,6.82388410052731,6.517558866931546,6.734810829162598,25.77227684447156,23.148522464741006,20.753184384041724,19.361093561217654,19.479982346833392
ABR,2007-02-28,6.713085437208549,6.474108199896871,6.689188003540039,25.871385285400493,23.199976537473223,20.76319732800415,19.296881140660783,19.495097388449707
ABR,2007-03-01,6.723948204807811,6.504523679494794,6.660944938659668,25.89359287562234,23.232632085646262,20.57892161743121,19.308120848679593,19.48490644254239
ABR,2007-03-02,6.789123414885208,6.46107292175293,6.46107292175293,27.43274105803056,24.14719426057484,21.21255917508521,19.541027327899123,19.40806415659255
ABR,2007-03-05,6.435004183196436,6.085228343594222,6.087400913238525,31.590529898627732,26.25207317283508,23.3344616810039,20.826535019669716,20.225996399759968
ABR,2007-03-06,6.441519817247839,6.2351307267459095,6.391551971435547,34.95430807142185,28.0957796563201,24.375123142936257,21.421003355645613,20.732303039166002
ABR,2007-03-07,6.5088689749525654,6.376345551919659,6.387207984924316,34.814358524441566,28.00524749162249,24.377416333760152,21.265310233365323,20.72402721716334
ABR,2007-03-08,6.624010636564356,6.404586159382723,6.574042797088623,35.89070914975224,28.593228250687385,24.76236774773059,21.486230666083816,20.894517357915163
ABR,2007-03-09,6.658774492663621,6.46976546270016,6.521905899047852,35.957377256653345,28.636496402262583,24.76899433896981,21.513892001109713,20.88307881100803
ABR,2007-03-12,6.647909943464851,6.476280699144289,6.582734107971191,36.072633767040315,28.666541413064706,24.784178768337128,21.524386516372882,20.89079692414819
ABR,2007-03-13,6.5501458867494655,6.261200824067406,6.311168670654297,37.86903221569023,30.00148167313493,25.725901441729842,22.12473837257262,21.318799576493788
ABR,2007-03-14,6.3133401606569155,6.102605964739684,6.265544891357422,37.76831463121526,29.979978252107646,25.72162701326623,22.106311082212684,21.33250810395893
ABR,2007-03-15,6.419794720993191,6.2481659022710945,6.4176225662231445,38.5121789069535,30.339746375161525,25.954410829161056,22.233950332436827,21.45947772549254
ABR,2007-03-16,6.550144349397887,6.339410166921023,6.439345836639404,38.153573765043944,29.63433624538133,25.885488754884182,22.057351483243004,21.459916189043977
ABR,2007-03-19,6.558837990789229,6.4371765725361305,6.489317417144775,38.26570373655624,29.251156202545243,25.801635864973026,22.049205437948956,21.468652754873116
ABR,2007-03-20,6.613150305273849,6.484971605512238,6.580562591552734,38.54269790431059,29.211817063930944,25.872073593249077,21.994254652876354,21.50155805054828
ABR,2007-03-21,6.660943485903764,6.495831985608596,6.6327009201049805,36.65288930370778,29.245223082181752,25.885788453924143,21.971591806515065,21.512647600039458
ABR,2007-03-22,6.67180842563887,6.615323272790584,6.658773422241211,36.7002101200826,29.204416929373423,25.745781779127874,21.972089846452427,21.480264254671212
ABR,2007-03-23,6.665288623526695,6.587077803814475,6.6327009201049805,36.409985609056534,29.20275884397036,25.757323976865088,21.981167301365275,21.484320132954736
ABR,2007-03-26,6.7348098538615675,6.615321457688286,6.647909164428711,36.3126789202409,28.841449233570906,25.730217595884653,21.970938696288258,21.377110888045014
ABR,2007-03-27,6.665290462956407,6.57187205015825,6.604459762573242,36.32897170782195,28.873341535713195,25.745911208018263,21.95312683438547,21.385873640546794
ABR,2007-03-28,6.574043550189966,6.463245014502053,6.480625152587891,36.04540246325304,29.115352829288792,25.933847288786083,22.084280542805317,21.475646557132965
ABR,2007-03-29,6.561010965977161,6.45021238949332,6.528422832489014,35.86391233487621,29.13792695943998,25.938934771549228,22.09444595122402,21.48253835050445
ABR,2007-03-30,6.613149166107178,6.452382780317721,6.613149166107178,35.4370395132767,29.21397961956677,25.9553829422825,22.124436174789754,21.516483477212763
ABR,2007-04-02,6.615319534061883,6.513210891091519,6.569696426391602,34.22206667870137,29.184512402453773,25.961944791312767,22.144720767054878,21.52681136288443
ABR,2007-04-03,6.615320262625516,6.489314182117177,6.506694316864014,34.24515984822918,28.918453080974345,25.923863519083064,22.183079632342782,21.54662895386827
ABR,2007-04-04,6.515387167179298,6.42631388392616,6.474109172821045,34.242466938226215,28.844446439777684,25.656467066588622,22.16984637828458,21.552828227766042
ABR,2007-04-05,6.53276824203272,6.489318086212749,6.504525661468506,34.3366886082107,28.85840604188324,25.66174571563744,22.140827372141832,21.549992056864536
ABR,2007-04-09,6.5740444087163254,6.443693148861941,6.561009407043457,34.203057692515365,28.908857824037227,25.503618561618204,22.106592055032813,21.548141130750423
ABR,2007-04-10,6.680496871923437,6.5610084757366645,6.66746187210083,33.802131602494995,28.856904132620915,25.453976098499087,22.155221652209935,21.600960743295154
ABR,2007-04-11,6.754364995939485,6.563182995884971,6.608806133270264,32.119018715395676,28.9113991089278,25.41522135632893,22.08768009909067,21.519759675284362
ABR,2007-04-12,6.6544271329719225,6.471935873816791,6.643564701080322,32.10771265224663,28.92756029254987,25.405875104324043,22.065245025881918,21.522586557431904
ABR,2007-04-13,6.7695689115936455,6.628355264876772,6.73046350479126,32.308635993215,29.03030227870747,25.478783955881983,22.105711107941545,21.542774065047784
ABR,2007-04-16,6.8238831363192824,6.7695701534358905,6.793467998504639,31.044475737876404,29.083533964876292,25.490694826218608,21.876941764738152,21.558329772373476
ABR,2007-04-17,6.947715914826224,6.828227531237566,6.90643835067749,25.30071788864832,28.94132615658298,25.579109388025362,21.93682149322349,21.557175033481972
ABR,2007-04-18,6.967269397661499,6.806503017597573,6.821710586547852,21.924171379274746,29.049824466307406,25.621096482792744,21.972396112491165,21.523243180937428
ABR,2007-04-19,6.895577037006401,6.776088626899455,6.865161895751953,21.93939137466524,29.017970781376658,25.590499235431537,21.958100115945463,21.48766716294295
ABR,2007-04-20,6.965097726136341,6.893404185754441,6.9194746017456055,20.542290336373327,29.04102378357485,25.60551451453041,21.967314854811818,21.48106269986459
ABR,2007-04-23,6.967267626847202,6.876021821961571,6.954232215881348,20.354901680808368,29.054311386677657,25.450853362827647,21.965311825132794,21.45215523803681
ABR,2007-04-24,6.960752307091482,6.8390909232049175,6.856471061706543,20.769555988076217,29.2139031499589,25.526254573564312,22.00765129540533,21.439250487295258
ABR,2007-04-25,6.934684101840382,6.843438242038193,6.860818386077881,16.179876423449294,29.134535909761322,25.479309767157087,21.886191126260805,21.43927746124479
ABR,2007-04-26,6.980305698420029,6.817366314241582,6.891232013702393,15.901876412425283,29.101156665521,25.47677541258995,21.888096051810937,21.441677434355437
ABR,2007-04-27,6.945543559622554,6.821710034617771,6.871677875518799,14.70714381123884,29.09884094532137,25.485240805365194,21.73799018615641,21.437613605843165
ABR,2007-04-30,6.936855103719751,6.673980018364336,6.689188003540039,16.958773130186824,29.417443060653692,25.875570731541675,21.879460031201074,21.593344025957016
ABR,2007-05-01,6.862990111109966,6.663118272068252,6.713086128234863,16.86358066369698,29.428692214981115,25.341899602676182,21.87716487731456,21.542643761288925
ABR,2007-05-02,6.789120553943531,6.680494625080434,6.732635021209717,16.43139375946006,29.42994157525012,25.328390668079166,21.802028590244586,21.338360127788388
ABR,2007-05-03,6.778263493410133,6.6891901943697585,6.72177791595459,16.30341589185746,28.225839517249245,25.267792532110217,21.80276425755869,21.28048355617195
ABR,2007-05-04,6.706567024245053,6.624011061714577,6.671806335449219,16.425800606584183,28.253699066111427,25.3028005188377,21.728127520504867,21.286390919736714
ABR,2007-05-07,6.782603967469096,6.587077346148738,6.621837615966797,16.534322131862787,28.072114291396105,25.326885621737986,21.713956514094942,21.256886205385214
ABR,2007-05-08,6.684842661690429,6.402414875499084,6.469763278961182,17.824269777317348,28.374521119072522,25.59642524759352,21.898411333528983,21.392851285564703
ABR,2007-05-09,6.519731044769287,6.374172222240275,6.519731044769287,17.909941943460485,28.42833071243902,25.618610177851743,21.907872826382903,21.216729639708785
ABR,2007-05-10,6.5066950627267435,6.378516398885037,6.413276672363281,17.70172234690834,28.258793642775572,25.71641859377834,21.994620618600237,21.286975745459273
ABR,2007-05-11,6.517557141066128,6.419793618200087,6.49800443649292,17.996677416515585,28.194966511543466,25.774592149633456,22.022052564800898,21.213469141122353
ABR,2007-05-14,6.5445935944841835,6.364894702404789,6.39595365524292,18.11185274042887,27.93417092383877,25.425002911170147,21.930329124406807,21.03949104121812
ABR,2007-05-15,6.50022271344498,6.222909450531006,6.222909450531006,19.604752848935476,27.704177211789826,25.51012196310128,22.145615151867325,21.2282726298792
ABR,2007-05-16,6.342709830515658,6.180758964894722,6.333835601806641,20.244084688996363,28.019577557537033,25.53957731894115,22.23244675727784,21.29458449313839
ABR,2007-05-17,6.344928812012669,6.134170520690618,6.147481441497803,21.896731504776803,28.56603606702012,25.978017638071538,22.531564227736524,21.509560728486406
ABR,2007-05-18,6.154137428492543,5.9034463619165685,6.111985683441162,21.840588977410253,28.571531895979412,25.971525190865346,22.543812364996338,21.492944527491968
ABR,2007-05-21,6.300555674500231,6.056519979482141,6.247311592102051,22.725757922934957,28.812526346676698,26.19718640515475,22.671812036927847,21.565716909055165
ABR,2007-05-22,6.302776356732815,6.2118176323958805,6.276154518127441,22.18447362325657,28.348364177196792,25.94469950019182,22.669520047171524,21.56875894287125
ABR,2007-05-23,6.429232565951265,6.280592594324597,6.296122074127197,22.13670758840209,27.359826241444203,25.941571278768095,22.66442059692878,21.554389067954038
ABR,2007-05-24,6.351584930748458,6.149700841079089,6.198508262634277,22.399472009956924,27.497503027141857,26.030463183285455,22.724763850199214,21.60727208575742
ABR,2007-05-25,6.2584068094768615,6.134170560462366,6.194070339202881,21.932932018243097,27.490769071147163,26.018380338047916,22.65344437078533,21.59111572504378
ABR,2007-05-29,6.282810512634086,6.182977971283599,6.26062536239624,22.002022613177218,26.907791539583293,26.056925784297626,22.667153009752393,21.48358433663212
ABR,2007-05-30,6.495786101186377,6.178539656882509,6.3892974853515625,22.320349037714067,24.272586864009433,26.21116834295253,22.773137833704894,21.570108690913415
ABR,2007-05-31,6.489133188201218,6.320526599884033,6.320526599884033,22.26687395590877,22.230776477948236,26.051813121481647,22.80540563622564,21.52713156018404
ABR,2007-06-01,6.42701389953746,6.276155796048184,6.400392055511475,22.55313693696499,22.383207458014397,26.061125150185955,22.779184238622957,21.447914268625958
ABR,2007-06-04,6.480259744057669,6.373771493177386,6.444763660430908,22.516621443493985,21.616285010549962,26.083542038535697,22.784813550679793,21.45562284368531
ABR,2007-06-05,6.438105208405591,6.280591045369287,6.307213306427002,23.07095350696051,21.998155506896353,26.309360387507862,22.94115896503761,21.567895022386217
ABR,2007-06-06,6.371551547218535,6.222911570727929,6.364896297454834,23.100788800469395,21.99475540071073,26.18750988975792,22.95315730017124,21.581417155366996
ABR,2007-06-07,6.156355985931729,6.111985683441162,6.111985683441162,25.56969925873024,21.868999073478093,26.9563380960206,23.468828968008907,21.97430960969972
ABR,2007-06-08,6.151919875807266,6.096457200208975,6.145264625549316,25.59966670443174,21.857008543596425,26.973165806171124,23.449448522092705,21.934408522426487
ABR,2007-06-11,6.158575064497238,6.069834875153653,6.125297546386719,25.598576552579416,21.268191429792708,26.964012698197788,23.443919106575606,21.928379654716974
ABR,2007-06-12,6.111986797695719,5.976658154406682,6.0210280418396,24.98332925206334,21.512196221981743,27.09194774046346,23.539249464061346,21.951754497044977
ABR,2007-06-13,6.098674309793941,6.014371249088013,6.052085876464844,25.02632562221696,21.473257288772157,26.868290310584044,23.54266187525781,21.955664694357978
ABR,2007-06-14,6.09867302171696,6.027680896506667,6.034336566925049,24.95442003731323,21.242889412763777,26.866132190319032,23.54522636615487,21.87675215078542
ABR,2007-06-15,6.129732131958008,6.0698327892026445,6.129732131958008,25.573074510724513,21.44822958829199,26.946974186633625,23.58663759832672,21.916498917646013
ABR,2007-06-18,6.167448349981087,6.076489610707335,6.111985683441162,25.539201451808324,21.42262939058944,26.943791589329475,23.546834767643908,21.808493329477553
ABR,2007-06-19,6.143045736637025,6.067616468037263,6.140827178955078,25.59374121859193,21.452695145656264,26.95790972319278,23.51911263718866,21.70771453550718
ABR,2007-06-20,6.151917056872045,5.943377796845034,5.954470157623291,26.214111190234984,22.274320782645805,27.375630794173244,23.809058782270913,21.925518239788783
ABR,2007-06-21,5.965562737380171,5.637223937792709,5.765897274017334,27.354197262332413,23.109671894743556,27.747216698318777,24.03004951746025,22.171784356794326
ABR,2007-06-22,5.854638400676004,5.714872680163537,5.79917573928833,27.23901936443285,22.902117680492285,27.72798830186859,24.007742452614217,22.169284115389395
ABR,2007-06-25,5.8280162339038295,5.708216688902825,5.714872360229492,26.966722655815428,22.96816957257609,27.79194477729726,23.953719969184416,22.208795859161796
ABR,2007-06-26,5.768118044328876,5.663848370475713,5.743714332580566,26.868071513785857,22.803159469981694,27.66015296052393,23.954823792135375,22.17932296121772
ABR,2007-06-27,5.834670885375187,5.703778991362485,5.825797080993652,26.361584259241177,23.034559573524973,27.777193438592178,24.01000525904462,22.192393998706763
ABR,2007-06-28,5.874604857115316,5.781427571207522,5.82357931137085,25.690082957146938,22.981594572922052,27.776511286894,23.911443003467834,22.074219905526906
ABR,2007-06-29,5.854639842739489,5.723747895772701,5.725966453552246,24.76150722824673,23.179826711552348,27.078346209582715,23.99754164718248,22.12604462300517
ABR,2007-07-02,5.874604857276811,5.672720808328793,5.856856822967529,25.767356692151477,23.687306042947533,27.363335773323747,24.143461628981218,22.15411331225171
ABR,2007-07-03,5.843545902861557,5.757024288499504,5.82357931137085,24.82096706097018,23.600713458177015,27.252206241588706,24.123294168272935,22.13299538158507
ABR,2007-07-05,5.847984274258384,5.7481512953456,5.781428813934326,24.770629210055727,23.32015707826623,27.219171568244327,24.125634625118558,22.14447286863942
ABR,2007-07-06,5.839110210849923,5.779210421786779,5.783647537231445,24.725879679206688,23.2875999269724,27.218535345779994,24.11710229601803,22.143952257425674
ABR,2007-07-09,5.839109103444766,5.737058006451451,5.754806041717529,24.43817450891431,23.241868651627403,27.002413980493774,24.10663719883597,22.140551364744404
ABR,2007-07-10,5.754807452852193,5.6017303466796875,5.6017303466796875,25.437217832018455,23.55227606192054,27.158270879059852,24.299342437186926,22.28740533262056
ABR,2007-07-11,5.615042257911647,5.5018983267721175,5.5351762771606445,25.196662446980824,23.47812221281687,26.92674515610085,24.307335725854667,22.32132152510652
ABR,2007-07-12,5.697125244217681,5.530737242567149,5.635006904602051,24.997832275679592,23.52983912271972,26.680677652555733,24.32705576417507,22.390104370730597
ABR,2007-07-13,5.630570752379061,5.56179715175237,5.6017303466796875,24.92507077785652,23.462187751447182,26.6832586647289,24.335151667881185,22.39301749620654
ABR,2007-07-16,5.6793744561227335,5.586197203414565,5.597289562225342,24.449128464692073,23.382456601406922,26.68036605453588,24.327385694385097,22.39327649364654
ABR,2007-07-17,5.6727207525502985,5.570669662062004,5.590636253356934,24.233350845180095,23.26912887788275,26.68142191294139,24.22713410343499,22.393770324919828
ABR,2007-07-18,5.5484854038525935,5.413156357395078,5.537392616271973,23.753687576335675,23.23173256739709,26.56955588051205,24.252278695122833,22.393188155989435
ABR,2007-07-19,5.581761487664056,5.5174250287956275,5.524080276489258,23.419538743634234,23.13251003682779,26.258905162807345,24.243675640386634,22.366891458147283
ABR,2007-07-20,5.528518012579023,5.3355077679588305,5.386533737182617,21.74320876572267,23.53345928330116,25.904655749312933,24.40772907336525,22.46807348964136
ABR,2007-07-23,5.470835953385406,5.255641016195826,5.328851699829102,21.62550538565752,23.50623188631386,25.93010340974835,24.43554238125822,22.48324199495951
ABR,2007-07-24,5.359911203700513,5.169119525897321,5.204615592956543,22.295923552125654,23.834113074237525,26.14849031504444,24.573802585805673,22.547224613576873
ABR,2007-07-25,5.251204923668575,4.965017380900523,5.018261909484863,23.827252619222676,24.291264366537337,26.328627237766376,24.894280610483648,22.815146184557303
ABR,2007-07-26,5.013823758022095,4.783098925693724,4.89846134185791,24.140267843650403,24.547196630644493,24.93900526337778,25.039824807532597,22.936473665858603
ABR,2007-07-27,5.024918242764434,4.811941775044881,4.8274712562561035,24.204154204770404,24.560811471416955,23.63978441774071,25.052773751564484,22.831825857371733
ABR,2007-07-30,4.840781005639742,4.556812450886182,4.658863544464111,24.504152318482106,25.302428897192865,24.20139455642381,25.190850749007566,23.089716478280188
ABR,2007-07-31,4.805285017228522,4.381550312042236,4.381550312042236,28.70797314425116,27.721659687779578,25.374265655477547,26.16692741244398,23.854201751097353
ABR,2007-08-01,4.314996218616546,3.7182177262140144,4.108675003051758,32.16607418401166,30.106302812083808,27.111671476153955,27.125160828682098,24.6645525439687
ABR,2007-08-02,4.41926365716333,4.108672923703633,4.397078514099121,39.41484947942547,33.702882239234015,29.375130398121037,28.24782105238084,25.606427775624212
ABR,2007-08-03,4.658864295676998,4.073178633913085,4.257314682006836,39.420719141497855,33.982228903562294,29.09077378285317,28.41487201479972,25.792015529142375
ABR,2007-08-06,4.303901843878911,3.937848413970136,4.2595319747924805,39.26654598144907,33.96067621271888,29.094383976283044,28.396376912648602,25.77897546621305
ABR,2007-08-07,4.332744411978145,4.148608344136696,4.177448749542236,39.33771799972068,33.79945564913255,28.852493185153964,28.469554007678227,25.75334988402695
ABR,2007-08-08,4.898461626736097,4.053210890943919,4.405953407287598,43.27257429445539,35.956874547485334,30.242990385456192,29.20989199525171,26.31818800735494
ABR,2007-08-09,4.547938280415551,4.139733054565554,4.241784572601318,43.500716881348,36.28605017566324,30.666918636880165,29.494616772959176,26.5068337949528
ABR,2007-08-10,4.479164257248018,4.046555367306132,4.097580909729004,43.931584224883885,36.386565532817336,30.90047304372997,29.73487986443189,26.667972464030886
ABR,2007-08-13,4.29040895509781,4.076921447149429,4.1802215576171875,44.84357580396532,36.49725425646448,31.08500847635972,29.841433468335442,26.743422999526388
ABR,2007-08-14,4.23072452894606,3.9621435229948316,4.0034637451171875,44.67958135180203,37.26665519019705,31.6505684756682,30.236616864478467,27.046252865370935
ABR,2007-08-15,4.010349526724112,3.193128992406943,3.8680248260498047,45.06312874543023,37.185071393973196,31.990339204643487,30.3649397175338,27.252418921290744
ABR,2007-08-16,4.230723991912691,3.684379583181173,4.219245910644531,53.666003560174126,41.902437012303125,35.170088529919475,32.14930583818354,28.568734175329325
ABR,2007-08-17,4.843639872421483,4.26974890265221,4.377640247344971,55.323999903789165,42.797497459140374,35.77681243189747,32.46708938962596,28.786181121519256
ABR,2007-08-20,4.510783412249127,4.363867448548377,4.3868231773376465,55.40989506187168,42.782365411577096,35.71080045624299,32.47019739818653,28.785688500152617
ABR,2007-08-21,4.418960240681966,4.276635094824209,4.304182052612305,55.23433734384222,42.85453246999521,35.74463142594793,32.531020795400735,28.83854180912116
ABR,2007-08-22,4.680653941466332,4.331728614394709,4.536033630371094,57.999350466603715,44.38031685876566,36.76285839825609,33.15979156705934,29.322599548228386
ABR,2007-08-23,4.703611009630706,4.55210380693088,4.572763919830322,57.708055983570674,44.147162374420525,36.80782001466862,32.91247100599132,29.320513885344585
ABR,2007-08-24,4.586535520748683,4.402890625782917,4.490121841430664,57.79908151060048,44.210924098136374,36.86886530370874,32.968565832518294,29.28920720831879
ABR,2007-08-27,4.476351030487226,4.405188649522012,4.471759796142578,57.774319320191914,44.04865075447605,36.86832109454219,32.953902011981526,29.26028137083869
ABR,2007-08-28,4.471758477473535,4.269749042165515,4.272044658660889,58.78381804634648,44.705542028433506,37.439485526266466,33.35991440182699,29.605404963405128
ABR,2007-08-29,4.3960046946353035,4.2490887480294415,4.352388858795166,59.3244589875254,44.8989958242617,37.560096982594004,33.44842313857519,29.668990047225602
ABR,2007-08-30,4.384525907663654,4.290407849170808,4.373047828674316,59.41929079371802,44.844359526955515,37.44771772007705,33.443687172095714,29.671430378950532
ABR,2007-08-31,4.607198416670558,4.4350310591696,4.5957207679748535,61.43992904456466,45.70084954516213,38.403412765974934,33.99092555096012,30.088193444568727
ABR,2007-09-04,4.7495218277660864,4.579650151847944,4.678359031677246,61.7763751266132,45.88894499791242,38.52910680060238,34.0571279536422,30.142579057117423
ABR,2007-09-05,4.687542352594143,4.499306148664588,4.508488178253174,62.25921321739657,46.3666043346157,38.800179882068086,34.2997994349501,30.361624464519675
ABR,2007-09-06,4.510783595914382,4.384527739198813,4.400596618652344,61.81755850006626,46.467379718211824,38.872230311180125,34.23260183678315,30.43481324465388
ABR,2007-09-07,4.368459947787021,4.17563247062932,4.29500150680542,61.821065621286905,46.57819898176862,38.85491508254433,34.187862792932485,30.49575162235394
ABR,2007-09-10,4.34779898594692,4.134311432105371,4.164153575897217,62.235724779685384,46.85951309393288,39.05901573888114,34.292320319108626,30.640307428843293
ABR,2007-09-11,4.313364517823017,4.136606003113169,4.304182052612305,62.47907348709541,47.33916608786629,39.48365333856074,34.54178091700904,30.819309610779825
ABR,2007-09-12,4.40059501145028,4.272043584927944,4.308772563934326,59.948457559282446,47.356847326340414,39.44332253870088,34.53900022389978,30.809547054683563
ABR,2007-09-13,4.4717578935498725,4.308773084257659,4.402891159057617,57.11439018129847,47.64321626771068,39.63526567362326,34.6508817165953,30.84646510152984
ABR,2007-09-14,4.581943915909411,4.040191300941089,4.575057506561279,54.765710414943804,48.182107361499426,40.1848544478014,34.85078823205679,31.08827986383816
ABR,2007-09-17,4.579651236414395,4.370754907243342,4.478646278381348,54.26926676344033,47.96514428573295,40.27057683817121,34.920013248931596,31.15635453580906
ABR,2007-09-18,4.761000950558671,4.3868241116260815,4.712794303894043,56.11253127291387,49.243941095886996,41.19318625605173,35.460129246264785,31.574816871087457
ABR,2007-09-19,5.043353212989697,4.756407754943865,4.903324127197266,56.63457019339862,49.968264399900306,41.76615892061241,35.78816004198532,31.82874390379004
ABR,2007-09-20,4.9584192029794405,4.669178035372522,4.728862762451172,55.99045219457777,50.414236835232394,41.925630209424305,36.01851972136888,32.019876247993245
ABR,2007-09-21,4.740339440753405,4.579650227923503,4.591127872467041,55.5149101349538,50.5652244624004,42.1135070560245,36.14226917932387,32.143449471351175
ABR,2007-09-24,4.614083737832964,4.467167343772166,4.519965648651123,54.67559067218994,50.61546463213284,42.14110228715157,36.10712706221841,32.17787149571587
ABR,2007-09-25,4.483238329017325,4.3891202047887825,4.421257972717285,54.91735582845861,50.681926660062224,42.23692512615495,36.1495334519519,32.24849363882257
ABR,2007-09-26,4.4901238847221565,4.343207901893442,4.4281439781188965,53.231422464063286,50.387289369138585,42.24339932530179,36.15024739645666,32.24744061459376
ABR,2007-09-27,4.542920913319484,4.4625760937595675,4.476349353790283,52.04317512815555,50.486473463692015,42.305943429301564,36.18121917859302,32.258713691865566
ABR,2007-09-28,4.51996529202625,4.324842279418566,4.336319923400879,46.89877797115407,50.795281440494065,42.426893038179315,36.27213452556686,32.379152643766595
ABR,2007-10-01,4.705905154308023,4.347797372478949,4.607195854187012,48.94000061419532,52.52664513015952,43.612559664311405,37.026260779527725,32.944895997646974
ABR,2007-10-02,4.88036943177692,4.634744137966403,4.738044261932373,49.530573515769014,52.928156859608286,43.84606122931226,37.19481711574222,33.06742212678772
ABR,2007-10-03,4.816091715913975,4.678357829841948,4.760998249053955,49.10792131703671,52.72023742794778,43.788027257001886,37.19539175418903,33.02805341557118
ABR,2007-10-04,4.806912417915253,4.696724983828298,4.712794303894043,46.974764014418184,52.708196309912935,43.75541236156411,37.2086797313191,33.02372363470328
ABR,2007-10-05,4.848230883872988,4.584240699558698,4.657699108123779,47.077010236462804,52.56426518841035,43.60367214363228,37.12154578324052,32.974595994635244
ABR,2007-10-08,4.744929939030103,4.58653592935849,4.620969295501709,46.812165204153075,52.57030709169223,43.485505597317555,37.12755530963594,32.978523571141714
ABR,2007-10-09,4.653111433094769,4.490126052831154,4.568175315856934,46.93042608235038,52.5950272405425,43.29563719576156,37.12001468409035,32.99624308870451
ABR,2007-10-10,4.689836279933717,4.568171257344844,4.607195854187012,44.856969300316266,52.649822841507785,43.33138796807881,37.14041404715977,32.952006251035556
ABR,2007-10-11,4.676063147124705,4.5199647555654,4.536033630371094,44.8844305926526,52.6950163333559,43.19515404552124,37.174034182091106,32.984852829675
ABR,2007-10-12,4.568172401526154,4.334024761826642,4.379936218261719,46.08868112146393,53.093097519006584,43.469985939484154,37.37646991528738,33.161325041347034
ABR,2007-10-15,4.425847461098296,4.246793315055857,4.272044658660889,44.141108320532005,53.08843737130764,43.58746544945914,37.438841151191646,33.22798804593086
ABR,2007-10-16,4.317956598993004,4.13201600152093,4.2467942237854,43.72881516696505,53.07082455285433,43.54810827724891,37.41916977904497,33.221454287350184
ABR,2007-10-17,4.3638665810949275,4.154970322540976,4.255975246429443,42.55884506921186,52.92250890115228,43.55565283545697,37.41580215760535,33.21637160367342
ABR,2007-10-18,4.207768580951037,4.132014990309132,4.1618571281433105,42.477522701722535,52.62379839476523,43.59271243083215,37.41920229238675,33.27763356496019
ABR,2007-10-19,4.2008836053330105,4.104469861710076,4.145790100097656,41.94959871926646,52.441208723043594,43.41644643115514,37.41910931426402,33.265503063161866
ABR,2007-10-22,4.3477978866751075,4.08839893644501,4.304182052612305,42.41698369414796,53.023226255300216,43.907118505421884,37.72198510407516,33.476343760269565
ABR,2007-10-23,4.405187983339352,4.216951782117225,4.2605671882629395,41.42495232727655,52.58892990097716,43.83927598925622,37.395984178918035,33.44550379815676
ABR,2007-10-24,4.292704195303637,4.132014564865697,4.187108039855957,41.71494536955158,51.20424597859121,43.85409682131312,37.43536974156125,33.48461037535155
ABR,2007-10-25,4.290410515271664,4.143494077820519,4.221543312072754,41.2631116172863,49.48819226687959,43.8104000431487,37.416574687958445,33.49184232430088
ABR,2007-10-26,4.373050008906717,4.246794141985357,4.299592018127441,39.97384106357943,47.61313157577657,43.904964490827474,37.47834950332598,33.49108137957983
ABR,2007-10-29,4.40289136440726,4.246792958577474,4.304182052612305,39.562426355139166,47.14621678511258,43.5166322075773,37.480417139440625,33.491817421271435
ABR,2007-10-30,4.311068435794651,4.168743305312309,4.191699028015137,36.94941828595971,47.46164144326354,43.64447897395622,37.49074346864607,33.58363205027513
ABR,2007-10-31,4.3340253829956055,4.152676023557982,4.3340253829956055,36.34973202749686,47.78363359180233,44.04255263129468,37.687919558757066,33.75261347150012
ABR,2007-11-01,4.299591342117881,4.132015272269532,4.157266616821289,36.796177544222935,47.27315606019358,44.406240821734286,37.85573174679179,33.993567587180614
ABR,2007-11-02,4.212360775911171,3.7968637406928427,3.8060457706451416,43.60336025058312,49.999742103168614,46.36510365929408,38.99589176460387,35.07833638718593
ABR,2007-11-05,3.8863914293991955,3.7188152974870614,3.7578399181365967,43.55761336305727,49.5867856300828,46.38208937740178,39.008800719895056,35.07101335167515
ABR,2007-11-06,4.2146542095852055,3.7922705423227083,4.097580432891846,50.871384794416784,52.600731280510736,48.49260353520247,40.44476456948797,36.16422519590546
ABR,2007-11-07,4.07462522722691,3.78997540473938,3.78997540473938,55.348565232975176,54.271197346961166,49.894772539973474,41.40132942279986,36.95008381215313
ABR,2007-11-08,3.923119461282049,3.730292023208654,3.8473658561706543,55.46748247462913,53.91231324558212,49.97156952958712,41.417287006643086,36.89087742595461
ABR,2007-11-09,4.230724812260791,3.8795033385449513,4.092990875244141,58.12432071560211,52.41042952583004,50.895526881193376,42.03002218678039,37.43283463299758
ABR,2007-11-12,4.3707544126474716,4.1457887900522925,4.281227111816406,56.825491919961216,52.68300535183692,51.27048556750157,42.20662548082932,37.68100948576977
ABR,2007-11-13,4.44506710589853,4.179123163944915,4.4118242263793945,56.92365121707928,53.04909850355737,51.52023741725738,42.378830375496584,37.756130358782045
ABR,2007-11-14,4.423695137469552,4.1862450388788055,4.250356674194336,57.76271964219421,53.46070076417254,51.778190612840966,42.57989309275762,37.89614261048499
ABR,2007-11-15,4.307345835588452,4.167250202415707,4.1933698654174805,57.80268496312505,52.38299198217059,51.78892816984,42.470168609947756,37.90590192490005
ABR,2007-11-16,4.259856742535565,4.036653426270853,4.160127639770508,57.76822289134543,52.363447342398196,51.71951310400139,41.92760614360608,37.91078119769089
ABR,2007-11-19,4.172001132478394,4.039029109332193,4.115013122558594,57.79335248564653,52.28528406184098,51.73102032289514,41.50061626155198,37.92021533139411
ABR,2007-11-20,4.181497543516484,3.9416728229234628,4.0176568031311035,58.04825019752735,52.48594256193774,51.78957918610448,41.577886594182516,37.97205250688484
ABR,2007-11-21,3.9725418389819467,3.841944406799404,3.884685516357422,58.525490859477436,52.11263360073145,51.83665092844917,41.57076419175359,38.100153353583785
ABR,2007-11-23,4.100764906821636,3.8894339288823376,4.067521572113037,60.314497457221435,52.86222113403388,52.442145562315844,41.96697723568483,38.3927409897089
ABR,2007-11-26,4.155379169745413,3.944048602612199,3.993912935256958,59.749699657266895,52.96327869227484,52.49080614912807,41.98351431066589,38.42904687845719
ABR,2007-11-27,4.084142924784269,3.803951664094851,3.858565092086792,60.115683831410124,52.29356564485473,52.71302237024027,41.892186774530316,38.51113142293078
ABR,2007-11-28,4.0698945839017915,3.8775601290130006,3.9582931995391846,60.68858134338383,52.44745951506761,52.92118729975397,42.02165579774584,38.60291506667561
ABR,2007-11-29,4.084143161773682,3.9060555318050665,4.084143161773682,61.459266824723514,52.41259689961877,53.078452008256164,42.0955510958747,38.737512915168104
ABR,2007-11-30,4.195743644253374,4.039026601071089,4.060397148132324,61.15468817991911,52.20939858162765,53.061533751977386,42.09151460929433,38.739777883574554
ABR,2007-12-03,4.209990604266926,4.048524446928966,4.112636089324951,61.27294426972571,52.06604393591078,53.01644294139065,42.11315003032118,38.764592701456465
ABR,2007-12-04,4.155377687767473,4.0129075050354,4.0129075050354,60.5850310271499,51.92391485299221,53.123582320639905,42.147275751447026,38.83277900830734
ABR,2007-12-05,4.155377312839491,4.017656254301389,4.103138446807861,60.94763057847317,51.670444052573615,53.27720424587794,42.23234113238566,38.74418663848617
ABR,2007-12-06,4.283600354961468,4.062771672301238,4.221863269805908,61.342805214781826,52.01799425409178,53.51269030984002,42.38642934849287,38.86015283065882
ABR,2007-12-07,4.300223058778978,4.2147408459885805,4.21711540222168,61.29775801143747,51.81655493880973,53.502320950050674,42.386428842112146,38.84999661284002
ABR,2007-12-10,4.559044520095391,4.238486624433934,4.449817180633545,63.05181436930843,52.40332231588266,54.24726451124401,42.90205314276426,39.239653010450475
ABR,2007-12-11,4.52580007552082,4.2598561409701015,4.295473575592041,63.93062698627833,52.718750004669104,54.3798370238593,43.07731598396456,39.38616207972614
ABR,2007-12-12,4.41657444164469,4.167251424279848,4.2764787673950195,63.45665316036164,51.611122463995244,54.36392004899901,43.03308994378455,39.379801905387794
ABR,2007-12-13,4.274103747876534,4.096016091715012,4.264605522155762,62.69721579398729,50.890103652504,54.255764793983886,43.01777324456262,39.37736619237859
ABR,2007-12-14,4.285974571743573,4.08651643066729,4.112636089324951,62.4108020340464,50.89172264448114,54.25291393112618,43.16548332663493,39.523999642722316
ABR,2007-12-17,4.150629413725121,3.898932326935009,3.9084300994873047,58.66661797254499,51.56411121722494,54.69593170135455,43.539796610985604,39.82135429467159
ABR,2007-12-18,4.043776232572996,3.917927489561193,4.036652565002441,59.20644588056139,51.983519613162876,54.93243953260274,43.73035359474519,39.86134414806472
ABR,2007-12-19,4.036653942001966,3.953546270263027,4.022407054901123,53.56645076095443,51.814455224569976,54.66602590637055,43.729574342737486,39.77232068794779
ABR,2007-12-20,4.055648594043175,3.913178411701098,4.0247802734375,48.277735384623554,51.812338596518934,53.81611173071259,43.72259059604431,39.733923103899436
ABR,2007-12-21,4.093640361735796,3.948795631319847,4.081768035888672,48.255823129839925,51.84965538083682,52.89407114212869,43.74699619586258,39.763185041413834
ABR,2007-12-24,4.274102885382353,4.096015265158089,4.266979217529297,46.605126218012146,52.29942624841002,52.254588462077976,44.04444339028181,40.025417103338015
ABR,2007-12-26,4.3073469659876755,4.107888739393504,4.247984409332275,44.75410144743026,50.74204860599396,52.00690093347862,44.03859606844367,40.02564509556885
ABR,2007-12-27,4.231361467747184,3.96541756171717,4.008158206939697,46.8127408628713,51.67462856973767,52.81792000351398,44.518084870798155,40.346731912535276
ABR,2007-12-28,4.107887382439953,3.8823100134043576,3.9036805629730225,46.22715272888576,51.874158157875485,52.892569922715325,44.56531010474771,40.41731391733577
ABR,2007-12-31,3.8918069346383515,3.7992015419806116,3.8253211975097656,46.404438362728975,51.97248559436879,52.26836816383721,44.58747566415835,40.4480364096851
ABR,2008-01-02,3.9511705093687994,3.808700775981169,3.858565092086792,46.501770980588155,52.00190037091985,51.96138714637667,44.54838560786362,40.45663305039911
ABR,2008-01-03,3.972541492914775,3.8443186283111572,3.8443186283111572,46.43557741808328,51.992524187510604,51.68296982700389,44.535239750346335,40.4542939583116
ABR,2008-01-04,3.8751864777585565,3.787329947115024,3.8134493827819824,46.017660786799965,51.97354308200628,51.58996789719568,44.524442418483446,40.44084034007893
ABR,2008-01-07,3.8514427941499636,3.6828533383234237,3.7303433418273926,45.436756975504146,52.0613093433279,51.25665377256693,44.559684912075895,40.44541270496369
ABR,2008-01-08,3.763585533950089,3.500015682893244,3.5047647953033447,46.46855232388709,53.390886541798885,51.91271862894185,45.090140453412445,40.86793061667267
ABR,2008-01-09,3.611617975040007,3.196080076258383,3.4643988609313965,46.34261349315931,53.02975513948917,49.98653597064335,45.08285174327947,40.876869932309354
ABR,2008-01-10,3.673355827702559,3.333801861059818,3.5593795776367188,46.342754622819115,53.21901052022986,49.81661110363307,45.22745498241384,40.982118879608734
ABR,2008-01-11,3.6804778677279577,3.4715216777409985,3.592621326446533,45.719042712180205,53.275169869585184,49.84503868496485,45.243365608398925,40.9470317843506
ABR,2008-01-14,3.8063263724600924,3.6044936382116943,3.787330150604248,47.51728890887243,54.47252899015965,50.51946692801258,45.732817539332586,41.31645730144171
ABR,2008-01-15,3.818198124899366,3.687600506309692,3.7849550247192383,47.50966606509697,54.30642297774381,49.77934720737043,45.6474838487114,41.316572920866534
ABR,2008-01-16,3.8989326535757503,3.70897243116222,3.8158249855041504,47.399811605794575,54.3404540983778,49.779641170956516,45.66012367340015,41.32384047717244
ABR,2008-01-17,3.929800065034587,3.6852266839795362,3.7042226791381836,47.630217127682485,54.03082917785049,49.908779884764776,45.76209441442437,41.415495901109786
ABR,2008-01-18,3.7992030125195297,3.466772839504129,3.568876266479492,48.04433833249188,54.47732941985471,50.22153780378771,45.93703397522734,41.492533749155726
ABR,2008-01-22,3.9487958720943426,3.357545267882718,3.5617523193359375,47.01635404111035,54.394340450432374,49.73628432498071,45.93497756625443,41.49232354406114
ABR,2008-01-23,3.9986604297271398,3.4335290642800635,3.9891622066497803,58.32033280926772,59.33622374862264,52.89864779532586,47.96624271257613,43.0626612613168
ABR,2008-01-24,4.153002931532599,3.87518624712269,3.9891622066497803,55.901002924618325,59.20082554427213,52.89121259618985,47.905748646650345,43.06262036899895
ABR,2008-01-25,4.181496921486665,4.0057838801701005,4.077018737792969,55.538938113784674,59.38740663514028,52.39533420537924,47.977692401605815,43.127976172821185
ABR,2008-01-28,4.409449537258182,4.08414306146286,4.257481575012207,57.041309713415785,59.824381191900756,52.785655304753746,48.25518700630768,43.36450970298767
ABR,2008-01-29,4.371458478825576,4.115012261403176,4.117386817932129,57.85156510958976,59.811813002467275,52.72729962625229,48.36055814353975,43.46134463940577
ABR,2008-01-30,4.314471383728118,4.096017119251994,4.115013122558594,56.88580914942701,59.20482004413255,52.59460603188828,48.33519483651945,43.44960937654622
ABR,2008-01-31,4.264603469443745,4.036651596670857,4.198117733001709,55.05036612267863,56.41583099226955,52.55821490265049,48.31587483746216,43.50142628884545
ABR,2008-02-01,4.459314630170385,4.2384858860115875,4.416573524475098,56.169230117242655,57.21878434109456,52.941043759998884,48.6642232480545,43.78077864745755
ABR,2008-02-04,4.464064585825415,4.307347454705828,4.437945365905762,56.136985704768136,54.48904249755826,52.68914376783245,48.55761197850307,43.78575921838277
ABR,2008-02-05,4.452192286650339,4.262232263580093,4.274104595184326,57.37441612442504,52.570265718783936,53.03166692485224,48.74001698971448,43.93210257427169
ABR,2008-02-06,4.38807880638148,4.1648759841918945,4.1648759841918945,57.81150869807037,52.80550960123236,53.07317973375617,48.73828422760067,43.79887440752157
ABR,2008-02-07,4.255109075905047,4.086519140004491,4.23611307144165,56.54264020357469,51.38827292544934,52.781720100470594,48.78465454910169,43.84043273133159
ABR,2008-02-08,4.376206788678435,4.04615119103799,4.110262393951416,57.19603371641148,50.920634981970835,52.88807943473897,48.8924220787446,43.902282933474055
ABR,2008-02-11,4.2004933322626465,3.984413729322249,4.0247802734375,54.949129510445296,50.67930816624673,52.32422286836682,48.91715587331183,43.93096057996277
ABR,2008-02-12,4.219490430761295,4.041402769447344,4.14113187789917,54.948286268927994,50.489831911551384,52.13050893897127,49.05325404831578,44.037610316942754
ABR,2008-02-13,4.212530326259598,4.000795754519376,4.062346458435059,54.91153991458126,50.566442959933234,51.91302768723165,49.06990127570174,44.016724136520935
ABR,2008-02-14,4.062346797911453,3.8333780850758465,3.8801567554473877,56.58715406682913,51.395032223419,52.20138538606916,49.26302333608463,44.20129076846758
ABR,2008-02-15,3.9687905780856294,3.8333787141758706,3.914625644683838,56.6290808972599,51.39448757027492,52.17956804188169,49.27273034646877,44.149817384425525
ABR,2008-02-19,4.018029487681858,3.86538378491718,3.8900041580200195,56.60804648757091,51.18241882910169,52.0807242696939,49.24125299289688,44.04575013785297
ABR,2008-02-20,3.9466314778480864,3.759517273356778,3.9392452239990234,56.29011784029596,50.780101803591805,52.12538024175848,49.26150387695121,44.07131279111411
ABR,2008-02-21,4.015568993657336,3.892467783784449,3.9318602085113525,52.92523132149124,49.87727232707378,52.089952347743875,49.21056035987796,44.07003596530718
ABR,2008-02-22,3.9589409828186035,3.867845975509646,3.9589409828186035,52.7279621125289,49.76216969346834,51.87506799555408,49.20375692313524,44.079944854712814
ABR,2008-02-25,4.037725689209093,3.917086377649908,4.000795364379883,52.328449551918055,49.28846204904993,50.96489662810158,49.02051507037469,44.065753166944624
ABR,2008-02-26,4.227301707072775,3.9884851820301073,4.111586570739746,52.748944204213046,49.32864757302613,50.95488657411201,49.137699837191676,44.0900977736205
ABR,2008-02-27,4.227301707072775,4.057421659167005,4.111586570739746,50.73040495650106,48.91287627248083,50.94556953323599,49.138255885563375,43.94574610521497
ABR,2008-02-28,4.111586213727462,3.939244096660758,3.9417061805725098,52.37395436094746,49.663554411948624,51.33696534471187,49.33431019937861,44.12706989743465
ABR,2008-02-29,3.9884855252730684,3.9392447777138173,3.9589409828186035,52.34304699609373,49.59733577000062,51.32103721582679,49.33272345722279,44.13126885346947
ABR,2008-03-03,3.963866777498562,3.892467946006104,3.9195501804351807,51.63910923408183,49.3869026851801,51.328600306768394,49.340967707120974,44.04640575177676
ABR,2008-03-04,3.902313781487524,3.653648941259572,3.7398197650909424,52.35043184242089,50.06326408211711,51.80789368943519,49.573709164009,43.898421297650394
ABR,2008-03-05,3.7989114627256004,3.5921009542846525,3.690582036972046,52.51826037194544,49.722463483752165,51.81071902695826,49.58929781873146,43.616607329664376
ABR,2008-03-06,3.646262886398344,3.35820564572311,3.4443764686584473,44.69380073944654,51.571074815725794,52.8464734873825,50.19609587339308,44.12576330338196
ABR,2008-03-07,3.6807312174403926,3.3852879522072126,3.392673969268799,44.76477650005182,50.228625664267824,52.63121452470996,50.1088659104488,44.03173667716542
ABR,2008-03-10,3.5748651018496496,3.3902129846416464,3.454225540161133,44.577188855489716,50.020508283908605,52.607517238041154,50.05084005643151,44.076564801077815
ABR,2008-03-11,3.675808075532698,3.503465918486667,3.5600926876068115,43.4764979780028,50.497794461564325,52.85289884188559,50.19324465546341,44.182227255773846
ABR,2008-03-12,3.8284535463062213,3.5847128332457823,3.7176623344421387,44.92656568713291,51.384112393805935,53.33214078854404,50.466907812184694,44.23770295784378
ABR,2008-03-13,3.739820195557434,3.547782089271887,3.6733455657958984,44.985922734983056,50.93683030144378,53.25349862577839,50.47186140369734,44.2457804450492
ABR,2008-03-14,3.752130848046,3.5699408211129664,3.7004282474517822,44.552223487527165,49.930332058158214,53.26920850833125,50.44652224725999,44.17847456917773
ABR,2008-03-17,3.75459261551791,3.5034656524658203,3.5034656524658203,43.72632645412235,50.637475174324784,53.57685025479986,50.822040404511505,44.48568638844156
ABR,2008-03-18,3.7570550441741943,3.5970230722286534,3.7570550441741943,49.085271089518166,52.75583634207802,54.76227327610829,51.51620110213906,45.05848826110414
ABR,2008-03-19,3.9392443451699393,3.754592266490098,3.8407633304595947,48.742665248931836,52.968476031369306,54.82422636171329,51.51238634332179,45.09472254072629
ABR,2008-03-20,4.168214444048007,3.976176046538397,4.126359939575195,52.891338892901295,54.94013434273417,56.006266090038295,52.25068549569125,45.685162651939315
ABR,2008-03-24,4.242075003289429,4.022954616517761,4.094353199005127,52.67507065879319,54.18273832125367,55.93948695076193,52.25147553786119,45.68522753975093
ABR,2008-03-25,4.123897149583734,3.961403329316958,4.015567779541016,52.25142547406762,54.31394071673943,56.01954682939096,52.29177172667109,45.718325565582276
ABR,2008-03-26,3.9884869727362875,3.833378890350517,3.8653852939605713,53.05590060257198,53.564324576462276,56.186101446961764,52.46481066281314,45.858685601847625
ABR,2008-03-27,3.936782979315269,3.816143655586781,3.830915927886963,52.330610746023844,53.32403620423594,55.93153415953198,52.38844155785544,45.861628602370956
ABR,2008-03-28,3.855536559922371,3.6758085936871816,3.7102768421173096,52.81246396021636,53.56499819744218,55.77496390957324,52.4950340712896,45.92817340802113
ABR,2008-03-31,3.8309162358755997,3.7053527330198697,3.7127387523651123,51.22897451397292,53.531645356421095,53.99700600021398,52.441743519240966,45.91906497255719
ABR,2008-04-01,3.8850791454315186,3.7669019437258306,3.8850791454315186,52.93371629658198,54.35037655700397,54.44098008511633,52.74247135849996,46.140864945419466
ABR,2008-04-02,4.062345122193869,3.8062942875202044,4.047573089599609,54.22183194098468,54.95859444718354,53.06704564906276,52.98725667967458,46.33923461687344
ABR,2008-04-03,4.032801411500956,3.8456874733551163,3.9687891006469727,54.44481017088412,54.918193688672,51.676211014513626,53.029292267116666,46.36680760929261
ABR,2008-04-04,4.062346861362313,3.9318594218618053,4.050036907196045,54.74704223864075,53.434164052087496,51.72044778414326,53.08603889127313,46.41897681903914
ABR,2008-04-07,4.4759674764263115,4.062346651336872,4.320859432220459,57.77192010415234,54.85046941634454,51.808156311256205,53.66528314674602,46.889933694170224
ABR,2008-04-08,4.394720221923919,4.222378068281965,4.372561931610107,57.789053903701806,54.66236089701459,51.35034468446289,53.61270513172801,46.89820116639183
ABR,2008-04-09,4.456271689940867,4.074656989740197,4.094353199005127,60.60613580149654,56.452178078348446,52.17832511910581,54.14336175884501,47.30029318403619
ABR,2008-04-10,4.320858735382472,4.074655947734592,4.182985305786133,60.92743649427166,55.61111103972498,51.963645412128216,54.14631384091444,47.35269521351426
ABR,2008-04-11,4.182987047735131,3.880157605521661,3.8949296474456787,63.247555476396066,57.588706425962656,53.13984455593817,54.62131006628748,47.85485023441491
ABR,2008-04-14,4.030340513142015,3.9023149294930244,3.922011137008667,63.26870901202596,57.5824557342815,53.14090618551957,54.56281718236813,47.83945665846928
ABR,2008-04-15,4.11897304000343,3.9515550483207633,4.054960250854492,63.93529991208443,57.62188589594057,53.38582930232471,54.692168488926704,47.95737619570456
ABR,2008-04-16,4.254386825273743,4.094354544126659,4.242076396942139,63.485816514884974,57.72863524356199,53.72671221267203,54.80676804468357,48.153454427587114
ABR,2008-04-17,4.313473736669445,4.133745781706876,4.212530612945557,63.36200860166845,57.75570535519582,53.46073040496516,54.33244765596429,48.14480932812779
ABR,2008-04-18,4.306086442406724,4.222377462038835,4.246997833251953,59.41291640857407,52.983464572854984,52.98201245668541,53.80311419969013,48.14824579609125
ABR,2008-04-21,4.259308812996875,4.185448151109272,4.212530612945557,59.22146002757729,53.016629948026484,52.9154612031033,53.205833234207425,48.14221825531435
ABR,2008-04-22,4.254384601622945,4.07711828305871,4.1189727783203125,59.740219319200385,53.047874818375185,52.74721168008353,53.13503086544057,48.180590208709965
ABR,2008-04-23,4.288853612145279,4.118973516283376,4.222378730773926,59.569620517098365,52.53796506383325,52.73866404556643,53.21712225846318,48.2399668957623
ABR,2008-04-24,4.308549246482175,4.153441680230441,4.283928871154785,58.56488961065198,52.1564595356861,52.557044822407576,53.1943278677263,48.26717307500611
ABR,2008-04-25,4.311013336680459,4.222380132102951,4.249462604522705,58.47871923567889,52.186709279821486,52.565119686422676,52.82588242958314,48.26700082585321
ABR,2008-04-28,4.399645066457472,4.2469990952528205,4.343018054962158,58.68132666916006,52.216370929818204,52.63814826329829,52.697337779698664,48.32502236782412
ABR,2008-04-29,4.409492797151927,4.2076065448459765,4.244536876678467,56.54086675489513,51.36929607530264,52.61921325753581,52.607231578018066,48.30591147696967
ABR,2008-04-30,4.424262306629262,4.210066222699252,4.251920700073242,53.24529845495728,51.35909603070616,52.50477388281818,52.5549697679105,48.3042164788605
ABR,2008-05-01,4.377485879198087,4.276542770468742,4.308548927307129,53.04870407170268,50.85325934222671,52.35182720842213,52.32409884528849,48.32536831902935
ABR,2008-05-02,4.426726526828837,4.062346471205253,4.229764461517334,49.327630401077656,50.71342337386081,52.435234426865954,52.208503100188075,48.354153698533786
ABR,2008-05-05,4.251922971819308,4.123897387967748,4.17313814163208,49.44141597918272,50.66888084146355,51.76481600513011,51.21091017390924,48.36491971002025
ABR,2008-05-06,4.195296601192511,4.104201344157649,4.123897552490234,49.222862936175666,50.345357701605785,51.49842316092541,51.04067678666513,48.371986368170376
ABR,2008-05-07,4.163289622459973,4.054960250854492,4.054960250854492,48.132550242978354,50.27818247759088,51.56087956659518,51.07724134863085,48.34792450760111
ABR,2008-05-08,4.1632895148778655,4.0081819498826565,4.022953987121582,48.11379598684859,49.95328744284992,51.57305468415755,51.03727616168828,48.34218517954327
ABR,2008-05-09,4.155902369807501,4.037725158061961,4.109124183654785,47.34694542834902,49.99259776289121,51.366962182131594,50.7145670620235,48.375071569265565
ABR,2008-05-12,4.256844866727683,4.091889040558946,4.251920700073242,48.16675778627159,49.53089374629468,50.99452817193034,50.87072510348353,48.48569671427371
ABR,2008-05-13,4.287674898182446,4.111468953674407,4.211063385009766,46.7300310889515,49.55922566164414,50.770485162249926,50.838492761561646,48.471540111743316
ABR,2008-05-14,4.239154317043585,4.0603946069256835,4.085931777954102,46.21065864313808,49.95354194786107,50.99881737035824,50.9589211829797,48.48692180192734
ABR,2008-05-15,4.1012535359796995,4.009320166490487,4.08082389831543,45.82574932053195,49.894852738704245,50.999256549450365,50.67462680113655,48.448061538983524
ABR,2008-05-16,4.111469182301304,3.978676275082582,4.0093207359313965,45.75386216992691,50.03307986206341,51.027574191667334,50.66622453172928,48.392344770948206
ABR,2008-05-19,4.111468267951368,3.94036988360735,3.9582457542419434,41.49295500878329,50.08581121995467,50.56201758173068,50.68348011484065,48.403422117745336
ABR,2008-05-20,4.006765784788745,3.9173861946363258,3.9505844116210938,41.25674389700955,50.039098493268774,50.55889020861296,50.33020214550237,48.34528051538863
ABR,2008-05-21,3.9710137830678764,3.799915422618657,3.863758087158203,37.27713688246922,49.9048914443366,49.83782189338729,50.344191930617356,48.383913751593525
ABR,2008-05-22,3.8790808125683323,3.6849992663232243,3.7028751373291016,38.387411528922954,50.623176200717246,50.11714399538781,50.404135386533966,48.551132530641446
ABR,2008-05-23,3.7616092381473853,3.700320345802024,3.7156426906585693,32.69363509236406,49.92480488594887,50.02057549045351,50.331660531790355,48.535267736296696
ABR,2008-05-27,3.817792716965381,3.5496533770226826,3.651801824569702,32.900983854157786,50.02342399519794,50.0723577946807,50.292941559430204,48.559181928295594
ABR,2008-05-28,3.6773383423807764,3.552206745587405,3.6007273197174072,31.25732810647556,50.06060099295932,50.11610336351762,50.190661182479204,48.55689105324571
ABR,2008-05-29,3.6415867269903233,3.577744043460509,3.5956199169158936,27.605370640329763,49.15348931385996,50.10220257339031,50.02852470984044,48.504210274231184
ABR,2008-05-30,3.6952150301125957,3.562422115687287,3.5879592895507812,27.618655382264016,49.08453984142492,49.984834154533694,50.0280973759348,48.49663220548859
ABR,2008-06-02,3.6390313651181483,3.5624201297760014,3.562420129776001,27.32325033734222,46.9854742422632,49.00061122448629,49.96065972337564,48.476266253915384
ABR,2008-06-03,3.6134953757227253,3.51134719121273,3.5445454120635986,27.315489409094567,46.88697421269987,48.9716521114387,49.74057949143889,48.46813544527112
ABR,2008-06-04,3.5956203767263495,3.5087942770559377,3.529223918914795,26.85353006930402,46.75915776638349,48.78723094276049,49.68559180181255,48.43020924251309
ABR,2008-06-05,3.5751916888752633,3.511348980145348,3.567530632019043,25.78211438898438,46.39824696808575,48.795151997670196,49.31648358682733,48.43450521131542
ABR,2008-06-06,3.585405536608376,3.498579437402645,3.5011332035064697,25.328131294896224,45.66399804279857,48.14026018835035,49.11374957283833,48.310705565870684
ABR,2008-06-09,3.562422274518819,3.4475054740905766,3.447505474090576,25.451726826644368,45.70483775249329,48.19638294121906,48.970384845970436,48.32263094612511
ABR,2008-06-10,3.473041259289704,3.245761272051359,3.250868558883667,28.106588864424303,47.168489380173405,49.03764204460501,49.32388876582648,48.651009221703625
ABR,2008-06-11,3.2559765605574054,2.7196979708141082,2.796309232711792,49.53994500249722,55.15295587813368,54.2785322971344,52.3458371764396,50.83589461390709
ABR,2008-06-12,3.0670016557744413,2.7299122221845415,3.0542330741882324,57.600333605057145,56.31507360670498,55.88368011654576,53.386748258313254,51.64278177678682
ABR,2008-06-13,3.4219685171773473,2.9648548089993807,3.0184826850891113,57.139300229834376,56.0873067796831,55.907187032048235,53.39735275555363,51.650725900579445
ABR,2008-06-16,3.115522917694284,2.9750689647631234,3.0746636390686035,57.7665344802582,54.03967944360273,52.88725329457738,53.430950543635035,51.661335741875966
ABR,2008-06-17,3.171704248953315,3.0644485308889626,3.067002296447754,57.80719968947617,54.03850137980256,52.88560952950204,53.314047103337224,51.66133888662515
ABR,2008-06-18,3.0695552914243764,2.796308533741868,2.8346142768859863,61.12743171287276,56.05612626650751,54.099994517661976,53.56336544168702,52.21244242277565
ABR,2008-06-19,2.9316552953365966,2.6558549798708007,2.7222514152526855,61.653733943129794,56.11547431802346,53.883363153701936,53.623283154790194,52.27266880302918
ABR,2008-06-20,2.72225201937283,2.607335236349911,2.6303186416625977,61.92937591024686,56.416242023343735,53.895806885634926,53.74221757703129,52.28525292016902
ABR,2008-06-23,2.8090776160224866,2.543492105703798,2.571582794189453,61.05100217866515,56.26564118559807,53.96839755301066,53.784611851436004,52.31377777124187
ABR,2008-06-24,2.5817978616007724,2.4643273220207096,2.4745421409606934,59.51405873505803,56.634704872163645,54.08524973472591,53.93590713585029,52.42010687351607
ABR,2008-06-25,2.5409391050153936,2.438790894744234,2.4924187660217285,59.91955809705074,55.66579700921652,53.374474080420185,53.948184874737024,52.42401672345503
ABR,2008-06-26,2.5256162612869666,2.4336826552187927,2.4541122913360596,59.800468358654925,54.765561109219504,53.36970613057544,53.95866753281761,52.40854103484782
ABR,2008-06-27,2.540938493367615,2.4285754891170552,2.497525453567505,60.47427141475495,54.9673240233547,53.254043184048385,53.99740235372275,52.44961617845875
ABR,2008-06-30,2.5307237687200503,2.22427895675975,2.290675401687622,63.79765107057367,56.96161843944905,54.69631975046738,54.86665106382669,53.08718494657872
ABR,2008-07-01,2.3698401078429776,2.2293861693914674,2.3034439086914062,64.16513815437283,54.9226144093177,54.60448164362708,54.751509386605655,53.029943886879195
ABR,2008-07-02,2.3596256835049276,2.142560691029519,2.1629903316497803,65.25927882382216,55.754172254409475,55.21609106466148,55.14311853834545,53.359189001806854
ABR,2008-07-03,2.203849049561391,2.004659860888341,2.0301969051361084,66.4548141050653,55.65769207969991,55.90582892179743,55.59146905144209,53.68821501134951
ABR,2008-07-07,2.157882697095672,2.0353047374336417,2.1093623638153076,68.32615748985074,56.189865655280535,56.083948063384305,55.81228521636352,53.85364248974176
ABR,2008-07-08,2.4617736127341407,2.0863786190409854,2.433682680130005,82.72519827229365,63.164585077787905,60.874431691671035,58.411953338700265,55.824271043662165
ABR,2008-07-09,2.433683497936194,2.1706516591903644,2.2191720008850098,85.77427433895808,65.40596595509363,62.098122568215494,59.35972449956823,56.47904605054629
ABR,2008-07-10,2.3928240535802514,2.096594003320064,2.1578829288482666,85.8336419449707,64.8965504228783,62.15564038522399,59.22912882683883,56.52546827110293
ABR,2008-07-11,2.2217247041473134,2.0327504732736865,2.1553282737731934,85.83738951043695,63.887358839667826,62.16022246193907,59.22512008518224,56.48442006113093
ABR,2008-07-14,2.285567836928401,2.0761639298086285,2.088932514190674,85.81277717330403,64.01155215799538,62.21824606934838,59.292859804640806,56.5508521570863
ABR,2008-07-15,2.28556739323727,2.0455190763248265,2.1348986625671387,86.53749653213804,64.25219192638436,62.374454139306835,59.35343871440648,56.60831991057975
ABR,2008-07-16,2.2830144153550225,2.1144697580286116,2.201295852661133,87.57929661447199,64.82647989632122,62.613849957289894,59.435783490627,56.712506824830044
ABR,2008-07-17,2.3545180673382173,2.1706510838121993,2.3008902072906494,89.2517878527251,65.74977102162198,63.06591911358381,59.70375672253707,56.91159078787186
ABR,2008-07-18,2.7299139095427467,2.3085521615374667,2.3698410987854004,89.87166616780446,65.86287644886944,63.09620204141542,59.76773183314101,57.00717589910842
ABR,2008-07-21,2.6609630084749925,2.423468153213592,2.5664758682250977,93.82790735150176,68.19804323000706,64.52600855617736,60.414402633781506,57.56616298675029
ABR,2008-07-22,2.8422759991039115,2.489864394098901,2.826953649520874,98.79391926064108,71.52546512168568,66.2159211380712,61.37492900010275,58.41576252854587
ABR,2008-07-23,3.189580545279408,2.709483515653363,2.7426817417144775,97.82889007686369,71.43268497729512,66.34163100766453,60.60798312688102,58.443739647582696
ABR,2008-07-24,2.86015173173382,2.6022272716549693,2.6481940746307373,88.2099580112053,71.58643355518758,66.5215018940889,60.721998222379526,58.43572688147868
ABR,2008-07-25,2.9776217306164465,2.640532551615469,2.7554492950439453,84.96723980872474,72.22387295011053,66.5171696733924,60.0095979296972,58.54732044108674
ABR,2008-07-28,3.0286972134103065,2.7299133960965962,2.895904541015625,86.3011853760533,73.04773929377917,67.02062159534036,59.639501105614315,58.76435196024542
ABR,2008-07-29,3.046573191834837,2.8601524136306122,3.0261435508728027,87.12494072752072,73.73351156936853,66.56119048773225,59.850550989773744,58.84705856499852
ABR,2008-07-30,3.143613555037161,2.7477889048495356,2.796309232711792,90.04655733880664,75.24010173589085,67.6619418610667,60.0763028266762,59.052411206399135
ABR,2008-07-31,2.908672415100202,2.752896129319488,2.798862934112549,87.13903383985205,75.24799538182356,67.58828976037063,59.81583854370294,58.71837598687263
ABR,2008-08-01,2.9878379079823403,2.788648779060995,2.7912025451660156,86.31547846943886,75.2202877416516,67.38967023331259,59.691412740001994,58.30403060954493
ABR,2008-08-04,2.852490600488435,2.653301532315929,2.7094829082489014,86.16145919908679,75.37372416548962,67.12449094305009,59.63607541239898,58.29101669696294
ABR,2008-08-05,2.9086728140567986,2.6507483084037355,2.8218467235565186,86.60553349433478,75.78394348560606,67.46728639708509,59.83915309968451,58.44481934318541
ABR,2008-08-06,2.906118544282591,2.8218462342430652,2.8320610523223877,85.7047767491307,75.34527936383391,67.45582915207231,59.83914118308529,58.41970827327769
ABR,2008-08-07,2.8499370794589423,2.750342658605686,2.7580037117004395,86.16769779863344,75.45178664554435,67.04958727802467,59.899721726938694,58.2126535113843
ABR,2008-08-08,2.975069324781087,2.821847011393104,2.829508066177368,86.20886095348975,75.58752066238064,66.19758602152544,59.93361278934762,58.16378356411226
ABR,2008-08-11,3.059342082624654,2.809078814254209,3.023590326309204,87.98044603488091,77.02922603603356,66.99021189258355,60.355235983316746,58.46412261268226
ABR,2008-08-12,3.0670035929999755,2.9367644169298655,3.0057146549224854,83.5833747201512,76.98424351806442,65.92907304937671,60.09346422601619,58.42730376432159
ABR,2008-08-13,3.0326698131951146,2.833187593849217,2.943711519241333,84.0284707832787,77.03748126716266,65.98491397691552,60.104268754595616,58.30899746695531
ABR,2008-08-14,3.0461493221881324,2.8951895991928054,2.9383208751678467,81.36052280116617,77.03765793952371,65.93452502099201,59.97759276436524,58.21371993016526
ABR,2008-08-15,3.000322471172622,2.5824877582556165,2.6714460849761963,84.33358219980315,79.16058163856412,67.31458062841419,60.90566090632852,58.298490524814405
ABR,2008-08-18,2.8790151655465603,2.7064898245605438,2.819709539413452,84.92784118789208,79.73605119018232,67.92870118995258,61.14031489195392,58.437852986917996
ABR,2008-08-19,2.827796595771385,2.6957070137952543,2.7091856002807617,76.05876407496649,80.04644087461794,68.02707518781551,61.30332783929442,58.56146708496519
ABR,2008-08-20,2.7738822316454423,2.682228161138483,2.7064895629882812,70.4581004336039,80.01126818409034,68.0252211459311,61.27743768599607,58.53634111427636
ABR,2008-08-21,2.763099467941379,2.6013569572288304,2.6364011764526367,70.38439165494492,80.10895589204176,67.67362328967423,61.28638915856276,58.332000244710535
ABR,2008-08-22,2.655271099976597,2.5609212662805825,2.5851826667785645,70.76503916808846,80.15912587320358,67.33414092077679,61.25023841165314,58.349001459061526
ABR,2008-08-25,2.636401011947052,2.3587433010622822,2.366830348968506,75.1657588753197,81.92780804386756,68.59604013873918,61.969840708371024,58.95821433515428
ABR,2008-08-26,2.6067481028837824,2.3587430941339482,2.369525909423828,74.98352212113876,81.94448174948953,68.4826250285012,61.97149405890578,58.95915126555591
ABR,2008-08-27,2.5016162496354806,2.291351156654995,2.334482431411743,74.71148671125735,81.96035985065457,67.5686964999966,61.61510803810146,58.813028094743395
ABR,2008-08-28,2.474658551312104,2.3210031120780705,2.369525909423828,73.74579535940613,82.08137747802834,67.59081117640147,61.537561096936265,58.80081105556617
ABR,2008-08-29,2.447702185170478,2.331786690077264,2.374918222427368,73.25040222152481,82.02261663691192,66.9229100650054,61.54094613368877,58.79832134492672
ABR,2008-09-02,2.5070081568984985,2.3857013645013985,2.399179697036743,69.34930606736225,82.0562140559661,66.8317149788619,61.56144391254139,58.579273153065
ABR,2008-09-03,2.5528339722901476,2.3991785363150635,2.5474424362182617,65.5098876555812,83.14532356034879,66.79214945644927,61.885623366774404,58.87744170742043
ABR,2008-09-04,2.5555303548203905,2.377613717090196,2.4854421615600586,65.33003567129563,82.49616021882623,66.84568242725048,61.67477683845601,58.81756885682653
ABR,2008-09-05,2.493528304790526,2.380308620655052,2.4530928134918213,64.70901128085671,76.70103265594743,66.58148028339826,61.547952071252276,58.78658058931525
ABR,2008-09-08,2.6579674195448506,2.4935293597236545,2.571704864501953,65.17055725102058,75.07970214378079,66.62270409022176,61.83136033809012,58.952955887677895
ABR,2008-09-09,2.606748478301515,2.3883961158816125,2.3964834213256836,66.14477081177685,76.3339776915571,67.430468407337,62.352561452451695,59.28029670745778
ABR,2008-09-10,2.480050211340293,2.3587434564263234,2.434223175048828,64.76682794317625,76.30103555725898,67.4798134452521,62.35882341330763,59.20170560836668
ABR,2008-09-11,2.4126580659596617,2.1970014230458097,2.3263955116271973,62.21044710582336,76.77055788111275,67.77320282543245,62.30504528713172,59.3569572501778
ABR,2008-09-12,2.3722232259482223,2.2643947455834885,2.3021347522735596,62.1859695442323,75.2116286296721,67.72553246231676,62.310604257635184,59.31312568366964
ABR,2008-09-15,2.2347417901983135,2.1565662730823862,2.223958969116211,62.69949963546543,75.09738535016096,67.697918057197,62.08128406962703,59.25605062486545
ABR,2008-09-16,2.285959836880359,2.1592617694643814,2.183523178100586,62.436705404859374,74.8866701306906,67.64067518809499,62.046295913458124,59.2475716383586
ABR,2008-09-17,2.210480086786349,2.0217806142099595,2.0595204830169678,62.44646851071288,75.64261990977177,68.13719903576612,62.35778717974085,59.260278581156854
ABR,2008-09-18,2.749621629714966,2.0406506468793477,2.749621629714966,106.95958045076348,96.19194798525415,82.68499500665794,71.30351025127266,65.94286644554485
ABR,2008-09-19,3.1620637359527106,2.6202269017278046,2.8062305450439453,106.85076034957399,96.26169608671823,82.72599569931603,71.3517722484332,65.89336223587989
ABR,2008-09-22,2.846666956059291,2.5097035513548747,2.595966100692749,108.93406372233905,97.585417376725,83.5435797539336,71.91479213669905,66.27186812316413
ABR,2008-09-23,2.5744007773766113,2.3857012991416293,2.48813796043396,107.4803523786183,97.92288372263,83.70256241994042,72.03458474234554,66.38022274268782
ABR,2008-09-24,2.63909680301456,2.533964150997384,2.5528342723846436,107.88427593698906,96.38178320031041,83.82159986556587,71.75271783470173,66.40960208701252
ABR,2008-09-25,2.6417921893449607,2.563616717995688,2.614835023880005,108.11059249926788,96.48646200885162,83.9367044797526,71.80762520053156,66.46017096196279
ABR,2008-09-26,2.7496221327402113,2.4800513303719014,2.733448028564453,109.01444448011928,95.90140540395669,84.28794512179131,71.93386899018898,66.61005316699371
ABR,2008-09-29,2.8520575469769183,2.4962243599468086,2.803534746170044,105.64269822705201,94.9623418554227,84.39144531446478,71.99257010146715,66.59810426344006
ABR,2008-09-30,2.8197093694523114,2.6040527704893974,2.695706844329834,105.07813876491126,95.14397103284996,84.57744230165089,71.84106158722149,66.40800988378167
ABR,2008-10-01,2.687619643356205,2.5878785266225655,2.6660540103912354,104.49030263251014,90.66889267638875,84.48778561754267,71.84908883664876,66.34492350267645
ABR,2008-10-02,2.7226645974556725,2.4935293638870304,2.5339648723602295,105.5020910455077,89.22375279082509,84.57927897135345,72.07087801606721,66.51815604419829
ABR,2008-10-03,2.7630998027583042,2.4962248591185614,2.587878942489624,105.4559340905761,89.0804655842325,84.67830650601395,72.04925239515018,66.55528533511803
ABR,2008-10-06,2.5097041321173745,2.1565662891522845,2.339874505996704,109.27768821324797,91.58299168008675,85.94664271591868,72.87377598841992,67.27216718802438
ABR,2008-10-07,2.4746594679476135,1.808819670187505,1.8196024894714355,128.79820323515602,105.06209313175819,94.39081253358485,78.60992332084768,71.7225828231401
ABR,2008-10-08,1.7683836390332748,1.4826387346829697,1.6497725248336792,131.31509491547294,106.74319786970412,95.45354612580212,78.15478009492183,72.33579264152358
ABR,2008-10-09,1.803428711402521,1.183415804866631,1.2535042762756348,151.7923666561418,119.9939064472282,104.36512314062276,84.41936032186989,77.22136229776767
ABR,2008-10-10,1.4152462482452393,1.0917614429200035,1.4152462482452393,157.01007548716169,122.48089201172571,106.46686823569516,85.70036340367571,78.24341167389696
ABR,2008-10-13,2.016389367832261,1.47994346786852,1.5527276992797852,160.14032109013942,123.9851559855207,107.69451929022568,86.2967612406999,78.78589334455168
ABR,2008-10-14,1.8600384571481272,1.3613325266007879,1.4934221506118774,160.12449474303116,122.81800742116225,107.66768648305165,86.32411625646085,78.8354778691735
ABR,2008-10-15,1.4934219006284921,1.2669824361801145,1.2669824361801147,164.0573623349926,124.86064952692386,110.4331934139486,88.3425194759865,80.4478791990432
ABR,2008-10-16,1.4826384004466227,1.280460436749356,1.4583770036697388,170.79737064753314,128.7282801267716,113.01261912464567,89.99176319660275,81.75032161361968
ABR,2008-10-17,1.4799431264262604,1.3748105862121536,1.412550449371338,170.83979200686713,128.70439259522598,113.06781495579095,89.7910668284467,81.77718853566961
ABR,2008-10-20,1.684817044503565,1.4017677296104303,1.4206377267837524,169.87523030312676,128.3263285857118,113.08621485833399,89.79267012816511,81.78328990451146
ABR,2008-10-21,1.4287251531577363,1.320896817884091,1.3451581001281738,169.52301294001447,127.9970554799585,113.30817666418467,89.89836255263988,81.82982591688935
ABR,2008-10-22,1.3397665627858444,1.2669824658705786,1.2696782350540161,169.54515698806432,127.76771040141865,113.5623360755066,90.07434786339596,82.0003788341716
ABR,2008-10-23,1.3020263052048895,1.1052397125242734,1.1941980123519897,169.80163046924895,127.43705174289464,113.8464820813206,90.26185154589218,82.1853189521432
ABR,2008-10-24,1.183415424730884,1.0782828799293467,1.137588381767273,169.93138907302225,127.59006840443328,113.99816497586382,90.35445801881836,82.28991604605453
ABR,2008-10-27,1.1941981455214181,1.0378471612930298,1.0378471612930298,171.06000630701413,128.52549348580692,114.65234416556567,90.89359259339564,82.70921613256803
ABR,2008-10-28,1.1295015595587221,0.7736680912655594,1.0755873918533325,171.96912718690726,128.93679834935458,114.90063535238421,90.93788335318085,82.80995432467664
ABR,2008-10-29,1.0917611767901574,0.8545389754886893,0.9138445258140564,176.419242180116,131.87548827455544,117.37928384350136,92.77091325077237,84.26890814776246
ABR,2008-10-30,1.0270645958376696,0.9084534442038988,0.9354105591773987,149.86273523417043,132.08024146530178,117.29322516724238,92.73746386654416,84.22761841571273
ABR,2008-10-31,1.0108899592926757,0.9165402554669537,0.9704543352127075,150.47244051311617,132.55159069855742,115.43202221883323,92.86729677163493,84.26031575270552
ABR,2008-11-03,1.5500312309820223,1.0243684528383368,1.2157636880874634,167.7117044806475,141.35021012783528,120.36738445702966,96.876897208949,86.97084644211867
ABR,2008-11-04,1.3208967447280884,1.1456757256804537,1.3208967447280884,170.5108625615627,141.7937398413359,121.25183305169587,97.42771554693167,87.40534900159264
ABR,2008-11-05,1.442202727946059,1.221154911521538,1.283156156539917,169.9428133326574,141.8178011532673,121.21968635553948,97.46408965560217,86.96414526946803
ABR,2008-11-06,1.3343746555944354,1.1861108763846657,1.1968936920166016,169.8618701249502,142.2667382256701,121.59909086358405,97.73903834895017,86.89663643599235
ABR,2008-11-07,1.3343748988000461,1.1672410975016252,1.1861110925674438,168.63891694280878,142.24589827609847,121.08905210896692,97.7180858226659,86.87545861794236
ABR,2008-11-10,1.3208966622661316,1.1052400171258603,1.1079357862472534,168.25518967215896,141.70250728054904,121.35382180481074,97.9024509054192,86.84869079642034
ABR,2008-11-11,1.180719712122865,1.0782828139478962,1.1321969032287598,168.91895116300537,141.18691347744334,121.38158314115304,97.95867512090892,86.74479800892118
ABR,2008-11-12,1.1979564267803247,0.9892432519697807,1.1865200996398926,170.27983104256163,141.65705780317234,121.67574861414874,98.07702435026057,86.82981297044836
ABR,2008-11-13,1.2551372051239014,0.929201831597838,1.2551372051239014,171.79727239362683,142.36082337989413,121.99500745125043,98.35070091770993,86.98636877866748
ABR,2008-11-14,1.2122518297744374,1.049284091490974,1.115043044090271,173.40503452508676,143.97450937166332,123.25019079497461,99.23840241040736,87.72000838111292
ABR,2008-11-17,1.1836604169390603,1.0006791287178234,1.0292699337005615,172.75376208582395,144.6002879353448,123.77436321699568,99.5029879579762,88.03790722101525
ABR,2008-11-18,1.1350562572479248,0.9292022190103442,1.1350562572479248,162.7529210188094,145.61860242242722,124.85902110221012,100.27248333144736,88.64086498417902
ABR,2008-11-19,1.0607200176175178,0.6947573280642534,0.8119797110557556,185.9932196841041,159.8903260426129,134.6848982174095,107.2961197933072,94.5628954614885
ABR,2008-11-20,0.8148387898567463,0.5174941096025774,0.6289983987808228,183.795320128162,167.13032831528525,140.15647355601337,111.21308708572404,97.75061017771836
ABR,2008-11-21,0.6147030557783262,0.5060578366240329,0.5317896008491516,183.17257148025527,169.59304753722014,142.08562889303167,112.73367790904668,98.9143969845486
ABR,2008-11-24,0.5832530359967855,0.5174941085887299,0.5546622276306152,180.73484014219702,170.06159037499543,142.14001503344858,112.8029108148286,99.03613538904199
ABR,2008-11-25,0.7576570510864257,0.5432257838468715,0.7576570510864258,206.69006628721172,183.386947846094,151.01002585177102,118.91112269423533,104.03095217426626
ABR,2008-11-26,0.7405026053895576,0.614702982613035,0.7119117975234985,202.68118178150547,182.84313758006044,149.21241229952892,119.07863898547615,104.13042566928674
ABR,2008-11-28,0.8005432401254154,0.6976162803494292,0.7805296778678894,199.8153314136071,184.30789833192273,149.56549776014552,119.66345341478156,104.52978378112961
ABR,2008-12-01,0.7976842576186626,0.6718845716706525,0.67474365234375,203.05542987750403,186.11009707442207,151.07511434150337,120.63603217685537,105.45081667197584
ABR,2008-12-02,0.8205568023829416,0.689039039381918,0.7805296778678894,208.83973030224792,188.73703408414852,153.11753740467051,121.66340163472424,106.53396082634194
ABR,2008-12-03,0.8748794172665688,0.7319252614452659,0.8262750506401062,209.73288751899523,189.08313537211686,153.44796801012754,121.85771705740542,106.70768672217379
ABR,2008-12-04,0.8577250787406356,0.7605162610230749,0.7633753418922424,210.19284840318923,189.36643894569357,153.76456336271355,121.76652886856903,106.91738488082925
ABR,2008-12-05,0.7805295822316793,0.6375754472905782,0.7147706747055054,210.27933432293366,189.53289497698543,153.8732849685476,121.94914036231859,107.02158111273302
ABR,2008-12-08,0.771952679539808,0.7290663930564235,0.7662345170974731,211.52599342427686,190.40578536185245,154.1574004384744,122.30290059374629,107.29369881788654
ABR,2008-12-09,0.7862478319396797,0.700475354815794,0.7262070775032043,210.5818954803202,190.5154936524414,154.16634973980788,122.36840578463828,107.22325124621877
ABR,2008-12-10,0.7605162234739034,0.6804618949238916,0.7204890251159668,210.10367241219123,190.52822938750927,153.46794805664936,122.36850926214795,107.18614150121222
ABR,2008-12-11,0.7490799952844959,0.6432939171791077,0.6432939171791077,207.50903556319966,191.3499912854955,153.27897139040348,122.95801866042724,107.71096755962508
ABR,2008-12-12,0.7061933875083923,0.6432935641656301,0.7061933875083923,209.51622717862386,181.84593515918132,154.2137333256686,123.55525598867558,108.18077318244225
ABR,2008-12-15,0.7262071461781165,0.6490119026499456,0.6776027083396912,209.24402970743992,181.6618429890106,154.23918285251492,123.44175520024467,108.19558870517294
ABR,2008-12-16,0.8005432401254154,0.6804617984144069,0.7805296778678894,202.26786176820744,184.40580158209815,155.96976625443347,124.58894159511861,109.12001135225971
ABR,2008-12-17,0.8434294748676678,0.7147707298597441,0.7776705622673035,200.17903090995713,184.375810647609,155.65662539181434,124.58431046347505,109.05129340035806
ABR,2008-12-18,0.8291340739036427,0.7290661308237693,0.7776705622673035,200.21277215732334,184.18285282925683,155.4020161654313,124.5402348321167,109.05284283326952
ABR,2008-12-19,0.9091884044662328,0.7605160953290941,0.8663021326065063,202.7320345491198,185.83139856684033,156.23026118926373,125.00515714851139,109.649760888554
ABR,2008-12-22,0.9292024839013963,0.857725369755135,0.8920343518257141,203.06432419694147,185.63928749407222,156.35343014782063,125.0627990526598,109.68837597736476
ABR,2008-12-23,0.9206246876151231,0.872020257260441,0.897752046585083,202.34053770662302,185.4882205817227,156.37306876794838,124.89180760929935,109.57882276057649
ABR,2008-12-24,0.9434973033631686,0.8920337942587498,0.9006111025810242,202.1837953677437,185.49412953983864,156.3618843932573,124.84908452274568,109.58269386427159
ABR,2008-12-26,0.9149066195997567,0.814838668672649,0.8462886214256287,202.1007107013983,185.705292659214,156.3495117754792,124.78903243042598,109.60297768899348
ABR,2008-12-29,0.8434291952881696,0.67474331533104,0.7004750967025757,207.41950002323412,188.84910828034847,158.83158464786837,126.59083418497642,111.10181187304191
ABR,2008-12-30,0.7976843123222528,0.7033345754738596,0.7633753418922424,207.40710654381,189.93882748533048,159.60765528122366,126.99474835347544,111.4801344080182
ABR,2008-12-31,0.8577250285435527,0.7147708571196272,0.8434296250343323,208.86879928204166,190.7561419898781,160.49349138026813,127.48749863698099,111.97447898382424
ABR,2009-01-02,0.9292020371024426,0.8319932331452796,0.9063293933868408,207.87542840958469,185.21086616611845,160.5654005930323,127.84623546264751,112.24536373109419
ABR,2009-01-05,0.9949612345498169,0.8891750914122627,0.9778067469596863,184.4174574936228,185.17603061525406,161.16922325320772,128.22157669541878,112.54158322195593
ABR,2009-01-06,1.0006791914005255,0.9206248642683866,0.9606519937515259,167.1878333306872,176.7059950564368,161.16522150706194,128.22654579356848,112.5359866027821
ABR,2009-01-07,0.9434974205947867,0.8405704577628943,0.860584020614624,162.48830774313993,176.03125493826363,161.9182046694643,128.78064073725758,112.8783869779844
ABR,2009-01-08,0.8634431010220139,0.800543263893581,0.860584020614624,162.35961645600497,174.7801835289319,161.38134593638713,128.723259332614,112.87813697652976
ABR,2009-01-09,0.9034704181015116,0.8119796962563381,0.8205569386482239,136.55150843826613,174.85100853997463,161.1402249247786,128.77465695113074,112.90879003305436
ABR,2009-01-12,0.8634434146967929,0.7833890660415932,0.7862481474876404,135.85898639362725,172.01506045017447,161.1527038199494,128.83566447201028,112.9586371585831
ABR,2009-01-13,0.8291342492059727,0.7833888882833859,0.8205569386482239,133.79730136795143,169.553328879632,161.38043238302507,128.93069678240465,112.9104873500735
ABR,2009-01-14,0.8348523580827726,0.7833888388153233,0.7919660806655884,126.88881243528121,169.574787011222,161.40789446619578,128.95792780799331,112.94736782587881
ABR,2009-01-15,0.9434975177647358,0.7633752972168373,0.8434296250343323,121.07421574435185,170.20088950482156,161.84074828656847,129.23502075477234,113.15014520101833
ABR,2009-01-16,0.8834566277372942,0.7490797177547415,0.7605161070823669,123.71356503917012,171.0567319400739,162.04329794418632,129.68954242434037,113.5452444400222
ABR,2009-01-20,0.8148386009293209,0.6804617643356323,0.6804617643356323,125.76533106020152,172.049145361402,162.80277005058244,130.2417166354312,113.98799263255981
ABR,2009-01-21,0.7147709865462388,0.6175621569156647,0.6861801743507385,124.42015603461371,171.76107219336726,162.83585417338773,130.25950985274798,113.99688661079026
ABR,2009-01-22,0.6718846322117872,0.6318574991817196,0.640434741973877,124.0387752061725,172.01170795048589,163.02436746720076,130.4460920019751,113.5292269148112
ABR,2009-01-23,0.631857239713175,0.6061254537374468,0.6147027611732483,123.67004347557078,171.2889106140003,163.06537130050253,130.4943521266593,113.57695711233093
ABR,2009-01-26,0.7433617236456311,0.614703013597405,0.640434741973877,124.39970885853889,171.3509609704607,163.25279043731283,130.63621257350417,113.64283685763748
ABR,2009-01-27,0.6604483345121128,0.517494146011697,0.5403668284416199,129.69080055863523,171.6234962335784,164.70188283840525,131.93971433745705,114.68395766691984
ABR,2009-01-28,0.5803939351501243,0.5260713670443296,0.5775348544120789,128.13620958422936,172.1957317239347,165.20816785627548,132.15196733796486,114.89840158421299
ABR,2009-01-29,0.6261394613401428,0.5460850771747829,0.5803940892219543,127.75090356827296,171.96527177604338,165.2371353958398,132.16547998121308,114.90320355803021
ABR,2009-01-30,0.6032664472425399,0.5060576555452426,0.5089167356491089,124.99242497780784,166.69959172714786,165.97287270121544,132.91301993320593,115.53179335890557
ABR,2009-02-02,0.5346486583610601,0.48604424726748524,0.497480571269989,124.97420465226314,165.46314788738695,165.74758172309242,132.9138329882324,115.3879550364243
ABR,2009-02-03,0.5289304256439209,0.46031242263698363,0.5289304256439209,126.85759858418928,166.1998369181964,166.12562936092564,133.19197145779722,115.5922659325558
ABR,2009-02-04,0.5375077865503378,0.45173528083558895,0.46603068709373474,125.65991261920506,167.40937973109348,166.99885973520853,133.88943808220316,116.15892172224147
ABR,2009-02-05,0.4603123756537828,0.4202852169990529,0.4317215383052826,125.74554324674752,167.8642170046538,167.27089702094673,134.10174717751173,116.34364307591916
ABR,2009-02-06,0.48604420134675397,0.42314435710979886,0.4517351984977722,127.06730006783908,167.99312281601465,167.53468810316207,134.26938184275744,116.4416656038538
ABR,2009-02-09,0.4946215152740479,0.4545943451588505,0.49462151527404785,131.09553618267645,169.22700269070623,168.38689880240764,134.76627140481446,116.84643310057976
ABR,2009-02-10,0.5146350247955683,0.4317216128441427,0.440298855304718,133.5269316236025,170.03142154445803,169.01791696834337,135.32733022118754,117.33753292990552
ABR,2009-02-11,0.4631715888640351,0.428862581019183,0.4345807433128357,123.74765302330526,169.35692388775456,161.81808746814593,135.3258396839622,117.2785553499042
ABR,2009-02-12,0.44315793612490983,0.4260034512037591,0.440298855304718,120.2859866562698,168.1575233746865,161.77761182802737,135.3576012188044,117.29461947134607
ABR,2009-02-13,0.47174869696001254,0.4288624579787252,0.4317215383052826,114.96172485245586,167.62190274102284,161.4975823707373,135.35536253756592,117.24072971595353
ABR,2009-02-17,0.4288625364060564,0.4059898555278778,0.4059898555278778,111.91879751573681,166.23629220769084,161.59923459218626,135.47778949120394,117.34573501457264
ABR,2009-02-18,0.4517350786837312,0.3573853373527527,0.3573853373527527,111.22845616311025,154.30408164607388,162.37015848409447,136.1626208834964,117.94234089920633
ABR,2009-02-19,0.35738549398604813,0.24302214272710004,0.2716129720211029,131.1537364028836,155.62502897159135,167.16800633170058,139.633921399083,120.85975832942691
ABR,2009-02-20,0.28019012284227346,0.24302204740908964,0.25445836782455444,129.77462517137513,152.683897172471,166.9550030489144,139.75881118529497,120.97981837748293
ABR,2009-02-23,0.28304929172543974,0.2487402856349945,0.2487402856349945,129.32290453848495,152.2749274626435,166.7697453003249,139.7293060310561,120.97247366212014
ABR,2009-02-24,0.2487402856349945,0.23444486359039782,0.2487402856349945,129.85834422969666,136.41118958489596,166.7961781887167,139.7394324128593,120.95828050649322
ABR,2009-02-25,0.24588114352730864,0.20299488805172908,0.21443122625350952,133.62478654376773,138.71320497569513,167.9498012590489,140.6324457924421,121.67353697133578
ABR,2009-02-26,0.22586755677060555,0.19441764056682587,0.19441764056682587,131.96584927022198,137.62062460288857,168.29941387437003,140.87905342522168,121.97291535505641
ABR,2009-02-27,0.21157218677961692,0.16582684218883514,0.16582684218883514,135.7534384789742,138.15735919374882,169.4513419432426,140.9964222389134,122.81929321561546
ABR,2009-03-02,0.17726318259689708,0.16010868050553717,0.16582684218883514,132.29820072126773,133.69891805801376,169.09688908960857,140.46638450088835,122.81402789480973
ABR,2009-03-03,0.1944176823476334,0.16582684019242097,0.18298134207725525,138.56016487469287,135.05929143623177,166.34598643273608,141.11893642701457,123.3147129111795
ABR,2009-03-04,0.20299497891164736,0.18869957106267038,0.19727681577205658,141.6110253322296,136.12259861877814,166.63001017604225,141.47111100768083,123.57363451155885
ABR,2009-03-05,0.2287267192324813,0.17440412490589546,0.1915586292743683,140.88163809417827,135.83294335880794,161.60675290087707,141.47277772450315,123.58627300303672
ABR,2009-03-06,0.191558591325352,0.17154500970053388,0.1858404129743576,140.6962814566197,134.49571657441422,160.04474023422185,141.28312532834047,123.46660294271194
ABR,2009-03-09,0.18298136253686903,0.16582685873394581,0.17726320028305054,140.7070196923723,134.44103680572937,159.06830954165721,141.30258346545696,123.51763909406495
ABR,2009-03-10,0.21443121895792325,0.17440406217572849,0.19441764056682587,144.07003898573527,136.49303263152896,160.0687650533796,141.85493873196927,123.92056253644222
ABR,2009-03-11,0.24874025751144782,0.18584041444351154,0.24016299843788147,156.01181056806763,143.2457849392403,162.55589147998194,144.34431758294812,125.83985741351545
ABR,2009-03-12,0.32593541749475874,0.22300843816753158,0.3230763375759125,180.34834154117402,155.43515182432296,168.18215333906485,148.88978295457338,129.42851399323462
ABR,2009-03-13,0.3974125390428025,0.3287945432572757,0.3488081395626068,182.3734955519045,156.39499679381638,168.78706785515897,149.23756434556955,129.7158274663594
ABR,2009-03-16,0.3859763826560526,0.3002038342419629,0.3059220314025879,182.3609016205403,155.0154126295347,169.7766233411433,149.9137724969742,130.2754729049372
ABR,2009-03-17,0.308780982903187,0.2687538070917985,0.28304922580718994,183.2061502841657,155.5136439284944,169.95217476637757,150.0769601023344,130.37522390273034
ABR,2009-03-18,0.31735825538635254,0.2744719949862844,0.31735825538635254,185.85141980646506,157.7938290919592,171.05879330598077,150.55699876927406,130.72465302733266
ABR,2009-03-19,0.34594909565306464,0.3002037375931535,0.31735825538635254,182.96481017858747,155.74120448967975,170.90289693152644,150.54983832617955,130.68933083951458
ABR,2009-03-20,0.39169443602446896,0.28876742720603943,0.28876742720603943,183.58005025193407,156.2424707578881,171.29851880915078,150.74869514143091,130.70360546658793
ABR,2009-03-23,0.3659625503583406,0.30592184127454547,0.3287944793701172,187.51975635694515,159.11332203805472,172.33670595901694,151.53815368843993,131.45497117945365
ABR,2009-03-24,0.3430900150346864,0.3144991747679743,0.31735825538635254,185.14764940811034,159.1034669767288,172.2105131595518,151.4577728831918,131.47616571484318
ABR,2009-03-25,0.34309004189552733,0.29448559941195057,0.3144991993904114,182.62835027177738,158.8364959218798,170.5056328217451,150.352185623047,131.44604082199072
ABR,2009-03-26,0.3345126823393232,0.28590828599074847,0.30306276679039,182.7815869701541,154.78412613032438,170.46858596012194,150.07555741367108,131.47389820373107
ABR,2009-03-27,0.3116400810581991,0.25159932242859273,0.2573174834251404,187.78037516800416,156.34505053532956,171.99252689066373,151.14526796991356,132.3503676835892
ABR,2009-03-30,0.2744719634695656,0.21443122625350952,0.21443122625350952,193.7359954649579,157.9413768054811,169.75555283513418,152.4795966170393,133.45451918178028
ABR,2009-03-31,0.23444487135973047,0.20013586413230966,0.20585404336452484,193.47528819860983,156.73801535857484,169.02972427510642,152.50002022479782,133.36524585355488
ABR,2009-04-01,0.22872666533271613,0.1972767452281565,0.2087130844593048,191.13982501838007,155.54737584626164,169.09914484955365,152.47744075431496,133.28522498203824
ABR,2009-04-02,0.24016299843788147,0.2144312553001126,0.24016299843788147,180.26573876152668,159.22556089052824,170.75008601592222,153.46816343799406,134.14783487804408
ABR,2009-04-03,0.2573174421046053,0.22586754463241487,0.2515992820262909,179.88168166384503,158.80766831677093,171.03580196556743,153.48017506632522,134.23518969487696
ABR,2009-04-06,0.257317476499516,0.22586757482350475,0.22872665524482727,181.8842762339425,159.48206375093812,171.3024859015519,153.71187094410277,134.28242529724778
ABR,2009-04-07,0.24302219491387703,0.22300858795642853,0.22300858795642853,181.9984305698166,159.3949592490663,171.2034415242496,153.32200793483207,134.26844675319657
ABR,2009-04-08,0.2544584347319513,0.22586760913414525,0.2315857708454132,177.06036428836254,159.79450782383634,171.1239284297434,152.88344600205625,134.2499031217496
ABR,2009-04-09,0.2859083414077759,0.23730391859684374,0.2859083414077759,184.2850595229942,166.20831604402332,174.5154541430637,155.1623241001019,136.03725129525765
ABR,2009-04-13,0.3030628719818231,0.2687538814326188,0.2944856286048889,176.95710631312065,166.44337313835928,173.85960636166203,155.21878525884767,135.9594179860804
ABR,2009-04-14,0.38597628853486504,0.2944855993533015,0.3316536843776703,179.17903731956727,167.97036906642657,174.78114202110393,155.8726494304664,136.560810747696
ABR,2009-04-15,0.3659627369317695,0.3230764845555825,0.34309008717536926,177.79207207471617,167.25700936283192,174.05795915816162,155.79604517689876,136.56261574198132
ABR,2009-04-16,0.36310352360234216,0.3144991264710502,0.34023088216781616,177.22461029805083,166.0076497214124,166.17383130003563,155.65495054991482,136.45138625053428
ABR,2009-04-17,0.3773989364344666,0.3173581880264345,0.3745398223400116,178.0270491262586,167.4241971165047,162.21341429843886,155.97441940405938,136.86291422933118
ABR,2009-04-20,0.38883528113365173,0.3602444451226771,0.38883528113365173,177.36750242203496,167.2458434165138,160.23407451340185,156.07417591447194,136.93244667644032
ABR,2009-04-21,0.4002715765267285,0.3545262622592824,0.3745398223400116,177.0450786143434,167.21777930423477,160.1600409329564,156.1024735179341,136.9609334941473
ABR,2009-04-22,0.3888354209910714,0.3573854934752932,0.3831172585487366,175.8867311564001,167.02892453044072,152.01767034506778,156.13777616582183,136.99268868581464
ABR,2009-04-23,0.39169444636946804,0.37453992740519826,0.38597628474235535,166.55820948287783,163.63206599498326,151.77291960276526,156.03298997425065,136.9601478290407
ABR,2009-04-24,0.4831850676359082,0.38597623120873886,0.42314431071281433,145.85735748784842,164.1925410633515,151.77158053743622,156.49914078547414,137.31485314037758
ABR,2009-04-27,0.5260714766627506,0.4231444463972382,0.4746079444885254,147.80036700988924,166.0146596622929,151.30740182077164,157.18780201763764,137.87325028465193
ABR,2009-04-28,0.5432259440422058,0.443157998909525,0.5432259440422058,145.7861957429501,166.2160733478025,151.05046894545134,158.0654428881656,138.58794229381678
ABR,2009-04-29,0.7662342698494716,0.557521203554034,0.7262070775032043,162.59157611426394,176.37072883696754,157.82323888289557,161.75019615470782,141.75848860859958
ABR,2009-04-30,0.8720202345105175,0.7490796558497249,0.8034022450447083,162.0429674204307,177.08613172259123,158.15163661335308,162.2629608720829,142.16705257184955
ABR,2009-05-01,0.9635111345048948,0.7833889042682242,0.9263430833816528,164.90855530241,177.0007037947944,159.37818516051422,163.21822346790867,142.9326826128554
ABR,2009-05-04,1.2093921926943891,0.9434974374060011,1.1264787912368774,166.43854134303947,179.98587749810739,161.961780592397,164.95897599155796,144.3428948933264
ABR,2009-05-05,1.1579289116294682,0.8605841602020806,1.0206928253173828,169.50732657008768,181.39559360178285,162.5244391349743,164.9855216563194,144.64238676470188
ABR,2009-05-06,1.0550016979558205,0.8577249443870045,0.9149066209793091,173.59136763107534,182.39539368991632,163.5001626369798,165.2906614607852,145.01335965743667
ABR,2009-05-07,1.0435656037601824,0.8434297261418895,0.8863159418106079,174.21874187023408,180.70382183974547,162.5405289764262,165.2698672196264,145.0322231034167
ABR,2009-05-08,0.9577930947056108,0.6347166442329649,0.6861801743507385,192.61326123790286,188.79670944095037,167.00645362749026,167.88872187861134,147.169434979499
ABR,2009-05-11,0.7405026053895576,0.6289983865460645,0.7119117975234985,183.9177037832718,188.88870783015471,166.9783396564364,167.9560487906397,147.20778245775605
ABR,2009-05-12,0.7347845869591279,0.6147031023628416,0.6232803463935852,179.37457441663386,191.01262980463807,166.76468727495552,168.6074457242225,147.68696774986566
ABR,2009-05-13,0.614703009909743,0.4974805561217556,0.5060577988624573,191.72023565259934,195.55049144130726,169.9439310624568,170.00615890409995,149.04475949223726
ABR,2009-05-14,0.6004076026302115,0.47174884524499616,0.5432259440422058,192.01493981038556,194.08712940148604,170.36145846641858,170.26227110221,149.23903112466596
ABR,2009-05-15,0.5546622874883118,0.48604427183856325,0.49462151527404785,192.50919803061498,186.27196114345054,170.00869875263587,170.56129231330232,149.48334570222727
ABR,2009-05-18,0.5689576311114912,0.49462146128533047,0.5518031120300293,194.00282501390387,186.69727672973212,170.90060382334335,171.11036453824974,149.94337131240607
ABR,2009-05-19,0.600407520275463,0.5203532228660576,0.5518031120300293,190.75583780686316,186.5700809738888,170.8929622495487,171.10863669135384,149.94460224506003
ABR,2009-05-20,0.677602711697136,0.5489439832070047,0.5603803396224976,190.10550237903047,186.54996640661128,170.91869111122716,171.11767719192,149.96149001314322
ABR,2009-05-21,0.5575212803076544,0.5003395982976123,0.5174940824508667,192.7529680602105,184.52053319034925,171.08989604212005,171.13329803277267,150.126844707802
ABR,2009-05-22,0.5432258427636787,0.5003395982976123,0.5174940824508667,184.79209427571223,183.05205159458623,168.52228805486692,171.12613589484113,150.08880632571714
ABR,2009-05-26,0.5518031171388278,0.5003396275838377,0.5375077128410339,184.8466427573224,179.40638743456412,168.0481956558191,171.21429352715168,150.154417675576
ABR,2009-05-27,0.5375075343898608,0.5117757811137781,0.5232121348381042,182.89464483055045,179.61710143360256,167.26872645060985,171.09976258415426,150.1637185051292
ABR,2009-05-28,0.5375076206622885,0.5003395417791541,0.5203531384468079,182.9007995172936,178.91899046350238,166.81595611304562,170.94246847350075,150.16251664776175
ABR,2009-05-29,0.5575215039740153,0.44601717591285706,0.44601717591285706,189.21331383869006,181.90408627758242,167.95024470546636,171.7836061081038,150.8736572148722
ABR,2009-06-01,0.49748061727490844,0.45745344548166644,0.48890337347984314,189.04672563927016,182.37570134210438,168.6848080012543,172.14614468915605,151.20419179367127
ABR,2009-06-02,0.48890327299079434,0.4660305934889275,0.48032599687576294,188.9981423426813,182.25838913627967,167.8812199641456,172.14933476007337,151.20733985918653
ABR,2009-06-03,0.4860442899380759,0.4631716058421056,0.46603068709373474,188.86153563434246,182.03983093871457,167.923013378397,172.14093861832362,151.2234257971705
ABR,2009-06-04,0.5146350416031589,0.4574533892488818,0.5060577988624573,190.07399821262794,181.87276726391715,168.37316508734668,172.47371989937113,151.49331695484742
ABR,2009-06-05,0.5232123343585564,0.49462149026936303,0.497480571269989,190.22754606134936,177.36115963561892,168.27555540424694,172.37314709633088,151.48479021770433
ABR,2009-06-08,0.5089167815645087,0.4717487027779531,0.48604413866996765,188.75897179245118,167.278749169626,168.12946371536762,168.72271601804496,151.48869944961402
ABR,2009-06-09,0.5031986763776298,0.4717487548436617,0.48032599687576294,185.88331088467194,166.6829279485373,168.0631546049166,168.68511115954675,151.48731349671544
ABR,2009-06-10,0.4860441859316136,0.45745334545041344,0.4603124260902405,181.78675808843775,164.55841616132244,167.81162098610884,168.536128371916,151.44138262617437
ABR,2009-06-11,0.6147030555064512,0.45459434205567006,0.5889712572097778,175.9374906965157,170.7420131645331,171.78827455791196,171.1898383687688,152.8796660258803
ABR,2009-06-12,0.7119119377381808,0.5889713033686171,0.6432939171791077,175.29282236490647,170.15589042035663,171.49421261040965,171.52275619945453,152.87964268027267
ABR,2009-06-15,0.6261392571401534,0.5174940593536321,0.5746757388114929,171.9132556684477,172.0489954777826,172.4097905579612,171.93053037987406,153.25006969316698
ABR,2009-06-16,0.5832529805052934,0.537507657388762,0.5746757388114929,159.9295621118507,170.68685256217796,172.07262519790913,171.81889389598572,153.23093239173687
ABR,2009-06-17,0.5861119627952576,0.5289303270080917,0.5861119627952576,158.70389030459881,168.90855669839934,171.9839401726871,171.804550210662,153.25306365470698
ABR,2009-06-18,0.5975483611184346,0.5632393956184387,0.5632393956184387,156.5055295465708,168.9611200459023,171.96621897249778,171.8060287173374,153.11811515697042
ABR,2009-06-19,0.5803939248778818,0.5632394407532217,0.5718166828155518,156.68943336590976,168.9200024282102,169.84350757532712,171.82887391155754,153.09492844325874
ABR,2009-06-22,0.5718168721506315,0.5003397631318025,0.5117760896682739,142.25420917556968,170.46984932845902,170.42450881397963,172.18389427778678,153.42751009337138
ABR,2009-06-23,0.5375076449193994,0.5060577253554593,0.5146349668502808,141.65198534066263,166.6466582156282,170.4251187265611,172.1557356352029,153.42370322539546
ABR,2009-06-24,0.5432258848217639,0.5003396370353228,0.5060577988624573,136.8684214809318,161.8040207790206,169.16244702393402,171.8119660998016,153.39351726019834
ABR,2009-06-25,0.5803939351501243,0.5089168485331258,0.5775348544120789,128.65821649961742,163.1631021174673,170.41548698378773,170.16206067605492,154.01127962292202
ABR,2009-06-26,0.5775348421550344,0.4717487548436617,0.48032599687576294,138.11164018389493,168.3089926596297,172.66651590410552,171.12013651784997,155.03965046506272
ABR,2009-06-29,0.511775918409731,0.4631715128115604,0.48032599687576294,135.47230288812992,166.24987643339452,171.48716935541427,168.12769092302227,155.02230443019053
ABR,2009-06-30,0.5060578492672546,0.46603067840756096,0.500339686870575,132.03144131280146,166.2027853102787,171.161063720068,167.54235321712488,154.88602059307806
ABR,2009-07-01,0.5775349891832479,0.5031988044814203,0.5460850596427917,134.62861150820518,165.40735198884977,171.56646058677956,167.5002711285548,155.16403823487752
ABR,2009-07-02,0.5460850099698915,0.48604427183856325,0.49462151527404785,137.516307024368,166.8474996922997,171.7096703986669,167.81783129496054,155.33935651406478
ABR,2009-07-06,0.5060577570549969,0.4717487548436617,0.48032599687576294,135.8811293823732,166.99356695841595,170.76198542802092,166.78193327177135,155.25012880735954
ABR,2009-07-07,0.4746078292893757,0.44887610353093227,0.4603124260902405,136.37248913810396,162.12669596178958,170.88738179374928,165.92962566320352,155.23065041397513
ABR,2009-07-08,0.46031245512899244,0.4317216128441427,0.440298855304718,136.26623320209768,162.4143642583667,171.02422941265115,165.96335884724053,154.55384786544138
ABR,2009-07-09,0.4517350844226393,0.431721490280144,0.4374396502971649,136.13025219179735,160.74020847633824,170.9984557599017,165.95702617306173,154.31535357956955
ABR,2009-07-10,0.43743969337725724,0.42886245250701904,0.42886245250701904,136.18906466598085,160.69906150387393,170.74427037888944,165.86624253005812,154.30602503840515
ABR,2009-07-13,0.44029890560648843,0.428862581019183,0.4345807433128357,128.85728672185377,160.69066980335026,169.5146517168525,165.7692137711013,154.31767949028344
ABR,2009-07-14,0.47460802838795035,0.4288626848775675,0.44601717591285706,126.12674947743767,159.61517047500956,163.6532699354473,165.68068299537663,154.33103070992252
ABR,2009-07-15,0.46888958419382654,0.434580588565843,0.4488760232925415,126.07700795879208,159.45487378502924,163.26571952901662,165.60703481933217,154.31078763413433
ABR,2009-07-16,0.4917621910572052,0.44601684718007995,0.4917621910572052,128.62554274006638,160.26058753708153,163.76277508612858,165.67549149117002,154.5748444708785
ABR,2009-07-17,0.508916669448938,0.4688895191186426,0.4917621910572052,126.33495126538578,160.2185087971369,163.76277508612858,165.60837693213188,154.49388783785153
ABR,2009-07-20,0.5003396761795927,0.45459434390068054,0.45459434390068054,128.26015977648993,161.11089896005055,162.44772632442582,164.76950647710584,154.62166404681903
ABR,2009-07-21,0.4660305040650715,0.44887602329254156,0.4488760232925415,128.1514779882083,160.0597517285521,161.59976158298315,164.74087303517223,154.37999808126872
ABR,2009-07-22,0.4574534102111446,0.44315797090530396,0.44315797090530396,128.15793599769293,158.31176436887702,159.39538148516982,164.67221024729412,154.03029024339943
ABR,2009-07-23,0.47460791186142026,0.4402989041315022,0.45459434390068054,127.8350785057199,155.8597516244452,159.4067022010952,162.4297692791073,154.04791292555953
ABR,2009-07-24,0.4746079052849383,0.43458073583516615,0.4688897430896759,104.86252329950405,143.59599568420458,158.81346602412154,162.1476976168563,154.06922338558078
ABR,2009-07-27,0.5174939759607075,0.4660305000081926,0.5089167356491089,104.37646562145505,143.03280982429618,158.8876053684166,162.4546742357258,154.25505884318915
ABR,2009-07-28,0.5660984516143799,0.5146349374223856,0.5660984516143799,104.55883148456952,141.60670006770565,159.5042504696677,162.806674774625,154.56764790262048
ABR,2009-07-29,0.5660987088823958,0.5003397631318025,0.5117760896682739,108.52936701045282,136.31736237510182,160.35878855295817,163.2075943397929,154.77152288543792
ABR,2009-07-30,0.5603803938004365,0.5146350318816315,0.5375077128410339,109.41303764021013,135.72100151599383,160.2102790551227,163.15481035678948,154.7036620744459
ABR,2009-07-31,0.5518030848403059,0.5146350017586576,0.5174940824508667,109.35978321185735,134.2831910752546,159.8626238055605,163.1751656836379,154.73365533364557
ABR,2009-08-03,0.5375075586053907,0.4974804039742674,0.5031985640525818,109.45937077327115,134.2589340051751,156.6657133975733,163.08480511851874,154.74780375526532
ABR,2009-08-04,0.5489439964294434,0.4917623493063577,0.5489439964294434,107.71730897142493,125.47431576756678,150.21904117949148,163.28747765950223,155.01426254415358
ABR,2009-08-05,0.6232800825462689,0.5432257365658374,0.60612553358078,111.31145425680262,126.9737334447721,150.53246261644864,163.18170589871127,155.3020475208632
ABR,2009-08-06,0.6547301739705357,0.5546622690504308,0.5975484848022461,111.2695032650774,124.06898051533521,148.96546687353126,162.93208784941845,155.30110093679187
ABR,2009-08-07,0.6061255233917425,0.5203530867524553,0.5861119627952576,104.76605791052455,116.36556084262095,148.41069604806535,162.500272526508,155.2933329866973
ABR,2009-08-10,0.6490120118702936,0.5660985932509149,0.5975484848022461,88.98984109111284,115.54752773914274,147.42788256128387,157.66685290163915,155.28172963170402
ABR,2009-08-11,0.6289983987808228,0.5518031137921301,0.6289983987808228,89.86271601878468,114.25277901904482,147.59660362820608,154.8718959137014,155.21845451732295
ABR,2009-08-12,0.6289983301267322,0.6032665371894836,0.6032665371894836,90.50620176900698,112.48332618406083,146.91238433740205,153.6614549645394,155.25912910695106
ABR,2009-08-13,0.614702927475959,0.5946892955990197,0.6032665371894836,87.1716865118541,112.48332618406083,145.59778010383442,153.58244978971365,155.25361510699136
ABR,2009-08-14,0.6032666018531047,0.5546622276306152,0.5546622276306152,85.7402290272673,113.79497103650888,146.1534575915115,149.36715795005017,155.44724301550025
ABR,2009-08-17,0.5489439669124947,0.5146349668502808,0.5146349668502808,88.25183370938221,113.65835985655215,146.69413162774597,149.4466479685571,155.3442217265555
ABR,2009-08-18,0.5603803396224976,0.5174940627095248,0.5603803396224976,90.34852864679048,114.99335986265531,147.08635965420092,149.38820374242545,155.49724055671516
ABR,2009-08-19,0.5603803465290113,0.5260713450255426,0.5289304256439209,91.08072362476673,115.36374559408331,144.9199754577305,148.5568570417773,155.54591734295803
ABR,2009-08-20,0.5432258287358123,0.5203531837887861,0.5289304256439209,91.02178312674299,115.22958855252557,141.7050431271324,147.52396843777942,155.54630180716364
ABR,2009-08-21,0.5575212424902442,0.5060577253554593,0.5146349668502808,91.23767907744335,115.3630664139813,141.60082995688944,147.38565444226722,155.54782640663686
ABR,2009-08-24,0.5546623030261563,0.5146350977067347,0.5432259440422058,92.2775668798473,111.31476812431819,141.77857224481275,147.25456706342618,155.65984493105174
ABR,2009-08-25,0.5918302581023062,0.5375076899965114,0.5775348544120789,93.45187018174012,110.44950477575641,140.47103538713947,147.24563985952824,155.58648707037736
ABR,2009-08-26,0.5975483611184346,0.5432257983271803,0.5632393956184387,93.9601711830395,110.5181079625599,140.441050948189,147.03134026131877,155.59716167993284
ABR,2009-08-27,0.5803938532883082,0.5432257748531685,0.5660984516143799,90.54841687738605,110.30627202247867,139.46099327624916,146.90339308793853,155.59811941203725
ABR,2009-08-28,0.6404347856372536,0.5718167704559096,0.5889712572097778,91.09611266632393,109.33906936116233,139.43443344471797,146.98125427047668,155.65045009288195
ABR,2009-08-31,0.5889711976700196,0.52893046601813,0.5546622276306152,89.74635268586378,110.01984756606366,139.79734546736276,146.54299161193677,155.74373786866312
ABR,2009-09-01,0.5775348789577891,0.5317895511219164,0.5375077128410339,90.25989287903519,110.11192766873363,136.12823101455643,146.1578568002983,155.75652935709147
ABR,2009-09-02,0.5346484544795095,0.5146348610241294,0.5232121348381042,90.60841505962402,110.2347245558485,136.1781938072924,146.11262995340996,155.629789031055
ABR,2009-09-03,0.5518031171388278,0.5260713894027989,0.5375077128410339,90.63767072777395,109.97027439013014,135.01154546676568,145.16180907969874,155.65420884493864
ABR,2009-09-04,0.5632394746599952,0.5260713894027989,0.5375077128410339,90.32805399113558,97.51893487823526,134.93295663167956,145.16188997965463,155.6537862964963
ABR,2009-09-08,0.5575212724683966,0.5432258351254278,0.5489439964294434,87.47566358502291,95.83563558713647,134.942423741069,145.18745155584799,155.58590264993651
ABR,2009-09-09,0.5518032224532494,0.5375078154271052,0.5460850596427917,81.74297393011264,93.0498199960553,134.1538652590079,144.5981185059405,155.45135189611003
ABR,2009-09-10,0.5518031877179661,0.5346487003664454,0.5432259440422058,76.11450601157604,93.05398956434463,134.05215532784868,144.54880421257167,155.4363885000185
ABR,2009-09-11,0.548944036279269,0.5203532276836813,0.5375077128410339,74.86211473891652,92.97399569161804,133.91175233915897,144.5476370692288,155.38689649425046
ABR,2009-09-14,0.5403667937005927,0.5289304702623576,0.5375077128410339,73.99358022621021,92.62971437531347,133.8780805440154,144.54625949452458,155.38727011543162
ABR,2009-09-15,0.611843714471687,0.5289302948005213,0.5832528471946716,76.99092728592663,94.11018164213641,134.4527646050848,144.71713378623872,155.6056943960254
ABR,2009-09-16,0.6089849472045898,0.5689577397337187,0.6089849472045898,73.91617241068101,91.59413250220136,133.86366264126966,143.09145746729118,155.67554484083863
ABR,2009-09-17,0.7576570510864257,0.606125586336458,0.7576570510864258,92.97096885401973,101.69163664364258,137.02834027390054,145.06664695514576,157.17736489010315
ABR,2009-09-18,0.7833890394429182,0.6776028931992082,0.7690936326980591,92.7641658724196,101.58979646654784,135.4372184310663,144.59189875147607,154.41396550163117
ABR,2009-09-21,0.7805296713424774,0.7090525957115974,0.7262070775032043,94.39417238762512,99.00970710374202,127.7204278096566,144.489304639544,154.48113774445775
ABR,2009-09-22,0.9292021642372869,0.7462207849791177,0.9263430833816528,116.63017804127055,103.01928691600624,132.49798384200616,147.0841824731799,156.29733824622036
ABR,2009-09-23,1.0292698006736603,0.872020257260441,0.897752046585083,116.83104532767258,103.36135325374609,130.65053522440488,147.11578186761173,156.27399135835128
ABR,2009-09-24,0.9091881532166102,0.7833885208136415,0.7948248386383057,122.19971979849203,106.63819333948221,128.22777087910725,147.24580321084554,156.6875166309837
ABR,2009-09-25,0.8434295999330377,0.7748115969650583,0.7919660806655884,122.22773122563603,105.35396075136762,127.31739221252383,147.24626828263592,156.6611960744665
ABR,2009-09-28,0.8748794255957428,0.8005432665875919,0.8462886214256287,120.02677607223724,103.74015772876129,126.61696818255486,147.34977210607238,156.7457551896067
ABR,2009-09-29,0.886315698651899,0.8205567845014712,0.8377113342285156,117.2919817417128,103.51240782150943,126.52896174733198,147.26674689163727,156.71780807389354
ABR,2009-09-30,0.8577250728121129,0.791966145109915,0.8119797110557556,116.19390780020262,103.29539015170074,119.83585167588234,147.22710861759006,156.70216722676201
ABR,2009-10-01,0.8262750506401062,0.7347843418350579,0.8262750506401062,114.27872379864128,102.69274416731457,119.73074304554964,147.18108115036227,156.71660000874058
ABR,2009-10-02,0.8005435893674079,0.7462209713754139,0.7891072630882263,115.57033955314715,103.28970512381844,118.02913657705834,147.09209823217427,156.70316795998178
ABR,2009-10-05,0.7805299232033102,0.751939110991636,0.7662345170974731,115.6335098698197,103.42618185925332,113.2180805041838,146.62148270064787,156.70139167771896
ABR,2009-10-06,0.8005434991154197,0.7519391179084778,0.7519391179084778,115.32825882522889,103.58765994043337,112.76699808778723,146.04079184807645,156.41186294056172
ABR,2009-10-07,0.7576571637399371,0.7262072066945648,0.731925368309021,114.8108813143749,103.78827389542604,111.79936753293688,146.07404582979333,154.45173620032762
ABR,2009-10-08,0.7891072112036256,0.7462209223106302,0.7748118042945862,115.22443817091867,104.26543063625758,110.8456383049075,145.99229009323557,154.27829621270172
ABR,2009-10-09,0.8491476828195985,0.763375204064921,0.8005432486534119,115.38622433791419,102.97727949877635,110.94145940698614,145.9536920711812,151.8870582920189
ABR,2009-10-12,0.8148387816880558,0.757657165416929,0.7719525694847107,115.88086927014685,103.36875642132419,111.10691100247945,145.94572169635697,151.421464365282
ABR,2009-10-13,0.7719527140470308,0.71763010025069,0.7690936326980591,114.10136571052816,101.83231505931158,110.31725163762327,144.5231984055568,151.12007680760223
ABR,2009-10-14,0.7633753418922424,0.7090527372121946,0.7633753418922424,113.53932707213185,101.79118839582006,110.33043480964496,144.32290100627725,151.0772438470774
ABR,2009-10-15,0.7919660806655884,0.723348077697609,0.7919660806655884,113.15585669043537,101.847579480895,110.32134974881787,144.38255084711992,150.25177542515883
ABR,2009-10-16,0.7633752967959324,0.7319253409271274,0.7547980546951294,114.4803385569912,102.47357741681849,110.52226333998716,143.63528451454854,149.6382063882271
ABR,2009-10-19,0.7719524529970303,0.7347843398636053,0.7576570510864258,114.4531031848429,102.36989207247633,110.51253737587639,143.6047859929974,149.6105790205209
ABR,2009-10-20,0.7605160328919987,0.706193444507032,0.7490796446800232,114.60246177292426,101.27223888350537,107.60560621701507,143.4420686985594,149.61096039175712
ABR,2009-10-21,0.7405024462812464,0.6947571635246278,0.6947571635246277,117.19978590510023,100.45075748884402,107.45083755498797,142.92220687656018,149.697509016182
ABR,2009-10-22,0.737643398697609,0.6633072427681278,0.7262070775032043,117.59054859785157,98.39754166162675,107.58966913825444,142.7001872519084,149.66795982075936
ABR,2009-10-23,0.7147707610301324,0.6718844881019838,0.6976162791252136,118.34363419651093,98.42247982031023,107.68210491422235,142.70083708018868,149.59914911504754
ABR,2009-10-26,0.694757177996501,0.6432936656574659,0.6518709063529968,120.39123198626784,99.15852482041264,107.5397808897907,142.55276955189598,149.67153798555182
ABR,2009-10-27,0.6661664254573502,0.5489440129486933,0.5775348544120789,123.67592000966594,102.22262586604688,109.27569002492802,142.60902259899194,149.87621043570175
ABR,2009-10-28,0.6061256647923912,0.5203532081435883,0.5260713696479797,125.8131409625069,102.52011733268836,110.24160748856393,143.04007573098346,150.10274619756117
ABR,2009-10-29,0.6204210024129954,0.5203530954996486,0.60612553358078,115.51652600669308,104.63881711814173,112.46424762720201,143.9979106851269,149.9310523967276
ABR,2009-10-30,0.6061256510648718,0.5375076804833014,0.5718166828155518,116.22979481039819,105.28173855694057,112.6513313653137,144.15117677428384,150.01670326827937
ABR,2009-11-02,0.5946893209444979,0.5432258351254278,0.5489439964294434,115.73990870517751,105.53575057814719,105.81650801720942,144.04484264890834,150.01625971420603
ABR,2009-11-03,0.60612553358078,0.531789416032743,0.60612553358078,93.84140878391736,107.44366645389417,106.06273436037661,143.67857589354236,148.61756666403775
ABR,2009-11-04,0.6432937681674957,0.5489440032330748,0.5718166828155518,94.59172923853573,107.56607910395482,104.94173526695347,140.03395603748842,148.4708083404737
ABR,2009-11-05,0.6032665371894836,0.5575212487070094,0.6032665371894836,90.97934738722287,107.81858177197708,105.28600157899517,139.91071377284155,148.5569216978768
ABR,2009-11-06,0.5861121763433628,0.49176243098948674,0.5317896008491516,97.05121275275813,110.87297221599297,107.13673766959704,140.72938492096466,148.91837292701328
ABR,2009-11-09,0.5718166122839512,0.5203531321748831,0.5660984516143799,96.78472194530433,110.31508528668672,107.42366794280251,140.89730818078124,149.06215189765823
ABR,2009-11-10,0.5918300151824951,0.5603801399727653,0.5918300151824951,98.22724607054153,109.54716666426899,107.62913979180686,139.79279733463142,148.9926974751811
ABR,2009-11-11,0.5918302002017686,0.5575212347017727,0.5632393956184387,98.68747572197843,108.67126854266051,106.44794957538284,139.4041184906933,149.04687129993758
ABR,2009-11-12,0.5632394701404664,0.5489440318744492,0.5546622276306152,98.28835393844793,108.05287740786511,106.47665975312476,138.04019209418203,148.96868197508104
ABR,2009-11-13,0.5975484401798706,0.5489440318744492,0.5546622276306152,97.8604025166256,108.05287740786511,106.4395417593437,138.04019209418203,148.8502698979793
ABR,2009-11-16,0.5861121592185313,0.5346486663548727,0.5403668284416199,97.81327183444202,108.03884673536106,104.41950253219177,137.66110362499518,148.41927567055697
ABR,2009-11-17,0.5403666386445479,0.5003394840134247,0.5031985640525818,99.31705893907863,108.45260759158401,100.83968091122524,137.715455800377,148.37603452379824
ABR,2009-11-18,0.5232122779182152,0.5003395982976123,0.5174940824508667,99.94012807368566,107.84654189288263,100.93440097609059,137.67986370661473,148.06436995966374
ABR,2009-11-19,0.5260712991853014,0.5031986221484008,0.5203531384468079,97.96919064878017,107.74717647351173,100.73296227440234,137.61385969243253,144.2691441273864
ABR,2009-11-20,0.5260713696479797,0.5031986895474828,0.5260713696479797,97.28351061930373,107.76872361512548,99.77663116119571,137.4706751780889,142.0098044809913
ABR,2009-11-23,0.5403668442298794,0.5289305197222424,0.5317896008491516,97.30165530039498,107.4638641338024,98.5290871788498,137.08779673887287,141.01867854671013
ABR,2009-11-24,0.5403666143002122,0.5146348610241294,0.5232121348381042,97.27199302211525,106.8219083770873,98.44943989429147,134.90715778453645,140.96447178297612
ABR,2009-11-25,0.543225805915947,0.5089168058537331,0.5146349668502808,97.2639262870535,106.68417533659662,98.24375110052527,130.36877886434795,137.4459446611599
ABR,2009-11-27,0.5146348958568413,0.5003394953375103,0.5089167356491089,96.11178567530652,106.56739482814363,97.99256940446439,130.08032500079486,137.31414158223788
ABR,2009-11-30,0.5146348958568413,0.5060576555452426,0.5089167356491089,95.67209240566513,106.41425368055388,97.9845502271072,129.11037336130357,136.99402581983793
ABR,2009-12-01,0.5203532533579305,0.4917624092687371,0.497480571269989,95.57315654332466,106.50784084729159,98.00184858628228,128.79104058883192,136.24676566293576
ABR,2009-12-02,0.5117759606895917,0.4831851515539196,0.5060577988624573,95.99694265670524,106.47545397437423,98.01550987839595,128.12029353723773,135.45988339064473
ABR,2009-12-03,0.5146350572737446,0.48604424726748524,0.497480571269989,94.18447880887271,106.52165755583047,97.98045661337765,128.14112689298628,135.3402036639173
ABR,2009-12-04,0.5060577012026911,0.48318505830815,0.48604413866996765,92.75515295225149,106.61223305673832,98.05265560858813,127.6592428438043,135.13547368653525
ABR,2009-12-07,0.5060575897169826,0.4917621910572052,0.4917621910572052,92.67179361036139,106.63208894952632,96.99213475145379,126.7679202430497,134.98912746702854
ABR,2009-12-08,0.5317895611674951,0.49462147520818844,0.5060577988624573,91.8050870676495,106.8106708145825,97.09874910492225,126.72674291469082,134.8350559661035
ABR,2009-12-09,0.5489441410480206,0.5031988044814203,0.5460850596427917,88.51241971714809,106.63295902790064,97.00570082673272,127.0169718147601,134.9569899826093
ABR,2009-12-10,0.5575212920050638,0.5174940933084615,0.5260713696479797,84.89836034056952,106.48174143240745,97.17850820800375,127.01829366348376,135.00390888416536
ABR,2009-12-11,0.5289304802539279,0.5003396370353228,0.5060577988624573,74.1659639111259,96.24929553903813,97.36373749183622,125.56233100409801,134.58774237395406
ABR,2009-12-14,0.5203531619297564,0.494621403362364,0.5146349668502808,72.74786135717751,96.26760209061584,97.31870149951028,123.60311949104941,134.26700628671796
ABR,2009-12-15,0.5146348842092106,0.491762243895953,0.5031985640525818,72.12179857642789,95.74708797649512,97.27297041731718,123.5266853632674,134.22374091632713
ABR,2009-12-16,0.5089167241308962,0.48890316385679583,0.5031985640525818,65.34470261282827,80.42137102358492,96.39739911214771,123.52358973476687,133.45820956543471
ABR,2009-12-17,0.49748035052111617,0.4860440315932943,0.4917621910572052,63.68086156335637,80.34553905307008,94.93301419717352,122.50948342508062,133.4749943084927
ABR,2009-12-18,0.49748051502289564,0.48032599687576294,0.48032599687576294,61.39805853354672,76.96115824180664,93.65544185561357,122.44742095045373,133.4925148704292
ABR,2009-12-21,0.48604419231342727,0.4717487548436617,0.48032599687576294,50.08136241075187,76.97428046755553,93.31607273059167,121.88163710787182,133.03641997218887
ABR,2009-12-22,0.49748051502289564,0.4717487548436617,0.48032599687576294,46.0467028765236,75.41014378995656,93.12918791992108,121.83234945080675,132.9987870731238
ABR,2009-12-23,0.5632393956184387,0.47174871870300056,0.5632393956184387,64.98577048439654,82.9548351984405,96.41944041312483,123.14348643754714,133.97559222555532
ABR,2009-12-24,0.5632393956184387,0.5232122351188494,0.5632393956184387,63.3814409697846,82.806229231332,95.43090553559443,120.68562868988472,133.97477111222557
ABR,2009-12-28,0.5632396859089099,0.5375079144389796,0.5575215220451355,63.29071881031824,82.66415533281878,94.11780092801149,120.65769665000244,133.84043894780174
ABR,2009-12-29,0.5603806039770227,0.5346488325070924,0.5575215220451355,63.29071881031824,82.26272930025938,94.09327878188196,119.8755420372004,132.51078493323624
ABR,2009-12-30,0.5603806039770227,0.5403669963708668,0.5575215220451355,62.79902292110013,82.12268565297184,94.0458740268344,119.81915396647518,132.2233351830078
ABR,2009-12-31,0.5689576268196106,0.5289304613753831,0.5689576268196106,59.138624452804024,82.23882532888925,94.05126247345625,119.82990467693888,131.8524153116309
ABR,2010-01-04,0.5718166369934377,0.5403667178688473,0.5632393956184387,58.82995133432038,82.11574742948847,93.69511400991273,119.32458462779407,131.64840527587234
ABR,2010-01-05,0.5689575950764277,0.5346485931694044,0.5489439964294434,59.399100084271005,81.2222187262104,93.55225530489639,119.29638531185371,131.4375261812985
ABR,2010-01-06,0.6232803889605449,0.5489441667018243,0.6118440628051758,66.95290198847262,84.18553487890684,95.15142015082645,119.86663863735352,131.8938902739497
ABR,2010-01-07,0.6690256493265565,0.6089849409825092,0.6432939171791077,68.20543826140299,84.65105771972637,94.51241385179016,119.97497654589311,131.54646754221278
ABR,2010-01-08,0.6833207447635912,0.6404344801685556,0.6575889587402344,68.00423910884716,84.80591849658401,93.767722119654,119.99509020411254,131.56676338183436
ABR,2010-01-11,0.6804620275791122,0.6432939027033016,0.6718847155570984,67.72346948003772,84.94282641726728,92.87883617938746,119.54839861035789,131.5027530247301
ABR,2010-01-12,0.6690255304386384,0.6432938028637977,0.6633073687553406,67.7683060016895,84.58025750841264,92.41806787770568,118.81347231504135,131.44107687748865
ABR,2010-01-13,0.6918980850528953,0.6661662952732051,0.6804617643356323,67.88310102157853,84.24783514684219,92.49100244887435,117.78752995047898,131.39536805363008
ABR,2010-01-14,0.6804620275791122,0.6518711465594407,0.6718847155570984,67.52790238016179,84.26942721412476,92.39929766419507,112.66389694780865,131.35467165558762
ABR,2010-01-15,0.6976162791252136,0.6518709258795785,0.6976162791252136,67.97407867847922,84.63330716070917,92.202714655115,112.1083512356059,131.25577097886148
ABR,2010-01-19,0.6976165084620468,0.6747437902370479,0.6918983459472656,67.70713620778564,83.2298845152065,91.7344507186996,110.80931430383269,130.85232350276598
ABR,2010-01-20,0.7004753594427001,0.6747435684194703,0.6976162791252136,66.93351539943068,82.73603588419566,91.63841136619001,108.30371803084276,130.38074169325867
ABR,2010-01-21,0.7004756063053256,0.6718847248885695,0.6833211183547974,67.60359380488417,82.43480324634237,91.70875205651947,107.7227266084979,130.39464114757925
ABR,2010-01-22,0.6718847841124787,0.634716723610121,0.6375758051872253,71.23893919024749,82.48669830224024,92.19647762622915,107.2643169531531,130.39623102887512
ABR,2010-01-25,0.6633074866271235,0.6089849409825092,0.6432939171791077,68.22912371553026,78.57088831801207,91.68715761836297,107.21349789105024,130.33423187979028
ABR,2010-01-26,0.6490121050015488,0.6175622089372536,0.620421290397644,68.16802817476312,76.46054254480643,91.73401402172057,102.9479287232275,130.32010234382264
ABR,2010-01-27,0.6175619118984372,0.5861119627952576,0.5861119627952576,69.38100863489602,71.73565872034426,92.09217148108522,103.06596705626856,129.32822840222406
ABR,2010-01-28,0.5975483833282942,0.5632394165530923,0.5746757388114929,69.64280788202731,70.84036231424784,92.05703680445124,101.89028705405178,129.17246186903844
ABR,2010-01-29,0.5946893283150985,0.5689576021281084,0.5718166828155518,69.25556337514641,70.33544019329068,92.06136349312347,98.8444435894207,129.17245036399623
ABR,2010-02-01,0.5832529805052934,0.5632394165530923,0.5746757388114929,69.24398213126733,67.2897889410546,92.00590024771567,98.49251902102299,128.4981875372117
ABR,2010-02-02,0.6204213074217027,0.5660986900178184,0.6118440628051758,70.73147383006703,67.44939653347527,92.5289858290702,98.1279435897586,128.62703530189359
ABR,2010-02-03,0.6776030430658995,0.5975486794230437,0.6604485511779785,72.84993475623736,68.36654121308186,93.29107185611734,97.69278543972729,128.70739910231384
ABR,2010-02-04,0.6776029381985482,0.5975485869450835,0.6118440628051758,77.06475647560198,65.08542834187145,94.09867412259942,98.12153807117005,128.30567039119575
ABR,2010-02-05,0.6347166976995965,0.5946894890882508,0.620421290397644,77.04374343178067,63.917615519173495,94.1197442543115,98.11849644666115,128.07534465797386
ABR,2010-02-08,0.6347166976995965,0.5975485705486413,0.620421290397644,62.409339593868566,63.28868995873537,93.23615030385398,97.65364606845573,127.99962809590082
ABR,2010-02-09,0.6490120798785407,0.6061257914669164,0.6432939171791077,63.12480751036561,62.81507571649362,93.16171049616862,97.74229630787671,127.7330669875915
ABR,2010-02-10,0.657589181344891,0.6261392933171801,0.6318574547767639,63.32010677942835,62.84826904073891,86.4008568181827,97.67023179822621,127.20311838385794
ABR,2010-02-11,0.6575889587402345,0.6204209218349304,0.6575889587402344,64.14305185030271,63.31996969527391,86.61465241341294,97.72222856509704,127.25280877166392
ABR,2010-02-12,0.6633071182641274,0.6461526396924485,0.6575889587402344,64.14305185030271,63.03558296117691,86.1512296628733,97.71905144231117,127.2477362839132
ABR,2010-02-16,0.6776028689471414,0.6375757314941461,0.6661665439605713,64.03098747103473,61.11591889006171,76.76595349182642,95.96115913857062,127.2348282237209
ABR,2010-02-17,0.6947574272046563,0.6575893026927043,0.6918983459472656,64.53975889536085,61.310431108585206,76.90876365195544,95.46340409017662,127.12741848385747
ABR,2010-02-18,0.7061933875083923,0.6918979886045461,0.7061933875083923,63.89917670398183,61.39379307900493,74.57788401146574,95.45968995398228,126.47203917415962
ABR,2010-02-19,0.7204888850752257,0.6861799230077618,0.6947571635246277,56.750885497686184,61.53700433322397,74.61573881981342,95.40755418992758,123.38977796855355
ABR,2010-02-22,0.7147709633860206,0.7004755577514744,0.7090528011322021,55.29675492904992,61.60909188049577,73.90827577881389,94.95487860751972,123.20621067622844
ABR,2010-02-23,0.71762991733983,0.68903911113739,0.6890391111373901,55.75042019952261,61.8414031743819,74.01966688757366,94.9971290475801,123.220515571445
ABR,2010-02-24,0.7147709865462388,0.6776028625262153,0.6861801743507385,55.44778221800256,61.71280230082149,73.87204417196014,94.9530484448464,123.22258675552902
ABR,2010-02-25,0.7061933875083923,0.6861798290430077,0.7061933875083923,55.873484592604804,61.8138564762961,73.9682336289929,94.99172272026813,122.29212917111951
ABR,2010-02-26,0.6833208570691265,0.6061255544776489,0.6518709063529968,60.23252442867041,64.24463015453476,74.68230424783962,95.34292683556991,122.15395082699064
ABR,2010-03-01,0.6661661980260738,0.6318572408827162,0.6575889587402344,60.20465198077748,64.006043458408,74.57013648779215,90.79998438275172,121.04144972927378
ABR,2010-03-02,0.6804620275791122,0.6432939027033016,0.6718847155570984,59.492063301135424,64.04905656142702,74.6068145143923,90.2350962959899,121.05080384265392
ABR,2010-03-03,0.7061936507776659,0.671884612452173,0.7033345699310303,60.98015963565162,64.42836130974793,74.85814662970074,89.3849769852377,120.75918534849701
ABR,2010-03-04,0.7147704929279698,0.6976160174574968,0.7004750967025757,60.94970114840594,64.17866320736427,74.29297907931769,89.38699684187026,120.55867047285255
ABR,2010-03-05,0.737643398697609,0.700475354815794,0.7262070775032043,61.48193908845189,64.46347177646318,74.33423771658906,89.45593248387792,120.54870520605505
ABR,2010-03-08,0.8119797110557556,0.7061936514618766,0.8119797110557556,65.47687869833945,67.83690755573481,76.22947790914273,90.26987043665532,120.96291065764089
ABR,2010-03-09,0.8148389970119047,0.7805300181829696,0.8091208338737488,65.56198326188046,66.36242560531731,76.22922541278456,90.25878466644708,120.84916113368433
ABR,2010-03-10,0.8462886214256287,0.8062614274216147,0.8462886214256287,65.06098243242235,66.1794788987635,76.54260622936546,89.39485886387504,120.60164021580952
ABR,2010-03-11,0.843429371372673,0.8091203451031341,0.8176975846290588,63.34334827278872,66.05236176767905,76.53018561528806,89.5022342190717,118.88947771266429
ABR,2010-03-12,0.85200699697769,0.8205570362988671,0.8491479158401489,63.10341445004535,66.31043491836125,76.36125063680052,89.56864503592989,115.27601989082655
ABR,2010-03-15,0.8663021843447085,0.8434295410086172,0.8462886214256287,63.06511402755841,66.0462811103078,76.36348788806963,88.24114148608032,115.04616323294879
ABR,2010-03-16,0.866302181429404,0.8462886185776742,0.860584020614624,63.026283084553306,66.0416360292854,76.37695138290634,85.4228538707122,114.25549392059521
ABR,2010-03-17,0.8691612261743557,0.8548658247239587,0.8577249050140381,61.43080493972462,65.757885807455,75.38604182664328,85.42553812949066,113.96249597057191
ABR,2010-03-18,0.8948932851129802,0.857725162038366,0.8691614866256714,58.252263026905936,65.40531691098666,75.10467068386156,85.31690038641302,113.42981099974128
ABR,2010-03-19,0.872020458530635,0.7462207674980164,0.7462207674980164,70.78766840158318,73.37223519493503,78.73211018439893,86.68842644817359,114.50393153348821
ABR,2010-03-22,0.7891072021408617,0.731925506995549,0.7690936326980591,71.08994397429929,73.50395498895963,78.096430503135,85.91956342799556,114.11269697011323
ABR,2010-03-23,0.8491476937584416,0.7719524550682063,0.8262750506401062,73.46121755327503,67.76909645512866,76.36174007794071,86.22465887361692,113.61585348788297
ABR,2010-03-24,0.9034703969955443,0.8291342298365721,0.9034703969955444,76.67806137660597,69.84958984697361,75.96478175192934,86.65418137800755,113.86963151840695
ABR,2010-03-25,0.9349201321601868,0.8777384587341448,0.9349201321601868,76.4382639489975,69.95168152205729,72.91331831175705,86.5380287402766,113.90146804459998
ABR,2010-03-26,0.9749472240073171,0.9234837163859336,0.9463563561439514,76.01297159656775,69.93209324909691,72.22804092162704,86.53373419598168,113.82831599692886
ABR,2010-03-29,0.969229163482152,0.9206247308451389,0.9349201321601868,76.26289436663917,70.04188041379699,71.90739366354751,86.50849804993112,112.58285941762568
ABR,2010-03-30,0.9377795366907279,0.9149068866776945,0.9320613741874695,76.38171720452972,70.03903139369343,70.32787075425527,86.50635563433697,111.00247812935689
ABR,2010-03-31,0.9292021642372869,0.914906759959117,0.9263430833816528,76.110016764391,69.99957460542967,69.63074919929055,86.47622635676865,110.91029243727459
ABR,2010-04-01,1.0006788968946083,0.9177655134870182,0.9863834977149963,77.60360328412492,70.51163169184692,69.81094151918253,86.75475717301204,111.05318564899295
ABR,2010-04-05,1.0635790125245983,0.9749474451890132,1.0578608512878418,78.96740781983361,68.62491577778759,67.3383535191382,86.49079259750152,110.42044752320545
ABR,2010-04-06,1.1207606792449951,1.0578608382500354,1.1207606792449951,79.96608876382665,68.83723843579675,67.24238154653071,86.72047936981396,110.46768295024884
ABR,2010-04-07,1.152210675859294,1.1150425587566701,1.1436333656311035,78.88202971731877,68.82417889285104,67.00680919770576,86.17274538646721,110.00783073293941
ABR,2010-04-08,1.2351244517657207,1.1150428908025831,1.2236881256103516,79.95578614716706,69.81874504818099,67.09127589543871,86.46292391638046,110.13164616088609
ABR,2010-04-09,1.3666420058976727,1.152210738233701,1.2579967975616455,79.94512618651312,69.7461563475503,67.06155901898315,86.47433297875602,110.10776776352425
ABR,2010-04-12,1.3323324287572238,1.229405554800581,1.2551372051239014,74.54734363679741,69.72583394183482,67.06960533953664,86.44774877187254,108.18911501951594
ABR,2010-04-13,1.2579964856256323,1.1121832624969843,1.21225106716156,76.2582646777439,70.18079149730542,67.19614912790074,86.52650971301543,108.23892432228963
ABR,2010-04-14,1.2179697035130002,1.1522107739383773,1.2008150815963745,76.74599655954599,70.04867807576994,66.04508334069494,86.06136342254534,107.65007304981873
ABR,2010-04-15,1.2008150585363004,1.1607879262735517,1.1750833988189697,77.21698445812997,70.24401832331073,66.14596728211141,85.26111883494364,107.64424523683216
ABR,2010-04-16,1.1722239412946098,1.0864514694233196,1.1007468700408936,80.6439513526668,71.87049585670508,67.16792269246369,84.7475700495734,107.86527398440839
ABR,2010-04-19,1.1150427301485406,1.0121156732480658,1.0635792016983032,81.62666295870365,72.15386616428246,67.49274627400568,84.70141522961913,107.54356207834212
ABR,2010-04-20,1.1436332880866507,1.0407063221518287,1.1179015636444092,76.94861381019284,70.86584247366372,67.83135972973976,84.72911111063468,107.5890800344692
ABR,2010-04-21,1.1522107258626901,1.0864517308659776,1.1379152536392212,76.85478638168765,70.88658425289721,67.7437906613893,84.65654523101217,107.51612974155319
ABR,2010-04-22,1.3237556214604562,1.169365131736312,1.2694330215454102,81.43395925666684,73.12020416308988,69.5192626492396,85.00387941406196,108.0124597187404
ABR,2010-04-23,1.3008832890032485,1.2437015265681302,1.2494196891784668,80.66230045155707,71.9454013422479,69.55818293426623,84.29131243932339,108.03183229321395
ABR,2010-04-26,1.306601385158097,1.2379833009923125,1.2837285995483398,80.45018825186224,71.6862150225106,69.60206397141343,84.30709201311001,107.69997715167976
ABR,2010-04-27,1.278010057788248,1.1808013272179165,1.1893784999847412,84.48021218099846,73.9241093889216,70.74005036035351,84.79996656722159,107.42894196738632
ABR,2010-04-28,1.209392378974753,1.0893108448971314,1.1407743692398071,85.84392421661397,74.73432211964685,71.17758368157612,84.95146588406006,106.7102417486941
ABR,2010-04-29,1.212250891349836,1.1207603403538784,1.2036737203598022,86.69516345749211,74.49310120552884,71.42532366477707,84.97072554446777,102.8668995144707
ABR,2010-04-30,1.2837280389109957,1.155069374744874,1.1665056943893433,87.56769803462889,73.73769265334764,71.52958566494296,84.90139840883903,102.43852109133908
ABR,2010-05-03,1.2437010167934168,1.1607876247626354,1.21225106716156,73.10559363481786,71.75238139434194,71.68367886575236,84.99997028982163,101.52639744472958
ABR,2010-05-04,1.1950965348165774,1.1236195345675901,1.1464922428131104,75.86660513272855,73.05730611193124,72.34493488716576,84.65403841399217,99.78758606362145
ABR,2010-05-05,1.1722237245947214,1.0864512685795182,1.1522102355957031,73.84064449417653,73.03464976328331,71.5209629513026,84.13145197974886,99.29552495793632
ABR,2010-05-06,1.155069385708942,0.9606517454100001,1.0950286388397217,72.09393007047818,73.8925732276036,71.7692299744786,83.83430016537444,98.81659515706569
ABR,2010-05-07,1.197955758825462,1.0578606931374503,1.083592414855957,71.75925289910272,73.79297747685362,71.44630497506274,83.5323193282382,98.76934728159654
ABR,2010-05-10,1.197955641577476,1.1436330551004046,1.1665056943893433,74.46686856979032,74.717879291544,72.20022100797422,83.93738300570978,95.61760468227499
ABR,2010-05-11,1.2294063945823992,1.1150429868463059,1.1865200996398926,74.29542676252366,74.70631680633572,72.04538264487803,83.86501830129657,95.56593026033488
ABR,2010-05-12,1.2465606927871704,1.1893789295837942,1.2465606927871704,75.16914881219499,75.14256998549527,72.32141257731784,83.82782782185348,94.71581054006218
ABR,2010-05-13,1.2551377443154417,1.1922379609876408,1.2208287715911865,75.55830012380008,75.1904236005082,72.29815044870574,83.60960437241793,92.34657178494079
ABR,2010-05-14,1.2008149277857887,1.1207606719769843,1.1493514776229858,76.39131833075737,76.49752052481573,72.95391662214897,83.88681783793224,92.31751117607821
ABR,2010-05-17,1.1607878703002485,1.100747106635432,1.1550697088241577,73.87705166556006,76.33119547326007,72.94306167648676,83.88680013031706,91.80566774844084
ABR,2010-05-18,1.2093924856468727,1.1236199829542597,1.1293381452560425,72.34809601873769,76.55160468064966,73.09955079460462,83.83724181323483,91.22193564344118
ABR,2010-05-19,1.1350562486830538,1.0378474264290456,1.089310884475708,72.83713500241011,76.7180206320784,69.32917674925102,83.62907581544137,91.30456305862327
ABR,2010-05-20,1.0578607151328159,0.9635109305381776,0.9635109305381775,77.8294121473522,81.21227691071205,72.29964780250344,84.85825883807743,92.152343521238
ABR,2010-05-21,1.0035382968927373,0.8920340113864945,0.9234839677810669,77.69263597167378,81.65672661119785,72.6564487319449,84.9554822407857,91.89573588598363
ABR,2010-05-24,0.9692293591381662,0.9006113508083327,0.9406384825706482,78.10844543894423,79.77557849548128,72.68265052814661,84.92777899152608,91.90954523732346
ABR,2010-05-25,0.9377791432588827,0.8977520225288812,0.9006111025810242,78.39278898389553,80.41750109246169,73.08898490920672,85.10586292385085,91.95383117052107
ABR,2010-05-26,1.0063972024599086,0.9063293255303363,0.9635109305381775,81.54159604695116,81.36202486747118,73.72533863421734,85.4225482175062,92.13972662893201
ABR,2010-05-27,1.0407063944520123,0.9692293089809247,1.0349881649017334,84.5398751095612,82.0694908579783,74.42838455235147,85.7992118354077,92.3951161120577
ABR,2010-05-28,1.072156445079031,1.0092565921211567,1.0635792016983032,82.96791372270522,82.14914278603077,74.32728071610978,85.838439341996,91.07410564158798
ABR,2010-06-01,1.0807334199697896,0.9978200197219849,0.9978200197219849,84.41991012051194,83.18151532961511,73.34258641945777,86.19384655800829,90.88772018506735
ABR,2010-06-02,1.0264109870596534,0.9492157353731374,1.0206928253173828,83.32802336944911,80.27065546649172,73.04041550857518,86.22283461421814,90.88580739820064
ABR,2010-06-03,1.0978879928588867,1.02926998904484,1.0978879928588867,86.01362831615961,81.49125076413561,73.79212811622638,86.11714686406086,91.09233470453762
ABR,2010-06-04,1.1550692470248476,0.9606516300687755,1.1522102355957031,80.8582005218331,81.56474921823563,74.06550592544139,86.15247199223988,90.85892580990146
ABR,2010-06-07,1.2465600008864233,1.1550693123418048,1.2294055223464966,83.11420440103198,82.04499521295988,74.60343132420975,82.60258414144849,91.04390091362235
ABR,2010-06-08,1.257996235374201,1.1665055529778647,1.1836600303649902,83.37161405754334,82.29101137410697,74.86377859411965,82.72881258621504,91.0990996355421
ABR,2010-06-09,1.2151099737405537,1.180801018966303,1.1836600303649902,80.39558051394596,82.2783178248741,74.81225587517078,82.42318379593057,91.08674407895569
ABR,2010-06-10,1.2865879366828685,1.1865200133183316,1.2751516103744507,82.20718811345026,83.45400540897157,75.43903931208615,77.7701239963623,91.24313339620281
ABR,2010-06-11,1.3208966922506917,1.2465605838158633,1.3123195171356201,81.20177267357877,83.55044399452477,75.48933425068773,77.7347450049001,87.97432458241094
ABR,2010-06-14,1.3323334302812375,1.2694336266921942,1.320897102355957,80.55312980356166,83.54064242420974,75.48876745123779,76.32577605019704,87.55976642971011
ABR,2010-06-15,1.4552728271336384,1.3008824052122625,1.4095274209976196,81.88792271228424,77.47600628489567,75.92955721324411,76.67466516768098,87.00501914113651
ABR,2010-06-16,1.4352595093553873,1.372359749967245,1.4295413494110107,79.85889212277053,77.37232324776474,74.93752912946053,76.31735576876076,87.01065031178408
ABR,2010-06-17,1.5267505564304538,1.4324008274522515,1.501018762588501,80.75012387817638,76.73553032870075,75.21574748826929,76.493676717054,87.11319720504235
ABR,2010-06-18,1.5153145608068241,1.4581327995257332,1.5038782358169556,78.78308797870423,74.94415565447464,74.88212038932225,76.38406426586705,87.00369233776843
ABR,2010-06-21,1.6125228741570425,1.5296094729047711,1.5667775869369507,78.99876431303765,75.05591265824624,74.30437667913549,76.49549995683809,87.07556601051574
ABR,2010-06-22,1.5925098226543117,1.4581327995257332,1.5038782358169556,78.23819813711481,75.73526522740873,74.595727841128,76.45172740366048,86.42712671475677
ABR,2010-06-23,1.5439055307066032,1.4638511112829853,1.4752874374389648,78.59750598384288,75.82781653017969,74.70056165812215,76.39917591409679,86.4588817809035
ABR,2010-06-24,1.4981596264139196,1.372360077604271,1.4867233037948608,77.57917260076184,75.79523425303766,74.69763888975112,76.35380712407867,86.43389696690808
ABR,2010-06-25,1.526750697632208,1.4667099306692517,1.5124552249908447,77.2225272528528,75.76272993996993,74.2209559145833,76.28201112911084,85.48609860142608
ABR,2010-06-28,1.5067370071051789,1.4352599192228996,1.4924415349960327,74.81777856902542,75.0208281267182,73.510768887272,76.04858982330066,83.39269479657696
ABR,2010-06-29,1.4295413587374202,1.392373250690642,1.4152458906173706,76.93359249422464,74.84209104291563,72.91824598768292,76.26462156834289,83.59034677557923
ABR,2010-06-30,1.486722986740228,1.4152459174482617,1.4667094945907593,76.85805480401045,74.31101531927946,73.04235553097938,76.21550028969226,83.56950574473736
ABR,2010-07-01,1.5153137834561552,1.3952322963321693,1.4123867750167847,76.94327689696672,74.7350837073736,73.40033911620672,76.36744681556051,83.25517191953008
ABR,2010-07-02,1.4209650398680538,1.2951654326899669,1.320897102355957,70.06071596229039,74.89275466984948,74.22202775073298,76.8096611610656,82.91937526338997
ABR,2010-07-06,1.3666418816497075,1.2722920179367065,1.2722920179367065,69.75029259434037,75.10240628473676,74.45510008831808,76.85321884410341,82.95622598289198
ABR,2010-07-07,1.452413949612199,1.2751508598350183,1.420964002609253,75.50787633956588,78.42798215712298,76.07545002722533,77.66665162266985,83.50663725968165
ABR,2010-07-08,1.455273176507759,1.4266822396844179,1.4381186962127686,73.53988435010531,78.07467999536946,76.06836291544334,77.67313695686045,83.36527302937094
ABR,2010-07-09,1.5296095688952716,1.4123871948716529,1.501018762588501,72.36380252922184,78.45651504980206,76.26696382928971,77.79092356344108,83.44454629000751
ABR,2010-07-12,1.7983632180472733,1.5010185933239268,1.701154351234436,77.50381251055322,82.11276771081846,78.36341974709674,78.53183884660334,84.26896202233038
ABR,2010-07-13,1.7926459215929578,1.6268190474432316,1.6496917009353638,78.62222401340534,81.12526256583129,78.59369183395161,78.5048071960277,84.34287464534594
ABR,2010-07-14,1.7297460870197747,1.635396188910888,1.7068732976913452,75.17776237178397,80.85640883332591,78.59593588405599,78.40075667295099,84.3666992558769
ABR,2010-07-15,1.7268862866228585,1.6068047672994619,1.6697046756744385,76.04180130997314,80.60508193984721,78.72761689684367,77.98826164315774,84.4109123215334
ABR,2010-07-16,1.7183097271628696,1.572496362642251,1.6182416677474976,75.30807300037648,80.94379185457286,78.7609215435484,76.65340826430013,84.0456867565128
ABR,2010-07-19,1.6868596926257642,1.5553418095047609,1.678282380104065,74.90140949360715,78.2970801330676,78.85787431529396,75.82589154566458,84.10405369381813
ABR,2010-07-20,1.7326039057378093,1.6068042646712515,1.7040131092071533,73.25236640958616,78.20793395254515,78.80060018599491,74.10831314347743,83.69158109987124
ABR,2010-07-21,1.7468999956640208,1.6811410720073212,1.744040846824646,71.84259389921854,78.16561017979186,77.53163685848247,73.7437312926847,83.69143202052992
ABR,2010-07-22,1.7869267511154443,1.7297451496124268,1.7297451496124268,72.01062174690934,76.35992204527027,77.58455662511993,73.55177072788491,83.68266576512706
ABR,2010-07-23,1.7697734681219213,1.7211690057919442,1.758337140083313,69.60617187306826,75.72692124367778,77.56894866051888,72.73049783816066,83.66571456732613
ABR,2010-07-26,1.7783500457103782,1.7268865869079162,1.7726318836212158,69.39855272176946,75.10610294414045,77.35257252615261,72.32875341702137,83.62672404349892
ABR,2010-07-27,1.7869271250932275,1.7326045241305867,1.744040846824646,69.81128247991687,74.8445934290654,77.43013408074285,72.15806699396758,83.29905143589929
ABR,2010-07-28,1.7554771151612127,1.6468320529317935,1.7354636192321777,67.87911409701022,74.58593114154853,77.34035342847449,70.44115665771805,82.67754522001722
ABR,2010-07-29,1.735463440224483,1.661127216350716,1.7154498100280762,68.05179934457448,73.56628521828581,75.6207278391863,70.1577217360423,82.01503071226689
ABR,2010-07-30,1.7726315419296612,1.6611273345186186,1.7697725296020508,67.27817504066672,73.73556391927154,75.69278122034152,70.07324606672192,81.93761683837994
ABR,2010-08-02,1.7726315898003795,1.698295494962775,1.7097318172454834,68.2675660874019,73.25943624106671,75.75233756517686,69.9280132670179,81.92039552264984
ABR,2010-08-03,1.6982958316802979,1.5925097614254076,1.6982958316802979,67.43397580926992,73.22395901913778,75.49438004298264,69.89807183251425,81.86255631759502
ABR,2010-08-04,1.735463440224483,1.7040134888677585,1.7154498100280762,66.1729951991916,71.91469146850305,75.33806447606197,69.8956029207663,81.4475527293666
ABR,2010-08-05,1.7125907212999893,1.6325364703858154,1.6525501012802124,66.94029701970163,72.43419014230493,75.65002635027008,69.98155777432112,80.9986391220875
ABR,2010-08-06,1.6954366086241206,1.6182413531026922,1.6668457984924316,66.94535617406899,71.8598689780416,75.63351241438943,69.37219357977668,80.97923819911809
ABR,2010-08-09,1.6840001574217391,1.6153822182866537,1.6411138772964478,67.04998979014417,71.78707269059188,75.69930952142448,69.37489221001786,80.9691880028019
ABR,2010-08-10,1.6468324193733894,1.5153145468679416,1.5324690341949463,70.03741785659095,72.12274728010134,76.62011038890442,69.93875365660602,81.27890444074711
ABR,2010-08-11,1.515314285491796,1.429541727319912,1.4409780502319336,70.6435176142736,73.39336982343671,73.12113405671775,70.39127798068476,81.39933571139025
ABR,2010-08-12,1.5153146082720137,1.3866557436083038,1.4466965198516846,69.86703003244912,73.18973831592795,73.02403606304128,70.38880240635542,81.2735440993492
ABR,2010-08-13,1.5124547774910597,1.4266822396844179,1.4381186962127686,68.994980370766,72.7416938031122,72.29067378775207,70.3543594544464,81.27826953344955
ABR,2010-08-16,1.5010184572943996,1.429541387899428,1.4381186962127686,65.95895433606795,67.74130694277616,71.03555810114592,70.30827763852056,80.80359286962918
ABR,2010-08-17,1.4609913856727443,1.429541435909853,1.4324005842208862,64.88502421815232,67.00516354278678,70.8894909238569,70.2891175245167,80.42058245454312
ABR,2010-08-18,1.4609919765377928,1.4295420140556778,1.4352601766586304,56.47558104244479,66.97355549230524,70.87905036306225,70.28721715296926,80.00756331873316
ABR,2010-08-19,1.4524146420719055,1.3609240418354065,1.3837966918945312,57.34838851276225,66.7638568922244,71.12686217982275,70.38475118345615,79.87172973248661
ABR,2010-08-20,1.4438367207710854,1.3666414985244768,1.4123867750167847,56.209439378666616,65.63391542126597,71.16602114395103,70.39352950568446,79.88809760774087
ABR,2010-08-23,1.4266818384450346,1.3952320349149936,1.4009501934051514,41.29748790835011,64.27112099847878,71.17400044193111,70.3606438255383,79.83553100393146
ABR,2010-08-24,1.4038098545178077,1.2865874830239927,1.3552054166793823,41.430004100460124,64.57234738991721,70.79033532702614,70.42814075550187,79.76269459050941
ABR,2010-08-25,1.355206086131799,1.2951654326899669,1.320897102355957,39.92907653460697,63.32049397850732,70.11819665532194,70.52186654030413,79.60565263424337
ABR,2010-08-26,1.3980915807313004,1.2980237007141113,1.2980237007141113,39.81733796451653,63.367649174110106,69.61662267485335,70.51972542192931,79.58211722300473
ABR,2010-08-27,1.415246410550978,1.2980240196954562,1.3695011138916016,43.045492904795964,62.58989966942686,70.0460130109452,70.25084230012968,79.74071068379521
ABR,2010-08-30,1.3895144253591625,1.3266145207868674,1.3380508422851562,41.43058056900478,62.12730919909883,69.35341252211683,70.15061458328623,79.70266455129895
ABR,2010-08-31,1.346628100575393,1.2722918773200613,1.3008828163146973,41.266714644768506,61.05508765990864,69.37131942217482,70.06813550132024,79.5122278007213
ABR,2010-09-01,1.4181056482142775,1.2837286263978067,1.372360348701477,44.151963955817806,61.44272553428184,69.88084321910826,70.28743109254546,79.5924351454994
ABR,2010-09-02,1.3980920274374942,1.3180377523781794,1.358064889907837,44.15780477614926,61.498122078302956,69.67139085969592,70.23463531945879,79.54570548530387
ABR,2010-09-03,1.3723593268327843,1.343768399594549,1.3523457050323486,43.565841248910644,59.64060875743663,69.65599822854695,70.24107588451031,79.51561823790657
ABR,2010-09-07,1.3466285419925126,1.3066014051437378,1.3066014051437378,43.87824545665995,59.789352460654264,69.79173233464316,70.31923376506704,79.6059339343725
ABR,2010-09-08,1.3266145041002075,1.2980237007141113,1.2980237007141113,43.85109013490817,59.787984535119044,68.98717252203524,70.24954294724336,79.592813737825
ABR,2010-09-09,1.3180370654082538,1.2665734933615405,1.3151779174804688,44.33667043443476,58.297705110476585,68.76791695539836,70.25218744041123,79.59397621441452
ABR,2010-09-10,1.3237558415102093,1.2951650305737368,1.3123195171356201,44.377263211465376,58.211168700970106,68.34410162863972,70.25509895454438,79.59118213215947
ABR,2010-09-13,1.3466286306720683,1.3123196539709117,1.3237559795379639,43.07024569236857,57.30661833367814,68.30473697910378,67.83621520070062,79.58027103740129
ABR,2010-09-14,1.3266149054022525,1.2780104567771529,1.3066014051437378,42.43933990560587,57.343939227232696,66.11342493691046,67.86661599241774,79.59684457012276
ABR,2010-09-15,1.3695012149163104,1.269433302926293,1.358064889907837,44.626747918786656,57.27032637680111,66.33993655386244,67.96180792794443,79.2883066535385
ABR,2010-09-16,1.3980917021879993,1.3666418838969991,1.3809372186660767,44.89427075233045,56.82841532456692,66.25572655728726,67.97342540446765,79.19897604895665
ABR,2010-09-17,1.418105350958196,1.3523464285267253,1.3780782222747803,43.99249910135723,56.707904142913954,65.09555458724637,67.9760305973667,76.19658512695851
ABR,2010-09-20,1.4638502751296298,1.375218729881373,1.4609912633895874,47.65227970975231,57.98385421252067,65.34482907432496,68.24575246512077,76.39235006547807
ABR,2010-09-21,1.4609916498049884,1.3866554162592368,1.4438371658325195,47.5883295601588,57.91537912886563,64.86393387867442,68.25146236843396,76.16906368475992
ABR,2010-09-22,1.443837259034189,1.3780783313957032,1.4066691398620605,44.071858514852686,58.09219582127185,64.80049298982065,68.25384623870697,72.28814728112651
ABR,2010-09-23,1.4209642129419537,1.386655249132116,1.3952325582504272,40.46073381320114,57.09135225033284,64.55251307913831,67.15621014390226,72.21900191759887
ABR,2010-09-24,1.4409780797666325,1.398091799801681,1.423823595046997,40.91139829781426,56.76287136997298,63.964118071435685,66.96384651146687,71.16913031131223
ABR,2010-09-27,1.4266827774792612,1.4038101284639872,1.4181056022644043,40.89307127043738,56.2360581648472,63.9700120855778,66.93850117231425,71.16949400043056
ABR,2010-09-28,1.403809204484404,1.352345778072985,1.4009501934051514,41.03289823380215,54.541793805511205,63.446871184831934,66.93501703511792,70.89284337596202
ABR,2010-09-29,1.4095273629745617,1.3666412424642054,1.4009501934051514,41.022894157849116,53.95026311517002,63.414154172746365,66.90652250868183,70.88257973490373
ABR,2010-09-30,1.4466962116879443,1.3923736096899808,1.4409780502319336,41.86737940235816,49.2881912801242,62.518867256130015,66.91911777291621,70.85169612414131
ABR,2010-10-01,1.4466959167809677,1.4095278067277048,1.4324005842208862,40.45620517792256,49.24251630468498,62.485895909921396,66.9000245534376,70.84004102514231
ABR,2010-10-04,1.4581325054168701,1.398091743164553,1.4581325054168701,40.35368200160353,48.574757910703234,62.07497099129515,66.80196848641286,70.69134134829761
ABR,2010-10-05,1.5067369365440737,1.4352598520090953,1.4867233037948608,40.59748370841467,41.16033756533286,62.03384597661539,66.81024984944716,70.63908954081478
ABR,2010-10-06,1.4781465871438406,1.4409784589710264,1.4752874374389648,39.33089722641442,40.74862652395594,61.246062042145354,66.82352886214996,70.61392858466678
ABR,2010-10-07,1.4752870598469543,1.4381190775188528,1.463850736618042,38.54010201549372,40.0691796179863,61.26641312620269,66.77330972443049,70.55907494995769
ABR,2010-10-08,1.5553417713527882,1.45241470527595,1.5496236085891724,40.99071985710553,41.66713903484508,61.741346603880864,66.4863670935354,70.55907494995769
ABR,2010-10-11,1.5867915371433594,1.5095962812804344,1.5181734561920166,39.07993460679793,41.39215056855461,61.53841168033141,66.55264448854194,70.53305718269566
ABR,2010-10-12,1.5553407266550403,1.4438365594942397,1.5467634201049805,38.47716955936985,40.86134746398558,58.16808942059296,66.3935172535874,70.4428961863814
ABR,2010-10-13,1.6182415295186456,1.5553417403717793,1.5925098657608032,37.78500438295474,41.201057907184705,57.7994125017195,66.04260408325273,70.48921873649118
ABR,2010-10-14,1.5896502681674438,1.546763992217812,1.5753549337387085,35.39302945326713,40.93171523379248,57.81892297250908,66.00315886310761,70.49498831096933
ABR,2010-10-15,1.5810735537965717,1.5238917904853826,1.5381872653961182,36.095245528475495,41.16333507190539,57.48181241229305,66.08361270830497,70.46309551888132
ABR,2010-10-18,1.5582003593444822,1.5095960572834697,1.5582003593444824,36.09178316492314,41.103400039532815,56.62610522246826,66.08942692752792,70.28622363459866
ABR,2010-10-19,1.5582004381368935,1.518173307690741,1.5353277921676636,34.66264228415836,41.130518121450535,55.686280690547704,65.78155045798304,70.30834855641909
ABR,2010-10-20,1.5667773459685213,1.492441129336981,1.4981592893600464,35.57714899422829,41.283679993807745,55.740979670895044,65.32330715839595,70.34716530522984
ABR,2010-10-21,1.5353276025432743,1.469568685337592,1.5296094417572021,35.80138775847709,41.55514620396512,54.75201694351076,64.63553164612009,69.93198819495207
ABR,2010-10-22,1.5381869163929354,1.501018799123595,1.5095961093902588,36.134067137143525,41.57172217554211,54.7411192765623,64.66290406410519,69.8285498284825
ABR,2010-10-25,1.5238914447257363,1.4724279921209187,1.5095961093902588,36.13792960521088,40.99182289118291,53.614011215244794,64.66290406410519,69.69521331604373
ABR,2010-10-26,1.5095960726463913,1.4953006013271468,1.501018762588501,35.892064683368105,40.45699302829124,53.14068769147406,64.56769608952044,69.3367968680251
ABR,2010-10-27,1.526750885796693,1.472428273928943,1.5038782358169556,34.41626073263654,40.45421069887024,52.19622273622713,64.51238606894854,68.20315104025696
ABR,2010-10-28,1.5496232391940061,1.4724279921209187,1.5095961093902588,34.185291998576446,40.394722997126046,51.80240605685038,64.37714907660896,67.50241772304824
ABR,2010-10-29,1.532468584465577,1.5067367928606354,1.5153141021728516,34.15235367993429,39.7369357823351,51.80136404607484,64.37488623776606,66.0764402347891
ABR,2010-11-01,1.5124552749781495,1.4895826270614019,1.5067371129989624,29.931792976781402,39.6903285195211,50.51276964816047,64.37873469730035,65.79043830488106
ABR,2010-11-02,1.5153142707907943,1.4924414888569313,1.5095961093902588,29.683503901923146,39.59078079534472,50.32609464947506,64.25687368820836,65.637767262905
ABR,2010-11-03,1.5124552249908447,1.4953007396202473,1.5124552249908447,28.510269794045552,37.04107766510739,50.319486099910335,64.22885978849784,64.9402028758587
ABR,2010-11-04,1.5667776693150828,1.5095960572834697,1.5582003593444824,29.395206111252204,35.268692418264244,49.49143036498149,64.25287636494843,64.69413344330293
ABR,2010-11-05,1.578213362346316,1.5381862498865835,1.5467634201049805,29.129365070321995,35.308620263889914,49.4641452083208,64.24017435204298,64.51211451592927
ABR,2010-11-08,1.6153826547496744,1.5153147316409539,1.5782145261764526,29.479568448878705,35.489826701390555,48.962863624586625,64.14692481153685,63.2011341851345
ABR,2010-11-09,1.652550232465015,1.5724958388641568,1.5839321613311768,29.09988365831192,35.49082208043637,48.96486714420504,64.13856998919587,62.93042761422177
ABR,2010-11-10,1.612523504705008,1.5667781995970473,1.603946328163147,29.173919568398592,35.54132469410215,48.573470051717116,64.08149912539638,62.805716120359165
ABR,2010-11-11,1.6296773954323005,1.5753549337387085,1.5753549337387085,28.987553664893902,35.77383548443772,48.21279533735844,63.34455200811661,62.61506979678484
ABR,2010-11-12,1.5867906688963758,1.501018148722429,1.5467634201049805,29.534176352732246,35.13540710518651,48.20387869348949,63.40234769187042,62.62502675272458
ABR,2010-11-15,1.5724961218560471,1.5010190254080449,1.5524824857711792,29.18231888927701,34.923814729615735,48.192695052496,63.37110245667065,62.62370631425601
ABR,2010-11-16,1.5724962596436354,1.4581328680395658,1.5496236085891724,28.732399772283028,34.87291098454436,48.11916318765835,63.186554055142054,62.55320865237031
ABR,2010-11-17,1.5867915637301815,1.543905279458496,1.5696369409561157,28.78403864278814,34.175472310090775,48.11061444393935,63.18634202427075,62.098541942029094
ABR,2010-11-18,1.6182409621858533,1.526750391865734,1.5610593557357788,28.723245961313193,33.71433006932375,47.34760819966263,63.085048795982715,62.06160667755841
ABR,2010-11-19,1.5524824857711792,1.5010190254080449,1.5524824857711792,23.619429358827528,33.495870455612085,47.02892273346998,61.787030166226685,62.06937726348686
ABR,2010-11-22,1.6182414199566109,1.5439053105431946,1.5524824857711792,22.801485668738454,31.7940785087739,46.626270682948544,61.78271113449559,62.06734676376426
ABR,2010-11-23,1.5467644412771573,1.5267509400002308,1.5381872653961182,22.32609633368337,31.445652073013818,45.36956645918848,61.60521560057297,62.07862036166081
ABR,2010-11-24,1.5439049118882358,1.4924413284818803,1.5296094417572021,20.560557036986975,30.84517852211026,44.95200683498462,61.45128229640857,62.05245304601485
ABR,2010-11-26,1.5410461043985517,1.5095962812804344,1.5181734561920166,20.449485388435846,29.035245212136314,41.45773983334548,61.329215715296435,62.02865998228643
ABR,2010-11-29,1.5439051025719868,1.5124551461984335,1.5353277921676636,19.584813315543066,28.98789888695769,41.45259608635888,61.33143901518024,62.013039278238026
ABR,2010-11-30,1.5410459289273422,1.443837185118242,1.5095961093902588,19.77293651256363,29.2205348142732,40.98808863382444,61.35685664854257,62.04805269563436
ABR,2010-12-01,1.5324688594224072,1.4953007396202473,1.5124552249908447,19.352889041835216,28.227510044493798,35.746872992557925,61.35223990001164,61.98913962262803
ABR,2010-12-02,1.541045904159546,1.4867233035616763,1.541045904159546,18.739426899186324,28.358236567062374,35.568010327369784,61.36836290782297,61.992707961867865
ABR,2010-12-03,1.5353272913918963,1.5181728125102285,1.5238909721374512,18.078078999447133,28.4200927216402,35.16569972095726,58.53358664564492,61.97495680628028
ABR,2010-12-06,1.5381867452298188,1.5095959414086095,1.5153141021728516,17.734475284873234,28.453100383461503,35.013937667800136,58.46108734021327,61.92092707763267
ABR,2010-12-07,1.532468584465577,1.5010186320963936,1.5153141021728516,17.734475284873234,28.426859780519298,34.674553029341695,57.90077142465184,61.91835007997823
ABR,2010-12-08,1.5610593557357788,1.506736761442356,1.5610593557357788,19.599569063811128,28.793501962207262,34.50830192390904,57.0790731284105,61.92270591640453
ABR,2010-12-09,1.6839999123520697,1.558200239246768,1.5982275009155273,20.631844616235362,28.153781174090664,34.63109622085955,57.010852113971865,61.533825115284735
ABR,2010-12-10,1.5953682472338773,1.5238911742479029,1.555341124534607,22.29025897946894,28.65532583338463,34.67175704730219,57.11175052373696,61.47333920070408
ABR,2010-12-13,1.55248207897457,1.486723162019936,1.5153141021728516,23.606429979071354,29.21697647872094,34.87962357442356,57.18659800812893,61.39697067115696
ABR,2010-12-14,1.5410456964822898,1.4867231032051422,1.4953004121780396,23.86747891166354,26.859202757612728,34.814096590242706,57.213883245400645,61.409456208255406
ABR,2010-12-15,1.5124554113934832,1.4838645989188115,1.5038782358169556,23.92308442452422,26.759259786950835,34.7992518112202,57.20547976300665,61.35105163594579
ABR,2010-12-16,1.512455097853603,1.4752869811758018,1.4867233037948608,24.137713357165556,26.298863024610302,34.75633555655282,56.78023369851002,61.36993237359252
ABR,2010-12-17,1.5724962949752808,1.478146539089845,1.5724962949752808,27.918977434084752,28.550931883981693,35.93712352030103,56.57082958447285,61.526196364722765
ABR,2010-12-20,1.6296774677525505,1.5181732544006523,1.5810731649398804,27.859860087061993,28.30575340537561,35.910816429739256,56.18486822160255,61.461324583192045
ABR,2010-12-21,1.6125228187186669,1.586791163707872,1.6010864973068237,27.48645061595727,28.365640166993444,35.609184102532815,56.15716067941187,61.46448182533785
ABR,2010-12-22,1.6725643544274957,1.6010872440986987,1.6496917009353638,28.773124260364963,28.774150655697333,35.53428906695324,55.71038457644797,61.51387803742268
ABR,2010-12-23,1.6782821898380342,1.6439732163043443,1.658268690109253,28.6025916134922,28.772808660758614,35.530327901231686,55.62617832127679,59.530199532929714
ABR,2010-12-27,1.7154500817548881,1.6439729950151012,1.7125909328460693,29.381715919073788,28.93730028660214,35.866756181763485,55.74263612576098,59.59413641672741
ABR,2010-12-28,1.7297452906488255,1.6697045360093323,1.701154351234436,28.844816454654477,28.94721968224202,35.381255741200036,55.58265702423193,59.58653891565372
ABR,2010-12-29,1.7297452796443242,1.686859007127282,1.7154498100280762,28.88396580047572,28.803460532536562,35.37980872650727,55.57141371691661,59.58617331054822
ABR,2010-12-30,1.7383227537943358,1.6811411380767822,1.6811411380767822,29.649530305804646,28.965788123262893,35.44038900504348,55.562942807905635,59.63558270705205
ABR,2010-12-31,1.7240267349444482,1.672563164857596,1.7040131092071533,29.67037300765576,28.986776338250632,33.742105801065506,54.99803529757781,59.62123994524045
ABR,2011-01-03,1.7240275721373235,1.6439731666451598,1.6639868021011353,30.57045511990557,29.408795577411528,32.46612607392236,54.91261975903835,59.6701566896233
ABR,2011-01-04,1.6725634131613352,1.6325362920761108,1.6325362920761108,31.113366409860955,27.417112936293513,32.62623259946008,54.68126347343921,59.64037160445015
ABR,2011-01-05,1.6639868523648678,1.6153824050262693,1.658268690109253,31.36927756495481,27.213523706580716,32.685623828651586,54.67335271617233,58.7281764976933
ABR,2011-01-06,1.6839998518919463,1.6525500369935338,1.6611272096633911,31.181952968701935,26.977021878881917,32.684856822669246,53.16242752769747,58.54533282856802
ABR,2011-01-07,1.6840005430079452,1.623959764351324,1.678282380104065,31.160440167221008,26.413002374615463,32.70297759564818,53.1321038059083,58.52046963604689
ABR,2011-01-10,1.6725635958429024,1.6325364703858154,1.6525501012802124,31.478761286644808,26.51722877657503,32.81447962102153,53.083635695663745,58.52438153339462
ABR,2011-01-11,1.6639868334884416,1.635395886202963,1.6468323469161987,31.425836148713397,26.031546717926744,32.256873432223756,52.27529910746359,58.50547107132411
ABR,2011-01-12,1.7040143872658393,1.6496917649482636,1.6954370737075806,31.80367346970698,26.549655904234413,32.41314981072631,52.11633964170005,58.51991917670454
ABR,2011-01-13,1.7240280280139275,1.672564419327922,1.6954370737075806,31.818623104004818,26.336504476051893,32.375250146209225,51.75577980977505,58.4981737131857
ABR,2011-01-14,1.7154500817548881,1.658268466895748,1.7125909328460693,31.563722793246097,25.817715403389442,31.906184433684775,51.61281663166323,58.40267392202326
ABR,2011-01-18,1.7183091271233726,1.6954363462262403,1.7097318172454834,31.297538779357296,25.537326904153772,31.596464598489703,51.43321974474125,58.39305772347632
ABR,2011-01-19,1.7068732976913452,1.6868597944851473,1.7068732976913452,31.214072511085828,25.356452480710367,31.44045721867144,50.97535015737823,58.39355461381912
ABR,2011-01-20,1.6982953105386234,1.661127198990186,1.6754226684570312,31.87784764243006,25.704640640785907,30.543485499955125,51.03362756530474,58.38514912659172
ABR,2011-01-21,1.6754228565486255,1.6268184185028076,1.6268184185028076,32.2324652788904,26.44769311207004,30.689628768874304,50.782509081633556,58.020779929938605
ABR,2011-01-24,1.6611269560017319,1.6153816785301338,1.6353951692581177,31.56931411783225,26.45967232374687,30.31083004535107,50.76126138627547,58.01863096853946
ABR,2011-01-25,1.66684537022053,1.6096637646491418,1.6611272096633911,30.700152623548014,26.615776081268343,29.260394659497322,50.070772156918686,57.892060155576694
ABR,2011-01-26,1.786927216766462,1.6296775671583223,1.761195421218872,33.58307617931005,29.057855232788143,30.537927347874426,50.485172481735304,57.825330228017954
ABR,2011-01-27,1.7726318307407511,1.746900170273006,1.7640546560287476,33.15193915006856,29.008528804518964,30.51879503071181,50.172260795752436,57.77550617865005
ABR,2011-01-28,1.7697720093934979,1.7011539613882518,1.7040131092071533,35.133031193525746,29.996810949589502,30.525541377135788,50.28663635002282,57.900023063802706
ABR,2011-01-31,1.7440405861980464,1.6725635118757354,1.7326042652130127,34.99021839221091,30.14603020035649,30.569180161029426,49.768677325662495,57.91306839067797
ABR,2011-02-01,1.7726317946333043,1.7068728657432322,1.7554773092269897,31.601167846038948,29.685627987623096,30.569061546130555,49.78420904908967,57.62357696220708
ABR,2011-02-02,1.7611952763311822,1.6439729041809505,1.7354636192321777,31.897334870558865,29.752608987066615,30.643717786987,49.723626384565755,57.185710283791266
ABR,2011-02-03,1.7726316535597935,1.7354636729699617,1.744040846824646,31.77675229484166,29.517378829465173,30.63118040477995,49.51322977209861,56.6149746230199
ABR,2011-02-04,1.7383224523487113,1.7154498100280762,1.7154498100280762,31.18568396974909,29.748338135481074,30.681905959108857,47.2725854676341,56.6441287979349
ABR,2011-02-07,1.8298132097680448,1.7154498585953473,1.7926450967788696,33.54714373586772,30.930660600232095,30.853775574566892,47.204271775962845,56.783493655693206
ABR,2011-02-08,1.9241629464440277,1.789786099704027,1.9155856370925903,37.3991568843273,33.352653821521265,32.39149529051547,47.75210533536286,57.03329309237398
ABR,2011-02-09,1.9270218610763552,1.8555447866507033,1.927021861076355,37.27197663040996,33.051603792101616,32.38283693892006,47.41781940275246,56.98966419926034
ABR,2011-02-10,1.929880905668928,1.8726993037373405,1.924162745475769,37.284601224965606,33.068436606045005,31.162918409286473,46.82044756804128,56.88108313146058
ABR,2011-02-11,1.9184447638791078,1.872699478075207,1.9041492938995361,36.843135525579726,33.175663250659746,31.147533751730027,46.15133586394445,56.89855270087044
ABR,2011-02-14,1.9012907554529421,1.8441089976182115,1.8898544311523438,36.88344419236191,33.19180240350459,30.848036144961455,46.08160170729357,56.903855439449025
ABR,2011-02-15,1.8898544460127298,1.8498271743141523,1.8755589723587036,36.13645561551736,33.217935253849745,30.842936388246265,45.40570207066044,56.81464654609341
ABR,2011-02-16,1.8984308722274073,1.8669810607259762,1.8927127122879028,35.49030651133323,33.19193143102254,30.73393655081165,45.353473341191616,56.79290399065569
ABR,2011-02-17,1.9041487599872995,1.8784171121034627,1.8955715894699097,35.35579605494898,33.18695797362065,30.71499589783325,44.59413135990171,56.757085610274416
ABR,2011-02-18,1.8927135608912307,1.8383909489444026,1.864122748374939,35.880447220834796,33.34306498269021,30.780396649175678,44.32794470739417,56.770802304967894
ABR,2011-02-22,1.8612641178078952,1.7812096899781014,1.7840687036514282,38.384061524171756,34.672069956069194,31.660199072280122,44.04708754788422,56.87884733915723
ABR,2011-02-23,1.8069409924879285,1.7440410731754037,1.7726318836212158,38.115018383940125,34.659451676639414,31.419315560347393,43.80152710827602,56.88248488127301
ABR,2011-02-24,1.838390606381854,1.735463700502427,1.7812089920043945,38.081048736988315,34.61596762406774,31.395713888560937,43.80176981110741,56.82727664126559
ABR,2011-02-25,1.9641900719767524,1.7869269511429788,1.9155856370925903,42.55542259105403,37.246816642132686,33.24769208694071,43.762259800827856,56.62095705474592
ABR,2011-02-28,2.1414529746053312,1.9155854419023621,2.0356669425964355,45.59037943391295,39.02072658778929,34.405279956712995,44.19767552489666,56.90079744274805
ABR,2011-03-01,2.0957085289970454,1.9670498048306233,1.9842042922973633,46.48394509018236,39.408046994104204,34.66517439697576,44.3192106364095,56.95430650696254
ABR,2011-03-02,2.144312548094782,1.8755586923737628,1.9070086479187012,48.224258195740155,40.30598699679879,35.281284847812074,43.96347836217271,56.97080537440357
ABR,2011-03-03,2.009936159294148,1.8383910061910638,1.9641907215118408,48.77103943588404,40.60020832168386,34.46669140797387,44.06277802726237,57.02238674578213
ABR,2011-03-04,1.9584724978445756,1.7183095363759777,1.864122748374939,51.09081821584019,42.220015952218894,35.361398624330825,44.16709955446277,57.20913940519987
ABR,2011-03-07,1.864122401017572,1.7211682287422008,1.7812089920043945,52.19220636630544,43.02705151798593,36.05438462083471,44.51129605730302,56.38578818252527
ABR,2011-03-08,1.7869273037030693,1.724027522598684,1.7640546560287476,52.315967546743195,42.861762074097385,35.82016009018915,44.272779782417174,56.396417764107035
ABR,2011-03-09,1.769772710604853,1.6725638275532864,1.6811411380767822,54.16063649628124,43.67096223785693,36.61532371551062,44.37568453831189,56.47129971700217
ABR,2011-03-10,1.6754231768760979,1.6211005672818843,1.658268690109253,51.40280033570767,43.41261547455259,36.47718214859424,44.345893777682846,56.37273901490069
ABR,2011-03-11,1.709731895683417,1.62110032576039,1.6868592500686646,51.69251122431343,43.41690746322626,36.51856388345179,44.38078911309273,56.2820151714806
ABR,2011-03-14,1.7040143211450616,1.6325372108162646,1.6496917009353638,51.12541200138292,43.69301473350532,36.6191631953804,44.42020801378528,56.334310832230564
ABR,2011-03-15,1.6468320507368843,1.5724958192946414,1.6268184185028076,50.97285903842447,43.72765335708893,36.47223460508369,44.423078224690705,56.340843304559954
ABR,2011-03-16,1.6639864178493964,1.595368352368456,1.5982275009155273,50.95675717512735,42.38804966334423,36.44828876146373,44.01761835244497,56.374270602626034
ABR,2011-03-17,1.641113660559483,1.5753548790721212,1.6096638441085815,50.97737330255948,42.39827037735934,36.39777686206374,43.82676659777472,56.36585095439284
ABR,2011-03-18,1.6496907590677392,1.5925091579844362,1.6068044900894165,50.92936828663013,42.322688826879315,36.39966915609884,43.59074984847817,54.17861670800232
ABR,2011-03-21,1.681141144790307,1.6325367030704252,1.6411138772964478,51.21151596033779,42.095908236685595,36.52993981926886,42.90586416892788,54.14058864240613
ABR,2011-03-22,1.681141144790307,1.6325367030704252,1.6411138772964478,49.36952481239828,42.081578898076,36.52984856564032,42.65843597356906,53.700038552557835
ABR,2011-03-23,1.6925776444421796,1.6296777240122153,1.6468323469161987,44.86058397447346,41.54497293905604,36.529238909443116,40.636581681159214,52.99174264207818
ABR,2011-03-24,1.6554091958155566,1.6239592417982156,1.6439728736877441,44.752091878372205,41.52656189490756,36.52855114038031,40.61587354098229,52.896771600022205
ABR,2011-03-25,1.6439726381137707,1.6010863681140293,1.6153818368911743,44.875148224850925,41.62777840022877,36.630677249178625,40.362874822446706,52.924241708225054
ABR,2011-03-28,1.6268188267360557,1.6010870268825033,1.621100664138794,44.93299275005253,41.443973861789054,36.63296590830642,37.5370661284314,52.90499293870029
ABR,2011-03-29,1.626818157380213,1.6010863681140293,1.6153818368911743,44.9311577293628,41.343043731703396,36.63864519368257,37.36401539242236,52.90548343753619
ABR,2011-03-30,1.6325368334733146,1.6010868740250612,1.6125231981277466,44.93624422508627,41.06796247822751,36.34108047472218,37.142285526630715,52.9003651579071
ABR,2011-03-31,1.641113907207946,1.603945924331535,1.6239594221115112,44.88438253039717,40.912612700599254,36.335370253606236,37.06239313060936,52.551800436267094
ABR,2011-04-01,1.6325359372849333,1.5810725070739444,1.5896496772766113,45.080317496424236,41.00754906010508,36.36127282049646,36.96319399716103,52.15771895875202
ABR,2011-04-04,1.6268184185028076,1.5667776581322932,1.6268184185028076,45.72044717080871,41.29491403083828,36.54091450326115,36.8111747729916,51.89772242471008
ABR,2011-04-05,1.6325370043088092,1.5925098657608032,1.5925098657608032,44.48314655431728,41.455001648748635,36.64639633606204,36.849927870565075,51.91340098632023
ABR,2011-04-06,1.601086708195635,1.563918590545654,1.5639185905456543,44.67205310879512,41.498609803910135,36.648023156779495,36.80186178540686,51.51996225308096
ABR,2011-04-07,1.6010864973068235,1.5553412116594503,1.6010864973068237,45.321523110940745,41.7945337621863,36.719085452380455,36.90057130095119,51.4999961306416
ABR,2011-04-08,1.6153821800092347,1.561059577981968,1.5639185905456543,39.447080817576705,41.594875592431826,36.90903504998164,36.946289585960365,51.557017700813056
ABR,2011-04-11,1.578213837670801,1.5524820466024156,1.5610593557357788,33.91436498350316,41.59403742006651,36.90901758125473,36.9318677504587,51.43349520398169
ABR,2011-04-12,1.5610590778802376,1.5238909721374512,1.5238909721374512,33.85238719557137,41.78146546159177,37.04938083853634,36.98993216205948,51.484159284741025
ABR,2011-04-13,1.5324682797441247,1.5181728125102285,1.5238909721374512,32.63843381327571,41.78333800977958,37.040075152178645,36.98668751270114,51.43420885003519
ABR,2011-04-14,1.521032214164734,1.5067367445466648,1.5210322141647339,30.757761997843442,41.78330791742187,37.03141199752511,36.96431894697124,51.00158326570363
ABR,2011-04-15,1.5238912262893265,1.512454905127552,1.5210322141647339,27.892292168677574,41.63985872736425,37.03141199752511,36.76976083209485,50.87616080680382
ABR,2011-04-18,1.5153142466742275,1.4724279686868968,1.4867233037948608,25.856622520227866,41.47255900046325,37.17806251300472,36.64476675858805,50.700660909528594
ABR,2011-04-19,1.4953008006922026,1.463850841395744,1.4781463146209717,25.833429969889522,41.457438560491596,37.17877125632584,36.642820223327696,50.67784911835821
ABR,2011-04-20,1.503878441439458,1.4495558221442773,1.4695693254470825,22.518386109281124,41.30791399842206,37.17146984166862,36.62494722711189,49.50107852170322
ABR,2011-04-21,1.4781462088200459,1.4524144133891297,1.463850736618042,22.348375341010613,39.334265928953904,37.129268038377724,36.36863260968276,49.47553356997617
ABR,2011-04-25,1.4609918403830973,1.4381191921028649,1.449555516242981,21.4683513580213,39.34566777704397,37.066448229749035,36.367742446781044,49.41496822024694
ABR,2011-04-26,1.54390516899949,1.4495554321510968,1.5267506837844849,26.47432341664484,40.381961126809536,37.983569965191684,36.85406139741781,49.076098422526584
ABR,2011-04-27,1.5353272913918963,1.5181728125102285,1.5238909721374512,26.253670825646715,40.19810561809001,37.86693452224479,35.953136951252176,48.889310041619744
ABR,2011-04-28,1.543905359079616,1.5095963844256068,1.5324690341949463,25.92169667020921,40.105806558904995,37.835708089266404,35.20553594489274,48.60634978058119
ABR,2011-04-29,1.5296098988782862,1.492441774495339,1.5038782358169556,26.269090618310564,40.20628884972407,37.94405767744679,35.275785145623985,48.538783623238494
ABR,2011-05-02,1.5095966047162261,1.4581329988935463,1.4695693254470825,26.951222807805486,40.39784162680648,38.119335540408755,35.37600815255466,48.452037629045705
ABR,2011-05-03,1.4695688236253628,1.409528061555862,1.4438371658325195,26.273052535119803,40.41492930157694,37.91040081142905,35.438545673824976,48.154559217624566
ABR,2011-05-04,1.4695690153223158,1.443837354172923,1.449555516242981,26.353715346724883,39.246723492881934,37.71772489090005,35.438357258322,48.15380240081589
ABR,2011-05-05,1.4667101391407456,1.4266828645883263,1.4352601766586304,26.303150182206704,36.460645834830984,37.51103339084111,35.45722887749948,47.88470725659193
ABR,2011-05-06,1.4924415446903228,1.4524144133891297,1.463850736618042,27.22430324431698,36.74244988468342,37.43016444443609,35.2657552874771,47.90674889323203
ABR,2011-05-09,1.5124548937921334,1.4724277700259145,1.4953004121780396,27.846056999945816,37.11799157607064,37.527629274795785,35.27236809818261,47.39369185314119
ABR,2011-05-10,1.552482226776811,1.4953006136904847,1.541045904159546,29.37821493606509,37.7526277672058,37.82132860327672,35.433563216053585,47.456367240866285
ABR,2011-05-11,1.561058885577859,1.5353271022593427,1.5467634201049805,29.41356125007154,37.77190478108975,37.778358222741936,35.20736325127003,47.20855735288018
ABR,2011-05-12,1.5667776982142523,1.5324687303624567,1.541045904159546,29.420741859649226,37.761603504761716,36.71194491629893,35.0714072667614,47.16047976928467
ABR,2011-05-13,1.5410459865790636,1.4324009159043967,1.463850736618042,32.641741938836816,38.93169109709502,37.58767341786447,35.54738591598574,47.05223195866532
ABR,2011-05-16,1.47242799324022,1.4409780373475076,1.4552735090255737,32.209844358070214,38.914182415180285,37.5349747547699,34.99275775509937,47.05545873120491
ABR,2011-05-17,1.452413949612199,1.4181049908808123,1.420964002609253,31.78199303025322,39.0378366657045,37.37978714003841,34.99876964787126,47.06229624211959
ABR,2011-05-18,1.455273551865525,1.4095281229481047,1.423823595046997,31.427254666465,38.184735489590274,37.36874401088165,34.834512783645046,46.91557287146997
ABR,2011-05-19,1.4438369048016295,1.4152459670180764,1.4324005842208862,31.24495108259041,38.23260110432521,36.9957287811097,34.2661151943841,45.24193053659812
ABR,2011-05-20,1.4324004016480083,1.4009504558937078,1.4123867750167847,30.369610094305173,38.251861083212866,37.03912307302532,34.28459385201174,45.05348862057909
ABR,2011-05-23,1.4123875044684373,1.3752193799564854,1.3837966918945312,30.214149956643205,34.902279856261046,37.118980603485355,34.36785125877426,45.07626610999438
ABR,2011-05-24,1.4838641064568725,1.3723599066455765,1.4524141550064087,33.82940233998108,33.9774194010803,37.85966410211404,34.59217328947977,45.09143302247469
ABR,2011-05-25,1.440977302836255,1.3780775594445207,1.4009501934051514,34.66471373010418,34.30656226573529,38.177442720369484,34.85327247498572,44.7667665410107
ABR,2011-05-26,1.4009508012517187,1.3780781573670722,1.386655330657959,34.720028912382276,33.587819905196724,38.04094684169344,34.84309288174646,44.225317012465744
ABR,2011-05-27,1.4409777564905961,1.3695006846951034,1.4324005842208862,36.22255025106813,33.72195746633165,38.32451670939534,35.04889288230933,44.2592107853321
ABR,2011-05-31,1.4609916834938326,1.4152462555140237,1.4409780502319336,36.29247573934997,32.33700177230904,38.24633943197793,35.04145065209625,43.7777446329418
ABR,2011-06-01,1.4552737722343012,1.3723603487014773,1.372360348701477,38.32332120995722,32.52266651553707,38.974853783940176,35.4879574232076,44.012751652907106
ABR,2011-06-02,1.4009501934051514,1.372359400954363,1.4009501934051514,38.89645397551233,32.90099917899924,39.091583606579455,35.27723066417901,43.464346451576915
ABR,2011-06-03,1.4381186962127686,1.3780779470144573,1.4381186962127686,39.70580015845472,32.14381965743508,39.279959878170594,35.35754049543962,43.278487911856935
ABR,2011-06-06,1.4581328451997808,1.3780785677631078,1.4466965198516846,39.73985259952577,32.1062766652037,39.295713988244124,35.36293482793737,42.80261186864631
ABR,2011-06-07,1.46385030907727,1.415245881384226,1.4295413494110107,39.78813230406867,31.90878143428972,39.026988222231616,34.707810296816646,42.646127962542366
ABR,2011-06-08,1.4581321491328936,1.4038095614954726,1.4295413494110107,36.56761970147194,31.65225417892203,39.026988222231616,34.67992966373912,42.646127962542366
ABR,2011-06-09,1.4810051671816824,1.4238235531328614,1.4552735090255737,37.026073021331655,31.826062350060162,39.1061044729227,34.605208329541725,42.03518704947652
ABR,2011-06-10,1.5124547575835547,1.4381186772837034,1.4981592893600464,38.02833484321659,32.27013397950937,39.40803655300801,34.7584732296207,42.0373021506639
ABR,2011-06-13,1.495300820696545,1.157928984118788,1.1950969696044922,75.51521548922058,56.22079212540282,53.153127262017705,43.811848327458264,47.74775551299688
ABR,2011-06-14,1.2437009354072626,1.1179013496095367,1.1922374963760376,75.38609396722113,56.21944003085123,53.098682626694625,43.81067540034693,47.295281672609555
ABR,2011-06-15,1.2894470864258547,1.200815353037972,1.2751516103744507,78.29896506565512,57.902555786971554,54.10025646544667,44.52627852484864,47.758009613091176
ABR,2011-06-16,1.29516505496383,1.229406120405724,1.243701457977295,78.48771546796456,58.0510864946148,54.203576073723085,44.62009775644319,47.56364689932519
ABR,2011-06-17,1.2694333435358198,1.2179698793513585,1.2465606927871704,78.50251027123323,58.04454674740826,54.12999763555898,44.489552381663614,47.563883000147385
ABR,2011-06-20,1.2694326724503864,1.223687395136323,1.2551372051239014,78.24279646097445,58.08961328998075,53.253409419727994,44.49447432223739,47.38547317877501
ABR,2011-06-21,1.2808697735286596,1.249419808014629,1.2751516103744507,78.09922807231786,58.17192635336498,53.3350405073433,44.48345175307304,47.24315369368411
ABR,2011-06-22,1.3180373971464465,1.2665738121468104,1.2894465923309326,77.54237187497128,58.23461441785655,53.14410743744722,44.441421489223146,47.22103957208231
ABR,2011-06-23,1.335192305105016,1.2751515277121146,1.3237559795379639,78.06003487118394,58.55995084862378,53.25545425976116,44.54857025717605,47.28991960782725
ABR,2011-06-24,1.3409097035038255,1.2980234389087901,1.3151779174804688,78.05961715480181,58.56263643891165,53.198261653213976,44.54592090853996,47.26058975270404
ABR,2011-06-27,1.3552051234798403,1.3094598442732692,1.3180371522903442,76.84455718607505,58.53386140451852,53.186333218767665,44.0182557658915,47.24396390759782
ABR,2011-06-28,1.3895143177607732,1.318037245765511,1.3351917266845703,76.98716445106137,58.508384562759645,53.230894986181475,43.986377115145125,46.966285083639
ABR,2011-06-29,1.3695007945713038,1.3380508422851562,1.3380508422851562,76.73962541205616,58.267385897377075,53.18966058590128,43.92735337094126,46.828073347061974
ABR,2011-06-30,1.3494871637834451,1.332332681536012,1.3380508422851562,76.73269825447527,58.14885948412195,52.66650979060054,43.782704588597156,46.67748539440664
ABR,2011-07-01,1.3723602630986815,1.3294739793146468,1.3695011138916016,77.05203534824312,58.30400503132446,51.658637352860595,43.8601120668391,46.25194870427326
ABR,2011-07-05,1.372359953627142,1.3409100011000161,1.3637826442718506,76.96507029497994,58.05830227387777,51.63720293894066,43.77592345907153,46.09952936314804
ABR,2011-07-06,1.369501564204291,1.3151789383933166,1.320897102355957,77.28696688540819,58.21359400876662,51.83369645874236,43.90157898827106,44.86393079939307
ABR,2011-07-07,1.3723593268327843,1.3323320832319128,1.3523457050323486,76.21918338190932,58.46337440445605,52.00246628991812,43.96521111025074,44.91042984664081
ABR,2011-07-08,1.360924039325829,1.3351922398908898,1.358064889907837,75.56306173244424,58.302140656527094,52.01227917119924,43.8775701650825,44.70434692739055
ABR,2011-07-11,1.3494871083263875,1.3151781452414448,1.329473614692688,75.74721514800241,58.43513269281293,52.086314830738736,43.8720244695747,42.93856058186583
ABR,2011-07-12,1.3409097035038255,1.315177917480469,1.3151779174804688,75.10177180708936,58.46121456804346,52.060152335604336,43.86353101315303,42.846175690769186
ABR,2011-07-13,1.32947414232149,1.3123196539709117,1.3237559795379639,75.10734448818388,58.48790236544902,52.07874913746438,43.87187338200378,42.708708062501806
ABR,2011-07-14,1.335191880035755,1.2894465923309326,1.2894465923309326,74.18750845294944,58.54371544072984,52.16186079847308,43.97199954968557,42.73176663348163
ABR,2011-07-15,1.295164749093978,1.2694329566776048,1.2780101299285889,73.89557363034018,58.554989788892954,51.769586978052075,43.98109825534388,42.63099661216745
ABR,2011-07-18,1.286587538963679,1.2579967320308303,1.2665739059448242,73.38730617333059,58.56643882740726,51.77507109015407,43.98787937144725,42.472953785342874
ABR,2011-07-19,1.3037421313935067,1.2722921729897303,1.280869483947754,73.46680873275481,58.632726434772074,51.81076754879981,44.008019222658326,42.459417059503195
ABR,2011-07-20,1.3066008180637232,1.2379827636797296,1.29230535030365,73.52073645901791,58.654618801268064,50.39803688179465,44.01966359881174,42.40104568927013
ABR,2011-07-21,1.3294736526046693,1.2865873793596727,1.2980237007141113,73.54942275289145,57.592105549257724,49.3381620791414,44.02288761925065,42.39882010787361
ABR,2011-07-22,1.3523467934555944,1.2951651656203333,1.3237559795379639,73.59577183375288,57.77369068417335,49.368165503869996,44.088361184511236,42.41348710704141
ABR,2011-07-25,1.323756065351108,1.275151610374451,1.2751516103744507,73.58929612213836,58.191766223548456,49.327686433365656,44.150087820301756,42.557998030322544
ABR,2011-07-26,1.2837282635100424,1.252278447151184,1.252278447151184,32.77273947708355,58.18348110348681,49.081581006449035,44.18973866319094,42.564885346434245
ABR,2011-07-27,1.2608557110578498,1.1893786274589835,1.215110421180725,34.025277521897394,58.30497291299842,48.656591503869485,44.24873727090302,42.66086236723256
ABR,2011-07-28,1.3237555538167756,1.2122512109002992,1.2780101299285889,31.421171007327082,59.24588013680868,48.97112767451593,44.66957057091431,42.96255063770998
ABR,2011-07-29,1.2694328061587266,1.21225106716156,1.21225106716156,34.25925191135602,60.13682656111289,49.588831348405364,45.054489663381055,43.148437038988575
ABR,2011-08-01,1.257997104076459,1.1979563235948902,1.2236881256103516,34.3774250109738,60.171890249853156,49.11666260617986,45.03037153878061,43.034403051070655
ABR,2011-08-02,1.2579967407239887,1.2122513129835941,1.2379831075668335,34.494758312122464,60.06590138623,49.1429866813501,45.011366208852166,43.05039973674667
ABR,2011-08-03,1.4238238724209566,1.2093925671547388,1.2465606927871704,34.22487301615811,59.89222552710024,49.06389598386032,45.017926171429366,43.04325612300099
ABR,2011-08-04,1.2808693435449505,1.2008149499282648,1.215110421180725,34.76435914903119,59.661969637711195,49.09933518689147,45.10987272904156,42.96000791789502
ABR,2011-08-05,1.2093926320591164,1.1293382819766964,1.1607881784439087,35.92526823777011,60.24816768264707,49.53609280850442,45.38209373258187,43.178339671895465
ABR,2011-08-08,1.1407743536177843,1.0664381831033916,1.0750154256820679,41.6081362096779,62.02649460252928,50.8408122662496,46.24185284288203,43.80852902822737
ABR,2011-08-09,1.1093245354828445,1.0206928868065261,1.0807336568832397,41.676186994848756,61.33894473592571,50.831498135633126,46.24824040884118,43.29708853850001
ABR,2011-08-10,1.0950289916989793,1.049283697946039,1.0750154256820679,41.26603078655928,61.338730469466675,50.83068571514092,46.2492505415548,42.87557350496593
ABR,2011-08-11,1.1150426169344645,1.0435655278531748,1.1093244552612305,42.69110294291556,61.65988909884052,50.98624711833559,46.41004094525643,42.99624820630951
ABR,2011-08-12,1.1436338634091434,1.072156746946072,1.115043044090271,42.78241433252584,61.6765377525966,51.00283087456855,46.415122865141946,42.997877171426715
ABR,2011-08-15,1.1436335003204237,1.1121836090545942,1.1350562572479248,42.48642362327793,61.80593244941798,51.10576860545838,46.46747917384148,43.0388506377881
ABR,2011-08-16,1.1407741935285423,1.1064651598626913,1.1264787912368774,42.48342839273768,61.77453313901368,51.10842120614636,46.447555584955104,43.04291551954354
ABR,2011-08-17,1.1493515768853055,1.1179016879585733,1.1379152536392212,42.02911125628409,61.73947303384596,51.10732450134965,46.43318923492256,43.05612186173423
ABR,2011-08-18,1.1150427685028195,1.0435656697056097,1.0864518880844116,42.77896845554534,61.404043640944984,51.54264767236116,46.73150315880368,43.14814912353908
ABR,2011-08-19,1.0864513884211269,1.0435651897658573,1.0464242696762085,43.507813499319916,61.4365322975363,51.81672710937235,46.85696216093061,43.248811704772756
ABR,2011-08-22,1.0635792866623137,1.0435657171751653,1.0607202053070068,43.802910083102,61.54114115996027,51.89326679521425,46.881278547632306,43.268284225093325
ABR,2011-08-23,1.169365159983954,1.0435654734047262,1.1436333656311035,49.91898165165951,63.23985210695518,53.377733319198896,47.76216011418279,43.816492331937525
ABR,2011-08-24,1.1579285628529483,1.1207604545576306,1.1464922428131104,49.85463868080493,63.22104605640057,53.3089795097181,47.76422418749784,43.745803794504155
ABR,2011-08-25,1.1464927301464807,1.0750155631833977,1.0864518880844116,51.49621668251052,63.38108388483078,53.73638013674373,48.01573433206537,44.03655448052389
ABR,2011-08-26,1.0921701876218297,1.049283963860039,1.077874779701233,51.491698601434024,63.179213476281085,53.66879073237919,47.92430898927458,43.70329158047219
ABR,2011-08-29,1.1321969521535433,1.0750152748210287,1.1264787912368774,53.45682124108703,63.65433129937106,54.156064637099576,48.142554322721324,43.877023028086874
ABR,2011-08-30,1.1922378840744334,1.0578609465749043,1.1750833988189697,54.95473313556135,64.32933091749562,54.47294198686108,48.33569705382877,43.998966816724526
ABR,2011-08-31,1.2208286203277414,1.166506018745829,1.1693651676177979,54.84342692622154,64.30593502325111,54.375609798609936,48.316821463460776,43.66708744217382
ABR,2011-09-01,1.1607878497557635,1.1436333656311035,1.1436333656311035,55.0602126572037,64.41803370991818,54.46187123283187,48.37238540312463,43.709593236580645
ABR,2011-09-02,1.1750832708702448,1.1293379136707846,1.1493514776229858,54.671202087333405,64.28802888826634,54.37222679287317,48.36391975539723,43.71180824902191
ABR,2011-09-06,1.163646553975619,1.123619371480079,1.1522102355957031,53.8137155267973,63.93559429973777,54.376937092990815,47.879867936889234,43.581183473597925
ABR,2011-09-07,1.2008148212283096,1.1379150543886833,1.1893784999847412,54.562964744619116,44.70041902389941,54.65270215042269,48.03625294132937,43.69587645424941
ABR,2011-09-08,1.2065335000745092,1.1950971739188654,1.1979563236236572,53.942811049802295,44.722344495737396,54.6728361152302,48.01810828229131,43.68151426038357
ABR,2011-09-09,1.2093926497793008,1.1550700323741123,1.1979563236236572,51.73928039805198,42.47654882901631,54.57573198252085,47.87192032240371,43.68115333027401
ABR,2011-09-12,1.1836605732808365,1.1407743601421774,1.1750833988189697,49.76015786429523,42.35535763180104,54.64054005709323,47.90931987325505,43.712517858296245
ABR,2011-09-13,1.195096508156374,1.1579285370218877,1.1922374963760376,49.874918304207014,42.46883287771067,54.70229097399236,47.777111521977325,43.719743626554866
ABR,2011-09-14,1.2151108128571229,1.163647345156726,1.1979563236236572,49.76555783871271,42.45512168579533,54.712356642952585,47.780572407354455,43.547329527010845
ABR,2011-09-15,1.2093926320591164,1.143633689461793,1.1607881784439087,50.46975994364642,42.77193599502609,54.89937702175155,47.892271718641815,43.6230219538515
ABR,2011-09-16,1.177942420923059,1.1407743692398071,1.1407743692398071,50.198779805681134,42.80948277850669,54.25919243432793,47.87852600468819,43.65478703064763
ABR,2011-09-19,1.1579288372341807,1.1150425587566701,1.1436333656311035,48.472636750124906,42.413682793419675,54.26577765181987,47.84551515369953,43.250035688647124
ABR,2011-09-20,1.1522107610005194,1.1350562074423838,1.1407743692398071,42.761117157277354,42.40523603307383,54.24877134065419,47.77675744339298,43.23662968193022
ABR,2011-09-21,1.1607875746970635,1.135055854607428,1.1464922428131104,42.75914479568482,42.422133655001204,54.203081591925354,47.74118955526762,43.16681003122047
ABR,2011-09-22,1.1407744269599536,1.0778745758398662,1.0807336568832397,46.25036991872846,43.85806182201188,54.84454927472928,48.16979053564451,43.55226364667777
ABR,2011-09-23,1.1150426505952908,1.0721563685855235,1.1064653396606445,45.84219541451667,44.19385168235681,54.955331436831976,48.2649470025317,43.56940492873787
ABR,2011-09-26,1.120760525504093,1.083592414855957,1.083592414855957,46.20361493492206,44.33701488267807,55.02067621188102,48.29187458734064,43.6137712203506
ABR,2011-09-27,1.1064655955424265,1.072156616532994,1.077874779701233,45.873074750694144,43.98599371167934,55.01059896914189,48.26826499705046,43.60160995569049
ABR,2011-09-28,1.0778746073328496,1.0550019583175756,1.0635792016983032,45.96744872990482,44.027816656596016,54.91539163298425,48.285582313566266,43.61885038960555
ABR,2011-09-29,1.0864511940366193,1.0578604000484833,1.0692967176437378,45.880223283839314,43.6839729146474,54.79307580590807,48.148983663293265,43.52474394833437
ABR,2011-09-30,1.0807336568832397,1.0578610085362514,1.0807336568832397,44.04351870829055,43.42212154945217,54.57676207728206,48.17339874453513,43.53809452963978
ABR,2011-10-03,1.060719679427274,1.0035380125045776,1.0035380125045776,47.850094698517594,45.71570298946108,55.699862366177044,48.888491095539905,44.1035427538712
ABR,2011-10-04,1.006397559609904,0.9463567848785724,0.9778067469596863,48.1471185161624,45.7970180701717,55.80562852825053,48.9639222834961,44.12116555664562
ABR,2011-10-05,0.9778064383803149,0.9292020040478177,0.9520746469497681,42.53908479545631,45.99605206669967,55.41403765265781,49.042892167259616,44.18791924351751
ABR,2011-10-06,0.966370273226147,0.9406384776338439,0.9549338817596436,42.5481584986379,45.96298297459766,55.42552703021917,49.01426508613545,44.186265040025965
ABR,2011-10-07,0.9635110617778867,0.9177657715406539,0.920624852180481,41.14146587932546,46.210881575806575,55.5770294781704,49.07557447342694,43.929288797567004
ABR,2011-10-10,0.9406382926862059,0.9120474900561102,0.9349201321601868,41.576478217329765,46.4051705026494,55.65664007128698,49.11477492369098,43.92475175798418
ABR,2011-10-11,0.9577931329784424,0.9149069129714846,0.9492158889770508,39.41199786764054,46.58501240600332,55.71846551592411,49.11245850217809,43.90975157370865
ABR,2011-10-12,0.9577927608677552,0.9292019586375548,0.943497359752655,36.698395747150606,46.46547032560224,55.696521340233154,48.56335099097666,43.800517120259144
ABR,2011-10-13,0.9606518989414898,0.9349201753847382,0.9577928185462952,37.26300194589005,46.56150462017125,55.71518462879907,48.60906702142703,43.82499665540709
ABR,2011-10-14,0.9720885798761518,0.9320613741874695,0.9320613741874695,37.47161608914083,46.73978100542345,55.20704027844712,48.550000101197725,43.84312105774609
ABR,2011-10-17,0.9463567294722454,0.9320613239840894,0.9377794861793518,37.50393194436657,46.510682263158934,54.997410946447665,48.504942323080066,43.82514581583004
ABR,2011-10-18,0.966370273226147,0.9320612351583641,0.9549338817596436,38.10892110243264,46.28789537646802,55.09988150944598,48.53259999988147,43.85242975033468
ABR,2011-10-19,0.9606519937515259,0.9434975096873234,0.9606519937515259,36.576305972107775,46.25576473300456,54.81678885799277,48.53556404884914,43.800455286520986
ABR,2011-10-20,0.9663701278977326,0.9463564969655167,0.9577928185462952,36.34876068541158,45.94479232620433,54.79378000855593,48.52573667497735,43.74210942896764
ABR,2011-10-21,1.009256172380263,0.9606517452710948,1.0035380125045776,39.554410974268414,45.75806526711945,54.90628817196257,48.85853653296859,43.99515658480081
ABR,2011-10-24,1.0378473284053462,1.003538291448826,1.0264109373092651,40.1773946665703,44.924420844128555,54.928243013960454,48.63324824575487,44.06116114570071
ABR,2011-10-25,1.0521429246772416,1.0006793939042906,1.0321292877197266,39.892593725231755,44.88693251640468,54.74549353793865,47.93845697554534,44.06484681268336
ABR,2011-10-26,1.0292700679307887,1.0035383400905715,1.0206928253173828,39.826833115743526,44.8162205695531,54.73909787302064,47.93399851177801,44.074082243783
ABR,2011-10-27,1.0635791065502762,1.0149746635751125,1.0206928253173828,39.06682936736128,44.771933638139885,54.72502754005093,47.93521255712629,44.07110589726572
ABR,2011-10-28,1.0664380931429767,1.006397331991174,1.0578608512878418,40.52803840201962,45.23331763312305,55.074501978338766,48.15259829126543,44.225778176989095
ABR,2011-10-31,1.0635792497010366,1.0321292877197266,1.0321292877197266,40.996095381194344,44.569699783637844,55.077817951103555,48.2163457373218,44.284614305983176
ABR,2011-11-01,1.0235520233278683,1.00067937374115,1.00067937374115,41.762422949338976,42.21181017444809,55.000554995668395,48.324250742446594,44.3809867826158
ABR,2011-11-02,1.0264109373092651,0.9978201299837163,1.0264109373092651,42.57010849063694,42.54325852376945,42.15211436148511,48.422316147825406,44.46184396837645
ABR,2011-11-03,1.0321292835710743,0.9577931030493283,0.9921021461486816,40.29547430900035,43.074370047442166,42.46614466843078,48.553713973578105,44.46811198429069
ABR,2011-11-04,1.014974594116211,0.9806656260104926,1.014974594116211,40.254052634903765,42.82985599195882,41.19313800403505,48.62835768702643,44.53237712373164
ABR,2011-11-07,1.1522107258626901,1.014974642412086,1.1379152536392212,52.27865661945989,48.95857239115888,44.999934884042304,50.345967419621964,45.96865722116609
ABR,2011-11-08,1.1493515869738689,1.0921699020756643,1.1093244552612305,52.833975085652554,49.10195335096688,45.16515353593547,50.4171036390661,46.02929639017428
ABR,2011-11-09,1.100747272820968,1.0435656494270518,1.055001974105835,54.74670997976926,50.13513552067516,45.810975390371325,50.72252074458492,46.26536989747399
ABR,2011-11-10,1.0835923085107755,1.0378470299451545,1.0464242696762085,54.76615364346489,50.10068028031719,45.73514927539068,49.92095812295014,46.240994849847624
ABR,2011-11-11,1.057860384932091,1.0378468294263812,1.0492831468582153,54.67147943093319,49.224489964655575,45.69315575972264,49.3397235796354,46.21260193809763
ABR,2011-11-14,1.0664380931429767,1.0407063675775723,1.0578608512878418,50.11952898052693,48.64641427409733,45.49740581846517,49.2901668460627,46.219802713564086
ABR,2011-11-15,1.0664380931429767,1.0464245288143288,1.0578608512878418,49.431276483813704,48.56632862036495,45.49361983922394,49.10328934143771,46.2200417364774
ABR,2011-11-16,1.0692974493729275,1.0321293235880613,1.0607202053070068,48.64561603410703,45.96776144937536,45.49498083681938,48.95320382569911,46.199565456383304
ABR,2011-11-17,1.0635789678457035,1.0292699337005615,1.0292699337005615,49.61734671824614,46.3380303304941,45.64391756905789,48.711160267716465,46.2860744004637
ABR,2011-11-18,1.0435654043577867,1.023551772704014,1.0292699337005615,48.22631397192048,45.053670023465024,45.639524510234615,48.453061678649696,46.28474454296961
ABR,2011-11-21,1.0321291488019237,1.0178337444462477,1.0206928253173828,48.217828536381276,45.05670582433029,45.64661136719513,48.450786913902824,46.28934844342504
ABR,2011-11-22,1.049283843421293,1.0292702064637778,1.0321292877197266,48.142910560659615,44.147380431342384,45.511873333029875,48.180877695109196,46.30071240701722
ABR,2011-11-23,1.0378473941128854,1.0121155977249146,1.0121155977249146,48.517232926836634,43.34433589705858,45.589116483685125,48.20478622736427,46.33399360321194
ABR,2011-11-25,1.012115288183478,1.0035380480660065,1.0063971281051636,48.4173484172957,43.346492167537086,45.35431273546287,48.14811727991837,46.33202159630899
ABR,2011-11-28,1.0235517434715558,0.9692292155557949,0.9978200197219849,47.747206893775434,43.170513747884186,45.16726037149657,48.097588154273154,46.3191120581002
ABR,2011-11-29,1.000679243128066,0.9549338817596436,0.9549338817596436,49.56570242723303,43.97565658660664,45.614805301204704,48.32572981703554,46.486674666140665
ABR,2011-11-30,1.0006788968946083,0.9549335513540096,0.9863834977149963,50.173234252620205,44.56116015189712,45.87813522804149,48.47383821201907,46.611079128623665
ABR,2011-12-01,1.0006788968946083,0.9635107908617768,0.9863834977149963,50.15250429937203,43.9875244530821,45.8632888098621,48.46086074684058,46.566295793248656
ABR,2011-12-02,1.00067937374115,0.9778067241544315,1.00067937374115,50.2887633055529,44.08426394867428,45.92140206685036,48.503025378964466,46.58458927963965
ABR,2011-12-05,1.0006791914005255,0.9463565903646904,0.9606519937515259,49.846262374085754,44.754389655094016,46.16830718181025,48.62952382816164,46.74726536178968
ABR,2011-12-06,0.9577928076752557,0.9434974058615366,0.9520746469497681,49.362531813692215,44.65066924926383,46.16850525257149,48.633377775230386,46.75238493965141
ABR,2011-12-07,0.9492154361137036,0.914906476476677,0.9463563561439514,49.31226194100543,44.49510328901932,46.16102354674664,48.628485427460305,46.64647242688339
ABR,2011-12-08,0.9520746664565017,0.9149066209793091,0.9149066209793091,50.072899623840925,44.876239107440945,46.362842475288865,48.76381181804955,46.68388673697494
ABR,2011-12-09,0.9577927608677552,0.9149065575224546,0.943497359752655,51.05231195532611,45.08917859496863,46.639374518282395,48.89941856521966,46.7322877448427
ABR,2011-12-12,0.9892431066556482,0.9263432484570137,0.9806658625602722,51.24632418117492,45.8058773633745,47.0947907600909,49.141136054043436,46.84529008921404
ABR,2011-12-13,0.9949610814777463,0.9406384776338439,0.9549338817596436,51.323057870567446,46.056943671650906,47.10590510328597,49.221688231917746,46.89708651399852
ABR,2011-12-14,0.9520747856107357,0.9206248970401659,0.929202139377594,51.159359782277804,46.32532295751018,46.9466844229484,49.30601747788744,46.96036144855994
ABR,2011-12-15,0.9377792643498892,0.9149066209793091,0.9149066209793091,50.59401896841702,46.356740725408294,46.92746580660916,49.31306441353532,46.97033285010168
ABR,2011-12-16,1.0206929421295285,0.9234841132201025,1.00067937374115,56.526309921525474,48.73345633510877,48.97932859268189,50.471866612993956,47.50265318534546
ABR,2011-12-19,1.017833675464728,0.9492156710420575,0.9606519937515259,57.32660314183241,49.116993693324766,48.63549996355027,50.58063911663341,47.65694652620879
ABR,2011-12-20,0.9949609561966204,0.9463565201230956,0.9749473929405212,45.922975895901565,49.08595389805156,48.047836957228746,50.57616383323788,47.66417413535232
ABR,2011-12-21,0.9978198170586859,0.9720880985353842,0.9863834977149963,45.75706074774559,49.156784009528124,48.06310843990604,50.57132112055827,47.57651923486211
ABR,2011-12-22,1.029270185724548,0.9892430489477907,1.00067937374115,43.869263866436036,49.199333629286784,48.085359409431035,50.516772179641364,47.59945087545833
ABR,2011-12-23,1.0435654043577867,1.0121154507109187,1.0292699337005615,44.66524099305757,49.54645727331947,48.305043926820865,50.58595704473882,47.57183789761223
ABR,2011-12-27,1.0692974493729275,1.012115754100913,1.0607202053070068,45.535793417314466,49.894865244633465,48.419561681416305,50.73120502416699,47.67770151874085
ABR,2011-12-28,1.055002145477727,1.0178340160683121,1.0235521793365479,46.64222294048473,48.05449472330949,48.21063301379969,50.82008883591903,47.785969472205906
ABR,2011-12-29,1.0349880946971093,1.006397289714371,1.0292699337005615,46.68155555558708,47.75088363622043,46.67554126288098,50.82777467973673,47.757164754034974
ABR,2011-12-30,1.0435652367800523,1.0063971281051636,1.0063971281051636,47.08066956635723,47.65523757037949,46.7967289477139,50.88443425851612,47.775783269225656
ABR,2012-01-03,1.0378474810295581,0.9949611955685839,1.0092566013336182,46.31907712620289,47.65494906102167,46.794239809915325,50.8873427646063,47.728629099894235
ABR,2012-01-04,1.0292701145474892,0.9577930213659728,0.994961142539978,46.48579163056799,47.12102423346151,46.55919706595672,50.84881192795522,47.713735867180304
ABR,2012-01-05,1.0149745022216987,0.9863836980555089,0.9978200197219849,46.44782471750768,47.0305877443747,46.55285415794484,50.85060657895043,47.683511404658255
ABR,2012-01-06,1.0378472433612391,0.9806655652299066,1.0292699337005615,47.24148964085588,47.344719661832016,46.736813316488195,51.0002321987832,47.79652538628151
ABR,2012-01-09,1.0807336884597587,1.0292701600095213,1.0635792016983032,47.799244207356665,47.75286583649531,47.03009113213321,51.16527070123599,47.90700621462713
ABR,2012-01-10,1.0835927536300005,1.0578610238667352,1.0721564292907715,47.781847027650066,47.692692787541965,47.01928148205876,51.16936753427851,47.89742766741858
ABR,2012-01-11,1.137915681110583,1.0692976476910443,1.1236202716827393,49.38130001848444,48.176640055733046,47.04101762456917,51.09904727699638,48.142977517670495
ABR,2012-01-12,1.183660676670845,1.1236199730323062,1.1779425144195557,48.76222203822702,49.0149101623987,47.22763831104355,51.42577843575475,48.292556937876924
ABR,2012-01-13,1.1779424115290154,1.157928913563506,1.1750833988189697,48.22724973771125,48.9392605708597,47.189114294508904,51.41907428985723,48.29243827892078
ABR,2012-01-17,1.2065332202881216,1.1750833988189697,1.1750833988189697,48.22724973771125,48.94146313872208,45.66299325210837,51.377840375154584,48.27881571106725
ABR,2012-01-18,1.2780098947614125,1.1693648568066044,1.1922374963760376,48.22885379653524,48.9757973700389,45.717550047468194,51.34667497853377,48.305273765455134
ABR,2012-01-19,1.2294058924331852,1.1836604662243428,1.215110421180725,46.27659259229175,48.26133049668753,44.97598333200111,51.36405531762151,48.34846285960597
ABR,2012-01-20,1.2494195821947325,1.160788001157871,1.2208287715911865,46.014215297558565,48.094046800726545,44.95599477515625,51.36512952786249,48.321131323852505
ABR,2012-01-23,1.2408416538792786,1.2065325656519257,1.209391713142395,46.11615789418297,48.156412630683015,44.45721957010179,51.36393985969197,48.24530143860509
ABR,2012-01-24,1.2408420048259907,1.2065329068950128,1.21225106716156,44.41583504214045,48.07076642434523,43.95681577219702,51.30659888409349,48.24229195129705
ABR,2012-01-25,1.2294058924331852,1.2008149499282648,1.215110421180725,43.98810186823844,48.06719033613259,43.95007643116931,51.23961868014274,48.21414906373102
ABR,2012-01-26,1.2265467062559066,1.2036740620146695,1.2065330743789673,43.24975794587439,47.616038881013885,43.81699903194666,51.10875326118109,47.84295383082356
ABR,2012-01-27,1.2236873465560054,1.2008145724753412,1.2036737203598022,42.17601613214729,47.29808885274239,43.81354071791164,51.10533606717564,47.84200349748098
ABR,2012-01-30,1.2437015586536562,1.1979562565908057,1.2179698944091797,40.85575699577695,46.813501029669105,43.84947591251438,51.128412538245406,47.74459139647279
ABR,2012-01-31,1.2294056842928962,1.2008147466284658,1.21225106716156,40.409945689409064,46.612153388770864,43.57033672541056,50.78181942375425,47.71162671768868
ABR,2012-02-01,1.2208282958378291,1.1893783482640157,1.1922374963760376,33.16258651935417,46.16099296310738,43.63714592624084,50.81221987715618,47.71344123095668
ABR,2012-02-02,1.2208280304409607,1.1865190785452637,1.209391713142395,30.132522392454568,46.03844968548663,43.69643202901617,50.77220617940162,47.729120516884706
ABR,2012-02-03,1.2322653020609975,1.1922381605172057,1.2236881256103516,30.083401803309496,39.81455515582504,43.623829974764355,50.793134792355644,47.74312440644279
ABR,2012-02-06,1.2837283901045335,1.215110453465697,1.2665739059448242,31.061259941014637,39.993381147811185,43.9019579829158,50.958313592242334,47.85301675213971
ABR,2012-02-07,1.2980240735129702,1.2579969372764461,1.2837285995483398,31.046586790549224,38.53087315837785,43.944510937975714,50.96058213450504,47.66025858684349
ABR,2012-02-08,1.3094604181813487,1.269433281332574,1.3066014051437378,30.608490628437995,38.56700562260758,43.719863719121605,50.95036890538719,47.21301471203383
ABR,2012-02-09,1.3208966922506917,1.2923058813142192,1.3123195171356201,29.890839940503987,38.56670268620803,43.62087938664098,50.622996365369865,47.21076204483626
ABR,2012-02-10,1.315178182745769,1.2865873793596727,1.2980237007141113,27.587787750409206,38.67176473231868,43.66450665889057,50.46189814706559,47.22017607973409
ABR,2012-02-13,1.3266147375106812,1.2980239290941913,1.3266147375106812,27.866807224782796,38.84708734213571,43.78123663503214,50.51640677320417,47.26926356486542
ABR,2012-02-14,1.3552053245325897,1.3151781992885785,1.3380508422851562,26.27970733987465,38.85885634503086,43.79220462711792,50.37761202891371,47.27585767102979
ABR,2012-02-15,1.3866553306579588,1.3466282038598274,1.386655330657959,27.262303702049696,38.740962782043,43.03042430385402,50.55267256980686,47.41651252308038
ABR,2012-02-16,1.4009508672367321,1.3609237385533162,1.3780782222747803,26.71836811842597,38.795772625334926,42.91913068297537,50.226648556125916,47.407828802793354
ABR,2012-02-17,1.3837962752130593,1.3409100011000161,1.3637826442718506,27.334680098611656,38.828059638981095,42.80789550238002,50.1817382544262,47.41585778986967
ABR,2012-02-21,1.358064473073015,1.3094600385394342,1.3380508422851562,27.900092149698885,39.110352930366744,42.925538393794454,50.132941272525045,47.423995062105426
ABR,2012-02-22,1.349487130632905,1.3037418457634955,1.3409099578857422,27.004670934148844,38.79531130740048,42.853407644281134,50.12817482286117,47.23207728599077
ABR,2012-02-23,1.3637826442718506,1.329473679514099,1.3637826442718506,27.135854960347395,38.813883166039496,42.913495312226466,50.15112662082628,47.263468678307255
ABR,2012-02-24,1.3752189658577678,1.3437690133306417,1.3637826442718506,24.583035002470066,38.72509868848666,42.894937713651146,50.15112662082628,47.25991717419101
ABR,2012-02-27,1.3666411686514661,1.338050241413231,1.3523457050323486,21.685308433792212,37.46383275839033,41.14737027722104,50.11392878580324,46.680980383368926
ABR,2012-02-28,1.3523462567493163,1.3094599847272876,1.329473614692688,22.496733324625414,37.33472013667689,41.011750127748925,50.029308010962396,46.287360610022844
ABR,2012-02-29,1.3723603487014773,1.3180377373641534,1.372360348701477,23.834234117495082,37.71902610461055,40.9818581709749,42.39835874499324,46.345154742951294
ABR,2012-03-01,1.3723603643343028,1.3437694154813709,1.358064889907837,24.08289870150783,37.81287639583487,41.04310016266833,42.41760608400547,46.19511801666299
ABR,2012-03-02,1.403809666633606,1.3552052353003394,1.403809666633606,25.154367577517977,37.0063255471965,40.800218405623326,41.8529606132619,46.2205672040484
ABR,2012-03-05,1.4295413104579413,1.4038095232435597,1.420964002609253,25.243892790064393,36.88648332684056,40.78072444775563,41.764833071281664,45.955739029533724
ABR,2012-03-06,1.4466957323860157,1.4009504558937078,1.4123867750167847,25.094925046482984,36.886928610808376,40.77436097693275,41.77214032282007,45.741729319456596
ABR,2012-03-07,1.4981592893600466,1.4066687289909987,1.4981592893600464,29.515407260586578,37.434149068258264,41.66376458343294,42.331468580548915,46.12313420667296
ABR,2012-03-08,1.5439049118882358,1.4895823162546977,1.5296094417572021,29.742293534711596,37.23244139197503,41.7101964269885,42.359968723503,45.925110434688754
ABR,2012-03-09,1.5296094417572021,1.5210322687439475,1.5296094417572021,29.50681274931427,36.71520728025192,41.402701635105984,42.3429438016295,45.905635551172395
ABR,2012-03-12,1.558200505179463,1.5238915347494526,1.5267506837844849,29.49196764648983,36.08155415022827,41.41640426586735,42.236899417431914,45.87256647782748
ABR,2012-03-13,1.5467636106463414,1.5181728125102285,1.5238909721374512,29.601868674279057,35.39352259511895,41.375171537751875,42.22919862799228,45.8201862320276
ABR,2012-03-14,1.5696370219042495,1.5095963844256068,1.5324690341949463,29.383312806609812,35.05123673590309,41.374925731478875,42.23271464675369,45.80346132838768
ABR,2012-03-15,1.5553414255566018,1.5153142951104492,1.5353277921676636,28.521404682673772,30.73604323431489,41.35926694394016,42.20839180738773,45.77022520398599
ABR,2012-03-16,1.5524820291937629,1.5038777324220722,1.5210322141647339,28.919868127500624,29.281087707386988,40.866428639639935,42.225071884486944,45.773552664032685
ABR,2012-03-19,1.543905359079616,1.5153145468679416,1.5324690341949463,28.893610162748313,29.243544938095418,40.76386745088716,42.23259537535408,45.77977913845167
ABR,2012-03-20,1.6210999971356936,1.5124548161581335,1.6153818368911743,30.793568351759188,30.66501644102001,41.489693657569234,42.59561628770713,46.0354234477336
ABR,2012-03-21,1.621100679009379,1.5925098657608032,1.5925098657608032,31.416809291194504,30.979368370593534,41.522513834311695,42.62927564819397,46.057309375406625
ABR,2012-03-22,1.6096638224403996,1.555341227031403,1.5982275009155273,31.273508209167467,30.695414805609484,41.516637954065224,42.451187565919085,46.05739328367514
ABR,2012-03-23,1.6296771305227378,1.578213689547765,1.6068044900894165,31.268380749534057,30.328312117637502,41.212915501487984,42.37013616258709,46.06034823747914
ABR,2012-03-26,1.6839996340728987,1.6239588878231361,1.6725633144378662,32.24353242221538,29.753762597482087,41.342211276008264,42.621100500125486,46.201624936476904
ABR,2012-03-27,1.6982950621132455,1.6353951692581177,1.6353951692581177,33.190504110276265,30.406889421054924,41.17716259358259,42.63019096960715,46.25559783539684
ABR,2012-03-28,1.692577612515573,1.6353958553549595,1.6639868021011353,33.323923740796054,29.80720808569593,41.094955590154186,42.64906906552664,46.28648756401096
ABR,2012-03-29,1.6697043876127409,1.5925091579844362,1.6068044900894165,34.36395354643114,31.087030900524308,41.11860599047836,42.859711282035576,46.418950523374654
ABR,2012-03-30,1.6068046738933284,1.5753548578657828,1.5982275009155273,34.340871088193516,30.870323441177533,41.048169015746566,42.74321052522111,46.41654318856697
ABR,2012-04-02,1.6010859951012757,1.5810725070739444,1.5896496772766113,34.17538339577803,30.973878512445317,37.10744677375533,42.73351127892157,46.370448386003126
ABR,2012-04-03,1.5867913016920057,1.5467640369381597,1.5582003593444824,34.23376682062389,31.10104990639084,37.00953899803966,42.79021516539736,46.355043630744106
ABR,2012-04-04,1.5410455576988822,1.4724276374220961,1.4981592893600464,36.56927583571768,32.03373592218878,36.64590315818146,43.03956719852458,46.472099722482234
ABR,2012-04-05,1.483864370434502,1.4524144133891297,1.463850736618042,37.15083407247625,32.57073715234506,36.84438157503847,43.122536831983396,46.49433944864533
ABR,2012-04-09,1.4638502751296298,1.4352594760707864,1.4609912633895874,37.16594792729791,31.4179256155018,36.853916078382056,43.121382202610306,46.43342931131074
ABR,2012-04-10,1.4781457428248936,1.4552731035778188,1.4609912633895874,37.03485126728262,30.132024264833618,36.849409159244246,43.06229952645918,46.37535951808566
ABR,2012-04-11,1.558200784568719,1.4609920175872506,1.5496236085891724,39.962675184495396,32.161587341476114,37.88948539655725,43.37378122370753,46.750930667482905
ABR,2012-04-12,1.5839326207594695,1.5353281680107886,1.5724962949752808,39.273513935270884,32.21200112387979,37.92799760928367,43.34296112420391,46.711215930454145
ABR,2012-04-13,1.5982269838109406,1.5381862470656225,1.5896496772766113,39.05097236971973,32.174075490596785,37.547774619591,43.19604479844498,46.723523264500564
ABR,2012-04-16,1.601086645031707,1.5782140000976668,1.5839321613311768,38.21429245069689,32.08109855162199,37.56274589974292,42.80497144146838,46.724600210519924
ABR,2012-04-17,1.6268188267360557,1.5867916885552245,1.621100664138794,38.551043142767035,32.31112905000895,37.62568229253317,42.39752766119728,46.78133598102106
ABR,2012-04-18,1.6639864402488314,1.5896502130047923,1.6096638441085815,38.57632838910073,32.271046814075525,37.65653785937123,42.39978991405694,46.72987373994812
ABR,2012-04-19,1.6468323067675399,1.5867915370625731,1.6125231981277466,34.93147782526033,32.27313724012641,37.46181432310995,42.3828021667387,46.72607942988598
ABR,2012-04-20,1.6296779944327697,1.5782145261764526,1.5782145261764526,35.152999413270706,32.716368240731214,37.65680890070921,42.46473289139436,46.773164857389794
ABR,2012-04-23,1.5925094713473007,1.5353277226804827,1.5839321613311768,35.159302471072714,32.62991437807667,37.598894706006135,42.34503499467186,46.77245626694904
ABR,2012-04-24,1.595368878919785,1.5610599030214944,1.5925098657608032,35.1679388065122,32.598490790162664,36.78409466496088,41.97308175980898,46.76412980566495
ABR,2012-04-25,1.635395592080472,1.5553413358075967,1.6268184185028076,35.61930738139231,32.74536047826799,36.61643906966613,40.98258970691515,46.52536420687033
ABR,2012-04-26,1.658268690109253,1.6125232557325908,1.658268690109253,35.947206690671386,32.813677036462785,36.67595519868255,41.02957497192383,46.56319678444368
ABR,2012-04-27,1.672563679007275,1.6439728736877441,1.6439728736877441,36.09574007078529,32.62658015254234,36.711355461526,41.0403323438538,46.56882632840092
ABR,2012-04-30,1.6639871092832268,1.5782145258740374,1.603946328163147,36.78958059175214,33.14298437706775,36.285201998217374,41.01764021826699,46.59641274001766
ABR,2012-05-01,1.6439726381137707,1.5925091959130975,1.6153818368911743,36.78452512998332,33.114457018175855,36.21591911115251,41.02038107187798,46.54239013351453
ABR,2012-05-02,1.6554093796208393,1.6010867753162648,1.6239594221115112,33.4998945948479,32.527006701731445,36.170478475427174,40.97955062612945,46.509661170634836
ABR,2012-05-03,1.6268188267360557,1.5724962138961953,1.621100664138794,33.226592636785334,32.49042506063265,35.64041253205333,40.96618430850426,46.508871405127714
ABR,2012-05-04,1.7211684059085088,1.569636907712953,1.6668457984924316,34.1464495636967,32.74034526285829,35.590772113621256,41.068964100791725,46.57757590643215
ABR,2012-05-07,1.7955048932074078,1.678282351199141,1.786927580833435,39.4515251176856,35.38614916165644,36.642580488740464,41.43267388962312,47.04738798939363
ABR,2012-05-08,1.7897857359454854,1.726885843703358,1.7783492803573608,37.95313388633418,35.28906800761386,36.311134482750454,41.164590472927564,47.00574344137481
ABR,2012-05-09,1.7926446023632057,1.7297448515485616,1.766912817955017,37.33277959064208,35.19817635941681,35.97012175487828,41.160014828071404,46.9179388209165
ABR,2012-05-10,1.7726318307407511,1.7440410211478488,1.7640546560287476,37.08520289441312,35.21314569030936,35.8218580635006,40.250633309004705,46.91735798760325
ABR,2012-05-11,1.7726315419296612,1.7326044150211326,1.7697725296020508,35.3950494440474,34.612921131575746,33.25708662381632,40.25075137282017,46.916216044628705
ABR,2012-05-14,1.8069407939910886,1.744040881588272,1.8069407939910889,35.6546301367765,34.7126534596195,32.49249794987454,39.74886267523581,46.66850653485437
ABR,2012-05-15,1.8755587430427798,1.8012226435931005,1.8469679355621338,35.901084614661954,34.75066928074803,32.55946764224576,39.79198546191499,46.71108501126004
ABR,2012-05-16,1.9070091360785228,1.7783502684594623,1.786927580833435,36.877587875752596,35.27980385245345,33.14349045149578,39.71681659659013,46.769078560095764
ABR,2012-05-17,1.8097998633279964,1.746900085283777,1.761195421218872,34.965946500672224,35.498059952129374,33.27317523186646,39.485564304727774,46.79432808098729
ABR,2012-05-18,1.7684310593219124,1.6642354122588539,1.6873899698257446,36.7766679263549,36.69897375100651,33.95142805342886,39.835463563648375,46.994457634594866
ABR,2012-05-21,1.7510658736735725,1.6468701830221257,1.7365942001342773,37.36279446995264,37.051315667827126,33.92653722309198,39.8546903114162,47.05479603609518
ABR,2012-05-22,1.814740228302409,1.7365935251893696,1.7742197513580322,37.591408016654384,37.12799315620823,33.39398831771901,39.917647796819374,47.051125502711955
ABR,2012-05-23,1.782902787378917,1.6873901577710557,1.7134391069412231,36.0182072963663,37.744073520561095,34.00299945697705,40.160491822749016,46.94534201907315
ABR,2012-05-24,1.7134387492861756,1.6555522229923239,1.6816011667251587,36.40660397128326,37.590093890977926,33.93133243091346,40.08194694097527,46.841115573604164
ABR,2012-05-25,1.7076503215827123,1.6873900141731832,1.693178653717041,36.34290786142035,37.48485065182937,33.93041299626802,40.08136481680834,46.832103910234466
ABR,2012-05-29,1.7597478921107528,1.7134387806379558,1.7481706142425537,37.30667065786133,37.44644002183845,34.04961558475431,40.23789461811944,46.82877042926012
ABR,2012-05-30,1.76264269320994,1.704756152305946,1.722122073173523,37.178360823565825,37.59679300608031,34.20457822908594,40.20914676064542,46.85247239310406
ABR,2012-05-31,1.7655372619628908,1.701862207326841,1.7655372619628906,37.650777365912255,37.805785332506126,34.101533833349485,40.27300603895295,46.64992578505865
ABR,2012-06-01,1.8060572683645697,1.7018617522749622,1.71922767162323,38.62062556281343,36.50977251918631,34.18978988497739,40.415196841539625,46.68938975826196
ABR,2012-06-04,1.7481710234809238,1.7076505414565777,1.722122073173523,37.96634755705149,36.30607995878331,34.189380765612235,40.21791572917762,46.61994649489931
ABR,2012-06-05,1.7800083848869623,1.6758127350854675,1.693178653717041,38.39847978645426,36.51107191177829,33.68438389481278,40.21491788547714,46.65036570468985
ABR,2012-06-06,1.7568541303331269,1.6352925408916414,1.652658462524414,39.13818080300235,36.88965289451066,33.26327083390751,40.33616871487424,46.69975012183914
ABR,2012-06-07,1.5687228933573658,1.5397796945524815,1.542673945426941,43.59198996868262,39.59334852414965,35.17598489768459,41.19667394860919,47.21324447526138
ABR,2012-06-08,1.5571453439665564,1.5426736780661694,1.554250955581665,43.23509669916004,39.60605994234098,35.18128156805092,41.20052862011946,47.18596049023308
ABR,2012-06-11,1.5629339662585178,1.5339907727747,1.5368850231170654,43.27520400153866,39.673984390461946,35.20062890517369,40.591721159616014,47.11114696345561
ABR,2012-06-12,1.5455679122603343,1.5195189714431763,1.5195189714431763,42.846734015080166,39.696385166563886,35.16916398447113,40.540569036709186,41.29945350101359
ABR,2012-06-13,1.533991250035408,1.507942298789515,1.522413969039917,42.779248569891614,39.66775541303291,35.16698671072997,40.45088703925776,41.298191417077405
ABR,2012-06-14,1.5253076096234313,1.5195189714431763,1.5195189714431763,42.72375865587693,38.11126605198121,35.12400544837615,40.44440844086157,40.759661962290025
ABR,2012-06-15,1.5339911570460982,1.4442670277519327,1.4616330862045288,44.021283711615276,38.8026187726541,35.72545423652314,40.69147221722999,40.87076986970398
ABR,2012-06-18,1.502153522096503,1.4471613733478375,1.4558444023132324,43.01102493666508,38.791810106413045,35.737372096432594,40.69484111165296,40.873023163396084
ABR,2012-06-19,1.4905761523846413,1.44716128619634,1.4587385654449463,36.92645337710734,38.77233809661833,35.70892401868158,40.6810025295221,40.868458590737355
ABR,2012-06-20,1.4934703413608579,1.450055614981988,1.4818930625915527,37.49730132042356,37.96572563770359,35.7695705619731,39.7022667737619,40.86819037181829
ABR,2012-06-21,1.490576573554048,1.4674220085144043,1.4674220085144043,37.512859556134785,37.76249609386211,35.784558710304836,39.58688275047394,40.86760981381581
ABR,2012-06-22,1.5455679990344198,1.4645269219488726,1.4847872257232666,37.85358739338535,37.659073371022686,35.803105093056296,39.452516226776794,40.801576686670636
ABR,2012-06-25,1.5397793937474904,1.4645269535437415,1.48768150806427,37.828853763245505,37.02913847187973,35.677681091914955,39.45251354391291,40.79586096778413
ABR,2012-06-26,1.5021539809792737,1.4761050241376341,1.4992595911026,37.21702245522682,37.06501745591703,35.636462177151145,39.182526276873375,40.80198872055262
ABR,2012-06-27,1.5513569740744353,1.4992590782135853,1.542673945426941,37.69945690396582,37.54532359994058,35.85073695921505,39.27319802315026,40.87951282174534
ABR,2012-06-28,1.562933982724304,1.4963645680041864,1.554250955581665,36.996072978261644,37.358005169320855,35.489304628378264,39.24955401519136,40.88504948136704
ABR,2012-06-29,1.5687224549889283,1.5426735143376962,1.548462152481079,36.87827883841532,36.46223315059964,35.45354155868117,39.24322567308278,40.887296827143075
ABR,2012-07-02,1.5600400852527359,1.5397799122311655,1.5571458339691162,35.11098137629743,36.138148938559965,35.36842276522042,39.21750155488259,40.8271831864511
ABR,2012-07-03,1.5687225603461192,1.539779367685348,1.5629339218139648,33.892819212700694,36.136813123996,35.367341844423066,39.05557964988232,40.825703318817084
ABR,2012-07-05,1.5687225469940125,1.5571452700282433,1.5600395202636719,33.065255910931356,36.14127244336719,35.31361931788259,39.057643365491415,40.6959481741913
ABR,2012-07-06,1.562933982724304,1.5339907889355648,1.554250955581665,31.76986075513796,34.083392128921574,35.17871709004427,39.02268280006261,40.633387644815045
ABR,2012-07-09,1.5629340706164998,1.539779514283403,1.5513567924499512,31.428840192943614,33.94896368768729,35.1648920014047,39.02446682750225,40.63242848879361
ABR,2012-07-10,1.5629342535963888,1.5310966659049872,1.542673945426941,31.30722617010695,33.88716585288341,34.75112302009264,39.03106706006619,40.578186140701376
ABR,2012-07-11,1.5484620268960838,1.5079415631787383,1.5166244506835938,29.71866666928934,34.05100944656624,34.851124043948595,38.74653138044236,40.60048890037582
ABR,2012-07-12,1.5224134334591615,1.4934701031405397,1.5137304067611694,29.56719572922341,33.684525636792785,34.80649320287405,38.67463351602277,40.596855626279954
ABR,2012-07-13,1.5339908017589872,1.4963645805130719,1.5253077745437622,28.48896731592059,33.70854620595376,34.67184188474199,38.6779557705745,40.51365710161964
ABR,2012-07-16,1.5571454315332256,1.5224135970335801,1.5513567924499512,28.39949974635457,33.90246802085478,34.76028115219591,38.684575840543346,40.53475033544403
ABR,2012-07-17,1.5513570181805865,1.5339910984039307,1.5339910984039307,28.444871999125315,33.69754749915835,34.72908813900365,38.71702046464033,40.54086662482841
ABR,2012-07-18,1.5513565820545037,1.5195190024082965,1.5397793054580688,28.249226860159943,33.698338557342694,34.73098770001125,38.51177018405338,40.52839963173582
ABR,2012-07-19,1.5484621938993832,1.5282020288616343,1.5397793054580688,27.54380306060727,33.67631221564899,34.69722999859188,38.381326631935615,40.52018264268601
ABR,2012-07-20,1.5513566888649906,1.5282021340779364,1.5368850231170654,19.00769888664083,33.36682540564059,34.57629477975851,38.18128372578526,40.51927140642867
ABR,2012-07-23,1.5542514774418115,1.525308273935015,1.545568585395813,18.95108947404039,33.13331877707031,34.24067418378528,38.085139524788666,40.477670551523644
ABR,2012-07-24,1.5600394287678443,1.5368848761943135,1.548462152481079,18.66560819419443,33.10196991169846,34.18970877547247,37.839899682779695,40.29740980451243
ABR,2012-07-25,1.562933908511128,1.5339907160967052,1.5600395202636719,18.443478019274355,32.774411634559286,33.822462030646314,37.76738643346677,40.25826178960887
ABR,2012-07-26,1.5629338168455456,1.5368848761943135,1.548462152481079,18.596802812997275,32.766604498870954,33.801939849974026,35.357462823272755,40.14664280934167
ABR,2012-07-27,1.562933921813965,1.548462256477565,1.5629339218139648,18.750491413241928,32.80820782326955,33.8098947391401,35.22049706290801,39.84691240104195
ABR,2012-07-30,1.5716168106061819,1.548462256477565,1.5629339218139648,14.484103014255636,32.80761770991783,32.50828235450495,34.67137196308921,39.481664704722135
ABR,2012-07-31,1.562933908511128,1.5513566315453589,1.5600395202636719,14.418237101100843,32.268248600044046,32.34573734360201,34.6528943775233,39.4737083844143
ABR,2012-08-01,1.5629340706164998,1.5455681533666772,1.5513567924499512,14.598428688550774,28.718858941074583,32.35873431175733,34.665119313189166,39.46458012267563
ABR,2012-08-02,1.5571458339691162,1.5455685528104823,1.5571458339691162,14.0227504295579,28.740957758433833,32.36206972236189,34.658350536851444,39.46099951485631
ABR,2012-08-03,1.6295038877596133,1.571617344752129,1.586089015007019,14.399076732126915,29.034708978393386,32.48906239906928,34.71074709884699,39.41019574633145
ABR,2012-08-06,1.6237154344563103,1.591877839032279,1.6121381521224976,14.706062241023679,29.270483041604074,32.57676282675326,34.7504501453014,39.15810002535891
ABR,2012-08-07,1.6671297572578405,1.6063489762320622,1.6352921724319458,15.076488420849229,29.433421871511257,32.64926226093726,34.56362889256648,38.38650501025392
ABR,2012-08-08,1.6410815222081838,1.5745120731199682,1.6179269552230835,15.527317661911274,29.129008769583365,32.66021882750918,34.597878673004864,38.40455006243896
ABR,2012-08-09,1.6642351705571918,1.597665758214423,1.6092430353164673,13.58097803684439,28.712521176949128,32.65518794633343,34.58645904459459,38.404689229393355
ABR,2012-08-10,1.6208211220407602,1.5918779148281232,1.6063495874404907,13.486587965730005,27.988108845357395,31.565376852308596,34.57498390747,38.2892589631029
ABR,2012-08-13,1.6729187734353541,1.6121379787146113,1.652658462524414,15.547769447760562,28.531517265284815,31.80276492432751,34.61071596141156,38.382330327881476
ABR,2012-08-14,1.6700236939957378,1.6352918650836232,1.6555520296096802,15.514139264689126,27.175774078494353,31.79938008052786,34.59652732506156,38.347744415601674
ABR,2012-08-15,1.6700247221276923,1.6468701552647669,1.667130470275879,15.573223654785698,26.540209616060938,31.806887591823426,34.57375061519532,38.34075201038519
ABR,2012-08-16,1.6931788609146945,1.6642356596535681,1.6902846097946167,15.880790955189214,26.31346958254392,31.23918698126351,34.1461201993614,38.350789542311595
ABR,2012-08-17,1.70500822156615,1.62255539774965,1.6696712970733643,16.365896794888382,25.45831047483843,31.093127339263756,34.01660814761387,38.07455706737447
ABR,2012-08-20,1.6785049777048529,1.6196101204022466,1.6254996061325073,18.39992159702475,25.757732436772145,31.263468951207436,34.19650737498937,37.9785446491852
ABR,2012-08-21,1.6549475090777785,1.613721097150813,1.6402238607406616,18.39317783147645,25.78806056234862,30.795767176797952,34.176724384983835,37.96704610961109
ABR,2012-08-22,1.646112699941834,1.6196099467884117,1.6343337297439575,17.576615676970338,24.888434745298714,30.78896495873963,33.79029823339641,37.245778099508854
ABR,2012-08-23,1.6431683272408675,1.6137208938598633,1.6137208938598633,18.081812110643238,24.83762107705815,30.844667161972932,33.811659034680034,37.27231889261944
ABR,2012-08-24,1.6343337297439575,1.601941491491597,1.6343337297439575,18.27435632891428,24.414659426772104,30.73774359833073,33.814392505402786,36.87556834013266
ABR,2012-08-27,1.669671501456296,1.6255002702251267,1.649058222770691,17.86131680946772,23.92372706320453,30.096322240580854,33.53605104758012,36.870359830465794
ABR,2012-08-28,1.6755606749073253,1.640223752725571,1.6549474000930786,17.41375731329927,23.934824691223927,29.848999659159333,33.376106468779795,36.6241559484061
ABR,2012-08-29,1.6991187341506857,1.6637818096579,1.6696712970733643,17.507436472276332,23.76854850097883,29.869003109992697,33.114948548293995,36.40302206820913
ABR,2012-08-30,1.6932287917104567,1.6814498200449146,1.6873393058776855,17.63175950693718,23.333415482461614,29.903746212190647,32.939473304827246,36.40896705840868
ABR,2012-08-31,1.705008052912312,1.6785052919560612,1.693229079246521,17.569811306316236,18.344686226369074,28.452186071617163,32.73924949962205,36.33160902575511
ABR,2012-09-04,1.7079534484774503,1.6196109754671895,1.6755611896514893,17.994348769103215,18.46595389489588,28.422458381436744,32.703983478520016,36.34989823332598
ABR,2012-09-05,1.6726162354629184,1.634334631408021,1.6578925848007202,18.40222352214013,18.44805564171236,28.430206228991416,31.093067502000537,36.36987224898965
ABR,2012-09-06,1.693229160851366,1.6254999888006534,1.672615885734558,18.44062684640567,18.32165722641839,28.454002759893964,30.66437119410214,36.25018124215267
ABR,2012-09-07,1.678505348214248,1.631389451971909,1.6549474000930786,18.608753810209645,18.49175799867148,28.274601461609194,30.675260962983803,36.26514217344321
ABR,2012-09-10,1.6755607229115386,1.6284448253193458,1.6313894987106323,19.08185205427956,18.759997777755437,28.345587815749994,30.72539593304457,36.29855694560374
ABR,2012-09-11,1.6755607844888285,1.6284448851651145,1.6696712970733643,20.08851500772238,17.36294044987279,28.580125091004426,30.789770445467397,36.30617617748639
ABR,2012-09-12,1.6902847005074428,1.6490582820702189,1.6578925848007202,20.236747280918372,17.421893121752394,28.390449718195125,30.66380624500182,36.29212263726374
ABR,2012-09-13,1.6726162354629184,1.6461136081043706,1.6578925848007202,20.11869393506935,17.427522964421623,28.38612507832538,30.490800145952022,36.290674745946696
ABR,2012-09-14,1.8522456530556801,1.6608370905069105,1.831632375717163,34.685111630845675,26.40163075039426,32.456079774353014,32.26016777639092,37.452308014727414
ABR,2012-09-17,1.9288089132538193,1.8257426787862283,1.8964166641235352,35.530621510834564,27.01250515592496,32.7350287429355,32.47409276452346,37.54683163381032
ABR,2012-09-18,1.9081955509062387,1.8581348428378752,1.8699138164520264,35.8516309316803,27.22467837289986,32.704796611515434,32.39501153643032,37.58125417616534
ABR,2012-09-19,1.8787484288001446,1.8139639227496762,1.8640246391296387,35.81367567013508,27.259910760190703,32.674217510667454,32.40434159383095,37.58208568050784
ABR,2012-09-20,1.905250823561948,1.8345769786770139,1.8669692277908325,35.54157077295109,27.250639051798654,32.40910863092167,32.33683984630862,37.58085420127515
ABR,2012-09-21,1.8993613364882036,1.8257426778581731,1.8669692277908325,35.44204964564958,26.760555486306934,32.39756089292801,32.33940538392466,37.079086113852846
ABR,2012-09-24,1.8787481965436035,1.775682102840799,1.7904057502746582,37.92177449750482,28.289657894105925,33.11239354065364,32.614327042728945,37.27710571267186
ABR,2012-09-25,1.8404668678971954,1.7756824959304647,1.7815719842910767,37.25238365171437,28.30191746631558,33.12295146377884,32.43544997173968,37.21324979905402
ABR,2012-09-26,1.8021845874305553,1.7521238810436337,1.758013367652893,37.533568694145444,28.47369441148697,32.91618134144664,32.485866091085576,37.23760531875392
ABR,2012-09-27,1.8021847243883244,1.7521240141970187,1.7904057502746582,37.805011305320406,28.665967170372937,31.136804203160075,32.11276085360674,37.24143366230112
ABR,2012-09-28,1.8021845874305553,1.7521238810436337,1.758013367652893,38.10412161570195,28.96223043013674,31.262816394143826,31.76439141548454,37.295314768600925
ABR,2012-10-01,1.8375216467293236,1.7521240141970187,1.7904057502746582,38.18586982779873,29.126908895793573,31.3811835620997,31.81598849938786,37.320862157622095
ABR,2012-10-02,1.8198528007727286,1.752123643731443,1.8021843433380127,37.18479949250021,29.12590895117087,31.39640798434539,31.818660402911004,36.53266033468821
ABR,2012-10-03,1.8021849167998665,1.7668479906860957,1.784516453742981,37.34066936496569,29.189218861416904,31.433062240235778,31.81853025559417,36.44274079641464
ABR,2012-10-04,1.8080746117055908,1.7609587048206956,1.7815719842910767,37.315899816618945,28.920278204934576,31.258238859728966,31.759140880546955,36.328172334901836
ABR,2012-10-05,1.6932287280845215,1.666725972624729,1.6785049438476562,41.28119193868605,31.603207251093874,32.44960256852113,32.586089942760424,36.85470336237061
ABR,2012-10-08,1.6961738928711898,1.6667263182902705,1.693229079246521,41.202226537363856,31.612916222697663,32.0734834045933,32.569164104626296,36.653444997400186
ABR,2012-10-09,1.6961744707982809,1.6637822119723198,1.6755611896514893,41.26848397254459,31.549493647632925,32.03528551722704,32.60190847632639,36.65278541936302
ABR,2012-10-10,1.6843953527026214,1.6343347677743962,1.6755611896514893,41.258646548288745,31.442543307687448,31.308612282092753,32.602532763026325,36.63073790827512
ABR,2012-10-11,1.687339242473058,1.663781300027204,1.6785049438476562,41.183604674850216,31.438974930340756,30.967663883160114,32.58545168652508,36.62130224698288
ABR,2012-10-12,1.6932288344015471,1.6490576193338746,1.6637814044952393,41.142613139300074,31.507959076346904,30.798054689093355,32.60604946422063,36.61558062400748
ABR,2012-10-15,1.6785053963028251,1.6196105243125842,1.6313894987106323,41.49472801070465,31.793806167964018,30.460931382574906,32.68256047064361,36.562280619346396
ABR,2012-10-16,1.6461134547778122,1.6196106894713753,1.6372791528701782,41.42272841078448,31.78387196789661,30.32615256278577,32.674691321720836,36.56045676857236
ABR,2012-10-17,1.646112699941834,1.62549943188735,1.6343337297439575,41.319641930066005,31.78828799085721,30.305492439027233,32.60466765784828,36.52765449945309
ABR,2012-10-18,1.6372791528701782,1.6255001772709763,1.6372791528701782,41.231956492546246,31.759646576578287,29.861793097576044,32.570549162774086,36.525635977426425
ABR,2012-10-19,1.6402232200934308,1.6137204668551703,1.6196099519729614,41.23683160996943,31.805025106635288,29.818133384665828,32.58197176176761,36.545133347920725
ABR,2012-10-22,1.6284451960637285,1.604887101487764,1.6166660785675049,41.036731912051785,31.75890641815743,29.53658192300225,32.348329699202225,36.27204539607586
ABR,2012-10-23,1.6166652351055357,1.5842731352444042,1.5872178077697754,40.73621392567625,31.995416115357145,29.383313093909724,32.400003535893916,36.269037982015426
ABR,2012-10-24,1.6196104519909698,1.5901630173107864,1.6078314781188965,40.91770719543384,32.0966147352255,29.461326019741808,32.37081261119771,36.284260111884656
ABR,2012-10-25,1.6196103897814584,1.5901629562323563,1.5989971160888672,40.93690406672458,32.09603899439363,29.35636578233239,32.37809918500575,36.268521520486445
ABR,2012-10-26,1.6196101838639898,1.5783837821367772,1.590162754058838,27.5921193766182,32.112490777275596,29.122124611837684,32.35606286265956,36.27548434911857
ABR,2012-10-31,1.6225547647400576,1.6019414966195882,1.6196099519729614,25.910963546535548,32.11086646090562,27.12412209743007,32.32769897604015,36.153152068351915
ABR,2012-11-01,1.6402239669782113,1.6107763875637413,1.6372791528701782,26.179748194420327,32.01472939150693,27.151528104772186,32.336189791734085,36.06785658328132
ABR,2012-11-02,1.6402237264753203,1.5666050695666398,1.6078314781188965,26.47538965146411,32.098178467940706,27.249727460610266,32.1530130465279,35.973692022366194
ABR,2012-11-05,1.6313895579491464,1.5842736586460957,1.59310781955719,26.429452981061768,32.07918265070612,27.227998899456544,32.164178607120846,35.91300309595218
ABR,2012-11-06,1.6225556527993317,1.5872185823354525,1.596052885055542,26.466956069090998,32.064068268750795,27.227924856101982,32.13660510953035,35.733275359449344
ABR,2012-11-07,1.590163306873262,1.5489368908138372,1.5548263788223267,24.923736150689145,32.50398852439961,27.552386862540306,32.2097204445023,35.781090800209604
ABR,2012-11-08,1.5636603728963954,1.548936724662781,1.5489367246627808,24.92499120785998,31.94354269808989,26.83989522426983,32.21399143381165,33.95063386307746
ABR,2012-11-09,1.6019420380616045,1.5636603016488788,1.5842735767364502,25.988879735126027,32.30486487414858,27.054919570789703,32.26061759742231,33.91137981980388
ABR,2012-11-12,1.6225550188777003,1.5695495040990284,1.5783838033676147,25.159674536555542,32.270276767401526,27.06397729853547,32.264980634307086,33.517240808799215
ABR,2012-11-13,1.6196105455090128,1.5430470705032349,1.5430470705032349,25.403443143696435,32.424675040111865,27.209581701988515,32.365990366251644,33.5907711051148
ABR,2012-11-14,1.5666052240354098,1.4929865598678589,1.4929865598678589,25.77922140349384,32.99082935291416,27.675580388997883,32.54355535129122,33.76743916292236
ABR,2012-11-15,1.5106547406548998,1.4605940358915177,1.4723730087280273,25.590699431797802,32.678494373374136,27.701861163380798,32.37713284202281,33.79519560078905
ABR,2012-11-16,1.5446367682710547,1.4211861714463618,1.5175378322601318,27.713523410912334,33.25759015427188,28.11495654523228,32.54242693396535,33.91825464657991
ABR,2012-11-19,1.5687247834677318,1.5054940230150902,1.529581904411316,27.963194889656616,33.30709716817017,28.116011652995752,32.32377545667754,33.92420233039697
ABR,2012-11-20,1.5386154611142753,1.5054945410109921,1.5325934886932373,22.739633714929827,33.22463777925198,27.748110946000903,32.294467397741194,33.77601106642183
ABR,2012-11-21,1.571735847830355,1.5386150795166245,1.5596919059753418,23.271546244566384,33.32348653760334,27.863274904408264,32.34839765302885,33.81323500293454
ABR,2012-11-23,1.5747469106570866,1.5536699405486338,1.565713882446289,23.227664229256696,33.27602679816742,27.863193059897572,31.596075928891192,33.798967353432815
ABR,2012-11-26,1.5988347299766348,1.5566809350347661,1.57474684715271,23.335892755461163,33.29148181005285,27.864007799473566,31.50853218212724,33.78814254737192
ABR,2012-11-27,1.5837797424966673,1.5476477777085544,1.5627027750015259,23.361713244987467,33.25846361933543,27.885213591789455,31.522179128261936,33.733878348244716
ABR,2012-11-28,1.5657138656865486,1.5446370393788194,1.5476479530334473,23.383864401327465,33.21445707079191,27.926097355221312,31.542656807197346,33.7450944247029
ABR,2012-11-29,1.5807688816059142,1.5536699405486338,1.565713882446289,23.134251035679224,33.30745541300453,27.98117286081746,31.571237081297003,33.7437471215655
ABR,2012-11-30,1.598834753036499,1.559691871095513,1.598834753036499,23.98746178493191,33.55895380826815,28.174353634515732,31.66046819765699,33.483842854779155
ABR,2012-12-03,1.5988352180942067,1.5566814102829605,1.5807693004608154,24.181732494021812,33.568846860261445,28.219834705252477,31.68956095549885,33.37130121229092
ABR,2012-12-04,1.577757824343944,1.5536699405486338,1.565713882446289,24.287094613957752,33.55518106993177,28.128293979253293,31.69048032205138,33.390405388211704
ABR,2012-12-05,1.5627027623665917,1.5476477651953444,1.5506588220596313,24.249704772702707,33.544150711773355,28.170813948862822,31.699613168320745,33.38622672963511
ABR,2012-12-06,1.562702825529853,1.5416258573532104,1.5416258573532104,24.283034004067712,33.44583960172924,28.162119280243626,31.082147248225585,33.12072362377906
ABR,2012-12-07,1.5536699295043945,1.5295820458803129,1.5536699295043945,23.89106863769794,33.11829253865635,28.06021626709424,31.051776714220768,33.10800955259483
ABR,2012-12-10,1.559691756156598,1.5235599340622594,1.529581904411316,23.90904194656771,33.22921508532664,28.113402433892727,31.102511093358064,33.145107935940224
ABR,2012-12-11,1.5867907253045328,1.5295819340908845,1.5837798118591309,26.101817050868448,34.045495508999885,28.647234087650347,31.371421387023613,33.11329036390521
ABR,2012-12-12,1.704218766006423,1.5928122703546035,1.6831419467926025,31.484621691217495,29.82304727258504,30.217439291578525,31.8379391421178,33.508275534774846
ABR,2012-12-13,1.7313181730761669,1.6650764974532541,1.7162631750106812,31.537991916007286,29.189500752240892,30.357621000226548,31.807412758496422,33.35411805621937
ABR,2012-12-14,1.7222851334759528,1.695186338152754,1.7042192220687866,31.52466986988056,29.097237810685428,30.37615859710769,31.754026686290725,33.24168878534049
ABR,2012-12-17,1.7614280190441927,1.7042192276144539,1.7343292236328125,31.30290334355199,29.355601936554766,30.489163721321695,31.543772185661613,33.142857988466766
ABR,2012-12-18,1.773471819355513,1.7252960592674458,1.761427879333496,31.317712040530242,29.55001875605766,30.55837058833842,31.58650267609355,33.11900903192447
ABR,2012-12-19,1.8186374713018925,1.7825056352409645,1.7885276079177856,31.50283157998693,29.736495485430343,30.60718640161105,31.626473011255364,31.97257623923308
ABR,2012-12-20,1.8336918235377313,1.7975598567340778,1.8216478824615479,30.447791465352875,28.720117075316914,30.69987798130888,31.599536402918694,31.717778309778637
ABR,2012-12-21,1.8728348093113407,1.7975600957870483,1.7975600957870483,30.816916146515382,28.836167174154077,30.789376815409575,31.282585273120688,31.733361586443525
ABR,2012-12-24,1.8065931245830171,1.7825052392272631,1.7975600957870483,30.38824682839487,28.699485388941376,30.78579875689485,31.150315658522903,31.720717920766194
ABR,2012-12-26,1.8276698529996396,1.7975598567340778,1.8216478824615479,30.402822602635528,28.58548311313303,30.822538318471636,31.18131203112299,31.71680416079828
ABR,2012-12-27,1.8336919490922061,1.8065930080277537,1.8276699781417847,29.278602214272354,28.328347784948622,30.821869622771086,31.181930912964432,31.611075474765993
ABR,2012-12-28,1.8246588534680086,1.8005709705562367,1.8065929412841797,27.42474281947052,28.196116741328275,30.773320629911176,30.454102857228783,31.517521317700282
ABR,2012-12-31,1.8457355273436733,1.7915376558929084,1.8035815954208374,26.86287515068396,28.166658336228885,30.68258944691426,30.41118188130067,31.290891895526407
ABR,2013-01-02,1.8457357134749308,1.7975598069298824,1.8186367750167847,25.935434004093466,28.140922172297984,30.63225048282415,30.40081573853184,31.295016408445342
ABR,2013-01-03,1.8969224618707143,1.8035817092743764,1.8668124675750732,26.580582835594086,28.63026578509478,30.830124491833367,30.544309774860196,31.28691671775135
ABR,2013-01-04,2.0023077061495167,1.8517582567183524,1.9752087593078613,30.191783174469194,28.049429015919397,32.02143891012027,31.133393092246493,31.74933670079775
ABR,2013-01-07,2.032417567320721,1.9270329814339346,1.9752087593078613,30.161577539851734,28.026452787231566,32.01720712000969,31.118479328572835,31.704981257866955
ABR,2013-01-08,2.0474721214772242,1.9721974132401956,2.0233840942382812,30.495966317633716,28.233810115873254,31.93386717283031,31.236785830592982,31.776961417688952
ABR,2013-01-09,2.056505006063605,2.020373180567858,2.0233840942382812,30.587221741815572,28.233810115873254,31.935457369938185,31.11954025729163,31.65148805189127
ABR,2013-01-10,2.0354279334868868,2.0053179389733966,2.017361879348755,30.40301325529017,28.260428477326382,31.93515846190005,31.122656836478026,31.511692246940477
ABR,2013-01-11,2.074570819532194,2.017362026780785,2.0715599060058594,30.33048597869955,28.55206812943432,32.11894255203849,31.261323508477783,31.598090116994193
ABR,2013-01-14,2.182966530627423,2.029406057487923,2.092636823654175,30.32551547814084,28.16310365221224,32.06175442755389,31.18922158456876,31.293369346745504
ABR,2013-01-15,2.1679112658587303,2.0745706566683637,2.1438233852386475,30.444097225335163,28.459776972419153,31.906138732292572,31.23504203294657,31.04640316274041
ABR,2013-01-16,2.1498450879658986,2.1076913021244312,2.1197352409362793,30.440253517181308,28.615646835799897,31.9677906163075,31.248609030985968,31.072847350889777
ABR,2013-01-17,2.213076300809379,2.1107027995236756,2.1588785648345947,29.96885309445394,28.75265519755063,32.049209898807455,31.157405118988894,31.112855269509353
ABR,2013-01-18,2.179954977859291,2.140812247738672,2.155867099761963,29.57377344990455,28.60041240161428,31.96040317993677,31.152691613799043,31.09148730672999
ABR,2013-01-22,2.1679112658587303,2.1347905017936637,2.1438233852386475,29.561980953818136,28.648086666467222,31.949616273463537,31.161192398999216,31.056518426110358
ABR,2013-01-23,2.1588776367707827,2.1076908363446907,2.1257567405700684,30.085553287765794,28.37748082797596,31.98256097663498,31.18127848694927,31.073999934967013
ABR,2013-01-24,2.1649003525687665,2.119735504618565,2.1438233852386475,29.064041342266684,28.338345118288387,31.99600837145852,31.034982427922596,31.0583389336762
ABR,2013-01-25,2.1679112658587303,2.1317794449286063,2.1438233852386475,28.354006075676974,28.275196266748516,31.98272373150383,29.956673833648374,31.059168162073338
ABR,2013-01-28,2.1588790050383193,2.062527311194895,2.110703229904175,24.907934773026085,28.506928361055422,32.0841440581921,30.013104448478355,31.110312127671296
ABR,2013-01-29,2.1498447933592804,2.062526177151659,2.1347899436950684,24.67948992196294,28.399860071155423,32.1161772283549,30.025177627991646,31.109739847042476
ABR,2013-01-30,2.14683388085646,2.0866140514744433,2.1347899436950684,24.40740544363055,28.384963848514538,32.05281221582059,30.0237621463603,31.107093828449717
ABR,2013-01-31,2.158878792911403,2.104680907635726,2.1468348503112793,24.22646860449629,27.99294320301279,31.98843487818354,30.02753320289335,31.09421389077354
ABR,2013-02-01,2.146834834666974,2.11672497838608,2.1287689208984375,24.498735310539864,27.977341452680584,32.02010375568566,29.9565184922662,31.104875783074153
ABR,2013-02-04,2.146834834666974,2.110703007129901,2.1287689208984375,24.413320988768984,27.98831354829563,31.95440391544615,29.852285289999664,31.047914970352952
ABR,2013-02-05,2.152857126191089,2.116725293278895,2.1378021240234375,24.12415239366461,27.234809135683125,31.840851995048684,29.582073609571136,31.02522131575486
ABR,2013-02-06,2.176943293072902,2.1408114887370515,2.1709213256835938,23.624936336956978,27.24450129700263,31.736766189168343,29.572904248370612,31.038455471193625
ABR,2013-02-07,2.182967237813855,2.128769482217258,2.149846315383911,24.0165949306466,27.191569718443642,31.76042748328271,29.13637926736609,30.89287574882023
ABR,2013-02-08,2.161889472547527,2.1347906764207836,2.1528565883636475,23.948043160559127,27.140872369014712,31.758290112063765,28.953461056356694,30.871907884463234
ABR,2013-02-11,2.161889478378974,2.1317796250596497,2.1588785648345947,23.952667038016095,26.520970831247965,27.685073928154964,28.853835517122196,30.83221243106669
ABR,2013-02-12,2.2040429043227925,2.149845037369932,2.1980209350585938,23.643923498735138,25.38671919987158,27.29948622186465,28.603199999082168,30.87270298182282
ABR,2013-02-13,2.195010957420044,2.158879124077156,2.173933982849121,24.077255378409404,25.294688498999985,27.259472475958425,28.54108766624353,30.872981184019118
ABR,2013-02-14,2.255229442915966,2.152855971251565,2.2311415672302246,24.745208846586113,25.139355237652172,27.523620681062273,28.68158173602603,30.902689079119305
ABR,2013-02-15,2.333515940295032,2.1829665247921266,2.3184609413146973,25.808109986106526,25.97839920528039,28.12983061732142,28.78747926861,31.108891745183204
ABR,2013-02-19,2.390724641474681,2.297384024759593,2.3726587295532227,21.777443667599645,26.166429068922,28.323051785972485,28.831685007948778,30.998171098708145
ABR,2013-02-20,2.4449225145872284,2.3786808338206287,2.4148128032684326,21.945482999779074,26.167834103986685,27.519032084071153,28.762236776283434,31.02534360295264
ABR,2013-02-21,2.399757608302826,2.216087425654285,2.3064169883728027,26.110229957050773,28.344809293604804,28.56883852823785,29.119289686584253,31.37185326548953
ABR,2013-02-22,2.3515825193863376,2.309428711299781,2.33953857421875,26.22989242134805,28.389362599359792,28.513601531802852,29.15758857175397,31.323359623475998
ABR,2013-02-25,2.3847033775213577,2.3335165401208764,2.354593515396118,26.12762882111131,28.233171303284355,28.412582306899008,29.07812195314985,31.32616994720923
ABR,2013-02-26,2.35760345179662,2.258240876215167,2.2672739028930664,28.129656451953593,29.494898281065822,28.944210925020304,29.2927866673313,31.54567098128536
ABR,2013-02-27,2.3967459733805065,2.2552294856806783,2.3816909790039062,31.11450666095324,30.76133494996987,29.777914277709755,28.60923811113884,31.896296234445963
ABR,2013-02-28,2.411802345681025,2.3335165599161534,2.3847033977508545,30.547522907313017,30.644459396891953,29.773011925866637,28.603200458817827,31.878577027780786
ABR,2013-03-01,2.4183337636202054,2.3388437268273172,2.415276527404785,30.32581744820353,30.43626391102596,29.744602982173983,28.583211454132112,31.836608741724387
ABR,2013-03-04,2.506995007069621,2.4183329981273216,2.476422071456909,30.65416360981669,30.45384552742718,29.938183643297144,28.658448630594673,31.781190812892714
ABR,2013-03-05,2.571198478923026,2.491708323732794,2.5528547763824463,31.489662111965593,30.587980343508615,28.5003548160762,28.844818130984006,31.878383108136543
ABR,2013-03-06,2.5620264809908364,2.4458486358020917,2.4641926288604736,33.52625991899552,31.746766191763808,29.172742820788685,29.192119009925722,31.953308115864516
ABR,2013-03-07,2.5161666741793134,2.467249747529919,2.51005220413208,33.519101045440955,31.82130590801387,29.174714789715217,28.829517749903662,31.979098019421436
ABR,2013-03-08,2.555911749973917,2.5069948233245225,2.51005220413208,33.54468714304525,31.485270772836994,29.174714789715217,28.819828333476227,31.96902771464179
ABR,2013-03-11,2.565083682657803,2.497822768230657,2.5559115409851074,33.7081551375692,31.06648630709384,29.257436210308015,28.87469604656569,31.499496381002327
ABR,2013-03-12,2.5773127855356455,2.445848343756997,2.5406250953674316,33.290960767760744,29.170046094616943,29.228987531694656,28.85539829008426,31.45405061402392
ABR,2013-03-13,2.5620261750735955,2.5283958653113605,2.5406250953674316,33.30034771577991,29.083074629534984,28.985493350139524,28.8174119382955,31.45405061402392
ABR,2013-03-14,2.5589695447632335,2.522281843840971,2.5283966064453125,33.40259183314299,29.042371833911478,29.022465172455085,28.813631866719703,31.45909991280518
ABR,2013-03-15,2.6292874315158903,2.4733645091450343,2.51005220413208,33.61191970014785,29.087994456431893,29.065023777007852,28.838868011565594,31.470433787477713
ABR,2013-03-18,2.5192236762813884,2.4611349075094706,2.5131092071533203,33.386508862920785,29.039319836972044,29.066443634393412,28.833772697813902,31.46840907537227
ABR,2013-03-19,2.5497974795286935,2.4733647027637704,2.482536554336548,33.74925611379595,29.207950015062483,29.085690117537727,28.726105464306535,31.500443788278403
ABR,2013-03-20,2.5008805080539678,2.470307281222013,2.4886512756347656,33.75723985357107,29.089864033897207,29.070810838089212,28.720354326023255,31.48018709998357
ABR,2013-03-21,2.5528541899638793,2.4947651316039816,2.5161662101745605,33.664794266699964,28.854778753177644,28.86027765290928,28.727398012595216,31.488325529949552
ABR,2013-03-22,2.4091611628236267,2.3235563885525536,2.332728385925293,40.82601923068579,33.30930579404132,31.51698921049999,30.185259725458774,32.024776828105885
ABR,2013-03-25,2.3938737898971514,2.335784880383633,2.344956874847412,40.8303274223288,33.25750804983391,31.483010088773334,30.186831398947973,31.988020148459324
ABR,2013-03-26,2.3969318866729736,2.354129427422421,2.3969318866729736,41.20276935090191,33.45417408528697,31.576681326662122,30.27225259400582,32.05231288908206
ABR,2013-03-27,2.3969323999423966,2.369416548215472,2.3877604007720947,41.02101697220172,33.33200046545376,31.518242484515557,30.272585705040473,32.054703337289034
ABR,2013-03-28,2.4030465028824883,2.3755306570476975,2.3969318866729736,40.81282889372142,33.3065275251352,31.498428088775693,30.2688329617014,31.82124956028724
ABR,2013-04-01,2.4030461643099725,2.3694157070039643,2.393874168395996,40.25499724391716,33.32057058487462,31.31231595920453,30.256984869663274,31.73188001261467
ABR,2013-04-02,2.4244472980499268,2.3724731393494816,2.4244472980499268,38.92247015514697,33.06173242084082,31.270571593774033,30.192011046048528,31.712036374143608
ABR,2013-04-03,2.4366761171549216,2.375529972675515,2.38470196723938,38.70419563040778,31.496761042156905,31.441358433329043,30.272243398294908,31.552381278535968
ABR,2013-04-04,2.4122180873066412,2.378587774768681,2.409160852432251,38.473002914279945,31.52272573661004,31.08061254686254,30.27991231029608,31.5564817304183
ABR,2013-04-05,2.4122186991231525,2.3694163795381047,2.4030468463897705,35.95251772562049,31.24393015042705,31.07285323369769,30.23722581255453,31.551424633944148
ABR,2013-04-08,2.442790985107422,2.4030460599631684,2.442790985107422,36.02466029931553,31.360301540734376,30.99654339114315,30.238068098315807,31.51086163097776
ABR,2013-04-09,2.4703078158954037,2.4275054931640625,2.4275054931640625,36.06013584237163,31.395034969970965,31.016069166286258,30.25588911589989,31.250627778033994
ABR,2013-04-10,2.4458495538136726,2.406104463576042,2.439734935760498,34.140282901555075,31.01676592650351,30.71370015383153,30.255818081967035,31.150458677592624
ABR,2013-04-11,2.4366772421513967,2.4183333903383493,2.4213907718658447,31.219563121817036,31.048172887870045,30.182735500044465,30.274940460634266,31.162653078612585
ABR,2013-04-12,2.4366768771537046,2.3694160972477403,2.3724734783172607,31.803019999293962,31.059332273911664,30.302979722976943,30.39387957275868,31.24256436461243
ABR,2013-04-15,2.3877599786064,2.262410268739827,2.2685248851776123,34.06546459000583,32.38827741297708,31.030891107924376,30.90237372433375,31.06448249956193
ABR,2013-04-16,2.3449572187788785,2.2776963049365206,2.2960402965545654,33.37043144708964,32.272026661631664,31.051109035587054,30.91836018597461,31.05454094079278
ABR,2013-04-17,2.2838107166932162,2.2043207251624426,2.234893798828125,32.587121097825076,32.776486459522545,31.438728832830165,31.089751444199244,31.170529704986237
ABR,2013-04-18,2.265467259464268,2.1706906420196512,2.176805257797241,31.942475790003087,33.21651992731491,31.72005868412327,31.258031342323576,31.28947470985373
ABR,2013-04-19,2.228778994694391,2.1951485436280835,2.210435152053833,31.76380938907,33.30761029852709,31.7771232425739,31.297933078771717,31.24398045607557
ABR,2013-04-22,2.228779267960829,2.1829195828447125,2.201263427734375,31.73846203524917,33.28159674529856,31.79776949466131,31.30303749879242,31.237542964229608
ABR,2013-04-23,2.2654675389715706,2.2104359901836146,2.259352922439575,32.305666417810755,33.692415264483735,31.950386355045236,31.419916678819675,31.335843801551572
ABR,2013-04-24,2.3113269360940953,2.24712339794282,2.283811092376709,32.58477475726964,33.57550598392896,31.897470873488036,31.436124560741145,31.26574326414275
ABR,2013-04-25,2.3357855439714936,2.2899258501918442,2.3143844604492188,32.936783932377715,33.602778885736484,31.90902074414332,31.404604207318542,31.287410178117913
ABR,2013-04-26,2.326613372944761,2.292982916023582,2.2960402965545654,32.96347227574367,33.655929308693004,31.846174915900153,31.381396519186634,31.29922551191724
ABR,2013-04-29,2.3541287235272854,2.305211808477546,2.344956874847412,33.67654175580845,33.89068808206993,31.874103405119065,31.429361256943878,31.29774373820856
ABR,2013-04-30,2.3663588909460884,2.3235565732993018,2.3602442741394043,33.75871201676846,33.84219547615434,31.802682585739227,31.39750457224802,31.251461572368406
ABR,2013-05-01,2.3449576996714643,2.2501810705335616,2.259352922439575,35.751637956633864,35.098039616311645,32.62559565399245,31.849835606048792,31.559449235514926
ABR,2013-05-02,2.3082690238952637,2.25018011852563,2.3082690238952637,36.4256316315418,35.34169760620476,32.70819368325514,31.930406299428192,31.51592465891205
ABR,2013-05-03,2.3663587481821744,2.216550572564461,2.2685248851776123,36.43953285906791,35.420873374680006,32.878109869559765,31.85684512791496,31.56677545793951
ABR,2013-05-06,2.332728795100814,2.2746398569748356,2.3174421787261963,30.00711007384137,35.60027050878787,32.846176089818044,31.94092750879531,31.627601685223038
ABR,2013-05-07,2.3296705547268513,2.277696253153189,2.3204987049102783,29.96679711455432,35.60025996873524,32.47851901928209,31.93522067285442,31.625999053509794
ABR,2013-05-08,2.3266139619944672,2.2746396460803675,2.3021554946899414,29.280091709367788,35.64826739695451,31.21512121789275,31.924186994522813,31.528283289203106
ABR,2013-05-09,2.329671197515551,2.265467647949188,2.3021554946899414,29.272855338385543,35.47425478887066,31.10832431666111,31.881489812783432,30.774089779583935
ABR,2013-05-10,2.3174419365303955,2.2165506871971985,2.2196080684661865,30.95541482307784,36.21332135504822,31.695286594257542,32.02437645941505,30.996754626351468
ABR,2013-05-13,2.2538031260539033,2.207172686902524,2.2258248329162598,30.992604301021494,35.82212814448737,31.605492696743713,32.0129057600185,30.98858959701903
ABR,2013-05-14,2.2569122830577566,2.2071730701504575,2.250694751739502,30.928987817502662,34.99895310956912,31.567138960040843,32.0259694122863,31.00427797948995
ABR,2013-05-15,2.2538031260539033,2.185411924003539,2.2258248329162598,30.75447650924682,34.71476426693446,31.57226426767292,32.01645645333715,31.026923433641656
ABR,2013-05-16,2.2413679805230164,2.185411552006614,2.191628932952881,30.74814274649916,34.61671992330974,31.588217485731064,32.05488004409456,31.005639953521335
ABR,2013-05-17,2.2444772720336914,2.1854122093939963,2.2444772720336914,31.727982668038045,33.743805719111535,31.684539206200018,32.150840507462426,31.019358159390308
ABR,2013-05-20,2.2973251000909864,2.2071729751346947,2.2444772720336914,31.241252758383432,33.60451701092959,31.684539206200018,32.15071603677233,30.833079642235816
ABR,2013-05-21,2.2662381601230464,2.2258250981603567,2.2475860118865967,31.24653973086139,33.574885630694226,31.634799334874085,32.13942793032234,30.794269576734912
ABR,2013-05-22,2.2506946127375045,2.160542489468047,2.1854121685028076,32.009499947727164,33.173268184610336,31.994027163553092,32.31313714691486,30.618498037178384
ABR,2013-05-23,2.228934191980419,2.1356732888263963,2.222716808319092,32.53344564153001,31.729175913868318,32.010658952185395,32.364225622636994,30.53378712963483
ABR,2013-05-24,2.2164990820036388,2.160542489468047,2.1854121685028076,32.38544436845292,31.888618955221727,32.147388165179414,32.40675890368537,30.516737978186242
ABR,2013-05-28,2.2009543880172977,2.1356718300478,2.1387805938720703,30.40233754252443,32.01127594700137,32.345496137952736,32.490175969888355,30.389385326978385
ABR,2013-05-29,2.1854118573650436,2.076607453251508,2.1760857105255127,30.648999452802034,31.771358081228634,32.204861476332134,32.5327261039767,30.369328953606267
ABR,2013-05-30,2.172977610257878,2.113912539063282,2.1574342250823975,29.786310142018337,31.062120551441414,31.01530433974465,32.52307883086873,30.378868532263592
ABR,2013-05-31,2.154324674207353,2.0921508596893887,2.107694387435913,29.577397980498077,30.618671971146348,31.252315087412715,32.60188094775279,30.31545851595557
ABR,2013-06-03,2.151216597015134,2.107694915939516,2.126347064971924,29.322384664973168,30.398819946448548,31.05395401918552,32.51094822076058,30.284749276237598
ABR,2013-06-04,2.1449993112631582,2.1076950115068867,2.1325645446777344,29.334039039498567,30.416047240941204,31.05622501186704,32.496002589162984,30.189036961617866
ABR,2013-06-05,2.151215957018937,2.0952593783349385,2.1014769077301025,28.425042724971846,30.198865314491158,31.14531083096404,32.55130684614726,30.10424063240983
ABR,2013-06-06,2.1667601098990437,2.0890427435029872,2.1605427265167236,29.511981935875966,30.851913218934286,31.171656740221614,30.542438210417323,30.224285687828434
ABR,2013-06-07,2.1760862590895798,2.1512167255602996,2.1605427265167236,29.168534314827454,30.851913218934286,31.13285053526066,30.27598530490333,30.171266587710814
ABR,2013-06-10,2.2040643166033065,2.129455575967216,2.1854121685028076,29.382376756019195,30.983968113074102,30.949781173903574,30.250941026730104,30.08299103217399
ABR,2013-06-11,2.1667597189967323,2.1294554254328313,2.1356728076934814,29.197853233149797,31.255995942625823,31.116082779989796,30.379189049827758,29.35279501166626
ABR,2013-06-12,2.1449987704986544,2.0828248050117804,2.0890421867370605,29.552575472183968,31.495188498595674,31.17423030309317,30.498864190648376,29.4389102894006
ABR,2013-06-13,2.1418904483818784,2.079716618273853,2.126347064971924,27.69883243284776,31.72016428292541,31.304702492159585,30.565593814847013,29.45865022802323
ABR,2013-06-14,2.1418906646705587,2.0983689792001097,2.104586362838745,26.87929756571715,31.741196020073957,31.334334207226494,30.171825509720907,29.45420169857479
ABR,2013-06-17,2.132563909196222,2.029977041319223,2.0424118041992188,27.6985848333401,32.090065231264944,31.663656737064837,30.384844868546736,29.619743168450814
ABR,2013-06-18,2.0641729488952487,2.023760036138687,2.0361948013305664,26.681730846204232,28.341538208030663,31.634356034308986,30.3421713961993,29.6211559847234
ABR,2013-06-19,2.0734995866412844,1.9957822117191022,2.0113255977630615,26.7236135061908,28.371043783834,31.689363977184538,30.310218371896152,29.37918663446613
ABR,2013-06-20,2.0144338646569913,1.9149555960469096,1.9460426568984985,27.94117357712032,28.57873677939321,32.01742324545675,30.48926323198058,29.57387586063977
ABR,2013-06-21,1.9491512239342486,1.8558903402452251,1.9304990768432617,27.89810434436616,28.59386159341669,31.97778398510176,30.433061630163216,29.587963353812096
ABR,2013-06-24,1.8963034445546663,1.796825324384407,1.8248034715652466,30.275653903485306,30.522426103108423,33.16005470051404,31.154953924623957,30.102986555795567
ABR,2013-06-25,1.9864555562113162,1.8092600813317432,1.983346939086914,39.89579781460642,35.43682215236433,35.77898723808267,32.65153732995572,31.19328114029723
ABR,2013-06-26,2.020650720876425,1.886976957321167,1.886976957321167,41.774160294403856,36.54226636502983,36.59737511957657,33.190767964103166,31.589038138760557
ABR,2013-06-27,1.9553686822559573,1.8714339429689515,1.9429339170455933,42.95386287286822,37.080701789935674,36.91452453781186,32.5920007108469,31.71517889646227
ABR,2013-06-28,1.9802388898242291,1.8807607341245156,1.9522607326507568,42.90652395203409,37.012294790804404,36.91659766106664,32.58184355166541,31.710283961091285
ABR,2013-07-01,2.008216206172249,1.9678031512058616,1.989564061164856,42.65456608343165,37.29658462167984,36.960781599736265,32.62435280600092,31.641055863415797
ABR,2013-07-02,1.9926727637788562,1.9336075612590016,1.964694619178772,42.70735153138879,37.120221507116035,36.980766407741406,32.663458336615605,31.663453193121082
ABR,2013-07-03,1.9802378375592018,1.9336074027365162,1.9771292209625244,42.789467232902325,37.171470059473485,36.99674883834488,32.66961117261305,31.66453230704724
ABR,2013-07-05,2.089042036724488,1.8994118336036139,1.924281358718872,42.744036986531356,37.441602050612666,37.22529738893044,32.81747855657711,31.785095087995867
ABR,2013-07-08,1.9802379999045792,1.9025206515733093,1.964694619178772,42.92432447255245,37.774242764683855,37.264771795207096,32.81125327519623,31.846373381425973
ABR,2013-07-09,1.9864559609791137,1.9367168909809267,1.9709125757217407,42.79789952971873,37.63172986982066,37.23688512457046,32.81080568862566,31.845955075893944
ABR,2013-07-10,1.9709116539353677,1.9118464618199804,1.9336072206497192,42.71324974525854,36.773912808865845,37.09365234864655,32.89563733593021,31.905636409854736
ABR,2013-07-11,1.989564726971061,1.9367168909809267,1.9709125757217407,42.79279211426008,36.92259591916544,36.69086561810692,32.965732620802655,31.95650942611925
ABR,2013-07-12,2.0019988245031177,1.9615857695367305,1.989564061164856,42.91729131674778,36.645867988948034,36.51994852438868,32.95012680823955,31.960869953974886
ABR,2013-07-15,2.026869297027588,1.9646954513225645,2.026869297027588,42.88569209600544,36.52445450941118,36.533314108305625,33.0126297669943,31.957438003669946
ABR,2013-07-16,2.0299770832061768,2.005107408698953,2.0299770832061768,42.788297377197665,36.36700928553005,35.84286282229097,32.92982833599598,31.955981757075016
ABR,2013-07-17,2.28799939013801,2.0051080655269162,2.2320427894592285,51.11534817693394,41.36969035999042,38.88869181557398,34.714799094664066,33.29658922961132
ABR,2013-07-18,2.3066518787108974,2.2382605008077903,2.294217109680176,51.41351908628664,41.408752691029434,39.12657252865762,34.83588940287371,33.36222804658174
ABR,2013-07-19,2.3253032442874,2.2817815674279553,2.315977096557617,50.91808472343185,41.39525420168994,38.689310280682754,34.83529990387181,33.34663969960577
ABR,2013-07-22,2.3253032442874,2.2911075669236487,2.315977096557617,50.91808472343185,41.30560187854835,37.88245783828999,34.78233829381722,33.346349628119434
ABR,2013-07-23,2.3408469184661183,2.3128686217892573,2.334629535675049,50.874396212159354,41.30373939594716,37.904649469087836,34.77379900209925,33.35208513624608
ABR,2013-07-24,2.378150768854217,2.2942160428115534,2.36260724067688,50.37433972608335,41.148952809129774,37.897687757584166,34.71078123802899,33.36593674566934
ABR,2013-07-25,2.3999124041124125,2.3563907168994493,2.3874776363372803,49.82614110408367,41.18328206679111,37.72133030629469,34.69835774916935,33.37515949196159
ABR,2013-07-26,2.393694800956606,2.356390501048373,2.3781514167785645,49.72040510709701,40.16745794625115,37.400935648185886,34.70598846333053,33.37991968194043
ABR,2013-07-29,2.3968032819322853,2.356390221050064,2.3905858993530273,49.5433204460403,39.94979005329381,36.99678741041701,34.54290273336174,33.37680616447642
ABR,2013-07-30,2.406129215597798,2.3004337146534315,2.315977096557617,49.6489471736833,40.33125067461532,37.20595710976755,34.77038581523759,33.531313203873324
ABR,2013-07-31,2.3781511960069572,2.256912158443164,2.3439555168151855,49.64997117123796,40.1689098211528,37.26136023747159,34.70592782362071,33.53864619525
ABR,2013-08-01,2.371933832421465,2.3004338562071185,2.334629535675049,49.461184919267446,40.17725527974104,37.142632882613654,34.70656902637269,33.54293465353526
ABR,2013-08-02,2.300433874130249,2.266238194395893,2.300433874130249,48.51809441775869,40.259742971423506,37.199167229300095,34.639655712612246,33.581033208244406
ABR,2013-08-05,2.331521511077881,2.2600215121421265,2.331521511077881,48.3938111680379,40.35379771856664,37.26925523802115,34.410205179637636,33.594338104484265
ABR,2013-08-06,2.3781511960069572,2.3128686031108923,2.3439555168151855,44.61548564386174,39.63188352855923,37.276564861531604,34.35651418515142,33.595720644795904
ABR,2013-08-07,2.350172792623256,2.278672820239579,2.3066511154174805,39.05457243166992,39.781337359351554,37.341488256341044,34.26862915247509,33.599508218203525
ABR,2013-08-08,2.3688250477786204,2.331520751333468,2.3439555168151855,35.52271605580773,39.84980556826958,37.436379156930144,34.30079389907774,33.59842492459527
ABR,2013-08-09,2.3501726351531618,2.291107431643004,2.3470640182495117,34.937104691846045,39.774108237372815,37.39181866104928,34.300984426096505,33.57393725446362
ABR,2013-08-12,2.385022145029497,2.343901037155942,2.381859064102173,35.01819983932167,39.72482426480932,37.467565751789564,34.28510485759476,33.57800587745544
ABR,2013-08-13,2.375532256400518,2.340737468463376,2.3470637798309326,35.34753896563285,39.57994344079933,37.49014852874718,34.34401136537236,33.61026870028001
ABR,2013-08-14,2.366043184218762,2.3091063705937405,2.33441162109375,35.08877093266061,39.59978462796437,35.51940544605675,34.353360345215634,33.61575347851364
ABR,2013-08-15,2.328084920816431,2.2584953426976613,2.3027796745300293,35.534677081647764,39.70756649368686,35.57508175934673,34.38471215235181,33.54042764792632
ABR,2013-08-16,2.3027807418832635,2.2490069931846097,2.261659622192383,34.91251117829897,39.452853700605814,35.508333822039845,34.43921915180657,33.59607032824382
ABR,2013-08-19,2.25533289424228,2.112990617752075,2.112990617752075,40.53819874951103,41.72256521195871,37.0837623877456,35.40450498180142,34.29671514384367
ABR,2013-08-20,2.2078852450140074,2.1161536354036516,2.18257999420166,41.459772230471295,42.13319436500612,37.4583550462127,35.518214966777975,34.41701573355591
ABR,2013-08-21,2.1952328505200556,2.138296030203202,2.1699275970458984,41.0091312557144,41.91219894172295,37.46632668110669,35.49547816442526,34.39804656168927
ABR,2013-08-22,2.2521695900388425,2.154111660928772,2.2047221660614014,40.91595680722715,41.889100915496286,37.49967754374616,35.50899893591157,34.315947268110044
ABR,2013-08-23,2.245842933654785,2.1825798119077917,2.245842933654785,41.10910692831805,42.012986159193176,37.54124055814851,35.53609059141752,34.35058923822863
ABR,2013-08-26,2.233190286727583,2.2078850382846245,2.2205376625061035,41.10390595210969,41.79174046224007,37.539137804771826,35.5591986707886,34.370241179754395
ABR,2013-08-27,2.2078852533298865,2.154111519735516,2.1730904579162598,41.71983520808496,42.00903947659237,37.683073728599986,35.6620432787496,34.41793390234689
ABR,2013-08-28,2.201558940602972,2.166764145189345,2.1730904579162598,31.135857612195334,42.00570918577042,37.57999648303642,35.60203498466578,34.39871084754969
ABR,2013-08-29,2.2237008939770626,2.182579789841666,2.2205376625061035,30.714425990600315,42.110392662276304,37.743750042932994,35.464298228604555,34.45075226837164
ABR,2013-08-30,2.2205380053979713,2.1224800771239725,2.1794168949127197,30.957729143406105,41.92253401753433,37.836784677532705,34.84567074452104,34.507137176989396
ABR,2013-09-03,2.2331895716784036,2.1636001607422326,2.211047410964966,31.3192268464651,42.02428363277052,37.902449388590924,34.813801111642086,34.52414064718281
ABR,2013-09-04,2.2300270803100375,2.1952322902478727,2.2142112255096436,31.202305760671685,41.96178119249059,37.774781955687295,34.79928184307011,34.51122515274431
ABR,2013-09-05,2.2268645602893615,2.188906677641879,2.20155930519104,30.948210123595327,41.701549064568,37.11682728314414,34.756923205027704,34.51707668672477
ABR,2013-09-06,2.2426797038178847,2.1952322902478727,2.2142112255096436,30.807664041058114,41.44698688036929,37.076787086538815,34.7200110127739,34.500780561962955
ABR,2013-09-09,2.2679859366962694,2.2142121879976155,2.261659622192383,31.559161407478964,41.513540718250646,36.98492444172728,34.76077039102654,34.538997473739116
ABR,2013-09-10,2.296453711790574,2.22370104225043,2.2743115425109863,31.566231405669015,41.456134288126506,36.7501024449748,34.7054106043467,34.53332103368311
ABR,2013-09-11,2.2774744983770216,2.2490061689583554,2.2679851055145264,30.260095027293783,40.95122935818223,36.67567665229383,34.66563377913092,34.51523803198875
ABR,2013-09-12,2.28696416495611,2.2363536647535343,2.252169370651245,30.06736719505677,40.978967659219315,36.68714796585286,34.67918996811424,34.48975449138235
ABR,2013-09-13,2.283800943889739,2.236353675144951,2.264822006225586,30.12217455285614,40.882398606434464,36.46378722546187,34.65343820106063,34.4223270135409
ABR,2013-09-16,2.2932903542560874,2.261658793329136,2.2679851055145264,29.844261766788584,40.228066012261685,36.42383243518156,34.65255327691174,34.41226842324207
ABR,2013-09-17,2.302780026910405,2.267985232526585,2.2964537143707275,29.807104167901034,40.21729624308626,36.416369403676775,34.64444926409899,34.43034757545359
ABR,2013-09-18,2.34073805809021,2.2648221517253173,2.34073805809021,30.304560963143697,38.40463069942789,36.52050247970775,34.70621702832872,33.03372498691707
ABR,2013-09-19,2.3597164154052734,2.3091059241894483,2.3597164154052734,30.002901849586515,34.69688899289732,36.38927518181176,34.70556688695445,32.867081574453124
ABR,2013-09-20,2.3723696018087455,2.293290615081787,2.293290615081787,30.802138842859044,33.57304256348457,36.655929977540374,34.76097770104169,32.96491929748053
ABR,2013-09-23,2.3502277915530287,2.286964652804702,2.3091068267822266,30.876158816629456,33.144247009001376,36.00512524861721,34.140084522330646,32.96806330233091
ABR,2013-09-24,2.1889063069047467,2.150948430686226,2.18257999420166,34.4837799581359,35.292627410704654,36.943860957244475,34.804907979283755,33.46051640941755
ABR,2013-09-25,2.1952331169478856,2.1541119996460485,2.185743570327759,34.32083295713415,35.112894373754976,36.84657500178222,34.6922150765623,33.46056053321722
ABR,2013-09-26,2.1889063069047467,2.1572747433893125,2.18257999420166,34.309619500823295,34.995263872095165,36.68207379430128,34.69289041364968,33.18814562026765
ABR,2013-09-27,2.192068302038982,2.1635999843919578,2.176252603530884,34.140276712459645,34.994962128533416,36.68257741548978,34.692784658929824,33.185231762132986
ABR,2013-09-30,2.1667629018083185,2.131968126361419,2.144620895385742,34.01541510065964,34.65024850998472,36.73192872448075,34.59867213159286,33.191173141875
ABR,2013-10-01,2.198395700543781,2.1256430290426858,2.18257999420166,28.056877036203648,34.58076086236858,36.845960835186226,34.63978179249564,33.18748190765112
ABR,2013-10-02,2.1857431985189675,2.1572748651636853,2.166764259338379,26.522314869318624,34.628692472425584,36.408892624391356,34.53356603389027,33.142345036250056
ABR,2013-10-03,2.1857431693985587,2.1256431207118016,2.1288063526153564,26.957954467781555,34.59328454103656,36.51029117671332,34.571295104293945,33.14741793245888
ABR,2013-10-04,2.192068585006067,2.0971739292144775,2.0971739292144775,26.796137558820316,34.561693528295834,36.53489696573966,34.54782019501006,33.17903394791736
ABR,2013-10-07,2.1224807473821787,2.087685938996713,2.116154432296753,26.313674526345842,34.55755652365401,36.52865924342543,34.56451940026557,33.17298311310657
ABR,2013-10-08,2.1509480482148238,2.112990027914626,2.119316339492798,26.17991491950738,34.36382830680387,36.45080733767575,34.558823065341656,33.17225813000533
ABR,2013-10-09,2.1414596926384557,2.10666488425299,2.116154432296753,25.481487356257972,34.36645505681846,36.2445926391304,34.54481224796113,32.61638616137055
ABR,2013-10-10,2.131969647360002,2.0813591384803765,2.090848684310913,25.682937782799257,28.298785417007778,36.28990441451833,34.55902104905777,32.632530504584814
ABR,2013-10-11,2.1288062282251494,2.094011433475164,2.1224799156188965,25.240217854517738,27.87364886797753,36.37433097105595,34.60550618575362,32.64332034824424
ABR,2013-10-14,2.1288061106516087,2.0876850055664806,2.106663942337036,24.781818840263696,27.810887863779765,36.12446636203753,34.56766431657849,32.65404587249049
ABR,2013-10-15,2.1509485331118046,2.0940115652415603,2.1414589881896973,24.895654455923662,28.052200875720878,36.117939734811785,34.59607397525897,32.69059071360568
ABR,2013-10-16,2.185741992469519,2.138294746114106,2.176252603530884,25.38275380156784,28.215754206725336,36.113348132573606,34.648479003950364,32.710774045510576
ABR,2013-10-17,2.2300270803100375,2.1794164354474788,2.2142112255096436,25.849264022074408,28.343538248871802,36.05054973789933,34.70209192602661,32.68441235630072
ABR,2013-10-18,2.2205378807055607,2.1730904597970397,2.195232629776001,25.916223875010758,28.28102319172737,35.97503973408821,34.702647713158804,32.69825203023886
ABR,2013-10-21,2.2268641934379505,2.1825800043112213,2.195232629776001,25.10431430207139,28.27753283201972,35.948019186195445,34.702647713158804,32.69710892610738
ABR,2013-10-22,2.2142120563151515,2.1920698814527584,2.2078857421875,25.108203103129355,28.28300864389659,35.76003345533641,34.70560344210526,32.70025395953211
ABR,2013-10-23,2.2300270803100375,2.1983953707092496,2.2142112255096436,25.12640151963857,27.575371258404374,35.73715032837676,34.66003117763528,32.678320134354585
ABR,2013-10-24,2.226863955887873,2.2015587076577434,2.217374563217163,25.064384694635034,27.451277134056596,35.73526249457576,34.64047301976692,32.676880429837254
ABR,2013-10-25,2.2268639746168435,2.201558726173885,2.2205376625061035,25.004907795307634,27.44790499671119,35.653690243998675,34.640486249630506,32.61735162837597
ABR,2013-10-28,2.230027569458919,2.1952327717646347,2.2047221660614014,25.06645369048072,27.327125753131444,35.40617166146249,34.64986477989183,32.60756574082574
ABR,2013-10-29,2.198395923313715,2.0940116777196227,2.112990617752075,27.458686022802386,28.471116021954266,36.04922234209121,34.948618920473606,32.89310884425416
ABR,2013-10-30,2.1098278695129338,2.040238260911974,2.068706750869751,27.150183318924743,28.71140109975217,36.15233067699225,35.01344882609679,32.961949722772
ABR,2013-10-31,2.1161529877447145,2.0307477169761454,2.1035003662109375,27.596803721439393,28.814766365686644,36.0733733234376,34.93251534552121,32.95357008994691
ABR,2013-11-01,2.103501080222547,2.068706283778354,2.0813589096069336,26.673897651548273,28.63705108640743,35.941457760064495,34.647793426921595,32.9591884958479
ABR,2013-11-04,2.1319688092076516,2.0781952400789487,2.0876846313476562,26.57053370064217,28.647619150868557,35.83247175532991,34.53565950152423,32.90395791364274
ABR,2013-11-05,2.103501080222547,2.0781958285653874,2.0813589096069336,21.301182613987045,28.436695428831303,35.79890173355045,34.46779270291791,32.89047558505601
ABR,2013-11-06,2.1193162822119547,2.0687057909544775,2.078195333480835,21.281839538051386,28.317910829549138,35.47794667492921,34.04768504956972,32.891391875763
ABR,2013-11-07,2.0781959249478033,2.0434011268898997,2.0718696117401123,21.285366689821483,28.310022913943495,35.477946446782276,34.00305896628322,32.78038298768568
ABR,2013-11-08,2.0876855697391488,1.9801382323092536,2.062380313873291,21.29902617990928,28.21146698914439,35.430127842462916,33.99568832162574,32.781681562665845
ABR,2013-11-11,2.090848802137992,2.0560539999068266,2.062380313873291,20.951312936142582,28.01102855470587,35.026879674265366,33.70865808941174,32.71122700998967
ABR,2013-11-12,2.0813588898755158,2.0307483870409877,2.056053638458252,20.17740295831728,24.353191493160573,35.00475881129442,33.18575309321437,32.71033694411442
ABR,2013-11-13,2.112990617752075,2.0623801109988684,2.112990617752075,21.814461373467772,24.08079881220023,34.04648111951083,33.351496475556345,32.72855581290082
ABR,2013-11-14,2.163601292873817,2.1003380080883134,2.160438060760498,22.198637275802994,24.49975054658334,31.601313683859054,33.423828452556975,32.61418774284327
ABR,2013-11-15,2.176253804344274,2.1319694620917,2.166764259338379,21.71613094239175,24.28154582762439,30.540199576006405,33.28738322791276,32.577962730146815
ABR,2013-11-18,2.195783617754758,2.137745339107828,2.15386700630188,21.675249523799568,23.989583402435144,30.233011263474197,33.085948264868925,32.4588690573333
ABR,2013-11-19,2.1538662256216115,2.1055010878205778,2.124847173690796,22.056666037458204,24.036192060863854,30.315216021983304,32.86673014784209,32.48659532748766
ABR,2013-11-20,2.147417773621428,2.0829308134147047,2.1151742935180664,22.09368377440143,23.655098032556065,30.187674945900365,32.789538318112974,32.49181995659301
ABR,2013-11-21,2.137745136850463,2.0990529547466066,2.105501651763916,21.845802294712676,23.670017489947444,30.12536271815753,32.79215175338462,32.45602014294527
ABR,2013-11-22,2.1474174439247116,2.0990523080697723,2.1345200538635254,21.771029249214465,23.408248152533044,30.183101909709166,32.760114281650615,32.47901255813855
ABR,2013-11-25,2.1409699412532093,2.09582905089898,2.1119508743286133,21.88628351029438,23.200349586545425,29.908191595715994,32.774639576425535,32.49741927669626
ABR,2013-11-26,2.169988484849282,2.1216231834003776,2.1506423950195312,22.006696578572175,23.315731371934785,29.866640484173267,32.85294480658164,32.52950484713716
ABR,2013-11-27,2.163539638657259,2.1248474616728448,2.131296157836914,21.624267029478595,23.37804246778067,29.90592144189804,32.8637586959888,32.527391635002814
ABR,2013-11-29,2.1538665674738833,2.1280717822195565,2.137744903564453,20.978650939234544,23.365384945231643,29.737101185197346,32.85841896431133,32.511329352945765
ABR,2013-12-02,2.1506419036459277,2.1087253083839457,2.118398427963257,20.993988524325857,23.39426641850398,29.63683915029911,32.871738507185825,32.46730605524854
ABR,2013-12-03,2.131296110444268,2.105501326361578,2.1151742935180664,20.99114245526211,22.943204681875294,29.605989096669898,32.84436289431025,32.44423429140692
ABR,2013-12-04,2.118399045798535,2.0829311353288005,2.105501651763916,20.90575756694709,22.911055320035743,29.47626704315732,32.84482314366877,32.43151412432504
ABR,2013-12-05,2.1055018951096653,2.0829313760659365,2.0958287715911865,20.879823274896275,22.919174541453636,29.486261328598328,32.81694423798486,32.41848763607134
ABR,2013-12-06,2.124847173690796,2.0893792727208838,2.124847173690796,21.3472130875178,23.093259770710205,25.390683851439206,31.6366107448735,32.43498734020241
ABR,2013-12-09,2.147418260574341,2.1087260756763886,2.147418260574341,21.61582716552646,23.175863126813883,25.056299791709936,31.656560473613816,32.44179114015687
ABR,2013-12-10,2.169988385132361,2.1280717822195565,2.137744903564453,21.565393411823628,23.182650109390632,25.010983978432744,31.54742855589757,32.40265050218155
ABR,2013-12-11,2.1345207647922058,2.095828581721735,2.1022772789001465,18.306678744502207,23.230971314389095,25.138035378811797,31.602689898721152,32.277524623081575
ABR,2013-12-12,2.1216226493678456,2.0926034450531006,2.0926034450531006,17.253760291167954,22.839039992736296,25.103010532200866,31.60140459122001,31.720440909793833
ABR,2013-12-13,2.1119509277319453,2.089380405109555,2.1087265014648438,16.70333639379273,22.831749915401947,25.056092408782334,31.61706873920418,31.67277370184682
ABR,2013-12-16,2.1280722115511588,2.0893800258636475,2.0893800258636475,16.63214038256493,22.201878189535527,25.01880830861235,31.59264988579104,31.67893713909024
ABR,2013-12-17,2.1280717354173624,2.0797064372546634,2.1216230392456055,17.1900073854705,22.40515159676468,25.15416092341869,31.59449657233942,31.668053408752023
ABR,2013-12-18,2.134521198718247,2.0893803092926895,2.128072500228882,17.17040875791959,19.271596890245412,25.142517313752812,31.571203090686602,31.634456394549602
ABR,2013-12-19,2.144193259561014,2.11194978311065,2.124847173690796,17.17035898047641,19.26888877138177,24.661113682730157,31.57058989550785,31.60163308273678
ABR,2013-12-20,2.1570910916294483,2.11195021536003,2.1506423950195312,17.43733298635147,19.437932472856804,24.661892252423005,31.541700090348503,31.572607537744744
ABR,2013-12-23,2.195783522658994,2.153866913021455,2.173213005065918,17.544149502742297,19.552031667945098,24.721610201684907,31.56215840428086,31.55642894426765
ABR,2013-12-24,2.1861103032486016,2.1248476085798638,2.1506423950195312,17.891864094011687,19.436479757883923,24.668665510017913,31.576294882386858,31.576194254089252
ABR,2013-12-26,2.1635400811563588,2.1216234706423727,2.147418260574341,17.863519359621414,19.0930102792696,24.565129271246064,31.565940530784985,31.55158623338839
ABR,2013-12-27,2.147417823932633,2.1119500718624926,2.1216230392456055,16.504091759267716,19.193593178458503,24.60969538443604,31.5079614012267,31.576126612082096
ABR,2013-12-30,2.1280714444613205,2.11194978311065,2.124847173690796,15.132162275695071,18.853763674430617,24.49401413634587,31.06712627054152,31.552518218254242
ABR,2013-12-31,2.1957835685713194,2.1248478962584065,2.147418260574341,15.443692452143354,18.715338524114657,24.41332869976263,31.059240633154545,31.567234005241584
ABR,2014-01-02,2.1764373292499637,2.1312964499152582,2.1699886322021484,15.651897850727511,18.746085688090236,24.477222784384104,30.92314019145892,31.573154295123
ABR,2014-01-03,2.195782936145909,2.160315033330316,2.179661273956299,15.13252152931573,18.763088832431478,24.365723848249875,30.770487431263945,31.471992890052274
ABR,2014-01-06,2.2376999855041504,2.1828859847660835,2.2376999855041504,16.72985763911646,19.48834155080955,24.640985552770196,30.8743350867242,31.076877539249097
ABR,2014-01-07,2.247372627258301,2.2151291473207646,2.247372627258301,16.629723771898377,19.311101628235484,24.639806894809386,30.87428115326054,31.079180764062446
ABR,2014-01-08,2.2409240118100695,2.1893344420558716,2.1957831382751465,17.808080986034025,19.728490503665334,24.817361781456672,30.84205524905238,31.078893862313056
ABR,2014-01-09,2.2151290230228606,2.176436849268958,2.179661273956299,17.64831418607173,19.726582637385043,24.682970353392065,30.826256889192376,31.08840169324012
ABR,2014-01-10,2.215128935613767,2.1796611879467642,2.1893341541290283,16.92603347152175,19.467699012304884,22.18313531574353,30.789180126429066,31.08939145825521
ABR,2014-01-13,2.2248025860113336,2.1893346761385866,2.205456495285034,16.781095725027154,19.246228237853284,21.610831893921073,30.7888707868695,30.98620026131505
ABR,2014-01-14,2.2280270570900687,2.192559297790579,2.221578359603882,16.86785509601748,18.974471242161474,21.619546498990623,30.69760826483418,30.978415294221502
ABR,2014-01-15,2.253821611404419,2.202232036908462,2.253821611404419,16.98671169000374,19.111457025661778,21.593190616442435,30.736521239082325,30.918057381754405
ABR,2014-01-16,2.2602701602362933,2.2183535596793513,2.224802255630493,17.511906016050567,19.307700815730907,21.49300459188,30.337721692285168,30.924698458312655
ABR,2014-01-17,2.228026476738101,2.208680389318771,2.218353509902954,17.46634905039274,19.283357044075142,21.42236124866665,30.231309956757602,30.87270617327601
ABR,2014-01-21,2.2377003723088777,2.20868115425509,2.215129852294922,17.390600485161002,19.277043707004403,21.142449785211642,30.162795995132647,30.872735252659268
ABR,2014-01-22,2.257046272652447,2.2119053902491395,2.221578359603882,17.02567684876189,19.28408271012677,21.14681460227859,30.056784406324944,30.868661407860564
ABR,2014-01-23,2.2667195796966553,2.2248029657604422,2.2667195796966553,17.680694515663888,19.717328861952836,21.109923785180776,30.15259644749118,30.92093246336866
ABR,2014-01-24,2.2731673599525357,2.2215776429560394,2.231250762939453,18.31962606172499,19.935259796159006,21.048372365617297,30.195373502051947,30.951297826394985
ABR,2014-01-27,2.234475020365727,2.1861098819858267,2.199007272720337,18.142362518862548,18.118910422355977,21.054111962379572,30.243276069955797,30.98625589263555
ABR,2014-01-28,2.224802976229214,2.186110787990223,2.215129852294922,18.12227520471133,17.584564032701046,21.085290281195014,29.94661396809756,30.954528448257822
ABR,2014-01-29,2.211904663454847,2.1893341527949417,2.199007272720337,18.226984758511204,17.36489789668943,21.09766937718994,29.957130068457953,30.94323522143556
ABR,2014-01-30,2.2377005655457065,2.1990083739654485,2.208681344985962,17.96315220464792,17.21842123809011,21.08945323894545,29.93236538812302,30.946181171188513
ABR,2014-01-31,2.257046466428373,2.20868115425509,2.215129852294922,17.509359853319513,17.217833614099842,20.818977432758672,29.90575148694286,30.942538690506804
ABR,2014-02-03,2.2183536519171305,2.176437049617322,2.1957831382751465,17.74853133454205,17.314960729135567,20.84207720396076,29.86744396483219,30.94344991253418
ABR,2014-02-04,2.231250698307618,2.186109831773661,2.192558526992798,17.74794564568117,17.314657467762746,20.839211761284098,29.733131369763004,30.94385754996557
ABR,2014-02-05,2.2248020030884814,2.1893341025087185,2.192558526992798,17.438693876843168,17.296280223809333,20.811877664910185,29.733131369763004,30.941098083089685
ABR,2014-02-06,2.26027012281291,2.1861100437281302,2.2409238815307617,18.285465329091842,17.77554015828027,21.085731818965087,29.845879649579736,30.979731609182657
ABR,2014-02-07,2.247372577375132,2.2280264898420206,2.2409238815307617,17.964283339056237,17.77554015828027,21.08436558945353,29.658884216332115,30.963847643955454
ABR,2014-02-10,2.257046076279516,2.2280268632419364,2.2376999855041504,17.96345042216394,17.761201628061034,20.98828295250859,29.59207857263626,30.964012629937514
ABR,2014-02-11,2.2763918838226784,2.228026586027419,2.2634944915771484,17.725296794741134,17.056767325148975,20.8434603783163,29.553585798927834,30.983558565584463
ABR,2014-02-12,2.2699432373046875,2.24092402724357,2.2699432373046875,17.72530988251702,16.48775300084337,20.806242069901373,29.441441131699847,30.933291935809244
ABR,2014-02-13,2.2763921201085715,2.2473729076694586,2.273167848587036,17.547580959370645,16.482451282213372,20.311590539840864,29.372527797704674,30.913293167125328
ABR,2014-02-14,2.2763919335683753,2.244148452249937,2.2699432373046875,17.381014144216422,16.42892588000146,20.281884716838032,29.354343141728428,30.804960661289737
ABR,2014-02-18,2.340879205209338,2.25704599447225,2.3312060832977295,18.836024199269684,16.976094066946832,18.642472546251813,29.383840086434667,30.680283124754702
ABR,2014-02-19,2.324757037543641,2.2763917427457683,2.286064863204956,18.43294178015852,17.477065479727326,18.915947634061723,29.463269647235833,30.65458823091754
ABR,2014-02-20,2.2731675649573697,2.244148356139067,2.247372627258301,19.099786929332193,17.840026152469562,19.11731222559867,29.534076910311658,30.64906078497385
ABR,2014-02-21,2.3065141645710376,2.2408015727996826,2.2408015727996826,17.81824109201707,17.662848035396184,19.11741864627748,29.482863808063936,30.305891388515207
ABR,2014-02-24,2.280228570781869,2.22765851020813,2.22765851020813,17.76503753131854,17.558010783118668,18.993415274075176,29.311407168969456,30.276903033711722
ABR,2014-02-25,2.270372126515996,2.2243733129698713,2.2342302799224854,17.743378618274157,17.19207574521896,18.79796038841299,29.313238940056873,30.271287892228905
ABR,2014-02-26,2.253944360102407,2.230944871902466,2.230944871902466,17.63941387338912,17.079840783143062,18.761514806637564,29.283222173853957,30.035549444938137
ABR,2014-02-27,2.2473728319768185,2.207945120242828,2.2408015727996826,17.56119169163548,17.090042880698945,18.549556977471575,29.157696667529514,29.62864501951699
ABR,2014-02-28,2.257229709905305,2.2309446724107564,2.253944158554077,17.13300768437385,16.99529065480893,18.40102982615627,29.043429768611883,29.634529732029925
ABR,2014-03-03,2.2605152130126953,2.2145162448958464,2.2605152130126953,16.701744380356907,16.991092813276232,18.356515533574917,28.97219855338863,29.60765327199718
ABR,2014-03-04,2.2670866773013514,2.2375159317843933,2.253944158554077,16.701893498767852,16.97061237681206,18.364739618202222,28.94724658687763,29.499906496072143
ABR,2014-03-05,2.2605153842282273,2.2112308613250855,2.24737286567688,16.722414808986027,16.949770339097196,18.370305519531353,28.723780977928666,29.33869602627818
ABR,2014-03-06,2.2473735486524067,2.1980890107717226,2.2243740558624268,16.991163771769603,16.90312760170051,18.341842508161736,28.749235300731556,29.146290785097733
ABR,2014-03-07,2.2933722634350864,2.194803192578852,2.2506589889526367,16.290724827208024,16.934089963423148,18.283802867437274,28.739482295383034,29.110509933638006
ABR,2014-03-10,2.270372126515996,2.211230794813836,2.2342302799224854,15.766383572508266,16.981391129202724,18.28209788286514,28.47600651194953,29.118634155397338
ABR,2014-03-11,2.2342307841664115,2.184946251622656,2.2079455852508545,15.565799771492081,16.794924232546517,18.210185539851793,28.496149052208704,29.08085997293381
ABR,2014-03-12,2.214516544769172,2.191517214267517,2.211230993270874,15.42361299649845,16.75717724054457,18.034087939061198,27.675854829098668,29.076491960327093
ABR,2014-03-13,2.217802426481012,2.188231677326481,2.1980886459350586,15.373587166006194,16.75538143458251,17.84861064140508,25.899678680385374,29.08146804913414
ABR,2014-03-14,2.2145166397094727,2.1882315999114437,2.2145166397094727,15.474846698909218,16.68233289466127,17.83513593755659,25.20850231744402,29.089350358008193
ABR,2014-03-17,2.2276591921700724,2.2013739971652755,2.22108793258667,15.475608769613505,16.41867006283036,17.840967398726658,24.98345604251466,29.083502372779474
ABR,2014-03-18,2.2276593162796825,2.2013741198104584,2.2145166397094727,15.276854748820332,16.429237847689414,17.824572410757582,24.982620969227153,29.084049660398904
ABR,2014-03-19,2.2440877431712707,2.2013744684001884,2.204660177230835,15.331177961695348,16.456980968969226,17.832865428508022,24.89550803571826,29.062924846108558
ABR,2014-03-20,2.214516544769172,2.191517214267517,2.211230993270874,15.352331095565209,16.291403817610593,17.837809429360064,24.847832574325572,29.06349303820761
ABR,2014-03-21,2.2835147380828857,2.2046596259209768,2.2835147380828857,16.834982450129292,17.428484901257796,18.55467313483676,25.11753206257068,29.22400289532891
ABR,2014-03-24,2.2670865690132715,2.2145163398640255,2.217802047729492,18.926676520087547,18.34623106724831,19.101515266339405,25.151668028705572,28.378612407740366
ABR,2014-03-25,2.24080149190993,2.1915169715249263,2.1948025226593018,19.149633780111397,18.47873445077341,17.924966697273153,25.07332439024521,28.391714557998537
ABR,2014-03-26,2.2243734114845344,2.1915171146392822,2.1915171146392822,18.802897814408542,18.30062383223669,17.591557168901183,25.072726671186935,28.30444344155279
ABR,2014-03-27,2.230944871902466,2.1882316038188017,2.230944871902466,19.560915730766602,18.640074561773485,17.619327459330535,25.045100647477845,28.360572933276202
ABR,2014-03-28,2.263800997605871,2.227659148934215,2.2440872192382812,19.642859163727003,18.55982332633721,17.547276655972404,24.95764978008442,28.36426957484164
ABR,2014-03-31,2.2802288186345003,2.230944303154002,2.2736575603485107,20.02575715970501,18.626520839636754,17.652863532405455,24.97943831625304,28.39547838330641
ABR,2014-04-01,2.306514263153076,2.2605154469471063,2.306514263153076,18.89366616134347,18.819332068243018,17.770679780373317,24.941910964875504,28.40351587996584
ABR,2014-04-02,2.3130852765332786,2.2638007575058565,2.290085792541504,18.12470875416086,18.131465080427947,17.813617538548055,24.959062648282163,28.364826323374043
ABR,2014-04-03,2.3492276957657094,2.276943679893487,2.3393707275390625,18.38281741999763,18.6159989604877,18.090744214455174,22.43953868256884,28.427111363575598
ABR,2014-04-04,2.4182258602706126,2.3393705891362915,2.359084367752075,18.447221104182407,18.000301945449635,18.102089401083134,22.22631569773522,28.43877061350898
ABR,2014-04-07,2.405083346266714,2.3557988212877,2.3755125999450684,18.36247654376916,17.948291760025512,18.122482759999194,22.213575958877193,28.399438931120223
ABR,2014-04-08,2.391940827336698,2.3098000045893983,2.3130855560302734,20.162607034790458,18.833832045756335,18.64914424242769,22.438305145196885,28.516504675224365
ABR,2014-04-09,2.342655827829857,2.2999425710520978,2.3295133113861084,20.217944047936122,18.830120358685047,18.198400707795514,22.43382508725224,28.521010930757583
ABR,2014-04-10,2.3656555582537977,2.2802291867450633,2.2835147380828857,21.11920184701703,19.25849794861133,18.17676400067829,22.511950783494914,28.580022564173063
ABR,2014-04-11,2.309800110768194,2.2703723949669428,2.2868006229400635,21.06311100566172,19.03937663513706,18.173362731671737,22.477072405872374,28.508588545806614
ABR,2014-04-14,2.283514775973461,2.2243734408706914,2.2440872192382812,21.77758189145163,19.251137408619716,18.404470605470134,22.580740965695977,28.217100372757493
ABR,2014-04-15,2.2802297415437507,2.2243739451699662,2.2506589889526367,21.781130496403343,19.248788308294916,18.271417363283216,22.574458264212126,28.192553629186882
ABR,2014-04-16,2.290085792541504,2.2440869812291213,2.290085792541504,22.33524241981592,19.561882931249322,18.445241329197483,22.360086440193168,28.116280669826033
ABR,2014-04-17,2.3130854271591277,2.2868003904118246,2.3032286167144775,22.136527845971276,19.584841959179418,18.44130867576721,22.324657124094998,27.996207010986268
ABR,2014-04-21,2.3229426304782135,2.2736581032300442,2.2868006229400635,22.028762404879064,19.21831153676207,18.370052838609144,22.335586763369935,27.96467898087626
ABR,2014-04-22,2.3097998759013034,2.253944094477696,2.3032286167144775,21.979770769463634,18.98014340096511,18.30798724331057,22.28380628133847,27.97013416475449
ABR,2014-04-23,2.309800624847412,2.299943654535491,2.309800624847412,21.643339894393954,18.7227170418492,18.100152662366277,22.229235095598053,27.850685713442253
ABR,2014-04-24,2.309800624847412,2.29008668422357,2.309800624847412,21.64772761049501,18.67442471998543,18.032965315993053,22.220049975480197,27.830039402194295
ABR,2014-04-25,2.306514263153076,2.293371744237085,2.306514263153076,21.55240919859916,18.605548693178502,18.032861164443684,22.139388476486616,27.798572326938125
ABR,2014-04-28,2.3097999039004757,2.2868004181321995,2.2933716773986816,21.579973117186718,18.63738387688644,17.993830626899996,22.0669777826395,27.793040316700495
ABR,2014-04-29,2.3097999039004757,2.2802291588657178,2.2933716773986816,21.57562291414151,18.63167152805502,17.990463001217233,22.066311903834674,27.712301373267234
ABR,2014-04-30,2.3097998759013034,2.2835146824828234,2.3032286167144775,21.56026980649068,18.543761990547488,17.97789840528354,22.001954240601734,27.70790991350997
ABR,2014-05-01,2.3097996982148583,2.2802289558133486,2.2999427318573,21.507590124536776,18.543544971219315,17.96021308837589,21.934488341815396,27.36053075630854
ABR,2014-05-02,2.362370042378675,2.309799966814914,2.352513074874878,22.366589476958566,19.072921516384085,18.174670831365297,22.089103861286052,27.370031464558014
ABR,2014-05-05,2.3623706651345184,2.3262286503212715,2.3327999114990234,20.646976903173982,18.67745053221793,18.1706078531762,22.05213313335465,27.32735411984479
ABR,2014-05-06,2.345941164136218,2.3163705831767425,2.3196561336517334,18.720717425555822,18.721946074498437,18.1799977938918,21.957652689799463,27.250068373538166
ABR,2014-05-07,2.326227807991051,2.3032284805326197,2.3229422569274902,18.376894229922875,18.71796341981508,17.961076319240426,20.40656033593418,27.250117374162507
ABR,2014-05-08,2.329513749591653,2.2999430036950805,2.306514263153076,18.537582023714798,18.645254142249076,17.985150174644424,20.070333947637938,27.247791719774096
ABR,2014-05-09,2.329513098418985,2.3032280679345,2.3196561336517334,17.944088269005118,18.67074646763562,17.969016636434056,20.067068666184397,27.25369878040181
ABR,2014-05-12,2.359084334320348,2.3196567776475274,2.352513074874878,18.2794507690313,18.880055653206643,18.013631341099284,20.04816048436583,27.041284928581057
ABR,2014-05-13,2.396015874897689,2.369244772764273,2.385976791381836,18.338399082767513,19.07773986197561,17.990858974971392,19.999312551546808,27.0757806574509
ABR,2014-05-14,2.399362711555273,2.355859584111977,2.379284381866455,17.973154789949923,18.316063811367822,17.999388787559024,19.9546860354311,27.05562615442047
ABR,2014-05-15,2.3859769798234702,2.3491666316986084,2.3491666316986084,18.26504365133014,18.051249366668507,18.128865742540075,19.84451067617479,27.062959496486204
ABR,2014-05-16,2.369244823607586,2.3290881695457117,2.345820188522339,17.211875445551808,17.68354915985987,18.045614452478087,19.845665204610917,27.01757342778554
ABR,2014-05-19,2.365898609161377,2.3357810376391734,2.365898609161377,17.217415030923544,17.7384300217096,18.022280038535786,19.70909375744044,26.926789207954705
ABR,2014-05-20,2.385977680264166,2.349167321333053,2.3525137901306152,17.169784228943826,17.73506297975808,17.962057942918822,19.59184395549829,26.933207672456184
ABR,2014-05-21,2.3859770915240355,2.3424739653006137,2.3558595180511475,15.252912149136321,17.73033595930696,17.958118920827772,19.5214743225281,26.933224479950766
ABR,2014-05-22,2.375937087591813,2.3491659906494435,2.3725907802581787,15.252907833895149,17.768349679544926,17.86208729331669,19.53729028506917,26.792160476855827
ABR,2014-05-23,2.389323971479848,2.355860081598587,2.3759384155273438,13.952557170558807,17.754590193693296,17.862033659999497,19.524094416785303,26.740523414922695
ABR,2014-05-27,2.392670070238795,2.372591739415043,2.3826308250427246,13.959233431116896,17.729895300445605,17.79992227827382,19.515980212015947,26.68592175490082
ABR,2014-05-28,2.3960161209106445,2.3725914839229394,2.3960161209106445,12.615318100440067,17.75133258063671,17.751175505829362,19.36869325843241,26.600121486694455
ABR,2014-05-29,2.442866086959839,2.3826309322108807,2.442866086959839,13.56341600444462,18.126354613027544,17.981566237848277,19.489689498481656,26.614100401105546
ABR,2014-05-30,2.4495585396857105,2.416094498339192,2.432826519012451,12.965173910688318,18.140047529784017,17.541915068467887,19.493390818892838,26.602528042440525
ABR,2014-06-02,2.44955888456712,2.4094020612111624,2.42948055267334,12.952035919436264,17.98778864579657,17.53645799178614,19.47473655553414,26.49569740632033
ABR,2014-06-03,2.4428656347322475,2.4194408389364925,2.439519166946411,12.685576031559862,17.869202199458826,17.115992180447748,19.469983264545995,26.485193496132382
ABR,2014-06-04,2.4428657819332265,2.402708963925274,2.419440984725952,12.941923268035135,17.88966506214479,17.12778979625028,19.496650067290403,26.498737248433102
ABR,2014-06-05,2.4428654125117175,2.416094151365432,2.426133394241333,12.941241509752487,17.679861201058287,17.121451933415592,19.445486523546183,26.455756369631274
ABR,2014-06-06,2.436172637117234,2.416094151365432,2.426133394241333,12.941241509752487,17.682787692386203,17.092213060364365,19.316483820072737,26.31500813793094
ABR,2014-06-09,2.432826210840174,2.3993623333009855,2.4094014167785645,13.150605997548077,17.70126504459649,17.10703808135107,19.311893730823076,26.32532074636838
ABR,2014-06-10,2.4261334353323365,2.402708641270727,2.4094014167785645,12.983131471406558,17.66070030443916,16.967856474755813,19.008267488681994,26.30212189623248
ABR,2014-06-11,2.429480007087332,2.402708744339225,2.406055212020874,13.004665021101983,17.66683504263019,16.83018746721714,18.99302195314829,26.19756856907301
ABR,2014-06-12,2.412748993058542,2.3725923215581317,2.389324188232422,13.210494823974114,17.727594684457333,16.865302696790312,17.78213222522341,26.1104583617198
ABR,2014-06-13,2.4027094799719833,2.369245590751729,2.3926703929901123,13.186586026407474,17.687368756450876,16.861925218550994,17.782096546685985,26.053679774369737
ABR,2014-06-16,2.3725909309230144,2.342473365166154,2.362551689147949,12.162251636189103,17.915561425661704,16.992462195843206,17.848851487671073,26.064634447234468
ABR,2014-06-17,2.3658985155532757,2.345820188522339,2.345820188522339,12.087978087001575,16.779000982978772,16.744955369277484,17.86685960858307,25.896182490410613
ABR,2014-06-18,2.3692450459006174,2.342473940680918,2.359205961227417,12.059030509674914,15.630043782101168,16.564847828060035,17.787396468840353,25.89873600244914
ABR,2014-06-19,2.3859763287293636,2.3592052317869943,2.3725907802581787,12.147417693559309,15.473346645436745,16.405413713805743,17.682611541152397,25.871341792103202
ABR,2014-06-20,2.3926697558854118,2.3491666316986084,2.3491666316986084,12.331266140919688,15.633840322762033,16.458307289559176,17.701696796946432,25.67214356565186
ABR,2014-06-23,2.379284057177662,2.355859262619847,2.3692448139190674,12.458956381504645,15.322870003733716,16.45674741945763,17.595105072888405,25.66868976065467
ABR,2014-06-24,2.3859773735961074,2.3290886878967285,2.3290886878967285,12.82314100459768,15.728602551002488,16.68742670646537,17.623321994007703,25.085533647101705
ABR,2014-06-25,2.3458207105971556,2.3223959107302363,2.3290886878967285,12.070642047836742,15.512582684679865,16.683239557505697,17.594889321932065,23.684158514981224
ABR,2014-06-26,2.3592058755757046,2.3324346117595707,2.3491666316986084,12.354507049052255,15.335212554793962,16.665149102104184,17.6203213642479,23.14922489421934
ABR,2014-06-27,2.362552818388581,2.265507459640503,2.265507459640503,15.794156832940187,17.008976040221523,17.664394270964166,18.149974109607996,23.269865169944985
ABR,2014-06-30,2.359205806785627,2.322395459734086,2.325741767883301,17.683500640483054,17.30342401200827,18.136843135770626,18.3454283571323,23.407016887101292
ABR,2014-07-01,2.355859057058751,2.325741489479242,2.3424735069274902,17.629142818126006,17.279592368309878,17.847130416235835,18.281959456761264,23.344508587973287
ABR,2014-07-02,2.369245655413183,2.3290889872529226,2.3525137901306152,17.603011983610408,17.241717930052143,17.85733873384491,18.262196164112872,23.309452108165214
ABR,2014-07-03,2.349166563201256,2.325741767883301,2.325741767883301,17.90514600093495,16.511413532079867,17.95517568079932,18.220699032242717,23.334275649247218
ABR,2014-07-07,2.3357811154551116,2.2989707667647985,2.3223955631256104,17.764501451080815,16.4496405713421,17.869203743306343,18.126464637427826,23.168541967408935
ABR,2014-07-08,2.3223952135117107,2.302316888040055,2.315702438354492,17.763528736625954,15.931892590217664,17.87123505151849,18.018041060376977,23.083766128470103
ABR,2014-07-09,2.322396195617986,2.3056641708650454,2.312356948852539,17.729947413724815,15.933540453204984,17.872044512496885,17.98837933334,23.08333764912603
ABR,2014-07-10,2.312356098399345,2.2956242393685695,2.3090097904205322,17.619290221087965,15.436706114120046,17.87211079150314,17.989523215525374,22.999087954853245
ABR,2014-07-11,2.315703069336914,2.29227827011969,2.305663824081421,16.502181685795986,15.433097054296965,17.362504238470123,17.9788864163728,22.925678918337606
ABR,2014-07-14,2.342473675732697,2.3023170224451133,2.3190488815307617,16.637096644108844,15.06761158793064,17.104254295060475,17.988227677731413,22.914565753307905
ABR,2014-07-15,2.3223954701772365,2.3023171424865723,2.3023171424865723,16.716988682102627,15.099206083435288,16.922668860081142,18.009515756279846,22.856677345922975
ABR,2014-07-16,2.32574204437873,2.29227816106642,2.298970937728882,16.623377322998227,15.028902701183732,16.917258758020417,18.01000052639327,22.857281970748772
ABR,2014-07-17,2.309010182506766,2.2855853844039578,2.298970937728882,16.52406401075547,14.956504127050877,16.888671603409456,17.98883067275611,20.79981881424712
ABR,2014-07-18,2.3157026942803483,2.292277898857058,2.3023171424865723,16.49768372634482,14.94776065647655,16.884417518906034,17.255825386834818,20.618182745135922
ABR,2014-07-21,2.3926704402521812,2.35920655037092,2.3759384155273438,19.10365351564181,16.284750150859388,17.591703674646993,17.44913340276763,20.835938995426968
ABR,2014-07-22,2.4060546229876354,2.3725907522053413,2.3993618488311768,19.244908767831365,16.391333498874495,17.642067977861,17.37975242046826,20.858542554751907
ABR,2014-07-23,2.442866158201604,2.409402111445866,2.422787666320801,19.455878072199322,16.44009302464702,17.681530722487675,17.359675224616417,20.865657396578175
ABR,2014-07-24,2.4261341348237346,2.4160948888833333,2.422787666320801,19.450273803607676,16.44009302464702,17.678396747344674,17.357997088636395,20.832197324500896
ABR,2014-07-25,2.426133539405683,2.402708744339225,2.406055212020874,19.4487402974275,16.502413213439535,17.71073876279617,17.376308459490513,20.817889652392065
ABR,2014-07-28,2.4160937330053667,2.3592052317869943,2.3725907802581787,19.876243842863627,16.77172895176421,17.85452270658934,17.462421374186953,20.86150555665938
ABR,2014-07-29,2.3826304692316502,2.3592058332195944,2.365898609161377,19.545171082040547,16.13944929471564,17.778458811854776,17.46175834395348,20.856782925966506
ABR,2014-07-30,2.382631193503596,2.3625528595748393,2.3759384155273438,19.46065267837259,16.062601280976924,17.69855263992588,17.455070416947674,20.617235886048178
ABR,2014-07-31,2.3893232451734328,2.3592058332195944,2.365898609161377,19.439907202936684,16.0427894648321,17.670349583190358,17.464944167246387,20.587017692923524
ABR,2014-08-01,2.3792842037615287,2.342473855636667,2.3491666316986084,19.474186571032128,16.112870537208305,17.60155419153239,17.483869577925095,20.595469698440844
ABR,2014-08-04,2.37928384957263,2.322395181730599,2.3424735069274902,19.278446827438238,16.05429084949467,17.609595284497995,17.200392612348498,20.544041934116184
ABR,2014-08-05,2.3458204766558,2.31570290262592,2.339127540588379,19.10737021634868,16.01778415617047,17.58144077368498,17.008153228156946,20.500775177683085
ABR,2014-08-06,2.362552338119216,2.3257419875902943,2.339127540588379,18.442340625468955,15.75266000544982,17.54757603339889,17.0056635991935,20.493852967480397
ABR,2014-08-07,2.342473675732697,2.3157025735409746,2.3190488815307617,18.616593777433646,15.564271288676462,17.60324981202459,17.02258185557996,20.44893903618543
ABR,2014-08-08,2.3357808833512865,2.315702556852195,2.3324344158172607,18.519171065069354,15.608301570769727,17.614857174158438,16.952628561270124,20.393816919916173
ABR,2014-08-11,2.375937238469146,2.3458198322806205,2.362551689147949,15.428966417211743,15.619749901811067,17.704061514602852,17.004075466429295,20.433843351944837
ABR,2014-08-12,2.3692447608497726,2.3324344158172607,2.3324344158172607,14.056866901666476,15.840451602774557,17.829503624815672,17.06743909746604,20.420687285714386
ABR,2014-08-13,2.3767643706263364,2.3358445053377577,2.3597145080566406,14.30901560748063,15.925169305122132,17.188550423032805,17.046874898008955,20.401079724511394
ABR,2014-08-14,2.3699451277119783,2.3528952598571777,2.3528952598571777,14.284320839043078,15.89335690734951,16.533040053895597,16.999914688402537,20.39591842260338
ABR,2014-08-15,2.3767655419399705,2.3563055992126465,2.3563055992126465,13.86892906778513,15.893461535910697,16.438836358308365,16.871489402217772,20.350117483427205
ABR,2014-08-18,2.3801741867340587,2.3563041865621277,2.3665342330932617,13.901958616438234,15.851175693818936,16.444951710225634,16.83914497505954,20.273021350624962
ABR,2014-08-19,2.3801741867340587,2.3597142562728632,2.3665342330932617,13.86368274712512,15.848290546488592,16.216031879322536,16.836777275474088,19.082682774314613
ABR,2014-08-20,2.3767643254116626,2.359714463166317,2.363124370574951,13.863630635982668,15.839263846970564,16.19693031721205,16.79930226111781,18.811911618877478
ABR,2014-08-21,2.3801748752593994,2.3494848893892213,2.3801748752593994,13.971629746373251,15.867142781048326,16.107154174693438,16.8153685977438,18.814316449841385
ABR,2014-08-22,2.3835847833554635,2.3665349176729022,2.3801748752593994,13.955737244552955,15.33949236493553,15.952508108107127,16.80400525092824,18.74953370453228
ABR,2014-08-25,2.393814832845896,2.3563048681824696,2.3801748752593994,13.885980752700245,15.32044398918553,15.907686549088465,16.792442072134165,18.660537593055903
ABR,2014-08-26,2.39381436736835,2.369944364932945,2.373354434967041,13.720990454711398,15.327710776464427,15.557942324370636,16.725705537505256,18.62705444932994
ABR,2014-08-27,2.3869948540526478,2.3665349176729022,2.3801748752593994,13.710650762621961,15.314090297848473,15.50804585640558,16.685978044333172,18.498985157592717
ABR,2014-08-28,2.386994823682785,2.3631248169095547,2.3767647743225098,13.727451641558982,15.228203508735563,15.470812334229029,16.676735235498537,18.499821799681822
ABR,2014-08-29,2.3869940921306725,2.3733541388980113,2.3835840225219727,13.736618203609202,15.229099529398264,14.875253040791597,16.550939844073056,18.378297070960322
ABR,2014-09-02,2.390404161739372,2.380174115514342,2.3835840225219727,10.298363560305953,15.229099529398264,14.83555560394422,16.53910100546629,18.279346912898234
ABR,2014-09-03,2.4006350380505355,2.3699450492858887,2.3699450492858887,10.007186220291755,15.209049120970347,14.511726266245928,16.53587702241475,18.2348091025356
ABR,2014-09-04,2.3767646407182528,2.3460748195648193,2.3460748195648193,9.914020616168727,15.342140134943975,14.605845628532318,16.543835118913723,18.26404021634877
ABR,2014-09-05,2.3767641170233227,2.3563041865621277,2.3665342330932617,10.307241471311322,15.454082439354494,14.340459458411917,16.479533625579247,18.273688886458928
ABR,2014-09-08,2.3767651073741267,2.3528952598571777,2.3528952598571777,10.252876145580279,15.433828047220427,14.370025376336862,16.494247832816733,18.2755145520446
ABR,2014-09-09,2.363124893831935,2.342664957046509,2.342664957046509,9.5238704737908,15.452535553305506,14.130654089507889,16.50270058076715,18.15955187986987
ABR,2014-09-10,2.3392551272777156,2.3051552314925563,2.308565139770508,10.364234032139573,15.525691083430507,14.29840521124642,16.54292220433631,18.21142266136848
ABR,2014-09-11,2.3460750278113083,2.311975133168931,2.342664957046509,11.212010418198181,15.762357075659148,14.438351900211883,16.586514205877442,18.267558467946266
ABR,2014-09-12,2.346075299148372,2.318795380279391,2.3290252685546875,11.268335061247308,15.760986880473341,14.427278828635432,16.55301545649385,18.26338754811199
ABR,2014-09-15,2.339254886107041,2.318794950745308,2.3256149291992188,11.099797178603307,15.715173904427058,14.422693972556052,16.552958261727348,18.255812414749848
ABR,2014-09-16,2.3528943290646165,2.322204351425171,2.322204351425171,11.079736903928037,15.589862253041614,14.424752222592934,16.487373222191028,18.256025636679773
ABR,2014-09-17,2.3358446195819407,2.3017447301736618,2.305154800415039,11.265013950982429,15.550853517880764,14.471051943947549,16.513173874887528,18.22874277361903
ABR,2014-09-18,2.3017445162297636,2.250594605571108,2.2744646072387695,11.868221814558266,15.399854225188642,14.599163413124094,16.550003169194586,18.17678874245946
ABR,2014-09-19,2.386993885040283,2.26764422330848,2.386993885040283,18.354682904346348,18.350159949640467,16.49556957303256,17.456829726302413,18.793105481439866
ABR,2014-09-22,2.3597153286035306,2.267645518388128,2.2846953868865967,22.403445857568418,20.38154654431994,17.91268158498244,18.22115484351238,19.08566341814122
ABR,2014-09-23,2.322204663818629,2.2710547484056613,2.305154800415039,22.226205120181028,19.0519384114134,17.968046769812766,17.986422750147597,19.094153110726225
ABR,2014-09-24,2.3256147340600064,2.284694704168973,2.305154800415039,21.93289861178042,18.2681433159764,17.599592557007306,17.97965715929624,18.23690148077783
ABR,2014-09-25,2.318795042346226,2.2676451206207275,2.2676451206207275,22.102128014215303,18.502224973783715,17.73965668649853,17.872718373833287,18.312040192817
ABR,2014-09-26,2.3017444884802254,2.254004648321531,2.28810453414917,22.296100590962865,18.579516671367035,17.778998813886076,17.88021230404371,18.332615701958236
ABR,2014-09-29,2.291515366806214,2.2642354471277457,2.2846953868865967,22.28511824558599,18.439661993861993,17.77852531240827,17.874548274294767,18.330769282195266
ABR,2014-09-30,2.3085644069112403,2.2540045909751294,2.2983343601226807,22.323901747583104,18.482266978760943,17.76970764634222,17.867552503519164,18.279052837786082
ABR,2014-10-01,2.298334446305348,2.254004675495524,2.2744646072387695,22.48874107595884,18.594114347286535,17.821893684450576,17.892088616634343,18.227745768065233
ABR,2014-10-02,2.2949247631788485,2.254004895694795,2.264234781265259,22.507700200622548,18.61275723287571,17.686934311758804,17.819413276760027,18.218515521159183
ABR,2014-10-03,2.2710553159238316,2.23354550950188,2.247185468673706,22.422919453793305,18.6701808960099,17.568772676424054,17.775411652981692,18.14696539762205
ABR,2014-10-06,2.2676451513417653,2.2369551653704685,2.254005193710327,22.462588792078517,18.68252792817696,17.574531076598184,17.775372232460718,18.084906677222214
ABR,2014-10-07,2.2574153567520057,2.236955417994267,2.247185468673706,22.45847486984187,18.64559000393986,17.470269994082503,17.778275744037824,18.06666676367713
ABR,2014-10-08,2.2915149648518063,2.2164951988952293,2.2676451206207275,22.67967720964673,18.69407776351442,17.534495980270094,17.80695867077344,18.087793215292137
ABR,2014-10-09,2.2846952750956575,2.236955417994267,2.247185468673706,22.742649864651007,18.779806842231693,17.5304980396229,17.679781046900317,18.11102219447814
ABR,2014-10-10,2.2540054507035627,2.2199055527370244,2.230135440826416,22.80175701861622,18.83800357576959,17.547754422802512,17.603845395886687,18.086362638226248
ABR,2014-10-13,2.2642349006756244,2.2164950527598757,2.2267251014709473,22.75374630977634,18.83466297964269,17.54563760347141,17.519506922905308,18.02638686991989
ABR,2014-10-14,2.250595379606339,2.2199055527370244,2.230135440826416,22.771324445461325,17.62002988681863,17.5062041492449,17.49924409360465,18.010408535660257
ABR,2014-10-15,2.236956231197281,2.1551164464150236,2.1960363388061523,23.071708416108017,17.713514529099534,17.659492876113717,17.573220383543855,18.004669437470078
ABR,2014-10-16,2.2403650272849145,2.15511521873284,2.2233150005340576,23.34737622062207,17.79248805752085,17.773426383727166,17.626375936315462,17.974907624844974
ABR,2014-10-17,2.2505942276300352,2.192624349458481,2.2028543949127197,23.226349774172306,17.861458498040157,17.79585244822325,17.65711827299534,17.915654425304776
ABR,2014-10-20,2.2437754299893666,2.196035572198419,2.2335455417633057,23.669098358852096,18.10148722858632,17.657179858199665,17.702127456569805,17.94820014402983
ABR,2014-10-21,2.2574151023146998,2.233545257754987,2.236955165863037,23.67387391830672,17.912506138908846,17.653690752332174,17.701948411364437,17.948789750499973
ABR,2014-10-22,2.2812848528974645,2.2403649845964315,2.2608249187469482,23.5896088086664,18.064516104264236,17.74677593706952,17.745504394963103,17.970816739443084
ABR,2014-10-23,2.2846946860030886,2.2540048670802055,2.277874708175659,23.27397852606388,18.115633956076447,17.778450616864312,17.579759667105836,17.984024976396398
ABR,2014-10-24,2.281285366603271,2.247185468673706,2.247185468673706,23.521805450646983,18.29336125952065,17.855699856068203,17.6538530270509,18.03543293032583
ABR,2014-10-27,2.2676448953606916,2.2335450051314316,2.243774890899658,23.521864528926358,18.247762990307816,17.847265297877076,17.653947399423725,18.035586736736718
ABR,2014-10-28,2.281285078067378,2.247185184450752,2.2676451206207275,23.767670377958552,18.389281940753754,17.93788805911424,17.646228067913643,18.051772813765087
ABR,2014-10-29,2.2676451824368797,2.216495259317031,2.2403652667999268,23.920603960950757,18.540779228737332,18.002563775143713,17.70097266598096,17.581243678631356
ABR,2014-10-30,2.3358452482719327,2.2164955219195694,2.3290252685546875,26.233614947897422,20.233839996179317,19.065360176301244,18.28850091445152,17.868848701898983
ABR,2014-10-31,2.339255645335976,2.264235695393364,2.2949256896972656,22.396775589953386,20.382864588995037,19.201564855721166,18.37226845117171,17.859011968237624
ABR,2014-11-03,2.3119747892644207,2.264234781265259,2.264234781265259,18.83859433328078,20.524122767671212,19.284914248909555,18.167298575164093,17.87902909341514
ABR,2014-11-04,2.2676444002099294,2.2199045643131816,2.2505943775177,18.701105649926525,20.364620411005475,19.302062794930613,18.034113599308547,17.88830421819883
ABR,2014-11-05,2.2642353690426296,2.2233154909361033,2.2335455417633057,18.802479693736412,20.260769087367063,19.2381905574094,17.943165697144085,17.90268205520311
ABR,2014-11-06,2.2676448660471453,2.2369548839369853,2.2574148178100586,18.514564981669217,20.23580068314825,19.290554196512122,17.984048446565463,17.931621821174957
ABR,2014-11-07,2.3699446623951443,2.257414938763301,2.3460748195648193,21.517055192695967,21.769445356900228,20.234744425341074,18.53715341602113,18.33048058666081
ABR,2014-11-10,2.3938143253326416,2.3324345292065534,2.3938143253326416,22.216234443853207,22.15806720120887,20.468202096578434,18.682995456140635,18.42823205227661
ABR,2014-11-11,2.4483736692620823,2.3767638397027895,2.386993885040283,22.211380265711615,22.150645286075978,20.410877558622996,18.685641718562636,18.431359935274934
ABR,2014-11-12,2.438143786525643,2.3563039116288564,2.386993885040283,21.937853180271635,22.150645286075978,20.366909616417068,18.679526444784365,18.427807718150888
ABR,2014-11-13,2.414275232250312,2.3597153914404996,2.404045343399048,21.914893929595237,22.193902458244924,20.209438172331424,18.685391847250326,18.243504030797965
ABR,2014-11-14,2.4210942207114723,2.386994334172088,2.400634288787842,21.753935761093945,22.149615396399845,20.211261551221543,18.684088276886275,18.113954877159852
ABR,2014-11-17,2.414530874060923,2.355470544171532,2.3658928871154785,22.287695913338776,22.354154934268834,20.30391692191723,18.76343841048631,18.174098032330992
ABR,2014-11-18,2.4006349881054825,2.351996987347597,2.3763160705566406,22.257106168390845,22.373142941166503,19.460281097574875,18.76589993422016,18.167473927642348
ABR,2014-11-19,2.393685652952747,2.3554701805114746,2.3554701805114746,22.357258177460114,22.43842402756769,19.07069300438644,18.754980883769697,18.137006595537038
ABR,2014-11-20,2.3658933253400343,2.3346259593963623,2.3346259593963623,22.350300218323824,22.50068223755402,19.090119134321167,18.736870131343988,18.154063036291745
ABR,2014-11-21,2.3554717112470014,2.3346266837106264,2.3381009101867676,22.190861895528037,22.502481455012262,19.079218324212928,18.71601537816935,18.1475088287308
ABR,2014-11-24,2.365893272309336,2.3381001323869057,2.341574192047119,22.17138462265516,22.496035137731578,18.993053161264477,18.661190896633297,18.098869088649952
ABR,2014-11-25,2.376316462710606,2.3519973754882812,2.3519973754882812,22.185767661578602,22.516939458084646,19.004113172277414,18.66705113160554,18.069656199630153
ABR,2014-11-26,2.404109053869103,2.341574319967185,2.397160768508911,22.11265466019268,22.82743023229759,19.232509803671753,18.781947240610723,18.078387543506842
ABR,2014-11-28,2.4075835290209113,2.390212895454138,2.400635242462158,21.933905457926294,22.72709234497774,19.23113510324177,18.764036522458866,18.05365126625634
ABR,2014-12-01,2.414531346141354,2.3902124307439627,2.404109001159668,21.65101821896085,22.662512210172476,19.2296392293197,18.762032820559973,18.052105555319738
ABR,2014-12-02,2.4145310547464156,2.3763155735453108,2.4110569953918457,21.402178444971735,22.633392549116476,19.231318484819813,18.75986160849516,18.028160363715983
ABR,2014-12-03,2.400634611618661,2.351996618488577,2.3624191284179688,22.41103137811951,23.012437828891898,19.493160452563963,18.912719710054983,18.14775895703552
ABR,2014-12-04,2.393686692403606,2.3624194891612564,2.3728418350219727,22.27107128140221,22.81951298714636,19.467860548914977,18.91622396875072,18.145038766376953
ABR,2014-12-05,2.3728415572899437,2.331151847406298,2.341574192047119,22.604336460802664,22.794718239679188,19.584906582791167,18.603067300316646,18.189987259877245
ABR,2014-12-08,2.338100397582617,2.2964106829703743,2.306833028793335,22.68478148511093,22.970005498867284,19.731673193994023,18.361505802132044,18.205528353093392
ABR,2014-12-09,2.3485224141455143,2.2964101990320764,2.345048189163208,23.11276527273271,23.218004678910543,19.90159741229335,18.417213566269133,18.248037521432774
ABR,2014-12-10,2.3519969691200306,2.306833028793335,2.306833028793335,23.5100394720048,23.463418004481298,19.431676422605936,18.522955722396034,18.318692006881758
ABR,2014-12-11,2.3624198887722,2.296411079734658,2.3519973754882812,23.804684109095742,23.748963035003356,19.61709323260785,18.544639961007352,18.33760227035242
ABR,2014-12-12,2.365894059354953,2.32767839641858,2.3381009101867676,21.109910064469663,23.613263682142144,19.572946639363202,18.547209717648176,18.341709988687438
ABR,2014-12-15,2.351996683180087,2.3068327483441187,2.3172552585601807,20.819848043484907,21.478519157907186,19.620375659733792,18.515371976985552,18.351242214648835
ABR,2014-12-16,2.362419193396149,2.3137810332681,2.3172552585601807,20.406718528889563,19.49005341676859,19.5928942513631,18.437664455160625,18.326007983445372
ABR,2014-12-17,2.3554706030327535,2.3068324492117287,2.3207290172576904,20.3046938078764,19.408080136600393,19.472566534854664,18.418675136938457,18.26518333654514
ABR,2014-12-18,2.3450485329262807,2.3103071063112623,2.3311519622802734,20.16009700993356,19.42869054656865,19.48223623280007,18.252681602135773,18.26788491565241
ABR,2014-12-19,2.393686199860599,2.2894619343984064,2.3103067874908447,20.183328671012454,19.216299523760906,19.51949677394383,18.25572998766649,18.290832091790868
ABR,2014-12-22,2.3624191284179688,2.3242034795571005,2.3624191284179688,17.973796398466497,19.66193727026739,19.834777625702426,18.42905440797641,18.385199368418327
ABR,2014-12-23,2.369368175741403,2.338100801549875,2.3519973754882812,16.992163027788752,19.683976948122787,19.814993722829836,18.16319198596705,18.36354864976159
ABR,2014-12-24,2.3763158997098914,2.3276777367886767,2.3311519622802734,17.151948760020094,19.743043408659613,19.86047519976628,18.175090319317846,18.355149401961572
ABR,2014-12-26,2.348523293467753,2.2755661981247455,2.324204206466675,17.161829710675853,19.629644473408405,19.864762673090002,18.02319145081402,18.35722761689136
ABR,2014-12-29,2.3589447683712943,2.3311516310286247,2.348522424697876,17.320992820492716,19.70950591923419,19.934214057452497,18.06378928132973,18.342499874200378
ABR,2014-12-30,2.3693674131508375,2.3485225589522303,2.3624191284179688,17.427044250448542,19.664231645154732,19.906878791809458,17.934172892619813,18.35040532838858
ABR,2014-12-31,2.369368175741403,2.3450490885190782,2.3519973754882812,16.958184161868562,19.68795880107627,19.899946056876416,17.940016462826083,18.328401682327286
ABR,2015-01-02,2.376316060749012,2.3485229175735007,2.3728418350219727,17.11023761860273,19.74159448602457,19.84471315018944,17.853503104557937,18.320101241736676
ABR,2015-01-05,2.435375928878784,2.365892923652108,2.435375928878784,18.482329388119023,20.33731005415767,20.15879511137425,18.101599846235892,18.494567934963797
ABR,2015-01-06,2.459694587904778,2.404108321946296,2.431901454925537,18.256639619252528,20.232830395610144,20.0806073529474,18.081003288541915,18.312575573621825
ABR,2015-01-07,2.4805396113987674,2.4214791168506764,2.4735913276672363,18.811007294364874,20.396828449301964,20.247618302103255,18.170485249436304,18.384064277313204
ABR,2015-01-08,2.490961945336494,2.4075823807386314,2.431901454925537,19.591084296376486,20.745653709694917,20.43648981180492,18.284158102155303,18.314224502860593
ABR,2015-01-09,2.4457985429499036,2.414531178850829,2.4214794635772705,19.631446740361323,20.77923874799506,20.43922129732295,18.292164191320207,18.303698469647475
ABR,2015-01-12,2.4388509013654094,2.397161182012891,2.400635242462158,19.049972734016972,20.59134678843208,20.487710235417705,18.32146873804204,18.32161855457808
ABR,2015-01-13,2.4180054062809218,2.3589449032214462,2.3624191284179688,19.605009911333312,20.773058482753463,20.64704157069503,18.409186405463593,18.381417953158856
ABR,2015-01-14,2.397160280940639,2.355470577258927,2.393686056137085,19.99721131974731,20.807719973904305,20.72141572740928,18.473154282489745,18.413204561992146
ABR,2015-01-15,2.397160928024306,2.3693677847340857,2.3763160705566406,20.08030145603151,20.717877793344382,20.754149785653276,18.48816496843438,18.374011575477553
ABR,2015-01-16,2.411057286367521,2.362419289912552,2.404109001159668,19.457715818429826,20.831280437124136,20.83630494453212,18.536718173134688,18.361587607091778
ABR,2015-01-20,2.418005195530051,2.369367206639205,2.390212059020996,19.508240755376985,20.78600225010129,20.85210314530156,18.35827371461252,18.36894846529314
ABR,2015-01-21,2.3936867022829276,2.3763160705566406,2.3763160705566406,19.17710530576681,20.78532010747721,20.868110714766885,18.343963203939325,18.37834634861254
ABR,2015-01-22,2.4145318155796645,2.3763163223366317,2.400635242462158,18.79842792310776,20.658344124206142,20.929402911782127,18.369694548758837,18.403173820833644
ABR,2015-01-23,2.407582601165359,2.3693671226501465,2.3693671226501465,18.68561296269843,20.856765482429825,21.029087922566248,18.43634372329357,18.34396881128533
ABR,2015-01-26,2.400635242462158,2.3693680357778786,2.400635242462158,18.339487721424184,20.913215488725395,21.132770233871337,18.48012442312967,18.319237629573227
ABR,2015-01-27,2.418005508646382,2.376315798484247,2.407582998275757,17.53326469499484,20.738520305064117,21.116772619925996,18.4714641690293,18.260262229120364
ABR,2015-01-28,2.438850258223462,2.393686324671504,2.4214794635772705,17.47187321788107,19.22952350833062,21.0703862534457,18.40975800033892,18.255001359656
ABR,2015-01-29,2.431901454925537,2.404108321946296,2.431901454925537,17.2250268834371,18.972532512576574,21.03752280140664,18.34140473654285,18.24299360795206
ABR,2015-01-30,2.4388510332834215,2.411057885545071,2.414531946182251,17.407547532329765,18.811203060861086,21.04883858802378,18.3584016059115,18.25422118803515
ABR,2015-02-02,2.4388497381703473,2.4145306639834416,2.431901454925537,17.488528020379864,18.792642152382104,21.064012159375345,18.313731855658975,18.265163304082417
ABR,2015-02-03,2.5083329677581787,2.414531046271686,2.5083329677581787,19.445120437188944,19.654107561880874,21.47550502175671,18.67051384181871,18.495927297524684
ABR,2015-02-04,2.5048588352056775,2.463169130354637,2.490962266921997,19.350028849217352,19.652080461518786,21.39504661690467,18.665174374598195,18.509981154263418
ABR,2015-02-05,2.5778159990192138,2.480539851694265,2.5743417739868164,20.50438031130472,19.232305705472776,21.974532568708458,19.046506836066996,18.79162217677519
ABR,2015-02-06,2.5673942972814676,2.5187562911476165,2.5361270904541016,21.049674236493495,19.12761732475202,22.11697058711632,19.133734012107034,18.735194699729117
ABR,2015-02-09,2.5465489098362104,2.487488403224426,2.501384973526001,21.326079587804845,19.350938520751424,22.236314905806925,19.19062048636485,18.78952266015012
ABR,2015-02-10,2.5361270904541016,2.4840148581948656,2.5361270904541016,21.514982094097903,19.532808248865365,22.293490416505037,19.25658576330159,18.83594571153799
ABR,2015-02-11,2.5708677768707275,2.4909624214524424,2.5708677768707275,21.631447632406196,19.6642571747469,22.262975454638827,19.318162624630347,18.849691263766758
ABR,2015-02-12,2.5708680051797006,2.54307486441995,2.5673937797546387,21.649519192507384,19.663888948296496,20.94747866577564,19.309434281041433,18.849133675948266
ABR,2015-02-13,2.57086772426515,2.4631692327590637,2.4770658016204834,24.30543885942262,20.83491556868143,20.54995298602944,19.6467092057502,19.195288395102573
ABR,2015-02-17,2.56044581413589,2.50138529981994,2.5257043838500977,24.765532559745886,21.172467687574606,20.72295075783391,19.773289652453986,19.289244639509803
ABR,2015-02-18,2.5500232705030195,2.5048593317971712,2.5152816772460938,23.754759595819593,21.10133609530215,20.737983482075812,19.779095670575682,19.114139656539315
ABR,2015-02-19,2.539600297745089,2.4701174551822245,2.4805397987365723,24.141345293974204,21.22747235442655,20.688750875855707,19.843617006609524,19.06353385649893
ABR,2015-02-20,2.5083328944465166,2.4666431895954766,2.490962266921997,23.668970190420236,21.237307990443664,20.65505588691924,19.82449112494216,18.987179517886364
ABR,2015-02-23,2.5015769978052167,2.38835138970262,2.490962028503418,23.09952602339409,21.238206553548675,20.65211126713912,19.82208416067104,18.984271167916624
ABR,2015-02-24,2.536960134437945,2.4732706513753926,2.533421754837036,23.506624648830336,21.47586567809264,20.79344300077029,19.920961959809265,19.04495757526022
ABR,2015-02-25,2.5688051780302117,2.5369604327543716,2.5475752353668213,23.333588955627153,21.17500593513196,20.724958149097105,19.91257595984652,19.050137079076265
ABR,2015-02-26,2.5652659253818895,2.533421190938733,2.5404977798461914,22.75251112733249,21.189045190639085,20.714807576454948,19.9159057003399,19.05196366158519
ABR,2015-02-27,2.5511133058818434,2.5334217453817796,2.5369601249694824,22.54623401106718,21.19416073118835,20.67190170777104,19.915910107649225,19.048895633911094
ABR,2015-03-02,2.56526694758232,2.529883988945725,2.554651975631714,22.417411580896257,21.22678855569111,20.690026689315314,19.912490689134835,19.05232269897706
ABR,2015-03-03,2.561728567359033,2.540498792177076,2.554651975631714,22.25475506556334,20.75726043546722,20.679651648270042,19.912162245654415,19.050843249106094
ABR,2015-03-04,2.561728567359033,2.5369605806730444,2.554651975631714,22.140834189273075,20.74879880765412,20.642863775866434,19.851767545091867,19.047856387184165
ABR,2015-03-05,2.5617274504281764,2.529882885899319,2.551112651824951,22.03767605375652,20.536072861176276,20.581667296251965,19.832702930570907,19.045712085803434
ABR,2015-03-06,2.536959874586767,2.476808777286172,2.480347156524658,23.599119778695794,21.1535363415501,21.059197966999722,20.10909176959347,19.229911582317854
ABR,2015-03-09,2.498038546559463,2.4732703980476862,2.480347156524658,23.216446840872415,20.915211400291444,21.05580110547684,20.098925101344147,19.196364826400156
ABR,2015-03-10,2.494500594873698,2.4661940641863027,2.4732706546783447,22.984175558359986,20.616723027144452,21.06492262030212,20.06596157460884,19.183537080234082
ABR,2015-03-11,2.476809602200812,2.4626564179714916,2.4661946296691895,23.003429097105073,20.278000425097446,20.90922819160018,20.045452622342964,19.14702529442966
ABR,2015-03-12,2.494501156459439,2.4626564077164437,2.4697329998016357,22.956612947463437,20.2299253976245,20.832257000423898,19.939714483112304,19.146996817826345
ABR,2015-03-13,2.480347156524658,2.459117218532159,2.480347156524658,22.95652689419161,20.135842410704825,20.772685668587368,19.945183797486223,19.14003335081411
ABR,2015-03-16,2.4874240043816553,2.4732706546783447,2.4732706546783447,22.862639639354633,20.15121996706699,20.682759298014194,19.92461781894266,19.130111082230965
ABR,2015-03-17,2.4732712217838495,2.459118037554529,2.4661946296691895,22.804699538258046,20.167241676011034,20.691767098712994,19.448342517755478,19.131267286106375
ABR,2015-03-18,2.4945007260723666,2.4661941938961847,2.48742413520813,21.06163077721758,20.214647426555377,20.670075677127954,19.22989695745628,19.145582981230042
ABR,2015-03-19,2.4874240043816553,2.4697324437919366,2.4732706546783447,21.03048050692565,20.156052506012443,20.669842248021755,19.2261881413535,19.14920241216944
ABR,2015-03-20,2.4874240043816553,2.4626558532998946,2.4732706546783447,18.535968242806483,19.667882641463315,20.54127122147297,19.220397979823307,19.14758325952025
ABR,2015-03-23,2.498038805760106,2.4697324437919366,2.4732706546783447,18.082253655648124,19.63894467629794,20.5380230032732,19.169757926962625,18.88088308797553
ABR,2015-03-24,2.487424564374247,2.4697329998016357,2.4697329998016357,17.662598811424015,19.540116331459856,20.483429853775878,19.16974692902512,18.647817392139025
ABR,2015-03-25,2.487424666039847,2.459118127822876,2.459118127822876,17.168633495892553,19.55340119252344,20.39510307571621,19.173852698911688,18.622093767781863
ABR,2015-03-26,2.480347972289055,2.4626564077164437,2.4697329998016357,16.684655246128788,19.46700114914315,19.478809945404553,19.178418126548678,18.625041394510454
ABR,2015-03-27,2.494501156459439,2.459118027314216,2.4697329998016357,16.689155809264136,19.43901675563854,19.323320350635342,19.177254699619066,18.543385368364373
ABR,2015-03-30,2.5015771853657403,2.4661940641863027,2.4732706546783447,13.098941501877121,19.40962217764074,19.18894520127237,19.17642709968454,18.5355481620676
ABR,2015-03-31,2.494501156459439,2.466194619399408,2.4697329998016357,11.72413098248916,19.34308388994172,19.16052375863247,19.166837455257628,18.4924493674341
ABR,2015-04-01,2.5086545944213867,2.4626566568545623,2.5086545944213867,12.595641058412474,18.873551170581155,19.252030458282128,19.23032549226956,18.50270619372088
ABR,2015-04-02,2.5086545375917733,2.476809786348552,2.4945013523101807,12.022919229120182,18.91181861621888,19.221727697653137,19.24269554770092,18.49725531364946
ABR,2015-04-06,2.4980389371448677,2.4838857554163942,2.48742413520813,11.992070548475272,18.60373778034429,18.263953596439624,19.246574238253686,18.379849273554242
ABR,2015-04-07,2.498038734145425,2.462655782699585,2.462655782699585,12.334491874584485,18.383306100358425,18.06816082315554,19.28579028602629,18.390046276813127
ABR,2015-04-08,2.476809034283979,2.4626558532998946,2.4732706546783447,11.297301304338557,18.377754873362058,18.072238469424857,18.93363086355234,18.382186406547138
ABR,2015-04-09,2.4732706546783447,2.4591174736942603,2.4732706546783447,11.138514434271885,18.28211796857459,18.072238469424857,18.899247080755124,18.18435197320173
ABR,2015-04-10,2.4803475219683655,2.444964399247142,2.448502779006958,11.436519326576182,18.09099792050935,18.11435989698152,18.90348951271751,18.20067556666464
ABR,2015-04-13,2.466194720197301,2.4414267312464486,2.459118127822876,11.548975554023636,17.919088953843403,18.124378342636277,18.910229506341743,18.092522730641967
ABR,2015-04-14,2.4626561105029814,2.452041139296663,2.4555795192718506,11.29796130645651,17.851277675312335,17.97030272435764,18.892715033522624,18.092984786930366
ABR,2015-04-15,2.4626558809376307,2.452040910720825,2.452040910720825,11.291066535992302,17.70510851975124,17.960922452540753,18.818869669142714,17.99157772546966
ABR,2015-04-16,2.4626558809376307,2.452040910720825,2.452040910720825,11.291066535992302,17.659233551268912,17.90134366544215,18.81548184189343,17.989756178193506
ABR,2015-04-17,2.4555792903661695,2.444964320149364,2.452040910720825,11.298001940974792,17.611367400897006,17.839423975739006,18.809364655347604,17.908378615356753
ABR,2015-04-20,2.466194091863747,2.452040910720825,2.452040910720825,7.939859711131985,17.496089766435862,17.838871309847352,18.802060195067867,17.900030483008962
ABR,2015-04-21,2.4697324715090914,2.441426109223247,2.452040910720825,7.939859711131985,17.270025404829845,17.83829133308257,18.782030968618447,17.884599711216858
ABR,2015-04-22,2.4626561105029814,2.452041139296663,2.4555795192718506,7.921178458216774,17.072607175419723,17.8276060382556,18.7789540680307,17.87164870928013
ABR,2015-04-23,2.4591177305277943,2.4555795192718506,2.4555795192718506,7.882076163996055,17.06471087611525,17.576695193802735,18.777903171971353,17.86976597691577
ABR,2015-04-24,2.476808547973633,2.441425602460705,2.476808547973633,8.271494572203816,17.113401005920988,17.625894509517508,18.803765861803807,17.88931372982507
ABR,2015-04-27,2.476809693118574,2.452041535448451,2.459118127822876,8.431727028397376,17.162471464404863,17.664793092352376,18.794826807095287,17.904013176877022
ABR,2015-04-28,2.466194171648336,2.44142618820656,2.448502779006958,8.481246474367104,17.12029378257401,17.674250328650004,18.791678645116747,17.899904553627543
ABR,2015-04-29,2.455579369807356,2.4308112176463466,2.448502779006958,8.447573651358177,17.05918894987961,17.36496645073339,18.732177556750486,17.899904553627543
ABR,2015-04-30,2.4626557475719935,2.4237344171771364,2.4272727966308594,8.36550584359074,15.894004818005355,17.411900592298014,18.698140317759982,17.917710583038097
ABR,2015-05-01,2.547574674863808,2.476808777286172,2.480347156524658,10.465191842215194,16.47104618535812,17.603744795060848,18.821090093783713,18.044490314636402
ABR,2015-05-04,2.5440362288077916,2.4697319588710474,2.476808547973633,10.474496863461168,14.96769982787239,17.430243523063176,18.818411489563875,17.905802233346265
ABR,2015-05-05,2.4945012584142723,2.455579915995299,2.459118127822876,10.681312959120696,14.732893487598309,17.290518161379463,18.83851904655539,17.90020956919756
ABR,2015-05-06,2.4838858841963742,2.452041139296663,2.4555795192718506,10.681400337330425,14.472523414878102,17.079915541306754,18.83323665117135,17.891321836695866
ABR,2015-05-07,2.473271013366413,2.4414264358935505,2.444964647293091,10.682235777115272,14.192188645165437,16.829827425832956,18.840875115799058,17.89671649270884
ABR,2015-05-08,2.4838856247760215,2.441426081823767,2.4732706546783447,11.14011603301554,14.108825188591235,16.890837270256494,18.88744169619428,17.91723486638473
ABR,2015-05-11,2.483885833450431,2.4378879070281982,2.4378879070281982,11.902209633150026,14.387782527719128,16.990952079677353,18.948569619943108,17.968958167404697
ABR,2015-05-12,2.4555796313962066,2.3848135471343994,2.3848135471343994,13.42500269526298,13.182998098525465,17.362898511386035,19.12886888570831,18.051385639638795
ABR,2015-05-13,2.428239535799918,2.370338201522827,2.370338201522827,13.499196904500426,12.54514510675605,17.391175877099922,19.14247691080175,18.006315891769102
ABR,2015-05-14,2.4282395721434695,2.37757590389273,2.413764238357544,13.791436372826013,13.12970238558789,17.610700163296773,19.259742361694602,18.095601109458855
ABR,2015-05-15,2.4571898277214346,2.421001499324272,2.453571081161499,14.635077999422725,13.292004631281918,17.727968746935012,19.35299942297638,18.122929700779313
ABR,2015-05-18,2.511473377861645,2.4463343615554733,2.5006167888641357,15.669778392550615,13.835039807281,17.632267180895784,19.47969182512005,18.219618112395107
ABR,2015-05-19,2.536804597512002,2.500616092635759,2.522329092025757,15.548470571467787,13.946320034441918,17.66012866447309,19.50247457545844,18.220180376439078
ABR,2015-05-20,2.551279306411743,2.5150908103869796,2.551279306411743,15.821880287968416,13.709022077951257,17.67342198258305,19.546581622648674,18.244467331870272
ABR,2015-05-21,2.5693733818645876,2.540422723092407,2.551279306411743,15.821880287968416,13.661816244228126,17.663059788030782,19.533091155055114,18.244161114592753
ABR,2015-05-22,2.5621361456387604,2.5331854820251465,2.5331854820251465,15.664479350279436,13.728578718756795,17.642814033410986,19.513501120612915,18.246569043504053
ABR,2015-05-26,2.5621359273105835,2.5259476008772945,2.554898262023926,15.786042871787709,13.837368631291614,17.667307712838912,19.512626856073616,18.26497876462605
ABR,2015-05-27,2.598324089381101,2.551279354273521,2.59470534324646,16.285620192395772,14.123825192239206,17.799639232904646,19.579265554592443,18.326218089348338
ABR,2015-05-28,2.6091806729041065,2.583848759723455,2.59470534324646,16.265739777354828,14.123825192239206,17.755753461875955,19.570696656900047,18.318624157278432
ABR,2015-05-29,2.609182095179418,2.56575608253479,2.56575608253479,16.698029815770568,14.318450617609296,17.395063768555335,19.53718395068556,18.25453120336067
ABR,2015-06-01,2.5910878369643386,2.5621371618679203,2.56575608253479,16.698029815770568,14.31523669696579,17.39246778396869,19.465357892944688,18.24940698073452
ABR,2015-06-02,2.5729937513088945,2.554899493093816,2.56575608253479,16.698029815770568,13.05117240464409,17.191094304249134,19.45081928186429,18.248724022659722
ABR,2015-06-03,2.558518126268558,2.533186202125838,2.54042387008667,17.02057124265896,13.2267268903763,17.04526121140942,19.48878197675123,18.27257164603456
ABR,2015-06-04,2.55489918629342,2.5114731788635254,2.5114731788635254,17.40973735338128,13.43312873321653,17.133635424010407,19.538730208164885,18.29015966740404
ABR,2015-06-05,2.5295669919009036,2.496997576090405,2.51509165763855,17.40934679496909,13.419379029532887,17.073326427881902,19.516983372730603,18.28873999236525
ABR,2015-06-08,2.5078535233681807,2.4825217794074166,2.4897594451904297,17.52522811527842,13.58664527919609,16.95295581521067,19.48796338926175,18.31752819244629
ABR,2015-06-09,2.4897596772608583,2.478903091294615,2.4825220108032227,17.41333104168839,13.572739578675428,16.83987735667764,18.643762660574748,18.3064791059678
ABR,2015-06-10,2.5006170162753723,2.471666339728684,2.4789040088653564,17.366677795021225,13.563123318879386,16.797879176904708,17.89438226981659,18.307154951810194
ABR,2015-06-11,2.533185678000546,2.4969973456838828,2.522329092025757,18.046970835672578,14.004714702326437,16.91957172638762,17.978384843416567,18.387601101151304
ABR,2015-06-12,2.5368044012566315,2.4897594866047257,2.5331854820251465,17.83195540580214,13.925011338789032,16.900100546151204,17.98388382724506,18.378050736571424
ABR,2015-06-15,2.547661287806279,2.522329366151759,2.5259482860565186,16.80345731913297,13.884710739334352,16.877983091582536,17.875454948824213,18.380271818720118
ABR,2015-06-16,2.53318521292157,2.50061563353638,2.504234552383423,17.007824158277007,14.00623997603285,16.870669064152363,17.8806727479288,18.35629384278902
ABR,2015-06-17,2.504235262018878,2.47166567340431,2.496997594833374,16.88796894127033,14.020620530863306,16.739507083229682,17.88364414055705,18.344215045644198
ABR,2015-06-18,2.5223288830656587,2.4789028878832506,2.518710136413574,17.039583047420955,14.12382064163321,16.669065929190513,17.8981311024549,18.355452265939725
ABR,2015-06-19,2.525948227368913,2.475284557796586,2.4933786392211914,17.27275681759836,14.254553104793477,16.74875335222322,17.895317030250716,18.376599499357983
ABR,2015-06-22,2.5078535233681807,2.4789028602361283,2.4897594451904297,16.970670277714685,14.233054572677839,16.728614699367238,17.886904477578458,18.349274297174386
ABR,2015-06-23,2.50423522612363,2.478903305057669,2.4933786392211914,16.39528312670242,14.235580764041691,16.7173243419587,17.861315968495038,18.330863688655583
ABR,2015-06-24,2.5042352087252753,2.4644279537723564,2.471665620803833,15.202411155161766,14.349077589004203,16.737017949368443,17.89287520798157,18.27068987519025
ABR,2015-06-25,2.482521721475961,2.4644274711608887,2.4644274711608887,15.09824220839511,14.358721748345458,16.707278019290072,17.892607335657534,18.27342340594928
ABR,2015-06-26,2.471665173353905,2.4427145104689876,2.4680464267730713,14.22883393346995,13.98697413092727,15.962179022420987,17.864053183828723,18.254586236633006
ABR,2015-06-29,2.4571904664048665,2.3775761232374086,2.3920514583587646,16.241116443764156,15.329217972124596,16.676612073120133,18.220712370153954,18.161175144524222
ABR,2015-06-30,2.449952154905107,2.381194244871014,2.446333408355713,16.632901549546716,16.037468379889063,16.219984185167164,18.382107204021096,18.110394020949407
ABR,2015-07-01,2.4608087396724105,2.431857904479455,2.446333408355713,16.396432215288193,15.908770358012447,16.053839653279358,18.380602818215692,18.096886256012525
ABR,2015-07-02,2.449952300814634,2.4065263042782603,2.4173827171325684,16.252202705700157,16.062747427198605,16.01636828491854,18.43888290151076,18.132348232623187
ABR,2015-07-06,2.439096242740778,2.4065268245766758,2.4354774951934814,16.46616351133958,16.14280839793342,15.905225255163236,18.36038410641734,18.109941844532642
ABR,2015-07-07,2.475284055861844,2.4282391430903036,2.4644274711608887,16.82031995040479,16.19773242303887,15.867609931537444,18.355719605542255,18.146497823888346
ABR,2015-07-08,2.475284753571393,2.4318585750865767,2.4354774951934814,16.860695017972358,16.35526536277327,15.969836752558992,18.3775890031609,18.183858745977467
ABR,2015-07-09,2.446333831630363,2.4065265773420514,2.42100191116333,16.103743705907632,16.39656337807711,14.961996722334606,18.325423604690794,18.19356648555294
ABR,2015-07-10,2.4427144381458357,2.413763776118081,2.428239107131958,16.164069077144628,16.407755451494232,14.635658043394677,18.3274454663811,18.19497848052487
ABR,2015-07-13,2.486140727996826,2.4499523961417675,2.486140727996826,17.562763450827834,17.113304461318414,15.108352504748753,18.49183060696982,18.3435595696971
ABR,2015-07-14,2.511473377861645,2.4789037834287453,2.5006167888641357,17.67320795570755,17.151289909841026,14.973783445329754,18.4838527992629,18.343611654998295
ABR,2015-07-15,2.507854461669922,2.482522708231403,2.507854461669922,17.70521115447766,17.15916247327558,14.9661026994982,18.409748485762606,18.32977335532369
ABR,2015-07-16,2.5042352087252753,2.4644279537723564,2.471665620803833,17.961262012441,17.429176804199273,15.144582889402217,18.495160302420267,18.389204407029975
ABR,2015-07-17,2.486140727996826,2.460808981978074,2.486140727996826,17.777453316445236,17.466542071116734,14.929156276565875,18.46738931856683,18.397557343572384
ABR,2015-07-20,2.496997110973443,2.4644275286701016,2.4897594451904297,17.777582043627273,17.46835230180389,14.90301005360372,18.406590764100418,18.39755736426375
ABR,2015-07-21,2.4789032878353097,2.4499526197094026,2.471665620803833,17.66077740327541,17.44659440478336,14.939845287771467,17.858909609198395,18.14494500563884
ABR,2015-07-22,2.478902839075134,2.4318579256073622,2.4680464267730713,17.64676369333806,17.386043720012808,14.939986645485956,17.769944554878204,18.11973376990529
ABR,2015-07-23,2.4608089065570553,2.413763990307564,2.4390957355499268,17.96279173564674,17.533417017735186,15.005517556275064,17.75274464989902,18.13297461829032
ABR,2015-07-24,2.4354772449846087,2.4101453245175755,2.42100191116333,17.23840667521638,17.59853537472504,15.046169566688198,17.760704200804405,18.148365309783177
ABR,2015-07-27,2.4318580425344614,2.399288631502728,2.4101450443267822,17.175671412060158,17.532463524382877,15.058994951407762,17.744765797416722,18.14066392996157
ABR,2015-07-28,2.435476948151866,2.3920509519807336,2.39566969871521,17.21930656740293,16.97441133913301,15.083275244332148,17.719293385517894,18.096267700011598
ABR,2015-07-29,2.4282395480472982,2.381194627430087,2.4246206283569336,17.540382696308306,17.16807315113606,14.557097767261103,17.18439784889733,18.133485047200434
ABR,2015-07-30,2.4427144527435303,2.413763790542766,2.4427144527435303,17.702111210429933,17.181387570994154,14.607808771377062,17.04176244502423,18.143636878711213
ABR,2015-07-31,2.5078539922491343,2.413764319478486,2.4752845764160156,17.961614432854997,17.395154395112446,14.754844181768634,17.108646273104974,18.185768167733134
ABR,2015-08-03,2.478902839075134,2.4427145104689876,2.4680464267730713,17.7499313315052,17.382138064168355,14.75516163412115,17.11264084739506,18.173795380917486
ABR,2015-08-04,2.475284033999169,2.4210014560929567,2.4427144527435303,17.982603974418947,17.348735513756576,14.843894932650942,17.13753084428147,18.201672850911244
ABR,2015-08-05,2.460809159441597,2.4029076517383046,2.413764238357544,18.2632510532071,17.26908332332688,14.944351253715974,17.19550269099903,18.24111125430364
ABR,2015-08-06,2.4065262865142834,2.363100290298462,2.363100290298462,19.058009391788847,17.2266844527921,15.30490573525495,17.29251124380546,18.365488022937548
ABR,2015-08-07,2.3739569125853723,2.3450062458864607,2.3667192459106445,19.072688754749958,17.18526555298086,15.303197091934392,17.285563083829985,18.345466795018748
ABR,2015-08-10,2.388431772358572,2.370337695539223,2.3739564418792725,19.098554581222725,16.776728569791338,15.245708306600731,17.257620748345314,18.339064047388312
ABR,2015-08-11,2.384814258564653,2.3631012516237466,2.3775765895843506,16.85903640545385,16.420177239789894,15.225650564709062,17.225697423573816,18.29488479141734
ABR,2015-08-12,2.422016021832965,2.3627618633951477,2.4072024822235107,15.910792764690163,16.138079559647313,15.360132814023194,17.28618165905162,18.290757304929095
ABR,2015-08-13,2.433125851108327,2.3701682301777645,2.429422378540039,16.158689462350647,16.151792373371368,15.433334535460904,17.318482951857387,18.276974230843347
ABR,2015-08-14,2.4368291470853234,2.4034986003358982,2.429422378540039,15.77515676525156,15.956665983359288,15.432050281102786,17.311157662348972,18.274480874129825
ABR,2015-08-17,2.4664567094744685,2.42201608940623,2.447939872741699,15.780662653378583,16.048860203736858,15.466326005727863,17.18844324141029,18.289267058623302
ABR,2015-08-18,2.4479404096574147,2.4183133231137055,2.4220166206359863,15.682709956873733,16.125346281548612,15.541187396647638,17.23475965461463,18.316207678779666
ABR,2015-08-19,2.451643048178926,2.4183126730721285,2.4442362785339355,15.553009695522837,16.14049251181631,15.611560367795876,17.267492776885195,18.338499740058232
ABR,2015-08-20,2.4368304651306887,2.396093127801759,2.4146101474761963,15.866564907047978,15.948984499316285,15.726884084075712,17.325240537573993,18.37922320974977
ABR,2015-08-21,2.414609252028238,2.370168633199875,2.4072024822235107,15.861746031050975,15.951549588629415,15.732205742502128,17.15874909262877,18.368046507597686
ABR,2015-08-24,2.370169228827162,2.233143864709357,2.236847162246704,25.285427436301877,21.674471826864465,19.3708165540979,19.228829733736262,19.781903741613892
ABR,2015-08-25,2.3331350622293696,2.2590671787636802,2.27388072013855,25.807467128567364,22.00714917490858,19.556126520286394,19.268416093120273,19.851985595317753
ABR,2015-08-26,2.3257280570825656,2.2812872608467436,2.3220245838165283,26.69165503207752,22.50230112788546,19.85920069075002,19.3486448510302,19.96221230589983
ABR,2015-08-27,2.3886867978285875,2.314619058590267,2.3331360816955566,26.52541401430445,22.473464207058708,19.82122414391299,19.258549592714154,19.965951556094517
ABR,2015-08-28,2.3590583744156084,2.3183212290577915,2.3294312953948975,26.423702562867778,22.375893694208134,19.806652434878927,19.160411731531994,19.966063468178735
ABR,2015-08-31,2.3775755739253537,2.329431478437951,2.3664653301239014,26.915692691483343,22.64084576894679,19.976342791673147,19.113760192631297,20.026812070985255
ABR,2015-09-01,2.373872823615178,2.3331356626465176,2.336838960647583,27.055153685806726,22.689004704828356,20.011428187182677,19.159301118333445,20.066218667184142
ABR,2015-09-02,2.370169951314717,2.3294326064379307,2.3331360816955566,27.05501972454229,22.686003044999044,19.997387598687517,19.13064250053761,20.058754535625138
ABR,2015-09-03,2.35535496092862,2.336837949164084,2.3442447185516357,26.95240516740997,22.716704809915964,20.014319940093138,19.138763697801465,20.038987764630605
ABR,2015-09-04,2.340541596964065,2.29980427399428,2.3220245838165283,27.00011600431039,22.458595419610404,20.065426371927455,19.171543536110885,20.042464986985557
ABR,2015-09-08,2.35535496092862,2.3257278833784114,2.3442447185516357,27.16529539952475,22.540435953376875,20.128864728408583,19.19739253926305,20.057154781087352
ABR,2015-09-09,2.359059224017921,2.2961015701293945,2.2961015701293945,27.73486738163368,22.889094413037938,20.384970492615295,19.325252816776203,20.15952181578661
ABR,2015-09-10,2.3146185894818023,2.2886947977067083,2.2961015701293945,27.4465336845246,22.8439637142405,20.384970492615295,19.141586934214192,20.106283029787733
ABR,2015-09-11,2.3109140374020076,2.284990434306401,2.2998039722442627,27.327619599718076,22.850425194800778,20.38789675733936,19.135979891697417,20.05287185095339
ABR,2015-09-14,2.366465026714292,2.3072108716138753,2.3442447185516357,27.664829990290567,23.14596631582835,20.62608932798268,19.24224531358538,20.13616105034531
ABR,2015-09-15,2.347949629543221,2.3331360816955566,2.3331360816955566,27.676246253079505,23.08381357854266,20.6371490826948,19.24727287222699,20.14128142875093
ABR,2015-09-16,2.355355321700031,2.3368383070992307,2.3479485511779785,27.65544732254948,23.1338671664626,20.614669552493268,19.22231205385119,20.150614930210946
ABR,2015-09-17,2.35535496092862,2.336837949164084,2.3442447185516357,27.472705432516285,23.128608002316575,20.587963499681376,19.21035355267808,20.137544276812278
ABR,2015-09-18,2.4109058380126953,2.3257279011107572,2.4109058380126953,28.0227920181815,23.822510410236497,21.069453147276963,19.488139954058845,20.2851292437551
ABR,2015-09-21,2.4368298649506603,2.4034993083823917,2.4183130264282227,28.030446031179245,23.827160538723582,21.075653426356418,19.463908618396783,19.70525704729398
ABR,2015-09-22,2.4442370565546296,2.39979642453887,2.42572021484375,28.030482536944113,23.83447246790983,21.03639563838157,19.22176136749586,19.209170688491994
ABR,2015-09-23,2.451643048178926,2.4220159695989647,2.4442362785339355,28.10096122818703,22.99248222982599,20.785520757520693,19.2421597426992,19.203671862345587
ABR,2015-09-24,2.4442359156306077,2.407202072904186,2.429422378540039,27.95567442979961,22.56156578197574,20.805923800647815,19.149154970432154,19.21403020542029
ABR,2015-09-25,2.436829615638188,2.370168685913086,2.370168685913086,28.734024089138554,23.116842174197025,21.138781386749066,19.26603328897042,19.30362805520781
ABR,2015-09-28,2.3849827067966154,2.3072115181386876,2.3405420780181885,28.933291263567178,23.13141172947887,21.226922294713617,19.316033340883905,19.325269944109312
ABR,2015-09-29,2.3701688035881636,2.329431478437951,2.3664653301239014,29.040882266971835,23.195335523257505,21.295721655285107,19.3349245062469,19.355439348882964
ABR,2015-09-30,2.381278870639113,2.3257281814095676,2.3553552627563477,28.922494085132694,23.06804902206648,21.22174434941156,19.24944430376672,19.352649227415903
ABR,2015-10-01,2.370168685913086,2.32202459281596,2.370168685913086,28.84775279451616,22.995271966829666,21.130150773501853,19.200357950040154,19.33343331540086
ABR,2015-10-02,2.3923888078663804,2.318321113990859,2.3442447185516357,28.809541106890435,23.069846150649415,20.91307489251336,19.2250613345513,19.36005199306973
ABR,2015-10-05,2.4072031377212624,2.347948963148131,2.3960928916931152,29.550408581785252,23.51361845554391,21.181125746023486,19.35072151819785,19.46604297777456
ABR,2015-10-06,2.39979696786816,2.344246076975699,2.381279945373535,19.928778155294136,23.013440827182016,21.005052478569976,19.3524791772458,19.47471535251828
ABR,2015-10-07,2.407203683589285,2.370169816083117,2.3775765895843506,19.481183092000883,22.973722618056154,20.83886190970987,19.34101896593908,19.472805016502253
ABR,2015-10-08,2.4072018797127344,2.3738713356382726,2.392388343811035,18.652134351740806,23.006807671855302,20.63519834916189,19.31728704590628,19.461889580749762
ABR,2015-10-09,2.4072024776311616,2.370168628678177,2.388685464859009,18.630832952447165,22.828559607496924,20.584312060401892,19.255318431115658,19.44042700166406
ABR,2015-10-12,2.3997963658996206,2.381279348049832,2.3960928916931152,18.628453497960685,22.80257654279136,20.503528791656894,19.196022792735004,19.42646077137689
ABR,2015-10-13,2.388686661540496,2.362763042581883,2.3775765895843506,18.244774752991013,22.844985297558843,20.534445189527744,19.21470657315518,19.442277517549815
ABR,2015-10-14,2.392388813536565,2.3516514935128217,2.3627617359161377,17.94953845245614,22.833254741359283,20.528015659769945,19.215978299485354,19.452740737011908
ABR,2015-10-15,2.384983420509026,2.3516528506552663,2.381279945373535,18.066759696795952,22.89984079145423,20.520007941059582,19.231867417936073,19.403842533300843
ABR,2015-10-16,2.388685340538356,2.3627617359161377,2.3627617359161377,18.18715329032473,22.830928394454304,20.3854450671647,19.235313921398543,19.383104948968423
ABR,2015-10-19,2.381278752571607,2.36276191594363,2.370168685913086,17.963895662830968,22.796948416322046,20.395157745616306,19.21970126946604,19.36178857547429
ABR,2015-10-20,2.3738720417022705,2.3516517312407044,2.3738720417022705,17.770609998870817,22.78374431264475,20.331442766805193,18.861717391673448,19.314421447320793
ABR,2015-10-21,2.392388938049968,2.3627618588875805,2.388685464859009,16.663478098373947,22.789460484986716,20.361457095534046,18.86078610857042,19.323259705690504
ABR,2015-10-22,2.4072018797127344,2.377574807909336,2.392388343811035,16.65888122667596,22.653421007556904,20.364326369414602,18.44502354197772,19.29573792214053
ABR,2015-10-23,2.392388938049968,2.370168628678177,2.388685464859009,16.680058783293468,22.598459316736967,20.311110544200105,18.36418824843942,19.28264620660021
ABR,2015-10-26,2.410906611927768,2.388686119871474,2.3960928916931152,15.81153117895791,22.432339132049073,20.244601873829605,18.29851751108457,19.235262816607744
ABR,2015-10-27,2.3960930170593526,2.322025294967634,2.3516523838043213,16.72438433294342,22.735538948478,20.44813905140371,18.351837997818087,19.327884954601135
ABR,2015-10-28,2.3738720417022705,2.31832135384402,2.3738720417022705,16.84462539266191,22.742369002318664,20.453359429198127,18.313329813180378,19.321881352974895
ABR,2015-10-29,2.3775761748321127,2.333135541577081,2.3516523838043213,17.074256255035493,22.69403957753829,20.49895287603201,18.343715026985176,19.306532934212033
ABR,2015-10-30,2.3701689806307695,2.3146181106567383,2.3146181106567383,15.502397802352844,22.510872008344897,20.642585578634666,17.950541547133504,18.980019737861863
ABR,2015-11-02,2.3590591560134935,2.322025294967634,2.3516523838043213,16.24655103709147,22.7525437473928,20.610694062636174,17.899918348528328,18.988537159814218
ABR,2015-11-03,2.381278752571607,2.3442449027243275,2.370168685913086,16.407048468278983,22.8020734217368,20.640258369160918,17.920794375636202,18.955280415602317
ABR,2015-11-04,2.3886867190531023,2.3701698731498912,2.381279945373535,16.29876130193827,22.820380501274197,20.65452747061451,17.857355581296215,18.950252353820595
ABR,2015-11-05,2.3886857007535967,2.3479485511779785,2.3479485511779785,16.682523949036902,22.853145165534112,20.726757036822107,17.924620359113057,18.98825916437649
ABR,2015-11-06,2.4442359156306077,2.3701682301777645,2.429422378540039,18.11191378209484,23.849568557818948,21.44456874946654,18.38199842138026,19.261007460368067
ABR,2015-11-09,2.5294141755598902,2.436829468246036,2.5183041095733643,20.315780329493915,24.960549257422866,22.158925701754523,18.764299112879915,19.211047088781946
ABR,2015-11-10,2.547931187659187,2.484973558431156,2.5183041095733643,20.162036070945444,24.918141064103327,22.09959161354314,18.75244840348877,19.10726921032391
ABR,2015-11-11,2.5442280149687764,2.4997873925934795,2.522007703781128,20.060802495361152,24.810714334800238,22.09923626965667,18.750521069739438,19.10522119866356
ABR,2015-11-12,2.5294141755598902,2.4923803279526116,2.5183041095733643,20.052413906636318,24.75141120341575,22.099648875769304,18.75060054765768,19.105955009344733
ABR,2015-11-13,2.52941453065968,2.4923806778532875,2.496083974838257,19.94119250322372,24.68776566925871,22.100840461632572,18.760945937327914,19.11479606450872
ABR,2015-11-16,2.5528989069876307,2.484720660603596,2.530172824859619,19.3617081372524,24.818506700609323,22.198196093557794,18.83077930938254,19.16112407118347
ABR,2015-11-17,2.5566876250494746,2.5188108074672204,2.533961534500122,19.21272850667096,19.40744069882851,22.198236459214115,18.83167139209749,19.103927580627637
ABR,2015-11-18,2.5528989069876307,2.5263852348103737,2.530172824859619,19.211749982098,19.18803252229987,21.617000932011713,18.83178606245326,19.100244849986144
ABR,2015-11-19,2.560475695268183,2.5301740570629874,2.549112558364868,19.23846982215855,18.807689436675375,21.36035751938074,18.553303890464164,19.09205140008964
ABR,2015-11-20,2.5642629138886184,2.533961460705264,2.5377490520477295,19.305259376197213,18.83547860813886,21.37431876525889,18.56134838133428,19.075769774310835
ABR,2015-11-23,2.5491118712187553,2.515022650308935,2.52638578414917,19.393376139730872,18.86447817068899,21.298216627902338,18.5660414244341,19.081490534509044
ABR,2015-11-24,2.5604750050589904,2.499871925595878,2.52638578414917,19.191650185015174,18.62491931033871,21.26856173007271,18.562655092508535,19.081148590043963
ABR,2015-11-25,2.5377490520477295,2.511235370817748,2.5377490520477295,19.04111266687768,18.41657437518604,21.199837512880695,18.569181735397734,19.0812499451773
ABR,2015-11-27,2.5718377366493153,2.5377485186772777,2.5680501461029053,19.17761092639455,18.53028059677856,21.188878544928677,18.614571425736123,19.024136224600355
ABR,2015-11-30,2.613502352317047,2.568050181468963,2.605926990509033,19.23105886306116,18.712116611122948,21.280432188997537,18.689202809702845,19.077988960680127
ABR,2015-12-01,2.6324403523497444,2.5983513185876457,2.6097142696380615,19.238230102873636,18.563938773010964,21.277700201939986,18.685922145538306,19.07799268975626
ABR,2015-12-02,2.613502817801407,2.560475275700708,2.564262866973877,20.15768902404628,18.918603132546146,21.15517354896369,18.779059936732516,19.159919366064134
ABR,2015-12-03,2.5718382771844572,2.530173688751891,2.5377490520477295,20.469066536062567,18.513165328711224,21.204279667407775,18.807873081069243,19.077852799207655
ABR,2015-12-04,2.5756256274342215,2.5339610458233395,2.5528993606567383,20.500062270564996,18.5304431938332,21.219927359705498,18.820418010842204,19.081841309839735
ABR,2015-12-07,2.617289906871452,2.549111651538247,2.5680501461029053,20.49674181059745,18.549899766722376,21.107031935181958,18.83265749750995,19.04140643957174
ABR,2015-12-08,2.602139652069631,2.5491121105943555,2.586988925933838,20.546026755477627,18.234907516020023,21.1183133423597,18.850531566007835,18.99184294918429
ABR,2015-12-09,2.5945634427715354,2.5377481479874606,2.5566866397857666,20.013149798362377,18.396441904488558,21.205811447989472,18.896710256230527,18.963109847604866
ABR,2015-12-10,2.5604753225461527,2.518810734113587,2.5377490520477295,20.124052581916686,18.459071665105085,21.207100910142252,18.911988687877425,18.904470345849962
ABR,2015-12-11,2.571837360980074,2.518809836799998,2.5566866397857666,19.86862899707808,18.491521012738694,21.235671305236437,18.931602094451375,18.821389197835845
ABR,2015-12-14,2.583201487662509,2.4771462178212844,2.533961534500122,19.39822049158269,17.75820542322696,21.198705354317312,18.961714450344473,18.8338005830091
ABR,2015-12-15,2.5415360036246644,2.480933116819819,2.4847207069396973,20.07055293061324,18.238460122968664,21.400348088518165,19.104507668094342,18.916576873274174
ABR,2015-12-16,2.605926767008848,2.4922961690234193,2.6021389961242676,23.796366304494605,20.501639683118537,22.592168379115577,19.78516918141145,19.465356770128512
ABR,2015-12-17,2.6097150151375277,2.571838199798045,2.586988925933838,23.93109105328703,20.506555168209125,22.590772451092093,19.785937469854524,19.47525474984103
ABR,2015-12-18,2.7687966889911175,2.5566864291360893,2.7498583793640137,28.756267523707535,23.86468329543048,24.47501068141026,21.05150028501551,20.39343517503875
ABR,2015-12-21,2.704407230093273,2.602139735107714,2.685468912124634,28.597702311171474,23.81770466567952,24.772113919897105,21.209891357789875,20.515936470379582
ABR,2015-12-22,2.7536467896005283,2.6513793091849718,2.7384960651397705,27.34207577145127,23.88319673189668,24.871866380388653,21.325029486839522,20.488525241783325
ABR,2015-12-23,2.7422833954128674,2.681680503327547,2.696831226348877,27.834841623573027,24.09689688045935,24.999470360588564,21.407753698468305,20.54426887814112
ABR,2015-12-24,2.6968315665868046,2.6703178882598877,2.6703178882598877,28.057140681986247,24.18320539815135,24.994580232701036,21.406483526418267,20.549013241797127
ABR,2015-12-28,2.696831226348877,2.6551668283456515,2.696831226348877,28.131256094663865,24.221134770918443,24.94966321746421,21.430598023231962,20.5671262548682
ABR,2015-12-29,2.7195576409742395,2.681680828823518,2.689256191253662,27.977192111311446,24.08906097190196,24.70036071468452,21.432974416198334,20.54624266819407
ABR,2015-12-30,2.7271323204040527,2.674104796673592,2.7271323204040527,27.991958891153008,23.868288201258427,24.782412761533468,21.49090337121083,20.583308785082416
ABR,2015-12-31,2.727133048750837,2.6968315985264106,2.7081947326660156,28.125489038894248,23.88027543391252,24.816613827247913,21.509408240022957,20.59108406835818
ABR,2016-01-04,2.742283344268799,2.6665297305749665,2.742283344268799,28.25741828166289,23.961013230380672,24.880125401878455,21.55575918215292,20.609222750033577
ABR,2016-01-05,2.7839479221058374,2.7157696697813885,2.742283344268799,28.230580335543287,23.952393432940344,24.81889968403381,21.55575918215292,20.450413527491367
ABR,2016-01-06,2.7839479701817584,2.742283391625215,2.7612218856811523,28.181040621576557,23.957226091433935,24.802946507798012,21.568343890147673,20.45954950418319
ABR,2016-01-07,2.7309202756080815,2.689255699554724,2.6930434703826904,29.249745373577074,24.6063543985568,25.150890073229892,21.7807374468616,20.55049309813926
ABR,2016-01-08,2.704406944846844,2.6551671788332025,2.666530132293701,29.452195313926175,24.64620251416777,25.187906490181884,21.815449498217376,20.502554256042842
ABR,2016-01-11,2.6968314587082416,2.590776388421211,2.636228561401367,29.686293662955105,24.7421078240974,25.1973055205377,21.838873738305363,20.531225965380486
ABR,2016-01-12,2.6513787375556097,2.5566866397857666,2.5566866397857666,30.89886009098903,25.585188365645628,25.651261134021723,22.127207331454613,20.74449905018047
ABR,2016-01-13,2.5718385870413503,2.458207943302565,2.4922971725463867,31.41571927603042,26.102796330406175,25.904106695468247,22.329425759402653,20.840462852880933
ABR,2016-01-14,2.515022214473408,2.431693242991916,2.4998714923858643,31.43192153139498,26.102453625484635,25.901908729651623,22.33212379072794,20.801940424643266
ABR,2016-01-15,2.473358348270287,2.4051799036771304,2.4544198513031006,31.46747418679024,26.39777211342238,23.249061612491868,22.41472820545954,20.87107606521618
ABR,2016-01-19,2.4657824673363127,2.3938164468423975,2.4165425300598145,31.629861147530235,26.57475681397396,23.26076397596873,22.342675936981678,20.897689309535096
ABR,2016-01-20,2.412754693957085,2.3029118710718763,2.337001085281372,32.84863019745885,27.452976090242636,23.650273732921562,22.687571009773354,21.156640262731454
ABR,2016-01-21,2.386241720609946,2.3180632722085233,2.3597278594970703,32.9547065441976,27.52904758930385,23.687913231348638,22.703567844725146,21.171222676384673
ABR,2016-01-22,2.424117891132287,2.3673025927833167,2.4165425300598145,33.731049673114256,27.958360790628795,23.982300439147107,22.88022326201313,21.28057668785599
ABR,2016-01-25,2.424118428233434,2.371090888977051,2.371090888977051,33.971367731432174,27.966091150193655,24.048639265361075,22.983962060204437,21.325070701100287
ABR,2016-01-26,2.4127553403139395,2.363515391178333,2.405179977416992,34.27929109794916,28.052701461536945,24.06809464971263,23.006053169431755,21.33257079274615
ABR,2016-01-27,2.424118428233434,2.3370016662925,2.371090888977051,34.34909564063755,28.14167371656225,24.177285013854195,23.004883036227472,21.37829117039141
ABR,2016-01-28,2.4241189735352684,2.367303649817462,2.386242151260376,34.38691703590601,27.96983736016297,24.18647534505483,22.86996797746562,21.38005723151595
ABR,2016-01-29,2.4771454334259033,2.3938164611313084,2.4771454334259033,35.78943247362836,28.809532301948938,24.84497396244833,23.2817547032797,21.701389264294903
ABR,2016-02-01,2.4885093744244235,2.4392694208460557,2.4695708751678467,32.99307061904307,28.783415471147872,24.810818212539985,23.187131536946357,21.691516945897646
ABR,2016-02-02,2.4733591053127966,2.424119142615523,2.431694507598877,33.213815942600014,28.959337018926856,24.709303093044717,23.179174004831808,21.735333307289544
ABR,2016-02-03,2.4582081947351413,2.4051806398516646,2.431694507598877,27.32290082832462,28.802680379965473,24.709303093044717,23.068178621099158,21.51214339352742
ABR,2016-02-04,2.4695702266742705,2.40517956284359,2.420330286026001,26.686281587819867,27.958837052484874,24.72278158937566,23.050496453975,21.506119194355755
ABR,2016-02-05,2.4922966646265805,2.4203306290065227,2.4544198513031006,26.315202896657,27.100657667626493,24.637332973044945,23.070802766407684,21.29638109639066
ABR,2016-02-08,2.4468444730096257,2.386241572079148,2.412755250930786,26.389240156644465,27.315395015664045,24.781761027109518,23.157333983110675,21.31254956082272
ABR,2016-02-09,2.420330428860107,2.367302894592285,2.367302894592285,26.705893739669513,27.56699423852187,24.951797739262098,23.249212229542763,21.35237667157607
ABR,2016-02-10,2.401392354925945,2.2801863695461257,2.3067002296447754,27.1009110168175,28.034643108926087,25.290286932977075,23.42029819464333,21.45993099171846
ABR,2016-02-11,2.3370016357758185,2.276398734559879,2.287761688232422,27.104903964824402,28.027956073613964,24.913508873894276,23.35977775546613,21.42821668475754
ABR,2016-02-12,2.3483643290649434,2.2877614345685697,2.2915492057800293,26.569237928336882,27.861184477194385,24.909331597275237,23.3612949672443,21.429073093641847
ABR,2016-02-16,2.352152602036555,2.2915496946123963,2.34836483001709,27.97633884512655,28.366105546866876,25.218551909234698,23.51630394429211,21.277903122562876
ABR,2016-02-17,2.412754230636054,2.318062147669702,2.3976035118103027,28.51499783402082,28.722606350826744,25.409380290499218,23.65020185927532,21.290405132628003
ABR,2016-02-18,2.4051797204127094,2.3483644144511273,2.3635151386260986,28.62144264490264,28.798691665536246,25.4915156028341,23.70761437434165,21.333588869691695
ABR,2016-02-19,2.3748784800470593,2.3483646201134207,2.371090888977051,28.508785308046658,28.805084646219598,25.19425640483197,23.684682824246554,21.292153811103127
ABR,2016-02-22,2.4203307032108867,2.3710909346861784,2.405179977416992,28.39596584647718,28.967908907234698,25.213507907802168,23.710954250592724,21.33675866591936
ABR,2016-02-23,2.420330613547096,2.390029163081857,2.412755250930786,28.402998894077474,28.978874787783198,25.15904901896846,23.713512787214235,21.339281565053607
ABR,2016-02-24,2.4089670947593547,2.3483640274360953,2.3559393882751465,28.932597529413922,29.338423866938847,25.435490606410223,23.849081220129932,21.40159849710742
ABR,2016-02-25,2.4354811600186625,2.355939768080196,2.427905797958374,29.378034610323038,29.918025444222025,25.862371074912133,24.116498796690937,21.608438683714848
ABR,2016-02-26,2.518810210211017,2.439268821843552,2.50365948677063,29.937243337198783,30.45245800765554,26.246102580347586,24.39049425669632,21.826775544281183
ABR,2016-02-29,2.5983517444718927,2.4960842652016884,2.5756256580352783,31.027463899145868,31.02550456596988,26.398705369957927,24.53426546973243,22.010248028396255
ABR,2016-03-01,2.5983508505119186,2.5036587659659677,2.522597074508667,31.16828019990322,31.109712085010045,26.597217632550098,24.6535226789688,22.097828361370738
ABR,2016-03-02,2.530172936560952,2.4998714923858643,2.4998714923858643,30.92579242875319,31.092252482178733,26.639079836179537,24.6744166735566,22.116145026986466
ABR,2016-03-03,2.6324403523497444,2.492296085322275,2.6097142696380615,31.429112895056164,32.311150525285406,27.46713224134573,25.173103059733116,22.531963048649686
ABR,2016-03-04,2.621077514236395,2.5604746243939815,2.5794129371643066,31.683389349851886,32.38320166202014,27.536820459524446,25.209880754040615,22.562196992426635
ABR,2016-03-07,2.6059271681301532,2.5756257188327374,2.5907764434814453,31.06834272570009,32.36052311799346,27.54038960040321,25.194742778154595,22.388186428129085
ABR,2016-03-08,2.602394359014065,2.5481778598801497,2.583031415939331,30.454891674551014,32.2735722522192,27.51316205180876,25.16798440191955,22.39042026759973
ABR,2016-03-09,2.5907758697229073,2.555922323893049,2.5636675357818604,30.39983034609482,32.2744850376918,27.522250048680068,25.18383512110716,22.401599656214206
ABR,2016-03-10,2.5830314098784317,2.524942211469589,2.5326874256134033,30.306639300633066,32.33581834457508,27.575593745916336,25.225475273582603,22.433377525097107
ABR,2016-03-11,2.6140124954045882,2.544305562004908,2.6023945808410645,31.142204112457716,32.76041150211756,27.86069633551288,25.4054555708234,22.5954882111779
ABR,2016-03-14,2.602394012355341,2.532687094182943,2.5675406455993652,29.702357678990264,32.62364508740839,27.952523562782538,25.45490001235028,22.633122843754897
ABR,2016-03-15,2.6101399009389126,2.5365604494906777,2.559796094894409,29.701842339577304,31.212244280116742,27.958810127099543,25.45736233323638,22.633346304628027
ABR,2016-03-16,2.5985218442633067,2.5559230740421377,2.583031415939331,29.354847237356285,31.247804386480755,27.976388288004923,25.201166034929063,22.648784901387216
ABR,2016-03-17,2.656610822068815,2.575285987795043,2.6217572689056396,29.5821543806656,28.723664800440606,28.065600616420934,25.123976793290986,22.6810117140998
ABR,2016-03-18,2.6140124954045882,2.5830316361158414,2.6023945808410645,29.650294654336378,28.360786545262183,28.09412982713402,25.140879187745824,22.686121323742352
ABR,2016-03-21,2.6449927095250576,2.5791583072645956,2.641120195388794,29.677760115151465,28.23282900769882,28.178820830849176,25.156043241124443,22.732841136565426
ABR,2016-03-22,2.64499325377227,2.598521966612285,2.6372480392456055,29.122608256857724,28.066401124530994,28.004433742115015,25.143413266760334,22.733483424105312
ABR,2016-03-23,2.641120101154768,2.6101390658678376,2.614011764526367,28.600045344674484,28.052287351407625,28.017335075795096,25.13069709688882,22.751104822216266
ABR,2016-03-24,2.63724768225557,2.5675407609514442,2.6333751678466797,27.237994716907593,28.017989204176008,27.98591152567278,25.102732501252028,22.75774684021404
ABR,2016-03-28,2.6411205303517558,2.544305264080715,2.606266975402832,27.32960641380087,28.08820180724775,27.91409711208856,25.12381958867004,22.77883069170081
ABR,2016-03-29,2.63724768225557,2.5830311879079164,2.6333751678466797,27.371342382124688,28.017738086063932,27.853807120829526,25.149534098160586,22.801347701777967
ABR,2016-03-30,2.672100453911393,2.6140112774797624,2.625629186630249,26.790695364024046,27.990697051025943,27.840286468189195,25.001693013499832,22.803280971671867
ABR,2016-03-31,2.644992909460938,2.6023941427793296,2.6217572689056396,26.333502720321988,27.85917286507531,27.836867090407964,24.99397533232238,22.80331400154499
ABR,2016-04-01,2.6295024824240723,2.583031201313476,2.6217572689056396,25.838473497059017,27.85917286507531,27.732514114251472,24.992037535303094,22.750847416631693
ABR,2016-04-04,2.621757350722549,2.5714133689514287,2.5985217094421387,26.085798522401017,27.862299716429472,27.266007354615635,24.95398955166219,22.761509037486295
ABR,2016-04-05,2.5985210702880788,2.559795011012781,2.5752854347229004,26.087296750769838,27.463766297003456,26.71421134882126,24.969106501023248,22.777923007825784
ABR,2016-04-06,2.594649144852077,2.5520505592913794,2.583031415939331,26.08692089430199,27.40739435391486,26.71782508803167,24.97087816670588,22.756892258814652
ABR,2016-04-07,2.6023935185666787,2.5597949467632617,2.5869030952453613,24.890025532422506,27.315724241268345,26.7178581016378,24.955375264415032,22.75353347041556
ABR,2016-04-08,2.6101387302273373,2.5869030952453613,2.5869030952453613,23.548215422741823,26.57467869118314,26.71646327734042,24.9545569415796,22.75353347041556
ABR,2016-04-11,2.6295029250489614,2.594649366018878,2.6023945808410645,21.975173831770956,26.05215796310178,26.691168973859757,24.922203546086333,22.737557611473033
ABR,2016-04-12,2.6333748884981443,2.59464864055459,2.614011764526367,20.458372033388112,26.05916726107545,26.61601542246649,24.909502289308886,22.737792098725677
ABR,2016-04-13,2.633374714219989,2.6101388931274414,2.6101388931274414,19.452281876810165,25.758865588555928,26.61688230743941,24.903674702658464,22.73782419643667
ABR,2016-04-14,2.6256295020759475,2.5869032566953174,2.6101388931274414,19.21585616133272,25.52750680317752,26.615377159890237,24.891849253000053,22.73720900410131
ABR,2016-04-15,2.6256300499328487,2.5907764956820016,2.5985217094421387,14.684655086921614,24.51277353747228,26.60116040234433,24.860663592486855,22.742072523416432
ABR,2016-04-18,2.629502617148626,2.5946490621997023,2.606266975402832,14.293326458083907,24.458825388750054,26.5942145325413,24.84845778551748,22.7437173983661
ABR,2016-04-19,2.633374714219989,2.6062663793856324,2.6101388931274414,14.246463124011443,24.019857846667424,26.583935194767292,24.80151960910533,22.744043255413633
ABR,2016-04-20,2.629502617148626,2.606266975402832,2.606266975402832,14.223311616690024,23.653967429112406,26.58544326866504,24.799466184016953,22.744690203206513
ABR,2016-04-21,2.629501165963402,2.5985203274002386,2.6178834438323975,14.073543842999328,23.513957323767702,26.585281995082294,24.771971363273135,22.748267044263056
ABR,2016-04-22,2.6140121893180965,2.5946490621997023,2.606266975402832,13.632009190889487,23.319377835559095,26.530831300978463,24.735450369231206,22.753112137337233
ABR,2016-04-25,2.641120424238204,2.5869037443491756,2.5907764434814453,11.277363738156799,23.348025850436883,26.445787276163497,24.613136066064886,22.74593681029402
ABR,2016-04-26,2.621755956322611,2.5714120013272885,2.6178834438323975,10.94352275222851,22.196755333830453,26.49697770452686,24.640714043519864,22.756848685111876
ABR,2016-04-27,2.6295016999068106,2.594648157115752,2.625629186630249,10.906447720308512,22.184883031750953,26.34984758723235,24.64057606319536,22.753801762463162
ABR,2016-04-28,2.6140115915296738,2.598521167241591,2.6101388931274414,10.791195909713165,21.96734154878506,26.313436408917852,24.652204012550335,22.762217558565307
ABR,2016-04-29,2.6140114283878724,2.5675401584239204,2.5869030952453613,10.195680294287918,22.06408680501211,26.337942756476966,24.63683535977915,22.763152876470322
ABR,2016-05-02,2.617884289931906,2.598521167241591,2.6101388931274414,10.325618360565663,22.090029043342064,26.359222379982295,24.635615893911886,22.678725418499425
ABR,2016-05-03,2.6101384339925873,2.559794656242223,2.579157590866089,9.921762530308404,22.09099976158879,26.40319171774752,24.6788103035839,22.71065623060788
ABR,2016-05-04,2.5830306465779596,2.571412736465162,2.5752854347229004,9.921976588363103,21.778717551246515,26.337068623039183,24.664597377011507,22.699364623050876
ABR,2016-05-05,2.6295021898396143,2.5636677899280955,2.614011764526367,10.613004744703277,21.550146262082805,26.413919318459005,24.690666168197314,22.74656294019953
ABR,2016-05-06,2.6875920448321406,2.5830315556592405,2.675974130630493,12.44384606651478,21.22320456356741,26.6449336769817,24.819247547688978,22.8595491139011
ABR,2016-05-09,2.710826873779297,2.6643556002615827,2.710826873779297,12.504415432397595,21.21026538466537,26.675013839191752,24.8163907135278,22.86699658997633
ABR,2016-05-10,2.7495532035827637,2.6643558604793776,2.7495532035827637,12.791540735305029,21.335733037643546,26.559810819017155,24.8639759746725,22.860304154868295
ABR,2016-05-11,2.7534257419842842,2.718572193142574,2.7263174057006836,13.054688206595824,20.986931809343716,25.593859705025864,23.274634936154907,22.766543084073472
ABR,2016-05-12,2.7844068079271644,2.6914640653690585,2.757298469543457,13.344396538133399,20.723376296438044,25.630963885189605,23.235030339472964,22.782180933851844
ABR,2016-05-13,2.7650438028936772,2.7301904344972585,2.7534260749816895,13.365972647926366,20.44738631180932,23.73066119174457,23.116003341806618,22.71472959181282
ABR,2016-05-16,2.769249794873641,2.7059527170699558,2.729689121246338,13.349447413442746,20.57517902851371,23.466883550936405,23.139318987824062,22.67736479384887
ABR,2016-05-17,2.7296882179792332,2.6426545761588494,2.6743032932281494,14.51248159899879,20.945029535576655,23.485805312063434,23.275407151032574,22.69655079321378
ABR,2016-05-18,2.698041498370758,2.6268320730247536,2.6505684852600098,14.796205449417327,21.056681953106036,23.40277430449401,23.23459326287022,22.699396394011252
ABR,2016-05-19,2.6663927600835136,2.6347442104365055,2.6505684852600098,14.796966323247588,20.384698621440737,23.350959948888455,23.18137261032236,22.671456291180412
ABR,2016-05-20,2.674304411993842,2.634743546267393,2.6663920879364014,14.869022423980782,19.545160928326148,23.31663919140393,23.18806611614985,22.67886908038696
ABR,2016-05-23,2.6901293827699186,2.654524669808242,2.658480644226074,14.835552892391076,18.594561961928495,23.317120423588726,23.187274168366848,22.669272332890863
ABR,2016-05-24,2.6861725207996257,2.6624361145478694,2.6663920879364014,14.80924513437273,17.707114693837468,23.2128917042357,23.156834403306494,22.65553783147056
ABR,2016-05-25,2.725732993478995,2.6743042114436735,2.7099087238311768,15.458342754634954,17.4198805048741,23.332430441116966,23.20568730126355,22.660588158627036
ABR,2016-05-26,2.7217774763961615,2.7019970417022705,2.7019970417022705,15.502058412884079,17.31092270185653,23.250408222091824,23.068015529923628,22.662697611975222
ABR,2016-05-27,2.733645094288982,2.694084420661679,2.729689121246338,15.622427115678736,15.09949400352714,23.308332406999828,23.09392330862078,22.65591416299305
ABR,2016-05-31,2.804855078300571,2.7376018248390017,2.761338233947754,15.880384577591455,15.032512227294953,23.355098878193207,23.127636380071326,22.683968704951894
ABR,2016-06-01,2.7850746883782214,2.741557843317252,2.777162551879883,15.917428480256609,15.04714637406536,23.02477395796313,23.03389180092827,22.690427954167514
ABR,2016-06-02,2.7850746051737922,2.7573820339368185,2.781118631362915,15.88331499115832,15.022299765317399,22.967155889694034,23.023996939823395,22.66739337731278
ABR,2016-06-03,2.789030431156141,2.753425727952557,2.765293836593628,16.028458250411013,14.981594140127674,22.909898055273683,23.028641250484863,22.644556335131178
ABR,2016-06-06,2.7732058391734427,2.745513274486403,2.769249677658081,15.918712329578591,14.71822100583107,22.36025130786129,23.026817077529095,22.644551559646505
ABR,2016-06-07,2.769249868013394,2.7455134632101,2.7534255981445312,15.908795945495566,13.782344505608135,21.98526392347152,22.812699456466845,22.62834714481454
ABR,2016-06-08,2.8008980500617056,2.7494690852355634,2.7929859161376953,16.123144012134887,13.715060188220923,22.08383341111024,22.867208628746557,22.668273491949545
ABR,2016-06-09,2.8048544262357753,2.7573814304144513,2.78507399559021,16.185536200926197,13.712575853100992,21.872211392107285,22.86965144404906,22.669868299049533
ABR,2016-06-10,2.789030431156141,2.749469565978743,2.765293836593628,16.240467514336235,13.728517290580585,21.747863968704344,22.874078415430084,22.61876432052083
ABR,2016-06-13,2.765294705578915,2.7257340166098794,2.7336461544036865,16.406034829127208,13.665244824510921,21.123408200063672,22.905698041821363,22.646399008845925
ABR,2016-06-14,2.725732993478995,2.7099087238311768,2.7099087238311768,16.539692187248335,13.700996696093304,21.14551220707347,22.7341907286519,22.662194313855228
ABR,2016-06-15,2.7257334501508166,2.67430465949907,2.7019970417022705,16.115824673525264,13.40001054997291,20.8480769428329,22.68318153610373,22.646837887559265
ABR,2016-06-16,2.7099091318154502,2.6743046140675886,2.6861727237701416,16.237135137668652,13.45626545804748,20.62896391599661,22.664100286262617,22.653018599318834
ABR,2016-06-17,2.701996912590239,2.6861726410473543,2.690128803253174,15.723726918652373,13.321878521763988,20.523012717751072,22.6551260012873,22.637760077799896
ABR,2016-06-20,2.745513558816492,2.7059528827667236,2.7059528827667236,14.302418144917507,13.291935052468343,20.38704804940916,22.65378612788083,22.620648414905776
ABR,2016-06-21,2.713865294143103,2.6822167500826914,2.6861727237701416,13.95720268655266,13.201457435123414,20.416735685983273,22.631219422656294,22.632939483552057
ABR,2016-06-22,2.7059530747960587,2.6782605052759116,2.690128803253174,13.28030735697508,13.043135244197194,19.574333476470414,22.49149218524761,22.632949316808006
ABR,2016-06-23,2.698040939024616,2.6822166674817316,2.690128803253174,13.075685719219646,13.025249688094895,19.564887382805736,22.476888921856926,22.614737905438997
ABR,2016-06-24,2.7257331740527944,2.61891925253375,2.7217772006988525,13.107089357384963,13.222265443328793,19.463194329514618,22.513012528242783,22.640807730575826
ABR,2016-06-27,2.729689716939577,2.650568163778303,2.654524326324463,14.920810519428338,14.228600902996927,19.90040323714918,22.708800341368153,22.782689990613115
ABR,2016-06-28,2.7296892035654277,2.6545238270867073,2.7257330417633057,16.7594775539487,15.082534492097693,20.289586624036748,22.912969648737842,22.71118462437343
ABR,2016-06-29,2.8246348748763657,2.7336452268027482,2.80485463142395,17.57671506242165,15.98260865940722,20.654059019562197,23.147750512032303,22.779319592845543
ABR,2016-06-30,2.848370922154247,2.785073849238868,2.8444149494171143,17.641717091423796,16.186818141192575,20.536803296780104,23.176699515961044,22.81899144695104
ABR,2016-07-01,2.8483712802033727,2.7929863344403563,2.80485463142395,18.26018744827211,16.5000657523068,20.423527675758844,23.228941393835264,22.8315117310488
ABR,2016-07-05,2.8167232411657777,2.769250422061236,2.812767267227173,18.222089874331758,16.50033477937981,19.937669897956876,23.215712847410224,22.82221221742512
ABR,2016-07-06,2.8285911674048427,2.7692500570262424,2.816722869873047,18.166957497982946,16.472767075183068,19.870400917708388,23.19250876096873,22.794439215990035
ABR,2016-07-07,2.816722533710981,2.781118022645197,2.78507399559021,18.56223231120059,16.660031836890543,19.983549762394514,23.23644714345587,22.791686024957496
ABR,2016-07-08,2.8325471643793816,2.7890305132279916,2.8246350288391113,18.427800994945706,16.863579397324884,19.75201417489244,23.288840758483666,22.822598689
ABR,2016-07-11,2.8404588452417765,2.80881030814674,2.8325467109680176,18.38618631429228,16.863997013579542,19.518880719324212,23.281486926335322,22.822410334939676
ABR,2016-07-12,2.868152379989624,2.8285916952350534,2.868152379989624,18.49146836058828,16.971484872496028,19.42371677486536,23.321440907127784,22.737298911284924
ABR,2016-07-13,2.868152379989624,2.8483719432922263,2.868152379989624,18.256679275713466,16.972477409871807,19.425054954862688,23.31977043708779,22.731280767138703
ABR,2016-07-14,2.88793190579518,2.844415071970824,2.8839757442474365,18.25228138727713,16.99130951905063,19.332535583576966,23.324527501591273,22.735486641318545
ABR,2016-07-15,2.8800197551840645,2.844415056014759,2.8483710289001465,18.67756474840015,17.22411754236884,19.46279621311249,23.261260345059007,22.722385868097966
ABR,2016-07-18,2.8602401317313424,2.812767311873281,2.8285915851593018,18.719280585349885,17.29885564183311,19.0810038939697,23.259290495058675,22.728621343155183
ABR,2016-07-19,2.848371482442016,2.816722939758913,2.8404593467712402,18.744962994570365,17.26701246130248,18.53982648265057,23.22949182464167,22.731401005688625
ABR,2016-07-20,2.8681520498677227,2.8206792336263193,2.836503505706787,18.654660918085526,17.208730201114587,17.945732619529885,23.14401067021618,22.718684620125398
ABR,2016-07-21,2.856283547245384,2.812766896455908,2.816722869873047,18.355389554364272,17.194032195908857,17.457976561269362,23.097054667280045,22.730337099604093
ABR,2016-07-22,2.8325471643793816,2.7811183776877213,2.8246350288391113,18.344916578467977,17.193415985519998,17.109865547304736,23.083738028806238,22.697733416805388
ABR,2016-07-25,2.8365037218023117,2.804855175230271,2.8285915851593018,18.203964558251577,17.128999293347103,17.03183356584749,23.079594436419974,22.68355344634404
ABR,2016-07-26,2.8285902892747963,2.792985596373002,2.7969417572021484,18.188991414927006,17.194648645887085,15.776585726062617,23.055923789754985,22.708895632105197
ABR,2016-07-27,2.8365028724249775,2.7850739053254627,2.8325467109680176,18.275054503866752,17.281588852466168,15.763660469487666,22.75957776244836,22.7310523212823
ABR,2016-07-28,2.848371482442016,2.8088108040881368,2.8404593467712402,18.230508877035252,17.059499737120692,15.756748005379725,22.37501399118328,22.703521493252214
ABR,2016-07-29,2.8681522683743528,2.812767311873281,2.8285915851593018,18.176361688631317,17.089252174187333,15.765426442397256,22.38225880845882,22.698284446926785
ABR,2016-08-01,2.848371615447036,2.8127670975860855,2.836503505706787,18.17881523424747,16.86346085643082,15.709927639349472,22.383492787255186,22.663778036487532
ABR,2016-08-02,2.8483710289001465,2.820678652781944,2.8483710289001465,18.15228280660383,16.237425343169797,15.574792520389947,22.385921817948255,22.663994224625608
ABR,2016-08-03,2.868152379989624,2.824635532439484,2.868152379989624,18.004574414830493,16.095246136739767,15.037766123779297,22.369051403218414,22.646416358459078
ABR,2016-08-04,2.887932538986206,2.8602399680007853,2.887932538986206,18.053962571288395,15.906910274161637,14.88609550252488,22.329152554031634,22.61974290659583
ABR,2016-08-05,2.9274928921447203,2.8918881889558743,2.907712459564209,18.084624656661564,15.833703685170766,14.897495210019452,22.340612921908757,22.520449980977865
ABR,2016-08-08,2.9195810837465688,2.8602399680007853,2.887932538986206,18.071164154084727,15.769308215980463,14.899932932110454,22.35709890442916,22.533313895946073
ABR,2016-08-09,2.919580625963575,2.8681516544718173,2.8958442211151123,16.157438727844305,15.767728906583054,14.738181848470141,22.34408639861056,22.533016144403945
ABR,2016-08-10,2.91958044361647,2.8800197713398576,2.8839757442474365,14.640349905632997,15.67795351192478,14.699472419964998,22.34295007002207,22.538206108176677
ABR,2016-08-11,2.9037568721017517,2.8681521641815273,2.8760643005371094,12.298384206717536,15.051876428438957,14.544788475003184,22.338197282701906,22.510676001617913
ABR,2016-08-12,2.9077127851413294,2.880020402796115,2.887932538986206,11.697486926486084,14.913697443346924,14.549140656863074,22.34164208227912,22.49720120970298
ABR,2016-08-15,2.9647819995880127,2.8919770532657947,2.9647819995880127,13.095099338726316,15.753729355535501,15.010115502203657,22.540694195007504,22.64198612264287
ABR,2016-08-16,2.96073692870931,2.936468616941291,2.9486026763916016,13.26114008847458,15.801108009887537,15.015363985013675,22.514871423254267,22.64026989352757
ABR,2016-08-17,2.964781640936174,2.9283790757449966,2.9445581436157227,13.288588060629039,15.784407237565038,14.907937912434704,22.455601506528488,22.612426975359206
ABR,2016-08-18,2.960737943649292,2.9405142471429007,2.960737943649292,12.766001695806581,15.80137531918158,14.85200151238896,22.462610043117632,22.601822014997563
ABR,2016-08-19,2.9566930247009604,2.936469521763124,2.952648401260376,12.30770072988632,15.53627815581445,14.8505583196819,22.361090008941858,22.567152876949407
ABR,2016-08-22,3.0456763653313015,2.940513479538196,3.0375869274139404,14.568360229184234,16.457457401368817,15.457948817398638,22.557676808478025,22.731340517821387
ABR,2016-08-23,3.0699449339030838,3.0335423638196706,3.0497212409973145,14.258059895121814,16.373564360061128,15.461239245449754,22.5527989657012,21.47355193094556
ABR,2016-08-24,3.1144362960158927,3.03354192191187,3.078033924102783,14.393725985432141,16.322446722040926,15.41836522688525,22.566450625558616,21.434527218507323
ABR,2016-08-25,3.1427501015656345,3.073989772305601,3.1225264072418213,14.785092169514543,16.50564591742094,15.452010857293114,22.609332394635036,21.383571628428626
ABR,2016-08-26,3.1548841018559406,3.0982578394709757,3.1103920936584473,14.225650267088263,16.54885237251221,15.478545587310984,22.565545923679164,21.386493722884417
ABR,2016-08-29,3.1912875609343385,3.114437772665008,3.1184825897216797,13.91381114432284,16.473917268096418,15.478879152538628,22.543406838884117,21.385225854956886
ABR,2016-08-30,3.1791533764635274,3.1346613548434976,3.1548850536346436,14.121693149566722,16.590367765418627,15.552674278807208,22.565181072946068,21.36067531645707
ABR,2016-08-31,3.1791524603411054,3.1184815743184164,3.150839328765869,14.118403248303865,16.524780673250007,15.547983520692856,22.5351362077537,21.317531104283248
ABR,2016-09-01,3.1751078581897816,3.1225264072418213,3.1225264072418213,14.261027061392111,16.490638012479113,15.638891316227607,22.431854780911046,21.340217567311004
ABR,2016-09-02,3.162973583117379,3.1225261971906333,3.150839328765869,14.350832672377964,16.525540661019214,15.67207044814533,21.806884056437166,21.351729342779375
ABR,2016-09-06,3.2317337855653805,3.1548842135056274,3.219599723815918,15.24177896928354,16.88779734707931,15.97776984500573,21.925820348328,21.421791098476326
ABR,2016-09-07,3.2317333360080087,3.1872415252925324,3.203420400619507,14.78992150172241,16.709013555500228,15.984062935587836,20.749452284505978,21.415136441709524
ABR,2016-09-08,3.2195991704256706,3.195330858230591,3.195330858230591,14.719262347841171,16.57678882287123,16.000196623334993,20.547156722716593,21.304521464954696
ABR,2016-09-09,3.191286217040959,3.0537657737731934,3.0537657737731934,20.52561249816845,19.256103786146074,17.678165018862554,21.145846800516125,21.808496564869444
ABR,2016-09-12,3.094212798923588,3.0173630470910657,3.078033924102783,20.48709662750136,19.221395741660967,17.69979151552035,21.07798107667782,21.818998214967213
ABR,2016-09-13,3.0820795091959257,2.9728719736060687,2.976916790008545,23.020093237709844,20.565044097614845,18.54781429349463,21.425641686607733,22.01597641638523
ABR,2016-09-14,3.0861245000328497,2.9850063986650692,3.0659008026123047,24.389879013628576,21.323840243714713,19.054896650928235,21.668732203723664,22.192081074294904
ABR,2016-09-15,3.073989451859431,3.0214080063927917,3.0416316986083984,24.53346658875554,21.335722789339027,19.077615735531715,21.688999528663317,22.204121945216762
ABR,2016-09-16,3.0335420045070802,2.9850053787231445,2.9850053787231445,25.205125240853576,21.760006104329772,19.296509535740842,21.752656403694704,22.29096062074163
ABR,2016-09-19,3.061855390824005,2.9930950687318494,3.0416316986083984,25.67550181722011,22.03514692676928,19.493604813741765,21.84148193166401,22.19715970066178
ABR,2016-09-20,3.069944679083384,3.021407858711805,3.0375869274139404,25.569820908026696,21.953070926488607,19.462931962970934,21.796992380136967,22.197249177585746
ABR,2016-09-21,3.0659001181749583,2.985005732286739,3.0497212409973145,25.57686146137056,21.230802928736704,19.394179960659148,21.800633404099887,22.19834773171877
ABR,2016-09-22,3.0982579460881197,3.0335424358410887,3.0739896297454834,25.576177559626856,20.662019620299784,19.385119988924988,21.80522346836595,22.199345705386108
ABR,2016-09-23,3.090167983784686,3.0375867370507716,3.078033924102783,25.535977861382236,19.90387207373449,19.262634105724125,21.59158182544476,22.1882858267957
ABR,2016-09-26,3.0861241179738146,3.0173637866973877,3.0173637866973877,26.321561185726356,20.208453696327457,19.561444736485463,21.693295830825846,22.137893825387376
ABR,2016-09-27,3.073989242579753,3.0133183629308777,3.0699446201324463,25.707458379294778,20.23426865718982,19.60575469091524,21.733443793323595,22.15591360502856
ABR,2016-09-28,3.1063481745868238,3.0456774647398115,3.0982587337493896,25.729649330682218,20.29383276592637,19.330674338876896,21.42993645579166,22.148411475529908
ABR,2016-09-29,3.1063482101805135,3.05781156459976,3.0820798873901367,25.793367641570253,20.34228876929589,19.27127669874371,21.209127946082255,22.14986157185639
ABR,2016-09-30,3.0659002126237715,2.940513814200635,3.0011847019195557,27.012284257806506,20.98487702321371,19.659838134661538,21.46095647315055,22.31558701498915
ABR,2016-10-03,3.0092745838236747,2.952648503620228,2.960737943649292,27.304263139341895,21.026901875284278,19.73783743265938,21.407620056332302,22.330865613412225
ABR,2016-10-04,2.9769167205062543,2.9405141452037085,2.952648401260376,25.9609463351806,21.034854393712095,19.673890225504177,21.321290857648574,22.234471376295446
ABR,2016-10-05,2.9728714570819275,2.8838876332301004,2.891977071762085,26.53690761511801,21.33988288354953,19.964054279387337,21.082810052500378,22.32817387300278
ABR,2016-10-06,2.940513536312319,2.851529717503289,2.916245222091675,26.506241330901176,21.406193237372495,19.948278989986374,21.075894453690836,22.339801621745316
ABR,2016-10-07,2.997138896806496,2.912199720609218,2.9728705883026123,26.800714293715476,21.73175991733047,19.872414279525437,21.013819290044616,22.409238383559998
ABR,2016-10-10,3.005229025984396,2.9526477752010254,2.9890501499176025,26.868592936633302,21.58559781032781,19.81955154404522,20.88257119832636,22.41256213514668
ABR,2016-10-11,2.9971394679131156,2.9526476569450755,2.9688265323638916,26.88718644957781,21.582869279794785,19.85929090253846,20.846831943592974,22.424587603733052
ABR,2016-10-12,3.02140778104134,2.9607370946544833,2.9688265323638916,26.599253012570053,21.57191398799258,19.845004764750826,20.76621565192393,22.40810180016974
ABR,2016-10-13,2.997139438735425,2.960737065831177,2.9850053787231445,26.68667720836443,21.58849653579248,19.84624687164406,20.763264594468012,22.401229759562685
ABR,2016-10-14,3.0011851098210176,2.944559030258582,2.976916790008545,26.60075913589854,21.5397678425866,19.853544223682007,20.317897822912485,22.393495774230384
ABR,2016-10-17,3.0011851098210176,2.9566930937310874,2.976916790008545,26.415662080751716,21.536964276157022,19.706178124468153,20.31246327105265,22.37667158328282
ABR,2016-10-18,2.9890500302037077,2.9566922793660755,2.9688265323638916,25.46025635369153,21.549233381671115,19.705193990596868,20.222571650439487,22.378511823172182
ABR,2016-10-19,2.9930947841606335,2.9486027812368705,2.9566922187805176,25.45421101712218,21.427749843828263,19.664901715302015,20.231537320482936,22.383966671546908
ABR,2016-10-20,2.972871078437835,2.9162450159262066,2.9445581436157227,25.4575763980922,21.311074266088372,19.60433680937266,20.229353823762754,22.38302353323783
ABR,2016-10-21,3.0659000135466727,2.9283793693623617,3.0416316986083984,24.090921884970953,22.28232583668872,20.229252608148464,20.51076251314766,22.604981398937667
ABR,2016-10-24,3.0335420198436336,2.960737080799653,2.9971394538879395,24.326700467323707,22.49391962274693,20.38087904565342,20.482703290983075,22.658034791727403
ABR,2016-10-25,3.0294976414189323,2.9971398860668246,3.0011847019195557,22.290238577585,22.49085201304742,20.354761958531213,20.340880462400587,22.657008405768504
ABR,2016-10-26,2.9930948163538007,2.9688265034618326,2.9850053787231445,20.545832625456832,22.517690330579224,20.37844590474636,20.097261421988584,22.58027058458798
ABR,2016-10-27,3.0254525963297483,2.9405134039472594,2.9688265323638916,20.483662896448777,22.516165448079338,20.376105165720645,20.08096136645642,22.573224488098646
ABR,2016-10-28,2.985005346616986,2.952647596442396,2.9566922187805176,19.79360268776879,22.497327281121578,20.274388149696946,20.091650757786837,22.555159995999567
ABR,2016-10-31,2.980960876548506,2.94860312262752,2.9647819995880127,18.97664940835134,22.462942756209927,20.2698451015115,19.90390753773004,22.492826665599704
ABR,2016-11-01,2.989050783695465,2.9122010096497886,2.952648401260376,18.999680417161127,22.432820058972837,20.24605887347998,19.778733047248238,22.448708114300654
ABR,2016-11-02,2.964782497907097,2.916245858867605,2.936469554901123,18.98451824142598,22.459132809166533,20.17644171682962,19.70895587212059,22.446933161239716
ABR,2016-11-03,2.9486036058781453,2.9162458466540024,2.920290470123291,18.818408845430305,22.472710658563937,20.144741480446015,19.72355936896708,22.452654059810172
ABR,2016-11-04,2.960737862020928,2.9162458466540024,2.920290470123291,18.80389868013691,22.46432964226781,20.13652253888439,19.662131358115186,22.402893682962155
ABR,2016-11-07,2.976916179527145,2.9202899187096936,2.9405136108398438,18.148712583463546,22.491998645645666,20.131239949498553,19.67271084070205,22.161429205586032
ABR,2016-11-08,2.948603469104351,2.928379774093628,2.928379774093628,17.332007762092193,21.846828056064236,20.146888861696805,19.45821292202779,21.88340830359274
ABR,2016-11-09,2.972870988159621,2.9122001123058743,2.9486026763916016,17.220513364095517,21.86633376601379,20.153980636700698,19.164816444092786,21.892337972071896
ABR,2016-11-10,2.9526481359086145,2.9122007479329968,2.92433500289917,17.297508030202685,21.93033107304929,20.16411717286603,18.8687086565224,21.910204419489663
ABR,2016-11-11,2.960737018619045,2.9081555784245454,2.9445581436157227,15.773453094372536,21.947617382193535,20.186717893146373,18.597733213869088,21.91827596646011
ABR,2016-11-14,3.0294976234436035,2.9445586125820173,3.0294976234436035,17.395489176698295,22.703999686704687,20.653693095543627,18.706881531058638,22.073093895137912
ABR,2016-11-15,3.187242378606536,3.013319132976325,3.0942137241363525,18.32893173620217,22.370211761650335,20.829586263908222,18.818829732106142,22.13008301608165
ABR,2016-11-16,3.1346605170357917,3.0335424358410887,3.0739896297454834,17.2565945500765,22.400497997250092,20.438690910837593,18.170933550906412,22.142185718320583
ABR,2016-11-17,3.0987795560639544,3.0574625347194546,3.0781209468841553,17.152727825724625,22.321665581528563,20.0415699372045,18.109147148916065,22.14109280499462
ABR,2016-11-18,3.086384701860194,3.0409360717244476,3.0615944862365723,16.448264972115485,22.14545472043651,19.579854854284076,18.120157258466033,22.139435147761656
ABR,2016-11-21,3.0905167361248136,3.0574631127997036,3.0657265186309814,16.3948247477659,22.135465980400003,19.466572516115367,18.114210235880428,22.133372852231204
ABR,2016-11-22,3.0987804507220353,3.0739902307580778,3.090517044067383,16.358658851723387,22.193518370832145,19.3556209313233,18.105362882942227,22.139107277234903
ABR,2016-11-23,3.0987792153269424,2.999618375003717,3.0202767848968506,17.814403924608538,22.540598420297787,19.722991997999166,18.2612036174244,22.266446705501128
ABR,2016-11-25,3.0987800287559653,3.0202775777189985,3.0822532176971436,18.668619870091455,22.948629018956968,19.966782712828454,18.14074593927142,22.3494899491144
ABR,2016-11-28,3.0987793706506657,3.032672140454946,3.069857358932495,18.695672706086885,22.890870350990657,19.886900484936117,18.06927071551376,22.326766058296922
ABR,2016-11-29,3.1029122525569393,3.053331615613869,3.090517044067383,18.76466400171126,22.855490406873578,19.797036741567045,18.075511378420686,22.291123697305537
ABR,2016-11-30,3.0987795560639544,3.0739893432572543,3.0781209468841553,18.792269112338662,22.405044071771623,19.809972813511834,18.060272820664018,22.295926868236045
ABR,2016-12-01,3.0987800287559653,3.032672784520679,3.0822532176971436,18.724951116697774,22.391024932978944,19.72179161758194,17.98438910702016,22.220805278966413
ABR,2016-12-02,3.098779979860492,3.0657263582644,3.0863847732543945,18.652359269886716,22.39114249425311,19.721693314549597,17.957237869391683,22.192794721408966
ABR,2016-12-05,3.098780632019043,3.069858608528072,3.098780632019043,16.226309283507867,20.37269173633702,19.713925040110112,17.885608932962953,22.189094253315524
ABR,2016-12-06,3.173150693221914,3.0574630152741804,3.115306854248047,15.606245488877708,20.33784879798565,19.6138184784113,17.8910523922316,22.18778133843414
ABR,2016-12-07,3.1524916024217946,3.0574623602447586,3.1111745834350586,15.624616869594444,19.098829114555922,19.576653080330576,17.855293326071205,22.178904953846292
ABR,2016-12-08,3.131833765281201,3.0574631127997036,3.0657265186309814,16.189425417217834,18.39422420744461,19.726550147146078,17.93479827380073,22.197454095720556
ABR,2016-12-09,3.1277021175143407,3.057463070414626,3.107043504714966,16.46718816922603,18.51977488148885,19.824712976155944,17.94614704053627,22.218298281692263
ABR,2016-12-12,3.0863843511530553,3.020277117001856,3.0781209468841553,16.691819319506465,18.201217473183096,19.852124498348466,17.952700066589127,22.23140735696541
ABR,2016-12-13,3.0863845555461578,3.003750507384791,3.0120139122009277,17.96926845537244,18.355805270620863,20.17074500619216,18.145066329309806,22.323751648721448
ABR,2016-12-14,3.0450683035753943,2.9665658394093937,2.9706976413726807,18.401815838337434,18.566730996931007,20.30033649359406,18.225025573217106,22.27818755947483
ABR,2016-12-15,3.0161461082164367,2.937643653672158,2.9541704654693604,18.404103566092093,18.574327035023874,20.236680288415002,18.23996555151595,21.814104833131584
ABR,2016-12-16,3.020277568527266,2.859141062686585,2.8632726669311523,20.49173415081184,19.52362360927495,20.76160075477687,18.593265684948637,22.0352045578013
ABR,2016-12-19,3.03267240524292,2.871535722049095,3.03267240524292,26.532971254134196,22.926916304694338,22.668960334192498,19.74161976960179,21.93907889417109
ABR,2016-12-20,3.0326725714905196,3.0078823566436768,3.0078823566436768,26.614998757177723,22.621753474650347,22.699787282722784,19.769418019673367,21.822757910837375
ABR,2016-12-21,3.0450677651639095,3.016145944595337,3.016145944595337,26.57981924626006,22.340590638384462,22.69966729400241,19.770545756088264,21.73960216887351
ABR,2016-12-22,3.061594542062041,3.007882505739029,3.053331136703491,26.72855500359823,22.405033813002852,22.768045093949546,19.816211677114858,21.714402084625238
ABR,2016-12-23,3.098779979860492,3.032672736668308,3.0863847732543945,26.714376301899424,22.492598731920392,22.80297969047295,19.841530927010474,21.71354300375036
ABR,2016-12-27,3.107043547787369,3.0491997069684262,3.0657265186309814,26.779940692232067,21.847354299083094,22.811880527544268,19.85775124514126,21.705558342085762
ABR,2016-12-28,3.107043434285376,3.0491995955795006,3.0822532176971436,25.55873202193118,21.675990292100362,22.80296540109462,19.862818596887934,21.70842458579248
ABR,2016-12-29,3.1029122525569393,3.0781218355778264,3.090517044067383,24.81749042622445,21.66804460968056,22.774255759812288,19.863592227384146,21.667524393169508
ABR,2016-12-30,3.1111752355576456,3.073989812167733,3.0822532176971436,24.754340566412246,21.21298775660152,22.77801732612007,19.85788818954564,21.656928988078086
ABR,2017-01-03,3.1524925308405747,3.0698582715159715,3.1483607292175293,25.50096532016095,21.562880894945863,22.99791402170157,20.00094079303692,21.7228012644952
ABR,2017-01-04,3.1607558727264404,3.1318338529993373,3.1607558727264404,25.449046686772036,21.244356482223246,22.995553961026573,20.003780483758053,21.725359666256274
ABR,2017-01-05,3.1607558727264404,3.0946484272095107,3.1607558727264404,25.450730639636852,21.225386050544202,22.99037620166532,20.001889615439186,21.716161950603635
ABR,2017-01-06,3.1772829324434024,3.1318340970492273,3.1566243171691895,25.370329229813866,21.169891208651485,22.63002020945831,19.999807498128686,21.56515244269483
ABR,2017-01-09,3.1731505233485584,3.1153066874713384,3.14009690284729,24.434268963213178,21.208020672682697,22.62852080582412,20.00313131739336,21.547390642223306
ABR,2017-01-10,3.1607558727264404,3.1318338529993373,3.1607558727264404,23.821612658517527,21.219441114055577,22.645673729167992,19.996329570019427,21.52122743562252
ABR,2017-01-11,3.1607558602964443,3.127702236175537,3.127702236175537,24.010085310613007,21.336879485335768,22.702137098048944,20.01250536564626,21.319988064734087
ABR,2017-01-12,3.1483609006610713,3.098780460575501,3.123570680618286,23.945945113508877,21.340777791911318,22.698038498981624,20.012987707372567,21.156925668862193
ABR,2017-01-13,3.135965889147257,3.111175669104471,3.123570680618286,23.910461490686906,21.3288745579963,22.25611364407741,19.9965820641472,21.15602228456128
ABR,2017-01-17,3.1359647948271,3.1029111796377116,3.1111745834350586,23.94363066533834,21.327709164972,22.258246243600237,19.97044844430757,21.07350188569804
ABR,2017-01-18,3.1194386555394593,3.0574630152741804,3.115306854248047,23.943585347226932,21.302783966994678,22.211824512576463,19.94826319004744,21.008365681848808
ABR,2017-01-19,3.107043857376688,3.0574634174487727,3.090517044067383,24.03491146091756,20.339141639681483,22.130455424790608,19.917679837495534,20.741363302646707
ABR,2017-01-20,3.111175115950866,3.0615944876653627,3.1029117107391357,24.01218985496444,20.110072229193303,22.131527184350134,19.918574289812092,20.7255823300244
ABR,2017-01-23,3.1153061868261887,3.090515975434147,3.1111745834350586,24.02275536760978,20.114011017706932,22.1317152875439,19.85091201815946,20.600511878854256
ABR,2017-01-24,3.1235701396695057,3.0905165186701122,3.0946481227874756,23.674558057751614,20.113004577065432,22.068377389368578,19.6837453398379,20.51252639194407
ABR,2017-01-25,3.1111752922313514,3.061594661136589,3.0739898681640625,23.425072517693355,20.130852504085862,22.091914547871454,19.650454805576796,20.48404047420674
ABR,2017-01-26,3.111175115950866,3.073989693990519,3.1029117107391357,23.428592484429657,20.186241644593288,22.09877992061768,19.612121774160958,20.443732429423477
ABR,2017-01-27,3.1235708534333755,3.0905172248809323,3.098780632019043,22.49323024739821,20.18684854032729,22.05145693218075,19.583335700345668,20.438184553198848
ABR,2017-01-30,3.090516559324528,3.0409361271732287,3.053331136703491,22.549822522017582,20.413375741848487,21.893282228793332,19.627841171958618,20.17065317469554
ABR,2017-01-31,3.0698577563305456,2.937643278823728,3.049199342727661,22.477233491903505,20.3785405942853,21.88178267549564,19.627769581146683,20.16806673141473
ABR,2017-02-01,3.086384934701607,3.020277688051387,3.0657265186309814,20.304550635819954,20.360694540792124,21.899240200073283,19.605238799526443,20.106667005595245
ABR,2017-02-02,3.078121352779141,3.0450677313449415,3.053331136703491,11.831985841436735,20.384494223378006,20.69205209734344,19.451501802751466,20.11260782723343
ABR,2017-02-03,3.069858418950615,3.0533316056949977,3.0574634075164795,11.561136304812743,20.344570477139413,20.654327926168857,19.417690918487494,20.104827797719025
ABR,2017-02-06,3.0698577563305456,3.0409359378834853,3.049199342727661,11.578969062571588,20.332323553369882,19.956242632371083,19.42188819488718,20.06522815372611
ABR,2017-02-07,3.0574632826121975,3.0409364700317383,3.0409364700317383,11.043618987628829,20.302258337384497,19.403267976488873,19.41645389491603,19.987169458404974
ABR,2017-02-08,3.053331305550781,3.0161460778885494,3.028541088104248,10.599438573225372,20.243052747485493,19.373075322734206,19.419887462022846,19.89318809893628
ABR,2017-02-09,3.040936160946311,2.9996191336946882,3.016145944595337,10.495578732959224,20.222090745248135,19.150247037951214,19.426393999450305,19.71568310349183
ABR,2017-02-10,3.032672699425963,3.0078824835333275,3.024409294128418,10.393571168794912,19.36799930804823,18.919623931173856,19.34026517921657,19.694200423476985
ABR,2017-02-13,3.0491997011505934,3.0161460778885494,3.028541088104248,10.364183516048858,18.862419306262645,18.919843614980575,19.33588998415964,19.694141119603525
ABR,2017-02-14,3.049199876321968,3.016146251161049,3.0409364700317383,10.435714709149952,18.839086357114102,18.92037813913066,19.306836917050532,19.55611032762288
ABR,2017-02-15,3.0739897827476086,3.0120141433626118,3.016145944595337,8.413713696154346,18.90726728502234,18.92082016834617,19.290645779710903,19.477005597149326
ABR,2017-02-16,3.0657265186309814,3.0244094894745936,3.0657265186309814,9.7561296412747,19.180584050696147,19.099951715908773,19.371549708095046,19.47733693746612
ABR,2017-02-17,3.0615945194598106,3.020277492972084,3.024409294128418,10.4042251856281,19.379140849334103,18.958097473107124,19.443112583084275,19.53071094692574
ABR,2017-02-21,3.0739895572601896,3.028540732109665,3.049199342727661,10.772626817706781,19.38115056319433,18.801548807651184,19.450382326479023,19.49843515919768
ABR,2017-02-22,3.0574627475718374,3.036804136953841,3.049199342727661,10.706444684163223,18.7914476388802,18.742988935300335,19.450200460448976,19.497403614213837
ABR,2017-02-23,3.073989159327271,3.036803743834635,3.069857358932495,10.718484689945198,18.371069038337374,18.756950561518305,19.449667720714665,19.346769815146473
ABR,2017-02-24,3.0987803140633465,3.0409364700317383,3.0409364700317383,10.64152764750169,18.454734126419652,18.331843928261122,19.417666354112697,19.15408813184926
ABR,2017-02-27,3.090516559324528,3.0450677313449415,3.053331136703491,10.738821528314832,18.420691093440716,18.20972313911192,19.418285685128932,18.921353362938508
ABR,2017-02-28,3.0574627475718374,3.036804136953841,3.049199342727661,10.737685992122312,18.405192993296787,18.20516395763559,19.398318965436413,18.719174623351893
ABR,2017-03-01,3.0905161320290744,3.036803906117202,3.045067310333252,10.697176408550204,18.404112575042458,17.89101554322893,19.346629841743336,18.59581223331871
ABR,2017-03-02,3.0698581230390523,3.0491997069684262,3.0657265186309814,10.901371234342184,18.45698317411119,17.875007551848963,19.32834364726895,18.579394885442092
ABR,2017-03-03,3.1607561190300943,3.082253656809303,3.1566243171691895,13.672142430389577,19.39657039715351,18.20861340342013,19.61587093199057,18.314388950752665
ABR,2017-03-06,3.1814149591441896,3.119439499133928,3.1648881435394287,13.648955137559843,19.37463634486403,18.195098377533952,19.60053050802576,18.27269096365017
ABR,2017-03-07,3.24338995355127,3.1277022679527176,3.1896777153015137,13.795047099814806,19.432878054738815,18.192282484796802,19.617384260141524,18.28257136166782
ABR,2017-03-08,3.2227304659098412,3.1359646320343018,3.1359646320343018,14.635250764957952,19.51366868300352,18.407819119137912,19.722726076262525,18.36524347929533
ABR,2017-03-09,3.2144687873688937,3.148361327934668,3.1648881435394287,14.685583372663814,19.412674227217256,18.44270761704263,19.72339641528233,18.365473230603374
ABR,2017-03-10,3.218599663172542,3.181414237983405,3.206204652786255,14.900261352876967,19.477175558308595,18.539102615669037,19.774854444883307,18.35888185937151
ABR,2017-03-13,3.248447194946924,3.2062047492666257,3.2315502166748047,15.008638896425847,18.961446215482066,18.573188073227918,19.791329469628803,18.18288362027766
ABR,2017-03-14,3.2399993400053186,3.180859904477003,3.2357749938964844,14.204892014980915,18.70251253972022,18.564639153847132,19.750556493932496,18.125815979611108
ABR,2017-03-15,3.3118106328719183,3.2315498933946003,3.2864651679992676,14.700582447009044,18.86495551641543,18.692514409520992,19.581804945658487,18.180304813424204
ABR,2017-03-16,3.3793985981227235,3.2611195585601727,3.362501621246338,15.82916652472888,18.06140075260468,18.991007340756756,19.520910646982077,18.29407066772489
ABR,2017-03-17,3.3962954927437257,3.337156075108683,3.3667256832122803,15.69556955321236,13.992271809866871,18.324255507447248,19.245808561280565,18.241284817512863
ABR,2017-03-20,3.3878469908943596,3.324483031022784,3.383622646331787,15.692768444662464,13.852307097644093,18.159548498723403,19.189661605059207,18.22610165264004
ABR,2017-03-21,3.3962958007841166,3.3540533557848846,3.379398822784424,15.649281611015867,13.866842796757389,18.163735914208193,19.108751610196972,18.175279060358886
ABR,2017-03-22,3.379399026829131,3.324483744300467,3.332932233810425,16.345927957604523,14.064302209725899,18.29067636645993,19.18841721468234,18.234054699093765
ABR,2017-03-23,3.4131925242248524,3.341380272368047,3.3962955474853516,16.818616134986065,14.385730145952488,18.47466107988004,19.30477709754251,18.295036837055314
ABR,2017-03-24,3.459659109544555,3.3962955474853516,3.3962955474853516,16.692295572590556,14.285510509713475,18.455388880813274,19.24931596099693,18.284236615891277
ABR,2017-03-27,3.4554353207331028,3.3962956980944443,3.4512109756469727,17.049264127039564,14.566895826870002,18.600432254014923,19.269070048780158,18.310071042809277
ABR,2017-03-28,3.4638824896267093,3.4174159172496292,3.459658145904541,17.035431294051076,14.566432402129845,18.579099837246815,19.268681545462975,18.287101409725175
ABR,2017-03-29,3.4850056349258067,3.4554360190584745,3.468108654022217,17.045050996164896,14.535759201574106,18.544807486155964,19.22174798134244,18.28311915622636
ABR,2017-03-30,3.518799066543579,3.4681081314705846,3.518799066543579,16.85921150651701,14.217652613901471,18.619691793321632,19.28709884219448,18.330297678319475
ABR,2017-03-31,3.548367900692251,3.4976769767230076,3.53991961479187,16.527282387314912,14.236689173846298,18.628671021517075,19.28872092201872,18.336237528699403
ABR,2017-04-03,3.5990596844986924,3.539920064264311,3.573714017868042,15.627996608930692,14.315808116300857,18.650913720787408,19.246109571199177,18.326880183431133
ABR,2017-04-04,3.620180725495872,3.5737141384369915,3.6159567832946777,15.714227791437803,14.434778441780798,18.68943207190234,19.260879327757362,18.32777414663346
ABR,2017-04-05,3.6370775801611117,3.5694896729536496,3.573714017868042,16.435987066160294,14.63937232419913,18.802035000022688,19.320225109695023,18.373716804497743
ABR,2017-04-06,3.5863868588039427,3.51879894765682,3.5610415935516357,16.626607396818127,14.656146230147169,18.751862357295515,19.326111460523588,18.380077730774765
ABR,2017-04-07,3.6159559818433005,3.56104071684218,3.569489002227783,16.079942028059808,14.42279659390476,18.73538320331367,19.30150215407223,18.37996352795973
ABR,2017-04-10,3.632853130358121,3.548367855301141,3.6075074672698975,16.14613349147885,14.504964891431962,18.3017319775354,19.331945030222432,18.39762532551979
ABR,2017-04-11,3.6581991166620513,3.5863868603238673,3.653974771499634,16.14055958889992,14.650904611673326,18.123852442628365,19.37927184867624,18.430899450530436
ABR,2017-04-12,3.6581998508310907,3.6117332532862396,3.6370785236358643,16.29816347605304,14.664168535891974,18.104213145510265,19.334105270774323,18.438421285502407
ABR,2017-04-13,3.637077807805674,3.573714241546681,3.590611219406128,17.17853459130604,15.00118174008032,18.25075128223447,19.361810082871067,18.492394905348984
ABR,2017-04-17,3.666647001247064,3.5906104164553807,3.6624226570129395,16.22822406653352,15.260728277935359,18.44445056907408,19.48427486349139,18.575948110685587
ABR,2017-04-18,3.675095124992891,3.620179860934892,3.670870780944824,16.232362313695216,15.259123018812696,18.444489750981237,19.473149755151077,18.57548323225842
ABR,2017-04-19,3.6919930270583863,3.6413020942970395,3.6581990718841553,16.387377278416825,15.312961471130205,18.43568530072336,19.481115878162765,18.581722617976336
ABR,2017-04-20,3.6750952979099347,3.6328530640085943,3.6455256938934326,15.273255242855626,15.276098048727727,18.026499127240385,19.486859599262104,18.58581352346759
ABR,2017-04-21,3.6708717492935756,3.6370777937056924,3.653974771499634,15.240266878995318,15.14965152268413,17.78286109383115,19.476009658724657,18.583447935264513
ABR,2017-04-24,3.6666477621055744,3.594835506646403,3.6581990718841553,15.07297181713399,15.09289348462314,17.759356932180108,19.46491101188818,18.57442497523018
ABR,2017-04-25,3.683544784780828,3.6497508291929446,3.653974771499634,15.119037208820282,15.090897158201862,17.747386080678496,19.455996969788934,18.561657318217513
ABR,2017-04-26,3.713114036249577,3.632853500201288,3.6962170600891113,15.243567192889532,14.744434289619168,17.791504687386887,19.469436971772662,18.5672855783999
ABR,2017-04-27,3.7004421082349506,3.658199458376325,3.6666481494903564,15.281915967169885,14.894977614508994,17.860145971289178,19.50047168711877,18.590355288380817
ABR,2017-04-28,3.679319642156761,3.590610427251613,3.6455256938934326,14.37940862377527,14.996160217454335,17.8998576584658,19.50800598218766,18.589813870227157
ABR,2017-05-01,3.7131138088019,3.6370772193096004,3.6793198585510254,14.495269313504922,14.980660028360553,17.936385387422394,19.524461537366626,18.57784670436918
ABR,2017-05-02,3.6919928730688434,3.603283643722534,3.603283643722534,16.03754331743806,15.764496361913526,18.28140056027569,19.698205967405237,18.695277931717346
ABR,2017-05-03,3.615956452018053,3.58216209751455,3.5863864421844482,16.131031876976287,15.799164060518006,18.302298803424943,19.4837657271545,18.657858077328388
ABR,2017-05-04,3.607508030583836,3.548368409380402,3.5525927543640137,15.804372330666263,15.95792264097887,18.20320360990967,19.50833519564112,18.68688334241925
ABR,2017-05-05,3.717337934666916,3.6032830571364514,3.6455256938934326,16.558277056708715,16.588112566586823,18.514749884964736,19.725255428765035,18.798235578605365
ABR,2017-05-08,3.7975991019681286,3.70044158502849,3.7173385620117188,17.266703405511958,16.85441952841836,18.646601617935417,19.83774950588312,18.755991235219202
ABR,2017-05-09,3.768029123899687,3.6708712136205253,3.675095558166504,17.300872846027275,17.129019129600547,18.385000617786527,19.889025218362242,18.762516162718434
ABR,2017-05-10,3.69621686581802,3.64552594000091,3.6919925212860107,17.315771293088396,17.126621726338282,18.213672975673013,19.629458369775215,18.720370032654145
ABR,2017-05-11,3.5483680256705004,3.4216409127117213,3.4807801246643066,24.76045340880325,21.348895815084106,20.60242678282107,20.870040964115606,19.638074560034752
ABR,2017-05-12,3.5483690150330887,3.4638841152191158,3.463884115219116,24.416454800760615,21.290335229491635,19.945419047901193,20.855836566377445,19.61922678757509
ABR,2017-05-15,3.5200314970481705,3.446607696731309,3.463884115219116,24.339317101730433,21.093776669397265,17.845265509676594,20.792194710433137,19.618068273051215
ABR,2017-05-16,3.4768409902462567,3.3818216202900606,3.433650255203247,24.248122681531896,20.964612370319625,17.85308496040483,20.814925397213273,19.618601975686296
ABR,2017-05-17,3.450926188612509,3.4077356630003925,3.4250118732452393,23.929655516173295,20.947281213366033,17.861976096554468,20.81664082334091,19.503663832169956
ABR,2017-05-18,3.541626172776156,3.41205460408356,3.5286691188812256,25.41530774481542,21.706961643312724,18.347803849300078,21.06320642556406,19.69002170735972
ABR,2017-05-19,3.5718598477274157,3.515712064986295,3.5286691188812256,25.398145828586543,21.69369492479188,18.288096097186724,21.062119565254374,19.69002170735972
ABR,2017-05-22,3.558902699429508,3.5113932229781697,3.545945644378662,25.43158615340183,21.55959472522558,18.250711937087637,21.036636976304997,19.687688148499262
ABR,2017-05-23,3.580497423804445,3.5459450085991193,3.5632212162017822,25.273488271983542,21.562572027836605,18.248072588499014,21.01920784905188,19.686879352610156
ABR,2017-05-24,3.5804970289384563,3.524349257447596,3.537306308746338,25.030728515921652,21.643105325375597,18.299647723859696,20.89226164479094,19.704188104021483
ABR,2017-05-25,3.5632213397891657,3.528668923385418,3.5416259765625,25.01602569924305,21.63006431633655,18.28826723668719,20.881931384628476,19.646042470183385
ABR,2017-05-26,3.5675399776397145,3.537306308746338,3.537306308746338,24.758120359843655,21.625029881177422,18.013734520616833,20.879783342148336,19.643310961522726
ABR,2017-05-30,3.5545825144437386,3.5286684118462546,3.537306308746338,24.000784059379182,20.893107587650647,18.00918407300097,20.153783175766897,19.622195045230754
ABR,2017-05-31,3.57185964983875,3.515711870208336,3.5416259765625,23.9892508828619,20.893018150230805,18.008284593486703,20.13614402102806,19.593875265905158
ABR,2017-06-01,3.558902184764374,3.528668923385418,3.5416259765625,23.981836592513858,20.85962978733035,18.004959541589827,19.721463982708915,19.588367187732135
ABR,2017-06-02,3.602092786282094,3.5373066988491484,3.5632212162017822,24.058690649876258,20.50775914749624,17.992258954376368,19.43800290635442,19.594992711470834
ABR,2017-06-05,3.5934546011681214,3.537306821537708,3.5416259765625,24.08841247502495,20.522078639244533,18.00944323489611,19.42737326133726,19.596305581966103
ABR,2017-06-06,3.532988202452527,3.5027545281147807,3.5200307369232178,24.122966791684348,20.45397587985174,17.950476265371694,19.304487926128743,19.609098713704974
ABR,2017-06-07,3.580497705935535,3.515712025294977,3.576178550720215,24.627533983339745,20.623076945829666,18.09539660779735,19.268961337856638,19.65377322154088
ABR,2017-06-08,3.645282700571741,3.5589016720079054,3.6323256492614746,24.83110921205817,20.81825880873818,18.23419445543342,19.345126463111225,19.663081159943097
ABR,2017-06-09,3.710068945566483,3.6020925520955016,3.6668782234191895,24.89272397921144,20.685313875797963,18.25612743475923,19.36792200699025,19.677200850427802
ABR,2017-06-12,3.688473984950895,3.6452832581143793,3.6496024131774902,24.87331108556502,20.254647200413398,18.284032665727043,19.362284193865193,19.668582806649486
ABR,2017-06-13,3.6711981431051957,3.619369512865509,3.628007411956787,24.77449721362495,20.309841434778377,18.259545601047556,19.379372535938213,19.640570758495066
ABR,2017-06-14,3.6496016898977826,3.57617771596528,3.5977730751037598,24.13571110896455,20.388876876383225,18.32366626157629,19.25252022643838,19.638826762209714
ABR,2017-06-15,3.610730648040772,3.5632211805826883,3.6107306480407715,24.116591626991543,20.3899913311189,18.32580150056092,19.15728502667144,19.636154155841343
ABR,2017-06-16,3.653921009376742,3.5848161865256736,3.6323256492614746,23.992011868888525,20.172660389659896,18.306549429046466,19.141484051258185,19.62931813307875
ABR,2017-06-19,3.666878060687009,3.6107302891462068,3.6323256492614746,22.782909704465634,19.845436754877948,18.260070079823876,19.12794079256574,19.62966339230719
ABR,2017-06-20,3.6496027775309914,3.5977741472913047,3.628007411956787,22.01001482085553,19.84980047376359,18.223674576084687,18.84768771294881,19.62547696419546
ABR,2017-06-21,3.6582406819125874,3.5804975392454015,3.5848166942596436,22.033521157665664,19.779425763289698,18.344656742263666,18.831230586916476,19.65111925285558
ABR,2017-06-22,3.6193691105789947,3.563221331085726,3.5848166942596436,21.975570252160917,19.776207279724396,18.160885683720878,18.826242712950318,19.65142484740554
ABR,2017-06-23,3.636644803663975,3.5804970321231733,3.6323256492614746,13.916823499803076,19.94049001099178,18.246737881971047,18.699716574723183,19.687830486191725
ABR,2017-06-26,3.640964668480009,3.6020930950674757,3.6236884593963623,13.83768709839507,19.742889044251292,18.24889485814236,18.68555321018128,19.66273333775727
ABR,2017-06-27,3.692793586681908,3.6236887449026307,3.6452836990356445,13.888654108492124,19.74238591634634,18.238062964846907,18.570890971228767,19.492268470278738
ABR,2017-06-28,3.6711980522273087,3.628007322148056,3.6539218425750732,13.529669601164018,19.65723539860177,18.23817988122585,18.564455751785903,19.327578028960524
ABR,2017-06-29,3.6625598321165787,3.589136248200026,3.628007411956787,13.729449328183065,19.570780364755684,18.27920873352087,18.566466136580516,19.147506313107073
ABR,2017-06-30,3.6625599901150787,3.58913640303112,3.602093458175659,11.13946872694437,19.474998334037352,18.32045763999613,18.591877433069634,19.120402595762638
ABR,2017-07-03,3.640963958066475,3.606411546640941,3.6323256492614746,11.355986498327152,19.531643801966442,18.327043063848958,18.604742289351563,19.075664308496208
ABR,2017-07-05,3.653921009376742,3.6020923922384407,3.6323256492614746,11.297594729777895,19.5271143089231,18.304877255464902,18.599701623594868,19.075088650883743
ABR,2017-07-06,3.632326411787326,3.5891360943871824,3.5934548377990723,11.70953028756835,19.5362244963065,18.413454011070844,18.652195072506082,19.111339806767994
ABR,2017-07-07,3.6020929041128418,3.507073553241307,3.5329880714416504,12.558278329459895,19.651257474923952,18.651059064161963,18.768539426198696,19.15623843496296
ABR,2017-07-10,3.5632211427370644,3.5027542114257812,3.5027542114257812,12.792613882307464,19.70300226473953,18.715529115799747,18.793154193144872,19.134142308955973
ABR,2017-07-11,3.554583022728428,3.507073553241307,3.5329880714416504,13.049465454629525,19.62455349572474,18.685988189504343,18.80518381086862,19.14883033059232
ABR,2017-07-12,3.593453912282481,3.528668246919559,3.58913516998291,13.830514314604025,19.465050754243244,18.675400617234256,18.51424204440412,19.171564930971723
ABR,2017-07-13,3.6064125877781996,3.532988589327816,3.545945644378662,14.300287429365099,19.605075246029433,18.646633763902454,18.48553260037073,19.215380994856066
ABR,2017-07-14,3.563220904820285,3.5329876471319586,3.5545825958251953,14.317059140551445,19.60527278960956,18.61738707156132,18.486319826406135,19.21035886550814
ABR,2017-07-17,3.5761779564156764,3.5459446987273493,3.5545825958251953,14.205228221927724,19.595553344615954,18.61738707156132,18.47125532903859,19.16443189943474
ABR,2017-07-18,3.576177874539798,3.524349257447596,3.537306308746338,14.165195114233967,19.608044800349646,18.625896000105964,18.468628458077426,19.156959289112983
ABR,2017-07-19,3.606411374872837,3.5329874011163445,3.58913516998291,14.65254667121566,19.848081635216293,18.658769743102727,18.52821343619608,19.202825026462918
ABR,2017-07-20,3.606412225330146,3.567540652186886,3.576178550720215,13.970208577159376,19.85892387872273,18.673371340295564,18.535454409237165,19.206809710481803
ABR,2017-07-21,3.623688626746351,3.580497896093933,3.6150503158569336,13.570877108996592,19.841990063607966,18.724492401760518,18.56116901152103,19.215666383262487
ABR,2017-07-24,3.671197735058021,3.57185964111421,3.5848166942596436,13.457002280424376,19.848175692442062,18.78704040257295,18.578919489097313,19.23769068114348
ABR,2017-07-25,3.6236878320941828,3.5373063897322594,3.5545825958251953,13.596123618830411,19.887099864966125,18.83670437487302,18.59697937021658,19.260654987949973
ABR,2017-07-26,3.5761796701058777,3.5416272413626277,3.558903455734253,13.522828005945406,19.788613828251304,18.304027191562966,18.596530643222273,19.221948707416527
ABR,2017-07-27,3.6107301258279616,3.5545823568268,3.5977730751037598,13.715174396821894,19.462530975050228,18.366980000867482,18.61982414944798,19.211862143800918
ABR,2017-07-28,3.6064119411570794,3.5502641634741052,3.5632212162017822,13.948724893857145,19.539593763054995,18.418152757944295,18.65314503873139,19.24014926910073
ABR,2017-07-31,3.5934544765321226,3.541625853724134,3.5632212162017822,13.817257636746982,19.441987923168817,18.18944014053182,18.64083038120929,19.23359088663206
ABR,2017-08-01,3.615049271369193,3.5416252976127005,3.58913516998291,14.004773693993641,18.750621488343054,18.17062563162728,18.622032251443372,19.243106636476227
ABR,2017-08-02,3.597773066479266,3.558901502502627,3.58913516998291,14.00318030721482,18.292852273046762,18.074217229961633,18.60990468920499,19.240575344682526
ABR,2017-08-03,3.5977743122817833,3.541626523972904,3.550264835357666,13.928150607402145,18.279515362627347,18.14126244528918,18.376867513115773,19.26719261727597
ABR,2017-08-04,3.645284151184492,3.5545839321247024,3.580498456954956,14.160133377888116,18.343771924282255,18.18064161195805,18.24097980294659,19.27290819891758
ABR,2017-08-07,3.606412218670848,3.5329882277352276,3.5675406455993652,13.625536104545654,13.75017416489454,18.044789374941683,18.227599804830515,19.26872727289491
ABR,2017-08-08,3.584817257101998,3.541626523972904,3.550264835357666,13.672407914524848,13.749983516586022,17.716098761946462,18.239876073064828,19.26188910635901
ABR,2017-08-09,3.593453912282481,3.5329874011163445,3.58913516998291,13.952998013946265,13.916184779335824,17.791799108789036,18.263909697519345,19.287272435362475
ABR,2017-08-10,3.580498065779154,3.4941170122779237,3.545945644378662,14.318765616764576,14.028494087450575,17.891999925781857,18.328354986631084,19.32447387042552
ABR,2017-08-11,3.5632213327609734,3.494116500089782,3.5329880714416504,14.225175821990934,14.041062977358918,17.901987124843394,18.315567999082276,19.326383456133183
ABR,2017-08-14,3.6036477369082984,3.515323120055643,3.5683178901672363,14.431805530155895,12.806524438055725,17.816826856119267,18.12839552692275,19.345177980917686
ABR,2017-08-15,3.5771501182442593,3.524155144130792,3.5594851970672607,14.20595215604807,12.818130657931965,17.58386601097071,17.985283960032493,19.178748882707204
ABR,2017-08-16,3.6080636130964683,3.5639010997173552,3.5771501064300537,14.298554144441,12.819186366537336,17.59805823926964,17.982722636150488,19.17325414435121
ABR,2017-08-17,3.599232419546673,3.5329890434480675,3.5418217182159424,14.248575176256303,12.944459187913312,17.49755621910599,18.014107476558035,19.20188936142898
ABR,2017-08-18,3.5683187334422004,3.5197400774017487,3.5462374687194824,13.367800848658568,12.859659954714301,17.494779795298214,18.005224075693885,19.19604790646929
ABR,2017-08-21,3.55948603759621,3.5153235136428034,3.537404775619507,13.136967305018278,12.867648743388878,17.49657147500381,18.00927800342761,19.19562592062992
ABR,2017-08-22,3.568318289687866,3.5329884389911577,3.537404775619507,12.901067361285069,12.865215855507259,17.345405445251313,18.009374017058345,18.994022495703927
ABR,2017-08-23,3.568318900189339,3.5329890434480675,3.5418217182159424,12.019326026854644,12.867755440935639,17.320455238327906,18.005321145161847,18.991100378367527
ABR,2017-08-24,3.559485427083331,3.5285714971521998,3.5329878330230713,11.521345019160117,12.875511442162862,17.25762471637178,18.001102814568277,18.973707925066854
ABR,2017-08-25,3.5594869796085726,3.519740571182173,3.5285730361938477,11.499806888865539,12.877892372477486,17.153178822966307,18.000983176974323,18.923824757010323
ABR,2017-08-28,3.5594864802521697,3.532988878351889,3.5462374687194824,11.599683599438698,12.857691843493388,17.073033639591785,17.91421928563502,18.924047500429126
ABR,2017-08-29,3.5683176776601044,3.5329878330230713,3.5329878330230713,11.563701921904764,12.819996753078208,17.074049788329,17.8594714134332,18.927682281743298
ABR,2017-08-30,3.5594857828760325,3.519739387812744,3.5550694465637207,10.883382399427921,12.819792654647797,17.09912886158542,17.830977068124945,18.903623036377482
ABR,2017-08-31,3.6345614446293575,3.568318083688525,3.6213128566741943,12.113533677356775,12.967910104572306,17.268456264239518,17.750356342406263,18.98812929833349
ABR,2017-09-01,3.6522277322491905,3.603648861940524,3.6389787197113037,11.788507468640825,12.606438571277653,17.16485754649706,17.667971926846427,18.968580792368424
ABR,2017-09-05,3.6478097909046823,3.5550688497404974,3.5771501064300537,12.588527190608529,12.930671289380458,17.363602121893408,17.782286613893913,19.032320017172392
ABR,2017-09-06,3.594814874082409,3.5506523625886386,3.563900947570801,12.386579646070363,12.917925265785774,17.25377309386187,17.371508123273475,18.918739249429624
ABR,2017-09-07,3.594816335342481,3.532988878351889,3.5462374687194824,12.467048994014936,12.90174010205887,16.9731872709716,16.044874686089003,18.91854017186678
ABR,2017-09-08,3.559485427083331,3.524155371863813,3.5329878330230713,12.061172432702506,12.81394022352902,16.976515183028003,16.01798995464679,18.920820148083795
ABR,2017-09-11,3.5903986919778115,3.5329875930509407,3.5771501064300537,12.316727249186576,13.054085976257454,17.090088693367317,16.074564314481858,18.39389539769819
ABR,2017-09-12,3.5903987038357728,3.55065252589629,3.5594851970672607,12.404526677586405,13.027173330708708,17.098858218915556,16.033053196129963,18.3877122786671
ABR,2017-09-13,3.5771508167451085,3.5285719581487887,3.5506532192230225,12.227524802998222,13.034370546549559,17.097585268957925,15.994303724162693,18.071297895704202
ABR,2017-09-14,3.555070143074607,3.5374052155294513,3.5462374687194824,12.229666066551584,13.034521145249492,17.09667654134851,15.971296535800372,17.84016202269603
ABR,2017-09-15,3.5727344802972567,3.5285719581487887,3.5506532192230225,11.82432055465035,12.811845233701982,17.09790325692997,15.962141424935893,17.819732026664457
ABR,2017-09-18,3.55948603759621,3.5241559763169805,3.537404775619507,11.591191921585665,12.832744937983886,17.001454857354897,15.969487321211309,17.718431978224007
ABR,2017-09-19,3.5462364194707163,3.5197390359929415,3.5329878330230713,11.554197344941656,12.526822082329266,16.958390427547243,15.966065425743214,17.625775966154418
ABR,2017-09-20,3.55948603759621,3.5241559763169805,3.537404775619507,11.481451692338652,12.525166651808266,16.938045753402648,15.779497465461759,17.624835361458395
ABR,2017-09-21,3.5550703092026406,3.5329890434480675,3.5418217182159424,11.0083437918752,12.46040302979444,16.871017291320918,15.774834770070676,17.621686200033153
ABR,2017-09-22,3.559485427083331,3.510906574833683,3.5329878330230713,10.462352792312895,12.452810751361659,16.55174822667566,15.779010989656836,17.608964201886096
ABR,2017-09-25,3.5462364259891657,3.5197390424626853,3.524155378341675,10.43366495600138,12.38476248934612,16.540201836579094,15.781698663528,17.61144307291957
ABR,2017-09-26,3.563902396264638,3.5197400774017487,3.5462374687194824,10.17619066758728,12.380656001647257,16.50354703976891,15.780207588575959,17.500470027045363
ABR,2017-09-27,3.5594857994719638,3.4799934301397695,3.5020744800567627,10.770948511597494,12.499166589298099,16.092900989957197,15.84156405445672,17.469826490404515
ABR,2017-09-28,3.5859827995300293,3.4976581830223914,3.5859827995300293,12.780708517446488,13.45382963490141,16.237171612336105,16.020354825145198,17.60160512912692
ABR,2017-09-29,3.625729193047588,3.568318083688525,3.6213128566741943,12.717289173409121,13.425412622236973,16.218560472214786,16.054055933360157,17.615961913758014
ABR,2017-10-02,3.7140542707796347,3.621313301374783,3.683140754699707,13.556178425625589,13.378780235669632,16.427269571309306,16.166432483330766,17.477481613509944
ABR,2017-10-03,3.7184700019900663,3.665475231128961,3.70522141456604,13.574511887810099,13.279615968940295,13.469798261952636,16.16692834321726,17.425227073666534
ABR,2017-10-04,3.7273025670142927,3.6875568013960724,3.7096376419067383,13.567119049078064,13.183596277094209,13.44123772905903,16.166894101551417,17.421447234402706
ABR,2017-10-05,3.753799559887758,3.709637043658385,3.7317183017730713,13.62488391878624,12.857185408577518,13.466525689081873,16.142188320334043,17.29215660578604
ABR,2017-10-06,3.7317178356252607,3.6963879955209795,3.71405291557312,13.701005483984934,12.631784731983503,13.409234500632705,16.152822660440957,17.285917168862987
ABR,2017-10-09,3.727301500320997,3.7052206661295077,3.71405291557312,13.682658166743616,12.627961782658623,13.399394506843528,16.152038527992683,17.18853320525075
ABR,2017-10-10,3.7317186843492056,3.705221508827064,3.7184700965881348,13.647649858624208,12.627370649440778,12.56674950998646,16.134591814554895,17.18250742455666
ABR,2017-10-11,3.7273028603617364,3.683140754699707,3.683140754699707,13.944780288375949,12.752002621127263,12.667849819527053,16.15727999705408,17.197048907782143
ABR,2017-10-12,3.6919727484400986,3.6654755711341993,3.6743078231811523,13.908627375839922,12.433551027527479,12.655408390352923,16.131527249337406,17.199924188184905
ABR,2017-10-13,3.6919727484400986,3.6698919077401957,3.6743078231811523,12.898551319152482,12.405824978414659,12.634875668984247,16.129656591929663,17.193952295990176
ABR,2017-10-16,3.7184702567844545,3.6787240706239155,3.687556743621826,12.866331214918286,12.235468905002506,12.586222895251087,16.023690335406496,17.192499824723843
ABR,2017-10-17,3.7670481462905823,3.687556206708667,3.7317183017730713,12.1517559048068,12.323952236637451,12.717202127523311,16.072425022755887,17.227774028714496
ABR,2017-10-18,3.740550973484933,3.7052211289674224,3.7317183017730713,12.063143281273241,12.177047021288834,12.714419128141193,16.064868269748718,17.22418496461126
ABR,2017-10-19,3.7317186843492056,3.6919724999009813,3.7184700965881348,12.00379949366368,12.209497535030913,12.730752866648285,16.06274398834689,17.222696984944925
ABR,2017-10-20,3.7228863381864086,3.7008050783696977,3.70522141456604,11.99719934303084,12.055251257844175,12.746544436499448,16.0721866014008,17.221192638724936
ABR,2017-10-23,3.714053754469282,3.6698916549464613,3.691972494125366,11.632255386542505,11.900386550308701,12.762449097258047,16.075414729407488,16.933506834885012
ABR,2017-10-24,3.7052220181132562,3.6787244177839837,3.683140754699707,11.540864574001775,11.915584383050101,12.737603001362935,16.0744055266134,16.86489107758734
ABR,2017-10-25,3.7008054377402284,3.6433943251078156,3.6566429138183594,11.7497851160301,11.937248767995229,12.753501719135944,16.09281853688023,16.883942217168286
ABR,2017-10-26,3.696388895820984,3.638977786377131,3.647810459136963,11.774003160636616,11.95021785242456,12.719466439540334,16.086470211269642,16.87558840111831
ABR,2017-10-27,3.6610592504435546,3.5859832124754023,3.6566429138183594,11.781542976874142,11.728588648560121,12.480251060447289,16.086047279013297,16.8647478868082
ABR,2017-10-30,3.661058186749955,3.5992307554558534,3.6168956756591797,12.208435392140013,11.837995668909244,12.35885253082735,16.148361931795836,16.898585474633357
ABR,2017-10-31,3.661059176803935,3.612480738399033,3.6522269248962402,12.464383059529576,11.970542391739494,12.36388091305811,16.177331874862645,16.92104601026676
ABR,2017-11-01,3.669892086735924,3.6080646347315133,3.625729560852051,12.698905250983167,12.026177649805996,12.395185618429146,16.170443018360857,16.93333162372686
ABR,2017-11-02,3.6522264268272866,3.6036475738822475,3.6433937549591064,12.752471607949307,11.862885698312361,12.38352780985538,16.074589772047084,16.92625369627484
ABR,2017-11-03,3.837708315494668,3.727302432272364,3.775881290435791,16.20048348850018,13.649527301330236,13.544521852054109,16.499708986594307,17.269154103893047
ABR,2017-11-06,3.8023789642807997,3.7273029201691226,3.7582168579101562,16.268071105017302,13.666293382860301,13.559908018928487,16.493787862452223,17.278297874044757
ABR,2017-11-07,3.758216485950943,3.700805374302646,3.7273025512695312,16.491890466481554,13.668171790827714,13.599302405752628,16.530889295445572,17.292829912215257
ABR,2017-11-08,3.709637933863911,3.6433945647883323,3.683140754699707,16.446967761097717,13.897723275054696,13.735996066186207,16.588780785291085,17.333240354101527
ABR,2017-11-09,3.7405507564544678,3.6654747359195,3.7405507564544678,15.645404291936988,14.203091107757185,13.947852529213181,16.62934841944143,17.384122468940348
ABR,2017-11-10,3.793545485986522,3.7228858016876947,3.749382972717285,15.445686297299213,14.031010599629045,13.811516215689734,16.626356576791334,17.360068821953924
ABR,2017-11-13,3.797962920801162,3.749384057911701,3.7802979946136475,14.868061405943667,14.109701531224578,13.866130425909388,16.644661958915822,17.365077681714755
ABR,2017-11-14,3.793847061748949,3.7035174518455087,3.7396492958068848,15.160042651549649,14.300969273366867,13.832359950035109,16.70255049711967,17.184874483414116
ABR,2017-11-15,3.7306165486919465,3.6854515283954554,3.708034038543701,15.3692664141344,14.429731025038715,13.896249365538774,16.727770705695377,17.08859952603035
ABR,2017-11-16,3.825462092360348,3.7215827357379783,3.807396173477173,17.109969156616447,15.35825353096877,14.479624466593801,16.665106694301933,17.265277349891576
ABR,2017-11-17,3.8435275407524814,3.7938459468612242,3.8390109539031982,17.167767784058547,15.405823177578593,14.529896797397504,16.686039602817893,17.281152176027454
ABR,2017-11-20,3.8886935912001395,3.829979232078228,3.8796608448028564,17.379077376488798,15.508666970143548,14.564652572207814,16.704662245820597,17.296556317599318
ABR,2017-11-21,3.920308787647578,3.875143769161333,3.906759023666382,17.45177126546017,15.532372127673655,14.54376533258024,16.579777165693933,17.306988616083714
ABR,2017-11-22,3.9428906763989815,3.8886929152592775,3.9383745193481445,17.214934922445497,15.546851152264265,14.53990629459174,16.57272977140592,17.307013791575084
ABR,2017-11-24,3.9609560668861374,3.938373564206631,3.95192289352417,17.161417159189938,15.52343689642282,14.545261955430036,16.515814638004784,17.1407833098308
ABR,2017-11-27,3.9609560246461744,3.9112744331359863,3.9112744331359863,17.545826284753964,15.321016499904141,14.536884109177956,16.552159272570712,17.069167647480747
ABR,2017-11-28,3.929341081653842,3.888692655829499,3.9157917499542236,17.54177793303557,15.302817562089743,14.253379015167583,16.552137230755044,17.061868463974584
ABR,2017-11-29,3.924824455408773,3.8615939542848303,3.888692617416382,17.467627480471204,14.918287554371762,14.227407445715373,16.488847163076212,17.07036026090558
ABR,2017-11-30,3.924824217696623,3.870626463990594,3.875143051147461,17.52068950342863,14.915137630347733,14.193482597815574,16.288891363783303,17.06890900550705
ABR,2017-12-01,3.915792199653846,3.8615944359056744,3.906759023666382,17.56886967630457,14.917909975655075,14.041087793574098,16.311931832164856,17.08409079415067
ABR,2017-12-04,3.9428908661651625,3.8977262784044555,3.906759023666382,17.50713716602645,14.880174518435874,13.887457433501304,16.304625812745453,17.084301951761425
ABR,2017-12-05,3.920309059863459,3.893209960744915,3.902243137359619,17.45679719585467,14.720680624752394,13.889516474834698,16.304465917093907,17.08278204817292
ABR,2017-12-06,3.911275611660114,3.8886931024169913,3.906759023666382,17.412104286351838,14.660352822932,13.888752060161243,16.211124298188416,17.077078321118307
ABR,2017-12-07,3.9248242695892643,3.8886924333075226,3.9203081130981445,17.196352413404792,14.641071774427946,13.862892806858323,16.072945243848626,17.077527596058324
ABR,2017-12-08,3.9609560246461744,3.9112744331359863,3.9112744331359863,17.19371497389624,14.651661474011163,13.701800721059984,16.076873417971836,17.008424894190476
ABR,2017-12-11,3.933858381353066,3.893209948169333,3.9293417930603027,17.206467790394505,14.664068072176539,13.695617588016665,15.980772452056257,16.96666720713896
ABR,2017-12-12,3.9428896781149,3.9022416905957575,3.9112744331359863,16.87539244089413,14.678905030745584,13.631371797548248,15.991848961122257,16.9444165942573
ABR,2017-12-13,3.938373979167224,3.8615937204023183,3.875143051147461,17.076865966439442,14.838641747798507,13.647215762279096,16.033783443925124,16.822675167397257
ABR,2017-12-14,3.9203071125437017,3.843526872359755,3.8932080268859863,16.863683292968638,14.852158697254325,13.579657990704339,15.955754655359081,16.76066689678921
ABR,2017-12-15,3.9519226405347494,3.8886917232250546,3.933856725692749,17.009961842261013,14.960669606341243,13.662701631348234,15.9852942540465,16.77308637994546
ABR,2017-12-18,3.992571995881522,3.906758557149974,3.9248244762420654,13.843515412107921,14.958316684217435,13.580406715132174,15.95358788381313,16.45871012007538
ABR,2017-12-19,3.947407706994229,3.8480453491210938,3.8480453491210938,15.045539210632667,15.573253926229096,13.87133273266445,16.076444435568547,15.599390624345249
ABR,2017-12-20,3.9293415329095045,3.866111023899407,3.906759023666382,15.348512837116363,15.795055483225504,14.057009857258759,16.10645709005885,15.636560183154833
ABR,2017-12-21,3.942891139949084,3.8886933724375625,3.902243137359619,14.835133094564023,15.529751856757832,14.024006511198758,16.10047515606347,15.637152080570754
ABR,2017-12-22,3.9790234156823323,3.902243137359619,3.902243137359619,14.275077339030886,14.848465842775182,14.024006511198758,16.09906020429156,15.596749763311296
ABR,2017-12-26,3.9248252104639394,3.8796606196474595,3.8841772079467773,14.378441200328448,14.794621399104518,13.925755595490333,16.06539489933959,15.575703961271012
ABR,2017-12-27,3.920308787647578,3.879660357155065,3.906759023666382,14.292567050143484,14.460200350426987,13.895057864547159,16.010655202078894,15.564435405595775
ABR,2017-12-28,3.947406515737748,3.897725351794065,3.942889928817749,14.0181720937015,14.522836584148468,13.938567495188076,16.033463097531076,15.580042928733937
ABR,2017-12-29,3.9474077282564357,3.902243137359619,3.902243137359619,14.147097979790113,14.70939068032687,14.024619007057002,16.006998440167962,15.620272772017424
ABR,2018-01-02,3.915792471556107,3.8751440382410745,3.902243137359619,12.048698930037482,14.671894685173207,13.934331311788759,15.840788207263637,15.616366546465644
ABR,2018-01-03,3.9654738472029254,3.8615948953412538,3.8706276416778564,12.105308973463885,14.742346283338609,13.854465340064037,15.87080730415226,15.509077542132765
ABR,2018-01-04,3.911274889883524,3.8480443925418193,3.861593723297119,11.726214868241819,14.754778015688336,13.845018699216064,15.867629444312445,15.509121572699408
ABR,2018-01-05,3.8796596556653933,3.8480444068767663,3.866110324859619,11.539462907455267,14.75474785434034,13.76869867363304,15.86160136086003,15.508960719070533
ABR,2018-01-08,3.9203076064016233,3.857076685718388,3.9112744331359863,11.807399372469904,14.767523806511736,13.864657627720794,15.91608562483901,15.545125386494052
ABR,2018-01-09,3.9067583172769424,3.861593737682541,3.866110324859619,12.200561267152297,14.977414031309399,13.991550641717353,15.97889895150389,15.583184935716304
ABR,2018-01-10,3.8706262003973224,3.8073957074090736,3.8390109539031982,12.010542398297769,15.06355368787643,13.942703188366753,16.001597613300923,15.592260568202123
ABR,2018-01-11,3.8796596383043283,3.8299780410297077,3.875143051147461,12.347265017922139,15.15657304229196,14.008686518473997,15.982573104509473,15.574543315387746
ABR,2018-01-12,3.884175975813993,3.8390109685991254,3.8435275554656982,12.410312083209565,15.088639635993331,14.072748390265582,15.983753668151843,15.599296249574845
ABR,2018-01-16,3.8661104851232353,3.8119122982025146,3.8119122982025146,12.589547089457104,15.19471906132464,14.14603868417763,15.999647556060074,15.625516306328507
ABR,2018-01-17,3.8525607480268205,3.811912322935281,3.8344948291778564,12.472586517681206,15.214441127310849,14.16954762789255,15.978221114364796,15.62650199349459
ABR,2018-01-18,3.8299772433945223,3.7848126734082497,3.7938454151153564,12.804442168764895,15.364268923632416,14.276604990647918,15.833168714973164,15.668571814255355
ABR,2018-01-19,3.8119122982025146,3.7802970481033267,3.8119122982025146,12.911289539336297,15.367070676932101,14.287385057787546,15.830753813877587,15.648751380859983
ABR,2018-01-22,3.8119125594008456,3.78933048248291,3.78933048248291,12.982443928006889,15.413052705893065,14.310583361009051,15.805483107311408,15.660118375084489
ABR,2018-01-23,3.8480441276017645,3.7802966170388035,3.8390109539031982,13.552533339428754,15.539335526318032,14.42626788048085,15.58622805544974,15.706760492753602
ABR,2018-01-24,3.8615934722065592,3.8299777948659792,3.8435275554656982,13.55420539585414,15.524881735772809,14.400398866046519,15.417998445670491,15.694610742757334
ABR,2018-01-25,3.866110324859619,3.8299780581684533,3.866110324859619,13.600554717944455,15.555501904518279,14.14316603034835,15.370274069301987,15.684127965694831
ABR,2018-01-26,3.8661107691223724,3.8164291659164165,3.8254623413085938,13.862684768284058,15.543957880603434,14.238096362332547,15.415058193267106,15.702909742261662
ABR,2018-01-29,3.8254627829965084,3.7531990944175644,3.7667484283447266,14.302874869865208,15.790992329999263,14.187836152026057,13.8472546131461,15.785855749010636
ABR,2018-01-30,3.7712649808136773,3.699000862194181,3.708034038543701,14.81865609568341,16.060903547713266,14.405054221557961,13.964690022206339,15.79537473013489
ABR,2018-01-31,3.726099925882535,3.6583528267930734,3.6809349060058594,14.456149900624036,16.10979952980073,14.432362136413232,13.994426033846755,15.814764763936672
ABR,2018-02-01,3.703517669407767,3.644803311839981,3.653836488723755,14.533781417871944,14.376110999634104,14.470383295536054,13.982753575867987,15.828677000076647
ABR,2018-02-02,3.676418506611511,3.644802822488607,3.6493194103240967,13.56941900097727,14.351019243766105,14.341869836453675,13.979879072996592,15.822702524191232
ABR,2018-02-05,3.6448023035023716,3.563505672304304,3.599637508392334,13.009911452169826,14.519434870089492,14.488538788801744,13.632706213179787,15.888075281237118
ABR,2018-02-06,3.6583530839488767,3.5860891762842306,3.640287160873413,13.620926599102761,14.522376126971736,14.589183765317967,13.696024967005794,15.919623042608807
ABR,2018-02-07,3.6764190070243408,3.617704649347688,3.640287160873413,13.620926599102761,14.151095597396463,14.587277884996594,13.684560594133133,15.91608835714876
ABR,2018-02-08,3.6583528367514666,3.61770440489692,3.622220993041992,13.62623554365578,14.168669394882619,14.610008806722266,13.686342375766024,15.919033271716328
ABR,2018-02-09,3.6538364954986156,3.6041550993596942,3.640287160873413,13.585680499716785,14.098295510996836,14.615705935999651,13.670077030833838,15.917365463894479
ABR,2018-02-12,3.6719019275832614,3.5906050692515468,3.6673853397369385,13.462706833778443,14.0307529944351,14.657203154650306,13.696480012947799,15.930115326874741
ABR,2018-02-13,3.73964810535458,3.6493185242059996,3.7260987758636475,14.242625520217828,14.311262559147831,14.862115794691622,13.820556757403624,16.001598946174692
ABR,2018-02-14,3.7486820124470914,3.6944842531514723,3.7306160926818848,14.25832735814691,13.218517127000325,14.862071699486354,13.820943761506943,15.998297785095533
ABR,2018-02-15,3.757715005630893,3.7170665757879235,3.7486822605133057,14.229157465385864,13.141432110632262,14.869737177690002,13.830943967417737,15.977745914062488
ABR,2018-02-16,3.8164289175560198,3.7486818294254824,3.807396173477173,15.012395896516741,13.357643775056754,15.048930578555003,13.947697641554383,15.970517561629599
ABR,2018-02-20,3.8164291470746354,3.7486820548698137,3.78933048248291,15.054306874525004,13.300834962947693,15.048426983868863,13.944530870074919,15.914800004966242
ABR,2018-02-21,3.825462784196293,3.7757811752385178,3.79836368560791,14.631579941827844,13.19507357606072,14.901075162441735,13.925605248724759,15.898782594500075
ABR,2018-02-22,3.8119127823673433,3.748682274137831,3.7531988620758057,14.653864931619372,13.369948559666888,14.579592721083337,13.981114396013913,15.950283519757885
ABR,2018-02-23,3.9293405523034304,3.7848132183765424,3.8435275554656982,16.190259840828073,14.143009146981687,14.97132432510262,14.135897053169963,16.103999227971546
ABR,2018-02-26,3.9293418057525953,3.8615947040445864,3.902243137359619,16.563084715449413,14.491173707178003,14.924777496955455,14.12967319219983,16.133250006350416
ABR,2018-02-27,3.9112760770065416,3.8570783068101577,3.8706276416778564,16.560568103155816,14.517365391731285,14.962904962190754,14.124112007531695,16.156007739753367
ABR,2018-02-28,3.9067583172769424,3.866110324859619,3.866110324859619,16.37096225345851,14.501839036315832,14.964563148296431,14.112572973816166,16.15575265463147
ABR,2018-03-01,3.911275611660114,3.8706271811676007,3.906759023666382,16.554466026286082,14.56570114934368,15.024176665824635,14.143555414019543,16.18206285554457
ABR,2018-03-02,3.920308078808177,3.8570771505054626,3.866110324859619,16.542817185448282,14.722576218986871,15.101734862964417,14.163975118599433,16.211988453556224
ABR,2018-03-05,3.9338583940599476,3.8706274499337225,3.902243137359619,16.69328818021446,14.84827369253306,15.16750309262177,14.198161125820164,15.983692411975051
ABR,2018-03-06,3.933858381353066,3.88869335987657,3.9293417930603027,16.65939716616323,14.914288057418107,15.201435957196106,14.203863180557565,15.9942841867962
ABR,2018-03-07,3.975623122039692,3.9154564804030887,3.933969259262085,16.27871802469409,14.899605230317578,15.1151817150928,14.204036483064284,15.979121891631317
ABR,2018-03-08,4.00802044540758,3.933969328665186,3.9987642765045166,16.889516611428064,15.258771704906964,15.310044149891702,14.326520944371623,15.953525974633273
ABR,2018-03-09,4.054301984669509,3.9941353513117437,4.045045375823975,17.099476923123717,15.40544265860918,15.402555001716244,14.307118341124822,15.967246133620137
ABR,2018-03-12,4.100584666496933,4.040418019027874,4.095956802368164,16.990799275155695,15.562343411261981,15.505962524514489,14.37523811750004,15.963823339385264
ABR,2018-03-13,4.132982475322785,4.054303045074705,4.058931350708008,16.505091402955284,15.556878219083131,15.489880076066232,14.345493319131808,15.980251954913783
ABR,2018-03-14,4.109840088408081,4.068186233644382,4.08669900894165,15.613775068952451,15.586264032762646,15.518247962704852,14.359713854540573,15.991143719366772
ABR,2018-03-15,4.100583480069757,4.06355792947522,4.08669900894165,15.324066536751344,15.45846405884661,15.502461512714799,14.346196506733024,15.923894044298423
ABR,2018-03-16,4.123725343671835,4.08207148098756,4.1098408699035645,14.982129626699923,15.479799835550406,15.50319381173554,14.357015606976423,15.777369894773294
ABR,2018-03-19,4.114468392577243,4.068186233644382,4.08669900894165,15.16740133534995,14.941490015285378,15.522302635590588,14.346859875428466,15.790446066553404
ABR,2018-03-20,4.109841881120344,4.0774446205632895,4.091329097747803,14.264102510905499,14.64818675472114,15.512670129716838,14.316670251208437,15.784760312207238
ABR,2018-03-21,4.142238122489351,4.09132809108605,4.1098408699035645,14.11127333335099,14.662438677256182,15.465177325097052,14.294962128620028,15.78794038956465
ABR,2018-03-22,4.1237253258550215,4.068186989642432,4.077443599700928,14.489701179542616,14.771652259692077,15.5221239465272,14.330935162432759,15.7438693259079
ABR,2018-03-23,4.091328732691901,4.045046557700369,4.054303169250488,14.528741205357887,14.789538388391717,15.558114740399272,14.28665230467748,15.65259633051921
ABR,2018-03-26,4.091328732691901,4.04041825192531,4.054303169250488,14.563985842465776,14.75211853479064,15.440516618488044,14.131924767705705,15.65259633051921
ABR,2018-03-27,4.072814760981175,4.031160903935076,4.045045375823975,14.613897959475164,14.654045039539199,15.388252966229441,14.092766603963646,15.579423284132485
ABR,2018-03-28,4.072815596437171,4.02653342547445,4.0496745109558105,14.124393426203596,14.480928212488916,15.33054971081786,14.062291194805354,15.578445170719505
ABR,2018-03-29,4.08670008654803,4.049674526190363,4.082071781158447,14.194942305996111,14.558269287616643,15.357839078756935,13.975109753785242,15.594712465305207
ABR,2018-04-02,4.086700252030621,4.012649128316738,4.026533603668213,14.981486975270844,14.746752922520315,14.505303160148017,13.996930148355208,15.598072749819641
ABR,2018-04-03,4.063559214961792,4.03579026392101,4.058931350708008,14.559928582369205,14.809401060859,14.526600714261223,14.022177706786405,15.606509866040078
ABR,2018-04-04,4.077443369484589,4.035789509332099,4.0681867599487305,14.41271966647184,14.812225612463404,14.456014588762333,14.02308182142412,15.58157718146771
ABR,2018-04-05,4.077444131861702,4.049674739441401,4.058931350708008,14.475433073080108,14.653749491556074,14.31918674630403,14.01179414093143,15.543110004238914
ABR,2018-04-06,4.072815846253669,4.031161978108173,4.0404181480407715,13.99720379304279,14.472615468136974,14.15522986085971,13.929418379162083,15.50301719776419
ABR,2018-04-09,4.082072016186268,4.0404181480407715,4.0404181480407715,12.46174814897309,14.382850325489658,14.153449152577616,13.9203643672931,15.497793548854352
ABR,2018-04-10,4.072815776679146,4.021905298091217,4.026533603668213,11.863084506809775,14.29825341912868,14.11787211336413,13.8763892052773,15.501656374577868
ABR,2018-04-11,4.045045477719835,4.0033916196244625,4.008019924163818,11.66838889267917,14.222383030102517,14.023936981324331,13.849012895960419,15.47657561586681
ABR,2018-04-12,4.045045781570182,4.008020225232929,4.031161308288574,11.72069883607085,14.135128640381636,13.968728647959813,13.81983002417182,15.435987863795997
ABR,2018-04-13,4.0311618252405275,3.9709951781319224,3.9802517890930176,12.081444490494157,14.368242873177127,13.51712418771743,13.910422216417718,15.483423065604365
ABR,2018-04-16,4.017277135242216,3.9756232709049004,4.003392219543457,11.698496360468658,14.21139054748107,13.486355433284409,13.870776099292836,15.435865264659535
ABR,2018-04-17,4.031161909245209,3.9987646529652636,4.026533603668213,11.528259457793052,14.224636130235318,13.416385915220191,13.83036334002046,15.322414008385085
ABR,2018-04-18,4.031161005481183,4.0033916196244625,4.008019924163818,11.501904096023718,14.199800226103267,13.397447763498507,13.844291627616819,15.329272848778002
ABR,2018-04-19,4.012649124185833,3.9802518679392396,3.984879732131958,11.651023011621236,14.03818944233937,13.372472168544858,13.842823377989424,15.336859829173374
ABR,2018-04-20,4.017277135242216,3.98025157613782,4.003392219543457,10.719007669630642,14.061902237536236,13.38140855359875,13.850945122821514,15.338062928780902
ABR,2018-04-23,4.049674086457201,3.9941357519513216,4.031161308288574,10.368799548084565,14.080132163187287,13.317957639866435,13.803011833683298,15.350796273955151
ABR,2018-04-24,4.035789914794413,3.994136050457098,4.003392219543457,9.82806347158504,13.974697789260535,13.36629228218401,13.80111664915894,15.367948009414892
ABR,2018-04-25,4.0126488300092955,3.9756232709049004,4.003392219543457,9.507321760252415,13.561069606783668,13.316894934932598,13.792078337422165,15.367240096593557
ABR,2018-04-26,4.045045781570182,3.9941357519513216,4.031161308288574,9.5136520991783,13.155788773552024,13.344075229055413,13.796354024350393,15.340724800837785
ABR,2018-04-27,4.072815666231338,4.031161799926982,4.063559055328369,9.82478559329126,13.096612333411331,13.34230667630706,13.770578573563633,15.336634610192387
ABR,2018-04-30,4.077444256746254,4.035790387529782,4.054303169250488,9.683219121841608,12.987436522132537,13.348927813075647,13.690883886511221,15.32645865028842
ABR,2018-05-01,4.05893137066501,4.017277502519515,4.0404181480407715,9.600891540689618,13.016613201663649,13.36042685562295,13.689867976440892,15.305700777254454
ABR,2018-05-02,4.063559214961792,4.026533652654404,4.058931350708008,9.699196200965792,12.625850532119662,13.376676174074472,13.653698837522196,15.161810629093011
ABR,2018-05-03,4.063559055328369,4.0265334944754985,4.063559055328369,9.603533025714517,12.47935133802116,13.368142023127524,13.64849328605549,15.153050852857215
ABR,2018-05-04,4.248687515759353,4.049674785079702,4.239430904388428,15.451775672956177,14.983236949377376,14.93129150719156,14.5025808849847,15.688071815122665
ABR,2018-05-07,4.345880031585693,4.244059506296373,4.345880031585693,16.727516876336264,15.576201264220579,15.398880715753355,14.716629338174963,15.67194034595227
ABR,2018-05-08,4.369019915044989,4.331994356209144,4.355135440826416,16.71329042725893,15.57198883900011,15.373451525456227,14.71709112960734,15.558468199772161
ABR,2018-05-09,4.401417307717772,4.364391751425295,4.382904529571533,16.691034593177477,15.560620947837473,15.30558610328003,14.723565669699912,15.521698853244228
ABR,2018-05-10,4.39679001629438,4.3551361455192845,4.3643927574157715,16.806202005910166,15.39284822741018,15.320023861047618,14.736895447626816,15.524574671592944
ABR,2018-05-11,4.387532162354034,4.355134912646597,4.373647689819336,16.725979029764765,15.390387777509524,15.249087778073553,14.737322458782778,14.326671379272948
ABR,2018-05-14,4.4639731715585675,4.406925647581983,4.411679267883301,16.11155297245686,15.433471971686059,15.28681120066214,14.75731533056448,14.335796196597917
ABR,2018-05-15,4.449712325953189,4.3974188594872805,4.435450553894043,16.058884295829436,15.211612600708884,14.927481661777628,14.76242905689881,14.342254538290696
ABR,2018-05-16,4.354633390783971,4.245292375153899,4.335617542266846,17.706617328179483,16.007697510337728,15.249936730893301,15.026884320804577,14.505164597157123
ABR,2018-05-17,4.411679327706623,4.3403700351122785,4.387909412384033,17.8804899528112,16.131813070209596,15.344189179550446,15.070485913010106,14.54307854372868
ABR,2018-05-18,4.421188889965823,4.3879108165158405,4.402173042297363,17.751196574002172,15.851980911544523,15.346522646643097,15.060603939954984,14.254052551054485
ABR,2018-05-21,4.454465427992194,4.397417898844433,4.444957733154297,17.836995211580334,15.303133885764739,15.375903230989877,14.954200151460839,14.280862908252942
ABR,2018-05-22,4.50200559306275,4.444958059723727,4.492497444152832,17.849518165505675,15.169833304033247,15.430667040168567,14.990009175604078,14.308481797564035
ABR,2018-05-23,4.487743377685547,4.454465763188593,4.487743377685547,17.736088739426595,15.029654465144194,15.384408678453148,14.833467114937255,14.304438206562903
ABR,2018-05-24,4.511513272590088,4.482989732708539,4.502005577087402,17.726720617837696,15.011150476168503,15.272998194318207,14.823350992989429,14.28237449935604
ABR,2018-05-25,4.5162673710925745,4.4782356821322,4.487743377685547,17.16708588957453,14.96380010322636,15.288856484112548,14.814184084736434,14.28831695545057
ABR,2018-05-29,4.544791723571035,4.4877437322497755,4.530529499053955,17.233879754202707,14.794179421383044,15.265096805558406,14.833384659529777,14.312176903137757
ABR,2018-05-30,4.559053494714584,4.516267727910405,4.530529499053955,17.26713149295639,14.738057249273295,15.25436125401089,14.775925096328207,14.312176903137757
ABR,2018-05-31,4.554298439038391,4.497250913376711,4.544790744781494,17.07913464320233,14.709840696706852,15.256167633835037,14.758650232026579,14.313789426080485
ABR,2018-06-01,4.563807208979789,4.487743377685547,4.487743377685547,17.535519336623963,15.028649275466908,15.337054218306715,14.844426957144702,14.378149574483064
ABR,2018-06-04,4.516268381794043,4.468728533267825,4.473482608795166,17.655400418216917,14.774396020468314,15.21319159940841,14.850876951091339,14.374741144533958
ABR,2018-06-05,4.492498095504186,4.406927009775751,4.435450553894043,17.97613998740319,14.787021697249914,15.236418314161886,14.896340712950302,14.38882828174766
ABR,2018-06-06,4.5115132331848145,4.435449856333728,4.5115132331848145,18.14426675653427,14.95723079149511,15.384985337659792,15.000630986857615,14.461314612656096
ABR,2018-06-07,4.544790812759139,4.506758675042396,4.516266822814941,18.126736997593387,14.791109569983755,15.306220413477298,14.997484586211312,14.384361536667829
ABR,2018-06-08,4.559053006962652,4.5210213190663335,4.535283088684082,18.106139879188667,14.762737310086157,15.229263521647947,15.001234574713457,14.312826720118984
ABR,2018-06-11,4.649378339285286,4.549545041200624,4.639870643615723,18.88649860045698,15.37494982242553,15.579043527126988,15.213771749801609,14.454508519905385
ABR,2018-06-12,4.706425698149956,4.6303623221321475,4.701672077178955,18.943240860520874,15.52717731973344,15.550177072836199,15.269318071887833,14.495417941471784
ABR,2018-06-13,4.777735848042294,4.706426087102248,4.725441932678223,18.776412402712168,15.449553023831816,15.551491610581063,15.266961299264342,14.484215283848082
ABR,2018-06-14,4.801505212935081,4.711179616867594,4.753965377807617,18.776748647433607,15.464593188389046,15.508956470467364,15.266012910663074,14.46173543686434
ABR,2018-06-15,4.763474077203693,4.711180161839621,4.725441932678223,19.026453189351777,15.55641362455702,15.467298394349799,15.200269072106101,14.477064851878922
ABR,2018-06-18,4.882322859183165,4.730195652612617,4.853798866271973,16.77297311492508,16.194109759295177,15.956444853689156,15.268290817005942,14.696112616905815
ABR,2018-06-19,4.868062274940549,4.768228946201351,4.78724479675293,16.444005155103657,16.461299688489603,16.150066509055996,15.34684364361884,14.771623786131999
ABR,2018-06-20,4.839537686473282,4.79199784361705,4.815767765045166,16.45903297011751,16.463628695550668,16.031644331765538,15.24657182992204,14.777756328955824
ABR,2018-06-21,4.849044002192761,4.787242405427876,4.791996479034424,16.605149896211934,16.508211670172496,15.820440363767569,15.25610085424589,14.731847831808341
ABR,2018-06-22,4.825275144508341,4.7349499930653,4.763473987579346,16.67814751826371,16.603240850370245,15.610672248884965,15.281180617613693,14.748620301075302
ABR,2018-06-25,4.839537735803702,4.763474349157235,4.801506042480469,16.73948220990787,16.60302804366902,15.553920786303859,15.291492032248108,14.715075574975794
ABR,2018-06-26,4.83478312474687,4.7777355910870645,4.820521354675293,16.659350201590286,16.248430405753428,15.471428717505392,15.2769050067349,14.713632060612852
ABR,2018-06-27,4.830030573837392,4.772983022182656,4.78724479675293,16.884059682923965,16.339750185121392,15.535186536442447,15.308107268965385,14.72767147643921
ABR,2018-06-28,5.072482423638895,4.849045865385627,4.967895030975342,17.95714012321605,17.78595169095686,16.24242327859273,15.877977419171838,15.159893190552163
ABR,2018-06-29,5.024943101242345,4.939372001368209,4.958387851715088,17.907911332396882,17.781229632483566,16.21147214639125,15.828091110925998,15.140085418865928
ABR,2018-07-02,5.04871236235319,4.958387198449237,5.015434741973877,18.03199652656029,17.779864858285848,16.25761025154054,15.862878802595334,15.150680538024726
ABR,2018-07-03,5.058218537519429,5.010678709795023,5.034448623657227,17.96152445960295,17.764019100097876,16.204807157416692,15.863391930109255,15.136226218926495
ABR,2018-07-05,5.0677266120910645,5.024940854596646,5.0677266120910645,17.872547867807956,17.711448387886854,16.211093795828422,15.872238168387575,15.144901359747841
ABR,2018-07-06,5.196085571002786,5.077236407555319,5.158053874969482,18.23094191037398,17.845799870525422,16.358217542053232,15.938561370904909,15.183973311009478
ABR,2018-07-09,5.229363191688531,5.143791648926809,5.158053874969482,18.276271238008416,17.863398250674887,16.243882371605014,15.938561370904909,15.07187812914512
ABR,2018-07-10,5.177068829795002,5.124774916741209,5.134283065795898,18.333981926691838,17.61326682920142,16.288833968076087,15.944082465325089,15.050370338213675
ABR,2018-07-11,5.205591686054629,5.139036464912983,5.2008376121521,18.440401716154486,17.699547672214827,16.35938258867342,15.984944047340935,15.076676947965668
ABR,2018-07-12,5.229361602193834,5.181821769915423,5.2008376121521,18.440401716154486,17.71944527155591,16.24839716171431,15.973314828272155,15.009533953342299
ABR,2018-07-13,5.21034680440585,5.16280696259776,5.177069187164307,18.62831701497617,17.718848700550346,16.246254632086625,15.983685212686138,14.9599665329749
ABR,2018-07-16,5.20083766555204,5.1580523601102986,5.181821823120117,17.957343284632195,17.60923872630076,16.249610772377384,15.947335310714914,14.959787095271334
ABR,2018-07-17,5.571647698896361,5.21985390695672,5.552631855010986,25.716017677961805,22.048301357095923,19.170531674031135,17.809680750452458,16.416112354842273
ABR,2018-07-18,5.524108997485677,5.314934671769376,5.333950519561768,28.84405823213206,23.945688859344564,20.147432931637503,18.50643794666013,16.931159310741926
ABR,2018-07-19,5.352966376217723,5.295918832746089,5.329196453094482,28.724918269921297,23.85294223779317,20.067409034644466,18.444974792759254,16.88323564608356
ABR,2018-07-20,5.3624725952513685,5.319686836098351,5.33870267868042,28.71577052852064,23.840520472736813,19.987466446753725,18.42302457941911,16.87521909529861
ABR,2018-07-23,5.419520574901615,5.314933658666032,5.357719421386719,28.719068538857297,23.837725626189137,19.975159244047486,18.389850859367527,16.850996050593032
ABR,2018-07-24,5.314932461745493,5.248376795460123,5.267392635345459,28.95816723806791,24.23905848459376,20.19779849685772,18.52625475547302,16.923865571012126
ABR,2018-07-25,5.338701812434925,5.257884834604396,5.310178279876709,28.857420447688177,24.211518236535355,20.097833473659968,18.10292842502821,16.906666836474756
ABR,2018-07-26,5.324440994773843,5.281655234940307,5.3149333000183105,28.870142667357264,24.167208022998533,20.076875770067304,18.08638810825022,16.906768855835868
ABR,2018-07-27,5.319687414063578,5.267393954624752,5.305425643920898,28.909476766991727,24.202330608868593,20.08218920168246,18.05126287600167,16.884440837739827
ABR,2018-07-30,5.452799934431562,5.3387043890135,5.40526008605957,29.07525740187199,24.364930376945868,20.2326037306878,18.082591958542476,16.933137822394908
ABR,2018-07-31,5.424275934733648,5.352966615549255,5.40526008605957,28.315072354099254,23.08476616280811,20.128075622814116,18.014483619206665,16.933137822394908
ABR,2018-08-01,5.4242754475709845,5.3339502878247576,5.410013675689697,27.847194502804268,22.683427495664084,20.08458108253803,18.014971927564403,16.923992890411064
ABR,2018-08-02,5.448045369622167,5.400505525519803,5.410013675689697,27.86586105394619,22.69371599100105,20.03047396971687,18.00154499324972,16.923992890411064
ABR,2018-08-03,5.5859098516183465,5.429029015459797,5.581155776977539,28.819491412422387,23.37982510704191,20.437736161688704,18.264048093513814,17.132561298892824
ABR,2018-08-06,5.614435543908386,5.4955863621889955,5.500339984893799,29.21211571048908,23.631002035978792,20.62248751308439,18.328522705519827,17.19735236163478
ABR,2018-08-07,5.547878124739483,5.410013134677664,5.433783054351807,29.602847672307636,23.856340660672593,20.757244296673694,18.178068191023993,17.245130492215555
ABR,2018-08-08,5.471814883263978,5.3577198099824805,5.381489276885986,29.871769365222306,23.986286999267747,20.846914887460873,18.214527610391713,17.270130075131537
ABR,2018-08-09,5.4718146963817,5.371981397326679,5.448044776916504,29.798584327554046,24.05349144426199,20.858672258430765,18.227478454303053,17.27823048887368
ABR,2018-08-10,5.471813753171952,5.42902799618454,5.438535690307617,28.17252575716279,23.45415892229927,20.86980092874037,18.222469125121325,17.226364260525134
ABR,2018-08-13,5.505093233580413,5.438537538606076,5.457553386688232,28.133818291442168,23.39165933180137,20.868350902058356,18.208519221214864,17.218874622856582
ABR,2018-08-14,5.574188664604193,5.457553155581526,5.5596089363098145,28.38809925144938,23.589583937928012,20.94362650770531,18.314708591950723,17.281253771481655
ABR,2018-08-15,5.559607948761642,5.472131911866023,5.5450286865234375,28.441961991235683,23.595483142067796,20.916506300224373,18.264837115055105,17.281623479705193
ABR,2018-08-16,5.617925595822905,5.5255891922972635,5.60334587097168,28.503920009138035,23.59329170054958,20.942558895125124,18.292388857842763,17.30062100614976
ABR,2018-08-17,5.656804052914835,5.5790469091554264,5.6470842361450195,28.21486162854577,23.58692771653648,20.93593618326445,18.274069586128284,17.270899682884437
ABR,2018-08-20,5.705403252141162,5.6276465513264915,5.671384811401367,28.20237596341783,23.58671319657936,20.933510185877545,18.263917090096736,17.27251685073041
ABR,2018-08-21,5.729700497663981,5.65680372991817,5.705401420593262,28.115415145375295,23.544886895857445,20.924766575103845,18.25574055025843,17.27184206241238
ABR,2018-08-22,5.744279384613037,5.6762425294032965,5.744279384613037,27.99432838984123,23.524512978515805,20.751957729800974,18.26240499973481,17.277703936572518
ABR,2018-08-23,5.81231829465326,5.754000775592498,5.802598476409912,28.04349745768381,23.543036928568558,20.76602105258067,18.282350237722895,17.29689922896163
ABR,2018-08-24,5.856057152358538,5.797739627297353,5.851197242736816,27.963911814746435,23.55787338102958,20.77868734145512,18.296309538309313,17.302818395866094
ABR,2018-08-27,5.8852157433580645,5.851197302591008,5.8754963874816895,27.947833478634276,23.294994830854442,20.757173176977176,18.297126846752562,17.301047369940285
ABR,2018-08-28,5.894936491680459,5.817179778549841,5.865777492523193,20.080370124536888,23.27560174810427,20.732746628448368,18.295005910863686,17.302363655164168
ABR,2018-08-29,5.875496327378933,5.831758067716422,5.851197242736816,15.728241764361083,23.16343729163541,20.74789595425999,18.30140479356196,17.298639484420963
ABR,2018-08-30,5.914374304868905,5.856056783481184,5.894935131072998,15.730713547529081,23.027568404808473,20.72443644015967,18.293740297115022,17.302052678440365
ABR,2018-08-31,5.958113670349121,5.875497050478166,5.958113670349121,15.863075245168186,23.05106086475805,20.708259005114616,18.268485070041653,17.2450544645839
ABR,2018-09-04,6.001850118194786,5.788018767930065,5.812317848205566,17.87636389867635,23.825310411167138,21.202280181743276,18.546864540235415,17.448705993001788
ABR,2018-09-05,5.8852157433580645,5.802599132809645,5.8754963874816895,17.006932518226172,23.54927248950707,21.06840584880706,18.549560643929418,17.366880076188114
ABR,2018-09-06,5.938673356034956,5.8657761070925885,5.8803558349609375,16.972103504870365,23.477220305372647,21.07175486970404,18.54250638371713,17.357906387598604
ABR,2018-09-07,5.904653877995801,5.8317570996369055,5.841476917266846,17.207285724712353,23.571062037754203,21.134824332988664,18.387653122734196,17.36540227303682
ABR,2018-09-10,5.890074237269159,5.8463359876723215,5.885214328765869,17.185390897159014,23.5794009502047,21.100558431426837,18.33461247481875,17.36446539938847
ABR,2018-09-11,5.933813062438367,5.870635636166625,5.919233798980713,16.5916071888279,23.498526777844596,21.04595602642836,18.334655548873947,17.33718120380536
ABR,2018-09-12,5.924094033196675,5.831758067716422,5.851197242736816,17.10530469504167,23.20484832669176,21.189224665238633,18.40609052214097,17.37633909109598
ABR,2018-09-13,5.904655849088503,5.83175904639519,5.865777492523193,17.09724489586199,22.93606101434615,21.184294295250048,18.387835506082673,17.370648839903293
ABR,2018-09-14,5.890074615017305,5.826897190821935,5.841476917266846,17.196180585544496,22.98126474350084,21.153429367809327,18.39879805970327,17.378517254657194
ABR,2018-09-17,5.860916089060312,5.822037282006965,5.841476917266846,14.914978828707076,22.92847388818006,21.153429367809327,18.381929730145785,17.37949198454439
ABR,2018-09-18,5.875496266774901,5.8220381884203505,5.826898097991943,14.173798760607296,22.879513758887345,21.17068791460401,18.32984486166045,17.37584256259721
ABR,2018-09-19,5.826896306381327,5.6276447098752715,5.690822124481201,15.491483299199249,23.51533989986898,21.59766573854599,18.58177923196232,17.560762141303737
ABR,2018-09-20,5.715121980427053,5.5693279624992025,5.622785568237305,15.653923901127836,23.710059952177406,21.717646041692063,18.61762629703535,17.615742201944833
ABR,2018-09-21,5.695682393061353,5.617925712768317,5.6470842361450195,15.341954840624892,23.62960833146586,21.691599108277494,18.6120686349185,17.617374889403013
ABR,2018-09-24,5.671384551071968,5.564468860626221,5.564468860626221,16.00612959960623,22.78818789434893,21.87963584008944,18.71826833169902,17.690081823404423
ABR,2018-09-25,5.608205693171592,5.564467446222008,5.569327354431152,15.985332153680185,22.77546016344151,21.88030218848042,18.683899035513967,17.68505271570327
ABR,2018-09-26,5.574188900649972,5.457553386688232,5.457553386688232,16.17454131606952,23.134781641785974,21.27363757500961,18.80022173182453,17.816705466737005
ABR,2018-09-27,5.5353101918084375,5.457553033050281,5.50615119934082,16.391976942609197,23.180463323393134,20.997566490264653,18.787789083047052,17.773410203376606
ABR,2018-09-28,5.593628841319868,5.5012923994400476,5.579049110412598,16.562196012043724,23.28091253676853,21.067197014513525,18.813992164437735,17.67420646202156
ABR,2018-10-01,5.617926875737292,5.525590451174938,5.540169715881348,16.501481520051804,23.1019554425788,21.111159981738844,18.805360232819414,17.677213439686422
ABR,2018-10-02,5.5596094120485375,5.515871613822152,5.554749965667725,16.46525010844302,23.102446901537924,21.084840756532426,18.7655641610719,17.61113809636415
ABR,2018-10-03,5.6568029688621015,5.55960667365584,5.598485469818115,16.539528070195956,23.108736545145852,21.10238767280828,18.772501775751984,17.61674800038056
ABR,2018-10-04,5.5984877317522095,5.535310299729334,5.54988956451416,16.54559060147085,23.076056743567,21.152884952649924,18.755336995261697,17.647113993830143
ABR,2018-10-05,5.5839080035009125,5.530450390312235,5.54988956451416,16.204312137411993,23.076056743567,21.150178231697524,18.754355215524388,17.642452404311943
ABR,2018-10-08,5.617927074432373,5.549889730952,5.617927074432373,16.44338926431258,23.155969994489016,20.823501474564445,18.767743134904833,17.662780495877065
ABR,2018-10-09,5.7540001215552286,5.656804267501875,5.729701042175293,17.48095531618509,23.458547688390837,20.94770819987669,18.8384965562496,17.754022705672895
ABR,2018-10-10,5.749140514056413,5.656804563736885,5.661664009094238,17.774723859437408,18.954907143947825,21.07546611912141,18.91261052443342,17.80647693872731
ABR,2018-10-11,5.690824317928929,5.588768526301288,5.608207702636719,17.934473475454773,17.10722235531051,21.129259307697,18.95737222092976,17.80609976306071
ABR,2018-10-12,5.690822516731057,5.613065836000042,5.656804084777832,17.98834755105624,17.17726794111019,21.11152565484188,18.913257717411952,17.814946709437688
ABR,2018-10-15,5.710262713640372,5.622786200356188,5.6859636306762695,17.736853062594484,17.197633746523156,21.109326674202766,18.799500654776633,17.817404514536985
ABR,2018-10-16,5.7783002853393555,5.661664775120144,5.7783002853393555,17.030624144170964,17.466075520135767,21.22149231395954,18.74756009647798,17.874386482801317
ABR,2018-10-17,5.792879581451416,5.739421967269051,5.792879581451416,16.73189800423418,17.047439918645367,21.20201628206313,18.711266953498498,17.845642062528825
ABR,2018-10-18,5.826897928177993,5.734561966341115,5.754001140594482,16.82414051090359,17.076512352071532,21.22331867441554,18.706543738204644,17.86494834255765
ABR,2018-10-19,5.797739804525064,5.695684016681684,5.724842548370361,16.78270394196853,17.126965652601566,21.253187483526528,18.72293952388216,17.870115114051913
ABR,2018-10-22,5.822038516978011,5.749141723156244,5.763720989227295,16.754770993751826,17.152118490009336,21.264463578705755,18.6298991469111,17.869340551029417
ABR,2018-10-23,5.802598750730948,5.6762443518590455,5.715122699737549,16.785691078029327,16.88454841513388,21.199830812322357,18.647448784661325,17.89065091154184
ABR,2018-10-24,5.75886046097978,5.5790475381951925,5.710262298583984,16.49404540042794,16.887448021052855,21.187378127291396,18.649330009720448,17.887739054064042
ABR,2018-10-25,5.792878562830174,5.637365193669546,5.768579483032227,16.7749812820329,16.993407913245754,21.148635071006066,18.64989768063006,17.884770243486976
ABR,2018-10-26,5.768579815379084,5.681103308453222,5.710262298583984,16.976090552077956,17.147609880427545,21.11823570404072,18.70848857262787,17.919868873326514
ABR,2018-10-29,5.851197421598643,5.70054346298546,5.724842548370361,17.00204456471843,15.953248013832017,21.11722124032252,18.69934752609738,17.919920944765842
ABR,2018-10-30,5.841477378986703,5.71512252060867,5.836617469787598,17.94957794843852,16.104102309399675,21.28660655460762,18.73863504827588,17.95997213460232
ABR,2018-10-31,5.904653465046651,5.836616600260966,5.870635032653809,16.547075449658895,15.896674581621989,21.044152262098965,18.74210931508934,17.94712764603078
ABR,2018-11-01,5.880356067114616,5.749141291917933,5.7783002853393555,16.84403344492494,16.127554202984243,21.167558991916177,18.86557172920245,18.011428962769173
ABR,2018-11-02,6.031009474275892,5.783159655574192,5.948392868041992,18.696867710816548,16.96176681325674,21.591208062763485,19.06391230023962,18.212756941749365
ABR,2018-11-05,5.982410693069782,5.885214376087986,5.899794101715088,18.28812213849943,17.06527740533087,21.64685591794146,19.08668167788803,17.92233784819423
ABR,2018-11-06,5.928953122679317,5.807458179741355,5.9095139503479,18.28553499162498,17.059611601136556,21.60731334265188,19.08692233548773,17.910604413209597
ABR,2018-11-07,5.948392743145127,5.860916692796776,5.894935131072998,17.09214428564958,16.694144408673644,21.25704429299607,19.018906527059873,17.88731109484193
ABR,2018-11-08,5.9143732819968236,5.846335953744758,5.870635032653809,17.09121175779137,16.710851836615934,21.1296698472885,18.865495594143727,17.844159861852656
ABR,2018-11-09,5.992131695615812,5.870636729421709,5.987271785736084,17.554615750694193,17.038178697235523,21.305916263477393,18.91610673905083,17.881302610957686
ABR,2018-11-12,6.215681654770461,6.03100927422427,6.060168266296387,17.543466832372484,17.13332935898901,21.33266621340833,18.909312458528376,17.91051387708559
ABR,2018-11-13,6.167081319109305,6.065025577967246,6.152502059936523,17.891261834621407,17.359663037373256,21.386010842855075,18.96309171285954,17.94822843768188
ABR,2018-11-14,6.192229770634508,6.018430032425949,6.048224449157715,18.79116325808309,17.737169007509657,21.593813110422662,19.08181385572408,18.003928975046303
ABR,2018-11-15,6.01843016186865,5.88932180919782,5.958841800689697,19.194204509037547,17.988101358828285,21.763763827640663,19.131062378568426,18.0523354527227
ABR,2018-11-16,6.018430780111875,5.91415101894502,6.008499622344971,19.2557682135253,17.9512405945748,21.736854856763134,19.126334671849925,17.894984179774713
ABR,2018-11-19,6.053189954372732,5.934013231354458,5.95387601852417,19.329243634018408,17.98578160258499,21.082872677126822,19.167168030783344,17.916524473330345
ABR,2018-11-20,5.9538756337924355,5.7701447459534965,5.8694586753845215,19.12334578369466,18.212062410231994,21.22935456115793,19.267011941222638,17.966034669365683
ABR,2018-11-21,5.9489105794958705,5.8247680334439575,5.899253845214844,18.77013477032887,18.23828200320185,21.178864341701757,19.196799402824468,17.96139870579194
ABR,2018-11-23,5.968773497204804,5.88932187451877,5.948910236358643,18.58555323522916,18.308444691796105,21.203371570980558,19.178929663346906,17.962584735788507
ABR,2018-11-26,6.043258732922846,5.968773400224785,6.033327102661133,18.82164040520329,18.469499658856176,21.280981005877013,19.191883585589984,18.004851078029667
ABR,2018-11-27,6.087948863010146,5.953874723600078,6.078017234802246,18.863709914983982,18.403679061562922,21.147291814106133,19.155048003884176,17.97326877309713
ABR,2018-11-28,6.117744582611598,6.038293428068523,6.09788179397583,18.403784087907095,17.651620165800217,21.14718954308834,19.14771232160404,17.973804889774158
ABR,2018-11-29,6.112777459963799,6.053188637848593,6.078017234802246,18.460205261099112,17.546005374697206,21.138010569307237,19.15693625763302,17.95967409593645
ABR,2018-11-30,5.953876017011493,5.874424868352828,5.884356498718262,20.813137383309193,18.79987528715953,21.740508764281262,19.584405896134246,18.274287622552176
ABR,2018-12-03,5.983670780634454,5.879391023596913,5.904219627380371,20.75155796574468,18.760594448257482,21.742218411021828,19.56392994648209,18.263573360721562
ABR,2018-12-04,5.973737852633227,5.785041167842859,5.809869766235352,21.254868487242963,18.990266208871752,21.897629677726297,19.681252761105764,18.348929825560745
ABR,2018-12-06,5.889321497391559,5.7651789664498345,5.864493370056152,21.246289120141373,19.052776612051147,21.936275582089092,19.69847982600262,18.36333589684389
ABR,2018-12-07,5.919116909620229,5.859528541564941,5.859528541564941,21.246262156456304,18.904774368325008,19.0469403758795,19.666253108126348,18.364932625956477
ABR,2018-12-10,5.889320754231671,5.680761290681922,5.7602128982543945,21.67368003791244,19.21911180607715,18.120767393852706,19.775140272781,18.458913496784053
ABR,2018-12-11,5.824767381486924,5.745316236677139,5.785041809082031,21.491864263076323,19.224880194659715,18.12740376029856,19.775714527344277,18.456961645256875
ABR,2018-12-12,5.889321632600666,5.794973515287995,5.844630718231201,21.672771252112895,19.342916376685753,18.188544009233574,19.793294304961293,18.47494005193681
ABR,2018-12-13,5.884355717713131,5.715521812438965,5.715521812438965,21.921385819874175,19.872822009289944,18.553312940206883,20.002237042886982,18.619028153821702
ABR,2018-12-14,5.780076632528548,5.680762225118126,5.6906938552856445,21.85693221962227,19.291298725700816,18.35461547900177,20.002866410278898,18.59687744662316
ABR,2018-12-17,5.720486637845716,5.387784699347776,5.4275102615356445,25.34106596737714,21.46750492840111,19.841848426201434,20.753288931083087,19.225562777543896
ABR,2018-12-18,5.561586643500955,5.273575939585879,5.387787342071533,23.594506236294045,21.486759970749013,19.87778856344868,20.766642347450322,19.223365411190354
ABR,2018-12-19,5.402682271144455,5.228882561955991,5.26364278793335,24.26416651195793,21.79422558545363,20.22149241786258,20.974109496145676,19.376522584849333
ABR,2018-12-20,5.362957440545178,4.950804275000794,5.0153584480285645,27.406815792473527,23.85495635476583,21.402787029375883,21.780675920760952,19.889850593912264
ABR,2018-12-21,5.14943262281399,4.945838928222656,4.945838928222656,27.499690313837956,23.679922990097005,21.504815607838516,21.84377073781896,19.895745232067167
ABR,2018-12-24,4.960736037612847,4.777005125875286,4.856456279754639,27.725986603845353,23.817353089069748,21.678246416089383,21.96323494876217,19.986894646879907
ABR,2018-12-26,5.119638578706018,4.871353497700349,5.099775791168213,31.183433170322388,25.83481547184812,23.08377601783783,22.674736774053216,20.55538237644754
ABR,2018-12-27,5.089815616607666,4.905546424195094,5.089815616607666,30.763213015563522,25.80965584042622,22.516527301848882,22.66715383803867,20.54965620405758
ABR,2018-12-28,5.144598116327216,5.05495346600921,5.099775791168213,30.216331009717994,25.805521354491407,22.41388377541897,22.661156857397124,20.54437938859192
ABR,2018-12-31,5.1296569521649635,4.970288649167807,5.015110969543457,30.20549740799932,25.920012895608423,22.484712737409005,22.7012465099146,20.604819879123184
ABR,2019-01-02,5.074873725209781,4.9503674952247625,5.069893836975098,30.485896450476936,26.008405372156574,22.514822475088465,22.723335990261916,20.597106010275333
ABR,2019-01-03,5.164518231877761,5.0449923681106545,5.149577617645264,30.841730300505453,26.242330370107542,22.568993678085437,22.780152367648974,20.648183505125907
ABR,2019-01-04,5.298985078952359,5.159537765723457,5.289024353027344,32.16079553709793,26.72470385935671,22.979649561620075,22.96529164532407,20.78537793534426
ABR,2019-01-07,5.448392621037528,5.284044429243537,5.418511390686035,33.008095969846565,26.888498684211974,23.298720957091444,23.104068537535486,20.908438591424602
ABR,2019-01-08,5.503174304962158,5.393608712591138,5.503174304962158,33.35735825379939,26.996468437135974,23.242163314141855,23.159184585317156,20.956318325854774
ABR,2019-01-09,5.597801287674334,5.45835441065552,5.587841033935547,33.60802539986595,27.119851892429132,23.3659530278849,23.20636949007851,20.977369588787553
ABR,2019-01-10,5.642622145296203,5.518115918833438,5.622701168060303,33.35525284978483,27.09136921257184,23.327627158665535,23.188859182274378,20.941930939004628
ABR,2019-01-11,5.692424951561887,5.5977999513866985,5.637641906738281,33.26345721331118,27.07560042773205,23.298515704582965,23.187944742114063,20.924758774533704
ABR,2019-01-14,5.672503621855774,5.612740692537232,5.65258264541626,33.25464634865386,26.87026372562451,23.29222421390744,23.1804597390479,20.910255575778532
ABR,2019-01-15,5.692424598295288,5.6077603296889675,5.65258264541626,33.26182282009075,26.8636633826778,23.272263003354507,23.170022231809924,20.88817656214692
ABR,2019-01-16,5.677483509750496,5.612740692537232,5.65258264541626,32.02826571819401,26.831368132245597,23.246083152574652,23.16589266294705,20.865627641025668
ABR,2019-01-17,5.682464398801395,5.6227014639487365,5.677484035491943,32.042748186314505,26.82948287000157,23.199565897590062,23.159301921500365,20.863016698563055
ABR,2019-01-18,5.7123461326809535,5.617721129135727,5.642622470855713,31.7719158307728,26.818147678562937,23.177583709978535,23.176606609774474,20.84141301194943
ABR,2019-01-22,5.647601742098553,5.503174557995217,5.533055782318115,32.06126784323704,27.058237621971497,23.36595733304671,23.31491792277406,20.9462429072699
ABR,2019-01-23,5.587838924935997,5.5181152752653135,5.582858562469482,32.215936507231504,27.12803956139736,23.414480639816418,22.824732567221744,20.946252568891556
ABR,2019-01-24,5.632661692550194,5.572898288027991,5.617720603942871,31.94994981066774,27.074683178557947,23.43643764963671,22.66337670219357,20.91983065615953
ABR,2019-01-25,5.742226348112017,5.627680861375669,5.712345123291016,32.32322749842519,27.2221537412871,23.561134685805964,22.735237102394066,20.97489016437456
ABR,2019-01-28,5.762148181242179,5.692424996305656,5.757168292999268,32.261101804254636,27.26453284205442,23.5317177249451,22.740277178967613,20.979819621881692
ABR,2019-01-29,5.836851139584112,5.737246268591923,5.8019890785217285,31.66466039663205,27.017606631476127,23.236781711828367,22.741856072255754,20.95328680657867
ABR,2019-01-30,5.896615505218506,5.772109267270324,5.896615505218506,31.94901349327395,27.19739767923582,23.315925131833737,22.807274127454285,20.932649568287143
ABR,2019-01-31,5.966338712019649,5.8567735642701,5.95637845993042,28.519386560258404,27.067789820545435,23.370166848313083,22.81405758891982,20.875132329342108
ABR,2019-02-01,5.986260118245126,5.876694496417949,5.931477069854736,28.43347652658262,26.421880491543735,23.355381026055994,22.82024750311388,20.86355654646056
ABR,2019-02-04,6.001199467729104,5.926495456125404,5.971317768096924,27.309628127938613,26.401852262018387,23.34960317542988,22.642688089748344,20.848176445082263
ABR,2019-02-05,5.9762980773877175,5.93147576581475,5.94641637802124,22.50687206853063,26.415217700416864,23.342047625990325,22.620848475110215,20.854764930819965
ABR,2019-02-06,5.956377656743674,5.866733025260698,5.936456680297852,21.847661476266328,26.412415098040277,23.269567794576428,22.623575406081965,20.798777554258972
ABR,2019-02-07,5.931478259988228,5.851794328108701,5.901597023010254,20.92678625615327,26.42695104538806,23.286087313774885,22.620928229966733,20.792837560031817
ABR,2019-02-08,5.931476869050299,5.861753682482727,5.926496505737305,16.626920747732445,26.12576791369413,23.285417697855003,22.59744276432871,20.79320238374353
ABR,2019-02-11,5.956378412309132,5.91653645436354,5.931477069854736,16.544741679837635,26.00147689222399,23.28566684882002,22.59548644163044,20.781931098012745
ABR,2019-02-12,5.976299285888672,5.9165363500242165,5.976299285888672,16.53149579770174,25.854558876945045,23.31099144024702,22.605765691846,20.787221173583116
ABR,2019-02-13,5.981279802583902,5.906575774623457,5.95637845993042,15.397107149070774,25.629826128998435,23.002313805845766,22.60626456657939,20.786738671127004
ABR,2019-02-14,5.961359208987546,5.906576156616211,5.906576156616211,15.844812237031558,25.505735779925065,22.959333199945178,22.617142899435834,20.764834885821358
ABR,2019-02-15,6.1406472874318885,5.8567732321587975,6.125706672668457,18.042826115213355,26.53428755324424,23.6509586772009,22.99133770073073,21.050989491980367
ABR,2019-02-19,6.364759680167784,6.145628878365858,6.334878444671631,18.826604123651762,27.316394112594566,24.081960290589148,23.298617416350638,21.285200430178982
ABR,2019-02-20,6.34483869818579,6.245233788275824,6.334878444671631,18.08846024741635,27.130598347117346,24.082749886742427,23.235976410252995,21.24323308077521
ABR,2019-02-21,6.429500579833984,6.3348760696340465,6.429500579833984,18.05597817623907,27.262329360811883,23.926903874074053,23.278018816067434,21.27075636372508
ABR,2019-02-22,6.454404354095459,6.404601661528361,6.454404354095459,17.803372148172212,27.22886107673116,23.901618644071537,23.245095452508295,21.271472947927105
ABR,2019-02-25,6.568948044186351,6.4344815718024675,6.504205226898193,17.81856385231625,27.13242376552909,23.849998208815368,23.186976325776033,21.23173776159753
ABR,2019-02-26,6.58886902064891,6.474323524727584,6.504205226898193,17.863588044735824,27.103376756656232,23.81215799798742,23.187937222620544,21.121735051950868
ABR,2019-02-27,6.509185114798676,6.424520846094416,6.504205226898193,17.90729090187045,27.100655714889214,23.812936114999246,23.18771758279987,21.081895744472458
ABR,2019-02-28,6.5855717977050885,6.4431811898302715,6.580486297607422,17.96139292922576,27.171094992665562,23.846183233869837,23.08430114776783,21.079027708788114
ABR,2019-03-01,6.6262550051061675,6.499120409156425,6.54997444152832,18.125071955548982,26.28159193465271,23.8100074945776,23.058111198492696,21.08732401474779
ABR,2019-03-04,6.585571525538969,6.483863952688861,6.544888496398926,18.19970874126098,26.284657683019457,23.81170263765668,23.05701923875199,21.07249306624054
ABR,2019-03-05,6.595743299948526,6.5448892650609585,6.575401782989502,17.904477152969285,26.02636498782252,23.756824640818188,23.054074305787196,21.036599460808514
ABR,2019-03-06,6.580486081084733,6.499120022119229,6.534718036651611,16.676558128780936,26.035495613734405,23.609166240563127,23.054985159762506,21.040511997433455
ABR,2019-03-07,6.534719423945415,6.448267846696264,6.463523864746094,17.30912243492594,26.16154452084658,23.595518841795464,22.910974944849965,21.07483634694754
ABR,2019-03-08,6.478779047258772,6.392327481158866,6.44318151473999,17.45863884374019,25.889831143438656,23.543008561131266,22.84475463942028,21.080927835005696
ABR,2019-03-11,6.504205258330097,6.427924702387799,6.499119758605957,17.124977682075578,25.9225484561926,23.543137130533662,22.85414130128482,21.0422513086819
ABR,2019-03-12,6.5245471871903,6.463522641559475,6.509291172027588,17.10933215544255,25.864701785917386,23.53546726015889,22.840595378891525,21.02028286751647
ABR,2019-03-13,6.560144268653553,6.494034712479012,6.504205226898193,17.129430976142174,25.378342831660934,23.418338092715256,22.824306785145616,20.994868964022704
ABR,2019-03-14,6.5347164474321655,6.4533499232747396,6.478776931762695,16.85640740719119,25.37372192562506,23.431277436301418,22.821962535396718,20.974255380224065
ABR,2019-03-15,6.53980302810669,6.448266454589341,6.5398030281066895,16.832262434361578,23.21737461576848,23.433395931829168,22.838630099860826,20.981887933257944
ABR,2019-03-18,6.590657297802757,6.539803266786045,6.580486297607422,16.70940552764411,23.122674311619964,23.42388485465358,22.821679399792806,20.985516072968522
ABR,2019-03-19,6.595744149143183,6.483865548974301,6.514378070831299,17.130459678000488,22.625542537610936,23.47830746688493,22.47488460848085,21.016255918215577
ABR,2019-03-20,6.555058977010278,6.468607425689698,6.468607425689697,17.253393110004914,20.01455694477052,23.464495245999746,22.49409528047455,21.0217381354486
ABR,2019-03-21,6.575401369898413,6.468608291327674,6.565230369567871,17.541437010618562,19.764418838314455,23.560747822973628,22.518772303819624,21.06179273732204
ABR,2019-03-22,6.580485183052671,6.499119135191108,6.524546146392822,17.55665149732265,19.316462090325505,23.549084788033014,22.535547863667666,21.07563103297703
ABR,2019-03-25,6.590657385414236,6.483864306843497,6.565230369567871,17.57485931664056,17.009901897803097,23.49084868624624,22.53439417165218,21.057374278211537
ABR,2019-03-26,6.610998239636365,6.575400712001135,6.595742225646973,17.561024197323857,16.9614371281409,23.49579481294719,22.454884947518966,21.0453655477323
ABR,2019-03-27,6.6415098231683665,6.565228793936447,6.59065580368042,17.561912974225237,16.98685692413897,23.321596742292368,22.455731122465448,21.046217649688955
ABR,2019-03-28,6.605912716740604,6.560144189953497,6.600827217102051,17.459176656476743,16.424700709279318,23.310023396815524,22.44445985689279,21.042003052774735
ABR,2019-03-29,6.672022780573877,6.585571226334083,6.595742225646973,17.14764226748224,16.407602844820598,23.152038313883427,22.40421262171815,21.043604147498627
ABR,2019-04-01,6.682192530342024,6.6109970034049175,6.646594524383545,14.13654882386818,16.25612269056072,22.746761396921176,22.41626877379467,21.042795391474748
ABR,2019-04-02,6.738131076342494,6.626252537771139,6.73304557800293,11.176644774211153,15.67734111285843,22.77379588364223,22.446587088374187,21.01260400231038
ABR,2019-04-03,6.799158248305886,6.7025361671394466,6.773731231689453,11.217785092881325,15.11122085103219,22.78598942621299,22.452982296576586,21.00786705058683
ABR,2019-04-04,6.844926357269287,6.768645797124537,6.844926357269287,10.857139032579301,14.977911264790137,22.822971638951586,20.990804393783623,21.024736961208415
ABR,2019-04-05,6.941547712400599,6.860181660691686,6.885608673095703,10.902786534869316,14.78921799197645,22.81571515211021,20.413347905957774,21.023730507721584
ABR,2019-04-08,6.921207516291992,6.804243915952091,6.905951499938965,10.779738747152123,14.77853414181746,22.6321281298824,20.412287944969933,21.013228905317057
ABR,2019-04-09,6.941548826918847,6.844926746246087,6.860182762145996,11.055570799516326,14.921596894096222,22.602743997989574,20.43466526619472,21.030500698373274
ABR,2019-04-10,6.900865219573602,6.8398406760783415,6.875438690185547,11.043298216919737,14.922611645592557,22.493584443265018,20.433287032600877,21.023138384368455
ABR,2019-04-11,6.966975896929591,6.870353815514525,6.931378364562988,10.814515170280368,14.939302524008854,22.329532065295854,20.330883264967607,21.020703454437047
ABR,2019-04-12,6.9924011538071245,6.921205622011967,6.987315654754639,10.789211694035252,14.952000535374681,22.201022820552005,20.33064708715652,21.025843316783526
ABR,2019-04-15,7.0127438917219855,6.875438788146324,6.9415483474731445,11.053501957645086,15.093242937211707,22.212173699631393,20.353086415882395,20.991127385128156
ABR,2019-04-16,6.997486652859611,6.936462119169425,6.987315654754639,11.107987295314857,14.975691789049158,22.16168016209361,20.35819877298919,20.99260030863009
ABR,2019-04-17,7.007658356399892,6.79915770962806,6.865267753601074,12.274496493674325,14.849366011434354,22.22887350170572,20.38121952659618,21.08291405134741
ABR,2019-04-18,6.9618907216139325,6.870354136257844,6.95680570602417,12.118844531996482,14.94116584177484,22.299465042168006,20.42926510471097,21.10131884772402
ABR,2019-04-22,6.9618885651863005,6.905949531185666,6.916120529174805,12.252637573565895,15.057754738706434,22.304657884682545,20.447273636548772,21.101605726606138
ABR,2019-04-23,7.002572151912097,6.916120607939364,6.987315654754639,12.33229368354234,14.872192332683989,22.257699925493483,20.473543021017623,21.115576663209833
ABR,2019-04-24,7.083937736247296,6.987315200451816,7.068681240081787,12.61064203958235,14.94017496860383,22.29602127353444,20.202740684187788,21.13115424192546
ABR,2019-04-25,7.089023460090624,6.977145386882609,7.027998924255371,12.813328984030617,15.029478419195355,22.32405226768834,20.13188405835332,21.12650807802358
ABR,2019-04-26,7.089023094672586,7.002572037097196,7.007657051086426,12.77176946897812,14.83283614575053,22.32218187639016,20.07391602839621,21.131572112051643
ABR,2019-04-29,7.053426223509039,6.977145671844482,6.977145671844482,12.760626774407063,14.828524830187709,21.675897424375446,20.042460908069263,21.136526168380147
ABR,2019-04-30,6.99240282505424,6.90086576015084,6.946634292602539,12.837650693489294,14.832376556812887,21.695653476827474,20.012476237580703,21.13853435839974
ABR,2019-05-01,6.972061942153823,6.91103738833607,6.921207904815674,12.449020108345128,14.863166634751265,21.52600323841819,20.017947937705923,21.141891905991965
ABR,2019-05-02,6.977146298556387,6.905950754955825,6.951719284057617,12.163122033275606,14.803347190965136,21.495764394431845,20.019609924795386,21.135742307097754
ABR,2019-05-03,7.068683923440123,6.9669763352932215,7.0178303718566895,11.780395595592893,14.841815049722257,21.526963097729716,19.938660668068987,21.147025500246727
ABR,2019-05-06,7.038172120728469,6.875439974346787,6.900866508483887,12.795772461786207,15.276762991453353,21.52058391930596,20.04821389592701,21.231812120298464
ABR,2019-05-07,6.926291265757235,6.758473673358483,6.794071197509766,13.682828294257288,15.720816545579325,21.69299346373774,20.11599070426287,20.91699666974842
ABR,2019-05-08,6.778815848459509,6.575400712001135,6.595742225646973,16.279470901713946,17.02548913621986,22.206152239349926,20.424894571778214,21.025828488196193
ABR,2019-05-09,6.590656482466144,6.412667880906781,6.55505895614624,16.377149859678106,17.059325534901337,21.916339149628477,20.437751284180894,21.04039000967268
ABR,2019-05-10,6.666938035356116,6.478778891594822,6.631340503692627,16.723033482681018,17.150558322983965,21.956214505738007,20.468358650340914,21.058618656883475
ABR,2019-05-13,6.6720219807202,6.504204392015324,6.6516804695129395,16.741513922105568,17.0201769020961,20.510175423784947,20.457837089439497,21.050817021323397
ABR,2019-05-14,6.727963091887546,6.580486968871282,6.7076215744018555,16.76937626921323,15.498031499925746,20.478975974330105,20.447821403328934,21.06144329858088
ABR,2019-05-15,6.8500114114866,6.697449816145573,6.839840412139893,17.30129432586699,14.490907245035084,20.248706030334887,20.548358739100184,21.125397973459094
ABR,2019-05-16,6.727960911645368,6.549972812568855,6.585570335388184,20.477051305937657,16.56500817674172,19.639096354995353,21.04960544414637,21.490420032341405
ABR,2019-05-17,6.707620882495589,6.570315774875518,6.661852836608887,20.530598735251115,16.45754619931247,19.504183801091852,21.087103007462396,21.37381846455197
ABR,2019-05-20,6.758473774123066,6.666936727820844,6.692363739013672,20.495124808959634,16.46415545054647,19.20644516403148,21.088581426557106,21.350841669392608
ABR,2019-05-21,6.814414111950292,6.692365016895778,6.799158096313477,21.040851404854926,16.696807475501497,17.875942814721178,21.1493354554809,21.397183208393656
ABR,2019-05-22,6.840710344101415,6.6121669737672,6.690079689025879,21.45884203955712,17.05257637055256,18.11464553189153,21.211306999739286,21.45681506865074
ABR,2019-05-23,6.726438304936092,6.664108433221727,6.710855960845947,21.4712422636518,17.06076726623234,18.11430465305552,20.99638100045591,21.438247923177496
ABR,2019-05-24,6.778381386845105,6.710857222620213,6.721245288848877,21.31833925246054,16.903930865159772,17.84415682445421,20.962772666221607,21.4365960363801
ABR,2019-05-28,6.762798917854994,6.6796919127551595,6.70046854019165,21.150551348937373,16.887310902599907,17.823717226319744,20.96770073978906,21.441152152962978
ABR,2019-05-29,6.6952738881484555,6.5394489548692905,6.5550312995910645,21.932205263113925,17.49541723657931,18.130717315496668,21.12105302326433,21.564728144581377
ABR,2019-05-30,6.591389891678737,6.451147806504523,6.492701053619385,21.88825710729577,17.577034262583023,17.804370376514342,21.139647733661953,21.578008942279286
ABR,2019-05-31,6.471925151192276,6.378430087089317,6.394012928009033,21.759222305858543,17.807405246677746,17.657916281141777,21.21341274209158,21.64244911130058
ABR,2019-06-03,6.497895468284163,6.383623788668409,6.4563422203063965,21.561529903379636,17.785782456025263,17.56585805861803,21.193400353576834,21.65778167504525
ABR,2019-06-04,6.549836324855753,6.440758932665041,6.539448261260986,21.98146862430459,17.96498802190078,17.521115795259053,21.241682115565325,21.64169515510277
ABR,2019-06-05,6.549836863616876,6.477118926410776,6.508283615112305,21.69165395832894,17.90751331373517,17.53383603781057,21.24378286997341,21.645740947870507
ABR,2019-06-06,6.529060156590594,6.388818068504077,6.4563422203063965,21.33747786157959,17.979734111008412,17.597038320066048,21.26811392511922,21.643362335076176
ABR,2019-06-07,6.503089997655833,6.419983003157534,6.49789571762085,21.49271130982169,18.029129119754316,17.61423661390414,21.276240857285643,21.593006814709824
ABR,2019-06-10,6.539449807588942,6.269353155304961,6.310906410217285,22.83289317679308,18.982089274921236,18.270691572168733,21.375519512990202,21.809393555813365
ABR,2019-06-11,6.316101097593292,6.212217953623778,6.258965492248535,22.873803396310226,18.936787548871916,18.330380396514116,21.348906700049355,21.8285200100894
ABR,2019-06-12,6.383626014272573,6.227801032351819,6.32649040222168,23.246433926029418,19.030130438176197,18.38758307126825,21.37812625307845,21.742255484247476
ABR,2019-06-13,6.373237080081351,6.29532435203391,6.321295261383057,23.255211548874037,18.92825649979924,18.3535653581151,21.300551674633194,21.70976783816048
ABR,2019-06-14,6.414790604953437,6.300518896254453,6.388819694519043,23.496644390937583,19.01347879624726,18.1096397553417,21.332843605198704,21.726925202412385
ABR,2019-06-17,6.456342155793421,6.399206068879564,6.40440034866333,23.26459370133206,18.762944337047806,18.07022670985454,21.186299752983906,21.721897062229605
ABR,2019-06-18,6.482314881569222,6.394014570444894,6.409596920013428,22.91699342199284,18.725350007212135,18.05365233762928,21.16503236649916,21.709900799302154
ABR,2019-06-19,6.451149557627014,6.378431107760167,6.445955276489258,22.685129423225373,18.71738487275703,17.89852650749105,21.122202266973684,21.5621303708829
ABR,2019-06-20,6.471924564459611,6.3940123483397455,6.4563422203063965,21.10124933728741,18.693512863026076,17.86729176277328,21.10202038553546,21.5099908990039
ABR,2019-06-21,6.430372737785776,6.357654290074845,6.373237133026123,21.343638305213975,18.87100037413475,17.974451316616253,21.16400250201159,21.551024428593983
ABR,2019-06-24,6.399207494076603,6.305712913915127,6.321295261383057,21.104239080159328,18.929912493968068,17.864410503814188,21.17348249868903,21.562582786757304
ABR,2019-06-25,6.342071230034816,6.2485761642456055,6.2485761642456055,21.24918844107709,19.060062387103926,17.905412529839182,21.193976403808282,21.58827496503822
ABR,2019-06-26,6.284936468834806,6.144693851470947,6.144693851470947,21.422434457631635,19.24743419104396,18.099102828533535,21.293904376220972,21.6506483395043
ABR,2019-06-27,6.1862482420222555,6.10314171074954,6.134306907653809,20.346614417484055,19.017550089156998,18.07325424331777,21.250563229827407,21.65022246180679
ABR,2019-06-28,6.3264899949179805,6.13430604455177,6.295324802398682,19.392185826404322,19.77741725850185,18.51063512563489,21.342101072809257,21.77881808606567
ABR,2019-07-01,6.3888196433285795,6.2901302835394155,6.336877822875977,19.155482503720116,19.69544805327085,18.531509353560118,21.302255367274903,21.484972954385505
ABR,2019-07-02,6.3836237631387025,6.279740643609739,6.290128707885742,19.131075853494146,19.676444870577306,18.54668023255511,21.289761686387163,21.499370923891213
ABR,2019-07-03,6.378431732625956,6.295325207695944,6.32649040222168,18.525565985725024,19.712093463580892,18.555937418562294,21.2773229750317,21.47903629375889
ABR,2019-07-05,6.404400348663329,6.310905293970679,6.40440034866333,18.52044157726933,19.879124400905912,18.64687817438248,21.31509296406422,21.506975579164163
ABR,2019-07-08,6.466731042518954,6.414789724136164,6.440760135650635,18.589907480656073,19.91647575675817,18.631996030933117,21.244223581240426,21.50473741626075
ABR,2019-07-09,6.456342805626394,6.383624367395889,6.394012928009033,18.645647168020304,19.862742839080667,18.664527863044313,21.263433919298706,21.454712200224332
ABR,2019-07-10,6.456342155793421,6.404400348663329,6.40440034866333,18.664303361144295,19.77663798684001,18.60779318887366,21.246123725630596,21.454678781966834
ABR,2019-07-11,6.477121095282352,6.399208356731765,6.409596920013428,17.63589368733682,19.752867528554866,17.709694191740123,21.235401128304467,21.447629536921163
ABR,2019-07-12,6.487506522281854,6.414788590328008,6.451147556304932,17.551620317985424,19.751001885673375,16.92445834812022,21.234184009203663,21.421167080821494
ABR,2019-07-15,6.461536714258686,6.3992068354482745,6.41478967666626,17.045186223520915,19.47979347234517,16.949766546201747,21.219817067571512,21.430885448869816
ABR,2019-07-16,6.41998352617977,6.378430273222271,6.38362455368042,16.85469474784356,19.261307916678618,16.802676134548204,21.229124047428513,21.431639327024463
ABR,2019-07-17,6.394013415395806,6.310906410217285,6.310906410217285,16.67267308195459,19.350143292885996,16.88712429031498,21.246422556446948,21.466834232210005
ABR,2019-07-18,6.3212932270995195,6.269351425116848,6.300516605377197,16.638734682269643,19.19409657986095,16.840762191423444,21.210136208485125,20.34218782254278
ABR,2019-07-19,6.31609961160643,6.26935208397995,6.290128707885742,16.51010261994557,18.99293486449584,16.84200576619464,21.210372673543993,19.92928291776857
ABR,2019-07-22,6.305712381060695,6.253770566751664,6.269352912902832,16.377272187759058,18.978437610323795,16.848519663022127,21.096532146210148,19.932630150944494
ABR,2019-07-23,6.362849902184047,6.2589667375457205,6.352461338043213,14.587227567173136,19.226518191867882,16.877627263891792,21.14103168356207,19.971641447541256
ABR,2019-07-24,6.362846470544162,6.269351425116848,6.300516605377197,14.584522970961567,19.265954822149673,16.91015490936981,21.07736320224354,19.989343674195563
ABR,2019-07-25,6.336877993428321,6.2381891263369305,6.243383407592773,14.47526776491658,19.3183465685639,16.966668188755587,20.83210418998053,19.93489480243098
ABR,2019-07-26,6.310905331791535,6.232993115983259,6.290128707885742,14.65419605314503,19.406270940513753,16.99408284911509,20.824856787037664,19.9326392265687
ABR,2019-07-29,6.36284816044348,6.290129717425305,6.342071533203125,14.516421906139652,19.472440584528165,17.023887138550382,20.84512798399835,19.946930779568287
ABR,2019-07-30,6.414789553881487,6.316100209471956,6.394012928009033,14.701728069354358,19.44270817519325,16.98969709948602,20.862498360942126,19.959254376192963
ABR,2019-07-31,6.419983951091923,6.3264893734264565,6.331683158874512,14.966519041619364,19.259974202038364,17.052616128671428,20.890765709841304,19.90569416417036
ABR,2019-08-01,6.440760028983982,6.326488833222004,6.362847805023193,14.94177856697286,19.073548581903722,17.013716863703703,20.77191278753939,19.910194508899178
ABR,2019-08-02,6.66930300226845,6.440759634050596,6.6381378173828125,19.421035707743982,20.148650401803376,18.305349657712732,21.314481957136618,20.342364866621583
ABR,2019-08-05,6.653722089312813,6.383625413361381,6.388819694519043,22.184575106388383,21.598311277901175,19.29741742308949,21.731491798798057,20.714509761907163
ABR,2019-08-06,6.45114733750881,6.331681389223373,6.435564994812012,22.136888611812626,21.51441271212133,19.324147746872935,21.64952420085384,20.49828308742819
ABR,2019-08-07,6.555032395499842,6.352459898834288,6.518673419952393,22.101082487899188,21.676031266944122,19.374852911561902,21.623361485511047,20.478170318330996
ABR,2019-08-08,6.596584102241687,6.513477608883331,6.5810017585754395,21.52814031856584,21.696872216798205,19.40911306221745,21.63002114994164,20.45639906406217
ABR,2019-08-09,6.581002297665961,6.497895797499838,6.549837112426758,21.595301887619442,21.315828813951537,19.356773698580255,21.608722547329336,20.43711004181124
ABR,2019-08-12,6.648525298007734,6.534253632451961,6.560224533081055,20.390213323320857,19.862003574050348,19.324603084297674,21.53706102485744,20.404579646166933
ABR,2019-08-13,6.601780080793478,6.5498382614010975,6.565421104431152,20.330740888121717,19.71598680984829,19.181002485167788,21.53057813617719,20.403055892048375
ABR,2019-08-14,6.533524089779373,6.336827330379921,6.358091831207275,22.390850781245295,20.738598884240663,19.82339108329854,21.854556928801934,20.66357679874856
ABR,2019-08-15,6.459096758598642,6.384671274460776,6.411252021789551,22.456820610327934,20.536737236542976,19.84375340624241,21.814213039442983,20.599834737274044
ABR,2019-08-16,6.496311182091307,6.43783342599896,6.490994930267334,22.462397087778733,20.467507629377067,19.929749180699254,21.844793927032885,20.63101781542775
ABR,2019-08-19,6.565420609846003,6.384672112663716,6.549471855163574,22.54938655854313,20.54681590783332,19.982052869083663,21.865870845615625,20.62440779041189
ABR,2019-08-20,6.549473662171809,6.469731894701428,6.501628398895264,22.550818676112414,20.59129831312634,20.01354131690253,21.88075327301347,20.627108782678473
ABR,2019-08-21,6.698324139190733,6.618581883375561,6.666427135467529,23.641209240017556,21.23961655079462,20.40845954535114,21.72473097999369,20.76856253782217
ABR,2019-08-22,6.708954811096191,6.629213078011643,6.708954811096191,23.685134986307023,20.78256466969404,20.39705371779813,21.732793507881983,20.76957546275599
ABR,2019-08-23,6.708954624193966,6.623896642743894,6.634528636932373,23.91507963867248,20.817841171403856,20.36966955170384,21.68667824150809,20.793761741339818
ABR,2019-08-26,6.703639471125806,6.634529723136594,6.698323726654053,23.957679749016133,20.641400864209032,20.404756217946343,21.68787761184148,20.791383232477095
ABR,2019-08-27,6.703639771031645,6.5920010203600885,6.618581771850586,24.207582980727768,20.718941259927693,20.419754706985483,21.73924817600347,20.814397947233974
ABR,2019-08-28,6.661110346522277,6.581368604123256,6.639845848083496,23.912379544882842,20.566972926149905,20.40308847210034,21.638082404679114,20.812957280752066
ABR,2019-08-29,6.687691641326707,6.602633640639829,6.671743392944336,23.907029066791814,20.56049395008817,20.412798712483447,21.639282962305558,20.816286288023967
ABR,2019-08-30,6.719588645077124,6.597317388850481,6.671743392944336,23.890464384935946,20.485675207066244,20.387800314787604,21.610194054838846,20.81417334017032
ABR,2019-09-03,6.6823747835742004,6.602633041907717,6.613265037536621,24.048403796901333,20.53683462448689,20.42847009293812,21.46560902787173,20.82331735802834
ABR,2019-09-04,6.703638459213078,6.629212977986624,6.677058219909668,23.923444054860006,19.678378877396344,20.445682561046105,21.481837683869088,20.81836982043781
ABR,2019-09-05,6.703638459213078,6.639844972310874,6.677058219909668,23.74673146714981,19.585942576025754,20.401274976194735,20.701307204497805,20.66380808375442
ABR,2019-09-06,6.703640106524908,6.565421104431152,6.565421104431152,24.162630307097345,19.819980403114155,20.544690657619597,20.786727688167776,20.71108469801275
ABR,2019-09-09,6.655795511674303,6.586685755557924,6.623898506164551,24.195340172612738,19.889270943264265,20.568187487791278,20.602634986766695,20.72819110021472
ABR,2019-09-10,6.719588225497992,6.634529723136594,6.698323726654053,24.279149066742768,19.901167146314748,20.466949537601316,19.772258674017948,20.74338235420395
ABR,2019-09-11,6.788696765899658,6.698322535142464,6.788696765899658,24.445093345250875,20.06614364818628,20.46958711996422,19.734003885933742,20.771765609910968
ABR,2019-09-12,6.82590950551066,6.772748014364469,6.788696765899658,24.19807546677234,20.06710857447954,20.449757082117003,19.591294631537913,20.765282813777493
ABR,2019-09-13,6.863122834205236,6.783381097627016,6.8259100914001465,24.203784703254165,20.06524828237353,20.401774330290422,18.78084815598962,20.73542097169009
ABR,2019-09-16,6.895019344407711,6.79932886170654,6.820593357086182,21.02736243401836,20.067888721598845,20.31379066015727,18.778212746672512,20.735025670675704
ABR,2019-09-17,6.841858857726167,6.80464611209059,6.83654260635376,17.43896909377796,19.860085845414357,20.299548479338,18.778360624158825,20.730253352062952
ABR,2019-09-18,6.889703209644129,6.836541716808507,6.863122463226318,17.3813735126404,19.77111337828684,20.305779968631306,18.652467824019137,20.732711864257038
ABR,2019-09-19,6.97476190773801,6.884387664842425,6.953497409820557,17.39493098560462,19.72738250964422,20.403531318520717,18.6695755449726,20.76755019538879
ABR,2019-09-20,7.017290585701749,6.921600602900607,7.011974334716797,17.35604242203675,19.38775550512153,20.434798790477593,18.613686859632633,20.637287568512136
ABR,2019-09-23,7.0226075819806555,6.910968834376683,6.9322333335876465,17.690963544555114,19.573305835570114,20.508294204966496,18.43879086035471,20.633680034576198
ABR,2019-09-24,7.017291275743796,6.910968780517578,6.910968780517578,17.749368918181357,18.95498066954982,20.50194429535229,18.24777431378326,20.634384786953145
ABR,2019-09-25,6.990710209708421,6.916284719901626,6.974761962890625,17.876918707036143,18.992028469950792,20.498718940562775,18.19403892597446,20.592156742257416
ABR,2019-09-26,7.006658963511842,6.964129967340638,6.974761962890625,14.693015750183205,18.902516816684383,20.32210282483276,18.118747592704025,20.592351758508986
ABR,2019-09-27,7.001341586144549,6.910967357070172,6.91628360748291,14.972927735249106,18.996237346235137,20.212579338204755,18.14479027655679,20.503949144779344
ABR,2019-09-30,6.9800796406338055,6.9216023856941735,6.969447135925293,14.76509466651251,18.908446422614873,19.67249782547246,18.160278578495326,20.49961688369872
ABR,2019-10-01,7.01729041567971,6.921600435197043,6.948180675506592,14.70936472085524,18.90911449508249,19.651465979267442,18.16632096074281,20.46668496357916
ABR,2019-10-02,6.948181478674089,6.836542732718229,6.895020484924316,14.728855686974704,18.916930915733786,19.615063103143033,18.19585061943338,20.46945095841406
ABR,2019-10-03,6.9216011746470745,6.836542672818535,6.868439674377441,13.08449308411317,18.94578362815921,19.621849445675373,18.204886496807624,20.474137948909107
ABR,2019-10-04,6.937549579200049,6.852491582428982,6.92691707611084,13.174074259703064,19.00471309553606,19.622932260968078,18.221746156362414,20.47641678459958
ABR,2019-10-07,6.990712081607967,6.921602824563627,6.964131832122803,12.703879133173995,18.993237938338833,19.397737291939983,18.20805887478331,20.45879024432714
ABR,2019-10-08,7.001344586990641,6.910970319180953,6.964131832122803,12.484123393596462,18.94044115431032,18.41272203138252,18.04008934310698,20.45879024432714
ABR,2019-10-09,7.006660839681979,6.958815579431466,6.964131832122803,11.84375131846009,18.89816495489268,18.328832940283927,18.017507574259103,20.427578968199413
ABR,2019-10-10,7.0172891163237034,6.953495638819046,7.006657123565674,11.90494361666102,18.727631348490878,18.33911398403723,18.01697881817571,20.34667257657699
ABR,2019-10-11,7.033239267351873,6.969445772537496,7.0013427734375,11.892093241433287,18.721642292494153,18.17347929148468,17.92404214293068,20.307040637247912
ABR,2019-10-14,7.038554610885367,6.990709369198902,7.017290115356445,11.883649895930972,18.708401741785462,17.982970336126336,17.906927709718158,20.281019694057807
ABR,2019-10-15,7.070453096713101,7.022607844950399,7.033239841461182,11.460339931264153,18.677952577268908,17.98036998415979,17.889980677217714,20.266624653405334
ABR,2019-10-16,7.070450730103458,7.011972994417873,7.054502487182617,11.240319230956478,18.5320235993287,17.984132661392398,17.801060098820642,20.263237938640604
ABR,2019-10-17,7.086401898617074,7.0438728952799,7.075769901275635,11.2315187007749,18.41681888674479,17.979314989396443,17.769867116528694,20.206501989446352
ABR,2019-10-18,7.144878811876185,7.070453313066297,7.123614311218262,9.790148712727593,18.296924671786417,17.639402396339577,17.772357766757423,20.214502404071887
ABR,2019-10-21,7.2618341037288365,7.144879092031533,7.25120210647583,10.581581262997858,18.543266575355517,17.762330750252843,17.869974394199716,20.270850705880235
ABR,2019-10-22,7.256515704273581,7.160825729370118,7.160825729370117,11.20680486824497,18.75044981547358,17.70239613230054,17.93190537457458,20.30671840978795
ABR,2019-10-23,7.176775816355914,7.086401561813317,7.123614311218262,10.887596705007512,18.763811907049856,17.676920921702347,17.944290719311702,20.30722353466516
ABR,2019-10-24,7.139561576257467,7.059819335200645,7.102348327636719,10.960139757882875,18.635549645614987,17.585900619807525,17.9318641349594,20.289395553912023
ABR,2019-10-25,7.166143312534109,7.059820809244491,7.123614311218262,10.905725528159014,18.62651868878565,17.56612387295708,17.92939710295728,20.289774701751238
ABR,2019-10-28,7.203354351470656,7.118296375022897,7.198038101196289,11.186782504372001,16.713728805878702,17.571318732459016,17.96363003810119,20.29085542898436
ABR,2019-10-29,7.235251854015264,7.187407115791493,7.219303607940674,11.190776818915472,14.531417341679099,17.553173392354527,17.948637886892595,20.261577127361022
ABR,2019-10-30,7.245885843633706,7.1980405886017165,7.240569591522217,11.17902698816263,14.491544369258042,16.871465479880634,17.942400742338698,20.26192892467525
ABR,2019-10-31,7.267149442369074,7.208672197363852,7.261833190917969,10.662808675918592,14.315421576392454,16.802126196220314,17.908162914779485,20.178566328973716
ABR,2019-11-01,7.506375264757908,7.267149523625414,7.490427017211914,13.5612166311759,15.44223992160703,17.38373871382457,17.768441477910866,20.39647176225504
ABR,2019-11-04,7.575485596015473,7.501059590101176,7.527640342712402,12.94708102717057,15.384873310444894,17.386694796721212,17.35016298504919,20.330226455637224
ABR,2019-11-05,7.61269760131836,7.4957431124386735,7.612697601318359,13.051979635101151,15.491968307083672,17.394899557469685,17.392308939851265,20.16178075658777
ABR,2019-11-06,7.99014068170718,7.649908795456384,7.910398960113525,16.494876548336183,17.142435388105817,18.339979239315728,17.871615435920994,20.48399449851564
ABR,2019-11-07,8.351639514187239,8.022039544075618,8.255949020385742,19.860989310426756,17.438986996633947,19.43998303023005,18.534853634638417,20.90196873862847
ABR,2019-11-08,8.383536351429255,7.729652168143365,8.197471618652344,19.78391701424683,17.57514209489879,19.493285453104107,18.546509264415242,20.91556953273079
ABR,2019-11-11,8.186840000808843,7.894453256268692,7.9741950035095215,21.993124609399782,18.648900309413577,20.06720053788205,18.85865221095251,21.107844117498807
ABR,2019-11-12,8.02203917562471,7.873187697536809,7.926348686218262,22.097938582147236,18.71160317223725,19.964572645921653,18.877172698004856,21.03852751282494
ABR,2019-11-13,8.053934999955237,7.921031778787754,8.037986755371094,21.961312419199245,18.710115276341472,19.98179857137581,18.897492458477693,21.049250370962756
ABR,2019-11-14,8.179004036574618,8.037986600746127,8.173580169677734,22.0407773715601,18.37708812021039,19.983056395680915,18.974879553457498,21.06059271811584
ABR,2019-11-15,8.200701352709828,8.097650438182256,8.15731143951416,22.138876244018885,18.39928204082773,19.753335501015652,18.977234697437588,20.98341754172107
ABR,2019-11-18,8.18985252986568,8.119343805412711,8.168157577514648,22.171107211160678,18.157872954348814,19.74153852104332,18.972857217472804,20.921255976734056
ABR,2019-11-19,8.216970832368123,8.151885975315027,8.168157577514648,22.171107211160678,18.1263613939227,19.39706101688537,18.95292629265475,20.90964569524985
ABR,2019-11-20,8.233242045155603,8.108495687101017,8.216970443725586,22.11415049759717,17.8510680672183,19.394073538087895,18.905320577126446,20.88908849041117
ABR,2019-11-21,8.227818657767198,8.092225074768066,8.092225074768066,22.919885707264225,18.266700597095024,19.537645511520786,19.000273260758707,20.89694602522157
ABR,2019-11-22,8.135614979947912,8.065106254718547,8.092225074768066,22.904940824308383,18.2763435389161,19.534704067276664,18.980534670139683,20.893862548927427
ABR,2019-11-25,8.151885166853884,8.092224183117526,8.12476634979248,22.893652656958853,18.26467365003093,19.47344318431785,18.983375428513824,20.883463803532216
ABR,2019-11-26,8.157309294974858,8.043410673467793,8.086800575256348,23.0508393112109,18.16747330742104,19.498293233073305,18.994812804124937,20.851815885782855
ABR,2019-11-27,8.233241536138715,8.097647969428913,8.200698852539062,23.201947443069272,18.253928871174644,19.5251721186834,19.044836736895228,20.882035770640808
ABR,2019-11-29,8.233242678358259,8.195276122683396,8.222394943237305,23.20496067514652,18.240776622998528,19.52469261641552,19.02133936236598,20.881508933362426
ABR,2019-12-02,8.26578679089706,8.0596844304208,8.065108299255371,24.24131959822715,18.364091072265566,19.828001190241977,19.167280138638443,20.977318552959538
ABR,2019-12-03,8.103071784683303,8.005444762770402,8.075953483581543,23.9046822403173,18.3336270802989,19.81728370921865,19.120682526565027,20.705878748723165
ABR,2019-12-04,8.119343894817588,8.059682387258947,8.092225074768066,23.418377641879715,18.261654225041276,19.77683732754684,19.09572094511677,20.704932666113127
ABR,2019-12-05,8.097649457821277,7.962055866188628,7.983750820159912,23.823475512554463,18.44776565080967,19.903682410740682,19.106153735430716,20.684570274070186
ABR,2019-12-06,8.032565130192946,7.9837513511985865,8.0162935256958,23.736348479729504,18.44114844980213,19.78402313030474,19.089554879043984,20.670540530814428
ABR,2019-12-09,8.065105188188014,8.005444205767422,8.010868072509766,23.77414046732923,18.44576195204183,19.77957772011351,19.081191384615803,20.6703752513902
ABR,2019-12-10,7.880697552023615,7.696290227905989,7.750527858734131,25.97581536524588,19.835628686158234,20.555619885616792,19.49917118038677,20.87286134589377
ABR,2019-12-11,7.864427142542833,7.734257438116229,7.772223472595215,25.975603156686766,19.83605570661672,20.53766207177282,19.499443406124207,20.871142147687205
ABR,2019-12-12,7.7884937109198775,7.6095102574492826,7.620357990264893,26.7585722606454,20.33157680636449,20.75130165744281,19.651719994012566,20.955409784014904
ABR,2019-12-13,7.707138799184245,7.609511259975162,7.669172763824463,26.791040334916406,20.218074918681424,20.701011128448634,19.661916845444882,20.82999847097287
ABR,2019-12-16,7.821037641717857,7.701715147923355,7.707139015197754,25.351090122691904,20.181365264263643,20.62969493746925,19.651156450270545,20.825999867182123
ABR,2019-12-17,7.842733705384616,7.658326329900357,7.837309837341309,25.740398433078493,20.231727793280612,20.743441434442733,19.689496419636104,20.305530230738512
ABR,2019-12-18,7.918666333940952,7.815614909751783,7.853580951690674,25.57084355874438,20.20359992673296,20.72093591359759,19.680408762988208,20.286367076584927
ABR,2019-12-19,7.907816699670986,7.837307983531452,7.88612174987793,23.027499972964176,20.15468804722917,20.70102498887783,19.65103764032464,20.134505644480296
ABR,2019-12-20,8.005444934888144,7.799342635143233,7.924088478088379,19.198177580337685,20.15788999663793,20.617077257740856,19.64735186543386,19.502987563439873
ABR,2019-12-23,7.9674782196696095,7.7776475254890185,7.793918609619141,19.634491760747064,20.407427121953926,20.82711717453257,19.75239940229451,19.52586846880637
ABR,2019-12-24,7.907816699670986,7.804765817466069,7.88612174987793,18.392664035451347,20.47331027433945,19.863182802449835,19.77642966527667,19.44700205221922
ABR,2019-12-26,7.9186648814756,7.842732294277076,7.869851112365723,18.322732382357685,20.463741741680977,18.810652381357173,19.77851790402334,18.87056933854509
ABR,2019-12-27,7.934937590831626,7.8373100326137255,7.891547679901123,17.84802832524683,20.36274108411259,18.792474589920914,19.760639664791604,18.86723288983395
ABR,2019-12-30,7.907818570158732,7.821038750459911,7.837309837341309,17.153283604281942,20.411078114254284,18.765026856671817,19.761796079523776,18.88697505802098
ABR,2019-12-31,7.875273744122186,7.7722223549996,7.783070087432861,17.22802556918445,20.45312643905212,18.775614174381012,19.763761870298865,18.816190463338053
ABR,2020-01-02,7.821037750390966,7.593240494185523,7.6637492179870605,17.66387446445788,20.747122817403575,18.94494104396966,19.842248947158406,18.8720506412631
ABR,2020-01-03,7.750528125707881,7.5986634783057045,7.696290493011475,17.750638528559538,20.75137733303443,18.949669830222486,19.72923686168302,18.82183995494407
ABR,2020-01-06,7.761376977371848,7.674596649104988,7.701715469360352,17.611147475198592,20.74946332943453,18.949769198412667,19.67210570901747,18.65221333660334
ABR,2020-01-07,7.745106516009658,7.674597779856561,7.723411560058594,17.214777148070773,20.730581383323088,18.164231493565588,19.65896315606362,18.513043629205455
ABR,2020-01-08,7.891548743818537,7.712565207787999,7.815616130828857,17.646138001520388,20.829873973566663,18.204553094803526,19.671113228251006,18.488798497564275
ABR,2020-01-09,7.880699100106872,7.815614240676871,7.848156929016113,17.649794249736487,20.835137254511622,18.131907350565314,19.632485324827208,18.438392584508883
ABR,2020-01-10,7.85357959626188,7.761376441358896,7.793918609619141,17.700894569607563,20.91275205282744,18.14981068402223,19.63826521288533,18.450419859152483
ABR,2020-01-13,7.89154751087809,7.7939199547512,7.853580951690674,17.3176329481175,20.946338736490606,18.114800303430354,19.651537223181155,18.460790603962234
ABR,2020-01-14,7.880698329252121,7.837308427209661,7.869851112365723,17.30669106116379,20.94488225224867,17.730767545021752,19.643249230042343,18.460462997951073
ABR,2020-01-15,7.891546835302781,7.815614240676871,7.848156929016113,16.467425640499673,20.939152935457304,17.728340183904088,19.638313339737767,18.464497889513222
ABR,2020-01-16,7.875274658203126,7.837308107528291,7.875274658203125,16.503722322561153,20.671795645194855,17.61274474892338,19.634198686366204,18.46527731069494
ABR,2020-01-17,7.989174815965585,7.869852818110684,7.972903728485107,16.923548451262054,20.58459775297624,17.649352351165525,19.67743622182188,18.49552954929843
ABR,2020-01-21,8.01629142200371,7.956630439583117,8.010868072509766,16.527164419870775,20.541083203940353,17.517665539224048,19.65597334714308,18.48324635541101
ABR,2020-01-22,8.054260085607268,8.000022438447195,8.0162935256958,16.485824152684906,20.5171031221576,17.51749710136182,19.544847678449713,18.36278335328851
ABR,2020-01-23,8.059683618624222,7.983751531582761,8.037988662719727,16.502855367817233,20.516606516368334,17.511805135701373,19.447988068696667,18.347815048973665
ABR,2020-01-24,8.08679885864238,7.9240865028506215,8.000019073486328,13.287908641063545,20.486901667320033,17.540734715846458,19.117539749577766,18.351890005111887
ABR,2020-01-27,7.972902716944316,7.8535802169795925,7.9403605461120605,13.503296594264667,20.572468027773535,17.521654769962257,19.12509439186976,18.308774206632606
ABR,2020-01-28,8.043412349275838,7.924089835872798,8.0162935256958,12.25842055147953,20.635012682254352,17.52072780006214,19.11076037509503,18.315636395317657
ABR,2020-01-29,8.216971017652506,8.092225168133298,8.189852714538574,13.47323653655699,21.026430183996336,17.79169645483879,19.260770755892114,18.414591925284412
ABR,2020-01-30,8.244091987609863,8.141041064061008,8.244091987609863,13.511274932255576,20.166703062925087,17.545307063810654,19.25255188945861,18.362091726404525
ABR,2020-01-31,8.211546486740927,7.978325389304096,8.010868072509766,15.54001629667935,21.085774031191022,18.18775753034046,19.44902479930223,18.584657921125128
ABR,2020-02-03,8.179004570947663,8.032563775903036,8.081377029418945,15.710282606395445,21.040729140491646,18.160486524720596,18.91607585127128,18.59225009463302
ABR,2020-02-04,8.298325289164696,8.09764689903093,8.227816581726074,16.44714401578609,19.876468852196368,18.248286975892743,18.981081590211204,18.65950346981328
ABR,2020-02-05,8.276632952889143,8.20070035540675,8.265785217285156,16.443685577416247,17.86058183153986,18.25057563191876,18.981169110225107,18.654413762599923
ABR,2020-02-06,8.30917506830031,8.195276431480986,8.233242988586426,15.632001724627,17.818372995850925,18.265804147579157,18.91025910663891,18.659434458000867
ABR,2020-02-07,8.282055356233478,8.227817722301014,8.249512672424316,15.346354416857885,16.86067842549132,18.26085055503994,18.798972251686223,18.645588950376602
ABR,2020-02-10,8.282058615054849,8.13561725616455,8.13561725616455,15.956774754097236,17.06832185478899,18.43217093261304,18.881782600446165,18.70536921652942
ABR,2020-02-11,8.184428239733899,8.070529616461815,8.075953483581543,16.13436289031067,16.90426985411289,18.485242141001194,18.908009633507923,18.725171560105405
ABR,2020-02-12,8.151885751939858,8.065105944913642,8.081377029418945,15.97013258130762,16.545251707420395,18.394243140519063,18.90171724298229,18.714548228050223
ABR,2020-02-13,8.189853036436531,8.086801618458693,8.184429168701172,16.13092440354991,16.74865229991223,18.447667307608885,18.75226329239001,18.744044595409157
ABR,2020-02-14,8.141039907264556,7.815615058801187,8.0162935256958,16.684446219160204,17.280108225852164,18.672591509325194,18.88934378299559,18.84845186657961
ABR,2020-02-18,8.173581425344539,7.978326842296463,8.027140617370605,16.664245918125552,17.283375457650727,18.658502563099276,18.787202521731825,18.513896168578512
ABR,2020-02-19,8.124767746046032,7.945784246829961,7.951208114624023,16.961462004029794,17.335039395614725,18.698287841942903,18.80320155335305,18.2539481090807
ABR,2020-02-20,8.021714019775342,7.929510368734955,8.000019073486328,17.018102499279898,17.110924890763645,18.71260541758034,18.761624928594674,18.26117056243112
ABR,2020-02-21,8.048835571042614,7.956631888624454,8.027140617370605,16.730015996733716,17.12658925698478,18.649103783364005,18.75035977314368,18.20950219670526
ABR,2020-02-24,7.962056058893451,7.674597265255978,7.831885814666748,18.252121481017653,17.82187494547245,19.07654792111454,18.96661530009168,18.384654002419087
ABR,2020-02-25,7.864426808599907,7.327476412704082,7.495612144470215,22.179251583748325,19.89471309379887,20.364222465530165,19.68727106829422,18.90575153940282
ABR,2020-02-26,7.68544374880345,7.430527687072755,7.430527687072754,22.1134584282546,19.694458804014424,20.37586498287473,19.395002255861534,18.92845927199474
ABR,2020-02-27,7.3806223564073665,6.676385431109953,7.020185947418213,27.205248066329524,22.683557857528342,22.321332015109096,20.53512953835836,19.777760428979683
ABR,2020-02-28,6.887100925099167,6.3769452618452585,6.731836318969727,29.358895421713004,23.838800388408345,23.261631496774985,21.108392899453275,20.190781807223573
ABR,2020-03-02,7.214268048618052,6.709657540705962,7.203177452087402,36.111193083523794,27.888277502770148,25.629425398522976,22.5609823137841,21.285956319024475
ABR,2020-03-03,7.569158514576946,6.953644698656364,7.009096622467041,36.4776927734891,28.35594467417414,26.002624982108085,22.77221198609012,21.46505945456604
ABR,2020-03-04,7.286355339581029,7.047912802459548,7.203177452087402,37.5347044950048,28.901694579443433,26.359946708747145,22.990950267509493,21.630472007056774
ABR,2020-03-05,7.075636959927759,6.7429265524868045,6.781742572784424,40.94329482739798,31.26450149976914,28.043556371403994,24.09513326357282,22.45569922489034
ABR,2020-03-06,6.914827637934995,6.493394560551334,6.704111099243164,40.90083833250277,31.312095083435267,28.099686775329264,24.127155490927425,22.458541216830913
ABR,2020-03-09,6.332585782240577,5.877881896584333,5.900062561035156,54.00096301573758,40.0071526408198,34.60861935534012,28.48429078767384,25.84379773707913
ABR,2020-03-10,6.238317053041584,5.822429249505478,6.055326461791992,55.00585184351472,40.46822683756551,34.8819394451195,28.616793440592613,25.962191104958016
ABR,2020-03-11,5.922242068289146,5.495263700005769,5.617257595062256,57.915615914596884,42.89581081232,36.77709681694063,29.941316566488446,27.01779970379229
ABR,2020-03-12,4.9518371151839595,4.314142494792405,4.641307353973389,76.88650742719523,57.27705407688857,47.40674008059166,37.43714682245687,33.04485947136451
ABR,2020-03-13,5.13482822095252,4.491588501128931,4.713395118713379,77.18260421774856,57.42104342036851,47.47770371566647,37.447871513479846,33.08622715918691
ABR,2020-03-16,4.5026779826695025,4.025793552398682,4.025793552398682,87.06494515555904,64.83396626819574,53.23829811900023,41.761030597421666,36.580186123966286
ABR,2020-03-17,4.347414121172135,3.022118070158938,3.2217442989349365,103.96529077722974,77.93699038277772,63.400487984454216,49.11358021986901,42.72181598612822
ABR,2020-03-18,3.01657292146646,1.9629904254770094,2.528597831726074,119.57495631995903,90.6882842896479,73.49925935366073,56.629074437340854,48.96936340889343
ABR,2020-03-19,2.811401634010786,2.10716483500278,2.484236478805542,119.03639760804458,90.55362647048771,73.49881923192663,56.64806042825374,48.98813282037545
ABR,2020-03-20,3.2605610593882353,2.633956586847229,2.6727728843688965,123.09752089729817,92.51607983510759,74.66141014182766,57.38733558008315,49.55467771830992
ABR,2020-03-23,2.80031126155536,2.1404357955611126,2.3677878379821777,124.8271896019945,94.68478999288891,76.64976452244773,58.9787378630756,50.93038457246624
ABR,2020-03-24,2.772585302762004,2.3622428048721105,2.3677878379821777,125.15989897168605,94.70249231151249,76.63741170939828,58.967420248566086,50.921631190366355
ABR,2020-03-25,3.1552021799896246,2.439875176317592,2.800311326980591,138.81542849266816,102.14356267816838,81.7080591320333,62.43150317922552,53.736369294132736
ABR,2020-03-26,4.142242207150371,2.9389404423803493,3.5877251625061035,161.07267244110776,115.68593108741776,91.33466901597627,69.20327186831338,59.3172071983586
ABR,2020-03-27,3.909346333454105,3.454642138023155,3.7928977012634277,162.46803102943147,116.53358246423878,91.67865687867446,69.55110016589961,59.599168452949854
ABR,2020-03-30,3.7818059713378416,3.022117493209405,3.07202410697937,171.07970805195183,123.45305812046882,97.20496678789357,73.76175481339217,63.14376583295732
ABR,2020-03-31,3.1496566608877186,2.6616818714644994,2.7171335220336914,172.7524053291053,125.32669790019915,98.81031888647067,75.0855472135328,64.2590230685812
ABR,2020-04-01,2.5895944304886096,2.4343295542552963,2.523052453994751,172.90251113130438,125.80322770211967,99.01318137420937,75.53240590130737,64.62336314099724
ABR,2020-04-02,2.656136255000621,2.3733327388763428,2.3733327388763428,172.50106040249858,126.02132277392582,98.94001193519702,75.81931652996269,64.86872158518001
ABR,2020-04-03,2.4565107028823867,2.0960746605934877,2.2513394355773926,172.02664514897742,126.02672167243374,99.14238252381116,76.0243935079436,65.0335929407868
ABR,2020-04-06,2.9943927056532913,2.3067912923364564,2.767040491104126,186.50213607845686,134.26842263502505,105.0361067796902,80.05403484097653,68.35396424796002
ABR,2020-04-07,3.3770090493257676,2.9001242939016834,3.027663230895996,189.933839759087,136.0486025755475,106.24170520752433,80.83233796471066,68.98945762942603
ABR,2020-04-08,3.698628549559579,3.2272891375001196,3.648721933364868,200.0217000670472,142.16835174244397,110.65931663107065,83.89839657485018,71.55305671719836
ABR,2020-04-09,4.652398232549653,4.014703308756977,4.330778121948242,207.5320215367534,147.07271623945968,114.20155788314499,86.39728421484925,73.63428331961683
ABR,2020-04-13,4.502677925643248,3.8372576389307422,3.9093449115753174,208.92045430605702,148.27660138582468,115.21138092660583,87.20509405726388,74.31030975956551
ABR,2020-04-14,4.18105804642703,3.765170307609374,3.8760735988616943,207.3627962571001,148.24492274742775,115.203098742725,87.19966382124517,74.30571432668
ABR,2020-04-15,3.737444741532437,3.4102798660839926,3.487912178039551,208.8146639477251,149.38815827925652,116.24240177370555,88.03382642208878,75.01770774672677
ABR,2020-04-16,3.5988159463992107,3.327102687197016,3.3714640140533447,208.27948030369262,149.39370585327438,116.28862969351606,88.09752063915398,75.07670200131035
ABR,2020-04-17,3.8206224104011786,3.476821901966416,3.748535394668579,211.40602053716287,151.3949572602557,117.70500060567062,89.04271249842432,75.84728295799866
ABR,2020-04-20,3.576635141753007,3.3271025558313942,3.349283218383789,213.0873863737494,152.73365260841038,118.86950298366155,89.97834083356847,76.62691742605679
ABR,2020-04-21,3.4269153530552043,3.149656821643848,3.4102799892425537,211.04692596367855,152.86775457130997,118.9289409026488,89.84957000348209,76.65493735545759
ABR,2020-04-22,3.537818972945577,3.205108783557023,3.3271024227142334,210.63432803289226,152.87609448952998,118.9542347729063,89.79030411183346,76.67484021373473
ABR,2020-04-23,3.5378195841635445,3.255015702454812,3.4047353267669678,210.32270879092826,152.99216413368214,119.00738199908174,89.8366899963171,76.70528456553181
ABR,2020-04-24,3.4047347385415487,3.2161991143894966,3.3271024227142334,203.76939403140892,152.82043784743854,119.01448917042501,89.84501680178263,76.73127788595522
ABR,2020-04-27,3.487912954588029,3.2383803355392335,3.4047353267669678,203.86795647513293,152.95708886337863,119.11153711669458,89.88744684436897,76.7754271376974
ABR,2020-04-28,3.737444620035154,3.4823670319018416,3.609905958175659,199.9273682582777,153.6597810301445,119.57815448487361,90.18784491570025,77.02019201577153
ABR,2020-04-29,4.064608833665647,3.609905145005785,3.981431245803833,190.77716078223926,155.28515358049623,120.74801755251316,90.97891345723708,77.67378404182804
ABR,2020-04-30,3.975886591947838,3.726353804660674,3.8206217288970947,176.29560447578646,155.2744575113075,120.86564869955272,91.09150884194054,77.77162058813185
ABR,2020-05-01,3.726353744664677,3.471276193868794,3.7041730880737305,176.5427838510856,155.27536809219217,120.90913842470432,91.08650558276287,77.8211174702222
ABR,2020-05-04,3.7651704375345316,3.4269149909212806,3.7429897785186768,175.6290949902765,155.3405644763131,120.93843971746222,91.09051773848509,77.82265758576085
ABR,2020-05-05,3.981433036735554,3.7540810901379698,3.7596263885498047,171.11675217670228,155.35160767593817,120.88416499907959,91.07653913513984,77.81242436663209
ABR,2020-05-06,3.859438777407893,3.582180246067753,3.709719181060791,171.26510967485896,155.35152760562326,120.87725365990313,91.07343749539446,77.80894510382893
ABR,2020-05-07,3.9315257463873166,3.7208092158652004,3.8483481407165527,165.20868178994704,155.68281901879323,121.0623554860959,91.19389215621872,77.85856178633114
ABR,2020-05-08,4.286416618173002,3.8649835518267937,4.164422988891602,150.7593219217908,156.78479328897657,121.80945788636532,91.64831767585756,78.27828878598847
ABR,2020-05-11,4.131151487133822,3.809531673885516,3.864983320236206,151.67998313435706,157.2406503170405,122.27966280516125,92.03674391945009,78.60431785546422
ABR,2020-05-12,3.9370707719294815,3.6431769006845225,3.648721933364868,139.1009013078866,157.50406689107862,122.48284348118797,92.25786237271265,78.79769428598948
ABR,2020-05-13,3.6431770663649967,3.2882859685966426,3.487912178039551,134.61493715918604,157.60922532245527,122.61621264039691,92.37684469330577,78.9056301976852
ABR,2020-05-14,3.576635175053159,3.1441119868401226,3.565544843673706,132.36402552478415,157.7789696139786,122.69450636950339,92.42112105772348,78.91304047447564
ABR,2020-05-15,3.6653573863485462,3.465731195454369,3.5821797847747803,130.58515791063633,157.77152482429798,122.69411689778671,92.42274408357947,78.83662040444679
ABR,2020-05-18,4.014703857201365,3.6764486014038327,3.992523193359375,131.80585833399246,159.70618362993315,124.06774667663494,93.36161806973026,79.60085851695939
ABR,2020-05-19,4.219875282758128,3.815077781725951,4.059065341949463,119.26996808069863,159.7859515854998,124.0881050512891,93.38920912917216,79.61979850481168
ABR,2020-05-20,4.258691364670007,4.1089717536109065,4.219875335693359,117.29628930464726,159.95722645338887,124.2963507183666,93.51594369337747,79.70475259260424
ABR,2020-05-21,4.258691525119194,4.092336542349524,4.214330196380615,104.84497499535772,159.96611644053857,124.29054244908593,93.5049850254494,79.6918740150203
ABR,2020-05-22,4.402865673218641,4.131152164900815,4.3751397132873535,92.8559409447015,159.94061103467718,124.484075589645,93.62430559278128,79.78718738335536
ABR,2020-05-26,4.680123375813972,4.46940737539769,4.641307353973389,89.0477999072649,160.3607406454933,124.9092352767033,93.88918907272632,80.01760315967262
ABR,2020-05-27,4.962927027691076,4.519313323404074,4.718939781188965,88.99580185336193,159.6959738748367,124.94565144613942,93.90612781473769,80.0377942578583
ABR,2020-05-28,4.9740173499716445,4.724484820190558,4.7466654777526855,82.41852503218746,159.66088070151292,124.9489171939792,93.8978291458789,80.01439953850877
ABR,2020-05-29,4.824299628859069,4.5747669897304455,4.669034957885742,81.75686888545329,159.517001083413,124.9593333733665,93.89580201645525,80.0246048089984
ABR,2020-06-01,4.807662748052955,4.469407546216108,4.779936790466309,76.75500842617254,159.25036547336867,125.03526189012506,93.94419149842432,80.05044627960825
ABR,2020-06-02,4.9518373143493335,4.813208054967358,4.852024078369141,67.68963327067821,159.30246969531788,125.04675159880743,93.96147693998186,80.05935092377841
ABR,2020-06-03,5.229096842491214,4.874205679590035,5.1237382888793945,68.77124611048252,157.6933397915887,125.39296488927447,94.19798568406233,80.24054661571269
ABR,2020-06-04,5.306728031752541,5.02946950505569,5.173644065856934,67.82439619106052,157.60369515785405,125.41173032240303,94.20632353292204,80.24669740867809
ABR,2020-06-05,5.761432285823382,5.328908610124766,5.395450592041016,68.24692035959724,157.12989265182003,125.61187968695748,94.34498277602285,80.35791731600041
ABR,2020-06-08,6.110778171179514,5.644983762559026,6.099687576293945,73.95283193460914,154.02912368425157,127.20335404843803,95.46538258559654,81.29706680523499
ABR,2020-06-09,6.022054910278128,5.717070958998421,5.794703006744385,76.78870138570926,154.43439596568217,127.438515559451,95.64617379869549,81.40600306254998
ABR,2020-06-10,5.794702472803013,5.279002028763512,5.522989273071289,78.06872208692332,151.14779382245524,127.63368425023276,95.79991109401651,81.54185515766743
ABR,2020-06-11,5.306727791124744,4.857569294386506,5.018379211425781,80.16953926453006,145.08242548846738,128.4432065587358,96.45080773095209,82.0887897487178
ABR,2020-06-12,5.495264796503574,5.19582556076442,5.467538833618164,81.86009017585967,136.28106596218214,129.234445861834,96.99686550699383,82.54475268976034
ABR,2020-06-15,5.434268432313726,5.1071032137558845,5.345545768737793,81.51346068609438,136.33129209021365,129.26652347605497,97.02917605129812,82.56625907036185
ABR,2020-06-16,5.6727088409683075,5.323363584956491,5.423176288604736,81.51400557913796,135.75038692079363,129.2954811499061,97.04380017793352,82.5795322609164
ABR,2020-06-17,5.528534700461658,5.317818174624283,5.373269557952881,81.72572814358368,132.9780352997062,129.29817372971434,97.04231873670008,82.58385665938924
ABR,2020-06-18,5.4342667104600135,5.256820910703268,5.356634140014648,81.50383728651066,132.993155475308,129.29702153499954,97.0423293308789,82.58173262961455
ABR,2020-06-19,5.561805203253913,5.290092007924553,5.362179279327393,81.2293274768424,129.0696347916692,129.28156521996394,97.03992480228695,82.58158864737575
ABR,2020-06-22,5.4009952371917205,5.240185334772784,5.3289079666137695,78.75787478643296,119.27773043155428,129.2175571037959,97.04117189492493,82.57433259944565
ABR,2020-06-23,5.561806574002109,5.3732706683022515,5.528535842895508,75.10933276983862,119.00927710962816,129.37103992504765,97.13948272072275,82.65583933185042
ABR,2020-06-24,5.495263152557095,5.0627400589548,5.273456573486328,74.33331392982736,110.69721012659805,129.49456157344926,97.28831673220479,82.78051933242013
ABR,2020-06-25,5.628346963009699,5.19027858338575,5.589530944824219,73.43068230671713,107.6680066256402,129.85775948841533,97.54478572617687,82.97349296749967
ABR,2020-06-26,5.589531390530631,5.107101657703546,5.134827613830566,78.95837538503096,108.05680574752252,130.44577183182813,98.04518387918834,83.40233436144074
ABR,2020-06-29,5.272367449698998,4.968633384655613,5.237982749938965,78.9560418104822,106.98898214663872,130.4961289828727,98.07420129734973,83.38521729553568
ABR,2020-06-30,5.329676194436671,5.134827733986336,5.295290946960449,73.54915910387257,106.10437034381093,130.51913602938913,98.08530434721541,83.3901133066224
ABR,2020-07-01,5.415639041020904,5.14628963924463,5.174943923950195,74.10661064967844,98.51637147725324,130.54819401827586,98.11697572954178,83.41722872290129
ABR,2020-07-02,5.306753634226358,5.0717894736963975,5.07751989364624,73.91694119104433,97.28077651314717,130.55989998576612,98.13717242525148,83.4345094618903
ABR,2020-07-06,5.209329603181677,4.894133538577102,4.9629034996032715,74.3678998211133,90.12085398870215,130.59097887522432,98.16692672319238,83.4528817843187
ABR,2020-07-07,4.9342481696701626,4.641976033715518,4.6648993492126465,76.20672950105806,84.22963313767063,130.90106402142905,98.42104098160806,83.67201407481404
ABR,2020-07-08,4.77951709797729,4.46432102274792,4.636246204376221,74.29397300171291,81.43594354015502,130.86867218641774,98.41617086371001,83.67128018637175
ABR,2020-07-09,4.607590073517403,4.309586744945989,4.326779365539551,76.73706172799454,82.73218117856914,131.23468105052828,98.70191156543581,83.94497730640822
ABR,2020-07-10,4.550282001495361,4.240817002815225,4.550282001495361,78.24741447784443,80.22269852253918,131.53646314021404,98.89558437959808,84.10512111788874
ABR,2020-07-13,4.7107464654242,4.515897990361313,4.567475318908691,78.12832672883286,79.8232165746792,131.54351121135755,98.89785352793143,84.10303964057111
ABR,2020-07-14,4.619052450329491,4.458588977888439,4.584667205810547,77.80576726788233,77.00021851693096,131.5387124450126,98.9005752817282,84.10349352125492
ABR,2020-07-15,5.037402809198359,4.739399740478293,5.008748531341553,81.95420327364236,75.06783818997138,132.3768796384986,99.4819825166869,84.58066691987453
ABR,2020-07-16,5.0545967809714965,4.808171223928158,4.9629034996032715,80.41035606783774,75.09966766266817,132.34046717479643,99.47474631788141,84.57815201898593
ABR,2020-07-17,4.9915574359780095,4.825363238540465,4.951441764831543,80.3460646225298,74.84540204176919,132.1904953006802,99.47295955888147,84.57823287257965
ABR,2020-07-20,4.945710013688047,4.831093438218584,4.905594348907471,79.30460457610576,74.83570597622382,132.19103987292488,99.47478195880468,84.58232501004738
ABR,2020-07-21,5.020210967070026,4.911324809546836,4.957171440124512,69.94649643134176,74.59289854960073,131.9400608056447,99.48419554413466,84.58973494835021
ABR,2020-07-22,5.249444331379308,4.917055973036774,5.226521015167236,70.71708051443026,75.12238952971452,132.09532553240814,99.62060716751323,84.74945189700158
ABR,2020-07-23,5.21506048888791,5.008750062479252,5.06605863571167,69.95877138491174,74.75069019868893,131.689497030804,99.67683888050178,84.80080767920077
ABR,2020-07-24,5.237983676012837,5.0202118684024954,5.07751989364624,64.17295060071928,72.23344142447964,131.63715369398327,99.66546254337622,84.79733215286484
ABR,2020-07-27,5.088981011343134,4.974364432682582,5.083250045776367,58.862208859929744,71.61831090195572,131.54813088819435,99.5491765591618,84.79348920159724
ABR,2020-07-28,5.438562900445224,5.2093296930692174,5.369792938232422,60.804272313832854,71.9485234979203,131.55225791053425,99.63666009267969,84.97148887698131
ABR,2020-07-29,5.409907510889893,5.26663664883043,5.364060878753662,60.65398591299179,71.95817501837608,131.54415648307952,99.63519620068926,84.96688595189741
ABR,2020-07-30,5.501601415903325,5.260906319799118,5.490139484405518,60.970381501497826,72.04381039124648,130.0517998981728,99.6353652885237,84.99556445977782
ABR,2020-07-31,5.839719772338867,5.518793365231014,5.839719772338867,63.461918750784655,72.80756627318061,130.36209404731963,99.9196554282697,85.22193190731838
ABR,2020-08-03,6.177840221761534,5.759489512521573,6.160647869110107,65.12923509034181,73.17539720077004,130.08363085589698,100.11615207134955,85.2852461806798
ABR,2020-08-04,6.252340163436578,6.1205312362497155,6.143454551696777,65.08715526255111,71.6857806281752,126.4000914747551,100.09281743315002,85.2003467789611
ABR,2020-08-05,6.229418641427538,5.982992519524799,6.137725353240967,64.38818339078782,69.68790836459048,126.38522053661538,100.0928354003619,85.19710032696922
ABR,2020-08-06,6.246610987308882,6.103340088090466,6.120532989501953,62.60992175002358,68.3880506930012,123.74801383249006,100.09233905554123,85.18745887670612
ABR,2020-08-07,6.5503440468558916,6.08614620915466,6.533151149749756,63.1602278632684,68.42543807898488,118.64153386320146,100.40423038910184,85.43349764895486
ABR,2020-08-10,6.842617179758678,6.5732683113284,6.7451934814453125,57.50840451500622,68.52720284850771,111.75892624105144,100.47749729747042,85.49191068427686
ABR,2020-08-11,6.899924518452853,6.659229432626071,6.68215274810791,57.656634994532396,68.63982248358103,111.71463400774553,100.46817300782126,85.49706259214514
ABR,2020-08-12,6.842615276249255,6.716537326900159,6.779576301574707,57.681004404200685,65.53729233337474,111.25629848634526,100.48492627006063,85.50916507541183
ABR,2020-08-13,6.813962412276159,6.533151106614668,6.567536354064941,58.148652184845375,66.04049665787866,109.4787995221119,100.54907988447287,85.50798868508288
ABR,2020-08-14,6.720681440473331,6.426173047381737,6.67356014251709,57.62173434329715,65.75029067342963,109.47032984531681,100.56875597525708,85.51884477157522
ABR,2020-08-17,6.697120582625041,6.490965050928624,6.532196044921875,57.55468309762185,65.99569707404459,106.62836389470993,100.58137365266904,85.53714661299298
ABR,2020-08-18,6.561646947983941,6.314259862361538,6.432063102722168,54.03541642286246,65.85393550705771,99.54232942535346,100.59425791443164,85.54636353900894
ABR,2020-08-19,6.632328141017183,6.35549013622699,6.573426246643066,53.88339590245784,65.01876318553006,99.25601898976984,100.60840795590033,85.57098749444468
ABR,2020-08-20,6.679451081942319,6.479185265671983,6.555757522583008,48.397446181776736,65.00219155317149,93.0140506270391,100.60814057124317,85.5346105784843
ABR,2020-08-21,6.626437739159602,6.485073868872751,6.538085460662842,47.350754727746875,65.0237159351128,90.65431114297873,100.60759432705993,85.53257515113285
ABR,2020-08-24,6.803143010858637,6.514524962100598,6.767801761627197,47.71947573740161,65.13285202103852,89.76186911642601,100.68531874660826,85.59529668061884
ABR,2020-08-25,6.873825557517543,6.632328778486275,6.744241714477539,47.88870880813322,65.06153354073066,89.06413281904034,100.68402020674161,85.59072012862356
ABR,2020-08-26,6.797253010924592,6.673559475715986,6.691229820251465,42.51106548222856,65.09166959625277,88.53670750242414,100.6873533001162,85.58594333571465
ABR,2020-08-27,6.826703711146723,6.679449534674119,6.738350868225098,42.14452110626275,64.28324881721005,82.81025203771787,100.61944188935136,85.58820552192759
ABR,2020-08-28,6.84437370300293,6.720680178658837,6.84437370300293,42.00225324567911,64.31484953140371,81.79122333969941,100.63727455343027,85.60105109487763
ABR,2020-08-31,6.897385039840903,6.667668342590332,6.667668342590332,42.97568200715155,64.14200587351013,76.79749426535109,100.65724075333455,85.64131559963548
ABR,2020-09-01,6.920946262588982,6.567536015977504,6.708900451660156,42.991710010246834,59.14754198234347,72.07661235287333,100.65702426830174,85.63895238003808
ABR,2020-09-02,6.726570438116047,6.532194981325151,6.685339450836182,41.179960846221995,58.12473798058374,70.02888505526042,100.65527761427869,85.63432316124359
ABR,2020-09-03,6.8090341310565945,6.461514145721443,6.632328987121582,39.775910126175376,57.213492276244295,70.02598252321769,100.63712282141336,85.63802811319188
ABR,2020-09-04,6.756021177715962,6.414391563382326,6.667668342590332,39.74090482332501,53.374738795676095,67.73111107718789,100.63921356623966,85.62297277437919
ABR,2020-09-08,6.8502637524659225,6.573425767840371,6.667668342590332,39.76185940521777,50.64047386377511,67.42891697340669,100.63748502493897,85.618408093255
ABR,2020-09-09,6.915054966278369,6.7206795271144815,6.862043380737305,37.82182763640589,50.612350256770156,65.62683121584662,100.69650724495398,85.65936518019684
ABR,2020-09-10,7.01518846752303,6.773691722090527,6.7795820236206055,38.18897588816456,50.67444166673003,62.882783202431604,100.68803834515161,85.65754056572804
ABR,2020-09-11,6.797252472713947,6.591096409779792,6.720680236816406,38.1904808146708,50.66888098104103,62.90723805045949,100.68130999073108,85.6619796975903
ABR,2020-09-14,7.056419376286907,6.744240701155951,6.96217679977417,35.56164064618038,51.05753896491221,62.864039781645864,100.77220439279601,85.73316591360737
ABR,2020-09-15,7.115323482198504,6.9386183153705785,6.950398921966553,32.612216574316065,51.06820755099047,62.8296840631519,100.771444610851,85.73330641528852
ABR,2020-09-16,7.203672280259346,6.985736219828904,7.13299036026001,33.148880713329305,51.209525529704415,62.71149742042205,100.81790051884263,85.7720155160514
ABR,2020-09-17,7.203674698260401,6.973958521588024,7.168334007263184,33.10154260376209,50.77582287354445,62.663897882108046,100.8170524267452,85.77254288484683
ABR,2020-09-18,7.3038069821958445,7.07998112662984,7.191894054412842,33.02096140528983,49.62701518238682,62.12922928479912,100.80219718760904,85.76333186463317
ABR,2020-09-21,7.121212323302384,6.673559475715986,6.691229820251465,35.308288604834914,50.85265488395206,61.64930554386285,101.15786777515517,86.0632121542469
ABR,2020-09-22,6.9621779150131164,6.708901090496415,6.750132083892822,34.15188500736628,47.45059583267513,61.20029672329308,101.16402513677131,86.06040597289041
ABR,2020-09-23,6.91505540377751,6.502743857093291,6.514524459838867,35.58798515377356,48.04131306679989,61.27428564168046,101.24679041975091,86.13280722572736
ABR,2020-09-24,6.732461093621218,6.2906985664645525,6.57931661605835,35.441157973122,48.03539191044458,61.27329477076117,101.24354735302063,86.13361429410578
ABR,2020-09-25,6.8561543061452594,6.5439750636344085,6.84437370300293,36.077078884116354,48.26343027876156,61.50807111492171,101.35496161526427,86.22518540828071
ABR,2020-09-28,7.103542210396155,6.909166167247249,6.997519016265869,36.335244832818816,48.13799836884593,61.4818342785697,101.38836759381853,86.24961410382885
ABR,2020-09-29,7.032858810383194,6.732460734840121,6.7795820236206055,37.01236363524673,48.391395060245074,61.58021676206118,101.44995555726454,86.3043058101777
ABR,2020-09-30,6.9327266165748185,6.703009908378472,6.756021499633789,36.70476597884255,46.368879541472545,60.46375907990031,101.44985809810461,86.30446203502287
ABR,2020-10-01,6.915056008690297,6.661779206534965,6.903275966644287,36.69633223639438,46.40197624783344,59.16009910883668,101.4842152424891,86.3282508342932
ABR,2020-10-02,7.038750200917863,6.490964993661281,6.979848861694336,36.771290164410914,43.64096800169251,58.285172982526056,101.49255747762942,86.33439968024207
ABR,2020-10-05,7.115322310687147,6.915056525370531,6.9680681228637695,36.76102369825561,42.77639800143122,57.712339989707,101.48084776145645,86.33043799691295
ABR,2020-10-06,7.0623091363109305,6.791361468744313,6.803142070770264,36.184020915444,43.24342061465108,57.86744089831236,101.51577760749548,86.36200799649004
ABR,2020-10-07,7.0446390246120005,6.797251991304035,6.909164905548096,36.43343342723289,43.2766248131091,57.884293020257815,101.53410375058205,86.37601901097966
ABR,2020-10-08,7.026970511740593,6.88560605467671,7.0034098625183105,36.51851797021609,39.82669088024925,55.54562220714081,101.54751849693011,86.38669341817379
ABR,2020-10-09,7.074091014293051,6.826703944427024,6.915056228637695,36.7071059864951,39.888604920423134,55.593240144895105,101.55626818948456,86.39387360257675
ABR,2020-10-12,7.03874994118266,6.909166100904388,6.991628646850586,36.570470837958126,39.87020390096171,55.34098000321131,101.5627347108943,86.40092595682333
ABR,2020-10-13,7.026968959277416,6.915055478898897,6.9327263832092285,35.792142605733225,39.856994455187014,55.373511175445465,101.55953140055499,86.40475037613838
ABR,2020-10-14,7.056420108066819,6.9032761862169965,6.915056228637695,35.778336487268035,39.88072815912187,55.1400456109849,101.52527490741474,86.40479698508639
ABR,2020-10-15,7.032859898476462,6.891496010263807,6.979848861694336,35.83074087826576,38.65122614200958,54.450143761750326,101.52863666073333,86.40936078048236
ABR,2020-10-16,6.973959380029679,6.7206819625424155,6.809034824371338,36.53848094411954,38.41795013017838,54.604005001072586,101.51459633130916,86.4441769960766
ABR,2020-10-19,6.873825252885171,6.67944977780452,6.691229820251465,36.89229687863318,38.68788673746873,54.705486075733134,101.52684375725582,86.45866355838425
ABR,2020-10-20,6.779583217253382,6.673560017965508,6.697120666503906,36.89293476126317,38.688870233974605,54.61387455082915,101.50193856137824,86.4398568477984
ABR,2020-10-21,6.9327277690422475,6.561647130298228,6.832594871520996,36.389457242424655,37.39407044157978,54.584680648234155,101.53063338207558,86.45496124876469
ABR,2020-10-22,6.938615623688562,6.767800826422435,6.803142070770264,36.23716131794999,37.41888216241071,54.56805549358206,101.53079327663754,86.45448775927042
ABR,2020-10-23,7.009299603526242,6.82081440974798,7.0034098625183105,37.07795659693071,37.56449884500247,54.10862047185285,101.59255362596159,86.50327230264189
ABR,2020-10-26,6.979848189493455,6.720680524332814,6.738350868225098,37.385206110709305,36.59948804517051,54.500726872546224,101.67891840143622,86.58842890270321
ABR,2020-10-27,7.032858874896665,6.761911181058397,6.8797149658203125,37.916387964879306,35.23626216104417,54.2142477229369,101.70877716419935,86.60739546500064
ABR,2020-10-28,6.803143828521722,6.514525745074963,6.632328987121582,38.48012088149908,36.09770132882401,51.02412811903763,101.79639243121031,86.68340745127323
ABR,2020-10-29,6.873825263232734,6.543975648269867,6.856154918670654,39.798518657072705,36.681201058420385,50.58769045412237,101.86439709163682,86.74764758619996
ABR,2020-10-30,7.109430966007838,6.809032893806006,6.96217679977417,40.0766682411932,36.77142023634263,49.9995154141401,101.85530355591503,86.76105142016795
ABR,2020-11-02,7.598315867515391,7.074091318335505,7.5158538818359375,40.329540721418056,37.66019865156284,48.861604768776616,102.26500148436088,87.04422007153688
ABR,2020-11-03,7.716119843285855,7.30380765855702,7.427501201629639,40.55344824838187,37.256619413904076,47.13392748912844,102.26828966136954,87.05082936484031
ABR,2020-11-04,7.686667920486316,7.315587338202968,7.462841510772705,38.856751462874676,37.19099908482541,46.95498116020343,102.26719020758716,87.04479884551264
ABR,2020-11-05,7.786801893602079,7.568865755076453,7.6631083488464355,39.34996847345084,37.445731591345286,47.066367630328095,102.31568269437253,87.00022512306496
ABR,2020-11-06,7.757350710459982,7.480512678248043,7.6159868240356445,38.08505195795543,36.8204892494877,47.047760441603245,102.27709889949857,86.89561866008458
ABR,2020-11-09,8.269793035944248,7.828030586242676,7.828030586242676,38.34147126263002,37.07421306027237,47.188749714869644,102.19599696694046,86.93726023120405
ABR,2020-11-10,8.475950424336544,7.904604074178574,8.328696250915527,40.3835218252299,38.66758277183256,48.081863558555646,102.45091295912125,87.1150297122797
ABR,2020-11-11,8.098980160071445,7.710229202264837,7.857483386993408,44.50980182024638,40.53844410003605,49.07333509233464,102.46236672856645,87.30860136744302
ABR,2020-11-12,7.904603201822267,7.421609746058383,7.59831428527832,45.58389948766295,41.04638251537453,49.14306872848166,102.4180396858581,87.3613130786098
ABR,2020-11-13,7.791595271983077,7.628515665648942,7.652675628662109,45.539635886782506,41.04354166992834,48.47662872036098,102.11050299100724,87.34788509665445
ABR,2020-11-16,7.960716458767095,7.707036531405967,7.882196426391602,46.15206471154038,41.397055818173165,47.866352970211345,102.11540030284492,87.39855038380604
ABR,2020-11-17,8.00299416260082,7.767434127051814,7.954674243927002,45.39403515611088,40.898160450289716,45.73145328634088,102.07124705814898,87.40336930713931
ABR,2020-11-18,8.214397275424107,7.918436944115925,7.942596912384033,45.32756768921419,40.88744613890113,45.67284125678505,101.8146356550918,87.40348303309538
ABR,2020-11-19,8.051314868926916,7.851995040893442,8.04527473449707,45.316015275811914,40.878303610817554,45.68125448495621,101.8136935213509,87.41099660185922
ABR,2020-11-20,8.105674942165816,7.930515075499834,8.027154922485352,45.06962973043739,40.88424015982058,45.48547859091387,100.6553609742638,87.39793460108832
ABR,2020-11-23,8.220434323317471,8.027154636238746,8.13587474822998,45.10359769588138,40.85799666404335,45.35216392913685,100.62376264477615,87.40833763067639
ABR,2020-11-24,8.425795278237752,8.214395739425871,8.317075729370117,45.175381971333266,40.587766466303094,45.21748417576944,100.23650864864824,87.43515627531731
ABR,2020-11-25,8.377474543552584,8.196274544873496,8.292914390563965,45.18142331163173,40.606674733711245,43.94118375223112,97.57258369049407,87.43436304421832
ABR,2020-11-27,8.359355252262246,8.18419537671711,8.268754959106445,45.24374237291006,40.60240697751511,43.921808565501216,97.56445378426997,87.42374896113515
ABR,2020-11-30,8.268754524230998,7.954675022125101,8.04527473449707,45.403071788787884,41.03079680548793,42.591531699581374,95.74211985768858,87.46635121021885
ABR,2020-12-01,8.311037828519808,8.093597520296413,8.208357810974121,45.05135588213523,41.17413527150053,42.06010470252222,91.88292532780176,87.46809185836094
ABR,2020-12-02,8.274794167872086,8.129834406267115,8.232514381408691,45.03174882456742,41.16797745453355,42.061385088595536,87.03898849408951,87.46847044872683
ABR,2020-12-03,8.41371633958258,8.19023651082655,8.214396476745605,44.9285987231358,40.8454061407807,42.07972101231015,86.99749050045354,87.46854934285886
ABR,2020-12-04,8.359355268687732,8.202315221057603,8.250635147094727,44.82314776482876,40.72486566318595,39.939087809699984,86.63713873278867,87.45901335692764
ABR,2020-12-07,8.395593849704145,8.153994250468196,8.298954010009766,44.3088627055724,40.650897950635155,39.874413439496216,85.3003769598179,87.45999343534278
ABR,2020-12-08,8.721756137186484,8.26875632465351,8.63719654083252,43.33036902504712,40.81687136636945,40.236044905110276,85.38535878310071,87.55050190571097
ABR,2020-12-09,8.782154797006928,8.449954877743563,8.498274803161621,43.727913233435636,41.00526273972241,40.31593877077907,83.26272472292075,87.50233822989115
ABR,2020-12-10,8.600954070287997,8.413714518936876,8.582834243774414,41.72407620473422,40.75908872948358,40.31428703202175,78.14448176950427,87.50720423236726
ABR,2020-12-11,8.570753925769536,8.365394549094466,8.419754028320312,41.802223486043125,41.01121350189518,39.77653328250227,77.96133029095223,87.50595290720754
ABR,2020-12-14,8.721754826106446,8.486195327651492,8.60095500946045,41.94257906400792,41.188192159774914,39.440113888610156,73.65892778932674,87.52889186530484
ABR,2020-12-15,8.697596052729665,8.582836355219982,8.685516357421875,36.43463181978524,38.111924614340936,39.44346906738175,72.05629572415187,87.5327245705486
ABR,2020-12-16,8.782156204829825,8.570756065223124,8.703636169433594,36.10392537388707,38.10344708958563,39.44114452434101,71.41813025424948,87.51763378272909
ABR,2020-12-17,8.902954616802935,8.697594645622527,8.8969144821167,36.42502078694637,37.35514402639718,38.730610506132344,70.97895333736412,87.54401378363981
ABR,2020-12-18,9.029793804568788,8.564714417260832,8.582834243774414,37.82014879880175,38.278433328702725,39.26277235301169,70.80602338521605,87.618979464919
ABR,2020-12-21,8.486195983726207,8.14191575964483,8.329155921936035,38.977941529078805,38.20891877071085,39.53170887671159,66.87573791570938,87.67027774670322
ABR,2020-12-22,8.492234485992569,8.30499435970722,8.419754028320312,38.363356575121166,38.04044948435239,38.45626236345873,66.12947079714398,87.66047900283989
ABR,2020-12-23,8.637194482347587,8.371434333095648,8.52243423461914,34.1229649896977,37.38584244703256,37.64360540275632,62.534666244780055,87.66095958873596
ABR,2020-12-24,8.53451357406674,8.377473555334916,8.486193656921387,29.250203630378508,37.392685301167525,37.65031518869029,59.31515793447427,87.6618315975987
ABR,2020-12-28,8.655314125847646,8.498274093346195,8.582834243774414,27.260386916799135,37.24353822288117,37.66608505353328,57.96172954359948,87.66842963216335
ABR,2020-12-29,8.619074655450062,8.468074753926569,8.52243423461914,27.43135818672377,37.27452965593631,37.68985685713924,57.95733717495223,87.66856826659358
ABR,2020-12-30,8.66135533422319,8.492235588411093,8.534515380859375,26.306297151491346,37.262106660509644,36.358689345007086,56.464644719949156,87.6655871370837
ABR,2020-12-31,8.600955042560797,8.383515371761195,8.564715385437012,26.235908637018053,36.82414688194871,36.05498845705239,56.27470093923711,87.65175573106804
ABR,2021-01-04,8.600955655982602,8.178155977930855,8.347275733947754,27.463580354989425,37.23361259004633,36.2831623850549,55.09781376682874,87.68990178008222
ABR,2021-01-05,8.492236330742715,8.317076434692767,8.431836128234863,27.3772471085947,37.19900980990763,36.25208748890903,53.31137292096908,87.69532320244139
ABR,2021-01-06,8.872754021704056,8.516394735489154,8.667394638061523,28.361356462957893,37.38340131349279,36.06042188323999,53.35564759463082,87.73716219068703
ABR,2021-01-07,8.77007521717748,8.62511486302806,8.649274826049805,28.199839961542477,37.37135209895277,36.00570995118751,53.24439391275517,87.73004098290357
ABR,2021-01-08,8.7036340472298,8.30499440781758,8.582834243774414,27.680601662080207,37.36138707126823,35.83852842021642,53.22441298435844,87.73296984964256
ABR,2021-01-11,8.75799655604938,8.49827647385423,8.594916343688965,27.655231117989583,37.34253648411517,35.72059844434492,53.12052291663285,87.72997642210095
ABR,2021-01-12,8.679474956582125,8.486195251678865,8.613035202026367,27.62867161704313,37.324762570662394,35.59273800774024,53.079561353463056,87.72714089828038
ABR,2021-01-13,8.721753873743383,8.53451432239226,8.582834243774414,26.303696141337614,36.88844312083986,35.596143786212,52.7078228590799,87.72782876383195
ABR,2021-01-14,8.739874839782715,8.570754528022178,8.739874839782715,26.194880936193588,36.730896306098714,35.669324972240446,51.555441130110324,87.74528107281951
ABR,2021-01-15,8.739876426354531,8.625116152825806,8.685516357421875,26.30391144480237,36.78939180398095,35.33467881483728,51.285307954932655,87.74727938683905
ABR,2021-01-19,8.727794849875211,8.606995034766491,8.649274826049805,26.336206086248687,36.68267611458799,35.33784161740517,51.12186862355143,87.74026697605962
ABR,2021-01-20,8.824435173688098,8.655315423495292,8.818395614624023,26.82119754986159,36.77619181314193,35.39889444871448,51.146871734915976,87.75983892306944
ABR,2021-01-21,8.908993900910827,8.73383404386588,8.848593711853027,26.801968433625746,36.41460642175844,35.392487142174474,51.14710427855488,87.76035995574144
ABR,2021-01-22,8.872755085025522,8.703635335162254,8.836515426635742,24.294751471940742,35.34326822952122,35.33770079286609,51.1069549823062,87.76022754370612
ABR,2021-01-25,8.818396986401792,8.588877001712532,8.679476737976074,24.403820428298808,35.47303315999555,35.19140910970203,51.03606948183324,87.7778631122013
ABR,2021-01-26,8.902952907465345,8.588873452329663,8.800272941589355,24.55818507131615,34.50671980921067,35.23191409957095,50.27531407393013,87.7846922701421
ABR,2021-01-27,8.733835225285517,8.516395552098535,8.534515380859375,25.575689411216846,34.73661691429802,35.615583651063744,49.56973767513398,87.8347768468392
ABR,2021-01-28,8.842553300256364,8.558673360715755,8.800272941589355,26.371153457033348,35.09691590796674,35.85539820432613,49.11391243442139,87.86200833925881
ABR,2021-01-29,8.824434735259569,8.516395349574738,8.613035202026367,26.993093914339745,32.051505260525076,36.06025792069239,48.85485446105646,87.88667741289414
ABR,2021-02-01,8.848595329600483,8.462035892218159,8.75799560546875,27.43259449271653,32.04861355993115,36.127369169759824,48.83284525603342,87.85417479158238
ABR,2021-02-02,9.005635296384419,8.776115344790776,8.969395637512207,27.56780055455515,32.337401556429455,36.046101976253844,48.88377324585432,87.88162632981393
ABR,2021-02-03,9.053955339823256,8.896915280011143,8.921075820922852,25.4192335571095,32.00975980183149,35.99194952679336,47.32632738919559,87.86585017341018
ABR,2021-02-04,9.343875560698445,8.939195713866647,9.289515495300293,26.078241920122853,32.88331662520585,36.43735574183849,47.4967005679107,87.95655582692746
ABR,2021-02-05,9.543194852600463,9.319715044960917,9.331794738769531,25.991354179926105,32.497554862785115,36.073681263365245,47.32152582197346,87.95637947135822
ABR,2021-02-08,9.229113166761563,9.041873624692435,9.186833381652832,26.427206485298182,30.290776665623852,36.18714409690112,47.37633855363656,87.97107485516649
ABR,2021-02-09,9.217035598613132,9.059995537714848,9.108315467834473,26.552720571247836,27.696799252663794,36.03979404380414,47.236190916432896,87.96398397915421
ABR,2021-02-10,9.241196411575595,9.066036504815846,9.156636238098145,26.43301797642233,26.66496743421564,36.04045116670737,46.781306607974436,87.96180630094476
ABR,2021-02-11,9.337834592840597,8.98751484264243,9.223074913024902,26.324185575188487,26.66562362717549,36.04822395623088,46.75832010856093,87.9643805977324
ABR,2021-02-12,9.331795308054247,9.198915211939362,9.271395683288574,26.332029714731238,26.095318438409997,34.00461255412922,46.75797323519173,87.95720891384371
ABR,2021-02-16,9.621713743288089,9.295553984669114,9.573393821716309,27.668278416310173,26.75080577502235,34.30024435702386,46.815344924881956,87.987637416389
ABR,2021-02-17,9.585474565699682,9.27743459987106,9.34387493133545,27.53724410383363,27.318297392840623,34.01957262802553,46.87635555723866,88.02303334660661
ABR,2021-02-18,9.506955709116163,9.204955841029737,9.283475875854492,27.625246813026482,27.299163867265978,34.04186296285631,46.87263419558402,88.02007025060004
ABR,2021-02-19,9.772714176279335,9.331794147817112,9.766674041748047,30.106794577785422,29.020522360856855,34.38999338165603,46.817413387937926,88.16107208859552
ABR,2021-02-22,10.050555541843261,9.790835463195465,9.881436347961426,30.130033131169558,28.99623437023739,34.286206230814585,46.82165838520145,88.16742635985894
ABR,2021-02-23,10.008275262738536,9.706275400123431,9.911635398864746,29.91356526297305,28.730648550100273,33.82154736234469,46.59840695324548,88.13065086772933
ABR,2021-02-24,10.249874114990234,9.814994761815756,10.249874114990234,31.027293680953722,29.379072858737054,34.12829183581045,44.53351017040127,88.07546933627582
ABR,2021-02-25,10.382754170595788,9.60963421394986,9.670034408569336,36.16621307465006,31.970544641355225,35.41946393229568,44.65976561438758,88.27065356406618
ABR,2021-02-26,10.183433377636996,9.905592969316787,10.068673133850098,37.59922320303741,32.270290851995604,35.88485240409244,44.466896420399664,88.16618724189581
ABR,2021-03-01,10.340475946590335,10.09283499592826,10.189476013183594,37.45826907698916,32.137194350537825,35.89824122727125,42.884045683301935,88.06463473896052
ABR,2021-03-02,10.429731256425294,10.004656241228114,10.275718688964844,37.312863119229704,32.15203339186235,35.628013333961725,41.769462249655106,87.81759219417667
ABR,2021-03-03,10.429735269293213,10.078586668381666,10.084747314453125,37.88000182123603,32.45932422183259,35.76469222384383,41.738440500414065,87.79366569613978
ABR,2021-03-04,10.164831971811497,9.573423542678368,9.807522773742676,38.79926882021496,33.0855165987665,36.07986579620921,41.88279801770417,87.80385567756917
ABR,2021-03-05,9.961535396325488,9.129867089484899,9.65967082977295,39.17748967413374,33.285297779194,36.11029073310609,41.913745934013704,87.60223841142694
ABR,2021-03-08,10.02930218978162,9.671992372567797,9.776721000671387,39.242649491586896,32.425631115260735,36.11624235298043,41.91970442537622,87.59903980234019
ABR,2021-03-09,10.004659662828313,9.702795068370659,9.955375671386719,38.93157733567658,32.36206266911864,36.141294614521705,41.95513479931019,86.64744621856434
ABR,2021-03-10,10.19563399515016,9.967695997446446,10.053942680358887,38.86657071852546,32.36159618563666,36.141027719408655,41.946135367585185,86.61779342407222
ABR,2021-03-11,10.232598998647353,10.041622501034219,10.164833068847656,37.446168286540704,32.08200532116041,36.14842922064649,41.76890829808104,86.27549589904031
ABR,2021-03-12,10.337327879102439,10.207956662263273,10.281883239746094,36.74627170061018,31.907055837767228,35.87690975696062,41.34264089454934,84.07085067469872
ABR,2021-03-15,10.417411804199219,10.288041788752928,10.417411804199219,35.92132951204915,31.944433378897596,35.736780023608866,40.84702311240464,84.06777839693142
ABR,2021-03-16,10.411252046364998,10.152510818406967,10.214116096496582,36.55344831589116,32.28240725361463,35.93767157594315,39.57167215213751,82.53588534169768
ABR,2021-03-17,10.349647521972656,10.097066920932084,10.349647521972656,36.20768682614485,32.1078974092628,35.87741625858708,39.54126947996896,79.34619935961403
ABR,2021-03-18,10.411252166179628,9.96769627387117,10.023140907287598,37.653660317948265,31.918469032163067,36.31168126266724,39.75853892323,75.46920878316224
ABR,2021-03-19,10.405092086822558,10.041622214663839,10.244918823242188,36.45049984339954,31.42329676619986,36.20355498739885,39.69140219444458,75.45103412638484
ABR,2021-03-22,10.232598918286241,10.004659722128405,10.10938835144043,36.7622402948516,31.570535211000134,35.66883852383639,39.65108788853855,75.16900264610628
ABR,2021-03-23,10.134031698715738,9.77056120413625,9.819845199584961,37.53978759371829,32.187044030079775,35.95059355525553,39.71681904094666,74.17123950752583
ABR,2021-03-24,10.207955401748876,9.862967491149902,9.862967491149902,37.4033426468089,32.159808691983955,35.368642957047115,38.93955455296704,74.16918584689199
ABR,2021-03-25,10.115548420825307,9.62270794406238,10.035462379455566,37.63938577741419,32.2537263660014,35.12392260918357,38.95113730677957,72.37184321923807
ABR,2021-03-26,9.813685050033653,9.240757873851178,9.487177848815918,41.33401701822147,34.38336279233453,36.34029858645615,38.63773895660959,68.41181209046773
ABR,2021-03-29,9.739758157252853,9.493337617554351,9.56726360321045,41.37292559948156,34.40997078087707,34.39348739229663,38.25144167814003,68.215865285308
ABR,2021-03-30,9.826002982958974,9.561101731482502,9.79520034790039,40.889480276867296,34.69368717032501,34.47897879176248,38.32033364072407,64.75643956662262
ABR,2021-03-31,9.949212935681913,9.79520034790039,9.79520034790039,40.19767162693091,34.20557148126655,34.4802750992856,38.323576501564986,63.48350316172644
ABR,2021-04-01,9.955375671386719,9.702795068370659,9.955375671386719,40.34058031159473,34.28547497719062,34.338458690970405,37.01872686572478,62.99288316984717
ABR,2021-04-05,9.998499139922965,9.813684463500977,9.813684463500977,37.88899806505732,34.06611523936457,34.41602810106912,37.04914233382134,62.66884375695653
ABR,2021-04-06,9.912252270131008,9.776721000671387,9.776721000671387,37.74510751652955,34.07662850837481,34.19667552430566,37.05293322070215,62.40137840065284
ABR,2021-04-07,9.862966447052798,9.739756492024785,9.782879829406738,37.73263854454565,34.01748269448467,32.82642582351971,37.022188574426515,59.06956699948436
ABR,2021-04-08,9.980017389618737,9.782880853427292,9.961535453796387,36.77638189193009,34.17287151036076,31.493374196456397,37.05244813651538,58.465260065493496
ABR,2021-04-09,9.949215147875565,9.789042467477277,9.813684463500977,32.847866678109234,34.358741003830644,31.089497416205713,36.656076102136296,55.5734537490635
ABR,2021-04-12,10.072424797849392,9.844485621007333,10.066264152526855,31.52646667528855,34.66422016511611,31.292720269230127,36.51358546522736,53.01605872602361
ABR,2021-04-13,10.164832127641544,10.016980164969512,10.066264152526855,31.32298344780049,34.51735468732923,30.99850546959651,36.515919072046614,51.94396550340752
ABR,2021-04-14,10.275721571249056,10.060103681320248,10.127869606018066,31.273178278443492,34.47875238556927,30.98548005220812,36.51553321637134,51.9297923592273
ABR,2021-04-15,10.177155421073682,10.023142782770591,10.121710777282715,30.790138518499884,34.45667951013144,30.982872399205558,36.01098234881683,50.758768943837104
ABR,2021-04-16,10.226438443437035,10.121709812373853,10.17099380493164,29.644033570197774,34.283398897939385,30.940409142773312,36.007175104864714,50.61381587396178
ABR,2021-04-19,10.251080829446183,10.09090754460819,10.121710777282715,29.29642830230277,34.31461164250915,30.953011962094816,35.94439854495418,49.58240025987299
ABR,2021-04-20,10.109388107947389,9.832165514244501,9.94305419921875,29.643412596251395,34.55304547790517,31.064382902711746,35.354431604318,48.23277794522363
ABR,2021-04-21,10.146350770185515,9.826004832797707,10.140190124511719,29.724977129214047,34.486636174460706,31.027396144340607,34.89695738981107,48.237566334144276
ABR,2021-04-22,10.361968741824578,10.07242544325027,10.244918823242188,29.736650203044153,34.44494894692704,31.045076266569072,34.9018891632793,48.15305074842542
ABR,2021-04-23,10.663833990544994,10.257240748272782,10.639192581176758,31.507605396034478,34.48274946584775,31.544888278852856,35.142466045337734,48.232419599841684
ABR,2021-04-26,10.91641283057149,10.626869561187949,10.700796127319336,31.394920115681163,34.02488058735733,31.18144830951491,35.13698206736763,48.15296765057448
ABR,2021-04-27,10.879448795651898,10.676152232596992,10.774720191955566,31.243933064429143,33.63755350068959,31.066190260869764,34.35385307363358,48.117965277381884
ABR,2021-04-28,10.953378677368164,10.762402169998788,10.953378677368164,30.904440127075727,33.633559640911066,31.142501579052745,34.2173315139899,47.82749416233341
ABR,2021-04-29,11.12587255329272,10.891773862369707,11.021143913269043,30.756913735197262,33.37591994373416,31.13623918653346,34.18949005859968,46.89659477281644
ABR,2021-04-30,11.008823149988395,10.842489229991573,10.891773223876953,29.32999231376912,33.47402654878184,31.223065921681677,34.20435203694577,46.70335860615476
ABR,2021-05-03,11.058105016049463,10.891771128058966,10.978017807006836,28.81328650750181,32.58399370635429,31.22986972171088,33.96371894311021,46.571524392972464
ABR,2021-05-04,11.058105714871969,10.787043196019324,10.860968589782715,28.70051302201368,32.69872300856922,30.727348903511842,33.96518486590898,46.591652145435845
ABR,2021-05-05,11.00266247872239,10.762401980935191,10.990341186523438,27.215593171621865,32.530711815628685,30.619829493727412,33.86051786191764,46.59786976540213
ABR,2021-05-06,10.965698413489694,10.565265824096876,10.626871109008789,29.29021965727987,33.306978323747096,31.130137849684036,34.066877512542554,46.71873329032695
ABR,2021-05-07,11.021141054915443,10.639190472728576,10.971857070922852,30.225074076179144,33.84368980812533,31.29652052038993,34.16807947948797,46.68801026083121
ABR,2021-05-10,11.113551953699035,10.934896738745062,10.953378677368164,24.550654334761905,33.84557932801803,31.160338827217643,34.16599152024033,46.08379893489018
ABR,2021-05-11,10.891772713073305,10.589908117804345,10.70695686340332,25.78205539615158,34.245632182130336,31.391797139054887,34.294027288544534,45.485239910148394
ABR,2021-05-12,10.69463457003319,10.084744857805186,10.097064971923828,30.813303440155725,35.89608313717949,32.839316166290196,34.84577207732087,45.49989691594843
ABR,2021-05-13,10.713115877277575,10.226436681498491,10.676153182983398,34.65397156131122,37.223438871777205,33.80029099851137,35.40985310759615,45.52454124120201
ABR,2021-05-14,10.916411582012687,10.719275661573516,10.879448890686035,34.750769354594986,37.33253099526757,33.35844742317004,35.44025863401621,45.513419304373514
ABR,2021-05-17,10.953376405402997,10.713115953230302,10.928733825683594,34.36291351337844,35.96589256616823,32.953349366545304,35.43720738799621,45.51341452775573
ABR,2021-05-18,11.107389281044194,10.941055388851803,10.947216033935547,34.29763781005807,35.90775472409122,32.92807138696885,35.40399109826862,44.29952064439745
ABR,2021-05-19,10.971856666706312,10.688474062944787,10.9595365524292,34.293999733680494,35.90684470417213,32.893599501002335,35.238699760004195,44.28256755674911
ABR,2021-05-20,11.072587152030314,10.777402319004734,11.028623580932617,34.035548465770724,35.302506523393795,32.880895065592924,35.23886468376739,44.14433190399
ABR,2021-05-21,11.091429482977698,10.859050258898694,10.86532974243164,34.033846936187814,33.242701437081195,32.967847383911554,35.29323086915258,44.18113393052438
ABR,2021-05-24,11.016062817780766,10.75228020760821,10.99094009399414,33.4860494360882,32.32984590164537,32.964482681594504,35.28558226659311,44.05850161409584
ABR,2021-05-25,11.129110872272676,10.93441456524641,10.953256607055664,33.52692751162722,32.27066968839135,32.977697024957834,35.29201139039546,43.71137319386797
ABR,2021-05-26,11.254724502563475,10.959539638407337,11.254724502563477,34.25343368933715,32.675256003538166,33.20893555257651,35.40817071841081,43.756092492144084
ABR,2021-05-27,11.543627943245783,11.286125989414597,11.40545654296875,34.34505151095943,32.485607006954055,32.934668898260284,35.296613688776176,43.76654169037218
ABR,2021-05-28,11.474541963852603,11.33008989308453,11.455699920654297,34.34428781335474,31.88350770810008,32.916458461901286,35.25242900904348,43.72067979855495
ABR,2021-06-01,11.725763403069022,11.493382991603646,11.700640678405762,34.59029080763042,31.8879464719419,32.81080296025248,35.290807597917,43.71069040584038
ABR,2021-06-02,11.832534517516484,11.537349642068795,11.556190490722656,34.31809956655232,31.99198208764422,32.892493888493455,35.128750769647674,43.72468618347459
ABR,2021-06-03,11.65039588330591,11.493382455240237,11.56874942779541,34.051410435111286,31.833591776135954,32.849888378470396,35.12526834791753,43.42385342598801
ABR,2021-06-04,11.719482860577623,11.474542281799724,11.65667724609375,34.01983281821334,31.814530779707273,32.85692411838374,35.02230303829098,43.42120261423852
ABR,2021-06-07,11.96442323531317,11.681799771831818,11.945582389831543,33.089850524914006,32.08816509161101,33.03215243520161,35.11587976232963,43.29949674088408
ABR,2021-06-08,12.077473260717147,11.94558254891952,12.04607105255127,33.111525524489224,32.058508498504054,33.02392309462974,35.121962710639124,41.60724052732518
ABR,2021-06-09,12.2407665756945,12.033508900808902,12.071191787719727,33.10375592106249,31.98445424658905,32.939725083356095,33.96899565350092,41.25267755427171
ABR,2021-06-10,12.196805666426416,11.970705899845424,11.995828628540039,33.00331781976079,31.70397514586427,32.93989927252843,33.9813581335141,40.94520409705375
ABR,2021-06-11,11.995828628540039,11.763448179785394,11.995828628540039,33.00078041787483,31.63248854112206,32.92263824939049,33.669994830550564,39.72476368000504
ABR,2021-06-14,12.234487155019204,12.06491234957854,12.203084945678711,32.95151288983245,30.938626609251042,32.89673338078314,33.70053093801648,38.88191977608166
ABR,2021-06-15,11.776004810481997,11.430575815208053,11.606430053710938,36.431074572422524,32.56623705016903,33.97042610841551,34.017278286134584,39.16190198268155
ABR,2021-06-16,11.675519410140527,11.33636980718286,11.46826171875,36.47056064913666,32.540298534273845,34.04452756587452,33.985688795242915,39.17410105680058
ABR,2021-06-17,11.55618930633938,11.217040888234841,11.40545654296875,36.402346974484175,31.929053563501125,33.91050891004547,33.75327617203208,39.16414538444714
ABR,2021-06-18,11.304966418057287,10.871609036614899,10.928133964538574,37.24759868388207,33.24411362728059,34.62129805112487,34.17481773868535,39.42586250646089
ABR,2021-06-21,11.342648936923242,10.984658536938081,11.2798433303833,37.228071029461354,33.65931731901209,34.53084098592618,34.27434084275872,39.530795252181214
ABR,2021-06-22,11.430578832714994,11.217040459947183,11.392894744873047,37.31033403036969,31.436386899404408,34.26083346691412,34.270958954156285,39.52623339236121
ABR,2021-06-23,11.600151031029554,11.355210479317668,11.531065940856934,36.71858544253437,31.47181001327161,34.073928112698844,34.28463430483815,39.39131160028288
ABR,2021-06-24,11.68179833223492,11.52478491701111,11.644115447998047,31.854195016929275,31.215245264311886,34.02032297800432,34.14606282237645,39.073789531715235
ABR,2021-06-25,11.706919183180789,11.499661534909189,11.549905776977539,28.126717570470223,31.29158225237977,33.89628184436842,34.138766774453515,38.69646963149393
ABR,2021-06-28,11.556186984319677,11.229598797013573,11.374052047729492,28.157546375570163,31.37954566156874,33.99208189640439,34.182481420452696,37.72648225078207
ABR,2021-06-29,11.468261863019618,11.311248422175293,11.348931312561035,28.162019824954154,31.204225422375213,33.44713637182279,34.13850676518934,37.692780144171564
ABR,2021-06-30,11.348928919825585,11.185634832025269,11.191915512084961,28.503072118667017,31.35943795183682,33.53987117674503,34.181095698611614,37.72280196318306
ABR,2021-07-01,11.411736188808153,11.185636465313827,11.35521125793457,28.7805423020714,31.457204625009805,33.481401000270615,34.18426012280919,37.64996053135991
ABR,2021-07-02,11.374053191021524,11.097709220299148,11.160514831542969,29.22522283563829,31.542999422386792,33.580691737946076,34.260819056731016,37.64025442339612
ABR,2021-07-06,11.242161149241937,10.896732088528779,11.129111289978027,28.88269643681974,31.363686871749273,33.58533047800646,34.25768218038126,37.554797045427016
ABR,2021-07-07,11.129111481505317,10.915573120980227,11.066307067871094,28.75836902828316,31.02167295323793,33.59608606266173,34.1170542100472,36.99240661119086
ABR,2021-07-08,11.116548995883651,10.72087456428555,10.959535598754883,28.88461673722591,31.106260417841767,33.64107439286571,34.06485704799859,37.003290248953235
ABR,2021-07-09,11.380332728014295,11.009780976631847,11.374052047729492,29.827933079956548,31.944270895596205,33.767037960543114,34.30607271053951,36.43402585837151
ABR,2021-07-12,11.524787089729866,11.29868734584843,11.480823516845703,29.70030576651523,31.975533493962587,33.52922628272358,34.25442247375307,36.13777498981452
ABR,2021-07-13,11.449416840427205,11.217037679262297,11.298684120178223,30.037078244623324,32.18354709280955,33.624723652122945,34.316759143237334,36.19123409854944
ABR,2021-07-14,11.455700263567403,11.097709817505525,11.122831344604492,29.628318465293667,32.35460511303444,32.81572562294054,34.24390208729736,36.242548236680584
ABR,2021-07-15,11.229599787564306,10.984659224437427,11.129111289978027,29.4580574602681,32.10266238437677,32.773628215652266,33.893072837693,35.22565467854207
ABR,2021-07-16,11.330089483067967,11.078867041184889,11.129111289978027,29.452236947796123,31.890339106452686,32.77279411893259,33.82702514889343,35.205248883793985
ABR,2021-07-19,10.978379145788946,10.563863771029045,10.859049797058105,30.078011566856926,32.28019888501881,32.60863440116986,33.65953716061759,35.31043464182467
ABR,2021-07-20,11.254723391619093,10.80880460050844,11.154234886169434,30.266386079328583,31.822145446151595,31.4797074341598,33.58676222940237,35.36760651569734
ABR,2021-07-21,11.355210265314826,11.18563548751752,11.210758209228516,30.17988006486875,31.81767542194493,30.85990317278679,33.5542881869234,35.36069006480858
ABR,2021-07-22,11.242160454431055,11.009781267343778,11.041183471679688,30.373552538114936,31.959043067233562,30.918027365033485,32.44846060937637,35.054961705458396
ABR,2021-07-23,11.191916215173048,11.016061954123225,11.11655044555664,30.486424859895717,31.813124885180866,30.908897974470477,32.41045553051667,34.88884429233436
ABR,2021-07-26,11.33637039189271,11.116552524472118,11.286126136779785,30.90874808850323,31.93733415097913,30.83157733442793,32.4450781259031,34.90942788773994
ABR,2021-07-27,11.279844557651257,11.07258687206155,11.267284393310547,30.371520842638088,31.839305880248027,30.482836322204136,32.320417147626905,34.91219311469418
ABR,2021-07-28,11.424297166457201,11.179355408272194,11.323808670043945,26.88708397873427,31.816461112698775,30.371648528664995,32.30700918649866,34.525090517288184
ABR,2021-07-29,11.575029247679764,11.380332946777344,11.380332946777344,26.724435982104517,31.742238844012448,30.330420271118786,32.16878184295117,34.523301703843984
ABR,2021-07-30,11.606433553955098,11.361492963361886,11.480823516845703,26.801811734489313,31.702968166832118,30.236617881262962,31.37995665343466,34.468428976588825
ABR,2021-08-02,11.675520168706118,11.361493270565378,11.386614799499512,23.67807299723925,30.945622880069724,30.244672201526036,30.581018971562806,33.976689590361325
ABR,2021-08-03,11.449419494831531,11.110271095123311,11.223320960998535,22.280207108104293,30.42988619107628,30.305684907386137,30.35065959038854,33.633403688885245
ABR,2021-08-04,11.380335734073348,11.103991718133496,11.33009147644043,22.260736782198123,30.48339350038204,30.289909287515943,30.357305349305356,33.636816125865955
ABR,2021-08-05,11.543627359289951,11.361492395316477,11.512225151062012,22.474268972411036,30.249891729395173,30.32233670946562,30.22701981414333,33.662224470723096
ABR,2021-08-06,11.63783511430625,11.449418291674753,11.531065940856934,22.288699569365512,27.558000454412596,30.14006972634452,30.21542571666671,33.65813265341915
ABR,2021-08-09,11.556187981606582,11.374053029298343,11.443138122558594,22.274846350247728,25.263372299784624,30.110931270847168,30.23437921690204,33.078588295758124
ABR,2021-08-10,11.637837192593015,11.392895399222057,11.631556510925293,22.30893687468971,25.192818259948346,29.736014844912116,30.25474847776325,32.97446682150446
ABR,2021-08-11,11.776010139954506,11.537350194868548,11.744607925415039,22.437542901886946,25.244647073141756,29.58559505806425,30.263780985047628,32.96251507353892
ABR,2021-08-12,11.78856909701691,11.537347838262273,11.750885009765625,21.9800712014718,25.244800187803207,29.492170372640597,30.234227219128083,32.9400290390395
ABR,2021-08-13,11.827687553431137,11.616478890718204,11.795686721801758,21.65258262861018,25.250523190135716,29.083838210078174,30.141390942871993,32.76345256192032
ABR,2021-08-16,11.738084688782347,11.526876018143007,11.674081802368164,21.225153492320135,25.33839498661451,29.145071647288646,30.171164464438423,32.75897022531468
ABR,2021-08-17,11.584480445350481,11.302868430140107,11.46927547454834,21.915204965768595,25.41908986251913,29.196782722610852,30.25497021086317,32.73418896304444
ABR,2021-08-18,11.558874837310734,11.309264966608634,11.405268669128418,21.913551485330952,25.356124939729668,27.72738897632673,30.06796457795911,32.69556461376133
ABR,2021-08-19,11.366868929146348,11.03405491054721,11.11725902557373,23.04182299058118,25.907284222701872,28.045543786065647,30.165396886830102,32.75504440845252
ABR,2021-08-20,11.398870770814082,10.982853821073371,11.392470359802246,21.533883898385156,25.79329400550771,28.064087106247932,30.285163623777745,32.82770205784743
ABR,2021-08-23,11.52687795994941,11.398872165557314,11.46927547454834,21.448769990561974,25.685516661179246,28.075148368307595,30.28694036292293,32.827121153853014
ABR,2021-08-24,11.642081461728479,11.482074849305205,11.571678161621094,21.04862455481753,25.73412485957764,28.001846586346325,30.296905044343664,32.673586519905
ABR,2021-08-25,11.70608410231018,11.514075439026747,11.622879981994629,20.479399982505438,25.377177900356145,27.889843576263324,30.294752783661284,32.66950612426141
ABR,2021-08-26,11.680481280582892,11.469272626805228,11.494873046875,20.799234013859234,25.350738473975287,27.950277863041574,29.99193613394638,32.68088703824061
ABR,2021-08-27,11.782885490438535,11.46927271253088,11.738083839416504,21.57567230394175,25.71387395654841,28.117394954314456,30.00362150690958,32.731320034142286
ABR,2021-08-30,11.757286214957006,11.610079206296998,11.642081260681152,20.32510000353371,25.725170625351574,28.039832145429205,30.011266876738997,32.72003145154104
ABR,2021-08-31,11.808488690234142,11.590879595898672,11.699684143066406,18.97785360128326,25.237216972288746,27.91919261363406,29.910574710678834,32.597875351860495
ABR,2021-09-01,11.827689018147494,11.584479493686624,11.718884468078613,18.94948884218657,25.175441600862857,27.660362955618773,29.82077718017782,32.59553392859941
ABR,2021-09-02,11.827689072346246,11.68688368603985,11.763686180114746,18.281569599219598,25.185415776157466,27.661657510428935,29.806411323657567,32.59083713154825
ABR,2021-09-03,11.757285360268487,11.62927959354427,11.706083297729492,18.33552062153221,25.173547532171188,27.670844340991597,29.81657646827609,32.582671392121526
ABR,2021-09-07,11.782885978338227,11.622879377632108,11.635680198669434,18.01323516246691,25.1997196954161,27.69449216997437,29.731897964016184,32.59172952267372
ABR,2021-09-08,11.64848187271584,11.49487445052635,11.571678161621094,18.097354676635437,24.94883715771934,27.710421653196672,29.40883357873559,32.600149923485226
ABR,2021-09-09,11.7828895376835,11.501277493561108,11.667684555053711,18.18616407680687,22.80386621889406,27.714600873250543,29.17645418767546,32.4968900662352
ABR,2021-09-10,11.706086187728193,11.507677078247069,11.50767707824707,18.638268018684045,22.848327423306102,27.65115791614535,29.215632761921462,32.50488219075296
ABR,2021-09-13,11.629279425813472,11.398869537334505,11.597278594970703,18.5999976238866,22.87220576189021,27.516438716005343,29.198346947162307,32.491555121150775
ABR,2021-09-14,11.693282136403978,11.443671020635652,11.488473892211914,18.650650527817238,21.149173774482048,27.531373314816793,29.219608189253787,32.34108020980742
ABR,2021-09-15,11.648481322386953,11.443671842728321,11.629280090332031,18.416941808288435,20.29495641645865,26.958865938579745,29.223770576083297,32.35498671303662
ABR,2021-09-16,11.731684172664565,11.552476336465613,11.610078811645508,18.263673225370827,20.203041212036535,26.950395590888593,29.207973773366646,32.267977690060505
ABR,2021-09-17,11.725284363057009,11.565277750633735,11.571678161621094,17.721889223857907,20.06663469201663,26.940558163736338,29.214020383787382,32.27080792440829
ABR,2021-09-20,11.552477130601376,11.328468845895888,11.501275062561035,17.808052003559204,20.002385975855272,26.843011074815653,29.227713162766715,32.28041858742479
ABR,2021-09-21,11.590877241779568,11.418069839477539,11.418069839477539,17.793869285571954,19.98857299064048,26.855328227121962,29.065681502769397,31.427464499230094
ABR,2021-09-22,11.738087871272773,11.45647582715038,11.667684555053711,18.27759341222949,20.226109690762154,26.994025235247754,29.144320605439354,31.4810335116122
ABR,2021-09-23,11.808487483009847,11.67408130518884,11.750885009765625,18.175671701199324,20.2643356686747,26.98900410368925,28.990001453919056,31.256332000816368
ABR,2021-09-24,11.795685402238778,11.674080058294665,11.757284164428711,18.1756968709257,20.03744402865864,26.92706077339707,28.986834956786428,31.24762435369271
ABR,2021-09-27,11.987694577987941,11.789286729195599,11.878890037536621,18.38902269689997,19.93343146159644,26.911979604826175,28.98275844739302,31.03437711615511
ABR,2021-09-28,11.904490843750787,11.725283018909227,11.738083839416504,18.472596352441432,19.755358446150055,26.421670669550522,29.028227844752802,31.001509634434765
ABR,2021-09-29,11.834087976117715,11.661280555332436,11.821287155151367,17.770473096936346,19.780966880484495,25.971070743845008,29.03505360237536,30.820263251128786
ABR,2021-09-30,12.045296735001106,11.834088070387773,11.859689712524414,17.669405013960425,19.73694084455446,25.97111202238114,29.02878832813655,30.815139942135467
ABR,2021-10-01,12.08369856449001,11.872489889615963,12.051697731018066,16.227484755000045,19.837785134088488,25.80563157667994,29.013409269578727,30.785390320531736
ABR,2021-10-04,12.192501227402182,11.987692994952372,12.070897102355957,14.858096869798237,18.403410376092456,23.955940956226012,28.99771044791155,30.772707522599614
ABR,2021-10-05,12.211703799064836,12.058097607845884,12.134900093078613,14.823752174318958,18.343467351731775,22.346679007759054,28.991726612493334,30.771824163751184
ABR,2021-10-06,12.160499873998479,11.955691650388507,12.154099464416504,14.67408045969591,18.00167715715019,22.16825214491682,28.917010877280813,30.659664885277493
ABR,2021-10-07,12.307708575227366,12.154102370788522,12.173303604125977,14.650425363665953,17.653637382394148,22.161645205998262,28.916364676962036,30.631250044272782
ABR,2021-10-08,12.346109536406944,12.173302119702932,12.256505012512207,14.22281544154185,17.68582905618194,22.180147680086197,28.920058723316483,30.613700028333714
ABR,2021-10-11,12.39731275514513,12.141301200989082,12.160502433776855,13.33678706807416,17.789490810292406,22.226046722106865,28.847713236200974,30.593867168154524
ABR,2021-10-12,12.33331220611349,12.16050474050436,12.243707656860352,13.126949891040582,16.971021405345226,22.229421316916362,28.81876670655722,30.584667625965263
ABR,2021-10-13,12.294905840372424,12.134899249712168,12.198902130126953,13.178179866216066,16.19916735630468,22.095119591443776,28.566086684801128,30.571608628137948
ABR,2021-10-14,12.307707437252338,12.198902899907397,12.294906616210938,13.310101140080736,16.235333398889477,22.059182038870404,28.37046919646575,30.57290700224355
ABR,2021-10-15,12.480516170867023,12.282108306884764,12.282108306884766,13.314266219954465,15.86506469414517,22.0498713760378,28.23622327561629,30.566508191048836
ABR,2021-10-18,12.5765179975739,12.25650481076157,12.531716346740723,14.22261098240338,16.274734949116198,21.866250551317577,28.26428701073724,30.497705089645194
ABR,2021-10-19,12.608520110065882,12.448513515881054,12.576518058776855,14.006050691659732,16.04681540288868,21.78211041813252,28.14507005792759,30.432554859269878
ABR,2021-10-20,12.672523036960655,12.518916837690329,12.57011890411377,13.828249051513424,16.037832213226018,21.776433225419442,28.133205575844112,30.43361599377945
ABR,2021-10-21,12.755726298507732,12.58931928865411,12.63412094116211,13.748695755299718,16.038470952525433,21.544618682703153,27.759382834012342,30.383848962531594
ABR,2021-10-22,12.710924693503756,12.570118104234128,12.653322219848633,12.841781004489777,16.02507597320442,21.44078032847826,27.75734450620216,30.376417465406032
ABR,2021-10-25,12.826127654629747,12.63411903192825,12.813326835632324,13.064981584840124,16.114164572413134,21.520520216406883,27.70985251311402,30.27645391451471
ABR,2021-10-26,12.870931401354426,12.710924800027806,12.717325210571289,12.914181334200453,16.09563550814164,21.5369500274409,27.70450358342481,30.012546876002723
ABR,2021-10-27,12.749326602703407,12.64692247101531,12.685323715209961,12.746028612790036,15.762330541009343,21.207457010222576,27.70627705284311,29.960734230157048
ABR,2021-10-28,12.774926220612924,12.58931920140139,12.768527030944824,12.712972004970178,15.714717038063675,21.192293705577736,27.70449267538767,29.70575286914819
ABR,2021-10-29,12.992534802863785,12.710924079436166,12.870930671691895,12.633844810827624,15.495953867350282,21.223644713323974,27.71121892180623,29.551689278367405
ABR,2021-11-01,13.274149244087278,12.922135163207555,13.267748832702637,14.497107288612337,16.560222402788803,21.711212319650794,27.685987618367143,29.65522518329887
ABR,2021-11-02,12.742925615789055,12.506116529748715,12.518916130065918,23.096723676286786,20.595093947589486,23.651833186764478,28.414363514285284,29.338070589895505
ABR,2021-11-03,12.64052219263345,12.397312682514345,12.54451847076416,22.416800602674368,20.36238187733785,23.501408533041925,28.398007741370414,29.30510022667739
ABR,2021-11-04,12.646922614125712,12.467714771266886,12.57011890411377,22.372737464005922,20.287629588874605,22.068753456182623,27.791514874731742,29.303877066609633
ABR,2021-11-05,12.698122094715584,12.53171510753797,12.563715934753418,22.381788183290062,20.290071043519813,21.974682419191456,27.76545254589813,29.202251868427414
ABR,2021-11-08,12.755725993625628,12.614919408247731,12.640521049499512,22.283014052066004,20.30845309224488,21.965706720779636,27.770436638755115,29.193721860693987
ABR,2021-11-09,12.774926356895246,12.614919756909563,12.653322219848633,21.888901450104377,20.166257779169314,20.81387726055442,27.504810119962507,29.081820300239976
ABR,2021-11-10,12.72372677094432,12.53811971361643,12.595722198486328,21.937703401820137,19.81306203046655,20.262669011097053,26.590835243420457,28.455990785968105
ABR,2021-11-11,12.774926173095876,12.595719564972473,12.7493257522583,22.127448138840347,19.872301690720963,20.289461008872397,26.21589121579041,27.8324872678245
ABR,2021-11-12,12.736291662331693,12.514677491108417,12.521194458007812,22.504746394221982,19.484838291575112,20.4390567643481,26.284915373694588,27.67705825742705
ABR,2021-11-15,12.592893079965755,12.462532611831513,12.514677047729492,22.51048079484538,18.918607614921555,20.389782092650194,26.271329053184044,27.673347473835797
ABR,2021-11-16,12.52119554790889,12.410389695873674,12.429943084716797,22.592180827228077,18.964026334386862,20.376186481670807,26.1820154023484,27.54780872531539
ABR,2021-11-17,12.41690713075231,12.130113309003736,12.214847564697266,23.200598129152038,19.2820511646009,20.421344594365003,26.048033229556555,27.605026700051116
ABR,2021-11-18,12.306096281162379,11.908495481150828,11.986711502075195,23.8394633675319,19.686383847001608,20.651600622453252,26.084105365090217,27.679658039039438
ABR,2021-11-19,12.038858000631762,11.908497528933973,11.993231773376465,23.74109045456803,19.537708755503395,20.520701840135857,26.052261192204675,27.656958909172722
ABR,2021-11-22,12.110556035118863,11.784653018842013,11.797689437866211,24.092667570062815,19.385672369123817,20.578684939906317,26.056076292754042,27.71304127337323
ABR,2021-11-23,12.012784337864142,11.771615579701328,11.986711502075195,24.489272487741545,19.57363716273945,20.52738274772429,26.094944121411213,27.72466388392148
ABR,2021-11-24,12.110555073265239,11.862869347584107,12.05841064453125,24.547136231351367,19.584750165428254,20.536254612978574,26.074673611586757,27.65191453898504
ABR,2021-11-26,11.836797606584383,11.608665243561546,11.804207801818848,25.144645444438655,20.08603687121061,20.809958904529992,26.176810765076308,27.74224423740581
ABR,2021-11-29,11.97367673666274,11.634737319148883,11.771615982055664,25.14772325083238,20.07960764308562,20.751297823205878,26.138893004659653,27.742009848784527
ABR,2021-11-30,11.836797719622167,11.43919563293457,11.43919563293457,25.48838347828789,20.900504937049817,20.438034237112408,26.2581500617755,27.755279123383097
ABR,2021-12-01,11.830279363712137,11.289280400864913,11.30883502960205,25.521938884101107,20.99257885660008,20.46424064828852,26.254194822276407,27.72139500528515
ABR,2021-12-02,11.595629453473684,11.217580776175623,11.517412185668945,26.285173233628,21.31236602606187,20.51198889137855,26.0503820163279,27.773033719983413
ABR,2021-12-03,11.61518287096768,11.341424297706228,11.354460716247559,26.371150364056913,21.435065207312974,20.484923174661876,25.988867076449633,27.81452304242551
ABR,2021-12-06,11.72598925382717,11.393568059863691,11.654290199279785,27.707527251996044,21.925913659458583,20.892165461795148,26.11002180333184,27.92303571584026
ABR,2021-12-07,11.954123884293335,11.719473292212694,11.901979446411133,28.21778504895778,22.28681253497467,21.14554939863209,25.976163508752347,27.988688943683215
ABR,2021-12-08,12.038857090123951,11.843315775755478,11.967159271240234,28.266254954487323,22.214261715473963,20.767204091106148,25.978416467705838,27.72340480189847
ABR,2021-12-09,11.94108631746834,11.784653018842013,11.797689437866211,28.48807474567925,22.290415461286187,20.487727029101123,25.968975468709736,27.711710148195007
ABR,2021-12-10,12.02582206461239,11.7846532802015,11.836797714233398,28.415160254231864,22.29562033769607,20.479854788248943,25.066308668173885,27.699010761860254
ABR,2021-12-13,11.823762958940758,11.61518519345891,11.660811424255371,28.456374054247014,22.50408758266584,20.4747507704571,25.124700603177004,27.671010156223364
ABR,2021-12-14,11.732508582251057,11.38053272803728,11.400087356567383,27.12278143085909,22.949285733679563,20.776204841383265,25.13775564309172,27.700707450251244
ABR,2021-12-15,11.54348447297107,11.28276230332698,11.478304862976074,22.164897634531545,22.944517064020868,20.666292706051255,25.147545220117507,27.6930204980655
ABR,2021-12-16,11.654290565472257,11.321870604284952,11.341423988342285,22.26650435641919,22.628961684572094,20.754511431738003,25.12685720243826,27.72381054164917
ABR,2021-12-17,11.308834599937885,10.995968011358784,11.126328468322754,22.663199351414395,22.891532476495733,20.961319943732292,25.173872821591797,27.717272537376047
ABR,2021-12-20,10.97641288623098,10.552739244649421,10.885160446166992,23.213601902959688,23.289807964246073,21.22603423662464,25.310362282821945,27.565234925558457
ABR,2021-12-21,11.413123356462249,10.982931490368728,11.354460716247559,26.771150297416153,24.83485416650121,22.235157426174105,25.784846780476627,27.69689515962001
ABR,2021-12-22,11.745545415666584,11.374016163036098,11.706436157226562,28.520398991209504,25.53329036396787,22.720755092557265,25.94351873619294,27.835186982205723
ABR,2021-12-23,11.888943155509512,11.712955209533947,11.8107271194458,28.704874887796976,25.55743747392224,22.63751168449013,25.8916939326184,27.824400647055487
ABR,2021-12-27,11.901977384118391,11.712953052534829,11.895459175109863,28.525744207964365,25.591210993895064,22.617130971648393,25.739291634030963,27.824919593437848
ABR,2021-12-28,12.071448633626133,11.882424277850518,11.94760513305664,28.18868859819652,25.390221402691893,22.490017024848193,25.742275563593818,27.808559342112204
ABR,2021-12-29,12.071448817753774,11.895460878979295,12.051894187927246,28.34428951499799,25.452565408271383,22.527970457379105,25.751390495527104,27.805548148337145
ABR,2021-12-30,12.169217284936495,11.993229377912842,12.012784004211426,28.30270602034728,25.43656485526987,22.498510544189855,25.75556215580153,27.80939460061284
ABR,2021-12-31,12.06492930451012,11.895459593984606,11.941085815429688,27.92070396185285,25.46159856671996,22.37702297506464,25.764368811823076,27.81820671214947
ABR,2022-01-03,12.188773072796039,11.993230520839061,12.117074012756348,27.720522897794954,25.642471778783488,22.443835618519515,25.80630194370582,27.716946206522312
ABR,2022-01-04,12.306100031324393,12.136631519937334,12.214847564697266,27.80974743182766,25.657754771614083,22.47729933243873,25.72217035102591,27.711334847524505
ABR,2022-01-05,12.266991164982468,12.006268961684205,12.025823593139648,27.765884697906873,25.806745404922708,22.612793320263748,25.703404082900438,27.63942741184969
ABR,2022-01-06,12.25395502285026,12.058413676732412,12.162702560424805,27.57839606458784,25.87527943799203,22.617085373035824,25.709026541020414,27.655431590297887
ABR,2022-01-07,12.306100031324393,12.14966669858291,12.214847564697266,27.55361799088158,25.879874013279526,22.437526824628744,25.33667128607519,27.641965224076863
ABR,2022-01-10,12.22788272416031,12.064931197308313,12.201809883117676,26.77976418999212,25.82928488181829,22.417047370560496,25.330570965774374,27.643067195753773
ABR,2022-01-11,12.299580493646204,12.136628984019431,12.22788143157959,26.75588915645229,25.832680847154304,22.01909776065199,25.320554337931515,27.643074759241205
ABR,2022-01-12,12.29306298150685,12.130111462635217,12.188774108886719,25.25836605021269,25.49397254522231,21.703139012180998,25.255220603247412,27.642541326957254
ABR,2022-01-13,12.28654446073981,12.13662936554361,12.175737380981445,24.950672340379583,25.480365312324242,21.683142767816562,25.24725040123042,27.592442472247857
ABR,2022-01-14,12.071447707671357,11.928049588573128,12.045374870300293,24.770235768227224,25.56637242112104,21.71627828307123,25.24035947016098,27.60858873239273
ABR,2022-01-18,12.051892461650786,11.87590454808428,11.895459175109863,24.679830961793524,25.65049484960072,21.80289168921658,25.272455533483758,27.637800414177416
ABR,2022-01-19,11.934569309148186,11.719473346485316,11.739027976989746,23.904285071961905,25.76651728613526,21.834128791322303,25.289869484859516,27.615722353554194
ABR,2022-01-20,11.817243993345564,11.497859154954762,11.504377365112305,23.774310406438367,25.890551405425917,21.816452804061107,25.370305174228424,27.696930273105743
ABR,2022-01-21,11.445714137728604,11.087221299754818,11.09373950958252,25.77074067684021,26.820080901534034,22.525071456925836,25.423347135312895,27.947226649236367
ABR,2022-01-24,11.132846367867533,10.500594998971192,11.11329174041748,25.554163689844177,26.832766717120197,22.511267230276705,25.142651816537807,27.8832934624343
ABR,2022-01-25,11.360978841237943,10.859087920111628,11.282761573791504,25.99337365616723,27.009654266319615,22.64565767540166,25.204794028734117,27.889670952597495
ABR,2022-01-26,11.556521012158804,11.152401955823025,11.25017261505127,25.686922234933945,26.928661152503302,22.639063491243437,25.059677694491427,27.710950280681914
ABR,2022-01-27,11.439195450285977,10.963377341722953,11.07418441772461,25.26405407562531,26.192264056540786,22.75884270106216,24.13683116862173,27.602326359769265
ABR,2022-01-28,11.126328313610877,10.78087192639969,11.119810104370117,25.203155108429826,23.57651016194048,22.75366603936693,23.22882692765856,27.512167508986934
ABR,2022-01-31,11.419644202597048,11.080704701587086,11.413125991821289,26.16100304028463,24.254176030945278,23.123250896206734,23.3251503898375,27.581417257799284
ABR,2022-02-01,11.471787945648343,11.217582713790012,11.45223331451416,25.519729056386716,24.26462274368377,23.091229298962233,23.322690718271648,27.487361074792194
ABR,2022-02-02,11.458748996871835,11.184990437497236,11.302315711975098,24.958639847394775,24.379974965611893,23.08196206524118,23.37613577012828,27.516437639829594
ABR,2022-02-03,11.308834442688255,11.119810104370117,11.119810104370117,22.225491142828847,24.502844755726144,23.186726268034942,23.45677152512607,27.282105487946843
ABR,2022-02-04,11.230617175020438,10.982931439978053,11.119810104370117,20.164207787128227,24.4981671394012,23.141773678035683,23.445156768638594,27.27948873540274
ABR,2022-02-07,11.367499572409997,11.158921803906953,11.211066246032715,20.13343909478153,24.58355718773148,23.095325165683807,23.396830792121634,27.240132333024388
ABR,2022-02-08,11.32187282536049,11.139366664620779,11.217582702636719,19.97089769058069,24.41479533162103,23.094880527681696,23.35809476899459,27.223881712874004
ABR,2022-02-09,11.478305277422779,11.341425356403958,11.387051582336426,20.493771271860947,24.43370992612846,23.217501387607427,23.420383881866677,27.257130376422072
ABR,2022-02-10,11.491340125613355,11.119810875668906,11.1524019241333,20.984916476531097,24.74822996990968,23.42999482523089,23.33133644797909,27.335602145993406
ABR,2022-02-11,11.308834599937885,10.995968011358784,11.126328468322754,20.984068298680256,24.72759705552712,23.405836657644898,23.278641414508254,27.33364672362003
ABR,2022-02-14,11.211064531366208,10.872125087776778,10.91775131225586,21.496664996241314,24.768976369394768,23.325774139664247,23.378023834405255,27.22215338007881
ABR,2022-02-15,11.126328514072311,11.022039650783793,11.10025691986084,21.642289356008845,24.795729612429092,23.454210055608115,23.32517857596645,27.1550848117171
ABR,2022-02-16,11.158919716183531,11.022039804198807,11.106775283813477,21.42108361561155,24.795867087900355,23.454262578474182,23.28068499869205,27.14554855757132
ABR,2022-02-17,11.080702510837,10.898196374863533,10.904714584350586,21.574846331778502,24.84910547026232,23.55734887949969,23.378817559221336,26.74349008640774
ABR,2022-02-18,11.387051708245025,11.080703299867233,11.295799255371094,23.961059926101953,25.721916520277954,24.174795878914328,23.73682343298796,26.94587526158518
ABR,2022-02-22,11.458749421943242,11.178472643231533,11.347942352294922,23.9692526355533,25.707736907297097,24.15866584674904,23.56201245649419,26.947782842808454
ABR,2022-02-23,11.517413420826152,11.250173028934128,11.295799255371094,23.973406422257025,25.37024983229455,24.160594310003635,23.544886898588754,26.747793856790075
ABR,2022-02-24,11.53696719600097,10.917750971945384,11.4652681350708,24.470970638229915,25.567153781569786,24.140920376773927,23.612253335829564,26.13130459114871
ABR,2022-02-25,11.67384482594395,11.452230696634965,11.654290199279785,25.047146802506948,25.105777816072216,24.28672913702475,23.683177107144132,25.873705152936793
ABR,2022-02-28,11.784654050477306,11.530450073359033,11.73250961303711,25.159283256647136,25.01768487702754,24.29602625902792,23.697036534649406,25.855941599471084
ABR,2022-03-01,11.758582507215463,11.347943972674662,11.569558143615723,25.282337477377737,24.91831098493347,24.390236263159622,23.664080694082582,25.884595717079367
ABR,2022-03-02,11.791170609565752,11.582592889009925,11.771615982055664,25.61256609301256,24.982822538515922,24.551629028560072,23.000814978183044,25.866889370368828
ABR,2022-03-03,11.911359512386332,11.538713975641246,11.718382835388184,25.35486903083321,24.431727186287098,24.533606785925357,22.962725954866567,25.713655183082235
ABR,2022-03-04,11.798235748910496,11.585295425357653,11.771618843078613,24.651755731175253,24.05891620834967,24.517157922654427,22.958871537420215,25.66683631913444
ABR,2022-03-07,11.824853432720584,11.538714408874512,11.538714408874512,22.905480868399366,24.36707473632044,24.6869647390512,22.51329267631494,25.72553386751137
ABR,2022-03-08,11.8115437265106,11.532059260804473,11.658493041992188,23.054172376484928,24.299528088162653,24.74250225422627,22.234417771691476,25.68427353341684
ABR,2022-03-09,11.91801209687347,11.618564046510162,11.63187313079834,22.715634240298428,24.292089707840546,24.70830925354466,22.205728048550156,25.669178306979873
ABR,2022-03-10,11.731690406799316,11.492133201381048,11.731690406799316,22.78638995026998,24.1626025848618,24.750325097294386,22.183030260949188,25.660468836254484
ABR,2022-03-11,11.904703214331908,11.631873327921362,11.638527870178223,22.38466302304691,23.757679768006657,24.556802376086573,22.173519585954534,25.65128784806312
ABR,2022-03-14,11.811544572428112,11.4788250070076,11.492134094238281,22.749541350618983,23.86583449160648,24.619363610852897,22.203370961057047,25.653527518634895
ABR,2022-03-15,11.638530047729297,11.438898819569378,11.485479354858398,21.487034167409657,23.73463135812694,24.61933759745384,22.12860070606195,25.57426667250029
ABR,2022-03-16,11.698419031600398,11.458860555502483,11.658493041992188,21.892778326609037,23.57500109867443,24.730025488282475,22.19693723823616,25.58371110418881
ABR,2022-03-17,11.82485274095161,11.658492971166329,11.731690406799316,21.55238483308752,23.11934225262334,24.752793880508356,22.14511415162958,25.380715930536248
ABR,2022-03-18,11.67845623857014,11.398971752847935,11.492134094238281,21.894003994069593,21.919699281516717,24.858744760616112,22.21726136730737,25.379253328748703
ABR,2022-03-21,11.585293868425971,11.31911849975586,11.31911849975586,22.395792246200894,21.20833608975263,24.93865252455481,22.195294978545235,25.390019294111347
ABR,2022-03-22,11.585293429413772,11.372353142546825,11.41227912902832,22.396486197571818,21.196004706875797,24.98181682670385,22.213315712871932,25.22813470687853
ABR,2022-03-23,11.552023369910826,11.285846710205078,11.285846710205078,22.65320961498962,21.242815562246296,25.00262127796778,22.242907886486847,25.252491746666646
ABR,2022-03-24,11.5120954724898,11.252574639782042,11.458860397338867,22.665743201507535,21.47217647146175,25.09660043206593,22.283561842763003,25.239191087713593
ABR,2022-03-25,11.545368804254366,11.359045396664158,11.425589561462402,21.799408197243583,21.38700127857775,24.583218471484848,21.850093614823084,24.59132918582699
ABR,2022-03-28,11.512096481706417,11.372354873143781,11.438899040222168,21.77909418032378,21.385322033529228,22.848935255775938,21.822400934333753,24.57931729090854
ABR,2022-03-29,11.638528082967508,11.478822873555378,11.591947555541992,21.222219532549165,21.550529649920364,22.955359729900714,21.795720295318937,24.504943986039017
ABR,2022-03-30,11.611911612442974,11.47216875577026,11.498786926269531,20.951233725351504,21.371429214061866,22.979724287795737,21.736395088579002,24.520433830789067
ABR,2022-03-31,11.591949736788747,11.352391242980955,11.352391242980957,21.340307563699326,21.42725900601891,23.05739912708936,21.79066917684352,24.507058815883216
ABR,2022-04-01,11.53206003578717,11.365700253811461,11.512096405029297,20.879439762920093,21.43674683795668,23.152894700597454,21.852278701085584,24.498247662260646
ABR,2022-04-04,11.565331877436925,11.305811014889134,11.525405883789062,18.317134506114098,21.293541033005138,23.153212581172234,21.653113385560914,24.494303668107
ABR,2022-04-05,11.60525516299844,11.345733120168644,11.392314910888672,18.615201471222782,21.377500884119062,23.208347975560674,21.467931654192725,24.525005902662127
ABR,2022-04-06,11.385662659229457,11.212648352287815,11.31911849975586,18.663460938424763,21.404884542121223,23.128083508559474,21.473820703960417,24.47199885978498
ABR,2022-04-07,11.385663892350758,11.099524864081074,11.166069030761719,18.524217431647717,21.541358101904265,23.056267011731723,21.458353821941245,24.463865838856364
ABR,2022-04-08,11.325774783410006,11.026326654365445,11.259230613708496,18.0136235825377,21.631802998072196,23.104908416778315,21.465751409803044,24.348608811327228
ABR,2022-04-11,11.412279581458467,11.25257435997688,11.265883445739746,17.86915261708159,21.635306868894276,23.08796964637368,21.390867623299794,24.348572212769504
ABR,2022-04-12,11.425587272806697,11.299153511938377,11.35904312133789,17.663400953333795,21.630485011491754,22.981346544889078,21.412140972173397,24.35448175805382
ABR,2022-04-13,11.591950104492446,11.359046146927506,11.505443572998047,17.310664186053177,21.675839864591413,22.895072819080557,21.45743129395393,24.385523748113243
ABR,2022-04-14,11.71838285815336,11.532059454806676,11.66514778137207,17.771955604145656,21.707988661332646,23.005340251049912,21.510920074175647,24.417831280078488
ABR,2022-04-18,11.798234640233087,11.638529412575918,11.658493041992188,17.716527986283666,21.30116573026665,22.8590306103149,21.48640302897806,24.412073633808287
ABR,2022-04-19,11.71838344852075,11.379009340983377,11.512096405029297,17.126129300220068,20.08195337811227,22.798887137478392,21.516664184761517,24.378457066737152
ABR,2022-04-20,11.745000130349634,11.545368903463844,11.645184516906738,17.190970649986586,20.2043345544455,22.855042974329415,21.489354879510756,24.328138253682972
ABR,2022-04-21,11.83816229714198,11.651838890664378,11.671802520751953,17.19005915897552,19.984811883082678,22.60989708618019,21.46255106370288,24.309180195052782
ABR,2022-04-22,11.671801967166907,11.41227986523484,11.458860397338867,17.80572691439654,20.34928296681845,22.792332024208882,21.49188154813878,24.093170731584397
ABR,2022-04-25,11.61856460571289,11.339081437554432,11.61856460571289,18.159362999545316,20.25485322260918,22.441091289294683,21.553596822179664,24.12507531145798
ABR,2022-04-26,11.63187513040281,11.405625735506414,11.41893482208252,18.48866755359097,20.57921888607439,22.53757699927106,21.632510530058482,24.1804573707124
ABR,2022-04-27,11.578640648784805,11.398971778440483,11.438899040222168,18.49695267996731,19.87912418560991,22.350171635607303,21.546045477229477,24.12611252424356
ABR,2022-04-28,11.671802128269698,11.458860555502483,11.658493041992188,18.819665072824385,20.245993516123644,22.43657216510234,21.633837323652934,24.192283794805235
ABR,2022-04-29,11.71838040520361,11.332425862023106,11.379006385803223,19.980995329283697,20.683958201740168,22.38587815690952,21.822723000004512,24.286368183900056
ABR,2022-05-02,11.485477664576054,11.152758153791897,11.299154281616211,19.19456459293975,20.456665910682766,22.14926069936368,21.832585387670225,24.28464982787873
ABR,2022-05-03,11.585294577223161,11.272538658554168,11.558677673339844,19.81933296932575,20.9670325903724,22.43518584715665,21.96694683158061,24.36486429291139
ABR,2022-05-04,11.745000498799204,11.465516010856827,11.711729049682617,20.033256822870076,21.068029144062407,22.424487456887846,21.921360318477788,24.37149031172322
ABR,2022-05-05,11.725038043877522,11.418935383693956,11.492134094238281,20.558985949900215,21.449763656101016,22.616139844165914,22.02677100967217,24.210078643858903
ABR,2022-05-06,11.658492887996022,11.412279872011561,11.545368194580078,20.1296113636626,21.252813139629843,22.505977124642424,21.821152474073475,24.004911728031765
ABR,2022-05-09,11.452205782773191,11.072905716038475,11.132795333862305,22.75397757336625,22.13267005828977,22.95846339784212,22.055746840179292,24.28156819430319
ABR,2022-05-10,11.498787583810625,11.032979727230689,11.132795333862305,22.747454952593436,22.12742738326022,22.93046979366663,22.040703722144038,24.173255417500183
ABR,2022-05-11,11.279193385558198,10.979745279340968,11.046289443969727,22.422789376196075,21.836405599531574,22.885643002339094,22.032644884737273,23.45553634570881
ABR,2022-05-12,11.12613970345734,10.853309813024282,11.052942276000977,22.3463493387244,21.568259033180258,22.684692232317285,22.025877472257164,22.786293118567517
ABR,2022-05-13,11.305810415377744,11.059598653509891,11.21264934539795,22.518035135180742,21.769572432896872,22.525491447059213,22.055825129296164,22.753478029229672
ABR,2022-05-16,11.438897299498802,11.25922845649573,11.41227912902832,22.74620900807633,21.711951014373167,21.683856789828607,22.014962380407862,22.816746732089342
ABR,2022-05-17,11.598604424403057,11.392318646187997,11.552023887634277,23.02932948748776,20.635450348603275,21.217895570277275,22.0420443191749,22.847798738405206
ABR,2022-05-18,11.465516602215997,11.126142472980257,11.179377555847168,24.719234284878365,21.70339313545108,21.79085570372104,22.37159289895885,23.084698062372357
ABR,2022-05-19,11.233844348764501,10.98193332834873,10.988741874694824,25.132165478909652,21.963269913531832,21.9143512686406,22.46003468988627,23.140700694482856
ABR,2022-05-20,11.084061126293571,10.587048240689976,10.66874885559082,26.228634616725788,22.518128446460032,22.367836302848904,22.71828586241074,23.281183406109765
ABR,2022-05-23,11.015977471138896,10.709599339307182,10.968318939208984,27.43369550086055,23.010222394164224,22.779831460256123,22.956314927314317,23.417926742618683
ABR,2022-05-24,11.070443448357976,10.736832459457945,11.029593467712402,27.494683294963817,22.995375141085177,22.800111070776914,22.957017283887488,23.42201326169927
ABR,2022-05-25,11.138528723871582,10.920660407279074,10.968318939208984,27.39550810102449,22.857112405367346,22.797825971509383,22.9571950998686,23.269647878210556
ABR,2022-05-26,11.199803176130024,11.015976316302098,11.097676277160645,27.349334242212574,22.695121306574137,22.752223046618493,22.979014324642062,23.26104793688855
ABR,2022-05-27,11.329161830378101,11.138527719842259,11.315546035766602,27.6660073421383,23.06379507316644,22.937264856960972,23.040096821534572,23.3388312657983
ABR,2022-05-31,11.335969262893935,11.111292441416662,11.179376602172852,27.85134748478581,23.158061810713885,22.886469545500756,23.064680993123364,23.27234963127408
ABR,2022-06-01,11.220226845308515,11.002358564599206,11.172568321228027,27.647038928762065,22.812532316714282,22.80482458453675,23.03862786604386,23.239923175170205
ABR,2022-06-02,11.281503551575062,11.056826703061164,11.227036476135254,27.45279163681436,22.72871745084363,22.808362618561738,22.999697550686257,23.244983070299803
ABR,2022-06-03,11.22703419100632,11.077250088682993,11.145334243774414,27.48711129938527,22.767578116375137,22.831396836684114,23.014453156334728,23.243168499927943
ABR,2022-06-06,11.233844348764501,10.975126080600068,10.988741874694824,27.286740956595406,22.84837797866115,22.922364182753885,23.070560057605523,23.15253128298769
ABR,2022-06-07,11.043209262195946,10.934275114742773,11.029593467712402,26.95106831555093,22.823508873777623,22.9322478645985,23.064953767623344,23.139608791731007
ABR,2022-06-08,11.002356511810369,10.777679726923786,10.811721801757812,27.0931362432279,23.032027902210615,23.128761211748024,23.168037480027063,23.221113590585546
ABR,2022-06-09,10.879807088837072,10.64151382446289,10.64151382446289,27.37112600946282,23.231871389008393,23.196640832086278,23.09304634956498,23.265131166890914
ABR,2022-06-10,10.627895182142733,10.273859285552314,10.34194278717041,27.606991417672695,23.641570185250913,23.5323220605251,23.3118901333936,23.43389940058052
ABR,2022-06-13,10.117267647833721,9.463662159794614,9.504512786865234,35.753583333746235,28.99084138043676,26.915502492613324,25.329014073859902,24.822911177723444
ABR,2022-06-14,9.518130252211183,9.000693032620681,9.082393646240234,37.53729299584855,30.0427510319963,27.635563666414924,25.82684760239028,24.733781462853866
ABR,2022-06-15,9.157285456952398,8.748782400279799,8.973459243774414,36.46081457186381,29.99983088047431,27.139915379785577,25.827661964473812,24.734187926603415
ABR,2022-06-16,8.816864852250934,8.347086231559615,8.381128311157227,39.76085099573516,32.66264442080281,29.092717728838807,26.989028744648667,25.63029353890729
ABR,2022-06-17,8.762397076723351,8.2926184939842,8.75558853149414,42.73014268306605,34.13378945091814,29.884521342409702,27.51736490185949,25.68206865110183
ABR,2022-06-21,9.014308130115426,8.796439859680795,8.803248405456543,42.75324133451472,33.95413677374876,29.91117505558838,27.449508337623413,25.481352539158987
ABR,2022-06-22,8.912184314589215,8.701123898621395,8.782824516296387,41.99280686661793,33.955442145865185,29.834888281687565,27.446716855145013,25.4579285943638
ABR,2022-06-23,8.959841331184403,8.769206588837562,8.912182807922363,42.44332359529909,34.160738014961936,29.939005749063767,27.50264718358292,25.472463028201208
ABR,2022-06-24,9.456852880172807,8.9530315833686,9.300259590148926,44.85129293496737,35.310310926360486,30.44884383399118,27.99618946709974,25.821736734947866
ABR,2022-06-27,9.429621725847971,9.170902791821737,9.198136329650879,44.835285532974844,35.331370961272995,30.469279321228903,28.016549972242522,25.831587515858327
ABR,2022-06-28,9.395577807741226,9.075583313719907,9.09600830078125,44.43105451345515,35.31486757309196,30.452484738983028,28.021698583226083,25.811513768702852
ABR,2022-06-29,9.082393252841227,8.946225569373336,9.034734725952148,43.814626038711566,35.1270540064015,30.37762786299026,28.018558900237107,25.817862369732257
ABR,2022-06-30,9.0279246483929,8.86452345594292,8.925798416137695,43.41702476219334,35.14866679570393,30.417531355103637,28.027627879477212,25.80936512012557
ABR,2022-07-01,9.184518695661254,8.87133270440489,9.170902252197266,43.982511291522755,35.69356071453617,30.728349590550742,28.233610852077508,25.915353618897118
ABR,2022-07-05,9.34111102363196,8.987074440995523,9.320685386657715,44.346908341675224,35.91787863315828,30.86160549024869,28.290179504852674,25.918392801010253
ABR,2022-07-06,9.470470864830697,9.096009266042476,9.136859893798828,43.979029197260445,36.018790299475945,30.874142221585977,28.373566518559013,25.98864884271954
ABR,2022-07-07,9.381961703660357,9.184518409836619,9.368345260620117,43.812020836188,36.41036546394309,31.02763257160362,28.43234698316487,26.111641174830062
ABR,2022-07-08,9.497704790479142,9.27302795183438,9.416004180908203,43.80159168835287,36.44117031319806,31.046320087376472,28.436770219588837,26.102106131011944
ABR,2022-07-11,9.49089514721431,9.334302492624557,9.361536026000977,43.80177914532602,36.369973571220015,30.930340661154528,28.440785573075743,25.830754301045804
ABR,2022-07-12,9.538555419913976,9.307070034813618,9.416004180908203,43.635282209284675,36.266295997980556,30.81677398893311,28.443316743312728,25.8192530606913
ABR,2022-07-13,9.579404845646234,9.293452404047956,9.504512786865234,43.23080825243397,36.188235591855175,30.864347259749014,28.470646577303672,25.79379601862591
ABR,2022-07-14,9.429620870024534,9.116434888764475,9.211751937866211,43.826710775202116,36.629956708731996,31.11070491829911,28.63602508807515,25.9316869286198
ABR,2022-07-15,9.470471253955496,9.130051722760554,9.416004180908203,44.568471989241296,36.962387557898694,30.77868613859442,28.765416552334106,26.03038030346307
ABR,2022-07-18,9.708764741151843,9.368345225537531,9.633872032165527,45.240124562446496,37.23019828470398,31.011519421996436,28.911408189183653,26.136521382823634
ABR,2022-07-19,10.06960895335584,9.708764459091604,10.062800407409668,47.376367480617,38.42968299760701,31.826076220762772,29.384817615897273,26.395225553180623
ABR,2022-07-20,10.178543383403348,9.98110009038892,10.137693405151367,47.36367313212628,38.33651029949566,31.75216327821968,29.38233958033657,26.266046171099983
ABR,2022-07-21,10.369177433739068,9.960674432166492,10.362369537353516,47.86876348921492,38.51482295796978,31.842826347580566,29.270893112285286,26.35507455977078
ABR,2022-07-22,10.53938730175912,10.294285497985186,10.375986099243164,47.574749499506,38.38522629465265,31.82045852244894,28.483595192290505,26.312883218190496
ABR,2022-07-25,10.587045813438953,10.36236901164772,10.566620826721191,47.69733738404092,38.59409234866379,31.902182534656188,28.572311661284704,26.368205265254524
ABR,2022-07-26,10.634706763142681,10.389604918607198,10.627898216247559,46.95824461846203,38.39100692361391,31.786847530904126,28.58126285803777,26.330126342550713
ABR,2022-07-27,10.879805302127297,10.634703532059726,10.811721801757812,39.56118931591611,38.282082327327075,31.911982816344782,28.66119521839639,26.387040998711353
ABR,2022-07-28,11.19299369404356,10.85938208549665,11.179376602172852,37.49701820771143,38.896551809210614,32.36182719335378,28.935577490893603,26.59534884842604
ABR,2022-07-29,11.417671637639016,11.199803340685204,11.315546035766602,37.08541177514408,38.69025360034578,32.27127106880292,28.974476569030333,26.618424562552857
ABR,2022-08-01,11.404054496122262,11.015976431492504,11.2678861618042,29.55816561491627,38.594884407516474,32.23313826744115,28.973850210444606,26.60696804043398
ABR,2022-08-02,11.077249409455373,10.307901361010655,10.34194278717041,38.98760738670683,42.20739864748689,34.96835047982233,30.63456454622417,27.94129599138969
ABR,2022-08-03,10.593855568791039,10.246627508436164,10.518962860107422,39.12776131247694,42.362729478577265,35.053462972236375,30.642989219945193,27.959161536789413
ABR,2022-08-04,10.655131488068196,10.382796112061495,10.634706497192383,39.07333307653706,41.807148569808696,35.08753646579131,30.675349710299653,27.964700955621723
ABR,2022-08-05,10.736831252589273,10.553004412450962,10.648322105407715,39.020032010061634,41.808968046168694,35.03839164620916,30.668400801675865,27.917826107792855
ABR,2022-08-08,11.0023573694025,10.76406412558739,10.913848876953125,37.881725064293924,42.102344251118346,35.26952233750799,30.75193328618875,28.02839030937015
ABR,2022-08-09,10.94108240802205,10.67555561634475,10.79810619354248,37.867621548146026,42.15641520568825,35.21803299366654,30.698804195691125,28.038012217108243
ABR,2022-08-10,11.036401421721797,10.907042924968714,10.920660018920898,37.574911518303814,42.115374683549376,35.252581673699524,30.7306352338397,28.012616851292986
ABR,2022-08-11,11.015975248550538,10.791298430070714,10.85257339477539,37.56018492965427,41.961520069037846,35.119474573758374,30.67995026843211,28.00124963035676
ABR,2022-08-12,10.99913565335371,10.803719061303022,10.985177040100098,37.19285768951695,41.961173925811586,35.09815680914083,30.654996600911126,28.028835299926445
ABR,2022-08-15,11.006114930469904,10.859552819616523,10.950281143188477,36.79905128290968,41.43364155582708,35.074516167772686,30.647010682572407,28.02735090021093
ABR,2022-08-16,11.08288603344065,10.915386657358429,11.041010856628418,36.67782807573932,41.31959307387273,35.05863505228091,30.564427491066393,28.02203290634354
ABR,2022-08-17,11.02705308957729,10.789761970096823,10.90142822265625,36.29928851081371,40.94636505741249,35.026074344917795,30.598097497735168,27.99527509580482
ABR,2022-08-18,11.082885306408986,10.91538594131464,10.950281143188477,35.84377408439275,40.55902103335499,35.03274260209456,30.41849723615419,27.99389948555382
ABR,2022-08-19,10.894448806064448,10.726949428907474,10.782782554626465,36.338540010776484,40.663183952454006,35.11236427728106,30.44260908496576,27.919618122764106
ABR,2022-08-22,10.67111570070794,10.475699771724459,10.503616333007812,37.312033954691856,40.99497600913719,35.27477810937364,30.516397465204857,27.93176864528273
ABR,2022-08-23,10.775803485287291,10.559450284748136,10.69205379486084,37.527764430136806,41.09218859644868,35.381181266846234,30.54872469942196,27.98162747588386
ABR,2022-08-24,10.817678663292204,10.657158589704016,10.69205379486084,37.51481699143753,40.879381858902306,35.32819905717568,30.386885810058555,27.966504437953425
ABR,2022-08-25,10.86653256434957,10.699033182242394,10.775803565979004,36.00702770368784,40.850800296401815,35.27698560283232,30.295237618819094,27.974305193559818
ABR,2022-08-26,10.831637492233632,10.517575314938371,10.587367057800293,36.23772323952987,40.99959905736467,35.37840454069461,30.353946897047667,28.00738850223722
ABR,2022-08-29,10.740907903814161,10.454762306236576,10.650178909301758,35.79709194377605,41.00647694576078,35.35205257897223,30.320714620325738,27.93307047109495
ABR,2022-08-30,10.73392965519164,10.36403499923247,10.371013641357422,34.70378478855549,41.32404985735379,35.57915494759516,30.47255006168385,28.044734913312492
ABR,2022-08-31,10.615282226374434,10.315178703335643,10.454761505126953,34.71433477644684,41.27726956257485,35.547860938554074,30.442777547383066,28.05245546615847
ABR,2022-09-01,10.412887310671325,9.924347156911496,10.161638259887695,35.14603663610463,41.65033832366237,35.78971214584698,30.509786517406116,28.190901376658474
ABR,2022-09-02,10.357053864143957,10.098825514746384,10.147679328918457,35.141609750077116,41.46989506091071,35.7888125850946,30.496925318411698,28.18758008103215
ABR,2022-09-06,10.343096250483088,10.063930620266506,10.182576179504395,34.70760986396224,41.36396299588795,35.76522597478892,30.470985222555402,28.1870809199611
ABR,2022-09-07,10.32913875579834,10.070910370101306,10.32913875579834,34.94387810473378,41.06404817773257,35.78068718945871,30.44127002671193,28.22066520073548
ABR,2022-09-08,10.377991647117904,10.175596408050149,10.364033699035645,34.54973530993782,37.10605829946647,35.70869010667636,30.336686499995245,28.218715612511826
ABR,2022-09-09,10.643200851028855,10.43382627494111,10.608304977416992,33.777050852322,36.05630886859631,35.91946651244734,30.04493758933969,28.305159214666816
ABR,2022-09-12,10.78278375024752,10.671117486427711,10.712992668151855,33.70196316186438,35.95521066857563,35.91029002005872,29.84429203553567,28.29121437819059
ABR,2022-09-13,10.552470620759506,10.301221557973571,10.322158813476562,35.22368682808358,33.82379221249303,36.31746943788621,30.13659957684095,28.518752479478316
ABR,2022-09-14,10.559450787435145,10.433825913023357,10.545492172241211,25.7437849732361,32.98905525730461,36.49068493926814,30.23624247814197,28.588033941340225
ABR,2022-09-15,10.566428553605576,10.273304333127857,10.301220893859863,26.177725104238547,33.4294694041559,36.56029691515147,30.349776651587845,28.653212228250723
ABR,2022-09-16,10.28726190176973,10.133721156191042,10.238408088684082,25.984756593291724,33.46244555805949,36.490378486898976,30.334990474965075,28.658520701639222
ABR,2022-09-19,10.350074037517313,10.070908448301827,10.259345054626465,25.99219532886777,33.36789183324893,36.40274458560502,30.335696699322522,28.658245287181412
ABR,2022-09-20,10.252366465854637,10.001117417980895,10.022054672241211,25.562208450355982,32.70074290743079,36.57169885501788,30.446768151253416,28.744409944188696
ABR,2022-09-21,10.133721696052339,9.8336181640625,9.8336181640625,25.89493045130492,32.86822147841624,36.5312324831236,30.463993797315283,28.795746008962247
ABR,2022-09-22,9.833619731498407,9.372996065635236,9.407891273498535,28.118476641113194,34.073839938828876,36.9806603215254,30.867454758327188,29.038047987032783
ABR,2022-09-23,9.268307763424481,8.86351725862319,9.010079383850098,30.225552817668223,35.20806574215566,37.54979596872397,31.21646319032462,29.333914600541107
ABR,2022-09-26,9.010079324149983,8.542476387980694,8.619247436523438,31.646865188296484,36.282980002697116,37.921583924538005,31.584710440884795,29.65112858707823
ABR,2022-09-27,8.814663573287648,8.381956498294713,8.45872688293457,31.760092944510948,36.00586527104231,37.91575419042181,31.63900755430965,29.680316420309754
ABR,2022-09-28,8.70299782248153,8.395914934927868,8.654143333435059,32.70041798578752,36.16939938278991,38.055721557704956,31.77552559704165,29.75942382982961
ABR,2022-09-29,8.598309678460803,7.984144606344547,8.081852912902832,37.07332346430501,38.52804455206817,39.432730425986556,32.73129690107503,30.496846524579148
ABR,2022-09-30,8.32612362142865,8.019040742439204,8.026020050048828,36.83371547025956,38.12371324443016,39.084335205463084,32.73571856744388,30.497902722761065
ABR,2022-10-03,8.423829268606566,7.788727069528236,8.31914234161377,39.14801566689181,38.9021836532083,39.57252760907063,33.04592289651358,30.67655899217628
ABR,2022-10-04,9.017056748741334,8.577370467775243,8.975181579589844,45.789568768039466,42.04376522747538,41.493633127703106,34.29414520052699,31.636122321094646
ABR,2022-10-05,8.793724244630802,8.326121408405864,8.668099403381348,46.02826736557654,42.59572207008364,41.81507067368934,34.49461039705134,31.807556691269763
ABR,2022-10-06,8.661122083244157,8.2702901895524,8.409873008728027,46.46144257068993,42.94113452446468,41.95855392136208,34.632689767414114,31.93720447681125
ABR,2022-10-07,8.500601217716726,8.179560430652028,8.270289421081543,46.28003521221674,42.62019307824926,41.88540845923001,34.609341615055925,31.972200146718006
ABR,2022-10-10,8.40987076031725,8.074871418275702,8.123725891113281,46.28404336185635,42.45415018058075,41.87599224166111,34.41853906037344,32.002824699363345
ABR,2022-10-11,8.626225413080752,8.03299832013405,8.577371597290039,49.63125129063408,43.72675718445827,42.603687359945276,35.050066744771385,32.48212889537575
ABR,2022-10-12,8.654142911138381,8.291227575610028,8.542476654052734,49.2963158107079,42.68723461184592,42.540490551332006,34.99584829070127,32.472772166406216
ABR,2022-10-13,8.744871081764037,8.2074771041277,8.696017265319824,49.62645467626906,42.84570068761206,42.43868242148572,35.07031359452671,32.528907067567935
ABR,2022-10-14,8.919349821098834,8.409872401498443,8.437788963317871,49.69552064148728,42.903882075287115,42.40024828182424,35.19410237954953,32.64282785454742
ABR,2022-10-17,8.793727749889834,8.514561398677627,8.605290412902832,50.243657365765216,43.15436669019613,42.52830699529086,35.27702984825165,32.711259008639345
ABR,2022-10-18,8.912371175953384,8.675080067799835,8.744871139526367,50.57195682277988,43.11186924157112,42.627157794072836,35.187553066437346,32.68710661172348
ABR,2022-10-19,8.793726827186775,8.563414994313241,8.654143333435059,50.25594593029614,43.09635798982441,42.587134566180445,35.19855810962465,32.69559564133881
ABR,2022-10-20,8.75185053815728,8.493622172335986,8.521538734436035,50.2501902645075,42.94917100241352,42.48982901102355,35.210099267610524,32.725213073896334
ABR,2022-10-21,8.626225093468516,8.374976051532528,8.5843505859375,49.636525462776184,42.3065599631042,42.49398985840351,35.182087873507534,32.73059810668649
ABR,2022-10-24,8.751850388565591,8.514559281979416,8.696017265319824,49.736292946919406,42.32051408213381,42.56471258738489,35.22273431895575,32.76113495952799
ABR,2022-10-25,9.219451481461922,8.709973500079919,9.121743202209473,51.321979394586634,43.65102220068083,43.29330226127123,35.682803188400804,33.10053493735708
ABR,2022-10-26,9.359036627582917,9.079870995708099,9.219453811645508,50.950566431051456,40.2317046048965,43.33195546323165,35.70956441231042,33.116406016650224
ABR,2022-10-27,9.596327264563243,9.296223726212052,9.379973411560059,51.000077755655724,40.237547800669084,43.39272457596524,35.72494148214507,33.167986519909945
ABR,2022-10-28,9.721951423063521,9.331118920756548,9.652159690856934,51.80937193890329,40.63930628042868,43.64921725308656,35.818920812401814,33.29283008901325
ABR,2022-10-31,9.694034481295553,9.484659958509667,9.610284805297852,51.79951511603442,40.63854685517947,43.54998246063537,35.820921431062665,33.281836025758125
ABR,2022-11-01,9.9034089626989,9.505597810240408,9.561430931091309,51.41810883123335,40.270583072510284,43.4910238790437,35.75981252684562,33.133198439073055
ABR,2022-11-02,9.714974055255823,9.303204217355479,9.31018352508545,51.690204650575765,40.54580136150147,43.461099708378654,35.830643557327605,32.73873291258469
ABR,2022-11-03,9.275286911226956,8.926329539599783,9.184557914733887,50.246370293032996,40.505735512398914,41.40748721502002,35.86116066132979,32.76060385680515
ABR,2022-11-04,10.210491695346146,9.638201879304063,10.098825454711914,55.75829086859847,45.1809783620512,43.45921707690598,37.555521072628736,34.14072376603475
ABR,2022-11-07,10.308201316227782,10.008097756687171,10.105805397033691,53.87487199808145,45.09738757966311,43.40828372538361,37.31536984994191,34.141061595803414
ABR,2022-11-08,10.273306613774858,9.90341126998085,9.987161636352539,53.64072310956166,45.14666069713245,42.010675585554594,37.33356058593831,34.151369437700055
ABR,2022-11-09,10.11976343882672,9.784764692745565,9.86153507232666,53.632362222580554,45.15644988210767,41.52789658417467,37.35754334331926,34.17090043972441
ABR,2022-11-10,10.412886619567871,9.94528375134566,10.412886619567871,50.89438490705325,46.54235625417136,42.3742304298677,37.87937836023823,34.61485422030919
ABR,2022-11-11,10.510596568186276,10.189555752276647,10.468721389770508,50.695976877146876,46.5469135496955,42.37328549295521,37.832662447773025,34.59617958014466
ABR,2022-11-14,10.475699241733249,10.266324709909199,10.308199882507324,50.50139087155494,46.54742198342973,42.409782519995595,37.86333271425691,34.584106664398085
ABR,2022-11-15,10.545491341579423,10.224450538824577,10.357054710388184,46.10213852060398,46.255057887359634,41.89697504226817,37.835753904818844,34.588472149848016
ABR,2022-11-16,10.322159291598624,10.098826780999707,10.140701293945312,45.24272833131883,46.294777196888006,42.001468340313906,37.85257319047106,34.643171885800015
ABR,2022-11-17,10.068933766585825,9.774688478882705,10.054580688476562,44.188706638115974,46.32082294176009,41.98415187643081,37.86103110778305,34.61158751268834
ABR,2022-11-18,10.269883155822754,10.025874648649484,10.269883155822754,43.86227559551118,46.510599375591845,42.08691544870335,37.94555875560957,34.633181288682884
ABR,2022-11-21,10.399062638618505,10.205291637944121,10.391885757446289,43.22542395952194,46.44672709053222,42.064297446481774,37.90523050928662,34.6552769179517
ABR,2022-11-22,10.549772828051248,10.298588168112529,10.506712913513184,40.9725086743679,46.48739810683962,41.892474968482404,37.907993509665985,34.63770747723161
ABR,2022-11-23,10.521067174924765,10.305765524715751,10.363179206848145,41.28981123831607,46.25100448055068,41.89224598064376,37.939546861752156,34.624052608200046
ABR,2022-11-25,10.60718650371867,10.377531801048983,10.506712913513184,41.209333973528345,46.30828144725096,41.80395110183181,37.9623109867104,34.647590168685724
ABR,2022-11-28,10.56412832676978,10.442124074802983,10.470830917358398,39.861143692058334,45.932484950208206,41.63833345806151,37.95370636225588,34.58610822282597
ABR,2022-11-29,10.521068572998047,10.34882750371292,10.521068572998047,39.68981578425639,45.939101379129,41.63766117484193,37.93171918814432,34.589333478890474
ABR,2022-11-30,10.700484082090549,10.377531979792497,10.678954124450684,39.66675137636852,46.02923748546922,41.679819202464245,37.97537389028653,34.50688681846038
ABR,2022-12-01,10.930139866104076,10.607187731972504,10.628718376159668,39.487001180964285,45.9559371934761,41.68444971169452,37.93469009649582,34.49151704453191
ABR,2022-12-02,10.6358929508682,10.33447082247376,10.60000991821289,39.0321120255496,45.95645629497127,41.66843247862101,37.92698602476193,34.4421782530043
ABR,2022-12-05,10.53542123378646,10.320119577526023,10.33447265625,40.162308595440805,46.001967703437515,41.56185301808756,37.96640903618228,34.50519587324106
ABR,2022-12-06,10.334471926623127,9.925399287706915,10.068933486938477,41.168574761643924,46.24665514405456,41.648710218785276,38.04678816240602,34.49771430655162
ABR,2022-12-07,10.11917106761713,9.903869424480053,10.018696784973145,39.18261768075227,45.639142032711646,41.505261421404924,38.03563039908297,34.43214759446543
ABR,2022-12-08,10.248352286380591,9.968460744970947,9.997167587280273,39.14457498783935,45.4110409326613,40.925349057561505,38.015837457801474,34.42692250373946
ABR,2022-12-09,10.169408051050944,9.911046485258584,10.054580688476562,38.913789470943115,45.18534529582772,40.918370268297224,37.97657218691017,34.405966109503474
ABR,2022-12-12,10.162231253499103,9.95410648601226,10.140701293945312,38.16296985902806,45.205941560047975,40.790094355432366,37.99142955012448,34.41593029546976
ABR,2022-12-13,10.506713839977396,10.011519988149278,10.104817390441895,38.15271967578882,45.20881681546423,40.792747902910634,37.992327324106384,34.386994177413825
ABR,2022-12-14,10.169407484275375,9.918222129324525,9.961282730102539,38.38736725407781,45.04805991568936,40.74449286142337,37.9896904350207,34.343537504901825
ABR,2022-12-15,9.889515026224036,9.702920919634911,9.82492446899414,37.74858144681883,44.9675380387886,40.78496562089332,38.01100458165869,34.36099426051126
ABR,2022-12-16,9.796218598300282,9.588093829127805,9.688568115234375,37.76257695266332,44.1151256814125,40.7358383331118,38.01639444802187,34.368143434633815
ABR,2022-12-19,9.839277563712594,9.588092232486922,9.645505905151367,25.443584963346837,43.18069209128838,40.36047945450058,37.97755661614488,34.32001445165936
ABR,2022-12-20,9.710097709437626,9.46608922695356,9.616800308227539,25.437975637675837,42.13933861152378,40.30225737061557,37.97743122525842,34.253941168109066
ABR,2022-12-21,9.83927993845106,9.717275683486795,9.817749977111816,26.04635911643532,42.09074766539184,40.455025496686254,38.04260799464381,34.05153836568021
ABR,2022-12-22,9.760334496263692,9.501972269989208,9.753157615661621,25.86056551238317,41.91467225433569,38.13804030716948,38.042934915428475,33.913165455708125
ABR,2022-12-23,9.853631780535112,9.702921385660183,9.832101821899414,20.200235840914512,39.274735189271745,38.05977229473351,38.02681748067223,33.91096735688291
ABR,2022-12-27,9.853631206390583,9.688567059093,9.753157615661621,20.155215372736876,39.28794057469771,38.03165772780792,38.02150924638176,33.909610805825416
ABR,2022-12-28,9.745980767036247,9.401498710106694,9.437381744384766,21.715640947198402,39.37729031350406,38.368407495664684,38.210468385999114,34.05730119549102
ABR,2022-12-29,9.580916030715326,9.415851208589817,9.509148597717285,21.818479717553288,36.275155939017694,38.17108184559322,38.208308153269414,34.0543187031428
ABR,2022-12-30,9.501972012596225,9.344084750177622,9.46608829498291,21.13087684943259,35.5226268307378,38.14554064870612,38.17525660324622,34.055439625724745
ABR,2023-01-03,9.774688820513623,9.537857205820293,9.724452018737793,22.664972853140668,35.27415836953253,38.357314629815676,38.27885379631407,34.16540376734937
ABR,2023-01-04,10.004341779955379,9.817747684545429,9.91104507446289,22.486609708214914,35.20554592563314,38.48132754870433,38.35203900608619,34.18805899617588
ABR,2023-01-05,9.903868591823677,9.717273804497616,9.803394317626953,22.30947336112368,35.05768628627487,38.45637976489796,38.34518618489026,34.19143878049072
ABR,2023-01-06,10.004343716496829,9.803395821698247,9.896693229675293,22.237270456379292,33.42650006631592,38.49170898685232,38.336734380183564,34.17495397054789
ABR,2023-01-09,10.011519447379618,9.853631491687693,9.860808372497559,21.963880414805587,33.42295795382619,38.46513260366078,38.33620087740759,34.15454435212174
ABR,2023-01-10,10.033049862822255,9.817748904110232,10.018696784973145,22.10196581294672,33.38725447507371,38.513726757310465,38.33087987861793,34.191682656686275
ABR,2023-01-11,10.219644264804524,10.047403230823837,10.111993789672852,22.315374568161065,32.71872090285925,38.53810632747624,38.310197721282776,34.206451299923906
ABR,2023-01-12,10.21964493525926,10.083287612185153,10.140701293945312,22.277304697194264,32.534411701567805,38.47073193222865,38.26175591959894,34.20711515129122
ABR,2023-01-13,10.28423385167535,10.054579161406105,10.262703895568848,22.10827683109061,32.472947068636856,38.30072723961558,38.28986799969892,34.22976171823944
ABR,2023-01-17,10.356003515219916,10.18376177599315,10.219645500183105,22.10196509549297,32.390672599942505,38.19639932372883,38.220887334268724,34.23155299101206
ABR,2023-01-18,10.327295807089579,10.133524123361378,10.169407844543457,22.123553225931662,32.20933846401456,38.202925525484524,38.12162517223512,34.21928939458744
ABR,2023-01-19,10.169407844543457,10.011519881997337,10.169407844543457,20.92255897969367,32.20167615232894,38.179829132091896,38.11404003610856,34.19865064391469
ABR,2023-01-20,10.269881536285526,10.061756786710035,10.241174697875977,19.57266074536444,32.14533262157319,38.09998082748397,38.0241880798482,34.18364667296533
ABR,2023-01-23,10.391886339996104,10.255529012205383,10.33447265625,19.649574104602017,30.776819791842687,38.1164298005226,38.00634192410459,34.13998221853144
ABR,2023-01-24,10.399062553174574,10.226821513006996,10.305765151977539,19.659303595550757,30.740097419056063,37.88562313855403,37.94525994134072,33.949883309308994
ABR,2023-01-25,10.406239800021224,10.212468109703687,10.377532958984375,19.68770177665837,30.591595472388573,37.88002003342012,37.95074643555182,33.956977121521064
ABR,2023-01-26,10.556950859517974,10.406239773354457,10.528244018554688,19.95420782893545,30.193953938903466,37.67355213583106,37.75168420720051,33.953791884771206
ABR,2023-01-27,10.707662391542964,10.51389069365343,10.686132431030273,20.28162222781696,30.293380143787036,37.742916973280785,37.794466280172756,33.98655600457385
ABR,2023-01-30,10.657424481627936,10.427769083793693,10.485182762145996,20.647689663322648,30.56031563878272,37.86638754454269,37.84913672004368,34.00286401865748
ABR,2023-01-31,10.772251705598963,10.549773191406352,10.714838027954102,20.8912430008377,30.260458772294385,37.95378988781103,37.938079845038395,34.07054814090981
ABR,2023-02-01,10.951668363349933,10.664599323623197,10.879900932312012,20.557242624075695,30.189815444129742,38.0248752627167,37.943316807841995,34.00450884296699
ABR,2023-02-02,11.044968425750456,10.865550489113721,11.009084701538086,20.525461311685973,23.406686160609713,37.892932481719924,37.910977220326544,34.02377294682781
ABR,2023-02-03,11.030614470938659,10.779429774659796,10.987554550170898,20.495585713233762,23.416589738622704,37.8642870088332,37.88292057119008,33.999155588677475
ABR,2023-02-06,10.944493341063906,10.564127534620045,10.643071174621582,22.441868393608015,24.24500352934301,37.73989254605365,37.87177530999598,34.10900759288953
ABR,2023-02-07,10.915784934459033,10.585655974980934,10.851194381713867,22.767213546511908,24.359077047077964,37.71224716863086,37.888827935741226,34.16493030877129
ABR,2023-02-08,10.872726574214463,10.664601797240609,10.671778678894043,23.4599137581716,22.020625465709944,37.619120574663064,37.77821855740853,34.19487624382725
ABR,2023-02-09,10.808136270011811,10.29141244639519,10.363179206848145,25.066595673693882,22.821477580365055,37.90045197355975,37.7924326623467,34.318767014502924
ABR,2023-02-10,10.513890266418457,10.312942379473672,10.513890266418457,23.003990722841188,22.78860422778184,37.967470057666766,37.82642433565996,34.316320815569156
ABR,2023-02-13,10.815312484434497,10.52106719192428,10.76507568359375,23.70351554958129,23.267776969031367,37.95562949929123,37.9262574813553,34.337404189857565
ABR,2023-02-14,10.750722312568346,10.564128180749849,10.686132431030273,23.807120296724037,22.886178372293983,37.84680155906198,37.90968259022584,34.344301960347
ABR,2023-02-15,10.786605643321916,10.571303992765024,10.76507568359375,22.827847613035228,22.838985396202617,37.16229935577109,37.84841536345959,34.30067739959225
ABR,2023-02-16,10.76507607586021,10.614364983421163,10.686132431030273,22.537583852363277,22.51565307228011,36.49813883646096,37.83169259601424,34.267642875796966
ABR,2023-02-17,11.21720801277372,10.700484231239463,11.152617454528809,24.989612674051898,24.011335915450605,36.31850575022387,38.17187843831562,34.534820228723106
ABR,2023-02-21,11.159794153831609,10.908608805725185,10.980376243591309,25.585582991883843,24.164073584471698,36.2736482687198,38.21166686007601,34.52101413823965
ABR,2023-02-22,11.145440881485978,10.944493004839414,10.973199844360352,25.528293982155954,23.976958716094227,36.13156914784194,38.20217435537311,34.33960056913442
ABR,2023-02-23,11.088027105791026,10.879902349972166,11.023436546325684,25.262956849059947,23.840979537223713,34.30297435325097,38.16935125563967,34.339548541856914
ABR,2023-02-24,11.001906210418268,10.872725095920789,10.966022491455078,25.308800310188147,23.85745044064827,34.29130853002324,38.1718167209173,34.34041316591849
ABR,2023-02-27,11.131088011028675,10.78660524594338,10.858372688293457,25.569356083229717,23.94091266184801,33.946336813962105,38.11633638650167,34.321011536261246
ABR,2023-02-28,10.994729822218384,10.78660506421954,10.822488784790039,25.449740524366494,23.764280988960834,31.861002086054324,38.07156026520159,34.28201685928826
ABR,2023-03-01,10.836841692934103,10.61436319046652,10.75789737701416,25.491292859817328,23.776983391040833,31.34049599219261,37.92584334845039,34.27952768623664
ABR,2023-03-02,10.765076447156156,10.470831133775242,10.743546485900879,25.431178575820258,23.77148925978988,30.912758005928527,36.564466211377685,34.2523139902455
ABR,2023-03-03,10.901431946841228,10.74354467830022,10.815311431884766,25.462714372098873,23.197907436807824,30.76589690212262,36.156868586835486,34.21387084519091
ABR,2023-03-06,10.980376541630399,10.844018542868616,10.937315940856934,25.562535746756804,22.60923283202118,30.61723881282133,36.143636166025146,34.230724688157814
ABR,2023-03-07,11.001907969825679,10.722015738462897,10.793783187866211,25.855572144672873,22.77018125294341,29.59329982037898,35.23102620454945,34.25168899367415
ABR,2023-03-08,10.851196716616323,10.420594079702052,10.621541976928711,26.327984328884284,23.036404635584134,29.720289986360136,34.929327743814405,34.23146388858372
ABR,2023-03-09,10.643069357936037,10.111992558921516,10.12634563446045,29.798564825717733,25.084098335087006,30.649903379254912,35.39942822889143,34.541138013776504
ABR,2023-03-10,10.082030807445951,9.550231872541548,9.712725639343262,31.684845284257307,26.44052566359874,31.00674139502405,35.752894303767334,34.7849749353
ABR,2023-03-13,9.771813568092664,9.09229276536343,9.594547271728516,31.351181930894413,26.540120228610814,30.942260668869753,35.74543532728714,34.79152503123099
ABR,2023-03-14,9.926922119283022,8.67128475051387,8.951956748962402,36.47482141533623,29.911216353167134,32.802954764683875,36.33354593090344,35.453166084631306
ABR,2023-03-15,8.575264989058102,8.183801742825867,8.516176223754883,37.757775470866115,31.40885957786964,33.715470018736426,36.78480071989941,35.7699335407805
ABR,2023-03-16,8.715601788297214,8.397999129976835,8.4940185546875,37.16446802298525,31.315905341618368,33.62885006480002,36.76356227842535,35.77016039920958
ABR,2023-03-17,8.708214439464738,8.17641488543206,8.265048027038574,37.059789260142864,31.734462034224364,33.884683131002156,36.8941163598668,35.828335411330684
ABR,2023-03-20,9.047976031953093,8.53833524294364,8.73037338256836,41.45700438374122,33.84020728137166,34.937748320358864,37.44223623829219,36.257857549194746
ABR,2023-03-21,9.018431521368704,8.745145803071914,8.79684829711914,41.03101613054305,33.57715421701125,34.112031346627795,37.31356751871356,36.21559346058715
ABR,2023-03-22,8.78946218238451,8.220732624518853,8.228118896484375,43.845906479051415,36.11594974272879,35.65794043982856,38.084320890457306,36.781799952233726
ABR,2023-03-23,8.412773328189017,7.97699304744226,8.006537437438965,44.11015019209208,36.38634606002527,35.774128064130096,38.146729053024245,36.86130870091981
ABR,2023-03-24,8.242890930045913,7.814497007473182,8.205960273742676,44.77554349766481,36.8216662014012,35.69370913269272,38.142794195306045,36.93975432910662
ABR,2023-03-27,8.457086196500205,8.228117441214959,8.257661819458008,44.48527912501314,36.32902441339404,35.712929766413986,38.14564832979805,36.91053571677338
ABR,2023-03-28,8.228120251967315,7.954834483765425,8.080397605895996,43.6127249297083,36.48676300788985,35.85228732857061,38.22172100504876,36.96655156963285
ABR,2023-03-29,8.205959310799916,8.073009949860587,8.154256820678711,43.94456425594831,36.564588045908835,35.66764281913127,38.23175067761381,36.98053625420306
ABR,2023-03-30,8.294592973627294,8.050851641477186,8.17641544342041,43.81456159721001,36.06595275773921,35.61885380152854,38.21498657619621,36.953629617319585
ABR,2023-03-31,8.486632347106934,8.16903039076397,8.486632347106934,45.83459890692944,36.72623703879033,32.71878947826114,38.30630504931346,37.148588800015794
ABR,2023-04-03,8.641740993798958,8.405385906119747,8.46447467803955,43.31599599824204,36.685146876991205,32.71674745260183,38.214346585222295,37.13058928897565
ABR,2023-04-04,8.523564172331518,8.265050244978031,8.309367179870605,43.36174549902986,36.74470726271342,32.78608849650181,38.1701740376199,37.13965587167204
ABR,2023-04-05,8.338912083802796,8.161645742062376,8.279823303222656,43.31958175815124,36.74465103244956,32.74144724944898,37.804279654177684,37.13952849407936
ABR,2023-04-06,8.35368302570509,8.050852202938662,8.087782859802246,43.29677788123612,36.76983209938365,31.6577143492323,37.883052727165186,37.1914124957479
ABR,2023-04-10,8.087783150049184,7.578142321102029,7.873586177825928,43.52824312568752,36.975490028641055,31.865605364749317,37.90243350548471,37.27524390581048
ABR,2023-04-11,8.006534692667545,7.8366539801290225,7.940059661865234,43.89184200763418,37.03816089957411,31.85048709158383,37.91920482736838,37.2680872745483
ABR,2023-04-12,8.013922083785276,7.784952579508408,7.844041347503662,43.8419639413824,36.92183428145155,31.864317485233194,37.86740460988971,37.27104004347782
ABR,2023-04-13,7.836654745218414,7.570755300443102,7.696319103240967,43.882038184591806,37.041641019094726,31.835311942852883,37.912459932799266,37.31187516019176
ABR,2023-04-14,7.829269859619819,7.5264390295400885,7.622458457946777,43.78630084924891,37.05534064129441,31.840944825050787,37.85650674341037,37.30781710029106
ABR,2023-04-17,7.7923392921992924,7.526439116792489,7.770181179046631,44.383272552561905,37.369111984037204,31.80433006950289,37.70629459604275,37.338011962639165
ABR,2023-04-18,7.866200135504686,7.61507320213729,7.718478202819824,43.90454022546349,37.29418622752742,31.72361858399231,37.67269851338638,37.30965110359091
ABR,2023-04-19,8.26504897345175,7.659388750924243,8.161643981933594,48.050865146948155,39.21401031515824,32.998913582476334,38.29062479709892,37.749546899491534
ABR,2023-04-20,8.087781328278782,7.925286891485603,8.073009490966797,48.01093770159455,39.23925136187976,32.97741122124956,36.98205024538727,37.74481196509711
ABR,2023-04-21,8.065625070346602,7.762794939850147,7.895744323730469,46.7815520290077,39.34438924900579,33.0203045853107,36.9989044538832,37.77956317073091
ABR,2023-04-24,7.807112290074139,7.459965883115109,7.748023509979248,45.82314399835658,39.25031069989915,33.11814812925357,37.024943400056365,37.81733520291581
ABR,2023-04-25,7.762794140533207,7.600299683195914,7.696319103240967,45.80180939996104,39.02928722718604,33.099483544659044,37.02775296736932,37.78325365357518
ABR,2023-04-26,7.940061486971243,7.644617620376321,7.740636348724365,41.98357006759971,38.99255185540661,33.00438342795166,36.905161760142036,37.75873956162181
ABR,2023-04-27,8.169029741256015,7.807110180478503,8.139485359191895,42.671569802473655,40.248662966981726,34.07659625654907,37.402032855889516,38.07959719084051
ABR,2023-04-28,8.479246453758126,8.09516943922658,8.471860885620117,44.33258104415055,41.080854992998454,34.743953927700005,37.694512347326906,38.302502062352794
ABR,2023-05-01,8.40538713805391,8.161645742062376,8.279823303222656,44.115549065292655,41.12068641947677,34.70472707252114,37.77621966072965,38.309998534798325
ABR,2023-05-02,8.346296439210386,7.969605021293151,8.331523895263672,41.018669593259794,41.17855518048596,34.51857388754548,37.75259668144204,38.248242943928545
ABR,2023-05-03,8.508790487190213,8.139485359191895,8.139485359191895,41.39621827278652,40.97403267480282,34.68263961245998,37.84004501192225,38.30763561006837
ABR,2023-05-04,8.191188105077785,7.9031298427470915,8.05823802947998,36.748218003267034,40.68551487155982,34.70562293475338,37.83454497821265,38.24146475208592
ABR,2023-05-05,8.77469126936248,8.1690309921115,8.678671836853027,41.78746667947865,43.71545800210769,36.74247880327515,38.862815168536386,38.955286759877836
ABR,2023-05-08,9.232629595630375,8.804235638744624,9.0184326171875,42.59985898698129,44.20322170044561,37.251943472142344,39.13973105148617,39.11472291607911
ABR,2023-05-09,9.173539662227583,8.85593701890481,9.092292785644531,42.61531624962968,44.120193820720246,37.279280259945075,39.117544435039434,39.12138591407962
ABR,2023-05-10,9.26956084400578,8.937186298318228,9.033205032348633,42.06784693691839,43.79178626781442,37.22928967533342,39.00755512148928,38.96342095354989
ABR,2023-05-11,9.047975532695212,8.841164860606678,8.996273040771484,42.094946681653106,43.782769790991146,37.176198585841775,38.946385688964035,38.964699302661046
ABR,2023-05-12,9.210471729284228,8.99627474508663,9.173541069030762,42.35622670463945,43.974459389040305,37.25596044093908,39.021515284813425,39.01145504692701
ABR,2023-05-15,9.498527583672201,9.232628146630937,9.439438819885254,41.833646055419635,44.42494556083868,37.535636551925435,39.16349532801571,39.121217245749826
ABR,2023-05-16,9.47636970736613,9.195697720250218,9.203083992004395,42.63634088316204,43.677681103254194,37.745095717425,39.22098853358932,39.17010607173862
ABR,2023-05-17,9.572389729293326,9.284331452298337,9.505914688110352,42.97752701792464,44.20000225133313,37.95673551323494,39.40907286598559,39.267253322684404
ABR,2023-05-18,9.811325668475709,9.536455386440338,9.780784606933594,43.45807330163062,44.650969124927194,38.21715946479739,39.43759232661116,39.35499058714196
ABR,2023-05-19,9.826595366696205,9.299761898171871,9.391385078430176,44.72007914262478,45.32614948369772,38.73470783343516,39.71169115040071,39.426964633300585
ABR,2023-05-22,9.605172058232068,9.261584965992252,9.551725387573242,43.80347243984668,45.49988894740293,38.81292108052906,39.6266089511384,39.4312108113392
ABR,2023-05-23,9.864771793078768,9.528819406725823,9.582266807556152,43.80919899399881,45.48586575622791,38.46011994828293,39.62862093676496,39.32527648783822
ABR,2023-05-24,9.536455170848349,9.284491236783007,9.330303192138672,44.5336480800812,45.763323820606836,38.675071213122536,39.748173871540864,39.31061294393697
ABR,2023-05-25,9.38374993366954,9.101244936733048,9.345573425292969,43.932673400144765,45.76498621988589,38.669818274044395,39.71012753355592,39.30633799760063
ABR,2023-05-26,9.788418207580126,9.337937055197731,9.650983810424805,44.269392468643176,46.30807187904079,38.77172567759897,39.89583685793664,39.439826768999644
ABR,2023-05-30,9.734970943018412,9.528818267651273,9.681524276733398,44.15660205214974,46.286368481460755,38.654631822783095,39.7985177998026,39.42245225444737
ABR,2023-05-31,9.757878152798448,9.513549663262442,9.62807846069336,44.12638929919851,46.21169657544917,38.62617583193773,39.7838884301789,39.37443272980785
ABR,2023-06-01,9.834231641870824,9.582267692904205,9.811326026916504,41.83991945761229,46.35017103477051,38.71446341816567,39.61070055448753,39.40562624045992
ABR,2023-06-02,10.399241633659994,9.95639586238222,10.26180648803711,42.974334512736,47.21227618299858,39.3622351787977,39.8882355273439,39.66639819991608
ABR,2023-06-05,10.452687134598087,10.032747753628392,10.361063957214355,42.01001057238105,46.217616214884586,39.312063049933684,39.8082770195508,39.67552580492754
ABR,2023-06-06,10.750464295444251,10.284712905893398,10.620664596557617,41.38673223855244,45.63583647102423,39.47801733026378,39.908536261763565,39.74826030120081
ABR,2023-06-07,10.857358017860557,10.61302879553614,10.834451675415039,41.14345814628493,45.698609377995545,39.596942668455746,39.97619980370855,39.77419266867751
ABR,2023-06-08,10.849724061563604,10.597760085283795,10.788641929626465,41.363762965456004,43.238799248594695,39.56277483517838,39.88041921166426,39.77457651535017
ABR,2023-06-09,10.819182639570677,10.628300801509312,10.758100509643555,39.82748754348925,41.826791027974316,39.5592268652835,39.81560314194486,39.725555540069216
ABR,2023-06-12,10.895534039743255,10.674110441612548,10.712286949157715,38.916603272503615,41.83921097902721,39.55705376676974,39.46232866757612,39.69601787565557
ABR,2023-06-13,10.933709907036173,10.750463543133698,10.82681655883789,37.81218143210489,41.35080316381557,39.58950569394324,39.131419644403586,39.60607334495762
ABR,2023-06-14,10.979523140800808,10.719923730960353,10.781005859375,37.99867021466631,40.034044415783946,39.5835184385857,38.76283126660673,38.68702040159436
ABR,2023-06-15,10.903169246438894,10.674110919078156,10.834451675415039,36.80018751817115,40.026238350963524,39.56624124975235,38.69174009281903,38.41359181466339
ABR,2023-06-16,10.918440136585458,10.567217562295642,10.590123176574707,37.56879490834265,37.67075240967877,39.735539610943846,38.71221810898942,38.4644245745621
ABR,2023-06-20,10.53667677928288,10.162548580816546,10.26180648803711,33.976891626119276,37.83003005776913,40.0386022844904,38.018776649237836,37.97513164880094
ABR,2023-06-21,11.147498941710984,10.719923330620045,11.017699241638184,37.82109430027356,40.038254132454426,41.543816601947846,38.89058254302683,38.381955017242525
ABR,2023-06-22,11.155133708786119,10.651205801964048,10.75046443939209,38.88300385239838,40.4893321370531,41.666673605611585,38.80154476190687,38.46355217633206
ABR,2023-06-23,10.658841543262085,10.368701070828044,10.422147750854492,40.17239759387282,40.78967667688331,41.85002988930048,37.96559465948189,38.59368972316253
ABR,2023-06-26,10.826817046603436,10.200724182829005,10.643569946289062,40.35005291120906,40.92330469666826,41.84164863397985,37.80206878511722,38.62220682357764
ABR,2023-06-27,11.02533417753868,10.643570517638143,10.918440818786621,40.565991304666255,41.14800468018691,41.96821317566115,37.72584037835607,38.47327319717056
ABR,2023-06-28,11.00242703361466,10.842086289601168,10.987156867980957,39.98911820931606,40.591597775814876,41.937912564612375,37.66787098430668,38.45946801246223
ABR,2023-06-29,11.223851712863583,10.971887749802946,11.139863967895508,38.99900117244687,40.61152146555443,41.99396859724212,37.62397325408695,38.46314449231016
ABR,2023-06-30,11.376554719144256,11.155131865517623,11.315472602844238,38.32495436451504,40.38511882684881,41.74907408147765,37.1380273847852,38.48414215797066
ABR,2023-07-03,11.491085052490234,11.284932349164444,11.491085052490234,37.83562754123588,40.39744754988018,41.70845771647118,37.16805594196594,38.489076094734344
ABR,2023-07-05,11.521626112817428,11.353649916939707,11.491085052490234,35.29021084260465,39.96360841610612,41.616857094194955,37.1187041324275,38.39996339351482
ABR,2023-07-06,11.361286595346286,11.025334167181816,11.162769317626953,36.62073123255368,40.04095796272363,41.61034014581038,37.10504196465067,38.48492030516294
ABR,2023-07-07,11.338379704994498,11.116956836478847,11.208580017089844,36.61737405292504,40.038798961571764,41.55604864540325,37.04379643292263,38.430531859457766
ABR,2023-07-10,11.704873682191021,11.200945770731742,11.674332618713379,36.72671355006464,40.49239454677186,41.884088540993716,37.29434383450382,38.56160274520584
ABR,2023-07-11,11.979743003845215,11.697237990525025,11.979743003845215,37.06034582214872,40.32202828895997,42.050249499759154,37.376254173979525,38.64004808075532
ABR,2023-07-12,12.269881912665376,12.03318888762895,12.04845905303955,36.36564750906093,40.167715026566235,42.04488070453246,37.32260481059981,38.63699654941668
ABR,2023-07-13,12.17825982215493,12.00264889940723,12.140083312988281,36.34346017449544,40.09535843509816,42.03499433600303,37.3230891042267,38.6396172203349
ABR,2023-07-14,12.101908302477671,11.918661192442116,12.033190727233887,36.459375548442125,40.13039324236701,41.53472475627122,37.32165009736025,38.64300410829845
ABR,2023-07-17,12.292789167102324,11.987377826460948,12.277518272399902,36.49510271429243,38.93918404200139,41.56378546059696,36.98351284392007,38.55437338453587
ABR,2023-07-18,12.613470922350757,12.269883066352548,12.46076488494873,34.81804926649528,38.79575043419541,41.61951564662891,37.00104402275561,38.52240190565768
ABR,2023-07-19,12.895976268064466,12.628742864912853,12.857800483703613,35.55156022055042,38.61255098084263,41.89007406799166,37.12213297194032,38.579879308051254
ABR,2023-07-20,12.880705093555106,12.66691694351032,12.72036361694336,35.51726741869908,38.40480408011182,41.921939667655685,37.01323464904841,38.36205965142901
ABR,2023-07-21,12.850164377331463,12.48367162351436,12.628742218017578,35.464767636388984,38.41382868309071,41.905858090837924,37.02124816187962,38.36515554311926
ABR,2023-07-24,12.582929628196242,12.346236571577254,12.437860488891602,35.857432852746705,38.71169584198581,41.983411949891135,37.0661258665281,38.340386377896294
ABR,2023-07-25,12.544751991123967,12.231705959069828,12.246976852416992,36.273809849615546,37.97744059000573,42.052727598048236,36.970441573949756,38.37450031264524
ABR,2023-07-26,12.659282552679295,12.24697856871324,12.628742218017578,36.96336408109057,37.67594056739302,42.30834605135181,37.08676521305683,38.45209246762668
ABR,2023-07-27,12.766175350282234,12.323329594704491,12.330965042114258,37.88646022953594,37.70770885643784,42.492777112672705,35.517321756651775,38.5270078507955
ABR,2023-07-28,13.544975397216987,12.659283762679715,13.453352928161621,44.72424682513534,41.15615002115924,44.59902995069444,36.94629834472737,39.45309209968405
ABR,2023-07-31,13.247196756633015,12.659280483294651,12.91124439239502,46.88379408112586,41.89010499222236,45.06036365428662,37.25756369032357,39.539613306941845
ABR,2023-08-01,12.94942149094184,12.468399963106066,12.49130630493164,47.518456592415085,42.5668094237163,45.31175495639973,37.443952754902256,39.66514210808307
ABR,2023-08-02,12.590564780836537,12.239342928042918,12.422589302062988,46.342880447851975,40.29213418725877,44.63146211077148,36.91540091746814,39.66686643314038
ABR,2023-08-03,12.61347140237385,12.346236554906664,12.582929611206055,42.162158947448965,39.750315155604405,44.10729442456819,36.938447174469644,38.73159274125692
ABR,2023-08-04,12.819623733981498,12.62110646636588,12.758540153503418,41.329341637591746,39.78345111068051,44.07850370389004,36.91721970759329,38.71977775128904
ABR,2023-08-07,12.941786976908002,12.6363749234949,12.781445503234863,39.863937327125996,39.711280012533685,42.53310200612893,36.91488713360931,38.70644083030166
ABR,2023-08-08,12.705093822966916,12.460765319650283,12.605835914611816,40.06304974485661,39.86462559682714,41.75729979156919,36.86306777043131,38.73378463115973
ABR,2023-08-09,12.789082292099291,12.57529412354086,12.605835914611816,39.64423622651666,39.7746964405161,41.74898118795698,36.845158490703575,38.65905415381668
ABR,2023-08-10,12.804351981476534,12.491305934051656,12.666916847229004,39.64175008553975,39.47777351477201,41.446796498166314,36.77135359171215,38.644899670431855
ABR,2023-08-11,12.727998340718411,12.575292319891464,12.659280776977539,39.575446866897764,38.990306363280126,40.6538746661777,36.7500935210763,38.63028306570575
ABR,2023-08-14,12.714152469086695,12.361417925122465,12.604413032531738,39.49991045660218,38.62627899621454,40.66907363261797,36.736764638853145,38.62735881675651
ABR,2023-08-15,12.557382264427716,12.188969477360432,12.29870891571045,40.1542292663288,38.76003049161077,39.33718811727818,36.81998545154905,38.691450641941586
ABR,2023-08-16,12.45548056063805,12.110583267987709,12.126260757446289,40.431027666091026,37.83138831215274,39.125178065323595,36.83124612129944,38.717209833675675
ABR,2023-08-17,12.141936539633797,11.773524537003421,11.781362533569336,40.422254654293546,38.33669067288184,39.33364155251145,36.99482412453503,38.81938358084955
ABR,2023-08-18,11.8675891060951,11.522691785999518,11.797041893005371,40.416541054682455,38.33922185902301,39.3329574545,36.991650578482314,38.797636734956406
ABR,2023-08-21,11.96949012739191,11.757848495649165,11.938135147094727,38.83145123370454,37.85684326396458,39.144679158195366,36.97704473263577,38.8127063127792
ABR,2023-08-22,12.134099720203992,11.773526404490095,11.797041893005371,38.24885501401849,37.99578013583962,39.21548960550551,37.00134919800653,38.79993587575694
ABR,2023-08-23,12.047875190459878,11.828395563829009,12.024359703063965,38.63234567658,37.67338519715677,39.29113175656716,37.063896955284974,38.75277637455955
ABR,2023-08-24,12.322224462004344,11.977327181345169,12.102744102478027,38.615070194755944,37.67768491197139,38.92769196736129,36.93992181408426,38.71877757053886
ABR,2023-08-25,12.298708089424462,11.938134071476942,12.188968658447266,38.57790388211266,37.63406360825485,38.919081130971975,36.807931787825844,38.7243800209115
ABR,2023-08-28,12.494672908764532,12.220323568508574,12.384933471679688,38.41234394332729,37.5895539678663,38.80421638476867,36.84280582998816,38.74832462807973
ABR,2023-08-29,12.690636832709073,12.31438533350078,12.549542427062988,38.3621979095404,36.66251894964937,38.81242023411494,36.86805914504288,38.72567963219504
ABR,2023-08-30,12.62008894952298,12.46331706390406,12.518187522888184,37.212668880853954,36.65815266078467,38.574537512610554,36.86689011451747,38.7233909928615
ABR,2023-08-31,12.706312643364987,12.471156300727458,12.51034927368164,37.095201896340804,36.387554057722575,38.25783322168545,36.85724270818251,38.627201684966046
ABR,2023-09-01,12.761184371468842,12.573058990684212,12.667120933532715,37.225878492024776,36.268678266413865,38.27339005689545,36.87705606151399,38.638085608932
ABR,2023-09-05,12.667120417954587,12.478995044827052,12.51034927368164,37.13509159969093,36.37381531185173,38.276629539000936,36.866698120088145,38.549769677951204
ABR,2023-09-06,12.65144327614855,12.39277144167366,12.424125671386719,36.90374699140755,36.40882597380385,38.13404531972204,36.836174650957474,38.55692652625473
ABR,2023-09-07,12.486834412144667,12.361417490466751,12.39277172088623,35.77889375158293,36.39695627202247,38.08218721258335,36.79420107522438,38.557451433860614
ABR,2023-09-08,12.549542065074604,12.314384978295442,12.471156120300293,35.13924577157471,36.36606597287531,38.01359723519079,36.79225700439787,38.537620790537744
ABR,2023-09-11,12.596573433768135,12.416286801625505,12.533864974975586,23.734979179442846,36.34381789108686,37.969572083850146,36.7909352843684,38.53909461652506
ABR,2023-09-12,12.549543699011686,12.330063324085016,12.337902069091797,21.129811648758757,36.53176976301038,37.21607936296948,36.775726649128885,38.50762502835444
ABR,2023-09-13,12.392772643771506,12.173292266946708,12.267354965209961,18.956451995062007,36.19926566034267,37.1717768998708,36.77325872817368,38.50164534925406
ABR,2023-09-14,12.486833887223817,12.345739482495569,12.439802169799805,19.354033563803142,35.57195088409801,36.961030282518045,36.795199363669134,38.33810355864848
ABR,2023-09-15,12.58873461663168,12.330062038724439,12.56521987915039,19.210180756514124,32.67990923665806,36.77900176866512,36.792622189278596,38.29339674838666
ABR,2023-09-18,12.573058924814244,12.337901078749725,12.353578567504883,19.349558264780047,32.45140058294703,36.89722213248995,36.631386003039296,38.25800823270903
ABR,2023-09-19,12.455480463774188,12.220323356531154,12.361417770385742,19.337535558547064,31.702461980805623,36.90257193489109,36.62437344070362,38.25185110139963
ABR,2023-09-20,12.455478861467771,12.126259103188007,12.1340970993042,19.653620417497443,31.770821444562298,36.35249013138335,36.69420518078827,38.300305290046694
ABR,2023-09-21,12.071389503337167,11.655945777893066,11.655945777893066,22.65280554008208,32.55516836773923,36.55872591365244,36.895336010218436,38.4428956389406
ABR,2023-09-22,11.812717852935243,11.640269951865367,11.671624183654785,22.575589706711867,32.53730814753861,36.319578953638896,36.83316190350051,38.39265682445635
ABR,2023-09-25,11.671623827747307,11.538368159819735,11.59323787689209,22.595437863198732,32.46452525845304,36.35250313862785,36.81757231898055,38.13420769576291
ABR,2023-09-26,11.757849070060686,11.483498959408372,11.546207427978516,22.59406976104965,32.327153334354904,36.12132643684416,36.808204785943346,37.88047247699723
ABR,2023-09-27,11.797039964382837,11.585398359713583,11.632430076599121,21.822121816439495,32.209664944317616,36.06119522123544,36.81250927710516,37.611322203418595
ABR,2023-09-28,11.977328124922332,11.585399841734027,11.938135147094727,22.926650636340913,32.63854045758421,34.437149283797034,36.88921815861858,37.63869116825937
ABR,2023-09-29,12.102743147018753,11.875424808525295,11.898941040039062,21.322396790098455,32.06212785300208,33.984990962328936,36.879385483309676,37.579682356620545
ABR,2023-10-02,11.875425638012175,11.256179034893897,11.295372009277344,26.168382663371194,33.85067244900342,35.06904794690248,37.40705144311669,37.30975660469506
ABR,2023-10-03,11.279694379292192,10.715317536253254,10.856411933898926,28.077814705088556,33.741106191652555,35.66688611748352,37.683610903200474,37.52517708865668
ABR,2023-10-04,10.832895771225036,10.417452066967629,10.621254920959473,28.494813131511147,33.524670264451615,35.85375624038115,37.77152477231334,37.43384730366864
ABR,2023-10-05,10.950475333711069,10.433130171850417,10.872089385986328,28.812869023346078,33.89064555994166,35.90739505544316,37.86533462799465,36.740065116438345
ABR,2023-10-06,10.973990764417351,10.613416752256173,10.723156929016113,28.809918516679545,33.923440993590575,35.72966813693578,37.90239171184476,36.59556809562547
ABR,2023-10-09,11.146439129494823,10.636931979272447,11.122922897338867,30.987339302225763,34.80290145222547,35.907444833159815,38.137155432273616,36.635941911447844
ABR,2023-10-10,11.389434381779289,11.028860373081796,11.342403411865234,31.195436469009124,34.78834714154058,35.687236049604905,38.19052509378566,36.63813009093937
ABR,2023-10-11,11.608916501208306,11.412952352452583,11.467822074890137,31.102677306634696,34.7214415431443,35.460823344964865,38.20856346369792,36.600501910286134
ABR,2023-10-12,11.546206674603464,11.07589319101473,11.216987609863281,31.590782133606442,34.29416151222834,35.01883985586265,38.295189877252064,36.28677606431941
ABR,2023-10-13,11.33456518790877,10.950475676626104,11.154277801513672,31.582217896573862,34.25608801606781,34.95329463773175,38.26551492065227,36.28927445583099
ABR,2023-10-16,11.530528406610934,11.22482412206917,11.444304466247559,32.39589659611385,34.709850796241014,35.16165641652413,38.344490155880784,36.3341602463407
ABR,2023-10-17,11.569722380229214,11.34240402000648,11.428627967834473,32.28533196055825,34.59411897211928,34.869304317593915,38.27583713332442,36.199504330157374
ABR,2023-10-18,11.326726586190137,11.107246969481947,11.209148406982422,32.61708725919368,34.671502342446594,35.03470494980221,38.26416173824857,36.21026374714612
ABR,2023-10-19,11.279695052961781,10.926959037780762,10.926959037780762,33.235360630522045,34.35553336526788,34.959227333061236,38.34274159089365,36.275584353835406
ABR,2023-10-20,11.177793299386005,10.856412270382213,10.973990440368652,33.18523814824915,34.08825460824281,34.96127739969906,38.32055208273052,36.25936039462778
ABR,2023-10-23,10.997507046274047,10.652610497612585,10.683964729309082,33.68861833217133,28.989127116543973,35.22800141345944,38.45061250716012,36.3284915377353
ABR,2023-10-24,10.926959949678448,10.683964838434623,10.778027534484863,33.77819559263526,28.035659421181634,35.13443089451361,38.279176096323184,36.33130239784109
ABR,2023-10-25,10.7937033617735,10.197972297668457,10.197972297668457,36.85234686075294,29.39284713753913,35.54250332531501,38.766105364223705,36.74321880020769
ABR,2023-10-26,10.386098105314973,9.978492386889148,10.0412015914917,36.44150734341151,29.49472888536187,35.591849571155315,38.75935787564912,36.47166336773988
ABR,2023-10-27,10.809379495982864,9.57088647015201,9.876590728759766,36.16597691671935,29.412181996656145,35.454951286439076,38.65386729713975,36.49608362353915
ABR,2023-10-30,10.002008039984995,9.555209374874108,9.759012222290039,36.08715974517466,29.216686901966632,35.343393937845086,38.63874529886716,36.47655595417485
ABR,2023-10-31,10.049040791698095,9.586565304833812,9.884430885314941,36.504317351367746,29.403138905310218,35.40735427245538,38.56507741143515,36.38682936026729
ABR,2023-11-01,9.939300374528097,9.516017906553698,9.719820022583008,36.46116780068884,29.450408602175393,35.49624629344516,38.604923475212125,36.42335127869298
ABR,2023-11-02,10.448808212419248,9.92362424095863,10.440969467163086,41.73180944994296,33.30099302796891,37.31434726559575,39.5261933753756,37.11500427782371
ABR,2023-11-03,11.060214827718426,10.080394213186693,10.103910446166992,42.54169359378475,33.80595172361555,37.62769752385148,39.70572473816393,37.165271641774744
ABR,2023-11-06,10.237165367511219,9.696304008869225,9.743335723876953,43.51237806553526,34.45021887229277,38.047440772153614,39.60115852630361,37.32010204793362
ABR,2023-11-07,9.95497759594921,9.696305005673887,9.892269134521484,43.933902836612944,34.68203409648943,38.122739886172766,39.606270330211764,36.12218194300513
ABR,2023-11-08,10.29987362845017,9.853074960697247,10.268519401550293,45.50437842765435,35.42928233530717,38.43742111430327,39.85944648026917,36.31534608356457
ABR,2023-11-09,10.487999508601664,9.97065436539315,10.08039379119873,44.76676509233022,35.499077789212144,38.223728907811186,39.91258069162338,36.34341030311188
ABR,2023-11-10,10.292035162720117,10.025523853103591,10.237165451049805,45.17906498828619,35.28526901039443,36.56826528467243,39.95295537438408,36.35345298469027
ABR,2023-11-13,10.284196771016264,10.143102367554551,10.174456596374512,42.928477810829335,35.28529959115114,36.37931898470075,39.942946656166065,35.94819719274179
ABR,2023-11-14,10.817219372993703,10.425291140258741,10.7388334274292,44.61934397101211,37.02844590080676,37.063449071014496,40.45543265516143,36.34889857203968
ABR,2023-11-15,10.856413383180952,10.527193576420864,10.8485746383667,44.24072373588167,37.04675410649864,36.94883127004658,40.467172584899934,36.32911915266953
ABR,2023-11-16,10.767674055843186,9.748344878746275,9.902052879333496,51.089203635345335,41.12209632724052,39.47749325111,41.885345914726265,37.4603477319231
ABR,2023-11-17,10.241829959260357,9.902053544084628,10.112391471862793,51.45195831313758,41.37582887050622,39.61558995636936,41.95408568486586,37.46090145110064
ABR,2023-11-20,10.160931494791983,9.910143841778657,10.031492233276367,50.155325777777236,41.33435169817889,39.561899788746146,41.94103868061049,37.459800582489635
ABR,2023-11-21,10.14475002314056,9.861602783203125,9.861602783203125,49.81902554048553,41.23332746841156,39.551544394429406,41.960073606673205,37.43786192338268
ABR,2023-11-22,9.99104237214687,9.81306407887763,9.845423698425293,49.60801716894758,41.08386595356188,39.459967327870714,41.91933393909614,37.41884085063721
ABR,2023-11-24,9.926323555303581,9.796884300092575,9.821154594421387,49.348021610798924,41.08392036364664,39.45945155619503,41.54037362112186,37.40258354259717
ABR,2023-11-27,9.991042103878979,9.707894861804027,9.73216438293457,49.36566450921771,41.09052577062991,39.233373579727015,41.25963348676237,37.38862952961723
ABR,2023-11-28,9.81306453826802,9.521827948705054,9.75643539428711,48.58376501430149,40.96876309878589,39.22850848966421,41.234854904702914,37.363228411878126
ABR,2023-11-29,10.088121270975492,9.732164683019072,9.780704498291016,48.62381995198647,40.956962224761504,38.64929883861205,40.39992509765549,37.36293323855707
ABR,2023-11-30,10.19329107199451,9.910143797739119,10.096211433410645,49.575664559002895,41.604905549571036,38.76822280241743,40.120203112092106,37.496616764342235
ABR,2023-12-01,10.90520145349024,9.99913136486459,10.872841835021973,53.94525048296113,44.53902507864806,40.57958945488687,41.04083060532432,38.19636271220517
ABR,2023-12-04,11.212618827819824,10.840482809328673,11.212618827819824,54.676323495480105,45.01779982869677,40.87077754806974,41.04460584826773,38.316374585267674
ABR,2023-12-05,11.285430621848487,10.937564821478611,11.058913230895996,54.23663556639801,45.06177077289911,40.903207288717994,40.595698275274145,38.34092264116523
ABR,2023-12-06,11.366328730723065,10.573516798938359,10.638236045837402,55.3948094623431,45.60390677122113,41.202653188783,40.86467481326802,38.45390712832231
ABR,2023-12-07,11.050821645250169,10.605876251358675,11.034642219543457,53.86502227348645,46.29401101339588,41.56451865879735,40.27362901948721,38.53618211611302
ABR,2023-12-08,11.139811885151582,10.897114312225087,11.042732238769531,53.59531402814146,46.18134278323423,41.23646516684902,40.12646015878971,38.5324329882198
ABR,2023-12-11,11.64138482275658,11.139810320626186,11.406777381896973,53.90937796980071,46.6561407938965,41.55907079856594,40.19979760609183,38.66456259063553
ABR,2023-12-12,11.665655007826443,11.30969839156998,11.479586601257324,53.67493428501125,46.572817033418204,41.56397335741968,40.19992655182449,38.66547444080832
ABR,2023-12-13,12.118689923364462,11.212619713614114,12.03779125213623,55.01442731806249,47.63015476839262,42.202951755001365,40.46236899531054,38.941631536300186
ABR,2023-12-14,12.98430978483038,12.32902726200895,12.701163291931152,56.19016663094914,48.742569035332764,42.99047898598116,40.90984766644366,39.29761691170918
ABR,2023-12-15,12.84678214805244,12.329027429784565,12.442286491394043,53.547217688117414,48.20131764880689,42.840074609279974,41.00067177168784,39.32706787518776
ABR,2023-12-18,12.749702466785797,12.345206836023664,12.426105499267578,52.33534798717528,48.20376636656395,42.67157105467304,40.791807755677766,39.30013341665208
ABR,2023-12-19,13.129930359155763,12.54745709300545,13.024762153625488,51.928228084912085,49.0853255580042,41.03404064126192,41.13257412114049,39.54082402257979
ABR,2023-12-20,13.073299017167248,12.523184697534282,12.531274795532227,53.742526841875716,49.77210914088909,40.9725132303587,41.34491023037228,39.736820512617946
ABR,2023-12-21,13.000490870975174,12.523185846503814,12.968132019042969,53.60389252470432,50.21368398122193,40.99605475501249,41.51158147297406,39.87333686304419
ABR,2023-12-22,13.194648016736627,12.612174820962327,12.749703407287598,53.54159477670342,50.10317395491308,41.07836734018366,41.461582379447584,39.86636522113968
ABR,2023-12-26,13.18655761761001,12.701163298868678,13.081389427185059,53.75006857995383,50.346085472124926,41.22891221408121,41.40351341079347,39.934923456563205
ABR,2023-12-27,13.227008151613713,12.9519509843413,13.016670227050781,53.72373760272647,49.11317675867565,41.18059941123978,41.40832895246523,39.933575597039386
ABR,2023-12-28,13.049028742432103,12.693072916653444,12.790152549743652,52.412159472018786,48.511402485830565,41.27598205485029,41.44054667318379,39.96674616311437
ABR,2023-12-29,12.749701910019693,12.183408205984998,12.280487060546875,54.09003720033495,49.06759434280409,41.72231262346093,41.67887527022137,40.040377185392934
ABR,2024-01-02,12.393747091091846,11.973071995167793,12.159139633178711,46.178813312144015,48.935241184427994,41.750500042068445,41.680076589448085,40.04997859308577
ABR,2024-01-03,12.118690258819703,11.72228467574002,11.884082794189453,46.75708074787367,49.09462556985705,41.89429124336017,41.7414379898349,40.11728073343025
ABR,2024-01-04,12.070149880023967,11.770823200972156,11.981161117553711,46.58854103307955,48.57443390948689,41.91743700998059,41.733084111742365,40.038822999821896
ABR,2024-01-05,12.062059985940762,11.6171146230423,11.778913497924805,46.58613747669594,48.56402572049489,41.99491114610922,41.309169460953285,40.036707055696894
ABR,2024-01-08,11.892173155082073,11.57666701003081,11.875993728637695,46.534605679218,48.54195567140979,41.8425516487233,41.28669448656565,40.02672992079978
ABR,2024-01-09,12.037791377700739,11.65756522726774,11.964982032775879,46.46188552903357,48.329240186089294,41.802007308604324,41.1895103025489,40.02284803440806
ABR,2024-01-10,12.264307361307287,11.940711166357564,12.248127937316895,46.46311397370923,48.52292971646946,41.71091839397382,41.18697751915233,40.084290768904374
ABR,2024-01-11,12.272399123559929,11.867903439254102,12.134870529174805,46.70194600238063,48.30946186524913,41.73887691390939,41.196313875885956,40.06860541988242
ABR,2024-01-12,12.393746286969625,11.811273115020237,11.900261878967285,47.32932331845379,48.49002600776541,41.814326253098066,41.27696064313375,40.11064337375166
ABR,2024-01-16,11.81127340578037,11.471496994688453,11.568575859069824,47.7459528260758,48.68066659077546,42.0129175551094,41.04020246923512,40.21406046533842
ABR,2024-01-17,11.600935184516686,11.23688925949711,11.398687362670898,43.22821885822699,48.48531513153427,41.961348291107356,40.836353604133976,40.22666361285887
ABR,2024-01-18,11.681833805378231,11.342058175778321,11.584754943847656,42.57407876854277,48.584145788581004,42.030862503276566,40.767167288485375,40.25483804608014
ABR,2024-01-19,11.851722978889374,11.366328631388583,11.843633651733398,42.754114255749016,48.42695131135683,42.166575893135224,40.83428553175429,40.30896696430968
ABR,2024-01-22,12.045880463653434,11.204529561448545,11.406777381896973,42.6553138797668,49.06615405807816,42.4968930293757,40.99313459890362,40.48942928872522
ABR,2024-01-23,11.503856567851514,11.23688949904501,11.253068923950195,41.61901887278072,47.74958659670098,42.48446529325971,41.009719139113834,40.5082318937563
ABR,2024-01-24,11.471497562636067,10.889023575995633,10.96992301940918,42.30264925454269,47.94621047151579,42.660178409485816,40.22330610321999,40.58106720306051
ABR,2024-01-25,11.107450952546172,10.897113786242471,11.018462181091309,41.187876395471484,47.8022151326263,42.66977118012479,39.98227876443814,40.58207417329685
ABR,2024-01-26,11.333969259106222,11.091271694226432,11.139811515808105,41.28205683060387,47.75043433668851,42.65815100061027,39.99058297669279,40.59068464908396
ABR,2024-01-29,11.560485383343275,11.107449926175544,11.528125762939453,40.093926396870934,48.15502535622817,42.99017754694731,40.17152036918022,40.708426925438715
ABR,2024-01-30,11.592845584946954,11.414867278045994,11.487676620483398,36.53438721691038,48.0036909641441,42.98128599269437,40.1704675135451,40.684088288880496
ABR,2024-01-31,11.366327900897385,10.735314903943165,10.759584426879883,40.4786594658055,47.832285233269445,44.19096111430705,40.882142254242815,41.1679861312649
ABR,2024-02-01,10.961831667460434,10.452167083861072,10.921381950378418,40.873333638003636,47.41080092487759,44.250434722465975,40.78379418350739,41.138044608684254
ABR,2024-02-02,10.945651879736497,10.298458696859495,10.395538330078125,39.885309833372624,47.923962023406816,44.88895256467821,41.09802925776485,41.404966909109106
ABR,2024-02-05,10.363178988419637,9.910143516758692,10.306549072265625,38.78443170334883,47.87300002127351,44.8469335367624,40.93875514432427,41.39594080719174
ABR,2024-02-06,10.524977536538108,10.128571964424545,10.160931587219238,36.851925557852965,47.35053834177568,44.88616698251938,40.83859027023627,41.41917171470031
ABR,2024-02-07,10.185201029534088,9.707896018514827,9.910143852233887,37.09130610995308,47.47651024977345,44.96202605859799,40.65998114107279,41.37235679716788
ABR,2024-02-08,10.007222382878291,9.64317644874484,9.804974555969238,35.65746256445286,47.40876052510916,44.937899381084584,40.632184218851116,41.33814982678602
ABR,2024-02-09,10.055760571279194,9.796882870156738,9.974861145019531,36.47620505865316,47.535533449659845,44.98442262561848,40.68061835016429,41.342984056406216
ABR,2024-02-12,10.427899164633352,9.982953751386466,10.249920845031738,37.83174430427278,46.534732511943055,45.22318110469213,40.678847554579804,41.33041665730107
ABR,2024-02-13,10.047671978699453,9.740255193005689,9.87778377532959,37.56435042020895,47.061350947716434,45.489966542016504,40.91987682797822,41.4691582560858
ABR,2024-02-14,10.363178988419637,9.82924407740395,10.306549072265625,40.21894711524776,44.05718093204036,45.61879311560409,41.05117430072797,41.62092479688566
ABR,2024-02-15,10.856662562120013,10.27418865009849,10.613965034484863,41.10079369079669,44.25531881982849,45.87562915199845,41.19339925810838,41.71934683852574
ABR,2024-02-16,11.487678264258317,10.54115822016276,11.317790031433105,45.49006678390948,46.07771601898078,47.01594068919126,41.87022807399751,42.20484944517213
ABR,2024-02-20,11.285427982887446,10.694864730264515,10.848572731018066,46.794699098706246,46.80979037807346,47.4855056272817,42.12608470622951,42.412219464786425
ABR,2024-02-21,10.856664049155974,10.524977716946374,10.5816068649292,47.104881127086834,47.12040672634992,47.623249119891106,41.90098152103768,42.268183049209526
ABR,2024-02-22,10.589696133815638,10.298458774978974,10.38744831085205,47.16462527651633,47.28832203595607,47.507138725838,41.94388080532244,42.279990786640035
ABR,2024-02-23,10.646324148983416,10.249918643152235,10.524975776672363,46.72591959373361,47.306519874356404,47.5620896649953,41.870004630638206,42.30110735749321
ABR,2024-02-26,10.638236486589815,10.371269389191985,10.492618560791016,46.71166485240674,47.31432890993013,46.86004879960469,41.80388932334907,42.29942858997871
ABR,2024-02-27,10.848573856115376,10.53306772408082,10.711045265197754,47.0625718417662,47.48055507855167,46.561947704380195,41.87320099358083,42.34742973467988
ABR,2024-02-28,10.743403972316557,10.541156152505929,10.64632511138916,46.48394125310075,47.08282927799969,46.441231879158224,41.87797137093715,42.34032418502394
ABR,2024-02-29,10.864753005387582,10.686774709924242,10.840482711791992,46.72054685956312,44.700878041063994,46.381384162511985,41.9297488356971,42.37791505541413
ABR,2024-03-01,10.840484426220538,10.556308151497456,10.798693656921387,46.414713024375295,44.24207260052149,46.33313374128049,41.91338925256531,42.375431910807826
ABR,2024-03-04,10.80705035577761,10.405860146367631,10.447650909423828,46.642585626094565,44.6606949415918,46.25442136383581,42.09249657862854,42.50404754394427
ABR,2024-03-05,10.698395533193024,10.322280230252277,10.656604766845703,46.032840208923766,44.15184824655953,46.25735429634874,42.154601811111824,42.54537010706675
ABR,2024-03-06,10.890631171041969,10.589739109421057,10.698394775390625,45.93869107697707,43.4993375745987,46.225716474046436,42.070358818646625,42.53220226350584
ABR,2024-03-07,10.85719960960072,10.623172431381498,10.790334701538086,45.46323588924518,43.53846686383468,46.12023293853198,41.914126108154925,42.52047506148885
ABR,2024-03-08,10.999287538541532,10.70675377035887,10.748543739318848,45.448079939545934,43.002003523461305,46.11607586327788,41.06140399536043,42.49162754967799
ABR,2024-03-11,10.924065167726217,10.681679662302287,10.798693656921387,45.342762021316034,42.990953125345094,45.93433504521612,40.96220759566406,42.22216861750957
ABR,2024-03-12,10.915708038566036,10.648247583824004,10.882275581359863,44.18465874548777,41.83160429489149,45.95297558714457,40.80504838063741,42.01781543366514
ABR,2024-03-13,10.999288133826772,10.865558312895187,10.873916625976562,44.183223970920864,40.21291532917613,45.85298014647442,40.73019051865347,41.99867752385219
ABR,2024-03-14,10.865558398862088,10.506158904445476,10.598098754882812,40.558980950876,40.32386184653247,45.85571921459755,40.73150524147069,41.49406211896302
ABR,2024-03-15,10.857199805459995,10.564666026681927,10.832125663757324,40.83619599876652,40.63523450231237,45.98494732128046,40.80773322697771,41.2355754456751
ABR,2024-03-18,10.865557347329903,10.664962633758329,10.69003677368164,38.328658297593485,39.36679254043629,45.83487504810247,40.80350872623384,41.25837683686301
ABR,2024-03-19,10.698394621058746,10.472724980279121,10.539589881896973,38.4828834935583,38.743451356433475,45.86792117091928,40.79275198234873,41.18889944355285
ABR,2024-03-20,10.907347143911954,10.4643669914824,10.84883975982666,39.05164357499537,38.53937627087852,45.23723407498175,40.8976732916802,40.93014054808036
ABR,2024-03-21,11.141376925434534,10.86555895421045,10.882275581359863,38.19224335432072,38.447026253194956,45.164881217282876,40.89963246852256,40.9251882704096
ABR,2024-03-22,10.949139771901107,10.67332181891194,10.781976699829102,38.15018559062925,38.01204413716556,45.108569284239515,40.77125192987449,40.37047364814388
ABR,2024-03-25,10.965855146458729,10.798692878406056,10.815408706665039,37.9183570334374,38.032159658129046,45.06268138057033,40.76994336626606,40.27030934935968
ABR,2024-03-26,10.932423107564,10.706754236405402,10.74018669128418,37.287692063147716,37.92192339174454,45.04074295303909,40.48573028864068,40.20978730033692
ABR,2024-03-27,11.21659864587666,10.807050900872348,11.191524505615234,37.147452161484686,38.14977276525103,45.40173181535949,40.666235944327724,40.40602538447571
ABR,2024-03-28,11.224957010797707,10.990929043621982,11.07451057434082,35.53650639788295,38.155402662465384,44.02180926103451,40.67731628222943,40.35780142870718
ABR,2024-04-01,11.10794353394478,10.8404838987913,10.924064636230469,34.87971246448536,37.98194085285775,43.75619793583217,40.695876348855556,40.37760077691148
ABR,2024-04-02,10.890631926561884,10.723469658509211,10.815408706665039,29.385261343486906,37.969202838690656,43.38561782237806,40.69939640252543,40.39269318782331
ABR,2024-04-03,10.898989478579626,10.656604007546582,10.857198715209961,26.738757729689755,37.850349304851676,43.328988213695254,40.62843995553994,40.230540224636755
ABR,2024-04-04,10.98257173169589,10.723469619341204,10.773618698120117,25.792804638454154,37.819209399955724,42.9542697036592,40.59492129525517,40.238373011276195
ABR,2024-04-05,10.857199805459995,10.59809848131635,10.832125663757324,25.17663397639725,37.80050131239986,42.85304128343439,40.42112131544123,40.19334148224479
ABR,2024-04-08,10.9407814788581,10.773619203573439,10.807051658630371,24.94714671099627,37.43836763353661,42.79050507621718,40.404669001012884,40.19209994728526
ABR,2024-04-09,10.924063617764421,10.781975500563066,10.857198715209961,24.94083984449124,37.432650641525356,42.78183219805533,40.4029046384282,40.11811721420718
ABR,2024-04-10,10.681677931366218,10.188548687150218,10.313920974731445,28.51996967255861,38.622760682241186,42.706363046790784,40.807743073857786,40.363815639270314
ABR,2024-04-11,10.405861036894498,9.996313277498452,10.380786895751953,28.56767651469756,38.28298057827373,42.68706431853568,40.78108652198052,40.360735167433184
ABR,2024-04-12,10.347354438117282,10.121684776638382,10.196907997131348,28.39865395748104,38.33274769707353,40.22995374507849,40.65572509519987,40.38353875761482
ABR,2024-04-15,10.3222801195144,10.088252149317094,10.180191993713379,28.393565523697905,38.147890553069,40.09338133824816,40.56617831192831,40.33426746463837
ABR,2024-04-16,10.155116973625427,9.987954708476654,10.088252067565918,26.92522822236045,37.83500130075216,40.099069028811975,39.19600391018479,40.33277964923987
ABR,2024-04-17,10.297205160419214,10.130042894261608,10.15511703491211,26.296451359359246,37.171557066675604,40.017608741784926,38.92424448681385,40.2957454416773
ABR,2024-04-18,10.522876673778716,10.171835454378066,10.430936813354492,27.52181979729836,37.5507199259885,40.23667590855831,38.88165502717571,40.37017583988368
ABR,2024-04-19,10.639888845326652,10.364070885117842,10.54794979095459,27.609109325641974,37.291230052883414,40.26853339040489,38.904433978803596,40.0087579405954
ABR,2024-04-22,10.740186946768793,10.497801443858707,10.664963722229004,27.80017223085252,37.354254769333636,40.27044797292261,38.89610472177058,40.00322266139865
ABR,2024-04-23,11.066153020958298,10.648246932881994,11.032720565795898,29.490387542638384,37.947278904187215,40.60900786483704,39.07518317480721,40.068410000800405
ABR,2024-04-24,11.024362926666605,10.698396668179589,10.882275581359863,29.70235712026128,37.357756836228205,40.67776868420099,39.10379567958887,40.045606069872896
ABR,2024-04-25,10.781975943798502,10.456009729718517,10.481083869934082,31.636500880587636,38.10145200801789,40.834819611170886,39.31457161249865,40.22641211503011
ABR,2024-04-26,10.83212668697734,10.506159625680883,10.715112686157227,31.45562736676376,35.99170160164938,39.24795391265686,39.40939511614969,40.27799049059202
ABR,2024-04-29,10.932423868622795,10.790335726223399,10.882275581359863,31.130576024682306,36.001749206350844,39.01570955672703,39.451323378931036,40.00288468661305
ABR,2024-04-30,10.865556896001927,10.631529739889325,10.723468780517578,31.189343932337867,34.650759786887825,39.02387694605892,39.485362067277656,39.84300554938391
ABR,2024-05-01,11.016004246531113,10.564665723377697,10.840483665466309,31.036864042125146,34.66150266349553,38.571071442525295,39.50775691045152,39.783032078500916
ABR,2024-05-02,11.14137469932692,10.865556783212766,10.932421684265137,29.982231187962306,34.55172089299767,38.15155870231365,39.42173396303188,39.78654055378962
ABR,2024-05-03,11.400477798847433,10.614813946230694,10.773618698120117,30.275327430011107,34.28023301236101,38.221000357317294,39.424240381356526,39.742517859490505
ABR,2024-05-06,11.216598510742188,10.873915675291922,11.216598510742188,32.341935719651474,35.09572974194531,38.4119423182884,39.57666612368491,39.91908112875018
ABR,2024-05-07,11.316898297577891,11.191526773769537,11.250033378601074,32.341383056143854,34.95798671741466,38.40104701927556,39.57808430890829,39.24359472366929
ABR,2024-05-08,11.400478423934315,11.124660468258636,11.283464431762695,32.24810742783483,34.56248308838718,37.63665129002159,39.55358718309155,39.06436833739173
ABR,2024-05-09,11.199881080919212,10.531232082786856,10.731826782226562,33.36130715968253,35.28649961616475,37.430811411402246,39.967683243951946,39.38891905717388
ABR,2024-05-10,10.990929565282075,10.690037475179674,10.949139595031738,33.80857475823705,34.45978346852884,37.46420343291296,39.97448535272319,39.42988662932692
ABR,2024-05-13,11.851817087044507,11.049437354265466,11.417194366455078,35.68968794636792,34.98910223719076,38.08491062740145,40.27969329725717,39.640270167369245
ABR,2024-05-14,12.938371694115437,11.86017405293915,12.620763778686523,45.54705410071793,38.37350659958367,40.63691483669041,41.99197202818938,40.823799557865335
ABR,2024-05-15,12.771209763421055,12.052411582541799,12.269722938537598,46.56270435736832,37.783613087111945,40.42002259327745,42.08366534227685,40.837357577782456
ABR,2024-05-16,12.20083982596787,11.761712721501286,11.890868186950684,47.576302737981734,38.00264592681053,40.33765437300504,42.21621479460316,40.880730906465224
ABR,2024-05-17,12.011411702156874,11.821984188321899,11.959750175476074,47.57781672999942,37.76933369533139,40.26789847339375,42.22149737766883,40.76224339830489
ABR,2024-05-20,12.03724379251366,11.882258374240113,11.933919906616211,47.57624373554892,37.71259037892729,40.046584711291906,42.222079312760776,40.66906782694741
ABR,2024-05-21,11.968360084085257,11.821984387448868,11.87364673614502,47.63571923470576,37.72640588999096,40.04685441330078,42.19867630313026,40.46041333163667
ABR,2024-05-22,11.865037934726347,11.606727795940387,11.615338325500488,45.43688018948663,37.84204975710942,40.099965888047635,42.2522416174681,40.49310766836625
ABR,2024-05-23,11.632558892379151,11.29675564405267,11.39146900177002,45.93140316414557,38.05322503890552,39.70495459186173,42.30547027840887,40.54287581420685
ABR,2024-05-24,11.589507512484294,11.374249201198289,11.512014389038086,45.54059377549929,37.940957338320366,39.717374848956176,42.32477697019123,40.4616013959323
ABR,2024-05-28,11.641169049363945,11.391468637542914,11.4173002243042,45.65269253562923,37.97574079736437,39.57566312590933,42.32733587084754,40.47173547459894
ABR,2024-05-29,11.374247990204738,11.17620993791078,11.24509334564209,45.837193005554305,37.46640029103083,39.620867448704914,42.35787763888299,40.38024941540944
ABR,2024-05-30,11.649778008535796,11.348416905993062,11.58089542388916,46.43957642175153,37.72120434464368,39.81739309526397,42.46752119954185,40.482213910020775
ABR,2024-05-31,11.873646874126333,11.555064713375888,11.77893352508545,46.11314979907159,37.85299389664647,39.8883952732523,42.51187361610438,40.50984139302805
ABR,2024-06-03,12.192230634218648,11.959752084751452,12.114737510681152,46.599381796447915,38.216760009113955,40.1217748488027,42.61120182745269,40.56179908896311
ABR,2024-06-04,12.11473628678724,11.821984881285438,11.847816467285156,47.19712996448745,38.52102787451551,40.10268138302756,42.67399888237621,40.38513507696913
ABR,2024-06-05,12.25250076666967,11.813374504442182,12.209449768066406,46.995176276593824,38.95604117166066,40.36472152422841,42.778430723814544,40.48276375883824
ABR,2024-06-06,12.183619041883167,12.037243337113246,12.157788276672363,46.774943162316575,38.958816901467316,40.248721556425636,42.78119662828218,40.413264891167124
ABR,2024-06-07,11.994192054847412,11.468961307263559,11.641168594360352,47.25239293088123,40.0466257413198,40.59212045848275,43.03268665538077,40.6041463350718
ABR,2024-06-10,11.701440819913474,11.48618252910166,11.60672664642334,46.95306011504099,39.665339738861235,40.52529073187555,42.770485966632585,40.602921587531945
ABR,2024-06-11,11.649777546198983,11.451740328485572,11.55506420135498,46.83564104117892,39.45535414192679,40.45013984064034,42.77338798224583,40.604503678580485
ABR,2024-06-12,12.123346449911557,11.710050940120228,11.77893352508545,46.81549323269877,39.51301801258432,40.41222245340272,42.82633922888853,40.6458382060456
ABR,2024-06-13,11.951140506842433,11.606726745904437,11.908088684082031,46.81624574323109,39.41911425829568,39.99697443486399,42.84252803900875,40.646532787165455
ABR,2024-06-14,11.890867995972071,11.71005100416317,11.787543296813965,46.94344076704355,39.093138863711744,39.970373340777996,42.85115078717125,40.6576323749629
ABR,2024-06-17,12.114737054638676,11.71866174346974,12.088906288146973,47.10050030260257,39.396961785887704,39.943322921092935,42.84531345113894,40.731255639921045
ABR,2024-06-18,12.123346268171865,11.985581100306645,12.02002239227295,45.877848645387644,39.36132170538127,39.95345856862788,42.848951649219444,40.66913837804516
ABR,2024-06-20,12.15778801559669,12.037243078626148,12.140567779541016,45.93159764145608,39.39617291565051,39.94749858199295,42.41326769726697,40.55285386199198
ABR,2024-06-21,12.226670864664655,12.097516217465415,12.157788276672363,45.932539475170124,39.35265877970231,39.58702724669919,42.14498693674972,39.93216020259152
ABR,2024-06-24,12.295552849812768,12.106126152694067,12.226670265197754,43.140729075377834,38.50961868807357,39.58991323070294,42.06365195704537,39.85688804963644
ABR,2024-06-25,12.252501065869001,12.140567481392965,12.175008773803711,42.94640490706551,38.447619670503094,38.15476707394931,41.98190822854785,39.73399340823817
ABR,2024-06-26,12.286943799605554,12.114736507714522,12.261112213134766,41.40457377687281,38.33077834431587,38.103277049667774,41.953526557073204,39.68648361631856
ABR,2024-06-27,12.243891716003418,12.054464191642662,12.243891716003418,29.218745697324945,38.25702754759249,37.23598968650768,41.73666093927261,39.60788137105143
ABR,2024-06-28,12.39887737966122,12.235281437871878,12.355826377868652,28.183436733988724,38.28258782908764,37.218161036872054,41.68798162842439,39.61305921776348
ABR,2024-07-01,12.467759110283763,12.028632845731089,12.218059539794922,26.79101336443867,38.32764553397449,37.18812900680032,41.691893770189296,39.6074860633277
ABR,2024-07-02,12.588305317919684,12.200840541149713,12.528033256530762,27.663966876303924,38.61053019976942,37.11740499899845,41.707594249773656,39.655085796405885
ABR,2024-07-03,12.726069091044419,12.519421342447295,12.657186508178711,27.753259171674543,38.630561018008876,37.079284765478,41.71651829486037,39.638887802127115
ABR,2024-07-05,12.941329009643741,12.605526580856676,12.691629409790039,27.673627526904752,38.62832932172872,37.0050869251225,41.61139631150983,39.639555323863455
ABR,2024-07-08,12.863835571619164,12.691629096853259,12.820784568786621,26.782730850960057,36.98141327545347,36.81264487266003,41.626058162191086,39.541329543863185
ABR,2024-07-09,12.9327183222117,12.708849505876126,12.78634262084961,25.973487690087666,36.998997006712145,36.281340860417316,41.55977419633703,39.541042417646274
ABR,2024-07-10,13.044652023445588,12.786342732799305,12.992990493774414,26.144919059128252,36.81552160406682,35.780136637026104,41.48121251270743,39.36582013366983
ABR,2024-07-11,13.389065348453064,13.173807065748498,13.371844291687012,26.823502802940308,37.14042651942609,35.767767886195664,41.609515872735955,39.38579060470982
ABR,2024-07-12,13.69042686805394,10.547656173413351,11.09871768951416,61.54627541322937,53.899223496728624,45.51438943773849,47.04178782931191,43.5851579268374
ABR,2024-07-15,11.606726590515487,10.341008437863344,11.503402709960938,61.84275502038893,54.345814222789876,45.36291024927551,47.21955475684611,43.727791670517746
ABR,2024-07-16,11.88225786400138,11.322585812991639,11.804764747619629,62.11097315809858,54.32792720197873,45.352426371600814,46.84734880662062,43.796686032784365
ABR,2024-07-17,12.0889067764172,11.417301072489938,11.615338325500488,61.69870496818842,54.42121351431782,45.32815951752863,46.850773298106645,43.779133591184085
ABR,2024-07-18,11.65838866097629,11.081496392562311,11.236482620239258,62.09795151036845,54.846255474322916,45.61049534567129,46.97857501498405,43.876478468453236
ABR,2024-07-19,11.382858282078272,11.167599998187244,11.2881441116333,61.39811932569806,54.4195568497582,45.610758679634145,46.956446112013275,43.76334157935045
ABR,2024-07-22,11.546455123237468,11.236483465705579,11.529234886169434,61.778981745893326,54.50238835912581,45.616708555920944,46.996847189506944,43.8046190685867
ABR,2024-07-23,11.65838877995883,11.374247907081353,11.443130493164062,60.53918845450524,53.940045034723404,45.62272254815803,46.960554382914786,43.805046643502635
ABR,2024-07-24,11.434519446474159,11.219261169433594,11.219261169433594,60.791981893689474,53.93846137913236,45.65173511558204,46.26397808266163,43.82277991771693
ABR,2024-07-25,11.468960737954843,11.167599642785149,11.219261169433594,60.784501045408014,53.85132292022833,45.6467946819044,46.09493165990503,43.79671323303895
ABR,2024-07-26,11.761712372218431,11.33119580912906,11.72727108001709,61.93254636858016,54.49276331526912,45.855457938315766,46.172857412996535,43.9143394225219
ABR,2024-07-29,11.856427147630319,11.598117032345051,11.6583890914917,61.86337313547984,54.47794249002859,45.77081741452664,46.149294631180375,43.85423906614132
ABR,2024-07-30,11.761712869772966,11.649778460097156,11.701440811157227,61.80944096452884,54.4596820612328,45.77044956991501,45.946784416584904,42.97078458475527
ABR,2024-07-31,11.89086777259945,11.623947143554688,11.623947143554688,61.356043235377065,54.385469512557464,45.76929919684244,45.89838996479912,42.78181391111357
ABR,2024-08-01,11.70144199593794,11.305366668191821,11.365638732910156,61.65217051122396,53.9813462996814,45.91205672979146,45.9472693047589,42.71371188327056
ABR,2024-08-02,11.933919018394219,11.072885878855512,11.48618221282959,61.6619306046693,54.020165056357094,45.93497828897973,45.95532766728471,42.72451011553145
ABR,2024-08-05,11.503403312077399,10.892069704272032,11.434520721435547,61.65858657561726,54.026395591880394,45.92790204929967,45.5191078028493,42.70616264313025
ABR,2024-08-06,11.787544397834328,11.348418080548958,11.692831039428711,62.02817778081763,53.17653395985115,46.058023527683446,45.578813509364586,42.74294955631924
ABR,2024-08-07,11.8305949747317,11.365637118729214,11.425909996032715,62.34073880230974,53.26628827873042,46.02189758687085,44.3445852256619,42.802845763667676
ABR,2024-08-08,11.718660689903883,11.434519820605026,11.63255786895752,62.55900361007043,52.699370798757194,45.98038550970573,44.32622076335328,42.820919242231845
ABR,2024-08-09,11.787542973691645,11.598116279766494,11.666998863220215,62.57388761212378,48.41926644069898,45.92741371509661,44.31454000907211,42.82216078257202
ABR,2024-08-12,11.839207120730247,11.494794151130757,11.512014389038086,62.578659819243946,48.16201601900182,45.9209127176692,44.29560023894034,42.838917914364266
ABR,2024-08-13,11.701440454172687,11.546454226865968,11.63255786895752,62.626679396511356,47.79903607868176,45.72688242115602,44.308989705901006,42.85251142198122
ABR,2024-08-14,11.770323596188229,11.598117125004011,11.710051536560059,62.17047186578119,47.804103106584996,45.73509797498028,44.3122707053415,42.85627310026944
ABR,2024-08-15,12.028633822050702,11.692830584353185,11.916699409484863,62.332150038866764,47.941822054563296,45.78346289398407,44.33883005753837,42.82354742816301
ABR,2024-08-16,11.970018382764476,11.765630104403836,11.890040397644043,62.31603880369191,47.932636411872025,45.78508199072798,44.34031142670327,42.801038360717875
ABR,2024-08-19,11.8544931113064,11.570127733905863,11.694537162780762,62.338651617599815,47.83914193637156,45.8526996188672,44.389271028392315,42.7357317168006
ABR,2024-08-20,11.65899155309798,11.454604148864746,11.454604148864746,62.54813750050667,47.86200893023567,45.519044203003965,44.31160499327657,42.78559445692824
ABR,2024-08-21,11.712309760056112,11.507921521004699,11.685649871826172,62.66619082898849,47.988900546094854,45.59304137283065,43.50465742847845,42.81598004801645
ABR,2024-08-22,11.765628507130895,11.641219078255999,11.694537162780762,61.93433396835678,47.95616628272904,45.53602977363643,43.354362104678685,42.799649333743666
ABR,2024-08-23,11.987789496465277,11.703424111322807,11.845606803894043,29.55066933553735,47.910833851863465,45.543990371849475,43.34751317271876,42.77617216377932
ABR,2024-08-26,12.058880868377269,11.890039132459044,12.005562782287598,28.007511749504864,47.61464856890785,45.58497671543572,43.122978359619864,42.79240168088746
ABR,2024-08-27,12.138859414240162,11.934471995518829,12.094427108764648,27.103868355832628,47.514459808670175,45.57437027922435,42.918522631768305,42.792871563318336
ABR,2024-08-28,12.138858518259182,12.005562459147088,12.041108131408691,26.674417472479277,47.171800329914525,45.57771234589107,42.922472761234495,42.76497082145802
ABR,2024-08-29,12.307702715925897,12.09442780682881,12.156633377075195,24.692161337467734,46.98327033681316,45.5942641377553,42.76774799491841,42.755106083149805
ABR,2024-08-30,12.272156736344146,11.97890384950206,12.085541725158691,24.80550504552835,46.5905848349503,45.60447001361313,42.768033630443234,42.75830514763498
ABR,2024-09-03,12.01444877668851,11.658991215839208,11.783401489257812,25.38352003388919,46.86865194039813,45.02682970129141,42.50367125932954,42.83235639265534
ABR,2024-09-04,11.836720841453154,11.552355440269526,11.58790111541748,25.781429122706566,46.138647079670385,45.11001018423643,42.06387625978975,42.844961605073124
ABR,2024-09-05,11.72119656121901,11.552354825125711,11.632332801818848,25.07398943182028,46.141487109228315,45.009112788618594,41.998924147001375,42.829728709614294
ABR,2024-09-06,11.916697794745525,11.650104830388162,11.907811164855957,25.88090410526776,46.37829236446652,45.14263802991664,42.09288360572005,42.88991586515671
ABR,2024-09-09,11.987789846519028,11.730083496839494,11.970017433166504,22.601389531103543,46.22594405948466,45.113878716070225,41.72060156262049,42.89262321916585
ABR,2024-09-10,12.094426216063258,11.827834097839071,12.041108131408691,22.5620911521523,46.18822983588158,45.112118385285974,41.47930221727106,42.892061883810804
ABR,2024-09-11,12.005562074046255,11.747855746547122,11.94335651397705,22.703527986716647,46.17070474565732,44.9581393180401,41.285965703013915,42.89638393510865
ABR,2024-09-12,12.449884707984893,11.658992382259385,12.440998077392578,25.3824531489516,46.63932472535144,45.367568889013924,41.526042555179224,43.06306470106808
ABR,2024-09-13,12.911977166165595,12.449883439626605,12.849772453308105,25.70874202495674,47.073208511838544,45.60500951169332,41.59161199458699,43.17994432599519
ABR,2024-09-16,13.009729079730484,12.814227453747355,12.938637733459473,25.650673710954585,47.052621844999116,45.32270485365787,41.59575348208126,43.16308786808377
ABR,2024-09-17,13.1430260844335,12.95641107522346,13.045275688171387,25.550065096092368,47.07539325564358,45.26766720242432,41.55464775848104,43.15928430953268
ABR,2024-09-18,13.55180199715776,13.054161682077709,13.356300354003906,25.627063334268108,47.29076753751429,44.95313707986028,41.361871854043095,43.18812343941622
ABR,2024-09-19,13.596233979992764,13.382959927536001,13.471823692321777,24.279862929859355,47.297833971508155,44.8539358878556,41.35444155263506,43.19609320567528
ABR,2024-09-20,13.462936453383373,13.258549040881553,13.32964038848877,24.418147396622867,47.35076305729055,44.849849074246315,41.28190302623544,43.16847204505143
ABR,2024-09-23,13.507368380560115,13.249662040806772,13.498481750488281,24.52319981626075,47.40225135564332,44.79992470880204,41.296642725695754,42.99272159068082
ABR,2024-09-24,13.853939041250523,13.516254732744676,13.773961067199707,24.283463781275206,47.531454925510474,44.86988546510794,41.30708872170473,43.03741424102371
ABR,2024-09-25,13.809507666003764,13.525142270273932,13.534028053283691,25.177563661560615,47.623671260998506,44.970562790173666,41.35521150495599,43.06973145177495
ABR,2024-09-26,13.853938747132403,13.676210390501346,13.78284740447998,25.46322020843234,47.50097112863177,44.96114735755724,41.39942599931158,43.103055080381786
ABR,2024-09-27,13.99612330777616,13.800621665548931,13.916145324707031,25.24051720904432,47.49622640016352,44.56613828067649,41.325597459105914,43.10703748002791
ABR,2024-09-30,14.164964483661455,13.782848693049292,13.82728099822998,25.375334978045732,47.52369343188216,44.58662913383059,41.31718199498081,43.03827207864227
ABR,2024-10-01,13.83616637009241,13.649551371860063,13.75618839263916,24.737888410975053,47.50742982444475,44.60107456610375,41.252979002877574,43.040362087268576
ABR,2024-10-02,13.809508058477771,13.320754385069671,13.36518669128418,25.57943346273923,47.898807895804325,44.0931311009931,41.25866387183634,42.81733672870266
ABR,2024-10-03,13.42739049762335,13.231889719546603,13.41850471496582,25.19084578437147,47.798018244290965,44.00121543389139,41.218535363822646,42.62685987518406
ABR,2024-10-04,13.622893009010031,13.294095299981812,13.311867713928223,25.433036873289282,47.463794317030136,43.56205972705549,41.191553050802106,42.57500399058578
ABR,2024-10-07,13.294093789387015,13.027500830677553,13.116365432739258,25.885670784023944,27.559733193760604,40.65914940120742,41.15391923498216,42.54393985037839
ABR,2024-10-08,13.285207410206118,13.071933378207081,13.240775108337402,25.77747464633496,26.72714026856074,40.4237669193338,40.915657147500156,42.52766772748966
ABR,2024-10-09,13.534027190933214,13.143024796718276,13.454050064086914,26.016220471542255,26.43087390027633,40.16384464519195,40.9186639226507,42.40335857819715
ABR,2024-10-10,13.658439376516945,13.365187327996816,13.640666961669922,26.06625316629314,26.254590802849943,40.20691697137906,40.82460483982611,42.38163152708064
ABR,2024-10-11,13.622892751439979,13.356299767478335,13.374073028564453,26.908291694157015,25.608119666379896,40.342181292493315,40.89787307629745,42.41832181036749
ABR,2024-10-14,13.569575236994915,13.365186963239571,13.542915344238281,26.89948730905855,25.682312893318667,40.37010072251708,40.90372099318125,42.37347212928788
ABR,2024-10-15,13.70287070794424,13.471823399074188,13.48071002960205,25.589419377128664,25.448233854869102,40.208564286773765,40.71797760015446,42.37208140262424
ABR,2024-10-16,13.818394339120813,13.569574617089568,13.587347030639648,24.79821311975892,25.382525540132395,40.07997587638704,40.723024697127194,42.30434046300636
ABR,2024-10-17,13.62289202906688,13.302980973762082,13.498481750488281,25.0337251027746,25.021749983630343,40.07666515726591,39.95990541506405,42.31005278608571
ABR,2024-10-18,13.738415673662788,13.471822703913503,13.685096740722656,24.56689212004955,25.1075768925142,40.091085187727906,39.954400114992424,42.28208956377368
ABR,2024-10-21,13.7028710320484,13.338527646545776,13.36518669128418,25.8967485497686,24.216837588587754,40.204722673225,39.61050740721677,42.27098436577556
ABR,2024-10-22,13.62289303237764,13.294095322785427,13.551801681518555,26.05849939857708,24.274057966710654,40.00726416396982,39.61989627142546,42.28976269465839
ABR,2024-10-23,13.622892999407709,13.391845685936978,13.578460693359375,25.814414589988,24.273053574419006,39.931234568845966,39.575574486716,42.19886430387915
ABR,2024-10-24,13.756187792206688,13.516254717795286,13.69398307800293,23.427061222532217,24.228007525226445,39.71825873380429,39.45679335983709,42.19832831276635
ABR,2024-10-25,13.818393037146516,13.427389806176446,13.43627643585205,22.589227497797857,24.083662405640553,39.67222639567129,39.50611736977314,41.86706799828121
ABR,2024-10-28,13.596232986327069,13.436277034936825,13.498481750488281,22.551549986570826,24.032649540672953,39.40663335049664,39.46499672843591,41.83536702831229
ABR,2024-10-29,13.489595366430024,13.267434709393829,13.43627643585205,22.52205591548295,24.034081845702886,39.40796202947261,39.354742774477415,41.80170549865521
ABR,2024-10-30,13.61400541668099,13.374072336759617,13.391844749450684,21.504867781955376,23.71105833418333,38.76624071271456,39.091965957269196,41.78321737599872
ABR,2024-10-31,13.445163704722702,13.089706128080628,13.098592758178711,22.278858605285617,23.668378623957757,38.940348144721895,38.88978396706637,41.832447546039425
ABR,2024-11-01,13.66732507097258,13.036388708843019,13.187458038330078,22.19213766151009,23.462841218260042,38.939503738723865,38.75185409502966,41.797494827326624
ABR,2024-11-04,13.249662408364543,12.929751344185119,13.063047409057617,21.99431439027108,23.58135367489259,38.87053729036886,38.039635922441576,41.20939297936246
ABR,2024-11-05,13.329640345403739,13.036388325602914,13.276321411132812,21.6856014258574,23.542800461177197,38.91377181829716,37.734395163013254,41.098241561169594
ABR,2024-11-06,13.862827300017262,13.071934943944319,13.356300354003906,21.212778569554683,23.49577038708952,38.87932848220421,37.61117912160385,40.92892654905314
ABR,2024-11-07,13.605119382811603,13.329639787644323,13.454050064086914,20.605344495917112,23.501292167125882,38.70133471844988,37.543692244104065,40.90960680242598
ABR,2024-11-08,13.898372273083913,13.462936701616401,13.800621032714844,21.77676394883418,23.77508448506437,38.877809331071624,37.625672222257016,40.82138984922559
ABR,2024-11-11,14.005009676416568,13.800621407125425,13.898372650146484,21.797141680090462,23.77317313813251,38.86413144338463,37.62740195819493,40.77775840731122
ABR,2024-11-12,13.97834846979564,13.720642135340606,13.773961067199707,21.90670263133172,23.561618891684493,38.89879982786427,37.57946556873345,40.76576430542967
ABR,2024-11-13,13.916143724558882,13.614005088806152,13.614005088806152,20.457913348879543,23.247709881446564,38.94614187803903,37.60104544808379,40.77950528764981
ABR,2024-11-14,13.711756729556635,13.391844824566151,13.41850471496582,20.8881445528144,23.237507189116076,39.01543594450633,37.59460585361099,40.46244074328056
ABR,2024-11-15,13.55570799398972,13.144097593357953,13.317889213562012,20.8735398242204,23.32293060776152,39.026266775051596,37.604030577249034,40.460370812200935
ABR,2024-11-18,13.555707787595015,13.217272535681065,13.519120216369629,20.82252627725944,23.369324317283855,39.0891955839582,37.41787226508754,39.41369173971481
ABR,2024-11-19,13.628883323238044,13.372770317271499,13.491680145263672,20.683830610066398,23.26700205101219,39.070348255414494,37.35609080647247,39.36490179023918
ABR,2024-11-20,13.46424010019877,13.244713787412913,13.36362361907959,20.35745078609875,23.356401526653407,39.05805049274393,37.37679060929884,39.36871064971786
ABR,2024-11-21,13.37276987723246,13.235566703772841,13.263007164001465,20.01868944361261,23.400134620112542,38.887336769015704,37.38098632231492,39.33596919587845
ABR,2024-11-22,13.473385770723374,13.263007450564283,13.336182594299316,19.28175794549101,23.356161204932565,38.86451001036623,37.37970874651778,39.33731844894018
ABR,2024-11-25,13.702058040747422,13.43679793189888,13.500826835632324,19.266224267347383,23.406116803852743,38.907802806501785,37.400476415668905,39.35111151006034
ABR,2024-11-26,13.619736948905473,13.37277018422878,13.574002265930176,19.281466321489432,22.720037025557843,38.8856558224061,37.39585767482617,39.339487235449056
ABR,2024-11-27,13.766087090921756,13.50082697925143,13.53741455078125,19.16016099320103,22.396201764911726,38.88567513505266,37.39800628931505,39.341360248222585
ABR,2024-11-29,13.683764826433238,13.41850471496582,13.41850471496582,19.237232605775382,22.51611477391989,38.83425407160628,37.28020018866014,39.354188311658284
ABR,2024-12-02,13.464239926262815,13.253860727626739,13.30874252319336,18.90506773375589,22.1850478885448,38.588186001614865,37.216738396385914,39.24605430806018
ABR,2024-12-03,13.327035824579891,12.924572523729484,12.933719635009766,19.46560878213668,23.031525467982704,24.904142127577575,37.344476422996884,38.66726301095624
ABR,2024-12-04,13.034335666629477,12.85139779664887,12.924572944641113,18.9436010055513,23.014656274786624,24.291696280868674,37.30111654521148,38.54933756153975
ABR,2024-12-05,13.006894233266653,12.805662155151367,12.805662155151367,19.039624261619124,23.034639979859392,24.02095469325623,37.173992466655676,38.53496915889155
ABR,2024-12-06,13.116657647809667,12.860544635272603,13.089217185974121,20.04965384007573,21.943751488636348,24.09581222160635,37.25599654341269,38.39014768479518
ABR,2024-12-09,13.290447319313712,13.006893868051526,13.070921897888184,19.352067741437025,20.94279427375614,23.462288593804708,37.23705016347179,38.22244390189012
ABR,2024-12-10,13.281302904742295,13.016041893699295,13.171539306640625,19.447839541910376,20.953858683441137,23.4776608911936,37.24448260741555,38.228846398066075
ABR,2024-12-11,13.25386017552643,12.988600064689905,13.061775207519531,19.54166196619949,20.9619446588093,23.31761118053135,37.24908411152121,38.106328505228944
ABR,2024-12-12,13.299594397574236,13.006893836386114,13.052628517150879,19.5287931528973,20.379796748264127,23.27766102842129,36.943066410222585,38.102034194144885
ABR,2024-12-13,13.217272758483887,12.933719294786423,13.217272758483887,18.817524705343228,20.469412231169326,23.097265980882145,36.94388784998209,37.828792946491276
ABR,2024-12-16,13.308742942488157,13.061776163132441,13.180685997009277,18.73577228074137,20.363835699037452,23.106462385059697,36.90547530392333,37.44994203488934
ABR,2024-12-17,13.28130230350635,12.997747953827128,13.006895065307617,18.93350071983144,20.360589815285042,22.18897332885612,36.92130725120927,37.416382124927125
ABR,2024-12-18,13.134950390846415,12.485520341993793,12.586136817932129,20.529245315209653,20.940310121121414,22.808544821496714,37.13693055373026,37.56190911541809
ABR,2024-12-19,12.842250102263234,12.54040241241455,12.54040241241455,20.401321456683245,20.67664685977335,22.814318544667287,37.126831656539444,37.265956573107125
ABR,2024-12-20,12.778221786531258,12.34831716684435,12.586136817932129,20.282329723014595,20.30222672302565,22.788530770475848,37.124347587182314,37.067004429058244
ABR,2024-12-23,12.659311714970283,12.448932528537531,12.650164604187012,18.66373603812423,20.216831053161734,22.490196678747736,37.125816637181636,36.910813603277646
ABR,2024-12-24,12.842250291229295,12.567843058515516,12.83310317993164,19.116640748275344,20.45201718134714,22.53911796908177,37.15749818073222,36.89991370562796
ABR,2024-12-26,12.805661865729508,12.659311583977523,12.732486724853516,19.087115566768677,20.481761656149995,22.566760013156067,36.64927171274144,36.818148131550124
ABR,2024-12-27,12.732487668528316,12.43063997196413,12.494668006896973,19.491968382713498,20.005009500367958,22.52616389764609,36.72016032659442,36.86272668545993
ABR,2024-12-30,12.549549944986328,12.265995595625592,12.531255722045898,19.24230416218675,19.994657911253753,22.204079358531136,36.65183498209033,36.82257955433665
ABR,2024-12-31,12.759928390856627,12.549550059029254,12.66845989227295,19.543893765578815,20.092692948094975,22.09478699972781,36.66840857817776,36.61242349308837
ABR,2025-01-02,12.814810359302236,12.558696466281766,12.60443115234375,18.912287743324505,19.90181214811468,22.11204949263056,36.65564969056519,36.602243862902256
ABR,2025-01-03,12.833102502497223,12.586136616713251,12.787367820739746,19.525567905523456,20.035167801719293,22.099458250049356,36.68335804110275,36.55667110372419
ABR,2025-01-06,12.82395646901991,12.586136817932129,12.586136817932129,19.82743063912192,19.97366327612511,22.209416734316882,36.612787178638484,36.583723530952305
ABR,2025-01-07,12.695899094069889,12.357463851047939,12.476373672485352,19.859740355063728,19.789347454896276,22.24064465147811,36.61117919243917,36.55398815658173
ABR,2025-01-08,12.467227396589285,12.183673053819714,12.339170455932617,19.893322995767544,19.525638865610542,22.15137321725902,36.6186892715,36.56253296879283
ABR,2025-01-10,12.220260166905941,11.808649771277706,11.87267780303955,21.94029449406672,20.742486847102352,22.992837184073757,36.70013295859385,36.7590392401978
ABR,2025-01-13,12.055616265795633,11.62571165783476,12.037322044372559,22.390749169066392,20.991665898691856,22.941010348064715,36.69524841086014,36.710072864957986
ABR,2025-01-14,12.220260446334155,12.0007350132883,12.165379524230957,22.785443680807973,21.05260051315389,22.748441554403705,36.432298944100964,36.713744382582604
ABR,2025-01-15,12.512961664567671,12.275142013675826,12.4672269821167,24.125255107127018,21.707898670539976,22.85796703858292,36.45335073659516,36.742582104802146
ABR,2025-01-16,12.531255406459671,12.348317543245273,12.439786911010742,24.063314513287096,21.480331968381,22.86243580437488,36.413403221964394,36.63222271693811
ABR,2025-01-17,12.67760545483866,12.503814706184208,12.622724533081055,23.19606872811839,21.231203462265608,22.888123997153986,36.40348454448956,36.62864431694886
ABR,2025-01-21,12.750780842316951,12.357464654485128,12.439786911010742,23.537549732202645,21.18399410384531,22.921999944730988,36.43013053752677,36.62482226953321
ABR,2025-01-22,12.46722721274814,12.156232413108247,12.165379524230957,24.21653099126083,21.597913810051196,23.17350203104331,36.52044493738237,36.62843899526548
ABR,2025-01-23,12.183673407480468,11.97329507634835,12.174527168273926,23.178172146058067,21.49833162112191,23.162609314075265,36.47548405500879,36.432497294179804
ABR,2025-01-24,12.3757586735853,12.13793987471022,12.247702598571777,23.304973953123564,21.261135188567064,23.132585166506914,36.175580482801585,36.410475433509845
ABR,2025-01-27,12.476373980317573,12.156232078370497,12.448932647705078,23.751327968301855,21.53858555424531,23.254929938171777,36.222777757094995,36.35268254174709
ABR,2025-01-28,12.430638814681108,12.11049692518876,12.201966285705566,24.263584750084913,21.867845444332897,23.12161380157649,36.30346080869706,36.408454547858604
ABR,2025-01-29,12.330023450943443,12.064763328402867,12.238554954528809,24.307936409016328,21.88501378342452,22.962204699504376,35.80259009599537,36.39400043683694
ABR,2025-01-30,12.38490496551352,12.165379532321667,12.284289360046387,23.97752284953652,21.481387656421933,22.96185696023877,35.73063102724396,36.23627138560779
ABR,2025-01-31,12.421493359940095,12.128792762975944,12.247702598571777,23.977854267034733,21.422402994621546,22.673411535989672,35.39470053108824,36.235755068946816
ABR,2025-02-03,12.40319989757255,11.84523829921697,12.348318099975586,23.942359730469366,21.437760412586552,22.6947477598542,33.35663628294577,35.63797700237987
ABR,2025-02-04,12.576989060459203,12.23855382314664,12.558694839477539,22.624715913537035,21.462074577966757,22.830220474109442,33.24868887554954,35.64649044961306
ABR,2025-02-05,12.66845895855827,12.512961562878553,12.567842483520508,22.600270968017234,21.416468737366163,22.78883175472856,33.036898535033274,35.292679821247425
ABR,2025-02-06,12.695899430223271,12.540402034404615,12.686752319335938,22.741081741391913,21.4560607463824,21.902814863381895,33.048189587560834,35.29073813110859
ABR,2025-02-07,12.705047068350805,12.467227409309999,12.576990127563477,22.8378336538069,20.791279425652455,21.33147006182721,33.06413342068387,35.271355063039856
ABR,2025-02-10,12.723340701337607,12.448933463447085,12.531255722045898,22.43352326550344,20.71763212760148,21.30767589268159,33.06132185447155,35.178831537304845
ABR,2025-02-11,12.586136817932129,12.293435373394663,12.586136817932129,22.378391823215406,20.69843646530762,21.277264066593254,32.95804128649154,35.16118438422979
ABR,2025-02-12,12.531255158124857,12.302582615559379,12.503814697265625,21.77218677931473,20.617356336629726,20.950080566063964,32.88360504886903,35.13158800843372
ABR,2025-02-13,12.595283493922764,12.384904310666885,12.476373672485352,21.76351000596488,20.43829874399744,20.898519519944074,32.863539743812964,35.03345405258439
ABR,2025-02-14,12.613577278498715,12.503814563915858,12.586136817932129,21.67823509876845,20.49586855525091,20.89250939699709,32.861750962971264,34.83650931716847
ABR,2025-02-18,12.67760545483866,12.44893291211008,12.622724533081055,21.6463407780252,20.242461621160057,20.79355011443342,32.80944966004189,34.586728753835466
ABR,2025-02-19,12.695899708026747,12.512961847859666,12.64101791381836,21.220893051901125,20.248501213108334,20.525736674152036,32.630427122593915,34.4675260335647
ABR,2025-02-20,12.787368315324011,12.613577564703599,12.65931224822998,20.71066141703433,20.17768375103736,20.352828580189865,32.57177319213051,33.872718759658
ABR,2025-02-21,13.107510161550636,10.857372292109023,10.976282119750977,46.29521611226933,35.36260950953173,30.195211460955353,36.55056836625752,36.52635263569399
ABR,2025-02-24,11.333011400987486,10.48234927270441,10.683581352233887,46.72807522565454,35.64977085101367,30.387463123946844,36.59461635445345,36.54145455071535
ABR,2025-02-25,11.095191244806653,10.45490833616277,11.031163215637207,46.77594316063043,36.25208959817915,30.87458445261384,36.618316722493546,36.63312015310745
ABR,2025-02-26,11.27813078381851,11.031164868366126,11.214102745056152,46.862927460257225,36.436387174569326,31.01315346238876,36.67085435053959,36.646261725509255
ABR,2025-02-27,11.278129702376287,11.003722477495424,11.076897621154785,46.78310986371935,36.48414558924227,30.759674638810047,36.34086378200481,36.666307367769356
ABR,2025-02-28,11.397039941138903,10.985429525087703,11.287277221679688,46.51918624097303,36.74557070304669,30.92129938477794,36.409482939934676,36.6567555264094
ABR,2025-03-03,11.369599058469957,10.756756576604971,10.957987785339355,47.13625919910911,37.137621733722064,31.221728956957485,36.57255904269675,36.77262759827111
ABR,2025-03-04,11.31471793417596,10.70187541604527,11.223249435424805,47.535436855023306,37.1659561694646,31.420387854029325,36.61229425146056,36.805922956544784
ABR,2025-03-05,11.351304689050371,11.076897467964482,11.259836196899414,47.468399821597366,37.182365883514045,31.380587494389765,36.590607517047104,36.80503828378432
ABR,2025-03-06,11.287276544263463,11.022016436744378,11.241541862487793,47.12689057493951,37.154357943732485,31.253445658684697,36.57214123886989,36.654169372127875
ABR,2025-03-07,11.68703271380788,11.06144959494805,11.592247009277344,48.1041931095546,37.44126572471687,31.582385966344834,36.63159834525055,36.72870357971813
ABR,2025-03-10,12.066173897621667,11.45006952114058,11.6775541305542,48.124208499183105,37.49021698369604,31.4794382813245,36.63664027116143,36.7336387658625
ABR,2025-03-11,11.74390500357596,11.24154200572913,11.421634674072266,48.17288993531414,37.663741306831525,31.571259907442684,36.708695218787476,36.7930928807418
ABR,2025-03-12,11.677555329941042,11.431114096403032,11.620684623718262,48.23132803636297,37.85568271790854,31.710866789943115,36.76729826504178,36.83020177033763
ABR,2025-03-13,11.705990713177185,11.412155739814839,11.431113243103027,48.39832443491131,37.970898241385854,31.763116833879945,36.810312001039456,36.865644433646786
ABR,2025-03-14,11.819732856962464,11.554333238273882,11.762861251831055,49.19707534406375,38.378205383799944,32.1155981500308,36.96660768404665,36.96733299988069
ABR,2025-03-17,11.81973251936194,11.544855060955545,11.592247009277344,49.34385228870562,38.46571948581082,32.09137977550706,36.99571409636362,36.99728642255814
ABR,2025-03-18,11.687033664224836,11.478505639665746,11.639640808105469,49.285800993417354,38.41557319536183,31.909023079582475,36.9991242182239,36.90734357059796
ABR,2025-03-19,11.80077542135667,11.563812055851743,11.668076515197754,48.98218738663556,37.87508438365557,31.82146728643905,36.983737706859195,36.84497393837278
ABR,2025-03-20,11.89556203810499,11.668077406784043,11.715469360351562,49.01042142091448,37.88727105652991,31.828975999152753,36.964533965567725,36.82190292943087
ABR,2025-03-21,11.810254964873893,11.582770335681355,11.630163192749023,48.90134539947156,37.89478173956052,31.802003095043062,36.85101680840236,36.80108520157286
ABR,2025-03-24,11.791296265636696,11.582769161979067,11.592247009277344,48.87079004896939,37.873245587934385,31.681173567861347,36.83062631565386,36.69116344062429
ABR,2025-03-25,11.6301626838391,11.393199312813302,11.469027519226074,48.92498210949494,37.77426383257131,31.699379985296684,36.84834394795644,36.70637654366799
ABR,2025-03-26,11.506941389368999,11.364762827267114,11.47850513458252,48.889659920469,37.75732422222158,31.698092629585556,36.826793597340234,36.69411238310217
ABR,2025-03-27,11.55433376847903,11.345806649296463,11.412156105041504,48.88541440406735,37.59884154116231,31.704013066069393,36.831093646306314,36.697959876474066
ABR,2025-03-28,11.421634598504859,11.099364271133357,11.146757125854492,49.242959252813506,37.85558331771351,31.727685498506332,36.87654614151721,36.76778507690215
ABR,2025-03-31,11.156236060600582,10.758137520722038,11.13727855682373,49.10930580201403,37.76183627490241,31.699537811931442,36.708070434967304,36.53654141939035
ABR,2025-04-01,11.421634939738107,11.15623621089161,11.269978523254395,49.287789090109534,37.864889090865184,31.746862032862104,29.38227213604795,36.54048416668679
ABR,2025-04-02,11.279455849621344,11.089885337784855,11.156235694885254,49.29547438104452,37.74831706437583,31.648858561165266,29.097333328548835,36.528842011103364
ABR,2025-04-03,11.37424254297088,10.919273275144963,11.108843803405762,49.26676779517685,37.64468080969083,31.62684721800875,28.935785923852958,36.51744900350605
ABR,2025-04-04,11.042492877416176,10.502216673439795,10.62543773651123,29.61737817835237,38.6151401980239,32.307110951650216,29.34502395610636,36.78665215923683
ABR,2025-04-07,10.60648010560203,9.544884310255982,9.980896949768066,33.817793320016946,40.49070776822059,33.38288100660813,30.005038706931636,37.30630031136789
ABR,2025-04-08,10.464302187096768,9.478534622513141,9.620712280273438,33.632663563553734,40.42642226771499,33.76120670865508,30.30056913255231,37.4793378152045
ABR,2025-04-09,10.597002047362258,9.156264344031761,10.502216339111328,42.62931857068125,44.415135183948266,36.730366447186526,31.9586455427478,38.50113775539462
ABR,2025-04-10,10.426388169395585,9.649148613302565,9.895589828491211,45.68717349702008,45.847677855873364,37.79642674753642,32.70212624412551,38.9532092924328
ABR,2025-04-11,9.980897182491065,9.51644918068712,9.971419334411621,45.32057888672344,45.537647191928514,37.79143057825985,32.63920588014836,38.62354476498266
ABR,2025-04-14,10.36951688027202,9.886112282828188,10.160989761352539,45.12857667044809,45.771106301979245,37.9418759928386,32.720492313013025,38.66454531591664
ABR,2025-04-15,10.39795269414089,10.123075227299482,10.274731636047363,44.627062752980756,45.718449533399365,37.90091298177558,32.31355440762616,38.63936140769766
ABR,2025-04-16,10.416909497733386,10.123075426002652,10.170467376708984,44.63504891840014,45.681421724113044,37.91917863859326,32.32725184825874,38.65255398275431
ABR,2025-04-17,10.483259748823306,10.189424776148078,10.45482349395752,45.52885954816402,45.940739140598666,38.20854539185249,32.49662368679848,38.73986483782716
ABR,2025-04-21,10.36951643954304,10.037768271392926,10.274731636047363,44.611530283696915,46.03561854478369,38.27365602430641,32.5493680752165,38.77390211143597
ABR,2025-04-22,10.634916305541992,10.360038832323,10.634916305541992,45.88574925150732,46.63419099514808,38.70232364759584,32.70947263460928,38.83445111949834
ABR,2025-04-23,10.938229296788839,10.587523612091331,10.720223426818848,45.62983332928112,46.52323925044486,38.66735591359205,32.698839744507325,38.82667302695585
ABR,2025-04-24,10.833965582518058,10.511695254185687,10.587523460388184,45.344755501902185,46.42695232074874,38.68063594709977,32.72646429278045,38.83110239174383
ABR,2025-04-25,10.767614786829672,10.48325947709055,10.701265335083008,45.332815995510586,46.491591343968906,38.73706538422048,32.64127141950848,38.69660248341119
ABR,2025-04-28,10.966664556778914,10.70126583348799,10.909793853759766,44.86089684708766,46.68602105161443,38.87446225364503,32.61342918734584,38.72093125505363
ABR,2025-04-29,10.99510038620163,10.720222921743764,10.976142883300781,44.776369454523014,46.7145021499834,38.88309131772266,32.550476068156435,38.541260812849664
ABR,2025-04-30,10.97614384930092,10.615959397976722,10.928750991821289,44.74638717872826,46.6703541026087,38.649768956969396,32.55155474477667,38.481035068003855
ABR,2025-05-01,11.09936413162777,10.435866885701781,10.502216339111328,46.030945458686475,47.132560586434586,39.1202278929858,32.8492535418693,38.65567727187713
ABR,2025-05-02,10.824486587946415,9.990375434485873,10.179945945739746,46.65571795037125,47.47735807738715,39.37644335657517,33.02254467898476,38.75289030858454
ABR,2025-05-05,10.20838283339528,9.687063217163086,9.687063217163086,48.44076864357974,48.32508881142281,39.89147813159254,33.51298941416177,39.05042185760965
ABR,2025-05-06,9.9335043710733,9.431142262857637,9.781847953796387,48.65286022704372,48.40427941455281,39.94206356749783,33.46509156746983,39.05358871832371
ABR,2025-05-07,9.92402608342889,9.724976818582688,9.895589828491211,48.879877754734885,48.511770657080625,39.97304342784302,33.498277165287895,39.04586774016157
ABR,2025-05-08,9.99037656421831,9.80080603152741,9.848198890686035,48.849608113738626,48.48110558295995,39.964539607872645,33.45021300205978,38.834568659638244
ABR,2025-05-09,9.905068230156946,9.668104871043413,9.819761276245117,48.853294978191,48.47894188607659,39.96308970987576,33.36823571286012,38.83370352410109
ABR,2025-05-12,10.189424514770508,9.857675448061052,10.189424514770508,49.992550043644776,49.2006622106621,40.38805384805169,33.57731562013011,39.0128235713845
ABR,2025-05-13,10.634915965150606,10.236817443721089,10.51169490814209,50.96196794562006,49.64811862604664,40.74160366163089,33.788412367816115,38.81890421792652
ABR,2025-05-14,10.540131154197727,10.189425456269133,10.236818313598633,51.27225669210597,49.86391913502944,40.8864065225209,33.888715830090995,38.85561054333982
ABR,2025-05-15,10.36003859195392,10.151510577953836,10.274731636047363,51.26641209231012,49.875561928047176,40.603454972336216,33.850781630180734,38.62694664245825
ABR,2025-05-16,10.411208195975867,10.177247761369072,10.303976058959961,51.2894860453989,49.88224068334025,40.60994703156817,33.839496221150675,37.28377346085074
ABR,2025-05-19,10.14800390469642,9.797064617933772,9.914044380187988,50.89600631543229,41.29618137847913,41.01264512757229,34.12976454550756,37.37459579105003
ABR,2025-05-20,9.972533369180367,9.709329147804162,9.758070945739746,47.795412640577105,41.06631258830738,41.05031062018924,34.15076108748188,37.27952162430617
ABR,2025-05-21,9.699580606980588,8.773490164445803,8.851476669311523,54.53999393857182,44.94579249760951,43.634173316984445,35.997809212320895,38.50762944886473
ABR,2025-05-22,8.831980076548552,8.217835683473469,8.695503234863281,47.445810540453046,44.83868960925857,43.686507704208616,35.93926347968766,38.54321792662348
ABR,2025-05-23,9.299899645927633,8.510285112833714,9.241409301757812,48.53180962880239,46.74483394328604,44.80730651110255,36.648356126503586,39.038881402337566
ABR,2025-05-27,9.670336316155977,9.192668720882898,9.611845970153809,49.94135724407058,47.33835711030548,45.299492188042706,36.95671440415346,39.188768629193135
ABR,2025-05-28,9.699580723395428,9.47536975163361,9.543607711791992,49.60096088933281,47.01521226045669,45.2526542584804,36.84856352301915,39.14903051091908
ABR,2025-05-29,9.689831715191607,9.436376048271397,9.5923490524292,49.49186205043908,46.72415510443756,45.26862814864655,36.84828027097962,39.13715455227103
ABR,2025-05-30,9.533859201942825,9.319396775019158,9.338892936706543,49.9531672786107,46.96770599279972,45.34377922085118,36.96188351754398,39.216680707339094
ABR,2025-06-02,9.280403770761632,9.046443316533578,9.212164878845215,49.195127072521025,47.016134689812276,45.3294195152188,36.98177890633501,39.211321573301255
ABR,2025-06-03,9.63134246012492,9.104933097693936,9.475369453430176,49.902553621921584,46.9401356298288,45.59083227889906,36.808116767672125,39.20181879432464
ABR,2025-06-04,9.533859415695158,9.358390237884668,9.416879653930664,48.64751793829101,46.890351810947365,45.574806022641546,36.59107184887305,39.16490277882795
ABR,2025-06-05,9.689832017565083,9.338892747258885,9.660587310791016,49.28737214930026,47.10213368505477,45.427380843700156,36.71932156687052,39.14670929636545
ABR,2025-06-06,10.08951364941329,9.670335505604676,10.001778602600098,50.42260924594313,47.55265313417107,45.733679934503215,36.95234793718949,39.24888274738505
ABR,2025-06-09,10.29422888562433,10.079765532054195,10.15775203704834,50.54539723326139,47.602734426913926,45.774112964323805,36.887531397467946,39.16117185126313
ABR,2025-06-10,10.294228685993778,10.07001679122928,10.177248001098633,50.166408626578516,47.18289211076987,45.58363974436534,36.870142150102126,39.16047162493223
ABR,2025-06-11,10.537937164644973,10.20649404671141,10.235738754272461,50.16167549600097,47.14243271967952,45.60026673071681,36.8643571126661,38.929969024369946
ABR,2025-06-12,10.372215318056185,10.05052075478774,10.264983177185059,50.17997212512581,47.13626114063523,45.52982876044618,36.83008825602969,38.93063502183535
ABR,2025-06-13,10.196744875999823,10.001778621421634,10.099261283874512,49.09446328645911,47.21535183057653,45.542357024868764,36.780051976510855,38.960659746914125
ABR,2025-06-16,10.264983625076583,10.109010609373893,10.118759155273438,48.27536013844935,47.2049416976774,45.430807161354004,36.73409962233607,38.91113595810831
ABR,2025-06-17,10.14800330726265,9.826308747584248,9.87505054473877,46.552870024868916,47.40931510465993,45.5692405434074,36.75608244402842,38.96630747315093
ABR,2025-06-18,10.118758617720705,9.836057309359779,9.972533226013184,46.554338551742305,47.478792325729316,45.59059488577427,36.75696201381785,38.96902545157868
ABR,2025-06-20,10.070016891982513,9.816560288294555,9.865302085876465,46.54998439943323,47.479715146968054,45.51586755341788,36.76833946880231,38.89508638256227
ABR,2025-06-23,10.206493637158646,9.758070777302105,10.177248001098633,47.392099318479,47.9742928343928,45.73330984974989,36.97287777956532,39.02271774592464
ABR,2025-06-24,10.352718052734698,10.196745046464658,10.284480094909668,47.45278196019005,48.035295316489375,45.768779353215244,36.85874150360025,39.02412574777417
ABR,2025-06-25,10.33322185000214,10.167500299092245,10.186996459960938,46.337656207981034,47.84924259593343,45.776821855428615,36.865333820292555,39.033619679460955
ABR,2025-06-26,10.528188295267128,10.177248096632331,10.469697952270508,46.13013737751366,48.213830797846924,46.01111051622495,37.01528216524175,39.1294399209946
ABR,2025-06-27,10.518439515984191,10.235738212075665,10.294228553771973,45.73573196833811,48.24587825002208,46.048093640525,37.02690434552883,39.16169256426416
ABR,2025-06-30,10.479446869777908,10.089514334864473,10.430705070495605,45.88110621653049,48.30422022736472,46.013363018003126,37.04482803345252,39.17858403833263
ABR,2025-07-01,10.898624226943246,10.23573803749595,10.615922927856445,46.145156717713434,48.451092665718875,46.11533647680039,37.055990668970026,39.220943835368885
ABR,2025-07-02,10.781644821166992,10.528188219460713,10.781644821166992,44.75595064912756,47.69200210206623,46.162615587807586,37.0663761635028,39.24195381042669
ABR,2025-07-03,10.840134746741665,10.576930516885247,10.62567138671875,44.71092340304806,45.97498520983666,46.19495949492983,37.03524321181926,39.2525634628338
ABR,2025-07-07,10.606175176042898,10.381963271213301,10.430705070495605,33.846413522211755,45.4839076556808,46.271298553707965,37.054396663359476,39.208986481923716
ABR,2025-07-08,10.83038544830889,10.45020148386032,10.703657150268555,33.602294917775154,42.11188892171342,46.46955382132488,37.19266829938815,39.28365459295574
ABR,2025-07-09,10.82063774566332,10.674412358484265,10.71340560913086,29.475436470787344,40.22460517359826,46.46446495712457,37.17764086927021,39.28250788073583
ABR,2025-07-10,11.0253530218692,10.596426316492419,10.966862678527832,28.195457260817246,40.4589304676727,46.63246166855997,37.28687302228945,39.341420240622504
ABR,2025-07-11,11.005855930864588,10.781644962346359,10.966862678527832,28.017538331562996,40.29981353586988,46.60513843975592,37.245081175511665,39.3409187204223
ABR,2025-07-14,11.113086855430256,10.898624437951797,10.99610710144043,28.02292448633792,40.248656436121315,46.60459364737624,37.15206998084212,39.30684198214015
ABR,2025-07-15,11.103339381150942,10.381962827858263,10.781644821166992,27.40320884353695,40.40957684212996,46.69272695786033,37.17416479305792,39.24145289450562
ABR,2025-07-16,11.132584647195602,10.801141525176599,11.02535343170166,27.283708712969545,40.276674310580574,46.84503589957372,37.2772686416563,34.6151975890719
ABR,2025-07-17,11.19107368676646,10.937618010514193,11.064346313476562,26.46529040972509,40.09931019279256,41.007300820209316,37.26388214125178,34.42965920575466
ABR,2025-07-18,11.142333156713729,10.879127997261042,10.92786979675293,26.757051726471797,39.587951835638364,40.82658743964919,37.22768561953707,34.35195436452272
ABR,2025-07-21,11.113086768200272,10.918120513080913,11.005855560302734,26.04834693445481,39.58121843295335,40.5232569991964,37.23428775630384,34.32286089646681
ABR,2025-07-22,11.717484403213533,11.044849612188461,11.522517204284668,27.348109442530465,40.56267794776822,41.092981587136805,37.644835083112085,34.47084119573603
ABR,2025-07-23,11.853960198519756,11.532265625311464,11.736980438232422,27.46280103500484,40.66942676343416,41.143247475486945,37.712767217881506,34.51675907598218
ABR,2025-07-24,11.912449775076903,11.649244634154304,11.717483520507812,27.515195823420736,40.5050195485345,41.04050771986294,37.62685078437498,34.45287653632533
ABR,2025-07-25,11.824715117673527,11.620000311213447,11.775973320007324,27.51360575938735,40.50005879115647,40.763680592022396,37.62252008593565,34.447977035811135
ABR,2025-07-28,11.775973222744739,11.473775753120691,11.48352336883545,28.8394509212934,40.84413643810947,40.79703970232304,37.71996616905655,34.48339536946825
ABR,2025-07-29,11.522516620711858,11.376292158593442,11.48352336883545,28.237381812564482,39.957664839323066,40.79416761563277,37.66638569478539,34.48339536946825
ABR,2025-07-30,11.551762270577134,11.064346156707591,11.181325912475586,29.626639478128624,39.81100789497196,41.0157415395986,37.781425746617096,34.299944259401116
ABR,2025-07-31,11.181325901808092,10.81088954405996,10.879127502441406,29.88383185397089,38.83890865461823,40.94335700407248,37.89719642144281,34.40311897343177
ABR,2025-08-01,11.356795677466955,10.674413268162386,10.918121337890625,29.818805347137843,38.80655493903794,40.92909716840203,37.76913403645782,34.40299573716205
ABR,2025-08-04,11.200821858348522,10.966862351308658,11.103339195251465,29.78055974338408,38.877807051629524,40.875944093113084,37.81719651794438,34.439389227813635
ABR,2025-08-05,11.542013624594436,11.103339311869206,11.493271827697754,30.063933400412058,39.41875000304328,41.15509802312504,38.04147924984623,34.5404227914355
ABR,2025-08-06,11.483523527077624,11.26906110363833,11.366543769836426,30.312103486476143,39.50298776917099,41.10970509356422,38.03919981828402,34.54212144600693
ABR,2025-08-07,11.561510071315547,11.32755055603564,11.464027404785156,30.097594835408405,38.86666707424749,40.87628725611455,38.02196561047878,34.54982528311378
ABR,2025-08-08,11.571259004016884,11.395788896849908,11.522517204284668,29.27136906260184,38.39530684037069,40.81979345905991,38.02019421705239,34.48089233639466
ABR,2025-08-11,11.71748354557598,11.454278404090285,11.512768745422363,28.677392425340244,37.9528623714252,40.81456507780864,37.973681747215636,34.40336632461843
ABR,2025-08-12,11.805217637809578,11.610251383240486,11.717483520507812,28.833479584429117,38.08722936719693,40.90978719446326,38.03655544070134,34.40181791158297
ABR,2025-08-13,11.883204618601459,11.54201389177163,11.76622486114502,28.539205950205787,38.08913134580062,40.9100336125211,38.02668708027587,34.403046063173626
ABR,2025-08-14,11.717483477320549,11.571258089678349,11.619999885559082,28.664263725301247,37.26240631716121,40.94211297404065,38.04373788568493,34.39976070612699
ABR,2025-08-15,11.6899995803833,11.550000190734863,11.600000381469727,28.23814677140568,37.074730420522144,40.93972150874461,38.03666698807523,34.384401953063204
ABR,2025-08-18,11.579999923706055,11.40999984741211,11.4399995803833,27.963178284240847,30.839831611471286,40.964165135773854,38.036299205323374,34.40581185874592
ABR,2025-08-19,11.5600004196167,11.350000381469727,11.489999771118164,27.12491919863906,30.495455736189143,40.96987877541288,38.0340548207017,34.36345824708368
ABR,2025-08-20,11.630000114440918,11.449999809265137,11.609999656677246,27.2197733447131,28.186056643195258,40.99205183256953,38.05698767558857,34.37893252433019
ABR,2025-08-21,11.510000228881836,11.3100004196167,11.359999656677246,27.380661871706707,27.674952392695662,40.96706331451587,38.125916253288146,34.40781742474163
ABR,2025-08-22,11.9399995803833,11.369999885559082,11.829999923706055,29.65610071659427,28.6526656731527,41.46421813984982,38.42990557897309,34.584334355545366
ABR,2025-08-25,11.949999809265137,11.739999771118164,11.760000228881836,29.757149606656057,28.716840060850895,41.437573895970296,38.29136531151856,34.53209801139197
ABR,2025-08-26,11.84000015258789,11.699999809265137,11.8100004196167,29.023567600070905,28.019909900520407,41.40709018586703,38.29551899294803,34.53459815584198
ABR,2025-08-27,11.904999732971191,11.760000228881836,11.895000457763672,28.473936267299372,27.786082223245028,41.412925242243126,38.292017182851595,34.518168889548704
